Coordinates
version=1
nRows=376
nColumns=38
inDegrees=no

Units are S.I. units (second, meters, Newtons, ...)
If the header above contains a line with 'inDegrees', this indicates whether rotational values are in degrees (yes) or radians (no).

endheader
time	pelvis_tilt	pelvis_list	pelvis_rotation	pelvis_tx	pelvis_ty	pelvis_tz	hip_flexion_r	hip_adduction_r	hip_rotation_r	knee_angle_r	ankle_angle_r	subtalar_angle_r	mtp_angle_r	hip_flexion_l	hip_adduction_l	hip_rotation_l	knee_angle_l	ankle_angle_l	subtalar_angle_l	mtp_angle_l	lumbar_extension	lumbar_bending	lumbar_rotation	arm_flex_r	arm_add_r	arm_rot_r	elbow_flex_r	pro_sup_r	wrist_flex_r	wrist_dev_r	arm_flex_l	arm_add_l	arm_rot_l	elbow_flex_l	pro_sup_l	wrist_flex_l	wrist_dev_l
0	0.0240879	-0.0243395	1.53807	0.438144	0.959772	0.889676	0.433075	-0.0192573	-0.174944	0.138179	0.103607	0	0	-0.0324811	0.0352252	-0.112824	0.211736	0.32134	0	0	-0.0842816	-0.0216776	0.0471347	0.0648212	-0.35987	1.00574	0.506981	0.457586	0	0	0.122015	-0.438619	1.30342	0.643578	0.678218	0	0
0.0099734	0.0234919	-0.026457	1.54077	0.439034	0.959584	0.886152	0.430334	-0.0187858	-0.173909	0.135193	0.091137	0	0	-0.0338271	0.0343373	-0.110711	0.212168	0.320282	0	0	-0.0819301	-0.0213714	0.0475298	0.0630746	-0.358648	1.01272	0.501754	0.449148	0	0	0.124679	-0.43844	1.30058	0.645548	0.680876	0	0
0.0199468	0.0229146	-0.0285727	1.54345	0.439928	0.959404	0.882623	0.427597	-0.0182965	-0.172912	0.132203	0.0785963	0	0	-0.03519	0.0334262	-0.108602	0.21258	0.319175	0	0	-0.0795801	-0.0210536	0.0479503	0.0613365	-0.35743	1.01973	0.496524	0.44065	0	0	0.127335	-0.438243	1.29772	0.647503	0.683521	0	0
0.0299202	0.0223793	-0.030692	1.5461	0.44083	0.95924	0.879081	0.424893	-0.0177706	-0.17202	0.129227	0.0659129	0	0	-0.036581	0.0324617	-0.106504	0.212947	0.31794	0	0	-0.077227	-0.0207118	0.0484345	0.0596203	-0.356226	1.02682	0.491296	0.432024	0	0	0.12997	-0.438	1.29486	0.649419	0.686114	0	0
0.0398936	0.0219075	-0.0328266	1.54869	0.441745	0.959105	0.875521	0.422272	-0.0171963	-0.171328	0.126319	0.0530583	0	0	-0.0380003	0.0314147	-0.104432	0.213254	0.316487	0	0	-0.0748605	-0.0203381	0.0490253	0.0579417	-0.355047	1.03401	0.486084	0.42322	0	0	0.13257	-0.437682	1.29199	0.651278	0.688603	0	0
0.049867	0.0215155	-0.0349908	1.55118	0.442678	0.959008	0.871937	0.419798	-0.0165707	-0.170944	0.123565	0.040074	0	0	-0.039439	0.0302612	-0.102402	0.213492	0.314725	0	0	-0.0724677	-0.0199305	0.0497631	0.056317	-0.353907	1.04133	0.480909	0.414217	0	0	0.135118	-0.437267	1.28913	0.653065	0.69093	0	0
0.0598404	0.0212144	-0.037198	1.55356	0.443637	0.958958	0.868323	0.417538	-0.0159004	-0.170986	0.121076	0.0270784	0	0	-0.0408816	0.0289836	-0.100437	0.213667	0.312576	0	0	-0.0700364	-0.0194921	0.0506806	0.054761	-0.35282	1.04873	0.475805	0.405034	0	0	0.137596	-0.43674	1.2863	0.654779	0.693044	0	0
0.0698138	0.0210098	-0.039458	1.55578	0.444625	0.958964	0.864675	0.415551	-0.0151985	-0.171569	0.118979	0.0142574	0	0	-0.0423098	0.0275705	-0.0985569	0.213796	0.309974	0	0	-0.0675566	-0.0190302	0.0517988	0.0532854	-0.351803	1.05619	0.470816	0.395728	0	0	0.139986	-0.436096	1.28351	0.656426	0.694905	0	0
0.0797872	0.0209032	-0.0417753	1.55784	0.445647	0.959029	0.860991	0.413882	-0.0144815	-0.172794	0.117391	0.00184323	0	0	-0.0437047	0.0260164	-0.0967815	0.213905	0.306872	0	0	-0.0650214	-0.0185535	0.0531231	0.0519019	-0.350873	1.06363	0.46599	0.386377	0	0	0.142265	-0.435339	1.28081	0.658022	0.696494	0	0
0.0897606	0.0208928	-0.0441486	1.5597	0.446707	0.959157	0.857267	0.412548	-0.0137659	-0.174742	0.116411	-0.00991366	0	0	-0.0450491	0.0243193	-0.095128	0.214031	0.303243	0	0	-0.0624278	-0.0180699	0.0546408	0.0506235	-0.350045	1.07099	0.461379	0.37707	0	0	0.144411	-0.434484	1.27821	0.659592	0.697819	0	0
0.099734	0.0209755	-0.0465707	1.56138	0.447806	0.959349	0.853501	0.411543	-0.0130647	-0.177461	0.1161	-0.0207733	0	0	-0.0463294	0.02248	-0.0936089	0.214215	0.29908	0	0	-0.0597768	-0.017584	0.0563218	0.0494625	-0.349334	1.07818	0.457038	0.36791	0	0	0.146395	-0.43355	1.27576	0.661159	0.698906	0	0
0.109707	0.0211471	-0.0490283	1.56288	0.448948	0.959603	0.849691	0.410829	-0.0123847	-0.180968	0.116474	-0.0305332	0	0	-0.047536	0.0204999	-0.0922326	0.214506	0.294392	0	0	-0.0570739	-0.0170941	0.0581195	0.0484293	-0.348757	1.08511	0.453024	0.359017	0	0	0.148193	-0.432559	1.27346	0.662747	0.699798	0	0
0.119681	0.0214038	-0.0515035	1.5642	0.450132	0.959916	0.845836	0.410341	-0.011725	-0.185242	0.117499	-0.0390498	0	0	-0.0486649	0.0183808	-0.0910017	0.214949	0.289205	0	0	-0.054329	-0.0165908	0.0599719	0.0475329	-0.348334	1.09167	0.449399	0.350526	0	0	0.149776	-0.431536	1.27136	0.664373	0.700546	0	0
0.129654	0.0217415	-0.0539746	1.56538	0.451361	0.960282	0.841932	0.409994	-0.0110764	-0.190228	0.119095	-0.0462507	0	0	-0.0497171	0.0161237	-0.0899139	0.215592	0.283555	0	0	-0.0515566	-0.0160556	0.0618038	0.0467806	-0.348083	1.09773	0.446227	0.342587	0	0	0.151117	-0.4305	1.26948	0.666045	0.701209	0	0
0.139628	0.0221562	-0.0564177	1.56643	0.452633	0.960697	0.837977	0.409686	-0.010422	-0.195841	0.121139	-0.0521386	0	0	-0.0506982	0.0137295	-0.0889619	0.216477	0.277492	0	0	-0.0487754	-0.0154605	0.0635297	0.046179	-0.348029	1.10316	0.443573	0.33536	0	0	0.152189	-0.42947	1.26783	0.667762	0.701844	0	0
0.149601	0.0226434	-0.0588081	1.5674	0.453951	0.961152	0.83397	0.409309	-0.00973871	-0.201971	0.123482	-0.0567855	0	0	-0.0516174	0.0111989	-0.0881342	0.217643	0.271068	0	0	-0.0460072	-0.0147686	0.0650573	0.0457341	-0.348195	1.10781	0.441503	0.329009	0	0	0.152962	-0.428455	1.26643	0.669507	0.702506	0	0
0.159574	0.0231979	-0.0611226	1.5683	0.455313	0.961639	0.829909	0.408757	-0.00899862	-0.208491	0.125962	-0.0603201	0	0	-0.0524858	0.00853259	-0.0874164	0.219123	0.264342	0	0	-0.043277	-0.0139358	0.0662932	0.0454513	-0.348607	1.11154	0.440083	0.3237	0	0	0.153411	-0.42746	1.26528	0.671254	0.703243	0	0
0.169548	0.0238138	-0.0633402	1.56918	0.456721	0.962151	0.825791	0.407937	-0.00817071	-0.215261	0.128418	-0.0629109	0	0	-0.0533151	0.00573135	-0.0867934	0.220942	0.257372	0	0	-0.040611	-0.0129137	0.0671506	0.0453318	-0.349294	1.1142	0.439375	0.319603	0	0	0.153513	-0.42648	1.26437	0.672963	0.704091	0	0
0.179521	0.024486	-0.0654436	1.57005	0.458175	0.962679	0.821616	0.406772	-0.00722179	-0.222138	0.130704	-0.064746	0	0	-0.0541161	0.0027953	-0.0862508	0.223122	0.250218	0	0	-0.0380357	-0.0116538	0.0675588	0.0453701	-0.35028	1.11562	0.439436	0.316886	0	0	0.153251	-0.425506	1.26369	0.674589	0.705079	0	0
0.189495	0.0252122	-0.0674194	1.57093	0.459677	0.963213	0.817382	0.405206	-0.00611642	-0.228979	0.132701	-0.0660149	0	0	-0.0548979	-0.00027781	-0.0857777	0.225679	0.242937	0	0	-0.0355743	-0.0101135	0.0674747	0.0455506	-0.351588	1.11567	0.440314	0.3157	0	0	0.152624	-0.424523	1.26324	0.676082	0.706218	0	0
0.199468	0.0259973	-0.0692579	1.57183	0.461224	0.963748	0.813089	0.403209	-0.00481496	-0.235651	0.134323	-0.0668918	0	0	-0.0556679	-0.00349593	-0.0853687	0.228625	0.235584	0	0	-0.0332427	-0.00826389	0.066895	0.0458463	-0.353229	1.11423	0.442032	0.316154	0	0	0.151646	-0.423512	1.26301	0.677398	0.707509	0	0
0.209441	0.0268604	-0.07095	1.57275	0.462815	0.964275	0.808738	0.400769	-0.00326901	-0.242029	0.135523	-0.0675244	0	0	-0.0564346	-0.00687764	-0.0850269	0.231969	0.228212	0	0	-0.0310443	-0.00609879	0.0658689	0.0462186	-0.355197	1.11127	0.444571	0.318272	0	0	0.150351	-0.422461	1.26299	0.678508	0.708942	0	0
0.219415	0.0278246	-0.0724911	1.57365	0.464446	0.96479	0.80433	0.397899	-0.00143106	-0.248001	0.136291	-0.0680227	0	0	-0.0572033	-0.0104441	-0.0847622	0.235719	0.22087	0	0	-0.0289724	-0.00362963	0.0644792	0.0466304	-0.357469	1.10684	0.447875	0.321989	0	0	0.148787	-0.421357	1.26319	0.679392	0.710488	0	0
0.229388	0.0289118	-0.0738823	1.57453	0.466113	0.965288	0.799867	0.394635	0.000738954	-0.253467	0.136658	-0.0684536	0	0	-0.057974	-0.0142139	-0.0845894	0.239879	0.213602	0	0	-0.0270139	-0.000879942	0.0628256	0.0470554	-0.360011	1.10109	0.451855	0.327144	0	0	0.147002	-0.420194	1.2636	0.680038	0.712108	0	0
0.239362	0.0301395	-0.07513	1.57534	0.467816	0.965766	0.79535	0.391033	0.00326995	-0.25835	0.136687	-0.0688406	0	0	-0.0587407	-0.0182017	-0.0845275	0.244454	0.206437	0	0	-0.0251521	0.00212022	0.0610116	0.0474797	-0.362777	1.09421	0.456403	0.333509	0	0	0.145041	-0.418965	1.26419	0.680439	0.71375	0	0
0.249335	0.0315195	-0.0762445	1.57605	0.469551	0.966219	0.790783	0.38716	0.00617797	-0.262592	0.13647	-0.0691694	0	0	-0.0594925	-0.0224166	-0.0845987	0.249449	0.199397	0	0	-0.0233703	0.00533824	0.0591355	0.0478994	-0.365721	1.08643	0.461404	0.340831	0	0	0.142943	-0.417667	1.26495	0.68059	0.715359	0	0
0.259309	0.0330581	-0.077238	1.57662	0.471319	0.966646	0.78617	0.383094	0.009466	-0.266165	0.136113	-0.0693958	0	0	-0.0602153	-0.026863	-0.0848276	0.254869	0.192489	0	0	-0.0216544	0.0087415	0.0572847	0.0483172	-0.368796	1.07798	0.466753	0.348866	0	0	0.140741	-0.416301	1.26581	0.680493	0.716882	0	0
0.269282	0.0347557	-0.0781232	1.57702	0.47312	0.967047	0.781512	0.37891	0.013125	-0.269061	0.135732	-0.0694563	0	0	-0.0608934	-0.0315405	-0.0852398	0.260722	0.185711	0	0	-0.0199944	0.0122993	0.055532	0.0487371	-0.371961	1.06905	0.472357	0.357414	0	0	0.138458	-0.414869	1.26674	0.680151	0.718265	0	0
0.279255	0.036607	-0.0789122	1.57722	0.474955	0.96742	0.776815	0.374676	0.0171345	-0.271299	0.135438	-0.069278	0	0	-0.0615116	-0.0364435	-0.0858596	0.267012	0.179049	0	0	-0.0183845	0.0159821	0.0539332	0.0491649	-0.37518	1.0598	0.478141	0.36632	0	0	0.136116	-0.413378	1.2677	0.679572	0.719462	0	0
0.289229	0.0386019	-0.0796159	1.5772	0.476824	0.967765	0.77208	0.370451	0.0214653	-0.272913	0.13533	-0.0687889	0	0	-0.0620564	-0.0415626	-0.0867081	0.273742	0.172482	0	0	-0.0168227	0.0197624	0.052525	0.0496067	-0.37842	1.05036	0.484045	0.375471	0	0	0.13373	-0.411837	1.26862	0.678768	0.720428	0	0
0.299202	0.0407265	-0.0802434	1.57694	0.478728	0.968085	0.767312	0.366279	0.0260806	-0.273957	0.135487	-0.0679253	0	0	-0.0625163	-0.0468851	-0.0878017	0.280914	0.165975	0	0	-0.0153096	0.0236138	0.0513236	0.0500701	-0.381653	1.04082	0.490022	0.384788	0	0	0.131312	-0.410259	1.26947	0.677755	0.721122	0	0
0.309176	0.042964	-0.080802	1.57645	0.480667	0.968379	0.762513	0.362185	0.0309395	-0.274499	0.135964	-0.0666388	0	0	-0.0628822	-0.0523967	-0.0891514	0.288522	0.159488	0	0	-0.0138474	0.0275121	0.0503256	0.0505642	-0.384852	1.0313	0.496035	0.394214	0	0	0.128871	-0.408662	1.27023	0.67655	0.721506	0	0
0.319149	0.0452968	-0.0812976	1.57572	0.48264	0.968649	0.757685	0.35818	0.0359989	-0.274615	0.136786	-0.0648991	0	0	-0.0631458	-0.0580831	-0.090763	0.29656	0.152972	0	0	-0.0124386	0.0314349	0.0495088	0.0510982	-0.387993	1.02185	0.502054	0.403704	0	0	0.126417	-0.407064	1.27087	0.675173	0.721551	0	0
0.329122	0.0477074	-0.081735	1.57479	0.484645	0.968899	0.752832	0.354257	0.0412165	-0.274388	0.137949	-0.0626953	0	0	-0.0632989	-0.0639321	-0.0926386	0.305019	0.14637	0	0	-0.0110849	0.0353632	0.0488352	0.0516803	-0.391057	1.01254	0.508061	0.413225	0	0	0.12396	-0.405485	1.27139	0.673644	0.721231	0	0
0.339096	0.0501802	-0.0821189	1.57369	0.486681	0.969128	0.747955	0.350395	0.0465526	-0.273904	0.139423	-0.0600348	0	0	-0.0633309	-0.0699348	-0.0947769	0.313888	0.13962	0	0	-0.0097858	0.0392815	0.048254	0.0523159	-0.394026	1.00342	0.514041	0.422753	0	0	0.121513	-0.403944	1.27182	0.671982	0.72053	0	0
0.349069	0.052702	-0.0824548	1.57245	0.488744	0.96934	0.743056	0.346565	0.0519717	-0.273247	0.141155	-0.0569401	0	0	-0.0632268	-0.0760869	-0.0971744	0.32316	0.132651	0	0	-0.00853724	0.0431786	0.0477055	0.0530066	-0.396886	0.994525	0.519989	0.432266	0	0	0.119093	-0.402461	1.27218	0.670203	0.719439	0	0
0.359043	0.0552635	-0.0827502	1.57113	0.49083	0.969536	0.73814	0.342733	0.0574441	-0.272499	0.143075	-0.053445	0	0	-0.0629642	-0.0823899	-0.0998262	0.332828	0.125389	0	0	-0.00733065	0.0470481	0.0471254	0.0537488	-0.399626	0.985878	0.525902	0.44175	0	0	0.11672	-0.401051	1.27255	0.668321	0.717954	0	0
0.369016	0.0578594	-0.0830154	1.56978	0.492932	0.969716	0.733208	0.338865	0.0629458	-0.271735	0.145103	-0.0495903	0	0	-0.0625116	-0.0888511	-0.102726	0.34289	0.11775	0	0	-0.00615222	0.0508888	0.0464488	0.054533	-0.402239	0.977486	0.531784	0.45119	0	0	0.11442	-0.399724	1.27299	0.666345	0.71608	0	0
0.378989	0.0604886	-0.0832646	1.56847	0.495047	0.969881	0.728265	0.334932	0.0684595	-0.271023	0.147154	-0.0454195	0	0	-0.0618256	-0.0954842	-0.105863	0.353355	0.109644	0	0	-0.00498293	0.0547049	0.0456154	0.0553421	-0.404721	0.969341	0.537644	0.460581	0	0	0.112224	-0.398489	1.27358	0.664282	0.713826	0	0
0.388963	0.0631549	-0.0835159	1.56724	0.497167	0.97003	0.723316	0.330915	0.073974	-0.270423	0.149148	-0.0409754	0	0	-0.0608501	-0.102308	-0.109225	0.364238	0.100974	0	0	-0.0037993	0.0585056	0.0445735	0.0561511	-0.407076	0.961418	0.543496	0.46992	0	0	0.110172	-0.397348	1.27443	0.662139	0.711211	0	0
0.398936	0.0658663	-0.0837916	1.56616	0.499285	0.97016	0.718367	0.326809	0.0794838	-0.269985	0.151016	-0.0362968	0	0	-0.0595154	-0.109347	-0.112789	0.375569	0.0916359	0	0	-0.00257526	0.0623055	0.0432854	0.0569245	-0.40931	0.953672	0.549362	0.479212	0	0	0.108308	-0.3963	1.27564	0.65992	0.708256	0	0
0.40891	0.0686355	-0.0841168	1.56529	0.501395	0.97027	0.713424	0.322621	0.084989	-0.269751	0.152703	-0.0314171	0	0	-0.057739	-0.116627	-0.116523	0.387391	0.0815192	0	0	-0.0012852	0.0661242	0.0417322	0.057615	-0.41144	0.94603	0.555272	0.488471	0	0	0.106689	-0.395336	1.2773	0.65763	0.704992	0	0
0.418883	0.0714777	-0.0845191	1.56468	0.50349	0.970356	0.708496	0.318377	0.0904931	-0.269754	0.154175	-0.0263627	0	0	-0.0554263	-0.124176	-0.120379	0.399759	0.0705108	0	0	9.61918e-05	0.0699848	0.0399112	0.058166	-0.413487	0.938397	0.561266	0.497726	0	0	0.105375	-0.394446	1.2795	0.655275	0.701458	0	0
0.428856	0.0744096	-0.0850278	1.56436	0.505562	0.970412	0.703591	0.314115	0.0960013	-0.270016	0.155419	-0.0211531	0	0	-0.0524729	-0.13202	-0.124289	0.412745	0.0584967	0	0	0.00159373	0.0739115	0.037832	0.0585178	-0.415475	0.930666	0.567385	0.507014	0	0	0.104427	-0.393616	1.28231	0.652865	0.697701	0	0
0.43883	0.0774471	-0.0856721	1.56438	0.507604	0.970434	0.69872	0.30989	0.101518	-0.270555	0.156443	-0.0158015	0	0	-0.0487671	-0.140175	-0.128162	0.426431	0.0453669	0	0	0.00323091	0.0779268	0.0355131	0.0586126	-0.41743	0.922732	0.573668	0.516379	0	0	0.103902	-0.39283	1.28578	0.650414	0.693779	0	0
0.448803	0.0806033	-0.0864798	1.56478	0.509609	0.970417	0.693893	0.305768	0.107046	-0.271378	0.157278	-0.0103152	0	0	-0.044195	-0.148649	-0.131882	0.440906	0.0310219	0	0	0.00502828	0.0820488	0.0329773	0.0584015	-0.419375	0.914505	0.580144	0.525862	0	0	0.103849	-0.392078	1.28989	0.647939	0.689764	0	0
0.458777	0.0838863	-0.0874741	1.56557	0.511571	0.970354	0.689121	0.301818	0.112582	-0.272487	0.157972	-0.00469695	0	0	-0.0386454	-0.157433	-0.135307	0.456268	0.0153809	0	0	0.00700143	0.0862888	0.0302472	0.0578511	-0.421328	0.905928	0.586826	0.535494	0	0	0.104304	-0.391349	1.29461	0.645469	0.685744	0	0
0.46875	0.087297	-0.0886712	1.56679	0.513485	0.970242	0.684415	0.298113	0.118115	-0.273879	0.158587	0.00105343	0	0	-0.0320168	-0.166503	-0.138274	0.472611	-0.0016085	0	0	0.00915872	0.0906478	0.0273408	0.0569514	-0.423301	0.89699	0.593707	0.545275	0	0	0.105282	-0.390641	1.29985	0.643039	0.681827	0	0
0.478723	0.090827	-0.0900779	1.56843	0.515344	0.970078	0.679784	0.294717	0.123629	-0.275544	0.159195	0.00693748	0	0	-0.0242239	-0.175808	-0.1406	0.490025	-0.0199591	0	0	0.0114991	0.0951145	0.0242668	0.0557224	-0.425296	0.887747	0.60075	0.555167	0	0	0.106782	-0.389956	1.30544	0.640694	0.678143	0	0
0.488697	0.094457	-0.091689	1.5705	0.517146	0.969861	0.675241	0.291684	0.129095	-0.277466	0.159871	0.0129562	0	0	-0.015204	-0.185277	-0.142096	0.508586	-0.0396334	0	0	0.0140106	0.0996633	0.0210219	0.0542187	-0.427303	0.878328	0.607885	0.565086	0	0	0.108774	-0.389308	1.31117	0.638489	0.674837	0	0
0.49867	0.0981556	-0.0934865	1.57299	0.518885	0.969591	0.670792	0.289049	0.134474	-0.279626	0.160686	0.0191082	0	0	-0.00492277	-0.194812	-0.142574	0.528349	-0.0605322	0	0	0.0166687	0.104253	0.01759	0.0525295	-0.429299	0.868934	0.615009	0.574903	0	0	0.111209	-0.38872	1.3168	0.636488	0.672068	0	0
0.508644	0.101881	-0.0954395	1.5759	0.520561	0.969272	0.666447	0.286826	0.139721	-0.282003	0.161704	0.0253885	0	0	0.00662474	-0.204299	-0.141868	0.549351	-0.0824912	0	0	0.019438	0.108829	0.0139442	0.0507714	-0.431253	0.859821	0.621993	0.584465	0	0	0.114017	-0.388221	1.32205	0.634762	0.669983	0	0
0.518617	0.105582	-0.097505	1.5792	0.522171	0.968912	0.662213	0.285006	0.144783	-0.28457	0.162971	0.0317869	0	0	0.0194105	-0.213606	-0.139842	0.571594	-0.105273	0	0	0.0222714	0.113326	0.0100491	0.0490841	-0.43312	0.851285	0.628682	0.593604	0	0	0.117116	-0.387847	1.3266	0.633385	0.668711	0	0
0.52859	0.109198	-0.0996287	1.58285	0.523716	0.968518	0.658094	0.283554	0.1496	-0.287299	0.164518	0.0382859	0	0	0.0333715	-0.222586	-0.136403	0.595048	-0.128562	0	0	0.0251111	0.117664	0.00586606	0.047624	-0.434849	0.843654	0.634903	0.602136	0	0	0.12041	-0.387642	1.33018	0.632433	0.668355	0	0
0.538564	0.112659	-0.101746	1.58683	0.525197	0.968102	0.654094	0.282407	0.154113	-0.290158	0.166352	0.04486	0	0	0.04841	-0.231089	-0.13151	0.619644	-0.151962	0	0	0.0278881	0.121758	0.00135922	0.046555	-0.436382	0.83727	0.640471	0.609873	0	0	0.123801	-0.387653	1.33248	0.631988	0.668988	0	0
0.548537	0.115896	-0.103787	1.59108	0.526617	0.96768	0.650215	0.281482	0.15826	-0.293109	0.168456	0.0514749	0	0	0.0643959	-0.238965	-0.125183	0.645271	-0.175004	0	0	0.0305234	0.125518	-0.0034928	0.0460335	-0.437659	0.832462	0.645204	0.61662	0	0	0.127195	-0.387928	1.33326	0.632133	0.670654	0	0
0.558511	0.11884	-0.105675	1.59555	0.527977	0.967266	0.646457	0.280673	0.161992	-0.296115	0.170791	0.0580879	0	0	0.0811722	-0.246077	-0.1175	0.671776	-0.197152	0	0	0.0329278	0.128859	-0.00867929	0.0461816	-0.43863	0.829486	0.648946	0.622213	0	0	0.130516	-0.388512	1.3323	0.63295	0.673364	0	0
0.568484	0.121433	-0.107339	1.60017	0.52928	0.966875	0.642818	0.279862	0.16527	-0.299135	0.173298	0.0646494	0	0	0.0985614	-0.252312	-0.108601	0.698973	-0.217823	0	0	0.0350019	0.131715	-0.0141356	0.0470568	-0.439264	0.828471	0.6516	0.626546	0	0	0.133729	-0.389432	1.3295	0.634516	0.677102	0	0
0.578457	0.12364	-0.108708	1.60489	0.530529	0.966522	0.639294	0.278927	0.16808	-0.302128	0.175899	0.0711049	0	0	0.116375	-0.257595	-0.098682	0.726641	-0.236403	0	0	0.036635	0.134046	-0.0197167	0.048614	-0.439566	0.829338	0.653159	0.629599	0	0	0.136855	-0.390694	1.32484	0.6369	0.681821	0	0
0.588431	0.125459	-0.109728	1.60961	0.531721	0.966218	0.635878	0.277746	0.170444	-0.305058	0.178508	0.0773984	0	0	0.134425	-0.261904	-0.0879842	0.754545	-0.25227	0	0	0.0377055	0.135866	-0.0251656	0.0506624	-0.43959	0.831719	0.65375	0.631483	0	0	0.140002	-0.392262	1.31848	0.640153	0.68745	0	0
0.598404	0.126933	-0.11036	1.61427	0.532853	0.965969	0.632561	0.276215	0.172428	-0.307893	0.181033	0.0834753	0	0	0.152537	-0.265288	-0.0767874	0.782438	-0.264823	0	0	0.0380819	0.137257	-0.0300787	0.0528145	-0.439468	0.834858	0.653686	0.632475	0	0	0.143388	-0.394044	1.31079	0.644303	0.693887	0	0
0.608378	0.12808	-0.110583	1.61877	0.533924	0.965779	0.629333	0.274247	0.174075	-0.310598	0.183381	0.0892889	0	0	0.170543	-0.267782	-0.0653753	0.810028	-0.273548	0	0	0.0376965	0.138259	-0.0341893	0.0548064	-0.439271	0.83824	0.653164	0.632849	0	0	0.147116	-0.395983	1.30201	0.64938	0.70104	0	0
0.618351	0.128898	-0.110397	1.62306	0.534941	0.965654	0.626182	0.271778	0.175409	-0.313136	0.185472	0.0948009	0	0	0.188288	-0.269415	-0.0540237	0.836989	-0.278045	0	0	0.0365326	0.138886	-0.0373438	0.0564879	-0.439022	0.841583	0.652286	0.632796	0	0	0.151196	-0.398059	1.29227	0.655416	0.70884	0	0
0.628324	0.12937	-0.109814	1.62706	0.53591	0.965598	0.6231	0.268764	0.176442	-0.315466	0.187233	0.0999832	0	0	0.205627	-0.270217	-0.0429904	0.862966	-0.278049	0	0	0.0346133	0.139127	-0.0394752	0.0577989	-0.438713	0.844803	0.651083	0.632412	0	0	0.15556	-0.400269	1.28162	0.662442	0.717257	0	0
0.638298	0.129475	-0.10886	1.63072	0.536842	0.965615	0.620077	0.265185	0.177175	-0.317548	0.188611	0.104818	0	0	0.222434	-0.270219	-0.0325054	0.887599	-0.273446	0	0	0.0319928	0.138961	-0.0405774	0.0587436	-0.438319	0.847956	0.64954	0.631706	0	0	0.160097	-0.402624	1.27005	0.670479	0.726297	0	0
0.648271	0.129192	-0.107573	1.63398	0.537747	0.965704	0.617104	0.261045	0.17761	-0.319344	0.189571	0.109301	0	0	0.2386	-0.269457	-0.0227644	0.910529	-0.264278	0	0	0.0287486	0.138362	-0.0406846	0.059367	-0.437803	0.85119	0.647619	0.63062	0	0	0.164667	-0.405135	1.25754	0.679528	0.735995	0	0
0.658245	0.128507	-0.106	1.6368	0.538633	0.965866	0.614174	0.25637	0.177745	-0.320814	0.190098	0.113436	0	0	0.25404	-0.267975	-0.013924	0.931415	-0.250738	0	0	0.0249752	0.137308	-0.0398558	0.0597351	-0.43713	0.854698	0.645272	0.629056	0	0	0.169124	-0.407809	1.24408	0.689571	0.7464	0	0
0.668218	0.127411	-0.104197	1.63915	0.53951	0.966095	0.611279	0.25121	0.177583	-0.321926	0.190199	0.117238	0	0	0.268693	-0.265826	-0.00609923	0.949945	-0.233168	0	0	0.020778	0.135787	-0.0381625	0.0599199	-0.436271	0.85868	0.642462	0.626896	0	0	0.173328	-0.410644	1.22967	0.700558	0.757561	0	0
0.678191	0.125909	-0.102227	1.64098	0.540383	0.966385	0.608413	0.245632	0.17713	-0.322653	0.189898	0.120731	0	0	0.28252	-0.263069	0.000636298	0.965848	-0.212033	0	0	0.0162691	0.133798	-0.0356814	0.0599881	-0.435207	0.86332	0.639164	0.62403	0	0	0.177157	-0.413624	1.21438	0.712412	0.769509	0	0
0.688165	0.124018	-0.100154	1.6423	0.541257	0.966729	0.605572	0.239717	0.1764	-0.322974	0.189233	0.123945	0	0	0.295512	-0.259775	0.00624848	0.978905	-0.1879	0	0	0.0115619	0.131356	-0.0324924	0.0599968	-0.43393	0.868764	0.635375	0.62037	0	0	0.180509	-0.416722	1.19829	0.725028	0.782256	0	0
0.698138	0.121771	-0.0980445	1.6431	0.542135	0.967114	0.602751	0.23356	0.175416	-0.322883	0.188254	0.126915	0	0	0.307683	-0.256023	0.0107387	0.988951	-0.161407	0	0	0.00676736	0.128497	-0.028677	0.0599899	-0.432442	0.87511	0.631111	0.615862	0	0	0.183308	-0.419899	1.18154	0.738278	0.795795	0	0
0.708112	0.11921	-0.0959633	1.64339	0.543017	0.967529	0.599948	0.227257	0.17421	-0.322382	0.187017	0.129675	0	0	0.31907	-0.251903	0.0141383	0.995887	-0.133233	0	0	0.00199016	0.12527	-0.024318	0.059997	-0.430758	0.882407	0.626409	0.6105	0	0	0.185499	-0.423109	1.16428	0.752018	0.810086	0	0
0.718085	0.116394	-0.0939711	1.6432	0.543902	0.96796	0.59716	0.220907	0.172821	-0.321488	0.18558	0.132262	0	0	0.329732	-0.24751	0.0165026	0.999675	-0.10406	0	0	-0.002674	0.121744	-0.0194989	0.0600335	-0.428904	0.890644	0.621324	0.604325	0	0	0.187057	-0.426301	1.14668	0.766087	0.825055	0	0
0.728059	0.113391	-0.0921226	1.64257	0.544786	0.968392	0.594386	0.214606	0.171298	-0.32023	0.183997	0.13471	0	0	0.339746	-0.24295	0.017904	1.00034	-0.0745483	0	0	-0.0071416	0.118	-0.0143075	0.0601063	-0.426909	0.899773	0.615923	0.59742	0	0	0.187971	-0.429419	1.12894	0.780319	0.840603	0	0
0.738032	0.110275	-0.0904645	1.64154	0.545666	0.968814	0.591626	0.208438	0.169697	-0.318653	0.182317	0.137051	0	0	0.349203	-0.238329	0.0184261	0.997956	-0.0453032	0	0	-0.0113434	0.114132	-0.0088357	0.0602166	-0.424809	0.909707	0.61028	0.589902	0	0	0.188245	-0.432415	1.11121	0.794553	0.856617	0	0
0.748005	0.107127	-0.0890337	1.6402	0.546536	0.96921	0.588881	0.202477	0.168076	-0.316811	0.180583	0.139314	0	0	0.3582	-0.233757	0.0181576	0.99266	-0.0168567	0	0	-0.0152259	0.110235	-0.00317959	0.0603635	-0.422641	0.920337	0.604467	0.581908	0	0	0.187896	-0.435241	1.09367	0.808628	0.87297	0	0
0.757979	0.104024	-0.0878568	1.63859	0.547389	0.96957	0.586151	0.196781	0.166496	-0.314768	0.178826	0.141524	0	0	0.366838	-0.229338	0.0171873	0.98462	0.0103483	0	0	-0.0187526	0.106408	0.00256249	0.0605468	-0.42044	0.931543	0.598556	0.573584	0	0	0.186947	-0.437861	1.07645	0.822395	0.889522	0	0
0.767952	0.101041	-0.0869488	1.63681	0.54822	0.969884	0.583437	0.191391	0.165014	-0.312592	0.177071	0.143704	0	0	0.375213	-0.22517	0.0156002	0.974035	0.0359656	0	0	-0.021904	0.102745	0.00829167	0.0607691	-0.418235	0.943199	0.592609	0.565074	0	0	0.185425	-0.440244	1.05967	0.835718	0.90613	0	0
0.777926	0.0982452	-0.0863128	1.63491	0.549023	0.970144	0.58074	0.186332	0.163683	-0.310355	0.175332	0.145873	0	0	0.383411	-0.221335	0.0134742	0.961124	0.0597455	0	0	-0.0246779	0.0993268	0.013911	0.0610389	-0.416052	0.955193	0.586675	0.556504	0	0	0.183361	-0.442369	1.04341	0.848472	0.922646	0	0
0.787899	0.09569	-0.0859406	1.63298	0.549791	0.970346	0.578061	0.18161	0.162545	-0.308125	0.173618	0.148048	0	0	0.391501	-0.217899	0.0108777	0.946109	0.0815291	0	0	-0.027088	0.0962216	0.0193277	0.0613725	-0.413907	0.967432	0.58079	0.547969	0	0	0.180784	-0.444228	1.02774	0.860549	0.938927	0	0
0.797872	0.0934155	-0.0858131	1.63108	0.550521	0.970487	0.575399	0.177214	0.161632	-0.305963	0.171936	0.150244	0	0	0.399532	-0.21491	0.00786748	0.929211	0.101237	0	0	-0.0291628	0.0934785	0.0244592	0.0617902	-0.411807	0.979841	0.574973	0.539537	0	0	0.177724	-0.445819	1.01272	0.871853	0.954823	0	0
0.807846	0.0914446	-0.0859014	1.62925	0.551207	0.970569	0.572753	0.173122	0.160959	-0.303921	0.170289	0.152474	0	0	0.40753	-0.21239	0.0044876	0.910639	0.118857	0	0	-0.0309432	0.0911259	0.0292358	0.0623155	-0.409753	0.992364	0.569231	0.531251	0	0	0.174217	-0.447149	0.998387	0.882297	0.970169	0	0
0.817819	0.0897836	-0.0861683	1.62755	0.551847	0.970594	0.570123	0.169295	0.16053	-0.302036	0.168681	0.154748	0	0	0.415493	-0.210342	0.000768352	0.890578	0.134427	0	0	-0.0324805	0.0891702	0.0336027	0.0629747	-0.407736	1.00497	0.563559	0.523123	0	0	0.170298	-0.448231	0.984795	0.891806	0.984793	0	0
0.827793	0.0884212	-0.0865703	1.62599	0.55244	0.970568	0.567506	0.165688	0.160333	-0.30033	0.167119	0.157077	0	0	0.423397	-0.208743	-0.00327404	0.869193	0.148021	0	0	-0.0338328	0.0875969	0.0375212	0.0637961	-0.405739	1.01764	0.557938	0.515141	0	0	0.166005	-0.449085	0.971985	0.900314	0.998522	0	0
0.837766	0.0873314	-0.0870604	1.62459	0.552986	0.970497	0.564897	0.16225	0.160341	-0.298809	0.165612	0.159469	0	0	0.431192	-0.207554	-0.00763693	0.846622	0.159735	0	0	-0.0350615	0.0863718	0.0409683	0.0648091	-0.403738	1.03038	0.552343	0.507266	0	0	0.161377	-0.449733	0.960003	0.90776	1.01118	0	0
0.847739	0.0864752	-0.0875905	1.62335	0.553485	0.970391	0.562293	0.158928	0.160516	-0.297466	0.164174	0.161931	0	0	0.438811	-0.206717	-0.0123297	0.822976	0.169678	0	0	-0.0362282	0.0854448	0.0439364	0.0660428	-0.401708	1.04324	0.546742	0.499443	0	0	0.156453	-0.450202	0.948901	0.914093	1.02262	0	0
0.857713	0.0858044	-0.0881142	1.62226	0.553939	0.970258	0.559689	0.155669	0.160814	-0.296281	0.162822	0.16447	0	0	0.446176	-0.206162	-0.017371	0.798346	0.177959	0	0	-0.0373904	0.0847541	0.0464311	0.0675242	-0.399619	1.05625	0.5411	0.491602	0	0	0.151274	-0.450516	0.938738	0.919263	1.03268	0	0
0.867686	0.0852659	-0.0885896	1.62129	0.554351	0.970105	0.557079	0.152426	0.161182	-0.295223	0.161576	0.167094	0	0	0.453198	-0.205811	-0.0227845	0.772804	0.184689	0	0	-0.0385982	0.0842316	0.0484694	0.0692764	-0.397441	1.06946	0.535384	0.483671	0	0	0.145882	-0.450703	0.929582	0.923227	1.04124	0	0
0.87766	0.0848053	-0.088982	1.62041	0.554723	0.969942	0.554457	0.14916	0.161569	-0.294258	0.160459	0.169809	0	0	0.459796	-0.205584	-0.0285926	0.746409	0.189971	0	0	-0.0398914	0.0838081	0.0500768	0.0713171	-0.395147	1.08294	0.529566	0.475581	0	0	0.14032	-0.450783	0.92151	0.925946	1.04818	0	0
0.887633	0.0843716	-0.0892653	1.61961	0.555057	0.969774	0.551818	0.145841	0.161925	-0.293348	0.159491	0.172622	0	0	0.465892	-0.205396	-0.0348102	0.719215	0.193906	0	0	-0.0412971	0.0834183	0.0512848	0.0736575	-0.392716	1.09673	0.523625	0.467272	0	0	0.134632	-0.450773	0.914607	0.927383	1.05341	0	0
0.897606	0.0839197	-0.0894239	1.61884	0.555358	0.969605	0.549156	0.14245	0.162206	-0.292459	0.158694	0.175539	0	0	0.471425	-0.205168	-0.0414358	0.691277	0.196588	0	0	-0.0428283	0.0830052	0.052127	0.0763015	-0.390133	1.11089	0.517551	0.458698	0	0	0.128862	-0.450685	0.908963	0.927505	1.05688	0	0
0.90758	0.0834133	-0.0894527	1.61809	0.555625	0.96944	0.546468	0.138978	0.162374	-0.291559	0.158085	0.178565	0	0	0.476352	-0.204825	-0.0484433	0.662653	0.198111	0	0	-0.044483	0.0825233	0.0526373	0.0792469	-0.387388	1.12544	0.511344	0.449829	0	0	0.123053	-0.450524	0.904671	0.926284	1.05853	0	0
0.917553	0.082826	-0.0893571	1.61733	0.555862	0.969279	0.543747	0.13543	0.162402	-0.290623	0.157676	0.181707	0	0	0.480652	-0.204298	-0.0557741	0.633412	0.198565	0	0	-0.0462448	0.0819403	0.0528468	0.082486	-0.384483	1.14041	0.505015	0.440651	0	0	0.117247	-0.450285	0.901824	0.923695	1.05832	0	0
0.927527	0.0821415	-0.0891517	1.61653	0.556068	0.969122	0.540993	0.131818	0.162269	-0.289636	0.157477	0.184969	0	0	0.484324	-0.203523	-0.0633301	0.603633	0.198042	0	0	-0.0480845	0.0812375	0.0527815	0.0860086	-0.381424	1.15584	0.498584	0.43116	0	0	0.111479	-0.449957	0.900506	0.919722	1.05625	0	0
0.9375	0.0813524	-0.0888586	1.6157	0.556242	0.968966	0.538201	0.12816	0.161967	-0.288586	0.157488	0.188355	0	0	0.487386	-0.202442	-0.0709694	0.573404	0.196632	0	0	-0.0499617	0.0804089	0.0524613	0.0898041	-0.378226	1.17173	0.492077	0.421355	0	0	0.10578	-0.449525	0.900792	0.914353	1.05231	0	0
0.947473	0.0804596	-0.0885052	1.61482	0.556386	0.968809	0.53537	0.124481	0.16149	-0.287473	0.157708	0.191865	0	0	0.489871	-0.201007	-0.0785044	0.542822	0.194426	0	0	-0.0518288	0.0794594	0.0519008	0.0938606	-0.374911	1.18809	0.48553	0.411249	0	0	0.100173	-0.448962	0.902743	0.907589	1.04649	0	0
0.957447	0.07947	-0.0881214	1.61389	0.556496	0.968646	0.532499	0.120805	0.160842	-0.286301	0.158126	0.195501	0	0	0.491822	-0.199176	-0.0857043	0.511992	0.191511	0	0	-0.0536343	0.0784032	0.0511093	0.0981647	-0.371505	1.20493	0.478988	0.400873	0	0	0.0946716	-0.44824	0.9064	0.899438	1.03881	0	0
0.96742	0.0783938	-0.087737	1.6129	0.556571	0.968475	0.529588	0.117157	0.160028	-0.285075	0.15873	0.199259	0	0	0.493284	-0.196916	-0.0923028	0.481019	0.18797	0	0	-0.0553263	0.0772597	0.0500924	0.102703	-0.368041	1.2222	0.472503	0.390272	0	0	0.0892819	-0.447326	0.911782	0.88992	1.02927	0	0
0.977394	0.0772433	-0.087379	1.61186	0.55661	0.968291	0.526636	0.113557	0.159057	-0.283807	0.159504	0.203137	0	0	0.494303	-0.194205	-0.0980094	0.450009	0.183877	0	0	-0.0568564	0.0760507	0.0488528	0.107464	-0.364555	1.23986	0.466134	0.3795	0	0	0.0839981	-0.446184	0.918883	0.879071	1.01791	0	0
0.987367	0.0760301	-0.0870698	1.61076	0.556611	0.968091	0.523641	0.110018	0.157937	-0.282506	0.160431	0.207129	0	0	0.494912	-0.191033	-0.102526	0.419063	0.179297	0	0	-0.0581825	0.074798	0.0473921	0.112436	-0.361085	1.25784	0.459942	0.368621	0	0	0.0788033	-0.44478	0.927667	0.86694	1.00476	0	0
0.99734	0.0747653	-0.0868257	1.60961	0.556573	0.967874	0.520605	0.106549	0.156677	-0.281178	0.161492	0.211229	0	0	0.495136	-0.187407	-0.105567	0.388279	0.174286	0	0	-0.0592716	0.0735208	0.0457135	0.117611	-0.357672	1.27603	0.453995	0.357698	0	0	0.0736699	-0.443081	0.938069	0.853591	0.989859	0	0
1.00731	0.073458	-0.0866558	1.6084	0.556494	0.967637	0.517524	0.10315	0.155286	-0.279828	0.162669	0.215429	0	0	0.494988	-0.183348	-0.106882	0.357754	0.168889	0	0	-0.0601015	0.0722349	0.0438251	0.122977	-0.354357	1.29433	0.448366	0.346801	0	0	0.0685616	-0.441057	0.949994	0.839109	0.973296	0	0
1.01729	0.072117	-0.0865621	1.60712	0.556374	0.96738	0.514396	0.099813	0.153772	-0.278454	0.163948	0.219721	0	0	0.494469	-0.178898	-0.106278	0.327588	0.163144	0	0	-0.0606624	0.0709519	0.0417433	0.12852	-0.351185	1.31254	0.443133	0.336009	0	0	0.0634362	-0.438684	0.963319	0.82359	0.955172	0	0
1.02726	0.0707511	-0.0865403	1.60577	0.556214	0.967103	0.511221	0.0965259	0.152147	-0.27705	0.165313	0.224095	0	0	0.493574	-0.174121	-0.103641	0.297892	0.157087	0	0	-0.0609575	0.06968	0.0394975	0.134216	-0.348203	1.33046	0.438381	0.325418	0	0	0.0582494	-0.435947	0.977896	0.807153	0.935637	0	0
1.03723	0.0693708	-0.0865817	1.60432	0.556013	0.966806	0.507993	0.0932711	0.150424	-0.275603	0.166755	0.228541	0	0	0.492301	-0.169098	-0.0989573	0.268799	0.150761	0	0	-0.0610014	0.0684241	0.0371348	0.140028	-0.345464	1.34783	0.434201	0.315136	0	0	0.0529637	-0.432834	0.993569	0.789926	0.914869	0	0
1.04721	0.0679895	-0.0866752	1.60278	0.555773	0.966489	0.504709	0.0900302	0.148622	-0.274098	0.168265	0.233051	0	0	0.490655	-0.16393	-0.0923248	0.24047	0.144218	0	0	-0.060819	0.0671871	0.0347245	0.145906	-0.34302	1.36432	0.430688	0.305284	0	0	0.0475543	-0.429346	1.01018	0.772052	0.893067	0	0
1.05718	0.0666247	-0.08681	1.60114	0.555494	0.966152	0.501364	0.0867859	0.146764	-0.272514	0.169833	0.237611	0	0	0.48866	-0.158729	-0.083958	0.213103	0.13753	0	0	-0.0604425	0.0659705	0.0323621	0.15178	-0.340932	1.37959	0.427934	0.295995	0	0	0.0420184	-0.425489	1.0276	0.753679	0.870436	0	0
1.06715	0.0652986	-0.0869788	1.59937	0.555176	0.965795	0.497955	0.0835249	0.144877	-0.270828	0.171455	0.24221	0	0	0.486362	-0.153618	-0.0741856	0.18694	0.130793	0	0	-0.0599096	0.0647755	0.0301722	0.157557	-0.339261	1.39325	0.426032	0.287417	0	0	0.0363811	-0.421283	1.04571	0.734963	0.847177	0	0
1.07713	0.0640382	-0.0871793	1.59749	0.554821	0.965418	0.494477	0.08024	0.142994	-0.269018	0.173124	0.246833	0	0	0.483837	-0.14872	-0.0634362	0.162259	0.124128	0	0	-0.0592615	0.0636028	0.0283088	0.163118	-0.338073	1.40486	0.425074	0.279736	0	0	0.0306977	-0.416751	1.06443	0.71606	0.823495	0	0
1.0871	0.0628738	-0.0874158	1.59547	0.554427	0.965019	0.490926	0.0769308	0.14115	-0.267059	0.174831	0.251467	0	0	0.481185	-0.14415	-0.0522134	0.139368	0.117679	0	0	-0.0585393	0.0624532	0.0269521	0.168323	-0.337437	1.41396	0.425147	0.273169	0	0	0.0250562	-0.411926	1.08373	0.697122	0.799575	0	0
1.09707	0.0618368	-0.0877	1.59333	0.553993	0.964596	0.487299	0.0736036	0.139381	-0.264931	0.176567	0.256095	0	0	0.478529	-0.14001	-0.041062	0.11859	0.111603	0	0	-0.0577817	0.061327	0.0262987	0.17301	-0.337424	1.42006	0.42633	0.267968	0	0	0.0195708	-0.406849	1.10361	0.678296	0.775583	0	0
1.10705	0.0609571	-0.0880486	1.59105	0.553519	0.964148	0.483593	0.0702694	0.137721	-0.262612	0.178318	0.260701	0	0	0.475997	-0.136382	-0.030527	0.100228	0.106057	0	0	-0.0570211	0.060224	0.0265428	0.177017	-0.338094	1.42271	0.428683	0.264406	0	0	0.0143671	-0.401564	1.12411	0.65972	0.751662	0	0
1.11702	0.060259	-0.0884809	1.58864	0.553002	0.963671	0.479804	0.0669398	0.136195	-0.260087	0.180069	0.265267	0	0	0.47371	-0.13332	-0.0211109	0.0845473	0.101178	0	0	-0.0562788	0.0591453	0.027846	0.180202	-0.339492	1.42157	0.432236	0.262749	0	0	0.00955643	-0.396119	1.14524	0.641519	0.727937	0	0
1.12699	0.0597577	-0.0890122	1.58609	0.552443	0.963165	0.475933	0.0636201	0.134821	-0.257341	0.181799	0.269777	0	0	0.47176	-0.130851	-0.0132332	0.0717361	0.0970643	0	0	-0.0555606	0.0580954	0.0302917	0.182484	-0.341626	1.4165	0.436963	0.263196	0	0	0.00519918	-0.390563	1.16696	0.623804	0.704515	0	0
1.13697	0.0594546	-0.0896456	1.58339	0.551842	0.962629	0.471977	0.0603013	0.133601	-0.254363	0.183485	0.274216	0	0	0.470193	-0.128971	-0.00719929	0.0618842	0.093755	0	0	-0.0548491	0.0570875	0.0338213	0.183898	-0.34444	1.40773	0.442749	0.265787	0	0	0.00125253	-0.384941	1.18912	0.606671	0.681487	0	0
1.14694	0.0593392	-0.0903755	1.58053	0.551199	0.962064	0.467936	0.0569626	0.132526	-0.251147	0.1851	0.278569	0	0	0.469001	-0.127653	-0.00318052	0.0549632	0.0912176	0	0	-0.054115	0.056136	0.038294	0.184561	-0.347835	1.39578	0.44941	0.270391	0	0	-0.0023809	-0.379294	1.2115	0.590201	0.658922	0	0
1.15691	0.0593894	-0.0911903	1.5775	0.550516	0.961474	0.463811	0.0535759	0.131571	-0.247687	0.186613	0.282818	0	0	0.468126	-0.126849	-0.00121043	0.0508188	0.0893394	0	0	-0.0533244	0.0552503	0.0435347	0.184624	-0.351687	1.38132	0.456724	0.276766	0	0	-0.00581126	-0.373658	1.23389	0.574449	0.636858	0	0
1.16689	0.059573	-0.0920757	1.57427	0.549794	0.960862	0.4596	0.0501087	0.130704	-0.243983	0.187992	0.286942	0	0	0.467465	-0.126493	-0.0011967	0.0491769	0.0879288	0	0	-0.0524443	0.0544305	0.0493707	0.184243	-0.355867	1.36499	0.464468	0.28464	0	0	-0.00912837	-0.368061	1.25613	0.559442	0.615262	0	0
1.17686	0.059848	-0.0930152	1.57083	0.549034	0.960235	0.455304	0.0465275	0.129879	-0.240034	0.189206	0.290914	0	0	0.466881	-0.126511	-0.00294728	0.0496604	0.0867265	0	0	-0.0514472	0.0536643	0.0556471	0.183561	-0.360252	1.34741	0.472431	0.29374	0	0	-0.0123942	-0.362522	1.27812	0.545187	0.594072	0	0
1.18684	0.0601627	-0.0939915	1.56716	0.548239	0.959599	0.450922	0.0428007	0.129038	-0.235851	0.190225	0.294701	0	0	0.466215	-0.126812	-0.00620287	0.0518152	0.0854233	0	0	-0.0503135	0.0529241	0.0622312	0.182704	-0.364727	1.32911	0.480421	0.303799	0	0	-0.0156444	-0.357061	1.29978	0.531673	0.573227	0	0
1.19681	0.060457	-0.0949876	1.56322	0.54741	0.958966	0.446455	0.0389016	0.128113	-0.231447	0.191025	0.298265	0	0	0.4653	-0.1273	-0.0106738	0.0551429	0.0836843	0	0	-0.049032	0.0521677	0.0690137	0.18178	-0.369186	1.31056	0.488268	0.314563	0	0	-0.0188877	-0.351696	1.32107	0.518883	0.552685	0	0
1.20678	0.0606635	-0.0959872	1.55902	0.546547	0.958347	0.441902	0.0348113	0.12703	-0.226845	0.191593	0.301563	0	0	0.46398	-0.127872	-0.0160715	0.0591335	0.081177	0	0	-0.0475994	0.0513385	0.0759008	0.180884	-0.37353	1.29215	0.495824	0.325774	0	0	-0.0221183	-0.34645	1.34193	0.5068	0.532455	0	0
1.21676	0.0607113	-0.0969767	1.55454	0.545652	0.957754	0.437265	0.0305225	0.125707	-0.222078	0.191925	0.304548	0	0	0.46212	-0.128419	-0.0221448	0.0633055	0.0776042	0	0	-0.0460181	0.0503703	0.0828134	0.180094	-0.377672	1.2742	0.502968	0.337183	0	0	-0.0253126	-0.341347	1.36228	0.495407	0.512585	0	0
1.22673	0.0605285	-0.0979457	1.54979	0.544726	0.9572	0.432546	0.0260414	0.124064	-0.217189	0.192031	0.307168	0	0	0.459625	-0.128838	-0.0286979	0.0672348	0.0727325	0	0	-0.0442936	0.0491913	0.0896777	0.17948	-0.381533	1.25699	0.509601	0.348536	0	0	-0.0284415	-0.336421	1.38202	0.484698	0.493181	0	0
1.2367	0.0600478	-0.0988887	1.54479	0.543768	0.956701	0.427748	0.0213903	0.122021	-0.212226	0.191939	0.309369	0	0	0.45644	-0.129033	-0.0356068	0.0705844	0.0664195	0	0	-0.0424322	0.0477303	0.0964238	0.179102	-0.385048	1.24074	0.515657	0.359588	0	0	-0.0314695	-0.33171	1.40103	0.474674	0.474386	0	0
1.24668	0.0592101	-0.0998057	1.53958	0.54278	0.956267	0.422877	0.0166081	0.119511	-0.207245	0.191689	0.3111	0	0	0.452563	-0.128918	-0.0428208	0.0731206	0.0586333	0	0	-0.0404379	0.0459235	0.102984	0.179005	-0.388165	1.22563	0.521097	0.370119	0	0	-0.0343565	-0.327256	1.41917	0.465346	0.456366	0	0
1.25665	0.057969	-0.100702	1.53418	0.541761	0.955913	0.417936	0.0117494	0.116479	-0.202307	0.191342	0.312308	0	0	0.448036	-0.128427	-0.0503518	0.07472	0.0494604	0	0	-0.0383117	0.0437196	0.109291	0.179221	-0.390852	1.21178	0.525919	0.379943	0	0	-0.0370619	-0.323103	1.43629	0.456734	0.439302	0	0
1.26662	0.0562938	-0.101589	1.52865	0.54071	0.955648	0.412933	0.0068825	0.112886	-0.19747	0.190971	0.312949	0	0	0.442944	-0.127512	-0.0582562	0.0753646	0.0391043	0	0	-0.0360511	0.0410849	0.115277	0.17977	-0.393093	1.19926	0.530153	0.388913	0	0	-0.0395478	-0.319299	1.4522	0.448874	0.42339	0	0
1.2766	0.0541716	-0.10248	1.52306	0.539626	0.95548	0.407874	0.00208529	0.108715	-0.192792	0.190661	0.312983	0	0	0.437399	-0.126146	-0.066611	0.0751276	0.0278711	0	0	-0.0336509	0.0380064	0.120878	0.180654	-0.394894	1.18808	0.533862	0.396942	0	0	-0.0417754	-0.315887	1.46674	0.441805	0.408812	0	0
1.28657	0.0516076	-0.103391	1.51745	0.538506	0.955414	0.402766	-0.00255941	0.103964	-0.188321	0.190506	0.312377	0	0	0.431532	-0.124319	-0.075488	0.0741502	0.0161458	0	0	-0.0311051	0.034493	0.126037	0.181856	-0.396281	1.1782	0.537145	0.404023	0	0	-0.0437041	-0.312909	1.47975	0.435569	0.395717	0	0
1.29654	0.0486246	-0.104337	1.5119	0.537347	0.955454	0.397617	-0.00696986	0.0986552	-0.184099	0.190605	0.311113	0	0	0.425472	-0.12204	-0.0849291	0.0726142	0.00435992	0	0	-0.0284091	0.0305747	0.130708	0.183337	-0.397301	1.1695	0.540127	0.410226	0	0	-0.0452918	-0.310395	1.4911	0.430208	0.384214	0	0
1.30652	0.0452602	-0.10533	1.50646	0.536147	0.955599	0.392434	-0.0110716	0.092822	-0.180149	0.191055	0.30918	0	0	0.419332	-0.119326	-0.0949259	0.0707113	-0.00704551	0	0	-0.0255633	0.0262998	0.134859	0.185044	-0.398018	1.1618	0.542954	0.415694	0	0	-0.0464951	-0.308369	1.5007	0.425763	0.374371	0	0
1.31649	0.0415636	-0.106376	1.50119	0.534902	0.955846	0.387223	-0.0148031	0.0865131	-0.176485	0.191947	0.306582	0	0	0.413201	-0.116203	-0.105408	0.0686165	-0.0176557	0	0	-0.0225753	0.0217303	0.13847	0.186909	-0.398509	1.15491	0.545787	0.420633	0	0	-0.0472732	-0.306848	1.50847	0.42227	0.366231	0	0
1.32646	0.0375921	-0.107472	1.49612	0.533608	0.956189	0.381991	-0.0181209	0.0797851	-0.173101	0.193361	0.303336	0	0	0.407132	-0.112699	-0.116238	0.0664656	-0.0271166	0	0	-0.0194627	0.0169368	0.141538	0.188859	-0.398857	1.14859	0.548784	0.425292	0	0	-0.0475894	-0.305841	1.51436	0.419768	0.35982	0	0
1.33644	0.033407	-0.108608	1.49129	0.532262	0.95662	0.376744	-0.0210032	0.0726996	-0.169979	0.19536	0.299472	0	0	0.401135	-0.108841	-0.127219	0.0643394	-0.0351628	0	0	-0.0162551	0.0119932	0.144076	0.190814	-0.399152	1.14259	0.552102	0.429961	0	0	-0.0474111	-0.305351	1.51832	0.41829	0.355159	0	0
1.34641	0.0290703	-0.109761	1.48671	0.530861	0.957129	0.371486	-0.0234517	0.0653198	-0.167086	0.19799	0.295028	0	0	0.395185	-0.104651	-0.138105	0.0622606	-0.0416319	0	0	-0.0129934	0.00697211	0.146112	0.192695	-0.399477	1.13664	0.555884	0.434946	0	0	-0.0467116	-0.305379	1.52033	0.417868	0.352266	0	0
1.35638	0.024643	-0.110904	1.48241	0.529405	0.957704	0.36622	-0.0254899	0.057709	-0.164382	0.201274	0.290056	0	0	0.389223	-0.100148	-0.148617	0.0601977	-0.0464681	0	0	-0.0097276	0.00194237	0.147683	0.194426	-0.399912	1.1305	0.560247	0.44055	0	0	-0.0454729	-0.305922	1.52034	0.41853	0.351177	0	0
1.36636	0.0201822	-0.112003	1.47837	0.527892	0.958333	0.36095	-0.0271616	0.0499289	-0.161823	0.205212	0.284612	0	0	0.383171	-0.0953476	-0.158464	0.0580767	-0.0497189	0	0	-0.00651464	-0.00303459	0.148835	0.19594	-0.40052	1.12396	0.565282	0.447054	0	0	-0.0436861	-0.306975	1.51836	0.4203	0.351947	0	0
1.37633	0.0157435	-0.11302	1.4746	0.526324	0.959002	0.355678	-0.0285264	0.0420416	-0.15937	0.209781	0.278761	0	0	0.376944	-0.0902638	-0.167359	0.0557973	-0.0515194	0	0	-0.00341279	-0.00790223	0.149611	0.197186	-0.401352	1.11686	0.571041	0.454685	0	0	-0.0413514	-0.308529	1.51437	0.423192	0.354648	0	0
1.3863	0.0113793	-0.113923	1.47109	0.524702	0.959695	0.350406	-0.0296549	0.0341095	-0.156991	0.214936	0.27257	0	0	0.370461	-0.0849133	-0.175039	0.0532521	-0.052075	0	0	-0.000476549	-0.0126095	0.15005	0.198131	-0.402434	1.10908	0.577532	0.463592	0	0	-0.0384774	-0.310569	1.5084	0.427199	0.359352	0	0
1.39628	0.00713443	-0.11468	1.46784	0.523028	0.960399	0.345133	-0.0306222	0.0261896	-0.154662	0.220618	0.266107	0	0	0.363661	-0.0793147	-0.181302	0.0503483	-0.0516382	0	0	0.00224615	-0.0171155	0.150183	0.198762	-0.403774	1.10061	0.584719	0.473828	0	0	-0.0350771	-0.313075	1.50053	0.432294	0.366109	0	0
1.40625	0.00304584	-0.115267	1.46485	0.521308	0.961099	0.339862	-0.0315018	0.0183331	-0.152374	0.226755	0.259436	0	0	0.356509	-0.0734913	-0.186029	0.0470276	-0.0504813	0	0	0.00471761	-0.0213882	0.150033	0.199084	-0.405359	1.09149	0.592533	0.485352	0	0	-0.0311644	-0.316014	1.49091	0.438419	0.37492	0	0
1.41622	-0.000858268	-0.115668	1.46211	0.519544	0.961783	0.334592	-0.0323605	0.0105836	-0.150128	0.233274	0.252617	0	0	0.349006	-0.0674721	-0.189192	0.0432796	-0.0488699	0	0	0.00691184	-0.0254041	0.149616	0.199113	-0.40716	1.08181	0.600872	0.498033	0	0	-0.0267495	-0.319344	1.47975	0.445485	0.385714	0	0
1.4262	-0.00455859	-0.115875	1.45963	0.517743	0.962439	0.329326	-0.0332544	0.00297635	-0.14794	0.240101	0.245701	0	0	0.341186	-0.0612917	-0.190857	0.0391467	-0.0470415	0	0	0.00881496	-0.0291482	0.14894	0.198872	-0.409136	1.07167	0.609616	0.511678	0	0	-0.0218368	-0.323015	1.46733	0.453376	0.398343	0	0
1.43617	-0.00804438	-0.11589	1.45742	0.515908	0.963057	0.324065	-0.034225	-0.00446264	-0.145841	0.247171	0.238731	0	0	0.333119	-0.0549886	-0.191172	0.0347219	-0.0451899	0	0	0.010426	-0.0326133	0.14801	0.198386	-0.411239	1.06121	0.618636	0.526042	0	0	-0.0164228	-0.326967	1.45401	0.461955	0.41258	0	0
1.44614	-0.0113134	-0.11572	1.45547	0.514046	0.963629	0.318811	-0.0352979	-0.0117174	-0.143869	0.254431	0.231742	0	0	0.324897	-0.0486029	-0.190347	0.0301385	-0.043457	0	0	0.0117545	-0.0357996	0.146828	0.197676	-0.413413	1.05055	0.627796	0.540861	0	0	-0.010497	-0.331136	1.44014	0.471068	0.428135	0	0
1.45612	-0.0143715	-0.11538	1.45381	0.51216	0.96415	0.313566	-0.0364831	-0.018783	-0.142073	0.261843	0.224754	0	0	0.316628	-0.0421726	-0.188634	0.0255558	-0.0419313	0	0	0.0128166	-0.0387147	0.145392	0.196756	-0.415606	1.03981	0.636968	0.555879	0	0	-0.00404655	-0.33546	1.4261	0.480562	0.4447	0	0
1.46609	-0.0172323	-0.114886	1.45242	0.510254	0.964618	0.308333	-0.0377746	-0.0256661	-0.140505	0.269392	0.217778	0	0	0.308422	-0.0357314	-0.186304	0.0211427	-0.0406501	0	0	0.013633	-0.0413741	0.143706	0.195633	-0.417765	1.02905	0.646031	0.570866	0	0	0.00294043	-0.339883	1.4122	0.490295	0.461977	0	0
1.47606	-0.0199164	-0.114256	1.45133	0.50833	0.96503	0.303115	-0.03915	-0.0323845	-0.139214	0.277082	0.210812	0	0	0.300381	-0.0293063	-0.183624	0.0170613	-0.0396072	0	0	0.0142272	-0.0437998	0.141774	0.194307	-0.419841	1.01835	0.654877	0.585612	0	0	0.0104711	-0.344354	1.3987	0.50014	0.479693	0	0
1.48604	-0.0224497	-0.113509	1.45051	0.506393	0.96539	0.297917	-0.0405703	-0.0389659	-0.138245	0.284945	0.20384	0	0	0.292595	-0.0229176	-0.180845	0.0134544	-0.0387613	0	0	0.0146261	-0.0460196	0.139607	0.19278	-0.421789	1.00775	0.663403	0.599924	0	0	0.0185486	-0.34883	1.38581	0.509985	0.497592	0	0
1.49601	-0.0248627	-0.112662	1.44996	0.504445	0.965699	0.29274	-0.0419809	-0.0454469	-0.137629	0.293034	0.19683	0	0	0.285131	-0.0165776	-0.178181	0.0104314	-0.0380485	0	0	0.0148567	-0.0480661	0.137226	0.191048	-0.423571	0.997324	0.671517	0.613633	0	0	0.0271673	-0.353274	1.37369	0.519742	0.515457	0	0
1.50598	-0.0271885	-0.111732	1.44965	0.502488	0.965963	0.287591	-0.0433115	-0.0518703	-0.13738	0.301429	0.189734	0	0	0.278029	-0.0102925	-0.175804	0.00806192	-0.0373928	0	0	0.0149472	-0.0499762	0.134659	0.189116	-0.425153	0.987119	0.679136	0.626589	0	0	0.0363135	-0.357661	1.3624	0.529344	0.533104	0	0
1.51596	-0.029461	-0.110733	1.44955	0.500526	0.966187	0.282472	-0.0444773	-0.0582822	-0.137492	0.31023	0.18249	0	0	0.271306	-0.00406329	-0.17384	0.0063724	-0.0367162	0	0	0.0149254	-0.0517884	0.131946	0.186989	-0.426506	0.977209	0.686181	0.638663	0	0	0.0459641	-0.36197	1.35197	0.538746	0.550386	0	0
1.52593	-0.0317134	-0.109681	1.4496	0.498563	0.966377	0.277387	-0.0453792	-0.0647287	-0.137935	0.319557	0.175014	0	0	0.264956	0.00211194	-0.172372	0.00534935	-0.0359454	0	0	0.0148206	-0.0535413	0.129134	0.184686	-0.427609	0.967687	0.692576	0.649735	0	0	0.0560897	-0.36619	1.34239	0.547921	0.567171	0	0
1.5359	-0.0339756	-0.108589	1.44975	0.496603	0.966537	0.272343	-0.045906	-0.0712521	-0.138652	0.329546	0.16721	0	0	0.258954	0.00823567	-0.17144	0.00494407	-0.0350182	0	0	0.0146619	-0.0552705	0.126277	0.182233	-0.428445	0.958668	0.69825	0.65969	0	0	0.0666559	-0.370309	1.33362	0.556852	0.583334	0	0
1.54588	-0.0362727	-0.10747	1.44994	0.494652	0.966674	0.267343	-0.0459382	-0.0778875	-0.139563	0.340343	0.158963	0	0	0.253263	0.0143092	-0.171052	0.00508035	-0.0338857	0	0	0.0144749	-0.0570059	0.123434	0.179665	-0.429005	0.95028	0.703143	0.668433	0	0	0.0776249	-0.374324	1.3256	0.565538	0.598763	0	0
1.55585	-0.0386229	-0.106333	1.4501	0.492715	0.966792	0.262394	-0.0453536	-0.084659	-0.14056	0.3521	0.150148	0	0	0.247832	0.0203309	-0.171189	0.00566427	-0.0325137	0	0	0.0142762	-0.0587675	0.120667	0.177027	-0.429291	0.942651	0.707208	0.675895	0	0	0.0889568	-0.37823	1.31825	0.573991	0.61336	0	0
1.56582	-0.0410351	-0.105181	1.45017	0.490797	0.966892	0.257501	-0.044034	-0.0915765	-0.141513	0.364972	0.140635	0	0	0.242605	0.0262943	-0.171811	0.00659468	-0.0308803	0	0	0.0140664	-0.0605611	0.118036	0.174362	-0.42932	0.935888	0.710427	0.682051	0	0	0.100613	-0.382024	1.3115	0.582235	0.627056	0	0
1.5758	-0.0435108	-0.104015	1.45008	0.488904	0.966977	0.252672	-0.041865	-0.098635	-0.142276	0.379109	0.130296	0	0	0.237527	0.032189	-0.172874	0.00777354	-0.0289748	0	0	0.0138361	-0.0623824	0.115594	0.171716	-0.429117	0.930075	0.712799	0.686924	0	0	0.112551	-0.385707	1.30523	0.590306	0.639816	0	0
1.58577	-0.0460448	-0.102836	1.44978	0.487041	0.967046	0.247913	-0.0387365	-0.105813	-0.142687	0.394648	0.119009	0	0	0.232556	0.0380007	-0.174326	0.00911444	-0.0267958	0	0	0.013574	-0.0642204	0.113388	0.169133	-0.428708	0.925281	0.714338	0.690572	0	0	0.124728	-0.389284	1.29934	0.598247	0.651625	0	0
1.59574	-0.0486269	-0.101649	1.44922	0.485214	0.9671	0.243231	-0.0345446	-0.113071	-0.142576	0.411713	0.106676	0	0	0.227665	0.0437122	-0.176121	0.0105494	-0.0243486	0	0	0.0132697	-0.0660598	0.111448	0.166656	-0.42812	0.921557	0.715061	0.693078	0	0	0.137097	-0.392763	1.29374	0.606107	0.662479	0	0
1.60572	-0.051243	-0.100464	1.44838	0.483428	0.967134	0.238633	-0.0291949	-0.120357	-0.141778	0.430402	0.0932268	0	0	0.222846	0.0493043	-0.178219	0.0120332	-0.021641	0	0	0.0129159	-0.0678839	0.109792	0.164322	-0.427373	0.918933	0.714993	0.694548	0	0	0.149605	-0.396158	1.28831	0.613938	0.67239	0	0
1.61569	-0.0538768	-0.0992919	1.44723	0.48169	0.967148	0.234125	-0.0226067	-0.127605	-0.140135	0.450789	0.0786346	0	0	0.218108	0.054757	-0.180593	0.0135452	-0.0186813	0	0	0.012507	-0.0696768	0.108423	0.162164	-0.426484	0.917417	0.714162	0.695098	0	0	0.162196	-0.399491	1.28295	0.621799	0.681388	0	0
1.62566	-0.0565109	-0.0981467	1.44576	0.480003	0.967139	0.229714	-0.0147174	-0.134739	-0.137511	0.472917	0.0629263	0	0	0.213476	0.0600508	-0.183226	0.0150892	-0.0154747	0	0	0.0120381	-0.071425	0.107326	0.160203	-0.425462	0.916991	0.712605	0.694856	0	0	0.174803	-0.402789	1.27752	0.629758	0.689538	0	0
1.63564	-0.0591275	-0.0970408	1.44398	0.478372	0.967103	0.225404	-0.0054861	-0.141675	-0.133799	0.496793	0.0461926	0	0	0.208985	0.0651666	-0.186113	0.0166898	-0.0120222	0	0	0.0115037	-0.0731178	0.106475	0.158455	-0.424311	0.91761	0.710362	0.69395	0	0	0.187348	-0.406089	1.27188	0.637888	0.696938	0	0
1.64561	-0.0617053	-0.095985	1.44191	0.476801	0.96704	0.221198	0.00509939	-0.148327	-0.128935	0.52238	0.0286027	0	0	0.204674	0.0700833	-0.189256	0.0183887	-0.00832166	0	0	0.0108968	-0.0747429	0.105828	0.156926	-0.423032	0.919211	0.707481	0.692501	0	0	0.199748	-0.409427	1.26586	0.646261	0.703714	0	0
1.65559	-0.0642198	-0.0949868	1.43956	0.475294	0.966948	0.217098	0.01702	-0.154603	-0.122907	0.549595	0.0104089	0	0	0.200584	0.0747778	-0.192658	0.0202387	-0.00436804	0	0	0.0102077	-0.0762857	0.105327	0.155611	-0.42162	0.921708	0.704015	0.690622	0	0	0.211913	-0.412839	1.25933	0.654943	0.710011	0	0
1.66556	-0.0666433	-0.0940486	1.43698	0.473852	0.966828	0.213106	0.0302237	-0.160413	-0.115754	0.578301	-0.00805691	0	0	0.196747	0.079225	-0.196322	0.0222983	-0.000153596	0	0	0.00942218	-0.0777291	0.104911	0.154497	-0.420073	0.924999	0.700024	0.688412	0	0	0.223748	-0.416358	1.25212	0.663989	0.715991	0	0
1.67553	-0.0689451	-0.0931671	1.43421	0.472477	0.966683	0.20922	0.0446258	-0.165675	-0.107575	0.608309	-0.0263912	0	0	0.193188	0.0833979	-0.200248	0.0246251	0.00433101	0	0	0.00852138	-0.0790531	0.104512	0.153562	-0.418388	0.928965	0.695576	0.685951	0	0	0.235162	-0.420011	1.24413	0.673444	0.721823	0	0
1.68551	-0.0710911	-0.0923329	1.43129	0.471169	0.966516	0.205437	0.0601097	-0.170316	-0.0985231	0.639379	-0.0441327	0	0	0.189917	0.0872676	-0.204427	0.0272706	0.00909469	0	0	0.00748152	-0.0802332	0.104062	0.15277	-0.416566	0.933474	0.690742	0.683308	0	0	0.246067	-0.423816	1.23526	0.683334	0.72768	0	0
1.69548	-0.0730437	-0.0915314	1.42828	0.469928	0.966334	0.201752	0.0765312	-0.174275	-0.0887979	0.671216	-0.0607822	0	0	0.186927	0.0908032	-0.208842	0.0302743	0.0141441	0	0	0.00627513	-0.0812405	0.103498	0.15208	-0.414612	0.938386	0.685602	0.680532	0	0	0.256386	-0.427781	1.22546	0.693668	0.73373	0	0
1.70545	-0.0747625	-0.0907442	1.42523	0.468751	0.966144	0.198161	0.093723	-0.177504	-0.0786361	0.703476	-0.0758278	0	0	0.184197	0.0939726	-0.213464	0.0336602	0.0194816	0	0	0.00487308	-0.0820409	0.102762	0.15144	-0.412537	0.943559	0.680236	0.677655	0	0	0.266051	-0.431901	1.2147	0.704431	0.740137	0	0
1.71543	-0.0762046	-0.0899511	1.42219	0.467637	0.965954	0.194656	0.111502	-0.179968	-0.068297	0.735777	-0.0887727	0	0	0.181691	0.0967431	-0.218252	0.0374333	0.0251029	0	0	0.00324739	-0.0825957	0.101808	0.150795	-0.41036	0.948858	0.674725	0.674695	0	0	0.275008	-0.436156	1.20304	0.715587	0.747048	0	0
1.7254	-0.077326	-0.0891325	1.41921	0.466581	0.965775	0.191228	0.129676	-0.181648	-0.058048	0.767698	-0.0991627	0	0	0.179361	0.0990828	-0.223151	0.0415778	0.0309957	0	0	0.00137442	-0.0828619	0.100599	0.150086	-0.408105	0.954156	0.669151	0.671653	0	0	0.283222	-0.440516	1.19055	0.727077	0.75459	0	0
1.73537	-0.078083	-0.0882713	1.41633	0.465579	0.965615	0.187871	0.148053	-0.182533	-0.0481493	0.798798	-0.106613	0	0	0.177151	0.100962	-0.228092	0.0460557	0.0371369	0	0	-0.000761781	-0.0827938	0.0991099	0.149251	-0.405801	0.959344	0.663588	0.668517	0	0	0.290676	-0.444933	1.17736	0.738814	0.762856	0	0
1.74535	-0.0784337	-0.0873556	1.41361	0.464626	0.965486	0.184575	0.166446	-0.182626	-0.0388406	0.828626	-0.110832	0	0	0.174999	0.102355	-0.232994	0.0508074	0.0434916	0	0	-0.00316645	-0.0823441	0.0973307	0.148229	-0.403486	0.96433	0.658106	0.665267	0	0	0.297374	-0.449349	1.16368	0.750687	0.771887	0	0
1.75532	-0.0783401	-0.0863795	1.41107	0.463715	0.965396	0.181332	0.18468	-0.181936	-0.0303301	0.856733	-0.111638	0	0	0.172842	0.103244	-0.23776	0.055752	0.0500113	0	0	-0.00583191	-0.0814664	0.095265	0.146957	-0.401198	0.969041	0.652767	0.661878	0	0	0.303351	-0.45369	1.14977	0.762554	0.781656	0	0
1.76529	-0.0777724	-0.0853458	1.40875	0.462839	0.965353	0.178133	0.202602	-0.180482	-0.0227833	0.882692	-0.108969	0	0	0.170622	0.103617	-0.242294	0.0607989	0.0566402	0	0	-0.00873476	-0.0801196	0.0929233	0.145384	-0.398978	0.973435	0.647617	0.65832	0	0	0.308649	-0.45788	1.13589	0.774266	0.792073	0	0
1.77527	-0.0767106	-0.0842659	1.40667	0.461993	0.965363	0.174971	0.220081	-0.178289	-0.016319	0.906107	-0.102895	0	0	0.168295	0.103473	-0.246505	0.0658542	0.0633171	0	0	-0.0118361	-0.07827	0.0903178	0.14347	-0.396862	0.977513	0.642686	0.654555	0	0	0.313321	-0.461841	1.12234	0.785664	0.802994	0	0
1.78524	-0.0751468	-0.0831583	1.40486	0.461168	0.965429	0.171841	0.237012	-0.17539	-0.0110087	0.92663	-0.0936093	0	0	0.165829	0.102822	-0.250307	0.0708251	0.0699766	0	0	-0.015084	-0.0758933	0.0874582	0.141196	-0.394881	0.981317	0.637986	0.650544	0	0	0.317419	-0.465503	1.10939	0.796591	0.81421	0	0
1.79521	-0.0730886	-0.0820479	1.40333	0.460359	0.965551	0.168736	0.25332	-0.171824	-0.00687102	0.943978	-0.0814133	0	0	0.163212	0.101685	-0.253636	0.0756352	0.0765617	0	0	-0.0184161	-0.0729798	0.084346	0.138567	-0.393059	0.984937	0.633507	0.646246	0	0	0.320987	-0.468808	1.09728	0.806911	0.825479	0	0
1.80519	-0.0705604	-0.0809627	1.40208	0.459561	0.965727	0.165654	0.268956	-0.167639	-0.00387871	0.957939	-0.0666987	0	0	0.160453	0.100096	-0.256458	0.0802342	0.0830298	0	0	-0.0217668	-0.0695345	0.0809627	0.135624	-0.391405	0.988519	0.629215	0.64161	0	0	0.324035	-0.471722	1.08615	0.816524	0.836562	0	0
1.81516	-0.0676014	-0.0799273	1.40112	0.45877	0.965954	0.162594	0.283893	-0.162893	-0.00196678	0.96838	-0.0499259	0	0	0.157576	0.0980964	-0.258766	0.0845985	0.0893524	0	0	-0.0250767	-0.0655761	0.0772674	0.132442	-0.389919	0.992255	0.625061	0.636588	0	0	0.326547	-0.474235	1.07605	0.825367	0.847253	0	0
1.82513	-0.0642651	-0.0789558	1.40044	0.457982	0.966222	0.159555	0.298115	-0.157654	-0.0010424	0.97525	-0.0315995	0	0	0.154609	0.0957421	-0.26057	0.0887284	0.095514	0	0	-0.0283052	-0.0611341	0.0731972	0.129127	-0.388596	0.996364	0.620991	0.631138	0	0	0.328482	-0.476358	1.06694	0.833414	0.85737	0	0
1.83511	-0.0606208	-0.0780686	1.40006	0.457198	0.966523	0.156538	0.311636	-0.152001	-0.000996014	0.978581	-0.0122407	0	0	0.151598	0.093098	-0.261897	0.0926437	0.101511	0	0	-0.0314134	-0.0562693	0.0687297	0.125746	-0.387425	1.00098	0.616962	0.625245	0	0	0.329827	-0.47811	1.0588	0.840668	0.866773	0	0
1.84508	-0.0567478	-0.0772859	1.39996	0.456415	0.966844	0.153542	0.324487	-0.146025	-0.00171099	0.978478	0.00763602	0	0	0.148597	0.0902366	-0.262782	0.096378	0.107349	0	0	-0.03437	-0.0510644	0.0638747	0.122336	-0.386393	1.00618	0.612942	0.618927	0	0	0.3306	-0.479512	1.05161	0.847148	0.875353	0	0
1.85505	-0.0527298	-0.076623	1.40015	0.455637	0.967172	0.150566	0.336709	-0.139821	-0.00307248	0.975114	0.0275457	0	0	0.145658	0.0872332	-0.263265	0.0999721	0.113037	0	0	-0.037154	-0.0456173	0.058665	0.118914	-0.385481	1.01196	0.608898	0.612233	0	0	0.330839	-0.480587	1.04535	0.852885	0.883024	0	0
1.86503	-0.0486502	-0.0760873	1.40062	0.454864	0.967494	0.147611	0.348348	-0.133488	-0.0049745	0.968718	0.0470528	0	0	0.142823	0.0841632	-0.263381	0.103467	0.118586	0	0	-0.0397573	-0.0400326	0.0531485	0.115482	-0.384664	1.01828	0.604795	0.605224	0	0	0.330598	-0.481361	1.04002	0.857915	0.88972	0	0
1.875	-0.0445875	-0.0756767	1.40135	0.454099	0.9678	0.144675	0.359449	-0.127124	-0.00732494	0.959563	0.0657864	0	0	0.14012	0.0810987	-0.263165	0.1069	0.124007	0	0	-0.0421842	-0.0344161	0.0473819	0.112041	-0.383913	1.02512	0.600591	0.597968	0	0	0.329943	-0.481858	1.03562	0.862273	0.895396	0	0
1.88497	-0.0406121	-0.0753795	1.40236	0.453346	0.96808	0.141758	0.370056	-0.120824	-0.0100482	0.947952	0.083449	0	0	0.137561	0.0781058	-0.262646	0.110295	0.129307	0	0	-0.0444511	-0.0288681	0.0414275	0.10859	-0.383192	1.03243	0.596236	0.59052	0	0	0.328942	-0.482104	1.03217	0.865995	0.900031	0	0
1.89495	-0.0367837	-0.0751748	1.40362	0.452608	0.968328	0.138859	0.380204	-0.114674	-0.0130855	0.934204	0.0998196	0	0	0.135138	0.075242	-0.261847	0.113667	0.13449	0	0	-0.0465852	-0.0234795	0.0353498	0.10513	-0.382465	1.04015	0.591677	0.582914	0	0	0.327666	-0.482122	1.02966	0.869108	0.903627	0	0
1.90492	-0.0331491	-0.0750346	1.40511	0.45189	0.968537	0.135978	0.389922	-0.108751	-0.0163937	0.918645	0.11475	0	0	0.132826	0.0725548	-0.260791	0.117014	0.139558	0	0	-0.0486215	-0.0183276	0.0292148	0.101667	-0.381693	1.04827	0.586855	0.575161	0	0	0.32618	-0.481932	1.02812	0.871636	0.906215	0	0
1.91489	-0.0297415	-0.0749259	1.40684	0.451194	0.968707	0.133113	0.39923	-0.103115	-0.0199429	0.901589	0.128155	0	0	0.130586	0.0700799	-0.259496	0.120319	0.144507	0	0	-0.0506004	-0.0134743	0.0230883	0.0982071	-0.380839	1.05676	0.581711	0.567242	0	0	0.324548	-0.48155	1.02754	0.873594	0.90785	0	0
1.92487	-0.02658	-0.0748133	1.40876	0.450525	0.968837	0.130264	0.408139	-0.0978114	-0.023713	0.883332	0.140004	0	0	0.128368	0.0678406	-0.25798	0.123554	0.149332	0	0	-0.0525641	-0.00896426	0.0170352	0.0947629	-0.379869	1.06564	0.576191	0.559105	0	0	0.322824	-0.480985	1.02793	0.874988	0.908616	0	0
1.93484	-0.0236708	-0.074661	1.41086	0.449886	0.96893	0.127428	0.416651	-0.0928675	-0.0276912	0.864141	0.150304	0	0	0.126111	0.065848	-0.256261	0.126681	0.154027	0	0	-0.0545545	-0.0048249	0.01112	0.0913441	-0.378753	1.07492	0.570246	0.550684	0	0	0.321052	-0.480241	1.02928	0.875816	0.908614	0	0
1.94481	-0.0210078	-0.0744355	1.41313	0.449279	0.96899	0.124604	0.424762	-0.0882926	-0.0318694	0.844245	0.159089	0	0	0.123755	0.0641014	-0.254356	0.129652	0.158581	0	0	-0.0566097	-0.00106715	0.00540549	0.0879577	-0.377469	1.0846	0.563842	0.541911	0	0	0.319271	-0.479318	1.03159	0.876071	0.907961	0	0
1.95479	-0.0185743	-0.0741079	1.41552	0.448708	0.969021	0.121789	0.432457	-0.08408	-0.0362433	0.823837	0.166408	0	0	0.121238	0.0625894	-0.252282	0.132418	0.162986	0	0	-0.058762	0.00231326	-4.87154e-05	0.0846068	-0.376	1.0947	0.556957	0.532715	0	0	0.317509	-0.478208	1.03486	0.87574	0.906781	0	0
1.96476	-0.0163457	-0.0736555	1.41802	0.448173	0.969029	0.11898	0.439718	-0.0802086	-0.0408125	0.803063	0.172318	0	0	0.118505	0.0612914	-0.250055	0.13493	0.167233	0	0	-0.0610344	0.0053336	-0.00518953	0.0812927	-0.374337	1.10522	0.549583	0.523029	0	0	0.315783	-0.476899	1.03905	0.874807	0.905197	0	0
1.97473	-0.0142914	-0.0730635	1.42061	0.447676	0.969021	0.116175	0.446523	-0.0766467	-0.0455803	0.782033	0.176879	0	0	0.115511	0.0601793	-0.247689	0.137146	0.171316	0	0	-0.0634396	0.00802136	-0.00997252	0.0780154	-0.372478	1.11619	0.541726	0.512786	0	0	0.314095	-0.47538	1.04415	0.873258	0.903321	0	0
1.98471	-0.0123781	-0.0723259	1.42328	0.447217	0.969002	0.113369	0.452845	-0.0733552	-0.0505553	0.760818	0.180151	0	0	0.112224	0.0592204	-0.245194	0.139032	0.17523	0	0	-0.0659787	0.0104112	-0.0143637	0.0747746	-0.370426	1.12762	0.533403	0.501925	0	0	0.31244	-0.473638	1.0501	0.871083	0.901249	0	0
1.99468	-0.0105721	-0.0714453	1.42601	0.446795	0.968976	0.110558	0.458663	-0.070292	-0.0557514	0.739455	0.182195	0	0	0.108627	0.0583797	-0.24258	0.140563	0.178974	0	0	-0.0686413	0.0125417	-0.0183405	0.0715703	-0.368189	1.13954	0.524646	0.490397	0	0	0.310799	-0.471662	1.05687	0.868276	0.899048	0	0
2.00465	-0.00884224	-0.0704331	1.4288	0.446409	0.968948	0.10774	0.463956	-0.0674159	-0.0611876	0.71796	0.183079	0	0	0.104717	0.0576232	-0.239853	0.141729	0.182552	0	0	-0.0714062	0.0144521	-0.0218924	0.0684035	-0.365781	1.15195	0.515497	0.478167	0	0	0.309146	-0.469446	1.0644	0.864842	0.896761	0	0
2.01463	-0.00716255	-0.0693088	1.43166	0.446057	0.968921	0.104909	0.468712	-0.0646892	-0.0668875	0.696326	0.182877	0	0	0.10051	0.0569199	-0.237015	0.142532	0.185967	0	0	-0.074243	0.0161793	-0.0250206	0.0652766	-0.363222	1.16487	0.50601	0.465222	0	0	0.307447	-0.46699	1.07262	0.860796	0.894398	0	0
2.0246	-0.00551394	-0.0680987	1.43457	0.445737	0.968895	0.102064	0.472927	-0.0620807	-0.0728768	0.67454	0.181675	0	0	0.0960342	0.0562441	-0.234068	0.142987	0.189232	0	0	-0.0771134	0.0177555	-0.0277366	0.0621945	-0.360535	1.1783	0.49625	0.451572	0	0	0.30566	-0.4643	1.08145	0.856161	0.891942	0	0
2.03457	-0.0038858	-0.0668353	1.43755	0.445446	0.968871	0.0992006	0.476606	-0.0595671	-0.0791805	0.652581	0.179572	0	0	0.0913349	0.0555774	-0.231016	0.143123	0.192358	0	0	-0.0799738	0.0192058	-0.0300611	0.0591646	-0.357746	1.1922	0.486292	0.437252	0	0	0.303745	-0.461392	1.09082	0.850976	0.889349	0	0
2.04455	-0.00227663	-0.0655553	1.4406	0.445182	0.968846	0.0963181	0.479771	-0.0571331	-0.0858182	0.630431	0.176681	0	0	0.0864688	0.0549095	-0.227863	0.142981	0.195364	0	0	-0.0827778	0.0205476	-0.0320218	0.0561972	-0.354888	1.20656	0.47622	0.422326	0	0	0.301657	-0.458286	1.10064	0.845289	0.886563	0	0
2.05452	-0.000693899	-0.0642982	1.44373	0.444942	0.968817	0.0934157	0.482451	-0.0547713	-0.0928007	0.608079	0.173128	0	0	0.0815027	0.0542385	-0.224617	0.142609	0.19827	0	0	-0.0854787	0.0217901	-0.0336514	0.0533052	-0.351996	1.2213	0.466129	0.406891	0	0	0.299353	-0.455015	1.11083	0.839158	0.883517	0	0
2.06449	0.000846934	-0.0631043	1.44693	0.444723	0.96878	0.0904936	0.484689	-0.0524802	-0.100125	0.585522	0.169048	0	0	0.07651	0.0535698	-0.221293	0.142065	0.201097	0	0	-0.0880321	0.0229346	-0.0349853	0.050504	-0.349109	1.23632	0.45612	0.391074	0	0	0.296794	-0.451615	1.12129	0.832653	0.880147	0	0
2.07447	0.00232415	-0.0620125	1.4502	0.444524	0.96873	0.0875534	0.486535	-0.0502628	-0.107769	0.562768	0.164581	0	0	0.0715668	0.0529155	-0.217908	0.141412	0.20387	0	0	-0.0903986	0.0239762	-0.03606	0.0478104	-0.346269	1.25151	0.446302	0.375036	0	0	0.293943	-0.44813	1.13193	0.825847	0.876404	0	0
2.08444	0.00371209	-0.0610585	1.45354	0.444343	0.968661	0.0845973	0.488046	-0.0481237	-0.115693	0.539834	0.159864	0	0	0.0667483	0.052292	-0.214487	0.140715	0.206613	0	0	-0.0925462	0.0249051	-0.0369108	0.0452414	-0.343522	1.2667	0.436788	0.358974	0	0	0.290769	-0.444609	1.14265	0.81882	0.872258	0	0
2.09441	0.00498385	-0.0602729	1.45693	0.444179	0.968569	0.0816281	0.489279	-0.0460666	-0.12383	0.516749	0.155028	0	0	0.0621242	0.0517173	-0.211058	0.140038	0.209349	0	0	-0.0944517	0.0257097	-0.0375711	0.0428132	-0.340914	1.28167	0.427696	0.343119	0	0	0.287248	-0.441103	1.15337	0.811653	0.867709	0	0
2.10439	0.00611399	-0.0596794	1.46038	0.444031	0.968448	0.0786489	0.49029	-0.0440928	-0.132093	0.493549	0.150191	0	0	0.0577553	0.0512092	-0.20765	0.139443	0.212101	0	0	-0.0961011	0.0263775	-0.0380715	0.0405436	-0.338491	1.29622	0.419137	0.327704	0	0	0.283361	-0.437662	1.16397	0.804424	0.862779	0	0
2.11436	0.00708102	-0.0592944	1.46386	0.443901	0.968294	0.0756626	0.491127	-0.0421989	-0.140371	0.470277	0.14545	0	0	0.0536902	0.0507825	-0.204294	0.138984	0.214887	0	0	-0.0974892	0.0268976	-0.0384398	0.0384526	-0.336293	1.31012	0.41121	0.31295	0	0	0.279099	-0.43434	1.1744	0.797205	0.857515	0	0
2.12434	0.00786951	-0.0591259	1.46736	0.44379	0.968104	0.0726718	0.49183	-0.0403765	-0.148532	0.446984	0.140886	0	0	0.0499634	0.0504473	-0.201018	0.138709	0.217723	0	0	-0.0986184	0.0272614	-0.0387011	0.0365628	-0.334353	1.32319	0.403997	0.299042	0	0	0.274459	-0.431183	1.18457	0.790059	0.851977	0	0
2.13431	0.00847142	-0.0591737	1.47088	0.4437	0.967877	0.069678	0.492428	-0.0386119	-0.156429	0.423726	0.136554	0	0	0.0465938	0.050207	-0.197844	0.138653	0.220621	0	0	-0.0994982	0.027463	-0.0388772	0.0348963	-0.332694	1.33522	0.39756	0.286144	0	0	0.269446	-0.428237	1.19443	0.783041	0.846244	0	0
2.14428	0.00888704	-0.0594304	1.47439	0.443633	0.967613	0.0666818	0.492937	-0.0368873	-0.163906	0.400565	0.132489	0	0	0.0435852	0.0500584	-0.194793	0.138843	0.223589	0	0	-0.100142	0.0274986	-0.0389855	0.0334726	-0.33133	1.34607	0.391941	0.274396	0	0	0.26407	-0.425543	1.20395	0.776192	0.840406	0	0
2.15426	0.00912476	-0.0598815	1.47791	0.443593	0.967313	0.0636823	0.493361	-0.0351824	-0.170802	0.377569	0.128707	0	0	0.040926	0.0499911	-0.191875	0.139294	0.22663	0	0	-0.100568	0.0273691	-0.0390397	0.032308	-0.330266	1.35559	0.387165	0.263908	0	0	0.258349	-0.423132	1.2131	0.769543	0.834559	0	0
2.16423	0.00920012	-0.0605061	1.48141	0.443584	0.966979	0.0606778	0.493691	-0.0334773	-0.176964	0.35482	0.125208	0	0	0.0385911	0.0499888	-0.189095	0.14001	0.229747	0	0	-0.100796	0.0270802	-0.0390491	0.0314152	-0.329501	1.36369	0.383239	0.254762	0	0	0.252307	-0.421029	1.22188	0.763107	0.828788	0	0
2.1742	0.00913422	-0.0612791	1.48489	0.443608	0.966613	0.0576653	0.493911	-0.0317551	-0.182252	0.332409	0.121982	0	0	0.0365436	0.0500312	-0.186451	0.140984	0.23294	0	0	-0.100851	0.0266432	-0.0390182	0.0308021	-0.329028	1.37027	0.380156	0.24701	0	0	0.245977	-0.419247	1.23031	0.756883	0.823159	0	0
2.18418	0.00895165	-0.0621726	1.48835	0.443668	0.966221	0.0546408	0.493997	-0.0300051	-0.186552	0.310444	0.11901	0	0	0.0347391	0.0500957	-0.183933	0.142204	0.23621	0	0	-0.100756	0.0260738	-0.0389469	0.0304718	-0.328839	1.37529	0.377899	0.240678	0	0	0.239398	-0.417786	1.23844	0.750854	0.81771	0	0
2.19415	0.00867803	-0.0631582	1.4918	0.443768	0.965804	0.0516001	0.493926	-0.0282255	-0.189785	0.289047	0.116268	0	0	0.0331285	0.0501601	-0.181528	0.143649	0.239554	0	0	-0.100532	0.0253903	-0.0388304	0.0304215	-0.328924	1.37871	0.376446	0.235775	0	0	0.232615	-0.416638	1.24632	0.744989	0.81245	0	0
2.20412	0.00833792	-0.064209	1.49522	0.443909	0.965367	0.0485384	0.493675	-0.0264248	-0.191913	0.268358	0.11373	0	0	0.031662	0.0502045	-0.179218	0.145293	0.242973	0	0	-0.1002	0.0246126	-0.0386589	0.030642	-0.329273	1.38053	0.375774	0.232302	0	0	0.225677	-0.415781	1.25405	0.739246	0.807359	0	0
2.2141	0.00795312	-0.0653016	1.49861	0.444092	0.964912	0.0454509	0.493228	-0.0246223	-0.192949	0.24853	0.111369	0	0	0.0302923	0.0502127	-0.176984	0.147108	0.246465	0	0	-0.099772	0.0237607	-0.0384179	0.0311173	-0.32988	1.38074	0.375859	0.230256	0	0	0.218637	-0.415187	1.2617	0.733571	0.802386	0	0
2.22407	0.0075415	-0.0664176	1.50197	0.444317	0.964442	0.0423333	0.492576	-0.0228478	-0.192958	0.229725	0.109154	0	0	0.0289779	0.0501737	-0.174803	0.149064	0.250031	0	0	-0.0992589	0.0228536	-0.0380876	0.0318252	-0.330742	1.37934	0.376682	0.22963	0	0	0.211553	-0.414814	1.26938	0.727903	0.797449	0	0
2.23404	0.00711533	-0.0675441	1.50529	0.444583	0.963958	0.0391816	0.49172	-0.02114	-0.192058	0.212111	0.107051	0	0	0.0276839	0.0500827	-0.172656	0.151131	0.253666	0	0	-0.0986647	0.0219074	-0.0376459	0.0327396	-0.331859	1.37635	0.378223	0.230418	0	0	0.204481	-0.414617	1.27718	0.722178	0.792447	0	0
2.24402	0.00668111	-0.0686733	1.50858	0.444888	0.963461	0.0359926	0.490671	-0.0195439	-0.190411	0.19585	0.105021	0	0	0.026382	0.0499417	-0.170523	0.153278	0.257364	0	0	-0.0979898	0.0209344	-0.0370707	0.033833	-0.33323	1.3718	0.380468	0.232611	0	0	0.197469	-0.414549	1.28518	0.716337	0.787277	0	0
2.25399	0.00624046	-0.0698025	1.51182	0.445231	0.962952	0.032764	0.489449	-0.018107	-0.188222	0.181088	0.10301	0	0	0.0250506	0.0497576	-0.168384	0.155472	0.261109	0	0	-0.0972318	0.0199439	-0.0363434	0.0350805	-0.334854	1.36573	0.383396	0.236186	0	0	0.190556	-0.414565	1.29343	0.710331	0.781854	0	0
2.26396	0.0057924	-0.070933	1.51502	0.445609	0.962433	0.0294939	0.488076	-0.0168737	-0.185722	0.167944	0.10095	0	0	0.0236743	0.0495398	-0.166224	0.157684	0.264882	0	0	-0.096386	0.0189439	-0.0354488	0.0364606	-0.336729	1.35822	0.386982	0.241101	0	0	0.183772	-0.414619	1.30193	0.704114	0.776109	0	0
2.27394	0.00533564	-0.0720688	1.51816	0.446018	0.961905	0.0261814	0.486576	-0.0158805	-0.183154	0.156492	0.098747	0	0	0.0222427	0.0492971	-0.164029	0.159884	0.268657	0	0	-0.0954464	0.0179436	-0.0343741	0.0379541	-0.338849	1.34937	0.391196	0.24729	0	0	0.177145	-0.414665	1.3107	0.697645	0.769977	0	0
2.28391	0.00487031	-0.0732149	1.52125	0.446456	0.96137	0.0228259	0.484966	-0.015152	-0.180758	0.146759	0.0962806	0	0	0.0207483	0.0490355	-0.161787	0.162048	0.272404	0	0	-0.0944075	0.0169537	-0.0331091	0.0395441	-0.341205	1.33931	0.396002	0.254664	0	0	0.170699	-0.41466	1.31974	0.690884	0.763391	0	0
2.29388	0.0043994	-0.0743754	1.5243	0.446919	0.960831	0.019427	0.483258	-0.0146983	-0.178753	0.138712	0.0934063	0	0	0.019184	0.0487568	-0.159492	0.164149	0.276081	0	0	-0.0932653	0.0159884	-0.0316471	0.0412166	-0.343787	1.32816	0.40136	0.263119	0	0	0.164457	-0.414558	1.32905	0.683796	0.756288	0	0
2.30386	0.0039297	-0.0755527	1.52729	0.447404	0.960294	0.0159846	0.481455	-0.0145138	-0.177323	0.132256	0.089958	0	0	0.0175415	0.048457	-0.157141	0.166165	0.279642	0	0	-0.0920192	0.015065	-0.0299855	0.0429607	-0.346578	1.31607	0.407223	0.272534	0	0	0.158439	-0.414319	1.33863	0.676352	0.748602	0	0
2.31383	0.00347225	-0.076746	1.53025	0.447909	0.959765	0.0124986	0.479545	-0.0145774	-0.176612	0.127245	0.085757	0	0	0.0158098	0.0481261	-0.154731	0.168073	0.28303	0	0	-0.090672	0.0142047	-0.0281268	0.0447691	-0.349561	1.30319	0.413538	0.282778	0	0	0.152663	-0.413907	1.34847	0.66853	0.740278	0	0
2.3238	0.00304202	-0.0779512	1.53317	0.448432	0.959251	0.00896882	0.477512	-0.0148538	-0.176713	0.123481	0.0806233	0	0	0.0139756	0.047748	-0.152265	0.169853	0.286184	0	0	-0.0892303	0.0134311	-0.0260787	0.0466383	-0.352715	1.28966	0.420253	0.293718	0	0	0.147141	-0.413289	1.35856	0.660317	0.731267	0	0
2.33378	0.00265695	-0.0791619	1.53607	0.448972	0.958762	0.00539472	0.475333	-0.0152969	-0.17767	0.120738	0.0743912	0	0	0.0120234	0.0473014	-0.149745	0.171486	0.289036	0	0	-0.0877031	0.0127695	-0.0238539	0.0485678	-0.356017	1.27565	0.427308	0.305216	0	0	0.14188	-0.412441	1.36887	0.651713	0.721532	0	0
2.34375	0.00233641	-0.0803697	1.53895	0.449528	0.958307	0.00177574	0.472982	-0.0158532	-0.179479	0.118771	0.0669252	0	0	0.0099382	0.046762	-0.147179	0.172954	0.291517	0	0	-0.086101	0.0122448	-0.0214706	0.0505606	-0.359441	1.2613	0.434646	0.317143	0	0	0.13688	-0.411346	1.37937	0.642731	0.711052	0	0
2.35372	0.00209921	-0.0815667	1.54182	0.4501	0.957896	-0.00188881	0.470441	-0.0164666	-0.182095	0.11734	0.058137	0	0	0.00770726	0.0461037	-0.144573	0.174247	0.293558	0	0	-0.0844338	0.0118789	-0.0189516	0.0526227	-0.362962	1.24676	0.442209	0.329376	0	0	0.132137	-0.409996	1.39002	0.633402	0.699822	0	0
2.3637	0.00196158	-0.0827469	1.54469	0.45069	0.957539	-0.00559966	0.467699	-0.0170827	-0.185439	0.116227	0.0479998	0	0	0.00532354	0.0453018	-0.141938	0.175358	0.295091	0	0	-0.0827085	0.0116887	-0.0163247	0.0547627	-0.366549	1.23215	0.44994	0.341797	0	0	0.127636	-0.408395	1.40074	0.623776	0.687861	0	0
2.37367	0.00193519	-0.083908	1.54755	0.451299	0.957244	-0.00935741	0.464761	-0.0176531	-0.189404	0.115253	0.0365588	0	0	0.00278822	0.0443346	-0.139284	0.176286	0.296057	0	0	-0.0809276	0.0116835	-0.0136219	0.0569921	-0.370173	1.21762	0.457784	0.354302	0	0	0.123357	-0.406563	1.41144	0.613924	0.675207	0	0
2.38364	0.00202568	-0.0850531	1.55042	0.451929	0.957019	-0.0131624	0.461649	-0.0181385	-0.193866	0.114287	0.0239363	0	0	0.000112986	0.0431856	-0.136623	0.177042	0.296406	0	0	-0.0790872	0.0118637	-0.0108796	0.0593251	-0.373802	1.20329	0.46569	0.366788	0	0	0.119269	-0.404529	1.422	0.60394	0.661928	0	0
2.39362	0.00223196	-0.0861916	1.55329	0.452584	0.95687	-0.0170146	0.458401	-0.0185107	-0.198692	0.113253	0.0103302	0	0	-0.00267863	0.0418447	-0.133969	0.177639	0.296099	0	0	-0.077177	0.0122196	-0.00813802	0.0617788	-0.377402	1.18928	0.473609	0.379158	0	0	0.115334	-0.402341	1.43228	0.593942	0.648124	0	0
2.40359	0.00254631	-0.0873391	1.55616	0.453268	0.956798	-0.0209135	0.455071	-0.0187529	-0.203746	0.112129	-0.00399411	0	0	-0.0055512	0.0403081	-0.131335	0.178105	0.29511	0	0	-0.0751793	0.0127323	-0.00544081	0.0643738	-0.380939	1.17573	0.481493	0.391313	0	0	0.111504	-0.400059	1.44207	0.584068	0.633929	0	0
2.41356	0.00295594	-0.0885164	1.55902	0.453984	0.956804	-0.024858	0.451727	-0.0188583	-0.208896	0.11094	-0.0187187	0	0	-0.00845905	0.0385782	-0.128736	0.178472	0.293428	0	0	-0.0730716	0.0133755	-0.00283068	0.0671265	-0.384379	1.16273	0.489307	0.403175	0	0	0.107733	-0.397752	1.45119	0.574469	0.619496	0	0
2.42354	0.00344496	-0.089748	1.56187	0.454738	0.956887	-0.0288465	0.448439	-0.0188276	-0.214021	0.109751	-0.0334929	0	0	-0.0113491	0.0366613	-0.126186	0.178778	0.291056	0	0	-0.0708278	0.0141185	-0.000346293	0.0700457	-0.387692	1.15036	0.497027	0.414695	0	0	0.103978	-0.395496	1.45944	0.565303	0.604984	0	0
2.43351	0.00399679	-0.0910598	1.56469	0.455533	0.957043	-0.032877	0.445281	-0.0186653	-0.219011	0.108645	-0.0479556	0	0	-0.0141649	0.0345661	-0.1237	0.179068	0.288012	0	0	-0.0684215	0.0149295	0.00197965	0.0731295	-0.390852	1.13863	0.504641	0.42586	0	0	0.100205	-0.393366	1.46663	0.556725	0.590551	0	0
2.44348	0.00459643	-0.0924758	1.56749	0.456374	0.957267	-0.0369473	0.442315	-0.0183764	-0.223776	0.107719	-0.061759	0	0	-0.0168508	0.0323021	-0.121295	0.179387	0.284327	0	0	-0.0658282	0.0157789	0.00412198	0.0763638	-0.393841	1.12754	0.512156	0.436693	0	0	0.0963889	-0.391433	1.47262	0.548882	0.576351	0	0
2.45346	0.00523259	-0.0940161	1.57026	0.457265	0.957551	-0.0410552	0.439591	-0.017963	-0.228243	0.107058	-0.074591	0	0	-0.0193575	0.0298773	-0.118984	0.179779	0.280043	0	0	-0.0630286	0.0166417	0.00606426	0.0797207	-0.396646	1.11701	0.519591	0.447255	0	0	0.0925207	-0.389762	1.47728	0.541901	0.562529	0	0
2.46343	0.00589875	-0.0956943	1.57299	0.458209	0.957889	-0.0451987	0.437142	-0.0174227	-0.232358	0.106734	-0.0861927	0	0	-0.0216451	0.0272976	-0.116783	0.180285	0.27521	0	0	-0.0600103	0.0174995	0.0077967	0.083163	-0.39926	1.10695	0.526974	0.457623	0	0	0.0886	-0.388405	1.48052	0.535891	0.549236	0	0
2.4734	0.00659378	-0.0975159	1.57567	0.459207	0.958271	-0.0493762	0.434978	-0.0167469	-0.236088	0.106788	-0.0963733	0	0	-0.0236872	0.0245662	-0.114704	0.180941	0.269889	0	0	-0.0567695	0.0183413	0.00931512	0.0866465	-0.401682	1.09726	0.53434	0.467881	0	0	0.0846355	-0.387404	1.4823	0.530935	0.536641	0	0
2.48338	0.00732193	-0.099477	1.57831	0.460261	0.958691	-0.0535868	0.433086	-0.0159214	-0.239423	0.107235	-0.105017	0	0	-0.0254728	0.0216832	-0.112758	0.181774	0.264143	0	0	-0.0533115	0.0191636	0.0106203	0.0901216	-0.403915	1.08783	0.541729	0.478112	0	0	0.0806442	-0.386785	1.4826	0.52709	0.524924	0	0
2.49335	0.00809208	-0.101564	1.58091	0.46137	0.95914	-0.0578304	0.431435	-0.0149272	-0.24237	0.108057	-0.112087	0	0	-0.0270075	0.0186462	-0.110954	0.182801	0.25804	0	0	-0.0496511	0.0199699	0.0117174	0.0935349	-0.405966	1.07853	0.549178	0.488393	0	0	0.0766509	-0.386561	1.48142	0.524382	0.514277	0	0
2.50332	0.00891663	-0.103756	1.58348	0.462534	0.95961	-0.0621078	0.429974	-0.0137428	-0.244958	0.109208	-0.117617	0	0	-0.0283126	0.0154509	-0.109293	0.184031	0.251649	0	0	-0.0458113	0.0207696	0.0126151	0.0968311	-0.407847	1.06926	0.556726	0.498788	0	0	0.0726873	-0.38673	1.47881	0.522805	0.504892	0	0
2.5133	0.00981002	-0.106024	1.58602	0.46375	0.960095	-0.0664203	0.42864	-0.0123462	-0.247235	0.110622	-0.121703	0	0	-0.0294233	0.012092	-0.107776	0.185463	0.24504	0	0	-0.0418223	0.0215759	0.0133256	0.0999556	-0.409571	1.05993	0.564404	0.509351	0	0	0.0687915	-0.387275	1.47487	0.522327	0.496957	0	0
2.52327	0.0107873	-0.108332	1.58855	0.465015	0.960587	-0.0707698	0.42736	-0.0107181	-0.249262	0.112222	-0.12449	0	0	-0.0303853	0.00856398	-0.106393	0.187088	0.238278	0	0	-0.0377194	0.0224042	0.0138627	0.102857	-0.411154	1.05044	0.572236	0.520113	0	0	0.0650067	-0.388169	1.46972	0.522888	0.490641	0	0
2.53324	0.0118629	-0.110643	1.59109	0.466325	0.961079	-0.0751587	0.426063	-0.00884343	-0.251113	0.113924	-0.126152	0	0	-0.0312515	0.00486152	-0.105132	0.18889	0.231429	0	0	-0.0335411	0.0232705	0.0142422	0.10549	-0.41261	1.04076	0.580238	0.531088	0	0	0.0613794	-0.389371	1.46348	0.524405	0.486084	0	0
2.54322	0.0130495	-0.112918	1.59365	0.467675	0.961567	-0.0795893	0.424677	-0.00671303	-0.252868	0.115652	-0.126877	0	0	-0.0320775	0.000979896	-0.103974	0.19085	0.224552	0	0	-0.0293272	0.0241898	0.0144802	0.107818	-0.413955	1.03087	0.58841	0.542267	0	0	0.0579584	-0.390835	1.45633	0.52678	0.483392	0	0
2.55319	0.0143578	-0.115121	1.59624	0.469062	0.962044	-0.0840635	0.423141	-0.00432442	-0.25461	0.117341	-0.126845	0	0	-0.0329181	-0.00308499	-0.102895	0.192946	0.217699	0	0	-0.025117	0.0251758	0.0145932	0.109815	-0.415202	1.02076	0.59674	0.553617	0	0	0.0547928	-0.392507	1.44845	0.529897	0.482621	0	0
2.56316	0.0157961	-0.117216	1.59888	0.47048	0.962506	-0.0885827	0.421404	-0.0016816	-0.256416	0.118945	-0.126216	0	0	-0.0338238	-0.00733674	-0.101869	0.195159	0.210917	0	0	-0.0209478	0.0262403	0.0145973	0.111468	-0.416364	1.0105	0.605202	0.565085	0	0	0.0519302	-0.394333	1.44	0.533634	0.483776	0	0
2.57314	0.0173703	-0.119174	1.60158	0.471926	0.962948	-0.0931476	0.419431	0.00120568	-0.258352	0.120437	-0.125119	0	0	-0.0348372	-0.0117788	-0.100866	0.197471	0.204243	0	0	-0.0168537	0.0273931	0.0145081	0.112775	-0.41745	1.00014	0.613758	0.576596	0	0	0.049416	-0.396254	1.43118	0.537866	0.486805	0	0
2.58311	0.0190847	-0.12097	1.60434	0.473396	0.963367	-0.0977577	0.417197	0.00432321	-0.260471	0.121816	-0.123645	0	0	-0.0359913	-0.0164144	-0.0998558	0.199869	0.197706	0	0	-0.012865	0.0286434	0.0143402	0.113748	-0.41847	0.989774	0.622359	0.588062	0	0	0.0472916	-0.39821	1.42216	0.542464	0.491598	0	0
2.59309	0.0209419	-0.122586	1.60718	0.474887	0.96376	-0.102411	0.414697	0.00765377	-0.262806	0.1231	-0.121842	0	0	-0.0373073	-0.0212472	-0.098812	0.20235	0.191324	0	0	-0.00900661	0.0299993	0.0141075	0.114408	-0.419429	0.97952	0.630948	0.599385	0	0	0.0455936	-0.400144	1.41311	0.547305	0.497988	0	0
2.60306	0.0229437	-0.124011	1.61008	0.476397	0.964125	-0.107106	0.411935	0.0111786	-0.26537	0.124323	-0.119723	0	0	-0.0387934	-0.0262807	-0.0977099	0.204915	0.185104	0	0	-0.00529814	0.0314693	0.0138224	0.114783	-0.420335	0.969489	0.639462	0.610462	0	0	0.0443529	-0.401998	1.40418	0.552269	0.505757	0	0
2.61303	0.0250906	-0.125238	1.61304	0.477924	0.964461	-0.111838	0.408928	0.0148787	-0.268157	0.125532	-0.117269	0	0	-0.0404438	-0.0315179	-0.0965315	0.207577	0.179046	0	0	-0.00175288	0.0330618	0.0134958	0.11491	-0.421195	0.959796	0.647836	0.62119	0	0	0.043594	-0.40372	1.39552	0.557248	0.514646	0	0
2.62301	0.0273825	-0.126272	1.61605	0.479466	0.964768	-0.116601	0.405701	0.0187355	-0.271142	0.126778	-0.11444	0	0	-0.0422381	-0.0369612	-0.0952659	0.210359	0.173139	0	0	0.00162252	0.0347858	0.0131361	0.114824	-0.422014	0.950549	0.656006	0.631473	0	0	0.0433346	-0.405258	1.38725	0.562143	0.524367	0	0
2.63298	0.029818	-0.12712	1.61909	0.481022	0.965048	-0.121391	0.402285	0.0227313	-0.274284	0.128108	-0.111186	0	0	-0.0441416	-0.0426112	-0.0939115	0.213295	0.167363	0	0	0.00482845	0.0366496	0.0127488	0.114565	-0.422798	0.941847	0.663908	0.641222	0	0	0.0435843	-0.406569	1.37945	0.566871	0.534614	0	0
2.64295	0.0323941	-0.127799	1.62215	0.482592	0.965302	-0.126201	0.398714	0.0268496	-0.277533	0.129564	-0.10746	0	0	-0.0461054	-0.0484663	-0.0924763	0.216432	0.161695	0	0	0.00787229	0.0386606	0.0123359	0.114169	-0.423553	0.933769	0.671482	0.650365	0	0	0.044345	-0.407613	1.37222	0.571367	0.545085	0	0
2.65293	0.0351056	-0.128329	1.62521	0.484173	0.965534	-0.131023	0.395021	0.0310744	-0.280834	0.131172	-0.103223	0	0	-0.0480673	-0.0545219	-0.0909795	0.219826	0.156106	0	0	0.0107681	0.0408242	0.011895	0.113669	-0.424283	0.926382	0.678674	0.658841	0	0	0.0456096	-0.408362	1.3656	0.575585	0.555494	0	0
2.6629	0.037945	-0.128737	1.62826	0.485764	0.965746	-0.135851	0.391238	0.0353902	-0.284133	0.13294	-0.0984593	0	0	-0.0499533	-0.0607701	-0.0894506	0.223545	0.150564	0	0	0.0135359	0.043142	0.0114192	0.113094	-0.424992	0.919732	0.685431	0.666607	0	0	0.0473618	-0.408797	1.3596	0.579503	0.565587	0	0
2.67287	0.0409012	-0.129052	1.6313	0.487364	0.965942	-0.140676	0.387395	0.0397814	-0.28738	0.134857	-0.0931742	0	0	-0.05168	-0.0671993	-0.0879296	0.227665	0.145036	0	0	0.0162001	0.0456115	0.0108973	0.112467	-0.425681	0.913847	0.691707	0.673637	0	0	0.0495759	-0.408913	1.3542	0.583126	0.575161	0	0
2.68285	0.0439606	-0.129305	1.63431	0.488969	0.966126	-0.145492	0.383515	0.0442322	-0.290536	0.136893	-0.0873996	0	0	-0.0531574	-0.073795	-0.0864655	0.232272	0.139488	0	0	0.0187882	0.048225	0.0103147	0.111807	-0.42635	0.908741	0.697463	0.679925	0	0	0.0522168	-0.408717	1.34933	0.586486	0.584077	0	0
2.69282	0.047106	-0.129528	1.63731	0.490579	0.966301	-0.150292	0.379616	0.0487268	-0.293571	0.139002	-0.0811906	0	0	-0.0542924	-0.0805399	-0.0851148	0.237454	0.133886	0	0	0.0213282	0.0509692	0.00965415	0.111123	-0.426997	0.904409	0.70266	0.685482	0	0	0.0552398	-0.408231	1.34489	0.589641	0.592267	0	0
2.70279	0.050318	-0.129752	1.64028	0.492191	0.966469	-0.155068	0.37571	0.0532494	-0.296468	0.141124	-0.074622	0	0	-0.0549923	-0.0874155	-0.0839382	0.243301	0.128194	0	0	0.023847	0.0538255	0.00889756	0.110425	-0.427617	0.900833	0.707269	0.690332	0	0	0.0585918	-0.407491	1.34076	0.592679	0.599737	0	0
2.71277	0.0535752	-0.130003	1.64326	0.493802	0.966633	-0.159816	0.371804	0.0577853	-0.299222	0.143191	-0.0677819	0	0	-0.0551688	-0.0944024	-0.082998	0.2499	0.122374	0	0	0.026369	0.0567707	0.0080277	0.109715	-0.428203	0.897989	0.711262	0.69451	0	0	0.0622129	-0.406546	1.33673	0.595709	0.606562	0	0
2.72274	0.0568547	-0.130306	1.64623	0.495411	0.966794	-0.164529	0.367903	0.0623206	-0.301832	0.145136	-0.0607669	0	0	-0.054742	-0.101481	-0.0823524	0.25733	0.116384	0	0	0.0289152	0.059777	0.00703021	0.108995	-0.428748	0.89585	0.714615	0.698045	0	0	0.0660392	-0.405457	1.33264	0.598859	0.612861	0	0
2.73271	0.0601333	-0.130679	1.64921	0.497016	0.966951	-0.169204	0.364007	0.0668434	-0.304305	0.146892	-0.0536745	0	0	-0.0536437	-0.108633	-0.082051	0.265659	0.110175	0	0	0.0315019	0.0628139	0.00589543	0.108268	-0.42924	0.894394	0.717306	0.700958	0	0	0.070005	-0.404291	1.32827	0.602268	0.618786	0	0
2.74269	0.0633889	-0.131137	1.65221	0.498617	0.967104	-0.173835	0.360118	0.0713448	-0.306649	0.148403	-0.0465966	0	0	-0.0518199	-0.115841	-0.0821305	0.274939	0.103692	0	0	0.0341396	0.0658506	0.00461981	0.107536	-0.429671	0.893599	0.719318	0.703257	0	0	0.0740449	-0.403119	1.32342	0.606083	0.624512	0	0
2.75266	0.0666026	-0.131686	1.65523	0.500213	0.967251	-0.17842	0.356235	0.0758196	-0.308873	0.149627	-0.039613	0	0	-0.0492319	-0.123092	-0.0826107	0.285206	0.0968713	0	0	0.0368314	0.0688579	0.00320673	0.1068	-0.430031	0.893445	0.720642	0.704942	0	0	0.078095	-0.402015	1.31789	0.610451	0.63023	0	0
2.76263	0.0697595	-0.132328	1.65827	0.501805	0.967388	-0.182955	0.352362	0.0802668	-0.310984	0.150539	-0.0327878	0	0	-0.0458563	-0.130378	-0.0834908	0.296484	0.0896382	0	0	0.0395728	0.071811	0.00166637	0.106064	-0.430314	0.89391	0.721276	0.706005	0	0	0.0820945	-0.40105	1.31149	0.615511	0.636139	0	0
2.77261	0.07285	-0.13306	1.66132	0.503393	0.96751	-0.187437	0.348503	0.0846901	-0.312988	0.151133	-0.0261668	0	0	-0.0416837	-0.137693	-0.084747	0.308781	0.0819107	0	0	0.0423521	0.0746914	1.50179e-05	0.105332	-0.430518	0.894971	0.721227	0.706435	0	0	0.0859869	-0.400289	1.30407	0.621393	0.642441	0	0
2.78258	0.0758706	-0.133872	1.66438	0.50498	0.967613	-0.191865	0.344669	0.0890971	-0.314887	0.151424	-0.0197765	0	0	-0.0367162	-0.145038	-0.0863311	0.322093	0.0735996	0	0	0.0451506	0.0774885	-0.00172636	0.104607	-0.430645	0.896602	0.720515	0.70622	0	0	0.0897209	-0.399788	1.29548	0.628204	0.649336	0	0
2.79255	0.0788243	-0.134752	1.66743	0.506564	0.967691	-0.196235	0.340872	0.0934993	-0.316685	0.151443	-0.0136257	0	0	-0.0309645	-0.152416	-0.0881695	0.336414	0.0646118	0	0	0.0479438	0.0802007	-0.0035338	0.103895	-0.430699	0.898774	0.719166	0.705348	0	0	0.0932521	-0.399588	1.28563	0.636031	0.657014	0	0
2.80253	0.0817196	-0.135685	1.67046	0.508148	0.967737	-0.200544	0.337129	0.0979104	-0.318382	0.15124	-0.00770733	0	0	-0.0244447	-0.159832	-0.0901648	0.351732	0.0548549	0	0	0.0507022	0.0828355	-0.00538213	0.103202	-0.430694	0.901455	0.717219	0.703815	0	0	0.0965448	-0.399719	1.27447	0.644925	0.665648	0	0
2.8125	0.0845702	-0.13665	1.67345	0.509731	0.967747	-0.20479	0.333457	0.102345	-0.319983	0.150873	-0.00200144	0	0	-0.017175	-0.167292	-0.0921982	0.368038	0.0442435	0	0	0.053393	0.0854093	-0.00724634	0.102536	-0.430644	0.90461	0.714718	0.701623	0	0	0.0995733	-0.400193	1.26198	0.654907	0.675384	0	0
2.82247	0.0873932	-0.137629	1.67638	0.511313	0.967714	-0.20897	0.329876	0.106819	-0.321491	0.150412	0.00352077	0	0	-0.00917411	-0.1748	-0.094133	0.385327	0.0327073	0	0	0.0559807	0.0879456	-0.00910237	0.101905	-0.430571	0.908202	0.711714	0.69878	0	0	0.102324	-0.401003	1.24822	0.66596	0.686331	0	0
2.83245	0.0902069	-0.138599	1.67925	0.512891	0.967635	-0.21308	0.326405	0.111342	-0.322916	0.149929	0.00889335	0	0	-0.000459633	-0.182353	-0.0958209	0.403603	0.0202003	0	0	0.0584279	0.0904733	-0.0109271	0.101316	-0.430497	0.912188	0.708262	0.695311	0	0	0.1048	-0.402126	1.23331	0.678028	0.69855	0	0
2.84242	0.0930288	-0.139537	1.68203	0.514462	0.967507	-0.217116	0.323056	0.115925	-0.324268	0.149493	0.0141519	0	0	0.00895154	-0.189942	-0.0971077	0.422875	0.00671116	0	0	0.0606965	0.0930236	-0.012697	0.100772	-0.430449	0.91652	0.704417	0.691249	0	0	0.107021	-0.403522	1.2174	0.691018	0.712032	0	0
2.85239	0.095873	-0.140417	1.68471	0.516024	0.967328	-0.221075	0.319838	0.120568	-0.325562	0.14917	0.0193306	0	0	0.0190436	-0.197549	-0.0978438	0.443157	-0.00772579	0	0	0.0627478	0.0956271	-0.0143913	0.100276	-0.430452	0.921147	0.700235	0.686641	0	0	0.109018	-0.40514	1.2007	0.704809	0.726721	0	0
2.86237	0.0987479	-0.141214	1.68729	0.517569	0.967099	-0.224953	0.316752	0.125267	-0.326813	0.149017	0.0244598	0	0	0.0297992	-0.205145	-0.0978921	0.464469	-0.0230201	0	0	0.0645428	0.0983099	-0.0159918	0.0998336	-0.430531	0.926022	0.695763	0.681534	0	0	0.110831	-0.406921	1.18346	0.719255	0.742513	0	0
2.87234	0.101653	-0.141899	1.68975	0.519095	0.966823	-0.228748	0.313789	0.130009	-0.328036	0.149078	0.0295641	0	0	0.0411957	-0.212685	-0.0971354	0.486825	-0.0390159	0	0	0.0660421	0.10109	-0.0174809	0.0994461	-0.430705	0.931101	0.691043	0.675981	0	0	0.112508	-0.408802	1.1659	0.734195	0.759254	0	0
2.88231	0.10458	-0.142444	1.69209	0.520593	0.966504	-0.232457	0.31093	0.134775	-0.329243	0.149385	0.0346617	0	0	0.0532063	-0.220117	-0.095489	0.510233	-0.0554896	0	0	0.0672078	0.103976	-0.0188464	0.0991201	-0.430987	0.93635	0.686109	0.670027	0	0	0.114095	-0.410722	1.14827	0.749467	0.776773	0	0
2.89229	0.10751	-0.142823	1.69429	0.52206	0.966149	-0.236078	0.308148	0.139535	-0.330441	0.149954	0.0397644	0	0	0.0657953	-0.227376	-0.092905	0.534687	-0.0721475	0	0	0.0680035	0.106962	-0.0200809	0.0988654	-0.431382	0.94175	0.680982	0.663702	0	0	0.115626	-0.412629	1.13075	0.764913	0.794894	0	0
2.90226	0.110414	-0.143009	1.69636	0.523491	0.965767	-0.239609	0.305407	0.144255	-0.331631	0.150787	0.0448769	0	0	0.0789158	-0.23439	-0.0893757	0.560161	-0.0886287	0	0	0.0683956	0.110031	-0.0211806	0.0986945	-0.431886	0.947296	0.675673	0.657026	0	0	0.117128	-0.414477	1.11351	0.780383	0.813437	0	0
2.91223	0.113252	-0.142978	1.69827	0.524881	0.965369	-0.243051	0.302663	0.148893	-0.332803	0.15187	0.0499973	0	0	0.0925071	-0.241079	-0.0849341	0.586598	-0.104513	0	0	0.0683543	0.113149	-0.0221431	0.0986194	-0.432484	0.952992	0.670186	0.650001	0	0	0.118621	-0.416231	1.09669	0.795738	0.832219	0	0
2.92221	0.115977	-0.142706	1.70001	0.526228	0.964964	-0.246404	0.299864	0.153403	-0.333939	0.153177	0.0551172	0	0	0.106494	-0.247359	-0.0796518	0.613904	-0.119335	0	0	0.0678556	0.116271	-0.0229659	0.0986493	-0.433155	0.958844	0.664518	0.642622	0	0	0.120117	-0.417869	1.08039	0.810849	0.851049	0	0
2.93218	0.118536	-0.142178	1.70158	0.527532	0.964567	-0.249672	0.296955	0.157736	-0.335012	0.154667	0.0602229	0	0	0.120789	-0.253146	-0.0736341	0.641949	-0.132604	0	0	0.0668834	0.119339	-0.0236456	0.0987885	-0.433866	0.964861	0.658662	0.634879	0	0	0.121626	-0.419375	1.06472	0.825597	0.869721	0	0
2.94215	0.12087	-0.141381	1.70295	0.528791	0.964189	-0.252857	0.293883	0.161843	-0.335986	0.15629	0.0652955	0	0	0.135293	-0.258359	-0.0670141	0.670562	-0.14383	0	0	0.0654309	0.122287	-0.0241766	0.0990341	-0.434582	0.971048	0.652611	0.62676	0	0	0.123152	-0.420748	1.04977	0.839876	0.888024	0	0
2.95213	0.122923	-0.140312	1.7041	0.530008	0.963844	-0.255964	0.290594	0.165677	-0.336818	0.157988	0.0703125	0	0	0.1499	-0.262925	-0.059944	0.69953	-0.152551	0	0	0.0635038	0.125045	-0.0245519	0.0993751	-0.435263	0.977402	0.646363	0.618255	0	0	0.124697	-0.421993	1.03562	0.853588	0.905734	0	0
2.9621	0.12464	-0.138978	1.70502	0.531186	0.963542	-0.258999	0.287045	0.169195	-0.337462	0.159698	0.075248	0	0	0.164503	-0.266781	-0.0525867	0.728604	-0.158361	0	0	0.0611225	0.127541	-0.0247629	0.0997917	-0.435867	0.983915	0.639918	0.609362	0	0	0.12626	-0.423124	1.02235	0.866646	0.922632	0	0
2.97207	0.125971	-0.137397	1.70568	0.532329	0.963294	-0.261968	0.283205	0.172357	-0.337874	0.161356	0.0800742	0	0	0.179	-0.269879	-0.0451072	0.757503	-0.160938	0	0	0.0583246	0.129707	-0.0248005	0.100255	-0.436353	0.990571	0.633285	0.600088	0	0	0.127838	-0.424159	1.01003	0.878974	0.938503	0	0
2.98205	0.126878	-0.135601	1.70608	0.533441	0.963108	-0.264878	0.279058	0.175132	-0.338009	0.162902	0.084762	0	0	0.193299	-0.272185	-0.0376645	0.785922	-0.160065	0	0	0.0551685	0.131482	-0.0246556	0.100728	-0.436686	0.997347	0.626482	0.590452	0	0	0.129418	-0.425122	0.998733	0.890504	0.953154	0	0
2.99202	0.127332	-0.13364	1.70619	0.534528	0.962988	-0.267737	0.274614	0.177497	-0.33783	0.16428	0.0892824	0	0	0.207329	-0.273685	-0.0304059	0.813537	-0.155648	0	0	0.0517371	0.132815	-0.0243201	0.101163	-0.436835	1.00422	0.619536	0.580489	0	0	0.130982	-0.426037	0.988506	0.901178	0.966418	0	0
3.00199	0.127317	-0.131564	1.706	0.535595	0.962937	-0.270554	0.269889	0.179437	-0.337304	0.165445	0.0936071	0	0	0.221022	-0.27438	-0.0234617	0.840021	-0.147725	0	0	0.048111	0.133667	-0.0237864	0.101516	-0.43678	1.01114	0.612486	0.570248	0	0	0.132512	-0.426928	0.979393	0.910951	0.97817	0	0
3.01197	0.126828	-0.129423	1.70551	0.536647	0.962955	-0.273332	0.264909	0.180947	-0.336408	0.166366	0.097709	0	0	0.234322	-0.274294	-0.0169424	0.86505	-0.136464	0	0	0.0443668	0.134017	-0.0230465	0.101747	-0.43651	1.0181	0.605386	0.559796	0	0	0.133987	-0.427819	0.971418	0.919792	0.988325	0	0
3.02194	0.125874	-0.127264	1.7047	0.537689	0.963041	-0.276079	0.25971	0.182032	-0.335126	0.167025	0.101564	0	0	0.247183	-0.273466	-0.0109378	0.888313	-0.122153	0	0	0.0405748	0.133862	-0.0220918	0.101819	-0.436029	1.02504	0.598301	0.549218	0	0	0.135389	-0.428729	0.964583	0.927679	0.996851	0	0
3.03191	0.124479	-0.125133	1.70356	0.538724	0.963191	-0.278796	0.254337	0.182709	-0.333453	0.167419	0.105151	0	0	0.259569	-0.271956	-0.00551768	0.909525	-0.105185	0	0	0.0367978	0.133218	-0.0209125	0.101701	-0.435352	1.03191	0.591306	0.53862	0	0	0.136696	-0.429669	0.958871	0.934601	1.00377	0	0
3.04189	0.122678	-0.12307	1.7021	0.539755	0.963398	-0.281486	0.248841	0.183003	-0.331388	0.167562	0.108457	0	0	0.271459	-0.269837	-0.000733709	0.928432	-0.0860376	0	0	0.0330895	0.132118	-0.0194974	0.101369	-0.434507	1.03867	0.584484	0.528124	0	0	0.137888	-0.430643	0.954244	0.940555	1.00913	0	0
3.05186	0.120516	-0.12111	1.70032	0.540784	0.963654	-0.284151	0.243279	0.18295	-0.328942	0.167481	0.111473	0	0	0.28284	-0.267198	0.00337811	0.944822	-0.0652389	0	0	0.0294927	0.130611	-0.0178341	0.100802	-0.433533	1.04525	0.57792	0.517874	0	0	0.138945	-0.431648	0.950647	0.945545	1.01304	0	0
3.06184	0.118046	-0.119283	1.6982	0.541812	0.963951	-0.286789	0.23771	0.182591	-0.326128	0.167216	0.114202	0	0	0.293708	-0.264136	0.00679469	0.958524	-0.0433426	0	0	0.0260392	0.128759	-0.0159111	0.099993	-0.432473	1.05161	0.571699	0.508011	0	0	0.139845	-0.432673	0.948003	0.94958	1.01564	0	0
3.07181	0.115329	-0.11761	1.69574	0.542838	0.964276	-0.289401	0.232195	0.181973	-0.322969	0.166815	0.116654	0	0	0.30407	-0.260756	0.00950326	0.969419	-0.0208956	0	0	0.0227494	0.126633	-0.0137195	0.0989433	-0.431373	1.05769	0.565896	0.498668	0	0	0.140565	-0.433698	0.946221	0.952674	1.01709	0	0
3.08178	0.112424	-0.116108	1.69296	0.543863	0.964621	-0.291985	0.226788	0.181146	-0.319491	0.166331	0.118853	0	0	0.313937	-0.257164	0.0114994	0.977435	0.00158831	0	0	0.0196324	0.124309	-0.0112536	0.0976669	-0.430282	1.06346	0.560572	0.489959	0	0	0.141082	-0.434701	0.945197	0.954841	1.01756	0	0
3.09176	0.109394	-0.114784	1.68986	0.544883	0.964974	-0.294539	0.22154	0.180159	-0.315724	0.16582	0.12083	0	0	0.323325	-0.253466	0.0127857	0.982552	0.0236517	0	0	0.0166866	0.121862	-0.00851256	0.0961873	-0.429243	1.06889	0.555776	0.481981	0	0	0.141375	-0.435653	0.944822	0.956097	1.01722	0	0
3.10173	0.106296	-0.113638	1.68643	0.545899	0.965323	-0.297061	0.216494	0.179064	-0.311703	0.165332	0.122627	0	0	0.332254	-0.249763	0.0133718	0.984795	0.0449108	0	0	0.0139013	0.119367	-0.0055013	0.0945375	-0.428294	1.07398	0.551537	0.474804	0	0	0.141425	-0.436523	0.944993	0.956454	1.01623	0	0
3.1117	0.103185	-0.112667	1.6827	0.546906	0.96566	-0.299549	0.211682	0.177906	-0.307466	0.164916	0.12429	0	0	0.340747	-0.246147	0.0132742	0.984233	0.065066	0	0	0.0112582	0.116893	-0.00223195	0.0927574	-0.427465	1.07871	0.547868	0.468471	0	0	0.141221	-0.437279	0.945614	0.955919	1.01469	0	0
3.12168	0.100107	-0.111859	1.67868	0.547904	0.965977	-0.302	0.207127	0.176726	-0.303052	0.164609	0.125873	0	0	0.348828	-0.242698	0.0125175	0.980971	0.0839056	0	0	0.00873303	0.1145	0.00127496	0.0908929	-0.426776	1.08309	0.544761	0.462999	0	0	0.140756	-0.43789	0.946604	0.954498	1.0127	0	0
3.13165	0.0971009	-0.1112	1.67439	0.548888	0.966266	-0.304413	0.20284	0.175558	-0.298505	0.164438	0.127428	0	0	0.356521	-0.239479	0.0111348	0.975146	0.101303	0	0	0.00629845	0.112236	0.00498956	0.0889936	-0.42624	1.08712	0.542192	0.458375	0	0	0.140029	-0.438326	0.947904	0.952189	1.01029	0	0
3.14162	0.0941984	-0.110673	1.66985	0.549857	0.966522	-0.306786	0.198824	0.174432	-0.293866	0.164419	0.129005	0	0	0.363852	-0.236542	0.00916818	0.966919	0.117206	0	0	0.00392563	0.110141	0.00887216	0.0871114	-0.425856	1.09082	0.54012	0.45456	0	0	0.139049	-0.43856	0.94948	0.948983	1.00745	0	0
3.1516	0.0914207	-0.11026	1.66511	0.550806	0.966742	-0.309119	0.19507	0.173366	-0.289174	0.164559	0.13065	0	0	0.370844	-0.233918	0.00666785	0.956466	0.13163	0	0	0.00158648	0.10824	0.0128733	0.0852987	-0.425614	1.09422	0.538492	0.451488	0	0	0.13783	-0.438571	0.951323	0.944869	1.00415	0	0
3.16157	0.0887813	-0.10994	1.66019	0.551733	0.966925	-0.311411	0.191561	0.172374	-0.28447	0.164851	0.132398	0	0	0.377519	-0.231625	0.00369076	0.943973	0.144633	0	0	-0.000744658	0.106547	0.0169344	0.0836064	-0.425498	1.09733	0.537246	0.449077	0	0	0.136394	-0.438341	0.953453	0.939831	1.0003	0	0
3.17154	0.0862856	-0.109693	1.65515	0.552634	0.967071	-0.313662	0.188275	0.171459	-0.279786	0.16528	0.134275	0	0	0.383895	-0.229664	0.000297774	0.929627	0.156308	0	0	-0.00308965	0.105067	0.0209894	0.0820828	-0.425483	1.10018	0.536311	0.447227	0	0	0.134765	-0.437859	0.955916	0.933851	0.995797	0	0
3.18152	0.0839321	-0.109502	1.65002	0.553507	0.967181	-0.315874	0.185182	0.170621	-0.275153	0.165826	0.136295	0	0	0.389989	-0.228025	-0.0034501	0.913613	0.166762	0	0	-0.00546559	0.103793	0.0249669	0.0807714	-0.425537	1.10283	0.535616	0.445831	0	0	0.132975	-0.437119	0.958782	0.926911	0.990524	0	0
3.19149	0.0817139	-0.109348	1.64485	0.554349	0.967259	-0.31805	0.182249	0.169853	-0.270594	0.166461	0.138462	0	0	0.395811	-0.226688	-0.00749613	0.896109	0.176103	0	0	-0.00788422	0.102713	0.0287926	0.0797096	-0.425627	1.1053	0.535092	0.444779	0	0	0.131054	-0.43612	0.962146	0.918997	0.984355	0	0
3.20146	0.0796198	-0.109214	1.6397	0.555156	0.967309	-0.320191	0.179442	0.169145	-0.266129	0.167154	0.140767	0	0	0.401369	-0.225626	-0.0117925	0.877281	0.18443	0	0	-0.0103516	0.101808	0.0323928	0.0789271	-0.425721	1.10762	0.534674	0.443969	0	0	0.129036	-0.434867	0.966119	0.910096	0.977171	0	0
3.21144	0.0776362	-0.109088	1.6346	0.555928	0.967336	-0.322303	0.176727	0.168484	-0.261769	0.167874	0.143195	0	0	0.406664	-0.224808	-0.0163042	0.85728	0.191821	0	0	-0.012868	0.101056	0.0356974	0.0784447	-0.425785	1.10984	0.534307	0.443309	0	0	0.126955	-0.433366	0.970826	0.900205	0.968864	0	0
3.22141	0.0757484	-0.108958	1.6296	0.556662	0.967345	-0.324389	0.174069	0.167858	-0.257523	0.168591	0.145722	0	0	0.411698	-0.224203	-0.0210124	0.836246	0.198335	0	0	-0.0154283	0.100434	0.0386436	0.0782733	-0.425792	1.11197	0.533949	0.442724	0	0	0.124844	-0.431631	0.976402	0.889326	0.95935	0	0
3.23138	0.073942	-0.108816	1.62473	0.557358	0.967339	-0.326454	0.171441	0.167252	-0.253394	0.169276	0.148322	0	0	0.416467	-0.223776	-0.0259152	0.814304	0.204006	0	0	-0.018022	0.0999213	0.0411786	0.078413	-0.425718	1.11404	0.533571	0.44216	0	0	0.122734	-0.429673	0.982984	0.877473	0.94857	0	0
3.24136	0.0722044	-0.108656	1.62003	0.558013	0.967325	-0.328503	0.168817	0.166655	-0.249382	0.169907	0.150967	0	0	0.420972	-0.223497	-0.0310271	0.791569	0.208848	0	0	-0.0206336	0.0994981	0.043262	0.0788532	-0.425548	1.11604	0.533159	0.441589	0	0	0.120654	-0.427505	0.990709	0.864673	0.936497	0	0
3.25133	0.0705253	-0.10848	1.61551	0.558628	0.967304	-0.330541	0.166182	0.166058	-0.245487	0.170465	0.153631	0	0	0.425211	-0.223336	-0.0363752	0.768141	0.21286	0	0	-0.0232436	0.0991492	0.0448678	0.0795726	-0.425275	1.11795	0.532716	0.441005	0	0	0.11863	-0.425141	0.9997	0.850963	0.923133	0	0
3.2613	0.0688974	-0.10829	1.6112	0.559202	0.967281	-0.332571	0.163526	0.165453	-0.241705	0.170939	0.156288	0	0	0.42919	-0.223263	-0.0419935	0.744118	0.21603	0	0	-0.0258283	0.098864	0.0459851	0.0805398	-0.4249	1.11977	0.532259	0.440424	0	0	0.116683	-0.422594	1.01007	0.836396	0.908515	0	0
3.27128	0.067317	-0.108095	1.6071	0.559734	0.967255	-0.334599	0.160848	0.164836	-0.238036	0.171323	0.158919	0	0	0.432919	-0.223247	-0.047915	0.719587	0.218344	0	0	-0.0283613	0.0986365	0.0466182	0.0817148	-0.424433	1.12143	0.53182	0.439886	0	0	0.11483	-0.419873	1.02189	0.821042	0.892709	0	0
3.28125	0.0657832	-0.107907	1.60322	0.560224	0.967229	-0.336628	0.158159	0.164203	-0.234477	0.17162	0.161508	0	0	0.436412	-0.223255	-0.0541619	0.694632	0.219793	0	0	-0.0308142	0.0984648	0.0467859	0.0830507	-0.423891	1.1229	0.53144	0.439442	0	0	0.113082	-0.41699	1.03522	0.804983	0.875808	0	0
3.29122	0.0642979	-0.107742	1.59956	0.560672	0.9672	-0.33866	0.155473	0.163554	-0.23103	0.171841	0.164045	0	0	0.439693	-0.223252	-0.0607355	0.669335	0.220377	0	0	-0.0331577	0.0983512	0.0465198	0.0844953	-0.423298	1.1241	0.531168	0.439159	0	0	0.111441	-0.413953	1.05007	0.788322	0.857933	0	0
3.3012	0.0628652	-0.107618	1.5961	0.561077	0.967169	-0.340697	0.152814	0.162888	-0.227697	0.172	0.166525	0	0	0.442787	-0.223195	-0.0676064	0.643774	0.220112	0	0	-0.0353633	0.0983001	0.0458627	0.0859937	-0.422684	1.12497	0.531059	0.439106	0	0	0.109905	-0.410773	1.06639	0.771174	0.839225	0	0
3.31117	0.0614904	-0.107556	1.59284	0.561437	0.967132	-0.342741	0.15021	0.162207	-0.224483	0.172121	0.168948	0	0	0.445725	-0.22304	-0.0747062	0.618025	0.21903	0	0	-0.0374046	0.0983175	0.0448659	0.0874907	-0.422079	1.12545	0.531165	0.439352	0	0	0.108459	-0.407462	1.0841	0.753672	0.819842	0	0
3.32114	0.0601788	-0.107573	1.58977	0.561751	0.967087	-0.344793	0.147692	0.16151	-0.221397	0.172231	0.171317	0	0	0.448536	-0.222735	-0.081922	0.59216	0.217177	0	0	-0.0392593	0.0984093	0.0435872	0.0889324	-0.421517	1.12547	0.531538	0.439963	0	0	0.107086	-0.404034	1.10304	0.735963	0.799959	0	0
3.33112	0.0589358	-0.107688	1.58687	0.562019	0.967032	-0.346854	0.145291	0.160797	-0.218446	0.172361	0.17364	0	0	0.451246	-0.222226	-0.0890942	0.566247	0.214618	0	0	-0.0409105	0.0985803	0.0420882	0.0902689	-0.421029	1.12497	0.53222	0.440994	0	0	0.105758	-0.400507	1.12303	0.718202	0.779759	0	0
3.34109	0.0577652	-0.107914	1.58412	0.56224	0.966964	-0.348923	0.143036	0.160065	-0.215642	0.172544	0.175928	0	0	0.453877	-0.221458	-0.096019	0.540346	0.211426	0	0	-0.0423485	0.098833	0.0404324	0.0914559	-0.420642	1.1239	0.533243	0.442485	0	0	0.104445	-0.396906	1.14381	0.700555	0.75943	0	0
3.35106	0.0566693	-0.108257	1.58152	0.562411	0.96688	-0.351002	0.140949	0.159312	-0.212995	0.172817	0.178193	0	0	0.456439	-0.220377	-0.102456	0.514512	0.207681	0	0	-0.0435723	0.0991672	0.0386836	0.0924561	-0.42038	1.12225	0.534626	0.444464	0	0	0.103117	-0.393258	1.1651	0.683187	0.739162	0	0
3.36104	0.0556483	-0.108719	1.57904	0.562532	0.966781	-0.353091	0.139049	0.158532	-0.210518	0.173215	0.180446	0	0	0.458929	-0.218937	-0.108138	0.488789	0.203462	0	0	-0.0445903	0.0995795	0.0369047	0.0932397	-0.42026	1.12	0.536374	0.446939	0	0	0.101742	-0.389596	1.18657	0.666264	0.719137	0	0
3.37101	0.0547008	-0.109294	1.57667	0.562603	0.966665	-0.355189	0.137342	0.157719	-0.208221	0.173772	0.1827	0	0	0.461332	-0.2171	-0.11279	0.463212	0.198844	0	0	-0.0454208	0.100064	0.0351563	0.0937856	-0.420294	1.11715	0.538476	0.449902	0	0	0.100295	-0.385954	1.20789	0.649942	0.699523	0	0
3.38098	0.0538235	-0.109967	1.57439	0.562624	0.966532	-0.357298	0.135827	0.156868	-0.206113	0.17452	0.184964	0	0	0.463613	-0.214842	-0.116145	0.437807	0.193893	0	0	-0.0460923	0.100611	0.0334972	0.0940804	-0.420485	1.11372	0.540906	0.45333	0	0	0.0987608	-0.382372	1.22874	0.634364	0.680468	0	0
3.39096	0.0530123	-0.110715	1.57218	0.562593	0.966385	-0.359417	0.134489	0.155971	-0.2042	0.175484	0.187247	0	0	0.465726	-0.212155	-0.117966	0.412591	0.188659	0	0	-0.0466421	0.101212	0.0319833	0.0941184	-0.420833	1.10975	0.543624	0.457187	0	0	0.097134	-0.378886	1.24881	0.619655	0.662088	0	0
3.40093	0.0522626	-0.111508	1.57004	0.562513	0.966226	-0.361548	0.133307	0.155025	-0.202487	0.176688	0.189553	0	0	0.467608	-0.20905	-0.118064	0.387576	0.183181	0	0	-0.0471161	0.101855	0.0306641	0.0939044	-0.42133	1.10528	0.546578	0.461418	0	0	0.095417	-0.375534	1.26778	0.605927	0.644496	0	0
3.4109	0.0515703	-0.112311	1.56793	0.562382	0.966057	-0.363692	0.132246	0.154025	-0.200972	0.178143	0.191881	0	0	0.46919	-0.205559	-0.116318	0.362775	0.177482	0	0	-0.0475668	0.102532	0.0295807	0.093455	-0.421964	1.1004	0.549703	0.465956	0	0	0.0936162	-0.372352	1.28539	0.593275	0.627812	0	0
3.42088	0.0509327	-0.113084	1.56585	0.562204	0.965882	-0.36585	0.131264	0.152971	-0.199653	0.179858	0.194228	0	0	0.470398	-0.201733	-0.11269	0.338204	0.171576	0	0	-0.0480505	0.103236	0.028765	0.0927981	-0.422719	1.09521	0.552925	0.470711	0	0	0.0917417	-0.369377	1.30137	0.581777	0.612168	0	0
3.43085	0.0503492	-0.113787	1.56378	0.561978	0.965705	-0.368022	0.130315	0.151867	-0.198522	0.181828	0.196586	0	0	0.47116	-0.197639	-0.107236	0.313892	0.165468	0	0	-0.0486238	0.103962	0.0282386	0.0919726	-0.423573	1.08981	0.556165	0.47558	0	0	0.089806	-0.366642	1.31548	0.5715	0.597707	0	0
3.44082	0.049822	-0.114379	1.56171	0.561707	0.96553	-0.370212	0.129347	0.150721	-0.197568	0.18404	0.198945	0	0	0.471415	-0.193363	-0.10011	0.28989	0.159163	0	0	-0.0493401	0.10471	0.0280124	0.0910267	-0.424507	1.08435	0.559338	0.480443	0	0	0.0878228	-0.364175	1.32755	0.562493	0.584587	0	0
3.4508	0.0493562	-0.114826	1.55961	0.561391	0.96536	-0.37242	0.128311	0.149545	-0.196775	0.186474	0.201289	0	0	0.47112	-0.189	-0.0915634	0.26627	0.152674	0	0	-0.0502447	0.105487	0.0280887	0.0900126	-0.425499	1.07897	0.562361	0.485173	0	0	0.0858118	-0.362	1.33744	0.554785	0.572946	0	0
3.46077	0.0489608	-0.115101	1.55749	0.561032	0.965198	-0.374648	0.127161	0.148355	-0.196125	0.189097	0.203603	0	0	0.470257	-0.184652	-0.0819366	0.243142	0.146023	0	0	-0.0513719	0.106303	0.0284626	0.0889827	-0.42653	1.07381	0.565155	0.489646	0	0	0.0837988	-0.360131	1.34509	0.548386	0.562888	0	0
3.47074	0.0486477	-0.115185	1.55532	0.560631	0.965046	-0.376901	0.125857	0.147173	-0.195599	0.19187	0.20587	0	0	0.468835	-0.180421	-0.0716444	0.220649	0.13925	0	0	-0.0527412	0.107174	0.0291237	0.0879841	-0.427583	1.06901	0.56765	0.493752	0	0	0.0818187	-0.35857	1.35055	0.543279	0.554466	0	0
3.48072	0.0484311	-0.115073	1.5531	0.56019	0.964905	-0.379179	0.124368	0.146023	-0.195174	0.194747	0.208074	0	0	0.466896	-0.176407	-0.0611559	0.198971	0.132417	0	0	-0.0543559	0.108121	0.0300568	0.0870565	-0.428645	1.06467	0.569783	0.497397	0	0	0.0799127	-0.35731	1.35391	0.539428	0.547668	0	0
3.49069	0.048327	-0.114768	1.55084	0.559708	0.964775	-0.381485	0.122674	0.144931	-0.19483	0.19768	0.210201	0	0	0.464514	-0.172699	-0.0509697	0.178321	0.12561	0	0	-0.0562021	0.109166	0.0312421	0.0862306	-0.429704	1.06089	0.571506	0.500512	0	0	0.0781258	-0.356337	1.35536	0.536777	0.542431	0	0
3.50066	0.0483512	-0.114289	1.54852	0.559187	0.964654	-0.383824	0.120766	0.143923	-0.194543	0.200617	0.212239	0	0	0.461788	-0.16937	-0.0415852	0.158936	0.118939	0	0	-0.0582492	0.110333	0.0326559	0.085528	-0.430752	1.05774	0.57278	0.503046	0	0	0.0765021	-0.355625	1.35515	0.535255	0.538651	0	0
3.51064	0.0485182	-0.113662	1.54616	0.558627	0.964541	-0.386198	0.118646	0.143023	-0.194292	0.203506	0.214181	0	0	0.458837	-0.166479	-0.033471	0.141066	0.112528	0	0	-0.060452	0.111643	0.0342704	0.0849617	-0.431782	1.05526	0.573578	0.504973	0	0	0.0750815	-0.35515	1.35352	0.534782	0.536195	0	0
3.52061	0.0488398	-0.112924	1.54375	0.558029	0.964432	-0.38861	0.116329	0.142253	-0.194054	0.2063	0.216023	0	0	0.45579	-0.164061	-0.0270348	0.124954	0.106514	0	0	-0.0627534	0.113116	0.0360554	0.0845362	-0.432788	1.05348	0.573881	0.506281	0	0	0.0738955	-0.35488	1.35074	0.535271	0.534915	0	0
3.53059	0.0493239	-0.112118	1.5413	0.557392	0.964324	-0.391064	0.113834	0.141629	-0.193807	0.208956	0.217764	0	0	0.452771	-0.162133	-0.0225925	0.110818	0.10103	0	0	-0.065089	0.114764	0.0379783	0.0842495	-0.433761	1.05241	0.573683	0.50698	0	0	0.0729645	-0.354788	1.34707	0.536636	0.53467	0	0
3.54056	0.0499738	-0.111287	1.53883	0.556717	0.964212	-0.393562	0.111188	0.14116	-0.193527	0.211439	0.21941	0	0	0.449892	-0.160695	-0.0203474	0.0988302	0.0961968	0	0	-0.0673908	0.116593	0.0400058	0.0840942	-0.434694	1.05203	0.572986	0.507092	0	0	0.072295	-0.354849	1.34271	0.538798	0.535336	0	0
3.55053	0.0507872	-0.110476	1.53632	0.556005	0.964093	-0.396109	0.108421	0.140849	-0.193187	0.213723	0.220969	0	0	0.447238	-0.159728	-0.0203754	0.0890984	0.092105	0	0	-0.0695926	0.1186	0.042104	0.0840613	-0.435579	1.05232	0.571798	0.506644	0	0	0.0718777	-0.35504	1.33782	0.541684	0.536821	0	0
3.56051	0.0517563	-0.109728	1.53378	0.555256	0.963963	-0.398707	0.105564	0.140693	-0.192762	0.215789	0.22245	0	0	0.444863	-0.159199	-0.0226202	0.081653	0.0888069	0	0	-0.0716338	0.120776	0.0442387	0.084143	-0.436406	1.05326	0.570135	0.505663	0	0	0.0716852	-0.355351	1.33248	0.545238	0.539083	0	0
3.57048	0.0528679	-0.109078	1.53121	0.554471	0.963818	-0.401358	0.102648	0.140679	-0.192222	0.217629	0.223867	0	0	0.442786	-0.159066	-0.026909	0.0764443	0.0863101	0	0	-0.0734616	0.123102	0.0463763	0.0843345	-0.437161	1.0548	0.568017	0.50417	0	0	0.0716754	-0.355773	1.32672	0.549418	0.542127	0	0
3.58045	0.0541043	-0.10856	1.52861	0.553652	0.963655	-0.404065	0.0997021	0.14079	-0.191537	0.219247	0.225231	0	0	0.440996	-0.159279	-0.0329698	0.0733425	0.0845736	0	0	-0.0750327	0.125552	0.0484846	0.084635	-0.437831	1.05693	0.565467	0.502175	0	0	0.0717939	-0.356305	1.3205	0.554192	0.546	0	0
3.59043	0.055443	-0.108198	1.52596	0.552799	0.963472	-0.406828	0.0967557	0.141	-0.190679	0.220651	0.226552	0	0	0.439452	-0.15978	-0.0404503	0.0721435	0.0835069	0	0	-0.0763139	0.128096	0.0505306	0.0850491	-0.438403	1.05961	0.562511	0.499679	0	0	0.0719779	-0.35695	1.31374	0.559535	0.550788	0	0
3.6004	0.0568578	-0.108015	1.52326	0.551913	0.963268	-0.409649	0.0938354	0.141279	-0.189624	0.221859	0.227837	0	0	0.438093	-0.160509	-0.0489395	0.0725745	0.08297	0	0	-0.0772825	0.130697	0.0524816	0.0855849	-0.438862	1.06282	0.559181	0.496676	0	0	0.0721628	-0.357712	1.30634	0.565424	0.556596	0	0
3.61037	0.0583186	-0.108022	1.5205	0.550995	0.963044	-0.412528	0.0909646	0.141591	-0.188355	0.222892	0.22909	0	0	0.436835	-0.161398	-0.0579947	0.0743052	0.0827757	0	0	-0.0779274	0.133316	0.0543058	0.0862523	-0.439195	1.06653	0.555511	0.49316	0	0	0.0722885	-0.358593	1.29821	0.571833	0.563531	0	0
3.62035	0.0597923	-0.108226	1.51768	0.550044	0.9628	-0.415465	0.0881618	0.141894	-0.186862	0.223776	0.230308	0	0	0.435582	-0.162374	-0.0671709	0.0769651	0.0826979	0	0	-0.0782495	0.135911	0.0559733	0.0870612	-0.43939	1.0707	0.551541	0.489126	0	0	0.072305	-0.359592	1.28927	0.578726	0.571684	0	0
3.63032	0.0612432	-0.108624	1.51479	0.549062	0.962541	-0.418458	0.08544	0.142146	-0.185146	0.224539	0.231486	0	0	0.434234	-0.163365	-0.0760513	0.0801657	0.0824845	0	0	-0.0782609	0.138437	0.0574575	0.0880192	-0.439439	1.07528	0.547315	0.484583	0	0	0.0721777	-0.360705	1.27949	0.586058	0.581108	0	0
3.64029	0.0626356	-0.109206	1.51183	0.548047	0.96227	-0.421504	0.0828074	0.1423	-0.183218	0.225209	0.232615	0	0	0.432693	-0.164298	-0.0842748	0.0835257	0.0818767	0	0	-0.0779832	0.140853	0.0587373	0.0891278	-0.439335	1.08022	0.542884	0.479555	0	0	0.0718921	-0.361924	1.26888	0.593771	0.591801	0	0
3.65027	0.0639355	-0.109958	1.50881	0.547001	0.961994	-0.424603	0.0802673	0.142315	-0.181098	0.225811	0.233681	0	0	0.430879	-0.165107	-0.0915584	0.0866976	0.0806301	0	0	-0.0774443	0.143122	0.0598	0.0903783	-0.439081	1.08541	0.538303	0.474091	0	0	0.0714583	-0.363233	1.25754	0.601788	0.603681	0	0
3.66024	0.0651146	-0.110863	1.50573	0.545923	0.961718	-0.427749	0.0778204	0.142154	-0.178818	0.226371	0.23467	0	0	0.42873	-0.165736	-0.0977109	0.0893913	0.0785373	0	0	-0.0766748	0.145213	0.0606454	0.0917459	-0.438684	1.09075	0.533638	0.468279	0	0	0.0709154	-0.364607	1.24565	0.610015	0.616559	0	0
3.67021	0.0661529	-0.111902	1.5026	0.544814	0.961447	-0.430939	0.0754658	0.141793	-0.176413	0.226907	0.235566	0	0	0.426221	-0.166149	-0.102648	0.0913992	0.0754536	0	0	-0.0757045	0.147109	0.0612859	0.0931919	-0.438161	1.09609	0.528958	0.462236	0	0	0.0703251	-0.366018	1.23345	0.618347	0.630158	0	0
3.68019	0.0670411	-0.113057	1.49943	0.543676	0.961187	-0.434167	0.073202	0.141222	-0.17392	0.227437	0.236359	0	0	0.42336	-0.166328	-0.1064	0.0926144	0.0713152	0	0	-0.0745626	0.148805	0.061745	0.0946718	-0.437533	1.10129	0.524329	0.456091	0	0	0.0697552	-0.367438	1.22118	0.626687	0.644163	0	0
3.69016	0.0677823	-0.114314	1.49624	0.542511	0.960939	-0.437429	0.0710262	0.140447	-0.17137	0.227971	0.237043	0	0	0.420188	-0.166283	-0.109097	0.0930301	0.0661461	0	0	-0.0732761	0.150311	0.0620511	0.0961461	-0.436824	1.10624	0.519802	0.449955	0	0	0.0692616	-0.36885	1.20905	0.634967	0.65829	0	0
3.70013	0.0683913	-0.115656	1.49303	0.541324	0.960705	-0.440716	0.0689347	0.13949	-0.168789	0.228517	0.237619	0	0	0.416771	-0.166043	-0.110932	0.0927264	0.0600535	0	0	-0.0718703	0.151649	0.0622355	0.0975849	-0.436056	1.11087	0.51541	0.443914	0	0	0.0688802	-0.370243	1.1972	0.643145	0.672324	0	0
3.71011	0.0688934	-0.11707	1.48982	0.54012	0.960483	-0.444022	0.0669209	0.138388	-0.166198	0.229078	0.2381	0	0	0.413189	-0.16565	-0.112135	0.0918474	0.0532116	0	0	-0.0703691	0.152853	0.0623289	0.098974	-0.435252	1.11518	0.511161	0.43801	0	0	0.0686202	-0.371614	1.18566	0.651212	0.68615	0	0
3.72008	0.0693202	-0.118541	1.48661	0.538903	0.960271	-0.447341	0.0649741	0.137184	-0.163606	0.229655	0.238505	0	0	0.409516	-0.165154	-0.112933	0.0905714	0.0458373	0	0	-0.0687959	0.153963	0.0623601	0.100314	-0.434427	1.11921	0.507039	0.432241	0	0	0.0684655	-0.372968	1.17439	0.659184	0.699751	0	0
3.73005	0.0697047	-0.120052	1.4834	0.537679	0.960065	-0.450665	0.0630773	0.135923	-0.161019	0.230244	0.238861	0	0	0.405811	-0.164604	-0.113521	0.0890763	0.038155	0	0	-0.0671751	0.155021	0.0623556	0.10162	-0.433593	1.12306	0.503004	0.426571	0	0	0.0683821	-0.374312	1.16332	0.667094	0.713182	0	0
3.74003	0.0700744	-0.121583	1.4802	0.536453	0.95986	-0.453991	0.0612063	0.134643	-0.158434	0.23084	0.239196	0	0	0.402106	-0.164036	-0.114038	0.0875043	0.0303567	0	0	-0.065532	0.156059	0.0623374	0.102909	-0.432758	1.12683	0.499007	0.420947	0	0	0.0683297	-0.375652	1.15233	0.674978	0.726534	0	0
