PathFileType	4	(X/Y/Z)	/tmp/tmpvw_d1cqj/P13/MarkerData/DB4_P13_T17_r_comf_relabeled_segment_1.trc
DataRate	CameraRate	NumFrames	NumMarkers	Units	OrigDataRate	OrigDataStartFrame	OrigNumFrames
100.107	100.107	223	22	m	100.107	0	223
Frame#	Time	C7			CLAV			LANK			LASI			LHEE			LKNE			LMT5			LPSI			LSHO			LTHI			LTIB			LTOE			RANK			RASI			RHEE			RKNE			RMT5			RPSI			RSHO			RTHI			RTIB			RTOE		
		X1	Y1	Z1	X2	Y2	Z2	X3	Y3	Z3	X4	Y4	Z4	X5	Y5	Z5	X6	Y6	Z6	X7	Y7	Z7	X8	Y8	Z8	X9	Y9	Z9	X10	Y10	Z10	X11	Y11	Z11	X12	Y12	Z12	X13	Y13	Z13	X14	Y14	Z14	X15	Y15	Z15	X16	Y16	Z16	X17	Y17	Z17	X18	Y18	Z18	X19	Y19	Z19	X20	Y20	Z20	X21	Y21	Z21	X22	Y22	Z22

1	3.23	-1.00295	-1.5227	0.267036	-0.869849	-1.44407	0.263964	-1.15874	-0.211435	0.386016	-1.10954	-1.13761	0.331757	-1.22068	-0.208703	0.323986	-0.852514	-0.503759	0.425531	-1.09622	-0.0698494	0.400763	-1.13585	-0.998987	0.315508	-0.929821	-1.4959	0.449671	-0.848658	-0.636045	0.472255	-0.944433	-0.394566	0.430483	-1.06644	-0.0467161	0.367927	-0.903677	-0.0684717	0.207408	-1.10997	-1.14993	0.231509	-0.953315	-0.0294185	0.257647	-0.875708	-0.498431	0.129785	-0.753583	-0.0312629	0.209529	-1.13623	-1.01068	0.213871	-0.943473	-1.48309	0.072408	-0.864935	-0.627506	0.0717705	-0.89196	-0.35819	0.134474	-0.716183	-0.0374053	0.250451
2	3.23999	-0.992192	-1.52372	0.266318	-0.859053	-1.44474	0.263762	-1.1325	-0.207739	0.386776	-1.09868	-1.13941	0.331706	-1.1947	-0.202337	0.32543	-0.831451	-0.506659	0.423828	-1.06354	-0.0698664	0.402566	-1.12534	-1.00069	0.316317	-0.919561	-1.49694	0.449058	-0.829461	-0.639021	0.471215	-0.922052	-0.396733	0.429243	-1.03319	-0.047071	0.370026	-0.903791	-0.0685023	0.207364	-1.09962	-1.1512	0.231393	-0.953367	-0.0294547	0.257639	-0.873164	-0.498454	0.129457	-0.753556	-0.0309629	0.209106	-1.12624	-1.01197	0.21451	-0.931845	-1.48397	0.0719621	-0.860878	-0.627604	0.0714911	-0.889574	-0.35817	0.134452	-0.716222	-0.0372976	0.250152
3	3.24998	-0.98148	-1.52461	0.265629	-0.848476	-1.44528	0.263427	-1.10493	-0.202878	0.387415	-1.08787	-1.14103	0.331725	-1.16775	-0.19492	0.326999	-0.810954	-0.509561	0.422015	-1.02995	-0.0690597	0.403388	-1.11483	-1.00227	0.317261	-0.909283	-1.49793	0.448525	-0.810612	-0.642011	0.470136	-0.899819	-0.398695	0.428026	-0.999481	-0.0467689	0.370935	-0.903871	-0.0685725	0.207382	-1.08931	-1.15226	0.231393	-0.953388	-0.0295188	0.257686	-0.870684	-0.498482	0.129347	-0.753499	-0.0306167	0.208714	-1.11618	-1.01298	0.215396	-0.920373	-1.48472	0.071499	-0.856824	-0.627584	0.0713688	-0.887587	-0.358242	0.134614	-0.716185	-0.0370971	0.249937
4	3.25997	-0.970804	-1.52534	0.264988	-0.837931	-1.44569	0.263109	-1.0765	-0.197278	0.387951	-1.07711	-1.14247	0.331843	-1.13975	-0.186535	0.328601	-0.791067	-0.512477	0.420134	-0.995935	-0.067379	0.403239	-1.10426	-1.00367	0.318328	-0.898956	-1.49882	0.44803	-0.792043	-0.645026	0.468961	-0.877733	-0.400421	0.426884	-0.965336	-0.0459405	0.370697	-0.903909	-0.068651	0.207487	-1.079	-1.15308	0.231441	-0.953389	-0.0296152	0.257778	-0.868239	-0.498475	0.129434	-0.753413	-0.0302493	0.208408	-1.1061	-1.01375	0.216425	-0.909051	-1.48533	0.0710286	-0.852674	-0.627434	0.0714336	-0.886198	-0.358376	0.134781	-0.716069	-0.0368167	0.249819
5	3.26996	-0.96018	-1.5259	0.264323	-0.827299	-1.44601	0.262891	-1.04736	-0.190864	0.38819	-1.06638	-1.14366	0.332035	-1.11068	-0.177231	0.330054	-0.771668	-0.515358	0.418324	-0.961477	-0.065061	0.402451	-1.0936	-1.00482	0.319339	-0.888616	-1.49947	0.447578	-0.773797	-0.648029	0.467663	-0.855824	-0.401801	0.425839	-0.92976	-0.0448971	0.37021	-0.903918	-0.0687354	0.207666	-1.06878	-1.15368	0.231517	-0.953367	-0.0297377	0.257936	-0.865838	-0.498434	0.129668	-0.753268	-0.0299048	0.208194	-1.09604	-1.01426	0.217556	-0.897863	-1.48578	0.0705695	-0.848355	-0.627222	0.0717123	-0.885289	-0.358516	0.134947	-0.715903	-0.0365087	0.249773
6	3.27995	-0.949571	-1.52628	0.263723	-0.816707	-1.44623	0.262689	-1.01766	-0.183571	0.38798	-1.05571	-1.1446	0.332299	-1.08078	-0.167094	0.330861	-0.75266	-0.518144	0.416658	-0.925569	-0.0627851	0.401551	-1.08302	-1.0057	0.32049	-0.878403	-1.49991	0.447148	-0.75593	-0.650912	0.466399	-0.834095	-0.402635	0.424731	-0.893056	-0.0437188	0.369516	-0.903941	-0.0689053	0.207817	-1.05857	-1.15398	0.231734	-0.953303	-0.0298735	0.258232	-0.863479	-0.498389	0.129917	-0.753092	-0.0295416	0.207988	-1.08597	-1.01449	0.218794	-0.886824	-1.48608	0.0701642	-0.84395	-0.626979	0.0719513	-0.884634	-0.358633	0.135105	-0.715729	-0.0361888	0.249722
7	3.28994	-0.93898	-1.5265	0.263163	-0.806308	-1.44636	0.262468	-0.987276	-0.175657	0.387448	-1.04512	-1.1452	0.332673	-1.04992	-0.156244	0.330931	-0.734016	-0.520818	0.415096	-0.888303	-0.0607518	0.400831	-1.07248	-1.00625	0.321814	-0.868254	-1.50016	0.446771	-0.738483	-0.653626	0.465137	-0.81238	-0.40267	0.423578	-0.855662	-0.0424935	0.368609	-0.903949	-0.0691056	0.207943	-1.04844	-1.15404	0.232092	-0.953181	-0.0299761	0.258597	-0.861127	-0.498339	0.130084	-0.752929	-0.0291599	0.20769	-1.07593	-1.01446	0.220087	-0.875925	-1.4863	0.0697802	-0.839585	-0.626705	0.0720912	-0.883923	-0.358739	0.135172	-0.715588	-0.035845	0.249596
8	3.29993	-0.928378	-1.52655	0.262649	-0.796019	-1.44639	0.262244	-0.955869	-0.167617	0.386744	-1.03452	-1.14547	0.333226	-1.01802	-0.144841	0.330326	-0.715826	-0.523303	0.413583	-0.850718	-0.0585561	0.399934	-1.06193	-1.00646	0.323198	-0.858059	-1.50017	0.446461	-0.721461	-0.656132	0.463893	-0.790642	-0.401879	0.422457	-0.817707	-0.0413887	0.367582	-0.903873	-0.0691381	0.208134	-1.03834	-1.15381	0.232601	-0.952993	-0.0302131	0.258619	-0.858745	-0.498292	0.130097	-0.752797	-0.0288073	0.207273	-1.06587	-1.01418	0.221422	-0.865062	-1.48638	0.0694412	-0.835288	-0.626429	0.0722268	-0.882804	-0.358862	0.135194	-0.715445	-0.0354854	0.24943
9	3.30991	-0.917759	-1.52643	0.262182	-0.785747	-1.44633	0.262009	-0.923801	-0.159046	0.385386	-1.02395	-1.14545	0.333903	-0.985111	-0.133235	0.329118	-0.69816	-0.525481	0.412107	-0.81339	-0.0557577	0.398545	-1.05136	-1.00638	0.324582	-0.847903	-1.49997	0.44619	-0.704896	-0.658402	0.462717	-0.768653	-0.40027	0.421494	-0.779277	-0.0403839	0.366502	-0.903816	-0.0692128	0.208321	-1.02829	-1.15336	0.233274	-0.952695	-0.0306003	0.258203	-0.856209	-0.498239	0.130067	-0.752698	-0.0284913	0.206834	-1.05581	-1.01369	0.222768	-0.854232	-1.48629	0.0691696	-0.831212	-0.626196	0.0721891	-0.881307	-0.359029	0.135224	-0.715298	-0.0351391	0.249272
10	3.3199	-0.90712	-1.52614	0.261771	-0.775413	-1.44617	0.261744	-0.891199	-0.150022	0.383598	-1.01332	-1.14515	0.3347	-0.951245	-0.121615	0.327193	-0.681014	-0.527272	0.410743	-0.775962	-0.052785	0.3969	-1.04076	-1.00605	0.32598	-0.837792	-1.49958	0.445967	-0.688823	-0.660373	0.461514	-0.746564	-0.398001	0.420383	-0.740455	-0.0394936	0.365451	-0.903768	-0.0693605	0.208485	-1.01824	-1.15274	0.234092	-0.952589	-0.0309259	0.258157	-0.853558	-0.498156	0.130019	-0.752642	-0.0282372	0.20643	-1.04575	-1.01302	0.224183	-0.843433	-1.48602	0.0688865	-0.827178	-0.625953	0.0720572	-0.879587	-0.359165	0.135319	-0.715169	-0.0347972	0.24913
11	3.32989	-0.896413	-1.52568	0.261476	-0.764951	-1.44586	0.261497	-0.857577	-0.141366	0.381793	-1.00262	-1.14464	0.33564	-0.916357	-0.109894	0.324768	-0.664449	-0.528656	0.409512	-0.737852	-0.0503411	0.395298	-1.03007	-1.00551	0.327409	-0.827679	-1.49902	0.445791	-0.673225	-0.662028	0.460342	-0.724544	-0.395382	0.419026	-0.70141	-0.0387987	0.36425	-0.903687	-0.06952	0.20865	-1.00812	-1.15198	0.235042	-0.952669	-0.0311531	0.258511	-0.850863	-0.498088	0.129907	-0.752555	-0.0280519	0.20612	-1.03569	-1.01226	0.225612	-0.832682	-1.48559	0.0685357	-0.823129	-0.625712	0.0720554	-0.877732	-0.359277	0.135433	-0.715084	-0.0344543	0.248964
12	3.33988	-0.8857	-1.52508	0.261199	-0.754369	-1.44536	0.261259	-0.823147	-0.132886	0.379816	-0.991843	-1.14399	0.336665	-0.880629	-0.0984448	0.322526	-0.648573	-0.529599	0.408345	-0.699191	-0.0484122	0.393592	-1.01931	-1.00483	0.328825	-0.817505	-1.49825	0.445627	-0.658199	-0.663316	0.459269	-0.702743	-0.392747	0.417547	-0.662188	-0.0384715	0.362707	-0.903576	-0.0697003	0.208833	-0.997902	-1.15115	0.236114	-0.952757	-0.0313698	0.259043	-0.848106	-0.498022	0.129721	-0.752413	-0.0278934	0.205875	-1.02553	-1.01141	0.227077	-0.821987	-1.48499	0.0682205	-0.818999	-0.625458	0.0720974	-0.875747	-0.359388	0.13557	-0.715012	-0.034091	0.248794
13	3.34987	-0.87502	-1.52433	0.260821	-0.743717	-1.44469	0.261012	-0.788557	-0.124747	0.377826	-0.980944	-1.14318	0.337818	-0.843965	-0.0875133	0.320352	-0.633332	-0.530095	0.407221	-0.660408	-0.0468626	0.391474	-1.00847	-1.00405	0.330225	-0.807219	-1.49729	0.445451	-0.643703	-0.664196	0.458262	-0.681255	-0.390398	0.416186	-0.622963	-0.0385793	0.360577	-0.903468	-0.0699206	0.209027	-0.987592	-1.15028	0.237241	-0.952686	-0.0315874	0.25948	-0.845033	-0.497934	0.129657	-0.752246	-0.0277361	0.205674	-1.01526	-1.01052	0.228525	-0.811249	-1.48422	0.0679689	-0.814586	-0.625196	0.0722019	-0.873682	-0.359505	0.135664	-0.714756	-0.0336876	0.24877
14	3.35986	-0.864303	-1.52344	0.26044	-0.733069	-1.44383	0.260757	-0.753702	-0.117137	0.375816	-0.96989	-1.14232	0.339026	-0.807091	-0.0774	0.31821	-0.618776	-0.530242	0.406141	-0.621612	-0.0456157	0.388778	-0.997505	-1.00319	0.331659	-0.796817	-1.49617	0.445297	-0.629659	-0.664672	0.457339	-0.660382	-0.388262	0.414835	-0.583893	-0.0391634	0.357817	-0.903337	-0.0701639	0.209232	-0.977153	-1.14937	0.238457	-0.95257	-0.0319129	0.259794	-0.841577	-0.497827	0.129668	-0.752275	-0.027571	0.205489	-1.00486	-1.00959	0.229977	-0.800455	-1.48333	0.0677403	-0.809923	-0.624858	0.0722148	-0.871452	-0.359644	0.135794	-0.714258	-0.0332497	0.248984
15	3.36985	-0.853467	-1.52238	0.260213	-0.722391	-1.4428	0.26058	-0.718494	-0.110217	0.373784	-0.9587	-1.14139	0.340243	-0.77015	-0.0682283	0.316122	-0.604832	-0.530249	0.405178	-0.582948	-0.0448743	0.385486	-0.986398	-1.00225	0.333096	-0.786343	-1.4949	0.445209	-0.616107	-0.66476	0.456483	-0.640175	-0.386142	0.413535	-0.545101	-0.0404444	0.354496	-0.903137	-0.0704406	0.20945	-0.966553	-1.14843	0.239747	-0.952454	-0.0323568	0.26012	-0.837717	-0.497658	0.129803	-0.752279	-0.0274636	0.205269	-0.994334	-1.00866	0.231425	-0.789617	-1.48222	0.0675356	-0.80488	-0.624443	0.0723618	-0.868972	-0.359782	0.13599	-0.713893	-0.032872	0.249008
16	3.37984	-0.842565	-1.52117	0.260078	-0.711576	-1.4416	0.260487	-0.683125	-0.103994	0.371613	-0.947371	-1.14036	0.341515	-0.733295	-0.0600117	0.314107	-0.591446	-0.529858	0.404348	-0.544654	-0.0451311	0.381634	-0.97516	-1.00125	0.334481	-0.775809	-1.49351	0.445187	-0.603016	-0.664439	0.455747	-0.620327	-0.383987	0.412273	-0.506796	-0.0428891	0.350454	-0.902795	-0.0707012	0.20975	-0.955805	-1.14744	0.241088	-0.952321	-0.0328485	0.260531	-0.833511	-0.497426	0.130012	-0.752245	-0.0274649	0.204998	-0.983721	-1.00769	0.232868	-0.778696	-1.4809	0.0674064	-0.799421	-0.623915	0.0726211	-0.866213	-0.359899	0.136248	-0.713597	-0.0325096	0.248839
17	3.38983	-0.831599	-1.51982	0.260028	-0.700669	-1.4402	0.260407	-0.648182	-0.0986292	0.369469	-0.935865	-1.13924	0.342848	-0.696668	-0.0527063	0.312172	-0.578484	-0.528976	0.40365	-0.506773	-0.0466733	0.377324	-0.963801	-1.00017	0.335867	-0.765156	-1.49202	0.445221	-0.590363	-0.663731	0.455104	-0.600596	-0.381816	0.411186	-0.469152	-0.0466266	0.345686	-0.902327	-0.0709035	0.210187	-0.944903	-1.1464	0.242444	-0.952148	-0.0333614	0.261013	-0.829012	-0.497144	0.130211	-0.752195	-0.0274416	0.204808	-0.973	-1.00666	0.234324	-0.767723	-1.47944	0.0673278	-0.793511	-0.623273	0.0729072	-0.863142	-0.359985	0.136568	-0.713367	-0.0319784	0.24873
18	3.39982	-0.820558	-1.51834	0.260038	-0.689633	-1.43862	0.260359	-0.614005	-0.0940854	0.367292	-0.924195	-1.13803	0.34419	-0.660429	-0.046309	0.310344	-0.56586	-0.527686	0.403107	-0.469614	-0.0493438	0.372607	-0.952335	-0.998981	0.33726	-0.754337	-1.49043	0.445275	-0.578171	-0.662686	0.454563	-0.581288	-0.379687	0.410046	-0.432428	-0.0514189	0.340406	-0.901897	-0.0711552	0.210884	-0.933863	-1.14529	0.243837	-0.951933	-0.0339131	0.261542	-0.824117	-0.496787	0.130477	-0.752142	-0.027373	0.204747	-0.96213	-1.00556	0.235817	-0.756677	-1.47787	0.0672462	-0.78718	-0.622531	0.0732016	-0.85972	-0.360025	0.137001	-0.71315	-0.0313586	0.24867
19	3.40981	-0.809405	-1.51675	0.260114	-0.678445	-1.43689	0.260329	-0.580302	-0.0903761	0.364927	-0.912394	-1.13672	0.345545	-0.624719	-0.0408438	0.308682	-0.553505	-0.526218	0.402694	-0.433526	-0.0528754	0.367634	-0.940744	-0.997682	0.338665	-0.74338	-1.48873	0.445371	-0.566414	-0.661343	0.454183	-0.562348	-0.3776	0.408951	-0.396852	-0.0569139	0.334873	-0.901454	-0.0715459	0.211526	-0.922731	-1.14408	0.245282	-0.951711	-0.0345741	0.262118	-0.818765	-0.496321	0.130867	-0.752081	-0.0272795	0.204783	-0.951159	-1.00437	0.237304	-0.745562	-1.47612	0.0672502	-0.780514	-0.62169	0.0734127	-0.85598	-0.360027	0.137512	-0.712834	-0.0307115	0.249004
20	3.4198	-0.798177	-1.5151	0.26024	-0.667058	-1.43507	0.26031	-0.546799	-0.087775	0.362494	-0.900505	-1.1353	0.346927	-0.589859	-0.036264	0.306975	-0.541349	-0.524638	0.402384	-0.398735	-0.0571224	0.362629	-0.929018	-0.996273	0.340129	-0.732319	-1.48697	0.445493	-0.554949	-0.659688	0.453954	-0.543761	-0.375464	0.408067	-0.362707	-0.0629318	0.329308	-0.901039	-0.0721234	0.211921	-0.91151	-1.14274	0.246778	-0.951457	-0.0353848	0.262821	-0.813045	-0.495799	0.131265	-0.751976	-0.0272305	0.204809	-0.940127	-1.00311	0.238834	-0.734435	-1.47426	0.0673298	-0.773464	-0.62073	0.0737398	-0.852007	-0.360023	0.137971	-0.712444	-0.0302265	0.249304
21	3.42979	-0.786874	-1.51345	0.260436	-0.655585	-1.43316	0.260393	-0.514743	-0.0859893	0.359868	-0.888532	-1.1337	0.348386	-0.556306	-0.0325702	0.304295	-0.529371	-0.522891	0.402177	-0.365543	-0.0618928	0.357829	-0.917156	-0.994751	0.341624	-0.721056	-1.48513	0.445683	-0.543699	-0.657709	0.453903	-0.525709	-0.373289	0.407228	-0.33014	-0.0692916	0.324019	-0.900651	-0.0729018	0.212207	-0.900186	-1.14124	0.248351	-0.951142	-0.036278	0.26365	-0.806952	-0.495196	0.131596	-0.751815	-0.0271477	0.204857	-0.929	-1.0017	0.240419	-0.723235	-1.47234	0.0674579	-0.766081	-0.619734	0.0741463	-0.847771	-0.360017	0.138294	-0.711931	-0.0298105	0.249682
22	3.43978	-0.775479	-1.51169	0.260701	-0.644033	-1.43119	0.260597	-0.484287	-0.084977	0.357186	-0.876465	-1.13198	0.349851	-0.523947	-0.0298571	0.301744	-0.517718	-0.520908	0.402064	-0.334149	-0.0670789	0.353479	-0.905191	-0.993051	0.343223	-0.7096	-1.48319	0.445986	-0.53265	-0.655493	0.453941	-0.507982	-0.371162	0.406481	-0.299346	-0.0759637	0.319306	-0.900155	-0.0736883	0.212965	-0.888817	-1.13963	0.249914	-0.950823	-0.037296	0.264583	-0.800367	-0.494477	0.13198	-0.75166	-0.0270748	0.205003	-0.917759	-1.00006	0.242075	-0.712	-1.47032	0.0676363	-0.758482	-0.618707	0.0744557	-0.843019	-0.359959	0.138676	-0.711258	-0.0291544	0.250251
23	3.44976	-0.763946	-1.50981	0.261089	-0.632501	-1.42913	0.260827	-0.45554	-0.0843793	0.354896	-0.86432	-1.13016	0.351292	-0.49336	-0.0280033	0.299293	-0.5064	-0.518712	0.401957	-0.304743	-0.0724749	0.349699	-0.893194	-0.991192	0.34493	-0.697989	-1.48123	0.446351	-0.52167	-0.653094	0.454086	-0.490738	-0.369293	0.405688	-0.270618	-0.0828437	0.31523	-0.899524	-0.0744698	0.213841	-0.877409	-1.13789	0.251463	-0.950507	-0.0384843	0.265628	-0.793328	-0.49366	0.132441	-0.751631	-0.0271705	0.205093	-0.906412	-0.99829	0.243778	-0.700714	-1.46822	0.0679314	-0.750659	-0.617606	0.0747877	-0.83771	-0.359826	0.139252	-0.710805	-0.0285596	0.250394
24	3.45975	-0.75233	-1.50792	0.261621	-0.621068	-1.42699	0.261057	-0.428687	-0.0842482	0.353049	-0.852129	-1.12823	0.352774	-0.464824	-0.0266772	0.297549	-0.495538	-0.516355	0.401701	-0.277521	-0.0779057	0.34659	-0.881083	-0.98926	0.346621	-0.686267	-1.4793	0.446736	-0.510648	-0.650563	0.454252	-0.474264	-0.367676	0.404761	-0.244052	-0.0894725	0.311769	-0.898776	-0.0753303	0.214778	-0.865924	-1.13601	0.253049	-0.95016	-0.0399018	0.266629	-0.785928	-0.492783	0.132884	-0.751678	-0.027267	0.205215	-0.894955	-0.996402	0.245498	-0.689342	-1.46611	0.0683241	-0.742574	-0.616455	0.0751206	-0.831951	-0.359606	0.139976	-0.710348	-0.0280576	0.250639
25	3.46974	-0.740687	-1.50603	0.262303	-0.609562	-1.42483	0.261383	-0.403911	-0.0844218	0.351666	-0.839863	-1.12622	0.354283	-0.438577	-0.0256755	0.296648	-0.485047	-0.513899	0.401377	-0.252689	-0.0828939	0.344078	-0.868794	-0.987237	0.348269	-0.674448	-1.47737	0.447204	-0.499631	-0.647939	0.454419	-0.458809	-0.36617	0.403778	-0.219764	-0.0952853	0.308838	-0.89806	-0.0764204	0.215557	-0.854377	-1.13403	0.254615	-0.949761	-0.0417017	0.267376	-0.778212	-0.491875	0.133356	-0.751787	-0.0273468	0.205337	-0.883392	-0.994399	0.247254	-0.678003	-1.46407	0.0687716	-0.734179	-0.615297	0.0754424	-0.825998	-0.359406	0.140562	-0.709907	-0.0276921	0.251048
26	3.47973	-0.728922	-1.50418	0.263144	-0.597797	-1.42283	0.261804	-0.381408	-0.0846162	0.35071	-0.827526	-1.12417	0.355773	-0.414983	-0.024851	0.296237	-0.474717	-0.511437	0.40113	-0.230351	-0.0869437	0.342123	-0.856381	-0.985148	0.349926	-0.662517	-1.47549	0.447767	-0.488674	-0.64533	0.454535	-0.444274	-0.364715	0.403019	-0.197893	-0.0998158	0.306466	-0.897405	-0.0777717	0.216069	-0.842726	-1.13197	0.25617	-0.949367	-0.043744	0.268027	-0.770264	-0.490984	0.13392	-0.751917	-0.0274179	0.205489	-0.871688	-0.99233	0.249001	-0.666674	-1.46211	0.0692975	-0.72551	-0.614137	0.0757706	-0.819881	-0.359296	0.141089	-0.709525	-0.0274321	0.251469
27	3.48972	-0.717021	-1.50241	0.264184	-0.585835	-1.42098	0.26225	-0.361519	-0.0846857	0.349849	-0.815112	-1.12211	0.357183	-0.394351	-0.0241073	0.295593	-0.464283	-0.509012	0.400913	-0.210635	-0.0896966	0.340702	-0.843972	-0.983086	0.351565	-0.650505	-1.47365	0.448402	-0.47783	-0.642806	0.454588	-0.430593	-0.36323	0.402438	-0.178472	-0.102868	0.304768	-0.896653	-0.0793329	0.216447	-0.830922	-1.12988	0.257693	-0.94896	-0.0460297	0.268477	-0.762111	-0.490147	0.134656	-0.75205	-0.027501	0.205634	-0.859824	-0.990242	0.250732	-0.655304	-1.4602	0.0698922	-0.716607	-0.612937	0.0761822	-0.813615	-0.359294	0.14161	-0.709177	-0.0272159	0.251893
28	3.49971	-0.705084	-1.5007	0.26507	-0.573764	-1.4192	0.262767	-0.344472	-0.084316	0.348837	-0.802617	-1.12008	0.358531	-0.376659	-0.0231678	0.294599	-0.453562	-0.506758	0.400712	-0.193674	-0.0910227	0.339758	-0.831512	-0.981074	0.353167	-0.638373	-1.47187	0.449072	-0.466878	-0.640375	0.454582	-0.417611	-0.361698	0.401987	-0.161599	-0.104302	0.303662	-0.895761	-0.0811355	0.216664	-0.818936	-1.1278	0.259128	-0.948518	-0.048651	0.268631	-0.753543	-0.489331	0.135178	-0.752182	-0.0275833	0.205768	-0.847842	-0.988128	0.252451	-0.643917	-1.45836	0.070543	-0.707428	-0.611708	0.0766154	-0.807156	-0.359419	0.141963	-0.708897	-0.0270205	0.252313
29	3.5097	-0.693125	-1.49895	0.265864	-0.561686	-1.41741	0.263388	-0.330362	-0.0832756	0.347584	-0.790039	-1.11814	0.359769	-0.362081	-0.0220036	0.293282	-0.442453	-0.50475	0.40046	-0.179543	-0.0910025	0.339128	-0.818906	-0.979132	0.354637	-0.626114	-1.47016	0.449825	-0.4557	-0.638052	0.454485	-0.4053	-0.360055	0.401491	-0.147271	-0.104351	0.303096	-0.894708	-0.0832021	0.216599	-0.806792	-1.12578	0.260422	-0.948026	-0.0517332	0.268447	-0.744578	-0.488559	0.135421	-0.752333	-0.0276649	0.205865	-0.835727	-0.98609	0.254067	-0.632467	-1.45663	0.0712856	-0.697947	-0.610631	0.0768861	-0.800392	-0.359658	0.142082	-0.708699	-0.0268411	0.252524
30	3.51969	-0.681056	-1.49731	0.266903	-0.549676	-1.41567	0.264083	-0.318882	-0.0815329	0.34628	-0.777391	-1.11636	0.360848	-0.351109	-0.0212257	0.291879	-0.430896	-0.503027	0.400154	-0.168014	-0.0894206	0.338658	-0.806197	-0.977322	0.355949	-0.613695	-1.46853	0.450712	-0.444037	-0.635961	0.454363	-0.393526	-0.35821	0.400914	-0.135534	-0.102896	0.302518	-0.893546	-0.0856052	0.216176	-0.794458	-1.12387	0.261517	-0.947446	-0.0552382	0.267973	-0.735198	-0.487857	0.135432	-0.752447	-0.0277196	0.205932	-0.823303	-0.984153	0.255425	-0.620969	-1.45504	0.0721738	-0.688056	-0.609721	0.0770566	-0.793221	-0.360027	0.141962	-0.708622	-0.0266864	0.252681
31	3.52968	-0.669072	-1.49581	0.268038	-0.537671	-1.41402	0.264805	-0.309825	-0.079284	0.345014	-0.764624	-1.11476	0.361773	-0.344065	-0.0212836	0.290798	-0.418978	-0.501593	0.399775	-0.159019	-0.0849326	0.338034	-0.793187	-0.975644	0.357083	-0.601199	-1.46699	0.451661	-0.431942	-0.634068	0.454168	-0.382378	-0.35618	0.400231	-0.126095	-0.0984635	0.30149	-0.892176	-0.0883585	0.215417	-0.781889	-1.1221	0.262448	-0.946717	-0.0591836	0.267093	-0.725183	-0.48717	0.135332	-0.752512	-0.0277533	0.205959	-0.810587	-0.982356	0.256594	-0.609472	-1.45357	0.0731653	-0.677706	-0.608833	0.0772264	-0.785477	-0.360469	0.141624	-0.708651	-0.0265678	0.252873
32	3.53967	-0.657015	-1.49444	0.269307	-0.525633	-1.41257	0.265633	-0.303236	-0.0770619	0.343881	-0.751797	-1.1134	0.36252	-0.340868	-0.0222458	0.289851	-0.406867	-0.500368	0.399438	-0.152638	-0.0758197	0.33689	-0.780146	-0.974211	0.358084	-0.588675	-1.46558	0.452666	-0.419545	-0.632527	0.453873	-0.37202	-0.35423	0.399376	-0.118897	-0.0881425	0.300057	-0.890465	-0.0914698	0.214296	-0.7691	-1.12057	0.263225	-0.945792	-0.0637404	0.265702	-0.714489	-0.486433	0.135155	-0.752535	-0.0277545	0.205953	-0.79768	-0.980761	0.257633	-0.598	-1.45229	0.0742189	-0.666768	-0.607948	0.0773971	-0.77699	-0.360926	0.141194	-0.708758	-0.0265087	0.253084
33	3.54966	-0.644968	-1.49359	0.270593	-0.51351	-1.41146	0.266513	-0.299203	-0.0754875	0.343169	-0.739001	-1.11235	0.363115	-0.340109	-0.0235008	0.289229	-0.394714	-0.499513	0.399273	-0.149203	-0.0643956	0.335247	-0.767202	-0.973105	0.358947	-0.575988	-1.46431	0.453784	-0.406968	-0.63184	0.453744	-0.362541	-0.35282	0.398293	-0.114484	-0.0733016	0.299369	-0.888344	-0.0950001	0.212668	-0.756277	-1.1193	0.263818	-0.944565	-0.069026	0.263793	-0.702981	-0.485642	0.134965	-0.752489	-0.0277285	0.205954	-0.784736	-0.979455	0.258493	-0.586543	-1.45129	0.0752585	-0.655232	-0.607094	0.0774546	-0.767656	-0.361512	0.140638	-0.70893	-0.0265015	0.253271
34	3.55965	-0.632636	-1.49322	0.27195	-0.501185	-1.41081	0.267352	-0.296325	-0.0747374	0.342884	-0.726427	-1.11169	0.363543	-0.339506	-0.0248105	0.288849	-0.382619	-0.499641	0.399337	-0.146778	-0.0548746	0.334909	-0.754373	-0.972401	0.359664	-0.563162	-1.46329	0.45499	-0.394164	-0.632234	0.453973	-0.353266	-0.352423	0.397481	-0.111168	-0.0613612	0.299007	-0.885784	-0.0990775	0.210705	-0.743567	-1.11836	0.264183	-0.942878	-0.0752243	0.26141	-0.690406	-0.484888	0.134856	-0.752432	-0.0276991	0.205908	-0.771765	-0.978484	0.259183	-0.574987	-1.45065	0.0762298	-0.642856	-0.606275	0.0775976	-0.757376	-0.362364	0.139919	-0.709144	-0.0265193	0.253443
35	3.56964	-0.620197	-1.49337	0.273132	-0.488672	-1.41063	0.268165	-0.293013	-0.0744409	0.343249	-0.714116	-1.11157	0.36367	-0.338026	-0.0262464	0.289007	-0.370342	-0.501107	0.399606	-0.144124	-0.0483824	0.335565	-0.741593	-0.972224	0.360229	-0.550245	-1.46261	0.456186	-0.381061	-0.633453	0.454385	-0.343682	-0.35303	0.397319	-0.107797	-0.0535349	0.299393	-0.882619	-0.103979	0.208479	-0.73102	-1.11786	0.26423	-0.940533	-0.0824541	0.25888	-0.676648	-0.484268	0.134736	-0.752398	-0.0276261	0.205869	-0.758697	-0.97787	0.259672	-0.563154	-1.45046	0.0771514	-0.629411	-0.605545	0.0777783	-0.746017	-0.363483	0.139054	-0.709251	-0.0265338	0.253649
36	3.57963	-0.607812	-1.49392	0.274189	-0.476024	-1.41083	0.269053	-0.289784	-0.0741572	0.343909	-0.701948	-1.11215	0.363361	-0.336418	-0.0274454	0.289556	-0.357438	-0.503316	0.400213	-0.141612	-0.043581	0.336514	-0.72893	-0.972679	0.360532	-0.537303	-1.46239	0.457347	-0.367612	-0.635257	0.454889	-0.333766	-0.354162	0.398019	-0.105028	-0.047653	0.29972	-0.878524	-0.109652	0.206223	-0.718473	-1.11788	0.263821	-0.937163	-0.0907721	0.256561	-0.661611	-0.483764	0.134352	-0.752361	-0.027527	0.20585	-0.745572	-0.977745	0.259863	-0.550978	-1.45081	0.0780815	-0.614769	-0.60483	0.0780001	-0.733528	-0.364861	0.138101	-0.709229	-0.0265353	0.253816
37	3.58961	-0.595537	-1.49475	0.275232	-0.463346	-1.41139	0.270002	-0.287432	-0.0737884	0.344359	-0.689796	-1.11337	0.362577	-0.335353	-0.0281417	0.290182	-0.344163	-0.505398	0.401005	-0.139491	-0.0398869	0.33773	-0.716406	-0.973853	0.360492	-0.524355	-1.46267	0.458435	-0.353973	-0.637489	0.455563	-0.323611	-0.355389	0.399361	-0.103034	-0.043029	0.299552	-0.873388	-0.116117	0.203981	-0.705782	-1.11841	0.262863	-0.932603	-0.100243	0.25423	-0.645034	-0.483193	0.133727	-0.752358	-0.0274559	0.205833	-0.732386	-0.97817	0.259689	-0.538591	-1.45172	0.0790938	-0.598792	-0.604053	0.0782418	-0.719905	-0.366432	0.13708	-0.709405	-0.0265564	0.253477
38	3.5996	-0.583373	-1.49575	0.276417	-0.450884	-1.41234	0.270892	-0.285658	-0.0736407	0.344567	-0.677665	-1.11515	0.361316	-0.334669	-0.0284977	0.290687	-0.331116	-0.506995	0.401817	-0.137793	-0.0374779	0.338809	-0.704046	-0.975581	0.360112	-0.511534	-1.46343	0.45941	-0.340439	-0.639961	0.456478	-0.313608	-0.356317	0.400567	-0.101366	-0.0401568	0.298542	-0.867144	-0.12336	0.201565	-0.692919	-1.11936	0.26146	-0.926582	-0.110823	0.251908	-0.626958	-0.482495	0.132815	-0.752328	-0.0274531	0.205944	-0.71922	-0.97905	0.259171	-0.526262	-1.45318	0.0801309	-0.581548	-0.60322	0.0783073	-0.705215	-0.368258	0.135816	-0.709493	-0.0265433	0.253021
39	3.60959	-0.571381	-1.49695	0.277546	-0.438684	-1.41372	0.271826	-0.284503	-0.0737231	0.344677	-0.665593	-1.11721	0.359768	-0.334234	-0.0287289	0.29121	-0.318774	-0.508353	0.402492	-0.136276	-0.0357423	0.339308	-0.691691	-0.97757	0.359474	-0.49885	-1.46465	0.460364	-0.327398	-0.642443	0.457463	-0.303987	-0.356922	0.401462	-0.100178	-0.0379976	0.297379	-0.859658	-0.131358	0.198749	-0.680018	-1.12062	0.259793	-0.918759	-0.122392	0.249635	-0.607549	-0.481662	0.131468	-0.752195	-0.027511	0.206252	-0.706135	-0.980254	0.258377	-0.514119	-1.45501	0.0812527	-0.563313	-0.60238	0.0778949	-0.689511	-0.370328	0.134349	-0.709639	-0.0264938	0.252423
40	3.61958	-0.559469	-1.49834	0.278837	-0.426663	-1.41543	0.272828	-0.283595	-0.0738361	0.344799	-0.653608	-1.11934	0.358229	-0.333965	-0.0289259	0.291757	-0.307503	-0.509723	0.403026	-0.134881	-0.034165	0.339835	-0.679468	-0.979635	0.358737	-0.486287	-1.46621	0.461297	-0.315247	-0.644568	0.458378	-0.295092	-0.357338	0.402073	-0.0992494	-0.0360852	0.296625	-0.850619	-0.139918	0.195599	-0.667228	-1.12201	0.258134	-0.908862	-0.134882	0.247408	-0.586981	-0.480685	0.129766	-0.75218	-0.0277524	0.206481	-0.693099	-0.9816	0.257408	-0.502187	-1.4571	0.0824403	-0.544192	-0.601587	0.0771509	-0.672677	-0.372599	0.132682	-0.710178	-0.0264772	0.251576
41	3.62957	-0.547556	-1.49967	0.280367	-0.414856	-1.41727	0.273732	-0.28272	-0.0738062	0.34498	-0.641693	-1.12136	0.356899	-0.333813	-0.0290874	0.29207	-0.297765	-0.510892	0.403618	-0.133807	-0.0326457	0.340671	-0.667309	-0.981637	0.358036	-0.473837	-1.46799	0.462143	-0.304269	-0.646055	0.459376	-0.287349	-0.357592	0.402521	-0.0984081	-0.0343806	0.296363	-0.839657	-0.148418	0.192498	-0.654632	-1.12343	0.256727	-0.896804	-0.148073	0.244959	-0.56543	-0.479532	0.127886	-0.752144	-0.0279873	0.206745	-0.680169	-0.982964	0.256518	-0.490555	-1.45927	0.0836111	-0.524456	-0.600806	0.0762106	-0.654513	-0.374861	0.130791	-0.7109	-0.0264797	0.250716
42	3.63956	-0.535801	-1.50078	0.281833	-0.403178	-1.41917	0.274551	-0.28208	-0.0737133	0.345166	-0.629807	-1.12322	0.355854	-0.333769	-0.0291559	0.292234	-0.289534	-0.511534	0.404583	-0.133051	-0.0312978	0.341462	-0.655182	-0.983485	0.357518	-0.461483	-1.46988	0.462924	-0.294572	-0.646798	0.460539	-0.280991	-0.357653	0.403082	-0.0977767	-0.0328646	0.296091	-0.826432	-0.156294	0.189259	-0.642274	-1.12481	0.255632	-0.882831	-0.161173	0.241726	-0.543195	-0.478052	0.126132	-0.750751	-0.028475	0.206943	-0.667514	-0.984326	0.25586	-0.479248	-1.46141	0.0847579	-0.504383	-0.599883	0.0752011	-0.63496	-0.376873	0.128742	-0.710691	-0.0262545	0.250085
43	3.64955	-0.524242	-1.50173	0.282932	-0.391644	-1.42106	0.275302	-0.281585	-0.0736117	0.345257	-0.617983	-1.12495	0.355187	-0.333821	-0.0292114	0.292466	-0.282625	-0.511603	0.405904	-0.132475	-0.030276	0.341843	-0.643144	-0.985165	0.357279	-0.449201	-1.47174	0.463649	-0.286193	-0.646819	0.461814	-0.276114	-0.357459	0.403848	-0.0973464	-0.0316475	0.295612	-0.811285	-0.163281	0.185853	-0.6302	-1.12615	0.254902	-0.867721	-0.173225	0.237499	-0.520422	-0.476248	0.124685	-0.746005	-0.0297009	0.207302	-0.65526	-0.985623	0.255557	-0.468306	-1.46342	0.0858795	-0.484232	-0.598747	0.0742758	-0.614304	-0.378487	0.126512	-0.707928	-0.025552	0.249288
44	3.65954	-0.51291	-1.50274	0.28394	-0.380347	-1.42285	0.275957	-0.281181	-0.0734537	0.345336	-0.606229	-1.12654	0.354888	-0.333967	-0.0293169	0.29277	-0.276998	-0.511103	0.407217	-0.131986	-0.0294399	0.342126	-0.631287	-0.986693	0.357359	-0.436974	-1.47352	0.464328	-0.279013	-0.6464	0.463104	-0.272546	-0.357052	0.404712	-0.0970285	-0.0306223	0.295202	-0.795193	-0.170019	0.182675	-0.618374	-1.12741	0.254559	-0.851928	-0.183815	0.233116	-0.497269	-0.474307	0.123612	-0.736999	-0.0324972	0.207201	-0.643393	-0.986906	0.255616	-0.457658	-1.46523	0.0869329	-0.464147	-0.597427	0.0736621	-0.592583	-0.379554	0.12449	-0.701803	-0.024631	0.247145
45	3.66953	-0.501816	-1.50399	0.284943	-0.369215	-1.42454	0.276509	-0.281042	-0.0732731	0.345412	-0.594574	-1.12803	0.354928	-0.334057	-0.0293908	0.292858	-0.272594	-0.510378	0.408513	-0.131621	-0.0287528	0.34251	-0.619629	-0.988135	0.357731	-0.4248	-1.47516	0.464949	-0.272787	-0.645836	0.464438	-0.269944	-0.356486	0.405691	-0.0967937	-0.0298319	0.29498	-0.778466	-0.17716	0.180086	-0.606796	-1.12861	0.254588	-0.835101	-0.193128	0.229761	-0.474022	-0.472648	0.12288	-0.724336	-0.0373403	0.205808	-0.631982	-0.988116	0.256136	-0.447171	-1.46684	0.0879318	-0.444331	-0.596305	0.0735079	-0.569785	-0.380091	0.122906	-0.691393	-0.0245796	0.242965
46	3.67952	-0.490869	-1.50546	0.285855	-0.358088	-1.42618	0.276849	-0.281156	-0.0731423	0.345477	-0.583055	-1.12944	0.355262	-0.334113	-0.0294275	0.292891	-0.269308	-0.5098	0.409891	-0.131419	-0.0282294	0.342888	-0.60832	-0.989659	0.358445	-0.412602	-1.47663	0.465544	-0.267243	-0.645285	0.465757	-0.268052	-0.355909	0.40682	-0.0966437	-0.0292672	0.294933	-0.760578	-0.18441	0.178243	-0.595468	-1.12973	0.254937	-0.816782	-0.200863	0.228271	-0.450697	-0.47172	0.122596	-0.708782	-0.0432319	0.201366	-0.621009	-0.989255	0.257181	-0.436805	-1.46827	0.088765	-0.424982	-0.59585	0.0736952	-0.546158	-0.38047	0.121769	-0.676548	-0.0265053	0.236966
47	3.68951	-0.479537	-1.5069	0.286688	-0.346797	-1.4278	0.277077	-0.281425	-0.0730782	0.345518	-0.571698	-1.13082	0.355838	-0.334209	-0.0293754	0.292966	-0.266523	-0.509441	0.41128	-0.131371	-0.0278167	0.343251	-0.597265	-0.991152	0.35958	-0.400372	-1.47798	0.466075	-0.262034	-0.644868	0.467018	-0.266705	-0.355426	0.407951	-0.0965599	-0.0288493	0.294987	-0.741096	-0.191162	0.177024	-0.584395	-1.13076	0.255552	-0.79679	-0.206903	0.228227	-0.427251	-0.471885	0.122597	-0.690703	-0.0487019	0.194787	-0.610311	-0.990371	0.258459	-0.426562	-1.46957	0.0894066	-0.406004	-0.596161	0.0741141	-0.522079	-0.381317	0.121028	-0.65808	-0.0297967	0.229812
48	3.6995	-0.467919	-1.50833	0.287514	-0.335477	-1.42934	0.277248	-0.281684	-0.073039	0.34556	-0.560555	-1.1322	0.356634	-0.334341	-0.0291969	0.293028	-0.2638	-0.509223	0.412608	-0.13133	-0.0274489	0.343603	-0.586415	-0.992626	0.360962	-0.388108	-1.47928	0.466553	-0.256949	-0.644559	0.46826	-0.265648	-0.355088	0.409024	-0.0965145	-0.0285158	0.295036	-0.720103	-0.19694	0.176019	-0.573564	-1.13179	0.25639	-0.775316	-0.211415	0.2288	-0.403666	-0.473189	0.122659	-0.6701	-0.0532745	0.187847	-0.599783	-0.991486	0.259908	-0.416328	-1.47079	0.0899235	-0.387232	-0.597102	0.0746242	-0.497949	-0.383131	0.120461	-0.637147	-0.0328318	0.22165
49	3.70949	-0.456709	-1.50985	0.288137	-0.324241	-1.43076	0.27742	-0.281833	-0.0729663	0.3456	-0.549669	-1.13358	0.357554	-0.334368	-0.0293212	0.293088	-0.261029	-0.509066	0.413835	-0.131261	-0.0271177	0.343859	-0.575738	-0.994085	0.362412	-0.3759	-1.48057	0.466947	-0.251957	-0.644308	0.469421	-0.264778	-0.354862	0.410011	-0.0964886	-0.0282538	0.29503	-0.697823	-0.201488	0.175117	-0.562955	-1.13286	0.257366	-0.752661	-0.2143	0.229429	-0.380018	-0.475322	0.122727	-0.647053	-0.0574483	0.180766	-0.589358	-0.992614	0.261409	-0.406144	-1.47196	0.0903607	-0.3684	-0.598542	0.0752375	-0.473796	-0.385714	0.120109	-0.614084	-0.035178	0.213218
50	3.71948	-0.445473	-1.51137	0.288767	-0.313199	-1.43213	0.277606	-0.281942	-0.0728948	0.34563	-0.539053	-1.13497	0.358615	-0.334415	-0.0294319	0.293226	-0.258161	-0.50893	0.414867	-0.131166	-0.0268439	0.34407	-0.565149	-0.995449	0.363828	-0.363768	-1.48187	0.467274	-0.247114	-0.644044	0.47041	-0.263872	-0.354681	0.410904	-0.0964941	-0.0280424	0.294973	-0.674413	-0.204729	0.174246	-0.552531	-1.13405	0.258463	-0.729107	-0.215432	0.229743	-0.356453	-0.477858	0.122951	-0.621779	-0.0614732	0.173849	-0.578975	-0.993801	0.262813	-0.395964	-1.4731	0.0907492	-0.349451	-0.600413	0.0758485	-0.449682	-0.388585	0.119969	-0.5888	-0.0371487	0.205378
51	3.72946	-0.434429	-1.51292	0.289385	-0.302291	-1.43344	0.277732	-0.282054	-0.0728496	0.345638	-0.528673	-1.13634	0.359761	-0.334508	-0.0294609	0.29328	-0.255294	-0.508776	0.415632	-0.131113	-0.0266258	0.344234	-0.554622	-0.996769	0.365071	-0.35166	-1.4832	0.467576	-0.242397	-0.64378	0.471205	-0.262921	-0.354532	0.411678	-0.0964961	-0.027892	0.294925	-0.649852	-0.206552	0.173371	-0.542271	-1.13539	0.259639	-0.704809	-0.214806	0.229565	-0.333005	-0.480582	0.123418	-0.594419	-0.0650812	0.167479	-0.568564	-0.995119	0.263987	-0.385831	-1.47426	0.0911082	-0.330286	-0.602714	0.0763674	-0.425565	-0.391479	0.120175	-0.56103	-0.0389583	0.198863
52	3.73945	-0.423526	-1.51449	0.289937	-0.291418	-1.43465	0.277876	-0.282137	-0.0728075	0.345691	-0.518422	-1.13775	0.360904	-0.334602	-0.0294791	0.293241	-0.252564	-0.50865	0.416198	-0.131118	-0.0264475	0.344382	-0.544205	-0.998178	0.365994	-0.339603	-1.48454	0.467786	-0.237825	-0.643497	0.471803	-0.261896	-0.354383	0.412352	-0.0965264	-0.0277991	0.294936	-0.62427	-0.206898	0.172435	-0.532019	-1.13696	0.260773	-0.679778	-0.212484	0.228861	-0.309861	-0.48352	0.124104	-0.564976	-0.0677573	0.162227	-0.55804	-0.996644	0.264794	-0.375672	-1.47543	0.0915016	-0.310876	-0.605319	0.0768725	-0.401534	-0.394231	0.120733	-0.531182	-0.0406194	0.193477
53	3.74944	-0.412501	-1.51609	0.29044	-0.280588	-1.43574	0.278018	-0.282209	-0.072786	0.345747	-0.508149	-1.13925	0.362006	-0.334687	-0.029519	0.293247	-0.250082	-0.50854	0.416735	-0.131147	-0.0262691	0.34455	-0.533937	-0.99968	0.366524	-0.327551	-1.48591	0.46794	-0.233441	-0.643177	0.472273	-0.260605	-0.35421	0.413008	-0.0966073	-0.0277641	0.295024	-0.5978	-0.205795	0.171429	-0.521583	-1.13879	0.261804	-0.654031	-0.208632	0.227711	-0.287149	-0.486694	0.124952	-0.53381	-0.0694393	0.15822	-0.547512	-0.99846	0.265253	-0.365426	-1.47659	0.0919635	-0.291391	-0.608137	0.0773919	-0.377671	-0.396905	0.121647	-0.499259	-0.0419016	0.189495
54	3.75943	-0.401488	-1.51755	0.291086	-0.269794	-1.43676	0.278176	-0.282305	-0.0728029	0.345779	-0.497792	-1.14075	0.362923	-0.334762	-0.0295987	0.293207	-0.247794	-0.50842	0.417319	-0.131181	-0.0261049	0.344746	-0.523824	-1.00119	0.366746	-0.315563	-1.48726	0.468019	-0.229277	-0.642836	0.472615	-0.259256	-0.354039	0.413364	-0.0967147	-0.0277809	0.29517	-0.570508	-0.203357	0.170336	-0.510924	-1.14076	0.262679	-0.627487	-0.203334	0.226298	-0.264942	-0.490046	0.125868	-0.501162	-0.0702854	0.155135	-0.537037	-1.00044	0.265424	-0.355185	-1.47773	0.0924184	-0.271949	-0.611141	0.0778625	-0.354183	-0.399557	0.122644	-0.465734	-0.0428737	0.186245
55	3.76942	-0.390678	-1.51889	0.291656	-0.259009	-1.4377	0.278356	-0.28239	-0.0728521	0.345789	-0.487435	-1.14217	0.363618	-0.334856	-0.0297142	0.293114	-0.245623	-0.508328	0.417889	-0.131217	-0.0259586	0.344955	-0.513906	-1.00265	0.366695	-0.303671	-1.48856	0.46805	-0.22516	-0.642477	0.472892	-0.257887	-0.353931	0.413503	-0.0968001	-0.0278378	0.295354	-0.54236	-0.199667	0.169288	-0.500136	-1.14273	0.263366	-0.600052	-0.196748	0.224853	-0.243235	-0.493487	0.12694	-0.467318	-0.0702901	0.152869	-0.526632	-1.00248	0.265208	-0.344981	-1.47881	0.0928921	-0.252626	-0.614261	0.0783367	-0.331138	-0.402208	0.123617	-0.431073	-0.0435264	0.183574
56	3.77941	-0.380084	-1.52012	0.292066	-0.248291	-1.43862	0.278501	-0.282461	-0.0728903	0.345758	-0.477167	-1.14343	0.364109	-0.334928	-0.0297948	0.293067	-0.24355	-0.508182	0.41826	-0.131257	-0.0258114	0.345155	-0.50408	-1.00397	0.36628	-0.291924	-1.48982	0.468085	-0.221065	-0.642025	0.473109	-0.256505	-0.353883	0.41356	-0.0968509	-0.0278986	0.295539	-0.513389	-0.194799	0.168307	-0.489347	-1.14461	0.263769	-0.571658	-0.189079	0.223516	-0.222071	-0.496972	0.128123	-0.432483	-0.0696087	0.151232	-0.516277	-1.00442	0.264654	-0.334832	-1.47981	0.0933915	-0.233331	-0.617465	0.0788342	-0.308512	-0.404709	0.124566	-0.395517	-0.0437461	0.181639
57	3.7894	-0.369449	-1.52117	0.292661	-0.237562	-1.4395	0.278657	-0.282535	-0.0729199	0.345679	-0.467073	-1.1444	0.364421	-0.33507	-0.0298495	0.293082	-0.241461	-0.508008	0.418444	-0.131288	-0.0256695	0.345339	-0.494326	-1.00499	0.365476	-0.280357	-1.491	0.468103	-0.216974	-0.641561	0.473245	-0.255339	-0.353865	0.413577	-0.0968619	-0.027925	0.295681	-0.483614	-0.188961	0.167306	-0.478645	-1.14626	0.263918	-0.542217	-0.180346	0.222203	-0.201567	-0.500447	0.129318	-0.396948	-0.0682584	0.150105	-0.505974	-1.00614	0.263756	-0.324719	-1.48071	0.093921	-0.214179	-0.620703	0.0793003	-0.286214	-0.40689	0.125472	-0.359121	-0.0434955	0.180354
58	3.79939	-0.358759	-1.52201	0.293348	-0.226818	-1.44032	0.278813	-0.282618	-0.0729876	0.345538	-0.457168	-1.14509	0.36444	-0.335449	-0.0300102	0.293082	-0.239335	-0.507811	0.418427	-0.13132	-0.0255324	0.345496	-0.48465	-1.00572	0.36438	-0.268978	-1.49208	0.468168	-0.212864	-0.641028	0.47328	-0.254374	-0.353905	0.413588	-0.0968425	-0.0279063	0.295792	-0.452996	-0.182235	0.166422	-0.468072	-1.14762	0.2638	-0.511703	-0.170684	0.220986	-0.181548	-0.503856	0.130473	-0.360681	-0.0663652	0.149325	-0.495668	-1.00754	0.262597	-0.31465	-1.48148	0.0944593	-0.195194	-0.623956	0.0797858	-0.264136	-0.408562	0.126309	-0.321836	-0.0428891	0.179603
59	3.80938	-0.348188	-1.5227	0.293797	-0.216173	-1.44103	0.278968	-0.282708	-0.0731173	0.345335	-0.447427	-1.1455	0.364137	-0.336176	-0.0302645	0.292992	-0.237196	-0.507633	0.418318	-0.131342	-0.0254062	0.345661	-0.475081	-1.00616	0.363069	-0.257773	-1.49299	0.468287	-0.208819	-0.640442	0.47321	-0.253538	-0.353969	0.413589	-0.0968124	-0.0278703	0.295885	-0.421613	-0.174837	0.165865	-0.457654	-1.14863	0.26343	-0.480178	-0.160391	0.219869	-0.161919	-0.507156	0.131484	-0.3237	-0.0642349	0.148798	-0.485415	-1.00858	0.261236	-0.30476	-1.48213	0.0948961	-0.176468	-0.627173	0.0803636	-0.242236	-0.409543	0.126881	-0.283889	-0.0422066	0.178954
60	3.81937	-0.337642	-1.52322	0.294252	-0.205564	-1.44163	0.279126	-0.282801	-0.0732678	0.345091	-0.437845	-1.14559	0.363594	-0.336274	-0.0303231	0.292458	-0.234967	-0.507431	0.418219	-0.13134	-0.0252955	0.345843	-0.465595	-1.00628	0.361583	-0.246735	-1.49375	0.468495	-0.204842	-0.639802	0.473152	-0.252659	-0.354007	0.413505	-0.0967568	-0.027836	0.295985	-0.389509	-0.167045	0.165648	-0.447379	-1.14927	0.262838	-0.44768	-0.149652	0.219106	-0.142573	-0.510255	0.13236	-0.285975	-0.0620231	0.148451	-0.475185	-1.00924	0.259715	-0.294918	-1.48259	0.0953255	-0.158064	-0.63027	0.0809005	-0.220209	-0.409594	0.127239	-0.2453	-0.041635	0.178271
61	3.82936	-0.327154	-1.52355	0.29474	-0.195064	-1.44208	0.27934	-0.282855	-0.0734062	0.344865	-0.428415	-1.14537	0.362855	-0.335914	-0.0305751	0.292224	-0.232819	-0.507229	0.418191	-0.131341	-0.0251886	0.346023	-0.456151	-1.00608	0.359971	-0.235805	-1.49434	0.468701	-0.20091	-0.639152	0.473107	-0.25164	-0.353997	0.413414	-0.0967211	-0.0278096	0.296098	-0.356606	-0.158854	0.165685	-0.437182	-1.14954	0.262043	-0.413951	-0.138223	0.219042	-0.123665	-0.513061	0.13311	-0.247665	-0.0598519	0.148252	-0.464949	-1.00952	0.258042	-0.285021	-1.48279	0.0958087	-0.140093	-0.633081	0.0815229	-0.197832	-0.408674	0.127503	-0.206181	-0.0413569	0.177502
62	3.83935	-0.316721	-1.5237	0.29514	-0.184636	-1.44238	0.279621	-0.282872	-0.0735276	0.344692	-0.419115	-1.14485	0.361992	-0.335391	-0.0308478	0.292375	-0.230795	-0.507032	0.418291	-0.131358	-0.0250951	0.34619	-0.446722	-1.00556	0.358291	-0.224959	-1.49476	0.468897	-0.197072	-0.638504	0.473127	-0.250406	-0.354015	0.413407	-0.0967567	-0.0277754	0.296212	-0.3229	-0.1504	0.165812	-0.427052	-1.14943	0.26114	-0.379073	-0.126469	0.219332	-0.105171	-0.515469	0.13396	-0.208886	-0.0579126	0.148097	-0.454718	-1.00943	0.256311	-0.275104	-1.48276	0.0962875	-0.12255	-0.635686	0.082091	-0.175	-0.406902	0.127944	-0.166572	-0.0412965	0.176947
63	3.84934	-0.306228	-1.52365	0.295508	-0.174319	-1.44246	0.279946	-0.282881	-0.0736313	0.344526	-0.409901	-1.14406	0.361005	-0.335098	-0.030929	0.292318	-0.22882	-0.506814	0.418522	-0.131363	-0.0250033	0.346357	-0.437276	-1.00472	0.356537	-0.214139	-1.49497	0.469114	-0.193282	-0.637938	0.473251	-0.249102	-0.35403	0.413533	-0.096846	-0.0276849	0.296341	-0.288368	-0.141797	0.166066	-0.417026	-1.14899	0.260098	-0.343277	-0.114886	0.219653	-0.0870195	-0.517401	0.134893	-0.16973	-0.0561055	0.14812	-0.44448	-1.00902	0.254494	-0.265241	-1.48256	0.0967013	-0.10536	-0.638122	0.0825601	-0.151889	-0.404601	0.128429	-0.126607	-0.0414255	0.176636
64	3.85933	-0.295597	-1.52336	0.296018	-0.164039	-1.44226	0.280285	-0.282877	-0.0737596	0.344338	-0.400689	-1.143	0.359937	-0.334885	-0.0308541	0.292025	-0.226773	-0.50657	0.418793	-0.131382	-0.0248802	0.346539	-0.42774	-1.00362	0.354824	-0.203308	-1.49496	0.469385	-0.189436	-0.63743	0.473501	-0.247838	-0.354035	0.413728	-0.096877	-0.0275883	0.296475	-0.252945	-0.133239	0.166735	-0.40702	-1.14825	0.258995	-0.306571	-0.103583	0.220132	-0.0693877	-0.518888	0.135702	-0.130287	-0.0543313	0.148479	-0.434172	-1.0083	0.252639	-0.255333	-1.48219	0.0970822	-0.0885678	-0.640275	0.0830817	-0.12881	-0.402156	0.128855	-0.0863238	-0.0417306	0.176821
65	3.86931	-0.284956	-1.52287	0.296469	-0.153802	-1.44176	0.280603	-0.282846	-0.0739135	0.344142	-0.391446	-1.14172	0.358884	-0.334862	-0.0308546	0.291708	-0.224565	-0.506299	0.419066	-0.131517	-0.0247324	0.346701	-0.418128	-1.00234	0.353104	-0.192481	-1.49476	0.46967	-0.185578	-0.636884	0.473779	-0.246607	-0.354025	0.413925	-0.0969915	-0.0274539	0.296566	-0.216985	-0.125032	0.167392	-0.397023	-1.14732	0.257833	-0.269306	-0.0927051	0.221034	-0.0523062	-0.520022	0.136458	-0.090634	-0.0526061	0.149306	-0.42382	-1.00731	0.250867	-0.245321	-1.48157	0.0974836	-0.0722922	-0.642044	0.0836547	-0.105983	-0.399752	0.129253	-0.0460719	-0.0421556	0.177623
66	3.8793	-0.274263	-1.52223	0.296902	-0.143539	-1.44099	0.280952	-0.282856	-0.0740749	0.343994	-0.382134	-1.14031	0.357825	-0.334974	-0.030954	0.291347	-0.222084	-0.506082	0.419338	-0.131822	-0.0245549	0.346793	-0.408457	-1.00091	0.351405	-0.181654	-1.49435	0.469935	-0.181625	-0.636301	0.474114	-0.24527	-0.354011	0.414087	-0.0972297	-0.0272675	0.296626	-0.180704	-0.117435	0.167673	-0.387035	-1.1462	0.256672	-0.231646	-0.0827477	0.221492	-0.03565	-0.520857	0.137263	-0.0509465	-0.0509415	0.150711	-0.413387	-1.00609	0.249214	-0.235192	-1.48071	0.0979176	-0.0565362	-0.643447	0.0841731	-0.0835906	-0.397416	0.129559	-0.00613506	-0.042646	0.179024
67	3.88929	-0.26351	-1.52141	0.297327	-0.133226	-1.43992	0.281321	-0.282958	-0.0742706	0.343877	-0.37267	-1.13879	0.356702	-0.334951	-0.0311476	0.29102	-0.219324	-0.505888	0.419527	-0.131949	-0.0244367	0.346924	-0.398664	-0.999339	0.349805	-0.170806	-1.49374	0.470171	-0.177476	-0.63569	0.474484	-0.243694	-0.354005	0.414165	-0.0971349	-0.027162	0.29681	-0.144129	-0.110434	0.167803	-0.376938	-1.14486	0.255555	-0.19397	-0.0737352	0.221734	-0.0196423	-0.521356	0.137885	-0.0112387	-0.0495856	0.152754	-0.40289	-1.00472	0.247599	-0.225011	-1.47965	0.0983402	-0.0411968	-0.644496	0.0847034	-0.0616538	-0.395134	0.129739	0.0335534	-0.0434665	0.181037
68	3.89928	-0.252838	-1.52043	0.297574	-0.122953	-1.43854	0.281679	-0.282959	-0.0745229	0.343645	-0.363105	-1.13714	0.355527	-0.334737	-0.0314112	0.290499	-0.216195	-0.505699	0.419625	-0.131798	-0.0244247	0.347177	-0.388699	-0.99761	0.348276	-0.159864	-1.49292	0.470395	-0.173094	-0.635013	0.474831	-0.241803	-0.354018	0.414173	-0.0966097	-0.0271823	0.297164	-0.107252	-0.104065	0.168513	-0.366691	-1.14333	0.254439	-0.156102	-0.0655281	0.221999	-0.00392982	-0.521422	0.138521	0.0283317	-0.0490286	0.155146	-0.392292	-1.00318	0.245994	-0.214732	-1.47839	0.0987386	-0.0262706	-0.645124	0.0851919	-0.0400759	-0.392791	0.129983	0.0729847	-0.045183	0.18353
69	3.90927	-0.24214	-1.5192	0.297824	-0.11275	-1.43683	0.281926	-0.282824	-0.0747765	0.343297	-0.353374	-1.13537	0.354333	-0.334325	-0.0316226	0.28982	-0.212703	-0.505437	0.419643	-0.131379	-0.0245213	0.347591	-0.378539	-0.995762	0.346832	-0.148917	-1.49187	0.470535	-0.168426	-0.634253	0.475124	-0.239697	-0.354012	0.414117	-0.0960401	-0.0270725	0.29734	-0.0703626	-0.0984839	0.169391	-0.35631	-1.14166	0.253239	-0.118071	-0.0580413	0.222284	0.0113575	-0.521029	0.139027	0.0677103	-0.0495112	0.157839	-0.381531	-1.00143	0.244444	-0.204417	-1.47697	0.0990801	-0.0117519	-0.645271	0.0856883	-0.0188008	-0.390387	0.130269	0.11203	-0.0479498	0.186553
70	3.91926	-0.231301	-1.51775	0.298214	-0.102558	-1.43489	0.282112	-0.282505	-0.074947	0.343059	-0.343464	-1.13353	0.353112	-0.334124	-0.0318969	0.289267	-0.208841	-0.505076	0.419609	-0.131222	-0.0245218	0.347836	-0.368238	-0.993848	0.345381	-0.137924	-1.49059	0.47062	-0.163359	-0.633386	0.475396	-0.237353	-0.354028	0.41391	-0.0956692	-0.0268834	0.297368	-0.0339781	-0.0937951	0.170054	-0.345756	-1.13986	0.251941	-0.0801281	-0.0513921	0.222539	0.0256373	-0.520287	0.139018	0.106657	-0.0509123	0.160979	-0.370626	-0.999543	0.242927	-0.194057	-1.47536	0.0993623	0.00231365	-0.645015	0.086064	0.00224611	-0.388044	0.130564	0.150541	-0.0514592	0.190236
71	3.92925	-0.220416	-1.51615	0.298629	-0.0922233	-1.43292	0.28236	-0.282096	-0.0750615	0.34275	-0.333375	-1.13168	0.351721	-0.334071	-0.0322797	0.288807	-0.204556	-0.504643	0.419488	-0.131265	-0.0244626	0.347938	-0.357878	-0.991963	0.343816	-0.126926	-1.48914	0.470692	-0.158015	-0.632422	0.475606	-0.234654	-0.353983	0.413755	-0.0955349	-0.0266579	0.2973	0.00211141	-0.0899761	0.171061	-0.335023	-1.13793	0.25052	-0.0427282	-0.0459894	0.222905	0.0396369	-0.519245	0.139015	0.14493	-0.0531191	0.164436	-0.359589	-0.997578	0.24145	-0.18364	-1.47362	0.0995856	0.0158313	-0.644251	0.0863377	0.0230562	-0.385889	0.130897	0.188189	-0.0554107	0.194347
72	3.93924	-0.209659	-1.51448	0.298813	-0.0816489	-1.4309	0.282642	-0.28164	-0.0752366	0.34241	-0.323208	-1.12986	0.350203	-0.33405	-0.0327416	0.288393	-0.199931	-0.504186	0.419328	-0.131411	-0.0243747	0.347928	-0.34745	-0.990115	0.342311	-0.115896	-1.4875	0.470742	-0.152443	-0.63141	0.475762	-0.231591	-0.353858	0.413646	-0.0955469	-0.0264293	0.297139	0.0376394	-0.0872066	0.17238	-0.324081	-1.13594	0.248967	-0.0060648	-0.0418197	0.223591	0.0535769	-0.517969	0.13919	0.182032	-0.0558987	0.167986	-0.348441	-0.995578	0.239981	-0.173193	-1.47176	0.09977	0.0288094	-0.642994	0.0866297	0.0434661	-0.38391	0.131259	0.224744	-0.0596735	0.19848
73	3.94923	-0.198983	-1.5127	0.298772	-0.0709082	-1.42878	0.282886	-0.281296	-0.0755677	0.342095	-0.312859	-1.12807	0.348547	-0.333924	-0.0331827	0.287985	-0.194925	-0.503683	0.419235	-0.131632	-0.0242592	0.347825	-0.336979	-0.9883	0.340858	-0.104882	-1.48563	0.470752	-0.146598	-0.630392	0.475868	-0.228148	-0.353665	0.41349	-0.0954387	-0.026239	0.297061	0.0721708	-0.0854698	0.173886	-0.312932	-1.13397	0.247264	0.0297345	-0.0387437	0.224602	0.0672581	-0.516585	0.139378	0.217864	-0.0592046	0.171427	-0.337164	-0.993585	0.238446	-0.162646	-1.46979	0.0999447	0.0413694	-0.641381	0.0868222	0.063306	-0.382065	0.13165	0.260062	-0.0643256	0.202321
74	3.95922	-0.188391	-1.5109	0.298526	-0.0600212	-1.4266	0.283087	-0.281023	-0.0759521	0.341794	-0.302318	-1.1263	0.346816	-0.333744	-0.0336265	0.28758	-0.189543	-0.503128	0.419202	-0.131726	-0.0242199	0.347832	-0.326467	-0.986533	0.339249	-0.0938733	-1.48359	0.470723	-0.140409	-0.629366	0.475936	-0.224349	-0.353421	0.413287	-0.0952195	-0.0260708	0.29702	0.105453	-0.0844658	0.17547	-0.301608	-1.13199	0.245478	0.0643935	-0.0365644	0.225907	0.0806362	-0.515109	0.139519	0.252272	-0.0631019	0.174526	-0.32576	-0.991593	0.236827	-0.152058	-1.46773	0.100061	0.0536164	-0.639521	0.0868354	0.0825917	-0.380229	0.132008	0.294036	-0.0694809	0.205711
75	3.96921	-0.177285	-1.50894	0.298919	-0.0490411	-1.42439	0.283189	-0.28057	-0.0763642	0.341371	-0.291674	-1.12457	0.344949	-0.333528	-0.0341904	0.287079	-0.183789	-0.50249	0.41909	-0.131765	-0.0242162	0.347879	-0.315912	-0.984804	0.337523	-0.0828442	-1.48141	0.470697	-0.133913	-0.628291	0.475955	-0.220268	-0.353145	0.413073	-0.0949624	-0.0259114	0.296956	0.137287	-0.0839608	0.177082	-0.29011	-1.13	0.243622	0.0976634	-0.0348702	0.227516	0.0937369	-0.513436	0.139631	0.285033	-0.0676474	0.177158	-0.314258	-0.989595	0.235058	-0.141353	-1.46561	0.100145	0.0654669	-0.637331	0.0867616	0.101409	-0.378373	0.13239	0.32643	-0.0752759	0.208598
76	3.9792	-0.166211	-1.50692	0.299108	-0.0380211	-1.42215	0.283191	-0.28011	-0.0768928	0.340957	-0.28094	-1.12285	0.342908	-0.333315	-0.0349488	0.286395	-0.177699	-0.501756	0.41887	-0.131829	-0.0242185	0.347888	-0.305211	-0.983074	0.335666	-0.0718102	-1.47914	0.470646	-0.127039	-0.62713	0.47592	-0.215883	-0.352839	0.412843	-0.0947182	-0.0257682	0.296866	0.167454	-0.0839849	0.178676	-0.278476	-1.12799	0.241624	0.129406	-0.0336762	0.229325	0.106474	-0.511489	0.139699	0.315936	-0.0727309	0.179501	-0.302657	-0.987562	0.233202	-0.130614	-1.46341	0.100203	0.0770593	-0.634971	0.0865583	0.119765	-0.376549	0.132929	0.356975	-0.0815942	0.211251
77	3.98919	-0.155332	-1.50486	0.298831	-0.0269162	-1.41985	0.283206	-0.279528	-0.0774677	0.340611	-0.27014	-1.1211	0.340794	-0.333216	-0.0358876	0.285628	-0.171207	-0.500872	0.418594	-0.13192	-0.024236	0.347872	-0.294356	-0.981302	0.333773	-0.0607404	-1.47677	0.470579	-0.119793	-0.625873	0.475833	-0.211263	-0.352456	0.412538	-0.0944768	-0.0256358	0.296753	0.195732	-0.0846187	0.180436	-0.266695	-1.12591	0.23951	0.159408	-0.0328706	0.231029	0.118774	-0.509244	0.139714	0.344791	-0.0781317	0.181898	-0.290906	-0.985482	0.231204	-0.119907	-1.46119	0.100172	0.0885703	-0.632529	0.0863705	0.137381	-0.37479	0.133562	0.385412	-0.0882313	0.213987
78	3.99918	-0.144316	-1.5028	0.298615	-0.0157652	-1.41753	0.283228	-0.278881	-0.078028	0.340005	-0.259244	-1.11927	0.338586	-0.333065	-0.0370368	0.284707	-0.164322	-0.499904	0.418307	-0.132043	-0.0242854	0.347821	-0.283366	-0.979483	0.331765	-0.0496607	-1.47437	0.470503	-0.112214	-0.624579	0.475737	-0.20637	-0.352065	0.412163	-0.0942262	-0.0255339	0.296619	0.222335	-0.085324	0.182057	-0.254825	-1.1238	0.237324	0.187534	-0.0322399	0.232491	0.130751	-0.506768	0.139726	0.371667	-0.0836065	0.184715	-0.278982	-0.983353	0.229077	-0.109121	-1.45901	0.100054	0.0998949	-0.629986	0.0862545	0.154048	-0.373033	0.134255	0.411718	-0.0949887	0.217039
79	4.00916	-0.132902	-1.50069	0.298892	-0.00462325	-1.41523	0.283166	-0.278376	-0.0787558	0.339252	-0.248252	-1.11736	0.336269	-0.332791	-0.0384823	0.283639	-0.157034	-0.498898	0.418059	-0.13218	-0.024362	0.347727	-0.272219	-0.977583	0.329548	-0.0386113	-1.47196	0.470419	-0.104307	-0.623319	0.475689	-0.201182	-0.351695	0.411779	-0.0939627	-0.025446	0.296475	0.247137	-0.085994	0.183482	-0.242928	-1.1217	0.235041	0.213542	-0.0316703	0.233684	0.142506	-0.504183	0.139791	0.396521	-0.0886341	0.187712	-0.266795	-0.981183	0.227054	-0.0981626	-1.45693	0.0998883	0.11114	-0.627392	0.0862508	0.169727	-0.371199	0.134924	0.435842	-0.101353	0.220389
80	4.01915	-0.121637	-1.49866	0.298807	0.00653142	-1.41296	0.283012	-0.277706	-0.0799365	0.338561	-0.237207	-1.11539	0.333988	-0.332414	-0.040266	0.282736	-0.149423	-0.497922	0.41778	-0.13234	-0.0244483	0.347588	-0.260912	-0.975575	0.327236	-0.0275862	-1.46962	0.470328	-0.0960964	-0.622111	0.475689	-0.195699	-0.351316	0.41144	-0.0936777	-0.0253386	0.296351	0.269845	-0.0864278	0.18495	-0.23096	-1.11956	0.232758	0.237249	-0.0311254	0.234782	0.154026	-0.501574	0.139989	0.419333	-0.0928485	0.190849	-0.254575	-0.979025	0.224814	-0.086899	-1.45486	0.0997668	0.122181	-0.624625	0.0863805	0.184501	-0.369236	0.135574	0.457797	-0.10669	0.223901
81	4.02914	-0.110433	-1.49667	0.2984	0.0177452	-1.41078	0.282887	-0.276883	-0.0812752	0.338099	-0.226047	-1.11337	0.331811	-0.331965	-0.0423821	0.282031	-0.141543	-0.496991	0.417485	-0.132503	-0.0245624	0.347451	-0.249401	-0.973464	0.324976	-0.0165912	-1.46733	0.470174	-0.0876514	-0.620962	0.475704	-0.190047	-0.351076	0.411025	-0.0933978	-0.0252282	0.296237	0.29033	-0.0865195	0.186474	-0.218878	-1.11738	0.230619	0.258515	-0.0304257	0.235885	0.165389	-0.499009	0.140279	0.440024	-0.0962417	0.194152	-0.242251	-0.976824	0.222562	-0.0754815	-1.45292	0.0995631	0.133141	-0.621922	0.0865455	0.198505	-0.367249	0.136124	0.477431	-0.11084	0.227422
82	4.03913	-0.098972	-1.49474	0.298211	0.0290543	-1.40878	0.282763	-0.276026	-0.0828253	0.337804	-0.214692	-1.1113	0.329783	-0.331481	-0.0448229	0.281598	-0.133414	-0.496182	0.417183	-0.13268	-0.0246773	0.347336	-0.237677	-0.97132	0.322835	-0.00564571	-1.46514	0.469996	-0.0790338	-0.619882	0.475682	-0.184162	-0.351017	0.410721	-0.0931549	-0.0251187	0.296129	0.30853	-0.0861855	0.188024	-0.206697	-1.11521	0.228596	0.277301	-0.029447	0.237071	0.176703	-0.49653	0.140664	0.45812	-0.098454	0.197105	-0.229798	-0.97463	0.220408	-0.0639074	-1.45109	0.0992782	0.14402	-0.619309	0.086725	0.211942	-0.365328	0.136538	0.494829	-0.113653	0.230807
83	4.04912	-0.0875675	-1.49291	0.297851	0.0405253	-1.40699	0.282595	-0.274852	-0.0846675	0.337686	-0.203096	-1.10926	0.327772	-0.331119	-0.0477119	0.2815	-0.124953	-0.495476	0.417004	-0.132869	-0.0247253	0.347222	-0.225781	-0.969213	0.320818	0.0052702	-1.46311	0.469794	-0.0702753	-0.618905	0.475628	-0.177954	-0.351124	0.410565	-0.0929886	-0.0249986	0.29602	0.324367	-0.0853214	0.189542	-0.194369	-1.11312	0.226656	0.293492	-0.0281065	0.238361	0.188125	-0.494218	0.141147	0.473606	-0.0992413	0.19965	-0.217165	-0.972483	0.218377	-0.0521811	-1.4494	0.0989057	0.154957	-0.616759	0.0869527	0.22493	-0.363372	0.137221	0.510006	-0.114953	0.233962
84	4.05911	-0.0761331	-1.49126	0.297312	0.0521517	-1.4054	0.282367	-0.27355	-0.086799	0.337908	-0.191289	-1.1073	0.325867	-0.33069	-0.0510106	0.281763	-0.116128	-0.49479	0.416968	-0.133026	-0.0247212	0.347144	-0.213757	-0.967211	0.318881	0.0162099	-1.46128	0.469538	-0.0612506	-0.618032	0.475649	-0.171361	-0.351299	0.410572	-0.0928976	-0.0248924	0.295892	0.337884	-0.0838476	0.191111	-0.181832	-1.11115	0.224896	0.307054	-0.0263114	0.23975	0.19969	-0.492109	0.141712	0.486913	-0.0985961	0.202131	-0.204383	-0.970445	0.216501	-0.0403069	-1.4478	0.0984615	0.166123	-0.614314	0.0872105	0.237428	-0.36142	0.138131	0.523143	-0.114581	0.236955
85	4.0691	-0.0645415	-1.48965	0.296803	0.0638266	-1.404	0.282023	-0.272186	-0.0891945	0.338425	-0.179199	-1.10548	0.324235	-0.330045	-0.0547162	0.282425	-0.106906	-0.49414	0.417058	-0.133028	-0.0248383	0.34719	-0.201447	-0.965346	0.317023	0.0271964	-1.45963	0.469166	-0.051882	-0.617259	0.475695	-0.164275	-0.351566	0.41079	-0.092837	-0.0248011	0.295731	0.349135	-0.0816938	0.192707	-0.169055	-1.10934	0.223299	0.318069	-0.0239993	0.241286	0.211355	-0.490226	0.142358	0.498089	-0.0965781	0.204474	-0.191475	-0.968603	0.21471	-0.028329	-1.44635	0.097953	0.177411	-0.611951	0.0874415	0.249426	-0.359442	0.139209	0.534247	-0.112601	0.239655
86	4.07909	-0.0531488	-1.48814	0.295992	0.0755555	-1.40284	0.281595	-0.27059	-0.0918725	0.339281	-0.166719	-1.10382	0.322797	-0.329173	-0.0589038	0.28344	-0.0971479	-0.493486	0.417266	-0.132951	-0.0249914	0.347291	-0.188847	-0.963695	0.315283	0.0382641	-1.4582	0.468736	-0.0421102	-0.61657	0.475751	-0.156651	-0.351887	0.411187	-0.0928168	-0.0247202	0.29555	0.35815	-0.0788553	0.194322	-0.156013	-1.10777	0.221874	0.326773	-0.0212119	0.24292	0.223062	-0.48852	0.143131	0.507123	-0.0933934	0.206627	-0.178388	-0.96706	0.213011	-0.0162383	-1.44506	0.0973498	0.188921	-0.609692	0.0877822	0.260811	-0.357352	0.140492	0.543032	-0.10937	0.241746
87	4.08908	-0.0416978	-1.48674	0.29505	0.0874146	-1.40187	0.281109	-0.268624	-0.0950881	0.340381	-0.153819	-1.10241	0.321528	-0.32809	-0.0636389	0.284579	-0.0867353	-0.492862	0.417556	-0.132854	-0.0250772	0.347397	-0.17593	-0.962325	0.31371	0.0493711	-1.45702	0.468233	-0.0318122	-0.615943	0.475839	-0.148479	-0.352274	0.411712	-0.0928468	-0.0246622	0.295381	0.3651	-0.0753253	0.19609	-0.142649	-1.10649	0.220642	0.333057	-0.0183765	0.244491	0.234798	-0.486884	0.144033	0.514109	-0.0891532	0.208525	-0.165007	-0.965819	0.21148	-0.00395913	-1.44391	0.0966935	0.200832	-0.607684	0.0882358	0.271474	-0.355092	0.141773	0.549965	-0.105096	0.243718
88	4.09907	-0.0303138	-1.48549	0.293888	0.0994289	-1.4011	0.280575	-0.266343	-0.0986175	0.341524	-0.140523	-1.10131	0.320362	-0.326659	-0.0689762	0.285744	-0.0757386	-0.49229	0.417937	-0.132765	-0.0251044	0.347526	-0.162747	-0.961258	0.312222	0.0605171	-1.45603	0.467674	-0.0208659	-0.615377	0.475976	-0.139847	-0.352715	0.412255	-0.0928977	-0.0246251	0.29526	0.370405	-0.0715398	0.197932	-0.128854	-1.10553	0.219581	0.336709	-0.0168122	0.245644	0.246488	-0.485096	0.145007	0.519627	-0.0833926	0.210377	-0.151305	-0.964902	0.210074	0.00837489	-1.44287	0.0959743	0.212989	-0.605724	0.0888779	0.28121	-0.352547	0.143013	0.555872	-0.0990511	0.246074
89	4.10906	-0.0188467	-1.48436	0.292821	0.111564	-1.40054	0.27997	-0.263779	-0.102592	0.342788	-0.126852	-1.10049	0.319318	-0.32482	-0.0749193	0.286983	-0.0640811	-0.49167	0.418391	-0.132699	-0.0251018	0.347624	-0.149313	-0.960536	0.310854	0.0716293	-1.45517	0.467038	-0.00924551	-0.614797	0.476159	-0.130725	-0.353271	0.412903	-0.0929769	-0.0246001	0.295173	0.3753	-0.0686937	0.199653	-0.114763	-1.10492	0.218637	0.338651	-0.0171894	0.246419	0.257819	-0.483053	0.145922	0.524801	-0.0749093	0.212497	-0.137449	-0.96432	0.208737	0.0207835	-1.44197	0.0951632	0.225156	-0.604108	0.0895246	0.289809	-0.349787	0.144445	0.561962	-0.0892192	0.248751
90	4.11905	-0.00719915	-1.48361	0.291698	0.123795	-1.40027	0.279321	-0.260689	-0.10711	0.344204	-0.113023	-1.10003	0.31844	-0.322378	-0.0815661	0.288461	-0.0516639	-0.490999	0.41884	-0.132659	-0.0249999	0.34757	-0.135786	-0.960124	0.309676	0.0826397	-1.45446	0.466364	0.00316002	-0.614143	0.476316	-0.121091	-0.354016	0.413611	-0.0931104	-0.0245834	0.295088	0.381193	-0.0678288	0.200764	-0.100666	-1.10464	0.217794	0.340606	-0.0191769	0.246761	0.268356	-0.481218	0.146512	0.529939	-0.0645208	0.214644	-0.123674	-0.964113	0.207456	0.0332328	-1.44121	0.0942134	0.236975	-0.603421	0.0899639	0.297187	-0.347475	0.146089	0.568399	-0.076057	0.250247
91	4.12904	0.00474991	-1.4835	0.290451	0.136094	-1.40044	0.278612	-0.256882	-0.112178	0.345952	-0.0991765	-1.09989	0.317811	-0.319197	-0.0890035	0.290333	-0.0383575	-0.490327	0.419172	-0.13267	-0.0248214	0.347323	-0.122167	-0.960027	0.308611	0.0936991	-1.45401	0.465745	0.0164677	-0.613452	0.476394	-0.110712	-0.355012	0.41437	-0.0932838	-0.0245847	0.295006	0.386792	-0.0674619	0.200865	-0.086809	-1.10472	0.217132	0.342918	-0.0212349	0.246608	0.277946	-0.48081	0.146462	0.534681	-0.0559958	0.215418	-0.110075	-0.964309	0.206348	0.0458199	-1.4407	0.0931605	0.248412	-0.603865	0.0900248	0.304525	-0.346635	0.147308	0.573989	-0.0656128	0.251473
92	4.13903	0.0169939	-1.4839	0.289313	0.148509	-1.40099	0.277862	-0.25217	-0.117757	0.347846	-0.0854033	-1.10009	0.317599	-0.315108	-0.0973278	0.29222	-0.0239736	-0.489789	0.419482	-0.132716	-0.0247294	0.347092	-0.108479	-0.960288	0.307884	0.104973	-1.45389	0.465253	0.0307753	-0.612818	0.476406	-0.0994168	-0.356285	0.415196	-0.0934873	-0.0246114	0.294971	0.390701	-0.0666927	0.200215	-0.0733067	-1.10532	0.216918	0.34478	-0.0226484	0.24609	0.287593	-0.482393	0.145677	0.537863	-0.0490698	0.215127	-0.096659	-0.964994	0.205567	0.058635	-1.44067	0.0920055	0.259828	-0.605057	0.089703	0.31356	-0.347882	0.147279	0.577667	-0.0573666	0.251414
93	4.14901	0.0293741	-1.48455	0.288345	0.161065	-1.40183	0.277075	-0.246599	-0.123824	0.34967	-0.0716291	-1.10068	0.317973	-0.30987	-0.106541	0.293831	-0.00840604	-0.489338	0.419975	-0.132504	-0.024771	0.346791	-0.0945893	-0.960905	0.307555	0.116539	-1.45419	0.464748	0.0461723	-0.612289	0.476354	-0.0870056	-0.35784	0.416156	-0.0937295	-0.024633	0.294978	0.392749	-0.0656639	0.199282	-0.060052	-1.10652	0.217315	0.345903	-0.0236389	0.2455	0.298711	-0.485136	0.144498	0.539489	-0.0428163	0.213982	-0.0833254	-0.966258	0.205262	0.0716336	-1.44114	0.0907833	0.271843	-0.606873	0.0890043	0.324095	-0.350007	0.145964	0.579671	-0.0500494	0.25001
94	4.159	0.0415558	-1.48543	0.287317	0.173665	-1.40297	0.276219	-0.240112	-0.130563	0.351531	-0.0577857	-1.10162	0.319067	-0.303237	-0.116562	0.295233	0.0084681	-0.488808	0.420877	-0.132227	-0.024724	0.346178	-0.0805494	-0.961861	0.307728	0.128303	-1.45498	0.464054	0.0626056	-0.611829	0.476376	-0.0736326	-0.359602	0.417208	-0.0940486	-0.0247318	0.294962	0.394253	-0.0648661	0.198236	-0.0469192	-1.10827	0.218466	0.346978	-0.0245238	0.245076	0.311377	-0.487921	0.143337	0.541218	-0.0374891	0.211561	-0.0700283	-0.968028	0.205516	0.0845867	-1.44203	0.0895152	0.285115	-0.609453	0.0881456	0.33493	-0.351776	0.144087	0.581311	-0.0440187	0.247655
95	4.16899	0.0534263	-1.48646	0.286183	0.186149	-1.40444	0.275283	-0.232367	-0.137916	0.353478	-0.0438753	-1.10285	0.320857	-0.294962	-0.127436	0.296491	0.0266953	-0.488053	0.422158	-0.131934	-0.0247297	0.34549	-0.0666087	-0.963123	0.308535	0.140119	-1.45628	0.463078	0.0800014	-0.611359	0.4766	-0.0592228	-0.361426	0.418485	-0.0945717	-0.0248262	0.295199	0.396133	-0.0644574	0.197471	-0.0339186	-1.11041	0.220276	0.347988	-0.0252882	0.244644	0.324509	-0.489858	0.142291	0.543652	-0.0337435	0.20841	-0.0569218	-0.970206	0.206286	0.0973759	-1.44335	0.0882812	0.29958	-0.612716	0.0871806	0.345038	-0.35277	0.142165	0.582998	-0.0398307	0.245967
96	4.17898	0.0652203	-1.48759	0.285172	0.19835	-1.40623	0.27439	-0.223236	-0.145571	0.355405	-0.0301583	-1.10423	0.323166	-0.284886	-0.13914	0.297574	0.0461604	-0.487034	0.423773	-0.131797	-0.0248385	0.344755	-0.0528166	-0.964575	0.309857	0.151913	-1.45799	0.461999	0.0982086	-0.610843	0.47716	-0.043717	-0.363247	0.41993	-0.095561	-0.0249297	0.295786	0.397643	-0.0642584	0.197268	-0.0211671	-1.11272	0.222549	0.348591	-0.0257146	0.244261	0.336996	-0.490782	0.141212	0.545732	-0.0315524	0.206799	-0.0441383	-0.972609	0.207454	0.110145	-1.44492	0.0872594	0.314535	-0.616379	0.0861121	0.354004	-0.3532	0.140391	0.584236	-0.0373879	0.246401
97	4.18897	0.0769015	-1.48879	0.284105	0.210314	-1.40829	0.2736	-0.212497	-0.153291	0.357467	-0.0168303	-1.10561	0.325706	-0.272881	-0.151346	0.298717	0.0665859	-0.485629	0.425701	-0.131751	-0.0249948	0.343919	-0.0392617	-0.966059	0.311419	0.163539	-1.45994	0.460972	0.117077	-0.610167	0.477982	-0.0269441	-0.365061	0.421465	-0.0967636	-0.0250102	0.296601	0.39847	-0.0643259	0.197374	-0.00878222	-1.11501	0.225025	0.348828	-0.0258945	0.243913	0.348247	-0.491394	0.140144	0.547339	-0.0303505	0.207498	-0.0316066	-0.974976	0.208971	0.122801	-1.44666	0.0863263	0.329007	-0.61989	0.0850111	0.36187	-0.353604	0.138946	0.584979	-0.0357991	0.248142
98	4.19896	0.0885896	-1.49004	0.283096	0.222342	-1.41058	0.27295	-0.200016	-0.160443	0.359649	-0.00391064	-1.10688	0.328242	-0.259086	-0.163374	0.300375	0.0876901	-0.483806	0.427657	-0.130954	-0.0253087	0.343249	-0.0260511	-0.967401	0.31295	0.174986	-1.46204	0.460036	0.136359	-0.609229	0.478936	-0.00888814	-0.366733	0.423098	-0.0970521	-0.0249519	0.297187	0.39927	-0.0644487	0.19742	0.00322859	-1.11714	0.2275	0.34901	-0.0260352	0.243635	0.357929	-0.49248	0.1392	0.548527	-0.0291516	0.207621	-0.019159	-0.977106	0.210697	0.13531	-1.44845	0.0854701	0.34225	-0.622778	0.0840205	0.368696	-0.354347	0.137797	0.585652	-0.0343028	0.24911
99	4.20895	0.100229	-1.4912	0.282164	0.234509	-1.41297	0.272336	-0.185907	-0.166891	0.361993	0.00863025	-1.108	0.330598	-0.244161	-0.174703	0.302621	0.109478	-0.481591	0.429245	-0.128102	-0.0260573	0.343248	-0.0132208	-0.968553	0.314429	0.186247	-1.46415	0.459173	0.155864	-0.608031	0.479799	0.0103232	-0.368049	0.424643	-0.095293	-0.0244956	0.297392	0.40014	-0.0644138	0.197363	0.0150335	-1.11902	0.229863	0.349172	-0.0261586	0.243405	0.366273	-0.493974	0.138416	0.549454	-0.0277703	0.206463	-0.00676826	-0.978954	0.212459	0.147728	-1.4502	0.0846981	0.353732	-0.624831	0.0830709	0.374746	-0.355136	0.136982	0.586275	-0.0327493	0.249147
100	4.21894	0.111882	-1.49237	0.281423	0.246693	-1.41528	0.271742	-0.170861	-0.173233	0.364118	0.0207636	-1.10894	0.332621	-0.228579	-0.185437	0.305172	0.131826	-0.479159	0.430268	-0.122656	-0.0272285	0.343323	-0.000804779	-0.969543	0.315723	0.197281	-1.4662	0.458402	0.175516	-0.606694	0.480425	0.0305345	-0.369049	0.425988	-0.0916757	-0.0236894	0.297945	0.400776	-0.0643299	0.197319	0.0266164	-1.12061	0.231992	0.349253	-0.0262326	0.243204	0.373751	-0.495197	0.137724	0.550228	-0.0266854	0.205775	0.00521833	-0.980598	0.213907	0.160066	-1.45184	0.0839751	0.36334	-0.625943	0.0822824	0.380326	-0.355712	0.13642	0.586694	-0.0315153	0.249369
101	4.22893	0.123462	-1.49364	0.280645	0.258741	-1.41745	0.271279	-0.15501	-0.180106	0.365842	0.0325015	-1.10974	0.334347	-0.212179	-0.196023	0.307399	0.154445	-0.476907	0.430694	-0.114449	-0.02956	0.34337	0.0112072	-0.97039	0.316685	0.208144	-1.46815	0.457714	0.195177	-0.605485	0.480692	0.0517723	-0.36966	0.427187	-0.0862387	-0.0230714	0.300301	0.401207	-0.0642989	0.197323	0.0381064	-1.12193	0.233801	0.349264	-0.0262512	0.243051	0.380554	-0.495742	0.137125	0.550805	-0.0260193	0.205782	0.0168221	-0.982064	0.214923	0.172369	-1.45331	0.0833543	0.371261	-0.626261	0.081613	0.385479	-0.35601	0.135972	0.586931	-0.0306339	0.249827
102	4.23892	0.134938	-1.49502	0.27979	0.270565	-1.41943	0.270991	-0.138382	-0.187541	0.367044	0.0439499	-1.1104	0.33569	-0.194725	-0.206017	0.308666	0.177306	-0.475195	0.430635	-0.103666	-0.0341979	0.344869	0.0227393	-0.971156	0.31728	0.218872	-1.46998	0.457188	0.214803	-0.604656	0.480598	0.0740296	-0.369948	0.428175	-0.0776913	-0.0239323	0.305303	0.401488	-0.0642827	0.197376	0.0494615	-1.12316	0.235202	0.349221	-0.0262489	0.242983	0.386457	-0.495745	0.136619	0.551125	-0.025593	0.205729	0.0281306	-0.983423	0.215572	0.184652	-1.45465	0.0828378	0.377778	-0.626114	0.0811096	0.390008	-0.356076	0.13565	0.587102	-0.02996	0.250111
103	4.24891	0.146414	-1.49646	0.279078	0.282136	-1.42119	0.270878	-0.121	-0.195446	0.367496	0.0550997	-1.11108	0.336553	-0.176249	-0.214419	0.308235	0.200385	-0.474217	0.430401	-0.0897847	-0.0404742	0.34971	0.0338021	-0.971932	0.317395	0.22946	-1.47173	0.456823	0.23442	-0.604319	0.480188	0.097128	-0.37022	0.428785	-0.0641149	-0.027335	0.311801	0.401614	-0.0642849	0.19747	0.060505	-1.12442	0.23611	0.349141	-0.026237	0.242999	0.391204	-0.495588	0.136209	0.551235	-0.0253796	0.205677	0.039158	-0.984789	0.215753	0.196923	-1.45589	0.0823769	0.3833	-0.625884	0.0807208	0.39376	-0.355993	0.135489	0.587179	-0.0295175	0.250336
104	4.2589	0.157736	-1.49796	0.278259	0.293501	-1.42271	0.270888	-0.102488	-0.203297	0.367219	0.0658627	-1.11184	0.336931	-0.156733	-0.220727	0.30626	0.223602	-0.474058	0.43022	-0.0726489	-0.0472728	0.357042	0.0444921	-0.972816	0.317008	0.239878	-1.47341	0.456601	0.254068	-0.604492	0.479605	0.120594	-0.371021	0.428878	-0.0463527	-0.0316923	0.319217	0.401668	-0.0642906	0.197597	0.0714014	-1.12573	0.236504	0.349036	-0.0262108	0.243056	0.394848	-0.495547	0.135803	0.55123	-0.0253398	0.205772	0.0500318	-0.98619	0.215398	0.209148	-1.45703	0.0819746	0.38827	-0.625723	0.0803625	0.396666	-0.355906	0.135443	0.587187	-0.029253	0.250591
105	4.26889	0.169015	-1.49955	0.277466	0.304704	-1.42407	0.270919	-0.0824731	-0.21008	0.366606	0.0764084	-1.11278	0.336762	-0.135892	-0.225332	0.303726	0.246914	-0.474688	0.430072	-0.0530302	-0.0538708	0.36464	0.0549264	-0.973854	0.316177	0.250217	-1.47506	0.456471	0.273727	-0.605238	0.479005	0.143935	-0.372799	0.428594	-0.0263101	-0.0356433	0.327606	0.401636	-0.0642896	0.197729	0.0822344	-1.12714	0.236444	0.348922	-0.0261705	0.243124	0.397825	-0.495665	0.135317	0.551139	-0.0253861	0.205846	0.0607404	-0.98774	0.21459	0.221307	-1.45816	0.0815934	0.393075	-0.625702	0.0799943	0.398734	-0.355854	0.135416	0.587124	-0.0291368	0.25073
106	4.27888	0.180404	-1.50123	0.277037	0.315861	-1.42542	0.27102	-0.0610285	-0.215483	0.366056	0.0868704	-1.11401	0.336186	-0.113791	-0.22849	0.301478	0.270252	-0.476086	0.429874	-0.0314646	-0.0598286	0.371617	0.0652305	-0.975198	0.314976	0.26055	-1.4767	0.456486	0.29337	-0.606619	0.478431	0.167101	-0.37541	0.428207	-0.00440602	-0.0391432	0.335742	0.40149	-0.0643066	0.197811	0.0929199	-1.12879	0.235935	0.348809	-0.0261362	0.243175	0.400597	-0.495851	0.134702	0.551015	-0.0254576	0.205861	0.0713015	-0.989502	0.213428	0.233474	-1.45931	0.0813308	0.397974	-0.625868	0.0796401	0.400133	-0.355825	0.135281	0.587053	-0.0290976	0.250769
107	4.28887	0.191708	-1.50303	0.27666	0.326981	-1.42677	0.271228	-0.0385086	-0.21942	0.365776	0.0972733	-1.11557	0.335269	-0.0909359	-0.23021	0.299951	0.293519	-0.478083	0.429453	-0.00763239	-0.0648973	0.377768	0.0753727	-0.976886	0.31359	0.270884	-1.47835	0.456611	0.313004	-0.608552	0.477895	0.190268	-0.378413	0.427687	0.0193229	-0.0421599	0.342846	0.40131	-0.0643253	0.19784	0.10361	-1.1306	0.235066	0.348702	-0.0261081	0.243201	0.403442	-0.495987	0.134034	0.550886	-0.0255063	0.205817	0.0817252	-0.99145	0.212067	0.245652	-1.46053	0.08119	0.403131	-0.626184	0.0792656	0.400981	-0.355763	0.134937	0.587017	-0.0290896	0.25075
108	4.29885	0.203166	-1.50482	0.276614	0.338056	-1.42816	0.27149	-0.0151428	-0.222008	0.365749	0.107616	-1.11743	0.334021	-0.0677035	-0.230486	0.299333	0.316583	-0.480434	0.428769	0.0184411	-0.0690555	0.382566	0.0853783	-0.978863	0.312147	0.28123	-1.47997	0.456775	0.332561	-0.61094	0.477381	0.21362	-0.3814	0.42701	0.0453269	-0.044727	0.348306	0.401127	-0.0643226	0.19782	0.114254	-1.13252	0.233917	0.348598	-0.0260726	0.243205	0.406343	-0.49604	0.133363	0.550733	-0.0255508	0.205733	0.0920719	-0.993509	0.210709	0.257802	-1.46182	0.0811338	0.408389	-0.626536	0.0787988	0.401377	-0.355669	0.134394	0.58699	-0.029119	0.250683
109	4.30884	0.214039	-1.50664	0.27598	0.349093	-1.42958	0.271763	0.00895346	-0.223166	0.365978	0.11789	-1.11957	0.332688	-0.0444649	-0.229417	0.299475	0.339375	-0.483027	0.427983	0.0466353	-0.0720611	0.385794	0.0953248	-0.981076	0.310773	0.291618	-1.48159	0.456892	0.352025	-0.613665	0.47683	0.237132	-0.38421	0.426154	0.0735174	-0.0467044	0.351934	0.400956	-0.0643152	0.197786	0.124862	-1.13462	0.232654	0.348488	-0.0260098	0.243228	0.409127	-0.496017	0.132648	0.550526	-0.0256385	0.205657	0.102354	-0.995638	0.209474	0.269801	-1.46325	0.0809942	0.413677	-0.626911	0.0783754	0.401525	-0.355582	0.133705	0.58685	-0.0291856	0.250529
110	4.31883	0.224388	-1.50849	0.27483	0.360106	-1.43095	0.272078	0.033754	-0.222904	0.366486	0.128118	-1.12194	0.331412	-0.0209037	-0.226937	0.300499	0.361836	-0.48584	0.427171	0.0767527	-0.0739014	0.387558	0.105261	-0.983422	0.309674	0.301945	-1.48322	0.457029	0.371285	-0.616562	0.476241	0.260602	-0.386834	0.425219	0.103859	-0.0481972	0.353919	0.400822	-0.0643061	0.197758	0.13538	-1.13679	0.23131	0.348399	-0.0259109	0.243347	0.411695	-0.496024	0.131831	0.550248	-0.0258223	0.205619	0.112528	-0.997787	0.208387	0.2818	-1.46475	0.0809437	0.418832	-0.627284	0.0779985	0.401783	-0.355516	0.132929	0.586591	-0.029322	0.250309
111	4.32882	0.235371	-1.51014	0.274573	0.370952	-1.43221	0.272395	0.0593376	-0.22118	0.367113	0.138479	-1.12438	0.330271	0.00322761	-0.223161	0.302027	0.383846	-0.488835	0.426199	0.108425	-0.0746728	0.388106	0.11517	-0.985865	0.308897	0.312215	-1.48488	0.457162	0.390362	-0.619579	0.475658	0.283783	-0.389345	0.424226	0.135854	-0.049172	0.354617	0.400742	-0.0642877	0.197756	0.145792	-1.13901	0.230082	0.348356	-0.0257753	0.243555	0.41405	-0.496142	0.130894	0.549922	-0.0260499	0.205602	0.122577	-0.999941	0.207557	0.293769	-1.46631	0.0809843	0.423734	-0.62765	0.0776549	0.402462	-0.355458	0.13206	0.586272	-0.029544	0.250041
112	4.33881	0.246292	-1.51167	0.274454	0.381616	-1.43332	0.272741	0.0857994	-0.218093	0.367911	0.148917	-1.12681	0.329355	0.0280773	-0.218102	0.303767	0.40525	-0.491951	0.425054	0.141266	-0.0744285	0.387674	0.125128	-0.988321	0.3085	0.322498	-1.48645	0.45724	0.409151	-0.622715	0.475042	0.306699	-0.391838	0.42333	0.169252	-0.0496568	0.354266	0.400614	-0.0642773	0.197652	0.156156	-1.14107	0.229169	0.348277	-0.0256609	0.243649	0.416252	-0.496301	0.129869	0.549629	-0.0262413	0.205587	0.132491	-1.00203	0.207106	0.305633	-1.46786	0.0810744	0.428185	-0.628002	0.0772575	0.403649	-0.355401	0.131118	0.585945	-0.0298056	0.249759
113	4.3488	0.25725	-1.51304	0.274505	0.392184	-1.43431	0.273119	0.11299	-0.213722	0.368871	0.159305	-1.12914	0.328842	0.0538024	-0.211812	0.305594	0.42607	-0.495171	0.423746	0.174955	-0.0732381	0.386551	0.13508	-0.990672	0.308589	0.332677	-1.48791	0.457312	0.427621	-0.625911	0.474418	0.329399	-0.394206	0.422587	0.203496	-0.0494424	0.353157	0.400456	-0.0642611	0.197478	0.166472	-1.14294	0.228591	0.348161	-0.0256021	0.243595	0.418332	-0.496423	0.128812	0.549394	-0.0263916	0.205582	0.142301	-1.00393	0.207077	0.31732	-1.46938	0.0812091	0.431765	-0.628208	0.0765294	0.405284	-0.35536	0.130184	0.58567	-0.0300268	0.249516
114	4.35879	0.268167	-1.51428	0.274612	0.402677	-1.43521	0.273485	0.14091	-0.208265	0.369667	0.169719	-1.13127	0.328706	0.080506	-0.204349	0.307267	0.446318	-0.498493	0.422342	0.209437	-0.071217	0.385071	0.145045	-0.992785	0.309067	0.342768	-1.48927	0.457366	0.445738	-0.629131	0.473802	0.351948	-0.396225	0.422029	0.238542	-0.0485757	0.351798	0.400317	-0.0642238	0.197307	0.176709	-1.14464	0.228325	0.348	-0.0256263	0.243369	0.420343	-0.496549	0.127783	0.549205	-0.0265039	0.205554	0.152027	-1.00561	0.207458	0.328764	-1.47088	0.0812483	0.435414	-0.628327	0.0758518	0.407154	-0.355334	0.129318	0.585424	-0.0301698	0.249315
115	4.36878	0.278833	-1.51538	0.274583	0.413088	-1.436	0.273797	0.169546	-0.201836	0.370124	0.180135	-1.13313	0.328866	0.108225	-0.195717	0.308699	0.466041	-0.501873	0.421121	0.24464	-0.0686323	0.38356	0.155031	-0.994617	0.309917	0.35282	-1.49045	0.457418	0.463482	-0.632384	0.473216	0.3744	-0.397707	0.421528	0.274519	-0.0473152	0.350592	0.40024	-0.0642182	0.197158	0.186856	-1.14605	0.228465	0.347737	-0.0257212	0.242936	0.422239	-0.496649	0.126808	0.549046	-0.0265886	0.205498	0.161577	-1.00704	0.208132	0.340113	-1.47225	0.0813419	0.438992	-0.628362	0.0751942	0.408968	-0.355308	0.128653	0.585194	-0.0302305	0.249149
116	4.37877	0.289087	-1.51632	0.274188	0.423339	-1.43672	0.274041	0.19888	-0.194637	0.370316	0.190496	-1.13468	0.329403	0.13693	-0.185958	0.309742	0.48535	-0.505253	0.420141	0.280403	-0.0656815	0.382171	0.165044	-0.996117	0.31115	0.362803	-1.49144	0.457546	0.480816	-0.635612	0.472676	0.396842	-0.398438	0.421102	0.311147	-0.0457971	0.349512	0.400147	-0.0642879	0.197032	0.196904	-1.14715	0.22897	0.347549	-0.0257743	0.242682	0.424087	-0.49666	0.125968	0.548894	-0.0266635	0.20545	0.171091	-1.00818	0.209159	0.351316	-1.47344	0.0815159	0.442609	-0.628308	0.0746099	0.41044	-0.355299	0.128179	0.584967	-0.0302479	0.248989
117	4.38876	0.299093	-1.51718	0.27357	0.433419	-1.43739	0.274325	0.228868	-0.186763	0.370252	0.200846	-1.13584	0.330305	0.166702	-0.175187	0.310307	0.504397	-0.508474	0.419448	0.316646	-0.0624496	0.381044	0.175037	-0.997249	0.312638	0.372726	-1.49221	0.457755	0.497661	-0.638761	0.472202	0.419261	-0.3982	0.420824	0.34823	-0.0440084	0.348696	0.399933	-0.0643398	0.196966	0.206794	-1.1479	0.229724	0.347383	-0.0257988	0.242589	0.425889	-0.496561	0.125301	0.548747	-0.0267239	0.2054	0.180639	-1.00893	0.210555	0.362312	-1.47448	0.0816616	0.446416	-0.628162	0.0741509	0.411461	-0.355291	0.127898	0.584717	-0.0302727	0.248791
118	4.39875	0.309662	-1.51771	0.273627	0.443477	-1.43795	0.274675	0.259521	-0.178307	0.370083	0.211136	-1.13658	0.331469	0.19761	-0.163552	0.310397	0.523047	-0.51148	0.41895	0.353437	-0.0590583	0.38041	0.185006	-0.997952	0.314363	0.382625	-1.49275	0.458042	0.514	-0.64176	0.471819	0.441709	-0.39702	0.420663	0.385672	-0.0420356	0.348285	0.399636	-0.0643905	0.196919	0.216531	-1.14828	0.230789	0.347119	-0.025893	0.242445	0.427583	-0.496383	0.124845	0.548609	-0.0267718	0.205339	0.190174	-1.00927	0.212229	0.373212	-1.4754	0.0818067	0.450358	-0.627907	0.0737762	0.412016	-0.355248	0.127707	0.584506	-0.0302862	0.248595
119	4.40874	0.320667	-1.51795	0.274087	0.453699	-1.4384	0.275044	0.29084	-0.169338	0.369762	0.22133	-1.13693	0.332729	0.229649	-0.151236	0.310045	0.541175	-0.514202	0.418538	0.390974	-0.0557313	0.380487	0.195059	-0.998281	0.316225	0.392485	-1.49304	0.458351	0.529862	-0.644528	0.471571	0.464218	-0.395072	0.420582	0.42406	-0.040098	0.348675	0.399403	-0.0644059	0.197031	0.226168	-1.14833	0.232022	0.346976	-0.0260144	0.24237	0.429159	-0.496172	0.124557	0.548488	-0.0268066	0.205285	0.199676	-1.00927	0.214051	0.384195	-1.47605	0.0820243	0.454315	-0.627508	0.0735668	0.412208	-0.355215	0.12753	0.584384	-0.0302205	0.248519
120	4.41873	0.331365	-1.51814	0.27417	0.464085	-1.43868	0.275414	0.323033	-0.159868	0.369411	0.231441	-1.13697	0.334105	0.26287	-0.138523	0.309408	0.558702	-0.516541	0.41825	0.42905	-0.0524711	0.381119	0.205191	-0.998303	0.318113	0.402378	-1.4931	0.45867	0.545223	-0.64704	0.471454	0.486674	-0.392573	0.420493	0.463098	-0.0382553	0.349735	0.399246	-0.0644184	0.19721	0.235707	-1.14813	0.233334	0.347007	-0.0261688	0.242372	0.4307	-0.495994	0.124357	0.548395	-0.0268166	0.205234	0.209103	-1.00901	0.215889	0.395202	-1.47647	0.0822485	0.458188	-0.626996	0.0734467	0.41228	-0.355219	0.127392	0.584368	-0.0300622	0.248605
121	4.42872	0.341924	-1.51822	0.274138	0.474571	-1.43878	0.275756	0.356011	-0.150166	0.369031	0.241622	-1.13681	0.335464	0.297356	-0.125614	0.308842	0.575468	-0.518527	0.418015	0.467489	-0.049181	0.382084	0.215356	-0.998099	0.320039	0.412367	-1.49292	0.459035	0.560046	-0.649276	0.471392	0.508913	-0.389946	0.420379	0.502626	-0.0366159	0.351292	0.399142	-0.0644267	0.197419	0.245186	-1.14774	0.23466	0.346975	-0.0262104	0.24251	0.432227	-0.495859	0.124215	0.548363	-0.0267886	0.205164	0.218569	-1.00854	0.21774	0.406211	-1.47672	0.0824943	0.461825	-0.626438	0.0733644	0.412482	-0.355218	0.127376	0.58439	-0.0298854	0.248645
122	4.4387	0.352554	-1.51814	0.274213	0.485109	-1.43865	0.276135	0.389638	-0.140596	0.368785	0.251938	-1.13651	0.336844	0.332758	-0.112695	0.308487	0.591412	-0.520253	0.417823	0.506211	-0.0459625	0.38311	0.225586	-0.997764	0.321944	0.42241	-1.49253	0.459461	0.574407	-0.651194	0.47141	0.530797	-0.387593	0.420282	0.542402	-0.0352448	0.353036	0.399056	-0.0644345	0.197627	0.254635	-1.14725	0.235891	0.346907	-0.0261432	0.242789	0.433876	-0.495757	0.1242	0.548362	-0.0267186	0.205053	0.228097	-1.00796	0.219602	0.417208	-1.47681	0.0827377	0.465465	-0.625928	0.0733846	0.412918	-0.355271	0.127431	0.584395	-0.0296992	0.248579
123	4.44869	0.363211	-1.51792	0.274328	0.495734	-1.43833	0.276457	0.423955	-0.131254	0.368841	0.262409	-1.13618	0.33818	0.368686	-0.100112	0.30836	0.606456	-0.52174	0.417709	0.545293	-0.0432337	0.384304	0.235895	-0.997416	0.323827	0.432502	-1.49196	0.459922	0.588337	-0.652693	0.471524	0.551826	-0.385662	0.42016	0.58239	-0.0343219	0.354752	0.398983	-0.0645125	0.197788	0.264254	-1.1467	0.237106	0.347015	-0.0260777	0.24313	0.435763	-0.495658	0.124338	0.548319	-0.0266129	0.204886	0.237717	-1.00731	0.221423	0.428265	-1.47672	0.0829382	0.469033	-0.625522	0.0733959	0.413614	-0.355367	0.127521	0.584382	-0.029549	0.248439
124	4.45868	0.373816	-1.51759	0.274393	0.506394	-1.43782	0.276756	0.458852	-0.122144	0.369263	0.272992	-1.13589	0.339417	0.405134	-0.0880654	0.308467	0.620625	-0.522894	0.417678	0.584669	-0.0411155	0.385561	0.24634	-0.997089	0.32563	0.442633	-1.49118	0.460348	0.60185	-0.653784	0.471683	0.571956	-0.384018	0.420177	0.622489	-0.0339476	0.356258	0.398913	-0.0645684	0.197977	0.274136	-1.14611	0.238242	0.34704	-0.0260003	0.243533	0.4378	-0.495557	0.124437	0.548228	-0.0264622	0.20467	0.247417	-1.00667	0.22316	0.439351	-1.47648	0.0831428	0.472591	-0.625164	0.0734787	0.414614	-0.355494	0.127714	0.584452	-0.0294235	0.248363
125	4.46867	0.384607	-1.51702	0.274592	0.517119	-1.43712	0.277083	0.49411	-0.113557	0.369989	0.283698	-1.13558	0.340486	0.442015	-0.0767756	0.309152	0.633997	-0.523528	0.41765	0.624145	-0.0396474	0.386584	0.256929	-0.996735	0.327265	0.452824	-1.49024	0.460738	0.614945	-0.654465	0.471857	0.591269	-0.382339	0.420343	0.662439	-0.0343113	0.357369	0.398886	-0.0646646	0.198145	0.284217	-1.14546	0.239308	0.346999	-0.0260133	0.243817	0.440211	-0.495426	0.124626	0.548239	-0.0262746	0.204443	0.257295	-1.006	0.224852	0.450473	-1.4761	0.0833864	0.476302	-0.624761	0.073631	0.415946	-0.355587	0.12805	0.584527	-0.0292743	0.248298
126	4.47866	0.39551	-1.51625	0.274943	0.527935	-1.43624	0.277474	0.52955	-0.105788	0.370968	0.294581	-1.13518	0.341466	0.479546	-0.0663116	0.310265	0.646749	-0.523551	0.417664	0.663517	-0.0390025	0.387329	0.267599	-0.996312	0.328769	0.463157	-1.48915	0.461149	0.627601	-0.654723	0.472053	0.610043	-0.380456	0.42067	0.702088	-0.035717	0.358172	0.398923	-0.064797	0.19836	0.294474	-1.14477	0.240298	0.34698	-0.0260884	0.244056	0.443056	-0.495266	0.124858	0.548321	-0.0260731	0.204166	0.267348	-1.00532	0.226356	0.46166	-1.47556	0.0837003	0.480363	-0.624233	0.074016	0.417637	-0.355684	0.128451	0.584449	-0.0289576	0.248221
127	4.48865	0.406432	-1.51534	0.275332	0.53879	-1.43514	0.277808	0.565115	-0.0989602	0.372133	0.30558	-1.13464	0.342454	0.517226	-0.0568162	0.311744	0.658986	-0.523097	0.417749	0.702722	-0.0395031	0.387948	0.278364	-0.995745	0.330212	0.473633	-1.48789	0.461607	0.639813	-0.654646	0.472242	0.628467	-0.378371	0.42118	0.741288	-0.0384078	0.358735	0.398997	-0.0648508	0.198801	0.304908	-1.14402	0.24126	0.346985	-0.0261982	0.244327	0.446467	-0.495043	0.125305	0.548356	-0.0258565	0.203758	0.277483	-1.00462	0.227669	0.4729	-1.47487	0.0841028	0.485025	-0.623632	0.074549	0.419694	-0.355783	0.128909	0.584617	-0.0285537	0.248325
128	4.49864	0.417323	-1.51432	0.275713	0.549675	-1.43387	0.278169	0.600538	-0.0931551	0.373375	0.316656	-1.13388	0.34344	0.554802	-0.0483272	0.313408	0.67075	-0.522262	0.417914	0.741507	-0.0413599	0.388472	0.28926	-0.994967	0.331541	0.484279	-1.48653	0.462128	0.651593	-0.65425	0.472444	0.646592	-0.376208	0.421761	0.77986	-0.0425018	0.359037	0.399084	-0.0648297	0.199454	0.315492	-1.14315	0.242295	0.347005	-0.0263475	0.244669	0.450439	-0.494769	0.125941	0.548428	-0.0254895	0.203352	0.287759	-1.00378	0.228946	0.484162	-1.4741	0.0845174	0.49029	-0.622983	0.0749282	0.422307	-0.3558	0.129447	0.585127	-0.027977	0.24863
129	4.50863	0.428322	-1.51319	0.276175	0.560638	-1.43246	0.278559	0.635726	-0.0883877	0.374839	0.327867	-1.13286	0.344414	0.592074	-0.040949	0.315163	0.682089	-0.521162	0.418194	0.779524	-0.0445747	0.388888	0.300278	-0.993982	0.332803	0.495059	-1.48508	0.462676	0.662911	-0.65354	0.472731	0.664443	-0.374021	0.422341	0.817503	-0.0477316	0.359047	0.399289	-0.0649113	0.199996	0.326175	-1.14212	0.243439	0.347073	-0.0265515	0.245078	0.455248	-0.494335	0.126617	0.548652	-0.0250218	0.203102	0.29824	-1.00273	0.230261	0.495458	-1.47318	0.0849702	0.496115	-0.622199	0.0753218	0.425661	-0.355668	0.130055	0.585842	-0.0272495	0.249017
130	4.51862	0.439339	-1.51197	0.276709	0.571655	-1.43092	0.279061	0.670224	-0.0846093	0.37626	0.339216	-1.13161	0.345418	0.628659	-0.034833	0.316896	0.693159	-0.519936	0.418593	0.816298	-0.0487415	0.389012	0.311417	-0.992806	0.334011	0.505922	-1.48355	0.463266	0.673847	-0.652496	0.473114	0.682197	-0.371893	0.4231	0.853899	-0.0538815	0.358755	0.399641	-0.0650639	0.20045	0.336737	-1.14093	0.244542	0.347185	-0.0268071	0.245539	0.460733	-0.493756	0.127421	0.549011	-0.0245327	0.202938	0.308858	-1.00151	0.231615	0.506777	-1.47213	0.0854578	0.502481	-0.621313	0.0755936	0.429833	-0.355415	0.130719	0.586435	-0.0265196	0.249428
131	4.52861	0.450438	-1.51064	0.277252	0.582634	-1.42927	0.279567	0.703725	-0.0819851	0.377427	0.350526	-1.13019	0.346623	0.664331	-0.0300684	0.318391	0.704118	-0.518557	0.419207	0.851604	-0.0537392	0.388779	0.322759	-0.991389	0.335198	0.516914	-1.48197	0.463899	0.684501	-0.651119	0.473619	0.699962	-0.369804	0.424036	0.888781	-0.0606911	0.358151	0.400097	-0.0652339	0.200909	0.347381	-1.13952	0.245845	0.347279	-0.0271141	0.246009	0.466886	-0.493078	0.128204	0.549451	-0.024123	0.20282	0.319458	-1.00017	0.232956	0.518101	-1.47096	0.0860153	0.509687	-0.620489	0.0754986	0.434665	-0.355118	0.131402	0.587078	-0.0257899	0.249769
132	4.5386	0.461566	-1.50923	0.277794	0.593671	-1.42749	0.280122	0.736153	-0.0805651	0.378433	0.361811	-1.12861	0.348031	0.698561	-0.0265788	0.31973	0.715086	-0.516948	0.420139	0.885223	-0.0593362	0.388133	0.334105	-0.989763	0.336563	0.528039	-1.48032	0.464521	0.694976	-0.649491	0.474263	0.717916	-0.367767	0.425161	0.921803	-0.0679106	0.357091	0.400653	-0.0654466	0.201344	0.358074	-1.13802	0.247294	0.347419	-0.0274709	0.246439	0.473617	-0.492296	0.129003	0.549871	-0.0237669	0.202681	0.330158	-0.99864	0.234398	0.529462	-1.46967	0.0866265	0.517139	-0.619565	0.0756726	0.439981	-0.354768	0.132053	0.587674	-0.0251245	0.249944
133	4.54859	0.472755	-1.50775	0.278402	0.604896	-1.42568	0.280769	0.766948	-0.0799557	0.379311	0.373127	-1.12684	0.34954	0.731224	-0.024225	0.32099	0.725969	-0.51504	0.421261	0.916886	-0.065229	0.386982	0.345453	-0.987982	0.33811	0.539265	-1.47866	0.46513	0.705324	-0.64765	0.474988	0.736052	-0.36599	0.4264	0.952817	-0.0752575	0.355485	0.401288	-0.0657427	0.201656	0.368838	-1.13636	0.248853	0.347641	-0.0278962	0.246786	0.480816	-0.491419	0.129849	0.550292	-0.0233987	0.20258	0.340991	-0.996945	0.236023	0.540878	-1.46826	0.0873057	0.524666	-0.618468	0.0764184	0.445715	-0.354354	0.132729	0.588351	-0.0244898	0.250083
134	4.55858	0.484034	-1.50621	0.279143	0.616213	-1.42389	0.281466	0.795936	-0.0800041	0.380282	0.384477	-1.12496	0.351152	0.76164	-0.0228079	0.322681	0.736631	-0.512981	0.422432	0.946623	-0.0712335	0.385496	0.3569	-0.9861	0.339783	0.550622	-1.47696	0.465825	0.715666	-0.645694	0.475772	0.753987	-0.364746	0.427596	0.981647	-0.0824811	0.353323	0.401904	-0.0661137	0.201923	0.379569	-1.1346	0.250443	0.348	-0.0283973	0.247213	0.48835	-0.490483	0.130687	0.550672	-0.0230193	0.202712	0.35185	-0.995155	0.237749	0.552279	-1.46679	0.0880402	0.532488	-0.617066	0.0776478	0.451684	-0.353864	0.133513	0.588899	-0.0240017	0.250382
135	4.56857	0.495397	-1.50461	0.280031	0.627635	-1.42213	0.282144	0.822982	-0.0805781	0.381619	0.395855	-1.12298	0.352829	0.789875	-0.0220999	0.324739	0.747056	-0.510961	0.423592	0.974239	-0.0770012	0.383776	0.36845	-0.984143	0.341541	0.562059	-1.47519	0.466609	0.726067	-0.643745	0.476606	0.771212	-0.363902	0.428639	1.00812	-0.0892521	0.350767	0.402477	-0.0666073	0.20234	0.390271	-1.13274	0.252091	0.348422	-0.0290115	0.247668	0.496199	-0.489445	0.131622	0.550982	-0.0227777	0.202862	0.362721	-0.993268	0.239493	0.563635	-1.46524	0.088821	0.541331	-0.615876	0.0781719	0.457859	-0.353356	0.134328	0.589437	-0.0234863	0.250706
136	4.57855	0.506885	-1.50292	0.281047	0.639127	-1.42039	0.282921	0.847817	-0.0814424	0.383178	0.40725	-1.12098	0.354539	0.815393	-0.021689	0.327341	0.75737	-0.509148	0.424765	0.999321	-0.0822795	0.382034	0.380061	-0.982069	0.343322	0.573585	-1.47338	0.467465	0.736656	-0.641916	0.477479	0.787462	-0.363283	0.429647	1.03206	-0.0952126	0.348106	0.403191	-0.0671795	0.2027	0.401037	-1.13075	0.25378	0.348827	-0.0297473	0.248128	0.504438	-0.48826	0.1327	0.551256	-0.0226267	0.202985	0.373733	-0.99118	0.241338	0.574976	-1.46363	0.0897311	0.550495	-0.614451	0.0788492	0.464189	-0.352784	0.135173	0.590044	-0.0230244	0.250943
137	4.58854	0.518375	-1.50119	0.28205	0.650652	-1.41867	0.283822	0.870085	-0.0823317	0.38483	0.418695	-1.11892	0.356192	0.838026	-0.0213422	0.330139	0.767739	-0.507501	0.425924	1.02161	-0.0866783	0.380633	0.391749	-0.979891	0.345174	0.585203	-1.47159	0.468396	0.747548	-0.640264	0.478344	0.802629	-0.362689	0.430743	1.05339	-0.100009	0.345802	0.403979	-0.0677175	0.203163	0.411996	-1.12858	0.255483	0.348975	-0.0306706	0.248403	0.513057	-0.486913	0.13398	0.5515	-0.02253	0.203137	0.384979	-0.988918	0.243245	0.58625	-1.46197	0.0907011	0.559818	-0.612758	0.0798415	0.470706	-0.352143	0.136101	0.590649	-0.0226931	0.251171
138	4.59853	0.529833	-1.49949	0.283092	0.662154	-1.41691	0.284804	0.889464	-0.0828877	0.386325	0.430178	-1.11682	0.357711	0.857731	-0.0209768	0.332606	0.778389	-0.505987	0.427064	1.04103	-0.0897884	0.379745	0.403518	-0.977705	0.347043	0.596878	-1.46979	0.469399	0.758839	-0.638842	0.4792	0.816657	-0.362048	0.431868	1.0721	-0.103322	0.344229	0.40468	-0.0683372	0.203735	0.423129	-1.12623	0.257178	0.349107	-0.0317926	0.248746	0.52204	-0.485397	0.135437	0.551708	-0.0224949	0.203337	0.396404	-0.986462	0.245187	0.597478	-1.46033	0.0917492	0.569385	-0.610906	0.0809511	0.47749	-0.351463	0.137145	0.591163	-0.0223532	0.251589
139	4.60852	0.54135	-1.49779	0.28434	0.673695	-1.41513	0.285814	0.90593	-0.0828623	0.387474	0.441696	-1.11473	0.359109	0.874449	-0.0204071	0.33438	0.789551	-0.504514	0.428113	1.05754	-0.0912852	0.379461	0.415342	-0.975547	0.34886	0.608634	-1.46799	0.470508	0.770602	-0.637665	0.479999	0.82975	-0.361223	0.432952	1.08819	-0.104892	0.343473	0.405329	-0.0691895	0.204215	0.434142	-1.1239	0.258505	0.349273	-0.0331934	0.249168	0.531194	-0.483848	0.136757	0.551837	-0.0225226	0.203532	0.407736	-0.984036	0.247028	0.608673	-1.45874	0.0928482	0.579211	-0.608951	0.0820735	0.484525	-0.350748	0.138375	0.591547	-0.0221169	0.251921
140	4.61851	0.553022	-1.49605	0.285813	0.685241	-1.4134	0.286846	0.919474	-0.0820934	0.388331	0.453228	-1.11266	0.360263	0.888192	-0.0194191	0.335341	0.80126	-0.503212	0.429009	1.07114	-0.0910352	0.379787	0.427219	-0.973411	0.350517	0.620497	-1.46621	0.471686	0.782759	-0.636688	0.480682	0.841959	-0.360103	0.433961	1.10167	-0.104599	0.343493	0.406036	-0.0703059	0.204614	0.445369	-1.12154	0.259643	0.349516	-0.0348788	0.249659	0.540588	-0.482299	0.13808	0.551838	-0.0225583	0.203705	0.419156	-0.981609	0.248718	0.619832	-1.45721	0.0940096	0.589237	-0.606958	0.0831507	0.49175	-0.350115	0.139571	0.59182	-0.0219617	0.252088
141	4.6285	0.564761	-1.49427	0.287319	0.696778	-1.4117	0.287903	0.930133	-0.0805654	0.388956	0.464767	-1.1107	0.361108	0.898668	-0.0178127	0.336007	0.813399	-0.502135	0.429714	1.08191	-0.0890253	0.380503	0.439154	-0.971321	0.351984	0.632402	-1.46445	0.472906	0.795165	-0.635809	0.481211	0.853354	-0.358675	0.434795	1.11256	-0.102452	0.344099	0.406862	-0.0717222	0.204963	0.456839	-1.11916	0.260547	0.349801	-0.037023	0.250096	0.550208	-0.480793	0.139389	0.55174	-0.0225769	0.203833	0.430894	-0.979127	0.250221	0.631054	-1.45572	0.095223	0.599465	-0.605052	0.0842219	0.499112	-0.349582	0.140678	0.592029	-0.0217939	0.2522
142	4.63849	0.576146	-1.49267	0.288611	0.708386	-1.41007	0.28903	0.938035	-0.0782076	0.389453	0.476363	-1.10881	0.361708	0.905713	-0.0160999	0.336497	0.825701	-0.501276	0.430252	1.08995	-0.0854576	0.381429	0.45123	-0.969298	0.353224	0.644363	-1.46268	0.474168	0.807992	-0.635038	0.481719	0.864039	-0.356991	0.43543	1.12083	-0.0986306	0.344968	0.407737	-0.0734845	0.205153	0.468319	-1.11685	0.261047	0.350104	-0.0396541	0.25034	0.56011	-0.479393	0.140638	0.551634	-0.0225915	0.203886	0.442903	-0.976644	0.25146	0.642291	-1.45427	0.0965059	0.609832	-0.603335	0.0852812	0.506751	-0.349256	0.141598	0.592199	-0.0216062	0.252324
143	4.64848	0.587536	-1.49114	0.290012	0.720008	-1.40852	0.290191	0.94346	-0.075217	0.389786	0.488134	-1.10704	0.362134	0.90937	-0.0152141	0.336747	0.83806	-0.500523	0.430744	1.09548	-0.0800196	0.382433	0.463439	-0.967398	0.354191	0.656312	-1.46094	0.475463	0.821055	-0.634229	0.482131	0.874042	-0.355074	0.435942	1.12677	-0.092905	0.34592	0.408801	-0.0757272	0.204966	0.480077	-1.11461	0.261381	0.350485	-0.0429168	0.250206	0.570405	-0.478145	0.141784	0.55153	-0.0226162	0.203808	0.455121	-0.974294	0.252413	0.65346	-1.45289	0.0978122	0.620375	-0.601857	0.0862854	0.514683	-0.349139	0.142348	0.592303	-0.0214604	0.252431
144	4.65847	0.598968	-1.4897	0.29159	0.731578	-1.40706	0.291379	0.947086	-0.0722584	0.389734	0.50009	-1.10543	0.362471	0.910977	-0.0150638	0.336424	0.850281	-0.499671	0.431254	1.0992	-0.0718335	0.383455	0.475777	-0.965692	0.354997	0.668318	-1.45926	0.476846	0.834061	-0.633429	0.482431	0.883004	-0.352902	0.436113	1.13138	-0.0842624	0.347125	0.410141	-0.0784741	0.204394	0.49211	-1.11253	0.261715	0.351054	-0.0468733	0.249777	0.581237	-0.477031	0.142894	0.551396	-0.0227125	0.203618	0.46753	-0.97214	0.253178	0.664494	-1.4516	0.0991805	0.631213	-0.600569	0.0874	0.52306	-0.349229	0.14299	0.592321	-0.0213677	0.252527
145	4.66846	0.610415	-1.48859	0.29323	0.743182	-1.40582	0.292645	0.950317	-0.0704643	0.389572	0.512129	-1.10406	0.362753	0.911988	-0.0159635	0.335913	0.862085	-0.498792	0.431809	1.10243	-0.0616317	0.384259	0.488139	-0.964252	0.35572	0.680313	-1.45773	0.478329	0.846609	-0.632946	0.482798	0.890921	-0.350872	0.436023	1.13575	-0.0727754	0.3488	0.411847	-0.081551	0.203764	0.504308	-1.11082	0.262012	0.35201	-0.0515675	0.249057	0.592806	-0.475963	0.144	0.551287	-0.0227748	0.203391	0.48003	-0.970304	0.253903	0.675431	-1.45042	0.100593	0.642504	-0.599295	0.0887922	0.532082	-0.349499	0.143589	0.592289	-0.0212962	0.252661
146	4.67845	0.62195	-1.48805	0.294926	0.754749	-1.40492	0.293907	0.954141	-0.0697191	0.389898	0.524069	-1.10308	0.363008	0.91366	-0.017507	0.335793	0.873141	-0.498304	0.432564	1.10588	-0.052909	0.384979	0.500409	-0.96321	0.356412	0.692288	-1.45642	0.479917	0.858487	-0.63317	0.48362	0.897841	-0.349406	0.435905	1.14025	-0.0626542	0.350089	0.414051	-0.0853266	0.202827	0.51651	-1.1095	0.262216	0.353382	-0.0572482	0.247887	0.605347	-0.47491	0.145176	0.55131	-0.0227688	0.203184	0.492555	-0.968891	0.254607	0.686359	-1.44952	0.101967	0.654502	-0.597965	0.0905518	0.542032	-0.350113	0.143943	0.592248	-0.0212343	0.25284
147	4.68844	0.633623	-1.48798	0.296655	0.766359	-1.4044	0.2952	0.958293	-0.0691372	0.390726	0.535872	-1.10258	0.363221	0.915755	-0.0190891	0.336126	0.883328	-0.49874	0.43389	1.10928	-0.046518	0.385637	0.512676	-0.962624	0.357112	0.704264	-1.4554	0.481597	0.869767	-0.633863	0.485127	0.904747	-0.348993	0.436475	1.14449	-0.0554651	0.350483	0.416953	-0.090068	0.201678	0.528533	-1.10863	0.262363	0.355242	-0.064159	0.246637	0.619069	-0.473904	0.146398	0.551393	-0.0227207	0.203024	0.50504	-0.967927	0.255189	0.697404	-1.44901	0.103275	0.667472	-0.596716	0.0923806	0.553182	-0.351071	0.144168	0.592197	-0.0211949	0.252957
148	4.69843	0.64524	-1.48829	0.298271	0.778081	-1.40424	0.296517	0.96156	-0.0685131	0.391745	0.547647	-1.10265	0.363346	0.917384	-0.0202682	0.336866	0.893182	-0.499885	0.435876	1.11187	-0.041189	0.38576	0.525054	-0.962583	0.357814	0.716334	-1.45477	0.483305	0.880618	-0.634647	0.487221	0.912896	-0.349866	0.43809	1.14749	-0.0492835	0.350454	0.420497	-0.0957594	0.200487	0.540529	-1.10825	0.262428	0.35786	-0.0722355	0.245651	0.634152	-0.472987	0.147522	0.551448	-0.0226169	0.202924	0.517669	-0.967421	0.255788	0.708586	-1.44897	0.104539	0.681944	-0.595858	0.0935641	0.565478	-0.351996	0.144949	0.59216	-0.0211655	0.252921
149	4.70842	0.656752	-1.48882	0.299863	0.789804	-1.40443	0.297879	0.963672	-0.0679726	0.392682	0.559514	-1.10334	0.363293	0.918362	-0.0211079	0.337637	0.903331	-0.501149	0.438125	1.11379	-0.0364346	0.385987	0.537423	-0.963163	0.358422	0.728481	-1.45462	0.48494	0.891257	-0.635343	0.489596	0.922234	-0.351273	0.440341	1.14937	-0.0437717	0.350284	0.424855	-0.102304	0.199377	0.552798	-1.10837	0.262391	0.361504	-0.0814467	0.244865	0.650652	-0.472111	0.14855	0.551544	-0.0224298	0.202954	0.530374	-0.96743	0.256404	0.719872	-1.44948	0.105909	0.697677	-0.594811	0.0952172	0.578785	-0.353218	0.145626	0.592193	-0.0211328	0.252774
150	4.7184	0.66805	-1.48948	0.301522	0.801329	-1.40508	0.29921	0.96529	-0.0675345	0.393091	0.571484	-1.10454	0.363123	0.919118	-0.0217595	0.338132	0.913996	-0.502255	0.440142	1.11576	-0.0327915	0.387106	0.549627	-0.964294	0.358967	0.740554	-1.45499	0.486462	0.901853	-0.636128	0.491893	0.931939	-0.352273	0.442417	1.15102	-0.0396084	0.350121	0.430294	-0.109592	0.19841	0.565384	-1.10888	0.262287	0.366411	-0.0917787	0.244124	0.668558	-0.471235	0.149497	0.551753	-0.0222571	0.203117	0.543	-0.967924	0.256948	0.731115	-1.45054	0.107394	0.714737	-0.593593	0.096906	0.593083	-0.354817	0.146135	0.592307	-0.0210865	0.252609
151	4.72839	0.679098	-1.49029	0.303188	0.812431	-1.40618	0.300417	0.9667	-0.0673973	0.393104	0.583345	-1.10605	0.362925	0.919751	-0.0221988	0.338377	0.924856	-0.503154	0.44177	1.11747	-0.0302063	0.388466	0.561662	-0.965774	0.359491	0.752467	-1.45583	0.487874	0.91237	-0.63728	0.493979	0.941313	-0.35255	0.44386	1.15247	-0.0365586	0.349872	0.437005	-0.117488	0.197513	0.577676	-1.1098	0.261911	0.372845	-0.103098	0.243499	0.687707	-0.470396	0.150217	0.552148	-0.0223273	0.2033	0.555628	-0.968727	0.257432	0.742164	-1.45202	0.10897	0.732853	-0.592291	0.0982887	0.608286	-0.356767	0.14651	0.592396	-0.0210085	0.252308
152	4.73838	0.690096	-1.49125	0.304922	0.823345	-1.4076	0.301636	0.967905	-0.0675276	0.393125	0.595009	-1.10766	0.36285	0.92014	-0.0224309	0.338599	0.935305	-0.503895	0.443121	1.11879	-0.028286	0.389234	0.573644	-0.967307	0.36012	0.7642	-1.45706	0.489188	0.922624	-0.638667	0.495943	0.94996	-0.352424	0.444827	1.15351	-0.0341113	0.349166	0.444992	-0.126051	0.196474	0.58971	-1.11083	0.261673	0.38093	-0.11542	0.24304	0.707798	-0.469487	0.150567	0.552695	-0.0228705	0.203344	0.568185	-0.969606	0.257931	0.752908	-1.4538	0.110563	0.751566	-0.591102	0.0993368	0.624168	-0.359024	0.146585	0.592121	-0.020955	0.251674
153	4.74837	0.701064	-1.49226	0.306666	0.83428	-1.40918	0.302916	0.969006	-0.0676175	0.393147	0.606501	-1.10924	0.36299	0.920348	-0.0225417	0.338812	0.944653	-0.504585	0.444362	1.11986	-0.0266219	0.389684	0.585611	-0.968836	0.360962	0.775819	-1.45852	0.490459	0.932381	-0.639898	0.497838	0.957257	-0.352339	0.445566	1.15434	-0.0320878	0.34835	0.454402	-0.135099	0.195516	0.601528	-1.11185	0.261743	0.390978	-0.128658	0.242846	0.728517	-0.468371	0.150582	0.553187	-0.0236374	0.20369	0.580609	-0.970483	0.258651	0.763289	-1.4557	0.112129	0.770511	-0.59021	0.0998463	0.641062	-0.361485	0.146583	0.591184	-0.0209865	0.25054
154	4.75836	0.711936	-1.4932	0.308403	0.844912	-1.41076	0.304028	0.969815	-0.0675613	0.393105	0.617905	-1.11079	0.36331	0.920476	-0.0226147	0.338958	0.9526	-0.505246	0.44571	1.12073	-0.0250844	0.390334	0.597475	-0.970294	0.362017	0.787352	-1.46013	0.491658	0.941449	-0.640725	0.499676	0.962755	-0.352381	0.446323	1.15502	-0.0302778	0.347974	0.465465	-0.144367	0.194622	0.613095	-1.11284	0.262072	0.40306	-0.142306	0.242693	0.749732	-0.467131	0.150491	0.554014	-0.0246568	0.204811	0.592612	-0.971415	0.259599	0.773294	-1.45762	0.113639	0.789477	-0.589434	0.100094	0.659108	-0.364017	0.146581	0.59021	-0.0209285	0.249163
155	4.76835	0.722624	-1.49406	0.310073	0.855416	-1.41239	0.30497	0.970345	-0.0673797	0.393044	0.629273	-1.11221	0.363819	0.920535	-0.0226728	0.339055	0.959264	-0.505716	0.447307	1.1214	-0.0237789	0.391028	0.60914	-0.97166	0.363227	0.798877	-1.46177	0.492783	0.949729	-0.641099	0.501426	0.966744	-0.352315	0.447373	1.15554	-0.0287156	0.347827	0.478348	-0.153177	0.193689	0.624433	-1.11376	0.262615	0.416809	-0.155435	0.2423	0.771393	-0.46589	0.150459	0.556883	-0.0265113	0.206505	0.60413	-0.972377	0.260847	0.783126	-1.45941	0.115123	0.808513	-0.588634	0.100382	0.678153	-0.366456	0.146472	0.591124	-0.0204852	0.247901
156	4.77834	0.733093	-1.49494	0.311596	0.866063	-1.41413	0.305854	0.970729	-0.0671086	0.393009	0.640582	-1.11353	0.364573	0.92053	-0.0227063	0.339144	0.964793	-0.505653	0.448981	1.12193	-0.0228059	0.3915	0.620518	-0.972961	0.364726	0.810364	-1.46334	0.493827	0.957182	-0.64115	0.50307	0.969929	-0.351995	0.448681	1.15598	-0.027512	0.347664	0.492746	-0.161212	0.193021	0.635542	-1.11457	0.263393	0.431697	-0.167183	0.241743	0.793258	-0.464578	0.150657	0.563378	-0.0298728	0.207263	0.615328	-0.973208	0.262369	0.792802	-1.46099	0.116512	0.827254	-0.587738	0.100827	0.698142	-0.368632	0.146378	0.595943	-0.0198515	0.245666
157	4.78833	0.743697	-1.49578	0.313114	0.876793	-1.41584	0.306695	0.970954	-0.0668857	0.393013	0.651735	-1.11476	0.365442	0.920489	-0.0227119	0.339224	0.969379	-0.505228	0.450583	1.12232	-0.0220789	0.391916	0.631607	-0.974175	0.366497	0.82181	-1.4648	0.494834	0.963885	-0.64102	0.504592	0.972734	-0.351511	0.450001	1.15628	-0.0266464	0.347516	0.508128	-0.168939	0.192867	0.646399	-1.11525	0.264311	0.447629	-0.17714	0.241896	0.815016	-0.463295	0.151166	0.573899	-0.0348838	0.206137	0.626216	-0.973891	0.264084	0.802382	-1.46234	0.117829	0.845415	-0.586976	0.101391	0.718941	-0.370442	0.146504	0.605586	-0.0204315	0.24094
158	4.79832	0.7544	-1.49675	0.314489	0.887519	-1.41744	0.307405	0.97099	-0.0667446	0.393042	0.662727	-1.1159	0.366506	0.920436	-0.0227081	0.339271	0.973155	-0.504796	0.452029	1.12255	-0.021505	0.392274	0.642439	-0.975362	0.368398	0.833172	-1.46613	0.495766	0.97005	-0.640842	0.506002	0.97513	-0.351029	0.451097	1.15645	-0.0259765	0.347442	0.524636	-0.176452	0.193407	0.657023	-1.11579	0.265332	0.464888	-0.18503	0.243634	0.83662	-0.462506	0.151948	0.588001	-0.0409457	0.202028	0.636594	-0.974523	0.265916	0.811943	-1.46353	0.118972	0.862882	-0.586679	0.102237	0.740393	-0.371972	0.147029	0.619748	-0.0233742	0.234858
159	4.80831	0.76507	-1.49794	0.315651	0.898252	-1.41888	0.308015	0.970919	-0.066681	0.393061	0.673525	-1.11699	0.367714	0.920381	-0.0227099	0.339291	0.976391	-0.50456	0.453319	1.12273	-0.021046	0.392519	0.653016	-0.976513	0.370449	0.844524	-1.46736	0.496629	0.976005	-0.640777	0.507338	0.977188	-0.350688	0.452064	1.15656	-0.0253987	0.347366	0.542742	-0.183315	0.194487	0.667438	-1.11628	0.266471	0.483705	-0.191056	0.246222	0.858157	-0.462825	0.152903	0.604933	-0.0472057	0.196313	0.646641	-0.97515	0.267899	0.821428	-1.46454	0.119858	0.879751	-0.587051	0.103355	0.762191	-0.373615	0.147955	0.637055	-0.0273101	0.228323
160	4.8183	0.775799	-1.4992	0.316735	0.908941	-1.42024	0.308568	0.970821	-0.0666577	0.393068	0.684051	-1.11814	0.369051	0.920336	-0.02273	0.339297	0.979575	-0.504482	0.454513	1.1229	-0.0206479	0.392715	0.663314	-0.977683	0.372679	0.855921	-1.46849	0.497476	0.98177	-0.640744	0.50855	0.978958	-0.350446	0.452922	1.15665	-0.024925	0.347303	0.562491	-0.189034	0.19565	0.677586	-1.11683	0.267803	0.504084	-0.195451	0.248852	0.879717	-0.464513	0.153926	0.624066	-0.0529044	0.190584	0.656561	-0.975801	0.270034	0.830926	-1.46544	0.120594	0.896242	-0.588073	0.104647	0.784122	-0.375853	0.149089	0.656388	-0.0309583	0.221588
161	4.82829	0.786519	-1.50052	0.317776	0.919547	-1.42153	0.309081	0.970711	-0.0666236	0.393055	0.694237	-1.11928	0.370552	0.920295	-0.0227529	0.339305	0.983026	-0.504366	0.455562	1.12303	-0.0203081	0.392931	0.673407	-0.978874	0.374962	0.867303	-1.46956	0.498268	0.987379	-0.64068	0.509577	0.980458	-0.350277	0.453687	1.15676	-0.024546	0.347307	0.583469	-0.193417	0.196769	0.687483	-1.11747	0.269294	0.52574	-0.19821	0.251263	0.901221	-0.467208	0.154957	0.645159	-0.0576771	0.185698	0.666556	-0.9764	0.272406	0.840662	-1.46633	0.121329	0.91269	-0.589598	0.106023	0.806153	-0.37883	0.15023	0.677792	-0.0339111	0.215639
162	4.83828	0.797081	-1.50194	0.318679	0.930048	-1.42274	0.309542	0.970615	-0.0665657	0.393031	0.704338	-1.12041	0.372038	0.920248	-0.0227793	0.339303	0.986679	-0.504136	0.456418	1.1231	-0.0200409	0.39313	0.683615	-0.98003	0.377063	0.878644	-1.47067	0.498974	0.992865	-0.640613	0.510349	0.981793	-0.350167	0.454392	1.15683	-0.0242535	0.34734	0.605556	-0.196364	0.197796	0.697209	-1.11829	0.270826	0.548375	-0.199329	0.253183	0.922575	-0.470328	0.156078	0.668251	-0.0613391	0.182083	0.676443	-0.977201	0.274569	0.850353	-1.4672	0.121925	0.929194	-0.591522	0.107381	0.828281	-0.382205	0.151373	0.701283	-0.0362289	0.210986
163	4.84827	0.807596	-1.50335	0.319494	0.940486	-1.42387	0.309983	0.970552	-0.0665508	0.393031	0.714352	-1.12167	0.373615	0.920175	-0.0228002	0.339289	0.990145	-0.504066	0.45703	1.12311	-0.019827	0.393268	0.693754	-0.981288	0.378842	0.889962	-1.47181	0.499592	0.998336	-0.64056	0.510914	0.98302	-0.350101	0.455024	1.15685	-0.0240363	0.347356	0.628751	-0.197778	0.198634	0.706857	-1.11945	0.272361	0.571737	-0.198945	0.254424	0.943699	-0.473522	0.157299	0.693302	-0.0640525	0.179709	0.686245	-0.978322	0.27641	0.860046	-1.46805	0.122522	0.945853	-0.593797	0.108694	0.85042	-0.385597	0.152617	0.726771	-0.0380141	0.20786
164	4.85825	0.818092	-1.50476	0.3203	0.950815	-1.42495	0.310424	0.970557	-0.0666336	0.393067	0.724355	-1.12312	0.375303	0.920098	-0.0228126	0.339294	0.993106	-0.504128	0.457382	1.12312	-0.0196697	0.393365	0.703782	-0.982711	0.380406	0.90129	-1.47302	0.500145	1.00369	-0.640433	0.511298	0.984295	-0.350101	0.455585	1.15685	-0.0238668	0.347367	0.652962	-0.197646	0.199316	0.716644	-1.12098	0.274006	0.595756	-0.196991	0.255146	0.964612	-0.476742	0.158567	0.720218	-0.0657938	0.178606	0.69595	-0.979824	0.277974	0.869853	-1.46891	0.123239	0.962711	-0.596362	0.109954	0.872413	-0.388789	0.154112	0.754281	-0.0392182	0.206398
165	4.86824	0.828519	-1.50618	0.321111	0.961112	-1.42598	0.310841	0.970541	-0.0666988	0.393127	0.734395	-1.12471	0.377067	0.92	-0.0228126	0.339333	0.995813	-0.504183	0.457681	1.12311	-0.019554	0.39344	0.713678	-0.984299	0.3818	0.912607	-1.4743	0.500613	1.00891	-0.640246	0.511559	0.985712	-0.350092	0.456041	1.15684	-0.0237673	0.347395	0.678048	-0.195995	0.199969	0.726679	-1.1229	0.275755	0.620485	-0.193473	0.255518	0.985135	-0.47986	0.159888	0.748959	-0.0663463	0.178592	0.705664	-0.981691	0.279467	0.87957	-1.46984	0.123869	0.979727	-0.599108	0.11117	0.894099	-0.391748	0.15586	0.783688	-0.0397279	0.206434
166	4.87823	0.838819	-1.50762	0.321876	0.971363	-1.42697	0.311192	0.970484	-0.0667289	0.393189	0.744485	-1.1264	0.378828	0.919914	-0.0228209	0.339399	0.998325	-0.504165	0.458	1.12309	-0.019464	0.393518	0.723487	-0.98601	0.383022	0.923928	-1.47561	0.500917	1.01381	-0.640033	0.511642	0.987349	-0.350036	0.45634	1.15678	-0.0237312	0.347432	0.703938	-0.192928	0.200558	0.736889	-1.12506	0.277498	0.645923	-0.188537	0.255651	1.00521	-0.483008	0.161207	0.779348	-0.0657332	0.179626	0.715631	-0.983813	0.280684	0.889314	-1.47078	0.124517	0.996819	-0.601948	0.112273	0.915412	-0.394448	0.157636	0.814613	-0.0395718	0.207515
167	4.88822	0.849027	-1.50893	0.322597	0.981645	-1.42791	0.311564	0.970428	-0.0667175	0.393184	0.75466	-1.12809	0.380498	0.919862	-0.0228546	0.339435	1.00076	-0.504112	0.45838	1.12307	-0.0193886	0.39359	0.733226	-0.9877	0.383986	0.935161	-1.47697	0.501117	1.01847	-0.639783	0.511618	0.989152	-0.349988	0.456476	1.15672	-0.0237285	0.347479	0.730614	-0.188624	0.201153	0.747113	-1.12723	0.279264	0.672159	-0.182292	0.255734	1.02494	-0.486209	0.162566	0.810977	-0.0643247	0.181395	0.725527	-0.986068	0.281597	0.899102	-1.47168	0.125189	1.01389	-0.60491	0.113247	0.936526	-0.396755	0.159322	0.846798	-0.0390011	0.209239
168	4.89821	0.859222	-1.51007	0.323362	0.991921	-1.42886	0.311933	0.970425	-0.066796	0.393175	0.764831	-1.12958	0.38206	0.919722	-0.0228894	0.339444	1.00311	-0.503989	0.458689	1.12305	-0.0193058	0.39366	0.742882	-0.989251	0.384659	0.946262	-1.47838	0.501372	1.02316	-0.639485	0.511727	0.991017	-0.349988	0.456519	1.15665	-0.0237195	0.347521	0.758081	-0.183252	0.20195	0.757228	-1.12928	0.280944	0.699232	-0.174751	0.256111	1.04415	-0.489386	0.163988	0.843545	-0.0625111	0.183458	0.735283	-0.988244	0.282303	0.908714	-1.4725	0.125797	1.03093	-0.607945	0.114136	0.957433	-0.398538	0.160825	0.880139	-0.0382655	0.21128
169	4.9082	0.869301	-1.5111	0.324047	1.00213	-1.42981	0.31228	0.970437	-0.0668817	0.393136	0.774897	-1.1308	0.383463	0.919493	-0.0229084	0.339429	1.00544	-0.503843	0.458869	1.12303	-0.0192117	0.393745	0.752458	-0.990529	0.385137	0.957252	-1.47973	0.501627	1.02758	-0.639059	0.511793	0.99263	-0.349954	0.456508	1.15661	-0.0236854	0.347556	0.786264	-0.176941	0.202989	0.767411	-1.13114	0.282367	0.727232	-0.166037	0.256929	1.06278	-0.492503	0.165437	0.877086	-0.0604237	0.185487	0.7451	-0.990176	0.282891	0.91827	-1.47324	0.126423	1.04787	-0.611038	0.114846	0.978201	-0.399586	0.162123	0.914668	-0.0374084	0.21337
170	4.91819	0.879247	-1.51199	0.324645	1.01226	-1.43073	0.312641	0.970447	-0.0669737	0.393056	0.784841	-1.13175	0.38471	0.919421	-0.0229635	0.339278	1.00775	-0.503703	0.458934	1.12302	-0.0191198	0.39384	0.762015	-0.991548	0.385468	0.968119	-1.48098	0.501856	1.03189	-0.638513	0.511862	0.993878	-0.349951	0.456465	1.15662	-0.0236427	0.347589	0.815124	-0.169829	0.204287	0.777475	-1.13272	0.283593	0.756378	-0.156196	0.258071	1.08087	-0.495488	0.166834	0.911352	-0.0581936	0.187225	0.754986	-0.991778	0.283452	0.927698	-1.47388	0.127051	1.06467	-0.614071	0.115573	0.99894	-0.399796	0.163256	0.950003	-0.0364012	0.21503
171	4.92818	0.889202	-1.51271	0.325304	1.02234	-1.43158	0.312988	0.97044	-0.0670859	0.392926	0.794624	-1.1324	0.385779	0.919447	-0.0230807	0.339133	1.0099	-0.503501	0.458913	1.12298	-0.0190499	0.393894	0.771557	-0.992287	0.385697	0.978826	-1.48209	0.502082	1.03619	-0.637891	0.511983	0.994751	-0.349962	0.456474	1.15663	-0.0235746	0.347617	0.844787	-0.162176	0.205831	0.78741	-1.13399	0.284659	0.786678	-0.145535	0.259646	1.0986	-0.498274	0.168165	0.946146	-0.0557239	0.188699	0.764553	-0.993105	0.283656	0.93707	-1.47437	0.127655	1.08124	-0.616963	0.116372	1.01971	-0.399193	0.164274	0.98591	-0.035309	0.216319
172	4.93817	0.899301	-1.51318	0.325962	1.03243	-1.43235	0.313298	0.97044	-0.067222	0.392785	0.804283	-1.13281	0.386628	0.919558	-0.0231809	0.339063	1.01204	-0.503256	0.458941	1.12294	-0.018979	0.39396	0.781064	-0.992737	0.385826	0.989438	-1.48307	0.50235	1.04018	-0.63721	0.511993	0.995436	-0.349964	0.456559	1.15662	-0.0234671	0.34762	0.875257	-0.154081	0.20757	0.797257	-1.13496	0.285454	0.818044	-0.134414	0.261548	1.11602	-0.500827	0.169435	0.981676	-0.0531269	0.190112	0.774051	-0.994077	0.283635	0.946467	-1.47474	0.128255	1.09755	-0.619748	0.117166	1.04064	-0.397855	0.165231	1.02251	-0.0343416	0.21734
173	4.94816	0.909546	-1.51337	0.326742	1.0425	-1.43303	0.313576	0.970468	-0.0672845	0.392643	0.81389	-1.13295	0.387232	0.919765	-0.0232424	0.339031	1.01419	-0.503024	0.45914	1.1229	-0.0188941	0.39405	0.790454	-0.992911	0.385739	0.999938	-1.4839	0.50268	1.04404	-0.636505	0.512056	0.996148	-0.34999	0.456712	1.1566	-0.0232953	0.347611	0.906465	-0.145675	0.209412	0.807022	-1.13558	0.286018	0.850313	-0.123212	0.263645	1.13309	-0.503116	0.170641	1.01784	-0.0505815	0.191475	0.783582	-0.994737	0.283477	0.95573	-1.4749	0.128833	1.11354	-0.622359	0.117894	1.0618	-0.395909	0.166224	1.05974	-0.0335948	0.218264
174	4.95815	0.919499	-1.51357	0.327293	1.05255	-1.43353	0.313876	0.970485	-0.0673464	0.392526	0.823412	-1.13284	0.387566	0.919886	-0.0232626	0.338869	1.01616	-0.502826	0.459428	1.12287	-0.018799	0.394175	0.799798	-0.992805	0.385517	1.0104	-1.48453	0.502985	1.04779	-0.635861	0.512257	0.996906	-0.350022	0.45685	1.1566	-0.0232051	0.347678	0.938489	-0.137018	0.21151	0.816721	-1.13583	0.286373	0.883338	-0.112023	0.265899	1.14975	-0.505109	0.171825	1.05455	-0.0482136	0.192797	0.793187	-0.995043	0.283255	0.965042	-1.47488	0.129433	1.12909	-0.624714	0.118498	1.08317	-0.393607	0.167376	1.09755	-0.033169	0.219177
175	4.96814	0.929432	-1.51365	0.327767	1.06251	-1.4338	0.314225	0.970537	-0.0674441	0.392429	0.832821	-1.13247	0.387731	0.919998	-0.0234573	0.338738	1.01796	-0.502631	0.459776	1.1228	-0.0186705	0.394316	0.80914	-0.99245	0.385176	1.02084	-1.485	0.503343	1.05143	-0.635273	0.512546	0.997837	-0.350061	0.457056	1.15658	-0.0230766	0.347707	0.971319	-0.128401	0.213611	0.826395	-1.13578	0.28655	0.917438	-0.100711	0.268269	1.16584	-0.506812	0.172902	1.09165	-0.0460474	0.19414	0.802838	-0.995039	0.282954	0.974243	-1.47463	0.129946	1.14424	-0.626879	0.119003	1.10434	-0.391279	0.168591	1.13555	-0.0329969	0.220189
176	4.97813	0.939496	-1.51348	0.328259	1.07239	-1.43379	0.314617	0.970592	-0.067537	0.392311	0.842145	-1.13184	0.387771	0.919989	-0.0236498	0.338567	1.01988	-0.502429	0.460209	1.12266	-0.0185011	0.394476	0.818541	-0.991817	0.384749	1.03131	-1.48523	0.503671	1.055	-0.634695	0.512843	0.998879	-0.35008	0.457352	1.15651	-0.022817	0.347667	1.00485	-0.119998	0.215423	0.836047	-1.13541	0.286606	0.952421	-0.0896623	0.270477	1.18117	-0.508189	0.173749	1.12896	-0.0440048	0.19566	0.812497	-0.994669	0.282558	0.983475	-1.47422	0.130443	1.15902	-0.62876	0.119499	1.12507	-0.389001	0.169912	1.17357	-0.0330517	0.221476
177	4.98812	0.949628	-1.5131	0.328766	1.08222	-1.43347	0.314975	0.970668	-0.0676199	0.392181	0.851446	-1.13096	0.387688	0.91986	-0.023793	0.33827	1.02188	-0.502209	0.460597	1.12258	-0.0183554	0.394657	0.827985	-0.99091	0.384228	1.04191	-1.48523	0.503956	1.05861	-0.634119	0.513205	0.99989	-0.35007	0.457585	1.15655	-0.0225199	0.347611	1.03886	-0.111871	0.217167	0.845689	-1.13475	0.286477	0.987965	-0.079284	0.272255	1.19593	-0.509119	0.174479	1.16646	-0.0420545	0.197474	0.822222	-0.993995	0.282047	0.992741	-1.4737	0.130892	1.17331	-0.630171	0.120017	1.14512	-0.386735	0.171093	1.21158	-0.0332649	0.223199
178	4.9981	0.959756	-1.51254	0.329266	1.09198	-1.43284	0.315223	0.970719	-0.0677056	0.392012	0.860779	-1.12987	0.387484	0.919835	-0.0239199	0.337995	1.02399	-0.502036	0.460905	1.12258	-0.018256	0.394863	0.83748	-0.989826	0.383579	1.05256	-1.485	0.504157	1.06232	-0.633533	0.513586	1.0009	-0.350036	0.457719	1.15672	-0.0222257	0.34758	1.07316	-0.104183	0.218876	0.855372	-1.13384	0.28625	1.02377	-0.0697185	0.27381	1.21011	-0.509586	0.175123	1.20412	-0.0402322	0.199644	0.832029	-0.99307	0.281464	1.00213	-1.47294	0.131418	1.18705	-0.631168	0.120374	1.16451	-0.384422	0.172023	1.24955	-0.0337172	0.225369
179	5.00809	0.969964	-1.51179	0.329761	1.10171	-1.43187	0.315372	0.970775	-0.0678227	0.391839	0.870169	-1.1286	0.387164	0.919893	-0.0240852	0.337734	1.02646	-0.501916	0.461207	1.12273	-0.0182171	0.395105	0.847076	-0.988568	0.382917	1.06327	-1.48456	0.504349	1.06632	-0.632977	0.513982	1.00224	-0.350088	0.457898	1.15704	-0.0219371	0.347576	1.1078	-0.0970644	0.220214	0.865119	-1.13276	0.285955	1.06006	-0.0608111	0.275459	1.22374	-0.509587	0.175763	1.24184	-0.0389291	0.202137	0.841862	-0.991982	0.280691	1.0115	-1.47194	0.131906	1.20041	-0.631771	0.120654	1.18345	-0.38194	0.172745	1.28739	-0.0347491	0.227892
180	5.01808	0.980233	-1.51091	0.330211	1.11145	-1.43061	0.315507	0.97088	-0.067938	0.391655	0.879645	-1.12726	0.386708	0.919939	-0.0243001	0.337419	1.02929	-0.501757	0.461418	1.12303	-0.0181555	0.39533	0.856733	-0.987181	0.38222	1.07402	-1.48388	0.504477	1.07067	-0.632379	0.514306	1.00384	-0.350198	0.458052	1.15754	-0.0216846	0.347587	1.14309	-0.0906743	0.221171	0.875154	-1.13153	0.285683	1.09675	-0.0526366	0.277155	1.2368	-0.509126	0.176375	1.27958	-0.038586	0.204858	0.851849	-0.990799	0.279888	1.02084	-1.47077	0.132254	1.21345	-0.631974	0.120972	1.20221	-0.379242	0.17351	1.32514	-0.0368811	0.230801
181	5.02807	0.990517	-1.50985	0.33062	1.12127	-1.42923	0.315641	0.971016	-0.0680504	0.391446	0.889199	-1.12587	0.386144	0.919967	-0.0245681	0.337045	1.03257	-0.501526	0.461523	1.12316	-0.0180589	0.395459	0.866471	-0.985708	0.381413	1.08482	-1.48298	0.504605	1.0755	-0.631679	0.514553	1.00574	-0.35028	0.458173	1.15793	-0.021387	0.347525	1.17826	-0.0851949	0.222517	0.885232	-1.1302	0.285217	1.13348	-0.0453552	0.278724	1.24933	-0.508221	0.176954	1.31721	-0.0393789	0.207828	0.861948	-0.989488	0.27905	1.03031	-1.46948	0.132553	1.22607	-0.631737	0.121272	1.22089	-0.376462	0.174259	1.36257	-0.0401769	0.234066
182	5.03806	1.00091	-1.50859	0.331035	1.13138	-1.42778	0.315802	0.971197	-0.0681654	0.3912	0.898867	-1.12441	0.38547	0.920034	-0.0248044	0.336738	1.03635	-0.501203	0.461556	1.12313	-0.0179494	0.395531	0.876315	-0.984232	0.380515	1.09566	-1.48185	0.504672	1.08081	-0.630811	0.514713	1.00805	-0.350279	0.458291	1.15813	-0.0210172	0.347384	1.2131	-0.08069	0.224014	0.895359	-1.12877	0.28455	1.16993	-0.0390199	0.280152	1.26153	-0.506973	0.177541	1.3544	-0.0412075	0.210951	0.872207	-0.988051	0.278112	1.03985	-1.46804	0.132831	1.23819	-0.631077	0.12157	1.23958	-0.373843	0.174904	1.39927	-0.0443266	0.237438
183	5.04805	1.01137	-1.50719	0.331362	1.14174	-1.42617	0.315909	0.971382	-0.0682737	0.390917	0.908655	-1.12288	0.384633	0.920119	-0.0250468	0.336502	1.04063	-0.500781	0.461542	1.123	-0.0178258	0.395573	0.886262	-0.982753	0.379631	1.10653	-1.48053	0.504674	1.08657	-0.629807	0.514856	1.01066	-0.350162	0.458259	1.15823	-0.0205971	0.347182	1.2476	-0.0772469	0.225641	0.905598	-1.12725	0.28371	1.20608	-0.0337374	0.281867	1.27355	-0.505518	0.178138	1.39086	-0.0439471	0.214148	0.882734	-0.986524	0.277231	1.04962	-1.46646	0.133127	1.24972	-0.630016	0.121772	1.25815	-0.371397	0.175596	1.4352	-0.0492917	0.240879
184	5.05804	1.02187	-1.5057	0.33154	1.15213	-1.42436	0.315951	0.971605	-0.0683565	0.390612	0.918555	-1.1213	0.383633	0.920197	-0.0253645	0.3362	1.04532	-0.500234	0.461531	1.1229	-0.0177078	0.395656	0.896261	-0.981196	0.378629	1.11738	-1.47901	0.504621	1.09267	-0.628732	0.514988	1.01364	-0.349951	0.458171	1.15845	-0.0202063	0.347001	1.28137	-0.0747467	0.22741	0.916005	-1.12569	0.282688	1.24146	-0.0295914	0.283563	1.28526	-0.503966	0.178472	1.42615	-0.0475426	0.217258	0.893536	-0.984897	0.276451	1.05955	-1.46478	0.133352	1.26075	-0.628519	0.122289	1.27648	-0.369069	0.176282	1.46994	-0.0549441	0.244263
185	5.06803	1.03239	-1.5041	0.331651	1.16253	-1.42242	0.316008	0.971903	-0.0684994	0.390331	0.928538	-1.11974	0.382529	0.920291	-0.0256728	0.335961	1.05043	-0.499635	0.461525	1.12279	-0.0175949	0.395732	0.906315	-0.979585	0.377475	1.12831	-1.4773	0.504544	1.09905	-0.627624	0.5151	1.01712	-0.34968	0.458159	1.15874	-0.0198662	0.346826	1.31405	-0.0731249	0.229344	0.926591	-1.1241	0.281598	1.27579	-0.0265535	0.285203	1.29684	-0.502318	0.178686	1.46008	-0.0518701	0.220304	0.904282	-0.983192	0.275483	1.06952	-1.46297	0.133423	1.27136	-0.626749	0.122565	1.2944	-0.366771	0.176777	1.50328	-0.0611638	0.247655
186	5.07802	1.04295	-1.50248	0.331649	1.17299	-1.42041	0.31599	0.97234	-0.0688145	0.390128	0.938676	-1.11816	0.381353	0.920395	-0.0260661	0.33575	1.05592	-0.499051	0.461479	1.1228	-0.0175406	0.395803	0.9164	-0.978002	0.376283	1.13921	-1.47546	0.504414	1.10565	-0.626495	0.515184	1.02107	-0.349433	0.458159	1.15902	-0.0195638	0.346641	1.34544	-0.0722645	0.231277	0.937338	-1.12233	0.280446	1.30878	-0.024414	0.286388	1.30829	-0.500491	0.178883	1.49251	-0.0569126	0.223266	0.914993	-0.981411	0.27436	1.07965	-1.46109	0.133459	1.28155	-0.624713	0.122521	1.31203	-0.364615	0.177231	1.53509	-0.0678738	0.251136
187	5.08801	1.05361	-1.50081	0.331657	1.18364	-1.41843	0.315889	0.972896	-0.0692593	0.390014	0.948933	-1.11653	0.380093	0.920509	-0.0265484	0.335542	1.06174	-0.498423	0.461372	1.12291	-0.0175383	0.395864	0.926555	-0.976406	0.375109	1.15008	-1.47353	0.504212	1.11251	-0.625354	0.515229	1.0253	-0.349152	0.458095	1.15929	-0.019299	0.346431	1.37551	-0.0722958	0.232386	0.948161	-1.12051	0.279129	1.34055	-0.0229647	0.287288	1.3194	-0.498452	0.179023	1.52334	-0.0623797	0.226203	0.925765	-0.979597	0.273141	1.08988	-1.45915	0.133396	1.29135	-0.622276	0.122669	1.32928	-0.362711	0.177707	1.56516	-0.0748474	0.254604
188	5.098	1.06435	-1.49906	0.331646	1.19449	-1.41652	0.315718	0.973419	-0.0696487	0.389843	0.959232	-1.1149	0.378744	0.920637	-0.027117	0.335319	1.06786	-0.497667	0.461227	1.12296	-0.0175222	0.395895	0.936809	-0.974779	0.373903	1.16096	-1.47155	0.503989	1.11964	-0.624187	0.515225	1.02981	-0.348815	0.457965	1.15955	-0.0190595	0.346173	1.40389	-0.0724618	0.234168	0.959064	-1.11864	0.277794	1.37045	-0.0221205	0.287864	1.33011	-0.496241	0.179228	1.55228	-0.0679421	0.22898	0.936618	-0.977792	0.271861	1.10022	-1.45718	0.133226	1.30098	-0.619657	0.122678	1.34591	-0.36105	0.178239	1.5933	-0.0817111	0.257958
189	5.10799	1.07508	-1.49725	0.331519	1.20551	-1.4147	0.315487	0.973897	-0.0700092	0.389587	0.969596	-1.11328	0.377293	0.92078	-0.0278175	0.335039	1.07439	-0.496837	0.461063	1.12294	-0.0174992	0.395913	0.947191	-0.9731	0.372623	1.17183	-1.46951	0.503733	1.12703	-0.622993	0.515163	1.03466	-0.348435	0.457836	1.1598	-0.0188484	0.345866	1.43056	-0.073043	0.23554	0.970003	-1.11678	0.276434	1.39819	-0.0218155	0.288196	1.34049	-0.493938	0.179535	1.57922	-0.0734401	0.231559	0.94763	-0.97596	0.270586	1.11075	-1.45525	0.13306	1.3106	-0.616978	0.122612	1.36174	-0.359555	0.178831	1.61938	-0.0881884	0.261171
190	5.11798	1.08584	-1.49545	0.331222	1.21655	-1.41295	0.315163	0.974405	-0.0704073	0.389338	0.980046	-1.11161	0.375808	0.92097	-0.0287686	0.334738	1.08128	-0.495974	0.460863	1.12292	-0.0174923	0.395929	0.957684	-0.971362	0.371282	1.18266	-1.46745	0.503372	1.1347	-0.621773	0.515048	1.03972	-0.348062	0.457616	1.16003	-0.018708	0.345557	1.45509	-0.0743562	0.235677	0.980957	-1.1149	0.274993	1.42376	-0.0217658	0.2884	1.35067	-0.491635	0.179849	1.60394	-0.0787029	0.234034	0.958698	-0.974074	0.269239	1.12129	-1.45335	0.13278	1.3203	-0.614351	0.12266	1.3767	-0.358129	0.179396	1.64334	-0.0940865	0.264219
191	5.12797	1.09666	-1.49368	0.330811	1.22759	-1.41117	0.314754	0.974996	-0.0710244	0.389163	0.990532	-1.10982	0.374304	0.921208	-0.0298989	0.334495	1.08852	-0.495055	0.460626	1.1229	-0.0175052	0.395932	0.968309	-0.969565	0.369926	1.19351	-1.46548	0.502952	1.14263	-0.620523	0.514903	1.04502	-0.347739	0.457391	1.16025	-0.0186267	0.345241	1.47736	-0.075748	0.235408	0.99195	-1.11299	0.273498	1.4469	-0.0217506	0.288566	1.36085	-0.48939	0.180101	1.62619	-0.083402	0.236386	0.969846	-0.972134	0.267818	1.13202	-1.45155	0.132448	1.33014	-0.611783	0.122972	1.39077	-0.356696	0.179805	1.66497	-0.0992222	0.267104
192	5.13796	1.10756	-1.49196	0.33029	1.23856	-1.40931	0.314298	0.975751	-0.0719339	0.389066	1.00104	-1.10797	0.372828	0.921478	-0.0311904	0.334184	1.09607	-0.49408	0.4604	1.12286	-0.0175473	0.39592	0.979001	-0.967689	0.368562	1.20429	-1.46357	0.502456	1.15082	-0.619257	0.514805	1.05052	-0.347439	0.457193	1.16048	-0.0185661	0.344923	1.49708	-0.0763869	0.236133	1.00305	-1.11105	0.272028	1.46715	-0.021554	0.288761	1.37109	-0.487303	0.18021	1.64585	-0.0871474	0.238598	0.981131	-0.970151	0.266439	1.14288	-1.44981	0.132001	1.34008	-0.609343	0.123371	1.404	-0.355216	0.180031	1.68416	-0.103376	0.269837
193	5.14794	1.11857	-1.49024	0.329745	1.24942	-1.40742	0.313822	0.976661	-0.0730159	0.388907	1.01162	-1.10617	0.371397	0.921785	-0.0327764	0.333761	1.10386	-0.493079	0.460154	1.12278	-0.0176218	0.395853	0.989763	-0.965829	0.367105	1.21498	-1.46173	0.50192	1.15921	-0.617994	0.514715	1.05629	-0.347164	0.456982	1.16072	-0.0184941	0.344619	1.51426	-0.0765501	0.236724	1.01417	-1.10913	0.270615	1.48468	-0.0210324	0.289156	1.38163	-0.485421	0.180403	1.66299	-0.0896745	0.240683	0.992477	-0.968215	0.265024	1.1538	-1.44816	0.131373	1.35013	-0.607173	0.12384	1.41652	-0.353638	0.180191	1.70082	-0.106218	0.27236
194	5.15793	1.12953	-1.48861	0.329062	1.26029	-1.40561	0.3133	0.977559	-0.074223	0.388634	1.02238	-1.1044	0.370048	0.922096	-0.0347129	0.333442	1.11194	-0.492082	0.459881	1.12256	-0.0176465	0.395756	1.00068	-0.964044	0.365654	1.2257	-1.46005	0.501401	1.16776	-0.616757	0.514622	1.06223	-0.346837	0.456661	1.16095	-0.0183987	0.344335	1.52871	-0.0754317	0.23829	1.0254	-1.10725	0.269262	1.49947	-0.0199631	0.289689	1.39249	-0.483754	0.180693	1.67744	-0.0906808	0.242507	1.00392	-0.966417	0.263578	1.16498	-1.44657	0.130704	1.36041	-0.605274	0.124181	1.42843	-0.351984	0.180404	1.71493	-0.107386	0.27455
195	5.16792	1.14052	-1.48704	0.328227	1.27121	-1.40394	0.312718	0.97837	-0.0756059	0.388404	1.03337	-1.10272	0.368758	0.922424	-0.0370242	0.333342	1.12033	-0.491108	0.459588	1.12242	-0.0177384	0.395666	1.01181	-0.962364	0.364311	1.23641	-1.45852	0.500846	1.17647	-0.615595	0.514539	1.06855	-0.346592	0.456373	1.16113	-0.018273	0.344083	1.54061	-0.0739812	0.239334	1.03683	-1.10551	0.267952	1.51138	-0.0183478	0.29024	1.40364	-0.482256	0.181042	1.68917	-0.0899788	0.243984	1.01549	-0.964667	0.26223	1.1764	-1.44501	0.129997	1.37109	-0.603618	0.124438	1.43984	-0.350308	0.180803	1.72646	-0.106633	0.276283
196	5.17791	1.15157	-1.48558	0.327213	1.28229	-1.40252	0.31204	0.979504	-0.077387	0.388526	1.04458	-1.10114	0.367577	0.92285	-0.0397762	0.333515	1.12904	-0.490205	0.459309	1.12239	-0.0178943	0.395597	1.02311	-0.960784	0.362974	1.24701	-1.45717	0.500188	1.18538	-0.614584	0.514453	1.07528	-0.3465	0.45619	1.16126	-0.0181368	0.343844	1.55	-0.0723343	0.239473	1.04842	-1.10397	0.266768	1.52047	-0.0160968	0.290805	1.41484	-0.480826	0.181244	1.69844	-0.0876042	0.245188	1.02716	-0.963103	0.260923	1.18791	-1.44356	0.129174	1.38222	-0.602168	0.124611	1.45082	-0.348695	0.181331	1.73571	-0.104024	0.277693
197	5.1879	1.16265	-1.48422	0.326103	1.29352	-1.4013	0.311343	0.980921	-0.079532	0.388893	1.05609	-1.09969	0.366473	0.923425	-0.0430159	0.333938	1.13812	-0.489426	0.459123	1.12244	-0.0180586	0.395561	1.0346	-0.959365	0.361629	1.25754	-1.45601	0.499378	1.19452	-0.613735	0.514355	1.08231	-0.346585	0.456095	1.16137	-0.0180059	0.343612	1.55706	-0.0697205	0.239876	1.06023	-1.10266	0.265757	1.52682	-0.0132747	0.291434	1.42613	-0.479454	0.181499	1.70541	-0.0837623	0.246254	1.039	-0.961798	0.259636	1.19944	-1.44228	0.128159	1.39384	-0.600904	0.124672	1.46131	-0.347118	0.181863	1.74269	-0.0998299	0.278906
198	5.19789	1.17372	-1.48298	0.325004	1.30487	-1.40026	0.310617	0.982419	-0.0820034	0.389432	1.06794	-1.09841	0.365526	0.924111	-0.0467429	0.33458	1.14754	-0.488789	0.459102	1.12243	-0.0181515	0.395549	1.0464	-0.9581	0.360439	1.26812	-1.45501	0.49846	1.20393	-0.613056	0.514271	1.08965	-0.346841	0.45615	1.16142	-0.0178906	0.343416	1.56179	-0.0662345	0.240689	1.07244	-1.10152	0.264837	1.53032	-0.0106248	0.291965	1.43759	-0.478197	0.181955	1.71022	-0.0786104	0.247279	1.05111	-0.960702	0.258389	1.21121	-1.44112	0.12715	1.40581	-0.599647	0.124814	1.47118	-0.345447	0.182456	1.74758	-0.0942797	0.280105
199	5.20788	1.18477	-1.48179	0.323813	1.31628	-1.39943	0.30978	0.984114	-0.0848277	0.390193	1.08015	-1.09731	0.364657	0.924958	-0.050917	0.335416	1.15732	-0.488276	0.459191	1.12239	-0.0181806	0.395561	1.05846	-0.957016	0.35927	1.27878	-1.4542	0.497517	1.2137	-0.612523	0.514212	1.0973	-0.347238	0.456339	1.16139	-0.0177832	0.343252	1.56477	-0.0625278	0.241911	1.08499	-1.1006	0.264023	1.53139	-0.00928973	0.292435	1.44919	-0.477016	0.182595	1.71347	-0.0717867	0.248277	1.06347	-0.959835	0.257238	1.22307	-1.44003	0.126069	1.41801	-0.598439	0.125028	1.48022	-0.343554	0.183129	1.75139	-0.0869335	0.281383
200	5.21787	1.19584	-1.48078	0.322446	1.32776	-1.39883	0.30887	0.986051	-0.0879283	0.391185	1.09264	-1.09645	0.363911	0.926097	-0.0556517	0.336548	1.16762	-0.487897	0.459319	1.1224	-0.0181901	0.395579	1.0708	-0.956211	0.35823	1.28941	-1.45361	0.496551	1.22394	-0.612072	0.514124	1.10536	-0.347772	0.456681	1.16131	-0.0177291	0.343088	1.56764	-0.0599439	0.243384	1.09768	-1.09991	0.263227	1.53217	-0.00964028	0.29332	1.46044	-0.475812	0.183139	1.71677	-0.0632613	0.24907	1.07599	-0.959205	0.256162	1.23499	-1.43903	0.124924	1.43013	-0.597556	0.125415	1.48808	-0.341449	0.184081	1.75582	-0.0770654	0.281966
201	5.22786	1.20701	-1.48028	0.320932	1.33932	-1.39855	0.307892	0.988457	-0.0915302	0.392489	1.10523	-1.09597	0.363205	0.927584	-0.061133	0.338093	1.17854	-0.487497	0.459321	1.12246	-0.0181567	0.395535	1.08322	-0.955795	0.357205	1.29994	-1.4532	0.495488	1.23483	-0.611692	0.514017	1.11389	-0.348426	0.456986	1.16124	-0.0177683	0.342904	1.57238	-0.059265	0.244313	1.1104	-1.09962	0.262526	1.53434	-0.011399	0.294054	1.47081	-0.474874	0.183444	1.72085	-0.0553242	0.248968	1.0885	-0.958967	0.255215	1.24698	-1.43825	0.123693	1.44172	-0.597615	0.125597	1.49462	-0.33967	0.185251	1.76116	-0.0667932	0.280689
202	5.23785	1.21846	-1.48043	0.319388	1.35092	-1.39869	0.306849	0.991491	-0.0958544	0.394109	1.11787	-1.09585	0.362643	0.929563	-0.0674378	0.339933	1.19019	-0.487187	0.459157	1.12257	-0.0180762	0.395417	1.09571	-0.955799	0.356341	1.31045	-1.45299	0.494395	1.24645	-0.611406	0.513824	1.12318	-0.349417	0.457276	1.1611	-0.0177905	0.342768	1.5777	-0.0588744	0.244145	1.12299	-1.09989	0.26205	1.53697	-0.0132537	0.294037	1.47985	-0.474956	0.18314	1.72507	-0.0497148	0.247844	1.10092	-0.959215	0.254336	1.25896	-1.43781	0.122159	1.45265	-0.598573	0.125375	1.50099	-0.339032	0.185989	1.76631	-0.0598228	0.279913
203	5.24784	1.23002	-1.48104	0.317795	1.36261	-1.39923	0.30573	0.995012	-0.100766	0.395741	1.13061	-1.09622	0.362468	0.932265	-0.0746457	0.341729	1.20276	-0.487134	0.459047	1.1227	-0.0180499	0.395354	1.10834	-0.956214	0.355645	1.32111	-1.45305	0.493248	1.25891	-0.611312	0.513537	1.13342	-0.35075	0.457641	1.16093	-0.0178091	0.342756	1.58132	-0.058269	0.243221	1.13544	-1.10072	0.261845	1.53853	-0.0145687	0.293461	1.48825	-0.476298	0.181977	1.72798	-0.0447732	0.246982	1.1133	-0.960065	0.253616	1.27111	-1.43783	0.120517	1.46302	-0.599923	0.124729	1.50881	-0.340174	0.185483	1.76975	-0.053939	0.279392
204	5.25783	1.24151	-1.48195	0.316168	1.37445	-1.40013	0.30455	0.999138	-0.106353	0.397268	1.14353	-1.09712	0.362772	0.935816	-0.0828006	0.343237	1.21642	-0.487289	0.459078	1.12282	-0.0180847	0.395333	1.12111	-0.957102	0.355081	1.33204	-1.45355	0.492027	1.27239	-0.611439	0.513174	1.14455	-0.352335	0.458039	1.16074	-0.0178354	0.342895	1.58282	-0.0576091	0.242135	1.14789	-1.10211	0.262067	1.53919	-0.0153856	0.292821	1.49741	-0.478387	0.180359	1.72951	-0.0397168	0.246698	1.12572	-0.961547	0.253186	1.28343	-1.43832	0.118913	1.47326	-0.60148	0.123592	1.51799	-0.342239	0.183822	1.7715	-0.0481504	0.278823
205	5.26782	1.25286	-1.48303	0.314558	1.38629	-1.40134	0.303298	1.00402	-0.112674	0.398677	1.15663	-1.09841	0.363448	0.940556	-0.0919882	0.344411	1.2315	-0.487368	0.459256	1.12287	-0.0180641	0.395176	1.13409	-0.958417	0.354865	1.34325	-1.45471	0.490924	1.287	-0.611651	0.512747	1.15662	-0.354184	0.458559	1.16056	-0.0178747	0.343152	1.58391	-0.0571598	0.2411	1.16044	-1.10406	0.262642	1.53994	-0.0161047	0.29216	1.50777	-0.4805	0.178751	1.73082	-0.035143	0.245936	1.13822	-0.963556	0.253053	1.29579	-1.43926	0.11738	1.48407	-0.603298	0.122062	1.52745	-0.344039	0.18181	1.77289	-0.0429659	0.277737
206	5.27781	1.26413	-1.48425	0.313057	1.39787	-1.40287	0.302022	1.01003	-0.119645	0.400119	1.16973	-1.09998	0.364388	0.946766	-0.102169	0.345263	1.24829	-0.487208	0.459677	1.12296	-0.017986	0.394816	1.14717	-0.960066	0.355031	1.35444	-1.45627	0.489699	1.30282	-0.611747	0.512328	1.16971	-0.356278	0.45932	1.16049	-0.0179127	0.343516	1.58572	-0.0567455	0.240137	1.17303	-1.1064	0.263596	1.54089	-0.0169019	0.2916	1.51892	-0.482094	0.177536	1.73233	-0.0310452	0.24446	1.15063	-0.96591	0.253215	1.30799	-1.44061	0.115913	1.49572	-0.605427	0.120541	1.53619	-0.344993	0.179963	1.77444	-0.0383514	0.276476
207	5.28779	1.27537	-1.48558	0.311683	1.40928	-1.40473	0.300836	1.01735	-0.127209	0.401558	1.18274	-1.10171	0.365557	0.95457	-0.113197	0.345843	1.26675	-0.486862	0.46057	1.1232	-0.0179706	0.394284	1.1602	-0.961853	0.355427	1.36547	-1.45818	0.488324	1.31995	-0.611639	0.511986	1.18376	-0.358578	0.460259	1.16041	-0.0179546	0.344044	1.58754	-0.0562463	0.239542	1.18545	-1.10882	0.264845	1.54176	-0.0175979	0.291182	1.52958	-0.482832	0.176436	1.73415	-0.0278197	0.242841	1.16296	-0.968413	0.253645	1.31995	-1.44229	0.114478	1.50774	-0.607566	0.119386	1.54382	-0.345067	0.178328	1.77587	-0.0346009	0.275896
208	5.29778	1.28661	-1.48696	0.310252	1.42062	-1.40688	0.299704	1.02593	-0.135093	0.403064	1.19548	-1.1034	0.36678	0.964008	-0.124955	0.346449	1.28657	-0.486378	0.461899	1.12337	-0.0180012	0.39354	1.17316	-0.963598	0.355975	1.37632	-1.46031	0.486887	1.33829	-0.611452	0.511841	1.19896	-0.361078	0.461405	1.15982	-0.0180321	0.344838	1.58878	-0.0559563	0.239443	1.19751	-1.1111	0.266021	1.54228	-0.0179793	0.29091	1.53872	-0.482861	0.175277	1.73567	-0.0258229	0.241864	1.17518	-0.970763	0.254116	1.33183	-1.44417	0.113167	1.51942	-0.609684	0.118241	1.55019	-0.344687	0.176962	1.777	-0.0322342	0.276705
209	5.30777	1.29769	-1.48839	0.308651	1.43195	-1.40923	0.298564	1.03593	-0.143085	0.404764	1.20778	-1.10504	0.367744	0.975086	-0.137286	0.347352	1.30739	-0.48561	0.463411	1.12341	-0.0180752	0.392773	1.18586	-0.965204	0.356466	1.387	-1.46254	0.485509	1.35744	-0.611319	0.512061	1.21528	-0.363585	0.462574	1.15858	-0.0181106	0.345864	1.5895	-0.0559265	0.239524	1.20925	-1.11315	0.266963	1.54254	-0.0181469	0.2907	1.54608	-0.482945	0.174135	1.73689	-0.0246616	0.241783	1.1873	-0.972754	0.254579	1.34362	-1.44615	0.111854	1.53014	-0.611589	0.116987	1.55528	-0.344565	0.175921	1.77775	-0.0306845	0.278151
210	5.31776	1.30869	-1.48974	0.307036	1.4433	-1.41158	0.297396	1.04758	-0.15078	0.406709	1.2196	-1.1065	0.368315	0.987709	-0.14968	0.348758	1.32866	-0.484265	0.464577	1.12408	-0.0183699	0.392347	1.19822	-0.966635	0.356723	1.39749	-1.46479	0.484173	1.37695	-0.611134	0.512642	1.23277	-0.365899	0.463637	1.15795	-0.0180791	0.346675	1.59012	-0.0559567	0.239547	1.22074	-1.11495	0.26763	1.54272	-0.0182646	0.290508	1.55222	-0.483647	0.173053	1.73803	-0.0236312	0.241874	1.19924	-0.974483	0.254879	1.35546	-1.44811	0.110581	1.53963	-0.613053	0.11574	1.55942	-0.34489	0.175126	1.77825	-0.0293572	0.279163
211	5.32775	1.31963	-1.49093	0.305482	1.45464	-1.41377	0.296287	1.06085	-0.157771	0.408762	1.23109	-1.1078	0.368504	1.00149	-0.161429	0.350685	1.3502	-0.482459	0.465517	1.12681	-0.0191305	0.392403	1.21016	-0.967887	0.356656	1.40776	-1.46691	0.482859	1.39648	-0.61063	0.513367	1.25138	-0.367838	0.464578	1.15922	-0.0177218	0.346912	1.59076	-0.0558774	0.239568	1.23205	-1.11652	0.26796	1.54281	-0.0183592	0.290332	1.55792	-0.484667	0.171933	1.73893	-0.0226185	0.241456	1.21096	-0.976049	0.254863	1.36735	-1.44992	0.109323	1.54786	-0.613976	0.114636	1.56312	-0.345348	0.174373	1.7786	-0.0280629	0.27951
212	5.33774	1.33049	-1.49201	0.303962	1.46584	-1.41576	0.295286	1.07532	-0.164458	0.410734	1.24238	-1.109	0.36854	1.01614	-0.17228	0.352939	1.37202	-0.480448	0.466081	1.13204	-0.0204944	0.392636	1.22169	-0.96897	0.356288	1.41778	-1.46881	0.481578	1.41583	-0.609708	0.513931	1.27113	-0.369344	0.46549	1.16254	-0.0169982	0.347316	1.59128	-0.0557271	0.239684	1.24321	-1.11796	0.267985	1.5428	-0.0184148	0.290163	1.56336	-0.485401	0.170725	1.73952	-0.0217648	0.240914	1.22241	-0.977512	0.254466	1.37915	-1.45155	0.108048	1.55495	-0.614487	0.113512	1.56675	-0.345672	0.173605	1.77891	-0.0270336	0.279799
213	5.34773	1.34125	-1.49314	0.302421	1.47681	-1.41752	0.294424	1.09058	-0.171302	0.412383	1.25351	-1.10999	0.368416	1.03151	-0.182845	0.355154	1.394	-0.478503	0.466182	1.13938	-0.0228325	0.39244	1.23289	-0.969989	0.355695	1.4277	-1.47053	0.480455	1.43482	-0.608659	0.51415	1.29181	-0.37029	0.466287	1.16754	-0.0163152	0.349121	1.59156	-0.0555921	0.239727	1.25429	-1.11928	0.267848	1.54273	-0.0184463	0.290029	1.56838	-0.485652	0.169531	1.73993	-0.0211269	0.240613	1.23354	-0.978869	0.253859	1.39093	-1.45307	0.106869	1.56105	-0.614727	0.112589	1.57024	-0.34577	0.172759	1.77919	-0.0262983	0.280178
214	5.35772	1.35208	-1.49432	0.301003	1.48759	-1.41904	0.293669	1.10663	-0.178277	0.413546	1.26446	-1.11077	0.368081	1.04814	-0.192735	0.356623	1.41603	-0.476919	0.46593	1.14917	-0.0268933	0.392924	1.24363	-0.970907	0.354785	1.43765	-1.47208	0.479555	1.45335	-0.607878	0.513964	1.31334	-0.370753	0.466954	1.17494	-0.016609	0.353093	1.59162	-0.0555777	0.239553	1.26527	-1.12053	0.267531	1.54264	-0.0184752	0.289916	1.57257	-0.485612	0.168398	1.74021	-0.0206405	0.240366	1.24433	-0.980208	0.253007	1.40263	-1.45439	0.105696	1.56644	-0.614873	0.111587	1.57331	-0.345638	0.171875	1.77936	-0.0257294	0.280374
215	5.36771	1.36292	-1.49551	0.299681	1.4983	-1.42033	0.29298	1.12349	-0.185298	0.414135	1.27517	-1.11149	0.367613	1.06601	-0.201112	0.356653	1.438	-0.475989	0.465481	1.16208	-0.0324213	0.396073	1.25397	-0.97177	0.353518	1.44765	-1.47345	0.478853	1.47146	-0.60759	0.513409	1.33578	-0.370991	0.467482	1.1868	-0.0190187	0.358539	1.59163	-0.0555563	0.23943	1.27616	-1.12171	0.267109	1.5426	-0.0184835	0.289907	1.57583	-0.485576	0.167336	1.74039	-0.0202524	0.240081	1.25481	-0.981514	0.251901	1.41432	-1.45552	0.104598	1.57136	-0.614996	0.110477	1.57584	-0.345432	0.171081	1.77944	-0.02527	0.280403
216	5.3777	1.37381	-1.49674	0.298515	1.50901	-1.42149	0.292339	1.14145	-0.192226	0.41427	1.28568	-1.11214	0.367002	1.0848	-0.207353	0.355232	1.46	-0.475927	0.465007	1.17868	-0.0385086	0.401926	1.26401	-0.972571	0.352114	1.45761	-1.47458	0.478269	1.4893	-0.607807	0.512588	1.35877	-0.371505	0.467758	1.20356	-0.0228591	0.364584	1.59158	-0.0555068	0.239402	1.28682	-1.12285	0.266463	1.54253	-0.018496	0.289923	1.57833	-0.485675	0.166206	1.74053	-0.0199337	0.239846	1.26495	-0.982802	0.250481	1.42596	-1.45648	0.103597	1.57596	-0.615153	0.109284	1.57781	-0.345306	0.170329	1.77947	-0.0249191	0.280404
217	5.38769	1.38461	-1.49793	0.297397	1.51974	-1.42261	0.291748	1.16088	-0.198419	0.41414	1.29584	-1.11277	0.366186	1.10463	-0.211588	0.353277	1.48211	-0.476741	0.464539	1.19839	-0.0445349	0.408642	1.27384	-0.973395	0.350666	1.46755	-1.47561	0.477737	1.50704	-0.608536	0.511708	1.38175	-0.372692	0.467649	1.22352	-0.0265487	0.371586	1.5915	-0.0554467	0.23941	1.29722	-1.12413	0.265737	1.54242	-0.0185043	0.289901	1.58067	-0.485816	0.164886	1.74062	-0.0196583	0.23962	1.27492	-0.984133	0.248926	1.43755	-1.45736	0.102628	1.58039	-0.615445	0.10794	1.57917	-0.345242	0.169492	1.7795	-0.024653	0.280375
218	5.39768	1.39537	-1.49914	0.296366	1.53047	-1.4237	0.29124	1.18173	-0.203224	0.413791	1.30573	-1.11351	0.36523	1.1256	-0.214152	0.351422	1.50426	-0.478198	0.46392	1.22049	-0.0500675	0.415186	1.28354	-0.974283	0.349119	1.47731	-1.47662	0.477186	1.52482	-0.609788	0.510834	1.40448	-0.374576	0.467184	1.24578	-0.0296771	0.378758	1.59137	-0.0553771	0.23937	1.30728	-1.12538	0.264827	1.54234	-0.0184995	0.289893	1.58304	-0.48589	0.163434	1.74067	-0.0194013	0.239377	1.28481	-0.985532	0.247332	1.44912	-1.4582	0.101715	1.58487	-0.615712	0.106674	1.57993	-0.345147	0.168535	1.7795	-0.0244353	0.280255
219	5.40767	1.40614	-1.50037	0.295404	1.5411	-1.4247	0.290749	1.20369	-0.206576	0.413515	1.31553	-1.11447	0.364213	1.1475	-0.215179	0.349982	1.52633	-0.480056	0.463041	1.24438	-0.0547201	0.420981	1.29319	-0.975283	0.347545	1.487	-1.47761	0.476607	1.5427	-0.611451	0.509841	1.42714	-0.376901	0.466466	1.27001	-0.0322869	0.385318	1.59113	-0.0553465	0.239164	1.3172	-1.12668	0.263835	1.54228	-0.0184631	0.289983	1.58542	-0.485874	0.161931	1.74067	-0.0191765	0.239154	1.29465	-0.986946	0.245791	1.46071	-1.45901	0.100945	1.58936	-0.615941	0.105513	1.58017	-0.345	0.167445	1.77944	-0.0242798	0.280096
220	5.41766	1.41688	-1.50168	0.294431	1.5517	-1.42558	0.29033	1.2267	-0.208561	0.413446	1.32536	-1.11568	0.363281	1.17004	-0.214693	0.34921	1.54834	-0.482173	0.461904	1.27026	-0.0584651	0.425729	1.3028	-0.976494	0.346099	1.4969	-1.4786	0.476131	1.56078	-0.613454	0.508721	1.44993	-0.379345	0.465461	1.29618	-0.0343885	0.390733	1.59088	-0.0552979	0.238969	1.32707	-1.12812	0.262847	1.54221	-0.0183994	0.290058	1.58775	-0.485825	0.160486	1.74061	-0.0190245	0.238979	1.30443	-0.988416	0.244454	1.47232	-1.45984	0.100276	1.59383	-0.616243	0.104339	1.58014	-0.344839	0.166204	1.77934	-0.0242015	0.279948
221	5.42764	1.4276	-1.50296	0.293566	1.56235	-1.42638	0.289986	1.25053	-0.209083	0.413409	1.33521	-1.11701	0.362368	1.19295	-0.212687	0.349153	1.57018	-0.484491	0.460576	1.29831	-0.0613325	0.429255	1.31228	-0.977901	0.344768	1.50689	-1.47964	0.475693	1.57889	-0.615804	0.507532	1.47283	-0.3816	0.464188	1.32431	-0.0359833	0.394644	1.59064	-0.0552077	0.238779	1.33695	-1.12964	0.26192	1.54206	-0.0182575	0.289948	1.58994	-0.485847	0.159066	1.74052	-0.0189405	0.238813	1.31412	-0.98994	0.243297	1.48386	-1.46072	0.0994924	1.59817	-0.616541	0.103141	1.58014	-0.344734	0.164799	1.77923	-0.0241849	0.279792
222	5.43763	1.43823	-1.50415	0.292731	1.57294	-1.42715	0.28959	1.27507	-0.208144	0.413389	1.3451	-1.11851	0.361331	1.21633	-0.209217	0.349685	1.59174	-0.486944	0.459013	1.32809	-0.0631942	0.431418	1.32184	-0.979517	0.343757	1.51692	-1.48067	0.475227	1.59705	-0.618331	0.506302	1.49573	-0.383519	0.462716	1.3544	-0.0371211	0.39702	1.59041	-0.0551303	0.23856	1.3468	-1.13116	0.260993	1.54189	-0.0181574	0.289752	1.59182	-0.48595	0.157542	1.7404	-0.0188761	0.238605	1.32369	-0.991497	0.242326	1.49539	-1.46163	0.0987951	1.60222	-0.616814	0.101929	1.58048	-0.344692	0.163343	1.7791	-0.0242214	0.279604
223	5.44762	1.44881	-1.50527	0.291861	1.58346	-1.42783	0.289027	1.30022	-0.205622	0.413454	1.35508	-1.12023	0.360257	1.24032	-0.204372	0.350628	1.61286	-0.48944	0.457166	1.35946	-0.0639558	0.432403	1.33154	-0.981325	0.343088	1.52705	-1.4817	0.474685	1.61506	-0.620818	0.504947	1.51851	-0.385104	0.461173	1.38618	-0.03773	0.398014	1.59017	-0.0550824	0.238274	1.35661	-1.13264	0.260025	1.54169	-0.0181863	0.289438	1.59359	-0.486063	0.156191	1.74022	-0.0187826	0.238372	1.33322	-0.993029	0.241633	1.50692	-1.46256	0.0982713	1.60599	-0.617099	0.10076	1.58135	-0.344695	0.161912	1.7789	-0.0243244	0.279426
