
Case 1 full MLP training
========================
Analysis: primary
Samples: 1902
DB
DB1    169
DB2    235
DB3    199
DB4    677
DB5    622
Name: count, dtype: int64
Channels: 48
Input size: 4848
Methods: ['wf1_featurewise', 'wf1_timeserieswise', 'wf2_featurewise', 'wf2_timeserieswise', 'wf3_trialwise']
Folds: [1, 2, 3, 4, 5]
Grid combinations: 90
Device: mps

wf1_featurewise: Pool then feature-wise scale
    1/90 h=32 lr=1e-05 bs=8
      val_loss=0.048333, best_epoch=41, runtime=0.7 min
    2/90 h=32 lr=1e-05 bs=16
      val_loss=0.067731, best_epoch=58, runtime=0.5 min
    3/90 h=32 lr=1e-05 bs=32
      val_loss=0.068458, best_epoch=78, runtime=0.3 min
    4/90 h=32 lr=1e-05 bs=64
      val_loss=0.058256, best_epoch=143, runtime=0.3 min
    5/90 h=32 lr=1e-05 bs=128
      val_loss=0.076773, best_epoch=209, runtime=0.2 min
    6/90 h=32 lr=0.0001 bs=8
      val_loss=0.041723, best_epoch=8, runtime=0.4 min
    7/90 h=32 lr=0.0001 bs=16
      val_loss=0.045903, best_epoch=22, runtime=0.3 min
    8/90 h=32 lr=0.0001 bs=32
      val_loss=0.050199, best_epoch=8, runtime=0.1 min
    9/90 h=32 lr=0.0001 bs=64
      val_loss=0.052303, best_epoch=21, runtime=0.1 min
    10/90 h=32 lr=0.0001 bs=128
      val_loss=0.048972, best_epoch=36, runtime=0.1 min
    11/90 h=32 lr=0.001 bs=8
      val_loss=0.045462, best_epoch=5, runtime=0.4 min
    12/90 h=32 lr=0.001 bs=16
      val_loss=0.033194, best_epoch=2, runtime=0.2 min
    13/90 h=32 lr=0.001 bs=32
      val_loss=0.046470, best_epoch=4, runtime=0.1 min
    14/90 h=32 lr=0.001 bs=64
      val_loss=0.063715, best_epoch=6, runtime=0.1 min
    15/90 h=32 lr=0.001 bs=128
      val_loss=0.045960, best_epoch=13, runtime=0.0 min
    16/90 h=64 lr=1e-05 bs=8
      val_loss=0.051113, best_epoch=28, runtime=0.7 min
    17/90 h=64 lr=1e-05 bs=16
      val_loss=0.056932, best_epoch=40, runtime=0.5 min
    18/90 h=64 lr=1e-05 bs=32
      val_loss=0.052586, best_epoch=64, runtime=0.3 min
    19/90 h=64 lr=1e-05 bs=64
      val_loss=0.065328, best_epoch=98, runtime=0.2 min
    20/90 h=64 lr=1e-05 bs=128
      val_loss=0.084239, best_epoch=157, runtime=0.1 min
    21/90 h=64 lr=0.0001 bs=8
      val_loss=0.046746, best_epoch=6, runtime=0.5 min
    22/90 h=64 lr=0.0001 bs=16
      val_loss=0.045195, best_epoch=5, runtime=0.2 min
    23/90 h=64 lr=0.0001 bs=32
      val_loss=0.037404, best_epoch=12, runtime=0.1 min
    24/90 h=64 lr=0.0001 bs=64
      val_loss=0.053885, best_epoch=12, runtime=0.1 min
    25/90 h=64 lr=0.0001 bs=128
      val_loss=0.070073, best_epoch=27, runtime=0.0 min
    26/90 h=64 lr=0.001 bs=8
      val_loss=0.096708, best_epoch=11, runtime=0.5 min
    27/90 h=64 lr=0.001 bs=16
      val_loss=0.030840, best_epoch=2, runtime=0.2 min
    28/90 h=64 lr=0.001 bs=32
      val_loss=0.034756, best_epoch=3, runtime=0.1 min
    29/90 h=64 lr=0.001 bs=64
      val_loss=0.040637, best_epoch=4, runtime=0.1 min
    30/90 h=64 lr=0.001 bs=128
      val_loss=0.038221, best_epoch=8, runtime=0.0 min
    31/90 h=128 lr=1e-05 bs=8
      val_loss=0.048112, best_epoch=20, runtime=0.7 min
    32/90 h=128 lr=1e-05 bs=16
      val_loss=0.063434, best_epoch=29, runtime=0.5 min
    33/90 h=128 lr=1e-05 bs=32
      val_loss=0.057898, best_epoch=66, runtime=0.4 min
    34/90 h=128 lr=1e-05 bs=64
      val_loss=0.064526, best_epoch=76, runtime=0.2 min
    35/90 h=128 lr=1e-05 bs=128
      val_loss=0.053574, best_epoch=131, runtime=0.1 min
    36/90 h=128 lr=0.0001 bs=8
      val_loss=0.046911, best_epoch=4, runtime=0.4 min
    37/90 h=128 lr=0.0001 bs=16
      val_loss=0.049575, best_epoch=5, runtime=0.1 min
    38/90 h=128 lr=0.0001 bs=32
      val_loss=0.066114, best_epoch=7, runtime=0.1 min
    39/90 h=128 lr=0.0001 bs=64
      val_loss=0.070561, best_epoch=10, runtime=0.1 min
    40/90 h=128 lr=0.0001 bs=128
      val_loss=0.049805, best_epoch=14, runtime=0.0 min
    41/90 h=128 lr=0.001 bs=8
      val_loss=0.034151, best_epoch=2, runtime=0.3 min
    42/90 h=128 lr=0.001 bs=16
      val_loss=0.039899, best_epoch=2, runtime=0.1 min
    43/90 h=128 lr=0.001 bs=32
      val_loss=0.049987, best_epoch=4, runtime=0.1 min
    44/90 h=128 lr=0.001 bs=64
      val_loss=0.037722, best_epoch=3, runtime=0.0 min
    45/90 h=128 lr=0.001 bs=128
      val_loss=0.047840, best_epoch=5, runtime=0.0 min
    46/90 h=256 lr=1e-05 bs=8
      val_loss=0.056665, best_epoch=12, runtime=0.4 min
    47/90 h=256 lr=1e-05 bs=16
      val_loss=0.068659, best_epoch=23, runtime=0.3 min
    48/90 h=256 lr=1e-05 bs=32
      val_loss=0.054041, best_epoch=42, runtime=0.2 min
    49/90 h=256 lr=1e-05 bs=64
      val_loss=0.063735, best_epoch=63, runtime=0.1 min
    50/90 h=256 lr=1e-05 bs=128
      val_loss=0.069233, best_epoch=93, runtime=0.1 min
    51/90 h=256 lr=0.0001 bs=8
      val_loss=0.033963, best_epoch=3, runtime=0.3 min
    52/90 h=256 lr=0.0001 bs=16
      val_loss=0.034506, best_epoch=3, runtime=0.2 min
    53/90 h=256 lr=0.0001 bs=32
      val_loss=0.050223, best_epoch=6, runtime=0.1 min
    54/90 h=256 lr=0.0001 bs=64
      val_loss=0.051993, best_epoch=10, runtime=0.1 min
    55/90 h=256 lr=0.0001 bs=128
      val_loss=0.042643, best_epoch=10, runtime=0.0 min
    56/90 h=256 lr=0.001 bs=8
      val_loss=0.057234, best_epoch=2, runtime=0.3 min
    57/90 h=256 lr=0.001 bs=16
      val_loss=0.070134, best_epoch=1, runtime=0.2 min
    58/90 h=256 lr=0.001 bs=32
      val_loss=0.063559, best_epoch=1, runtime=0.1 min
    59/90 h=256 lr=0.001 bs=64
      val_loss=0.051897, best_epoch=4, runtime=0.0 min
    60/90 h=256 lr=0.001 bs=128
      val_loss=0.040826, best_epoch=12, runtime=0.0 min
    61/90 h=512 lr=1e-05 bs=8
      val_loss=0.049413, best_epoch=11, runtime=0.4 min
    62/90 h=512 lr=1e-05 bs=16
      val_loss=0.055154, best_epoch=13, runtime=0.2 min
    63/90 h=512 lr=1e-05 bs=32
      val_loss=0.075801, best_epoch=25, runtime=0.2 min
    64/90 h=512 lr=1e-05 bs=64
      val_loss=0.058830, best_epoch=41, runtime=0.2 min
    65/90 h=512 lr=1e-05 bs=128
      val_loss=0.061321, best_epoch=77, runtime=0.1 min
    66/90 h=512 lr=0.0001 bs=8
      val_loss=0.041348, best_epoch=1, runtime=0.3 min
    67/90 h=512 lr=0.0001 bs=16
      val_loss=0.043236, best_epoch=3, runtime=0.2 min
    68/90 h=512 lr=0.0001 bs=32
      val_loss=0.032899, best_epoch=4, runtime=0.1 min
    69/90 h=512 lr=0.0001 bs=64
      val_loss=0.041774, best_epoch=5, runtime=0.1 min
    70/90 h=512 lr=0.0001 bs=128
      val_loss=0.049390, best_epoch=10, runtime=0.0 min
    71/90 h=512 lr=0.001 bs=8
      val_loss=0.023438, best_epoch=2, runtime=0.3 min
    72/90 h=512 lr=0.001 bs=16
      val_loss=0.039624, best_epoch=2, runtime=0.2 min
    73/90 h=512 lr=0.001 bs=32
      val_loss=0.067305, best_epoch=3, runtime=0.1 min
    74/90 h=512 lr=0.001 bs=64
      val_loss=0.055546, best_epoch=4, runtime=0.1 min
    75/90 h=512 lr=0.001 bs=128
      val_loss=0.069465, best_epoch=5, runtime=0.0 min
    76/90 h=1024 lr=1e-05 bs=8
      val_loss=0.050485, best_epoch=8, runtime=0.6 min
    77/90 h=1024 lr=1e-05 bs=16
      val_loss=0.061169, best_epoch=9, runtime=0.3 min
    78/90 h=1024 lr=1e-05 bs=32
      val_loss=0.053728, best_epoch=24, runtime=0.2 min
    79/90 h=1024 lr=1e-05 bs=64
      val_loss=0.047314, best_epoch=23, runtime=0.1 min
    80/90 h=1024 lr=1e-05 bs=128
      val_loss=0.058300, best_epoch=66, runtime=0.1 min
    81/90 h=1024 lr=0.0001 bs=8
      val_loss=0.043482, best_epoch=2, runtime=0.5 min
    82/90 h=1024 lr=0.0001 bs=16
      val_loss=0.032034, best_epoch=3, runtime=0.3 min
    83/90 h=1024 lr=0.0001 bs=32
      val_loss=0.042580, best_epoch=4, runtime=0.1 min
    84/90 h=1024 lr=0.0001 bs=64
      val_loss=0.034526, best_epoch=5, runtime=0.2 min
    85/90 h=1024 lr=0.0001 bs=128
      val_loss=0.043222, best_epoch=6, runtime=0.0 min
    86/90 h=1024 lr=0.001 bs=8
      val_loss=0.048591, best_epoch=4, runtime=0.5 min
    87/90 h=1024 lr=0.001 bs=16
      val_loss=0.039561, best_epoch=2, runtime=0.3 min
    88/90 h=1024 lr=0.001 bs=32
      val_loss=0.040021, best_epoch=3, runtime=0.1 min
    89/90 h=1024 lr=0.001 bs=64
      val_loss=0.105245, best_epoch=4, runtime=0.2 min
    90/90 h=1024 lr=0.001 bs=128
      val_loss=0.111894, best_epoch=7, runtime=0.1 min
  Fold 1: accuracy=1.0000, balanced_accuracy=1.0000, macro_f1=1.0000
    1/90 h=32 lr=1e-05 bs=8
      val_loss=1.827839, best_epoch=2, runtime=0.3 min
    2/90 h=32 lr=1e-05 bs=16
      val_loss=1.149145, best_epoch=6, runtime=0.2 min
    3/90 h=32 lr=1e-05 bs=32
      val_loss=3.433328, best_epoch=3, runtime=0.1 min
    4/90 h=32 lr=1e-05 bs=64
      val_loss=3.489637, best_epoch=3, runtime=0.0 min
    5/90 h=32 lr=1e-05 bs=128
      val_loss=2.096952, best_epoch=18, runtime=0.0 min
    6/90 h=32 lr=0.0001 bs=8
      val_loss=5.442386, best_epoch=1, runtime=0.3 min
    7/90 h=32 lr=0.0001 bs=16
      val_loss=4.867238, best_epoch=1, runtime=0.2 min
    8/90 h=32 lr=0.0001 bs=32
      val_loss=2.510559, best_epoch=1, runtime=0.1 min
    9/90 h=32 lr=0.0001 bs=64
      val_loss=2.426167, best_epoch=1, runtime=0.0 min
    10/90 h=32 lr=0.0001 bs=128
      val_loss=0.628525, best_epoch=4, runtime=0.0 min
    11/90 h=32 lr=0.001 bs=8
      val_loss=10.537033, best_epoch=1, runtime=0.3 min
    12/90 h=32 lr=0.001 bs=16
      val_loss=2.027532, best_epoch=1, runtime=0.2 min
    13/90 h=32 lr=0.001 bs=32
      val_loss=5.954138, best_epoch=1, runtime=0.1 min
    14/90 h=32 lr=0.001 bs=64
      val_loss=4.613845, best_epoch=1, runtime=0.0 min
    15/90 h=32 lr=0.001 bs=128
      val_loss=4.640110, best_epoch=1, runtime=0.0 min
    16/90 h=64 lr=1e-05 bs=8
      val_loss=2.237713, best_epoch=1, runtime=0.4 min
    17/90 h=64 lr=1e-05 bs=16
      val_loss=0.341918, best_epoch=3, runtime=0.2 min
    18/90 h=64 lr=1e-05 bs=32
      val_loss=0.758808, best_epoch=3, runtime=0.1 min
    19/90 h=64 lr=1e-05 bs=64
      val_loss=1.801431, best_epoch=9, runtime=0.1 min
    20/90 h=64 lr=1e-05 bs=128
      val_loss=1.999757, best_epoch=9, runtime=0.0 min
    21/90 h=64 lr=0.0001 bs=8
      val_loss=2.424118, best_epoch=1, runtime=0.4 min
    22/90 h=64 lr=0.0001 bs=16
      val_loss=1.873005, best_epoch=1, runtime=0.2 min
    23/90 h=64 lr=0.0001 bs=32
      val_loss=2.237984, best_epoch=1, runtime=0.1 min
    24/90 h=64 lr=0.0001 bs=64
      val_loss=3.097595, best_epoch=1, runtime=0.1 min
    25/90 h=64 lr=0.0001 bs=128
      val_loss=1.316622, best_epoch=1, runtime=0.0 min
    26/90 h=64 lr=0.001 bs=8
      val_loss=11.940391, best_epoch=1, runtime=0.4 min
    27/90 h=64 lr=0.001 bs=16
      val_loss=11.630169, best_epoch=1, runtime=0.2 min
    28/90 h=64 lr=0.001 bs=32
      val_loss=8.697969, best_epoch=1, runtime=0.1 min
    29/90 h=64 lr=0.001 bs=64
      val_loss=4.260567, best_epoch=1, runtime=0.1 min
    30/90 h=64 lr=0.001 bs=128
      val_loss=5.103029, best_epoch=1, runtime=0.0 min
    31/90 h=128 lr=1e-05 bs=8
      val_loss=0.065200, best_epoch=3, runtime=0.4 min
    32/90 h=128 lr=1e-05 bs=16
      val_loss=1.630319, best_epoch=1, runtime=0.3 min
    33/90 h=128 lr=1e-05 bs=32
      val_loss=1.770548, best_epoch=4, runtime=0.1 min
    34/90 h=128 lr=1e-05 bs=64
      val_loss=2.672157, best_epoch=2, runtime=0.1 min
    35/90 h=128 lr=1e-05 bs=128
      val_loss=3.655409, best_epoch=2, runtime=0.0 min
    36/90 h=128 lr=0.0001 bs=8
      val_loss=4.689506, best_epoch=1, runtime=0.4 min
    37/90 h=128 lr=0.0001 bs=16
      val_loss=4.623492, best_epoch=1, runtime=0.3 min
    38/90 h=128 lr=0.0001 bs=32
      val_loss=3.954473, best_epoch=1, runtime=0.1 min
    39/90 h=128 lr=0.0001 bs=64
      val_loss=3.303466, best_epoch=1, runtime=0.1 min
    40/90 h=128 lr=0.0001 bs=128
      val_loss=1.981011, best_epoch=1, runtime=0.0 min
    41/90 h=128 lr=0.001 bs=8
      val_loss=21.690994, best_epoch=1, runtime=0.4 min
    42/90 h=128 lr=0.001 bs=16
      val_loss=11.887053, best_epoch=1, runtime=0.3 min
    43/90 h=128 lr=0.001 bs=32
      val_loss=13.754024, best_epoch=1, runtime=0.1 min
    44/90 h=128 lr=0.001 bs=64
      val_loss=14.968853, best_epoch=1, runtime=0.1 min
    45/90 h=128 lr=0.001 bs=128
      val_loss=7.471875, best_epoch=1, runtime=0.0 min
    46/90 h=256 lr=1e-05 bs=8
      val_loss=3.704321, best_epoch=1, runtime=0.3 min
    47/90 h=256 lr=1e-05 bs=16
      val_loss=2.600289, best_epoch=3, runtime=0.3 min
    48/90 h=256 lr=1e-05 bs=32
      val_loss=0.829288, best_epoch=1, runtime=0.1 min
    49/90 h=256 lr=1e-05 bs=64
      val_loss=0.719833, best_epoch=2, runtime=0.1 min
    50/90 h=256 lr=1e-05 bs=128
      val_loss=2.254862, best_epoch=7, runtime=0.0 min
    51/90 h=256 lr=0.0001 bs=8
      val_loss=4.586698, best_epoch=1, runtime=0.3 min
    52/90 h=256 lr=0.0001 bs=16
      val_loss=3.066395, best_epoch=1, runtime=0.2 min
    53/90 h=256 lr=0.0001 bs=32
      val_loss=3.000360, best_epoch=1, runtime=0.2 min
    54/90 h=256 lr=0.0001 bs=64
      val_loss=2.297675, best_epoch=1, runtime=0.1 min
    55/90 h=256 lr=0.0001 bs=128
      val_loss=1.265368, best_epoch=1, runtime=0.0 min
    56/90 h=256 lr=0.001 bs=8
      val_loss=15.162269, best_epoch=1, runtime=0.3 min
    57/90 h=256 lr=0.001 bs=16
      val_loss=19.458171, best_epoch=1, runtime=0.2 min
    58/90 h=256 lr=0.001 bs=32
      val_loss=15.926496, best_epoch=1, runtime=0.1 min
    59/90 h=256 lr=0.001 bs=64
      val_loss=11.774842, best_epoch=1, runtime=0.1 min
    60/90 h=256 lr=0.001 bs=128
      val_loss=6.957263, best_epoch=1, runtime=0.0 min
    61/90 h=512 lr=1e-05 bs=8
      val_loss=2.273172, best_epoch=1, runtime=0.3 min
    62/90 h=512 lr=1e-05 bs=16
      val_loss=1.269013, best_epoch=1, runtime=0.1 min
    63/90 h=512 lr=1e-05 bs=32
      val_loss=2.408489, best_epoch=1, runtime=0.2 min
    64/90 h=512 lr=1e-05 bs=64
      val_loss=1.547045, best_epoch=3, runtime=0.1 min
    65/90 h=512 lr=1e-05 bs=128
      val_loss=1.272608, best_epoch=4, runtime=0.0 min
    66/90 h=512 lr=0.0001 bs=8
      val_loss=4.457881, best_epoch=1, runtime=0.3 min
    67/90 h=512 lr=0.0001 bs=16
      val_loss=3.449931, best_epoch=1, runtime=0.1 min
    68/90 h=512 lr=0.0001 bs=32
      val_loss=3.421700, best_epoch=1, runtime=0.2 min
    69/90 h=512 lr=0.0001 bs=64
      val_loss=2.425124, best_epoch=1, runtime=0.1 min
    70/90 h=512 lr=0.0001 bs=128
      val_loss=5.080764, best_epoch=1, runtime=0.0 min
    71/90 h=512 lr=0.001 bs=8
      val_loss=25.784640, best_epoch=1, runtime=0.3 min
    72/90 h=512 lr=0.001 bs=16
      val_loss=25.566708, best_epoch=1, runtime=0.1 min
    73/90 h=512 lr=0.001 bs=32
      val_loss=22.536806, best_epoch=1, runtime=0.2 min
    74/90 h=512 lr=0.001 bs=64
      val_loss=15.838615, best_epoch=1, runtime=0.1 min
    75/90 h=512 lr=0.001 bs=128
      val_loss=18.520785, best_epoch=1, runtime=0.0 min
    76/90 h=1024 lr=1e-05 bs=8
      val_loss=2.177818, best_epoch=1, runtime=0.5 min
    77/90 h=1024 lr=1e-05 bs=16
      val_loss=2.339188, best_epoch=1, runtime=0.2 min
    78/90 h=1024 lr=1e-05 bs=32
      val_loss=1.235951, best_epoch=1, runtime=0.2 min
    79/90 h=1024 lr=1e-05 bs=64
      val_loss=0.924327, best_epoch=1, runtime=0.1 min
    80/90 h=1024 lr=1e-05 bs=128
      val_loss=0.566507, best_epoch=3, runtime=0.0 min
    81/90 h=1024 lr=0.0001 bs=8
      val_loss=5.700270, best_epoch=1, runtime=0.4 min
    82/90 h=1024 lr=0.0001 bs=16
      val_loss=6.273670, best_epoch=1, runtime=0.2 min
    83/90 h=1024 lr=0.0001 bs=32
      val_loss=5.288006, best_epoch=1, runtime=0.1 min
    84/90 h=1024 lr=0.0001 bs=64
      val_loss=5.486213, best_epoch=1, runtime=0.1 min
    85/90 h=1024 lr=0.0001 bs=128
      val_loss=4.711795, best_epoch=1, runtime=0.0 min
    86/90 h=1024 lr=0.001 bs=8
      val_loss=42.175573, best_epoch=1, runtime=0.4 min
    87/90 h=1024 lr=0.001 bs=16
      val_loss=26.298602, best_epoch=1, runtime=0.2 min
    88/90 h=1024 lr=0.001 bs=32
      val_loss=37.313243, best_epoch=1, runtime=0.2 min
    89/90 h=1024 lr=0.001 bs=64
      val_loss=31.426230, best_epoch=1, runtime=0.1 min
    90/90 h=1024 lr=0.001 bs=128
      val_loss=20.142544, best_epoch=1, runtime=0.0 min
  Fold 2: accuracy=0.9651, balanced_accuracy=0.9675, macro_f1=0.9571
    1/90 h=32 lr=1e-05 bs=8
      val_loss=0.004583, best_epoch=53, runtime=1.0 min
    2/90 h=32 lr=1e-05 bs=16
      val_loss=0.008054, best_epoch=61, runtime=0.6 min
    3/90 h=32 lr=1e-05 bs=32
      val_loss=0.010792, best_epoch=90, runtime=0.4 min
    4/90 h=32 lr=1e-05 bs=64
      val_loss=0.011738, best_epoch=140, runtime=0.3 min
    5/90 h=32 lr=1e-05 bs=128
      val_loss=0.019337, best_epoch=197, runtime=0.2 min
    6/90 h=32 lr=0.0001 bs=8
      val_loss=0.002748, best_epoch=15, runtime=0.5 min
    7/90 h=32 lr=0.0001 bs=16
      val_loss=0.002454, best_epoch=26, runtime=0.3 min
    8/90 h=32 lr=0.0001 bs=32
      val_loss=0.002877, best_epoch=23, runtime=0.2 min
    9/90 h=32 lr=0.0001 bs=64
      val_loss=0.006108, best_epoch=35, runtime=0.1 min
    10/90 h=32 lr=0.0001 bs=128
      val_loss=0.007221, best_epoch=54, runtime=0.1 min
    11/90 h=32 lr=0.001 bs=8
      val_loss=0.001705, best_epoch=6, runtime=0.4 min
    12/90 h=32 lr=0.001 bs=16
      val_loss=0.001611, best_epoch=4, runtime=0.2 min
    13/90 h=32 lr=0.001 bs=32
      val_loss=0.003598, best_epoch=5, runtime=0.1 min
    14/90 h=32 lr=0.001 bs=64
      val_loss=0.003078, best_epoch=4, runtime=0.1 min
    15/90 h=32 lr=0.001 bs=128
      val_loss=0.004930, best_epoch=18, runtime=0.0 min
    16/90 h=64 lr=1e-05 bs=8
      val_loss=0.003690, best_epoch=38, runtime=0.9 min
    17/90 h=64 lr=1e-05 bs=16
      val_loss=0.004223, best_epoch=62, runtime=0.6 min
    18/90 h=64 lr=1e-05 bs=32
      val_loss=0.008533, best_epoch=67, runtime=0.2 min
    19/90 h=64 lr=1e-05 bs=64
      val_loss=0.009043, best_epoch=121, runtime=0.2 min
    20/90 h=64 lr=1e-05 bs=128
      val_loss=0.013101, best_epoch=147, runtime=0.1 min
    21/90 h=64 lr=0.0001 bs=8
      val_loss=0.002769, best_epoch=8, runtime=0.2 min
    22/90 h=64 lr=0.0001 bs=16
      val_loss=0.003475, best_epoch=10, runtime=0.1 min
    23/90 h=64 lr=0.0001 bs=32
      val_loss=0.005880, best_epoch=13, runtime=0.1 min
    24/90 h=64 lr=0.0001 bs=64
      val_loss=0.002520, best_epoch=38, runtime=0.1 min
    25/90 h=64 lr=0.0001 bs=128
      val_loss=0.008536, best_epoch=32, runtime=0.0 min
    26/90 h=64 lr=0.001 bs=8
      val_loss=0.001010, best_epoch=2, runtime=0.2 min
    27/90 h=64 lr=0.001 bs=16
      val_loss=0.001570, best_epoch=5, runtime=0.1 min
    28/90 h=64 lr=0.001 bs=32
      val_loss=0.005583, best_epoch=3, runtime=0.1 min
    29/90 h=64 lr=0.001 bs=64
      val_loss=0.001391, best_epoch=18, runtime=0.0 min
    30/90 h=64 lr=0.001 bs=128
      val_loss=0.005166, best_epoch=9, runtime=0.0 min
    31/90 h=128 lr=1e-05 bs=8
      val_loss=0.001787, best_epoch=47, runtime=0.6 min
    32/90 h=128 lr=1e-05 bs=16
      val_loss=0.004875, best_epoch=41, runtime=0.3 min
    33/90 h=128 lr=1e-05 bs=32
      val_loss=0.007882, best_epoch=52, runtime=0.2 min
    34/90 h=128 lr=1e-05 bs=64
      val_loss=0.008782, best_epoch=82, runtime=0.1 min
    35/90 h=128 lr=1e-05 bs=128
      val_loss=0.013328, best_epoch=115, runtime=0.1 min
    36/90 h=128 lr=0.0001 bs=8
      val_loss=0.000810, best_epoch=19, runtime=0.4 min
    37/90 h=128 lr=0.0001 bs=16
      val_loss=0.004430, best_epoch=7, runtime=0.2 min
    38/90 h=128 lr=0.0001 bs=32
      val_loss=0.002486, best_epoch=17, runtime=0.1 min
    39/90 h=128 lr=0.0001 bs=64
      val_loss=0.004687, best_epoch=18, runtime=0.1 min
    40/90 h=128 lr=0.0001 bs=128
      val_loss=0.005557, best_epoch=23, runtime=0.0 min
    41/90 h=128 lr=0.001 bs=8
      val_loss=0.000911, best_epoch=3, runtime=0.3 min
    42/90 h=128 lr=0.001 bs=16
      val_loss=0.005031, best_epoch=2, runtime=0.1 min
    43/90 h=128 lr=0.001 bs=32
      val_loss=0.003495, best_epoch=2, runtime=0.1 min
    44/90 h=128 lr=0.001 bs=64
      val_loss=0.004422, best_epoch=4, runtime=0.0 min
    45/90 h=128 lr=0.001 bs=128
      val_loss=0.004426, best_epoch=7, runtime=0.0 min
    46/90 h=256 lr=1e-05 bs=8
      val_loss=0.002815, best_epoch=29, runtime=0.6 min
    47/90 h=256 lr=1e-05 bs=16
      val_loss=0.001937, best_epoch=57, runtime=0.5 min
    48/90 h=256 lr=1e-05 bs=32
      val_loss=0.007990, best_epoch=38, runtime=0.2 min
    49/90 h=256 lr=1e-05 bs=64
      val_loss=0.009003, best_epoch=67, runtime=0.2 min
    50/90 h=256 lr=1e-05 bs=128
      val_loss=0.013984, best_epoch=84, runtime=0.1 min
    51/90 h=256 lr=0.0001 bs=8
      val_loss=0.002611, best_epoch=5, runtime=0.4 min
    52/90 h=256 lr=0.0001 bs=16
      val_loss=0.004768, best_epoch=4, runtime=0.2 min
    53/90 h=256 lr=0.0001 bs=32
      val_loss=0.001105, best_epoch=22, runtime=0.2 min
    54/90 h=256 lr=0.0001 bs=64
      val_loss=0.005235, best_epoch=10, runtime=0.1 min
    55/90 h=256 lr=0.0001 bs=128
      val_loss=0.004969, best_epoch=20, runtime=0.0 min
    56/90 h=256 lr=0.001 bs=8
      val_loss=0.001729, best_epoch=7, runtime=0.4 min
    57/90 h=256 lr=0.001 bs=16
      val_loss=0.000322, best_epoch=10, runtime=0.2 min
    58/90 h=256 lr=0.001 bs=32
      val_loss=0.002952, best_epoch=3, runtime=0.1 min
    59/90 h=256 lr=0.001 bs=64
      val_loss=0.004909, best_epoch=2, runtime=0.0 min
    60/90 h=256 lr=0.001 bs=128
      val_loss=0.003676, best_epoch=4, runtime=0.0 min
    61/90 h=512 lr=1e-05 bs=8
      val_loss=0.005448, best_epoch=14, runtime=0.4 min
    62/90 h=512 lr=1e-05 bs=16
      val_loss=0.005545, best_epoch=22, runtime=0.2 min
    63/90 h=512 lr=1e-05 bs=32
      val_loss=0.005314, best_epoch=38, runtime=0.3 min
    64/90 h=512 lr=1e-05 bs=64
      val_loss=0.007964, best_epoch=56, runtime=0.3 min
    65/90 h=512 lr=1e-05 bs=128
      val_loss=0.009810, best_epoch=78, runtime=0.1 min
    66/90 h=512 lr=0.0001 bs=8
      val_loss=0.001362, best_epoch=5, runtime=0.3 min
    67/90 h=512 lr=0.0001 bs=16
      val_loss=0.002428, best_epoch=4, runtime=0.2 min
    68/90 h=512 lr=0.0001 bs=32
      val_loss=0.002568, best_epoch=8, runtime=0.2 min
    69/90 h=512 lr=0.0001 bs=64
      val_loss=0.001039, best_epoch=31, runtime=0.2 min
    70/90 h=512 lr=0.0001 bs=128
      val_loss=0.003886, best_epoch=16, runtime=0.0 min
    71/90 h=512 lr=0.001 bs=8
      val_loss=0.000424, best_epoch=2, runtime=0.3 min
    72/90 h=512 lr=0.001 bs=16
      val_loss=0.002928, best_epoch=2, runtime=0.2 min
    73/90 h=512 lr=0.001 bs=32
      val_loss=0.003329, best_epoch=2, runtime=0.2 min
    74/90 h=512 lr=0.001 bs=64
      val_loss=0.002103, best_epoch=3, runtime=0.1 min
    75/90 h=512 lr=0.001 bs=128
      val_loss=0.001075, best_epoch=6, runtime=0.0 min
    76/90 h=1024 lr=1e-05 bs=8
      val_loss=0.004972, best_epoch=11, runtime=0.6 min
    77/90 h=1024 lr=1e-05 bs=16
      val_loss=0.001372, best_epoch=44, runtime=0.5 min
    78/90 h=1024 lr=1e-05 bs=32
      val_loss=0.004596, best_epoch=29, runtime=0.2 min
    79/90 h=1024 lr=1e-05 bs=64
      val_loss=0.004509, best_epoch=58, runtime=0.2 min
    80/90 h=1024 lr=1e-05 bs=128
      val_loss=0.008435, best_epoch=58, runtime=0.1 min
    81/90 h=1024 lr=0.0001 bs=8
      val_loss=0.002856, best_epoch=2, runtime=0.5 min
    82/90 h=1024 lr=0.0001 bs=16
      val_loss=0.005122, best_epoch=2, runtime=0.2 min
    83/90 h=1024 lr=0.0001 bs=32
      val_loss=0.004344, best_epoch=2, runtime=0.2 min
    84/90 h=1024 lr=0.0001 bs=64
      val_loss=0.005220, best_epoch=5, runtime=0.2 min
    85/90 h=1024 lr=0.0001 bs=128
      val_loss=0.005303, best_epoch=7, runtime=0.0 min
    86/90 h=1024 lr=0.001 bs=8
      val_loss=0.003795, best_epoch=1, runtime=0.4 min
    87/90 h=1024 lr=0.001 bs=16
      val_loss=0.004403, best_epoch=1, runtime=0.2 min
    88/90 h=1024 lr=0.001 bs=32
      val_loss=0.000728, best_epoch=4, runtime=0.3 min
    89/90 h=1024 lr=0.001 bs=64
      val_loss=0.000831, best_epoch=2, runtime=0.1 min
    90/90 h=1024 lr=0.001 bs=128
      val_loss=0.003763, best_epoch=3, runtime=0.1 min
  Fold 3: accuracy=0.9482, balanced_accuracy=0.9685, macro_f1=0.9696
    1/90 h=32 lr=1e-05 bs=8
      val_loss=0.475346, best_epoch=2, runtime=0.4 min
    2/90 h=32 lr=1e-05 bs=16
      val_loss=2.265449, best_epoch=2, runtime=0.2 min
    3/90 h=32 lr=1e-05 bs=32
      val_loss=2.500142, best_epoch=10, runtime=0.1 min
    4/90 h=32 lr=1e-05 bs=64
      val_loss=1.571092, best_epoch=7, runtime=0.1 min
    5/90 h=32 lr=1e-05 bs=128
      val_loss=2.391512, best_epoch=11, runtime=0.0 min
    6/90 h=32 lr=0.0001 bs=8
      val_loss=1.938329, best_epoch=1, runtime=0.4 min
    7/90 h=32 lr=0.0001 bs=16
      val_loss=2.456539, best_epoch=1, runtime=0.2 min
    8/90 h=32 lr=0.0001 bs=32
      val_loss=3.344018, best_epoch=1, runtime=0.1 min
    9/90 h=32 lr=0.0001 bs=64
      val_loss=2.245677, best_epoch=2, runtime=0.1 min
    10/90 h=32 lr=0.0001 bs=128
      val_loss=0.562408, best_epoch=2, runtime=0.0 min
    11/90 h=32 lr=0.001 bs=8
      val_loss=3.242974, best_epoch=1, runtime=0.4 min
    12/90 h=32 lr=0.001 bs=16
      val_loss=3.468369, best_epoch=1, runtime=0.2 min
    13/90 h=32 lr=0.001 bs=32
      val_loss=4.736243, best_epoch=1, runtime=0.1 min
    14/90 h=32 lr=0.001 bs=64
      val_loss=3.824042, best_epoch=1, runtime=0.0 min
    15/90 h=32 lr=0.001 bs=128
      val_loss=4.660721, best_epoch=1, runtime=0.0 min
    16/90 h=64 lr=1e-05 bs=8
      val_loss=0.928383, best_epoch=1, runtime=0.4 min
    17/90 h=64 lr=1e-05 bs=16
      val_loss=1.099441, best_epoch=1, runtime=0.2 min
    18/90 h=64 lr=1e-05 bs=32
      val_loss=2.453624, best_epoch=1, runtime=0.1 min
    19/90 h=64 lr=1e-05 bs=64
      val_loss=2.895788, best_epoch=5, runtime=0.1 min
    20/90 h=64 lr=1e-05 bs=128
      val_loss=1.584110, best_epoch=11, runtime=0.0 min
    21/90 h=64 lr=0.0001 bs=8
      val_loss=2.523561, best_epoch=1, runtime=0.4 min
    22/90 h=64 lr=0.0001 bs=16
      val_loss=1.177287, best_epoch=1, runtime=0.2 min
    23/90 h=64 lr=0.0001 bs=32
      val_loss=1.565789, best_epoch=1, runtime=0.1 min
    24/90 h=64 lr=0.0001 bs=64
      val_loss=0.942686, best_epoch=1, runtime=0.1 min
    25/90 h=64 lr=0.0001 bs=128
      val_loss=2.449916, best_epoch=2, runtime=0.0 min
    26/90 h=64 lr=0.001 bs=8
      val_loss=8.556305, best_epoch=1, runtime=0.4 min
    27/90 h=64 lr=0.001 bs=16
      val_loss=4.156142, best_epoch=1, runtime=0.2 min
    28/90 h=64 lr=0.001 bs=32
      val_loss=3.040008, best_epoch=1, runtime=0.1 min
    29/90 h=64 lr=0.001 bs=64
      val_loss=3.309400, best_epoch=1, runtime=0.1 min
    30/90 h=64 lr=0.001 bs=128
      val_loss=0.199430, best_epoch=1, runtime=0.0 min
    31/90 h=128 lr=1e-05 bs=8
      val_loss=1.327960, best_epoch=1, runtime=0.4 min
    32/90 h=128 lr=1e-05 bs=16
      val_loss=1.341295, best_epoch=2, runtime=0.3 min
    33/90 h=128 lr=1e-05 bs=32
      val_loss=1.816255, best_epoch=1, runtime=0.1 min
    34/90 h=128 lr=1e-05 bs=64
      val_loss=1.352839, best_epoch=4, runtime=0.1 min
    35/90 h=128 lr=1e-05 bs=128
      val_loss=2.066817, best_epoch=6, runtime=0.0 min
    36/90 h=128 lr=0.0001 bs=8
      val_loss=1.984697, best_epoch=1, runtime=0.4 min
    37/90 h=128 lr=0.0001 bs=16
      val_loss=1.821303, best_epoch=1, runtime=0.3 min
    38/90 h=128 lr=0.0001 bs=32
      val_loss=4.068060, best_epoch=1, runtime=0.1 min
    39/90 h=128 lr=0.0001 bs=64
      val_loss=1.815571, best_epoch=1, runtime=0.1 min
    40/90 h=128 lr=0.0001 bs=128
      val_loss=1.445536, best_epoch=1, runtime=0.0 min
    41/90 h=128 lr=0.001 bs=8
      val_loss=11.203978, best_epoch=7, runtime=0.5 min
    42/90 h=128 lr=0.001 bs=16
      val_loss=13.216191, best_epoch=1, runtime=0.2 min
    43/90 h=128 lr=0.001 bs=32
      val_loss=8.349452, best_epoch=1, runtime=0.1 min
    44/90 h=128 lr=0.001 bs=64
      val_loss=8.320637, best_epoch=1, runtime=0.1 min
    45/90 h=128 lr=0.001 bs=128
      val_loss=6.735404, best_epoch=1, runtime=0.0 min
    46/90 h=256 lr=1e-05 bs=8
      val_loss=2.055105, best_epoch=1, runtime=0.3 min
    47/90 h=256 lr=1e-05 bs=16
      val_loss=3.268808, best_epoch=2, runtime=0.3 min
    48/90 h=256 lr=1e-05 bs=32
      val_loss=2.250230, best_epoch=1, runtime=0.1 min
    49/90 h=256 lr=1e-05 bs=64
      val_loss=1.668822, best_epoch=4, runtime=0.1 min
    50/90 h=256 lr=1e-05 bs=128
      val_loss=1.712923, best_epoch=4, runtime=0.0 min
    51/90 h=256 lr=0.0001 bs=8
      val_loss=3.872774, best_epoch=1, runtime=0.3 min
    52/90 h=256 lr=0.0001 bs=16
      val_loss=3.425083, best_epoch=1, runtime=0.3 min
    53/90 h=256 lr=0.0001 bs=32
      val_loss=3.750239, best_epoch=1, runtime=0.1 min
    54/90 h=256 lr=0.0001 bs=64
      val_loss=4.655479, best_epoch=1, runtime=0.1 min
    55/90 h=256 lr=0.0001 bs=128
      val_loss=2.435900, best_epoch=1, runtime=0.0 min
    56/90 h=256 lr=0.001 bs=8
      val_loss=20.642355, best_epoch=1, runtime=0.3 min
    57/90 h=256 lr=0.001 bs=16
      val_loss=18.259307, best_epoch=1, runtime=0.3 min
    58/90 h=256 lr=0.001 bs=32
      val_loss=12.876822, best_epoch=1, runtime=0.1 min
    59/90 h=256 lr=0.001 bs=64
      val_loss=9.257096, best_epoch=1, runtime=0.1 min
    60/90 h=256 lr=0.001 bs=128
      val_loss=8.206767, best_epoch=1, runtime=0.0 min
    61/90 h=512 lr=1e-05 bs=8
      val_loss=1.260841, best_epoch=1, runtime=0.3 min
    62/90 h=512 lr=1e-05 bs=16
      val_loss=2.952751, best_epoch=1, runtime=0.1 min
    63/90 h=512 lr=1e-05 bs=32
      val_loss=1.635592, best_epoch=1, runtime=0.2 min
    64/90 h=512 lr=1e-05 bs=64
      val_loss=1.931706, best_epoch=1, runtime=0.1 min
    65/90 h=512 lr=1e-05 bs=128
      val_loss=1.345716, best_epoch=5, runtime=0.0 min
    66/90 h=512 lr=0.0001 bs=8
      val_loss=5.232458, best_epoch=1, runtime=0.3 min
    67/90 h=512 lr=0.0001 bs=16
      val_loss=2.266346, best_epoch=1, runtime=0.2 min
    68/90 h=512 lr=0.0001 bs=32
      val_loss=4.582655, best_epoch=1, runtime=0.2 min
    69/90 h=512 lr=0.0001 bs=64
      val_loss=3.381272, best_epoch=1, runtime=0.1 min
    70/90 h=512 lr=0.0001 bs=128
      val_loss=1.087836, best_epoch=1, runtime=0.0 min
    71/90 h=512 lr=0.001 bs=8
      val_loss=27.137697, best_epoch=1, runtime=0.3 min
    72/90 h=512 lr=0.001 bs=16
      val_loss=15.398754, best_epoch=1, runtime=0.1 min
    73/90 h=512 lr=0.001 bs=32
      val_loss=23.342299, best_epoch=1, runtime=0.2 min
    74/90 h=512 lr=0.001 bs=64
      val_loss=21.752513, best_epoch=1, runtime=0.1 min
    75/90 h=512 lr=0.001 bs=128
      val_loss=12.639113, best_epoch=1, runtime=0.0 min
    76/90 h=1024 lr=1e-05 bs=8
      val_loss=0.300419, best_epoch=1, runtime=0.4 min
    77/90 h=1024 lr=1e-05 bs=16
      val_loss=0.577575, best_epoch=1, runtime=0.3 min
    78/90 h=1024 lr=1e-05 bs=32
      val_loss=3.086426, best_epoch=1, runtime=0.3 min
    79/90 h=1024 lr=1e-05 bs=64
      val_loss=3.005451, best_epoch=1, runtime=0.1 min
    80/90 h=1024 lr=1e-05 bs=128
      val_loss=1.338059, best_epoch=4, runtime=0.0 min
    81/90 h=1024 lr=0.0001 bs=8
      val_loss=6.318686, best_epoch=1, runtime=0.4 min
    82/90 h=1024 lr=0.0001 bs=16
      val_loss=4.244601, best_epoch=1, runtime=0.2 min
    83/90 h=1024 lr=0.0001 bs=32
      val_loss=3.233656, best_epoch=1, runtime=0.1 min
    84/90 h=1024 lr=0.0001 bs=64
      val_loss=3.287316, best_epoch=1, runtime=0.1 min
    85/90 h=1024 lr=0.0001 bs=128
      val_loss=2.617837, best_epoch=1, runtime=0.0 min
    86/90 h=1024 lr=0.001 bs=8
      val_loss=21.057705, best_epoch=1, runtime=0.4 min
    87/90 h=1024 lr=0.001 bs=16
      val_loss=27.777065, best_epoch=1, runtime=0.2 min
    88/90 h=1024 lr=0.001 bs=32
      val_loss=35.055898, best_epoch=1, runtime=0.3 min
    89/90 h=1024 lr=0.001 bs=64
      val_loss=22.041301, best_epoch=1, runtime=0.1 min
    90/90 h=1024 lr=0.001 bs=128
      val_loss=16.565900, best_epoch=1, runtime=0.0 min
  Fold 4: accuracy=0.8883, balanced_accuracy=0.8159, macro_f1=0.7761
    1/90 h=32 lr=1e-05 bs=8
      val_loss=0.007679, best_epoch=38, runtime=0.8 min
    2/90 h=32 lr=1e-05 bs=16
      val_loss=0.005472, best_epoch=85, runtime=0.4 min
    3/90 h=32 lr=1e-05 bs=32
      val_loss=0.012127, best_epoch=96, runtime=0.2 min
    4/90 h=32 lr=1e-05 bs=64
      val_loss=0.013530, best_epoch=157, runtime=0.2 min
    5/90 h=32 lr=1e-05 bs=128
      val_loss=0.023873, best_epoch=194, runtime=0.1 min
    6/90 h=32 lr=0.0001 bs=8
      val_loss=0.004858, best_epoch=10, runtime=0.2 min
    7/90 h=32 lr=0.0001 bs=16
      val_loss=0.007290, best_epoch=10, runtime=0.1 min
    8/90 h=32 lr=0.0001 bs=32
      val_loss=0.004898, best_epoch=38, runtime=0.1 min
    9/90 h=32 lr=0.0001 bs=64
      val_loss=0.005716, best_epoch=54, runtime=0.1 min
    10/90 h=32 lr=0.0001 bs=128
      val_loss=0.007405, best_epoch=75, runtime=0.1 min
    11/90 h=32 lr=0.001 bs=8
      val_loss=0.000711, best_epoch=7, runtime=0.2 min
    12/90 h=32 lr=0.001 bs=16
      val_loss=0.001909, best_epoch=3, runtime=0.1 min
    13/90 h=32 lr=0.001 bs=32
      val_loss=0.002367, best_epoch=24, runtime=0.1 min
    14/90 h=32 lr=0.001 bs=64
      val_loss=0.004085, best_epoch=14, runtime=0.0 min
    15/90 h=32 lr=0.001 bs=128
      val_loss=0.007729, best_epoch=8, runtime=0.0 min
    16/90 h=64 lr=1e-05 bs=8
      val_loss=0.007944, best_epoch=33, runtime=0.4 min
    17/90 h=64 lr=1e-05 bs=16
      val_loss=0.008792, best_epoch=48, runtime=0.3 min
    18/90 h=64 lr=1e-05 bs=32
      val_loss=0.012440, best_epoch=68, runtime=0.2 min
    19/90 h=64 lr=1e-05 bs=64
      val_loss=0.012626, best_epoch=127, runtime=0.2 min
    20/90 h=64 lr=1e-05 bs=128
      val_loss=0.018232, best_epoch=168, runtime=0.1 min
    21/90 h=64 lr=0.0001 bs=8
      val_loss=0.003223, best_epoch=12, runtime=0.3 min
    22/90 h=64 lr=0.0001 bs=16
      val_loss=0.004064, best_epoch=11, runtime=0.1 min
    23/90 h=64 lr=0.0001 bs=32
      val_loss=0.003639, best_epoch=34, runtime=0.1 min
    24/90 h=64 lr=0.0001 bs=64
      val_loss=0.009357, best_epoch=17, runtime=0.0 min
    25/90 h=64 lr=0.0001 bs=128
      val_loss=0.009560, best_epoch=28, runtime=0.0 min
    26/90 h=64 lr=0.001 bs=8
      val_loss=0.000772, best_epoch=3, runtime=0.2 min
    27/90 h=64 lr=0.001 bs=16
      val_loss=0.001326, best_epoch=4, runtime=0.1 min
    28/90 h=64 lr=0.001 bs=32
      val_loss=0.004065, best_epoch=3, runtime=0.1 min
    29/90 h=64 lr=0.001 bs=64
      val_loss=0.006353, best_epoch=4, runtime=0.0 min
    30/90 h=64 lr=0.001 bs=128
      val_loss=0.003311, best_epoch=5, runtime=0.0 min
    31/90 h=128 lr=1e-05 bs=8
      val_loss=0.002656, best_epoch=44, runtime=0.6 min
    32/90 h=128 lr=1e-05 bs=16
      val_loss=0.009177, best_epoch=35, runtime=0.3 min
    33/90 h=128 lr=1e-05 bs=32
      val_loss=0.005350, best_epoch=76, runtime=0.3 min
    34/90 h=128 lr=1e-05 bs=64
      val_loss=0.013241, best_epoch=87, runtime=0.2 min
    35/90 h=128 lr=1e-05 bs=128
      val_loss=0.015289, best_epoch=115, runtime=0.1 min
    36/90 h=128 lr=0.0001 bs=8
      val_loss=0.002079, best_epoch=15, runtime=0.4 min
    37/90 h=128 lr=0.0001 bs=16
      val_loss=0.004036, best_epoch=8, runtime=0.2 min
    38/90 h=128 lr=0.0001 bs=32
      val_loss=0.007554, best_epoch=9, runtime=0.1 min
    39/90 h=128 lr=0.0001 bs=64
      val_loss=0.006853, best_epoch=14, runtime=0.1 min
    40/90 h=128 lr=0.0001 bs=128
      val_loss=0.003963, best_epoch=51, runtime=0.1 min
    41/90 h=128 lr=0.001 bs=8
      val_loss=0.000567, best_epoch=3, runtime=0.3 min
    42/90 h=128 lr=0.001 bs=16
      val_loss=0.002620, best_epoch=3, runtime=0.1 min
    43/90 h=128 lr=0.001 bs=32
      val_loss=0.004185, best_epoch=3, runtime=0.1 min
    44/90 h=128 lr=0.001 bs=64
      val_loss=0.003357, best_epoch=5, runtime=0.0 min
    45/90 h=128 lr=0.001 bs=128
      val_loss=0.006641, best_epoch=5, runtime=0.0 min
    46/90 h=256 lr=1e-05 bs=8
      val_loss=0.005731, best_epoch=23, runtime=0.5 min
    47/90 h=256 lr=1e-05 bs=16
      val_loss=0.006028, best_epoch=37, runtime=0.4 min
    48/90 h=256 lr=1e-05 bs=32
      val_loss=0.009637, best_epoch=43, runtime=0.2 min
    49/90 h=256 lr=1e-05 bs=64
      val_loss=0.010528, best_epoch=68, runtime=0.2 min
    50/90 h=256 lr=1e-05 bs=128
      val_loss=0.011540, best_epoch=112, runtime=0.1 min
    51/90 h=256 lr=0.0001 bs=8
      val_loss=0.003863, best_epoch=4, runtime=0.3 min
    52/90 h=256 lr=0.0001 bs=16
      val_loss=0.006549, best_epoch=5, runtime=0.2 min
    53/90 h=256 lr=0.0001 bs=32
      val_loss=0.006653, best_epoch=6, runtime=0.1 min
    54/90 h=256 lr=0.0001 bs=64
      val_loss=0.004236, best_epoch=18, runtime=0.1 min
    55/90 h=256 lr=0.0001 bs=128
      val_loss=0.006178, best_epoch=20, runtime=0.0 min
    56/90 h=256 lr=0.001 bs=8
      val_loss=0.000760, best_epoch=5, runtime=0.4 min
    57/90 h=256 lr=0.001 bs=16
      val_loss=0.000864, best_epoch=4, runtime=0.1 min
    58/90 h=256 lr=0.001 bs=32
      val_loss=0.001930, best_epoch=2, runtime=0.1 min
    59/90 h=256 lr=0.001 bs=64
      val_loss=0.001433, best_epoch=3, runtime=0.1 min
    60/90 h=256 lr=0.001 bs=128
      val_loss=0.001110, best_epoch=6, runtime=0.0 min
    61/90 h=512 lr=1e-05 bs=8
      val_loss=0.003539, best_epoch=23, runtime=0.5 min
    62/90 h=512 lr=1e-05 bs=16
      val_loss=0.003528, best_epoch=42, runtime=0.3 min
    63/90 h=512 lr=1e-05 bs=32
      val_loss=0.006198, best_epoch=49, runtime=0.2 min
    64/90 h=512 lr=1e-05 bs=64
      val_loss=0.009417, best_epoch=57, runtime=0.3 min
    65/90 h=512 lr=1e-05 bs=128
      val_loss=0.012346, best_epoch=70, runtime=0.1 min
    66/90 h=512 lr=0.0001 bs=8
      val_loss=0.006223, best_epoch=2, runtime=0.3 min
    67/90 h=512 lr=0.0001 bs=16
      val_loss=0.002722, best_epoch=6, runtime=0.2 min
    68/90 h=512 lr=0.0001 bs=32
      val_loss=0.002427, best_epoch=13, runtime=0.2 min
    69/90 h=512 lr=0.0001 bs=64
      val_loss=0.006278, best_epoch=7, runtime=0.1 min
    70/90 h=512 lr=0.0001 bs=128
      val_loss=0.005800, best_epoch=15, runtime=0.0 min
    71/90 h=512 lr=0.001 bs=8
      val_loss=0.006200, best_epoch=1, runtime=0.3 min
    72/90 h=512 lr=0.001 bs=16
      val_loss=0.001750, best_epoch=6, runtime=0.2 min
    73/90 h=512 lr=0.001 bs=32
      val_loss=0.001750, best_epoch=2, runtime=0.1 min
    74/90 h=512 lr=0.001 bs=64
      val_loss=0.004676, best_epoch=4, runtime=0.1 min
    75/90 h=512 lr=0.001 bs=128
      val_loss=0.003568, best_epoch=4, runtime=0.0 min
    76/90 h=1024 lr=1e-05 bs=8
      val_loss=0.007107, best_epoch=14, runtime=0.6 min
    77/90 h=1024 lr=1e-05 bs=16
      val_loss=0.007658, best_epoch=16, runtime=0.3 min
    78/90 h=1024 lr=1e-05 bs=32
      val_loss=0.006525, best_epoch=30, runtime=0.2 min
    79/90 h=1024 lr=1e-05 bs=64
      val_loss=0.010427, best_epoch=35, runtime=0.1 min
    80/90 h=1024 lr=1e-05 bs=128
      val_loss=0.010558, best_epoch=56, runtime=0.1 min
    81/90 h=1024 lr=0.0001 bs=8
      val_loss=0.003016, best_epoch=3, runtime=0.5 min
    82/90 h=1024 lr=0.0001 bs=16
      val_loss=0.005451, best_epoch=2, runtime=0.2 min
    83/90 h=1024 lr=0.0001 bs=32
      val_loss=0.007872, best_epoch=3, runtime=0.1 min
    84/90 h=1024 lr=0.0001 bs=64
      val_loss=0.005968, best_epoch=4, runtime=0.2 min
    85/90 h=1024 lr=0.0001 bs=128
      val_loss=0.005136, best_epoch=10, runtime=0.0 min
    86/90 h=1024 lr=0.001 bs=8
      val_loss=0.002193, best_epoch=1, runtime=0.4 min
    87/90 h=1024 lr=0.001 bs=16
      val_loss=0.001514, best_epoch=1, runtime=0.2 min
    88/90 h=1024 lr=0.001 bs=32
      val_loss=0.004828, best_epoch=2, runtime=0.1 min
    89/90 h=1024 lr=0.001 bs=64
      val_loss=0.000991, best_epoch=3, runtime=0.1 min
    90/90 h=1024 lr=0.001 bs=128
      val_loss=0.002841, best_epoch=8, runtime=0.0 min
  Fold 5: accuracy=1.0000, balanced_accuracy=1.0000, macro_f1=1.0000

wf1_timeserieswise: Pool then channel-wise trajectory scale
    1/90 h=32 lr=1e-05 bs=8
      val_loss=0.059161, best_epoch=54, runtime=0.9 min
    2/90 h=32 lr=1e-05 bs=16
      val_loss=0.072015, best_epoch=76, runtime=0.7 min
    3/90 h=32 lr=1e-05 bs=32
      val_loss=0.068457, best_epoch=111, runtime=0.5 min
    4/90 h=32 lr=1e-05 bs=64
      val_loss=0.081309, best_epoch=144, runtime=0.3 min
    5/90 h=32 lr=1e-05 bs=128
      val_loss=0.083327, best_epoch=260, runtime=0.3 min
    6/90 h=32 lr=0.0001 bs=8
      val_loss=0.054601, best_epoch=8, runtime=0.4 min
    7/90 h=32 lr=0.0001 bs=16
      val_loss=0.070290, best_epoch=15, runtime=0.2 min
    8/90 h=32 lr=0.0001 bs=32
      val_loss=0.064416, best_epoch=14, runtime=0.1 min
    9/90 h=32 lr=0.0001 bs=64
      val_loss=0.076130, best_epoch=24, runtime=0.1 min
    10/90 h=32 lr=0.0001 bs=128
      val_loss=0.068898, best_epoch=69, runtime=0.0 min
    11/90 h=32 lr=0.001 bs=8
      val_loss=0.061760, best_epoch=4, runtime=0.4 min
    12/90 h=32 lr=0.001 bs=16
      val_loss=0.053436, best_epoch=4, runtime=0.2 min
    13/90 h=32 lr=0.001 bs=32
      val_loss=0.057903, best_epoch=6, runtime=0.1 min
    14/90 h=32 lr=0.001 bs=64
      val_loss=0.075939, best_epoch=3, runtime=0.0 min
    15/90 h=32 lr=0.001 bs=128
      val_loss=0.079842, best_epoch=33, runtime=0.0 min
    16/90 h=64 lr=1e-05 bs=8
      val_loss=0.061298, best_epoch=36, runtime=0.8 min
    17/90 h=64 lr=1e-05 bs=16
      val_loss=0.058785, best_epoch=66, runtime=0.7 min
    18/90 h=64 lr=1e-05 bs=32
      val_loss=0.062418, best_epoch=91, runtime=0.4 min
    19/90 h=64 lr=1e-05 bs=64
      val_loss=0.081300, best_epoch=124, runtime=0.3 min
    20/90 h=64 lr=1e-05 bs=128
      val_loss=0.107847, best_epoch=161, runtime=0.1 min
    21/90 h=64 lr=0.0001 bs=8
      val_loss=0.069415, best_epoch=6, runtime=0.4 min
    22/90 h=64 lr=0.0001 bs=16
      val_loss=0.060949, best_epoch=8, runtime=0.3 min
    23/90 h=64 lr=0.0001 bs=32
      val_loss=0.056884, best_epoch=12, runtime=0.1 min
    24/90 h=64 lr=0.0001 bs=64
      val_loss=0.070528, best_epoch=18, runtime=0.1 min
    25/90 h=64 lr=0.0001 bs=128
      val_loss=0.080932, best_epoch=35, runtime=0.0 min
    26/90 h=64 lr=0.001 bs=8
      val_loss=0.133329, best_epoch=2, runtime=0.4 min
    27/90 h=64 lr=0.001 bs=16
      val_loss=0.109033, best_epoch=4, runtime=0.2 min
    28/90 h=64 lr=0.001 bs=32
      val_loss=0.071559, best_epoch=6, runtime=0.1 min
    29/90 h=64 lr=0.001 bs=64
      val_loss=0.063611, best_epoch=4, runtime=0.1 min
    30/90 h=64 lr=0.001 bs=128
      val_loss=0.053933, best_epoch=10, runtime=0.0 min
    31/90 h=128 lr=1e-05 bs=8
      val_loss=0.064584, best_epoch=25, runtime=0.7 min
    32/90 h=128 lr=1e-05 bs=16
      val_loss=0.070496, best_epoch=44, runtime=0.6 min
    33/90 h=128 lr=1e-05 bs=32
      val_loss=0.075062, best_epoch=87, runtime=0.5 min
    34/90 h=128 lr=1e-05 bs=64
      val_loss=0.095749, best_epoch=85, runtime=0.3 min
    35/90 h=128 lr=1e-05 bs=128
      val_loss=0.078353, best_epoch=170, runtime=0.1 min
    36/90 h=128 lr=0.0001 bs=8
      val_loss=0.076121, best_epoch=3, runtime=0.4 min
    37/90 h=128 lr=0.0001 bs=16
      val_loss=0.046312, best_epoch=8, runtime=0.3 min
    38/90 h=128 lr=0.0001 bs=32
      val_loss=0.075002, best_epoch=8, runtime=0.2 min
    39/90 h=128 lr=0.0001 bs=64
      val_loss=0.073220, best_epoch=15, runtime=0.1 min
    40/90 h=128 lr=0.0001 bs=128
      val_loss=0.071586, best_epoch=31, runtime=0.1 min
    41/90 h=128 lr=0.001 bs=8
      val_loss=0.093803, best_epoch=3, runtime=0.4 min
    42/90 h=128 lr=0.001 bs=16
      val_loss=0.059717, best_epoch=5, runtime=0.3 min
    43/90 h=128 lr=0.001 bs=32
      val_loss=0.075623, best_epoch=3, runtime=0.1 min
    44/90 h=128 lr=0.001 bs=64
      val_loss=0.041089, best_epoch=8, runtime=0.1 min
    45/90 h=128 lr=0.001 bs=128
      val_loss=0.059224, best_epoch=8, runtime=0.0 min
    46/90 h=256 lr=1e-05 bs=8
      val_loss=0.067185, best_epoch=19, runtime=0.5 min
    47/90 h=256 lr=1e-05 bs=16
      val_loss=0.088147, best_epoch=33, runtime=0.2 min
    48/90 h=256 lr=1e-05 bs=32
      val_loss=0.068334, best_epoch=49, runtime=0.4 min
    49/90 h=256 lr=1e-05 bs=64
      val_loss=0.088009, best_epoch=73, runtime=0.1 min
    50/90 h=256 lr=1e-05 bs=128
      val_loss=0.090500, best_epoch=111, runtime=0.1 min
    51/90 h=256 lr=0.0001 bs=8
      val_loss=0.055089, best_epoch=6, runtime=0.4 min
    52/90 h=256 lr=0.0001 bs=16
      val_loss=0.049420, best_epoch=3, runtime=0.2 min
    53/90 h=256 lr=0.0001 bs=32
      val_loss=0.061420, best_epoch=9, runtime=0.1 min
    54/90 h=256 lr=0.0001 bs=64
      val_loss=0.077461, best_epoch=10, runtime=0.1 min
    55/90 h=256 lr=0.0001 bs=128
      val_loss=0.065397, best_epoch=17, runtime=0.0 min
    56/90 h=256 lr=0.001 bs=8
      val_loss=0.052293, best_epoch=2, runtime=0.3 min
    57/90 h=256 lr=0.001 bs=16
      val_loss=0.113009, best_epoch=2, runtime=0.2 min
    58/90 h=256 lr=0.001 bs=32
      val_loss=0.074026, best_epoch=4, runtime=0.1 min
    59/90 h=256 lr=0.001 bs=64
      val_loss=0.095672, best_epoch=3, runtime=0.1 min
    60/90 h=256 lr=0.001 bs=128
      val_loss=0.063593, best_epoch=5, runtime=0.0 min
    61/90 h=512 lr=1e-05 bs=8
      val_loss=0.073720, best_epoch=12, runtime=0.4 min
    62/90 h=512 lr=1e-05 bs=16
      val_loss=0.066142, best_epoch=27, runtime=0.3 min
    63/90 h=512 lr=1e-05 bs=32
      val_loss=0.081833, best_epoch=29, runtime=0.3 min
    64/90 h=512 lr=1e-05 bs=64
      val_loss=0.065980, best_epoch=71, runtime=0.3 min
    65/90 h=512 lr=1e-05 bs=128
      val_loss=0.081876, best_epoch=92, runtime=0.1 min
    66/90 h=512 lr=0.0001 bs=8
      val_loss=0.047530, best_epoch=4, runtime=0.3 min
    67/90 h=512 lr=0.0001 bs=16
      val_loss=0.050860, best_epoch=5, runtime=0.2 min
    68/90 h=512 lr=0.0001 bs=32
      val_loss=0.053873, best_epoch=5, runtime=0.1 min
    69/90 h=512 lr=0.0001 bs=64
      val_loss=0.064213, best_epoch=9, runtime=0.1 min
    70/90 h=512 lr=0.0001 bs=128
      val_loss=0.065423, best_epoch=13, runtime=0.1 min
    71/90 h=512 lr=0.001 bs=8
      val_loss=0.049218, best_epoch=2, runtime=0.3 min
    72/90 h=512 lr=0.001 bs=16
      val_loss=0.047134, best_epoch=4, runtime=0.2 min
    73/90 h=512 lr=0.001 bs=32
      val_loss=0.087626, best_epoch=5, runtime=0.1 min
    74/90 h=512 lr=0.001 bs=64
      val_loss=0.073150, best_epoch=2, runtime=0.1 min
    75/90 h=512 lr=0.001 bs=128
      val_loss=0.078000, best_epoch=6, runtime=0.0 min
    76/90 h=1024 lr=1e-05 bs=8
      val_loss=0.068801, best_epoch=8, runtime=0.6 min
    77/90 h=1024 lr=1e-05 bs=16
      val_loss=0.074097, best_epoch=20, runtime=0.4 min
    78/90 h=1024 lr=1e-05 bs=32
      val_loss=0.073468, best_epoch=24, runtime=0.2 min
    79/90 h=1024 lr=1e-05 bs=64
      val_loss=0.067948, best_epoch=36, runtime=0.1 min
    80/90 h=1024 lr=1e-05 bs=128
      val_loss=0.080249, best_epoch=69, runtime=0.1 min
    81/90 h=1024 lr=0.0001 bs=8
      val_loss=0.043846, best_epoch=3, runtime=0.5 min
    82/90 h=1024 lr=0.0001 bs=16
      val_loss=0.062213, best_epoch=5, runtime=0.3 min
    83/90 h=1024 lr=0.0001 bs=32
      val_loss=0.067900, best_epoch=6, runtime=0.1 min
    84/90 h=1024 lr=0.0001 bs=64
      val_loss=0.052399, best_epoch=9, runtime=0.1 min
    85/90 h=1024 lr=0.0001 bs=128
      val_loss=0.063268, best_epoch=10, runtime=0.0 min
    86/90 h=1024 lr=0.001 bs=8
      val_loss=0.085737, best_epoch=2, runtime=0.4 min
    87/90 h=1024 lr=0.001 bs=16
      val_loss=0.076684, best_epoch=1, runtime=0.3 min
    88/90 h=1024 lr=0.001 bs=32
      val_loss=0.092649, best_epoch=4, runtime=0.2 min
    89/90 h=1024 lr=0.001 bs=64
      val_loss=0.093663, best_epoch=8, runtime=0.2 min
    90/90 h=1024 lr=0.001 bs=128
      val_loss=0.156497, best_epoch=15, runtime=0.1 min
  Fold 1: accuracy=1.0000, balanced_accuracy=1.0000, macro_f1=1.0000
    1/90 h=32 lr=1e-05 bs=8
      val_loss=0.075828, best_epoch=26, runtime=0.7 min
    2/90 h=32 lr=1e-05 bs=16
      val_loss=0.054792, best_epoch=38, runtime=0.4 min
    3/90 h=32 lr=1e-05 bs=32
      val_loss=0.061562, best_epoch=84, runtime=0.4 min
    4/90 h=32 lr=1e-05 bs=64
      val_loss=0.085438, best_epoch=111, runtime=0.3 min
    5/90 h=32 lr=1e-05 bs=128
      val_loss=0.072242, best_epoch=210, runtime=0.3 min
    6/90 h=32 lr=0.0001 bs=8
      val_loss=0.055769, best_epoch=6, runtime=0.4 min
    7/90 h=32 lr=0.0001 bs=16
      val_loss=0.074758, best_epoch=6, runtime=0.2 min
    8/90 h=32 lr=0.0001 bs=32
      val_loss=0.072789, best_epoch=12, runtime=0.1 min
    9/90 h=32 lr=0.0001 bs=64
      val_loss=0.073721, best_epoch=24, runtime=0.1 min
    10/90 h=32 lr=0.0001 bs=128
      val_loss=0.063766, best_epoch=30, runtime=0.1 min
    11/90 h=32 lr=0.001 bs=8
      val_loss=0.040519, best_epoch=4, runtime=0.4 min
    12/90 h=32 lr=0.001 bs=16
      val_loss=0.067845, best_epoch=6, runtime=0.2 min
    13/90 h=32 lr=0.001 bs=32
      val_loss=0.073224, best_epoch=3, runtime=0.1 min
    14/90 h=32 lr=0.001 bs=64
      val_loss=0.069735, best_epoch=4, runtime=0.1 min
    15/90 h=32 lr=0.001 bs=128
      val_loss=0.081017, best_epoch=4, runtime=0.0 min
    16/90 h=64 lr=1e-05 bs=8
      val_loss=0.067846, best_epoch=17, runtime=0.6 min
    17/90 h=64 lr=1e-05 bs=16
      val_loss=0.050689, best_epoch=27, runtime=0.4 min
    18/90 h=64 lr=1e-05 bs=32
      val_loss=0.052403, best_epoch=48, runtime=0.3 min
    19/90 h=64 lr=1e-05 bs=64
      val_loss=0.066741, best_epoch=80, runtime=0.2 min
    20/90 h=64 lr=1e-05 bs=128
      val_loss=0.090094, best_epoch=118, runtime=0.1 min
    21/90 h=64 lr=0.0001 bs=8
      val_loss=0.041315, best_epoch=3, runtime=0.4 min
    22/90 h=64 lr=0.0001 bs=16
      val_loss=0.057043, best_epoch=5, runtime=0.2 min
    23/90 h=64 lr=0.0001 bs=32
      val_loss=0.052466, best_epoch=15, runtime=0.2 min
    24/90 h=64 lr=0.0001 bs=64
      val_loss=0.066987, best_epoch=11, runtime=0.1 min
    25/90 h=64 lr=0.0001 bs=128
      val_loss=0.051704, best_epoch=25, runtime=0.0 min
    26/90 h=64 lr=0.001 bs=8
      val_loss=0.042016, best_epoch=1, runtime=0.4 min
    27/90 h=64 lr=0.001 bs=16
      val_loss=0.045914, best_epoch=1, runtime=0.2 min
    28/90 h=64 lr=0.001 bs=32
      val_loss=0.058637, best_epoch=2, runtime=0.1 min
    29/90 h=64 lr=0.001 bs=64
      val_loss=0.057835, best_epoch=9, runtime=0.1 min
    30/90 h=64 lr=0.001 bs=128
      val_loss=0.075699, best_epoch=4, runtime=0.0 min
    31/90 h=128 lr=1e-05 bs=8
      val_loss=0.039891, best_epoch=15, runtime=0.6 min
    32/90 h=128 lr=1e-05 bs=16
      val_loss=0.045140, best_epoch=25, runtime=0.5 min
    33/90 h=128 lr=1e-05 bs=32
      val_loss=0.058111, best_epoch=43, runtime=0.3 min
    34/90 h=128 lr=1e-05 bs=64
      val_loss=0.064940, best_epoch=65, runtime=0.2 min
    35/90 h=128 lr=1e-05 bs=128
      val_loss=0.109130, best_epoch=88, runtime=0.1 min
    36/90 h=128 lr=0.0001 bs=8
      val_loss=0.045108, best_epoch=3, runtime=0.4 min
    37/90 h=128 lr=0.0001 bs=16
      val_loss=0.068535, best_epoch=3, runtime=0.3 min
    38/90 h=128 lr=0.0001 bs=32
      val_loss=0.060865, best_epoch=6, runtime=0.1 min
    39/90 h=128 lr=0.0001 bs=64
      val_loss=0.060571, best_epoch=9, runtime=0.1 min
    40/90 h=128 lr=0.0001 bs=128
      val_loss=0.052239, best_epoch=19, runtime=0.0 min
    41/90 h=128 lr=0.001 bs=8
      val_loss=0.057501, best_epoch=1, runtime=0.4 min
    42/90 h=128 lr=0.001 bs=16
      val_loss=0.033769, best_epoch=1, runtime=0.3 min
    43/90 h=128 lr=0.001 bs=32
      val_loss=0.048324, best_epoch=1, runtime=0.1 min
    44/90 h=128 lr=0.001 bs=64
      val_loss=0.090935, best_epoch=1, runtime=0.1 min
    45/90 h=128 lr=0.001 bs=128
      val_loss=0.083658, best_epoch=3, runtime=0.0 min
    46/90 h=256 lr=1e-05 bs=8
      val_loss=0.059199, best_epoch=12, runtime=0.4 min
    47/90 h=256 lr=1e-05 bs=16
      val_loss=0.071702, best_epoch=16, runtime=0.2 min
    48/90 h=256 lr=1e-05 bs=32
      val_loss=0.042522, best_epoch=36, runtime=0.3 min
    49/90 h=256 lr=1e-05 bs=64
      val_loss=0.045683, best_epoch=45, runtime=0.2 min
    50/90 h=256 lr=1e-05 bs=128
      val_loss=0.058956, best_epoch=65, runtime=0.1 min
    51/90 h=256 lr=0.0001 bs=8
      val_loss=0.054425, best_epoch=1, runtime=0.3 min
    52/90 h=256 lr=0.0001 bs=16
      val_loss=0.039461, best_epoch=4, runtime=0.3 min
    53/90 h=256 lr=0.0001 bs=32
      val_loss=0.051593, best_epoch=4, runtime=0.1 min
    54/90 h=256 lr=0.0001 bs=64
      val_loss=0.053218, best_epoch=5, runtime=0.1 min
    55/90 h=256 lr=0.0001 bs=128
      val_loss=0.045713, best_epoch=12, runtime=0.0 min
    56/90 h=256 lr=0.001 bs=8
      val_loss=0.070050, best_epoch=1, runtime=0.3 min
    57/90 h=256 lr=0.001 bs=16
      val_loss=0.044644, best_epoch=3, runtime=0.2 min
    58/90 h=256 lr=0.001 bs=32
      val_loss=0.086506, best_epoch=1, runtime=0.1 min
    59/90 h=256 lr=0.001 bs=64
      val_loss=0.066301, best_epoch=4, runtime=0.1 min
    60/90 h=256 lr=0.001 bs=128
      val_loss=0.056502, best_epoch=3, runtime=0.0 min
    61/90 h=512 lr=1e-05 bs=8
      val_loss=0.052742, best_epoch=8, runtime=0.4 min
    62/90 h=512 lr=1e-05 bs=16
      val_loss=0.049845, best_epoch=14, runtime=0.2 min
    63/90 h=512 lr=1e-05 bs=32
      val_loss=0.081411, best_epoch=17, runtime=0.1 min
    64/90 h=512 lr=1e-05 bs=64
      val_loss=0.044530, best_epoch=35, runtime=0.2 min
    65/90 h=512 lr=1e-05 bs=128
      val_loss=0.043119, best_epoch=69, runtime=0.1 min
    66/90 h=512 lr=0.0001 bs=8
      val_loss=0.042550, best_epoch=1, runtime=0.3 min
    67/90 h=512 lr=0.0001 bs=16
      val_loss=0.027660, best_epoch=3, runtime=0.2 min
    68/90 h=512 lr=0.0001 bs=32
      val_loss=0.041989, best_epoch=5, runtime=0.2 min
    69/90 h=512 lr=0.0001 bs=64
      val_loss=0.049787, best_epoch=4, runtime=0.1 min
    70/90 h=512 lr=0.0001 bs=128
      val_loss=0.063862, best_epoch=5, runtime=0.0 min
    71/90 h=512 lr=0.001 bs=8
      val_loss=0.062578, best_epoch=2, runtime=0.3 min
    72/90 h=512 lr=0.001 bs=16
      val_loss=0.083021, best_epoch=3, runtime=0.2 min
    73/90 h=512 lr=0.001 bs=32
      val_loss=0.061712, best_epoch=2, runtime=0.2 min
    74/90 h=512 lr=0.001 bs=64
      val_loss=0.133080, best_epoch=5, runtime=0.1 min
    75/90 h=512 lr=0.001 bs=128
      val_loss=0.123676, best_epoch=5, runtime=0.0 min
    76/90 h=1024 lr=1e-05 bs=8
      val_loss=0.043663, best_epoch=7, runtime=0.5 min
    77/90 h=1024 lr=1e-05 bs=16
      val_loss=0.047220, best_epoch=13, runtime=0.3 min
    78/90 h=1024 lr=1e-05 bs=32
      val_loss=0.048607, best_epoch=18, runtime=0.2 min
    79/90 h=1024 lr=1e-05 bs=64
      val_loss=0.041590, best_epoch=20, runtime=0.1 min
    80/90 h=1024 lr=1e-05 bs=128
      val_loss=0.036148, best_epoch=56, runtime=0.1 min
    81/90 h=1024 lr=0.0001 bs=8
      val_loss=0.033142, best_epoch=1, runtime=0.4 min
    82/90 h=1024 lr=0.0001 bs=16
      val_loss=0.051909, best_epoch=5, runtime=0.3 min
    83/90 h=1024 lr=0.0001 bs=32
      val_loss=0.041707, best_epoch=2, runtime=0.1 min
    84/90 h=1024 lr=0.0001 bs=64
      val_loss=0.053339, best_epoch=7, runtime=0.1 min
    85/90 h=1024 lr=0.0001 bs=128
      val_loss=0.049645, best_epoch=4, runtime=0.0 min
    86/90 h=1024 lr=0.001 bs=8
      val_loss=0.057219, best_epoch=8, runtime=0.5 min
    87/90 h=1024 lr=0.001 bs=16
      val_loss=0.069019, best_epoch=7, runtime=0.3 min
    88/90 h=1024 lr=0.001 bs=32
      val_loss=0.052360, best_epoch=8, runtime=0.2 min
    89/90 h=1024 lr=0.001 bs=64
      val_loss=0.049625, best_epoch=2, runtime=0.1 min
    90/90 h=1024 lr=0.001 bs=128
      val_loss=0.080333, best_epoch=1, runtime=0.0 min
  Fold 2: accuracy=0.9812, balanced_accuracy=0.9817, macro_f1=0.9828
    1/90 h=32 lr=1e-05 bs=8
      val_loss=0.012398, best_epoch=89, runtime=1.4 min
    2/90 h=32 lr=1e-05 bs=16
      val_loss=0.014194, best_epoch=112, runtime=0.9 min
    3/90 h=32 lr=1e-05 bs=32
      val_loss=0.017791, best_epoch=149, runtime=0.6 min
    4/90 h=32 lr=1e-05 bs=64
      val_loss=0.026817, best_epoch=161, runtime=0.3 min
    5/90 h=32 lr=1e-05 bs=128
      val_loss=0.043754, best_epoch=250, runtime=0.2 min
    6/90 h=32 lr=0.0001 bs=8
      val_loss=0.010369, best_epoch=16, runtime=0.3 min
    7/90 h=32 lr=0.0001 bs=16
      val_loss=0.011624, best_epoch=26, runtime=0.2 min
    8/90 h=32 lr=0.0001 bs=32
      val_loss=0.010140, best_epoch=34, runtime=0.1 min
    9/90 h=32 lr=0.0001 bs=64
      val_loss=0.012076, best_epoch=57, runtime=0.1 min
    10/90 h=32 lr=0.0001 bs=128
      val_loss=0.020293, best_epoch=77, runtime=0.1 min
    11/90 h=32 lr=0.001 bs=8
      val_loss=0.004202, best_epoch=9, runtime=0.2 min
    12/90 h=32 lr=0.001 bs=16
      val_loss=0.005964, best_epoch=9, runtime=0.1 min
    13/90 h=32 lr=0.001 bs=32
      val_loss=0.003983, best_epoch=18, runtime=0.1 min
    14/90 h=32 lr=0.001 bs=64
      val_loss=0.011959, best_epoch=14, runtime=0.0 min
    15/90 h=32 lr=0.001 bs=128
      val_loss=0.011744, best_epoch=42, runtime=0.0 min
    16/90 h=64 lr=1e-05 bs=8
      val_loss=0.009406, best_epoch=59, runtime=0.6 min
    17/90 h=64 lr=1e-05 bs=16
      val_loss=0.009737, best_epoch=87, runtime=0.7 min
    18/90 h=64 lr=1e-05 bs=32
      val_loss=0.015179, best_epoch=125, runtime=0.5 min
    19/90 h=64 lr=1e-05 bs=64
      val_loss=0.024924, best_epoch=180, runtime=0.4 min
    20/90 h=64 lr=1e-05 bs=128
      val_loss=0.032526, best_epoch=166, runtime=0.1 min
    21/90 h=64 lr=0.0001 bs=8
      val_loss=0.005709, best_epoch=18, runtime=0.5 min
    22/90 h=64 lr=0.0001 bs=16
      val_loss=0.010765, best_epoch=14, runtime=0.3 min
    23/90 h=64 lr=0.0001 bs=32
      val_loss=0.012123, best_epoch=25, runtime=0.2 min
    24/90 h=64 lr=0.0001 bs=64
      val_loss=0.009412, best_epoch=58, runtime=0.2 min
    25/90 h=64 lr=0.0001 bs=128
      val_loss=0.013166, best_epoch=67, runtime=0.0 min
    26/90 h=64 lr=0.001 bs=8
      val_loss=0.002566, best_epoch=9, runtime=0.5 min
    27/90 h=64 lr=0.001 bs=16
      val_loss=0.002504, best_epoch=10, runtime=0.2 min
    28/90 h=64 lr=0.001 bs=32
      val_loss=0.006454, best_epoch=8, runtime=0.1 min
    29/90 h=64 lr=0.001 bs=64
      val_loss=0.008330, best_epoch=16, runtime=0.1 min
    30/90 h=64 lr=0.001 bs=128
      val_loss=0.011677, best_epoch=23, runtime=0.0 min
    31/90 h=128 lr=1e-05 bs=8
      val_loss=0.010977, best_epoch=52, runtime=1.0 min
    32/90 h=128 lr=1e-05 bs=16
      val_loss=0.012851, best_epoch=61, runtime=0.7 min
    33/90 h=128 lr=1e-05 bs=32
      val_loss=0.018167, best_epoch=81, runtime=0.4 min
    34/90 h=128 lr=1e-05 bs=64
      val_loss=0.021045, best_epoch=116, runtime=0.3 min
    35/90 h=128 lr=1e-05 bs=128
      val_loss=0.031128, best_epoch=145, runtime=0.1 min
    36/90 h=128 lr=0.0001 bs=8
      val_loss=0.008110, best_epoch=14, runtime=0.5 min
    37/90 h=128 lr=0.0001 bs=16
      val_loss=0.007403, best_epoch=19, runtime=0.4 min
    38/90 h=128 lr=0.0001 bs=32
      val_loss=0.011223, best_epoch=22, runtime=0.2 min
    39/90 h=128 lr=0.0001 bs=64
      val_loss=0.013964, best_epoch=24, runtime=0.1 min
    40/90 h=128 lr=0.0001 bs=128
      val_loss=0.014793, best_epoch=42, runtime=0.1 min
    41/90 h=128 lr=0.001 bs=8
      val_loss=0.007937, best_epoch=4, runtime=0.4 min
    42/90 h=128 lr=0.001 bs=16
      val_loss=0.005521, best_epoch=6, runtime=0.2 min
    43/90 h=128 lr=0.001 bs=32
      val_loss=0.006534, best_epoch=11, runtime=0.1 min
    44/90 h=128 lr=0.001 bs=64
      val_loss=0.006952, best_epoch=22, runtime=0.1 min
    45/90 h=128 lr=0.001 bs=128
      val_loss=0.015780, best_epoch=15, runtime=0.0 min
    46/90 h=256 lr=1e-05 bs=8
      val_loss=0.011354, best_epoch=30, runtime=0.6 min
    47/90 h=256 lr=1e-05 bs=16
      val_loss=0.013269, best_epoch=48, runtime=0.3 min
    48/90 h=256 lr=1e-05 bs=32
      val_loss=0.014263, best_epoch=81, runtime=0.5 min
    49/90 h=256 lr=1e-05 bs=64
      val_loss=0.019359, best_epoch=115, runtime=0.2 min
    50/90 h=256 lr=1e-05 bs=128
      val_loss=0.028393, best_epoch=124, runtime=0.1 min
    51/90 h=256 lr=0.0001 bs=8
      val_loss=0.009763, best_epoch=16, runtime=0.4 min
    52/90 h=256 lr=0.0001 bs=16
      val_loss=0.012772, best_epoch=7, runtime=0.1 min
    53/90 h=256 lr=0.0001 bs=32
      val_loss=0.006495, best_epoch=22, runtime=0.2 min
    54/90 h=256 lr=0.0001 bs=64
      val_loss=0.011289, best_epoch=25, runtime=0.1 min
    55/90 h=256 lr=0.0001 bs=128
      val_loss=0.016073, best_epoch=34, runtime=0.0 min
    56/90 h=256 lr=0.001 bs=8
      val_loss=0.004658, best_epoch=7, runtime=0.3 min
    57/90 h=256 lr=0.001 bs=16
      val_loss=0.012681, best_epoch=4, runtime=0.1 min
    58/90 h=256 lr=0.001 bs=32
      val_loss=0.008489, best_epoch=3, runtime=0.1 min
    59/90 h=256 lr=0.001 bs=64
      val_loss=0.007289, best_epoch=14, runtime=0.1 min
    60/90 h=256 lr=0.001 bs=128
      val_loss=0.014956, best_epoch=20, runtime=0.0 min
    61/90 h=512 lr=1e-05 bs=8
      val_loss=0.008226, best_epoch=30, runtime=0.5 min
    62/90 h=512 lr=1e-05 bs=16
      val_loss=0.007238, best_epoch=58, runtime=0.4 min
    63/90 h=512 lr=1e-05 bs=32
      val_loss=0.011404, best_epoch=80, runtime=0.3 min
    64/90 h=512 lr=1e-05 bs=64
      val_loss=0.020022, best_epoch=70, runtime=0.1 min
    65/90 h=512 lr=1e-05 bs=128
      val_loss=0.021649, best_epoch=117, runtime=0.1 min
    66/90 h=512 lr=0.0001 bs=8
      val_loss=0.006179, best_epoch=8, runtime=0.4 min
    67/90 h=512 lr=0.0001 bs=16
      val_loss=0.005427, best_epoch=14, runtime=0.2 min
    68/90 h=512 lr=0.0001 bs=32
      val_loss=0.007136, best_epoch=21, runtime=0.2 min
    69/90 h=512 lr=0.0001 bs=64
      val_loss=0.010685, best_epoch=17, runtime=0.1 min
    70/90 h=512 lr=0.0001 bs=128
      val_loss=0.010698, best_epoch=30, runtime=0.0 min
    71/90 h=512 lr=0.001 bs=8
      val_loss=0.006050, best_epoch=7, runtime=0.4 min
    72/90 h=512 lr=0.001 bs=16
      val_loss=0.003349, best_epoch=6, runtime=0.2 min
    73/90 h=512 lr=0.001 bs=32
      val_loss=0.013085, best_epoch=5, runtime=0.1 min
    74/90 h=512 lr=0.001 bs=64
      val_loss=0.009804, best_epoch=9, runtime=0.1 min
    75/90 h=512 lr=0.001 bs=128
      val_loss=0.013246, best_epoch=13, runtime=0.0 min
    76/90 h=1024 lr=1e-05 bs=8
      val_loss=0.011138, best_epoch=18, runtime=0.8 min
    77/90 h=1024 lr=1e-05 bs=16
      val_loss=0.009369, best_epoch=39, runtime=0.5 min
    78/90 h=1024 lr=1e-05 bs=32
      val_loss=0.012529, best_epoch=45, runtime=0.3 min
    79/90 h=1024 lr=1e-05 bs=64
      val_loss=0.016946, best_epoch=67, runtime=0.2 min
    80/90 h=1024 lr=1e-05 bs=128
      val_loss=0.018973, best_epoch=97, runtime=0.2 min
    81/90 h=1024 lr=0.0001 bs=8
      val_loss=0.003791, best_epoch=11, runtime=0.6 min
    82/90 h=1024 lr=0.0001 bs=16
      val_loss=0.005870, best_epoch=8, runtime=0.3 min
    83/90 h=1024 lr=0.0001 bs=32
      val_loss=0.007788, best_epoch=17, runtime=0.2 min
    84/90 h=1024 lr=0.0001 bs=64
      val_loss=0.009936, best_epoch=13, runtime=0.1 min
    85/90 h=1024 lr=0.0001 bs=128
      val_loss=0.012006, best_epoch=27, runtime=0.1 min
    86/90 h=1024 lr=0.001 bs=8
      val_loss=0.001844, best_epoch=16, runtime=0.7 min
    87/90 h=1024 lr=0.001 bs=16
      val_loss=0.001849, best_epoch=14, runtime=0.3 min
    88/90 h=1024 lr=0.001 bs=32
      val_loss=0.007756, best_epoch=4, runtime=0.1 min
    89/90 h=1024 lr=0.001 bs=64
      val_loss=0.005219, best_epoch=19, runtime=0.1 min
    90/90 h=1024 lr=0.001 bs=128
      val_loss=0.008820, best_epoch=7, runtime=0.0 min
  Fold 3: accuracy=0.9922, balanced_accuracy=0.9953, macro_f1=0.9926
    1/90 h=32 lr=1e-05 bs=8
      val_loss=0.070027, best_epoch=39, runtime=0.7 min
    2/90 h=32 lr=1e-05 bs=16
      val_loss=0.072843, best_epoch=58, runtime=0.6 min
    3/90 h=32 lr=1e-05 bs=32
      val_loss=0.060809, best_epoch=117, runtime=0.6 min
    4/90 h=32 lr=1e-05 bs=64
      val_loss=0.077480, best_epoch=135, runtime=0.3 min
    5/90 h=32 lr=1e-05 bs=128
      val_loss=0.077952, best_epoch=175, runtime=0.2 min
    6/90 h=32 lr=0.0001 bs=8
      val_loss=0.089818, best_epoch=4, runtime=0.4 min
    7/90 h=32 lr=0.0001 bs=16
      val_loss=0.070554, best_epoch=5, runtime=0.2 min
    8/90 h=32 lr=0.0001 bs=32
      val_loss=0.065473, best_epoch=16, runtime=0.2 min
    9/90 h=32 lr=0.0001 bs=64
      val_loss=0.065652, best_epoch=30, runtime=0.1 min
    10/90 h=32 lr=0.0001 bs=128
      val_loss=0.057809, best_epoch=48, runtime=0.0 min
    11/90 h=32 lr=0.001 bs=8
      val_loss=0.075947, best_epoch=2, runtime=0.3 min
    12/90 h=32 lr=0.001 bs=16
      val_loss=0.083191, best_epoch=2, runtime=0.2 min
    13/90 h=32 lr=0.001 bs=32
      val_loss=0.065907, best_epoch=5, runtime=0.1 min
    14/90 h=32 lr=0.001 bs=64
      val_loss=0.080880, best_epoch=17, runtime=0.1 min
    15/90 h=32 lr=0.001 bs=128
      val_loss=0.076272, best_epoch=12, runtime=0.0 min
    16/90 h=64 lr=1e-05 bs=8
      val_loss=0.057337, best_epoch=24, runtime=0.6 min
    17/90 h=64 lr=1e-05 bs=16
      val_loss=0.080560, best_epoch=36, runtime=0.5 min
    18/90 h=64 lr=1e-05 bs=32
      val_loss=0.065143, best_epoch=75, runtime=0.5 min
    19/90 h=64 lr=1e-05 bs=64
      val_loss=0.075783, best_epoch=103, runtime=0.3 min
    20/90 h=64 lr=1e-05 bs=128
      val_loss=0.075305, best_epoch=187, runtime=0.1 min
    21/90 h=64 lr=0.0001 bs=8
      val_loss=0.071687, best_epoch=6, runtime=0.4 min
    22/90 h=64 lr=0.0001 bs=16
      val_loss=0.061667, best_epoch=6, runtime=0.3 min
    23/90 h=64 lr=0.0001 bs=32
      val_loss=0.066415, best_epoch=10, runtime=0.2 min
    24/90 h=64 lr=0.0001 bs=64
      val_loss=0.066187, best_epoch=18, runtime=0.1 min
    25/90 h=64 lr=0.0001 bs=128
      val_loss=0.065337, best_epoch=44, runtime=0.0 min
    26/90 h=64 lr=0.001 bs=8
      val_loss=0.097559, best_epoch=6, runtime=0.4 min
    27/90 h=64 lr=0.001 bs=16
      val_loss=0.072549, best_epoch=2, runtime=0.2 min
    28/90 h=64 lr=0.001 bs=32
      val_loss=0.068989, best_epoch=5, runtime=0.1 min
    29/90 h=64 lr=0.001 bs=64
      val_loss=0.058755, best_epoch=5, runtime=0.1 min
    30/90 h=64 lr=0.001 bs=128
      val_loss=0.064388, best_epoch=32, runtime=0.0 min
    31/90 h=128 lr=1e-05 bs=8
      val_loss=0.070259, best_epoch=18, runtime=0.6 min
    32/90 h=128 lr=1e-05 bs=16
      val_loss=0.062806, best_epoch=34, runtime=0.3 min
    33/90 h=128 lr=1e-05 bs=32
      val_loss=0.067283, best_epoch=44, runtime=0.2 min
    34/90 h=128 lr=1e-05 bs=64
      val_loss=0.071850, best_epoch=94, runtime=0.2 min
    35/90 h=128 lr=1e-05 bs=128
      val_loss=0.068600, best_epoch=124, runtime=0.1 min
    36/90 h=128 lr=0.0001 bs=8
      val_loss=0.063054, best_epoch=3, runtime=0.3 min
    37/90 h=128 lr=0.0001 bs=16
      val_loss=0.068718, best_epoch=6, runtime=0.2 min
    38/90 h=128 lr=0.0001 bs=32
      val_loss=0.068564, best_epoch=7, runtime=0.1 min
    39/90 h=128 lr=0.0001 bs=64
      val_loss=0.073690, best_epoch=12, runtime=0.1 min
    40/90 h=128 lr=0.0001 bs=128
      val_loss=0.070634, best_epoch=16, runtime=0.0 min
    41/90 h=128 lr=0.001 bs=8
      val_loss=0.074965, best_epoch=1, runtime=0.3 min
    42/90 h=128 lr=0.001 bs=16
      val_loss=0.061513, best_epoch=2, runtime=0.2 min
    43/90 h=128 lr=0.001 bs=32
      val_loss=0.067931, best_epoch=4, runtime=0.1 min
    44/90 h=128 lr=0.001 bs=64
      val_loss=0.058035, best_epoch=3, runtime=0.0 min
    45/90 h=128 lr=0.001 bs=128
      val_loss=0.076595, best_epoch=7, runtime=0.0 min
    46/90 h=256 lr=1e-05 bs=8
      val_loss=0.064529, best_epoch=19, runtime=0.5 min
    47/90 h=256 lr=1e-05 bs=16
      val_loss=0.071262, best_epoch=24, runtime=0.3 min
    48/90 h=256 lr=1e-05 bs=32
      val_loss=0.078963, best_epoch=33, runtime=0.2 min
    49/90 h=256 lr=1e-05 bs=64
      val_loss=0.068497, best_epoch=78, runtime=0.1 min
    50/90 h=256 lr=1e-05 bs=128
      val_loss=0.074341, best_epoch=93, runtime=0.1 min
    51/90 h=256 lr=0.0001 bs=8
      val_loss=0.071055, best_epoch=2, runtime=0.3 min
    52/90 h=256 lr=0.0001 bs=16
      val_loss=0.064476, best_epoch=7, runtime=0.1 min
    53/90 h=256 lr=0.0001 bs=32
      val_loss=0.062549, best_epoch=5, runtime=0.1 min
    54/90 h=256 lr=0.0001 bs=64
      val_loss=0.067856, best_epoch=7, runtime=0.0 min
    55/90 h=256 lr=0.0001 bs=128
      val_loss=0.067567, best_epoch=12, runtime=0.0 min
    56/90 h=256 lr=0.001 bs=8
      val_loss=0.103151, best_epoch=4, runtime=0.2 min
    57/90 h=256 lr=0.001 bs=16
      val_loss=0.086943, best_epoch=3, runtime=0.1 min
    58/90 h=256 lr=0.001 bs=32
      val_loss=0.078678, best_epoch=2, runtime=0.1 min
    59/90 h=256 lr=0.001 bs=64
      val_loss=0.064461, best_epoch=4, runtime=0.0 min
    60/90 h=256 lr=0.001 bs=128
      val_loss=0.104813, best_epoch=19, runtime=0.0 min
    61/90 h=512 lr=1e-05 bs=8
      val_loss=0.062076, best_epoch=9, runtime=0.4 min
    62/90 h=512 lr=1e-05 bs=16
      val_loss=0.060105, best_epoch=28, runtime=0.3 min
    63/90 h=512 lr=1e-05 bs=32
      val_loss=0.067602, best_epoch=25, runtime=0.1 min
    64/90 h=512 lr=1e-05 bs=64
      val_loss=0.067209, best_epoch=56, runtime=0.1 min
    65/90 h=512 lr=1e-05 bs=128
      val_loss=0.064263, best_epoch=68, runtime=0.1 min
    66/90 h=512 lr=0.0001 bs=8
      val_loss=0.053390, best_epoch=4, runtime=0.3 min
    67/90 h=512 lr=0.0001 bs=16
      val_loss=0.057640, best_epoch=6, runtime=0.2 min
    68/90 h=512 lr=0.0001 bs=32
      val_loss=0.059431, best_epoch=5, runtime=0.1 min
    69/90 h=512 lr=0.0001 bs=64
      val_loss=0.065340, best_epoch=5, runtime=0.1 min
    70/90 h=512 lr=0.0001 bs=128
      val_loss=0.061621, best_epoch=12, runtime=0.0 min
    71/90 h=512 lr=0.001 bs=8
      val_loss=0.079603, best_epoch=6, runtime=0.3 min
    72/90 h=512 lr=0.001 bs=16
      val_loss=0.090599, best_epoch=6, runtime=0.2 min
    73/90 h=512 lr=0.001 bs=32
      val_loss=0.071381, best_epoch=3, runtime=0.1 min
    74/90 h=512 lr=0.001 bs=64
      val_loss=0.070420, best_epoch=7, runtime=0.1 min
    75/90 h=512 lr=0.001 bs=128
      val_loss=0.071737, best_epoch=9, runtime=0.0 min
    76/90 h=1024 lr=1e-05 bs=8
      val_loss=0.064427, best_epoch=8, runtime=0.6 min
    77/90 h=1024 lr=1e-05 bs=16
      val_loss=0.064644, best_epoch=19, runtime=0.4 min
    78/90 h=1024 lr=1e-05 bs=32
      val_loss=0.071369, best_epoch=21, runtime=0.2 min
    79/90 h=1024 lr=1e-05 bs=64
      val_loss=0.071352, best_epoch=25, runtime=0.3 min
    80/90 h=1024 lr=1e-05 bs=128
      val_loss=0.070980, best_epoch=53, runtime=0.1 min
    81/90 h=1024 lr=0.0001 bs=8
      val_loss=0.074487, best_epoch=3, runtime=0.5 min
    82/90 h=1024 lr=0.0001 bs=16
      val_loss=0.070517, best_epoch=6, runtime=0.3 min
    83/90 h=1024 lr=0.0001 bs=32
      val_loss=0.065931, best_epoch=6, runtime=0.1 min
    84/90 h=1024 lr=0.0001 bs=64
      val_loss=0.064894, best_epoch=6, runtime=0.1 min
    85/90 h=1024 lr=0.0001 bs=128
      val_loss=0.076962, best_epoch=6, runtime=0.0 min
    86/90 h=1024 lr=0.001 bs=8
      val_loss=0.176179, best_epoch=3, runtime=0.5 min
    87/90 h=1024 lr=0.001 bs=16
      val_loss=0.099933, best_epoch=1, runtime=0.2 min
    88/90 h=1024 lr=0.001 bs=32
      val_loss=0.092591, best_epoch=3, runtime=0.2 min
    89/90 h=1024 lr=0.001 bs=64
      val_loss=0.108467, best_epoch=5, runtime=0.1 min
    90/90 h=1024 lr=0.001 bs=128
      val_loss=0.078939, best_epoch=11, runtime=0.1 min
  Fold 4: accuracy=0.9610, balanced_accuracy=0.9763, macro_f1=0.9593
    1/90 h=32 lr=1e-05 bs=8
      val_loss=0.012473, best_epoch=64, runtime=1.0 min
    2/90 h=32 lr=1e-05 bs=16
      val_loss=0.015651, best_epoch=98, runtime=0.9 min
    3/90 h=32 lr=1e-05 bs=32
      val_loss=0.019988, best_epoch=163, runtime=0.8 min
    4/90 h=32 lr=1e-05 bs=64
      val_loss=0.027725, best_epoch=193, runtime=0.5 min
    5/90 h=32 lr=1e-05 bs=128
      val_loss=0.043729, best_epoch=225, runtime=0.3 min
    6/90 h=32 lr=0.0001 bs=8
      val_loss=0.006078, best_epoch=19, runtime=0.5 min
    7/90 h=32 lr=0.0001 bs=16
      val_loss=0.008672, best_epoch=21, runtime=0.4 min
    8/90 h=32 lr=0.0001 bs=32
      val_loss=0.009849, best_epoch=39, runtime=0.3 min
    9/90 h=32 lr=0.0001 bs=64
      val_loss=0.014835, best_epoch=54, runtime=0.2 min
    10/90 h=32 lr=0.0001 bs=128
      val_loss=0.016023, best_epoch=108, runtime=0.1 min
    11/90 h=32 lr=0.001 bs=8
      val_loss=0.002824, best_epoch=10, runtime=0.4 min
    12/90 h=32 lr=0.001 bs=16
      val_loss=0.001042, best_epoch=28, runtime=0.4 min
    13/90 h=32 lr=0.001 bs=32
      val_loss=0.004443, best_epoch=24, runtime=0.2 min
    14/90 h=32 lr=0.001 bs=64
      val_loss=0.009061, best_epoch=15, runtime=0.1 min
    15/90 h=32 lr=0.001 bs=128
      val_loss=0.006710, best_epoch=43, runtime=0.1 min
    16/90 h=64 lr=1e-05 bs=8
      val_loss=0.008784, best_epoch=67, runtime=1.1 min
    17/90 h=64 lr=1e-05 bs=16
      val_loss=0.010674, best_epoch=88, runtime=0.7 min
    18/90 h=64 lr=1e-05 bs=32
      val_loss=0.023220, best_epoch=108, runtime=0.5 min
    19/90 h=64 lr=1e-05 bs=64
      val_loss=0.027643, best_epoch=169, runtime=0.4 min
    20/90 h=64 lr=1e-05 bs=128
      val_loss=0.038044, best_epoch=203, runtime=0.1 min
    21/90 h=64 lr=0.0001 bs=8
      val_loss=0.005480, best_epoch=17, runtime=0.5 min
    22/90 h=64 lr=0.0001 bs=16
      val_loss=0.004931, best_epoch=23, runtime=0.4 min
    23/90 h=64 lr=0.0001 bs=32
      val_loss=0.009226, best_epoch=40, runtime=0.3 min
    24/90 h=64 lr=0.0001 bs=64
      val_loss=0.010794, best_epoch=54, runtime=0.2 min
    25/90 h=64 lr=0.0001 bs=128
      val_loss=0.017365, best_epoch=70, runtime=0.1 min
    26/90 h=64 lr=0.001 bs=8
      val_loss=0.006108, best_epoch=7, runtime=0.4 min
    27/90 h=64 lr=0.001 bs=16
      val_loss=0.003031, best_epoch=12, runtime=0.3 min
    28/90 h=64 lr=0.001 bs=32
      val_loss=0.004501, best_epoch=25, runtime=0.2 min
    29/90 h=64 lr=0.001 bs=64
      val_loss=0.006881, best_epoch=35, runtime=0.1 min
    30/90 h=64 lr=0.001 bs=128
      val_loss=0.009892, best_epoch=29, runtime=0.0 min
    31/90 h=128 lr=1e-05 bs=8
      val_loss=0.007391, best_epoch=56, runtime=1.0 min
    32/90 h=128 lr=1e-05 bs=16
      val_loss=0.010253, best_epoch=77, runtime=0.7 min
    33/90 h=128 lr=1e-05 bs=32
      val_loss=0.009691, best_epoch=116, runtime=0.7 min
    34/90 h=128 lr=1e-05 bs=64
      val_loss=0.025493, best_epoch=118, runtime=0.4 min
    35/90 h=128 lr=1e-05 bs=128
      val_loss=0.028587, best_epoch=163, runtime=0.1 min
    36/90 h=128 lr=0.0001 bs=8
      val_loss=0.004120, best_epoch=21, runtime=0.6 min
    37/90 h=128 lr=0.0001 bs=16
      val_loss=0.003665, best_epoch=24, runtime=0.3 min
    38/90 h=128 lr=0.0001 bs=32
      val_loss=0.007964, best_epoch=23, runtime=0.3 min
    39/90 h=128 lr=0.0001 bs=64
      val_loss=0.009930, best_epoch=36, runtime=0.2 min
    40/90 h=128 lr=0.0001 bs=128
      val_loss=0.012977, best_epoch=53, runtime=0.0 min
    41/90 h=128 lr=0.001 bs=8
      val_loss=0.004452, best_epoch=6, runtime=0.4 min
    42/90 h=128 lr=0.001 bs=16
      val_loss=0.002961, best_epoch=16, runtime=0.3 min
    43/90 h=128 lr=0.001 bs=32
      val_loss=0.005104, best_epoch=11, runtime=0.2 min
    44/90 h=128 lr=0.001 bs=64
      val_loss=0.006588, best_epoch=35, runtime=0.1 min
    45/90 h=128 lr=0.001 bs=128
      val_loss=0.009313, best_epoch=40, runtime=0.0 min
    46/90 h=256 lr=1e-05 bs=8
      val_loss=0.007138, best_epoch=44, runtime=0.5 min
    47/90 h=256 lr=1e-05 bs=16
      val_loss=0.012524, best_epoch=48, runtime=0.3 min
    48/90 h=256 lr=1e-05 bs=32
      val_loss=0.018152, best_epoch=78, runtime=0.3 min
    49/90 h=256 lr=1e-05 bs=64
      val_loss=0.018563, best_epoch=114, runtime=0.4 min
    50/90 h=256 lr=1e-05 bs=128
      val_loss=0.028017, best_epoch=137, runtime=0.1 min
    51/90 h=256 lr=0.0001 bs=8
      val_loss=0.003228, best_epoch=15, runtime=0.4 min
    52/90 h=256 lr=0.0001 bs=16
      val_loss=0.004391, best_epoch=15, runtime=0.3 min
    53/90 h=256 lr=0.0001 bs=32
      val_loss=0.004867, best_epoch=24, runtime=0.2 min
    54/90 h=256 lr=0.0001 bs=64
      val_loss=0.009750, best_epoch=30, runtime=0.1 min
    55/90 h=256 lr=0.0001 bs=128
      val_loss=0.014511, best_epoch=41, runtime=0.0 min
    56/90 h=256 lr=0.001 bs=8
      val_loss=0.003688, best_epoch=11, runtime=0.4 min
    57/90 h=256 lr=0.001 bs=16
      val_loss=0.002652, best_epoch=7, runtime=0.2 min
    58/90 h=256 lr=0.001 bs=32
      val_loss=0.006015, best_epoch=5, runtime=0.1 min
    59/90 h=256 lr=0.001 bs=64
      val_loss=0.006730, best_epoch=22, runtime=0.1 min
    60/90 h=256 lr=0.001 bs=128
      val_loss=0.009262, best_epoch=13, runtime=0.0 min
    61/90 h=512 lr=1e-05 bs=8
      val_loss=0.006427, best_epoch=44, runtime=0.7 min
    62/90 h=512 lr=1e-05 bs=16
      val_loss=0.010051, best_epoch=47, runtime=0.4 min
    63/90 h=512 lr=1e-05 bs=32
      val_loss=0.015988, best_epoch=69, runtime=0.2 min
    64/90 h=512 lr=1e-05 bs=64
      val_loss=0.014988, best_epoch=104, runtime=0.3 min
    65/90 h=512 lr=1e-05 bs=128
      val_loss=0.023502, best_epoch=117, runtime=0.2 min
    66/90 h=512 lr=0.0001 bs=8
      val_loss=0.004181, best_epoch=7, runtime=0.3 min
    67/90 h=512 lr=0.0001 bs=16
      val_loss=0.005559, best_epoch=9, runtime=0.2 min
    68/90 h=512 lr=0.0001 bs=32
      val_loss=0.008232, best_epoch=13, runtime=0.1 min
    69/90 h=512 lr=0.0001 bs=64
      val_loss=0.011015, best_epoch=15, runtime=0.1 min
    70/90 h=512 lr=0.0001 bs=128
      val_loss=0.008285, best_epoch=47, runtime=0.1 min
    71/90 h=512 lr=0.001 bs=8
      val_loss=0.001110, best_epoch=15, runtime=0.4 min
    72/90 h=512 lr=0.001 bs=16
      val_loss=0.003040, best_epoch=8, runtime=0.2 min
    73/90 h=512 lr=0.001 bs=32
      val_loss=0.001491, best_epoch=13, runtime=0.2 min
    74/90 h=512 lr=0.001 bs=64
      val_loss=0.004893, best_epoch=30, runtime=0.2 min
    75/90 h=512 lr=0.001 bs=128
      val_loss=0.008833, best_epoch=10, runtime=0.1 min
    76/90 h=1024 lr=1e-05 bs=8
      val_loss=0.010452, best_epoch=21, runtime=0.7 min
    77/90 h=1024 lr=1e-05 bs=16
      val_loss=0.008023, best_epoch=42, runtime=0.5 min
    78/90 h=1024 lr=1e-05 bs=32
      val_loss=0.015318, best_epoch=42, runtime=0.3 min
    79/90 h=1024 lr=1e-05 bs=64
      val_loss=0.016371, best_epoch=63, runtime=0.2 min
    80/90 h=1024 lr=1e-05 bs=128
      val_loss=0.022485, best_epoch=87, runtime=0.1 min
    81/90 h=1024 lr=0.0001 bs=8
      val_loss=0.001614, best_epoch=17, runtime=0.7 min
    82/90 h=1024 lr=0.0001 bs=16
      val_loss=0.003388, best_epoch=15, runtime=0.3 min
    83/90 h=1024 lr=0.0001 bs=32
      val_loss=0.003505, best_epoch=22, runtime=0.2 min
    84/90 h=1024 lr=0.0001 bs=64
      val_loss=0.006833, best_epoch=22, runtime=0.1 min
    85/90 h=1024 lr=0.0001 bs=128
      val_loss=0.012842, best_epoch=20, runtime=0.1 min
    86/90 h=1024 lr=0.001 bs=8
      val_loss=0.005346, best_epoch=7, runtime=0.6 min
    87/90 h=1024 lr=0.001 bs=16
      val_loss=0.004217, best_epoch=14, runtime=0.4 min
    88/90 h=1024 lr=0.001 bs=32
      val_loss=0.003868, best_epoch=9, runtime=0.2 min
    89/90 h=1024 lr=0.001 bs=64
      val_loss=0.004279, best_epoch=19, runtime=0.3 min
    90/90 h=1024 lr=0.001 bs=128
      val_loss=0.006738, best_epoch=15, runtime=0.1 min
  Fold 5: accuracy=1.0000, balanced_accuracy=1.0000, macro_f1=1.0000

wf2_featurewise: Scale every DB feature-wise, then pool
/Users/shahzaibali/Desktop/MLP/case1_full_mlp_pipeline.py:579: RuntimeWarning: All-NaN slice encountered
  minimum = np.nanmin(array, axis=axes, keepdims=True)
/Users/shahzaibali/Desktop/MLP/case1_full_mlp_pipeline.py:580: RuntimeWarning: All-NaN slice encountered
  maximum = np.nanmax(array, axis=axes, keepdims=True)
    1/90 h=32 lr=1e-05 bs=8
      val_loss=0.025258, best_epoch=28, runtime=0.6 min
    2/90 h=32 lr=1e-05 bs=16
      val_loss=0.080903, best_epoch=12, runtime=0.2 min
    3/90 h=32 lr=1e-05 bs=32
      val_loss=1.335223, best_epoch=38, runtime=0.2 min
    4/90 h=32 lr=1e-05 bs=64
      val_loss=0.292624, best_epoch=18, runtime=0.1 min
    5/90 h=32 lr=1e-05 bs=128
      val_loss=0.485077, best_epoch=985, runtime=1.0 min
    6/90 h=32 lr=0.0001 bs=8
      val_loss=0.036468, best_epoch=2, runtime=0.3 min
    7/90 h=32 lr=0.0001 bs=16
      val_loss=0.083205, best_epoch=6, runtime=0.3 min
    8/90 h=32 lr=0.0001 bs=32
      val_loss=0.777615, best_epoch=4, runtime=0.1 min
    9/90 h=32 lr=0.0001 bs=64
      val_loss=0.635603, best_epoch=5, runtime=0.1 min
    10/90 h=32 lr=0.0001 bs=128
      val_loss=0.658510, best_epoch=10, runtime=0.0 min
    11/90 h=32 lr=0.001 bs=8
      val_loss=0.283815, best_epoch=1, runtime=0.3 min
    12/90 h=32 lr=0.001 bs=16
      val_loss=0.747475, best_epoch=2, runtime=0.2 min
    13/90 h=32 lr=0.001 bs=32
      val_loss=1.398275, best_epoch=1, runtime=0.1 min
    14/90 h=32 lr=0.001 bs=64
      val_loss=0.882731, best_epoch=3, runtime=0.1 min
    15/90 h=32 lr=0.001 bs=128
      val_loss=0.096375, best_epoch=1, runtime=0.0 min
    16/90 h=64 lr=1e-05 bs=8
      val_loss=0.435155, best_epoch=21, runtime=0.6 min
    17/90 h=64 lr=1e-05 bs=16
      val_loss=0.982201, best_epoch=4, runtime=0.2 min
    18/90 h=64 lr=1e-05 bs=32
      val_loss=0.800735, best_epoch=14, runtime=0.2 min
    19/90 h=64 lr=1e-05 bs=64
      val_loss=1.967031, best_epoch=271, runtime=0.7 min
    20/90 h=64 lr=1e-05 bs=128
      val_loss=0.379767, best_epoch=79, runtime=0.0 min
    21/90 h=64 lr=0.0001 bs=8
      val_loss=0.504467, best_epoch=2, runtime=0.4 min
    22/90 h=64 lr=0.0001 bs=16
      val_loss=0.544897, best_epoch=3, runtime=0.2 min
    23/90 h=64 lr=0.0001 bs=32
      val_loss=1.253808, best_epoch=4, runtime=0.1 min
    24/90 h=64 lr=0.0001 bs=64
      val_loss=0.030016, best_epoch=10, runtime=0.1 min
    25/90 h=64 lr=0.0001 bs=128
      val_loss=2.065924, best_epoch=2, runtime=0.0 min
    26/90 h=64 lr=0.001 bs=8
      val_loss=1.143619, best_epoch=27, runtime=0.7 min
    27/90 h=64 lr=0.001 bs=16
      val_loss=0.907993, best_epoch=4, runtime=0.2 min
    28/90 h=64 lr=0.001 bs=32
      val_loss=0.411180, best_epoch=1, runtime=0.1 min
    29/90 h=64 lr=0.001 bs=64
      val_loss=1.757130, best_epoch=1, runtime=0.1 min
    30/90 h=64 lr=0.001 bs=128
      val_loss=1.245730, best_epoch=1, runtime=0.0 min
    31/90 h=128 lr=1e-05 bs=8
      val_loss=0.520641, best_epoch=4, runtime=0.4 min
    32/90 h=128 lr=1e-05 bs=16
      val_loss=0.412396, best_epoch=13, runtime=0.3 min
    33/90 h=128 lr=1e-05 bs=32
      val_loss=1.075735, best_epoch=9, runtime=0.2 min
    34/90 h=128 lr=1e-05 bs=64
      val_loss=0.909695, best_epoch=11, runtime=0.0 min
    35/90 h=128 lr=1e-05 bs=128
      val_loss=0.028887, best_epoch=52, runtime=0.0 min
    36/90 h=128 lr=0.0001 bs=8
      val_loss=0.555689, best_epoch=2, runtime=0.4 min
    37/90 h=128 lr=0.0001 bs=16
      val_loss=0.355304, best_epoch=1, runtime=0.2 min
    38/90 h=128 lr=0.0001 bs=32
      val_loss=0.227553, best_epoch=1, runtime=0.1 min
    39/90 h=128 lr=0.0001 bs=64
      val_loss=0.404062, best_epoch=6, runtime=0.1 min
    40/90 h=128 lr=0.0001 bs=128
      val_loss=0.648974, best_epoch=2, runtime=0.0 min
    41/90 h=128 lr=0.001 bs=8
      val_loss=0.932081, best_epoch=3, runtime=0.4 min
    42/90 h=128 lr=0.001 bs=16
      val_loss=0.676777, best_epoch=1, runtime=0.2 min
    43/90 h=128 lr=0.001 bs=32
      val_loss=1.492534, best_epoch=341, runtime=1.8 min
    44/90 h=128 lr=0.001 bs=64
      val_loss=0.973104, best_epoch=51, runtime=0.1 min
    45/90 h=128 lr=0.001 bs=128
      val_loss=0.443365, best_epoch=1, runtime=0.0 min
    46/90 h=256 lr=1e-05 bs=8
      val_loss=0.104662, best_epoch=358, runtime=2.7 min
    47/90 h=256 lr=1e-05 bs=16
      val_loss=1.035429, best_epoch=16, runtime=0.2 min
    48/90 h=256 lr=1e-05 bs=32
      val_loss=0.776166, best_epoch=146, runtime=0.3 min
    49/90 h=256 lr=1e-05 bs=64
      val_loss=0.874092, best_epoch=19, runtime=0.1 min
    50/90 h=256 lr=1e-05 bs=128
      val_loss=0.449035, best_epoch=16, runtime=0.0 min
    51/90 h=256 lr=0.0001 bs=8
      val_loss=0.169019, best_epoch=51, runtime=0.6 min
    52/90 h=256 lr=0.0001 bs=16
      val_loss=0.013141, best_epoch=3, runtime=0.1 min
    53/90 h=256 lr=0.0001 bs=32
      val_loss=0.475955, best_epoch=1, runtime=0.1 min
    54/90 h=256 lr=0.0001 bs=64
      val_loss=0.376024, best_epoch=3, runtime=0.0 min
    55/90 h=256 lr=0.0001 bs=128
      val_loss=0.300241, best_epoch=2, runtime=0.0 min
    56/90 h=256 lr=0.001 bs=8
      val_loss=1.095329, best_epoch=1, runtime=0.2 min
    57/90 h=256 lr=0.001 bs=16
      val_loss=0.674573, best_epoch=1, runtime=0.1 min
    58/90 h=256 lr=0.001 bs=32
      val_loss=2.167770, best_epoch=10, runtime=0.1 min
    59/90 h=256 lr=0.001 bs=64
      val_loss=2.097776, best_epoch=3, runtime=0.0 min
    60/90 h=256 lr=0.001 bs=128
      val_loss=1.030263, best_epoch=1, runtime=0.0 min
    61/90 h=512 lr=1e-05 bs=8
      val_loss=0.223216, best_epoch=3, runtime=0.3 min
    62/90 h=512 lr=1e-05 bs=16
      val_loss=0.441145, best_epoch=4, runtime=0.2 min
    63/90 h=512 lr=1e-05 bs=32
      val_loss=0.037358, best_epoch=14, runtime=0.1 min
    64/90 h=512 lr=1e-05 bs=64
      val_loss=0.093825, best_epoch=14, runtime=0.2 min
    65/90 h=512 lr=1e-05 bs=128
      val_loss=0.603837, best_epoch=26, runtime=0.0 min
    66/90 h=512 lr=0.0001 bs=8
      val_loss=0.013041, best_epoch=1, runtime=0.3 min
    67/90 h=512 lr=0.0001 bs=16
      val_loss=0.407303, best_epoch=304, runtime=1.6 min
    68/90 h=512 lr=0.0001 bs=32
      val_loss=1.011932, best_epoch=2, runtime=0.1 min
    69/90 h=512 lr=0.0001 bs=64
      val_loss=1.761775, best_epoch=1, runtime=0.1 min
    70/90 h=512 lr=0.0001 bs=128
      val_loss=0.364069, best_epoch=1, runtime=0.0 min
    71/90 h=512 lr=0.001 bs=8
      val_loss=0.590887, best_epoch=1, runtime=0.3 min
    72/90 h=512 lr=0.001 bs=16
      val_loss=0.722483, best_epoch=3, runtime=0.2 min
    73/90 h=512 lr=0.001 bs=32
      val_loss=0.909434, best_epoch=56, runtime=0.2 min
    74/90 h=512 lr=0.001 bs=64
      val_loss=2.724111, best_epoch=1, runtime=0.0 min
    75/90 h=512 lr=0.001 bs=128
      val_loss=3.127610, best_epoch=7, runtime=0.0 min
    76/90 h=1024 lr=1e-05 bs=8
      val_loss=0.302053, best_epoch=1, runtime=0.5 min
    77/90 h=1024 lr=1e-05 bs=16
      val_loss=1.071749, best_epoch=3, runtime=0.3 min
    78/90 h=1024 lr=1e-05 bs=32
      val_loss=1.031630, best_epoch=7, runtime=0.2 min
    79/90 h=1024 lr=1e-05 bs=64
      val_loss=0.039148, best_epoch=12, runtime=0.1 min
    80/90 h=1024 lr=1e-05 bs=128
      val_loss=0.025791, best_epoch=37, runtime=0.1 min
    81/90 h=1024 lr=0.0001 bs=8
      val_loss=0.519522, best_epoch=143, runtime=2.7 min
    82/90 h=1024 lr=0.0001 bs=16
      val_loss=0.471556, best_epoch=2, runtime=0.3 min
    83/90 h=1024 lr=0.0001 bs=32
      val_loss=0.048266, best_epoch=107, runtime=0.5 min
    84/90 h=1024 lr=0.0001 bs=64
      val_loss=0.052127, best_epoch=1, runtime=0.1 min
    85/90 h=1024 lr=0.0001 bs=128
      val_loss=0.272356, best_epoch=4, runtime=0.0 min
    86/90 h=1024 lr=0.001 bs=8
      val_loss=3.844490, best_epoch=2, runtime=0.5 min
    87/90 h=1024 lr=0.001 bs=16
      val_loss=0.054708, best_epoch=6, runtime=0.3 min
    88/90 h=1024 lr=0.001 bs=32
      val_loss=1.607020, best_epoch=2, runtime=0.1 min
    89/90 h=1024 lr=0.001 bs=64
      val_loss=1.841449, best_epoch=3, runtime=0.1 min
    90/90 h=1024 lr=0.001 bs=128
      val_loss=3.198244, best_epoch=2, runtime=0.0 min
  Fold 1: accuracy=0.9973, balanced_accuracy=0.9941, macro_f1=0.9949
/Users/shahzaibali/Desktop/MLP/case1_full_mlp_pipeline.py:579: RuntimeWarning: All-NaN slice encountered
  minimum = np.nanmin(array, axis=axes, keepdims=True)
/Users/shahzaibali/Desktop/MLP/case1_full_mlp_pipeline.py:580: RuntimeWarning: All-NaN slice encountered
  maximum = np.nanmax(array, axis=axes, keepdims=True)
    1/90 h=32 lr=1e-05 bs=8
      val_loss=71873.238502, best_epoch=1, runtime=0.3 min
    2/90 h=32 lr=1e-05 bs=16
      val_loss=17439.293257, best_epoch=12, runtime=0.3 min
    3/90 h=32 lr=1e-05 bs=32
      val_loss=28182.734524, best_epoch=1, runtime=0.1 min
    4/90 h=32 lr=1e-05 bs=64
      val_loss=18400.300032, best_epoch=406, runtime=1.0 min
    5/90 h=32 lr=1e-05 bs=128
      val_loss=66000.072215, best_epoch=82, runtime=0.1 min
    6/90 h=32 lr=0.0001 bs=8
      val_loss=48812.945931, best_epoch=123, runtime=1.6 min
    7/90 h=32 lr=0.0001 bs=16
      val_loss=19952.883248, best_epoch=1, runtime=0.2 min
    8/90 h=32 lr=0.0001 bs=32
      val_loss=14657.939386, best_epoch=19, runtime=0.2 min
    9/90 h=32 lr=0.0001 bs=64
      val_loss=14248.707173, best_epoch=1, runtime=0.1 min
    10/90 h=32 lr=0.0001 bs=128
      val_loss=3.603073, best_epoch=3, runtime=0.0 min
    11/90 h=32 lr=0.001 bs=8
      val_loss=88290.090108, best_epoch=1, runtime=0.3 min
    12/90 h=32 lr=0.001 bs=16
      val_loss=30608.449082, best_epoch=2, runtime=0.2 min
    13/90 h=32 lr=0.001 bs=32
      val_loss=12529.603762, best_epoch=450, runtime=2.0 min
    14/90 h=32 lr=0.001 bs=64
      val_loss=9.740585, best_epoch=310, runtime=0.8 min
    15/90 h=32 lr=0.001 bs=128
      val_loss=14100.441224, best_epoch=1, runtime=0.0 min
    16/90 h=64 lr=1e-05 bs=8
      val_loss=53728.102598, best_epoch=1, runtime=0.4 min
    17/90 h=64 lr=1e-05 bs=16
      val_loss=17282.633604, best_epoch=1, runtime=0.2 min
    18/90 h=64 lr=1e-05 bs=32
      val_loss=33619.644069, best_epoch=176, runtime=0.8 min
    19/90 h=64 lr=1e-05 bs=64
      val_loss=65001.818005, best_epoch=300, runtime=0.6 min
    20/90 h=64 lr=1e-05 bs=128
      val_loss=69571.988990, best_epoch=191, runtime=0.1 min
    21/90 h=64 lr=0.0001 bs=8
      val_loss=31282.272899, best_epoch=1, runtime=0.4 min
    22/90 h=64 lr=0.0001 bs=16
      val_loss=45829.600352, best_epoch=1, runtime=0.2 min
    23/90 h=64 lr=0.0001 bs=32
      val_loss=41523.372754, best_epoch=1, runtime=0.1 min
    24/90 h=64 lr=0.0001 bs=64
      val_loss=20571.835168, best_epoch=7, runtime=0.1 min
    25/90 h=64 lr=0.0001 bs=128
      val_loss=7399.792382, best_epoch=1, runtime=0.0 min
    26/90 h=64 lr=0.001 bs=8
      val_loss=80289.170445, best_epoch=1, runtime=0.4 min
    27/90 h=64 lr=0.001 bs=16
      val_loss=150421.553956, best_epoch=2, runtime=0.2 min
    28/90 h=64 lr=0.001 bs=32
      val_loss=80846.763747, best_epoch=397, runtime=1.5 min
    29/90 h=64 lr=0.001 bs=64
      val_loss=26984.838650, best_epoch=1, runtime=0.0 min
    30/90 h=64 lr=0.001 bs=128
      val_loss=16300.514734, best_epoch=1000, runtime=0.5 min
    31/90 h=128 lr=1e-05 bs=8
      val_loss=17300.473687, best_epoch=1, runtime=0.3 min
    32/90 h=128 lr=1e-05 bs=16
      val_loss=3.501152, best_epoch=5, runtime=0.2 min
    33/90 h=128 lr=1e-05 bs=32
      val_loss=33383.027829, best_epoch=1, runtime=0.1 min
    34/90 h=128 lr=1e-05 bs=64
      val_loss=12780.976036, best_epoch=1, runtime=0.0 min
    35/90 h=128 lr=1e-05 bs=128
      val_loss=37435.908679, best_epoch=1000, runtime=0.5 min
    36/90 h=128 lr=0.0001 bs=8
      val_loss=126637.499364, best_epoch=69, runtime=1.1 min
    37/90 h=128 lr=0.0001 bs=16
      val_loss=118718.156783, best_epoch=1, runtime=0.2 min
    38/90 h=128 lr=0.0001 bs=32
      val_loss=27894.343521, best_epoch=4, runtime=0.1 min
    39/90 h=128 lr=0.0001 bs=64
      val_loss=71532.544041, best_epoch=9, runtime=0.1 min
    40/90 h=128 lr=0.0001 bs=128
      val_loss=30767.469236, best_epoch=1, runtime=0.0 min
    41/90 h=128 lr=0.001 bs=8
      val_loss=137791.749848, best_epoch=1, runtime=0.3 min
    42/90 h=128 lr=0.001 bs=16
      val_loss=68993.017631, best_epoch=1, runtime=0.2 min
    43/90 h=128 lr=0.001 bs=32
      val_loss=119668.932873, best_epoch=1, runtime=0.1 min
    44/90 h=128 lr=0.001 bs=64
      val_loss=116324.613342, best_epoch=1, runtime=0.1 min
    45/90 h=128 lr=0.001 bs=128
      val_loss=145469.636010, best_epoch=1, runtime=0.0 min
    46/90 h=256 lr=1e-05 bs=8
      val_loss=86472.525654, best_epoch=2, runtime=0.3 min
    47/90 h=256 lr=1e-05 bs=16
      val_loss=18956.333733, best_epoch=1, runtime=0.1 min
    48/90 h=256 lr=1e-05 bs=32
      val_loss=33018.256001, best_epoch=1, runtime=0.1 min
    49/90 h=256 lr=1e-05 bs=64
      val_loss=13687.359375, best_epoch=1, runtime=0.0 min
    50/90 h=256 lr=1e-05 bs=128
      val_loss=4743.660804, best_epoch=1, runtime=0.0 min
    51/90 h=256 lr=0.0001 bs=8
      val_loss=73288.138853, best_epoch=1, runtime=0.3 min
    52/90 h=256 lr=0.0001 bs=16
      val_loss=69978.478332, best_epoch=1, runtime=0.1 min
    53/90 h=256 lr=0.0001 bs=32
      val_loss=24799.417110, best_epoch=1, runtime=0.1 min
    54/90 h=256 lr=0.0001 bs=64
      val_loss=47932.693653, best_epoch=1, runtime=0.1 min
    55/90 h=256 lr=0.0001 bs=128
      val_loss=1822.026757, best_epoch=28, runtime=0.0 min
    56/90 h=256 lr=0.001 bs=8
      val_loss=11.110678, best_epoch=1, runtime=0.3 min
    57/90 h=256 lr=0.001 bs=16
      val_loss=92939.615063, best_epoch=18, runtime=0.3 min
    58/90 h=256 lr=0.001 bs=32
      val_loss=51761.528693, best_epoch=1, runtime=0.1 min
    59/90 h=256 lr=0.001 bs=64
      val_loss=41716.205311, best_epoch=1, runtime=0.1 min
    60/90 h=256 lr=0.001 bs=128
      val_loss=29958.790803, best_epoch=16, runtime=0.0 min
    61/90 h=512 lr=1e-05 bs=8
      val_loss=108759.432179, best_epoch=1, runtime=0.3 min
    62/90 h=512 lr=1e-05 bs=16
      val_loss=0.427729, best_epoch=3, runtime=0.2 min
    63/90 h=512 lr=1e-05 bs=32
      val_loss=0.271431, best_epoch=9, runtime=0.1 min
    64/90 h=512 lr=1e-05 bs=64
      val_loss=0.574992, best_epoch=3, runtime=0.0 min
    65/90 h=512 lr=1e-05 bs=128
      val_loss=5.400037, best_epoch=3, runtime=0.0 min
    66/90 h=512 lr=0.0001 bs=8
      val_loss=4344.107343, best_epoch=1, runtime=0.3 min
    67/90 h=512 lr=0.0001 bs=16
      val_loss=86697.796511, best_epoch=3, runtime=0.2 min
    68/90 h=512 lr=0.0001 bs=32
      val_loss=74018.644697, best_epoch=1, runtime=0.1 min
    69/90 h=512 lr=0.0001 bs=64
      val_loss=1.105350, best_epoch=1, runtime=0.1 min
    70/90 h=512 lr=0.0001 bs=128
      val_loss=51518.063472, best_epoch=1, runtime=0.0 min
    71/90 h=512 lr=0.001 bs=8
      val_loss=169840.885735, best_epoch=2, runtime=0.3 min
    72/90 h=512 lr=0.001 bs=16
      val_loss=98158.465867, best_epoch=1, runtime=0.2 min
    73/90 h=512 lr=0.001 bs=32
      val_loss=139426.614295, best_epoch=33, runtime=0.2 min
    74/90 h=512 lr=0.001 bs=64
      val_loss=122051.542098, best_epoch=1, runtime=0.0 min
    75/90 h=512 lr=0.001 bs=128
      val_loss=91567.309585, best_epoch=1, runtime=0.0 min
    76/90 h=1024 lr=1e-05 bs=8
      val_loss=39671.598075, best_epoch=189, runtime=3.2 min
    77/90 h=1024 lr=1e-05 bs=16
      val_loss=34633.588806, best_epoch=140, runtime=1.2 min
    78/90 h=1024 lr=1e-05 bs=32
      val_loss=3.827991, best_epoch=7, runtime=0.1 min
    79/90 h=1024 lr=1e-05 bs=64
      val_loss=2.455098, best_epoch=19, runtime=0.1 min
    80/90 h=1024 lr=1e-05 bs=128
      val_loss=20591.117633, best_epoch=1, runtime=0.0 min
    81/90 h=1024 lr=0.0001 bs=8
      val_loss=39165.279308, best_epoch=115, runtime=2.1 min
    82/90 h=1024 lr=0.0001 bs=16
      val_loss=50432.650427, best_epoch=4, runtime=0.2 min
    83/90 h=1024 lr=0.0001 bs=32
      val_loss=52610.003594, best_epoch=1, runtime=0.1 min
    84/90 h=1024 lr=0.0001 bs=64
      val_loss=28922.575777, best_epoch=2, runtime=0.2 min
    85/90 h=1024 lr=0.0001 bs=128
      val_loss=172.902330, best_epoch=1, runtime=0.0 min
    86/90 h=1024 lr=0.001 bs=8
      val_loss=346122.710445, best_epoch=97, runtime=1.8 min
    87/90 h=1024 lr=0.001 bs=16
      val_loss=34230.238147, best_epoch=1, runtime=0.3 min
    88/90 h=1024 lr=0.001 bs=32
      val_loss=141737.400226, best_epoch=1, runtime=0.1 min
    89/90 h=1024 lr=0.001 bs=64
      val_loss=80161.029145, best_epoch=1, runtime=0.1 min
    90/90 h=1024 lr=0.001 bs=128
      val_loss=220261.430052, best_epoch=1, runtime=0.0 min
  Fold 2: accuracy=0.9597, balanced_accuracy=0.9666, macro_f1=0.9652
/Users/shahzaibali/Desktop/MLP/case1_full_mlp_pipeline.py:579: RuntimeWarning: All-NaN slice encountered
  minimum = np.nanmin(array, axis=axes, keepdims=True)
/Users/shahzaibali/Desktop/MLP/case1_full_mlp_pipeline.py:580: RuntimeWarning: All-NaN slice encountered
  maximum = np.nanmax(array, axis=axes, keepdims=True)
    1/90 h=32 lr=1e-05 bs=8
      val_loss=0.025462, best_epoch=24, runtime=0.6 min
    2/90 h=32 lr=1e-05 bs=16
      val_loss=0.054505, best_epoch=28, runtime=0.3 min
    3/90 h=32 lr=1e-05 bs=32
      val_loss=0.011711, best_epoch=80, runtime=0.3 min
    4/90 h=32 lr=1e-05 bs=64
      val_loss=0.091129, best_epoch=79, runtime=0.2 min
    5/90 h=32 lr=1e-05 bs=128
      val_loss=0.067004, best_epoch=143, runtime=0.1 min
    6/90 h=32 lr=0.0001 bs=8
      val_loss=0.002140, best_epoch=50, runtime=0.9 min
    7/90 h=32 lr=0.0001 bs=16
      val_loss=0.062569, best_epoch=6, runtime=0.2 min
    8/90 h=32 lr=0.0001 bs=32
      val_loss=0.094826, best_epoch=6, runtime=0.1 min
    9/90 h=32 lr=0.0001 bs=64
      val_loss=0.083796, best_epoch=12, runtime=0.1 min
    10/90 h=32 lr=0.0001 bs=128
      val_loss=0.046619, best_epoch=20, runtime=0.0 min
    11/90 h=32 lr=0.001 bs=8
      val_loss=0.000397, best_epoch=2, runtime=0.3 min
    12/90 h=32 lr=0.001 bs=16
      val_loss=0.104372, best_epoch=1, runtime=0.2 min
    13/90 h=32 lr=0.001 bs=32
      val_loss=0.015412, best_epoch=1, runtime=0.1 min
    14/90 h=32 lr=0.001 bs=64
      val_loss=0.041350, best_epoch=2, runtime=0.1 min
    15/90 h=32 lr=0.001 bs=128
      val_loss=0.025653, best_epoch=4, runtime=0.0 min
    16/90 h=64 lr=1e-05 bs=8
      val_loss=0.047167, best_epoch=18, runtime=0.5 min
    17/90 h=64 lr=1e-05 bs=16
      val_loss=0.026301, best_epoch=70, runtime=0.7 min
    18/90 h=64 lr=1e-05 bs=32
      val_loss=0.028382, best_epoch=81, runtime=0.3 min
    19/90 h=64 lr=1e-05 bs=64
      val_loss=0.069922, best_epoch=65, runtime=0.2 min
    20/90 h=64 lr=1e-05 bs=128
      val_loss=0.071820, best_epoch=109, runtime=0.1 min
    21/90 h=64 lr=0.0001 bs=8
      val_loss=0.043763, best_epoch=2, runtime=0.3 min
    22/90 h=64 lr=0.0001 bs=16
      val_loss=0.041223, best_epoch=3, runtime=0.2 min
    23/90 h=64 lr=0.0001 bs=32
      val_loss=0.044655, best_epoch=7, runtime=0.1 min
    24/90 h=64 lr=0.0001 bs=64
      val_loss=0.005610, best_epoch=17, runtime=0.1 min
    25/90 h=64 lr=0.0001 bs=128
      val_loss=0.018530, best_epoch=30, runtime=0.0 min
    26/90 h=64 lr=0.001 bs=8
      val_loss=0.085589, best_epoch=1, runtime=0.3 min
    27/90 h=64 lr=0.001 bs=16
      val_loss=0.052996, best_epoch=1, runtime=0.2 min
    28/90 h=64 lr=0.001 bs=32
      val_loss=0.077581, best_epoch=1, runtime=0.1 min
    29/90 h=64 lr=0.001 bs=64
      val_loss=0.065167, best_epoch=1, runtime=0.0 min
    30/90 h=64 lr=0.001 bs=128
      val_loss=0.016265, best_epoch=3, runtime=0.0 min
    31/90 h=128 lr=1e-05 bs=8
      val_loss=0.016703, best_epoch=16, runtime=0.5 min
    32/90 h=128 lr=1e-05 bs=16
      val_loss=0.031491, best_epoch=14, runtime=0.3 min
    33/90 h=128 lr=1e-05 bs=32
      val_loss=0.057459, best_epoch=35, runtime=0.2 min
    34/90 h=128 lr=1e-05 bs=64
      val_loss=0.067460, best_epoch=51, runtime=0.2 min
    35/90 h=128 lr=1e-05 bs=128
      val_loss=0.095538, best_epoch=86, runtime=0.1 min
    36/90 h=128 lr=0.0001 bs=8
      val_loss=0.117560, best_epoch=1, runtime=0.4 min
    37/90 h=128 lr=0.0001 bs=16
      val_loss=0.036335, best_epoch=2, runtime=0.2 min
    38/90 h=128 lr=0.0001 bs=32
      val_loss=0.005566, best_epoch=43, runtime=0.3 min
    39/90 h=128 lr=0.0001 bs=64
      val_loss=0.050660, best_epoch=7, runtime=0.1 min
    40/90 h=128 lr=0.0001 bs=128
      val_loss=0.023672, best_epoch=18, runtime=0.0 min
    41/90 h=128 lr=0.001 bs=8
      val_loss=0.084206, best_epoch=2, runtime=0.4 min
    42/90 h=128 lr=0.001 bs=16
      val_loss=0.048701, best_epoch=1, runtime=0.2 min
    43/90 h=128 lr=0.001 bs=32
      val_loss=0.003784, best_epoch=2, runtime=0.1 min
    44/90 h=128 lr=0.001 bs=64
      val_loss=0.038113, best_epoch=1, runtime=0.1 min
    45/90 h=128 lr=0.001 bs=128
      val_loss=0.008920, best_epoch=2, runtime=0.0 min
    46/90 h=256 lr=1e-05 bs=8
      val_loss=0.025587, best_epoch=7, runtime=0.3 min
    47/90 h=256 lr=1e-05 bs=16
      val_loss=0.029049, best_epoch=12, runtime=0.2 min
    48/90 h=256 lr=1e-05 bs=32
      val_loss=0.080167, best_epoch=76, runtime=0.3 min
    49/90 h=256 lr=1e-05 bs=64
      val_loss=0.037209, best_epoch=50, runtime=0.1 min
    50/90 h=256 lr=1e-05 bs=128
      val_loss=0.063505, best_epoch=76, runtime=0.1 min
    51/90 h=256 lr=0.0001 bs=8
      val_loss=0.041690, best_epoch=2, runtime=0.3 min
    52/90 h=256 lr=0.0001 bs=16
      val_loss=0.008117, best_epoch=8, runtime=0.2 min
    53/90 h=256 lr=0.0001 bs=32
      val_loss=0.042620, best_epoch=2, runtime=0.1 min
    54/90 h=256 lr=0.0001 bs=64
      val_loss=0.008220, best_epoch=6, runtime=0.1 min
    55/90 h=256 lr=0.0001 bs=128
      val_loss=0.107317, best_epoch=22, runtime=0.0 min
    56/90 h=256 lr=0.001 bs=8
      val_loss=0.071274, best_epoch=1, runtime=0.2 min
    57/90 h=256 lr=0.001 bs=16
      val_loss=0.029205, best_epoch=1, runtime=0.1 min
    58/90 h=256 lr=0.001 bs=32
      val_loss=0.042071, best_epoch=1, runtime=0.1 min
    59/90 h=256 lr=0.001 bs=64
      val_loss=0.063339, best_epoch=2, runtime=0.1 min
    60/90 h=256 lr=0.001 bs=128
      val_loss=0.050874, best_epoch=1, runtime=0.0 min
    61/90 h=512 lr=1e-05 bs=8
      val_loss=0.014815, best_epoch=11, runtime=0.4 min
    62/90 h=512 lr=1e-05 bs=16
      val_loss=0.041665, best_epoch=47, runtime=0.4 min
    63/90 h=512 lr=1e-05 bs=32
      val_loss=0.043668, best_epoch=19, runtime=0.2 min
    64/90 h=512 lr=1e-05 bs=64
      val_loss=0.012765, best_epoch=41, runtime=0.2 min
    65/90 h=512 lr=1e-05 bs=128
      val_loss=0.048742, best_epoch=81, runtime=0.1 min
    66/90 h=512 lr=0.0001 bs=8
      val_loss=0.079352, best_epoch=1, runtime=0.3 min
    67/90 h=512 lr=0.0001 bs=16
      val_loss=0.085950, best_epoch=1, runtime=0.2 min
    68/90 h=512 lr=0.0001 bs=32
      val_loss=0.061096, best_epoch=1, runtime=0.1 min
    69/90 h=512 lr=0.0001 bs=64
      val_loss=0.002996, best_epoch=11, runtime=0.1 min
    70/90 h=512 lr=0.0001 bs=128
      val_loss=0.040369, best_epoch=3, runtime=0.0 min
    71/90 h=512 lr=0.001 bs=8
      val_loss=0.031415, best_epoch=1, runtime=0.3 min
    72/90 h=512 lr=0.001 bs=16
      val_loss=0.058270, best_epoch=1, runtime=0.2 min
    73/90 h=512 lr=0.001 bs=32
      val_loss=0.023725, best_epoch=1, runtime=0.1 min
    74/90 h=512 lr=0.001 bs=64
      val_loss=0.134285, best_epoch=1, runtime=0.1 min
    75/90 h=512 lr=0.001 bs=128
      val_loss=0.032516, best_epoch=2, runtime=0.0 min
    76/90 h=1024 lr=1e-05 bs=8
      val_loss=0.056952, best_epoch=7, runtime=0.5 min
    77/90 h=1024 lr=1e-05 bs=16
      val_loss=0.055740, best_epoch=6, runtime=0.3 min
    78/90 h=1024 lr=1e-05 bs=32
      val_loss=0.131594, best_epoch=10, runtime=0.2 min
    79/90 h=1024 lr=1e-05 bs=64
      val_loss=0.024468, best_epoch=26, runtime=0.1 min
    80/90 h=1024 lr=1e-05 bs=128
      val_loss=0.011993, best_epoch=44, runtime=0.1 min
    81/90 h=1024 lr=0.0001 bs=8
      val_loss=0.075969, best_epoch=1, runtime=0.4 min
    82/90 h=1024 lr=0.0001 bs=16
      val_loss=0.035926, best_epoch=1, runtime=0.2 min
    83/90 h=1024 lr=0.0001 bs=32
      val_loss=0.041049, best_epoch=1, runtime=0.1 min
    84/90 h=1024 lr=0.0001 bs=64
      val_loss=0.017089, best_epoch=2, runtime=0.1 min
    85/90 h=1024 lr=0.0001 bs=128
      val_loss=0.072614, best_epoch=3, runtime=0.0 min
    86/90 h=1024 lr=0.001 bs=8
      val_loss=0.133374, best_epoch=1, runtime=0.4 min
    87/90 h=1024 lr=0.001 bs=16
      val_loss=0.030380, best_epoch=1, runtime=0.2 min
    88/90 h=1024 lr=0.001 bs=32
      val_loss=0.043351, best_epoch=2, runtime=0.1 min
    89/90 h=1024 lr=0.001 bs=64
      val_loss=0.085136, best_epoch=1, runtime=0.1 min
    90/90 h=1024 lr=0.001 bs=128
      val_loss=0.055824, best_epoch=3, runtime=0.0 min
  Fold 3: accuracy=0.9482, balanced_accuracy=0.9685, macro_f1=0.9472
/Users/shahzaibali/Desktop/MLP/case1_full_mlp_pipeline.py:579: RuntimeWarning: All-NaN slice encountered
  minimum = np.nanmin(array, axis=axes, keepdims=True)
/Users/shahzaibali/Desktop/MLP/case1_full_mlp_pipeline.py:580: RuntimeWarning: All-NaN slice encountered
  maximum = np.nanmax(array, axis=axes, keepdims=True)
    1/90 h=32 lr=1e-05 bs=8
      val_loss=8184.321137, best_epoch=1, runtime=0.3 min
    2/90 h=32 lr=1e-05 bs=16
      val_loss=9016.102719, best_epoch=1, runtime=0.2 min
    3/90 h=32 lr=1e-05 bs=32
      val_loss=44884.648269, best_epoch=1, runtime=0.1 min
    4/90 h=32 lr=1e-05 bs=64
      val_loss=15091.918877, best_epoch=1, runtime=0.0 min
    5/90 h=32 lr=1e-05 bs=128
      val_loss=36242.829901, best_epoch=1, runtime=0.0 min
    6/90 h=32 lr=0.0001 bs=8
      val_loss=92572.456720, best_epoch=1, runtime=0.3 min
    7/90 h=32 lr=0.0001 bs=16
      val_loss=54929.907173, best_epoch=1, runtime=0.2 min
    8/90 h=32 lr=0.0001 bs=32
      val_loss=43013.350689, best_epoch=6, runtime=0.1 min
    9/90 h=32 lr=0.0001 bs=64
      val_loss=39843.952075, best_epoch=1, runtime=0.0 min
    10/90 h=32 lr=0.0001 bs=128
      val_loss=40774.548207, best_epoch=1, runtime=0.0 min
    11/90 h=32 lr=0.001 bs=8
      val_loss=34283.264869, best_epoch=1, runtime=0.3 min
    12/90 h=32 lr=0.001 bs=16
      val_loss=161678.480109, best_epoch=4, runtime=0.2 min
    13/90 h=32 lr=0.001 bs=32
      val_loss=119574.498962, best_epoch=1, runtime=0.1 min
    14/90 h=32 lr=0.001 bs=64
      val_loss=4047.476835, best_epoch=1, runtime=0.0 min
    15/90 h=32 lr=0.001 bs=128
      val_loss=0.093492, best_epoch=1, runtime=0.0 min
    16/90 h=64 lr=1e-05 bs=8
      val_loss=0.029621, best_epoch=38, runtime=0.8 min
    17/90 h=64 lr=1e-05 bs=16
      val_loss=0.009356, best_epoch=53, runtime=0.6 min
    18/90 h=64 lr=1e-05 bs=32
      val_loss=118936.866569, best_epoch=1, runtime=0.1 min
    19/90 h=64 lr=1e-05 bs=64
      val_loss=46172.888929, best_epoch=23, runtime=0.1 min
    20/90 h=64 lr=1e-05 bs=128
      val_loss=18428.823058, best_epoch=1, runtime=0.0 min
    21/90 h=64 lr=0.0001 bs=8
      val_loss=39750.836467, best_epoch=1, runtime=0.4 min
    22/90 h=64 lr=0.0001 bs=16
      val_loss=532.727115, best_epoch=1, runtime=0.2 min
    23/90 h=64 lr=0.0001 bs=32
      val_loss=87427.343796, best_epoch=14, runtime=0.2 min
    24/90 h=64 lr=0.0001 bs=64
      val_loss=22383.927608, best_epoch=1, runtime=0.1 min
    25/90 h=64 lr=0.0001 bs=128
      val_loss=45656.038437, best_epoch=1, runtime=0.0 min
    26/90 h=64 lr=0.001 bs=8
      val_loss=58917.649129, best_epoch=1, runtime=0.4 min
    27/90 h=64 lr=0.001 bs=16
      val_loss=7308.824976, best_epoch=1, runtime=0.2 min
    28/90 h=64 lr=0.001 bs=32
      val_loss=34337.848085, best_epoch=1, runtime=0.1 min
    29/90 h=64 lr=0.001 bs=64
      val_loss=86711.819121, best_epoch=1, runtime=0.1 min
    30/90 h=64 lr=0.001 bs=128
      val_loss=33850.948805, best_epoch=1, runtime=0.0 min
    31/90 h=128 lr=1e-05 bs=8
      val_loss=2503.028171, best_epoch=1, runtime=0.4 min
    32/90 h=128 lr=1e-05 bs=16
      val_loss=0.073876, best_epoch=5, runtime=0.3 min
    33/90 h=128 lr=1e-05 bs=32
      val_loss=38345.686541, best_epoch=1, runtime=0.1 min
    34/90 h=128 lr=1e-05 bs=64
      val_loss=64863.616602, best_epoch=1, runtime=0.1 min
    35/90 h=128 lr=1e-05 bs=128
      val_loss=31159.044251, best_epoch=1, runtime=0.0 min
    36/90 h=128 lr=0.0001 bs=8
      val_loss=24176.803333, best_epoch=1, runtime=0.4 min
    37/90 h=128 lr=0.0001 bs=16
      val_loss=20231.679935, best_epoch=1, runtime=0.3 min
    38/90 h=128 lr=0.0001 bs=32
      val_loss=68207.370912, best_epoch=1, runtime=0.1 min
    39/90 h=128 lr=0.0001 bs=64
      val_loss=74583.325662, best_epoch=1, runtime=0.1 min
    40/90 h=128 lr=0.0001 bs=128
      val_loss=2225.689188, best_epoch=1, runtime=0.0 min
    41/90 h=128 lr=0.001 bs=8
      val_loss=64860.419149, best_epoch=1, runtime=0.4 min
    42/90 h=128 lr=0.001 bs=16
      val_loss=178119.321514, best_epoch=1, runtime=0.2 min
    43/90 h=128 lr=0.001 bs=32
      val_loss=248452.111247, best_epoch=1, runtime=0.1 min
    44/90 h=128 lr=0.001 bs=64
      val_loss=121059.833979, best_epoch=1, runtime=0.1 min
    45/90 h=128 lr=0.001 bs=128
      val_loss=61965.023337, best_epoch=1, runtime=0.0 min
    46/90 h=256 lr=1e-05 bs=8
      val_loss=87474.438463, best_epoch=1, runtime=0.4 min
    47/90 h=256 lr=1e-05 bs=16
      val_loss=70755.451799, best_epoch=1, runtime=0.2 min
    48/90 h=256 lr=1e-05 bs=32
      val_loss=28763.041599, best_epoch=1, runtime=0.2 min
    49/90 h=256 lr=1e-05 bs=64
      val_loss=59702.784318, best_epoch=1, runtime=0.1 min
    50/90 h=256 lr=1e-05 bs=128
      val_loss=31587.811329, best_epoch=1, runtime=0.0 min
    51/90 h=256 lr=0.0001 bs=8
      val_loss=96232.550781, best_epoch=1, runtime=0.3 min
    52/90 h=256 lr=0.0001 bs=16
      val_loss=88608.201692, best_epoch=1, runtime=0.1 min
    53/90 h=256 lr=0.0001 bs=32
      val_loss=124131.009257, best_epoch=1, runtime=0.1 min
    54/90 h=256 lr=0.0001 bs=64
      val_loss=67362.656411, best_epoch=1, runtime=0.1 min
    55/90 h=256 lr=0.0001 bs=128
      val_loss=32378.233245, best_epoch=1, runtime=0.0 min
    56/90 h=256 lr=0.001 bs=8
      val_loss=127404.346254, best_epoch=7, runtime=0.4 min
    57/90 h=256 lr=0.001 bs=16
      val_loss=181585.671692, best_epoch=4, runtime=0.3 min
    58/90 h=256 lr=0.001 bs=32
      val_loss=232940.390073, best_epoch=1, runtime=0.1 min
    59/90 h=256 lr=0.001 bs=64
      val_loss=208030.653424, best_epoch=1, runtime=0.1 min
    60/90 h=256 lr=0.001 bs=128
      val_loss=53064.067466, best_epoch=1, runtime=0.0 min
    61/90 h=512 lr=1e-05 bs=8
      val_loss=4016.606189, best_epoch=1, runtime=0.3 min
    62/90 h=512 lr=1e-05 bs=16
      val_loss=85022.777122, best_epoch=1, runtime=0.1 min
    63/90 h=512 lr=1e-05 bs=32
      val_loss=54058.520025, best_epoch=1, runtime=0.2 min
    64/90 h=512 lr=1e-05 bs=64
      val_loss=132.678235, best_epoch=1, runtime=0.1 min
    65/90 h=512 lr=1e-05 bs=128
      val_loss=4818.212028, best_epoch=1, runtime=0.0 min
    66/90 h=512 lr=0.0001 bs=8
      val_loss=67395.830155, best_epoch=1, runtime=0.3 min
    67/90 h=512 lr=0.0001 bs=16
      val_loss=46470.515770, best_epoch=1, runtime=0.1 min
    68/90 h=512 lr=0.0001 bs=32
      val_loss=94241.400831, best_epoch=1, runtime=0.1 min
    69/90 h=512 lr=0.0001 bs=64
      val_loss=121113.334625, best_epoch=1, runtime=0.1 min
    70/90 h=512 lr=0.0001 bs=128
      val_loss=0.079986, best_epoch=1, runtime=0.0 min
    71/90 h=512 lr=0.001 bs=8
      val_loss=238286.524896, best_epoch=2, runtime=0.3 min
    72/90 h=512 lr=0.001 bs=16
      val_loss=224611.322043, best_epoch=1, runtime=0.1 min
    73/90 h=512 lr=0.001 bs=32
      val_loss=202454.894057, best_epoch=78, runtime=0.3 min
    74/90 h=512 lr=0.001 bs=64
      val_loss=170380.109658, best_epoch=1, runtime=0.1 min
    75/90 h=512 lr=0.001 bs=128
      val_loss=148711.811531, best_epoch=1, runtime=0.0 min
    76/90 h=1024 lr=1e-05 bs=8
      val_loss=18225.629556, best_epoch=1, runtime=0.4 min
    77/90 h=1024 lr=1e-05 bs=16
      val_loss=46586.247353, best_epoch=1, runtime=0.2 min
    78/90 h=1024 lr=1e-05 bs=32
      val_loss=113426.618838, best_epoch=1, runtime=0.2 min
    79/90 h=1024 lr=1e-05 bs=64
      val_loss=62488.344557, best_epoch=1, runtime=0.1 min
    80/90 h=1024 lr=1e-05 bs=128
      val_loss=27229.663194, best_epoch=1, runtime=0.0 min
    81/90 h=1024 lr=0.0001 bs=8
      val_loss=53111.994353, best_epoch=1, runtime=0.4 min
    82/90 h=1024 lr=0.0001 bs=16
      val_loss=32350.401881, best_epoch=1, runtime=0.2 min
    83/90 h=1024 lr=0.0001 bs=32
      val_loss=13104.109485, best_epoch=1, runtime=0.1 min
    84/90 h=1024 lr=0.0001 bs=64
      val_loss=32778.819808, best_epoch=1, runtime=0.1 min
    85/90 h=1024 lr=0.0001 bs=128
      val_loss=70395.315326, best_epoch=1, runtime=0.1 min
    86/90 h=1024 lr=0.001 bs=8
      val_loss=140953.049742, best_epoch=1, runtime=0.5 min
    87/90 h=1024 lr=0.001 bs=16
      val_loss=372367.824524, best_epoch=1, runtime=0.2 min
    88/90 h=1024 lr=0.001 bs=32
      val_loss=281638.064599, best_epoch=1, runtime=0.2 min
    89/90 h=1024 lr=0.001 bs=64
      val_loss=206909.156977, best_epoch=1, runtime=0.1 min
    90/90 h=1024 lr=0.001 bs=128
      val_loss=299818.682171, best_epoch=1, runtime=0.0 min
  Fold 4: accuracy=0.9506, balanced_accuracy=0.9655, macro_f1=0.9452
/Users/shahzaibali/Desktop/MLP/case1_full_mlp_pipeline.py:579: RuntimeWarning: All-NaN slice encountered
  minimum = np.nanmin(array, axis=axes, keepdims=True)
/Users/shahzaibali/Desktop/MLP/case1_full_mlp_pipeline.py:580: RuntimeWarning: All-NaN slice encountered
  maximum = np.nanmax(array, axis=axes, keepdims=True)
    1/90 h=32 lr=1e-05 bs=8
      val_loss=0.017696, best_epoch=56, runtime=0.9 min
    2/90 h=32 lr=1e-05 bs=16
      val_loss=0.005452, best_epoch=54, runtime=0.5 min
    3/90 h=32 lr=1e-05 bs=32
      val_loss=0.027324, best_epoch=85, runtime=0.4 min
    4/90 h=32 lr=1e-05 bs=64
      val_loss=0.016306, best_epoch=151, runtime=0.3 min
    5/90 h=32 lr=1e-05 bs=128
      val_loss=0.042959, best_epoch=181, runtime=0.2 min
    6/90 h=32 lr=0.0001 bs=8
      val_loss=0.002430, best_epoch=12, runtime=0.5 min
    7/90 h=32 lr=0.0001 bs=16
      val_loss=0.003499, best_epoch=11, runtime=0.2 min
    8/90 h=32 lr=0.0001 bs=32
      val_loss=0.006187, best_epoch=12, runtime=0.1 min
    9/90 h=32 lr=0.0001 bs=64
      val_loss=0.005966, best_epoch=56, runtime=0.1 min
    10/90 h=32 lr=0.0001 bs=128
      val_loss=0.047284, best_epoch=51, runtime=0.1 min
    11/90 h=32 lr=0.001 bs=8
      val_loss=0.003190, best_epoch=1, runtime=0.4 min
    12/90 h=32 lr=0.001 bs=16
      val_loss=0.006038, best_epoch=3, runtime=0.2 min
    13/90 h=32 lr=0.001 bs=32
      val_loss=0.018811, best_epoch=31, runtime=0.2 min
    14/90 h=32 lr=0.001 bs=64
      val_loss=0.002785, best_epoch=6, runtime=0.1 min
    15/90 h=32 lr=0.001 bs=128
      val_loss=0.024405, best_epoch=3, runtime=0.0 min
    16/90 h=64 lr=1e-05 bs=8
      val_loss=0.032156, best_epoch=60, runtime=1.2 min
    17/90 h=64 lr=1e-05 bs=16
      val_loss=0.020112, best_epoch=44, runtime=0.5 min
    18/90 h=64 lr=1e-05 bs=32
      val_loss=0.043308, best_epoch=75, runtime=0.4 min
    19/90 h=64 lr=1e-05 bs=64
      val_loss=0.010293, best_epoch=99, runtime=0.3 min
    20/90 h=64 lr=1e-05 bs=128
      val_loss=0.023579, best_epoch=155, runtime=0.2 min
    21/90 h=64 lr=0.0001 bs=8
      val_loss=0.007925, best_epoch=33, runtime=0.8 min
    22/90 h=64 lr=0.0001 bs=16
      val_loss=0.046065, best_epoch=33, runtime=0.4 min
    23/90 h=64 lr=0.0001 bs=32
      val_loss=0.003381, best_epoch=13, runtime=0.2 min
    24/90 h=64 lr=0.0001 bs=64
      val_loss=0.012515, best_epoch=17, runtime=0.1 min
    25/90 h=64 lr=0.0001 bs=128
      val_loss=0.012309, best_epoch=38, runtime=0.0 min
    26/90 h=64 lr=0.001 bs=8
      val_loss=0.004568, best_epoch=12, runtime=0.5 min
    27/90 h=64 lr=0.001 bs=16
      val_loss=0.012131, best_epoch=23, runtime=0.4 min
    28/90 h=64 lr=0.001 bs=32
      val_loss=0.001663, best_epoch=2, runtime=0.1 min
    29/90 h=64 lr=0.001 bs=64
      val_loss=0.019238, best_epoch=16, runtime=0.1 min
    30/90 h=64 lr=0.001 bs=128
      val_loss=0.035466, best_epoch=12, runtime=0.0 min
    31/90 h=128 lr=1e-05 bs=8
      val_loss=0.025203, best_epoch=56, runtime=1.1 min
    32/90 h=128 lr=1e-05 bs=16
      val_loss=0.003813, best_epoch=38, runtime=0.6 min
    33/90 h=128 lr=1e-05 bs=32
      val_loss=0.006875, best_epoch=45, runtime=0.3 min
    34/90 h=128 lr=1e-05 bs=64
      val_loss=0.050251, best_epoch=77, runtime=0.2 min
    35/90 h=128 lr=1e-05 bs=128
      val_loss=0.038093, best_epoch=101, runtime=0.1 min
    36/90 h=128 lr=0.0001 bs=8
      val_loss=0.002883, best_epoch=16, runtime=0.6 min
    37/90 h=128 lr=0.0001 bs=16
      val_loss=0.007668, best_epoch=18, runtime=0.4 min
    38/90 h=128 lr=0.0001 bs=32
      val_loss=0.002890, best_epoch=14, runtime=0.2 min
    39/90 h=128 lr=0.0001 bs=64
      val_loss=0.022667, best_epoch=16, runtime=0.1 min
    40/90 h=128 lr=0.0001 bs=128
      val_loss=0.064859, best_epoch=49, runtime=0.1 min
    41/90 h=128 lr=0.001 bs=8
      val_loss=0.001574, best_epoch=1, runtime=0.4 min
    42/90 h=128 lr=0.001 bs=16
      val_loss=0.003363, best_epoch=1, runtime=0.3 min
    43/90 h=128 lr=0.001 bs=32
      val_loss=0.002663, best_epoch=1, runtime=0.1 min
    44/90 h=128 lr=0.001 bs=64
      val_loss=0.001209, best_epoch=3, runtime=0.1 min
    45/90 h=128 lr=0.001 bs=128
      val_loss=0.003628, best_epoch=4, runtime=0.0 min
    46/90 h=256 lr=1e-05 bs=8
      val_loss=0.005281, best_epoch=25, runtime=0.7 min
    47/90 h=256 lr=1e-05 bs=16
      val_loss=0.004765, best_epoch=30, runtime=0.6 min
    48/90 h=256 lr=1e-05 bs=32
      val_loss=0.023785, best_epoch=39, runtime=0.3 min
    49/90 h=256 lr=1e-05 bs=64
      val_loss=0.007121, best_epoch=62, runtime=0.2 min
    50/90 h=256 lr=1e-05 bs=128
      val_loss=0.049458, best_epoch=87, runtime=0.1 min
    51/90 h=256 lr=0.0001 bs=8
      val_loss=0.002115, best_epoch=9, runtime=0.4 min
    52/90 h=256 lr=0.0001 bs=16
      val_loss=0.007781, best_epoch=26, runtime=0.3 min
    53/90 h=256 lr=0.0001 bs=32
      val_loss=0.006187, best_epoch=19, runtime=0.2 min
    54/90 h=256 lr=0.0001 bs=64
      val_loss=0.010825, best_epoch=33, runtime=0.1 min
    55/90 h=256 lr=0.0001 bs=128
      val_loss=0.037633, best_epoch=19, runtime=0.0 min
    56/90 h=256 lr=0.001 bs=8
      val_loss=0.002325, best_epoch=1, runtime=0.3 min
    57/90 h=256 lr=0.001 bs=16
      val_loss=0.002322, best_epoch=1, runtime=0.3 min
    58/90 h=256 lr=0.001 bs=32
      val_loss=0.007742, best_epoch=3, runtime=0.1 min
    59/90 h=256 lr=0.001 bs=64
      val_loss=0.002407, best_epoch=3, runtime=0.1 min
    60/90 h=256 lr=0.001 bs=128
      val_loss=0.032465, best_epoch=2, runtime=0.0 min
    61/90 h=512 lr=1e-05 bs=8
      val_loss=0.002994, best_epoch=24, runtime=0.5 min
    62/90 h=512 lr=1e-05 bs=16
      val_loss=0.005429, best_epoch=18, runtime=0.2 min
    63/90 h=512 lr=1e-05 bs=32
      val_loss=0.012935, best_epoch=40, runtime=0.4 min
    64/90 h=512 lr=1e-05 bs=64
      val_loss=0.004385, best_epoch=68, runtime=0.3 min
    65/90 h=512 lr=1e-05 bs=128
      val_loss=0.036248, best_epoch=78, runtime=0.1 min
    66/90 h=512 lr=0.0001 bs=8
      val_loss=0.010680, best_epoch=5, runtime=0.3 min
    67/90 h=512 lr=0.0001 bs=16
      val_loss=0.008456, best_epoch=7, runtime=0.2 min
    68/90 h=512 lr=0.0001 bs=32
      val_loss=0.009553, best_epoch=10, runtime=0.2 min
    69/90 h=512 lr=0.0001 bs=64
      val_loss=0.004230, best_epoch=15, runtime=0.1 min
    70/90 h=512 lr=0.0001 bs=128
      val_loss=0.009341, best_epoch=5, runtime=0.0 min
    71/90 h=512 lr=0.001 bs=8
      val_loss=0.001477, best_epoch=30, runtime=0.5 min
    72/90 h=512 lr=0.001 bs=16
      val_loss=0.002808, best_epoch=3, runtime=0.2 min
    73/90 h=512 lr=0.001 bs=32
      val_loss=0.003225, best_epoch=1, runtime=0.2 min
    74/90 h=512 lr=0.001 bs=64
      val_loss=0.001156, best_epoch=2, runtime=0.1 min
    75/90 h=512 lr=0.001 bs=128
      val_loss=0.006798, best_epoch=3, runtime=0.0 min
    76/90 h=1024 lr=1e-05 bs=8
      val_loss=0.007353, best_epoch=19, runtime=0.7 min
    77/90 h=1024 lr=1e-05 bs=16
      val_loss=0.002763, best_epoch=23, runtime=0.4 min
    78/90 h=1024 lr=1e-05 bs=32
      val_loss=0.017893, best_epoch=27, runtime=0.2 min
    79/90 h=1024 lr=1e-05 bs=64
      val_loss=0.016015, best_epoch=43, runtime=0.1 min
    80/90 h=1024 lr=1e-05 bs=128
      val_loss=0.034839, best_epoch=58, runtime=0.1 min
    81/90 h=1024 lr=0.0001 bs=8
      val_loss=0.001443, best_epoch=135, runtime=2.3 min
    82/90 h=1024 lr=0.0001 bs=16
      val_loss=0.024691, best_epoch=19, runtime=0.4 min
    83/90 h=1024 lr=0.0001 bs=32
      val_loss=0.039439, best_epoch=2, runtime=0.3 min
    84/90 h=1024 lr=0.0001 bs=64
      val_loss=0.006153, best_epoch=18, runtime=0.2 min
    85/90 h=1024 lr=0.0001 bs=128
      val_loss=0.014508, best_epoch=19, runtime=0.1 min
    86/90 h=1024 lr=0.001 bs=8
      val_loss=0.000176, best_epoch=1, runtime=0.4 min
    87/90 h=1024 lr=0.001 bs=16
      val_loss=0.000212, best_epoch=2, runtime=0.2 min
    88/90 h=1024 lr=0.001 bs=32
      val_loss=0.025258, best_epoch=1, runtime=0.1 min
    89/90 h=1024 lr=0.001 bs=64
      val_loss=0.001210, best_epoch=1, runtime=0.1 min
    90/90 h=1024 lr=0.001 bs=128
      val_loss=0.001546, best_epoch=3, runtime=0.0 min
  Fold 5: accuracy=0.9974, balanced_accuracy=0.9939, macro_f1=0.9945

wf2_timeserieswise: Scale every DB channel-wise, then pool
/Users/shahzaibali/Desktop/MLP/case1_full_mlp_pipeline.py:579: RuntimeWarning: All-NaN slice encountered
  minimum = np.nanmin(array, axis=axes, keepdims=True)
/Users/shahzaibali/Desktop/MLP/case1_full_mlp_pipeline.py:580: RuntimeWarning: All-NaN slice encountered
  maximum = np.nanmax(array, axis=axes, keepdims=True)
    1/90 h=32 lr=1e-05 bs=8
      val_loss=0.012692, best_epoch=53, runtime=1.0 min
    2/90 h=32 lr=1e-05 bs=16
      val_loss=0.012435, best_epoch=62, runtime=0.6 min
    3/90 h=32 lr=1e-05 bs=32
      val_loss=0.048421, best_epoch=96, runtime=0.4 min
    4/90 h=32 lr=1e-05 bs=64
      val_loss=0.044865, best_epoch=141, runtime=0.3 min
    5/90 h=32 lr=1e-05 bs=128
      val_loss=0.079833, best_epoch=188, runtime=0.1 min
    6/90 h=32 lr=0.0001 bs=8
      val_loss=0.025592, best_epoch=6, runtime=0.2 min
    7/90 h=32 lr=0.0001 bs=16
      val_loss=0.012673, best_epoch=31, runtime=0.2 min
    8/90 h=32 lr=0.0001 bs=32
      val_loss=0.012460, best_epoch=39, runtime=0.1 min
    9/90 h=32 lr=0.0001 bs=64
      val_loss=0.032189, best_epoch=51, runtime=0.1 min
    10/90 h=32 lr=0.0001 bs=128
      val_loss=0.044307, best_epoch=37, runtime=0.0 min
    11/90 h=32 lr=0.001 bs=8
      val_loss=0.010283, best_epoch=38, runtime=0.4 min
    12/90 h=32 lr=0.001 bs=16
      val_loss=0.012237, best_epoch=13, runtime=0.1 min
    13/90 h=32 lr=0.001 bs=32
      val_loss=0.070751, best_epoch=5, runtime=0.1 min
    14/90 h=32 lr=0.001 bs=64
      val_loss=0.092727, best_epoch=3, runtime=0.0 min
    15/90 h=32 lr=0.001 bs=128
      val_loss=0.019035, best_epoch=32, runtime=0.0 min
    16/90 h=64 lr=1e-05 bs=8
      val_loss=0.007614, best_epoch=90, runtime=0.8 min
    17/90 h=64 lr=1e-05 bs=16
      val_loss=0.019830, best_epoch=73, runtime=0.4 min
    18/90 h=64 lr=1e-05 bs=32
      val_loss=0.047289, best_epoch=101, runtime=0.2 min
    19/90 h=64 lr=1e-05 bs=64
      val_loss=0.027921, best_epoch=129, runtime=0.2 min
    20/90 h=64 lr=1e-05 bs=128
      val_loss=0.047417, best_epoch=157, runtime=0.1 min
    21/90 h=64 lr=0.0001 bs=8
      val_loss=0.015275, best_epoch=27, runtime=0.4 min
    22/90 h=64 lr=0.0001 bs=16
      val_loss=0.009804, best_epoch=30, runtime=0.2 min
    23/90 h=64 lr=0.0001 bs=32
      val_loss=0.021900, best_epoch=24, runtime=0.1 min
    24/90 h=64 lr=0.0001 bs=64
      val_loss=0.042047, best_epoch=34, runtime=0.1 min
    25/90 h=64 lr=0.0001 bs=128
      val_loss=0.034728, best_epoch=66, runtime=0.1 min
    26/90 h=64 lr=0.001 bs=8
      val_loss=0.011234, best_epoch=3, runtime=0.2 min
    27/90 h=64 lr=0.001 bs=16
      val_loss=0.016005, best_epoch=88, runtime=0.4 min
    28/90 h=64 lr=0.001 bs=32
      val_loss=0.015482, best_epoch=2, runtime=0.1 min
    29/90 h=64 lr=0.001 bs=64
      val_loss=0.021882, best_epoch=36, runtime=0.1 min
    30/90 h=64 lr=0.001 bs=128
      val_loss=0.024813, best_epoch=3, runtime=0.0 min
    31/90 h=128 lr=1e-05 bs=8
      val_loss=0.019135, best_epoch=20, runtime=0.4 min
    32/90 h=128 lr=1e-05 bs=16
      val_loss=0.017176, best_epoch=56, runtime=0.4 min
    33/90 h=128 lr=1e-05 bs=32
      val_loss=0.051932, best_epoch=87, runtime=0.3 min
    34/90 h=128 lr=1e-05 bs=64
      val_loss=0.047718, best_epoch=100, runtime=0.2 min
    35/90 h=128 lr=1e-05 bs=128
      val_loss=0.023850, best_epoch=109, runtime=0.1 min
    36/90 h=128 lr=0.0001 bs=8
      val_loss=0.019503, best_epoch=2, runtime=0.3 min
    37/90 h=128 lr=0.0001 bs=16
      val_loss=0.015809, best_epoch=70, runtime=0.4 min
    38/90 h=128 lr=0.0001 bs=32
      val_loss=0.013246, best_epoch=37, runtime=0.2 min
    39/90 h=128 lr=0.0001 bs=64
      val_loss=0.030482, best_epoch=53, runtime=0.1 min
    40/90 h=128 lr=0.0001 bs=128
      val_loss=0.027577, best_epoch=36, runtime=0.0 min
    41/90 h=128 lr=0.001 bs=8
      val_loss=0.004195, best_epoch=14, runtime=0.4 min
    42/90 h=128 lr=0.001 bs=16
      val_loss=0.021328, best_epoch=1, runtime=0.1 min
    43/90 h=128 lr=0.001 bs=32
      val_loss=0.047699, best_epoch=2, runtime=0.1 min
    44/90 h=128 lr=0.001 bs=64
      val_loss=0.016543, best_epoch=2, runtime=0.0 min
    45/90 h=128 lr=0.001 bs=128
      val_loss=0.018697, best_epoch=6, runtime=0.0 min
    46/90 h=256 lr=1e-05 bs=8
      val_loss=0.007115, best_epoch=45, runtime=0.8 min
    47/90 h=256 lr=1e-05 bs=16
      val_loss=0.029387, best_epoch=74, runtime=0.6 min
    48/90 h=256 lr=1e-05 bs=32
      val_loss=0.023986, best_epoch=66, runtime=0.3 min
    49/90 h=256 lr=1e-05 bs=64
      val_loss=0.045084, best_epoch=97, runtime=0.2 min
    50/90 h=256 lr=1e-05 bs=128
      val_loss=0.037146, best_epoch=93, runtime=0.1 min
    51/90 h=256 lr=0.0001 bs=8
      val_loss=0.011328, best_epoch=48, runtime=0.8 min
    52/90 h=256 lr=0.0001 bs=16
      val_loss=0.018110, best_epoch=9, runtime=0.2 min
    53/90 h=256 lr=0.0001 bs=32
      val_loss=0.014406, best_epoch=35, runtime=0.2 min
    54/90 h=256 lr=0.0001 bs=64
      val_loss=0.025710, best_epoch=68, runtime=0.3 min
    55/90 h=256 lr=0.0001 bs=128
      val_loss=0.042545, best_epoch=53, runtime=0.1 min
    56/90 h=256 lr=0.001 bs=8
      val_loss=0.045617, best_epoch=1, runtime=0.4 min
    57/90 h=256 lr=0.001 bs=16
      val_loss=0.021869, best_epoch=4, runtime=0.2 min
    58/90 h=256 lr=0.001 bs=32
      val_loss=0.038665, best_epoch=30, runtime=0.3 min
    59/90 h=256 lr=0.001 bs=64
      val_loss=0.072781, best_epoch=2, runtime=0.1 min
    60/90 h=256 lr=0.001 bs=128
      val_loss=0.073363, best_epoch=5, runtime=0.0 min
    61/90 h=512 lr=1e-05 bs=8
      val_loss=0.020245, best_epoch=28, runtime=0.5 min
    62/90 h=512 lr=1e-05 bs=16
      val_loss=0.021233, best_epoch=25, runtime=0.3 min
    63/90 h=512 lr=1e-05 bs=32
      val_loss=0.030761, best_epoch=59, runtime=0.2 min
    64/90 h=512 lr=1e-05 bs=64
      val_loss=0.032364, best_epoch=53, runtime=0.3 min
    65/90 h=512 lr=1e-05 bs=128
      val_loss=0.043518, best_epoch=101, runtime=0.1 min
    66/90 h=512 lr=0.0001 bs=8
      val_loss=0.007765, best_epoch=3, runtime=0.3 min
    67/90 h=512 lr=0.0001 bs=16
      val_loss=0.013217, best_epoch=36, runtime=0.3 min
    68/90 h=512 lr=0.0001 bs=32
      val_loss=0.025444, best_epoch=28, runtime=0.3 min
    69/90 h=512 lr=0.0001 bs=64
      val_loss=0.017382, best_epoch=57, runtime=0.3 min
    70/90 h=512 lr=0.0001 bs=128
      val_loss=0.027517, best_epoch=6, runtime=0.0 min
    71/90 h=512 lr=0.001 bs=8
      val_loss=0.019843, best_epoch=2, runtime=0.3 min
    72/90 h=512 lr=0.001 bs=16
      val_loss=0.007304, best_epoch=1, runtime=0.1 min
    73/90 h=512 lr=0.001 bs=32
      val_loss=0.009948, best_epoch=1, runtime=0.2 min
    74/90 h=512 lr=0.001 bs=64
      val_loss=0.021415, best_epoch=1, runtime=0.1 min
    75/90 h=512 lr=0.001 bs=128
      val_loss=0.026903, best_epoch=6, runtime=0.0 min
    76/90 h=1024 lr=1e-05 bs=8
      val_loss=0.013361, best_epoch=22, runtime=0.8 min
    77/90 h=1024 lr=1e-05 bs=16
      val_loss=0.016925, best_epoch=58, runtime=0.6 min
    78/90 h=1024 lr=1e-05 bs=32
      val_loss=0.034610, best_epoch=50, runtime=0.3 min
    79/90 h=1024 lr=1e-05 bs=64
      val_loss=0.015236, best_epoch=46, runtime=0.1 min
    80/90 h=1024 lr=1e-05 bs=128
      val_loss=0.040639, best_epoch=92, runtime=0.1 min
    81/90 h=1024 lr=0.0001 bs=8
      val_loss=0.009689, best_epoch=18, runtime=0.7 min
    82/90 h=1024 lr=0.0001 bs=16
      val_loss=0.018335, best_epoch=2, runtime=0.2 min
    83/90 h=1024 lr=0.0001 bs=32
      val_loss=0.016644, best_epoch=65, runtime=0.4 min
    84/90 h=1024 lr=0.0001 bs=64
      val_loss=0.019776, best_epoch=44, runtime=0.2 min
    85/90 h=1024 lr=0.0001 bs=128
      val_loss=0.034276, best_epoch=4, runtime=0.0 min
    86/90 h=1024 lr=0.001 bs=8
      val_loss=0.000000, best_epoch=4, runtime=0.5 min
    87/90 h=1024 lr=0.001 bs=16
      val_loss=0.008770, best_epoch=2, runtime=0.2 min
    88/90 h=1024 lr=0.001 bs=32
      val_loss=0.029729, best_epoch=1, runtime=0.1 min
    89/90 h=1024 lr=0.001 bs=64
      val_loss=0.025329, best_epoch=3, runtime=0.1 min
    90/90 h=1024 lr=0.001 bs=128
      val_loss=0.045085, best_epoch=6, runtime=0.0 min
  Fold 1: accuracy=1.0000, balanced_accuracy=1.0000, macro_f1=1.0000
/Users/shahzaibali/Desktop/MLP/case1_full_mlp_pipeline.py:579: RuntimeWarning: All-NaN slice encountered
  minimum = np.nanmin(array, axis=axes, keepdims=True)
/Users/shahzaibali/Desktop/MLP/case1_full_mlp_pipeline.py:580: RuntimeWarning: All-NaN slice encountered
  maximum = np.nanmax(array, axis=axes, keepdims=True)
    1/90 h=32 lr=1e-05 bs=8
      val_loss=5.768710, best_epoch=1, runtime=0.3 min
    2/90 h=32 lr=1e-05 bs=16
      val_loss=1.938607, best_epoch=1, runtime=0.2 min
    3/90 h=32 lr=1e-05 bs=32
      val_loss=6.688652, best_epoch=2, runtime=0.1 min
    4/90 h=32 lr=1e-05 bs=64
      val_loss=7.699473, best_epoch=1, runtime=0.0 min
    5/90 h=32 lr=1e-05 bs=128
      val_loss=4.306377, best_epoch=1, runtime=0.0 min
    6/90 h=32 lr=0.0001 bs=8
      val_loss=13.662521, best_epoch=1, runtime=0.3 min
    7/90 h=32 lr=0.0001 bs=16
      val_loss=11.860745, best_epoch=1, runtime=0.2 min
    8/90 h=32 lr=0.0001 bs=32
      val_loss=5.729657, best_epoch=1, runtime=0.1 min
    9/90 h=32 lr=0.0001 bs=64
      val_loss=7.591912, best_epoch=1, runtime=0.0 min
    10/90 h=32 lr=0.0001 bs=128
      val_loss=2.493128, best_epoch=1, runtime=0.0 min
    11/90 h=32 lr=0.001 bs=8
      val_loss=38.515482, best_epoch=1, runtime=0.3 min
    12/90 h=32 lr=0.001 bs=16
      val_loss=20.702284, best_epoch=1, runtime=0.2 min
    13/90 h=32 lr=0.001 bs=32
      val_loss=29.529370, best_epoch=1, runtime=0.1 min
    14/90 h=32 lr=0.001 bs=64
      val_loss=22.598369, best_epoch=1, runtime=0.0 min
    15/90 h=32 lr=0.001 bs=128
      val_loss=19.623630, best_epoch=1, runtime=0.0 min
    16/90 h=64 lr=1e-05 bs=8
      val_loss=5.358401, best_epoch=1, runtime=0.4 min
    17/90 h=64 lr=1e-05 bs=16
      val_loss=0.567762, best_epoch=2, runtime=0.2 min
    18/90 h=64 lr=1e-05 bs=32
      val_loss=1.727659, best_epoch=1, runtime=0.1 min
    19/90 h=64 lr=1e-05 bs=64
      val_loss=4.788053, best_epoch=1, runtime=0.1 min
    20/90 h=64 lr=1e-05 bs=128
      val_loss=5.133042, best_epoch=1, runtime=0.0 min
    21/90 h=64 lr=0.0001 bs=8
      val_loss=13.573033, best_epoch=1, runtime=0.4 min
    22/90 h=64 lr=0.0001 bs=16
      val_loss=10.370289, best_epoch=1, runtime=0.2 min
    23/90 h=64 lr=0.0001 bs=32
      val_loss=10.742636, best_epoch=1, runtime=0.1 min
    24/90 h=64 lr=0.0001 bs=64
      val_loss=9.713179, best_epoch=1, runtime=0.1 min
    25/90 h=64 lr=0.0001 bs=128
      val_loss=5.001191, best_epoch=1, runtime=0.0 min
    26/90 h=64 lr=0.001 bs=8
      val_loss=60.689432, best_epoch=1, runtime=0.4 min
    27/90 h=64 lr=0.001 bs=16
      val_loss=43.627865, best_epoch=1, runtime=0.2 min
    28/90 h=64 lr=0.001 bs=32
      val_loss=55.867793, best_epoch=1, runtime=0.1 min
    29/90 h=64 lr=0.001 bs=64
      val_loss=20.620618, best_epoch=1, runtime=0.1 min
    30/90 h=64 lr=0.001 bs=128
      val_loss=18.914107, best_epoch=1, runtime=0.0 min
    31/90 h=128 lr=1e-05 bs=8
      val_loss=0.219395, best_epoch=1, runtime=0.4 min
    32/90 h=128 lr=1e-05 bs=16
      val_loss=4.318999, best_epoch=1, runtime=0.2 min
    33/90 h=128 lr=1e-05 bs=32
      val_loss=3.875697, best_epoch=1, runtime=0.1 min
    34/90 h=128 lr=1e-05 bs=64
      val_loss=5.254241, best_epoch=1, runtime=0.1 min
    35/90 h=128 lr=1e-05 bs=128
      val_loss=9.706587, best_epoch=1, runtime=0.0 min
    36/90 h=128 lr=0.0001 bs=8
      val_loss=14.093588, best_epoch=1, runtime=0.4 min
    37/90 h=128 lr=0.0001 bs=16
      val_loss=12.860424, best_epoch=1, runtime=0.3 min
    38/90 h=128 lr=0.0001 bs=32
      val_loss=14.419003, best_epoch=1, runtime=0.1 min
    39/90 h=128 lr=0.0001 bs=64
      val_loss=12.004755, best_epoch=1, runtime=0.1 min
    40/90 h=128 lr=0.0001 bs=128
      val_loss=6.649835, best_epoch=1, runtime=0.0 min
    41/90 h=128 lr=0.001 bs=8
      val_loss=52.525792, best_epoch=1, runtime=0.4 min
    42/90 h=128 lr=0.001 bs=16
      val_loss=57.792923, best_epoch=1, runtime=0.3 min
    43/90 h=128 lr=0.001 bs=32
      val_loss=44.243291, best_epoch=1, runtime=0.1 min
    44/90 h=128 lr=0.001 bs=64
      val_loss=46.083940, best_epoch=1, runtime=0.1 min
    45/90 h=128 lr=0.001 bs=128
      val_loss=43.198697, best_epoch=1, runtime=0.0 min
    46/90 h=256 lr=1e-05 bs=8
      val_loss=10.387433, best_epoch=1, runtime=0.3 min
    47/90 h=256 lr=1e-05 bs=16
      val_loss=8.582723, best_epoch=1, runtime=0.3 min
    48/90 h=256 lr=1e-05 bs=32
      val_loss=2.045205, best_epoch=1, runtime=0.1 min
    49/90 h=256 lr=1e-05 bs=64
      val_loss=0.948565, best_epoch=1, runtime=0.1 min
    50/90 h=256 lr=1e-05 bs=128
      val_loss=6.018797, best_epoch=1, runtime=0.0 min
    51/90 h=256 lr=0.0001 bs=8
      val_loss=20.246467, best_epoch=1, runtime=0.3 min
    52/90 h=256 lr=0.0001 bs=16
      val_loss=12.303756, best_epoch=1, runtime=0.3 min
    53/90 h=256 lr=0.0001 bs=32
      val_loss=13.884604, best_epoch=1, runtime=0.1 min
    54/90 h=256 lr=0.0001 bs=64
      val_loss=15.327041, best_epoch=1, runtime=0.1 min
    55/90 h=256 lr=0.0001 bs=128
      val_loss=4.804560, best_epoch=1, runtime=0.0 min
    56/90 h=256 lr=0.001 bs=8
      val_loss=65.891536, best_epoch=1, runtime=0.3 min
    57/90 h=256 lr=0.001 bs=16
      val_loss=74.157597, best_epoch=1, runtime=0.1 min
    58/90 h=256 lr=0.001 bs=32
      val_loss=54.842435, best_epoch=1, runtime=0.1 min
    59/90 h=256 lr=0.001 bs=64
      val_loss=71.230525, best_epoch=1, runtime=0.1 min
    60/90 h=256 lr=0.001 bs=128
      val_loss=36.641993, best_epoch=1, runtime=0.0 min
    61/90 h=512 lr=1e-05 bs=8
      val_loss=11.941872, best_epoch=1, runtime=0.3 min
    62/90 h=512 lr=1e-05 bs=16
      val_loss=3.212007, best_epoch=1, runtime=0.1 min
    63/90 h=512 lr=1e-05 bs=32
      val_loss=6.828503, best_epoch=1, runtime=0.2 min
    64/90 h=512 lr=1e-05 bs=64
      val_loss=5.128855, best_epoch=1, runtime=0.1 min
    65/90 h=512 lr=1e-05 bs=128
      val_loss=2.892173, best_epoch=1, runtime=0.0 min
    66/90 h=512 lr=0.0001 bs=8
      val_loss=17.853654, best_epoch=1, runtime=0.3 min
    67/90 h=512 lr=0.0001 bs=16
      val_loss=20.397401, best_epoch=1, runtime=0.1 min
    68/90 h=512 lr=0.0001 bs=32
      val_loss=15.002063, best_epoch=1, runtime=0.1 min
    69/90 h=512 lr=0.0001 bs=64
      val_loss=13.561282, best_epoch=1, runtime=0.1 min
    70/90 h=512 lr=0.0001 bs=128
      val_loss=17.450705, best_epoch=1, runtime=0.0 min
    71/90 h=512 lr=0.001 bs=8
      val_loss=98.540131, best_epoch=1, runtime=0.3 min
    72/90 h=512 lr=0.001 bs=16
      val_loss=78.789042, best_epoch=1, runtime=0.2 min
    73/90 h=512 lr=0.001 bs=32
      val_loss=108.657136, best_epoch=1, runtime=0.1 min
    74/90 h=512 lr=0.001 bs=64
      val_loss=88.853735, best_epoch=1, runtime=0.1 min
    75/90 h=512 lr=0.001 bs=128
      val_loss=63.221328, best_epoch=1, runtime=0.0 min
    76/90 h=1024 lr=1e-05 bs=8
      val_loss=6.529908, best_epoch=1, runtime=0.5 min
    77/90 h=1024 lr=1e-05 bs=16
      val_loss=7.930427, best_epoch=1, runtime=0.2 min
    78/90 h=1024 lr=1e-05 bs=32
      val_loss=3.822474, best_epoch=1, runtime=0.1 min
    79/90 h=1024 lr=1e-05 bs=64
      val_loss=1.384462, best_epoch=1, runtime=0.1 min
    80/90 h=1024 lr=1e-05 bs=128
      val_loss=0.867569, best_epoch=1, runtime=0.0 min
    81/90 h=1024 lr=0.0001 bs=8
      val_loss=28.303911, best_epoch=1, runtime=0.5 min
    82/90 h=1024 lr=0.0001 bs=16
      val_loss=24.529442, best_epoch=1, runtime=0.2 min
    83/90 h=1024 lr=0.0001 bs=32
      val_loss=26.529655, best_epoch=1, runtime=0.1 min
    84/90 h=1024 lr=0.0001 bs=64
      val_loss=17.025399, best_epoch=1, runtime=0.1 min
    85/90 h=1024 lr=0.0001 bs=128
      val_loss=13.427736, best_epoch=1, runtime=0.0 min
    86/90 h=1024 lr=0.001 bs=8
      val_loss=237.078360, best_epoch=1, runtime=0.5 min
    87/90 h=1024 lr=0.001 bs=16
      val_loss=132.821525, best_epoch=1, runtime=0.2 min
    88/90 h=1024 lr=0.001 bs=32
      val_loss=113.329494, best_epoch=1, runtime=0.2 min
    89/90 h=1024 lr=0.001 bs=64
      val_loss=127.208581, best_epoch=1, runtime=0.1 min
    90/90 h=1024 lr=0.001 bs=128
      val_loss=95.811558, best_epoch=1, runtime=0.0 min
  Fold 2: accuracy=0.9677, balanced_accuracy=0.9674, macro_f1=0.9599
/Users/shahzaibali/Desktop/MLP/case1_full_mlp_pipeline.py:579: RuntimeWarning: All-NaN slice encountered
  minimum = np.nanmin(array, axis=axes, keepdims=True)
/Users/shahzaibali/Desktop/MLP/case1_full_mlp_pipeline.py:580: RuntimeWarning: All-NaN slice encountered
  maximum = np.nanmax(array, axis=axes, keepdims=True)
    1/90 h=32 lr=1e-05 bs=8
      val_loss=0.004554, best_epoch=32, runtime=0.7 min
    2/90 h=32 lr=1e-05 bs=16
      val_loss=0.004061, best_epoch=58, runtime=0.5 min
    3/90 h=32 lr=1e-05 bs=32
      val_loss=0.006850, best_epoch=96, runtime=0.4 min
    4/90 h=32 lr=1e-05 bs=64
      val_loss=0.008412, best_epoch=118, runtime=0.2 min
    5/90 h=32 lr=1e-05 bs=128
      val_loss=0.019823, best_epoch=180, runtime=0.2 min
    6/90 h=32 lr=0.0001 bs=8
      val_loss=0.000950, best_epoch=15, runtime=0.4 min
    7/90 h=32 lr=0.0001 bs=16
      val_loss=0.000985, best_epoch=26, runtime=0.3 min
    8/90 h=32 lr=0.0001 bs=32
      val_loss=0.001024, best_epoch=33, runtime=0.2 min
    9/90 h=32 lr=0.0001 bs=64
      val_loss=0.004631, best_epoch=30, runtime=0.1 min
    10/90 h=32 lr=0.0001 bs=128
      val_loss=0.004937, best_epoch=48, runtime=0.1 min
    11/90 h=32 lr=0.001 bs=8
      val_loss=0.001778, best_epoch=1, runtime=0.3 min
    12/90 h=32 lr=0.001 bs=16
      val_loss=0.003526, best_epoch=1, runtime=0.2 min
    13/90 h=32 lr=0.001 bs=32
      val_loss=0.001174, best_epoch=2, runtime=0.1 min
    14/90 h=32 lr=0.001 bs=64
      val_loss=0.001597, best_epoch=5, runtime=0.1 min
    15/90 h=32 lr=0.001 bs=128
      val_loss=0.002128, best_epoch=16, runtime=0.0 min
    16/90 h=64 lr=1e-05 bs=8
      val_loss=0.003882, best_epoch=26, runtime=0.7 min
    17/90 h=64 lr=1e-05 bs=16
      val_loss=0.005465, best_epoch=34, runtime=0.4 min
    18/90 h=64 lr=1e-05 bs=32
      val_loss=0.008360, best_epoch=52, runtime=0.3 min
    19/90 h=64 lr=1e-05 bs=64
      val_loss=0.009580, best_epoch=93, runtime=0.2 min
    20/90 h=64 lr=1e-05 bs=128
      val_loss=0.010340, best_epoch=129, runtime=0.1 min
    21/90 h=64 lr=0.0001 bs=8
      val_loss=0.004803, best_epoch=4, runtime=0.4 min
    22/90 h=64 lr=0.0001 bs=16
      val_loss=0.001818, best_epoch=10, runtime=0.3 min
    23/90 h=64 lr=0.0001 bs=32
      val_loss=0.004699, best_epoch=10, runtime=0.1 min
    24/90 h=64 lr=0.0001 bs=64
      val_loss=0.003244, best_epoch=19, runtime=0.1 min
    25/90 h=64 lr=0.0001 bs=128
      val_loss=0.004073, best_epoch=36, runtime=0.0 min
    26/90 h=64 lr=0.001 bs=8
      val_loss=0.000397, best_epoch=1, runtime=0.4 min
    27/90 h=64 lr=0.001 bs=16
      val_loss=0.001546, best_epoch=1, runtime=0.2 min
    28/90 h=64 lr=0.001 bs=32
      val_loss=0.000911, best_epoch=2, runtime=0.1 min
    29/90 h=64 lr=0.001 bs=64
      val_loss=0.004090, best_epoch=2, runtime=0.1 min
    30/90 h=64 lr=0.001 bs=128
      val_loss=0.002101, best_epoch=6, runtime=0.0 min
    31/90 h=128 lr=1e-05 bs=8
      val_loss=0.005217, best_epoch=18, runtime=0.6 min
    32/90 h=128 lr=1e-05 bs=16
      val_loss=0.003978, best_epoch=36, runtime=0.6 min
    33/90 h=128 lr=1e-05 bs=32
      val_loss=0.002840, best_epoch=60, runtime=0.4 min
    34/90 h=128 lr=1e-05 bs=64
      val_loss=0.005489, best_epoch=83, runtime=0.2 min
    35/90 h=128 lr=1e-05 bs=128
      val_loss=0.010161, best_epoch=96, runtime=0.1 min
    36/90 h=128 lr=0.0001 bs=8
      val_loss=0.004938, best_epoch=2, runtime=0.5 min
    37/90 h=128 lr=0.0001 bs=16
      val_loss=0.004548, best_epoch=4, runtime=0.3 min
    38/90 h=128 lr=0.0001 bs=32
      val_loss=0.001586, best_epoch=14, runtime=0.2 min
    39/90 h=128 lr=0.0001 bs=64
      val_loss=0.002089, best_epoch=20, runtime=0.1 min
    40/90 h=128 lr=0.0001 bs=128
      val_loss=0.003848, best_epoch=20, runtime=0.0 min
    41/90 h=128 lr=0.001 bs=8
      val_loss=0.001057, best_epoch=1, runtime=0.4 min
    42/90 h=128 lr=0.001 bs=16
      val_loss=0.001532, best_epoch=1, runtime=0.3 min
    43/90 h=128 lr=0.001 bs=32
      val_loss=0.000416, best_epoch=3, runtime=0.1 min
    44/90 h=128 lr=0.001 bs=64
      val_loss=0.001557, best_epoch=3, runtime=0.1 min
    45/90 h=128 lr=0.001 bs=128
      val_loss=0.002261, best_epoch=3, runtime=0.0 min
    46/90 h=256 lr=1e-05 bs=8
      val_loss=0.000908, best_epoch=28, runtime=0.7 min
    47/90 h=256 lr=1e-05 bs=16
      val_loss=0.003043, best_epoch=29, runtime=0.6 min
    48/90 h=256 lr=1e-05 bs=32
      val_loss=0.005088, best_epoch=32, runtime=0.3 min
    49/90 h=256 lr=1e-05 bs=64
      val_loss=0.007013, best_epoch=51, runtime=0.2 min
    50/90 h=256 lr=1e-05 bs=128
      val_loss=0.008391, best_epoch=75, runtime=0.1 min
    51/90 h=256 lr=0.0001 bs=8
      val_loss=0.004111, best_epoch=2, runtime=0.4 min
    52/90 h=256 lr=0.0001 bs=16
      val_loss=0.004889, best_epoch=2, runtime=0.3 min
    53/90 h=256 lr=0.0001 bs=32
      val_loss=0.002034, best_epoch=6, runtime=0.2 min
    54/90 h=256 lr=0.0001 bs=64
      val_loss=0.004276, best_epoch=6, runtime=0.1 min
    55/90 h=256 lr=0.0001 bs=128
      val_loss=0.003335, best_epoch=13, runtime=0.0 min
    56/90 h=256 lr=0.001 bs=8
      val_loss=0.000501, best_epoch=2, runtime=0.4 min
    57/90 h=256 lr=0.001 bs=16
      val_loss=0.002593, best_epoch=1, runtime=0.3 min
    58/90 h=256 lr=0.001 bs=32
      val_loss=0.000662, best_epoch=2, runtime=0.1 min
    59/90 h=256 lr=0.001 bs=64
      val_loss=0.003633, best_epoch=1, runtime=0.1 min
    60/90 h=256 lr=0.001 bs=128
      val_loss=0.000426, best_epoch=11, runtime=0.0 min
    61/90 h=512 lr=1e-05 bs=8
      val_loss=0.003202, best_epoch=11, runtime=0.4 min
    62/90 h=512 lr=1e-05 bs=16
      val_loss=0.001858, best_epoch=28, runtime=0.3 min
    63/90 h=512 lr=1e-05 bs=32
      val_loss=0.003717, best_epoch=30, runtime=0.3 min
    64/90 h=512 lr=1e-05 bs=64
      val_loss=0.005865, best_epoch=44, runtime=0.1 min
    65/90 h=512 lr=1e-05 bs=128
      val_loss=0.006537, best_epoch=71, runtime=0.1 min
    66/90 h=512 lr=0.0001 bs=8
      val_loss=0.001801, best_epoch=2, runtime=0.3 min
    67/90 h=512 lr=0.0001 bs=16
      val_loss=0.002145, best_epoch=2, runtime=0.1 min
    68/90 h=512 lr=0.0001 bs=32
      val_loss=0.001517, best_epoch=6, runtime=0.2 min
    69/90 h=512 lr=0.0001 bs=64
      val_loss=0.000657, best_epoch=24, runtime=0.2 min
    70/90 h=512 lr=0.0001 bs=128
      val_loss=0.001188, best_epoch=20, runtime=0.0 min
    71/90 h=512 lr=0.001 bs=8
      val_loss=0.000512, best_epoch=1, runtime=0.3 min
    72/90 h=512 lr=0.001 bs=16
      val_loss=0.000649, best_epoch=1, runtime=0.1 min
    73/90 h=512 lr=0.001 bs=32
      val_loss=0.000925, best_epoch=1, runtime=0.2 min
    74/90 h=512 lr=0.001 bs=64
      val_loss=0.000136, best_epoch=3, runtime=0.1 min
    75/90 h=512 lr=0.001 bs=128
      val_loss=0.001713, best_epoch=4, runtime=0.0 min
    76/90 h=1024 lr=1e-05 bs=8
      val_loss=0.003470, best_epoch=9, runtime=0.5 min
    77/90 h=1024 lr=1e-05 bs=16
      val_loss=0.004740, best_epoch=10, runtime=0.3 min
    78/90 h=1024 lr=1e-05 bs=32
      val_loss=0.005231, best_epoch=16, runtime=0.2 min
    79/90 h=1024 lr=1e-05 bs=64
      val_loss=0.006725, best_epoch=26, runtime=0.3 min
    80/90 h=1024 lr=1e-05 bs=128
      val_loss=0.006043, best_epoch=44, runtime=0.1 min
    81/90 h=1024 lr=0.0001 bs=8
      val_loss=0.001029, best_epoch=2, runtime=0.5 min
    82/90 h=1024 lr=0.0001 bs=16
      val_loss=0.002250, best_epoch=2, runtime=0.2 min
    83/90 h=1024 lr=0.0001 bs=32
      val_loss=0.001830, best_epoch=2, runtime=0.1 min
    84/90 h=1024 lr=0.0001 bs=64
      val_loss=0.000881, best_epoch=9, runtime=0.1 min
    85/90 h=1024 lr=0.0001 bs=128
      val_loss=0.003930, best_epoch=5, runtime=0.0 min
    86/90 h=1024 lr=0.001 bs=8
      val_loss=0.000094, best_epoch=2, runtime=0.4 min
    87/90 h=1024 lr=0.001 bs=16
      val_loss=0.001950, best_epoch=1, runtime=0.3 min
    88/90 h=1024 lr=0.001 bs=32
      val_loss=0.000339, best_epoch=3, runtime=0.1 min
    89/90 h=1024 lr=0.001 bs=64
      val_loss=0.000218, best_epoch=2, runtime=0.1 min
    90/90 h=1024 lr=0.001 bs=128
      val_loss=0.000064, best_epoch=4, runtime=0.1 min
  Fold 3: accuracy=0.9922, balanced_accuracy=0.9953, macro_f1=0.9892
/Users/shahzaibali/Desktop/MLP/case1_full_mlp_pipeline.py:579: RuntimeWarning: All-NaN slice encountered
  minimum = np.nanmin(array, axis=axes, keepdims=True)
/Users/shahzaibali/Desktop/MLP/case1_full_mlp_pipeline.py:580: RuntimeWarning: All-NaN slice encountered
  maximum = np.nanmax(array, axis=axes, keepdims=True)
    1/90 h=32 lr=1e-05 bs=8
      val_loss=0.041825, best_epoch=27, runtime=0.6 min
    2/90 h=32 lr=1e-05 bs=16
      val_loss=0.051380, best_epoch=32, runtime=0.4 min
    3/90 h=32 lr=1e-05 bs=32
      val_loss=0.028676, best_epoch=102, runtime=0.4 min
    4/90 h=32 lr=1e-05 bs=64
      val_loss=0.054346, best_epoch=97, runtime=0.2 min
    5/90 h=32 lr=1e-05 bs=128
      val_loss=0.035239, best_epoch=163, runtime=0.2 min
    6/90 h=32 lr=0.0001 bs=8
      val_loss=0.060560, best_epoch=5, runtime=0.4 min
    7/90 h=32 lr=0.0001 bs=16
      val_loss=0.035138, best_epoch=9, runtime=0.2 min
    8/90 h=32 lr=0.0001 bs=32
      val_loss=0.027277, best_epoch=19, runtime=0.2 min
    9/90 h=32 lr=0.0001 bs=64
      val_loss=0.041450, best_epoch=37, runtime=0.1 min
    10/90 h=32 lr=0.0001 bs=128
      val_loss=0.026393, best_epoch=48, runtime=0.1 min
    11/90 h=32 lr=0.001 bs=8
      val_loss=0.018687, best_epoch=1, runtime=0.4 min
    12/90 h=32 lr=0.001 bs=16
      val_loss=0.075836, best_epoch=2, runtime=0.2 min
    13/90 h=32 lr=0.001 bs=32
      val_loss=0.043546, best_epoch=8, runtime=0.1 min
    14/90 h=32 lr=0.001 bs=64
      val_loss=0.048307, best_epoch=38, runtime=0.1 min
    15/90 h=32 lr=0.001 bs=128
      val_loss=0.036800, best_epoch=27, runtime=0.1 min
    16/90 h=64 lr=1e-05 bs=8
      val_loss=0.021485, best_epoch=20, runtime=0.6 min
    17/90 h=64 lr=1e-05 bs=16
      val_loss=0.023064, best_epoch=47, runtime=0.5 min
    18/90 h=64 lr=1e-05 bs=32
      val_loss=0.034347, best_epoch=57, runtime=0.3 min
    19/90 h=64 lr=1e-05 bs=64
      val_loss=0.041629, best_epoch=73, runtime=0.1 min
    20/90 h=64 lr=1e-05 bs=128
      val_loss=0.024273, best_epoch=119, runtime=0.1 min
    21/90 h=64 lr=0.0001 bs=8
      val_loss=0.038092, best_epoch=3, runtime=0.2 min
    22/90 h=64 lr=0.0001 bs=16
      val_loss=0.027226, best_epoch=19, runtime=0.2 min
    23/90 h=64 lr=0.0001 bs=32
      val_loss=0.041988, best_epoch=12, runtime=0.1 min
    24/90 h=64 lr=0.0001 bs=64
      val_loss=0.032475, best_epoch=9, runtime=0.0 min
    25/90 h=64 lr=0.0001 bs=128
      val_loss=0.039219, best_epoch=17, runtime=0.0 min
    26/90 h=64 lr=0.001 bs=8
      val_loss=0.026211, best_epoch=1, runtime=0.2 min
    27/90 h=64 lr=0.001 bs=16
      val_loss=0.024087, best_epoch=2, runtime=0.1 min
    28/90 h=64 lr=0.001 bs=32
      val_loss=0.046392, best_epoch=11, runtime=0.1 min
    29/90 h=64 lr=0.001 bs=64
      val_loss=0.012688, best_epoch=2, runtime=0.0 min
    30/90 h=64 lr=0.001 bs=128
      val_loss=0.055768, best_epoch=7, runtime=0.0 min
    31/90 h=128 lr=1e-05 bs=8
      val_loss=0.035629, best_epoch=22, runtime=0.4 min
    32/90 h=128 lr=1e-05 bs=16
      val_loss=0.029354, best_epoch=40, runtime=0.3 min
    33/90 h=128 lr=1e-05 bs=32
      val_loss=0.032662, best_epoch=61, runtime=0.2 min
    34/90 h=128 lr=1e-05 bs=64
      val_loss=0.040563, best_epoch=73, runtime=0.1 min
    35/90 h=128 lr=1e-05 bs=128
      val_loss=0.034216, best_epoch=97, runtime=0.1 min
    36/90 h=128 lr=0.0001 bs=8
      val_loss=0.034513, best_epoch=2, runtime=0.3 min
    37/90 h=128 lr=0.0001 bs=16
      val_loss=0.034314, best_epoch=3, runtime=0.1 min
    38/90 h=128 lr=0.0001 bs=32
      val_loss=0.030751, best_epoch=6, runtime=0.1 min
    39/90 h=128 lr=0.0001 bs=64
      val_loss=0.027603, best_epoch=45, runtime=0.1 min
    40/90 h=128 lr=0.0001 bs=128
      val_loss=0.043557, best_epoch=12, runtime=0.0 min
    41/90 h=128 lr=0.001 bs=8
      val_loss=0.016490, best_epoch=1, runtime=0.3 min
    42/90 h=128 lr=0.001 bs=16
      val_loss=0.002095, best_epoch=13, runtime=0.2 min
    43/90 h=128 lr=0.001 bs=32
      val_loss=0.021660, best_epoch=1, runtime=0.1 min
    44/90 h=128 lr=0.001 bs=64
      val_loss=0.030246, best_epoch=46, runtime=0.1 min
    45/90 h=128 lr=0.001 bs=128
      val_loss=0.085841, best_epoch=74, runtime=0.1 min
    46/90 h=256 lr=1e-05 bs=8
      val_loss=0.022966, best_epoch=9, runtime=0.4 min
    47/90 h=256 lr=1e-05 bs=16
      val_loss=0.044444, best_epoch=40, runtime=0.4 min
    48/90 h=256 lr=1e-05 bs=32
      val_loss=0.039320, best_epoch=33, runtime=0.2 min
    49/90 h=256 lr=1e-05 bs=64
      val_loss=0.036070, best_epoch=47, runtime=0.1 min
    50/90 h=256 lr=1e-05 bs=128
      val_loss=0.047342, best_epoch=77, runtime=0.1 min
    51/90 h=256 lr=0.0001 bs=8
      val_loss=0.021746, best_epoch=2, runtime=0.3 min
    52/90 h=256 lr=0.0001 bs=16
      val_loss=0.010997, best_epoch=32, runtime=0.3 min
    53/90 h=256 lr=0.0001 bs=32
      val_loss=0.026108, best_epoch=6, runtime=0.1 min
    54/90 h=256 lr=0.0001 bs=64
      val_loss=0.027658, best_epoch=13, runtime=0.1 min
    55/90 h=256 lr=0.0001 bs=128
      val_loss=0.026609, best_epoch=23, runtime=0.0 min
    56/90 h=256 lr=0.001 bs=8
      val_loss=0.007329, best_epoch=65, runtime=1.0 min
    57/90 h=256 lr=0.001 bs=16
      val_loss=0.006082, best_epoch=2, runtime=0.2 min
    58/90 h=256 lr=0.001 bs=32
      val_loss=0.050608, best_epoch=205, runtime=0.7 min
    59/90 h=256 lr=0.001 bs=64
      val_loss=0.086099, best_epoch=1, runtime=0.0 min
    60/90 h=256 lr=0.001 bs=128
      val_loss=0.035591, best_epoch=1, runtime=0.0 min
    61/90 h=512 lr=1e-05 bs=8
      val_loss=0.028207, best_epoch=10, runtime=0.4 min
    62/90 h=512 lr=1e-05 bs=16
      val_loss=0.019213, best_epoch=20, runtime=0.2 min
    63/90 h=512 lr=1e-05 bs=32
      val_loss=0.039571, best_epoch=18, runtime=0.2 min
    64/90 h=512 lr=1e-05 bs=64
      val_loss=0.031782, best_epoch=31, runtime=0.2 min
    65/90 h=512 lr=1e-05 bs=128
      val_loss=0.016340, best_epoch=61, runtime=0.1 min
    66/90 h=512 lr=0.0001 bs=8
      val_loss=0.019827, best_epoch=35, runtime=0.6 min
    67/90 h=512 lr=0.0001 bs=16
      val_loss=0.020860, best_epoch=6, runtime=0.2 min
    68/90 h=512 lr=0.0001 bs=32
      val_loss=0.019574, best_epoch=7, runtime=0.2 min
    69/90 h=512 lr=0.0001 bs=64
      val_loss=0.035069, best_epoch=4, runtime=0.1 min
    70/90 h=512 lr=0.0001 bs=128
      val_loss=0.033097, best_epoch=5, runtime=0.0 min
    71/90 h=512 lr=0.001 bs=8
      val_loss=0.092023, best_epoch=1, runtime=0.3 min
    72/90 h=512 lr=0.001 bs=16
      val_loss=0.031278, best_epoch=23, runtime=0.4 min
    73/90 h=512 lr=0.001 bs=32
      val_loss=0.021598, best_epoch=1, runtime=0.1 min
    74/90 h=512 lr=0.001 bs=64
      val_loss=0.039150, best_epoch=1, runtime=0.1 min
    75/90 h=512 lr=0.001 bs=128
      val_loss=0.031568, best_epoch=6, runtime=0.0 min
    76/90 h=1024 lr=1e-05 bs=8
      val_loss=0.019259, best_epoch=5, runtime=0.5 min
    77/90 h=1024 lr=1e-05 bs=16
      val_loss=0.030751, best_epoch=11, runtime=0.3 min
    78/90 h=1024 lr=1e-05 bs=32
      val_loss=0.022104, best_epoch=36, runtime=0.3 min
    79/90 h=1024 lr=1e-05 bs=64
      val_loss=0.034307, best_epoch=32, runtime=0.3 min
    80/90 h=1024 lr=1e-05 bs=128
      val_loss=0.037607, best_epoch=45, runtime=0.1 min
    81/90 h=1024 lr=0.0001 bs=8
      val_loss=0.023510, best_epoch=1, runtime=0.4 min
    82/90 h=1024 lr=0.0001 bs=16
      val_loss=0.026201, best_epoch=5, runtime=0.3 min
    83/90 h=1024 lr=0.0001 bs=32
      val_loss=0.013771, best_epoch=31, runtime=0.2 min
    84/90 h=1024 lr=0.0001 bs=64
      val_loss=0.032617, best_epoch=2, runtime=0.1 min
    85/90 h=1024 lr=0.0001 bs=128
      val_loss=0.044837, best_epoch=9, runtime=0.0 min
    86/90 h=1024 lr=0.001 bs=8
      val_loss=0.037595, best_epoch=3, runtime=0.5 min
    87/90 h=1024 lr=0.001 bs=16
      val_loss=0.001202, best_epoch=1, runtime=0.2 min
    88/90 h=1024 lr=0.001 bs=32
      val_loss=0.010726, best_epoch=15, runtime=0.2 min
    89/90 h=1024 lr=0.001 bs=64
      val_loss=0.206737, best_epoch=3, runtime=0.1 min
    90/90 h=1024 lr=0.001 bs=128
      val_loss=0.050729, best_epoch=69, runtime=0.3 min
  Fold 4: accuracy=0.9610, balanced_accuracy=0.9763, macro_f1=0.9526
/Users/shahzaibali/Desktop/MLP/case1_full_mlp_pipeline.py:579: RuntimeWarning: All-NaN slice encountered
  minimum = np.nanmin(array, axis=axes, keepdims=True)
/Users/shahzaibali/Desktop/MLP/case1_full_mlp_pipeline.py:580: RuntimeWarning: All-NaN slice encountered
  maximum = np.nanmax(array, axis=axes, keepdims=True)
    1/90 h=32 lr=1e-05 bs=8
      val_loss=0.004947, best_epoch=33, runtime=0.7 min
    2/90 h=32 lr=1e-05 bs=16
      val_loss=0.005582, best_epoch=56, runtime=0.5 min
    3/90 h=32 lr=1e-05 bs=32
      val_loss=0.009271, best_epoch=77, runtime=0.3 min
    4/90 h=32 lr=1e-05 bs=64
      val_loss=0.013379, best_epoch=113, runtime=0.3 min
    5/90 h=32 lr=1e-05 bs=128
      val_loss=0.016398, best_epoch=165, runtime=0.2 min
    6/90 h=32 lr=0.0001 bs=8
      val_loss=0.000339, best_epoch=20, runtime=0.6 min
    7/90 h=32 lr=0.0001 bs=16
      val_loss=0.003231, best_epoch=10, runtime=0.2 min
    8/90 h=32 lr=0.0001 bs=32
      val_loss=0.001789, best_epoch=28, runtime=0.2 min
    9/90 h=32 lr=0.0001 bs=64
      val_loss=0.002587, best_epoch=45, runtime=0.1 min
    10/90 h=32 lr=0.0001 bs=128
      val_loss=0.003063, best_epoch=59, runtime=0.1 min
    11/90 h=32 lr=0.001 bs=8
      val_loss=0.002231, best_epoch=1, runtime=0.4 min
    12/90 h=32 lr=0.001 bs=16
      val_loss=0.000057, best_epoch=26, runtime=0.3 min
    13/90 h=32 lr=0.001 bs=32
      val_loss=0.000183, best_epoch=28, runtime=0.2 min
    14/90 h=32 lr=0.001 bs=64
      val_loss=0.004000, best_epoch=2, runtime=0.0 min
    15/90 h=32 lr=0.001 bs=128
      val_loss=0.002968, best_epoch=5, runtime=0.0 min
    16/90 h=64 lr=1e-05 bs=8
      val_loss=0.005270, best_epoch=24, runtime=0.7 min
    17/90 h=64 lr=1e-05 bs=16
      val_loss=0.005370, best_epoch=41, runtime=0.5 min
    18/90 h=64 lr=1e-05 bs=32
      val_loss=0.008155, best_epoch=49, runtime=0.3 min
    19/90 h=64 lr=1e-05 bs=64
      val_loss=0.009001, best_epoch=102, runtime=0.3 min
    20/90 h=64 lr=1e-05 bs=128
      val_loss=0.011855, best_epoch=145, runtime=0.2 min
    21/90 h=64 lr=0.0001 bs=8
      val_loss=0.004117, best_epoch=4, runtime=0.4 min
    22/90 h=64 lr=0.0001 bs=16
      val_loss=0.000993, best_epoch=15, runtime=0.3 min
    23/90 h=64 lr=0.0001 bs=32
      val_loss=0.003094, best_epoch=12, runtime=0.1 min
    24/90 h=64 lr=0.0001 bs=64
      val_loss=0.001510, best_epoch=31, runtime=0.1 min
    25/90 h=64 lr=0.0001 bs=128
      val_loss=0.006459, best_epoch=25, runtime=0.0 min
    26/90 h=64 lr=0.001 bs=8
      val_loss=0.000064, best_epoch=19, runtime=0.6 min
    27/90 h=64 lr=0.001 bs=16
      val_loss=0.003510, best_epoch=1, runtime=0.2 min
    28/90 h=64 lr=0.001 bs=32
      val_loss=0.003179, best_epoch=2, runtime=0.1 min
    29/90 h=64 lr=0.001 bs=64
      val_loss=0.003511, best_epoch=2, runtime=0.1 min
    30/90 h=64 lr=0.001 bs=128
      val_loss=0.003348, best_epoch=3, runtime=0.0 min
    31/90 h=128 lr=1e-05 bs=8
      val_loss=0.003361, best_epoch=20, runtime=0.7 min
    32/90 h=128 lr=1e-05 bs=16
      val_loss=0.005961, best_epoch=25, runtime=0.5 min
    33/90 h=128 lr=1e-05 bs=32
      val_loss=0.004454, best_epoch=46, runtime=0.3 min
    34/90 h=128 lr=1e-05 bs=64
      val_loss=0.005978, best_epoch=88, runtime=0.3 min
    35/90 h=128 lr=1e-05 bs=128
      val_loss=0.008092, best_epoch=110, runtime=0.2 min
    36/90 h=128 lr=0.0001 bs=8
      val_loss=0.000379, best_epoch=13, runtime=0.6 min
    37/90 h=128 lr=0.0001 bs=16
      val_loss=0.003172, best_epoch=4, runtime=0.3 min
    38/90 h=128 lr=0.0001 bs=32
      val_loss=0.005039, best_epoch=5, runtime=0.1 min
    39/90 h=128 lr=0.0001 bs=64
      val_loss=0.002795, best_epoch=12, runtime=0.1 min
    40/90 h=128 lr=0.0001 bs=128
      val_loss=0.003406, best_epoch=24, runtime=0.0 min
    41/90 h=128 lr=0.001 bs=8
      val_loss=0.000389, best_epoch=1, runtime=0.4 min
    42/90 h=128 lr=0.001 bs=16
      val_loss=0.001401, best_epoch=1, runtime=0.3 min
    43/90 h=128 lr=0.001 bs=32
      val_loss=0.003474, best_epoch=1, runtime=0.1 min
    44/90 h=128 lr=0.001 bs=64
      val_loss=0.003419, best_epoch=2, runtime=0.1 min
    45/90 h=128 lr=0.001 bs=128
      val_loss=0.002240, best_epoch=4, runtime=0.0 min
    46/90 h=256 lr=1e-05 bs=8
      val_loss=0.000758, best_epoch=33, runtime=0.8 min
    47/90 h=256 lr=1e-05 bs=16
      val_loss=0.001981, best_epoch=34, runtime=0.6 min
    48/90 h=256 lr=1e-05 bs=32
      val_loss=0.005125, best_epoch=35, runtime=0.3 min
    49/90 h=256 lr=1e-05 bs=64
      val_loss=0.006991, best_epoch=58, runtime=0.2 min
    50/90 h=256 lr=1e-05 bs=128
      val_loss=0.005979, best_epoch=87, runtime=0.1 min
    51/90 h=256 lr=0.0001 bs=8
      val_loss=0.002929, best_epoch=2, runtime=0.4 min
    52/90 h=256 lr=0.0001 bs=16
      val_loss=0.004404, best_epoch=2, runtime=0.2 min
    53/90 h=256 lr=0.0001 bs=32
      val_loss=0.003630, best_epoch=4, runtime=0.1 min
    54/90 h=256 lr=0.0001 bs=64
      val_loss=0.000900, best_epoch=21, runtime=0.1 min
    55/90 h=256 lr=0.0001 bs=128
      val_loss=0.001367, best_epoch=32, runtime=0.0 min
    56/90 h=256 lr=0.001 bs=8
      val_loss=0.000447, best_epoch=1, runtime=0.4 min
    57/90 h=256 lr=0.001 bs=16
      val_loss=0.000140, best_epoch=3, runtime=0.3 min
    58/90 h=256 lr=0.001 bs=32
      val_loss=0.000818, best_epoch=2, runtime=0.1 min
    59/90 h=256 lr=0.001 bs=64
      val_loss=0.002220, best_epoch=2, runtime=0.0 min
    60/90 h=256 lr=0.001 bs=128
      val_loss=0.003833, best_epoch=2, runtime=0.0 min
    61/90 h=512 lr=1e-05 bs=8
      val_loss=0.004000, best_epoch=10, runtime=0.4 min
    62/90 h=512 lr=1e-05 bs=16
      val_loss=0.003724, best_epoch=18, runtime=0.2 min
    63/90 h=512 lr=1e-05 bs=32
      val_loss=0.005906, best_epoch=24, runtime=0.2 min
    64/90 h=512 lr=1e-05 bs=64
      val_loss=0.003297, best_epoch=54, runtime=0.2 min
    65/90 h=512 lr=1e-05 bs=128
      val_loss=0.006194, best_epoch=62, runtime=0.1 min
    66/90 h=512 lr=0.0001 bs=8
      val_loss=0.004871, best_epoch=1, runtime=0.3 min
    67/90 h=512 lr=0.0001 bs=16
      val_loss=0.003319, best_epoch=2, runtime=0.2 min
    68/90 h=512 lr=0.0001 bs=32
      val_loss=0.001136, best_epoch=8, runtime=0.2 min
    69/90 h=512 lr=0.0001 bs=64
      val_loss=0.003434, best_epoch=4, runtime=0.1 min
    70/90 h=512 lr=0.0001 bs=128
      val_loss=0.003735, best_epoch=8, runtime=0.0 min
    71/90 h=512 lr=0.001 bs=8
      val_loss=0.000532, best_epoch=3, runtime=0.3 min
    72/90 h=512 lr=0.001 bs=16
      val_loss=0.000916, best_epoch=1, runtime=0.2 min
    73/90 h=512 lr=0.001 bs=32
      val_loss=0.001076, best_epoch=1, runtime=0.1 min
    74/90 h=512 lr=0.001 bs=64
      val_loss=0.000884, best_epoch=3, runtime=0.1 min
    75/90 h=512 lr=0.001 bs=128
      val_loss=0.001514, best_epoch=3, runtime=0.0 min
    76/90 h=1024 lr=1e-05 bs=8
      val_loss=0.002268, best_epoch=11, runtime=0.6 min
    77/90 h=1024 lr=1e-05 bs=16
      val_loss=0.000528, best_epoch=39, runtime=0.5 min
    78/90 h=1024 lr=1e-05 bs=32
      val_loss=0.005194, best_epoch=18, runtime=0.2 min
    79/90 h=1024 lr=1e-05 bs=64
      val_loss=0.002468, best_epoch=49, runtime=0.2 min
    80/90 h=1024 lr=1e-05 bs=128
      val_loss=0.008458, best_epoch=39, runtime=0.1 min
    81/90 h=1024 lr=0.0001 bs=8
      val_loss=0.000648, best_epoch=3, runtime=0.5 min
    82/90 h=1024 lr=0.0001 bs=16
      val_loss=0.000394, best_epoch=8, runtime=0.3 min
    83/90 h=1024 lr=0.0001 bs=32
      val_loss=0.003808, best_epoch=2, runtime=0.3 min
    84/90 h=1024 lr=0.0001 bs=64
      val_loss=0.001119, best_epoch=8, runtime=0.2 min
    85/90 h=1024 lr=0.0001 bs=128
      val_loss=0.002526, best_epoch=6, runtime=0.0 min
    86/90 h=1024 lr=0.001 bs=8
      val_loss=0.000259, best_epoch=1, runtime=0.4 min
    87/90 h=1024 lr=0.001 bs=16
      val_loss=0.000101, best_epoch=1, runtime=0.2 min
    88/90 h=1024 lr=0.001 bs=32
      val_loss=0.000570, best_epoch=3, runtime=0.1 min
    89/90 h=1024 lr=0.001 bs=64
      val_loss=0.003327, best_epoch=1, runtime=0.1 min
    90/90 h=1024 lr=0.001 bs=128
      val_loss=0.003888, best_epoch=3, runtime=0.0 min
  Fold 5: accuracy=1.0000, balanced_accuracy=1.0000, macro_f1=1.0000

wf3_trialwise: Scale each trial/channel independently
/Users/shahzaibali/Desktop/MLP/case1_full_mlp_pipeline.py:579: RuntimeWarning: All-NaN slice encountered
  minimum = np.nanmin(array, axis=axes, keepdims=True)
/Users/shahzaibali/Desktop/MLP/case1_full_mlp_pipeline.py:580: RuntimeWarning: All-NaN slice encountered
  maximum = np.nanmax(array, axis=axes, keepdims=True)
    1/90 h=32 lr=1e-05 bs=8
      val_loss=0.015861, best_epoch=63, runtime=1.1 min
    2/90 h=32 lr=1e-05 bs=16
      val_loss=0.018915, best_epoch=87, runtime=0.7 min
    3/90 h=32 lr=1e-05 bs=32
      val_loss=0.033506, best_epoch=120, runtime=0.5 min
    4/90 h=32 lr=1e-05 bs=64
      val_loss=0.040497, best_epoch=136, runtime=0.3 min
    5/90 h=32 lr=1e-05 bs=128
      val_loss=0.075931, best_epoch=174, runtime=0.2 min
    6/90 h=32 lr=0.0001 bs=8
      val_loss=0.014613, best_epoch=20, runtime=0.6 min
    7/90 h=32 lr=0.0001 bs=16
      val_loss=0.016042, best_epoch=31, runtime=0.4 min
    8/90 h=32 lr=0.0001 bs=32
      val_loss=0.023682, best_epoch=27, runtime=0.2 min
    9/90 h=32 lr=0.0001 bs=64
      val_loss=0.017054, best_epoch=51, runtime=0.1 min
    10/90 h=32 lr=0.0001 bs=128
      val_loss=0.020364, best_epoch=61, runtime=0.1 min
    11/90 h=32 lr=0.001 bs=8
      val_loss=0.010226, best_epoch=4, runtime=0.4 min
    12/90 h=32 lr=0.001 bs=16
      val_loss=0.016597, best_epoch=2, runtime=0.2 min
    13/90 h=32 lr=0.001 bs=32
      val_loss=0.045324, best_epoch=8, runtime=0.1 min
    14/90 h=32 lr=0.001 bs=64
      val_loss=0.069685, best_epoch=2, runtime=0.0 min
    15/90 h=32 lr=0.001 bs=128
      val_loss=0.027241, best_epoch=48, runtime=0.1 min
    16/90 h=64 lr=1e-05 bs=8
      val_loss=0.013081, best_epoch=50, runtime=1.1 min
    17/90 h=64 lr=1e-05 bs=16
      val_loss=0.024635, best_epoch=94, runtime=0.9 min
    18/90 h=64 lr=1e-05 bs=32
      val_loss=0.023879, best_epoch=86, runtime=0.4 min
    19/90 h=64 lr=1e-05 bs=64
      val_loss=0.036219, best_epoch=112, runtime=0.3 min
    20/90 h=64 lr=1e-05 bs=128
      val_loss=0.067398, best_epoch=136, runtime=0.2 min
    21/90 h=64 lr=0.0001 bs=8
      val_loss=0.022352, best_epoch=11, runtime=0.5 min
    22/90 h=64 lr=0.0001 bs=16
      val_loss=0.014736, best_epoch=42, runtime=0.5 min
    23/90 h=64 lr=0.0001 bs=32
      val_loss=0.029639, best_epoch=17, runtime=0.1 min
    24/90 h=64 lr=0.0001 bs=64
      val_loss=0.043877, best_epoch=28, runtime=0.1 min
    25/90 h=64 lr=0.0001 bs=128
      val_loss=0.036562, best_epoch=44, runtime=0.1 min
    26/90 h=64 lr=0.001 bs=8
      val_loss=0.045926, best_epoch=4, runtime=0.4 min
    27/90 h=64 lr=0.001 bs=16
      val_loss=0.021976, best_epoch=3, runtime=0.2 min
    28/90 h=64 lr=0.001 bs=32
      val_loss=0.039239, best_epoch=11, runtime=0.1 min
    29/90 h=64 lr=0.001 bs=64
      val_loss=0.027073, best_epoch=9, runtime=0.1 min
    30/90 h=64 lr=0.001 bs=128
      val_loss=0.036384, best_epoch=19, runtime=0.0 min
    31/90 h=128 lr=1e-05 bs=8
      val_loss=0.022104, best_epoch=44, runtime=1.0 min
    32/90 h=128 lr=1e-05 bs=16
      val_loss=0.027060, best_epoch=71, runtime=0.9 min
    33/90 h=128 lr=1e-05 bs=32
      val_loss=0.037216, best_epoch=75, runtime=0.5 min
    34/90 h=128 lr=1e-05 bs=64
      val_loss=0.045227, best_epoch=88, runtime=0.3 min
    35/90 h=128 lr=1e-05 bs=128
      val_loss=0.043493, best_epoch=119, runtime=0.1 min
    36/90 h=128 lr=0.0001 bs=8
      val_loss=0.019750, best_epoch=11, runtime=0.6 min
    37/90 h=128 lr=0.0001 bs=16
      val_loss=0.020485, best_epoch=22, runtime=0.4 min
    38/90 h=128 lr=0.0001 bs=32
      val_loss=0.032706, best_epoch=28, runtime=0.2 min
    39/90 h=128 lr=0.0001 bs=64
      val_loss=0.020518, best_epoch=32, runtime=0.1 min
    40/90 h=128 lr=0.0001 bs=128
      val_loss=0.029541, best_epoch=47, runtime=0.1 min
    41/90 h=128 lr=0.001 bs=8
      val_loss=0.017677, best_epoch=38, runtime=0.9 min
    42/90 h=128 lr=0.001 bs=16
      val_loss=0.013771, best_epoch=2, runtime=0.3 min
    43/90 h=128 lr=0.001 bs=32
      val_loss=0.046118, best_epoch=44, runtime=0.3 min
    44/90 h=128 lr=0.001 bs=64
      val_loss=0.022890, best_epoch=24, runtime=0.1 min
    45/90 h=128 lr=0.001 bs=128
      val_loss=0.033055, best_epoch=34, runtime=0.1 min
    46/90 h=256 lr=1e-05 bs=8
      val_loss=0.019362, best_epoch=63, runtime=1.1 min
    47/90 h=256 lr=1e-05 bs=16
      val_loss=0.024844, best_epoch=57, runtime=0.7 min
    48/90 h=256 lr=1e-05 bs=32
      val_loss=0.023555, best_epoch=83, runtime=0.6 min
    49/90 h=256 lr=1e-05 bs=64
      val_loss=0.030937, best_epoch=70, runtime=0.3 min
    50/90 h=256 lr=1e-05 bs=128
      val_loss=0.038392, best_epoch=111, runtime=0.1 min
    51/90 h=256 lr=0.0001 bs=8
      val_loss=0.014280, best_epoch=6, runtime=0.4 min
    52/90 h=256 lr=0.0001 bs=16
      val_loss=0.020109, best_epoch=7, runtime=0.4 min
    53/90 h=256 lr=0.0001 bs=32
      val_loss=0.014086, best_epoch=32, runtime=0.3 min
    54/90 h=256 lr=0.0001 bs=64
      val_loss=0.029540, best_epoch=25, runtime=0.1 min
    55/90 h=256 lr=0.0001 bs=128
      val_loss=0.040528, best_epoch=22, runtime=0.0 min
    56/90 h=256 lr=0.001 bs=8
      val_loss=0.111292, best_epoch=1, runtime=0.4 min
    57/90 h=256 lr=0.001 bs=16
      val_loss=0.015831, best_epoch=1, runtime=0.1 min
    58/90 h=256 lr=0.001 bs=32
      val_loss=0.031062, best_epoch=34, runtime=0.3 min
    59/90 h=256 lr=0.001 bs=64
      val_loss=0.032157, best_epoch=5, runtime=0.1 min
    60/90 h=256 lr=0.001 bs=128
      val_loss=0.044336, best_epoch=64, runtime=0.1 min
    61/90 h=512 lr=1e-05 bs=8
      val_loss=0.019755, best_epoch=43, runtime=0.6 min
    62/90 h=512 lr=1e-05 bs=16
      val_loss=0.027032, best_epoch=36, runtime=0.3 min
    63/90 h=512 lr=1e-05 bs=32
      val_loss=0.034125, best_epoch=46, runtime=0.2 min
    64/90 h=512 lr=1e-05 bs=64
      val_loss=0.031565, best_epoch=48, runtime=0.3 min
    65/90 h=512 lr=1e-05 bs=128
      val_loss=0.032586, best_epoch=81, runtime=0.1 min
    66/90 h=512 lr=0.0001 bs=8
      val_loss=0.023278, best_epoch=3, runtime=0.3 min
    67/90 h=512 lr=0.0001 bs=16
      val_loss=0.025128, best_epoch=5, runtime=0.2 min
    68/90 h=512 lr=0.0001 bs=32
      val_loss=0.024086, best_epoch=9, runtime=0.2 min
    69/90 h=512 lr=0.0001 bs=64
      val_loss=0.020898, best_epoch=29, runtime=0.1 min
    70/90 h=512 lr=0.0001 bs=128
      val_loss=0.029916, best_epoch=23, runtime=0.1 min
    71/90 h=512 lr=0.001 bs=8
      val_loss=0.114492, best_epoch=2, runtime=0.3 min
    72/90 h=512 lr=0.001 bs=16
      val_loss=0.029788, best_epoch=1, runtime=0.2 min
    73/90 h=512 lr=0.001 bs=32
      val_loss=0.023434, best_epoch=3, runtime=0.1 min
    74/90 h=512 lr=0.001 bs=64
      val_loss=0.044213, best_epoch=2, runtime=0.1 min
    75/90 h=512 lr=0.001 bs=128
      val_loss=0.035262, best_epoch=7, runtime=0.0 min
    76/90 h=1024 lr=1e-05 bs=8
      val_loss=0.025100, best_epoch=31, runtime=0.9 min
    77/90 h=1024 lr=1e-05 bs=16
      val_loss=0.029456, best_epoch=37, runtime=0.5 min
    78/90 h=1024 lr=1e-05 bs=32
      val_loss=0.024577, best_epoch=35, runtime=0.2 min
    79/90 h=1024 lr=1e-05 bs=64
      val_loss=0.027484, best_epoch=57, runtime=0.2 min
    80/90 h=1024 lr=1e-05 bs=128
      val_loss=0.035145, best_epoch=69, runtime=0.1 min
    81/90 h=1024 lr=0.0001 bs=8
      val_loss=0.021182, best_epoch=3, runtime=0.5 min
    82/90 h=1024 lr=0.0001 bs=16
      val_loss=0.025167, best_epoch=4, runtime=0.2 min
    83/90 h=1024 lr=0.0001 bs=32
      val_loss=0.023740, best_epoch=46, runtime=0.4 min
    84/90 h=1024 lr=0.0001 bs=64
      val_loss=0.020237, best_epoch=8, runtime=0.1 min
    85/90 h=1024 lr=0.0001 bs=128
      val_loss=0.024992, best_epoch=8, runtime=0.0 min
    86/90 h=1024 lr=0.001 bs=8
      val_loss=0.049503, best_epoch=2, runtime=0.4 min
    87/90 h=1024 lr=0.001 bs=16
      val_loss=0.038147, best_epoch=3, runtime=0.3 min
    88/90 h=1024 lr=0.001 bs=32
      val_loss=0.040291, best_epoch=46, runtime=0.3 min
    89/90 h=1024 lr=0.001 bs=64
      val_loss=0.095500, best_epoch=5, runtime=0.1 min
    90/90 h=1024 lr=0.001 bs=128
      val_loss=0.055266, best_epoch=31, runtime=0.1 min
  Fold 1: accuracy=1.0000, balanced_accuracy=1.0000, macro_f1=1.0000
/Users/shahzaibali/Desktop/MLP/case1_full_mlp_pipeline.py:579: RuntimeWarning: All-NaN slice encountered
  minimum = np.nanmin(array, axis=axes, keepdims=True)
/Users/shahzaibali/Desktop/MLP/case1_full_mlp_pipeline.py:580: RuntimeWarning: All-NaN slice encountered
  maximum = np.nanmax(array, axis=axes, keepdims=True)
    1/90 h=32 lr=1e-05 bs=8
      val_loss=0.011261, best_epoch=40, runtime=0.8 min
    2/90 h=32 lr=1e-05 bs=16
      val_loss=0.013107, best_epoch=59, runtime=0.6 min
    3/90 h=32 lr=1e-05 bs=32
      val_loss=0.013520, best_epoch=87, runtime=0.4 min
    4/90 h=32 lr=1e-05 bs=64
      val_loss=0.027306, best_epoch=96, runtime=0.2 min
    5/90 h=32 lr=1e-05 bs=128
      val_loss=0.032039, best_epoch=166, runtime=0.2 min
    6/90 h=32 lr=0.0001 bs=8
      val_loss=0.008301, best_epoch=8, runtime=0.4 min
    7/90 h=32 lr=0.0001 bs=16
      val_loss=0.012517, best_epoch=7, runtime=0.2 min
    8/90 h=32 lr=0.0001 bs=32
      val_loss=0.013043, best_epoch=18, runtime=0.2 min
    9/90 h=32 lr=0.0001 bs=64
      val_loss=0.009767, best_epoch=45, runtime=0.1 min
    10/90 h=32 lr=0.0001 bs=128
      val_loss=0.018390, best_epoch=30, runtime=0.0 min
    11/90 h=32 lr=0.001 bs=8
      val_loss=0.013204, best_epoch=2, runtime=0.4 min
    12/90 h=32 lr=0.001 bs=16
      val_loss=0.007996, best_epoch=6, runtime=0.2 min
    13/90 h=32 lr=0.001 bs=32
      val_loss=0.012948, best_epoch=7, runtime=0.1 min
    14/90 h=32 lr=0.001 bs=64
      val_loss=0.013274, best_epoch=6, runtime=0.1 min
    15/90 h=32 lr=0.001 bs=128
      val_loss=0.013011, best_epoch=10, runtime=0.0 min
    16/90 h=64 lr=1e-05 bs=8
      val_loss=0.009021, best_epoch=46, runtime=1.0 min
    17/90 h=64 lr=1e-05 bs=16
      val_loss=0.014531, best_epoch=60, runtime=0.6 min
    18/90 h=64 lr=1e-05 bs=32
      val_loss=0.015598, best_epoch=60, runtime=0.3 min
    19/90 h=64 lr=1e-05 bs=64
      val_loss=0.017942, best_epoch=94, runtime=0.3 min
    20/90 h=64 lr=1e-05 bs=128
      val_loss=0.024034, best_epoch=124, runtime=0.1 min
    21/90 h=64 lr=0.0001 bs=8
      val_loss=0.009943, best_epoch=10, runtime=0.5 min
    22/90 h=64 lr=0.0001 bs=16
      val_loss=0.010877, best_epoch=8, runtime=0.3 min
    23/90 h=64 lr=0.0001 bs=32
      val_loss=0.014650, best_epoch=10, runtime=0.1 min
    24/90 h=64 lr=0.0001 bs=64
      val_loss=0.007119, best_epoch=25, runtime=0.1 min
    25/90 h=64 lr=0.0001 bs=128
      val_loss=0.013588, best_epoch=25, runtime=0.1 min
    26/90 h=64 lr=0.001 bs=8
      val_loss=0.011854, best_epoch=3, runtime=0.4 min
    27/90 h=64 lr=0.001 bs=16
      val_loss=0.011011, best_epoch=2, runtime=0.2 min
    28/90 h=64 lr=0.001 bs=32
      val_loss=0.013967, best_epoch=3, runtime=0.1 min
    29/90 h=64 lr=0.001 bs=64
      val_loss=0.009910, best_epoch=16, runtime=0.1 min
    30/90 h=64 lr=0.001 bs=128
      val_loss=0.008695, best_epoch=16, runtime=0.0 min
    31/90 h=128 lr=1e-05 bs=8
      val_loss=0.011961, best_epoch=28, runtime=0.8 min
    32/90 h=128 lr=1e-05 bs=16
      val_loss=0.008210, best_epoch=53, runtime=0.7 min
    33/90 h=128 lr=1e-05 bs=32
      val_loss=0.013627, best_epoch=69, runtime=0.4 min
    34/90 h=128 lr=1e-05 bs=64
      val_loss=0.016395, best_epoch=64, runtime=0.2 min
    35/90 h=128 lr=1e-05 bs=128
      val_loss=0.018773, best_epoch=103, runtime=0.1 min
    36/90 h=128 lr=0.0001 bs=8
      val_loss=0.010095, best_epoch=5, runtime=0.5 min
    37/90 h=128 lr=0.0001 bs=16
      val_loss=0.012451, best_epoch=10, runtime=0.3 min
    38/90 h=128 lr=0.0001 bs=32
      val_loss=0.011944, best_epoch=6, runtime=0.2 min
    39/90 h=128 lr=0.0001 bs=64
      val_loss=0.008651, best_epoch=19, runtime=0.1 min
    40/90 h=128 lr=0.0001 bs=128
      val_loss=0.013545, best_epoch=19, runtime=0.0 min
    41/90 h=128 lr=0.001 bs=8
      val_loss=0.010349, best_epoch=1, runtime=0.4 min
    42/90 h=128 lr=0.001 bs=16
      val_loss=0.010349, best_epoch=4, runtime=0.3 min
    43/90 h=128 lr=0.001 bs=32
      val_loss=0.011688, best_epoch=1, runtime=0.1 min
    44/90 h=128 lr=0.001 bs=64
      val_loss=0.009786, best_epoch=2, runtime=0.1 min
    45/90 h=128 lr=0.001 bs=128
      val_loss=0.016498, best_epoch=3, runtime=0.0 min
    46/90 h=256 lr=1e-05 bs=8
      val_loss=0.009530, best_epoch=34, runtime=0.7 min
    47/90 h=256 lr=1e-05 bs=16
      val_loss=0.008655, best_epoch=30, runtime=0.2 min
    48/90 h=256 lr=1e-05 bs=32
      val_loss=0.019007, best_epoch=34, runtime=0.3 min
    49/90 h=256 lr=1e-05 bs=64
      val_loss=0.019326, best_epoch=51, runtime=0.2 min
    50/90 h=256 lr=1e-05 bs=128
      val_loss=0.018698, best_epoch=82, runtime=0.1 min
    51/90 h=256 lr=0.0001 bs=8
      val_loss=0.011988, best_epoch=6, runtime=0.4 min
    52/90 h=256 lr=0.0001 bs=16
      val_loss=0.016473, best_epoch=2, runtime=0.3 min
    53/90 h=256 lr=0.0001 bs=32
      val_loss=0.007475, best_epoch=12, runtime=0.2 min
    54/90 h=256 lr=0.0001 bs=64
      val_loss=0.008653, best_epoch=14, runtime=0.1 min
    55/90 h=256 lr=0.0001 bs=128
      val_loss=0.014206, best_epoch=12, runtime=0.0 min
    56/90 h=256 lr=0.001 bs=8
      val_loss=0.009017, best_epoch=1, runtime=0.4 min
    57/90 h=256 lr=0.001 bs=16
      val_loss=0.007744, best_epoch=2, runtime=0.1 min
    58/90 h=256 lr=0.001 bs=32
      val_loss=0.005369, best_epoch=2, runtime=0.2 min
    59/90 h=256 lr=0.001 bs=64
      val_loss=0.011682, best_epoch=4, runtime=0.1 min
    60/90 h=256 lr=0.001 bs=128
      val_loss=0.018371, best_epoch=6, runtime=0.0 min
    61/90 h=512 lr=1e-05 bs=8
      val_loss=0.013381, best_epoch=13, runtime=0.4 min
    62/90 h=512 lr=1e-05 bs=16
      val_loss=0.012488, best_epoch=19, runtime=0.2 min
    63/90 h=512 lr=1e-05 bs=32
      val_loss=0.016483, best_epoch=25, runtime=0.3 min
    64/90 h=512 lr=1e-05 bs=64
      val_loss=0.014479, best_epoch=31, runtime=0.2 min
    65/90 h=512 lr=1e-05 bs=128
      val_loss=0.017514, best_epoch=73, runtime=0.1 min
    66/90 h=512 lr=0.0001 bs=8
      val_loss=0.011099, best_epoch=2, runtime=0.3 min
    67/90 h=512 lr=0.0001 bs=16
      val_loss=0.011176, best_epoch=2, runtime=0.2 min
    68/90 h=512 lr=0.0001 bs=32
      val_loss=0.011363, best_epoch=4, runtime=0.2 min
    69/90 h=512 lr=0.0001 bs=64
      val_loss=0.009625, best_epoch=10, runtime=0.1 min
    70/90 h=512 lr=0.0001 bs=128
      val_loss=0.013649, best_epoch=20, runtime=0.1 min
    71/90 h=512 lr=0.001 bs=8
      val_loss=0.015515, best_epoch=4, runtime=0.3 min
    72/90 h=512 lr=0.001 bs=16
      val_loss=0.001153, best_epoch=1, runtime=0.1 min
    73/90 h=512 lr=0.001 bs=32
      val_loss=0.005143, best_epoch=2, runtime=0.2 min
    74/90 h=512 lr=0.001 bs=64
      val_loss=0.002827, best_epoch=2, runtime=0.1 min
    75/90 h=512 lr=0.001 bs=128
      val_loss=0.033189, best_epoch=19, runtime=0.0 min
    76/90 h=1024 lr=1e-05 bs=8
      val_loss=0.009002, best_epoch=23, runtime=0.8 min
    77/90 h=1024 lr=1e-05 bs=16
      val_loss=0.009509, best_epoch=36, runtime=0.5 min
    78/90 h=1024 lr=1e-05 bs=32
      val_loss=0.012052, best_epoch=23, runtime=0.2 min
    79/90 h=1024 lr=1e-05 bs=64
      val_loss=0.017631, best_epoch=28, runtime=0.1 min
    80/90 h=1024 lr=1e-05 bs=128
      val_loss=0.012591, best_epoch=68, runtime=0.1 min
    81/90 h=1024 lr=0.0001 bs=8
      val_loss=0.004131, best_epoch=3, runtime=0.5 min
    82/90 h=1024 lr=0.0001 bs=16
      val_loss=0.008401, best_epoch=3, runtime=0.2 min
    83/90 h=1024 lr=0.0001 bs=32
      val_loss=0.012071, best_epoch=2, runtime=0.1 min
    84/90 h=1024 lr=0.0001 bs=64
      val_loss=0.012335, best_epoch=6, runtime=0.1 min
    85/90 h=1024 lr=0.0001 bs=128
      val_loss=0.010364, best_epoch=11, runtime=0.0 min
    86/90 h=1024 lr=0.001 bs=8
      val_loss=0.040390, best_epoch=3, runtime=0.5 min
    87/90 h=1024 lr=0.001 bs=16
      val_loss=0.011552, best_epoch=8, runtime=0.3 min
    88/90 h=1024 lr=0.001 bs=32
      val_loss=0.010546, best_epoch=2, runtime=0.1 min
    89/90 h=1024 lr=0.001 bs=64
      val_loss=0.006097, best_epoch=3, runtime=0.1 min
    90/90 h=1024 lr=0.001 bs=128
      val_loss=0.016605, best_epoch=4, runtime=0.0 min
  Fold 2: accuracy=0.9946, balanced_accuracy=0.9925, macro_f1=0.9929
/Users/shahzaibali/Desktop/MLP/case1_full_mlp_pipeline.py:579: RuntimeWarning: All-NaN slice encountered
  minimum = np.nanmin(array, axis=axes, keepdims=True)
/Users/shahzaibali/Desktop/MLP/case1_full_mlp_pipeline.py:580: RuntimeWarning: All-NaN slice encountered
  maximum = np.nanmax(array, axis=axes, keepdims=True)
    1/90 h=32 lr=1e-05 bs=8
      val_loss=0.002309, best_epoch=76, runtime=1.2 min
    2/90 h=32 lr=1e-05 bs=16
      val_loss=0.004962, best_epoch=88, runtime=0.7 min
    3/90 h=32 lr=1e-05 bs=32
      val_loss=0.015326, best_epoch=89, runtime=0.4 min
    4/90 h=32 lr=1e-05 bs=64
      val_loss=0.019337, best_epoch=110, runtime=0.2 min
    5/90 h=32 lr=1e-05 bs=128
      val_loss=0.024368, best_epoch=181, runtime=0.2 min
    6/90 h=32 lr=0.0001 bs=8
      val_loss=0.002114, best_epoch=24, runtime=0.3 min
    7/90 h=32 lr=0.0001 bs=16
      val_loss=0.003582, best_epoch=29, runtime=0.2 min
    8/90 h=32 lr=0.0001 bs=32
      val_loss=0.002496, best_epoch=46, runtime=0.1 min
    9/90 h=32 lr=0.0001 bs=64
      val_loss=0.006083, best_epoch=51, runtime=0.1 min
    10/90 h=32 lr=0.0001 bs=128
      val_loss=0.011689, best_epoch=52, runtime=0.0 min
    11/90 h=32 lr=0.001 bs=8
      val_loss=0.006164, best_epoch=4, runtime=0.2 min
    12/90 h=32 lr=0.001 bs=16
      val_loss=0.001468, best_epoch=2, runtime=0.1 min
    13/90 h=32 lr=0.001 bs=32
      val_loss=0.001569, best_epoch=10, runtime=0.1 min
    14/90 h=32 lr=0.001 bs=64
      val_loss=0.003843, best_epoch=5, runtime=0.0 min
    15/90 h=32 lr=0.001 bs=128
      val_loss=0.004833, best_epoch=15, runtime=0.0 min
    16/90 h=64 lr=1e-05 bs=8
      val_loss=0.002260, best_epoch=57, runtime=0.6 min
    17/90 h=64 lr=1e-05 bs=16
      val_loss=0.007251, best_epoch=56, runtime=0.3 min
    18/90 h=64 lr=1e-05 bs=32
      val_loss=0.013633, best_epoch=77, runtime=0.2 min
    19/90 h=64 lr=1e-05 bs=64
      val_loss=0.017411, best_epoch=107, runtime=0.1 min
    20/90 h=64 lr=1e-05 bs=128
      val_loss=0.020010, best_epoch=135, runtime=0.1 min
    21/90 h=64 lr=0.0001 bs=8
      val_loss=0.001866, best_epoch=16, runtime=0.3 min
    22/90 h=64 lr=0.0001 bs=16
      val_loss=0.004024, best_epoch=13, runtime=0.2 min
    23/90 h=64 lr=0.0001 bs=32
      val_loss=0.003417, best_epoch=32, runtime=0.1 min
    24/90 h=64 lr=0.0001 bs=64
      val_loss=0.004786, best_epoch=36, runtime=0.1 min
    25/90 h=64 lr=0.0001 bs=128
      val_loss=0.007418, best_epoch=34, runtime=0.0 min
    26/90 h=64 lr=0.001 bs=8
      val_loss=0.001616, best_epoch=3, runtime=0.2 min
    27/90 h=64 lr=0.001 bs=16
      val_loss=0.003613, best_epoch=3, runtime=0.1 min
    28/90 h=64 lr=0.001 bs=32
      val_loss=0.005406, best_epoch=3, runtime=0.1 min
    29/90 h=64 lr=0.001 bs=64
      val_loss=0.003778, best_epoch=4, runtime=0.0 min
    30/90 h=64 lr=0.001 bs=128
      val_loss=0.006411, best_epoch=4, runtime=0.0 min
    31/90 h=128 lr=1e-05 bs=8
      val_loss=0.003904, best_epoch=44, runtime=0.6 min
    32/90 h=128 lr=1e-05 bs=16
      val_loss=0.005843, best_epoch=55, runtime=0.4 min
    33/90 h=128 lr=1e-05 bs=32
      val_loss=0.010972, best_epoch=50, runtime=0.2 min
    34/90 h=128 lr=1e-05 bs=64
      val_loss=0.014392, best_epoch=75, runtime=0.1 min
    35/90 h=128 lr=1e-05 bs=128
      val_loss=0.015993, best_epoch=114, runtime=0.1 min
    36/90 h=128 lr=0.0001 bs=8
      val_loss=0.001294, best_epoch=20, runtime=0.4 min
    37/90 h=128 lr=0.0001 bs=16
      val_loss=0.004462, best_epoch=11, runtime=0.2 min
    38/90 h=128 lr=0.0001 bs=32
      val_loss=0.003377, best_epoch=21, runtime=0.1 min
    39/90 h=128 lr=0.0001 bs=64
      val_loss=0.004217, best_epoch=29, runtime=0.1 min
    40/90 h=128 lr=0.0001 bs=128
      val_loss=0.008462, best_epoch=23, runtime=0.0 min
    41/90 h=128 lr=0.001 bs=8
      val_loss=0.001902, best_epoch=1, runtime=0.2 min
    42/90 h=128 lr=0.001 bs=16
      val_loss=0.002336, best_epoch=3, runtime=0.1 min
    43/90 h=128 lr=0.001 bs=32
      val_loss=0.000806, best_epoch=27, runtime=0.1 min
    44/90 h=128 lr=0.001 bs=64
      val_loss=0.003582, best_epoch=4, runtime=0.0 min
    45/90 h=128 lr=0.001 bs=128
      val_loss=0.006852, best_epoch=3, runtime=0.0 min
    46/90 h=256 lr=1e-05 bs=8
      val_loss=0.001614, best_epoch=44, runtime=0.7 min
    47/90 h=256 lr=1e-05 bs=16
      val_loss=0.004454, best_epoch=48, runtime=0.4 min
    48/90 h=256 lr=1e-05 bs=32
      val_loss=0.006358, best_epoch=60, runtime=0.3 min
    49/90 h=256 lr=1e-05 bs=64
      val_loss=0.010297, best_epoch=81, runtime=0.2 min
    50/90 h=256 lr=1e-05 bs=128
      val_loss=0.011815, best_epoch=103, runtime=0.1 min
    51/90 h=256 lr=0.0001 bs=8
      val_loss=0.002557, best_epoch=7, runtime=0.4 min
    52/90 h=256 lr=0.0001 bs=16
      val_loss=0.005914, best_epoch=6, runtime=0.2 min
    53/90 h=256 lr=0.0001 bs=32
      val_loss=0.004248, best_epoch=9, runtime=0.1 min
    54/90 h=256 lr=0.0001 bs=64
      val_loss=0.004333, best_epoch=17, runtime=0.1 min
    55/90 h=256 lr=0.0001 bs=128
      val_loss=0.005508, best_epoch=28, runtime=0.0 min
    56/90 h=256 lr=0.001 bs=8
      val_loss=0.001064, best_epoch=3, runtime=0.3 min
    57/90 h=256 lr=0.001 bs=16
      val_loss=0.002063, best_epoch=3, runtime=0.2 min
    58/90 h=256 lr=0.001 bs=32
      val_loss=0.003767, best_epoch=3, runtime=0.1 min
    59/90 h=256 lr=0.001 bs=64
      val_loss=0.003234, best_epoch=3, runtime=0.0 min
    60/90 h=256 lr=0.001 bs=128
      val_loss=0.004529, best_epoch=4, runtime=0.0 min
    61/90 h=512 lr=1e-05 bs=8
      val_loss=0.002130, best_epoch=35, runtime=0.6 min
    62/90 h=512 lr=1e-05 bs=16
      val_loss=0.006801, best_epoch=26, runtime=0.3 min
    63/90 h=512 lr=1e-05 bs=32
      val_loss=0.005853, best_epoch=46, runtime=0.3 min
    64/90 h=512 lr=1e-05 bs=64
      val_loss=0.010543, best_epoch=62, runtime=0.2 min
    65/90 h=512 lr=1e-05 bs=128
      val_loss=0.015535, best_epoch=68, runtime=0.1 min
    66/90 h=512 lr=0.0001 bs=8
      val_loss=0.000648, best_epoch=24, runtime=0.5 min
    67/90 h=512 lr=0.0001 bs=16
      val_loss=0.001194, best_epoch=20, runtime=0.2 min
    68/90 h=512 lr=0.0001 bs=32
      val_loss=0.004828, best_epoch=8, runtime=0.2 min
    69/90 h=512 lr=0.0001 bs=64
      val_loss=0.002271, best_epoch=28, runtime=0.2 min
    70/90 h=512 lr=0.0001 bs=128
      val_loss=0.002772, best_epoch=32, runtime=0.0 min
    71/90 h=512 lr=0.001 bs=8
      val_loss=0.002243, best_epoch=4, runtime=0.3 min
    72/90 h=512 lr=0.001 bs=16
      val_loss=0.000974, best_epoch=2, runtime=0.2 min
    73/90 h=512 lr=0.001 bs=32
      val_loss=0.001041, best_epoch=3, runtime=0.2 min
    74/90 h=512 lr=0.001 bs=64
      val_loss=0.000240, best_epoch=4, runtime=0.1 min
    75/90 h=512 lr=0.001 bs=128
      val_loss=0.006697, best_epoch=5, runtime=0.0 min
    76/90 h=1024 lr=1e-05 bs=8
      val_loss=0.003165, best_epoch=20, runtime=0.7 min
    77/90 h=1024 lr=1e-05 bs=16
      val_loss=0.003853, best_epoch=32, runtime=0.4 min
    78/90 h=1024 lr=1e-05 bs=32
      val_loss=0.007478, best_epoch=26, runtime=0.2 min
    79/90 h=1024 lr=1e-05 bs=64
      val_loss=0.010314, best_epoch=40, runtime=0.1 min
    80/90 h=1024 lr=1e-05 bs=128
      val_loss=0.008401, best_epoch=80, runtime=0.1 min
    81/90 h=1024 lr=0.0001 bs=8
      val_loss=0.002233, best_epoch=2, runtime=0.5 min
    82/90 h=1024 lr=0.0001 bs=16
      val_loss=0.002484, best_epoch=4, runtime=0.3 min
    83/90 h=1024 lr=0.0001 bs=32
      val_loss=0.002040, best_epoch=13, runtime=0.2 min
    84/90 h=1024 lr=0.0001 bs=64
      val_loss=0.001474, best_epoch=27, runtime=0.3 min
    85/90 h=1024 lr=0.0001 bs=128
      val_loss=0.006460, best_epoch=14, runtime=0.1 min
    86/90 h=1024 lr=0.001 bs=8
      val_loss=0.002776, best_epoch=4, runtime=0.5 min
    87/90 h=1024 lr=0.001 bs=16
      val_loss=0.000134, best_epoch=3, runtime=0.3 min
    88/90 h=1024 lr=0.001 bs=32
      val_loss=0.001878, best_epoch=2, runtime=0.1 min
    89/90 h=1024 lr=0.001 bs=64
      val_loss=0.000502, best_epoch=2, runtime=0.1 min
    90/90 h=1024 lr=0.001 bs=128
      val_loss=0.001482, best_epoch=6, runtime=0.0 min
  Fold 3: accuracy=0.9819, balanced_accuracy=0.9804, macro_f1=0.9771
/Users/shahzaibali/Desktop/MLP/case1_full_mlp_pipeline.py:579: RuntimeWarning: All-NaN slice encountered
  minimum = np.nanmin(array, axis=axes, keepdims=True)
/Users/shahzaibali/Desktop/MLP/case1_full_mlp_pipeline.py:580: RuntimeWarning: All-NaN slice encountered
  maximum = np.nanmax(array, axis=axes, keepdims=True)
    1/90 h=32 lr=1e-05 bs=8
      val_loss=0.050005, best_epoch=24, runtime=0.6 min
    2/90 h=32 lr=1e-05 bs=16
      val_loss=0.041531, best_epoch=45, runtime=0.5 min
    3/90 h=32 lr=1e-05 bs=32
      val_loss=0.035947, best_epoch=73, runtime=0.3 min
    4/90 h=32 lr=1e-05 bs=64
      val_loss=0.051071, best_epoch=128, runtime=0.3 min
    5/90 h=32 lr=1e-05 bs=128
      val_loss=0.037132, best_epoch=160, runtime=0.2 min
    6/90 h=32 lr=0.0001 bs=8
      val_loss=0.033698, best_epoch=4, runtime=0.4 min
    7/90 h=32 lr=0.0001 bs=16
      val_loss=0.045260, best_epoch=5, runtime=0.2 min
    8/90 h=32 lr=0.0001 bs=32
      val_loss=0.038018, best_epoch=14, runtime=0.1 min
    9/90 h=32 lr=0.0001 bs=64
      val_loss=0.032141, best_epoch=17, runtime=0.1 min
    10/90 h=32 lr=0.0001 bs=128
      val_loss=0.036593, best_epoch=31, runtime=0.1 min
    11/90 h=32 lr=0.001 bs=8
      val_loss=0.056547, best_epoch=15, runtime=0.5 min
    12/90 h=32 lr=0.001 bs=16
      val_loss=0.041010, best_epoch=2, runtime=0.2 min
    13/90 h=32 lr=0.001 bs=32
      val_loss=0.024311, best_epoch=4, runtime=0.1 min
    14/90 h=32 lr=0.001 bs=64
      val_loss=0.037867, best_epoch=3, runtime=0.1 min
    15/90 h=32 lr=0.001 bs=128
      val_loss=0.022627, best_epoch=4, runtime=0.0 min
    16/90 h=64 lr=1e-05 bs=8
      val_loss=0.026409, best_epoch=33, runtime=0.8 min
    17/90 h=64 lr=1e-05 bs=16
      val_loss=0.037957, best_epoch=46, runtime=0.5 min
    18/90 h=64 lr=1e-05 bs=32
      val_loss=0.032167, best_epoch=68, runtime=0.4 min
    19/90 h=64 lr=1e-05 bs=64
      val_loss=0.047750, best_epoch=93, runtime=0.3 min
    20/90 h=64 lr=1e-05 bs=128
      val_loss=0.034875, best_epoch=143, runtime=0.2 min
    21/90 h=64 lr=0.0001 bs=8
      val_loss=0.037703, best_epoch=4, runtime=0.4 min
    22/90 h=64 lr=0.0001 bs=16
      val_loss=0.038295, best_epoch=3, runtime=0.2 min
    23/90 h=64 lr=0.0001 bs=32
      val_loss=0.026925, best_epoch=7, runtime=0.1 min
    24/90 h=64 lr=0.0001 bs=64
      val_loss=0.034260, best_epoch=18, runtime=0.1 min
    25/90 h=64 lr=0.0001 bs=128
      val_loss=0.032600, best_epoch=23, runtime=0.0 min
    26/90 h=64 lr=0.001 bs=8
      val_loss=0.074659, best_epoch=3, runtime=0.4 min
    27/90 h=64 lr=0.001 bs=16
      val_loss=0.016853, best_epoch=2, runtime=0.2 min
    28/90 h=64 lr=0.001 bs=32
      val_loss=0.029246, best_epoch=3, runtime=0.1 min
    29/90 h=64 lr=0.001 bs=64
      val_loss=0.011130, best_epoch=3, runtime=0.1 min
    30/90 h=64 lr=0.001 bs=128
      val_loss=0.031182, best_epoch=7, runtime=0.0 min
    31/90 h=128 lr=1e-05 bs=8
      val_loss=0.040844, best_epoch=23, runtime=0.7 min
    32/90 h=128 lr=1e-05 bs=16
      val_loss=0.036666, best_epoch=26, runtime=0.4 min
    33/90 h=128 lr=1e-05 bs=32
      val_loss=0.036818, best_epoch=41, runtime=0.3 min
    34/90 h=128 lr=1e-05 bs=64
      val_loss=0.039588, best_epoch=61, runtime=0.2 min
    35/90 h=128 lr=1e-05 bs=128
      val_loss=0.034245, best_epoch=112, runtime=0.2 min
    36/90 h=128 lr=0.0001 bs=8
      val_loss=0.032082, best_epoch=4, runtime=0.4 min
    37/90 h=128 lr=0.0001 bs=16
      val_loss=0.033432, best_epoch=4, runtime=0.3 min
    38/90 h=128 lr=0.0001 bs=32
      val_loss=0.038535, best_epoch=6, runtime=0.2 min
    39/90 h=128 lr=0.0001 bs=64
      val_loss=0.033002, best_epoch=12, runtime=0.1 min
    40/90 h=128 lr=0.0001 bs=128
      val_loss=0.035813, best_epoch=11, runtime=0.0 min
    41/90 h=128 lr=0.001 bs=8
      val_loss=0.014023, best_epoch=1, runtime=0.4 min
    42/90 h=128 lr=0.001 bs=16
      val_loss=0.034936, best_epoch=2, runtime=0.3 min
    43/90 h=128 lr=0.001 bs=32
      val_loss=0.014991, best_epoch=3, runtime=0.1 min
    44/90 h=128 lr=0.001 bs=64
      val_loss=0.027196, best_epoch=6, runtime=0.1 min
    45/90 h=128 lr=0.001 bs=128
      val_loss=0.033060, best_epoch=7, runtime=0.0 min
    46/90 h=256 lr=1e-05 bs=8
      val_loss=0.032963, best_epoch=17, runtime=0.6 min
    47/90 h=256 lr=1e-05 bs=16
      val_loss=0.039043, best_epoch=19, runtime=0.3 min
    48/90 h=256 lr=1e-05 bs=32
      val_loss=0.048279, best_epoch=23, runtime=0.2 min
    49/90 h=256 lr=1e-05 bs=64
      val_loss=0.031314, best_epoch=70, runtime=0.3 min
    50/90 h=256 lr=1e-05 bs=128
      val_loss=0.033828, best_epoch=86, runtime=0.1 min
    51/90 h=256 lr=0.0001 bs=8
      val_loss=0.031442, best_epoch=3, runtime=0.4 min
    52/90 h=256 lr=0.0001 bs=16
      val_loss=0.029940, best_epoch=3, runtime=0.2 min
    53/90 h=256 lr=0.0001 bs=32
      val_loss=0.036557, best_epoch=3, runtime=0.1 min
    54/90 h=256 lr=0.0001 bs=64
      val_loss=0.031789, best_epoch=3, runtime=0.0 min
    55/90 h=256 lr=0.0001 bs=128
      val_loss=0.032654, best_epoch=7, runtime=0.0 min
    56/90 h=256 lr=0.001 bs=8
      val_loss=0.072575, best_epoch=40, runtime=0.7 min
    57/90 h=256 lr=0.001 bs=16
      val_loss=0.024749, best_epoch=3, runtime=0.2 min
    58/90 h=256 lr=0.001 bs=32
      val_loss=0.017327, best_epoch=4, runtime=0.1 min
    59/90 h=256 lr=0.001 bs=64
      val_loss=0.020563, best_epoch=4, runtime=0.0 min
    60/90 h=256 lr=0.001 bs=128
      val_loss=0.016035, best_epoch=8, runtime=0.0 min
    61/90 h=512 lr=1e-05 bs=8
      val_loss=0.035733, best_epoch=10, runtime=0.4 min
    62/90 h=512 lr=1e-05 bs=16
      val_loss=0.030684, best_epoch=16, runtime=0.3 min
    63/90 h=512 lr=1e-05 bs=32
      val_loss=0.035027, best_epoch=20, runtime=0.1 min
    64/90 h=512 lr=1e-05 bs=64
      val_loss=0.040648, best_epoch=40, runtime=0.2 min
    65/90 h=512 lr=1e-05 bs=128
      val_loss=0.028983, best_epoch=56, runtime=0.1 min
    66/90 h=512 lr=0.0001 bs=8
      val_loss=0.030423, best_epoch=4, runtime=0.3 min
    67/90 h=512 lr=0.0001 bs=16
      val_loss=0.038801, best_epoch=2, runtime=0.2 min
    68/90 h=512 lr=0.0001 bs=32
      val_loss=0.028546, best_epoch=4, runtime=0.2 min
    69/90 h=512 lr=0.0001 bs=64
      val_loss=0.030490, best_epoch=5, runtime=0.1 min
    70/90 h=512 lr=0.0001 bs=128
      val_loss=0.025628, best_epoch=6, runtime=0.0 min
    71/90 h=512 lr=0.001 bs=8
      val_loss=0.010224, best_epoch=4, runtime=0.3 min
    72/90 h=512 lr=0.001 bs=16
      val_loss=0.018945, best_epoch=4, runtime=0.2 min
    73/90 h=512 lr=0.001 bs=32
      val_loss=0.002873, best_epoch=3, runtime=0.2 min
    74/90 h=512 lr=0.001 bs=64
      val_loss=0.026096, best_epoch=9, runtime=0.1 min
    75/90 h=512 lr=0.001 bs=128
      val_loss=0.002445, best_epoch=21, runtime=0.1 min
    76/90 h=1024 lr=1e-05 bs=8
      val_loss=0.025591, best_epoch=13, runtime=0.6 min
    77/90 h=1024 lr=1e-05 bs=16
      val_loss=0.039365, best_epoch=15, runtime=0.3 min
    78/90 h=1024 lr=1e-05 bs=32
      val_loss=0.032732, best_epoch=23, runtime=0.2 min
    79/90 h=1024 lr=1e-05 bs=64
      val_loss=0.032380, best_epoch=36, runtime=0.3 min
    80/90 h=1024 lr=1e-05 bs=128
      val_loss=0.040589, best_epoch=41, runtime=0.1 min
    81/90 h=1024 lr=0.0001 bs=8
      val_loss=0.036083, best_epoch=3, runtime=0.5 min
    82/90 h=1024 lr=0.0001 bs=16
      val_loss=0.031477, best_epoch=1, runtime=0.2 min
    83/90 h=1024 lr=0.0001 bs=32
      val_loss=0.026438, best_epoch=2, runtime=0.1 min
    84/90 h=1024 lr=0.0001 bs=64
      val_loss=0.020359, best_epoch=4, runtime=0.2 min
    85/90 h=1024 lr=0.0001 bs=128
      val_loss=0.033106, best_epoch=3, runtime=0.0 min
    86/90 h=1024 lr=0.001 bs=8
      val_loss=0.021127, best_epoch=4, runtime=0.5 min
    87/90 h=1024 lr=0.001 bs=16
      val_loss=0.011429, best_epoch=4, runtime=0.2 min
    88/90 h=1024 lr=0.001 bs=32
      val_loss=0.021088, best_epoch=2, runtime=0.1 min
    89/90 h=1024 lr=0.001 bs=64
      val_loss=0.012368, best_epoch=3, runtime=0.1 min
    90/90 h=1024 lr=0.001 bs=128
      val_loss=0.031439, best_epoch=8, runtime=0.0 min
  Fold 4: accuracy=0.9844, balanced_accuracy=0.9906, macro_f1=0.9832
/Users/shahzaibali/Desktop/MLP/case1_full_mlp_pipeline.py:579: RuntimeWarning: All-NaN slice encountered
  minimum = np.nanmin(array, axis=axes, keepdims=True)
/Users/shahzaibali/Desktop/MLP/case1_full_mlp_pipeline.py:580: RuntimeWarning: All-NaN slice encountered
  maximum = np.nanmax(array, axis=axes, keepdims=True)
    1/90 h=32 lr=1e-05 bs=8
      val_loss=0.004560, best_epoch=56, runtime=1.0 min
    2/90 h=32 lr=1e-05 bs=16
      val_loss=0.008305, best_epoch=67, runtime=0.6 min
    3/90 h=32 lr=1e-05 bs=32
      val_loss=0.009875, best_epoch=100, runtime=0.4 min
    4/90 h=32 lr=1e-05 bs=64
      val_loss=0.018156, best_epoch=140, runtime=0.3 min
    5/90 h=32 lr=1e-05 bs=128
      val_loss=0.026254, best_epoch=153, runtime=0.2 min
    6/90 h=32 lr=0.0001 bs=8
      val_loss=0.006018, best_epoch=9, runtime=0.5 min
    7/90 h=32 lr=0.0001 bs=16
      val_loss=0.005545, best_epoch=14, runtime=0.3 min
    8/90 h=32 lr=0.0001 bs=32
      val_loss=0.006454, best_epoch=23, runtime=0.2 min
    9/90 h=32 lr=0.0001 bs=64
      val_loss=0.007083, best_epoch=43, runtime=0.1 min
    10/90 h=32 lr=0.0001 bs=128
      val_loss=0.007639, best_epoch=56, runtime=0.1 min
    11/90 h=32 lr=0.001 bs=8
      val_loss=0.004794, best_epoch=2, runtime=0.4 min
    12/90 h=32 lr=0.001 bs=16
      val_loss=0.002197, best_epoch=15, runtime=0.3 min
    13/90 h=32 lr=0.001 bs=32
      val_loss=0.004350, best_epoch=5, runtime=0.1 min
    14/90 h=32 lr=0.001 bs=64
      val_loss=0.005372, best_epoch=6, runtime=0.1 min
    15/90 h=32 lr=0.001 bs=128
      val_loss=0.009423, best_epoch=11, runtime=0.0 min
    16/90 h=64 lr=1e-05 bs=8
      val_loss=0.002805, best_epoch=49, runtime=1.0 min
    17/90 h=64 lr=1e-05 bs=16
      val_loss=0.005564, best_epoch=61, runtime=0.6 min
    18/90 h=64 lr=1e-05 bs=32
      val_loss=0.013189, best_epoch=69, runtime=0.4 min
    19/90 h=64 lr=1e-05 bs=64
      val_loss=0.010911, best_epoch=119, runtime=0.3 min
    20/90 h=64 lr=1e-05 bs=128
      val_loss=0.020496, best_epoch=139, runtime=0.2 min
    21/90 h=64 lr=0.0001 bs=8
      val_loss=0.002972, best_epoch=10, runtime=0.5 min
    22/90 h=64 lr=0.0001 bs=16
      val_loss=0.002956, best_epoch=15, runtime=0.3 min
    23/90 h=64 lr=0.0001 bs=32
      val_loss=0.004852, best_epoch=16, runtime=0.2 min
    24/90 h=64 lr=0.0001 bs=64
      val_loss=0.006305, best_epoch=21, runtime=0.1 min
    25/90 h=64 lr=0.0001 bs=128
      val_loss=0.004810, best_epoch=51, runtime=0.1 min
    26/90 h=64 lr=0.001 bs=8
      val_loss=0.001617, best_epoch=3, runtime=0.4 min
    27/90 h=64 lr=0.001 bs=16
      val_loss=0.001691, best_epoch=7, runtime=0.3 min
    28/90 h=64 lr=0.001 bs=32
      val_loss=0.004007, best_epoch=8, runtime=0.1 min
    29/90 h=64 lr=0.001 bs=64
      val_loss=0.004325, best_epoch=4, runtime=0.1 min
    30/90 h=64 lr=0.001 bs=128
      val_loss=0.002742, best_epoch=5, runtime=0.0 min
    31/90 h=128 lr=1e-05 bs=8
      val_loss=0.004495, best_epoch=34, runtime=0.9 min
    32/90 h=128 lr=1e-05 bs=16
      val_loss=0.006139, best_epoch=44, runtime=0.6 min
    33/90 h=128 lr=1e-05 bs=32
      val_loss=0.009782, best_epoch=49, runtime=0.3 min
    34/90 h=128 lr=1e-05 bs=64
      val_loss=0.015861, best_epoch=71, runtime=0.2 min
    35/90 h=128 lr=1e-05 bs=128
      val_loss=0.013214, best_epoch=122, runtime=0.2 min
    36/90 h=128 lr=0.0001 bs=8
      val_loss=0.002598, best_epoch=11, runtime=0.5 min
    37/90 h=128 lr=0.0001 bs=16
      val_loss=0.004428, best_epoch=8, runtime=0.3 min
    38/90 h=128 lr=0.0001 bs=32
      val_loss=0.002048, best_epoch=19, runtime=0.2 min
    39/90 h=128 lr=0.0001 bs=64
      val_loss=0.005122, best_epoch=13, runtime=0.1 min
    40/90 h=128 lr=0.0001 bs=128
      val_loss=0.005010, best_epoch=38, runtime=0.1 min
    41/90 h=128 lr=0.001 bs=8
      val_loss=0.004528, best_epoch=2, runtime=0.4 min
    42/90 h=128 lr=0.001 bs=16
      val_loss=0.001899, best_epoch=4, runtime=0.3 min
    43/90 h=128 lr=0.001 bs=32
      val_loss=0.003910, best_epoch=1, runtime=0.1 min
    44/90 h=128 lr=0.001 bs=64
      val_loss=0.005256, best_epoch=4, runtime=0.1 min
    45/90 h=128 lr=0.001 bs=128
      val_loss=0.004058, best_epoch=8, runtime=0.0 min
    46/90 h=256 lr=1e-05 bs=8
      val_loss=0.003510, best_epoch=37, runtime=0.8 min
    47/90 h=256 lr=1e-05 bs=16
      val_loss=0.005449, best_epoch=36, runtime=0.7 min
    48/90 h=256 lr=1e-05 bs=32
      val_loss=0.008032, best_epoch=49, runtime=0.4 min
    49/90 h=256 lr=1e-05 bs=64
      val_loss=0.011678, best_epoch=62, runtime=0.3 min
    50/90 h=256 lr=1e-05 bs=128
      val_loss=0.013911, best_epoch=84, runtime=0.1 min
    51/90 h=256 lr=0.0001 bs=8
      val_loss=0.001582, best_epoch=12, runtime=0.5 min
    52/90 h=256 lr=0.0001 bs=16
      val_loss=0.005891, best_epoch=5, runtime=0.3 min
    53/90 h=256 lr=0.0001 bs=32
      val_loss=0.005038, best_epoch=10, runtime=0.2 min
    54/90 h=256 lr=0.0001 bs=64
      val_loss=0.005708, best_epoch=16, runtime=0.1 min
    55/90 h=256 lr=0.0001 bs=128
      val_loss=0.006462, best_epoch=16, runtime=0.0 min
    56/90 h=256 lr=0.001 bs=8
      val_loss=0.002421, best_epoch=2, runtime=0.4 min
    57/90 h=256 lr=0.001 bs=16
      val_loss=0.004493, best_epoch=2, runtime=0.2 min
    58/90 h=256 lr=0.001 bs=32
      val_loss=0.000913, best_epoch=3, runtime=0.1 min
    59/90 h=256 lr=0.001 bs=64
      val_loss=0.002907, best_epoch=3, runtime=0.1 min
    60/90 h=256 lr=0.001 bs=128
      val_loss=0.006068, best_epoch=2, runtime=0.0 min
    61/90 h=512 lr=1e-05 bs=8
      val_loss=0.002910, best_epoch=27, runtime=0.5 min
    62/90 h=512 lr=1e-05 bs=16
      val_loss=0.005487, best_epoch=28, runtime=0.3 min
    63/90 h=512 lr=1e-05 bs=32
      val_loss=0.008739, best_epoch=31, runtime=0.2 min
    64/90 h=512 lr=1e-05 bs=64
      val_loss=0.009261, best_epoch=55, runtime=0.3 min
    65/90 h=512 lr=1e-05 bs=128
      val_loss=0.010072, best_epoch=70, runtime=0.1 min
    66/90 h=512 lr=0.0001 bs=8
      val_loss=0.001812, best_epoch=6, runtime=0.3 min
    67/90 h=512 lr=0.0001 bs=16
      val_loss=0.000887, best_epoch=30, runtime=0.3 min
    68/90 h=512 lr=0.0001 bs=32
      val_loss=0.002535, best_epoch=12, runtime=0.3 min
    69/90 h=512 lr=0.0001 bs=64
      val_loss=0.004530, best_epoch=9, runtime=0.1 min
    70/90 h=512 lr=0.0001 bs=128
      val_loss=0.007230, best_epoch=12, runtime=0.1 min
    71/90 h=512 lr=0.001 bs=8
      val_loss=0.001781, best_epoch=4, runtime=0.3 min
    72/90 h=512 lr=0.001 bs=16
      val_loss=0.000485, best_epoch=2, runtime=0.1 min
    73/90 h=512 lr=0.001 bs=32
      val_loss=0.001123, best_epoch=2, runtime=0.2 min
    74/90 h=512 lr=0.001 bs=64
      val_loss=0.003885, best_epoch=4, runtime=0.1 min
    75/90 h=512 lr=0.001 bs=128
      val_loss=0.002908, best_epoch=5, runtime=0.0 min
    76/90 h=1024 lr=1e-05 bs=8
      val_loss=0.002276, best_epoch=24, runtime=0.7 min
    77/90 h=1024 lr=1e-05 bs=16
      val_loss=0.006684, best_epoch=15, runtime=0.3 min
    78/90 h=1024 lr=1e-05 bs=32
      val_loss=0.005740, best_epoch=41, runtime=0.3 min
    79/90 h=1024 lr=1e-05 bs=64
      val_loss=0.009873, best_epoch=38, runtime=0.1 min
    80/90 h=1024 lr=1e-05 bs=128
      val_loss=0.011643, best_epoch=51, runtime=0.1 min
    81/90 h=1024 lr=0.0001 bs=8
      val_loss=0.001713, best_epoch=3, runtime=0.5 min
    82/90 h=1024 lr=0.0001 bs=16
      val_loss=0.004160, best_epoch=3, runtime=0.2 min
    83/90 h=1024 lr=0.0001 bs=32
      val_loss=0.002843, best_epoch=8, runtime=0.3 min
    84/90 h=1024 lr=0.0001 bs=64
      val_loss=0.005380, best_epoch=4, runtime=0.2 min
    85/90 h=1024 lr=0.0001 bs=128
      val_loss=0.004508, best_epoch=10, runtime=0.0 min
    86/90 h=1024 lr=0.001 bs=8
      val_loss=0.000521, best_epoch=2, runtime=0.4 min
    87/90 h=1024 lr=0.001 bs=16
      val_loss=0.001152, best_epoch=4, runtime=0.3 min
    88/90 h=1024 lr=0.001 bs=32
      val_loss=0.001208, best_epoch=1, runtime=0.1 min
    89/90 h=1024 lr=0.001 bs=64
      val_loss=0.001959, best_epoch=6, runtime=0.2 min
    90/90 h=1024 lr=0.001 bs=128
      val_loss=0.000977, best_epoch=5, runtime=0.1 min
  Fold 5: accuracy=0.9948, balanced_accuracy=0.9879, macro_f1=0.9889

Completed analysis: primary
Summary: case1_results_new/primary/summary_mean_std.csv
