PathFileType	4	(X/Y/Z)	/tmp/tmpd_587ckk/P10/MarkerData/DB4_P10_T02_l_comf_relabeled_segment_2.trc
DataRate	CameraRate	NumFrames	NumMarkers	Units	OrigDataRate	OrigDataStartFrame	OrigNumFrames
100.184	100.184	176	22	m	100.184	0	176
Frame#	Time	C7			CLAV			LANK			LASI			LHEE			LKNE			LMT5			LPSI			LSHO			LTHI			LTIB			LTOE			RANK			RASI			RHEE			RKNE			RMT5			RPSI			RSHO			RTHI			RTIB			RTOE		
		X1	Y1	Z1	X2	Y2	Z2	X3	Y3	Z3	X4	Y4	Z4	X5	Y5	Z5	X6	Y6	Z6	X7	Y7	Z7	X8	Y8	Z8	X9	Y9	Z9	X10	Y10	Z10	X11	Y11	Z11	X12	Y12	Z12	X13	Y13	Z13	X14	Y14	Z14	X15	Y15	Z15	X16	Y16	Z16	X17	Y17	Z17	X18	Y18	Z18	X19	Y19	Z19	X20	Y20	Z20	X21	Y21	Z21	X22	Y22	Z22

1	1.95	1.80812	-1.38995	0.190967	1.68156	-1.31249	0.186112	1.48973	-0.0791964	0.103179	1.971	-1.07604	0.111171	1.52786	-0.0247983	0.140049	1.59601	-0.473325	0.0941064	1.3494	-0.0782246	0.112256	2.01699	-0.942431	0.12316	1.74947	-1.33025	0.0104605	1.68979	-0.661661	0.0236399	1.57307	-0.335725	0.0758653	1.31624	-0.1006	0.15186	2.07667	-0.0506823	0.281647	1.98051	-1.08816	0.211601	2.13238	-0.0229055	0.248098	1.94407	-0.434938	0.291823	1.9369	-0.0139829	0.299181	2.02598	-0.954036	0.224293	1.74285	-1.32807	0.374781	1.88833	-0.573678	0.367941	2.01244	-0.29455	0.308558	1.89004	-0.0102558	0.242143
2	1.95998	1.79362	-1.38654	0.18996	1.66721	-1.3082	0.186092	1.45903	-0.0810611	0.102938	1.95655	-1.07044	0.109998	1.49564	-0.0248337	0.138889	1.57758	-0.470998	0.0959395	1.31864	-0.0844043	0.113146	2.00182	-0.93658	0.122328	1.73348	-1.32604	0.00974894	1.67247	-0.658935	0.0248269	1.55049	-0.334736	0.0765055	1.28628	-0.107414	0.153435	2.0768	-0.0512169	0.281528	1.96661	-1.08294	0.210337	2.1323	-0.0239667	0.247795	1.93845	-0.433664	0.292033	1.93689	-0.013883	0.299436	2.01133	-0.948554	0.223384	1.72909	-1.32438	0.374322	1.87987	-0.571931	0.368732	2.0089	-0.294312	0.30838	1.88977	-0.00999556	0.242378
3	1.96996	1.77911	-1.38322	0.188934	1.65291	-1.30443	0.186029	1.43128	-0.0824824	0.1028	1.94134	-1.06554	0.108968	1.46686	-0.0248184	0.137547	1.5594	-0.4686	0.0986292	1.29094	-0.0892361	0.114095	1.98616	-0.931544	0.12152	1.71744	-1.3223	0.00883625	1.65504	-0.656291	0.0260328	1.52888	-0.333703	0.076985	1.25932	-0.112478	0.155199	2.07686	-0.0522024	0.281222	1.95192	-1.07831	0.209219	2.13249	-0.0263741	0.247173	1.93238	-0.432474	0.292133	1.93737	-0.0138827	0.299603	1.9962	-0.943776	0.222449	1.71539	-1.32109	0.373875	1.87073	-0.56958	0.369293	2.00493	-0.294286	0.308123	1.88996	-0.00983105	0.242585
4	1.97994	1.76457	-1.37999	0.187815	1.63817	-1.30133	0.185705	1.40653	-0.0833727	0.102793	1.92537	-1.0614	0.108129	1.44163	-0.0245243	0.136419	1.54156	-0.466423	0.100481	1.26633	-0.0923923	0.115051	1.97007	-0.927412	0.120719	1.70141	-1.319	0.00785789	1.63751	-0.653752	0.0271605	1.50811	-0.332824	0.0775006	1.23533	-0.115376	0.157163	2.07685	-0.0536992	0.280461	1.9365	-1.07438	0.208298	2.13265	-0.0300629	0.245851	1.92577	-0.431386	0.292012	1.93831	-0.0139269	0.299708	1.98067	-0.939817	0.22158	1.70151	-1.31822	0.373198	1.86102	-0.566759	0.369657	2.00061	-0.294581	0.307551	1.89055	-0.00976435	0.242746
5	1.98993	1.74989	-1.377	0.186483	1.62312	-1.29884	0.185099	1.38506	-0.0835144	0.102943	1.90883	-1.05807	0.107471	1.42001	-0.0236691	0.135807	1.52406	-0.464375	0.101787	1.24508	-0.0935641	0.116264	1.95358	-0.924128	0.119941	1.6854	-1.31616	0.00687636	1.61985	-0.651425	0.0281237	1.48828	-0.332003	0.0781834	1.21431	-0.115891	0.159321	2.07688	-0.0559066	0.27937	1.92052	-1.07118	0.207575	2.13221	-0.0337089	0.244262	1.91845	-0.430477	0.291463	1.93892	-0.0140831	0.299805	1.96478	-0.936629	0.220764	1.68744	-1.31586	0.372413	1.85223	-0.565396	0.370023	1.99609	-0.295311	0.306455	1.89064	-0.00963189	0.242907
6	1.99991	1.73501	-1.37437	0.185035	1.6079	-1.29699	0.184339	1.36702	-0.0825503	0.103296	1.89187	-1.05552	0.106947	1.40218	-0.0220161	0.135739	1.50686	-0.462504	0.102874	1.22735	-0.092717	0.11766	1.93667	-0.921587	0.119146	1.66933	-1.31374	0.00583967	1.60204	-0.649361	0.0289016	1.4697	-0.33099	0.0789728	1.1963	-0.114251	0.161389	2.07586	-0.0586491	0.278196	1.9041	-1.06863	0.206984	2.13123	-0.0376622	0.242537	1.91028	-0.429928	0.290658	1.93922	-0.0142834	0.299931	1.94841	-0.934054	0.219924	1.67314	-1.31402	0.371573	1.84757	-0.569389	0.37075	1.99097	-0.296568	0.304951	1.89028	-0.00943956	0.243118
7	2.00989	1.71991	-1.3722	0.183522	1.5925	-1.29576	0.183512	1.35265	-0.0800412	0.104373	1.87441	-1.0537	0.106485	1.38827	-0.0193003	0.136193	1.48995	-0.460964	0.103897	1.21324	-0.0899368	0.11905	1.91934	-0.919748	0.118282	1.65315	-1.31187	0.00458014	1.58413	-0.647571	0.0294671	1.45277	-0.329603	0.079948	1.18167	-0.110633	0.163012	2.07457	-0.062038	0.27687	1.88719	-1.06668	0.206469	2.1299	-0.0426146	0.240639	1.90079	-0.429618	0.289757	1.93963	-0.0144787	0.300063	1.93162	-0.932136	0.219002	1.65844	-1.31268	0.370522	1.84427	-0.575909	0.371131	1.98472	-0.298267	0.303372	1.88988	-0.00930092	0.243274
8	2.01987	1.70459	-1.37053	0.181986	1.57673	-1.29507	0.182468	1.34206	-0.076391	0.105499	1.85642	-1.05255	0.106051	1.3784	-0.0155624	0.137402	1.4735	-0.459655	0.104985	1.20284	-0.0854009	0.120327	1.90151	-0.918603	0.117298	1.63678	-1.31051	0.00304251	1.56637	-0.646042	0.0297379	1.43766	-0.327747	0.080966	1.17073	-0.105397	0.164383	2.07274	-0.0663261	0.275686	1.86976	-1.06532	0.20599	2.12807	-0.0487715	0.238858	1.88995	-0.429505	0.288909	1.94007	-0.0145852	0.300228	1.91439	-0.930823	0.217976	1.64331	-1.31183	0.369391	1.82606	-0.567318	0.36976	1.97708	-0.300369	0.302007	1.88946	-0.00923474	0.243365
9	2.02985	1.68904	-1.36944	0.180439	1.56058	-1.29481	0.181224	1.33514	-0.0715486	0.107209	1.83783	-1.05209	0.105648	1.37296	-0.0120713	0.139047	1.45786	-0.457999	0.10625	1.19605	-0.0788145	0.121529	1.88313	-0.918173	0.116164	1.62025	-1.30958	0.00162991	1.54908	-0.644543	0.0297737	1.42449	-0.325087	0.0820983	1.16295	-0.0982343	0.165705	2.07029	-0.071524	0.27489	1.85169	-1.06453	0.205548	2.12554	-0.0560611	0.237358	1.87776	-0.429582	0.288282	1.94051	-0.0145954	0.300382	1.89657	-0.930042	0.216824	1.62765	-1.31151	0.368185	1.80903	-0.561911	0.368936	1.96806	-0.302832	0.300869	1.88908	-0.0091795	0.243357
10	2.03983	1.67327	-1.36887	0.178916	1.54421	-1.295	0.180126	1.33054	-0.0669561	0.109544	1.81864	-1.05246	0.105227	1.37099	-0.0110717	0.140632	1.44346	-0.455737	0.107589	1.19175	-0.0688965	0.122905	1.86437	-0.918615	0.114815	1.60361	-1.30908	0.000348747	1.53253	-0.642836	0.0296861	1.41348	-0.321383	0.0838843	1.15614	-0.0871221	0.167514	2.06721	-0.0775887	0.274529	1.83294	-1.06439	0.20512	2.12231	-0.0645508	0.236274	1.86409	-0.429818	0.287989	1.94091	-0.0145112	0.300521	1.87829	-0.929978	0.215478	1.61154	-1.31164	0.366915	1.79505	-0.561566	0.368592	1.95789	-0.305742	0.300181	1.8888	-0.00908212	0.243292
11	2.04982	1.65728	-1.36874	0.17742	1.52766	-1.29573	0.178991	1.32539	-0.0649298	0.111757	1.79916	-1.05384	0.104752	1.36886	-0.0133727	0.141734	1.43035	-0.453382	0.108943	1.18758	-0.0559429	0.124932	1.84572	-0.920167	0.113207	1.58689	-1.30897	-0.00100478	1.51715	-0.641128	0.0293939	1.40459	-0.317508	0.0869346	1.1473	-0.0708239	0.169789	2.06315	-0.0844294	0.274682	1.81382	-1.0651	0.204682	2.11805	-0.0743089	0.235775	1.84888	-0.430187	0.288098	1.94115	-0.0143276	0.300564	1.85997	-0.930874	0.213912	1.5951	-1.31221	0.365565	1.78054	-0.562514	0.368285	1.94655	-0.309086	0.300039	1.88864	-0.00896884	0.24317
12	2.0598	1.64095	-1.36918	0.17591	1.51072	-1.29718	0.177718	1.31803	-0.0647959	0.112865	1.78018	-1.05617	0.104366	1.36536	-0.0166962	0.141653	1.41771	-0.452322	0.110349	1.1823	-0.0458971	0.12705	1.82725	-0.922576	0.11167	1.57006	-1.30931	-0.00239518	1.50319	-0.640006	0.0287488	1.39619	-0.315845	0.0904008	1.13794	-0.0559239	0.170835	2.05775	-0.0921708	0.275581	1.79508	-1.06669	0.204367	2.11238	-0.0854233	0.236046	1.83209	-0.430704	0.288774	1.94103	-0.0141255	0.300376	1.84176	-0.932544	0.212444	1.57852	-1.31337	0.364271	1.76385	-0.563222	0.367934	1.93358	-0.31284	0.300327	1.88855	-0.00888399	0.242979
13	2.06978	1.62448	-1.37037	0.17436	1.49365	-1.29935	0.176376	1.31027	-0.0641667	0.113233	1.76198	-1.05931	0.104556	1.36156	-0.0193685	0.140782	1.40433	-0.453281	0.112002	1.17643	-0.0395285	0.129238	1.80917	-0.925704	0.110807	1.55313	-1.31038	-0.00383158	1.48995	-0.639795	0.0277883	1.38562	-0.317239	0.0925287	1.13112	-0.0454148	0.175124	2.05074	-0.10073	0.27702	1.77676	-1.06902	0.204656	2.10491	-0.0977744	0.23671	1.81342	-0.431341	0.290269	1.94068	-0.0140447	0.29994	1.82357	-0.934855	0.211669	1.56173	-1.31508	0.362949	1.74493	-0.563847	0.367685	1.91864	-0.316854	0.301293	1.88841	-0.0088263	0.242766
14	2.07976	1.60797	-1.37224	0.172917	1.47656	-1.30208	0.174998	1.30471	-0.0634427	0.113952	1.74437	-1.06303	0.105272	1.35897	-0.0209655	0.14024	1.38982	-0.455713	0.113871	1.17128	-0.0347894	0.130871	1.79157	-0.929409	0.110724	1.53616	-1.312	-0.00530842	1.47511	-0.639667	0.027226	1.37198	-0.31997	0.0934405	1.12684	-0.0364155	0.179162	2.04187	-0.109779	0.278757	1.75872	-1.07199	0.205522	2.09508	-0.111117	0.237199	1.79246	-0.431881	0.29259	1.94069	-0.0142809	0.299295	1.8056	-0.937789	0.211695	1.54472	-1.31726	0.361581	1.72409	-0.564658	0.367757	1.90151	-0.320938	0.302965	1.8883	-0.00887043	0.242709
15	2.08974	1.59145	-1.37463	0.17164	1.4596	-1.30511	0.173617	1.30262	-0.0631766	0.11508	1.72744	-1.06701	0.106305	1.35778	-0.0219079	0.140355	1.37484	-0.458443	0.115848	1.1668	-0.0321888	0.129763	1.77458	-0.933362	0.111358	1.51931	-1.31406	-0.00669476	1.45444	-0.637193	0.0284011	1.35698	-0.322259	0.0942663	1.12402	-0.0291554	0.180845	2.03069	-0.119058	0.280739	1.74097	-1.07535	0.206727	2.08211	-0.125149	0.237537	1.76903	-0.431971	0.295396	1.94083	-0.0148672	0.297904	1.7878	-0.941155	0.212468	1.52766	-1.32005	0.360392	1.70146	-0.565525	0.36821	1.88207	-0.325044	0.30526	1.88861	-0.0089412	0.243318
16	2.09972	1.57498	-1.37755	0.170506	1.44287	-1.30849	0.172398	1.30238	-0.063397	0.115776	1.71121	-1.07095	0.107445	1.35717	-0.0224024	0.140673	1.36023	-0.460969	0.117424	1.16374	-0.030358	0.127848	1.75825	-0.937244	0.112513	1.50267	-1.31656	-0.00781136	1.4306	-0.634183	0.0307601	1.34298	-0.323995	0.095309	1.12221	-0.0243551	0.179851	2.01641	-0.128137	0.283022	1.72361	-1.0789	0.208025	2.06561	-0.139555	0.238454	1.74316	-0.431355	0.298365	1.94005	-0.0161619	0.295271	1.77033	-0.944664	0.213815	1.51071	-1.32354	0.359544	1.67715	-0.565995	0.368907	1.86029	-0.328884	0.307814	1.88963	-0.00877251	0.245327
17	2.10971	1.55867	-1.3809	0.169444	1.42637	-1.31211	0.171231	1.30171	-0.0635246	0.115887	1.69554	-1.0746	0.108486	1.35658	-0.0226522	0.140728	1.34662	-0.463267	0.118288	1.16119	-0.0285152	0.12672	1.74233	-0.940835	0.113937	1.48622	-1.31961	-0.00877483	1.42282	-0.64355	0.0292534	1.33152	-0.325603	0.0959607	1.12089	-0.0212026	0.179371	1.9985	-0.136836	0.285541	1.70675	-1.08242	0.209205	2.04591	-0.153924	0.240461	1.71517	-0.429922	0.301541	1.93572	-0.0183766	0.29112	1.75322	-0.94811	0.215389	1.49363	-1.3272	0.358442	1.65126	-0.565606	0.36968	1.83616	-0.332247	0.310421	1.88957	-0.00839895	0.248659
18	2.11969	1.54271	-1.38443	0.168457	1.41011	-1.31571	0.170004	1.30035	-0.0634149	0.115808	1.68018	-1.07793	0.109324	1.35607	-0.0228806	0.140593	1.33431	-0.465011	0.118441	1.159	-0.0269032	0.125841	1.72668	-0.944119	0.11529	1.47	-1.32303	-0.0097194	1.41313	-0.651402	0.0277033	1.32289	-0.326802	0.0957675	1.11991	-0.0194913	0.179541	1.97765	-0.145561	0.287812	1.6904	-1.08579	0.210157	2.02438	-0.1675	0.243357	1.68566	-0.427957	0.304901	1.92541	-0.0226804	0.287069	1.73657	-0.951376	0.216855	1.47659	-1.33094	0.357119	1.62393	-0.564448	0.370622	1.80969	-0.334777	0.313244	1.8844	-0.00837378	0.251494
19	2.12967	1.52716	-1.38807	0.167635	1.3941	-1.31911	0.168928	1.29952	-0.0633542	0.115339	1.66507	-1.08105	0.10989	1.35581	-0.023037	0.140441	1.32354	-0.465981	0.117781	1.15755	-0.0257186	0.124768	1.71122	-0.947164	0.116252	1.45407	-1.32656	-0.0105295	1.39939	-0.655181	0.0265308	1.31649	-0.327333	0.0948058	1.11934	-0.0185344	0.179511	1.95549	-0.154989	0.28917	1.6745	-1.08892	0.210805	2.00206	-0.179852	0.245819	1.65511	-0.425814	0.308065	1.90888	-0.029902	0.285592	1.72036	-0.954391	0.217895	1.45975	-1.3348	0.355662	1.59542	-0.563123	0.371968	1.78106	-0.336269	0.316301	1.87089	-0.0108499	0.252895
20	2.13965	1.51191	-1.39184	0.166985	1.37837	-1.32228	0.168142	1.29943	-0.0634199	0.1146	1.65007	-1.08411	0.110156	1.35581	-0.0231228	0.140268	1.31429	-0.46631	0.116536	1.15674	-0.0248646	0.123742	1.6959	-0.950113	0.116643	1.43835	-1.33043	-0.0112169	1.38559	-0.657124	0.0251301	1.31131	-0.327275	0.0935664	1.11922	-0.0180229	0.179285	1.93247	-0.164838	0.289641	1.65898	-1.09186	0.211125	1.97852	-0.190458	0.246713	1.6239	-0.423959	0.31062	1.88748	-0.0384887	0.286673	1.70445	-0.957235	0.21833	1.44335	-1.33881	0.354185	1.56597	-0.562282	0.37364	1.75071	-0.337047	0.319286	1.85012	-0.0164482	0.253296
21	2.14963	1.49683	-1.39585	0.166327	1.36293	-1.32555	0.167541	1.29946	-0.0635437	0.11396	1.63504	-1.0873	0.110086	1.35601	-0.0232011	0.140063	1.30627	-0.466396	0.114863	1.15628	-0.0242202	0.122897	1.68063	-0.953189	0.116432	1.42291	-1.33453	-0.0118487	1.37344	-0.658548	0.0234518	1.30663	-0.327112	0.0921792	1.11937	-0.0176649	0.179029	1.90737	-0.173509	0.289699	1.6436	-1.09479	0.211115	1.95296	-0.199034	0.246369	1.59237	-0.423066	0.312633	1.86306	-0.0463918	0.288173	1.68875	-0.960093	0.218158	1.42766	-1.34287	0.352999	1.53623	-0.562433	0.375373	1.71939	-0.337869	0.321768	1.82587	-0.0230611	0.254368
22	2.15961	1.48197	-1.40016	0.165703	1.34795	-1.32926	0.167125	1.29948	-0.0636899	0.1136	1.61991	-1.09074	0.10971	1.35621	-0.0231665	0.139918	1.2992	-0.466532	0.11306	1.15598	-0.0236189	0.122433	1.66538	-0.95659	0.115732	1.40782	-1.33856	-0.0123004	1.36272	-0.659868	0.0218117	1.3022	-0.327126	0.0907474	1.11958	-0.0175362	0.178825	1.87976	-0.18017	0.289724	1.62818	-1.09793	0.210768	1.92521	-0.205597	0.245574	1.56088	-0.423505	0.31445	1.83639	-0.0528552	0.289365	1.67329	-0.963177	0.217504	1.41264	-1.34687	0.352086	1.50681	-0.563767	0.376761	1.68777	-0.339233	0.323619	1.7992	-0.0293987	0.255894
23	2.1696	1.46751	-1.40437	0.165132	1.33333	-1.33344	0.166706	1.29955	-0.0635089	0.113993	1.60465	-1.09451	0.109095	1.35641	-0.0229808	0.139856	1.29286	-0.466723	0.111449	1.15584	-0.0232082	0.122119	1.65018	-0.960365	0.114782	1.39308	-1.34252	-0.0126324	1.35302	-0.661412	0.0203675	1.29821	-0.327189	0.0894987	1.11979	-0.0175418	0.17869	1.8502	-0.184891	0.289583	1.61275	-1.10141	0.210185	1.89577	-0.210116	0.244795	1.52967	-0.425122	0.31623	1.80687	-0.0579019	0.290655	1.65799	-0.966656	0.216611	1.39823	-1.35084	0.351437	1.47845	-0.56645	0.377905	1.65617	-0.341054	0.325001	1.76942	-0.0351687	0.257466
24	2.17958	1.45321	-1.40854	0.164668	1.31889	-1.33786	0.166247	1.29989	-0.0633188	0.114067	1.58944	-1.09854	0.108432	1.35672	-0.0226592	0.139855	1.28713	-0.46689	0.10998	1.15586	-0.0229709	0.121864	1.63512	-0.964439	0.113894	1.37863	-1.34647	-0.0130254	1.34401	-0.663343	0.0189828	1.29498	-0.327161	0.088507	1.12001	-0.017565	0.178555	1.81918	-0.188098	0.28941	1.59737	-1.10523	0.209547	1.86513	-0.212381	0.244075	1.49889	-0.427701	0.317927	1.77404	-0.0616376	0.292031	1.64278	-0.970479	0.215736	1.38437	-1.3549	0.351083	1.45133	-0.570186	0.378883	1.62479	-0.343075	0.326068	1.73627	-0.0402507	0.258842
25	2.18956	1.43907	-1.41264	0.164296	1.30474	-1.34236	0.165907	1.30041	-0.063231	0.113771	1.57435	-1.10269	0.107849	1.35721	-0.022383	0.139848	1.28193	-0.466951	0.108564	1.15599	-0.0228078	0.121647	1.62015	-0.968643	0.113273	1.36448	-1.35052	-0.0134423	1.33439	-0.664346	0.0178343	1.29275	-0.327091	0.0874955	1.12025	-0.0176031	0.178362	1.78675	-0.189406	0.289275	1.58205	-1.10923	0.208994	1.83332	-0.212028	0.243511	1.46856	-0.431072	0.319476	1.73836	-0.0640999	0.293545	1.62756	-0.974528	0.215109	1.37098	-1.35902	0.350991	1.42539	-0.574673	0.37976	1.59375	-0.345447	0.32691	1.70038	-0.0443827	0.260185
26	2.19954	1.42502	-1.4166	0.163857	1.29072	-1.34685	0.165538	1.30096	-0.0631936	0.113413	1.55935	-1.10684	0.107418	1.35748	-0.022376	0.139769	1.27734	-0.466925	0.10696	1.15613	-0.0226126	0.121495	1.60532	-0.972837	0.112994	1.3507	-1.3544	-0.0138336	1.32101	-0.661305	0.0175276	1.29129	-0.327166	0.0862131	1.12047	-0.0176871	0.17814	1.75285	-0.188789	0.289209	1.56666	-1.11333	0.208573	1.80029	-0.209163	0.243133	1.43865	-0.435041	0.320758	1.70047	-0.0652337	0.295238	1.61234	-0.978681	0.214848	1.35776	-1.36294	0.350853	1.40037	-0.579626	0.38057	1.56294	-0.348282	0.327477	1.66214	-0.0473926	0.261822
27	2.20952	1.41093	-1.42034	0.163426	1.27682	-1.35121	0.165117	1.30149	-0.0631606	0.113074	1.54449	-1.11082	0.107154	1.35768	-0.0223167	0.139753	1.27328	-0.466798	0.10523	1.15623	-0.0223983	0.121325	1.59063	-0.976885	0.113086	1.33719	-1.35803	-0.0141726	1.30476	-0.655061	0.0179158	1.29011	-0.327208	0.084992	1.12067	-0.0177741	0.177865	1.71774	-0.186466	0.289274	1.55119	-1.1174	0.208348	1.76602	-0.2044	0.242812	1.40909	-0.43938	0.321748	1.66062	-0.0652605	0.29717	1.59709	-0.982788	0.214962	1.34472	-1.36678	0.350776	1.37584	-0.584734	0.381237	1.53226	-0.351349	0.327785	1.62168	-0.049244	0.26378
28	2.2195	1.39698	-1.42378	0.163112	1.26297	-1.35547	0.164652	1.30183	-0.0631178	0.112558	1.52972	-1.11457	0.107036	1.35791	-0.0220892	0.139815	1.26953	-0.466574	0.103525	1.15629	-0.0221657	0.121082	1.57601	-0.9807	0.113488	1.32381	-1.36156	-0.0145415	1.29839	-0.657874	0.0161147	1.28874	-0.327297	0.0835934	1.12086	-0.0178826	0.177527	1.68159	-0.18262	0.289493	1.5357	-1.12134	0.208281	1.73071	-0.197926	0.242663	1.37981	-0.443909	0.322449	1.61891	-0.0644712	0.299219	1.58178	-0.986795	0.215378	1.33155	-1.3704	0.350547	1.35168	-0.589836	0.381765	1.50148	-0.354162	0.327862	1.57913	-0.0501876	0.265799
29	2.22949	1.38314	-1.42701	0.16283	1.24916	-1.35952	0.164174	1.3021	-0.0630569	0.112003	1.51506	-1.11802	0.107084	1.35816	-0.0218609	0.13966	1.26579	-0.466366	0.101867	1.15633	-0.0219476	0.120692	1.56143	-0.984227	0.114104	1.31055	-1.36486	-0.0148575	1.28603	-0.654212	0.0160196	1.28686	-0.327316	0.0819717	1.12103	-0.0180342	0.177146	1.64436	-0.177465	0.289861	1.52031	-1.12502	0.20834	1.69432	-0.189877	0.242868	1.35085	-0.448475	0.32289	1.57562	-0.0629348	0.301267	1.56647	-0.990575	0.216008	1.31817	-1.37384	0.350176	1.32774	-0.594801	0.382101	1.47041	-0.356298	0.327742	1.53499	-0.0503638	0.267736
30	2.23947	1.36928	-1.42992	0.162505	1.23544	-1.36319	0.163792	1.30236	-0.0629797	0.111446	1.50043	-1.12112	0.107235	1.35829	-0.0216744	0.139562	1.26196	-0.466167	0.100315	1.15631	-0.0216012	0.120682	1.54688	-0.987408	0.114842	1.29723	-1.36784	-0.0151726	nan	nan	nan	1.28435	-0.327193	0.0803841	1.12122	-0.0181931	0.176764	1.60602	-0.171215	0.290387	1.50501	-1.12836	0.208499	1.65676	-0.180733	0.243282	1.32236	-0.45299	0.32301	1.53125	-0.0608213	0.303243	1.55129	-0.993989	0.216774	1.30469	-1.377	0.3498	1.30396	-0.599625	0.382253	1.43921	-0.357541	0.327542	1.48986	-0.0501745	0.269495
31	2.24945	1.3554	-1.4324	0.162226	1.22165	-1.36648	0.163483	1.3026	-0.0628933	0.110878	1.48584	-1.12384	0.107412	1.35846	-0.0217526	0.139324	1.25803	-0.46592	0.0989398	1.15629	-0.0213722	0.120548	1.53239	-0.990193	0.115637	1.28385	-1.37053	-0.0154904	1.28528	-0.662392	0.0116032	1.28135	-0.326995	0.0790016	1.12145	-0.0184402	0.17643	1.56661	-0.164063	0.291036	1.48975	-1.13131	0.208691	1.618	-0.170781	0.243788	1.29449	-0.457392	0.322751	1.486	-0.0583549	0.305036	1.53614	-0.996998	0.217573	1.29125	-1.37983	0.349532	1.2803	-0.604313	0.382158	1.40782	-0.357846	0.327328	1.44399	-0.0495633	0.271263
32	2.25943	1.34132	-1.43466	0.161975	1.20774	-1.36925	0.163134	1.30277	-0.0628429	0.110312	1.47129	-1.12613	0.107604	1.35858	-0.0219672	0.138915	1.25393	-0.465667	0.0976398	1.15633	-0.0212401	0.120067	1.51791	-0.992565	0.116416	1.27046	-1.37287	-0.015735	1.28461	-0.658217	0.0105666	1.27827	-0.326827	0.0779084	1.12172	-0.0187769	0.17613	1.52623	-0.156201	0.291778	1.47457	-1.1338	0.208917	1.57812	-0.159873	0.244562	1.2672	-0.461612	0.322139	1.43988	-0.0557894	0.306804	1.52101	-0.999575	0.218355	1.27762	-1.38236	0.349265	1.25691	-0.608776	0.381842	1.37626	-0.357274	0.327149	1.39729	-0.0487883	0.273159
33	2.26941	1.32712	-1.43663	0.161652	1.1938	-1.37152	0.162763	1.30288	-0.0628255	0.109764	1.4568	-1.12799	0.107818	1.35861	-0.0223958	0.138308	1.24975	-0.465382	0.0963972	1.15631	-0.0210931	0.119616	1.50347	-0.994464	0.117152	1.25694	-1.37481	-0.0159766	1.27138	-0.666165	0.00902571	1.27541	-0.326732	0.076954	1.12192	-0.0190835	0.17585	1.48491	-0.147834	0.292549	1.45947	-1.13583	0.209144	1.53719	-0.148288	0.245462	1.24035	-0.465548	0.321247	1.39287	-0.053252	0.308404	1.50596	-1.00166	0.219084	1.26383	-1.38443	0.349044	1.23388	-0.612927	0.381297	1.3446	-0.35599	0.327024	1.3499	-0.0482917	0.27494
34	2.27939	1.31286	-1.43815	0.161344	1.17962	-1.37332	0.16231	1.30295	-0.0627607	0.109349	1.44238	-1.12939	0.10803	1.35857	-0.0227183	0.138096	1.24563	-0.464947	0.0954385	1.15626	-0.0209295	0.119279	1.48901	-0.995902	0.117819	1.24323	-1.37627	-0.0162393	1.25882	-0.671503	0.00793833	1.27296	-0.326583	0.0761832	1.12201	-0.0193338	0.175592	1.44268	-0.139148	0.293348	1.44443	-1.13741	0.209342	1.49522	-0.136221	0.246428	1.21403	-0.469097	0.320231	1.34518	-0.050734	0.30963	1.49094	-1.00325	0.219765	1.24982	-1.386	0.348789	1.21123	-0.616345	0.380509	1.31276	-0.354158	0.326875	1.30181	-0.0485062	0.276517
35	2.28937	1.29855	-1.43919	0.161143	1.16538	-1.37462	0.161941	1.30303	-0.062673	0.109065	1.42803	-1.13033	0.108246	1.35861	-0.0227967	0.138071	1.24146	-0.46436	0.094606	1.15622	-0.0207443	0.119061	1.47461	-0.996858	0.118424	1.22934	-1.37724	-0.0165183	1.24915	-0.672276	0.00728774	1.27083	-0.326455	0.0754186	1.12208	-0.0195121	0.175381	1.39948	-0.130215	0.294208	1.42951	-1.13847	0.209554	1.45215	-0.123867	0.247566	1.1881	-0.472202	0.319026	1.29685	-0.0485272	0.310567	1.47597	-1.00433	0.220383	1.23562	-1.38706	0.348481	1.18905	-0.618577	0.37954	1.28079	-0.351896	0.326687	1.25308	-0.0493654	0.277618
36	2.29936	1.2841	-1.43988	0.160914	1.15112	-1.37536	0.161741	1.3031	-0.0626041	0.108887	1.41374	-1.13081	0.108517	1.3587	-0.0227277	0.138166	1.23719	-0.463798	0.0936761	1.15621	-0.020619	0.118859	1.46024	-0.997349	0.118987	1.21525	-1.37776	-0.0167318	1.24018	-0.671676	0.0069294	1.26875	-0.326219	0.0747836	1.12229	-0.0193387	0.175352	1.35533	-0.121296	0.295111	1.41466	-1.13901	0.209823	1.408	-0.111564	0.248956	1.16273	-0.474978	0.317657	1.24786	-0.0467004	0.311233	1.46101	-1.00488	0.220982	1.22137	-1.38768	0.348281	1.16701	-0.621126	0.37831	1.24882	-0.349372	0.326459	1.20415	-0.0503716	0.277922
37	2.30934	1.26954	-1.44014	0.160673	1.13671	-1.37558	0.161525	1.30313	-0.0625652	0.108805	1.39951	-1.13085	0.10888	1.35878	-0.0225751	0.138428	1.23274	-0.463355	0.092897	1.15621	-0.0207024	0.118533	1.44589	-0.997365	0.119589	1.20095	-1.37791	-0.0168966	1.23079	-0.67117	0.00672465	1.26635	-0.325967	0.0743363	1.12241	-0.0191515	0.17536	1.31024	-0.112589	0.296062	1.39986	-1.13904	0.210187	1.36286	-0.0995959	0.250599	1.138	-0.477356	0.316148	1.19834	-0.0452707	0.311354	1.44607	-1.00488	0.221603	1.207	-1.38779	0.348089	1.14397	-0.629964	0.37643	1.21683	-0.346666	0.326206	1.15528	-0.0516494	0.277464
38	2.31932	1.25492	-1.43993	0.160541	1.12219	-1.37532	0.161274	1.30311	-0.0625515	0.108814	1.38532	-1.13048	0.109371	1.35885	-0.0225839	0.138599	1.22794	-0.462674	0.0923897	1.15623	-0.0209769	0.118078	1.43152	-0.996919	0.120257	1.18648	-1.37766	-0.0170366	1.22088	-0.670772	0.00643711	1.26347	-0.325697	0.0739654	1.12236	-0.0191038	0.175288	1.26434	-0.10429	0.297113	1.3851	-1.13862	0.210676	1.31679	-0.0881261	0.252495	1.11374	-0.479198	0.314478	1.14843	-0.0443572	0.310912	1.43113	-1.00436	0.222271	1.19261	-1.3874	0.347911	1.11963	-0.647894	0.373814	1.18473	-0.343806	0.325938	1.10648	-0.05368	0.276428
39	2.3293	1.24016	-1.43939	0.160397	1.10764	-1.37463	0.161244	1.30308	-0.0625633	0.108909	1.37119	-1.12968	0.110037	1.35892	-0.0226746	0.138666	1.22278	-0.461772	0.0919858	1.15626	-0.020867	0.118151	1.41712	-0.996003	0.121016	1.17183	-1.37693	-0.0171084	1.21079	-0.670206	0.00616665	1.26011	-0.325355	0.0736287	1.12212	-0.0191367	0.175185	1.21775	-0.0965701	0.298258	1.37044	-1.13766	0.211334	1.26986	-0.0773435	0.254614	1.09008	-0.48056	0.312677	1.0981	-0.0439139	0.309905	1.41617	-1.00333	0.22302	1.1782	-1.38657	0.347794	1.09792	-0.655739	0.371655	1.15266	-0.340816	0.325611	1.05775	-0.0564773	0.274809
40	2.33928	1.2253	-1.43848	0.160224	1.09301	-1.37341	0.161322	1.30293	-0.062562	0.108977	1.35715	-1.12841	0.110867	1.359	-0.0227837	0.13871	1.21722	-0.46075	0.0917015	1.15626	-0.0206788	0.118325	1.40268	-0.994606	0.121884	1.15696	-1.37582	-0.0170743	1.20058	-0.669255	0.00606668	1.25627	-0.324806	0.073274	1.12182	-0.0188849	0.175448	1.17068	-0.0896455	0.299472	1.35582	-1.13619	0.212177	1.22236	-0.0673173	0.256916	1.06691	-0.481328	0.310716	1.04766	-0.0440326	0.308422	1.40114	-1.00175	0.22388	1.16379	-1.38532	0.347829	1.07799	-0.656188	0.369617	1.12072	-0.337798	0.325193	1.00927	-0.0598402	0.272514
41	2.34926	1.21029	-1.43716	0.160038	1.07826	-1.37174	0.161442	1.30266	-0.0625537	0.109039	1.34318	-1.12667	0.111898	1.35907	-0.022891	0.138806	1.21125	-0.459551	0.0914927	1.15622	-0.0206791	0.118206	1.38818	-0.992721	0.122857	1.14187	-1.37431	-0.0170696	1.19017	-0.66807	0.00608422	1.252	-0.32409	0.0729818	1.12165	-0.0185023	0.175726	1.12316	-0.0836087	0.300659	1.34125	-1.13423	0.213215	1.17432	-0.0582753	0.25929	1.04419	-0.481513	0.308621	0.997555	-0.0449586	0.306354	1.38606	-0.999605	0.224881	1.1493	-1.38366	0.347803	1.05856	-0.655225	0.367429	1.08901	-0.334827	0.324671	0.961154	-0.0633778	0.269784
42	2.35925	1.1951	-1.43547	0.15981	1.0633	-1.36968	0.161539	1.30231	-0.0625569	0.109176	1.32928	-1.1245	0.113137	1.35904	-0.0229721	0.138996	1.20487	-0.458208	0.0912988	1.15615	-0.0206574	0.118046	1.37364	-0.990324	0.123912	1.12656	-1.3723	-0.0170495	1.17961	-0.666924	0.00614038	1.24743	-0.323277	0.0727678	1.12154	-0.0181176	0.175902	1.07531	-0.0786496	0.301753	1.32675	-1.13176	0.214432	1.12577	-0.0505544	0.261646	1.02203	-0.481218	0.306455	0.947808	-0.0465027	0.303842	1.37095	-0.996883	0.225984	1.13475	-1.38165	0.347776	1.03964	-0.654503	0.365619	1.0576	-0.332023	0.324045	0.913363	-0.0672337	0.266896
43	2.36923	1.18002	-1.43323	0.159767	1.04829	-1.36712	0.161698	1.30187	-0.062563	0.109442	1.31539	-1.12186	0.114515	1.35886	-0.0230601	0.139304	1.19805	-0.456681	0.0911492	1.15603	-0.0205744	0.117893	1.35907	-0.987413	0.125052	1.11109	-1.36991	-0.0169717	1.1688	-0.66625	0.00601758	1.24257	-0.322363	0.0726696	1.12133	-0.0176685	0.176087	1.02722	-0.0749359	0.302649	1.31224	-1.12875	0.215819	1.07707	-0.0443366	0.263793	1.00041	-0.480432	0.304208	0.898664	-0.0488415	0.301352	1.35578	-0.993607	0.227131	1.11999	-1.37914	0.34775	1.02106	-0.653257	0.36366	1.02645	-0.329357	0.323277	0.865999	-0.0715953	0.263916
44	2.37921	1.16488	-1.43064	0.1598	1.03327	-1.36417	0.161935	1.30132	-0.0626189	0.109831	1.30154	-1.11872	0.116012	1.35872	-0.023423	0.139654	1.19082	-0.454933	0.0911988	1.15591	-0.0205026	0.11771	1.34439	-0.983997	0.126242	1.0954	-1.36716	-0.0168825	1.1571	-0.664507	0.00603421	1.23739	-0.321291	0.072779	1.12101	-0.0172098	0.176304	0.979213	-0.0724848	0.303299	1.29777	-1.12517	0.217345	1.02844	-0.0394748	0.265646	0.979262	-0.479109	0.301893	0.850304	-0.0523838	0.298815	1.34053	-0.989785	0.228301	1.10502	-1.37621	0.347761	1.00278	-0.651117	0.361386	0.995623	-0.326816	0.322392	0.819315	-0.0768754	0.260842
45	2.38919	1.14963	-1.42773	0.16001	1.01819	-1.36093	0.162207	1.30067	-0.062762	0.110304	1.28766	-1.11511	0.117583	1.35861	-0.0240166	0.140039	1.18328	-0.452914	0.0917245	1.15581	-0.0204882	0.117419	1.32959	-0.980118	0.127415	1.07958	-1.36405	-0.0166986	1.14223	-0.655955	0.00723429	1.23187	-0.320108	0.0731201	1.12067	-0.0168194	0.176605	0.931925	-0.0713584	0.303734	1.28333	-1.12109	0.218938	0.980046	-0.0357703	0.267173	0.958489	-0.477144	0.299431	0.802766	-0.0577207	0.296238	1.32518	-0.985393	0.229469	1.0899	-1.37294	0.34786	0.98491	-0.64819	0.359004	0.965226	-0.324413	0.321365	0.773651	-0.0836334	0.257804
46	2.39917	1.13417	-1.42447	0.160174	1.00303	-1.35726	0.162581	1.29997	-0.0630115	0.110841	1.27365	-1.11107	0.119212	1.35855	-0.0248351	0.140497	1.17531	-0.450779	0.0923404	1.15569	-0.0203834	0.117371	1.31457	-0.975756	0.128577	1.0636	-1.36064	-0.0164221	1.12316	-0.637831	0.0103034	1.22599	-0.318826	0.0736006	1.12032	-0.016563	0.176976	0.885684	-0.0714967	0.303988	1.26882	-1.11656	0.220558	0.932222	-0.0331867	0.268419	0.938186	-0.474645	0.296831	0.756322	-0.0647645	0.293934	1.30968	-0.980513	0.230606	1.07463	-1.36939	0.347967	0.967509	-0.644524	0.356619	0.935379	-0.322149	0.320247	0.729286	-0.0919727	0.254952
47	2.40915	1.11857	-1.42089	0.160317	0.987719	-1.35323	0.163029	1.29926	-0.0633328	0.11142	1.25946	-1.10665	0.120852	1.35842	-0.0257642	0.141122	1.16704	-0.448657	0.0927922	1.15557	-0.020353	0.11722	1.29942	-0.970999	0.129694	1.04747	-1.3569	-0.0160866	1.1078	-0.628662	0.0118064	1.2199	-0.317438	0.0741273	1.11999	-0.0163872	0.177421	0.840722	-0.072893	0.303984	1.25415	-1.11163	0.222175	0.885524	-0.0319941	0.26922	0.918389	-0.471668	0.29415	0.711384	-0.073004	0.292038	1.29404	-0.975258	0.231693	1.05924	-1.3656	0.348123	0.950363	-0.640134	0.35433	0.906206	-0.320104	0.319013	0.686435	-0.101466	0.252512
48	2.41914	1.1029	-1.41707	0.160465	0.972218	-1.34893	0.163549	1.2986	-0.063758	0.112039	1.24497	-1.10191	0.122479	1.35826	-0.0268183	0.141842	1.15857	-0.446473	0.0930568	1.15548	-0.020286	0.117153	1.28408	-0.96597	0.130776	1.03125	-1.35279	-0.0157076	1.09496	-0.625844	0.011918	1.21384	-0.31603	0.0746173	1.1197	-0.0162226	0.177802	0.797348	-0.0754753	0.303742	1.23927	-1.10639	0.223799	0.840308	-0.0322336	0.26952	0.8989	-0.468408	0.29143	0.668225	-0.0820914	0.290623	1.27824	-0.969736	0.232748	1.04379	-1.36161	0.348419	0.933363	-0.635267	0.352233	0.877804	-0.318394	0.317585	0.645072	-0.111456	0.25066
49	2.42912	1.0872	-1.41309	0.160674	0.956549	-1.34442	0.164161	1.29799	-0.0643286	0.112598	1.23019	-1.097	0.124076	1.35808	-0.0280785	0.142501	1.14998	-0.444191	0.0931692	1.15545	-0.0201265	0.117306	1.26849	-0.960784	0.13184	1.015	-1.34844	-0.0151227	1.08252	-0.623648	0.0118932	1.20789	-0.314673	0.0750569	1.11948	-0.0160377	0.178049	0.755928	-0.0790112	0.303173	1.22415	-1.10094	0.225414	0.797014	-0.0337803	0.26924	0.879757	-0.465156	0.288865	0.627156	-0.0916373	0.289677	1.26225	-0.964081	0.233841	1.02837	-1.35753	0.348815	0.916269	-0.630031	0.350368	0.850581	-0.317017	0.315954	0.605068	-0.121503	0.249259
50	2.4391	1.07143	-1.40902	0.160953	0.940757	-1.33989	0.164732	1.29733	-0.0650893	0.112997	1.2151	-1.09199	0.125667	1.35792	-0.0296925	0.14306	1.14125	-0.441886	0.0931461	1.15544	-0.0200611	0.117412	1.25264	-0.955538	0.132879	0.998628	-1.34391	-0.0144732	1.06984	-0.620601	0.011781	1.20197	-0.313566	0.0752878	1.11933	-0.0158558	0.17818	0.71701	-0.0831726	0.301931	1.20869	-1.09544	0.226981	0.756172	-0.0361039	0.268048	0.860878	-0.462013	0.286679	0.588835	-0.100918	0.289004	1.24605	-0.958355	0.234949	1.01322	-1.35352	0.349534	0.899014	-0.624691	0.348844	0.824901	-0.315845	0.314152	0.566581	-0.131348	0.248226
51	2.44908	1.05553	-1.40496	0.161272	0.924974	-1.3354	0.165413	1.29663	-0.0660674	0.11321	1.19967	-1.08696	0.127152	1.35776	-0.0317949	0.143441	1.13233	-0.43957	0.09312	1.15541	-0.0200775	0.117242	1.23651	-0.9503	0.133869	0.982167	-1.33927	-0.0138622	1.05726	-0.617142	0.011693	1.19592	-0.31251	0.0754418	1.11924	-0.0156805	0.17822	0.681357	-0.0871369	0.299855	1.19287	-1.09	0.228433	0.718412	-0.0384351	0.265587	0.842063	-0.458952	0.284896	0.553839	-0.109959	0.288546	1.22955	-0.952637	0.235938	0.997649	-1.34935	0.350174	0.881536	-0.61968	0.347696	0.800691	-0.31452	0.312163	0.53035	-0.140891	0.247517
52	2.45906	1.03945	-1.40105	0.161635	0.908973	-1.33116	0.166156	1.29578	-0.0673718	0.113258	1.18384	-1.08204	0.128458	1.35753	-0.0343787	0.143619	1.12317	-0.437338	0.0931033	1.15545	-0.0200523	0.117077	1.22006	-0.945161	0.134783	0.965688	-1.33465	-0.013201	1.04483	-0.613741	0.0114996	1.18954	-0.311611	0.0754297	1.11923	-0.0155319	0.178243	0.649664	-0.0901178	0.297092	1.17673	-1.08472	0.229697	0.684385	-0.0400719	0.261896	0.823021	-0.456052	0.283308	0.522684	-0.11806	0.288208	1.21273	-0.947154	0.23684	0.981628	-1.34512	0.350778	0.863676	-0.615368	0.346765	0.777863	-0.31277	0.310029	0.497878	-0.14987	0.247152
53	2.46904	1.02318	-1.39735	0.162098	0.892722	-1.32721	0.166968	1.29458	-0.0690511	0.113106	1.16754	-1.07734	0.129529	1.35712	-0.0376439	0.143725	1.11357	-0.43524	0.0929809	1.15558	-0.0200409	0.116938	1.20326	-0.940313	0.135655	0.949205	-1.33024	-0.0124713	1.03234	-0.610762	0.0108717	1.18279	-0.310896	0.0754606	1.11926	-0.0154115	0.178281	0.622197	-0.0915244	0.293954	1.16018	-1.07983	0.230739	0.654797	-0.040567	0.257623	0.803427	-0.453647	0.281764	0.495662	-0.123978	0.287802	1.19561	-0.942116	0.237687	0.965446	-1.34104	0.351456	0.844984	-0.611932	0.345752	0.756144	-0.310706	0.307641	0.469738	-0.156748	0.246934
54	2.47903	1.00677	-1.39391	0.162703	0.876288	-1.32369	0.167854	1.29317	-0.0712792	0.112883	1.15074	-1.07302	0.130354	1.35642	-0.0415667	0.143793	1.10342	-0.43327	0.0928767	1.15568	-0.0201015	0.116705	1.18606	-0.935903	0.136493	0.932681	-1.32612	-0.0116654	1.01995	-0.607581	0.0107991	1.17559	-0.310543	0.0755347	1.11924	-0.0153229	0.178347	0.599057	-0.091189	0.290514	1.14316	-1.07546	0.231561	0.630285	-0.0397496	0.253299	0.782964	-0.451994	0.280146	0.472984	-0.126395	0.28701	1.17817	-0.937658	0.238506	0.949103	-1.33727	0.352183	0.825003	-0.609647	0.344564	0.735151	-0.30863	0.305062	0.445559	-0.159464	0.246292
55	2.48901	0.990232	-1.39074	0.16346	0.859669	-1.32057	0.16888	1.29142	-0.0742031	0.112439	1.13339	-1.06922	0.130956	1.3554	-0.0463456	0.143615	1.09261	-0.431434	0.0929233	1.15579	-0.0201075	0.116367	1.16844	-0.932028	0.137307	0.916105	-1.32241	-0.0107816	1.00742	-0.603725	0.011477	1.16788	-0.310475	0.0757645	1.11922	-0.015257	0.178403	0.580073	-0.089118	0.286766	1.12548	-1.0717	0.232207	0.610948	-0.0375661	0.249022	0.761668	-0.450959	0.278401	0.45443	-0.124766	0.28514	1.1603	-0.933849	0.239315	0.932734	-1.33387	0.353085	0.803759	-0.608637	0.343368	0.714554	-0.306838	0.30248	0.425194	-0.157428	0.244698
56	2.49899	0.973516	-1.38796	0.164325	0.842775	-1.318	0.169861	1.28933	-0.0778012	0.111757	1.11542	-1.06592	0.131499	1.35403	-0.0519872	0.143287	1.08094	-0.429808	0.092942	1.15603	-0.0199526	0.115927	1.15033	-0.928728	0.138133	0.899475	-1.31922	-0.00982422	0.994233	-0.60085	0.0117963	1.15954	-0.310896	0.0757943	1.11917	-0.0151436	0.178401	0.564846	-0.0853552	0.282816	1.10719	-1.06852	0.232744	0.596227	-0.0338075	0.244754	0.740134	-0.450254	0.276724	0.439662	-0.11985	0.282001	1.14194	-0.930686	0.240153	0.916253	-1.33087	0.354105	0.782066	-0.608555	0.342269	0.694416	-0.305308	0.300067	0.408707	-0.151586	0.242206
57	2.50897	0.95657	-1.3856	0.165242	0.825632	-1.31593	0.170927	1.28682	-0.0820681	0.110863	1.09683	-1.06309	0.132017	1.35205	-0.0586212	0.142807	1.06819	-0.428411	0.0923087	1.15625	-0.019778	0.115415	1.13169	-0.925926	0.139046	0.882763	-1.3167	-0.00877704	0.981809	-0.60507	0.0105952	1.15044	-0.311762	0.075592	1.11906	-0.0149708	0.17828	0.553094	-0.0798586	0.278823	1.08825	-1.0659	0.233222	0.585541	-0.0283419	0.240677	0.718863	-0.449484	0.275237	0.428461	-0.112765	0.277938	1.123	-0.928104	0.241061	0.899552	-1.32835	0.355216	0.760298	-0.608934	0.341369	0.675053	-0.303653	0.297809	0.39599	-0.143504	0.23838
58	2.51895	0.939509	-1.38347	0.166294	0.808267	-1.3144	0.172056	1.28375	-0.0870872	0.109762	1.07757	-1.06069	0.132628	1.34929	-0.0663882	0.142281	1.05416	-0.427305	0.090772	1.15632	-0.0196516	0.114878	1.1125	-0.923575	0.140137	0.865806	-1.31479	-0.00762166	0.971038	-0.619215	0.00758317	1.14036	-0.312924	0.0752947	1.11883	-0.0148059	0.177976	0.544637	-0.0729926	0.274748	1.06863	-1.06376	0.233764	0.578565	-0.0222484	0.237373	0.698092	-0.448297	0.273786	0.420169	-0.104072	0.273065	1.1034	-0.92602	0.242116	0.882486	-1.3263	0.356342	0.738847	-0.609085	0.340811	0.657082	-0.30127	0.295593	0.386422	-0.133864	0.232835
59	2.52893	0.922486	-1.38153	0.167485	0.790777	-1.31334	0.173158	1.2799	-0.092847	0.108424	1.05774	-1.05874	0.133525	1.34553	-0.0753669	0.141848	1.03877	-0.425877	0.0897136	1.15635	-0.0194985	0.114337	1.09287	-0.921698	0.14159	0.848608	-1.31328	-0.00636857	0.956674	-0.623943	0.0064491	1.12908	-0.314484	0.0746468	1.11847	-0.014689	0.177486	0.538297	-0.0665974	0.270803	1.04829	-1.06208	0.234592	0.574374	-0.0189495	0.23523	0.678359	-0.446451	0.272089	0.412644	-0.0930268	0.267717	1.08319	-0.924424	0.243502	0.865231	-1.32462	0.35757	0.71762	-0.608717	0.340316	0.641178	-0.297698	0.292985	0.376972	-0.12133	0.225731
60	2.53892	0.905525	-1.37995	0.168826	0.773198	-1.31248	0.174418	1.27497	-0.099534	0.106751	1.03775	-1.05731	0.134774	1.34037	-0.0857502	0.141356	1.02181	-0.424219	0.0886121	1.1564	-0.019313	0.113838	1.07312	-0.920362	0.143582	0.831244	-1.31222	-0.00500468	0.939563	-0.62203	0.0066429	1.11645	-0.316515	0.0735606	1.11795	-0.0145874	0.176801	0.530577	-0.064239	0.267737	1.0277	-1.061	0.235784	0.570195	-0.0210351	0.234084	0.660335	-0.444412	0.27007	0.402997	-0.0797266	0.262779	1.0628	-0.923447	0.2454	0.847578	-1.32332	0.358855	0.697082	-0.608065	0.339871	0.627365	-0.293645	0.289277	0.363199	-0.104627	0.219252
61	2.5489	0.888221	-1.37918	0.170286	0.755397	-1.31225	0.175743	1.26844	-0.107352	0.104497	1.01832	-1.05624	0.136012	1.33318	-0.0978356	0.140228	1.00301	-0.422529	0.0870938	1.15635	-0.0191649	0.113497	1.05347	-0.919329	0.145937	0.81374	-1.31176	-0.00358552	0.921337	-0.619809	0.00702888	1.10216	-0.318972	0.0721904	1.11731	-0.0144893	0.175985	0.518776	-0.0662245	0.266732	1.00788	-1.06071	0.236928	0.565087	-0.0251203	0.2342	0.643342	-0.443908	0.268344	0.392769	-0.0688851	0.259002	1.04277	-0.923148	0.247724	0.829699	-1.3225	0.360227	0.677851	-0.60777	0.339833	0.61402	-0.292023	0.285201	0.347872	-0.0887796	0.216748
62	2.55888	0.870349	-1.37943	0.171778	0.737198	-1.31319	0.176866	1.25956	-0.116279	0.101544	0.999687	-1.05547	0.136606	1.32318	-0.111606	0.13848	0.981882	-0.420884	0.0849862	1.15618	-0.0191165	0.113299	1.03403	-0.918503	0.148169	0.796119	-1.312	-0.00222891	0.902225	-0.61915	0.00734525	1.08561	-0.3219	0.0705335	1.11649	-0.0143909	0.175134	0.508946	-0.0663454	0.266653	0.989301	-1.06127	0.237429	0.561121	-0.0282102	0.235178	0.624648	-0.44681	0.266988	0.385226	-0.0601779	0.255818	1.02338	-0.923614	0.249943	0.811461	-1.3222	0.361589	0.659697	-0.608375	0.34028	0.598269	-0.295409	0.283466	0.336382	-0.0746953	0.21229
63	2.56886	0.85236	-1.38023	0.173267	0.71918	-1.31476	0.177912	1.24765	-0.125727	0.0979726	0.981569	-1.05526	0.136535	1.30945	-0.126413	0.136459	0.958068	-0.419015	0.0826695	1.15599	-0.01915	0.113012	1.01491	-0.918245	0.149871	0.778356	-1.31289	-0.00107528	0.881303	-0.617611	0.00770523	1.06617	-0.325125	0.068347	1.11513	-0.0142725	0.17401	0.504526	-0.0650843	0.266731	0.971435	-1.06254	0.237269	0.559223	-0.0301193	0.236166	0.602994	-0.452745	0.265459	0.381595	-0.0511849	0.252215	1.00455	-0.924848	0.251609	0.792876	-1.3225	0.362911	0.641247	-0.610258	0.340358	0.580032	-0.301568	0.283588	0.330696	-0.0615002	0.208239
64	2.57884	0.834495	-1.38134	0.174714	0.701424	-1.31655	0.178869	1.23202	-0.134721	0.0938905	0.963659	-1.05577	0.136045	1.29141	-0.14159	0.134053	0.931801	-0.416776	0.0804585	1.15553	-0.0192855	0.112756	0.996179	-0.918718	0.150887	0.760587	-1.31436	-4.6421e-05	0.857167	-0.610219	0.00822201	1.04368	-0.328372	0.0655757	1.11307	-0.0139114	0.172207	0.50252	-0.0642149	0.266871	0.953797	-1.06425	0.236744	0.557693	-0.0316979	0.236955	0.580662	-0.458797	0.263685	0.378242	-0.0441302	0.250818	0.986174	-0.926581	0.252564	0.774057	-1.32344	0.364124	0.621272	-0.61373	0.338989	0.561877	-0.306653	0.284181	0.327169	-0.0504387	0.204884
65	2.58882	0.816945	-1.3826	0.176034	0.683505	-1.31824	0.179723	1.21199	-0.14223	0.0893948	0.94597	-1.05673	0.135499	1.26932	-0.156508	0.130134	0.90378	-0.414333	0.078052	1.15388	-0.0196835	0.113224	0.977875	-0.919606	0.15136	0.742863	-1.31639	0.000954475	0.831184	-0.59973	0.00873962	1.01856	-0.331287	0.0625338	1.1103	-0.0130553	0.169634	0.499542	-0.0638127	0.267243	0.936392	-1.06603	0.236165	0.555602	-0.0331899	0.237432	0.560335	-0.462536	0.262129	0.372314	-0.0409932	0.253546	0.968192	-0.928339	0.252984	0.75511	-1.32489	0.365162	0.600018	-0.618521	0.336854	0.545603	-0.309024	0.284134	0.322847	-0.0427936	0.203457
66	2.59881	0.799649	-1.38409	0.177155	0.665753	-1.31972	0.180388	1.18798	-0.148222	0.0849116	0.928687	-1.05778	0.135049	1.24431	-0.170846	0.123439	0.874723	-0.411891	0.0753813	1.14915	-0.0206684	0.115168	0.960088	-0.920592	0.151572	0.725074	-1.31863	0.00200487	0.810943	-0.608423	0.00818721	0.991245	-0.333376	0.0595336	1.10643	-0.0121692	0.166958	0.496649	-0.0632514	0.267559	0.919423	-1.06765	0.235727	0.553889	-0.0342891	0.237454	0.54264	-0.464118	0.261404	0.366501	-0.039031	0.25776	0.950721	-0.9299	0.253212	0.736165	-1.32676	0.365968	0.579116	-0.623686	0.335815	0.531493	-0.309538	0.283827	0.318877	-0.037326	0.204965
67	2.60879	0.782531	-1.38591	0.178037	0.64822	-1.32105	0.180864	1.16188	-0.154083	0.0809093	0.911836	-1.05868	0.134786	1.21773	-0.184042	0.114948	0.845115	-0.409627	0.0728769	1.13774	-0.0225353	0.117582	0.942823	-0.921444	0.151827	0.707361	-1.32107	0.0029499	0.7894	-0.61458	0.00766452	0.961944	-0.333946	0.056917	1.09897	-0.0117278	0.164353	0.495567	-0.0627868	0.267595	0.902746	-1.06901	0.235467	0.553181	-0.0348219	0.237529	0.527003	-0.464474	0.261616	0.362666	-0.0371126	0.260015	0.933625	-0.931188	0.253443	0.717379	-1.32898	0.366539	0.559403	-0.627907	0.336105	0.519627	-0.30947	0.284026	0.316553	-0.032881	0.20541
68	2.61877	0.765538	-1.38822	0.17871	0.630886	-1.32256	0.1812	1.13583	-0.1613	0.0776441	0.895369	-1.05948	0.134881	1.19086	-0.195211	0.108551	0.814841	-0.407904	0.0708416	1.11895	-0.0267279	0.118541	0.925989	-0.922234	0.152437	0.68992	-1.32367	0.0037702	0.765638	-0.615407	0.0074835	0.930791	-0.332767	0.0543632	1.08412	-0.0136036	0.160886	0.495466	-0.0625446	0.267451	0.886238	-1.07018	0.235515	0.552904	-0.035011	0.237719	0.513149	-0.464417	0.262444	0.360226	-0.0352907	0.260661	0.916761	-0.932352	0.253993	0.698805	-1.33155	0.366901	0.541401	-0.630447	0.337377	0.510217	-0.30941	0.284765	0.315418	-0.0295997	0.204385
69	2.62875	0.748698	-1.39111	0.179239	0.613734	-1.32452	0.18142	1.11038	-0.169714	0.0754315	0.879086	-1.0604	0.135367	1.16493	-0.203645	0.10638	0.783833	-0.407132	0.0691477	1.09379	-0.0338628	0.117121	0.90945	-0.92318	0.15349	0.672963	-1.32638	0.00438235	0.741287	-0.615516	0.00735193	0.898258	-0.33086	0.0510392	1.06006	-0.0197529	0.158703	0.495274	-0.062442	0.267453	0.869841	-1.07146	0.23593	0.552785	-0.0351086	0.237802	0.501162	-0.464315	0.263547	0.358576	-0.033791	0.261619	0.900071	-0.933697	0.25496	0.680568	-1.33445	0.367125	0.52627	-0.631003	0.338857	0.503004	-0.309515	0.285826	0.314573	-0.0273163	0.2043
70	2.63873	0.731981	-1.39443	0.179709	0.596892	-1.32697	0.181517	1.08381	-0.178017	0.0742255	0.862866	-1.06175	0.136173	1.13821	-0.209825	0.106909	0.752263	-0.407642	0.0675038	1.06392	-0.0413652	0.113886	0.893104	-0.924581	0.154812	0.656624	-1.32913	0.00483049	0.717121	-0.617104	0.00705779	0.865098	-0.329768	0.0472378	1.02916	-0.0273158	0.157652	0.49519	-0.0622666	0.267598	0.853519	-1.07322	0.236645	0.552851	-0.0351447	0.237823	0.490926	-0.464299	0.264847	0.357593	-0.0327116	0.262945	0.883512	-0.935519	0.256229	0.662792	-1.33758	0.367323	0.513861	-0.630511	0.340652	0.497225	-0.309531	0.286901	0.314068	-0.0261322	0.204989
71	2.64871	0.715448	-1.39793	0.180207	0.580452	-1.32991	0.18138	1.05476	-0.184673	0.0737827	0.846649	-1.06383	0.137062	1.10929	-0.214354	0.108717	0.720468	-0.409466	0.0658509	1.03144	-0.0469937	0.11022	0.876794	-0.926734	0.156228	0.640969	-1.33208	0.00510497	0.69343	-0.619954	0.00691741	0.832046	-0.330321	0.0443835	0.99577	-0.0325324	0.154235	0.495385	-0.0621453	0.267691	0.837236	-1.07575	0.237472	0.553016	-0.0351322	0.2378	0.482023	-0.464281	0.266287	0.35702	-0.0318823	0.263874	0.86707	-0.938042	0.257554	0.645272	-1.34099	0.367421	0.503251	-0.62977	0.342807	0.492425	-0.309313	0.28768	0.313962	-0.0255445	0.205347
72	2.65869	0.699098	-1.40151	0.180746	0.564289	-1.33331	0.181188	1.02358	-0.189244	0.0738292	0.830317	-1.06683	0.137831	1.07843	-0.217239	0.111449	0.688811	-0.412384	0.0642681	0.997695	-0.05099	0.106193	0.86048	-0.929802	0.157431	0.625966	-1.33531	0.00518765	0.670143	-0.623615	0.00706349	0.799481	-0.332392	0.0430976	0.961278	-0.0350696	0.148176	0.495798	-0.0620939	0.267688	0.820959	-1.07908	0.238213	0.553228	-0.0351076	0.237698	0.474188	-0.464112	0.267754	0.356661	-0.0312458	0.26442	0.850695	-0.94135	0.258591	0.62805	-1.34465	0.367545	0.493529	-0.629165	0.344861	0.488662	-0.309043	0.2881	0.31403	-0.0252183	0.205487
73	2.66868	0.683077	-1.40519	0.181341	0.548392	-1.33718	0.180999	0.990977	-0.192072	0.0741737	0.813802	-1.07065	0.138419	1.04634	-0.218303	0.114526	0.657499	-0.416188	0.062898	0.962385	-0.0538945	0.101958	0.844116	-0.933662	0.158195	0.6115	-1.33881	0.00512279	0.647044	-0.627813	0.00715293	0.767268	-0.335436	0.0426994	0.925164	-0.0363906	0.142081	0.496353	-0.0619977	0.26768	0.804698	-1.08303	0.238828	0.553494	-0.0350978	0.237546	0.467477	-0.463723	0.2693	0.356425	-0.0307593	0.264928	0.83455	-0.94534	0.259306	0.611257	-1.34856	0.367777	0.484147	-0.628784	0.346688	0.48608	-0.308955	0.288433	0.314139	-0.0250162	0.205675
74	2.67866	0.667387	-1.4089	0.181952	0.532731	-1.34138	0.180687	0.957462	-0.193408	0.0747264	0.797087	-1.07503	0.138888	1.01366	-0.21722	0.116998	0.626606	-0.420665	0.0617787	0.924577	-0.0560667	0.0982078	0.827677	-0.938052	0.158468	0.59746	-1.34249	0.00488635	0.623987	-0.632322	0.00709416	0.735335	-0.339072	0.0421955	0.886651	-0.0376361	0.137367	0.496936	-0.0618577	0.267712	0.788493	-1.08732	0.239317	0.55371	-0.0351081	0.237426	0.46185	-0.46322	0.270955	0.356221	-0.0303308	0.265539	0.81857	-0.949698	0.259636	0.594809	-1.35262	0.368011	0.475098	-0.628608	0.34841	0.484573	-0.309111	0.28903	0.314285	-0.0249298	0.205931
75	2.68864	0.651832	-1.41261	0.18256	0.517267	-1.34574	0.180471	0.923195	-0.193336	0.0753122	0.780309	-1.07972	0.139195	0.98058	-0.213987	0.118406	0.596149	-0.425675	0.0608633	0.884013	-0.0577072	0.0953189	0.811238	-0.942742	0.158296	0.583661	-1.34635	0.0045958	0.600875	-0.637042	0.00682271	0.703768	-0.342722	0.0417759	0.845556	-0.03917	0.1343	0.497426	-0.0617386	0.267788	0.772282	-1.09179	0.239683	0.553852	-0.0351497	0.237361	0.456954	-0.462698	0.272679	0.356009	-0.0299531	0.26613	0.802714	-0.954175	0.259573	0.57869	-1.35683	0.368272	0.466389	-0.628453	0.350035	0.48378	-0.309325	0.289882	0.314412	-0.0248863	0.206162
76	2.69862	0.636136	-1.41628	0.183047	0.50189	-1.35011	0.180251	0.888119	-0.191845	0.0756911	0.763497	-1.08453	0.13934	0.946888	-0.208901	0.118909	0.566201	-0.431072	0.0601081	0.841234	-0.0587578	0.0933102	0.794846	-0.947554	0.157788	0.56994	-1.35027	0.00444768	0.57761	-0.64204	0.00619671	0.672639	-0.346389	0.0415435	0.802301	-0.0409758	0.132623	0.497749	-0.0616655	0.267799	0.756097	-1.0963	0.239936	0.553932	-0.0352248	0.23734	0.452759	-0.462278	0.274249	0.355774	-0.0295774	0.266613	0.786987	-0.958641	0.259158	0.562708	-1.3611	0.368566	0.458169	-0.628257	0.351523	0.482992	-0.309475	0.290886	0.314498	-0.0248436	0.206346
77	2.7086	0.620522	-1.41987	0.183533	0.486591	-1.35435	0.180008	0.851956	-0.188908	0.0758975	0.746638	-1.08929	0.139358	0.912281	-0.202289	0.11885	0.536766	-0.436787	0.0595656	0.797048	-0.0592863	0.0919947	0.778463	-0.952338	0.157064	0.556191	-1.35417	0.00444301	0.55403	-0.64732	0.00530209	0.641788	-0.350258	0.0417675	0.757608	-0.0428332	0.131793	0.497926	-0.0616833	0.267733	0.739943	-1.10072	0.240048	0.553959	-0.0353405	0.237348	0.448992	-0.462019	0.275617	0.355495	-0.0292184	0.26701	0.771324	-0.963049	0.258541	0.546747	-1.36532	0.368837	0.449981	-0.62833	0.352791	0.481583	-0.309531	0.291912	0.314539	-0.0247999	0.206469
78	2.71858	0.60498	-1.42333	0.184069	0.471286	-1.35853	0.179805	0.814779	-0.184737	0.075973	0.729778	-1.0939	0.139312	0.876519	-0.19445	0.118562	0.507786	-0.44278	0.0592793	0.752115	-0.0593451	0.0910812	0.762131	-0.956967	0.156292	0.542266	-1.35813	0.00446926	0.530052	-0.652869	0.00442825	0.61116	-0.354303	0.0423097	0.712193	-0.0445001	0.131288	0.498042	-0.0617183	0.267771	0.723836	-1.10492	0.240064	0.553945	-0.0354803	0.237408	0.445253	-0.461791	0.276822	0.355201	-0.0288315	0.267369	0.755635	-0.967319	0.257854	0.530809	-1.36948	0.369113	0.441775	-0.628784	0.353945	0.479327	-0.30945	0.292896	0.314535	-0.0247536	0.206517
79	2.72857	0.589439	-1.42659	0.184645	0.455912	-1.36241	0.179712	0.776878	-0.179664	0.0759204	0.712986	-1.09822	0.139238	0.839531	-0.185722	0.118378	0.479265	-0.448946	0.0591359	0.706853	-0.0589185	0.0902216	0.745833	-0.961364	0.155522	0.528119	-1.3618	0.00463881	0.505819	-0.658717	0.00346218	0.580698	-0.358334	0.0428665	0.666453	-0.04581	0.130853	0.498109	-0.0617649	0.267913	0.70772	-1.10888	0.240068	0.553893	-0.0356587	0.237506	0.441508	-0.461508	0.277787	0.354884	-0.0284558	0.267738	0.739996	-0.971349	0.257178	0.514864	-1.37353	0.369378	0.434498	-0.628096	0.354835	0.476387	-0.309208	0.29382	0.314497	-0.0246906	0.206481
80	2.73855	0.573858	-1.42959	0.185228	0.44048	-1.36589	0.179752	0.738145	-0.173842	0.0759564	0.696253	-1.10221	0.139159	0.801336	-0.176326	0.118366	0.451272	-0.455188	0.0591045	0.66138	-0.0578144	0.089549	0.729567	-0.965391	0.154788	0.513791	-1.3651	0.00496579	0.481475	-0.664699	0.00269539	0.550266	-0.362079	0.0433063	0.620444	-0.0467095	0.130153	0.498103	-0.0618267	0.268104	0.691601	-1.11252	0.240062	0.553816	-0.0359091	0.237627	0.437812	-0.461188	0.278509	0.35454	-0.0281055	0.268066	0.724405	-0.975032	0.256498	0.498849	-1.37729	0.369657	0.429541	-0.622374	0.355254	0.473267	-0.30892	0.294644	0.314437	-0.024604	0.206342
81	2.74853	0.558248	-1.43233	0.185808	0.424952	-1.36893	0.179865	0.698643	-0.16749	0.0762069	0.679613	-1.10583	0.139087	0.762067	-0.166363	0.118567	0.423922	-0.46142	0.059148	0.615559	-0.0564342	0.0891331	0.713386	-0.969011	0.154102	0.499228	-1.36811	0.00538469	0.457256	-0.670723	0.0019952	0.519886	-0.365259	0.0437336	0.574043	-0.0471983	0.129374	0.498056	-0.0619121	0.268216	0.675538	-1.11577	0.240071	0.553683	-0.0362703	0.237729	0.434264	-0.460894	0.279086	0.354211	-0.0277817	0.268333	0.708843	-0.978292	0.255812	0.48283	-1.38074	0.369982	0.426187	-0.613142	0.355225	0.47039	-0.308771	0.295252	0.314352	-0.0245112	0.20617
82	2.75851	0.542578	-1.43475	0.186371	0.409338	-1.37154	0.180073	0.658448	-0.160688	0.0766157	0.663082	-1.10903	0.139074	0.721895	-0.155858	0.118989	0.397236	-0.467415	0.0593915	0.569224	-0.0550209	0.088728	0.697304	-0.972224	0.153376	0.484433	-1.37081	0.00580469	0.433446	-0.67638	0.00155752	0.489641	-0.367659	0.0442353	0.527104	-0.0476744	0.128547	0.49801	-0.0620709	0.268184	0.659523	-1.11857	0.240111	0.553525	-0.0367265	0.237715	0.430988	-0.460741	0.279533	0.353944	-0.0275479	0.268497	0.693275	-0.981101	0.255149	0.466845	-1.38385	0.370359	0.417651	-0.615765	0.355623	0.468136	-0.308922	0.29558	0.314232	-0.024412	0.206043
83	2.76849	0.526802	-1.43679	0.186909	0.393687	-1.37373	0.180336	0.617607	-0.153565	0.0771301	0.646658	-1.11175	0.13907	0.680783	-0.144873	0.119616	0.371192	-0.473006	0.0597808	0.522283	-0.0538298	0.088092	0.681313	-0.975	0.152624	0.469483	-1.37308	0.00622284	0.410373	-0.681361	0.00148889	0.459569	-0.369186	0.0447845	0.479624	-0.0485075	0.127516	0.497972	-0.0623132	0.267992	0.643599	-1.12092	0.240141	0.55343	-0.0371364	0.237489	0.427997	-0.460662	0.279803	0.353775	-0.027409	0.268589	0.677726	-0.983458	0.254487	0.450869	-1.38656	0.370703	0.415167	-0.607203	0.355042	0.466688	-0.309309	0.295655	0.314092	-0.0243033	0.20598
84	2.77847	0.510943	-1.43836	0.187412	0.377988	-1.37553	0.180562	0.576088	-0.146219	0.0777246	0.630333	-1.11394	0.138999	0.638647	-0.133497	0.120388	0.345698	-0.478095	0.0602571	0.474894	-0.0527705	0.0873039	0.665358	-0.977239	0.151855	0.454368	-1.37494	0.00662551	0.388049	-0.686029	0.00145609	0.429563	-0.369909	0.0452821	0.431729	-0.0497061	0.126308	0.497945	-0.0626034	0.267705	0.627759	-1.12277	0.240107	0.5534	-0.0375312	0.237087	0.425156	-0.460551	0.279836	0.353678	-0.0273291	0.268619	0.662217	-0.985343	0.253799	0.434862	-1.38881	0.371016	0.410964	-0.601705	0.354591	0.465918	-0.309747	0.29561	0.313969	-0.024239	0.205956
85	2.78846	0.495036	-1.43954	0.187843	0.362234	-1.37686	0.180745	0.533821	-0.138709	0.078332	0.614056	-1.11566	0.138797	0.595574	-0.122061	0.121217	0.320702	-0.48265	0.0607927	0.427233	-0.0518426	0.0865593	0.649343	-0.978935	0.151066	0.439099	-1.37638	0.00696766	0.366352	-0.691021	0.00182029	0.399527	-0.369922	0.045736	0.383792	-0.0508145	0.125165	0.497932	-0.0629416	0.267392	0.612004	-1.12411	0.239975	0.553316	-0.0378884	0.236678	0.422321	-0.460392	0.279699	0.353595	-0.0273271	0.26861	0.646786	-0.986751	0.253068	0.418868	-1.39057	0.371305	0.404524	-0.600285	0.35435	0.465235	-0.310045	0.295493	0.313842	-0.0241775	0.205949
86	2.79844	0.479088	-1.44031	0.18819	0.346448	-1.37764	0.180991	0.490815	-0.131179	0.0788942	0.59788	-1.11687	0.138454	0.551606	-0.110708	0.122002	0.296177	-0.486644	0.0613935	0.379377	-0.05114	0.0859453	0.633378	-0.980157	0.150164	0.4237	-1.37736	0.00733886	0.345188	-0.694664	0.0022804	0.3694	-0.369314	0.046211	0.335901	-0.0518737	0.124195	0.497923	-0.0633429	0.267012	0.596318	-1.12495	0.23968	0.553054	-0.0382235	0.236372	0.419417	-0.460172	0.279442	0.353492	-0.027396	0.268589	0.631407	-0.987606	0.252205	0.402901	-1.39179	0.371548	0.396939	-0.600571	0.354093	0.463999	-0.310238	0.295393	0.31371	-0.024234	0.20601
87	2.80842	0.46311	-1.4406	0.188509	0.330627	-1.37789	0.181185	0.447127	-0.123839	0.0794554	0.581785	-1.11759	0.137986	0.506827	-0.09963	0.12254	0.272199	-0.490011	0.0620729	0.331343	-0.0507121	0.0855725	0.617492	-0.980861	0.149107	0.408229	-1.37797	0.0077063	0.318667	-0.693094	0.00296029	0.33915	-0.368234	0.0467556	0.28793	-0.0535699	0.123273	0.497884	-0.0637946	0.26661	0.580701	-1.12531	0.239195	0.552902	-0.0386687	0.236011	0.416315	-0.459912	0.279158	0.353431	-0.0273818	0.268519	0.616047	-0.987985	0.251202	0.386964	-1.39253	0.371805	0.385653	-0.605923	0.354012	0.462034	-0.310395	0.29525	0.313508	-0.024402	0.206158
88	2.8184	0.44704	-1.44047	0.188729	0.314791	-1.37761	0.181316	0.403042	-0.116779	0.0798847	0.565775	-1.11776	0.137315	0.461273	-0.0889473	0.122734	0.248803	-0.492718	0.0628936	0.283181	-0.0507028	0.0854139	0.601658	-0.981058	0.147925	0.392585	-1.37807	0.00796006	0.283675	-0.684423	0.00416101	0.308875	-0.366863	0.0473007	0.239991	-0.0559491	0.122604	0.497749	-0.0642272	0.266242	0.565148	-1.12525	0.23853	0.552886	-0.039216	0.235613	0.413001	-0.45969	0.278913	0.353402	-0.0273008	0.268405	0.600649	-0.987904	0.250052	0.371	-1.39273	0.371997	0.368618	-0.61917	0.354348	0.45965	-0.310516	0.295123	0.313295	-0.0244942	0.206299
89	2.82838	0.430926	-1.43994	0.188905	0.298921	-1.37689	0.181407	0.35845	-0.109867	0.0799108	0.549775	-1.11739	0.136429	0.415171	-0.0787119	0.122752	0.22602	-0.494737	0.0639162	0.235058	-0.0511131	0.0855406	0.58581	-0.980707	0.146637	0.376806	-1.37759	0.00808023	0.257937	-0.681772	0.00525366	0.278877	-0.365315	0.0479345	0.192282	-0.0588314	0.122457	0.497578	-0.0646683	0.265905	0.549587	-1.12474	0.23768	0.552942	-0.0398398	0.235198	0.40952	-0.459446	0.278692	0.35335	-0.0272731	0.268312	0.585248	-0.987364	0.248742	0.354997	-1.39239	0.372131	0.355997	-0.624774	0.354293	0.457305	-0.310689	0.295038	0.313153	-0.0243549	0.206242
90	2.83836	0.414758	-1.43899	0.189042	0.283005	-1.37572	0.181395	0.313516	-0.103497	0.0798372	0.533779	-1.11646	0.135371	0.368577	-0.0690811	0.122586	0.203866	-0.496094	0.0651318	0.187039	-0.0518834	0.0858683	0.569937	-0.979787	0.145287	0.360869	-1.37675	0.00801643	0.244458	-0.686711	0.00598798	0.249384	-0.363688	0.0486358	0.1449	-0.0620819	0.122677	0.497396	-0.0651737	0.265577	0.534111	-1.12376	0.236671	0.552885	-0.0405348	0.234815	0.405841	-0.459188	0.278554	0.353313	-0.0272516	0.268245	0.569844	-0.986362	0.247296	0.338979	-1.3915	0.372246	0.347563	-0.623763	0.35395	0.455127	-0.31095	0.294989	0.312998	-0.0240623	0.206162
91	2.84835	0.398523	-1.43765	0.189134	0.26702	-1.37406	0.181376	0.268425	-0.0977888	0.0795847	0.517847	-1.11499	0.134168	0.321848	-0.06029	0.122125	0.182285	-0.496768	0.0665766	0.139268	-0.0529469	0.086223	0.554053	-0.978279	0.143863	0.344931	-1.37564	0.00796347	0.241093	-0.696828	0.00661745	0.220482	-0.362053	0.0492556	0.0979157	-0.0656098	0.123064	0.497261	-0.0658353	0.26523	0.518731	-1.12226	0.235452	0.55278	-0.0413465	0.234423	0.402049	-0.458965	0.278482	0.353301	-0.0272043	0.268201	0.554462	-0.984884	0.245845	0.322926	-1.39008	0.372309	0.344091	-0.616446	0.353425	0.453091	-0.3113	0.294995	0.31293	-0.0240144	0.20623
92	2.85833	0.382251	-1.43591	0.189199	0.251002	-1.37204	0.181337	0.223311	-0.0927711	0.0793417	0.501979	-1.11298	0.132813	0.274581	-0.0526046	0.1216	0.161296	-0.496774	0.0681195	0.0918458	-0.0543437	0.0865058	0.538131	-0.976219	0.142374	0.328957	-1.3742	0.00789135	0.229054	-0.699802	0.0076815	0.192285	-0.36026	0.0499682	0.0512959	-0.069211	0.123387	0.497205	-0.066648	0.264903	0.503395	-1.12029	0.234029	0.552738	-0.0422917	0.234088	0.398192	-0.458837	0.278515	0.353367	-0.0271781	0.268179	0.539101	-0.982937	0.244364	0.306844	-1.38816	0.372316	0.345459	-0.603217	0.353075	0.451025	-0.311767	0.295117	0.312956	-0.0240367	0.206352
93	2.86831	0.365934	-1.4338	0.189198	0.234971	-1.36963	0.181246	0.178159	-0.0887247	0.0789557	0.48612	-1.11041	0.131256	0.227059	-0.0461066	0.121104	0.140945	-0.496192	0.0696793	0.0447468	-0.0561103	0.0864352	0.522141	-0.973619	0.140834	0.312882	-1.37242	0.00775887	0.211093	-0.697795	0.00887852	0.164775	-0.358242	0.0509341	0.00508674	-0.0727045	0.12339	0.497153	-0.0675197	0.264623	0.488105	-1.11787	0.232434	0.552726	-0.0433531	0.233788	0.393964	-0.458742	0.278609	0.353494	-0.0271643	0.268207	0.523717	-0.980487	0.242801	0.290762	-1.38576	0.372298	0.337318	-0.601626	0.353189	0.448795	-0.31234	0.295263	0.313024	-0.0240568	0.206472
94	2.87829	0.34955	-1.43135	0.189109	0.218955	-1.36684	0.181039	0.133164	-0.0857221	0.0785815	0.470237	-1.10735	0.129539	0.179811	-0.0409491	0.120658	0.121264	-0.494987	0.0713563	-0.00191689	-0.0581217	0.0863237	0.506108	-0.970568	0.139251	0.296676	-1.37032	0.00750437	0.192986	-0.694421	0.0100591	0.137907	-0.355985	0.052126	-0.0406328	-0.0761755	0.12319	0.496975	-0.0684169	0.264325	0.47282	-1.11505	0.230709	0.552625	-0.0444656	0.233449	0.389113	-0.458613	0.27879	0.353648	-0.0271562	0.268253	0.508281	-0.977627	0.241156	0.274633	-1.3829	0.372198	0.322348	-0.608048	0.353481	0.446072	-0.312975	0.295435	0.31303	-0.0240355	0.206593
95	2.88827	0.333116	-1.42868	0.188957	0.202927	-1.36373	0.180726	0.0885876	-0.0837235	0.0784079	0.454245	-1.10393	0.127712	0.133192	-0.0372425	0.120379	0.102251	-0.493116	0.0731408	-0.0478613	-0.0606838	0.0861537	0.490016	-0.967127	0.13756	0.280387	-1.36802	0.0071413	0.176054	-0.690661	0.011153	0.111555	-0.353489	0.0534171	-0.0857878	-0.0797853	0.122901	0.496676	-0.0693979	0.264015	0.457453	-1.11192	0.228845	0.552402	-0.0457883	0.233034	0.383591	-0.458401	0.279005	0.353768	-0.0271359	0.2683	0.492785	-0.974447	0.239434	0.25845	-1.37967	0.372003	0.314258	-0.606015	0.353774	0.442635	-0.313602	0.295593	0.312972	-0.0239716	0.206686
96	2.89825	0.316674	-1.42574	0.188736	0.186802	-1.36035	0.180341	0.0447677	-0.0829428	0.0785347	0.43806	-1.10023	0.125756	0.0875497	-0.0349706	0.120368	0.0837999	-0.490528	0.0749112	-0.0927453	-0.0641664	0.0860792	0.473817	-0.963414	0.135727	0.263981	-1.36555	0.00665801	0.159665	-0.686423	0.0119971	0.0855982	-0.350742	0.0548075	-0.129966	-0.0839357	0.12262	0.496333	-0.07069	0.263847	0.441939	-1.10851	0.226812	0.552186	-0.0476576	0.232859	0.377335	-0.458084	0.279152	0.353857	-0.0271485	0.268393	0.477194	-0.971051	0.237633	0.242244	-1.37615	0.371719	0.298385	-0.611613	0.354459	0.438482	-0.314144	0.295601	0.312918	-0.0238617	0.206771
97	2.90824	0.300199	-1.42264	0.188433	0.170641	-1.35678	0.179936	0.00222725	-0.0832763	0.0790187	0.421673	-1.0963	0.123625	0.0429406	-0.0338058	0.12075	0.0657938	-0.487242	0.0767458	-0.136127	-0.069104	0.0859796	0.457377	-0.959514	0.13381	0.247429	-1.36283	0.0060981	0.143611	-0.68156	0.0126595	0.0599083	-0.347798	0.0563601	-0.172642	-0.0893533	0.122351	0.495836	-0.0721059	0.263955	0.426288	-1.10495	0.224631	0.551856	-0.0499069	0.232946	0.370259	-0.457646	0.279226	0.353908	-0.0271725	0.268546	0.461504	-0.967495	0.23569	0.226024	-1.37239	0.37134	0.289723	-0.609572	0.355118	0.433732	-0.314673	0.295625	0.312879	-0.0237334	0.206868
98	2.91822	0.283661	-1.41948	0.187991	0.154408	-1.35309	0.179487	-0.0385014	-0.08451	0.079843	0.405069	-1.09222	0.121308	-0.000124964	-0.0333376	0.121425	0.0480031	-0.48341	0.0786705	-0.177541	-0.0757536	0.0858494	0.44067	-0.955456	0.131786	0.230667	-1.35999	0.00545228	0.127712	-0.676278	0.0131	0.0344912	-0.344925	0.0579276	-0.213421	-0.0966375	0.122144	0.495247	-0.0736126	0.26429	0.410552	-1.1013	0.222304	0.551381	-0.0524308	0.233102	0.362417	-0.457066	0.279333	0.353961	-0.0272033	0.268752	0.445675	-0.963843	0.233586	0.209801	-1.36846	0.370873	0.291187	-0.597062	0.355185	0.428557	-0.315216	0.295791	0.312858	-0.0235416	0.206939
99	2.9282	0.267055	-1.41625	0.18739	0.138001	-1.34936	0.178911	-0.0771295	-0.0864482	0.080983	0.38825	-1.08808	0.118827	-0.0413049	-0.0333537	0.122406	0.0303489	-0.479295	0.0805778	-0.216598	-0.0838832	0.085891	0.423726	-0.951299	0.129605	0.213735	-1.35713	0.00468472	0.111876	-0.670831	0.0132879	0.00957153	-0.342361	0.0594574	-0.25198	-0.105435	0.122517	0.49445	-0.075489	0.264518	0.394696	-1.0976	0.219771	0.5508	-0.0552932	0.233351	0.353955	-0.456389	0.279585	0.354059	-0.0272778	0.269039	0.429651	-0.960117	0.231318	0.19356	-1.3645	0.370347	0.286266	-0.590518	0.35542	0.422861	-0.31585	0.29601	0.312907	-0.0233022	0.206872
100	2.93818	0.250434	-1.41305	0.186673	0.121521	-1.34564	0.178279	-0.113532	-0.0889079	0.0825488	0.371173	-1.08399	0.116235	-0.0802757	-0.0337349	0.123585	0.0129496	-0.475118	0.0822617	-0.253214	-0.0926402	0.0866113	0.406543	-0.947173	0.127247	0.196692	-1.35426	0.003793	0.0959088	-0.665532	0.0130566	-0.0146497	-0.340223	0.0607986	-0.288107	-0.114779	0.123862	0.49342	-0.0777073	0.26475	0.378586	-1.09393	0.217037	0.549999	-0.0585737	0.233742	0.344833	-0.455665	0.279875	0.354193	-0.027362	0.269403	0.41341	-0.956427	0.228864	0.177243	-1.36058	0.369712	0.275693	-0.589037	0.355941	0.416602	-0.316598	0.29621	0.312891	-0.0231455	0.206794
101	2.94816	0.233804	-1.40997	0.185833	0.104979	-1.34207	0.177721	-0.147407	-0.0915127	0.0848048	0.35378	-1.08001	0.113508	-0.116499	-0.0343943	0.125511	-0.00408882	-0.471047	0.0835244	-0.287096	-0.101074	0.0883884	0.389132	-0.943202	0.124747	0.179457	-1.35146	0.00282825	0.0796516	-0.660474	0.0124468	-0.037857	-0.338239	0.0619356	-0.321565	-0.123712	0.126211	0.492134	-0.0800779	0.265171	0.362194	-1.09038	0.214164	0.548977	-0.0623969	0.234266	0.335089	-0.454919	0.280208	0.354209	-0.0273548	0.269683	0.396932	-0.952868	0.226241	0.160875	-1.35677	0.36895	0.263863	-0.588311	0.356635	0.40983	-0.317495	0.296485	0.312823	-0.0230279	0.206717
102	2.95814	0.217167	-1.40699	0.184846	0.0883778	-1.33876	0.177203	-0.178306	-0.0936545	0.0874092	0.336126	-1.07619	0.110705	-0.149378	-0.0351785	0.127983	-0.0209085	-0.467224	0.0843699	-0.31797	-0.108355	0.0911167	0.371509	-0.939417	0.122174	0.16205	-1.34877	0.00179858	0.0631981	-0.655898	0.011766	-0.0596637	-0.336008	0.0629166	-0.351824	-0.131649	0.129288	0.490512	-0.0828742	0.26562	0.345514	-1.08696	0.211238	0.547815	-0.0668838	0.23488	0.324646	-0.454105	0.280596	0.354112	-0.0272912	0.269887	0.380177	-0.949475	0.223546	0.144494	-1.35322	0.36806	0.252227	-0.587149	0.35747	0.40256	-0.318523	0.296798	0.312756	-0.0229514	0.206636
103	2.96812	0.200347	-1.40409	0.183714	0.0715578	-1.33576	0.176354	-0.205661	-0.0946944	0.0902001	0.318228	-1.07262	0.107966	-0.178333	-0.0353536	0.130722	-0.037988	-0.463846	0.0849644	-0.345067	-0.113764	0.094673	0.353539	-0.935846	0.119609	0.144527	-1.34634	0.000659108	0.0462789	-0.651974	0.0111225	-0.0798702	-0.333373	0.0639708	-0.378173	-0.137997	0.133118	0.488581	-0.0862366	0.266326	0.328532	-1.08371	0.208397	0.546307	-0.0719153	0.235659	0.31353	-0.453331	0.280998	0.3541	-0.0272452	0.270139	0.363154	-0.946271	0.220876	0.128058	-1.34992	0.367011	0.240357	-0.585885	0.358344	0.394704	-0.319634	0.297191	0.312707	-0.0229326	0.206577
104	2.97811	0.183483	-1.40138	0.18244	0.0545429	-1.33306	0.175227	-0.229026	-0.0942782	0.0929667	0.300034	-1.06937	0.105452	-0.202727	-0.0341991	0.133103	-0.0557924	-0.461136	0.0856209	-0.368149	-0.116471	0.0989457	0.335108	-0.932539	0.117136	0.126834	-1.34408	-0.000588408	0.0286474	-0.648653	0.0106763	-0.0988471	-0.330455	0.0652597	-0.400396	-0.141457	0.138046	0.486212	-0.0900875	0.267239	0.311167	-1.08067	0.205804	0.544327	-0.0775026	0.236722	0.301692	-0.452616	0.281468	0.354184	-0.0271976	0.270469	0.345717	-0.943245	0.218341	0.111628	-1.34694	0.365872	0.228028	-0.584779	0.359161	0.386082	-0.320899	0.297735	0.312668	-0.0229246	0.206524
105	2.98809	0.166607	-1.3989	0.181056	0.0374659	-1.33072	0.174153	-0.248479	-0.0922036	0.0955053	0.281583	-1.06648	0.103289	-0.22216	-0.0314355	0.134528	-0.0745898	-0.459214	0.086541	-0.387123	-0.116003	0.103635	0.316421	-0.929605	0.114847	0.108959	-1.34206	-0.00192317	0.0100208	-0.646072	0.0105225	-0.117286	-0.327672	0.0667404	-0.418781	-0.140836	0.143761	0.48333	-0.0942287	0.268393	0.293341	-1.07787	0.203534	0.541709	-0.0839493	0.237998	0.289112	-0.451971	0.282008	0.354276	-0.0271303	0.27085	0.327593	-0.940345	0.215987	0.095199	-1.34428	0.364667	0.215185	-0.583878	0.359797	0.376752	-0.322386	0.298393	0.312699	-0.02277	0.206289
106	2.99807	0.14971	-1.39664	0.179533	0.0203193	-1.32878	0.17302	-0.263981	-0.0883346	0.097838	0.262922	-1.06397	0.101488	-0.236688	-0.0269417	0.135622	-0.0942051	-0.457777	0.0878714	-0.401915	-0.112169	0.108553	0.297384	-0.926973	0.112817	0.0909512	-1.34023	-0.00330586	-0.0096323	-0.644243	0.0106681	-0.135707	-0.325301	0.068331	-0.433567	-0.135829	0.149683	0.47989	-0.0988043	0.269771	0.27507	-1.07528	0.201594	0.538429	-0.0910652	0.239501	0.275709	-0.451313	0.2826	0.354215	-0.0270053	0.271173	0.309045	-0.937635	0.213871	0.0787022	-1.34196	0.36336	0.201584	-0.583106	0.360159	0.366683	-0.324133	0.299141	0.312718	-0.022643	0.206115
107	3.00805	0.132845	-1.39456	0.177938	0.00311736	-1.32718	0.171781	-0.275685	-0.0829101	0.100217	0.243859	-1.06177	0.0999791	-0.246147	-0.0223897	0.136541	-0.114136	-0.45627	0.0895991	-0.413026	-0.104878	0.113003	0.277917	-0.924592	0.111013	0.0728145	-1.33866	-0.00475899	-0.0298806	-0.643184	0.0109975	-0.15414	-0.323017	0.0700238	-0.44538	-0.127204	0.154837	0.475804	-0.103776	0.271327	0.256325	-1.07289	0.199956	0.534338	-0.0987921	0.241105	0.261366	-0.450639	0.283359	0.354063	-0.0268604	0.27148	0.290094	-0.935183	0.211979	0.0620948	-1.33997	0.361961	0.187094	-0.582428	0.360316	0.355817	-0.326074	0.300014	0.312689	-0.0225343	0.205971
108	3.01803	0.115983	-1.39267	0.176248	-0.0141291	-1.32589	0.17047	-0.28522	-0.0776365	0.102577	0.224045	-1.05992	0.0985974	-0.251339	-0.0214736	0.137522	-0.133733	-0.454349	0.0915321	-0.422502	-0.0928958	0.116442	0.258178	-0.922717	0.109288	0.0546121	-1.33735	-0.00630891	-0.0501798	-0.642833	0.0113095	-0.172124	-0.320399	0.0720856	-0.456856	-0.114195	0.158677	0.470862	-0.109268	0.273135	0.236961	-1.07084	0.198566	0.529217	-0.107236	0.242604	0.245941	-0.449877	0.28433	0.353917	-0.0267844	0.271896	0.270855	-0.933186	0.21015	0.0453802	-1.33826	0.360488	0.17162	-0.581647	0.360442	0.343979	-0.328114	0.300988	0.312602	-0.0224191	0.205792
109	3.02801	0.0991546	-1.39104	0.174474	-0.0314932	-1.32492	0.169157	-0.295603	-0.0754808	0.104621	0.203736	-1.05887	0.0973294	-0.256168	-0.0251811	0.138545	-0.152391	-0.45255	0.0931296	-0.43276	-0.0762506	0.118914	0.238742	-0.92185	0.107414	0.036349	-1.33624	-0.00792128	-0.071192	-0.642297	0.0120869	-0.188986	-0.317899	0.0753052	-0.471025	-0.095456	0.160759	0.46483	-0.115404	0.275369	0.217021	-1.0695	0.197364	0.522772	-0.116446	0.244166	0.22932	-0.448998	0.285459	0.353763	-0.0266736	0.272293	0.251593	-0.931948	0.208273	0.0286477	-1.33682	0.358967	0.155084	-0.580694	0.360515	0.33101	-0.330236	0.302055	0.312452	-0.0223503	0.205751
110	3.038	0.0821782	-1.38997	0.172647	-0.0490317	-1.32452	0.167875	-0.307083	-0.0755051	0.105489	0.18406	-1.05883	0.0962895	-0.260598	-0.0294579	0.138787	-0.170426	-0.45281	0.0938014	-0.441839	-0.0628404	0.120315	0.219762	-0.921941	0.105494	0.0181734	-1.33543	-0.00956002	-0.0959989	-0.639401	0.0137554	-0.204925	-0.317608	0.07892	-0.483727	-0.077106	0.161172	0.457448	-0.12172	0.277992	0.197387	-1.06888	0.196448	0.514565	-0.126431	0.246082	0.211311	-0.447961	0.286738	0.353592	-0.026447	0.272411	0.232555	-0.931379	0.206432	0.0119572	-1.33578	0.357397	0.137471	-0.579602	0.360549	0.316739	-0.332526	0.30326	0.312204	-0.0222854	0.205895
111	3.04798	0.0650048	-1.38967	0.170815	-0.0667451	-1.32492	0.166534	-0.315078	-0.0746964	0.105842	0.165712	-1.05996	0.0960432	-0.263496	-0.0322073	0.138275	-0.189574	-0.456567	0.0944056	-0.447472	-0.0532831	0.120964	0.201374	-0.922974	0.103945	0.000114803	-1.33512	-0.0112377	-0.122655	-0.63622	0.0152776	-0.221479	-0.320768	0.0800906	-0.491652	-0.0622567	0.163431	0.44846	-0.128084	0.28095	0.178735	-1.069	0.196269	0.50417	-0.137064	0.247961	0.191626	-0.446679	0.288457	0.353508	-0.0262214	0.272194	0.213955	-0.931428	0.205002	-0.00471245	-1.33527	0.355875	0.118501	-0.578496	0.360599	0.300814	-0.334977	0.304779	0.311671	-0.0222314	0.206404
112	3.05796	0.0477326	-1.39009	0.169112	-0.0844151	-1.32604	0.165137	-0.318136	-0.0739463	0.106178	0.148585	-1.06217	0.0967065	-0.26503	-0.0337259	0.137638	-0.210977	-0.463108	0.0957821	-0.451178	-0.0476291	0.120456	0.183632	-0.924926	0.103088	-0.0178276	-1.33541	-0.0128678	-0.133641	-0.64678	0.0134806	-0.239323	-0.325779	0.0800113	-0.496036	-0.052135	0.165165	0.437691	-0.134171	0.284166	0.161221	-1.06993	0.197046	0.491045	-0.148036	0.249342	0.169914	-0.444975	0.290586	0.353593	-0.0261669	0.271858	0.195966	-0.932161	0.204322	-0.021436	-1.33534	0.354432	0.0978804	-0.577312	0.36075	0.282862	-0.337376	0.306777	0.310704	-0.0222971	0.207708
113	3.06794	0.030454	-1.39108	0.167601	-0.101851	-1.32773	0.163817	-0.319019	-0.0742807	0.106372	0.132194	-1.06504	0.0982576	-0.266242	-0.0345406	0.137634	-0.23344	-0.469975	0.0974917	-0.4549	-0.0449789	0.118588	0.166545	-0.927607	0.103239	-0.0356635	-1.33625	-0.0143082	-0.148115	-0.656555	0.0123375	-0.256935	-0.330735	0.0803039	-0.499174	-0.0465656	0.164911	0.424393	-0.139632	0.287663	0.144454	-1.07159	0.198765	0.474649	-0.159139	0.250558	0.146157	-0.442701	0.292852	0.35349	-0.0262151	0.271331	0.178503	-0.933526	0.204679	-0.0382523	-1.33598	0.353128	0.0755936	-0.575903	0.361065	0.262764	-0.339435	0.309142	0.309535	-0.0225347	0.210363
114	3.07792	0.0132158	-1.3925	0.166331	-0.119011	-1.32974	0.162687	-0.31929	-0.0748747	0.106152	0.116308	-1.06788	0.100312	-0.267114	-0.0349984	0.137458	-0.254738	-0.475529	0.0989329	-0.458484	-0.0428968	0.115617	0.149906	-0.93028	0.104353	-0.053351	-1.33768	-0.0155009	-0.168659	-0.662854	0.0120639	-0.272829	-0.335099	0.080294	-0.501353	-0.0422518	0.163349	0.407425	-0.144547	0.291446	0.128119	-1.07355	0.20099	0.454972	-0.170353	0.25316	0.120657	-0.4399	0.294932	0.3517	-0.0265923	0.270434	0.161297	-0.935226	0.206007	-0.0552085	-1.33715	0.351962	0.0517242	-0.574201	0.36145	0.24056	-0.341006	0.311586	0.308432	-0.0224217	0.214769
115	3.0879	-0.00376977	-1.39423	0.165405	-0.135938	-1.33186	0.161707	-0.320414	-0.0751479	0.106042	0.100863	-1.07026	0.102309	-0.267804	-0.0353873	0.137293	-0.273112	-0.479029	0.0997092	-0.461887	-0.0405064	0.113358	0.133661	-0.932471	0.10596	-0.070794	-1.3395	-0.0164037	-0.189895	-0.6676	0.0116339	-0.286217	-0.338186	0.0794781	-0.503172	-0.0380622	0.162866	0.386574	-0.149784	0.295425	0.11201	-1.07545	0.203079	0.432909	-0.181472	0.258585	0.0936686	-0.436703	0.296908	0.345841	-0.0279899	0.268695	0.144535	-0.936946	0.207747	-0.0723328	-1.33881	0.350987	0.0265929	-0.572145	0.36183	0.216291	-0.34191	0.313868	0.306176	-0.0218864	0.219508
116	3.09789	-0.0204239	-1.39622	0.164805	-0.152692	-1.33387	0.16092	-0.322202	-0.0751849	0.106416	0.0857414	-1.07206	0.103697	-0.268321	-0.0357094	0.137351	-0.288186	-0.480488	0.0992724	-0.464449	-0.0384769	0.11235	0.117892	-0.934097	0.107379	-0.0880001	-1.34167	-0.0170562	-0.20823	-0.671226	0.0102281	-0.296964	-0.33936	0.0787287	-0.50457	-0.0345472	0.163519	0.363456	-0.156241	0.298937	0.0962115	-1.0771	0.204457	0.410084	-0.192077	0.265855	0.0653745	-0.433234	0.298827	0.3341	-0.0309346	0.266366	0.12802	-0.938416	0.209198	-0.0896048	-1.34086	0.350187	0.00066399	-0.569547	0.36207	0.189837	-0.341891	0.316167	0.299404	-0.0222028	0.223235
117	3.10787	-0.0368308	-1.39863	0.164349	-0.169334	-1.33577	0.160319	-0.32316	-0.0750834	0.107007	0.0708517	-1.07339	0.104106	-0.268476	-0.0358213	0.137584	-0.300764	-0.480503	0.0980855	-0.466069	-0.0370616	0.112188	0.102505	-0.935322	0.108093	-0.104977	-1.34416	-0.0175899	-0.223218	-0.672684	0.00808635	-0.305826	-0.338992	0.0787248	-0.50522	-0.0323558	0.164855	0.340597	-0.16414	0.301558	0.0807621	-1.07849	0.204878	0.387321	-0.201976	0.27141	0.0359608	-0.429777	0.300391	0.316804	-0.0363784	0.266114	0.111831	-0.939616	0.209921	-0.106939	-1.34324	0.349466	-0.0256061	-0.56632	0.362075	0.161318	-0.340989	0.318707	0.285134	-0.0257433	0.226041
118	3.11785	-0.0530993	-1.40158	0.163892	-0.185847	-1.3377	0.159894	-0.323337	-0.0749191	0.107241	0.0560259	-1.07459	0.103587	-0.268394	-0.0358323	0.137793	-0.311597	-0.479844	0.0967813	-0.466957	-0.0360598	0.11205	0.0871728	-0.936418	0.107761	-0.121763	-1.34687	-0.0180449	-0.235445	-0.671916	0.00611745	-0.313383	-0.338351	0.0788987	-0.505357	-0.0312859	0.165645	0.318619	-0.173111	0.303414	0.0655897	-1.07972	0.204394	0.364588	-0.210898	0.272802	0.00568438	-0.426931	0.301529	0.295512	-0.0436959	0.269094	0.0961538	-0.940753	0.209703	-0.124092	-1.34588	0.348753	-0.053036	-0.564567	0.362005	0.13109	-0.339858	0.321376	0.264254	-0.0320144	0.228374
119	3.12783	-0.0691549	-1.40499	0.163392	-0.202138	-1.33968	0.159626	-0.323324	-0.0748002	0.107172	0.0411854	-1.07607	0.102457	-0.268247	-0.0358123	0.137864	-0.321078	-0.479228	0.0955245	-0.467474	-0.0353011	0.1117	0.0720872	-0.937873	0.106524	-0.138353	-1.3498	-0.0184361	-0.245517	-0.670276	0.00492367	-0.319585	-0.338034	0.0788418	-0.505276	-0.0309175	0.165687	0.295654	-0.181685	0.304532	0.0505482	-1.08108	0.203334	0.340444	-0.218576	0.27174	-0.0250814	-0.425333	0.302619	0.271613	-0.0508653	0.273581	0.0810106	-0.942108	0.208503	-0.140822	-1.34877	0.34803	-0.0851145	-0.569815	0.361784	0.0999649	-0.339486	0.323765	0.239823	-0.0381809	0.232581
120	3.13781	-0.0847375	-1.40857	0.162946	-0.218127	-1.34182	0.159497	-0.323365	-0.0747511	0.107001	0.0263969	-1.07823	0.101115	-0.267973	-0.0357068	0.137743	-0.329416	-0.479009	0.0944617	-0.467707	-0.034808	0.111436	0.0573503	-0.940017	0.104843	-0.154723	-1.35291	-0.0187767	-0.25459	-0.669317	0.00407441	-0.324396	-0.338132	0.0783652	-0.505029	-0.0309658	0.165589	0.270316	-0.188906	0.304876	0.0355325	-1.08289	0.202059	0.314253	-0.224823	0.269743	-0.0559568	-0.425147	0.303891	0.245724	-0.0571765	0.278145	0.0661621	-0.943948	0.206818	-0.156999	-1.35188	0.347218	-0.121796	-0.58321	0.361426	0.0688309	-0.340363	0.325447	0.21331	-0.0433204	0.23842
121	3.14779	-0.0998602	-1.41218	0.162566	-0.233754	-1.34428	0.159359	-0.323255	-0.07471	0.106754	0.0116794	-1.08116	0.0998864	-0.267635	-0.0355931	0.137685	-0.336771	-0.47926	0.0936227	-0.467678	-0.0345769	0.111392	0.0428704	-0.942988	0.103165	-0.170776	-1.35613	-0.0190376	-0.263825	-0.669767	0.00310258	-0.327946	-0.338339	0.0776086	-0.504612	-0.0312529	0.165559	0.242816	-0.194747	0.304599	0.020545	-1.08542	0.200896	0.28659	-0.229536	0.267399	-0.0866242	-0.426178	0.305281	0.217387	-0.0625563	0.282361	0.0514477	-0.946524	0.205178	-0.172471	-1.35513	0.346485	-0.147151	-0.58456	0.361691	0.0381435	-0.342223	0.326502	0.184464	-0.0477188	0.243737
122	3.15778	-0.114754	-1.41584	0.162222	-0.24895	-1.34724	0.159328	-0.322904	-0.0746734	0.106597	-0.00297673	-1.08486	0.0989719	-0.26728	-0.0354729	0.137732	-0.34313	-0.479538	0.092756	-0.467456	-0.0345396	0.111426	0.028567	-0.946783	0.101847	-0.186296	-1.35949	-0.0192087	-0.273849	-0.671559	0.00181616	-0.330581	-0.338379	0.0767148	-0.504109	-0.0316969	0.165475	0.213677	-0.199345	0.304027	0.00561725	-1.08882	0.200047	0.258033	-0.232404	0.265276	-0.116888	-0.428261	0.306636	0.185925	-0.0669648	0.28606	0.0367816	-0.949934	0.203955	-0.187156	-1.3585	0.346068	-0.162605	-0.57455	0.362731	0.00796483	-0.344662	0.327131	0.15268	-0.051602	0.247728
123	3.16776	-0.129511	-1.41955	0.161963	-0.263738	-1.35085	0.159261	-0.322467	-0.0745599	0.106215	-0.0175158	-1.08925	0.0985422	-0.266932	-0.0353458	0.137774	-0.348356	-0.479451	0.0916085	-0.467123	-0.0345573	0.111371	0.0143815	-0.951234	0.101178	-0.201235	-1.36302	-0.0193107	-0.284221	-0.673887	0.000599897	-0.332716	-0.338281	0.0756945	-0.503532	-0.032322	0.165241	0.18329	-0.202408	0.303455	-0.00928997	-1.09298	0.199668	0.228644	-0.233361	0.263596	-0.146557	-0.431304	0.307793	0.15158	-0.070305	0.289259	0.0221828	-0.954096	0.203403	-0.201169	-1.36196	0.346017	-0.186443	-0.578112	0.363331	-0.0218228	-0.347559	0.327427	0.117923	-0.054873	0.250717
124	3.17774	-0.14414	-1.42339	0.161813	-0.278182	-1.35493	0.159129	-0.322103	-0.0744467	0.105411	-0.0318432	-1.09399	0.0986205	-0.266587	-0.0352385	0.137735	-0.352546	-0.47916	0.090082	-0.466717	-0.0345811	0.111155	0.00026736	-0.955982	0.101245	-0.215636	-1.36665	-0.0194116	-0.294161	-0.676098	-0.000430077	-0.334639	-0.338169	0.0744807	-0.50294	-0.0331994	0.164756	0.151836	-0.203754	0.302919	-0.0241538	-1.09757	0.199834	0.198421	-0.232432	0.262135	-0.175484	-0.435147	0.308642	0.115103	-0.0725119	0.291978	0.00765168	-0.958771	0.203378	-0.214973	-1.36548	0.346088	-0.219227	-0.5966	0.36341	-0.0512979	-0.350917	0.327365	0.0807288	-0.0574323	0.253175
125	3.18772	-0.158602	-1.42726	0.16178	-0.292387	-1.35925	0.15893	-0.321715	-0.0743901	0.10451	-0.0459525	-1.09873	0.0990809	-0.266259	-0.0351086	0.137604	-0.356065	-0.479002	0.0882563	-0.466218	-0.0346263	0.110825	-0.0137647	-0.9607	0.101952	-0.229454	-1.37042	-0.0195464	-0.303073	-0.678164	-0.00161239	-0.336484	-0.338187	0.0730234	-0.502405	-0.0343413	0.164045	0.119273	-0.203304	0.302238	-0.0389999	-1.10225	0.200377	0.167257	-0.229509	0.260885	-0.203917	-0.439497	0.309267	0.0769552	-0.0736848	0.293987	-0.00701894	-0.963544	0.203885	-0.228785	-1.36897	0.346115	-0.246628	-0.608258	0.363871	-0.0805103	-0.354734	0.32702	0.0417191	-0.0593038	0.255192
126	3.1977	-0.172772	-1.43095	0.16189	-0.306408	-1.3636	0.158583	-0.32117	-0.0743373	0.103665	-0.0598987	-1.10326	0.0997342	-0.265911	-0.0349449	0.137396	-0.359185	-0.479038	0.0863909	-0.465653	-0.0347398	0.110495	-0.0275345	-0.965292	0.102999	-0.242726	-1.37432	-0.0197429	-0.310548	-0.680436	-0.00294814	-0.338035	-0.338343	0.0713803	-0.501801	-0.0354496	0.163195	0.0856025	-0.201235	0.301433	-0.0538618	-1.10689	0.201068	0.135093	-0.224934	0.259746	-0.232081	-0.444166	0.309744	0.0373774	-0.0739607	0.295402	-0.0216867	-0.968193	0.205019	-0.242735	-1.37244	0.346023	-0.269274	-0.613619	0.364189	-0.109667	-0.358669	0.326411	0.00126639	-0.0604816	0.256799
127	3.20768	-0.186917	-1.43456	0.162005	-0.32032	-1.36784	0.158055	-0.320456	-0.0742966	0.103048	-0.073808	-1.10755	0.100421	-0.265504	-0.0347383	0.137156	-0.362012	-0.47912	0.0846319	-0.464998	-0.0349829	0.110166	-0.0411479	-0.969651	0.104181	-0.255513	-1.37824	-0.0199862	-0.317908	-0.68181	-0.0040989	-0.339295	-0.338486	0.0696551	-0.501058	-0.0366265	0.162201	0.0511367	-0.197938	0.300705	-0.0687146	-1.11137	0.201778	0.101928	-0.218863	0.258789	-0.260256	-0.448996	0.309725	-0.00342466	-0.0734202	0.296386	-0.0364056	-0.972752	0.206362	-0.256696	-1.37594	0.345963	-0.291247	-0.61834	0.363981	-0.138975	-0.362331	0.32559	-0.0404619	-0.0611621	0.257848
128	3.21767	-0.201089	-1.43811	0.162094	-0.334185	-1.37187	0.157475	-0.319741	-0.074175	0.102578	-0.0876645	-1.11154	0.101063	-0.265059	-0.0344964	0.136871	-0.364621	-0.479126	0.0829977	-0.464274	-0.0353265	0.10985	-0.0547144	-0.973757	0.105412	-0.268	-1.38197	-0.0201489	-0.329679	-0.677689	-0.00417439	-0.340402	-0.338603	0.0679291	-0.500259	-0.0378153	0.161198	0.0157359	-0.193526	0.299912	-0.0835731	-1.11563	0.202442	0.0678397	-0.211456	0.25797	-0.287923	-0.454069	0.309507	-0.0454148	-0.072093	0.297084	-0.0510503	-0.977123	0.207604	-0.27073	-1.37942	0.345829	-0.3143	-0.625006	0.364663	-0.168481	-0.365272	0.324607	-0.0832748	-0.0615508	0.258464
129	3.22765	-0.215206	-1.44147	0.162164	-0.348082	-1.37563	0.156849	-0.31918	-0.0740522	0.101889	-0.101482	-1.11528	0.101616	-0.264648	-0.0342689	0.136555	-0.367109	-0.479045	0.0814934	-0.463491	-0.0356976	0.109589	-0.0682473	-0.97761	0.106642	-0.28032	-1.38541	-0.0202334	-0.347884	-0.665706	-0.00283321	-0.341475	-0.338641	0.0663391	-0.499444	-0.0388537	0.160375	-0.0206532	-0.188098	0.299052	-0.098405	-1.11962	0.203019	0.0327185	-0.202888	0.257144	-0.31488	-0.459231	0.309121	-0.0882747	-0.0701502	0.297455	-0.0655268	-0.981203	0.208912	-0.284991	-1.38275	0.345595	-0.337167	-0.631256	0.365229	-0.19814	-0.367243	0.323503	-0.126884	-0.0616263	0.258824
130	3.23763	-0.229259	-1.44452	0.162249	-0.361984	-1.37907	0.156179	-0.318753	-0.0739017	0.101134	-0.11525	-1.11873	0.102114	-0.264315	-0.034171	0.136217	-0.369549	-0.478917	0.0801789	-0.462753	-0.0360404	0.109409	-0.0817465	-0.981135	0.107818	-0.2926	-1.38862	-0.0203019	-0.358873	-0.660777	-0.00291958	-0.342644	-0.338633	0.0649132	-0.498672	-0.0397404	0.159748	-0.057914	-0.181728	0.298111	-0.113178	-1.12331	0.203522	-0.00351739	-0.193425	0.256198	-0.341281	-0.464346	0.308461	-0.131759	-0.067705	0.297534	-0.0800068	-0.984979	0.210087	-0.299444	-1.38584	0.34529	-0.357523	-0.630668	0.365586	-0.227861	-0.368309	0.322423	-0.171057	-0.0613034	0.259112
131	3.24761	-0.243475	-1.44722	0.162317	-0.375917	-1.38205	0.155521	-0.318315	-0.0737769	0.100549	-0.128991	-1.1218	0.102559	-0.264065	-0.0342265	0.135864	-0.372012	-0.478768	0.0789573	-0.462116	-0.0363463	0.109256	-0.0951989	-0.984291	0.108967	-0.304951	-1.39155	-0.0203535	-0.364826	-0.661562	-0.00392416	-0.343947	-0.338646	0.0637644	-0.4981	-0.0405599	0.15919	-0.0960448	-0.174555	0.297073	-0.127871	-1.12664	0.20397	-0.0409398	-0.183349	0.255034	-0.367283	-0.469292	0.307589	-0.175948	-0.0650938	0.297673	-0.0944554	-0.988459	0.211195	-0.314004	-1.38861	0.344967	-0.374957	-0.620181	0.365695	-0.257625	-0.368613	0.321379	-0.215737	-0.0608175	0.259433
132	3.25759	-0.257688	-1.4496	0.16236	-0.389851	-1.38464	0.154942	-0.31791	-0.073715	0.100097	-0.142653	-1.12447	0.102998	-0.263718	-0.0341659	0.135628	-0.374659	-0.478542	0.0779075	-0.46155	-0.0366278	0.10913	-0.108596	-0.987035	0.110163	-0.317477	-1.39412	-0.0203955	-0.370842	-0.663598	-0.00501833	-0.345277	-0.338674	0.0628579	-0.49764	-0.0412703	0.158655	-0.135102	-0.166841	0.295883	-0.142518	-1.12962	0.204379	-0.0794481	-0.17252	0.253778	-0.392834	-0.474035	0.306607	-0.22081	-0.0623865	0.297524	-0.108779	-0.991519	0.212445	-0.328609	-1.39101	0.34468	-0.395685	-0.618782	0.36533	-0.287401	-0.368322	0.320367	-0.261027	-0.0604433	0.259679
133	3.26757	-0.271874	-1.45163	0.162419	-0.403827	-1.38678	0.154362	-0.317552	-0.073648	0.0997808	-0.156197	-1.12667	0.103437	-0.263382	-0.0340105	0.135557	-0.377543	-0.478235	0.077036	-0.46104	-0.0368621	0.109048	-0.121924	-0.989328	0.111397	-0.330198	-1.39621	-0.0204624	-0.377514	-0.662169	-0.00543899	-0.346474	-0.338709	0.0621765	-0.497236	-0.0418529	0.158214	-0.175014	-0.158755	0.294467	-0.157056	-1.13219	0.20481	-0.118914	-0.16111	0.252421	-0.417896	-0.478505	0.305506	-0.266369	-0.0597635	0.2971	-0.123095	-0.994134	0.213682	-0.343194	-1.39299	0.3444	-0.418403	-0.623756	0.364683	-0.317349	-0.367393	0.319316	-0.306949	-0.0602946	0.259689
134	3.27756	-0.286194	-1.45324	0.162473	-0.417874	-1.38841	0.153813	-0.317252	-0.0735792	0.0995966	-0.169647	-1.12837	0.103907	-0.263115	-0.0338674	0.135603	-0.380666	-0.477882	0.0762854	-0.460583	-0.0370251	0.109026	-0.13519	-0.991174	0.112634	-0.343161	-1.39781	-0.0205514	-0.381589	-0.650276	-0.00425395	-0.347565	-0.338826	0.0616262	-0.496849	-0.0423637	0.157857	-0.215611	-0.150447	0.293099	-0.171486	-1.13425	0.205297	-0.15936	-0.149361	0.250974	-0.44232	-0.482623	0.304297	-0.312672	-0.057342	0.296514	-0.137408	-0.996273	0.214911	-0.357835	-1.39456	0.344103	-0.440796	-0.628869	0.363754	-0.347325	-0.365978	0.31825	-0.353255	-0.0604884	0.259316
135	3.28754	-0.300591	-1.45439	0.162491	-0.431994	-1.38951	0.153321	-0.316999	-0.0735393	0.0995604	-0.183012	-1.1296	0.104504	-0.262931	-0.0338094	0.135658	-0.384152	-0.477469	0.0755735	-0.460181	-0.0371589	0.108957	-0.148363	-0.992532	0.113902	-0.356349	-1.39889	-0.0206848	-0.382213	-0.634845	-0.0030686	-0.348777	-0.338957	0.0612309	-0.49654	-0.0426624	0.157648	-0.256828	-0.141972	0.291964	-0.185858	-1.13577	0.205861	-0.200995	-0.137443	0.249436	-0.466115	-0.486312	0.302929	-0.359557	-0.0551381	0.295516	-0.151686	-0.997875	0.216198	-0.37248	-1.39571	0.343848	-0.462337	-0.632261	0.362603	-0.377266	-0.36414	0.317198	-0.399816	-0.0610258	0.258624
136	3.29752	-0.314955	-1.45503	0.162478	-0.446133	-1.39016	0.15285	-0.316891	-0.0735314	0.0996591	-0.196304	-1.13031	0.105262	-0.262793	-0.0339235	0.13559	-0.38823	-0.476883	0.0751045	-0.459944	-0.0373054	0.108661	-0.161584	-0.993315	0.115315	-0.36978	-1.39944	-0.0208589	-0.389765	-0.65553	-0.00694184	-0.350423	-0.33894	0.0610492	-0.496432	-0.0426467	0.157628	-0.299191	-0.13335	0.290883	-0.200201	-1.13672	0.206525	-0.243578	-0.125415	0.248348	-0.489344	-0.489451	0.30146	-0.406917	-0.0533149	0.294091	-0.165991	-0.998878	0.217605	-0.387021	-1.39634	0.343589	-0.483566	-0.636159	0.361089	-0.407196	-0.361992	0.316099	-0.446672	-0.0617842	0.25732
137	3.3075	-0.32941	-1.45521	0.162427	-0.460336	-1.39035	0.152471	-0.317046	-0.0735375	0.0998977	-0.209564	-1.13053	0.106215	-0.262682	-0.0340185	0.135676	-0.392698	-0.476138	0.0748599	-0.460017	-0.0371969	0.108393	-0.174852	-0.993524	0.116881	-0.383435	-1.39951	-0.021033	-0.395347	-0.67416	-0.00971146	-0.352906	-0.338747	0.0609972	-0.496685	-0.0422248	0.157822	-0.342384	-0.124825	0.289801	-0.214506	-1.13709	0.207383	-0.287082	-0.113643	0.247603	-0.512211	-0.491947	0.299869	-0.454647	-0.0519825	0.292408	-0.180372	-0.999276	0.219099	-0.401583	-1.39645	0.343303	-0.505223	-0.644854	0.358772	-0.437165	-0.359584	0.314989	-0.493623	-0.0629719	0.255235
138	3.31748	-0.343964	-1.45502	0.162301	-0.474606	-1.39007	0.152154	-0.317532	-0.0735211	0.100292	-0.222751	-1.13021	0.107356	-0.262662	-0.0341031	0.135924	-0.397759	-0.475232	0.0749123	-0.460454	-0.0367825	0.108232	-0.188158	-0.993215	0.118573	-0.397357	-1.39911	-0.0212017	-0.408921	-0.66599	-0.00860785	-0.356348	-0.338302	0.0610537	-0.497331	-0.0413081	0.15829	-0.386257	-0.116851	0.288865	-0.228794	-1.13692	0.208456	-0.331468	-0.102277	0.2472	-0.534582	-0.493802	0.298085	-0.502735	-0.051163	0.290265	-0.194818	-0.999077	0.220689	-0.416147	-1.39606	0.343045	-0.527061	-0.656616	0.355899	-0.467105	-0.356951	0.31371	-0.540477	-0.0648104	0.252447
139	3.32746	-0.358571	-1.45442	0.162098	-0.48892	-1.38928	0.151846	-0.318304	-0.0735	0.100835	-0.235848	-1.12934	0.108695	-0.262746	-0.0341999	0.136316	-0.403385	-0.474126	0.0753544	-0.461063	-0.0363171	0.107989	-0.201513	-0.99236	0.120393	-0.411525	-1.39823	-0.0213951	-0.420414	-0.65751	-0.00721183	-0.360883	-0.337609	0.0612109	-0.498154	-0.0397926	0.159219	-0.430762	-0.109315	0.288149	-0.243031	-1.13614	0.209752	-0.376416	-0.0915467	0.247262	-0.556461	-0.495046	0.296103	-0.550954	-0.0509576	0.28759	-0.209345	-0.998348	0.222331	-0.430753	-1.39518	0.342807	-0.545992	-0.655151	0.354328	-0.496902	-0.354161	0.312349	-0.587089	-0.0674302	0.249152
140	3.33744	-0.373112	-1.45325	0.161958	-0.503291	-1.38794	0.151596	-0.319242	-0.0735492	0.101453	-0.24886	-1.12793	0.11023	-0.262931	-0.034415	0.136744	-0.409468	-0.472735	0.0763794	-0.461732	-0.0359423	0.107688	-0.214951	-0.99089	0.122315	-0.425956	-1.39688	-0.0216078	-0.429342	-0.654439	-0.00605204	-0.366346	-0.336644	0.0616996	-0.498895	-0.0380029	0.160479	-0.475996	-0.102398	0.287466	-0.257197	-1.13473	0.211217	-0.421891	-0.081659	0.247704	-0.577847	-0.495684	0.293877	-0.599127	-0.0515764	0.284817	-0.223918	-0.996948	0.224095	-0.445372	-1.39382	0.342596	-0.566151	-0.665479	0.351278	-0.526406	-0.351332	0.310959	-0.63345	-0.0705558	0.245818
141	3.34743	-0.387705	-1.45163	0.161761	-0.517712	-1.38609	0.151392	-0.320207	-0.07366	0.102462	-0.261893	-1.12601	0.111916	-0.263171	-0.0347525	0.137233	-0.416272	-0.471072	0.077562	-0.462599	-0.0355732	0.107408	-0.22857	-0.98881	0.124257	-0.440638	-1.39506	-0.0218861	-0.43871	-0.653028	-0.00558654	-0.372414	-0.335368	0.0626308	-0.499621	-0.0360002	0.161929	-0.521483	-0.0963727	0.286949	-0.271331	-1.13272	0.212811	-0.467942	-0.0726456	0.248292	-0.598729	-0.495717	0.291461	-0.647145	-0.0525848	0.281841	-0.238523	-0.994814	0.225932	-0.460052	-1.39202	0.342374	-0.585054	-0.671306	0.348387	-0.555737	-0.348393	0.309533	-0.679469	-0.0740512	0.242587
142	3.35741	-0.402399	-1.44963	0.161526	-0.53224	-1.38375	0.151216	-0.321157	-0.073795	0.103741	-0.274984	-1.1236	0.113703	-0.263462	-0.0351771	0.137851	-0.423661	-0.469178	0.0788766	-0.463543	-0.0350325	0.107373	-0.242212	-0.986289	0.126088	-0.455501	-1.39277	-0.0221476	-0.448557	-0.652079	-0.00479797	-0.378742	-0.333808	0.0641412	-0.500462	-0.0338266	0.163417	-0.566867	-0.0914511	0.286655	-0.285446	-1.13012	0.214498	-0.514469	-0.0647013	0.24885	-0.619223	-0.495147	0.288861	-0.694873	-0.0543268	0.27871	-0.253153	-0.99201	0.227705	-0.4748	-1.3898	0.342178	-0.602644	-0.671042	0.34579	-0.584998	-0.345378	0.307975	-0.725081	-0.0777595	0.23933
143	3.36739	-0.417209	-1.44726	0.161342	-0.546872	-1.38093	0.151051	-0.322048	-0.0739816	0.10526	-0.28813	-1.12069	0.115496	-0.263781	-0.0356842	0.138673	-0.431392	-0.467091	0.080352	-0.464439	-0.0344202	0.107585	-0.255924	-0.983245	0.127709	-0.470572	-1.39007	-0.0223184	-0.456914	-0.655247	-0.00441854	-0.384992	-0.332147	0.0660895	-0.501501	-0.031608	0.164933	-0.612297	-0.0877419	0.286449	-0.299557	-1.12692	0.216188	-0.561115	-0.0580539	0.249439	-0.639281	-0.493949	0.286106	-0.742103	-0.0572289	0.275384	-0.26792	-0.988691	0.229242	-0.489604	-1.38716	0.342059	-0.620014	-0.668704	0.343297	-0.614173	-0.342407	0.306398	-0.770062	-0.0821508	0.235807
144	3.37737	-0.432033	-1.44451	0.1612	-0.561633	-1.37762	0.150968	-0.322871	-0.0742302	0.106938	-0.301378	-1.11729	0.117178	-0.264099	-0.0362669	0.139737	-0.439319	-0.464832	0.0819588	-0.465164	-0.0339272	0.108009	-0.269916	-0.979653	0.129149	-0.4858	-1.38699	-0.0224319	-0.464288	-0.661457	-0.00442795	-0.39112	-0.330516	0.0680604	-0.502611	-0.0296778	0.166026	-0.657808	-0.0852149	0.286139	-0.313659	-1.12321	0.217799	-0.607671	-0.0526842	0.250018	-0.658951	-0.492164	0.283254	-0.78845	-0.0615393	0.272263	-0.282745	-0.984746	0.230606	-0.504457	-1.38417	0.341973	-0.6373	-0.665967	0.340678	-0.643262	-0.339525	0.30479	-0.814402	-0.0875413	0.232217
145	3.38735	-0.446888	-1.44135	0.161127	-0.576504	-1.37395	0.150945	-0.323475	-0.0744997	0.108591	-0.31473	-1.11343	0.118661	-0.264363	-0.0369071	0.140938	-0.447327	-0.462439	0.0834914	-0.465708	-0.0336843	0.108408	-0.284067	-0.975612	0.130311	-0.50114	-1.38363	-0.0224716	-0.478106	-0.655986	-0.00279273	-0.397046	-0.328897	0.0698472	-0.503543	-0.0284046	0.166866	-0.702996	-0.0839788	0.28548	-0.327769	-1.11904	0.219256	-0.653863	-0.0484979	0.250653	-0.678302	-0.489883	0.280266	-0.833776	-0.0671	0.269329	-0.297641	-0.980275	0.231765	-0.519426	-1.3808	0.341914	-0.6543	-0.662717	0.338004	-0.672188	-0.336781	0.303094	-0.85799	-0.0938756	0.228504
146	3.39733	-0.461836	-1.43787	0.161076	-0.591404	-1.37005	0.150974	-0.323989	-0.0747497	0.1099	-0.328239	-1.1092	0.119987	-0.264595	-0.0375453	0.142061	-0.455436	-0.460014	0.0848463	-0.466102	-0.0335565	0.108663	-0.298497	-0.971128	0.131327	-0.51659	-1.37996	-0.0224157	-0.48649	-0.662359	-0.00330792	-0.402782	-0.32732	0.0712862	-0.504217	-0.0277326	0.167717	-0.747477	-0.0840921	0.284639	-0.341926	-1.11442	0.220589	-0.699407	-0.0456137	0.251234	-0.697367	-0.487172	0.277163	-0.878131	-0.0742048	0.266573	-0.312641	-0.97538	0.232693	-0.534515	-1.37711	0.341854	-0.670785	-0.658817	0.335338	-0.700838	-0.334308	0.301331	-0.900613	-0.10096	0.224793
147	3.40732	-0.476913	-1.43418	0.161045	-0.606369	-1.36594	0.151034	-0.324359	-0.0750162	0.110971	-0.342081	-1.1046	0.121208	-0.264833	-0.03816	0.142939	-0.463744	-0.457605	0.0858528	-0.466374	-0.0334233	0.108813	-0.313262	-0.966268	0.13216	-0.532073	-1.37595	-0.0223485	-0.49653	-0.665662	-0.00354953	-0.408459	-0.325866	0.0721246	-0.504759	-0.0273441	0.168244	-0.790508	-0.0854346	0.283911	-0.356203	-1.10942	0.221844	-0.743904	-0.0441077	0.251672	-0.716191	-0.484097	0.273971	-0.921004	-0.0823258	0.263987	-0.327785	-0.970179	0.233451	-0.549677	-1.37321	0.341839	-0.686779	-0.654202	0.332747	-0.729016	-0.332304	0.299522	-0.941714	-0.109133	0.221541
148	3.4173	-0.492124	-1.4304	0.161051	-0.62147	-1.36177	0.151182	-0.324804	-0.0752678	0.111679	-0.356365	-1.09977	0.122399	-0.265017	-0.0388499	0.143498	-0.472067	-0.455092	0.0864124	-0.466589	-0.0332701	0.108872	-0.328342	-0.961196	0.132826	-0.547642	-1.37165	-0.0222852	-0.509595	-0.6625	-0.00299033	-0.414223	-0.32442	0.0724736	-0.505198	-0.027026	0.168439	-0.831877	-0.0879389	0.283193	-0.370683	-1.10415	0.223028	-0.786991	-0.043974	0.251953	-0.734823	-0.480963	0.270786	-0.961819	-0.0912342	0.261907	-0.343118	-0.964789	0.234123	-0.564841	-1.3692	0.341943	-0.702451	-0.648983	0.330295	-0.756405	-0.330832	0.297632	-0.98116	-0.118056	0.218906
149	3.42728	-0.507412	-1.42656	0.161076	-0.636668	-1.35752	0.151411	-0.325216	-0.0755618	0.111934	-0.371113	-1.09482	0.123558	-0.265173	-0.0396936	0.143712	-0.480337	-0.452504	0.086467	-0.466825	-0.0329992	0.108818	-0.343628	-0.956114	0.133318	-0.563325	-1.36714	-0.0221558	-0.525656	-0.652501	-0.00160524	-0.420142	-0.322759	0.0725302	-0.505535	-0.0266656	0.168314	-0.871406	-0.09141	0.282166	-0.385472	-1.09884	0.224184	-0.828337	-0.0449826	0.251899	-0.753099	-0.477967	0.267908	-1.0006	-0.100696	0.260096	-0.358708	-0.959357	0.234723	-0.579992	-1.36512	0.342101	-0.718369	-0.643581	0.328253	-0.782803	-0.329799	0.29571	-1.01885	-0.127318	0.216542
150	3.43726	-0.522734	-1.4226	0.161069	-0.651989	-1.35323	0.151679	-0.325688	-0.0759624	0.111815	-0.386121	-1.08997	0.124626	-0.265353	-0.0407614	0.143638	-0.488574	-0.449919	0.0862535	-0.467063	-0.0326571	0.10867	-0.359285	-0.95114	0.133847	-0.579092	-1.36249	-0.0219192	-0.542593	-0.640031	6.15846e-05	-0.426166	-0.321129	0.0722147	-0.505726	-0.026402	0.168026	-0.908533	-0.0953153	0.280438	-0.400751	-1.09363	0.225296	-0.867519	-0.0466441	0.250874	-0.771113	-0.474867	0.265685	-1.03687	-0.110355	0.258725	-0.374569	-0.953982	0.235251	-0.59519	-1.36099	0.342298	-0.734614	-0.63828	0.326602	-0.807959	-0.32895	0.293851	-1.05448	-0.136704	0.214453
151	3.44724	-0.538054	-1.41859	0.16105	-0.667485	-1.34896	0.152022	-0.326298	-0.0765665	0.111548	-0.40162	-1.08526	0.125748	-0.265568	-0.0421759	0.143427	-0.496823	-0.447404	0.0858867	-0.467159	-0.0325302	0.108466	-0.375315	-0.946333	0.134476	-0.594907	-1.35789	-0.0217518	-0.551161	-0.646089	-0.00211897	-0.432161	-0.319672	0.0718557	-0.505866	-0.0261752	0.167819	-0.942653	-0.0989108	0.277975	-0.416525	-1.0886	0.226366	-0.903844	-0.048177	0.248102	-0.78898	-0.471778	0.26401	-1.07022	-0.119612	0.257703	-0.390802	-0.948769	0.235784	-0.610466	-1.35692	0.342545	-0.751161	-0.633362	0.325361	-0.831597	-0.327785	0.291973	-1.08751	-0.146122	0.212948
152	3.45722	-0.553446	-1.41463	0.161055	-0.683105	-1.34486	0.152466	-0.327036	-0.077469	0.111249	-0.417632	-1.08078	0.12686	-0.265804	-0.0440891	0.143217	-0.505164	-0.445028	0.0854902	-0.467098	-0.0326226	0.108164	-0.391722	-0.94174	0.135182	-0.610886	-1.35331	-0.0215408	-0.560609	-0.649573	-0.00385839	-0.438061	-0.318514	0.0716011	-0.505959	-0.0260161	0.167778	-0.973488	-0.101557	0.275082	-0.432686	-1.08378	0.227484	-0.937169	-0.049274	0.243848	-0.806717	-0.468661	0.26264	-1.10039	-0.127617	0.256927	-0.40736	-0.943887	0.236363	-0.625787	-1.35302	0.342836	-0.76821	-0.629044	0.324384	-0.853581	-0.325912	0.29008	-1.11764	-0.155083	0.212605
153	3.46721	-0.569042	-1.41088	0.161067	-0.698837	-1.34102	0.153031	-0.327978	-0.0788644	0.110932	-0.434004	-1.07666	0.127787	-0.266129	-0.0467264	0.143039	-0.51375	-0.442859	0.0851679	-0.466981	-0.032714	0.10782	-0.408376	-0.937518	0.135848	-0.627042	-1.34889	-0.0212305	-0.572386	-0.647467	-0.00452743	-0.443935	-0.317732	0.0713903	-0.505944	-0.0260417	0.167867	-1.001	-0.10277	0.271895	-0.449328	-1.07935	0.228483	-0.966953	-0.0495973	0.239015	-0.82455	-0.465581	0.261332	-1.12706	-0.1337	0.256796	-0.424202	-0.939426	0.237023	-0.641107	-1.3493	0.34321	-0.786125	-0.62545	0.323453	-0.873995	-0.323261	0.287963	-1.14474	-0.162394	0.213147
154	3.47719	-0.584769	-1.40732	0.161187	-0.714691	-1.33758	0.153679	-0.329205	-0.0807685	0.110586	-0.450957	-1.07286	0.128654	-0.266616	-0.0502011	0.143009	-0.522762	-0.440962	0.0848079	-0.46685	-0.0327555	0.107519	-0.425443	-0.933657	0.136543	-0.643393	-1.34472	-0.0208281	-0.584919	-0.644048	-0.00490837	-0.450003	-0.317364	0.0711065	-0.505906	-0.0260486	0.167956	-1.02481	-0.102552	0.268605	-0.4664	-1.07537	0.229314	-0.992562	-0.0488785	0.234569	-0.842861	-0.462896	0.259909	-1.15013	-0.137226	0.256902	-0.441372	-0.935401	0.237715	-0.656429	-1.3458	0.343675	-0.805025	-0.622747	0.322369	-0.893168	-0.320202	0.285595	-1.16874	-0.166633	0.213416
155	3.48717	-0.600576	-1.40397	0.161371	-0.730699	-1.33452	0.15439	-0.330459	-0.0832937	0.11026	-0.468447	-1.06936	0.129485	-0.267362	-0.0544718	0.143135	-0.53245	-0.439263	0.0844173	-0.466735	-0.0327829	0.107229	-0.442758	-0.930193	0.137228	-0.659899	-1.34083	-0.0203414	-0.597662	-0.641265	-0.00521347	-0.456589	-0.317427	0.0708211	-0.505903	-0.0260146	0.167985	-1.04477	-0.100904	0.265314	-0.483883	-1.07185	0.230076	-1.01358	-0.0469934	0.230718	-0.862011	-0.460805	0.258306	-1.16967	-0.137034	0.256539	-0.458949	-0.931865	0.238452	-0.671845	-1.34262	0.344234	-0.82471	-0.620883	0.321321	-0.911686	-0.317239	0.283014	-1.18968	-0.166729	0.2128
156	3.49715	-0.616554	-1.40091	0.161574	-0.746866	-1.3319	0.155223	-0.332082	-0.0865555	0.109903	-0.486222	-1.06625	0.130163	-0.268549	-0.0596721	0.143099	-0.543042	-0.437687	0.0840605	-0.466681	-0.0328022	0.106807	-0.460509	-0.927108	0.137997	-0.676564	-1.33729	-0.0197821	-0.61095	-0.638981	-0.00539116	-0.463912	-0.31784	0.0705856	-0.505956	-0.0259229	0.167889	-1.06105	-0.0977228	0.261971	-0.501764	-1.06879	0.230773	-1.02995	-0.043736	0.226883	-0.881688	-0.459097	0.256637	-1.18579	-0.133324	0.255366	-0.476925	-0.928818	0.239269	-0.687352	-1.33979	0.344819	-0.844527	-0.61977	0.320418	-0.930088	-0.314645	0.280432	-1.2075	-0.162944	0.211481
157	3.50713	-0.632697	-1.3982	0.161814	-0.763252	-1.32969	0.156119	-0.334237	-0.0905149	0.109138	-0.504383	-1.06343	0.130822	-0.270247	-0.0658315	0.142763	-0.554717	-0.436197	0.083596	-0.466604	-0.0327593	0.106227	-0.47879	-0.924277	0.13888	-0.69338	-1.33414	-0.0191393	-0.625025	-0.636798	-0.00532902	-0.472153	-0.31863	0.0702538	-0.506023	-0.025775	0.167637	-1.07402	-0.0927297	0.25849	-0.520116	-1.06615	0.231328	-1.04253	-0.038796	0.22283	-0.901357	-0.457413	0.255133	-1.19832	-0.127278	0.253093	-0.49541	-0.926105	0.240139	-0.702938	-1.33737	0.345544	-0.864268	-0.619062	0.319909	-0.948251	-0.312143	0.278131	-1.22187	-0.156258	0.209839
158	3.51711	-0.648852	-1.39566	0.162153	-0.779822	-1.32786	0.157112	-0.336977	-0.0952388	0.108014	-0.522867	-1.06088	0.131461	-0.272606	-0.0729872	0.142286	-0.567665	-0.434775	0.0827468	-0.466515	-0.0326154	0.105587	-0.497621	-0.921675	0.13991	-0.710387	-1.33145	-0.0183959	-0.639924	-0.634664	-0.00506681	-0.481359	-0.319802	0.0696759	-0.506151	-0.0256904	0.167375	-1.08388	-0.085878	0.254922	-0.538981	-1.06388	0.23186	-1.0516	-0.0327184	0.218859	-0.920698	-0.455468	0.253813	-1.20783	-0.119264	0.250267	-0.51447	-0.923726	0.24111	-0.718615	-1.33535	0.346407	-0.883946	-0.618291	0.319753	-0.965623	-0.309184	0.276077	-1.23307	-0.147829	0.207511
159	3.5271	-0.664921	-1.39312	0.162632	-0.796517	-1.32629	0.158159	-0.34038	-0.100724	0.10655	-0.541861	-1.05856	0.132379	-0.275776	-0.0813473	0.141871	-0.582047	-0.433211	0.0815304	-0.466412	-0.0324071	0.104996	-0.516988	-0.919312	0.14127	-0.727537	-1.32919	-0.0175711	-0.655614	-0.632598	-0.00479326	-0.491531	-0.321319	0.0687967	-0.50643	-0.0255369	0.166904	-1.09127	-0.0786836	0.251614	-0.558322	-1.06181	0.232769	-1.0573	-0.0284403	0.215884	-0.939319	-0.452913	0.252383	-1.2165	-0.10907	0.24738	-0.534099	-0.921637	0.242369	-0.734525	-1.33361	0.347277	-0.903555	-0.616949	0.319656	-0.981553	-0.305221	0.273852	-1.2435	-0.137005	0.203938
160	3.53708	-0.680911	-1.39073	0.163276	-0.813298	-1.32496	0.159223	-0.34459	-0.107011	0.104924	-0.561208	-1.05654	0.133789	-0.280133	-0.0911249	0.14145	-0.598051	-0.431436	0.079858	-0.466247	-0.0320777	0.104441	-0.536583	-0.917268	0.143172	-0.744796	-1.32729	-0.0166054	-0.672078	-0.63061	-0.00472742	-0.502908	-0.323306	0.0673373	-0.506944	-0.0252767	0.166101	-1.09909	-0.0747356	0.249178	-0.578117	-1.06	0.234117	-1.06163	-0.0290327	0.214361	-0.956566	-0.449843	0.250551	-1.22662	-0.0958179	0.244668	-0.554087	-0.919852	0.244106	-0.750654	-1.33213	0.348201	-0.922806	-0.615106	0.319495	-0.99555	-0.300437	0.270692	-1.2576	-0.121847	0.200059
161	3.54706	-0.697065	-1.38921	0.164085	-0.830282	-1.3242	0.160301	-0.350128	-0.114294	0.102807	-0.580317	-1.05484	0.135504	-0.286266	-0.102437	0.140649	-0.615791	-0.429478	0.0776475	-0.466208	-0.0318033	0.103931	-0.5558	-0.915576	0.145581	-0.761999	-1.32583	-0.0154775	-0.689428	-0.62882	-0.00486805	-0.515778	-0.325773	0.0654113	-0.507678	-0.025139	0.165113	-1.11081	-0.075814	0.248054	-0.597749	-1.05881	0.235632	-1.06696	-0.0331599	0.213988	-0.972433	-0.447815	0.248912	-1.23756	-0.0818958	0.242242	-0.573895	-0.918675	0.246419	-0.767057	-1.331	0.349203	-0.941116	-0.613589	0.31955	-1.00838	-0.297112	0.266733	-1.27512	-0.104449	0.198996
162	3.55704	-0.713736	-1.3888	0.165044	-0.847534	-1.3245	0.161364	-0.357616	-0.122761	0.099954	-0.598468	-1.05342	0.136779	-0.294806	-0.115482	0.139123	-0.635562	-0.427428	0.074886	-0.4663	-0.031624	0.103526	-0.574742	-0.914044	0.148198	-0.779004	-1.32498	-0.0143481	-0.70788	-0.627378	-0.00518556	-0.530716	-0.328638	0.0630815	-0.508675	-0.0250386	0.164165	-1.1219	-0.0759339	0.247935	-0.616292	-1.05839	0.236733	-1.07146	-0.0370658	0.214994	-0.989128	-0.449059	0.248123	-1.24631	-0.0703906	0.239648	-0.593118	-0.918272	0.248973	-0.783747	-1.33039	0.350266	-0.958153	-0.613189	0.320273	-1.02272	-0.29838	0.26448	-1.29102	-0.0877432	0.19629
163	3.56702	-0.730627	-1.38912	0.166037	-0.864823	-1.32579	0.162311	-0.367763	-0.132173	0.0962643	-0.615819	-1.05232	0.137162	-0.306497	-0.129958	0.136912	-0.657631	-0.42538	0.0717407	-0.466495	-0.031463	0.103217	-0.59317	-0.912959	0.150309	-0.795868	-1.32485	-0.0134283	-0.727538	-0.626285	-0.00564528	-0.548361	-0.331917	0.0601442	-0.510033	-0.0249069	0.163069	-1.12806	-0.0741875	0.248101	-0.633504	-1.05876	0.237085	-1.07412	-0.0397122	0.216357	-1.00926	-0.454219	0.247483	-1.25171	-0.0595056	0.235605	-0.611446	-0.918624	0.251102	-0.800705	-1.33036	0.351327	-0.975391	-0.614491	0.321607	-1.03963	-0.303557	0.264167	-1.30027	-0.0712821	0.191951
164	3.577	-0.747403	-1.38973	0.167039	-0.881876	-1.3276	0.163147	-0.38126	-0.141723	0.0918098	-0.632759	-1.05184	0.136678	-0.322034	-0.145213	0.134096	-0.682015	-0.423232	0.0683712	-0.46689	-0.0312534	0.10303	-0.611192	-0.912539	0.151582	-0.81269	-1.32547	-0.0126974	-0.748324	-0.625368	-0.00613026	-0.56896	-0.335374	0.0566638	-0.51175	-0.0247549	0.161287	-1.13117	-0.0727456	0.248145	-0.64988	-1.05977	0.236644	-1.07629	-0.0416832	0.21738	-1.03176	-0.460942	0.246477	-1.257	-0.0515868	0.23361	-0.628952	-0.919681	0.252337	-0.817784	-1.33093	0.352379	-0.994236	-0.617698	0.322172	-1.0572	-0.308951	0.265101	-1.30569	-0.05782	0.186987
165	3.58699	-0.764026	-1.39051	0.167987	-0.898663	-1.32949	0.163878	-0.398588	-0.15035	0.0866249	-0.649355	-1.05195	0.135482	-0.341513	-0.160444	0.130146	-0.708276	-0.420905	0.0647995	-0.468022	-0.0311413	0.103243	-0.62878	-0.912676	0.151987	-0.829505	-1.32673	-0.0120099	-0.769954	-0.624458	-0.00673757	-0.592224	-0.338472	0.0529366	-0.514075	-0.0242936	0.157646	-1.13405	-0.071977	0.24861	-0.66573	-1.06116	0.235473	-1.07866	-0.043196	0.217715	-1.05308	-0.466052	0.245659	-1.26431	-0.0482455	0.236903	-0.645696	-0.921107	0.252666	-0.835048	-1.33207	0.353238	-1.01458	-0.622677	0.321138	-1.07392	-0.312485	0.265913	-1.31141	-0.0492334	0.185456
166	3.59697	-0.780395	-1.39158	0.168835	-0.915269	-1.33111	0.164494	-0.419575	-0.157488	0.080951	-0.665541	-1.05237	0.133832	-0.363973	-0.175007	0.124193	-0.735772	-0.41847	0.0611224	-0.471657	-0.0315782	0.104336	-0.645663	-0.91314	0.151549	-0.846261	-1.32846	-0.0112736	-0.792045	-0.623537	-0.00744304	-0.617783	-0.340837	0.0490878	-0.517548	-0.0232634	0.152482	-1.13602	-0.0716302	0.249256	-0.681134	-1.0626	0.233808	-1.08014	-0.0440337	0.217592	-1.072	-0.4692	0.245543	-1.26957	-0.0461719	0.242496	-0.661667	-0.922649	0.252301	-0.852387	-1.33365	0.353817	-1.03544	-0.628982	0.320351	-1.08918	-0.31462	0.266658	-1.3162	-0.0433005	0.18904
167	3.60695	-0.796498	-1.3931	0.169513	-0.931767	-1.33246	0.164996	-0.443049	-0.163931	0.0753197	-0.68133	-1.05288	0.131965	-0.387944	-0.188193	0.115965	-0.763928	-0.416194	0.0575593	-0.480761	-0.0327326	0.105665	-0.661931	-0.913691	0.150593	-0.862896	-1.33058	-0.0106173	-0.814337	-0.622766	-0.00825175	-0.645319	-0.341962	0.0451191	-0.524098	-0.0223385	0.147269	-1.13646	-0.0713797	0.249473	-0.696102	-1.06389	0.232034	-1.08065	-0.0443433	0.217626	-1.08879	-0.471147	0.246187	-1.27259	-0.0441505	0.245836	-0.677185	-0.924031	0.251494	-0.869654	-1.3356	0.354178	-1.05557	-0.635146	0.321151	-1.1023	-0.31634	0.267776	-1.31865	-0.0387879	0.190671
168	3.61693	-0.81235	-1.39497	0.169977	-0.948127	-1.33366	0.165401	-0.467242	-0.170944	0.0704849	-0.69679	-1.05331	0.130419	-0.412364	-0.19923	0.107866	-0.79257	-0.414429	0.0544114	-0.497332	-0.0358395	0.105907	-0.677903	-0.914131	0.149732	-0.879396	-1.33293	-0.0100832	-0.836667	-0.622593	-0.0090682	-0.674494	-0.341598	0.040943	-0.536902	-0.0238742	0.14243	-1.13656	-0.0712954	0.249303	-0.710898	-1.06492	0.2306	-1.08087	-0.0445139	0.217723	-1.10374	-0.472346	0.24739	-1.27467	-0.0423041	0.246508	-0.692524	-0.925126	0.250692	-0.886695	-1.33783	0.354377	-1.07396	-0.639453	0.322692	-1.11258	-0.317563	0.26905	-1.31969	-0.0356282	0.189739
169	3.62691	-0.827999	-1.39735	0.170233	-0.964227	-1.33497	0.165686	-0.491791	-0.178735	0.0667273	-0.712029	-1.05374	0.129586	-0.436995	-0.208	0.102824	-0.821764	-0.413614	0.0515681	-0.519875	-0.0425125	0.104048	-0.693637	-0.914555	0.149417	-0.895601	-1.33543	-0.00959048	-0.858929	-0.623282	-0.00966149	-0.704913	-0.340294	0.0362377	-0.558122	-0.0301447	0.140091	-1.13658	-0.0713745	0.249216	-0.725706	-1.0658	0.229788	-1.08102	-0.0446608	0.217831	-1.11693	-0.472999	0.24867	-1.27622	-0.0407564	0.247303	-0.707807	-0.926015	0.250342	-0.903468	-1.34029	0.354385	-1.09008	-0.641039	0.324169	-1.12077	-0.318145	0.270217	-1.32032	-0.0339398	0.18933
170	3.63689	-0.843444	-1.40011	0.170376	-0.979997	-1.3366	0.165822	-0.517343	-0.186535	0.0634075	-0.727072	-1.05442	0.129581	-0.462687	-0.214946	0.100292	-0.8514	-0.414046	0.048859	-0.54656	-0.0503614	0.100027	-0.709125	-0.915269	0.149765	-0.911321	-1.33799	-0.00914123	-0.881168	-0.624787	-0.00994238	-0.735892	-0.339313	0.0313254	-0.585509	-0.0383716	0.13916	-1.13653	-0.0712875	0.249219	-0.740563	-1.06681	0.229784	-1.08105	-0.0447422	0.217917	-1.12841	-0.473263	0.249812	-1.27726	-0.0396577	0.248475	-0.723092	-0.927047	0.250679	-0.919876	-1.34297	0.354243	-1.10379	-0.640642	0.325698	-1.12789	-0.318246	0.27093	-1.32065	-0.0333002	0.189631
171	3.64687	-0.85853	-1.40313	0.170563	-0.995303	-1.33861	0.165843	-0.544699	-0.193101	0.060408	-0.741999	-1.05569	0.13034	-0.490169	-0.220345	0.0989204	-0.881288	-0.415751	0.0462678	-0.57557	-0.0565872	0.0954348	-0.724436	-0.916485	0.150735	-0.926377	-1.34057	-0.00875873	-0.903384	-0.627106	-0.00987522	-0.766979	-0.339579	0.0272361	-0.615168	-0.0443825	0.135514	-1.13624	-0.0711545	0.248961	-0.755443	-1.06827	0.230496	-1.08102	-0.044804	0.217803	-1.13852	-0.47328	0.250783	-1.27798	-0.0388512	0.249158	-0.738388	-0.928524	0.251631	-0.935679	-1.34586	0.354179	-1.11519	-0.639439	0.327396	-1.1341	-0.318089	0.270831	-1.32074	-0.0330322	0.18955
172	3.65686	-0.873171	-1.40622	0.170845	-1.01011	-1.3411	0.165779	-0.57379	-0.197771	0.0580696	-0.756874	-1.05768	0.131556	-0.51901	-0.223985	0.098328	-0.911184	-0.418446	0.0438952	-0.605727	-0.0608025	0.0904023	-0.739639	-0.918441	0.152025	-0.940569	-1.34332	-0.00855558	-0.925573	-0.630111	-0.00960213	-0.797967	-0.341093	0.0244755	-0.645806	-0.0477675	0.12862	-1.13572	-0.0712803	0.248405	-0.770377	-1.07033	0.231714	-1.08101	-0.0448969	0.217462	-1.14756	-0.473008	0.251595	-1.27849	-0.0381883	0.249524	-0.753621	-0.930533	0.252933	-0.951017	-1.34892	0.354113	-1.12511	-0.638221	0.329095	-1.13884	-0.317777	0.270273	-1.32079	-0.0328278	0.189348
173	3.66684	-0.887412	-1.40925	0.171189	-1.02445	-1.34404	0.165685	-0.603977	-0.200794	0.0561462	-0.771787	-1.06034	0.132993	-0.548724	-0.225737	0.0980887	-0.940977	-0.421782	0.0419203	-0.637475	-0.0638211	0.0847872	-0.754833	-0.921092	0.153345	-0.953971	-1.34622	-0.00844609	-0.947645	-0.63361	-0.00943927	-0.82882	-0.343541	0.0224653	-0.678047	-0.0499651	0.121554	-1.13543	-0.0714927	0.247852	-0.78526	-1.07295	0.233194	-1.08107	-0.0450525	0.217072	-1.15563	-0.472509	0.252324	-1.27889	-0.0376268	0.249878	-0.768732	-0.933088	0.254277	-0.965907	-1.35207	0.354077	-1.13453	-0.637347	0.330583	-1.14172	-0.317564	0.269998	-1.32089	-0.0326713	0.189249
174	3.67682	-0.901276	-1.41208	0.17158	-1.0384	-1.34735	0.165556	-0.635077	-0.202465	0.0543933	-0.786735	-1.06353	0.134421	-0.578972	-0.225484	0.0975263	-0.970369	-0.425669	0.0402151	-0.671632	-0.0662445	0.0792522	-0.769869	-0.924259	0.154447	-0.96676	-1.3492	-0.00840889	-0.969593	-0.637467	-0.00954674	-0.859388	-0.346462	0.0207093	-0.712457	-0.0516964	0.115967	-1.13538	-0.0716066	0.247458	-0.799939	-1.07599	0.234665	-1.08116	-0.0452774	0.216715	-1.16265	-0.471898	0.253215	-1.27925	-0.0372081	0.250204	-0.783631	-0.936034	0.25541	-0.980238	-1.35535	0.354233	-1.14386	-0.636776	0.331764	-1.14339	-0.317612	0.270259	-1.32106	-0.0325693	0.189246
175	3.6868	-0.914915	-1.41494	0.171955	-1.05204	-1.35102	0.165347	-0.66695	-0.202735	0.0527661	-0.801652	-1.067	0.135636	-0.609694	-0.223166	0.0963024	-0.999165	-0.429913	0.0387191	-0.708226	-0.0679772	0.0742554	-0.784742	-0.927712	0.155169	-0.979058	-1.35216	-0.0084304	-0.991486	-0.641572	-0.0100022	-0.889463	-0.349509	0.0191614	-0.74907	-0.0531546	0.111611	-1.13542	-0.0717125	0.247173	-0.814409	-1.0792	0.235883	-1.08129	-0.0455276	0.216366	-1.1688	-0.47137	0.25433	-1.27958	-0.0368499	0.250477	-0.798232	-0.939236	0.25621	-0.994073	-1.35875	0.354584	-1.15318	-0.636576	0.332795	-1.145	-0.317835	0.270812	-1.32127	-0.0324986	0.189278
176	3.69678	-0.928377	-1.41794	0.172377	-1.06541	-1.35492	0.165099	-0.699575	-0.201563	0.0511311	-0.816194	-1.07066	0.1363	-0.640932	-0.218966	0.0945849	-1.02732	-0.434423	0.0373891	-0.746898	-0.0689494	0.0697773	-0.799456	-0.931219	0.15547	-0.990974	-1.35508	-0.0084594	-1.01338	-0.645837	-0.0109509	-0.918933	-0.352609	0.0179983	-0.787736	-0.054382	0.107999	-1.13537	-0.0717654	0.246958	-0.828656	-1.08251	0.236637	-1.08146	-0.0457854	0.215978	-1.17441	-0.471089	0.255555	-1.27987	-0.0365173	0.250726	-0.812521	-0.942549	0.256567	-1.0077	-1.36226	0.35494	-1.16228	-0.636729	0.333825	-1.14732	-0.318138	0.271601	-1.32149	-0.0324266	0.189339
