PathFileType	4	(X/Y/Z)	/tmp/tmpm4ii6j8r/P30/MarkerData/DB1_P30_C4_T01_relabeled_segment_0.trc
DataRate	CameraRate	NumFrames	NumMarkers	Units	OrigDataRate	OrigDataStartFrame	OrigNumFrames
100.562	100.562	179	52	m	100.562	0	179
Frame#	Time	C7			CLAV			LANK			LASI			LELB			LFIN			LFRM			LHEE			LKNE			LMT5			LPSI			LSHO			LTHI			LTIB			LTOE			LUPA			LWRA			LWRB			L_FM1			L_FME			L_HM5			L_HME			L_SAE			L_SRS			L_TAM			L_TTC			RANK			RASI			RELB			RFIN			RFRM			RHEE			RKNE			RMT5			RPSI			RSHO			RTHI			RTIB			RTOE			RUPA			RWRA			RWRB			R_FM1			R_FME			R_HM5			R_HME			R_SAE			R_SRS			R_TAM			R_TTC			STRN			T10		
		X1	Y1	Z1	X2	Y2	Z2	X3	Y3	Z3	X4	Y4	Z4	X5	Y5	Z5	X6	Y6	Z6	X7	Y7	Z7	X8	Y8	Z8	X9	Y9	Z9	X10	Y10	Z10	X11	Y11	Z11	X12	Y12	Z12	X13	Y13	Z13	X14	Y14	Z14	X15	Y15	Z15	X16	Y16	Z16	X17	Y17	Z17	X18	Y18	Z18	X19	Y19	Z19	X20	Y20	Z20	X21	Y21	Z21	X22	Y22	Z22	X23	Y23	Z23	X24	Y24	Z24	X25	Y25	Z25	X26	Y26	Z26	X27	Y27	Z27	X28	Y28	Z28	X29	Y29	Z29	X30	Y30	Z30	X31	Y31	Z31	X32	Y32	Z32	X33	Y33	Z33	X34	Y34	Z34	X35	Y35	Z35	X36	Y36	Z36	X37	Y37	Z37	X38	Y38	Z38	X39	Y39	Z39	X40	Y40	Z40	X41	Y41	Z41	X42	Y42	Z42	X43	Y43	Z43	X44	Y44	Z44	X45	Y45	Z45	X46	Y46	Z46	X47	Y47	Z47	X48	Y48	Z48	X49	Y49	Z49	X50	Y50	Z50	X51	Y51	Z51	X52	Y52	Z52

1	0	0.279231	1.52389	1.31808	0.278665	1.23715	1.1493	0.173083	0.0766987	0.925693	0.180913	0.978605	1.1568	-0.0003933	1.14578	1.38481	0.0291988	0.776574	1.31142	0.0340281	1.12783	1.42871	0.234206	0.0167957	0.955995	0.134258	0.510949	1.04064	0.154397	0.0596592	0.797867	0.216711	0.998657	1.36201	0.186096	1.32633	1.40441	0.0920796	0.872874	1.209	0.128474	0.437425	1.03546	0.199922	0.100699	0.760635	0.0948737	1.47117	1.30504	0.0272864	0.867088	1.3196	-0.014225	0.87724	1.38675	0.26487	0.0894446	0.76214	0.270555	0.486029	1.05076	-0.0156518	0.792995	1.40342	0.0880008	1.13976	1.40676	0.0760943	1.46574	1.25684	0.20154	1.45247	1.37552	0.269395	0.108208	0.909176	0.198369	0.445561	0.970133	0.334495	0.0830579	1.58389	0.42135	0.97999	1.20409	0.572626	1.11374	1.19866	0.514231	0.845756	0.933029	0.546408	1.07167	1.23592	0.272429	0.0534453	1.63048	0.402849	0.476499	1.37595	0.379786	0.0161255	1.48275	0.301761	1.00412	1.37333	0.371028	1.29733	1.40711	0.46872	0.896157	1.29545	0.402656	0.426415	1.41864	0.330517	0.0339948	1.41603	0.450583	1.44982	1.31128	0.522765	0.912499	0.99099	0.576416	0.888719	1.04247	0.263734	0.0202869	1.41949	0.261406	0.476362	1.38471	0.571814	0.81104	1.01292	0.495857	1.07928	1.23163	0.479783	1.44399	1.2517	0.375023	1.42994	1.3749	0.241174	0.101621	1.53465	0.348203	0.396186	1.35597	0.273891	1.43188	1.19112	0.267378	1.26756	1.38997
2	0.00994413	0.278104	1.52234	1.30525	0.278286	1.23593	1.13572	0.174116	0.0755696	0.913762	0.181053	0.977456	1.14273	-0.000315626	1.14442	1.37403	0.0284778	0.774516	1.30497	0.0343577	1.12693	1.41774	0.234914	0.0161384	0.945188	0.13509	0.510063	1.02602	0.156474	0.057243	0.786215	0.215979	0.997303	1.34816	0.185493	1.32449	1.39142	0.091817	0.872045	1.19414	0.12925	0.436513	1.02115	0.202129	0.0979059	0.748807	0.0938517	1.46919	1.29218	0.0267741	0.865066	1.31212	-0.0143038	0.876022	1.37949	0.267119	0.0867955	0.750957	0.2713	0.484984	1.03735	-0.015604	0.79194	1.39719	0.0881319	1.13857	1.3955	0.074999	1.46371	1.24405	0.200519	1.45068	1.36262	0.270632	0.10699	0.897572	0.199672	0.444341	0.956232	0.33503	0.0865078	1.58266	0.421594	0.9784	1.19113	0.571935	1.11266	1.18528	0.512745	0.846531	0.917951	0.545755	1.07042	1.22243	0.272879	0.0580365	1.62971	0.402713	0.476131	1.36663	0.379663	0.0160008	1.48279	0.301057	1.00265	1.35966	0.369996	1.29569	1.39411	0.468202	0.894662	1.2831	0.402491	0.426735	1.41015	0.330723	0.0339728	1.41572	0.449535	1.4484	1.29854	0.521421	0.912767	0.976405	0.575221	0.888574	1.02756	0.263891	0.020044	1.41925	0.261159	0.4758	1.37432	0.570512	0.811138	0.997382	0.495171	1.078	1.21812	0.478806	1.44266	1.23892	0.374008	1.42863	1.36219	0.241803	0.104112	1.53279	0.348203	0.395131	1.34789	0.272928	1.43039	1.17804	0.266536	1.26589	1.3768
3	0.0198883	0.27692	1.52106	1.29227	0.277785	1.23502	1.12191	0.174935	0.0742923	0.904178	0.181019	0.976583	1.12855	-0.000275199	1.1432	1.36279	0.0278437	0.772668	1.29798	0.0346391	1.12615	1.40629	0.235342	0.0155215	0.937087	0.136021	0.509557	1.01113	0.158261	0.0538908	0.777137	0.215304	0.996299	1.3341	0.184865	1.32289	1.37827	0.0914356	0.871549	1.1792	0.130085	0.435986	1.00688	0.204134	0.0938278	0.739264	0.0927636	1.46747	1.27921	0.0263361	0.863237	1.30417	-0.0144117	0.874969	1.37157	0.26917	0.0827851	0.742145	0.272122	0.484381	1.02364	-0.0155696	0.791066	1.39034	0.088233	1.13751	1.38382	0.073849	1.46197	1.23116	0.19946	1.44911	1.34959	0.271704	0.105413	0.888121	0.201049	0.443147	0.9424	0.335659	0.090403	1.58114	0.421693	0.976962	1.17779	0.571123	1.11176	1.17214	0.511223	0.847162	0.903444	0.544962	1.06939	1.20923	0.273334	0.0632139	1.62857	0.402607	0.475892	1.35671	0.379474	0.0158209	1.48289	0.300442	1.00148	1.34573	0.368914	1.29425	1.38086	0.467572	0.893293	1.27034	0.402348	0.427258	1.40115	0.330887	0.0338715	1.41547	0.448447	1.44726	1.28565	0.520032	0.912947	0.96232	0.573926	0.888382	1.01322	0.263979	0.0196925	1.41907	0.260965	0.475248	1.36326	0.569082	0.811154	0.982507	0.49435	1.07697	1.2049	0.477781	1.4416	1.226	0.372929	1.42754	1.3493	0.242613	0.106924	1.5305	0.348313	0.394168	1.3393	0.271885	1.42919	1.16482	0.265708	1.26444	1.36341
4	0.0298324	0.275683	1.52007	1.27915	0.277158	1.23445	1.10787	0.175559	0.072924	0.896719	0.180804	0.97601	1.11427	-0.000268471	1.14213	1.35108	0.0272952	0.771052	1.29042	0.034878	1.12552	1.39436	0.235514	0.0149786	0.931422	0.13703	0.509413	0.996017	0.159753	0.0497588	0.770389	0.214692	0.995664	1.31987	0.184216	1.32157	1.36495	0.0909354	0.871402	1.1642	0.130968	0.435829	0.992687	0.205958	0.0886345	0.731796	0.091616	1.46605	1.26614	0.0259682	0.861624	1.29572	-0.0145507	0.874106	1.36297	0.271042	0.077584	0.73549	0.273005	0.48422	1.00969	-0.0155594	0.7904	1.38283	0.0883121	1.13663	1.37173	0.0726511	1.46053	1.21816	0.198371	1.4478	1.33644	0.272623	0.103557	0.880621	0.202489	0.442009	0.928665	0.336391	0.0947584	1.57926	0.421636	0.975695	1.16408	0.570195	1.11104	1.15923	0.509684	0.847646	0.889524	0.544031	1.0686	1.19634	0.273794	0.0690126	1.62698	0.402562	0.475783	1.34619	0.379208	0.0156121	1.48305	0.299921	1.00063	1.33155	0.367799	1.29303	1.36737	0.466833	0.892064	1.25718	0.402257	0.427995	1.39164	0.330992	0.033679	1.41531	0.447323	1.44641	1.27257	0.51861	0.913039	0.948747	0.572538	0.888148	0.999464	0.263977	0.019244	1.41897	0.260865	0.474688	1.35149	0.567536	0.811088	0.968324	0.493397	1.0762	1.19196	0.476711	1.44084	1.21293	0.371793	1.4267	1.33623	0.243623	0.110063	1.52771	0.348583	0.393302	1.33018	0.270766	1.42831	1.15146	0.264899	1.26324	1.34978
5	0.0397765	0.274399	1.5194	1.26588	0.276404	1.23424	1.09362	0.176023	0.0715572	0.891031	0.180404	0.975766	1.09989	-0.000291579	1.14126	1.3389	0.0268292	0.769699	1.28225	0.0350802	1.12506	1.38196	0.235469	0.0145588	0.927757	0.138085	0.50959	0.980804	0.160951	0.045115	0.765581	0.214149	0.995414	1.30546	0.183546	1.32055	1.35145	0.0903186	0.871622	1.14918	0.131882	0.436006	0.978599	0.207635	0.0826245	0.726071	0.0904195	1.46496	1.25296	0.0256624	0.860261	1.2867	-0.0147217	0.873464	1.35367	0.272766	0.0714912	0.73065	0.273927	0.484479	0.995611	-0.015587	0.789977	1.37462	0.0883791	1.13596	1.35921	0.0714166	1.45944	1.20504	0.197264	1.44678	1.32316	0.273416	0.101552	0.874766	0.203972	0.440964	0.915083	0.337239	0.0995946	1.57692	0.421412	0.974622	1.15002	0.569152	1.11055	1.14657	0.508151	0.847978	0.876212	0.542967	1.06809	1.18376	0.274261	0.0754846	1.62479	0.402631	0.475791	1.33499	0.378847	0.0154308	1.48327	0.299497	1.00011	1.31715	0.366671	1.2921	1.35366	0.465989	0.890994	1.24362	0.402264	0.42895	1.38155	0.331009	0.0333856	1.41527	0.446168	1.4459	1.25931	0.517173	0.913046	0.935702	0.571073	0.88788	0.986327	0.263861	0.0187307	1.41899	0.260919	0.474087	1.33896	0.565893	0.810945	0.954867	0.492313	1.07573	1.17931	0.475596	1.44039	1.19969	0.370608	1.42613	1.32299	0.244856	0.113537	1.5243	0.349085	0.392535	1.32047	0.269577	1.42779	1.13797	0.264119	1.2623	1.33594
6	0.0497207	0.273075	1.51905	1.25247	0.27553	1.23439	1.07919	0.176373	0.0702855	0.886752	0.179824	0.97587	1.08545	-0.000343378	1.14062	1.32626	0.0264413	0.768637	1.27341	0.0352473	1.1248	1.36911	0.235258	0.0143038	0.925634	0.139153	0.510027	0.965632	0.161861	0.0402606	0.762307	0.213676	0.995553	1.29092	0.182854	1.31986	1.33778	0.0895911	0.872219	1.13418	0.132805	0.436461	0.964683	0.209197	0.0761438	0.721747	0.0891861	1.46423	1.23966	0.0254089	0.859178	1.27706	-0.0149222	0.873071	1.34364	0.274368	0.0648531	0.727271	0.274862	0.485114	0.981554	-0.0156611	0.789824	1.36569	0.0884401	1.13554	1.34628	0.0701586	1.45872	1.1918	0.196145	1.44606	1.30974	0.274117	0.0995274	0.870243	0.205478	0.44004	0.90173	0.338219	0.104929	1.574	0.421015	0.973762	1.13563	0.568002	1.1103	1.13414	0.506647	0.848146	0.863532	0.541773	1.06788	1.17147	0.274747	0.0826787	1.62187	0.402863	0.475891	1.32307	0.378382	0.0153598	1.48353	0.299163	0.999916	1.30257	0.365555	1.29147	1.33973	0.46504	0.890089	1.22968	0.402415	0.430109	1.37082	0.330916	0.0329979	1.41538	0.444988	1.44574	1.24586	0.515738	0.912965	0.923201	0.569544	0.887585	0.973826	0.26361	0.0182084	1.41915	0.261188	0.473398	1.32557	0.564175	0.810727	0.942169	0.491102	1.07557	1.16695	0.474441	1.44028	1.18629	0.369387	1.42586	1.30956	0.246325	0.11735	1.52019	0.349888	0.391857	1.3101	0.268329	1.42763	1.12434	0.263372	1.26166	1.32186
7	0.0596648	0.271719	1.51904	1.23891	0.274549	1.23488	1.06462	0.176656	0.0691864	0.883546	0.179074	0.976323	1.07097	-0.000426529	1.14023	1.31319	0.0261265	0.767886	1.26385	0.035375	1.12476	1.35582	0.234932	0.0142358	0.924626	0.140202	0.510648	0.950649	0.162497	0.0354866	0.76019	0.213265	0.996065	1.27627	0.182134	1.3195	1.32393	0.0887624	0.873182	1.11926	0.133717	0.437125	0.951023	0.210665	0.0695402	0.71851	0.0879276	1.46387	1.22623	0.0251971	0.8584	1.26675	-0.0151476	0.87294	1.33287	0.275869	0.0580177	0.725018	0.275782	0.486057	0.967677	-0.0157847	0.789952	1.35598	0.0884944	1.13539	1.33295	0.0688912	1.45838	1.17841	0.19502	1.44567	1.29618	0.274765	0.0975942	0.866773	0.206983	0.439239	0.888697	0.339342	0.110775	1.57037	0.420446	0.973125	1.12098	0.566752	1.11031	1.12195	0.505189	0.848132	0.851502	0.540459	1.06799	1.15949	0.27527	0.0906329	1.61808	0.403302	0.476042	1.31035	0.377814	0.0155066	1.4838	0.298902	1.00004	1.28783	0.364469	1.29117	1.32562	0.463986	0.889347	1.21541	0.402754	0.431436	1.35935	0.330702	0.032545	1.41563	0.443788	1.44594	1.23221	0.514318	0.91279	0.911253	0.567967	0.887268	0.961973	0.263223	0.0177571	1.41946	0.261722	0.47257	1.31124	0.562405	0.810432	0.930252	0.489768	1.07575	1.15486	0.473249	1.4405	1.17273	0.368144	1.4259	1.29596	0.248033	0.121503	1.51527	0.351041	0.391249	1.29899	0.267038	1.42785	1.11058	0.262659	1.26133	1.30759
8	0.0696089	0.270343	1.51934	1.22521	0.273482	1.23568	1.04996	0.17692	0.0683139	0.88112	0.178175	0.97711	1.05645	-0.000547727	1.14011	1.2997	0.0258792	0.767455	1.2535	0.035453	1.12495	1.34213	0.234544	0.0143558	0.924354	0.141203	0.51137	0.936008	0.162879	0.0310495	0.758895	0.212903	0.996922	1.26156	0.181375	1.31946	1.3099	0.0878453	0.874482	1.10444	0.134597	0.437916	0.937716	0.212057	0.0631356	0.716077	0.0866561	1.46388	1.21265	0.0250167	0.857941	1.25572	-0.0153917	0.873075	1.32136	0.27728	0.0513091	0.723592	0.276661	0.487221	0.954145	-0.0159559	0.790355	1.34547	0.0885345	1.13553	1.31926	0.0676291	1.45842	1.16487	0.193891	1.44559	1.28248	0.275395	0.0958325	0.86412	0.208466	0.438547	0.876077	0.340614	0.117142	1.56589	0.419708	0.972708	1.1061	0.565412	1.11059	1.10998	0.503788	0.847916	0.840136	0.539034	1.06841	1.1478	0.275853	0.0993693	1.61328	0.403982	0.476191	1.29673	0.37716	0.0160009	1.48399	0.298691	1.00044	1.273	0.363431	1.29121	1.31134	0.462827	0.888753	1.20083	0.40332	0.432879	1.34704	0.330373	0.032081	1.41598	0.442574	1.44648	1.21837	0.512921	0.912512	0.899864	0.566355	0.886929	0.950774	0.262717	0.0174791	1.41987	0.262558	0.471552	1.29589	0.560605	0.81006	0.919132	0.48832	1.07627	1.14305	0.472027	1.44106	1.15901	0.366891	1.42625	1.2822	0.249966	0.126001	1.50947	0.352573	0.390682	1.28703	0.265723	1.42841	1.0967	0.261978	1.2613	1.29313
9	0.0795531	0.268955	1.51993	1.2114	0.272355	1.23673	1.03529	0.177203	0.0676951	0.879229	0.177148	0.978197	1.04195	-0.000717676	1.14026	1.28583	0.0256939	0.767344	1.24233	0.035465	1.12537	1.32808	0.234142	0.0146442	0.924498	0.142132	0.512107	0.921852	0.163036	0.0271516	0.758137	0.212574	0.998082	1.24683	0.180564	1.31972	1.2957	0.0868559	0.876074	1.08977	0.135427	0.438747	0.924866	0.213378	0.0572033	0.714209	0.0853829	1.46424	1.19891	0.024859	0.857805	1.24392	-0.0156485	0.873463	1.3091	0.278607	0.0450054	0.722733	0.277476	0.488507	0.941115	-0.0161688	0.791013	1.33413	0.0885458	1.13596	1.30524	0.0663875	1.45882	1.15115	0.192757	1.44582	1.26862	0.276042	0.0942903	0.862087	0.209903	0.437934	0.863964	0.342034	0.124032	1.56044	0.418813	0.972501	1.09108	0.563995	1.11112	1.09824	0.502449	0.847474	0.829442	0.537515	1.06916	1.13641	0.27652	0.108889	1.60736	0.404922	0.47628	1.28215	0.376454	0.0169886	1.48399	0.298501	1.00109	1.25812	0.362452	1.29159	1.29695	0.461562	0.888288	1.18602	0.40414	0.434372	1.33376	0.329959	0.0316864	1.41633	0.441351	1.44736	1.20438	0.511556	0.912118	0.889033	0.564724	0.886566	0.940224	0.262131	0.0174937	1.4203	0.263715	0.470298	1.27947	0.558796	0.809604	0.908812	0.486767	1.07712	1.1315	0.470785	1.44193	1.14516	0.36564	1.42689	1.26829	0.252098	0.130849	1.5027	0.354485	0.390123	1.27412	0.264406	1.42929	1.08272	0.26132	1.26157	1.27853
10	0.0894972	0.267568	1.52077	1.19748	0.271196	1.23798	1.02065	0.177538	0.0673298	0.877683	0.176024	0.979534	1.02748	-0.000950769	1.14066	1.27161	0.025566	0.767541	1.23028	0.0353898	1.12599	1.31371	0.233764	0.0150658	0.92481	0.142968	0.512776	0.908308	0.163004	0.0239269	0.757694	0.212256	0.999492	1.23214	0.179688	1.32026	1.28136	0.0858124	0.877899	1.07527	0.136188	0.439534	0.912571	0.214629	0.0519487	0.712711	0.0841181	1.46492	1.185	0.0247169	0.857986	1.23132	-0.0159121	0.874079	1.29612	0.279852	0.0393214	0.722228	0.278203	0.489812	0.928729	-0.0164138	0.791887	1.32193	0.0885063	1.13666	1.29092	0.0651803	1.45954	1.13724	0.191611	1.44632	1.25463	0.276728	0.0929846	0.86052	0.211273	0.437355	0.85244	0.343592	0.131442	1.55388	0.417777	0.972486	1.07596	0.562518	1.11188	1.08671	0.50117	0.84678	0.819423	0.53592	1.07019	1.1253	0.277294	0.119163	1.60022	0.406125	0.476253	1.26654	0.375749	0.0186233	1.48366	0.298304	1.00194	1.24325	0.361535	1.29228	1.28246	0.460196	0.887927	1.17103	0.405229	0.435842	1.31942	0.329512	0.0314656	1.41656	0.440127	1.44852	1.19026	0.510226	0.911591	0.878754	0.563087	0.886172	0.930307	0.261535	0.0179281	1.4206	0.265189	0.468782	1.26192	0.557	0.809057	0.899285	0.485128	1.07828	1.12021	0.469532	1.44308	1.1312	0.364401	1.42779	1.25427	0.254387	0.13605	1.49491	0.356753	0.389542	1.26018	0.263111	1.43044	1.06865	0.260673	1.26211	1.26382
11	0.0994413	0.266192	1.52183	1.18348	0.270037	1.23935	1.00612	0.177941	0.0671946	0.876348	0.174831	0.981059	1.01307	-0.00126432	1.14129	1.25709	0.0254913	0.768023	1.21732	0.0352022	1.12679	1.29907	0.233442	0.015575	0.925117	0.143697	0.513309	0.895476	0.162823	0.0214355	0.757402	0.211931	1.0011	1.21753	0.178733	1.32103	1.26688	0.0847351	0.879886	1.06098	0.136867	0.440202	0.90092	0.215802	0.0474997	0.711437	0.0828705	1.46587	1.1709	0.024586	0.858464	1.21791	-0.016178	0.874885	1.28241	0.281006	0.0343998	0.721915	0.278823	0.491037	0.917097	-0.0166786	0.792928	1.30886	0.088388	1.1376	1.27636	0.0640194	1.46052	1.12313	0.19045	1.44706	1.24051	0.277468	0.0919067	0.859304	0.212554	0.436763	0.841573	0.345271	0.139356	1.54611	0.416621	0.972637	1.06084	0.561002	1.11284	1.0754	0.499945	0.84581	0.810074	0.534271	1.07149	1.11446	0.27819	0.130128	1.59179	0.407577	0.47606	1.24984	0.375117	0.0210535	1.48281	0.298072	1.00295	1.22845	0.360675	1.29325	1.26793	0.458735	0.887645	1.15591	0.406587	0.437215	1.30391	0.329115	0.031542	1.41646	0.438908	1.44992	1.17605	0.508931	0.910912	0.869015	0.561462	0.885733	0.921	0.261023	0.0189057	1.42057	0.266955	0.466995	1.24325	0.555236	0.808408	0.890529	0.483423	1.0797	1.10915	0.468283	1.44445	1.11716	0.363181	1.42891	1.24017	0.256782	0.141608	1.48607	0.359319	0.388913	1.24514	0.261863	1.43181	1.05452	0.260024	1.2629	1.24906
12	0.109385	0.264837	1.52304	1.16942	0.268909	1.24077	0.991741	0.178417	0.067248	0.875137	0.173601	0.982702	0.998776	-0.00167735	1.14211	1.24228	0.025467	0.768756	1.20342	0.0348745	1.12773	1.28419	0.233195	0.0161236	0.925314	0.144309	0.513653	0.883424	0.162534	0.0196681	0.757156	0.21158	1.00284	1.20303	0.177686	1.322	1.25231	0.0836447	0.881963	1.04694	0.137448	0.440691	0.889979	0.216886	0.0439065	0.710287	0.081647	1.46704	1.15662	0.0244647	0.85921	1.20369	-0.016443	0.875832	1.268	0.282062	0.0303109	0.72168	0.279323	0.4921	0.906291	-0.0169492	0.79407	1.2949	0.0881586	1.13873	1.26158	0.0629143	1.46173	1.1088	0.189264	1.44801	1.22628	0.27826	0.0910309	0.858353	0.213725	0.436109	0.831406	0.347042	0.147746	1.53706	0.415372	0.972924	1.04578	0.559467	1.11395	1.0643	0.498761	0.84454	0.801385	0.532593	1.07301	1.10388	0.279216	0.141679	1.58204	0.409243	0.475668	1.23203	0.374647	0.0244082	1.48121	0.297786	1.00407	1.21377	0.359857	1.29445	1.25341	0.457193	0.887418	1.14074	0.408195	0.438432	1.28718	0.328876	0.0320484	1.41578	0.437703	1.4515	1.1618	0.50767	0.910062	0.859801	0.559862	0.885235	0.912269	0.260716	0.0205314	1.41997	0.268967	0.464959	1.22349	0.553523	0.807646	0.882511	0.48168	1.08134	1.09833	0.467054	1.446	1.10308	0.361982	1.43022	1.22602	0.259224	0.147519	1.47615	0.362104	0.38822	1.22894	0.260686	1.43332	1.04034	0.259357	1.26389	1.2343
13	0.11933	0.263514	1.52437	1.15532	0.26784	1.24217	0.977557	0.178958	0.0674385	0.874005	0.172364	0.984391	0.984612	-0.002209	1.14308	1.22723	0.0254913	0.769701	1.18857	0.0343788	1.12877	1.26912	0.233031	0.0166668	0.925353	0.144799	0.513776	0.872185	0.162175	0.0185579	0.756898	0.21119	1.00467	1.18871	0.176539	1.32313	1.23767	0.0825618	0.88406	1.03316	0.137924	0.440962	0.879789	0.217868	0.0411499	0.709199	0.0804532	1.46838	1.14216	0.0243539	0.860182	1.18867	-0.0167055	0.876862	1.2529	0.283007	0.0270593	0.721452	0.279693	0.492937	0.896343	-0.0172112	0.795244	1.28006	0.0877842	1.14	1.24663	0.0618714	1.4631	1.09427	0.188048	1.44912	1.21195	0.279092	0.0903223	0.857605	0.214766	0.435355	0.821957	0.348871	0.156564	1.52668	0.414058	0.973317	1.03085	0.557936	1.11516	1.05342	0.497602	0.842954	0.793338	0.530909	1.07469	1.09353	0.28037	0.15367	1.57094	0.411073	0.475064	1.21312	0.374442	0.0287814	1.4786	0.297435	1.00526	1.19925	0.359058	1.29583	1.23894	0.455591	0.887229	1.12557	0.410016	0.439447	1.2692	0.328921	0.0331141	1.41424	0.436521	1.4532	1.14757	0.50644	0.909022	0.851093	0.558304	0.884659	0.904074	0.260749	0.0228777	1.41849	0.271159	0.462723	1.20273	0.551877	0.806761	0.875188	0.479928	1.08314	1.08774	0.465864	1.44765	1.08901	0.360806	1.43166	1.21187	0.261655	0.153769	1.46515	0.365009	0.387463	1.21158	0.2596	1.43493	1.02615	0.258657	1.26506	1.21958
14	0.129274	0.262233	1.52577	1.14121	0.266856	1.24351	0.963588	0.179546	0.0677117	0.872936	0.171149	0.986063	0.970613	-0.0028767	1.14415	1.21195	0.0255635	0.770812	1.17277	0.0336894	1.12984	1.25387	0.23295	0.017168	0.925234	0.145165	0.513666	0.86176	0.161783	0.0179963	0.756606	0.210755	1.00653	1.17458	0.175291	1.32437	1.223	0.0815058	0.886115	1.01966	0.138288	0.440994	0.870365	0.218737	0.0391545	0.708145	0.0792939	1.46981	1.12753	0.0242569	0.861332	1.17289	-0.0169662	0.877916	1.23713	0.28383	0.024595	0.721193	0.279929	0.493512	0.88724	-0.0174515	0.796379	1.26435	0.0872324	1.14134	1.23153	0.060895	1.46457	1.07956	0.1868	1.45036	1.19756	0.279943	0.0897449	0.857012	0.21566	0.434473	0.813221	0.35072	0.165739	1.51492	0.412709	0.973787	1.0161	0.55643	1.11641	1.04274	0.496454	0.841044	0.785911	0.52924	1.07648	1.08341	0.281639	0.165913	1.55853	0.413008	0.474261	1.19313	0.374607	0.0342163	1.47473	0.297017	1.0065	1.18495	0.35825	1.29734	1.22457	0.453953	0.887069	1.11043	0.411997	0.440244	1.24999	0.329387	0.0348508	1.41151	0.435368	1.45496	1.1334	0.505235	0.907778	0.842869	0.556805	0.883991	0.896372	0.261264	0.0259718	1.41581	0.273451	0.460363	1.18107	0.550314	0.805745	0.868507	0.478197	1.08502	1.07736	0.464731	1.44935	1.075	0.359648	1.43318	1.19775	0.264023	0.160324	1.45307	0.367926	0.386656	1.19307	0.258625	1.43656	1.01198	0.257914	1.26636	1.20497
15	0.139218	0.261003	1.5272	1.12711	0.265979	1.24476	0.949836	0.180155	0.0680166	0.87193	0.169976	0.987663	0.956803	-0.00369429	1.14525	1.19645	0.0256846	0.772044	1.15606	0.0327848	1.1309	1.23846	0.232943	0.0176024	0.924984	0.145409	0.513331	0.85212	0.161386	0.0178515	0.756284	0.210275	1.00839	1.16067	0.173948	1.32571	1.20835	0.0804934	0.888079	1.00645	0.138537	0.440788	0.861691	0.219485	0.0378062	0.707119	0.0781734	1.47131	1.11277	0.0241789	0.862607	1.15637	-0.0172278	0.878935	1.22072	0.284522	0.0228283	0.720892	0.280036	0.493817	0.878931	-0.0176595	0.797407	1.24778	0.0864754	1.1427	1.2163	0.0599875	1.46609	1.06467	0.185521	1.45169	1.18313	0.280785	0.089266	0.856536	0.216394	0.433452	0.805168	0.352554	0.175172	1.50181	0.411355	0.974314	1.00158	0.554968	1.11766	1.03227	0.495301	0.838814	0.77908	0.527605	1.07832	1.07348	0.283002	0.178182	1.54483	0.414978	0.4733	1.17214	0.375246	0.0406928	1.46931	0.296542	1.00776	1.17089	0.357403	1.29892	1.21035	0.45231	0.886939	1.09539	0.414071	0.440834	1.2296	0.330407	0.0373366	1.40727	0.434255	1.45672	1.11935	0.504052	0.906323	0.835108	0.555378	0.883217	0.88912	0.262396	0.0297867	1.41158	0.275759	0.45798	1.15867	0.548851	0.804597	0.86241	0.476514	1.08693	1.06719	0.463676	1.45104	1.0611	0.358507	1.43475	1.1837	0.266287	0.167124	1.4399	0.370747	0.385832	1.17347	0.257774	1.43817	0.997837	0.257122	1.26776	1.19052
16	0.149162	0.259835	1.52866	1.11305	0.265222	1.24589	0.936286	0.18076	0.0683107	0.871001	0.168863	0.989156	0.943202	-0.00467016	1.14633	1.18073	0.025857	0.773354	1.13846	0.03165	1.13189	1.2229	0.232997	0.0179574	0.924647	0.145537	0.512794	0.843215	0.161003	0.0179865	0.755949	0.209755	1.01023	1.14701	0.172523	1.32712	1.19377	0.0795381	0.88992	0.993542	0.138676	0.440362	0.85373	0.220114	0.0369701	0.70613	0.0770963	1.47281	1.0979	0.0241267	0.863955	1.13918	-0.0174951	0.879867	1.20369	0.285081	0.0216444	0.720558	0.28002	0.493865	0.871333	-0.0178295	0.798273	1.23037	0.0854929	1.144	1.20096	0.0591509	1.46761	1.04966	0.184218	1.45309	1.1687	0.281589	0.0888591	0.856148	0.216962	0.432294	0.797751	0.35434	0.184735	1.48736	0.410021	0.974887	0.987321	0.553561	1.11886	1.02201	0.494135	0.83628	0.772818	0.526015	1.08016	1.06375	0.284433	0.190225	1.5299	0.416916	0.472245	1.15025	0.376446	0.0481184	1.46208	0.296024	1.00902	1.1571	0.356491	1.30053	1.19632	0.450698	0.886852	1.08044	0.416167	0.441256	1.20815	0.332094	0.0406033	1.40118	0.43319	1.45844	1.10547	0.502887	0.904659	0.827791	0.554038	0.882334	0.882275	0.264252	0.0342388	1.40548	0.278001	0.455684	1.13566	0.5475	0.803325	0.856842	0.474901	1.08882	1.05722	0.462715	1.45268	1.04736	0.35738	1.43633	1.16977	0.268423	0.174082	1.42565	0.373381	0.385038	1.15286	0.257056	1.43972	0.983765	0.256282	1.26925	1.17627
17	0.159106	0.258737	1.53011	1.09906	0.264595	1.24692	0.922912	0.181334	0.0685625	0.870161	0.167816	0.990524	0.929824	-0.00580579	1.14735	1.16477	0.026085	0.774703	1.12003	0.0302786	1.13277	1.20716	0.233095	0.0182321	0.924274	0.145559	0.512086	0.83498	0.160651	0.0182732	0.755626	0.209205	1.01203	1.13359	0.171036	1.32858	1.1793	0.0786494	0.89162	0.98092	0.138711	0.439749	0.846428	0.220627	0.0365068	0.705197	0.0760683	1.47431	1.08297	0.0241077	0.865326	1.12137	-0.0177745	0.88067	1.18605	0.285507	0.0209181	0.720206	0.279896	0.493692	0.864348	-0.017961	0.798934	1.21216	0.0842747	1.1452	1.18552	0.0583871	1.46911	1.03456	0.182904	1.45454	1.15431	0.282328	0.0885044	0.855822	0.217362	0.431014	0.790911	0.356058	0.194268	1.47161	0.408729	0.975503	0.973343	0.55222	1.11998	1.01197	0.492951	0.833473	0.767097	0.524476	1.08195	1.0542	0.285907	0.201773	1.5138	0.418757	0.471184	1.12757	0.378266	0.0563266	1.45281	0.295485	1.01029	1.14358	0.355495	1.30215	1.1825	0.44915	0.886829	1.06563	0.418212	0.441577	1.18578	0.334528	0.0446259	1.39296	0.432179	1.46009	1.09178	0.501739	0.902799	0.8209	0.552797	0.881345	0.875802	0.266902	0.0391911	1.39723	0.280101	0.453594	1.11224	0.546273	0.801942	0.851747	0.473371	1.09064	1.04746	0.461862	1.45423	1.03382	0.356265	1.43789	1.15598	0.270425	0.181077	1.41032	0.375753	0.384332	1.13134	0.256475	1.44118	0.969791	0.255402	1.2708	1.16227
18	0.16905	0.257719	1.53156	1.08514	0.264101	1.24786	0.909676	0.181856	0.0687531	0.86942	0.166837	0.99177	0.916674	-0.00709468	1.14826	1.14857	0.0263746	0.77606	1.10084	0.0286735	1.1335	1.19125	0.233222	0.0184357	0.923909	0.145486	0.511248	0.827344	0.160336	0.0186046	0.755335	0.208639	1.01377	1.12042	0.169517	1.33009	1.16499	0.0778325	0.893175	0.968578	0.138655	0.438988	0.839722	0.221038	0.0362863	0.704339	0.0750956	1.47577	1.06802	0.0241301	0.866681	1.10298	-0.0180737	0.881318	1.16782	0.285808	0.0205261	0.719859	0.279679	0.493344	0.857867	-0.0180606	0.799366	1.19318	0.0828223	1.14626	1.16998	0.0576984	1.47057	1.01943	0.181597	1.45604	1.13999	0.282984	0.0881886	0.855538	0.217605	0.429637	0.784582	0.357702	0.203583	1.45461	0.407491	0.976172	0.959643	0.550945	1.12101	1.00215	0.491752	0.830434	0.761889	0.522987	1.08368	1.04482	0.287407	0.212553	1.4966	0.420449	0.470213	1.10424	0.380732	0.0650809	1.44131	0.294945	1.01157	1.13033	0.354405	1.30373	1.16892	0.447701	0.886899	1.05094	0.420138	0.441878	1.16263	0.337739	0.0493188	1.38239	0.43123	1.46165	1.07833	0.500609	0.900765	0.814422	0.551661	0.880265	0.869673	0.270365	0.0444635	1.38659	0.282	0.45182	1.08853	0.54518	0.800472	0.847077	0.47193	1.09237	1.03791	0.461129	1.45568	1.02051	0.355166	1.43943	1.14236	0.272308	0.187962	1.39389	0.377816	0.38378	1.10904	0.25603	1.44254	0.95594	0.254493	1.2724	1.14853
19	0.178994	0.256791	1.53302	1.07134	0.263734	1.24876	0.89654	0.182315	0.0688755	0.868781	0.165918	0.99291	0.903754	-0.00852202	1.14904	1.13211	0.0267342	0.7774	1.08094	0.026848	1.13406	1.17512	0.233363	0.0185845	0.923589	0.14533	0.51032	0.820235	0.16006	0.0188999	0.755095	0.20807	1.01546	1.10748	0.167996	1.33165	1.15087	0.0770883	0.894594	0.9565	0.138521	0.438125	0.833543	0.22136	0.036198	0.703572	0.0741857	1.4772	1.05311	0.0242024	0.867989	1.08408	-0.0184008	0.881798	1.14901	0.286	0.0203565	0.719535	0.279386	0.492875	0.851785	-0.0181414	0.799567	1.17347	0.0811494	1.14714	1.15434	0.0570875	1.47198	1.00433	0.180317	1.45759	1.12579	0.283545	0.0879039	0.855283	0.217704	0.428196	0.7787	0.35928	0.21247	1.43642	0.406315	0.976911	0.946211	0.549732	1.12195	0.992572	0.490551	0.82722	0.757169	0.521539	1.08533	1.03561	0.288926	0.222308	1.47835	0.421952	0.469435	1.0804	0.383826	0.0740877	1.42747	0.294426	1.01286	1.11733	0.353224	1.30529	1.1556	0.44638	0.887097	1.03638	0.421888	0.442246	1.13889	0.341701	0.0545378	1.36928	0.430348	1.46311	1.06512	0.499504	0.898593	0.808344	0.550637	0.879115	0.863868	0.274598	0.049847	1.3734	0.283657	0.450458	1.06469	0.544226	0.798949	0.842791	0.470573	1.094	1.02856	0.460521	1.45702	1.00745	0.354086	1.44094	1.12893	0.274099	0.194566	1.37635	0.37955	0.383448	1.08609	0.255713	1.4438	0.942237	0.253573	1.27405	1.13508
20	0.188939	0.255958	1.53448	1.05766	0.263483	1.24965	0.883471	0.182702	0.0689326	0.868241	0.165046	0.993975	0.891059	-0.010065	1.14966	1.11536	0.027174	0.778709	1.06042	0.0248251	1.13442	1.15876	0.233506	0.0186995	0.923336	0.145105	0.509341	0.81359	0.159824	0.0191076	0.754914	0.207513	1.01711	1.09476	0.166508	1.33326	1.13697	0.0764143	0.895892	0.94467	0.138326	0.437206	0.827828	0.221613	0.0361558	0.70291	0.0733467	1.47861	1.0383	0.0243336	0.869231	1.0647	-0.018763	0.882114	1.12962	0.286099	0.0203157	0.71925	0.279031	0.492336	0.846014	-0.0182224	0.79955	1.15306	0.0792812	1.14782	1.13857	0.0565569	1.47334	0.98932	0.17909	1.45917	1.11173	0.284008	0.0876466	0.855044	0.217681	0.426725	0.773205	0.360815	0.220708	1.41708	0.405199	0.977744	0.933022	0.548573	1.1228	0.983237	0.489365	0.823891	0.75291	0.520122	1.0869	1.02657	0.290471	0.230804	1.45911	0.423238	0.468944	1.0562	0.387489	0.0830144	1.41121	0.293943	1.01418	1.10456	0.351968	1.30682	1.14254	0.445211	0.887455	1.02194	0.423422	0.442766	1.11472	0.346326	0.0600882	1.35356	0.429537	1.46449	1.05217	0.498431	0.896323	0.802656	0.549722	0.877926	0.858376	0.279499	0.0551216	1.3576	0.285049	0.449586	1.04082	0.543411	0.797409	0.838861	0.469286	1.09553	1.01941	0.460037	1.45826	0.994661	0.353032	1.44242	1.11571	0.275836	0.200706	1.35768	0.380959	0.383397	1.06261	0.255516	1.44499	0.928705	0.252659	1.27574	1.12192
21	0.198883	0.255228	1.53597	1.04412	0.263333	1.25057	0.870446	0.183021	0.0689354	0.867791	0.164206	0.995001	0.878581	-0.0116938	1.15013	1.09831	0.0277059	0.779981	1.03934	0.0226367	1.1346	1.14213	0.233643	0.0188032	0.923161	0.144823	0.508347	0.807354	0.159624	0.0192028	0.754794	0.206982	1.01872	1.08223	0.165085	1.33492	1.12331	0.0758046	0.897092	0.93307	0.138086	0.436271	0.82252	0.221813	0.0361004	0.702355	0.0725865	1.48	1.02365	0.024533	0.870402	1.04489	-0.0191656	0.882283	1.10967	0.286126	0.0203313	0.719015	0.278628	0.491776	0.840482	-0.0183267	0.799348	1.13199	0.0772533	1.14832	1.12269	0.0561086	1.47467	0.974457	0.177939	1.46079	1.09786	0.284378	0.0874167	0.854815	0.217559	0.42526	0.768049	0.362343	0.228074	1.39666	0.404137	0.978696	0.920046	0.547455	1.12359	0.974159	0.488219	0.820517	0.749085	0.518721	1.08841	1.01771	0.292059	0.237847	1.43891	0.424296	0.46882	1.03178	0.391617	0.0915127	1.39255	0.29351	1.01553	1.09198	0.350663	1.30833	1.12972	0.444211	0.888005	1.00761	0.424715	0.443506	1.09028	0.351475	0.0657393	1.33522	0.4288	1.46581	1.03948	0.497401	0.894004	0.797348	0.548912	0.876735	0.853194	0.284915	0.0600734	1.33918	0.28617	0.449251	1.01701	0.542731	0.795894	0.835263	0.468049	1.09699	1.01046	0.459673	1.45943	0.982138	0.352013	1.44389	1.10269	0.27756	0.206199	1.33787	0.382066	0.38368	1.03872	0.255423	1.44612	0.915361	0.251769	1.27746	1.10902
22	0.208827	0.254602	1.53749	1.03074	0.263262	1.25156	0.857457	0.183278	0.0688996	0.867415	0.163378	0.996024	0.866308	-0.0133736	1.15045	1.08095	0.0283429	0.781217	1.01778	0.0203218	1.13459	1.12521	0.233768	0.0189177	0.923063	0.144494	0.507367	0.801483	0.159456	0.0191834	0.754732	0.20649	1.0203	1.06989	0.163756	1.33663	1.1099	0.0752512	0.898217	0.921684	0.137813	0.435359	0.817571	0.221976	0.0359975	0.701905	0.0719123	1.4814	1.0092	0.0248104	0.871507	1.02468	-0.0196105	0.882336	1.08916	0.286103	0.0203532	0.718832	0.278186	0.491234	0.83514	-0.0184792	0.799006	1.11029	0.0751083	1.14863	1.10666	0.0557432	1.47599	0.9598	0.176886	1.46246	1.0842	0.284666	0.0872164	0.85459	0.21736	0.423831	0.763193	0.363903	0.234357	1.37519	0.403118	0.97979	0.907246	0.546362	1.12435	0.96535	0.487139	0.817163	0.745667	0.517319	1.08987	1.00905	0.293719	0.243288	1.4178	0.425125	0.469123	1.00725	0.396076	0.0992436	1.37154	0.293134	1.01691	1.07957	0.34934	1.30983	1.11713	0.443387	0.888767	0.993367	0.425759	0.444513	1.06571	0.356965	0.0712419	1.31433	0.428135	1.46709	1.02703	0.496428	0.891685	0.792407	0.548197	0.875578	0.848323	0.29065	0.0645099	1.31821	0.287032	0.449478	0.993308	0.542173	0.794446	0.831984	0.466837	1.09841	1.0017	0.45942	1.46055	0.969879	0.351037	1.44534	1.08987	0.279311	0.210874	1.31691	0.382906	0.384332	1.01454	0.25542	1.44723	0.902217	0.250921	1.27922	1.09637
23	0.218771	0.254083	1.53904	1.01754	0.263249	1.25265	0.844516	0.183484	0.0688433	0.867097	0.162546	0.997076	0.854227	-0.0150664	1.15063	1.06328	0.029098	0.782426	0.995802	0.017924	1.1344	1.10798	0.23388	0.0190628	0.923029	0.144125	0.506426	0.795943	0.159314	0.0190637	0.754718	0.206051	1.02186	1.05769	0.162542	1.33838	1.09675	0.0747453	0.899289	0.910502	0.137517	0.434498	0.812944	0.222115	0.035834	0.701552	0.0713295	1.48283	0.994986	0.0251755	0.872562	1.00409	-0.0200955	0.882311	1.0681	0.286049	0.0203513	0.7187	0.27771	0.49074	0.829958	-0.0187031	0.798578	1.08799	0.0728933	1.14877	1.09048	0.05546	1.47731	0.945394	0.175947	1.46418	1.07077	0.284885	0.0870503	0.854364	0.217103	0.422465	0.758611	0.365536	0.239373	1.35272	0.40213	0.981039	0.894585	0.545281	1.12512	0.956816	0.486155	0.813893	0.742625	0.515903	1.09131	1.00058	0.295479	0.247025	1.39579	0.425736	0.469883	0.982737	0.40071	0.105902	1.34832	0.292821	1.01833	1.06728	0.348035	1.31134	1.10476	0.442742	0.889753	0.979209	0.426562	0.445803	1.04112	0.36259	0.0763485	1.29102	0.42754	1.46836	1.01481	0.495525	0.889415	0.787816	0.547563	0.874492	0.843769	0.29649	0.0682719	1.29483	0.287653	0.450266	0.969753	0.541719	0.793101	0.829017	0.465624	1.09983	0.993143	0.459266	1.46165	0.957871	0.350113	1.44678	1.07725	0.281118	0.214585	1.29483	0.38352	0.385375	0.990144	0.255489	1.44834	0.889281	0.250128	1.281	1.08392
24	0.228715	0.253667	1.54063	1.00451	0.263272	1.25384	0.83165	0.183651	0.068785	0.866818	0.161695	0.99818	0.842323	-0.0167341	1.1507	1.04531	0.0299831	0.783622	0.973458	0.0154894	1.13406	1.09044	0.233977	0.0192548	0.923041	0.143721	0.505542	0.790711	0.159194	0.0188682	0.75474	0.20568	1.0234	1.04564	0.161457	1.34018	1.08385	0.0742774	0.900327	0.899518	0.137203	0.43371	0.808613	0.222236	0.0356132	0.701282	0.0708409	1.48429	0.981052	0.0256378	0.873591	0.983133	-0.0206132	0.882252	1.04651	0.285981	0.0203128	0.718612	0.277202	0.490314	0.824926	-0.0190172	0.798122	1.06513	0.0706558	1.14876	1.07414	0.0552559	1.47867	0.931278	0.175135	1.46592	1.05757	0.285051	0.0869243	0.854132	0.2168	0.421183	0.75429	0.367271	0.24297	1.32929	0.401158	0.982451	0.882028	0.544199	1.12591	0.94856	0.485293	0.81076	0.739927	0.514461	1.09276	0.992332	0.297364	0.249007	1.3729	0.426145	0.471106	0.958314	0.405361	0.111236	1.32303	0.292578	1.01978	1.05511	0.346784	1.31285	1.09256	0.44227	0.89096	0.965119	0.427141	0.447367	1.01659	0.36814	0.0808318	1.26546	0.427014	1.46963	1.0028	0.494706	0.887236	0.783556	0.546993	0.873507	0.839535	0.30222	0.0712412	1.26921	0.288061	0.451591	0.946364	0.541348	0.791893	0.826355	0.464387	1.10127	0.98477	0.459197	1.46276	0.946096	0.349251	1.44823	1.06481	0.282996	0.217217	1.27162	0.383948	0.386811	0.965623	0.255613	1.44949	0.876553	0.249398	1.28278	1.07164
25	0.238659	0.25335	1.54225	0.991663	0.263308	1.25513	0.818905	0.183791	0.0687416	0.866563	0.160814	0.999349	0.830582	-0.0183405	1.15069	1.02704	0.0310073	0.784823	0.950795	0.0130633	1.1336	1.07258	0.23406	0.0195064	0.923079	0.143282	0.504729	0.78577	0.159091	0.0186255	0.754786	0.20539	1.02492	1.0337	0.160507	1.34201	1.07119	0.073839	0.901345	0.888727	0.13687	0.433009	0.804555	0.222346	0.0353487	0.70108	0.0704458	1.4858	0.967413	0.0262054	0.874623	0.961835	-0.0211513	0.882202	1.0244	0.285912	0.0202382	0.718557	0.276663	0.489969	0.820045	-0.0194327	0.797694	1.04173	0.0684407	1.14863	1.05762	0.0551262	1.48008	0.917473	0.174454	1.4677	1.0446	0.285177	0.0868457	0.853887	0.216457	0.419999	0.750227	0.369128	0.245042	1.30493	0.400192	0.984018	0.869544	0.543107	1.12676	0.940577	0.484572	0.807807	0.737534	0.512987	1.09423	0.984296	0.299388	0.249222	1.34915	0.426371	0.472769	0.93405	0.409876	0.115065	1.29586	0.292409	1.02125	1.04301	0.345618	1.31439	1.08052	0.441958	0.892373	0.951087	0.427523	0.449166	0.99218	0.373422	0.0845017	1.23786	0.426549	1.47092	0.990975	0.493984	0.885183	0.779597	0.54647	0.872645	0.835622	0.307647	0.073343	1.24155	0.288284	0.453412	0.92315	0.541032	0.790843	0.823993	0.463108	1.10277	0.976577	0.459198	1.46391	0.93453	0.348456	1.44967	1.05253	0.284945	0.218694	1.24733	0.38422	0.388624	0.941034	0.255776	1.45068	0.864029	0.248739	1.28455	1.05946
26	0.248603	0.253125	1.54389	0.978996	0.263339	1.2565	0.806332	0.183913	0.0687276	0.866319	0.159899	1.00058	0.818989	-0.0198539	1.15063	1.00852	0.0321757	0.786052	0.927847	0.010688	1.13303	1.05441	0.234134	0.0198257	0.923121	0.142806	0.503996	0.781111	0.159001	0.0183642	0.754843	0.205195	1.02643	1.02187	0.159688	1.34386	1.05874	0.0734229	0.902353	0.878132	0.136517	0.432402	0.800758	0.222443	0.03506	0.700928	0.0701406	1.48735	0.954076	0.0268846	0.875688	0.940207	-0.021693	0.882204	1.00182	0.285849	0.0201364	0.718525	0.276095	0.489708	0.815326	-0.0199508	0.797348	1.01783	0.0662871	1.1484	1.04091	0.0550644	1.48153	0.903989	0.173902	1.46948	1.03187	0.285274	0.0868229	0.853622	0.216072	0.418918	0.746423	0.371107	0.245528	1.27968	0.399225	0.98572	0.857105	0.542002	1.12768	0.932855	0.484009	0.805062	0.735407	0.51148	1.09577	0.976481	0.301554	0.247702	1.32453	0.426436	0.474831	0.909993	0.414128	0.117285	1.267	0.29232	1.02274	1.03099	0.344559	1.31594	1.06861	0.44179	0.893962	0.937107	0.427737	0.451142	0.967935	0.378276	0.0872171	1.20844	0.426142	1.47224	0.979311	0.493368	0.88328	0.77591	0.545974	0.871921	0.832023	0.312612	0.0745458	1.21206	0.288352	0.455673	0.900119	0.540742	0.789964	0.82192	0.461778	1.10435	0.968558	0.459255	1.46509	0.923146	0.347734	1.45111	1.0404	0.286953	0.218978	1.22199	0.384362	0.390786	0.916424	0.255964	1.45192	0.851698	0.248154	1.28629	1.04736
27	0.258547	0.252982	1.54554	0.966501	0.263351	1.25793	0.793982	0.184025	0.0687542	0.866076	0.158949	1.00187	0.807533	-0.0212488	1.15054	0.989769	0.033488	0.787335	0.904639	0.00840077	1.13238	1.03596	0.234199	0.0202169	0.923146	0.142291	0.503347	0.776723	0.158919	0.0181085	0.754901	0.20511	1.02791	1.01015	0.158993	1.3457	1.04648	0.0730241	0.903353	0.867732	0.136135	0.43189	0.797207	0.222527	0.0347675	0.70081	0.0699184	1.48895	0.941035	0.0276789	0.876816	0.918268	-0.0222176	0.882294	0.97881	0.285797	0.0200217	0.718504	0.275499	0.489528	0.810784	-0.0205616	0.797127	0.993447	0.0642269	1.14809	1.02401	0.055063	1.48304	0.89082	0.173473	1.47126	1.01935	0.285349	0.0868647	0.853327	0.21564	0.417942	0.742886	0.373193	0.244414	1.25355	0.398255	0.987524	0.844691	0.540884	1.12869	0.925376	0.483606	0.802542	0.733501	0.509946	1.09736	0.968887	0.303845	0.244507	1.29904	0.42636	0.477232	0.886175	0.41802	0.117874	1.23663	0.292318	1.02422	1.01903	0.343625	1.31749	1.05681	0.441748	0.895688	0.923174	0.427812	0.453222	0.943875	0.382588	0.0888932	1.17743	0.425786	1.47358	0.967779	0.492863	0.881541	0.772458	0.545491	0.871338	0.828725	0.317004	0.0748573	1.18095	0.288289	0.45831	0.877284	0.540449	0.789258	0.82012	0.460396	1.10602	0.960705	0.459355	1.46631	0.911916	0.347086	1.45254	1.0284	0.288991	0.218073	1.19567	0.384388	0.393253	0.891831	0.256165	1.45322	0.839543	0.247645	1.28797	1.03531
28	0.268492	0.252913	1.54717	0.954168	0.263332	1.25936	0.781897	0.184129	0.0688296	0.86583	0.15797	1.00318	0.796202	-0.0225073	1.15046	0.97083	0.0349379	0.788698	0.881186	0.0062323	1.13168	1.01727	0.234259	0.0206805	0.92314	0.141735	0.502783	0.772599	0.158844	0.0178771	0.754953	0.205145	1.02936	0.998524	0.158406	1.34753	1.03439	0.0726402	0.904343	0.857529	0.135718	0.43147	0.793894	0.222595	0.0344899	0.700711	0.0697697	1.49056	0.928273	0.0285882	0.878035	0.896035	-0.0227027	0.882501	0.955407	0.285756	0.0199098	0.718482	0.274878	0.489423	0.806436	-0.021244	0.797065	0.968626	0.0622836	1.14772	1.00692	0.055114	1.48458	0.877948	0.173155	1.47301	1.00702	0.285408	0.0869801	0.852992	0.215154	0.417066	0.739619	0.375353	0.241731	1.22658	0.397283	0.989389	0.832288	0.539757	1.12977	0.918111	0.483362	0.800246	0.731772	0.508394	1.09903	0.961507	0.306232	0.239724	1.27269	0.426161	0.479903	0.862619	0.42149	0.116881	1.20493	0.292412	1.02567	1.00712	0.34282	1.31902	1.04509	0.441813	0.897501	0.909283	0.427776	0.455331	0.920011	0.386296	0.0895035	1.14503	0.425476	1.47493	0.956352	0.49247	0.879969	0.769201	0.545006	0.870893	0.825704	0.320767	0.0743186	1.1484	0.288117	0.461252	0.854661	0.540126	0.788719	0.818571	0.45897	1.10778	0.953012	0.459486	1.46756	0.90081	0.346515	1.45393	1.0165	0.291023	0.216016	1.16841	0.384304	0.395977	0.867284	0.25637	1.45455	0.827547	0.247212	1.28957	1.02328
29	0.278436	0.252906	1.54876	0.941982	0.263279	1.26076	0.770098	0.184225	0.0689586	0.865579	0.156971	1.0045	0.784988	-0.023619	1.1504	0.951744	0.0365127	0.790167	0.857499	0.00420597	1.13094	0.998352	0.234318	0.0212131	0.923091	0.141138	0.502301	0.768727	0.158773	0.0176823	0.754993	0.205311	1.03076	0.986995	0.15791	1.3493	1.02244	0.0722716	0.905318	0.84752	0.135258	0.431136	0.790805	0.222643	0.0342417	0.70062	0.0696836	1.49218	0.915766	0.0296089	0.879367	0.873532	-0.023125	0.882847	0.931669	0.285724	0.0198153	0.718449	0.274241	0.489383	0.802299	-0.0219665	0.797186	0.943404	0.0604722	1.14729	0.98963	0.0552101	1.48615	0.865344	0.172932	1.47471	0.994872	0.285449	0.0871773	0.852608	0.214605	0.416281	0.736623	0.377544	0.23755	1.19879	0.396316	0.991266	0.819888	0.538631	1.13091	0.91103	0.483261	0.798164	0.730173	0.506839	1.10077	0.954332	0.308672	0.233459	1.24547	0.425854	0.482771	0.839339	0.424514	0.114421	1.17205	0.292609	1.02708	0.99527	0.342146	1.32052	1.03344	0.441967	0.899351	0.895437	0.427649	0.457392	0.896353	0.389384	0.0890769	1.11143	0.425207	1.47627	0.945004	0.492186	0.878556	0.766099	0.54451	0.870571	0.822926	0.323892	0.0729981	1.11459	0.287853	0.464428	0.832278	0.539753	0.78833	0.81724	0.457515	1.10963	0.945472	0.45964	1.46882	0.889798	0.346019	1.45527	1.0047	0.293007	0.212876	1.14027	0.384111	0.398903	0.842809	0.256575	1.45589	0.815688	0.246858	1.29109	1.01127
30	0.28838	0.252952	1.55028	0.929926	0.263191	1.2621	0.758589	0.184309	0.0691431	0.865327	0.155967	1.0058	0.773886	-0.024581	1.1504	0.932556	0.0381941	0.791769	0.833582	0.0023378	1.13017	0.979267	0.23438	0.0218086	0.922993	0.140504	0.501897	0.76509	0.158706	0.0175301	0.755019	0.205613	1.03209	0.975559	0.157488	1.35101	1.01061	0.0719212	0.906267	0.837697	0.13475	0.43088	0.787925	0.222668	0.0340329	0.700526	0.0696488	1.49377	0.903479	0.0307334	0.880829	0.850784	-0.0234627	0.883344	0.907651	0.285695	0.0197503	0.718399	0.273596	0.489399	0.798382	-0.0226892	0.797505	0.917825	0.0588007	1.14681	0.972161	0.0553446	1.48771	0.852971	0.172788	1.47634	0.982865	0.285473	0.0874629	0.852167	0.213989	0.415575	0.73389	0.379714	0.231973	1.17019	0.395366	0.993104	0.807491	0.537515	1.13208	0.904096	0.483284	0.796276	0.72866	0.505298	1.10257	0.947345	0.311117	0.225835	1.21737	0.425452	0.485769	0.816349	0.427097	0.110657	1.13811	0.292915	1.02843	0.983476	0.341593	1.32197	1.02183	0.442195	0.901182	0.881636	0.42745	0.459343	0.872907	0.391881	0.0876914	1.07677	0.424975	1.47757	0.933714	0.492001	0.877288	0.763112	0.543997	0.870355	0.82035	0.326414	0.0709849	1.07965	0.287508	0.467767	0.810166	0.539312	0.788071	0.816088	0.456054	1.11154	0.938077	0.45981	1.47006	0.878851	0.345594	1.45654	0.992962	0.2949	0.208741	1.11131	0.383809	0.401977	0.818431	0.256776	1.45722	0.803943	0.246584	1.2925	0.999286
31	0.298324	0.253042	1.55171	0.917982	0.263072	1.26332	0.747346	0.184378	0.0693823	0.865078	0.154974	1.00702	0.762892	-0.0253964	1.15045	0.913305	0.0399601	0.793528	0.809439	0.000636935	1.12939	0.960054	0.234448	0.0224581	0.922849	0.139839	0.501562	0.761668	0.158641	0.0174213	0.755032	0.206052	1.03336	0.964213	0.157124	1.35262	0.998875	0.0715947	0.907176	0.828045	0.134194	0.430694	0.785239	0.222671	0.0338685	0.700424	0.0696547	1.49531	0.891376	0.0319512	0.882433	0.827822	-0.0236959	0.883998	0.88341	0.285665	0.0197235	0.718325	0.272955	0.489459	0.79469	-0.023367	0.798028	0.891934	0.0572713	1.14628	0.954526	0.0555125	1.48923	0.840787	0.172707	1.47788	0.970977	0.285478	0.0878408	0.851664	0.213306	0.414937	0.731403	0.38181	0.225127	1.14079	0.394446	0.994854	0.795099	0.536424	1.13327	0.89727	0.483404	0.794554	0.72719	0.503788	1.10442	0.940526	0.313514	0.216984	1.18839	0.424967	0.488831	0.793662	0.429272	0.105787	1.1032	0.293333	1.02968	0.971742	0.341152	1.32332	1.01027	0.442483	0.902943	0.867886	0.427188	0.46113	0.849683	0.393849	0.0854649	1.0412	0.424778	1.47881	0.922461	0.491901	0.876143	0.760199	0.543464	0.870222	0.817928	0.328397	0.0683828	1.04372	0.287094	0.471203	0.788364	0.538798	0.787917	0.815069	0.454612	1.11348	0.930814	0.459993	1.47125	0.867942	0.345238	1.45773	0.981282	0.29666	0.20372	1.08156	0.383394	0.405148	0.794174	0.256974	1.45849	0.792292	0.246392	1.2938	0.987344
32	0.308268	0.253168	1.55302	0.906131	0.262929	1.26441	0.736329	0.184429	0.0696729	0.864835	0.154007	1.00815	0.752004	-0.0260725	1.15057	0.894029	0.0417862	0.795467	0.785075	-0.000893328	1.1286	0.940756	0.234528	0.0231507	0.922664	0.139154	0.501286	0.758436	0.158578	0.0173529	0.755032	0.206626	1.03453	0.952952	0.156805	1.35412	0.98722	0.0712995	0.908032	0.818544	0.133591	0.430569	0.782723	0.222651	0.0337494	0.700311	0.0696922	1.49676	0.879418	0.0332497	0.884186	0.804677	-0.0238079	0.884807	0.858997	0.285629	0.0197392	0.718223	0.272328	0.489554	0.791217	-0.0239524	0.798751	0.865781	0.0558822	1.1457	0.936743	0.0557103	1.49067	0.828748	0.172676	1.47929	0.959185	0.285461	0.0883113	0.851102	0.212564	0.414356	0.729133	0.383782	0.217157	1.11061	0.393572	0.996471	0.78272	0.535369	1.13444	0.890515	0.48359	0.792968	0.725728	0.502325	1.1063	0.933846	0.315814	0.207047	1.15851	0.424406	0.491904	0.771295	0.431085	0.100027	1.06741	0.293865	1.03083	0.960068	0.340806	1.32457	0.998747	0.442824	0.904588	0.854193	0.426871	0.462717	0.826694	0.395366	0.0825451	1.0048	0.424614	1.47996	0.911228	0.491871	0.875099	0.757324	0.542912	0.870148	0.815605	0.329924	0.0653056	1.00687	0.286619	0.474671	0.766908	0.538208	0.78784	0.81413	0.453212	1.11543	0.92367	0.460186	1.47237	0.857046	0.344946	1.4588	0.969647	0.298254	0.197926	1.05109	0.382867	0.408367	0.770062	0.257171	1.45968	0.780712	0.246282	1.29497	0.975459
33	0.318212	0.253324	1.55419	0.894354	0.262773	1.26533	0.725478	0.184458	0.0700097	0.864604	0.153085	1.00915	0.741221	-0.0266191	1.15075	0.874759	0.0436487	0.797603	0.7605	-0.00225419	1.1278	0.921415	0.234624	0.0238743	0.922449	0.138463	0.501059	0.755363	0.158519	0.0173188	0.755021	0.207328	1.0356	0.94177	0.156519	1.35548	0.975627	0.0710441	0.908818	0.809167	0.132948	0.430495	0.780352	0.222609	0.0336731	0.700183	0.0697545	1.49809	0.867566	0.0346151	0.886092	0.781382	-0.0237852	0.885765	0.834462	0.285583	0.0197979	0.718094	0.271727	0.489676	0.787951	-0.0243994	0.799669	0.839419	0.0546292	1.14508	0.918837	0.0559367	1.49201	0.816815	0.172681	1.48058	0.947464	0.285425	0.0888706	0.850488	0.211773	0.41382	0.727047	0.385587	0.208222	1.07965	0.392758	0.997918	0.770363	0.534365	1.13557	0.883793	0.483809	0.791484	0.724238	0.500927	1.1082	0.927271	0.317972	0.196169	1.12775	0.423779	0.494942	0.74927	0.43259	0.0936002	1.03079	0.294508	1.03185	0.948455	0.340542	1.32568	0.98725	0.443211	0.906078	0.840569	0.426501	0.464081	0.803958	0.396518	0.0790983	0.967656	0.424482	1.48099	0.900004	0.491891	0.874129	0.75445	0.542347	0.870109	0.813326	0.331085	0.0618742	0.9692	0.286088	0.478113	0.74583	0.53755	0.787816	0.813219	0.45188	1.11737	0.916626	0.46039	1.47337	0.846143	0.344713	1.45974	0.958044	0.299654	0.191481	1.0199	0.38223	0.411596	0.746125	0.257374	1.46074	0.769186	0.246255	1.29601	0.963648
34	0.328156	0.253507	1.5552	0.882635	0.262615	1.26608	0.71473	0.184469	0.0703857	0.864387	0.15222	1.01	0.730543	-0.0270458	1.15098	0.855519	0.0455268	0.799949	0.735726	-0.00344996	1.12698	0.902068	0.234739	0.0246166	0.922217	0.137781	0.500869	0.752415	0.158466	0.0173119	0.755003	0.208147	1.03655	0.93066	0.156262	1.35669	0.964083	0.0708374	0.90952	0.799885	0.132276	0.430462	0.7781	0.22255	0.033635	0.700042	0.0698374	1.49928	0.855785	0.0360342	0.888149	0.75797	-0.0236174	0.886864	0.809852	0.285524	0.0198965	0.717939	0.271159	0.489817	0.784866	-0.0246659	0.800771	0.812899	0.0535076	1.14441	0.900834	0.0561916	1.49321	0.804948	0.172715	1.48171	0.935797	0.285371	0.0895104	0.849837	0.210951	0.413323	0.7251	0.38719	0.198486	1.04791	0.392018	0.999167	0.758039	0.533421	1.13661	0.877068	0.484032	0.790073	0.722691	0.499604	1.11007	0.92076	0.31995	0.184501	1.09607	0.423092	0.497908	0.727613	0.433836	0.0867227	0.99337	0.295256	1.03273	0.936901	0.340346	1.32663	0.975779	0.443642	0.907384	0.827025	0.426081	0.465213	0.781495	0.397385	0.0753006	0.929817	0.424383	1.48188	0.88878	0.491939	0.87321	0.751546	0.541774	0.870082	0.811036	0.331959	0.0582137	0.930765	0.285509	0.481475	0.725155	0.536834	0.78782	0.812282	0.450634	1.11924	0.909657	0.460604	1.47424	0.835217	0.344533	1.46054	0.946467	0.300842	0.184508	0.988016	0.38149	0.414799	0.722393	0.257588	1.46166	0.757697	0.246309	1.29691	0.951925
35	0.338101	0.253712	1.55603	0.870957	0.262467	1.26665	0.70402	0.184462	0.0707933	0.864185	0.151427	1.01067	0.719966	-0.0273608	1.15124	0.836327	0.0474043	0.802516	0.710775	-0.00448671	1.12616	0.882747	0.234877	0.025366	0.921984	0.137123	0.500704	0.749557	0.158418	0.0173243	0.754981	0.209071	1.03736	0.919614	0.15603	1.35773	0.952575	0.0706873	0.910127	0.790664	0.131587	0.430462	0.775935	0.222478	0.0336287	0.699889	0.0699395	1.50029	0.844043	0.0374952	0.890357	0.734476	-0.0232969	0.888092	0.785209	0.285453	0.0200285	0.717761	0.270631	0.489969	0.781932	-0.0247169	0.802045	0.786277	0.0525133	1.14369	0.882764	0.0564768	1.49424	0.793116	0.172771	1.48267	0.924166	0.285307	0.0902184	0.849168	0.210116	0.412856	0.723248	0.388567	0.188119	1.0154	0.391363	1.0002	0.745755	0.532546	1.13756	0.870308	0.484229	0.788703	0.721063	0.498367	1.11191	0.914267	0.321718	0.172196	1.06346	0.422355	0.500769	0.706355	0.434866	0.0796	0.955192	0.296101	1.03344	0.925401	0.340205	1.32742	0.96433	0.444117	0.908483	0.813575	0.425609	0.466109	0.759327	0.398034	0.0713288	0.891328	0.424316	1.48261	0.87755	0.491996	0.872318	0.748581	0.541198	0.870047	0.808683	0.332612	0.0544525	0.891622	0.284888	0.484706	0.7049	0.536076	0.787831	0.811265	0.449488	1.12104	0.902735	0.460832	1.47496	0.824255	0.344403	1.46118	0.934909	0.301808	0.177127	0.955452	0.380657	0.41795	0.698901	0.257819	1.4624	0.746231	0.246443	1.29767	0.940295
36	0.348045	0.25394	1.55668	0.859307	0.262343	1.26703	0.69329	0.184446	0.0712247	0.863995	0.150714	1.01115	0.709487	-0.0275698	1.15152	0.817198	0.049271	0.805308	0.685671	-0.00537121	1.12531	0.863478	0.235042	0.0261134	0.921764	0.136503	0.500555	0.746753	0.15838	0.0173484	0.754959	0.210085	1.03803	0.90862	0.155824	1.35859	0.941095	0.0705999	0.910626	0.781473	0.130897	0.430487	0.773827	0.222397	0.033647	0.699726	0.0700616	1.50112	0.832316	0.0389894	0.892711	0.710932	-0.0228188	0.889438	0.760572	0.285371	0.0201847	0.717568	0.270144	0.490127	0.779107	-0.0245257	0.803481	0.759603	0.0516432	1.14292	0.864654	0.0567951	1.49508	0.781295	0.172847	1.48346	0.912558	0.28524	0.0909793	0.848504	0.209288	0.412415	0.721443	0.389703	0.177294	0.982118	0.390801	1.00101	0.733519	0.531749	1.1384	0.863485	0.484376	0.787351	0.719331	0.497223	1.11367	0.907747	0.323253	0.15941	1.02992	0.421576	0.503498	0.685531	0.435708	0.0724204	0.916278	0.297031	1.03398	0.913946	0.340109	1.32803	0.952902	0.444636	0.909362	0.800235	0.425088	0.466772	0.737479	0.398511	0.0673545	0.852227	0.424282	1.48318	0.866312	0.492043	0.871432	0.745528	0.540627	0.869986	0.806217	0.33309	0.0507215	0.851825	0.284233	0.487759	0.685076	0.535294	0.787832	0.810121	0.44845	1.12273	0.895825	0.461074	1.4755	0.813253	0.344318	1.46166	0.923365	0.30255	0.169462	0.922208	0.379744	0.421027	0.675686	0.258074	1.46295	0.734776	0.246652	1.29828	0.928758
37	0.357989	0.25419	1.55713	0.847674	0.262254	1.26723	0.682495	0.184427	0.071673	0.863816	0.15009	1.01143	0.699094	-0.0276761	1.15179	0.798142	0.0511232	0.808327	0.660448	-0.00611023	1.12444	0.844282	0.235234	0.0268529	0.921569	0.135929	0.500413	0.743966	0.158353	0.0173775	0.754939	0.211173	1.03853	0.897671	0.155644	1.35926	0.929634	0.0705783	0.91101	0.772284	0.130218	0.430529	0.771745	0.222312	0.0336821	0.699558	0.0702068	1.50175	0.820582	0.0405111	0.895207	0.687371	-0.0221799	0.890891	0.735978	0.285282	0.020354	0.717366	0.269698	0.490283	0.77635	-0.024075	0.805066	0.73293	0.0508959	1.14209	0.846534	0.0571499	1.49571	0.769464	0.172943	1.48406	0.900963	0.285179	0.0917765	0.84787	0.208485	0.411995	0.719641	0.39059	0.166186	0.948058	0.390339	1.00159	0.721334	0.531031	1.1391	0.856573	0.484455	0.785995	0.717472	0.496175	1.11534	0.901152	0.324536	0.1463	0.995418	0.420766	0.506067	0.665178	0.436375	0.0653547	0.876653	0.298034	1.03435	0.902525	0.340051	1.32845	0.941492	0.445202	0.910013	0.787016	0.42452	0.467203	0.715973	0.398843	0.0635397	0.812551	0.424283	1.48356	0.855064	0.492065	0.870534	0.742362	0.540067	0.869886	0.803595	0.333418	0.0471541	0.811426	0.283553	0.490592	0.665686	0.534504	0.787807	0.808804	0.447522	1.12429	0.888889	0.461334	1.47586	0.802208	0.344275	1.46196	0.911833	0.30307	0.161636	0.888282	0.378769	0.424015	0.652787	0.25836	1.46329	0.723324	0.24693	1.29873	0.917309
38	0.367933	0.254463	1.55739	0.836049	0.262211	1.26724	0.671607	0.184414	0.0721331	0.863643	0.149557	1.01151	0.688774	-0.0276811	1.15202	0.77917	0.0529639	0.81157	0.635142	-0.00671008	1.12355	0.825177	0.235453	0.0275826	0.921406	0.135408	0.500271	0.741163	0.158338	0.0174062	0.754926	0.212318	1.03888	0.886756	0.155493	1.35974	0.918185	0.0706224	0.911273	0.763077	0.129564	0.430584	0.769661	0.22223	0.0337256	0.699391	0.0703795	1.50216	0.808825	0.0420585	0.897839	0.663827	-0.0213794	0.892443	0.71146	0.285192	0.020524	0.717167	0.269292	0.490432	0.773613	-0.0233573	0.806791	0.706304	0.0502714	1.14122	0.82843	0.057545	1.49613	0.757611	0.17306	1.48447	0.889372	0.285135	0.0925936	0.847284	0.207721	0.411592	0.717802	0.391225	0.154971	0.913223	0.389978	1.00194	0.709202	0.530394	1.13967	0.849551	0.484454	0.784618	0.715469	0.495226	1.11687	0.89444	0.325551	0.13303	0.95995	0.419938	0.508445	0.645334	0.436863	0.0585567	0.83635	0.299096	1.03452	0.891125	0.340027	1.32868	0.930098	0.445815	0.910433	0.773931	0.423909	0.467404	0.694832	0.399035	0.0600345	0.772343	0.424318	1.48376	0.843808	0.49205	0.869607	0.739059	0.539523	0.869733	0.800781	0.333599	0.0438852	0.770484	0.282856	0.493163	0.646734	0.533722	0.787747	0.807276	0.4467	1.1257	0.881887	0.461615	1.47604	0.791125	0.344272	1.46209	0.90031	0.303376	0.153776	0.853676	0.37775	0.426898	0.630247	0.258682	1.46342	0.711867	0.24727	1.29902	0.905935
39	0.377877	0.254761	1.55745	0.824425	0.262223	1.26707	0.660613	0.184414	0.0726025	0.863472	0.149116	1.0114	0.678508	-0.0275857	1.15219	0.760296	0.0548013	0.815031	0.609795	-0.00717656	1.12262	0.806178	0.235698	0.0283056	0.921279	0.134941	0.500126	0.738314	0.158338	0.0174304	0.754922	0.213507	1.03904	0.875864	0.155374	1.36002	0.906742	0.0707278	0.911412	0.753835	0.128944	0.430648	0.767547	0.222154	0.0337692	0.699229	0.070585	1.50237	0.797037	0.0436333	0.900602	0.640332	-0.0204179	0.894084	0.687052	0.285108	0.0206821	0.71698	0.26892	0.490567	0.770848	-0.0223738	0.80865	0.679771	0.0497705	1.14029	0.810366	0.0579844	1.49633	0.745728	0.1732	1.4847	0.877779	0.285115	0.0934159	0.846762	0.207004	0.411201	0.715893	0.391611	0.143827	0.877618	0.389718	1.00209	0.697118	0.529835	1.1401	0.842402	0.484366	0.78321	0.713299	0.494371	1.11826	0.887574	0.326284	0.119767	0.923507	0.419106	0.510599	0.626038	0.43716	0.0521662	0.795411	0.300204	1.0345	0.87973	0.340033	1.32871	0.918715	0.446475	0.910624	0.760986	0.423264	0.46737	0.674077	0.39908	0.0569764	0.731658	0.424388	1.48379	0.832544	0.491992	0.868637	0.735595	0.539	0.869518	0.797743	0.333624	0.041051	0.729065	0.282153	0.495434	0.628224	0.532962	0.78764	0.805502	0.445978	1.12695	0.874778	0.461919	1.47603	0.78001	0.344305	1.46205	0.888794	0.303475	0.146013	0.818399	0.376708	0.429667	0.60811	0.259045	1.46334	0.700401	0.247666	1.29915	0.894623
40	0.387821	0.255086	1.55732	0.812795	0.262294	1.26672	0.649513	0.184433	0.0730816	0.863297	0.148767	1.0111	0.668271	-0.0273921	1.15228	0.74154	0.0566485	0.818705	0.584451	-0.0075151	1.12166	0.787298	0.235965	0.0290294	0.921185	0.134523	0.499975	0.73539	0.158353	0.0174479	0.75493	0.214726	1.03903	0.864985	0.155291	1.3601	0.895297	0.070887	0.911427	0.744552	0.128366	0.430718	0.765378	0.222089	0.0338047	0.699081	0.070829	1.50236	0.78521	0.0452401	0.903487	0.616922	-0.0192979	0.89581	0.662785	0.285036	0.0208164	0.716815	0.268579	0.490683	0.768009	-0.0211333	0.810636	0.653371	0.0493947	1.1393	0.792365	0.0584718	1.4963	0.733811	0.173368	1.48473	0.866179	0.285125	0.0942323	0.846306	0.206337	0.410818	0.713884	0.39175	0.13293	0.841254	0.389555	1.00202	0.685075	0.529349	1.14038	0.835112	0.484193	0.781759	0.710941	0.493607	1.11947	0.880525	0.326722	0.106683	0.886099	0.418287	0.512491	0.607326	0.437244	0.046311	0.75389	0.301348	1.03429	0.868323	0.340069	1.32856	0.907341	0.447182	0.91059	0.748181	0.422595	0.467095	0.653729	0.398958	0.05449	0.690565	0.424494	1.48363	0.821274	0.49189	0.867612	0.731949	0.538501	0.869231	0.794456	0.333474	0.0387869	0.687248	0.281454	0.497368	0.610164	0.532233	0.78748	0.80345	0.445344	1.12802	0.867528	0.46225	1.47584	0.768872	0.344375	1.46182	0.877282	0.303379	0.138484	0.78247	0.375667	0.432309	0.586419	0.259453	1.46305	0.688921	0.24811	1.2991	0.883356
41	0.397765	0.255441	1.55699	0.801156	0.262428	1.26619	0.638319	0.184473	0.0735741	0.863114	0.148503	1.01063	0.658037	-0.0271048	1.15229	0.722925	0.0585213	0.822579	0.559157	-0.00773104	1.12065	0.768549	0.236249	0.0297653	0.921119	0.134149	0.499818	0.732367	0.158384	0.0174579	0.754953	0.215965	1.03883	0.854109	0.155245	1.35999	0.883847	0.0710897	0.911317	0.735228	0.127833	0.430795	0.763131	0.222039	0.0338249	0.698953	0.071117	1.50216	0.773343	0.0468856	0.906483	0.593634	-0.0180234	0.897613	0.638691	0.284983	0.0209176	0.716682	0.268264	0.490775	0.765048	-0.0196508	0.812745	0.627142	0.0491445	1.13825	0.774449	0.0590105	1.49607	0.721858	0.173568	1.48458	0.854568	0.285166	0.0950351	0.845913	0.205716	0.410436	0.711751	0.391649	0.122448	0.80416	0.389484	1.00177	0.673063	0.52893	1.14052	0.82767	0.483942	0.780262	0.708372	0.492928	1.1205	0.873272	0.326854	0.0939558	0.847751	0.4175	0.514082	0.589234	0.43709	0.0411097	0.711863	0.302517	1.03388	0.856885	0.340133	1.32823	0.895971	0.447932	0.910336	0.735513	0.421916	0.466566	0.63381	0.398648	0.0526877	0.649149	0.424638	1.48329	0.809998	0.491746	0.866523	0.728099	0.538028	0.868866	0.790899	0.333127	0.0372246	0.645124	0.280772	0.498934	0.59257	0.531543	0.78726	0.801095	0.444789	1.12891	0.860103	0.462609	1.47547	0.757719	0.344481	1.46143	0.865772	0.303098	0.131331	0.745929	0.374651	0.434813	0.56522	0.259908	1.46255	0.677424	0.248596	1.29888	0.872118
42	0.407709	0.255831	1.55648	0.789503	0.262624	1.26549	0.627049	0.184534	0.0740865	0.862917	0.148318	1.01001	0.647779	-0.0267318	1.15219	0.704484	0.0604367	0.826642	0.533961	-0.00782993	1.11961	0.749943	0.236542	0.0305278	0.921072	0.133808	0.499653	0.72922	0.158431	0.0174611	0.754992	0.217216	1.03844	0.843224	0.155239	1.3597	0.872386	0.0713239	0.911085	0.725867	0.127346	0.430877	0.760783	0.222004	0.0338242	0.698853	0.0714539	1.50175	0.761435	0.0485775	0.909581	0.570503	-0.0165997	0.899488	0.6148	0.284953	0.0209793	0.716585	0.267969	0.490838	0.761923	-0.0179451	0.814973	0.601118	0.0490194	1.13714	0.756635	0.0596031	1.49563	0.709871	0.173802	1.48425	0.842942	0.285236	0.0958207	0.845568	0.205134	0.41005	0.709476	0.391312	0.112542	0.766383	0.389498	1.00132	0.661067	0.528572	1.14051	0.820068	0.483624	0.778714	0.705567	0.492325	1.12133	0.865805	0.326674	0.0817644	0.808516	0.416764	0.515331	0.571793	0.436681	0.0366722	0.669425	0.303705	1.03327	0.845401	0.340227	1.32772	0.884599	0.448723	0.909867	0.722969	0.421243	0.465771	0.614338	0.398132	0.0516685	0.607517	0.42482	1.48278	0.798714	0.49157	0.865362	0.724021	0.537583	0.868413	0.787057	0.332565	0.0364881	0.6028	0.280118	0.500103	0.575461	0.530896	0.786973	0.798412	0.444302	1.1296	0.852481	0.463001	1.47492	0.746558	0.344624	1.46086	0.85426	0.302642	0.124697	0.70884	0.373683	0.437166	0.544556	0.260412	1.46186	0.665906	0.249119	1.29849	0.860893
43	0.417654	0.256259	1.55579	0.777833	0.262878	1.26462	0.615723	0.184613	0.0746277	0.862702	0.148204	1.00924	0.637471	-0.0262838	1.15202	0.686252	0.0624114	0.830881	0.508914	-0.00781786	1.11853	0.731493	0.236838	0.0313328	0.921033	0.133492	0.499479	0.725927	0.158492	0.0174597	0.755049	0.218476	1.03787	0.832318	0.155276	1.35922	0.860909	0.0715779	0.910733	0.716475	0.126903	0.430964	0.758311	0.221984	0.0337994	0.698786	0.071844	1.50116	0.749488	0.0503237	0.912768	0.547567	-0.0150335	0.901431	0.591139	0.284951	0.0209995	0.716529	0.26769	0.490865	0.758594	-0.0160378	0.817315	0.575332	0.0490169	1.13597	0.73894	0.0602515	1.495	0.69785	0.174078	1.48374	0.831299	0.285329	0.0965889	0.845251	0.20458	0.409653	0.707039	0.39075	0.103356	0.728001	0.389584	1.0007	0.649069	0.528266	1.14036	0.812299	0.483255	0.777113	0.702498	0.491788	1.12195	0.858119	0.32618	0.0702844	0.76848	0.416101	0.516198	0.55503	0.436003	0.0330984	0.626696	0.30491	1.03247	0.833855	0.340353	1.32703	0.873219	0.449549	0.909192	0.710529	0.420595	0.464697	0.595335	0.397401	0.0515172	0.565796	0.425043	1.4821	0.78742	0.491371	0.86412	0.719694	0.537168	0.867866	0.782915	0.33178	0.0366878	0.560404	0.279504	0.50085	0.558859	0.530293	0.786613	0.795381	0.443873	1.13008	0.844644	0.463429	1.47421	0.735393	0.344805	1.46013	0.842741	0.302026	0.118722	0.671295	0.372789	0.439356	0.524466	0.260964	1.46099	0.654366	0.249678	1.29793	0.849667
44	0.427598	0.256731	1.55493	0.766145	0.263182	1.26357	0.604359	0.184704	0.0752079	0.862463	0.148148	1.00834	0.627088	-0.0257738	1.15176	0.668266	0.0644604	0.835277	0.484066	-0.00770168	1.1174	0.713212	0.237126	0.0321973	0.92099	0.133191	0.499292	0.722468	0.158565	0.017457	0.755125	0.219745	1.03712	0.821376	0.155358	1.35858	0.849412	0.0718413	0.910267	0.707059	0.126501	0.431054	0.755692	0.221979	0.0337502	0.698754	0.0722911	1.5004	0.737505	0.052131	0.916031	0.524863	-0.0133325	0.903434	0.567738	0.284974	0.0209812	0.716512	0.267424	0.490851	0.755023	-0.0139506	0.819768	0.549813	0.0491319	1.13474	0.72138	0.0609569	1.49419	0.685798	0.174398	1.48307	0.819635	0.285437	0.0973427	0.844937	0.204044	0.409235	0.704423	0.389975	0.0950163	0.689122	0.389731	0.999912	0.637048	0.528007	1.14005	0.80436	0.482855	0.775457	0.699138	0.491309	1.12236	0.850215	0.325385	0.0596819	0.727767	0.415531	0.516652	0.538962	0.435059	0.0304749	0.583827	0.306132	1.03146	0.822231	0.340514	1.32617	0.861823	0.450406	0.908319	0.698166	0.419991	0.463336	0.576817	0.396456	0.0523004	0.524138	0.425311	1.48126	0.776112	0.491165	0.862792	0.715095	0.536783	0.867216	0.778461	0.330776	0.0379127	0.518083	0.278945	0.501163	0.542789	0.529734	0.78617	0.791982	0.443497	1.13035	0.836582	0.463896	1.47333	0.724225	0.345027	1.45922	0.83121	0.301263	0.113533	0.633418	0.371993	0.441368	0.504987	0.261565	1.45994	0.642799	0.25027	1.2972	0.838427
45	0.437542	0.257254	1.55389	0.754434	0.263528	1.26237	0.592971	0.184799	0.075838	0.862192	0.148137	1.00734	0.616615	-0.0252148	1.15143	0.650559	0.0665957	0.839814	0.459468	-0.00748916	1.11622	0.695114	0.237397	0.0331377	0.920932	0.132899	0.499086	0.718822	0.158648	0.0174574	0.755218	0.221028	1.03618	0.810385	0.15549	1.35779	0.837893	0.0721068	0.909691	0.697624	0.126135	0.431145	0.752901	0.221987	0.0336793	0.698759	0.0727981	1.49948	0.725487	0.0540048	0.919356	0.502425	-0.0115049	0.905491	0.544622	0.285022	0.0209315	0.716532	0.267168	0.490789	0.751179	-0.0117048	0.822324	0.524589	0.0493574	1.13345	0.703969	0.0617196	1.49323	0.673717	0.17477	1.48225	0.807948	0.285548	0.0980882	0.844601	0.203514	0.408788	0.70161	0.389005	0.0876201	0.649898	0.389924	0.998964	0.624983	0.527789	1.13959	0.796247	0.482445	0.773744	0.695455	0.490878	1.12255	0.8421	0.324307	0.0501037	0.686545	0.415072	0.51667	0.523594	0.433863	0.0288692	0.540994	0.307374	1.03025	0.810516	0.340714	1.32514	0.850404	0.451287	0.907259	0.685843	0.419449	0.461686	0.5588	0.395315	0.0540612	0.482719	0.425628	1.48025	0.764782	0.490964	0.861374	0.710204	0.536429	0.866457	0.773684	0.329571	0.040222	0.476012	0.278452	0.501038	0.527269	0.529217	0.785636	0.788198	0.443168	1.13041	0.828289	0.464406	1.47228	0.713048	0.345296	1.45816	0.819661	0.300374	0.109239	0.59537	0.371314	0.44319	0.486144	0.262214	1.45874	0.631201	0.250899	1.2963	0.827164
46	0.447486	0.257832	1.5527	0.742697	0.263905	1.261	0.581567	0.184889	0.0765285	0.861884	0.148159	1.00622	0.606037	-0.0246189	1.15104	0.633156	0.0688255	0.84447	0.43517	-0.00718893	1.11501	0.677211	0.237643	0.0341694	0.920847	0.132611	0.498853	0.71497	0.158738	0.0174664	0.755327	0.222333	1.03507	0.799328	0.155677	1.35684	0.826346	0.0723706	0.909007	0.68817	0.125803	0.431232	0.749911	0.222003	0.0335922	0.698797	0.0733674	1.49841	0.713439	0.0559484	0.922729	0.480285	-0.00956	0.907593	0.521816	0.285087	0.0208619	0.71658	0.266923	0.490669	0.747033	-0.00932004	0.824975	0.49969	0.0496842	1.13211	0.68672	0.0625391	1.49211	0.661611	0.175197	1.48127	0.796235	0.285653	0.0988341	0.844221	0.202985	0.408301	0.698581	0.387865	0.0812371	0.610521	0.390146	0.997864	0.61285	0.527609	1.13896	0.78796	0.482048	0.771971	0.691419	0.490486	1.12254	0.833779	0.322983	0.0416676	0.645033	0.41474	0.516244	0.508917	0.432445	0.0283219	0.498411	0.308645	1.02886	0.798701	0.340958	1.32395	0.838951	0.45219	0.906025	0.673522	0.418989	0.459754	0.541291	0.394004	0.0568127	0.441737	0.425999	1.47907	0.753425	0.490783	0.85986	0.704999	0.536108	0.865581	0.768574	0.328197	0.0436354	0.434391	0.278039	0.500486	0.512308	0.528739	0.785	0.784017	0.442884	1.13025	0.819762	0.464962	1.47106	0.701855	0.345616	1.45693	0.808087	0.29938	0.105915	0.557347	0.370771	0.444811	0.467953	0.262909	1.45738	0.619569	0.251567	1.29524	0.815866
47	0.45743	0.258474	1.55136	0.730932	0.264304	1.25949	0.570146	0.184966	0.0772895	0.861529	0.148199	1.00502	0.595346	-0.0239947	1.1506	0.616073	0.0711543	0.849222	0.411222	-0.00681041	1.11375	0.659518	0.237855	0.0353065	0.920728	0.132328	0.498579	0.710894	0.158834	0.0174899	0.755448	0.22367	1.03379	0.788189	0.155925	1.35576	0.814769	0.0726329	0.908221	0.678694	0.125502	0.431306	0.746695	0.222025	0.0334965	0.698864	0.0740009	1.49722	0.701364	0.0579631	0.926136	0.458473	-0.00750718	0.909731	0.499344	0.285164	0.0207862	0.716647	0.266691	0.490485	0.742564	-0.00681369	0.827711	0.475143	0.0501022	1.13072	0.669644	0.0634139	1.49086	0.649484	0.175687	1.48017	0.784492	0.285744	0.0995914	0.843776	0.202456	0.407764	0.695318	0.386589	0.075902	0.571227	0.390382	0.996622	0.600629	0.527467	1.13818	0.779497	0.481683	0.770133	0.687002	0.490129	1.12232	0.825258	0.321457	0.0344525	0.603497	0.414545	0.515385	0.494898	0.430847	0.0288376	0.456319	0.309951	1.02727	0.786776	0.341252	1.3226	0.827454	0.45311	0.904634	0.661157	0.418625	0.45756	0.524291	0.392564	0.0605294	0.401417	0.42643	1.47773	0.74203	0.490635	0.858248	0.699462	0.53582	0.864582	0.76312	0.326694	0.0481242	0.393445	0.277717	0.499531	0.497901	0.528296	0.78425	0.779426	0.442646	1.12987	0.810999	0.465569	1.46968	0.690634	0.345994	1.45554	0.796482	0.29831	0.1036	0.519582	0.370376	0.446221	0.450416	0.263649	1.45588	0.607897	0.252279	1.29402	0.804526
48	0.467374	0.259186	1.54987	0.719135	0.264717	1.25784	0.558699	0.185025	0.0781297	0.86112	0.148245	1.00372	0.58454	-0.0233466	1.15011	0.59931	0.0735827	0.854045	0.387669	-0.0063635	1.11245	0.642046	0.238025	0.0365614	0.920568	0.132056	0.498252	0.706575	0.15893	0.0175338	0.755575	0.22505	1.03235	0.776949	0.156243	1.35455	0.803158	0.0728985	0.907333	0.669189	0.125233	0.431361	0.743225	0.222049	0.0334015	0.698951	0.0747004	1.4959	0.689265	0.060048	0.929562	0.437015	-0.00535644	0.911893	0.477227	0.285244	0.0207192	0.716723	0.266478	0.490227	0.737752	-0.00420096	0.830517	0.450977	0.0506007	1.1293	0.652752	0.0643417	1.4895	0.637339	0.176245	1.47893	0.772717	0.285814	0.100374	0.843253	0.20193	0.407165	0.691804	0.385218	0.0716127	0.532298	0.390614	0.995246	0.588299	0.527361	1.13723	0.770857	0.481369	0.768226	0.682177	0.4898	1.12189	0.816542	0.319791	0.0284905	0.562257	0.414494	0.514122	0.481481	0.429122	0.0303763	0.414993	0.311302	1.02551	0.774738	0.341602	1.32109	0.815903	0.454043	0.903107	0.648705	0.418372	0.455136	0.507786	0.391041	0.0651398	0.362006	0.426928	1.47622	0.730587	0.490532	0.856534	0.693576	0.535568	0.863455	0.75731	0.32511	0.0536023	0.35343	0.277496	0.498214	0.484022	0.527885	0.783373	0.774416	0.442454	1.12927	0.801999	0.466231	1.46814	0.679371	0.346439	1.454	0.784836	0.297194	0.102283	0.482343	0.370133	0.447415	0.433515	0.264434	1.45426	0.596179	0.253041	1.29267	0.793133
49	0.477318	0.259974	1.54825	0.707303	0.265138	1.25606	0.547211	0.185058	0.0790572	0.860649	0.148286	1.00234	0.573616	-0.0226746	1.14958	0.582856	0.0761077	0.858911	0.364555	-0.00585826	1.11111	0.624807	0.238148	0.0379451	0.920364	0.131804	0.497858	0.701998	0.159024	0.0176036	0.755702	0.226484	1.03077	0.765592	0.156639	1.35323	0.791508	0.0731752	0.906346	0.659642	0.124999	0.431387	0.739474	0.222071	0.0333176	0.699046	0.0754668	1.49449	0.677144	0.0622006	0.93299	0.415934	-0.00311811	0.914068	0.455485	0.285317	0.0206745	0.716794	0.266294	0.489892	0.732586	-0.00149503	0.833378	0.427219	0.0511695	1.12784	0.636052	0.0653194	1.48803	0.625182	0.176878	1.47757	0.760907	0.28586	0.101197	0.842643	0.201421	0.406496	0.688021	0.383803	0.0683277	0.494053	0.390828	0.993748	0.575843	0.527296	1.13611	0.762037	0.481121	0.766245	0.676917	0.489499	1.12126	0.807628	0.318051	0.0237616	0.521677	0.414586	0.512507	0.468584	0.427326	0.0328464	0.374732	0.312705	1.02359	0.762583	0.342015	1.31943	0.804287	0.454986	0.901467	0.636121	0.418238	0.452528	0.491746	0.389484	0.0705198	0.323767	0.427499	1.47455	0.719085	0.490482	0.854715	0.687326	0.535352	0.862194	0.751135	0.323494	0.0599218	0.314621	0.277383	0.496592	0.470621	0.527503	0.782359	0.76898	0.442312	1.12845	0.792759	0.466952	1.46642	0.66805	0.346958	1.45231	0.773143	0.296069	0.101903	0.445924	0.370042	0.448389	0.417217	0.265261	1.45251	0.584409	0.253857	1.29117	0.781679
50	0.487263	0.260842	1.54651	0.69543	0.265566	1.25416	0.535661	0.185064	0.0800794	0.860109	0.148314	1.00087	0.562576	-0.0219751	1.14901	0.566688	0.0787235	0.86379	0.341918	-0.00530426	1.10975	0.607808	0.238221	0.0394678	0.920116	0.131586	0.497384	0.69715	0.159111	0.0177031	0.75582	0.227978	1.02905	0.754102	0.157122	1.3518	0.779815	0.0734739	0.905261	0.650036	0.124807	0.431375	0.735416	0.222087	0.0332549	0.699137	0.0763012	1.49298	0.665003	0.0644163	0.936405	0.395253	-0.000802924	0.916242	0.434138	0.285375	0.0206631	0.716845	0.266154	0.489476	0.727058	0.00129254	0.836276	0.403898	0.0517997	1.12635	0.619554	0.0663434	1.48648	0.613019	0.177592	1.47611	0.749059	0.285883	0.102077	0.841944	0.200945	0.40575	0.683956	0.3824	0.0659665	0.456843	0.391014	0.992138	0.563247	0.527273	1.13482	0.753032	0.480949	0.764183	0.671204	0.489229	1.12043	0.798512	0.316315	0.020193	0.482162	0.414813	0.510607	0.456098	0.425518	0.0360998	0.335857	0.314165	1.02154	0.750314	0.342497	1.31762	0.792597	0.455937	0.899742	0.623364	0.418227	0.449795	0.476129	0.387938	0.0764894	0.286977	0.42815	1.47272	0.707513	0.490492	0.852791	0.680699	0.535174	0.860798	0.744582	0.321893	0.0668715	0.27731	0.277379	0.494733	0.457625	0.527148	0.781197	0.763113	0.442221	1.12741	0.783273	0.467735	1.46454	0.656653	0.347561	1.45047	0.761395	0.294971	0.102348	0.410642	0.370092	0.449146	0.401466	0.266132	1.45066	0.57258	0.254733	1.28955	0.770152
51	0.497207	0.261796	1.54465	0.683514	0.266002	1.25218	0.524026	0.185041	0.0812037	0.859496	0.148325	0.999312	0.551419	-0.021242	1.14838	0.550781	0.0814219	0.868653	0.319793	-0.00471002	1.10837	0.591058	0.238241	0.0411393	0.919825	0.131419	0.49682	0.692017	0.159187	0.0178331	0.75592	0.229539	1.02721	0.742463	0.157701	1.35028	0.76807	0.0738072	0.90408	0.64035	0.124667	0.431318	0.731029	0.222094	0.0332228	0.699207	0.0772041	1.49139	0.652845	0.0666895	0.939786	0.374989	0.00157791	0.918401	0.413203	0.285409	0.0206911	0.716864	0.266072	0.488982	0.721164	0.00415127	0.839192	0.381041	0.0524837	1.12484	0.603264	0.0674096	1.48486	0.600854	0.178392	1.47455	0.737169	0.285884	0.103034	0.841158	0.200526	0.404921	0.679596	0.381067	0.0644123	0.421038	0.391163	0.990432	0.550502	0.527297	1.13336	0.743836	0.480861	0.762038	0.665021	0.488993	1.11941	0.789184	0.314659	0.0176622	0.444143	0.415162	0.508509	0.443888	0.423752	0.0399329	0.298702	0.315682	1.01939	0.737934	0.343055	1.31568	0.780822	0.456893	0.897959	0.610401	0.418339	0.447004	0.460872	0.386445	0.0828142	0.251916	0.428887	1.47074	0.695859	0.490566	0.850762	0.673683	0.535036	0.859265	0.737641	0.320348	0.0741804	0.241793	0.277484	0.492712	0.444938	0.526822	0.779882	0.75681	0.442185	1.12616	0.773538	0.468584	1.46251	0.645164	0.348255	1.44851	0.749586	0.29394	0.103454	0.376823	0.370268	0.44969	0.386188	0.267046	1.44872	0.560684	0.255671	1.28782	0.758541
52	0.507151	0.262838	1.5427	0.671549	0.266452	1.25013	0.512281	0.184988	0.0824385	0.858806	0.148318	0.997673	0.540142	-0.0204686	1.1477	0.535108	0.084193	0.873466	0.298207	-0.00408217	1.10697	0.574563	0.238209	0.0429701	0.919495	0.13132	0.496163	0.686589	0.159248	0.0179907	0.755993	0.231165	1.02528	0.730661	0.158385	1.34867	0.756267	0.0741882	0.902807	0.630558	0.124589	0.431212	0.726295	0.222086	0.0332285	0.699239	0.0781754	1.48974	0.640669	0.0690134	0.943113	0.35516	0.00401267	0.920533	0.392695	0.285413	0.0207589	0.716836	0.266066	0.488416	0.714905	0.00707119	0.842103	0.358675	0.0532158	1.12332	0.587188	0.068514	1.48317	0.588692	0.179282	1.4729	0.725233	0.285868	0.104085	0.840286	0.200188	0.404009	0.674934	0.379863	0.0635177	0.387013	0.391273	0.988646	0.537599	0.527372	1.13175	0.734437	0.48086	0.759807	0.658355	0.488799	1.11819	0.779628	0.31316	0.0160059	0.408062	0.415613	0.50631	0.431804	0.422076	0.0440929	0.263596	0.317251	1.01718	0.725448	0.343694	1.31361	0.768954	0.457851	0.896153	0.597203	0.418567	0.444232	0.445902	0.385037	0.0892125	0.218856	0.429713	1.46861	0.684116	0.490707	0.848631	0.666271	0.534942	0.857599	0.730303	0.318888	0.0815286	0.208361	0.27769	0.490614	0.432445	0.526527	0.778412	0.750067	0.442204	1.12472	0.763546	0.469501	1.46033	0.633569	0.349047	1.44644	0.737708	0.293011	0.105021	0.344788	0.370547	0.450027	0.371295	0.268005	1.4467	0.548715	0.256673	1.28599	0.746833
53	0.517095	0.263968	1.54067	0.65953	0.266924	1.24804	0.500403	0.184908	0.083794	0.85804	0.1483	0.995953	0.528739	-0.0196486	1.14696	0.519645	0.0870254	0.878197	0.277185	-0.00342482	1.10555	0.558327	0.238131	0.0449731	0.919133	0.131305	0.495414	0.68085	0.159288	0.0181674	0.756033	0.23285	1.02328	0.718684	0.159178	1.34699	0.744396	0.0746298	0.901447	0.620629	0.124587	0.431056	0.721201	0.222059	0.0332762	0.699216	0.0792147	1.48804	0.628475	0.0713804	0.946366	0.335781	0.00648909	0.922621	0.37263	0.285381	0.0208599	0.71675	0.266154	0.48779	0.708282	0.0100423	0.844988	0.336824	0.0539918	1.12178	0.571332	0.0696529	1.48145	0.576534	0.180265	1.47118	0.713245	0.28584	0.105251	0.839333	0.199956	0.403019	0.66996	0.378842	0.063114	0.355126	0.39135	0.986801	0.524534	0.527502	1.12998	0.724819	0.480946	0.757492	0.6512	0.488655	1.11678	0.769824	0.311885	0.0150324	0.374347	0.416141	0.504108	0.419686	0.42053	0.0482898	0.230857	0.318864	1.01493	0.712857	0.344417	1.31145	0.756986	0.458808	0.894355	0.583753	0.418899	0.441558	0.431136	0.38374	0.0953682	0.188049	0.430633	1.46636	0.672273	0.490915	0.846403	0.658453	0.534892	0.855803	0.722557	0.317537	0.0885635	0.17728	0.277985	0.488518	0.42002	0.526267	0.776789	0.74288	0.442275	1.1231	0.75329	0.470488	1.45801	0.621856	0.34994	1.44427	0.725756	0.292218	0.106821	0.314835	0.370899	0.450168	0.356687	0.269011	1.44462	0.536665	0.257738	1.28407	0.735012
54	0.527039	0.265185	1.53859	0.647454	0.267429	1.24593	0.488371	0.184802	0.0852833	0.857196	0.148278	0.994159	0.517198	-0.0187776	1.14616	0.504376	0.089907	0.882813	0.256744	-0.00273905	1.10413	0.542353	0.238013	0.0471648	0.918741	0.131388	0.494587	0.674786	0.159305	0.0183494	0.756034	0.234582	1.02124	0.706517	0.160085	1.34525	0.732445	0.075144	0.900008	0.610532	0.124673	0.430856	0.715738	0.222009	0.0333654	0.699123	0.0803209	1.4863	0.616259	0.0737824	0.949523	0.316866	0.00899434	0.924652	0.353022	0.285312	0.0209802	0.716598	0.266351	0.48712	0.701296	0.0130542	0.847825	0.315512	0.0548088	1.12023	0.555702	0.0708235	1.47971	0.564378	0.181341	1.4694	0.7012	0.285801	0.10655	0.838295	0.19985	0.401958	0.664669	0.378049	0.0630225	0.325704	0.391402	0.984919	0.511304	0.527688	1.12807	0.714962	0.481118	0.755097	0.64355	0.488571	1.11519	0.759749	0.310888	0.0145382	0.343392	0.416718	0.502002	0.407379	0.419142	0.0522152	0.200768	0.320504	1.0127	0.700163	0.345224	1.3092	0.74491	0.459763	0.892602	0.570039	0.419317	0.439057	0.416489	0.382568	0.10095	0.159715	0.431646	1.464	0.660326	0.491191	0.844089	0.650221	0.534892	0.853889	0.714394	0.316308	0.0949218	0.14878	0.27835	0.486503	0.407536	0.526048	0.775022	0.735242	0.442395	1.12132	0.742764	0.471546	1.45559	0.610016	0.350935	1.44203	0.713725	0.291584	0.10862	0.287226	0.371294	0.450123	0.342264	0.270065	1.44251	0.524526	0.258863	1.28209	0.723063
55	0.536983	0.266486	1.53647	0.635313	0.267981	1.24383	0.476167	0.184671	0.0869234	0.856276	0.148269	0.9923	0.505501	-0.0178531	1.14531	0.489294	0.0928247	0.887281	0.236901	-0.00202274	1.10269	0.526645	0.237867	0.049567	0.918318	0.131579	0.4937	0.668375	0.159299	0.0185172	0.755997	0.236344	1.01919	0.694151	0.161107	1.34345	0.720402	0.0757415	0.898504	0.60023	0.12486	0.430623	0.709903	0.221931	0.0334901	0.698953	0.081492	1.48454	0.604018	0.0762107	0.952561	0.298429	0.0115152	0.926612	0.333886	0.285206	0.0210996	0.716377	0.26667	0.486423	0.693943	0.016096	0.850591	0.294764	0.0556648	1.11868	0.540305	0.0720238	1.47796	0.55222	0.182511	1.46757	0.689091	0.285752	0.107999	0.837166	0.199881	0.400837	0.65905	0.377511	0.0630687	0.299017	0.391448	0.983032	0.497906	0.527931	1.12604	0.704839	0.481373	0.752635	0.635406	0.488554	1.11343	0.749376	0.310207	0.0143255	0.315527	0.417317	0.500079	0.394742	0.417928	0.055565	0.173564	0.322155	1.01053	0.687359	0.34611	1.3069	0.73272	0.460718	0.890928	0.556063	0.4198	0.436799	0.401881	0.381528	0.105636	0.134022	0.432751	1.46157	0.648271	0.491536	0.841701	0.641569	0.534944	0.85187	0.705804	0.315206	0.100255	0.123036	0.278767	0.484638	0.394873	0.525879	0.77313	0.727148	0.442559	1.11941	0.731959	0.472676	1.45308	0.598046	0.35203	1.43975	0.701608	0.291123	0.110192	0.262165	0.371697	0.449906	0.327929	0.271172	1.44038	0.512292	0.260042	1.28007	0.710969
56	0.546927	0.267866	1.53436	0.623103	0.268591	1.24177	0.463779	0.184516	0.0887365	0.855277	0.148291	0.990394	0.493623	-0.0168748	1.1444	0.474398	0.0957646	0.89157	0.217666	-0.00127065	1.10126	0.511208	0.237707	0.0522095	0.917854	0.131878	0.492781	0.66159	0.159273	0.018647	0.755927	0.238116	1.01716	0.681572	0.16224	1.34163	0.708253	0.0764318	0.89695	0.589686	0.125154	0.430377	0.703693	0.221824	0.0336377	0.698702	0.0827254	1.48279	0.591744	0.0786561	0.955458	0.28048	0.0140383	0.928487	0.315237	0.285069	0.021193	0.71609	0.267115	0.485719	0.686213	0.0191558	0.853263	0.2746	0.0565587	1.11713	0.525148	0.0732534	1.47623	0.540048	0.18377	1.46573	0.676908	0.285687	0.109613	0.835925	0.200047	0.399672	0.65309	0.377241	0.0630958	0.27526	0.391507	0.981172	0.484339	0.528231	1.12391	0.694423	0.481707	0.750121	0.626767	0.48861	1.11153	0.73868	0.309854	0.0142198	0.290998	0.417911	0.498409	0.381667	0.416893	0.0580647	0.149413	0.323795	1.00846	0.674438	0.34707	1.30457	0.720409	0.461673	0.88937	0.541831	0.420327	0.434841	0.387245	0.380621	0.109137	0.111083	0.433944	1.4591	0.636107	0.491948	0.839257	0.632488	0.535054	0.849766	0.696777	0.31423	0.104259	0.100155	0.279212	0.48298	0.381932	0.525771	0.771133	0.718588	0.442758	1.11741	0.720865	0.473876	1.45053	0.585946	0.353217	1.43746	0.689402	0.290839	0.111343	0.239788	0.372075	0.449532	0.313599	0.272335	1.43828	0.499955	0.261267	1.27803	0.698714
57	0.556872	0.269318	1.53228	0.610817	0.269272	1.23981	0.451197	0.184338	0.0907504	0.854192	0.148365	0.98846	0.481533	-0.0158442	1.14345	0.459697	0.0987118	0.895651	0.199049	-0.000474955	1.09982	0.496047	0.237551	0.0551311	0.917328	0.13228	0.491863	0.654395	0.159235	0.0187133	0.755836	0.239875	1.01518	0.668772	0.16348	1.3398	0.695984	0.0772233	0.895362	0.578863	0.125559	0.430142	0.697103	0.22169	0.0337896	0.698379	0.0840178	1.48107	0.579428	0.0811088	0.958196	0.263031	0.0165504	0.930265	0.297092	0.28491	0.0212334	0.71575	0.267683	0.485021	0.678081	0.022221	0.855819	0.255042	0.0574904	1.1156	0.510242	0.0745131	1.47454	0.527847	0.185115	1.46389	0.664645	0.285596	0.111406	0.834537	0.200333	0.398476	0.646766	0.377229	0.0629782	0.254542	0.391605	0.97938	0.470605	0.528585	1.12172	0.683683	0.482119	0.747578	0.617633	0.488741	1.1095	0.727632	0.309821	0.0140845	0.269942	0.418476	0.497045	0.368082	0.416032	0.0594941	0.128404	0.325402	1.00653	0.661385	0.348091	1.30225	0.707969	0.462634	0.887964	0.527362	0.420873	0.433226	0.372533	0.379836	0.111222	0.0909356	0.435218	1.45662	0.623835	0.49243	0.836782	0.622967	0.535228	0.847605	0.687301	0.313371	0.106695	0.0801709	0.279663	0.481578	0.368641	0.525735	0.769061	0.709553	0.442986	1.11533	0.709471	0.475144	1.44797	0.573718	0.354488	1.43518	0.6771	0.290718	0.111926	0.220149	0.372399	0.449018	0.299211	0.273556	1.43623	0.487509	0.26253	1.276	0.686282
58	0.566816	0.270834	1.53027	0.598448	0.270034	1.23796	0.438414	0.184134	0.093	0.853001	0.148516	0.986526	0.4692	-0.0147637	1.14248	0.445203	0.10165	0.899498	0.181057	0.000374137	1.0984	0.48117	0.237418	0.0583819	0.916702	0.132769	0.490982	0.646742	0.1592	0.0186927	0.755744	0.241597	1.01331	0.655741	0.164819	1.33799	0.683581	0.0781235	0.893761	0.567722	0.126073	0.429948	0.690123	0.221535	0.0339211	0.698004	0.0853648	1.4794	0.56706	0.0835585	0.960756	0.246093	0.0190388	0.931935	0.279469	0.284743	0.0211963	0.71538	0.268363	0.484338	0.669505	0.0252784	0.858238	0.236113	0.0584609	1.1141	0.495595	0.075805	1.47292	0.515599	0.186538	1.46209	0.65229	0.285464	0.113389	0.83295	0.200706	0.397266	0.640042	0.377445	0.062631	0.236871	0.39177	0.9777	0.456706	0.528989	1.11948	0.672586	0.482608	0.745034	0.608004	0.488945	1.1074	0.716208	0.310075	0.0138309	0.252382	0.418997	0.496013	0.353964	0.415329	0.0597093	0.110536	0.326957	1.00478	0.648183	0.34916	1.29997	0.695394	0.463608	0.886749	0.512683	0.421416	0.43198	0.357723	0.379155	0.111742	0.0735457	0.436565	1.45417	0.61146	0.492981	0.834303	0.612996	0.535472	0.845417	0.677363	0.31261	0.107417	0.0630355	0.280098	0.480464	0.354968	0.525783	0.766952	0.700033	0.443236	1.11323	0.697761	0.476477	1.44545	0.561371	0.355827	1.43295	0.664699	0.290735	0.111852	0.203221	0.372644	0.448386	0.284729	0.274837	1.43428	0.474949	0.26382	1.27401	0.673658
59	0.57676	0.272406	1.52838	0.58599	0.270884	1.23629	0.425428	0.183903	0.0955264	0.851673	0.14877	0.984623	0.45659	-0.013636	1.14151	0.430937	0.104563	0.903085	0.163698	0.00128759	1.097	0.466587	0.23733	0.0620239	0.915916	0.133321	0.490171	0.638572	0.15919	0.0185688	0.755675	0.243257	1.01157	0.642476	0.166246	1.33623	0.671031	0.0791394	0.892165	0.556231	0.126684	0.429832	0.68273	0.221369	0.0340042	0.697609	0.0867617	1.47783	0.554629	0.0859943	0.963123	0.229677	0.0214921	0.933485	0.262388	0.284587	0.0210642	0.715011	0.26913	0.483667	0.660424	0.0283142	0.860501	0.217836	0.059473	1.11265	0.481221	0.0771314	1.47141	0.503281	0.18803	1.46036	0.639835	0.285268	0.115573	0.831094	0.20112	0.396053	0.632871	0.377843	0.0620155	0.222156	0.392028	0.97618	0.442649	0.529438	1.11725	0.661104	0.483174	0.742523	0.597874	0.489218	1.10525	0.704386	0.310564	0.0134213	0.238217	0.419463	0.495318	0.33934	0.414759	0.0586573	0.0957128	0.328441	1.00325	0.634815	0.350261	1.29777	0.682673	0.464603	0.885759	0.497827	0.421938	0.431109	0.342818	0.37855	0.110645	0.0588023	0.437973	1.45181	0.598986	0.493604	0.831854	0.60256	0.535793	0.843239	0.666951	0.311922	0.106381	0.0486254	0.280502	0.479661	0.340918	0.525928	0.764844	0.690013	0.443501	1.11113	0.685719	0.477868	1.44302	0.548913	0.357219	1.43082	0.652194	0.290853	0.111102	0.188893	0.372792	0.44766	0.27015	0.276179	1.43248	0.462271	0.265128	1.2721	0.660831
60	0.586704	0.274024	1.52665	0.573438	0.271827	1.23482	0.41224	0.183639	0.0983774	0.850157	0.149151	0.982789	0.443678	-0.0124637	1.14056	0.416916	0.107432	0.906392	0.146979	0.00227663	1.09566	0.452311	0.237303	0.0661312	0.914887	0.133904	0.489456	0.629815	0.159231	0.0183375	0.755659	0.244836	1.01	0.628977	0.167747	1.33456	0.658321	0.0802777	0.890592	0.544361	0.127375	0.429827	0.674884	0.221207	0.03401	0.697238	0.0882027	1.47638	0.542122	0.0884046	0.965285	0.213794	0.0239001	0.934908	0.245873	0.284463	0.0208329	0.71468	0.269951	0.482992	0.650749	0.0313143	0.862587	0.200238	0.060531	1.11129	0.46713	0.078495	1.47003	0.490872	0.189583	1.45875	0.627272	0.284982	0.117969	0.828879	0.20151	0.394845	0.625184	0.378363	0.0611396	0.210208	0.392406	0.974869	0.428443	0.529927	1.11507	0.649213	0.483822	0.740082	0.587236	0.489549	1.1031	0.692148	0.311223	0.012866	0.22723	0.419872	0.494945	0.324282	0.414291	0.0563828	0.0837464	0.329841	1.00198	0.621267	0.351375	1.29568	0.669801	0.465631	0.885029	0.482838	0.422425	0.430607	0.327851	0.377982	0.107978	0.0465254	0.439432	1.44958	0.586419	0.4943	0.829473	0.591643	0.536197	0.841114	0.656047	0.311269	0.103649	0.0367488	0.280863	0.47918	0.326541	0.526181	0.762784	0.679478	0.443779	1.10907	0.673327	0.479312	1.44074	0.536355	0.358646	1.4288	0.63958	0.291023	0.109716	0.176983	0.372832	0.446868	0.255499	0.277582	1.43086	0.449472	0.266444	1.2703	0.647794
61	0.596648	0.275678	1.52512	0.560785	0.272861	1.2336	0.398855	0.183334	0.101605	0.848382	0.149684	0.981058	0.430445	-0.011249	1.13967	0.403162	0.110239	0.909401	0.130908	0.00335174	1.09438	0.438358	0.237351	0.070788	0.913508	0.134481	0.488853	0.620389	0.159355	0.0180136	0.755723	0.246317	1.00863	0.615252	0.169309	1.33302	0.645442	0.0815446	0.889058	0.532093	0.128118	0.429968	0.666526	0.221069	0.0339138	0.696938	0.0896819	1.47509	0.529529	0.0907773	0.967235	0.198457	0.0262549	0.936194	0.229947	0.284391	0.0205162	0.714428	0.270785	0.482282	0.640371	0.0342645	0.86448	0.183344	0.0616411	1.11005	0.453336	0.0798973	1.46883	0.478351	0.191184	1.45728	0.614591	0.284576	0.120588	0.826197	0.201805	0.393643	0.616898	0.378939	0.0600515	0.200759	0.392924	0.973814	0.414106	0.530451	1.11297	0.636895	0.484556	0.737752	0.576078	0.489927	1.10101	0.679484	0.311983	0.0122132	0.219105	0.420226	0.494859	0.308906	0.41389	0.053025	0.074369	0.331149	1.00098	0.60753	0.352488	1.29375	0.656768	0.466702	0.88459	0.467766	0.422868	0.430447	0.312877	0.377403	0.103893	0.0364772	0.440927	1.44753	0.573765	0.495074	0.8272	0.580226	0.536691	0.839087	0.644637	0.310606	0.0993873	0.02716	0.281173	0.479021	0.311925	0.526554	0.760817	0.668411	0.444065	1.1071	0.660568	0.480799	1.43864	0.523707	0.360089	1.42695	0.626854	0.291194	0.107794	0.167253	0.372761	0.446041	0.240831	0.279044	1.42947	0.43655	0.267759	1.26865	0.634542
62	0.606592	0.277359	1.52383	0.548028	0.273984	1.23267	0.38528	0.182977	0.105265	0.84625	0.150387	0.979468	0.41689	-0.00999336	1.13887	0.389695	0.112963	0.912095	0.115493	0.00452149	1.09322	0.424746	0.237476	0.0760856	0.911647	0.13501	0.488364	0.610199	0.159594	0.0176353	0.755886	0.24769	1.00748	0.601317	0.170914	1.33164	0.632386	0.0829455	0.887573	0.519417	0.128878	0.430278	0.65757	0.220977	0.0337002	0.69676	0.0911931	1.47401	0.516838	0.0931002	0.968966	0.183676	0.0285504	0.937338	0.214638	0.284394	0.0201509	0.714292	0.271581	0.481491	0.629156	0.0371508	0.866164	0.167184	0.062811	1.10896	0.439851	0.0813386	1.46783	0.465701	0.192821	1.45601	0.601788	0.284022	0.123444	0.822928	0.201926	0.392441	0.607913	0.379506	0.0588302	0.193476	0.393601	0.973059	0.399661	0.531005	1.11101	0.624144	0.485382	0.735578	0.564381	0.490338	1.09903	0.666389	0.312778	0.0115352	0.213448	0.420534	0.495014	0.293358	0.413526	0.0488036	0.0672496	0.332362	1.00029	0.593605	0.353587	1.292	0.643571	0.467824	0.884463	0.452666	0.423263	0.430593	0.297975	0.376763	0.0986256	0.0283789	0.442445	1.4457	0.561029	0.495928	0.825079	0.568288	0.53728	0.837202	0.632703	0.309884	0.0938453	0.019577	0.281434	0.479172	0.297189	0.527054	0.758989	0.656793	0.444358	1.10524	0.647427	0.482322	1.4368	0.510979	0.361533	1.4253	0.614014	0.291314	0.105475	0.159424	0.372583	0.445208	0.226228	0.280558	1.42835	0.423506	0.269066	1.26719	0.62108
63	0.616536	0.279057	1.52281	0.535165	0.275188	1.23206	0.371528	0.182555	0.109411	0.843643	0.151276	0.978049	0.403027	-0.00869843	1.13819	0.376533	0.115587	0.914461	0.100744	0.00579115	1.0922	0.411494	0.237671	0.0821171	0.909151	0.135451	0.487974	0.599146	0.159978	0.0172691	0.756157	0.248952	1.00658	0.5872	0.172547	1.33046	0.61915	0.0844845	0.886143	0.50634	0.129612	0.430771	0.647911	0.220949	0.0333687	0.696741	0.0927299	1.47316	0.504041	0.0953607	0.970477	0.169463	0.0307821	0.938334	0.199971	0.284484	0.0197992	0.714296	0.272288	0.480559	0.61696	0.03996	0.867623	0.151787	0.0640488	1.10806	0.426687	0.0828176	1.46709	0.45291	0.194481	1.45497	0.588858	0.283289	0.126556	0.818942	0.201798	0.391229	0.598119	0.380005	0.0575712	0.187991	0.394446	0.972638	0.385138	0.531586	1.10923	0.610963	0.486309	0.733603	0.552123	0.490769	1.0972	0.652867	0.313548	0.0109124	0.20982	0.420806	0.495352	0.277802	0.413171	0.0439966	0.0620184	0.333485	0.999925	0.579506	0.354664	1.29047	0.630206	0.469006	0.884664	0.437597	0.423614	0.430994	0.283238	0.37601	0.092479	0.0219302	0.443974	1.44413	0.548214	0.496867	0.823155	0.555807	0.537967	0.835503	0.620227	0.309052	0.0873344	0.0137008	0.28165	0.479608	0.282479	0.527689	0.757344	0.644602	0.444658	1.10353	0.633896	0.48387	1.43524	0.498177	0.362963	1.42387	0.601057	0.291337	0.102921	0.153204	0.372305	0.444395	0.211789	0.282119	1.42754	0.410345	0.270359	1.26595	0.607418
64	0.62648	0.280762	1.52208	0.522197	0.276463	1.23178	0.357617	0.182051	0.114095	0.840419	0.15236	0.976826	0.388889	-0.00736622	1.13766	0.363691	0.118094	0.916488	0.0866695	0.00716135	1.09134	0.398621	0.237916	0.0889704	0.905853	0.135767	0.487653	0.587123	0.160527	0.0170109	0.75652	0.25011	1.00593	0.572937	0.174189	1.32953	0.605738	0.0861632	0.884771	0.492881	0.130276	0.431445	0.637419	0.220999	0.0329392	0.696902	0.0942862	1.47258	0.491132	0.0975469	0.971765	0.155827	0.0329473	0.939178	0.18597	0.284669	0.0195488	0.714442	0.272854	0.479421	0.603632	0.0426796	0.868844	0.137181	0.065362	1.1074	0.413854	0.0843307	1.46662	0.439973	0.196152	1.45417	0.575802	0.282356	0.129946	0.81411	0.201361	0.389989	0.587402	0.380392	0.0563722	0.18393	0.395463	0.972572	0.370572	0.532193	1.10767	0.597364	0.487348	0.731868	0.539275	0.491209	1.09558	0.638934	0.31425	0.0104178	0.20777	0.421054	0.495814	0.262409	0.41281	0.0389121	0.0582935	0.334528	0.999882	0.565258	0.355718	1.2892	0.616676	0.470249	0.885193	0.422617	0.423924	0.431591	0.268768	0.375101	0.0857939	0.0168296	0.445502	1.44286	0.535321	0.497898	0.821472	0.542759	0.538756	0.834031	0.607194	0.30807	0.0801991	0.00923436	0.281832	0.480291	0.267953	0.528462	0.755919	0.631814	0.444964	1.102	0.619972	0.485433	1.434	0.485304	0.364369	1.42271	0.587983	0.291228	0.100297	0.1483	0.371941	0.443621	0.197627	0.283716	1.42706	0.397073	0.271637	1.26495	0.593571
65	0.636425	0.282466	1.52165	0.509126	0.277796	1.23183	0.343568	0.181449	0.119357	0.836424	0.153636	0.975814	0.374527	-0.00600031	1.13731	0.351183	0.12047	0.918162	0.0732749	0.00862681	1.09069	0.386146	0.238179	0.0967187	0.901582	0.135928	0.487358	0.574028	0.161249	0.0169855	0.756925	0.251176	1.00553	0.558572	0.175824	1.32885	0.592159	0.0879798	0.883452	0.479077	0.130821	0.432282	0.625954	0.221131	0.0324567	0.697227	0.095856	1.47229	0.478109	0.0996474	0.972831	0.142775	0.0350438	0.939865	0.172654	0.284939	0.0195098	0.714696	0.273235	0.47801	0.589035	0.0452985	0.869816	0.123389	0.0667556	1.107	0.40136	0.0858726	1.46644	0.426891	0.197821	1.45365	0.562624	0.281208	0.133643	0.80831	0.200572	0.388702	0.57565	0.380634	0.0553196	0.180934	0.396649	0.972867	0.356004	0.532827	1.10637	0.583375	0.488506	0.730413	0.525807	0.491652	1.09419	0.624612	0.314856	0.0101057	0.20686	0.421288	0.496338	0.247341	0.412438	0.0338563	0.0557079	0.335507	1.00016	0.550898	0.356754	1.2882	0.602986	0.471555	0.886038	0.407782	0.424201	0.432321	0.254674	0.374011	0.0789179	0.0127928	0.44702	1.44191	0.522347	0.499026	0.820067	0.529124	0.539646	0.832818	0.59359	0.306911	0.0727864	0.00589815	0.281996	0.481169	0.253773	0.52937	0.754742	0.618407	0.445279	1.10068	0.605665	0.486999	1.43312	0.472358	0.365745	1.42181	0.574794	0.290964	0.0977527	0.144441	0.371505	0.442894	0.183857	0.285338	1.42692	0.383699	0.272901	1.26422	0.579567
66	0.646369	0.284161	1.52153	0.49596	0.27917	1.2322	0.329411	0.180737	0.12523	0.831494	0.155097	0.975019	0.36001	-0.00460668	1.13715	0.339018	0.122705	0.919474	0.0605641	0.0101755	1.09027	0.374084	0.238417	0.105411	0.89617	0.135916	0.487036	0.559767	0.162131	0.0173417	0.757287	0.25217	1.00537	0.544159	0.177435	1.32846	0.578428	0.0899277	0.882181	0.464978	0.131206	0.433244	0.613372	0.221333	0.0319924	0.697655	0.0974334	1.47229	0.464974	0.101652	0.973673	0.130311	0.0370695	0.94039	0.160035	0.285269	0.0198072	0.714982	0.273398	0.47627	0.573052	0.047807	0.870525	0.110429	0.0682307	1.10688	0.389212	0.0874362	1.46656	0.413673	0.199476	1.45341	0.549332	0.279846	0.137679	0.801433	0.199419	0.387349	0.562769	0.380719	0.0544783	0.178685	0.397991	0.973509	0.341477	0.533495	1.10535	0.569029	0.489794	0.729268	0.511685	0.492096	1.09306	0.609934	0.315354	0.0100043	0.2067	0.421516	0.496865	0.232744	0.412066	0.0291051	0.0539327	0.336444	1.00074	0.536474	0.357787	1.28748	0.58915	0.472918	0.887171	0.393138	0.424456	0.433115	0.241059	0.372733	0.072176	0.00956734	0.448521	1.44129	0.509288	0.500258	0.818974	0.514881	0.540635	0.831884	0.579404	0.305571	0.0654188	0.00344193	0.282158	0.48218	0.240096	0.530409	0.753832	0.604355	0.445607	1.09959	0.590993	0.48856	1.43259	0.459332	0.367091	1.4212	0.561492	0.290538	0.0954103	0.141388	0.371013	0.442209	0.17059	0.286971	1.42711	0.370236	0.274154	1.26376	0.565435
67	0.656313	0.285837	1.52169	0.482709	0.280567	1.23286	0.315178	0.179903	0.131727	0.825466	0.156723	0.974435	0.345417	-0.00319444	1.13718	0.327205	0.124793	0.920411	0.0485365	0.0117886	1.09007	0.362444	0.238584	0.115061	0.889468	0.135726	0.486631	0.544265	0.163139	0.0182441	0.757469	0.253119	1.00543	0.529754	0.179012	1.32836	0.564572	0.0919945	0.880952	0.450648	0.131395	0.434281	0.599538	0.221573	0.0316437	0.698071	0.0990125	1.47257	0.451734	0.103551	0.97429	0.118433	0.0390215	0.940749	0.148117	0.285613	0.0205709	0.715168	0.273327	0.474164	0.55561	0.0501971	0.870964	0.0983079	0.0697825	1.10705	0.377413	0.0890127	1.46698	0.400335	0.201108	1.45344	0.53594	0.278284	0.142087	0.793392	0.197924	0.385917	0.548683	0.380647	0.0538863	0.176921	0.399472	0.974468	0.327034	0.534203	1.10463	0.554369	0.491219	0.728459	0.496876	0.492548	1.09219	0.59494	0.315743	0.0101146	0.20696	0.421744	0.497343	0.218738	0.411712	0.0248796	0.0526931	0.33736	1.00159	0.522041	0.358836	1.28706	0.575184	0.474331	0.888549	0.378725	0.424698	0.433906	0.228018	0.371285	0.0658451	0.0069415	0.450002	1.44099	0.496135	0.5016	0.818217	0.500018	0.54172	0.83124	0.56463	0.304068	0.0583722	0.00165155	0.282337	0.483253	0.227059	0.53157	0.753192	0.589638	0.445957	1.09874	0.575985	0.490107	1.43241	0.446215	0.368414	1.42088	0.548084	0.289956	0.093355	0.138942	0.370482	0.441552	0.157927	0.2886	1.42761	0.3567	0.275405	1.26357	0.551216
68	0.666257	0.287489	1.52211	0.469387	0.281968	1.23378	0.300908	0.178948	0.138845	0.818192	0.158486	0.974046	0.330835	-0.00177599	1.1374	0.315746	0.126731	0.920964	0.0371866	0.0134413	1.09012	0.351231	0.238636	0.125638	0.881355	0.135371	0.486096	0.527473	0.164214	0.0198603	0.757288	0.254048	1.00569	0.515414	0.180546	1.32855	0.550625	0.0941614	0.879761	0.436155	0.131365	0.435336	0.584338	0.221799	0.0315283	0.698294	0.100587	1.47313	0.438401	0.105339	0.974674	0.107134	0.040896	0.940935	0.136895	0.285906	0.021922	0.715066	0.273027	0.471687	0.536688	0.0524621	0.871121	0.087024	0.0713996	1.10751	0.365962	0.0905916	1.46766	0.386899	0.202708	1.45373	0.522467	0.276552	0.146895	0.784125	0.196145	0.384403	0.533351	0.380434	0.0535528	0.175444	0.401065	0.975695	0.312715	0.534965	1.1042	0.539442	0.492786	0.728001	0.481347	0.493021	1.09158	0.579678	0.316035	0.0104128	0.207388	0.421973	0.497731	0.205414	0.411401	0.021331	0.0517773	0.338281	1.00267	0.507657	0.359924	1.28692	0.561115	0.475782	0.89012	0.364568	0.424935	0.434633	0.215635	0.369707	0.0601366	0.004748	0.451463	1.44102	0.48288	0.503057	0.817809	0.484525	0.542897	0.830883	0.549264	0.302443	0.0518613	0.000351312	0.28255	0.484315	0.214772	0.532839	0.752812	0.574234	0.446343	1.09814	0.560681	0.491633	1.43258	0.432996	0.369724	1.42083	0.534578	0.289238	0.0916327	0.136947	0.369931	0.440898	0.145946	0.290208	1.42839	0.343111	0.276661	1.26365	0.536952
69	0.676201	0.28911	1.52275	0.45601	0.283352	1.23489	0.286644	0.177879	0.146558	0.809547	0.160349	0.973832	0.316347	-0.000366602	1.13777	0.304643	0.128523	0.92112	0.0265038	0.0151044	1.09038	0.340439	0.238538	0.137059	0.871742	0.134877	0.485394	0.509375	0.165272	0.022346	0.756507	0.254984	1.00613	0.501196	0.182035	1.329	0.536631	0.0964033	0.878609	0.421572	0.131112	0.436349	0.567693	0.221937	0.0317765	0.698083	0.102149	1.47393	0.424997	0.107008	0.974819	0.096402	0.0426876	0.940938	0.126352	0.286064	0.0239583	0.714428	0.272524	0.468873	0.516325	0.0545964	0.870991	0.076562	0.0730638	1.10822	0.354854	0.092161	1.46858	0.373394	0.204272	1.45426	0.508938	0.274696	0.152125	0.773595	0.194175	0.382818	0.516766	0.380103	0.0534617	0.174116	0.40274	0.977131	0.298557	0.535795	1.10404	0.524295	0.494497	0.727899	0.465073	0.493538	1.09121	0.564196	0.316244	0.0108575	0.207802	0.422204	0.497995	0.19283	0.411158	0.0185346	0.0510366	0.339226	1.00395	0.493379	0.361078	1.28705	0.546973	0.477256	0.891827	0.350683	0.425175	0.435244	0.203971	0.368055	0.0551876	0.00286241	0.452907	1.44133	0.469516	0.504631	0.817752	0.468402	0.544157	0.830793	0.533313	0.300753	0.0460337	-0.000597372	0.282811	0.485297	0.203316	0.5342	0.752671	0.55813	0.446787	1.09777	0.545126	0.493133	1.43304	0.419658	0.371037	1.42104	0.520987	0.288417	0.0902527	0.135283	0.369377	0.44022	0.134707	0.291779	1.42939	0.329489	0.277934	1.26397	0.522692
70	0.686145	0.290694	1.52359	0.442597	0.284698	1.23615	0.27243	0.176718	0.154818	0.799435	0.162272	0.97377	0.302032	0.00101687	1.13826	0.29389	0.130173	0.92087	0.0164724	0.0167473	1.09084	0.330055	0.238272	0.149182	0.860585	0.134286	0.484514	0.489991	0.166209	0.0258273	0.754848	0.25595	1.0067	0.487148	0.183481	1.32969	0.522639	0.098689	0.877507	0.406965	0.13065	0.437271	0.549569	0.221894	0.0325186	0.697132	0.10369	1.47492	0.411547	0.108554	0.974715	0.08622	0.0443893	0.940749	0.116462	0.285987	0.0267395	0.712956	0.271863	0.465798	0.494626	0.0565948	0.870566	0.0668955	0.0747508	1.10915	0.344081	0.0937074	1.46969	0.359854	0.205796	1.455	0.495381	0.272774	0.157783	0.761789	0.192132	0.381189	0.498956	0.379686	0.0535769	0.172856	0.404464	0.978706	0.28459	0.536711	1.10415	0.508975	0.496349	0.728151	0.448034	0.494126	1.09104	0.548545	0.316389	0.0113967	0.208094	0.422438	0.498117	0.181013	0.411004	0.0164935	0.0503785	0.340214	1.00536	0.479259	0.362322	1.28744	0.532797	0.478738	0.89361	0.337074	0.425425	0.435698	0.193067	0.366394	0.0510602	0.0011981	0.454339	1.4419	0.456037	0.506321	0.818036	0.451656	0.545495	0.830944	0.516786	0.299065	0.0409705	-0.00129976	0.283129	0.48614	0.192731	0.535634	0.752733	0.541315	0.447317	1.09763	0.52937	0.494604	1.43377	0.406189	0.372369	1.42149	0.507328	0.287528	0.089194	0.133868	0.36884	0.439489	0.124241	0.293297	1.43057	0.315859	0.27923	1.26451	0.508484
71	0.696089	0.292236	1.52458	0.429168	0.285987	1.23748	0.258315	0.175496	0.163549	0.787798	0.164213	0.973838	0.287955	0.00235773	1.13884	0.283478	0.131688	0.920209	0.00707322	0.0183409	1.09146	0.320057	0.237842	0.16181	0.847879	0.133648	0.483472	0.469384	0.166912	0.0303826	0.751997	0.256962	1.00739	0.473312	0.184893	1.33059	0.508707	0.100983	0.876474	0.392392	0.13001	0.438069	0.529984	0.22157	0.0338705	0.695091	0.105201	1.47606	0.398083	0.109975	0.974348	0.0765667	0.0459926	0.940356	0.107191	0.285574	0.0302762	0.71031	0.271106	0.462579	0.471754	0.0584512	0.869843	0.0579879	0.0764327	1.11025	0.333631	0.0952164	1.47093	0.346315	0.207282	1.45593	0.481829	0.270853	0.16385	0.748713	0.190149	0.379562	0.47998	0.379215	0.0538497	0.171629	0.406203	0.980352	0.270839	0.537731	1.10447	0.493518	0.498337	0.728743	0.430221	0.494823	1.09103	0.532769	0.316487	0.0119766	0.208214	0.422671	0.498088	0.169964	0.410951	0.0151496	0.0497566	0.341255	1.00687	0.465344	0.363675	1.28807	0.518627	0.480211	0.895413	0.323736	0.425688	0.435971	0.18294	0.364791	0.0477494	-0.000301	0.455765	1.44269	0.442443	0.508124	0.81864	0.434302	0.546905	0.831297	0.499698	0.297445	0.0366933	-0.001833	0.283506	0.4868	0.183021	0.537125	0.752958	0.52379	0.447968	1.09767	0.513466	0.496043	1.43472	0.392579	0.373736	1.42215	0.49362	0.286611	0.0884134	0.132646	0.368338	0.438682	0.114552	0.294746	1.43187	0.302246	0.280557	1.26525	0.494374
72	0.706034	0.29373	1.52568	0.415746	0.287203	1.23885	0.244343	0.174255	0.17265	0.774619	0.166133	0.97402	0.274161	0.00364155	1.13946	0.273391	0.133072	0.919132	-0.00171512	0.0198606	1.09222	0.310417	0.237271	0.174692	0.833658	0.133019	0.482314	0.447649	0.167264	0.0360272	0.747624	0.258025	1.00818	0.459717	0.186285	1.33167	0.49489	0.103248	0.875539	0.377896	0.129244	0.438735	0.509009	0.220862	0.0359189	0.691582	0.10667	1.47731	0.384642	0.111267	0.97371	0.0674188	0.0474872	0.939749	0.0985022	0.284725	0.0345224	0.706133	0.270328	0.459369	0.447921	0.0601577	0.868823	0.0497964	0.0780804	1.11146	0.323491	0.0966726	1.47224	0.332819	0.208729	1.45699	0.468316	0.269001	0.170281	0.734388	0.188359	0.378003	0.459925	0.378723	0.0542263	0.17043	0.407928	0.982008	0.257319	0.538874	1.10496	0.477953	0.500448	0.729658	0.411638	0.495666	1.09114	0.516906	0.316556	0.012548	0.208158	0.422903	0.497911	0.159662	0.411	0.0143997	0.0491575	0.342354	1.00843	0.451667	0.36515	1.2889	0.504509	0.481659	0.89719	0.310661	0.425965	0.43605	0.173582	0.363305	0.0451953	-0.0016681	0.457192	1.44367	0.428739	0.510029	0.819538	0.416366	0.548381	0.831812	0.48207	0.295951	0.0331748	-0.00225174	0.283936	0.487251	0.174155	0.538659	0.7533	0.505559	0.44878	1.09787	0.497462	0.497448	1.43583	0.378829	0.375153	1.423	0.47989	0.285702	0.0878544	0.13158	0.367885	0.437783	0.105624	0.296113	1.43323	0.288677	0.281917	1.26617	0.480408
73	0.715978	0.295173	1.52687	0.402353	0.288332	1.2402	0.230556	0.17304	0.181987	0.759912	0.167999	0.97431	0.260674	0.0048582	1.14009	0.263611	0.134328	0.917642	-0.00991453	0.0212887	1.09306	0.301102	0.236604	0.187536	0.81799	0.132456	0.481116	0.424916	0.16716	0.042701	0.741401	0.259141	1.00904	0.446378	0.187672	1.33289	0.481243	0.105448	0.874742	0.363501	0.128415	0.439286	0.486767	0.219679	0.0387071	0.686219	0.108088	1.47862	0.371266	0.112428	0.97279	0.0587525	0.0488611	0.93892	0.0903545	0.283359	0.0393745	0.700069	0.269601	0.456344	0.423371	0.0617032	0.86751	0.0422751	0.0796673	1.11274	0.313643	0.0980608	1.47358	0.319409	0.210143	1.45819	0.454878	0.26728	0.176997	0.718841	0.186875	0.376588	0.438889	0.378239	0.0546546	0.169276	0.409614	0.983623	0.244039	0.540155	1.10558	0.462293	0.502666	0.730872	0.392303	0.496693	1.09132	0.500984	0.316607	0.0130718	0.207955	0.423132	0.497594	0.150072	0.411142	0.0141134	0.0485884	0.343506	1.01002	0.43825	0.36675	1.28991	0.490489	0.483068	0.898901	0.297837	0.426255	0.435942	0.164963	0.361983	0.0432987	-0.00292098	0.458622	1.44479	0.414942	0.512022	0.820696	0.397878	0.549921	0.832445	0.463923	0.294629	0.0303512	-0.00259361	0.284402	0.487488	0.166073	0.540224	0.753716	0.48664	0.449792	1.09819	0.481402	0.498817	1.43705	0.364944	0.376628	1.42402	0.466165	0.284834	0.087456	0.130648	0.367496	0.436785	0.0974167	0.297386	1.43461	0.27518	0.283306	1.26724	0.466623
74	0.725922	0.296561	1.52813	0.389012	0.289369	1.2415	0.216992	0.1719	0.1914	0.743727	0.16979	0.974709	0.247498	0.00600333	1.1407	0.254114	0.135453	0.915746	-0.0175456	0.0226163	1.09397	0.292077	0.235898	0.200022	0.800967	0.132008	0.479976	0.401341	0.166516	0.0502642	0.733024	0.260298	1.00997	0.433298	0.189067	1.33423	0.467812	0.107547	0.874127	0.349214	0.127595	0.439766	0.463425	0.217956	0.0422254	0.678642	0.109444	1.47995	0.357997	0.113454	0.971586	0.0505452	0.050101	0.93787	0.0827108	0.281422	0.0446773	0.691792	0.268998	0.453683	0.398355	0.0630725	0.865918	0.0353795	0.0811722	1.11404	0.304073	0.0993671	1.47491	0.306128	0.211527	1.45947	0.441547	0.265742	0.183883	0.702103	0.185781	0.375402	0.416983	0.377786	0.0550899	0.168192	0.411246	0.985162	0.231001	0.541588	1.10629	0.446539	0.504969	0.73236	0.372247	0.49794	1.09154	0.485017	0.316649	0.0135216	0.207648	0.423357	0.497153	0.141147	0.41136	0.0141519	0.0480666	0.344704	1.01159	0.425104	0.368464	1.29109	0.476611	0.484425	0.900516	0.285253	0.426555	0.43566	0.157037	0.360856	0.041938	-0.00406816	0.460056	1.44603	0.401075	0.514086	0.82208	0.378873	0.551525	0.83316	0.445282	0.293508	0.0281347	-0.00288387	0.284883	0.48752	0.158695	0.54182	0.754172	0.467055	0.451039	1.09857	0.465323	0.500148	1.43835	0.350947	0.37816	1.42518	0.452475	0.28403	0.087159	0.129837	0.367177	0.43569	0.0898761	0.298557	1.43597	0.261782	0.28472	1.26843	0.453049
75	0.735866	0.29789	1.52944	0.375746	0.290313	1.24274	0.203677	0.170874	0.200701	0.726134	0.171492	0.975229	0.234612	0.00707908	1.14128	0.244875	0.13644	0.913459	-0.0246263	0.0238439	1.09491	0.283312	0.235207	0.211819	0.782697	0.131716	0.479008	0.377095	0.165287	0.0585	0.722235	0.261483	1.01095	0.420469	0.190485	1.33566	0.454634	0.109519	0.873739	0.335024	0.126855	0.440242	0.439181	0.215663	0.0464059	0.66854	0.110728	1.48128	0.344875	0.114341	0.970101	0.0427772	0.0511923	0.936602	0.0755386	0.278898	0.0502353	0.68103	0.268576	0.451553	0.373116	0.0642457	0.864063	0.02907	0.0825818	1.11531	0.294765	0.100579	1.4762	0.293015	0.212884	1.46084	0.428357	0.264421	0.190792	0.684204	0.185123	0.374532	0.394311	0.377378	0.0554981	0.167201	0.412819	0.986609	0.218204	0.543179	1.10705	0.430681	0.507333	0.734095	0.351519	0.499434	1.09175	0.469006	0.316686	0.0138847	0.207288	0.423577	0.496606	0.132837	0.411633	0.0143826	0.0476106	0.345933	1.01315	0.412226	0.370273	1.29242	0.462916	0.485722	0.902017	0.272904	0.426857	0.435232	0.149745	0.359937	0.0409845	-0.00511374	0.461491	1.44737	0.387173	0.516197	0.823655	0.359391	0.553196	0.83393	0.426172	0.292598	0.0264258	-0.00313921	0.285348	0.487366	0.151928	0.543452	0.754642	0.446838	0.45255	1.09899	0.449249	0.501436	1.43971	0.336869	0.379741	1.42648	0.438854	0.283305	0.0869119	0.129135	0.366934	0.434509	0.082938	0.299621	1.43729	0.248509	0.286149	1.26973	0.439707
76	0.74581	0.299157	1.53081	0.36258	0.291168	1.24392	0.190627	0.169992	0.20968	0.707218	0.173106	0.975891	0.22198	0.00809377	1.14181	0.235869	0.137274	0.910801	-0.0311712	0.0249811	1.09588	0.27478	0.234581	0.22261	0.763292	0.131608	0.478328	0.352358	0.163466	0.0671265	0.708843	0.262675	1.012	0.40787	0.191934	1.33715	0.441731	0.111342	0.873619	0.320906	0.126263	0.440789	0.414252	0.212811	0.0511236	0.655678	0.111935	1.48259	0.331939	0.115085	0.968347	0.035432	0.0521196	0.935132	0.0688127	0.275813	0.0558286	0.667585	0.268376	0.450091	0.347863	0.0651985	0.861975	0.0233144	0.0838926	1.11656	0.285707	0.101689	1.47743	0.280109	0.214217	1.46227	0.415334	0.263332	0.19755	0.665173	0.1849	0.374058	0.370974	0.377022	0.0558574	0.166321	0.414337	0.987962	0.205639	0.54493	1.10782	0.414695	0.509727	0.736054	0.330176	0.501194	1.09194	0.452943	0.316719	0.0141618	0.206921	0.423792	0.495973	0.125091	0.411935	0.0146918	0.0472349	0.347176	1.01467	0.399605	0.37215	1.29387	0.449437	0.486952	0.903392	0.260787	0.427155	0.434689	0.143022	0.359223	0.0403152	-0.00606063	0.462918	1.44878	0.373277	0.518328	0.825393	0.339474	0.55494	0.834737	0.406613	0.291894	0.0251226	-0.00337054	0.285766	0.487057	0.145679	0.545131	0.755116	0.426026	0.454343	1.09942	0.433195	0.502677	1.44108	0.322753	0.381355	1.4279	0.425332	0.282662	0.0866741	0.128531	0.366764	0.43326	0.0765338	0.300577	1.43856	0.235384	0.287582	1.27113	0.426609
77	0.755754	0.30036	1.53222	0.349533	0.291946	1.24505	0.177845	0.169268	0.218113	0.687069	0.174643	0.976717	0.209551	0.00906048	1.14232	0.227075	0.137937	0.907798	-0.0371919	0.0260462	1.09688	0.266463	0.234049	0.232105	0.742859	0.131699	0.478042	0.327308	0.161092	0.0758159	0.692735	0.263852	1.01311	0.395474	0.193417	1.33869	0.429109	0.113002	0.873803	0.306824	0.125874	0.441489	0.388858	0.209458	0.0562039	0.639911	0.113061	1.48388	0.319222	0.115677	0.966342	0.0284977	0.0528676	0.933483	0.0625164	0.272237	0.0612302	0.651345	0.268419	0.44939	0.322762	0.0659035	0.859686	0.0180892	0.0851105	1.11777	0.276889	0.102692	1.47862	0.26744	0.215527	1.46375	0.4025	0.262471	0.203967	0.64504	0.185073	0.374046	0.347063	0.376719	0.0561584	0.16556	0.415815	0.989234	0.193298	0.546837	1.10858	0.398554	0.512121	0.738215	0.308289	0.503224	1.0921	0.436808	0.316747	0.0143646	0.206584	0.424	0.495273	0.117858	0.412243	0.0149911	0.0469469	0.348416	1.01616	0.38722	0.37406	1.29544	0.436199	0.488113	0.904638	0.248903	0.427437	0.434063	0.1368	0.358697	0.039823	-0.00691252	0.464326	1.45025	0.359435	0.520453	0.82727	0.319163	0.556763	0.835575	0.386627	0.291377	0.0241292	-0.00358503	0.286104	0.486625	0.139855	0.546877	0.755597	0.404663	0.456421	1.09982	0.417161	0.503864	1.44249	0.308652	0.38298	1.42943	0.411941	0.2821	0.0864177	0.128013	0.36666	0.431962	0.0705954	0.301427	1.4398	0.222427	0.289006	1.27262	0.413757
78	0.765698	0.301497	1.53367	0.336627	0.292663	1.24615	0.165325	0.1687	0.225774	0.665778	0.176121	0.97773	0.197268	0.00999501	1.14282	0.218478	0.138406	0.904484	-0.0426976	0.0270636	1.09791	0.258352	0.23362	0.240059	0.721493	0.131992	0.478237	0.302111	0.158245	0.0842199	0.673886	0.264992	1.01428	0.383248	0.194931	1.34026	0.416761	0.114496	0.87431	0.29274	0.125724	0.442416	0.36321	0.2057	0.0614356	0.621198	0.114107	1.48516	0.306748	0.116112	0.964115	0.0219659	0.0534216	0.931687	0.0566413	0.268276	0.066224	0.632293	0.268704	0.449495	0.297926	0.0663323	0.857237	0.0133794	0.0862503	1.11896	0.268303	0.103588	1.47977	0.255033	0.216813	1.46527	0.38987	0.261813	0.209844	0.623833	0.185574	0.374544	0.322661	0.376463	0.0564022	0.164915	0.41727	0.990446	0.18117	0.548886	1.10933	0.382228	0.514482	0.740559	0.285933	0.505515	1.09222	0.420575	0.316766	0.0145131	0.206302	0.4242	0.494525	0.111093	0.412536	0.0152209	0.0467461	0.349632	1.01761	0.375046	0.375968	1.29711	0.423216	0.489204	0.905757	0.237258	0.427697	0.43339	0.131012	0.358333	0.039422	-0.00767476	0.465703	1.45179	0.345697	0.522544	0.829266	0.298498	0.558671	0.836453	0.366232	0.291018	0.0233609	-0.00378747	0.286334	0.486103	0.134378	0.548713	0.756102	0.382797	0.458773	1.1002	0.401138	0.50499	1.44391	0.294621	0.384587	1.43105	0.398707	0.281608	0.0861274	0.127567	0.366614	0.430639	0.0650589	0.302178	1.441	0.209652	0.290408	1.27416	0.401141
79	0.775642	0.302568	1.53518	0.323877	0.293339	1.24726	0.153047	0.168268	0.232448	0.643429	0.177566	0.978949	0.185072	0.0109132	1.14333	0.210071	0.138658	0.900892	-0.0476967	0.0280622	1.09899	0.250446	0.233278	0.246284	0.699273	0.132478	0.478972	0.27692	0.155038	0.0919962	0.652357	0.266071	1.01551	0.371159	0.196468	1.34185	0.404666	0.115825	0.875147	0.278618	0.125836	0.443626	0.337497	0.20166	0.0665873	0.599601	0.115077	1.48642	0.294533	0.116382	0.961698	0.0158319	0.0537693	0.929781	0.0511864	0.264065	0.0706192	0.610498	0.269214	0.450396	0.273417	0.0664581	0.854672	0.00917711	0.0873338	1.12015	0.259944	0.104381	1.4809	0.2429	0.218075	1.46682	0.377453	0.261319	0.214992	0.601581	0.186312	0.375575	0.297845	0.376243	0.0565978	0.164374	0.418728	0.991624	0.169243	0.551059	1.11006	0.365689	0.516779	0.743071	0.263186	0.508045	1.09231	0.404215	0.316772	0.0146326	0.206086	0.424392	0.493745	0.104753	0.412798	0.0153491	0.0466252	0.350805	1.01903	0.363054	0.37784	1.29887	0.410491	0.490229	0.906756	0.225856	0.427925	0.432698	0.1256	0.358099	0.0390505	-0.00835437	0.467032	1.45338	0.33211	0.524573	0.831372	0.277519	0.560668	0.837385	0.345447	0.290788	0.0227475	-0.00398102	0.286437	0.485525	0.129178	0.55066	0.756657	0.360474	0.46137	1.10054	0.385107	0.506051	1.44537	0.280719	0.386148	1.43275	0.38565	0.281174	0.0858004	0.127177	0.366614	0.429314	0.0598673	0.302838	1.4422	0.197067	0.291776	1.27576	0.388746
80	0.785587	0.303575	1.53672	0.311295	0.293994	1.2484	0.140982	0.167942	0.23794	0.620098	0.179	0.980382	0.17291	0.0118286	1.14387	0.201856	0.138668	0.897063	-0.0521988	0.0290725	1.10014	0.242754	0.232991	0.250654	0.676255	0.133141	0.480276	0.251861	0.151606	0.0988351	0.628288	0.267068	1.01682	0.359175	0.198014	1.34345	0.392794	0.116998	0.876304	0.264427	0.126209	0.445156	0.311875	0.197482	0.0714263	0.57527	0.115977	1.48769	0.282582	0.116479	0.959125	0.0100932	0.0539015	0.927805	0.0461561	0.259747	0.0742621	0.586108	0.269916	0.452039	0.249251	0.0662596	0.852034	0.00547901	0.0883873	1.12136	0.251809	0.105081	1.48204	0.231045	0.21931	1.46837	0.365248	0.260941	0.21924	0.578318	0.187191	0.377137	0.272686	0.376047	0.0567594	0.163917	0.420209	0.992792	0.157505	0.553334	1.11078	0.348917	0.518982	0.745738	0.240126	0.51078	1.09239	0.3877	0.316763	0.0147505	0.205938	0.424576	0.49295	0.098799	0.413018	0.0153672	0.0465718	0.351916	1.02041	0.351214	0.379647	1.3007	0.398017	0.49119	0.907646	0.214701	0.428116	0.432014	0.120511	0.357961	0.0386701	-0.00895961	0.4683	1.45502	0.318719	0.526518	0.833581	0.256261	0.562753	0.838395	0.324289	0.290652	0.022235	-0.00416769	0.28641	0.48492	0.124197	0.552738	0.757295	0.337744	0.464174	1.10084	0.369043	0.507043	1.44687	0.267	0.387636	1.43451	0.372787	0.280785	0.0854437	0.126823	0.366648	0.428004	0.0549721	0.30342	1.44342	0.184675	0.2931	1.2774	0.37655
81	0.795531	0.304519	1.5383	0.298887	0.294648	1.2496	0.129095	0.167682	0.242092	0.595851	0.180448	0.982027	0.160739	0.0127503	1.14447	0.193844	0.138415	0.893037	-0.0562162	0.0301237	1.10138	0.235289	0.232717	0.253103	0.652473	0.133957	0.482142	0.227038	0.148087	0.104481	0.601883	0.267967	1.01817	0.347265	0.199557	1.34503	0.381108	0.118029	0.877756	0.250148	0.12683	0.447014	0.286468	0.193307	0.0757372	0.54843	0.11682	1.48896	0.270889	0.116397	0.95643	0.00474927	0.0538138	0.925798	0.0415573	0.255466	0.0770421	0.559327	0.270767	0.454332	0.225415	0.0657239	0.849365	0.00228407	0.0894385	1.12263	0.243893	0.105698	1.48321	0.219461	0.220516	1.46993	0.353246	0.260629	0.222445	0.554078	0.188123	0.379206	0.24726	0.375864	0.0569038	0.163523	0.42173	0.993969	0.145944	0.555683	1.1115	0.331901	0.521067	0.748549	0.216823	0.513676	1.09246	0.371007	0.316736	0.0148933	0.20585	0.424751	0.492154	0.0931981	0.413193	0.015285	0.0465705	0.352947	1.02177	0.3395	0.381369	1.30258	0.385779	0.49209	0.908441	0.203794	0.428267	0.431357	0.115703	0.357887	0.0382631	-0.00949925	0.469495	1.45671	0.305558	0.528359	0.835893	0.234759	0.564921	0.839506	0.302778	0.290581	0.021785	-0.00434852	0.286261	0.484314	0.119387	0.554957	0.758052	0.314654	0.467133	1.10111	0.352917	0.507963	1.44842	0.253508	0.389029	1.43632	0.360123	0.280429	0.0850718	0.126489	0.366707	0.426726	0.0503332	0.303938	1.44466	0.172471	0.294369	1.27905	0.364528
82	0.805475	0.305403	1.5399	0.286652	0.295319	1.25086	0.117346	0.167449	0.244789	0.570743	0.181924	0.983864	0.148527	0.0136819	1.14513	0.186053	0.137882	0.888853	-0.0597658	0.031241	1.10272	0.228066	0.23241	0.253625	0.62794	0.134903	0.484534	0.202531	0.144613	0.10875	0.573389	0.268751	1.01958	0.335407	0.20108	1.34659	0.369569	0.118932	0.879464	0.235774	0.12767	0.449183	0.261361	0.189263	0.0793375	0.519359	0.117617	1.49025	0.259438	0.11613	0.953643	-0.000200169	0.0535072	0.923792	0.0373974	0.251347	0.0788944	0.530397	0.271723	0.457159	0.201878	0.0648498	0.8467	-0.000409199	0.0905141	1.12397	0.23619	0.106248	1.48441	0.208127	0.22169	1.47147	0.341433	0.260336	0.224501	0.528896	0.189035	0.381736	0.221641	0.375683	0.057047	0.163168	0.423304	0.995165	0.134548	0.558078	1.11223	0.314642	0.523014	0.751497	0.193343	0.516686	1.09254	0.35412	0.316691	0.0150845	0.20581	0.42492	0.491367	0.0879191	0.413323	0.0151243	0.0466057	0.353878	1.0231	0.327889	0.382992	1.3045	0.373751	0.492932	0.909155	0.193127	0.42838	0.43074	0.11114	0.357851	0.0378279	-0.00998184	0.470611	1.45843	0.292648	0.530085	0.838311	0.213046	0.567162	0.840744	0.280937	0.290551	0.0213732	-0.00452361	0.286018	0.483731	0.114707	0.557317	0.758961	0.291247	0.470191	1.10137	0.336702	0.508813	1.45003	0.240277	0.390312	1.43813	0.347659	0.280098	0.0847043	0.126154	0.366784	0.425492	0.0459188	0.304408	1.44595	0.160442	0.295576	1.28069	0.352651
83	0.815419	0.306233	1.54151	0.274584	0.296019	1.2522	0.105697	0.167206	0.245961	0.54482	0.183438	0.985863	0.136257	0.0146212	1.14586	0.178505	0.137055	0.884551	-0.0628694	0.032443	1.10416	0.2211	0.232033	0.252259	0.602655	0.135952	0.487389	0.178393	0.141294	0.111534	0.543074	0.269407	1.02101	0.323583	0.202569	1.34812	0.358138	0.119725	0.88138	0.221313	0.128694	0.45162	0.236607	0.185454	0.0820898	0.488356	0.118383	1.49156	0.248204	0.115675	0.950789	-0.00475571	0.0529894	0.921813	0.0336814	0.24749	0.0797983	0.499573	0.272739	0.460391	0.178605	0.0636492	0.844065	-0.00260471	0.0916368	1.1254	0.228691	0.106747	1.48566	0.197016	0.222829	1.47297	0.329785	0.260021	0.225341	0.502808	0.18988	0.384664	0.195909	0.375496	0.057203	0.162833	0.424931	0.99638	0.123305	0.560491	1.11299	0.297153	0.524807	0.754575	0.169739	0.519758	1.09264	0.337032	0.316631	0.0153425	0.205801	0.425086	0.4906	0.0829335	0.413413	0.0149128	0.0466631	0.354694	1.02439	0.316361	0.384513	1.30642	0.361904	0.493716	0.909802	0.182688	0.428457	0.430171	0.106797	0.357832	0.0373742	-0.0104151	0.471643	1.46017	0.280001	0.531688	0.840838	0.191153	0.56946	0.842128	0.258793	0.290544	0.020987	-0.00469218	0.285721	0.483191	0.110121	0.55981	0.760048	0.267569	0.473292	1.10161	0.320375	0.509597	1.45169	0.227324	0.391477	1.43994	0.335386	0.279788	0.0843627	0.125804	0.366875	0.424307	0.0417041	0.304847	1.44728	0.148573	0.296718	1.28231	0.340892
84	0.825363	0.307015	1.54311	0.262671	0.296756	1.2536	0.0941101	0.166928	0.245589	0.518118	0.184988	0.987977	0.123925	0.0155614	1.14665	0.171222	0.135929	0.880167	-0.0655542	0.03374	1.1057	0.214399	0.231563	0.249088	0.5766	0.137081	0.490627	0.15466	0.138212	0.112806	0.511211	0.269925	1.02245	0.311781	0.204016	1.34959	0.346782	0.12042	0.883447	0.206781	0.129859	0.454262	0.212231	0.181949	0.0839091	0.455727	0.119132	1.49286	0.237153	0.115029	0.947884	-0.0089194	0.052274	0.919876	0.0304097	0.243958	0.0797726	0.467108	0.273779	0.463898	0.155574	0.0621484	0.841476	-0.00431017	0.0928234	1.12691	0.221384	0.10721	1.48694	0.186092	0.223934	1.47442	0.318278	0.25966	0.224937	0.47585	0.190636	0.387917	0.170149	0.3753	0.0573823	0.162502	0.426603	0.997603	0.112204	0.562897	1.11378	0.279459	0.52644	0.757777	0.146054	0.522846	1.09276	0.319743	0.31656	0.0156794	0.20581	0.425252	0.489861	0.078214	0.413471	0.0146788	0.0467307	0.355377	1.02565	0.3049	0.385937	1.30832	0.350204	0.494442	0.910396	0.172458	0.428507	0.42965	0.102654	0.357815	0.0369184	-0.0108054	0.472594	1.46192	0.26761	0.533167	0.843481	0.169109	0.571792	0.84367	0.236379	0.290548	0.020623	-0.00485266	0.28542	0.482711	0.105597	0.562411	0.761332	0.243658	0.476382	1.10184	0.303917	0.510322	1.4534	0.214653	0.392526	1.4417	0.323289	0.279499	0.0840679	0.125424	0.366979	0.423173	0.0376692	0.305268	1.44866	0.136843	0.297791	1.28388	0.329226
85	0.835307	0.307753	1.54467	0.250893	0.297535	1.25505	0.0825518	0.166598	0.2437	0.490664	0.186565	0.990154	0.111535	0.0164925	1.14748	0.164223	0.134502	0.875733	-0.0678513	0.0351332	1.10732	0.207961	0.230992	0.244223	0.54975	0.13827	0.494155	0.131348	0.13542	0.112608	0.478055	0.270299	1.02387	0.299994	0.205411	1.35099	0.335473	0.121031	0.885606	0.192207	0.131123	0.457029	0.188236	0.178786	0.0847639	0.421755	0.119876	1.49415	0.226249	0.114192	0.944938	-0.0126958	0.0513808	0.917987	0.027577	0.240783	0.078869	0.433234	0.274815	0.46756	0.132779	0.0603863	0.838941	-0.00553769	0.0940837	1.1285	0.214251	0.107653	1.48824	0.175315	0.225004	1.47581	0.30688	0.25924	0.223302	0.448054	0.191307	0.391417	0.144441	0.375095	0.0575913	0.162167	0.428303	0.998815	0.101233	0.565271	1.11462	0.261595	0.52791	0.761099	0.122322	0.525908	1.09291	0.302266	0.316483	0.0161003	0.205824	0.425422	0.489153	0.0737336	0.413506	0.0144478	0.0467998	0.355914	1.02686	0.293497	0.387273	1.31016	0.338619	0.495109	0.910948	0.162413	0.428539	0.429177	0.0986951	0.357794	0.0364789	-0.0111579	0.473471	1.46364	0.255461	0.534527	0.846242	0.146943	0.574134	0.845377	0.213731	0.290557	0.0202839	-0.00500297	0.285168	0.4823	0.101109	0.565088	0.76282	0.219552	0.479416	1.10207	0.28732	0.510996	1.45514	0.202249	0.393469	1.44339	0.311349	0.279234	0.0838381	0.125004	0.367097	0.422088	0.0337983	0.305687	1.45006	0.125231	0.298793	1.28537	0.317631
86	0.845251	0.308456	1.54616	0.239231	0.298352	1.25652	0.0709965	0.166214	0.240358	0.462476	0.188151	0.992334	0.0991002	0.0174038	1.14833	0.157514	0.132779	0.871277	-0.0697951	0.0366148	1.10901	0.201777	0.230331	0.237797	0.522077	0.139499	0.497875	0.108464	0.132942	0.111045	0.443832	0.270524	1.02525	0.288219	0.206755	1.35231	0.324189	0.121566	0.887798	0.177625	0.132444	0.459834	0.164613	0.175972	0.084674	0.386693	0.120626	1.49541	0.215452	0.113165	0.941952	-0.0160929	0.0503337	0.916141	0.0251711	0.237965	0.0771658	0.398158	0.27583	0.471272	0.110234	0.0584128	0.836455	-0.0063038	0.09542	1.13014	0.207273	0.108089	1.48954	0.164644	0.22604	1.47711	0.295564	0.258766	0.220481	0.419452	0.191916	0.395084	0.118869	0.374885	0.0578328	0.161823	0.430006	0.999991	0.0903802	0.567597	1.1155	0.243604	0.529221	0.764537	0.0985658	0.528909	1.09307	0.284621	0.316406	0.0166035	0.205832	0.425598	0.488482	0.0694651	0.41353	0.0142398	0.0468646	0.356293	1.02802	0.282144	0.388536	1.31193	0.327117	0.495713	0.911466	0.152526	0.428562	0.428746	0.0949057	0.357766	0.0360728	-0.0114762	0.474283	1.4653	0.243523	0.535776	0.849125	0.124684	0.576458	0.847244	0.190892	0.290569	0.0199761	-0.00514091	0.285012	0.481963	0.0966366	0.5678	0.764511	0.19529	0.482358	1.1023	0.270584	0.511629	1.45687	0.190085	0.394321	1.44499	0.299541	0.278997	0.0836875	0.124538	0.367233	0.421048	0.0300778	0.306114	1.45145	0.113712	0.299725	1.28677	0.30609
87	0.855196	0.309131	1.54758	0.22766	0.299201	1.25798	0.0594264	0.165788	0.235661	0.433562	0.189723	0.994458	0.0866392	0.0182858	1.14918	0.151092	0.130769	0.866821	-0.0714208	0.0381689	1.11074	0.195823	0.229609	0.229958	0.493553	0.140757	0.50169	0.0860034	0.130777	0.108264	0.408729	0.270599	1.02656	0.276459	0.208047	1.35353	0.312915	0.122027	0.889964	0.163071	0.133786	0.462587	0.141342	0.173493	0.0837032	0.350749	0.12139	1.49661	0.204724	0.111949	0.938924	-0.0191239	0.0491594	0.914328	0.0231729	0.235486	0.07476	0.362051	0.276817	0.474947	0.0879699	0.0562847	0.834011	-0.00662911	0.096827	1.1318	0.200425	0.108529	1.49079	0.154038	0.227046	1.4783	0.284299	0.258257	0.216549	0.390071	0.1925	0.398843	0.0935046	0.374677	0.0581058	0.161475	0.431684	1.0011	0.0796335	0.569861	1.11642	0.225532	0.530383	0.768089	0.0748019	0.531826	1.09322	0.266835	0.316333	0.0171806	0.205827	0.425783	0.487847	0.0653807	0.41355	0.0140682	0.0469219	0.356505	1.0291	0.270838	0.389742	1.31359	0.31567	0.496251	0.911956	0.142766	0.428587	0.42835	0.0912728	0.357734	0.0357138	-0.0117631	0.475043	1.46688	0.231759	0.536925	0.852128	0.102359	0.578735	0.849261	0.167907	0.290587	0.019707	-0.00526468	0.284988	0.481697	0.0921678	0.5705	0.766395	0.170905	0.485183	1.10252	0.253716	0.512231	1.45857	0.178124	0.395105	1.44646	0.28784	0.278793	0.0836245	0.124026	0.36739	0.420046	0.0264951	0.306559	1.45282	0.102267	0.300589	1.28807	0.294587
88	0.86514	0.309785	1.54888	0.216156	0.300072	1.25938	0.0478324	0.165341	0.229731	0.403928	0.191252	0.99647	0.0741706	0.0191329	1.15	0.144938	0.128487	0.862381	-0.0727626	0.0397739	1.11247	0.190065	0.228865	0.220865	0.464156	0.14203	0.505512	0.0639608	0.128913	0.104442	0.372894	0.270525	1.02778	0.264717	0.209293	1.35464	0.301644	0.122415	0.892052	0.148585	0.135119	0.465203	0.118402	0.171324	0.0819503	0.314087	0.122171	1.49772	0.194029	0.110551	0.935846	-0.0218076	0.0478855	0.912535	0.0215567	0.233316	0.0717618	0.325055	0.277777	0.47852	0.0660276	0.0540615	0.831595	-0.00653784	0.0982932	1.13345	0.193682	0.108978	1.49198	0.143463	0.228024	1.47939	0.273062	0.257743	0.211606	0.359939	0.193102	0.402627	0.0684105	0.374478	0.0584074	0.161128	0.433302	1.00212	0.0689803	0.572052	1.11737	0.207428	0.531405	0.77175	0.0510409	0.534641	1.09335	0.24894	0.316266	0.0178174	0.205804	0.425976	0.487249	0.0614527	0.413575	0.0139396	0.0469704	0.356545	1.0301	0.259576	0.390905	1.31511	0.304256	0.496721	0.912417	0.133107	0.428624	0.427982	0.0877828	0.357702	0.0354107	-0.0120208	0.475765	1.46835	0.220128	0.537983	0.855247	0.0799932	0.580935	0.851411	0.144822	0.290614	0.0194831	-0.00537342	0.285111	0.481492	0.0877028	0.573139	0.768452	0.146431	0.487877	1.10272	0.236734	0.512811	1.4602	0.166319	0.395841	1.4478	0.276223	0.278626	0.0836518	0.123472	0.367569	0.419076	0.0230387	0.307027	1.45411	0.0908758	0.301386	1.28923	0.283115
89	0.875084	0.310425	1.55005	0.204696	0.300953	1.26068	0.0362139	0.164902	0.222704	0.373572	0.192709	0.998319	0.0617124	0.0199442	1.15077	0.139017	0.125951	0.857969	-0.0738519	0.0414052	1.1142	0.184461	0.228146	0.210683	0.433869	0.143311	0.50926	0.042328	0.127329	0.0997677	0.336431	0.270305	1.02888	0.252997	0.210499	1.35563	0.290373	0.122727	0.894015	0.134204	0.136418	0.467601	0.0957717	0.16944	0.0795389	0.276824	0.122971	1.49872	0.183338	0.108976	0.932715	-0.0241699	0.0465385	0.910745	0.0202906	0.231426	0.0682886	0.287284	0.27872	0.481947	0.0444497	0.0518007	0.829194	-0.00605745	0.0998024	1.13506	0.187016	0.109441	1.49305	0.132888	0.228979	1.48035	0.26183	0.257265	0.20577	0.32908	0.193762	0.406377	0.0436353	0.374298	0.058733	0.160793	0.43483	1.00302	0.0584075	0.574166	1.11833	0.189339	0.5323	0.775516	0.0272908	0.537347	1.09344	0.230973	0.316205	0.0184959	0.205758	0.426177	0.486685	0.0576538	0.413608	0.0138553	0.0470101	0.356412	1.031	0.248356	0.392038	1.31648	0.292857	0.497119	0.912849	0.123522	0.428681	0.427635	0.0844212	0.357676	0.0351673	-0.0122518	0.476464	1.46968	0.208586	0.53896	0.858475	0.057614	0.583035	0.853673	0.121683	0.290655	0.0193091	-0.00546777	0.285376	0.481332	0.0832543	0.575672	0.770661	0.121902	0.490434	1.10289	0.219658	0.513374	1.46172	0.15462	0.396555	1.44899	0.264664	0.278497	0.0837654	0.122885	0.367771	0.418132	0.0196975	0.30752	1.4553	0.079524	0.302117	1.29027	0.271666
90	0.885028	0.311058	1.55107	0.193261	0.301829	1.26185	0.0245769	0.16451	0.214729	0.342489	0.194066	0.999967	0.0492796	0.0207236	1.15148	0.133282	0.123183	0.85359	-0.074716	0.0430377	1.11587	0.178961	0.227503	0.199579	0.402683	0.144589	0.512866	0.0210982	0.126011	0.094429	0.299409	0.269943	1.02984	0.241303	0.211674	1.3565	0.279103	0.122958	0.895814	0.119959	0.137666	0.469717	0.0734325	0.167824	0.0766069	0.239041	0.123787	1.49958	0.172629	0.107233	0.929526	-0.0262439	0.0451425	0.908949	0.0193376	0.229796	0.0644615	0.248829	0.279656	0.485199	0.0232712	0.0495536	0.826799	-0.00521858	0.101336	1.13659	0.180399	0.109919	1.49399	0.122292	0.229914	1.48117	0.25059	0.256866	0.199171	0.29752	0.194512	0.410044	0.019213	0.374142	0.0590777	0.160479	0.436241	1.00378	0.047901	0.576201	1.11929	0.171306	0.533079	0.779383	0.0035588	0.53994	1.09347	0.212971	0.316145	0.0191957	0.205686	0.426382	0.486154	0.053959	0.413653	0.0138119	0.0470416	0.356111	1.03179	0.237178	0.393148	1.31768	0.281461	0.497445	0.913247	0.113988	0.428761	0.427306	0.0811732	0.357661	0.0349821	-0.0124589	0.477149	1.47085	0.197089	0.539864	0.861799	0.0352469	0.585011	0.856022	0.0985362	0.290713	0.0191861	-0.00555026	0.285763	0.481199	0.0788465	0.578057	0.772996	0.0973481	0.492856	1.10302	0.202515	0.513926	1.4631	0.142977	0.397264	1.45002	0.253143	0.2784	0.0839555	0.122279	0.367994	0.41721	0.0164615	0.308035	1.45636	0.0681995	0.302784	1.29117	0.260236
91	0.894972	0.311688	1.55192	0.181836	0.302686	1.26285	0.0129326	0.164202	0.205957	0.310676	0.195299	1.00138	0.0368835	0.0214794	1.1521	0.127677	0.120209	0.849249	-0.0753775	0.0446489	1.11749	0.173515	0.226981	0.187723	0.370599	0.145855	0.516274	0.000267645	0.12495	0.0886038	0.261861	0.269449	1.03065	0.229638	0.212825	1.35722	0.267837	0.123102	0.897413	0.105879	0.138853	0.471498	0.0513713	0.166475	0.0732982	0.200786	0.124613	1.50029	0.161887	0.105334	0.926284	-0.0280693	0.0437181	0.907138	0.0186563	0.228427	0.0604027	0.209765	0.280595	0.488263	0.00251419	0.0473617	0.824408	-0.00405533	0.102873	1.13802	0.173806	0.110407	1.49477	0.11166	0.230832	1.48184	0.23933	0.256592	0.19195	0.265285	0.195372	0.413592	-0.00483557	0.374013	0.059437	0.160196	0.437512	1.00439	0.0374455	0.578157	1.12021	0.153365	0.533755	0.783344	-0.0201463	0.542422	1.09342	0.194973	0.316077	0.0198962	0.205587	0.426587	0.485652	0.0503463	0.413707	0.0138032	0.0470656	0.35565	1.03246	0.226038	0.394239	1.3187	0.270062	0.4977	0.913603	0.104485	0.428867	0.42699	0.078024	0.357662	0.0348498	-0.0126459	0.477829	1.47184	0.185599	0.540699	0.865207	0.0129176	0.586846	0.858434	0.0754224	0.290789	0.0191119	-0.00562545	0.286236	0.481076	0.0745115	0.580261	0.775431	0.0728009	0.49515	1.10308	0.18533	0.514465	1.4643	0.131344	0.397985	1.45087	0.241643	0.27833	0.0842076	0.121672	0.368233	0.416308	0.013322	0.308568	1.45725	0.0568935	0.303385	1.29192	0.248821
92	0.904916	0.31232	1.55261	0.170409	0.303509	1.26364	0.00129361	0.164016	0.196541	0.27813	0.19639	1.00255	0.0245306	0.0222225	1.15264	0.122145	0.117057	0.844946	-0.0758541	0.0462207	1.11902	0.168075	0.226621	0.175285	0.33762	0.147097	0.519439	-0.0201634	0.124152	0.0824551	0.2238	0.268832	1.03129	0.218004	0.213956	1.35779	0.256577	0.123155	0.898786	0.0919841	0.139969	0.472906	0.0295803	0.165409	0.0697551	0.162084	0.125441	1.50084	0.151104	0.103295	0.922994	-0.0296907	0.0422822	0.905314	0.0182016	0.227333	0.0562338	0.170157	0.281545	0.491133	-0.0178149	0.0452542	0.822024	-0.00260591	0.104395	1.13934	0.167213	0.110901	1.49536	0.100987	0.231735	1.48236	0.228045	0.256486	0.184256	0.232401	0.196348	0.416993	-0.0285006	0.373911	0.059807	0.159951	0.438629	1.00484	0.0270244	0.580034	1.12109	0.135546	0.534334	0.787391	-0.0438128	0.544797	1.09328	0.177013	0.315989	0.0205796	0.205457	0.426789	0.485177	0.046798	0.413768	0.0138214	0.0470827	0.355042	1.033	0.214932	0.395308	1.31953	0.258655	0.497889	0.91391	0.0949947	0.428998	0.426688	0.0749602	0.357679	0.0347618	-0.0128177	0.47851	1.47263	0.174083	0.541467	0.868682	-0.0093484	0.588527	0.860887	0.0523797	0.290884	0.0190808	-0.00569984	0.286754	0.480951	0.0702838	0.582258	0.777942	0.0482903	0.497326	1.10307	0.168131	0.51499	1.4653	0.119683	0.398727	1.45155	0.230148	0.278274	0.0845033	0.12108	0.368485	0.415425	0.0102718	0.309109	1.45796	0.0456	0.30392	1.29253	0.237418
93	0.91486	0.312953	1.55311	0.158972	0.304285	1.26422	-0.010328	0.163988	0.186636	0.24485	0.197325	1.00346	0.0122233	0.0229645	1.15309	0.116631	0.113763	0.840684	-0.076159	0.0477409	1.12047	0.162598	0.226455	0.162435	0.303759	0.148303	0.522326	-0.04019	0.123635	0.0761295	0.185222	0.268103	1.03176	0.206397	0.21507	1.35821	0.245326	0.123113	0.89991	0.0782873	0.141014	0.473919	0.00805809	0.164658	0.0661151	0.12295	0.126261	1.50122	0.14028	0.101134	0.91967	-0.0311557	0.0408476	0.903483	0.0179258	0.226549	0.0520757	0.130062	0.282509	0.49381	-0.0377233	0.043247	0.81966	-0.000913375	0.105885	1.14051	0.160597	0.111392	1.49577	0.0902723	0.232623	1.48272	0.216734	0.256585	0.176237	0.198898	0.197432	0.420228	-0.0517788	0.37383	0.0601847	0.159747	0.439584	1.00512	0.0166201	0.581832	1.1219	0.117868	0.534823	0.791515	-0.0674251	0.547069	1.09303	0.159125	0.315867	0.0212323	0.205297	0.426984	0.484728	0.0433017	0.413831	0.0138582	0.0470937	0.354303	1.0334	0.203853	0.39635	1.32016	0.247239	0.498017	0.91416	0.0855022	0.429151	0.426402	0.0719708	0.357713	0.0347075	-0.01298	0.479191	1.47321	0.162517	0.542165	0.872206	-0.0315259	0.590044	0.86336	0.0294416	0.290995	0.0190838	-0.00578144	0.287279	0.480816	0.0661949	0.584033	0.780507	0.0238455	0.499394	1.10297	0.150943	0.515493	1.46609	0.107962	0.399493	1.45206	0.218648	0.278216	0.0848232	0.120519	0.368745	0.414563	0.00730587	0.309647	1.45846	0.034314	0.304385	1.29298	0.226023
94	0.924804	0.313587	1.55342	0.147521	0.305001	1.26457	-0.0219235	0.164147	0.176394	0.210843	0.198102	1.0041	-3.97488e-05	0.0237153	1.15344	0.111087	0.110362	0.836464	-0.0763021	0.0492036	1.12181	0.157048	0.226504	0.149341	0.269029	0.149458	0.524906	-0.0598021	0.123425	0.0697597	0.146114	0.267277	1.03203	0.194813	0.216167	1.35847	0.234084	0.122977	0.900768	0.0647945	0.141985	0.474525	-0.013191	0.164266	0.0625085	0.0833929	0.127064	1.50141	0.129419	0.0988739	0.91633	-0.0325117	0.0394238	0.901659	0.0177792	0.226119	0.0480487	0.089534	0.283482	0.49629	-0.0572279	0.041343	0.817335	0.000973554	0.107332	1.14155	0.153939	0.111869	1.49598	0.079521	0.233493	1.48291	0.205399	0.256917	0.168045	0.164803	0.198607	0.423286	-0.0746699	0.373759	0.0605685	0.159585	0.44038	1.00524	0.00621439	0.583551	1.12262	0.100344	0.535224	0.795707	-0.0909631	0.549243	1.09267	0.141336	0.315695	0.0218469	0.205106	0.42717	0.484305	0.0398502	0.413886	0.0139059	0.047099	0.353454	1.03364	0.192794	0.397354	1.32058	0.235814	0.498092	0.914347	0.0759946	0.429322	0.426135	0.069048	0.357762	0.0346754	-0.0131393	0.479869	1.47359	0.150884	0.542791	0.87576	-0.0535896	0.591396	0.865834	0.00663711	0.291116	0.0191097	-0.00587902	0.287779	0.480671	0.0622678	0.58558	0.783107	-0.000504926	0.501365	1.10277	0.133792	0.515967	1.46663	0.0961599	0.400278	1.45239	0.207133	0.278143	0.085149	0.119999	0.36901	0.413725	0.00442084	0.310167	1.45874	0.0230313	0.304775	1.29327	0.214629
95	0.934749	0.314217	1.55354	0.136055	0.305646	1.26468	-0.0334893	0.164516	0.165969	0.176118	0.198721	1.00448	-0.0122633	0.024482	1.15371	0.105477	0.106896	0.83229	-0.0762921	0.0506088	1.12306	0.151398	0.22678	0.136168	0.233444	0.150545	0.527157	-0.0789844	0.123552	0.0634692	0.106463	0.266371	1.03211	0.183243	0.217242	1.35856	0.222848	0.122754	0.901347	0.0515043	0.142884	0.474726	-0.0341568	0.164276	0.0590596	0.0434235	0.127837	1.50143	0.118527	0.0965409	0.912993	-0.0338036	0.0380176	0.899858	0.0177107	0.226093	0.0442727	0.0486238	0.284456	0.498566	-0.076348	0.0395339	0.815075	0.00300004	0.108725	1.14246	0.147224	0.112323	1.49601	0.0687409	0.234341	1.48293	0.194042	0.257498	0.159831	0.130146	0.199847	0.42616	-0.0971716	0.373683	0.0609572	0.15946	0.441023	1.0052	-0.004211	0.585188	1.12324	0.0829776	0.535538	0.799955	-0.114402	0.551322	1.0922	0.123667	0.315459	0.0224229	0.204886	0.42735	0.483908	0.0364412	0.413927	0.0139578	0.0470996	0.352516	1.03374	0.181744	0.398308	1.32081	0.224378	0.498124	0.914464	0.0664614	0.429507	0.425896	0.0661872	0.35782	0.0346539	-0.0133017	0.480535	1.47375	0.139176	0.543337	0.879324	-0.0755148	0.59258	0.868292	-0.0160088	0.29124	0.0191459	-0.00600112	0.288233	0.48052	0.0585138	0.586899	0.785726	-0.0247331	0.503247	1.10246	0.116697	0.516403	1.46694	0.0842671	0.401073	1.45254	0.195599	0.278036	0.0854657	0.119524	0.369279	0.412916	0.00161416	0.310653	1.45881	0.0117469	0.305087	1.29341	0.203231
96	0.944693	0.314836	1.55348	0.124574	0.30621	1.26457	-0.0450272	0.165106	0.155514	0.140695	0.199193	1.00462	-0.0244547	0.025267	1.1539	0.0997768	0.103409	0.828168	-0.0761378	0.0519611	1.1242	0.145631	0.227286	0.123078	0.197024	0.15155	0.529059	-0.0977165	0.124043	0.0573772	0.0662646	0.265403	1.03199	0.171674	0.218287	1.35848	0.211611	0.122452	0.901638	0.0384079	0.143711	0.474527	-0.0548243	0.164729	0.0558879	0.0030611	0.128571	1.50127	0.107612	0.0941646	0.909682	-0.0350716	0.0366342	0.8981	0.0176684	0.226511	0.0408677	0.00738321	0.285416	0.500623	-0.0950993	0.037803	0.812906	0.00510522	0.11006	1.14323	0.140437	0.11274	1.49584	0.0579409	0.235161	1.48277	0.182668	0.258334	0.151741	0.0949578	0.201121	0.428847	-0.119277	0.373586	0.061351	0.159365	0.441526	1.00502	-0.0146732	0.586739	1.12373	0.0657694	0.535764	0.804246	-0.137714	0.553306	1.09161	0.106134	0.315146	0.0229664	0.204639	0.427526	0.483541	0.0330759	0.413944	0.0140086	0.0470969	0.351512	1.03368	0.170693	0.399195	1.32083	0.21293	0.498125	0.914508	0.0568946	0.429703	0.42569	0.0633862	0.357884	0.0346324	-0.0134723	0.481181	1.4737	0.127391	0.543797	0.882878	-0.0972772	0.593599	0.870722	-0.0384747	0.291358	0.0191795	-0.00615487	0.288631	0.480373	0.0549309	0.587999	0.788348	-0.0488115	0.505045	1.10203	0.0996805	0.516788	1.467	0.0722819	0.401861	1.45252	0.18404	0.277885	0.0857633	0.11909	0.369554	0.412141	-0.00111699	0.31109	1.45867	0.000454449	0.305315	1.29338	0.191819
97	0.954637	0.315432	1.55322	0.113075	0.306685	1.26423	-0.0565438	0.165917	0.145183	0.104598	0.199534	1.00451	-0.036624	0.0260679	1.15402	0.0939723	0.099949	0.824108	-0.0758511	0.0532682	1.12524	0.139737	0.228013	0.110226	0.15979	0.152457	0.530592	-0.115973	0.124914	0.0516036	0.0255254	0.264389	1.03167	0.160093	0.219288	1.35822	0.200364	0.122086	0.901633	0.0254907	0.144467	0.473941	-0.075174	0.165649	0.0531102	-0.0376629	0.129256	1.50094	0.0966816	0.0917769	0.906417	-0.0363504	0.0352778	0.896406	0.0176008	0.227403	0.0379528	-0.0341336	0.286343	0.502438	-0.113487	0.0361285	0.810855	0.00722301	0.111337	1.14388	0.133566	0.113111	1.4955	0.047129	0.235943	1.48244	0.171278	0.259417	0.143916	0.0592742	0.202397	0.431342	-0.140972	0.373449	0.0617508	0.159289	0.441907	1.0047	-0.0251872	0.588196	1.1241	0.0487143	0.535898	0.808565	-0.160866	0.555194	1.0909	0.0887474	0.314746	0.0234895	0.20437	0.427707	0.483205	0.0297567	0.413929	0.0140546	0.0470929	0.350463	1.03346	0.159628	0.400002	1.32065	0.201467	0.498106	0.914474	0.0472887	0.429909	0.425526	0.060644	0.357947	0.0346019	-0.0136546	0.481792	1.47344	0.115533	0.544162	0.886403	-0.118853	0.594458	0.87311	-0.0607415	0.291464	0.019199	-0.00634478	0.288979	0.480242	0.0515031	0.588891	0.790963	-0.0727134	0.506761	1.10148	0.0827574	0.517113	1.46683	0.0602107	0.402626	1.45231	0.172454	0.277677	0.0860379	0.118685	0.369843	0.411403	-0.00377737	0.311461	1.45831	-0.0108538	0.305455	1.29319	0.180387
98	0.964581	0.315993	1.55277	0.101558	0.307067	1.26369	-0.06805	0.16694	0.135126	0.0678665	0.199766	1.00416	-0.0487839	0.0268777	1.15405	0.0880594	0.0965624	0.820119	-0.075449	0.0545388	1.12617	0.133715	0.228946	0.0977616	0.121773	0.153253	0.531736	-0.133726	0.126167	0.0462717	-0.0157278	0.263348	1.03114	0.148483	0.220231	1.35777	0.189092	0.121674	0.901331	0.0127332	0.145151	0.472984	-0.0951833	0.167039	0.0508416	-0.0787009	0.129881	1.50044	0.0857402	0.0894108	0.903217	-0.0376696	0.0339527	0.894792	0.0174575	0.228776	0.0356446	-0.0758661	0.287217	0.503977	-0.131503	0.0344882	0.808945	0.00928388	0.112555	1.1444	0.126602	0.113426	1.495	0.0363106	0.236678	1.48191	0.159874	0.260726	0.136487	0.023137	0.203644	0.433642	-0.162235	0.373255	0.0621587	0.159219	0.442186	1.00425	-0.0357646	0.589554	1.12433	0.0318059	0.535937	0.812896	-0.183826	0.556983	1.09008	0.0715119	0.314256	0.0240085	0.204082	0.4279	0.482903	0.0264846	0.413875	0.0140936	0.0470907	0.349389	1.03308	0.148539	0.400713	1.32027	0.189984	0.498078	0.91436	0.0376414	0.430126	0.425411	0.0579584	0.358006	0.0345552	-0.0138495	0.482354	1.47298	0.103611	0.544426	0.889879	-0.14022	0.595162	0.875447	-0.0827922	0.291548	0.0191952	-0.0065717	0.289287	0.480138	0.0482017	0.589589	0.793558	-0.0964122	0.508394	1.10081	0.0659416	0.517366	1.46642	0.0480661	0.403345	1.45192	0.160838	0.277408	0.0862917	0.118291	0.370153	0.410706	-0.00637556	0.311753	1.45776	-0.0221873	0.305503	1.29282	0.168925
99	0.974525	0.316504	1.55213	0.0900175	0.307353	1.26295	-0.0795588	0.168151	0.12549	0.0305507	0.199914	1.00359	-0.0609498	0.0276851	1.15402	0.08204	0.0932945	0.816215	-0.0749559	0.0557805	1.127	0.127566	0.230062	0.085826	0.0830158	0.153928	0.532473	-0.150946	0.127786	0.0415079	-0.0574435	0.262294	1.0304	0.136824	0.221097	1.35713	0.177782	0.121234	0.900732	0.000110908	0.145762	0.471673	-0.114828	0.16888	0.0491949	-0.119985	0.13044	1.49978	0.0747884	0.0870986	0.900099	-0.0390539	0.0326634	0.893271	0.0171901	0.230611	0.0340544	-0.117743	0.288016	0.505203	-0.149122	0.0328627	0.807193	0.0112174	0.113716	1.14482	0.119537	0.113673	1.49434	0.025487	0.237353	1.48121	0.148453	0.26223	0.129575	-0.0134001	0.204835	0.43574	-0.183036	0.372993	0.0625784	0.159145	0.442385	1.00367	-0.0464127	0.590802	1.12442	0.0150375	0.535877	0.817221	-0.20656	0.558667	1.08914	0.0544286	0.313678	0.0245427	0.203781	0.428117	0.482636	0.0232561	0.413776	0.0141256	0.0470938	0.348304	1.03253	0.137412	0.401315	1.31969	0.178475	0.49805	0.914164	0.027954	0.430356	0.42535	0.0553227	0.358056	0.0344878	-0.0140551	0.482851	1.47232	0.0916352	0.544583	0.893287	-0.161357	0.595716	0.877722	-0.10461	0.291606	0.0191621	-0.00683217	0.289576	0.480073	0.0449866	0.590107	0.796123	-0.119882	0.509937	1.10001	0.0492433	0.517539	1.46579	0.0358639	0.403997	1.45135	0.149192	0.277078	0.0865316	0.117889	0.370495	0.410051	-0.00892582	0.311953	1.45702	-0.0335569	0.305457	1.29228	0.157428
100	0.984469	0.316948	1.55131	0.0784481	0.307546	1.26203	-0.0910839	0.169522	0.116414	-0.00727682	0.200008	1.00281	-0.0731405	0.028476	1.15392	0.0759192	0.0901855	0.812408	-0.0744056	0.0569982	1.12773	0.121296	0.231333	0.0745497	0.0435862	0.154475	0.532783	-0.167604	0.129734	0.0374383	-0.0995398	0.261239	1.02944	0.125099	0.221867	1.35628	0.166414	0.12079	0.899839	-0.0124043	0.146299	0.470024	-0.134082	0.171123	0.0482772	-0.161424	0.130925	1.49897	0.0638226	0.0848698	0.897078	-0.0405253	0.0314152	0.891851	0.0167537	0.232866	0.0332836	-0.159676	0.288722	0.506068	-0.166304	0.0312394	0.805608	0.0129555	0.114821	1.14513	0.112365	0.113846	1.49354	0.0146548	0.237955	1.48031	0.137008	0.263886	0.123287	-0.0502655	0.205949	0.437628	-0.203343	0.372654	0.0630151	0.159053	0.442528	1.00299	-0.0571334	0.591933	1.12436	-0.00159609	0.535714	0.821518	-0.229032	0.560237	1.08809	0.0374961	0.313019	0.0251129	0.203469	0.428366	0.482404	0.0200599	0.413632	0.0141521	0.0471065	0.347218	1.03182	0.126236	0.401794	1.31892	0.166935	0.49803	0.913885	0.0182306	0.430603	0.425345	0.0527233	0.358095	0.0343976	-0.0142668	0.48327	1.47147	0.0796168	0.544629	0.89661	-0.182243	0.596127	0.879924	-0.12618	0.291635	0.019098	-0.00711836	0.289864	0.480051	0.0418077	0.590459	0.798644	-0.143096	0.511381	1.09908	0.0326696	0.517623	1.46495	0.0236212	0.404563	1.45059	0.137513	0.276692	0.0867687	0.117459	0.370881	0.409434	-0.0114498	0.312052	1.4561	-0.0449749	0.305314	1.29156	0.145889
101	0.994413	0.317307	1.5503	0.0668415	0.307649	1.26094	-0.102638	0.171012	0.108024	-0.0455172	0.200079	1.00183	-0.0853778	0.0292346	1.15374	0.0697026	0.0872678	0.808712	-0.0738422	0.0581931	1.12835	0.114911	0.232723	0.0640499	0.0035814	0.15489	0.532651	-0.183677	0.131958	0.0341817	-0.141899	0.260189	1.02828	0.113289	0.222519	1.35523	0.154971	0.120362	0.898664	-0.0248446	0.14676	0.468059	-0.152922	0.173703	0.0481839	-0.202898	0.131329	1.498	0.0528337	0.0827495	0.894162	-0.0421044	0.0302141	0.89053	0.0161073	0.235474	0.0334176	-0.201556	0.28932	0.506527	-0.182995	0.0296151	0.804189	0.0144357	0.115871	1.14535	0.105081	0.113937	1.49259	0.00380512	0.238472	1.47924	0.125532	0.265646	0.117708	-0.0873633	0.206968	0.439296	-0.22312	0.372242	0.0634761	0.158933	0.442638	1.0022	-0.0679234	0.592938	1.12415	-0.0180979	0.535445	0.825765	-0.251211	0.561685	1.08694	0.0207115	0.312296	0.0257403	0.203151	0.428656	0.482201	0.0168742	0.413442	0.0141766	0.0471331	0.346134	1.03094	0.114999	0.402142	1.31797	0.155359	0.498023	0.913518	0.00847826	0.430871	0.425394	0.0501368	0.35812	0.0342851	-0.0144776	0.483595	1.47044	0.0675657	0.544561	0.89983	-0.202859	0.596399	0.882043	-0.147484	0.291636	0.0190057	-0.00741871	0.290172	0.480073	0.0386063	0.590656	0.801111	-0.16603	0.512712	1.09803	0.0162247	0.517613	1.46392	0.011354	0.405023	1.44966	0.1258	0.27626	0.087016	0.116983	0.371319	0.408851	-0.0139775	0.312045	1.455	-0.0564537	0.305072	1.29067	0.134303
102	1.00436	0.317568	1.54911	0.0551882	0.307672	1.25969	-0.114232	0.172582	0.100425	-0.0840374	0.200159	1.00066	-0.0976852	0.0299451	1.15349	0.063394	0.0845636	0.805139	-0.0733202	0.0593617	1.12885	0.108416	0.234197	0.0544272	-0.0368603	0.155176	0.532069	-0.199155	0.134392	0.0318397	-0.184364	0.259143	1.0269	0.101378	0.223035	1.35398	0.143434	0.119969	0.897218	-0.0372458	0.147142	0.465798	-0.171328	0.176536	0.0489902	-0.244254	0.131645	1.49688	0.0418081	0.080756	0.891358	-0.0438118	0.0290666	0.889304	0.0152152	0.238353	0.034518	-0.243241	0.289798	0.50654	-0.199139	0.0279976	0.802928	0.0156039	0.116861	1.14546	0.0976811	0.113941	1.49151	-0.00707656	0.238889	1.47797	0.114011	0.26746	0.112906	-0.124567	0.207884	0.440732	-0.242334	0.371764	0.0639708	0.158776	0.442739	1.0013	-0.0787746	0.593811	1.12379	-0.0344678	0.535068	0.829934	-0.273064	0.562998	1.08569	0.00407083	0.311529	0.026446	0.202829	0.428993	0.48202	0.0136656	0.413212	0.0142046	0.0471779	0.345049	1.02988	0.103692	0.402349	1.31683	0.14374	0.49803	0.913062	-0.00129468	0.431163	0.425492	0.047528	0.358132	0.0341532	-0.0146793	0.483815	1.46923	0.0554899	0.54438	0.902933	-0.223187	0.596537	0.884068	-0.168505	0.29161	0.0188919	-0.00771933	0.29051	0.480133	0.035317	0.590708	0.803509	-0.188658	0.513918	1.09685	-8.87452e-05	0.517504	1.4627	-0.000924218	0.405363	1.44856	0.11405	0.275797	0.0872881	0.11645	0.371816	0.40829	-0.0165481	0.311931	1.45375	-0.0680065	0.304732	1.28959	0.122667
103	1.0143	0.317714	1.54774	0.0434779	0.307626	1.25828	-0.125876	0.17419	0.0937031	-0.122664	0.200278	0.999313	-0.110087	0.0305926	1.15316	0.0569934	0.082083	0.801701	-0.072903	0.0604966	1.12924	0.101812	0.235718	0.0457611	-0.0775516	0.155334	0.531037	-0.214039	0.136964	0.0304853	-0.226732	0.258098	1.02532	0.0893515	0.223397	1.35252	0.131787	0.119628	0.895522	-0.0496474	0.147445	0.463268	-0.189283	0.179528	0.0507412	-0.285307	0.131868	1.4956	0.030727	0.0789005	0.888668	-0.0456699	0.0279789	0.888159	0.0140471	0.241409	0.0366137	-0.284558	0.290153	0.506073	-0.214681	0.0264054	0.801809	0.0164166	0.117789	1.14547	0.0901637	0.113853	1.49028	-0.0180099	0.239193	1.47653	0.102433	0.269278	0.108922	-0.161713	0.208691	0.441926	-0.260958	0.371238	0.0645106	0.158578	0.442855	1.00031	-0.0896758	0.594544	1.12329	-0.0507026	0.534583	0.833998	-0.294563	0.564162	1.08435	-0.0124299	0.310746	0.0272506	0.202509	0.429376	0.481848	0.0103877	0.412949	0.0142431	0.0472439	0.343955	1.02865	0.0923044	0.40241	1.31552	0.132076	0.49805	0.91251	-0.0110804	0.431479	0.425627	0.0448498	0.358133	0.0340074	-0.0148636	0.48392	1.46786	0.0433945	0.544088	0.905904	-0.243212	0.596543	0.885988	-0.189226	0.291566	0.0187666	-0.00800579	0.290882	0.480216	0.031869	0.590622	0.805827	-0.210954	0.514982	1.09557	-0.0162694	0.517292	1.46131	-0.0132042	0.40557	1.4473	0.102262	0.275321	0.0876001	0.115854	0.372373	0.407738	-0.0192086	0.311711	1.45235	-0.079646	0.304291	1.28835	0.110978
104	1.02425	0.317733	1.54621	0.0317001	0.307524	1.25672	-0.137575	0.175798	0.0879101	-0.161176	0.200461	0.997804	-0.122606	0.0311645	1.15275	0.0504956	0.0798248	0.798408	-0.0726602	0.0615865	1.12952	0.0950982	0.237251	0.0381058	-0.11825	0.155371	0.529566	-0.228349	0.1396	0.0301504	-0.268757	0.257046	1.02355	0.077198	0.22359	1.35086	0.120016	0.119349	0.893602	-0.0620919	0.147668	0.460501	-0.206779	0.182589	0.0534403	-0.325833	0.131992	1.49417	0.0195681	0.077186	0.886091	-0.047703	0.0269572	0.88708	0.0125784	0.244549	0.0396915	-0.325296	0.290384	0.50511	-0.229581	0.0248661	0.800808	0.0168414	0.118645	1.14539	0.0825258	0.113671	1.48892	-0.0290192	0.239369	1.47492	0.0907799	0.271055	0.105771	-0.198599	0.209394	0.442869	-0.278974	0.370687	0.0651092	0.158333	0.443005	0.999218	-0.100615	0.595134	1.12265	-0.0667963	0.533987	0.837926	-0.315682	0.565166	1.08293	-0.0287937	0.309978	0.0281746	0.202192	0.4298	0.48167	0.00698323	0.412663	0.0143004	0.0473329	0.342837	1.02725	0.0808244	0.402319	1.31405	0.120365	0.498078	0.911857	-0.0208741	0.431816	0.425785	0.0420441	0.358123	0.033855	-0.0150236	0.483902	1.46633	0.0312817	0.543688	0.908731	-0.262917	0.596421	0.887792	-0.209626	0.291509	0.018642	-0.0082653	0.291285	0.480303	0.0281884	0.590403	0.808049	-0.232895	0.515892	1.09417	-0.0323159	0.516977	1.45976	-0.0254809	0.405635	1.4459	0.0904326	0.27485	0.0879669	0.115196	0.372984	0.407178	-0.0220132	0.311391	1.4508	-0.0913842	0.303748	1.28695	0.0992304
105	1.03419	0.317616	1.54452	0.0198449	0.307382	1.25501	-0.149336	0.177371	0.0830656	-0.199309	0.200729	0.996148	-0.135262	0.0316512	1.15226	0.0438898	0.0777765	0.795266	-0.0726641	0.0626177	1.12969	0.0882677	0.238765	0.0314867	-0.158655	0.155297	0.527686	-0.242129	0.142238	0.0308146	-0.310147	0.255974	1.02159	0.0649084	0.223608	1.349	0.108113	0.119138	0.891489	-0.0746237	0.147813	0.457536	-0.223817	0.185636	0.0570387	-0.365576	0.132009	1.49258	0.00830603	0.0756082	0.883621	-0.0499378	0.0260064	0.886048	0.0107897	0.247686	0.0436876	-0.365203	0.290497	0.503654	-0.243822	0.0234134	0.799899	0.0168565	0.119421	1.1452	0.0747635	0.113391	1.4874	-0.0401321	0.239408	1.47314	0.079036	0.272753	0.103433	-0.234984	0.209999	0.443557	-0.29638	0.370139	0.0657822	0.15804	0.443208	0.998025	-0.11158	0.595577	1.12187	-0.0827402	0.533285	0.841691	-0.336397	0.565997	1.08142	-0.045021	0.309255	0.0292382	0.201883	0.430255	0.481469	0.00338586	0.412366	0.0143852	0.0474444	0.341683	1.02567	0.0692411	0.402074	1.31244	0.108605	0.498107	0.911098	-0.0306768	0.432169	0.425949	0.0390441	0.358107	0.0337047	-0.0151553	0.483758	1.46466	0.0191505	0.543183	0.911402	-0.282287	0.596175	0.889469	-0.229688	0.291448	0.0185309	-0.00848866	0.291701	0.480371	0.0242011	0.590055	0.810163	-0.254453	0.516635	1.09266	-0.0482257	0.516559	1.45806	-0.0377539	0.405552	1.44435	0.0785582	0.274404	0.0884041	0.114483	0.373638	0.406592	-0.0250201	0.310978	1.44912	-0.103232	0.303105	1.28539	0.0874215
106	1.04413	0.317355	1.54269	0.00790368	0.307215	1.25316	-0.161164	0.178886	0.0791515	-0.236753	0.201096	0.994361	-0.148068	0.0320464	1.15169	0.0371587	0.075918	0.792279	-0.0729849	0.0635753	1.12974	0.0813088	0.240236	0.025897	-0.198411	0.155126	0.525442	-0.255443	0.144825	0.0323978	-0.350571	0.254874	1.01948	0.0524771	0.223447	1.34698	0.0960722	0.118993	0.889224	-0.0872869	0.147885	0.454423	-0.240408	0.188601	0.0614283	-0.404247	0.131914	1.49084	-0.00308599	0.0741563	0.881253	-0.0524036	0.0251305	0.885041	0.00866596	0.250747	0.0484815	-0.403996	0.290503	0.501735	-0.257415	0.0220835	0.799053	0.0164486	0.120109	1.14491	0.0668709	0.113013	1.48574	-0.0513784	0.239297	1.47121	0.067185	0.274348	0.101861	-0.270589	0.210518	0.443991	-0.313188	0.369621	0.0665476	0.157699	0.443476	0.996732	-0.122568	0.595872	1.12096	-0.0985235	0.532478	0.845265	-0.356685	0.566646	1.07984	-0.0611081	0.308608	0.0304619	0.201586	0.430725	0.481226	-0.000475554	0.412071	0.0145052	0.0475759	0.340476	1.02394	0.0575418	0.401674	1.3107	0.096796	0.498127	0.910226	-0.0404983	0.432527	0.4261	0.0357788	0.35809	0.0335657	-0.0152586	0.483485	1.46287	0.00699763	0.54258	0.913907	-0.301308	0.595805	0.891009	-0.249389	0.291393	0.0184453	-0.00867189	0.292109	0.480396	0.0198368	0.589581	0.812155	-0.275605	0.517203	1.09107	-0.0639946	0.516038	1.45625	-0.0500269	0.405319	1.4427	0.0666354	0.273999	0.0889276	0.113723	0.374315	0.405962	-0.0282885	0.310482	1.44731	-0.115197	0.302363	1.2837	0.0755448
107	1.05408	0.316946	1.54073	-0.00413081	0.307037	1.25117	-0.173067	0.180325	0.0761119	-0.27316	0.201562	0.992461	-0.161032	0.032347	1.15104	0.0302784	0.0742237	0.789446	-0.0736872	0.0644446	1.1297	0.0742039	0.241643	0.0212975	-0.237115	0.154875	0.522898	-0.268379	0.147327	0.0347561	-0.389668	0.253735	1.01723	0.0399011	0.223114	1.3448	0.083895	0.118905	0.886849	-0.100123	0.14789	0.451218	-0.256575	0.191436	0.0664371	-0.441535	0.131701	1.48895	-0.0146346	0.072815	0.878978	-0.0551314	0.0243318	0.884042	0.00619534	0.253679	0.0538927	-0.44136	0.290418	0.499407	-0.270412	0.0209104	0.798245	0.015611	0.1207	1.14453	0.0588382	0.112536	1.48393	-0.0627878	0.239031	1.46915	0.0552125	0.275826	0.100969	-0.305108	0.210968	0.444176	-0.329427	0.36916	0.0674253	0.157307	0.443816	0.995335	-0.13358	0.596019	1.11993	-0.114134	0.531571	0.848625	-0.376527	0.567106	1.0782	-0.0770467	0.308061	0.0318666	0.201305	0.431188	0.480926	-0.00467252	0.411792	0.0146661	0.0477225	0.339208	1.02206	0.0457126	0.40112	1.30886	0.0849368	0.498127	0.909235	-0.0503591	0.432873	0.42622	0.0321771	0.358077	0.0334474	-0.0153381	0.483086	1.46098	-0.00518228	0.541883	0.916237	-0.319966	0.595317	0.892403	-0.268712	0.291351	0.0183951	-0.00881708	0.292479	0.480354	0.0150327	0.588983	0.814013	-0.296325	0.51759	1.08939	-0.0796161	0.515416	1.45432	-0.0623066	0.404937	1.44095	0.0546599	0.273651	0.0895546	0.112927	0.37499	0.40527	-0.0318748	0.30991	1.44537	-0.127288	0.301523	1.28189	0.0635926
108	1.06402	0.316387	1.53866	-0.0162639	0.306857	1.24907	-0.185053	0.181676	0.0738551	-0.308163	0.202121	0.990468	-0.174157	0.0325536	1.15032	0.0232191	0.0726666	0.786765	-0.0748265	0.065212	1.12956	0.0669297	0.242972	0.0176181	-0.274329	0.154564	0.520136	-0.281044	0.149727	0.037685	-0.427061	0.252553	1.01488	0.0271798	0.222623	1.34251	0.0715875	0.118858	0.884414	-0.113168	0.147841	0.447986	-0.272353	0.194115	0.0718317	-0.477118	0.131364	1.48692	-0.0263643	0.0715665	0.876787	-0.058154	0.0236111	0.883036	0.00336742	0.256452	0.0596831	-0.476967	0.290262	0.496753	-0.282903	0.0199224	0.79745	0.0143401	0.121187	1.14405	0.0506513	0.111962	1.48197	-0.074388	0.238605	1.46698	0.0431069	0.277184	0.100643	-0.33822	0.211366	0.444125	-0.345144	0.368778	0.0684377	0.156866	0.444227	0.993833	-0.14463	0.596021	1.11879	-0.129559	0.530571	0.851751	-0.395907	0.567376	1.0765	-0.0928229	0.307634	0.033474	0.201044	0.43162	0.480555	-0.00927217	0.411538	0.0148701	0.0478771	0.337875	1.02005	0.033738	0.400414	1.30693	0.0730244	0.498092	0.908122	-0.0602917	0.433188	0.426294	0.0281736	0.358074	0.0333574	-0.0154033	0.482565	1.459	-0.0173961	0.541097	0.918384	-0.338247	0.594711	0.893644	-0.287635	0.291329	0.0183861	-0.00893249	0.29278	0.48023	0.00973776	0.588266	0.815725	-0.316586	0.517794	1.08765	-0.0950809	0.514699	1.45231	-0.0746022	0.404408	1.43912	0.0426267	0.273369	0.0903037	0.112106	0.375634	0.404505	-0.0358295	0.309273	1.44334	-0.139509	0.300593	1.27998	0.0515545
109	1.07397	0.31568	1.53651	-0.0284989	0.306679	1.24687	-0.197136	0.182935	0.0722596	-0.341386	0.202753	0.988409	-0.187436	0.0326693	1.14952	0.0159451	0.0712211	0.784228	-0.0764472	0.0658666	1.12933	0.0594575	0.244214	0.0147619	-0.309601	0.154221	0.517253	-0.29356	0.152023	0.0409285	-0.462372	0.251331	1.01246	0.0143149	0.221993	1.34013	0.0591606	0.118832	0.881972	-0.126447	0.147752	0.444801	-0.287784	0.196634	0.0773259	-0.510675	0.1309	1.48477	-0.0382957	0.0703924	0.874672	-0.0615051	0.0229675	0.882012	0.000171532	0.259055	0.0655651	-0.510485	0.290059	0.493879	-0.295015	0.0191384	0.796652	0.0126334	0.121567	1.14348	0.0422908	0.111293	1.47988	-0.0862024	0.238019	1.46472	0.0308605	0.278426	0.100743	-0.369599	0.211732	0.443856	-0.360402	0.368494	0.0696092	0.156374	0.444699	0.992229	-0.155745	0.595881	1.11756	-0.144783	0.529486	0.85463	-0.414809	0.567457	1.07476	-0.108418	0.307338	0.0353069	0.200805	0.431994	0.480108	-0.0143331	0.411319	0.0151139	0.0480314	0.336483	1.01795	0.0216018	0.399562	1.30494	0.0610533	0.49801	0.906886	-0.0703407	0.433453	0.426314	0.0237127	0.358087	0.0333011	-0.0154673	0.481927	1.45697	-0.0296517	0.540226	0.92034	-0.356136	0.593994	0.894726	-0.306138	0.291335	0.0184194	-0.00903167	0.292982	0.480015	0.00391514	0.587433	0.817282	-0.336363	0.517819	1.08586	-0.110377	0.51389	1.45024	-0.0869242	0.403738	1.43725	0.0305297	0.273164	0.0911949	0.111266	0.376214	0.403659	-0.0401937	0.308578	1.44121	-0.151863	0.299581	1.27799	0.0394178
110	1.08391	0.31483	1.53431	-0.0408377	0.306503	1.2446	-0.209331	0.1841	0.0711826	-0.372471	0.203425	0.986312	-0.200862	0.0326996	1.14866	0.00841626	0.0698659	0.781827	-0.0785822	0.0664006	1.12904	0.0517533	0.245359	0.0126125	-0.34249	0.153872	0.514356	-0.306058	0.154226	0.0441957	-0.495241	0.250077	1.01002	0.00130926	0.22125	1.33772	0.0466274	0.118799	0.879579	-0.139974	0.147642	0.441737	-0.302924	0.199005	0.0825967	-0.541908	0.130306	1.48251	-0.0504436	0.0692762	0.872627	-0.0652186	0.0223979	0.880967	-0.00340503	0.261498	0.0712165	-0.541604	0.289835	0.490907	-0.306902	0.0185658	0.795843	0.0104864	0.121837	1.14285	0.0337318	0.110531	1.47767	-0.0982474	0.237281	1.46241	0.0184703	0.279565	0.101109	-0.398939	0.212086	0.443391	-0.375274	0.36832	0.0709662	0.155827	0.445213	0.990524	-0.166964	0.595605	1.11625	-0.159794	0.528325	0.857252	-0.43322	0.567356	1.07299	-0.123809	0.307177	0.037389	0.200587	0.432284	0.479585	-0.0199024	0.41114	0.0153883	0.0481768	0.335048	1.01578	0.00928683	0.398574	1.30291	0.0490146	0.497867	0.90553	-0.0805612	0.433644	0.426278	0.018752	0.358123	0.0332805	-0.0155459	0.481182	1.45491	-0.0419579	0.539274	0.922098	-0.373618	0.593169	0.895647	-0.324203	0.291373	0.0184904	-0.00913165	0.293059	0.479709	-0.00245683	0.586489	0.818674	-0.355632	0.517668	1.08405	-0.125489	0.512997	1.44814	-0.0992841	0.402934	1.43535	0.0183613	0.27304	0.0922493	0.110407	0.376699	0.402731	-0.044998	0.307831	1.43903	-0.164349	0.298498	1.27594	0.0271674
111	1.09385	0.313846	1.53208	-0.0532804	0.306319	1.24229	-0.221654	0.185171	0.0704709	-0.401094	0.204095	0.984214	-0.21442	0.0326519	1.14775	0.000588867	0.0685855	0.779555	-0.0812537	0.0668099	1.1287	0.0437788	0.246401	0.0110434	-0.372593	0.153549	0.511557	-0.318669	0.156355	0.0471819	-0.525351	0.248806	1.00762	-0.0118336	0.220423	1.33531	0.0340023	0.118731	0.877292	-0.153748	0.14753	0.438872	-0.317831	0.201252	0.0873057	-0.570552	0.129582	1.48019	-0.0628147	0.0682042	0.870647	-0.0693278	0.0218969	0.879904	-0.00737855	0.263801	0.0763003	-0.570045	0.289614	0.487972	-0.318737	0.0181997	0.795021	0.00789116	0.122001	1.14215	0.0249443	0.109679	1.47537	-0.110531	0.2364	1.46009	0.00593789	0.280614	0.101576	-0.425966	0.212447	0.442757	-0.389843	0.368263	0.0725372	0.15522	0.445738	0.988728	-0.178336	0.595198	1.11489	-0.174578	0.527097	0.859614	-0.451128	0.567079	1.0712	-0.138971	0.307147	0.0397457	0.200384	0.432466	0.478995	-0.0260141	0.411002	0.0156773	0.0483054	0.333596	1.01357	-0.00322375	0.397462	1.30087	0.0368949	0.497651	0.904059	-0.0910157	0.433741	0.426194	0.0132642	0.358184	0.0332926	-0.0156546	0.480337	1.45285	-0.054324	0.538245	0.923653	-0.390679	0.592241	0.896403	-0.341809	0.291445	0.0185875	-0.00925035	0.292992	0.479323	-0.00938599	0.585438	0.819894	-0.374364	0.517351	1.08222	-0.1404	0.512027	1.44604	-0.111693	0.402004	1.43345	0.00611284	0.273005	0.0934883	0.109521	0.377062	0.401727	-0.0502617	0.307035	1.43681	-0.176968	0.297363	1.27387	0.0147865
112	1.1038	0.312739	1.52988	-0.0658262	0.306113	1.24	-0.234125	0.186149	0.0699742	-0.426993	0.204714	0.982155	-0.228096	0.0325346	1.1468	-0.00758212	0.0673716	0.777404	-0.084475	0.0670948	1.12833	0.0354923	0.24733	0.00992781	-0.399572	0.153281	0.508964	-0.331513	0.158426	0.0495953	-0.552442	0.247539	1.00529	-0.0251102	0.219544	1.33295	0.021298	0.118598	0.875167	-0.167756	0.147437	0.436278	-0.332567	0.203406	0.0911264	-0.596398	0.128734	1.47783	-0.0754072	0.0671671	0.868732	-0.0738652	0.0214568	0.878832	-0.0117701	0.265996	0.0804906	-0.59559	0.289422	0.485208	-0.330694	0.0180222	0.794194	0.00483425	0.122063	1.1414	0.0158941	0.108741	1.47301	-0.123049	0.235394	1.45778	-0.00673002	0.281588	0.101987	-0.45046	0.212834	0.441982	-0.404194	0.368327	0.0743515	0.154543	0.446238	0.986854	-0.189919	0.594669	1.11348	-0.18912	0.525814	0.861715	-0.468523	0.566638	1.06942	-0.153878	0.30724	0.0424042	0.200184	0.432525	0.478355	-0.0326895	0.410903	0.015959	0.0484113	0.332158	1.01138	-0.0159459	0.396245	1.29884	0.0246773	0.497349	0.902485	-0.10177	0.43373	0.426079	0.00723659	0.358273	0.0333295	-0.0158066	0.479404	1.45082	-0.0667601	0.537143	0.924998	-0.407302	0.591216	0.896994	-0.358936	0.291552	0.0186931	-0.00940345	0.292775	0.478871	-0.01687	0.584286	0.820937	-0.392535	0.516876	1.08041	-0.155092	0.51099	1.44398	-0.124164	0.400961	1.43158	-0.00622613	0.273066	0.0949328	0.108591	0.377285	0.40066	-0.0559943	0.306192	1.43459	-0.189717	0.296193	1.2718	0.00225745
113	1.11374	0.311524	1.52773	-0.0784735	0.305865	1.23778	-0.246761	0.187033	0.0695577	-0.449981	0.205228	0.980184	-0.241874	0.0323568	1.14583	-0.0161411	0.0662222	0.77537	-0.0882527	0.0672599	1.12795	0.0268504	0.248138	0.00914934	-0.42318	0.153094	0.506676	-0.344696	0.160452	0.051183	-0.576336	0.246302	1.0031	-0.0385176	0.218641	1.33069	0.00852376	0.118371	0.873258	-0.181971	0.147382	0.43402	-0.347193	0.205495	0.093772	-0.619306	0.127768	1.47547	-0.0882092	0.0661597	0.866883	-0.0788617	0.021067	0.87777	-0.0166066	0.268113	0.0834989	-0.618092	0.289281	0.482741	-0.342931	0.0180041	0.793379	0.00129613	0.122029	1.14063	0.00654428	0.107724	1.47064	-0.13579	0.234285	1.45554	-0.0195228	0.282498	0.102205	-0.472271	0.213263	0.4411	-0.418407	0.36851	0.0764393	0.153778	0.446671	0.984922	-0.201775	0.594023	1.11207	-0.203408	0.524486	0.863558	-0.485395	0.566043	1.06766	-0.168504	0.307443	0.0453943	0.199965	0.432449	0.477688	-0.0399396	0.410835	0.0162071	0.0484918	0.330771	1.00926	-0.0288934	0.394942	1.29685	0.0123408	0.496951	0.900826	-0.112887	0.433599	0.425958	0.000668971	0.358388	0.0333776	-0.0160097	0.478394	1.44887	-0.0792773	0.535974	0.92613	-0.423473	0.5901	0.897422	-0.375564	0.291689	0.0187839	-0.00960107	0.29241	0.478376	-0.0249019	0.583039	0.821797	-0.410119	0.516254	1.07864	-0.169547	0.509896	1.44199	-0.136708	0.399818	1.42976	-0.0186671	0.273232	0.0966016	0.107585	0.377361	0.399547	-0.0621989	0.3053	1.43242	-0.202592	0.295012	1.26976	-0.0104374
114	1.12369	0.310218	1.52568	-0.0912208	0.30555	1.23566	-0.259579	0.187821	0.0691134	-0.469965	0.205583	0.978353	-0.25574	0.0321278	1.14485	-0.0251293	0.0651415	0.773454	-0.09259	0.0673142	1.12756	0.0178101	0.248816	0.00861036	-0.443283	0.153009	0.504777	-0.358292	0.162433	0.0517563	-0.596947	0.245121	1.0011	-0.0520537	0.217741	1.32856	-0.00431592	0.118025	0.871618	-0.196361	0.147381	0.432152	-0.361762	0.207543	0.0950231	-0.639217	0.126695	1.47318	-0.101199	0.0651811	0.86511	-0.0843476	0.020714	0.876737	-0.0219207	0.270179	0.0851011	-0.637489	0.289208	0.48068	-0.355575	0.0181065	0.792599	-0.00274956	0.121912	1.13986	-0.00314311	0.106634	1.46831	-0.148727	0.233099	1.45341	-0.0324269	0.283356	0.102127	-0.491328	0.213746	0.440144	-0.432548	0.368813	0.0788309	0.152903	0.446993	0.982956	-0.213963	0.593269	1.11067	-0.21743	0.523123	0.865145	-0.501733	0.565303	1.06595	-0.182827	0.30774	0.0487494	0.19969	0.43224	0.477023	-0.0477685	0.410786	0.0163941	0.0485483	0.329472	1.00724	-0.042077	0.393579	1.29492	-0.00013799	0.496447	0.899102	-0.124422	0.433349	0.425864	-0.00643073	0.358525	0.0334183	-0.0162635	0.477319	1.44702	-0.0918877	0.534744	0.927045	-0.439175	0.5889	0.897688	-0.391672	0.291851	0.0188332	-0.00984477	0.291916	0.477857	-0.0334769	0.581703	0.822469	-0.427088	0.515494	1.07694	-0.183747	0.508755	1.44012	-0.149337	0.398591	1.42802	-0.0312225	0.273516	0.0985112	0.106459	0.377297	0.39841	-0.068876	0.304356	1.43035	-0.21559	0.293844	1.26779	-0.0233142
115	1.13363	0.308841	1.52377	-0.104067	0.305144	1.23372	-0.272591	0.188512	0.0685681	-0.48695	0.205729	0.976717	-0.269683	0.0318569	1.14389	-0.0345823	0.0641376	0.77166	-0.0974888	0.0672712	1.12721	0.00833112	0.249358	0.00823752	-0.459871	0.153036	0.503327	-0.372346	0.164361	0.0512106	-0.61429	0.244018	0.999342	-0.0657171	0.216866	1.3266	-0.0172219	0.117538	0.870295	-0.210889	0.147444	0.430714	-0.376316	0.209567	0.0947504	-0.656157	0.125531	1.47099	-0.114348	0.0642337	0.863422	-0.0903523	0.0203814	0.87576	-0.0277511	0.272215	0.0851591	-0.653812	0.289215	0.479105	-0.368706	0.0182831	0.791882	-0.00733601	0.121722	1.13911	-0.0132046	0.105477	1.46606	-0.161827	0.231864	1.45141	-0.0454275	0.284167	0.10169	-0.507643	0.214291	0.439148	-0.446667	0.369232	0.0815561	0.151883	0.44716	0.980989	-0.226532	0.592413	1.1093	-0.231175	0.521737	0.866478	-0.517525	0.564429	1.06433	-0.196826	0.308115	0.0525072	0.19931	0.431911	0.476387	-0.0561783	0.410741	0.016496	0.0485868	0.328292	1.00537	-0.0555033	0.392183	1.29308	-0.0127836	0.49583	0.897341	-0.136419	0.432989	0.425832	-0.0140521	0.358672	0.033429	-0.0165582	0.476189	1.44531	-0.104605	0.533459	0.927741	-0.454391	0.587621	0.897794	-0.407237	0.292022	0.0188135	-0.0101253	0.291323	0.477331	-0.0425996	0.580283	0.82295	-0.443415	0.514604	1.07534	-0.197674	0.507579	1.43839	-0.162065	0.397299	1.42639	-0.0439049	0.273933	0.100675	0.105154	0.377118	0.397272	-0.0760287	0.303356	1.42842	-0.228706	0.292712	1.26592	-0.0363859
116	1.14358	0.307414	1.52204	-0.117012	0.304622	1.23201	-0.285806	0.189107	0.0678875	-0.50104	0.205627	0.975332	-0.283693	0.0315526	1.14296	-0.0445272	0.0632213	0.769995	-0.102953	0.067148	1.12689	-0.00162186	0.249757	0.00798337	-0.473065	0.15318	0.502359	-0.386862	0.16621	0.0495373	-0.628484	0.243013	0.997864	-0.0795063	0.216036	1.32483	-0.0302	0.116897	0.869331	-0.225519	0.147576	0.429724	-0.390883	0.211573	0.0929293	-0.670238	0.124294	1.46896	-0.127619	0.0633218	0.861835	-0.096906	0.0200506	0.874867	-0.0341414	0.274231	0.0836356	-0.667181	0.289304	0.47807	-0.38235	0.0184842	0.791259	-0.0125029	0.121475	1.1384	-0.0236731	0.104262	1.46395	-0.175049	0.230611	1.4496	-0.0585107	0.284938	0.100881	-0.521314	0.214902	0.438147	-0.46079	0.369766	0.084644	0.150671	0.447135	0.979057	-0.239519	0.591459	1.10801	-0.244637	0.520339	0.867557	-0.532758	0.563428	1.06281	-0.210485	0.308556	0.056711	0.198755	0.431484	0.47581	-0.0651746	0.41068	0.0164972	0.0486166	0.327251	1.0037	-0.0691731	0.390786	1.29138	-0.0256205	0.49509	0.895573	-0.148904	0.432539	0.425902	-0.0221886	0.358815	0.0333856	-0.0168739	0.475018	1.44377	-0.117442	0.53213	0.928216	-0.469106	0.586269	0.897744	-0.422236	0.292186	0.018701	-0.0104216	0.29067	0.476802	-0.0522902	0.578785	0.823235	-0.459074	0.513592	1.07387	-0.211316	0.506378	1.43686	-0.174907	0.395962	1.4249	-0.0567262	0.274502	0.103104	0.103597	0.376865	0.396153	-0.0836684	0.302294	1.42668	-0.241937	0.291641	1.2642	-0.0496612
117	1.15352	0.305959	1.52054	-0.130055	0.303966	1.23057	-0.299228	0.18961	0.0670746	-0.512434	0.20525	0.974248	-0.297763	0.031223	1.1421	-0.0549808	0.0624033	0.768474	-0.10899	0.0669646	1.12662	-0.012076	0.250014	0.0078241	-0.483104	0.153434	0.501877	-0.401806	0.167949	0.0468254	-0.639745	0.242114	0.996703	-0.0934195	0.215266	1.32328	-0.0432598	0.116095	0.868761	-0.240218	0.147775	0.429184	-0.405471	0.21356	0.0896456	-0.681653	0.123005	1.46713	-0.140973	0.0624502	0.860367	-0.10404	0.0197018	0.874084	-0.0411386	0.276232	0.0805994	-0.677803	0.289474	0.477592	-0.396471	0.0186588	0.79076	-0.0182955	0.121187	1.13774	-0.0345758	0.103	1.46205	-0.188348	0.229365	1.448	-0.0716655	0.285672	0.0997309	-0.532512	0.215581	0.437175	-0.474917	0.370414	0.0881229	0.149206	0.446886	0.9772	-0.252942	0.590412	1.1068	-0.257807	0.51894	0.868376	-0.547416	0.562304	1.06144	-0.223791	0.309051	0.06141	0.197941	0.430995	0.475311	-0.0747708	0.41058	0.0163966	0.0486493	0.32636	1.00227	-0.0830806	0.389415	1.28984	-0.0386704	0.49422	0.89383	-0.161882	0.43203	0.426108	-0.0308443	0.358935	0.0332651	-0.0171818	0.473817	1.44245	-0.130414	0.530765	0.92847	-0.483303	0.584852	0.897539	-0.436646	0.29232	0.0184803	-0.0107022	0.290011	0.476266	-0.0625886	0.577213	0.82332	-0.474037	0.512462	1.07256	-0.224661	0.505162	1.43555	-0.187876	0.394604	1.42359	-0.0696967	0.275242	0.105806	0.1017	0.376596	0.395069	-0.091819	0.301167	1.42519	-0.255279	0.290652	1.26264	-0.0631431
118	1.16346	0.304496	1.5193	-0.143199	0.303161	1.22945	-0.312853	0.190028	0.0661636	-0.521404	0.204587	0.973512	-0.311888	0.0308748	1.14131	-0.065948	0.0616923	0.76711	-0.115613	0.0667427	1.12641	-0.0230482	0.25013	0.00775383	-0.490331	0.153786	0.501856	-0.417104	0.169539	0.0432531	-0.64837	0.24132	0.995885	-0.107453	0.214564	1.32196	-0.0564131	0.11513	0.868608	-0.254963	0.148037	0.42907	-0.420065	0.215522	0.085088	-0.69066	0.121688	1.46554	-0.154369	0.0616232	0.859039	-0.111787	0.0193155	0.873437	-0.0487907	0.278213	0.0762191	-0.685952	0.289716	0.477655	-0.410978	0.0187591	0.790415	-0.0247635	0.120874	1.13717	-0.0459322	0.101703	1.46039	-0.201683	0.228148	1.44664	-0.0848855	0.286376	0.0983057	-0.541471	0.216327	0.436261	-0.489017	0.371175	0.0920199	0.147411	0.446393	0.97546	-0.266797	0.589277	1.10572	-0.270682	0.517553	0.868928	-0.56148	0.561064	1.06024	-0.236736	0.309593	0.0666591	0.196764	0.430489	0.474904	-0.0849927	0.410421	0.0162134	0.0486952	0.325615	1.0011	-0.097213	0.388099	1.28849	-0.0519514	0.493211	0.892147	-0.175338	0.431505	0.42648	-0.0400392	0.359011	0.03305	-0.0174474	0.472598	1.44138	-0.143536	0.529378	0.928502	-0.496966	0.583376	0.897182	-0.450442	0.292399	0.0181501	-0.0109279	0.289404	0.475703	-0.0735565	0.575571	0.823203	-0.488277	0.511217	1.07145	-0.237704	0.503941	1.4345	-0.200987	0.393249	1.42248	-0.0828244	0.276169	0.108789	0.0993671	0.376379	0.394031	-0.100521	0.299971	1.42398	-0.268727	0.289759	1.2613	-0.0768279
119	1.17341	0.303046	1.51835	-0.156444	0.302204	1.22867	-0.326673	0.190374	0.0652104	-0.52828	0.203642	0.973156	-0.326065	0.0305132	1.14064	-0.0774211	0.0610935	0.765921	-0.122845	0.066504	1.12627	-0.0345428	0.250115	0.0077771	-0.495163	0.154216	0.502245	-0.432647	0.170941	0.0390679	-0.654718	0.24062	0.995421	-0.121601	0.213936	1.32089	-0.0696723	0.114013	0.868884	-0.269735	0.148352	0.429341	-0.434631	0.217451	0.0795311	-0.697569	0.120366	1.46424	-0.167772	0.060843	0.857874	-0.120181	0.0188745	0.872947	-0.0571446	0.280167	0.0707469	-0.691954	0.290018	0.478212	-0.425727	0.0187431	0.790247	-0.0319591	0.120553	1.13669	-0.0577524	0.100382	1.45903	-0.215015	0.226976	1.44554	-0.0981708	0.287057	0.0966983	-0.548463	0.217136	0.435424	-0.503034	0.372049	0.0963614	0.145194	0.445649	0.973874	-0.281059	0.588055	1.10479	-0.28326	0.516189	0.869199	-0.574931	0.55971	1.05925	-0.249315	0.31018	0.0725176	0.195102	0.430017	0.474589	-0.09588	0.410179	0.0159917	0.0487592	0.324998	1.00021	-0.111549	0.386861	1.28736	-0.0654753	0.492055	0.890555	-0.189238	0.431011	0.427033	-0.049813	0.359022	0.0327329	-0.0176358	0.471372	1.44057	-0.156821	0.52798	0.928312	-0.510083	0.581846	0.896677	-0.463603	0.292399	0.0177285	-0.0110582	0.28891	0.475078	-0.0852749	0.573866	0.82288	-0.501766	0.509858	1.07055	-0.250442	0.50272	1.43373	-0.214257	0.391922	1.4216	-0.0961135	0.277298	0.112062	0.0964946	0.376292	0.393041	-0.10983	0.298709	1.4231	-0.282278	0.288973	1.26019	-0.0907047
120	1.18335	0.301628	1.51771	-0.169791	0.301101	1.22826	-0.340673	0.190668	0.0642807	-0.533421	0.202435	0.973198	-0.340292	0.0301415	1.1401	-0.0893802	0.0606064	0.764925	-0.130717	0.0662676	1.12622	-0.0465503	0.249983	0.00790101	-0.498062	0.154705	0.502968	-0.448301	0.172124	0.0345596	-0.659185	0.239993	0.99531	-0.135852	0.213382	1.32007	-0.083049	0.112758	0.869583	-0.284523	0.148708	0.429931	-0.449108	0.219334	0.0733075	-0.702715	0.119061	1.46324	-0.181154	0.0601095	0.856893	-0.129257	0.0183655	0.872633	-0.0662426	0.282084	0.0644939	-0.696164	0.290364	0.479187	-0.440536	0.0185781	0.790272	-0.0399352	0.120236	1.13633	-0.0700363	0.0990512	1.458	-0.228316	0.225854	1.4447	-0.111528	0.287723	0.0950115	-0.553787	0.218009	0.434677	-0.516885	0.373035	0.101173	0.142448	0.444657	0.972477	-0.29568	0.586751	1.10402	-0.295545	0.514857	0.869171	-0.587749	0.558245	1.0585	-0.26153	0.310813	0.0790465	0.192825	0.429636	0.474353	-0.107487	0.409841	0.0158042	0.0488354	0.324478	0.999614	-0.126061	0.385722	1.28649	-0.0792462	0.490745	0.889082	-0.203528	0.430603	0.427772	-0.0602271	0.358951	0.0323213	-0.0177195	0.470149	1.44006	-0.170279	0.526584	0.927898	-0.522641	0.580269	0.896024	-0.476107	0.292299	0.0172572	-0.0110589	0.288593	0.474346	-0.0978395	0.572102	0.822347	-0.514481	0.508383	1.06991	-0.262876	0.501504	1.43327	-0.227696	0.390645	1.42098	-0.109564	0.278636	0.115633	0.0929762	0.376415	0.392094	-0.119821	0.297383	1.42256	-0.295927	0.288297	1.25934	-0.104756
121	1.1933	0.300255	1.51739	-0.18324	0.299867	1.22822	-0.354832	0.190934	0.0634383	-0.537189	0.201002	0.973639	-0.354562	0.0297603	1.1397	-0.101795	0.060225	0.764138	-0.139268	0.0660481	1.12624	-0.0590476	0.249755	0.00812871	-0.499496	0.155231	0.503929	-0.463908	0.173066	0.0300279	-0.662169	0.239408	0.995537	-0.150193	0.212894	1.3195	-0.096553	0.111387	0.870682	-0.299316	0.149096	0.430759	-0.463416	0.22116	0.066775	-0.706444	0.117794	1.46256	-0.194497	0.0594195	0.856116	-0.13905	0.0177813	0.872504	-0.07612	0.28395	0.0577991	-0.698944	0.290739	0.480479	-0.455198	0.0182423	0.790496	-0.0487423	0.119932	1.1361	-0.0827733	0.0977242	1.45731	-0.241571	0.224779	1.44412	-0.12497	0.288387	0.0933442	-0.557741	0.218944	0.434013	-0.530469	0.374131	0.106478	0.139053	0.443432	0.971297	-0.310596	0.585369	1.10345	-0.30754	0.513567	0.868824	-0.599917	0.556674	1.058	-0.273385	0.311496	0.086303	0.189793	0.4294	0.474172	-0.119879	0.409398	0.0157526	0.0489008	0.324014	0.999297	-0.140711	0.384694	1.28589	-0.0932591	0.489274	0.887747	-0.218142	0.430335	0.428684	-0.0713626	0.358788	0.0318422	-0.0176871	0.468939	1.43985	-0.183915	0.525202	0.927258	-0.534632	0.578652	0.895225	-0.48794	0.292088	0.016804	-0.0109125	0.28851	0.473455	-0.111353	0.570287	0.8216	-0.526401	0.506795	1.06953	-0.275013	0.500299	1.43312	-0.241315	0.38944	1.42063	-0.123171	0.280179	0.119515	0.0887081	0.376819	0.391179	-0.130578	0.296004	1.42238	-0.309666	0.287726	1.25877	-0.118956
122	1.20324	0.298939	1.51739	-0.196785	0.298529	1.22852	-0.369123	0.191197	0.0627359	-0.539928	0.199387	0.974459	-0.36887	0.0293673	1.13948	-0.114625	0.0599363	0.763572	-0.148548	0.0658535	1.12636	-0.0719991	0.249456	0.00845531	-0.499908	0.155775	0.505022	-0.479303	0.17376	0.0257502	-0.66405	0.238829	0.996075	-0.164604	0.212456	1.31918	-0.110191	0.109925	0.87214	-0.3141	0.149505	0.431733	-0.477456	0.222919	0.0602817	-0.709085	0.116579	1.46221	-0.207797	0.0587672	0.855559	-0.149592	0.0171214	0.872562	-0.0868025	0.285756	0.0509992	-0.700639	0.291126	0.481975	-0.469498	0.0177275	0.790915	-0.0584269	0.119646	1.13599	-0.0959424	0.0964138	1.45698	-0.254777	0.223737	1.4438	-0.138514	0.289062	0.0917794	-0.560611	0.219943	0.433417	-0.543676	0.375332	0.112299	0.134884	0.442	0.970348	-0.325724	0.583916	1.10307	-0.319255	0.512324	0.868133	-0.611417	0.555005	1.05777	-0.284891	0.312235	0.094335	0.185866	0.429357	0.474006	-0.133128	0.408854	0.0159657	0.0489084	0.323561	0.999247	-0.155456	0.383781	1.28558	-0.107499	0.487637	0.886566	-0.233002	0.430259	0.429739	-0.0833161	0.358537	0.0313457	-0.0175532	0.467749	1.43995	-0.197731	0.523844	0.926389	-0.546051	0.577003	0.894282	-0.49909	0.291769	0.0164623	-0.0106296	0.288708	0.472349	-0.125913	0.56843	0.820637	-0.537511	0.505097	1.06944	-0.286858	0.499104	1.43329	-0.255117	0.388322	1.42056	-0.136925	0.281917	0.123722	0.0835942	0.377565	0.390277	-0.142194	0.294584	1.42255	-0.323489	0.287245	1.25848	-0.133275
123	1.21318	0.297683	1.51769	-0.210421	0.29712	1.22915	-0.383516	0.191484	0.0622081	-0.541942	0.197643	0.975616	-0.383203	0.0289569	1.13945	-0.127828	0.0597215	0.763235	-0.15861	0.0656831	1.12657	-0.0853591	0.249115	0.00886655	-0.499689	0.156318	0.506138	-0.49432	0.174214	0.0219546	-0.665167	0.238219	0.996888	-0.179061	0.212043	1.31908	-0.123968	0.108401	0.8739	-0.328859	0.149926	0.432753	-0.491118	0.224598	0.0541351	-0.710936	0.115427	1.46216	-0.221063	0.0581447	0.855233	-0.160909	0.0163925	0.872803	-0.0983041	0.287487	0.0443996	-0.701562	0.291509	0.483552	-0.483236	0.0170388	0.791511	-0.0690276	0.119373	1.13602	-0.109513	0.0951318	1.457	-0.267948	0.222706	1.44371	-0.152179	0.289759	0.0903761	-0.562656	0.221002	0.432858	-0.556391	0.37663	0.118653	0.129815	0.440394	0.969637	-0.340975	0.582398	1.1029	-0.330701	0.511131	0.867076	-0.62224	0.55325	1.05781	-0.296062	0.313037	0.103172	0.180909	0.429545	0.473812	-0.147309	0.40823	0.016594	0.0487819	0.323072	0.999438	-0.17025	0.382979	1.28555	-0.121939	0.485837	0.885543	-0.248026	0.430417	0.430892	-0.0961925	0.358216	0.0309062	-0.0173689	0.466587	1.44035	-0.211716	0.522519	0.92529	-0.556899	0.575331	0.893194	-0.509557	0.291365	0.0163468	-0.0102597	0.28922	0.470983	-0.141604	0.56654	0.819455	-0.5478	0.503295	1.06964	-0.298423	0.497921	1.43377	-0.269098	0.387299	1.42076	-0.150811	0.283824	0.128271	0.0775497	0.378689	0.389367	-0.154758	0.293143	1.42304	-0.337384	0.286833	1.25846	-0.147679
124	1.22313	0.29649	1.51826	-0.224136	0.29568	1.23005	-0.397974	0.191818	0.0618685	-0.543481	0.195824	0.977052	-0.397546	0.0285201	1.1396	-0.141357	0.0595565	0.763129	-0.169516	0.0655263	1.12686	-0.0990763	0.248762	0.00934004	-0.499159	0.156845	0.507173	-0.508805	0.174451	0.0188006	-0.665798	0.237545	0.997932	-0.193533	0.21162	1.31919	-0.137883	0.106846	0.875889	-0.343569	0.15035	0.433723	-0.504286	0.226184	0.0485788	-0.712256	0.114339	1.4624	-0.234317	0.0575425	0.855142	-0.173021	0.0156086	0.873211	-0.110626	0.289129	0.038254	-0.701984	0.291873	0.485089	-0.496234	0.016195	0.792254	-0.0805738	0.1191	1.13619	-0.123449	0.093888	1.45733	-0.28111	0.221659	1.44382	-0.165983	0.290487	0.0891669	-0.564097	0.222114	0.432296	-0.568511	0.378011	0.125552	0.123725	0.438656	0.969157	-0.356255	0.580826	1.10293	-0.341894	0.509986	0.865629	-0.632379	0.551421	1.05813	-0.306918	0.313904	0.112819	0.174804	0.429986	0.473539	-0.162489	0.407565	0.0178009	0.0484099	0.322505	0.999837	-0.185041	0.382276	1.2858	-0.136542	0.48388	0.884675	-0.263134	0.430836	0.432087	-0.110095	0.357867	0.0306215	-0.0172297	0.465455	1.44103	-0.225852	0.521234	0.923955	-0.56718	0.573647	0.891962	-0.519347	0.29092	0.0165862	-0.00990112	0.290057	0.469322	-0.158484	0.564631	0.818052	-0.55727	0.501403	1.07012	-0.309715	0.496752	1.43452	-0.283244	0.38637	1.42123	-0.164809	0.285866	0.133178	0.0705044	0.3802	0.388433	-0.168352	0.291701	1.42382	-0.351338	0.286462	1.25869	-0.162131
125	1.23307	0.295356	1.51907	-0.237916	0.294249	1.23117	-0.412462	0.192215	0.0617106	-0.544738	0.193986	0.978695	-0.411875	0.0280449	1.13992	-0.155172	0.0594128	0.763249	-0.181326	0.0653632	1.12723	-0.113098	0.248426	0.00984823	-0.49856	0.157341	0.508037	-0.522624	0.174505	0.0163706	-0.666158	0.236778	0.99916	-0.207989	0.211146	1.31949	-0.151932	0.105287	0.87803	-0.358197	0.150766	0.43456	-0.516848	0.227663	0.0437785	-0.713248	0.113315	1.4629	-0.24759	0.0569509	0.855283	-0.185937	0.0147887	0.873763	-0.123757	0.290669	0.0327511	-0.702122	0.292203	0.48648	-0.508363	0.0152272	0.793104	-0.0930828	0.118808	1.13648	-0.137706	0.0926901	1.45795	-0.294299	0.220566	1.44411	-0.179938	0.291248	0.0881592	-0.565118	0.223266	0.431688	-0.579948	0.379456	0.132997	0.116508	0.436831	0.968891	-0.371474	0.579213	1.10315	-0.352853	0.508882	0.863774	-0.641832	0.549539	1.05871	-0.317482	0.314835	0.123245	0.167448	0.430685	0.473143	-0.17872	0.406914	0.0197496	0.0476436	0.321826	1.00041	-0.199776	0.381651	1.28631	-0.151259	0.481781	0.883951	-0.278251	0.431528	0.433262	-0.125116	0.357549	0.0306076	-0.0172823	0.464357	1.44196	-0.240112	0.519991	0.92238	-0.576904	0.571962	0.890586	-0.528478	0.290504	0.017311	-0.00970738	0.29121	0.467354	-0.176576	0.562719	0.816429	-0.56593	0.499441	1.07085	-0.320745	0.495598	1.43553	-0.297531	0.385524	1.42192	-0.178894	0.288	0.138455	0.0624038	0.382074	0.387457	-0.183037	0.290285	1.42485	-0.365337	0.2861	1.25915	-0.176593
126	1.24302	0.294274	1.52007	-0.251743	0.29287	1.23245	-0.426941	0.192679	0.0617106	-0.545848	0.192178	0.980464	-0.426163	0.0275168	1.14041	-0.169237	0.0592597	0.763581	-0.194095	0.065165	1.12767	-0.127377	0.248132	0.0103621	-0.498054	0.157792	0.508664	-0.53567	0.174419	0.0146719	-0.6664	0.235903	1.00053	-0.22239	0.210578	1.31994	-0.166105	0.103751	0.880243	-0.372705	0.151163	0.435194	-0.528705	0.229018	0.0398188	-0.714067	0.112344	1.46362	-0.260921	0.0563604	0.855643	-0.199657	0.0139558	0.874427	-0.137672	0.29209	0.0280101	-0.702138	0.292484	0.48764	-0.519541	0.014176	0.79401	-0.106559	0.11847	1.13687	-0.152242	0.0915435	1.45881	-0.307558	0.219403	1.44454	-0.194044	0.292039	0.0873399	-0.565863	0.224433	0.430997	-0.590641	0.380942	0.140975	0.108076	0.434965	0.968812	-0.386548	0.577573	1.10354	-0.363598	0.50781	0.861498	-0.650603	0.547624	1.05952	-0.32778	0.315823	0.134377	0.158767	0.431627	0.472587	-0.196036	0.406353	0.0225886	0.0462966	0.321018	1.00112	-0.214405	0.381075	1.28705	-0.166034	0.479565	0.883357	-0.293312	0.432484	0.434356	-0.141326	0.357346	0.0309911	-0.017726	0.463293	1.44309	-0.254456	0.518791	0.920561	-0.586086	0.570291	0.889068	-0.536978	0.29021	0.0186394	-0.00988904	0.292644	0.465094	-0.195858	0.560823	0.814588	-0.5738	0.497434	1.07182	-0.331523	0.494463	1.43673	-0.311924	0.384741	1.42282	-0.193041	0.290174	0.144105	0.0532083	0.384258	0.386435	-0.198854	0.288918	1.42606	-0.379362	0.285713	1.25982	-0.19103
127	1.25296	0.293234	1.52122	-0.265597	0.291579	1.23383	-0.441371	0.193209	0.0618322	-0.546893	0.190445	0.982278	-0.440378	0.0269201	1.14104	-0.183528	0.0590661	0.764109	-0.207873	0.0648962	1.12816	-0.141872	0.247899	0.0108551	-0.497731	0.158182	0.509011	-0.547872	0.174233	0.0136471	-0.666616	0.234914	1.00199	-0.236701	0.209871	1.32053	-0.180387	0.102262	0.882455	-0.387052	0.151528	0.435581	-0.539777	0.230234	0.0367086	-0.714818	0.111415	1.46451	-0.274346	0.0557631	0.856204	-0.214167	0.0131333	0.875166	-0.152338	0.293375	0.0240835	-0.702146	0.292702	0.48851	-0.529746	0.0130885	0.794916	-0.120992	0.118051	1.13736	-0.16701	0.0904515	1.45985	-0.320928	0.218152	1.44509	-0.208293	0.29285	0.0866824	-0.566442	0.225581	0.43019	-0.600553	0.38244	0.149454	0.0983665	0.433105	0.968891	-0.401409	0.57592	1.10407	-0.374149	0.506758	0.858799	-0.6587	0.5457	1.06053	-0.337841	0.316854	0.146096	0.148712	0.432777	0.471851	-0.214445	0.405969	0.026434	0.044148	0.320077	1.00193	-0.228883	0.380514	1.28798	-0.180799	0.477266	0.882876	-0.308266	0.433675	0.435317	-0.158761	0.357356	0.031897	-0.0188099	0.462262	1.44439	-0.268839	0.517628	0.918498	-0.594743	0.568648	0.887411	-0.544881	0.290148	0.0206621	-0.0107098	0.294303	0.462584	-0.216268	0.558966	0.812538	-0.580911	0.495414	1.07298	-0.342056	0.493352	1.43808	-0.326376	0.383992	1.42387	-0.207222	0.292339	0.150117	0.0428916	0.386668	0.38537	-0.215812	0.287628	1.4274	-0.393391	0.285268	1.26064	-0.205407
128	1.26291	0.292228	1.52247	-0.279458	0.290405	1.23525	-0.455714	0.193789	0.0620324	-0.547914	0.188818	0.984063	-0.454486	0.026239	1.14177	-0.198033	0.0588027	0.764807	-0.222699	0.0645174	1.12867	-0.156557	0.247739	0.0113054	-0.497623	0.158497	0.509064	-0.559191	0.17399	0.0131903	-0.666855	0.233821	1.0035	-0.250885	0.208989	1.32123	-0.194755	0.100838	0.884603	-0.401197	0.151846	0.435701	-0.550013	0.231298	0.0343937	-0.715561	0.110513	1.46555	-0.287901	0.0551528	0.856941	-0.229445	0.0123428	0.875939	-0.167713	0.294509	0.0209651	-0.702213	0.292844	0.489065	-0.539007	0.0120142	0.795766	-0.13636	0.117518	1.13792	-0.181973	0.089416	1.46103	-0.334447	0.216808	1.44575	-0.222658	0.293663	0.0861535	-0.56693	0.226669	0.429248	-0.609681	0.383918	0.158377	0.0873402	0.43129	0.969096	-0.416005	0.574268	1.1047	-0.384526	0.50571	0.855684	-0.666134	0.543788	1.06171	-0.34769	0.317906	0.158234	0.137265	0.434084	0.470937	-0.233926	0.405857	0.0313529	0.0409502	0.319017	1.00281	-0.243168	0.379931	1.28906	-0.195488	0.474926	0.882492	-0.323078	0.43505	0.436111	-0.177424	0.357685	0.0334354	-0.0208247	0.461262	1.4458	-0.283206	0.516498	0.916192	-0.602895	0.567051	0.885621	-0.552232	0.290436	0.0234277	-0.0124764	0.296112	0.459898	-0.237699	0.557173	0.810293	-0.587301	0.493412	1.07428	-0.352353	0.492272	1.43953	-0.340832	0.383242	1.42504	-0.221408	0.294443	0.156459	0.0314369	0.389199	0.38428	-0.233891	0.286436	1.42882	-0.407402	0.284736	1.26161	-0.219695
129	1.27285	0.291249	1.52379	-0.293305	0.289372	1.23667	-0.469934	0.1944	0.062267	-0.548922	0.18732	0.985759	-0.468452	0.0254592	1.14257	-0.212752	0.0584443	0.765651	-0.238592	0.0639888	1.12917	-0.17142	0.247658	0.0116988	-0.497717	0.158725	0.508831	-0.569623	0.173721	0.0131671	-0.66713	0.232645	1.00504	-0.264909	0.207906	1.32203	-0.209179	0.0994921	0.886641	-0.415102	0.152101	0.435556	-0.559392	0.232199	0.0327738	-0.716323	0.109626	1.4667	-0.301609	0.0545256	0.857822	-0.245457	0.011601	0.876705	-0.183752	0.295477	0.018601	-0.702367	0.2929	0.489307	-0.547401	0.0110001	0.796504	-0.152627	0.116838	1.13851	-0.197095	0.088438	1.46229	-0.348145	0.215381	1.4465	-0.2371	0.29446	0.0857197	-0.567379	0.227652	0.428167	-0.618045	0.385346	0.167656	0.0749842	0.429557	0.969399	-0.430304	0.572632	1.1054	-0.394745	0.504654	0.85217	-0.672919	0.541908	1.06302	-0.357353	0.318956	0.170581	0.124435	0.435487	0.469867	-0.25443	0.406111	0.0373486	0.0364389	0.317867	1.00374	-0.257231	0.379293	1.29026	-0.21003	0.472594	0.882194	-0.337731	0.436548	0.436723	-0.197273	0.35844	0.0356866	-0.0240884	0.460292	1.44728	-0.297502	0.51539	0.913649	-0.610564	0.565516	0.883711	-0.559075	0.29119	0.026932	-0.0155228	0.297986	0.457134	-0.260011	0.55547	0.807872	-0.593017	0.491458	1.07568	-0.36242	0.491233	1.44102	-0.355229	0.382453	1.42628	-0.23557	0.296448	0.163071	0.0188339	0.391739	0.383192	-0.253043	0.285363	1.43026	-0.421371	0.284094	1.26267	-0.233868
130	1.28279	0.29029	1.52514	-0.307117	0.288491	1.23804	-0.483997	0.195016	0.0624957	-0.549906	0.185958	0.987324	-0.482245	0.0245688	1.14338	-0.227697	0.057973	0.766614	-0.255557	0.0632739	1.12965	-0.186459	0.247653	0.0120285	-0.497972	0.158855	0.508344	-0.579192	0.173452	0.0134335	-0.667431	0.231419	1.00658	-0.278746	0.206611	1.32291	-0.22362	0.0982323	0.888537	-0.428734	0.152279	0.435167	-0.567923	0.232934	0.0317203	-0.717105	0.108742	1.46791	-0.315483	0.0538803	0.858817	-0.262164	0.0109179	0.877423	-0.20041	0.296272	0.0169028	-0.702613	0.292864	0.489266	-0.555035	0.0100866	0.797084	-0.169751	0.115982	1.13912	-0.212349	0.0875186	1.4636	-0.362036	0.213893	1.44734	-0.251568	0.295222	0.0853515	-0.567815	0.228486	0.426955	-0.625688	0.386696	0.177166	0.0613074	0.427928	0.969778	-0.444296	0.571021	1.10614	-0.404818	0.503577	0.84829	-0.679071	0.540075	1.06441	-0.366847	0.31998	0.182885	0.110254	0.436915	0.468689	-0.27588	0.406811	0.044349	0.0303471	0.316667	1.0047	-0.271049	0.37857	1.29155	-0.224363	0.470322	0.881978	-0.352223	0.438093	0.437164	-0.218226	0.359714	0.0386878	-0.0289287	0.459351	1.44879	-0.311669	0.514295	0.910883	-0.61777	0.564061	0.881697	-0.565458	0.29251	0.031112	-0.02019	0.299833	0.454404	-0.283038	0.553885	0.805303	-0.598107	0.489577	1.07712	-0.372265	0.490247	1.44252	-0.369503	0.381591	1.42757	-0.249681	0.298322	0.169866	0.00507597	0.394175	0.382148	-0.273194	0.284422	1.43168	-0.435274	0.283332	1.26382	-0.247906
131	1.29274	0.289351	1.52651	-0.320873	0.287763	1.23935	-0.497874	0.195612	0.0626855	-0.550847	0.184729	0.988738	-0.495835	0.0235603	1.14418	-0.242889	0.0573801	0.767671	-0.273575	0.0623427	1.13006	-0.201691	0.247715	0.0122955	-0.498332	0.15888	0.507645	-0.587945	0.1732	0.0138533	-0.667737	0.23018	1.00811	-0.292376	0.205113	1.32386	-0.238035	0.0970606	0.890277	-0.442067	0.15237	0.434574	-0.575644	0.233507	0.0310943	-0.71789	0.107853	1.46918	-0.32952	0.0532185	0.859892	-0.279522	0.0102956	0.878061	-0.217645	0.296893	0.0157613	-0.702931	0.292732	0.488989	-0.562034	0.00930304	0.79747	-0.18768	0.114931	1.13972	-0.227714	0.086659	1.46493	-0.376119	0.212381	1.44829	-0.265998	0.29593	0.0850266	-0.568251	0.229138	0.425633	-0.632669	0.387948	0.186751	0.0463353	0.426419	0.97022	-0.457988	0.569443	1.10689	-0.414749	0.502473	0.844089	-0.684606	0.538299	1.06585	-0.376187	0.320961	0.194869	0.0947753	0.438301	0.467471	-0.298174	0.408018	0.0522033	0.0224205	0.315463	1.00567	-0.284613	0.377741	1.29288	-0.238431	0.468162	0.881847	-0.366568	0.439611	0.437471	-0.240168	0.361572	0.0424228	-0.0356614	0.458436	1.4503	-0.325656	0.513205	0.907915	-0.624531	0.562701	0.879601	-0.571425	0.294465	0.0358474	-0.0268028	0.30157	0.45183	-0.306608	0.552445	0.802623	-0.602623	0.487786	1.07858	-0.381897	0.489326	1.44397	-0.383589	0.380629	1.42887	-0.263714	0.300052	0.176727	-0.00984129	0.396405	0.381197	-0.294249	0.283623	1.43306	-0.449086	0.282446	1.26502	-0.261793
132	1.30268	0.288435	1.52787	-0.334555	0.287184	1.24059	-0.511542	0.196166	0.0628138	-0.551723	0.183616	0.990003	-0.5092	0.0224311	1.14492	-0.258352	0.0566679	0.768803	-0.292606	0.0611751	1.13038	-0.217135	0.247835	0.0125076	-0.498739	0.158798	0.506786	-0.595945	0.172974	0.0143107	-0.668023	0.228966	1.00961	-0.305786	0.203437	1.32491	-0.252378	0.0959749	0.891859	-0.455082	0.152369	0.433822	-0.582618	0.233928	0.030762	-0.718652	0.106957	1.47049	-0.343701	0.0525447	0.861018	-0.297486	0.00972777	0.878591	-0.235424	0.297344	0.0150588	-0.703295	0.292508	0.488534	-0.56852	0.00866479	0.797645	-0.206363	0.113676	1.14029	-0.243177	0.0858615	1.46625	-0.390378	0.210891	1.44937	-0.280325	0.296574	0.0847308	-0.568687	0.229585	0.42423	-0.639055	0.389096	0.196217	0.0301053	0.42503	0.970725	-0.471406	0.567903	1.10764	-0.424535	0.501338	0.839623	-0.689543	0.53658	1.06733	-0.385378	0.32189	0.206246	0.0780657	0.439582	0.466298	-0.321191	0.409758	0.0606843	0.0124336	0.314303	1.00667	-0.297921	0.376793	1.29426	-0.252196	0.466161	0.881812	-0.38079	0.44103	0.4377	-0.262952	0.364043	0.0468167	-0.0445695	0.45755	1.45178	-0.339417	0.512114	0.904775	-0.630863	0.561449	0.877454	-0.577014	0.297082	0.040968	-0.0356476	0.303121	0.44953	-0.330547	0.551175	0.799874	-0.606616	0.48609	1.08003	-0.391326	0.48848	1.44536	-0.397431	0.379548	1.43016	-0.277643	0.301638	0.18351	-0.0259203	0.398351	0.380394	-0.316102	0.282969	1.43438	-0.462785	0.281448	1.26627	-0.275514
133	1.31263	0.287547	1.52924	-0.348143	0.286737	1.24175	-0.524985	0.19666	0.062869	-0.552515	0.182595	0.991138	-0.522327	0.021184	1.14558	-0.274113	0.0558517	0.769993	-0.312589	0.0597626	1.13059	-0.232821	0.247999	0.0126776	-0.499143	0.158615	0.50582	-0.603264	0.172778	0.0147187	-0.668267	0.227816	1.01108	-0.318968	0.201623	1.32604	-0.266601	0.0949693	0.893292	-0.467767	0.152277	0.432963	-0.588921	0.234216	0.0306055	-0.719367	0.106058	1.47183	-0.357994	0.0518662	0.862168	-0.316016	0.00920096	0.878997	-0.253719	0.297639	0.0146799	-0.703675	0.292199	0.487965	-0.574602	0.00817126	0.797603	-0.225747	0.112222	1.14081	-0.258732	0.085129	1.46756	-0.40478	0.209471	1.45058	-0.294484	0.297147	0.0844571	-0.569117	0.229822	0.42278	-0.644914	0.390142	0.205345	0.0126607	0.423752	0.971301	-0.484591	0.5664	1.10836	-0.434164	0.500178	0.834958	-0.693902	0.534913	1.06881	-0.39442	0.322773	0.216729	0.0601996	0.440705	0.465261	-0.344795	0.412023	0.0695008	0.000204566	0.313231	1.00768	-0.310984	0.375726	1.29565	-0.265635	0.464359	0.881892	-0.394922	0.442289	0.437922	-0.286418	0.367109	0.0517362	-0.0558832	0.456692	1.45323	-0.352914	0.51102	0.901502	-0.63678	0.560314	0.875288	-0.582255	0.300337	0.0462672	-0.0469521	0.304432	0.447611	-0.354697	0.550093	0.797103	-0.61013	0.484485	1.08144	-0.400563	0.487719	1.44668	-0.410979	0.378347	1.43144	-0.29144	0.303096	0.190055	-0.0431605	0.399959	0.379797	-0.338639	0.282457	1.43564	-0.47635	0.280357	1.26756	-0.289058
134	1.32257	0.286694	1.5306	-0.361622	0.286403	1.24285	-0.538195	0.197085	0.0628506	-0.553214	0.181634	0.992176	-0.535207	0.0198278	1.14614	-0.290192	0.0549591	0.771229	-0.333443	0.0581097	1.13067	-0.248774	0.248191	0.0128221	-0.499504	0.15834	0.504798	-0.609981	0.172612	0.0150215	-0.668454	0.226762	1.01251	-0.331924	0.199723	1.32727	-0.28066	0.094036	0.894592	-0.480115	0.152102	0.432048	-0.594642	0.234393	0.0305302	-0.720011	0.105163	1.4732	-0.372353	0.0511936	0.863323	-0.335073	0.00869589	0.879274	-0.272516	0.297798	0.0145197	-0.704043	0.29182	0.487341	-0.580364	0.00780573	0.79736	-0.245784	0.110584	1.14127	-0.274377	0.0844648	1.46886	-0.419279	0.208171	1.45194	-0.308417	0.297647	0.0842051	-0.569532	0.22986	0.421317	-0.650312	0.391108	0.2139	-0.0059535	0.422567	0.971968	-0.49759	0.564932	1.10907	-0.443616	0.499006	0.830167	-0.697706	0.533286	1.07031	-0.403306	0.323629	0.226055	0.0412533	0.441631	0.464453	-0.368847	0.414761	0.0783155	-0.0143931	0.312282	1.00873	-0.323818	0.374549	1.29705	-0.278743	0.462784	0.882111	-0.409001	0.443342	0.438214	-0.310398	0.370706	0.0569968	-0.0697642	0.455866	1.45462	-0.366124	0.509925	0.898142	-0.642291	0.559301	0.87314	-0.587171	0.304155	0.051519	-0.0608707	0.305468	0.446157	-0.378923	0.549211	0.794362	-0.613207	0.482954	1.08282	-0.409621	0.48705	1.44792	-0.424199	0.377037	1.4327	-0.305081	0.304451	0.196187	-0.0615568	0.401206	0.37946	-0.361745	0.282078	1.43684	-0.489762	0.279202	1.26889	-0.302418
135	1.33251	0.285888	1.53198	-0.374976	0.286157	1.2439	-0.551171	0.197438	0.0627676	-0.553814	0.180699	0.993158	-0.547839	0.0183766	1.14658	-0.306606	0.0540287	0.772505	-0.355076	0.0562336	1.13062	-0.265019	0.2484	0.0129591	-0.499794	0.157989	0.503764	-0.616171	0.172473	0.0151934	-0.668576	0.225828	1.01392	-0.34466	0.197796	1.32862	-0.294516	0.0931665	0.895775	-0.492125	0.151854	0.431122	-0.599868	0.234484	0.0304678	-0.720567	0.104283	1.4746	-0.386726	0.0505404	0.86447	-0.354625	0.00818994	0.879427	-0.291808	0.297846	0.0144898	-0.704378	0.291385	0.486714	-0.585861	0.00753681	0.796943	-0.266433	0.10879	1.14165	-0.290117	0.0838722	1.47016	-0.433818	0.207032	1.45347	-0.322076	0.29808	0.0839788	-0.569924	0.229725	0.419874	-0.655308	0.392022	0.22164	-0.0256936	0.42145	0.972748	-0.510454	0.563493	1.10976	-0.452866	0.497838	0.825325	-0.700983	0.531679	1.0718	-0.412026	0.324491	0.23399	0.0212993	0.442334	0.463957	-0.393206	0.417886	0.0867694	-0.0314221	0.311484	1.0098	-0.336446	0.373279	1.29846	-0.291537	0.461452	0.882494	-0.423064	0.444159	0.438647	-0.334731	0.374722	0.0623754	-0.0862964	0.455074	1.45598	-0.379032	0.508838	0.894744	-0.647407	0.55841	0.871048	-0.591774	0.308413	0.0564957	-0.0774776	0.306217	0.445227	-0.403114	0.548529	0.791701	-0.615882	0.481473	1.08416	-0.418509	0.486476	1.44909	-0.437068	0.375642	1.43395	-0.318541	0.305735	0.201735	-0.0810982	0.40209	0.37943	-0.385313	0.281819	1.438	-0.503008	0.278017	1.27025	-0.315588
136	1.34246	0.285139	1.53337	-0.388194	0.285974	1.24494	-0.563921	0.197725	0.0626368	-0.554319	0.179757	0.994126	-0.560229	0.0168492	1.1469	-0.32336	0.0531082	0.773815	-0.377382	0.0541627	1.13044	-0.281571	0.248612	0.0131071	-0.500003	0.157581	0.502754	-0.621905	0.172358	0.0152342	-0.668634	0.225032	1.01531	-0.357184	0.195896	1.33007	-0.308141	0.092353	0.89686	-0.503797	0.15155	0.430223	-0.604683	0.234514	0.030376	-0.721028	0.103431	1.47604	-0.401055	0.0499228	0.865601	-0.374646	0.00765983	0.879471	-0.311597	0.29781	0.0145208	-0.704664	0.290915	0.486128	-0.591123	0.00732142	0.796395	-0.287663	0.106874	1.14196	-0.305956	0.0833541	1.47146	-0.448338	0.206083	1.45516	-0.33543	0.298452	0.0837847	-0.570288	0.229453	0.418481	-0.659953	0.392921	0.228333	-0.046519	0.420372	0.973667	-0.52323	0.562075	1.11044	-0.461885	0.496701	0.82051	-0.703766	0.530072	1.07331	-0.420567	0.325397	0.240347	0.000401803	0.442804	0.46384	-0.417739	0.421281	0.0945085	-0.0508794	0.310849	1.01091	-0.348895	0.371941	1.29988	-0.304047	0.460366	0.883064	-0.437143	0.44473	0.439278	-0.359271	0.379011	0.0676269	-0.105483	0.45432	1.45731	-0.391637	0.507774	0.891361	-0.652138	0.557634	0.869049	-0.596069	0.312949	0.0609851	-0.0967665	0.306685	0.444856	-0.427185	0.54804	0.789167	-0.618183	0.480016	1.08549	-0.427239	0.485997	1.45021	-0.449584	0.374199	1.43519	-0.331797	0.306982	0.206534	-0.101767	0.402632	0.379746	-0.409242	0.281666	1.43913	-0.516079	0.276837	1.27165	-0.328564
137	1.3524	0.284455	1.53479	-0.401268	0.285825	1.24598	-0.576456	0.197954	0.0624793	-0.55474	0.178779	0.995116	-0.572387	0.0152673	1.14711	-0.340452	0.0522502	0.775159	-0.400253	0.0519338	1.13012	-0.298439	0.248818	0.0132829	-0.50013	0.157137	0.501793	-0.62725	0.172265	0.0151627	-0.668635	0.224384	1.01667	-0.369508	0.194074	1.33163	-0.321519	0.0915891	0.897862	-0.515137	0.151206	0.429382	-0.60916	0.234507	0.0302347	-0.721395	0.102621	1.47752	-0.415281	0.0493595	0.866717	-0.395116	0.00708428	0.879429	-0.331892	0.297717	0.0145632	-0.704896	0.290429	0.485612	-0.596158	0.00710925	0.795764	-0.309447	0.104878	1.14218	-0.321906	0.082912	1.47279	-0.462774	0.205341	1.457	-0.348467	0.298774	0.0836307	-0.570627	0.229085	0.417161	-0.664293	0.393844	0.233773	-0.0683931	0.419304	0.974747	-0.535961	0.560672	1.11112	-0.470644	0.495621	0.815792	-0.706093	0.528444	1.07485	-0.428915	0.326385	0.244985	-0.021387	0.443039	0.464146	-0.442327	0.42481	0.10121	-0.0726988	0.310381	1.01207	-0.361191	0.370562	1.3013	-0.316315	0.459518	0.883839	-0.451262	0.445057	0.440144	-0.383891	0.383408	0.0725043	-0.127252	0.453606	1.45861	-0.403949	0.50675	0.888044	-0.656494	0.556963	0.867173	-0.600056	0.317583	0.0648045	-0.118658	0.306896	0.445051	-0.451074	0.547723	0.786802	-0.620134	0.478553	1.08683	-0.435816	0.48561	1.45129	-0.461756	0.37275	1.43644	-0.344834	0.308221	0.210439	-0.123538	0.402866	0.380429	-0.433445	0.281599	1.44027	-0.52897	0.275697	1.27309	-0.341348
138	1.36235	0.283845	1.53624	-0.414191	0.285687	1.24705	-0.588796	0.198139	0.062318	-0.555089	0.177744	0.996153	-0.584326	0.0136543	1.14723	-0.35787	0.0515082	0.776536	-0.423586	0.0495892	1.12968	-0.315622	0.249009	0.0135011	-0.500183	0.156676	0.500901	-0.632259	0.172188	0.0150091	-0.668591	0.223887	1.01802	-0.381644	0.19237	1.33328	-0.334645	0.0908702	0.898794	-0.526155	0.150839	0.428618	-0.613359	0.234482	0.0300421	-0.721674	0.101868	1.47904	-0.429353	0.0488709	0.867824	-0.416019	0.00644652	0.879331	-0.3527	0.297593	0.0145858	-0.705074	0.289945	0.485186	-0.600958	0.00684795	0.795105	-0.331771	0.102841	1.14232	-0.337977	0.0825455	1.47415	-0.47707	0.204805	1.45897	-0.361194	0.299055	0.0835247	-0.570944	0.228662	0.41593	-0.66836	0.394825	0.237786	-0.0912827	0.418224	0.976002	-0.548679	0.559278	1.11182	-0.479116	0.494631	0.811236	-0.70801	0.526777	1.07642	-0.437056	0.327485	0.247812	-0.0440292	0.443051	0.464895	-0.466866	0.428333	0.106604	-0.0967597	0.310075	1.01327	-0.37336	0.369173	1.30272	-0.328391	0.458886	0.884826	-0.465438	0.445157	0.441259	-0.408491	0.387743	0.0767779	-0.151466	0.452935	1.45989	-0.415991	0.50579	0.884841	-0.66049	0.556382	0.865446	-0.60373	0.322131	0.0678107	-0.143013	0.306885	0.445795	-0.474733	0.547548	0.784637	-0.621756	0.477062	1.08821	-0.444241	0.485308	1.45237	-0.47361	0.371336	1.43769	-0.357643	0.309473	0.21333	-0.146382	0.402831	0.381487	-0.457844	0.2816	1.44142	-0.541681	0.274624	1.27457	-0.353945
139	1.37229	0.283315	1.53771	-0.426964	0.285538	1.24815	-0.600962	0.198292	0.0621747	-0.555382	0.176638	0.997253	-0.596061	0.0120334	1.14726	-0.375597	0.0509319	0.777945	-0.447282	0.0471729	1.12913	-0.333111	0.249179	0.0137726	-0.500178	0.156213	0.500086	-0.636982	0.172128	0.0148085	-0.668516	0.223541	1.01934	-0.393604	0.190811	1.33501	-0.347525	0.0901937	0.899665	-0.536866	0.150459	0.427943	-0.617328	0.234454	0.0298089	-0.721878	0.101183	1.48061	-0.443225	0.0484777	0.868934	-0.437339	0.00573626	0.879208	-0.374031	0.297458	0.0145733	-0.705206	0.289478	0.484857	-0.605511	0.00648877	0.79447	-0.354625	0.100803	1.14237	-0.354182	0.0822524	1.47555	-0.491172	0.204458	1.46104	-0.373634	0.299302	0.0834736	-0.571251	0.228219	0.414799	-0.672186	0.395885	0.240245	-0.115158	0.417112	0.977437	-0.561408	0.55789	1.11255	-0.487281	0.493759	0.806894	-0.709566	0.525057	1.07805	-0.444982	0.328715	0.248786	-0.067502	0.442855	0.466082	-0.491272	0.431718	0.110495	-0.122899	0.309921	1.01451	-0.385425	0.367802	1.30415	-0.340324	0.458443	0.886022	-0.479676	0.445054	0.442611	-0.432994	0.391859	0.080253	-0.177938	0.452308	1.46117	-0.427792	0.504918	0.88179	-0.664145	0.555872	0.863885	-0.607087	0.326426	0.0699055	-0.169649	0.306693	0.447054	-0.498129	0.547476	0.782692	-0.623067	0.475526	1.08963	-0.452512	0.485083	1.45345	-0.485183	0.369999	1.43896	-0.370224	0.310747	0.215115	-0.170265	0.402568	0.382911	-0.482374	0.28165	1.4426	-0.554219	0.273641	1.27607	-0.366365
140	1.38223	0.282867	1.5392	-0.439589	0.285359	1.24929	-0.612977	0.198425	0.0620677	-0.555636	0.17546	0.998413	-0.607607	0.0104258	1.14723	-0.393607	0.0505636	0.779388	-0.471256	0.0447271	1.12848	-0.350892	0.249325	0.0141046	-0.50013	0.155762	0.49935	-0.641455	0.172081	0.0145946	-0.668425	0.22334	1.02064	-0.4054	0.189412	1.33679	-0.360176	0.0895587	0.900483	-0.547291	0.150077	0.427361	-0.621098	0.234433	0.0295528	-0.722025	0.100573	1.48221	-0.456863	0.0481999	0.87006	-0.459062	0.00495097	0.879096	-0.395888	0.29733	0.0145225	-0.705301	0.28904	0.484624	-0.609809	0.00599184	0.793908	-0.378003	0.0987974	1.14234	-0.370531	0.0820281	1.47699	-0.505041	0.204271	1.46315	-0.385827	0.299523	0.0834834	-0.571558	0.227783	0.413771	-0.675791	0.397036	0.241072	-0.139991	0.415958	0.979042	-0.57416	0.556507	1.11331	-0.495128	0.493032	0.802807	-0.710819	0.523281	1.07972	-0.452684	0.330072	0.247906	-0.0917978	0.442473	0.467679	-0.51548	0.434856	0.112764	-0.150928	0.309903	1.01578	-0.397405	0.366477	1.30557	-0.35216	0.458155	0.887411	-0.493969	0.444777	0.444165	-0.457344	0.395631	0.0827832	-0.206448	0.451725	1.46243	-0.439391	0.504156	0.878923	-0.667482	0.555414	0.862496	-0.610127	0.330334	0.0710376	-0.198357	0.306363	0.448776	-0.521231	0.547461	0.780975	-0.624089	0.473938	1.09112	-0.460623	0.484924	1.45455	-0.49652	0.36877	1.44023	-0.382588	0.312041	0.215733	-0.195152	0.402116	0.38468	-0.506978	0.281732	1.44382	-0.566593	0.272762	1.27758	-0.378622
141	1.39218	0.282502	1.5407	-0.452074	0.285137	1.25047	-0.624863	0.19855	0.0620103	-0.555863	0.174214	0.999622	-0.618979	0.00885008	1.14714	-0.411874	0.0504347	0.780866	-0.495441	0.0422895	1.12776	-0.368943	0.249445	0.0144994	-0.500059	0.155327	0.498692	-0.645708	0.172047	0.0143956	-0.66833	0.223277	1.02192	-0.417043	0.188174	1.33859	-0.372618	0.0889655	0.901252	-0.557456	0.149697	0.426868	-0.624692	0.234424	0.0292941	-0.722129	0.100043	1.48382	-0.470245	0.0480552	0.87122	-0.481168	0.00409638	0.879026	-0.418267	0.297218	0.014439	-0.70537	0.288634	0.484478	-0.613848	0.00533059	0.793461	-0.401902	0.0968517	1.14222	-0.387037	0.0818661	1.47847	-0.518649	0.204205	1.46527	-0.397822	0.299722	0.0835583	-0.571878	0.227371	0.412844	-0.679195	0.39827	0.240242	-0.165756	0.414762	0.980794	-0.586935	0.555134	1.1141	-0.502655	0.492474	0.799001	-0.711825	0.521451	1.08145	-0.460163	0.331533	0.245208	-0.116922	0.441928	0.469639	-0.53944	0.437669	0.113381	-0.180642	0.310006	1.01706	-0.409314	0.365221	1.30697	-0.363934	0.45799	0.888962	-0.508305	0.444357	0.445871	-0.481502	0.398972	0.0842792	-0.236762	0.451187	1.46369	-0.450829	0.503527	0.876258	-0.670531	0.554988	0.861279	-0.612853	0.333764	0.0712004	-0.228918	0.305931	0.450902	-0.544018	0.547456	0.779485	-0.624844	0.472305	1.09269	-0.468564	0.48482	1.45566	-0.507671	0.36767	1.44149	-0.394757	0.313342	0.215155	-0.221007	0.401509	0.386757	-0.531607	0.281832	1.44506	-0.578818	0.271993	1.2791	-0.390731
142	1.40212	0.282216	1.54217	-0.464429	0.284866	1.25166	-0.636639	0.198672	0.06201	-0.556077	0.172917	1.00085	-0.630191	0.00732111	1.14703	-0.430366	0.0505642	0.782385	-0.519785	0.0398918	1.12697	-0.387241	0.24954	0.0149546	-0.499979	0.154912	0.498104	-0.649762	0.172023	0.0142314	-0.668241	0.223345	1.02315	-0.428545	0.187092	1.34039	-0.384879	0.088415	0.901976	-0.567393	0.149318	0.426456	-0.628123	0.234429	0.0290522	-0.722209	0.0995948	1.48544	-0.483362	0.0480578	0.872433	-0.503637	0.00318626	0.879029	-0.441156	0.29713	0.0143333	-0.705425	0.288263	0.484403	-0.617638	0.00449475	0.793164	-0.426316	0.0949836	1.14201	-0.403707	0.0817581	1.47997	-0.531982	0.204218	1.46734	-0.409673	0.2999	0.0837007	-0.57222	0.226991	0.412011	-0.682411	0.399567	0.237776	-0.192429	0.413531	0.982656	-0.599726	0.553777	1.11493	-0.509874	0.492098	0.795486	-0.712646	0.519581	1.08322	-0.467422	0.333056	0.240761	-0.142891	0.441245	0.471904	-0.563115	0.440113	0.11239	-0.211841	0.310215	1.01834	-0.421161	0.364056	1.30833	-0.375674	0.457914	0.890636	-0.52266	0.443823	0.447669	-0.505438	0.401838	0.0847108	-0.268645	0.450691	1.46492	-0.462148	0.503046	0.873804	-0.673324	0.554576	0.860224	-0.615278	0.336675	0.0704277	-0.261118	0.305429	0.453364	-0.566469	0.547416	0.778208	-0.625359	0.470641	1.09434	-0.476326	0.484762	1.45677	-0.518688	0.36671	1.44273	-0.40676	0.314628	0.213383	-0.247798	0.400775	0.389099	-0.556216	0.281935	1.44632	-0.59091	0.271334	1.2806	-0.402711
143	1.41207	0.282004	1.54361	-0.476668	0.284544	1.25285	-0.648325	0.198793	0.0620687	-0.556287	0.171589	1.00208	-0.641254	0.0058501	1.1469	-0.44905	0.0509576	0.783951	-0.544253	0.0375582	1.12612	-0.405761	0.249611	0.0154632	-0.499904	0.154512	0.497579	-0.653634	0.17201	0.0141129	-0.668164	0.223535	1.02433	-0.439914	0.186151	1.34214	-0.396984	0.087909	0.902657	-0.577137	0.148938	0.426115	-0.631397	0.234447	0.0288427	-0.722278	0.0992243	1.48703	-0.49622	0.0482174	0.873716	-0.526441	0.00224143	0.879131	-0.464529	0.297067	0.014218	-0.705475	0.28792	0.484383	-0.6212	0.00349181	0.79304	-0.451233	0.0932021	1.1417	-0.420547	0.0816952	1.48146	-0.54504	0.204267	1.46931	-0.421431	0.300059	0.083911	-0.572588	0.226639	0.411261	-0.685451	0.400892	0.233744	-0.219984	0.412281	0.98458	-0.612519	0.552449	1.11579	-0.516806	0.491911	0.792261	-0.713339	0.517691	1.08503	-0.474472	0.334588	0.234661	-0.169728	0.440447	0.474406	-0.586478	0.442181	0.109906	-0.244333	0.310519	1.01959	-0.432952	0.362995	1.30965	-0.387393	0.457901	0.892381	-0.537006	0.443199	0.449493	-0.529132	0.404233	0.0841044	-0.301878	0.450237	1.46611	-0.473391	0.502723	0.871558	-0.6759	0.554162	0.859315	-0.617425	0.339076	0.0687878	-0.294758	0.304875	0.456093	-0.58857	0.5473	0.777121	-0.625667	0.468969	1.09604	-0.483901	0.484738	1.45788	-0.529622	0.365891	1.44393	-0.41863	0.315871	0.210444	-0.275495	0.399938	0.391655	-0.580763	0.282034	1.44758	-0.602888	0.270783	1.28206	-0.414577
144	1.42201	0.28186	1.54498	-0.488807	0.284174	1.25401	-0.659935	0.198913	0.0621837	-0.556498	0.170256	1.00326	-0.652181	0.00444485	1.14675	-0.467892	0.0516083	0.785577	-0.568827	0.0353065	1.12522	-0.424474	0.249663	0.0160137	-0.499843	0.154123	0.497105	-0.657338	0.172005	0.0140424	-0.668103	0.22384	1.02546	-0.451161	0.185335	1.34382	-0.408957	0.0874493	0.903297	-0.586723	0.148552	0.425832	-0.63452	0.234475	0.0286763	-0.722348	0.0989256	1.48857	-0.508835	0.0485384	0.875087	-0.549545	0.00128841	0.879352	-0.488353	0.297027	0.0141055	-0.705527	0.287597	0.484398	-0.624566	0.00234672	0.793105	-0.476636	0.0915082	1.14129	-0.437559	0.0816682	1.48293	-0.557836	0.204317	1.47115	-0.433141	0.3002	0.0841868	-0.57298	0.22631	0.41058	-0.688324	0.402205	0.228252	-0.248394	0.411033	0.986511	-0.625294	0.551161	1.11666	-0.523483	0.491908	0.789312	-0.713957	0.515809	1.08684	-0.481327	0.336066	0.227025	-0.19746	0.439556	0.477079	-0.609509	0.443897	0.106096	-0.277946	0.310907	1.02079	-0.444686	0.362047	1.3109	-0.399098	0.457931	0.894145	-0.551313	0.442506	0.451284	-0.552562	0.406198	0.0825362	-0.33626	0.449822	1.46725	-0.484595	0.502559	0.869509	-0.6783	0.553733	0.858529	-0.619325	0.341015	0.0663766	-0.329661	0.30428	0.45902	-0.610316	0.547077	0.776196	-0.625806	0.467319	1.09778	-0.491288	0.484741	1.45895	-0.540515	0.365205	1.44507	-0.430403	0.317042	0.206396	-0.304069	0.399019	0.394375	-0.605207	0.282122	1.4488	-0.614771	0.270331	1.28345	-0.426346
145	1.43196	0.281775	1.54626	-0.50086	0.283763	1.2551	-0.671481	0.199029	0.0623485	-0.556713	0.168945	1.00436	-0.662982	0.00311037	1.14659	-0.486857	0.0524985	0.787278	-0.593502	0.0331482	1.12429	-0.443351	0.249701	0.0165915	-0.499804	0.153738	0.496675	-0.660885	0.172008	0.014015	-0.668057	0.224252	1.0265	-0.462296	0.184627	1.34541	-0.420819	0.0870376	0.903894	-0.596189	0.148153	0.425594	-0.637493	0.234509	0.0285582	-0.722426	0.0986903	1.49003	-0.52123	0.0490198	0.876558	-0.572912	0.000357654	0.879707	-0.512581	0.297007	0.0140063	-0.705584	0.287283	0.484431	-0.627772	0.00110006	0.793367	-0.502496	0.0898959	1.14078	-0.45474	0.0816688	1.48435	-0.570395	0.204342	1.47282	-0.44484	0.300324	0.0845226	-0.573388	0.225991	0.409953	-0.691039	0.403458	0.221434	-0.277633	0.409811	0.988389	-0.638025	0.549929	1.11753	-0.529945	0.492076	0.786615	-0.71455	0.513964	1.08866	-0.488007	0.337429	0.217992	-0.226113	0.438594	0.47986	-0.632187	0.445308	0.101161	-0.312532	0.311372	1.02191	-0.456363	0.361216	1.31206	-0.410786	0.457992	0.895869	-0.565545	0.441761	0.452987	-0.575708	0.407801	0.0801222	-0.371621	0.449444	1.4683	-0.495793	0.502548	0.867636	-0.680564	0.553283	0.857844	-0.621018	0.342576	0.0633107	-0.365671	0.303642	0.462079	-0.631713	0.546724	0.775405	-0.625821	0.46572	1.09952	-0.49849	0.484763	1.45996	-0.551408	0.364635	1.44612	-0.442113	0.318111	0.20132	-0.333496	0.398038	0.397209	-0.629507	0.282195	1.44996	-0.626576	0.269972	1.28477	-0.438028
146	1.4419	0.281738	1.54742	-0.512845	0.283322	1.2561	-0.682972	0.199135	0.0625546	-0.556935	0.167685	1.00535	-0.673668	0.0018497	1.14643	-0.50591	0.0536022	0.789075	-0.618281	0.0310899	1.12331	-0.462363	0.249733	0.0171802	-0.499791	0.153351	0.496277	-0.66429	0.172016	0.0140214	-0.668026	0.224764	1.02745	-0.473329	0.18401	1.34688	-0.432583	0.0866755	0.904446	-0.605566	0.147737	0.425391	-0.640323	0.234545	0.0284885	-0.722518	0.0985084	1.49139	-0.533441	0.0496557	0.878142	-0.596497	-0.000518184	0.880209	-0.537159	0.297002	0.0139281	-0.705646	0.286966	0.484465	-0.630861	-0.00019501	0.793827	-0.528776	0.0883547	1.14017	-0.472081	0.0816899	1.48568	-0.582751	0.204325	1.47429	-0.456552	0.300432	0.0849098	-0.573796	0.225668	0.409364	-0.693606	0.404606	0.213448	-0.307669	0.40864	0.990155	-0.650687	0.548766	1.11838	-0.536238	0.492391	0.78414	-0.715159	0.51219	1.09044	-0.494535	0.33862	0.207719	-0.255708	0.437582	0.482689	-0.654492	0.446475	0.0953232	-0.347966	0.311909	1.02292	-0.467979	0.360497	1.31312	-0.422451	0.458081	0.897499	-0.57967	0.440976	0.454557	-0.598546	0.409129	0.0770069	-0.407818	0.449102	1.46926	-0.507009	0.502675	0.865912	-0.682736	0.552807	0.857235	-0.622554	0.343857	0.0597205	-0.402661	0.302954	0.46521	-0.652775	0.546236	0.774715	-0.625759	0.464203	1.10124	-0.50552	0.484799	1.46087	-0.562329	0.364163	1.44706	-0.453791	0.319053	0.195317	-0.363751	0.397014	0.400109	-0.653624	0.282253	1.45101	-0.63832	0.269698	1.28597	-0.449632
147	1.45184	0.281742	1.54843	-0.524776	0.282864	1.25696	-0.694415	0.199226	0.0627929	-0.557162	0.166499	1.00619	-0.684254	0.000664724	1.14627	-0.525016	0.0548882	0.790991	-0.643173	0.0291354	1.12229	-0.481477	0.249763	0.0177639	-0.499805	0.152957	0.495905	-0.667567	0.172028	0.0140494	-0.668005	0.225369	1.0283	-0.484271	0.183473	1.34821	-0.444262	0.0863639	0.904946	-0.614882	0.1473	0.425212	-0.643017	0.23458	0.0284628	-0.722623	0.0983698	1.49261	-0.545503	0.0504358	0.879847	-0.620251	-0.0013061	0.880861	-0.562022	0.297008	0.0138757	-0.705712	0.286634	0.484489	-0.633875	-0.00147679	0.794483	-0.555426	0.0868721	1.13945	-0.48957	0.0817267	1.48689	-0.594943	0.204258	1.47557	-0.468292	0.300527	0.0853365	-0.574184	0.225331	0.408797	-0.696037	0.405606	0.204466	-0.33847	0.407544	0.991753	-0.663255	0.547686	1.1192	-0.542413	0.492821	0.781852	-0.715816	0.510516	1.09216	-0.500936	0.339597	0.196377	-0.286258	0.436538	0.485518	-0.676403	0.447463	0.0888078	-0.384149	0.312515	1.02381	-0.47953	0.359886	1.31407	-0.434083	0.458202	0.898986	-0.593655	0.440161	0.455962	-0.621051	0.410271	0.0733527	-0.444737	0.448795	1.47009	-0.518259	0.502915	0.86431	-0.684857	0.552308	0.856679	-0.623986	0.344958	0.0557452	-0.44052	0.302205	0.46836	-0.673529	0.545614	0.774097	-0.62567	0.462791	1.1029	-0.512403	0.484844	1.46166	-0.573298	0.363769	1.44787	-0.465461	0.319848	0.18851	-0.394809	0.395967	0.403036	-0.67752	0.282298	1.45194	-0.650017	0.269502	1.28704	-0.461162
148	1.46179	0.281778	1.54929	-0.536665	0.282402	1.25767	-0.705815	0.199295	0.0630554	-0.557393	0.165407	1.00687	-0.694754	-0.00044306	1.1461	-0.544142	0.0563227	0.793051	-0.668186	0.0272862	1.12123	-0.500663	0.249797	0.0183292	-0.499845	0.152552	0.49555	-0.670737	0.172041	0.0140871	-0.667992	0.226061	1.02904	-0.495134	0.183008	1.34939	-0.455861	0.0861029	0.905388	-0.624158	0.14684	0.425049	-0.645588	0.234611	0.0284732	-0.722741	0.0982651	1.49368	-0.557457	0.0513465	0.881679	-0.644127	-0.00197446	0.881664	-0.587101	0.29702	0.0138508	-0.705778	0.28628	0.484493	-0.63685	-0.00267957	0.795326	-0.582384	0.0854352	1.13863	-0.50719	0.0817772	1.48796	-0.607013	0.204141	1.47663	-0.480066	0.300609	0.0857889	-0.574527	0.224968	0.408241	-0.698348	0.406422	0.194667	-0.370002	0.406543	0.993135	-0.675705	0.546699	1.11997	-0.548519	0.493329	0.779713	-0.716549	0.508967	1.0938	-0.50724	0.34033	0.18415	-0.317768	0.435482	0.488303	-0.697893	0.44833	0.0818325	-0.421004	0.313188	1.02455	-0.491014	0.35937	1.31487	-0.445673	0.458364	0.900288	-0.607472	0.439325	0.457175	-0.643199	0.411307	0.0693295	-0.482286	0.448521	1.47078	-0.529552	0.503241	0.862796	-0.686964	0.551789	0.856155	-0.625375	0.345969	0.0515276	-0.479157	0.301382	0.471482	-0.694007	0.544875	0.773527	-0.625606	0.461503	1.10446	-0.519168	0.484898	1.4623	-0.584324	0.363433	1.44853	-0.477138	0.32048	0.181039	-0.426646	0.394917	0.405956	-0.701158	0.282335	1.45271	-0.66168	0.269382	1.28797	-0.472618
149	1.47173	0.281838	1.54997	-0.548523	0.281953	1.2582	-0.717176	0.199336	0.0633365	-0.557625	0.164424	1.00736	-0.705183	-0.00147189	1.14592	-0.563254	0.0578727	0.79528	-0.693328	0.0255438	1.12012	-0.519889	0.24984	0.0188679	-0.499909	0.152135	0.495208	-0.673824	0.172054	0.0141235	-0.667983	0.226833	1.02964	-0.505932	0.18261	1.35042	-0.467385	0.085892	0.905762	-0.633409	0.146357	0.424898	-0.648054	0.234637	0.0285097	-0.722867	0.0981861	1.49457	-0.56934	0.0523719	0.883641	-0.668075	-0.0024946	0.882614	-0.612325	0.297036	0.0138526	-0.705836	0.285897	0.484471	-0.639821	-0.00373834	0.79635	-0.609582	0.0840337	1.1377	-0.524918	0.0818416	1.48886	-0.619005	0.203981	1.47748	-0.491873	0.300683	0.0862519	-0.574804	0.224573	0.407687	-0.700561	0.407024	0.184233	-0.402229	0.405651	0.994264	-0.688018	0.54581	1.12067	-0.554609	0.493874	0.777688	-0.717377	0.507562	1.09534	-0.513477	0.340806	0.171233	-0.35023	0.434431	0.491006	-0.718935	0.449119	0.0745994	-0.458473	0.313923	1.02514	-0.50243	0.358938	1.31553	-0.457214	0.458577	0.901373	-0.621094	0.438474	0.458179	-0.664966	0.412296	0.0651068	-0.520395	0.448279	1.47132	-0.540888	0.50362	0.86134	-0.689096	0.551259	0.855645	-0.626779	0.346956	0.0472108	-0.518489	0.300478	0.474537	-0.714242	0.544044	0.772983	-0.625617	0.460349	1.10589	-0.525857	0.484959	1.46276	-0.59541	0.363137	1.44903	-0.488832	0.320938	0.173056	-0.459234	0.393882	0.408842	-0.724505	0.28237	1.4533	-0.673317	0.269334	1.28873	-0.484
150	1.48168	0.281918	1.55046	-0.560361	0.28153	1.25853	-0.728501	0.199345	0.0636341	-0.557858	0.16356	1.00767	-0.71556	-0.00241929	1.14572	-0.582325	0.059508	0.797702	-0.7186	0.02391	1.11897	-0.539122	0.249891	0.0193785	-0.499993	0.151708	0.494872	-0.676854	0.172066	0.0141507	-0.667975	0.227677	1.03011	-0.516677	0.182277	1.35129	-0.478836	0.0857292	0.90606	-0.642644	0.145855	0.424754	-0.650436	0.234654	0.0285606	-0.722995	0.0981272	1.49527	-0.581191	0.0534954	0.885734	-0.692049	-0.00284223	0.883704	-0.637622	0.297052	0.0138787	-0.705883	0.285483	0.484421	-0.642816	-0.00459329	0.797545	-0.636944	0.0826607	1.13668	-0.542732	0.0819233	1.48957	-0.63096	0.203789	1.47812	-0.503709	0.30075	0.086712	-0.574997	0.224142	0.40713	-0.702702	0.407394	0.173345	-0.435121	0.40488	0.995114	-0.700185	0.545023	1.12129	-0.56073	0.494416	0.775743	-0.718313	0.50631	1.09675	-0.519681	0.341027	0.157822	-0.383632	0.433403	0.493596	-0.7395	0.449853	0.0672908	-0.496515	0.314719	1.02554	-0.513781	0.358579	1.31602	-0.468701	0.458852	0.902217	-0.634503	0.437617	0.458958	-0.686334	0.413271	0.0608479	-0.559007	0.44807	1.47169	-0.552262	0.504019	0.859913	-0.691286	0.550727	0.855134	-0.628257	0.347953	0.0429363	-0.558442	0.299492	0.477487	-0.73426	0.54315	0.77245	-0.625751	0.45933	1.10716	-0.532516	0.485029	1.46305	-0.60655	0.362868	1.44936	-0.500545	0.321216	0.164724	-0.492547	0.39288	0.41167	-0.74753	0.28241	1.45369	-0.684936	0.269357	1.28933	-0.495305
151	1.49162	0.282012	1.55076	-0.572185	0.281149	1.25866	-0.739795	0.199319	0.0639503	-0.558089	0.162815	1.00779	-0.725904	-0.00328185	1.1455	-0.601329	0.0612036	0.800337	-0.743995	0.0223875	1.11777	-0.558333	0.249951	0.0198673	-0.500094	0.151273	0.49454	-0.679857	0.172075	0.0141639	-0.667967	0.228588	1.03044	-0.527386	0.182011	1.352	-0.49022	0.0856116	0.906275	-0.651868	0.145339	0.424617	-0.652761	0.234663	0.0286146	-0.723117	0.098085	1.49577	-0.593042	0.0547008	0.887957	-0.71601	-0.00299854	0.884925	-0.662921	0.297069	0.0139252	-0.705913	0.285038	0.484344	-0.645859	-0.00519372	0.798903	-0.664392	0.0813141	1.13555	-0.56061	0.0820276	1.49007	-0.642914	0.203577	1.47857	-0.515568	0.300809	0.0871588	-0.575098	0.223674	0.406568	-0.704803	0.40752	0.162178	-0.468649	0.404232	0.995671	-0.7122	0.544335	1.12182	-0.566927	0.494917	0.773847	-0.71937	0.505214	1.09803	-0.525892	0.341005	0.144121	-0.417951	0.432415	0.49604	-0.759559	0.450529	0.0600682	-0.5351	0.315571	1.02577	-0.525071	0.358279	1.31635	-0.480136	0.459198	0.902807	-0.647684	0.436764	0.459502	-0.707291	0.414233	0.0567067	-0.598077	0.447893	1.47188	-0.563664	0.504409	0.858489	-0.693568	0.550205	0.854612	-0.629867	0.348957	0.038843	-0.598942	0.298433	0.480301	-0.754076	0.542227	0.771918	-0.626053	0.458441	1.10826	-0.539197	0.485111	1.46314	-0.617734	0.362618	1.44952	-0.512273	0.321309	0.15621	-0.526555	0.391925	0.414425	-0.770202	0.282465	1.45386	-0.696543	0.269451	1.28974	-0.506533
152	1.50156	0.282121	1.55087	-0.584002	0.280825	1.25857	-0.751064	0.199256	0.0642919	-0.558315	0.162189	1.00773	-0.736236	-0.00405516	1.14525	-0.620244	0.0629405	0.803199	-0.769496	0.0209806	1.11653	-0.577493	0.250017	0.0203478	-0.500207	0.150834	0.494207	-0.682864	0.172081	0.014162	-0.667958	0.229557	1.03061	-0.538073	0.181812	1.35254	-0.501545	0.0855351	0.906399	-0.661083	0.144813	0.424488	-0.655059	0.234662	0.0286609	-0.723227	0.0980591	1.49607	-0.604922	0.0559738	0.890308	-0.739921	-0.00295082	0.886265	-0.688159	0.297084	0.0139878	-0.705924	0.284567	0.484241	-0.648971	-0.0055009	0.800414	-0.691849	0.0799972	1.13434	-0.578528	0.0821619	1.49035	-0.6549	0.20336	1.47884	-0.527446	0.300859	0.0875866	-0.575111	0.223169	0.406002	-0.7069	0.407396	0.150906	-0.502796	0.403705	0.995934	-0.724071	0.543739	1.12225	-0.573241	0.495345	0.771975	-0.720557	0.504268	1.09916	-0.53215	0.340761	0.130325	-0.453162	0.43148	0.498307	-0.779083	0.451124	0.0530748	-0.574211	0.316475	1.02582	-0.536312	0.35803	1.31652	-0.49152	0.45962	0.903137	-0.660631	0.435924	0.459795	-0.727832	0.415153	0.0528259	-0.637564	0.447748	1.4719	-0.575084	0.504761	0.857047	-0.695972	0.549703	0.854069	-0.63166	0.349932	0.0350664	-0.639915	0.297318	0.482945	-0.773686	0.541311	0.77138	-0.626564	0.457669	1.10918	-0.54595	0.485208	1.46304	-0.628946	0.362382	1.44951	-0.524009	0.321213	0.147684	-0.561226	0.391026	0.417094	-0.792495	0.282543	1.45383	-0.708144	0.269616	1.28998	-0.517686
153	1.51151	0.282246	1.5508	-0.595819	0.28057	1.25829	-0.762313	0.199158	0.0646701	-0.558535	0.161673	1.0075	-0.746574	-0.00473396	1.14498	-0.639054	0.0647063	0.806297	-0.795078	0.0196952	1.11523	-0.596576	0.250086	0.0208401	-0.50033	0.150392	0.493874	-0.685905	0.172085	0.0141474	-0.667948	0.230577	1.03065	-0.548753	0.181678	1.35293	-0.512825	0.0854944	0.906429	-0.670291	0.144285	0.424368	-0.65736	0.23465	0.028691	-0.723319	0.0980521	1.49616	-0.616855	0.0573028	0.892784	-0.76375	-0.00269248	0.887711	-0.713278	0.297099	0.0140616	-0.705915	0.284076	0.484117	-0.652172	-0.00548984	0.80207	-0.719241	0.0787183	1.13304	-0.596467	0.0823345	1.49042	-0.666943	0.20315	1.47893	-0.539339	0.300898	0.0879961	-0.575054	0.222629	0.405436	-0.70903	0.407025	0.139691	-0.537549	0.403295	0.995911	-0.735812	0.543226	1.12256	-0.579708	0.495676	0.770107	-0.721885	0.503459	1.10015	-0.5385	0.340318	0.116629	-0.489235	0.430613	0.500366	-0.798048	0.451593	0.046438	-0.613833	0.317425	1.0257	-0.547518	0.357825	1.31651	-0.502864	0.460115	0.903211	-0.673344	0.435108	0.459824	-0.747961	0.415974	0.0493368	-0.677429	0.447637	1.47175	-0.586509	0.505057	0.85557	-0.698528	0.549232	0.853501	-0.633683	0.350811	0.0317389	-0.681283	0.296175	0.485383	-0.793064	0.540432	0.770834	-0.627319	0.456997	1.1099	-0.552826	0.485325	1.46276	-0.640173	0.36216	1.44933	-0.535745	0.320924	0.139315	-0.596524	0.390188	0.419665	-0.814384	0.282655	1.45358	-0.719744	0.26985	1.29004	-0.528773
154	1.52145	0.282391	1.55054	-0.607641	0.280396	1.25781	-0.773553	0.199026	0.0650995	-0.558747	0.16126	1.00711	-0.756937	-0.00531245	1.14466	-0.657746	0.0664953	0.809634	-0.820704	0.0185379	1.1139	-0.615562	0.250156	0.0213681	-0.500461	0.149952	0.49354	-0.689008	0.172086	0.0141255	-0.667937	0.231639	1.03053	-0.559442	0.181607	1.35316	-0.524077	0.0854836	0.906366	-0.679496	0.143761	0.424261	-0.659695	0.234627	0.0286988	-0.723388	0.0980686	1.49605	-0.628857	0.0586803	0.89538	-0.787473	-0.00222262	0.889249	-0.738231	0.29711	0.0141422	-0.705889	0.283571	0.483978	-0.655482	-0.00514956	0.803862	-0.746503	0.0774908	1.13166	-0.614408	0.0825542	1.49027	-0.679063	0.202959	1.47887	-0.551249	0.300923	0.0883937	-0.574958	0.222057	0.404874	-0.711229	0.406416	0.128692	-0.572906	0.402992	0.995622	-0.747448	0.542783	1.12275	-0.586358	0.495895	0.768226	-0.723367	0.50277	1.10097	-0.544987	0.3397	0.103218	-0.526136	0.429826	0.502181	-0.816434	0.451878	0.040274	-0.653953	0.318413	1.02539	-0.558707	0.357659	1.31634	-0.51418	0.460678	0.903037	-0.685833	0.434329	0.459576	-0.767689	0.416619	0.0463605	-0.717628	0.447562	1.47143	-0.597931	0.505283	0.854046	-0.701263	0.5488	0.852901	-0.635976	0.351505	0.028989	-0.722963	0.295038	0.487577	-0.812161	0.539617	0.770279	-0.628349	0.456408	1.11043	-0.559871	0.485469	1.4623	-0.651402	0.361956	1.44899	-0.547475	0.32044	0.131267	-0.632404	0.389413	0.422129	-0.835841	0.282811	1.45313	-0.73135	0.270151	1.28993	-0.539808
155	1.5314	0.282562	1.55012	-0.619476	0.280313	1.25715	-0.784791	0.198866	0.0655977	-0.558949	0.160936	1.00658	-0.767342	-0.00578474	1.14431	-0.676314	0.0683078	0.813206	-0.84633	0.0175163	1.11252	-0.634434	0.250225	0.0219574	-0.500602	0.149516	0.493205	-0.692196	0.172085	0.0141034	-0.667928	0.232733	1.03027	-0.570157	0.181593	1.35323	-0.535324	0.0854958	0.906211	-0.688704	0.143247	0.424172	-0.662091	0.234593	0.0286821	-0.723431	0.0981155	1.49575	-0.640943	0.0601028	0.898091	-0.811066	-0.00154513	0.890866	-0.762976	0.297119	0.014225	-0.705854	0.283062	0.483829	-0.65892	-0.00448221	0.805783	-0.773577	0.0763316	1.13021	-0.632339	0.0828296	1.48992	-0.691275	0.202798	1.47865	-0.563179	0.30093	0.0887911	-0.574863	0.221456	0.404319	-0.713534	0.405583	0.11806	-0.608867	0.402784	0.995089	-0.759011	0.542393	1.1228	-0.593215	0.495998	0.766321	-0.72502	0.502179	1.10165	-0.551656	0.338926	0.0902668	-0.563825	0.429127	0.503719	-0.834225	0.451913	0.0346906	-0.694554	0.319433	1.02492	-0.5699	0.357528	1.31601	-0.525483	0.4613	0.902628	-0.698118	0.433598	0.459035	-0.787029	0.417002	0.0440081	-0.758113	0.447524	1.47095	-0.609343	0.505434	0.852468	-0.704208	0.548416	0.852268	-0.638574	0.35192	0.0269404	-0.764866	0.293944	0.489487	-0.830909	0.538888	0.769716	-0.629681	0.455881	1.11079	-0.567123	0.485644	1.46169	-0.662625	0.361778	1.4485	-0.559192	0.31976	0.123695	-0.668811	0.388698	0.424478	-0.856842	0.283021	1.4525	-0.742968	0.270514	1.28965	-0.550811
156	1.54134	0.282765	1.54953	-0.63133	0.280329	1.25633	-0.79604	0.198684	0.0661822	-0.55914	0.160689	1.00591	-0.777802	-0.00614531	1.14391	-0.69475	0.0701488	0.817002	-0.871906	0.016638	1.1111	-0.653176	0.250292	0.0226326	-0.500754	0.149085	0.492872	-0.695492	0.172086	0.0140885	-0.66792	0.233851	1.02987	-0.580912	0.18163	1.35315	-0.546591	0.085524	0.905968	-0.697923	0.142749	0.424104	-0.664573	0.234549	0.0286419	-0.72345	0.0982012	1.49527	-0.65312	0.061571	0.900909	-0.834506	-0.000667646	0.89255	-0.78748	0.297121	0.014306	-0.705818	0.282557	0.483676	-0.662509	-0.00350116	0.807822	-0.800416	0.0752604	1.1287	-0.650244	0.0831682	1.48937	-0.703586	0.202677	1.47829	-0.575134	0.300918	0.0892032	-0.574812	0.220828	0.403774	-0.715976	0.404546	0.107935	-0.645426	0.402657	0.994342	-0.770535	0.542042	1.12272	-0.600298	0.495991	0.764385	-0.726864	0.501665	1.10217	-0.55855	0.338013	0.0779399	-0.602252	0.428526	0.504944	-0.85141	0.451637	0.0297892	-0.735605	0.320477	1.0243	-0.581119	0.357434	1.31553	-0.53679	0.461967	0.902002	-0.710224	0.432925	0.458192	-0.805995	0.417038	0.0423811	-0.798824	0.447526	1.47033	-0.620743	0.505513	0.850832	-0.707387	0.548083	0.851598	-0.641504	0.351962	0.0257087	-0.806893	0.29293	0.491072	-0.849225	0.538257	0.769147	-0.631339	0.455398	1.11098	-0.57461	0.485858	1.46093	-0.673834	0.361634	1.44786	-0.570895	0.318887	0.116744	-0.705675	0.388039	0.426704	-0.87736	0.283293	1.45169	-0.754608	0.270935	1.28921	-0.561805
157	1.55128	0.283011	1.54879	-0.64321	0.280447	1.25536	-0.80731	0.198488	0.0668693	-0.55932	0.160507	1.00513	-0.788328	-0.00638963	1.14348	-0.71305	0.0720271	0.821006	-0.897374	0.0159102	1.10966	-0.671781	0.250361	0.0234152	-0.500919	0.148661	0.492543	-0.698912	0.172089	0.0140871	-0.667913	0.234984	1.02934	-0.591722	0.181709	1.35292	-0.557904	0.0855615	0.905644	-0.707166	0.14227	0.424062	-0.667164	0.234496	0.0285833	-0.723447	0.0983345	1.49462	-0.665391	0.0630893	0.903826	-0.857771	0.000399602	0.89429	-0.811719	0.297117	0.0143814	-0.70579	0.282065	0.483524	-0.666267	-0.00222843	0.809973	-0.826978	0.0742976	1.12714	-0.668111	0.083576	1.48865	-0.716001	0.202603	1.4778	-0.587122	0.300885	0.0896461	-0.57485	0.220177	0.403241	-0.718579	0.403329	0.0984474	-0.682564	0.4026	0.993409	-0.782059	0.541714	1.1225	-0.607619	0.495886	0.762411	-0.728925	0.501202	1.10255	-0.565707	0.336973	0.0663868	-0.64135	0.428026	0.505827	-0.867984	0.450997	0.0256648	-0.777057	0.321537	1.02353	-0.592386	0.357376	1.3149	-0.548118	0.462665	0.901176	-0.722185	0.432317	0.457042	-0.824601	0.416657	0.0415695	-0.839682	0.447573	1.46957	-0.632133	0.505531	0.849138	-0.710826	0.547804	0.850888	-0.644785	0.351555	0.0253981	-0.848935	0.29203	0.492295	-0.867022	0.537729	0.768571	-0.63334	0.454945	1.11102	-0.582352	0.486116	1.46003	-0.685031	0.361534	1.4471	-0.582585	0.317828	0.110544	-0.742907	0.38743	0.428797	-0.897368	0.283636	1.45073	-0.766277	0.271407	1.28862	-0.57282
158	1.56123	0.283307	1.54792	-0.655123	0.280667	1.25426	-0.818612	0.198289	0.0676708	-0.559489	0.160378	1.00425	-0.798926	-0.00651454	1.143	-0.731211	0.0739538	0.825198	-0.922673	0.0153387	1.1082	-0.690241	0.250433	0.0243215	-0.501101	0.148244	0.49222	-0.70247	0.172098	0.0141029	-0.667904	0.236125	1.02868	-0.602601	0.181825	1.35254	-0.569284	0.0856024	0.905243	-0.716447	0.141817	0.424049	-0.66988	0.234436	0.0285135	-0.723427	0.0985245	1.49381	-0.677753	0.0646648	0.906833	-0.880837	0.00164478	0.896077	-0.835671	0.297103	0.0144477	-0.705781	0.281594	0.483376	-0.670216	-0.000691922	0.812227	-0.853232	0.0734626	1.12555	-0.685925	0.0840573	1.48776	-0.728516	0.202585	1.47718	-0.59915	0.300834	0.0901352	-0.575011	0.219508	0.40272	-0.721365	0.401959	0.0897139	-0.720234	0.402596	0.992318	-0.79362	0.541397	1.12213	-0.615187	0.495703	0.760395	-0.731229	0.50077	1.10279	-0.573156	0.335814	0.0557395	-0.681029	0.427629	0.50634	-0.883946	0.449962	0.0224028	-0.818831	0.322607	1.02261	-0.603722	0.357356	1.31413	-0.559486	0.463382	0.900172	-0.734043	0.431779	0.455586	-0.842853	0.41581	0.0416487	-0.880588	0.447667	1.46867	-0.643519	0.505503	0.847389	-0.71455	0.547577	0.850135	-0.64843	0.350652	0.0260944	-0.890866	0.29127	0.493123	-0.884214	0.537304	0.767986	-0.635702	0.454509	1.11093	-0.590355	0.486424	1.45902	-0.696218	0.361488	1.44621	-0.594266	0.316598	0.105202	-0.780398	0.386866	0.430751	-0.91684	0.284056	1.44963	-0.777984	0.271923	1.2879	-0.583881
159	1.57117	0.283664	1.54691	-0.667072	0.280985	1.25303	-0.829955	0.198097	0.0685922	-0.559651	0.16029	1.00327	-0.809597	-0.0065187	1.14249	-0.749225	0.0759406	0.829551	-0.947738	0.0149274	1.10674	-0.708549	0.250513	0.0253615	-0.501299	0.147839	0.491907	-0.70618	0.172116	0.0141359	-0.667889	0.237268	1.02788	-0.613561	0.181972	1.35201	-0.58075	0.0856419	0.904771	-0.725781	0.141394	0.424066	-0.672738	0.234375	0.0284416	-0.723392	0.0987792	1.49287	-0.690201	0.0663066	0.90992	-0.903678	0.00305523	0.897906	-0.859319	0.297078	0.014502	-0.705797	0.281151	0.483234	-0.674371	0.00107736	0.814578	-0.879147	0.0727719	1.12394	-0.70367	0.0846143	1.48674	-0.741124	0.202629	1.47644	-0.611223	0.300768	0.0906835	-0.575321	0.218827	0.402208	-0.724346	0.400467	0.0818334	-0.758349	0.402631	0.991096	-0.805251	0.541081	1.12162	-0.623	0.495468	0.758334	-0.733804	0.500348	1.10289	-0.58092	0.334543	0.0461086	-0.721167	0.427333	0.506467	-0.899301	0.448523	0.0200741	-0.86081	0.323682	1.02156	-0.615142	0.357378	1.31323	-0.570906	0.464103	0.899009	-0.74584	0.431313	0.453833	-0.860752	0.414484	0.0426741	-0.921412	0.447813	1.46765	-0.654908	0.505447	0.845588	-0.718578	0.547399	0.849334	-0.652446	0.34924	0.0278582	-0.932544	0.290665	0.493531	-0.900727	0.536971	0.767388	-0.638434	0.454084	1.11072	-0.59862	0.486786	1.4579	-0.707402	0.361504	1.44521	-0.605948	0.315221	0.100801	-0.818012	0.386343	0.432557	-0.935755	0.284556	1.44842	-0.789736	0.272477	1.28705	-0.595013
160	1.58112	0.284089	1.54579	-0.67906	0.281394	1.25169	-0.841347	0.197923	0.0696307	-0.559809	0.160233	1.00221	-0.820338	-0.00640275	1.14194	-0.767082	0.0779992	0.834035	-0.972504	0.0146775	1.10527	-0.726698	0.250601	0.0265386	-0.50151	0.147448	0.491605	-0.710049	0.172145	0.0141819	-0.66786	0.238411	1.02696	-0.62461	0.18215	1.35134	-0.592309	0.0856777	0.904233	-0.735184	0.141004	0.424114	-0.675748	0.234317	0.0283765	-0.723347	0.0991059	1.49181	-0.702722	0.0680241	0.913075	-0.926263	0.00461806	0.899773	-0.882647	0.297041	0.0145417	-0.705846	0.280744	0.483097	-0.678745	0.00304768	0.817019	-0.904696	0.0722381	1.12232	-0.721322	0.0852471	1.48559	-0.753814	0.202743	1.47559	-0.623339	0.300693	0.0913005	-0.575788	0.218145	0.401701	-0.727528	0.398884	0.0748832	-0.796775	0.402692	0.989765	-0.816979	0.540759	1.12098	-0.631055	0.495207	0.756224	-0.736679	0.49992	1.10284	-0.589008	0.333165	0.037578	-0.761601	0.427134	0.506201	-0.914065	0.446698	0.0187279	-0.902831	0.324758	1.02039	-0.626657	0.357443	1.3122	-0.582388	0.46482	0.897704	-0.757622	0.430914	0.451804	-0.87829	0.412699	0.0446739	-0.961991	0.448015	1.46651	-0.666309	0.505384	0.843739	-0.722926	0.547265	0.84848	-0.656829	0.347346	0.0307159	-0.973802	0.29022	0.493507	-0.916507	0.536716	0.766771	-0.641543	0.453665	1.1104	-0.607136	0.487206	1.45667	-0.718593	0.361587	1.44408	-0.617636	0.313728	0.0973944	-0.855583	0.385858	0.434208	-0.954093	0.285137	1.4471	-0.801535	0.273065	1.28608	-0.606234
161	1.59106	0.284591	1.54454	-0.691082	0.28188	1.25026	-0.852794	0.197776	0.0707754	-0.559972	0.160199	1.00106	-0.831141	-0.00616927	1.14135	-0.784768	0.0801397	0.838619	-0.996905	0.0145873	1.10382	-0.744678	0.250701	0.02785	-0.501729	0.147076	0.491312	-0.71409	0.172187	0.0142331	-0.66781	0.239554	1.02592	-0.635753	0.18236	1.35054	-0.603964	0.0857093	0.90363	-0.744668	0.140653	0.42419	-0.678923	0.234268	0.0283258	-0.723292	0.0995097	1.49065	-0.7153	0.0698258	0.916282	-0.948557	0.00632041	0.901673	-0.905636	0.296993	0.0145653	-0.705927	0.280382	0.482962	-0.683346	0.00518855	0.819544	-0.929853	0.0718686	1.12072	-0.738854	0.0859539	1.48435	-0.766567	0.202931	1.47463	-0.635496	0.300618	0.0919926	-0.576409	0.217473	0.401193	-0.730911	0.397243	0.0689139	-0.835318	0.402767	0.988343	-0.828821	0.54043	1.1202	-0.639341	0.494945	0.754063	-0.739877	0.499476	1.10265	-0.597417	0.331687	0.0302002	-0.80212	0.427023	0.505547	-0.928258	0.444531	0.0183825	-0.94468	0.325836	1.01908	-0.63827	0.357556	1.31104	-0.593937	0.465524	0.896275	-0.769432	0.430576	0.449527	-0.895451	0.41051	0.0476407	-1.00213	0.448279	1.46525	-0.67773	0.505335	0.841847	-0.727608	0.547167	0.847567	-0.661573	0.345036	0.0346512	-1.01445	0.289929	0.493051	-0.931526	0.536521	0.766124	-0.645033	0.453253	1.10998	-0.615889	0.487687	1.45535	-0.729798	0.361742	1.44285	-0.629342	0.312155	0.0949958	-0.892915	0.38541	0.435699	-0.971842	0.285797	1.44568	-0.813381	0.273681	1.285	-0.617554
162	1.60101	0.285174	1.54319	-0.703133	0.28243	1.24873	-0.864297	0.197666	0.0720083	-0.560148	0.160178	0.999831	-0.841993	-0.00582252	1.14074	-0.802262	0.0823701	0.843267	-1.02087	0.0146516	1.10239	-0.762474	0.250811	0.0292882	-0.501946	0.146733	0.491026	-0.71831	0.172245	0.0142792	-0.667731	0.2407	1.02475	-0.64699	0.182607	1.34962	-0.615704	0.0857388	0.902963	-0.754242	0.140346	0.424287	-0.682273	0.234235	0.0282947	-0.723227	0.0999942	1.48939	-0.727915	0.0717181	0.919526	-0.970519	0.00814963	0.903607	-0.928265	0.296936	0.014572	-0.706038	0.280073	0.482827	-0.688176	0.00747206	0.822145	-0.954586	0.0716657	1.11915	-0.756234	0.0867314	1.48302	-0.779361	0.2032	1.47356	-0.647683	0.300549	0.0927628	-0.577164	0.216825	0.400676	-0.734491	0.395573	0.0639447	-0.873728	0.402844	0.986845	-0.840786	0.540099	1.11929	-0.647841	0.494704	0.751849	-0.743422	0.499011	1.10233	-0.606132	0.330119	0.0239919	-0.842462	0.426989	0.504525	-0.941914	0.44209	0.0190172	-0.986087	0.326916	1.01765	-0.649979	0.35772	1.30976	-0.605551	0.466211	0.894736	-0.781306	0.43029	0.447037	-0.912216	0.408005	0.0515236	-1.04158	0.448607	1.46388	-0.689174	0.50532	0.839917	-0.73263	0.547096	0.84659	-0.666665	0.342408	0.0395968	-1.05426	0.289776	0.492179	-0.945788	0.536365	0.765436	-0.648903	0.452849	1.10945	-0.624858	0.488228	1.45392	-0.741026	0.361969	1.4415	-0.641071	0.310542	0.0935802	-0.92978	0.385	0.437022	-0.988999	0.286532	1.44417	-0.82527	0.274324	1.28382	-0.62897
163	1.61095	0.285842	1.54173	-0.715199	0.283027	1.24711	-0.875855	0.197596	0.0733068	-0.560347	0.160166	0.998518	-0.852881	-0.00536807	1.1401	-0.819541	0.0846955	0.847943	-1.04435	0.0148619	1.10097	-0.780068	0.25093	0.0308428	-0.502151	0.146426	0.490741	-0.722721	0.17232	0.0143089	-0.667617	0.241852	1.02345	-0.658319	0.182895	1.34858	-0.627515	0.0857706	0.902231	-0.763912	0.14009	0.424399	-0.68581	0.234225	0.0282852	-0.723151	0.100561	1.48806	-0.74054	0.0737046	0.92279	-0.992107	0.0100932	0.90557	-0.950509	0.296873	0.0145622	-0.706174	0.279826	0.482685	-0.693237	0.00987372	0.824811	-0.978861	0.0716269	1.11761	-0.773423	0.0875751	1.48163	-0.792168	0.203552	1.47239	-0.659885	0.300495	0.0936125	-0.578026	0.21622	0.400141	-0.738262	0.393902	0.0599602	-0.911693	0.402914	0.985282	-0.852872	0.53977	1.11827	-0.656538	0.494504	0.749581	-0.74733	0.498525	1.10185	-0.615125	0.328475	0.0189312	-0.882312	0.427019	0.50317	-0.955078	0.439457	0.0205647	-1.02673	0.328002	1.0161	-0.661773	0.357937	1.30836	-0.617221	0.466877	0.893101	-0.793275	0.430044	0.44438	-0.928565	0.405292	0.0562218	-1.08008	0.449004	1.46239	-0.700645	0.505353	0.837951	-0.737996	0.547046	0.845543	-0.672089	0.339582	0.0454288	-1.09299	0.289741	0.490922	-0.959331	0.536228	0.764694	-0.65315	0.452458	1.10882	-0.634022	0.48883	1.45238	-0.752282	0.362266	1.44004	-0.65283	0.308931	0.0930794	-0.96592	0.384631	0.438171	-1.00557	0.287334	1.44259	-0.837191	0.274993	1.28253	-0.640476
164	1.62089	0.286597	1.54016	-0.727265	0.283656	1.24542	-0.887462	0.197567	0.0746488	-0.560581	0.160156	0.997124	-0.863791	-0.00481225	1.13945	-0.836578	0.0871182	0.852609	-1.06727	0.0152063	1.09958	-0.797436	0.251051	0.0325036	-0.502331	0.146168	0.490449	-0.727337	0.172409	0.0143117	-0.667464	0.243016	1.02204	-0.669732	0.18323	1.34743	-0.639375	0.0858112	0.901431	-0.773681	0.139891	0.424515	-0.68955	0.234243	0.0282964	-0.723063	0.101209	1.48666	-0.753151	0.0757853	0.926054	-1.01328	0.0121387	0.907559	-0.972337	0.296808	0.0145371	-0.706325	0.279649	0.48253	-0.698527	0.0123728	0.82753	-1.00264	0.071746	1.11612	-0.790382	0.0884799	1.48018	-0.804959	0.203991	1.47114	-0.672082	0.300461	0.0945426	-0.578961	0.215675	0.39958	-0.74222	0.392254	0.0569083	-0.948855	0.402973	0.983662	-0.865069	0.539456	1.11713	-0.665413	0.494359	0.747262	-0.751616	0.498027	1.10123	-0.624358	0.326771	0.0149567	-0.921305	0.427101	0.501529	-0.967807	0.436724	0.0229071	-1.06625	0.329096	1.01444	-0.673639	0.358212	1.30684	-0.628935	0.467523	0.891381	-0.805359	0.42983	0.441606	-0.944478	0.402489	0.0615802	-1.11732	0.449473	1.46079	-0.71214	0.505446	0.835956	-0.743704	0.547007	0.844419	-0.677829	0.336686	0.0519641	-1.13036	0.289798	0.489329	-0.972225	0.536093	0.763886	-0.657771	0.452086	1.10808	-0.643357	0.489493	1.45075	-0.763571	0.362628	1.43845	-0.664622	0.307359	0.093383	-1.00105	0.384306	0.43914	-1.02158	0.288195	1.44092	-0.849131	0.275687	1.28114	-0.652054
165	1.63084	0.287439	1.53851	-0.739313	0.284301	1.24365	-0.899112	0.197574	0.0760168	-0.560862	0.160148	0.995647	-0.874715	-0.00416163	1.13879	-0.853343	0.0896374	0.857229	-1.08958	0.0156707	1.09821	-0.814551	0.25117	0.0342649	-0.502478	0.145968	0.490139	-0.732176	0.17251	0.0142797	-0.667273	0.244197	1.02051	-0.681223	0.183617	1.34619	-0.651262	0.0858692	0.90056	-0.783552	0.139756	0.424625	-0.693509	0.234293	0.0283243	-0.722963	0.101938	1.48522	-0.765721	0.0779565	0.929296	-1.03398	0.0142739	0.909566	-0.993712	0.296747	0.0144992	-0.706484	0.27955	0.482354	-0.70405	0.0149523	0.830282	-1.02587	0.0720138	1.11468	-0.807067	0.0894407	1.47871	-0.817705	0.204518	1.46979	-0.684254	0.300448	0.0955553	-0.57994	0.215206	0.398981	-0.746363	0.390651	0.0547015	-0.984819	0.40302	0.981995	-0.87736	0.539169	1.11589	-0.674448	0.494279	0.7449	-0.756297	0.49753	1.10047	-0.633789	0.325027	0.0119707	-0.959033	0.427219	0.499664	-0.980177	0.433982	0.0258757	-1.10426	0.330204	1.01267	-0.68556	0.358548	1.30522	-0.640677	0.46815	0.889592	-0.81757	0.429637	0.438773	-0.959948	0.399713	0.0673909	-1.15299	0.450016	1.45908	-0.723657	0.505604	0.833935	-0.749754	0.546975	0.843216	-0.683873	0.333845	0.0589631	-1.16609	0.289919	0.487462	-0.984576	0.535947	0.762998	-0.662767	0.451741	1.10722	-0.652844	0.490212	1.449	-0.774892	0.363048	1.43675	-0.676447	0.305856	0.0943422	-1.03487	0.384028	0.439924	-1.03705	0.289104	1.43919	-0.861077	0.276408	1.27966	-0.663685
166	1.64078	0.288363	1.53677	-0.751327	0.284952	1.24182	-0.910799	0.197609	0.0774034	-0.561205	0.160141	0.994092	-0.885652	-0.0034226	1.13811	-0.869808	0.0922495	0.861767	-1.11125	0.0162395	1.09687	-0.831382	0.251277	0.036129	-0.502592	0.145838	0.489801	-0.73726	0.17262	0.0142084	-0.667047	0.245397	1.01888	-0.692784	0.184056	1.34485	-0.663159	0.0859552	0.899615	-0.793528	0.13969	0.424719	-0.697713	0.234374	0.0283629	-0.722851	0.102742	1.48373	-0.778229	0.0802111	0.932492	-1.05416	0.0164868	0.911579	-1.0146	0.296694	0.0144519	-0.706639	0.279536	0.482148	-0.709818	0.017599	0.833048	-1.04851	0.0724195	1.11329	-0.82344	0.090453	1.47721	-0.830379	0.205132	1.46837	-0.696382	0.300456	0.0966555	-0.58094	0.214827	0.398337	-0.750699	0.38911	0.0532208	-1.01917	0.403058	0.98029	-0.889727	0.538922	1.11457	-0.683633	0.49427	0.742505	-0.761389	0.49705	1.09958	-0.643376	0.323271	0.00984447	-0.995066	0.427362	0.497645	-0.992273	0.431311	0.0292562	-1.14034	0.331327	1.01082	-0.697522	0.358946	1.30349	-0.652434	0.468762	0.88775	-0.829912	0.42946	0.435943	-0.974979	0.397065	0.0733983	-1.18678	0.450635	1.45726	-0.735191	0.505829	0.831895	-0.756146	0.546949	0.84193	-0.690215	0.331164	0.0661366	-1.19988	0.290076	0.485401	-0.996511	0.535783	0.762021	-0.668143	0.451431	1.10623	-0.662469	0.490987	1.44715	-0.786248	0.36352	1.43493	-0.688306	0.304444	0.0957766	-1.06706	0.383798	0.440518	-1.05202	0.290053	1.4374	-0.873014	0.277156	1.2781	-0.675351
167	1.65073	0.289367	1.53496	-0.763298	0.285603	1.23995	-0.922521	0.197655	0.0788154	-0.561627	0.16014	0.992462	-0.896612	-0.00260102	1.13744	-0.885951	0.0949488	0.866189	-1.13222	0.0168972	1.09553	-0.847903	0.251366	0.0381109	-0.502683	0.145784	0.489424	-0.742626	0.172733	0.0140979	-0.666795	0.246617	1.01718	-0.704417	0.184547	1.34344	-0.675057	0.0860819	0.898595	-0.803622	0.139696	0.424788	-0.702195	0.234484	0.028405	-0.722733	0.103619	1.48222	-0.79066	0.0825393	0.935619	-1.0738	0.0187658	0.913584	-1.03495	0.296655	0.0143996	-0.706784	0.27961	0.481903	-0.715856	0.0203028	0.8358	-1.07052	0.0729514	1.11196	-0.839468	0.091513	1.47571	-0.842962	0.205831	1.46688	-0.708455	0.300475	0.0978529	-0.581954	0.214546	0.397639	-0.755251	0.387649	0.0523238	-1.05151	0.403097	0.97856	-0.902152	0.538728	1.11316	-0.692965	0.494335	0.740094	-0.766919	0.49661	1.09855	-0.653092	0.321533	0.00842764	-1.02896	0.427518	0.49555	-1.0042	0.428781	0.0327995	-1.17411	0.332464	1.0089	-0.709514	0.359409	1.30168	-0.664194	0.469363	0.885874	-0.842383	0.429294	0.433178	-0.989591	0.39462	0.0793109	-1.21836	0.451331	1.45535	-0.746742	0.506118	0.829842	-0.762888	0.546928	0.840563	-0.696864	0.328718	0.073159	-1.23143	0.290244	0.483232	-1.00818	0.5356	0.760949	-0.673915	0.451164	1.10513	-0.672227	0.491815	1.4452	-0.797641	0.36404	1.43301	-0.700201	0.303137	0.0974853	-1.09731	0.383614	0.440918	-1.06657	0.291033	1.43556	-0.884935	0.277932	1.27645	-0.687041
168	1.66067	0.290445	1.5331	-0.775225	0.286256	1.23805	-0.934286	0.197694	0.0802766	-0.56215	0.160155	0.990766	-0.907621	-0.00170206	1.13676	-0.901754	0.0977278	0.870463	-1.15249	0.0176296	1.09421	-0.86409	0.251426	0.0402421	-0.502776	0.145809	0.488999	-0.748318	0.172845	0.0139526	-0.666529	0.247854	1.01542	-0.71613	0.185086	1.34196	-0.686961	0.0862643	0.8975	-0.813855	0.139776	0.424831	-0.706999	0.234615	0.0284434	-0.722616	0.104564	1.4807	-0.803013	0.0849299	0.938649	-1.09286	0.0211006	0.915563	-1.05475	0.296632	0.0143481	-0.706915	0.279771	0.48161	-0.722208	0.0230568	0.83851	-1.09186	0.0735979	1.11068	-0.85513	0.0926184	1.47422	-0.855449	0.206613	1.46534	-0.720473	0.30049	0.0991633	-0.582996	0.214363	0.396881	-0.760057	0.386282	0.0518545	-1.08145	0.403151	0.976821	-0.914625	0.538602	1.11169	-0.702456	0.494477	0.737687	-0.772924	0.496231	1.0974	-0.662922	0.319848	0.00755944	-1.0603	0.427676	0.493463	-1.01606	0.426439	0.0362369	-1.20521	0.333612	1.00694	-0.721539	0.359935	1.29979	-0.675959	0.469961	0.883995	-0.854981	0.429137	0.430547	-1.00383	0.392426	0.0848179	-1.24748	0.452102	1.45336	-0.758314	0.506466	0.827784	-0.77	0.546918	0.83912	-0.703843	0.326547	0.0796865	-1.2605	0.290402	0.481053	-1.01974	0.535405	0.759779	-0.680114	0.450948	1.1039	-0.682131	0.492695	1.44317	-0.80908	0.364604	1.431	-0.712134	0.301937	0.0992603	-1.12534	0.38347	0.441123	-1.08074	0.292041	1.43369	-0.896842	0.278735	1.27474	-0.698753
169	1.67061	0.291593	1.53121	-0.787122	0.286916	1.23615	-0.946113	0.197703	0.0818294	-0.562807	0.160201	0.989017	-0.918724	-0.000730234	1.13609	-0.917216	0.100578	0.874561	-1.17204	0.0184256	1.0929	-0.879932	0.251452	0.0425732	-0.502915	0.145912	0.488522	-0.754397	0.172952	0.0137813	-0.666262	0.249099	1.01364	-0.727947	0.185669	1.34043	-0.698892	0.0865195	0.896333	-0.824265	0.139926	0.424848	-0.712182	0.234756	0.0284719	-0.722512	0.105571	1.47919	-0.815302	0.0873708	0.941559	-1.11131	0.0234821	0.917492	-1.07396	0.296625	0.014304	-0.707029	0.280013	0.481257	-0.728942	0.0258569	0.841146	-1.1125	0.0743478	1.10945	-0.87042	0.0937679	1.47276	-0.867848	0.207473	1.46377	-0.73245	0.300479	0.100609	-0.584106	0.214267	0.396059	-0.765175	0.385022	0.0516565	-1.10868	0.403241	0.975097	-0.927144	0.538554	1.11017	-0.712136	0.494697	0.735308	-0.779454	0.495933	1.09614	-0.672881	0.318253	0.00708144	-1.08872	0.427829	0.491467	-1.02799	0.424316	0.0392998	-1.23334	0.334761	1.00499	-0.733611	0.360525	1.29786	-0.68774	0.470566	0.882148	-0.867707	0.428991	0.428115	-1.01775	0.390496	0.0896096	-1.27391	0.45295	1.45132	-0.769921	0.506867	0.825732	-0.777517	0.546929	0.837607	-0.711197	0.324656	0.0853791	-1.28687	0.29053	0.478962	-1.03135	0.535213	0.758514	-0.686787	0.450789	1.10256	-0.692208	0.493626	1.44108	-0.82058	0.365215	1.42892	-0.724113	0.300841	0.100902	-1.15091	0.383351	0.441139	-1.09462	0.293075	1.4318	-0.908749	0.279563	1.27298	-0.710503
170	1.68056	0.292806	1.52933	-0.79902	0.287597	1.23428	-0.958038	0.197661	0.0835342	-0.563638	0.160298	0.987229	-0.929981	0.000310484	1.13542	-0.932346	0.10349	0.878457	-1.1909	0.0192779	1.0916	-0.895428	0.251436	0.0451755	-0.503162	0.146084	0.48799	-0.760942	0.17305	0.0135965	-0.666012	0.250341	1.01187	-0.739906	0.18629	1.33885	-0.710894	0.0868664	0.895101	-0.834907	0.14014	0.424852	-0.717818	0.234892	0.028486	-0.722434	0.106639	1.4777	-0.82756	0.0898509	0.944324	-1.12918	0.0259035	0.919349	-1.09259	0.296632	0.0142753	-0.707129	0.280327	0.480835	-0.73615	0.0287019	0.843676	-1.13243	0.0751907	1.10826	-0.885351	0.0949616	1.47133	-0.88019	0.208409	1.46219	-0.744422	0.300412	0.102221	-0.58535	0.214239	0.395174	-0.770684	0.383881	0.0515854	-1.13296	0.403392	0.97342	-0.939728	0.538595	1.1086	-0.722051	0.494997	0.732982	-0.786575	0.495734	1.09479	-0.683008	0.316788	0.00685011	-1.1139	0.427969	0.489644	-1.0401	0.422422	0.0417406	-1.25828	0.335898	1.00308	-0.745766	0.361172	1.2959	-0.699569	0.471191	0.880381	-0.880567	0.428857	0.425946	-1.03145	0.388814	0.0934007	-1.29749	0.453874	1.44924	-0.781591	0.507317	0.823696	-0.785491	0.546974	0.836038	-0.718991	0.323017	0.0899248	-1.31036	0.290615	0.477054	-1.04314	0.535043	0.757162	-0.694	0.450696	1.10112	-0.702509	0.49461	1.43894	-0.832168	0.365882	1.42682	-0.736154	0.299837	0.102234	-1.17382	0.383239	0.440975	-1.10829	0.294139	1.42993	-0.92069	0.280417	1.27121	-0.722326
171	1.6905	0.29408	1.52748	-0.81097	0.288318	1.23249	-0.970116	0.197546	0.0854664	-0.564696	0.160474	0.985423	-0.941475	0.00141629	1.13476	-0.947172	0.106456	0.882129	-1.20909	0.0201837	1.09031	-0.910595	0.251377	0.0481387	-0.503599	0.146309	0.487412	-0.768046	0.17314	0.0134138	-0.665792	0.251567	1.01017	-0.752061	0.186947	1.33726	-0.723029	0.0873253	0.893812	-0.845853	0.140408	0.424859	-0.723992	0.235005	0.0284835	-0.722395	0.107762	1.47625	-0.83984	0.0923612	0.946922	-1.14646	0.0283605	0.921108	-1.11063	0.296649	0.0142708	-0.70722	0.280697	0.480334	-0.743946	0.0315929	0.846071	-1.15166	0.0761173	1.10712	-0.89996	0.0962004	1.46996	-0.892526	0.209416	1.46063	-0.756441	0.300253	0.104036	-0.586818	0.214248	0.394229	-0.776684	0.38287	0.0515205	-1.15413	0.403632	0.971826	-0.952408	0.538734	1.107	-0.73227	0.495379	0.730733	-0.794368	0.495651	1.09336	-0.693375	0.31549	0.00674748	-1.13565	0.428092	0.488066	-1.0525	0.420755	0.0433539	-1.2799	0.337006	1.00126	-0.758055	0.361871	1.29395	-0.711495	0.47185	0.878748	-0.893583	0.428742	0.4241	-1.04502	0.387339	0.0959533	-1.31816	0.45487	1.44717	-0.793363	0.507813	0.821689	-0.793997	0.547068	0.834427	-0.727311	0.321577	0.0930635	-1.3309	0.29065	0.475417	-1.05525	0.534919	0.755735	-0.701837	0.450674	1.0996	-0.713102	0.495649	1.43681	-0.843884	0.366621	1.42474	-0.748278	0.298909	0.103119	-1.19397	0.383109	0.440653	-1.12185	0.295239	1.42812	-0.932712	0.281291	1.26945	-0.734276
172	1.70045	0.295414	1.52571	-0.823041	0.289101	1.23081	-0.982415	0.197339	0.087712	-0.566044	0.160758	0.983621	-0.953297	0.00258314	1.13411	-0.961736	0.109469	0.885561	-1.22667	0.0211449	1.08905	-0.925471	0.251272	0.0515673	-0.504321	0.146569	0.486797	-0.775813	0.173222	0.013251	-0.665618	0.252758	1.00856	-0.764482	0.18764	1.33567	-0.735375	0.0879167	0.892478	-0.85719	0.140715	0.424896	-0.730798	0.235079	0.0284646	-0.722409	0.108939	1.47487	-0.852213	0.0948951	0.949335	-1.16322	0.0308516	0.922747	-1.12813	0.296668	0.0143001	-0.707313	0.281103	0.479744	-0.752463	0.0345335	0.848304	-1.17023	0.0771192	1.10602	-0.914303	0.0974857	1.46867	-0.904927	0.210492	1.45912	-0.76858	0.299963	0.106096	-0.58862	0.214254	0.393231	-0.783288	0.381994	0.0513741	-1.17218	0.403989	0.97036	-0.965233	0.538977	1.10539	-0.742875	0.495846	0.728583	-0.802925	0.495692	1.09188	-0.704077	0.31439	0.00668856	-1.15388	0.428195	0.486798	-1.06533	0.419301	0.0439942	-1.2982	0.338065	0.999588	-0.770546	0.362613	1.29205	-0.723582	0.472558	0.877311	-0.906786	0.428649	0.422631	-1.05857	0.386017	0.0970968	-1.33593	0.455939	1.44514	-0.805293	0.508354	0.819726	-0.803121	0.547231	0.832793	-0.736257	0.320269	0.0946082	-1.34849	0.290631	0.474127	-1.06775	0.534865	0.754252	-0.710394	0.450728	1.09801	-0.724075	0.496748	1.4347	-0.855776	0.367452	1.42274	-0.760515	0.298038	0.103468	-1.21133	0.382932	0.440201	-1.13539	0.296386	1.4264	-0.944884	0.282184	1.26773	-0.746427
173	1.71039	0.296808	1.52407	-0.835314	0.289969	1.2293	-0.995017	0.197027	0.0903604	-0.567747	0.161183	0.981849	-0.965551	0.00380627	1.13346	-0.976095	0.112521	0.888745	-1.24371	0.0221669	1.08783	-0.940109	0.251125	0.0555721	-0.505433	0.146839	0.486163	-0.784353	0.173301	0.0131274	-0.665503	0.253898	1.00708	-0.777247	0.188375	1.33411	-0.74802	0.0886598	0.89111	-0.869013	0.141045	0.424995	-0.738335	0.235095	0.0284317	-0.722486	0.110167	1.47358	-0.864762	0.0974492	0.951551	-1.17951	0.0333777	0.924245	-1.14514	0.296681	0.0143731	-0.707418	0.281523	0.47906	-0.761841	0.0375288	0.850356	-1.1882	0.0781891	1.10498	-0.928457	0.0988185	1.46747	-0.917477	0.211636	1.45768	-0.780925	0.299501	0.108442	-0.590877	0.214213	0.392191	-0.790617	0.381258	0.0510956	-1.18717	0.404493	0.969068	-0.978267	0.53933	1.10378	-0.75396	0.496402	0.726549	-0.812339	0.495863	1.09036	-0.715227	0.313514	0.00662429	-1.16865	0.428275	0.485889	-1.07866	0.418041	0.043588	-1.31328	0.339053	0.998109	-0.78332	0.363387	1.29024	-0.735909	0.473331	0.876134	-0.920218	0.428586	0.421582	-1.07223	0.384786	0.0967421	-1.35092	0.457077	1.44319	-0.817442	0.508945	0.817819	-0.812958	0.547478	0.831156	-0.745936	0.31902	0.0944604	-1.36323	0.290561	0.473244	-1.0807	0.534908	0.75273	-0.71977	0.450864	1.09638	-0.735525	0.497913	1.43267	-0.867903	0.368404	1.42087	-0.772896	0.297206	0.103243	-1.22597	0.382682	0.439654	-1.149	0.297592	1.42482	-0.95728	0.283092	1.26611	-0.758863
174	1.72034	0.298262	1.52259	-0.847877	0.290947	1.22799	-1.008	0.196601	0.093496	-0.569872	0.161781	0.980132	-0.978336	0.00507984	1.13283	-0.990315	0.115609	0.891676	-1.26029	0.0232576	1.08665	-0.954575	0.250941	0.0602602	-0.507036	0.147093	0.485533	-0.793769	0.173382	0.0130623	-0.665457	0.254971	1.00578	-0.790432	0.18916	1.33261	-0.761052	0.0895711	0.889724	-0.881414	0.14138	0.425192	-0.746692	0.235041	0.0283885	-0.722636	0.111445	1.4724	-0.877575	0.100023	0.953564	-1.1954	0.0359417	0.925588	-1.16171	0.296678	0.0144988	-0.707547	0.281933	0.478276	-0.772212	0.0405844	0.852213	-1.20564	0.0793207	1.10399	-0.942507	0.100199	1.46638	-0.93027	0.212847	1.45636	-0.793565	0.298829	0.111114	-0.593708	0.214079	0.39112	-0.798786	0.38066	0.0506714	-1.19929	0.405168	0.967998	-0.991575	0.539792	1.10218	-0.76562	0.497051	0.724645	-0.822696	0.496162	1.08882	-0.726942	0.312875	0.00653954	-1.18013	0.428335	0.485375	-1.09257	0.416956	0.0421372	-1.32535	0.339949	0.996864	-0.796461	0.364183	1.28854	-0.748557	0.474185	0.875279	-0.933927	0.428559	0.42098	-1.0861	0.383584	0.0948886	-1.36331	0.458282	1.44135	-0.829879	0.509588	0.815982	-0.8236	0.547827	0.829538	-0.756449	0.317761	0.092616	-1.3753	0.290446	0.472809	-1.09413	0.53507	0.751193	-0.73006	0.451086	1.09474	-0.74755	0.499147	1.43075	-0.880323	0.369506	1.4192	-0.785456	0.296395	0.102461	-1.23806	0.382331	0.439056	-1.16276	0.298872	1.42342	-0.969984	0.284009	1.26461	-0.771671
175	1.73028	0.299775	1.52132	-0.860809	0.292051	1.22693	-1.02145	0.196058	0.0971879	-0.572477	0.162579	0.978498	-0.991734	0.00639655	1.13219	-1.00446	0.118728	0.894361	-1.27651	0.024425	1.08553	-0.968942	0.25073	0.0657211	-0.509219	0.147307	0.484929	-0.804142	0.173472	0.0130733	-0.665486	0.255963	1.00466	-0.804105	0.190008	1.3312	-0.774545	0.0906618	0.888333	-0.894471	0.141705	0.425521	-0.755942	0.234906	0.02834	-0.72286	0.112771	1.47135	-0.890734	0.102616	0.955373	-1.21099	0.0385468	0.926766	-1.17794	0.296648	0.0146847	-0.707712	0.282312	0.477393	-0.783685	0.0437052	0.853871	-1.22264	0.0805079	1.10306	-0.956544	0.101626	1.46542	-0.943393	0.214123	1.45519	-0.806582	0.297918	0.114142	-0.597218	0.213807	0.390034	-0.807889	0.380196	0.0501197	-1.20884	0.406032	0.967193	-1.00522	0.540364	1.10062	-0.777937	0.497796	0.72288	-0.834059	0.496585	1.08727	-0.739325	0.312478	0.00644667	-1.18863	0.428375	0.485271	-1.10711	0.416025	0.039716	-1.3347	0.340734	0.995886	-0.810042	0.364988	1.28699	-0.761602	0.475131	0.8748	-0.947956	0.428573	0.420838	-1.10028	0.382357	0.0916213	-1.3734	0.459547	1.43967	-0.842663	0.510289	0.814224	-0.835119	0.548289	0.827957	-0.767877	0.316435	0.0891647	-1.38495	0.290295	0.472843	-1.10801	0.535367	0.749661	-0.741333	0.451396	1.0931	-0.760232	0.500455	1.42897	-0.89309	0.370785	1.41778	-0.798221	0.29559	0.101186	-1.24784	0.381862	0.438453	-1.17673	0.300237	1.42224	-0.983069	0.284932	1.26327	-0.784931
176	1.74022	0.301348	1.52028	-0.874168	0.293293	1.22615	-1.0354	0.195403	0.101477	-0.575599	0.163593	0.976968	-1.00579	0.00774722	1.13156	-1.01859	0.121871	0.89681	-1.29245	0.0256754	1.08449	-0.983275	0.2505	0.0720087	-0.512042	0.147459	0.484375	-0.815514	0.173579	0.0131745	-0.665593	0.256865	1.00376	-0.818304	0.190932	1.3299	-0.788544	0.0919349	0.886951	-0.908225	0.142004	0.42601	-0.766115	0.234685	0.0282909	-0.723159	0.11414	1.47044	-0.904293	0.105231	0.956988	-1.22636	0.0411942	0.927779	-1.19388	0.296584	0.0149354	-0.707922	0.28264	0.476414	-0.796317	0.0468923	0.855335	-1.23928	0.0817446	1.1022	-0.970642	0.103095	1.4646	-0.956908	0.215462	1.45418	-0.820034	0.296748	0.11754	-0.601478	0.213365	0.388948	-0.817975	0.379856	0.0494822	-1.21619	0.407093	0.966683	-1.01925	0.541039	1.09909	-0.790958	0.498637	0.721256	-0.846448	0.497118	1.08574	-0.752445	0.312313	0.00637601	-1.19454	0.4284	0.485574	-1.12227	0.415231	0.0364621	-1.34173	0.341396	0.995195	-0.824111	0.365792	1.28562	-0.775091	0.476175	0.874731	-0.962331	0.428633	0.421149	-1.11483	0.381064	0.0871067	-1.38149	0.460867	1.43816	-0.855832	0.51105	0.812556	-0.847549	0.548871	0.826432	-0.780257	0.314999	0.0842846	-1.39251	0.290117	0.473346	-1.12232	0.535809	0.748155	-0.753616	0.451796	1.09149	-0.773619	0.501838	1.42736	-0.906234	0.372263	1.41667	-0.811203	0.29478	0.0995155	-1.25562	0.381262	0.437889	-1.19095	0.301694	1.4213	-0.996583	0.285856	1.26211	-0.798691
177	1.75017	0.302974	1.51948	-0.887962	0.294674	1.22565	-1.04985	0.194648	0.106361	-0.57924	0.164825	0.975559	-1.0205	0.00912003	1.13093	-1.03273	0.125031	0.899045	-1.30817	0.0270088	1.08353	-0.99761	0.250264	0.0791191	-0.51552	0.147535	0.483889	-0.827854	0.173709	0.0133737	-0.665776	0.257673	1.00306	-0.833012	0.191942	1.32873	-0.803038	0.0933816	0.88559	-0.922658	0.142268	0.426677	-0.777179	0.234381	0.0282456	-0.723524	0.115547	1.46969	-0.918263	0.107863	0.958423	-1.24156	0.0438803	0.928634	-1.20961	0.296481	0.0152511	-0.708182	0.282903	0.475348	-0.810081	0.0501391	0.856617	-1.25565	0.0830221	1.10142	-0.984844	0.104599	1.46393	-0.97083	0.216857	1.45334	-0.833928	0.295319	0.121295	-0.606505	0.212734	0.387877	-0.829027	0.379626	0.0488137	-1.22174	0.408345	0.966482	-1.03365	0.541805	1.09762	-0.804673	0.49957	0.719769	-0.859811	0.497747	1.08423	-0.766303	0.312361	0.00636469	-1.19834	0.428411	0.486254	-1.138	0.414556	0.0325659	-1.34687	0.341926	0.994789	-0.838666	0.366584	1.28444	-0.789026	0.477317	0.875083	-0.977039	0.428741	0.421879	-1.12976	0.379682	0.0815845	-1.38798	0.462231	1.43684	-0.869383	0.511871	0.810981	-0.860856	0.549571	0.824976	-0.793555	0.313436	0.0782363	-1.39837	0.289922	0.474288	-1.13694	0.536395	0.746691	-0.766865	0.45228	1.08992	-0.787698	0.503291	1.42594	-0.919745	0.373946	1.41588	-0.824381	0.29396	0.0975717	-1.26177	0.380535	0.437401	-1.20541	0.303243	1.42062	-1.01053	0.286774	1.26116	-0.812951
178	1.76011	0.304643	1.51892	-0.902144	0.296182	1.22542	-1.06474	0.193813	0.111791	-0.583364	0.166261	0.974281	-1.03577	0.0105014	1.1303	-1.04686	0.128192	0.901089	-1.32371	0.0284185	1.08266	-1.01195	0.25003	0.0869852	-0.51962	0.147528	0.483484	-0.841056	0.173863	0.0136712	-0.666028	0.258387	1.00256	-0.848157	0.193039	1.32771	-0.817958	0.0949814	0.884263	-0.937681	0.142488	0.427524	-0.789033	0.234001	0.0282071	-0.723946	0.116982	1.46908	-0.932594	0.110505	0.959698	-1.25662	0.0465942	0.929346	-1.22514	0.296337	0.0156275	-0.708494	0.283095	0.474212	-0.82486	0.0534302	0.857737	-1.27176	0.0843295	1.10072	-0.999144	0.106126	1.46339	-0.985118	0.218298	1.45268	-0.848215	0.29365	0.125369	-0.612254	0.211911	0.386835	-0.840948	0.379489	0.0481682	-1.22594	0.409768	0.966582	-1.04837	0.542647	1.09622	-0.819004	0.500584	0.718411	-0.874023	0.498451	1.08276	-0.780829	0.312591	0.00644482	-1.20054	0.428414	0.487264	-1.15418	0.413983	0.028237	-1.35058	0.342328	0.99465	-0.853643	0.367355	1.28346	-0.803352	0.478546	0.875836	-0.992019	0.428895	0.422975	-1.14503	0.378204	0.0753289	-1.39324	0.463626	1.43571	-0.88326	0.512746	0.809502	-0.874932	0.550378	0.8236	-0.807662	0.311744	0.0713211	-1.4029	0.289719	0.47562	-1.15177	0.537112	0.745284	-0.780959	0.452842	1.08842	-0.802387	0.504803	1.42471	-0.933563	0.375827	1.41543	-0.837698	0.29313	0.0954794	-1.26666	0.37969	0.437017	-1.22006	0.304876	1.42019	-1.02485	0.28768	1.26041	-0.827648
179	1.77006	0.306346	1.5186	-0.91665	0.297803	1.22545	-1.07999	0.19291	0.117712	-0.587927	0.167883	0.973135	-1.05151	0.0118812	1.12967	-1.06095	0.131341	0.902958	-1.33904	0.0298958	1.08187	-1.02626	0.249804	0.095531	-0.524292	0.147437	0.483164	-0.85501	0.174044	0.0140631	-0.666341	0.25901	1.00224	-0.863657	0.194221	1.32683	-0.833224	0.0967151	0.882977	-0.953202	0.142664	0.428544	-0.801575	0.233555	0.0281768	-0.724415	0.118434	1.46861	-0.947225	0.113146	0.960828	-1.27152	0.049325	0.929927	-1.24047	0.296152	0.0160594	-0.708855	0.283214	0.473018	-0.84053	0.0567507	0.85871	-1.28763	0.085658	1.10009	-1.01351	0.107665	1.46298	-0.999714	0.219775	1.4522	-0.862831	0.291764	0.129722	-0.618667	0.210904	0.385829	-0.853636	0.379433	0.0475783	-1.22907	0.411344	0.966971	-1.06334	0.543551	1.09489	-0.833863	0.501669	0.717175	-0.888962	0.499214	1.08134	-0.795935	0.31298	0.00663295	-1.20147	0.428411	0.488564	-1.1707	0.413503	0.0236183	-1.35315	0.342605	0.994758	-0.868971	0.368099	1.28267	-0.818001	0.479853	0.876967	-1.00721	0.429092	0.42439	-1.16055	0.376633	0.0685327	-1.3975	0.465041	1.43477	-0.897402	0.51367	0.808118	-0.889671	0.551281	0.822309	-0.822466	0.309934	0.0637524	-1.40635	0.289513	0.477295	-1.1667	0.537948	0.743943	-0.79578	0.453472	1.087	-0.817595	0.506363	1.42367	-0.947623	0.377891	1.41529	-0.851096	0.292291	0.0933186	-1.27053	0.378741	0.436747	-1.23483	0.306581	1.42001	-1.03949	0.28857	1.25986	-0.842708
