PathFileType	4	(X/Y/Z)	DB5_P04_T02.c3d
DataRate	CameraRate	NumFrames	NumMarkers	Units	OrigDataRate	OrigDataStartFrame	OrigNumFrames
100.0	100.0	366	77	m	100.0	1	366
Frame#	Time	LFHD			RFHD			LBHD			RBHD			C7			CLAV			STRN			RBAK			T10			TR1			TR2			TR3			TR4			LSHO			LELB			LWRA			LWRB			LFIN			RSHO			RELB			RWRA			RWRB			RFIN			LASI			LPSI			RASI			RPSI			SA1			SA2			SA3			SA4			LTHI			LKNE			LT1			LT2			LT3			LT4			LTIB			LANK			LS1			LS2			LS3			LS4			LTOE			LFMH			LHEE			LF1			LF2			LF3			LF4			RTHI			RKNE			RT1			RT2			RT3			RT4			RTIB			RANK			RS1			RS2			RS3			RS4			RTOE			RFMH			RHEE			RF1			RF2			RF3			RF4			RHJC			LHJC			RKJC			LKJC			RAJC			LAJC			SACR			midASIS			
		X1	Y1	Z1	X2	Y2	Z2	X3	Y3	Z3	X4	Y4	Z4	X5	Y5	Z5	X6	Y6	Z6	X7	Y7	Z7	X8	Y8	Z8	X9	Y9	Z9	X10	Y10	Z10	X11	Y11	Z11	X12	Y12	Z12	X13	Y13	Z13	X14	Y14	Z14	X15	Y15	Z15	X16	Y16	Z16	X17	Y17	Z17	X18	Y18	Z18	X19	Y19	Z19	X20	Y20	Z20	X21	Y21	Z21	X22	Y22	Z22	X23	Y23	Z23	X24	Y24	Z24	X25	Y25	Z25	X26	Y26	Z26	X27	Y27	Z27	X28	Y28	Z28	X29	Y29	Z29	X30	Y30	Z30	X31	Y31	Z31	X32	Y32	Z32	X33	Y33	Z33	X34	Y34	Z34	X35	Y35	Z35	X36	Y36	Z36	X37	Y37	Z37	X38	Y38	Z38	X39	Y39	Z39	X40	Y40	Z40	X41	Y41	Z41	X42	Y42	Z42	X43	Y43	Z43	X44	Y44	Z44	X45	Y45	Z45	X46	Y46	Z46	X47	Y47	Z47	X48	Y48	Z48	X49	Y49	Z49	X50	Y50	Z50	X51	Y51	Z51	X52	Y52	Z52	X53	Y53	Z53	X54	Y54	Z54	X55	Y55	Z55	X56	Y56	Z56	X57	Y57	Z57	X58	Y58	Z58	X59	Y59	Z59	X60	Y60	Z60	X61	Y61	Z61	X62	Y62	Z62	X63	Y63	Z63	X64	Y64	Z64	X65	Y65	Z65	X66	Y66	Z66	X67	Y67	Z67	X68	Y68	Z68	X69	Y69	Z69	X70	Y70	Z70	X71	Y71	Z71	X72	Y72	Z72	X73	Y73	Z73	X74	Y74	Z74	X75	Y75	Z75	X76	Y76	Z76	X77	Y77	Z77	
1	0.00000	-2.12444	1.69759	-0.40809	-2.11757	1.69275	-0.28675	-2.26361	1.59828	-0.40218	-2.24387	1.60647	-0.26701	-2.27437	1.49366	-0.36540	-2.16180	1.39881	-0.35965	-2.15908	1.23015	-0.36836	-2.34624	1.38798	-0.26859	-2.34446	1.22344	-0.37675	-2.11804	1.33126	-0.35042	-2.10787	1.32932	-0.39011	-2.10744	1.26375	-0.34570	-2.08409	1.27664	-0.40027	-2.23739	1.45240	-0.55635	-2.27493	1.09301	-0.62221	-2.07419	0.91231	-0.64884	-2.13157	0.89413	-0.68923	-2.07102	0.85668	-0.70018	-2.26647	1.41746	-0.16839	-2.43831	1.11526	-0.19713	-2.43303	0.83720	-0.22683	-2.49999	0.85758	-0.20717	-2.48589	0.77912	-0.20272	-2.17790	1.03037	-0.49693	-2.35163	1.04706	-0.41598	-2.19204	1.03857	-0.24459	-2.35484	1.04409	-0.31952	-2.38012	1.05118	-0.34158	-2.37987	1.05166	-0.39042	-2.38405	0.99075	-0.34195	-2.39529	0.97853	-0.37829	-2.33524	0.62872	-0.55400	-2.36235	0.52304	-0.49087	-2.24987	0.78808	-0.55816	-2.29847	0.79485	-0.56330	-2.25748	0.72867	-0.54750	-2.32320	0.72198	-0.55302	-2.41432	0.36294	-0.52973	-2.49856	0.09552	-0.41973	-2.38536	0.35116	-0.36275	-2.35222	0.33765	-0.39887	-2.40152	0.29418	-0.35534	-2.35354	0.28887	-0.40225	-2.35745	0.04832	-0.40724	-2.35132	0.04439	-0.35963	-2.55156	0.06777	-0.37428	-2.45771	0.07767	-0.44496	-2.42596	0.10450	-0.41486	-2.40770	0.04437	-0.46053	-2.37693	0.05816	-0.44419	-2.09006	0.63945	-0.16053	-2.03507	0.53359	-0.22512	-2.11158	0.80007	-0.17986	-2.15425	0.77807	-0.16275	-2.08689	0.74655	-0.18924	-2.13322	0.70465	-0.16779	-2.01112	0.38325	-0.17419	-1.97984	0.09437	-0.25827	-1.97678	0.36114	-0.33506	-1.94194	0.36096	-0.29898	-1.97310	0.30113	-0.33944	-1.92671	0.31372	-0.29167	-1.83262	0.10304	-0.26444	-1.82052	0.10547	-0.30166	-2.01431	0.05329	-0.30881	-1.92977	0.10087	-0.22680	-1.91512	0.13528	-0.26081	-1.87094	0.09029	-0.21466	-1.84866	0.11230	-0.23503	-2.25347	0.95668	-0.28046	-2.24069	0.95382	-0.45943	-2.03475	0.53340	-0.27762	-2.35981	0.52489	-0.43847	-1.98172	0.09539	-0.29320	-2.49658	0.09925	-0.38499	-2.35324	1.04557	-0.36775	-2.18497	1.03447	-0.37076	
2	0.01000	-2.11111	1.69542	-0.40727	-2.10453	1.69046	-0.28602	-2.25090	1.59641	-0.40161	-2.23111	1.60427	-0.26644	-2.26178	1.49159	-0.36500	-2.14877	1.39651	-0.35956	-2.14531	1.22814	-0.36830	-2.33356	1.38588	-0.26832	-2.33184	1.22137	-0.37637	-2.10526	1.32933	-0.35033	-2.09506	1.32724	-0.38996	-2.09451	1.26163	-0.34551	-2.07094	1.27453	-0.39973	-2.22448	1.45055	-0.55596	-2.26105	1.09106	-0.62214	-2.06047	0.91022	-0.64888	-2.11790	0.89221	-0.68934	-2.05707	0.85450	-0.70012	-2.25391	1.41528	-0.16790	-2.42575	1.11327	-0.19822	-2.42108	0.83531	-0.22818	-2.48840	0.85591	-0.20912	-2.47468	0.77754	-0.20474	-2.16533	1.02855	-0.49678	-2.33872	1.04491	-0.41553	-2.17867	1.03677	-0.24451	-2.34156	1.04179	-0.31907	-2.36786	1.04874	-0.34056	-2.36699	1.04925	-0.38975	-2.37069	0.98838	-0.34145	-2.38201	0.97620	-0.37773	-2.32696	0.62844	-0.55451	-2.35496	0.52289	-0.49115	-2.23929	0.78671	-0.55870	-2.28807	0.79410	-0.56393	-2.24769	0.72752	-0.54811	-2.31347	0.72145	-0.55372	-2.40891	0.36351	-0.53004	-2.49750	0.09735	-0.42034	-2.38049	0.35125	-0.36325	-2.34736	0.33739	-0.39919	-2.39701	0.29444	-0.35604	-2.34949	0.28852	-0.40262	-2.35728	0.04841	-0.40743	-2.35113	0.04417	-0.35989	-2.55095	0.07039	-0.37485	-2.45687	0.07830	-0.44538	-2.42330	0.10376	-0.41489	-2.40715	0.04442	-0.46064	-2.37632	0.05801	-0.44435	-2.08324	0.63498	-0.15891	-2.02666	0.52968	-0.22590	-2.10096	0.79579	-0.17947	-2.14392	0.77469	-0.16164	-2.07743	0.74207	-0.18842	-2.12413	0.70084	-0.16637	-1.99315	0.38126	-0.17516	-1.94302	0.09220	-0.26051	-1.95894	0.36111	-0.33639	-1.92395	0.36267	-0.30036	-1.95181	0.30117	-0.34053	-1.90596	0.31642	-0.29327	-1.79921	0.11040	-0.26732	-1.78822	0.11355	-0.30498	-1.97865	0.05136	-0.31038	-1.89589	0.10351	-0.22892	-1.88387	0.13799	-0.26320	-1.83643	0.09605	-0.21741	-1.81534	0.11918	-0.23811	-2.24003	0.95473	-0.28011	-2.22781	0.95185	-0.45911	-2.02465	0.53048	-0.27835	-2.35206	0.52454	-0.43876	-1.94456	0.09329	-0.29545	-2.49553	0.10104	-0.38559	-2.34014	1.04335	-0.36730	-2.17200	1.03266	-0.37064	
3	0.02000	-2.09830	1.69333	-0.40645	-2.09133	1.68815	-0.28518	-2.23787	1.59447	-0.40099	-2.21829	1.60213	-0.26583	-2.24896	1.48951	-0.36449	-2.13606	1.39478	-0.35862	-2.13266	1.22614	-0.36813	-2.32075	1.38357	-0.26800	-2.31919	1.21929	-0.37596	-2.09239	1.32755	-0.35018	-2.08215	1.32543	-0.38939	-2.08153	1.25975	-0.34500	-2.05765	1.27254	-0.39911	-2.21154	1.44877	-0.55559	-2.24715	1.08916	-0.62189	-2.04682	0.90788	-0.64868	-2.10427	0.89005	-0.68916	-2.04387	0.85237	-0.70005	-2.24113	1.41290	-0.16761	-2.41299	1.11108	-0.19911	-2.40773	0.83361	-0.22872	-2.47606	0.85398	-0.21110	-2.46152	0.77536	-0.20601	-2.15242	1.02677	-0.49676	-2.32572	1.04274	-0.41489	-2.16495	1.03503	-0.24466	-2.32828	1.03955	-0.31831	-2.35350	1.04649	-0.34016	-2.35379	1.04700	-0.38896	-2.35690	0.98596	-0.34070	-2.36857	0.97384	-0.37700	-2.31797	0.62795	-0.55498	-2.34681	0.52266	-0.49143	-2.22866	0.78550	-0.55938	-2.27737	0.79329	-0.56458	-2.23768	0.72635	-0.54885	-2.30342	0.72084	-0.55426	-2.40134	0.36385	-0.53045	-2.49638	0.09935	-0.42087	-2.37522	0.35139	-0.36355	-2.34205	0.33696	-0.39940	-2.39314	0.29484	-0.35606	-2.34507	0.28810	-0.40277	-2.35711	0.04842	-0.40745	-2.35034	0.04385	-0.36026	-2.55032	0.07333	-0.37560	-2.45605	0.07914	-0.44593	-2.42224	0.10453	-0.41560	-2.40645	0.04452	-0.46074	-2.37553	0.05789	-0.44443	-2.07669	0.63066	-0.15742	-2.01929	0.52637	-0.22661	-2.08979	0.79173	-0.17894	-2.13262	0.77128	-0.16046	-2.06710	0.73739	-0.18795	-2.11414	0.69741	-0.16510	-1.97621	0.37983	-0.17620	-1.91112	0.09356	-0.26218	-1.94237	0.36129	-0.33753	-1.90731	0.36477	-0.30187	-1.93280	0.30176	-0.34166	-1.88663	0.31952	-0.29497	-1.76779	0.11874	-0.27145	-1.75797	0.12193	-0.30856	-1.94522	0.05093	-0.31166	-1.86371	0.10699	-0.23105	-1.85376	0.14194	-0.26557	-1.80368	0.10228	-0.22048	-1.78386	0.12708	-0.24135	-2.22621	0.95281	-0.27993	-2.21457	0.94991	-0.45897	-2.01577	0.52799	-0.27896	-2.34361	0.52414	-0.43905	-1.91277	0.09464	-0.29712	-2.49496	0.10321	-0.38611	-2.32700	1.04115	-0.36660	-2.15869	1.03090	-0.37071	
4	0.03000	-2.08516	1.69125	-0.40565	-2.07850	1.68581	-0.28431	-2.22501	1.59257	-0.40036	-2.20549	1.60004	-0.26518	-2.23626	1.48744	-0.36393	-2.12297	1.39269	-0.35799	-2.11872	1.22422	-0.36783	-2.30790	1.38115	-0.26766	-2.30631	1.21717	-0.37538	-2.07951	1.32573	-0.34998	-2.06898	1.32353	-0.38859	-2.06906	1.25886	-0.34413	-2.04418	1.27065	-0.39844	-2.19864	1.44697	-0.55501	-2.23456	1.08753	-0.62160	-2.03369	0.90525	-0.64813	-2.09112	0.88786	-0.68897	-2.03075	0.84988	-0.69983	-2.22837	1.41041	-0.16715	-2.39992	1.10872	-0.19982	-2.39434	0.83179	-0.22922	-2.46302	0.85174	-0.21263	-2.44889	0.77318	-0.20714	-2.13971	1.02497	-0.49681	-2.31257	1.04057	-0.41404	-2.15119	1.03317	-0.24455	-2.31468	1.03728	-0.31752	-2.34032	1.04424	-0.33915	-2.34052	1.04470	-0.38803	-2.34324	0.98364	-0.33984	-2.35497	0.97148	-0.37609	-2.30865	0.62746	-0.55546	-2.33832	0.52241	-0.49173	-2.21763	0.78422	-0.55969	-2.26666	0.79241	-0.56494	-2.22739	0.72516	-0.54963	-2.29317	0.72021	-0.55466	-2.39483	0.36426	-0.53061	-2.49497	0.10156	-0.42139	-2.36946	0.35136	-0.36379	-2.33647	0.33639	-0.39938	-2.38802	0.29519	-0.35675	-2.34049	0.28763	-0.40294	-2.35694	0.04834	-0.40755	-2.35026	0.04374	-0.36031	-2.54949	0.07652	-0.37628	-2.45476	0.08016	-0.44648	-2.42085	0.10539	-0.41620	-2.40573	0.04477	-0.46083	-2.37461	0.05779	-0.44447	-2.06982	0.62630	-0.15670	-2.00767	0.52227	-0.22685	-2.07747	0.78776	-0.17881	-2.12030	0.76822	-0.15909	-2.05590	0.73308	-0.18785	-2.10268	0.69376	-0.16403	-1.95997	0.37858	-0.17730	-1.88151	0.09546	-0.26428	-1.92670	0.36187	-0.33876	-1.89152	0.36692	-0.30334	-1.91385	0.30262	-0.34338	-1.86861	0.32275	-0.29657	-1.73944	0.12694	-0.27408	-1.72997	0.12988	-0.31232	-1.91429	0.05157	-0.31350	-1.83375	0.11071	-0.23343	-1.82580	0.14622	-0.26786	-1.77354	0.10831	-0.22360	-1.75523	0.13319	-0.24482	-2.21241	0.95081	-0.27962	-2.20152	0.94796	-0.45871	-2.00136	0.52531	-0.27888	-2.33491	0.52372	-0.43936	-1.88210	0.09696	-0.29924	-2.49369	0.10546	-0.38663	-2.31362	1.03892	-0.36578	-2.14545	1.02907	-0.37068	
5	0.04000	-2.07188	1.68925	-0.40477	-2.06487	1.68438	-0.28389	-2.21207	1.59075	-0.39960	-2.19252	1.59805	-0.26442	-2.22336	1.48547	-0.36317	-2.10970	1.39076	-0.35747	-2.10481	1.22244	-0.36780	-2.29492	1.37867	-0.26727	-2.29336	1.21509	-0.37482	-2.06693	1.32384	-0.34964	-2.05559	1.32155	-0.38828	-2.05562	1.25710	-0.34406	-2.03052	1.26884	-0.39774	-2.18565	1.44532	-0.55442	-2.22088	1.08586	-0.62126	-2.02088	0.90264	-0.64770	-2.07825	0.88560	-0.68868	-2.01815	0.84727	-0.69941	-2.21555	1.40795	-0.16655	-2.38662	1.10620	-0.20028	-2.38045	0.82989	-0.22949	-2.44943	0.84926	-0.21377	-2.43549	0.77078	-0.20774	-2.12653	1.02334	-0.49691	-2.29930	1.03839	-0.41312	-2.13708	1.03128	-0.24475	-2.30099	1.03507	-0.31653	-2.32666	1.04185	-0.33808	-2.32714	1.04238	-0.38692	-2.32937	0.98128	-0.33876	-2.34122	0.96910	-0.37495	-2.29907	0.62702	-0.55579	-2.32906	0.52205	-0.49181	-2.20698	0.78342	-0.56052	-2.25561	0.79162	-0.56523	-2.21675	0.72398	-0.55028	-2.28272	0.71960	-0.55488	-2.38790	0.36479	-0.53084	-2.49174	0.10481	-0.42198	-2.36332	0.35133	-0.36389	-2.33062	0.33581	-0.39933	-2.38295	0.29551	-0.35699	-2.33546	0.28720	-0.40307	-2.35680	0.04834	-0.40753	-2.35019	0.04365	-0.36028	-2.54848	0.08001	-0.37699	-2.45339	0.08135	-0.44696	-2.42069	0.10722	-0.41749	-2.40485	0.04507	-0.46088	-2.37373	0.05773	-0.44448	-2.06142	0.62198	-0.15738	-1.99707	0.51927	-0.22746	-2.06412	0.78390	-0.17824	-2.10715	0.76519	-0.15782	-2.04398	0.72897	-0.18776	-2.09100	0.69046	-0.16326	-1.94440	0.37714	-0.17824	-1.85477	0.09755	-0.26688	-1.91152	0.36254	-0.33956	-1.87652	0.36889	-0.30424	-1.89683	0.30384	-0.34441	-1.85163	0.32575	-0.29795	-1.71279	0.13273	-0.27895	-1.70475	0.13702	-0.31577	-1.88633	0.05299	-0.31608	-1.80683	0.11407	-0.23630	-1.80034	0.15005	-0.27031	-1.74660	0.11351	-0.22685	-1.72883	0.13961	-0.24803	-2.19821	0.94880	-0.27959	-2.18799	0.94613	-0.45873	-1.98885	0.52326	-0.27916	-2.32512	0.52315	-0.43947	-1.85480	0.09941	-0.30183	-2.49033	0.10863	-0.38722	-2.30014	1.03673	-0.36482	-2.13181	1.02731	-0.37083	
6	0.05000	-2.05879	1.68742	-0.40385	-2.05225	1.68165	-0.28254	-2.19911	1.58902	-0.39883	-2.17969	1.59620	-0.26364	-2.21044	1.48356	-0.36236	-2.09643	1.38906	-0.35665	-2.09246	1.22069	-0.36732	-2.28198	1.37620	-0.26678	-2.28008	1.21307	-0.37419	-2.05241	1.32182	-0.34790	-2.04237	1.32021	-0.38754	-2.04202	1.25558	-0.34346	-2.01863	1.26963	-0.39942	-2.17292	1.44375	-0.55371	-2.20729	1.08428	-0.62077	-2.00824	0.89975	-0.64697	-2.06575	0.88327	-0.68821	-2.00585	0.84452	-0.69869	-2.20238	1.40544	-0.16601	-2.37297	1.10351	-0.20053	-2.36574	0.82838	-0.22906	-2.43539	0.84684	-0.21483	-2.42122	0.76814	-0.20803	-2.11314	1.02172	-0.49729	-2.28581	1.03618	-0.41212	-2.12287	1.02958	-0.24493	-2.28787	1.03301	-0.31542	-2.31380	1.03969	-0.33692	-2.31362	1.04006	-0.38580	-2.31542	0.97896	-0.33766	-2.32731	0.96672	-0.37384	-2.28908	0.62649	-0.55594	-2.31928	0.52168	-0.49191	-2.19552	0.78205	-0.56092	-2.24436	0.79081	-0.56537	-2.20581	0.72315	-0.55075	-2.27188	0.71895	-0.55488	-2.38035	0.36523	-0.53094	-2.48989	0.10740	-0.42283	-2.35842	0.35158	-0.36390	-2.32420	0.33517	-0.39926	-2.37753	0.29589	-0.35725	-2.33215	0.28607	-0.40290	-2.35656	0.04840	-0.40764	-2.35012	0.04356	-0.36028	-2.54746	0.08387	-0.37786	-2.45177	0.08252	-0.44757	-2.41925	0.10865	-0.41831	-2.40386	0.04517	-0.46099	-2.37267	0.05760	-0.44455	-2.05091	0.61804	-0.15884	-1.98569	0.51652	-0.22802	-2.05045	0.78087	-0.17737	-2.09356	0.76285	-0.15704	-2.03139	0.72551	-0.18770	-2.07916	0.68796	-0.16316	-1.92974	0.37569	-0.17874	-1.83103	0.09886	-0.26984	-1.89669	0.36328	-0.34024	-1.86189	0.37048	-0.30489	-1.87908	0.30518	-0.34561	-1.83558	0.32805	-0.29885	-1.69010	0.13747	-0.28249	-1.68239	0.14309	-0.31865	-1.86156	0.05447	-0.31934	-1.78238	0.11644	-0.23936	-1.77751	0.15308	-0.27277	-1.72258	0.11707	-0.23024	-1.70662	0.14358	-0.25074	-2.18386	0.94691	-0.27967	-2.17423	0.94431	-0.45883	-1.97624	0.52110	-0.27946	-2.31480	0.52257	-0.43961	-1.83055	0.10113	-0.30476	-2.48858	0.11121	-0.38806	-2.28684	1.03460	-0.36377	-2.11800	1.02565	-0.37111	
7	0.06000	-2.05234	1.68557	-0.40287	-2.04471	1.67958	-0.28097	-2.18611	1.58740	-0.39788	-2.16670	1.59445	-0.26272	-2.19751	1.48173	-0.36134	-2.08276	1.38716	-0.35637	-2.07800	1.21920	-0.36714	-2.26949	1.37361	-0.26604	-2.26655	1.21105	-0.37348	-2.03878	1.31937	-0.34610	-2.02880	1.31874	-0.38697	-2.02840	1.25404	-0.34254	-2.00587	1.26985	-0.40084	-2.15982	1.44226	-0.55290	-2.19380	1.08277	-0.62013	-1.99605	0.89683	-0.64618	-2.05346	0.88082	-0.68765	-1.99390	0.84163	-0.69801	-2.18941	1.40297	-0.16521	-2.35881	1.10063	-0.20051	-2.35017	0.82562	-0.22859	-2.42035	0.84378	-0.21528	-2.40612	0.76527	-0.20791	-2.10009	1.01997	-0.49764	-2.27214	1.03392	-0.41111	-2.10865	1.02797	-0.24516	-2.27389	1.03090	-0.31450	-2.29999	1.03738	-0.33585	-2.29995	1.03770	-0.38473	-2.30128	0.97661	-0.33656	-2.31324	0.96431	-0.37268	-2.27889	0.62605	-0.55602	-2.30884	0.52112	-0.49195	-2.18369	0.78079	-0.56097	-2.23281	0.78991	-0.56512	-2.19458	0.72197	-0.55091	-2.26067	0.71825	-0.55468	-2.37228	0.36562	-0.53111	-2.48856	0.11001	-0.42348	-2.35113	0.35144	-0.36407	-2.31748	0.33449	-0.39926	-2.37168	0.29622	-0.35740	-2.32667	0.28549	-0.40305	-2.35630	0.04834	-0.40768	-2.35022	0.04374	-0.36006	-2.54606	0.08797	-0.37889	-2.45008	0.08391	-0.44816	-2.41726	0.10961	-0.41908	-2.40325	0.04526	-0.46118	-2.37151	0.05727	-0.44467	-2.03789	0.61493	-0.16061	-1.97386	0.51427	-0.22816	-2.03635	0.77895	-0.17705	-2.07971	0.76114	-0.15670	-2.01787	0.72345	-0.18725	-2.06623	0.68615	-0.16339	-1.91520	0.37414	-0.17955	-1.81156	0.10043	-0.27231	-1.88195	0.36378	-0.34072	-1.84726	0.37139	-0.30551	-1.86307	0.30610	-0.34674	-1.82025	0.32949	-0.29956	-1.66842	0.13919	-0.28610	-1.66251	0.14716	-0.32143	-1.84020	0.05540	-0.32270	-1.76169	0.11738	-0.24197	-1.75777	0.15484	-0.27469	-1.70182	0.11896	-0.23322	-1.68647	0.14634	-0.25318	-2.16955	0.94509	-0.27959	-2.16077	0.94241	-0.45880	-1.96426	0.51889	-0.27957	-2.30364	0.52172	-0.43971	-1.81112	0.10292	-0.30722	-2.48738	0.11382	-0.38871	-2.27302	1.03241	-0.36281	-2.10437	1.02397	-0.37140	
8	0.07000	-2.03921	1.68404	-0.40198	-2.03166	1.67792	-0.27997	-2.17310	1.58582	-0.39688	-2.15364	1.59282	-0.26167	-2.18436	1.47998	-0.36031	-2.06938	1.38592	-0.35503	-2.06511	1.21773	-0.36672	-2.25610	1.37126	-0.26513	-2.25293	1.20921	-0.37290	-2.02477	1.31753	-0.34537	-2.01504	1.31725	-0.38691	-2.01439	1.25272	-0.34263	-1.99263	1.26908	-0.40112	-2.14684	1.44093	-0.55206	-2.18046	1.08149	-0.61943	-1.98417	0.89394	-0.64534	-2.04132	0.87846	-0.68697	-1.98252	0.83866	-0.69709	-2.17589	1.40056	-0.16443	-2.34440	1.09766	-0.20020	-2.33419	0.82289	-0.22750	-2.40546	0.84077	-0.21557	-2.39023	0.76224	-0.20741	-2.08656	1.01821	-0.49795	-2.25836	1.03186	-0.41036	-2.09425	1.02652	-0.24551	-2.25975	1.02890	-0.31362	-2.28601	1.03518	-0.33493	-2.28610	1.03535	-0.38386	-2.28702	0.97437	-0.33549	-2.29900	0.96194	-0.37156	-2.26825	0.62572	-0.55600	-2.29771	0.52039	-0.49182	-2.17165	0.77960	-0.56120	-2.22082	0.78910	-0.56468	-2.18291	0.72080	-0.55120	-2.24902	0.71752	-0.55427	-2.36367	0.36600	-0.53114	-2.48866	0.11203	-0.42425	-2.34378	0.35124	-0.36425	-2.31003	0.33359	-0.39919	-2.36554	0.29665	-0.35762	-2.32025	0.28493	-0.40316	-2.35603	0.04835	-0.40760	-2.35013	0.04369	-0.36002	-2.54442	0.09249	-0.38008	-2.44807	0.08555	-0.44908	-2.41512	0.11052	-0.42002	-2.40209	0.04583	-0.46143	-2.37022	0.05717	-0.44473	-2.02304	0.61355	-0.16119	-1.96082	0.51265	-0.22852	-2.02196	0.77801	-0.17668	-2.06560	0.76028	-0.15688	-2.00340	0.72249	-0.18681	-2.05193	0.68527	-0.16359	-1.90128	0.37243	-0.18046	-1.79434	0.10015	-0.27479	-1.86721	0.36362	-0.34147	-1.83281	0.37135	-0.30608	-1.84772	0.30626	-0.34769	-1.80541	0.32969	-0.30025	-1.65179	0.14064	-0.28858	-1.64569	0.14929	-0.32372	-1.82225	0.05521	-0.32552	-1.74400	0.11674	-0.24425	-1.74076	0.15485	-0.27626	-1.68417	0.11901	-0.23583	-1.66939	0.14691	-0.25578	-2.15504	0.94343	-0.27959	-2.14688	0.94053	-0.45882	-1.95198	0.51693	-0.28010	-2.29160	0.52066	-0.43967	-1.79393	0.10280	-0.30969	-2.48771	0.11588	-0.38948	-2.25905	1.03038	-0.36199	-2.09040	1.02236	-0.37173	
9	0.08000	-2.02620	1.68258	-0.40084	-2.01831	1.67650	-0.27910	-2.16006	1.58432	-0.39573	-2.14058	1.59131	-0.26054	-2.17111	1.47838	-0.35922	-2.05559	1.38439	-0.35449	-2.05448	1.21627	-0.36690	-2.24254	1.36906	-0.26415	-2.23914	1.20752	-0.37235	-2.01121	1.31632	-0.34541	-2.00130	1.31618	-0.38656	-2.00028	1.25120	-0.34286	-1.98073	1.26832	-0.40191	-2.13361	1.43981	-0.55113	-2.16731	1.08036	-0.61854	-1.97272	0.89096	-0.64434	-2.03007	0.87618	-0.68613	-1.97152	0.83576	-0.69615	-2.16210	1.39815	-0.16350	-2.32965	1.09463	-0.19969	-2.31686	0.81888	-0.22607	-2.38929	0.83743	-0.21522	-2.37364	0.75912	-0.20652	-2.07254	1.01652	-0.49817	-2.24412	1.02961	-0.40961	-2.07982	1.02547	-0.24555	-2.24544	1.02704	-0.31297	-2.27185	1.03313	-0.33412	-2.27200	1.03310	-0.38304	-2.27255	0.97232	-0.33449	-2.28453	0.95964	-0.37047	-2.25755	0.62542	-0.55583	-2.28596	0.51962	-0.49166	-2.15952	0.77800	-0.56102	-2.20848	0.78786	-0.56373	-2.17092	0.71940	-0.55125	-2.23673	0.71668	-0.55356	-2.35451	0.36642	-0.53128	-2.48626	0.11548	-0.42541	-2.33577	0.35114	-0.36428	-2.30232	0.33276	-0.39909	-2.35948	0.29693	-0.35743	-2.31359	0.28428	-0.40311	-2.35557	0.04839	-0.40761	-2.35002	0.04363	-0.36004	-2.54259	0.09757	-0.38149	-2.44411	0.08810	-0.44992	-2.41204	0.11230	-0.42068	-2.40074	0.04646	-0.46174	-2.36866	0.05724	-0.44471	-2.00658	0.61394	-0.16090	-1.94680	0.51156	-0.22910	-2.00676	0.77784	-0.17671	-2.05032	0.75993	-0.15720	-1.98793	0.72229	-0.18695	-2.03658	0.68503	-0.16368	-1.88823	0.37038	-0.18136	-1.78011	0.09883	-0.27681	-1.85266	0.36274	-0.34239	-1.81839	0.37032	-0.30684	-1.83318	0.30538	-0.34893	-1.79099	0.32858	-0.30112	-1.63769	0.13963	-0.29114	-1.63158	0.14848	-0.32600	-1.80783	0.05390	-0.32759	-1.72869	0.11447	-0.24659	-1.72639	0.15332	-0.27816	-1.66948	0.11756	-0.23824	-1.65451	0.14543	-0.25810	-2.14031	0.94203	-0.27939	-2.13246	0.93869	-0.45863	-1.93958	0.51515	-0.28098	-2.27862	0.51942	-0.43968	-1.77971	0.10158	-0.31170	-2.48531	0.11926	-0.39063	-2.24478	1.02833	-0.36129	-2.07618	1.02100	-0.37186	
10	0.09000	-2.01341	1.68144	-0.39967	-2.00557	1.67524	-0.27774	-2.14702	1.58297	-0.39445	-2.12744	1.58997	-0.25926	-2.15770	1.47693	-0.35801	-2.04171	1.38315	-0.35366	-2.03823	1.21520	-0.36706	-2.22883	1.36705	-0.26309	-2.22511	1.20589	-0.37192	-1.99719	1.31481	-0.34460	-1.98732	1.31524	-0.38595	-1.98609	1.25003	-0.34262	-1.96611	1.26804	-0.40202	-2.12006	1.43885	-0.55018	-2.15432	1.07949	-0.61754	-1.96157	0.88804	-0.64325	-2.01895	0.87394	-0.68520	-1.96092	0.83282	-0.69503	-2.14850	1.39602	-0.16259	-2.31451	1.09161	-0.19899	-2.29965	0.81576	-0.22478	-2.37219	0.83399	-0.21445	-2.35626	0.75590	-0.20528	-2.05775	1.01482	-0.49812	-2.22966	1.02750	-0.40895	-2.06520	1.02464	-0.24544	-2.23091	1.02535	-0.31222	-2.25743	1.03119	-0.33337	-2.25760	1.03099	-0.38251	-2.25789	0.97046	-0.33364	-2.26984	0.95760	-0.36955	-2.24452	0.62468	-0.55511	-2.27347	0.51880	-0.49155	-2.14652	0.77692	-0.56065	-2.19585	0.78721	-0.56281	-2.15836	0.71832	-0.55114	-2.22418	0.71601	-0.55292	-2.34453	0.36681	-0.53138	-2.48324	0.11924	-0.42656	-2.32704	0.35087	-0.36456	-2.29391	0.33201	-0.39913	-2.35231	0.29750	-0.35771	-2.30653	0.28374	-0.40305	-2.35507	0.04846	-0.40771	-2.34988	0.04360	-0.36003	-2.53700	0.10186	-0.38290	-2.44369	0.08946	-0.45115	-2.40891	0.11322	-0.42199	-2.39941	0.04702	-0.46199	-2.36708	0.05704	-0.44481	-1.99005	0.61469	-0.16100	-1.93117	0.51098	-0.23016	-1.99068	0.77792	-0.17694	-2.03411	0.75988	-0.15733	-1.97156	0.72262	-0.18739	-2.01980	0.68496	-0.16407	-1.87502	0.36812	-0.18275	-1.76867	0.09642	-0.27831	-1.83820	0.36107	-0.34401	-1.80406	0.36811	-0.30800	-1.81932	0.30345	-0.35044	-1.77693	0.32610	-0.30252	-1.62591	0.13637	-0.29354	-1.61917	0.14472	-0.32897	-1.79684	0.05157	-0.32907	-1.71760	0.11257	-0.24826	-1.71455	0.15073	-0.28024	-1.65759	0.11458	-0.24053	-1.64308	0.14252	-0.26051	-2.12532	0.94083	-0.27907	-2.11737	0.93689	-0.45829	-1.92497	0.51428	-0.28219	-2.26596	0.51845	-0.43959	-1.76806	0.09926	-0.31319	-2.48258	0.12308	-0.39178	-2.23028	1.02642	-0.36058	-2.06148	1.01973	-0.37178	
11	0.10000	-2.00047	1.68044	-0.39837	-1.99254	1.67406	-0.27639	-2.13402	1.58168	-0.39313	-2.11559	1.58870	-0.25806	-2.14422	1.47553	-0.35685	-2.02770	1.38200	-0.35302	-2.02537	1.21404	-0.36659	-2.21499	1.36520	-0.26200	-2.21083	1.20434	-0.37161	-1.98320	1.31364	-0.34392	-1.97307	1.31434	-0.38544	-1.97183	1.24908	-0.34240	-1.95308	1.26741	-0.40221	-2.10659	1.43810	-0.54916	-2.14150	1.07885	-0.61645	-1.95093	0.88538	-0.64214	-2.00847	0.87187	-0.68405	-1.95099	0.83006	-0.69379	-2.13494	1.39404	-0.16161	-2.29882	1.08846	-0.19792	-2.28173	0.81271	-0.22321	-2.35464	0.83046	-0.21339	-2.33814	0.75262	-0.20363	-2.04294	1.01314	-0.49800	-2.21479	1.02553	-0.40850	-2.05034	1.02413	-0.24518	-2.21590	1.02392	-0.31213	-2.24255	1.02960	-0.33318	-2.24281	1.02909	-0.38204	-2.24287	0.96883	-0.33286	-2.25484	0.95570	-0.36869	-2.23162	0.62401	-0.55462	-2.26027	0.51791	-0.49135	-2.13286	0.77559	-0.56011	-2.18189	0.78585	-0.56188	-2.14479	0.71717	-0.55073	-2.21082	0.71506	-0.55194	-2.33391	0.36722	-0.53150	-2.47957	0.12330	-0.42811	-2.31780	0.35074	-0.36468	-2.28517	0.33122	-0.39879	-2.34395	0.29828	-0.35843	-2.29807	0.28347	-0.40331	-2.35462	0.04855	-0.40778	-2.34967	0.04363	-0.36005	-2.53439	0.10795	-0.38452	-2.44156	0.09111	-0.45239	-2.40546	0.11439	-0.42328	-2.39796	0.04755	-0.46223	-2.36535	0.05682	-0.44495	-1.97172	0.61484	-0.16166	-1.91443	0.51089	-0.23128	-1.97400	0.77834	-0.17746	-2.01717	0.75986	-0.15766	-1.95468	0.72320	-0.18815	-2.00282	0.68514	-0.16460	-1.86090	0.36636	-0.18433	-1.75973	0.09296	-0.27980	-1.82453	0.35809	-0.34592	-1.78974	0.36494	-0.31011	-1.80653	0.30046	-0.35240	-1.76355	0.32235	-0.30481	-1.61674	0.13094	-0.29590	-1.61046	0.13950	-0.33097	-1.78881	0.04821	-0.33029	-1.70856	0.10868	-0.25009	-1.70494	0.14636	-0.28243	-1.64857	0.10991	-0.24258	-1.63357	0.13745	-0.26260	-2.11014	0.93992	-0.27848	-2.10224	0.93517	-0.45769	-1.90946	0.51383	-0.28346	-2.25217	0.51727	-0.43949	-1.75932	0.09571	-0.31469	-2.47911	0.12714	-0.39333	-2.21534	1.02472	-0.36032	-2.04664	1.01863	-0.37159	
12	0.11000	-1.98743	1.67950	-0.39696	-1.97980	1.67331	-0.27491	-2.12086	1.58052	-0.39169	-2.10240	1.58748	-0.25664	-2.13085	1.47422	-0.35574	-2.01368	1.38110	-0.35197	-2.01054	1.21328	-0.36652	-2.20110	1.36345	-0.26097	-2.19629	1.20275	-0.37133	-1.96900	1.31258	-0.34325	-1.95872	1.31355	-0.38506	-1.95754	1.24828	-0.34210	-1.93878	1.26706	-0.40219	-2.09288	1.43746	-0.54805	-2.12900	1.07848	-0.61527	-1.94049	0.88266	-0.64085	-1.99876	0.86991	-0.68277	-1.94147	0.82741	-0.69249	-2.12085	1.39208	-0.16057	-2.28285	1.08536	-0.19672	-2.26317	0.80961	-0.22112	-2.33528	0.82655	-0.21168	-2.31935	0.74931	-0.20145	-2.02785	1.01145	-0.49774	-2.19955	1.02375	-0.40812	-2.03518	1.02369	-0.24469	-2.20055	1.02264	-0.31194	-2.22731	1.02824	-0.33300	-2.22765	1.02739	-0.38182	-2.22753	0.96742	-0.33229	-2.24049	0.95434	-0.36828	-2.21786	0.62324	-0.55411	-2.24675	0.51688	-0.49155	-2.11858	0.77398	-0.55935	-2.16812	0.78503	-0.56076	-2.13099	0.71557	-0.55008	-2.19662	0.71392	-0.55088	-2.32255	0.36762	-0.53164	-2.47582	0.12782	-0.42941	-2.30777	0.35058	-0.36475	-2.27560	0.33026	-0.39876	-2.33615	0.29874	-0.35832	-2.29135	0.28219	-0.40306	-2.35392	0.04871	-0.40789	-2.34941	0.04370	-0.36006	-2.52984	0.11444	-0.38518	-2.43742	0.09358	-0.45370	-2.40141	0.11625	-0.42451	-2.39616	0.04817	-0.46240	-2.36343	0.05648	-0.44507	-1.95317	0.61500	-0.16289	-1.89733	0.51071	-0.23272	-1.95713	0.77890	-0.17809	-1.99996	0.75991	-0.15775	-1.93744	0.72402	-0.18904	-1.98509	0.68533	-0.16526	-1.84569	0.36503	-0.18622	-1.75325	0.08842	-0.28119	-1.81174	0.35462	-0.34805	-1.77618	0.36089	-0.31278	-1.79531	0.29676	-0.35443	-1.75108	0.31759	-0.30753	-1.61190	0.12561	-0.29751	-1.60376	0.13218	-0.33278	-1.78346	0.04406	-0.33155	-1.70196	0.10303	-0.25188	-1.69778	0.14071	-0.28445	-1.64248	0.10337	-0.24417	-1.62659	0.13075	-0.26451	-2.09475	0.93913	-0.27769	-2.08691	0.93351	-0.45687	-1.89356	0.51339	-0.28501	-2.23844	0.51599	-0.43972	-1.75365	0.09085	-0.31610	-2.47576	0.13186	-0.39465	-2.20005	1.02320	-0.36003	-2.03152	1.01757	-0.37122	
13	0.12000	-1.97449	1.67879	-0.39548	-1.96666	1.67245	-0.27357	-2.10772	1.57943	-0.39021	-2.08908	1.58624	-0.25523	-2.11889	1.47298	-0.35445	-1.99948	1.38027	-0.35111	-1.99537	1.21264	-0.36610	-2.18711	1.36168	-0.25993	-2.18144	1.20111	-0.37118	-1.95455	1.31168	-0.34230	-1.94426	1.31311	-0.38433	-1.94276	1.24740	-0.34166	-1.92446	1.26698	-0.40209	-2.07905	1.43696	-0.54697	-2.11806	1.07860	-0.61420	-1.93047	0.88006	-0.63934	-1.98894	0.86809	-0.68136	-1.93238	0.82482	-0.69107	-2.10707	1.39041	-0.15973	-2.26639	1.08220	-0.19518	-2.24393	0.80669	-0.21869	-2.31602	0.82260	-0.20924	-2.29967	0.74587	-0.19924	-2.01281	1.00982	-0.49742	-2.18390	1.02230	-0.40791	-2.01945	1.02337	-0.24428	-2.18475	1.02154	-0.31182	-2.21165	1.02708	-0.33281	-2.21194	1.02598	-0.38163	-2.21180	0.96633	-0.33174	-2.22412	0.95277	-0.36742	-2.20338	0.62226	-0.55346	-2.23169	0.51548	-0.49156	-2.10393	0.77277	-0.55874	-2.15347	0.78384	-0.55971	-2.11623	0.71437	-0.54965	-2.18179	0.71262	-0.54977	-2.31051	0.36798	-0.53181	-2.47122	0.13261	-0.43084	-2.29679	0.35020	-0.36510	-2.26509	0.32912	-0.39902	-2.32683	0.29921	-0.35898	-2.28184	0.28172	-0.40340	-2.35309	0.04884	-0.40794	-2.34904	0.04375	-0.36016	-2.52602	0.12129	-0.38691	-2.43077	0.09605	-0.45520	-2.39623	0.11767	-0.42584	-2.39429	0.04892	-0.46278	-2.36143	0.05612	-0.44524	-1.93442	0.61532	-0.16400	-1.87915	0.51057	-0.23494	-1.94037	0.77941	-0.17848	-1.98283	0.75982	-0.15809	-1.92000	0.72480	-0.18994	-1.96730	0.68538	-0.16591	-1.83002	0.36371	-0.18804	-1.74894	0.08338	-0.28260	-1.79985	0.35070	-0.35052	-1.76340	0.35615	-0.31584	-1.78524	0.29226	-0.35682	-1.73955	0.31209	-0.31080	-1.60729	0.11750	-0.29918	-1.59894	0.12362	-0.33457	-1.78048	0.03987	-0.33269	-1.69773	0.09694	-0.25335	-1.69285	0.13432	-0.28617	-1.63833	0.09603	-0.24584	-1.62188	0.12301	-0.26636	-2.07895	0.93853	-0.27674	-2.07160	0.93198	-0.45591	-1.87630	0.51322	-0.28729	-2.22286	0.51427	-0.43982	-1.75026	0.08546	-0.31752	-2.47131	0.13670	-0.39608	-2.18432	1.02192	-0.35986	-2.01613	1.01660	-0.37085	
14	0.13000	-1.96186	1.67832	-0.39394	-1.95366	1.67175	-0.27206	-2.09489	1.57868	-0.38861	-2.07589	1.58513	-0.25372	-2.10547	1.47176	-0.35327	-1.98515	1.37960	-0.35025	-1.98012	1.21218	-0.36552	-2.17306	1.35983	-0.25903	-2.16631	1.19946	-0.37093	-1.93987	1.31115	-0.34144	-1.92958	1.31287	-0.38370	-1.92785	1.24714	-0.34116	-1.91008	1.26705	-0.40196	-2.06496	1.43650	-0.54567	-2.10619	1.07857	-0.61287	-1.92082	0.87769	-0.63787	-1.97964	0.86654	-0.67997	-1.92360	0.82232	-0.68955	-2.09322	1.38886	-0.15869	-2.24995	1.07920	-0.19366	-2.22405	0.80383	-0.21585	-2.29612	0.81881	-0.20686	-2.27926	0.74249	-0.19643	-1.99596	1.00855	-0.49719	-2.16785	1.02110	-0.40762	-2.00311	1.02294	-0.24341	-2.16867	1.02057	-0.31139	-2.19714	1.02666	-0.33271	-2.19599	1.02488	-0.38141	-2.19572	0.96539	-0.33126	-2.20762	0.95167	-0.36687	-2.18796	0.62109	-0.55293	-2.21572	0.51387	-0.49168	-2.08857	0.77126	-0.55809	-2.13817	0.78242	-0.55869	-2.10083	0.71283	-0.54914	-2.16632	0.71116	-0.54877	-2.29795	0.36836	-0.53220	-2.46578	0.13769	-0.43222	-2.28474	0.34974	-0.36581	-2.25378	0.32773	-0.39953	-2.31643	0.29970	-0.35957	-2.27156	0.28111	-0.40411	-2.35221	0.04897	-0.40798	-2.34856	0.04380	-0.36014	-2.52126	0.12891	-0.38852	-2.42612	0.09848	-0.45639	-2.39097	0.11898	-0.42684	-2.39215	0.04971	-0.46307	-2.35916	0.05559	-0.44523	-1.91614	0.61569	-0.16536	-1.86029	0.51062	-0.23734	-1.92333	0.77988	-0.17835	-1.96573	0.75966	-0.15873	-1.90210	0.72557	-0.19018	-1.94911	0.68546	-0.16674	-1.81476	0.36178	-0.19007	-1.74499	0.07972	-0.28462	-1.78867	0.34699	-0.35300	-1.75129	0.35160	-0.31919	-1.77668	0.28808	-0.35917	-1.72868	0.30699	-0.31424	-1.60290	0.10884	-0.30052	-1.59398	0.11473	-0.33617	-1.77783	0.03760	-0.33469	-1.69519	0.09121	-0.25530	-1.68802	0.12921	-0.28815	-1.63467	0.08903	-0.24779	-1.61815	0.11541	-0.26792	-2.06239	0.93787	-0.27605	-2.05470	0.93076	-0.45519	-1.85774	0.51353	-0.28969	-2.20632	0.51233	-0.44006	-1.74676	0.08168	-0.31952	-2.46591	0.14178	-0.39746	-2.16826	1.02083	-0.35950	-1.99953	1.01574	-0.37030	
15	0.14000	-1.94914	1.67797	-0.39210	-1.94023	1.67132	-0.27084	-2.08176	1.57795	-0.38704	-2.06261	1.58424	-0.25222	-2.09201	1.47093	-0.35193	-1.97080	1.37923	-0.34900	-1.96542	1.21170	-0.36448	-2.15892	1.35784	-0.25814	-2.15104	1.19817	-0.37049	-1.92500	1.31078	-0.34008	-1.91485	1.31287	-0.38262	-1.91254	1.24706	-0.34036	-1.89570	1.26742	-0.40135	-2.05131	1.43625	-0.54448	-2.09433	1.07862	-0.61138	-1.91140	0.87534	-0.63630	-1.97034	0.86492	-0.67835	-1.91502	0.81981	-0.68779	-2.07931	1.38745	-0.15767	-2.23308	1.07627	-0.19189	-2.20374	0.80185	-0.21293	-2.27591	0.81526	-0.20409	-2.25801	0.73931	-0.19328	-1.98084	1.00705	-0.49669	-2.15190	1.02027	-0.40737	-1.98619	1.02254	-0.24246	-2.15255	1.02002	-0.31136	-2.18055	1.02560	-0.33228	-2.18015	1.02411	-0.38113	-2.17963	0.96477	-0.33078	-2.19150	0.95076	-0.36622	-2.17180	0.61967	-0.55239	-2.19859	0.51190	-0.49201	-2.07253	0.76989	-0.55731	-2.12255	0.78091	-0.55743	-2.08458	0.71135	-0.54870	-2.15007	0.70938	-0.54771	-2.28451	0.36879	-0.53289	-2.45757	0.14323	-0.43422	-2.27180	0.34889	-0.36612	-2.24125	0.32604	-0.40055	-2.30475	0.30000	-0.36059	-2.26034	0.28017	-0.40547	-2.35098	0.04908	-0.40810	-2.34790	0.04393	-0.36012	-2.51528	0.13717	-0.39003	-2.42097	0.10125	-0.45793	-2.38466	0.12057	-0.42876	-2.38907	0.05037	-0.46289	-2.35654	0.05499	-0.44527	-1.89852	0.61570	-0.16859	-1.84218	0.51089	-0.23933	-1.90590	0.78030	-0.17767	-1.94837	0.75971	-0.15898	-1.88468	0.72631	-0.19088	-1.93200	0.68579	-0.16900	-1.80032	0.36032	-0.19267	-1.73741	0.07929	-0.28728	-1.77662	0.34582	-0.35506	-1.73856	0.34979	-0.32205	-1.76485	0.28674	-0.36168	-1.71664	0.30495	-0.31736	-1.59508	0.10092	-0.30046	-1.58512	0.10674	-0.33674	-1.77299	0.03924	-0.33767	-1.68960	0.08931	-0.25883	-1.67922	0.12653	-0.29166	-1.62937	0.08346	-0.24965	-1.61034	0.10855	-0.26975	-2.04585	0.93743	-0.27456	-2.03944	0.92957	-0.45372	-1.83965	0.51423	-0.29166	-2.18880	0.51004	-0.44047	-1.73903	0.08137	-0.32218	-2.45756	0.14715	-0.39944	-2.15223	1.02015	-0.35937	-1.98351	1.01480	-0.36958	
16	0.15000	-1.93630	1.67839	-0.39043	-1.92765	1.67142	-0.26883	-2.06862	1.57778	-0.38543	-2.04939	1.58397	-0.25058	-2.07818	1.47091	-0.35059	-1.95635	1.37937	-0.34776	-1.94943	1.21221	-0.36356	-2.14471	1.35592	-0.25716	-2.13578	1.19779	-0.37006	-1.91041	1.31093	-0.33866	-1.90014	1.31342	-0.38167	-1.89725	1.24747	-0.33934	-1.88151	1.27030	-0.40294	-2.03765	1.43613	-0.54336	-2.08244	1.07862	-0.60976	-1.90225	0.87299	-0.63462	-1.96151	0.86346	-0.67669	-1.90684	0.81743	-0.68604	-2.06534	1.38631	-0.15652	-2.21616	1.07347	-0.18997	-2.18276	0.79959	-0.20949	-2.25515	0.81180	-0.20107	-2.23624	0.73624	-0.18961	-1.96414	1.00580	-0.49625	-2.13584	1.01976	-0.40707	-1.96948	1.02249	-0.24182	-2.13669	1.01987	-0.31082	-2.16432	1.02489	-0.33153	-2.16459	1.02360	-0.38083	-2.16352	0.96447	-0.33030	-2.17531	0.95024	-0.36569	-2.15462	0.61770	-0.55168	-2.18025	0.50978	-0.49213	-2.05639	0.76843	-0.55656	-2.10603	0.77909	-0.55651	-2.06776	0.70973	-0.54810	-2.13317	0.70736	-0.54673	-2.26979	0.36900	-0.53344	-2.45008	0.14915	-0.43580	-2.25703	0.34781	-0.36700	-2.22765	0.32435	-0.40149	-2.29173	0.30019	-0.36167	-2.24783	0.27923	-0.40696	-2.34926	0.04929	-0.40821	-2.34711	0.04410	-0.36008	-2.50877	0.14616	-0.39271	-2.41506	0.10375	-0.46015	-2.37772	0.12133	-0.43154	-2.38645	0.05120	-0.46306	-2.35404	0.05400	-0.44570	-1.88204	0.61702	-0.17213	-1.82759	0.51142	-0.23984	-1.88853	0.78157	-0.17812	-1.93137	0.76127	-0.15939	-1.86826	0.72759	-0.19205	-1.91635	0.68729	-0.17076	-1.78711	0.36023	-0.19535	-1.73098	0.08169	-0.28776	-1.76404	0.34681	-0.35632	-1.72550	0.35011	-0.32366	-1.75334	0.28760	-0.36297	-1.70449	0.30485	-0.31903	-1.58612	0.09476	-0.30044	-1.57629	0.09936	-0.33772	-1.76780	0.04110	-0.33924	-1.68152	0.08988	-0.26135	-1.66883	0.12484	-0.29487	-1.62207	0.07977	-0.25137	-1.60124	0.10330	-0.27179	-2.02927	0.93731	-0.27367	-2.02286	0.92862	-0.45279	-1.82600	0.51448	-0.29222	-2.16999	0.50767	-0.44069	-1.73326	0.08366	-0.32263	-2.45014	0.15309	-0.40102	-2.13627	1.01982	-0.35895	-1.96681	1.01415	-0.36903	
17	0.16000	-1.92358	1.67966	-0.38878	-1.91457	1.67258	-0.26737	-2.05547	1.57844	-0.38381	-2.03609	1.58444	-0.24892	-2.06425	1.47140	-0.34930	-1.94202	1.38005	-0.34661	-1.93477	1.21319	-0.36285	-2.13048	1.35467	-0.25601	-2.12050	1.19787	-0.36964	-1.89616	1.31196	-0.33753	-1.88561	1.31465	-0.38066	-1.88208	1.24862	-0.33843	-1.86663	1.27185	-0.40179	-2.02366	1.43629	-0.54245	-2.07070	1.07891	-0.60801	-1.89338	0.87080	-0.63289	-1.95305	0.86214	-0.67495	-1.89914	0.81524	-0.68417	-2.05162	1.38567	-0.15520	-2.19875	1.07084	-0.18787	-2.16113	0.79721	-0.20551	-2.23385	0.80858	-0.19778	-2.21379	0.73353	-0.18559	-1.94751	1.00491	-0.49587	-2.11987	1.01967	-0.40704	-1.95309	1.02310	-0.24141	-2.12085	1.02040	-0.31072	-2.14856	1.02515	-0.33146	-2.14889	1.02365	-0.38083	-2.14763	0.96483	-0.32999	-2.15934	0.95029	-0.36521	-2.13650	0.61529	-0.55083	-2.16020	0.50736	-0.49226	-2.03921	0.76690	-0.55564	-2.08877	0.77697	-0.55510	-2.04991	0.70797	-0.54748	-2.11536	0.70500	-0.54582	-2.25351	0.36934	-0.53403	-2.44103	0.15547	-0.43772	-2.23910	0.34655	-0.36809	-2.21226	0.32257	-0.40312	-2.27710	0.30043	-0.36303	-2.23330	0.27842	-0.40872	-2.34835	0.04921	-0.40828	-2.34600	0.04436	-0.36012	-2.49944	0.15603	-0.39458	-2.40779	0.10648	-0.46242	-2.36913	0.12212	-0.43422	-2.38314	0.05178	-0.46326	-2.35050	0.05289	-0.44585	-1.86470	0.62064	-0.17300	-1.81345	0.51323	-0.23974	-1.87160	0.78443	-0.17890	-1.91457	0.76443	-0.16023	-1.85148	0.73013	-0.19219	-1.89926	0.69020	-0.17068	-1.77639	0.36112	-0.19458	-1.72698	0.08195	-0.28847	-1.75304	0.34749	-0.35779	-1.71418	0.35012	-0.32573	-1.74382	0.28806	-0.36432	-1.69408	0.30434	-0.32108	-1.58128	0.08885	-0.30191	-1.57111	0.09323	-0.33893	-1.76501	0.04254	-0.33945	-1.67750	0.08689	-0.26242	-1.66303	0.12204	-0.29564	-1.61850	0.07490	-0.25205	-1.59594	0.09829	-0.27217	-2.01299	0.93784	-0.27289	-2.00641	0.92808	-0.45195	-1.81393	0.51540	-0.29219	-2.14928	0.50501	-0.44096	-1.72976	0.08392	-0.32330	-2.44111	0.15937	-0.40293	-2.12036	1.02004	-0.35888	-1.95030	1.01400	-0.36864	
18	0.17000	-1.91075	1.68121	-0.38707	-1.90202	1.67395	-0.26542	-2.04234	1.57966	-0.38211	-2.02285	1.58542	-0.24727	-2.05059	1.47218	-0.34806	-1.92771	1.38152	-0.34584	-1.91923	1.21467	-0.36206	-2.11648	1.35477	-0.25469	-2.10540	1.19823	-0.36932	-1.88158	1.31315	-0.33604	-1.87105	1.31628	-0.37973	-1.86701	1.25039	-0.33770	-1.85147	1.27343	-0.40127	-2.00986	1.43690	-0.54156	-2.05887	1.07958	-0.60616	-1.88504	0.86870	-0.63093	-1.94501	0.86095	-0.67289	-1.89193	0.81325	-0.68213	-2.03752	1.38550	-0.15396	-2.18060	1.06853	-0.18548	-2.13907	0.79568	-0.20144	-2.21194	0.80571	-0.19417	-2.19072	0.73124	-0.18104	-1.93184	1.00436	-0.49533	-2.10384	1.01968	-0.40718	-1.93704	1.02473	-0.24120	-2.10522	1.02160	-0.31114	-2.13289	1.02617	-0.33218	-2.13319	1.02407	-0.38124	-2.13204	0.96576	-0.32981	-2.14363	0.95091	-0.36496	-2.11699	0.61242	-0.54997	-2.13848	0.50515	-0.49263	-2.02145	0.76633	-0.55454	-2.07129	0.77521	-0.55395	-2.03106	0.70709	-0.54676	-2.09660	0.70265	-0.54498	-2.23551	0.37006	-0.53491	-2.43002	0.16211	-0.43986	-2.22095	0.34554	-0.36961	-2.19539	0.32117	-0.40519	-2.26045	0.30081	-0.36483	-2.21815	0.27795	-0.41115	-2.34540	0.04968	-0.40858	-2.34424	0.04473	-0.36030	-2.48700	0.16601	-0.39602	-2.39899	0.10918	-0.46486	-2.35888	0.12278	-0.43684	-2.37896	0.05269	-0.46332	-2.34658	0.05174	-0.44548	-1.84662	0.62521	-0.17205	-1.79748	0.51597	-0.24053	-1.85380	0.78753	-0.17910	-1.89687	0.76743	-0.16023	-1.83383	0.73340	-0.19280	-1.88181	0.69337	-0.17139	-1.76317	0.36371	-0.19420	-1.72341	0.08111	-0.28892	-1.74277	0.34743	-0.35916	-1.70346	0.34925	-0.32733	-1.73550	0.28752	-0.36513	-1.68454	0.30298	-0.32295	-1.57855	0.08267	-0.30340	-1.56835	0.08718	-0.34039	-1.76375	0.04348	-0.33916	-1.67409	0.08530	-0.26308	-1.65868	0.11947	-0.29687	-1.61538	0.07120	-0.25337	-1.59238	0.09343	-0.27403	-1.99700	0.93923	-0.27177	-1.99069	0.92792	-0.45075	-1.79981	0.51751	-0.29296	-2.12722	0.50266	-0.44141	-1.72720	0.08293	-0.32367	-2.43014	0.16597	-0.40508	-2.10453	1.02064	-0.35916	-1.93444	1.01454	-0.36827	
19	0.18000	-1.89803	1.68293	-0.38526	-1.88897	1.67562	-0.26390	-2.02927	1.58108	-0.38051	-2.00967	1.58664	-0.24569	-2.03718	1.47318	-0.34695	-1.91387	1.38290	-0.34460	-1.90438	1.21652	-0.36101	-2.10248	1.35550	-0.25308	-2.09050	1.19897	-0.36906	-1.86763	1.31535	-0.33532	-1.85669	1.31850	-0.37891	-1.85220	1.25258	-0.33688	-1.83674	1.27576	-0.40040	-1.99535	1.43789	-0.54071	-2.04704	1.08082	-0.60427	-1.87704	0.86692	-0.62884	-1.93731	0.86000	-0.67056	-1.88502	0.81145	-0.67987	-2.02343	1.38603	-0.15276	-2.16334	1.06654	-0.18295	-2.11617	0.79364	-0.19683	-2.18940	0.80348	-0.19038	-2.16707	0.72946	-0.17613	-1.91419	1.00449	-0.49510	-2.08823	1.02035	-0.40766	-1.92148	1.02738	-0.24100	-2.08981	1.02322	-0.31164	-2.11743	1.02755	-0.33284	-2.11761	1.02498	-0.38179	-2.11759	0.96736	-0.33001	-2.12818	0.95197	-0.36491	-2.09633	0.60971	-0.54928	-2.11474	0.50308	-0.49321	-2.00308	0.76565	-0.55340	-2.05293	0.77367	-0.55244	-2.01140	0.70621	-0.54614	-2.07703	0.70057	-0.54411	-2.21633	0.37165	-0.53647	-2.41691	0.16894	-0.44208	-2.20076	0.34455	-0.37172	-2.17665	0.31998	-0.40796	-2.24181	0.30116	-0.36704	-2.20049	0.27763	-0.41411	-2.34548	0.04935	-0.40902	-2.34255	0.04603	-0.35993	-2.47255	0.17681	-0.39792	-2.38884	0.11204	-0.46721	-2.34802	0.12301	-0.43950	-2.37468	0.05399	-0.46361	-2.34234	0.05090	-0.44563	-1.82958	0.62883	-0.17250	-1.77979	0.51896	-0.24267	-1.83585	0.79126	-0.17988	-1.87830	0.77118	-0.16020	-1.81602	0.73703	-0.19354	-1.86309	0.69715	-0.17104	-1.74596	0.36599	-0.19614	-1.72063	0.08129	-0.28904	-1.73333	0.34694	-0.36012	-1.69321	0.34792	-0.32907	-1.72776	0.28659	-0.36576	-1.67562	0.30113	-0.32473	-1.57544	0.07828	-0.30550	-1.56578	0.08202	-0.34219	-1.76229	0.04444	-0.33872	-1.67090	0.08406	-0.26386	-1.65523	0.11708	-0.29830	-1.61257	0.06825	-0.25464	-1.58948	0.08916	-0.27566	-1.98099	0.94142	-0.27132	-1.97321	0.92836	-0.45012	-1.78233	0.52071	-0.29508	-2.10256	0.50034	-0.44222	-1.72607	0.08283	-0.32358	-2.41667	0.17242	-0.40725	-2.08902	1.02178	-0.35965	-1.91784	1.01594	-0.36805	
20	0.19000	-1.88527	1.68488	-0.38373	-1.87584	1.67722	-0.26249	-2.01620	1.58255	-0.37904	-1.99664	1.58794	-0.24419	-2.02397	1.47429	-0.34600	-1.90011	1.38486	-0.34372	-1.88961	1.21861	-0.36038	-2.08858	1.35628	-0.25161	-2.07579	1.19990	-0.36897	-1.85334	1.31739	-0.33436	-1.84253	1.32103	-0.37844	-1.83734	1.25498	-0.33670	-1.82226	1.27855	-0.39976	-1.98148	1.43938	-0.53960	-2.03518	1.08261	-0.60236	-1.86943	0.86540	-0.62648	-1.93017	0.85944	-0.66812	-1.87872	0.81010	-0.67761	-2.00966	1.38713	-0.15182	-2.14439	1.06507	-0.18041	-2.09318	0.79393	-0.19240	-2.16637	0.80164	-0.18590	-2.14282	0.72823	-0.17071	-1.89992	1.00504	-0.49407	-2.07284	1.02137	-0.40826	-1.90617	1.03073	-0.24102	-2.07461	1.02499	-0.31218	-2.10210	1.02919	-0.33343	-2.10221	1.02624	-0.38242	-2.10147	0.96887	-0.32995	-2.11302	0.95342	-0.36488	-2.07423	0.60736	-0.54897	-2.08925	0.50065	-0.49440	-1.98391	0.76501	-0.55273	-2.03379	0.77206	-0.55102	-1.99091	0.70540	-0.54592	-2.05661	0.69850	-0.54309	-2.19589	0.37397	-0.53866	-2.40201	0.17621	-0.44451	-2.17838	0.34365	-0.37453	-2.15604	0.31869	-0.41126	-2.22093	0.30155	-0.37008	-2.18147	0.27738	-0.41750	-2.34066	0.05118	-0.40960	-2.33863	0.04845	-0.36015	-2.45727	0.18878	-0.40054	-2.37835	0.11607	-0.46955	-2.33621	0.12450	-0.44161	-2.36944	0.05748	-0.46456	-2.33694	0.05214	-0.44554	-1.81341	0.63201	-0.17376	-1.76409	0.52109	-0.24454	-1.81881	0.79540	-0.18196	-1.86024	0.77533	-0.15998	-1.79852	0.74108	-0.19544	-1.84450	0.70116	-0.16960	-1.73138	0.36715	-0.19835	-1.71744	0.08092	-0.28901	-1.72488	0.34653	-0.36091	-1.68520	0.34646	-0.33065	-1.72127	0.28610	-0.36680	-1.66764	0.29952	-0.32638	-1.57267	0.07377	-0.30665	-1.56329	0.07748	-0.34346	-1.76086	0.04542	-0.33821	-1.66819	0.08209	-0.26464	-1.65121	0.11548	-0.29898	-1.60986	0.06496	-0.25580	-1.58649	0.08517	-0.27709	-1.96558	0.94430	-0.26970	-1.95853	0.92923	-0.44838	-1.76733	0.52294	-0.29691	-2.07655	0.49775	-0.44354	-1.72418	0.08232	-0.32333	-2.40124	0.17914	-0.40965	-2.07372	1.02318	-0.36022	-1.90305	1.01788	-0.36754	
21	0.20000	-1.87240	1.68671	-0.38224	-1.86317	1.67884	-0.26089	-2.00325	1.58407	-0.37777	-1.98363	1.58913	-0.24296	-2.01106	1.47540	-0.34521	-1.88656	1.38694	-0.34291	-1.87466	1.22095	-0.36004	-2.07449	1.35718	-0.25056	-2.06130	1.20086	-0.36903	-1.83935	1.31980	-0.33345	-1.82862	1.32385	-0.37792	-1.82283	1.25772	-0.33619	-1.80806	1.28150	-0.39930	-1.96934	1.44179	-0.53889	-2.02326	1.08493	-0.60040	-1.86201	0.86417	-0.62400	-1.92329	0.85926	-0.66539	-1.87298	0.80898	-0.67497	-1.99590	1.38866	-0.15096	-2.12559	1.06415	-0.17777	-2.06961	0.79414	-0.18691	-2.14281	0.80032	-0.18089	-2.11798	0.72761	-0.16504	-1.88625	1.00617	-0.49284	-2.05775	1.02258	-0.40872	-1.89132	1.03405	-0.24064	-2.05961	1.02678	-0.31266	-2.08689	1.03088	-0.33395	-2.08706	1.02762	-0.38292	-2.08657	0.97065	-0.33009	-2.09815	0.95511	-0.36502	-2.05060	0.60517	-0.54920	-2.06316	0.49793	-0.49570	-1.96435	0.76415	-0.55209	-2.01383	0.77005	-0.54976	-1.96971	0.70452	-0.54575	-2.03554	0.69622	-0.54226	-2.17339	0.37585	-0.54090	-2.38702	0.18451	-0.44715	-2.15570	0.34259	-0.37712	-2.13462	0.31744	-0.41429	-2.19967	0.30200	-0.37277	-2.16184	0.27713	-0.42096	-2.33553	0.05428	-0.41042	-2.33321	0.05274	-0.36087	-2.44011	0.20193	-0.40327	-2.36674	0.12233	-0.47130	-2.32426	0.12769	-0.44363	-2.36299	0.06319	-0.46550	-2.33132	0.05554	-0.44625	-1.79258	0.63623	-0.17366	-1.75015	0.52231	-0.24538	-1.80239	0.79832	-0.18325	-1.84277	0.77803	-0.15976	-1.78204	0.74411	-0.19750	-1.82649	0.70389	-0.16984	-1.72052	0.36758	-0.19934	-1.71465	0.08045	-0.28888	-1.71716	0.34639	-0.36140	-1.67695	0.34563	-0.33196	-1.71457	0.28630	-0.36730	-1.66029	0.29832	-0.32778	-1.57041	0.06941	-0.30769	-1.56101	0.07273	-0.34440	-1.75959	0.04634	-0.33781	-1.66530	0.08062	-0.26510	-1.64756	0.11325	-0.29956	-1.60755	0.06187	-0.25646	-1.58386	0.08122	-0.27804	-1.95059	0.94722	-0.26793	-1.94438	0.93055	-0.44649	-1.75777	0.52244	-0.29733	-2.05076	0.49510	-0.44477	-1.72270	0.08179	-0.32291	-2.38628	0.18739	-0.41228	-2.05868	1.02468	-0.36069	-1.88878	1.02011	-0.36674	
22	0.21000	-1.85986	1.68856	-0.38074	-1.85065	1.68035	-0.25946	-1.99032	1.58559	-0.37670	-1.97088	1.59034	-0.24184	-1.99827	1.47648	-0.34450	-1.87463	1.39076	-0.34103	-1.86211	1.22296	-0.35956	-2.06089	1.35799	-0.24986	-2.04704	1.20183	-0.36903	-1.82581	1.32183	-0.33162	-1.81502	1.32668	-0.37750	-1.80885	1.26063	-0.33578	-1.79447	1.28490	-0.39855	-1.95636	1.44389	-0.53807	-2.01140	1.08752	-0.59848	-1.85480	0.86320	-0.62137	-1.91637	0.85932	-0.66242	-1.86731	0.80810	-0.67218	-1.98255	1.39047	-0.15055	-2.10683	1.06362	-0.17509	-2.04529	0.79428	-0.18152	-2.11876	0.79922	-0.17532	-2.09234	0.72729	-0.15871	-1.87251	1.00764	-0.49182	-2.04308	1.02393	-0.40891	-1.87650	1.03704	-0.24045	-2.04603	1.02897	-0.31311	-2.07194	1.03272	-0.33422	-2.07222	1.02909	-0.38311	-2.07175	0.97250	-0.32990	-2.08356	0.95673	-0.36469	-2.02488	0.60229	-0.55029	-2.03641	0.49493	-0.49670	-1.94451	0.76314	-0.55142	-1.99409	0.76797	-0.54902	-1.94831	0.70345	-0.54534	-2.01396	0.69355	-0.54178	-2.14912	0.37667	-0.54270	-2.36973	0.19377	-0.45005	-2.13292	0.34225	-0.37900	-2.11266	0.31649	-0.41651	-2.17814	0.30308	-0.37519	-2.14337	0.27710	-0.42420	-2.32867	0.05918	-0.41187	-2.32603	0.05890	-0.36243	-2.42170	0.21594	-0.40659	-2.35660	0.13051	-0.47309	-2.31211	0.13258	-0.44570	-2.35550	0.07119	-0.46707	-2.32453	0.06119	-0.44776	-1.77067	0.64084	-0.17335	-1.73859	0.52245	-0.24535	-1.78677	0.80053	-0.18412	-1.82625	0.77997	-0.15961	-1.76677	0.74639	-0.19879	-1.81032	0.70612	-0.16965	-1.71181	0.36739	-0.19905	-1.71227	0.08010	-0.28875	-1.70994	0.34608	-0.36187	-1.66922	0.34456	-0.33351	-1.70878	0.28594	-0.36744	-1.65321	0.29715	-0.32902	-1.56833	0.06498	-0.30793	-1.55890	0.06802	-0.34464	-1.75826	0.04722	-0.33750	-1.66287	0.07939	-0.26498	-1.64453	0.11102	-0.29977	-1.60595	0.05867	-0.25663	-1.58166	0.07726	-0.27842	-1.93575	0.94996	-0.26659	-1.93030	0.93218	-0.44507	-1.75219	0.52011	-0.29601	-2.02567	0.49257	-0.44537	-1.72183	0.08146	-0.32239	-2.36953	0.19710	-0.41521	-2.04456	1.02645	-0.36101	-1.87451	1.02234	-0.36614	
23	0.22000	-1.84710	1.69030	-0.37945	-1.83790	1.68167	-0.25830	-1.97752	1.58723	-0.37592	-1.95816	1.59147	-0.24103	-1.98557	1.47762	-0.34378	-1.85946	1.39091	-0.34226	-1.84680	1.22524	-0.35930	-2.04743	1.35858	-0.24935	-2.03298	1.20290	-0.36892	-1.81195	1.32500	-0.33244	-1.80159	1.32938	-0.37731	-1.79505	1.26339	-0.33548	-1.78070	1.28772	-0.39866	-1.94365	1.44614	-0.53723	-1.99960	1.09024	-0.59666	-1.84767	0.86239	-0.61847	-1.91036	0.85967	-0.65954	-1.86164	0.80721	-0.66904	-1.96937	1.39248	-0.15015	-2.08813	1.06335	-0.17240	-2.02077	0.79531	-0.17590	-2.09423	0.79867	-0.16977	-2.06626	0.72754	-0.15222	-1.85922	1.00922	-0.49104	-2.02876	1.02537	-0.40881	-1.86162	1.03946	-0.24029	-2.03030	1.03059	-0.31260	-2.05728	1.03475	-0.33406	-2.05777	1.03076	-0.38302	-2.05725	0.97453	-0.32933	-2.06926	0.95862	-0.36403	-1.99721	0.59855	-0.55157	-2.00912	0.49194	-0.49739	-1.92444	0.76197	-0.55081	-1.97416	0.76559	-0.54851	-1.92669	0.70224	-0.54494	-1.99204	0.69061	-0.54155	-2.12331	0.37657	-0.54409	-2.35124	0.20327	-0.45293	-2.11023	0.34227	-0.37997	-2.09029	0.31613	-0.41764	-2.15644	0.30512	-0.37678	-2.12094	0.27839	-0.42621	-2.32044	0.06505	-0.41372	-2.31727	0.06574	-0.36447	-2.40148	0.23008	-0.41020	-2.34327	0.13956	-0.47511	-2.29646	0.13480	-0.44636	-2.34716	0.07988	-0.46908	-2.31751	0.06696	-0.44993	-1.74968	0.64343	-0.17536	-1.72803	0.52200	-0.24511	-1.77273	0.80184	-0.18453	-1.81194	0.78163	-0.15926	-1.75290	0.74775	-0.19898	-1.79596	0.70762	-0.16889	-1.70393	0.36652	-0.19832	-1.70972	0.07986	-0.28862	-1.70331	0.34534	-0.36220	-1.66230	0.34300	-0.33433	-1.70339	0.28512	-0.36760	-1.64788	0.29512	-0.33010	-1.56652	0.06064	-0.30814	-1.55719	0.06344	-0.34476	-1.75714	0.04807	-0.33714	-1.66059	0.07784	-0.26483	-1.64141	0.10881	-0.29959	-1.60418	0.05561	-0.25668	-1.57948	0.07335	-0.27879	-1.92087	0.95221	-0.26546	-1.91655	0.93379	-0.44390	-1.74724	0.51749	-0.29376	-2.00137	0.49027	-0.44549	-1.72061	0.08133	-0.32185	-2.35201	0.20759	-0.41820	-2.02953	1.02798	-0.36071	-1.86042	1.02434	-0.36567	
24	0.23000	-1.83438	1.69209	-0.37835	-1.82533	1.68300	-0.25720	-1.96483	1.58895	-0.37530	-1.94559	1.59274	-0.24039	-1.97297	1.47895	-0.34313	-1.84763	1.39505	-0.34116	-1.83343	1.22731	-0.35918	-2.03397	1.35919	-0.24886	-2.01919	1.20407	-0.36865	-1.79860	1.32665	-0.33059	-1.78848	1.33200	-0.37726	-1.78134	1.26627	-0.33549	-1.76769	1.29043	-0.39849	-1.93112	1.44822	-0.53655	-1.98797	1.09288	-0.59488	-1.84055	0.86167	-0.61558	-1.90334	0.86003	-0.65652	-1.85617	0.80645	-0.66586	-1.95717	1.39460	-0.14962	-2.06961	1.06327	-0.16954	-1.99590	0.79669	-0.16986	-2.06934	0.79837	-0.16400	-2.03967	0.72823	-0.14548	-1.84642	1.01078	-0.49036	-2.01476	1.02692	-0.40835	-1.84669	1.04129	-0.24027	-2.01565	1.03268	-0.31205	-2.04286	1.03693	-0.33358	-2.04356	1.03258	-0.38249	-2.04306	0.97677	-0.32846	-2.05519	0.96060	-0.36294	-1.96832	0.59472	-0.55260	-1.98147	0.48938	-0.49798	-1.90465	0.76109	-0.55020	-1.95431	0.76305	-0.54819	-1.90496	0.70136	-0.54440	-1.96974	0.68758	-0.54124	-2.09637	0.37633	-0.54514	-2.33098	0.21270	-0.45595	-2.08672	0.34357	-0.38082	-2.06754	0.31671	-0.41821	-2.13395	0.30838	-0.37797	-2.09944	0.27993	-0.42678	-2.31016	0.07237	-0.41595	-2.30706	0.07323	-0.36697	-2.37925	0.24372	-0.41367	-2.32562	0.14897	-0.47732	-2.28162	0.14248	-0.44908	-2.33608	0.09001	-0.47159	-2.30788	0.07447	-0.45254	-1.73625	0.64277	-0.17638	-1.71790	0.52138	-0.24483	-1.75955	0.80190	-0.18405	-1.79918	0.78215	-0.15881	-1.74050	0.74757	-0.19821	-1.78420	0.70794	-0.16862	-1.69577	0.36535	-0.19837	-1.70784	0.07949	-0.28869	-1.69703	0.34428	-0.36234	-1.65588	0.34114	-0.33477	-1.69829	0.28412	-0.36773	-1.64224	0.29307	-0.33077	-1.56489	0.05769	-0.30868	-1.55556	0.05978	-0.34602	-1.75620	0.04873	-0.33682	-1.65781	0.07907	-0.26530	-1.63906	0.10772	-0.30123	-1.60295	0.05495	-0.25678	-1.57803	0.07140	-0.27957	-1.90629	0.95414	-0.26450	-1.90348	0.93546	-0.44295	-1.73837	0.51666	-0.29295	-1.97755	0.48842	-0.44564	-1.71931	0.08117	-0.32171	-2.33284	0.21823	-0.42144	-2.01521	1.02980	-0.36020	-1.84656	1.02603	-0.36531	
25	0.24000	-1.82169	1.69390	-0.37741	-1.81273	1.68438	-0.25634	-1.95394	1.59088	-0.37522	-1.93326	1.59421	-0.23989	-1.96039	1.48043	-0.34256	-1.83485	1.39737	-0.34053	-1.82000	1.22950	-0.35927	-2.02061	1.36004	-0.24833	-2.00561	1.20537	-0.36810	-1.78553	1.32881	-0.33034	-1.77551	1.33448	-0.37750	-1.76798	1.26862	-0.33572	-1.75550	1.29371	-0.39824	-1.91908	1.45034	-0.53594	-1.97647	1.09529	-0.59324	-1.83337	0.86106	-0.61251	-1.89607	0.86056	-0.65372	-1.85038	0.80563	-0.66252	-1.94371	1.39655	-0.14933	-2.05123	1.06321	-0.16657	-1.97085	0.79879	-0.16358	-2.04412	0.79856	-0.15832	-2.01267	0.72930	-0.13844	-1.83381	1.01218	-0.48995	-2.00130	1.02869	-0.40771	-1.83202	1.04259	-0.23989	-2.00156	1.03487	-0.31117	-2.02893	1.03906	-0.33272	-2.02981	1.03441	-0.38162	-2.02903	0.97873	-0.32706	-2.04149	0.96258	-0.36157	-1.93933	0.59164	-0.55328	-1.95361	0.48742	-0.49861	-1.88508	0.76060	-0.54969	-1.93485	0.76085	-0.54770	-1.88346	0.70082	-0.54402	-1.94756	0.68481	-0.54085	-2.06883	0.37642	-0.54635	-2.30787	0.22102	-0.45891	-2.06250	0.34535	-0.38147	-2.04388	0.31797	-0.41847	-2.11157	0.31177	-0.37857	-2.07793	0.28171	-0.42701	-2.29863	0.07952	-0.41767	-2.29436	0.08031	-0.37021	-2.35508	0.25647	-0.41716	-2.30825	0.15798	-0.47941	-2.26525	0.14929	-0.45200	-2.32294	0.09997	-0.47392	-2.29570	0.08251	-0.45494	-1.73859	0.64030	-0.17350	-1.70861	0.52068	-0.24482	-1.74739	0.80154	-0.18308	-1.78725	0.78273	-0.15831	-1.72934	0.74669	-0.19710	-1.77447	0.70817	-0.16771	-1.68752	0.36433	-0.19930	-1.70661	0.07934	-0.28916	-1.69109	0.34341	-0.36264	-1.65014	0.33938	-0.33507	-1.69353	0.28334	-0.36804	-1.63811	0.29082	-0.33095	-1.56392	0.05628	-0.31049	-1.55499	0.05755	-0.34768	-1.75580	0.04929	-0.33637	-1.65705	0.07979	-0.26663	-1.63790	0.10744	-0.30303	-1.60237	0.05512	-0.25788	-1.57730	0.07075	-0.28106	-1.89218	0.95572	-0.26368	-1.89083	0.93710	-0.44215	-1.72166	0.51931	-0.29565	-1.95348	0.48694	-0.44612	-1.71691	0.08128	-0.32255	-2.31057	0.22757	-0.42464	-2.00143	1.03178	-0.35944	-1.83291	1.02739	-0.36492	
26	0.25000	-1.80908	1.69584	-0.37664	-1.80050	1.68606	-0.25547	-1.94179	1.59297	-0.37498	-1.92091	1.59588	-0.23951	-1.94789	1.48215	-0.34202	-1.82164	1.39946	-0.34008	-1.80691	1.23167	-0.35938	-2.00735	1.36121	-0.24753	-1.99220	1.20679	-0.36736	-1.77239	1.33109	-0.33055	-1.76260	1.33673	-0.37795	-1.75482	1.27111	-0.33608	-1.74262	1.29606	-0.39874	-1.90742	1.45235	-0.53556	-1.96517	1.09739	-0.59176	-1.82618	0.86046	-0.60946	-1.88869	0.86112	-0.65094	-1.84434	0.80472	-0.65888	-1.93009	1.39845	-0.14881	-2.03303	1.06322	-0.16343	-1.94555	0.80111	-0.15769	-2.01889	0.79892	-0.15258	-1.98559	0.73094	-0.13134	-1.82094	1.01372	-0.49002	-1.98801	1.03023	-0.40670	-1.81765	1.04367	-0.23961	-1.98780	1.03696	-0.31010	-2.01536	1.04111	-0.33163	-2.01647	1.03622	-0.38053	-2.01551	0.98084	-0.32568	-2.02811	0.96447	-0.36007	-1.91161	0.58995	-0.55367	-1.92580	0.48625	-0.49931	-1.86611	0.76063	-0.54950	-1.91568	0.75915	-0.54750	-1.86253	0.70084	-0.54373	-1.92577	0.68269	-0.54040	-2.04086	0.37680	-0.54746	-2.28418	0.22978	-0.46190	-2.03701	0.34717	-0.38219	-2.01925	0.31973	-0.41895	-2.08686	0.31502	-0.38018	-2.05293	0.28451	-0.42785	-2.28315	0.08664	-0.42017	-2.27934	0.08671	-0.37379	-2.32962	0.26791	-0.42008	-2.28888	0.16735	-0.48180	-2.24657	0.15611	-0.45523	-2.30718	0.10991	-0.47661	-2.28095	0.09074	-0.45793	-1.73454	0.63866	-0.17256	-1.70011	0.52021	-0.24495	-1.73625	0.80113	-0.18209	-1.77692	0.78333	-0.15755	-1.71911	0.74592	-0.19549	-1.76528	0.70837	-0.16669	-1.68092	0.36362	-0.19974	-1.70622	0.07961	-0.28951	-1.68620	0.34297	-0.36300	-1.64516	0.33808	-0.33564	-1.68983	0.28290	-0.36842	-1.63485	0.28915	-0.33155	-1.56347	0.05516	-0.31131	-1.55459	0.05578	-0.34846	-1.75536	0.04941	-0.33673	-1.65642	0.07998	-0.26708	-1.63752	0.10651	-0.30447	-1.60192	0.05494	-0.25832	-1.57696	0.07010	-0.28172	-1.87822	0.95701	-0.26339	-1.87792	0.93874	-0.44190	-1.70949	0.52051	-0.29661	-1.92833	0.48596	-0.44687	-1.71597	0.08178	-0.32305	-2.28762	0.23733	-0.42790	-1.98790	1.03360	-0.35840	-1.81930	1.02870	-0.36481	
27	0.26000	-1.79662	1.69801	-0.37613	-1.78813	1.68794	-0.25494	-1.92960	1.59517	-0.37489	-1.90861	1.59779	-0.23934	-1.93545	1.48398	-0.34160	-1.80799	1.40146	-0.34131	-1.79415	1.23378	-0.35950	-1.99409	1.36269	-0.24646	-1.97899	1.20835	-0.36641	-1.75914	1.33308	-0.33078	-1.74988	1.33894	-0.37859	-1.74176	1.27335	-0.33671	-1.72940	1.29783	-0.40000	-1.89591	1.45418	-0.53517	-1.95400	1.09924	-0.59048	-1.81894	0.85997	-0.60622	-1.88117	0.86161	-0.64829	-1.83830	0.80390	-0.65515	-1.91644	1.40049	-0.14836	-2.01487	1.06323	-0.16017	-1.91995	0.80360	-0.15155	-1.99314	0.79936	-0.14641	-1.95717	0.73289	-0.12386	-1.80859	1.01518	-0.48970	-1.97503	1.03169	-0.40563	-1.80347	1.04468	-0.23925	-1.97437	1.03894	-0.30894	-2.00213	1.04301	-0.33048	-2.00341	1.03790	-0.37934	-2.00227	0.98277	-0.32425	-2.01498	0.96626	-0.35853	-1.88570	0.58953	-0.55409	-1.89938	0.48596	-0.50002	-1.84698	0.76103	-0.54970	-1.89660	0.75806	-0.54686	-1.84168	0.70145	-0.54409	-1.90439	0.68149	-0.53997	-2.01274	0.37707	-0.54870	-2.26001	0.23707	-0.46410	-2.01156	0.34954	-0.38305	-1.99360	0.32177	-0.41960	-2.06226	0.31801	-0.38140	-2.02763	0.28725	-0.42898	-2.26642	0.09346	-0.42262	-2.26296	0.09313	-0.37704	-2.30370	0.27753	-0.42215	-2.26721	0.17589	-0.48394	-2.22574	0.16271	-0.45721	-2.28818	0.11926	-0.47978	-2.26334	0.09866	-0.46121	-1.73082	0.63551	-0.17273	-1.69264	0.51993	-0.24488	-1.72542	0.80067	-0.18097	-1.76727	0.78380	-0.15707	-1.70945	0.74530	-0.19412	-1.75679	0.70858	-0.16639	-1.67592	0.36329	-0.19968	-1.70564	0.07955	-0.28963	-1.68211	0.34269	-0.36322	-1.64125	0.33728	-0.33616	-1.68650	0.28273	-0.36868	-1.63123	0.28811	-0.33228	-1.56265	0.05407	-0.31133	-1.55409	0.05444	-0.34863	-1.75505	0.04967	-0.33694	-1.65593	0.07992	-0.26722	-1.63686	0.10612	-0.30472	-1.60148	0.05454	-0.25821	-1.57660	0.06932	-0.28167	-1.86448	0.95825	-0.26277	-1.86548	0.94030	-0.44131	-1.69823	0.52190	-0.29705	-1.90402	0.48561	-0.44773	-1.71450	0.08190	-0.32341	-2.26415	0.24570	-0.43043	-1.97470	1.03532	-0.35729	-1.80603	1.02993	-0.36447	
28	0.27000	-1.78421	1.70020	-0.37586	-1.77569	1.68991	-0.25472	-1.91744	1.59752	-0.37489	-1.89642	1.59988	-0.23926	-1.92307	1.48599	-0.34129	-1.79555	1.40356	-0.34185	-1.77756	1.23617	-0.35936	-1.98096	1.36447	-0.24525	-1.96599	1.21004	-0.36531	-1.74589	1.33478	-0.33106	-1.73726	1.34118	-0.37952	-1.72866	1.27559	-0.33780	-1.71751	1.30060	-0.40047	-1.88454	1.45588	-0.53511	-1.94301	1.10094	-0.58924	-1.81209	0.85958	-0.60288	-1.87359	0.86208	-0.64564	-1.83223	0.80319	-0.65153	-1.90263	1.40252	-0.14786	-1.99675	1.06330	-0.15673	-1.89435	0.80694	-0.14509	-1.96726	0.80011	-0.14012	-1.92905	0.73537	-0.11653	-1.79613	1.01683	-0.48956	-1.96230	1.03309	-0.40454	-1.78969	1.04578	-0.23869	-1.96136	1.04066	-0.30761	-1.98930	1.04468	-0.32909	-1.99062	1.03949	-0.37819	-1.98937	0.98468	-0.32302	-2.00200	0.96775	-0.35698	-1.86313	0.59022	-0.55399	-1.87208	0.48657	-0.50047	-1.82870	0.76255	-0.54954	-1.87794	0.75806	-0.54628	-1.82150	0.70313	-0.54410	-1.88356	0.68131	-0.53949	-1.98455	0.37746	-0.54997	-2.23481	0.24409	-0.46618	-1.98555	0.35198	-0.38378	-1.96730	0.32402	-0.42023	-2.03665	0.32105	-0.38256	-2.00419	0.28933	-0.42918	-2.24669	0.10071	-0.42527	-2.24474	0.09955	-0.37948	-2.27747	0.28565	-0.42380	-2.24340	0.18329	-0.48604	-2.20286	0.16865	-0.45895	-2.26643	0.12747	-0.48262	-2.24279	0.10578	-0.46391	-1.72631	0.63549	-0.17253	-1.68621	0.51983	-0.24452	-1.71530	0.80074	-0.17986	-1.75748	0.78427	-0.15658	-1.69995	0.74508	-0.19326	-1.74818	0.70892	-0.16591	-1.67165	0.36288	-0.19992	-1.70523	0.07956	-0.28976	-1.67783	0.34240	-0.36318	-1.63782	0.33649	-0.33592	-1.68440	0.28250	-0.36837	-1.62714	0.28734	-0.33252	-1.56223	0.05334	-0.31159	-1.55391	0.05349	-0.34906	-1.75456	0.04986	-0.33730	-1.65547	0.07996	-0.26737	-1.63602	0.10569	-0.30512	-1.60093	0.05431	-0.25842	-1.57625	0.06877	-0.28193	-1.85093	0.95946	-0.26229	-1.85285	0.94192	-0.44086	-1.68950	0.52275	-0.29684	-1.87568	0.48592	-0.44810	-1.71358	0.08208	-0.32366	-2.23931	0.25334	-0.43273	-1.96183	1.03687	-0.35607	-1.79291	1.03131	-0.36412	
29	0.28000	-1.77171	1.70250	-0.37570	-1.76343	1.69204	-0.25459	-1.90525	1.59994	-0.37505	-1.88424	1.60210	-0.23938	-1.91079	1.48806	-0.34101	-1.79181	1.40511	-0.34045	-1.76487	1.23824	-0.35950	-1.96797	1.36648	-0.24395	-1.95316	1.21187	-0.36415	-1.73699	1.33771	-0.33347	-1.72487	1.34346	-0.38046	-1.71581	1.27777	-0.33882	-1.70453	1.30257	-0.40176	-1.87321	1.45754	-0.53502	-1.93220	1.10260	-0.58804	-1.80776	0.85904	-0.59927	-1.86601	0.86259	-0.64297	-1.82592	0.80256	-0.64769	-1.88869	1.40467	-0.14741	-1.97864	1.06366	-0.15321	-1.86887	0.81038	-0.13942	-1.94127	0.80111	-0.13344	-1.90110	0.73836	-0.10980	-1.78347	1.01844	-0.48921	-1.94952	1.03436	-0.40344	-1.77629	1.04709	-0.23806	-1.94840	1.04254	-0.30698	-1.97650	1.04647	-0.32846	-1.97802	1.04113	-0.37726	-1.97672	0.98642	-0.32199	-1.98936	0.96938	-0.35581	-1.84153	0.59184	-0.55371	-1.84511	0.48801	-0.50080	-1.81079	0.76463	-0.54944	-1.85987	0.75900	-0.54594	-1.80198	0.70536	-0.54404	-1.86334	0.68206	-0.53903	-1.95589	0.37804	-0.55092	-2.20893	0.25013	-0.46782	-1.95924	0.35451	-0.38441	-1.94085	0.32647	-0.42100	-2.01070	0.32416	-0.38361	-1.97804	0.29230	-0.43025	-2.22383	0.10720	-0.42863	-2.22220	0.10525	-0.38298	-2.25103	0.29241	-0.42504	-2.21845	0.18997	-0.48771	-2.17849	0.17456	-0.46045	-2.24246	0.13493	-0.48581	-2.21956	0.11242	-0.46711	-1.71692	0.63680	-0.17208	-1.68032	0.51978	-0.24411	-1.70510	0.80087	-0.17900	-1.74776	0.78496	-0.15601	-1.69055	0.74513	-0.19255	-1.73929	0.70961	-0.16567	-1.66859	0.36256	-0.19967	-1.70504	0.07961	-0.28987	-1.67417	0.34223	-0.36293	-1.63325	0.33577	-0.33566	-1.68095	0.28232	-0.36824	-1.62289	0.28676	-0.33221	-1.56187	0.05275	-0.31203	-1.55376	0.05262	-0.34981	-1.75442	0.05004	-0.33723	-1.65518	0.08008	-0.26758	-1.63563	0.10561	-0.30549	-1.60060	0.05418	-0.25863	-1.57601	0.06830	-0.28222	-1.83766	0.96084	-0.26172	-1.84011	0.94353	-0.44032	-1.68474	0.52236	-0.29636	-1.84704	0.48712	-0.44834	-1.71334	0.08227	-0.32377	-2.21380	0.26002	-0.43460	-1.94896	1.03845	-0.35521	-1.77988	1.03277	-0.36363	
30	0.29000	-1.75940	1.70480	-0.37582	-1.75117	1.69423	-0.25477	-1.89311	1.60231	-0.37543	-1.87209	1.60433	-0.23969	-1.89860	1.49018	-0.34078	-1.77847	1.40711	-0.34185	-1.75201	1.24058	-0.35996	-1.95509	1.36867	-0.24259	-1.94048	1.21377	-0.36298	-1.72395	1.33994	-0.33439	-1.71260	1.34586	-0.38160	-1.70300	1.28020	-0.34005	-1.69206	1.30493	-0.40305	-1.86229	1.45940	-0.53508	-1.92157	1.10431	-0.58683	-1.80096	0.85903	-0.59604	-1.85829	0.86326	-0.64035	-1.81946	0.80222	-0.64388	-1.87474	1.40701	-0.14697	-1.96042	1.06404	-0.14956	-1.84445	0.81416	-0.13305	-1.91527	0.80275	-0.12696	-1.87194	0.74210	-0.10180	-1.77133	1.02052	-0.48860	-1.93755	1.03645	-0.40308	-1.76334	1.04868	-0.23730	-1.93583	1.04460	-0.30662	-1.96393	1.04816	-0.32773	-1.96554	1.04280	-0.37659	-1.96415	0.98815	-0.32125	-1.97692	0.97109	-0.35495	-1.82032	0.59409	-0.55344	-1.81729	0.49019	-0.50105	-1.79341	0.76726	-0.54914	-1.84183	0.76049	-0.54526	-1.78297	0.70821	-0.54396	-1.84420	0.68358	-0.53848	-1.92735	0.37884	-0.55124	-2.18275	0.25577	-0.46894	-1.93348	0.35792	-0.38496	-1.91435	0.32946	-0.42140	-1.98458	0.32753	-0.38441	-1.95130	0.29551	-0.43113	-2.19656	0.11275	-0.43243	-2.19602	0.10965	-0.38689	-2.22580	0.29772	-0.42565	-2.19125	0.19680	-0.48954	-2.15186	0.18117	-0.46194	-2.21476	0.14157	-0.48935	-2.19219	0.11883	-0.47077	-1.70609	0.63800	-0.17182	-1.67472	0.51966	-0.24374	-1.69510	0.80099	-0.17841	-1.73793	0.78562	-0.15555	-1.68110	0.74524	-0.19218	-1.73056	0.71028	-0.16559	-1.66695	0.36202	-0.19901	-1.70475	0.07959	-0.28999	-1.66962	0.34201	-0.36262	-1.62935	0.33488	-0.33499	-1.67591	0.28210	-0.36858	-1.62105	0.28534	-0.33119	-1.56138	0.05214	-0.31200	-1.55356	0.05194	-0.35005	-1.75442	0.05118	-0.33709	-1.65497	0.08009	-0.26745	-1.63511	0.10539	-0.30559	-1.60048	0.05393	-0.25847	-1.57588	0.06784	-0.28213	-1.82496	0.96259	-0.26101	-1.82798	0.94563	-0.43963	-1.68134	0.52161	-0.29579	-1.81680	0.48917	-0.44857	-1.71279	0.08234	-0.32394	-2.18790	0.26622	-0.43593	-1.93669	1.04053	-0.35485	-1.76734	1.03460	-0.36295	
31	0.30000	-1.74711	1.70709	-0.37601	-1.73903	1.69646	-0.25495	-1.88099	1.60465	-0.37591	-1.86000	1.60660	-0.24010	-1.88653	1.49230	-0.34060	-1.76411	1.40978	-0.34262	-1.73976	1.24283	-0.36046	-1.94216	1.37096	-0.24125	-1.92802	1.21575	-0.36193	-1.71060	1.34199	-0.33473	-1.70044	1.34826	-0.38274	-1.69035	1.28270	-0.34121	-1.67962	1.30750	-0.40431	-1.85117	1.46112	-0.53506	-1.91116	1.10612	-0.58558	-1.79365	0.85935	-0.59303	-1.85086	0.86404	-0.63762	-1.81296	0.80215	-0.64022	-1.86133	1.40947	-0.14683	-1.94210	1.06472	-0.14588	-1.81746	0.81873	-0.12761	-1.88929	0.80481	-0.12051	-1.84354	0.74609	-0.09445	-1.75907	1.02286	-0.48802	-1.92516	1.03831	-0.40256	-1.75072	1.05045	-0.23657	-1.92344	1.04646	-0.30616	-1.95144	1.05000	-0.32730	-1.95314	1.04466	-0.37618	-1.95178	0.98999	-0.32079	-1.96457	0.97294	-0.35451	-1.79963	0.59664	-0.55290	-1.79219	0.49329	-0.50104	-1.77596	0.77008	-0.54889	-1.82419	0.76238	-0.54470	-1.76427	0.71134	-0.54380	-1.82489	0.68542	-0.53793	-1.89983	0.38073	-0.55124	-2.15636	0.26121	-0.47009	-1.90692	0.36126	-0.38534	-1.88761	0.33282	-0.42186	-1.95814	0.33090	-0.38497	-1.92527	0.29873	-0.43168	-2.16721	0.11673	-0.43674	-2.16653	0.11271	-0.39135	-2.20104	0.30124	-0.42583	-2.16248	0.20327	-0.49175	-2.12353	0.18766	-0.46382	-2.18485	0.14695	-0.49311	-2.16182	0.12441	-0.47458	-1.69523	0.63847	-0.17199	-1.66948	0.51925	-0.24338	-1.68522	0.80118	-0.17809	-1.72828	0.78634	-0.15531	-1.67195	0.74524	-0.19197	-1.72199	0.71085	-0.16550	-1.66617	0.36137	-0.19821	-1.70479	0.07960	-0.29003	-1.66573	0.34147	-0.36218	-1.62589	0.33388	-0.33427	-1.67443	0.28159	-0.36773	-1.61907	0.28404	-0.32998	-1.56095	0.05171	-0.31197	-1.55342	0.05139	-0.35035	-1.75374	0.04978	-0.33756	-1.65477	0.08002	-0.26738	-1.63455	0.10513	-0.30565	-1.60160	0.05359	-0.25791	-1.57561	0.06739	-0.28202	-1.81232	0.96436	-0.26043	-1.81559	0.94782	-0.43909	-1.67842	0.52060	-0.29509	-1.79044	0.49229	-0.44857	-1.71241	0.08244	-0.32407	-2.16193	0.27229	-0.43736	-1.92430	1.04239	-0.35436	-1.75490	1.03665	-0.36229	
32	0.31000	-1.73483	1.70932	-0.37650	-1.72688	1.69864	-0.25543	-1.86887	1.60692	-0.37650	-1.84793	1.60883	-0.24068	-1.87449	1.49440	-0.34047	-1.74712	1.41332	-0.34471	-1.72778	1.24507	-0.36070	-1.92934	1.37337	-0.24003	-1.91564	1.21777	-0.36094	-1.69576	1.34339	-0.33386	-1.68836	1.35069	-0.38386	-1.67766	1.28523	-0.34236	-1.66722	1.31023	-0.40574	-1.84039	1.46291	-0.53517	-1.90092	1.10799	-0.58428	-1.78676	0.85990	-0.58998	-1.84326	0.86491	-0.63485	-1.80650	0.80235	-0.63672	-1.84753	1.41208	-0.14648	-1.92367	1.06566	-0.14219	-1.79235	0.82381	-0.12220	-1.86334	0.80738	-0.11426	-1.81519	0.75096	-0.08736	-1.74681	1.02538	-0.48717	-1.91306	1.04040	-0.40225	-1.73836	1.05225	-0.23569	-1.91111	1.04837	-0.30589	-1.93890	1.05190	-0.32721	-1.94077	1.04669	-0.37592	-1.93959	0.99201	-0.32057	-1.95229	0.97493	-0.35434	-1.77901	0.59929	-0.55231	-1.76514	0.49673	-0.50132	-1.75850	0.77319	-0.54883	-1.80655	0.76443	-0.54418	-1.74555	0.71474	-0.54396	-1.80578	0.68759	-0.53751	-1.87340	0.38459	-0.55153	-2.13010	0.26600	-0.47085	-1.87976	0.36482	-0.38597	-1.86084	0.33622	-0.42217	-1.93122	0.33426	-0.38537	-1.89849	0.30221	-0.43199	-2.13510	0.11999	-0.44124	-2.13468	0.11456	-0.39585	-2.17594	0.30303	-0.42585	-2.13362	0.20779	-0.49374	-2.09420	0.19333	-0.46593	-2.15366	0.15108	-0.49657	-2.12957	0.12919	-0.47837	-1.68550	0.63896	-0.17212	-1.66535	0.51855	-0.24294	-1.67557	0.80144	-0.17763	-1.71870	0.78700	-0.15537	-1.66318	0.74514	-0.19162	-1.71367	0.71148	-0.16535	-1.66489	0.36073	-0.19751	-1.70471	0.07959	-0.29014	-1.66279	0.34077	-0.36180	-1.62267	0.33282	-0.33351	-1.67162	0.28124	-0.36746	-1.61628	0.28298	-0.32922	-1.56071	0.05133	-0.31219	-1.55335	0.05080	-0.35082	-1.75403	0.05042	-0.33738	-1.65467	0.08010	-0.26740	-1.63595	0.10514	-0.30515	-1.60155	0.05347	-0.25792	-1.57550	0.06706	-0.28211	-1.79993	0.96621	-0.25975	-1.80327	0.95018	-0.43845	-1.67653	0.51942	-0.29423	-1.76084	0.49591	-0.44901	-1.71231	0.08255	-0.32418	-2.13551	0.27689	-0.43803	-1.91208	1.04439	-0.35407	-1.74258	1.03881	-0.36143	
33	0.32000	-1.72266	1.71146	-0.37711	-1.71482	1.70090	-0.25608	-1.85667	1.60913	-0.37717	-1.83588	1.61109	-0.24135	-1.86245	1.49648	-0.34032	-1.73436	1.41564	-0.34525	-1.71550	1.24747	-0.36115	-1.91650	1.37587	-0.23881	-1.90340	1.21984	-0.36011	-1.68338	1.34597	-0.33496	-1.67635	1.35309	-0.38501	-1.66526	1.28782	-0.34332	-1.65890	1.31208	-0.40628	-1.82952	1.46468	-0.53509	-1.89084	1.10991	-0.58289	-1.77964	0.86054	-0.58703	-1.83578	0.86593	-0.63210	-1.79968	0.80277	-0.63307	-1.83377	1.41480	-0.14621	-1.90512	1.06683	-0.13846	-1.76716	0.82890	-0.11677	-1.83714	0.81038	-0.10814	-1.78700	0.75625	-0.08040	-1.73437	1.02808	-0.48646	-1.89913	1.04220	-0.40167	-1.72627	1.05411	-0.23488	-1.89896	1.05047	-0.30563	-1.92675	1.05404	-0.32690	-1.92846	1.04882	-0.37562	-1.92741	0.99410	-0.32050	-1.94020	0.97717	-0.35427	-1.75835	0.60216	-0.55181	-1.73946	0.50075	-0.50136	-1.74140	0.77663	-0.54887	-1.78979	0.76708	-0.54376	-1.72735	0.71841	-0.54418	-1.78673	0.68999	-0.53715	-1.84746	0.38996	-0.55201	-2.10258	0.26906	-0.47102	-1.85249	0.36798	-0.38649	-1.83371	0.33962	-0.42268	-1.90413	0.33753	-0.38576	-1.87125	0.30546	-0.43253	-2.10138	0.12223	-0.44582	-2.10056	0.11541	-0.40058	-2.15060	0.30290	-0.42538	-2.10375	0.21166	-0.49556	-2.06389	0.19846	-0.46756	-2.12087	0.15421	-0.50030	-2.09605	0.13295	-0.48256	-1.67785	0.63947	-0.17167	-1.66077	0.51799	-0.24244	-1.66625	0.80139	-0.17735	-1.70968	0.78776	-0.15508	-1.65499	0.74503	-0.19163	-1.70545	0.71205	-0.16517	-1.66269	0.36021	-0.19697	-1.70464	0.07960	-0.29023	-1.65954	0.34047	-0.36152	-1.61977	0.33204	-0.33296	-1.66905	0.28100	-0.36727	-1.61417	0.28202	-0.32878	-1.56058	0.05103	-0.31220	-1.55325	0.05028	-0.35121	-1.75394	0.05051	-0.33738	-1.65443	0.08010	-0.26744	-1.63559	0.10509	-0.30536	-1.60148	0.05335	-0.25786	-1.57535	0.06686	-0.28221	-1.78767	0.96805	-0.25931	-1.79077	0.95263	-0.43807	-1.67266	0.51884	-0.29357	-1.73344	0.50023	-0.44921	-1.71209	0.08267	-0.32429	-2.10767	0.27937	-0.43796	-1.89904	1.04633	-0.35365	-1.73032	1.04109	-0.36067	
34	0.33000	-1.71042	1.71352	-0.37789	-1.70271	1.70310	-0.25684	-1.84456	1.61129	-0.37793	-1.82385	1.61341	-0.24205	-1.85043	1.49859	-0.34024	-1.72732	1.41667	-0.34459	-1.70277	1.24985	-0.36145	-1.90367	1.37846	-0.23763	-1.89129	1.22187	-0.35930	-1.67314	1.34944	-0.33770	-1.66446	1.35549	-0.38592	-1.65241	1.29049	-0.34417	-1.64576	1.31424	-0.40749	-1.81874	1.46641	-0.53510	-1.88092	1.11184	-0.58142	-1.77207	0.86150	-0.58423	-1.82824	0.86710	-0.62932	-1.79288	0.80350	-0.62980	-1.82008	1.41767	-0.14608	-1.88651	1.06824	-0.13482	-1.74382	0.83466	-0.11214	-1.81155	0.81393	-0.10234	-1.75938	0.76205	-0.07360	-1.72255	1.03108	-0.48557	-1.88871	1.04504	-0.40187	-1.71436	1.05581	-0.23406	-1.89141	1.05350	-0.30372	-1.91481	1.05631	-0.32638	-1.91619	1.05118	-0.37550	-1.91539	0.99636	-0.32039	-1.92818	0.97952	-0.35431	-1.73759	0.60538	-0.55135	-1.71409	0.50520	-0.50138	-1.72568	0.78071	-0.54850	-1.77267	0.76972	-0.54365	-1.70959	0.72270	-0.54386	-1.76802	0.69273	-0.53701	-1.82182	0.39623	-0.55244	-2.07514	0.27068	-0.47145	-1.82549	0.37082	-0.38691	-1.80585	0.34290	-0.42371	-1.87649	0.34009	-0.38639	-1.84298	0.30857	-0.43338	-2.06626	0.12354	-0.45032	-2.06506	0.11543	-0.40528	-2.12448	0.30117	-0.42511	-2.07293	0.21481	-0.49741	-2.03317	0.20238	-0.46960	-2.08719	0.15644	-0.50388	-2.06137	0.13585	-0.48659	-1.67421	0.63945	-0.17145	-1.65657	0.51758	-0.24200	-1.65779	0.80144	-0.17737	-1.70294	0.78841	-0.15557	-1.64686	0.74469	-0.19124	-1.70073	0.71293	-0.16567	-1.65959	0.35986	-0.19667	-1.70459	0.07961	-0.29031	-1.65742	0.34000	-0.36160	-1.61742	0.33131	-0.33283	-1.66653	0.28099	-0.36733	-1.61202	0.28130	-0.32882	-1.56023	0.05074	-0.31237	-1.55313	0.04986	-0.35160	-1.75411	0.05038	-0.33632	-1.65432	0.08009	-0.26743	-1.63562	0.10512	-0.30550	-1.60145	0.05326	-0.25780	-1.57576	0.06660	-0.28182	-1.77603	0.97008	-0.25882	-1.77919	0.95556	-0.43765	-1.66690	0.51903	-0.29345	-1.70676	0.50503	-0.44939	-1.71178	0.08277	-0.32442	-2.07983	0.28015	-0.43809	-1.89006	1.04927	-0.35279	-1.71845	1.04345	-0.35982	
35	0.34000	-1.69831	1.71550	-0.37884	-1.69059	1.70532	-0.25774	-1.83249	1.61337	-0.37869	-1.81190	1.61576	-0.24282	-1.83843	1.50060	-0.34024	-1.71067	1.42006	-0.34649	-1.69159	1.25205	-0.36144	-1.89094	1.38106	-0.23655	-1.87929	1.22390	-0.35851	-1.65847	1.35099	-0.33699	-1.65255	1.35766	-0.38679	-1.63921	1.29303	-0.34517	-1.63346	1.31663	-0.40840	-1.80761	1.46808	-0.53513	-1.87121	1.11373	-0.57990	-1.76467	0.86249	-0.58128	-1.82056	0.86831	-0.62654	-1.78591	0.80436	-0.62665	-1.80653	1.42063	-0.14591	-1.86783	1.06986	-0.13121	-1.72151	0.84008	-0.10660	-1.78587	0.81781	-0.09655	-1.73158	0.76811	-0.06709	-1.71044	1.03404	-0.48487	-1.87488	1.04702	-0.40125	-1.70263	1.05743	-0.23339	-1.87411	1.05469	-0.30521	-1.90262	1.05866	-0.32652	-1.90405	1.05362	-0.37536	-1.90345	0.99865	-0.32039	-1.91623	0.98194	-0.35433	-1.71674	0.60910	-0.55135	-1.68909	0.51003	-0.50150	-1.70639	0.78452	-0.54930	-1.75519	0.77261	-0.54376	-1.69048	0.72708	-0.54496	-1.74897	0.69587	-0.53722	-1.79648	0.40268	-0.55291	-2.04682	0.27073	-0.47197	-1.79788	0.37335	-0.38760	-1.77810	0.34580	-0.42467	-1.84849	0.34197	-0.38719	-1.81499	0.31101	-0.43430	-2.03025	0.12410	-0.45452	-2.02885	0.11469	-0.40959	-2.09758	0.29793	-0.42481	-2.04202	0.21582	-0.49890	-2.00155	0.20455	-0.47074	-2.05279	0.15733	-0.50719	-2.02607	0.13767	-0.49041	-1.67058	0.63924	-0.17127	-1.65190	0.51725	-0.24158	-1.64898	0.80102	-0.17696	-1.69443	0.78884	-0.15539	-1.63912	0.74426	-0.19080	-1.69273	0.71314	-0.16527	-1.65594	0.35951	-0.19655	-1.70457	0.07967	-0.29036	-1.65519	0.33986	-0.36141	-1.61524	0.33074	-0.33286	-1.66496	0.28086	-0.36749	-1.61027	0.28070	-0.32903	-1.56002	0.05050	-0.31259	-1.55244	0.05026	-0.35234	-1.75387	0.05071	-0.33719	-1.65424	0.08009	-0.26747	-1.63499	0.10481	-0.30576	-1.60138	0.05321	-0.25777	-1.57571	0.06644	-0.28183	-1.76403	0.97167	-0.25860	-1.76693	0.95809	-0.43750	-1.66030	0.51931	-0.29337	-1.68068	0.51024	-0.44968	-1.71153	0.08292	-0.32451	-2.05106	0.27919	-0.43827	-1.87449	1.05085	-0.35323	-1.70653	1.04573	-0.35913	
36	0.35000	-1.68611	1.71729	-0.37989	-1.67841	1.70748	-0.25882	-1.82042	1.61536	-0.37945	-1.79987	1.61811	-0.24368	-1.82647	1.50256	-0.34034	-1.69857	1.42241	-0.34699	-1.67985	1.25410	-0.36139	-1.87830	1.38357	-0.23549	-1.86740	1.22585	-0.35776	-1.64672	1.35296	-0.33736	-1.64066	1.35977	-0.38755	-1.62826	1.29507	-0.34573	-1.62094	1.31841	-0.40924	-1.79664	1.46970	-0.53514	-1.86165	1.11555	-0.57827	-1.75666	0.86362	-0.57870	-1.81287	0.86961	-0.62377	-1.77857	0.80530	-0.62353	-1.79302	1.42354	-0.14589	-1.84913	1.07160	-0.12774	-1.69567	0.84615	-0.10181	-1.76027	0.82211	-0.09096	-1.70464	0.77445	-0.06072	-1.69854	1.03691	-0.48410	-1.86388	1.04948	-0.40108	-1.69082	1.05890	-0.23276	-1.86247	1.05693	-0.30484	-1.89052	1.06093	-0.32629	-1.89187	1.05613	-0.37515	-1.89159	1.00094	-0.32030	-1.90435	0.98437	-0.35439	-1.69478	0.61334	-0.55179	-1.66452	0.51508	-0.50141	-1.68897	0.78854	-0.54918	-1.73831	0.77587	-0.54372	-1.67175	0.73156	-0.54478	-1.72969	0.69910	-0.53776	-1.77120	0.40872	-0.55325	-2.01717	0.26884	-0.47242	-1.77027	0.37557	-0.38838	-1.75015	0.34853	-0.42579	-1.82006	0.34339	-0.38794	-1.78649	0.31315	-0.43550	-1.99389	0.12364	-0.45819	-1.99194	0.11329	-0.41365	-2.07006	0.29318	-0.42472	-2.00901	0.21582	-0.50030	-1.96906	0.20595	-0.47188	-2.01792	0.15702	-0.51028	-1.99027	0.13822	-0.49386	-1.66664	0.63924	-0.17089	-1.64788	0.51685	-0.24114	-1.64090	0.80058	-0.17646	-1.68707	0.78906	-0.15516	-1.63414	0.74346	-0.19028	-1.68599	0.71335	-0.16512	-1.65224	0.35917	-0.19648	-1.70444	0.07968	-0.29048	-1.65306	0.33972	-0.36122	-1.61339	0.33026	-0.33256	-1.66417	0.28064	-0.36689	-1.60882	0.28002	-0.32905	-1.55974	0.05037	-0.31265	-1.55229	0.04981	-0.35275	-1.75331	0.05049	-0.33726	-1.65506	0.07939	-0.26750	-1.63492	0.10475	-0.30590	-1.60132	0.05315	-0.25777	-1.57585	0.06641	-0.28184	-1.75233	0.97337	-0.25833	-1.75516	0.96077	-0.43731	-1.65485	0.51934	-0.29312	-1.65634	0.51547	-0.44955	-1.71143	0.08305	-0.32461	-2.02100	0.27626	-0.43843	-1.86317	1.05321	-0.35296	-1.69468	1.04790	-0.35843	
37	0.36000	-1.67406	1.71896	-0.38108	-1.66641	1.70959	-0.25997	-1.80841	1.61719	-0.38031	-1.78792	1.62033	-0.24445	-1.81448	1.50436	-0.34043	-1.68610	1.42433	-0.34790	-1.66764	1.25618	-0.36141	-1.86576	1.38593	-0.23449	-1.85555	1.22770	-0.35697	-1.63504	1.35477	-0.33763	-1.62874	1.36169	-0.38840	-1.61720	1.29689	-0.34601	-1.61026	1.32019	-0.40993	-1.78551	1.47112	-0.53510	-1.85220	1.11730	-0.57661	-1.74869	0.86477	-0.57600	-1.80479	0.87085	-0.62115	-1.77155	0.80628	-0.62054	-1.77930	1.42644	-0.14572	-1.83042	1.07341	-0.12437	-1.66778	0.85254	-0.09649	-1.73487	0.82658	-0.08556	-1.67775	0.78108	-0.05477	-1.68640	1.03958	-0.48350	-1.85189	1.05189	-0.40080	-1.67710	1.06045	-0.23200	-1.85029	1.05892	-0.30451	-1.87849	1.06309	-0.32613	-1.87983	1.05855	-0.37499	-1.87988	1.00312	-0.32032	-1.89248	0.98671	-0.35445	-1.67147	0.61790	-0.55263	-1.64045	0.52004	-0.50157	-1.67155	0.79299	-0.54904	-1.71854	0.77894	-0.54492	-1.65290	0.73604	-0.54410	-1.71044	0.70255	-0.53850	-1.74637	0.41401	-0.55333	-1.98770	0.26570	-0.47301	-1.74284	0.37742	-0.38907	-1.72252	0.35106	-0.42655	-1.79168	0.34410	-0.38871	-1.75764	0.31491	-0.43678	-1.95644	0.12251	-0.46151	-1.95454	0.11118	-0.41711	-2.04188	0.28692	-0.42483	-1.97860	0.21434	-0.50163	-1.93640	0.20556	-0.47323	-1.98215	0.15561	-0.51305	-1.95384	0.13781	-0.49701	-1.66155	0.63931	-0.17028	-1.64417	0.51639	-0.24065	-1.63393	0.80019	-0.17580	-1.67973	0.78935	-0.15506	-1.62532	0.74284	-0.18900	-1.67872	0.71342	-0.16498	-1.64925	0.35884	-0.19653	-1.70443	0.07974	-0.29058	-1.65086	0.33958	-0.36094	-1.61138	0.32978	-0.33228	-1.66232	0.28062	-0.36681	-1.60690	0.27955	-0.32879	-1.55969	0.05008	-0.31285	-1.55268	0.04941	-0.35293	-1.75461	0.05136	-0.33603	-1.65493	0.07938	-0.26762	-1.63489	0.10467	-0.30596	-1.60132	0.05315	-0.25777	-1.57586	0.06617	-0.28173	-1.73887	0.97511	-0.25763	-1.74283	0.96331	-0.43664	-1.65030	0.51921	-0.29272	-1.63377	0.52017	-0.44950	-1.71144	0.08322	-0.32470	-1.99119	0.27221	-0.43880	-1.85109	1.05540	-0.35266	-1.68175	1.05001	-0.35775	
38	0.37000	-1.66187	1.72041	-0.38234	-1.65429	1.71146	-0.26118	-1.79637	1.61876	-0.38116	-1.77589	1.62248	-0.24535	-1.80256	1.50603	-0.34054	-1.67501	1.42586	-0.34788	-1.65562	1.25803	-0.36130	-1.85332	1.38819	-0.23358	-1.84374	1.22941	-0.35619	-1.62304	1.35713	-0.33894	-1.61669	1.36365	-0.38901	-1.60444	1.29892	-0.34674	-1.59846	1.32173	-0.41050	-1.77435	1.47243	-0.53521	-1.84283	1.11890	-0.57493	-1.74062	0.86588	-0.57349	-1.79706	0.87204	-0.61848	-1.76380	0.80733	-0.61776	-1.76614	1.42922	-0.14578	-1.81180	1.07528	-0.12109	-1.64342	0.85894	-0.09185	-1.70962	0.83138	-0.08034	-1.65100	0.78780	-0.04917	-1.67437	1.04207	-0.48279	-1.84003	1.05418	-0.40054	-1.66704	1.06141	-0.23152	-1.83945	1.06095	-0.30410	-1.86690	1.06509	-0.32559	-1.86783	1.06082	-0.37468	-1.86809	1.00510	-0.32030	-1.88069	0.98887	-0.35461	-1.64824	0.62275	-0.55395	-1.61707	0.52495	-0.50167	-1.65395	0.79742	-0.54884	-1.70226	0.78235	-0.54517	-1.63409	0.74091	-0.54458	-1.69080	0.70563	-0.53935	-1.72113	0.41832	-0.55361	-1.95755	0.26131	-0.47362	-1.71565	0.37923	-0.38965	-1.69494	0.35338	-0.42732	-1.76369	0.34411	-0.38957	-1.72863	0.31660	-0.43781	-1.91812	0.12078	-0.46449	-1.91612	0.10855	-0.42030	-2.01322	0.27941	-0.42537	-1.94551	0.21179	-0.50289	-1.90305	0.20432	-0.47458	-1.94581	0.15309	-0.51556	-1.91655	0.13663	-0.49975	-1.65615	0.63930	-0.16979	-1.64078	0.51591	-0.24001	-1.62650	0.79966	-0.17506	-1.67179	0.78926	-0.15476	-1.61898	0.74213	-0.18851	-1.67240	0.71351	-0.16478	-1.64768	0.35846	-0.19619	-1.70446	0.07978	-0.29073	-1.64834	0.33932	-0.36047	-1.60910	0.32919	-0.33154	-1.65951	0.28065	-0.36695	-1.60555	0.27881	-0.32810	-1.55969	0.04993	-0.31283	-1.55241	0.04886	-0.35301	-1.75348	0.05071	-0.33702	-1.65498	0.07935	-0.26778	-1.63434	0.10411	-0.30630	-1.60134	0.05318	-0.25781	-1.57588	0.06615	-0.28171	-1.72879	0.97638	-0.25793	-1.73135	0.96564	-0.43704	-1.64699	0.51868	-0.29206	-1.61245	0.52473	-0.44937	-1.71125	0.08336	-0.32488	-1.96088	0.26716	-0.43927	-1.83974	1.05756	-0.35232	-1.67070	1.05174	-0.35715	
39	0.38000	-1.64975	1.72162	-0.38367	-1.64215	1.71322	-0.26253	-1.78435	1.62014	-0.38200	-1.76383	1.62440	-0.24623	-1.79062	1.50751	-0.34064	-1.66783	1.42657	-0.34715	-1.64388	1.25966	-0.36113	-1.84096	1.39022	-0.23280	-1.83196	1.23093	-0.35538	-1.61275	1.35975	-0.34106	-1.60446	1.36523	-0.38946	-1.59196	1.30088	-0.34732	-1.58614	1.32330	-0.41106	-1.76304	1.47354	-0.53521	-1.83352	1.12035	-0.57326	-1.73472	0.86679	-0.57107	-1.78880	0.87314	-0.61587	-1.75522	0.80834	-0.61507	-1.75309	1.43183	-0.14580	-1.79319	1.07708	-0.11792	-1.61913	0.86552	-0.08740	-1.68567	0.83664	-0.07521	-1.62470	0.79461	-0.04388	-1.66240	1.04435	-0.48205	-1.82812	1.05623	-0.40029	-1.65550	1.06229	-0.23081	-1.82711	1.06241	-0.30380	-1.85500	1.06692	-0.32560	-1.85598	1.06277	-0.37436	-1.85646	1.00684	-0.32040	-1.86895	0.99077	-0.35482	-1.62482	0.62775	-0.55535	-1.59437	0.52974	-0.50175	-1.63640	0.80185	-0.54873	-1.68211	0.78523	-0.54632	-1.61522	0.74574	-0.54438	-1.67006	0.70909	-0.54102	-1.69617	0.42148	-0.55366	-1.92709	0.25560	-0.47410	-1.68870	0.38080	-0.39002	-1.66762	0.35556	-0.42787	-1.73558	0.34409	-0.39011	-1.69978	0.31794	-0.43855	-1.87950	0.11839	-0.46705	-1.87686	0.10578	-0.42299	-1.98355	0.27002	-0.42578	-1.91186	0.20831	-0.50407	-1.86894	0.20355	-0.47580	-1.90860	0.14979	-0.51781	-1.87830	0.13503	-0.50219	-1.65020	0.63918	-0.16930	-1.63778	0.51538	-0.23929	-1.61897	0.79909	-0.17427	-1.66382	0.78920	-0.15460	-1.61149	0.74143	-0.18764	-1.66642	0.71361	-0.16457	-1.64744	0.35810	-0.19535	-1.70449	0.07983	-0.29101	-1.64642	0.33866	-0.35977	-1.60671	0.32853	-0.33047	-1.65717	0.28038	-0.36665	-1.60387	0.27798	-0.32689	-1.55944	0.04966	-0.31311	-1.55212	0.04865	-0.35340	-1.75403	0.05147	-0.33690	-1.65505	0.07936	-0.26794	-1.63514	0.10450	-0.30618	-1.60141	0.05320	-0.25785	-1.57605	0.06612	-0.28164	-1.71731	0.97750	-0.25773	-1.71956	0.96774	-0.43689	-1.64441	0.51813	-0.29129	-1.59224	0.52888	-0.44930	-1.71074	0.08346	-0.32526	-1.93039	0.26101	-0.43967	-1.82761	1.05932	-0.35204	-1.65895	1.05332	-0.35643	
40	0.39000	-1.63765	1.72260	-0.38509	-1.62999	1.71481	-0.26391	-1.77230	1.62124	-0.38285	-1.75181	1.62620	-0.24707	-1.77865	1.50878	-0.34077	-1.65042	1.42902	-0.34909	-1.63173	1.26101	-0.36093	-1.82861	1.39205	-0.23206	-1.82018	1.23227	-0.35455	-1.59863	1.36017	-0.33969	-1.59244	1.36652	-0.39007	-1.58092	1.30217	-0.34743	-1.57544	1.32407	-0.41180	-1.75173	1.47447	-0.53514	-1.82415	1.12157	-0.57165	-1.72635	0.86779	-0.56890	-1.78029	0.87406	-0.61336	-1.74685	0.80917	-0.61234	-1.74019	1.43420	-0.14579	-1.77468	1.07881	-0.11488	-1.59521	0.87206	-0.08308	-1.65969	0.84121	-0.07072	-1.59849	0.80140	-0.03898	-1.65047	1.04641	-0.48128	-1.81629	1.05800	-0.40013	-1.64430	1.06282	-0.23003	-1.81520	1.06360	-0.30365	-1.84330	1.06838	-0.32538	-1.84388	1.06438	-0.37434	-1.84481	1.00807	-0.32050	-1.85724	0.99238	-0.35518	-1.60197	0.63268	-0.55655	-1.57230	0.53425	-0.50181	-1.61900	0.80620	-0.54858	-1.66547	0.78873	-0.54757	-1.59647	0.75032	-0.54434	-1.65032	0.71299	-0.54295	-1.67144	0.42348	-0.55377	-1.89680	0.24887	-0.47455	-1.66215	0.38214	-0.39018	-1.64046	0.35757	-0.42807	-1.70776	0.34381	-0.39042	-1.67164	0.31889	-0.43874	-1.83978	0.11570	-0.46913	-1.83620	0.10249	-0.42537	-1.95346	0.25925	-0.42627	-1.87718	0.20357	-0.50481	-1.83465	0.20164	-0.47694	-1.87012	0.14615	-0.51990	-1.83897	0.13323	-0.50411	-1.64437	0.63911	-0.16872	-1.63505	0.51487	-0.23846	-1.61174	0.79847	-0.17369	-1.65706	0.78935	-0.15447	-1.60472	0.74078	-0.18668	-1.66038	0.71363	-0.16436	-1.64768	0.35771	-0.19453	-1.70473	0.07994	-0.29136	-1.64336	0.33822	-0.35919	-1.60452	0.32782	-0.32871	-1.65453	0.28010	-0.36621	-1.60189	0.27718	-0.32549	-1.55975	0.04943	-0.31300	-1.55173	0.04850	-0.35369	-1.75394	0.05169	-0.33718	-1.65511	0.07927	-0.26814	-1.63509	0.10438	-0.30636	-1.60146	0.05325	-0.25786	-1.57599	0.06616	-0.28174	-1.70614	0.97828	-0.25759	-1.70787	0.96961	-0.43681	-1.64222	0.51757	-0.29040	-1.57255	0.53267	-0.44933	-1.71040	0.08363	-0.32570	-1.90021	0.25402	-0.44010	-1.81574	1.06080	-0.35189	-1.64738	1.05461	-0.35565	
41	0.40000	-1.62558	1.72333	-0.38653	-1.61778	1.71619	-0.26536	-1.76029	1.62210	-0.38369	-1.73970	1.62775	-0.24796	-1.76671	1.50989	-0.34089	-1.64247	1.42911	-0.34808	-1.61969	1.26213	-0.36065	-1.81636	1.39368	-0.23135	-1.80845	1.23342	-0.35376	-1.58855	1.36242	-0.34192	-1.58047	1.36772	-0.39058	-1.56885	1.30339	-0.34784	-1.56320	1.32507	-0.41200	-1.74034	1.47509	-0.53519	-1.81477	1.12262	-0.57007	-1.71701	0.86861	-0.56658	-1.77159	0.87479	-0.61092	-1.73834	0.80988	-0.60986	-1.72742	1.43630	-0.14586	-1.75630	1.08042	-0.11193	-1.57111	0.87828	-0.07935	-1.63497	0.84619	-0.06619	-1.57253	0.80820	-0.03439	-1.63831	1.04820	-0.48049	-1.80447	1.05944	-0.40003	-1.63313	1.06313	-0.22904	-1.80376	1.06453	-0.30352	-1.83161	1.06925	-0.32517	-1.83207	1.06572	-0.37429	-1.83331	1.00909	-0.32083	-1.84558	0.99364	-0.35560	-1.57973	0.63736	-0.55760	-1.55090	0.53857	-0.50165	-1.60186	0.81041	-0.54832	-1.64784	0.79188	-0.54877	-1.57817	0.75513	-0.54433	-1.63100	0.71641	-0.54446	-1.64676	0.42438	-0.55388	-1.86508	0.24100	-0.47519	-1.63735	0.38314	-0.39038	-1.61427	0.35918	-0.42817	-1.68019	0.34327	-0.39052	-1.64260	0.31972	-0.43870	-1.79883	0.11275	-0.47112	-1.79499	0.09925	-0.42736	-1.92286	0.24746	-0.42701	-1.84269	0.19800	-0.50576	-1.80040	0.19803	-0.47736	-1.83151	0.14129	-0.52163	-1.79921	0.13054	-0.50616	-1.63903	0.63895	-0.16807	-1.63255	0.51430	-0.23757	-1.60370	0.79763	-0.17271	-1.65014	0.78924	-0.15413	-1.59823	0.74004	-0.18566	-1.65452	0.71363	-0.16412	-1.64764	0.35734	-0.19393	-1.70487	0.07998	-0.29164	-1.64025	0.33779	-0.35850	-1.60205	0.32701	-0.32725	-1.65229	0.27953	-0.36579	-1.59984	0.27646	-0.32415	-1.55927	0.04969	-0.31246	-1.55154	0.04833	-0.35378	-1.75383	0.05187	-0.33747	-1.65524	0.07927	-0.26833	-1.63518	0.10430	-0.30660	-1.60157	0.05332	-0.25789	-1.57606	0.06621	-0.28172	-1.69495	0.97881	-0.25738	-1.69596	0.97120	-0.43666	-1.64002	0.51702	-0.28947	-1.55333	0.53625	-0.44925	-1.71005	0.08373	-0.32605	-1.86871	0.24596	-0.44074	-1.80411	1.06198	-0.35178	-1.63572	1.05567	-0.35476	
42	0.41000	-1.61341	1.72383	-0.38800	-1.60563	1.71735	-0.26679	-1.74826	1.62274	-0.38445	-1.72758	1.62912	-0.24885	-1.75468	1.51077	-0.34101	-1.62686	1.43097	-0.34937	-1.60838	1.26295	-0.36039	-1.80417	1.39507	-0.23073	-1.79669	1.23433	-0.35304	-1.57472	1.36270	-0.34094	-1.56845	1.36853	-0.39095	-1.55673	1.30438	-0.34800	-1.55126	1.32586	-0.41244	-1.72886	1.47544	-0.53524	-1.80528	1.12338	-0.56861	-1.70741	0.86928	-0.56442	-1.76272	0.87533	-0.60851	-1.72945	0.81034	-0.60738	-1.71476	1.43811	-0.14593	-1.73796	1.08180	-0.10903	-1.54772	0.88487	-0.07582	-1.61030	0.85104	-0.06191	-1.54675	0.81490	-0.03017	-1.62631	1.04980	-0.47967	-1.79271	1.06054	-0.40003	-1.62204	1.06331	-0.22827	-1.79222	1.06509	-0.30360	-1.81997	1.07006	-0.32546	-1.82025	1.06667	-0.37441	-1.82183	1.00977	-0.32121	-1.83400	0.99452	-0.35614	-1.55842	0.64162	-0.55834	-1.53030	0.54272	-0.50144	-1.58521	0.81410	-0.54842	-1.63065	0.79492	-0.55003	-1.56002	0.75942	-0.54416	-1.61170	0.71966	-0.54682	-1.62202	0.42454	-0.55394	-1.83193	0.23201	-0.47559	-1.61136	0.38382	-0.39038	-1.58761	0.36069	-0.42812	-1.65273	0.34227	-0.39067	-1.61385	0.32022	-0.43861	-1.75803	0.10933	-0.47252	-1.75285	0.09580	-0.42922	-1.89124	0.23439	-0.42774	-1.80733	0.19136	-0.50657	-1.76538	0.19387	-0.47814	-1.79230	0.13582	-0.52299	-1.75948	0.12714	-0.50747	-1.63473	0.63874	-0.16746	-1.62999	0.51379	-0.23674	-1.59702	0.79693	-0.17152	-1.64364	0.78915	-0.15386	-1.59194	0.73909	-0.18475	-1.64878	0.71351	-0.16387	-1.64714	0.35707	-0.19344	-1.70494	0.08008	-0.29189	-1.63733	0.33736	-0.35781	-1.59952	0.32628	-0.32615	-1.64998	0.27915	-0.36524	-1.59784	0.27575	-0.32292	-1.55914	0.04964	-0.31245	-1.55141	0.04814	-0.35381	-1.75374	0.05208	-0.33768	-1.65538	0.07920	-0.26856	-1.63529	0.10418	-0.30678	-1.60167	0.05341	-0.25791	-1.57637	0.06641	-0.28171	-1.68374	0.97914	-0.25723	-1.68411	0.97254	-0.43656	-1.63703	0.51661	-0.28869	-1.53457	0.53972	-0.44920	-1.70961	0.08387	-0.32637	-1.83584	0.23682	-0.44114	-1.79246	1.06282	-0.35182	-1.62417	1.05655	-0.35397	
43	0.42000	-1.60132	1.72411	-0.38946	-1.59339	1.71831	-0.26822	-1.73620	1.62315	-0.38526	-1.71540	1.63031	-0.24966	-1.74268	1.51150	-0.34120	-1.61440	1.43172	-0.34976	-1.59664	1.26353	-0.35998	-1.79194	1.39626	-0.23015	-1.78487	1.23502	-0.35240	-1.56238	1.36326	-0.34109	-1.55635	1.36905	-0.39117	-1.54506	1.30498	-0.34824	-1.53947	1.32631	-0.41263	-1.71714	1.47559	-0.53527	-1.79568	1.12397	-0.56720	-1.69769	0.86978	-0.56235	-1.75367	0.87563	-0.60619	-1.72061	0.81066	-0.60513	-1.70220	1.43959	-0.14597	-1.71978	1.08300	-0.10621	-1.52431	0.89090	-0.07251	-1.58601	0.85586	-0.05785	-1.52133	0.82156	-0.02629	-1.61419	1.05105	-0.47879	-1.78088	1.06124	-0.40023	-1.61065	1.06336	-0.22738	-1.78188	1.06566	-0.30360	-1.80844	1.07036	-0.32555	-1.80846	1.06730	-0.37468	-1.81041	1.01017	-0.32172	-1.82244	0.99510	-0.35681	-1.53824	0.64551	-0.55890	-1.51031	0.54657	-0.50129	-1.56891	0.81785	-0.54844	-1.61380	0.79782	-0.55085	-1.54260	0.76361	-0.54419	-1.59370	0.72276	-0.54772	-1.59746	0.42413	-0.55394	-1.79884	0.22217	-0.47587	-1.58518	0.38427	-0.39060	-1.56051	0.36197	-0.42797	-1.62618	0.34071	-0.39059	-1.58533	0.32032	-0.43842	-1.71663	0.10552	-0.47361	-1.71087	0.09228	-0.43025	-1.85859	0.22038	-0.42842	-1.77202	0.18407	-0.50713	-1.73065	0.18910	-0.47830	-1.75252	0.12983	-0.52407	-1.71936	0.12326	-0.50863	-1.63109	0.63849	-0.16694	-1.62719	0.51330	-0.23605	-1.59020	0.79623	-0.17062	-1.63705	0.78895	-0.15372	-1.58578	0.73807	-0.18362	-1.64354	0.71351	-0.16369	-1.64605	0.35676	-0.19289	-1.70496	0.08015	-0.29204	-1.63498	0.33707	-0.35735	-1.59725	0.32563	-0.32548	-1.64788	0.27910	-0.36472	-1.59635	0.27504	-0.32222	-1.55911	0.04951	-0.31232	-1.55212	0.04719	-0.35339	-1.75369	0.05229	-0.33783	-1.65552	0.07910	-0.26874	-1.63489	0.10370	-0.30727	-1.60174	0.05344	-0.25787	-1.57634	0.06642	-0.28162	-1.67227	0.97934	-0.25689	-1.67212	0.97358	-0.43624	-1.63319	0.51630	-0.28811	-1.51588	0.54298	-0.44921	-1.70912	0.08395	-0.32658	-1.80306	0.22684	-0.44144	-1.78138	1.06345	-0.35191	-1.61242	1.05720	-0.35309	
44	0.43000	-1.58925	1.72420	-0.39091	-1.58112	1.71907	-0.26973	-1.72410	1.62334	-0.38596	-1.70326	1.63129	-0.25042	-1.73063	1.51198	-0.34137	-1.60103	1.43251	-0.35041	-1.58455	1.26390	-0.35980	-1.77986	1.39723	-0.22965	-1.77309	1.23549	-0.35186	-1.54955	1.36343	-0.34090	-1.54426	1.36938	-0.39155	-1.53273	1.30546	-0.34835	-1.52868	1.32638	-0.41294	-1.70554	1.47559	-0.53541	-1.78586	1.12426	-0.56588	-1.68787	0.87001	-0.56037	-1.74448	0.87570	-0.60392	-1.71114	0.81091	-0.60295	-1.68976	1.44078	-0.14601	-1.70168	1.08398	-0.10351	-1.50126	0.89684	-0.06955	-1.56197	0.86053	-0.05403	-1.49613	0.82810	-0.02272	-1.60199	1.05207	-0.47803	-1.76915	1.06175	-0.40042	-1.59962	1.06314	-0.22645	-1.77052	1.06572	-0.30380	-1.79693	1.07052	-0.32588	-1.79670	1.06763	-0.37500	-1.79899	1.01030	-0.32233	-1.81089	0.99541	-0.35748	-1.51895	0.64895	-0.55903	-1.49104	0.55001	-0.50090	-1.55227	0.82118	-0.54794	-1.59722	0.80031	-0.55133	-1.52573	0.76744	-0.54416	-1.57634	0.72556	-0.54832	-1.57329	0.42320	-0.55396	-1.76445	0.21165	-0.47624	-1.55982	0.38411	-0.39022	-1.53375	0.36299	-0.42764	-1.59853	0.33875	-0.39049	-1.55636	0.32023	-0.43818	-1.67483	0.10142	-0.47457	-1.66798	0.08835	-0.43123	-1.82445	0.20579	-0.42896	-1.73568	0.17591	-0.50752	-1.69502	0.18346	-0.47845	-1.71249	0.12323	-0.52482	-1.67905	0.11886	-0.50933	-1.62770	0.63841	-0.16652	-1.62432	0.51280	-0.23541	-1.58317	0.79517	-0.16970	-1.63074	0.78879	-0.15365	-1.57969	0.73709	-0.18249	-1.63806	0.71331	-0.16373	-1.64386	0.35636	-0.19265	-1.70575	0.08028	-0.29202	-1.63327	0.33689	-0.35703	-1.59558	0.32515	-0.32525	-1.64600	0.27896	-0.36475	-1.59507	0.27458	-0.32201	-1.55907	0.04942	-0.31228	-1.55162	0.04732	-0.35370	-1.75361	0.05254	-0.33789	-1.65565	0.07905	-0.26884	-1.63500	0.10360	-0.30737	-1.60186	0.05346	-0.25791	-1.57627	0.06639	-0.28153	-1.66104	0.97922	-0.25671	-1.66006	0.97436	-0.43609	-1.62910	0.51595	-0.28760	-1.49766	0.54594	-0.44898	-1.70984	0.08416	-0.32656	-1.76893	0.21608	-0.44181	-1.76984	1.06373	-0.35211	-1.60080	1.05760	-0.35224	
45	0.44000	-1.57702	1.72404	-0.39233	-1.56887	1.71966	-0.27112	-1.71202	1.62336	-0.38664	-1.69093	1.63207	-0.25118	-1.71855	1.51232	-0.34153	-1.59009	1.43250	-0.35044	-1.57289	1.26406	-0.35938	-1.76772	1.39794	-0.22920	-1.76130	1.23580	-0.35153	-1.53829	1.36370	-0.34138	-1.53227	1.36936	-0.39187	-1.52131	1.30548	-0.34827	-1.51655	1.32638	-0.41319	-1.69368	1.47522	-0.53550	-1.77592	1.12435	-0.56465	-1.67795	0.87004	-0.55844	-1.73509	0.87554	-0.60168	-1.70171	0.81081	-0.60062	-1.67727	1.44160	-0.14598	-1.68374	1.08476	-0.10094	-1.47866	0.90279	-0.06680	-1.53823	0.86512	-0.05049	-1.47132	0.83453	-0.01945	-1.58990	1.05277	-0.47713	-1.75743	1.06189	-0.40073	-1.58859	1.06285	-0.22562	-1.75919	1.06565	-0.30410	-1.78544	1.07041	-0.32640	-1.78496	1.06776	-0.37545	-1.78766	1.01029	-0.32295	-1.79935	0.99551	-0.35821	-1.50073	0.65199	-0.55897	-1.47284	0.55314	-0.50040	-1.53672	0.82407	-0.54767	-1.58142	0.80255	-0.55197	-1.50933	0.77070	-0.54387	-1.55928	0.72815	-0.54947	-1.54925	0.42176	-0.55405	-1.72942	0.20064	-0.47629	-1.53504	0.38374	-0.38981	-1.50717	0.36365	-0.42741	-1.57035	0.33650	-0.39026	-1.52769	0.31981	-0.43782	-1.63078	0.09742	-0.47495	-1.62766	0.08353	-0.43187	-1.78978	0.19117	-0.42960	-1.69803	0.16708	-0.50791	-1.66066	0.17683	-0.47869	-1.67197	0.11601	-0.52543	-1.63847	0.11376	-0.51006	-1.62390	0.63838	-0.16609	-1.62121	0.51235	-0.23492	-1.57635	0.79430	-0.16888	-1.62398	0.78838	-0.15360	-1.57351	0.73603	-0.18152	-1.63250	0.71318	-0.16378	-1.64103	0.35609	-0.19262	-1.70575	0.08042	-0.29196	-1.63269	0.33684	-0.35719	-1.59403	0.32480	-0.32529	-1.64476	0.27892	-0.36452	-1.59358	0.27423	-0.32207	-1.55910	0.04934	-0.31213	-1.55236	0.04724	-0.35350	-1.75289	0.05239	-0.33801	-1.65571	0.07897	-0.26904	-1.63538	0.10377	-0.30749	-1.60195	0.05348	-0.25787	-1.57572	0.06643	-0.28171	-1.64981	0.97900	-0.25641	-1.64808	0.97484	-0.43579	-1.62493	0.51562	-0.28719	-1.48035	0.54863	-0.44863	-1.70987	0.08438	-0.32649	-1.73423	0.20486	-0.44188	-1.75831	1.06377	-0.35241	-1.58925	1.05781	-0.35137	
46	0.45000	-1.56491	1.72368	-0.39370	-1.55641	1.72000	-0.27259	-1.69990	1.62315	-0.38725	-1.67874	1.63264	-0.25187	-1.70648	1.51239	-0.34170	-1.57784	1.43232	-0.35028	-1.56109	1.26401	-0.35905	-1.75559	1.39843	-0.22881	-1.74947	1.23584	-0.35133	-1.52636	1.36380	-0.34193	-1.52168	1.36881	-0.39196	-1.50913	1.30536	-0.34827	-1.50433	1.32603	-0.41285	-1.68171	1.47477	-0.53570	-1.76572	1.12422	-0.56348	-1.66780	0.86991	-0.55667	-1.72549	0.87514	-0.59954	-1.69217	0.81046	-0.59846	-1.66490	1.44214	-0.14601	-1.66588	1.08532	-0.09855	-1.45626	0.90849	-0.06454	-1.51483	0.86959	-0.04719	-1.44680	0.84086	-0.01658	-1.57758	1.05318	-0.47643	-1.74575	1.06180	-0.40117	-1.57784	1.06216	-0.22463	-1.74781	1.06514	-0.30428	-1.77395	1.07029	-0.32688	-1.77322	1.06763	-0.37597	-1.77619	1.01006	-0.32360	-1.78770	0.99537	-0.35898	-1.48346	0.65426	-0.55848	-1.45559	0.55582	-0.49998	-1.52192	0.82646	-0.54718	-1.56640	0.80440	-0.55202	-1.49359	0.77334	-0.54395	-1.54299	0.73029	-0.54999	-1.52530	0.41969	-0.55413	-1.69357	0.18920	-0.47652	-1.50823	0.38311	-0.39000	-1.48036	0.36426	-0.42737	-1.54287	0.33408	-0.39036	-1.49851	0.31942	-0.43765	-1.59063	0.09173	-0.47587	-1.58488	0.07891	-0.43240	-1.75340	0.17630	-0.42971	-1.66069	0.15763	-0.50805	-1.62300	0.17002	-0.47937	-1.63194	0.10801	-0.52571	-1.59833	0.10771	-0.51049	-1.61909	0.63825	-0.16563	-1.61814	0.51191	-0.23449	-1.56933	0.79323	-0.16826	-1.61737	0.78814	-0.15360	-1.56725	0.73499	-0.18057	-1.62698	0.71304	-0.16369	-1.63863	0.35590	-0.19261	-1.70581	0.08052	-0.29226	-1.63006	0.33667	-0.35660	-1.59226	0.32436	-0.32524	-1.64356	0.27883	-0.36469	-1.59228	0.27380	-0.32206	-1.55902	0.04923	-0.31210	-1.55227	0.04714	-0.35345	-1.75321	0.05298	-0.33815	-1.65583	0.07889	-0.26915	-1.63509	0.10339	-0.30762	-1.60204	0.05353	-0.25785	-1.57579	0.06646	-0.28166	-1.63879	0.97838	-0.25629	-1.63593	0.97502	-0.43568	-1.62153	0.51522	-0.28677	-1.46379	0.55094	-0.44835	-1.70998	0.08458	-0.32677	-1.69880	0.19323	-0.44214	-1.74678	1.06347	-0.35272	-1.57771	1.05767	-0.35053	
47	0.46000	-1.55272	1.72309	-0.39506	-1.54404	1.72009	-0.27390	-1.68781	1.62272	-0.38783	-1.66919	1.63343	-0.25170	-1.69438	1.51226	-0.34186	-1.56575	1.43230	-0.35077	-1.54922	1.26372	-0.35884	-1.74350	1.39865	-0.22850	-1.73772	1.23570	-0.35125	-1.51449	1.36314	-0.34155	-1.50966	1.36838	-0.39209	-1.49700	1.30506	-0.34823	-1.49342	1.32569	-0.41317	-1.66966	1.47410	-0.53583	-1.75527	1.12388	-0.56236	-1.65766	0.86946	-0.55492	-1.71567	0.87466	-0.59756	-1.68230	0.80986	-0.59629	-1.65260	1.44238	-0.14602	-1.64815	1.08571	-0.09631	-1.43449	0.91393	-0.06218	-1.49187	0.87374	-0.04411	-1.42310	0.84696	-0.01375	-1.56529	1.05337	-0.47576	-1.73395	1.06151	-0.40161	-1.56652	1.06167	-0.22399	-1.73642	1.06476	-0.30477	-1.76244	1.06994	-0.32745	-1.76146	1.06732	-0.37661	-1.76470	1.00972	-0.32429	-1.77602	0.99502	-0.35970	-1.46741	0.65569	-0.55769	-1.43875	0.55798	-0.49987	-1.50756	0.82825	-0.54704	-1.55165	0.80569	-0.55214	-1.47877	0.77563	-0.54349	-1.52748	0.73186	-0.54981	-1.50146	0.41704	-0.55440	-1.65704	0.17783	-0.47635	-1.48302	0.38211	-0.39009	-1.45398	0.36477	-0.42741	-1.51471	0.33147	-0.39036	-1.46980	0.31895	-0.43765	-1.55025	0.08618	-0.47585	-1.54220	0.07429	-0.43286	-1.71558	0.16118	-0.42886	-1.62290	0.14809	-0.50809	-1.58591	0.16278	-0.47958	-1.59110	0.10013	-0.52611	-1.55751	0.10178	-0.51110	-1.61349	0.63787	-0.16524	-1.61500	0.51143	-0.23414	-1.56213	0.79229	-0.16769	-1.61041	0.78779	-0.15356	-1.56073	0.73389	-0.17997	-1.62080	0.71276	-0.16391	-1.63701	0.35574	-0.19246	-1.70583	0.08069	-0.29256	-1.62783	0.33643	-0.35635	-1.59035	0.32386	-0.32491	-1.64165	0.27870	-0.36452	-1.59060	0.27335	-0.32168	-1.55896	0.04903	-0.31230	-1.55215	0.04708	-0.35350	-1.75310	0.05330	-0.33842	-1.65590	0.07882	-0.26928	-1.63517	0.10333	-0.30782	-1.60212	0.05357	-0.25787	-1.57583	0.06647	-0.28169	-1.62726	0.97792	-0.25607	-1.62372	0.97503	-0.43546	-1.61846	0.51479	-0.28642	-1.44705	0.55294	-0.44828	-1.70985	0.08481	-0.32708	-1.66260	0.18164	-0.44201	-1.73518	1.06313	-0.35319	-1.56591	1.05752	-0.34987	
48	0.47000	-1.54041	1.72227	-0.39632	-1.53162	1.71996	-0.27527	-1.67563	1.62205	-0.38837	-1.65721	1.63360	-0.25218	-1.68219	1.51192	-0.34209	-1.55316	1.43185	-0.35092	-1.53730	1.26330	-0.35857	-1.73142	1.39860	-0.22819	-1.72595	1.23539	-0.35136	-1.50227	1.36255	-0.34146	-1.49746	1.36773	-0.39210	-1.48509	1.30447	-0.34803	-1.47953	1.32497	-0.41301	-1.65753	1.47329	-0.53606	-1.74459	1.12333	-0.56137	-1.64738	0.86884	-0.55326	-1.70569	0.87373	-0.59551	-1.67217	0.80912	-0.59459	-1.64015	1.44234	-0.14607	-1.63061	1.08596	-0.09423	-1.41298	0.91940	-0.06014	-1.46920	0.87792	-0.04142	-1.39950	0.85296	-0.01144	-1.55290	1.05328	-0.47520	-1.72208	1.06103	-0.40207	-1.55555	1.06091	-0.22338	-1.72495	1.06427	-0.30522	-1.75085	1.06941	-0.32812	-1.74962	1.06681	-0.37726	-1.75309	1.00924	-0.32490	-1.76423	0.99452	-0.36040	-1.45291	0.65660	-0.55668	-1.42256	0.55962	-0.50001	-1.49352	0.82926	-0.54731	-1.53766	0.80630	-0.55158	-1.46451	0.77692	-0.54289	-1.51291	0.73273	-0.54883	-1.47806	0.41407	-0.55476	-1.62006	0.16667	-0.47615	-1.45803	0.38129	-0.39014	-1.42816	0.36535	-0.42748	-1.48594	0.32887	-0.39020	-1.44109	0.31883	-0.43749	-1.50841	0.08128	-0.47604	-1.49924	0.07016	-0.43309	-1.67725	0.14678	-0.42838	-1.58464	0.13882	-0.50804	-1.54812	0.15567	-0.47984	-1.55016	0.09256	-0.52610	-1.51657	0.09625	-0.51141	-1.60733	0.63738	-0.16491	-1.61262	0.51084	-0.23385	-1.55465	0.79123	-0.16747	-1.60300	0.78731	-0.15350	-1.55375	0.73283	-0.17981	-1.61437	0.71245	-0.16354	-1.63580	0.35555	-0.19221	-1.70568	0.08090	-0.29259	-1.62517	0.33609	-0.35599	-1.58818	0.32320	-0.32430	-1.63974	0.27850	-0.36449	-1.58891	0.27269	-0.32122	-1.55892	0.04897	-0.31223	-1.55202	0.04700	-0.35345	-1.75306	0.05366	-0.33873	-1.65599	0.07881	-0.26954	-1.63564	0.10358	-0.30790	-1.60218	0.05361	-0.25791	-1.57607	0.06664	-0.28168	-1.61607	0.97722	-0.25605	-1.61152	0.97482	-0.43542	-1.61696	0.51423	-0.28606	-1.43038	0.55466	-0.44834	-1.70973	0.08507	-0.32711	-1.62580	0.17017	-0.44180	-1.72352	1.06265	-0.35365	-1.55422	1.05710	-0.34929	
49	0.48000	-1.52814	1.72125	-0.39751	-1.51914	1.71954	-0.27649	-1.66345	1.62120	-0.38885	-1.64490	1.63349	-0.25269	-1.67008	1.51137	-0.34233	-1.54113	1.43110	-0.35099	-1.52546	1.26255	-0.35832	-1.71936	1.39835	-0.22806	-1.71413	1.23485	-0.35151	-1.49021	1.36199	-0.34168	-1.48502	1.36706	-0.39211	-1.47289	1.30377	-0.34796	-1.46810	1.32418	-0.41291	-1.64526	1.47216	-0.53618	-1.73367	1.12265	-0.56038	-1.63661	0.86805	-0.55188	-1.69553	0.87279	-0.59363	-1.66200	0.80813	-0.59265	-1.62783	1.44208	-0.14600	-1.61318	1.08600	-0.09237	-1.39161	0.92430	-0.05867	-1.44680	0.88188	-0.03913	-1.37637	0.85877	-0.00935	-1.54056	1.05295	-0.47479	-1.71011	1.06037	-0.40254	-1.54468	1.06001	-0.22287	-1.71340	1.06363	-0.30570	-1.73917	1.06877	-0.32880	-1.73772	1.06613	-0.37789	-1.74146	1.00860	-0.32555	-1.75243	0.99389	-0.36101	-1.43986	0.65721	-0.55592	-1.40711	0.56080	-0.50018	-1.48067	0.82942	-0.54687	-1.52458	0.80633	-0.55077	-1.45116	0.77735	-0.54217	-1.49939	0.73288	-0.54705	-1.45488	0.41093	-0.55513	-1.58305	0.15577	-0.47575	-1.43223	0.38030	-0.38989	-1.40255	0.36606	-0.42761	-1.45691	0.32635	-0.38990	-1.41297	0.31875	-0.43746	-1.46634	0.07702	-0.47598	-1.45386	0.06747	-0.43330	-1.63843	0.13320	-0.42809	-1.54593	0.12972	-0.50771	-1.51016	0.14892	-0.48002	-1.50889	0.08553	-0.52589	-1.47547	0.09129	-0.51150	-1.60091	0.63684	-0.16458	-1.60865	0.51038	-0.23359	-1.54673	0.79005	-0.16740	-1.59525	0.78684	-0.15348	-1.54674	0.73168	-0.17953	-1.60747	0.71201	-0.16352	-1.63446	0.35525	-0.19210	-1.70550	0.08106	-0.29294	-1.62349	0.33568	-0.35612	-1.58589	0.32248	-0.32372	-1.63730	0.27820	-0.36425	-1.58729	0.27185	-0.32055	-1.55881	0.04887	-0.31220	-1.55111	0.04701	-0.35352	-1.75230	0.05351	-0.33911	-1.65603	0.07878	-0.26972	-1.63532	0.10338	-0.30817	-1.60223	0.05366	-0.25801	-1.57588	0.06654	-0.28171	-1.60499	0.97637	-0.25614	-1.59939	0.97439	-0.43549	-1.61329	0.51381	-0.28577	-1.41393	0.55619	-0.44833	-1.70915	0.08524	-0.32750	-1.58890	0.15895	-0.44139	-1.71176	1.06200	-0.35412	-1.54262	1.05648	-0.34883	
50	0.49000	-1.51590	1.72005	-0.39873	-1.50660	1.71889	-0.27776	-1.65119	1.62013	-0.38929	-1.63238	1.63308	-0.25329	-1.65778	1.51059	-0.34252	-1.52884	1.43038	-0.35110	-1.51285	1.26177	-0.35817	-1.70726	1.39786	-0.22791	-1.70232	1.23411	-0.35175	-1.47810	1.36089	-0.34134	-1.47297	1.36601	-0.39188	-1.46115	1.30276	-0.34768	-1.45628	1.32311	-0.41280	-1.63300	1.47099	-0.53638	-1.72248	1.12178	-0.55955	-1.62629	0.86691	-0.55016	-1.68508	0.87168	-0.59188	-1.65161	0.80703	-0.59075	-1.61544	1.44158	-0.14613	-1.59590	1.08590	-0.09065	-1.37069	0.92916	-0.05745	-1.42485	0.88564	-0.03702	-1.35367	0.86432	-0.00760	-1.52810	1.05232	-0.47444	-1.69807	1.05951	-0.40299	-1.53321	1.05912	-0.22268	-1.70188	1.06290	-0.30629	-1.72744	1.06797	-0.32948	-1.72570	1.06530	-0.37858	-1.72967	1.00778	-0.32610	-1.74046	0.99302	-0.36170	-1.42798	0.65717	-0.55515	-1.39254	0.56124	-0.50039	-1.46839	0.82881	-0.54633	-1.51216	0.80559	-0.54958	-1.43882	0.77695	-0.54113	-1.48696	0.73228	-0.54485	-1.43161	0.40796	-0.55529	-1.54509	0.14555	-0.47530	-1.40799	0.37902	-0.39025	-1.37748	0.36667	-0.42798	-1.42933	0.32359	-0.39021	-1.38504	0.31889	-0.43790	-1.42415	0.07362	-0.47578	-1.40966	0.06577	-0.43280	-1.59889	0.11988	-0.42736	-1.50696	0.12122	-0.50740	-1.47218	0.14273	-0.48000	-1.46722	0.07924	-0.52546	-1.43413	0.08703	-0.51137	-1.59467	0.63629	-0.16438	-1.60522	0.50984	-0.23339	-1.53866	0.78879	-0.16762	-1.58712	0.78613	-0.15345	-1.53939	0.73046	-0.17965	-1.60165	0.71162	-0.16336	-1.63271	0.35493	-0.19208	-1.70524	0.08119	-0.29328	-1.62089	0.33524	-0.35605	-1.58355	0.32170	-0.32330	-1.63514	0.27792	-0.36435	-1.58539	0.27111	-0.32019	-1.55877	0.04883	-0.31218	-1.55097	0.04695	-0.35353	-1.75218	0.05398	-0.33942	-1.65610	0.07880	-0.27002	-1.63530	0.10336	-0.30837	-1.60229	0.05374	-0.25807	-1.57587	0.06658	-0.28183	-1.59336	0.97551	-0.25620	-1.58706	0.97370	-0.43552	-1.61020	0.51334	-0.28554	-1.39801	0.55716	-0.44833	-1.70874	0.08541	-0.32784	-1.55101	0.14839	-0.44092	-1.69997	1.06120	-0.35464	-1.53065	1.05572	-0.34856	
51	0.50000	-1.50351	1.71863	-0.39988	-1.49405	1.71805	-0.27891	-1.63894	1.61887	-0.38970	-1.61977	1.63241	-0.25384	-1.64557	1.50962	-0.34281	-1.51688	1.42915	-0.35097	-1.50088	1.26064	-0.35784	-1.69513	1.39713	-0.22780	-1.69048	1.23321	-0.35212	-1.46634	1.35997	-0.34171	-1.46099	1.36479	-0.39188	-1.44949	1.30154	-0.34752	-1.44456	1.32184	-0.41273	-1.62039	1.46966	-0.53668	-1.71099	1.12071	-0.55874	-1.61542	0.86565	-0.54862	-1.67433	0.87041	-0.59020	-1.64085	0.80571	-0.58902	-1.60322	1.44090	-0.14619	-1.57878	1.08565	-0.08915	-1.35037	0.93366	-0.05621	-1.40339	0.88921	-0.03524	-1.33152	0.86960	-0.00614	-1.51564	1.05148	-0.47419	-1.68587	1.05848	-0.40354	-1.52255	1.05786	-0.22221	-1.69017	1.06198	-0.30686	-1.71557	1.06702	-0.33012	-1.71361	1.06427	-0.37922	-1.71783	1.00682	-0.32682	-1.72842	0.99199	-0.36240	-1.41732	0.65583	-0.55406	-1.37866	0.56106	-0.50043	-1.45697	0.82755	-0.54557	-1.50065	0.80436	-0.54818	-1.42732	0.77560	-0.54012	-1.47557	0.73103	-0.54272	-1.40990	0.40560	-0.55531	-1.50692	0.13599	-0.47467	-1.38468	0.37747	-0.39061	-1.35295	0.36717	-0.42872	-1.40163	0.32092	-0.39044	-1.35764	0.31909	-0.43863	-1.37888	0.07228	-0.47505	-1.36649	0.06451	-0.43265	-1.55950	0.10753	-0.42684	-1.46740	0.11355	-0.50689	-1.43296	0.13749	-0.47991	-1.42538	0.07387	-0.52488	-1.39275	0.08379	-0.51103	-1.58842	0.63564	-0.16428	-1.60143	0.50920	-0.23328	-1.53052	0.78752	-0.16778	-1.57886	0.78536	-0.15347	-1.53179	0.72901	-0.17972	-1.59405	0.71097	-0.16341	-1.63057	0.35462	-0.19219	-1.70503	0.08140	-0.29355	-1.61823	0.33487	-0.35604	-1.58120	0.32101	-0.32321	-1.63297	0.27765	-0.36428	-1.58339	0.27047	-0.32003	-1.55869	0.04876	-0.31213	-1.55081	0.04684	-0.35351	-1.75264	0.05495	-0.33980	-1.65610	0.07883	-0.27020	-1.63548	0.10342	-0.30854	-1.60232	0.05376	-0.25817	-1.57585	0.06662	-0.28189	-1.58250	0.97432	-0.25642	-1.57491	0.97282	-0.43570	-1.60671	0.51275	-0.28539	-1.38215	0.55787	-0.44814	-1.70844	0.08567	-0.32812	-1.51232	0.13832	-0.44017	-1.68802	1.06023	-0.35520	-1.51910	1.05467	-0.34820	
52	0.51000	-1.49118	1.71702	-0.40092	-1.48152	1.71692	-0.28001	-1.62659	1.61737	-0.39005	-1.60715	1.63152	-0.25429	-1.63328	1.50840	-0.34306	-1.50423	1.42802	-0.35122	-1.48888	1.25940	-0.35765	-1.68298	1.39618	-0.22776	-1.67856	1.23201	-0.35255	-1.45400	1.35872	-0.34171	-1.44925	1.36331	-0.39166	-1.43722	1.30022	-0.34720	-1.43203	1.32036	-0.41257	-1.60776	1.46819	-0.53689	-1.69931	1.11950	-0.55812	-1.60437	0.86420	-0.54710	-1.66329	0.86898	-0.58867	-1.63009	0.80422	-0.58737	-1.59079	1.43996	-0.14630	-1.56187	1.08524	-0.08787	-1.33029	0.93786	-0.05535	-1.38225	0.89258	-0.03385	-1.30979	0.87458	-0.00491	-1.50303	1.05035	-0.47406	-1.67361	1.05732	-0.40410	-1.51364	1.05623	-0.22221	-1.67841	1.06088	-0.30743	-1.70366	1.06588	-0.33082	-1.70142	1.06310	-0.37994	-1.70584	1.00567	-0.32747	-1.71631	0.99085	-0.36308	-1.40817	0.65296	-0.55241	-1.36557	0.56032	-0.50026	-1.44616	0.82552	-0.54477	-1.48990	0.80262	-0.54687	-1.41665	0.77358	-0.53917	-1.46521	0.72923	-0.54110	-1.39090	0.40353	-0.55519	-1.46844	0.12721	-0.47376	-1.36069	0.37618	-0.39093	-1.32745	0.36793	-0.42906	-1.37496	0.31859	-0.39071	-1.33352	0.31910	-0.43962	-1.33675	0.07134	-0.47440	-1.32375	0.06473	-0.43203	-1.51899	0.09558	-0.42584	-1.42729	0.10728	-0.50639	-1.39467	0.13316	-0.47949	-1.38344	0.06973	-0.52411	-1.35134	0.08177	-0.51041	-1.58276	0.63497	-0.16426	-1.59825	0.50837	-0.23318	-1.52206	0.78603	-0.16785	-1.57030	0.78447	-0.15338	-1.52403	0.72758	-0.17984	-1.58528	0.71005	-0.16294	-1.62780	0.35424	-0.19225	-1.70470	0.08166	-0.29386	-1.61574	0.33448	-0.35605	-1.57873	0.32032	-0.32329	-1.63104	0.27742	-0.36442	-1.58148	0.26974	-0.32010	-1.55861	0.04867	-0.31211	-1.55067	0.04678	-0.35352	-1.75254	0.05547	-0.34010	-1.65605	0.07884	-0.27038	-1.63543	0.10339	-0.30872	-1.60230	0.05381	-0.25822	-1.57578	0.06663	-0.28189	-1.57319	0.97285	-0.25747	-1.56297	0.97169	-0.43662	-1.60401	0.51190	-0.28524	-1.36621	0.55859	-0.44780	-1.70839	0.08606	-0.32839	-1.47230	0.12888	-0.43901	-1.67601	1.05910	-0.35577	-1.50834	1.05329	-0.34814	
53	0.52000	-1.47877	1.71527	-0.40192	-1.46896	1.71568	-0.28095	-1.61423	1.61573	-0.39042	-1.59450	1.63043	-0.25478	-1.62100	1.50708	-0.34338	-1.49237	1.42659	-0.35132	-1.47687	1.25791	-0.35747	-1.67080	1.39505	-0.22773	-1.66660	1.23069	-0.35299	-1.44149	1.35713	-0.34168	-1.43623	1.36181	-0.39185	-1.42465	1.29878	-0.34725	-1.41990	1.31879	-0.41225	-1.59511	1.46666	-0.53722	-1.68724	1.11807	-0.55757	-1.59310	0.86258	-0.54574	-1.65199	0.86739	-0.58727	-1.61903	0.80254	-0.58576	-1.57847	1.43887	-0.14646	-1.54511	1.08466	-0.08669	-1.31071	0.94191	-0.05464	-1.36165	0.89573	-0.03256	-1.28864	0.87925	-0.00395	-1.49033	1.04894	-0.47394	-1.66128	1.05597	-0.40468	-1.50053	1.05507	-0.22209	-1.66646	1.05960	-0.30804	-1.69156	1.06463	-0.33167	-1.68906	1.06180	-0.38065	-1.69390	1.00448	-0.32818	-1.70412	0.98961	-0.36386	-1.40041	0.64926	-0.55055	-1.35333	0.55913	-0.49985	-1.43596	0.82303	-0.54410	-1.48032	0.80056	-0.54613	-1.40668	0.77084	-0.53854	-1.45547	0.72679	-0.53985	-1.37368	0.40121	-0.55473	-1.42947	0.11996	-0.47274	-1.33666	0.37518	-0.39083	-1.30509	0.36857	-0.42985	-1.34821	0.31679	-0.39052	-1.30770	0.31986	-0.44006	-1.29503	0.07195	-0.47356	-1.28143	0.06665	-0.43128	-1.47860	0.08466	-0.42488	-1.38733	0.10197	-0.50561	-1.35678	0.12984	-0.47888	-1.34138	0.06728	-0.52318	-1.31018	0.08137	-0.50967	-1.57596	0.63418	-0.16413	-1.59379	0.50772	-0.23305	-1.51312	0.78453	-0.16788	-1.56138	0.78348	-0.15314	-1.51614	0.72613	-0.17989	-1.57841	0.70940	-0.16298	-1.62485	0.35391	-0.19241	-1.70431	0.08191	-0.29404	-1.61312	0.33417	-0.35604	-1.57630	0.31961	-0.32335	-1.62897	0.27723	-0.36450	-1.57935	0.26909	-0.32025	-1.55851	0.04865	-0.31209	-1.55055	0.04671	-0.35349	-1.75238	0.05613	-0.34040	-1.65601	0.07888	-0.27053	-1.63531	0.10343	-0.30863	-1.60232	0.05384	-0.25826	-1.57551	0.06680	-0.28199	-1.56012	0.97164	-0.25716	-1.55020	0.97031	-0.43632	-1.59948	0.51137	-0.28512	-1.35020	0.55924	-0.44744	-1.70794	0.08637	-0.32856	-1.43106	0.12103	-0.43780	-1.66387	1.05778	-0.35636	-1.49543	1.05200	-0.34801	
54	0.53000	-1.46623	1.71334	-0.40284	-1.45617	1.71420	-0.28202	-1.60178	1.61397	-0.39076	-1.58177	1.62914	-0.25525	-1.60859	1.50555	-0.34373	-1.47936	1.42501	-0.35153	-1.46464	1.25631	-0.35742	-1.65856	1.39368	-0.22784	-1.65437	1.22915	-0.35351	-1.42853	1.35546	-0.34156	-1.42391	1.36005	-0.39171	-1.41161	1.29723	-0.34717	-1.40790	1.31705	-0.41217	-1.58226	1.46482	-0.53753	-1.67502	1.11649	-0.55715	-1.58161	0.86083	-0.54438	-1.64035	0.86560	-0.58610	-1.60760	0.80065	-0.58422	-1.56638	1.43759	-0.14673	-1.52850	1.08392	-0.08572	-1.29162	0.94538	-0.05409	-1.34138	0.89845	-0.03166	-1.26795	0.88353	-0.00330	-1.47767	1.04726	-0.47389	-1.64888	1.05449	-0.40539	-1.48849	1.05369	-0.22203	-1.65454	1.05824	-0.30873	-1.67942	1.06324	-0.33245	-1.67673	1.06036	-0.38143	-1.68179	1.00309	-0.32892	-1.69185	0.98814	-0.36461	-1.39359	0.64529	-0.54921	-1.34210	0.55721	-0.49913	-1.42607	0.81995	-0.54387	-1.47074	0.79788	-0.54542	-1.39726	0.76751	-0.53837	-1.44649	0.72388	-0.53903	-1.35653	0.39812	-0.55396	-1.39119	0.11341	-0.47180	-1.31444	0.37431	-0.39048	-1.28297	0.36948	-0.42981	-1.32179	0.31545	-0.38989	-1.27813	0.32213	-0.43972	-1.25420	0.07402	-0.47249	-1.24000	0.07004	-0.43019	-1.43663	0.07403	-0.42310	-1.34842	0.09753	-0.50473	-1.31949	0.12775	-0.47800	-1.30026	0.06637	-0.52213	-1.26980	0.08248	-0.50860	-1.56801	0.63324	-0.16382	-1.58934	0.50704	-0.23298	-1.50416	0.78283	-0.16825	-1.55243	0.78243	-0.15314	-1.50795	0.72457	-0.18017	-1.56919	0.70837	-0.16271	-1.62193	0.35364	-0.19247	-1.70396	0.08229	-0.29427	-1.61044	0.33380	-0.35605	-1.57372	0.31888	-0.32319	-1.62660	0.27697	-0.36450	-1.57695	0.26838	-0.32018	-1.55842	0.04855	-0.31201	-1.55026	0.04661	-0.35333	-1.75226	0.05688	-0.34070	-1.65592	0.07893	-0.27065	-1.63508	0.10344	-0.30871	-1.60227	0.05384	-0.25831	-1.57556	0.06689	-0.28198	-1.54805	0.97027	-0.25717	-1.53769	0.96872	-0.43631	-1.59588	0.51086	-0.28493	-1.33523	0.55924	-0.44712	-1.70772	0.08685	-0.32877	-1.39071	0.11416	-0.43681	-1.65171	1.05636	-0.35706	-1.48308	1.05048	-0.34796	
55	0.54000	-1.45373	1.71137	-0.40375	-1.44350	1.71258	-0.28295	-1.58934	1.61216	-0.39112	-1.56900	1.62772	-0.25570	-1.59613	1.50394	-0.34414	-1.46686	1.42341	-0.35168	-1.45213	1.25455	-0.35731	-1.64630	1.39216	-0.22802	-1.64217	1.22752	-0.35408	-1.41627	1.35343	-0.34128	-1.41110	1.35819	-0.39163	-1.40004	1.29518	-0.34701	-1.39500	1.31517	-0.41225	-1.56922	1.46296	-0.53794	-1.66250	1.11471	-0.55685	-1.56984	0.85880	-0.54309	-1.62845	0.86372	-0.58502	-1.59591	0.79867	-0.58289	-1.55402	1.43616	-0.14699	-1.51211	1.08303	-0.08494	-1.27240	0.94862	-0.05377	-1.32164	0.90100	-0.03104	-1.24801	0.88740	-0.00271	-1.46496	1.04529	-0.47385	-1.63644	1.05289	-0.40609	-1.47629	1.05178	-0.22209	-1.64242	1.05666	-0.30937	-1.66729	1.06167	-0.33323	-1.66442	1.05876	-0.38221	-1.66962	1.00151	-0.32967	-1.67957	0.98657	-0.36538	-1.38626	0.64076	-0.54830	-1.33161	0.55449	-0.49824	-1.41641	0.81657	-0.54395	-1.46089	0.79459	-0.54518	-1.38804	0.76385	-0.53852	-1.43760	0.72065	-0.53852	-1.33826	0.39454	-0.55300	-1.35375	0.10699	-0.47096	-1.29341	0.37339	-0.38963	-1.26171	0.37050	-0.42923	-1.29696	0.31420	-0.38897	-1.25430	0.32334	-0.43853	-1.21427	0.07736	-0.47110	-1.19979	0.07463	-0.42878	-1.39634	0.06533	-0.42186	-1.30926	0.09474	-0.50357	-1.28284	0.12646	-0.47688	-1.25927	0.06657	-0.52064	-1.22964	0.08455	-0.50703	-1.56024	0.63223	-0.16381	-1.58470	0.50638	-0.23289	-1.49508	0.78128	-0.16834	-1.54323	0.78132	-0.15297	-1.49950	0.72290	-0.18039	-1.56136	0.70752	-0.16257	-1.61903	0.35344	-0.19243	-1.70342	0.08295	-0.29478	-1.60714	0.33344	-0.35607	-1.57088	0.31815	-0.32309	-1.62411	0.27683	-0.36454	-1.57471	0.26769	-0.32006	-1.55836	0.04853	-0.31198	-1.54970	0.04629	-0.35340	-1.75203	0.05773	-0.34094	-1.65582	0.07902	-0.27072	-1.63437	0.10321	-0.30873	-1.60218	0.05384	-0.25832	-1.57531	0.06675	-0.28195	-1.53596	0.96847	-0.25731	-1.52522	0.96688	-0.43642	-1.59190	0.51037	-0.28474	-1.32184	0.55804	-0.44678	-1.70718	0.08761	-0.32927	-1.35196	0.10771	-0.43601	-1.63943	1.05478	-0.35773	-1.47062	1.04853	-0.34797	
56	0.55000	-1.44115	1.70935	-0.40460	-1.43090	1.71073	-0.28398	-1.57680	1.61027	-0.39149	-1.55621	1.62621	-0.25614	-1.58358	1.50221	-0.34456	-1.45401	1.42156	-0.35199	-1.43970	1.25258	-0.35724	-1.63395	1.39051	-0.22828	-1.62998	1.22578	-0.35468	-1.40334	1.35146	-0.34124	-1.39914	1.35606	-0.39140	-1.38700	1.29336	-0.34697	-1.38133	1.31314	-0.41176	-1.55648	1.46105	-0.53826	-1.64969	1.11276	-0.55664	-1.55780	0.85666	-0.54205	-1.61626	0.86165	-0.58412	-1.58427	0.79626	-0.58148	-1.54160	1.43452	-0.14721	-1.49601	1.08200	-0.08429	-1.25386	0.95152	-0.05378	-1.30220	0.90309	-0.03068	-1.22833	0.89094	-0.00258	-1.45226	1.04324	-0.47387	-1.62399	1.05110	-0.40667	-1.46441	1.04970	-0.22200	-1.63032	1.05496	-0.30994	-1.65510	1.05997	-0.33395	-1.65202	1.05695	-0.38292	-1.65729	0.99978	-0.33034	-1.66710	0.98475	-0.36609	-1.37811	0.63589	-0.54764	-1.32125	0.55095	-0.49732	-1.40731	0.81303	-0.54466	-1.45135	0.79152	-0.54530	-1.37886	0.75979	-0.53885	-1.42871	0.71730	-0.53860	-1.31881	0.39072	-0.55206	-1.31759	0.10255	-0.46942	-1.27320	0.37254	-0.38845	-1.24135	0.37146	-0.42768	-1.27327	0.31311	-0.38757	-1.23107	0.32456	-0.43704	-1.17559	0.08171	-0.46950	-1.16117	0.07990	-0.42690	-1.35657	0.05799	-0.42064	-1.27134	0.09302	-0.50222	-1.24742	0.12659	-0.47561	-1.21972	0.06808	-0.51879	-1.19135	0.08802	-0.50523	-1.55237	0.63114	-0.16373	-1.57885	0.50586	-0.23280	-1.48580	0.77960	-0.16860	-1.53387	0.78012	-0.15310	-1.49102	0.72137	-0.18048	-1.55287	0.70661	-0.16228	-1.61639	0.35326	-0.19232	-1.70298	0.08349	-0.29495	-1.60389	0.33299	-0.35588	-1.56771	0.31731	-0.32284	-1.62143	0.27658	-0.36447	-1.57215	0.26705	-0.31963	-1.55822	0.04845	-0.31191	-1.54937	0.04608	-0.35321	-1.75189	0.05874	-0.34122	-1.65534	0.07894	-0.27077	-1.63407	0.10332	-0.30874	-1.60207	0.05384	-0.25837	-1.57510	0.06669	-0.28194	-1.52411	0.96651	-0.25750	-1.51279	0.96494	-0.43658	-1.58626	0.50994	-0.28461	-1.30936	0.55564	-0.44640	-1.70631	0.08811	-0.32948	-1.31526	0.10343	-0.43451	-1.62715	1.05303	-0.35831	-1.45834	1.04647	-0.34793	
57	0.56000	-1.42851	1.70721	-0.40543	-1.41798	1.70892	-0.28487	-1.56426	1.60830	-0.39184	-1.54357	1.62465	-0.25647	-1.57096	1.50034	-0.34504	-1.44101	1.41967	-0.35215	-1.42754	1.25063	-0.35725	-1.62156	1.38873	-0.22859	-1.61767	1.22393	-0.35522	-1.39090	1.34939	-0.34114	-1.38621	1.35416	-0.39153	-1.37507	1.29117	-0.34675	-1.36933	1.31103	-0.41182	-1.54328	1.45898	-0.53880	-1.63670	1.11072	-0.55657	-1.54566	0.85445	-0.54097	-1.60400	0.85942	-0.58314	-1.57218	0.79405	-0.58046	-1.52906	1.43276	-0.14757	-1.48000	1.08082	-0.08381	-1.23581	0.95400	-0.05412	-1.28276	0.90503	-0.03088	-1.20868	0.89410	-0.00300	-1.43935	1.04116	-0.47395	-1.61147	1.04907	-0.40726	-1.45323	1.04798	-0.22172	-1.61815	1.05305	-0.31050	-1.64281	1.05796	-0.33460	-1.63957	1.05494	-0.38355	-1.64493	0.99783	-0.33092	-1.65457	0.98273	-0.36664	-1.36949	0.63089	-0.54712	-1.31104	0.54693	-0.49663	-1.39714	0.80953	-0.54499	-1.44152	0.78845	-0.54557	-1.36939	0.75612	-0.53950	-1.41962	0.71406	-0.53937	-1.29876	0.38718	-0.55087	-1.28162	0.09906	-0.46766	-1.25429	0.37140	-0.38692	-1.22205	0.37220	-0.42576	-1.25082	0.31216	-0.38581	-1.20976	0.32621	-0.43478	-1.13841	0.08699	-0.46731	-1.12448	0.08583	-0.42478	-1.31786	0.05221	-0.41949	-1.23481	0.09190	-0.50063	-1.21282	0.12744	-0.47389	-1.18121	0.07055	-0.51692	-1.15432	0.09220	-0.50305	-1.54485	0.63010	-0.16345	-1.57359	0.50520	-0.23267	-1.47633	0.77784	-0.16865	-1.52434	0.77894	-0.15298	-1.48220	0.71961	-0.18061	-1.54419	0.70560	-0.16200	-1.61354	0.35311	-0.19217	-1.70265	0.08380	-0.29523	-1.60035	0.33258	-0.35576	-1.56443	0.31659	-0.32240	-1.61845	0.27644	-0.36442	-1.57326	0.26554	-0.31989	-1.55811	0.04840	-0.31190	-1.54922	0.04604	-0.35317	-1.75165	0.05990	-0.34155	-1.65511	0.07909	-0.27080	-1.63467	0.10414	-0.30856	-1.60256	0.05354	-0.25816	-1.57497	0.06668	-0.28190	-1.51265	0.96472	-0.25773	-1.50012	0.96289	-0.43673	-1.58128	0.50940	-0.28444	-1.29747	0.55247	-0.44622	-1.70576	0.08844	-0.32978	-1.27912	0.10020	-0.43277	-1.61481	1.05106	-0.35888	-1.44629	1.04457	-0.34783	
58	0.57000	-1.41576	1.70495	-0.40621	-1.40506	1.70695	-0.28566	-1.55158	1.60622	-0.39229	-1.53074	1.62285	-0.25697	-1.55829	1.49837	-0.34551	-1.42882	1.41760	-0.35223	-1.41487	1.24863	-0.35735	-1.60902	1.38687	-0.22892	-1.60527	1.22201	-0.35581	-1.37821	1.34729	-0.34118	-1.37321	1.35207	-0.39156	-1.36224	1.28914	-0.34677	-1.35576	1.30905	-0.41208	-1.53024	1.45689	-0.53923	-1.62345	1.10856	-0.55657	-1.53318	0.85212	-0.54019	-1.59132	0.85717	-0.58259	-1.55941	0.79183	-0.57982	-1.51639	1.43089	-0.14793	-1.46424	1.07949	-0.08355	-1.21813	0.95614	-0.05471	-1.26442	0.90662	-0.03099	-1.19000	0.89682	-0.00344	-1.42641	1.03910	-0.47408	-1.59888	1.04691	-0.40773	-1.44056	1.04607	-0.22228	-1.60586	1.05096	-0.31106	-1.63041	1.05578	-0.33519	-1.62704	1.05272	-0.38420	-1.63244	0.99566	-0.33144	-1.64191	0.98051	-0.36720	-1.36169	0.62601	-0.54680	-1.30119	0.54262	-0.49604	-1.38644	0.80626	-0.54557	-1.43119	0.78587	-0.54627	-1.35931	0.75258	-0.54006	-1.41006	0.71097	-0.54077	-1.27905	0.38409	-0.54945	-1.24562	0.09665	-0.46669	-1.23614	0.37057	-0.38510	-1.20357	0.37307	-0.42353	-1.22929	0.31158	-0.38376	-1.18794	0.32783	-0.43274	-1.10294	0.09290	-0.46451	-1.08913	0.09232	-0.42196	-1.28069	0.04803	-0.41830	-1.19916	0.09263	-0.49860	-1.17934	0.12923	-0.47180	-1.14426	0.07430	-0.51440	-1.11878	0.09733	-0.50029	-1.53732	0.62900	-0.16325	-1.56808	0.50454	-0.23253	-1.46688	0.77607	-0.16858	-1.51481	0.77768	-0.15281	-1.47314	0.71789	-0.18053	-1.53509	0.70440	-0.16168	-1.60999	0.35300	-0.19215	-1.70220	0.08462	-0.29554	-1.59657	0.33216	-0.35567	-1.56131	0.31565	-0.32255	-1.61530	0.27626	-0.36429	-1.57054	0.26476	-0.31969	-1.55784	0.04837	-0.31168	-1.54910	0.04598	-0.35318	-1.75143	0.06128	-0.34186	-1.65485	0.07930	-0.27080	-1.63333	0.10380	-0.30848	-1.60238	0.05351	-0.25820	-1.57470	0.06664	-0.28188	-1.49988	0.96273	-0.25810	-1.48714	0.96080	-0.43708	-1.57572	0.50881	-0.28429	-1.28575	0.54906	-0.44628	-1.70519	0.08931	-0.33010	-1.24286	0.09803	-0.43183	-1.60237	1.04893	-0.35940	-1.43349	1.04258	-0.34818	
59	0.58000	-1.40296	1.70267	-0.40702	-1.39219	1.70487	-0.28645	-1.53884	1.60399	-0.39273	-1.51783	1.62090	-0.25753	-1.54551	1.49631	-0.34602	-1.41585	1.41541	-0.35263	-1.40221	1.24651	-0.35763	-1.59640	1.38490	-0.22937	-1.59280	1.22000	-0.35646	-1.36525	1.34526	-0.34162	-1.36045	1.34990	-0.39173	-1.34944	1.28705	-0.34693	-1.34582	1.30700	-0.41232	-1.51690	1.45476	-0.53981	-1.61004	1.10632	-0.55675	-1.52040	0.84970	-0.53952	-1.57837	0.85484	-0.58223	-1.54680	0.78940	-0.57916	-1.50366	1.42890	-0.14828	-1.44868	1.07800	-0.08339	-1.20086	0.95778	-0.05540	-1.24640	0.90776	-0.03135	-1.17171	0.89904	-0.00409	-1.41336	1.03703	-0.47423	-1.58615	1.04454	-0.40818	-1.42891	1.04401	-0.22210	-1.59348	1.04872	-0.31161	-1.61790	1.05342	-0.33580	-1.61435	1.05028	-0.38474	-1.61979	0.99342	-0.33208	-1.62902	0.97805	-0.36776	-1.35412	0.62108	-0.54694	-1.29126	0.53825	-0.49571	-1.37491	0.80301	-0.54569	-1.41990	0.78306	-0.54728	-1.34880	0.74917	-0.54081	-1.39991	0.70811	-0.54255	-1.26018	0.38142	-0.54809	-1.21262	0.09626	-0.46516	-1.21888	0.36998	-0.38314	-1.18609	0.37422	-0.42106	-1.20902	0.31126	-0.38184	-1.16771	0.32992	-0.43006	-1.06928	0.09946	-0.46080	-1.05585	0.09940	-0.41836	-1.24529	0.04527	-0.41719	-1.16494	0.09461	-0.49610	-1.14763	0.13214	-0.46899	-1.10898	0.07913	-0.51130	-1.08491	0.10333	-0.49677	-1.52957	0.62798	-0.16295	-1.56214	0.50382	-0.23239	-1.45740	0.77433	-0.16839	-1.50537	0.77640	-0.15251	-1.46438	0.71617	-0.18012	-1.52625	0.70336	-0.16141	-1.60613	0.35289	-0.19218	-1.70157	0.08544	-0.29606	-1.59086	0.33180	-0.35554	-1.55757	0.31485	-0.32223	-1.61199	0.27617	-0.36435	-1.56194	0.26511	-0.31919	-1.55761	0.04818	-0.31171	-1.54889	0.04593	-0.35317	-1.75111	0.06285	-0.34243	-1.65442	0.07963	-0.27084	-1.63359	0.10460	-0.30833	-1.60210	0.05356	-0.25832	-1.57440	0.06661	-0.28197	-1.48790	0.96058	-0.25844	-1.47419	0.95865	-0.43735	-1.56978	0.50814	-0.28415	-1.27392	0.54555	-0.44670	-1.70442	0.09020	-0.33062	-1.20968	0.09796	-0.43033	-1.58981	1.04663	-0.35989	-1.42113	1.04052	-0.34816	
60	0.59000	-1.39015	1.70034	-0.40779	-1.37923	1.70275	-0.28732	-1.52600	1.60170	-0.39325	-1.50475	1.61878	-0.25819	-1.53264	1.49417	-0.34656	-1.40273	1.41329	-0.35287	-1.38978	1.24427	-0.35770	-1.58367	1.38283	-0.22985	-1.58015	1.21788	-0.35707	-1.35207	1.34315	-0.34192	-1.34756	1.34770	-0.39182	-1.33634	1.28482	-0.34714	-1.33281	1.30467	-0.41241	-1.50377	1.45250	-0.54028	-1.59640	1.10395	-0.55698	-1.50739	0.84719	-0.53923	-1.56512	0.85242	-0.58202	-1.53380	0.78685	-0.57862	-1.49082	1.42683	-0.14872	-1.43345	1.07643	-0.08343	-1.18423	0.95911	-0.05614	-1.22884	0.90858	-0.03190	-1.15398	0.90084	-0.00497	-1.40008	1.03484	-0.47448	-1.57318	1.04202	-0.40865	-1.41652	1.04177	-0.22214	-1.58090	1.04636	-0.31213	-1.60523	1.05092	-0.33644	-1.60153	1.04778	-0.38539	-1.60703	0.99096	-0.33270	-1.61604	0.97546	-0.36830	-1.34731	0.61610	-0.54733	-1.28205	0.53405	-0.49520	-1.36285	0.79988	-0.54587	-1.40796	0.78045	-0.54834	-1.33753	0.74566	-0.54109	-1.38909	0.70530	-0.54436	-1.24283	0.37930	-0.54657	-1.18107	0.09680	-0.46349	-1.20289	0.36957	-0.38117	-1.16965	0.37555	-0.41852	-1.19002	0.31140	-0.37991	-1.14804	0.33230	-0.42741	-1.03765	0.10631	-0.45658	-1.02524	0.10644	-0.41386	-1.21212	0.04423	-0.41614	-1.13241	0.09735	-0.49338	-1.11677	0.13597	-0.46601	-1.07562	0.08438	-0.50762	-1.05292	0.10957	-0.49270	-1.52158	0.62702	-0.16268	-1.55583	0.50304	-0.23219	-1.44804	0.77258	-0.16806	-1.49595	0.77518	-0.15237	-1.45529	0.71452	-0.17973	-1.51735	0.70230	-0.16114	-1.60208	0.35275	-0.19231	-1.70081	0.08662	-0.29642	-1.58638	0.33139	-0.35546	-1.55350	0.31390	-0.32206	-1.60825	0.27615	-0.36439	-1.55887	0.26445	-0.31934	-1.55738	0.04814	-0.31170	-1.54865	0.04589	-0.35314	-1.75071	0.06468	-0.34292	-1.65397	0.08012	-0.27093	-1.63224	0.10451	-0.30847	-1.60174	0.05363	-0.25836	-1.57405	0.06660	-0.28197	-1.47526	0.95827	-0.25882	-1.46094	0.95637	-0.43768	-1.56332	0.50739	-0.28397	-1.26281	0.54217	-0.44703	-1.70349	0.09143	-0.33098	-1.17778	0.09887	-0.42871	-1.57704	1.04419	-0.36039	-1.40830	1.03831	-0.34831	
61	0.60000	-1.37734	1.69802	-0.40861	-1.36632	1.70062	-0.28807	-1.51309	1.59936	-0.39377	-1.49149	1.61657	-0.25892	-1.51969	1.49210	-0.34717	-1.39009	1.41103	-0.35326	-1.37639	1.24211	-0.35806	-1.57087	1.38073	-0.23030	-1.56737	1.21573	-0.35772	-1.33911	1.34051	-0.34147	-1.33456	1.34541	-0.39216	-1.32353	1.28256	-0.34716	-1.31838	1.30245	-0.41248	-1.49050	1.45028	-0.54084	-1.58259	1.10152	-0.55733	-1.49430	0.84458	-0.53877	-1.55164	0.84999	-0.58202	-1.52075	0.78418	-0.57827	-1.47793	1.42470	-0.14925	-1.41842	1.07471	-0.08370	-1.16781	0.95993	-0.05740	-1.21185	0.90906	-0.03270	-1.13668	0.90216	-0.00606	-1.38658	1.03252	-0.47460	-1.56013	1.03948	-0.40920	-1.40339	1.03974	-0.22249	-1.56827	1.04399	-0.31280	-1.59249	1.04844	-0.33712	-1.58858	1.04520	-0.38599	-1.59416	0.98845	-0.33328	-1.60303	0.97287	-0.36892	-1.34057	0.61179	-0.54761	-1.27262	0.53032	-0.49455	-1.35035	0.79657	-0.54606	-1.39582	0.77777	-0.54972	-1.32601	0.74211	-0.54117	-1.37788	0.70236	-0.54593	-1.22430	0.37786	-0.54528	-1.15073	0.09783	-0.46079	-1.18767	0.36936	-0.37925	-1.15437	0.37686	-0.41611	-1.17186	0.31196	-0.37748	-1.13010	0.33492	-0.42459	-1.00823	0.11295	-0.45191	-0.99637	0.11380	-0.40886	-1.18108	0.04412	-0.41476	-1.10157	0.10006	-0.49053	-1.08817	0.13948	-0.46274	-1.04425	0.08947	-0.50347	-1.02258	0.11532	-0.48825	-1.51325	0.62602	-0.16247	-1.54915	0.50232	-0.23196	-1.43842	0.77096	-0.16776	-1.48635	0.77400	-0.15212	-1.44614	0.71291	-0.17903	-1.50835	0.70132	-0.16067	-1.59757	0.35281	-0.19247	-1.70005	0.08801	-0.29665	-1.58149	0.33100	-0.35551	-1.54898	0.31290	-0.32175	-1.60422	0.27601	-0.36447	-1.55500	0.26356	-0.31901	-1.55679	0.04811	-0.31137	-1.54847	0.04591	-0.35307	-1.75028	0.06684	-0.34326	-1.65349	0.08065	-0.27083	-1.63238	0.10561	-0.30817	-1.60143	0.05372	-0.25833	-1.57345	0.06651	-0.28191	-1.46195	0.95609	-0.25906	-1.44736	0.95399	-0.43790	-1.55645	0.50670	-0.28376	-1.25154	0.53920	-0.44729	-1.70260	0.09287	-0.33122	-1.14770	0.10024	-0.42600	-1.56420	1.04174	-0.36100	-1.39498	1.03613	-0.34855	
62	0.61000	-1.36436	1.69576	-0.40941	-1.35331	1.69859	-0.28884	-1.50009	1.59706	-0.39433	-1.47831	1.61442	-0.25942	-1.50665	1.49003	-0.34782	-1.37680	1.40883	-0.35375	-1.36346	1.23987	-0.35839	-1.55797	1.37862	-0.23083	-1.55450	1.21360	-0.35839	-1.32631	1.33816	-0.34235	-1.32182	1.34299	-0.39237	-1.31052	1.28031	-0.34754	-1.30607	1.30017	-0.41270	-1.47726	1.44804	-0.54151	-1.56859	1.09901	-0.55776	-1.48080	0.84195	-0.53866	-1.53791	0.84751	-0.58223	-1.50703	0.78170	-0.57847	-1.46493	1.42257	-0.14977	-1.40362	1.07284	-0.08409	-1.15187	0.96032	-0.05873	-1.19528	0.90916	-0.03360	-1.12008	0.90306	-0.00734	-1.37308	1.03014	-0.47464	-1.54699	1.03697	-0.40986	-1.39091	1.03770	-0.22236	-1.55540	1.04164	-0.31352	-1.57958	1.04599	-0.33790	-1.57550	1.04264	-0.38680	-1.58110	0.98601	-0.33396	-1.58994	0.97038	-0.36962	-1.33291	0.60856	-0.54760	-1.26190	0.52692	-0.49391	-1.33752	0.79316	-0.54617	-1.38315	0.77503	-0.55094	-1.31398	0.73826	-0.54086	-1.36646	0.69936	-0.54701	-1.20705	0.37666	-0.54391	-1.12337	0.09936	-0.45832	-1.17319	0.36917	-0.37744	-1.13965	0.37811	-0.41388	-1.15507	0.31247	-0.37594	-1.11390	0.33715	-0.42174	-0.98106	0.11849	-0.44700	-0.97046	0.12042	-0.40354	-1.15249	0.04471	-0.41271	-1.07325	0.10271	-0.48737	-1.06165	0.14279	-0.45952	-1.01533	0.09401	-0.49900	-0.99484	0.12057	-0.48364	-1.50458	0.62505	-0.16226	-1.54142	0.50156	-0.23212	-1.42867	0.76936	-0.16703	-1.47673	0.77282	-0.15190	-1.43676	0.71131	-0.17838	-1.49929	0.70037	-0.16048	-1.59270	0.35303	-0.19250	-1.69910	0.09002	-0.29693	-1.57611	0.33053	-0.35549	-1.54413	0.31216	-0.32155	-1.59980	0.27594	-0.36441	-1.55086	0.26268	-0.31866	-1.55677	0.04818	-0.31121	-1.54826	0.04587	-0.35293	-1.74974	0.06925	-0.34346	-1.65208	0.08213	-0.27067	-1.63146	0.10620	-0.30786	-1.60097	0.05380	-0.25834	-1.57288	0.06636	-0.28200	-1.44921	0.95393	-0.25916	-1.43392	0.95160	-0.43794	-1.54832	0.50596	-0.28398	-1.23922	0.53649	-0.44754	-1.70134	0.09485	-0.33153	-1.12028	0.10212	-0.42357	-1.55119	1.03931	-0.36169	-1.38199	1.03392	-0.34850	
63	0.62000	-1.35143	1.69365	-0.41022	-1.34008	1.69662	-0.28976	-1.48699	1.59485	-0.39490	-1.46502	1.61235	-0.26014	-1.49347	1.48807	-0.34852	-1.36259	1.40690	-0.35458	-1.35048	1.23769	-0.35883	-1.54500	1.37657	-0.23141	-1.54156	1.21153	-0.35904	-1.31404	1.33608	-0.34237	-1.30805	1.34091	-0.39288	-1.29766	1.27791	-0.34784	-1.29367	1.29784	-0.41304	-1.46384	1.44589	-0.54225	-1.55441	1.09648	-0.55836	-1.46704	0.83934	-0.53882	-1.52396	0.84502	-0.58261	-1.49348	0.77903	-0.57848	-1.45181	1.42040	-0.15031	-1.38906	1.07086	-0.08464	-1.13658	0.96026	-0.06016	-1.17936	0.90891	-0.03473	-1.10391	0.90348	-0.00887	-1.35940	1.02782	-0.47466	-1.53370	1.03452	-0.41070	-1.37813	1.03563	-0.22233	-1.54244	1.03942	-0.31432	-1.56659	1.04374	-0.33885	-1.56232	1.04023	-0.38770	-1.56806	0.98372	-0.33480	-1.57667	0.96793	-0.37039	-1.32307	0.60646	-0.54660	-1.25136	0.52412	-0.49297	-1.32453	0.78975	-0.54620	-1.37042	0.77232	-0.55179	-1.30200	0.73464	-0.54044	-1.35483	0.69637	-0.54743	-1.19079	0.37543	-0.54241	-1.09876	0.10081	-0.45548	-1.15876	0.36915	-0.37582	-1.12528	0.37903	-0.41221	-1.13871	0.31291	-0.37414	-1.09889	0.33930	-0.41951	-0.95681	0.12336	-0.44214	-0.94710	0.12614	-0.39842	-1.12680	0.04563	-0.41012	-1.04749	0.10461	-0.48406	-1.03743	0.14533	-0.45642	-0.98876	0.09725	-0.49440	-0.96966	0.12443	-0.47904	-1.49563	0.62411	-0.16205	-1.53353	0.50073	-0.23177	-1.41863	0.76785	-0.16656	-1.46679	0.77172	-0.15188	-1.42723	0.70977	-0.17756	-1.48985	0.69939	-0.16044	-1.58728	0.35313	-0.19244	-1.69817	0.09189	-0.29703	-1.57048	0.33009	-0.35543	-1.53900	0.31117	-0.32131	-1.59473	0.27585	-0.36412	-1.54649	0.26180	-0.31848	-1.55650	0.04816	-0.31115	-1.54801	0.04584	-0.35280	-1.74914	0.07201	-0.34353	-1.65129	0.08295	-0.27056	-1.63057	0.10708	-0.30753	-1.60052	0.05400	-0.25827	-1.57229	0.06634	-0.28192	-1.43623	0.95177	-0.25931	-1.42031	0.94928	-0.43803	-1.54012	0.50510	-0.28367	-1.22809	0.53390	-0.44693	-1.70027	0.09678	-0.33162	-1.09589	0.10381	-0.42072	-1.53807	1.03697	-0.36251	-1.36876	1.03173	-0.34849	
64	0.63000	-1.33824	1.69165	-0.41108	-1.32688	1.69476	-0.29065	-1.47385	1.59277	-0.39554	-1.45175	1.61044	-0.26083	-1.48019	1.48616	-0.34929	-1.35033	1.40469	-0.35482	-1.33722	1.23562	-0.35927	-1.53187	1.37464	-0.23204	-1.52841	1.20954	-0.35968	-1.29954	1.33432	-0.34357	-1.29537	1.33861	-0.39310	-1.28456	1.27573	-0.34818	-1.28006	1.29565	-0.41368	-1.45043	1.44367	-0.54304	-1.53994	1.09394	-0.55900	-1.45305	0.83673	-0.53915	-1.50971	0.84250	-0.58308	-1.47927	0.77657	-0.57911	-1.43856	1.41825	-0.15090	-1.37475	1.06883	-0.08537	-1.12145	0.95975	-0.06191	-1.16376	0.90818	-0.03614	-1.08828	0.90348	-0.01054	-1.34564	1.02549	-0.47474	-1.52035	1.03215	-0.41155	-1.36529	1.03343	-0.22202	-1.52928	1.03725	-0.31520	-1.55342	1.04153	-0.33983	-1.54910	1.03797	-0.38875	-1.55496	0.98159	-0.33558	-1.56340	0.96566	-0.37124	-1.31128	0.60438	-0.54473	-1.23921	0.52170	-0.49188	-1.31150	0.78659	-0.54640	-1.35758	0.76962	-0.55206	-1.28958	0.73121	-0.53984	-1.34287	0.69355	-0.54673	-1.17639	0.37370	-0.54088	-1.07707	0.10180	-0.45255	-1.14442	0.36906	-0.37462	-1.11142	0.37975	-0.41084	-1.12295	0.31335	-0.37243	-1.08375	0.34054	-0.41807	-0.93517	0.12651	-0.43808	-0.92645	0.13061	-0.39369	-1.10428	0.04629	-0.40713	-1.02487	0.10557	-0.48082	-1.01603	0.14690	-0.45374	-0.96588	0.09918	-0.49001	-0.94769	0.12724	-0.47489	-1.48642	0.62326	-0.16193	-1.52469	0.49983	-0.23169	-1.40832	0.76630	-0.16607	-1.45662	0.77062	-0.15198	-1.41729	0.70826	-0.17695	-1.48009	0.69837	-0.16036	-1.58115	0.35320	-0.19235	-1.69704	0.09396	-0.29687	-1.56456	0.32959	-0.35529	-1.53351	0.31011	-0.32116	-1.58984	0.27584	-0.36377	-1.54182	0.26102	-0.31844	-1.55588	0.04806	-0.31123	-1.54778	0.04570	-0.35256	-1.74837	0.07509	-0.34329	-1.65108	0.08319	-0.27005	-1.62912	0.10776	-0.30716	-1.59975	0.05425	-0.25814	-1.57146	0.06627	-0.28179	-1.42326	0.94955	-0.25940	-1.40670	0.94697	-0.43806	-1.53069	0.50411	-0.28366	-1.21544	0.53175	-0.44616	-1.69894	0.09883	-0.33147	-1.07374	0.10521	-0.41788	-1.52482	1.03470	-0.36337	-1.35547	1.02946	-0.34838	
65	0.64000	-1.32508	1.68979	-0.41195	-1.31371	1.69296	-0.29147	-1.46061	1.59084	-0.39625	-1.43832	1.60853	-0.26155	-1.46681	1.48437	-0.35006	-1.33654	1.40281	-0.35575	-1.32385	1.23372	-0.35984	-1.51863	1.37284	-0.23275	-1.51510	1.20765	-0.36027	-1.28575	1.33220	-0.34391	-1.28139	1.33667	-0.39367	-1.27103	1.27364	-0.34864	-1.26587	1.29381	-0.41429	-1.43703	1.44162	-0.54389	-1.52519	1.09147	-0.55971	-1.43870	0.83414	-0.53963	-1.49525	0.84007	-0.58376	-1.46516	0.77401	-0.57957	-1.42508	1.41617	-0.15157	-1.36070	1.06679	-0.08632	-1.10688	0.95886	-0.06383	-1.14895	0.90713	-0.03767	-1.07337	0.90310	-0.01237	-1.33184	1.02324	-0.47484	-1.50695	1.03000	-0.41241	-1.35197	1.03156	-0.22210	-1.51602	1.03529	-0.31613	-1.54013	1.03954	-0.34085	-1.53551	1.03561	-0.38957	-1.54154	0.97952	-0.33644	-1.55010	0.96359	-0.37208	-1.29822	0.60125	-0.54227	-1.22728	0.51989	-0.49045	-1.29825	0.78402	-0.54674	-1.34458	0.76718	-0.55161	-1.27665	0.72847	-0.53965	-1.33038	0.69121	-0.54558	-1.16408	0.37156	-0.53942	-1.05844	0.10195	-0.44949	-1.13004	0.36890	-0.37334	-1.09674	0.37977	-0.41008	-1.10758	0.31356	-0.37087	-1.06874	0.34089	-0.41705	-0.91687	0.12832	-0.43319	-0.90859	0.13323	-0.38946	-1.08503	0.04632	-0.40403	-1.00550	0.10563	-0.47749	-0.99757	0.14753	-0.45083	-0.94630	0.09994	-0.48585	-0.92868	0.12841	-0.47090	-1.47675	0.62239	-0.16180	-1.51516	0.49881	-0.23166	-1.39760	0.76485	-0.16577	-1.44603	0.76957	-0.15235	-1.40673	0.70684	-0.17643	-1.46980	0.69739	-0.16059	-1.57437	0.35333	-0.19225	-1.69573	0.09630	-0.29648	-1.55835	0.32917	-0.35529	-1.52771	0.30913	-0.32113	-1.58488	0.27600	-0.36378	-1.53683	0.26014	-0.31834	-1.55568	0.04818	-0.31100	-1.54771	0.04546	-0.35199	-1.74751	0.07858	-0.34279	-1.64981	0.08425	-0.26943	-1.62720	0.10820	-0.30680	-1.59890	0.05466	-0.25792	-1.57076	0.06631	-0.28166	-1.40988	0.94764	-0.25950	-1.39298	0.94479	-0.43813	-1.52048	0.50297	-0.28372	-1.20322	0.53015	-0.44492	-1.69748	0.10115	-0.33110	-1.05437	0.10582	-0.41495	-1.51148	1.03264	-0.36427	-1.34191	1.02740	-0.34847	
66	0.65000	-1.31181	1.68808	-0.41284	-1.30032	1.69132	-0.29237	-1.44723	1.58902	-0.39699	-1.42488	1.60679	-0.26234	-1.45336	1.48272	-0.35087	-1.32393	1.40090	-0.35613	-1.31032	1.23188	-0.36043	-1.50530	1.37118	-0.23350	-1.50176	1.20591	-0.36085	-1.27216	1.33061	-0.34492	-1.26817	1.33475	-0.39415	-1.25682	1.27198	-0.34932	-1.25307	1.29188	-0.41483	-1.42349	1.43975	-0.54477	-1.51011	1.08912	-0.56066	-1.42427	0.83175	-0.54022	-1.48059	0.83775	-0.58457	-1.45050	0.77179	-0.58063	-1.41145	1.41427	-0.15232	-1.34700	1.06481	-0.08741	-1.09280	0.95747	-0.06606	-1.13439	0.90565	-0.03950	-1.05890	0.90220	-0.01439	-1.31819	1.02119	-0.47511	-1.49344	1.02808	-0.41323	-1.33872	1.02968	-0.22206	-1.50260	1.03351	-0.31702	-1.52672	1.03768	-0.34168	-1.52224	1.03393	-0.39059	-1.52819	0.97771	-0.33724	-1.53666	0.96176	-0.37286	-1.28567	0.59762	-0.53996	-1.21337	0.51839	-0.48910	-1.28473	0.78221	-0.54706	-1.33110	0.76533	-0.55077	-1.26314	0.72669	-0.53994	-1.31689	0.68938	-0.54431	-1.15159	0.36909	-0.53768	-1.04291	0.10113	-0.44646	-1.11564	0.36832	-0.37182	-1.08290	0.37924	-0.40829	-1.09271	0.31317	-0.36917	-1.05395	0.34027	-0.41586	-0.90137	0.12823	-0.42927	-0.89355	0.13361	-0.38551	-1.06931	0.04549	-0.40096	-0.98947	0.10474	-0.47424	-0.98204	0.14680	-0.44799	-0.93010	0.09936	-0.48197	-0.91280	0.12797	-0.46702	-1.46638	0.62149	-0.16178	-1.50500	0.49771	-0.23161	-1.38631	0.76341	-0.16562	-1.43558	0.76853	-0.15266	-1.39603	0.70555	-0.17627	-1.45939	0.69652	-0.16108	-1.56699	0.35349	-0.19212	-1.69428	0.09904	-0.29587	-1.55169	0.32875	-0.35514	-1.52149	0.30801	-0.32105	-1.57940	0.27619	-0.36351	-1.53167	0.25933	-0.31823	-1.55498	0.04810	-0.31107	-1.54773	0.04551	-0.35209	-1.74647	0.08251	-0.34205	-1.64764	0.08631	-0.26875	-1.62579	0.10970	-0.30590	-1.59748	0.05496	-0.25794	-1.56942	0.06615	-0.28140	-1.39662	0.94578	-0.25967	-1.37946	0.94282	-0.43827	-1.50982	0.50176	-0.28374	-1.18805	0.52944	-0.44446	-1.69595	0.10389	-0.33049	-1.03778	0.10557	-0.41212	-1.49802	1.03079	-0.36513	-1.32845	1.02544	-0.34858	
67	0.66000	-1.29849	1.68655	-0.41374	-1.28691	1.68980	-0.29326	-1.43381	1.58739	-0.39782	-1.41130	1.60516	-0.26317	-1.43979	1.48111	-0.35161	-1.30998	1.39931	-0.35693	-1.29673	1.23030	-0.36109	-1.49176	1.36969	-0.23430	-1.48811	1.20433	-0.36134	-1.25839	1.32892	-0.34551	-1.25449	1.33299	-0.39477	-1.24338	1.27027	-0.34985	-1.24019	1.29007	-0.41534	-1.41000	1.43809	-0.54563	-1.49472	1.08686	-0.56154	-1.40925	0.82934	-0.54130	-1.46571	0.83561	-0.58558	-1.43580	0.76960	-0.58180	-1.39764	1.41250	-0.15303	-1.33355	1.06285	-0.08868	-1.07931	0.95567	-0.06845	-1.12075	0.90385	-0.04132	-1.04506	0.90080	-0.01655	-1.30451	1.01943	-0.47548	-1.47989	1.02642	-0.41393	-1.32488	1.02775	-0.22223	-1.48898	1.03186	-0.31772	-1.51309	1.03609	-0.34245	-1.50852	1.03213	-0.39116	-1.51472	0.97612	-0.33797	-1.52316	0.96015	-0.37352	-1.27168	0.59499	-0.53828	-1.19921	0.51720	-0.48769	-1.27068	0.78100	-0.54725	-1.31708	0.76393	-0.55018	-1.24891	0.72568	-0.54019	-1.30255	0.68807	-0.54340	-1.13873	0.36696	-0.53556	-1.03023	0.09925	-0.44331	-1.10140	0.36717	-0.36983	-1.06830	0.37763	-0.40674	-1.07907	0.31198	-0.36696	-1.03995	0.33852	-0.41383	-0.88872	0.12600	-0.42566	-0.88114	0.13147	-0.38185	-1.05698	0.04375	-0.39797	-0.97674	0.10274	-0.47107	-0.96928	0.14471	-0.44481	-0.91713	0.09703	-0.47836	-0.89910	0.12511	-0.46350	-1.45512	0.62047	-0.16192	-1.49377	0.49656	-0.23144	-1.37482	0.76205	-0.16568	-1.42373	0.76740	-0.15324	-1.38403	0.70394	-0.17610	-1.44795	0.69540	-0.16162	-1.55900	0.35367	-0.19192	-1.69244	0.10200	-0.29508	-1.54452	0.32839	-0.35504	-1.51481	0.30699	-0.32098	-1.57360	0.27652	-0.36325	-1.52610	0.25847	-0.31811	-1.55434	0.04806	-0.31094	-1.54757	0.04556	-0.35201	-1.74516	0.08694	-0.34113	-1.64662	0.08713	-0.26790	-1.62350	0.11087	-0.30480	-1.59635	0.05525	-0.25763	-1.56799	0.06600	-0.28114	-1.38290	0.94394	-0.25996	-1.36586	0.94110	-0.43858	-1.49813	0.50048	-0.28361	-1.17350	0.52867	-0.44337	-1.69398	0.10682	-0.32971	-1.02468	0.10396	-0.40907	-1.48443	1.02914	-0.36582	-1.31469	1.02359	-0.34886	
68	0.67000	-1.28510	1.68521	-0.41464	-1.27338	1.68843	-0.29424	-1.42029	1.58589	-0.39871	-1.39762	1.60365	-0.26413	-1.42618	1.47962	-0.35241	-1.29608	1.39793	-0.35773	-1.28311	1.22878	-0.36176	-1.47793	1.36826	-0.23496	-1.47433	1.20284	-0.36181	-1.24455	1.32739	-0.34608	-1.24075	1.33156	-0.39546	-1.22978	1.26876	-0.35048	-1.22577	1.28860	-0.41598	-1.39653	1.43659	-0.54647	-1.47906	1.08477	-0.56257	-1.39422	0.82707	-0.54239	-1.45052	0.83361	-0.58684	-1.42085	0.76758	-0.58316	-1.38358	1.41089	-0.15385	-1.32049	1.06102	-0.09016	-1.06628	0.95345	-0.07082	-1.10767	0.90176	-0.04343	-1.03187	0.89899	-0.01882	-1.29093	1.01794	-0.47594	-1.46614	1.02506	-0.41441	-1.31113	1.02607	-0.22254	-1.47526	1.03047	-0.31829	-1.49931	1.03473	-0.34296	-1.49491	1.03097	-0.39179	-1.50100	0.97476	-0.33851	-1.50950	0.95884	-0.37406	-1.25673	0.59442	-0.53796	-1.18347	0.51633	-0.48605	-1.25609	0.78012	-0.54718	-1.30235	0.76260	-0.54978	-1.23382	0.72498	-0.53979	-1.28710	0.68688	-0.54259	-1.12503	0.36510	-0.53327	-1.02043	0.09589	-0.43989	-1.08749	0.36536	-0.36757	-1.05446	0.37532	-0.40444	-1.06593	0.30971	-0.36427	-1.02679	0.33579	-0.41116	-0.87879	0.12188	-0.42235	-0.87106	0.12690	-0.37842	-1.04786	0.04116	-0.39472	-0.96692	0.09941	-0.46784	-0.95910	0.14121	-0.44132	-0.90753	0.09316	-0.47510	-0.88997	0.12146	-0.46006	-1.44321	0.61941	-0.16215	-1.48208	0.49530	-0.23134	-1.36237	0.76064	-0.16598	-1.41134	0.76620	-0.15399	-1.37179	0.70255	-0.17623	-1.43581	0.69422	-0.16214	-1.55047	0.35388	-0.19165	-1.69059	0.10506	-0.29426	-1.53674	0.32799	-0.35466	-1.50765	0.30589	-0.32076	-1.56744	0.27702	-0.36292	-1.52005	0.25780	-0.31800	-1.55413	0.04824	-0.31071	-1.54739	0.04562	-0.35196	-1.74322	0.09181	-0.34048	-1.64456	0.08887	-0.26696	-1.62079	0.11216	-0.30416	-1.59514	0.05553	-0.25733	-1.56619	0.06643	-0.28070	-1.36927	0.94236	-0.26037	-1.35235	0.93965	-0.43900	-1.48619	0.49911	-0.28354	-1.15812	0.52801	-0.44158	-1.69210	0.10989	-0.32890	-1.01495	0.10061	-0.40565	-1.47070	1.02776	-0.36635	-1.30103	1.02201	-0.34924	
69	0.68000	-1.27155	1.68394	-0.41566	-1.25982	1.68719	-0.29519	-1.40667	1.58449	-0.39961	-1.38398	1.60228	-0.26501	-1.41250	1.47816	-0.35319	-1.28206	1.39663	-0.35858	-1.26887	1.22748	-0.36257	-1.46381	1.36694	-0.23562	-1.46027	1.20139	-0.36227	-1.23064	1.32602	-0.34673	-1.22676	1.33025	-0.39626	-1.21608	1.26742	-0.35111	-1.21162	1.28735	-0.41685	-1.38295	1.43522	-0.54730	-1.46325	1.08291	-0.56356	-1.37895	0.82502	-0.54369	-1.43510	0.83178	-0.58821	-1.40517	0.76578	-0.58478	-1.36947	1.40950	-0.15461	-1.30768	1.05918	-0.09175	-1.05383	0.95078	-0.07331	-1.09548	0.89945	-0.04550	-1.02000	0.89687	-0.02094	-1.27721	1.01669	-0.47663	-1.45217	1.02392	-0.41478	-1.29712	1.02445	-0.22285	-1.46107	1.02924	-0.31867	-1.48530	1.03361	-0.34329	-1.48092	1.02990	-0.39216	-1.48717	0.97369	-0.33891	-1.49558	0.95773	-0.37447	-1.23960	0.59536	-0.53838	-1.16900	0.51575	-0.48481	-1.24106	0.77943	-0.54709	-1.28729	0.76133	-0.54968	-1.21831	0.72461	-0.53910	-1.27112	0.68584	-0.54213	-1.11073	0.36325	-0.53084	-1.01318	0.09219	-0.43672	-1.07439	0.36295	-0.36488	-1.04074	0.37208	-0.40152	-1.05410	0.30701	-0.36155	-1.01385	0.33208	-0.40798	-0.87136	0.11593	-0.41906	-0.86337	0.12046	-0.37532	-1.04164	0.03773	-0.39128	-0.96012	0.09513	-0.46445	-0.95176	0.13667	-0.43794	-0.90138	0.08786	-0.47208	-0.88274	0.11580	-0.45682	-1.43043	0.61825	-0.16244	-1.46954	0.49390	-0.23120	-1.34945	0.75926	-0.16646	-1.39835	0.76491	-0.15473	-1.35931	0.70100	-0.17629	-1.42290	0.69296	-0.16281	-1.54130	0.35415	-0.19133	-1.68798	0.10885	-0.29305	-1.52861	0.32769	-0.35443	-1.49998	0.30486	-0.32062	-1.56050	0.27748	-0.36239	-1.51358	0.25716	-0.31764	-1.55364	0.04822	-0.31060	-1.54710	0.04561	-0.35182	-1.74122	0.09726	-0.33931	-1.64210	0.09073	-0.26564	-1.61836	0.11390	-0.30286	-1.59373	0.05594	-0.25691	-1.56461	0.06637	-0.28044	-1.35541	0.94088	-0.26091	-1.33871	0.93843	-0.43956	-1.47355	0.49762	-0.28341	-1.14568	0.52673	-0.43907	-1.68945	0.11368	-0.32768	-1.00894	0.09649	-0.40224	-1.45662	1.02658	-0.36672	-1.28717	1.02057	-0.34974	
70	0.69000	-1.25802	1.68277	-0.41664	-1.24622	1.68602	-0.29620	-1.39299	1.58317	-0.40055	-1.37021	1.60095	-0.26600	-1.39879	1.47668	-0.35398	-1.26767	1.39558	-0.35966	-1.25469	1.22639	-0.36348	-1.44950	1.36567	-0.23625	-1.44595	1.19993	-0.36268	-1.21612	1.32495	-0.34765	-1.21279	1.32920	-0.39724	-1.20167	1.26650	-0.35223	-1.19713	1.28636	-0.41765	-1.36945	1.43403	-0.54809	-1.44722	1.08119	-0.56456	-1.36330	0.82319	-0.54530	-1.41919	0.83027	-0.59011	-1.38955	0.76422	-0.58674	-1.35516	1.40826	-0.15549	-1.29524	1.05739	-0.09351	-1.04199	0.94789	-0.07602	-1.08328	0.89667	-0.04802	-1.00755	0.89409	-0.02377	-1.26319	1.01557	-0.47754	-1.43794	1.02298	-0.41500	-1.28279	1.02287	-0.22355	-1.44675	1.02818	-0.31896	-1.47103	1.03262	-0.34347	-1.46665	1.02894	-0.39235	-1.47285	0.97266	-0.33920	-1.48145	0.95683	-0.37480	-1.22218	0.59608	-0.53848	-1.15224	0.51525	-0.48319	-1.22561	0.77882	-0.54685	-1.27177	0.76005	-0.54973	-1.20232	0.72439	-0.53834	-1.25461	0.68490	-0.54165	-1.09602	0.36149	-0.52851	-1.00813	0.08808	-0.43335	-1.06219	0.35995	-0.36179	-1.02786	0.36835	-0.39813	-1.04357	0.30349	-0.35822	-1.00252	0.32713	-0.40413	-0.86674	0.10874	-0.41561	-0.85801	0.11260	-0.37216	-1.03813	0.03399	-0.38804	-0.95571	0.09012	-0.46095	-0.94618	0.13134	-0.43398	-0.89715	0.08171	-0.46891	-0.87790	0.10910	-0.45338	-1.41694	0.61700	-0.16266	-1.45632	0.49227	-0.23100	-1.33579	0.75785	-0.16718	-1.38475	0.76350	-0.15552	-1.34538	0.69955	-0.17685	-1.40930	0.69148	-0.16334	-1.53137	0.35439	-0.19087	-1.68511	0.11298	-0.29199	-1.51954	0.32729	-0.35384	-1.49166	0.30370	-0.32008	-1.55294	0.27796	-0.36173	-1.50655	0.25657	-0.31717	-1.55392	0.04804	-0.31066	-1.54748	0.04599	-0.35204	-1.73875	0.10317	-0.33810	-1.63956	0.09270	-0.26483	-1.61500	0.11554	-0.30155	-1.59234	0.05605	-0.25659	-1.56376	0.06643	-0.27936	-1.34126	0.93947	-0.26179	-1.32480	0.93736	-0.44047	-1.46032	0.49586	-0.28323	-1.13029	0.52605	-0.43673	-1.68662	0.11785	-0.32662	-1.00490	0.09205	-0.39873	-1.44234	1.02558	-0.36698	-1.27299	1.01922	-0.35054	
71	0.70000	-1.24444	1.68165	-0.41769	-1.23262	1.68488	-0.29720	-1.37928	1.58188	-0.40158	-1.35644	1.59966	-0.26702	-1.38507	1.47521	-0.35486	-1.25334	1.39468	-0.36079	-1.24025	1.22536	-0.36445	-1.43502	1.36429	-0.23686	-1.43155	1.19846	-0.36303	-1.20156	1.32385	-0.34841	-1.19856	1.32836	-0.39841	-1.18724	1.26566	-0.35325	-1.18306	1.28555	-0.41873	-1.35594	1.43289	-0.54893	-1.43119	1.07966	-0.56560	-1.34723	0.82159	-0.54721	-1.40317	0.82893	-0.59189	-1.37359	0.76280	-0.58888	-1.34066	1.40716	-0.15648	-1.28321	1.05571	-0.09545	-1.03065	0.94464	-0.07873	-1.07207	0.89374	-0.05038	-0.99630	0.89097	-0.02632	-1.24890	1.01459	-0.47849	-1.42338	1.02216	-0.41521	-1.26818	1.02146	-0.22426	-1.43220	1.02728	-0.31925	-1.45655	1.03184	-0.34372	-1.45218	1.02820	-0.39257	-1.45848	0.97186	-0.33956	-1.46703	0.95605	-0.37513	-1.20343	0.59551	-0.53736	-1.13476	0.51495	-0.48138	-1.21033	0.77822	-0.54651	-1.25594	0.75881	-0.54993	-1.18585	0.72425	-0.53798	-1.23776	0.68396	-0.54109	-1.08133	0.35954	-0.52595	-1.00482	0.08379	-0.43057	-1.05055	0.35688	-0.35875	-1.01545	0.36404	-0.39415	-1.03414	0.29984	-0.35481	-0.99139	0.32226	-0.39995	-0.86296	0.10094	-0.41209	-0.85365	0.10371	-0.36841	-1.03672	0.03110	-0.38608	-0.95257	0.08526	-0.45767	-0.94232	0.12579	-0.43020	-0.89411	0.07597	-0.46557	-0.87446	0.10275	-0.44958	-1.40280	0.61553	-0.16295	-1.44206	0.49041	-0.23067	-1.32174	0.75629	-0.16760	-1.37068	0.76189	-0.15617	-1.33143	0.69784	-0.17702	-1.39507	0.68981	-0.16392	-1.52073	0.35453	-0.19028	-1.68200	0.11726	-0.29096	-1.50991	0.32687	-0.35345	-1.48260	0.30244	-0.31956	-1.54487	0.27858	-0.36102	-1.49909	0.25594	-0.31631	-1.55531	0.04717	-0.31053	-1.54677	0.04607	-0.35240	-1.73571	0.10957	-0.33699	-1.63654	0.09512	-0.26360	-1.61186	0.11793	-0.30021	-1.59069	0.05663	-0.25606	-1.56128	0.06588	-0.27917	-1.32685	0.93824	-0.26268	-1.31061	0.93642	-0.44138	-1.44597	0.49383	-0.28291	-1.11393	0.52572	-0.43440	-1.68348	0.12218	-0.32558	-1.00256	0.08742	-0.39583	-1.42779	1.02472	-0.36723	-1.25854	1.01802	-0.35138	
72	0.71000	-1.23077	1.68060	-0.41873	-1.21903	1.68387	-0.29826	-1.36555	1.58069	-0.40261	-1.34267	1.59847	-0.26812	-1.37132	1.47379	-0.35578	-1.23994	1.39365	-0.36173	-1.22534	1.22450	-0.36551	-1.42034	1.36278	-0.23756	-1.41682	1.19695	-0.36345	-1.18742	1.32325	-0.34943	-1.18424	1.32777	-0.39954	-1.17232	1.26514	-0.35452	-1.16946	1.28493	-0.42034	-1.34223	1.43182	-0.54980	-1.41517	1.07828	-0.56672	-1.33083	0.82023	-0.54941	-1.38686	0.82772	-0.59390	-1.35797	0.76146	-0.59106	-1.32598	1.40616	-0.15749	-1.27161	1.05405	-0.09752	-1.01979	0.94111	-0.08142	-1.06164	0.89059	-0.05273	-0.98572	0.88743	-0.02895	-1.23419	1.01359	-0.47951	-1.40886	1.02151	-0.41558	-1.25332	1.01996	-0.22525	-1.41758	1.02648	-0.31958	-1.44197	1.03106	-0.34408	-1.43768	1.02754	-0.39297	-1.44391	0.97116	-0.33989	-1.45259	0.95540	-0.37562	-1.18423	0.59429	-0.53505	-1.11577	0.51494	-0.47934	-1.19431	0.77765	-0.54698	-1.23966	0.75772	-0.55040	-1.16938	0.72415	-0.53752	-1.22083	0.68312	-0.54066	-1.06706	0.35754	-0.52329	-1.00070	0.08151	-0.42813	-1.03978	0.35449	-0.35546	-1.00320	0.36075	-0.39004	-1.02524	0.29683	-0.35113	-0.98070	0.31801	-0.39508	-0.85840	0.09314	-0.40850	-0.84971	0.09464	-0.36495	-1.03445	0.03077	-0.38427	-0.94881	0.08134	-0.45422	-0.93738	0.12129	-0.42635	-0.89063	0.07063	-0.46242	-0.87017	0.09681	-0.44624	-1.38795	0.61381	-0.16314	-1.42684	0.48820	-0.23008	-1.30702	0.75455	-0.16824	-1.35601	0.76015	-0.15698	-1.31675	0.69607	-0.17730	-1.38036	0.68800	-0.16438	-1.50932	0.35452	-0.18959	-1.67815	0.12223	-0.28973	-1.49934	0.32628	-0.35262	-1.47289	0.30100	-0.31879	-1.53586	0.27910	-0.36017	-1.49628	0.25432	-0.31511	-1.55430	0.04739	-0.31020	-1.54630	0.04626	-0.35233	-1.73347	0.11850	-0.33576	-1.63268	0.09768	-0.26225	-1.60753	0.11975	-0.29861	-1.58869	0.05717	-0.25546	-1.55916	0.06548	-0.27874	-1.31224	0.93698	-0.26383	-1.29609	0.93551	-0.44254	-1.43067	0.49139	-0.28235	-1.09529	0.52617	-0.43233	-1.67959	0.12721	-0.32434	-0.99859	0.08504	-0.39337	-1.41322	1.02399	-0.36758	-1.24376	1.01678	-0.35238	
73	0.72000	-1.21708	1.67992	-0.41977	-1.20523	1.68314	-0.29934	-1.35169	1.57969	-0.40371	-1.32881	1.59749	-0.26920	-1.35742	1.47284	-0.35685	-1.22510	1.39310	-0.36314	-1.21063	1.22395	-0.36672	-1.40565	1.36126	-0.23832	-1.40206	1.19574	-0.36391	-1.17220	1.32285	-0.35102	-1.16978	1.32742	-0.40094	-1.15742	1.26481	-0.35584	-1.15448	1.28474	-0.42140	-1.32846	1.43092	-0.55085	-1.39904	1.07691	-0.56794	-1.31410	0.81901	-0.55164	-1.37029	0.82666	-0.59599	-1.34132	0.76036	-0.59345	-1.31131	1.40529	-0.15859	-1.26038	1.05242	-0.09975	-1.00967	0.93720	-0.08400	-1.05175	0.88720	-0.05503	-0.97585	0.88355	-0.03153	-1.21929	1.01272	-0.48050	-1.39466	1.02094	-0.41611	-1.23829	1.01846	-0.22617	-1.40302	1.02573	-0.32000	-1.42768	1.03042	-0.34443	-1.42361	1.02700	-0.39333	-1.42954	0.97040	-0.34045	-1.43834	0.95476	-0.37608	-1.16487	0.59432	-0.53234	-1.09887	0.51537	-0.47791	-1.17765	0.77760	-0.54782	-1.22317	0.75764	-0.55115	-1.15281	0.72421	-0.53729	-1.20419	0.68313	-0.54004	-1.05305	0.35628	-0.52016	-0.99273	0.08261	-0.42633	-1.02956	0.35399	-0.35267	-0.99083	0.36011	-0.38593	-1.01531	0.29611	-0.34830	-0.96872	0.31726	-0.39064	-0.85121	0.08696	-0.40610	-0.84168	0.08737	-0.36254	-1.03025	0.03290	-0.38231	-0.94277	0.08102	-0.45024	-0.92830	0.11950	-0.42215	-0.88534	0.06670	-0.46012	-0.86304	0.09140	-0.44379	-1.37239	0.61189	-0.16342	-1.41047	0.48567	-0.22948	-1.29191	0.75279	-0.16893	-1.34097	0.75816	-0.15794	-1.30114	0.69413	-0.17785	-1.36486	0.68584	-0.16513	-1.49681	0.35439	-0.18881	-1.67350	0.12759	-0.28829	-1.48783	0.32560	-0.35173	-1.46230	0.29947	-0.31792	-1.52617	0.27971	-0.35921	-1.48877	0.25317	-0.31427	-1.55287	0.04777	-0.30988	-1.54573	0.04619	-0.35214	-1.72894	0.12637	-0.33403	-1.62866	0.10018	-0.26083	-1.60258	0.12191	-0.29713	-1.58630	0.05769	-0.25472	-1.55776	0.06440	-0.27866	-1.29744	0.93574	-0.26496	-1.28138	0.93470	-0.44368	-1.41412	0.48859	-0.28177	-1.07949	0.52650	-0.43040	-1.67489	0.13261	-0.32290	-0.99080	0.08607	-0.39155	-1.39884	1.02333	-0.36806	-1.22879	1.01559	-0.35333	
74	0.73000	-1.20340	1.67985	-0.42084	-1.19157	1.68310	-0.30034	-1.33775	1.57926	-0.40480	-1.31493	1.59715	-0.27031	-1.34303	1.47251	-0.35786	-1.21201	1.39267	-0.36396	-1.19574	1.22374	-0.36802	-1.39101	1.36005	-0.23924	-1.38749	1.19531	-0.36440	-1.15733	1.32267	-0.35242	-1.15538	1.32739	-0.40227	-1.14280	1.26477	-0.35723	-1.14021	1.28475	-0.42278	-1.31468	1.43021	-0.55204	-1.38289	1.07568	-0.56932	-1.29667	0.81807	-0.55437	-1.35340	0.82570	-0.59824	-1.32464	0.75959	-0.59587	-1.29639	1.40466	-0.15958	-1.24945	1.05084	-0.10222	-0.99962	0.93286	-0.08690	-1.04263	0.88354	-0.05730	-0.96661	0.87937	-0.03410	-1.20482	1.01240	-0.48137	-1.38052	1.02056	-0.41664	-1.22340	1.01697	-0.22703	-1.38847	1.02500	-0.32033	-1.41356	1.02978	-0.34482	-1.40962	1.02653	-0.39371	-1.41518	0.96978	-0.34099	-1.42404	0.95422	-0.37665	-1.14548	0.59800	-0.53215	-1.08358	0.51682	-0.47704	-1.16114	0.77913	-0.54813	-1.20671	0.75936	-0.55104	-1.13664	0.72554	-0.53738	-1.18826	0.68496	-0.53949	-1.04055	0.35732	-0.51782	-0.98551	0.08295	-0.42552	-1.01819	0.35474	-0.35107	-0.97853	0.36053	-0.38344	-1.00496	0.29665	-0.34672	-0.95698	0.31736	-0.38775	-0.84559	0.08167	-0.40435	-0.83585	0.08074	-0.36073	-1.02685	0.03435	-0.38152	-0.93742	0.08104	-0.44806	-0.92049	0.11724	-0.41932	-0.88142	0.06321	-0.45890	-0.85745	0.08623	-0.44244	-1.35595	0.60964	-0.16375	-1.39297	0.48284	-0.22877	-1.27627	0.75096	-0.16969	-1.32534	0.75601	-0.15888	-1.28507	0.69216	-0.17832	-1.34873	0.68350	-0.16589	-1.48317	0.35427	-0.18807	-1.66782	0.13365	-0.28647	-1.47544	0.32478	-0.35089	-1.45063	0.29792	-0.31677	-1.51534	0.28042	-0.35808	-1.47839	0.25266	-0.31285	-1.55063	0.04835	-0.30948	-1.54570	0.04601	-0.35195	-1.72329	0.13523	-0.33181	-1.62336	0.10323	-0.25912	-1.59898	0.12383	-0.29545	-1.58376	0.05800	-0.25433	-1.55492	0.06367	-0.27818	-1.28275	0.93453	-0.26610	-1.26698	0.93431	-0.44485	-1.39652	0.48549	-0.28108	-1.06736	0.52678	-0.42811	-1.66920	0.13873	-0.32107	-0.98439	0.08612	-0.39068	-1.38450	1.02278	-0.36849	-1.21411	1.01468	-0.35420	
75	0.74000	-1.18964	1.68030	-0.42180	-1.17788	1.68351	-0.30135	-1.32384	1.57948	-0.40593	-1.30107	1.59731	-0.27139	-1.32860	1.47257	-0.35886	-1.19609	1.39307	-0.36558	-1.18182	1.22358	-0.36908	-1.37629	1.35966	-0.24028	-1.37303	1.19536	-0.36465	-1.14277	1.32262	-0.35315	-1.14083	1.32767	-0.40359	-1.12766	1.26511	-0.35874	-1.12493	1.28520	-0.42421	-1.30066	1.42973	-0.55322	-1.36678	1.07471	-0.57086	-1.27962	0.81740	-0.55665	-1.33628	0.82499	-0.60062	-1.30674	0.75901	-0.59846	-1.28116	1.40427	-0.16050	-1.23891	1.04946	-0.10495	-0.99064	0.92843	-0.08948	-1.03431	0.87982	-0.05958	-0.95822	0.87498	-0.03658	-1.19045	1.01274	-0.48243	-1.36645	1.02057	-0.41704	-1.20851	1.01565	-0.22797	-1.37400	1.02432	-0.32051	-1.39937	1.02930	-0.34498	-1.39560	1.02641	-0.39390	-1.40082	0.96922	-0.34157	-1.40977	0.95384	-0.37735	-1.12622	0.60312	-0.53261	-1.06646	0.51943	-0.47615	-1.14440	0.78172	-0.54786	-1.18982	0.76192	-0.55047	-1.11961	0.72812	-0.53733	-1.17120	0.68765	-0.53907	-1.02685	0.36052	-0.51807	-0.98185	0.08283	-0.42536	-1.00785	0.35481	-0.34906	-0.96822	0.36005	-0.38035	-0.99629	0.29654	-0.34521	-0.94700	0.31634	-0.38479	-0.84247	0.07650	-0.40326	-0.83291	0.07465	-0.35974	-1.02542	0.03559	-0.38175	-0.93534	0.07898	-0.44695	-0.91752	0.11447	-0.41760	-0.87961	0.06030	-0.45811	-0.85513	0.08275	-0.44139	-1.33837	0.60719	-0.16384	-1.37399	0.47992	-0.22774	-1.26001	0.74940	-0.17058	-1.30915	0.75397	-0.15991	-1.26811	0.69043	-0.17896	-1.33170	0.68114	-0.16642	-1.46788	0.35404	-0.18724	-1.66083	0.14033	-0.28463	-1.46174	0.32437	-0.34968	-1.43744	0.29697	-0.31544	-1.50325	0.28139	-0.35664	-1.46673	0.25249	-0.31152	-1.54793	0.04903	-0.30905	-1.54477	0.04621	-0.35181	-1.71592	0.14477	-0.32964	-1.61699	0.10638	-0.25732	-1.59171	0.12564	-0.29315	-1.58023	0.05858	-0.25381	-1.55149	0.06289	-0.27772	-1.26795	0.93348	-0.26748	-1.25255	0.93443	-0.44626	-1.37752	0.48224	-0.28007	-1.05301	0.52851	-0.42622	-1.66229	0.14558	-0.31920	-0.98204	0.08562	-0.39048	-1.37023	1.02244	-0.36877	-1.19948	1.01420	-0.35520	
76	0.75000	-1.17591	1.68098	-0.42272	-1.16425	1.68412	-0.30229	-1.30996	1.57994	-0.40705	-1.28718	1.59762	-0.27252	-1.31438	1.47287	-0.35966	-1.18227	1.39340	-0.36672	-1.16689	1.22428	-0.37055	-1.36128	1.35988	-0.24091	-1.35869	1.19556	-0.36483	-1.12809	1.32357	-0.35486	-1.12631	1.32823	-0.40485	-1.11312	1.26567	-0.36000	-1.11156	1.28575	-0.42549	-1.28659	1.42962	-0.55435	-1.35057	1.07404	-0.57249	-1.26227	0.81714	-0.55922	-1.31901	0.82467	-0.60300	-1.29001	0.75887	-0.60122	-1.26562	1.40432	-0.16123	-1.22884	1.04848	-0.10787	-0.98271	0.92394	-0.09183	-1.02698	0.87599	-0.06187	-0.95084	0.87037	-0.03900	-1.17596	1.01406	-0.48345	-1.35239	1.02099	-0.41706	-1.19371	1.01464	-0.22908	-1.35964	1.02379	-0.32053	-1.38522	1.02887	-0.34480	-1.38159	1.02650	-0.39376	-1.38655	0.96881	-0.34201	-1.39554	0.95380	-0.37791	-1.10849	0.60698	-0.53237	-1.04878	0.52240	-0.47487	-1.12661	0.78429	-0.54774	-1.17179	0.76405	-0.55106	-1.10167	0.73114	-0.53615	-1.15269	0.69007	-0.53848	-1.00600	0.36427	-0.51681	-0.97988	0.08291	-0.42527	-0.99812	0.35424	-0.34749	-0.95757	0.35863	-0.37805	-0.98827	0.29550	-0.34383	-0.93745	0.31440	-0.38238	-0.84030	0.07210	-0.40253	-0.83103	0.06976	-0.35885	-1.02442	0.03650	-0.38217	-0.93297	0.07799	-0.44613	-0.91403	0.11264	-0.41650	-0.87780	0.05778	-0.45758	-0.85264	0.07919	-0.44055	-1.31928	0.60488	-0.16354	-1.35430	0.47715	-0.22564	-1.24300	0.74820	-0.17156	-1.29220	0.75221	-0.16089	-1.24974	0.68937	-0.17962	-1.31364	0.67904	-0.16672	-1.45104	0.35422	-0.18617	-1.65247	0.14759	-0.28277	-1.44641	0.32441	-0.34796	-1.42255	0.29654	-0.31322	-1.48937	0.28292	-0.35478	-1.45441	0.25292	-0.30934	-1.54494	0.04993	-0.30900	-1.54333	0.04700	-0.35188	-1.70658	0.15511	-0.32778	-1.60956	0.10959	-0.25511	-1.58018	0.12758	-0.29090	-1.57682	0.05892	-0.25328	-1.54743	0.06176	-0.27714	-1.25304	0.93271	-0.26920	-1.23786	0.93530	-0.44798	-1.35851	0.47914	-0.27794	-1.03641	0.53147	-0.42466	-1.65416	0.15329	-0.31726	-0.98368	0.08511	-0.39055	-1.35601	1.02239	-0.36880	-1.18484	1.01435	-0.35627	
77	0.76000	-1.16229	1.68176	-0.42368	-1.15068	1.68479	-0.30320	-1.29601	1.58039	-0.40820	-1.27338	1.59798	-0.27363	-1.30022	1.47330	-0.36029	-1.16805	1.39400	-0.36780	-1.15195	1.22522	-0.37192	-1.34618	1.36056	-0.24110	-1.34440	1.19599	-0.36487	-1.11344	1.32428	-0.35635	-1.11247	1.32895	-0.40598	-1.09801	1.26651	-0.36153	-1.09688	1.28663	-0.42681	-1.27287	1.42989	-0.55516	-1.33440	1.07375	-0.57410	-1.24464	0.81732	-0.56197	-1.30141	0.82480	-0.60567	-1.27164	0.75904	-0.60431	-1.24988	1.40482	-0.16186	-1.21919	1.04800	-0.11090	-0.97541	0.91943	-0.09410	-1.02054	0.87211	-0.06425	-0.94453	0.86555	-0.04125	-1.16350	1.01586	-0.48372	-1.33824	1.02180	-0.41682	-1.17923	1.01392	-0.23005	-1.34531	1.02344	-0.32035	-1.37102	1.02864	-0.34442	-1.36751	1.02692	-0.39347	-1.37222	0.96854	-0.34245	-1.38124	0.95397	-0.37846	-1.09074	0.61005	-0.53289	-1.03006	0.52504	-0.47322	-1.10915	0.78749	-0.54759	-1.15383	0.76664	-0.55224	-1.08359	0.73461	-0.53575	-1.13408	0.69288	-0.53970	-0.98745	0.36559	-0.51475	-0.97646	0.08381	-0.42568	-0.98912	0.35371	-0.34631	-0.94736	0.35722	-0.37607	-0.98119	0.29472	-0.34280	-0.92887	0.31236	-0.37994	-0.83777	0.06797	-0.40147	-0.82889	0.06517	-0.35785	-1.02310	0.03750	-0.38263	-0.93077	0.07700	-0.44524	-0.91113	0.11084	-0.41522	-0.87609	0.05560	-0.45690	-0.85047	0.07624	-0.43958	-1.29921	0.60298	-0.16274	-1.33245	0.47495	-0.22328	-1.22530	0.74737	-0.17233	-1.27437	0.75062	-0.16169	-1.23130	0.68846	-0.18000	-1.29445	0.67698	-0.16672	-1.43389	0.35567	-0.18443	-1.64237	0.15566	-0.28100	-1.42887	0.32448	-0.34512	-1.40603	0.29654	-0.30962	-1.47335	0.28446	-0.35207	-1.44041	0.25358	-0.30589	-1.54165	0.05080	-0.30884	-1.54167	0.04745	-0.35206	-1.69487	0.16622	-0.32643	-1.60119	0.11256	-0.25272	-1.57010	0.12901	-0.28815	-1.57300	0.05905	-0.25283	-1.54323	0.06050	-0.27681	-1.23871	0.93224	-0.27009	-1.22492	0.93661	-0.44895	-1.33707	0.47658	-0.27556	-1.01863	0.53418	-0.42280	-1.64372	0.16134	-0.31551	-0.98247	0.08575	-0.39125	-1.34177	1.02262	-0.36859	-1.17137	1.01489	-0.35688	
78	0.77000	-1.14861	1.68258	-0.42459	-1.13714	1.68553	-0.30407	-1.28201	1.58074	-0.40929	-1.25952	1.59829	-0.27469	-1.28625	1.47369	-0.36079	-1.15369	1.39477	-0.36887	-1.13923	1.22579	-0.37266	-1.33112	1.36148	-0.24112	-1.33015	1.19648	-0.36491	-1.10060	1.32487	-0.35732	-1.09821	1.32996	-0.40732	-1.08389	1.26739	-0.36274	-1.08287	1.28766	-0.42849	-1.25938	1.43041	-0.55575	-1.31838	1.07386	-0.57575	-1.22621	0.81812	-0.56524	-1.28373	0.82514	-0.60842	-1.25361	0.75959	-0.60747	-1.23430	1.40573	-0.16249	-1.20999	1.04809	-0.11398	-0.96901	0.91465	-0.09656	-1.01516	0.86826	-0.06678	-0.93931	0.86051	-0.04341	-1.14904	1.01827	-0.48440	-1.32393	1.02268	-0.41676	-1.16495	1.01371	-0.23120	-1.33112	1.02334	-0.32030	-1.35681	1.02860	-0.34422	-1.35331	1.02746	-0.39327	-1.35784	0.96846	-0.34287	-1.36683	0.95428	-0.37911	-1.07168	0.61452	-0.53563	-1.01284	0.52659	-0.47146	-1.09165	0.79085	-0.54743	-1.13629	0.76943	-0.55363	-1.06611	0.73794	-0.53538	-1.11596	0.69574	-0.54130	-0.97367	0.36591	-0.51347	-0.97290	0.08323	-0.42559	-0.98104	0.35336	-0.34571	-0.93893	0.35587	-0.37407	-0.97434	0.29416	-0.34228	-0.92094	0.31070	-0.37790	-0.83523	0.06332	-0.40033	-0.82685	0.06024	-0.35645	-1.02162	0.03860	-0.38319	-0.92775	0.07558	-0.44444	-0.90713	0.10861	-0.41415	-0.87375	0.05248	-0.45593	-0.84759	0.07216	-0.43835	-1.27791	0.60126	-0.16163	-1.30959	0.47338	-0.22045	-1.20663	0.74674	-0.17293	-1.25560	0.74924	-0.16213	-1.21109	0.68762	-0.17998	-1.27400	0.67502	-0.16632	-1.41645	0.35850	-0.18181	-1.63057	0.16405	-0.27895	-1.40919	0.32410	-0.34150	-1.38809	0.29646	-0.30447	-1.45502	0.28562	-0.34856	-1.42470	0.25438	-0.30082	-1.54698	0.04954	-0.30914	-1.54047	0.04821	-0.35214	-1.68093	0.17785	-0.32496	-1.59117	0.11521	-0.25026	-1.55856	0.12981	-0.28491	-1.56858	0.05931	-0.25253	-1.53900	0.05876	-0.27665	-1.22402	0.93216	-0.27191	-1.21009	0.93839	-0.45070	-1.31495	0.47453	-0.27266	-1.00438	0.53475	-0.42029	-1.63126	0.16939	-0.31353	-0.98013	0.08504	-0.39139	-1.32752	1.02301	-0.36853	-1.15700	1.01599	-0.35780	
79	0.78000	-1.13504	1.68339	-0.42548	-1.12352	1.68628	-0.30497	-1.26812	1.58110	-0.41028	-1.24560	1.59859	-0.27565	-1.27250	1.47409	-0.36122	-1.13925	1.39570	-0.37004	-1.12571	1.22660	-0.37350	-1.31629	1.36252	-0.24110	-1.31590	1.19697	-0.36496	-1.08517	1.32624	-0.35877	-1.08411	1.33103	-0.40857	-1.06968	1.26848	-0.36411	-1.06868	1.28893	-0.42958	-1.24613	1.43123	-0.55626	-1.30242	1.07427	-0.57736	-1.20848	0.81921	-0.56836	-1.26575	0.82604	-0.61146	-1.23506	0.76076	-0.61096	-1.21925	1.40684	-0.16312	-1.20114	1.04866	-0.11704	-0.96303	0.90959	-0.09917	-1.01113	0.86431	-0.06915	-0.93555	0.85516	-0.04523	-1.13457	1.02063	-0.48514	-1.30955	1.02354	-0.41697	-1.15110	1.01391	-0.23235	-1.31686	1.02335	-0.32058	-1.34256	1.02869	-0.34438	-1.33903	1.02801	-0.39346	-1.34350	0.96855	-0.34363	-1.35243	0.95473	-0.37999	-1.04782	0.61985	-0.53873	-1.00160	0.52717	-0.47105	-1.07498	0.79321	-0.54713	-1.11899	0.77164	-0.55500	-1.04927	0.74057	-0.53517	-1.09887	0.69798	-0.54259	-0.96228	0.36600	-0.51272	-0.96959	0.08244	-0.42563	-0.97355	0.35273	-0.34554	-0.93009	0.35478	-0.37300	-0.96808	0.29347	-0.34192	-0.91353	0.30908	-0.37650	-0.83269	0.05770	-0.39885	-0.82491	0.05447	-0.35483	-1.02017	0.03983	-0.38393	-0.92443	0.07379	-0.44397	-0.90271	0.10586	-0.41357	-0.87115	0.04866	-0.45502	-0.84443	0.06722	-0.43700	-1.25481	0.59954	-0.16026	-1.28616	0.47223	-0.21745	-1.18728	0.74630	-0.17345	-1.23620	0.74792	-0.16235	-1.19060	0.68707	-0.18001	-1.25317	0.67336	-0.16587	-1.39859	0.36265	-0.17844	-1.61884	0.17271	-0.27687	-1.38797	0.32307	-0.33728	-1.36977	0.29612	-0.29883	-1.43503	0.28605	-0.34446	-1.40631	0.25536	-0.29471	-1.54333	0.05084	-0.30876	-1.53669	0.05061	-0.35163	-1.66539	0.19017	-0.32264	-1.58132	0.11789	-0.24702	-1.54648	0.13083	-0.28135	-1.56415	0.06025	-0.25236	-1.53473	0.05797	-0.27651	-1.20964	0.93238	-0.27372	-1.19528	0.94016	-0.45242	-1.29328	0.47304	-0.26946	-1.00162	0.53147	-0.41872	-1.61883	0.17763	-0.31152	-0.97976	0.08393	-0.39217	-1.31321	1.02344	-0.36878	-1.14284	1.01727	-0.35874	
80	0.79000	-1.12156	1.68415	-0.42634	-1.11004	1.68701	-0.30579	-1.25430	1.58148	-0.41114	-1.23187	1.59902	-0.27657	-1.25896	1.47452	-0.36172	-1.12570	1.39653	-0.37069	-1.11057	1.22749	-0.37440	-1.30178	1.36364	-0.24115	-1.30174	1.19750	-0.36493	-1.07066	1.32750	-0.36010	-1.07044	1.33221	-0.40984	-1.05556	1.26968	-0.36538	-1.05515	1.29010	-0.43098	-1.23282	1.43209	-0.55667	-1.28682	1.07489	-0.57897	-1.18995	0.82079	-0.57191	-1.24759	0.82722	-0.61451	-1.21668	0.76231	-0.61464	-1.20482	1.40809	-0.16379	-1.19252	1.04958	-0.12000	-0.95783	0.90470	-0.10139	-1.00728	0.86039	-0.07188	-0.93225	0.84961	-0.04725	-1.12015	1.02266	-0.48570	-1.29533	1.02470	-0.41768	-1.13788	1.01428	-0.23348	-1.30263	1.02353	-0.32118	-1.32836	1.02903	-0.34500	-1.32467	1.02868	-0.39407	-1.32900	0.96867	-0.34462	-1.33810	0.95529	-0.38128	-1.02404	0.62383	-0.53936	-0.99004	0.52674	-0.47152	-1.05933	0.79473	-0.54734	-1.10332	0.77326	-0.55669	-1.03432	0.74178	-0.53455	-1.08366	0.69959	-0.54422	-0.95353	0.36496	-0.51285	-0.96687	0.08174	-0.42563	-0.96613	0.35181	-0.34539	-0.92247	0.35321	-0.37214	-0.96153	0.29247	-0.34183	-0.90642	0.30729	-0.37557	-0.82926	0.05399	-0.39800	-0.82285	0.04940	-0.35324	-1.01860	0.04073	-0.38445	-0.92201	0.07458	-0.44320	-0.89902	0.10411	-0.41120	-0.86968	0.04810	-0.45560	-0.84232	0.06484	-0.43675	-1.23032	0.59781	-0.15866	-1.26215	0.47100	-0.21484	-1.16769	0.74590	-0.17384	-1.21647	0.74659	-0.16228	-1.16987	0.68663	-0.17990	-1.23202	0.67172	-0.16509	-1.37954	0.36709	-0.17519	-1.60317	0.18195	-0.27399	-1.36620	0.32178	-0.33324	-1.34925	0.29508	-0.29335	-1.41450	0.28639	-0.34038	-1.38565	0.25688	-0.28770	-1.53840	0.05367	-0.30794	-1.53096	0.05440	-0.35058	-1.64853	0.20350	-0.31962	-1.57238	0.12329	-0.24480	-1.53429	0.13384	-0.27824	-1.55837	0.06466	-0.25131	-1.53381	0.05922	-0.27594	-1.19596	0.93282	-0.27545	-1.18074	0.94180	-0.45402	-1.27174	0.47157	-0.26645	-0.99804	0.52752	-0.41964	-1.60252	0.18633	-0.30871	-0.97892	0.08320	-0.39280	-1.29898	1.02412	-0.36943	-1.12901	1.01847	-0.35959	
81	0.80000	-1.10800	1.68486	-0.42715	-1.09644	1.68780	-0.30662	-1.24068	1.58203	-0.41190	-1.21815	1.59962	-0.27730	-1.24557	1.47511	-0.36232	-1.11189	1.39750	-0.37148	-1.09504	1.22850	-0.37514	-1.28787	1.36457	-0.24138	-1.28771	1.19800	-0.36512	-1.05744	1.32844	-0.36101	-1.05724	1.33324	-0.41071	-1.04148	1.27090	-0.36634	-1.04171	1.29131	-0.43199	-1.21950	1.43310	-0.55708	-1.27150	1.07569	-0.58060	-1.17117	0.82272	-0.57562	-1.22923	0.82873	-0.61771	-1.19765	0.76431	-0.61859	-1.19111	1.40939	-0.16447	-1.18424	1.05074	-0.12305	-0.95364	0.90031	-0.10306	-1.00424	0.85662	-0.07465	-0.92976	0.84387	-0.04922	-1.10577	1.02409	-0.48612	-1.28113	1.02583	-0.41865	-1.12520	1.01474	-0.23442	-1.28866	1.02394	-0.32210	-1.31439	1.02967	-0.34599	-1.31061	1.02971	-0.39501	-1.31529	0.96949	-0.34616	-1.32406	0.95619	-0.38278	-1.00243	0.62395	-0.53691	-0.97820	0.52579	-0.47262	-1.04518	0.79539	-0.54791	-1.08909	0.77464	-0.55839	-1.02100	0.74205	-0.53514	-1.07063	0.70053	-0.54593	-0.94626	0.36301	-0.51322	-0.96508	0.08123	-0.42484	-0.95866	0.35087	-0.34518	-0.91542	0.35136	-0.37140	-0.95515	0.29145	-0.34152	-0.89980	0.30514	-0.37498	-0.82748	0.05251	-0.39802	-0.82158	0.04798	-0.35315	-1.01756	0.04123	-0.38384	-0.92194	0.07485	-0.44208	-0.89839	0.10383	-0.40988	-0.86999	0.04828	-0.45543	-0.84274	0.06462	-0.43683	-1.20527	0.59621	-0.15739	-1.23766	0.46968	-0.21303	-1.14838	0.74566	-0.17401	-1.19706	0.74542	-0.16226	-1.14926	0.68631	-0.17965	-1.21087	0.67018	-0.16436	-1.35815	0.37018	-0.17255	-1.58608	0.19189	-0.27099	-1.34429	0.32103	-0.32970	-1.33001	0.29559	-0.28903	-1.39392	0.28735	-0.33668	-1.36698	0.25849	-0.28245	-1.53154	0.05821	-0.30644	-1.52361	0.05947	-0.34892	-1.62999	0.21715	-0.31614	-1.56076	0.13054	-0.24258	-1.52157	0.13866	-0.27545	-1.55216	0.07087	-0.24985	-1.52671	0.06401	-0.27414	-1.18293	0.93338	-0.27692	-1.16648	0.94306	-0.45535	-1.24981	0.47003	-0.26410	-0.99223	0.52397	-0.42207	-1.58536	0.19628	-0.30571	-0.97817	0.08300	-0.39242	-1.28490	1.02489	-0.37037	-1.11548	1.01941	-0.36027	
82	0.81000	-1.09449	1.68578	-0.42786	-1.08297	1.68877	-0.30732	-1.22721	1.58288	-0.41243	-1.20454	1.60055	-0.27791	-1.23225	1.47596	-0.36300	-1.09843	1.39865	-0.37199	-1.08267	1.22953	-0.37534	-1.27461	1.36537	-0.24201	-1.27394	1.19881	-0.36538	-1.04392	1.32966	-0.36155	-1.04336	1.33451	-0.41140	-1.02818	1.27201	-0.36697	-1.02743	1.29222	-0.43249	-1.20617	1.43414	-0.55751	-1.25635	1.07649	-0.58225	-1.15237	0.82488	-0.57944	-1.21085	0.83042	-0.62096	-1.17919	0.76646	-0.62248	-1.17819	1.41067	-0.16506	-1.17621	1.05197	-0.12608	-0.94960	0.89532	-0.10473	-1.00169	0.85276	-0.07727	-0.92789	0.83799	-0.05110	-1.09163	1.02522	-0.48630	-1.26728	1.02714	-0.41983	-1.11033	1.01563	-0.23485	-1.27514	1.02460	-0.32322	-1.30076	1.03053	-0.34713	-1.29679	1.03090	-0.39618	-1.30175	0.97033	-0.34769	-1.31046	0.95736	-0.38445	-1.00263	0.62233	-0.54076	-0.97155	0.52444	-0.47328	-1.03256	0.79559	-0.54889	-1.07680	0.77558	-0.55954	-1.00931	0.74186	-0.53633	-1.05910	0.70111	-0.54749	-0.93906	0.36057	-0.51358	-0.96452	0.08096	-0.42452	-0.95203	0.35032	-0.34499	-0.90849	0.34963	-0.37140	-0.95037	0.29082	-0.34129	-0.89414	0.30313	-0.37458	-0.82639	0.05131	-0.39745	-0.82112	0.04607	-0.35193	-1.01718	0.04151	-0.38382	-0.92147	0.07496	-0.44182	-0.89786	0.10359	-0.40906	-0.86971	0.04802	-0.45537	-0.84235	0.06382	-0.43654	-1.18068	0.59481	-0.15648	-1.21285	0.46855	-0.21181	-1.12945	0.74592	-0.17399	-1.17822	0.74456	-0.16239	-1.12903	0.68647	-0.17917	-1.19020	0.66900	-0.16390	-1.33443	0.37158	-0.17048	-1.56687	0.20155	-0.26757	-1.32246	0.32161	-0.32712	-1.30932	0.29647	-0.28592	-1.37325	0.28950	-0.33381	-1.34755	0.26076	-0.27881	-1.52380	0.06357	-0.30459	-1.51468	0.06516	-0.34651	-1.61003	0.23076	-0.31260	-1.54595	0.13853	-0.23963	-1.50792	0.14412	-0.27216	-1.54361	0.07869	-0.24765	-1.51917	0.06964	-0.27137	-1.16813	0.93427	-0.27711	-1.15219	0.94412	-0.45558	-1.22672	0.46870	-0.26244	-0.97988	0.52523	-0.42145	-1.56658	0.20642	-0.30223	-0.97716	0.08305	-0.39195	-1.27121	1.02587	-0.37153	-1.10098	1.02043	-0.36057	
83	0.82000	-1.08103	1.68686	-0.42847	-1.06955	1.69000	-0.30795	-1.21385	1.58413	-0.41296	-1.19111	1.60193	-0.27846	-1.21897	1.47716	-0.36358	-1.08523	1.39994	-0.37233	-1.07002	1.23067	-0.37547	-1.26179	1.36639	-0.24306	-1.26052	1.19988	-0.36590	-1.03063	1.33095	-0.36164	-1.02952	1.33577	-0.41170	-1.01554	1.27332	-0.36709	-1.01423	1.29348	-0.43276	-1.19246	1.43539	-0.55804	-1.24154	1.07741	-0.58399	-1.13351	0.82737	-0.58310	-1.19192	0.83232	-0.62421	-1.15936	0.76898	-0.62639	-1.16572	1.41188	-0.16555	-1.16833	1.05323	-0.12904	-0.94607	0.89026	-0.10651	-0.99968	0.84887	-0.07994	-0.92659	0.83216	-0.05312	-1.07787	1.02616	-0.48642	-1.25381	1.02861	-0.42103	-1.09748	1.01625	-0.23508	-1.26182	1.02540	-0.32431	-1.28753	1.03159	-0.34826	-1.28342	1.03224	-0.39734	-1.28864	0.97147	-0.34931	-1.29723	0.95868	-0.38612	-0.99471	0.62220	-0.54147	-0.96132	0.52328	-0.47373	-1.02096	0.79558	-0.55037	-1.06659	0.77589	-0.55970	-0.99853	0.74142	-0.53765	-1.04929	0.70151	-0.54801	-0.93225	0.35934	-0.51378	-0.96366	0.08074	-0.42435	-0.94692	0.34992	-0.34529	-0.90317	0.34816	-0.37113	-0.94623	0.29051	-0.34131	-0.88907	0.30159	-0.37411	-0.82508	0.05045	-0.39732	-0.82042	0.04489	-0.35118	-1.01682	0.04181	-0.38385	-0.92080	0.07508	-0.44170	-0.89690	0.10318	-0.40865	-0.86925	0.04776	-0.45547	-0.84180	0.06316	-0.43647	-1.15804	0.59402	-0.15592	-1.18785	0.46794	-0.21093	-1.11163	0.74669	-0.17354	-1.16026	0.74424	-0.16271	-1.10944	0.68720	-0.17823	-1.17029	0.66838	-0.16369	-1.30965	0.37220	-0.16904	-1.54770	0.21115	-0.26408	-1.30056	0.32372	-0.32541	-1.29938	0.29596	-0.28501	-1.35242	0.29315	-0.33179	-1.33058	0.26286	-0.27732	-1.51522	0.06935	-0.30236	-1.50462	0.07120	-0.34363	-1.58822	0.24378	-0.30918	-1.53237	0.14720	-0.23682	-1.49297	0.14975	-0.26880	-1.53382	0.08734	-0.24476	-1.50559	0.07696	-0.26736	-1.15529	0.93506	-0.27765	-1.13870	0.94513	-0.45604	-1.20240	0.46765	-0.26138	-0.96792	0.52486	-0.42167	-1.54804	0.21674	-0.29863	-0.97591	0.08318	-0.39166	-1.25781	1.02701	-0.37267	-1.08768	1.02121	-0.36075	
84	0.83000	-1.06772	1.68827	-0.42901	-1.05601	1.69139	-0.30850	-1.20070	1.58575	-0.41334	-1.17778	1.60358	-0.27887	-1.20586	1.47866	-0.36426	-1.07200	1.40146	-0.37258	-1.05572	1.23238	-0.37589	-1.24940	1.36755	-0.24430	-1.24730	1.20116	-0.36672	-1.01730	1.33226	-0.36142	-1.01637	1.33704	-0.41145	-1.00222	1.27464	-0.36689	-1.00104	1.29472	-0.43237	-1.17876	1.43668	-0.55848	-1.22679	1.07835	-0.58582	-1.11473	0.83005	-0.58682	-1.17329	0.83430	-0.62741	-1.14067	0.77137	-0.63057	-1.15391	1.41322	-0.16584	-1.16061	1.05455	-0.13198	-0.94319	0.88528	-0.10804	-0.99841	0.84527	-0.08253	-0.92607	0.82633	-0.05501	-1.06437	1.02703	-0.48666	-1.24054	1.02996	-0.42196	-1.08465	1.01703	-0.23536	-1.24894	1.02637	-0.32533	-1.27462	1.03269	-0.34924	-1.27054	1.03373	-0.39824	-1.27576	0.97258	-0.35066	-1.28427	0.96005	-0.38763	-0.98856	0.61849	-0.54080	-0.95286	0.52275	-0.47444	-1.01147	0.79531	-0.55124	-1.05611	0.77668	-0.56039	-0.98898	0.74129	-0.53960	-1.04072	0.70196	-0.54818	-0.92666	0.35876	-0.51395	-0.96354	0.08071	-0.42414	-0.94143	0.34978	-0.34573	-0.89723	0.34753	-0.37178	-0.94223	0.29035	-0.34174	-0.88533	0.30016	-0.37447	-0.82484	0.05010	-0.39753	-0.82015	0.04439	-0.35101	-1.01672	0.04197	-0.38393	-0.92077	0.07503	-0.44178	-0.89678	0.10294	-0.40863	-0.86940	0.04756	-0.45564	-0.84183	0.06281	-0.43660	-1.13694	0.59405	-0.15581	-1.16250	0.46792	-0.21032	-1.09391	0.74797	-0.17287	-1.14289	0.74444	-0.16279	-1.09076	0.68863	-0.17742	-1.15153	0.66852	-0.16389	-1.28428	0.37306	-0.16761	-1.52717	0.22011	-0.26054	-1.27820	0.32686	-0.32430	-1.27501	0.29904	-0.28380	-1.33097	0.29752	-0.33015	-1.30880	0.26642	-0.27626	-1.50510	0.07539	-0.29998	-1.49305	0.07738	-0.34060	-1.56478	0.25596	-0.30551	-1.51685	0.15525	-0.23386	-1.47742	0.15480	-0.26564	-1.52279	0.09581	-0.24198	-1.49520	0.08338	-0.26438	-1.14250	0.93597	-0.27813	-1.12543	0.94610	-0.45647	-1.17659	0.46709	-0.26088	-0.95647	0.52557	-0.42214	-1.52802	0.22623	-0.29499	-0.97521	0.08350	-0.39126	-1.24474	1.02817	-0.37364	-1.07451	1.02203	-0.36101	
85	0.84000	-1.05433	1.68979	-0.42944	-1.04265	1.69299	-0.30889	-1.18755	1.58755	-0.41365	-1.16462	1.60546	-0.27923	-1.19281	1.48039	-0.36482	-1.05920	1.40310	-0.37246	-1.04314	1.23388	-0.37567	-1.23730	1.36884	-0.24564	-1.23443	1.20276	-0.36773	-1.00420	1.33377	-0.36090	-1.00311	1.33856	-0.41099	-0.98889	1.27610	-0.36631	-0.98728	1.29614	-0.43155	-1.16486	1.43807	-0.55905	-1.21218	1.07943	-0.58769	-1.09625	0.83302	-0.59032	-1.15471	0.83650	-0.63062	-1.11953	0.77473	-0.63430	-1.14218	1.41472	-0.16624	-1.15310	1.05597	-0.13474	-0.94087	0.88039	-0.10977	-0.99767	0.84161	-0.08504	-0.92638	0.82060	-0.05690	-1.05134	1.02807	-0.48689	-1.22781	1.03166	-0.42268	-1.07202	1.01814	-0.23555	-1.23638	1.02747	-0.32604	-1.26205	1.03390	-0.34995	-1.25792	1.03524	-0.39894	-1.26310	0.97377	-0.35168	-1.27161	0.96149	-0.38874	-0.99243	0.61725	-0.54049	-0.94549	0.52273	-0.47518	-1.00211	0.79559	-0.55318	-1.04770	0.77732	-0.56067	-0.98108	0.74106	-0.54112	-1.03272	0.70244	-0.54866	-0.92259	0.35864	-0.51473	-0.96358	0.08079	-0.42408	-0.93721	0.34954	-0.34659	-0.89351	0.34638	-0.37277	-0.93788	0.29019	-0.34236	-0.88210	0.29884	-0.37564	-0.82445	0.04980	-0.39747	-0.81999	0.04389	-0.35072	-1.01686	0.04213	-0.38410	-0.92061	0.07509	-0.44188	-0.89652	0.10280	-0.40856	-0.86930	0.04742	-0.45561	-0.84176	0.06244	-0.43644	-1.11685	0.59497	-0.15574	-1.13668	0.46852	-0.20981	-1.07679	0.74974	-0.17222	-1.12579	0.74515	-0.16314	-1.07199	0.69047	-0.17650	-1.13260	0.66913	-0.16401	-1.25842	0.37447	-0.16609	-1.50540	0.22872	-0.25675	-1.25507	0.33030	-0.32314	-1.24482	0.30348	-0.28187	-1.30855	0.30206	-0.32859	-1.28648	0.27014	-0.27523	-1.49351	0.08129	-0.29742	-1.48035	0.08320	-0.33600	-1.53975	0.26686	-0.30164	-1.50080	0.16278	-0.23087	-1.46068	0.16004	-0.26180	-1.51083	0.10368	-0.23966	-1.48426	0.08917	-0.26191	-1.12995	0.93718	-0.27843	-1.11259	0.94725	-0.45675	-1.14938	0.46713	-0.26073	-0.94066	0.52886	-0.42327	-1.50663	0.23512	-0.29114	-0.97326	0.08396	-0.39059	-1.23209	1.02957	-0.37436	-1.06168	1.02310	-0.36122	
86	0.85000	-1.04113	1.69151	-0.42975	-1.02938	1.69480	-0.30925	-1.17451	1.58960	-0.41386	-1.15151	1.60755	-0.27950	-1.17988	1.48237	-0.36530	-1.04610	1.40498	-0.37214	-1.03021	1.23583	-0.37550	-1.22527	1.37056	-0.24693	-1.22176	1.20468	-0.36885	-0.99102	1.33565	-0.36034	-0.99021	1.34026	-0.41001	-0.97606	1.27786	-0.36528	-0.97456	1.29797	-0.43081	-1.15128	1.43951	-0.55927	-1.19760	1.08068	-0.58969	-1.07792	0.83635	-0.59365	-1.13602	0.83897	-0.63376	-1.09965	0.77817	-0.63815	-1.13076	1.41620	-0.16626	-1.14576	1.05764	-0.13724	-0.93984	0.87585	-0.11120	-0.99766	0.83843	-0.08757	-0.92730	0.81515	-0.05887	-1.03863	1.02945	-0.48726	-1.21538	1.03350	-0.42310	-1.05974	1.01956	-0.23598	-1.22394	1.02878	-0.32645	-1.24972	1.03533	-0.35028	-1.24559	1.03692	-0.39931	-1.25070	0.97522	-0.35233	-1.25915	0.96307	-0.38942	-0.98783	0.61826	-0.54184	-0.93957	0.52271	-0.47618	-0.99355	0.79560	-0.55498	-1.04036	0.77773	-0.56069	-0.97247	0.74105	-0.54315	-1.02638	0.70252	-0.54829	-0.92015	0.35827	-0.51589	-0.96301	0.08117	-0.42443	-0.93244	0.34923	-0.34750	-0.88911	0.34544	-0.37410	-0.93348	0.28999	-0.34285	-0.87828	0.29776	-0.37713	-0.82429	0.04965	-0.39758	-0.81988	0.04372	-0.35069	-1.01657	0.04205	-0.38398	-0.92050	0.07502	-0.44203	-0.89644	0.10263	-0.40867	-0.86926	0.04722	-0.45578	-0.84167	0.06213	-0.43650	-1.09681	0.59670	-0.15579	-1.11088	0.46992	-0.20939	-1.05978	0.75207	-0.17197	-1.10890	0.74643	-0.16349	-1.05371	0.69289	-0.17598	-1.11426	0.67036	-0.16449	-1.23204	0.37592	-0.16448	-1.48278	0.23644	-0.25318	-1.23142	0.33399	-0.32244	-1.22500	0.30602	-0.28163	-1.28491	0.30619	-0.32725	-1.26366	0.27387	-0.27426	-1.47980	0.08780	-0.29455	-1.46561	0.08871	-0.33183	-1.51399	0.27623	-0.29832	-1.48331	0.17015	-0.22794	-1.44254	0.16523	-0.25777	-1.49673	0.11171	-0.23727	-1.47029	0.09577	-0.25863	-1.11769	0.93866	-0.27894	-1.10001	0.94870	-0.45723	-1.12217	0.46804	-0.26063	-0.93304	0.52934	-0.42451	-1.48446	0.24325	-0.28747	-0.97176	0.08450	-0.39070	-1.21966	1.03114	-0.37477	-1.04918	1.02451	-0.36162	
87	0.86000	-1.02795	1.69342	-0.42994	-1.01631	1.69677	-0.30938	-1.16155	1.59178	-0.41404	-1.13850	1.60977	-0.27964	-1.16714	1.48453	-0.36581	-1.03357	1.40704	-0.37183	-1.01764	1.23798	-0.37508	-1.21337	1.37263	-0.24806	-1.20936	1.20688	-0.36988	-0.97885	1.33760	-0.35902	-0.97712	1.34231	-0.40906	-0.96385	1.27989	-0.36407	-0.96170	1.29972	-0.42946	-1.13753	1.44138	-0.55963	-1.18315	1.08228	-0.59170	-1.05946	0.84003	-0.59700	-1.11772	0.84167	-0.63681	-1.07963	0.78200	-0.64189	-1.11933	1.41802	-0.16637	-1.13862	1.05961	-0.13955	-0.93815	0.87105	-0.11304	-0.99942	0.83609	-0.09005	-0.92877	0.80999	-0.06097	-1.02614	1.03129	-0.48781	-1.20316	1.03543	-0.42321	-1.04752	1.02146	-0.23642	-1.21169	1.03041	-0.32659	-1.23751	1.03702	-0.35039	-1.23334	1.03872	-0.39944	-1.23833	0.97689	-0.35262	-1.24689	0.96488	-0.38972	-0.97930	0.62022	-0.54349	-0.93423	0.52257	-0.47724	-0.98578	0.79583	-0.55614	-1.03213	0.77852	-0.56102	-0.96482	0.74096	-0.54439	-1.01929	0.70313	-0.54852	-0.91863	0.35755	-0.51694	-0.96321	0.08116	-0.42447	-0.92786	0.34887	-0.34825	-0.88505	0.34452	-0.37551	-0.93056	0.28955	-0.34395	-0.87472	0.29674	-0.37871	-0.82428	0.04948	-0.39762	-0.81982	0.04363	-0.35076	-1.01665	0.04239	-0.38387	-0.92055	0.07502	-0.44220	-0.89641	0.10255	-0.40880	-0.86933	0.04709	-0.45587	-0.84177	0.06194	-0.43659	-1.07645	0.59905	-0.15590	-1.08527	0.47227	-0.20906	-1.04274	0.75481	-0.17183	-1.09193	0.74822	-0.16396	-1.03608	0.69586	-0.17593	-1.09573	0.67195	-0.16524	-1.20492	0.37719	-0.16323	-1.45911	0.24342	-0.25005	-1.20723	0.33775	-0.32150	-1.20039	0.30966	-0.28104	-1.26111	0.31049	-0.32575	-1.23934	0.27786	-0.27317	-1.46368	0.09443	-0.29174	-1.45015	0.09487	-0.32887	-1.48791	0.28425	-0.29577	-1.46366	0.17712	-0.22525	-1.42256	0.17001	-0.25441	-1.48017	0.11949	-0.23447	-1.45431	0.10206	-0.25546	-1.10538	0.94052	-0.27949	-1.08753	0.95053	-0.45776	-1.09540	0.46998	-0.26052	-0.92900	0.52852	-0.42534	-1.46140	0.25092	-0.28416	-0.97157	0.08460	-0.39066	-1.20742	1.03292	-0.37490	-1.03683	1.02638	-0.36212	
88	0.87000	-1.01482	1.69549	-0.43007	-1.00312	1.69890	-0.30953	-1.14866	1.59408	-0.41413	-1.12559	1.61207	-0.27976	-1.15444	1.48682	-0.36622	-1.02118	1.40910	-0.37124	-1.00532	1.23991	-0.37454	-1.20159	1.37503	-0.24908	-1.19714	1.20929	-0.37080	-0.96645	1.33962	-0.35790	-0.96633	1.34403	-0.40756	-0.95109	1.28183	-0.36277	-0.94899	1.30169	-0.42819	-1.12347	1.44359	-0.56019	-1.16870	1.08417	-0.59368	-1.03861	0.84449	-0.59990	-1.09918	0.84482	-0.63981	-1.05983	0.78628	-0.64554	-1.10804	1.42016	-0.16663	-1.13163	1.06199	-0.14160	-0.93819	0.86700	-0.11465	-0.99893	0.83316	-0.09309	-0.93108	0.80515	-0.06304	-1.01409	1.03347	-0.48845	-1.19112	1.03750	-0.42319	-1.03540	1.02391	-0.23706	-1.19943	1.03228	-0.32652	-1.22543	1.03897	-0.35032	-1.22137	1.04075	-0.39934	-1.22616	0.97885	-0.35261	-1.23479	0.96687	-0.38971	-0.96891	0.62154	-0.54444	-0.92915	0.52228	-0.47830	-0.97723	0.79613	-0.55705	-1.02515	0.77948	-0.56084	-0.95695	0.74105	-0.54542	-1.01139	0.70416	-0.54846	-0.91775	0.35681	-0.51805	-0.96332	0.08104	-0.42456	-0.92370	0.34850	-0.34911	-0.88185	0.34335	-0.37688	-0.92728	0.28920	-0.34462	-0.87180	0.29552	-0.38003	-0.82427	0.04938	-0.39783	-0.81988	0.04361	-0.35088	-1.01651	0.04216	-0.38378	-0.92056	0.07494	-0.44240	-0.89643	0.10242	-0.40900	-0.86935	0.04696	-0.45605	-0.84131	0.06176	-0.43654	-1.05602	0.60185	-0.15605	-1.06006	0.47538	-0.20875	-1.02574	0.75806	-0.17183	-1.07482	0.75044	-0.16434	-1.01775	0.69930	-0.17585	-1.07711	0.67417	-0.16568	-1.17731	0.37847	-0.16224	-1.43480	0.24937	-0.24742	-1.18258	0.34151	-0.32058	-1.17985	0.31276	-0.28035	-1.23637	0.31433	-0.32422	-1.21027	0.28245	-0.27222	-1.44545	0.10041	-0.28910	-1.43203	0.10029	-0.32596	-1.46146	0.29096	-0.29383	-1.44236	0.18323	-0.22287	-1.40108	0.17471	-0.25156	-1.46097	0.12625	-0.23195	-1.43558	0.10772	-0.25253	-1.09313	0.94282	-0.28001	-1.07533	0.95263	-0.45830	-1.06926	0.47276	-0.26038	-0.92639	0.52719	-0.42610	-1.43776	0.25774	-0.28128	-0.97135	0.08456	-0.39068	-1.19528	1.03489	-0.37485	-1.02474	1.02869	-0.36275	
89	0.88000	-1.00181	1.69762	-0.43003	-0.99020	1.70101	-0.30950	-1.13580	1.59644	-0.41415	-1.11280	1.61444	-0.27981	-1.14189	1.48917	-0.36669	-1.00857	1.41140	-0.37083	-0.99286	1.24226	-0.37411	-1.18981	1.37756	-0.25003	-1.18502	1.21180	-0.37152	-0.95419	1.34173	-0.35677	-0.95301	1.34632	-0.40657	-0.93911	1.28416	-0.36162	-0.93331	1.30403	-0.42660	-1.10971	1.44586	-0.56033	-1.15429	1.08636	-0.59568	-1.02022	0.84894	-0.60275	-1.08070	0.84834	-0.64274	-1.04009	0.79087	-0.64912	-1.09681	1.42241	-0.16686	-1.12473	1.06470	-0.14337	-0.93824	0.86322	-0.11644	-1.00053	0.83124	-0.09569	-0.93400	0.80079	-0.06516	-1.00234	1.03590	-0.48915	-1.17917	1.03968	-0.42307	-1.02322	1.02690	-0.23778	-1.18735	1.03455	-0.32640	-1.21328	1.04115	-0.35011	-1.20954	1.04303	-0.39926	-1.21382	0.98085	-0.35224	-1.22290	0.96916	-0.38958	-0.95963	0.62165	-0.54396	-0.92499	0.52182	-0.47912	-0.96854	0.79665	-0.55753	-1.01559	0.78078	-0.56094	-0.94920	0.74125	-0.54582	-1.00420	0.70524	-0.54817	-0.91698	0.35611	-0.51896	-0.96358	0.08099	-0.42465	-0.92014	0.34806	-0.34979	-0.87720	0.34283	-0.37832	-0.92459	0.28884	-0.34513	-0.86929	0.29435	-0.38117	-0.82432	0.04929	-0.39797	-0.81997	0.04356	-0.35097	-1.01657	0.04221	-0.38380	-0.92068	0.07486	-0.44254	-0.89656	0.10229	-0.40918	-0.86948	0.04684	-0.45620	-0.84189	0.06161	-0.43684	-1.03594	0.60525	-0.15614	-1.03509	0.47918	-0.20860	-1.00857	0.76173	-0.17185	-1.05756	0.75305	-0.16464	-0.99931	0.70309	-0.17586	-1.05822	0.67668	-0.16603	-1.14993	0.38019	-0.16169	-1.40990	0.25455	-0.24526	-1.15789	0.34530	-0.31981	-1.15019	0.31730	-0.27960	-1.21176	0.31816	-0.32309	-1.18513	0.28646	-0.27114	-1.42395	0.10571	-0.28543	-1.41055	0.10489	-0.32228	-1.43541	0.29623	-0.29275	-1.41869	0.18928	-0.22056	-1.37779	0.17915	-0.24906	-1.43879	0.13268	-0.22878	-1.41414	0.11320	-0.24916	-1.08082	0.94556	-0.28040	-1.06333	0.95498	-0.45874	-1.04318	0.47632	-0.26039	-0.92425	0.52596	-0.42678	-1.41347	0.26369	-0.27886	-0.97140	0.08459	-0.39072	-1.18326	1.03712	-0.37474	-1.01278	1.03140	-0.36347	
90	0.89000	-0.98873	1.69982	-0.42991	-0.97741	1.70320	-0.30937	-1.12302	1.59884	-0.41414	-1.10007	1.61679	-0.27979	-1.12941	1.49161	-0.36710	-0.99583	1.41376	-0.37023	-0.98075	1.24459	-0.37359	-1.17818	1.38026	-0.25098	-1.17303	1.21441	-0.37214	-0.94164	1.34402	-0.35586	-0.94080	1.34838	-0.40544	-0.92667	1.28644	-0.36060	-0.92087	1.30610	-0.42532	-1.09595	1.44862	-0.56065	-1.13996	1.08887	-0.59767	-1.00200	0.85379	-0.60559	-1.06199	0.85230	-0.64568	-1.02050	0.79588	-0.65253	-1.08586	1.42487	-0.16708	-1.11800	1.06778	-0.14484	-0.93837	0.85965	-0.11849	-1.00249	0.82985	-0.09824	-0.93746	0.79689	-0.06735	-0.99069	1.03853	-0.48998	-1.16734	1.04197	-0.42295	-1.01117	1.03024	-0.23872	-1.17544	1.03704	-0.32630	-1.20126	1.04358	-0.34997	-1.19754	1.04527	-0.39911	-1.20175	0.98325	-0.35189	-1.21095	0.97148	-0.38915	-0.95196	0.62127	-0.54386	-0.92106	0.52140	-0.47964	-0.95975	0.79734	-0.55787	-1.00711	0.78220	-0.56073	-0.94207	0.74156	-0.54580	-0.99681	0.70652	-0.54766	-0.91595	0.35568	-0.51981	-0.96372	0.08098	-0.42470	-0.91707	0.34771	-0.35035	-0.87444	0.34195	-0.37909	-0.92207	0.28856	-0.34562	-0.86737	0.29333	-0.38191	-0.82425	0.04926	-0.39804	-0.82004	0.04355	-0.35104	-1.01660	0.04228	-0.38386	-0.92075	0.07478	-0.44265	-0.89661	0.10222	-0.40922	-0.86958	0.04674	-0.45627	-0.84198	0.06152	-0.43696	-1.01584	0.60890	-0.15640	-1.01070	0.48346	-0.20847	-0.99108	0.76566	-0.17202	-1.03998	0.75597	-0.16483	-0.98072	0.70732	-0.17606	-1.03900	0.67967	-0.16622	-1.12372	0.38304	-0.16138	-1.38486	0.25923	-0.24352	-1.13341	0.34928	-0.31938	-1.12804	0.32079	-0.27899	-1.18702	0.32202	-0.32212	-1.16002	0.29044	-0.27048	-1.39818	0.11016	-0.28131	-1.38546	0.10846	-0.31846	-1.41068	0.30033	-0.29195	-1.39328	0.19485	-0.21804	-1.35266	0.18420	-0.24674	-1.41332	0.13803	-0.22515	-1.38876	0.11819	-0.24530	-1.06858	0.94858	-0.28092	-1.05137	0.95752	-0.45932	-1.01798	0.48039	-0.26038	-0.92138	0.52518	-0.42727	-1.38884	0.26883	-0.27694	-0.97122	0.08465	-0.39071	-1.17139	1.03951	-0.37462	-1.00093	1.03438	-0.36435	
91	0.90000	-0.97596	1.70207	-0.42967	-0.96455	1.70545	-0.30914	-1.11031	1.60129	-0.41407	-1.08743	1.61921	-0.27971	-1.11693	1.49408	-0.36739	-0.98410	1.41611	-0.36966	-0.96863	1.24706	-0.37327	-1.16670	1.38301	-0.25202	-1.16106	1.21703	-0.37274	-0.92892	1.34646	-0.35507	-0.92822	1.35089	-0.40455	-0.91510	1.28833	-0.35943	-0.90822	1.30832	-0.42426	-1.08264	1.45146	-0.56072	-1.12569	1.09163	-0.59958	-0.98377	0.85889	-0.60830	-1.04377	0.85653	-0.64846	-1.00103	0.80121	-0.65589	-1.07485	1.42744	-0.16740	-1.11138	1.07108	-0.14612	-0.93982	0.85677	-0.12018	-1.00478	0.82896	-0.10066	-0.94122	0.79350	-0.06966	-0.97940	1.04106	-0.49077	-1.15555	1.04433	-0.42279	-0.99953	1.03377	-0.23957	-1.16348	1.03973	-0.32616	-1.18923	1.04609	-0.34974	-1.18575	1.04766	-0.39886	-1.19006	0.98602	-0.35159	-1.19904	0.97391	-0.38869	-0.94449	0.62243	-0.54414	-0.91724	0.52120	-0.47995	-0.95113	0.79818	-0.55787	-0.99859	0.78374	-0.56045	-0.93316	0.74228	-0.54609	-0.98977	0.70793	-0.54736	-0.91409	0.35543	-0.52015	-0.96336	0.08104	-0.42497	-0.91497	0.34739	-0.35057	-0.87357	0.34092	-0.37918	-0.92029	0.28835	-0.34593	-0.86542	0.29271	-0.38239	-0.82441	0.04913	-0.39820	-0.82007	0.04353	-0.35109	-1.01666	0.04249	-0.38390	-0.92081	0.07473	-0.44273	-0.89671	0.10208	-0.40926	-0.86964	0.04668	-0.45637	-0.84204	0.06143	-0.43701	-0.99538	0.61283	-0.15646	-0.98668	0.48807	-0.20840	-0.97347	0.76989	-0.17228	-1.02240	0.75918	-0.16488	-0.96183	0.71182	-0.17641	-1.01950	0.68293	-0.16643	-1.09914	0.38742	-0.16088	-1.36003	0.26327	-0.24228	-1.10854	0.35344	-0.31842	-1.10436	0.32484	-0.27858	-1.16306	0.32643	-0.32164	-1.13501	0.29463	-0.26976	-1.37112	0.11319	-0.27736	-1.35715	0.11103	-0.31420	-1.38745	0.30324	-0.29125	-1.36658	0.19968	-0.21579	-1.32589	0.18958	-0.24457	-1.38512	0.14222	-0.22152	-1.36017	0.12259	-0.24143	-1.05679	0.95179	-0.28130	-1.03984	0.96003	-0.45975	-0.99363	0.48479	-0.26033	-0.91896	0.52459	-0.42759	-1.36409	0.27280	-0.27571	-0.97091	0.08476	-0.39100	-1.15951	1.04203	-0.37447	-0.98947	1.03741	-0.36517	
92	0.91000	-0.96303	1.70434	-0.42936	-0.95177	1.70765	-0.30884	-1.09767	1.60379	-0.41396	-1.07498	1.62162	-0.27952	-1.10468	1.49661	-0.36779	-0.97132	1.41867	-0.36942	-0.95636	1.24958	-0.37306	-1.15522	1.38578	-0.25300	-1.14929	1.21973	-0.37329	-0.91754	1.34867	-0.35407	-0.91679	1.35279	-0.40344	-0.90337	1.29044	-0.35843	-0.89617	1.31059	-0.42318	-1.06921	1.45433	-0.56071	-1.11155	1.09458	-0.60145	-0.96553	0.86423	-0.61090	-1.02591	0.86093	-0.65116	-0.98164	0.80671	-0.65901	-1.06406	1.43009	-0.16764	-1.10493	1.07460	-0.14723	-0.94017	0.85382	-0.12195	-1.00734	0.82865	-0.10295	-0.94519	0.79063	-0.07210	-0.96763	1.04365	-0.49155	-1.14376	1.04673	-0.42267	-0.98775	1.03744	-0.24044	-1.15146	1.04250	-0.32602	-1.17734	1.04882	-0.34951	-1.17400	1.05018	-0.39868	-1.17812	0.98871	-0.35110	-1.18729	0.97645	-0.38820	-0.94028	0.62371	-0.54421	-0.91361	0.52117	-0.47991	-0.94317	0.79894	-0.55757	-0.99014	0.78541	-0.56008	-0.92533	0.74286	-0.54596	-0.98215	0.70958	-0.54721	-0.91153	0.35511	-0.52005	-0.96358	0.08119	-0.42495	-0.91307	0.34727	-0.35065	-0.87169	0.34047	-0.37921	-0.91902	0.28820	-0.34596	-0.86396	0.29212	-0.38239	-0.82433	0.04908	-0.39812	-0.82012	0.04349	-0.35104	-1.01659	0.04263	-0.38390	-0.92084	0.07466	-0.44259	-0.89670	0.10200	-0.40917	-0.86966	0.04666	-0.45637	-0.84208	0.06138	-0.43701	-0.97453	0.61702	-0.15651	-0.96293	0.49295	-0.20844	-0.95577	0.77439	-0.17253	-1.00443	0.76262	-0.16472	-0.94292	0.71657	-0.17678	-0.99977	0.68650	-0.16637	-1.07496	0.39289	-0.16029	-1.33517	0.26668	-0.24118	-1.08405	0.35757	-0.31804	-1.07895	0.32919	-0.27832	-1.13807	0.33018	-0.32112	-1.11003	0.29862	-0.26927	-1.33979	0.11570	-0.27278	-1.32615	0.11280	-0.30974	-1.36482	0.30478	-0.29077	-1.33865	0.20360	-0.21352	-1.29801	0.19445	-0.24264	-1.35474	0.14531	-0.21764	-1.32940	0.12645	-0.23730	-1.04478	0.95511	-0.28175	-1.02784	0.96259	-0.46023	-0.96990	0.48944	-0.26035	-0.91446	0.52486	-0.42755	-1.33916	0.27584	-0.27472	-0.97105	0.08497	-0.39097	-1.14761	1.04461	-0.37434	-0.97769	1.04054	-0.36600	
93	0.92000	-0.95016	1.70661	-0.42893	-0.93921	1.70976	-0.30838	-1.08510	1.60635	-0.41381	-1.06257	1.62399	-0.27933	-1.09242	1.49914	-0.36804	-0.95902	1.42109	-0.36900	-0.94485	1.25201	-0.37296	-1.14377	1.38858	-0.25395	-1.13750	1.22237	-0.37396	-0.90542	1.35092	-0.35324	-0.90472	1.35504	-0.40267	-0.89206	1.29297	-0.35768	-0.88343	1.31299	-0.42260	-1.05596	1.45732	-0.56075	-1.09750	1.09755	-0.60322	-0.94776	0.86967	-0.61330	-1.00782	0.86563	-0.65380	-0.96258	0.81234	-0.66195	-1.05316	1.43272	-0.16789	-1.09857	1.07822	-0.14823	-0.94204	0.85186	-0.12398	-1.01023	0.82889	-0.10517	-0.94949	0.78822	-0.07453	-0.95622	1.04602	-0.49221	-1.13227	1.04940	-0.42272	-0.97620	1.04105	-0.24132	-1.13960	1.04535	-0.32594	-1.16547	1.05151	-0.34937	-1.16217	1.05267	-0.39853	-1.16622	0.99146	-0.35079	-1.17543	0.97904	-0.38776	-0.93648	0.62473	-0.54420	-0.91029	0.52124	-0.47988	-0.93374	0.79988	-0.55737	-0.98180	0.78700	-0.55961	-0.91756	0.74343	-0.54573	-0.97498	0.71110	-0.54679	-0.90864	0.35474	-0.51990	-0.96349	0.08115	-0.42492	-0.91188	0.34715	-0.35064	-0.86907	0.34033	-0.37925	-0.91814	0.28815	-0.34585	-0.86324	0.29159	-0.38215	-0.82435	0.04905	-0.39814	-0.81979	0.04373	-0.35096	-1.01664	0.04287	-0.38393	-0.92090	0.07465	-0.44256	-0.89675	0.10196	-0.40911	-0.86973	0.04666	-0.45633	-0.84210	0.06138	-0.43700	-0.95356	0.62137	-0.15650	-0.93954	0.49812	-0.20845	-0.93872	0.77904	-0.17296	-0.98545	0.76638	-0.16461	-0.92378	0.72165	-0.17738	-0.97998	0.69036	-0.16613	-1.05121	0.39875	-0.15986	-1.30913	0.26886	-0.24054	-1.05926	0.36162	-0.31766	-1.05340	0.33327	-0.27770	-1.11307	0.33378	-0.32056	-1.08468	0.30250	-0.26879	-1.30680	0.11748	-0.26865	-1.29343	0.11395	-0.30556	-1.34205	0.30442	-0.29034	-1.30912	0.20677	-0.21138	-1.26904	0.19879	-0.24109	-1.32205	0.14772	-0.21408	-1.29657	0.12958	-0.23364	-1.03318	0.95846	-0.28206	-1.01633	0.96506	-0.46059	-0.94686	0.49433	-0.26029	-0.91012	0.52521	-0.42753	-1.31294	0.27746	-0.27426	-0.97102	0.08501	-0.39096	-1.13594	1.04737	-0.37433	-0.96621	1.04353	-0.36677	
94	0.93000	-0.93734	1.70886	-0.42846	-0.92669	1.71183	-0.30780	-1.07257	1.60888	-0.41363	-1.05017	1.62625	-0.27915	-1.08024	1.50156	-0.36830	-0.94741	1.42347	-0.36860	-0.93338	1.25442	-0.37278	-1.13229	1.39129	-0.25481	-1.12581	1.22493	-0.37467	-0.89345	1.35328	-0.35263	-0.89152	1.35768	-0.40221	-0.88075	1.29513	-0.35703	-0.87173	1.31516	-0.42175	-1.04283	1.46038	-0.56092	-1.08420	1.10090	-0.60515	-0.93010	0.87522	-0.61556	-0.98974	0.87042	-0.65636	-0.94358	0.81805	-0.66474	-1.04229	1.43532	-0.16817	-1.09229	1.08186	-0.14922	-0.94466	0.85036	-0.12628	-1.01349	0.82954	-0.10741	-0.95387	0.78624	-0.07702	-0.94456	1.04822	-0.49282	-1.12094	1.05211	-0.42293	-0.96455	1.04445	-0.24214	-1.12784	1.04824	-0.32592	-1.15372	1.05436	-0.34936	-1.15039	1.05526	-0.39848	-1.15472	0.99430	-0.35048	-1.16377	0.98170	-0.38740	-0.93204	0.62564	-0.54416	-0.90732	0.52125	-0.47981	-0.92522	0.80065	-0.55686	-0.97359	0.78858	-0.55915	-0.91018	0.74396	-0.54508	-0.96797	0.71255	-0.54627	-0.90612	0.35453	-0.51958	-0.96445	0.08092	-0.42420	-0.91159	0.34727	-0.35057	-0.86902	0.33986	-0.37890	-0.91772	0.28812	-0.34571	-0.86247	0.29129	-0.38189	-0.82433	0.04896	-0.39818	-0.82008	0.04349	-0.35090	-1.01664	0.04305	-0.38393	-0.92093	0.07461	-0.44245	-0.89677	0.10186	-0.40897	-0.86983	0.04667	-0.45635	-0.84216	0.06139	-0.43702	-0.93251	0.62599	-0.15635	-0.91643	0.50348	-0.20857	-0.92110	0.78422	-0.17345	-0.96775	0.77044	-0.16436	-0.90423	0.72689	-0.17788	-0.95971	0.69426	-0.16570	-1.02787	0.40487	-0.15963	-1.28306	0.26995	-0.23988	-1.03452	0.36545	-0.31712	-1.02714	0.33723	-0.27730	-1.08852	0.33760	-0.31976	-1.05924	0.30584	-0.26839	-1.27200	0.11872	-0.26463	-1.25942	0.11448	-0.30166	-1.31925	0.30284	-0.28995	-1.27914	0.20882	-0.20966	-1.23951	0.20259	-0.23976	-1.28870	0.14903	-0.21035	-1.26193	0.13196	-0.23042	-1.02156	0.96169	-0.28237	-1.00468	0.96743	-0.46093	-0.92425	0.49937	-0.26032	-0.90674	0.52534	-0.42747	-1.28662	0.27784	-0.27380	-0.97222	0.08493	-0.39031	-1.12439	1.05017	-0.37442	-0.95456	1.04634	-0.36748	
95	0.94000	-0.92459	1.71106	-0.42785	-0.91411	1.71379	-0.30722	-1.06015	1.61138	-0.41351	-1.03790	1.62843	-0.27895	-1.06811	1.50394	-0.36852	-0.93496	1.42591	-0.36839	-0.92143	1.25675	-0.37281	-1.12080	1.39389	-0.25564	-1.11399	1.22732	-0.37548	-0.88166	1.35549	-0.35190	-0.88033	1.35954	-0.40132	-0.86825	1.29712	-0.35642	-0.85961	1.31740	-0.42119	-1.02982	1.46332	-0.56096	-1.07050	1.10391	-0.60696	-0.91223	0.88084	-0.61782	-0.97175	0.87524	-0.65880	-0.92465	0.82372	-0.66729	-1.03104	1.43768	-0.16844	-1.08607	1.08545	-0.15010	-0.95023	0.84855	-0.12885	-1.01662	0.83053	-0.10956	-0.95834	0.78468	-0.07948	-0.93304	1.05014	-0.49325	-1.10914	1.05445	-0.42299	-0.95300	1.04778	-0.24282	-1.11610	1.05104	-0.32601	-1.14193	1.05709	-0.34945	-1.13867	1.05777	-0.39855	-1.14265	0.99703	-0.35032	-1.15197	0.98430	-0.38709	-0.92713	0.62645	-0.54418	-0.90487	0.52127	-0.47979	-0.91698	0.80138	-0.55624	-0.96542	0.79007	-0.55861	-0.90283	0.74450	-0.54459	-0.96117	0.71397	-0.54580	-0.90488	0.35452	-0.51952	-0.96364	0.08129	-0.42489	-0.90992	0.34706	-0.35058	-0.86889	0.33968	-0.37912	-0.91711	0.28808	-0.34577	-0.86172	0.29109	-0.38200	-0.82434	0.04893	-0.39825	-0.81988	0.04367	-0.35094	-1.01666	0.04324	-0.38394	-0.92106	0.07456	-0.44241	-0.89690	0.10181	-0.40896	-0.86991	0.04666	-0.45637	-0.84222	0.06138	-0.43703	-0.91143	0.63089	-0.15616	-0.89371	0.50896	-0.20868	-0.90347	0.78939	-0.17412	-0.95026	0.77465	-0.16417	-0.88746	0.73232	-0.17891	-0.94110	0.69895	-0.16553	-1.00475	0.41086	-0.15952	-1.25640	0.26953	-0.23908	-1.00961	0.36899	-0.31689	-1.00094	0.34090	-0.27741	-1.06311	0.34025	-0.31953	-1.03327	0.30882	-0.26838	-1.23681	0.11925	-0.26079	-1.22437	0.11450	-0.29777	-1.29575	0.29989	-0.28924	-1.24819	0.20990	-0.20803	-1.20916	0.20528	-0.23863	-1.25424	0.14967	-0.20692	-1.22741	0.13366	-0.22687	-1.01002	0.96479	-0.28245	-0.99315	0.96953	-0.46104	-0.90227	0.50447	-0.26028	-0.90448	0.52530	-0.42745	-1.25970	0.27664	-0.27319	-0.97127	0.08526	-0.39097	-1.11262	1.05275	-0.37450	-0.94302	1.04896	-0.36803	
96	0.95000	-0.91188	1.71317	-0.42721	-0.90162	1.71558	-0.30654	-1.04767	1.61377	-0.41336	-1.02571	1.63046	-0.27873	-1.05604	1.50612	-0.36873	-0.92352	1.42799	-0.36795	-0.90968	1.25898	-0.37270	-1.10922	1.39637	-0.25641	-1.10227	1.22959	-0.37629	-0.86994	1.35762	-0.35151	-0.86871	1.36169	-0.40071	-0.85627	1.29962	-0.35626	-0.84770	1.31951	-0.42042	-1.01694	1.46610	-0.56090	-1.05665	1.10674	-0.60851	-0.89473	0.88640	-0.61988	-0.95392	0.88002	-0.66113	-0.90603	0.82933	-0.66962	-1.02002	1.44005	-0.16866	-1.07995	1.08899	-0.15092	-0.95108	0.84743	-0.13107	-1.01830	0.83157	-0.11159	-0.96340	0.78349	-0.08188	-0.92140	1.05189	-0.49356	-1.09741	1.05673	-0.42319	-0.94158	1.05085	-0.24339	-1.10448	1.05377	-0.32615	-1.13025	1.05977	-0.34964	-1.12690	1.06019	-0.39872	-1.13122	0.99967	-0.35019	-1.14019	0.98665	-0.38689	-0.92171	0.62706	-0.54408	-0.90289	0.52136	-0.47994	-0.90879	0.80204	-0.55563	-0.95735	0.79149	-0.55812	-0.89552	0.74494	-0.54402	-0.95427	0.71534	-0.54527	-0.90500	0.35470	-0.51989	-0.96376	0.08126	-0.42481	-0.90857	0.34711	-0.35066	-0.86795	0.33937	-0.37918	-0.91643	0.28825	-0.34605	-0.86104	0.29090	-0.38249	-0.82438	0.04887	-0.39826	-0.81989	0.04369	-0.35101	-1.01706	0.04353	-0.38420	-0.92108	0.07452	-0.44240	-0.89691	0.10176	-0.40894	-0.86994	0.04662	-0.45641	-0.84229	0.06135	-0.43708	-0.89031	0.63590	-0.15585	-0.87139	0.51440	-0.20890	-0.88632	0.79467	-0.17493	-0.93236	0.77901	-0.16382	-0.86877	0.73791	-0.17977	-0.92111	0.70347	-0.16485	-0.98175	0.41627	-0.15965	-1.22907	0.26756	-0.23812	-0.98469	0.37205	-0.31674	-0.97514	0.34426	-0.27730	-1.03773	0.34226	-0.31923	-1.00803	0.31114	-0.26813	-1.20123	0.11907	-0.25733	-1.18874	0.11385	-0.29417	-1.27044	0.29491	-0.28813	-1.21683	0.20980	-0.20644	-1.17789	0.20664	-0.23782	-1.21894	0.14953	-0.20370	-1.19101	0.13492	-0.22388	-0.99864	0.96769	-0.28252	-0.98159	0.97150	-0.46111	-0.88090	0.50947	-0.26029	-0.90330	0.52523	-0.42759	-1.23213	0.27389	-0.27241	-0.97106	0.08523	-0.39081	-1.10094	1.05525	-0.37467	-0.93149	1.05137	-0.36847	
97	0.96000	-0.89920	1.71513	-0.42656	-0.88917	1.71721	-0.30584	-1.03535	1.61607	-0.41315	-1.01351	1.63229	-0.27846	-1.04399	1.50815	-0.36882	-0.91115	1.43024	-0.36763	-0.89755	1.26125	-0.37284	-1.09776	1.39869	-0.25709	-1.09061	1.23170	-0.37709	-0.85821	1.35956	-0.35096	-0.85571	1.36389	-0.40040	-0.84571	1.30129	-0.35540	-0.83638	1.32137	-0.41978	-1.00421	1.46881	-0.56085	-1.04300	1.10950	-0.61011	-0.87751	0.89187	-0.62171	-0.93629	0.88472	-0.66325	-0.88744	0.83481	-0.67184	-1.00893	1.44215	-0.16880	-1.07380	1.09244	-0.15171	-0.95323	0.84653	-0.13290	-1.02081	0.83283	-0.11338	-0.96812	0.78272	-0.08426	-0.90975	1.05340	-0.49374	-1.08536	1.05858	-0.42325	-0.93035	1.05365	-0.24387	-1.09287	1.05632	-0.32636	-1.11865	1.06228	-0.34990	-1.11531	1.06247	-0.39897	-1.11956	1.00214	-0.35020	-1.12864	0.98897	-0.38683	-0.91644	0.62763	-0.54396	-0.90135	0.52154	-0.48021	-0.90062	0.80261	-0.55502	-0.94942	0.79286	-0.55760	-0.88852	0.74523	-0.54330	-0.94772	0.71669	-0.54483	-0.90624	0.35492	-0.52060	-0.96417	0.08129	-0.42529	-0.90726	0.34710	-0.35125	-0.86617	0.33943	-0.38029	-0.91535	0.28832	-0.34638	-0.86174	0.29053	-0.38371	-0.82439	0.04884	-0.39834	-0.81996	0.04370	-0.35102	-1.01754	0.04395	-0.38414	-0.92118	0.07447	-0.44242	-0.89697	0.10170	-0.40896	-0.87005	0.04658	-0.45647	-0.84233	0.06130	-0.43717	-0.86942	0.64098	-0.15534	-0.84955	0.51971	-0.20914	-0.86780	0.79992	-0.17565	-0.91538	0.78336	-0.16370	-0.84925	0.74369	-0.18061	-0.90246	0.70805	-0.16451	-0.95850	0.42076	-0.15987	-1.20129	0.26430	-0.23734	-0.96003	0.37480	-0.31668	-0.94911	0.34737	-0.27734	-1.01213	0.34373	-0.31903	-0.98508	0.31253	-0.26792	-1.16456	0.11808	-0.25389	-1.15252	0.11253	-0.29095	-1.24466	0.28885	-0.28738	-1.18424	0.20861	-0.20506	-1.14652	0.20694	-0.23668	-1.18356	0.14851	-0.20088	-1.15503	0.13492	-0.22105	-0.98739	0.97032	-0.28254	-0.97003	0.97321	-0.46112	-0.86008	0.51428	-0.26029	-0.90272	0.52522	-0.42785	-1.20422	0.27004	-0.27174	-0.97094	0.08518	-0.39117	-1.08912	1.05745	-0.37481	-0.92005	1.05352	-0.36880	
98	0.97000	-0.88654	1.71687	-0.42586	-0.87674	1.71859	-0.30511	-1.02304	1.61814	-0.41302	-1.00144	1.63397	-0.27824	-1.03203	1.50995	-0.36894	-0.89962	1.43209	-0.36729	-0.88617	1.26307	-0.37268	-1.08616	1.40076	-0.25779	-1.07892	1.23365	-0.37792	-0.84637	1.36148	-0.35056	-0.84346	1.36595	-0.39997	-0.83429	1.30313	-0.35496	-0.82392	1.32343	-0.41951	-0.99154	1.47131	-0.56081	-1.02940	1.11205	-0.61160	-0.86025	0.89724	-0.62350	-0.91879	0.88924	-0.66525	-0.86903	0.84019	-0.67385	-0.99768	1.44407	-0.16897	-1.06775	1.09577	-0.15259	-0.95504	0.84595	-0.13498	-1.02332	0.83456	-0.11542	-0.97281	0.78228	-0.08685	-0.89829	1.05462	-0.49390	-1.07369	1.06049	-0.42346	-0.91896	1.05627	-0.24423	-1.08137	1.05859	-0.32659	-1.10699	1.06453	-0.35014	-1.10364	1.06453	-0.39922	-1.10822	1.00443	-0.35020	-1.11724	0.99113	-0.38671	-0.91170	0.62831	-0.54394	-0.89998	0.52172	-0.48068	-0.89270	0.80308	-0.55437	-0.94155	0.79412	-0.55722	-0.88147	0.74553	-0.54287	-0.94115	0.71795	-0.54457	-0.90716	0.35509	-0.52131	-0.96535	0.08120	-0.42426	-0.90590	0.34714	-0.35173	-0.86524	0.33926	-0.38123	-0.91332	0.28829	-0.34683	-0.85938	0.29057	-0.38449	-0.82440	0.04876	-0.39840	-0.82000	0.04371	-0.35110	-1.01762	0.04423	-0.38409	-0.92122	0.07440	-0.44246	-0.89700	0.10169	-0.40909	-0.87009	0.04652	-0.45652	-0.84238	0.06128	-0.43728	-0.84942	0.64621	-0.15520	-0.82828	0.52488	-0.20947	-0.85131	0.80511	-0.17636	-0.89692	0.78759	-0.16307	-0.83140	0.74929	-0.18133	-0.88392	0.71257	-0.16391	-0.93508	0.42432	-0.15988	-1.17256	0.25963	-0.23633	-0.93531	0.37720	-0.31667	-0.92342	0.34990	-0.27771	-0.98656	0.34463	-0.31883	-0.95839	0.31412	-0.26832	-1.12541	0.11689	-0.25058	-1.11585	0.11040	-0.28786	-1.21807	0.28159	-0.28649	-1.15233	0.20632	-0.20366	-1.11475	0.20608	-0.23582	-1.14773	0.14639	-0.19805	-1.11905	0.13404	-0.21833	-0.97610	0.97281	-0.28236	-0.95867	0.97468	-0.46095	-0.83960	0.51901	-0.26040	-0.90204	0.52526	-0.42834	-1.17547	0.26489	-0.27081	-0.97171	0.08518	-0.39007	-1.07753	1.05954	-0.37503	-0.90863	1.05545	-0.36906	
99	0.98000	-0.87400	1.71838	-0.42513	-0.86435	1.71973	-0.30441	-1.01073	1.61996	-0.41282	-0.98939	1.63536	-0.27799	-1.02004	1.51153	-0.36903	-0.88731	1.43395	-0.36714	-0.87386	1.26497	-0.37293	-1.07460	1.40257	-0.25838	-1.06720	1.23536	-0.37859	-0.83441	1.36319	-0.35002	-0.83028	1.36794	-0.39984	-0.82188	1.30458	-0.35460	-0.81177	1.32518	-0.41904	-0.97905	1.47354	-0.56060	-1.01583	1.11440	-0.61310	-0.84335	0.90240	-0.62517	-0.90149	0.89357	-0.66717	-0.85092	0.84533	-0.67570	-0.98637	1.44573	-0.16919	-1.06166	1.09894	-0.15347	-0.95733	0.84581	-0.13720	-1.02557	0.83646	-0.11741	-0.97646	0.78218	-0.08924	-0.88682	1.05560	-0.49399	-1.06215	1.06218	-0.42370	-0.90793	1.05856	-0.24450	-1.06992	1.06060	-0.32682	-1.09547	1.06650	-0.35037	-1.09217	1.06632	-0.39950	-1.09704	1.00645	-0.35019	-1.10590	0.99303	-0.38671	-0.90772	0.62909	-0.54412	-0.89856	0.52192	-0.48126	-0.88482	0.80338	-0.55389	-0.93372	0.79524	-0.55686	-0.87476	0.74562	-0.54233	-0.93486	0.71910	-0.54434	-0.90760	0.35516	-0.52199	-0.96494	0.08139	-0.42520	-0.90454	0.34718	-0.35237	-0.86433	0.33911	-0.38216	-0.91230	0.28839	-0.34731	-0.85830	0.29049	-0.38553	-0.82443	0.04863	-0.39841	-0.81999	0.04373	-0.35118	-1.01761	0.04452	-0.38400	-0.92125	0.07435	-0.44255	-0.89700	0.10165	-0.40911	-0.87014	0.04645	-0.45663	-0.84245	0.06120	-0.43740	-0.83043	0.65115	-0.15521	-0.80750	0.52983	-0.20975	-0.83509	0.81006	-0.17713	-0.87978	0.79164	-0.16280	-0.81400	0.75463	-0.18219	-0.86375	0.71697	-0.16327	-0.91170	0.42678	-0.15971	-1.14344	0.25380	-0.23501	-0.91089	0.37919	-0.31702	-0.89722	0.35227	-0.27836	-0.96073	0.34504	-0.31870	-0.92733	0.31615	-0.26800	-1.08802	0.11475	-0.24768	-1.07888	0.10801	-0.28481	-1.19010	0.27282	-0.28553	-1.12006	0.20300	-0.20230	-1.08284	0.20431	-0.23492	-1.11212	0.14376	-0.19532	-1.08267	0.13256	-0.21585	-0.96513	0.97498	-0.28225	-0.94737	0.97592	-0.46081	-0.81926	0.52359	-0.26054	-0.90076	0.52540	-0.42892	-1.14645	0.25868	-0.26954	-0.97083	0.08529	-0.39092	-1.06603	1.06139	-0.37526	-0.89737	1.05708	-0.36924	
100	0.99000	-0.86142	1.71960	-0.42447	-0.85201	1.72058	-0.30370	-0.99847	1.62153	-0.41263	-0.97732	1.63650	-0.27774	-1.00804	1.51280	-0.36911	-0.87562	1.43530	-0.36671	-0.86249	1.26632	-0.37268	-1.06301	1.40415	-0.25893	-1.05544	1.23677	-0.37928	-0.82201	1.36479	-0.34992	-0.81959	1.36919	-0.39907	-0.81106	1.30634	-0.35420	-0.79981	1.32671	-0.41851	-0.96664	1.47556	-0.56041	-1.00243	1.11649	-0.61452	-0.82658	0.90736	-0.62667	-0.88435	0.89764	-0.66885	-0.83297	0.85024	-0.67727	-0.97509	1.44714	-0.16933	-1.05563	1.10198	-0.15431	-0.95826	0.84551	-0.13950	-1.02757	0.83852	-0.11934	-0.98014	0.78232	-0.09166	-0.87548	1.05630	-0.49404	-1.05058	1.06353	-0.42382	-0.89672	1.06062	-0.24473	-1.05848	1.06227	-0.32699	-1.08397	1.06818	-0.35057	-1.08055	1.06779	-0.39963	-1.08528	1.00791	-0.35007	-1.09468	0.99470	-0.38683	-0.90434	0.62966	-0.54436	-0.89710	0.52206	-0.48186	-0.87694	0.80346	-0.55358	-0.92657	0.79629	-0.55669	-0.86816	0.74554	-0.54208	-0.92875	0.72011	-0.54429	-0.90736	0.35513	-0.52264	-0.96464	0.08102	-0.42451	-0.90329	0.34735	-0.35302	-0.86247	0.33929	-0.38296	-0.91140	0.28853	-0.34773	-0.85764	0.29043	-0.38634	-0.82463	0.04871	-0.39874	-0.82015	0.04366	-0.35125	-1.01770	0.04486	-0.38402	-0.92128	0.07431	-0.44260	-0.89700	0.10161	-0.40927	-0.87022	0.04637	-0.45672	-0.84247	0.06113	-0.43753	-0.81043	0.65596	-0.15516	-0.78733	0.53447	-0.20991	-0.81970	0.81465	-0.17765	-0.86346	0.79548	-0.16238	-0.79728	0.75965	-0.18281	-0.84642	0.72110	-0.16298	-0.88801	0.42819	-0.15941	-1.11399	0.24710	-0.23417	-0.88639	0.38071	-0.31701	-0.86838	0.35473	-0.27818	-0.93489	0.34480	-0.31843	-0.90339	0.31634	-0.26855	-1.05017	0.11215	-0.24494	-1.04055	0.10519	-0.28214	-1.16198	0.26300	-0.28467	-1.08816	0.19875	-0.20094	-1.05020	0.20206	-0.23391	-1.07615	0.14045	-0.19285	-1.04587	0.13061	-0.21345	-0.95399	0.97690	-0.28199	-0.93613	0.97685	-0.46054	-0.80039	0.52757	-0.26029	-0.89893	0.52551	-0.42951	-1.11730	0.25195	-0.26867	-0.97011	0.08497	-0.39017	-1.05453	1.06290	-0.37541	-0.88610	1.05846	-0.36939	
101	1.00000	-0.84882	1.72052	-0.42378	-0.83975	1.72118	-0.30296	-0.98626	1.62274	-0.41239	-0.96524	1.63734	-0.27740	-0.99599	1.51378	-0.36907	-0.86337	1.43653	-0.36662	-0.85048	1.26746	-0.37256	-1.05139	1.40542	-0.25945	-1.04373	1.23797	-0.37981	-0.81071	1.36573	-0.34916	-0.80724	1.37048	-0.39863	-0.79797	1.30744	-0.35394	-0.78844	1.32771	-0.41787	-0.95412	1.47719	-0.56023	-0.98909	1.11827	-0.61591	-0.80972	0.91210	-0.62821	-0.86737	0.90144	-0.67057	-0.81516	0.85492	-0.67885	-0.96383	1.44827	-0.16940	-1.04954	1.10479	-0.15528	-0.96017	0.84571	-0.14123	-1.02915	0.84063	-0.12133	-0.98345	0.78268	-0.09409	-0.86408	1.05678	-0.49410	-1.03899	1.06450	-0.42380	-0.88554	1.06232	-0.24496	-1.04705	1.06356	-0.32712	-1.07247	1.06951	-0.35065	-1.06905	1.06900	-0.39976	-1.07393	1.00920	-0.35005	-1.08370	0.99603	-0.38671	-0.90121	0.63006	-0.54464	-0.89538	0.52210	-0.48250	-0.86944	0.80343	-0.55331	-0.91925	0.79716	-0.55655	-0.86139	0.74531	-0.54198	-0.92267	0.72097	-0.54421	-0.90668	0.35510	-0.52319	-0.96464	0.08109	-0.42463	-0.90251	0.34748	-0.35356	-0.86170	0.33932	-0.38362	-0.91054	0.28875	-0.34823	-0.85695	0.29040	-0.38683	-0.82463	0.04865	-0.39889	-0.82025	0.04368	-0.35113	-1.01777	0.04524	-0.38411	-0.92129	0.07425	-0.44271	-0.89697	0.10158	-0.40940	-0.87022	0.04629	-0.45680	-0.84249	0.06103	-0.43766	-0.79182	0.66032	-0.15494	-0.76760	0.53875	-0.21006	-0.80449	0.81887	-0.17785	-0.84753	0.79897	-0.16202	-0.78062	0.76424	-0.18318	-0.82890	0.72486	-0.16239	-0.86437	0.42877	-0.15915	-1.08399	0.23944	-0.23338	-0.86189	0.38164	-0.31694	-0.84300	0.35622	-0.27806	-0.90890	0.34400	-0.31822	-0.87643	0.31651	-0.26892	-1.01176	0.10931	-0.24231	-1.00175	0.10221	-0.27954	-1.13312	0.25200	-0.28390	-1.05554	0.19385	-0.20009	-1.01795	0.19882	-0.23287	-1.03905	0.13638	-0.19080	-1.00864	0.12826	-0.21117	-0.94281	0.97845	-0.28181	-0.92479	0.97753	-0.46034	-0.78127	0.53139	-0.26021	-0.89649	0.52554	-0.43013	-1.08765	0.24426	-0.26785	-0.96980	0.08506	-0.39024	-1.04302	1.06403	-0.37546	-0.87481	1.05955	-0.36953	
102	1.01000	-0.83639	1.72113	-0.42313	-0.82741	1.72152	-0.30232	-0.97406	1.62364	-0.41217	-0.95321	1.63791	-0.27711	-0.98392	1.51449	-0.36905	-0.85177	1.43728	-0.36599	-0.83826	1.26831	-0.37240	-1.03967	1.40644	-0.25986	-1.03208	1.23886	-0.38022	-0.79639	1.36740	-0.34961	-0.79482	1.37146	-0.39821	-0.78613	1.30826	-0.35349	-0.77639	1.32854	-0.41732	-0.94163	1.47854	-0.55996	-0.97588	1.11978	-0.61717	-0.79323	0.91659	-0.62955	-0.85066	0.90495	-0.67201	-0.79760	0.85929	-0.68035	-0.95236	1.44909	-0.16946	-1.04340	1.10739	-0.15627	-0.96039	0.84584	-0.14325	-1.03039	0.84283	-0.12329	-0.98644	0.78323	-0.09654	-0.85299	1.05691	-0.49409	-1.02769	1.06542	-0.42380	-0.87454	1.06356	-0.24511	-1.03573	1.06456	-0.32712	-1.06106	1.07054	-0.35063	-1.05777	1.06998	-0.39971	-1.06276	1.01028	-0.34991	-1.07247	0.99703	-0.38657	-0.89793	0.63032	-0.54499	-0.89337	0.52211	-0.48319	-0.86208	0.80326	-0.55309	-0.91175	0.79788	-0.55637	-0.85508	0.74499	-0.54197	-0.91669	0.72165	-0.54417	-0.90536	0.35505	-0.52374	-0.96468	0.08128	-0.42474	-0.90147	0.34771	-0.35420	-0.86078	0.33932	-0.38408	-0.90929	0.28909	-0.34860	-0.85632	0.29034	-0.38719	-0.82460	0.04857	-0.39893	-0.82132	0.04330	-0.35122	-1.01760	0.04551	-0.38414	-0.92131	0.07418	-0.44281	-0.89689	0.10154	-0.40948	-0.87026	0.04620	-0.45690	-0.84190	0.06101	-0.43765	-0.77360	0.66432	-0.15474	-0.74851	0.54269	-0.21016	-0.78970	0.82258	-0.17806	-0.83210	0.80208	-0.16152	-0.76527	0.76846	-0.18352	-0.81211	0.72826	-0.16190	-0.84087	0.42875	-0.15887	-1.05349	0.23084	-0.23260	-0.83744	0.38202	-0.31678	-0.81576	0.35795	-0.27811	-0.88283	0.34255	-0.31798	-0.84533	0.31713	-0.26847	-0.97283	0.10621	-0.24018	-0.96279	0.09903	-0.27715	-1.10340	0.23994	-0.28304	-1.02204	0.18807	-0.19876	-0.98523	0.19493	-0.23225	-1.00163	0.13210	-0.18888	-0.97106	0.12551	-0.20920	-0.93195	0.97963	-0.28156	-0.91384	0.97791	-0.46008	-0.76285	0.53482	-0.26004	-0.89375	0.52548	-0.43080	-1.05757	0.23565	-0.26702	-0.96968	0.08530	-0.39033	-1.03171	1.06499	-0.37546	-0.86376	1.06024	-0.36960	
103	1.02000	-0.82398	1.72144	-0.42251	-0.81524	1.72159	-0.30166	-0.96181	1.62422	-0.41187	-0.94115	1.63820	-0.27682	-0.97185	1.51494	-0.36897	-0.83949	1.43783	-0.36584	-0.82662	1.26872	-0.37215	-1.02799	1.40722	-0.26022	-1.02033	1.23942	-0.38052	-0.78623	1.36711	-0.34822	-0.78245	1.37189	-0.39770	-0.77425	1.30864	-0.35299	-0.76378	1.32912	-0.41691	-0.92916	1.47953	-0.55972	-0.96275	1.12091	-0.61835	-0.77704	0.92067	-0.63086	-0.83410	0.90814	-0.67342	-0.78028	0.86334	-0.68172	-0.94083	1.44958	-0.16946	-1.03734	1.10983	-0.15730	-0.96135	0.84642	-0.14551	-1.03120	0.84503	-0.12533	-0.98896	0.78392	-0.09884	-0.84170	1.05688	-0.49421	-1.01641	1.06600	-0.42369	-0.86308	1.06453	-0.24535	-1.02450	1.06523	-0.32699	-1.04973	1.07124	-0.35046	-1.04643	1.07065	-0.39953	-1.05158	1.01098	-0.34971	-1.06126	0.99776	-0.38638	-0.89437	0.63059	-0.54542	-0.89116	0.52208	-0.48380	-0.85485	0.80300	-0.55304	-0.90450	0.79841	-0.55621	-0.84893	0.74450	-0.54192	-0.91093	0.72237	-0.54430	-0.90388	0.35499	-0.52416	-0.96463	0.08142	-0.42480	-0.90069	0.34777	-0.35460	-0.86000	0.33927	-0.38453	-0.90825	0.28919	-0.34909	-0.85537	0.29031	-0.38760	-0.82455	0.04854	-0.39908	-0.82086	0.04347	-0.35110	-1.01714	0.04575	-0.38408	-0.92134	0.07415	-0.44291	-0.89687	0.10148	-0.40959	-0.87032	0.04611	-0.45703	-0.84184	0.06091	-0.43771	-0.75605	0.66779	-0.15437	-0.72999	0.54623	-0.21022	-0.77512	0.82584	-0.17833	-0.81703	0.80481	-0.16102	-0.75004	0.77216	-0.18388	-0.79596	0.73122	-0.16143	-0.81791	0.42830	-0.15862	-1.02199	0.22146	-0.23193	-0.81273	0.38200	-0.31624	-0.79002	0.35875	-0.27802	-0.85660	0.34062	-0.31778	-0.81806	0.31667	-0.26829	-0.93349	0.10282	-0.23828	-0.92310	0.09580	-0.27519	-1.07252	0.22703	-0.28228	-0.98782	0.18180	-0.19794	-0.95171	0.19048	-0.23176	-0.96360	0.12752	-0.18717	-0.93281	0.12254	-0.20767	-0.92061	0.98052	-0.28137	-0.90261	0.97807	-0.45990	-0.74475	0.53796	-0.25992	-0.89086	0.52538	-0.43140	-1.02639	0.22614	-0.26634	-0.96949	0.08550	-0.39038	-1.02045	1.06562	-0.37534	-0.85239	1.06070	-0.36978	
104	1.03000	-0.81146	1.72144	-0.42187	-0.80293	1.72141	-0.30103	-0.94957	1.62448	-0.41159	-0.92903	1.63827	-0.27648	-0.95971	1.51515	-0.36884	-0.82732	1.43790	-0.36526	-0.81477	1.26887	-0.37188	-1.01613	1.40766	-0.26054	-1.00868	1.23971	-0.38071	-0.77131	1.36807	-0.34880	-0.77087	1.37188	-0.39700	-0.76266	1.30860	-0.35243	-0.75183	1.32923	-0.41629	-0.91663	1.48014	-0.55941	-0.94968	1.12168	-0.61946	-0.76105	0.92441	-0.63211	-0.81771	0.91097	-0.67470	-0.76309	0.86707	-0.68302	-0.92923	1.44980	-0.16939	-1.03124	1.11208	-0.15830	-0.96104	0.84692	-0.14741	-1.03162	0.84716	-0.12739	-0.99116	0.78465	-0.10123	-0.83071	1.05648	-0.49436	-1.00523	1.06629	-0.42350	-0.85192	1.06495	-0.24537	-1.01329	1.06559	-0.32677	-1.03850	1.07163	-0.35022	-1.03526	1.07104	-0.39935	-1.04048	1.01143	-0.34943	-1.05003	0.99801	-0.38602	-0.89044	0.63084	-0.54601	-0.88884	0.52201	-0.48437	-0.84772	0.80264	-0.55322	-0.89749	0.79885	-0.55619	-0.84259	0.74398	-0.54232	-0.90485	0.72270	-0.54445	-0.90265	0.35501	-0.52468	-0.96456	0.08158	-0.42480	-0.89928	0.34788	-0.35516	-0.85882	0.33915	-0.38503	-0.90713	0.28932	-0.34950	-0.85432	0.29021	-0.38816	-0.82448	0.04852	-0.39921	-0.82230	0.04303	-0.35125	-1.01708	0.04616	-0.38407	-0.92135	0.07409	-0.44290	-0.89680	0.10146	-0.40967	-0.87032	0.04606	-0.45708	-0.84182	0.06084	-0.43783	-0.73912	0.67073	-0.15412	-0.71211	0.54939	-0.21022	-0.76115	0.82867	-0.17830	-0.80262	0.80711	-0.16051	-0.73548	0.77523	-0.18385	-0.78031	0.73383	-0.16086	-0.79544	0.42735	-0.15845	-0.98965	0.21145	-0.23121	-0.78847	0.38146	-0.31599	-0.76656	0.35854	-0.27772	-0.83028	0.33820	-0.31753	-0.79095	0.31598	-0.26797	-0.89385	0.09920	-0.23670	-0.88312	0.09236	-0.27352	-1.04095	0.21351	-0.28150	-0.95300	0.17493	-0.19734	-0.91781	0.18545	-0.23143	-0.92523	0.12251	-0.18583	-0.89430	0.11929	-0.20636	-0.90963	0.98094	-0.28117	-0.89176	0.97790	-0.45970	-0.72725	0.54070	-0.25974	-0.88817	0.52522	-0.43197	-0.99433	0.21591	-0.26561	-0.96920	0.08570	-0.39036	-1.00926	1.06594	-0.37514	-0.84131	1.06071	-0.36987	
105	1.04000	-0.79899	1.72120	-0.42131	-0.79051	1.72102	-0.30048	-0.93732	1.62442	-0.41124	-0.91689	1.63801	-0.27609	-0.94742	1.51508	-0.36862	-0.81598	1.43783	-0.36474	-0.80271	1.26871	-0.37170	-1.00432	1.40790	-0.26077	-0.99706	1.23973	-0.38073	-0.76207	1.36695	-0.34726	-0.75856	1.37170	-0.39650	-0.75085	1.30825	-0.35177	-0.73971	1.32896	-0.41576	-0.90412	1.48045	-0.55916	-0.93666	1.12204	-0.62047	-0.74500	0.92785	-0.63332	-0.80153	0.91342	-0.67594	-0.74618	0.87043	-0.68423	-0.91760	1.44972	-0.16924	-1.02502	1.11410	-0.15941	-0.96179	0.84718	-0.14969	-1.03150	0.84922	-0.12953	-0.99283	0.78550	-0.10360	-0.81977	1.05588	-0.49444	-0.99414	1.06632	-0.42315	-0.84086	1.06497	-0.24558	-1.00213	1.06565	-0.32647	-1.02731	1.07175	-0.34985	-1.02413	1.07112	-0.39897	-1.02951	1.01153	-0.34909	-1.03921	0.99816	-0.38560	-0.88619	0.63096	-0.54658	-0.88641	0.52186	-0.48495	-0.84056	0.80211	-0.55330	-0.89044	0.79909	-0.55620	-0.83629	0.74337	-0.54268	-0.89895	0.72300	-0.54463	-0.90192	0.35499	-0.52511	-0.96456	0.08181	-0.42475	-0.89781	0.34793	-0.35565	-0.85733	0.33904	-0.38585	-0.90586	0.28941	-0.34988	-0.85334	0.28992	-0.38881	-0.82434	0.04846	-0.39918	-0.82234	0.04300	-0.35130	-1.01705	0.04663	-0.38394	-0.92132	0.07406	-0.44293	-0.89672	0.10145	-0.40971	-0.87040	0.04600	-0.45714	-0.84183	0.06078	-0.43793	-0.72279	0.67321	-0.15375	-0.69499	0.55203	-0.21020	-0.74808	0.83122	-0.17827	-0.78842	0.80903	-0.15984	-0.72085	0.77791	-0.18416	-0.76518	0.73600	-0.16018	-0.77329	0.42597	-0.15815	-0.95809	0.20078	-0.23090	-0.76406	0.38056	-0.31584	-0.74049	0.35879	-0.27766	-0.80449	0.33513	-0.31711	-0.76324	0.31501	-0.26783	-0.85413	0.09528	-0.23528	-0.84303	0.08872	-0.27206	-1.00832	0.19963	-0.28091	-0.91720	0.16751	-0.19691	-0.88344	0.17976	-0.23111	-0.88671	0.11706	-0.18463	-0.85557	0.11563	-0.20520	-0.89875	0.98099	-0.28110	-0.88096	0.97750	-0.45963	-0.71046	0.54295	-0.25954	-0.88553	0.52499	-0.43255	-0.96308	0.20509	-0.26528	-0.96886	0.08595	-0.39026	-0.99813	1.06598	-0.37481	-0.83032	1.06042	-0.37001	
106	1.05000	-0.78662	1.72067	-0.42074	-0.77825	1.72039	-0.29987	-0.92505	1.62410	-0.41088	-0.90479	1.63757	-0.27571	-0.93525	1.51485	-0.36835	-0.80327	1.43719	-0.36435	-0.79124	1.26810	-0.37135	-0.99238	1.40785	-0.26092	-0.98540	1.23949	-0.38057	-0.75002	1.36623	-0.34666	-0.74628	1.37108	-0.39587	-0.73879	1.30764	-0.35128	-0.72676	1.32851	-0.41535	-0.89151	1.48039	-0.55886	-0.92363	1.12210	-0.62133	-0.72911	0.93090	-0.63458	-0.78555	0.91546	-0.67701	-0.72954	0.87341	-0.68543	-0.90586	1.44936	-0.16898	-1.01869	1.11587	-0.16044	-0.96124	0.84776	-0.15196	-1.03100	0.85117	-0.13185	-0.99374	0.78636	-0.10592	-0.80882	1.05506	-0.49464	-0.98314	1.06606	-0.42281	-0.82960	1.06470	-0.24569	-0.99098	1.06537	-0.32604	-1.01616	1.07152	-0.34946	-1.01312	1.07095	-0.39859	-1.01849	1.01130	-0.34864	-1.02837	0.99803	-0.38516	-0.88162	0.63088	-0.54717	-0.88391	0.52170	-0.48549	-0.83334	0.80145	-0.55329	-0.88318	0.79917	-0.55617	-0.82988	0.74264	-0.54291	-0.89282	0.72320	-0.54499	-0.90115	0.35492	-0.52555	-0.96454	0.08204	-0.42464	-0.89586	0.34790	-0.35614	-0.85519	0.33883	-0.38674	-0.90427	0.28947	-0.35029	-0.85143	0.28986	-0.38965	-0.82425	0.04839	-0.39919	-0.82228	0.04296	-0.35141	-1.01703	0.04707	-0.38375	-0.92138	0.07404	-0.44291	-0.89668	0.10141	-0.40974	-0.87040	0.04597	-0.45724	-0.84183	0.06075	-0.43802	-0.70711	0.67512	-0.15353	-0.67860	0.55411	-0.21017	-0.73486	0.83310	-0.17795	-0.77461	0.81053	-0.15905	-0.70659	0.77975	-0.18396	-0.75057	0.73774	-0.15943	-0.75124	0.42418	-0.15775	-0.92268	0.19021	-0.23007	-0.73979	0.37914	-0.31554	-0.71504	0.35869	-0.27747	-0.77771	0.33188	-0.31681	-0.73550	0.31373	-0.26765	-0.81418	0.09115	-0.23403	-0.80325	0.08484	-0.27073	-0.97479	0.18548	-0.28038	-0.88168	0.15942	-0.19649	-0.84876	0.17351	-0.23058	-0.84813	0.11108	-0.18367	-0.81699	0.11142	-0.20421	-0.88767	0.98074	-0.28101	-0.87009	0.97686	-0.45955	-0.69435	0.54468	-0.25936	-0.88303	0.52474	-0.43308	-0.92784	0.19415	-0.26446	-0.96853	0.08620	-0.39012	-0.98706	1.06572	-0.37443	-0.81921	1.05988	-0.37016	
107	1.06000	-0.77414	1.71993	-0.42013	-0.76590	1.71955	-0.29930	-0.91270	1.62349	-0.41046	-0.89254	1.63687	-0.27528	-0.92291	1.51434	-0.36806	-0.79111	1.43661	-0.36385	-0.77947	1.26722	-0.37098	-0.98044	1.40761	-0.26101	-0.97390	1.23912	-0.38040	-0.73857	1.36511	-0.34569	-0.73376	1.37014	-0.39537	-0.72710	1.30659	-0.35063	-0.71642	1.32700	-0.41421	-0.87893	1.48009	-0.55858	-0.91062	1.12183	-0.62207	-0.71336	0.93358	-0.63573	-0.76975	0.91717	-0.67792	-0.71300	0.87603	-0.68650	-0.89384	1.44872	-0.16867	-1.01212	1.11745	-0.16146	-0.95992	0.84815	-0.15367	-1.02987	0.85297	-0.13414	-0.99425	0.78723	-0.10838	-0.79777	1.05403	-0.49483	-0.97216	1.06553	-0.42239	-0.81708	1.06424	-0.24549	-0.97990	1.06486	-0.32566	-1.00517	1.07104	-0.34895	-1.00211	1.07046	-0.39803	-1.00745	1.01079	-0.34817	-1.01745	0.99755	-0.38465	-0.87675	0.63063	-0.54773	-0.88133	0.52146	-0.48590	-0.82583	0.80090	-0.55346	-0.87577	0.79927	-0.55636	-0.82343	0.74184	-0.54314	-0.88653	0.72325	-0.54536	-0.90014	0.35484	-0.52598	-0.96446	0.08227	-0.42447	-0.89322	0.34804	-0.35696	-0.85400	0.33848	-0.38722	-0.90273	0.28943	-0.35061	-0.85004	0.28952	-0.39031	-0.82422	0.04831	-0.39928	-0.82219	0.04298	-0.35149	-1.01693	0.04756	-0.38353	-0.92141	0.07402	-0.44285	-0.89664	0.10141	-0.40974	-0.87044	0.04595	-0.45726	-0.84179	0.06070	-0.43807	-0.69199	0.67650	-0.15333	-0.66295	0.55558	-0.20995	-0.72155	0.83433	-0.17780	-0.76122	0.81152	-0.15844	-0.69407	0.78154	-0.18366	-0.73660	0.73894	-0.15886	-0.72920	0.42183	-0.15732	-0.88778	0.17918	-0.22987	-0.71528	0.37757	-0.31534	-0.68966	0.35832	-0.27722	-0.75043	0.32867	-0.31645	-0.70919	0.31202	-0.26705	-0.77415	0.08678	-0.23295	-0.76282	0.08110	-0.26972	-0.94059	0.17136	-0.28015	-0.84585	0.15093	-0.19606	-0.81393	0.16681	-0.23014	-0.80903	0.10492	-0.18281	-0.77835	0.10687	-0.20326	-0.87546	0.98028	-0.28043	-0.85895	0.97599	-0.45906	-0.67892	0.54594	-0.25902	-0.88058	0.52439	-0.43349	-0.89323	0.18289	-0.26424	-0.96822	0.08646	-0.38992	-0.97603	1.06520	-0.37403	-0.80743	1.05914	-0.37016	
108	1.07000	-0.76169	1.71894	-0.41961	-0.75351	1.71846	-0.29872	-0.90038	1.62265	-0.41002	-0.88024	1.63591	-0.27483	-0.91059	1.51358	-0.36769	-0.77873	1.43544	-0.36329	-0.76758	1.26619	-0.37071	-0.96845	1.40714	-0.26091	-0.96234	1.23851	-0.38011	-0.72639	1.36385	-0.34514	-0.72156	1.36885	-0.39476	-0.71506	1.30532	-0.35012	-0.70464	1.32537	-0.41342	-0.86637	1.47943	-0.55821	-0.89768	1.12120	-0.62271	-0.69778	0.93581	-0.63672	-0.75418	0.91847	-0.67878	-0.69686	0.87823	-0.68756	-0.88185	1.44788	-0.16830	-1.00551	1.11889	-0.16247	-0.95890	0.84892	-0.15593	-1.02825	0.85472	-0.13644	-0.99372	0.78812	-0.11052	-0.78690	1.05278	-0.49485	-0.96120	1.06474	-0.42184	-0.80649	1.06319	-0.24550	-0.96887	1.06408	-0.32514	-0.99398	1.07026	-0.34843	-0.99112	1.06969	-0.39746	-0.99653	1.01005	-0.34765	-1.00652	0.99684	-0.38408	-0.87187	0.63025	-0.54822	-0.87839	0.52118	-0.48632	-0.81824	0.80000	-0.55349	-0.86821	0.79905	-0.55651	-0.81662	0.74095	-0.54328	-0.88016	0.72318	-0.54582	-0.89903	0.35480	-0.52642	-0.96440	0.08255	-0.42432	-0.89110	0.34803	-0.35745	-0.85228	0.33811	-0.38784	-0.90099	0.28947	-0.35093	-0.84846	0.28920	-0.39090	-0.82420	0.04824	-0.39932	-0.82204	0.04299	-0.35156	-1.01685	0.04804	-0.38328	-0.92133	0.07403	-0.44283	-0.89656	0.10141	-0.40979	-0.87046	0.04590	-0.45727	-0.84179	0.06063	-0.43815	-0.67777	0.67719	-0.15314	-0.64784	0.55659	-0.20966	-0.70900	0.83521	-0.17769	-0.74845	0.81197	-0.15794	-0.68098	0.78256	-0.18349	-0.72325	0.73962	-0.15839	-0.70724	0.41904	-0.15671	-0.85266	0.16821	-0.22962	-0.69143	0.37576	-0.31488	-0.66464	0.35804	-0.27687	-0.72326	0.32533	-0.31639	-0.68119	0.31099	-0.26690	-0.73183	0.08339	-0.23198	-0.72027	0.07835	-0.26882	-0.90505	0.15760	-0.28014	-0.80931	0.14243	-0.19557	-0.77794	0.16018	-0.22959	-0.77013	0.09858	-0.18225	-0.73945	0.10227	-0.20257	-0.86500	0.97933	-0.28048	-0.84829	0.97489	-0.45909	-0.66388	0.54666	-0.25866	-0.87765	0.52406	-0.43390	-0.85843	0.17169	-0.26397	-0.96785	0.08675	-0.38975	-0.96504	1.06441	-0.37349	-0.79669	1.05798	-0.37018	
109	1.08000	-0.74920	1.71772	-0.41902	-0.74107	1.71716	-0.29812	-0.88801	1.62153	-0.40952	-0.86784	1.63471	-0.27433	-0.89820	1.51264	-0.36724	-0.76668	1.43422	-0.36271	-0.75584	1.26483	-0.37026	-0.95639	1.40646	-0.26080	-0.95082	1.23771	-0.37983	-0.71227	1.36309	-0.34537	-0.70987	1.36723	-0.39401	-0.70336	1.30374	-0.34945	-0.69124	1.32446	-0.41330	-0.85370	1.47849	-0.55788	-0.88459	1.12030	-0.62323	-0.68232	0.93764	-0.63772	-0.73874	0.91934	-0.67951	-0.68084	0.88004	-0.68840	-0.86970	1.44673	-0.16789	-0.99861	1.12014	-0.16347	-0.95694	0.84935	-0.15760	-1.02599	0.85629	-0.13873	-0.99356	0.78895	-0.11349	-0.77592	1.05144	-0.49488	-0.95027	1.06377	-0.42127	-0.79519	1.06212	-0.24563	-0.95778	1.06307	-0.32462	-0.98300	1.06931	-0.34781	-0.98007	1.06868	-0.39690	-0.98548	1.00907	-0.34710	-0.99562	0.99585	-0.38352	-0.86687	0.62979	-0.54864	-0.87464	0.52072	-0.48673	-0.81048	0.79900	-0.55346	-0.86043	0.79869	-0.55681	-0.80972	0.73988	-0.54342	-0.87338	0.72300	-0.54635	-0.89751	0.35469	-0.52671	-0.96428	0.08282	-0.42421	-0.88915	0.34795	-0.35783	-0.85025	0.33783	-0.38843	-0.89947	0.28942	-0.35112	-0.84746	0.28861	-0.39123	-0.82416	0.04819	-0.39944	-0.82058	0.04343	-0.35155	-1.01687	0.04862	-0.38312	-0.92132	0.07404	-0.44281	-0.89647	0.10140	-0.40980	-0.87048	0.04584	-0.45730	-0.84180	0.06055	-0.43818	-0.66416	0.67730	-0.15294	-0.63347	0.55709	-0.20929	-0.69596	0.83520	-0.17755	-0.73677	0.81205	-0.15737	-0.66888	0.78285	-0.18322	-0.71045	0.73966	-0.15818	-0.68532	0.41608	-0.15618	-0.81701	0.15749	-0.22949	-0.66748	0.37423	-0.31468	-0.63996	0.35772	-0.27665	-0.69646	0.32200	-0.31623	-0.65311	0.31006	-0.26693	-0.69127	0.07958	-0.23134	-0.68098	0.07496	-0.26797	-0.86822	0.14444	-0.28028	-0.77253	0.13419	-0.19542	-0.74241	0.15347	-0.22939	-0.73086	0.09245	-0.18194	-0.70038	0.09791	-0.20208	-0.85385	0.97829	-0.28040	-0.83735	0.97366	-0.45902	-0.64947	0.54699	-0.25827	-0.87350	0.52351	-0.43432	-0.82316	0.16074	-0.26379	-0.96730	0.08701	-0.38959	-0.95403	1.06342	-0.37295	-0.78556	1.05678	-0.37026	
110	1.09000	-0.73670	1.71617	-0.41819	-0.72853	1.71564	-0.29752	-0.87557	1.62019	-0.40896	-0.85538	1.63326	-0.27379	-0.88582	1.51145	-0.36688	-0.75438	1.43269	-0.36222	-0.74404	1.26327	-0.36997	-0.94424	1.40553	-0.26060	-0.93929	1.23669	-0.37932	-0.70083	1.36103	-0.34458	-0.69788	1.36550	-0.39339	-0.69168	1.30186	-0.34886	-0.67993	1.32246	-0.41242	-0.84118	1.47731	-0.55747	-0.87159	1.11912	-0.62365	-0.66748	0.93892	-0.63839	-0.72356	0.91986	-0.68015	-0.66508	0.88142	-0.68923	-0.85757	1.44545	-0.16745	-0.99150	1.12122	-0.16445	-0.95321	0.84948	-0.15965	-1.02322	0.85774	-0.14101	-0.99208	0.78965	-0.11602	-0.76494	1.05000	-0.49482	-0.93926	1.06254	-0.42076	-0.78403	1.06072	-0.24547	-0.94665	1.06182	-0.32400	-0.97191	1.06814	-0.34717	-0.96905	1.06748	-0.39632	-0.97451	1.00791	-0.34642	-0.98454	0.99462	-0.38292	-0.86165	0.62926	-0.54903	-0.87139	0.52043	-0.48706	-0.80238	0.79785	-0.55343	-0.85236	0.79817	-0.55714	-0.80257	0.73872	-0.54351	-0.86636	0.72262	-0.54679	-0.89556	0.35459	-0.52701	-0.96413	0.08313	-0.42419	-0.88800	0.34766	-0.35775	-0.84793	0.33746	-0.38902	-0.89761	0.28936	-0.35145	-0.84602	0.28816	-0.39155	-0.82413	0.04815	-0.39950	-0.82052	0.04343	-0.35163	-1.01682	0.04909	-0.38297	-0.92130	0.07405	-0.44283	-0.89635	0.10145	-0.40989	-0.87045	0.04578	-0.45735	-0.84198	0.06049	-0.43834	-0.65139	0.67681	-0.15282	-0.61957	0.55712	-0.20891	-0.68502	0.83466	-0.17712	-0.72461	0.81108	-0.15740	-0.65705	0.78235	-0.18306	-0.69870	0.73899	-0.15820	-0.66368	0.41317	-0.15581	-0.78109	0.14709	-0.22945	-0.64421	0.37240	-0.31447	-0.61560	0.35766	-0.27645	-0.67060	0.31842	-0.31563	-0.62606	0.30923	-0.26672	-0.65117	0.07622	-0.23097	-0.64062	0.07240	-0.26766	-0.83134	0.13168	-0.28045	-0.73484	0.12625	-0.19563	-0.70627	0.14737	-0.22923	-0.69149	0.08702	-0.18183	-0.66113	0.09425	-0.20185	-0.84279	0.97695	-0.28023	-0.82643	0.97228	-0.45886	-0.63532	0.54698	-0.25796	-0.87029	0.52315	-0.43464	-0.78752	0.15005	-0.26373	-0.96708	0.08737	-0.38958	-0.94296	1.06218	-0.37238	-0.77449	1.05536	-0.37014	
111	1.10000	-0.72415	1.71450	-0.41758	-0.71593	1.71391	-0.29694	-0.86308	1.61859	-0.40838	-0.84287	1.63161	-0.27323	-0.87336	1.51006	-0.36634	-0.74252	1.43074	-0.36148	-0.73241	1.26144	-0.36951	-0.93203	1.40443	-0.26027	-0.92786	1.23556	-0.37886	-0.68878	1.35909	-0.34392	-0.68545	1.36357	-0.39286	-0.67971	1.29991	-0.34832	-0.66756	1.32058	-0.41202	-0.82855	1.47590	-0.55707	-0.85848	1.11772	-0.62385	-0.65242	0.93990	-0.63919	-0.70852	0.92005	-0.68070	-0.64956	0.88242	-0.68996	-0.84514	1.44391	-0.16695	-0.98406	1.12216	-0.16530	-0.95060	0.85009	-0.16185	-1.01986	0.85904	-0.14326	-0.98993	0.79027	-0.11854	-0.75411	1.04835	-0.49469	-0.92820	1.06116	-0.42018	-0.77271	1.05915	-0.24540	-0.93555	1.06038	-0.32344	-0.96069	1.06661	-0.34651	-0.95799	1.06608	-0.39565	-0.96330	1.00644	-0.34582	-0.97339	0.99320	-0.38226	-0.85603	0.62867	-0.54944	-0.86767	0.52004	-0.48722	-0.79406	0.79654	-0.55339	-0.84401	0.79757	-0.55749	-0.79506	0.73739	-0.54339	-0.85916	0.72224	-0.54732	-0.89350	0.35450	-0.52728	-0.96401	0.08340	-0.42418	-0.88577	0.34753	-0.35807	-0.84633	0.33694	-0.38915	-0.89596	0.28926	-0.35167	-0.84431	0.28775	-0.39187	-0.82412	0.04809	-0.39961	-0.82049	0.04338	-0.35171	-1.01683	0.04964	-0.38289	-0.92126	0.07405	-0.44294	-0.89630	0.10144	-0.40999	-0.87047	0.04572	-0.45741	-0.84242	0.06033	-0.43856	-0.63975	0.67571	-0.15265	-0.60634	0.55662	-0.20855	-0.67364	0.83328	-0.17694	-0.71447	0.80968	-0.15735	-0.64575	0.78116	-0.18319	-0.68770	0.73750	-0.15870	-0.64280	0.41037	-0.15541	-0.74377	0.13773	-0.22904	-0.62089	0.37089	-0.31407	-0.59192	0.35752	-0.27605	-0.64424	0.31531	-0.31546	-0.59976	0.30855	-0.26636	-0.61134	0.07365	-0.23112	-0.60005	0.07091	-0.26778	-0.79459	0.11958	-0.28031	-0.69783	0.11930	-0.19558	-0.66992	0.14191	-0.22930	-0.65190	0.08230	-0.18194	-0.62191	0.09125	-0.20196	-0.83163	0.97543	-0.27998	-0.81561	0.97071	-0.45865	-0.62148	0.54665	-0.25782	-0.86668	0.52272	-0.43479	-0.75017	0.14022	-0.26336	-0.96682	0.08765	-0.38955	-0.93187	1.06077	-0.37181	-0.76341	1.05375	-0.37004	
112	1.11000	-0.71162	1.71265	-0.41690	-0.70329	1.71195	-0.29631	-0.85050	1.61680	-0.40781	-0.83030	1.62969	-0.27261	-0.86093	1.50841	-0.36582	-0.73084	1.42873	-0.36069	-0.72053	1.25943	-0.36899	-0.91980	1.40317	-0.25996	-0.91635	1.23413	-0.37831	-0.67628	1.35701	-0.34355	-0.67320	1.36146	-0.39223	-0.66789	1.29768	-0.34763	-0.65636	1.31810	-0.41113	-0.81598	1.47432	-0.55657	-0.84540	1.11610	-0.62400	-0.63780	0.94034	-0.63964	-0.69373	0.91987	-0.68107	-0.63427	0.88299	-0.69056	-0.83285	1.44227	-0.16639	-0.97636	1.12287	-0.16609	-0.94676	0.85036	-0.16352	-1.01591	0.86018	-0.14547	-0.98711	0.79076	-0.12108	-0.74292	1.04670	-0.49453	-0.91703	1.05956	-0.41953	-0.76135	1.05738	-0.24519	-0.92427	1.05871	-0.32281	-0.94950	1.06502	-0.34587	-0.94679	1.06448	-0.39503	-0.95197	1.00479	-0.34523	-0.96221	0.99159	-0.38165	-0.85018	0.62798	-0.54973	-0.86377	0.51963	-0.48748	-0.78592	0.79522	-0.55303	-0.83553	0.79688	-0.55771	-0.78747	0.73605	-0.54327	-0.85173	0.72174	-0.54783	-0.89122	0.35437	-0.52758	-0.96380	0.08374	-0.42420	-0.88288	0.34741	-0.35814	-0.84422	0.33649	-0.38947	-0.89412	0.28921	-0.35187	-0.84127	0.28765	-0.39219	-0.82406	0.04808	-0.39970	-0.82015	0.04339	-0.35191	-1.01682	0.05030	-0.38285	-0.92122	0.07407	-0.44305	-0.89622	0.10145	-0.41016	-0.87049	0.04564	-0.45748	-0.84240	0.06026	-0.43866	-0.62923	0.67390	-0.15221	-0.59385	0.55558	-0.20803	-0.66262	0.83101	-0.17675	-0.70431	0.80751	-0.15745	-0.63565	0.77910	-0.18304	-0.67763	0.73528	-0.15920	-0.62316	0.40770	-0.15496	-0.70715	0.12925	-0.22909	-0.59819	0.36930	-0.31374	-0.56868	0.35760	-0.27562	-0.61815	0.31238	-0.31522	-0.57365	0.30825	-0.26600	-0.57190	0.07216	-0.23147	-0.56022	0.07039	-0.26806	-0.75682	0.10824	-0.28101	-0.65989	0.11314	-0.19584	-0.63357	0.13737	-0.22948	-0.61250	0.07855	-0.18232	-0.58273	0.08934	-0.20237	-0.82033	0.97371	-0.27979	-0.80443	0.96906	-0.45847	-0.60800	0.54600	-0.25767	-0.86288	0.52226	-0.43506	-0.71319	0.13126	-0.26351	-0.96652	0.08801	-0.38957	-0.92065	1.05914	-0.37117	-0.75214	1.05204	-0.36986	
113	1.12000	-0.69901	1.71060	-0.41626	-0.69056	1.70982	-0.29562	-0.83796	1.61485	-0.40706	-0.81764	1.62761	-0.27190	-0.84843	1.50660	-0.36521	-0.71765	1.42650	-0.36036	-0.70900	1.25721	-0.36853	-0.90749	1.40176	-0.25949	-0.90473	1.23251	-0.37771	-0.66579	1.35417	-0.34225	-0.66146	1.35897	-0.39155	-0.65593	1.29534	-0.34702	-0.64365	1.31589	-0.41074	-0.80340	1.47251	-0.55607	-0.83224	1.11425	-0.62404	-0.62308	0.94048	-0.64015	-0.67909	0.91931	-0.68134	-0.61934	0.88316	-0.69105	-0.82048	1.44049	-0.16578	-0.96838	1.12342	-0.16681	-0.94082	0.84994	-0.16547	-1.01134	0.86088	-0.14729	-0.98359	0.79114	-0.12361	-0.73180	1.04488	-0.49430	-0.90579	1.05779	-0.41888	-0.74996	1.05543	-0.24490	-0.91297	1.05685	-0.32214	-0.93812	1.06312	-0.34523	-0.93547	1.06264	-0.39435	-0.94059	1.00293	-0.34462	-0.95081	0.98976	-0.38103	-0.84411	0.62722	-0.55013	-0.85963	0.51920	-0.48783	-0.77743	0.79379	-0.55274	-0.82699	0.79618	-0.55797	-0.77968	0.73469	-0.54314	-0.84386	0.72110	-0.54835	-0.88884	0.35426	-0.52780	-0.96360	0.08415	-0.42410	-0.88040	0.34723	-0.35848	-0.84208	0.33594	-0.38976	-0.89231	0.28924	-0.35208	-0.83948	0.28713	-0.39252	-0.82410	0.04799	-0.39982	-0.82014	0.04337	-0.35202	-1.01674	0.05098	-0.38271	-0.92116	0.07410	-0.44315	-0.89615	0.10152	-0.41030	-0.87048	0.04557	-0.45756	-0.84238	0.06018	-0.43876	-0.61990	0.67126	-0.15161	-0.58192	0.55410	-0.20762	-0.65506	0.82850	-0.17579	-0.69465	0.80458	-0.15764	-0.62596	0.77607	-0.18299	-0.66854	0.73226	-0.15971	-0.60502	0.40483	-0.15452	-0.66996	0.12137	-0.22977	-0.57761	0.36756	-0.31285	-0.54618	0.35781	-0.27524	-0.59260	0.30987	-0.31517	-0.54832	0.30827	-0.26567	-0.53278	0.07198	-0.23225	-0.51851	0.07201	-0.26906	-0.71910	0.09769	-0.28167	-0.62230	0.10773	-0.19627	-0.59701	0.13382	-0.22993	-0.57301	0.07606	-0.18307	-0.54386	0.08873	-0.20316	-0.80900	0.97179	-0.27950	-0.79330	0.96725	-0.45820	-0.59453	0.54520	-0.25780	-0.85890	0.52177	-0.43540	-0.67501	0.12287	-0.26437	-0.96621	0.08846	-0.38947	-0.90938	1.05732	-0.37051	-0.74088	1.05015	-0.36960	
114	1.13000	-0.68639	1.70843	-0.41551	-0.67788	1.70754	-0.29489	-0.82535	1.61275	-0.40636	-0.80501	1.62542	-0.27120	-0.83598	1.50465	-0.36460	-0.70543	1.42431	-0.35966	-0.69721	1.25488	-0.36801	-0.89520	1.40022	-0.25899	-0.89312	1.23075	-0.37704	-0.65330	1.35181	-0.34170	-0.64926	1.35645	-0.39086	-0.64435	1.29269	-0.34631	-0.63250	1.31318	-0.40977	-0.79080	1.47058	-0.55550	-0.81908	1.11227	-0.62395	-0.60885	0.94007	-0.64057	-0.66470	0.91843	-0.68160	-0.60462	0.88290	-0.69148	-0.80798	1.43859	-0.16518	-0.96002	1.12378	-0.16747	-0.93668	0.85026	-0.16745	-1.00615	0.86162	-0.14942	-0.97924	0.79131	-0.12616	-0.72061	1.04290	-0.49393	-0.89448	1.05587	-0.41826	-0.73847	1.05322	-0.24450	-0.90144	1.05478	-0.32155	-0.92667	1.06109	-0.34453	-0.92411	1.06065	-0.39369	-0.92901	1.00080	-0.34401	-0.93929	0.98770	-0.38041	-0.83771	0.62647	-0.55045	-0.85545	0.51877	-0.48801	-0.76853	0.79228	-0.55266	-0.81810	0.79526	-0.55836	-0.77162	0.73329	-0.54309	-0.83598	0.72050	-0.54901	-0.88649	0.35420	-0.52806	-0.96342	0.08469	-0.42403	-0.87785	0.34702	-0.35875	-0.83953	0.33547	-0.39020	-0.89022	0.28914	-0.35227	-0.83740	0.28660	-0.39294	-0.82409	0.04794	-0.39993	-0.81939	0.04343	-0.35268	-1.01670	0.05185	-0.38244	-0.92108	0.07418	-0.44324	-0.89598	0.10158	-0.41045	-0.87051	0.04549	-0.45764	-0.84232	0.06010	-0.43888	-0.61197	0.66757	-0.15093	-0.57066	0.55209	-0.20724	-0.64485	0.82468	-0.17551	-0.68595	0.80100	-0.15752	-0.61706	0.77231	-0.18257	-0.65999	0.72856	-0.16018	-0.58737	0.40154	-0.15418	-0.63339	0.11453	-0.23028	-0.55637	0.36631	-0.31263	-0.52441	0.35825	-0.27503	-0.56782	0.30771	-0.31520	-0.52380	0.30867	-0.26566	-0.49419	0.07327	-0.23340	-0.47980	0.07422	-0.27001	-0.68147	0.08782	-0.28240	-0.58521	0.10365	-0.19696	-0.56143	0.13117	-0.23057	-0.53441	0.07483	-0.18397	-0.50575	0.08934	-0.20430	-0.79760	0.96965	-0.27911	-0.78211	0.96527	-0.45783	-0.58111	0.54426	-0.25809	-0.85507	0.52134	-0.43557	-0.63733	0.11561	-0.26504	-0.96595	0.08904	-0.38939	-0.89796	1.05533	-0.36991	-0.72954	1.04806	-0.36921	
115	1.14000	-0.67367	1.70613	-0.41474	-0.66513	1.70500	-0.29403	-0.81276	1.61059	-0.40555	-0.79223	1.62310	-0.27042	-0.82353	1.50266	-0.36391	-0.69210	1.42201	-0.35917	-0.68545	1.25246	-0.36736	-0.88284	1.39849	-0.25845	-0.88153	1.22886	-0.37630	-0.63990	1.34955	-0.34153	-0.63709	1.35387	-0.39014	-0.63219	1.29011	-0.34559	-0.61963	1.31093	-0.40950	-0.77832	1.46853	-0.55491	-0.80593	1.11008	-0.62366	-0.59463	0.93925	-0.64073	-0.65055	0.91722	-0.68167	-0.59014	0.88222	-0.69174	-0.79547	1.43647	-0.16447	-0.95129	1.12387	-0.16806	-0.93117	0.85016	-0.16962	-1.00040	0.86220	-0.15140	-0.97435	0.79134	-0.12864	-0.70918	1.04085	-0.49361	-0.88302	1.05379	-0.41764	-0.72668	1.05089	-0.24404	-0.89011	1.05255	-0.32086	-0.91515	1.05886	-0.34384	-0.91259	1.05851	-0.39298	-0.91752	0.99858	-0.34344	-0.92761	0.98552	-0.37988	-0.83108	0.62572	-0.55072	-0.85099	0.51841	-0.48826	-0.75948	0.79072	-0.55265	-0.80901	0.79419	-0.55885	-0.76346	0.73177	-0.54297	-0.82794	0.71972	-0.54946	-0.88404	0.35425	-0.52830	-0.96319	0.08529	-0.42389	-0.87483	0.34694	-0.35902	-0.83687	0.33495	-0.39062	-0.88769	0.28914	-0.35248	-0.83518	0.28609	-0.39337	-0.82403	0.04787	-0.40007	-0.81982	0.04337	-0.35237	-1.01672	0.05293	-0.38230	-0.92093	0.07429	-0.44332	-0.89576	0.10170	-0.41063	-0.87047	0.04544	-0.45769	-0.84222	0.06002	-0.43905	-0.60537	0.66305	-0.15031	-0.56015	0.54949	-0.20708	-0.63612	0.82053	-0.17474	-0.67673	0.79691	-0.15763	-0.60861	0.76788	-0.18196	-0.65222	0.72435	-0.16040	-0.56930	0.39819	-0.15411	-0.59778	0.10816	-0.23141	-0.53533	0.36541	-0.31279	-0.50329	0.35893	-0.27514	-0.54434	0.30595	-0.31544	-0.49983	0.30943	-0.26603	-0.45614	0.07598	-0.23494	-0.44154	0.07784	-0.27155	-0.64370	0.07927	-0.28332	-0.54886	0.10069	-0.19787	-0.52642	0.12975	-0.23169	-0.49592	0.07497	-0.18540	-0.46829	0.09125	-0.20561	-0.78587	0.96737	-0.27872	-0.77064	0.96319	-0.45746	-0.56783	0.54310	-0.25862	-0.85092	0.52096	-0.43583	-0.60082	0.10901	-0.26627	-0.96559	0.08966	-0.38925	-0.88656	1.05317	-0.36925	-0.71793	1.04587	-0.36883	
116	1.15000	-0.66092	1.70383	-0.41392	-0.65221	1.70252	-0.29323	-0.80010	1.60840	-0.40476	-0.77954	1.62078	-0.26959	-0.81101	1.50057	-0.36321	-0.67978	1.41945	-0.35840	-0.67342	1.24997	-0.36674	-0.87038	1.39662	-0.25784	-0.86976	1.22689	-0.37555	-0.62819	1.34670	-0.34062	-0.62512	1.35104	-0.38930	-0.62055	1.28725	-0.34472	-0.60635	1.30818	-0.40893	-0.76574	1.46635	-0.55428	-0.79278	1.10776	-0.62331	-0.58066	0.93810	-0.64082	-0.63654	0.91571	-0.68161	-0.57593	0.88108	-0.69187	-0.78289	1.43427	-0.16373	-0.94223	1.12380	-0.16861	-0.92527	0.85009	-0.17217	-0.99408	0.86277	-0.15357	-0.96879	0.79118	-0.13103	-0.69621	1.03908	-0.49338	-0.87182	1.05184	-0.41715	-0.71483	1.04840	-0.24354	-0.87834	1.05011	-0.32021	-0.90348	1.05639	-0.34317	-0.90098	1.05619	-0.39228	-0.90571	0.99616	-0.34287	-0.91596	0.98316	-0.37931	-0.82431	0.62499	-0.55088	-0.84636	0.51812	-0.48848	-0.75032	0.78908	-0.55251	-0.79969	0.79310	-0.55933	-0.75500	0.73018	-0.54281	-0.81960	0.71892	-0.54984	-0.88163	0.35436	-0.52855	-0.96290	0.08595	-0.42380	-0.87164	0.34683	-0.35931	-0.83392	0.33453	-0.39110	-0.88521	0.28920	-0.35274	-0.83285	0.28560	-0.39386	-0.82387	0.04780	-0.40027	-0.81981	0.04337	-0.35250	-1.01653	0.05408	-0.38207	-0.92073	0.07444	-0.44347	-0.89548	0.10187	-0.41084	-0.87023	0.04524	-0.45785	-0.84197	0.05984	-0.43927	-0.59947	0.65807	-0.14977	-0.55031	0.54624	-0.20717	-0.62749	0.81590	-0.17361	-0.66874	0.79271	-0.15708	-0.60051	0.76300	-0.18112	-0.64474	0.71984	-0.16030	-0.55110	0.39488	-0.15438	-0.56249	0.10280	-0.23267	-0.51598	0.36431	-0.31302	-0.48306	0.35966	-0.27568	-0.52045	0.30467	-0.31616	-0.47643	0.31055	-0.26681	-0.41808	0.08021	-0.23697	-0.40457	0.08253	-0.27334	-0.60443	0.07123	-0.28377	-0.51262	0.09861	-0.19909	-0.49209	0.12916	-0.23299	-0.45839	0.07612	-0.18688	-0.43181	0.09411	-0.20722	-0.77378	0.96493	-0.27887	-0.75777	0.96127	-0.45756	-0.55500	0.54140	-0.25923	-0.84636	0.52068	-0.43604	-0.56480	0.10352	-0.26758	-0.96506	0.09032	-0.38914	-0.87508	1.05097	-0.36868	-0.70552	1.04374	-0.36846	
117	1.16000	-0.64811	1.70148	-0.41298	-0.63932	1.69996	-0.29232	-0.78741	1.60627	-0.40388	-0.76666	1.61835	-0.26871	-0.79835	1.49840	-0.36245	-0.66805	1.41683	-0.35753	-0.66200	1.24728	-0.36590	-0.85790	1.39463	-0.25713	-0.85793	1.22484	-0.37470	-0.61551	1.34406	-0.33997	-0.61285	1.34818	-0.38839	-0.60820	1.28466	-0.34416	-0.59570	1.30510	-0.40776	-0.75324	1.46409	-0.55364	-0.77952	1.10535	-0.62281	-0.56705	0.93653	-0.64081	-0.62281	0.91395	-0.68155	-0.56210	0.87965	-0.69197	-0.77027	1.43201	-0.16296	-0.93283	1.12351	-0.16908	-0.91767	0.84926	-0.17359	-0.98707	0.86276	-0.15535	-0.96250	0.79080	-0.13341	-0.68428	1.03693	-0.49297	-0.86016	1.04950	-0.41651	-0.70285	1.04583	-0.24291	-0.86666	1.04756	-0.31950	-0.89173	1.05379	-0.34245	-0.88924	1.05372	-0.39157	-0.89387	0.99361	-0.34228	-0.90407	0.98067	-0.37871	-0.81717	0.62419	-0.55096	-0.84219	0.51775	-0.48847	-0.74090	0.78745	-0.55242	-0.79020	0.79200	-0.55971	-0.74645	0.72857	-0.54258	-0.81114	0.71816	-0.55014	-0.87887	0.35461	-0.52875	-0.96262	0.08685	-0.42366	-0.86834	0.34677	-0.35946	-0.83092	0.33412	-0.39146	-0.88243	0.28933	-0.35296	-0.83032	0.28516	-0.39427	-0.82386	0.04775	-0.40038	-0.81979	0.04334	-0.35265	-1.01640	0.05547	-0.38184	-0.92054	0.07462	-0.44359	-0.89509	0.10211	-0.41113	-0.87013	0.04518	-0.45790	-0.84179	0.05978	-0.43944	-0.59344	0.65277	-0.14914	-0.54070	0.54244	-0.20766	-0.61900	0.81111	-0.17249	-0.66125	0.78855	-0.15623	-0.59235	0.75804	-0.18026	-0.63744	0.71533	-0.15973	-0.53316	0.39142	-0.15480	-0.52782	0.09910	-0.23383	-0.49700	0.36335	-0.31369	-0.46384	0.36031	-0.27641	-0.49766	0.30341	-0.31733	-0.45435	0.31169	-0.26773	-0.38196	0.08538	-0.23897	-0.36890	0.08831	-0.27543	-0.56568	0.06410	-0.28569	-0.47703	0.09805	-0.20041	-0.45857	0.12970	-0.23418	-0.42162	0.07854	-0.18861	-0.39757	0.09772	-0.20916	-0.76175	0.96238	-0.27846	-0.74579	0.95903	-0.45717	-0.54264	0.53916	-0.26002	-0.84291	0.52044	-0.43604	-0.52947	0.09975	-0.26879	-0.96489	0.09129	-0.38902	-0.86341	1.04853	-0.36801	-0.69356	1.04138	-0.36794	
118	1.17000	-0.63518	1.69916	-0.41198	-0.62632	1.69740	-0.29131	-0.77467	1.60417	-0.40296	-0.75379	1.61596	-0.26780	-0.78582	1.49627	-0.36167	-0.65541	1.41434	-0.35667	-0.64981	1.24478	-0.36526	-0.84545	1.39262	-0.25645	-0.84611	1.22279	-0.37384	-0.60277	1.34160	-0.33929	-0.60052	1.34544	-0.38759	-0.59594	1.28193	-0.34334	-0.58333	1.30234	-0.40701	-0.74059	1.46180	-0.55301	-0.76637	1.10292	-0.62217	-0.55218	0.93497	-0.64080	-0.60931	0.91189	-0.68126	-0.54855	0.87779	-0.69186	-0.75765	1.42962	-0.16217	-0.92299	1.12295	-0.16937	-0.91086	0.84894	-0.17604	-0.97953	0.86264	-0.15706	-0.95556	0.79020	-0.13567	-0.67276	1.03469	-0.49243	-0.84841	1.04709	-0.41583	-0.69068	1.04330	-0.24224	-0.85464	1.04488	-0.31884	-0.87973	1.05117	-0.34164	-0.87741	1.05119	-0.39078	-0.88177	0.99090	-0.34165	-0.89212	0.97808	-0.37811	-0.81075	0.62386	-0.55115	-0.83682	0.51758	-0.48856	-0.73145	0.78583	-0.55232	-0.78066	0.79099	-0.55989	-0.73783	0.72706	-0.54248	-0.80264	0.71746	-0.55036	-0.87583	0.35490	-0.52886	-0.96270	0.08817	-0.42409	-0.86466	0.34676	-0.35972	-0.82756	0.33371	-0.39191	-0.87928	0.28954	-0.35315	-0.82753	0.28479	-0.39471	-0.82384	0.04768	-0.40054	-0.81971	0.04334	-0.35278	-1.01620	0.05703	-0.38170	-0.92025	0.07487	-0.44367	-0.89457	0.10242	-0.41159	-0.87020	0.04524	-0.45781	-0.84170	0.05975	-0.43948	-0.58782	0.64701	-0.14765	-0.53124	0.53830	-0.20851	-0.60995	0.80647	-0.17170	-0.65289	0.78444	-0.15536	-0.58413	0.75302	-0.17918	-0.63004	0.71114	-0.15858	-0.51564	0.38816	-0.15535	-0.49423	0.09651	-0.23487	-0.47853	0.36242	-0.31452	-0.44550	0.36092	-0.27734	-0.47653	0.30236	-0.31816	-0.43291	0.31311	-0.26893	-0.34630	0.09170	-0.24146	-0.33495	0.09484	-0.27776	-0.52930	0.05866	-0.28715	-0.44344	0.09790	-0.20195	-0.42663	0.13099	-0.23563	-0.38636	0.08187	-0.19055	-0.36268	0.10263	-0.21103	-0.74961	0.95983	-0.27776	-0.73412	0.95670	-0.45651	-0.53025	0.53673	-0.26098	-0.83713	0.52010	-0.43612	-0.49517	0.09714	-0.26985	-0.96475	0.09257	-0.38943	-0.85152	1.04598	-0.36734	-0.68172	1.03900	-0.36733	
119	1.18000	-0.62231	1.69688	-0.41092	-0.61332	1.69476	-0.29027	-0.76192	1.60213	-0.40194	-0.74089	1.61357	-0.26680	-0.77322	1.49406	-0.36088	-0.64250	1.41187	-0.35604	-0.63764	1.24225	-0.36461	-0.83284	1.39054	-0.25566	-0.83406	1.22069	-0.37291	-0.59032	1.33896	-0.33861	-0.58829	1.34277	-0.38684	-0.58358	1.27933	-0.34264	-0.57106	1.29960	-0.40626	-0.72797	1.45953	-0.55230	-0.75315	1.10045	-0.62151	-0.53888	0.93275	-0.64062	-0.59612	0.90960	-0.68093	-0.53537	0.87563	-0.69167	-0.74503	1.42721	-0.16136	-0.91270	1.12216	-0.16964	-0.90339	0.84825	-0.17768	-0.97145	0.86225	-0.15852	-0.94790	0.78937	-0.13781	-0.66128	1.03238	-0.49179	-0.83651	1.04468	-0.41502	-0.67842	1.04082	-0.24141	-0.84252	1.04218	-0.31801	-0.86758	1.04850	-0.34076	-0.86535	1.04866	-0.38989	-0.86957	0.98827	-0.34089	-0.87985	0.97544	-0.37741	-0.80346	0.62336	-0.55128	-0.83124	0.51736	-0.48866	-0.72195	0.78432	-0.55229	-0.77118	0.79002	-0.56000	-0.72908	0.72559	-0.54244	-0.79445	0.71689	-0.55086	-0.87243	0.35534	-0.52904	-0.96221	0.08933	-0.42410	-0.86060	0.34673	-0.35996	-0.82383	0.33328	-0.39227	-0.87611	0.28962	-0.35326	-0.82439	0.28438	-0.39512	-0.82379	0.04765	-0.40066	-0.81966	0.04334	-0.35295	-1.01598	0.05875	-0.38162	-0.91987	0.07518	-0.44387	-0.89409	0.10275	-0.41200	-0.86983	0.04512	-0.45800	-0.84136	0.05953	-0.43964	-0.58030	0.64213	-0.14616	-0.52243	0.53404	-0.20935	-0.60082	0.80201	-0.17095	-0.64330	0.78056	-0.15449	-0.57561	0.74821	-0.17812	-0.62256	0.70691	-0.15677	-0.49850	0.38550	-0.15612	-0.46190	0.09534	-0.23589	-0.46105	0.36159	-0.31571	-0.42805	0.36181	-0.27859	-0.45624	0.30155	-0.31913	-0.41313	0.31464	-0.27015	-0.31351	0.09843	-0.24394	-0.30262	0.10202	-0.28073	-0.49640	0.05602	-0.28713	-0.41062	0.09929	-0.20343	-0.39589	0.13339	-0.23716	-0.35263	0.08633	-0.19263	-0.33015	0.10839	-0.21335	-0.73739	0.95732	-0.27687	-0.72247	0.95432	-0.45567	-0.52014	0.53335	-0.26179	-0.83166	0.51981	-0.43622	-0.46269	0.09596	-0.27088	-0.96413	0.09374	-0.38943	-0.83952	1.04343	-0.36651	-0.66985	1.03660	-0.36660	
120	1.19000	-0.60937	1.69458	-0.40976	-0.60025	1.69213	-0.28908	-0.74918	1.60013	-0.40088	-0.72798	1.61114	-0.26574	-0.76059	1.49183	-0.35996	-0.63013	1.40950	-0.35523	-0.62546	1.23979	-0.36385	-0.82023	1.38841	-0.25490	-0.82184	1.21852	-0.37192	-0.57787	1.33640	-0.33778	-0.57572	1.34026	-0.38603	-0.57106	1.27679	-0.34183	-0.55837	1.29709	-0.40557	-0.71534	1.45724	-0.55156	-0.73998	1.09805	-0.62066	-0.52736	0.92981	-0.64001	-0.58319	0.90705	-0.68044	-0.52258	0.87306	-0.69130	-0.73229	1.42473	-0.16050	-0.90211	1.12114	-0.16970	-0.89422	0.84695	-0.17909	-0.96253	0.86153	-0.15991	-0.93967	0.78831	-0.13982	-0.65063	1.02985	-0.49097	-0.82449	1.04232	-0.41412	-0.66585	1.03834	-0.24056	-0.83017	1.03955	-0.31714	-0.85526	1.04585	-0.33979	-0.85317	1.04617	-0.38887	-0.85724	0.98564	-0.34004	-0.86758	0.97292	-0.37653	-0.79595	0.62278	-0.55140	-0.82506	0.51706	-0.48862	-0.71240	0.78284	-0.55239	-0.76158	0.78911	-0.56000	-0.72028	0.72421	-0.54253	-0.78552	0.71617	-0.55088	-0.86864	0.35567	-0.52911	-0.96157	0.09061	-0.42416	-0.85636	0.34661	-0.36002	-0.81982	0.33273	-0.39253	-0.87248	0.28973	-0.35351	-0.82092	0.28381	-0.39547	-0.82359	0.04774	-0.40096	-0.81964	0.04333	-0.35309	-1.01565	0.06069	-0.38164	-0.91944	0.07561	-0.44408	-0.89346	0.10314	-0.41234	-0.86963	0.04510	-0.45809	-0.84104	0.05939	-0.43979	-0.57319	0.63769	-0.14461	-0.51405	0.52985	-0.21018	-0.59129	0.79767	-0.17018	-0.63391	0.77706	-0.15314	-0.56674	0.74354	-0.17707	-0.61373	0.70289	-0.15497	-0.48179	0.38345	-0.15699	-0.43096	0.09520	-0.23653	-0.44509	0.36096	-0.31676	-0.41170	0.36295	-0.28006	-0.43706	0.30117	-0.32016	-0.39412	0.31675	-0.27179	-0.28278	0.10603	-0.24640	-0.27248	0.10975	-0.28380	-0.46369	0.05383	-0.28739	-0.37902	0.10193	-0.20486	-0.36657	0.13652	-0.23899	-0.32035	0.09199	-0.19487	-0.29852	0.11515	-0.21601	-0.72513	0.95486	-0.27551	-0.71157	0.95182	-0.45441	-0.51057	0.53002	-0.26256	-0.82556	0.51940	-0.43618	-0.43177	0.09578	-0.27152	-0.96334	0.09499	-0.38948	-0.82733	1.04094	-0.36563	-0.65824	1.03409	-0.36577	
121	1.20000	-0.59642	1.69235	-0.40846	-0.58709	1.68951	-0.28785	-0.73647	1.59822	-0.39975	-0.71509	1.60875	-0.26457	-0.74795	1.48958	-0.35902	-0.61743	1.40707	-0.35438	-0.61272	1.23747	-0.36317	-0.80747	1.38615	-0.25410	-0.80952	1.21634	-0.37082	-0.56473	1.33416	-0.33718	-0.56303	1.33789	-0.38528	-0.55851	1.27434	-0.34102	-0.54622	1.29461	-0.40464	-0.70265	1.45500	-0.55077	-0.72678	1.09567	-0.61965	-0.51459	0.92698	-0.63956	-0.57056	0.90436	-0.67986	-0.51003	0.87026	-0.69083	-0.71956	1.42227	-0.15962	-0.89105	1.11989	-0.16972	-0.88511	0.84581	-0.18062	-0.95311	0.86062	-0.16105	-0.93049	0.78705	-0.14163	-0.63867	1.02769	-0.49028	-0.81223	1.04002	-0.41307	-0.65314	1.03594	-0.23967	-0.81776	1.03700	-0.31600	-0.84286	1.04331	-0.33859	-0.84090	1.04377	-0.38772	-0.84466	0.98306	-0.33906	-0.85509	0.97042	-0.37559	-0.78837	0.62224	-0.55148	-0.81830	0.51668	-0.48857	-0.70290	0.78145	-0.55254	-0.75211	0.78823	-0.56003	-0.71150	0.72288	-0.54288	-0.77680	0.71553	-0.55080	-0.86392	0.35594	-0.52914	-0.96075	0.09203	-0.42436	-0.85184	0.34629	-0.36011	-0.81533	0.33205	-0.39277	-0.86817	0.28997	-0.35397	-0.81686	0.28339	-0.39595	-0.82347	0.04771	-0.40111	-0.81964	0.04328	-0.35321	-1.01541	0.06293	-0.38187	-0.91886	0.07615	-0.44443	-0.89265	0.10364	-0.41281	-0.86931	0.04513	-0.45815	-0.84064	0.05928	-0.43989	-0.56715	0.63290	-0.14350	-0.50564	0.52592	-0.21087	-0.58060	0.79337	-0.16955	-0.62393	0.77343	-0.15166	-0.55754	0.73888	-0.17645	-0.60454	0.69920	-0.15345	-0.46596	0.38187	-0.15793	-0.40156	0.09607	-0.23733	-0.42989	0.36066	-0.31796	-0.39637	0.36443	-0.28159	-0.41935	0.30116	-0.32129	-0.37634	0.31927	-0.27347	-0.25403	0.11377	-0.24922	-0.24449	0.11744	-0.28608	-0.43285	0.05276	-0.28788	-0.34902	0.10537	-0.20669	-0.33900	0.14024	-0.24103	-0.28969	0.09814	-0.19748	-0.26976	0.12213	-0.21869	-0.71245	0.95245	-0.27458	-0.69943	0.94958	-0.45353	-0.50025	0.52720	-0.26308	-0.81840	0.51883	-0.43612	-0.40208	0.09670	-0.27232	-0.96244	0.09641	-0.38968	-0.81499	1.03851	-0.36454	-0.64590	1.03182	-0.36497	
122	1.21000	-0.58345	1.69021	-0.40709	-0.57394	1.68695	-0.28650	-0.72362	1.59631	-0.39854	-0.70212	1.60640	-0.26336	-0.73517	1.48736	-0.35809	-0.60459	1.40480	-0.35348	-0.60011	1.23516	-0.36241	-0.79479	1.38388	-0.25328	-0.79705	1.21414	-0.36964	-0.55275	1.33162	-0.33603	-0.55038	1.33559	-0.38441	-0.54582	1.27206	-0.34019	-0.53351	1.29226	-0.40381	-0.69000	1.45283	-0.54993	-0.71363	1.09335	-0.61867	-0.50319	0.92392	-0.63893	-0.55824	0.90154	-0.67917	-0.49797	0.86710	-0.69013	-0.70676	1.41977	-0.15863	-0.87957	1.11848	-0.16968	-0.87426	0.84405	-0.18176	-0.94308	0.85949	-0.16209	-0.92071	0.78561	-0.14318	-0.62654	1.02559	-0.48965	-0.79992	1.03780	-0.41187	-0.64010	1.03361	-0.23884	-0.80519	1.03449	-0.31477	-0.83022	1.04080	-0.33724	-0.82843	1.04141	-0.38638	-0.83189	0.98060	-0.33793	-0.84261	0.96808	-0.37442	-0.78074	0.62178	-0.55142	-0.81087	0.51627	-0.48843	-0.69345	0.78011	-0.55271	-0.74324	0.78758	-0.56002	-0.70246	0.72160	-0.54316	-0.76790	0.71490	-0.55070	-0.85870	0.35617	-0.52911	-0.95974	0.09362	-0.42462	-0.84672	0.34612	-0.36024	-0.81052	0.33138	-0.39290	-0.86399	0.29007	-0.35404	-0.81309	0.28258	-0.39587	-0.82336	0.04769	-0.40122	-0.81957	0.04324	-0.35334	-1.01492	0.06540	-0.38219	-0.91809	0.07681	-0.44480	-0.89173	0.10419	-0.41322	-0.86886	0.04517	-0.45826	-0.84013	0.05913	-0.43998	-0.56126	0.62772	-0.14344	-0.49663	0.52246	-0.21152	-0.56928	0.78905	-0.16874	-0.61268	0.76977	-0.15005	-0.54698	0.73422	-0.17617	-0.59392	0.69516	-0.15223	-0.45121	0.38027	-0.15894	-0.37436	0.09778	-0.23858	-0.41550	0.36065	-0.31911	-0.38181	0.36599	-0.28300	-0.40197	0.30174	-0.32232	-0.35973	0.32175	-0.27500	-0.22730	0.12145	-0.25202	-0.21863	0.12539	-0.28946	-0.40413	0.05262	-0.28886	-0.32150	0.10887	-0.20866	-0.31331	0.14407	-0.24317	-0.26184	0.10421	-0.20002	-0.24315	0.12883	-0.22145	-0.69947	0.95009	-0.27368	-0.68711	0.94739	-0.45268	-0.48880	0.52509	-0.26337	-0.81022	0.51813	-0.43597	-0.37417	0.09867	-0.27357	-0.96127	0.09797	-0.38992	-0.80256	1.03615	-0.36332	-0.63332	1.02960	-0.36424	
123	1.22000	-0.57036	1.68820	-0.40562	-0.56090	1.68450	-0.28503	-0.71075	1.59452	-0.39730	-0.68913	1.60410	-0.26212	-0.72241	1.48528	-0.35698	-0.59171	1.40264	-0.35250	-0.58735	1.23303	-0.36168	-0.78193	1.38157	-0.25237	-0.78451	1.21209	-0.36849	-0.53986	1.32948	-0.33525	-0.53760	1.33351	-0.38358	-0.53298	1.26993	-0.33936	-0.52048	1.29041	-0.40305	-0.67715	1.45075	-0.54901	-0.70062	1.09114	-0.61753	-0.49099	0.92057	-0.63815	-0.54623	0.89853	-0.67832	-0.48625	0.86374	-0.68937	-0.69388	1.41732	-0.15768	-0.86769	1.11688	-0.16953	-0.86423	0.84275	-0.18327	-0.93239	0.85821	-0.16287	-0.90937	0.78375	-0.14505	-0.61424	1.02367	-0.48910	-0.78743	1.03569	-0.41054	-0.62702	1.03137	-0.23806	-0.79278	1.03218	-0.31311	-0.81801	1.03853	-0.33542	-0.81587	1.03920	-0.38488	-0.81921	0.97828	-0.33657	-0.82975	0.96572	-0.37309	-0.77273	0.62145	-0.55133	-0.80289	0.51579	-0.48830	-0.68383	0.77876	-0.55289	-0.73353	0.78674	-0.55976	-0.69318	0.72065	-0.54329	-0.75880	0.71427	-0.55029	-0.85297	0.35644	-0.52891	-0.95865	0.09544	-0.42502	-0.84117	0.34610	-0.36023	-0.80536	0.33074	-0.39286	-0.86013	0.29006	-0.35384	-0.80874	0.28191	-0.39584	-0.82319	0.04766	-0.40128	-0.81940	0.04321	-0.35349	-1.01437	0.06818	-0.38274	-0.91737	0.07744	-0.44507	-0.89061	0.10486	-0.41385	-0.86836	0.04524	-0.45832	-0.83954	0.05897	-0.44002	-0.55370	0.62295	-0.14439	-0.48683	0.51942	-0.21205	-0.55712	0.78485	-0.16778	-0.60078	0.76630	-0.14839	-0.53662	0.72980	-0.17603	-0.58392	0.69149	-0.15168	-0.43726	0.37834	-0.15972	-0.34967	0.09947	-0.24094	-0.40163	0.36075	-0.31977	-0.36822	0.36727	-0.28391	-0.38550	0.30247	-0.32352	-0.34399	0.32407	-0.27624	-0.20362	0.12804	-0.25455	-0.19499	0.13230	-0.29256	-0.37801	0.05315	-0.29093	-0.29711	0.11197	-0.21094	-0.28999	0.14767	-0.24547	-0.23716	0.10934	-0.20273	-0.21919	0.13462	-0.22452	-0.68641	0.94784	-0.27290	-0.67463	0.94537	-0.45194	-0.47703	0.52311	-0.26350	-0.80143	0.51733	-0.43584	-0.34870	0.10079	-0.27590	-0.96006	0.09976	-0.39032	-0.79011	1.03393	-0.36183	-0.62063	1.02752	-0.36358	
124	1.23000	-0.55737	1.68635	-0.40404	-0.54775	1.68224	-0.28349	-0.69784	1.59282	-0.39595	-0.67619	1.60195	-0.26072	-0.70948	1.48332	-0.35580	-0.57858	1.40075	-0.35154	-0.57451	1.23104	-0.36090	-0.76900	1.37934	-0.25131	-0.77193	1.21025	-0.36728	-0.52676	1.32761	-0.33443	-0.52477	1.33151	-0.38272	-0.52001	1.26795	-0.33853	-0.50741	1.28852	-0.40222	-0.66444	1.44883	-0.54800	-0.68749	1.08905	-0.61625	-0.47907	0.91702	-0.63718	-0.53456	0.89542	-0.67737	-0.47493	0.86009	-0.68836	-0.68100	1.41498	-0.15658	-0.85544	1.11516	-0.16927	-0.85311	0.84110	-0.18427	-0.92101	0.85666	-0.16340	-0.89820	0.78197	-0.14625	-0.60178	1.02187	-0.48856	-0.77471	1.03363	-0.40908	-0.61373	1.02924	-0.23745	-0.77980	1.02998	-0.31168	-0.80512	1.03628	-0.33398	-0.80319	1.03704	-0.38341	-0.80616	0.97600	-0.33511	-0.81669	0.96354	-0.37166	-0.76420	0.62100	-0.55112	-0.79375	0.51542	-0.48811	-0.67377	0.77760	-0.55308	-0.72352	0.78594	-0.55936	-0.68370	0.71945	-0.54357	-0.74949	0.71375	-0.54993	-0.84671	0.35677	-0.52871	-0.95771	0.09757	-0.42485	-0.83556	0.34596	-0.36012	-0.79976	0.33009	-0.39279	-0.85541	0.29029	-0.35384	-0.80408	0.28133	-0.39578	-0.82301	0.04765	-0.40137	-0.81953	0.04315	-0.35342	-1.01371	0.07138	-0.38327	-0.91630	0.07831	-0.44563	-0.88953	0.10577	-0.41436	-0.86764	0.04533	-0.45837	-0.83881	0.05882	-0.44010	-0.54361	0.61911	-0.14574	-0.47642	0.51669	-0.21241	-0.54470	0.78137	-0.16662	-0.58935	0.76308	-0.14753	-0.52639	0.72584	-0.17610	-0.57371	0.68845	-0.15159	-0.42381	0.37651	-0.16017	-0.32822	0.10068	-0.24372	-0.38792	0.36107	-0.32032	-0.35481	0.36831	-0.28444	-0.37015	0.30331	-0.32442	-0.32909	0.32590	-0.27714	-0.18260	0.13282	-0.25712	-0.17387	0.13793	-0.29505	-0.35482	0.05398	-0.29411	-0.27539	0.11431	-0.21349	-0.26929	0.15042	-0.24771	-0.21522	0.11312	-0.20545	-0.19829	0.13896	-0.22682	-0.67316	0.94570	-0.27222	-0.66196	0.94347	-0.45130	-0.46570	0.52089	-0.26363	-0.79124	0.51658	-0.43568	-0.32685	0.10239	-0.27865	-0.95888	0.10186	-0.39013	-0.77725	1.03180	-0.36038	-0.60775	1.02556	-0.36301	
125	1.24000	-0.54437	1.68468	-0.40241	-0.53467	1.68017	-0.28185	-0.68487	1.59124	-0.39450	-0.66310	1.59992	-0.25928	-0.69654	1.48149	-0.35462	-0.56547	1.39902	-0.35049	-0.56131	1.22925	-0.36002	-0.75596	1.37720	-0.25019	-0.75902	1.20842	-0.36604	-0.51358	1.32576	-0.33348	-0.51194	1.32971	-0.38177	-0.50683	1.26615	-0.33770	-0.49424	1.28680	-0.40141	-0.65148	1.44701	-0.54696	-0.67454	1.08712	-0.61491	-0.46770	0.91342	-0.63619	-0.52321	0.89222	-0.67622	-0.46404	0.85635	-0.68726	-0.66800	1.41271	-0.15544	-0.84270	1.11328	-0.16899	-0.84080	0.83918	-0.18502	-0.90906	0.85474	-0.16343	-0.88635	0.78005	-0.14718	-0.58770	1.02044	-0.48832	-0.76192	1.03169	-0.40776	-0.60041	1.02735	-0.23696	-0.76681	1.02801	-0.31025	-0.79221	1.03423	-0.33251	-0.79035	1.03500	-0.38196	-0.79296	0.97392	-0.33370	-0.80368	0.96144	-0.37024	-0.75492	0.62056	-0.55092	-0.78487	0.51499	-0.48765	-0.66345	0.77643	-0.55303	-0.71325	0.78520	-0.55878	-0.67366	0.71834	-0.54368	-0.73955	0.71311	-0.54929	-0.83999	0.35720	-0.52851	-0.95584	0.09989	-0.42517	-0.82952	0.34593	-0.35991	-0.79424	0.32937	-0.39238	-0.85043	0.29065	-0.35383	-0.79920	0.28081	-0.39563	-0.82283	0.04768	-0.40134	-0.81926	0.04307	-0.35359	-1.01275	0.07489	-0.38399	-0.91508	0.07946	-0.44624	-0.88784	0.10665	-0.41495	-0.86695	0.04551	-0.45840	-0.83779	0.05869	-0.44012	-0.53128	0.61614	-0.14684	-0.46539	0.51435	-0.21252	-0.53224	0.77895	-0.16535	-0.57834	0.76087	-0.14681	-0.51440	0.72332	-0.17542	-0.56256	0.68623	-0.15171	-0.41068	0.37469	-0.16076	-0.30950	0.10137	-0.24649	-0.37428	0.36136	-0.32082	-0.34141	0.36893	-0.28464	-0.35525	0.30396	-0.32550	-0.31472	0.32710	-0.27773	-0.16390	0.13543	-0.25988	-0.15545	0.14195	-0.29726	-0.33444	0.05428	-0.29772	-0.25616	0.11521	-0.21610	-0.25100	0.15182	-0.24954	-0.19607	0.11486	-0.20802	-0.17981	0.14128	-0.22889	-0.65956	0.94374	-0.27218	-0.64784	0.94185	-0.45123	-0.45466	0.51850	-0.26375	-0.78170	0.51596	-0.43525	-0.30802	0.10337	-0.28140	-0.95698	0.10416	-0.39045	-0.76437	1.02985	-0.35900	-0.59406	1.02389	-0.36264	
126	1.25000	-0.53137	1.68318	-0.40068	-0.52158	1.67832	-0.28013	-0.67186	1.58979	-0.39294	-0.65004	1.59808	-0.25775	-0.68341	1.47982	-0.35328	-0.55229	1.39733	-0.34938	-0.54825	1.22757	-0.35921	-0.74284	1.37525	-0.24901	-0.74596	1.20676	-0.36494	-0.50104	1.32391	-0.33245	-0.49851	1.32817	-0.38086	-0.49364	1.26453	-0.33686	-0.48111	1.28527	-0.40051	-0.63834	1.44539	-0.54583	-0.66170	1.08542	-0.61346	-0.45644	0.90964	-0.63500	-0.51235	0.88902	-0.67498	-0.45374	0.85246	-0.68600	-0.65482	1.41054	-0.15425	-0.82957	1.11129	-0.16861	-0.82886	0.83745	-0.18540	-0.89635	0.85290	-0.16364	-0.87378	0.77801	-0.14787	-0.57461	1.01882	-0.48793	-0.74880	1.02978	-0.40640	-0.58721	1.02572	-0.23645	-0.75354	1.02628	-0.30892	-0.77904	1.03233	-0.33113	-0.77731	1.03309	-0.38068	-0.77965	0.97206	-0.33225	-0.79039	0.95952	-0.36874	-0.74554	0.62022	-0.55028	-0.77544	0.51466	-0.48725	-0.65271	0.77535	-0.55271	-0.70229	0.78447	-0.55791	-0.66301	0.71731	-0.54351	-0.72892	0.71250	-0.54848	-0.83295	0.35779	-0.52823	-0.95432	0.10221	-0.42573	-0.82304	0.34599	-0.35977	-0.78800	0.32881	-0.39225	-0.84464	0.29128	-0.35409	-0.79389	0.28039	-0.39556	-0.82255	0.04773	-0.40146	-0.81933	0.04302	-0.35359	-1.01156	0.07888	-0.38502	-0.91351	0.08082	-0.44701	-0.88583	0.10772	-0.41561	-0.86621	0.04556	-0.45844	-0.83675	0.05854	-0.44022	-0.51783	0.61433	-0.14695	-0.45372	0.51244	-0.21264	-0.51910	0.77754	-0.16452	-0.56597	0.75944	-0.14647	-0.50147	0.72190	-0.17429	-0.54998	0.68484	-0.15158	-0.39779	0.37283	-0.16144	-0.29323	0.10097	-0.24920	-0.36043	0.36132	-0.32131	-0.32810	0.36885	-0.28482	-0.34085	0.30416	-0.32650	-0.30096	0.32728	-0.27826	-0.14788	0.13654	-0.26189	-0.13972	0.14365	-0.29911	-0.31774	0.05435	-0.30070	-0.23992	0.11448	-0.21834	-0.23508	0.15182	-0.25115	-0.17977	0.11469	-0.21029	-0.16392	0.14161	-0.23054	-0.64626	0.94203	-0.27169	-0.63463	0.94015	-0.45075	-0.44368	0.51629	-0.26403	-0.77155	0.51536	-0.43490	-0.29186	0.10317	-0.28410	-0.95543	0.10643	-0.39100	-0.75117	1.02803	-0.35766	-0.58091	1.02227	-0.36219	
127	1.26000	-0.51823	1.68189	-0.39887	-0.50835	1.67673	-0.27839	-0.65875	1.58845	-0.39136	-0.63684	1.59638	-0.25610	-0.67030	1.47837	-0.35200	-0.53949	1.39577	-0.34808	-0.53479	1.22616	-0.35839	-0.72957	1.37345	-0.24775	-0.73276	1.20527	-0.36397	-0.48779	1.32234	-0.33144	-0.48493	1.32697	-0.37992	-0.48022	1.26305	-0.33604	-0.46796	1.28382	-0.39952	-0.62509	1.44400	-0.54460	-0.64885	1.08397	-0.61193	-0.44567	0.90577	-0.63369	-0.50198	0.88583	-0.67356	-0.44379	0.84854	-0.68458	-0.64155	1.40850	-0.15297	-0.81604	1.10925	-0.16812	-0.81548	0.83551	-0.18570	-0.88301	0.85086	-0.16354	-0.86053	0.77587	-0.14827	-0.56119	1.01724	-0.48742	-0.73540	1.02797	-0.40511	-0.57380	1.02451	-0.23596	-0.73952	1.02468	-0.30810	-0.76530	1.03068	-0.33018	-0.76389	1.03127	-0.37934	-0.76604	0.97039	-0.33083	-0.77685	0.95770	-0.36726	-0.73558	0.62004	-0.54963	-0.76546	0.51430	-0.48668	-0.64148	0.77435	-0.55213	-0.69110	0.78381	-0.55678	-0.65202	0.71639	-0.54315	-0.71803	0.71201	-0.54733	-0.82552	0.35851	-0.52802	-0.95264	0.10538	-0.42634	-0.81605	0.34607	-0.35958	-0.78132	0.32826	-0.39195	-0.83886	0.29187	-0.35414	-0.78824	0.28003	-0.39546	-0.82222	0.04777	-0.40147	-0.81952	0.04304	-0.35352	-1.01032	0.08337	-0.38602	-0.91163	0.08233	-0.44784	-0.88363	0.10884	-0.41642	-0.86508	0.04593	-0.45867	-0.83540	0.05836	-0.44038	-0.50387	0.61384	-0.14651	-0.44111	0.51102	-0.21275	-0.50573	0.77694	-0.16392	-0.55116	0.75879	-0.14648	-0.48701	0.72138	-0.17346	-0.53578	0.68402	-0.15137	-0.38574	0.37054	-0.16227	-0.27969	0.09965	-0.25159	-0.34691	0.36061	-0.32214	-0.31470	0.36798	-0.28545	-0.32727	0.30351	-0.32759	-0.28748	0.32634	-0.27894	-0.13439	0.13580	-0.26391	-0.12630	0.14323	-0.30096	-0.30396	0.05336	-0.30320	-0.22622	0.11295	-0.22053	-0.22161	0.15056	-0.25285	-0.16611	0.11328	-0.21238	-0.15030	0.14050	-0.23238	-0.63269	0.94066	-0.27107	-0.62106	0.93852	-0.45012	-0.43190	0.51454	-0.26432	-0.76089	0.51474	-0.43438	-0.27820	0.10208	-0.28648	-0.95375	0.10958	-0.39161	-0.73746	1.02633	-0.35661	-0.56749	1.02088	-0.36169	
128	1.27000	-0.50508	1.68079	-0.39699	-0.49522	1.67532	-0.27648	-0.64564	1.58728	-0.38957	-0.62362	1.59489	-0.25434	-0.65696	1.47705	-0.35061	-0.52583	1.39460	-0.34696	-0.52143	1.22489	-0.35747	-0.71623	1.37185	-0.24649	-0.71930	1.20390	-0.36316	-0.47482	1.32095	-0.33015	-0.47148	1.32589	-0.37905	-0.46669	1.26176	-0.33510	-0.45450	1.28253	-0.39861	-0.61170	1.44290	-0.54334	-0.63617	1.08286	-0.61031	-0.43442	0.90191	-0.63210	-0.49199	0.88274	-0.67192	-0.43461	0.84463	-0.68306	-0.62835	1.40665	-0.15167	-0.80222	1.10716	-0.16755	-0.80150	0.83334	-0.18541	-0.86897	0.84877	-0.16324	-0.84649	0.77364	-0.14836	-0.54754	1.01571	-0.48681	-0.72178	1.02636	-0.40399	-0.56014	1.02367	-0.23524	-0.72597	1.02348	-0.30700	-0.75161	1.02927	-0.32909	-0.75032	1.02969	-0.37824	-0.75241	0.96901	-0.32944	-0.76315	0.95618	-0.36580	-0.72506	0.61990	-0.54871	-0.75476	0.51397	-0.48598	-0.62975	0.77343	-0.55134	-0.67867	0.78302	-0.55521	-0.64045	0.71539	-0.54254	-0.70653	0.71144	-0.54611	-0.81746	0.35929	-0.52776	-0.95047	0.10872	-0.42725	-0.80864	0.34615	-0.35937	-0.77423	0.32779	-0.39170	-0.83307	0.29231	-0.35395	-0.78223	0.27964	-0.39531	-0.82168	0.04791	-0.40153	-0.81899	0.04307	-0.35380	-1.00872	0.08814	-0.38715	-0.90949	0.08396	-0.44869	-0.88113	0.11010	-0.41732	-0.86378	0.04621	-0.45900	-0.83417	0.05795	-0.44039	-0.48914	0.61382	-0.14624	-0.42745	0.51005	-0.21324	-0.49108	0.77672	-0.16367	-0.53582	0.75842	-0.14614	-0.47247	0.72120	-0.17334	-0.52078	0.68372	-0.15118	-0.37372	0.36806	-0.16353	-0.26861	0.09752	-0.25351	-0.33378	0.35909	-0.32329	-0.30149	0.36608	-0.28651	-0.31418	0.30190	-0.32902	-0.27478	0.32419	-0.28007	-0.12333	0.13322	-0.26597	-0.11545	0.14040	-0.30300	-0.29318	0.05132	-0.30513	-0.21515	0.11077	-0.22246	-0.21036	0.14829	-0.25498	-0.15504	0.11095	-0.21449	-0.13881	0.13808	-0.23486	-0.61891	0.93963	-0.27017	-0.60729	0.93701	-0.44922	-0.41911	0.51333	-0.26497	-0.74947	0.51411	-0.43374	-0.26697	0.10009	-0.28837	-0.95158	0.11285	-0.39251	-0.72388	1.02492	-0.35549	-0.55384	1.01969	-0.36102	
129	1.28000	-0.49201	1.67985	-0.39503	-0.48196	1.67412	-0.27457	-0.63244	1.58628	-0.38780	-0.61033	1.59357	-0.25254	-0.64364	1.47590	-0.34920	-0.51250	1.39351	-0.34560	-0.50768	1.22385	-0.35653	-0.70282	1.37038	-0.24530	-0.70564	1.20272	-0.36246	-0.45972	1.32000	-0.32946	-0.45783	1.32492	-0.37796	-0.45317	1.26070	-0.33413	-0.44086	1.28166	-0.39762	-0.59799	1.44207	-0.54208	-0.62354	1.08203	-0.60864	-0.42479	0.89802	-0.63035	-0.48248	0.87980	-0.67015	-0.42552	0.84072	-0.68117	-0.61510	1.40497	-0.15038	-0.78795	1.10499	-0.16682	-0.78676	0.83127	-0.18520	-0.85428	0.84651	-0.16270	-0.83178	0.77134	-0.14814	-0.53359	1.01418	-0.48599	-0.70781	1.02490	-0.40296	-0.54652	1.02308	-0.23428	-0.71187	1.02240	-0.30601	-0.73775	1.02817	-0.32804	-0.73635	1.02828	-0.37726	-0.73840	0.96788	-0.32816	-0.74919	0.95485	-0.36440	-0.71397	0.61974	-0.54771	-0.74347	0.51356	-0.48518	-0.61748	0.77252	-0.55036	-0.66642	0.78239	-0.55372	-0.62854	0.71453	-0.54155	-0.69471	0.71098	-0.54462	-0.80870	0.36007	-0.52733	-0.94798	0.11224	-0.42816	-0.80077	0.34628	-0.35912	-0.76673	0.32721	-0.39136	-0.82638	0.29290	-0.35384	-0.77585	0.27934	-0.39522	-0.82107	0.04805	-0.40165	-0.81883	0.04313	-0.35389	-1.00658	0.09343	-0.38823	-0.90725	0.08576	-0.44973	-0.87821	0.11144	-0.41832	-0.86251	0.04662	-0.45917	-0.83267	0.05772	-0.44049	-0.47330	0.61380	-0.14626	-0.41280	0.50946	-0.21399	-0.47569	0.77680	-0.16364	-0.52000	0.75830	-0.14563	-0.45719	0.72135	-0.17384	-0.50497	0.68366	-0.15109	-0.36120	0.36598	-0.16498	-0.25988	0.09453	-0.25522	-0.32061	0.35699	-0.32493	-0.28846	0.36332	-0.28809	-0.30240	0.29945	-0.33049	-0.26246	0.32099	-0.28171	-0.11448	0.12881	-0.26807	-0.10659	0.13565	-0.30495	-0.28519	0.04848	-0.30668	-0.20655	0.10760	-0.22435	-0.20139	0.14491	-0.25718	-0.14639	0.10726	-0.21640	-0.12962	0.13434	-0.23688	-0.60513	0.93882	-0.26906	-0.59329	0.93554	-0.44808	-0.40543	0.51252	-0.26588	-0.73752	0.51339	-0.43302	-0.25834	0.09711	-0.29009	-0.94918	0.11634	-0.39342	-0.70984	1.02365	-0.35448	-0.54006	1.01863	-0.36014	
130	1.29000	-0.47887	1.67913	-0.39301	-0.46878	1.67312	-0.27256	-0.61924	1.58544	-0.38595	-0.59713	1.59245	-0.25070	-0.63027	1.47493	-0.34779	-0.49856	1.39275	-0.34433	-0.49371	1.22308	-0.35546	-0.68929	1.36902	-0.24409	-0.69162	1.20158	-0.36183	-0.44631	1.31951	-0.32831	-0.44407	1.32425	-0.37670	-0.43934	1.25993	-0.33301	-0.42702	1.28109	-0.39640	-0.58402	1.44148	-0.54072	-0.61110	1.08157	-0.60692	-0.41532	0.89422	-0.62846	-0.47332	0.87691	-0.66824	-0.41703	0.83689	-0.67918	-0.60176	1.40349	-0.14904	-0.77350	1.10288	-0.16601	-0.77136	0.82909	-0.18441	-0.83890	0.84418	-0.16192	-0.81624	0.76899	-0.14759	-0.51947	1.01273	-0.48508	-0.69342	1.02357	-0.40193	-0.53333	1.02250	-0.23334	-0.69799	1.02164	-0.30484	-0.72389	1.02731	-0.32692	-0.72204	1.02713	-0.37642	-0.72416	0.96702	-0.32696	-0.73476	0.95374	-0.36315	-0.70205	0.61957	-0.54663	-0.73143	0.51305	-0.48442	-0.60464	0.77153	-0.54919	-0.65346	0.78164	-0.55210	-0.61592	0.71361	-0.54051	-0.68184	0.71039	-0.54276	-0.79937	0.36084	-0.52691	-0.94501	0.11618	-0.42926	-0.79230	0.34646	-0.35881	-0.75870	0.32670	-0.39095	-0.81930	0.29373	-0.35380	-0.76898	0.27912	-0.39508	-0.82033	0.04826	-0.40177	-0.81899	0.04322	-0.35379	-1.00420	0.09890	-0.38926	-0.90448	0.08782	-0.45074	-0.87500	0.11281	-0.41938	-0.86109	0.04702	-0.45934	-0.83104	0.05740	-0.44058	-0.45655	0.61381	-0.14678	-0.39744	0.50914	-0.21496	-0.46009	0.77716	-0.16357	-0.50391	0.75829	-0.14529	-0.44122	0.72190	-0.17437	-0.48870	0.68383	-0.15116	-0.34781	0.36444	-0.16633	-0.25323	0.09065	-0.25694	-0.30838	0.35417	-0.32695	-0.27604	0.35980	-0.29024	-0.29169	0.29626	-0.33228	-0.25097	0.31691	-0.28389	-0.10795	0.12294	-0.26973	-0.09950	0.12933	-0.30665	-0.27973	0.04500	-0.30822	-0.20028	0.10319	-0.22628	-0.19452	0.14022	-0.25924	-0.14017	0.10189	-0.21816	-0.12354	0.12835	-0.23848	-0.59177	0.93810	-0.26810	-0.57927	0.93420	-0.44706	-0.39125	0.51192	-0.26702	-0.72495	0.51264	-0.43232	-0.25227	0.09304	-0.29184	-0.94632	0.12027	-0.39452	-0.69570	1.02260	-0.35338	-0.52640	1.01762	-0.35921	
131	1.30000	-0.46571	1.67859	-0.39088	-0.45560	1.67230	-0.27043	-0.60597	1.58479	-0.38403	-0.58391	1.59149	-0.24878	-0.61683	1.47406	-0.34634	-0.48519	1.39208	-0.34277	-0.47983	1.22245	-0.35431	-0.67574	1.36779	-0.24292	-0.67736	1.20047	-0.36124	-0.43210	1.31906	-0.32715	-0.43010	1.32380	-0.37534	-0.42525	1.25944	-0.33176	-0.41277	1.28078	-0.39520	-0.57009	1.44108	-0.53929	-0.59866	1.08138	-0.60512	-0.40632	0.89050	-0.62639	-0.46457	0.87426	-0.66613	-0.40906	0.83315	-0.67704	-0.58841	1.40216	-0.14770	-0.75859	1.10069	-0.16496	-0.75525	0.82703	-0.18337	-0.82277	0.84193	-0.16117	-0.79992	0.76661	-0.14665	-0.50623	1.01102	-0.48382	-0.67868	1.02251	-0.40107	-0.51863	1.02229	-0.23218	-0.68326	1.02104	-0.30402	-0.70917	1.02662	-0.32611	-0.70738	1.02621	-0.37559	-0.70924	0.96628	-0.32580	-0.72012	0.95289	-0.36195	-0.68911	0.61910	-0.54550	-0.71859	0.51240	-0.48356	-0.59120	0.77057	-0.54791	-0.63999	0.78083	-0.55063	-0.60262	0.71263	-0.53930	-0.66853	0.70956	-0.54119	-0.78927	0.36166	-0.52646	-0.94156	0.12048	-0.43034	-0.78333	0.34638	-0.35841	-0.75004	0.32614	-0.39055	-0.81163	0.29463	-0.35383	-0.76145	0.27889	-0.39496	-0.81943	0.04850	-0.40197	-0.81871	0.04333	-0.35390	-1.00122	0.10483	-0.39066	-0.90133	0.09012	-0.45186	-0.87138	0.11431	-0.42066	-0.85941	0.04757	-0.45956	-0.82929	0.05701	-0.44065	-0.43927	0.61386	-0.14738	-0.38134	0.50898	-0.21608	-0.44451	0.77763	-0.16356	-0.48816	0.75833	-0.14500	-0.42528	0.72258	-0.17448	-0.47212	0.68401	-0.15132	-0.33390	0.36313	-0.16790	-0.24846	0.08669	-0.25876	-0.29754	0.35079	-0.32872	-0.26412	0.35567	-0.29284	-0.28226	0.29247	-0.33427	-0.24013	0.31224	-0.28661	-0.10315	0.11529	-0.27155	-0.09437	0.12097	-0.30850	-0.27685	0.04206	-0.30990	-0.19600	0.09812	-0.22821	-0.18931	0.13478	-0.26142	-0.13605	0.09539	-0.22003	-0.11831	0.12135	-0.24074	-0.57736	0.93775	-0.26604	-0.56589	0.93278	-0.44505	-0.37619	0.51168	-0.26826	-0.71206	0.51181	-0.43147	-0.24827	0.08886	-0.29369	-0.94309	0.12460	-0.39562	-0.68097	1.02177	-0.35254	-0.51243	1.01666	-0.35800	
132	1.31000	-0.45253	1.67825	-0.38872	-0.44241	1.67166	-0.26829	-0.59272	1.58431	-0.38211	-0.57064	1.59069	-0.24680	-0.60335	1.47323	-0.34478	-0.47154	1.39169	-0.34109	-0.46525	1.22211	-0.35301	-0.66217	1.36657	-0.24178	-0.66283	1.19940	-0.36061	-0.41910	1.31838	-0.32504	-0.41596	1.32372	-0.37383	-0.41104	1.25925	-0.33036	-0.39860	1.28071	-0.39372	-0.55596	1.44090	-0.53772	-0.58642	1.08145	-0.60330	-0.39754	0.88691	-0.62411	-0.45615	0.87179	-0.66402	-0.40149	0.82952	-0.67472	-0.57512	1.40104	-0.14632	-0.74351	1.09859	-0.16390	-0.73829	0.82493	-0.18197	-0.80593	0.83944	-0.15987	-0.78262	0.76422	-0.14546	-0.49128	1.00974	-0.48272	-0.66365	1.02163	-0.40017	-0.50350	1.02205	-0.23078	-0.66832	1.02067	-0.30319	-0.69429	1.02619	-0.32526	-0.69248	1.02547	-0.37473	-0.69459	0.96596	-0.32462	-0.70501	0.95217	-0.36076	-0.67593	0.61850	-0.54419	-0.70489	0.51162	-0.48274	-0.57714	0.76952	-0.54656	-0.62605	0.77986	-0.54903	-0.58860	0.71161	-0.53806	-0.65455	0.70863	-0.53971	-0.77876	0.36254	-0.52619	-0.93743	0.12537	-0.43154	-0.77335	0.34640	-0.35818	-0.74053	0.32546	-0.39040	-0.80289	0.29552	-0.35407	-0.75361	0.27850	-0.39503	-0.81856	0.04874	-0.40212	-0.81838	0.04346	-0.35399	-0.99785	0.11159	-0.39170	-0.89782	0.09252	-0.45311	-0.86685	0.11619	-0.42211	-0.85771	0.04820	-0.45988	-0.82737	0.05656	-0.44075	-0.42202	0.61410	-0.14802	-0.36484	0.50892	-0.21732	-0.42884	0.77821	-0.16294	-0.47261	0.75855	-0.14473	-0.40895	0.72339	-0.17424	-0.45585	0.68438	-0.15149	-0.32001	0.36159	-0.16968	-0.24429	0.08382	-0.26063	-0.28658	0.34814	-0.33100	-0.25236	0.35206	-0.29571	-0.27382	0.28908	-0.33651	-0.22956	0.30796	-0.28987	-0.09882	0.10705	-0.27317	-0.08907	0.11205	-0.30978	-0.27450	0.04074	-0.31210	-0.19231	0.09329	-0.23076	-0.18429	0.12976	-0.26399	-0.13254	0.08886	-0.22198	-0.11397	0.11450	-0.24253	-0.56231	0.93741	-0.26443	-0.55098	0.93171	-0.44343	-0.36049	0.51161	-0.26957	-0.69779	0.51071	-0.43073	-0.24474	0.08583	-0.29557	-0.93897	0.12944	-0.39681	-0.66598	1.02115	-0.35168	-0.49739	1.01590	-0.35675	
133	1.32000	-0.43932	1.67826	-0.38652	-0.42916	1.67139	-0.26610	-0.57940	1.58406	-0.38010	-0.55735	1.59019	-0.24479	-0.58990	1.47267	-0.34327	-0.45724	1.39175	-0.33954	-0.45046	1.22219	-0.35164	-0.64857	1.36540	-0.24060	-0.64814	1.19865	-0.35984	-0.40490	1.31861	-0.32354	-0.40172	1.32401	-0.37224	-0.39659	1.25947	-0.32881	-0.38409	1.28108	-0.39210	-0.54187	1.44085	-0.53609	-0.57430	1.08171	-0.60140	-0.38929	0.88337	-0.62164	-0.44843	0.86951	-0.66190	-0.39419	0.82603	-0.67226	-0.56180	1.40011	-0.14486	-0.72826	1.09660	-0.16269	-0.72074	0.82292	-0.18040	-0.78859	0.83696	-0.15834	-0.76464	0.76190	-0.14384	-0.47601	1.00855	-0.48155	-0.64870	1.02108	-0.39917	-0.48820	1.02186	-0.22921	-0.65300	1.02062	-0.30259	-0.67930	1.02600	-0.32472	-0.67778	1.02502	-0.37395	-0.67967	0.96571	-0.32343	-0.69033	0.95186	-0.35939	-0.66141	0.61754	-0.54290	-0.69113	0.51051	-0.48181	-0.56258	0.76838	-0.54499	-0.61143	0.77873	-0.54729	-0.57403	0.71050	-0.53663	-0.63986	0.70744	-0.53808	-0.76740	0.36349	-0.52589	-0.93284	0.13056	-0.43293	-0.76237	0.34633	-0.35805	-0.73021	0.32466	-0.39031	-0.79403	0.29638	-0.35393	-0.74574	0.27790	-0.39551	-0.81795	0.04875	-0.40227	-0.81799	0.04364	-0.35404	-0.99370	0.11903	-0.39325	-0.89394	0.09478	-0.45431	-0.86220	0.11773	-0.42347	-0.85592	0.04880	-0.45988	-0.82537	0.05615	-0.44061	-0.40547	0.61470	-0.14906	-0.34836	0.50947	-0.21866	-0.41292	0.77918	-0.16195	-0.45658	0.75944	-0.14400	-0.39323	0.72446	-0.17387	-0.44020	0.68524	-0.15161	-0.30653	0.36050	-0.17203	-0.23732	0.08372	-0.26287	-0.27556	0.34724	-0.33267	-0.24013	0.35082	-0.29829	-0.26355	0.28808	-0.33857	-0.21811	0.30619	-0.29282	-0.09194	0.09980	-0.27378	-0.08126	0.10495	-0.31081	-0.27057	0.04244	-0.31420	-0.18682	0.09204	-0.23372	-0.17602	0.12753	-0.26722	-0.12768	0.08429	-0.22379	-0.10717	0.10855	-0.24441	-0.54720	0.93722	-0.26275	-0.53591	0.93082	-0.44173	-0.34440	0.51236	-0.27093	-0.68431	0.50958	-0.42977	-0.23782	0.08579	-0.29780	-0.93473	0.13475	-0.39823	-0.65085	1.02085	-0.35088	-0.48211	1.01520	-0.35538	
134	1.33000	-0.42612	1.67895	-0.38427	-0.41601	1.67182	-0.26381	-0.56598	1.58436	-0.37806	-0.54393	1.59027	-0.24275	-0.57613	1.47269	-0.34166	-0.44300	1.39221	-0.33780	-0.43568	1.22273	-0.35027	-0.63478	1.36433	-0.23938	-0.63342	1.19870	-0.35910	-0.39205	1.31905	-0.32143	-0.38741	1.32472	-0.37053	-0.38233	1.26002	-0.32702	-0.36953	1.28190	-0.39041	-0.52773	1.44108	-0.53452	-0.56230	1.08216	-0.59942	-0.38138	0.87995	-0.61909	-0.44020	0.86742	-0.65944	-0.38740	0.82265	-0.66961	-0.54845	1.39942	-0.14324	-0.71268	1.09470	-0.16133	-0.70250	0.82107	-0.17834	-0.77053	0.83452	-0.15654	-0.74588	0.75975	-0.14192	-0.46040	1.00741	-0.48038	-0.63368	1.02085	-0.39823	-0.47301	1.02204	-0.22774	-0.63814	1.02097	-0.30170	-0.66486	1.02625	-0.32389	-0.66322	1.02493	-0.37304	-0.66500	0.96594	-0.32212	-0.67536	0.95176	-0.35814	-0.64601	0.61630	-0.54138	-0.67556	0.50938	-0.48064	-0.54742	0.76734	-0.54334	-0.59630	0.77748	-0.54556	-0.55876	0.70932	-0.53493	-0.62457	0.70609	-0.53640	-0.75513	0.36448	-0.52549	-0.92739	0.13600	-0.43438	-0.75031	0.34613	-0.35777	-0.71864	0.32388	-0.39035	-0.78351	0.29729	-0.35400	-0.73604	0.27748	-0.39590	-0.81661	0.04910	-0.40255	-0.81752	0.04386	-0.35409	-0.98845	0.12704	-0.39520	-0.88905	0.09744	-0.45590	-0.85636	0.11934	-0.42515	-0.85356	0.04939	-0.46017	-0.82276	0.05553	-0.44070	-0.39031	0.61644	-0.15043	-0.33293	0.51158	-0.21948	-0.39724	0.78106	-0.16097	-0.44101	0.76132	-0.14338	-0.37805	0.72621	-0.17342	-0.42515	0.68713	-0.15190	-0.29388	0.36136	-0.17387	-0.23051	0.08453	-0.26384	-0.26404	0.34813	-0.33387	-0.22827	0.35116	-0.29977	-0.25344	0.28874	-0.33965	-0.20702	0.30605	-0.29456	-0.08466	0.09430	-0.27493	-0.07467	0.09902	-0.31168	-0.26644	0.04399	-0.31528	-0.18065	0.09167	-0.23546	-0.16752	0.12612	-0.26935	-0.12219	0.08066	-0.22496	-0.10002	0.10356	-0.24580	-0.53220	0.93740	-0.26116	-0.52061	0.93007	-0.44008	-0.32899	0.51478	-0.27173	-0.66870	0.50839	-0.42860	-0.23099	0.08663	-0.29878	-0.92944	0.14017	-0.39969	-0.63591	1.02091	-0.34997	-0.46671	1.01472	-0.35406	
135	1.34000	-0.41288	1.68021	-0.38190	-0.40269	1.67284	-0.26150	-0.55252	1.58540	-0.37599	-0.53052	1.59102	-0.24066	-0.56224	1.47358	-0.34009	-0.42926	1.39301	-0.33595	-0.42127	1.22371	-0.34870	-0.62106	1.36371	-0.23792	-0.61867	1.19925	-0.35849	-0.37674	1.32036	-0.32009	-0.37297	1.32595	-0.36883	-0.36772	1.26119	-0.32546	-0.35461	1.28337	-0.38873	-0.51328	1.44159	-0.53307	-0.55040	1.08289	-0.59735	-0.37387	0.87678	-0.61638	-0.43279	0.86563	-0.65693	-0.38099	0.81953	-0.66678	-0.53509	1.39910	-0.14159	-0.69688	1.09297	-0.15998	-0.68350	0.81945	-0.17619	-0.75178	0.83215	-0.15455	-0.72631	0.75775	-0.13966	-0.44476	1.00660	-0.47907	-0.61851	1.02100	-0.39750	-0.45804	1.02306	-0.22637	-0.62353	1.02182	-0.30075	-0.65049	1.02696	-0.32307	-0.64861	1.02530	-0.37245	-0.65015	0.96670	-0.32115	-0.66048	0.95221	-0.35699	-0.62971	0.61478	-0.53964	-0.65848	0.50819	-0.47959	-0.53172	0.76644	-0.54138	-0.58063	0.77624	-0.54361	-0.54260	0.70834	-0.53310	-0.60834	0.70464	-0.53457	-0.74126	0.36547	-0.52509	-0.92091	0.14175	-0.43602	-0.73707	0.34616	-0.35764	-0.70576	0.32334	-0.39030	-0.77194	0.29843	-0.35414	-0.72513	0.27734	-0.39612	-0.81793	0.04804	-0.40265	-0.81692	0.04418	-0.35393	-0.98216	0.13606	-0.39733	-0.88337	0.10012	-0.45779	-0.84953	0.12083	-0.42712	-0.85064	0.04996	-0.46030	-0.81980	0.05475	-0.44074	-0.37553	0.61914	-0.15163	-0.31801	0.51432	-0.21938	-0.38087	0.78379	-0.16035	-0.42515	0.76407	-0.14299	-0.36166	0.72909	-0.17287	-0.40911	0.68990	-0.15158	-0.28250	0.36307	-0.17316	-0.22608	0.08431	-0.26419	-0.25396	0.34889	-0.33496	-0.21751	0.35129	-0.30155	-0.24476	0.28919	-0.34055	-0.19729	0.30568	-0.29641	-0.08099	0.08887	-0.27578	-0.07073	0.09337	-0.31231	-0.26410	0.04523	-0.31543	-0.17735	0.08924	-0.23646	-0.16299	0.12341	-0.27019	-0.11930	0.07655	-0.22549	-0.09631	0.09885	-0.24633	-0.51731	0.93830	-0.25946	-0.50525	0.92968	-0.43829	-0.31410	0.51772	-0.27162	-0.65149	0.50709	-0.42757	-0.22658	0.08643	-0.29912	-0.92317	0.14597	-0.40135	-0.62102	1.02141	-0.34913	-0.45140	1.01483	-0.35272	
136	1.35000	-0.39952	1.68185	-0.37960	-0.38943	1.67424	-0.25920	-0.53910	1.58683	-0.37398	-0.51715	1.59213	-0.23862	-0.54826	1.47489	-0.33860	-0.41515	1.39456	-0.33428	-0.40638	1.22528	-0.34712	-0.60737	1.36396	-0.23632	-0.60400	1.20010	-0.35805	-0.36178	1.32205	-0.31866	-0.35867	1.32770	-0.36709	-0.35311	1.26290	-0.32386	-0.34001	1.28522	-0.38704	-0.49848	1.44252	-0.53171	-0.53850	1.08408	-0.59521	-0.36679	0.87392	-0.61346	-0.42585	0.86416	-0.65419	-0.37510	0.81675	-0.66379	-0.52169	1.39927	-0.14004	-0.68071	1.09148	-0.15842	-0.66387	0.81820	-0.17364	-0.73233	0.82998	-0.15233	-0.70594	0.75607	-0.13712	-0.42914	1.00623	-0.47772	-0.60334	1.02166	-0.39703	-0.44249	1.02541	-0.22511	-0.60867	1.02344	-0.30055	-0.63560	1.02827	-0.32307	-0.63381	1.02617	-0.37222	-0.63541	0.96807	-0.32039	-0.64552	0.95321	-0.35609	-0.61214	0.61322	-0.53785	-0.63987	0.50705	-0.47873	-0.51546	0.76595	-0.53941	-0.56456	0.77530	-0.54149	-0.52568	0.70772	-0.53134	-0.59135	0.70332	-0.53264	-0.72565	0.36658	-0.52483	-0.91421	0.14770	-0.43736	-0.72233	0.34624	-0.35759	-0.69148	0.32296	-0.39070	-0.75858	0.29957	-0.35465	-0.71268	0.27744	-0.39693	-0.81553	0.04854	-0.40313	-0.81555	0.04473	-0.35405	-0.97378	0.14574	-0.39891	-0.87645	0.10306	-0.45978	-0.84201	0.12167	-0.42897	-0.84772	0.05045	-0.46026	-0.81654	0.05369	-0.44072	-0.36088	0.62254	-0.15268	-0.30218	0.51725	-0.21986	-0.36430	0.78715	-0.15976	-0.40803	0.76710	-0.14267	-0.34528	0.73251	-0.17297	-0.39232	0.69304	-0.15215	-0.26872	0.36598	-0.17254	-0.22378	0.08405	-0.26415	-0.24438	0.34900	-0.33574	-0.20742	0.35062	-0.30293	-0.23614	0.28931	-0.34135	-0.18818	0.30466	-0.29775	-0.07941	0.08333	-0.27671	-0.06829	0.08805	-0.31340	-0.26296	0.04601	-0.31519	-0.17445	0.08764	-0.23690	-0.15938	0.12120	-0.27089	-0.11667	0.07319	-0.22649	-0.09359	0.09466	-0.24781	-0.50182	0.94035	-0.25737	-0.48971	0.92981	-0.43609	-0.29791	0.52115	-0.27204	-0.63286	0.50583	-0.42671	-0.22514	0.08600	-0.29907	-0.91681	0.15214	-0.40274	-0.60600	1.02255	-0.34879	-0.43581	1.01582	-0.35142	
137	1.36000	-0.38624	1.68364	-0.37732	-0.37617	1.67583	-0.25692	-0.52556	1.58842	-0.37200	-0.50373	1.59345	-0.23661	-0.53458	1.47644	-0.33726	-0.40131	1.39636	-0.33255	-0.39185	1.22717	-0.34543	-0.59372	1.36507	-0.23484	-0.58934	1.20127	-0.35786	-0.34837	1.32407	-0.31677	-0.34434	1.32994	-0.36544	-0.33848	1.26510	-0.32232	-0.32540	1.28762	-0.38531	-0.48361	1.44387	-0.53030	-0.52659	1.08577	-0.59308	-0.36128	0.87118	-0.61044	-0.41913	0.86300	-0.65127	-0.36966	0.81442	-0.66056	-0.50838	1.40001	-0.13857	-0.66422	1.09033	-0.15681	-0.64362	0.81725	-0.17090	-0.71225	0.82809	-0.14982	-0.68557	0.75480	-0.13397	-0.41357	1.00644	-0.47620	-0.58800	1.02272	-0.39685	-0.42779	1.02850	-0.22424	-0.59397	1.02548	-0.30052	-0.62083	1.03018	-0.32321	-0.61852	1.02750	-0.37234	-0.62070	0.96998	-0.31993	-0.63060	0.95472	-0.35561	-0.59388	0.61207	-0.53610	-0.61971	0.50586	-0.47829	-0.49857	0.76591	-0.53723	-0.54769	0.77460	-0.53896	-0.50804	0.70744	-0.52951	-0.57368	0.70223	-0.53054	-0.70874	0.36798	-0.52489	-0.90454	0.15450	-0.43886	-0.70572	0.34610	-0.35818	-0.67586	0.32246	-0.39187	-0.74359	0.30064	-0.35563	-0.69860	0.27767	-0.39841	-0.81521	0.04785	-0.40282	-0.81450	0.04497	-0.35408	-0.96364	0.15575	-0.40016	-0.86904	0.10574	-0.46154	-0.83284	0.12247	-0.43114	-0.84371	0.05153	-0.46036	-0.81400	0.05214	-0.44015	-0.34559	0.62692	-0.15410	-0.28553	0.52039	-0.22126	-0.34709	0.79109	-0.15989	-0.39079	0.77046	-0.14239	-0.32732	0.73693	-0.17388	-0.37440	0.69659	-0.15306	-0.25249	0.36893	-0.17363	-0.22130	0.08413	-0.26403	-0.23526	0.34872	-0.33629	-0.19772	0.34957	-0.30401	-0.22854	0.28887	-0.34171	-0.17970	0.30304	-0.29887	-0.07702	0.07949	-0.27792	-0.06590	0.08382	-0.31439	-0.26174	0.04688	-0.31497	-0.17195	0.08646	-0.23744	-0.15648	0.11924	-0.27170	-0.11453	0.07056	-0.22722	-0.09070	0.09133	-0.24860	-0.48697	0.94305	-0.25554	-0.47423	0.93046	-0.43409	-0.28126	0.52472	-0.27340	-0.61223	0.50438	-0.42635	-0.22426	0.08577	-0.29887	-0.90720	0.15899	-0.40425	-0.59098	1.02410	-0.34869	-0.42068	1.01747	-0.35022	
138	1.37000	-0.37288	1.68558	-0.37505	-0.36303	1.67749	-0.25464	-0.51208	1.59011	-0.37012	-0.49046	1.59487	-0.23472	-0.52097	1.47801	-0.33612	-0.38757	1.39839	-0.33096	-0.37722	1.22934	-0.34392	-0.58017	1.36651	-0.23363	-0.57479	1.20254	-0.35777	-0.33407	1.32657	-0.31521	-0.33031	1.33233	-0.36374	-0.32399	1.26756	-0.32076	-0.31061	1.29030	-0.38367	-0.46850	1.44567	-0.52897	-0.51463	1.08803	-0.59080	-0.35469	0.86903	-0.60697	-0.41301	0.86238	-0.64809	-0.36472	0.81250	-0.65718	-0.49522	1.40121	-0.13729	-0.64734	1.08943	-0.15503	-0.62264	0.81660	-0.16757	-0.69165	0.82660	-0.14693	-0.66394	0.75382	-0.13055	-0.39851	1.00723	-0.47439	-0.57286	1.02426	-0.39690	-0.41336	1.03190	-0.22344	-0.57928	1.02777	-0.30055	-0.60585	1.03233	-0.32348	-0.60334	1.02927	-0.37253	-0.60597	0.97211	-0.31966	-0.61583	0.95667	-0.35530	-0.57467	0.61108	-0.53441	-0.59779	0.50470	-0.47809	-0.48119	0.76590	-0.53520	-0.53038	0.77400	-0.53649	-0.48979	0.70733	-0.52786	-0.55526	0.70116	-0.52850	-0.69108	0.36976	-0.52558	-0.89206	0.16177	-0.44052	-0.68820	0.34566	-0.35951	-0.66024	0.32110	-0.39378	-0.72648	0.30141	-0.35727	-0.68287	0.27790	-0.40101	-0.81242	0.04823	-0.40298	-0.81248	0.04581	-0.35402	-0.95152	0.16638	-0.40126	-0.85926	0.10868	-0.46363	-0.82213	0.12309	-0.43342	-0.84011	0.05210	-0.46056	-0.81004	0.05078	-0.43988	-0.32654	0.63263	-0.15405	-0.27054	0.52276	-0.22244	-0.33037	0.79563	-0.16086	-0.37314	0.77443	-0.14228	-0.31004	0.74176	-0.17495	-0.35524	0.70100	-0.15273	-0.23865	0.36988	-0.17492	-0.21858	0.08390	-0.26402	-0.22691	0.34848	-0.33678	-0.18877	0.34857	-0.30510	-0.22175	0.28854	-0.34200	-0.17175	0.30164	-0.30007	-0.07503	0.07573	-0.27846	-0.06378	0.08004	-0.31530	-0.26047	0.04771	-0.31467	-0.16938	0.08532	-0.23798	-0.15341	0.11752	-0.27236	-0.11238	0.06806	-0.22789	-0.08875	0.08809	-0.24930	-0.47244	0.94612	-0.25361	-0.45922	0.93163	-0.43198	-0.26956	0.52587	-0.27484	-0.58963	0.50290	-0.42626	-0.22339	0.08527	-0.29866	-0.89441	0.16600	-0.40586	-0.57607	1.02602	-0.34872	-0.40594	1.01956	-0.34891	
139	1.38000	-0.35955	1.68747	-0.37288	-0.34994	1.67912	-0.25246	-0.49867	1.59186	-0.36841	-0.47729	1.59630	-0.23293	-0.50764	1.47952	-0.33506	-0.37400	1.40053	-0.32937	-0.36303	1.23159	-0.34239	-0.56685	1.36802	-0.23268	-0.56042	1.20392	-0.35763	-0.32052	1.32908	-0.31340	-0.31610	1.33493	-0.36205	-0.30973	1.27018	-0.31910	-0.29612	1.29303	-0.38193	-0.45375	1.44778	-0.52760	-0.50269	1.09077	-0.58854	-0.34832	0.86736	-0.60327	-0.40704	0.86218	-0.64461	-0.36016	0.81097	-0.65358	-0.48231	1.40284	-0.13617	-0.63039	1.08890	-0.15328	-0.60127	0.81651	-0.16410	-0.67032	0.82538	-0.14362	-0.64179	0.75318	-0.12698	-0.38374	1.00867	-0.47232	-0.55794	1.02607	-0.39676	-0.39904	1.03531	-0.22242	-0.56452	1.02995	-0.30049	-0.59089	1.03447	-0.32347	-0.58833	1.03120	-0.37250	-0.59121	0.97428	-0.31937	-0.60110	0.95874	-0.35492	-0.55373	0.60995	-0.53230	-0.57420	0.50343	-0.47820	-0.46313	0.76605	-0.53343	-0.51255	0.77343	-0.53413	-0.47077	0.70728	-0.52652	-0.53616	0.70015	-0.52650	-0.67306	0.37243	-0.52709	-0.87845	0.16888	-0.44269	-0.66787	0.34522	-0.36155	-0.64123	0.32044	-0.39671	-0.70747	0.30204	-0.35927	-0.66537	0.27809	-0.40434	-0.80904	0.04908	-0.40311	-0.80953	0.04737	-0.35417	-0.93820	0.17820	-0.40297	-0.84986	0.11152	-0.46565	-0.81052	0.12372	-0.43571	-0.83555	0.05384	-0.46061	-0.80578	0.05018	-0.43973	-0.30073	0.63946	-0.15287	-0.25750	0.52426	-0.22285	-0.31415	0.79944	-0.16205	-0.35525	0.77813	-0.14180	-0.29175	0.74594	-0.17611	-0.33700	0.70445	-0.15183	-0.22858	0.37002	-0.17535	-0.21598	0.08364	-0.26420	-0.21919	0.34840	-0.33706	-0.18074	0.34763	-0.30597	-0.21555	0.28832	-0.34229	-0.16472	0.30031	-0.30112	-0.07310	0.07187	-0.27930	-0.06173	0.07584	-0.31605	-0.25925	0.04850	-0.31438	-0.16712	0.08412	-0.23840	-0.15032	0.11571	-0.27311	-0.11047	0.06546	-0.22848	-0.08637	0.08475	-0.25010	-0.45793	0.94922	-0.25158	-0.44436	0.93327	-0.42980	-0.26472	0.52382	-0.27485	-0.56561	0.50142	-0.42644	-0.22294	0.08482	-0.29848	-0.88017	0.17247	-0.40792	-0.56123	1.02801	-0.34862	-0.39139	1.02199	-0.34737	
140	1.39000	-0.34623	1.68935	-0.37079	-0.33682	1.68070	-0.25038	-0.48528	1.59360	-0.36692	-0.46417	1.59769	-0.23138	-0.49429	1.48085	-0.33396	-0.36046	1.40277	-0.32789	-0.34882	1.23385	-0.34089	-0.55348	1.36947	-0.23193	-0.54619	1.20543	-0.35743	-0.30671	1.33165	-0.31176	-0.30218	1.33756	-0.36043	-0.29563	1.27281	-0.31747	-0.28226	1.29562	-0.38017	-0.43933	1.45016	-0.52624	-0.49069	1.09384	-0.58631	-0.34252	0.86602	-0.59943	-0.40124	0.86238	-0.64116	-0.35575	0.80980	-0.64973	-0.46944	1.40475	-0.13513	-0.61339	1.08862	-0.15140	-0.57902	0.81666	-0.16011	-0.64847	0.82440	-0.14012	-0.61852	0.75281	-0.12304	-0.36986	1.01041	-0.47006	-0.54305	1.02800	-0.39641	-0.38465	1.03852	-0.22108	-0.54980	1.03199	-0.30007	-0.57597	1.03663	-0.32314	-0.57342	1.03324	-0.37210	-0.57649	0.97643	-0.31891	-0.58659	0.96090	-0.35441	-0.53221	0.60862	-0.53109	-0.54967	0.50181	-0.47847	-0.44491	0.76591	-0.53188	-0.49428	0.77256	-0.53188	-0.45133	0.70713	-0.52545	-0.51655	0.69895	-0.52469	-0.65384	0.37566	-0.52891	-0.86494	0.17657	-0.44369	-0.64540	0.34446	-0.36354	-0.62110	0.31946	-0.39988	-0.68789	0.30246	-0.36124	-0.64686	0.27803	-0.40778	-0.80461	0.05105	-0.40361	-0.80520	0.05046	-0.35439	-0.92376	0.19029	-0.40415	-0.83870	0.11608	-0.46732	-0.79905	0.12508	-0.43735	-0.83026	0.05731	-0.46128	-0.80021	0.05160	-0.44017	-0.27440	0.64494	-0.15331	-0.24610	0.52472	-0.22258	-0.29849	0.80187	-0.16300	-0.33824	0.78076	-0.14062	-0.27697	0.74821	-0.17736	-0.32064	0.70694	-0.15079	-0.22004	0.36989	-0.17496	-0.21395	0.08333	-0.26382	-0.21244	0.34803	-0.33734	-0.17366	0.34646	-0.30682	-0.21002	0.28792	-0.34254	-0.15830	0.29894	-0.30231	-0.07140	0.06776	-0.27967	-0.05994	0.07163	-0.31657	-0.25790	0.04927	-0.31441	-0.16492	0.08264	-0.23872	-0.14740	0.11382	-0.27335	-0.10875	0.06267	-0.22890	-0.08432	0.08125	-0.25072	-0.44348	0.95220	-0.24919	-0.43025	0.93514	-0.42733	-0.26201	0.52072	-0.27245	-0.54074	0.49961	-0.42678	-0.22314	0.08445	-0.29757	-0.86600	0.17960	-0.40884	-0.54643	1.02999	-0.34824	-0.37725	1.02446	-0.34557	
141	1.40000	-0.33291	1.69117	-0.36884	-0.32371	1.68220	-0.24846	-0.47190	1.59541	-0.36558	-0.45115	1.59913	-0.22997	-0.48129	1.48224	-0.33290	-0.34717	1.40493	-0.32644	-0.33462	1.23612	-0.33954	-0.53999	1.37074	-0.23114	-0.53206	1.20685	-0.35690	-0.29299	1.33413	-0.31016	-0.28863	1.33995	-0.35875	-0.28193	1.27534	-0.31576	-0.26837	1.29812	-0.37851	-0.42528	1.45255	-0.52482	-0.47877	1.09700	-0.58412	-0.33683	0.86495	-0.59550	-0.39538	0.86289	-0.63757	-0.35145	0.80879	-0.64563	-0.45677	1.40681	-0.13423	-0.59642	1.08854	-0.14943	-0.55637	0.81721	-0.15588	-0.62599	0.82366	-0.13630	-0.59487	0.75278	-0.11867	-0.35618	1.01234	-0.46793	-0.52857	1.02999	-0.39570	-0.37038	1.04114	-0.21979	-0.53528	1.03409	-0.29937	-0.56130	1.03880	-0.32241	-0.55883	1.03536	-0.37148	-0.56231	0.97866	-0.31811	-0.57233	0.96310	-0.35359	-0.50984	0.60688	-0.53130	-0.52446	0.49982	-0.47870	-0.42656	0.76578	-0.53058	-0.47545	0.77150	-0.53026	-0.43129	0.70664	-0.52457	-0.49645	0.69732	-0.52329	-0.63260	0.37819	-0.53040	-0.84768	0.18479	-0.44726	-0.62263	0.34358	-0.36545	-0.60011	0.31857	-0.40226	-0.66669	0.30326	-0.36373	-0.62720	0.27834	-0.41088	-0.79890	0.05462	-0.40466	-0.79904	0.05555	-0.35549	-0.90544	0.20283	-0.40741	-0.82759	0.12263	-0.46886	-0.78733	0.12877	-0.43906	-0.82435	0.06300	-0.46216	-0.79435	0.05557	-0.44129	-0.25419	0.64740	-0.15473	-0.23587	0.52428	-0.22199	-0.28462	0.80306	-0.16305	-0.32340	0.78242	-0.13927	-0.26337	0.74927	-0.17738	-0.30664	0.70842	-0.14907	-0.21153	0.36923	-0.17467	-0.21183	0.08289	-0.26379	-0.20624	0.34732	-0.33772	-0.16707	0.34506	-0.30773	-0.20516	0.28714	-0.34267	-0.15247	0.29724	-0.30336	-0.06976	0.06382	-0.28003	-0.05834	0.06716	-0.31702	-0.25669	0.05012	-0.31425	-0.16268	0.08126	-0.23888	-0.14461	0.11171	-0.27378	-0.10701	0.05986	-0.22923	-0.08237	0.07764	-0.25122	-0.42927	0.95476	-0.24710	-0.41643	0.93714	-0.42522	-0.25707	0.51837	-0.26965	-0.51564	0.49762	-0.42699	-0.22269	0.08412	-0.29704	-0.84853	0.18735	-0.41236	-0.53192	1.03204	-0.34754	-0.36328	1.02674	-0.34386	
142	1.41000	-0.31961	1.69287	-0.36707	-0.31079	1.68363	-0.24668	-0.45867	1.59719	-0.36430	-0.43823	1.60062	-0.22866	-0.46829	1.48357	-0.33182	-0.33401	1.40701	-0.32504	-0.32077	1.23824	-0.33798	-0.52688	1.37206	-0.23038	-0.51829	1.20829	-0.35613	-0.27948	1.33656	-0.30863	-0.27472	1.34252	-0.35724	-0.26828	1.27780	-0.31414	-0.25460	1.30050	-0.37693	-0.41157	1.45492	-0.52352	-0.46699	1.10011	-0.58200	-0.33127	0.86407	-0.59145	-0.38949	0.86357	-0.63404	-0.34712	0.80795	-0.64141	-0.44399	1.40886	-0.13333	-0.57938	1.08853	-0.14732	-0.53319	0.81799	-0.15149	-0.60297	0.82300	-0.13233	-0.57041	0.75305	-0.11397	-0.34292	1.01413	-0.46623	-0.51410	1.03174	-0.39462	-0.35652	1.04303	-0.21862	-0.52099	1.03636	-0.29836	-0.54692	1.04106	-0.32143	-0.54451	1.03749	-0.37046	-0.54825	0.98103	-0.31699	-0.55847	0.96538	-0.35234	-0.48475	0.60423	-0.53159	-0.49907	0.49749	-0.47825	-0.40754	0.76522	-0.52908	-0.45649	0.76992	-0.52891	-0.41079	0.70595	-0.52322	-0.47580	0.69525	-0.52219	-0.60928	0.37955	-0.53126	-0.83114	0.19356	-0.44994	-0.60090	0.34376	-0.36650	-0.57866	0.31821	-0.40345	-0.64552	0.30440	-0.36537	-0.60741	0.27896	-0.41244	-0.79150	0.05982	-0.40615	-0.79149	0.06186	-0.35698	-0.88916	0.21775	-0.41160	-0.81588	0.13042	-0.47067	-0.77544	0.13355	-0.44108	-0.81657	0.07077	-0.46388	-0.78717	0.06137	-0.44306	-0.25330	0.64356	-0.15273	-0.22625	0.52350	-0.22146	-0.27162	0.80307	-0.16188	-0.31053	0.78312	-0.13790	-0.25091	0.74902	-0.17618	-0.29502	0.70884	-0.14752	-0.20288	0.36817	-0.17480	-0.20974	0.08237	-0.26377	-0.20047	0.34642	-0.33780	-0.16098	0.34348	-0.30836	-0.20050	0.28621	-0.34279	-0.14710	0.29545	-0.30425	-0.06804	0.05992	-0.28046	-0.05670	0.06257	-0.31775	-0.25905	0.05221	-0.31425	-0.16072	0.08078	-0.23923	-0.14178	0.10995	-0.27488	-0.10550	0.05793	-0.22939	-0.08023	0.07456	-0.25187	-0.41564	0.95677	-0.24549	-0.40320	0.93903	-0.42362	-0.24179	0.52029	-0.27150	-0.49247	0.49586	-0.42620	-0.21974	0.08384	-0.29728	-0.83264	0.19656	-0.41510	-0.51755	1.03405	-0.34649	-0.34972	1.02858	-0.34243	
143	1.42000	-0.30638	1.69447	-0.36554	-0.29786	1.68501	-0.24509	-0.44562	1.59899	-0.36314	-0.42544	1.60213	-0.22750	-0.45540	1.48481	-0.33075	-0.32094	1.40907	-0.32389	-0.30706	1.24031	-0.33676	-0.51366	1.37333	-0.22953	-0.50454	1.20954	-0.35489	-0.26627	1.33888	-0.30720	-0.26158	1.34474	-0.35597	-0.25488	1.28010	-0.31272	-0.24121	1.30273	-0.37565	-0.39837	1.45709	-0.52224	-0.45537	1.10292	-0.58001	-0.32574	0.86339	-0.58736	-0.38331	0.86436	-0.63062	-0.34258	0.80714	-0.63708	-0.43111	1.41080	-0.13239	-0.56251	1.08853	-0.14505	-0.50957	0.81904	-0.14678	-0.57965	0.82254	-0.12819	-0.54533	0.75355	-0.10904	-0.32986	1.01565	-0.46509	-0.50037	1.03363	-0.39338	-0.34291	1.04439	-0.21786	-0.50705	1.03861	-0.29709	-0.53303	1.04331	-0.32016	-0.53082	1.03965	-0.36917	-0.53454	0.98330	-0.31556	-0.54482	0.96758	-0.35087	-0.45747	0.60079	-0.53167	-0.47301	0.49503	-0.47765	-0.38752	0.76478	-0.52785	-0.43748	0.76801	-0.52788	-0.39014	0.70519	-0.52174	-0.45475	0.69278	-0.52131	-0.58412	0.37990	-0.53158	-0.81274	0.20304	-0.45278	-0.57959	0.34477	-0.36620	-0.55761	0.31835	-0.40323	-0.62501	0.30708	-0.36587	-0.58585	0.28077	-0.41315	-0.78281	0.06622	-0.40811	-0.78281	0.06876	-0.35878	-0.86859	0.23111	-0.41431	-0.80241	0.13942	-0.47250	-0.76184	0.13951	-0.44287	-0.80750	0.07998	-0.46616	-0.77866	0.06835	-0.44549	-0.24431	0.64095	-0.15113	-0.21726	0.52261	-0.22081	-0.25959	0.80241	-0.16021	-0.29949	0.78335	-0.13668	-0.24074	0.74808	-0.17437	-0.28602	0.70883	-0.14619	-0.19479	0.36717	-0.17513	-0.20781	0.08208	-0.26432	-0.19486	0.34554	-0.33781	-0.15525	0.34189	-0.30863	-0.19578	0.28539	-0.34297	-0.14194	0.29362	-0.30488	-0.06627	0.05809	-0.28190	-0.05554	0.05996	-0.31897	-0.25797	0.05307	-0.31454	-0.15924	0.08141	-0.24034	-0.14037	0.10923	-0.27679	-0.10456	0.05777	-0.23018	-0.07917	0.07345	-0.25304	-0.40241	0.95840	-0.24447	-0.39034	0.94073	-0.42264	-0.23162	0.52010	-0.27125	-0.46998	0.49419	-0.42525	-0.21806	0.08379	-0.29774	-0.81536	0.20705	-0.41811	-0.50371	1.03612	-0.34524	-0.33639	1.03002	-0.34148	
144	1.43000	-0.29334	1.69605	-0.36410	-0.28489	1.68647	-0.24375	-0.43266	1.60071	-0.36210	-0.41272	1.60371	-0.22635	-0.44264	1.48621	-0.32968	-0.30775	1.41104	-0.32284	-0.29355	1.24229	-0.33557	-0.50052	1.37457	-0.22842	-0.49111	1.21080	-0.35347	-0.25287	1.34110	-0.30626	-0.24836	1.34692	-0.35498	-0.24145	1.28238	-0.31158	-0.22809	1.30483	-0.37456	-0.38566	1.45908	-0.52104	-0.44401	1.10539	-0.57810	-0.32011	0.86273	-0.58323	-0.37690	0.86511	-0.62725	-0.33791	0.80634	-0.63259	-0.41809	1.41265	-0.13143	-0.54582	1.08853	-0.14259	-0.48561	0.82030	-0.14209	-0.55581	0.82212	-0.12378	-0.51974	0.75431	-0.10386	-0.31680	1.01696	-0.46433	-0.48752	1.03554	-0.39208	-0.32895	1.04547	-0.21689	-0.49353	1.04066	-0.29556	-0.51959	1.04538	-0.31869	-0.51749	1.04151	-0.36771	-0.52117	0.98536	-0.31387	-0.53159	0.96951	-0.34915	-0.42962	0.59718	-0.53116	-0.44673	0.49280	-0.47685	-0.36928	0.76408	-0.52622	-0.41866	0.76585	-0.52679	-0.36942	0.70454	-0.52026	-0.43355	0.69011	-0.52024	-0.55765	0.37976	-0.53162	-0.79275	0.21189	-0.45516	-0.55717	0.34664	-0.36568	-0.53568	0.31948	-0.40209	-0.60470	0.31110	-0.36569	-0.56607	0.28248	-0.41170	-0.77325	0.07324	-0.40973	-0.77249	0.07611	-0.36096	-0.84735	0.24421	-0.41746	-0.78704	0.14886	-0.47410	-0.74674	0.14588	-0.44442	-0.79615	0.08975	-0.46858	-0.76871	0.07555	-0.44798	-0.24626	0.63804	-0.14915	-0.20903	0.52184	-0.22017	-0.24920	0.80188	-0.15826	-0.29035	0.78368	-0.13553	-0.23223	0.74675	-0.17217	-0.27792	0.70891	-0.14452	-0.18835	0.36605	-0.17514	-0.20715	0.08208	-0.26473	-0.18966	0.34500	-0.33779	-0.14978	0.34067	-0.30869	-0.19229	0.28459	-0.34275	-0.13755	0.29202	-0.30508	-0.06593	0.05713	-0.28283	-0.05523	0.05828	-0.32005	-0.25767	0.05328	-0.31473	-0.15882	0.08195	-0.24141	-0.13960	0.10910	-0.27826	-0.10438	0.05796	-0.23084	-0.07883	0.07298	-0.25393	-0.38892	0.95977	-0.24349	-0.37749	0.94227	-0.42172	-0.21632	0.52238	-0.27216	-0.44757	0.49262	-0.42436	-0.21603	0.08411	-0.29852	-0.79653	0.21713	-0.42076	-0.49052	1.03810	-0.34382	-0.32287	1.03121	-0.34061	
145	1.44000	-0.28039	1.69769	-0.36295	-0.27211	1.68807	-0.24253	-0.41979	1.60246	-0.36113	-0.39993	1.60542	-0.22537	-0.42982	1.48773	-0.32861	-0.29458	1.41303	-0.32202	-0.28039	1.24421	-0.33472	-0.48733	1.37571	-0.22708	-0.47795	1.21216	-0.35194	-0.23979	1.34325	-0.30564	-0.23527	1.34900	-0.35435	-0.22809	1.28454	-0.31093	-0.21501	1.30697	-0.37384	-0.37310	1.46089	-0.51998	-0.43282	1.10751	-0.57620	-0.31416	0.86226	-0.57919	-0.37026	0.86583	-0.62399	-0.33285	0.80563	-0.62806	-0.40483	1.41433	-0.13040	-0.52917	1.08847	-0.13984	-0.46146	0.82187	-0.13733	-0.53163	0.82179	-0.11913	-0.49332	0.75541	-0.09826	-0.30396	1.01801	-0.46378	-0.47415	1.03662	-0.39042	-0.31538	1.04640	-0.21598	-0.48041	1.04250	-0.29401	-0.50677	1.04721	-0.31718	-0.50457	1.04308	-0.36615	-0.50827	0.98712	-0.31202	-0.51874	0.97118	-0.34731	-0.40260	0.59445	-0.53042	-0.41999	0.49105	-0.47641	-0.35021	0.76374	-0.52540	-0.39986	0.76372	-0.52602	-0.34880	0.70421	-0.51903	-0.41244	0.68759	-0.51907	-0.53031	0.37916	-0.53137	-0.77160	0.22078	-0.45747	-0.53444	0.34940	-0.36506	-0.51293	0.32123	-0.40044	-0.58283	0.31523	-0.36541	-0.54432	0.28509	-0.41038	-0.75981	0.08065	-0.41178	-0.76020	0.08274	-0.36369	-0.82381	0.25702	-0.42034	-0.77001	0.15819	-0.47576	-0.72990	0.15286	-0.44581	-0.78250	0.09966	-0.47092	-0.75585	0.08381	-0.45042	-0.24557	0.63617	-0.14859	-0.20147	0.52154	-0.21962	-0.23969	0.80152	-0.15585	-0.28210	0.78386	-0.13426	-0.22352	0.74602	-0.16942	-0.27027	0.70903	-0.14309	-0.18368	0.36549	-0.17430	-0.20652	0.08237	-0.26480	-0.18508	0.34475	-0.33763	-0.14549	0.33956	-0.30859	-0.18900	0.28427	-0.34268	-0.13395	0.29076	-0.30508	-0.06545	0.05614	-0.28300	-0.05481	0.05697	-0.32029	-0.25749	0.05347	-0.31485	-0.15820	0.08215	-0.24139	-0.13920	0.10865	-0.27856	-0.10423	0.05771	-0.23069	-0.07838	0.07259	-0.25386	-0.37563	0.96086	-0.24263	-0.36473	0.94345	-0.42090	-0.20347	0.52428	-0.27201	-0.42370	0.49117	-0.42404	-0.21399	0.08464	-0.29892	-0.77646	0.22736	-0.42344	-0.47728	1.03956	-0.34221	-0.30967	1.03220	-0.33988	
146	1.45000	-0.26749	1.69944	-0.36194	-0.25929	1.68980	-0.24152	-0.40700	1.60433	-0.36022	-0.38730	1.60726	-0.22447	-0.41706	1.48952	-0.32757	-0.28180	1.41481	-0.32132	-0.26743	1.24609	-0.33406	-0.47420	1.37697	-0.22551	-0.46485	1.21358	-0.35036	-0.22666	1.34525	-0.30526	-0.22236	1.35101	-0.35406	-0.21507	1.28643	-0.31056	-0.20179	1.30918	-0.37366	-0.36086	1.46256	-0.51906	-0.42193	1.10937	-0.57435	-0.30822	0.86188	-0.57512	-0.36345	0.86660	-0.62074	-0.32769	0.80504	-0.62353	-0.39129	1.41587	-0.12928	-0.51259	1.08830	-0.13698	-0.43686	0.82358	-0.13235	-0.50710	0.82157	-0.11433	-0.46718	0.75661	-0.09297	-0.29118	1.01906	-0.46315	-0.46156	1.03770	-0.38894	-0.30219	1.04739	-0.21498	-0.46766	1.04408	-0.29254	-0.49412	1.04863	-0.31572	-0.49202	1.04428	-0.36470	-0.49571	0.98863	-0.31036	-0.50614	0.97246	-0.34549	-0.37713	0.59324	-0.52962	-0.39298	0.49000	-0.47606	-0.33246	0.76367	-0.52434	-0.38140	0.76199	-0.52500	-0.32857	0.70435	-0.51799	-0.39149	0.68560	-0.51777	-0.50225	0.37812	-0.53072	-0.74971	0.22851	-0.45873	-0.51128	0.35272	-0.36440	-0.48944	0.32344	-0.39895	-0.56012	0.31943	-0.36511	-0.52148	0.28790	-0.40901	-0.74476	0.08747	-0.41438	-0.74628	0.08862	-0.36659	-0.79999	0.26786	-0.42225	-0.75041	0.16710	-0.47720	-0.71098	0.15962	-0.44687	-0.76593	0.10919	-0.47350	-0.74045	0.09180	-0.45260	-0.24079	0.63654	-0.14814	-0.19489	0.52153	-0.21872	-0.23046	0.80133	-0.15343	-0.27348	0.78420	-0.13303	-0.21470	0.74577	-0.16712	-0.26260	0.70927	-0.14219	-0.17965	0.36522	-0.17373	-0.20607	0.08233	-0.26486	-0.18069	0.34463	-0.33712	-0.14104	0.33893	-0.30812	-0.18522	0.28434	-0.34240	-0.13047	0.28990	-0.30461	-0.06476	0.05536	-0.28296	-0.05424	0.05630	-0.32022	-0.25711	0.05343	-0.31524	-0.15788	0.08213	-0.24136	-0.13860	0.10823	-0.27870	-0.10397	0.05743	-0.23047	-0.07799	0.07200	-0.25378	-0.36260	0.96194	-0.24174	-0.35200	0.94459	-0.42004	-0.19480	0.52508	-0.27110	-0.39813	0.49009	-0.42381	-0.21292	0.08478	-0.29909	-0.75546	0.23644	-0.42513	-0.46461	1.04089	-0.34074	-0.29669	1.03322	-0.33906	
147	1.46000	-0.25470	1.70131	-0.36098	-0.24659	1.69167	-0.24061	-0.39412	1.60618	-0.35944	-0.37456	1.60912	-0.22365	-0.40430	1.49149	-0.32660	-0.26901	1.41669	-0.32086	-0.25472	1.24791	-0.33360	-0.46118	1.37845	-0.22382	-0.45216	1.21530	-0.34892	-0.21376	1.34708	-0.30534	-0.20976	1.35287	-0.35402	-0.20209	1.28836	-0.31068	-0.18931	1.31107	-0.37368	-0.34861	1.46416	-0.51832	-0.41131	1.11115	-0.57244	-0.30216	0.86177	-0.57112	-0.35660	0.86738	-0.61755	-0.32234	0.80464	-0.61900	-0.37769	1.41736	-0.12815	-0.49585	1.08800	-0.13373	-0.41220	0.82554	-0.12736	-0.48227	0.82153	-0.10931	-0.44037	0.75827	-0.08737	-0.27851	1.02023	-0.46236	-0.44956	1.03880	-0.38787	-0.28929	1.04865	-0.21384	-0.45518	1.04548	-0.29137	-0.48173	1.04991	-0.31462	-0.47972	1.04529	-0.36356	-0.48327	0.98986	-0.30890	-0.49379	0.97361	-0.34394	-0.35368	0.59308	-0.52875	-0.36628	0.48980	-0.47542	-0.31437	0.76451	-0.52353	-0.36323	0.76127	-0.52389	-0.30860	0.70523	-0.51703	-0.37096	0.68465	-0.51647	-0.47433	0.37713	-0.52990	-0.72589	0.23591	-0.46001	-0.48708	0.35585	-0.36368	-0.46501	0.32598	-0.39758	-0.53654	0.32342	-0.36478	-0.49763	0.29086	-0.40776	-0.72862	0.09416	-0.41573	-0.73210	0.09404	-0.36893	-0.77498	0.27717	-0.42334	-0.72763	0.17524	-0.47832	-0.68908	0.16596	-0.44671	-0.74616	0.11796	-0.47595	-0.72203	0.09923	-0.45446	-0.23229	0.63783	-0.14684	-0.18908	0.52152	-0.21743	-0.22143	0.80155	-0.15142	-0.26467	0.78473	-0.13178	-0.20609	0.74584	-0.16524	-0.25477	0.70977	-0.14121	-0.17604	0.36473	-0.17327	-0.20584	0.08235	-0.26492	-0.17626	0.34460	-0.33644	-0.13683	0.33835	-0.30708	-0.18161	0.28433	-0.34186	-0.12694	0.28916	-0.30357	-0.06483	0.05470	-0.28314	-0.05411	0.05562	-0.32042	-0.25693	0.05353	-0.31527	-0.15762	0.08218	-0.24141	-0.13828	0.10802	-0.27888	-0.10387	0.05723	-0.23044	-0.07786	0.07156	-0.25384	-0.34973	0.96317	-0.24070	-0.33931	0.94580	-0.41900	-0.18965	0.52479	-0.26983	-0.37141	0.48969	-0.42318	-0.21276	0.08500	-0.29913	-0.73237	0.24498	-0.42683	-0.45237	1.04214	-0.33962	-0.28390	1.03444	-0.33810	
148	1.47000	-0.24197	1.70321	-0.36028	-0.23389	1.69359	-0.23988	-0.38140	1.60808	-0.35882	-0.36194	1.61104	-0.22304	-0.39150	1.49355	-0.32564	-0.25638	1.41846	-0.32060	-0.24213	1.24972	-0.33336	-0.44845	1.38029	-0.22225	-0.43961	1.21718	-0.34764	-0.20085	1.34894	-0.30558	-0.19702	1.35473	-0.35423	-0.18927	1.29013	-0.31097	-0.17682	1.31296	-0.37400	-0.33666	1.46582	-0.51766	-0.40086	1.11292	-0.57054	-0.29615	0.86185	-0.56714	-0.34942	0.86840	-0.61452	-0.31681	0.80454	-0.61459	-0.36389	1.41893	-0.12710	-0.47900	1.08769	-0.13024	-0.38764	0.82792	-0.12252	-0.45726	0.82171	-0.10419	-0.41253	0.76021	-0.08141	-0.26600	1.02167	-0.46137	-0.43729	1.03963	-0.38701	-0.27693	1.05009	-0.21257	-0.44296	1.04685	-0.29057	-0.46963	1.05111	-0.31387	-0.46757	1.04626	-0.36272	-0.47115	0.99109	-0.30786	-0.48166	0.97464	-0.34284	-0.33140	0.59386	-0.52783	-0.33983	0.49046	-0.47468	-0.29578	0.76616	-0.52267	-0.34497	0.76164	-0.52273	-0.28906	0.70707	-0.51605	-0.35086	0.68497	-0.51540	-0.44640	0.37650	-0.52912	-0.70088	0.24238	-0.46086	-0.46253	0.35890	-0.36276	-0.44012	0.32856	-0.39622	-0.51257	0.32719	-0.36416	-0.47479	0.29297	-0.40620	-0.71123	0.10051	-0.41711	-0.71552	0.09994	-0.37139	-0.74928	0.28505	-0.42380	-0.70323	0.18205	-0.47893	-0.66794	0.17011	-0.44583	-0.72496	0.12547	-0.47787	-0.70346	0.10511	-0.45572	-0.22185	0.63883	-0.14555	-0.18383	0.52137	-0.21612	-0.21193	0.80183	-0.14972	-0.25592	0.78535	-0.13037	-0.19756	0.74595	-0.16369	-0.24660	0.71039	-0.14016	-0.17418	0.36416	-0.17227	-0.20557	0.08229	-0.26491	-0.17187	0.34440	-0.33557	-0.13297	0.33752	-0.30570	-0.17816	0.28422	-0.34103	-0.12396	0.28809	-0.30215	-0.06495	0.05409	-0.28279	-0.05368	0.05513	-0.32058	-0.25688	0.05372	-0.31528	-0.15746	0.08226	-0.24129	-0.13802	0.10783	-0.27882	-0.10383	0.05702	-0.23029	-0.07778	0.07111	-0.25371	-0.33718	0.96448	-0.23960	-0.32666	0.94714	-0.41789	-0.18649	0.52389	-0.26849	-0.34417	0.49012	-0.42236	-0.21237	0.08508	-0.29912	-0.70794	0.25241	-0.42808	-0.44013	1.04324	-0.33879	-0.27146	1.03588	-0.33697	
149	1.48000	-0.22935	1.70513	-0.35968	-0.22136	1.69554	-0.23927	-0.36871	1.60996	-0.35829	-0.34930	1.61295	-0.22250	-0.37897	1.49566	-0.32473	-0.24347	1.42037	-0.32049	-0.22991	1.25153	-0.33323	-0.43551	1.38225	-0.22037	-0.42730	1.21914	-0.34653	-0.18831	1.35052	-0.30579	-0.18462	1.35649	-0.35453	-0.17655	1.29188	-0.31148	-0.16448	1.31474	-0.37450	-0.32472	1.46754	-0.51713	-0.39069	1.11484	-0.56862	-0.28988	0.86227	-0.56329	-0.34249	0.86951	-0.61125	-0.31110	0.80480	-0.61032	-0.35008	1.42063	-0.12606	-0.46194	1.08743	-0.12647	-0.36270	0.83051	-0.11754	-0.43194	0.82215	-0.09888	-0.38520	0.76258	-0.07566	-0.25374	1.02347	-0.46013	-0.42524	1.04072	-0.38646	-0.26461	1.05185	-0.21117	-0.43097	1.04825	-0.29007	-0.45744	1.05235	-0.31345	-0.45533	1.04730	-0.36230	-0.45920	0.99241	-0.30723	-0.46951	0.97578	-0.34209	-0.30932	0.59581	-0.52707	-0.31382	0.49197	-0.47378	-0.27734	0.76853	-0.52148	-0.32660	0.76295	-0.52149	-0.27004	0.70953	-0.51472	-0.33105	0.68619	-0.51468	-0.41867	0.37652	-0.52803	-0.67557	0.24793	-0.46099	-0.43703	0.36189	-0.36202	-0.41477	0.33123	-0.39504	-0.48717	0.33059	-0.36372	-0.44968	0.29582	-0.40504	-0.68942	0.10671	-0.42005	-0.69503	0.10500	-0.37449	-0.72313	0.29172	-0.42314	-0.67828	0.18888	-0.47948	-0.64416	0.17521	-0.44584	-0.70158	0.13288	-0.48045	-0.68110	0.11139	-0.45825	-0.21143	0.63941	-0.14451	-0.17876	0.52098	-0.21492	-0.20275	0.80211	-0.14829	-0.24694	0.78600	-0.12920	-0.18854	0.74612	-0.16231	-0.23841	0.71100	-0.13930	-0.17382	0.36330	-0.17085	-0.20546	0.08225	-0.26487	-0.16782	0.34396	-0.33463	-0.12916	0.33657	-0.30435	-0.17421	0.28432	-0.34038	-0.12090	0.28709	-0.30064	-0.06476	0.05362	-0.28242	-0.05381	0.05455	-0.32039	-0.25688	0.05382	-0.31531	-0.15765	0.08192	-0.24093	-0.13777	0.10762	-0.27854	-0.10387	0.05668	-0.22991	-0.07775	0.07063	-0.25336	-0.32465	0.96608	-0.23825	-0.31420	0.94878	-0.41655	-0.18357	0.52286	-0.26717	-0.31745	0.49144	-0.42141	-0.21167	0.08516	-0.29919	-0.68314	0.25883	-0.42860	-0.42810	1.04448	-0.33827	-0.25918	1.03766	-0.33565	
150	1.49000	-0.21670	1.70701	-0.35923	-0.20874	1.69747	-0.23882	-0.35609	1.61184	-0.35787	-0.33675	1.61485	-0.22206	-0.36656	1.49774	-0.32392	-0.23110	1.42208	-0.32030	-0.21766	1.25340	-0.33316	-0.42246	1.38434	-0.21852	-0.41505	1.22117	-0.34549	-0.17559	1.35241	-0.30623	-0.17221	1.35833	-0.35493	-0.16408	1.29361	-0.31193	-0.15211	1.31657	-0.37502	-0.31286	1.46936	-0.51656	-0.38066	1.11688	-0.56667	-0.28349	0.86301	-0.55948	-0.33558	0.87076	-0.60798	-0.30528	0.80540	-0.60620	-0.33622	1.42251	-0.12514	-0.44453	1.08723	-0.12244	-0.33719	0.83356	-0.11237	-0.40666	0.82306	-0.09346	-0.35785	0.76537	-0.06991	-0.24171	1.02552	-0.45870	-0.41263	1.04185	-0.38593	-0.25272	1.05362	-0.20957	-0.41900	1.04981	-0.28986	-0.44540	1.05384	-0.31322	-0.44324	1.04868	-0.36218	-0.44715	0.99395	-0.30691	-0.45753	0.97723	-0.34173	-0.28713	0.59838	-0.52630	-0.28815	0.49411	-0.47286	-0.25969	0.77116	-0.51983	-0.30834	0.76468	-0.52054	-0.25022	0.71243	-0.51387	-0.31121	0.68777	-0.51389	-0.39132	0.37706	-0.52676	-0.65047	0.25338	-0.46078	-0.41165	0.36467	-0.36119	-0.38915	0.33392	-0.39407	-0.46220	0.33374	-0.36311	-0.42407	0.29870	-0.40430	-0.66405	0.11177	-0.42401	-0.67020	0.10860	-0.37821	-0.69794	0.29673	-0.42146	-0.65279	0.19593	-0.48034	-0.61859	0.18140	-0.44703	-0.67532	0.14010	-0.48334	-0.65536	0.11786	-0.46188	-0.20198	0.63987	-0.14328	-0.17406	0.52036	-0.21380	-0.19345	0.80230	-0.14691	-0.23792	0.78684	-0.12826	-0.18058	0.74602	-0.16118	-0.23036	0.71168	-0.13852	-0.17334	0.36242	-0.16963	-0.20583	0.08189	-0.26477	-0.16412	0.34342	-0.33375	-0.12598	0.33543	-0.30305	-0.17185	0.28354	-0.33959	-0.11842	0.28586	-0.29936	-0.06449	0.05327	-0.28220	-0.05368	0.05419	-0.32039	-0.25712	0.05399	-0.31519	-0.15759	0.08189	-0.24074	-0.13767	0.10746	-0.27830	-0.10415	0.05628	-0.22957	-0.07777	0.07024	-0.25303	-0.31254	0.96771	-0.23683	-0.30199	0.95064	-0.41515	-0.18065	0.52180	-0.26586	-0.29143	0.49342	-0.42047	-0.21155	0.08492	-0.29917	-0.65851	0.26514	-0.42881	-0.41581	1.04583	-0.33790	-0.24722	1.03957	-0.33414	
151	1.50000	-0.20416	1.70887	-0.35889	-0.19628	1.69938	-0.23845	-0.34352	1.61368	-0.35751	-0.32416	1.61673	-0.22173	-0.35415	1.49969	-0.32313	-0.21870	1.42390	-0.32021	-0.20548	1.25530	-0.33315	-0.40960	1.38657	-0.21675	-0.40315	1.22325	-0.34460	-0.16328	1.35410	-0.30655	-0.16012	1.36012	-0.35528	-0.15178	1.29541	-0.31236	-0.14017	1.31839	-0.37551	-0.30119	1.47126	-0.51605	-0.37069	1.11908	-0.56476	-0.27688	0.86399	-0.55576	-0.32850	0.87214	-0.60463	-0.29922	0.80632	-0.60218	-0.32248	1.42460	-0.12431	-0.42680	1.08718	-0.11833	-0.31240	0.83680	-0.10757	-0.38118	0.82434	-0.08778	-0.33053	0.76854	-0.06422	-0.22967	1.02787	-0.45717	-0.40095	1.04383	-0.38585	-0.24093	1.05541	-0.20809	-0.40711	1.05162	-0.28963	-0.43341	1.05571	-0.31311	-0.43121	1.05051	-0.36200	-0.43532	0.99579	-0.30671	-0.44553	0.97905	-0.34157	-0.26476	0.60104	-0.52551	-0.26290	0.49677	-0.47181	-0.24120	0.77403	-0.51899	-0.29012	0.76656	-0.51966	-0.23104	0.71544	-0.51276	-0.29150	0.68959	-0.51317	-0.36475	0.37880	-0.52564	-0.62549	0.25892	-0.46037	-0.38502	0.36781	-0.36095	-0.36338	0.33671	-0.39345	-0.43649	0.33685	-0.36263	-0.39835	0.30168	-0.40385	-0.63547	0.11569	-0.42829	-0.64109	0.11063	-0.38280	-0.67358	0.29992	-0.41927	-0.62665	0.20239	-0.48156	-0.59226	0.18723	-0.44881	-0.64828	0.14612	-0.48654	-0.62741	0.12358	-0.46586	-0.19557	0.64021	-0.14281	-0.16963	0.51971	-0.21273	-0.18441	0.80230	-0.14588	-0.22887	0.78740	-0.12726	-0.17215	0.74590	-0.16004	-0.22335	0.71224	-0.13778	-0.17159	0.36171	-0.16882	-0.20559	0.08215	-0.26474	-0.16063	0.34309	-0.33306	-0.12291	0.33448	-0.30208	-0.16917	0.28323	-0.33905	-0.11602	0.28480	-0.29845	-0.06429	0.05292	-0.28214	-0.05359	0.05385	-0.32052	-0.25727	0.05414	-0.31505	-0.15760	0.08185	-0.24053	-0.13746	0.10734	-0.27816	-0.10416	0.05603	-0.22937	-0.07778	0.06987	-0.25283	-0.30069	0.96955	-0.23555	-0.28996	0.95287	-0.41389	-0.17635	0.52124	-0.26478	-0.26625	0.49596	-0.41942	-0.21090	0.08529	-0.29919	-0.63385	0.27130	-0.42872	-0.40403	1.04773	-0.33774	-0.23530	1.04164	-0.33263	
152	1.51000	-0.19160	1.71068	-0.35867	-0.18375	1.70124	-0.23821	-0.33103	1.61550	-0.35724	-0.31170	1.61864	-0.22145	-0.34182	1.50165	-0.32244	-0.20652	1.42568	-0.32017	-0.19361	1.25715	-0.33294	-0.39676	1.38882	-0.21509	-0.39112	1.22532	-0.34353	-0.15123	1.35588	-0.30670	-0.14810	1.36194	-0.35556	-0.13968	1.29718	-0.31265	-0.12827	1.32014	-0.37594	-0.28960	1.47323	-0.51545	-0.36085	1.12137	-0.56284	-0.27022	0.86515	-0.55207	-0.32136	0.87372	-0.60132	-0.29297	0.80750	-0.59838	-0.30887	1.42681	-0.12349	-0.40880	1.08741	-0.11412	-0.28827	0.84025	-0.10297	-0.35633	0.82639	-0.08256	-0.30327	0.77215	-0.05857	-0.21767	1.03035	-0.45562	-0.38881	1.04591	-0.38565	-0.22924	1.05709	-0.20651	-0.39528	1.05365	-0.28940	-0.42141	1.05781	-0.31300	-0.41908	1.05261	-0.36186	-0.42336	0.99785	-0.30663	-0.43366	0.98120	-0.34149	-0.24274	0.60367	-0.52456	-0.23781	0.49992	-0.47077	-0.22369	0.77709	-0.51782	-0.27225	0.76868	-0.51865	-0.21218	0.71868	-0.51184	-0.27211	0.69168	-0.51249	-0.33903	0.38183	-0.52481	-0.59976	0.26360	-0.45954	-0.35920	0.37023	-0.36014	-0.33739	0.33946	-0.39305	-0.41043	0.33943	-0.36199	-0.37238	0.30455	-0.40349	-0.60475	0.11870	-0.43260	-0.60941	0.11171	-0.38724	-0.64875	0.30126	-0.41666	-0.59943	0.20771	-0.48252	-0.56329	0.19302	-0.45099	-0.61908	0.15094	-0.48951	-0.59743	0.12843	-0.46982	-0.19096	0.64011	-0.14206	-0.16513	0.51923	-0.21195	-0.17571	0.80214	-0.14481	-0.22044	0.78808	-0.12645	-0.16433	0.74553	-0.15891	-0.21647	0.71271	-0.13716	-0.16861	0.36126	-0.16823	-0.20536	0.08210	-0.26474	-0.15781	0.34271	-0.33245	-0.11985	0.33381	-0.30154	-0.16597	0.28347	-0.33905	-0.11387	0.28388	-0.29788	-0.06416	0.05259	-0.28205	-0.05346	0.05350	-0.32070	-0.25767	0.05453	-0.31459	-0.15750	0.08181	-0.24031	-0.13730	0.10722	-0.27804	-0.10418	0.05584	-0.22922	-0.07773	0.06957	-0.25267	-0.28901	0.97135	-0.23430	-0.27806	0.95524	-0.41268	-0.17068	0.52123	-0.26412	-0.24105	0.49900	-0.41838	-0.21038	0.08533	-0.29923	-0.60820	0.27614	-0.42797	-0.39204	1.04978	-0.33753	-0.22346	1.04372	-0.33106	
153	1.52000	-0.17918	1.71240	-0.35854	-0.17124	1.70308	-0.23808	-0.31854	1.61733	-0.35698	-0.29926	1.62057	-0.22121	-0.32969	1.50354	-0.32183	-0.19429	1.42755	-0.32010	-0.18157	1.25901	-0.33265	-0.38410	1.39106	-0.21363	-0.37925	1.22732	-0.34246	-0.13877	1.35778	-0.30705	-0.13614	1.36369	-0.35583	-0.12756	1.29904	-0.31286	-0.11657	1.32185	-0.37623	-0.27802	1.47521	-0.51493	-0.35101	1.12368	-0.56096	-0.26334	0.86653	-0.54854	-0.31414	0.87541	-0.59802	-0.28642	0.80887	-0.59475	-0.29547	1.42924	-0.12282	-0.39054	1.08787	-0.10989	-0.26350	0.84412	-0.09827	-0.33068	0.82843	-0.07682	-0.27622	0.77614	-0.05304	-0.20584	1.03286	-0.45426	-0.37670	1.04813	-0.38522	-0.21774	1.05858	-0.20500	-0.38347	1.05588	-0.28896	-0.40947	1.06011	-0.31268	-0.40732	1.05512	-0.36163	-0.41156	1.00015	-0.30646	-0.42178	0.98360	-0.34140	-0.22130	0.60644	-0.52358	-0.21301	0.50347	-0.46976	-0.20559	0.78061	-0.51732	-0.25407	0.77089	-0.51802	-0.19267	0.72248	-0.51137	-0.25255	0.69400	-0.51173	-0.31394	0.38601	-0.52406	-0.57404	0.26731	-0.45878	-0.33317	0.37235	-0.35949	-0.31092	0.34214	-0.39292	-0.38396	0.34167	-0.36150	-0.34575	0.30727	-0.40347	-0.57136	0.12093	-0.43667	-0.57533	0.11217	-0.39147	-0.62436	0.30079	-0.41446	-0.57127	0.21205	-0.48315	-0.53424	0.19805	-0.45263	-0.58834	0.15443	-0.49184	-0.56508	0.13261	-0.47328	-0.18749	0.63991	-0.14162	-0.16079	0.51884	-0.21130	-0.16734	0.80196	-0.14400	-0.21231	0.78863	-0.12582	-0.15698	0.74505	-0.15788	-0.20950	0.71316	-0.13655	-0.16504	0.36102	-0.16767	-0.20521	0.08208	-0.26471	-0.15537	0.34245	-0.33197	-0.11736	0.33313	-0.30122	-0.16411	0.28333	-0.33873	-0.11191	0.28312	-0.29771	-0.06388	0.05229	-0.28209	-0.05338	0.05312	-0.32095	-0.25763	0.05470	-0.31442	-0.15744	0.08181	-0.24030	-0.13700	0.10702	-0.27810	-0.10413	0.05571	-0.22912	-0.07769	0.06929	-0.25258	-0.27761	0.97306	-0.23327	-0.26641	0.95767	-0.41170	-0.16452	0.52142	-0.26360	-0.21589	0.50250	-0.41735	-0.21003	0.08540	-0.29922	-0.58239	0.27966	-0.42711	-0.38008	1.05200	-0.33709	-0.21179	1.04572	-0.32963	
154	1.53000	-0.16677	1.71404	-0.35851	-0.15876	1.70487	-0.23805	-0.30624	1.61910	-0.35680	-0.28685	1.62250	-0.22106	-0.31761	1.50540	-0.32120	-0.18220	1.42939	-0.32000	-0.16958	1.26090	-0.33229	-0.37171	1.39324	-0.21225	-0.36760	1.22929	-0.34135	-0.12665	1.35963	-0.30720	-0.12419	1.36550	-0.35597	-0.11555	1.30086	-0.31298	-0.10476	1.32353	-0.37638	-0.26647	1.47706	-0.51441	-0.34143	1.12594	-0.55909	-0.25603	0.86807	-0.54519	-0.30667	0.87716	-0.59489	-0.27951	0.81039	-0.59126	-0.28225	1.43175	-0.12211	-0.37213	1.08853	-0.10576	-0.23895	0.84828	-0.09355	-0.30558	0.83112	-0.07148	-0.24922	0.78043	-0.04761	-0.19402	1.03532	-0.45297	-0.36497	1.05071	-0.38479	-0.20621	1.05992	-0.20379	-0.37158	1.05807	-0.28843	-0.39751	1.06250	-0.31220	-0.39518	1.05758	-0.36121	-0.39984	1.00256	-0.30620	-0.40996	0.98608	-0.34117	-0.20039	0.60956	-0.52268	-0.18852	0.50750	-0.46888	-0.18820	0.78407	-0.51642	-0.23661	0.77344	-0.51732	-0.17399	0.72631	-0.51054	-0.23331	0.69655	-0.51122	-0.28962	0.39161	-0.52376	-0.54746	0.26922	-0.45758	-0.30600	0.37456	-0.35948	-0.28422	0.34460	-0.39318	-0.35710	0.34306	-0.36094	-0.31872	0.30963	-0.40377	-0.53686	0.12222	-0.44016	-0.53989	0.11199	-0.39519	-0.59968	0.29865	-0.41279	-0.54199	0.21503	-0.48341	-0.50432	0.20208	-0.45317	-0.55572	0.15695	-0.49406	-0.53174	0.13588	-0.47601	-0.18341	0.63999	-0.14107	-0.15655	0.51844	-0.21068	-0.15929	0.80164	-0.14311	-0.20454	0.78907	-0.12538	-0.14968	0.74457	-0.15686	-0.20277	0.71364	-0.13623	-0.16127	0.36073	-0.16726	-0.20520	0.08211	-0.26467	-0.15311	0.34228	-0.33170	-0.11516	0.33255	-0.30103	-0.16316	0.28289	-0.33811	-0.11001	0.28251	-0.29773	-0.06363	0.05202	-0.28218	-0.05328	0.05278	-0.32129	-0.25809	0.05470	-0.31379	-0.15725	0.08182	-0.24033	-0.13682	0.10688	-0.27812	-0.10407	0.05560	-0.22908	-0.07759	0.06911	-0.25256	-0.26630	0.97472	-0.23245	-0.25488	0.96011	-0.41093	-0.15891	0.52141	-0.26304	-0.19081	0.50654	-0.41644	-0.21006	0.08554	-0.29917	-0.55543	0.28081	-0.42553	-0.36827	1.05439	-0.33661	-0.20011	1.04762	-0.32838	
155	1.54000	-0.15433	1.71556	-0.35861	-0.14626	1.70661	-0.23813	-0.29391	1.62081	-0.35670	-0.27437	1.62441	-0.22095	-0.30566	1.50717	-0.32064	-0.17014	1.43124	-0.31989	-0.15789	1.26264	-0.33169	-0.35941	1.39534	-0.21094	-0.35591	1.23115	-0.34018	-0.11446	1.36150	-0.30727	-0.11235	1.36718	-0.35603	-0.10357	1.30264	-0.31292	-0.09316	1.32515	-0.37642	-0.25500	1.47886	-0.51384	-0.33195	1.12815	-0.55715	-0.24843	0.86972	-0.54214	-0.29855	0.87908	-0.59188	-0.27215	0.81198	-0.58797	-0.26924	1.43436	-0.12151	-0.35370	1.08938	-0.10186	-0.21447	0.85255	-0.08890	-0.28002	0.83382	-0.06591	-0.22246	0.78492	-0.04233	-0.18222	1.03778	-0.45181	-0.35305	1.05319	-0.38407	-0.19470	1.06110	-0.20263	-0.35974	1.06022	-0.28771	-0.38574	1.06488	-0.31157	-0.38327	1.06017	-0.36061	-0.38815	1.00484	-0.30575	-0.39827	0.98857	-0.34084	-0.17993	0.61301	-0.52188	-0.16432	0.51189	-0.46802	-0.17101	0.78776	-0.51560	-0.21920	0.77621	-0.51674	-0.15563	0.73034	-0.51002	-0.21406	0.69930	-0.51080	-0.26569	0.39815	-0.52381	-0.52010	0.26884	-0.45659	-0.27885	0.37609	-0.35931	-0.25779	0.34680	-0.39363	-0.32962	0.34411	-0.36081	-0.29116	0.31170	-0.40421	-0.50129	0.12274	-0.44293	-0.50387	0.11129	-0.39820	-0.57397	0.29483	-0.41114	-0.51152	0.21639	-0.48347	-0.47370	0.20442	-0.45328	-0.52175	0.15808	-0.49586	-0.49666	0.13788	-0.47830	-0.17855	0.64011	-0.14047	-0.15241	0.51800	-0.21015	-0.15133	0.80124	-0.14226	-0.19710	0.78931	-0.12508	-0.14188	0.74415	-0.15592	-0.19601	0.71379	-0.13553	-0.15759	0.36038	-0.16709	-0.20490	0.08207	-0.26468	-0.15109	0.34204	-0.33141	-0.11285	0.33205	-0.30104	-0.16173	0.28273	-0.33793	-0.10834	0.28179	-0.29773	-0.06346	0.05182	-0.28228	-0.05320	0.05245	-0.32169	-0.25773	0.05465	-0.31397	-0.15699	0.08188	-0.24038	-0.13669	0.10680	-0.27817	-0.10400	0.05553	-0.22904	-0.07747	0.06896	-0.25258	-0.25500	0.97622	-0.23177	-0.24336	0.96252	-0.41031	-0.15396	0.52120	-0.26252	-0.16584	0.51102	-0.41555	-0.20987	0.08561	-0.29914	-0.52751	0.27921	-0.42400	-0.35640	1.05670	-0.33589	-0.18846	1.04944	-0.32722	
156	1.55000	-0.14190	1.71699	-0.35878	-0.13389	1.70827	-0.23826	-0.28164	1.62240	-0.35654	-0.26201	1.62627	-0.22084	-0.29365	1.50884	-0.32018	-0.15809	1.43302	-0.31974	-0.14598	1.26437	-0.33115	-0.34718	1.39742	-0.20971	-0.34421	1.23287	-0.33892	-0.10264	1.36320	-0.30723	-0.10052	1.36885	-0.35606	-0.09196	1.30433	-0.31275	-0.08150	1.32671	-0.37635	-0.24371	1.48050	-0.51326	-0.32259	1.13025	-0.55527	-0.24040	0.87136	-0.53929	-0.29051	0.88085	-0.58902	-0.26468	0.81349	-0.58481	-0.25639	1.43694	-0.12091	-0.33496	1.09019	-0.09788	-0.19033	0.85694	-0.08456	-0.25483	0.83681	-0.06064	-0.19590	0.78956	-0.03723	-0.17049	1.04011	-0.45072	-0.34132	1.05558	-0.38327	-0.18318	1.06214	-0.20146	-0.34790	1.06224	-0.28675	-0.37391	1.06701	-0.31066	-0.37151	1.06258	-0.35971	-0.37659	1.00700	-0.30521	-0.38671	0.99093	-0.34033	-0.15927	0.61671	-0.52119	-0.14057	0.51648	-0.46713	-0.15408	0.79164	-0.51489	-0.20199	0.77903	-0.51634	-0.13770	0.73450	-0.50903	-0.19508	0.70226	-0.51054	-0.24218	0.40474	-0.52368	-0.49161	0.26674	-0.45592	-0.25230	0.37730	-0.35889	-0.23071	0.34890	-0.39396	-0.30192	0.34456	-0.36069	-0.26322	0.31347	-0.40479	-0.46515	0.12230	-0.44486	-0.46761	0.10979	-0.40030	-0.54697	0.28971	-0.41018	-0.48031	0.21605	-0.48352	-0.44222	0.20521	-0.45307	-0.48699	0.15769	-0.49725	-0.46122	0.13838	-0.47980	-0.17266	0.64012	-0.13996	-0.14845	0.51752	-0.20963	-0.14313	0.80090	-0.14154	-0.18902	0.78962	-0.12452	-0.13325	0.74386	-0.15490	-0.18927	0.71419	-0.13491	-0.15486	0.35999	-0.16685	-0.20512	0.08199	-0.26459	-0.14912	0.34158	-0.33108	-0.11058	0.33148	-0.30074	-0.15912	0.28298	-0.33805	-0.10657	0.28114	-0.29752	-0.06329	0.05161	-0.28243	-0.05313	0.05209	-0.32212	-0.25761	0.05483	-0.31386	-0.15683	0.08188	-0.24047	-0.13652	0.10668	-0.27830	-0.10391	0.05552	-0.22907	-0.07741	0.06884	-0.25262	-0.24369	0.97760	-0.23110	-0.23189	0.96481	-0.40970	-0.14993	0.52076	-0.26201	-0.14174	0.51567	-0.41464	-0.21015	0.08562	-0.29904	-0.49839	0.27570	-0.42277	-0.34461	1.05891	-0.33501	-0.17684	1.05112	-0.32609	
157	1.56000	-0.12952	1.71829	-0.35900	-0.12139	1.70985	-0.23848	-0.26939	1.62392	-0.35645	-0.24970	1.62804	-0.22080	-0.28175	1.51044	-0.31965	-0.14626	1.43465	-0.31956	-0.13425	1.26595	-0.33054	-0.33510	1.39950	-0.20848	-0.33260	1.23450	-0.33762	-0.09076	1.36497	-0.30712	-0.08871	1.37044	-0.35600	-0.08000	1.30602	-0.31263	-0.06981	1.32821	-0.37629	-0.23231	1.48196	-0.51269	-0.31320	1.13213	-0.55347	-0.23208	0.87299	-0.53671	-0.28227	0.88245	-0.58638	-0.25672	0.81500	-0.58195	-0.24378	1.43942	-0.12036	-0.31634	1.09107	-0.09417	-0.16604	0.86140	-0.08014	-0.22981	0.83997	-0.05573	-0.16968	0.79430	-0.03224	-0.15878	1.04234	-0.44966	-0.32955	1.05785	-0.38225	-0.17176	1.06297	-0.20038	-0.33619	1.06398	-0.28573	-0.36227	1.06897	-0.30964	-0.35968	1.06476	-0.35871	-0.36504	1.00893	-0.30453	-0.37510	0.99308	-0.33981	-0.13808	0.62069	-0.52078	-0.11741	0.52106	-0.46631	-0.13747	0.79562	-0.51411	-0.18507	0.78195	-0.51597	-0.11982	0.73874	-0.50842	-0.17653	0.70523	-0.51034	-0.21854	0.41068	-0.52322	-0.46216	0.26321	-0.45569	-0.22537	0.37845	-0.35861	-0.20323	0.35101	-0.39435	-0.27433	0.34445	-0.36049	-0.23517	0.31483	-0.40534	-0.42817	0.12103	-0.44619	-0.43058	0.10761	-0.40174	-0.51929	0.28296	-0.41010	-0.44812	0.21429	-0.48337	-0.40995	0.20501	-0.45256	-0.45139	0.15603	-0.49819	-0.42482	0.13784	-0.48081	-0.16605	0.64005	-0.13936	-0.14484	0.51702	-0.20909	-0.13515	0.80049	-0.14071	-0.18133	0.78977	-0.12403	-0.12628	0.74315	-0.15410	-0.18248	0.71436	-0.13453	-0.15328	0.35971	-0.16637	-0.20491	0.08206	-0.26500	-0.14618	0.34131	-0.33080	-0.10835	0.33074	-0.30013	-0.15702	0.28274	-0.33775	-0.10479	0.28039	-0.29699	-0.06310	0.05140	-0.28260	-0.05308	0.05172	-0.32254	-0.25754	0.05497	-0.31384	-0.15690	0.08190	-0.24051	-0.13637	0.10659	-0.27849	-0.10385	0.05552	-0.22917	-0.07735	0.06877	-0.25274	-0.23244	0.97876	-0.23054	-0.22043	0.96696	-0.40920	-0.14691	0.52017	-0.26145	-0.11904	0.52014	-0.41384	-0.20974	0.08578	-0.29946	-0.46842	0.27087	-0.42211	-0.33287	1.06091	-0.33399	-0.16527	1.05266	-0.32502	
158	1.57000	-0.11717	1.71942	-0.35927	-0.10893	1.71131	-0.23877	-0.25714	1.62526	-0.35638	-0.23737	1.62976	-0.22078	-0.26986	1.51186	-0.31918	-0.13454	1.43621	-0.31927	-0.12258	1.26743	-0.32976	-0.32307	1.40143	-0.20725	-0.32099	1.23595	-0.33623	-0.07886	1.36646	-0.30705	-0.07699	1.37195	-0.35596	-0.06815	1.30766	-0.31235	-0.05820	1.32964	-0.37618	-0.22088	1.48326	-0.51217	-0.30379	1.13386	-0.55174	-0.22346	0.87448	-0.53430	-0.27387	0.88396	-0.58381	-0.24851	0.81633	-0.57913	-0.23129	1.44176	-0.11985	-0.29744	1.09182	-0.09052	-0.14174	0.86599	-0.07591	-0.20545	0.84333	-0.05082	-0.14303	0.79921	-0.02772	-0.14722	1.04442	-0.44864	-0.31806	1.05990	-0.38119	-0.16028	1.06362	-0.19929	-0.32477	1.06548	-0.28461	-0.35046	1.07059	-0.30852	-0.34785	1.06669	-0.35759	-0.35353	1.01052	-0.30372	-0.36357	0.99495	-0.33917	-0.11640	0.62497	-0.52058	-0.09470	0.52561	-0.46532	-0.12109	0.79972	-0.51334	-0.16887	0.78483	-0.51541	-0.10218	0.74309	-0.50759	-0.15805	0.70831	-0.51019	-0.19479	0.41562	-0.52253	-0.43269	0.25839	-0.45553	-0.19892	0.37933	-0.35820	-0.17598	0.35297	-0.39444	-0.24662	0.34388	-0.36039	-0.20703	0.31594	-0.40580	-0.39088	0.11894	-0.44678	-0.39253	0.10499	-0.40265	-0.49133	0.27493	-0.40996	-0.41547	0.21136	-0.48317	-0.37724	0.20385	-0.45207	-0.41493	0.15350	-0.49878	-0.38750	0.13677	-0.48128	-0.15965	0.63993	-0.13883	-0.14146	0.51651	-0.20862	-0.12741	0.79983	-0.13991	-0.17369	0.78990	-0.12380	-0.11928	0.74242	-0.15338	-0.17573	0.71447	-0.13435	-0.15256	0.35934	-0.16583	-0.20486	0.08212	-0.26524	-0.14354	0.34087	-0.33040	-0.10579	0.33003	-0.29946	-0.15490	0.28226	-0.33758	-0.10270	0.27965	-0.29617	-0.06292	0.05121	-0.28282	-0.05265	0.05151	-0.32332	-0.25737	0.05519	-0.31388	-0.15676	0.08192	-0.24080	-0.13623	0.10651	-0.27882	-0.10378	0.05556	-0.22929	-0.07724	0.06873	-0.25295	-0.22112	0.97971	-0.22996	-0.20904	0.96893	-0.40867	-0.14409	0.51960	-0.26096	-0.09744	0.52442	-0.41291	-0.20927	0.08587	-0.29976	-0.43856	0.26497	-0.42166	-0.32142	1.06269	-0.33290	-0.15375	1.05402	-0.32396	
159	1.58000	-0.10486	1.72036	-0.35967	-0.09650	1.71262	-0.23914	-0.24501	1.62645	-0.35630	-0.22510	1.63134	-0.22074	-0.25790	1.51308	-0.31865	-0.12255	1.43764	-0.31907	-0.11050	1.26886	-0.32907	-0.31172	1.40329	-0.20635	-0.30931	1.23722	-0.33482	-0.06672	1.36801	-0.30703	-0.06522	1.37325	-0.35583	-0.05617	1.30919	-0.31214	-0.04638	1.33100	-0.37608	-0.20954	1.48431	-0.51162	-0.29431	1.13538	-0.55010	-0.21452	0.87582	-0.53204	-0.26516	0.88523	-0.58128	-0.23975	0.81762	-0.57653	-0.21890	1.44391	-0.11935	-0.27885	1.09265	-0.08723	-0.11787	0.87061	-0.07183	-0.18085	0.84667	-0.04625	-0.11719	0.80418	-0.02314	-0.13569	1.04639	-0.44763	-0.30640	1.06162	-0.38008	-0.14865	1.06416	-0.19817	-0.31314	1.06664	-0.28355	-0.33895	1.07193	-0.30735	-0.33636	1.06835	-0.35647	-0.34191	1.01183	-0.30296	-0.35208	0.99651	-0.33849	-0.09462	0.62934	-0.52041	-0.07277	0.53008	-0.46432	-0.10503	0.80361	-0.51259	-0.15191	0.78783	-0.51544	-0.08546	0.74712	-0.50677	-0.13972	0.71138	-0.51026	-0.17099	0.41962	-0.52171	-0.40283	0.25214	-0.45502	-0.17230	0.38032	-0.35794	-0.14889	0.35485	-0.39421	-0.21905	0.34299	-0.36020	-0.17893	0.31684	-0.40587	-0.35231	0.11648	-0.44708	-0.35346	0.10206	-0.40302	-0.46288	0.26551	-0.41005	-0.38253	0.20734	-0.48295	-0.34408	0.20210	-0.45159	-0.37771	0.14993	-0.49915	-0.34926	0.13495	-0.48155	-0.15370	0.63984	-0.13846	-0.13825	0.51600	-0.20816	-0.11980	0.79917	-0.13919	-0.16634	0.78988	-0.12357	-0.11226	0.74163	-0.15263	-0.16918	0.71449	-0.13418	-0.15182	0.35890	-0.16553	-0.20455	0.08218	-0.26560	-0.14063	0.34041	-0.33002	-0.10326	0.32921	-0.29866	-0.15224	0.28198	-0.33750	-0.10065	0.27890	-0.29528	-0.06267	0.05100	-0.28304	-0.05273	0.05095	-0.32358	-0.25732	0.05543	-0.31401	-0.15669	0.08199	-0.24110	-0.13619	0.10642	-0.27920	-0.10364	0.05565	-0.22952	-0.07715	0.06872	-0.25316	-0.20958	0.98048	-0.22930	-0.19756	0.97073	-0.40808	-0.14120	0.51910	-0.26049	-0.07708	0.52844	-0.41202	-0.20851	0.08596	-0.30017	-0.40841	0.25785	-0.42094	-0.30977	1.06413	-0.33181	-0.14217	1.05528	-0.32290	
160	1.59000	-0.09256	1.72110	-0.36008	-0.08416	1.71378	-0.23951	-0.23285	1.62744	-0.35629	-0.21280	1.63276	-0.22075	-0.24616	1.51418	-0.31811	-0.11078	1.43888	-0.31884	-0.09870	1.27006	-0.32835	-0.29994	1.40474	-0.20526	-0.29762	1.23835	-0.33345	-0.05492	1.36934	-0.30677	-0.05340	1.37450	-0.35572	-0.04433	1.31050	-0.31181	-0.03480	1.33207	-0.37584	-0.19818	1.48516	-0.51106	-0.28471	1.13663	-0.54857	-0.20528	0.87700	-0.52992	-0.25650	0.88618	-0.57900	-0.23088	0.81862	-0.57410	-0.20663	1.44582	-0.11876	-0.26030	1.09335	-0.08409	-0.09403	0.87530	-0.06790	-0.15704	0.85009	-0.04119	-0.09174	0.80920	-0.01872	-0.12424	1.04818	-0.44655	-0.29485	1.06303	-0.37902	-0.13720	1.06446	-0.19701	-0.30188	1.06756	-0.28243	-0.32722	1.07291	-0.30626	-0.32445	1.06962	-0.35535	-0.33047	1.01285	-0.30220	-0.34057	0.99776	-0.33783	-0.07332	0.63358	-0.52012	-0.05147	0.53445	-0.46316	-0.08859	0.80750	-0.51220	-0.13531	0.79060	-0.51546	-0.06790	0.75157	-0.50642	-0.12175	0.71444	-0.51041	-0.14751	0.42251	-0.52074	-0.37154	0.24498	-0.45452	-0.14633	0.38097	-0.35718	-0.12188	0.35649	-0.39376	-0.19189	0.34207	-0.35966	-0.15008	0.31792	-0.40567	-0.31321	0.11341	-0.44695	-0.31352	0.09888	-0.40303	-0.43334	0.25477	-0.41014	-0.34875	0.20231	-0.48269	-0.31062	0.19925	-0.45112	-0.34019	0.14544	-0.49914	-0.31113	0.13216	-0.48144	-0.14856	0.63962	-0.13810	-0.13516	0.51548	-0.20778	-0.11230	0.79838	-0.13846	-0.15908	0.78984	-0.12339	-0.10565	0.74072	-0.15188	-0.16278	0.71443	-0.13403	-0.15091	0.35858	-0.16525	-0.20448	0.08228	-0.26589	-0.13771	0.33994	-0.32980	-0.10084	0.32844	-0.29798	-0.14979	0.28163	-0.33731	-0.09865	0.27813	-0.29454	-0.06249	0.05080	-0.28317	-0.05236	0.05061	-0.32405	-0.25715	0.05565	-0.31422	-0.15665	0.08201	-0.24137	-0.13607	0.10636	-0.27955	-0.10359	0.05571	-0.22972	-0.07705	0.06872	-0.25339	-0.19816	0.98100	-0.22862	-0.18615	0.97230	-0.40746	-0.13796	0.51868	-0.26011	-0.05732	0.53232	-0.41103	-0.20799	0.08608	-0.30050	-0.37689	0.24992	-0.42029	-0.29837	1.06530	-0.33072	-0.13072	1.05632	-0.32178	
161	1.60000	-0.08038	1.72164	-0.36050	-0.07179	1.71474	-0.23990	-0.22073	1.62826	-0.35621	-0.20058	1.63407	-0.22072	-0.23435	1.51503	-0.31763	-0.09899	1.43991	-0.31854	-0.08717	1.27101	-0.32752	-0.28773	1.40587	-0.20406	-0.28598	1.23927	-0.33207	-0.04328	1.37044	-0.30649	-0.04167	1.37545	-0.35555	-0.03279	1.31155	-0.31144	-0.02315	1.33300	-0.37558	-0.18685	1.48577	-0.51048	-0.27496	1.13767	-0.54714	-0.19574	0.87799	-0.52797	-0.24692	0.88711	-0.57679	-0.22167	0.81946	-0.57175	-0.19431	1.44749	-0.11822	-0.24201	1.09401	-0.08123	-0.07060	0.87996	-0.06414	-0.13279	0.85357	-0.03697	-0.06642	0.81427	-0.01454	-0.11273	1.04985	-0.44549	-0.28337	1.06417	-0.37808	-0.12564	1.06460	-0.19586	-0.29027	1.06814	-0.28151	-0.31572	1.07367	-0.30529	-0.31303	1.07062	-0.35436	-0.31891	1.01355	-0.30151	-0.32906	0.99867	-0.33722	-0.05288	0.63747	-0.51968	-0.03082	0.53861	-0.46192	-0.07328	0.81095	-0.51146	-0.11936	0.79316	-0.51540	-0.05145	0.75549	-0.50573	-0.10368	0.71738	-0.51092	-0.12322	0.42387	-0.51965	-0.34063	0.23704	-0.45386	-0.12061	0.38160	-0.35617	-0.09519	0.35806	-0.39279	-0.16362	0.34092	-0.35870	-0.12182	0.31845	-0.40480	-0.27364	0.10985	-0.44645	-0.27319	0.09526	-0.40251	-0.40297	0.24296	-0.41015	-0.31472	0.19608	-0.48226	-0.27666	0.19550	-0.45054	-0.30248	0.13991	-0.49860	-0.27259	0.12863	-0.48102	-0.14412	0.63940	-0.13788	-0.13211	0.51496	-0.20739	-0.10480	0.79754	-0.13778	-0.15203	0.78967	-0.12325	-0.09883	0.73981	-0.15115	-0.15664	0.71432	-0.13400	-0.14983	0.35822	-0.16499	-0.20442	0.08235	-0.26613	-0.13496	0.33959	-0.32959	-0.09896	0.32761	-0.29729	-0.14775	0.28136	-0.33710	-0.09728	0.27721	-0.29395	-0.06238	0.05063	-0.28326	-0.05254	0.05026	-0.32412	-0.25703	0.05588	-0.31436	-0.15663	0.08203	-0.24172	-0.13598	0.10629	-0.27990	-0.10360	0.05577	-0.22989	-0.07698	0.06875	-0.25360	-0.18656	0.98130	-0.22797	-0.17459	0.97370	-0.40685	-0.13425	0.51831	-0.25974	-0.03786	0.53604	-0.40995	-0.20746	0.08615	-0.30079	-0.34612	0.24166	-0.41961	-0.28682	1.06615	-0.32979	-0.11919	1.05723	-0.32068	
162	1.61000	-0.06816	1.72198	-0.36098	-0.05944	1.71554	-0.24037	-0.20876	1.62886	-0.35613	-0.18834	1.63520	-0.22072	-0.22252	1.51567	-0.31706	-0.08721	1.44071	-0.31818	-0.07521	1.27184	-0.32678	-0.27574	1.40686	-0.20282	-0.27434	1.24000	-0.33068	-0.03120	1.37132	-0.30637	-0.02996	1.37625	-0.35534	-0.02098	1.31243	-0.31104	-0.01148	1.33371	-0.37533	-0.17550	1.48618	-0.50990	-0.26510	1.13846	-0.54580	-0.18602	0.87871	-0.52612	-0.23755	0.88769	-0.57459	-0.21223	0.82006	-0.56956	-0.18202	1.44889	-0.11762	-0.22374	1.09451	-0.07855	-0.04733	0.88463	-0.06057	-0.10889	0.85697	-0.03301	-0.04149	0.81933	-0.01051	-0.10133	1.05126	-0.44442	-0.27176	1.06492	-0.37719	-0.11413	1.06459	-0.19474	-0.27881	1.06859	-0.28064	-0.30409	1.07411	-0.30444	-0.30128	1.07124	-0.35358	-0.30738	1.01403	-0.30100	-0.31753	0.99933	-0.33676	-0.03362	0.64091	-0.51905	-0.01071	0.54256	-0.46062	-0.05811	0.81429	-0.51093	-0.10378	0.79551	-0.51541	-0.03515	0.75924	-0.50525	-0.08668	0.72008	-0.51094	-0.09908	0.42426	-0.51843	-0.30861	0.22793	-0.45343	-0.09504	0.38211	-0.35503	-0.06882	0.35948	-0.39133	-0.13598	0.33970	-0.35753	-0.09336	0.31884	-0.40359	-0.23350	0.10583	-0.44556	-0.23240	0.09130	-0.40168	-0.37185	0.23027	-0.40988	-0.28063	0.18880	-0.48164	-0.24201	0.19106	-0.44994	-0.26422	0.13374	-0.49796	-0.23362	0.12451	-0.48030	-0.14009	0.63923	-0.13767	-0.12891	0.51443	-0.20697	-0.09739	0.79663	-0.13709	-0.14481	0.78947	-0.12313	-0.09213	0.73877	-0.15030	-0.15065	0.71412	-0.13412	-0.14793	0.35783	-0.16480	-0.20441	0.08241	-0.26636	-0.13342	0.33923	-0.32964	-0.09700	0.32701	-0.29699	-0.14595	0.28117	-0.33717	-0.09570	0.27658	-0.29377	-0.06227	0.05049	-0.28334	-0.05244	0.05000	-0.32428	-0.25659	0.05609	-0.31468	-0.15661	0.08204	-0.24193	-0.13600	0.10621	-0.28013	-0.10354	0.05582	-0.23005	-0.07688	0.06879	-0.25386	-0.17500	0.98143	-0.22727	-0.16311	0.97486	-0.40620	-0.13005	0.51795	-0.25934	-0.01839	0.53970	-0.40876	-0.20714	0.08625	-0.30105	-0.31428	0.23223	-0.41916	-0.27528	1.06676	-0.32891	-0.10773	1.05793	-0.31958	
163	1.62000	-0.05604	1.72212	-0.36143	-0.04711	1.71614	-0.24084	-0.19662	1.62921	-0.35600	-0.17605	1.63609	-0.22067	-0.21083	1.51623	-0.31649	-0.07535	1.44137	-0.31786	-0.06333	1.27245	-0.32604	-0.26372	1.40769	-0.20169	-0.26265	1.24047	-0.32943	-0.01936	1.37201	-0.30609	-0.01820	1.37678	-0.35512	-0.00911	1.31308	-0.31066	0.00017	1.33421	-0.37504	-0.16408	1.48639	-0.50935	-0.25496	1.13896	-0.54447	-0.17572	0.87930	-0.52454	-0.22773	0.88804	-0.57270	-0.20250	0.82042	-0.56756	-0.16969	1.44998	-0.11697	-0.20568	1.09481	-0.07614	-0.02433	0.88917	-0.05716	-0.08555	0.86037	-0.02943	-0.01691	0.82436	-0.00674	-0.08972	1.05248	-0.44341	-0.26001	1.06540	-0.37652	-0.10262	1.06440	-0.19359	-0.26729	1.06885	-0.27996	-0.29252	1.07443	-0.30378	-0.28927	1.07159	-0.35279	-0.29583	1.01433	-0.30044	-0.30589	0.99969	-0.33629	-0.01531	0.64400	-0.51834	0.00861	0.54619	-0.45928	-0.04307	0.81733	-0.51056	-0.08840	0.79778	-0.51549	-0.01902	0.76270	-0.50484	-0.06990	0.72258	-0.51104	-0.07484	0.42397	-0.51730	-0.27566	0.21813	-0.45246	-0.07102	0.38231	-0.35408	-0.04278	0.36062	-0.38974	-0.10896	0.33818	-0.35634	-0.06514	0.31892	-0.40198	-0.19300	0.10163	-0.44438	-0.19111	0.08714	-0.40053	-0.34033	0.21732	-0.40930	-0.24541	0.18110	-0.48066	-0.20743	0.18561	-0.44858	-0.22524	0.12727	-0.49702	-0.19414	0.12010	-0.47922	-0.13548	0.63918	-0.13748	-0.12549	0.51393	-0.20656	-0.08992	0.79568	-0.13631	-0.13765	0.78926	-0.12298	-0.08625	0.73775	-0.14968	-0.14517	0.71403	-0.13432	-0.14549	0.35747	-0.16459	-0.20440	0.08246	-0.26652	-0.13144	0.33902	-0.32943	-0.09523	0.32645	-0.29693	-0.14453	0.28104	-0.33702	-0.09408	0.27606	-0.29377	-0.06173	0.05060	-0.28333	-0.05227	0.04986	-0.32431	-0.25624	0.05636	-0.31481	-0.15662	0.08198	-0.24205	-0.13594	0.10616	-0.28027	-0.10355	0.05582	-0.23009	-0.07697	0.06873	-0.25378	-0.16340	0.98136	-0.22664	-0.15143	0.97580	-0.40560	-0.12591	0.51755	-0.25893	0.00059	0.54315	-0.40749	-0.20702	0.08635	-0.30120	-0.28156	0.22217	-0.41820	-0.26365	1.06713	-0.32824	-0.09617	1.05844	-0.31850	
164	1.63000	-0.04393	1.72205	-0.36194	-0.03488	1.71659	-0.24130	-0.18465	1.62942	-0.35584	-0.16386	1.63679	-0.22061	-0.19899	1.51658	-0.31591	-0.06361	1.44177	-0.31745	-0.05165	1.27267	-0.32507	-0.25164	1.40840	-0.20056	-0.25103	1.24079	-0.32826	-0.00751	1.37237	-0.30583	-0.00650	1.37711	-0.35477	0.00276	1.31350	-0.31035	0.01186	1.33451	-0.37474	-0.15278	1.48635	-0.50878	-0.24460	1.13920	-0.54318	-0.16529	0.87959	-0.52311	-0.21787	0.88814	-0.57087	-0.19262	0.82055	-0.56566	-0.15729	1.45084	-0.11626	-0.18771	1.09495	-0.07377	-0.00176	0.89364	-0.05398	-0.06222	0.86360	-0.02608	0.00737	0.82927	-0.00319	-0.07821	1.05339	-0.44237	-0.24810	1.06549	-0.37581	-0.09104	1.06409	-0.19252	-0.25551	1.06894	-0.27949	-0.28066	1.07452	-0.30332	-0.27762	1.07184	-0.35229	-0.28420	1.01449	-0.30010	-0.29420	0.99987	-0.33590	0.00203	0.64663	-0.51750	0.02750	0.54947	-0.45782	-0.02847	0.81996	-0.51015	-0.07374	0.79950	-0.51521	-0.00317	0.76592	-0.50446	-0.05359	0.72483	-0.51096	-0.05062	0.42297	-0.51620	-0.24214	0.20751	-0.45122	-0.04418	0.38235	-0.35247	-0.01653	0.36168	-0.38815	-0.08393	0.33615	-0.35534	-0.03701	0.31884	-0.40014	-0.15196	0.09743	-0.44295	-0.14923	0.08315	-0.39904	-0.30582	0.20246	-0.40871	-0.20959	0.17295	-0.47947	-0.17219	0.17994	-0.44724	-0.18563	0.12068	-0.49588	-0.15412	0.11574	-0.47809	-0.13051	0.63911	-0.13689	-0.12209	0.51344	-0.20605	-0.08240	0.79476	-0.13563	-0.13026	0.78908	-0.12276	-0.07855	0.73677	-0.14871	-0.13879	0.71391	-0.13404	-0.14281	0.35719	-0.16435	-0.20432	0.08254	-0.26660	-0.12941	0.33885	-0.32931	-0.09321	0.32596	-0.29664	-0.14315	0.28087	-0.33695	-0.09248	0.27557	-0.29366	-0.06144	0.05048	-0.28350	-0.05245	0.04958	-0.32414	-0.25620	0.05665	-0.31475	-0.15663	0.08189	-0.24204	-0.13599	0.10606	-0.28027	-0.10358	0.05575	-0.23004	-0.07699	0.06869	-0.25374	-0.15172	0.98112	-0.22594	-0.13981	0.97644	-0.40493	-0.12200	0.51711	-0.25842	0.01954	0.54639	-0.40602	-0.20696	0.08651	-0.30127	-0.24827	0.21130	-0.41697	-0.25181	1.06721	-0.32765	-0.08463	1.05874	-0.31745	
165	1.64000	-0.03183	1.72181	-0.36243	-0.02251	1.71683	-0.24180	-0.17260	1.62934	-0.35573	-0.15154	1.63729	-0.22054	-0.18710	1.51674	-0.31533	-0.05170	1.44201	-0.31716	-0.03986	1.27281	-0.32428	-0.23965	1.40897	-0.19944	-0.23927	1.24084	-0.32722	0.00442	1.37262	-0.30546	0.00508	1.37716	-0.35448	0.01464	1.31368	-0.30993	0.02361	1.33457	-0.37439	-0.14135	1.48611	-0.50822	-0.23411	1.13923	-0.54199	-0.15503	0.87946	-0.52152	-0.20762	0.88806	-0.56916	-0.18240	0.82048	-0.56399	-0.14498	1.45140	-0.11562	-0.16969	1.09487	-0.07155	0.02040	0.89791	-0.05100	-0.03936	0.86674	-0.02282	0.03129	0.83408	0.00009	-0.06643	1.05398	-0.44139	-0.23675	1.06559	-0.37558	-0.07949	1.06367	-0.19152	-0.24389	1.06895	-0.27902	-0.26900	1.07457	-0.30298	-0.26620	1.07197	-0.35213	-0.27254	1.01450	-0.29973	-0.28307	1.00009	-0.33582	0.01870	0.64880	-0.51642	0.04541	0.55229	-0.45650	-0.01392	0.82218	-0.50976	-0.05838	0.80113	-0.51525	0.01196	0.76863	-0.50397	-0.03765	0.72675	-0.51077	-0.02651	0.42125	-0.51520	-0.20782	0.19667	-0.44975	-0.01939	0.38204	-0.35096	0.00935	0.36235	-0.38629	-0.05517	0.33425	-0.35347	-0.00896	0.31853	-0.39817	-0.11080	0.09316	-0.44131	-0.10686	0.07938	-0.39742	-0.27215	0.18792	-0.40735	-0.17350	0.16446	-0.47791	-0.13663	0.17402	-0.44580	-0.14600	0.11376	-0.49427	-0.11398	0.11125	-0.47661	-0.12459	0.63896	-0.13625	-0.11858	0.51296	-0.20546	-0.07454	0.79386	-0.13505	-0.12251	0.78886	-0.12253	-0.07141	0.73578	-0.14793	-0.13222	0.71376	-0.13369	-0.14046	0.35696	-0.16403	-0.20425	0.08262	-0.26665	-0.12742	0.33855	-0.32874	-0.09123	0.32543	-0.29619	-0.14144	0.28079	-0.33666	-0.09075	0.27505	-0.29321	-0.06134	0.05037	-0.28341	-0.05237	0.04947	-0.32409	-0.25606	0.05702	-0.31468	-0.15667	0.08182	-0.24201	-0.13595	0.10599	-0.28025	-0.10358	0.05571	-0.22999	-0.07687	0.06870	-0.25378	-0.14011	0.98082	-0.22532	-0.12803	0.97686	-0.40432	-0.11860	0.51663	-0.25783	0.03744	0.54916	-0.40470	-0.20691	0.08667	-0.30132	-0.21429	0.20027	-0.41555	-0.24032	1.06727	-0.32730	-0.07296	1.05882	-0.31645	
166	1.65000	-0.01982	1.72135	-0.36295	-0.01024	1.71688	-0.24233	-0.16071	1.62906	-0.35554	-0.13928	1.63754	-0.22045	-0.17531	1.51671	-0.31476	-0.03990	1.44190	-0.31670	-0.02783	1.27280	-0.32359	-0.22770	1.40936	-0.19840	-0.22756	1.24073	-0.32636	0.01625	1.37250	-0.30516	0.01709	1.37704	-0.35423	0.02654	1.31359	-0.30956	0.03528	1.33433	-0.37403	-0.12985	1.48570	-0.50769	-0.22337	1.13898	-0.54082	-0.14420	0.87926	-0.52027	-0.19723	0.88769	-0.56752	-0.17184	0.82021	-0.56249	-0.13255	1.45170	-0.11501	-0.15202	1.09474	-0.06955	0.04161	0.90213	-0.04804	-0.01621	0.86966	-0.02017	0.05485	0.83874	0.00312	-0.05468	1.05425	-0.44052	-0.22493	1.06546	-0.37518	-0.06797	1.06312	-0.19060	-0.23214	1.06882	-0.27871	-0.25716	1.07446	-0.30272	-0.25437	1.07185	-0.35186	-0.26080	1.01440	-0.29944	-0.27129	1.00000	-0.33550	0.03464	0.65044	-0.51512	0.06290	0.55471	-0.45537	0.00024	0.82399	-0.50932	-0.04421	0.80224	-0.51483	0.02704	0.77092	-0.50355	-0.02221	0.72830	-0.51018	-0.00244	0.41868	-0.51418	-0.17327	0.18545	-0.44778	0.00542	0.38154	-0.34933	0.03513	0.36293	-0.38452	-0.02793	0.33215	-0.35185	0.01875	0.31807	-0.39600	-0.06927	0.08901	-0.43951	-0.06461	0.07562	-0.39574	-0.23691	0.17315	-0.40555	-0.13709	0.15559	-0.47598	-0.10087	0.16790	-0.44405	-0.10589	0.10691	-0.49268	-0.07365	0.10663	-0.47495	-0.11806	0.63863	-0.13556	-0.11504	0.51245	-0.20490	-0.06640	0.79289	-0.13442	-0.11444	0.78853	-0.12219	-0.06403	0.73475	-0.14724	-0.12510	0.71358	-0.13328	-0.13877	0.35676	-0.16353	-0.20426	0.08271	-0.26676	-0.12487	0.33821	-0.32830	-0.08895	0.32479	-0.29554	-0.13931	0.28053	-0.33621	-0.08912	0.27432	-0.29252	-0.06128	0.05029	-0.28334	-0.05220	0.04941	-0.32408	-0.25601	0.05743	-0.31467	-0.15666	0.08174	-0.24200	-0.13593	0.10591	-0.28022	-0.10358	0.05566	-0.22992	-0.07702	0.06856	-0.25357	-0.12855	0.98038	-0.22476	-0.11631	0.97701	-0.40375	-0.11559	0.51611	-0.25727	0.05517	0.55162	-0.40353	-0.20679	0.08682	-0.30143	-0.18012	0.18894	-0.41364	-0.22854	1.06714	-0.32695	-0.06133	1.05869	-0.31556	
167	1.66000	-0.00786	1.72067	-0.36345	0.00204	1.71670	-0.24283	-0.14873	1.62851	-0.35535	-0.12699	1.63753	-0.22033	-0.16347	1.51638	-0.31411	-0.02807	1.44163	-0.31630	-0.01595	1.27246	-0.32286	-0.21561	1.40934	-0.19736	-0.21578	1.24038	-0.32558	0.02844	1.37230	-0.30490	0.02888	1.37667	-0.35387	0.03836	1.31325	-0.30914	0.04720	1.33402	-0.37375	-0.11836	1.48507	-0.50709	-0.21254	1.13848	-0.53964	-0.13314	0.87885	-0.51912	-0.18644	0.88718	-0.56611	-0.16074	0.81986	-0.56123	-0.12019	1.45173	-0.11437	-0.13428	1.09432	-0.06762	0.06302	0.90618	-0.04549	0.00567	0.87226	-0.01676	0.07797	0.84317	0.00605	-0.04269	1.05419	-0.43967	-0.21307	1.06511	-0.37487	-0.05627	1.06249	-0.18980	-0.22047	1.06856	-0.27836	-0.24538	1.07421	-0.30242	-0.24240	1.07152	-0.35157	-0.24907	1.01416	-0.29914	-0.25945	0.99968	-0.33518	0.04973	0.65166	-0.51385	0.07971	0.55659	-0.45444	0.01399	0.82532	-0.50885	-0.03023	0.80292	-0.51412	0.04146	0.77247	-0.50276	-0.00740	0.72931	-0.50909	0.02142	0.41551	-0.51317	-0.13726	0.17432	-0.44572	0.02878	0.38072	-0.34814	0.06076	0.36341	-0.38275	-0.00107	0.32965	-0.34995	0.04502	0.31726	-0.39415	-0.02746	0.08490	-0.43750	-0.02213	0.07185	-0.39370	-0.20095	0.15844	-0.40319	-0.09964	0.14677	-0.47395	-0.06426	0.16135	-0.44212	-0.06541	0.10015	-0.49063	-0.03321	0.10190	-0.47299	-0.11112	0.63823	-0.13488	-0.11142	0.51193	-0.20435	-0.05797	0.79184	-0.13391	-0.10611	0.78805	-0.12162	-0.05645	0.73362	-0.14663	-0.11783	0.71330	-0.13292	-0.13734	0.35647	-0.16309	-0.20503	0.08293	-0.26745	-0.12177	0.33780	-0.32757	-0.08613	0.32410	-0.29471	-0.13709	0.28026	-0.33584	-0.08856	0.27327	-0.29214	-0.06118	0.05017	-0.28329	-0.05167	0.04950	-0.32409	-0.25259	0.05620	-0.31438	-0.15663	0.08168	-0.24210	-0.13589	0.10584	-0.28027	-0.10362	0.05563	-0.22989	-0.07697	0.06853	-0.25350	-0.11682	0.97984	-0.22418	-0.10438	0.97687	-0.40317	-0.11269	0.51559	-0.25671	0.07242	0.55363	-0.40254	-0.20745	0.08714	-0.30211	-0.14443	0.17763	-0.41162	-0.21677	1.06684	-0.32661	-0.04948	1.05834	-0.31473	
168	1.67000	0.00413	1.71979	-0.36392	0.01436	1.71631	-0.24332	-0.13676	1.62773	-0.35505	-0.11470	1.63730	-0.22015	-0.15152	1.51583	-0.31365	-0.01611	1.44111	-0.31584	-0.00408	1.27193	-0.32217	-0.20349	1.40908	-0.19639	-0.20392	1.23979	-0.32488	0.04015	1.37164	-0.30446	0.04082	1.37615	-0.35350	0.05038	1.31276	-0.30871	0.05900	1.33337	-0.37332	-0.10680	1.48426	-0.50655	-0.20115	1.13785	-0.53854	-0.12180	0.87817	-0.51814	-0.17575	0.88629	-0.56479	-0.14941	0.81908	-0.56017	-0.10793	1.45148	-0.11374	-0.11663	1.09377	-0.06590	0.08499	0.91002	-0.04331	0.02773	0.87497	-0.01435	0.10088	0.84746	0.00859	-0.03064	1.05381	-0.43883	-0.20099	1.06449	-0.37446	-0.04465	1.06167	-0.18904	-0.20866	1.06812	-0.27804	-0.23353	1.07378	-0.30226	-0.23047	1.07101	-0.35131	-0.23730	1.01373	-0.29881	-0.24757	0.99922	-0.33487	0.06412	0.65243	-0.51251	0.09588	0.55805	-0.45360	0.02765	0.82591	-0.50852	-0.01647	0.80332	-0.51328	0.05515	0.77333	-0.50170	0.00682	0.72979	-0.50748	0.04512	0.41219	-0.51210	-0.09990	0.16371	-0.44355	0.05375	0.37972	-0.34633	0.08640	0.36398	-0.38082	0.02582	0.32706	-0.34818	0.07319	0.31699	-0.39200	0.01412	0.08075	-0.43520	0.02061	0.06849	-0.39151	-0.16230	0.14385	-0.40128	-0.06176	0.13790	-0.47162	-0.02665	0.15504	-0.44039	-0.02478	0.09338	-0.48828	0.00738	0.09721	-0.47091	-0.10433	0.63769	-0.13431	-0.10770	0.51132	-0.20389	-0.04959	0.79065	-0.13359	-0.09773	0.78746	-0.12139	-0.04866	0.73240	-0.14617	-0.11029	0.71279	-0.13231	-0.13555	0.35615	-0.16275	-0.20507	0.08291	-0.26765	-0.11941	0.33744	-0.32736	-0.08490	0.32326	-0.29454	-0.13495	0.28008	-0.33557	-0.08607	0.27306	-0.29115	-0.06106	0.05007	-0.28324	-0.05141	0.04940	-0.32413	-0.25236	0.05660	-0.31451	-0.15663	0.08166	-0.24223	-0.13584	0.10576	-0.28040	-0.10362	0.05562	-0.22990	-0.07696	0.06850	-0.25344	-0.10518	0.97910	-0.22364	-0.09241	0.97644	-0.40261	-0.10955	0.51501	-0.25623	0.08917	0.55528	-0.40160	-0.20737	0.08717	-0.30231	-0.10731	0.16676	-0.40948	-0.20483	1.06630	-0.32625	-0.03765	1.05774	-0.31394	
169	1.68000	0.01613	1.71873	-0.36437	0.02664	1.71570	-0.24377	-0.12478	1.62674	-0.35477	-0.10241	1.63686	-0.22000	-0.13956	1.51505	-0.31313	-0.00414	1.44039	-0.31550	0.00803	1.27129	-0.32171	-0.19140	1.40842	-0.19550	-0.19194	1.23902	-0.32436	0.05212	1.37100	-0.30398	0.05276	1.37540	-0.35313	0.06244	1.31207	-0.30831	0.07096	1.33264	-0.37292	-0.09512	1.48322	-0.50601	-0.18976	1.13688	-0.53749	-0.11011	0.87731	-0.51725	-0.16443	0.88535	-0.56363	-0.13801	0.81815	-0.55908	-0.09567	1.45098	-0.11316	-0.09919	1.09313	-0.06431	0.10644	0.91366	-0.04127	0.04996	0.87750	-0.01230	0.12350	0.85155	0.01080	-0.01861	1.05313	-0.43815	-0.18913	1.06383	-0.37418	-0.03286	1.06077	-0.18832	-0.19671	1.06748	-0.27768	-0.22153	1.07315	-0.30193	-0.21831	1.07033	-0.35105	-0.22535	1.01310	-0.29849	-0.23561	0.99857	-0.33451	0.07797	0.65274	-0.51127	0.11134	0.55890	-0.45290	0.04058	0.82588	-0.50772	-0.00337	0.80298	-0.51198	0.06874	0.77367	-0.50063	0.02026	0.72969	-0.50548	0.06863	0.40899	-0.51110	-0.06309	0.15285	-0.44108	0.07798	0.37861	-0.34501	0.11185	0.36466	-0.37922	0.05329	0.32462	-0.34658	0.10193	0.31717	-0.38983	0.05583	0.07690	-0.43282	0.06394	0.06584	-0.38897	-0.12100	0.12847	-0.39773	-0.02366	0.12915	-0.46922	0.01031	0.14834	-0.43821	0.01601	0.08662	-0.48591	0.04778	0.09224	-0.46866	-0.09752	0.63711	-0.13375	-0.10388	0.51073	-0.20352	-0.04095	0.78937	-0.13331	-0.08916	0.78678	-0.12100	-0.04089	0.73105	-0.14580	-0.10265	0.71227	-0.13192	-0.13332	0.35580	-0.16261	-0.20508	0.08325	-0.26791	-0.11682	0.33706	-0.32714	-0.08262	0.32262	-0.29419	-0.13262	0.27985	-0.33540	-0.08261	0.27246	-0.29092	-0.06093	0.05000	-0.28318	-0.05136	0.04931	-0.32408	-0.25223	0.05709	-0.31467	-0.15665	0.08164	-0.24234	-0.13554	0.10589	-0.28019	-0.10365	0.05562	-0.22992	-0.07691	0.06852	-0.25346	-0.09341	0.97827	-0.22307	-0.08048	0.97579	-0.40204	-0.10626	0.51449	-0.25583	0.10517	0.55632	-0.40083	-0.20740	0.08760	-0.30256	-0.07071	0.15567	-0.40704	-0.19292	1.06565	-0.32593	-0.02573	1.05695	-0.31323	
170	1.69000	0.02809	1.71751	-0.36479	0.03891	1.71491	-0.24419	-0.11275	1.62561	-0.35451	-0.09005	1.63617	-0.21986	-0.12776	1.51412	-0.31260	0.00790	1.43951	-0.31512	0.02004	1.27030	-0.32107	-0.17928	1.40753	-0.19464	-0.17978	1.23799	-0.32383	0.06423	1.37011	-0.30368	0.06486	1.37452	-0.35274	0.07453	1.31121	-0.30788	0.08308	1.33173	-0.37249	-0.08343	1.48201	-0.50554	-0.17826	1.13565	-0.53642	-0.09809	0.87625	-0.51644	-0.15283	0.88412	-0.56253	-0.12625	0.81702	-0.55814	-0.08335	1.45024	-0.11263	-0.08174	1.09224	-0.06288	0.12735	0.91712	-0.03936	0.07154	0.87985	-0.01039	0.14566	0.85537	0.01279	-0.00647	1.05218	-0.43733	-0.17691	1.06286	-0.37377	-0.02111	1.05958	-0.18758	-0.18462	1.06661	-0.27737	-0.20924	1.07226	-0.30164	-0.20610	1.06942	-0.35070	-0.21338	1.01226	-0.29812	-0.22356	0.99771	-0.33420	0.09087	0.65231	-0.50992	0.12581	0.55915	-0.45242	0.05301	0.82522	-0.50682	0.00928	0.80220	-0.51059	0.08126	0.77317	-0.49940	0.03305	0.72900	-0.50332	0.09167	0.40597	-0.51001	-0.02591	0.14252	-0.43846	0.10251	0.37751	-0.34393	0.13627	0.36507	-0.37804	0.07985	0.32181	-0.34523	0.13039	0.31722	-0.38824	0.09745	0.07354	-0.43020	0.10637	0.06352	-0.38638	-0.08179	0.11541	-0.39481	0.01539	0.12087	-0.46667	0.04815	0.14236	-0.43636	0.05696	0.08032	-0.48326	0.08845	0.08803	-0.46632	-0.09105	0.63645	-0.13328	-0.09989	0.51007	-0.20319	-0.03225	0.78791	-0.13302	-0.08046	0.78594	-0.12062	-0.03284	0.72962	-0.14560	-0.09496	0.71157	-0.13151	-0.13080	0.35546	-0.16252	-0.20495	0.08354	-0.26813	-0.11453	0.33676	-0.32694	-0.08031	0.32192	-0.29404	-0.13073	0.27964	-0.33531	-0.08300	0.27123	-0.29121	-0.06083	0.04989	-0.28313	-0.05119	0.04921	-0.32405	-0.25216	0.05771	-0.31497	-0.15662	0.08160	-0.24252	-0.13540	0.10585	-0.28033	-0.10367	0.05561	-0.22996	-0.07691	0.06850	-0.25341	-0.08168	0.97718	-0.22248	-0.06847	0.97485	-0.40143	-0.10246	0.51391	-0.25548	0.12034	0.55683	-0.40026	-0.20725	0.08795	-0.30277	-0.03367	0.14508	-0.40443	-0.18077	1.06473	-0.32557	-0.01379	1.05588	-0.31245	
171	1.70000	0.04012	1.71613	-0.36515	0.05117	1.71393	-0.24457	-0.10076	1.62427	-0.35421	-0.07765	1.63528	-0.21963	-0.11563	1.51292	-0.31218	0.02011	1.43845	-0.31472	0.03227	1.26923	-0.32046	-0.16706	1.40637	-0.19389	-0.16773	1.23680	-0.32347	0.07660	1.36916	-0.30331	0.07696	1.37342	-0.35234	0.08671	1.31015	-0.30746	0.09530	1.33071	-0.37213	-0.07163	1.48060	-0.50505	-0.16662	1.13412	-0.53551	-0.08600	0.87487	-0.51569	-0.14089	0.88270	-0.56157	-0.11416	0.81564	-0.55734	-0.07099	1.44929	-0.11212	-0.06448	1.09129	-0.06154	0.14810	0.92031	-0.03783	0.09297	0.88202	-0.00868	0.16748	0.85899	0.01456	0.00574	1.05100	-0.43669	-0.16461	1.06174	-0.37339	-0.00915	1.05817	-0.18688	-0.17254	1.06558	-0.27697	-0.19728	1.07131	-0.30128	-0.19373	1.06834	-0.35034	-0.20128	1.01126	-0.29776	-0.21157	0.99676	-0.33384	0.10296	0.65108	-0.50841	0.14003	0.55877	-0.45200	0.06494	0.82386	-0.50583	0.02115	0.80076	-0.50906	0.09314	0.77180	-0.49789	0.04493	0.72764	-0.50114	0.11389	0.40317	-0.50893	0.01271	0.13333	-0.43593	0.12648	0.37586	-0.34280	0.15945	0.36491	-0.37767	0.10732	0.31902	-0.34393	0.15773	0.31730	-0.38718	0.13892	0.07091	-0.42727	0.14862	0.06199	-0.38351	-0.04189	0.10300	-0.39179	0.05458	0.11328	-0.46421	0.08635	0.13680	-0.43424	0.09871	0.07499	-0.48041	0.12962	0.08462	-0.46384	-0.08430	0.63570	-0.13274	-0.09568	0.50943	-0.20276	-0.02345	0.78636	-0.13280	-0.07164	0.78500	-0.12021	-0.02487	0.72808	-0.14539	-0.08714	0.71080	-0.13104	-0.12816	0.35515	-0.16242	-0.20461	0.08408	-0.26847	-0.11179	0.33640	-0.32680	-0.07792	0.32125	-0.29372	-0.12847	0.27944	-0.33526	-0.08082	0.27063	-0.29099	-0.06068	0.04979	-0.28304	-0.05092	0.04907	-0.32403	-0.25191	0.05827	-0.31532	-0.15681	0.08157	-0.24281	-0.13535	0.10584	-0.28049	-0.10368	0.05564	-0.22998	-0.07684	0.06851	-0.25338	-0.06980	0.97588	-0.22196	-0.05640	0.97371	-0.40090	-0.09850	0.51335	-0.25504	0.13575	0.55694	-0.39970	-0.20687	0.08857	-0.30310	0.00527	0.13546	-0.40180	-0.16858	1.06366	-0.32518	-0.00171	1.05458	-0.31179	
172	1.71000	0.05214	1.71457	-0.36551	0.06350	1.71275	-0.24493	-0.08864	1.62277	-0.35393	-0.06524	1.63417	-0.21944	-0.10349	1.51151	-0.31176	0.03215	1.43715	-0.31436	0.04462	1.26801	-0.31998	-0.15495	1.40501	-0.19324	-0.15544	1.23534	-0.32306	0.08870	1.36788	-0.30289	0.08920	1.37220	-0.35199	0.09894	1.30893	-0.30702	0.10761	1.32951	-0.37175	-0.05971	1.47904	-0.50461	-0.15456	1.13242	-0.53471	-0.07365	0.87331	-0.51494	-0.12862	0.88110	-0.56081	-0.10204	0.81387	-0.55651	-0.05860	1.44813	-0.11166	-0.04741	1.09022	-0.06039	0.16822	0.92323	-0.03649	0.11392	0.88396	-0.00713	0.18893	0.86232	0.01602	0.01806	1.04948	-0.43601	-0.15243	1.06054	-0.37309	0.00282	1.05660	-0.18619	-0.16043	1.06442	-0.27659	-0.18495	1.07023	-0.30102	-0.18145	1.06718	-0.34999	-0.18927	1.01015	-0.29742	-0.19956	0.99569	-0.33355	0.11383	0.64906	-0.50684	0.15350	0.55778	-0.45146	0.07611	0.82179	-0.50482	0.03234	0.79883	-0.50756	0.10417	0.76983	-0.49671	0.05596	0.72567	-0.49907	0.13470	0.40061	-0.50776	0.04989	0.12469	-0.43364	0.15038	0.37415	-0.34173	0.18345	0.36519	-0.37702	0.13528	0.31663	-0.34233	0.18328	0.31718	-0.38676	0.18035	0.06930	-0.42401	0.19151	0.06184	-0.38016	-0.00333	0.09271	-0.38980	0.09386	0.10667	-0.46163	0.12446	0.13217	-0.43168	0.13961	0.07053	-0.47738	0.17038	0.08211	-0.46087	-0.07744	0.63482	-0.13223	-0.09138	0.50874	-0.20232	-0.01466	0.78475	-0.13254	-0.06278	0.78396	-0.11972	-0.01689	0.72647	-0.14513	-0.07918	0.70995	-0.13051	-0.12563	0.35486	-0.16224	-0.20439	0.08442	-0.26873	-0.10894	0.33602	-0.32652	-0.07532	0.32053	-0.29332	-0.12624	0.27927	-0.33507	-0.07835	0.27003	-0.29039	-0.06056	0.04968	-0.28298	-0.05082	0.04896	-0.32394	-0.25162	0.05896	-0.31562	-0.15690	0.08158	-0.24300	-0.13516	0.10580	-0.28063	-0.10368	0.05561	-0.22999	-0.07685	0.06847	-0.25336	-0.05795	0.97445	-0.22141	-0.04429	0.97232	-0.40032	-0.09447	0.51274	-0.25457	0.15093	0.55673	-0.39904	-0.20655	0.08898	-0.30336	0.04309	0.12637	-0.39935	-0.15643	1.06248	-0.32484	0.01044	1.05304	-0.31110	
173	1.72000	0.06415	1.71290	-0.36582	0.07584	1.71138	-0.24527	-0.07660	1.62107	-0.35361	-0.05284	1.63287	-0.21927	-0.09141	1.50991	-0.31135	0.04447	1.43576	-0.31408	0.05702	1.26645	-0.31926	-0.14254	1.40342	-0.19267	-0.14301	1.23371	-0.32271	0.10111	1.36654	-0.30252	0.10147	1.37078	-0.35157	0.11136	1.30758	-0.30662	0.11980	1.32805	-0.37128	-0.04782	1.47723	-0.50420	-0.14234	1.13053	-0.53397	-0.06115	0.87148	-0.51417	-0.11581	0.87931	-0.56002	-0.08934	0.81215	-0.55588	-0.04629	1.44677	-0.11122	-0.03047	1.08903	-0.05925	0.18797	0.92577	-0.03543	0.13477	0.88573	-0.00598	0.20996	0.86539	0.01725	0.03052	1.04770	-0.43545	-0.14008	1.05914	-0.37266	0.01479	1.05476	-0.18546	-0.14814	1.06307	-0.27619	-0.17271	1.06893	-0.30068	-0.16905	1.06590	-0.34974	-0.17708	1.00887	-0.29710	-0.18720	0.99438	-0.33318	0.12356	0.64633	-0.50529	0.16645	0.55636	-0.45087	0.08676	0.81915	-0.50383	0.04326	0.79643	-0.50625	0.11466	0.76709	-0.49568	0.06609	0.72319	-0.49735	0.15376	0.39832	-0.50658	0.08807	0.11715	-0.43089	0.17411	0.37284	-0.34071	0.20842	0.36604	-0.37618	0.16290	0.31443	-0.34087	0.21075	0.31795	-0.38581	0.22147	0.06887	-0.42056	0.23293	0.06219	-0.37691	0.03615	0.08279	-0.38704	0.13332	0.10130	-0.45865	0.16237	0.12854	-0.42882	0.18082	0.06736	-0.47413	0.21110	0.08082	-0.45759	-0.07029	0.63385	-0.13156	-0.08708	0.50802	-0.20182	-0.00577	0.78308	-0.13216	-0.05385	0.78284	-0.11918	-0.00862	0.72487	-0.14478	-0.07123	0.70906	-0.12991	-0.12337	0.35457	-0.16196	-0.20410	0.08482	-0.26900	-0.10585	0.33556	-0.32613	-0.07246	0.31978	-0.29272	-0.12355	0.27897	-0.33487	-0.07581	0.26935	-0.28990	-0.05941	0.04981	-0.28232	-0.05033	0.04892	-0.32366	-0.25465	0.06135	-0.31638	-0.15684	0.08160	-0.24311	-0.13502	0.10583	-0.28065	-0.10330	0.05563	-0.22989	-0.07639	0.06858	-0.25309	-0.04612	0.97279	-0.22093	-0.03211	0.97069	-0.39981	-0.09065	0.51212	-0.25404	0.16623	0.55644	-0.39837	-0.20612	0.08944	-0.30364	0.08269	0.11833	-0.39633	-0.14411	1.06111	-0.32443	0.02265	1.05123	-0.31045	
174	1.73000	0.07620	1.71108	-0.36608	0.08821	1.70988	-0.24559	-0.06442	1.61924	-0.35343	-0.04032	1.63134	-0.21909	-0.07921	1.50812	-0.31105	0.05672	1.43420	-0.31366	0.06954	1.26491	-0.31893	-0.13016	1.40164	-0.19211	-0.13047	1.23185	-0.32248	0.11336	1.36494	-0.30212	0.11385	1.36921	-0.35122	0.12388	1.30608	-0.30623	0.13234	1.32650	-0.37099	-0.03572	1.47523	-0.50384	-0.12991	1.12842	-0.53335	-0.04839	0.86947	-0.51354	-0.10341	0.87711	-0.55923	-0.07668	0.81017	-0.55517	-0.03373	1.44528	-0.11084	-0.01363	1.08774	-0.05825	0.20777	0.92813	-0.03450	0.15477	0.88731	-0.00498	0.23064	0.86818	0.01817	0.04308	1.04566	-0.43480	-0.12762	1.05765	-0.37234	0.02709	1.05290	-0.18481	-0.13584	1.06162	-0.27583	-0.16027	1.06752	-0.30039	-0.15650	1.06445	-0.34940	-0.16483	1.00747	-0.29675	-0.17430	0.99278	-0.33271	0.13236	0.64277	-0.50386	0.17869	0.55440	-0.44998	0.09674	0.81619	-0.50288	0.05303	0.79347	-0.50471	0.12472	0.76388	-0.49499	0.07574	0.72019	-0.49598	0.17133	0.39595	-0.50517	0.12620	0.11074	-0.42794	0.19707	0.37176	-0.33948	0.23008	0.36665	-0.37560	0.18951	0.31286	-0.33923	0.23671	0.31916	-0.38479	0.26196	0.06958	-0.41703	0.27369	0.06371	-0.37349	0.07759	0.07331	-0.38361	0.17270	0.09703	-0.45557	0.20006	0.12600	-0.42601	0.22192	0.06579	-0.47047	0.25119	0.08065	-0.45403	-0.06298	0.63285	-0.13094	-0.08255	0.50732	-0.20127	0.00352	0.78134	-0.13182	-0.04486	0.78173	-0.11864	-0.00027	0.72332	-0.14452	-0.06320	0.70812	-0.12930	-0.12087	0.35426	-0.16169	-0.20409	0.08536	-0.26920	-0.10269	0.33516	-0.32575	-0.06925	0.31906	-0.29193	-0.12104	0.27885	-0.33456	-0.07358	0.26855	-0.28941	-0.06046	0.04949	-0.28285	-0.05023	0.04885	-0.32362	-0.25442	0.06231	-0.31666	-0.15671	0.08163	-0.24320	-0.13478	0.10549	-0.28050	-0.10374	0.05560	-0.23001	-0.07667	0.06841	-0.25319	-0.03401	0.97108	-0.22031	-0.01982	0.96885	-0.39918	-0.08653	0.51154	-0.25345	0.18122	0.55585	-0.39756	-0.20603	0.09005	-0.30383	0.12275	0.11154	-0.39312	-0.13173	1.05963	-0.32409	0.03509	1.04928	-0.30980	
175	1.74000	0.08832	1.70917	-0.36637	0.10060	1.70823	-0.24589	-0.05220	1.61725	-0.35315	-0.02784	1.62969	-0.21896	-0.06689	1.50619	-0.31072	0.06939	1.43257	-0.31347	0.08230	1.26322	-0.31845	-0.11768	1.39963	-0.19166	-0.11775	1.22985	-0.32232	0.12613	1.36336	-0.30193	0.12653	1.36757	-0.35093	0.13651	1.30444	-0.30586	0.14492	1.32483	-0.37061	-0.02362	1.47307	-0.50357	-0.11728	1.12609	-0.53277	-0.03542	0.86726	-0.51300	-0.09006	0.87498	-0.55890	-0.06348	0.80797	-0.55473	-0.02108	1.44356	-0.11058	0.00318	1.08626	-0.05725	0.22676	0.93008	-0.03391	0.17490	0.88854	-0.00412	0.25109	0.87060	0.01885	0.05577	1.04340	-0.43415	-0.11491	1.05592	-0.37202	0.03930	1.05084	-0.18401	-0.12340	1.06004	-0.27545	-0.14778	1.06600	-0.30007	-0.14397	1.06287	-0.34911	-0.15249	1.00600	-0.29646	-0.16199	0.99132	-0.33238	0.14067	0.63827	-0.50258	0.19011	0.55189	-0.44864	0.10679	0.81261	-0.50239	0.06275	0.79026	-0.50384	0.13423	0.76012	-0.49448	0.08499	0.71678	-0.49495	0.18864	0.39299	-0.50336	0.16396	0.10603	-0.42517	0.21929	0.37097	-0.33780	0.25383	0.36824	-0.37391	0.21541	0.31171	-0.33732	0.26159	0.32056	-0.38327	0.30188	0.07161	-0.41356	0.31354	0.06640	-0.37002	0.11751	0.06552	-0.38014	0.21154	0.09398	-0.45260	0.23714	0.12433	-0.42313	0.26218	0.06509	-0.46699	0.29073	0.08173	-0.45076	-0.05578	0.63183	-0.13024	-0.07765	0.50667	-0.20066	0.01248	0.77958	-0.13122	-0.03588	0.78057	-0.11796	0.00794	0.72145	-0.14367	-0.05517	0.70713	-0.12856	-0.11805	0.35403	-0.16139	-0.20371	0.08595	-0.26940	-0.09924	0.33476	-0.32525	-0.06652	0.31830	-0.29148	-0.11829	0.27869	-0.33420	-0.07108	0.26795	-0.28892	-0.06029	0.04940	-0.28276	-0.05002	0.04877	-0.32352	-0.25416	0.06335	-0.31699	-0.15657	0.08168	-0.24323	-0.13455	0.10564	-0.28043	-0.10368	0.05555	-0.23001	-0.07657	0.06831	-0.25310	-0.02198	0.96918	-0.21968	-0.00744	0.96681	-0.39852	-0.08181	0.51098	-0.25282	0.19544	0.55477	-0.39649	-0.20548	0.09069	-0.30403	0.16236	0.10664	-0.39021	-0.11916	1.05798	-0.32373	0.04754	1.04712	-0.30908	
176	1.75000	0.10046	1.70721	-0.36665	0.11306	1.70651	-0.24618	-0.03990	1.61520	-0.35297	-0.01529	1.62787	-0.21884	-0.05449	1.50416	-0.31051	0.08210	1.43077	-0.31330	0.09522	1.26136	-0.31815	-0.10477	1.39745	-0.19118	-0.10492	1.22774	-0.32213	0.13887	1.36165	-0.30162	0.13920	1.36577	-0.35072	0.14939	1.30272	-0.30553	0.15772	1.32308	-0.37036	-0.01138	1.47075	-0.50332	-0.10431	1.12369	-0.53236	-0.02234	0.86485	-0.51246	-0.07670	0.87253	-0.55851	-0.05001	0.80561	-0.55441	-0.00832	1.44174	-0.11026	0.01979	1.08477	-0.05636	0.24553	0.93178	-0.03350	0.19421	0.88962	-0.00318	0.27106	0.87282	0.01927	0.06847	1.04095	-0.43346	-0.10227	1.05417	-0.37164	0.05165	1.04872	-0.18341	-0.11099	1.05840	-0.27510	-0.13526	1.06440	-0.29986	-0.13129	1.06119	-0.34883	-0.14006	1.00439	-0.29611	-0.14946	0.98965	-0.33205	0.14867	0.63296	-0.50143	0.20141	0.54889	-0.44745	0.11673	0.80878	-0.50208	0.07249	0.78684	-0.50326	0.14373	0.75601	-0.49423	0.09407	0.71317	-0.49448	0.20728	0.38961	-0.50127	0.20076	0.10218	-0.42167	0.24073	0.37029	-0.33570	0.27518	0.36940	-0.37211	0.24031	0.31096	-0.33506	0.28592	0.32244	-0.38108	0.34170	0.07552	-0.40994	0.35233	0.07047	-0.36658	0.15679	0.05916	-0.37643	0.24924	0.09196	-0.44930	0.27343	0.12396	-0.42021	0.30139	0.06562	-0.46335	0.32904	0.08385	-0.44729	-0.04863	0.63093	-0.12961	-0.07257	0.50599	-0.19996	0.02158	0.77785	-0.13052	-0.02682	0.77942	-0.11731	0.01646	0.71974	-0.14275	-0.04679	0.70625	-0.12775	-0.11516	0.35388	-0.16106	-0.20339	0.08661	-0.26953	-0.09555	0.33457	-0.32471	-0.06355	0.31764	-0.29101	-0.11550	0.27866	-0.33390	-0.06882	0.26724	-0.28843	-0.05966	0.04951	-0.28231	-0.04983	0.04870	-0.32333	-0.25384	0.06459	-0.31722	-0.15638	0.08182	-0.24320	-0.13420	0.10576	-0.28032	-0.10353	0.05549	-0.22997	-0.07633	0.06825	-0.25297	-0.00987	0.96725	-0.21906	0.00493	0.96463	-0.39787	-0.07677	0.51037	-0.25210	0.20972	0.55329	-0.39579	-0.20496	0.09139	-0.30416	0.20048	0.10289	-0.38668	-0.10663	1.05629	-0.32337	0.06006	1.04483	-0.30844	
177	1.76000	0.11267	1.70523	-0.36690	0.12547	1.70469	-0.24645	-0.02749	1.61306	-0.35282	-0.00265	1.62594	-0.21875	-0.04183	1.50199	-0.31040	0.09474	1.42885	-0.31313	0.10816	1.25940	-0.31777	-0.09201	1.39527	-0.19084	-0.09191	1.22554	-0.32194	0.15170	1.35979	-0.30143	0.15205	1.36390	-0.35052	0.16248	1.30093	-0.30533	0.17062	1.32121	-0.37014	0.00089	1.46824	-0.50314	-0.09151	1.12085	-0.53199	-0.00888	0.86229	-0.51212	-0.06359	0.86977	-0.55798	-0.03629	0.80306	-0.55410	0.00458	1.43979	-0.11008	0.03615	1.08311	-0.05548	0.26405	0.93324	-0.03331	0.21329	0.89041	-0.00270	0.29047	0.87460	0.01950	0.08139	1.03842	-0.43284	-0.08945	1.05224	-0.37135	0.06407	1.04655	-0.18277	-0.09846	1.05669	-0.27483	-0.12251	1.06264	-0.29962	-0.11834	1.05929	-0.34857	-0.12753	1.00265	-0.29576	-0.13685	0.98787	-0.33173	0.15613	0.62725	-0.50031	0.21274	0.54537	-0.44623	0.12704	0.80502	-0.50183	0.08325	0.78377	-0.50364	0.15332	0.75186	-0.49422	0.10349	0.70963	-0.49484	0.22734	0.38638	-0.49926	0.23785	0.09931	-0.41845	0.26125	0.36982	-0.33352	0.29556	0.37054	-0.36990	0.26398	0.31045	-0.33247	0.30904	0.32424	-0.37860	0.37925	0.08007	-0.40611	0.38994	0.07585	-0.36293	0.19580	0.05369	-0.37234	0.28592	0.09111	-0.44580	0.30830	0.12459	-0.41695	0.33925	0.06747	-0.45943	0.36585	0.08714	-0.44348	-0.04164	0.63010	-0.12893	-0.06721	0.50544	-0.19925	0.03073	0.77613	-0.12979	-0.01772	0.77829	-0.11662	0.02480	0.71800	-0.14184	-0.03863	0.70534	-0.12705	-0.11210	0.35383	-0.16066	-0.20298	0.08749	-0.26953	-0.09206	0.33431	-0.32418	-0.06037	0.31702	-0.29028	-0.11261	0.27868	-0.33351	-0.06644	0.26659	-0.28781	-0.05953	0.04942	-0.28222	-0.05027	0.04852	-0.32359	-0.25355	0.06605	-0.31738	-0.15613	0.08194	-0.24307	-0.13384	0.10606	-0.28006	-0.10343	0.05542	-0.22991	-0.07615	0.06818	-0.25280	0.00236	0.96524	-0.21848	0.01752	0.96235	-0.39726	-0.07116	0.50985	-0.25142	0.22430	0.55142	-0.39538	-0.20426	0.09228	-0.30418	0.23852	0.10025	-0.38347	-0.09396	1.05446	-0.32309	0.07273	1.04249	-0.30781	
178	1.77000	0.12501	1.70318	-0.36718	0.13800	1.70279	-0.24674	-0.01501	1.61081	-0.35276	0.01003	1.62390	-0.21877	-0.02909	1.49972	-0.31020	0.10767	1.42685	-0.31307	0.12132	1.25735	-0.31752	-0.07901	1.39299	-0.19049	-0.07899	1.22331	-0.32183	0.16463	1.35784	-0.30128	0.16508	1.36196	-0.35040	0.17559	1.29904	-0.30516	0.18364	1.31922	-0.36997	0.01328	1.46563	-0.50297	-0.07839	1.11796	-0.53166	0.00488	0.85965	-0.51193	-0.04976	0.86696	-0.55775	-0.02226	0.80037	-0.55395	0.01773	1.43776	-0.10992	0.05233	1.08144	-0.05469	0.28219	0.93427	-0.03339	0.23044	0.89153	-0.00277	0.30947	0.87611	0.01951	0.09426	1.03572	-0.43226	-0.07667	1.05013	-0.37112	0.07653	1.04432	-0.18223	-0.08572	1.05483	-0.27462	-0.10978	1.06074	-0.29944	-0.10551	1.05729	-0.34839	-0.11486	1.00080	-0.29551	-0.12412	0.98594	-0.33142	0.16311	0.62136	-0.49926	0.22412	0.54159	-0.44535	0.13792	0.80143	-0.50147	0.09384	0.78072	-0.50398	0.16379	0.74804	-0.49431	0.11343	0.70623	-0.49611	0.24801	0.38364	-0.49722	0.27315	0.09760	-0.41401	0.28062	0.36937	-0.33105	0.31511	0.37173	-0.36734	0.28652	0.31020	-0.32974	0.33095	0.32614	-0.37566	0.41479	0.08544	-0.40223	0.42570	0.08235	-0.35905	0.23270	0.04989	-0.36829	0.32131	0.09153	-0.44214	0.34162	0.12621	-0.41315	0.37570	0.07020	-0.45533	0.40122	0.09152	-0.43958	-0.03432	0.62930	-0.12813	-0.06154	0.50490	-0.19861	0.04001	0.77436	-0.12888	-0.00845	0.77715	-0.11587	0.03316	0.71619	-0.14085	-0.03022	0.70446	-0.12629	-0.10890	0.35386	-0.16021	-0.20242	0.08839	-0.26984	-0.08817	0.33412	-0.32365	-0.05687	0.31638	-0.28953	-0.10950	0.27870	-0.33313	-0.06365	0.26605	-0.28726	-0.05922	0.04941	-0.28209	-0.04976	0.04862	-0.32310	-0.25315	0.06765	-0.31774	-0.15531	0.08220	-0.24307	-0.13337	0.10629	-0.27991	-0.10318	0.05536	-0.22985	-0.07587	0.06810	-0.25273	0.01463	0.96314	-0.21792	0.03011	0.95990	-0.39666	-0.06529	0.50934	-0.25079	0.23907	0.54933	-0.39563	-0.20337	0.09318	-0.30450	0.27436	0.09898	-0.37906	-0.08119	1.05248	-0.32287	0.08540	1.04002	-0.30725	
179	1.78000	0.13733	1.70112	-0.36752	0.15052	1.70088	-0.24709	-0.00248	1.60842	-0.35278	0.02287	1.62169	-0.21879	-0.01611	1.49738	-0.31015	0.12071	1.42478	-0.31310	0.13463	1.25523	-0.31725	-0.06580	1.39068	-0.19014	-0.06582	1.22104	-0.32176	0.17793	1.35588	-0.30124	0.17822	1.35992	-0.35034	0.18879	1.29702	-0.30506	0.19698	1.31725	-0.36995	0.02564	1.46291	-0.50283	-0.06506	1.11490	-0.53134	0.01896	0.85688	-0.51189	-0.03577	0.86405	-0.55764	-0.00800	0.79758	-0.55397	0.03109	1.43568	-0.10979	0.06838	1.07959	-0.05395	0.29946	0.93494	-0.03347	0.24893	0.89179	-0.00245	0.32807	0.87724	0.01929	0.10742	1.03305	-0.43181	-0.06361	1.04789	-0.37091	0.08916	1.04211	-0.18181	-0.07299	1.05285	-0.27448	-0.09704	1.05875	-0.29940	-0.09264	1.05517	-0.34837	-0.10194	0.99876	-0.29522	-0.11109	0.98375	-0.33115	0.16953	0.61557	-0.49834	0.23497	0.53772	-0.44468	0.14966	0.79820	-0.50112	0.10500	0.77785	-0.50476	0.17497	0.74449	-0.49432	0.12421	0.70319	-0.49801	0.26799	0.38125	-0.49509	0.30633	0.09557	-0.41027	0.29878	0.36900	-0.32872	0.33357	0.37287	-0.36456	0.30788	0.31025	-0.32690	0.35208	0.32835	-0.37254	0.44843	0.09181	-0.39812	0.45944	0.08982	-0.35476	0.26806	0.04708	-0.36442	0.35450	0.09209	-0.43785	0.37255	0.12830	-0.41002	0.41029	0.07387	-0.45080	0.43471	0.09677	-0.43533	-0.02671	0.62851	-0.12724	-0.05577	0.50435	-0.19770	0.04928	0.77268	-0.12807	0.00089	0.77602	-0.11517	0.04185	0.71454	-0.13978	-0.02191	0.70360	-0.12542	-0.10567	0.35390	-0.15978	-0.20183	0.08961	-0.27001	-0.08406	0.33388	-0.32308	-0.05322	0.31575	-0.28884	-0.10604	0.27881	-0.33272	-0.06046	0.26554	-0.28651	-0.05875	0.04942	-0.28196	-0.05005	0.04847	-0.32328	-0.25254	0.06981	-0.31812	-0.15474	0.08262	-0.24293	-0.13489	0.10625	-0.28052	-0.10294	0.05542	-0.22981	-0.07517	0.06824	-0.25228	0.02717	0.96100	-0.21751	0.04303	0.95743	-0.39622	-0.05942	0.50878	-0.24988	0.25322	0.54705	-0.39634	-0.20248	0.09441	-0.30467	0.30788	0.09739	-0.37535	-0.06830	1.05037	-0.32269	0.09829	1.03758	-0.30681	
180	1.79000	0.14969	1.69903	-0.36787	0.16311	1.69896	-0.24743	0.01030	1.60592	-0.35286	0.03574	1.61939	-0.21896	-0.00282	1.49498	-0.31006	0.13403	1.42263	-0.31316	0.14819	1.25305	-0.31704	-0.05249	1.38842	-0.18990	-0.05265	1.21876	-0.32161	0.19122	1.35376	-0.30126	0.19149	1.35781	-0.35040	0.20226	1.29498	-0.30499	0.21025	1.31512	-0.36996	0.03811	1.46008	-0.50274	-0.05157	1.11175	-0.53110	0.03329	0.85401	-0.51200	-0.02184	0.86093	-0.55762	0.00652	0.79469	-0.55407	0.04466	1.43356	-0.10969	0.08411	1.07777	-0.05331	0.31680	0.93534	-0.03384	0.26678	0.89180	-0.00231	0.34621	0.87807	0.01892	0.12074	1.03032	-0.43129	-0.05049	1.04549	-0.37083	0.10196	1.03997	-0.18136	-0.06009	1.05079	-0.27435	-0.08397	1.05652	-0.29936	-0.07958	1.05279	-0.34833	-0.08885	0.99658	-0.29509	-0.09800	0.98148	-0.33094	0.17626	0.61046	-0.49774	0.24584	0.53375	-0.44401	0.16199	0.79515	-0.50069	0.11728	0.77522	-0.50590	0.18671	0.74112	-0.49422	0.13573	0.70031	-0.49988	0.28687	0.37911	-0.49289	0.33810	0.09545	-0.40640	0.31634	0.36879	-0.32625	0.35099	0.37399	-0.36204	0.32823	0.31054	-0.32408	0.37189	0.33047	-0.36937	0.48003	0.09861	-0.39351	0.49098	0.09764	-0.35012	0.30237	0.04540	-0.36054	0.38678	0.09421	-0.43379	0.40262	0.13144	-0.40587	0.44355	0.07883	-0.44631	0.46633	0.10263	-0.43059	-0.01891	0.62776	-0.12637	-0.04937	0.50386	-0.19699	0.05888	0.77110	-0.12705	0.01049	0.77496	-0.11441	0.05093	0.71302	-0.13873	-0.01295	0.70273	-0.12448	-0.10197	0.35411	-0.15936	-0.20120	0.09095	-0.27004	-0.07961	0.33371	-0.32249	-0.04930	0.31508	-0.28803	-0.10245	0.27897	-0.33223	-0.05708	0.26508	-0.28577	-0.05838	0.04943	-0.28179	-0.04965	0.04839	-0.32304	-0.25199	0.07193	-0.31816	-0.15427	0.08299	-0.24268	-0.13299	0.10703	-0.27948	-0.10249	0.05542	-0.22970	-0.07475	0.06821	-0.25202	0.03994	0.95886	-0.21700	0.05617	0.95487	-0.39566	-0.05270	0.50828	-0.24920	0.26672	0.54430	-0.39702	-0.20150	0.09572	-0.30471	0.34004	0.09776	-0.37153	-0.05529	1.04814	-0.32259	0.11135	1.03515	-0.30632	
181	1.80000	0.16224	1.69702	-0.36826	0.17576	1.69709	-0.24785	0.02320	1.60340	-0.35304	0.04872	1.61708	-0.21916	0.01029	1.49273	-0.31003	0.14733	1.42040	-0.31332	0.16152	1.25076	-0.31683	-0.03890	1.38621	-0.18955	-0.03927	1.21648	-0.32160	0.20468	1.35159	-0.30141	0.20484	1.35555	-0.35050	0.21580	1.29282	-0.30508	0.22355	1.31287	-0.37004	0.05072	1.45730	-0.50272	-0.03795	1.10856	-0.53085	0.04788	0.85111	-0.51225	-0.00678	0.85808	-0.55785	0.02114	0.79176	-0.55431	0.05847	1.43141	-0.10966	0.09859	1.07619	-0.05255	0.33356	0.93544	-0.03438	0.28445	0.89155	-0.00242	0.36366	0.87857	0.01844	0.13433	1.02769	-0.43083	-0.03702	1.04296	-0.37065	0.11485	1.03779	-0.18092	-0.04700	1.04860	-0.27434	-0.07080	1.05422	-0.29942	-0.06644	1.05035	-0.34830	-0.07560	0.99429	-0.29491	-0.08470	0.97905	-0.33071	0.18435	0.60651	-0.49779	0.25661	0.52995	-0.44292	0.17479	0.79234	-0.50028	0.12966	0.77274	-0.50660	0.19907	0.73795	-0.49378	0.14796	0.69759	-0.50129	0.30444	0.37724	-0.49067	0.36780	0.09640	-0.40261	0.33334	0.36870	-0.32377	0.36787	0.37529	-0.35939	0.34770	0.31102	-0.32140	0.39066	0.33260	-0.36642	0.50958	0.10511	-0.38837	0.52016	0.10548	-0.34487	0.33353	0.04459	-0.35683	0.41724	0.09657	-0.42961	0.43073	0.13477	-0.40182	0.47488	0.08362	-0.44138	0.49619	0.10853	-0.42553	-0.01121	0.62698	-0.12537	-0.04182	0.50355	-0.19630	0.06873	0.76949	-0.12610	0.02041	0.77384	-0.11359	0.06025	0.71147	-0.13764	-0.00380	0.70185	-0.12363	-0.09788	0.35443	-0.15885	-0.20044	0.09251	-0.26995	-0.07493	0.33352	-0.32185	-0.04497	0.31448	-0.28727	-0.09849	0.27909	-0.33176	-0.05376	0.26450	-0.28497	-0.05795	0.04944	-0.28163	-0.05012	0.04845	-0.32291	-0.25139	0.07427	-0.31818	-0.15361	0.08352	-0.24233	-0.13211	0.10726	-0.27892	-0.10177	0.05552	-0.22931	-0.07422	0.06809	-0.25182	0.05290	0.95664	-0.21662	0.06962	0.95233	-0.39523	-0.04421	0.50779	-0.24857	0.27884	0.54110	-0.39669	-0.20014	0.09714	-0.30464	0.36998	0.09912	-0.36779	-0.04201	1.04578	-0.32249	0.12459	1.03274	-0.30588	
182	1.81000	0.17482	1.69509	-0.36875	0.18846	1.69531	-0.24831	0.03629	1.60090	-0.35329	0.06185	1.61480	-0.21948	0.02371	1.49053	-0.31011	0.16080	1.41820	-0.31350	0.17508	1.24846	-0.31669	-0.02527	1.38411	-0.18923	-0.02578	1.21431	-0.32148	0.21824	1.34941	-0.30152	0.21819	1.35324	-0.35066	0.22934	1.29061	-0.30517	0.23698	1.31058	-0.37013	0.06358	1.45450	-0.50285	-0.02401	1.10530	-0.53070	0.06287	0.84826	-0.51268	0.00748	0.85490	-0.55777	0.03611	0.78888	-0.55465	0.07256	1.42938	-0.10965	0.11290	1.07445	-0.05166	0.35004	0.93527	-0.03503	0.30153	0.89112	-0.00251	0.38087	0.87871	0.01772	0.14799	1.02507	-0.43037	-0.02372	1.04046	-0.37071	0.12796	1.03564	-0.18044	-0.03384	1.04639	-0.27436	-0.05749	1.05188	-0.29946	-0.05311	1.04789	-0.34841	-0.06228	0.99195	-0.29475	-0.07119	0.97658	-0.33061	0.19432	0.60419	-0.49807	0.26732	0.52659	-0.44171	0.18772	0.78947	-0.49971	0.14264	0.77024	-0.50702	0.21169	0.73473	-0.49298	0.16035	0.69496	-0.50183	0.32078	0.37540	-0.48841	0.39545	0.09757	-0.39870	0.34938	0.36855	-0.32139	0.38389	0.37646	-0.35701	0.36592	0.31149	-0.31870	0.40833	0.33464	-0.36375	0.53694	0.11148	-0.38301	0.54682	0.11282	-0.33944	0.36277	0.04460	-0.35323	0.44573	0.09914	-0.42543	0.45740	0.13813	-0.39787	0.50389	0.08790	-0.43607	0.52401	0.11401	-0.42028	-0.00246	0.62622	-0.12458	-0.03498	0.50282	-0.19564	0.07896	0.76785	-0.12520	0.03065	0.77266	-0.11276	0.06990	0.70995	-0.13673	0.00567	0.70091	-0.12299	-0.09330	0.35481	-0.15838	-0.19961	0.09429	-0.26974	-0.06987	0.33333	-0.32125	-0.04054	0.31377	-0.28649	-0.09439	0.27931	-0.33118	-0.05000	0.26403	-0.28416	-0.05895	0.04912	-0.28230	-0.04950	0.04839	-0.32274	-0.25069	0.07697	-0.31792	-0.15279	0.08421	-0.24187	-0.13103	0.10833	-0.27833	-0.10124	0.05559	-0.22906	-0.07355	0.06801	-0.25154	0.06606	0.95444	-0.21617	0.08317	0.94980	-0.39473	-0.03736	0.50708	-0.24791	0.28964	0.53769	-0.39551	-0.19918	0.09892	-0.30443	0.39770	0.10064	-0.36391	-0.02878	1.04343	-0.32253	0.13798	1.03035	-0.30541	
183	1.82000	0.18760	1.69325	-0.36932	0.20127	1.69363	-0.24887	0.04950	1.59846	-0.35359	0.07502	1.61264	-0.21989	0.03736	1.48849	-0.31010	0.17447	1.41605	-0.31382	0.18866	1.24620	-0.31660	-0.01139	1.38217	-0.18890	-0.01231	1.21222	-0.32130	0.23181	1.34713	-0.30174	0.23175	1.35094	-0.35088	0.24308	1.28841	-0.30539	0.25046	1.30824	-0.37036	0.07653	1.45174	-0.50302	-0.01001	1.10210	-0.53049	0.07792	0.84539	-0.51312	0.02230	0.85188	-0.55795	0.05132	0.78607	-0.55510	0.08680	1.42737	-0.10964	0.12817	1.07250	-0.05132	0.36562	0.93466	-0.03568	0.32036	0.89036	-0.00308	0.39755	0.87850	0.01694	0.16164	1.02254	-0.42987	-0.01033	1.03803	-0.37074	0.14123	1.03348	-0.17988	-0.02047	1.04413	-0.27437	-0.04409	1.04951	-0.29955	-0.03967	1.04546	-0.34852	-0.04885	0.98960	-0.29473	-0.05763	0.97414	-0.33058	0.20684	0.60313	-0.49794	0.27829	0.52361	-0.44017	0.20064	0.78678	-0.49905	0.15556	0.76791	-0.50679	0.22418	0.73188	-0.49213	0.17270	0.69247	-0.50151	0.33617	0.37353	-0.48621	0.42070	0.09860	-0.39459	0.36507	0.36859	-0.31935	0.39922	0.37737	-0.35488	0.38348	0.31207	-0.31628	0.42489	0.33625	-0.36141	0.56182	0.11698	-0.37766	0.57083	0.11944	-0.33383	0.38958	0.04497	-0.34928	0.47191	0.10095	-0.42131	0.48189	0.14086	-0.39426	0.53052	0.09154	-0.43072	0.54952	0.11853	-0.41520	0.00687	0.62540	-0.12381	-0.02720	0.50224	-0.19499	0.08959	0.76631	-0.12431	0.04135	0.77152	-0.11196	0.07991	0.70839	-0.13575	0.01559	0.70001	-0.12224	-0.08795	0.35517	-0.15783	-0.19857	0.09633	-0.26936	-0.06473	0.33315	-0.32076	-0.03559	0.31321	-0.28578	-0.09007	0.27967	-0.33062	-0.04579	0.26363	-0.28343	-0.05815	0.04915	-0.28168	-0.04936	0.04837	-0.32256	-0.24989	0.07998	-0.31748	-0.15190	0.08507	-0.24129	-0.12980	0.10914	-0.27759	-0.10069	0.05560	-0.22882	-0.07274	0.06796	-0.25125	0.07938	0.95224	-0.21563	0.09676	0.94733	-0.39416	-0.02951	0.50652	-0.24726	0.29952	0.53412	-0.39332	-0.19807	0.10098	-0.30405	0.42280	0.10189	-0.35981	-0.01540	1.04108	-0.32256	0.15144	1.02801	-0.30487	
184	1.83000	0.20045	1.69150	-0.36999	0.21431	1.69206	-0.24956	0.06276	1.59618	-0.35400	0.08842	1.61057	-0.22032	0.05106	1.48651	-0.31022	0.18820	1.41398	-0.31410	0.20242	1.24406	-0.31662	0.00286	1.38032	-0.18857	0.00137	1.21018	-0.32104	0.24567	1.34496	-0.30206	0.24538	1.34868	-0.35112	0.25680	1.28615	-0.30559	0.26409	1.30593	-0.37064	0.08969	1.44913	-0.50323	0.00429	1.09900	-0.53032	0.09329	0.84268	-0.51364	0.03732	0.84897	-0.55815	0.06676	0.78337	-0.55565	0.10128	1.42552	-0.10964	0.14293	1.07069	-0.05102	0.38117	0.93382	-0.03647	0.33514	0.88918	-0.00271	0.41364	0.87796	0.01603	0.17542	1.02021	-0.42948	0.00337	1.03560	-0.37080	0.15473	1.03133	-0.17931	-0.00694	1.04188	-0.27440	-0.03057	1.04721	-0.29969	-0.02599	1.04302	-0.34864	-0.03518	0.98729	-0.29477	-0.04400	0.97176	-0.33055	0.22097	0.60168	-0.49638	0.29028	0.52102	-0.43836	0.21336	0.78412	-0.49861	0.16816	0.76543	-0.50590	0.23685	0.72928	-0.49138	0.18513	0.69001	-0.50010	0.35051	0.37146	-0.48392	0.44327	0.09923	-0.39037	0.38043	0.36852	-0.31726	0.41411	0.37801	-0.35301	0.40033	0.31252	-0.31385	0.44115	0.33766	-0.35927	0.58395	0.12117	-0.37263	0.59219	0.12497	-0.32856	0.41325	0.04530	-0.34525	0.49518	0.10147	-0.41723	0.50385	0.14259	-0.39100	0.55421	0.09392	-0.42561	0.57278	0.12171	-0.41029	0.01666	0.62450	-0.12302	-0.01900	0.50169	-0.19435	0.10068	0.76482	-0.12355	0.05256	0.77042	-0.11137	0.09045	0.70690	-0.13488	0.02580	0.69908	-0.12150	-0.08212	0.35568	-0.15721	-0.19734	0.09859	-0.26878	-0.05903	0.33319	-0.31999	-0.03035	0.31262	-0.28517	-0.08546	0.28009	-0.32993	-0.04147	0.26328	-0.28266	-0.05821	0.04893	-0.28092	-0.04918	0.04839	-0.32239	-0.24894	0.08334	-0.31689	-0.15075	0.08599	-0.24057	-0.12841	0.11004	-0.27677	-0.09986	0.05569	-0.22864	-0.07205	0.06772	-0.25112	0.09296	0.95003	-0.21517	0.11053	0.94500	-0.39368	-0.02130	0.50599	-0.24663	0.31048	0.53109	-0.39095	-0.19680	0.10325	-0.30347	0.44555	0.10282	-0.35563	-0.00178	1.03874	-0.32260	0.16507	1.02577	-0.30439	
185	1.84000	0.21340	1.68981	-0.37075	0.22740	1.69060	-0.25029	0.07618	1.59393	-0.35452	0.10190	1.60865	-0.22081	0.06487	1.48466	-0.31036	0.20218	1.41205	-0.31445	0.21629	1.24204	-0.31675	0.01726	1.37866	-0.18821	0.01514	1.20830	-0.32069	0.25947	1.34283	-0.30231	0.25919	1.34652	-0.35145	0.27068	1.28406	-0.30584	0.27782	1.30376	-0.37091	0.10299	1.44665	-0.50341	0.01866	1.09600	-0.53014	0.10920	0.84035	-0.51450	0.05251	0.84621	-0.55835	0.08227	0.78082	-0.55630	0.11593	1.42383	-0.10976	0.15757	1.06893	-0.05084	0.39740	0.93278	-0.03740	0.35162	0.88821	-0.00332	0.42941	0.87704	0.01499	0.18938	1.01818	-0.42918	0.01699	1.03339	-0.37081	0.16859	1.02927	-0.17880	0.00680	1.03969	-0.27440	-0.01680	1.04495	-0.29973	-0.01217	1.04072	-0.34861	-0.02138	0.98502	-0.29477	-0.03017	0.96948	-0.33054	0.23564	0.59890	-0.49362	0.30256	0.51887	-0.43647	0.22630	0.78154	-0.49850	0.18053	0.76277	-0.50436	0.24956	0.72690	-0.49069	0.19753	0.68766	-0.49729	0.36368	0.36899	-0.48155	0.46294	0.09937	-0.38664	0.39555	0.36837	-0.31518	0.42893	0.37818	-0.35122	0.41661	0.31278	-0.31145	0.45671	0.33831	-0.35730	0.60352	0.12373	-0.36781	0.61111	0.12857	-0.32376	0.43409	0.04511	-0.34127	0.51554	0.10165	-0.41313	0.52305	0.14342	-0.38752	0.57463	0.09505	-0.42059	0.59261	0.12336	-0.40589	0.02733	0.62364	-0.12223	-0.01251	0.50110	-0.19403	0.11202	0.76332	-0.12287	0.06361	0.76950	-0.11067	0.10148	0.70546	-0.13413	0.03678	0.69815	-0.12094	-0.07574	0.35623	-0.15652	-0.19595	0.10119	-0.26810	-0.05287	0.33315	-0.31925	-0.02471	0.31205	-0.28435	-0.08048	0.28056	-0.32919	-0.03775	0.26233	-0.28232	-0.05771	0.04903	-0.28068	-0.04912	0.04832	-0.32218	-0.24782	0.08710	-0.31605	-0.14937	0.08706	-0.23972	-0.12679	0.11106	-0.27567	-0.09896	0.05579	-0.22839	-0.07205	0.06714	-0.25111	0.10692	0.94791	-0.21479	0.12454	0.94291	-0.39329	-0.01602	0.50579	-0.24620	0.32222	0.52877	-0.38881	-0.19616	0.10619	-0.30274	0.46569	0.10330	-0.35197	0.01190	1.03654	-0.32261	0.17898	1.02372	-0.30399	
186	1.85000	0.22650	1.68825	-0.37160	0.24068	1.68932	-0.25120	0.08970	1.59184	-0.35502	0.11551	1.60685	-0.22136	0.07896	1.48296	-0.31045	0.21599	1.41016	-0.31480	0.23032	1.24015	-0.31694	0.03146	1.37722	-0.18798	0.02895	1.20662	-0.32026	0.27348	1.34089	-0.30265	0.27309	1.34458	-0.35176	0.28464	1.28212	-0.30613	0.29169	1.30179	-0.37126	0.11635	1.44433	-0.50364	0.03332	1.09326	-0.52999	0.12481	0.83783	-0.51505	0.06797	0.84362	-0.55871	0.09805	0.77849	-0.55702	0.13070	1.42231	-0.10989	0.17202	1.06737	-0.05074	0.41185	0.93135	-0.03835	0.36632	0.88692	-0.00352	0.44433	0.87579	0.01394	0.20341	1.01637	-0.42896	0.03114	1.03120	-0.37073	0.18268	1.02732	-0.17832	0.02083	1.03762	-0.27439	-0.00277	1.04281	-0.29972	0.00180	1.03855	-0.34858	-0.00738	0.98293	-0.29475	-0.01612	0.96730	-0.33048	0.24987	0.59542	-0.49028	0.31596	0.51719	-0.43437	0.24010	0.77911	-0.49845	0.19415	0.76044	-0.50284	0.26294	0.72460	-0.49001	0.21031	0.68534	-0.49440	0.37646	0.36665	-0.47920	0.47980	0.09886	-0.38277	0.41021	0.36782	-0.31283	0.44335	0.37764	-0.34913	0.43181	0.31247	-0.30881	0.47136	0.33792	-0.35507	0.62016	0.12457	-0.36318	0.62738	0.12988	-0.31925	0.45126	0.04447	-0.33737	0.53285	0.10119	-0.40905	0.53991	0.14332	-0.38377	0.59205	0.09511	-0.41586	0.60959	0.12370	-0.40135	0.03854	0.62275	-0.12159	-0.00275	0.50044	-0.19335	0.12390	0.76187	-0.12243	0.07563	0.76842	-0.11039	0.11303	0.70404	-0.13350	0.04819	0.69718	-0.12051	-0.06881	0.35686	-0.15582	-0.19452	0.10379	-0.26724	-0.04642	0.33312	-0.31852	-0.01850	0.31152	-0.28343	-0.07510	0.28109	-0.32840	-0.03130	0.26261	-0.28101	-0.05725	0.04906	-0.28050	-0.04889	0.04833	-0.32194	-0.24645	0.09127	-0.31499	-0.14774	0.08835	-0.23874	-0.12491	0.11220	-0.27462	-0.09851	0.05592	-0.22822	-0.07015	0.06729	-0.25017	0.12112	0.94588	-0.21445	0.13868	0.94100	-0.39297	-0.00631	0.50514	-0.24552	0.33603	0.52745	-0.38695	-0.19469	0.10880	-0.30188	0.48331	0.10324	-0.34822	0.02598	1.03441	-0.32256	0.19305	1.02185	-0.30364	
187	1.86000	0.23973	1.68685	-0.37250	0.25403	1.68818	-0.25208	0.10339	1.58991	-0.35556	0.12926	1.60528	-0.22202	0.09304	1.48140	-0.31066	0.23029	1.40862	-0.31522	0.24448	1.23850	-0.31711	0.04601	1.37591	-0.18780	0.04320	1.20500	-0.31976	0.28764	1.33920	-0.30296	0.28712	1.34280	-0.35214	0.29889	1.28044	-0.30646	0.30578	1.30007	-0.37168	0.12997	1.44220	-0.50394	0.04815	1.09068	-0.52983	0.14060	0.83558	-0.51564	0.08352	0.84125	-0.55904	0.11407	0.77639	-0.55786	0.14555	1.42096	-0.11010	0.18619	1.06604	-0.05080	0.42586	0.92964	-0.03945	0.38062	0.88546	-0.00436	0.45853	0.87418	0.01284	0.21761	1.01491	-0.42884	0.04524	1.02941	-0.37057	0.19690	1.02542	-0.17790	0.03498	1.03569	-0.27427	0.01141	1.04083	-0.29957	0.01589	1.03671	-0.34845	0.00682	0.98099	-0.29462	-0.00191	0.96539	-0.33040	0.26292	0.59236	-0.48729	0.33007	0.51578	-0.43232	0.25430	0.77723	-0.49819	0.20798	0.75868	-0.50131	0.27666	0.72263	-0.48923	0.22398	0.68359	-0.49217	0.39021	0.36461	-0.47648	0.49369	0.09721	-0.37872	0.42438	0.36677	-0.31014	0.45755	0.37638	-0.34637	0.44581	0.31128	-0.30579	0.48549	0.33661	-0.35215	0.63407	0.12351	-0.35881	0.64100	0.12907	-0.31486	0.46511	0.04312	-0.33361	0.54701	0.09976	-0.40499	0.55366	0.14193	-0.37980	0.60628	0.09384	-0.41143	0.62360	0.12249	-0.39686	0.05040	0.62179	-0.12096	0.00779	0.49971	-0.19270	0.13626	0.76044	-0.12201	0.08788	0.76728	-0.11021	0.12508	0.70266	-0.13296	0.06006	0.69624	-0.12025	-0.06079	0.35759	-0.15492	-0.19252	0.10696	-0.26621	-0.03918	0.33305	-0.31777	-0.01157	0.31107	-0.28263	-0.06921	0.28175	-0.32757	-0.02581	0.26230	-0.28015	-0.05663	0.04910	-0.28032	-0.04866	0.04840	-0.32170	-0.24484	0.09591	-0.31367	-0.14588	0.08990	-0.23767	-0.12278	0.11345	-0.27365	-0.09694	0.05623	-0.22748	-0.06884	0.06709	-0.24967	0.13544	0.94396	-0.21429	0.15298	0.93940	-0.39282	0.00411	0.50443	-0.24485	0.35131	0.52681	-0.38559	-0.19277	0.11203	-0.30084	0.49762	0.10191	-0.34426	0.04011	1.03255	-0.32242	0.20726	1.02016	-0.30337	
188	1.87000	0.25311	1.68561	-0.37347	0.26756	1.68720	-0.25309	0.11712	1.58820	-0.35621	0.14321	1.60390	-0.22270	0.10722	1.48001	-0.31082	0.24451	1.40721	-0.31570	0.25886	1.23708	-0.31730	0.06061	1.37479	-0.18774	0.05760	1.20355	-0.31919	0.30212	1.33783	-0.30346	0.30131	1.34137	-0.35261	0.31332	1.27908	-0.30679	0.31980	1.29855	-0.37205	0.14359	1.44029	-0.50421	0.06308	1.08832	-0.52969	0.15650	0.83353	-0.51632	0.09948	0.83914	-0.55945	0.13021	0.77454	-0.55868	0.16081	1.41980	-0.11040	0.20006	1.06486	-0.05088	0.43939	0.92770	-0.04057	0.39440	0.88382	-0.00495	0.47213	0.87226	0.01167	0.23193	1.01366	-0.42879	0.05977	1.02783	-0.37019	0.21159	1.02368	-0.17755	0.04951	1.03399	-0.27407	0.02581	1.03920	-0.29928	0.03050	1.03504	-0.34816	0.02138	0.97926	-0.29445	0.01264	0.96372	-0.33023	0.27474	0.59070	-0.48497	0.34517	0.51479	-0.43008	0.26891	0.77588	-0.49754	0.22258	0.75733	-0.50005	0.29117	0.72127	-0.48857	0.23833	0.68222	-0.49047	0.40491	0.36298	-0.47347	0.50497	0.09495	-0.37497	0.43768	0.36498	-0.30687	0.47131	0.37420	-0.34278	0.45852	0.30936	-0.30242	0.49896	0.33425	-0.34840	0.64512	0.12069	-0.35476	0.65186	0.12627	-0.31053	0.47593	0.04066	-0.32982	0.55814	0.09709	-0.40096	0.56489	0.13930	-0.37574	0.61746	0.09098	-0.40717	0.63477	0.11957	-0.39248	0.06282	0.62083	-0.12035	0.01901	0.49891	-0.19207	0.14915	0.75906	-0.12162	0.09944	0.76615	-0.11063	0.13761	0.70122	-0.13246	0.07262	0.69521	-0.11995	-0.05318	0.35823	-0.15455	-0.19027	0.11057	-0.26504	-0.03245	0.33311	-0.31736	-0.00397	0.31074	-0.28168	-0.06287	0.28256	-0.32670	-0.01970	0.26216	-0.27931	-0.05603	0.04913	-0.28017	-0.04774	0.04875	-0.32145	-0.24281	0.10102	-0.31234	-0.14365	0.09161	-0.23645	-0.11951	0.11523	-0.27231	-0.09566	0.05636	-0.22694	-0.06737	0.06687	-0.24920	0.15017	0.94222	-0.21412	0.16741	0.93802	-0.39269	0.01525	0.50364	-0.24422	0.36803	0.52687	-0.38438	-0.19038	0.11557	-0.29968	0.50904	0.09983	-0.34055	0.05464	1.03091	-0.32213	0.22176	1.01867	-0.30317	
189	1.88000	0.26661	1.68449	-0.37452	0.28121	1.68640	-0.25415	0.13104	1.58669	-0.35687	0.15722	1.60275	-0.22341	0.12134	1.47874	-0.31111	0.25902	1.40610	-0.31619	0.27338	1.23590	-0.31750	0.07574	1.37365	-0.18756	0.07234	1.20213	-0.31865	0.31655	1.33675	-0.30392	0.31564	1.34017	-0.35309	0.32795	1.27803	-0.30724	0.33421	1.29738	-0.37250	0.15722	1.43856	-0.50447	0.07814	1.08621	-0.52949	0.17283	0.83182	-0.51706	0.11550	0.83727	-0.55981	0.14661	0.77289	-0.55955	0.17569	1.41898	-0.11062	0.21381	1.06389	-0.05098	0.45215	0.92530	-0.04184	0.40737	0.88203	-0.00568	0.48510	0.87008	0.01043	0.24669	1.01266	-0.42887	0.07434	1.02664	-0.37000	0.22648	1.02203	-0.17728	0.06442	1.03248	-0.27376	0.04071	1.03772	-0.29892	0.04529	1.03370	-0.34778	0.03628	0.97781	-0.29427	0.02752	0.96233	-0.33001	0.28638	0.59025	-0.48280	0.36111	0.51415	-0.42778	0.28343	0.77483	-0.49659	0.23757	0.75622	-0.49903	0.30632	0.72036	-0.48767	0.25362	0.68123	-0.48928	0.41997	0.36160	-0.47042	0.51346	0.09164	-0.37111	0.45022	0.36256	-0.30330	0.48462	0.37137	-0.33871	0.46994	0.30655	-0.29862	0.51145	0.33091	-0.34406	0.65351	0.11583	-0.35046	0.66017	0.12141	-0.30617	0.48318	0.03773	-0.32631	0.56646	0.09325	-0.39686	0.57345	0.13534	-0.37156	0.62568	0.08647	-0.40281	0.64323	0.11495	-0.38804	0.07588	0.61996	-0.11982	0.03115	0.49803	-0.19135	0.16249	0.75775	-0.12131	0.11278	0.76508	-0.11052	0.15080	0.69993	-0.13203	0.08584	0.69421	-0.11970	-0.04413	0.35904	-0.15382	-0.18772	0.11441	-0.26387	-0.02453	0.33344	-0.31639	0.00392	0.31034	-0.28060	-0.05625	0.28324	-0.32590	-0.01335	0.26198	-0.27845	-0.05545	0.04915	-0.27996	-0.04737	0.04883	-0.32124	-0.24030	0.10673	-0.31090	-0.14106	0.09355	-0.23520	-0.11648	0.11681	-0.27080	-0.09419	0.05668	-0.22641	-0.06605	0.06633	-0.24886	0.16509	0.94063	-0.21418	0.18223	0.93690	-0.39277	0.02734	0.50272	-0.24350	0.38562	0.52735	-0.38328	-0.18784	0.11945	-0.29851	0.51740	0.09657	-0.33668	0.06938	1.02956	-0.32188	0.23659	1.01735	-0.30307	
190	1.89000	0.28025	1.68351	-0.37560	0.29503	1.68571	-0.25526	0.14500	1.58532	-0.35754	0.17129	1.60177	-0.22416	0.13576	1.47748	-0.31129	0.27338	1.40513	-0.31671	0.28826	1.23497	-0.31780	0.09064	1.37263	-0.18754	0.08739	1.20081	-0.31814	0.33117	1.33590	-0.30444	0.33011	1.33925	-0.35366	0.34269	1.27723	-0.30766	0.34875	1.29646	-0.37308	0.17106	1.43701	-0.50476	0.09333	1.08431	-0.52935	0.18928	0.83036	-0.51792	0.13164	0.83562	-0.56028	0.16318	0.77148	-0.56046	0.19086	1.41832	-0.11097	0.22705	1.06313	-0.05120	0.46447	0.92289	-0.04301	0.41771	0.88010	-0.00610	0.49736	0.86763	0.00925	0.26161	1.01181	-0.42890	0.08958	1.02557	-0.36958	0.24175	1.02051	-0.17711	0.07967	1.03124	-0.27342	0.05595	1.03658	-0.29850	0.06027	1.03271	-0.34746	0.05162	0.97656	-0.29397	0.04265	0.96125	-0.32981	0.29978	0.59035	-0.48021	0.37802	0.51383	-0.42528	0.29896	0.77436	-0.49597	0.25346	0.75536	-0.49840	0.32236	0.72007	-0.48676	0.26993	0.68051	-0.48837	0.43532	0.36019	-0.46725	0.51955	0.08838	-0.36760	0.46196	0.35979	-0.29959	0.49718	0.36782	-0.33421	0.48022	0.30327	-0.29473	0.52321	0.32680	-0.33927	0.65962	0.10901	-0.34571	0.66607	0.11421	-0.30129	0.48723	0.03530	-0.32346	0.57244	0.08919	-0.39262	0.58030	0.13070	-0.36689	0.63130	0.08073	-0.39815	0.64947	0.10888	-0.38314	0.08964	0.61905	-0.11928	0.04418	0.49701	-0.19054	0.17644	0.75650	-0.12104	0.12662	0.76399	-0.11048	0.16462	0.69863	-0.13158	0.09949	0.69311	-0.11949	-0.03436	0.35992	-0.15298	-0.18460	0.11882	-0.26245	-0.01459	0.33338	-0.31541	0.01231	0.30978	-0.27968	-0.04855	0.28424	-0.32523	-0.00649	0.26182	-0.27729	-0.05601	0.04873	-0.27993	-0.04754	0.04863	-0.32107	-0.23738	0.11293	-0.30941	-0.13840	0.09556	-0.23351	-0.11330	0.11843	-0.26935	-0.09266	0.05688	-0.22579	-0.06414	0.06596	-0.24841	0.18031	0.93921	-0.21421	0.19719	0.93595	-0.39283	0.04034	0.50164	-0.24269	0.40369	0.52801	-0.38173	-0.18471	0.12388	-0.29709	0.52307	0.09321	-0.33311	0.08462	1.02840	-0.32150	0.25168	1.01616	-0.30300	
191	1.90000	0.29396	1.68268	-0.37665	0.30894	1.68516	-0.25636	0.15903	1.58414	-0.35821	0.18551	1.60093	-0.22493	0.15015	1.47630	-0.31161	0.28805	1.40443	-0.31733	0.30340	1.23423	-0.31795	0.10601	1.37165	-0.18738	0.10278	1.19950	-0.31762	0.34605	1.33542	-0.30511	0.34484	1.33866	-0.35430	0.35775	1.27676	-0.30824	0.36351	1.29586	-0.37365	0.18493	1.43568	-0.50509	0.10851	1.08262	-0.52921	0.20609	0.82915	-0.51885	0.14804	0.83421	-0.56078	0.17987	0.77030	-0.56144	0.20618	1.41783	-0.11137	0.24015	1.06253	-0.05152	0.47638	0.92037	-0.04416	0.42967	0.87803	-0.00667	0.50911	0.86493	0.00797	0.27712	1.01123	-0.42904	0.10472	1.02487	-0.36926	0.25731	1.01908	-0.17698	0.09523	1.03025	-0.27306	0.07144	1.03565	-0.29813	0.07589	1.03192	-0.34712	0.06704	0.97566	-0.29372	0.05818	0.96044	-0.32960	0.31582	0.59040	-0.47731	0.39570	0.51377	-0.42268	0.31549	0.77402	-0.49556	0.26999	0.75471	-0.49825	0.33895	0.71998	-0.48580	0.28700	0.68002	-0.48761	0.45046	0.35859	-0.46399	0.52427	0.08511	-0.36432	0.47253	0.35685	-0.29573	0.50908	0.36418	-0.32942	0.48926	0.30000	-0.29083	0.53409	0.32245	-0.33401	0.66421	0.10053	-0.34027	0.67049	0.10469	-0.29576	0.48907	0.03331	-0.32134	0.57655	0.08453	-0.38779	0.58590	0.12563	-0.36175	0.63536	0.07439	-0.39338	0.65440	0.10198	-0.37770	0.10400	0.61804	-0.11873	0.05801	0.49586	-0.18958	0.19063	0.75504	-0.12067	0.14100	0.76279	-0.11026	0.17900	0.69728	-0.13117	0.11386	0.69196	-0.11932	-0.02379	0.36083	-0.15198	-0.18135	0.12353	-0.26081	-0.00465	0.33333	-0.31423	0.02147	0.30920	-0.27832	-0.04074	0.28528	-0.32400	0.00134	0.26175	-0.27598	-0.05536	0.04900	-0.27972	-0.04699	0.04882	-0.32084	-0.23391	0.11945	-0.30756	-0.13480	0.09784	-0.23206	-0.10879	0.12038	-0.26745	-0.09086	0.05715	-0.22515	-0.06215	0.06550	-0.24785	0.19583	0.93793	-0.21447	0.21266	0.93528	-0.39310	0.05414	0.50036	-0.24174	0.42185	0.52864	-0.37965	-0.18150	0.12863	-0.29543	0.52730	0.08977	-0.32976	0.09997	1.02756	-0.32116	0.26721	1.01515	-0.30301	
192	1.91000	0.30784	1.68211	-0.37773	0.32288	1.68487	-0.25742	0.17316	1.58324	-0.35894	0.19973	1.60036	-0.22572	0.16452	1.47537	-0.31204	0.30291	1.40408	-0.31801	0.31867	1.23381	-0.31833	0.12102	1.37083	-0.18753	0.11834	1.19834	-0.31718	0.36105	1.33522	-0.30581	0.35961	1.33837	-0.35498	0.37293	1.27657	-0.30885	0.37846	1.29562	-0.37436	0.19879	1.43452	-0.50543	0.12382	1.08114	-0.52913	0.22290	0.82821	-0.51979	0.16444	0.83300	-0.56126	0.19676	0.76938	-0.56237	0.22188	1.41747	-0.11187	0.25286	1.06210	-0.05191	0.48785	0.91772	-0.04519	0.44105	0.87596	-0.00724	0.52021	0.86198	0.00681	0.29303	1.01079	-0.42932	0.12023	1.02446	-0.36910	0.27322	1.01778	-0.17689	0.11087	1.02954	-0.27280	0.08693	1.03508	-0.29776	0.09120	1.03159	-0.34675	0.08258	0.97506	-0.29366	0.07354	0.96000	-0.32957	0.33502	0.59047	-0.47470	0.41328	0.51395	-0.42024	0.33262	0.77421	-0.49557	0.28720	0.75455	-0.49835	0.35641	0.72033	-0.48491	0.30453	0.68008	-0.48685	0.46525	0.35699	-0.46054	0.52996	0.08328	-0.36161	0.48247	0.35505	-0.29192	0.52070	0.36173	-0.32398	0.49762	0.29773	-0.28651	0.54464	0.31933	-0.32795	0.67004	0.09210	-0.33535	0.67625	0.09511	-0.29073	0.49143	0.03409	-0.31912	0.58152	0.08189	-0.38333	0.59271	0.12177	-0.35609	0.63982	0.06941	-0.38895	0.66001	0.09572	-0.37250	0.11888	0.61695	-0.11830	0.07300	0.49448	-0.18849	0.20564	0.75377	-0.12047	0.15589	0.76155	-0.11043	0.19414	0.69604	-0.13074	0.12882	0.69071	-0.11921	-0.01231	0.36164	-0.15084	-0.17690	0.12893	-0.25883	0.00601	0.33325	-0.31290	0.02980	0.30776	-0.27723	-0.03107	0.28633	-0.32214	0.00980	0.26163	-0.27446	-0.05471	0.04925	-0.27944	-0.04636	0.04901	-0.32049	-0.22957	0.12688	-0.30557	-0.13167	0.09992	-0.23016	-0.10410	0.12230	-0.26535	-0.08875	0.05744	-0.22443	-0.06010	0.06476	-0.24730	0.21165	0.93683	-0.21484	0.22847	0.93480	-0.39348	0.06932	0.49875	-0.24069	0.43870	0.52890	-0.37680	-0.17700	0.13402	-0.29346	0.53242	0.08771	-0.32698	0.11555	1.02700	-0.32095	0.28312	1.01429	-0.30311	
193	1.92000	0.32180	1.68215	-0.37878	0.33697	1.68516	-0.25844	0.18746	1.58282	-0.35967	0.21405	1.60031	-0.22651	0.17919	1.47506	-0.31248	0.31785	1.40412	-0.31871	0.33415	1.23388	-0.31869	0.13664	1.37007	-0.18761	0.13393	1.19769	-0.31669	0.37621	1.33538	-0.30658	0.37454	1.33844	-0.35574	0.38837	1.27681	-0.30958	0.39334	1.29571	-0.37513	0.21293	1.43362	-0.50595	0.13912	1.07990	-0.52908	0.23993	0.82761	-0.52079	0.18110	0.83208	-0.56172	0.21386	0.76876	-0.56326	0.23723	1.41735	-0.11232	0.26516	1.06181	-0.05249	0.49850	0.91480	-0.04620	0.45140	0.87380	-0.00775	0.53061	0.85885	0.00573	0.30865	1.01067	-0.42953	0.13559	1.02450	-0.36891	0.28935	1.01657	-0.17689	0.12643	1.02910	-0.27248	0.10210	1.03481	-0.29746	0.10636	1.03147	-0.34638	0.09803	0.97471	-0.29359	0.08894	0.95978	-0.32956	0.35767	0.59233	-0.47372	0.42956	0.51479	-0.41828	0.35063	0.77527	-0.49546	0.30482	0.75592	-0.49832	0.37372	0.72144	-0.48361	0.32154	0.68152	-0.48527	0.47925	0.35649	-0.45662	0.53707	0.08428	-0.35973	0.49251	0.35509	-0.28904	0.53217	0.36157	-0.31946	0.50683	0.29754	-0.28367	0.55580	0.31889	-0.32288	0.67696	0.08640	-0.33197	0.68282	0.08752	-0.28684	0.49493	0.03596	-0.31772	0.58802	0.08198	-0.37981	0.60208	0.12007	-0.35146	0.64525	0.06545	-0.38606	0.66700	0.08979	-0.36896	0.13311	0.61587	-0.11828	0.08923	0.49289	-0.18746	0.22113	0.75250	-0.12037	0.17141	0.76034	-0.11074	0.20985	0.69482	-0.13045	0.14449	0.68940	-0.11935	0.00033	0.36251	-0.14959	-0.17258	0.13431	-0.25689	0.01765	0.33305	-0.31138	0.04069	0.30641	-0.27594	-0.02105	0.28719	-0.32074	0.01897	0.26150	-0.27263	-0.05368	0.04965	-0.27903	-0.04550	0.04938	-0.32052	-0.22417	0.13523	-0.30303	-0.12705	0.10237	-0.22788	-0.09863	0.12412	-0.26296	-0.08661	0.05757	-0.22391	-0.05744	0.06408	-0.24648	0.22754	0.93592	-0.21514	0.24399	0.93466	-0.39383	0.08669	0.49664	-0.23976	0.45165	0.52846	-0.37265	-0.17251	0.13927	-0.29153	0.53844	0.08831	-0.32499	0.13101	1.02680	-0.32070	0.29900	1.01362	-0.30321	
194	1.93000	0.33586	1.68298	-0.37968	0.35107	1.68614	-0.25935	0.20190	1.58321	-0.36048	0.22848	1.60099	-0.22733	0.19422	1.47568	-0.31303	0.33287	1.40465	-0.31947	0.34943	1.23438	-0.31913	0.15188	1.36999	-0.18783	0.14930	1.19789	-0.31602	0.39142	1.33604	-0.30734	0.38948	1.33897	-0.35647	0.40369	1.27746	-0.31026	0.40849	1.29632	-0.37589	0.22730	1.43311	-0.50666	0.15454	1.07901	-0.52913	0.25701	0.82734	-0.52179	0.19793	0.83151	-0.56225	0.23109	0.76853	-0.56417	0.25280	1.41765	-0.11269	0.27719	1.06176	-0.05315	0.50887	0.91193	-0.04703	0.46332	0.87168	-0.00836	0.54026	0.85558	0.00466	0.32403	1.01135	-0.42957	0.15054	1.02513	-0.36872	0.30537	1.01558	-0.17705	0.14190	1.02903	-0.27209	0.11735	1.03482	-0.29703	0.12136	1.03185	-0.34604	0.11339	0.97477	-0.29352	0.10423	0.96003	-0.32956	0.38031	0.59733	-0.47465	0.44487	0.51705	-0.41690	0.36849	0.77811	-0.49463	0.32263	0.75903	-0.49719	0.39158	0.72431	-0.48304	0.33891	0.68450	-0.48426	0.49178	0.35837	-0.45492	0.54236	0.08448	-0.35870	0.50271	0.35570	-0.28678	0.54332	0.36178	-0.31611	0.51588	0.29786	-0.28158	0.56611	0.31865	-0.31918	0.68096	0.08097	-0.33012	0.68664	0.08130	-0.28505	0.49734	0.03724	-0.31738	0.59125	0.08047	-0.37782	0.60678	0.11764	-0.34897	0.64787	0.06233	-0.38488	0.67063	0.08574	-0.36740	0.14984	0.61461	-0.11795	0.10643	0.49113	-0.18607	0.23759	0.75203	-0.12060	0.18755	0.75937	-0.11126	0.22633	0.69383	-0.13020	0.16106	0.68816	-0.11946	0.01457	0.36348	-0.14820	-0.16606	0.14080	-0.25434	0.03050	0.33307	-0.30971	0.05242	0.30575	-0.27424	-0.00984	0.28850	-0.31881	0.02937	0.26170	-0.27063	-0.05248	0.05002	-0.27861	-0.04472	0.04967	-0.32017	-0.21741	0.14435	-0.30022	-0.12111	0.10507	-0.22522	-0.09180	0.12611	-0.25993	-0.08388	0.05767	-0.22300	-0.05454	0.06309	-0.24575	0.24333	0.93530	-0.21559	0.25935	0.93521	-0.39432	0.10386	0.49465	-0.23838	0.46196	0.52862	-0.36862	-0.16611	0.14586	-0.28898	0.54212	0.08797	-0.32388	0.14622	1.02708	-0.32040	0.31470	1.01346	-0.30331	
195	1.94000	0.35004	1.68423	-0.38058	0.36526	1.68748	-0.26026	0.21628	1.58422	-0.36133	0.24293	1.60202	-0.22816	0.20906	1.47680	-0.31338	0.34771	1.40567	-0.32012	0.36469	1.23536	-0.31965	0.16715	1.37072	-0.18800	0.16463	1.19871	-0.31520	0.40657	1.33712	-0.30805	0.40447	1.34003	-0.35717	0.41912	1.27863	-0.31093	0.42355	1.29738	-0.37661	0.24175	1.43306	-0.50728	0.17008	1.07859	-0.52915	0.27417	0.82754	-0.52277	0.21469	0.83132	-0.56267	0.24822	0.76871	-0.56508	0.26874	1.41845	-0.11297	0.28897	1.06218	-0.05401	0.51830	0.90900	-0.04789	0.47086	0.86941	-0.00887	0.54862	0.85219	0.00388	0.33941	1.01290	-0.42972	0.16587	1.02627	-0.36819	0.32143	1.01514	-0.17746	0.15760	1.02923	-0.27144	0.13253	1.03530	-0.29621	0.13629	1.03282	-0.34530	0.12879	0.97518	-0.29333	0.11953	0.96078	-0.32947	0.40218	0.60338	-0.47454	0.46151	0.52031	-0.41539	0.38668	0.78185	-0.49325	0.34114	0.76256	-0.49632	0.41007	0.72823	-0.48152	0.35817	0.68830	-0.48329	0.50797	0.36238	-0.45404	0.54516	0.08508	-0.35929	0.51228	0.35580	-0.28477	0.55356	0.36124	-0.31317	0.52390	0.29755	-0.27987	0.57538	0.31757	-0.31621	0.68332	0.07607	-0.32916	0.68889	0.07537	-0.28405	0.49856	0.03822	-0.31750	0.59337	0.07933	-0.37689	0.60986	0.11542	-0.34727	0.64947	0.05975	-0.38422	0.67287	0.08222	-0.36631	0.16782	0.61341	-0.11747	0.12552	0.48945	-0.18422	0.25457	0.75176	-0.12093	0.20420	0.75863	-0.11176	0.24391	0.69336	-0.12994	0.17852	0.68715	-0.11952	0.03043	0.36448	-0.14648	-0.15906	0.14754	-0.25169	0.04474	0.33338	-0.30754	0.06676	0.30596	-0.27148	0.00299	0.29017	-0.31649	0.04128	0.26222	-0.26809	-0.05091	0.05036	-0.27817	-0.04350	0.05016	-0.31992	-0.20919	0.15407	-0.29726	-0.11466	0.10752	-0.22239	-0.08400	0.12766	-0.25676	-0.08062	0.05765	-0.22209	-0.05178	0.06148	-0.24506	0.25929	0.93515	-0.21631	0.27484	0.93647	-0.39507	0.12296	0.49263	-0.23656	0.47433	0.53024	-0.36546	-0.15924	0.15276	-0.28630	0.54208	0.08782	-0.32454	0.16173	1.02775	-0.31982	0.33042	1.01402	-0.30359	
196	1.95000	0.36426	1.68566	-0.38140	0.37940	1.68901	-0.26110	0.23077	1.58534	-0.36211	0.25734	1.60327	-0.22896	0.22418	1.47817	-0.31353	0.36261	1.40706	-0.32071	0.38008	1.23690	-0.32013	0.18283	1.37238	-0.18789	0.17989	1.19985	-0.31427	0.42176	1.33871	-0.30872	0.41933	1.34149	-0.35784	0.43457	1.28028	-0.31156	0.43851	1.29897	-0.37731	0.25625	1.43359	-0.50771	0.18577	1.07868	-0.52921	0.29145	0.82830	-0.52371	0.23150	0.83172	-0.56325	0.26547	0.76945	-0.56602	0.28479	1.41980	-0.11316	0.30033	1.06316	-0.05500	0.52701	0.90607	-0.04878	0.47867	0.86733	-0.00980	0.55619	0.84882	0.00300	0.35465	1.01534	-0.42985	0.18084	1.02794	-0.36740	0.33718	1.01529	-0.17814	0.17309	1.02987	-0.27058	0.14789	1.03606	-0.29522	0.15160	1.03414	-0.34436	0.14415	0.97593	-0.29298	0.13489	0.96184	-0.32922	0.42278	0.60849	-0.47449	0.47993	0.52361	-0.41347	0.40553	0.78598	-0.49174	0.36026	0.76581	-0.49636	0.42944	0.73265	-0.47892	0.37824	0.69184	-0.48235	0.52733	0.36566	-0.45189	0.54712	0.08496	-0.35925	0.52185	0.35551	-0.28367	0.56386	0.36009	-0.31130	0.53192	0.29698	-0.27902	0.58451	0.31584	-0.31437	0.68548	0.07172	-0.32889	0.69112	0.07038	-0.28393	0.49954	0.03918	-0.31761	0.59521	0.07833	-0.37641	0.61290	0.11355	-0.34633	0.65063	0.05723	-0.38426	0.67485	0.07879	-0.36614	0.18698	0.61248	-0.11643	0.14637	0.48788	-0.18145	0.27221	0.75178	-0.12108	0.22175	0.75810	-0.11210	0.26237	0.69316	-0.12975	0.19715	0.68623	-0.11923	0.04759	0.36606	-0.14424	-0.14967	0.15480	-0.24883	0.06097	0.33387	-0.30436	0.08208	0.30615	-0.26778	0.01752	0.29194	-0.31334	0.05466	0.26318	-0.26431	-0.04892	0.05064	-0.27770	-0.04247	0.05037	-0.31959	-0.19875	0.16453	-0.29459	-0.10679	0.11006	-0.21936	-0.07498	0.12871	-0.25319	-0.07719	0.05754	-0.22126	-0.04827	0.05974	-0.24430	0.27508	0.93555	-0.21729	0.29030	0.93849	-0.39607	0.14381	0.49057	-0.23382	0.49006	0.53275	-0.36278	-0.14971	0.16004	-0.28343	0.54077	0.08716	-0.32490	0.17697	1.02890	-0.31899	0.34591	1.01532	-0.30400	
197	1.96000	0.37843	1.68725	-0.38217	0.39366	1.69074	-0.26190	0.24537	1.58651	-0.36278	0.27187	1.60461	-0.22960	0.23898	1.47958	-0.31359	0.37728	1.40866	-0.32122	0.39533	1.23863	-0.32055	0.19908	1.37426	-0.18740	0.19507	1.20118	-0.31323	0.43669	1.34066	-0.30930	0.43402	1.34336	-0.35846	0.44978	1.28229	-0.31214	0.45338	1.30087	-0.37799	0.27058	1.43460	-0.50792	0.20156	1.07937	-0.52931	0.30872	0.82952	-0.52473	0.24845	0.83263	-0.56379	0.28280	0.77071	-0.56701	0.30083	1.42168	-0.11335	0.31136	1.06481	-0.05616	0.53466	0.90320	-0.04960	0.48546	0.86525	-0.01062	0.56267	0.84540	0.00217	0.37008	1.01844	-0.43005	0.19676	1.02954	-0.36633	0.35267	1.01614	-0.17898	0.18838	1.03080	-0.26969	0.16312	1.03701	-0.29420	0.16735	1.03547	-0.34322	0.15969	0.97685	-0.29258	0.15035	0.96316	-0.32896	0.44218	0.61369	-0.47581	0.49762	0.52620	-0.41153	0.42372	0.79019	-0.48993	0.37947	0.76926	-0.49667	0.44849	0.73727	-0.47692	0.39837	0.69557	-0.48285	0.54225	0.36643	-0.45039	0.55005	0.08453	-0.35942	0.53126	0.35542	-0.28323	0.57372	0.35890	-0.31016	0.53958	0.29660	-0.27862	0.59325	0.31413	-0.31309	0.68757	0.06744	-0.32860	0.69322	0.06586	-0.28380	0.50111	0.04008	-0.31823	0.59729	0.07710	-0.37625	0.61579	0.11145	-0.34576	0.65213	0.05458	-0.38432	0.67684	0.07537	-0.36602	0.20894	0.61179	-0.11432	0.16850	0.48675	-0.17769	0.29076	0.75209	-0.12116	0.24006	0.75779	-0.11206	0.28190	0.69327	-0.12909	0.21669	0.68543	-0.11854	0.06481	0.36855	-0.14136	-0.13718	0.16291	-0.24586	0.07936	0.33402	-0.30007	0.09813	0.30602	-0.26285	0.03494	0.29360	-0.30894	0.06986	0.26435	-0.25879	-0.04618	0.05100	-0.27707	-0.04058	0.05111	-0.31967	-0.18599	0.17547	-0.29216	-0.09739	0.11243	-0.21608	-0.06449	0.12927	-0.24902	-0.07348	0.05723	-0.22046	-0.04451	0.05770	-0.24344	0.29094	0.93644	-0.21850	0.30613	0.94100	-0.39724	0.16470	0.48916	-0.23000	0.50517	0.53457	-0.36025	-0.13679	0.16799	-0.28049	0.54220	0.08653	-0.32537	0.19257	1.03017	-0.31801	0.36138	1.01729	-0.30451	
198	1.97000	0.39256	1.68884	-0.38292	0.40791	1.69255	-0.26262	0.25989	1.58772	-0.36329	0.28638	1.60611	-0.23020	0.25337	1.48090	-0.31358	0.39183	1.41044	-0.32165	0.41044	1.24051	-0.32078	0.21433	1.37645	-0.18706	0.21010	1.20272	-0.31250	0.45150	1.34280	-0.30989	0.44869	1.34542	-0.35909	0.46490	1.28451	-0.31273	0.46807	1.30295	-0.37856	0.28475	1.43607	-0.50800	0.21735	1.08054	-0.52934	0.32613	0.83122	-0.52592	0.26552	0.83409	-0.56449	0.30020	0.77246	-0.56809	0.31651	1.42388	-0.11363	0.32197	1.06698	-0.05735	0.54196	0.90051	-0.05059	0.49153	0.86349	-0.01194	0.56827	0.84204	0.00129	0.38555	1.02190	-0.43022	0.21160	1.03166	-0.36586	0.36782	1.01758	-0.17990	0.20382	1.03194	-0.26908	0.17851	1.03824	-0.29341	0.18261	1.03711	-0.34242	0.17518	0.97806	-0.29225	0.16600	0.96456	-0.32874	0.46356	0.61925	-0.47804	0.51284	0.52776	-0.41039	0.44169	0.79398	-0.48882	0.39797	0.77267	-0.49745	0.46661	0.74121	-0.47523	0.41729	0.69916	-0.48383	0.55322	0.36626	-0.44999	0.55273	0.08363	-0.35957	0.54038	0.35531	-0.28295	0.58309	0.35775	-0.30946	0.54697	0.29631	-0.27845	0.60145	0.31243	-0.31230	0.68963	0.06297	-0.32798	0.69501	0.06092	-0.28317	0.50243	0.04118	-0.31888	0.59999	0.07616	-0.37613	0.61937	0.10935	-0.34518	0.65393	0.05167	-0.38420	0.67949	0.07161	-0.36562	0.23059	0.61136	-0.11219	0.19182	0.48598	-0.17356	0.31025	0.75256	-0.12092	0.25998	0.75750	-0.11220	0.30243	0.69357	-0.12820	0.23739	0.68463	-0.11744	0.08213	0.37273	-0.13748	-0.12400	0.17102	-0.24261	0.10021	0.33340	-0.29456	0.11576	0.30597	-0.25598	0.05462	0.29434	-0.30354	0.08569	0.26509	-0.25205	-0.04268	0.05185	-0.27642	-0.03724	0.05288	-0.31899	-0.17093	0.18734	-0.28971	-0.08688	0.11479	-0.21224	-0.05215	0.12995	-0.24446	-0.06922	0.05753	-0.21985	-0.03957	0.05649	-0.24285	0.30654	0.93785	-0.21978	0.32198	0.94387	-0.39846	0.18742	0.48785	-0.22585	0.51536	0.53405	-0.35833	-0.12263	0.17537	-0.27731	0.54371	0.08551	-0.32581	0.20771	1.03180	-0.31747	0.37668	1.01974	-0.30506	
199	1.98000	0.40672	1.69040	-0.38357	0.42217	1.69433	-0.26330	0.27433	1.58905	-0.36361	0.30094	1.60771	-0.23057	0.26767	1.48219	-0.31361	0.40613	1.41223	-0.32194	0.42532	1.24244	-0.32093	0.22946	1.37863	-0.18685	0.22526	1.20428	-0.31201	0.46623	1.34500	-0.31042	0.46324	1.34753	-0.35960	0.47974	1.28675	-0.31314	0.48276	1.30510	-0.37906	0.29874	1.43782	-0.50796	0.23307	1.08210	-0.52934	0.34360	0.83343	-0.52717	0.28268	0.83607	-0.56526	0.31773	0.77461	-0.56927	0.33159	1.42625	-0.11393	0.33230	1.06942	-0.05860	0.54842	0.89783	-0.05149	0.49705	0.86183	-0.01338	0.57280	0.83861	0.00051	0.40089	1.02521	-0.43015	0.22756	1.03334	-0.36514	0.38265	1.01942	-0.18073	0.21901	1.03335	-0.26879	0.19382	1.03966	-0.29304	0.19808	1.03884	-0.34211	0.19053	0.97948	-0.29228	0.18148	0.96620	-0.32887	0.48628	0.62420	-0.47946	0.52536	0.52838	-0.41020	0.45905	0.79684	-0.48804	0.41565	0.77549	-0.49843	0.48348	0.74384	-0.47423	0.43495	0.70188	-0.48509	0.56211	0.36584	-0.45026	0.55513	0.08340	-0.35942	0.54897	0.35495	-0.28290	0.59174	0.35644	-0.30903	0.55423	0.29578	-0.27839	0.60928	0.31077	-0.31169	0.69176	0.05840	-0.32716	0.69664	0.05573	-0.28227	0.50359	0.04213	-0.31944	0.60238	0.07589	-0.37552	0.62272	0.10713	-0.34325	0.65536	0.04999	-0.38429	0.68152	0.06847	-0.36493	0.25338	0.61059	-0.10992	0.21576	0.48530	-0.16943	0.33010	0.75287	-0.12044	0.28177	0.75710	-0.11095	0.32361	0.69369	-0.12696	0.25896	0.68374	-0.11599	0.10040	0.37785	-0.13319	-0.10877	0.17939	-0.23890	0.12235	0.33205	-0.28881	0.13536	0.30520	-0.24886	0.07550	0.29455	-0.29787	0.10377	0.26607	-0.24419	-0.03798	0.05402	-0.27525	-0.03210	0.05604	-0.31769	-0.15431	0.20000	-0.28602	-0.07634	0.11844	-0.20887	-0.04017	0.13136	-0.24044	-0.06392	0.06013	-0.21892	-0.03429	0.05724	-0.24202	0.32193	0.93953	-0.22078	0.33776	0.94663	-0.39938	0.21022	0.48677	-0.22162	0.52104	0.53168	-0.35798	-0.10637	0.18284	-0.27365	0.54465	0.08523	-0.32608	0.22329	1.03334	-0.31697	0.39177	1.02231	-0.30544	
200	1.99000	0.42084	1.69185	-0.38412	0.43647	1.69600	-0.26387	0.28846	1.59049	-0.36378	0.31526	1.60938	-0.23083	0.28163	1.48344	-0.31372	0.42043	1.41414	-0.32218	0.44021	1.24445	-0.32103	0.24421	1.38060	-0.18673	0.24001	1.20582	-0.31182	0.48058	1.34711	-0.31077	0.47770	1.34960	-0.35991	0.49420	1.28884	-0.31342	0.49717	1.30716	-0.37929	0.31273	1.43976	-0.50781	0.24861	1.08392	-0.52932	0.36123	0.83610	-0.52852	0.30000	0.83837	-0.56622	0.33539	0.77709	-0.57053	0.34589	1.42857	-0.11425	0.34217	1.07201	-0.05993	0.55337	0.89509	-0.05237	0.50162	0.86024	-0.01467	0.57684	0.83520	-0.00035	0.41624	1.02812	-0.42979	0.24282	1.03552	-0.36530	0.39728	1.02146	-0.18123	0.23426	1.03487	-0.26889	0.20907	1.04135	-0.29313	0.21347	1.04070	-0.34216	0.20586	0.98112	-0.29270	0.19685	0.96808	-0.32939	0.50918	0.62662	-0.47866	0.53628	0.52805	-0.41054	0.47511	0.79859	-0.48780	0.43175	0.77768	-0.49945	0.49884	0.74522	-0.47428	0.44993	0.70366	-0.48644	0.57028	0.36487	-0.45054	0.55722	0.08265	-0.35857	0.55707	0.35433	-0.28251	0.60001	0.35499	-0.30835	0.56119	0.29506	-0.27803	0.61668	0.30900	-0.31095	0.69418	0.05619	-0.32615	0.69819	0.05230	-0.28105	0.50479	0.04283	-0.31946	0.60330	0.07685	-0.37424	0.62463	0.10667	-0.34122	0.65576	0.05018	-0.38437	0.68209	0.06726	-0.36482	0.27799	0.60911	-0.10757	0.24039	0.48426	-0.16553	0.35045	0.75323	-0.11991	0.30177	0.75651	-0.11014	0.34502	0.69388	-0.12591	0.28084	0.68271	-0.11430	0.12087	0.38199	-0.12919	-0.09232	0.18879	-0.23509	0.14499	0.33070	-0.28347	0.15592	0.30486	-0.24221	0.09680	0.29485	-0.29266	0.12211	0.26716	-0.23700	-0.03211	0.05774	-0.27342	-0.02533	0.06058	-0.31574	-0.13645	0.21347	-0.28146	-0.06524	0.12494	-0.20609	-0.02774	0.13550	-0.23739	-0.05730	0.06599	-0.21703	-0.02804	0.06107	-0.24006	0.33695	0.94146	-0.22135	0.35333	0.94921	-0.39988	0.23273	0.48557	-0.21745	0.52477	0.52830	-0.35931	-0.08951	0.19190	-0.26984	0.54505	0.08457	-0.32581	0.23854	1.03520	-0.31710	0.40676	1.02479	-0.30551	
201	2.00000	0.43494	1.69324	-0.38453	0.45074	1.69756	-0.26432	0.30249	1.59201	-0.36375	0.32954	1.61109	-0.23092	0.29538	1.48463	-0.31388	0.43444	1.41596	-0.32220	0.45476	1.24635	-0.32104	0.25817	1.38224	-0.18714	0.25481	1.20716	-0.31195	0.49481	1.34918	-0.31076	0.49201	1.35167	-0.35997	0.50855	1.29093	-0.31347	0.51161	1.30924	-0.37934	0.32672	1.44172	-0.50764	0.26396	1.08580	-0.52932	0.37893	0.83899	-0.52998	0.31750	0.84094	-0.56728	0.35332	0.77981	-0.57190	0.35936	1.43069	-0.11455	0.35158	1.07448	-0.06134	0.55888	0.89253	-0.05321	0.50592	0.85871	-0.01609	0.58042	0.83179	-0.00133	0.43137	1.03036	-0.42928	0.25812	1.03761	-0.36572	0.41165	1.02339	-0.18123	0.24910	1.03660	-0.26930	0.22416	1.04317	-0.29362	0.22895	1.04276	-0.34260	0.22086	0.98296	-0.29345	0.21193	0.97013	-0.33022	0.52756	0.62594	-0.47598	0.54643	0.52710	-0.41077	0.48949	0.79909	-0.48821	0.44593	0.77908	-0.50016	0.51237	0.74514	-0.47474	0.46289	0.70468	-0.48756	0.57858	0.36306	-0.45008	0.55855	0.08288	-0.35735	0.56429	0.35379	-0.28198	0.60671	0.35323	-0.30763	0.56671	0.29438	-0.27745	0.62310	0.30705	-0.30980	0.69497	0.05457	-0.32545	0.69878	0.05018	-0.28002	0.50243	0.04441	-0.31979	0.60372	0.07721	-0.37327	0.62480	0.10584	-0.33943	0.65609	0.05046	-0.38402	0.68250	0.06692	-0.36415	0.30423	0.60748	-0.10561	0.26542	0.48311	-0.16301	0.37066	0.75374	-0.11906	0.32183	0.75601	-0.10935	0.36680	0.69444	-0.12480	0.30287	0.68173	-0.11275	0.14388	0.38455	-0.12566	-0.07479	0.19855	-0.23097	0.16761	0.33029	-0.27935	0.17709	0.30530	-0.23686	0.11760	0.29600	-0.28876	0.14184	0.26897	-0.23171	-0.02478	0.06292	-0.27105	-0.01681	0.06628	-0.31299	-0.11760	0.22722	-0.27604	-0.05279	0.13299	-0.20329	-0.01432	0.14097	-0.23415	-0.04899	0.07368	-0.21452	-0.02028	0.06666	-0.23741	0.35153	0.94338	-0.22142	0.36847	0.95136	-0.39989	0.25481	0.48456	-0.21441	0.53038	0.52559	-0.36081	-0.07237	0.20205	-0.26571	0.54495	0.08504	-0.32517	0.25361	1.03711	-0.31751	0.42151	1.02687	-0.30526	
202	2.01000	0.44894	1.69471	-0.38475	0.46493	1.69913	-0.26456	0.31629	1.59377	-0.36375	0.34358	1.61296	-0.23095	0.30904	1.48591	-0.31414	0.44836	1.41788	-0.32205	0.46907	1.24828	-0.32090	0.27142	1.38346	-0.18793	0.26936	1.20838	-0.31230	0.50881	1.35114	-0.31047	0.50626	1.35371	-0.35971	0.52260	1.29296	-0.31319	0.52591	1.31132	-0.37905	0.34080	1.44365	-0.50755	0.27903	1.08769	-0.52938	0.39671	0.84203	-0.53138	0.33505	0.84354	-0.56839	0.37137	0.78266	-0.57325	0.37216	1.43262	-0.11474	0.36066	1.07673	-0.06279	0.56377	0.88996	-0.05408	0.50973	0.85719	-0.01749	0.58351	0.82839	-0.00232	0.44637	1.03205	-0.42877	0.27307	1.03971	-0.36646	0.42588	1.02514	-0.18096	0.26406	1.03819	-0.26996	0.23916	1.04503	-0.29433	0.24401	1.04477	-0.34332	0.23578	0.98477	-0.29441	0.22672	0.97216	-0.33123	0.52886	0.62458	-0.47888	0.55623	0.52590	-0.41060	0.50207	0.79874	-0.48884	0.45801	0.77961	-0.50031	0.52399	0.74438	-0.47557	0.47224	0.70485	-0.48812	0.58717	0.36145	-0.44885	0.55935	0.08261	-0.35685	0.57003	0.35319	-0.28130	0.61283	0.35154	-0.30626	0.57098	0.29377	-0.27656	0.62813	0.30504	-0.30817	0.69678	0.05331	-0.32473	0.69948	0.04802	-0.27863	0.50266	0.04502	-0.31961	0.60436	0.07742	-0.37273	0.62621	0.10554	-0.33864	0.65636	0.05028	-0.38405	0.68294	0.06612	-0.36402	0.32975	0.60620	-0.10407	0.29165	0.48203	-0.16095	0.39036	0.75448	-0.11808	0.34146	0.75566	-0.10871	0.38785	0.69503	-0.12360	0.32417	0.68094	-0.11180	0.16862	0.38599	-0.12244	-0.05603	0.20827	-0.22668	0.19007	0.33152	-0.27640	0.19900	0.30657	-0.23375	0.13898	0.29882	-0.28551	0.16267	0.27149	-0.22824	-0.01625	0.06894	-0.26862	-0.00703	0.07236	-0.30973	-0.09614	0.24082	-0.27112	-0.03847	0.14160	-0.20007	0.00033	0.14664	-0.23067	-0.03939	0.08208	-0.21143	-0.01130	0.07289	-0.23428	0.36582	0.94516	-0.22124	0.38333	0.95310	-0.39965	0.27919	0.48334	-0.21193	0.54658	0.52712	-0.35901	-0.05413	0.21227	-0.26140	0.54645	0.08515	-0.32441	0.26856	1.03895	-0.31821	0.43613	1.02860	-0.30486	
203	2.02000	0.46292	1.69631	-0.38479	0.47926	1.70078	-0.26470	0.33003	1.59574	-0.36354	0.35757	1.61492	-0.23086	0.32254	1.48746	-0.31444	0.46206	1.41981	-0.32176	0.48323	1.25023	-0.32061	0.28416	1.38440	-0.18904	0.28371	1.20958	-0.31298	0.52272	1.35317	-0.30990	0.52027	1.35578	-0.35910	0.53639	1.29495	-0.31251	0.54008	1.31336	-0.37834	0.35500	1.44547	-0.50756	0.29383	1.08946	-0.52962	0.41458	0.84517	-0.53274	0.35245	0.84598	-0.56942	0.38954	0.78558	-0.57454	0.38434	1.43432	-0.11481	0.36919	1.07873	-0.06423	0.56877	0.88748	-0.05481	0.51278	0.85581	-0.01872	0.58601	0.82507	-0.00334	0.46125	1.03331	-0.42833	0.28783	1.04156	-0.36717	0.44001	1.02680	-0.18059	0.27861	1.03977	-0.27065	0.25374	1.04680	-0.29510	0.25875	1.04664	-0.34399	0.24992	0.98663	-0.29531	0.24133	0.97399	-0.33220	0.53501	0.62285	-0.47858	0.56540	0.52476	-0.41044	0.51304	0.79787	-0.48997	0.46832	0.77949	-0.49986	0.53410	0.74318	-0.47647	0.48120	0.70438	-0.48716	0.59464	0.36025	-0.44773	0.56033	0.08272	-0.35665	0.57521	0.35268	-0.28062	0.61810	0.35013	-0.30516	0.57514	0.29325	-0.27562	0.63261	0.30334	-0.30689	0.69799	0.05232	-0.32460	0.70035	0.04674	-0.27751	0.50309	0.04550	-0.31928	0.60483	0.07746	-0.37224	0.62701	0.10510	-0.33804	0.65656	0.05006	-0.38410	0.68335	0.06547	-0.36399	0.35300	0.60574	-0.10238	0.31819	0.48129	-0.15896	0.40972	0.75576	-0.11683	0.36068	0.75579	-0.10815	0.40889	0.69634	-0.12188	0.34528	0.68071	-0.11103	0.19470	0.38693	-0.11957	-0.03526	0.21769	-0.22244	0.21295	0.33412	-0.27451	0.22218	0.30887	-0.23203	0.16156	0.30309	-0.28265	0.18470	0.27456	-0.22634	-0.00618	0.07525	-0.26597	0.00410	0.07856	-0.30551	-0.07266	0.25366	-0.26665	-0.02326	0.15017	-0.19679	0.01601	0.15207	-0.22702	-0.02823	0.09098	-0.20804	-0.00106	0.07957	-0.23057	0.37993	0.94686	-0.22092	0.39799	0.95450	-0.39929	0.30558	0.48210	-0.20992	0.55870	0.52722	-0.35842	-0.03385	0.22215	-0.25713	0.54757	0.08556	-0.32419	0.28322	1.04066	-0.31891	0.45063	1.03005	-0.30446	
204	2.03000	0.47680	1.69808	-0.38468	0.49328	1.70247	-0.26456	0.34371	1.59791	-0.36333	0.37134	1.61696	-0.23063	0.33611	1.48924	-0.31473	0.47555	1.42176	-0.32123	0.49712	1.25220	-0.32012	0.29686	1.38521	-0.19018	0.29801	1.21082	-0.31379	0.53629	1.35522	-0.30882	0.53416	1.35781	-0.35815	0.55019	1.29703	-0.31150	0.55413	1.31546	-0.37728	0.36935	1.44725	-0.50765	0.30846	1.09114	-0.52991	0.43242	0.84837	-0.53404	0.37010	0.84854	-0.57053	0.40792	0.78859	-0.57589	0.39619	1.43583	-0.11479	0.37746	1.08038	-0.06573	0.57238	0.88496	-0.05561	0.51598	0.85459	-0.02041	0.58835	0.82192	-0.00460	0.47597	1.03421	-0.42813	0.30212	1.04325	-0.36787	0.45402	1.02843	-0.18033	0.29275	1.04123	-0.27120	0.26793	1.04830	-0.29569	0.27283	1.04831	-0.34464	0.26434	0.98808	-0.29603	0.25552	0.97561	-0.33304	0.53610	0.62013	-0.47687	0.57366	0.52406	-0.41032	0.52289	0.79704	-0.49122	0.47724	0.77927	-0.49895	0.54332	0.74216	-0.47783	0.49075	0.70427	-0.48555	0.60033	0.35970	-0.44720	0.56052	0.08283	-0.35621	0.58084	0.35232	-0.28034	0.62355	0.34915	-0.30508	0.57968	0.29288	-0.27556	0.63725	0.30214	-0.30693	0.69848	0.05182	-0.32424	0.70080	0.04583	-0.27659	0.50333	0.04608	-0.31914	0.60486	0.07747	-0.37170	0.62720	0.10498	-0.33734	0.65665	0.05008	-0.38379	0.68347	0.06527	-0.36343	0.37509	0.60620	-0.10126	0.34518	0.48114	-0.15702	0.42874	0.75748	-0.11546	0.37963	0.75639	-0.10756	0.42941	0.69804	-0.12012	0.36611	0.68099	-0.11020	0.22201	0.38749	-0.11679	-0.01347	0.22640	-0.21814	0.23703	0.33737	-0.27319	0.24564	0.31151	-0.23094	0.18410	0.30763	-0.28079	0.20795	0.27794	-0.22510	0.00541	0.08107	-0.26333	0.01748	0.08430	-0.30105	-0.04785	0.26528	-0.26201	-0.00660	0.15782	-0.19321	0.03311	0.15749	-0.22258	-0.01630	0.09925	-0.20570	0.01089	0.08628	-0.22758	0.39391	0.94849	-0.22065	0.41247	0.95560	-0.39900	0.33334	0.48131	-0.20817	0.57313	0.52888	-0.35804	-0.01263	0.23142	-0.25277	0.54891	0.08604	-0.32334	0.29744	1.04224	-0.31953	0.46499	1.03132	-0.30423	
205	2.04000	0.49062	1.70007	-0.38436	0.50718	1.70432	-0.26428	0.35735	1.60015	-0.36303	0.38506	1.61909	-0.23035	0.34972	1.49123	-0.31502	0.48900	1.42378	-0.32067	0.51087	1.25425	-0.31946	0.30923	1.38644	-0.19145	0.31192	1.21233	-0.31469	0.54973	1.35730	-0.30768	0.54785	1.35985	-0.35691	0.56383	1.29915	-0.31018	0.56814	1.31756	-0.37598	0.38380	1.44899	-0.50781	0.32305	1.09277	-0.53040	0.45025	0.85161	-0.53526	0.38785	0.85108	-0.57156	0.42637	0.79166	-0.57722	0.40787	1.43727	-0.11467	0.38536	1.08199	-0.06718	0.57641	0.88254	-0.05679	0.51864	0.85338	-0.02181	0.59036	0.81893	-0.00591	0.49031	1.03514	-0.42807	0.31653	1.04449	-0.36817	0.46787	1.03016	-0.18021	0.30656	1.04253	-0.27156	0.28162	1.04959	-0.29612	0.28660	1.04967	-0.34503	0.27818	0.98943	-0.29653	0.26948	0.97691	-0.33352	0.53597	0.61844	-0.47652	0.58097	0.52398	-0.41035	0.53175	0.79643	-0.49255	0.48560	0.77935	-0.49822	0.55079	0.74152	-0.47985	0.49825	0.70437	-0.48423	0.60354	0.35962	-0.44776	0.56092	0.08295	-0.35591	0.58657	0.35204	-0.28024	0.62921	0.34837	-0.30557	0.58469	0.29261	-0.27553	0.64194	0.30115	-0.30776	0.69904	0.05154	-0.32402	0.70113	0.04533	-0.27620	0.50341	0.04646	-0.31905	0.60501	0.07757	-0.37139	0.62755	0.10484	-0.33688	0.65672	0.05004	-0.38363	0.68358	0.06500	-0.36317	0.39711	0.60730	-0.10011	0.37282	0.48158	-0.15503	0.44800	0.75973	-0.11460	0.39857	0.75747	-0.10699	0.44969	0.70015	-0.11868	0.38676	0.68176	-0.10931	0.25019	0.38757	-0.11428	0.00943	0.23431	-0.21391	0.26066	0.34148	-0.27154	0.27029	0.31459	-0.22997	0.20748	0.31208	-0.27916	0.23226	0.28145	-0.22395	0.01875	0.08752	-0.25992	0.03207	0.09040	-0.29715	-0.02178	0.27536	-0.25781	0.00968	0.16510	-0.18959	0.05120	0.16250	-0.21792	-0.00283	0.10729	-0.20307	0.02491	0.09305	-0.22411	0.40785	0.95009	-0.22044	0.42676	0.95663	-0.39876	0.36221	0.48108	-0.20644	0.58693	0.53109	-0.35867	0.00965	0.24000	-0.24845	0.55126	0.08645	-0.32245	0.31154	1.04351	-0.31987	0.47909	1.03265	-0.30414	
206	2.05000	0.50435	1.70220	-0.38388	0.52094	1.70630	-0.26380	0.37079	1.60256	-0.36266	0.39867	1.62128	-0.22994	0.36307	1.49337	-0.31531	0.50235	1.42582	-0.31990	0.52448	1.25631	-0.31882	0.32154	1.38803	-0.19261	0.32549	1.21415	-0.31555	0.56301	1.35939	-0.30625	0.56141	1.36187	-0.35553	0.57714	1.30123	-0.30866	0.58189	1.31963	-0.37443	0.39833	1.45078	-0.50802	0.33756	1.09442	-0.53104	0.46804	0.85493	-0.53640	0.40558	0.85362	-0.57263	0.44495	0.79485	-0.57861	0.41952	1.43872	-0.11442	0.39281	1.08365	-0.06868	0.58003	0.88040	-0.05786	0.52084	0.85235	-0.02337	0.59173	0.81620	-0.00718	0.50451	1.03642	-0.42831	0.33013	1.04580	-0.36828	0.48155	1.03211	-0.18033	0.32013	1.04375	-0.27164	0.29512	1.05078	-0.29612	0.29993	1.05093	-0.34512	0.29170	0.99065	-0.29660	0.28297	0.97812	-0.33359	0.53966	0.61924	-0.47658	0.58726	0.52410	-0.41062	0.54052	0.79618	-0.49361	0.49376	0.77970	-0.49736	0.55893	0.74108	-0.48090	0.50513	0.70464	-0.48291	0.60527	0.35934	-0.44879	0.56100	0.08306	-0.35574	0.59189	0.35177	-0.28039	0.63514	0.34794	-0.30587	0.58917	0.29240	-0.27574	0.64617	0.30007	-0.30867	0.69926	0.05135	-0.32395	0.70131	0.04501	-0.27600	0.50349	0.04675	-0.31903	0.60514	0.07753	-0.37128	0.62769	0.10467	-0.33667	0.65681	0.04995	-0.38353	0.68367	0.06482	-0.36301	0.42017	0.60900	-0.09920	0.40029	0.48266	-0.15319	0.46687	0.76226	-0.11356	0.41750	0.75899	-0.10641	0.47013	0.70281	-0.11760	0.40747	0.68311	-0.10841	0.27875	0.38747	-0.11190	0.03352	0.24138	-0.20992	0.28554	0.34514	-0.26991	0.29495	0.31742	-0.22892	0.23253	0.31657	-0.27631	0.25745	0.28492	-0.22247	0.03387	0.09424	-0.25718	0.04824	0.09680	-0.29377	0.00523	0.28407	-0.25440	0.02886	0.17230	-0.18657	0.07067	0.16686	-0.21354	0.00929	0.11470	-0.20258	0.04029	0.09946	-0.22069	0.42177	0.95181	-0.22053	0.44104	0.95787	-0.39883	0.39015	0.48161	-0.20469	0.59612	0.53205	-0.35948	0.03301	0.24799	-0.24429	0.55283	0.08671	-0.32190	0.32513	1.04477	-0.31996	0.49303	1.03427	-0.30432	
207	2.06000	0.51791	1.70443	-0.38327	0.53455	1.70833	-0.26318	0.38421	1.60497	-0.36217	0.41216	1.62344	-0.22944	0.37644	1.49568	-0.31544	0.51560	1.42787	-0.31909	0.53790	1.25844	-0.31801	0.33376	1.39011	-0.19368	0.33905	1.21626	-0.31631	0.57618	1.36141	-0.30488	0.57492	1.36393	-0.35414	0.59037	1.30328	-0.30713	0.59549	1.32166	-0.37282	0.41278	1.45266	-0.50810	0.35215	1.09606	-0.53186	0.48566	0.85827	-0.53746	0.42332	0.85621	-0.57376	0.46340	0.79812	-0.57996	0.43076	1.44034	-0.11415	0.39988	1.08549	-0.07016	0.58272	0.87833	-0.05903	0.52256	0.85143	-0.02503	0.59264	0.81378	-0.00856	0.51824	1.03812	-0.42878	0.34340	1.04723	-0.36799	0.49492	1.03436	-0.18059	0.33342	1.04508	-0.27138	0.30840	1.05197	-0.29579	0.31317	1.05213	-0.34477	0.30519	0.99181	-0.29629	0.29655	0.97928	-0.33331	0.54698	0.62144	-0.47681	0.59288	0.52411	-0.41099	0.54930	0.79612	-0.49410	0.50246	0.78069	-0.49673	0.56822	0.74095	-0.48126	0.51191	0.70555	-0.48251	0.60698	0.35870	-0.44970	0.56098	0.08313	-0.35555	0.59682	0.35157	-0.28065	0.63897	0.34679	-0.30681	0.59323	0.29225	-0.27581	0.64979	0.29894	-0.30950	0.69942	0.05121	-0.32391	0.70137	0.04479	-0.27589	0.50350	0.04708	-0.31901	0.60518	0.07760	-0.37107	0.62778	0.10461	-0.33642	0.65676	0.04995	-0.38343	0.68363	0.06474	-0.36287	0.44324	0.61094	-0.09752	0.42749	0.48445	-0.15147	0.48604	0.76516	-0.11296	0.43681	0.76096	-0.10582	0.49063	0.70584	-0.11675	0.42848	0.68487	-0.10745	0.30786	0.38768	-0.10977	0.05840	0.24751	-0.20648	0.31126	0.34848	-0.26790	0.32079	0.32041	-0.22734	0.25787	0.32029	-0.27400	0.28319	0.28818	-0.22057	0.05152	0.10007	-0.25368	0.06675	0.10221	-0.28994	0.03313	0.29114	-0.25176	0.04889	0.17858	-0.18345	0.09154	0.17132	-0.20929	0.03032	0.12248	-0.19787	0.05827	0.10544	-0.21701	0.43547	0.95376	-0.22079	0.45498	0.95944	-0.39908	0.41777	0.48287	-0.20304	0.60166	0.53182	-0.35981	0.05717	0.25511	-0.24062	0.55351	0.08686	-0.32156	0.33841	1.04615	-0.31968	0.50658	1.03624	-0.30469	
208	2.07000	0.53138	1.70675	-0.38252	0.54807	1.71045	-0.26245	0.39764	1.60735	-0.36160	0.42555	1.62556	-0.22881	0.38978	1.49798	-0.31550	0.52868	1.42986	-0.31825	0.55121	1.26056	-0.31720	0.34634	1.39228	-0.19436	0.35242	1.21848	-0.31677	0.58920	1.36342	-0.30344	0.58827	1.36593	-0.35268	0.60344	1.30530	-0.30559	0.60899	1.32367	-0.37126	0.42723	1.45467	-0.50816	0.36681	1.09783	-0.53271	0.50338	0.86181	-0.53857	0.44098	0.85887	-0.57488	0.48175	0.80153	-0.58134	0.44241	1.44201	-0.11386	0.40669	1.08757	-0.07162	0.58497	0.87654	-0.06044	0.52371	0.85084	-0.02705	0.59304	0.81166	-0.01000	0.53163	1.04026	-0.42934	0.35656	1.04882	-0.36744	0.50835	1.03698	-0.18099	0.34660	1.04663	-0.27090	0.32127	1.05342	-0.29521	0.32615	1.05358	-0.34412	0.31870	0.99312	-0.29575	0.30986	0.98064	-0.33268	0.55769	0.62296	-0.47728	0.59790	0.52391	-0.41133	0.55904	0.79659	-0.49454	0.51167	0.78192	-0.49624	0.57685	0.74107	-0.48154	0.51989	0.70677	-0.48165	0.60939	0.35793	-0.45019	0.56097	0.08326	-0.35548	0.60096	0.35134	-0.28092	0.64340	0.34604	-0.30711	0.59655	0.29208	-0.27599	0.65323	0.29806	-0.30981	0.69950	0.05106	-0.32386	0.70148	0.04462	-0.27579	0.50353	0.04742	-0.31900	0.60520	0.07752	-0.37095	0.62784	0.10447	-0.33626	0.65678	0.04989	-0.38337	0.68367	0.06466	-0.36279	0.46654	0.61367	-0.09643	0.45443	0.48695	-0.14988	0.50599	0.76876	-0.11276	0.45660	0.76321	-0.10498	0.51155	0.70926	-0.11614	0.44982	0.68699	-0.10644	0.33661	0.38844	-0.10762	0.08407	0.25289	-0.20345	0.33744	0.35151	-0.26593	0.34716	0.32331	-0.22537	0.28396	0.32353	-0.27164	0.30961	0.29129	-0.21824	0.07275	0.10575	-0.24868	0.08825	0.10676	-0.28532	0.06114	0.29678	-0.25017	0.07148	0.18510	-0.18046	0.11447	0.17569	-0.20526	0.05041	0.12946	-0.19431	0.07788	0.11089	-0.21250	0.44927	0.95602	-0.22106	0.46873	0.96136	-0.39937	0.44481	0.48490	-0.20145	0.60413	0.53063	-0.35964	0.08221	0.26134	-0.23737	0.55325	0.08706	-0.32155	0.35158	1.04772	-0.31917	0.51999	1.03862	-0.30517	
209	2.08000	0.54476	1.70909	-0.38164	0.56143	1.71253	-0.26155	0.41111	1.60967	-0.36091	0.43890	1.62762	-0.22811	0.40297	1.50032	-0.31559	0.54179	1.43190	-0.31737	0.56421	1.26262	-0.31645	0.35832	1.39470	-0.19509	0.36540	1.22092	-0.31704	0.60201	1.36533	-0.30198	0.60143	1.36788	-0.35128	0.61618	1.30716	-0.30415	0.62229	1.32564	-0.36976	0.44159	1.45681	-0.50804	0.38161	1.09978	-0.53370	0.52081	0.86535	-0.53964	0.45844	0.86168	-0.57601	0.50006	0.80513	-0.58283	0.45402	1.44383	-0.11362	0.41317	1.08995	-0.07324	0.58695	0.87502	-0.06168	0.52459	0.85050	-0.02895	0.59302	0.80984	-0.01147	0.54464	1.04268	-0.43002	0.36894	1.05092	-0.36689	0.52148	1.03988	-0.18146	0.35975	1.04846	-0.27026	0.33439	1.05507	-0.29441	0.33898	1.05532	-0.34337	0.33177	0.99485	-0.29495	0.32308	0.98230	-0.33187	0.56971	0.62373	-0.47703	0.60284	0.52362	-0.41151	0.56898	0.79732	-0.49434	0.52142	0.78348	-0.49565	0.58595	0.74158	-0.48132	0.52839	0.70821	-0.48075	0.61263	0.35726	-0.45039	0.56065	0.08331	-0.35532	0.60427	0.35120	-0.28090	0.64550	0.34481	-0.30759	0.59888	0.29186	-0.27602	0.65581	0.29719	-0.30981	0.69963	0.05098	-0.32378	0.70150	0.04448	-0.27565	0.50354	0.04776	-0.31911	0.60523	0.07755	-0.37080	0.62781	0.10435	-0.33601	0.65675	0.04989	-0.38330	0.68365	0.06458	-0.36271	0.49003	0.61690	-0.09543	0.48091	0.49000	-0.14841	0.52531	0.77212	-0.11200	0.47645	0.76569	-0.10430	0.53259	0.71298	-0.11564	0.47138	0.68938	-0.10559	0.36492	0.39001	-0.10576	0.11033	0.25751	-0.20069	0.36377	0.35429	-0.26389	0.37379	0.32628	-0.22316	0.30994	0.32622	-0.26978	0.33608	0.29442	-0.21583	0.09786	0.11040	-0.24411	0.11303	0.11010	-0.28032	0.08865	0.30104	-0.24907	0.09673	0.19099	-0.17719	0.13967	0.18026	-0.20158	0.07478	0.13536	-0.18998	0.10196	0.11590	-0.20765	0.46271	0.95860	-0.22141	0.48205	0.96360	-0.39974	0.47099	0.48748	-0.19990	0.60559	0.52925	-0.35938	0.10797	0.26666	-0.23440	0.55215	0.08722	-0.32160	0.36434	1.04969	-0.31858	0.53306	1.04128	-0.30574	
210	2.09000	0.55804	1.71143	-0.38066	0.57468	1.71459	-0.26056	0.42430	1.61199	-0.36012	0.45212	1.62962	-0.22733	0.41605	1.50269	-0.31548	0.55480	1.43384	-0.31641	0.57693	1.26462	-0.31563	0.37074	1.39699	-0.19564	0.37832	1.22333	-0.31713	0.61481	1.36722	-0.30072	0.61456	1.36980	-0.34994	0.62890	1.30901	-0.30282	0.63547	1.32755	-0.36835	0.45579	1.45911	-0.50781	0.39648	1.10194	-0.53466	0.53811	0.86899	-0.54071	0.47597	0.86471	-0.57733	0.51821	0.80885	-0.58442	0.46553	1.44580	-0.11335	0.41952	1.09262	-0.07494	0.58843	0.87377	-0.06321	0.52602	0.85050	-0.03114	0.59210	0.80830	-0.01284	0.55743	1.04524	-0.43062	0.38164	1.05304	-0.36618	0.53452	1.04297	-0.18204	0.37271	1.05061	-0.26961	0.34746	1.05709	-0.29360	0.35184	1.05733	-0.34254	0.34497	0.99687	-0.29410	0.33598	0.98432	-0.33100	0.58023	0.62391	-0.47644	0.60785	0.52340	-0.41161	0.57925	0.79834	-0.49384	0.53149	0.78519	-0.49511	0.59539	0.74239	-0.48082	0.53834	0.70977	-0.47997	0.61668	0.35685	-0.45026	0.56072	0.08342	-0.35546	0.60626	0.35093	-0.28103	0.64786	0.34423	-0.30717	0.60049	0.29181	-0.27594	0.65775	0.29655	-0.30930	0.69969	0.05089	-0.32376	0.70149	0.04437	-0.27560	0.50353	0.04821	-0.31939	0.60527	0.07751	-0.37080	0.62788	0.10429	-0.33601	0.65682	0.04985	-0.38331	0.68368	0.06448	-0.36270	0.51311	0.62031	-0.09444	0.50712	0.49353	-0.14705	0.54482	0.77578	-0.11139	0.49637	0.76839	-0.10352	0.55377	0.71705	-0.11535	0.49305	0.69200	-0.10466	0.39224	0.39237	-0.10416	0.13693	0.26155	-0.19858	0.39038	0.35708	-0.26188	0.40048	0.32937	-0.22100	0.33638	0.32916	-0.26755	0.36183	0.29712	-0.21374	0.12578	0.11335	-0.23873	0.14124	0.11227	-0.27482	0.11481	0.30411	-0.24782	0.12393	0.19574	-0.17404	0.16692	0.18491	-0.19787	0.10276	0.13960	-0.18535	0.13007	0.11997	-0.20251	0.47602	0.96136	-0.22172	0.49517	0.96600	-0.40008	0.49704	0.49054	-0.19849	0.60817	0.52835	-0.35935	0.13428	0.27109	-0.23215	0.55142	0.08745	-0.32195	0.37717	1.05182	-0.31790	0.54597	1.04411	-0.30633	
211	2.10000	0.57121	1.71373	-0.37958	0.58793	1.71659	-0.25946	0.43745	1.61426	-0.35930	0.46538	1.63156	-0.22645	0.42902	1.50504	-0.31527	0.56771	1.43579	-0.31548	0.58962	1.26657	-0.31496	0.38269	1.39943	-0.19634	0.39118	1.22572	-0.31713	0.62751	1.36902	-0.29940	0.62753	1.37165	-0.34860	0.64134	1.31077	-0.30148	0.64839	1.32933	-0.36693	0.46981	1.46152	-0.50745	0.41137	1.10420	-0.53561	0.55541	0.87279	-0.54191	0.49335	0.86790	-0.57866	0.53617	0.81267	-0.58596	0.47703	1.44784	-0.11307	0.42558	1.09554	-0.07655	0.58971	0.87273	-0.06467	0.52628	0.85080	-0.03332	0.59119	0.80704	-0.01449	0.57003	1.04773	-0.43122	0.39445	1.05534	-0.36552	0.54741	1.04611	-0.18260	0.38572	1.05291	-0.26896	0.36019	1.05944	-0.29277	0.36451	1.05963	-0.34179	0.35801	0.99912	-0.29327	0.34884	0.98661	-0.33013	0.58848	0.62433	-0.47617	0.61273	0.52329	-0.41151	0.58967	0.79952	-0.49312	0.54174	0.78699	-0.49472	0.60400	0.74326	-0.48047	0.54743	0.71146	-0.47979	0.62095	0.35668	-0.44958	0.56090	0.08351	-0.35549	0.60816	0.35085	-0.28085	0.65034	0.34412	-0.30654	0.60179	0.29170	-0.27589	0.65940	0.29608	-0.30873	0.69982	0.05080	-0.32373	0.70154	0.04429	-0.27558	0.50354	0.04866	-0.31953	0.60533	0.07748	-0.37082	0.62796	0.10426	-0.33601	0.65684	0.04977	-0.38331	0.68374	0.06444	-0.36272	0.53619	0.62380	-0.09339	0.53322	0.49739	-0.14579	0.56457	0.77979	-0.11093	0.51666	0.77139	-0.10296	0.57453	0.72117	-0.11472	0.51478	0.69485	-0.10356	0.41866	0.39585	-0.10273	0.16408	0.26446	-0.19670	0.41743	0.36000	-0.26004	0.42754	0.33266	-0.21893	0.36339	0.33196	-0.26562	0.38899	0.30046	-0.21159	0.15666	0.11511	-0.23304	0.17271	0.11380	-0.26912	0.14077	0.30556	-0.24689	0.15298	0.19927	-0.17061	0.19563	0.18873	-0.19486	0.13306	0.14217	-0.18053	0.16109	0.12297	-0.19733	0.48908	0.96423	-0.22198	0.50802	0.96840	-0.40038	0.52293	0.49393	-0.19715	0.61199	0.52800	-0.35923	0.16139	0.27394	-0.23029	0.55097	0.08768	-0.32219	0.39009	1.05412	-0.31724	0.55872	1.04692	-0.30691	
212	2.11000	0.58435	1.71597	-0.37845	0.60112	1.71851	-0.25831	0.45056	1.61647	-0.35836	0.47846	1.63338	-0.22550	0.44228	1.50717	-0.31503	0.58049	1.43769	-0.31457	0.60220	1.26858	-0.31444	0.39464	1.40179	-0.19696	0.40385	1.22807	-0.31727	0.64010	1.37076	-0.29808	0.64045	1.37348	-0.34732	0.65373	1.31247	-0.30018	0.66132	1.33113	-0.36556	0.48363	1.46402	-0.50697	0.42628	1.10657	-0.53656	0.57251	0.87665	-0.54314	0.51067	0.87131	-0.58009	0.55406	0.81657	-0.58760	0.48843	1.44989	-0.11279	0.43166	1.09851	-0.07824	0.59132	0.87213	-0.06600	0.52634	0.85127	-0.03564	0.59006	0.80597	-0.01630	0.58252	1.04996	-0.43162	0.40734	1.05765	-0.36489	0.56021	1.04919	-0.18308	0.39857	1.05538	-0.26834	0.37297	1.06188	-0.29210	0.37731	1.06201	-0.34115	0.37085	1.00160	-0.29250	0.36179	0.98896	-0.32932	0.59436	0.62563	-0.47630	0.61734	0.52336	-0.41133	0.60000	0.80058	-0.49225	0.55188	0.78875	-0.49433	0.61436	0.74410	-0.47943	0.55647	0.71316	-0.47983	0.62418	0.35674	-0.44912	0.56103	0.08373	-0.35540	0.61010	0.35080	-0.28070	0.65252	0.34392	-0.30629	0.60358	0.29170	-0.27564	0.66096	0.29554	-0.30858	0.69994	0.05076	-0.32370	0.70158	0.04420	-0.27552	0.50366	0.04908	-0.31943	0.60534	0.07748	-0.37067	0.62805	0.10422	-0.33580	0.65687	0.04979	-0.38321	0.68378	0.06441	-0.36263	0.55934	0.62749	-0.09230	0.55902	0.50157	-0.14461	0.58405	0.78407	-0.11065	0.53637	0.77451	-0.10175	0.59528	0.72566	-0.11447	0.53644	0.69801	-0.10236	0.44465	0.40024	-0.10131	0.19174	0.26620	-0.19494	0.44462	0.36294	-0.25837	0.45466	0.33592	-0.21701	0.39067	0.33471	-0.26386	0.41640	0.30363	-0.20957	0.19071	0.11630	-0.22739	0.20621	0.11426	-0.26367	0.16581	0.30563	-0.24567	0.18384	0.20157	-0.16729	0.22658	0.19246	-0.19204	0.16664	0.14362	-0.17525	0.19362	0.12453	-0.19265	0.50194	0.96710	-0.22205	0.52065	0.97067	-0.40048	0.54833	0.49765	-0.19587	0.61698	0.52817	-0.35905	0.18918	0.27530	-0.22864	0.55108	0.08801	-0.32211	0.40296	1.05651	-0.31662	0.57136	1.04958	-0.30735	
213	2.12000	0.59744	1.71811	-0.37724	0.61428	1.72030	-0.25712	0.46366	1.61862	-0.35741	0.49166	1.63514	-0.22446	0.45514	1.50928	-0.31463	0.59325	1.43954	-0.31361	0.61477	1.27047	-0.31383	0.40700	1.40394	-0.19745	0.41665	1.23019	-0.31733	0.65256	1.37249	-0.29678	0.65323	1.37527	-0.34602	0.66607	1.31415	-0.29889	0.67417	1.33296	-0.36423	0.49730	1.46655	-0.50649	0.44109	1.10897	-0.53741	0.58952	0.88053	-0.54447	0.52800	0.87478	-0.58171	0.57199	0.82054	-0.58922	0.49978	1.45188	-0.11247	0.43770	1.10166	-0.07989	0.59215	0.87151	-0.06754	0.52615	0.85201	-0.03800	0.58873	0.80508	-0.01828	0.59501	1.05194	-0.43191	0.41998	1.06002	-0.36453	0.57278	1.05211	-0.18351	0.41122	1.05801	-0.26790	0.38582	1.06441	-0.29156	0.39002	1.06442	-0.34062	0.38341	1.00419	-0.29197	0.37445	0.99145	-0.32867	0.59926	0.62706	-0.47655	0.62064	0.52347	-0.41127	0.61015	0.80153	-0.49137	0.56191	0.79037	-0.49398	0.62351	0.74480	-0.47864	0.56530	0.71469	-0.47964	0.62569	0.35692	-0.44929	0.56108	0.08398	-0.35524	0.61245	0.35081	-0.28073	0.65459	0.34360	-0.30640	0.60538	0.29181	-0.27572	0.66263	0.29517	-0.30886	0.69997	0.05069	-0.32363	0.70162	0.04408	-0.27546	0.50319	0.04971	-0.31978	0.60537	0.07748	-0.37046	0.62810	0.10424	-0.33564	0.65687	0.04981	-0.38308	0.68385	0.06440	-0.36250	0.58220	0.63141	-0.09126	0.58444	0.50602	-0.14362	0.60327	0.78853	-0.11048	0.55578	0.77775	-0.10065	0.61583	0.73041	-0.11445	0.55781	0.70143	-0.10128	0.47045	0.40523	-0.09986	0.21976	0.26703	-0.19327	0.47188	0.36591	-0.25674	0.48220	0.33917	-0.21532	0.41826	0.33726	-0.26226	0.44417	0.30657	-0.20778	0.22572	0.11630	-0.22212	0.24179	0.11414	-0.25819	0.19052	0.30406	-0.24455	0.21650	0.20300	-0.16387	0.25894	0.19563	-0.18942	0.20245	0.14401	-0.16984	0.22971	0.12594	-0.18749	0.51444	0.96991	-0.22208	0.53311	0.97280	-0.40053	0.57335	0.50164	-0.19474	0.62061	0.52835	-0.35900	0.21742	0.27557	-0.22713	0.55144	0.08831	-0.32187	0.41560	1.05902	-0.31621	0.58389	1.05203	-0.30771	
214	2.13000	0.61049	1.72013	-0.37595	0.62735	1.72195	-0.25581	0.47659	1.62072	-0.35633	0.50469	1.63682	-0.22339	0.46776	1.51133	-0.31424	0.60582	1.44124	-0.31263	0.62727	1.27229	-0.31317	0.41890	1.40604	-0.19804	0.42906	1.23228	-0.31757	0.66498	1.37420	-0.29553	0.66591	1.37705	-0.34469	0.67837	1.31584	-0.29764	0.68689	1.33474	-0.36287	0.51065	1.46903	-0.50590	0.45583	1.11134	-0.53823	0.60648	0.88439	-0.54578	0.54524	0.87830	-0.58337	0.58975	0.82447	-0.59096	0.51114	1.45381	-0.11218	0.44382	1.10475	-0.08145	0.59280	0.87098	-0.06923	0.52598	0.85285	-0.04054	0.58724	0.80432	-0.02040	0.60738	1.05359	-0.43204	0.43272	1.06231	-0.36422	0.58532	1.05487	-0.18386	0.42385	1.06059	-0.26762	0.39844	1.06698	-0.29133	0.40255	1.06694	-0.34034	0.39625	1.00667	-0.29143	0.38696	0.99395	-0.32820	0.60483	0.62832	-0.47672	0.62385	0.52353	-0.41122	0.61997	0.80234	-0.49049	0.57158	0.79187	-0.49363	0.63235	0.74539	-0.47774	0.57362	0.71611	-0.47955	0.62639	0.35687	-0.44966	0.56112	0.08421	-0.35507	0.61470	0.35085	-0.28081	0.65670	0.34335	-0.30685	0.60728	0.29191	-0.27580	0.66435	0.29483	-0.30930	0.70007	0.05063	-0.32359	0.70189	0.04414	-0.27537	0.50329	0.05022	-0.31966	0.60543	0.07751	-0.37026	0.62820	0.10424	-0.33553	0.65693	0.04985	-0.38297	0.68390	0.06443	-0.36242	0.60472	0.63554	-0.09027	0.60956	0.51060	-0.14264	0.62216	0.79308	-0.11048	0.57521	0.78156	-0.10011	0.63600	0.73528	-0.11439	0.57894	0.70504	-0.10009	0.49608	0.41042	-0.09845	0.24840	0.26727	-0.19132	0.49922	0.36884	-0.25536	0.51017	0.34229	-0.21381	0.44580	0.33953	-0.26092	0.47300	0.30941	-0.20614	0.26456	0.11652	-0.21644	0.27754	0.11329	-0.25356	0.21535	0.30059	-0.24336	0.25028	0.20371	-0.16040	0.29228	0.19836	-0.18713	0.24014	0.14394	-0.16434	0.26784	0.12709	-0.18249	0.52682	0.97259	-0.22193	0.54538	0.97468	-0.40040	0.59811	0.50576	-0.19365	0.62363	0.52834	-0.35894	0.24631	0.27513	-0.22536	0.55195	0.08855	-0.32157	0.42828	1.06145	-0.31592	0.59635	1.05423	-0.30795	
215	2.14000	0.62347	1.72202	-0.37465	0.64050	1.72345	-0.25453	0.48955	1.62269	-0.35520	0.51774	1.63834	-0.22229	0.48064	1.51323	-0.31376	0.61843	1.44291	-0.31167	0.63970	1.27399	-0.31258	0.43088	1.40801	-0.19862	0.44160	1.23418	-0.31780	0.67741	1.37588	-0.29426	0.67858	1.37881	-0.34345	0.69067	1.31747	-0.29640	0.69948	1.33645	-0.36154	0.52392	1.47139	-0.50522	0.47049	1.11364	-0.53903	0.62334	0.88816	-0.54716	0.56230	0.88173	-0.58499	0.60729	0.82831	-0.59269	0.52247	1.45560	-0.11187	0.44991	1.10776	-0.08296	0.59341	0.87059	-0.07097	0.52569	0.85387	-0.04302	0.58576	0.80366	-0.02266	0.61983	1.05503	-0.43206	0.44506	1.06459	-0.36415	0.59776	1.05740	-0.18401	0.43680	1.06296	-0.26742	0.41104	1.06948	-0.29123	0.41529	1.06918	-0.34013	0.40860	1.00926	-0.29114	0.39944	0.99638	-0.32784	0.61119	0.62912	-0.47671	0.62746	0.52359	-0.41134	0.62930	0.80301	-0.48967	0.58080	0.79318	-0.49323	0.64075	0.74586	-0.47697	0.58159	0.71747	-0.47937	0.62726	0.35674	-0.44995	0.56113	0.08452	-0.35494	0.61684	0.35098	-0.28110	0.65787	0.34279	-0.30763	0.60895	0.29206	-0.27587	0.66581	0.29454	-0.30978	0.70014	0.05057	-0.32357	0.70197	0.04409	-0.27536	0.50335	0.05077	-0.31955	0.60550	0.07753	-0.37013	0.62831	0.10433	-0.33543	0.65694	0.04982	-0.38287	0.68398	0.06443	-0.36236	0.62703	0.63989	-0.08929	0.63437	0.51528	-0.14183	0.64056	0.79765	-0.11074	0.59388	0.78499	-0.09913	0.65587	0.74022	-0.11440	0.60006	0.70886	-0.09920	0.52144	0.41535	-0.09732	0.27733	0.26608	-0.18952	0.52649	0.37149	-0.25410	0.53787	0.34502	-0.21268	0.47371	0.34136	-0.25969	0.50133	0.31154	-0.20506	0.30300	0.11581	-0.21136	0.31656	0.11266	-0.24788	0.24078	0.29558	-0.24172	0.28452	0.20368	-0.15712	0.32617	0.20038	-0.18485	0.27923	0.14363	-0.15889	0.30681	0.12789	-0.17745	0.53907	0.97510	-0.22168	0.55766	0.97640	-0.40015	0.62256	0.50999	-0.19271	0.62674	0.52827	-0.35905	0.27552	0.27321	-0.22374	0.55236	0.08889	-0.32134	0.44093	1.06377	-0.31579	0.60879	1.05622	-0.30803	
216	2.15000	0.63647	1.72376	-0.37328	0.65357	1.72477	-0.25316	0.50242	1.62457	-0.35399	0.53076	1.63973	-0.22103	0.49339	1.51488	-0.31316	0.63093	1.44449	-0.31068	0.65215	1.27556	-0.31200	0.44304	1.40965	-0.19904	0.45394	1.23594	-0.31813	0.68963	1.37738	-0.29301	0.69108	1.38040	-0.34217	0.70285	1.31900	-0.29522	0.71215	1.33810	-0.36030	0.53696	1.47367	-0.50452	0.48502	1.11571	-0.53976	0.64012	0.89183	-0.54847	0.57934	0.88509	-0.58667	0.62483	0.83205	-0.59438	0.53379	1.45720	-0.11152	0.45612	1.11069	-0.08437	0.59398	0.87022	-0.07281	0.52527	0.85485	-0.04579	0.58419	0.80307	-0.02507	0.63219	1.05622	-0.43192	0.45763	1.06654	-0.36412	0.61007	1.05972	-0.18417	0.44893	1.06532	-0.26737	0.42365	1.07182	-0.29117	0.42767	1.07142	-0.34016	0.42113	1.01157	-0.29085	0.41180	0.99862	-0.32749	0.61756	0.62924	-0.47640	0.62987	0.52365	-0.41170	0.63822	0.80357	-0.48893	0.58964	0.79444	-0.49283	0.64873	0.74617	-0.47628	0.58914	0.71873	-0.47904	0.62805	0.35678	-0.45034	0.56119	0.08486	-0.35486	0.61862	0.35111	-0.28135	0.65944	0.34269	-0.30817	0.61051	0.29225	-0.27606	0.66715	0.29441	-0.31031	0.70018	0.05049	-0.32356	0.70202	0.04405	-0.27540	0.50346	0.05114	-0.31912	0.60557	0.07754	-0.37009	0.62845	0.10435	-0.33543	0.65697	0.04978	-0.38284	0.68405	0.06437	-0.36239	0.64892	0.64424	-0.08838	0.65861	0.51988	-0.14122	0.65897	0.80234	-0.11074	0.61242	0.78856	-0.09848	0.67568	0.74539	-0.11454	0.62029	0.71261	-0.09804	0.54671	0.41961	-0.09646	0.30747	0.26292	-0.18745	0.55390	0.37395	-0.25251	0.56586	0.34739	-0.21164	0.50126	0.34252	-0.25808	0.53002	0.31310	-0.20395	0.34301	0.11499	-0.20586	0.35570	0.11128	-0.24244	0.26761	0.28874	-0.23971	0.31946	0.20281	-0.15399	0.36024	0.20122	-0.18248	0.31830	0.14250	-0.15351	0.34658	0.12823	-0.17233	0.55117	0.97741	-0.22137	0.56982	0.97789	-0.39984	0.64642	0.51415	-0.19197	0.62799	0.52811	-0.35942	0.30590	0.26929	-0.22183	0.55247	0.08928	-0.32126	0.45328	1.06593	-0.31575	0.62113	1.05797	-0.30805	
217	2.16000	0.64943	1.72530	-0.37187	0.66681	1.72587	-0.25185	0.51520	1.62629	-0.35279	0.54380	1.64092	-0.21983	0.50596	1.51643	-0.31253	0.64336	1.44587	-0.30975	0.66446	1.27700	-0.31142	0.45495	1.41116	-0.19940	0.46644	1.23755	-0.31852	0.70190	1.37874	-0.29181	0.70363	1.38187	-0.34098	0.71506	1.32034	-0.29408	0.72464	1.33956	-0.35902	0.54977	1.47578	-0.50374	0.49941	1.11763	-0.54040	0.65682	0.89535	-0.54988	0.59633	0.88832	-0.58832	0.64231	0.83566	-0.59615	0.54516	1.45862	-0.11115	0.46237	1.11355	-0.08575	0.59454	0.86994	-0.07475	0.52538	0.85588	-0.04847	0.58265	0.80255	-0.02761	0.64442	1.05719	-0.43172	0.46985	1.06830	-0.36414	0.62222	1.06181	-0.18428	0.46130	1.06743	-0.26732	0.43593	1.07395	-0.29116	0.44009	1.07335	-0.34019	0.43328	1.01371	-0.29063	0.42409	1.00054	-0.32727	0.62314	0.62928	-0.47623	0.63229	0.52388	-0.41223	0.64676	0.80401	-0.48839	0.59802	0.79568	-0.49236	0.65648	0.74638	-0.47585	0.59649	0.71980	-0.47875	0.62886	0.35697	-0.45089	0.56127	0.08531	-0.35482	0.62036	0.35144	-0.28158	0.66130	0.34293	-0.30861	0.61184	0.29259	-0.27635	0.66833	0.29443	-0.31085	0.70017	0.05044	-0.32369	0.70209	0.04404	-0.27544	0.50353	0.05188	-0.31900	0.60569	0.07759	-0.37009	0.62863	0.10442	-0.33550	0.65704	0.04974	-0.38287	0.68417	0.06434	-0.36244	0.67024	0.64854	-0.08758	0.68250	0.52444	-0.14076	0.67679	0.80688	-0.11080	0.63102	0.79222	-0.09765	0.69469	0.75025	-0.11460	0.64031	0.71638	-0.09713	0.57209	0.42303	-0.09609	0.33835	0.25833	-0.18525	0.58090	0.37577	-0.25164	0.59395	0.34955	-0.21089	0.52936	0.34300	-0.25682	0.55906	0.31427	-0.20297	0.38350	0.11359	-0.20030	0.39507	0.10921	-0.23722	0.29533	0.28059	-0.23808	0.35477	0.20090	-0.15071	0.39501	0.20113	-0.18012	0.35802	0.14081	-0.14809	0.38770	0.12832	-0.16700	0.56311	0.97950	-0.22100	0.58184	0.97916	-0.39946	0.67012	0.51832	-0.19141	0.62984	0.52820	-0.35997	0.33694	0.26404	-0.21975	0.55271	0.08980	-0.32118	0.46558	1.06787	-0.31573	0.63332	1.05950	-0.30800	
218	2.17000	0.66237	1.72666	-0.37050	0.67997	1.72676	-0.25046	0.52794	1.62782	-0.35151	0.55681	1.64193	-0.21854	0.51860	1.51778	-0.31183	0.65580	1.44701	-0.30881	0.67682	1.27824	-0.31083	0.46714	1.41244	-0.19971	0.47872	1.23898	-0.31885	0.71419	1.37994	-0.29068	0.71614	1.38317	-0.33982	0.72719	1.32147	-0.29300	0.73710	1.34079	-0.35788	0.56249	1.47771	-0.50289	0.51364	1.11929	-0.54095	0.67340	0.89868	-0.55131	0.61308	0.89125	-0.58997	0.65960	0.83904	-0.59789	0.55664	1.45983	-0.11074	0.46882	1.11627	-0.08710	0.59512	0.86966	-0.07685	0.52530	0.85734	-0.05173	0.58121	0.80211	-0.03030	0.65657	1.05799	-0.43155	0.48209	1.06984	-0.36413	0.63418	1.06366	-0.18434	0.47356	1.06916	-0.26738	0.44834	1.07568	-0.29122	0.45238	1.07484	-0.34017	0.44540	1.01545	-0.29046	0.43603	1.00222	-0.32700	0.62770	0.63022	-0.47658	0.63470	0.52418	-0.41283	0.65516	0.80437	-0.48792	0.60617	0.79686	-0.49199	0.66377	0.74652	-0.47545	0.60333	0.72097	-0.47847	0.62982	0.35715	-0.45143	0.56145	0.08591	-0.35486	0.62088	0.35182	-0.28224	0.66327	0.34334	-0.30888	0.61320	0.29302	-0.27675	0.66984	0.29470	-0.31132	0.70020	0.05038	-0.32375	0.70217	0.04405	-0.27549	0.50363	0.05259	-0.31890	0.60586	0.07765	-0.37014	0.62888	0.10453	-0.33564	0.65716	0.04972	-0.38288	0.68430	0.06429	-0.36250	0.69116	0.65267	-0.08693	0.70581	0.52888	-0.14053	0.69419	0.81125	-0.11083	0.64895	0.79567	-0.09701	0.71210	0.75472	-0.11488	0.65989	0.72008	-0.09635	0.59764	0.42574	-0.09548	0.36991	0.25251	-0.18312	0.60791	0.37730	-0.25095	0.62213	0.35147	-0.21037	0.55717	0.34296	-0.25590	0.58845	0.31511	-0.20232	0.42434	0.11166	-0.19485	0.43547	0.10669	-0.23184	0.32610	0.27156	-0.23557	0.39061	0.19826	-0.14757	0.43026	0.20007	-0.17765	0.39776	0.13855	-0.14308	0.42760	0.12732	-0.16218	0.57492	0.98133	-0.22068	0.59381	0.98022	-0.39913	0.69321	0.52237	-0.19108	0.63236	0.52844	-0.36055	0.36856	0.25764	-0.21772	0.55314	0.09044	-0.32116	0.47783	1.06950	-0.31576	0.64538	1.06083	-0.30794	
219	2.18000	0.67525	1.72775	-0.36907	0.69312	1.72740	-0.24909	0.54076	1.62914	-0.35017	0.56983	1.64267	-0.21722	0.53127	1.51889	-0.31110	0.66824	1.44797	-0.30782	0.68900	1.27918	-0.31025	0.47888	1.41363	-0.20000	0.49095	1.24021	-0.31901	0.72641	1.38084	-0.28958	0.72852	1.38415	-0.33868	0.73926	1.32233	-0.29199	0.74951	1.34182	-0.35678	0.57492	1.47940	-0.50199	0.52793	1.12067	-0.54149	0.68990	0.90180	-0.55284	0.62970	0.89392	-0.59161	0.67685	0.84219	-0.59974	0.56812	1.46081	-0.11025	0.47531	1.11886	-0.08834	0.59578	0.86939	-0.07905	0.52539	0.85847	-0.05448	0.57996	0.80172	-0.03314	0.66858	1.05862	-0.43138	0.49430	1.07097	-0.36409	0.64606	1.06529	-0.18429	0.48564	1.07056	-0.26724	0.46031	1.07707	-0.29112	0.46449	1.07613	-0.34005	0.45735	1.01685	-0.29023	0.44789	1.00360	-0.32666	0.63151	0.63141	-0.47704	0.63725	0.52452	-0.41347	0.66326	0.80461	-0.48764	0.61426	0.79822	-0.49171	0.67088	0.74671	-0.47527	0.60993	0.72215	-0.47835	0.63099	0.35741	-0.45199	0.56152	0.08629	-0.35462	0.62325	0.35219	-0.28269	0.66432	0.34336	-0.30981	0.61436	0.29346	-0.27722	0.67105	0.29490	-0.31193	0.70002	0.05015	-0.32381	0.70180	0.04380	-0.27567	0.50418	0.05349	-0.31858	0.60606	0.07773	-0.37026	0.62919	0.10469	-0.33588	0.65729	0.04962	-0.38294	0.68449	0.06422	-0.36261	0.71156	0.65653	-0.08643	0.72840	0.53317	-0.14049	0.71132	0.81550	-0.11077	0.66644	0.79888	-0.09631	0.73022	0.75929	-0.11486	0.67896	0.72354	-0.09561	0.62310	0.42786	-0.09470	0.40201	0.24551	-0.18076	0.63491	0.37853	-0.25041	0.65045	0.35295	-0.21022	0.58549	0.34243	-0.25499	0.61796	0.31552	-0.20171	0.46567	0.10940	-0.18956	0.47649	0.10390	-0.22654	0.35678	0.26102	-0.23332	0.42680	0.19483	-0.14460	0.46502	0.19804	-0.17556	0.43797	0.13597	-0.13822	0.46829	0.12611	-0.15736	0.58673	0.98288	-0.22030	0.60573	0.98104	-0.39873	0.71558	0.52630	-0.19094	0.63568	0.52876	-0.36117	0.40066	0.25012	-0.21543	0.55358	0.09089	-0.32084	0.48997	1.07077	-0.31566	0.65732	1.06196	-0.30783	
220	2.19000	0.68809	1.72865	-0.36766	0.70629	1.72782	-0.24772	0.55361	1.63018	-0.34876	0.58298	1.64320	-0.21583	0.54407	1.51975	-0.31025	0.68068	1.44864	-0.30690	0.70118	1.27986	-0.30962	0.49091	1.41458	-0.20012	0.50312	1.24129	-0.31911	0.73870	1.38148	-0.28859	0.74091	1.38490	-0.33765	0.75009	1.32285	-0.29128	0.76173	1.34251	-0.35576	0.58722	1.48084	-0.50103	0.54215	1.12175	-0.54189	0.70651	0.90458	-0.55462	0.64617	0.89630	-0.59334	0.69380	0.84502	-0.60165	0.57979	1.46155	-0.10976	0.48198	1.12128	-0.08948	0.59650	0.86907	-0.08140	0.52564	0.85955	-0.05719	0.57883	0.80143	-0.03604	0.68037	1.05912	-0.43123	0.50610	1.07180	-0.36384	0.65780	1.06665	-0.18420	0.49742	1.07161	-0.26704	0.47250	1.07805	-0.29085	0.47643	1.07704	-0.33983	0.46918	1.01789	-0.28988	0.45973	1.00455	-0.32636	0.63524	0.63231	-0.47743	0.63976	0.52495	-0.41412	0.67117	0.80486	-0.48743	0.62211	0.79940	-0.49141	0.67773	0.74683	-0.47527	0.61643	0.72334	-0.47823	0.63206	0.35777	-0.45260	0.56157	0.08694	-0.35458	0.62477	0.35262	-0.28322	0.66575	0.34359	-0.31057	0.61600	0.29415	-0.27752	0.67228	0.29514	-0.31254	0.70009	0.05011	-0.32391	0.70262	0.04435	-0.27567	0.50427	0.05445	-0.31860	0.60627	0.07785	-0.37041	0.62910	0.10463	-0.33576	0.65745	0.04952	-0.38300	0.68468	0.06409	-0.36273	0.73162	0.66022	-0.08604	0.75077	0.53720	-0.14055	0.72773	0.81931	-0.11057	0.68341	0.80184	-0.09566	0.74784	0.76358	-0.11480	0.69760	0.72680	-0.09490	0.64862	0.42923	-0.09386	0.43473	0.23771	-0.17849	0.66186	0.37929	-0.24987	0.67866	0.35432	-0.20998	0.61457	0.34157	-0.25381	0.64777	0.31563	-0.20114	0.50804	0.10708	-0.18436	0.51808	0.10083	-0.22139	0.38828	0.24926	-0.23129	0.46320	0.19071	-0.14186	0.50145	0.19592	-0.17330	0.47840	0.13292	-0.13358	0.50916	0.12461	-0.15280	0.59846	0.98413	-0.21993	0.61749	0.98167	-0.39834	0.73782	0.53001	-0.19092	0.63900	0.52914	-0.36179	0.43334	0.24186	-0.21322	0.55402	0.09158	-0.32072	0.50176	1.07171	-0.31544	0.66908	1.06289	-0.30772	
221	2.20000	0.70092	1.72927	-0.36627	0.71956	1.72798	-0.24641	0.56621	1.63105	-0.34724	0.59619	1.64349	-0.21441	0.55650	1.52053	-0.30950	0.69294	1.44898	-0.30596	0.71324	1.28026	-0.30900	0.50301	1.41538	-0.20013	0.51521	1.24208	-0.31904	0.75074	1.38173	-0.28752	0.75316	1.38527	-0.33663	0.76206	1.32306	-0.29041	0.77399	1.34291	-0.35481	0.59937	1.48195	-0.50001	0.55632	1.12255	-0.54216	0.72265	0.90724	-0.55657	0.66242	0.89831	-0.59504	0.71063	0.84756	-0.60370	0.59155	1.46207	-0.10916	0.48891	1.12355	-0.09049	0.59785	0.86900	-0.08358	0.52673	0.86076	-0.05951	0.57788	0.80117	-0.03910	0.69207	1.05948	-0.43112	0.51777	1.07245	-0.36341	0.66949	1.06767	-0.18408	0.50932	1.07225	-0.26666	0.48418	1.07876	-0.29049	0.48811	1.07767	-0.33946	0.48084	1.01860	-0.28948	0.47142	1.00521	-0.32583	0.63945	0.63300	-0.47779	0.64236	0.52539	-0.41476	0.67911	0.80524	-0.48739	0.62989	0.80059	-0.49125	0.68456	0.74685	-0.47533	0.62300	0.72454	-0.47819	0.63305	0.35822	-0.45332	0.56171	0.08765	-0.35463	0.62653	0.35315	-0.28383	0.66715	0.34394	-0.31148	0.61724	0.29463	-0.27817	0.67353	0.29538	-0.31343	0.70018	0.05006	-0.32401	0.70166	0.04371	-0.27590	0.50433	0.05560	-0.31854	0.60654	0.07802	-0.37058	0.62944	0.10481	-0.33601	0.65761	0.04946	-0.38303	0.68487	0.06400	-0.36281	0.75128	0.66360	-0.08581	0.77224	0.54101	-0.14079	0.74361	0.82280	-0.11044	0.69990	0.80448	-0.09500	0.76499	0.76758	-0.11475	0.71575	0.72980	-0.09431	0.67426	0.42947	-0.09313	0.46779	0.22888	-0.17638	0.68814	0.37949	-0.24969	0.70673	0.35534	-0.20969	0.64291	0.34011	-0.25304	0.67766	0.31538	-0.20063	0.55020	0.10430	-0.17940	0.56086	0.09783	-0.21619	0.41960	0.23685	-0.22960	0.50001	0.18567	-0.13915	0.53746	0.19261	-0.17115	0.51919	0.12939	-0.12920	0.55027	0.12263	-0.14853	0.61017	0.98504	-0.21960	0.62920	0.98210	-0.39801	0.75900	0.53347	-0.19103	0.64209	0.52950	-0.36242	0.46611	0.23283	-0.21112	0.55455	0.09232	-0.32069	0.51355	1.07235	-0.31504	0.68078	1.06357	-0.30760	
222	2.21000	0.71363	1.72967	-0.36490	0.73285	1.72789	-0.24512	0.57885	1.63169	-0.34567	0.60945	1.64357	-0.21289	0.56906	1.52106	-0.30849	0.70530	1.44912	-0.30511	0.72520	1.28035	-0.30844	0.51548	1.41591	-0.19979	0.52732	1.24265	-0.31876	0.76288	1.38176	-0.28655	0.76526	1.38532	-0.33561	0.77396	1.32304	-0.28956	0.78605	1.34293	-0.35386	0.61146	1.48287	-0.49905	0.57051	1.12304	-0.54239	0.73911	0.90950	-0.55872	0.67847	0.89997	-0.59671	0.72725	0.84982	-0.60585	0.60341	1.46231	-0.10848	0.49590	1.12566	-0.09151	0.59773	0.86834	-0.08667	0.52747	0.86194	-0.06224	0.57711	0.80095	-0.04221	0.70370	1.05976	-0.43103	0.52937	1.07285	-0.36289	0.68119	1.06837	-0.18394	0.52099	1.07255	-0.26613	0.49577	1.07906	-0.28981	0.49976	1.07798	-0.33883	0.49254	1.01885	-0.28886	0.48290	1.00562	-0.32529	0.64397	0.63365	-0.47823	0.64517	0.52590	-0.41549	0.68692	0.80542	-0.48736	0.63762	0.80161	-0.49108	0.69152	0.74696	-0.47554	0.62963	0.72562	-0.47807	0.63403	0.35867	-0.45406	0.56195	0.08846	-0.35461	0.62846	0.35368	-0.28445	0.66880	0.34426	-0.31230	0.61888	0.29525	-0.27874	0.67498	0.29565	-0.31430	0.70024	0.05002	-0.32406	0.70172	0.04372	-0.27595	0.50448	0.05680	-0.31834	0.60685	0.07824	-0.37072	0.63002	0.10518	-0.33637	0.65777	0.04940	-0.38309	0.68510	0.06390	-0.36293	0.77058	0.66668	-0.08573	0.79302	0.54459	-0.14115	0.75918	0.82599	-0.11027	0.71600	0.80681	-0.09432	0.78146	0.77115	-0.11483	0.73336	0.73250	-0.09378	0.70012	0.42870	-0.09261	0.50270	0.21931	-0.17356	0.71473	0.37939	-0.24922	0.73482	0.35613	-0.20933	0.67138	0.33811	-0.25222	0.70762	0.31490	-0.20056	0.59264	0.10118	-0.17478	0.60367	0.09465	-0.21146	0.45230	0.22328	-0.22698	0.53700	0.17977	-0.13648	0.57345	0.18824	-0.16899	0.56026	0.12530	-0.12510	0.59156	0.12022	-0.14452	0.62193	0.98563	-0.21932	0.64090	0.98239	-0.39773	0.77943	0.53669	-0.19124	0.64529	0.52990	-0.36315	0.50051	0.22315	-0.20828	0.55521	0.09317	-0.32059	0.52518	1.07270	-0.31451	0.69244	1.06407	-0.30748	
223	2.22000	0.72642	1.72982	-0.36356	0.74623	1.72756	-0.24389	0.59142	1.63209	-0.34396	0.62268	1.64342	-0.21134	0.58158	1.52139	-0.30763	0.71755	1.44896	-0.30417	0.73713	1.28020	-0.30782	0.52751	1.41629	-0.19958	0.53896	1.24307	-0.31836	0.77490	1.38138	-0.28560	0.77744	1.38509	-0.33472	0.78589	1.32268	-0.28866	0.79806	1.34266	-0.35296	0.62353	1.48340	-0.49808	0.58471	1.12322	-0.54247	0.75567	0.91156	-0.56132	0.69429	0.90124	-0.59834	0.74366	0.85177	-0.60818	0.61545	1.46232	-0.10776	0.50304	1.12764	-0.09253	0.59874	0.86802	-0.08951	0.52846	0.86315	-0.06500	0.57772	0.80118	-0.04472	0.71507	1.05985	-0.43093	0.54069	1.07301	-0.36216	0.69285	1.06876	-0.18377	0.53260	1.07256	-0.26543	0.50728	1.07909	-0.28909	0.51117	1.07818	-0.33804	0.50406	1.01895	-0.28820	0.49446	1.00567	-0.32459	0.64916	0.63446	-0.47883	0.64805	0.52638	-0.41619	0.69479	0.80559	-0.48740	0.64547	0.80251	-0.49102	0.69842	0.74700	-0.47573	0.63664	0.72668	-0.47804	0.63518	0.35917	-0.45470	0.56223	0.08936	-0.35468	0.63059	0.35436	-0.28514	0.67069	0.34461	-0.31318	0.62074	0.29595	-0.27928	0.67678	0.29586	-0.31525	0.70061	0.05013	-0.32409	0.70183	0.04378	-0.27607	0.50467	0.05811	-0.31830	0.60717	0.07849	-0.37082	0.63040	0.10537	-0.33653	0.65796	0.04936	-0.38309	0.68536	0.06384	-0.36301	0.78927	0.66937	-0.08572	0.81279	0.54787	-0.14166	0.77443	0.82882	-0.10996	0.73185	0.80886	-0.09362	0.79762	0.77438	-0.11482	0.75030	0.73478	-0.09328	0.72591	0.42739	-0.09211	0.53783	0.20905	-0.17116	0.74151	0.37893	-0.24895	0.76252	0.35662	-0.20908	0.69992	0.33556	-0.25143	0.73757	0.31411	-0.19999	0.63535	0.09798	-0.17052	0.64676	0.09142	-0.20705	0.48628	0.20988	-0.22378	0.57433	0.17308	-0.13402	0.60988	0.18335	-0.16678	0.60135	0.12069	-0.12129	0.63301	0.11747	-0.14077	0.63363	0.98591	-0.21900	0.65238	0.98247	-0.39743	0.79879	0.53962	-0.19158	0.64802	0.53027	-0.36384	0.53499	0.21286	-0.20584	0.55575	0.09410	-0.32061	0.53664	1.07278	-0.31379	0.70396	1.06431	-0.30735	
224	2.23000	0.73918	1.72974	-0.36223	0.75971	1.72703	-0.24272	0.60411	1.63224	-0.34220	0.63620	1.64305	-0.20970	0.59413	1.52152	-0.30659	0.72991	1.44858	-0.30331	0.74905	1.27980	-0.30726	0.53971	1.41658	-0.19914	0.55088	1.24325	-0.31767	0.78703	1.38081	-0.28475	0.78953	1.38454	-0.33377	0.79771	1.32205	-0.28786	0.80997	1.34206	-0.35209	0.63550	1.48367	-0.49712	0.59888	1.12309	-0.54244	0.77085	0.91333	-0.56371	0.70997	0.90230	-0.60003	0.75979	0.85346	-0.61064	0.62766	1.46213	-0.10699	0.51033	1.12940	-0.09345	0.60007	0.86779	-0.09248	0.52983	0.86428	-0.06750	0.57563	0.80058	-0.04899	0.72642	1.05982	-0.43092	0.55218	1.07296	-0.36137	0.70448	1.06884	-0.18360	0.54404	1.07229	-0.26459	0.51885	1.07887	-0.28817	0.52245	1.07809	-0.33711	0.51564	1.01872	-0.28736	0.50597	1.00551	-0.32385	0.65580	0.63575	-0.47871	0.65084	0.52677	-0.41678	0.70258	0.80567	-0.48716	0.65189	0.80344	-0.49095	0.70551	0.74700	-0.47597	0.64343	0.72761	-0.47827	0.63649	0.35969	-0.45543	0.56247	0.09022	-0.35468	0.63280	0.35491	-0.28572	0.67276	0.34492	-0.31408	0.62284	0.29670	-0.27988	0.67804	0.29622	-0.31623	0.70078	0.05012	-0.32417	0.70197	0.04380	-0.27619	0.50504	0.05943	-0.31822	0.60758	0.07880	-0.37099	0.63097	0.10565	-0.33691	0.65821	0.04932	-0.38314	0.68567	0.06372	-0.36312	0.80729	0.67165	-0.08600	0.83216	0.55074	-0.14221	0.78911	0.83113	-0.11006	0.74696	0.81047	-0.09318	0.81327	0.77713	-0.11500	0.76665	0.73667	-0.09289	0.75145	0.42579	-0.09158	0.57333	0.19824	-0.16874	0.76849	0.37813	-0.24822	0.79038	0.35687	-0.20870	0.72864	0.33254	-0.25057	0.76755	0.31309	-0.19921	0.67811	0.09448	-0.16666	0.69015	0.08816	-0.20311	0.52206	0.19500	-0.22154	0.61223	0.16587	-0.13157	0.64697	0.17799	-0.16469	0.64268	0.11563	-0.11795	0.67459	0.11437	-0.13734	0.64532	0.98590	-0.21878	0.66387	0.98238	-0.39723	0.81793	0.54220	-0.19202	0.64951	0.53061	-0.36443	0.56988	0.20190	-0.20338	0.55595	0.09505	-0.32063	0.54811	1.07263	-0.31298	0.71545	1.06433	-0.30726	
225	2.24000	0.75190	1.72945	-0.36092	0.77321	1.72626	-0.24153	0.61678	1.63224	-0.34041	0.64965	1.64248	-0.20810	0.60665	1.52146	-0.30551	0.74223	1.44794	-0.30245	0.76134	1.27919	-0.30680	0.55209	1.41657	-0.19847	0.56257	1.24318	-0.31692	0.79901	1.37992	-0.28385	0.80155	1.38372	-0.33288	0.80947	1.32119	-0.28710	0.82195	1.34126	-0.35132	0.64743	1.48367	-0.49616	0.61299	1.12274	-0.54234	0.78683	0.91479	-0.56617	0.72554	0.90309	-0.60172	0.77582	0.85491	-0.61308	0.64003	1.46169	-0.10607	0.51788	1.13101	-0.09426	0.60133	0.86749	-0.09574	0.53160	0.86549	-0.07004	0.57589	0.80059	-0.05237	0.73769	1.05971	-0.43084	0.56361	1.07274	-0.36044	0.71623	1.06871	-0.18337	0.55550	1.07176	-0.26367	0.53023	1.07839	-0.28709	0.53396	1.07777	-0.33606	0.52723	1.01818	-0.28652	0.51740	1.00519	-0.32305	0.65813	0.63604	-0.48041	0.65407	0.52715	-0.41735	0.71067	0.80568	-0.48715	0.65964	0.80401	-0.49088	0.71279	0.74691	-0.47614	0.64917	0.72834	-0.47949	0.63804	0.36030	-0.45610	0.56287	0.09125	-0.35478	0.63543	0.35573	-0.28657	0.67501	0.34526	-0.31497	0.62467	0.29732	-0.28028	0.67984	0.29649	-0.31707	0.70087	0.05009	-0.32428	0.70201	0.04378	-0.27634	0.50530	0.06092	-0.31811	0.60794	0.07907	-0.37116	0.63120	0.10586	-0.33712	0.65845	0.04930	-0.38321	0.68600	0.06362	-0.36328	0.82442	0.67351	-0.08624	0.85396	0.55354	-0.14199	0.80357	0.83306	-0.10996	0.76188	0.81176	-0.09284	0.82843	0.77940	-0.11516	0.78270	0.73827	-0.09270	0.77651	0.42410	-0.09113	0.60976	0.18712	-0.16665	0.79461	0.37673	-0.24736	0.81812	0.35704	-0.20816	0.75773	0.32935	-0.24972	0.79767	0.31215	-0.19827	0.72102	0.09078	-0.16320	0.73387	0.08500	-0.19959	0.56027	0.18047	-0.21943	0.65055	0.15816	-0.12930	0.68450	0.17202	-0.16265	0.68420	0.11026	-0.11482	0.71612	0.11071	-0.13419	0.65714	0.98568	-0.21848	0.67532	0.98217	-0.39697	0.84095	0.54511	-0.19215	0.65502	0.53082	-0.36499	0.60658	0.19013	-0.20137	0.55710	0.09604	-0.32059	0.55955	1.07225	-0.31205	0.72696	1.06421	-0.30711	
226	2.25000	0.76469	1.72896	-0.35961	0.78680	1.72521	-0.24037	0.62951	1.63208	-0.33853	0.66319	1.64169	-0.20644	0.61947	1.52113	-0.30436	0.75451	1.44710	-0.30157	0.77311	1.27833	-0.30623	0.56401	1.41669	-0.19800	0.57428	1.24299	-0.31598	0.81101	1.37886	-0.28302	0.81359	1.38270	-0.33209	0.82115	1.32004	-0.28636	0.83375	1.34015	-0.35052	0.65938	1.48345	-0.49519	0.62727	1.12211	-0.54222	0.80361	0.91593	-0.56871	0.74098	0.90359	-0.60331	0.79169	0.85608	-0.61551	0.65254	1.46109	-0.10512	0.52531	1.13256	-0.09527	0.60297	0.86729	-0.09896	0.53369	0.86666	-0.07259	0.57646	0.80059	-0.05580	0.74883	1.05941	-0.43073	0.57485	1.07243	-0.35947	0.72801	1.06831	-0.18315	0.56702	1.07109	-0.26273	0.54198	1.07771	-0.28597	0.54554	1.07723	-0.33499	0.53877	1.01750	-0.28561	0.52902	1.00457	-0.32219	0.66408	0.63641	-0.48103	0.65777	0.52750	-0.41794	0.71891	0.80556	-0.48719	0.66926	0.80444	-0.49099	0.72023	0.74680	-0.47647	0.65608	0.72895	-0.48000	0.63976	0.36087	-0.45673	0.56325	0.09222	-0.35485	0.63787	0.35609	-0.28703	0.67723	0.34551	-0.31578	0.62734	0.29795	-0.28111	0.68182	0.29673	-0.31792	0.70101	0.05008	-0.32440	0.70221	0.04391	-0.27655	0.50566	0.06254	-0.31820	0.60834	0.07942	-0.37136	0.63187	0.10626	-0.33750	0.65870	0.04931	-0.38331	0.68632	0.06355	-0.36340	0.84107	0.67504	-0.08675	0.87206	0.55567	-0.14246	0.81772	0.83452	-0.10990	0.77633	0.81259	-0.09258	0.84334	0.78126	-0.11549	0.79808	0.73941	-0.09293	0.80128	0.42223	-0.09040	0.64731	0.17603	-0.16459	0.82102	0.37533	-0.24682	0.84563	0.35711	-0.20755	0.78710	0.32565	-0.24892	0.82777	0.31119	-0.19736	0.76411	0.08704	-0.16024	0.77757	0.08188	-0.19649	0.59826	0.16551	-0.21667	0.68949	0.15011	-0.12726	0.72255	0.16574	-0.16068	0.72631	0.10479	-0.11211	0.75799	0.10697	-0.13145	0.66890	0.98523	-0.21816	0.68662	0.98180	-0.39669	0.85899	0.54707	-0.19257	0.65846	0.53108	-0.36556	0.64381	0.17871	-0.19931	0.55773	0.09704	-0.32062	0.57093	1.07176	-0.31110	0.73842	1.06386	-0.30694	
227	2.26000	0.77745	1.72826	-0.35832	0.80049	1.72398	-0.23927	0.64218	1.63168	-0.33666	0.67650	1.64118	-0.20401	0.63179	1.52066	-0.30311	0.76674	1.44601	-0.30067	0.78496	1.27727	-0.30563	0.57699	1.41649	-0.19694	0.58595	1.24261	-0.31497	0.82309	1.37760	-0.28228	0.82555	1.38148	-0.33126	0.83473	1.31880	-0.28546	0.84563	1.33890	-0.34980	0.67126	1.48298	-0.49422	0.64149	1.12133	-0.54207	0.81934	0.91679	-0.57102	0.75626	0.90385	-0.60478	0.80747	0.85703	-0.61790	0.66526	1.46032	-0.10411	0.53330	1.13392	-0.09607	0.60519	0.86719	-0.10218	0.53608	0.86789	-0.07436	0.57753	0.80062	-0.05932	0.75988	1.05898	-0.43063	0.58601	1.07191	-0.35852	0.73990	1.06771	-0.18287	0.57875	1.07010	-0.26180	0.55351	1.07684	-0.28489	0.55682	1.07656	-0.33389	0.55045	1.01663	-0.28469	0.54068	1.00377	-0.32130	0.67015	0.63648	-0.48160	0.66174	0.52777	-0.41840	0.72733	0.80517	-0.48726	0.67765	0.80465	-0.49132	0.72783	0.74640	-0.47662	0.66360	0.72929	-0.48055	0.64183	0.36139	-0.45723	0.56362	0.09316	-0.35486	0.64085	0.35670	-0.28782	0.67976	0.34568	-0.31657	0.62930	0.29844	-0.28145	0.68396	0.29689	-0.31866	0.70117	0.05006	-0.32448	0.70262	0.04404	-0.27651	0.50599	0.06398	-0.31811	0.60872	0.07985	-0.37167	0.63242	0.10653	-0.33775	0.65888	0.04929	-0.38335	0.68666	0.06344	-0.36357	0.85700	0.67606	-0.08732	0.88897	0.55739	-0.14294	0.83138	0.83538	-0.10984	0.79026	0.81295	-0.09248	0.85751	0.78242	-0.11589	0.81279	0.74002	-0.09346	0.82735	0.42035	-0.08905	0.68574	0.16518	-0.16290	0.84712	0.37403	-0.24616	0.87291	0.35717	-0.20687	0.81423	0.32245	-0.24785	0.85760	0.31045	-0.19663	0.80746	0.08359	-0.15778	0.82117	0.07892	-0.19391	0.63595	0.15138	-0.21416	0.72899	0.14208	-0.12529	0.76129	0.15960	-0.15903	0.76859	0.09934	-0.10974	0.80027	0.10339	-0.12899	0.68079	0.98456	-0.21777	0.69790	0.98126	-0.39637	0.87578	0.54864	-0.19300	0.66222	0.53127	-0.36602	0.68146	0.16777	-0.19754	0.55830	0.09803	-0.32061	0.58238	1.07100	-0.31016	0.74989	1.06334	-0.30675	
228	2.27000	0.79022	1.72731	-0.35700	0.81413	1.72249	-0.23813	0.65477	1.63107	-0.33474	0.69016	1.64026	-0.20170	0.64449	1.51994	-0.30189	0.77900	1.44473	-0.29980	0.79666	1.27596	-0.30504	0.58912	1.41618	-0.19602	0.59743	1.24208	-0.31395	0.83505	1.37611	-0.28143	0.83751	1.38005	-0.33049	0.84656	1.31729	-0.28474	0.85741	1.33744	-0.34912	0.68304	1.48229	-0.49307	0.65564	1.12033	-0.54182	0.83404	0.91735	-0.57305	0.77152	0.90385	-0.60619	0.82304	0.85773	-0.62009	0.67803	1.45937	-0.10303	0.54150	1.13513	-0.09667	0.60748	0.86701	-0.10567	0.53893	0.86912	-0.07655	0.57907	0.80064	-0.06286	0.77096	1.05841	-0.43050	0.59763	1.07105	-0.35750	0.75182	1.06687	-0.18256	0.59036	1.06908	-0.26083	0.56523	1.07575	-0.28371	0.56845	1.07561	-0.33287	0.56229	1.01553	-0.28380	0.55216	1.00283	-0.32033	0.67654	0.63635	-0.48201	0.66594	0.52795	-0.41886	0.73577	0.80463	-0.48739	0.68633	0.80498	-0.49177	0.73568	0.74588	-0.47683	0.67120	0.72951	-0.48108	0.64411	0.36181	-0.45764	0.56408	0.09413	-0.35487	0.64335	0.35697	-0.28807	0.68296	0.34590	-0.31709	0.63189	0.29909	-0.28183	0.68609	0.29690	-0.31933	0.70109	0.05005	-0.32467	0.70275	0.04404	-0.27662	0.50630	0.06544	-0.31798	0.60910	0.08017	-0.37179	0.63303	0.10688	-0.33801	0.65911	0.04928	-0.38343	0.68698	0.06335	-0.36364	0.87229	0.67663	-0.08786	0.90488	0.55854	-0.14315	0.84460	0.83564	-0.10989	0.80367	0.81278	-0.09275	0.87110	0.78292	-0.11646	0.82658	0.73997	-0.09442	0.84997	0.41826	-0.08876	0.72460	0.15470	-0.16125	0.87273	0.37282	-0.24543	0.89962	0.35765	-0.20648	0.84398	0.31941	-0.24693	0.88722	0.31012	-0.19610	0.85093	0.08077	-0.15589	0.86485	0.07684	-0.19188	0.67647	0.13775	-0.21301	0.76912	0.13454	-0.12377	0.80013	0.15377	-0.15756	0.81109	0.09434	-0.10799	0.84247	0.10019	-0.12740	0.69272	0.98367	-0.21739	0.70921	0.98058	-0.39605	0.89146	0.54960	-0.19312	0.66609	0.53139	-0.36647	0.72034	0.15681	-0.19592	0.55891	0.09905	-0.32060	0.59399	1.07007	-0.30917	0.76139	1.06264	-0.30653	
229	2.28000	0.80298	1.72616	-0.35565	0.82779	1.72079	-0.23699	0.66762	1.63017	-0.33270	0.70387	1.63875	-0.19982	0.65706	1.51899	-0.30052	0.79115	1.44323	-0.29886	0.80846	1.27451	-0.30441	0.60187	1.41570	-0.19481	0.60893	1.24135	-0.31283	0.84714	1.37444	-0.28076	0.84946	1.37843	-0.32974	0.85842	1.31560	-0.28405	0.86915	1.33573	-0.34836	0.69487	1.48137	-0.49197	0.66987	1.11918	-0.54169	0.84938	0.91760	-0.57487	0.78669	0.90368	-0.60755	0.83835	0.85821	-0.62236	0.69096	1.45826	-0.10194	0.55016	1.13620	-0.09728	0.61024	0.86687	-0.10891	0.54238	0.87022	-0.07855	0.58125	0.80059	-0.06656	0.78204	1.05763	-0.43042	0.60885	1.07008	-0.35657	0.76393	1.06588	-0.18226	0.60208	1.06778	-0.25983	0.57687	1.07448	-0.28265	0.57994	1.07447	-0.33174	0.57414	1.01424	-0.28282	0.56396	1.00160	-0.31938	0.68296	0.63619	-0.48244	0.67026	0.52807	-0.41918	0.74440	0.80390	-0.48745	0.69495	0.80487	-0.49207	0.74350	0.74517	-0.47687	0.67880	0.72957	-0.48159	0.64652	0.36219	-0.45793	0.56452	0.09508	-0.35482	0.64640	0.35742	-0.28852	0.68558	0.34581	-0.31761	0.63422	0.29939	-0.28198	0.68835	0.29684	-0.31988	0.70126	0.05003	-0.32471	0.70274	0.04414	-0.27681	0.50663	0.06687	-0.31789	0.60960	0.08059	-0.37195	0.63414	0.10758	-0.33819	0.65933	0.04931	-0.38343	0.68729	0.06326	-0.36365	0.88661	0.67670	-0.08828	0.92006	0.55919	-0.14316	0.85737	0.83525	-0.11005	0.81641	0.81203	-0.09313	0.88389	0.78260	-0.11722	0.83958	0.73933	-0.09561	0.87266	0.41639	-0.08821	0.76408	0.14473	-0.15986	0.89786	0.37163	-0.24483	0.92580	0.35830	-0.20600	0.87157	0.31662	-0.24631	0.91644	0.31003	-0.19552	0.89448	0.07902	-0.15468	0.90817	0.07554	-0.19051	0.71657	0.12473	-0.21145	0.80946	0.12757	-0.12255	0.83922	0.14861	-0.15651	0.85397	0.09012	-0.10668	0.88518	0.09816	-0.12623	0.70481	0.98261	-0.21698	0.72055	0.97968	-0.39571	0.90667	0.55018	-0.19312	0.67014	0.53146	-0.36679	0.75986	0.14639	-0.19457	0.55949	0.10004	-0.32054	0.60546	1.06893	-0.30820	0.77299	1.06176	-0.30634	
230	2.29000	0.81577	1.72483	-0.35432	0.84143	1.71887	-0.23588	0.68030	1.62909	-0.33065	0.71771	1.63700	-0.19812	0.66947	1.51784	-0.29914	0.80346	1.44161	-0.29796	0.82020	1.27281	-0.30380	0.61452	1.41503	-0.19356	0.62057	1.24035	-0.31161	0.85911	1.37256	-0.27994	0.86140	1.37658	-0.32896	0.87024	1.31369	-0.28338	0.88093	1.33387	-0.34771	0.70664	1.48029	-0.49083	0.68406	1.11787	-0.54158	0.86446	0.91758	-0.57651	0.80179	0.90327	-0.60885	0.85380	0.85848	-0.62436	0.70401	1.45695	-0.10069	0.55896	1.13708	-0.09774	0.61333	0.86675	-0.11208	0.54619	0.87123	-0.08059	0.58329	0.80053	-0.07016	0.79320	1.05670	-0.43035	0.62035	1.06882	-0.35562	0.77617	1.06461	-0.18197	0.61318	1.06643	-0.25854	0.58786	1.07322	-0.28115	0.59144	1.07313	-0.33067	0.58600	1.01283	-0.28185	0.57575	1.00022	-0.31839	0.68938	0.63605	-0.48283	0.67473	0.52812	-0.41952	0.75305	0.80311	-0.48747	0.70410	0.80481	-0.49237	0.75147	0.74442	-0.47691	0.68661	0.72959	-0.48203	0.64900	0.36254	-0.45817	0.56501	0.09612	-0.35470	0.64954	0.35766	-0.28890	0.68849	0.34576	-0.31817	0.63686	0.29979	-0.28226	0.69073	0.29674	-0.32036	0.70137	0.05001	-0.32479	0.70285	0.04412	-0.27689	0.50696	0.06839	-0.31767	0.61000	0.08097	-0.37201	0.63431	0.10762	-0.33803	0.65957	0.04935	-0.38340	0.68762	0.06318	-0.36365	0.89981	0.67630	-0.08846	0.93458	0.55932	-0.14305	0.86950	0.83413	-0.11038	0.82856	0.81077	-0.09361	0.89603	0.78156	-0.11797	0.85175	0.73812	-0.09662	0.89446	0.41433	-0.08761	0.80362	0.13552	-0.15880	0.92256	0.37046	-0.24423	0.95125	0.35882	-0.20531	0.90106	0.31429	-0.24541	0.94490	0.31015	-0.19470	0.93804	0.07838	-0.15412	0.95171	0.07563	-0.18995	0.75718	0.11278	-0.21045	0.85011	0.12135	-0.12161	0.87838	0.14419	-0.15584	0.89701	0.08694	-0.10597	0.92751	0.09680	-0.12557	0.71702	0.98130	-0.21659	0.73197	0.97862	-0.39539	0.92158	0.55042	-0.19313	0.67445	0.53147	-0.36713	0.79971	0.13671	-0.19356	0.56016	0.10113	-0.32040	0.61677	1.06763	-0.30708	0.78469	1.06065	-0.30616	
231	2.30000	0.82852	1.72334	-0.35293	0.85506	1.71682	-0.23472	0.69314	1.62779	-0.32864	0.73158	1.63503	-0.19639	0.68203	1.51653	-0.29769	0.81575	1.43975	-0.29701	0.83169	1.27087	-0.30293	0.62771	1.41407	-0.19221	0.63238	1.23915	-0.31032	0.87119	1.37049	-0.27918	0.87217	1.37450	-0.32850	0.88239	1.31169	-0.28287	0.89271	1.33183	-0.34708	0.71847	1.47901	-0.48966	0.69820	1.11642	-0.54149	0.87932	0.91728	-0.57787	0.81676	0.90267	-0.61009	0.86916	0.85855	-0.62617	0.71712	1.45547	-0.09951	0.56800	1.13778	-0.09829	0.61681	0.86665	-0.11512	0.55038	0.87220	-0.08254	0.58606	0.80048	-0.07357	0.80442	1.05558	-0.43029	0.63198	1.06729	-0.35464	0.78861	1.06319	-0.18167	0.62514	1.06481	-0.25752	0.60013	1.07152	-0.28014	0.60345	1.07148	-0.32954	0.59819	1.01111	-0.28081	0.58766	0.99859	-0.31730	0.69579	0.63588	-0.48323	0.67938	0.52821	-0.41985	0.76194	0.80234	-0.48755	0.71357	0.80468	-0.49248	0.75952	0.74363	-0.47697	0.69442	0.72956	-0.48257	0.65157	0.36293	-0.45839	0.56553	0.09715	-0.35451	0.65275	0.35789	-0.28913	0.69146	0.34568	-0.31863	0.63958	0.30024	-0.28264	0.69319	0.29660	-0.32086	0.70149	0.04997	-0.32480	0.70352	0.04408	-0.27737	0.50735	0.07002	-0.31725	0.61046	0.08143	-0.37202	0.63498	0.10797	-0.33809	0.65981	0.04946	-0.38335	0.68797	0.06313	-0.36362	0.91177	0.67509	-0.08839	0.94828	0.55891	-0.14281	0.88102	0.83230	-0.11062	0.84005	0.80893	-0.09413	0.90755	0.77972	-0.11858	0.86315	0.73624	-0.09757	0.91513	0.41201	-0.08719	0.84354	0.12742	-0.15831	0.94712	0.36960	-0.24356	0.97631	0.35990	-0.20471	0.92916	0.31205	-0.24476	0.97294	0.31071	-0.19392	0.98125	0.07902	-0.15409	0.99484	0.07700	-0.18983	0.79823	0.10178	-0.21002	0.89072	0.11602	-0.12123	0.91738	0.14070	-0.15550	0.93983	0.08472	-0.10575	0.96960	0.09649	-0.12542	0.72944	0.97981	-0.21616	0.74350	0.97735	-0.39504	0.93612	0.55037	-0.19317	0.67907	0.53150	-0.36745	0.84028	0.12816	-0.19315	0.56091	0.10220	-0.32018	0.62856	1.06605	-0.30608	0.79652	1.05939	-0.30598	
232	2.31000	0.84136	1.72169	-0.35153	0.86825	1.71451	-0.23373	0.70579	1.62635	-0.32658	0.74537	1.63293	-0.19471	0.69459	1.51514	-0.29618	0.82810	1.43779	-0.29608	0.84346	1.26887	-0.30235	0.64037	1.41305	-0.19090	0.64411	1.23779	-0.30900	0.88340	1.36834	-0.27849	0.88424	1.37232	-0.32774	0.89431	1.30944	-0.28226	0.90451	1.32958	-0.34645	0.73020	1.47757	-0.48839	0.71228	1.11481	-0.54137	0.89406	0.91672	-0.57904	0.83172	0.90201	-0.61125	0.88444	0.85841	-0.62782	0.73037	1.45384	-0.09825	0.57734	1.13827	-0.09872	0.62078	0.86647	-0.11792	0.55504	0.87304	-0.08443	0.58920	0.80034	-0.07685	0.81576	1.05434	-0.43026	0.64363	1.06558	-0.35366	0.80119	1.06162	-0.18135	0.63737	1.06299	-0.25658	0.61204	1.06965	-0.27905	0.61530	1.06963	-0.32839	0.61035	1.00926	-0.27971	0.59963	0.99676	-0.31619	0.70225	0.63573	-0.48356	0.68412	0.52835	-0.42005	0.77087	0.80140	-0.48764	0.72005	0.80415	-0.49356	0.76772	0.74273	-0.47711	0.70238	0.72939	-0.48308	0.65421	0.36338	-0.45858	0.56606	0.09829	-0.35430	0.65622	0.35826	-0.28946	0.69456	0.34566	-0.31917	0.64241	0.30066	-0.28271	0.69587	0.29659	-0.32139	0.70164	0.04995	-0.32485	0.70319	0.04399	-0.27707	0.50773	0.07171	-0.31683	0.61099	0.08198	-0.37202	0.63608	0.10871	-0.33847	0.66007	0.04958	-0.38332	0.68824	0.06306	-0.36357	0.92218	0.67277	-0.08825	0.96116	0.55786	-0.14248	0.89201	0.82974	-0.11072	0.85091	0.80649	-0.09454	0.91833	0.77711	-0.11891	0.87356	0.73368	-0.09841	0.93522	0.40935	-0.08678	0.88323	0.12027	-0.15840	0.97114	0.36880	-0.24302	1.00064	0.36097	-0.20412	0.95673	0.31021	-0.24435	1.00033	0.31161	-0.19335	1.02387	0.08104	-0.15454	1.03729	0.07977	-0.19036	0.83891	0.09166	-0.20978	0.93119	0.11179	-0.12146	0.95599	0.13811	-0.15574	0.98220	0.08367	-0.10608	1.01121	0.09751	-0.12588	0.74202	0.97815	-0.21575	0.75518	0.97594	-0.39470	0.95054	0.55002	-0.19329	0.68382	0.53159	-0.36765	0.88083	0.12066	-0.19332	0.56166	0.10337	-0.31995	0.64050	1.06429	-0.30512	0.80847	1.05798	-0.30581	
233	2.32000	0.85416	1.71995	-0.35011	0.88203	1.71230	-0.23259	0.71875	1.62476	-0.32444	0.75929	1.63069	-0.19299	0.70727	1.51360	-0.29471	0.84047	1.43566	-0.29518	0.85536	1.26674	-0.30180	0.65308	1.41180	-0.18954	0.65615	1.23624	-0.30768	0.89560	1.36595	-0.27772	0.89619	1.36998	-0.32701	0.90630	1.30704	-0.28161	0.91632	1.32719	-0.34583	0.74206	1.47603	-0.48719	0.72631	1.11313	-0.54131	0.90885	0.91600	-0.58012	0.84655	0.90109	-0.61236	0.89953	0.85804	-0.62931	0.74363	1.45198	-0.09702	0.58687	1.13857	-0.09912	0.62512	0.86625	-0.12057	0.56007	0.87380	-0.08635	0.59296	0.80021	-0.07984	0.82722	1.05292	-0.43022	0.65543	1.06372	-0.35278	0.81396	1.05984	-0.18103	0.64953	1.06108	-0.25552	0.62422	1.06767	-0.27786	0.62730	1.06765	-0.32732	0.62268	1.00730	-0.27866	0.61210	0.99466	-0.31494	0.70865	0.63550	-0.48387	0.68916	0.52847	-0.42024	0.77987	0.80035	-0.48781	0.72912	0.80360	-0.49406	0.77599	0.74175	-0.47722	0.71080	0.72912	-0.48344	0.65693	0.36387	-0.45874	0.56646	0.09932	-0.35406	0.65968	0.35854	-0.28964	0.69783	0.34559	-0.31963	0.64554	0.30123	-0.28297	0.69867	0.29655	-0.32191	0.70163	0.04986	-0.32494	0.70279	0.04363	-0.27668	0.50819	0.07358	-0.31645	0.61146	0.08254	-0.37207	0.63677	0.10910	-0.33854	0.66034	0.04971	-0.38322	0.68857	0.06303	-0.36355	0.93090	0.66943	-0.08809	0.97350	0.55611	-0.14216	0.90268	0.82661	-0.11065	0.86131	0.80350	-0.09470	0.92867	0.77381	-0.11887	0.88358	0.73059	-0.09884	0.95477	0.40615	-0.08632	0.92229	0.11383	-0.15923	0.99437	0.36832	-0.24268	1.02419	0.36209	-0.20369	0.98374	0.30892	-0.24432	1.02689	0.31285	-0.19310	1.06571	0.08442	-0.15538	1.07889	0.08400	-0.19137	0.87984	0.08298	-0.21062	0.97091	0.10861	-0.12207	0.99401	0.13669	-0.15642	1.02375	0.08385	-0.10686	1.05178	0.09964	-0.12678	0.75476	0.97632	-0.21532	0.76696	0.97437	-0.39434	0.96529	0.54944	-0.19358	0.68910	0.53162	-0.36783	0.92099	0.11401	-0.19421	0.56237	0.10441	-0.31967	0.65248	1.06240	-0.30415	0.82059	1.05638	-0.30562	
234	2.33000	0.86697	1.71807	-0.34860	0.89568	1.70992	-0.23133	0.73155	1.62309	-0.32227	0.77308	1.62838	-0.19126	0.72005	1.51189	-0.29313	0.85288	1.43347	-0.29424	0.86725	1.26448	-0.30127	0.66592	1.41035	-0.18811	0.66784	1.23467	-0.30626	0.90785	1.36349	-0.27702	0.90831	1.36759	-0.32635	0.91831	1.30452	-0.28098	0.92826	1.32479	-0.34526	0.75393	1.47438	-0.48595	0.74026	1.11135	-0.54122	0.92325	0.91510	-0.58103	0.86122	0.90013	-0.61330	0.91447	0.85752	-0.63062	0.75699	1.44998	-0.09575	0.59676	1.13863	-0.09936	0.63011	0.86594	-0.12295	0.56553	0.87428	-0.08819	0.59708	0.79993	-0.08277	0.83879	1.05137	-0.43017	0.66755	1.06164	-0.35167	0.82684	1.05787	-0.18071	0.66231	1.05889	-0.25443	0.63659	1.06550	-0.27659	0.63932	1.06557	-0.32611	0.63540	1.00505	-0.27740	0.62451	0.99251	-0.31377	0.71513	0.63528	-0.48416	0.69439	0.52860	-0.42037	0.78898	0.79920	-0.48808	0.73834	0.80304	-0.49450	0.78433	0.74071	-0.47742	0.71910	0.72880	-0.48392	0.65973	0.36442	-0.45891	0.56708	0.10060	-0.35384	0.66325	0.35879	-0.28996	0.70128	0.34554	-0.32014	0.64853	0.30155	-0.28317	0.70147	0.29639	-0.32243	0.70127	0.04961	-0.32509	0.70428	0.04383	-0.27720	0.50869	0.07546	-0.31603	0.61198	0.08311	-0.37206	0.63750	0.10969	-0.33869	0.66040	0.04971	-0.38316	0.68895	0.06295	-0.36351	0.93882	0.66551	-0.08790	0.98518	0.55350	-0.14184	0.91312	0.82303	-0.11025	0.87147	0.80022	-0.09454	0.93875	0.77003	-0.11843	0.89308	0.72709	-0.09874	0.97474	0.40280	-0.08609	0.96047	0.10894	-0.16034	1.01670	0.36800	-0.24266	1.04685	0.36336	-0.20370	1.00978	0.30806	-0.24467	1.05264	0.31442	-0.19346	1.10604	0.08889	-0.15681	1.11924	0.08952	-0.19286	0.92026	0.07561	-0.21178	1.01006	0.10664	-0.12343	1.03108	0.13631	-0.15753	1.06438	0.08532	-0.10844	1.09122	0.10285	-0.12823	0.76765	0.97427	-0.21491	0.77889	0.97264	-0.39400	0.97962	0.54816	-0.19377	0.69465	0.53165	-0.36796	0.95996	0.10908	-0.19534	0.56335	0.10567	-0.31941	0.66493	1.06027	-0.30305	0.83282	1.05462	-0.30544	
235	2.34000	0.87983	1.71615	-0.34707	0.90937	1.70744	-0.23005	0.74435	1.62130	-0.32014	0.78698	1.62593	-0.18948	0.73312	1.50999	-0.29155	0.86542	1.43123	-0.29336	0.87932	1.26220	-0.30079	0.67915	1.40857	-0.18665	0.67985	1.23287	-0.30488	0.92018	1.36103	-0.27637	0.92047	1.36514	-0.32572	0.93054	1.30206	-0.28050	0.94024	1.32233	-0.34476	0.76582	1.47265	-0.48473	0.75417	1.10952	-0.54109	0.93822	0.91430	-0.58218	0.87569	0.89894	-0.61418	0.92916	0.85679	-0.63180	0.77038	1.44778	-0.09445	0.60710	1.13847	-0.09949	0.63552	0.86550	-0.12510	0.57151	0.87471	-0.08968	0.60121	0.79947	-0.08590	0.85050	1.04967	-0.43008	0.67960	1.05958	-0.35041	0.84001	1.05584	-0.18041	0.67509	1.05661	-0.25326	0.64939	1.06314	-0.27534	0.65145	1.06342	-0.32469	0.64811	1.00276	-0.27615	0.63702	0.99025	-0.31249	0.72177	0.63502	-0.48452	0.70047	0.52890	-0.42003	0.79811	0.79804	-0.48840	0.74742	0.80240	-0.49488	0.79272	0.73962	-0.47771	0.72728	0.72835	-0.48417	0.66271	0.36496	-0.45901	0.56748	0.10188	-0.35371	0.66717	0.35910	-0.29012	0.70517	0.34552	-0.32083	0.65199	0.30211	-0.28338	0.70454	0.29605	-0.32312	0.70147	0.04962	-0.32526	0.70367	0.04377	-0.27712	0.50929	0.07745	-0.31555	0.61258	0.08377	-0.37212	0.63827	0.11012	-0.33873	0.66067	0.04985	-0.38308	0.68936	0.06289	-0.36344	0.94637	0.66083	-0.08740	0.99636	0.55014	-0.14167	0.92347	0.81910	-0.10966	0.88160	0.79678	-0.09402	0.94841	0.76582	-0.11779	0.90251	0.72342	-0.09819	0.99523	0.39942	-0.08627	0.99808	0.10521	-0.16204	1.03820	0.36789	-0.24304	1.06862	0.36476	-0.20423	1.03493	0.30762	-0.24558	1.07743	0.31623	-0.19424	1.14477	0.09417	-0.15865	1.15806	0.09618	-0.19482	0.96004	0.07000	-0.21338	1.04819	0.10578	-0.12490	1.06696	0.13672	-0.15873	1.10374	0.08775	-0.11018	1.12921	0.10701	-0.12994	0.78077	0.97218	-0.21443	0.79095	0.97078	-0.39358	0.99361	0.54625	-0.19395	0.70138	0.53182	-0.36762	0.99803	0.10545	-0.19704	0.56427	0.10685	-0.31921	0.67735	1.05809	-0.30184	0.84526	1.05276	-0.30525	
236	2.35000	0.89269	1.71412	-0.34544	0.92303	1.70486	-0.22867	0.75739	1.61943	-0.31802	0.80075	1.62337	-0.18774	0.74563	1.50817	-0.29001	0.87796	1.42890	-0.29243	0.89116	1.25978	-0.30023	0.69230	1.40668	-0.18513	0.69213	1.23092	-0.30340	0.93263	1.35850	-0.27583	0.93267	1.36268	-0.32517	0.94222	1.29943	-0.27982	0.95238	1.31988	-0.34430	0.77777	1.47084	-0.48347	0.76793	1.10765	-0.54085	0.95167	0.91288	-0.58254	0.89002	0.89779	-0.61500	0.94367	0.85591	-0.63287	0.78382	1.44540	-0.09319	0.61764	1.13800	-0.09952	0.64152	0.86484	-0.12714	0.57790	0.87484	-0.09128	0.60623	0.79892	-0.08879	0.86232	1.04788	-0.42996	0.69192	1.05740	-0.34921	0.85327	1.05372	-0.18010	0.68779	1.05430	-0.25194	0.66195	1.06080	-0.27384	0.66402	1.06112	-0.32332	0.66112	1.00037	-0.27486	0.64978	0.98791	-0.31103	0.72876	0.63473	-0.48482	0.70336	0.52853	-0.42122	0.80722	0.79684	-0.48881	0.75664	0.80172	-0.49525	0.80120	0.73849	-0.47814	0.73536	0.72801	-0.48457	0.66607	0.36553	-0.45933	0.56825	0.10333	-0.35349	0.67134	0.35931	-0.29050	0.70864	0.34514	-0.32112	0.65545	0.30249	-0.28365	0.70773	0.29603	-0.32353	0.70144	0.04953	-0.32527	0.70379	0.04371	-0.27722	0.50984	0.07969	-0.31516	0.61300	0.08431	-0.37195	0.63928	0.11060	-0.33881	0.66099	0.05006	-0.38303	0.68974	0.06280	-0.36335	0.95489	0.65575	-0.08644	1.00738	0.54644	-0.14172	0.93407	0.81509	-0.10905	0.89197	0.79333	-0.09313	0.95949	0.76177	-0.11681	0.91196	0.71967	-0.09694	1.01510	0.39618	-0.08659	1.03369	0.10290	-0.16355	1.05867	0.36769	-0.24361	1.08941	0.36621	-0.20492	1.05902	0.30744	-0.24648	1.10115	0.31826	-0.19531	1.18239	0.10107	-0.16114	1.19512	0.10376	-0.19720	0.99870	0.06553	-0.21527	1.08506	0.10605	-0.12645	1.10169	0.13794	-0.16031	1.14171	0.09119	-0.11230	1.16587	0.11202	-0.13222	0.79398	0.96999	-0.21395	0.80312	0.96885	-0.39316	1.00689	0.54376	-0.19415	0.70303	0.53153	-0.36881	1.03394	0.10326	-0.19855	0.56443	0.10862	-0.31910	0.68986	1.05585	-0.30058	0.85780	1.05080	-0.30503	
237	2.36000	0.90561	1.71204	-0.34376	0.93672	1.70222	-0.22723	0.77038	1.61752	-0.31588	0.81456	1.62077	-0.18596	0.75844	1.50614	-0.28846	0.89054	1.42651	-0.29151	0.90381	1.25754	-0.29992	0.70474	1.40473	-0.18383	0.70441	1.22891	-0.30196	0.94518	1.35601	-0.27525	0.94505	1.36028	-0.32455	0.95522	1.29699	-0.27957	0.96455	1.31746	-0.34386	0.78987	1.46903	-0.48220	0.78159	1.10580	-0.54060	0.96706	0.91179	-0.58362	0.90411	0.89653	-0.61568	0.95786	0.85487	-0.63372	0.79733	1.44289	-0.09190	0.62834	1.13724	-0.09965	0.64811	0.86407	-0.12888	0.58492	0.87476	-0.09261	0.61176	0.79820	-0.09130	0.87427	1.04602	-0.42975	0.70427	1.05530	-0.34789	0.86678	1.05154	-0.17974	0.70085	1.05194	-0.25059	0.67506	1.05837	-0.27225	0.67686	1.05877	-0.32170	0.67428	0.99796	-0.27340	0.66266	0.98555	-0.30958	0.73588	0.63441	-0.48521	0.70929	0.52849	-0.42140	0.81639	0.79570	-0.48933	0.76580	0.80110	-0.49557	0.80982	0.73739	-0.47876	0.74362	0.72788	-0.48497	0.66921	0.36604	-0.45938	0.56904	0.10488	-0.35336	0.67599	0.35944	-0.29068	0.71281	0.34489	-0.32168	0.65947	0.30304	-0.28397	0.71123	0.29584	-0.32413	0.70073	0.04894	-0.32496	0.70391	0.04368	-0.27731	0.51050	0.08206	-0.31484	0.61382	0.08497	-0.37210	0.64024	0.11117	-0.33895	0.66136	0.05028	-0.38295	0.69003	0.06256	-0.36322	0.96388	0.65117	-0.08452	1.01803	0.54254	-0.14200	0.94499	0.81106	-0.10844	0.90299	0.79013	-0.09170	0.96967	0.75739	-0.11604	0.92194	0.71611	-0.09512	1.03422	0.39328	-0.08702	1.06842	0.10190	-0.16502	1.07834	0.36773	-0.24430	1.10928	0.36760	-0.20570	1.08212	0.30743	-0.24735	1.12385	0.32058	-0.19652	1.21792	0.10839	-0.16378	1.23020	0.11212	-0.20001	1.03589	0.06238	-0.21683	1.12071	0.10728	-0.12849	1.13504	0.14030	-0.16213	1.17824	0.09577	-0.11480	1.20105	0.11809	-0.13466	0.80738	0.96778	-0.21337	0.81539	0.96688	-0.39263	1.01914	0.54076	-0.19446	0.70928	0.53133	-0.36898	1.06889	0.10240	-0.20001	0.56564	0.11013	-0.31892	0.70256	1.05362	-0.29924	0.87052	1.04878	-0.30474	
238	2.37000	0.91854	1.70992	-0.34200	0.95027	1.69949	-0.22569	0.78327	1.61553	-0.31383	0.82828	1.61809	-0.18418	0.77139	1.50395	-0.28690	0.90318	1.42414	-0.29055	0.91601	1.25505	-0.29935	0.71850	1.40246	-0.18215	0.71692	1.22675	-0.30054	0.95774	1.35348	-0.27464	0.95754	1.35792	-0.32396	0.96722	1.29444	-0.27897	0.97687	1.31507	-0.34342	0.80202	1.46719	-0.48092	0.79514	1.10394	-0.54027	0.98004	0.91052	-0.58424	0.91793	0.89521	-0.61616	0.97168	0.85368	-0.63441	0.81091	1.44024	-0.09059	0.63949	1.13622	-0.09957	0.65508	0.86307	-0.13047	0.59217	0.87441	-0.09388	0.61758	0.79725	-0.09335	0.88638	1.04410	-0.42950	0.71703	1.05308	-0.34634	0.88052	1.04928	-0.17934	0.71409	1.04951	-0.24908	0.68810	1.05599	-0.27055	0.68961	1.05646	-0.32008	0.68755	0.99555	-0.27185	0.67582	0.98316	-0.30801	0.74303	0.63411	-0.48559	0.71574	0.52841	-0.42169	0.82563	0.79456	-0.48986	0.77504	0.80054	-0.49586	0.81750	0.73635	-0.47952	0.75205	0.72748	-0.48518	0.67321	0.36651	-0.45945	0.57002	0.10653	-0.35327	0.68086	0.35965	-0.29090	0.71728	0.34453	-0.32208	0.66350	0.30347	-0.28413	0.71498	0.29554	-0.32464	0.70163	0.04924	-0.32536	0.70379	0.04375	-0.27722	0.51066	0.08447	-0.31424	0.61463	0.08584	-0.37224	0.64133	0.11182	-0.33908	0.66177	0.05052	-0.38292	0.69054	0.06247	-0.36320	0.97289	0.64742	-0.08188	1.02821	0.53849	-0.14246	0.95640	0.80721	-0.10819	0.91438	0.78703	-0.09045	0.97930	0.75290	-0.11559	0.93247	0.71278	-0.09300	1.05257	0.39085	-0.08762	1.10348	0.10170	-0.16580	1.09699	0.36785	-0.24523	1.12810	0.36929	-0.20683	1.10406	0.30784	-0.24848	1.14531	0.32312	-0.19792	1.25143	0.11605	-0.16680	1.26324	0.12101	-0.20361	1.07130	0.06065	-0.21798	1.15486	0.10973	-0.13051	1.16718	0.14399	-0.16403	1.21296	0.10123	-0.11747	1.23463	0.12508	-0.13737	0.82102	0.96549	-0.21274	0.82786	0.96483	-0.39205	1.03040	0.53737	-0.19490	0.71631	0.53102	-0.36926	1.10425	0.10230	-0.20079	0.56694	0.11178	-0.31881	0.71556	1.05129	-0.29771	0.88345	1.04669	-0.30442	
239	2.38000	0.93154	1.70779	-0.34022	0.96378	1.69679	-0.22410	0.79615	1.61350	-0.31167	0.84192	1.61536	-0.18238	0.78416	1.50185	-0.28529	0.91595	1.42175	-0.28960	0.92864	1.25263	-0.29894	0.73125	1.40016	-0.18077	0.72969	1.22450	-0.29892	0.97057	1.35104	-0.27411	0.97013	1.35556	-0.32337	0.97992	1.29196	-0.27857	0.98934	1.31276	-0.34302	0.81421	1.46531	-0.47960	0.80858	1.10216	-0.53993	0.99359	0.90912	-0.58472	0.93148	0.89382	-0.61655	0.98532	0.85243	-0.63497	0.82448	1.43745	-0.08925	0.65089	1.13493	-0.09947	0.66259	0.86183	-0.13177	0.60026	0.87390	-0.09486	0.62421	0.79614	-0.09531	0.89864	1.04220	-0.42919	0.72957	1.05097	-0.34480	0.89438	1.04696	-0.17886	0.72741	1.04710	-0.24747	0.70131	1.05357	-0.26875	0.70259	1.05414	-0.31827	0.70085	0.99312	-0.27025	0.68912	0.98076	-0.30634	0.75036	0.63391	-0.48592	0.72259	0.52823	-0.42181	0.83481	0.79344	-0.49046	0.78455	0.79998	-0.49608	0.82641	0.73530	-0.48015	0.76082	0.72717	-0.48548	0.67772	0.36700	-0.45946	0.57107	0.10833	-0.35334	0.68610	0.35972	-0.29125	0.72214	0.34412	-0.32253	0.66795	0.30366	-0.28439	0.71915	0.29517	-0.32521	0.70181	0.04923	-0.32554	0.70434	0.04376	-0.27779	0.51206	0.08691	-0.31446	0.61564	0.08678	-0.37255	0.64255	0.11254	-0.33936	0.66224	0.05075	-0.38292	0.69113	0.06239	-0.36320	0.98176	0.64399	-0.07951	1.03808	0.53451	-0.14307	0.96827	0.80340	-0.10794	0.92645	0.78401	-0.08902	0.99134	0.74899	-0.11495	0.94439	0.70998	-0.09047	1.07019	0.38898	-0.08838	1.13495	0.10296	-0.16655	1.11445	0.36814	-0.24645	1.14597	0.37120	-0.20845	1.12454	0.30853	-0.24965	1.16556	0.32597	-0.19969	1.28327	0.12523	-0.17031	1.29407	0.13026	-0.20765	1.10456	0.06024	-0.21862	1.18744	0.11323	-0.13243	1.19750	0.14801	-0.16621	1.24659	0.10800	-0.12024	1.26631	0.13242	-0.14081	0.83473	0.96317	-0.21208	0.84043	0.96281	-0.39144	1.04117	0.53397	-0.19548	0.72387	0.53056	-0.36938	1.13571	0.10362	-0.20153	0.56826	0.11356	-0.31885	0.72849	1.04904	-0.29613	0.89651	1.04458	-0.30403	
240	2.39000	0.94452	1.70566	-0.33833	0.97735	1.69413	-0.22246	0.80922	1.61140	-0.30966	0.85545	1.61261	-0.18059	0.79738	1.49951	-0.28365	0.92887	1.41941	-0.28864	0.94141	1.25025	-0.29847	0.74442	1.39762	-0.17929	0.74242	1.22228	-0.29741	0.98340	1.34856	-0.27350	0.98282	1.35321	-0.32279	0.99279	1.28951	-0.27815	1.00192	1.31046	-0.34258	0.82653	1.46346	-0.47818	0.82191	1.10037	-0.53944	1.00694	0.90761	-0.58511	0.94480	0.89236	-0.61687	0.99869	0.85104	-0.63545	0.83808	1.43455	-0.08789	0.66268	1.13348	-0.09938	0.67086	0.86044	-0.13276	0.60875	0.87305	-0.09567	0.63145	0.79489	-0.09705	0.91105	1.04030	-0.42886	0.74245	1.04877	-0.34322	0.90832	1.04459	-0.17840	0.74110	1.04461	-0.24579	0.71460	1.05104	-0.26695	0.71573	1.05178	-0.31644	0.71453	0.99056	-0.26847	0.70247	0.97836	-0.30463	0.75801	0.63375	-0.48620	0.73017	0.52795	-0.42187	0.84452	0.79244	-0.49090	0.79412	0.79944	-0.49609	0.83561	0.73431	-0.48073	0.76973	0.72686	-0.48559	0.68271	0.36752	-0.45952	0.57220	0.11018	-0.35339	0.69159	0.35965	-0.29139	0.72744	0.34364	-0.32293	0.67269	0.30395	-0.28468	0.72342	0.29463	-0.32565	0.70195	0.04920	-0.32564	0.70436	0.04373	-0.27771	0.51243	0.08976	-0.31391	0.61665	0.08771	-0.37282	0.64395	0.11325	-0.33968	0.66277	0.05095	-0.38283	0.69159	0.06224	-0.36308	0.99069	0.64031	-0.07790	1.04827	0.53076	-0.14367	0.98068	0.79965	-0.10765	0.93898	0.78090	-0.08772	1.00296	0.74492	-0.11463	0.95608	0.70665	-0.08891	1.08742	0.38741	-0.08931	1.16484	0.10507	-0.16737	1.13071	0.36843	-0.24783	1.16264	0.37315	-0.21034	1.14354	0.30932	-0.25100	1.18449	0.32893	-0.20180	1.31242	0.13306	-0.17436	1.32194	0.13798	-0.21158	1.13538	0.06049	-0.21908	1.21807	0.11746	-0.13467	1.22580	0.15247	-0.16886	1.27775	0.11484	-0.12374	1.29579	0.13989	-0.14461	0.84857	0.96079	-0.21146	0.85316	0.96078	-0.39085	1.05244	0.53086	-0.19601	0.73234	0.52994	-0.36945	1.16568	0.10582	-0.20235	0.56973	0.11537	-0.31887	0.74177	1.04669	-0.29450	0.90968	1.04245	-0.30363	
241	2.40000	0.95748	1.70357	-0.33645	0.99083	1.69155	-0.22073	0.82244	1.60919	-0.30753	0.86909	1.60990	-0.17874	0.81019	1.49732	-0.28193	0.94184	1.41700	-0.28758	0.95425	1.24790	-0.29796	0.75830	1.39497	-0.17770	0.75496	1.22011	-0.29588	0.99641	1.34612	-0.27288	0.99559	1.35089	-0.32214	1.00574	1.28709	-0.27775	1.01462	1.30821	-0.34215	0.83905	1.46163	-0.47680	0.83505	1.09860	-0.53890	1.02008	0.90608	-0.58539	0.95787	0.89080	-0.61703	1.01174	0.84954	-0.63574	0.85178	1.43161	-0.08654	0.67480	1.13166	-0.09914	0.67962	0.85880	-0.13349	0.61753	0.87193	-0.09643	0.63928	0.79334	-0.09846	0.92375	1.03844	-0.42858	0.75566	1.04647	-0.34141	0.92237	1.04229	-0.17792	0.75469	1.04214	-0.24407	0.72809	1.04849	-0.26505	0.72879	1.04940	-0.31447	0.72833	0.98800	-0.26674	0.71593	0.97590	-0.30283	0.76595	0.63356	-0.48631	0.73822	0.52766	-0.42180	0.85489	0.79150	-0.49108	0.80401	0.79890	-0.49598	0.84497	0.73325	-0.48121	0.77919	0.72645	-0.48547	0.68821	0.36798	-0.45944	0.57369	0.11230	-0.35353	0.69753	0.35958	-0.29151	0.73302	0.34305	-0.32313	0.67774	0.30429	-0.28488	0.72812	0.29411	-0.32593	0.70219	0.04924	-0.32573	0.70445	0.04369	-0.27775	0.51371	0.09281	-0.31411	0.61792	0.08888	-0.37314	0.64552	0.11405	-0.33997	0.66358	0.05117	-0.38281	0.69244	0.06199	-0.36288	1.00049	0.63627	-0.07783	1.05926	0.52760	-0.14426	0.99365	0.79589	-0.10705	0.95200	0.77764	-0.08661	1.01491	0.74075	-0.11439	0.96831	0.70323	-0.08811	1.10471	0.38654	-0.09007	1.19301	0.10717	-0.16866	1.14583	0.36862	-0.24928	1.17827	0.37490	-0.21250	1.16124	0.31016	-0.25260	1.20215	0.33171	-0.20417	1.33889	0.14043	-0.17869	1.34752	0.14546	-0.21598	1.16375	0.06137	-0.22001	1.24612	0.12146	-0.13709	1.25194	0.15675	-0.17163	1.30568	0.12085	-0.12751	1.32306	0.14661	-0.14866	0.86258	0.95844	-0.21089	0.86620	0.95875	-0.39030	1.06464	0.52838	-0.19648	0.74138	0.52928	-0.36942	1.19389	0.10804	-0.20364	0.57153	0.11743	-0.31897	0.75518	1.04430	-0.29274	0.92306	1.04036	-0.30325	
242	2.41000	0.97053	1.70155	-0.33450	1.00429	1.68909	-0.21894	0.83548	1.60708	-0.30552	0.88270	1.60725	-0.17690	0.82349	1.49517	-0.28037	0.95493	1.41464	-0.28647	0.96721	1.24555	-0.29735	0.77143	1.39252	-0.17626	0.76820	1.21783	-0.29432	1.00942	1.34366	-0.27216	1.00965	1.34866	-0.32118	1.01873	1.28465	-0.27722	1.02745	1.30597	-0.34160	0.85173	1.45983	-0.47543	0.84803	1.09688	-0.53829	1.03381	0.90438	-0.58536	0.97064	0.88920	-0.61697	1.02448	0.84792	-0.63584	0.86543	1.42864	-0.08515	0.68748	1.12961	-0.09872	0.68898	0.85693	-0.13411	0.62734	0.87062	-0.09685	0.64806	0.79173	-0.09976	0.93656	1.03663	-0.42831	0.76888	1.04419	-0.33972	0.93651	1.04004	-0.17747	0.76824	1.03968	-0.24234	0.74180	1.04593	-0.26318	0.74207	1.04699	-0.31267	0.74189	0.98556	-0.26504	0.72960	0.97341	-0.30105	0.77446	0.63334	-0.48623	0.74602	0.52708	-0.42162	0.86543	0.79047	-0.49085	0.81426	0.79824	-0.49553	0.85636	0.73251	-0.48072	0.78882	0.72598	-0.48503	0.69427	0.36844	-0.45924	0.57480	0.11435	-0.35349	0.70400	0.35948	-0.29167	0.73899	0.34246	-0.32330	0.68294	0.30453	-0.28480	0.73318	0.29355	-0.32612	0.70237	0.04924	-0.32580	0.70454	0.04362	-0.27776	0.51520	0.09620	-0.31434	0.61932	0.09010	-0.37342	0.64717	0.11492	-0.34021	0.66437	0.05160	-0.38281	0.69337	0.06191	-0.36283	1.01150	0.63166	-0.07933	1.07118	0.52501	-0.14479	1.00721	0.79245	-0.10611	0.96539	0.77463	-0.08547	1.02758	0.73707	-0.11419	0.98077	0.70003	-0.08786	1.12231	0.38605	-0.09118	1.22036	0.10850	-0.17123	1.16051	0.36895	-0.25063	1.19335	0.37640	-0.21440	1.17780	0.31101	-0.25417	1.21883	0.33409	-0.20645	1.36269	0.14610	-0.18310	1.37057	0.15182	-0.22008	1.18922	0.06249	-0.22205	1.27122	0.12449	-0.13977	1.27518	0.16012	-0.17435	1.33132	0.12561	-0.13111	1.34728	0.15183	-0.15253	0.87671	0.95613	-0.21036	0.87937	0.95676	-0.38978	1.07786	0.52649	-0.19684	0.74972	0.52847	-0.36926	1.22123	0.10958	-0.20620	0.57260	0.11955	-0.31895	0.76856	1.04194	-0.29103	0.93653	1.03833	-0.30289	
243	2.42000	0.98357	1.69964	-0.33250	1.01773	1.68682	-0.21709	0.84871	1.60497	-0.30338	0.89637	1.60473	-0.17496	0.83676	1.49315	-0.27858	0.96817	1.41236	-0.28532	0.98033	1.24329	-0.29671	0.78495	1.38997	-0.17472	0.78137	1.21570	-0.29290	1.02258	1.34125	-0.27139	1.02269	1.34640	-0.32037	1.03185	1.28225	-0.27665	1.04044	1.30376	-0.34099	0.86470	1.45805	-0.47394	0.86094	1.09524	-0.53764	1.04672	0.90298	-0.58547	0.98325	0.88756	-0.61681	1.03704	0.84626	-0.63576	0.87914	1.42565	-0.08372	0.70025	1.12727	-0.09840	0.69896	0.85486	-0.13448	0.63756	0.86906	-0.09712	0.65721	0.78984	-0.10045	0.94962	1.03477	-0.42813	0.78226	1.04189	-0.33814	0.95066	1.03788	-0.17708	0.78205	1.03727	-0.24084	0.75526	1.04341	-0.26148	0.75575	1.04443	-0.31082	0.75594	0.98302	-0.26342	0.74352	0.97085	-0.29944	0.78363	0.63299	-0.48592	0.75544	0.52662	-0.42135	0.87682	0.78935	-0.49049	0.82500	0.79747	-0.49491	0.86684	0.73145	-0.48059	0.79927	0.72536	-0.48446	0.70086	0.36885	-0.45896	0.57710	0.11718	-0.35390	0.71077	0.35937	-0.29155	0.74547	0.34183	-0.32324	0.68864	0.30488	-0.28476	0.73857	0.29300	-0.32615	0.70264	0.04932	-0.32581	0.70466	0.04359	-0.27775	0.51675	0.09967	-0.31452	0.62089	0.09151	-0.37372	0.64928	0.11592	-0.34066	0.66527	0.05205	-0.38274	0.69435	0.06188	-0.36267	1.02357	0.62713	-0.08132	1.08419	0.52308	-0.14532	1.02105	0.78979	-0.10494	0.97905	0.77229	-0.08447	1.04073	0.73427	-0.11368	0.99362	0.69755	-0.08770	1.13908	0.38537	-0.09220	1.24204	0.10977	-0.17375	1.17523	0.36926	-0.25172	1.20826	0.37749	-0.21581	1.19390	0.31179	-0.25554	1.23479	0.33570	-0.20822	1.38362	0.14996	-0.18652	1.39100	0.15627	-0.22360	1.21157	0.06330	-0.22488	1.29323	0.12597	-0.14263	1.29608	0.16214	-0.17676	1.35335	0.12803	-0.13467	1.36859	0.15490	-0.15589	0.89089	0.95389	-0.20991	0.89277	0.95474	-0.38934	1.09222	0.52531	-0.19716	0.76004	0.52767	-0.36906	1.24288	0.11105	-0.20872	0.57517	0.12230	-0.31933	0.78216	1.03958	-0.28949	0.95014	1.03633	-0.30261	
244	2.43000	0.99669	1.69785	-0.33043	1.03115	1.68471	-0.21514	0.86205	1.60286	-0.30123	0.90996	1.60232	-0.17300	0.85027	1.49114	-0.27682	0.98148	1.41011	-0.28403	0.99350	1.24111	-0.29598	0.79781	1.38762	-0.17337	0.79462	1.21377	-0.29160	1.03582	1.33891	-0.27045	1.03588	1.34418	-0.31947	1.04503	1.27992	-0.27599	1.05360	1.30166	-0.34027	0.87792	1.45640	-0.47249	0.87368	1.09367	-0.53690	1.05795	0.90113	-0.58538	0.99428	0.88592	-0.61675	1.04928	0.84454	-0.63554	0.89275	1.42268	-0.08218	0.71345	1.12479	-0.09790	0.70969	0.85253	-0.13459	0.64845	0.86723	-0.09715	0.66725	0.78777	-0.10105	0.96297	1.03288	-0.42797	0.79575	1.03958	-0.33677	0.96482	1.03605	-0.17657	0.79576	1.03506	-0.23943	0.76874	1.04107	-0.26001	0.76887	1.04213	-0.30946	0.76987	0.98062	-0.26192	0.75741	0.96833	-0.29787	0.79340	0.63249	-0.48540	0.76542	0.52598	-0.42085	0.88770	0.78794	-0.49038	0.83624	0.79654	-0.49400	0.87499	0.72970	-0.48146	0.81017	0.72457	-0.48356	0.70805	0.36921	-0.45855	0.57930	0.12003	-0.35402	0.71789	0.35910	-0.29119	0.75234	0.34114	-0.32307	0.69458	0.30509	-0.28457	0.74440	0.29239	-0.32606	0.70288	0.04930	-0.32578	0.70478	0.04350	-0.27768	0.51875	0.10378	-0.31485	0.62274	0.09304	-0.37393	0.65143	0.11684	-0.34099	0.66622	0.05258	-0.38263	0.69538	0.06173	-0.36245	1.03635	0.62427	-0.08245	1.09813	0.52188	-0.14580	1.03518	0.78805	-0.10363	0.99289	0.77059	-0.08372	1.05466	0.73250	-0.11278	1.00732	0.69585	-0.08753	1.15447	0.38422	-0.09286	1.26058	0.11064	-0.17572	1.19014	0.36934	-0.25262	1.22315	0.37778	-0.21680	1.20957	0.31210	-0.25692	1.25022	0.33628	-0.20952	1.40171	0.15121	-0.19031	1.40887	0.15865	-0.22690	1.23061	0.06361	-0.22794	1.31229	0.12594	-0.14540	1.31437	0.16266	-0.17898	1.37261	0.12877	-0.13802	1.38722	0.15593	-0.15904	0.90515	0.95190	-0.20937	0.90644	0.95272	-0.38881	1.10718	0.52472	-0.19744	0.77086	0.52672	-0.36864	1.26172	0.11219	-0.21066	0.57755	0.12511	-0.31944	0.79575	1.03732	-0.28810	0.96390	1.03447	-0.30227	
245	2.44000	1.00981	1.69616	-0.32831	1.04456	1.68284	-0.21313	0.87545	1.60085	-0.29907	0.92365	1.60008	-0.17093	0.86374	1.48940	-0.27510	0.99496	1.40803	-0.28274	1.00688	1.23908	-0.29519	0.81318	1.38480	-0.17131	0.80828	1.21190	-0.29047	1.04918	1.33670	-0.26948	1.04920	1.34214	-0.31845	1.05836	1.27772	-0.27522	1.06688	1.29963	-0.33938	0.89133	1.45485	-0.47104	0.88622	1.09220	-0.53611	1.06989	0.89929	-0.58496	1.00626	0.88422	-0.61632	1.06121	0.84281	-0.63515	0.90635	1.41975	-0.08064	0.72724	1.12215	-0.09724	0.72108	0.85007	-0.13450	0.65997	0.86520	-0.09706	0.67779	0.78551	-0.10108	0.97666	1.03096	-0.42778	0.80989	1.03719	-0.33554	0.97916	1.03461	-0.17603	0.81000	1.03285	-0.23820	0.78274	1.03878	-0.25875	0.78301	1.03967	-0.30817	0.78403	0.97830	-0.26060	0.77150	0.96598	-0.29652	0.80389	0.63187	-0.48459	0.77612	0.52531	-0.42021	0.89684	0.78638	-0.49058	0.84783	0.79555	-0.49286	0.88633	0.72842	-0.48108	0.82162	0.72364	-0.48248	0.71593	0.36961	-0.45806	0.58195	0.12329	-0.35423	0.72537	0.35879	-0.29060	0.75966	0.34039	-0.32271	0.70113	0.30560	-0.28439	0.75051	0.29177	-0.32577	0.70297	0.04920	-0.32552	0.70488	0.04340	-0.27755	0.52094	0.10819	-0.31507	0.62483	0.09491	-0.37432	0.65419	0.11834	-0.34139	0.66727	0.05317	-0.38251	0.69666	0.06172	-0.36223	1.05093	0.62359	-0.08265	1.11278	0.52113	-0.14644	1.04990	0.78714	-0.10265	1.00729	0.76956	-0.08347	1.06949	0.73165	-0.11187	1.02193	0.69472	-0.08762	1.16915	0.38246	-0.09376	1.27639	0.10978	-0.17806	1.20511	0.36881	-0.25372	1.23817	0.37716	-0.21786	1.22468	0.31165	-0.25831	1.26537	0.33567	-0.21077	1.41726	0.15093	-0.19338	1.42414	0.15892	-0.23015	1.24646	0.06292	-0.23029	1.32851	0.12484	-0.14803	1.33009	0.16192	-0.18129	1.38890	0.12793	-0.14115	1.40299	0.15534	-0.16213	0.91973	0.95017	-0.20870	0.92054	0.95066	-0.38814	1.12170	0.52407	-0.19810	0.78232	0.52575	-0.36808	1.27768	0.11153	-0.21300	0.58032	0.12833	-0.31963	0.80995	1.03502	-0.28687	0.97791	1.03279	-0.30191	
246	2.45000	1.02305	1.69462	-0.32612	1.05802	1.68113	-0.21102	0.88878	1.59898	-0.29690	0.93734	1.59807	-0.16879	0.87765	1.48760	-0.27344	1.00847	1.40611	-0.28131	1.02038	1.23716	-0.29430	0.82676	1.38236	-0.16995	0.82186	1.21017	-0.28965	1.06266	1.33465	-0.26846	1.06267	1.34020	-0.31735	1.07181	1.27564	-0.27432	1.08036	1.29777	-0.33846	0.90515	1.45347	-0.46959	0.89866	1.09095	-0.53523	1.08161	0.89747	-0.58429	1.01795	0.88261	-0.61565	1.07277	0.84111	-0.63455	0.91990	1.41690	-0.07905	0.74098	1.11933	-0.09663	0.73299	0.84740	-0.13418	0.67218	0.86287	-0.09669	0.68933	0.78314	-0.10099	0.99073	1.02900	-0.42754	0.82368	1.03506	-0.33462	0.99350	1.03364	-0.17535	0.82393	1.03104	-0.23735	0.79666	1.03677	-0.25782	0.79674	1.03748	-0.30733	0.79834	0.97628	-0.25944	0.78605	0.96365	-0.29527	0.81514	0.63114	-0.48366	0.78753	0.52449	-0.41944	0.90894	0.78502	-0.48981	0.86008	0.79451	-0.49161	0.89827	0.72711	-0.48050	0.83357	0.72268	-0.48117	0.72443	0.36997	-0.45741	0.58476	0.12663	-0.35444	0.73344	0.35870	-0.29003	0.76738	0.33966	-0.32218	0.70800	0.30611	-0.28402	0.75716	0.29125	-0.32536	0.70352	0.04943	-0.32552	0.70508	0.04332	-0.27740	0.52351	0.11293	-0.31539	0.62702	0.09670	-0.37437	0.65706	0.11957	-0.34157	0.66850	0.05385	-0.38235	0.69804	0.06168	-0.36195	1.06750	0.62405	-0.08216	1.12844	0.52067	-0.14722	1.06537	0.78683	-0.10195	1.02261	0.76905	-0.08327	1.08512	0.73137	-0.11125	1.03507	0.69382	-0.08827	1.18343	0.38056	-0.09498	1.28963	0.10796	-0.18014	1.22001	0.36756	-0.25513	1.25313	0.37551	-0.21917	1.23911	0.31028	-0.25986	1.28004	0.33386	-0.21231	1.43050	0.14870	-0.19698	1.43692	0.15682	-0.23351	1.25916	0.06103	-0.23226	1.34197	0.12289	-0.15049	1.34335	0.15997	-0.18377	1.40240	0.12588	-0.14414	1.41673	0.15340	-0.16503	0.93432	0.94887	-0.20786	0.93494	0.94867	-0.38730	1.13631	0.52333	-0.19905	0.79439	0.52466	-0.36739	1.29094	0.10981	-0.21506	0.58320	0.13166	-0.31984	0.82381	1.03305	-0.28599	0.99212	1.03132	-0.30145	
247	2.46000	1.03635	1.69322	-0.32381	1.07148	1.67956	-0.20880	0.90242	1.59730	-0.29464	0.95098	1.59620	-0.16662	0.89138	1.48603	-0.27167	1.02214	1.40438	-0.27981	1.03416	1.23549	-0.29331	0.84035	1.38007	-0.16850	0.83595	1.20850	-0.28896	1.07625	1.33278	-0.26727	1.07635	1.33851	-0.31617	1.08543	1.27383	-0.27336	1.09402	1.29614	-0.33737	0.91919	1.45226	-0.46813	0.91088	1.08992	-0.53432	1.09291	0.89568	-0.58338	1.02926	0.88108	-0.61486	1.08397	0.83947	-0.63373	0.93342	1.41422	-0.07749	0.75509	1.11640	-0.09600	0.74591	0.84468	-0.13347	0.68511	0.86049	-0.09609	0.70173	0.78053	-0.10069	1.00518	1.02701	-0.42715	0.83830	1.03286	-0.33389	1.00797	1.03299	-0.17453	0.83865	1.02933	-0.23672	0.81137	1.03485	-0.25713	0.81120	1.03544	-0.30664	0.81299	0.97446	-0.25841	0.80076	0.96162	-0.29417	0.82689	0.63031	-0.48251	0.79951	0.52358	-0.41852	0.92169	0.78360	-0.48881	0.87280	0.79335	-0.49005	0.91079	0.72574	-0.47965	0.84569	0.72171	-0.47971	0.73358	0.37032	-0.45668	0.58800	0.13026	-0.35467	0.74214	0.35872	-0.28957	0.77564	0.33890	-0.32151	0.71561	0.30662	-0.28363	0.76424	0.29070	-0.32484	0.70410	0.04960	-0.32543	0.70527	0.04326	-0.27723	0.52694	0.11803	-0.31564	0.63000	0.09874	-0.37469	0.66006	0.12066	-0.34161	0.66991	0.05459	-0.38218	0.69954	0.06154	-0.36164	1.08556	0.62450	-0.08212	1.14495	0.52039	-0.14826	1.08149	0.78696	-0.10151	1.03877	0.76883	-0.08299	1.10156	0.73170	-0.11117	1.05225	0.69378	-0.08841	1.19781	0.37877	-0.09656	1.29853	0.10506	-0.18211	1.23456	0.36560	-0.25700	1.26790	0.37307	-0.22115	1.25260	0.30800	-0.26171	1.29415	0.33100	-0.21435	1.44136	0.14481	-0.19990	1.44752	0.15247	-0.23655	1.26911	0.05831	-0.23370	1.35294	0.12005	-0.15278	1.35475	0.15680	-0.18628	1.41348	0.12259	-0.14677	1.42779	0.14977	-0.16807	0.94914	0.94779	-0.20681	0.94974	0.94666	-0.38625	1.15143	0.52267	-0.20030	0.80705	0.52345	-0.36656	1.29946	0.10680	-0.21705	0.58645	0.13528	-0.32006	0.83848	1.03109	-0.28531	1.00658	1.03000	-0.30084	
248	2.47000	1.04977	1.69196	-0.32143	1.08497	1.67809	-0.20643	0.91597	1.59581	-0.29243	0.96457	1.59448	-0.16444	0.90166	1.48526	-0.27016	1.03586	1.40282	-0.27820	1.04810	1.23398	-0.29224	0.85384	1.37805	-0.16722	0.85002	1.20698	-0.28860	1.09002	1.33119	-0.26600	1.09023	1.33711	-0.31487	1.09926	1.27225	-0.27218	1.10798	1.29481	-0.33615	0.93341	1.45125	-0.46665	0.92294	1.08908	-0.53331	1.10385	0.89390	-0.58224	1.04018	0.87970	-0.61376	1.09482	0.83789	-0.63267	0.94685	1.41175	-0.07593	0.76965	1.11342	-0.09511	0.75949	0.84179	-0.13250	0.69889	0.85791	-0.09483	0.71495	0.77781	-0.09977	1.02009	1.02505	-0.42658	0.85317	1.03087	-0.33337	1.02268	1.03265	-0.17357	0.85354	1.02798	-0.23629	0.82587	1.03342	-0.25666	0.82607	1.03356	-0.30617	0.82809	0.97286	-0.25756	0.81575	0.95983	-0.29323	0.83948	0.62935	-0.48128	0.81265	0.52268	-0.41758	0.93752	0.78244	-0.48703	0.88630	0.79211	-0.48853	0.92403	0.72429	-0.47867	0.85890	0.72055	-0.47814	0.74269	0.37073	-0.45588	0.59163	0.13422	-0.35495	0.75216	0.35832	-0.28905	0.78400	0.33780	-0.32076	0.72340	0.30713	-0.28289	0.77155	0.28993	-0.32409	0.70477	0.04975	-0.32541	0.70555	0.04320	-0.27703	0.53073	0.12382	-0.31635	0.63274	0.10074	-0.37489	0.66383	0.12203	-0.34205	0.67132	0.05544	-0.38206	0.70102	0.06128	-0.36126	1.10432	0.62481	-0.08277	1.16212	0.52041	-0.14949	1.09798	0.78751	-0.10135	1.05553	0.76891	-0.08275	1.11848	0.73243	-0.11132	1.06957	0.69399	-0.08862	1.21282	0.37730	-0.09842	1.30717	0.10142	-0.18430	1.24838	0.36314	-0.25929	1.28215	0.36988	-0.22367	1.26521	0.30516	-0.26396	1.30748	0.32722	-0.21694	1.45016	0.13917	-0.20248	1.45623	0.14643	-0.23916	1.27631	0.05520	-0.23529	1.36159	0.11602	-0.15506	1.36378	0.15250	-0.18881	1.42230	0.11778	-0.14924	1.43685	0.14456	-0.17065	0.96419	0.94703	-0.20557	0.96491	0.94476	-0.38500	1.16724	0.52238	-0.20170	0.82088	0.52224	-0.36573	1.30759	0.10303	-0.21926	0.59034	0.13910	-0.32032	0.85335	1.02942	-0.28483	1.02139	1.02885	-0.30008	
249	2.48000	1.06320	1.69083	-0.31897	1.09841	1.67670	-0.20399	0.92963	1.59441	-0.29022	0.97819	1.59282	-0.16222	0.91567	1.48388	-0.26856	1.04976	1.40145	-0.27656	1.06234	1.23266	-0.29097	0.86744	1.37617	-0.16610	0.86452	1.20540	-0.28842	1.10401	1.32986	-0.26456	1.10428	1.33591	-0.31342	1.11333	1.27096	-0.27089	1.12218	1.29373	-0.33479	0.94791	1.45039	-0.46502	0.93492	1.08862	-0.53226	1.11462	0.89205	-0.58057	1.05110	0.87845	-0.61257	1.10533	0.83640	-0.63146	0.96015	1.40948	-0.07446	0.78428	1.11043	-0.09437	0.77381	0.83884	-0.13129	0.71315	0.85502	-0.09379	0.72917	0.77494	-0.09863	1.03545	1.02316	-0.42583	0.86848	1.02911	-0.33301	1.03774	1.03246	-0.17243	0.86863	1.02690	-0.23603	0.84128	1.03212	-0.25646	0.84155	1.03190	-0.30584	0.84336	0.97160	-0.25694	0.83101	0.95830	-0.29258	0.85260	0.62836	-0.47984	0.82614	0.52162	-0.41661	0.95178	0.78111	-0.48556	0.90013	0.79074	-0.48687	0.93790	0.72284	-0.47757	0.87277	0.71929	-0.47644	0.75386	0.37105	-0.45512	0.59504	0.13794	-0.35494	0.76103	0.35855	-0.28835	0.79336	0.33689	-0.32004	0.73229	0.30783	-0.28241	0.78017	0.28974	-0.32379	0.70546	0.04985	-0.32539	0.70586	0.04315	-0.27684	0.53419	0.13030	-0.31676	0.63666	0.10335	-0.37544	0.66793	0.12326	-0.34222	0.67308	0.05624	-0.38184	0.70284	0.06127	-0.36092	1.12312	0.62526	-0.08375	1.17977	0.52057	-0.15095	1.11468	0.78824	-0.10119	1.07258	0.76906	-0.08249	1.13565	0.73347	-0.11165	1.08735	0.69432	-0.08891	1.22845	0.37617	-0.10048	1.31398	0.09723	-0.18674	1.26131	0.36021	-0.26171	1.29579	0.36617	-0.22656	1.27639	0.30165	-0.26629	1.32005	0.32287	-0.22000	1.45698	0.13234	-0.20488	1.46313	0.13919	-0.24145	1.28169	0.05173	-0.23715	1.36808	0.11106	-0.15739	1.37096	0.14724	-0.19114	1.42857	0.11145	-0.15160	1.44381	0.13810	-0.17311	0.97952	0.94646	-0.20414	0.98045	0.94300	-0.38355	1.18374	0.52237	-0.20327	0.83500	0.52086	-0.36487	1.31358	0.09863	-0.22171	0.59351	0.14300	-0.32034	0.86856	1.02800	-0.28452	1.03659	1.02781	-0.29913	
250	2.49000	1.07673	1.68979	-0.31649	1.11191	1.67540	-0.20152	0.94325	1.59311	-0.28806	0.99167	1.59125	-0.16005	0.92926	1.48251	-0.26690	1.06379	1.40022	-0.27485	1.07693	1.23158	-0.28959	0.88131	1.37417	-0.16507	0.87931	1.20380	-0.28827	1.11814	1.32877	-0.26291	1.11856	1.33493	-0.31175	1.12767	1.26991	-0.26942	1.13664	1.29286	-0.33320	0.96248	1.44964	-0.46334	0.94662	1.08832	-0.53110	1.12615	0.89079	-0.57910	1.06129	0.87740	-0.61134	1.11554	0.83500	-0.63000	0.97329	1.40741	-0.07300	0.79911	1.10742	-0.09340	0.78899	0.83584	-0.12976	0.72834	0.85210	-0.09258	0.74428	0.77200	-0.09719	1.05112	1.02141	-0.42490	0.88416	1.02759	-0.33285	1.05322	1.03229	-0.17123	0.88412	1.02596	-0.23584	0.85691	1.03103	-0.25620	0.85699	1.03061	-0.30575	0.85908	0.97056	-0.25632	0.84682	0.95702	-0.29190	0.86644	0.62733	-0.47845	0.83974	0.52029	-0.41588	0.96581	0.77938	-0.48443	0.91479	0.78929	-0.48516	0.95431	0.72166	-0.47562	0.88718	0.71796	-0.47478	0.76504	0.37142	-0.45447	0.59989	0.14251	-0.35528	0.77183	0.35832	-0.28780	0.80365	0.33593	-0.31956	0.74237	0.30824	-0.28211	0.78909	0.28922	-0.32346	0.70638	0.04996	-0.32534	0.70630	0.04309	-0.27668	0.53916	0.13686	-0.31722	0.64084	0.10580	-0.37595	0.67258	0.12459	-0.34260	0.67530	0.05696	-0.38144	0.70471	0.06061	-0.36038	1.14155	0.62581	-0.08478	1.19821	0.52089	-0.15296	1.13163	0.78905	-0.10080	1.08970	0.76917	-0.08220	1.15326	0.73461	-0.11166	1.10558	0.69472	-0.08920	1.24402	0.37478	-0.10251	1.31910	0.09276	-0.18917	1.27348	0.35701	-0.26404	1.30860	0.36210	-0.22964	1.28618	0.29794	-0.26860	1.33159	0.31794	-0.22323	1.46204	0.12506	-0.20718	1.46830	0.13171	-0.24399	1.28511	0.04809	-0.23896	1.37282	0.10568	-0.15979	1.37644	0.14176	-0.19370	1.43337	0.10498	-0.15397	1.44864	0.13083	-0.17578	0.99518	0.94598	-0.20262	0.99625	0.94142	-0.38200	1.20153	0.52284	-0.20532	0.84888	0.51928	-0.36420	1.31803	0.09400	-0.22413	0.59819	0.14771	-0.32071	0.88414	1.02678	-0.28435	1.05217	1.02685	-0.29807	
251	2.50000	1.09025	1.68887	-0.31398	1.12534	1.67424	-0.19901	0.95687	1.59190	-0.28598	1.00519	1.58980	-0.15789	0.94312	1.48104	-0.26527	1.07789	1.39913	-0.27301	1.09184	1.23065	-0.28808	0.89486	1.37227	-0.16424	0.89426	1.20226	-0.28801	1.13255	1.32790	-0.26111	1.13311	1.33419	-0.30991	1.14224	1.26908	-0.26773	1.15140	1.29223	-0.33139	0.97722	1.44895	-0.46161	0.95818	1.08822	-0.52991	1.13601	0.88892	-0.57719	1.07138	0.87644	-0.60987	1.12546	0.83359	-0.62842	0.98634	1.40551	-0.07156	0.81396	1.10449	-0.09254	0.80499	0.83283	-0.12794	0.74417	0.84909	-0.09099	0.76036	0.76896	-0.09538	1.06709	1.01980	-0.42379	0.90042	1.02624	-0.33231	1.06922	1.03219	-0.17005	0.90009	1.02512	-0.23549	0.87320	1.03006	-0.25597	0.87329	1.02929	-0.30535	0.87541	0.96958	-0.25566	0.86322	0.95576	-0.29105	0.88106	0.62622	-0.47702	0.85512	0.51886	-0.41514	0.98046	0.77777	-0.48341	0.93031	0.78788	-0.48356	0.97037	0.72026	-0.47412	0.90235	0.71643	-0.47314	0.77634	0.37178	-0.45402	0.60612	0.14747	-0.35636	0.78371	0.35786	-0.28740	0.81498	0.33492	-0.31927	0.75077	0.30894	-0.28224	0.79894	0.28856	-0.32340	0.70730	0.05020	-0.32526	0.70685	0.04303	-0.27652	0.54468	0.14402	-0.31757	0.64553	0.10823	-0.37654	0.67806	0.12587	-0.34324	0.67743	0.05754	-0.38117	0.70722	0.06024	-0.36008	1.15927	0.62607	-0.08634	1.21686	0.52114	-0.15558	1.14905	0.78952	-0.09995	1.10720	0.76894	-0.08220	1.17150	0.73552	-0.11133	1.12336	0.69474	-0.09004	1.25859	0.37300	-0.10443	1.32455	0.08907	-0.19101	1.28462	0.35362	-0.26633	1.32043	0.35766	-0.23265	1.29538	0.29413	-0.27101	1.34230	0.31292	-0.22653	1.46618	0.11779	-0.20978	1.47283	0.12366	-0.24672	1.28775	0.04465	-0.24046	1.37670	0.10071	-0.16245	1.38099	0.13630	-0.19662	1.43739	0.09893	-0.15668	1.45275	0.12436	-0.17901	1.01132	0.94559	-0.20099	1.01236	0.93997	-0.38034	1.22007	0.52359	-0.20793	0.86493	0.51748	-0.36359	1.32343	0.09026	-0.22597	0.60466	0.15247	-0.32175	0.90026	1.02568	-0.28390	1.06816	1.02599	-0.29692	
252	2.51000	1.10374	1.68804	-0.31150	1.13878	1.67325	-0.19653	0.97044	1.59078	-0.28393	1.01861	1.58847	-0.15572	0.95691	1.47957	-0.26362	1.09219	1.39826	-0.27104	1.10706	1.22992	-0.28636	0.90852	1.37022	-0.16338	0.90988	1.20048	-0.28768	1.14700	1.32724	-0.25904	1.14781	1.33367	-0.30789	1.15701	1.26851	-0.26575	1.16666	1.29173	-0.32938	0.99197	1.44827	-0.45980	0.96949	1.08818	-0.52861	1.14587	0.88743	-0.57530	1.08131	0.87559	-0.60834	1.13508	0.83218	-0.62664	0.99928	1.40376	-0.07016	0.82933	1.10162	-0.09120	0.82190	0.82990	-0.12585	0.76084	0.84598	-0.08918	0.77733	0.76587	-0.09326	1.08336	1.01836	-0.42258	0.91657	1.02505	-0.33185	1.08591	1.03207	-0.16873	0.91658	1.02428	-0.23494	0.88937	1.02918	-0.25541	0.88964	1.02817	-0.30490	0.89185	0.96873	-0.25479	0.87975	0.95465	-0.29020	0.89644	0.62494	-0.47561	0.87185	0.51710	-0.41461	0.99597	0.77611	-0.48235	0.94623	0.78621	-0.48189	0.98609	0.71851	-0.47326	0.91848	0.71473	-0.47159	0.78948	0.37198	-0.45376	0.61301	0.15246	-0.35688	0.79669	0.35724	-0.28719	0.82693	0.33335	-0.31911	0.76275	0.30923	-0.28261	0.80987	0.28777	-0.32364	0.70858	0.05037	-0.32526	0.70751	0.04303	-0.27638	0.55134	0.15156	-0.31793	0.65138	0.11092	-0.37744	0.68410	0.12678	-0.34404	0.67996	0.05818	-0.38101	0.71004	0.05967	-0.35987	1.17619	0.62565	-0.08944	1.23370	0.52019	-0.15755	1.16723	0.78947	-0.09937	1.12533	0.76824	-0.08272	1.19031	0.73602	-0.11187	1.14189	0.69428	-0.09237	1.27193	0.37039	-0.10659	1.33076	0.08641	-0.19335	1.29546	0.35068	-0.26871	1.33209	0.35387	-0.23578	1.30464	0.29092	-0.27360	1.35285	0.30854	-0.23002	1.47125	0.11072	-0.21248	1.47841	0.11662	-0.24936	1.29114	0.04281	-0.24220	1.38177	0.09626	-0.16557	1.38707	0.13175	-0.19951	1.44228	0.09270	-0.15970	1.45868	0.11802	-0.18161	1.02808	0.94522	-0.19921	1.02882	0.93868	-0.37853	1.23666	0.52298	-0.20990	0.88257	0.51525	-0.36325	1.32964	0.08765	-0.22831	0.61170	0.15742	-0.32226	0.91657	1.02467	-0.28340	1.08463	1.02521	-0.29565	
253	2.52000	1.11718	1.68748	-0.30911	1.15216	1.67264	-0.19405	0.98403	1.58979	-0.28182	1.03211	1.58748	-0.15354	0.97088	1.47841	-0.26203	1.10661	1.39756	-0.26903	1.12241	1.22942	-0.28447	0.92208	1.36812	-0.16265	0.92552	1.19886	-0.28705	1.16167	1.32697	-0.25692	1.16253	1.33337	-0.30570	1.17200	1.26827	-0.26362	1.18180	1.29159	-0.32717	1.00681	1.44765	-0.45804	0.98069	1.08823	-0.52720	1.15480	0.88600	-0.57341	1.09241	0.87463	-0.60651	1.14449	0.83079	-0.62477	1.01220	1.40215	-0.06865	0.84445	1.09892	-0.09014	0.83955	0.82698	-0.12341	0.77811	0.84269	-0.08723	0.79529	0.76271	-0.09078	1.09993	1.01699	-0.42134	0.93316	1.02393	-0.33104	1.10292	1.03173	-0.16710	0.93292	1.02357	-0.23412	0.90556	1.02835	-0.25467	0.90611	1.02695	-0.30409	0.90810	0.96794	-0.25378	0.89629	0.95361	-0.28915	0.91277	0.62337	-0.47417	0.88996	0.51509	-0.41420	1.01237	0.77444	-0.48104	0.96281	0.78447	-0.48021	1.00045	0.71646	-0.47298	0.93523	0.71289	-0.46996	0.80375	0.37202	-0.45372	0.62074	0.15774	-0.35767	0.81111	0.35624	-0.28739	0.84035	0.33149	-0.31933	0.77581	0.30938	-0.28301	0.82144	0.28643	-0.32400	0.71006	0.05049	-0.32529	0.70829	0.04312	-0.27626	0.55944	0.15962	-0.31853	0.65776	0.11329	-0.37852	0.69140	0.12764	-0.34527	0.68295	0.05887	-0.38094	0.71287	0.05863	-0.35972	1.19379	0.62573	-0.09271	1.24868	0.51873	-0.15835	1.18591	0.78965	-0.09946	1.14396	0.76844	-0.08254	1.20805	0.73624	-0.11369	1.15986	0.69458	-0.09433	1.28449	0.36766	-0.10920	1.33878	0.08636	-0.19532	1.30688	0.34958	-0.27082	1.34413	0.35220	-0.23859	1.31500	0.28973	-0.27582	1.36424	0.30643	-0.23313	1.47944	0.10357	-0.21462	1.48671	0.11008	-0.25161	1.29594	0.04422	-0.24424	1.38885	0.09426	-0.16875	1.39635	0.12938	-0.20302	1.44877	0.08704	-0.16276	1.46717	0.11165	-0.18459	1.04507	0.94474	-0.19736	1.04550	0.93748	-0.37666	1.25014	0.52109	-0.21078	0.90169	0.51275	-0.36308	1.33741	0.08765	-0.23027	0.61959	0.16263	-0.32304	0.93304	1.02375	-0.28258	1.10143	1.02436	-0.29422	
254	2.53000	1.13062	1.68766	-0.30671	1.16549	1.67287	-0.19164	0.99789	1.58928	-0.27971	1.04573	1.58715	-0.15134	0.98509	1.47809	-0.26039	1.12105	1.39734	-0.26693	1.13780	1.22937	-0.28258	0.93446	1.36654	-0.16219	0.94139	1.19799	-0.28636	1.17619	1.32698	-0.25474	1.17730	1.33352	-0.30348	1.18697	1.26838	-0.26141	1.19696	1.29189	-0.32490	1.02179	1.44722	-0.45646	0.99163	1.08822	-0.52563	1.16424	0.88447	-0.57131	1.10193	0.87379	-0.60478	1.15357	0.82935	-0.62274	1.02521	1.40071	-0.06708	0.85971	1.09634	-0.08897	0.85795	0.82411	-0.12076	0.79595	0.83941	-0.08516	0.81416	0.75963	-0.08807	1.11660	1.01559	-0.42010	0.94929	1.02290	-0.33020	1.11950	1.03154	-0.16566	0.94874	1.02313	-0.23315	0.92118	1.02760	-0.25391	0.92191	1.02582	-0.30314	0.92432	0.96723	-0.25259	0.91277	0.95257	-0.28789	0.93034	0.62139	-0.47281	0.90959	0.51262	-0.41367	1.02964	0.77276	-0.47962	0.98038	0.78252	-0.47844	1.01801	0.71466	-0.47180	0.95298	0.71073	-0.46834	0.82029	0.37196	-0.45377	0.62973	0.16354	-0.35912	0.82727	0.35485	-0.28766	0.85562	0.32948	-0.32013	0.78989	0.30878	-0.28320	0.83545	0.28531	-0.32502	0.71182	0.05059	-0.32532	0.70924	0.04334	-0.27622	0.56945	0.16828	-0.31974	0.66510	0.11521	-0.38017	0.70016	0.12820	-0.34733	0.68624	0.05900	-0.38118	0.71606	0.05713	-0.35980	1.21338	0.62871	-0.09355	1.26282	0.51916	-0.15858	1.20410	0.79165	-0.10057	1.16234	0.77136	-0.08229	1.22495	0.73780	-0.11496	1.17668	0.69712	-0.09388	1.29612	0.36740	-0.11066	1.34551	0.08642	-0.19619	1.31787	0.35026	-0.27231	1.35575	0.35218	-0.24068	1.32468	0.29022	-0.27724	1.37503	0.30607	-0.23542	1.48683	0.09846	-0.21777	1.49297	0.10406	-0.25485	1.29983	0.04570	-0.24474	1.39530	0.09335	-0.17120	1.40447	0.12762	-0.20591	1.45494	0.08340	-0.16547	1.47390	0.10621	-0.18802	1.06164	0.94440	-0.19567	1.06214	0.93631	-0.37493	1.26071	0.52007	-0.21103	0.92225	0.50991	-0.36279	1.34324	0.08761	-0.23109	0.62847	0.16851	-0.32450	0.94901	1.02301	-0.28168	1.11805	1.02356	-0.29288	
255	2.54000	1.14399	1.68853	-0.30437	1.17886	1.67386	-0.18925	1.00846	1.58987	-0.27797	1.05939	1.58773	-0.14904	0.99947	1.47842	-0.25894	1.13539	1.39763	-0.26493	1.15289	1.22979	-0.28082	0.94820	1.36530	-0.16120	0.95656	1.19825	-0.28595	1.19058	1.32750	-0.25258	1.19193	1.33410	-0.30135	1.20186	1.26900	-0.25936	1.21200	1.29264	-0.32274	1.03694	1.44706	-0.45521	1.00275	1.08849	-0.52401	1.17335	0.88301	-0.56910	1.11101	0.87291	-0.60276	1.16226	0.82796	-0.62052	1.03829	1.39953	-0.06549	0.87499	1.09389	-0.08776	0.87705	0.82148	-0.11775	0.81457	0.83613	-0.08292	0.83381	0.75670	-0.08505	1.13298	1.01439	-0.41894	0.96512	1.02208	-0.32948	1.13560	1.03213	-0.16445	0.96438	1.02312	-0.23225	0.93623	1.02732	-0.25305	0.93725	1.02520	-0.30245	0.94031	0.96686	-0.25141	0.92886	0.95183	-0.28649	0.94897	0.61878	-0.47125	0.93098	0.50986	-0.41334	1.04748	0.77117	-0.47788	0.99787	0.78029	-0.47646	1.03644	0.71289	-0.47036	0.97156	0.70821	-0.46688	0.83787	0.37186	-0.45391	0.64096	0.16907	-0.36078	0.84528	0.35327	-0.28841	0.87248	0.32738	-0.32126	0.80572	0.30882	-0.28420	0.85070	0.28399	-0.32646	0.71420	0.05069	-0.32541	0.71067	0.04394	-0.27632	0.58149	0.17743	-0.32124	0.67421	0.11714	-0.38251	0.70984	0.12755	-0.34963	0.69017	0.05922	-0.38152	0.71968	0.05528	-0.36008	1.23363	0.63334	-0.09234	1.27756	0.52195	-0.15898	1.22240	0.79523	-0.10173	1.18084	0.77576	-0.08212	1.24259	0.74089	-0.11503	1.19451	0.70113	-0.09195	1.30786	0.36968	-0.10959	1.34924	0.08629	-0.19652	1.32706	0.35068	-0.27390	1.36564	0.35207	-0.24313	1.33267	0.29056	-0.27867	1.38399	0.30551	-0.23791	1.48983	0.09381	-0.22063	1.49602	0.09908	-0.25795	1.30168	0.04698	-0.24434	1.39850	0.09175	-0.17308	1.40835	0.12558	-0.20794	1.45785	0.08016	-0.16767	1.47735	0.10235	-0.19038	1.07785	0.94472	-0.19399	1.07855	0.93538	-0.37319	1.27182	0.52144	-0.21116	0.94469	0.50681	-0.36275	1.34580	0.08732	-0.23134	0.63984	0.17391	-0.32613	0.96475	1.02260	-0.28087	1.13429	1.02326	-0.29169	
256	2.55000	1.15744	1.68968	-0.30207	1.19218	1.67514	-0.18691	1.02192	1.59072	-0.27588	1.07298	1.58873	-0.14678	1.01405	1.47913	-0.25759	1.14961	1.39834	-0.26300	1.16787	1.23065	-0.27913	0.96261	1.36450	-0.15981	0.97210	1.19873	-0.28554	1.20493	1.32843	-0.25068	1.20653	1.33514	-0.29940	1.21661	1.27001	-0.25746	1.22695	1.29382	-0.32073	1.05236	1.44733	-0.45411	1.01395	1.08920	-0.52232	1.18265	0.88153	-0.56664	1.11959	0.87214	-0.60041	1.17037	0.82670	-0.61809	1.05155	1.39881	-0.06401	0.89075	1.09179	-0.08633	0.89712	0.81920	-0.11443	0.83350	0.83301	-0.08095	0.85438	0.75406	-0.08170	1.14879	1.01358	-0.41770	0.98057	1.02159	-0.32900	1.15126	1.03382	-0.16332	0.97972	1.02376	-0.23178	0.95126	1.02756	-0.25262	0.95273	1.02474	-0.30208	0.95574	0.96714	-0.25023	0.94400	0.95180	-0.28529	0.96939	0.61563	-0.46976	0.95444	0.50721	-0.41315	1.06583	0.76991	-0.47589	1.01601	0.77815	-0.47422	1.05760	0.71151	-0.46861	0.99114	0.70550	-0.46526	0.85729	0.37212	-0.45433	0.65433	0.17478	-0.36298	0.86509	0.35171	-0.28938	0.89189	0.32582	-0.32316	0.82429	0.30861	-0.28552	0.86808	0.28306	-0.32870	0.71723	0.05107	-0.32557	0.71305	0.04525	-0.27653	0.59591	0.18729	-0.32281	0.68442	0.11885	-0.38487	0.72104	0.12659	-0.35240	0.69426	0.05946	-0.38205	0.72339	0.05343	-0.36042	1.24981	0.63654	-0.09168	1.29387	0.52534	-0.16082	1.24115	0.79919	-0.10304	1.20011	0.78007	-0.08169	1.26081	0.74461	-0.11609	1.21353	0.70537	-0.09075	1.32495	0.37346	-0.11072	1.35135	0.08647	-0.19677	1.33512	0.35049	-0.27522	1.37469	0.35141	-0.24577	1.33928	0.29023	-0.27960	1.39209	0.30441	-0.24054	1.49188	0.08992	-0.22305	1.49824	0.09559	-0.26075	1.30270	0.04744	-0.24380	1.40165	0.09070	-0.17421	1.41170	0.12395	-0.20958	1.46037	0.07771	-0.16971	1.48014	0.09937	-0.19288	1.09375	0.94599	-0.19207	1.09454	0.93489	-0.37117	1.28797	0.52521	-0.21298	0.96889	0.50397	-0.36278	1.34587	0.08719	-0.23133	0.65333	0.17944	-0.32831	0.98015	1.02268	-0.28039	1.15003	1.02370	-0.29051	
257	2.56000	1.17081	1.69097	-0.29991	1.20549	1.67649	-0.18471	1.03548	1.59159	-0.27397	1.08649	1.58975	-0.14472	1.02861	1.48000	-0.25653	1.16373	1.39936	-0.26135	1.18267	1.23176	-0.27757	0.97661	1.36478	-0.15896	0.98685	1.19965	-0.28539	1.21912	1.32972	-0.24900	1.22099	1.33649	-0.29776	1.23118	1.27136	-0.25586	1.24176	1.29530	-0.31899	1.06803	1.44813	-0.45304	1.02532	1.09050	-0.52054	1.19029	0.88035	-0.56389	1.12771	0.87155	-0.59770	1.17798	0.82569	-0.61537	1.06511	1.39860	-0.06266	0.90662	1.08985	-0.08483	0.91756	0.81723	-0.11082	0.85342	0.83022	-0.07816	0.87578	0.75173	-0.07796	1.16390	1.01326	-0.41622	0.99583	1.02136	-0.32880	1.16652	1.03695	-0.16241	0.99455	1.02496	-0.23150	0.96661	1.02835	-0.25263	0.96727	1.02505	-0.30191	0.97052	0.96803	-0.24924	0.95913	0.95209	-0.28399	0.99124	0.61214	-0.46830	0.97980	0.50431	-0.41343	1.08477	0.76886	-0.47394	1.03745	0.77648	-0.47106	1.07775	0.71024	-0.46719	1.01146	0.70288	-0.46344	0.87798	0.37345	-0.45559	0.66998	0.18111	-0.36548	0.88704	0.35014	-0.29102	0.91256	0.32398	-0.32554	0.84462	0.30834	-0.28741	0.88724	0.28212	-0.33149	0.72136	0.05245	-0.32582	0.71689	0.04804	-0.27681	0.61231	0.19815	-0.32480	0.69557	0.12141	-0.38708	0.73332	0.12651	-0.35504	0.69929	0.06150	-0.38268	0.72770	0.05304	-0.36074	1.26188	0.63968	-0.09299	1.31002	0.52783	-0.16335	1.25920	0.80352	-0.10551	1.21962	0.78447	-0.08189	1.27880	0.74889	-0.11853	1.23473	0.71016	-0.08959	1.34302	0.37551	-0.11429	1.35395	0.08642	-0.19694	1.34220	0.35008	-0.27659	1.38278	0.35018	-0.24855	1.34452	0.28967	-0.28058	1.39919	0.30276	-0.24365	1.49447	0.08653	-0.22474	1.50045	0.09170	-0.26241	1.30406	0.04867	-0.24354	1.40405	0.08964	-0.17529	1.41462	0.12240	-0.21091	1.46243	0.07530	-0.17101	1.48257	0.09630	-0.19441	1.10947	0.94842	-0.18977	1.11014	0.93490	-0.36870	1.30589	0.52913	-0.21567	0.99497	0.50091	-0.36328	1.34653	0.08693	-0.23114	0.66944	0.18525	-0.33073	0.99519	1.02316	-0.28015	1.16521	1.02510	-0.28932	
258	2.57000	1.18419	1.69233	-0.29781	1.21859	1.67781	-0.18251	1.04916	1.59241	-0.27234	1.09994	1.59058	-0.14291	1.04304	1.48081	-0.25555	1.17778	1.40040	-0.25993	1.19716	1.23289	-0.27627	0.98999	1.36534	-0.15837	1.00128	1.20069	-0.28534	1.23319	1.33113	-0.24765	1.23529	1.33797	-0.29637	1.24551	1.27284	-0.25447	1.25640	1.29690	-0.31753	1.08360	1.44933	-0.45196	1.03686	1.09240	-0.51873	1.19815	0.87925	-0.56095	1.13545	0.87119	-0.59469	1.18513	0.82484	-0.61244	1.07889	1.39888	-0.06155	0.92286	1.08834	-0.08330	0.93892	0.81573	-0.10683	0.87384	0.82758	-0.07509	0.89785	0.74977	-0.07394	1.17834	1.01348	-0.41447	1.01054	1.02163	-0.32843	1.18120	1.04026	-0.16161	1.00915	1.02638	-0.23121	0.98121	1.02955	-0.25233	0.98257	1.02534	-0.30160	0.98528	0.96922	-0.24827	0.97388	0.95277	-0.28283	1.01499	0.60872	-0.46753	1.00634	0.50109	-0.41440	1.10414	0.76770	-0.47220	1.05549	0.77402	-0.46932	1.09847	0.70891	-0.46585	1.03247	0.70006	-0.46162	0.90052	0.37492	-0.45748	0.68645	0.18849	-0.36770	0.91008	0.34847	-0.29299	0.93456	0.32222	-0.32829	0.86639	0.30811	-0.28972	0.90793	0.28142	-0.33494	0.72678	0.05552	-0.32629	0.72236	0.05271	-0.27727	0.63022	0.21065	-0.32714	0.70730	0.12639	-0.38863	0.74545	0.12857	-0.35676	0.70527	0.06618	-0.38315	0.73306	0.05566	-0.36113	1.27950	0.64488	-0.09286	1.32431	0.52916	-0.16504	1.27634	0.80734	-0.10775	1.23820	0.78775	-0.08222	1.29624	0.75297	-0.12138	1.25370	0.71355	-0.09042	1.35656	0.37557	-0.11689	1.35674	0.08591	-0.19710	1.34868	0.34967	-0.27753	1.39017	0.34904	-0.25085	1.34973	0.28926	-0.28133	1.40584	0.30140	-0.24631	1.49660	0.08260	-0.22568	1.50255	0.08760	-0.26357	1.30533	0.04918	-0.24313	1.40669	0.08808	-0.17573	1.41808	0.12071	-0.21148	1.46481	0.07237	-0.17185	1.48526	0.09279	-0.19537	1.12459	0.95114	-0.18746	1.12506	0.93540	-0.36621	1.31746	0.52968	-0.21709	1.02155	0.49771	-0.36427	1.34749	0.08634	-0.23085	0.68613	0.19240	-0.33292	1.00984	1.02401	-0.27982	1.17977	1.02687	-0.28804	
259	2.58000	1.19747	1.69370	-0.29587	1.23166	1.67903	-0.18052	1.06294	1.59304	-0.27106	1.11322	1.59109	-0.14148	1.05731	1.48145	-0.25481	1.19183	1.40142	-0.25879	1.21139	1.23403	-0.27531	1.00439	1.36585	-0.15797	1.01586	1.20177	-0.28511	1.24720	1.33250	-0.24654	1.24950	1.33933	-0.29517	1.25959	1.27418	-0.25327	1.27075	1.29832	-0.31627	1.09881	1.45080	-0.45082	1.04839	1.09464	-0.51682	1.20573	0.87833	-0.55785	1.14289	0.87104	-0.59139	1.19182	0.82407	-0.60924	1.09278	1.39953	-0.06085	0.93925	1.08717	-0.08159	0.96073	0.81460	-0.10251	0.89496	0.82541	-0.07177	0.92075	0.74815	-0.06953	1.19217	1.01411	-0.41260	1.02477	1.02218	-0.32785	1.19576	1.04352	-0.16066	1.02353	1.02783	-0.23068	0.99565	1.03077	-0.25186	0.99663	1.02612	-0.30120	1.00002	0.97038	-0.24713	0.98803	0.95375	-0.28152	1.04076	0.60541	-0.46773	1.03345	0.49768	-0.41544	1.12374	0.76655	-0.47067	1.07483	0.77155	-0.46747	1.11984	0.70751	-0.46484	1.05397	0.69704	-0.46015	0.92481	0.37554	-0.45922	0.70427	0.19694	-0.37012	0.93376	0.34728	-0.29496	0.95750	0.32066	-0.33101	0.88859	0.30855	-0.29185	0.92938	0.28150	-0.33818	0.73396	0.06030	-0.32716	0.73000	0.05934	-0.27829	0.64965	0.22398	-0.33006	0.71958	0.13312	-0.39020	0.75790	0.13264	-0.35870	0.71336	0.07361	-0.38442	0.73985	0.06076	-0.36220	1.30519	0.65072	-0.09390	1.33688	0.52961	-0.16553	1.29241	0.81038	-0.10905	1.25559	0.79036	-0.08210	1.31250	0.75632	-0.12340	1.27149	0.71625	-0.09087	1.36641	0.37534	-0.11710	1.35838	0.08505	-0.19769	1.35514	0.34936	-0.27803	1.39748	0.34808	-0.25252	1.35501	0.28898	-0.28176	1.41215	0.30001	-0.24815	1.49881	0.07857	-0.22646	1.50474	0.08346	-0.26435	1.30670	0.04993	-0.24289	1.40907	0.08655	-0.17615	1.42127	0.11897	-0.21204	1.46684	0.06944	-0.17242	1.48768	0.08926	-0.19614	1.13951	0.95387	-0.18506	1.13945	0.93624	-0.36363	1.32205	0.52689	-0.21582	1.04737	0.49463	-0.36491	1.34695	0.08553	-0.23077	0.70363	0.20118	-0.33539	1.02415	1.02501	-0.27927	1.19396	1.02881	-0.28663	
260	2.59000	1.21078	1.69509	-0.29411	1.24457	1.68022	-0.17862	1.07683	1.59358	-0.27011	1.12649	1.59150	-0.14032	1.07154	1.48221	-0.25404	1.20574	1.40232	-0.25787	1.22531	1.23498	-0.27469	1.01756	1.36685	-0.15800	1.02974	1.20300	-0.28485	1.26104	1.33361	-0.24550	1.26345	1.34047	-0.29421	1.27343	1.27530	-0.25230	1.28482	1.29949	-0.31522	1.11367	1.45246	-0.44985	1.05994	1.09712	-0.51493	1.21313	0.87752	-0.55460	1.15005	0.87109	-0.58805	1.19829	0.82332	-0.60583	1.10281	1.40050	-0.06104	0.95587	1.08619	-0.07978	0.98324	0.81392	-0.09780	0.91674	0.82351	-0.06831	0.94435	0.74690	-0.06477	1.20557	1.01512	-0.41096	1.03868	1.02294	-0.32672	1.21010	1.04592	-0.15967	1.03771	1.02938	-0.22972	1.01011	1.03202	-0.25089	1.01079	1.02693	-0.30013	1.01397	0.97179	-0.24565	1.00204	0.95482	-0.27981	1.06770	0.60176	-0.46827	1.06090	0.49437	-0.41625	1.14343	0.76543	-0.46926	1.09431	0.76881	-0.46579	1.14124	0.70624	-0.46361	1.07572	0.69369	-0.45880	0.95015	0.37550	-0.46053	0.72328	0.20564	-0.37250	0.95805	0.34701	-0.29673	0.98189	0.32021	-0.33431	0.91201	0.30982	-0.29374	0.95037	0.28155	-0.33996	0.74263	0.06634	-0.32856	0.73936	0.06669	-0.27981	0.67067	0.23721	-0.33270	0.73295	0.14120	-0.39210	0.77164	0.13776	-0.36111	0.72243	0.08233	-0.38647	0.74808	0.06749	-0.36448	1.33187	0.65416	-0.09754	1.34811	0.52921	-0.16523	1.30668	0.81238	-0.10971	1.27089	0.79237	-0.08148	1.32677	0.75830	-0.12404	1.28714	0.71823	-0.08986	1.37480	0.37450	-0.11632	1.36055	0.08458	-0.19768	1.36205	0.34882	-0.27812	1.40470	0.34676	-0.25310	1.36071	0.28849	-0.28179	1.41850	0.29840	-0.24889	1.50032	0.07441	-0.22687	1.50671	0.07943	-0.26491	1.30798	0.05073	-0.24273	1.41125	0.08506	-0.17640	1.42409	0.11709	-0.21252	1.46854	0.06659	-0.17283	1.48982	0.08579	-0.19670	1.15402	0.95601	-0.18309	1.15327	0.93735	-0.36156	1.32478	0.52311	-0.21186	1.07264	0.49183	-0.36514	1.34703	0.08523	-0.22995	0.72201	0.21058	-0.33788	1.03820	1.02616	-0.27822	1.20784	1.03052	-0.28532	
261	2.60000	1.22400	1.69655	-0.29258	1.25750	1.68152	-0.17701	1.09072	1.59413	-0.26945	1.13974	1.59198	-0.13939	1.08571	1.48327	-0.25343	1.21966	1.40329	-0.25722	1.23890	1.23584	-0.27427	1.03181	1.36764	-0.15785	1.04368	1.20433	-0.28436	1.27479	1.33455	-0.24482	1.27721	1.34141	-0.29346	1.28703	1.27620	-0.25155	1.29844	1.30037	-0.31454	1.12815	1.45414	-0.44906	1.07141	1.09962	-0.51317	1.22109	0.87669	-0.55135	1.15725	0.87111	-0.58458	1.20470	0.82245	-0.60223	1.11628	1.40170	-0.06065	0.97250	1.08550	-0.07797	1.00653	0.81363	-0.09269	0.93908	0.82167	-0.06525	0.96848	0.74608	-0.05949	1.21861	1.01625	-0.40962	1.05227	1.02389	-0.32508	1.22432	1.04761	-0.15860	1.05175	1.03109	-0.22823	1.02414	1.03348	-0.24936	1.02455	1.02808	-0.29841	1.02803	0.97341	-0.24361	1.01603	0.95612	-0.27756	1.09568	0.59802	-0.46903	1.08895	0.49176	-0.41663	1.16294	0.76449	-0.46805	1.11372	0.76614	-0.46441	1.16300	0.70507	-0.46268	1.09936	0.69024	-0.45710	0.97542	0.37582	-0.46175	0.74374	0.21437	-0.37504	0.98254	0.34736	-0.29799	0.99730	0.31798	-0.33393	0.93497	0.31157	-0.29527	0.97264	0.28266	-0.34169	0.75166	0.07300	-0.33087	0.75023	0.07455	-0.28215	0.69391	0.25027	-0.33465	0.74787	0.14995	-0.39420	0.78692	0.14354	-0.36376	0.73275	0.09198	-0.38875	0.75755	0.07486	-0.36750	1.35007	0.65472	-0.09981	1.35844	0.52839	-0.16468	1.31988	0.81260	-0.10881	1.28422	0.79283	-0.08010	1.33956	0.75833	-0.12307	1.30017	0.71861	-0.08845	1.38300	0.37303	-0.11604	1.36266	0.08421	-0.19752	1.36909	0.34808	-0.27795	1.41179	0.34510	-0.25311	1.36649	0.28777	-0.28164	1.42457	0.29646	-0.24894	1.50195	0.07040	-0.22726	1.50830	0.07508	-0.26525	1.30916	0.05140	-0.24255	1.41326	0.08357	-0.17655	1.42650	0.11468	-0.21302	1.47014	0.06370	-0.17307	1.49176	0.08224	-0.19708	1.16815	0.95764	-0.18146	1.16656	0.93858	-0.35989	1.33127	0.52104	-0.20899	1.09786	0.48982	-0.36493	1.34796	0.08512	-0.22927	0.74192	0.21990	-0.34052	1.05201	1.02749	-0.27666	1.22146	1.03193	-0.28411	
262	2.61000	1.23720	1.69811	-0.29129	1.27039	1.68287	-0.17566	1.10448	1.59495	-0.26896	1.15284	1.59268	-0.13869	1.09969	1.48447	-0.25291	1.23332	1.40428	-0.25671	1.25218	1.23665	-0.27377	1.04457	1.36886	-0.15787	1.05714	1.20571	-0.28344	1.28833	1.33534	-0.24434	1.29072	1.34221	-0.29302	1.30048	1.27702	-0.25111	1.31176	1.30107	-0.31408	1.14211	1.45563	-0.44842	1.08270	1.10183	-0.51134	1.22847	0.87590	-0.54814	1.16444	0.87112	-0.58116	1.21101	0.82139	-0.59846	1.12993	1.40292	-0.06029	0.98914	1.08500	-0.07623	1.03012	0.81375	-0.08745	0.96200	0.82039	-0.06108	0.99379	0.74572	-0.05382	1.23135	1.01747	-0.40861	1.06558	1.02513	-0.32315	1.23826	1.04865	-0.15753	1.06559	1.03291	-0.22634	1.03777	1.03529	-0.24730	1.03751	1.02978	-0.29655	1.04151	0.97524	-0.24127	1.02945	0.95776	-0.27510	1.12425	0.59494	-0.46980	1.11656	0.48994	-0.41723	1.18226	0.76398	-0.46704	1.13302	0.76389	-0.46318	1.18449	0.70453	-0.46195	1.12152	0.68739	-0.45650	1.00282	0.37674	-0.46285	0.76516	0.22238	-0.37706	1.00751	0.34840	-0.29929	1.02135	0.31847	-0.33519	0.95892	0.31400	-0.29663	0.99588	0.28426	-0.34331	0.76596	0.08103	-0.33239	0.76422	0.08235	-0.28518	0.71884	0.26241	-0.33643	0.76416	0.15885	-0.39644	0.80279	0.14929	-0.36669	0.74519	0.10206	-0.39126	0.76944	0.08303	-0.37092	1.34651	0.65086	-0.09429	1.36796	0.52743	-0.16392	1.33226	0.81138	-0.10668	1.29584	0.79239	-0.07841	1.35086	0.75677	-0.12093	1.31017	0.71789	-0.08682	1.39074	0.37170	-0.11617	1.36445	0.08364	-0.19734	1.37593	0.34722	-0.27771	1.41848	0.34340	-0.25265	1.37214	0.28691	-0.28133	1.43035	0.29445	-0.24853	1.50330	0.06638	-0.22725	1.50988	0.07088	-0.26520	1.30999	0.05167	-0.24186	1.41507	0.08197	-0.17653	1.42902	0.11266	-0.21314	1.47142	0.06075	-0.17304	1.49360	0.07896	-0.19724	1.18178	0.95882	-0.18024	1.17935	0.93988	-0.35866	1.34868	0.52366	-0.21261	1.12187	0.48853	-0.36501	1.35139	0.08483	-0.22980	0.76259	0.22888	-0.34276	1.06558	1.02902	-0.27475	1.23480	1.03306	-0.28307	
263	2.62000	1.25035	1.69974	-0.29028	1.28328	1.68430	-0.17458	1.11814	1.59599	-0.26861	1.16602	1.59361	-0.13816	1.11357	1.48580	-0.25252	1.24684	1.40532	-0.25644	1.26536	1.23751	-0.27328	1.05853	1.37016	-0.15717	1.07064	1.20703	-0.28209	1.30178	1.33615	-0.24418	1.30404	1.34293	-0.29287	1.31365	1.27773	-0.25084	1.32491	1.30171	-0.31393	1.15561	1.45692	-0.44793	1.09390	1.10372	-0.50964	1.23598	0.87505	-0.54514	1.17169	0.87104	-0.57777	1.21748	0.82020	-0.59461	1.14378	1.40433	-0.05985	1.00584	1.08459	-0.07411	1.05430	0.81431	-0.08208	0.98557	0.81936	-0.05670	1.01920	0.74579	-0.04824	1.24388	1.01870	-0.40775	1.07871	1.02647	-0.32089	1.25196	1.04939	-0.15653	1.07889	1.03482	-0.22412	1.05084	1.03713	-0.24500	1.05129	1.03117	-0.29408	1.05491	0.97702	-0.23876	1.04277	0.95938	-0.27252	1.15432	0.59312	-0.47016	1.14415	0.48898	-0.41786	1.20110	0.76400	-0.46625	1.15183	0.76220	-0.46191	1.20538	0.70462	-0.46140	1.14284	0.68520	-0.45542	1.02983	0.37794	-0.46416	0.78777	0.23059	-0.37893	1.03257	0.34961	-0.30028	1.04638	0.31956	-0.33660	0.98369	0.31645	-0.29819	1.02047	0.28617	-0.34528	0.77895	0.08740	-0.33537	0.78051	0.08891	-0.28922	0.74445	0.27310	-0.33764	0.78244	0.16813	-0.39844	0.82024	0.15562	-0.36996	0.76083	0.11247	-0.39398	0.78398	0.09179	-0.37415	1.35322	0.64815	-0.09163	1.37669	0.52629	-0.16283	1.34310	0.80975	-0.10395	1.30553	0.79159	-0.07652	1.36074	0.75474	-0.11786	1.31851	0.71680	-0.08474	1.39698	0.37026	-0.11578	1.36591	0.08303	-0.19724	1.38250	0.34629	-0.27697	1.42478	0.34171	-0.25169	1.37771	0.28606	-0.28078	1.43581	0.29256	-0.24756	1.50457	0.06260	-0.22690	1.51130	0.06695	-0.26484	1.31020	0.05147	-0.24036	1.41668	0.08041	-0.17621	1.43122	0.11049	-0.21291	1.47256	0.05791	-0.17272	1.49522	0.07560	-0.19702	1.19508	0.95979	-0.17922	1.19183	0.94120	-0.35767	1.35971	0.52365	-0.21243	1.14470	0.48803	-0.36537	1.35337	0.08451	-0.22988	0.78451	0.23808	-0.34490	1.07880	1.03064	-0.27250	1.24792	1.03404	-0.28214	
264	2.63000	1.26347	1.70137	-0.28963	1.29621	1.68581	-0.17386	1.13164	1.59724	-0.26840	1.17906	1.59474	-0.13784	1.12718	1.48719	-0.25209	1.26015	1.40638	-0.25630	1.27846	1.23851	-0.27274	1.07244	1.37180	-0.15620	1.08365	1.20841	-0.28038	1.31506	1.33703	-0.24427	1.31716	1.34373	-0.29294	1.32678	1.27858	-0.25086	1.33784	1.30240	-0.31405	1.16872	1.45800	-0.44756	1.10482	1.10509	-0.50794	1.24341	0.87413	-0.54199	1.17909	0.87093	-0.57444	1.22399	0.81883	-0.59058	1.15790	1.40580	-0.05931	1.02260	1.08440	-0.07186	1.07895	0.81536	-0.07665	1.00940	0.81862	-0.05233	1.04550	0.74632	-0.04234	1.25634	1.01997	-0.40698	1.09145	1.02795	-0.31864	1.26536	1.04986	-0.15549	1.09187	1.03660	-0.22178	1.06392	1.03888	-0.24281	1.06409	1.03282	-0.29181	1.06786	0.97880	-0.23640	1.05558	0.96107	-0.27006	1.18014	0.59269	-0.47052	1.17182	0.48873	-0.41869	1.21972	0.76486	-0.46591	1.17038	0.76129	-0.46079	1.22567	0.70540	-0.46113	1.16383	0.68401	-0.45446	1.05718	0.37915	-0.46568	0.81180	0.23869	-0.38062	1.05881	0.35095	-0.30141	1.07635	0.32244	-0.33893	1.00941	0.31879	-0.29952	1.04531	0.28812	-0.34734	0.79624	0.09439	-0.33812	0.79780	0.09539	-0.29253	0.77033	0.28251	-0.33815	0.80392	0.17728	-0.40026	0.84108	0.16258	-0.37176	0.77989	0.12228	-0.39656	0.80223	0.10041	-0.37706	1.35233	0.64363	-0.08950	1.38458	0.52503	-0.16124	1.35276	0.80805	-0.10053	1.31397	0.79043	-0.07455	1.36987	0.75285	-0.11439	1.32690	0.71580	-0.08284	1.40135	0.36869	-0.11438	1.36701	0.08261	-0.19718	1.38903	0.34542	-0.27626	1.43098	0.33996	-0.25015	1.38381	0.28542	-0.28021	1.44100	0.29081	-0.24615	1.50583	0.06009	-0.22692	1.51273	0.06402	-0.26512	1.31134	0.05204	-0.24053	1.41772	0.08066	-0.17631	1.43295	0.10966	-0.21380	1.47323	0.05723	-0.17234	1.49611	0.07375	-0.19708	1.20803	0.96055	-0.17838	1.20413	0.94254	-0.35688	1.37393	0.52502	-0.21265	1.17102	0.48771	-0.36621	1.35635	0.08438	-0.23047	0.80821	0.24683	-0.34677	1.09166	1.03228	-0.27021	1.26085	1.03491	-0.28124	
265	2.64000	1.27656	1.70298	-0.28929	1.30918	1.68736	-0.17349	1.14502	1.59856	-0.26835	1.19214	1.59603	-0.13768	1.14070	1.48866	-0.25189	1.27325	1.40755	-0.25629	1.29144	1.23956	-0.27225	1.08571	1.37349	-0.15499	1.09684	1.20975	-0.27866	1.32821	1.33806	-0.24448	1.33060	1.34465	-0.29331	1.33982	1.27959	-0.25104	1.35030	1.30335	-0.31433	1.18139	1.45889	-0.44730	1.11556	1.10616	-0.50627	1.25086	0.87321	-0.53875	1.18648	0.87069	-0.57123	1.23073	0.81742	-0.58648	1.17214	1.40740	-0.05873	1.03937	1.08432	-0.06951	1.10363	0.81672	-0.07138	1.03379	0.81816	-0.04780	1.07229	0.74735	-0.03625	1.26878	1.02125	-0.40608	1.10421	1.02936	-0.31665	1.27848	1.05019	-0.15432	1.10489	1.03814	-0.21973	1.07682	1.04038	-0.24078	1.07661	1.03435	-0.28970	1.08088	0.98026	-0.23429	1.06839	0.96261	-0.26797	1.20342	0.59344	-0.47055	1.19927	0.48933	-0.41937	1.23760	0.76617	-0.46548	1.18847	0.76097	-0.45950	1.24513	0.70691	-0.46107	1.18420	0.68368	-0.45346	1.08473	0.38049	-0.46731	0.83692	0.24619	-0.38188	1.08583	0.35239	-0.30243	1.10068	0.32361	-0.34017	1.03554	0.32132	-0.30085	1.07035	0.29030	-0.34898	0.81668	0.10214	-0.34121	0.81689	0.10197	-0.29562	0.79697	0.29066	-0.33811	0.82714	0.18535	-0.40171	0.86398	0.16911	-0.37321	0.80133	0.13139	-0.39919	0.82286	0.10850	-0.38000	1.35485	0.64136	-0.08763	1.39162	0.52386	-0.15948	1.36158	0.80660	-0.09695	1.32172	0.78943	-0.07248	1.37696	0.75100	-0.11089	1.33182	0.71417	-0.08138	1.40420	0.36721	-0.11275	1.36757	0.08241	-0.19724	1.39544	0.34487	-0.27551	1.43673	0.33845	-0.24868	1.38905	0.28491	-0.27968	1.44586	0.28916	-0.24473	1.50633	0.05879	-0.22750	1.51317	0.06232	-0.26562	1.31222	0.05274	-0.24105	1.41809	0.08094	-0.17678	1.43357	0.10934	-0.21462	1.47332	0.05703	-0.17242	1.49641	0.07307	-0.19735	1.22076	0.96118	-0.17750	1.21640	0.94384	-0.35606	1.38484	0.52537	-0.21152	1.19905	0.48809	-0.36689	1.35848	0.08444	-0.23098	0.83318	0.25476	-0.34815	1.10455	1.03375	-0.26819	1.27363	1.03572	-0.28020	
266	2.65000	1.28957	1.70459	-0.28925	1.32214	1.68904	-0.17343	1.15826	1.59999	-0.26842	1.20516	1.59755	-0.13769	1.15396	1.49016	-0.25141	1.28621	1.40879	-0.25646	1.30427	1.24073	-0.27179	1.09925	1.37521	-0.15347	1.10998	1.21118	-0.27682	1.34119	1.33929	-0.24493	1.34334	1.34577	-0.29372	1.35280	1.28081	-0.25142	1.36293	1.30444	-0.31478	1.19382	1.45965	-0.44714	1.12609	1.10705	-0.50455	1.25822	0.87235	-0.53539	1.19384	0.87031	-0.56785	1.23743	0.81609	-0.58236	1.18639	1.40915	-0.05815	1.05636	1.08422	-0.06667	1.12938	0.81871	-0.06591	1.05852	0.81795	-0.04317	1.09956	0.74889	-0.03007	1.28132	1.02266	-0.40495	1.11678	1.03064	-0.31487	1.29124	1.05072	-0.15292	1.11761	1.03935	-0.21807	1.08877	1.04177	-0.23904	1.08881	1.03584	-0.28816	1.09319	0.98161	-0.23278	1.08067	0.96405	-0.26639	1.22397	0.59477	-0.47008	1.22632	0.49072	-0.42011	1.25517	0.76785	-0.46507	1.20634	0.76134	-0.45833	1.26425	0.70893	-0.46116	1.20408	0.68425	-0.45274	1.11223	0.38246	-0.46889	0.86260	0.25303	-0.38271	1.11320	0.35425	-0.30385	1.12729	0.32578	-0.34170	1.06344	0.32366	-0.30296	1.09569	0.29274	-0.35068	0.83998	0.10939	-0.34538	0.83965	0.10805	-0.29959	0.82371	0.29808	-0.33761	0.85206	0.19361	-0.40338	0.88839	0.17577	-0.37484	0.82495	0.14022	-0.40275	0.84588	0.11627	-0.38397	1.36120	0.64116	-0.08609	1.39805	0.52315	-0.15800	1.37022	0.80563	-0.09371	1.32934	0.78869	-0.07064	1.38667	0.75019	-0.10747	1.33836	0.71341	-0.08000	1.40672	0.36600	-0.11140	1.36799	0.08238	-0.19748	1.40097	0.34439	-0.27485	1.44175	0.33715	-0.24752	1.39350	0.28455	-0.27922	1.45000	0.28769	-0.24359	1.50674	0.05757	-0.22790	1.51348	0.06067	-0.26604	1.31267	0.05318	-0.24134	1.41858	0.08113	-0.17704	1.43425	0.10885	-0.21527	1.47357	0.05678	-0.17245	1.49674	0.07224	-0.19757	1.23336	0.96187	-0.17646	1.22885	0.94517	-0.35507	1.39229	0.52508	-0.21015	1.22870	0.48927	-0.36768	1.35979	0.08462	-0.23143	0.85892	0.26177	-0.34902	1.11719	1.03499	-0.26647	1.28628	1.03669	-0.27893	
267	2.66000	1.30250	1.70617	-0.28951	1.33510	1.69080	-0.17367	1.17136	1.60144	-0.26854	1.21820	1.59927	-0.13780	1.16714	1.49174	-0.25120	1.29898	1.41013	-0.25664	1.31694	1.24197	-0.27138	1.11465	1.37642	-0.15143	1.12249	1.21284	-0.27531	1.35401	1.34069	-0.24544	1.35595	1.34707	-0.29429	1.36563	1.28221	-0.25184	1.37540	1.30570	-0.31531	1.20608	1.46042	-0.44706	1.13641	1.10789	-0.50278	1.26561	0.87152	-0.53202	1.20128	0.87012	-0.56460	1.24412	0.81482	-0.57818	1.20053	1.41097	-0.05754	1.07350	1.08423	-0.06366	1.15402	0.82062	-0.06123	1.08364	0.81803	-0.03837	1.12719	0.75092	-0.02385	1.29387	1.02429	-0.40344	1.12906	1.03207	-0.31361	1.30367	1.05152	-0.15115	1.13006	1.04032	-0.21677	1.10168	1.04275	-0.23774	1.10180	1.03690	-0.28676	1.10552	0.98266	-0.23160	1.09302	0.96524	-0.26530	1.24306	0.59644	-0.46908	1.25283	0.49287	-0.42064	1.27242	0.77004	-0.46479	1.22391	0.76239	-0.45735	1.28312	0.71126	-0.46115	1.22340	0.68534	-0.45200	1.13967	0.38485	-0.46996	0.88822	0.25965	-0.38318	1.14008	0.35641	-0.30486	1.15415	0.32836	-0.34307	1.08943	0.32614	-0.30356	1.11896	0.29510	-0.35236	0.86652	0.11530	-0.35018	0.86593	0.11251	-0.30438	0.84942	0.30379	-0.33640	0.87835	0.20168	-0.40511	0.91444	0.18318	-0.37731	0.85146	0.14821	-0.40656	0.87227	0.12376	-0.38856	1.36941	0.64120	-0.08512	1.40444	0.52260	-0.15676	1.37904	0.80496	-0.09113	1.33738	0.78826	-0.06922	1.39513	0.74945	-0.10498	1.34618	0.71299	-0.07899	1.40955	0.36518	-0.11069	1.36825	0.08225	-0.19760	1.40562	0.34390	-0.27426	1.44616	0.33595	-0.24668	1.39731	0.28424	-0.27885	1.45350	0.28627	-0.24284	1.50738	0.05641	-0.22791	1.51393	0.05918	-0.26605	1.31302	0.05351	-0.24158	1.41869	0.08100	-0.17709	1.43482	0.10837	-0.21549	1.47358	0.05640	-0.17208	1.49692	0.07140	-0.19726	1.24577	0.96276	-0.17511	1.24135	0.94666	-0.35377	1.39848	0.52454	-0.20889	1.25875	0.49141	-0.36850	1.36049	0.08468	-0.23164	0.88460	0.26859	-0.34953	1.12956	1.03619	-0.26519	1.29877	1.03790	-0.27729	
268	2.67000	1.31537	1.70776	-0.29005	1.34801	1.69267	-0.17414	1.18433	1.60300	-0.26875	1.23118	1.60114	-0.13808	1.18008	1.49340	-0.25082	1.31148	1.41151	-0.25689	1.32945	1.24332	-0.27100	1.12792	1.37812	-0.14968	1.13518	1.21443	-0.27378	1.36658	1.34216	-0.24586	1.36826	1.34839	-0.29480	1.37826	1.28365	-0.25224	1.38767	1.30700	-0.31581	1.21820	1.46128	-0.44708	1.14652	1.10871	-0.50085	1.27293	0.87079	-0.52855	1.20861	0.86982	-0.56108	1.25079	0.81374	-0.57399	1.21470	1.41293	-0.05695	1.09088	1.08417	-0.06026	1.17939	0.82303	-0.05637	1.10898	0.81837	-0.03353	1.15532	0.75331	-0.01741	1.30644	1.02615	-0.40168	1.14121	1.03338	-0.31271	1.31581	1.05257	-0.14917	1.14212	1.04131	-0.21588	1.11374	1.04377	-0.23684	1.11387	1.03813	-0.28600	1.11759	0.98366	-0.23091	1.10560	0.96619	-0.26467	1.26216	0.59842	-0.46803	1.27906	0.49583	-0.42122	1.28950	0.77255	-0.46450	1.24128	0.76386	-0.45651	1.30151	0.71393	-0.46101	1.24257	0.68679	-0.45136	1.16652	0.38774	-0.47056	0.91404	0.26593	-0.38316	1.16721	0.35931	-0.30551	1.18074	0.33133	-0.34437	1.11628	0.32908	-0.30433	1.14556	0.29851	-0.35383	0.89536	0.11998	-0.35527	0.89440	0.11503	-0.30927	0.87457	0.30776	-0.33496	0.90571	0.20885	-0.40705	0.94223	0.19014	-0.37965	0.87992	0.15489	-0.41038	0.90139	0.13039	-0.39339	1.37857	0.64137	-0.08399	1.41070	0.52197	-0.15561	1.38816	0.80458	-0.08912	1.34612	0.78828	-0.06806	1.40388	0.74898	-0.10307	1.35406	0.71290	-0.07802	1.41274	0.36431	-0.11037	1.36829	0.08202	-0.19777	1.40972	0.34341	-0.27367	1.45007	0.33488	-0.24605	1.40071	0.28400	-0.27854	1.45669	0.28505	-0.24214	1.50766	0.05560	-0.22786	1.51413	0.05827	-0.26611	1.31314	0.05363	-0.24173	1.41882	0.08100	-0.17706	1.43515	0.10802	-0.21566	1.47349	0.05608	-0.17178	1.49705	0.07090	-0.19710	1.25805	0.96382	-0.17357	1.25392	0.94830	-0.35230	1.40389	0.52374	-0.20764	1.28842	0.49457	-0.36958	1.36063	0.08465	-0.23182	0.91051	0.27508	-0.34957	1.14167	1.03734	-0.26430	1.31113	1.03936	-0.27543	
269	2.68000	1.32818	1.70937	-0.29081	1.36091	1.69462	-0.17486	1.19717	1.60464	-0.26903	1.24417	1.60318	-0.13842	1.19297	1.49519	-0.25059	1.32392	1.41307	-0.25718	1.34170	1.24471	-0.27059	1.14119	1.37985	-0.14814	1.14725	1.21634	-0.27270	1.37906	1.34368	-0.24642	1.38046	1.34980	-0.29536	1.39070	1.28518	-0.25269	1.39974	1.30835	-0.31641	1.23016	1.46217	-0.44718	1.15657	1.10957	-0.49879	1.28019	0.87017	-0.52498	1.21578	0.86956	-0.55740	1.25745	0.81287	-0.56980	1.22859	1.41506	-0.05636	1.10861	1.08406	-0.05649	1.20483	0.82565	-0.05163	1.13459	0.81898	-0.02865	1.18287	0.75600	-0.01153	1.31940	1.02832	-0.39980	1.15360	1.03471	-0.31214	1.32775	1.05380	-0.14709	1.15437	1.04223	-0.21538	1.12595	1.04472	-0.23638	1.12594	1.03931	-0.28540	1.12975	0.98461	-0.23056	1.11779	0.96728	-0.26444	1.28230	0.60063	-0.46740	1.30420	0.49907	-0.42136	1.30649	0.77540	-0.46426	1.25849	0.76568	-0.45582	1.31983	0.71703	-0.46104	1.26154	0.68863	-0.45085	1.19244	0.39174	-0.47110	0.94043	0.27121	-0.38311	1.19540	0.36273	-0.30718	1.20792	0.33464	-0.34553	1.14415	0.33244	-0.30566	1.17223	0.30197	-0.35498	0.92865	0.12497	-0.35977	0.92620	0.11735	-0.31524	0.89989	0.31017	-0.33351	0.93401	0.21487	-0.40888	0.97158	0.19643	-0.38178	0.90984	0.16022	-0.41421	0.93158	0.13568	-0.39776	1.38758	0.64148	-0.08342	1.41668	0.52118	-0.15460	1.39753	0.80431	-0.08750	1.35506	0.78841	-0.06683	1.41269	0.74857	-0.10151	1.36221	0.71304	-0.07709	1.41575	0.36356	-0.10959	1.36849	0.08194	-0.19783	1.41353	0.34290	-0.27304	1.45370	0.33384	-0.24534	1.40372	0.28363	-0.27812	1.45963	0.28390	-0.24155	1.50795	0.05477	-0.22809	1.51424	0.05725	-0.26644	1.31331	0.05387	-0.24166	1.41907	0.08105	-0.17713	1.43552	0.10767	-0.21590	1.47357	0.05584	-0.17165	1.49720	0.07028	-0.19708	1.27031	0.96499	-0.17208	1.26691	0.95015	-0.35088	1.40893	0.52279	-0.20650	1.31549	0.49811	-0.37010	1.36097	0.08474	-0.23190	0.93704	0.28029	-0.34948	1.15399	1.03847	-0.26376	1.32358	1.04106	-0.27345	
270	2.69000	1.34091	1.71098	-0.29174	1.37390	1.69669	-0.17574	1.20997	1.60634	-0.26941	1.25707	1.60534	-0.13889	1.20567	1.49700	-0.25031	1.33617	1.41464	-0.25736	1.35379	1.24624	-0.27025	1.15382	1.38187	-0.14682	1.15952	1.21817	-0.27148	1.39198	1.34521	-0.24702	1.39078	1.35112	-0.29603	1.40297	1.28672	-0.25302	1.41161	1.30965	-0.31688	1.24179	1.46258	-0.44674	1.16652	1.11062	-0.49674	1.28741	0.86968	-0.52130	1.22303	0.86953	-0.55376	1.26408	0.81224	-0.56564	1.24219	1.41732	-0.05588	1.12651	1.08399	-0.05252	1.23032	0.82851	-0.04704	1.16044	0.81981	-0.02357	1.21100	0.75912	-0.00554	1.33182	1.03068	-0.39786	1.16583	1.03615	-0.31179	1.33966	1.05521	-0.14507	1.16624	1.04331	-0.21501	1.13813	1.04579	-0.23596	1.13851	1.04055	-0.28507	1.14185	0.98564	-0.23052	1.12984	0.96852	-0.26447	1.30344	0.60316	-0.46714	1.32988	0.50296	-0.42198	1.32348	0.77863	-0.46415	1.27583	0.76796	-0.45542	1.33814	0.72053	-0.46113	1.28050	0.69083	-0.45057	1.21797	0.39716	-0.47160	0.96636	0.27560	-0.38304	1.22200	0.36560	-0.30755	1.23486	0.33790	-0.34683	1.17182	0.33537	-0.30662	1.19947	0.30534	-0.35625	0.96125	0.12783	-0.36474	0.95942	0.11855	-0.32057	0.92512	0.31100	-0.33226	0.96289	0.21971	-0.41029	1.00129	0.20188	-0.38391	0.94103	0.16435	-0.41764	0.96392	0.14023	-0.40212	1.39621	0.64133	-0.08271	1.42243	0.52043	-0.15369	1.40702	0.80413	-0.08643	1.36420	0.78864	-0.06601	1.42156	0.74819	-0.10043	1.37005	0.71317	-0.07646	1.41862	0.36292	-0.10867	1.36884	0.08184	-0.19790	1.41718	0.34241	-0.27240	1.45715	0.33280	-0.24463	1.40667	0.28329	-0.27765	1.46248	0.28286	-0.24091	1.50860	0.05396	-0.22837	1.51450	0.05617	-0.26682	1.31360	0.05407	-0.24154	1.41940	0.08100	-0.17711	1.43609	0.10738	-0.21606	1.47379	0.05547	-0.17154	1.49749	0.06963	-0.19704	1.28250	0.96634	-0.17049	1.27945	0.95218	-0.34935	1.41392	0.52199	-0.20547	1.34259	0.50228	-0.37104	1.36154	0.08478	-0.23201	0.96330	0.28429	-0.34928	1.16604	1.03973	-0.26340	1.33574	1.04294	-0.27146	
271	2.70000	1.35353	1.71255	-0.29285	1.38598	1.69875	-0.17659	1.22268	1.60804	-0.26986	1.26996	1.60760	-0.13943	1.21812	1.49878	-0.25004	1.34831	1.41629	-0.25756	1.36568	1.24784	-0.26991	1.16717	1.38375	-0.14542	1.17209	1.21988	-0.27027	1.40416	1.34680	-0.24735	1.40270	1.35252	-0.29642	1.41507	1.28826	-0.25325	1.42340	1.31098	-0.31719	1.25331	1.46345	-0.44658	1.17646	1.11172	-0.49456	1.29464	0.86932	-0.51749	1.23011	0.86941	-0.54973	1.27078	0.81184	-0.56147	1.25558	1.41968	-0.05542	1.14459	1.08394	-0.04844	1.25581	0.83161	-0.04253	1.18656	0.82095	-0.01835	1.23923	0.76253	0.00041	1.34415	1.03317	-0.39600	1.17771	1.03783	-0.31163	1.35163	1.05673	-0.14320	1.17820	1.04454	-0.21469	1.15037	1.04708	-0.23581	1.15058	1.04205	-0.28495	1.15394	0.98694	-0.23045	1.14206	0.96989	-0.26451	1.32541	0.60617	-0.46738	1.35523	0.50727	-0.42252	1.34066	0.78212	-0.46401	1.29315	0.77049	-0.45514	1.35646	0.72443	-0.46125	1.29951	0.69355	-0.45074	1.24326	0.40368	-0.47205	0.99435	0.27857	-0.38310	1.24951	0.36846	-0.30857	1.26236	0.34123	-0.34809	1.19995	0.33832	-0.30780	1.22962	0.30891	-0.35764	0.99550	0.12992	-0.36956	0.99406	0.11902	-0.32559	0.95056	0.31030	-0.33132	0.99276	0.22333	-0.41174	1.03176	0.20652	-0.38577	0.97368	0.16731	-0.42108	0.99771	0.14380	-0.40615	1.40384	0.64114	-0.08198	1.42791	0.51970	-0.15274	1.41661	0.80383	-0.08559	1.37367	0.78902	-0.06534	1.43019	0.74765	-0.09956	1.37844	0.71337	-0.07574	1.42218	0.36213	-0.10804	1.36903	0.08191	-0.19796	1.42066	0.34188	-0.27179	1.46044	0.33174	-0.24383	1.40937	0.28283	-0.27707	1.46518	0.28175	-0.24031	1.50910	0.05332	-0.22848	1.51468	0.05526	-0.26719	1.31377	0.05415	-0.24129	1.41977	0.08096	-0.17705	1.43691	0.10748	-0.21587	1.47398	0.05508	-0.17142	1.49776	0.06894	-0.19696	1.29471	0.96784	-0.16898	1.29191	0.95436	-0.34790	1.41915	0.52137	-0.20448	1.36840	0.50682	-0.37170	1.36172	0.08502	-0.23205	0.99178	0.28645	-0.34910	1.17796	1.04118	-0.26316	1.34789	1.04495	-0.26960	
272	2.71000	1.36608	1.71408	-0.29406	1.39878	1.70083	-0.17781	1.23529	1.60974	-0.27028	1.28286	1.60989	-0.13994	1.23058	1.50056	-0.24986	1.36029	1.41790	-0.25759	1.37774	1.24955	-0.26963	1.17938	1.38597	-0.14444	1.18392	1.22168	-0.26912	1.41633	1.34844	-0.24759	1.41455	1.35398	-0.29668	1.42761	1.28988	-0.25350	1.43508	1.31232	-0.31741	1.26477	1.46444	-0.44637	1.18641	1.11290	-0.49222	1.30188	0.86907	-0.51368	1.23739	0.86961	-0.54585	1.27746	0.81161	-0.55733	1.26882	1.42212	-0.05499	1.16299	1.08390	-0.04428	1.28128	0.83499	-0.03809	1.21245	0.82225	-0.01221	1.26740	0.76631	0.00610	1.35641	1.03576	-0.39438	1.19030	1.03957	-0.31108	1.36357	1.05806	-0.14151	1.19004	1.04608	-0.21435	1.16242	1.04865	-0.23541	1.16313	1.04372	-0.28457	1.16604	0.98852	-0.23039	1.15406	0.97161	-0.26453	1.34793	0.60986	-0.46816	1.38017	0.51187	-0.42317	1.35803	0.78600	-0.46393	1.31075	0.77325	-0.45516	1.37509	0.72863	-0.46134	1.31880	0.69644	-0.45111	1.26821	0.41061	-0.47241	1.02231	0.27949	-0.38335	1.27709	0.37125	-0.30968	1.29006	0.34441	-0.34954	1.22595	0.34042	-0.30803	1.25831	0.31193	-0.35906	1.03021	0.13089	-0.37354	1.02960	0.11879	-0.33006	0.97681	0.30816	-0.33105	1.02335	0.22544	-0.41305	1.06302	0.20979	-0.38738	1.00713	0.16882	-0.42417	1.03209	0.14609	-0.40978	1.41034	0.64093	-0.08121	1.43319	0.51901	-0.15186	1.42608	0.80352	-0.08498	1.38284	0.78922	-0.06466	1.43890	0.74714	-0.09894	1.38705	0.71354	-0.07512	1.42595	0.36131	-0.10754	1.36927	0.08174	-0.19790	1.42395	0.34132	-0.27123	1.46350	0.33068	-0.24313	1.41216	0.28261	-0.27687	1.46767	0.28062	-0.23967	1.50961	0.05265	-0.22878	1.51488	0.05433	-0.26766	1.31410	0.05437	-0.24120	1.42007	0.08093	-0.17699	1.43735	0.10718	-0.21590	1.47416	0.05474	-0.17130	1.49801	0.06837	-0.19685	1.30678	0.96923	-0.16778	1.30420	0.95664	-0.34676	1.42479	0.52094	-0.20365	1.39301	0.51152	-0.37227	1.36196	0.08501	-0.23197	1.02030	0.28635	-0.34909	1.19017	1.04282	-0.26271	1.35999	1.04691	-0.26794	
273	2.72000	1.37860	1.71553	-0.29540	1.41150	1.70286	-0.17916	1.24777	1.61134	-0.27069	1.29566	1.61220	-0.14052	1.24290	1.50229	-0.24959	1.37218	1.41953	-0.25762	1.38951	1.25114	-0.26904	1.19176	1.38794	-0.14355	1.19584	1.22347	-0.26801	1.42831	1.35005	-0.24766	1.42637	1.35543	-0.29676	1.43959	1.29149	-0.25342	1.44679	1.31370	-0.31745	1.27604	1.46545	-0.44607	1.19633	1.11408	-0.48977	1.30920	0.86897	-0.50981	1.24492	0.87012	-0.54226	1.28430	0.81149	-0.55317	1.28166	1.42456	-0.05460	1.18162	1.08404	-0.04022	1.30668	0.83857	-0.03368	1.23861	0.82412	-0.00681	1.29688	0.77072	0.01214	1.36859	1.03832	-0.39299	1.20250	1.04157	-0.31060	1.37564	1.05927	-0.14012	1.20247	1.04769	-0.21381	1.17463	1.05052	-0.23501	1.17509	1.04570	-0.28414	1.17838	0.99027	-0.23001	1.16623	0.97355	-0.26421	1.37088	0.61404	-0.46936	1.40494	0.51681	-0.42380	1.37568	0.78999	-0.46381	1.32862	0.77611	-0.45556	1.39397	0.73316	-0.46175	1.33832	0.69959	-0.45190	1.29301	0.41698	-0.47253	1.05088	0.27874	-0.38381	1.30448	0.37374	-0.31086	1.31768	0.34743	-0.35095	1.25393	0.34214	-0.30899	1.28695	0.31470	-0.36037	1.06569	0.13084	-0.37706	1.06559	0.11787	-0.33360	1.00362	0.30452	-0.33133	1.05449	0.22582	-0.41441	1.09477	0.21151	-0.38874	1.04134	0.16883	-0.42694	1.06719	0.14697	-0.41286	1.41621	0.64076	-0.08051	1.43816	0.51833	-0.15104	1.43544	0.80314	-0.08449	1.39184	0.78948	-0.06418	1.44759	0.74661	-0.09841	1.39487	0.71364	-0.07462	1.42937	0.36050	-0.10712	1.36982	0.08188	-0.19785	1.42710	0.34072	-0.27069	1.46643	0.32969	-0.24244	1.41475	0.28212	-0.27633	1.47011	0.27962	-0.23898	1.51003	0.05208	-0.22917	1.51483	0.05329	-0.26834	1.31438	0.05470	-0.24108	1.42061	0.08096	-0.17713	1.43792	0.10695	-0.21607	1.47443	0.05444	-0.17135	1.49835	0.06784	-0.19696	1.31887	0.97059	-0.16682	1.31636	0.95896	-0.34587	1.43041	0.52057	-0.20292	1.41691	0.51643	-0.37269	1.36266	0.08527	-0.23194	1.04938	0.28459	-0.34933	1.20248	1.04463	-0.26220	1.37212	1.04880	-0.26656	
274	2.73000	1.39099	1.71685	-0.29680	1.42420	1.70483	-0.18059	1.26015	1.61290	-0.27105	1.30848	1.61447	-0.14110	1.25510	1.50396	-0.24938	1.38402	1.42118	-0.25759	1.40141	1.25270	-0.26851	1.20381	1.38998	-0.14275	1.20825	1.22505	-0.26661	1.44023	1.35166	-0.24763	1.43812	1.35690	-0.29674	1.45147	1.29309	-0.25324	1.45847	1.31511	-0.31738	1.28732	1.46652	-0.44573	1.20625	1.11531	-0.48734	1.31666	0.86895	-0.50597	1.25224	0.87042	-0.53821	1.29123	0.81149	-0.54904	1.29411	1.42699	-0.05434	1.20021	1.08421	-0.03630	1.33388	0.84326	-0.02841	1.26471	0.82622	-0.00167	1.32475	0.77492	0.01741	1.38066	1.04085	-0.39179	1.21448	1.04367	-0.30994	1.38776	1.06044	-0.13904	1.21470	1.04970	-0.21300	1.18667	1.05253	-0.23415	1.18770	1.04780	-0.28343	1.19055	0.99226	-0.22938	1.17849	0.97560	-0.26372	1.39408	0.61856	-0.47072	1.42915	0.52167	-0.42432	1.39354	0.79416	-0.46382	1.34685	0.77888	-0.45649	1.41331	0.73797	-0.46190	1.35808	0.70284	-0.45308	1.31808	0.42243	-0.47260	1.07998	0.27633	-0.38443	1.33179	0.37612	-0.31191	1.34547	0.35046	-0.35219	1.28204	0.34349	-0.31015	1.31532	0.31715	-0.36163	1.10236	0.13002	-0.38008	1.10270	0.11655	-0.33748	1.03117	0.29961	-0.33217	1.08616	0.22466	-0.41570	1.12689	0.21188	-0.38989	1.07604	0.16738	-0.42944	1.10288	0.14659	-0.41551	1.42279	0.64076	-0.07985	1.44288	0.51778	-0.15035	1.44468	0.80274	-0.08389	1.40085	0.78979	-0.06372	1.45586	0.74602	-0.09791	1.40276	0.71388	-0.07418	1.43206	0.35987	-0.10676	1.37010	0.08186	-0.19804	1.43020	0.34023	-0.27024	1.46926	0.32882	-0.24172	1.41727	0.28179	-0.27599	1.47243	0.27872	-0.23836	1.51035	0.05157	-0.22964	1.51503	0.05261	-0.26917	1.31465	0.05492	-0.24099	1.42095	0.08100	-0.17725	1.43843	0.10686	-0.21635	1.47467	0.05423	-0.17143	1.49867	0.06745	-0.19714	1.33086	0.97199	-0.16609	1.32831	0.96131	-0.34520	1.43521	0.52016	-0.20223	1.43965	0.52109	-0.37288	1.36312	0.08537	-0.23216	1.07886	0.28134	-0.34981	1.21459	1.04668	-0.26147	1.38421	1.05064	-0.26541	
275	2.74000	1.40328	1.71804	-0.29826	1.43691	1.70674	-0.18208	1.27248	1.61435	-0.27139	1.32125	1.61669	-0.14162	1.26717	1.50546	-0.24910	1.39583	1.42277	-0.25754	1.41314	1.25423	-0.26785	1.21622	1.39179	-0.14167	1.22036	1.22652	-0.26538	1.45213	1.35324	-0.24750	1.44987	1.35834	-0.29668	1.46332	1.29467	-0.25296	1.47010	1.31645	-0.31720	1.29842	1.46749	-0.44528	1.21615	1.11648	-0.48480	1.32427	0.86901	-0.50214	1.25989	0.87096	-0.53443	1.29806	0.81145	-0.54480	1.30661	1.42937	-0.05390	1.21899	1.08452	-0.03248	1.35787	0.84665	-0.02487	1.29087	0.82868	0.00343	1.35239	0.77927	0.02242	1.39275	1.04329	-0.39079	1.22684	1.04580	-0.30894	1.39995	1.06153	-0.13819	1.22671	1.05175	-0.21203	1.19934	1.05470	-0.23336	1.19997	1.05007	-0.28259	1.20261	0.99442	-0.22865	1.19056	0.97786	-0.26292	1.41752	0.62334	-0.47229	1.45287	0.52662	-0.42479	1.41166	0.79847	-0.46372	1.36518	0.78210	-0.45749	1.43252	0.74261	-0.46195	1.37817	0.70639	-0.45453	1.34311	0.42686	-0.47283	1.10972	0.27260	-0.38557	1.35831	0.37840	-0.31283	1.37333	0.35343	-0.35319	1.30929	0.34447	-0.31125	1.34382	0.31936	-0.36274	1.13899	0.12816	-0.38254	1.13954	0.11388	-0.33926	1.05921	0.29334	-0.33316	1.11847	0.22221	-0.41704	1.15957	0.21113	-0.39101	1.11120	0.16451	-0.43151	1.13903	0.14505	-0.41759	1.42956	0.64061	-0.07935	1.44718	0.51716	-0.14977	1.45331	0.80214	-0.08355	1.40953	0.78983	-0.06344	1.46395	0.74537	-0.09741	1.41033	0.71396	-0.07383	1.43386	0.35929	-0.10633	1.37024	0.08189	-0.19827	1.43288	0.33959	-0.27014	1.47189	0.32800	-0.24133	1.41966	0.28145	-0.27589	1.47455	0.27788	-0.23785	1.51064	0.05117	-0.22998	1.51524	0.05193	-0.26997	1.31489	0.05527	-0.24104	1.42125	0.08108	-0.17750	1.43880	0.10674	-0.21668	1.47489	0.05414	-0.17162	1.49895	0.06723	-0.19736	1.34286	0.97335	-0.16556	1.34025	0.96361	-0.34473	1.43927	0.51960	-0.20162	1.46143	0.52564	-0.37301	1.36359	0.08548	-0.23244	1.10884	0.27694	-0.35085	1.22678	1.04878	-0.26048	1.39635	1.05241	-0.26449	
276	2.75000	1.41553	1.71912	-0.29972	1.44957	1.70851	-0.18361	1.28472	1.61573	-0.27162	1.33404	1.61882	-0.14213	1.27925	1.50692	-0.24881	1.40754	1.42427	-0.25739	1.42490	1.25565	-0.26716	1.22843	1.39349	-0.14075	1.23237	1.22794	-0.26404	1.46401	1.35483	-0.24737	1.46156	1.35974	-0.29653	1.47510	1.29618	-0.25265	1.48172	1.31777	-0.31702	1.30954	1.46843	-0.44490	1.22605	1.11757	-0.48226	1.33201	0.86907	-0.49827	1.26800	0.87169	-0.53074	1.30507	0.81138	-0.54048	1.31875	1.43156	-0.05367	1.23773	1.08478	-0.02878	1.38306	0.85077	-0.02065	1.31687	0.83123	0.00830	1.37987	0.78374	0.02723	1.40478	1.04557	-0.38984	1.23911	1.04794	-0.30794	1.41208	1.06252	-0.13749	1.23917	1.05356	-0.21082	1.21145	1.05675	-0.23239	1.21223	1.05222	-0.28148	1.21457	0.99642	-0.22770	1.20264	0.98000	-0.26209	1.44105	0.62829	-0.47401	1.47597	0.53152	-0.42514	1.42990	0.80293	-0.46376	1.38346	0.78532	-0.45838	1.45181	0.74737	-0.46188	1.39820	0.70987	-0.45608	1.36827	0.43011	-0.47319	1.13947	0.26760	-0.38649	1.38520	0.38062	-0.31345	1.40246	0.35646	-0.35358	1.33703	0.34522	-0.31210	1.37227	0.32120	-0.36349	1.17646	0.12566	-0.38469	1.17743	0.11102	-0.34146	1.08741	0.28568	-0.33440	1.15123	0.21872	-0.41831	1.19255	0.20952	-0.39221	1.14727	0.16083	-0.43351	1.17605	0.14278	-0.41958	1.43657	0.64045	-0.07899	1.45117	0.51659	-0.14929	1.46200	0.80169	-0.08316	1.41789	0.78991	-0.06322	1.47184	0.74478	-0.09702	1.41763	0.71401	-0.07361	1.43528	0.35882	-0.10591	1.37024	0.08186	-0.19865	1.43556	0.33916	-0.26999	1.47427	0.32720	-0.24082	1.42235	0.28104	-0.27591	1.47651	0.27708	-0.23738	1.51095	0.05088	-0.23026	1.51539	0.05134	-0.27058	1.31522	0.05558	-0.24133	1.42149	0.08114	-0.17772	1.43909	0.10664	-0.21698	1.47510	0.05408	-0.17182	1.49913	0.06703	-0.19759	1.35481	0.97461	-0.16511	1.35212	0.96575	-0.34432	1.44271	0.51904	-0.20104	1.48215	0.52993	-0.37303	1.36390	0.08553	-0.23287	1.13865	0.27157	-0.35173	1.23914	1.05075	-0.25938	1.40843	1.05405	-0.26366	
277	2.76000	1.42768	1.72004	-0.30115	1.46218	1.71013	-0.18508	1.29687	1.61698	-0.27180	1.34678	1.62084	-0.14263	1.29122	1.50821	-0.24852	1.41917	1.42567	-0.25719	1.43684	1.25686	-0.26637	1.24026	1.39511	-0.13996	1.24444	1.22925	-0.26292	1.47577	1.35628	-0.24723	1.47442	1.36113	-0.29616	1.48632	1.29762	-0.25213	1.49336	1.31902	-0.31677	1.32061	1.46924	-0.44436	1.23606	1.11861	-0.47986	1.34003	0.86907	-0.49441	1.27605	0.87218	-0.52700	1.31230	0.81130	-0.53620	1.33078	1.43358	-0.05333	1.25651	1.08505	-0.02535	1.40819	0.85509	-0.01656	1.34272	0.83403	0.01298	1.40714	0.78829	0.03177	1.41679	1.04765	-0.38898	1.25133	1.04988	-0.30688	1.42408	1.06326	-0.13677	1.25110	1.05535	-0.20977	1.22339	1.05862	-0.23117	1.22435	1.05428	-0.28042	1.22669	0.99823	-0.22686	1.21467	0.98197	-0.26136	1.46447	0.63332	-0.47551	1.49841	0.53619	-0.42530	1.44788	0.80719	-0.46353	1.40192	0.78864	-0.45968	1.47100	0.75215	-0.46174	1.41813	0.71346	-0.45775	1.39361	0.43199	-0.47358	1.16978	0.26167	-0.38769	1.41216	0.38272	-0.31370	1.42978	0.35903	-0.35395	1.36458	0.34582	-0.31263	1.40052	0.32262	-0.36374	1.21491	0.12270	-0.38651	1.21690	0.10786	-0.34328	1.11528	0.27625	-0.33569	1.18431	0.21422	-0.41970	1.22569	0.20722	-0.39318	1.18422	0.15634	-0.43536	1.21399	0.14008	-0.42140	1.44327	0.64033	-0.07869	1.45552	0.51620	-0.14891	1.47015	0.80114	-0.08295	1.42592	0.79008	-0.06326	1.47956	0.74410	-0.09664	1.42482	0.71410	-0.07353	1.43677	0.35843	-0.10560	1.37035	0.08192	-0.19905	1.43813	0.33878	-0.26980	1.47675	0.32660	-0.24026	1.42456	0.28082	-0.27580	1.47830	0.27634	-0.23690	1.51117	0.05062	-0.23043	1.51547	0.05066	-0.27116	1.31551	0.05609	-0.24166	1.42174	0.08122	-0.17807	1.43935	0.10655	-0.21730	1.47526	0.05407	-0.17201	1.49931	0.06688	-0.19779	1.36659	0.97565	-0.16475	1.36391	0.96773	-0.34400	1.44686	0.51874	-0.20063	1.50197	0.53383	-0.37297	1.36447	0.08563	-0.23335	1.16874	0.26556	-0.35293	1.25122	1.05261	-0.25833	1.42044	1.05546	-0.26288	
278	2.77000	1.43981	1.72084	-0.30253	1.47478	1.71158	-0.18655	1.30898	1.61808	-0.27193	1.35952	1.62269	-0.14305	1.30318	1.50941	-0.24820	1.43089	1.42698	-0.25704	1.44846	1.25813	-0.26585	1.24683	1.39742	-0.13903	1.25658	1.23036	-0.26168	1.48759	1.35769	-0.24712	1.48609	1.36236	-0.29601	1.49809	1.29896	-0.25187	1.50502	1.32021	-0.31661	1.33178	1.46998	-0.44391	1.24620	1.11954	-0.47758	1.34813	0.86906	-0.49058	1.28425	0.87260	-0.52329	1.31997	0.81124	-0.53202	1.34287	1.43549	-0.05292	1.27533	1.08527	-0.02212	1.43310	0.85942	-0.01262	1.36854	0.83684	0.01744	1.43416	0.79289	0.03606	1.42889	1.04954	-0.38818	1.26327	1.05169	-0.30585	1.43605	1.06402	-0.13607	1.26317	1.05689	-0.20875	1.23563	1.06014	-0.23022	1.23658	1.05600	-0.27939	1.23869	0.99981	-0.22612	1.22658	0.98366	-0.26061	1.48728	0.63827	-0.47677	1.52111	0.54063	-0.42580	1.46563	0.81151	-0.46311	1.42015	0.79177	-0.46083	1.48992	0.75693	-0.46151	1.43775	0.71701	-0.45930	1.41890	0.43259	-0.47407	1.20065	0.25454	-0.38898	1.43796	0.38463	-0.31375	1.45487	0.36108	-0.35397	1.39159	0.34606	-0.31285	1.42890	0.32394	-0.36360	1.25444	0.11954	-0.38817	1.25758	0.10475	-0.34498	1.14490	0.26598	-0.33740	1.21804	0.20888	-0.42100	1.25971	0.20463	-0.39419	1.22227	0.15142	-0.43707	1.25300	0.13717	-0.42297	1.44946	0.64031	-0.07831	1.45915	0.51576	-0.14843	1.47852	0.80048	-0.08244	1.43457	0.79020	-0.06285	1.48702	0.74330	-0.09624	1.43112	0.71407	-0.07359	1.43840	0.35811	-0.10526	1.37043	0.08203	-0.19930	1.44051	0.33844	-0.26956	1.47871	0.32561	-0.24017	1.42653	0.28059	-0.27575	1.48106	0.27587	-0.23648	1.51144	0.05042	-0.23056	1.51580	0.05037	-0.27162	1.31566	0.05636	-0.24182	1.42188	0.08125	-0.17830	1.43955	0.10652	-0.21761	1.47536	0.05407	-0.17217	1.49942	0.06679	-0.19799	1.37839	0.97666	-0.16438	1.37581	0.96953	-0.34366	1.45028	0.51840	-0.20010	1.52272	0.53757	-0.37342	1.36479	0.08580	-0.23364	1.19937	0.25842	-0.35422	1.26322	1.05429	-0.25730	1.43247	1.05678	-0.26213	
279	2.78000	1.45181	1.72144	-0.30388	1.48730	1.71287	-0.18798	1.32102	1.61902	-0.27198	1.37221	1.62436	-0.14341	1.31509	1.51041	-0.24791	1.44251	1.42812	-0.25684	1.46047	1.25909	-0.26516	1.25854	1.39859	-0.13823	1.26850	1.23133	-0.26060	1.49936	1.35887	-0.24698	1.49778	1.36346	-0.29594	1.50990	1.30019	-0.25171	1.51664	1.32126	-0.31645	1.34296	1.47055	-0.44343	1.25639	1.12034	-0.47536	1.35643	0.86899	-0.48678	1.29262	0.87285	-0.51961	1.32783	0.81106	-0.52785	1.35479	1.43712	-0.05259	1.29421	1.08545	-0.01891	1.45787	0.86382	-0.00887	1.39406	0.83983	0.02157	1.46094	0.79754	0.04017	1.44095	1.05120	-0.38731	1.27523	1.05330	-0.30506	1.44799	1.06460	-0.13531	1.27521	1.05798	-0.20794	1.24800	1.06133	-0.22942	1.24885	1.05747	-0.27856	1.25118	1.00090	-0.22537	1.23861	0.98505	-0.26009	1.50949	0.64316	-0.47775	1.54222	0.54468	-0.42575	1.48304	0.81571	-0.46280	1.43781	0.79523	-0.46173	1.50839	0.76159	-0.46127	1.45735	0.72088	-0.46102	1.44407	0.43226	-0.47448	1.23187	0.24630	-0.38979	1.46340	0.38634	-0.31350	1.48158	0.36319	-0.35321	1.41847	0.34613	-0.31271	1.45702	0.32486	-0.36296	1.29496	0.11616	-0.38951	1.29895	0.10145	-0.34644	1.17472	0.25424	-0.33897	1.25251	0.20278	-0.42214	1.29407	0.20135	-0.39489	1.26120	0.14595	-0.43858	1.29276	0.13387	-0.42426	1.45507	0.64022	-0.07795	1.46166	0.51516	-0.14792	1.48656	0.79976	-0.08225	1.44219	0.79012	-0.06312	1.49418	0.74238	-0.09578	1.43838	0.71409	-0.07359	1.44014	0.35775	-0.10481	1.37052	0.08213	-0.19946	1.44269	0.33823	-0.26924	1.48059	0.32500	-0.23979	1.42838	0.28046	-0.27558	1.48158	0.27501	-0.23631	1.51165	0.05024	-0.23066	1.51613	0.05016	-0.27194	1.31583	0.05673	-0.24199	1.42203	0.08130	-0.17852	1.43970	0.10646	-0.21779	1.47545	0.05404	-0.17230	1.49953	0.06669	-0.19814	1.39022	0.97745	-0.16393	1.38774	0.97108	-0.34325	1.45241	0.51791	-0.19952	1.54145	0.54074	-0.37341	1.36479	0.08602	-0.23377	1.23011	0.25038	-0.35508	1.27522	1.05564	-0.25650	1.44447	1.05790	-0.26131	
280	2.79000	1.46380	1.72192	-0.30513	1.49984	1.71399	-0.18940	1.33305	1.61974	-0.27194	1.38493	1.62584	-0.14371	1.32701	1.51129	-0.24756	1.45412	1.42906	-0.25666	1.47203	1.26005	-0.26464	1.27050	1.39948	-0.13767	1.28049	1.23220	-0.25957	1.51112	1.35989	-0.24688	1.50946	1.36438	-0.29582	1.52059	1.30113	-0.25158	1.52829	1.32213	-0.31628	1.35433	1.47102	-0.44305	1.26679	1.12101	-0.47331	1.36483	0.86878	-0.48292	1.30156	0.87326	-0.51636	1.33596	0.81078	-0.52363	1.36662	1.43848	-0.05227	1.31315	1.08558	-0.01597	1.48245	0.86820	-0.00531	1.41958	0.84274	0.02557	1.48745	0.80223	0.04402	1.45308	1.05270	-0.38647	1.28770	1.05433	-0.30430	1.45987	1.06508	-0.13445	1.28728	1.05883	-0.20715	1.26002	1.06224	-0.22870	1.26107	1.05852	-0.27800	1.26259	1.00200	-0.22504	1.25071	0.98607	-0.25964	1.53101	0.64793	-0.47845	1.56269	0.54869	-0.42526	1.49982	0.81964	-0.46226	1.45508	0.79840	-0.46256	1.52620	0.76599	-0.46083	1.47595	0.72439	-0.46218	1.46919	0.43125	-0.47473	1.26384	0.23713	-0.39090	1.48851	0.38771	-0.31301	1.50815	0.36491	-0.35219	1.44495	0.34586	-0.31243	1.48515	0.32555	-0.36201	1.33620	0.11263	-0.39069	1.34098	0.09801	-0.34764	1.20547	0.24119	-0.34030	1.28781	0.19605	-0.42307	1.32900	0.19744	-0.39540	1.30097	0.14018	-0.43989	1.33312	0.13034	-0.42531	1.45906	0.63997	-0.07858	1.46227	0.51388	-0.14814	1.49456	0.79893	-0.08184	1.44833	0.78964	-0.06354	1.50149	0.74147	-0.09529	1.44522	0.71413	-0.07374	1.44220	0.35737	-0.10452	1.37054	0.08228	-0.19953	1.44380	0.33799	-0.26911	1.48239	0.32470	-0.23943	1.42895	0.28033	-0.27544	1.48294	0.27450	-0.23612	1.51179	0.05008	-0.23068	1.51639	0.04997	-0.27213	1.31628	0.05672	-0.24233	1.42211	0.08127	-0.17860	1.43979	0.10639	-0.21787	1.47551	0.05399	-0.17235	1.49962	0.06661	-0.19823	1.40215	0.97803	-0.16346	1.39984	0.97238	-0.34280	1.45272	0.51688	-0.19968	1.55978	0.54392	-0.37306	1.36424	0.08627	-0.23373	1.26144	0.24142	-0.35625	1.28749	1.05658	-0.25573	1.45647	1.05889	-0.26046	
281	2.80000	1.47573	1.72222	-0.30634	1.51231	1.71491	-0.19072	1.34511	1.62036	-0.27186	1.39766	1.62708	-0.14397	1.33895	1.51195	-0.24737	1.46583	1.42984	-0.25646	1.48377	1.26080	-0.26413	1.28260	1.40027	-0.13686	1.29276	1.23282	-0.25860	1.52296	1.36069	-0.24678	1.52116	1.36508	-0.29571	1.53240	1.30194	-0.25140	1.53994	1.32282	-0.31613	1.36567	1.47128	-0.44263	1.27733	1.12158	-0.47143	1.37346	0.86854	-0.47913	1.31028	0.87315	-0.51275	1.34471	0.81037	-0.51965	1.37853	1.43958	-0.05197	1.33204	1.08557	-0.01313	1.50691	0.87255	-0.00199	1.44475	0.84578	0.02935	1.51371	0.80695	0.04760	1.46520	1.05392	-0.38557	1.29968	1.05510	-0.30387	1.47163	1.06520	-0.13353	1.29950	1.05930	-0.20687	1.27224	1.06288	-0.22838	1.27314	1.05936	-0.27758	1.27433	1.00263	-0.22483	1.26262	0.98688	-0.25953	1.55092	0.65202	-0.47848	1.58228	0.55253	-0.42451	1.51623	0.82334	-0.46207	1.47172	0.80138	-0.46300	1.54332	0.77008	-0.46042	1.49370	0.72766	-0.46299	1.49401	0.42981	-0.47477	1.29701	0.22740	-0.39207	1.51336	0.38878	-0.31243	1.53767	0.36719	-0.35079	1.47173	0.34507	-0.31174	1.51315	0.32585	-0.36069	1.37800	0.10870	-0.39163	1.38324	0.09430	-0.34873	1.23801	0.22733	-0.34247	1.32353	0.18851	-0.42397	1.36445	0.19286	-0.39601	1.34094	0.13380	-0.44113	1.37366	0.12634	-0.42633	1.46360	0.63947	-0.07771	1.46549	0.51342	-0.14761	1.50241	0.79801	-0.08139	1.45534	0.78937	-0.06353	1.50839	0.74031	-0.09458	1.45153	0.71394	-0.07344	1.44460	0.35700	-0.10412	1.37057	0.08241	-0.19956	1.44629	0.33793	-0.26869	1.48321	0.32422	-0.23936	1.43136	0.28042	-0.27543	1.48433	0.27410	-0.23598	1.51194	0.04995	-0.23064	1.51668	0.04984	-0.27221	1.31662	0.05705	-0.24205	1.42269	0.08114	-0.17872	1.43984	0.10636	-0.21787	1.47552	0.05392	-0.17234	1.49963	0.06652	-0.19820	1.41396	0.97827	-0.16298	1.41190	0.97341	-0.34235	1.45673	0.51667	-0.19927	1.57800	0.54718	-0.37246	1.36436	0.08648	-0.23376	1.29396	0.23179	-0.35748	1.29959	1.05720	-0.25537	1.46841	1.05956	-0.25955	
282	2.81000	1.48760	1.72238	-0.30744	1.52479	1.71563	-0.19199	1.35711	1.62075	-0.27174	1.41037	1.62811	-0.14417	1.35095	1.51248	-0.24708	1.47752	1.43040	-0.25631	1.49541	1.26146	-0.26370	1.29469	1.40068	-0.13617	1.30440	1.23345	-0.25792	1.53413	1.36124	-0.24652	1.53292	1.36560	-0.29558	1.54415	1.30248	-0.25122	1.55169	1.32329	-0.31598	1.37718	1.47141	-0.44231	1.28800	1.12195	-0.46959	1.38232	0.86820	-0.47539	1.31930	0.87297	-0.50924	1.35322	0.81031	-0.51535	1.39037	1.44038	-0.05166	1.35087	1.08550	-0.01052	1.53105	0.87686	0.00110	1.46961	0.84863	0.03331	1.53984	0.81173	0.05087	1.47685	1.05485	-0.38460	1.31105	1.05591	-0.30389	1.48331	1.06510	-0.13260	1.31090	1.05967	-0.20653	1.28398	1.06333	-0.22817	1.28541	1.05986	-0.27739	1.28619	1.00300	-0.22470	1.27445	0.98739	-0.25956	1.56968	0.65560	-0.47793	1.60096	0.55614	-0.42355	1.53176	0.82672	-0.46098	1.48777	0.80409	-0.46323	1.55968	0.77375	-0.45977	1.51079	0.73067	-0.46352	1.51866	0.42808	-0.47464	1.33093	0.21636	-0.39274	1.53814	0.38950	-0.31166	1.56066	0.36780	-0.34981	1.49854	0.34393	-0.31109	1.54137	0.32601	-0.35932	1.41961	0.10446	-0.39270	1.42633	0.09043	-0.34984	1.27175	0.21253	-0.34403	1.35965	0.18024	-0.42486	1.39987	0.18701	-0.39648	1.38103	0.12701	-0.44227	1.41427	0.12179	-0.42732	1.46920	0.63922	-0.07723	1.46803	0.51287	-0.14702	1.51011	0.79703	-0.08083	1.46331	0.78913	-0.06326	1.51529	0.73923	-0.09396	1.45762	0.71369	-0.07331	1.44670	0.35673	-0.10373	1.37059	0.08256	-0.19957	1.44809	0.33785	-0.26824	1.48581	0.32393	-0.23883	1.43264	0.28042	-0.27489	1.48572	0.27369	-0.23570	1.51210	0.04984	-0.23057	1.51686	0.04974	-0.27224	1.31673	0.05748	-0.24200	1.42250	0.08102	-0.17876	1.43973	0.10544	-0.21864	1.47555	0.05384	-0.17231	1.49969	0.06648	-0.19816	1.42553	0.97837	-0.16236	1.42345	0.97423	-0.34174	1.45887	0.51626	-0.19861	1.59558	0.55029	-0.37166	1.36416	0.08677	-0.23372	1.32725	0.22077	-0.35822	1.31098	1.05779	-0.25521	1.48008	1.05997	-0.25860	
283	2.82000	1.49944	1.72237	-0.30847	1.53725	1.71615	-0.19318	1.36910	1.62094	-0.27154	1.42309	1.62892	-0.14431	1.36296	1.51281	-0.24682	1.48926	1.43077	-0.25608	1.50725	1.26185	-0.26323	1.30674	1.40105	-0.13557	1.31645	1.23369	-0.25732	1.54592	1.36156	-0.24637	1.54464	1.36584	-0.29542	1.55595	1.30277	-0.25100	1.56343	1.32353	-0.31583	1.38887	1.47138	-0.44200	1.29879	1.12215	-0.46791	1.39246	0.86864	-0.47236	1.32870	0.87285	-0.50603	1.36202	0.80958	-0.51102	1.40229	1.44092	-0.05138	1.36979	1.08535	-0.00799	1.55488	0.88112	0.00393	1.49444	0.85164	0.03666	1.56558	0.81650	0.05405	1.48899	1.05559	-0.38372	1.32357	1.05604	-0.30361	1.49493	1.06475	-0.13159	1.32300	1.05971	-0.20639	1.29601	1.06349	-0.22813	1.29719	1.06015	-0.27742	1.29793	1.00312	-0.22490	1.28632	0.98760	-0.25974	1.58712	0.65844	-0.47694	1.61886	0.55935	-0.42263	1.54684	0.82956	-0.46033	1.50315	0.80636	-0.46315	1.57541	0.77696	-0.45908	1.52717	0.73323	-0.46351	1.54319	0.42606	-0.47451	1.36600	0.20547	-0.39383	1.56267	0.38966	-0.31105	1.58942	0.36977	-0.34830	1.52535	0.34225	-0.31059	1.56955	0.32601	-0.35812	1.46119	0.09988	-0.39369	1.46906	0.08643	-0.35094	1.30641	0.19776	-0.34513	1.39620	0.17136	-0.42554	1.43583	0.18087	-0.39732	1.42112	0.11983	-0.44332	1.45476	0.11690	-0.42845	1.47472	0.63887	-0.07669	1.47107	0.51247	-0.14642	1.51776	0.79602	-0.08019	1.47072	0.78881	-0.06302	1.52214	0.73813	-0.09321	1.46398	0.71344	-0.07304	1.44929	0.35683	-0.10284	1.37053	0.08275	-0.19968	1.45016	0.33769	-0.26779	1.48774	0.32354	-0.23828	1.43435	0.28041	-0.27452	1.48728	0.27326	-0.23518	1.51221	0.04973	-0.23050	1.51705	0.04967	-0.27219	1.31677	0.05795	-0.24208	1.42250	0.08096	-0.17874	1.44049	0.10684	-0.21738	1.47559	0.05380	-0.17227	1.49971	0.06643	-0.19808	1.43725	0.97812	-0.16188	1.43555	0.97476	-0.34128	1.46188	0.51601	-0.19799	1.61294	0.55323	-0.37082	1.36397	0.08710	-0.23378	1.36168	0.20978	-0.35936	1.32328	1.05787	-0.25500	1.49196	1.06017	-0.25765	
284	2.83000	1.51129	1.72220	-0.30942	1.54971	1.71643	-0.19431	1.38106	1.62091	-0.27123	1.43580	1.62943	-0.14445	1.37503	1.51292	-0.24659	1.50111	1.43091	-0.25593	1.51898	1.26196	-0.26268	1.31901	1.40113	-0.13490	1.32875	1.23371	-0.25674	1.55784	1.36167	-0.24624	1.55651	1.36589	-0.29527	1.56780	1.30288	-0.25080	1.57522	1.32355	-0.31565	1.40055	1.47118	-0.44172	1.30971	1.12211	-0.46626	1.40053	0.86716	-0.46803	1.33816	0.87236	-0.50274	1.37168	0.80866	-0.50745	1.41438	1.44119	-0.05108	1.38850	1.08502	-0.00587	1.57861	0.88534	0.00647	1.51915	0.85469	0.03992	1.59103	0.82128	0.05695	1.50125	1.05613	-0.38285	1.33501	1.05641	-0.30373	1.50641	1.06421	-0.13063	1.33443	1.05968	-0.20647	1.30753	1.06350	-0.22822	1.30954	1.06020	-0.27752	1.30964	1.00310	-0.22503	1.29806	0.98769	-0.26008	1.60261	0.66041	-0.47570	1.63617	0.56208	-0.42193	1.56125	0.83167	-0.45964	1.51790	0.80807	-0.46267	1.59045	0.77944	-0.45828	1.54265	0.73513	-0.46284	1.56759	0.42366	-0.47450	1.40110	0.19403	-0.39424	1.58720	0.38939	-0.31054	1.61266	0.36983	-0.34784	1.55231	0.34018	-0.31012	1.59770	0.32580	-0.35718	1.50269	0.09509	-0.39451	1.51160	0.08217	-0.35185	1.34218	0.18307	-0.34587	1.43320	0.16217	-0.42605	1.47219	0.17418	-0.39796	1.46138	0.11225	-0.44418	1.49528	0.11155	-0.42951	1.48020	0.63848	-0.07607	1.47407	0.51202	-0.14579	1.52526	0.79495	-0.07945	1.47834	0.78853	-0.06298	1.52901	0.73700	-0.09244	1.47022	0.71312	-0.07271	1.44992	0.35628	-0.10278	1.37056	0.08299	-0.19983	1.45249	0.33763	-0.26716	1.48980	0.32305	-0.23763	1.43621	0.28030	-0.27420	1.48893	0.27278	-0.23455	1.51237	0.04970	-0.23043	1.51724	0.04959	-0.27217	1.31702	0.05835	-0.24239	1.42249	0.08093	-0.17882	1.44052	0.10685	-0.21741	1.47603	0.05376	-0.17235	1.49973	0.06640	-0.19805	1.44873	0.97778	-0.16148	1.44757	0.97518	-0.34091	1.46482	0.51570	-0.19734	1.63068	0.55607	-0.37006	1.36441	0.08736	-0.23401	1.39627	0.19818	-0.35982	1.33472	1.05804	-0.25510	1.50383	1.06017	-0.25674	
285	2.84000	1.52316	1.72182	-0.31026	1.56213	1.71646	-0.19530	1.39303	1.62066	-0.27087	1.44858	1.62971	-0.14450	1.38719	1.51281	-0.24634	1.51301	1.43086	-0.25577	1.53093	1.26190	-0.26222	1.33135	1.40109	-0.13418	1.34042	1.23372	-0.25647	1.56977	1.36149	-0.24603	1.56841	1.36570	-0.29514	1.57976	1.30270	-0.25061	1.58707	1.32332	-0.31545	1.41241	1.47083	-0.44143	1.32081	1.12197	-0.46467	1.40996	0.86640	-0.46449	1.34749	0.87156	-0.49946	1.38109	0.80772	-0.50355	1.42649	1.44118	-0.05076	1.40723	1.08463	-0.00377	1.60184	0.88952	0.00881	1.54357	0.85776	0.04274	1.61618	0.82607	0.05967	1.51358	1.05641	-0.38209	1.34822	1.05595	-0.30360	1.51785	1.06354	-0.12968	1.34602	1.05950	-0.20653	1.31938	1.06338	-0.22840	1.32099	1.06019	-0.27773	1.32135	1.00304	-0.22549	1.30974	0.98769	-0.26047	1.61728	0.66188	-0.47431	1.65258	0.56427	-0.42119	1.57508	0.83311	-0.45904	1.53180	0.80893	-0.46179	1.60475	0.78112	-0.45727	1.55732	0.73636	-0.46145	1.59193	0.42084	-0.47449	1.43700	0.18292	-0.39469	1.61153	0.38863	-0.31021	1.64071	0.37122	-0.34671	1.57942	0.33764	-0.30980	1.62581	0.32553	-0.35648	1.54411	0.09028	-0.39518	1.55401	0.07797	-0.35256	1.37882	0.16856	-0.34629	1.47064	0.15298	-0.42652	1.50893	0.16729	-0.39855	1.50211	0.10501	-0.44491	1.53577	0.10631	-0.43038	1.48536	0.63804	-0.07555	1.47709	0.51147	-0.14523	1.53275	0.79377	-0.07877	1.48477	0.78785	-0.06253	1.53576	0.73573	-0.09168	1.47647	0.71265	-0.07234	1.45130	0.35608	-0.10237	1.37051	0.08321	-0.20003	1.45413	0.33718	-0.26715	1.49183	0.32246	-0.23701	1.43738	0.28011	-0.27402	1.49070	0.27225	-0.23393	1.51249	0.04959	-0.23038	1.51749	0.04958	-0.27216	1.31667	0.05918	-0.24248	1.42252	0.08094	-0.17885	1.44062	0.10690	-0.21749	1.47606	0.05377	-0.17235	1.50008	0.06612	-0.19844	1.46034	0.97718	-0.16114	1.45982	0.97527	-0.34057	1.46804	0.51531	-0.19681	1.64761	0.55845	-0.36925	1.36463	0.08763	-0.23425	1.43159	0.18689	-0.36034	1.34712	1.05772	-0.25506	1.51571	1.05998	-0.25588	
286	2.85000	1.53498	1.72126	-0.31097	1.57461	1.71629	-0.19624	1.40511	1.62023	-0.27056	1.46135	1.62971	-0.14448	1.39946	1.51255	-0.24606	1.52498	1.43056	-0.25555	1.54267	1.26165	-0.26166	1.34363	1.40073	-0.13359	1.35276	1.23336	-0.25613	1.58173	1.36111	-0.24582	1.58033	1.36528	-0.29495	1.59272	1.30235	-0.25021	1.59898	1.32290	-0.31530	1.42442	1.47030	-0.44123	1.33204	1.12155	-0.46311	1.41966	0.86559	-0.46106	1.35771	0.87110	-0.49667	1.39083	0.80675	-0.49974	1.43876	1.44092	-0.05047	1.42574	1.08407	-0.00199	1.62494	0.89359	0.01093	1.56759	0.86072	0.04531	1.64096	0.83081	0.06213	1.52589	1.05642	-0.38137	1.35953	1.05602	-0.30401	1.52918	1.06265	-0.12884	1.35771	1.05924	-0.20679	1.33121	1.06324	-0.22886	1.33304	1.06009	-0.27814	1.33333	1.00270	-0.22582	1.32161	0.98749	-0.26106	1.63082	0.66279	-0.47297	1.66832	0.56595	-0.42034	1.58835	0.83384	-0.45831	1.54521	0.80936	-0.46064	1.61834	0.78203	-0.45607	1.57118	0.73696	-0.45970	1.61615	0.41773	-0.47439	1.47325	0.17201	-0.39494	1.63569	0.38728	-0.30985	1.66597	0.37169	-0.34640	1.60665	0.33464	-0.30975	1.65373	0.32520	-0.35631	1.58556	0.08570	-0.39582	1.59639	0.07418	-0.35326	1.41642	0.15409	-0.34633	1.50837	0.14391	-0.42689	1.54581	0.16044	-0.39915	1.54252	0.09773	-0.44544	1.57612	0.10112	-0.43112	1.49040	0.63750	-0.07504	1.48027	0.51087	-0.14474	1.54022	0.79251	-0.07816	1.49198	0.78728	-0.06223	1.54248	0.73440	-0.09093	1.48282	0.71220	-0.07213	1.45227	0.35579	-0.10223	1.37055	0.08346	-0.20030	1.45728	0.33705	-0.26641	1.49399	0.32183	-0.23656	1.44015	0.28000	-0.27383	1.49243	0.27162	-0.23356	1.51265	0.04954	-0.23031	1.51765	0.04951	-0.27217	1.31693	0.06001	-0.24331	1.42249	0.08094	-0.17899	1.44063	0.10688	-0.21758	1.47604	0.05377	-0.17241	1.50024	0.06637	-0.19816	1.47161	0.97653	-0.16087	1.47179	0.97525	-0.34031	1.47152	0.51484	-0.19636	1.66425	0.56055	-0.36828	1.36512	0.08788	-0.23459	1.46728	0.17575	-0.36066	1.35862	1.05763	-0.25540	1.52754	1.05954	-0.25510	
287	2.86000	1.54688	1.72045	-0.31162	1.58709	1.71583	-0.19704	1.41717	1.61950	-0.27007	1.47417	1.62940	-0.14439	1.41180	1.51196	-0.24586	1.53700	1.43002	-0.25541	1.55447	1.26111	-0.26126	1.35613	1.40021	-0.13296	1.36466	1.23283	-0.25596	1.59376	1.36046	-0.24569	1.59231	1.36461	-0.29481	1.60476	1.30169	-0.25003	1.61093	1.32222	-0.31515	1.43646	1.46962	-0.44099	1.34348	1.12101	-0.46173	1.42960	0.86460	-0.45781	1.36788	0.87022	-0.49383	1.40075	0.80559	-0.49613	1.45110	1.44038	-0.05017	1.44419	1.08342	-0.00035	1.64773	0.89758	0.01292	1.59131	0.86365	0.04788	1.66541	0.83549	0.06450	1.53829	1.05615	-0.38072	1.37156	1.05581	-0.30429	1.54056	1.06167	-0.12808	1.36958	1.05886	-0.20715	1.34315	1.06293	-0.22926	1.34532	1.05980	-0.27857	1.34479	1.00251	-0.22634	1.33348	0.98723	-0.26149	1.64403	0.66296	-0.47131	1.68326	0.56672	-0.41949	1.60102	0.83380	-0.45743	1.55785	0.80908	-0.45918	1.63117	0.78215	-0.45471	1.58407	0.73677	-0.45747	1.64011	0.41510	-0.47404	1.51008	0.16162	-0.39517	1.66041	0.38545	-0.30966	1.69109	0.37189	-0.34664	1.63333	0.33100	-0.31006	1.68156	0.32490	-0.35683	1.62691	0.08153	-0.39635	1.63874	0.07095	-0.35385	1.45431	0.14020	-0.34619	1.54640	0.13517	-0.42722	1.58318	0.15392	-0.39976	1.58306	0.09088	-0.44583	1.61657	0.09637	-0.43175	1.49553	0.63691	-0.07457	1.48372	0.51021	-0.14434	1.54771	0.79116	-0.07753	1.49930	0.78651	-0.06190	1.54938	0.73300	-0.09028	1.48924	0.71163	-0.07183	1.45428	0.35543	-0.10203	1.37057	0.08370	-0.20061	1.45973	0.33690	-0.26636	1.49501	0.32092	-0.23663	1.44121	0.27983	-0.27356	1.49420	0.27098	-0.23329	1.51322	0.04949	-0.23032	1.51853	0.04955	-0.27204	1.31706	0.06044	-0.24360	1.42245	0.08093	-0.17911	1.44068	0.10692	-0.21767	1.47600	0.05377	-0.17245	1.50030	0.06637	-0.19814	1.48295	0.97575	-0.16063	1.48386	0.97497	-0.34007	1.47537	0.51431	-0.19601	1.67987	0.56167	-0.36735	1.36535	0.08818	-0.23492	1.50363	0.16504	-0.36094	1.37057	1.05734	-0.25572	1.53943	1.05891	-0.25440	
288	2.87000	1.55881	1.71941	-0.31211	1.59957	1.71509	-0.19776	1.42935	1.61856	-0.26960	1.48703	1.62878	-0.14422	1.42422	1.51114	-0.24570	1.54908	1.42922	-0.25523	1.56478	1.26054	-0.26060	1.36862	1.39951	-0.13235	1.37659	1.23220	-0.25586	1.60585	1.35953	-0.24555	1.60434	1.36367	-0.29461	1.61682	1.30075	-0.24990	1.62178	1.32117	-0.31527	1.44863	1.46872	-0.44080	1.35502	1.12029	-0.46043	1.43983	0.86352	-0.45470	1.37831	0.86905	-0.49101	1.41064	0.80402	-0.49254	1.46368	1.43970	-0.04986	1.46255	1.08266	0.00109	1.67027	0.90150	0.01471	1.61498	0.86638	0.05032	1.68943	0.84008	0.06650	1.55068	1.05552	-0.38014	1.38433	1.05518	-0.30450	1.55190	1.06053	-0.12744	1.38134	1.05838	-0.20746	1.35468	1.06261	-0.22975	1.35761	1.05946	-0.27911	1.35704	1.00196	-0.22682	1.34526	0.98699	-0.26221	1.65609	0.66204	-0.46958	1.69787	0.56690	-0.41873	1.61301	0.83305	-0.45641	1.56990	0.80826	-0.45759	1.64329	0.78149	-0.45327	1.59626	0.73595	-0.45526	1.66074	0.41336	-0.47373	1.54728	0.15173	-0.39514	1.68502	0.38359	-0.30976	1.71578	0.37208	-0.34730	1.66121	0.32782	-0.31020	1.70914	0.32490	-0.35745	1.66846	0.07814	-0.39673	1.68107	0.06838	-0.35430	1.49298	0.12716	-0.34608	1.58484	0.12709	-0.42739	1.62056	0.14784	-0.40003	1.62395	0.08495	-0.44626	1.65721	0.09232	-0.43224	1.50098	0.63623	-0.07407	1.48742	0.50954	-0.14396	1.55528	0.78969	-0.07697	1.50669	0.78575	-0.06159	1.55616	0.73157	-0.08972	1.49579	0.71097	-0.07149	1.45653	0.35508	-0.10187	1.37072	0.08401	-0.20085	1.46266	0.33674	-0.26630	1.49813	0.32055	-0.23620	1.44328	0.27983	-0.27343	1.49581	0.27047	-0.23294	1.51334	0.04943	-0.23023	1.51816	0.04927	-0.27224	1.31721	0.06103	-0.24392	1.42172	0.08099	-0.17910	1.43927	0.10533	-0.21809	1.47601	0.05378	-0.17250	1.50034	0.06639	-0.19814	1.49426	0.97479	-0.16043	1.49593	0.97437	-0.33986	1.47938	0.51375	-0.19567	1.69590	0.56257	-0.36645	1.36567	0.08856	-0.23518	1.54159	0.15437	-0.36071	1.38284	1.05678	-0.25598	1.55129	1.05803	-0.25379	
289	2.88000	1.57082	1.71817	-0.31250	1.61208	1.71408	-0.19832	1.44158	1.61731	-0.26912	1.49976	1.62785	-0.14411	1.43664	1.51002	-0.24545	1.56130	1.42813	-0.25512	1.57677	1.25939	-0.26036	1.38118	1.39852	-0.13185	1.38927	1.23113	-0.25575	1.61798	1.35832	-0.24545	1.61649	1.36249	-0.29454	1.62889	1.29954	-0.24981	1.63379	1.31993	-0.31520	1.46089	1.46771	-0.44058	1.36679	1.11943	-0.45929	1.45071	0.86250	-0.45203	1.38907	0.86784	-0.48846	1.42112	0.80259	-0.48918	1.47625	1.43879	-0.04965	1.48068	1.08177	0.00233	1.69245	0.90527	0.01631	1.63822	0.86916	0.05209	1.71311	0.84454	0.06829	1.56321	1.05465	-0.37965	1.39641	1.05463	-0.30495	1.56318	1.05924	-0.12686	1.39388	1.05775	-0.20818	1.36784	1.06190	-0.23060	1.36990	1.05900	-0.27967	1.36837	1.00161	-0.22751	1.35748	0.98647	-0.26279	1.66655	0.65988	-0.46738	1.71119	0.56689	-0.41739	1.62441	0.83154	-0.45526	1.58117	0.80688	-0.45580	1.65477	0.78010	-0.45189	1.60776	0.73451	-0.45303	1.67904	0.41243	-0.47315	1.58473	0.14240	-0.39472	1.71064	0.38240	-0.30973	1.73998	0.37246	-0.34787	1.68880	0.32507	-0.31020	1.73572	0.32477	-0.35845	1.71004	0.07566	-0.39697	1.72346	0.06683	-0.35460	1.53211	0.11479	-0.34549	1.62362	0.11984	-0.42719	1.65825	0.14266	-0.40011	1.66511	0.08003	-0.44628	1.69776	0.08910	-0.43236	1.50667	0.63545	-0.07366	1.49139	0.50884	-0.14365	1.56352	0.78851	-0.07686	1.51450	0.78492	-0.06130	1.56341	0.73004	-0.08912	1.50242	0.71019	-0.07116	1.45901	0.35474	-0.10174	1.37084	0.08433	-0.20113	1.46481	0.33624	-0.26605	1.50016	0.32011	-0.23561	1.44534	0.27973	-0.27341	1.49783	0.26984	-0.23279	1.51344	0.04933	-0.23017	1.51831	0.04922	-0.27216	1.31742	0.06161	-0.24430	1.42219	0.08106	-0.17917	1.44002	0.10550	-0.21790	1.47604	0.05379	-0.17254	1.50038	0.06640	-0.19809	1.50546	0.97372	-0.16032	1.50803	0.97359	-0.33974	1.48359	0.51315	-0.19539	1.71135	0.56374	-0.36498	1.36592	0.08894	-0.23547	1.58057	0.14411	-0.36001	1.39515	1.05619	-0.25656	1.56320	1.05694	-0.25326	
290	2.89000	1.58291	1.71671	-0.31275	1.62465	1.71281	-0.19869	1.45389	1.61583	-0.26866	1.51261	1.62664	-0.14389	1.44927	1.50876	-0.24538	1.57355	1.42681	-0.25505	1.58889	1.25802	-0.26013	1.39394	1.39739	-0.13130	1.40113	1.23008	-0.25584	1.63023	1.35687	-0.24536	1.62870	1.36103	-0.29444	1.64099	1.29805	-0.24971	1.64593	1.31845	-0.31510	1.47322	1.46645	-0.44042	1.37862	1.11822	-0.45809	1.46199	0.86139	-0.44969	1.40022	0.86654	-0.48612	1.43195	0.80102	-0.48606	1.48897	1.43766	-0.04942	1.49872	1.08074	0.00336	1.71430	0.90894	0.01764	1.66095	0.87170	0.05361	1.73638	0.84888	0.06990	1.57585	1.05344	-0.37907	1.40854	1.05406	-0.30555	1.57457	1.05782	-0.12633	1.40562	1.05697	-0.20865	1.37965	1.06136	-0.23127	1.38211	1.05837	-0.28038	1.38025	1.00100	-0.22817	1.36928	0.98593	-0.26356	1.67609	0.65695	-0.46506	1.72405	0.56654	-0.41601	1.63531	0.82936	-0.45432	1.59201	0.80478	-0.45423	1.66556	0.77789	-0.45061	1.61848	0.73240	-0.45087	1.69616	0.41143	-0.47189	1.62225	0.13378	-0.39369	1.73324	0.38105	-0.30946	1.76341	0.37318	-0.34828	1.71873	0.32375	-0.30923	1.76190	0.32533	-0.35895	1.75149	0.07425	-0.39699	1.76567	0.06635	-0.35469	1.57180	0.10351	-0.34457	1.66276	0.11352	-0.42667	1.69578	0.13823	-0.39987	1.70600	0.07597	-0.44592	1.73818	0.08687	-0.43221	1.51288	0.63464	-0.07327	1.49561	0.50809	-0.14338	1.57126	0.78670	-0.07609	1.52246	0.78424	-0.06118	1.57073	0.72851	-0.08872	1.50926	0.70923	-0.07056	1.46166	0.35441	-0.10158	1.37104	0.08470	-0.20131	1.46762	0.33584	-0.26593	1.50308	0.31934	-0.23546	1.44766	0.27951	-0.27326	1.50109	0.26954	-0.23249	1.51349	0.04926	-0.23008	1.51820	0.04927	-0.27194	1.31765	0.06234	-0.24456	1.42225	0.08108	-0.17926	1.44014	0.10557	-0.21794	1.47607	0.05378	-0.17258	1.50042	0.06642	-0.19809	1.51669	0.97255	-0.16012	1.52016	0.97256	-0.33954	1.48786	0.51251	-0.19512	1.72691	0.56490	-0.36362	1.36622	0.08938	-0.23566	1.62015	0.13470	-0.35876	1.40708	1.05551	-0.25710	1.57521	1.05563	-0.25270	
291	2.90000	1.59514	1.71507	-0.31286	1.63725	1.71128	-0.19896	1.46634	1.61419	-0.26820	1.52547	1.62514	-0.14365	1.46193	1.50730	-0.24523	1.58595	1.42521	-0.25496	1.60104	1.25634	-0.25997	1.40678	1.39603	-0.13086	1.41281	1.22887	-0.25611	1.64247	1.35511	-0.24527	1.64101	1.35931	-0.29438	1.65318	1.29629	-0.24968	1.65818	1.31672	-0.31507	1.48571	1.46504	-0.44036	1.39064	1.11692	-0.45718	1.47238	0.85933	-0.44630	1.41165	0.86511	-0.48399	1.44309	0.79931	-0.48311	1.50182	1.43634	-0.04927	1.51655	1.07958	0.00435	1.73581	0.91243	0.01885	1.68317	0.87415	0.05480	1.75942	0.85301	0.07109	1.58844	1.05189	-0.37864	1.42107	1.05304	-0.30612	1.58602	1.05626	-0.12581	1.41746	1.05613	-0.20924	1.39179	1.06056	-0.23194	1.39436	1.05761	-0.28109	1.39178	1.00026	-0.22885	1.38089	0.98533	-0.26444	1.68437	0.65317	-0.46260	1.73586	0.56551	-0.41428	1.64579	0.82653	-0.45357	1.60237	0.80218	-0.45272	1.67583	0.77498	-0.44961	1.62830	0.72966	-0.44863	1.71203	0.40933	-0.47013	1.65981	0.12619	-0.39254	1.75647	0.38018	-0.30870	1.78628	0.37408	-0.34827	1.74640	0.32246	-0.30819	1.78749	0.32622	-0.35898	1.79239	0.07374	-0.39682	1.80740	0.06697	-0.35459	1.61144	0.09298	-0.34282	1.70130	0.10793	-0.42592	1.73305	0.13464	-0.39945	1.74644	0.07276	-0.44533	1.77812	0.08562	-0.43188	1.51974	0.63362	-0.07279	1.50011	0.50729	-0.14311	1.57966	0.78511	-0.07580	1.53023	0.78276	-0.06058	1.57830	0.72681	-0.08831	1.51701	0.70846	-0.07045	1.46433	0.35406	-0.10145	1.37131	0.08512	-0.20159	1.47056	0.33537	-0.26580	1.50608	0.31877	-0.23514	1.45007	0.27925	-0.27328	1.50109	0.26842	-0.23228	1.51280	0.04904	-0.23003	1.51867	0.04947	-0.27170	1.31787	0.06316	-0.24487	1.42229	0.08111	-0.17935	1.44033	0.10571	-0.21805	1.47566	0.05376	-0.17255	1.49926	0.06626	-0.19804	1.52797	0.97121	-0.15992	1.53226	0.97122	-0.33932	1.49210	0.51184	-0.19479	1.74184	0.56567	-0.36212	1.36659	0.08988	-0.23594	1.66009	0.12650	-0.35754	1.41926	1.05458	-0.25768	1.58723	1.05407	-0.25223	
292	2.91000	1.60754	1.71333	-0.31285	1.64992	1.70957	-0.19901	1.47888	1.61243	-0.26777	1.53829	1.62343	-0.14337	1.47473	1.50573	-0.24526	1.59845	1.42343	-0.25497	1.61314	1.25451	-0.25987	1.41966	1.39448	-0.13045	1.42546	1.22728	-0.25625	1.65485	1.35314	-0.24527	1.65340	1.35739	-0.29436	1.66545	1.29432	-0.24965	1.67052	1.31476	-0.31505	1.49831	1.46339	-0.44034	1.40279	1.11534	-0.45629	1.48384	0.85773	-0.44386	1.42335	0.86341	-0.48193	1.45449	0.79742	-0.48031	1.51475	1.43480	-0.04913	1.53424	1.07828	0.00519	1.75689	0.91571	0.01990	1.70497	0.87633	0.05574	1.78192	0.85691	0.07218	1.60111	1.05018	-0.37818	1.43347	1.05198	-0.30664	1.59749	1.05454	-0.12529	1.42957	1.05496	-0.20982	1.40393	1.05957	-0.23261	1.40656	1.05663	-0.28180	1.40370	0.99932	-0.22952	1.39348	0.98419	-0.26497	1.69195	0.64865	-0.46012	1.74703	0.56366	-0.41253	1.65602	0.82330	-0.45305	1.61244	0.79922	-0.45153	1.68567	0.77150	-0.44886	1.63779	0.72654	-0.44690	1.72927	0.40600	-0.46818	1.69719	0.11977	-0.39104	1.77865	0.37923	-0.30775	1.80830	0.37496	-0.34772	1.77101	0.32032	-0.30758	1.81239	0.32731	-0.35850	1.83255	0.07384	-0.39621	1.84820	0.06825	-0.35397	1.65086	0.08378	-0.34089	1.73903	0.10313	-0.42477	1.77006	0.13180	-0.39871	1.78626	0.07023	-0.44415	1.81723	0.08478	-0.43097	1.52658	0.63258	-0.07246	1.50465	0.50645	-0.14283	1.58814	0.78338	-0.07544	1.53870	0.78160	-0.06027	1.58617	0.72513	-0.08796	1.52455	0.70740	-0.07016	1.46704	0.35360	-0.10137	1.37161	0.08561	-0.20179	1.47367	0.33496	-0.26573	1.50899	0.31799	-0.23489	1.45256	0.27895	-0.27315	1.50425	0.26780	-0.23213	1.51329	0.04914	-0.22986	1.51879	0.04941	-0.27166	1.31804	0.06392	-0.24509	1.42238	0.08117	-0.17940	1.44057	0.10587	-0.21802	1.47571	0.05377	-0.17259	1.50024	0.06646	-0.19790	1.53930	0.96970	-0.15973	1.54445	0.96971	-0.33910	1.49643	0.51113	-0.19447	1.75630	0.56574	-0.36090	1.36697	0.09044	-0.23615	1.69932	0.11987	-0.35611	1.43152	1.05347	-0.25823	1.59930	1.05236	-0.25173	
293	2.92000	1.62010	1.71152	-0.31269	1.66265	1.70771	-0.19890	1.49161	1.61054	-0.26745	1.55114	1.62156	-0.14315	1.48761	1.50401	-0.24531	1.61105	1.42149	-0.25500	1.62538	1.25250	-0.25985	1.43268	1.39287	-0.13008	1.43738	1.22586	-0.25665	1.66731	1.35099	-0.24526	1.66591	1.35525	-0.29433	1.67778	1.29214	-0.24968	1.68286	1.31260	-0.31506	1.51106	1.46159	-0.44040	1.41506	1.11357	-0.45541	1.49549	0.85586	-0.44161	1.43527	0.86154	-0.48012	1.46605	0.79523	-0.47765	1.52781	1.43308	-0.04911	1.55178	1.07680	0.00587	1.77776	0.91882	0.02061	1.72667	0.87852	0.05621	1.80401	0.86061	0.07300	1.61378	1.04829	-0.37758	1.44634	1.05041	-0.30702	1.60906	1.05272	-0.12478	1.44135	1.05371	-0.21020	1.41594	1.05835	-0.23331	1.41905	1.05536	-0.28237	1.41593	0.99801	-0.23007	1.40560	0.98298	-0.26564	1.69933	0.64367	-0.45776	1.75783	0.56080	-0.41089	1.66604	0.81969	-0.45273	1.62240	0.79609	-0.45058	1.69536	0.76769	-0.44839	1.64706	0.72324	-0.44559	1.74827	0.40193	-0.46668	1.73406	0.11423	-0.38914	1.79973	0.37810	-0.30638	1.82972	0.37613	-0.34626	1.79531	0.31884	-0.30609	1.83639	0.32850	-0.35718	1.87193	0.07437	-0.39477	1.88800	0.06989	-0.35247	1.68978	0.07605	-0.33841	1.77692	0.09938	-0.42299	1.80663	0.12951	-0.39726	1.82545	0.06829	-0.44219	1.85583	0.08442	-0.42926	1.53369	0.63147	-0.07210	1.51011	0.50563	-0.14250	1.59693	0.78157	-0.07506	1.54774	0.78021	-0.05965	1.59441	0.72341	-0.08763	1.53259	0.70642	-0.06978	1.47031	0.35321	-0.10122	1.37169	0.08632	-0.20206	1.47685	0.33452	-0.26557	1.51197	0.31717	-0.23482	1.45515	0.27881	-0.27320	1.50692	0.26700	-0.23200	1.51340	0.04908	-0.22979	1.51891	0.04938	-0.27158	1.31828	0.06492	-0.24533	1.42256	0.08125	-0.17949	1.44084	0.10665	-0.21830	1.47578	0.05375	-0.17260	1.50036	0.06646	-0.19787	1.55080	0.96803	-0.15942	1.55674	0.96798	-0.33876	1.50195	0.51042	-0.19414	1.77023	0.56469	-0.36003	1.36721	0.09123	-0.23643	1.73730	0.11443	-0.35429	1.44384	1.05206	-0.25861	1.61142	1.05051	-0.25118	
294	2.93000	1.63287	1.70963	-0.31243	1.67546	1.70574	-0.19865	1.50444	1.60863	-0.26721	1.56389	1.61951	-0.14295	1.50063	1.50222	-0.24544	1.62380	1.41943	-0.25508	1.63753	1.25037	-0.25986	1.44573	1.39112	-0.12990	1.44970	1.22424	-0.25706	1.67990	1.34869	-0.24526	1.67851	1.35296	-0.29434	1.69015	1.28978	-0.24970	1.69540	1.31027	-0.31506	1.52402	1.45962	-0.44059	1.42752	1.11165	-0.45480	1.50739	0.85386	-0.43948	1.44752	0.85954	-0.47850	1.47814	0.79312	-0.47541	1.54094	1.43119	-0.04909	1.56911	1.07515	0.00645	1.79827	0.92172	0.02113	1.74787	0.88027	0.05698	1.82577	0.86411	0.07350	1.62649	1.04628	-0.37717	1.45851	1.04881	-0.30753	1.62071	1.05081	-0.12435	1.45382	1.05210	-0.21069	1.42835	1.05679	-0.23402	1.43116	1.05376	-0.28282	1.42786	0.99653	-0.23053	1.41785	0.98133	-0.26607	1.70712	0.63868	-0.45562	1.76849	0.55711	-0.40931	1.67635	0.81618	-0.45249	1.63243	0.79295	-0.45005	1.70511	0.76392	-0.44808	1.65632	0.71995	-0.44497	1.76896	0.39774	-0.46518	1.77046	0.11000	-0.38707	1.81972	0.37721	-0.30436	1.84982	0.37688	-0.34423	1.81933	0.31783	-0.30387	1.85942	0.32976	-0.35495	1.91023	0.07540	-0.39209	1.92636	0.07161	-0.34971	1.72767	0.07003	-0.33606	1.81436	0.09656	-0.42081	1.84265	0.12792	-0.39502	1.86404	0.06723	-0.43958	1.89362	0.08456	-0.42671	1.54108	0.63032	-0.07171	1.51553	0.50479	-0.14233	1.60602	0.77976	-0.07476	1.55706	0.77894	-0.05939	1.60314	0.72175	-0.08716	1.54091	0.70534	-0.06930	1.47365	0.35284	-0.10116	1.37209	0.08696	-0.20228	1.48024	0.33409	-0.26534	1.51502	0.31637	-0.23457	1.45782	0.27857	-0.27302	1.50952	0.26624	-0.23190	1.51391	0.04946	-0.22953	1.51907	0.04936	-0.27154	1.31857	0.06621	-0.24554	1.42272	0.08135	-0.17954	1.44109	0.10678	-0.21822	1.47587	0.05372	-0.17266	1.50053	0.06645	-0.19783	1.56241	0.96623	-0.15922	1.56910	0.96611	-0.33854	1.50727	0.50971	-0.19394	1.78343	0.56248	-0.35927	1.36774	0.09193	-0.23665	1.77402	0.11046	-0.35225	1.45616	1.05046	-0.25911	1.62360	1.04854	-0.25076	
295	2.94000	1.64587	1.70769	-0.31205	1.68836	1.70356	-0.19823	1.51740	1.60662	-0.26702	1.57673	1.61726	-0.14275	1.51370	1.50029	-0.24566	1.63663	1.41722	-0.25519	1.65012	1.24816	-0.25989	1.45882	1.38925	-0.12975	1.46165	1.22259	-0.25752	1.69250	1.34622	-0.24524	1.69119	1.35053	-0.29432	1.70264	1.28729	-0.24972	1.70798	1.30782	-0.31506	1.53714	1.45750	-0.44081	1.44009	1.10956	-0.45426	1.51963	0.85180	-0.43771	1.45996	0.85737	-0.47698	1.49062	0.79099	-0.47349	1.55423	1.42911	-0.04911	1.58632	1.07340	0.00691	1.81828	0.92432	0.02142	1.76869	0.88196	0.05747	1.84698	0.86736	0.07391	1.63922	1.04415	-0.37682	1.47048	1.04701	-0.30780	1.63250	1.04884	-0.12393	1.46555	1.05036	-0.21085	1.44008	1.05501	-0.23425	1.44376	1.05173	-0.28323	1.44067	0.99452	-0.23079	1.43018	0.97947	-0.26636	1.71507	0.63389	-0.45426	1.77910	0.55289	-0.40793	1.68699	0.81287	-0.45215	1.64290	0.79018	-0.45014	1.71514	0.76029	-0.44781	1.66588	0.71685	-0.44527	1.79013	0.39407	-0.46332	1.80543	0.10567	-0.38405	1.83862	0.37639	-0.30185	1.86942	0.37767	-0.34148	1.84183	0.31700	-0.30136	1.88146	0.33118	-0.35200	1.94699	0.07709	-0.38810	1.96322	0.07389	-0.34574	1.76426	0.06543	-0.33366	1.85085	0.09490	-0.41789	1.87797	0.12733	-0.39203	1.90173	0.06725	-0.43609	1.93057	0.08562	-0.42309	1.54882	0.62903	-0.07125	1.52101	0.50389	-0.14194	1.61552	0.77796	-0.07438	1.56637	0.77763	-0.05890	1.61201	0.71990	-0.08674	1.54926	0.70402	-0.06876	1.47713	0.35249	-0.10102	1.37252	0.08766	-0.20263	1.48389	0.33362	-0.26526	1.51833	0.31556	-0.23431	1.46077	0.27845	-0.27294	1.51236	0.26546	-0.23158	1.51408	0.04938	-0.22947	1.51935	0.04929	-0.27135	1.31895	0.06746	-0.24599	1.42292	0.08149	-0.17965	1.44146	0.10701	-0.21823	1.47606	0.05374	-0.17277	1.50072	0.06647	-0.19783	1.57419	0.96434	-0.15902	1.58156	0.96409	-0.33831	1.51249	0.50894	-0.19350	1.79610	0.55943	-0.35869	1.36823	0.09274	-0.23700	1.80883	0.10649	-0.34923	1.46802	1.04868	-0.25933	1.63586	1.04650	-0.25037	
296	2.95000	1.65904	1.70562	-0.31159	1.70129	1.70126	-0.19771	1.53059	1.60453	-0.26710	1.58944	1.61484	-0.14270	1.52686	1.49821	-0.24590	1.64952	1.41490	-0.25533	1.66241	1.24576	-0.25988	1.47209	1.38739	-0.12949	1.47434	1.22070	-0.25759	1.70523	1.34365	-0.24524	1.70396	1.34799	-0.29433	1.71519	1.28468	-0.24973	1.72068	1.30524	-0.31506	1.55036	1.45522	-0.44109	1.45281	1.10729	-0.45374	1.53212	0.84957	-0.43614	1.47262	0.85503	-0.47573	1.50302	0.78844	-0.47160	1.56759	1.42691	-0.04918	1.60331	1.07153	0.00728	1.83793	0.92665	0.02152	1.78931	0.88339	0.05760	1.86787	0.87037	0.07396	1.65204	1.04202	-0.37656	1.48326	1.04472	-0.30804	1.64443	1.04678	-0.12362	1.47809	1.04823	-0.21121	1.45298	1.05270	-0.23468	1.45599	1.04959	-0.28346	1.45299	0.99241	-0.23099	1.44283	0.97721	-0.26658	1.72323	0.62948	-0.45366	1.78951	0.54847	-0.40653	1.69822	0.80993	-0.45193	1.65371	0.78748	-0.45075	1.72572	0.75699	-0.44762	1.67600	0.71401	-0.44648	1.81014	0.39105	-0.46111	1.83949	0.10348	-0.38126	1.85651	0.37578	-0.29910	1.88720	0.37820	-0.33874	1.86333	0.31655	-0.29829	1.90238	0.33287	-0.34861	1.98224	0.08008	-0.38297	1.99792	0.07699	-0.34052	1.79919	0.06191	-0.33128	1.88617	0.09452	-0.41440	1.91166	0.12782	-0.38824	1.93801	0.06879	-0.43167	1.96615	0.08810	-0.41841	1.55694	0.62775	-0.07074	1.52662	0.50299	-0.14157	1.62543	0.77610	-0.07397	1.57578	0.77620	-0.05832	1.62123	0.71809	-0.08633	1.55807	0.70286	-0.06821	1.48107	0.35211	-0.10069	1.37312	0.08862	-0.20288	1.48776	0.33321	-0.26501	1.52193	0.31474	-0.23395	1.46399	0.27845	-0.27290	1.51540	0.26476	-0.23127	1.51428	0.04933	-0.22939	1.51950	0.04896	-0.27144	1.31955	0.06864	-0.24600	1.42325	0.08183	-0.17974	1.44193	0.10664	-0.21794	1.47620	0.05377	-0.17280	1.50101	0.06645	-0.19778	1.58630	0.96223	-0.15893	1.59430	0.96194	-0.33820	1.51772	0.50820	-0.19305	1.80798	0.55583	-0.35794	1.36877	0.09385	-0.23721	1.84283	0.10463	-0.34644	1.48067	1.04647	-0.25962	1.64823	1.04440	-0.25009	
297	2.96000	1.67237	1.70348	-0.31111	1.71204	1.69851	-0.19792	1.54390	1.60230	-0.26724	1.60236	1.61227	-0.14262	1.54007	1.49609	-0.24618	1.66254	1.41249	-0.25548	1.67504	1.24333	-0.25992	1.48535	1.38539	-0.12940	1.48655	1.21884	-0.25797	1.71803	1.34099	-0.24527	1.71681	1.34535	-0.29435	1.72785	1.28200	-0.24979	1.73347	1.30257	-0.31507	1.56364	1.45282	-0.44136	1.46580	1.10504	-0.45340	1.54484	0.84723	-0.43482	1.48547	0.85258	-0.47460	1.51586	0.78593	-0.47008	1.58102	1.42459	-0.04933	1.62011	1.06954	0.00754	1.85723	0.92871	0.02139	1.80973	0.88467	0.05764	1.88826	0.87305	0.07383	1.66496	1.03985	-0.37642	1.49606	1.04222	-0.30803	1.65650	1.04470	-0.12336	1.49025	1.04600	-0.21140	1.46516	1.05030	-0.23494	1.46876	1.04704	-0.28372	1.46513	0.99012	-0.23119	1.45563	0.97466	-0.26671	1.73155	0.62517	-0.45369	1.79986	0.54419	-0.40523	1.70991	0.80718	-0.45151	1.66532	0.78520	-0.45183	1.73688	0.75395	-0.44745	1.68692	0.71149	-0.44837	1.82883	0.38835	-0.45869	1.87182	0.10191	-0.37779	1.87345	0.37522	-0.29610	1.90477	0.37906	-0.33522	1.88315	0.31648	-0.29529	1.92229	0.33470	-0.34492	2.01539	0.08453	-0.37715	2.03033	0.08178	-0.33449	1.83226	0.05919	-0.32855	1.91961	0.09507	-0.41045	1.94358	0.12930	-0.38382	1.97272	0.07133	-0.42668	1.99963	0.09167	-0.41292	1.56514	0.62642	-0.07024	1.53260	0.50206	-0.14114	1.63213	0.77372	-0.07387	1.58535	0.77479	-0.05784	1.62882	0.71603	-0.08594	1.56647	0.70151	-0.06779	1.48473	0.35191	-0.10041	1.37374	0.08971	-0.20321	1.49202	0.33279	-0.26468	1.52573	0.31381	-0.23344	1.46747	0.27832	-0.27274	1.51848	0.26397	-0.23083	1.51442	0.04922	-0.22925	1.51968	0.04888	-0.27132	1.31995	0.07030	-0.24627	1.42366	0.08221	-0.17961	1.44249	0.10760	-0.21810	1.47641	0.05374	-0.17277	1.50156	0.06680	-0.19747	1.59861	0.96005	-0.15890	1.60720	0.95970	-0.33814	1.52349	0.50740	-0.19257	1.81952	0.55219	-0.35722	1.36955	0.09502	-0.23755	1.87523	0.10343	-0.34299	1.49316	1.04411	-0.25972	1.66073	1.04227	-0.24989	
298	2.97000	1.68581	1.70124	-0.31060	1.72512	1.69602	-0.19733	1.55733	1.59996	-0.26736	1.61526	1.60959	-0.14257	1.55348	1.49390	-0.24650	1.67563	1.40998	-0.25568	1.68756	1.24077	-0.25996	1.49868	1.38334	-0.12941	1.49928	1.21678	-0.25811	1.73092	1.33827	-0.24534	1.72970	1.34263	-0.29441	1.74060	1.27927	-0.24985	1.74743	1.29993	-0.31487	1.57712	1.45036	-0.44171	1.47886	1.10244	-0.45322	1.55784	0.84479	-0.43372	1.49860	0.85003	-0.47371	1.52900	0.78343	-0.46889	1.59444	1.42215	-0.04951	1.63670	1.06754	0.00775	1.87606	0.93047	0.02104	1.82939	0.88584	0.05714	1.90794	0.87520	0.07318	1.67801	1.03774	-0.37636	1.50895	1.03946	-0.30827	1.66878	1.04258	-0.12320	1.50273	1.04350	-0.21158	1.47763	1.04777	-0.23516	1.48140	1.04429	-0.28392	1.47826	0.98746	-0.23125	1.46835	0.97203	-0.26680	1.73999	0.62105	-0.45409	1.81017	0.53997	-0.40406	1.72212	0.80451	-0.45119	1.67733	0.78290	-0.45295	1.74841	0.75092	-0.44716	1.69826	0.70899	-0.45009	1.84616	0.38560	-0.45608	1.90204	0.10171	-0.37432	1.88969	0.37473	-0.29310	1.92132	0.37986	-0.33181	1.90202	0.31645	-0.29205	1.94097	0.33640	-0.34113	2.04612	0.09049	-0.37089	2.06028	0.08846	-0.32799	1.86617	0.05616	-0.32520	1.95077	0.09642	-0.40617	1.97251	0.13180	-0.37911	2.00519	0.07505	-0.42107	2.03056	0.09659	-0.40687	1.57339	0.62515	-0.06971	1.53908	0.50110	-0.14069	1.64197	0.77174	-0.07337	1.59492	0.77334	-0.05736	1.63688	0.71390	-0.08569	1.57552	0.70033	-0.06728	1.48865	0.35175	-0.10005	1.37430	0.09092	-0.20319	1.49659	0.33227	-0.26432	1.53022	0.31288	-0.23282	1.47127	0.27825	-0.27245	1.52187	0.26317	-0.23029	1.51460	0.04914	-0.22910	1.51992	0.04886	-0.27114	1.32044	0.07229	-0.24646	1.42413	0.08261	-0.17959	1.44310	0.10790	-0.21774	1.47690	0.05400	-0.17262	1.50185	0.06667	-0.19735	1.61126	0.95775	-0.15897	1.62038	0.95742	-0.33818	1.53001	0.50651	-0.19212	1.83081	0.54846	-0.35654	1.37034	0.09626	-0.23756	1.90569	0.10365	-0.33956	1.50584	1.04148	-0.25992	1.67339	1.04016	-0.24978	
299	2.98000	1.69943	1.69901	-0.31017	1.73824	1.69345	-0.19675	1.57089	1.59759	-0.26758	1.62825	1.60690	-0.14260	1.56687	1.49174	-0.24695	1.68876	1.40738	-0.25588	1.70026	1.23821	-0.26005	1.51207	1.38131	-0.12940	1.51233	1.21461	-0.25823	1.74388	1.33552	-0.24540	1.74270	1.33988	-0.29451	1.75344	1.27649	-0.24991	1.76036	1.29715	-0.31495	1.59058	1.44784	-0.44211	1.49214	1.09981	-0.45311	1.57112	0.84229	-0.43291	1.51197	0.84739	-0.47302	1.54240	0.78082	-0.46792	1.60795	1.41966	-0.04972	1.65308	1.06540	0.00781	1.89444	0.93190	0.02049	1.84873	0.88667	0.05682	1.92751	0.87731	0.07263	1.69126	1.03564	-0.37641	1.52190	1.03680	-0.30827	1.68126	1.04042	-0.12306	1.51541	1.04092	-0.21184	1.49055	1.04499	-0.23546	1.49411	1.04165	-0.28418	1.49065	0.98490	-0.23156	1.48203	0.96902	-0.26696	1.74879	0.61747	-0.45461	1.82044	0.53584	-0.40263	1.73461	0.80172	-0.45096	1.69010	0.78117	-0.45465	1.76029	0.74783	-0.44692	1.70864	0.70626	-0.45172	1.86249	0.38291	-0.45358	1.93028	0.10137	-0.37070	1.90510	0.37430	-0.29021	1.93711	0.38062	-0.32853	1.91990	0.31669	-0.28877	1.95848	0.33791	-0.33744	2.07598	0.09816	-0.36388	2.08853	0.09629	-0.32118	1.89507	0.05440	-0.32179	1.97960	0.09818	-0.40146	1.99882	0.13471	-0.37424	2.03521	0.07955	-0.41496	2.05882	0.10198	-0.40079	1.58167	0.62393	-0.06912	1.54604	0.50004	-0.14017	1.65168	0.76942	-0.07224	1.60460	0.77183	-0.05695	1.64623	0.71202	-0.08492	1.58454	0.69901	-0.06681	1.49251	0.35165	-0.09985	1.37478	0.09234	-0.20330	1.50154	0.33174	-0.26394	1.53525	0.31189	-0.23216	1.47531	0.27812	-0.27206	1.52542	0.26223	-0.22969	1.51478	0.04905	-0.22896	1.52011	0.04883	-0.27095	1.32104	0.07460	-0.24649	1.42469	0.08307	-0.17934	1.44387	0.10834	-0.21727	1.47716	0.05405	-0.17255	1.50225	0.06654	-0.19713	1.62411	0.95542	-0.15912	1.63376	0.95514	-0.33831	1.53729	0.50545	-0.19166	1.84165	0.54462	-0.35541	1.37123	0.09767	-0.23771	1.93412	0.10370	-0.33599	1.51865	1.03886	-0.26006	1.68626	1.03803	-0.24973	
300	2.99000	1.71313	1.69676	-0.30980	1.75154	1.69098	-0.19622	1.58456	1.59524	-0.26787	1.64137	1.60430	-0.14268	1.58035	1.48964	-0.24730	1.70205	1.40486	-0.25612	1.71319	1.23568	-0.26016	1.52544	1.37925	-0.12953	1.52475	1.21267	-0.25841	1.75696	1.33277	-0.24551	1.75583	1.33712	-0.29462	1.76640	1.27374	-0.25002	1.77344	1.29437	-0.31508	1.60411	1.44529	-0.44251	1.50566	1.09717	-0.45321	1.58460	0.83970	-0.43227	1.52560	0.84473	-0.47256	1.55603	0.77821	-0.46724	1.62149	1.41716	-0.04996	1.66927	1.06325	0.00773	1.91239	0.93303	0.01981	1.86757	0.88728	0.05640	1.94654	0.87915	0.07181	1.70461	1.03351	-0.37647	1.53482	1.03414	-0.30853	1.69401	1.03821	-0.12283	1.52816	1.03837	-0.21210	1.50330	1.04228	-0.23588	1.50705	1.03884	-0.28448	1.50397	0.98205	-0.23165	1.49453	0.96646	-0.26733	1.75845	0.61474	-0.45476	1.83050	0.53214	-0.40080	1.74710	0.79871	-0.45105	1.70243	0.77865	-0.45541	1.77210	0.74452	-0.44670	1.71994	0.70347	-0.45223	1.87841	0.38070	-0.45101	1.95539	0.10166	-0.36618	1.91968	0.37393	-0.28721	1.95187	0.38116	-0.32530	1.93655	0.31675	-0.28546	1.97479	0.33929	-0.33395	2.10185	0.10491	-0.35690	2.11349	0.10430	-0.31368	1.92076	0.05324	-0.31782	2.00628	0.09992	-0.39642	2.02293	0.13733	-0.36928	2.06194	0.08320	-0.40897	2.08534	0.10732	-0.39428	1.59011	0.62271	-0.06853	1.55368	0.49899	-0.13972	1.66196	0.76771	-0.07156	1.61439	0.77044	-0.05656	1.65575	0.71017	-0.08403	1.59377	0.69773	-0.06635	1.49757	0.35145	-0.09948	1.37604	0.09383	-0.20310	1.50680	0.33128	-0.26356	1.53982	0.31068	-0.23168	1.47956	0.27808	-0.27169	1.52933	0.26134	-0.22916	1.51459	0.04849	-0.22901	1.52029	0.04883	-0.27080	1.32171	0.07700	-0.24606	1.42548	0.08370	-0.17895	1.44490	0.10860	-0.21663	1.47759	0.05404	-0.17233	1.50285	0.06644	-0.19693	1.63717	0.95307	-0.15920	1.64723	0.95286	-0.33836	1.54548	0.50435	-0.19130	1.85170	0.54091	-0.35358	1.37277	0.09915	-0.23754	1.95891	0.10428	-0.33145	1.53149	1.03626	-0.26031	1.69931	1.03586	-0.24965	
301	3.00000	1.72691	1.69459	-0.30947	1.76495	1.68858	-0.19582	1.59831	1.59303	-0.26811	1.65460	1.60183	-0.14276	1.59399	1.48759	-0.24777	1.71548	1.40239	-0.25639	1.72613	1.23321	-0.26036	1.53884	1.37728	-0.12980	1.53778	1.21070	-0.25859	1.77018	1.33007	-0.24561	1.76908	1.33441	-0.29472	1.77953	1.27100	-0.25016	1.78665	1.29163	-0.31509	1.61785	1.44285	-0.44299	1.51940	1.09450	-0.45345	1.59839	0.83717	-0.43187	1.53941	0.84205	-0.47225	1.56998	0.77564	-0.46689	1.63506	1.41469	-0.05030	1.68521	1.06109	0.00762	1.92958	0.93375	0.01874	1.88586	0.88770	0.05576	1.96518	0.88075	0.07102	1.71801	1.03139	-0.37653	1.54785	1.03159	-0.30891	1.70697	1.03601	-0.12261	1.54131	1.03576	-0.21236	1.51629	1.03968	-0.23619	1.52041	1.03615	-0.28487	1.51732	0.97942	-0.23192	1.50791	0.96374	-0.26764	1.76906	0.61239	-0.45374	1.84046	0.52885	-0.39873	1.75934	0.79550	-0.45124	1.71456	0.77593	-0.45547	1.78383	0.74114	-0.44656	1.73125	0.70057	-0.45174	1.89360	0.37858	-0.44813	1.97838	0.10199	-0.36144	1.93373	0.37331	-0.28416	1.96548	0.38162	-0.32237	1.95237	0.31685	-0.28222	1.98994	0.34034	-0.33057	2.12403	0.10977	-0.35066	2.13587	0.11137	-0.30668	1.94422	0.05257	-0.31350	2.03042	0.09995	-0.39127	2.04509	0.13941	-0.36488	2.08743	0.08551	-0.40244	2.10946	0.11163	-0.38790	1.59893	0.62150	-0.06802	1.56107	0.49778	-0.13933	1.67219	0.76608	-0.07071	1.62443	0.76908	-0.05618	1.66542	0.70829	-0.08297	1.60315	0.69649	-0.06598	1.50329	0.35135	-0.09912	1.37714	0.09579	-0.20272	1.51233	0.33084	-0.26322	1.54493	0.30969	-0.23125	1.48412	0.27817	-0.27134	1.53353	0.26055	-0.22870	1.51511	0.04853	-0.22852	1.52052	0.04884	-0.27063	1.32260	0.08002	-0.24567	1.42640	0.08439	-0.17848	1.44608	0.10929	-0.21603	1.47816	0.05404	-0.17210	1.50351	0.06628	-0.19661	1.65041	0.95073	-0.15924	1.66076	0.95059	-0.33839	1.55313	0.50316	-0.19094	1.86141	0.53754	-0.35138	1.37383	0.10123	-0.23714	1.98153	0.10485	-0.32670	1.54458	1.03367	-0.26063	1.71249	1.03370	-0.24957	
302	3.01000	1.74083	1.69255	-0.30928	1.77851	1.68634	-0.19549	1.61210	1.59095	-0.26841	1.66798	1.59952	-0.14294	1.60766	1.48568	-0.24816	1.72902	1.40004	-0.25667	1.73941	1.23087	-0.26054	1.55231	1.37537	-0.13002	1.55082	1.20886	-0.25857	1.78363	1.32748	-0.24584	1.78250	1.33184	-0.29492	1.79280	1.26839	-0.25033	1.80002	1.28902	-0.31525	1.63159	1.44052	-0.44347	1.53338	1.09187	-0.45371	1.61239	0.83467	-0.43173	1.55355	0.83951	-0.47230	1.58418	0.77313	-0.46679	1.64881	1.41229	-0.05060	1.70085	1.05896	0.00733	1.94660	0.93430	0.01774	1.90366	0.88788	0.05506	1.98304	0.88190	0.06983	1.73153	1.02926	-0.37663	1.56132	1.02912	-0.30918	1.72013	1.03381	-0.12241	1.55437	1.03339	-0.21287	1.52935	1.03722	-0.23664	1.53378	1.03363	-0.28542	1.53012	0.97707	-0.23250	1.52181	0.96106	-0.26803	1.78041	0.60972	-0.45106	1.85083	0.52592	-0.39641	1.77148	0.79242	-0.45147	1.72648	0.77320	-0.45492	1.79550	0.73785	-0.44637	1.74372	0.69800	-0.45005	1.90683	0.37596	-0.44504	1.99886	0.10203	-0.35679	1.94748	0.37278	-0.28128	1.97921	0.38158	-0.31939	1.96786	0.31669	-0.27889	2.00446	0.34098	-0.32757	2.14446	0.11415	-0.34422	2.15560	0.11721	-0.30023	1.96873	0.05173	-0.31044	2.05231	0.09992	-0.38644	2.06495	0.14052	-0.36085	2.11005	0.08726	-0.39613	2.13104	0.11457	-0.38191	1.60830	0.62035	-0.06745	1.56994	0.49660	-0.13892	1.68269	0.76439	-0.06989	1.63478	0.76777	-0.05591	1.67563	0.70654	-0.08192	1.61298	0.69517	-0.06573	1.50972	0.35133	-0.09886	1.37805	0.09782	-0.20214	1.51826	0.33052	-0.26283	1.54990	0.30872	-0.23092	1.48901	0.27841	-0.27091	1.53809	0.25984	-0.22828	1.51538	0.04831	-0.22860	1.52071	0.04887	-0.27055	1.32366	0.08337	-0.24516	1.42759	0.08529	-0.17791	1.44760	0.11019	-0.21534	1.47884	0.05407	-0.17182	1.50446	0.06599	-0.19622	1.66375	0.94845	-0.15929	1.67434	0.94837	-0.33842	1.56258	0.50190	-0.19063	1.87183	0.53472	-0.34910	1.37483	0.10331	-0.23656	2.00224	0.10523	-0.32210	1.55785	1.03126	-0.26103	1.72583	1.03153	-0.24952	
303	3.02000	1.75481	1.69064	-0.30916	1.79222	1.68423	-0.19529	1.62598	1.58902	-0.26876	1.68147	1.59736	-0.14315	1.62135	1.48380	-0.24848	1.74272	1.39781	-0.25695	1.75302	1.22870	-0.26075	1.56586	1.37357	-0.13026	1.56518	1.20667	-0.25851	1.79719	1.32508	-0.24596	1.79612	1.32947	-0.29506	1.80631	1.26598	-0.25050	1.81357	1.28661	-0.31539	1.64537	1.43828	-0.44385	1.54747	1.08932	-0.45400	1.62664	0.83230	-0.43177	1.56787	0.83703	-0.47249	1.59867	0.77080	-0.46697	1.66245	1.40998	-0.05093	1.71620	1.05688	0.00690	1.96307	0.93462	0.01660	1.92080	0.88791	0.05429	2.00033	0.88282	0.06859	1.74517	1.02728	-0.37676	1.57476	1.02685	-0.30961	1.73356	1.03168	-0.12222	1.56774	1.03111	-0.21317	1.54316	1.03480	-0.23702	1.54699	1.03128	-0.28582	1.54421	0.97457	-0.23274	1.53521	0.95872	-0.26843	1.79197	0.60625	-0.44723	1.86210	0.52341	-0.39397	1.78361	0.78954	-0.45174	1.73800	0.77008	-0.45325	1.80740	0.73493	-0.44601	1.75527	0.69541	-0.44793	1.91814	0.37275	-0.44193	2.01683	0.10152	-0.35202	1.96096	0.37224	-0.27854	1.99259	0.38111	-0.31676	1.98243	0.31633	-0.27574	2.01842	0.34092	-0.32471	2.16191	0.11682	-0.33825	2.17263	0.12136	-0.29410	1.99020	0.04973	-0.30539	2.07101	0.09913	-0.38186	2.08238	0.14101	-0.35656	2.12947	0.08815	-0.39008	2.14951	0.11630	-0.37606	1.61833	0.61922	-0.06698	1.57897	0.49532	-0.13865	1.69370	0.76279	-0.06928	1.64560	0.76645	-0.05582	1.68516	0.70468	-0.08124	1.62357	0.69412	-0.06544	1.51655	0.35138	-0.09842	1.37968	0.10039	-0.20169	1.52464	0.33029	-0.26235	1.55584	0.30782	-0.23045	1.49419	0.27874	-0.27038	1.54299	0.25925	-0.22774	1.51574	0.04823	-0.22841	1.52098	0.04893	-0.27038	1.32490	0.08717	-0.24455	1.42892	0.08635	-0.17718	1.44930	0.11116	-0.21450	1.47966	0.05414	-0.17152	1.50546	0.06578	-0.19593	1.67733	0.94626	-0.15936	1.68806	0.94629	-0.33848	1.57190	0.50060	-0.19040	1.88389	0.53275	-0.34713	1.37649	0.10595	-0.23610	2.02124	0.10533	-0.31751	1.57125	1.02898	-0.26139	1.73936	1.02948	-0.24949	
304	3.03000	1.76846	1.68881	-0.30926	1.80601	1.68221	-0.19518	1.63993	1.58729	-0.26914	1.69484	1.59534	-0.14332	1.63513	1.48205	-0.24881	1.75655	1.39579	-0.25726	1.76678	1.22668	-0.26102	1.57952	1.37178	-0.13060	1.57781	1.20515	-0.25864	1.81097	1.32291	-0.24610	1.80987	1.32732	-0.29523	1.82005	1.26381	-0.25069	1.82735	1.28448	-0.31562	1.65912	1.43625	-0.44419	1.56182	1.08696	-0.45443	1.64118	0.83010	-0.43214	1.58241	0.83469	-0.47291	1.61340	0.76859	-0.46749	1.67623	1.40790	-0.05132	1.73116	1.05494	0.00635	1.97904	0.93476	0.01544	1.93747	0.88788	0.05341	2.01700	0.88344	0.06725	1.75891	1.02553	-0.37687	1.58837	1.02490	-0.30990	1.74720	1.02962	-0.12208	1.58145	1.02902	-0.21362	1.55638	1.03277	-0.23748	1.56073	1.02924	-0.28610	1.55789	0.97242	-0.23330	1.54920	0.95664	-0.26884	1.80325	0.60264	-0.44310	1.87412	0.52139	-0.39142	1.79619	0.78702	-0.45173	1.75042	0.76745	-0.45182	1.81984	0.73245	-0.44551	1.76769	0.69319	-0.44566	1.92940	0.36961	-0.43877	2.03217	0.10040	-0.34705	1.97431	0.37105	-0.27547	2.00578	0.38008	-0.31386	1.99614	0.31553	-0.27230	2.03180	0.34000	-0.32160	2.17748	0.11766	-0.33237	2.18571	0.12291	-0.28812	2.00495	0.04878	-0.30103	2.08705	0.09833	-0.37662	2.09809	0.14045	-0.35192	2.14571	0.08828	-0.38424	2.16515	0.11682	-0.37028	1.62896	0.61805	-0.06660	1.58924	0.49411	-0.13815	1.70531	0.76115	-0.06891	1.65710	0.76512	-0.05581	1.69660	0.70305	-0.08065	1.63463	0.69276	-0.06535	1.52428	0.35152	-0.09780	1.38224	0.10309	-0.20055	1.53150	0.32994	-0.26182	1.56229	0.30690	-0.22982	1.49984	0.27903	-0.26985	1.54835	0.25864	-0.22708	1.51618	0.04819	-0.22826	1.52126	0.04895	-0.27023	1.32639	0.09148	-0.24374	1.43076	0.08752	-0.17631	1.45118	0.11195	-0.21380	1.48067	0.05405	-0.17108	1.50626	0.06520	-0.19592	1.69105	0.94421	-0.15946	1.70183	0.94446	-0.33858	1.58263	0.49927	-0.18997	1.89729	0.53159	-0.34542	1.37917	0.10866	-0.23497	2.03765	0.10482	-0.31277	1.58491	1.02696	-0.26176	1.75306	1.02758	-0.24948	
305	3.04000	1.78240	1.68728	-0.30950	1.81984	1.68041	-0.19519	1.65397	1.58569	-0.26955	1.70852	1.59353	-0.14371	1.64903	1.48043	-0.24916	1.77049	1.39397	-0.25760	1.78065	1.22487	-0.26134	1.59343	1.37011	-0.13091	1.59250	1.20328	-0.25839	1.82483	1.32106	-0.24637	1.82374	1.32551	-0.29546	1.83396	1.26197	-0.25094	1.84120	1.28267	-0.31588	1.67282	1.43438	-0.44452	1.57629	1.08480	-0.45487	1.65594	0.82807	-0.43275	1.59721	0.83265	-0.47353	1.62833	0.76661	-0.46820	1.69010	1.40600	-0.05171	1.74572	1.05320	0.00568	1.99442	0.93468	0.01414	1.95327	0.88762	0.05249	2.03315	0.88387	0.06592	1.77271	1.02402	-0.37702	1.60236	1.02304	-0.31007	1.76116	1.02766	-0.12196	1.59529	1.02716	-0.21389	1.57046	1.03076	-0.23758	1.57464	1.02740	-0.28641	1.57204	0.97046	-0.23349	1.56245	0.95499	-0.26930	1.81396	0.59978	-0.43923	1.88698	0.51964	-0.38878	1.80950	0.78496	-0.45149	1.76364	0.76542	-0.45062	1.83307	0.73045	-0.44473	1.78086	0.69123	-0.44341	1.94200	0.36705	-0.43535	2.04499	0.09854	-0.34193	1.98694	0.36950	-0.27200	2.01860	0.37834	-0.31035	2.00883	0.31398	-0.26850	2.04457	0.33798	-0.31770	2.18994	0.11644	-0.32673	2.19812	0.12203	-0.28253	2.01737	0.04701	-0.29620	2.10007	0.09683	-0.37137	2.11067	0.13893	-0.34655	2.15890	0.08711	-0.37871	2.17810	0.11572	-0.36465	1.64049	0.61682	-0.06632	1.60008	0.49284	-0.13776	1.71747	0.75947	-0.06872	1.66923	0.76371	-0.05595	1.70854	0.70137	-0.08035	1.64653	0.69143	-0.06531	1.53234	0.35166	-0.09736	1.38450	0.10643	-0.19977	1.53896	0.32971	-0.26126	1.56922	0.30594	-0.22904	1.50611	0.27946	-0.26917	1.55409	0.25806	-0.22627	1.51667	0.04810	-0.22811	1.52157	0.04898	-0.27010	1.32826	0.09636	-0.24269	1.43278	0.08897	-0.17543	1.45362	0.11323	-0.21281	1.48174	0.05438	-0.17084	1.50764	0.06493	-0.19555	1.70506	0.94226	-0.15958	1.71572	0.94283	-0.33870	1.59364	0.49796	-0.18961	1.91186	0.53092	-0.34395	1.38146	0.11208	-0.23418	2.05102	0.10339	-0.30779	1.59883	1.02510	-0.26198	1.76693	1.02584	-0.24949	
306	3.05000	1.79651	1.68580	-0.30964	1.83381	1.67877	-0.19525	1.66801	1.58423	-0.26998	1.72240	1.59191	-0.14404	1.66299	1.47891	-0.24957	1.78455	1.39238	-0.25797	1.79476	1.22326	-0.26162	1.60737	1.36850	-0.13135	1.60680	1.20170	-0.25833	1.83891	1.31950	-0.24663	1.83777	1.32394	-0.29574	1.84809	1.26041	-0.25124	1.85527	1.28112	-0.31615	1.68665	1.43276	-0.44486	1.59090	1.08285	-0.45528	1.67098	0.82626	-0.43363	1.61227	0.83089	-0.47449	1.64362	0.76495	-0.46930	1.70418	1.40437	-0.05217	1.75978	1.05160	0.00497	2.00910	0.93427	0.01271	1.96856	0.88732	0.05158	2.04859	0.88405	0.06456	1.78673	1.02270	-0.37718	1.61657	1.02159	-0.31020	1.77542	1.02577	-0.12185	1.60965	1.02539	-0.21410	1.58450	1.02927	-0.23781	1.58887	1.02586	-0.28655	1.58558	0.96908	-0.23390	1.57693	0.95329	-0.26955	1.82481	0.59829	-0.43597	1.90067	0.51810	-0.38622	1.82348	0.78334	-0.45092	1.77765	0.76389	-0.44972	1.84711	0.72888	-0.44368	1.79482	0.68970	-0.44179	1.95566	0.36474	-0.43167	2.05533	0.09581	-0.33674	1.99872	0.36747	-0.26811	2.03049	0.37596	-0.30628	2.01990	0.31177	-0.26441	2.05653	0.33523	-0.31317	2.19965	0.11378	-0.32176	2.20875	0.11893	-0.27755	2.02742	0.04437	-0.29101	2.11013	0.09417	-0.36601	2.12090	0.13622	-0.34116	2.16887	0.08423	-0.37340	2.18821	0.11278	-0.35931	1.65277	0.61551	-0.06622	1.61185	0.49147	-0.13716	1.73019	0.75777	-0.06875	1.68203	0.76226	-0.05620	1.72125	0.69971	-0.08021	1.65905	0.69001	-0.06541	1.54101	0.35188	-0.09684	1.38718	0.11010	-0.19873	1.54693	0.32951	-0.26060	1.57654	0.30495	-0.22848	1.51303	0.27989	-0.26869	1.56028	0.25748	-0.22556	1.51717	0.04804	-0.22799	1.52191	0.04905	-0.26994	1.33046	0.10173	-0.24161	1.43552	0.09076	-0.17444	1.45649	0.11468	-0.21172	1.48288	0.05415	-0.17060	1.50914	0.06462	-0.19518	1.71930	0.94045	-0.15972	1.72979	0.94142	-0.33886	1.60554	0.49651	-0.18904	1.92706	0.53037	-0.34252	1.38421	0.11581	-0.23313	2.06142	0.10088	-0.30264	1.61311	1.02349	-0.26215	1.78107	1.02424	-0.24951	
307	3.06000	1.81083	1.68451	-0.30982	1.84782	1.67730	-0.19545	1.68215	1.58299	-0.27052	1.73614	1.59048	-0.14452	1.67696	1.47748	-0.24984	1.79875	1.39101	-0.25841	1.80904	1.22184	-0.26192	1.62156	1.36697	-0.13170	1.62100	1.20018	-0.25825	1.85317	1.31818	-0.24695	1.85198	1.32261	-0.29606	1.86244	1.25911	-0.25158	1.86954	1.27982	-0.31652	1.70043	1.43131	-0.44519	1.60562	1.08109	-0.45581	1.68625	0.82463	-0.43474	1.62751	0.82923	-0.47551	1.65907	0.76345	-0.47065	1.71829	1.40295	-0.05266	1.77338	1.05015	0.00418	2.02328	0.93367	0.01119	1.98300	0.88686	0.05057	2.06315	0.88374	0.06303	1.80101	1.02154	-0.37740	1.63123	1.02033	-0.31021	1.78994	1.02397	-0.12178	1.62382	1.02403	-0.21422	1.59906	1.02782	-0.23785	1.60327	1.02460	-0.28654	1.60015	0.96763	-0.23406	1.59150	0.95194	-0.26971	1.83736	0.59783	-0.43361	1.91502	0.51664	-0.38364	1.83818	0.78213	-0.45010	1.79235	0.76254	-0.44894	1.86160	0.72757	-0.44247	1.80965	0.68845	-0.44069	1.96936	0.36256	-0.42807	2.06297	0.09202	-0.33145	2.00922	0.36460	-0.26392	2.04236	0.37267	-0.30163	2.03028	0.30874	-0.25982	2.06788	0.33160	-0.30816	2.20705	0.10928	-0.31688	2.21616	0.11442	-0.27277	2.03408	0.04100	-0.28563	2.11726	0.09010	-0.36061	2.12828	0.13208	-0.33583	2.17589	0.07979	-0.36822	2.19536	0.10824	-0.35419	1.66581	0.61410	-0.06601	1.62449	0.49007	-0.13658	1.74356	0.75613	-0.06881	1.69503	0.76047	-0.05618	1.73445	0.69801	-0.08010	1.67232	0.68857	-0.06552	1.55035	0.35213	-0.09626	1.38990	0.11395	-0.19777	1.55538	0.32922	-0.26014	1.58463	0.30409	-0.22773	1.52019	0.28058	-0.26782	1.56702	0.25709	-0.22469	1.51768	0.04819	-0.22786	1.52226	0.04908	-0.26972	1.33316	0.10766	-0.24033	1.43807	0.09243	-0.17345	1.45993	0.11653	-0.21053	1.48433	0.05441	-0.17021	1.51076	0.06416	-0.19487	1.73372	0.93878	-0.15995	1.74403	0.94021	-0.33910	1.61825	0.49503	-0.18847	1.94195	0.52947	-0.34043	1.38698	0.11975	-0.23217	2.06863	0.09709	-0.29729	1.62753	1.02218	-0.26221	1.79547	1.02276	-0.24959	
308	3.07000	1.82456	1.68280	-0.30976	1.86186	1.67598	-0.19569	1.69624	1.58182	-0.27100	1.75022	1.58915	-0.14495	1.69101	1.47602	-0.25020	1.81304	1.38981	-0.25888	1.82383	1.22067	-0.26232	1.63598	1.36547	-0.13218	1.63612	1.19858	-0.25824	1.86765	1.31713	-0.24739	1.86641	1.32152	-0.29651	1.87706	1.25809	-0.25198	1.88404	1.27877	-0.31693	1.71427	1.43000	-0.44552	1.62043	1.07955	-0.45630	1.70186	0.82332	-0.43616	1.64304	0.82789	-0.47681	1.67473	0.76218	-0.47224	1.73256	1.40177	-0.05321	1.78644	1.04878	0.00329	2.03659	0.93279	0.00961	1.99676	0.88622	0.04953	2.07705	0.88330	0.06143	1.81557	1.02045	-0.37767	1.64613	1.01940	-0.31008	1.80478	1.02223	-0.12174	1.63915	1.02275	-0.21411	1.61387	1.02676	-0.23768	1.61812	1.02366	-0.28659	1.61532	0.96636	-0.23410	1.60617	0.95097	-0.26977	1.85228	0.59759	-0.43201	1.93030	0.51546	-0.38108	1.85351	0.78122	-0.44931	1.80775	0.76151	-0.44837	1.87719	0.72672	-0.44154	1.82524	0.68747	-0.44011	1.98290	0.36031	-0.42463	2.06831	0.08748	-0.32616	2.01984	0.36130	-0.25961	2.05382	0.36864	-0.29681	2.03948	0.30498	-0.25517	2.07835	0.32692	-0.30292	2.21200	0.10361	-0.31198	2.22147	0.10857	-0.26782	2.03825	0.03688	-0.28014	2.12163	0.08512	-0.35529	2.13347	0.12717	-0.33055	2.18033	0.07426	-0.36285	2.19977	0.10259	-0.34917	1.67945	0.61259	-0.06581	1.63810	0.48841	-0.13592	1.75750	0.75448	-0.06879	1.70896	0.75902	-0.05645	1.74822	0.69632	-0.07991	1.68609	0.68696	-0.06553	1.56015	0.35238	-0.09581	1.39319	0.11841	-0.19662	1.56493	0.32897	-0.25924	1.59342	0.30313	-0.22686	1.52828	0.28146	-0.26695	1.57451	0.25670	-0.22368	1.51824	0.04840	-0.22770	1.52281	0.04923	-0.26952	1.33650	0.11436	-0.23899	1.44159	0.09447	-0.17206	1.46333	0.11824	-0.20918	1.48614	0.05463	-0.16971	1.51263	0.06361	-0.19458	1.74839	0.93724	-0.16022	1.75850	0.93911	-0.33937	1.63201	0.49324	-0.18785	1.95689	0.52848	-0.33773	1.39042	0.12424	-0.23102	2.07327	0.09241	-0.29187	1.64264	1.02107	-0.26210	1.81018	1.02134	-0.24970	
309	3.08000	1.83872	1.68171	-0.31013	1.87590	1.67479	-0.19598	1.71047	1.58073	-0.27162	1.76418	1.58792	-0.14549	1.70510	1.47466	-0.25058	1.82742	1.38874	-0.25942	1.83877	1.21960	-0.26280	1.65056	1.36403	-0.13267	1.65121	1.19701	-0.25813	1.88229	1.31634	-0.24797	1.88102	1.32073	-0.29710	1.89188	1.25729	-0.25251	1.89879	1.27800	-0.31747	1.72820	1.42884	-0.44590	1.63532	1.07824	-0.45690	1.71765	0.82212	-0.43783	1.65874	0.82670	-0.47829	1.69063	0.76109	-0.47406	1.74683	1.40072	-0.05385	1.79904	1.04759	0.00248	2.04937	0.93166	0.00806	2.00982	0.88538	0.04851	2.09021	0.88254	0.05991	1.83057	1.01943	-0.37795	1.66124	1.01874	-0.31000	1.81996	1.02057	-0.12176	1.65425	1.02179	-0.21418	1.62922	1.02593	-0.23774	1.63307	1.02301	-0.28644	1.63031	0.96560	-0.23426	1.62134	0.95027	-0.27001	1.86940	0.59696	-0.43053	1.94625	0.51440	-0.37849	1.86945	0.78037	-0.44882	1.82377	0.76044	-0.44795	1.89328	0.72601	-0.44087	1.84157	0.68645	-0.43941	1.99640	0.35771	-0.42111	2.07118	0.08310	-0.32127	2.02967	0.35763	-0.25532	2.06498	0.36389	-0.29169	2.04769	0.30082	-0.25058	2.08799	0.32173	-0.29747	2.21514	0.09698	-0.30630	2.22426	0.10116	-0.26211	2.03995	0.03315	-0.27630	2.12440	0.08092	-0.34983	2.13620	0.12219	-0.32411	2.18305	0.06971	-0.35748	2.20276	0.09789	-0.34307	1.69368	0.61097	-0.06546	1.65389	0.48666	-0.13494	1.77195	0.75293	-0.06865	1.72342	0.75751	-0.05670	1.76410	0.69490	-0.07942	1.69995	0.68528	-0.06557	1.57141	0.35254	-0.09509	1.39773	0.12366	-0.19506	1.57542	0.32871	-0.25810	1.60313	0.30222	-0.22570	1.53730	0.28228	-0.26570	1.58269	0.25639	-0.22243	1.51900	0.04863	-0.22747	1.52349	0.04941	-0.26928	1.34054	0.12173	-0.23742	1.44548	0.09665	-0.17064	1.46789	0.11998	-0.20764	1.48819	0.05475	-0.16939	1.51479	0.06300	-0.19426	1.76329	0.93584	-0.16055	1.77328	0.93816	-0.33971	1.64854	0.49114	-0.18698	1.97191	0.52736	-0.33456	1.39530	0.12941	-0.22950	2.07519	0.08779	-0.28682	1.65775	1.02026	-0.26209	1.82527	1.02000	-0.24986	
310	3.09000	1.85281	1.68076	-0.31050	1.88992	1.67373	-0.19631	1.72468	1.57967	-0.27220	1.77829	1.58678	-0.14599	1.71918	1.47334	-0.25102	1.84195	1.38786	-0.26012	1.85414	1.21877	-0.26336	1.66522	1.36246	-0.13329	1.66651	1.19545	-0.25832	1.89710	1.31578	-0.24868	1.89578	1.32008	-0.29780	1.90693	1.25677	-0.25319	1.91364	1.27743	-0.31830	1.74215	1.42777	-0.44634	1.65016	1.07697	-0.45750	1.73372	0.82113	-0.43968	1.67467	0.82569	-0.47988	1.70674	0.76014	-0.47606	1.76116	1.39987	-0.05455	1.81119	1.04654	0.00167	2.06147	0.93026	0.00648	2.02212	0.88439	0.04747	2.10251	0.88141	0.05832	1.84603	1.01843	-0.37824	1.67668	1.01813	-0.31018	1.83544	1.01891	-0.12187	1.66925	1.02111	-0.21405	1.64424	1.02533	-0.23756	1.64896	1.02249	-0.28649	1.64535	0.96507	-0.23442	1.63656	0.94979	-0.27025	1.88835	0.59644	-0.42916	1.96292	0.51348	-0.37583	1.88611	0.77947	-0.44857	1.84053	0.75930	-0.44764	1.91028	0.72535	-0.44023	1.85860	0.68551	-0.43850	2.00941	0.35468	-0.41750	2.07443	0.08004	-0.31754	2.03876	0.35419	-0.25097	2.07553	0.35953	-0.28622	2.05488	0.29688	-0.24571	2.09725	0.31663	-0.29136	2.21871	0.09019	-0.30009	2.22734	0.09301	-0.25573	2.03682	0.03310	-0.27356	2.12757	0.07724	-0.34485	2.13938	0.11769	-0.31799	2.18704	0.06591	-0.35269	2.20611	0.09316	-0.33676	1.70851	0.60939	-0.06482	1.66967	0.48454	-0.13357	1.78686	0.75137	-0.06832	1.73833	0.75600	-0.05686	1.77932	0.69327	-0.07874	1.71524	0.68366	-0.06537	1.58358	0.35263	-0.09405	1.40270	0.12923	-0.19361	1.58701	0.32850	-0.25668	1.61388	0.30113	-0.22400	1.54724	0.28337	-0.26397	1.59174	0.25605	-0.22070	1.51986	0.04893	-0.22726	1.52423	0.04957	-0.26908	1.34563	0.13024	-0.23599	1.45015	0.09902	-0.16916	1.47320	0.12170	-0.20583	1.49035	0.05487	-0.16898	1.51711	0.06211	-0.19385	1.77845	0.93452	-0.16097	1.78842	0.93729	-0.34012	1.66479	0.48867	-0.18568	1.98705	0.52614	-0.33095	1.40040	0.13508	-0.22804	2.07780	0.08449	-0.28299	1.67297	1.01962	-0.26212	1.84074	1.01867	-0.25005	
311	3.10000	1.86713	1.68014	-0.31079	1.90396	1.67304	-0.19659	1.73893	1.57883	-0.27284	1.79230	1.58591	-0.14654	1.73339	1.47270	-0.25163	1.85658	1.38718	-0.26086	1.86971	1.21820	-0.26402	1.67995	1.36101	-0.13401	1.68182	1.19417	-0.25841	1.91206	1.31541	-0.24944	1.91065	1.31968	-0.29860	1.92213	1.25647	-0.25392	1.92867	1.27710	-0.31907	1.75621	1.42680	-0.44691	1.66508	1.07587	-0.45817	1.75005	0.82028	-0.44173	1.69100	0.82503	-0.48159	1.72311	0.75934	-0.47821	1.77543	1.39915	-0.05532	1.82280	1.04544	0.00076	2.07290	0.92861	0.00494	2.03375	0.88316	0.04651	2.11414	0.87992	0.05682	1.86162	1.01754	-0.37836	1.69163	1.01777	-0.31030	1.85111	1.01730	-0.12208	1.68514	1.02037	-0.21421	1.65946	1.02485	-0.23768	1.66332	1.02227	-0.28640	1.66053	0.96455	-0.23465	1.65080	0.94957	-0.27060	1.90956	0.59694	-0.42858	1.97920	0.51297	-0.37339	1.90361	0.77885	-0.44844	1.85783	0.75887	-0.44788	1.92739	0.72483	-0.43800	1.87535	0.68528	-0.43646	2.02154	0.35160	-0.41330	2.08281	0.08169	-0.31632	2.04784	0.35297	-0.24703	2.08643	0.35815	-0.28057	2.06296	0.29540	-0.24160	2.10770	0.31494	-0.28495	2.22613	0.08359	-0.29600	2.23449	0.08594	-0.25123	2.04153	0.03509	-0.27108	2.13348	0.07663	-0.33974	2.14677	0.11626	-0.31235	2.19148	0.06309	-0.34813	2.21294	0.08863	-0.33211	1.72435	0.60776	-0.06394	1.68576	0.48210	-0.13185	1.80246	0.74994	-0.06817	1.75378	0.75442	-0.05716	1.79519	0.69167	-0.07808	1.73099	0.68182	-0.06511	1.59664	0.35284	-0.09269	1.40794	0.13523	-0.19231	1.59977	0.32806	-0.25478	1.62453	0.29991	-0.22177	1.55858	0.28428	-0.26202	1.60186	0.25592	-0.21840	1.52094	0.04924	-0.22696	1.52507	0.04977	-0.26889	1.35187	0.13932	-0.23426	1.45494	0.10138	-0.16737	1.47952	0.12327	-0.20391	1.49264	0.05487	-0.16840	1.51968	0.06103	-0.19338	1.79377	0.93325	-0.16137	1.80370	0.93651	-0.34051	1.68090	0.48596	-0.18398	2.00024	0.52458	-0.32671	1.40563	0.14134	-0.22670	2.08621	0.08591	-0.28174	1.68839	1.01907	-0.26226	1.85636	1.01742	-0.25022	
312	3.11000	1.88138	1.68039	-0.31112	1.91802	1.67325	-0.19684	1.75338	1.57860	-0.27343	1.80642	1.58576	-0.14709	1.74825	1.47298	-0.25245	1.87120	1.38702	-0.26170	1.88515	1.21825	-0.26474	1.69448	1.36011	-0.13510	1.69687	1.19413	-0.25842	1.92690	1.31548	-0.25024	1.92542	1.31972	-0.29937	1.93730	1.25659	-0.25471	1.94365	1.27723	-0.31986	1.77035	1.42614	-0.44780	1.68007	1.07482	-0.45896	1.76732	0.82018	-0.44485	1.70725	0.82424	-0.48335	1.73968	0.75875	-0.48058	1.78971	1.39866	-0.05609	1.83399	1.04441	-0.00023	2.08371	0.92670	0.00362	2.04484	0.88177	0.04536	2.12488	0.87805	0.05529	1.87680	1.01748	-0.37851	1.70633	1.01778	-0.31030	1.86676	1.01572	-0.12250	1.69984	1.01993	-0.21390	1.67425	1.02431	-0.23732	1.67813	1.02203	-0.28642	1.67647	0.96372	-0.23459	1.66656	0.94905	-0.27064	1.93261	0.60042	-0.42942	1.99308	0.51420	-0.37180	1.92062	0.78020	-0.44748	1.87470	0.76083	-0.44741	1.94373	0.72609	-0.43606	1.89108	0.68710	-0.43478	2.03152	0.35140	-0.40986	2.08961	0.08243	-0.31445	2.05725	0.35354	-0.24484	2.09684	0.35888	-0.27711	2.07206	0.29592	-0.23954	2.11821	0.31574	-0.28114	2.23227	0.07843	-0.29257	2.24060	0.07924	-0.24794	2.04554	0.03597	-0.26942	2.14037	0.07823	-0.33679	2.15680	0.11504	-0.30809	2.19663	0.05950	-0.34596	2.22033	0.08291	-0.32916	1.74152	0.60589	-0.06296	1.70383	0.47973	-0.12955	1.81865	0.74871	-0.06818	1.76986	0.75284	-0.05759	1.81196	0.69029	-0.07753	1.74759	0.67997	-0.06491	1.61109	0.35344	-0.09077	1.41470	0.14162	-0.19041	1.61409	0.32753	-0.25233	1.63745	0.29893	-0.21878	1.57137	0.28525	-0.25966	1.61316	0.25575	-0.21505	1.52234	0.04953	-0.22659	1.52603	0.05007	-0.26867	1.35973	0.14927	-0.23201	1.46116	0.10385	-0.16499	1.48740	0.12486	-0.20082	1.49531	0.05463	-0.16773	1.52260	0.05954	-0.19262	1.80908	0.93208	-0.16205	1.81870	0.93640	-0.34118	1.69892	0.48322	-0.18170	2.00825	0.52341	-0.32239	1.41253	0.14788	-0.22478	2.09214	0.08630	-0.27976	1.70308	1.01886	-0.26210	1.87178	1.01660	-0.25050	
313	3.12000	1.89558	1.68140	-0.31133	1.93207	1.67411	-0.19701	1.76784	1.57936	-0.27409	1.82055	1.58638	-0.14763	1.76312	1.47358	-0.25307	1.88562	1.38735	-0.26246	1.89999	1.21874	-0.26549	1.70877	1.36010	-0.13648	1.71204	1.19449	-0.25823	1.94150	1.31603	-0.25094	1.93985	1.32031	-0.30007	1.95235	1.25723	-0.25547	1.95832	1.27794	-0.32063	1.78460	1.42575	-0.44872	1.69530	1.07401	-0.45981	1.78374	0.81967	-0.44683	1.72353	0.82371	-0.48514	1.75664	0.75875	-0.48305	1.80412	1.39853	-0.05669	1.84479	1.04361	-0.00137	2.09370	0.92447	0.00232	2.05455	0.87996	0.04463	2.13485	0.87595	0.05398	1.89175	1.01807	-0.37880	1.72114	1.01807	-0.31037	1.88229	1.01458	-0.12307	1.71517	1.01953	-0.21352	1.68893	1.02414	-0.23695	1.69289	1.02213	-0.28608	1.69118	0.96355	-0.23483	1.68102	0.94914	-0.27087	1.95497	0.60581	-0.42994	2.00633	0.51657	-0.37116	1.93743	0.78324	-0.44575	1.89153	0.76402	-0.44604	1.96036	0.72884	-0.43514	1.90781	0.69013	-0.43446	2.04280	0.35528	-0.41036	2.09304	0.08186	-0.31374	2.06561	0.35364	-0.24259	2.10714	0.35899	-0.27348	2.07955	0.29575	-0.23757	2.12707	0.31533	-0.27738	2.23528	0.07238	-0.29127	2.24312	0.07242	-0.24660	2.04808	0.03749	-0.26993	2.14231	0.07554	-0.33479	2.15939	0.11206	-0.30611	2.19844	0.05654	-0.34490	2.22238	0.07951	-0.32805	1.75976	0.60396	-0.06191	1.72360	0.47770	-0.12680	1.83552	0.74798	-0.06826	1.78659	0.75149	-0.05774	1.82972	0.68932	-0.07701	1.76538	0.67827	-0.06452	1.62608	0.35491	-0.08853	1.42359	0.14901	-0.18791	1.63035	0.32714	-0.24918	1.65204	0.29819	-0.21478	1.58631	0.28632	-0.25657	1.62558	0.25591	-0.21082	1.52410	0.04971	-0.22620	1.52720	0.05040	-0.26845	1.36944	0.15993	-0.22985	1.46860	0.10601	-0.16227	1.49634	0.12592	-0.19767	1.49851	0.05420	-0.16692	1.52595	0.05765	-0.19192	1.82444	0.93127	-0.16292	1.83368	0.93679	-0.34204	1.71867	0.48072	-0.17898	2.01512	0.52318	-0.31983	1.42190	0.15513	-0.22233	2.09320	0.08514	-0.27890	1.71816	1.01880	-0.26194	1.88702	1.01633	-0.25094	
314	3.13000	1.91001	1.68276	-0.31148	1.94672	1.67524	-0.19708	1.78216	1.58067	-0.27472	1.83475	1.58729	-0.14816	1.77776	1.47416	-0.25360	1.89992	1.38809	-0.26307	1.91461	1.21960	-0.26615	1.72333	1.36055	-0.13712	1.72697	1.19509	-0.25797	1.95598	1.31695	-0.25159	1.95416	1.32124	-0.30072	1.96718	1.25824	-0.25616	1.97280	1.27899	-0.32137	1.79895	1.42581	-0.44940	1.71074	1.07352	-0.46074	1.80007	0.81941	-0.44875	1.73991	0.82341	-0.48710	1.77328	0.75861	-0.48543	1.81881	1.39881	-0.05699	1.85517	1.04326	-0.00253	2.10298	0.92211	0.00112	2.06354	0.87802	0.04357	2.14365	0.87338	0.05275	1.90650	1.01974	-0.37918	1.73526	1.01900	-0.30982	1.89749	1.01403	-0.12367	1.72981	1.01941	-0.21298	1.70350	1.02415	-0.23619	1.70717	1.02276	-0.28533	1.70523	0.96383	-0.23489	1.69322	0.94994	-0.27119	1.97398	0.60931	-0.42919	2.02293	0.51956	-0.37000	1.95595	0.78643	-0.44448	1.91065	0.76786	-0.44748	1.97858	0.73207	-0.43262	1.92616	0.69298	-0.43391	2.06420	0.35941	-0.40961	2.09512	0.08175	-0.31379	2.07369	0.35290	-0.24083	2.11448	0.35745	-0.27102	2.08637	0.29481	-0.23627	2.13508	0.31368	-0.27454	2.23717	0.06715	-0.29064	2.24540	0.06670	-0.24596	2.04953	0.03839	-0.27013	2.14458	0.07456	-0.33439	2.16396	0.10976	-0.30487	2.20005	0.05356	-0.34446	2.22482	0.07495	-0.32725	1.78021	0.60246	-0.06048	1.74502	0.47634	-0.12345	1.85330	0.74771	-0.06833	1.80420	0.75050	-0.05780	1.84861	0.68898	-0.07636	1.78422	0.67680	-0.06404	1.64175	0.35767	-0.08588	1.43458	0.15697	-0.18514	1.64907	0.32665	-0.24507	1.66893	0.29796	-0.20954	1.60382	0.28725	-0.25261	1.64082	0.25664	-0.20514	1.52587	0.04978	-0.22585	1.52890	0.05094	-0.26825	1.38189	0.17114	-0.22756	1.47731	0.10790	-0.15912	1.50698	0.12627	-0.19393	1.50214	0.05345	-0.16620	1.52968	0.05521	-0.19124	1.83969	0.93098	-0.16404	1.84861	0.93806	-0.34312	1.73932	0.47893	-0.17558	2.02956	0.52559	-0.31827	1.43362	0.16271	-0.21965	2.09098	0.08425	-0.27912	1.73254	1.01920	-0.26140	1.90200	1.01688	-0.25143	
315	3.14000	1.92422	1.68420	-0.31169	1.96090	1.67636	-0.19719	1.79653	1.58213	-0.27549	1.84841	1.58828	-0.14882	1.79207	1.47502	-0.25399	1.91392	1.38918	-0.26349	1.92920	1.22071	-0.26664	1.73819	1.36155	-0.13717	1.74154	1.19600	-0.25763	1.97026	1.31816	-0.25210	1.96823	1.32243	-0.30124	1.98178	1.25951	-0.25674	1.98704	1.28028	-0.32193	1.81325	1.42633	-0.44984	1.72649	1.07352	-0.46180	1.81672	0.81959	-0.45099	1.75642	0.82354	-0.48912	1.79028	0.75910	-0.48811	1.83383	1.39960	-0.05709	1.86502	1.04327	-0.00391	2.11138	0.91951	-0.00015	2.07146	0.87580	0.04223	2.15147	0.87050	0.05168	1.92106	1.02216	-0.37953	1.74996	1.02015	-0.30907	1.91242	1.01409	-0.12426	1.74428	1.01958	-0.21231	1.71810	1.02430	-0.23531	1.72155	1.02347	-0.28442	1.72051	0.96384	-0.23449	1.70799	0.95049	-0.27094	1.98950	0.61294	-0.42939	2.04149	0.52240	-0.36841	1.97427	0.79017	-0.44346	1.92915	0.77072	-0.44827	1.99704	0.73605	-0.43108	1.94552	0.69625	-0.43488	2.08590	0.36177	-0.40710	2.09780	0.08230	-0.31439	2.08221	0.35204	-0.24018	2.12283	0.35575	-0.26915	2.09317	0.29385	-0.23544	2.14324	0.31144	-0.27278	2.23943	0.06243	-0.29040	2.24749	0.06172	-0.24581	2.05138	0.03939	-0.27070	2.14698	0.07328	-0.33400	2.16687	0.10742	-0.30418	2.20166	0.05076	-0.34444	2.22715	0.07140	-0.32707	1.80196	0.60139	-0.05864	1.76802	0.47541	-0.11986	1.87196	0.74761	-0.06829	1.82288	0.74971	-0.05775	1.86834	0.68876	-0.07580	1.80445	0.67559	-0.06321	1.65907	0.36184	-0.08219	1.44802	0.16499	-0.18184	1.67036	0.32586	-0.23997	1.68791	0.29766	-0.20302	1.62382	0.28770	-0.24780	1.65813	0.25748	-0.19830	1.52900	0.04995	-0.22553	1.53168	0.05203	-0.26776	1.39718	0.18287	-0.22484	1.48762	0.10923	-0.15571	1.51924	0.12580	-0.18985	1.50630	0.05273	-0.16560	1.53382	0.05265	-0.19080	1.85488	0.93119	-0.16522	1.86353	0.93994	-0.34424	1.76145	0.47753	-0.17190	2.04894	0.52920	-0.31689	1.44800	0.17003	-0.21648	2.09057	0.08445	-0.28021	1.74712	1.01987	-0.26069	1.91674	1.01812	-0.25189	
316	3.15000	1.93870	1.68558	-0.31186	1.97478	1.67743	-0.19729	1.81078	1.58338	-0.27618	1.86254	1.58924	-0.14930	1.80588	1.47581	-0.25417	1.92779	1.39037	-0.26372	1.94347	1.22190	-0.26682	1.75287	1.36284	-0.13705	1.75577	1.19690	-0.25713	1.98307	1.31938	-0.25281	1.98216	1.32380	-0.30161	1.99606	1.26095	-0.25711	2.00106	1.28172	-0.32238	1.82723	1.42720	-0.45001	1.74245	1.07392	-0.46293	1.83372	0.82034	-0.45358	1.77313	0.82411	-0.49128	1.80736	0.75990	-0.49087	1.84867	1.40081	-0.05717	1.87445	1.04377	-0.00536	2.11904	0.91673	-0.00136	2.07844	0.87337	0.04076	2.15835	0.86730	0.05074	1.93551	1.02499	-0.37994	1.76418	1.02136	-0.30835	1.92708	1.01473	-0.12499	1.75902	1.01986	-0.21158	1.73261	1.02482	-0.23446	1.73596	1.02429	-0.28350	1.73501	0.96420	-0.23423	1.72289	0.95122	-0.27063	2.00563	0.61725	-0.43162	2.05808	0.52420	-0.36724	1.99198	0.79418	-0.44282	1.94717	0.77423	-0.44925	2.01498	0.74011	-0.43023	1.96428	0.69980	-0.43640	2.09897	0.36262	-0.40722	2.10140	0.08165	-0.31502	2.09090	0.35184	-0.24039	2.13206	0.35458	-0.26871	2.10064	0.29325	-0.23590	2.15142	0.30985	-0.27218	2.24150	0.05766	-0.29008	2.24944	0.05685	-0.24551	2.05312	0.04058	-0.27164	2.14928	0.07171	-0.33411	2.17068	0.10511	-0.30399	2.20353	0.04751	-0.34449	2.22963	0.06719	-0.32698	1.82481	0.60037	-0.05674	1.79206	0.47470	-0.11644	1.89156	0.74763	-0.06794	1.84268	0.74913	-0.05764	1.88910	0.68869	-0.07497	1.82560	0.67443	-0.06211	1.67806	0.36667	-0.07811	1.46399	0.17282	-0.17794	1.69330	0.32425	-0.23472	1.70819	0.29672	-0.19613	1.64529	0.28749	-0.24256	1.67581	0.25756	-0.19128	1.53322	0.05103	-0.22479	1.53541	0.05443	-0.26709	1.41454	0.19487	-0.22072	1.49983	0.11120	-0.15207	1.53255	0.12542	-0.18583	1.51150	0.05314	-0.16519	1.53890	0.05132	-0.19064	1.87001	0.93182	-0.16649	1.87850	0.94214	-0.34544	1.78437	0.47635	-0.16835	2.06448	0.53085	-0.31556	1.46489	0.17700	-0.21268	2.09356	0.08378	-0.28098	1.76160	1.02061	-0.25996	1.93130	1.01986	-0.25246	
317	3.16000	1.95283	1.68671	-0.31212	1.98876	1.67839	-0.19750	1.82494	1.58445	-0.27674	1.87624	1.59018	-0.14980	1.81993	1.47659	-0.25401	1.94143	1.39157	-0.26385	1.95768	1.22314	-0.26672	1.76733	1.36429	-0.13651	1.77032	1.19780	-0.25654	1.99695	1.32082	-0.25300	1.99603	1.32522	-0.30183	2.01015	1.26240	-0.25731	2.01499	1.28314	-0.32257	1.84091	1.42833	-0.44993	1.75846	1.07456	-0.46405	1.85096	0.82142	-0.45633	1.79007	0.82496	-0.49357	1.82467	0.76102	-0.49383	1.86311	1.40226	-0.05719	1.88347	1.04473	-0.00684	2.12609	0.91374	-0.00254	2.08448	0.87064	0.03912	2.16414	0.86360	0.04980	1.94998	1.02781	-0.38032	1.77851	1.02255	-0.30769	1.94153	1.01578	-0.12574	1.77380	1.02043	-0.21095	1.74711	1.02535	-0.23385	1.75095	1.02519	-0.28293	1.74945	0.96487	-0.23407	1.73787	0.95206	-0.27049	2.02573	0.62195	-0.43474	2.07130	0.52509	-0.36733	2.00893	0.79745	-0.44224	1.96458	0.77720	-0.45084	2.03198	0.74336	-0.42960	1.98184	0.70272	-0.43843	2.10917	0.36253	-0.40798	2.10434	0.08117	-0.31538	2.09947	0.35169	-0.24085	2.14068	0.35362	-0.26881	2.10752	0.29285	-0.23632	2.15931	0.30834	-0.27204	2.24413	0.05364	-0.28944	2.25132	0.05178	-0.24446	2.05476	0.04152	-0.27233	2.15209	0.07272	-0.33380	2.17486	0.10377	-0.30207	2.20530	0.04684	-0.34522	2.23146	0.06418	-0.32668	1.84907	0.59923	-0.05480	1.81685	0.47391	-0.11360	1.91154	0.74772	-0.06773	1.86269	0.74848	-0.05713	1.91023	0.68875	-0.07412	1.84724	0.67341	-0.06089	1.69996	0.37067	-0.07404	1.48128	0.18091	-0.17327	1.71646	0.32276	-0.22978	1.72915	0.29621	-0.18973	1.66643	0.28729	-0.23776	1.69520	0.25845	-0.18424	1.53957	0.05376	-0.22308	1.54179	0.05847	-0.26543	1.43305	0.20743	-0.21519	1.51187	0.11508	-0.14890	1.54580	0.12722	-0.18236	1.51888	0.05681	-0.16380	1.54561	0.05331	-0.18948	1.88498	0.93280	-0.16769	1.89347	0.94439	-0.34655	1.80751	0.47522	-0.16524	2.07261	0.52963	-0.31505	1.48244	0.18474	-0.20804	2.09520	0.08323	-0.28166	1.77615	1.02149	-0.25932	1.94576	1.02180	-0.25303	
318	3.17000	1.96678	1.68759	-0.31238	2.00284	1.67932	-0.19775	1.83892	1.58544	-0.27700	1.89024	1.59117	-0.15008	1.83323	1.47754	-0.25390	1.95365	1.39264	-0.26405	1.97178	1.22435	-0.26647	1.78146	1.36572	-0.13612	1.78448	1.19871	-0.25599	2.01072	1.32225	-0.25298	2.00876	1.32648	-0.30201	2.02307	1.26380	-0.25738	2.02920	1.28447	-0.32248	1.85452	1.42961	-0.44974	1.77453	1.07545	-0.46523	1.86843	0.82271	-0.45927	1.80740	0.82616	-0.49622	1.84227	0.76237	-0.49688	1.87698	1.40385	-0.05717	1.89220	1.04605	-0.00809	2.13236	0.91051	-0.00372	2.08976	0.86771	0.03733	2.16908	0.85946	0.04874	1.96446	1.03028	-0.38043	1.79318	1.02387	-0.30729	1.95565	1.01710	-0.12629	1.78816	1.02113	-0.21067	1.76135	1.02609	-0.23348	1.76515	1.02630	-0.28259	1.76404	0.96562	-0.23402	1.75323	0.95293	-0.27035	2.04841	0.62557	-0.43608	2.08196	0.52518	-0.36825	2.02440	0.79970	-0.44251	1.98025	0.77959	-0.45266	2.04703	0.74543	-0.42996	1.99707	0.70491	-0.44080	2.11759	0.36149	-0.40852	2.10713	0.08059	-0.31475	2.10788	0.35158	-0.24121	2.14912	0.35253	-0.26895	2.11318	0.29230	-0.23677	2.16666	0.30683	-0.27202	2.24584	0.05163	-0.28872	2.25245	0.04887	-0.24352	2.05575	0.04213	-0.27230	2.15250	0.07321	-0.33246	2.17633	0.10321	-0.30031	2.20528	0.04702	-0.34516	2.23181	0.06367	-0.32659	1.87454	0.59807	-0.05322	1.84228	0.47285	-0.11139	1.93155	0.74788	-0.06757	1.88279	0.74782	-0.05674	1.93180	0.68896	-0.07337	1.86952	0.67245	-0.05953	1.72384	0.37300	-0.07051	1.49944	0.18944	-0.16827	1.73848	0.32247	-0.22571	1.75040	0.29656	-0.18470	1.68637	0.28811	-0.23391	1.71638	0.26071	-0.17808	1.54658	0.05783	-0.22070	1.55022	0.06382	-0.26285	1.45301	0.22032	-0.20885	1.52420	0.12122	-0.14571	1.55937	0.13118	-0.17874	1.52637	0.06253	-0.16184	1.55377	0.05784	-0.18698	1.89959	0.93401	-0.16851	1.90833	0.94643	-0.34731	1.83083	0.47390	-0.16261	2.07578	0.52658	-0.31614	1.50025	0.19350	-0.20303	2.09619	0.08267	-0.28157	1.79067	1.02250	-0.25898	1.96006	1.02369	-0.25336	
319	3.18000	1.98077	1.68848	-0.31267	2.01671	1.68035	-0.19803	1.85272	1.58652	-0.27710	1.90416	1.59244	-0.15019	1.84685	1.47858	-0.25389	1.96709	1.39381	-0.26386	1.98561	1.22558	-0.26600	1.79511	1.36717	-0.13588	1.79830	1.19979	-0.25566	2.02428	1.32364	-0.25269	2.02300	1.32785	-0.30167	2.03659	1.26516	-0.25706	2.04292	1.28582	-0.32212	1.86813	1.43097	-0.44951	1.79055	1.07642	-0.46643	1.88622	0.82427	-0.46232	1.82502	0.82750	-0.49893	1.86021	0.76386	-0.50008	1.89020	1.40549	-0.05718	1.90058	1.04741	-0.00949	2.13818	0.90704	-0.00489	2.09431	0.86461	0.03545	2.17325	0.85488	0.04760	1.97883	1.03227	-0.38020	1.80751	1.02531	-0.30733	1.96943	1.01841	-0.12641	1.80214	1.02211	-0.21068	1.77586	1.02705	-0.23333	1.77936	1.02763	-0.28261	1.77810	0.96665	-0.23448	1.76933	0.95382	-0.27062	2.06997	0.62631	-0.43450	2.09150	0.52462	-0.36912	2.03782	0.80090	-0.44333	1.99350	0.78125	-0.45382	2.05969	0.74614	-0.43114	2.00953	0.70629	-0.44248	2.12421	0.36002	-0.40925	2.10800	0.08049	-0.31431	2.11548	0.35128	-0.24126	2.15670	0.35112	-0.26888	2.11935	0.29193	-0.23676	2.17314	0.30503	-0.27183	2.24644	0.05043	-0.28834	2.25284	0.04709	-0.24285	2.05628	0.04242	-0.27207	2.15329	0.07377	-0.33224	2.17704	0.10278	-0.29936	2.20546	0.04708	-0.34516	2.23217	0.06311	-0.32632	1.90016	0.59698	-0.05226	1.86808	0.47180	-0.10963	1.95121	0.74849	-0.06723	1.90254	0.74722	-0.05636	1.95285	0.68938	-0.07284	1.89099	0.67154	-0.05877	1.74905	0.37376	-0.06741	1.51865	0.19790	-0.16317	1.76054	0.32362	-0.22261	1.77185	0.29780	-0.18131	1.70750	0.29061	-0.23017	1.73749	0.26328	-0.17414	1.55386	0.06278	-0.21783	1.55999	0.06977	-0.25960	1.47470	0.23301	-0.20241	1.53773	0.12786	-0.14176	1.57386	0.13582	-0.17441	1.53539	0.06955	-0.15879	1.56191	0.06249	-0.18450	1.91369	0.93528	-0.16885	1.92284	0.94820	-0.34759	1.85453	0.47260	-0.16034	2.07835	0.52331	-0.31831	1.51874	0.20261	-0.19785	2.09552	0.08271	-0.28169	1.80482	1.02371	-0.25900	1.97413	1.02534	-0.25331	
320	3.19000	1.99466	1.68948	-0.31293	2.03067	1.68162	-0.19826	1.86738	1.58802	-0.27662	1.91810	1.59403	-0.15003	1.85984	1.47995	-0.25380	1.98040	1.39510	-0.26347	1.99901	1.22693	-0.26546	1.80806	1.36849	-0.13613	1.81233	1.20084	-0.25540	2.03762	1.32499	-0.25211	2.03656	1.32919	-0.30108	2.04995	1.26652	-0.25638	2.05651	1.28715	-0.32148	1.88177	1.43233	-0.44924	1.80645	1.07731	-0.46765	1.90494	0.82650	-0.46600	1.84197	0.82855	-0.50229	1.87841	0.76546	-0.50330	1.90273	1.40713	-0.05705	1.90880	1.04887	-0.01078	2.14348	0.90335	-0.00605	2.09828	0.86137	0.03356	2.17679	0.84995	0.04632	1.99305	1.03391	-0.37984	1.82129	1.02713	-0.30749	1.98301	1.01975	-0.12623	1.81487	1.02335	-0.21070	1.78849	1.02862	-0.23326	1.79312	1.02930	-0.28268	1.79231	0.96785	-0.23503	1.78245	0.95534	-0.27175	2.08266	0.62534	-0.43363	2.10060	0.52377	-0.36976	2.04924	0.80086	-0.44459	2.00448	0.78188	-0.45401	2.07068	0.74583	-0.43258	2.01956	0.70673	-0.44269	2.13071	0.35858	-0.40967	2.10890	0.08035	-0.31417	2.12203	0.35075	-0.24113	2.16298	0.34946	-0.26828	2.12390	0.29137	-0.23641	2.17815	0.30290	-0.27089	2.24759	0.04930	-0.28843	2.25339	0.04541	-0.24231	2.05660	0.04263	-0.27190	2.15270	0.07345	-0.33214	2.17769	0.10227	-0.29907	2.20589	0.04670	-0.34579	2.23247	0.06214	-0.32674	1.92463	0.59630	-0.05175	1.89441	0.47130	-0.10829	1.97067	0.74924	-0.06688	1.92198	0.74662	-0.05604	1.97375	0.69021	-0.07253	1.91247	0.67092	-0.05841	1.77513	0.37399	-0.06472	1.53916	0.20615	-0.15794	1.78275	0.32631	-0.22056	1.79406	0.30007	-0.17950	1.72872	0.29449	-0.22756	1.75948	0.26645	-0.17178	1.56400	0.06879	-0.21492	1.57099	0.07602	-0.25556	1.49821	0.24504	-0.19647	1.55275	0.13488	-0.13749	1.58949	0.14033	-0.17006	1.54515	0.07703	-0.15545	1.57147	0.06817	-0.18091	1.92734	0.93668	-0.16884	1.93695	0.94981	-0.34754	1.87966	0.47172	-0.15867	2.08592	0.52198	-0.31938	1.53845	0.21158	-0.19251	2.09599	0.08283	-0.28174	1.81808	1.02524	-0.25909	1.98803	1.02683	-0.25303	
321	3.20000	2.00835	1.69071	-0.31303	2.04447	1.68308	-0.19844	1.88072	1.58982	-0.27622	1.93158	1.59601	-0.14983	1.87343	1.48156	-0.25371	1.99346	1.39655	-0.26285	2.01236	1.22846	-0.26477	1.82041	1.36974	-0.13690	1.82567	1.20221	-0.25544	2.05073	1.32640	-0.25116	2.05000	1.33061	-0.30015	2.06296	1.26791	-0.25537	2.06990	1.28854	-0.32042	1.89547	1.43367	-0.44901	1.82232	1.07819	-0.46882	1.92227	0.82757	-0.46828	1.85983	0.83011	-0.50518	1.89667	0.76698	-0.50647	1.91453	1.40875	-0.05680	1.91684	1.05029	-0.01217	2.14816	0.89947	-0.00716	2.10168	0.85811	0.03179	2.17962	0.84465	0.04488	2.00711	1.03530	-0.37941	1.83532	1.02902	-0.30795	1.99631	1.02112	-0.12584	1.82964	1.02440	-0.21116	1.80306	1.02986	-0.23383	1.80702	1.03097	-0.28307	1.80643	0.96910	-0.23559	1.79643	0.95687	-0.27258	2.07988	0.62462	-0.43605	2.10929	0.52287	-0.37020	2.05950	0.80058	-0.44649	2.01362	0.78180	-0.45326	2.07983	0.74482	-0.43424	2.02779	0.70654	-0.44156	2.13800	0.35691	-0.40889	2.10944	0.08014	-0.31393	2.12657	0.35009	-0.24108	2.16940	0.34844	-0.26781	2.12749	0.29081	-0.23613	2.18369	0.30118	-0.27008	2.24816	0.04857	-0.28849	2.25387	0.04450	-0.24187	2.05689	0.04286	-0.27179	2.15325	0.07367	-0.33209	2.17828	0.10195	-0.29877	2.20601	0.04659	-0.34602	2.23277	0.06171	-0.32689	1.94729	0.59664	-0.05146	1.92080	0.47157	-0.10723	1.98980	0.75067	-0.06661	1.94127	0.74685	-0.05588	1.99451	0.69175	-0.07235	1.93366	0.67097	-0.05826	1.80209	0.37453	-0.06235	1.56094	0.21405	-0.15257	1.80549	0.32988	-0.21881	1.81713	0.30285	-0.17836	1.75114	0.29904	-0.22506	1.78267	0.27005	-0.17016	1.57636	0.07488	-0.21173	1.58383	0.08136	-0.25064	1.52331	0.25596	-0.19029	1.56774	0.14154	-0.13344	1.60616	0.14468	-0.16518	1.55608	0.08505	-0.15216	1.58256	0.07425	-0.17742	1.94074	0.93808	-0.16861	1.95089	0.95122	-0.34729	1.90604	0.47148	-0.15762	2.10283	0.52413	-0.31812	1.55948	0.22009	-0.18701	2.09776	0.08304	-0.28107	1.83248	1.02671	-0.25955	2.00171	1.02821	-0.25262	
322	3.21000	2.02203	1.69217	-0.31302	2.05832	1.68472	-0.19844	1.89415	1.59188	-0.27575	1.94520	1.59824	-0.14942	1.88645	1.48341	-0.25358	2.00629	1.39820	-0.26204	2.02551	1.23019	-0.26400	1.83251	1.37106	-0.13757	1.83886	1.20382	-0.25567	2.06363	1.32799	-0.24985	2.06306	1.33217	-0.29891	2.07579	1.26947	-0.25407	2.08197	1.28996	-0.31924	1.90926	1.43511	-0.44882	1.83815	1.07907	-0.47002	1.94052	0.82946	-0.47112	1.87810	0.83165	-0.50806	1.91545	0.76888	-0.50975	1.92586	1.41037	-0.05640	1.92467	1.05172	-0.01363	2.15232	0.89548	-0.00823	2.10458	0.85493	0.03015	2.18207	0.83940	0.04347	2.02088	1.03653	-0.37903	1.84892	1.03082	-0.30840	2.00939	1.02272	-0.12538	1.84300	1.02567	-0.21147	1.81649	1.03128	-0.23421	1.82026	1.03276	-0.28332	1.81923	0.97079	-0.23635	1.80985	0.95865	-0.27329	2.08362	0.62325	-0.43555	2.11724	0.52226	-0.37067	2.06798	0.79947	-0.44787	2.02186	0.78151	-0.45235	2.08827	0.74373	-0.43591	2.03508	0.70625	-0.43996	2.14406	0.35649	-0.40839	2.10965	0.08025	-0.31379	2.13181	0.34981	-0.24120	2.17402	0.34705	-0.26754	2.13163	0.29050	-0.23615	2.18815	0.29996	-0.27014	2.24852	0.04823	-0.28830	2.25384	0.04380	-0.24126	2.05698	0.04322	-0.27192	2.15387	0.07397	-0.33207	2.17857	0.10184	-0.29851	2.20602	0.04658	-0.34599	2.23283	0.06150	-0.32673	1.96942	0.59795	-0.05129	1.94749	0.47263	-0.10644	2.00859	0.75275	-0.06643	1.96041	0.74792	-0.05598	2.01499	0.69406	-0.07218	1.95467	0.67188	-0.05826	1.82964	0.37528	-0.06031	1.58372	0.22140	-0.14734	1.82882	0.33359	-0.21748	1.84122	0.30597	-0.17739	1.77401	0.30347	-0.22276	1.80345	0.27234	-0.16957	1.59142	0.08060	-0.20815	1.59884	0.08654	-0.24552	1.54966	0.26615	-0.18385	1.58392	0.14778	-0.12914	1.62423	0.14882	-0.15965	1.56914	0.09248	-0.14925	1.59367	0.07977	-0.17408	1.95388	0.93965	-0.16823	1.96451	0.95254	-0.34689	1.93322	0.47204	-0.15696	2.11468	0.52486	-0.31830	1.58152	0.22806	-0.18163	2.09843	0.08346	-0.28080	1.84596	1.02825	-0.25993	2.01513	1.02963	-0.25220	
323	3.22000	2.03562	1.69381	-0.31287	2.07199	1.68650	-0.19829	1.90754	1.59408	-0.27517	1.95873	1.60061	-0.14892	1.89919	1.48540	-0.25349	2.02007	1.40010	-0.26102	2.03839	1.23210	-0.26309	1.84432	1.37240	-0.13833	1.85208	1.20553	-0.25613	2.07677	1.32980	-0.24828	2.07611	1.33396	-0.29737	2.08851	1.27125	-0.25242	2.09507	1.29176	-0.31760	1.92301	1.43661	-0.44856	1.85402	1.07996	-0.47125	1.95879	0.83141	-0.47385	1.89591	0.83315	-0.51080	1.93441	0.77095	-0.51297	1.93691	1.41204	-0.05596	1.93235	1.05325	-0.01506	2.15590	0.89140	-0.00940	2.10684	0.85175	0.02843	2.18369	0.83395	0.04198	2.03442	1.03788	-0.37882	1.86203	1.03259	-0.30863	2.02235	1.02456	-0.12508	1.85624	1.02694	-0.21107	1.82894	1.03282	-0.23436	1.83357	1.03423	-0.28320	1.83279	0.97217	-0.23678	1.82361	0.96010	-0.27375	2.08070	0.62051	-0.43404	2.12361	0.52193	-0.37115	2.07586	0.79830	-0.44898	2.02952	0.78164	-0.45150	2.09578	0.74284	-0.43731	2.04180	0.70612	-0.43825	2.14751	0.35653	-0.40883	2.10970	0.08044	-0.31373	2.13743	0.34953	-0.24138	2.17924	0.34614	-0.26830	2.13660	0.29037	-0.23637	2.19251	0.29886	-0.27113	2.24878	0.04792	-0.28834	2.25391	0.04332	-0.24101	2.05704	0.04340	-0.27192	2.15375	0.07389	-0.33207	2.17855	0.10161	-0.29846	2.20597	0.04647	-0.34609	2.23283	0.06129	-0.32681	1.99277	0.59996	-0.05112	1.97507	0.47451	-0.10593	2.02659	0.75549	-0.06707	1.97954	0.74952	-0.05627	2.03517	0.69680	-0.07222	1.97562	0.67337	-0.05834	1.85788	0.37603	-0.05852	1.60772	0.22828	-0.14199	1.85278	0.33695	-0.21621	1.86608	0.30907	-0.17608	1.79818	0.30763	-0.22038	1.83212	0.27696	-0.16697	1.60241	0.08618	-0.20523	1.61495	0.09297	-0.24116	1.57659	0.27441	-0.17878	1.60307	0.15423	-0.12444	1.64152	0.15200	-0.15456	1.58409	0.10019	-0.14574	1.60745	0.08566	-0.17000	1.96697	0.94140	-0.16794	1.97800	0.95393	-0.34660	1.96098	0.47345	-0.15649	2.12913	0.52722	-0.31921	1.60470	0.23562	-0.17608	2.10040	0.08400	-0.28017	1.85913	1.02977	-0.25985	2.02839	1.03122	-0.25195	
324	3.23000	2.04910	1.69559	-0.31247	2.08546	1.68829	-0.19796	1.92059	1.59650	-0.27459	1.97176	1.60296	-0.14840	1.91142	1.48734	-0.25335	2.03263	1.40209	-0.25992	2.05129	1.23417	-0.26215	1.85609	1.37404	-0.13901	1.86486	1.20746	-0.25670	2.08926	1.33181	-0.24658	2.08898	1.33600	-0.29565	2.10165	1.27337	-0.25060	2.10812	1.29379	-0.31570	1.93665	1.43828	-0.44823	1.86999	1.08108	-0.47255	1.97709	0.83355	-0.47640	1.91427	0.83492	-0.51350	1.95330	0.77333	-0.51599	1.94775	1.41376	-0.05544	1.93981	1.05485	-0.01662	2.15892	0.88725	-0.01056	2.10909	0.84868	0.02728	2.18483	0.82857	0.04040	2.04765	1.03940	-0.37880	1.87531	1.03425	-0.30869	2.03572	1.02691	-0.12477	1.87011	1.02830	-0.21144	1.84235	1.03435	-0.23463	1.84611	1.03599	-0.28330	1.84554	0.97378	-0.23693	1.83605	0.96182	-0.27402	2.08300	0.62083	-0.43338	2.13006	0.52192	-0.37120	2.08294	0.79748	-0.44915	2.03698	0.78108	-0.45030	2.10302	0.74224	-0.43816	2.04852	0.70634	-0.43671	2.14835	0.35610	-0.40967	2.10982	0.08061	-0.31352	2.14344	0.34931	-0.24147	2.18440	0.34515	-0.26928	2.14155	0.29007	-0.23646	2.19688	0.29772	-0.27240	2.24901	0.04776	-0.28832	2.25422	0.04299	-0.24068	2.05721	0.04355	-0.27173	2.15351	0.07373	-0.33192	2.17873	0.10149	-0.29823	2.20605	0.04643	-0.34609	2.23286	0.06111	-0.32668	2.01569	0.60251	-0.05116	2.00177	0.47693	-0.10552	2.04547	0.75856	-0.06733	1.99868	0.75153	-0.05649	2.05501	0.69995	-0.07256	1.99639	0.67525	-0.05857	1.88654	0.37710	-0.05683	1.63234	0.23428	-0.13705	1.87691	0.34049	-0.21463	1.89040	0.31182	-0.17518	1.82394	0.31174	-0.21730	1.85600	0.27984	-0.16542	1.62037	0.09259	-0.20124	1.63352	0.09853	-0.23658	1.60352	0.28151	-0.17421	1.62327	0.16043	-0.12040	1.66214	0.15622	-0.14942	1.60167	0.10730	-0.14233	1.62615	0.09235	-0.16573	1.98053	0.94347	-0.16743	1.99146	0.95542	-0.34615	1.98779	0.47549	-0.15611	2.13957	0.52836	-0.31997	1.62846	0.24241	-0.17087	2.10259	0.08431	-0.27948	1.87271	1.03128	-0.26006	2.04169	1.03316	-0.25178	
325	3.24000	2.06238	1.69748	-0.31196	2.10029	1.69025	-0.19710	1.93344	1.59893	-0.27388	1.98478	1.60526	-0.14778	1.92432	1.48934	-0.25297	2.04483	1.40413	-0.25877	2.06385	1.23623	-0.26114	1.86780	1.37584	-0.13959	1.87744	1.20942	-0.25728	2.10172	1.33403	-0.24476	2.10154	1.33815	-0.29380	2.11416	1.27560	-0.24865	2.12162	1.29604	-0.31351	1.95019	1.44017	-0.44784	1.88594	1.08237	-0.47390	1.99542	0.83590	-0.47887	1.93264	0.83693	-0.51616	1.97241	0.77585	-0.51914	1.95856	1.41557	-0.05494	1.94717	1.05666	-0.01808	2.16141	0.88311	-0.01180	2.11027	0.84573	0.02572	2.18521	0.82315	0.03874	2.06055	1.04107	-0.37901	1.88796	1.03590	-0.30852	2.04851	1.02939	-0.12486	1.88306	1.03004	-0.21138	1.85552	1.03585	-0.23441	1.85915	1.03745	-0.28321	1.85860	0.97550	-0.23671	1.84912	0.96332	-0.27383	2.08958	0.62221	-0.43324	2.13591	0.52192	-0.37107	2.09120	0.79733	-0.44918	2.04370	0.78179	-0.44862	2.11074	0.74193	-0.43831	2.05581	0.70686	-0.43547	2.14915	0.35595	-0.41007	2.10979	0.08066	-0.31320	2.14909	0.34885	-0.24148	2.18955	0.34440	-0.27007	2.14646	0.28970	-0.23646	2.20100	0.29642	-0.27351	2.24925	0.04762	-0.28811	2.25438	0.04257	-0.24030	2.05729	0.04374	-0.27152	2.15400	0.07403	-0.33159	2.17869	0.10135	-0.29770	2.20607	0.04655	-0.34579	2.23297	0.06109	-0.32637	2.03837	0.60550	-0.05122	2.02813	0.47995	-0.10532	2.06630	0.76294	-0.06716	2.01780	0.75388	-0.05673	2.07525	0.70346	-0.07281	2.01710	0.67751	-0.05868	1.91532	0.37871	-0.05514	1.65694	0.23981	-0.13278	1.90195	0.34396	-0.21311	1.91561	0.31519	-0.17394	1.84795	0.31533	-0.21539	1.88258	0.28404	-0.16325	1.64135	0.09807	-0.19635	1.65528	0.10321	-0.23151	1.62966	0.28764	-0.17104	1.64504	0.16654	-0.11625	1.68588	0.16119	-0.14411	1.62269	0.11390	-0.13792	1.64900	0.09838	-0.16039	1.99352	0.94570	-0.16732	2.00450	0.95707	-0.34607	2.01422	0.47810	-0.15591	2.14596	0.52835	-0.31995	1.65228	0.24868	-0.16631	2.10376	0.08440	-0.27893	1.88551	1.03297	-0.25995	2.05453	1.03523	-0.25194	
326	3.25000	2.07554	1.69930	-0.31131	2.11335	1.69198	-0.19643	1.94607	1.60129	-0.27328	1.99757	1.60741	-0.14713	1.93662	1.49132	-0.25255	2.05722	1.40617	-0.25764	2.07650	1.23835	-0.26014	1.87954	1.37778	-0.14007	1.89032	1.21140	-0.25780	2.11378	1.33626	-0.24296	2.11425	1.34040	-0.29202	2.12657	1.27787	-0.24672	2.13445	1.29833	-0.31153	1.96350	1.44214	-0.44732	1.90195	1.08391	-0.47535	2.01372	0.83853	-0.48132	1.95116	0.83914	-0.51890	1.99163	0.77867	-0.52228	1.96929	1.41741	-0.05448	1.95433	1.05855	-0.01953	2.16336	0.87900	-0.01319	2.11045	0.84303	0.02360	2.18509	0.81787	0.03707	2.07323	1.04285	-0.37941	1.90094	1.03743	-0.30831	2.06129	1.03219	-0.12512	1.89554	1.03201	-0.21117	1.86826	1.03770	-0.23412	1.87193	1.03906	-0.28291	1.87130	0.97723	-0.23633	1.86216	0.96490	-0.27315	2.09939	0.62386	-0.43336	2.14230	0.52206	-0.37048	2.10039	0.79752	-0.44879	2.05312	0.78254	-0.44770	2.11928	0.74179	-0.43774	2.06399	0.70749	-0.43404	2.15040	0.35593	-0.41017	2.11016	0.08064	-0.31272	2.15645	0.34879	-0.24065	2.19403	0.34301	-0.27059	2.15187	0.28941	-0.23616	2.20478	0.29514	-0.27417	2.24944	0.04747	-0.28798	2.25448	0.04219	-0.24004	2.05734	0.04397	-0.27134	2.15433	0.07417	-0.33127	2.17883	0.10124	-0.29726	2.20615	0.04660	-0.34557	2.23307	0.06106	-0.32608	2.06029	0.60890	-0.05125	2.05402	0.48340	-0.10508	2.08469	0.76618	-0.06747	2.03692	0.75653	-0.05683	2.09526	0.70729	-0.07305	2.03762	0.68014	-0.05880	1.94339	0.38082	-0.05393	1.68203	0.24463	-0.12915	1.92789	0.34795	-0.21138	1.94124	0.31866	-0.17266	1.87264	0.31912	-0.21350	1.90843	0.28780	-0.16149	1.66554	0.10234	-0.19131	1.68075	0.10736	-0.22626	1.65526	0.29242	-0.16844	1.66931	0.17207	-0.11201	1.71039	0.16598	-0.13943	1.64674	0.11927	-0.13301	1.67365	0.10312	-0.15468	2.00652	0.94816	-0.16726	2.01743	0.95883	-0.34606	2.04047	0.48117	-0.15575	2.15091	0.52796	-0.31903	1.67676	0.25406	-0.16244	2.10491	0.08434	-0.27832	1.89824	1.03472	-0.25974	2.06726	1.03752	-0.25227	
327	3.26000	2.08860	1.70116	-0.31055	2.12641	1.69367	-0.19565	1.95879	1.60346	-0.27262	2.01040	1.60939	-0.14640	1.94907	1.49328	-0.25221	2.06944	1.40821	-0.25650	2.08889	1.24039	-0.25915	1.89118	1.37955	-0.14060	1.90291	1.21328	-0.25833	2.12599	1.33847	-0.24124	2.12673	1.34263	-0.29032	2.13895	1.28020	-0.24511	2.14723	1.30061	-0.30970	1.97671	1.44429	-0.44680	1.91794	1.08561	-0.47669	2.03213	0.84141	-0.48376	1.96975	0.84162	-0.52136	2.01079	0.78168	-0.52532	1.98004	1.41925	-0.05412	1.96135	1.06056	-0.02100	2.16412	0.87475	-0.01455	2.11080	0.84022	0.02236	2.18427	0.81261	0.03534	2.08610	1.04472	-0.37993	1.91423	1.03881	-0.30817	2.07397	1.03518	-0.12564	1.90831	1.03404	-0.21078	1.88087	1.03961	-0.23381	1.88438	1.04071	-0.28255	1.88410	0.97908	-0.23556	1.87543	0.96643	-0.27220	2.11047	0.62473	-0.43303	2.14772	0.52189	-0.36990	2.10995	0.79794	-0.44833	2.06321	0.78395	-0.44614	2.12872	0.74218	-0.43690	2.07297	0.70846	-0.43274	2.15288	0.35565	-0.40987	2.11045	0.08071	-0.31240	2.16054	0.34820	-0.24026	2.19893	0.34206	-0.27064	2.15513	0.28882	-0.23579	2.20793	0.29397	-0.27415	2.24952	0.04733	-0.28778	2.25454	0.04182	-0.23979	2.05749	0.04420	-0.27124	2.15352	0.07392	-0.33091	2.17895	0.10119	-0.29682	2.20623	0.04671	-0.34529	2.23300	0.06104	-0.32573	2.08164	0.61252	-0.05116	2.07949	0.48735	-0.10487	2.10392	0.76996	-0.06748	2.05656	0.75919	-0.05701	2.11525	0.71132	-0.07328	2.05842	0.68310	-0.05875	1.97042	0.38337	-0.05327	1.70724	0.24885	-0.12621	1.95202	0.35137	-0.21051	1.96733	0.32268	-0.17132	1.89780	0.32296	-0.21161	1.93382	0.29173	-0.15988	1.69447	0.10529	-0.18582	1.70937	0.11016	-0.22082	1.67940	0.29585	-0.16606	1.69602	0.17683	-0.10785	1.73701	0.17121	-0.13509	1.67467	0.12305	-0.12795	1.70201	0.10708	-0.14929	2.01957	0.95075	-0.16743	2.03060	0.96064	-0.34626	2.06653	0.48476	-0.15568	2.15373	0.52698	-0.31799	1.70149	0.25867	-0.15931	2.10503	0.08441	-0.27802	1.91127	1.03643	-0.25948	2.08003	1.03995	-0.25279	
328	3.27000	2.10156	1.70304	-0.30966	2.13919	1.69533	-0.19476	1.97153	1.60551	-0.27187	2.02283	1.61127	-0.14570	1.96141	1.49521	-0.25177	2.08153	1.41017	-0.25550	2.10125	1.24235	-0.25833	1.90290	1.38137	-0.14099	1.91519	1.21520	-0.25849	2.13816	1.34061	-0.23967	2.13917	1.34478	-0.28873	2.15102	1.28233	-0.24349	2.15994	1.30281	-0.30802	1.98989	1.44655	-0.44632	1.93383	1.08755	-0.47811	2.05054	0.84448	-0.48617	1.98812	0.84417	-0.52392	2.03002	0.78491	-0.52834	1.99084	1.42109	-0.05378	1.96823	1.06255	-0.02247	2.16518	0.87070	-0.01592	2.11047	0.83769	0.02032	2.18298	0.80752	0.03348	2.09846	1.04651	-0.38047	1.92641	1.04047	-0.30765	2.08661	1.03831	-0.12624	1.92122	1.03606	-0.21036	1.89359	1.04150	-0.23325	1.89709	1.04232	-0.28209	1.89700	0.98095	-0.23467	1.88753	0.96827	-0.27142	2.12168	0.62484	-0.43203	2.15304	0.52158	-0.36906	2.12061	0.79869	-0.44736	2.07355	0.78563	-0.44528	2.13873	0.74278	-0.43575	2.08270	0.70978	-0.43180	2.15691	0.35510	-0.40895	2.11083	0.08089	-0.31205	2.16141	0.34755	-0.24010	2.20179	0.34117	-0.26961	2.15747	0.28848	-0.23503	2.21061	0.29336	-0.27305	2.24974	0.04726	-0.28749	2.25462	0.04147	-0.23951	2.05756	0.04442	-0.27106	2.15399	0.07411	-0.33040	2.17908	0.10114	-0.29622	2.20629	0.04682	-0.34495	2.23321	0.06116	-0.32542	2.10300	0.61627	-0.05093	2.10467	0.49152	-0.10440	2.12253	0.77370	-0.06798	2.07538	0.76212	-0.05644	2.13538	0.71567	-0.07344	2.07919	0.68625	-0.05840	1.99654	0.38711	-0.05252	1.73282	0.25233	-0.12403	1.97811	0.35508	-0.20914	1.99226	0.32657	-0.17024	1.92306	0.32645	-0.21029	1.95949	0.29558	-0.15841	1.72593	0.10794	-0.18020	1.74036	0.11195	-0.21525	1.70302	0.29794	-0.16405	1.72448	0.18061	-0.10386	1.76560	0.17624	-0.13116	1.70542	0.12560	-0.12262	1.73300	0.11045	-0.14404	2.03245	0.95347	-0.16746	2.04328	0.96243	-0.34635	2.09216	0.48858	-0.15530	2.15626	0.52594	-0.31684	1.72689	0.26215	-0.15709	2.10462	0.08465	-0.27781	1.92382	1.03826	-0.25900	2.09254	1.04241	-0.25335	
329	3.28000	2.11418	1.70484	-0.30872	2.15186	1.69697	-0.19376	1.98434	1.60757	-0.27115	2.03537	1.61308	-0.14492	1.96839	1.49691	-0.25061	2.09355	1.41208	-0.25454	2.11357	1.24431	-0.25768	1.91448	1.38310	-0.14143	1.92717	1.21721	-0.25868	2.15016	1.34263	-0.23826	2.15146	1.34683	-0.28733	2.16313	1.28433	-0.24209	2.17230	1.30490	-0.30652	2.00292	1.44885	-0.44582	1.94961	1.08948	-0.47954	2.06898	0.84772	-0.48852	2.00661	0.84696	-0.52646	2.04935	0.78832	-0.53127	2.00167	1.42285	-0.05341	1.97506	1.06470	-0.02394	2.16577	0.86672	-0.01733	2.10992	0.83529	0.01858	2.18061	0.80257	0.03167	2.11079	1.04831	-0.38097	1.93873	1.04210	-0.30704	2.09910	1.04139	-0.12682	1.93286	1.03846	-0.21001	1.90714	1.04315	-0.23222	1.90965	1.04408	-0.28143	1.90926	0.98300	-0.23380	1.90021	0.97004	-0.27031	2.13218	0.62441	-0.43070	2.15823	0.52124	-0.36803	2.13167	0.79959	-0.44606	2.08440	0.78708	-0.44449	2.14897	0.74347	-0.43441	2.09249	0.71086	-0.43138	2.16173	0.35459	-0.40766	2.11071	0.08089	-0.31169	2.16378	0.34695	-0.23886	2.20383	0.34043	-0.26788	2.15803	0.28846	-0.23401	2.21253	0.29262	-0.27103	2.24997	0.04724	-0.28718	2.25476	0.04113	-0.23913	2.05761	0.04464	-0.27090	2.15403	0.07416	-0.32984	2.17920	0.10110	-0.29553	2.20638	0.04697	-0.34453	2.23335	0.06126	-0.32490	2.12419	0.62023	-0.05068	2.12965	0.49592	-0.10376	2.14111	0.77796	-0.06807	2.09437	0.76549	-0.05579	2.15447	0.72035	-0.07343	2.09987	0.68966	-0.05784	2.02184	0.39222	-0.05131	1.75931	0.25465	-0.12192	2.00373	0.35867	-0.20778	2.01808	0.33035	-0.16902	1.95106	0.33075	-0.20807	1.98142	0.29789	-0.15812	1.75878	0.10942	-0.17467	1.77296	0.11311	-0.20999	1.72639	0.29841	-0.16228	1.75385	0.18333	-0.10029	1.79565	0.18058	-0.12806	1.73913	0.12712	-0.11698	1.76735	0.11338	-0.13851	2.04510	0.95623	-0.16751	2.05580	0.96429	-0.34645	2.11755	0.49262	-0.15474	2.15904	0.52510	-0.31568	1.75351	0.26393	-0.15516	2.10339	0.08475	-0.27768	1.93580	1.04028	-0.25852	2.10495	1.04485	-0.25389	
330	3.29000	2.12687	1.70672	-0.30769	2.16445	1.69859	-0.19276	1.99660	1.60963	-0.27043	2.04781	1.61485	-0.14401	1.98099	1.49874	-0.25010	2.10570	1.41396	-0.25361	2.12569	1.24619	-0.25714	1.92610	1.38478	-0.14195	1.93966	1.21903	-0.25872	2.16218	1.34446	-0.23703	2.16376	1.34877	-0.28608	2.17492	1.28613	-0.24090	2.18464	1.30683	-0.30521	2.01591	1.45123	-0.44531	1.96527	1.09149	-0.48082	2.08754	0.85119	-0.49085	2.02558	0.84992	-0.52892	2.06870	0.79183	-0.53405	2.01268	1.42457	-0.05302	1.98176	1.06675	-0.02550	2.16674	0.86286	-0.01850	2.10877	0.83330	0.01595	2.17809	0.79779	0.02998	2.12309	1.05004	-0.38125	1.95142	1.04382	-0.30635	2.11135	1.04437	-0.12727	1.94513	1.04070	-0.20939	1.91952	1.04520	-0.23153	1.92195	1.04592	-0.28072	1.92206	0.98497	-0.23275	1.91268	0.97186	-0.26935	2.14095	0.62465	-0.42974	2.16344	0.52101	-0.36691	2.14283	0.80044	-0.44453	2.09539	0.78857	-0.44381	2.15921	0.74406	-0.43280	2.10230	0.71235	-0.43027	2.16688	0.35411	-0.40617	2.11090	0.08097	-0.31142	2.16482	0.34676	-0.23769	2.20556	0.33959	-0.26585	2.15827	0.28828	-0.23286	2.21334	0.29183	-0.26889	2.25005	0.04716	-0.28692	2.25423	0.04055	-0.23888	2.05763	0.04488	-0.27080	2.15378	0.07407	-0.32921	2.17918	0.10103	-0.29490	2.20642	0.04709	-0.34413	2.23338	0.06134	-0.32449	2.14690	0.62447	-0.05017	2.15418	0.50063	-0.10341	2.16011	0.78251	-0.06798	2.11475	0.76957	-0.05604	2.17500	0.72504	-0.07376	2.12062	0.69325	-0.05702	2.04655	0.39787	-0.05009	1.78573	0.25653	-0.11992	2.02966	0.36204	-0.20633	2.04434	0.33395	-0.16786	1.97724	0.33344	-0.20677	2.00776	0.30117	-0.15692	1.79095	0.10920	-0.16848	1.80753	0.11389	-0.20421	1.74946	0.29730	-0.16080	1.78604	0.18583	-0.09657	1.82746	0.18513	-0.12535	1.77368	0.12789	-0.11154	1.80243	0.11504	-0.13350	2.05753	0.95890	-0.16745	2.06827	0.96609	-0.34643	2.14129	0.49684	-0.15417	2.16291	0.52468	-0.31454	1.78009	0.26522	-0.15336	2.10264	0.08493	-0.27764	1.94828	1.04226	-0.25787	2.11722	1.04721	-0.25426	
331	3.30000	2.13940	1.70849	-0.30666	2.17686	1.70017	-0.19166	2.00917	1.61155	-0.26951	2.05999	1.61655	-0.14320	1.99800	1.50092	-0.25045	2.11761	1.41574	-0.25273	2.13771	1.24799	-0.25666	1.93774	1.38649	-0.14220	1.95181	1.22095	-0.25879	2.17410	1.34615	-0.23599	2.17591	1.35058	-0.28502	2.18674	1.28779	-0.23989	2.19687	1.30859	-0.30413	2.02876	1.45351	-0.44477	1.98080	1.09345	-0.48204	2.10607	0.85474	-0.49308	2.04427	0.85294	-0.53122	2.08812	0.79546	-0.53678	2.02370	1.42613	-0.05265	1.98856	1.06888	-0.02704	2.16698	0.85917	-0.01995	2.10748	0.83117	0.01391	2.17547	0.79326	0.02811	2.13547	1.05175	-0.38131	1.96396	1.04575	-0.30574	2.12351	1.04716	-0.12755	1.95661	1.04291	-0.20839	1.93053	1.04750	-0.23055	1.93409	1.04785	-0.28004	1.93439	0.98702	-0.23193	1.92483	0.97393	-0.26848	2.14799	0.62584	-0.42922	2.16831	0.52085	-0.36587	2.15380	0.80119	-0.44290	2.10620	0.78990	-0.44307	2.16918	0.74449	-0.43124	2.11158	0.71342	-0.42997	2.17155	0.35372	-0.40467	2.11201	0.08009	-0.31127	2.16652	0.34697	-0.23627	2.20630	0.33927	-0.26422	2.15942	0.28817	-0.23141	2.21410	0.29097	-0.26707	2.25010	0.04708	-0.28672	2.25430	0.04035	-0.23864	2.05777	0.04520	-0.27087	2.15439	0.07430	-0.32886	2.17959	0.10039	-0.29461	2.20655	0.04725	-0.34384	2.23343	0.06144	-0.32418	2.16972	0.62897	-0.04952	2.17723	0.50563	-0.10323	2.17864	0.78720	-0.06805	2.13254	0.77297	-0.05468	2.19495	0.73010	-0.07389	2.14121	0.69710	-0.05621	2.07114	0.40362	-0.04905	1.81443	0.25736	-0.11820	2.05567	0.36524	-0.20566	2.07068	0.33730	-0.16690	2.00259	0.33586	-0.20601	2.03455	0.30404	-0.15591	1.83344	0.11147	-0.16219	1.84305	0.11344	-0.19833	1.77356	0.29457	-0.15964	1.81884	0.18760	-0.09321	1.85905	0.18837	-0.12330	1.80992	0.12875	-0.10573	1.83910	0.11698	-0.12811	2.06978	0.96147	-0.16730	2.08068	0.96790	-0.34629	2.16282	0.50121	-0.15352	2.16739	0.52454	-0.31351	1.80887	0.26547	-0.15179	2.10320	0.08411	-0.27764	1.96029	1.04433	-0.25706	2.12949	1.04945	-0.25443	
332	3.31000	2.15207	1.71022	-0.30553	2.18926	1.70168	-0.19055	2.02124	1.61346	-0.26868	2.07200	1.61814	-0.14235	2.01059	1.50263	-0.24992	2.12968	1.41746	-0.25189	2.14973	1.24977	-0.25621	1.94938	1.38812	-0.14246	1.96427	1.22258	-0.25875	2.18594	1.34772	-0.23502	2.18804	1.35225	-0.28403	2.19848	1.28931	-0.23905	2.20886	1.31029	-0.30320	2.04147	1.45573	-0.44412	1.99613	1.09538	-0.48327	2.12465	0.85840	-0.49523	2.06281	0.85599	-0.53366	2.10765	0.79914	-0.53936	2.03478	1.42756	-0.05221	1.99534	1.07086	-0.02864	2.16669	0.85549	-0.02147	2.10592	0.82928	0.01164	2.17212	0.78877	0.02622	2.14781	1.05328	-0.38104	1.97624	1.04760	-0.30527	2.13548	1.04978	-0.12759	1.96853	1.04497	-0.20790	1.94312	1.04954	-0.23006	1.94629	1.04995	-0.27952	1.94642	0.98913	-0.23136	1.93722	0.97583	-0.26783	2.15415	0.62696	-0.42878	2.17275	0.52080	-0.36500	2.16407	0.80200	-0.44131	2.11668	0.79137	-0.44241	2.17889	0.74500	-0.42954	2.12093	0.71472	-0.42939	2.17528	0.35369	-0.40349	2.11216	0.08018	-0.31107	2.16797	0.34684	-0.23551	2.20760	0.33899	-0.26318	2.15910	0.28763	-0.23155	2.21576	0.29057	-0.26604	2.25022	0.04704	-0.28655	2.25501	0.04047	-0.23825	2.05775	0.04528	-0.27094	2.15428	0.07423	-0.32854	2.17972	0.10038	-0.29435	2.20656	0.04730	-0.34359	2.23348	0.06152	-0.32390	2.19283	0.63362	-0.04844	2.20090	0.51054	-0.10269	2.19644	0.79192	-0.06827	2.15106	0.77673	-0.05383	2.21373	0.73522	-0.07418	2.16050	0.70099	-0.05539	2.09537	0.40907	-0.04808	1.84254	0.25653	-0.11657	2.08180	0.36814	-0.20477	2.09734	0.34034	-0.16603	2.02901	0.33781	-0.20512	2.06175	0.30651	-0.15499	1.86951	0.11080	-0.15624	1.87922	0.11238	-0.19272	1.79892	0.29039	-0.15857	1.85278	0.18909	-0.08973	1.89184	0.19111	-0.12082	1.84827	0.12955	-0.09960	1.87609	0.11834	-0.12238	2.08186	0.96388	-0.16690	2.09303	0.96955	-0.34590	2.18515	0.50543	-0.15251	2.17189	0.52456	-0.31264	1.83720	0.26391	-0.15036	2.10304	0.08429	-0.27752	1.97239	1.04629	-0.25658	2.14165	1.05153	-0.25431	
333	3.32000	2.16440	1.71182	-0.30444	2.20156	1.70307	-0.18941	2.03381	1.61520	-0.26777	2.08427	1.61963	-0.14138	2.02215	1.50427	-0.24937	2.14156	1.41904	-0.25108	2.16164	1.25139	-0.25578	1.96106	1.38966	-0.14261	1.97674	1.22420	-0.25867	2.19796	1.34916	-0.23418	2.20018	1.35384	-0.28313	2.21027	1.29075	-0.23830	2.22092	1.31188	-0.30230	2.05412	1.45783	-0.44352	2.01131	1.09714	-0.48437	2.14318	0.86210	-0.49735	2.08164	0.85906	-0.53589	2.12718	0.80286	-0.54183	2.04599	1.42886	-0.05176	2.00226	1.07286	-0.03023	2.16643	0.85202	-0.02289	2.10376	0.82774	0.00851	2.16884	0.78462	0.02420	2.16015	1.05465	-0.38054	1.98858	1.04950	-0.30471	2.14736	1.05220	-0.12746	1.98189	1.04682	-0.20758	1.95635	1.05133	-0.22982	1.95870	1.05184	-0.27896	1.95927	0.99091	-0.23074	1.94947	0.97778	-0.26733	2.16041	0.62771	-0.42831	2.17644	0.52087	-0.36436	2.17489	0.80282	-0.43953	2.12686	0.79258	-0.44169	2.18814	0.74538	-0.42797	2.13000	0.71609	-0.42853	2.17698	0.35388	-0.40307	2.11232	0.08025	-0.31089	2.16963	0.34667	-0.23517	2.20940	0.33872	-0.26296	2.16063	0.28751	-0.23121	2.21642	0.29025	-0.26599	2.25029	0.04700	-0.28637	2.25424	0.03995	-0.23833	2.05755	0.04564	-0.27073	2.15433	0.07426	-0.32822	2.17974	0.10036	-0.29402	2.20659	0.04738	-0.34339	2.23363	0.06162	-0.32371	2.21314	0.63840	-0.04809	2.22428	0.51531	-0.10207	2.21405	0.79664	-0.06823	2.16931	0.78058	-0.05313	2.23244	0.74034	-0.07416	2.18043	0.70507	-0.05444	2.11929	0.41389	-0.04732	1.87138	0.25446	-0.11494	2.10775	0.37052	-0.20389	2.12402	0.34310	-0.16524	2.05613	0.33936	-0.20382	2.08912	0.30849	-0.15410	1.90441	0.10931	-0.15035	1.91601	0.11061	-0.18666	1.82556	0.28496	-0.15793	1.88592	0.18967	-0.08649	1.92196	0.19208	-0.11851	1.88504	0.12961	-0.09365	1.91325	0.11909	-0.11632	2.09381	0.96613	-0.16634	2.10533	0.97106	-0.34535	2.20857	0.50978	-0.15186	2.17520	0.52458	-0.31201	1.86635	0.26098	-0.14896	2.10337	0.08435	-0.27731	1.98524	1.04816	-0.25615	2.15376	1.05342	-0.25400	
334	3.33000	2.17671	1.71333	-0.30330	2.21384	1.70435	-0.18823	2.04570	1.61682	-0.26700	2.09636	1.62101	-0.14049	2.03490	1.50571	-0.24883	2.15360	1.42049	-0.25027	2.17366	1.25286	-0.25528	1.97274	1.39108	-0.14277	1.98892	1.22571	-0.25883	2.20993	1.35050	-0.23326	2.21241	1.35537	-0.28226	2.22219	1.29210	-0.23757	2.23314	1.31338	-0.30149	2.06670	1.45978	-0.44284	2.02632	1.09879	-0.48546	2.16168	0.86593	-0.49929	2.10163	0.86254	-0.53749	2.14660	0.80654	-0.54419	2.05725	1.43004	-0.05133	2.00931	1.07483	-0.03175	2.16492	0.84852	-0.02453	2.10184	0.82615	0.00613	2.16529	0.78070	0.02212	2.17237	1.05581	-0.37984	2.00070	1.05126	-0.30443	2.15904	1.05441	-0.12716	1.99389	1.04878	-0.20728	1.96840	1.05335	-0.22959	1.97148	1.05352	-0.27875	1.97075	0.99306	-0.23047	1.96172	0.97968	-0.26687	2.16716	0.62817	-0.42779	2.17939	0.52095	-0.36401	2.18476	0.80326	-0.43806	2.13667	0.79378	-0.44104	2.19652	0.74566	-0.42656	2.13795	0.71709	-0.42839	2.17698	0.35404	-0.40328	2.11238	0.08037	-0.31062	2.17022	0.34625	-0.23577	2.21126	0.33833	-0.26330	2.16280	0.28746	-0.23111	2.21800	0.28980	-0.26642	2.25030	0.04695	-0.28627	2.25436	0.03982	-0.23821	2.05656	0.04658	-0.27087	2.15442	0.07432	-0.32796	2.17963	0.10030	-0.29365	2.20662	0.04745	-0.34318	2.23344	0.06159	-0.32348	2.23352	0.64302	-0.04736	2.24697	0.52025	-0.10161	2.23111	0.80136	-0.06801	2.18696	0.78432	-0.05219	2.25069	0.74542	-0.07393	2.19983	0.70916	-0.05354	2.14342	0.41794	-0.04653	1.90138	0.25110	-0.11303	2.13387	0.37259	-0.20305	2.15105	0.34562	-0.16450	2.08259	0.33986	-0.20310	2.11717	0.31016	-0.15329	1.94198	0.10769	-0.14381	1.95318	0.10754	-0.18044	1.85341	0.27821	-0.15770	1.91903	0.18928	-0.08341	1.95541	0.19276	-0.11553	1.92156	0.12892	-0.08786	1.95027	0.11913	-0.11021	2.10548	0.96824	-0.16561	2.11739	0.97243	-0.34461	2.23104	0.51428	-0.15127	2.17699	0.52448	-0.31168	1.89650	0.25690	-0.14720	2.10389	0.08444	-0.27692	1.99730	1.05002	-0.25586	2.16571	1.05511	-0.25350	
335	3.34000	2.18927	1.71465	-0.30216	2.22612	1.70545	-0.18710	2.05806	1.61822	-0.26605	2.10840	1.62227	-0.13953	2.04705	1.50697	-0.24819	2.16565	1.42178	-0.24948	2.18579	1.25416	-0.25471	1.98455	1.39243	-0.14267	2.00074	1.22707	-0.25875	2.22198	1.35173	-0.23244	2.22451	1.35669	-0.28133	2.23399	1.29331	-0.23680	2.24537	1.31474	-0.30061	2.07926	1.46160	-0.44217	2.04121	1.10031	-0.48644	2.18030	0.86969	-0.50127	2.12029	0.86554	-0.53961	2.16382	0.80999	-0.54676	2.06859	1.43105	-0.05086	2.01639	1.07673	-0.03327	2.16403	0.84532	-0.02598	2.09993	0.82494	0.00354	2.16206	0.77695	0.02005	2.18450	1.05669	-0.37904	2.01297	1.05283	-0.30416	2.17072	1.05646	-0.12668	2.00619	1.05042	-0.20691	1.98038	1.05509	-0.22936	1.98344	1.05525	-0.27862	1.98285	0.99476	-0.23014	1.97339	0.98145	-0.26667	2.17516	0.62857	-0.42709	2.18191	0.52097	-0.36384	2.19415	0.80342	-0.43654	2.14608	0.79475	-0.44024	2.20503	0.74585	-0.42502	2.14596	0.71805	-0.42793	2.17661	0.35401	-0.40372	2.11251	0.08103	-0.31023	2.17257	0.34613	-0.23580	2.21332	0.33798	-0.26382	2.16470	0.28738	-0.23110	2.21984	0.28946	-0.26703	2.25035	0.04689	-0.28618	2.25445	0.03971	-0.23814	2.05662	0.04691	-0.27068	2.15450	0.07435	-0.32773	2.17964	0.10028	-0.29337	2.20667	0.04753	-0.34297	2.23363	0.06172	-0.32331	2.25318	0.64745	-0.04657	2.26910	0.52511	-0.10109	2.24790	0.80593	-0.06749	2.20429	0.78804	-0.05123	2.26851	0.75036	-0.07357	2.21913	0.71317	-0.05244	2.16795	0.42101	-0.04580	1.93152	0.24664	-0.11159	2.16036	0.37415	-0.20201	2.17809	0.34777	-0.16371	2.11012	0.33995	-0.20200	2.14523	0.31136	-0.15240	1.98013	0.10556	-0.13729	1.99191	0.10445	-0.17391	1.88229	0.27024	-0.15760	1.95230	0.18781	-0.08052	1.98837	0.19210	-0.11291	1.95847	0.12776	-0.08226	1.98764	0.11855	-0.10421	2.11715	0.97016	-0.16468	2.12939	0.97351	-0.34367	2.25313	0.51877	-0.15069	2.17715	0.52418	-0.31165	1.92665	0.25198	-0.14584	2.10425	0.08511	-0.27647	2.00958	1.05162	-0.25554	2.17761	1.05657	-0.25286	
336	3.35000	2.20146	1.71573	-0.30107	2.23834	1.70641	-0.18596	2.07024	1.61946	-0.26516	2.12071	1.62321	-0.13855	2.05906	1.50801	-0.24752	2.17774	1.42288	-0.24864	2.19800	1.25525	-0.25408	1.99635	1.39357	-0.14268	2.01316	1.22821	-0.25877	2.23395	1.35278	-0.23144	2.23660	1.35784	-0.28037	2.24593	1.29435	-0.23593	2.25757	1.31595	-0.29966	2.09171	1.46317	-0.44141	2.05590	1.10171	-0.48737	2.19887	0.87344	-0.50304	2.13887	0.86846	-0.54155	2.18327	0.81368	-0.54895	2.07997	1.43190	-0.05034	2.02363	1.07848	-0.03487	2.16307	0.84222	-0.02766	2.09798	0.82381	0.00110	2.15807	0.77348	0.01776	2.19649	1.05729	-0.37818	2.02516	1.05414	-0.30388	2.18227	1.05829	-0.12613	2.01755	1.05198	-0.20670	1.99248	1.05657	-0.22922	1.99568	1.05665	-0.27849	1.99440	0.99631	-0.22971	1.98519	0.98288	-0.26621	2.17985	0.62839	-0.42707	2.18426	0.52096	-0.36382	2.20313	0.80365	-0.43533	2.15397	0.79549	-0.43992	2.21292	0.74562	-0.42401	2.15352	0.71902	-0.42750	2.17716	0.35390	-0.40396	2.11258	0.08118	-0.31008	2.17446	0.34607	-0.23598	2.21512	0.33793	-0.26425	2.16644	0.28740	-0.23118	2.22107	0.28908	-0.26748	2.25044	0.04690	-0.28609	2.25445	0.03957	-0.23803	2.05672	0.04722	-0.27060	2.15455	0.07440	-0.32754	2.17973	0.10028	-0.29321	2.20672	0.04760	-0.34280	2.23367	0.06178	-0.32318	2.27250	0.65174	-0.04570	2.29057	0.52977	-0.10043	2.26423	0.81028	-0.06677	2.22108	0.79145	-0.05015	2.28587	0.75515	-0.07301	2.23692	0.71678	-0.05149	2.19172	0.42319	-0.04508	1.96228	0.24108	-0.11027	2.18675	0.37543	-0.20109	2.20412	0.34939	-0.16247	2.13765	0.33960	-0.20095	2.17378	0.31223	-0.15141	2.01881	0.10305	-0.13101	2.03087	0.10104	-0.16763	1.91166	0.26104	-0.15729	1.98602	0.18560	-0.07791	2.02171	0.19069	-0.11050	1.99596	0.12613	-0.07696	2.02559	0.11765	-0.09857	2.12864	0.97188	-0.16367	2.14121	0.97436	-0.34266	2.27444	0.52302	-0.14994	2.17955	0.52416	-0.31163	1.95741	0.24599	-0.14458	2.10469	0.08526	-0.27623	2.02135	1.05306	-0.25529	2.18938	1.05779	-0.25215	
337	3.36000	2.21367	1.71661	-0.29996	2.25059	1.70712	-0.18483	2.08233	1.62040	-0.26429	2.13265	1.62400	-0.13764	2.07154	1.50892	-0.24681	2.18987	1.42376	-0.24778	2.21004	1.25610	-0.25340	2.00824	1.39452	-0.14262	2.02512	1.22917	-0.25871	2.24601	1.35368	-0.23051	2.24889	1.35882	-0.27938	2.25795	1.29525	-0.23500	2.26974	1.31693	-0.29871	2.10476	1.46445	-0.44073	2.07051	1.10293	-0.48824	2.21717	0.87710	-0.50477	2.15734	0.87126	-0.54339	2.20261	0.81729	-0.55098	2.09145	1.43257	-0.04983	2.03095	1.08018	-0.03640	2.16207	0.83935	-0.02933	2.09616	0.82306	-0.00158	2.15419	0.77037	0.01544	2.20832	1.05763	-0.37733	2.03714	1.05516	-0.30364	2.19378	1.05988	-0.12552	2.02973	1.05303	-0.20631	2.00435	1.05775	-0.22894	2.00746	1.05779	-0.27794	2.00623	0.99752	-0.22934	1.99736	0.98395	-0.26573	2.18500	0.62869	-0.42683	2.18616	0.52076	-0.36411	2.21165	0.80344	-0.43423	2.16261	0.79613	-0.43914	2.22032	0.74559	-0.42289	2.16020	0.71999	-0.42714	2.17843	0.35376	-0.40402	2.11270	0.08133	-0.31008	2.17581	0.34607	-0.23610	2.21648	0.33751	-0.26437	2.16748	0.28743	-0.23125	2.22220	0.28883	-0.26757	2.25051	0.04688	-0.28605	2.25422	0.03937	-0.23809	2.05674	0.04756	-0.27061	2.15461	0.07443	-0.32744	2.17974	0.10028	-0.29312	2.20669	0.04758	-0.34272	2.23364	0.06172	-0.32307	2.29182	0.65601	-0.04470	2.31155	0.53432	-0.09968	2.27988	0.81420	-0.06594	2.23737	0.79464	-0.04896	2.30261	0.75957	-0.07237	2.25495	0.72042	-0.05048	2.21582	0.42484	-0.04407	1.99341	0.23448	-0.10905	2.21273	0.37612	-0.20001	2.23052	0.35078	-0.16143	2.16516	0.33862	-0.19985	2.20080	0.31256	-0.14991	2.05859	0.10061	-0.12525	2.07050	0.09758	-0.16182	1.94176	0.25021	-0.15681	2.02040	0.18269	-0.07559	2.05719	0.18906	-0.10833	2.03405	0.12401	-0.07222	2.06173	0.11579	-0.09382	2.14015	0.97331	-0.16261	2.15296	0.97491	-0.34159	2.29506	0.52709	-0.14899	2.18079	0.52385	-0.31198	1.98846	0.23909	-0.14339	2.10466	0.08548	-0.27627	2.03343	1.05409	-0.25498	2.20105	1.05876	-0.25143	
338	3.37000	2.22614	1.71729	-0.29887	2.26275	1.70766	-0.18371	2.09475	1.62100	-0.26336	2.14501	1.62458	-0.13663	2.08362	1.50959	-0.24607	2.20195	1.42439	-0.24689	2.22201	1.25668	-0.25269	2.02016	1.39528	-0.14250	2.03750	1.23003	-0.25864	2.25792	1.35430	-0.22942	2.26101	1.35950	-0.27834	2.26993	1.29589	-0.23397	2.28198	1.31763	-0.29762	2.11751	1.46559	-0.43998	2.08487	1.10437	-0.48959	2.23541	0.88069	-0.50638	2.17570	0.87391	-0.54508	2.22199	0.82090	-0.55291	2.10300	1.43303	-0.04922	2.03843	1.08170	-0.03803	2.16114	0.83662	-0.03115	2.09444	0.82254	-0.00431	2.15019	0.76746	0.01286	2.21997	1.05777	-0.37662	2.04883	1.05599	-0.30319	2.20532	1.06117	-0.12492	2.04128	1.05392	-0.20596	2.01642	1.05861	-0.22838	2.01918	1.05869	-0.27747	2.01786	0.99839	-0.22876	2.00903	0.98492	-0.26527	2.18896	0.62897	-0.42674	2.18888	0.52078	-0.36425	2.21977	0.80329	-0.43343	2.17068	0.79682	-0.43843	2.22737	0.74523	-0.42216	2.16683	0.72061	-0.42671	2.18043	0.35372	-0.40396	2.11282	0.08154	-0.31013	2.17677	0.34617	-0.23613	2.21747	0.33744	-0.26422	2.16834	0.28785	-0.23117	2.22314	0.28877	-0.26730	2.25057	0.04685	-0.28603	2.25424	0.03929	-0.23807	2.05672	0.04803	-0.27069	2.15471	0.07445	-0.32746	2.17999	0.10038	-0.29315	2.20681	0.04754	-0.34270	2.23380	0.06174	-0.32306	2.31045	0.65993	-0.04357	2.33197	0.53852	-0.09871	2.29518	0.81790	-0.06493	2.25328	0.79760	-0.04765	2.31880	0.76365	-0.07158	2.27217	0.72368	-0.04931	2.23958	0.42605	-0.04297	2.02505	0.22688	-0.10775	2.23874	0.37649	-0.19889	2.26040	0.35263	-0.16029	2.19280	0.33725	-0.19869	2.23079	0.31282	-0.14907	2.09896	0.09805	-0.12024	2.11060	0.09413	-0.15666	1.97249	0.23886	-0.15642	2.05575	0.17917	-0.07354	2.09166	0.18658	-0.10686	2.07335	0.12176	-0.06795	2.10132	0.11459	-0.08950	2.15162	0.97449	-0.16159	2.16452	0.97526	-0.34057	2.31527	0.53084	-0.14789	2.18423	0.52388	-0.31204	2.02006	0.23113	-0.14213	2.10486	0.08574	-0.27631	2.04506	1.05495	-0.25457	2.21264	1.05947	-0.25077	
339	3.38000	2.23824	1.71767	-0.29782	2.27498	1.70799	-0.18261	2.10676	1.62152	-0.26250	2.15697	1.62493	-0.13576	2.09581	1.51005	-0.24534	2.21411	1.42478	-0.24594	2.23406	1.25703	-0.25187	2.03217	1.39582	-0.14231	2.04953	1.23057	-0.25857	2.27002	1.35466	-0.22837	2.27323	1.35990	-0.27724	2.28192	1.29620	-0.23292	2.29412	1.31800	-0.29648	2.12985	1.46643	-0.43912	2.09910	1.10517	-0.49044	2.25352	0.88416	-0.50792	2.19398	0.87651	-0.54658	2.24138	0.82440	-0.55470	2.11469	1.43333	-0.04858	2.04598	1.08307	-0.03964	2.16029	0.83410	-0.03303	2.09300	0.82224	-0.00705	2.14645	0.76497	0.01030	2.23149	1.05765	-0.37599	2.06030	1.05656	-0.30249	2.21686	1.06214	-0.12431	2.05247	1.05477	-0.20536	2.02802	1.05936	-0.22765	2.03114	1.05928	-0.27687	2.02961	0.99908	-0.22805	2.02030	0.98557	-0.26444	2.19232	0.62919	-0.42675	2.19157	0.52068	-0.36437	2.22741	0.80280	-0.43307	2.17832	0.79734	-0.43783	2.23425	0.74466	-0.42191	2.17316	0.72115	-0.42630	2.18261	0.35374	-0.40383	2.11300	0.08177	-0.31019	2.17760	0.34630	-0.23619	2.21846	0.33740	-0.26401	2.16885	0.28775	-0.23127	2.22388	0.28866	-0.26707	2.25063	0.04681	-0.28604	2.25411	0.03915	-0.23806	2.05684	0.04851	-0.27078	2.15479	0.07449	-0.32746	2.17999	0.10039	-0.29316	2.20690	0.04754	-0.34271	2.23386	0.06166	-0.32306	2.32858	0.66356	-0.04230	2.35154	0.54239	-0.09769	2.30999	0.82123	-0.06379	2.26864	0.80024	-0.04625	2.33467	0.76739	-0.07063	2.28900	0.72672	-0.04805	2.26294	0.42673	-0.04187	2.05757	0.21852	-0.10643	2.26482	0.37648	-0.19767	2.28739	0.35353	-0.15905	2.22100	0.33518	-0.19740	2.25928	0.31259	-0.14770	2.13992	0.09552	-0.11582	2.15063	0.09076	-0.15246	2.00421	0.22571	-0.15575	2.09131	0.17483	-0.07180	2.12578	0.18352	-0.10591	2.11183	0.11876	-0.06444	2.14192	0.11343	-0.08563	2.16300	0.97540	-0.16061	2.17588	0.97539	-0.33959	2.33458	0.53425	-0.14670	2.18804	0.52377	-0.31208	2.05255	0.22242	-0.14084	2.10514	0.08602	-0.27635	2.05639	1.05567	-0.25392	2.22417	1.05989	-0.25015	
340	3.39000	2.25064	1.71788	-0.29679	2.28718	1.70816	-0.18158	2.11911	1.62173	-0.26155	2.16932	1.62508	-0.13470	2.10876	1.51033	-0.24449	2.22636	1.42493	-0.24499	2.24611	1.25715	-0.25112	2.04422	1.39607	-0.14208	2.06141	1.23100	-0.25819	2.28199	1.35473	-0.22718	2.28534	1.35998	-0.27609	2.29398	1.29629	-0.23184	2.30626	1.31810	-0.29535	2.14253	1.46706	-0.43821	2.11315	1.10569	-0.49110	2.27181	0.88762	-0.50934	2.21155	0.87849	-0.54861	2.26072	0.82786	-0.55638	2.12647	1.43337	-0.04785	2.05357	1.08437	-0.04100	2.15966	0.83183	-0.03492	2.09185	0.82219	-0.00999	2.14368	0.76302	0.00795	2.24292	1.05735	-0.37548	2.07218	1.05677	-0.30164	2.22850	1.06277	-0.12381	2.06444	1.05510	-0.20448	2.03987	1.05976	-0.22687	2.04237	1.05972	-0.27588	2.04093	0.99958	-0.22714	2.03138	0.98604	-0.26346	2.19562	0.62936	-0.42679	2.19452	0.52066	-0.36448	2.23494	0.80255	-0.43231	2.18589	0.79781	-0.43728	2.24096	0.74414	-0.42157	2.17939	0.72167	-0.42595	2.18460	0.35379	-0.40379	2.11324	0.08211	-0.31020	2.17943	0.34637	-0.23626	2.21971	0.33728	-0.26399	2.16972	0.28781	-0.23127	2.22504	0.28860	-0.26700	2.25059	0.04672	-0.28603	2.25418	0.03915	-0.23815	2.05813	0.04843	-0.27058	2.15491	0.07456	-0.32742	2.18012	0.10043	-0.29313	2.20691	0.04749	-0.34265	2.23396	0.06164	-0.32302	2.34573	0.66668	-0.04089	2.37046	0.54595	-0.09657	2.32435	0.82421	-0.06264	2.28348	0.80256	-0.04469	2.35004	0.77079	-0.06952	2.30506	0.72940	-0.04660	2.28552	0.42684	-0.04067	2.09072	0.20918	-0.10489	2.29043	0.37576	-0.19640	2.31310	0.35410	-0.15786	2.24892	0.33286	-0.19607	2.28884	0.31215	-0.14611	2.18142	0.09290	-0.11196	2.19202	0.08767	-0.14845	2.03676	0.21227	-0.15466	2.12671	0.16960	-0.07033	2.16039	0.17951	-0.10470	2.15188	0.11563	-0.06116	2.18218	0.11177	-0.08233	2.17456	0.97593	-0.15975	2.18730	0.97526	-0.33874	2.35360	0.53748	-0.14556	2.19231	0.52372	-0.31212	2.08579	0.21258	-0.13937	2.10567	0.08638	-0.27629	2.06831	1.05594	-0.25306	2.23571	1.06006	-0.24965	
341	3.40000	2.26309	1.71785	-0.29576	2.29945	1.70811	-0.18055	2.13127	1.62172	-0.26054	2.18068	1.62508	-0.13398	2.12142	1.51035	-0.24365	2.23859	1.42480	-0.24396	2.25805	1.25697	-0.25033	2.05641	1.39629	-0.14166	2.07319	1.23115	-0.25775	2.29405	1.35449	-0.22607	2.29766	1.35983	-0.27490	2.30587	1.29603	-0.23074	2.31834	1.31791	-0.29421	2.15498	1.46738	-0.43733	2.12711	1.10597	-0.49158	2.28963	0.89081	-0.51060	2.22953	0.88069	-0.54997	2.27978	0.83115	-0.55789	2.13837	1.43319	-0.04708	2.06127	1.08547	-0.04252	2.15933	0.82978	-0.03703	2.09098	0.82227	-0.01271	2.13926	0.76083	0.00447	2.25412	1.05687	-0.37512	2.08388	1.05681	-0.30071	2.24013	1.06305	-0.12335	2.07633	1.05530	-0.20342	2.05147	1.05995	-0.22566	2.05425	1.05984	-0.27493	2.05251	0.99976	-0.22599	2.04319	0.98610	-0.26220	2.19938	0.62954	-0.42680	2.19730	0.52059	-0.36454	2.24267	0.80223	-0.43151	2.19300	0.79800	-0.43665	2.24732	0.74350	-0.42133	2.18566	0.72203	-0.42562	2.18613	0.35385	-0.40383	2.11342	0.08199	-0.31024	2.18112	0.34646	-0.23636	2.22137	0.33718	-0.26418	2.17111	0.28800	-0.23146	2.22638	0.28846	-0.26720	2.25072	0.04671	-0.28600	2.25482	0.03932	-0.23799	2.05837	0.04893	-0.27042	2.15507	0.07462	-0.32734	2.18045	0.10054	-0.29310	2.20702	0.04752	-0.34256	2.23403	0.06160	-0.32295	2.36212	0.66926	-0.03937	2.38842	0.54909	-0.09554	2.33820	0.82677	-0.06138	2.29791	0.80462	-0.04319	2.36488	0.77378	-0.06833	2.32062	0.73173	-0.04501	2.30782	0.42649	-0.03935	2.12453	0.19919	-0.10343	2.31584	0.37482	-0.19496	2.33966	0.35451	-0.15643	2.27599	0.33015	-0.19481	2.31756	0.31138	-0.14467	2.22294	0.09000	-0.10857	2.23417	0.08482	-0.14483	2.07097	0.19828	-0.15417	2.16296	0.16347	-0.06870	2.19575	0.17495	-0.10338	2.19200	0.11171	-0.05826	2.22220	0.10940	-0.07937	2.18602	0.97618	-0.15899	2.19846	0.97496	-0.33800	2.37173	0.54035	-0.14454	2.19594	0.52360	-0.31214	2.11970	0.20211	-0.13797	2.10616	0.08627	-0.27627	2.08011	1.05605	-0.25207	2.24713	1.05996	-0.24923	
342	3.41000	2.27535	1.71757	-0.29474	2.31181	1.70787	-0.17953	2.14380	1.62139	-0.25948	2.19182	1.62482	-0.13331	2.13360	1.51012	-0.24273	2.25081	1.42443	-0.24297	2.27018	1.25659	-0.24959	2.06868	1.39624	-0.14112	2.08507	1.23116	-0.25711	2.30623	1.35398	-0.22497	2.30982	1.35936	-0.27383	2.31790	1.29552	-0.22969	2.33057	1.31741	-0.29312	2.16747	1.46741	-0.43641	2.14096	1.10603	-0.49209	2.30752	0.89392	-0.51178	2.24769	0.88283	-0.55124	2.29887	0.83430	-0.55939	2.15049	1.43280	-0.04622	2.06904	1.08648	-0.04378	2.15920	0.82786	-0.03921	2.09112	0.82212	-0.01757	2.13644	0.75925	0.00160	2.26517	1.05605	-0.37495	2.09441	1.05679	-0.29950	2.25166	1.06296	-0.12300	2.08783	1.05513	-0.20225	2.06288	1.05996	-0.22447	2.06547	1.05974	-0.27349	2.06379	0.99967	-0.22472	2.05419	0.98616	-0.26108	2.20383	0.62961	-0.42693	2.20026	0.52052	-0.36462	2.24955	0.80116	-0.43168	2.20028	0.79811	-0.43624	2.25399	0.74269	-0.42105	2.19190	0.72258	-0.42517	2.18730	0.35391	-0.40401	2.11365	0.08282	-0.30992	2.18296	0.34689	-0.23662	2.22317	0.33696	-0.26454	2.17275	0.28793	-0.23149	2.22805	0.28822	-0.26742	2.25073	0.04666	-0.28601	2.25484	0.03926	-0.23803	2.05843	0.04954	-0.27028	2.15518	0.07471	-0.32725	2.18055	0.10058	-0.29303	2.20712	0.04751	-0.34251	2.23436	0.06166	-0.32297	2.37788	0.67126	-0.03803	2.40551	0.55172	-0.09449	2.35260	0.82908	-0.06012	2.31173	0.80625	-0.04165	2.37904	0.77622	-0.06707	2.33523	0.73356	-0.04346	2.32990	0.42556	-0.03801	2.15814	0.18867	-0.10250	2.34201	0.37412	-0.19361	2.36621	0.35472	-0.15488	2.30440	0.32700	-0.19343	2.34474	0.31058	-0.14342	2.26452	0.08666	-0.10563	2.27587	0.08154	-0.14174	2.10586	0.18421	-0.15301	2.19946	0.15635	-0.06707	2.23167	0.16958	-0.10187	2.23202	0.10693	-0.05562	2.26232	0.10633	-0.07674	2.19730	0.97611	-0.15838	2.20939	0.97436	-0.33740	2.38896	0.54272	-0.14349	2.19927	0.52347	-0.31221	2.15336	0.19125	-0.13708	2.10678	0.08711	-0.27587	2.09112	1.05596	-0.25088	2.25841	1.05951	-0.24898	
343	3.42000	2.28766	1.71709	-0.29376	2.32427	1.70745	-0.17853	2.15602	1.62083	-0.25843	2.20554	1.62428	-0.13190	2.14677	1.50974	-0.24153	2.26325	1.42381	-0.24194	2.28211	1.25596	-0.24887	2.08096	1.39597	-0.14053	2.09777	1.23084	-0.25626	2.31848	1.35320	-0.22387	2.32203	1.35859	-0.27275	2.32986	1.29465	-0.22867	2.34270	1.31665	-0.29207	2.18017	1.46731	-0.43545	2.15471	1.10582	-0.49234	2.32501	0.89672	-0.51280	2.26549	0.88462	-0.55223	2.31765	0.83728	-0.56068	2.16477	1.43214	-0.04522	2.07693	1.08732	-0.04499	2.15994	0.82655	-0.04097	2.09079	0.82305	-0.01922	2.13400	0.75790	-0.00150	2.27634	1.05520	-0.37471	2.10603	1.05638	-0.29825	2.26342	1.06273	-0.12266	2.09916	1.05493	-0.20106	2.07448	1.05973	-0.22322	2.07720	1.05937	-0.27233	2.07552	0.99940	-0.22330	2.06575	0.98587	-0.25952	2.20885	0.62944	-0.42700	2.20314	0.52034	-0.36469	2.25734	0.80065	-0.43141	2.20759	0.79858	-0.43583	2.26060	0.74194	-0.42087	2.19827	0.72274	-0.42515	2.18832	0.35396	-0.40421	2.11378	0.08321	-0.30973	2.18577	0.34679	-0.23717	2.22513	0.33678	-0.26493	2.17455	0.28798	-0.23153	2.22970	0.28797	-0.26785	2.25089	0.04667	-0.28600	2.25503	0.03926	-0.23801	2.05858	0.05017	-0.27000	2.15534	0.07482	-0.32714	2.18064	0.10061	-0.29299	2.20721	0.04751	-0.34242	2.23441	0.06161	-0.32285	2.39292	0.67271	-0.03678	2.42198	0.55389	-0.09325	2.36564	0.83073	-0.05884	2.32498	0.80748	-0.04021	2.39281	0.77819	-0.06575	2.34919	0.73499	-0.04186	2.35199	0.42406	-0.03654	2.19486	0.17796	-0.10069	2.36739	0.37285	-0.19207	2.39115	0.35388	-0.15295	2.33182	0.32373	-0.19180	2.37386	0.30954	-0.14161	2.30613	0.08287	-0.10319	2.31775	0.07824	-0.13901	2.13899	0.17035	-0.15221	2.23656	0.14851	-0.06554	2.26802	0.16354	-0.10032	2.27231	0.10149	-0.05347	2.30259	0.10258	-0.07436	2.20887	0.97586	-0.15775	2.22054	0.97368	-0.33680	2.40570	0.54471	-0.14231	2.20211	0.52323	-0.31228	2.19021	0.18004	-0.13531	2.10723	0.08751	-0.27562	2.10260	1.05566	-0.24966	2.26988	1.05896	-0.24868	
344	3.43000	2.30020	1.71638	-0.29275	2.33683	1.70682	-0.17755	2.16872	1.62004	-0.25738	2.21815	1.62358	-0.13082	2.15942	1.50924	-0.24042	2.27579	1.42300	-0.24090	2.29413	1.25505	-0.24818	2.09339	1.39553	-0.13981	2.10912	1.23054	-0.25527	2.33069	1.35214	-0.22289	2.33421	1.35758	-0.27176	2.34196	1.29357	-0.22775	2.35484	1.31559	-0.29110	2.19267	1.46689	-0.43445	2.16843	1.10529	-0.49255	2.34253	0.89940	-0.51374	2.28320	0.88624	-0.55314	2.33632	0.84007	-0.56186	2.17716	1.43127	-0.04426	2.08483	1.08805	-0.04611	2.16013	0.82475	-0.04376	2.09186	0.82304	-0.02327	2.13217	0.75680	-0.00467	2.28738	1.05416	-0.37439	2.11749	1.05580	-0.29683	2.27447	1.06194	-0.12209	2.11121	1.05443	-0.19971	2.08589	1.05934	-0.22177	2.08805	1.05908	-0.27091	2.08726	0.99891	-0.22170	2.07699	0.98543	-0.25810	2.21418	0.62904	-0.42709	2.20616	0.52014	-0.36474	2.26503	0.79988	-0.43097	2.21507	0.79849	-0.43570	2.26733	0.74113	-0.42064	2.20474	0.72267	-0.42514	2.18961	0.35403	-0.40433	2.11396	0.08317	-0.30968	2.18740	0.34651	-0.23683	2.22700	0.33647	-0.26518	2.17642	0.28803	-0.23153	2.23135	0.28769	-0.26818	2.25096	0.04665	-0.28600	2.25509	0.03918	-0.23803	2.05867	0.05081	-0.26975	2.15557	0.07492	-0.32697	2.18101	0.10078	-0.29290	2.20735	0.04753	-0.34229	2.23455	0.06160	-0.32276	2.40743	0.67370	-0.03557	2.43769	0.55559	-0.09194	2.37861	0.83196	-0.05752	2.33923	0.80845	-0.03878	2.40601	0.77959	-0.06449	2.36304	0.73606	-0.04056	2.37425	0.42194	-0.03492	2.23152	0.16702	-0.09923	2.39258	0.37159	-0.19050	2.41733	0.35408	-0.15135	2.35994	0.32064	-0.19030	2.40250	0.30873	-0.14007	2.34799	0.07916	-0.10120	2.36010	0.07533	-0.13683	2.17560	0.15625	-0.15117	2.27431	0.14032	-0.06401	2.30498	0.15722	-0.09864	2.31242	0.09581	-0.05157	2.34303	0.09895	-0.07236	2.21975	0.97515	-0.15723	2.23141	0.97279	-0.33628	2.42157	0.54615	-0.14101	2.20486	0.52301	-0.31233	2.22683	0.16878	-0.13387	2.10763	0.08747	-0.27553	2.11435	1.05511	-0.24827	2.28092	1.05805	-0.24824	
345	3.44000	2.31267	1.71550	-0.29178	2.34945	1.70597	-0.17658	2.18118	1.61908	-0.25621	2.23118	1.62268	-0.12960	2.17230	1.50863	-0.23932	2.28826	1.42191	-0.23993	2.30618	1.25390	-0.24752	2.10595	1.39494	-0.13892	2.12117	1.23006	-0.25411	2.34305	1.35081	-0.22193	2.34650	1.35629	-0.27082	2.35406	1.29219	-0.22692	2.36694	1.31429	-0.29025	2.20506	1.46622	-0.43341	2.18204	1.10454	-0.49250	2.35974	0.90184	-0.51456	2.30075	0.88769	-0.55388	2.35475	0.84271	-0.56296	2.18990	1.43019	-0.04319	2.09282	1.08867	-0.04714	2.16129	0.82346	-0.04613	2.09307	0.82362	-0.02590	2.13101	0.75594	-0.00780	2.29825	1.05297	-0.37408	2.12829	1.05512	-0.29551	2.28645	1.06117	-0.12168	2.12270	1.05378	-0.19835	2.09730	1.05881	-0.22033	2.10002	1.05831	-0.26961	2.09804	0.99852	-0.22041	2.08789	0.98493	-0.25650	2.21923	0.62854	-0.42719	2.20937	0.51997	-0.36479	2.27272	0.79897	-0.43059	2.22342	0.79856	-0.43531	2.27409	0.74013	-0.42039	2.21133	0.72255	-0.42527	2.19108	0.35404	-0.40435	2.11377	0.08343	-0.30957	2.18951	0.34658	-0.23701	2.22894	0.33621	-0.26537	2.17789	0.28800	-0.23157	2.23279	0.28734	-0.26835	2.25112	0.04667	-0.28602	2.25514	0.03911	-0.23807	2.05869	0.05157	-0.26948	2.15569	0.07505	-0.32688	2.18123	0.10088	-0.29276	2.20741	0.04756	-0.34216	2.23467	0.06161	-0.32267	2.42110	0.67418	-0.03439	2.45263	0.55675	-0.09044	2.39077	0.83244	-0.05632	2.35162	0.80863	-0.03764	2.41876	0.78035	-0.06340	2.37595	0.73643	-0.03964	2.39648	0.41933	-0.03316	2.26934	0.15674	-0.09802	2.41698	0.37043	-0.18898	2.44286	0.35436	-0.14992	2.38749	0.31770	-0.18893	2.43068	0.30811	-0.13879	2.39005	0.07606	-0.09963	2.40241	0.07312	-0.13522	2.21237	0.14205	-0.14979	2.31263	0.13232	-0.06266	2.34243	0.15137	-0.09715	2.35363	0.09042	-0.05003	2.38396	0.09556	-0.07072	2.23142	0.97442	-0.15648	2.24230	0.97176	-0.33557	2.43685	0.54722	-0.13960	2.20811	0.52277	-0.31238	2.26459	0.15822	-0.13266	2.10765	0.08776	-0.27538	2.12550	1.05445	-0.24693	2.29235	1.05707	-0.24788	
346	3.45000	2.32517	1.71434	-0.29078	2.36214	1.70491	-0.17561	2.19424	1.61780	-0.25496	2.24384	1.62153	-0.12853	2.18489	1.50760	-0.23810	2.30084	1.42060	-0.23891	2.31811	1.25254	-0.24685	2.11863	1.39422	-0.13783	2.13316	1.22939	-0.25279	2.35519	1.34918	-0.22110	2.35874	1.35476	-0.26992	2.36620	1.29058	-0.22613	2.37905	1.31271	-0.28945	2.21736	1.46535	-0.43237	2.19568	1.10361	-0.49239	2.37674	0.90404	-0.51522	2.31812	0.88888	-0.55452	2.37288	0.84509	-0.56381	2.20281	1.42890	-0.04211	2.10082	1.08911	-0.04808	2.16297	0.82239	-0.04854	2.09472	0.82496	-0.02685	2.13064	0.75524	-0.01101	2.30922	1.05167	-0.37371	2.14016	1.05417	-0.29416	2.29822	1.06008	-0.12117	2.13428	1.05309	-0.19702	2.10889	1.05808	-0.21882	2.11093	1.05766	-0.26823	2.10995	0.99767	-0.21868	2.09941	0.98412	-0.25494	2.22427	0.62806	-0.42736	2.21275	0.51973	-0.36482	2.28054	0.79794	-0.43030	2.23132	0.79823	-0.43537	2.28122	0.73911	-0.42013	2.21799	0.72225	-0.42542	2.19306	0.35406	-0.40435	2.11399	0.08385	-0.30937	2.19142	0.34650	-0.23695	2.23073	0.33592	-0.26552	2.17975	0.28820	-0.23156	2.23452	0.28710	-0.26848	2.25107	0.04660	-0.28602	2.25538	0.03914	-0.23806	2.05888	0.05242	-0.26919	2.15586	0.07522	-0.32677	2.18133	0.10094	-0.29266	2.20748	0.04759	-0.34207	2.23482	0.06160	-0.32263	2.43416	0.67418	-0.03329	2.46693	0.55733	-0.08887	2.40262	0.83226	-0.05512	2.36335	0.80819	-0.03667	2.43075	0.78031	-0.06240	2.38783	0.73605	-0.03907	2.41864	0.41646	-0.03145	2.30667	0.14645	-0.09682	2.44074	0.36931	-0.18749	2.46900	0.35563	-0.14904	2.41463	0.31501	-0.18765	2.45846	0.30775	-0.13775	2.43219	0.07388	-0.09863	2.44464	0.07191	-0.13420	2.25066	0.12852	-0.14869	2.35110	0.12471	-0.06146	2.37980	0.14587	-0.09598	2.39486	0.08567	-0.04896	2.42476	0.09284	-0.06959	2.24290	0.97342	-0.15579	2.25322	0.97061	-0.33491	2.45151	0.54773	-0.13813	2.21166	0.52246	-0.31241	2.30176	0.14772	-0.13145	2.10801	0.08821	-0.27516	2.13722	1.05363	-0.24559	2.30372	1.05587	-0.24744	
347	3.46000	2.33781	1.71302	-0.28972	2.37483	1.70362	-0.17462	2.20660	1.61644	-0.25382	2.25683	1.62021	-0.12738	2.19791	1.50644	-0.23673	2.31345	1.41902	-0.23791	2.33002	1.25093	-0.24624	2.13139	1.39334	-0.13667	2.14481	1.22852	-0.25147	2.36759	1.34738	-0.22025	2.37099	1.35302	-0.26907	2.37827	1.28871	-0.22540	2.39121	1.31092	-0.28872	2.22973	1.46434	-0.43115	2.20917	1.10269	-0.49248	2.39368	0.90603	-0.51570	2.33538	0.88989	-0.55497	2.39084	0.84729	-0.56461	2.21592	1.42737	-0.04090	2.10894	1.08948	-0.04890	2.16504	0.82142	-0.05112	2.09700	0.82553	-0.02958	2.13120	0.75455	-0.01421	2.32019	1.05022	-0.37326	2.15087	1.05325	-0.29277	2.31032	1.05882	-0.12073	2.14460	1.05241	-0.19526	2.11925	1.05736	-0.21712	2.12238	1.05665	-0.26680	2.12128	0.99678	-0.21724	2.11058	0.98317	-0.25327	2.22931	0.62761	-0.42752	2.21639	0.51947	-0.36485	2.28843	0.79671	-0.43004	2.23929	0.79768	-0.43542	2.28830	0.73793	-0.41997	2.22482	0.72192	-0.42558	2.19510	0.35407	-0.40433	2.11464	0.08449	-0.30908	2.19368	0.34653	-0.23705	2.23271	0.33565	-0.26557	2.18143	0.28828	-0.23159	2.23596	0.28675	-0.26849	2.25111	0.04654	-0.28603	2.25535	0.03904	-0.23809	2.05895	0.05327	-0.26902	2.15546	0.07509	-0.32669	2.18155	0.10110	-0.29263	2.20761	0.04761	-0.34199	2.23491	0.06157	-0.32254	2.44637	0.67370	-0.03208	2.48067	0.55726	-0.08720	2.41400	0.83138	-0.05407	2.37469	0.80721	-0.03594	2.44200	0.77944	-0.06159	2.39924	0.73513	-0.03863	2.44075	0.41327	-0.02987	2.34434	0.13691	-0.09559	2.46395	0.36811	-0.18618	2.49320	0.35600	-0.14793	2.44070	0.31202	-0.18621	2.48574	0.30755	-0.13674	2.47418	0.07265	-0.09813	2.48635	0.07150	-0.13370	2.29178	0.11546	-0.14732	2.38987	0.11786	-0.06049	2.41714	0.14061	-0.09497	2.43626	0.08178	-0.04824	2.46564	0.09106	-0.06893	2.25456	0.97232	-0.15503	2.26409	0.96938	-0.33420	2.46582	0.54773	-0.13664	2.21558	0.52211	-0.31242	2.33922	0.13795	-0.13020	2.10892	0.08887	-0.27483	2.14774	1.05283	-0.24401	2.31525	1.05452	-0.24699	
348	3.47000	2.35120	1.71146	-0.28844	2.38771	1.70213	-0.17362	2.21975	1.61475	-0.25254	2.27244	1.61861	-0.12543	2.21116	1.50516	-0.23544	2.32607	1.41729	-0.23693	2.34194	1.24914	-0.24558	2.14559	1.39201	-0.13525	2.15694	1.22743	-0.25007	2.37992	1.34532	-0.21945	2.38325	1.35100	-0.26829	2.39044	1.28665	-0.22474	2.40324	1.30891	-0.28802	2.24216	1.46319	-0.42993	2.22276	1.10125	-0.49189	2.41005	0.90767	-0.51613	2.35206	0.89068	-0.55519	2.40830	0.84919	-0.56521	2.22921	1.42568	-0.03967	2.11715	1.08977	-0.04950	2.16787	0.82066	-0.05367	2.10020	0.82554	-0.03290	2.13246	0.75411	-0.01741	2.33181	1.04881	-0.37252	2.16242	1.05200	-0.29132	2.32239	1.05732	-0.12014	2.15654	1.05114	-0.19391	2.13088	1.05624	-0.21548	2.13362	1.05559	-0.26508	2.13286	0.99562	-0.21565	2.12202	0.98198	-0.25164	2.23433	0.62711	-0.42756	2.22005	0.51918	-0.36486	2.29662	0.79549	-0.42980	2.24741	0.79709	-0.43548	2.29542	0.73666	-0.41975	2.23182	0.72153	-0.42574	2.19718	0.35409	-0.40431	2.11454	0.08482	-0.30903	2.19575	0.34654	-0.23713	2.23468	0.33531	-0.26578	2.18334	0.28839	-0.23161	2.23757	0.28641	-0.26877	2.25114	0.04652	-0.28605	2.25541	0.03900	-0.23814	2.05896	0.05408	-0.26882	2.15609	0.07546	-0.32669	2.18195	0.10127	-0.29267	2.20776	0.04764	-0.34194	2.23501	0.06153	-0.32249	2.45768	0.67262	-0.03072	2.49361	0.55652	-0.08547	2.42456	0.82972	-0.05320	2.38534	0.80562	-0.03525	2.45272	0.77783	-0.06079	2.40955	0.73341	-0.03816	2.46235	0.41019	-0.02833	2.38212	0.12800	-0.09431	2.48670	0.36668	-0.18475	2.51702	0.35637	-0.14670	2.46709	0.30941	-0.18488	2.51251	0.30751	-0.13565	2.51573	0.07247	-0.09802	2.52844	0.07248	-0.13373	2.33131	0.10348	-0.14625	2.42919	0.11214	-0.05979	2.45455	0.13651	-0.09433	2.47748	0.07889	-0.04780	2.50667	0.09035	-0.06867	2.26647	0.97090	-0.15429	2.27569	0.96801	-0.33347	2.47953	0.54720	-0.13519	2.21969	0.52170	-0.31243	2.37689	0.12877	-0.12891	2.10903	0.08921	-0.27474	2.15948	1.05157	-0.24261	2.32710	1.05306	-0.24633	
349	3.48000	2.36396	1.70976	-0.28737	2.40065	1.70044	-0.17256	2.23211	1.61311	-0.25127	2.28375	1.61691	-0.12469	2.22336	1.50365	-0.23381	2.33880	1.41537	-0.23590	2.35388	1.24714	-0.24491	2.15872	1.39083	-0.13367	2.16881	1.22630	-0.24857	2.39245	1.34311	-0.21866	2.39561	1.34887	-0.26752	2.40254	1.28435	-0.22408	2.41534	1.30669	-0.28739	2.25414	1.46181	-0.42870	2.23613	1.10007	-0.49178	2.42419	0.90903	-0.51570	2.36702	0.89114	-0.55453	2.42554	0.85090	-0.56563	2.24265	1.42383	-0.03832	2.12543	1.08990	-0.05004	2.17116	0.81997	-0.05625	2.10353	0.82682	-0.03364	2.13434	0.75370	-0.02065	2.34285	1.04716	-0.37196	2.17308	1.05087	-0.28970	2.33450	1.05565	-0.11954	2.16845	1.04991	-0.19248	2.14175	1.05511	-0.21410	2.14559	1.05424	-0.26369	2.14457	0.99432	-0.21411	2.13134	0.98143	-0.24982	2.23973	0.62658	-0.42760	2.22377	0.51890	-0.36488	2.30480	0.79420	-0.42961	2.25554	0.79638	-0.43526	2.30283	0.73540	-0.41960	2.23882	0.72107	-0.42593	2.19917	0.35417	-0.40442	2.11482	0.08543	-0.30887	2.19835	0.34656	-0.23718	2.23728	0.33512	-0.26625	2.18516	0.28836	-0.23165	2.23963	0.28587	-0.26908	2.25119	0.04650	-0.28608	2.25633	0.03930	-0.23860	2.05916	0.05496	-0.26856	2.15570	0.07538	-0.32659	2.18091	0.10172	-0.29261	2.20778	0.04768	-0.34189	2.23513	0.06152	-0.32247	2.46768	0.67055	-0.02914	2.50590	0.55516	-0.08378	2.43494	0.82746	-0.05217	2.39540	0.80334	-0.03447	2.46276	0.77542	-0.05998	2.41941	0.73107	-0.03771	2.48237	0.40738	-0.02663	2.41955	0.11980	-0.09318	2.50921	0.36536	-0.18328	2.54012	0.35676	-0.14538	2.49260	0.30711	-0.18368	2.53875	0.30774	-0.13442	2.55696	0.07352	-0.09822	2.56841	0.07380	-0.13393	2.37091	0.09314	-0.14488	2.46805	0.10722	-0.05906	2.49170	0.13331	-0.09371	2.51855	0.07711	-0.04769	2.54649	0.09016	-0.06879	2.27820	0.96940	-0.15347	2.28666	0.96650	-0.33269	2.49316	0.54637	-0.13395	2.22350	0.52133	-0.31244	2.41476	0.12018	-0.12785	2.10953	0.08984	-0.27456	2.17077	1.05039	-0.24109	2.33867	1.05140	-0.24575	
350	3.49000	2.37685	1.70791	-0.28623	2.41372	1.69860	-0.17151	2.24521	1.61121	-0.24986	2.29661	1.61500	-0.12354	2.23635	1.50197	-0.23236	2.35157	1.41331	-0.23486	2.36595	1.24504	-0.24423	2.17179	1.38945	-0.13212	2.18107	1.22498	-0.24704	2.40494	1.34072	-0.21791	2.40801	1.34655	-0.26677	2.41485	1.28194	-0.22346	2.42748	1.30433	-0.28680	2.26640	1.46035	-0.42733	2.24951	1.09847	-0.49118	2.44126	0.91058	-0.51617	2.38337	0.89156	-0.55446	2.44264	0.85238	-0.56588	2.25598	1.42176	-0.03694	2.13398	1.09007	-0.05035	2.17503	0.81938	-0.05883	2.10768	0.82736	-0.03543	2.13727	0.75344	-0.02378	2.35405	1.04539	-0.37138	2.18460	1.04943	-0.28824	2.34674	1.05386	-0.11890	2.18024	1.04831	-0.19089	2.15366	1.05369	-0.21261	2.15751	1.05271	-0.26202	2.15630	0.99293	-0.21241	2.14351	0.97997	-0.24805	2.24548	0.62606	-0.42760	2.22771	0.51869	-0.36489	2.31316	0.79296	-0.42947	2.26359	0.79575	-0.43563	2.31030	0.73415	-0.41945	2.24604	0.72056	-0.42605	2.20123	0.35431	-0.40442	2.11500	0.08652	-0.30860	2.20081	0.34653	-0.23730	2.23939	0.33447	-0.26616	2.18764	0.28867	-0.23170	2.24011	0.28490	-0.26896	2.25119	0.04645	-0.28611	2.25548	0.03841	-0.23824	2.05925	0.05609	-0.26824	2.15598	0.07568	-0.32653	2.18130	0.10231	-0.29263	2.20794	0.04776	-0.34184	2.23535	0.06153	-0.32245	2.47660	0.66747	-0.02764	2.51767	0.55326	-0.08226	2.44476	0.82441	-0.05114	2.40526	0.80055	-0.03369	2.47235	0.77226	-0.05903	2.42881	0.72811	-0.03713	2.50093	0.40453	-0.02481	2.45692	0.11290	-0.09240	2.53012	0.36343	-0.18165	2.56261	0.35733	-0.14415	2.51804	0.30504	-0.18248	2.56425	0.30836	-0.13334	2.59729	0.07576	-0.09861	2.60840	0.07680	-0.13450	2.41104	0.08364	-0.14231	2.50675	0.10344	-0.05849	2.52838	0.13110	-0.09316	2.55923	0.07656	-0.04775	2.58652	0.09161	-0.06908	2.29017	0.96770	-0.15262	2.29790	0.96482	-0.33188	2.50681	0.54533	-0.13301	2.22743	0.52103	-0.31244	2.45312	0.11291	-0.12720	2.10992	0.09096	-0.27425	2.18242	1.04887	-0.23956	2.35039	1.04963	-0.24514	
351	3.50000	2.38983	1.70595	-0.28510	2.42690	1.69658	-0.17041	2.25829	1.60915	-0.24843	2.30995	1.61298	-0.12218	2.25007	1.50044	-0.23070	2.36448	1.41113	-0.23384	2.37807	1.24281	-0.24351	2.18476	1.38795	-0.13035	2.19272	1.22359	-0.24541	2.41745	1.33819	-0.21718	2.42034	1.34410	-0.26602	2.42715	1.27939	-0.22286	2.43952	1.30181	-0.28619	2.27855	1.45871	-0.42593	2.26283	1.09678	-0.49041	2.45707	0.91154	-0.51605	2.39955	0.89176	-0.55430	2.45935	0.85362	-0.56598	2.26992	1.41965	-0.03548	2.14271	1.09008	-0.05059	2.17961	0.81890	-0.06138	2.11247	0.82791	-0.03732	2.14090	0.75310	-0.02681	2.36528	1.04354	-0.37072	2.19635	1.04783	-0.28671	2.35918	1.05194	-0.11815	2.19178	1.04681	-0.18941	2.16596	1.05197	-0.21088	2.16871	1.05115	-0.26035	2.16829	0.99127	-0.21092	2.15561	0.97841	-0.24638	2.25144	0.62551	-0.42767	2.23189	0.51856	-0.36491	2.32154	0.79159	-0.42935	2.27178	0.79486	-0.43569	2.31791	0.73285	-0.41937	2.25328	0.71998	-0.42609	2.20343	0.35451	-0.40446	2.11553	0.08724	-0.30833	2.20372	0.34664	-0.23739	2.24184	0.33411	-0.26644	2.18975	0.28871	-0.23177	2.24569	0.28646	-0.27009	2.25128	0.04644	-0.28619	2.25561	0.03833	-0.23827	2.05939	0.05740	-0.26773	2.15624	0.07601	-0.32646	2.18171	0.10258	-0.29257	2.20813	0.04786	-0.34174	2.23557	0.06152	-0.32237	2.48416	0.66361	-0.02618	2.52886	0.55079	-0.08097	2.45475	0.82088	-0.04989	2.41478	0.79726	-0.03266	2.48159	0.76848	-0.05789	2.43746	0.72462	-0.03628	2.51940	0.40136	-0.02336	2.49342	0.10726	-0.09179	2.55217	0.36316	-0.18065	2.58418	0.35805	-0.14309	2.54352	0.30336	-0.18140	2.58882	0.30919	-0.13245	2.63672	0.07940	-0.09913	2.64740	0.08109	-0.13513	2.44822	0.07506	-0.14210	2.54478	0.10073	-0.05788	2.56427	0.12984	-0.09272	2.59911	0.07680	-0.04769	2.62539	0.09371	-0.06929	2.30228	0.96590	-0.15166	2.30915	0.96307	-0.33095	2.52051	0.54413	-0.13237	2.23157	0.52081	-0.31246	2.49058	0.10700	-0.12668	2.11070	0.09168	-0.27395	2.19406	1.04732	-0.23806	2.36223	1.04774	-0.24443	
352	3.51000	2.40276	1.70385	-0.28386	2.44010	1.69449	-0.16931	2.27159	1.60701	-0.24691	2.32312	1.61092	-0.12085	2.26353	1.49851	-0.22897	2.37730	1.40883	-0.23279	2.39030	1.24052	-0.24279	2.19827	1.38647	-0.12853	2.20494	1.22193	-0.24373	2.43008	1.33559	-0.21638	2.43285	1.34157	-0.26525	2.43942	1.27676	-0.22224	2.45180	1.29923	-0.28559	2.29054	1.45696	-0.42448	2.27596	1.09495	-0.48951	2.47283	0.91232	-0.51574	2.41549	0.89179	-0.55392	2.47581	0.85458	-0.56586	2.28359	1.41736	-0.03399	2.15176	1.09012	-0.05062	2.18476	0.81844	-0.06380	2.11791	0.82820	-0.03909	2.14527	0.75277	-0.02952	2.37659	1.04161	-0.37003	2.20815	1.04608	-0.28514	2.37174	1.04990	-0.11741	2.20439	1.04477	-0.18781	2.17873	1.04996	-0.20916	2.18049	1.04939	-0.25863	2.18015	0.98949	-0.20929	2.16749	0.97665	-0.24477	2.25740	0.62510	-0.42769	2.23621	0.51850	-0.36503	2.32989	0.79025	-0.42928	2.28016	0.79410	-0.43572	2.32559	0.73160	-0.41930	2.26064	0.71943	-0.42612	2.20556	0.35477	-0.40455	2.11694	0.08837	-0.30845	2.20662	0.34673	-0.23747	2.24458	0.33394	-0.26671	2.19229	0.28896	-0.23170	2.24464	0.28439	-0.26968	2.25134	0.04641	-0.28623	2.25570	0.03828	-0.23834	2.05953	0.05880	-0.26723	2.15656	0.07642	-0.32634	2.18234	0.10295	-0.29255	2.20823	0.04794	-0.34160	2.23575	0.06149	-0.32226	2.49115	0.65926	-0.02460	2.53932	0.54769	-0.07993	2.46437	0.81695	-0.04857	2.42401	0.79371	-0.03139	2.49076	0.76426	-0.05657	2.44632	0.72091	-0.03504	2.53830	0.39819	-0.02219	2.52901	0.10243	-0.09133	2.57177	0.36238	-0.17978	2.60490	0.35891	-0.14229	2.56744	0.30205	-0.18053	2.61256	0.31050	-0.13186	2.67476	0.08417	-0.09966	2.68514	0.08658	-0.13587	2.48637	0.06800	-0.14092	2.58190	0.09934	-0.05746	2.59968	0.13039	-0.09246	2.63781	0.07885	-0.04793	2.66289	0.09741	-0.06974	2.31463	0.96391	-0.15069	2.32062	0.96115	-0.33002	2.53360	0.54240	-0.13185	2.23597	0.52062	-0.31257	2.52676	0.10203	-0.12625	2.11252	0.09275	-0.27400	2.20627	1.04543	-0.23647	2.37416	1.04576	-0.24372	
353	3.52000	2.41593	1.70164	-0.28265	2.45344	1.69231	-0.16816	2.28451	1.60491	-0.24540	2.33647	1.60876	-0.11947	2.27652	1.49658	-0.22719	2.39024	1.40648	-0.23167	2.40247	1.23815	-0.24200	2.21110	1.38474	-0.12682	2.21733	1.22029	-0.24196	2.44279	1.33296	-0.21556	2.44531	1.33898	-0.26446	2.45194	1.27400	-0.22146	2.46403	1.29665	-0.28494	2.30271	1.45517	-0.42297	2.28904	1.09297	-0.48836	2.48802	0.91278	-0.51526	2.43083	0.89164	-0.55332	2.49185	0.85526	-0.56561	2.29753	1.41500	-0.03244	2.16105	1.08989	-0.05063	2.19055	0.81799	-0.06603	2.12394	0.82842	-0.04078	2.15037	0.75244	-0.03247	2.38796	1.03965	-0.36924	2.21966	1.04421	-0.28360	2.38433	1.04775	-0.11651	2.21671	1.04274	-0.18627	2.19089	1.04794	-0.20728	2.19361	1.04731	-0.25709	2.19243	0.98747	-0.20771	2.18115	0.97402	-0.24340	2.26329	0.62483	-0.42769	2.24065	0.51847	-0.36498	2.33862	0.78899	-0.42918	2.28866	0.79336	-0.43568	2.33351	0.73038	-0.41916	2.26811	0.71896	-0.42606	2.20789	0.35513	-0.40449	2.11621	0.08880	-0.30746	2.21000	0.34698	-0.23757	2.24735	0.33367	-0.26696	2.19526	0.28937	-0.23172	2.24700	0.28416	-0.26997	2.25141	0.04641	-0.28629	2.25573	0.03819	-0.23842	2.05977	0.06038	-0.26667	2.15750	0.07714	-0.32629	2.18258	0.10289	-0.29243	2.20839	0.04810	-0.34149	2.23595	0.06145	-0.32211	2.49866	0.65441	-0.02275	2.54955	0.54421	-0.07898	2.47410	0.81282	-0.04721	2.43371	0.79021	-0.02985	2.49987	0.75981	-0.05509	2.45503	0.71710	-0.03333	2.55725	0.39537	-0.02109	2.56328	0.09951	-0.09114	2.59097	0.36145	-0.17899	2.62467	0.35982	-0.14183	2.59022	0.30088	-0.17984	2.63524	0.31192	-0.13150	2.71133	0.09007	-0.10025	2.72149	0.09313	-0.13667	2.52323	0.06238	-0.13976	2.61804	0.09927	-0.05715	2.63287	0.13156	-0.09249	2.67514	0.08214	-0.04823	2.69886	0.10216	-0.07029	2.32700	0.96182	-0.14962	2.33213	0.95920	-0.32898	2.54616	0.54016	-0.13122	2.24064	0.52044	-0.31252	2.56133	0.09903	-0.12608	2.11202	0.09325	-0.27300	2.21819	1.04347	-0.23494	2.38614	1.04370	-0.24288	
354	3.53000	2.42912	1.69944	-0.28139	2.46686	1.69006	-0.16695	2.29760	1.60275	-0.24383	2.34998	1.60658	-0.11799	2.28972	1.49478	-0.22559	2.40314	1.40409	-0.23053	2.41471	1.23575	-0.24118	2.22453	1.38287	-0.12482	2.22974	1.21856	-0.24013	2.45548	1.33031	-0.21476	2.45783	1.33643	-0.26365	2.46441	1.27131	-0.22075	2.47631	1.29401	-0.28423	2.31497	1.45331	-0.42147	2.30205	1.09094	-0.48711	2.50334	0.91307	-0.51467	2.44627	0.89129	-0.55273	2.50768	0.85571	-0.56513	2.31149	1.41260	-0.03085	2.17062	1.08961	-0.05048	2.19692	0.81751	-0.06812	2.13078	0.82878	-0.04190	2.15621	0.75203	-0.03491	2.39938	1.03770	-0.36845	2.23196	1.04220	-0.28210	2.39731	1.04556	-0.11557	2.22870	1.04062	-0.18449	2.20286	1.04596	-0.20563	2.20519	1.04540	-0.25523	2.20481	0.98528	-0.20599	2.19349	0.97182	-0.24184	2.26915	0.62471	-0.42755	2.24544	0.51849	-0.36484	2.34723	0.78765	-0.42910	2.29723	0.79273	-0.43563	2.34122	0.72910	-0.41914	2.27568	0.71858	-0.42599	2.21044	0.35556	-0.40442	2.11658	0.08995	-0.30708	2.21369	0.34715	-0.23750	2.25062	0.33348	-0.26721	2.19815	0.28956	-0.23168	2.24980	0.28394	-0.27022	2.25275	0.04699	-0.28670	2.25589	0.03819	-0.23849	2.06006	0.06217	-0.26611	2.15727	0.07740	-0.32627	2.18319	0.10334	-0.29246	2.20856	0.04822	-0.34136	2.23624	0.06139	-0.32200	2.50676	0.64989	-0.02024	2.55953	0.54044	-0.07833	2.48439	0.80871	-0.04592	2.44375	0.78679	-0.02806	2.50943	0.75530	-0.05362	2.46384	0.71327	-0.03112	2.57557	0.39263	-0.02010	2.59770	0.09751	-0.09044	2.60933	0.36060	-0.17849	2.64349	0.36080	-0.14170	2.61201	0.30005	-0.17939	2.65679	0.31354	-0.13159	2.74602	0.09680	-0.10099	2.75599	0.10048	-0.13769	2.55889	0.05802	-0.13847	2.65273	0.10041	-0.05705	2.66507	0.13335	-0.09257	2.71078	0.08660	-0.04872	2.73309	0.10735	-0.07101	2.33976	0.95967	-0.14847	2.34378	0.95722	-0.32786	2.55793	0.53741	-0.13071	2.24590	0.52024	-0.31237	2.59611	0.09695	-0.12540	2.11276	0.09437	-0.27257	2.23033	1.04141	-0.23330	2.39834	1.04163	-0.24201	
355	3.54000	2.44236	1.69720	-0.28001	2.48032	1.68777	-0.16568	2.31114	1.60059	-0.24219	2.36369	1.60439	-0.11646	2.30155	1.49279	-0.22378	2.41618	1.40169	-0.22932	2.42709	1.23333	-0.24029	2.23858	1.38103	-0.12282	2.24178	1.21681	-0.23829	2.46815	1.32766	-0.21389	2.47036	1.33385	-0.26276	2.47693	1.26865	-0.21998	2.48871	1.29141	-0.28350	2.32732	1.45138	-0.41985	2.31493	1.08885	-0.48577	2.51793	0.91298	-0.51390	2.46105	0.89065	-0.55185	2.52305	0.85589	-0.56450	2.32539	1.41015	-0.02923	2.18053	1.08929	-0.05041	2.20400	0.81701	-0.06996	2.13799	0.82872	-0.04319	2.16269	0.75153	-0.03728	2.41080	1.03571	-0.36762	2.24402	1.04017	-0.28028	2.41054	1.04335	-0.11458	2.24156	1.03834	-0.18304	2.21560	1.04356	-0.20370	2.21806	1.04315	-0.25331	2.21720	0.98305	-0.20425	2.20587	0.96967	-0.24001	2.27511	0.62465	-0.42741	2.25087	0.51846	-0.36468	2.35630	0.78643	-0.42898	2.30674	0.79202	-0.43569	2.34918	0.72788	-0.41913	2.28463	0.71820	-0.42608	2.21352	0.35604	-0.40427	2.11710	0.09119	-0.30672	2.21758	0.34714	-0.23740	2.25423	0.33316	-0.26729	2.20161	0.28988	-0.23161	2.25282	0.28365	-0.27040	2.24998	0.04518	-0.28613	2.25590	0.03811	-0.23859	2.06028	0.06405	-0.26568	2.15840	0.07833	-0.32645	2.18378	0.10381	-0.29244	2.20882	0.04843	-0.34123	2.23654	0.06136	-0.32181	2.51500	0.64582	-0.01719	2.56914	0.53645	-0.07763	2.49497	0.80459	-0.04479	2.45446	0.78358	-0.02581	2.51924	0.75078	-0.05217	2.47353	0.70976	-0.02830	2.59354	0.39024	-0.01921	2.63126	0.09646	-0.08975	2.62634	0.35981	-0.17816	2.66113	0.36182	-0.14202	2.63246	0.29946	-0.17913	2.67718	0.31539	-0.13212	2.77885	0.10436	-0.10209	2.78935	0.10919	-0.13930	2.59315	0.05498	-0.13743	2.68603	0.10302	-0.05738	2.69737	0.13617	-0.09284	2.74480	0.09229	-0.04965	2.76471	0.11359	-0.07189	2.35278	0.95747	-0.14722	2.35551	0.95519	-0.32663	2.56890	0.53421	-0.13008	2.25209	0.51991	-0.31222	2.62986	0.09584	-0.12472	2.11369	0.09557	-0.27216	2.24279	1.03926	-0.23166	2.41067	1.03953	-0.24110	
356	3.55000	2.45563	1.69492	-0.27864	2.49383	1.68546	-0.16436	2.32422	1.59845	-0.24059	2.37700	1.60216	-0.11496	2.31633	1.49079	-0.22189	2.42917	1.39929	-0.22804	2.43957	1.23094	-0.23935	2.25191	1.37911	-0.12100	2.25424	1.21491	-0.23630	2.48101	1.32503	-0.21291	2.48302	1.33124	-0.26183	2.48961	1.26598	-0.21915	2.50110	1.28881	-0.28267	2.33941	1.44933	-0.41822	2.32764	1.08665	-0.48414	2.53248	0.91273	-0.51302	2.47579	0.88991	-0.55086	2.53803	0.85580	-0.56372	2.33942	1.40770	-0.02751	2.19091	1.08874	-0.05018	2.21180	0.81648	-0.07129	2.14582	0.82864	-0.04440	2.16989	0.75097	-0.03943	2.42238	1.03375	-0.36681	2.25573	1.03820	-0.27854	2.42393	1.04106	-0.11356	2.25453	1.03604	-0.18106	2.22835	1.04136	-0.20157	2.22949	1.04113	-0.25134	2.23010	0.98081	-0.20240	2.21794	0.96760	-0.23814	2.28140	0.62450	-0.42717	2.25672	0.51827	-0.36433	2.36603	0.78534	-0.42870	2.31573	0.79135	-0.43541	2.35742	0.72668	-0.41918	2.29259	0.71774	-0.42577	2.21710	0.35639	-0.40386	2.11655	0.09201	-0.30610	2.22162	0.34708	-0.23708	2.25820	0.33280	-0.26715	2.20524	0.29010	-0.23138	2.25615	0.28325	-0.27039	2.25007	0.04515	-0.28613	2.25601	0.03805	-0.23861	2.06068	0.06613	-0.26524	2.15906	0.07880	-0.32624	2.18446	0.10430	-0.29232	2.20914	0.04871	-0.34103	2.23692	0.06138	-0.32157	2.52274	0.64161	-0.01414	2.57837	0.53241	-0.07674	2.50643	0.80065	-0.04359	2.46539	0.78039	-0.02358	2.52949	0.74634	-0.05074	2.48382	0.70646	-0.02532	2.61117	0.38839	-0.01844	2.66236	0.09652	-0.08905	2.64294	0.35908	-0.17790	2.67776	0.36310	-0.14262	2.65156	0.29927	-0.17900	2.69634	0.31760	-0.13301	2.80923	0.11240	-0.10382	2.81980	0.11723	-0.14150	2.62806	0.05333	-0.13530	2.71759	0.10669	-0.05785	2.72574	0.13959	-0.09394	2.77668	0.09884	-0.05098	2.79500	0.12079	-0.07371	2.36593	0.95523	-0.14600	2.36739	0.95318	-0.32543	2.57960	0.53096	-0.12921	2.25872	0.51941	-0.31188	2.66091	0.09583	-0.12402	2.11338	0.09640	-0.27152	2.25513	1.03712	-0.22980	2.42316	1.03741	-0.24019	
357	3.56000	2.46897	1.69267	-0.27713	2.50738	1.68313	-0.16299	2.33748	1.59622	-0.23893	2.39070	1.59993	-0.11333	2.32963	1.48868	-0.22004	2.44217	1.39691	-0.22671	2.45222	1.22856	-0.23834	2.26559	1.37705	-0.11895	2.26707	1.21302	-0.23413	2.49400	1.32246	-0.21189	2.49576	1.32872	-0.26078	2.50238	1.26339	-0.21824	2.51361	1.28622	-0.28178	2.35177	1.44733	-0.41652	2.34021	1.08453	-0.48244	2.54660	0.91218	-0.51195	2.49012	0.88897	-0.54969	2.55261	0.85537	-0.56277	2.35330	1.40522	-0.02581	2.20165	1.08806	-0.04971	2.22017	0.81600	-0.07238	2.15430	0.82830	-0.04531	2.17771	0.75030	-0.04129	2.43401	1.03182	-0.36605	2.26814	1.03610	-0.27652	2.43733	1.03867	-0.11257	2.26780	1.03365	-0.17910	2.24073	1.03911	-0.19965	2.24157	1.03899	-0.24916	2.24315	0.97850	-0.20043	2.23098	0.96533	-0.23615	2.28834	0.62422	-0.42682	2.26326	0.51801	-0.36387	2.37528	0.78417	-0.42852	2.32469	0.79059	-0.43503	2.36597	0.72550	-0.41922	2.30104	0.71724	-0.42538	2.22124	0.35665	-0.40337	2.11724	0.09352	-0.30563	2.22616	0.34707	-0.23665	2.26240	0.33227	-0.26685	2.20913	0.29035	-0.23112	2.25958	0.28273	-0.27012	2.25017	0.04515	-0.28609	2.25474	0.03798	-0.23806	2.06094	0.06817	-0.26441	2.15997	0.07984	-0.32613	2.18566	0.10563	-0.29222	2.20952	0.04903	-0.34076	2.23747	0.06144	-0.32134	2.53078	0.63738	-0.01138	2.58778	0.52866	-0.07570	2.51834	0.79683	-0.04239	2.47735	0.77752	-0.02124	2.54024	0.74201	-0.04949	2.49436	0.70319	-0.02258	2.62827	0.38696	-0.01778	2.69152	0.09770	-0.08880	2.65796	0.35880	-0.17782	2.69326	0.36449	-0.14337	2.66907	0.29930	-0.17899	2.71427	0.31997	-0.13418	2.83667	0.12030	-0.10633	2.84532	0.12310	-0.14342	2.65825	0.05257	-0.13436	2.74647	0.11068	-0.05895	2.75279	0.14362	-0.09527	2.80639	0.10578	-0.05275	2.82320	0.12833	-0.07600	2.37914	0.95287	-0.14488	2.37933	0.95115	-0.32432	2.59041	0.52790	-0.12813	2.26593	0.51887	-0.31144	2.68999	0.09699	-0.12376	2.11435	0.09788	-0.27103	2.26797	1.03487	-0.22781	2.43567	1.03524	-0.23931	
358	3.57000	2.48246	1.69045	-0.27561	2.52105	1.68086	-0.16154	2.35144	1.59409	-0.23703	2.40438	1.59772	-0.11169	2.34273	1.48660	-0.21806	2.45547	1.39458	-0.22529	2.46499	1.22624	-0.23725	2.27924	1.37481	-0.11688	2.27980	1.21103	-0.23197	2.50702	1.31995	-0.21078	2.50858	1.32627	-0.25971	2.51531	1.26089	-0.21720	2.52627	1.28378	-0.28081	2.36423	1.44542	-0.41470	2.35267	1.08238	-0.48055	2.56044	0.91136	-0.51072	2.50395	0.88784	-0.54834	2.56677	0.85473	-0.56165	2.36729	1.40278	-0.02407	2.21280	1.08720	-0.04913	2.22920	0.81522	-0.07331	2.16342	0.82792	-0.04594	2.18613	0.74950	-0.04293	2.44583	1.02995	-0.36541	2.28053	1.03418	-0.27457	2.45103	1.03629	-0.11180	2.28018	1.03150	-0.17729	2.25378	1.03672	-0.19749	2.25528	1.03678	-0.24686	2.25596	0.97631	-0.19834	2.24391	0.96315	-0.23402	2.29578	0.62377	-0.42639	2.27039	0.51766	-0.36332	2.38291	0.78266	-0.42910	2.33394	0.78989	-0.43437	2.37455	0.72434	-0.41933	2.30961	0.71668	-0.42480	2.22581	0.35691	-0.40278	2.11837	0.09538	-0.30517	2.23118	0.34713	-0.23602	2.26716	0.33180	-0.26645	2.21338	0.29053	-0.23049	2.26351	0.28227	-0.26972	2.25026	0.04510	-0.28609	2.25594	0.03823	-0.23852	2.06154	0.07067	-0.26390	2.16068	0.08083	-0.32597	2.18674	0.10639	-0.29208	2.20997	0.04946	-0.34049	2.23805	0.06151	-0.32094	2.53995	0.63372	-0.00924	2.59760	0.52530	-0.07455	2.53048	0.79311	-0.04125	2.48978	0.77466	-0.01911	2.55135	0.73792	-0.04845	2.50543	0.70004	-0.02030	2.64506	0.38604	-0.01697	2.72213	0.09870	-0.08840	2.67182	0.35852	-0.17748	2.70767	0.36579	-0.14395	2.68553	0.29957	-0.17881	2.73095	0.32234	-0.13522	2.86185	0.12749	-0.10931	2.87021	0.13052	-0.14645	2.68635	0.05255	-0.13382	2.77286	0.11415	-0.06059	2.77882	0.14748	-0.09664	2.83365	0.11239	-0.05504	2.84890	0.13634	-0.07928	2.39253	0.95059	-0.14393	2.39141	0.94924	-0.32337	2.60116	0.52495	-0.12693	2.27370	0.51827	-0.31093	2.72072	0.09802	-0.12337	2.11576	0.09970	-0.27054	2.28036	1.03284	-0.22593	2.44843	1.03312	-0.23860	
359	3.58000	2.49591	1.68830	-0.27404	2.53482	1.67865	-0.16004	2.36441	1.59214	-0.23524	2.41809	1.59558	-0.10992	2.35695	1.48464	-0.21600	2.46871	1.39232	-0.22382	2.47794	1.22401	-0.23611	2.29314	1.37269	-0.11498	2.29299	1.20914	-0.22980	2.52016	1.31757	-0.20965	2.52149	1.32393	-0.25854	2.52837	1.25852	-0.21616	2.53906	1.28145	-0.27974	2.37652	1.44346	-0.41279	2.36476	1.07988	-0.47900	2.57410	0.91041	-0.50949	2.51750	0.88650	-0.54692	2.58048	0.85378	-0.56038	2.38119	1.40040	-0.02224	2.22444	1.08626	-0.04839	2.23886	0.81434	-0.07384	2.17305	0.82729	-0.04643	2.19521	0.74862	-0.04418	2.45777	1.02810	-0.36486	2.29331	1.03220	-0.27236	2.46447	1.03389	-0.11112	2.29356	1.02926	-0.17493	2.26759	1.03429	-0.19491	2.26771	1.03476	-0.24445	2.26923	0.97403	-0.19629	2.25657	0.96110	-0.23183	2.30372	0.62324	-0.42576	2.27816	0.51727	-0.36263	2.39222	0.78151	-0.42895	2.34327	0.78918	-0.43371	2.38337	0.72318	-0.41938	2.31777	0.71618	-0.42376	2.23106	0.35725	-0.40207	2.11815	0.09657	-0.30455	2.23632	0.34699	-0.23527	2.27232	0.33119	-0.26594	2.21766	0.29071	-0.22987	2.26776	0.28167	-0.26928	2.25041	0.04505	-0.28601	2.25676	0.03800	-0.23852	2.06215	0.07358	-0.26343	2.16159	0.08201	-0.32585	2.18802	0.10676	-0.29183	2.21054	0.04997	-0.34017	2.23865	0.06155	-0.32056	2.55093	0.63072	-0.00830	2.60809	0.52249	-0.07325	2.54213	0.78969	-0.04031	2.50130	0.77179	-0.01759	2.56287	0.73420	-0.04764	2.51696	0.69705	-0.01877	2.66168	0.38580	-0.01628	2.74613	0.10075	-0.08841	2.68531	0.35829	-0.17695	2.72157	0.36696	-0.14411	2.70107	0.29986	-0.17852	2.74641	0.32435	-0.13584	2.88473	0.13340	-0.11227	2.89249	0.13760	-0.14979	2.71186	0.05299	-0.13363	2.79800	0.11734	-0.06169	2.80061	0.15075	-0.09818	2.85856	0.11754	-0.05744	2.87327	0.14164	-0.08172	2.40577	0.94827	-0.14316	2.40359	0.94731	-0.32259	2.61187	0.52216	-0.12561	2.28209	0.51766	-0.31028	2.74410	0.09993	-0.12334	2.11564	0.10093	-0.26991	2.29344	1.03073	-0.22365	2.46112	1.03100	-0.23799	
360	3.59000	2.50943	1.68626	-0.27237	2.54851	1.67653	-0.15847	2.37770	1.59016	-0.23326	2.43187	1.59359	-0.10811	2.37038	1.48272	-0.21365	2.48198	1.39015	-0.22226	2.49093	1.22188	-0.23494	2.30643	1.37059	-0.11302	2.30587	1.20737	-0.22764	2.53335	1.31535	-0.20842	2.53456	1.32176	-0.25732	2.54148	1.25630	-0.21503	2.55207	1.27932	-0.27867	2.38917	1.44161	-0.41086	2.37719	1.07788	-0.47691	2.58709	0.90911	-0.50798	2.53063	0.88503	-0.54527	2.59364	0.85258	-0.55894	2.39512	1.39803	-0.02041	2.23652	1.08508	-0.04749	2.24923	0.81335	-0.07407	2.18342	0.82660	-0.04668	2.20499	0.74756	-0.04507	2.46983	1.02628	-0.36426	2.30570	1.03031	-0.27015	2.47825	1.03163	-0.11049	2.30659	1.02728	-0.17271	2.28030	1.03247	-0.19256	2.27975	1.03295	-0.24226	2.28247	0.97191	-0.19411	2.26918	0.95909	-0.22953	2.31212	0.62276	-0.42489	2.28643	0.51686	-0.36179	2.40199	0.78043	-0.42859	2.35305	0.78845	-0.43271	2.39267	0.72214	-0.41911	2.32672	0.71591	-0.42264	2.23664	0.35757	-0.40129	2.12022	0.09916	-0.30423	2.24218	0.34691	-0.23454	2.27672	0.32998	-0.26518	2.22294	0.29123	-0.22957	2.27259	0.28115	-0.26876	2.25068	0.04506	-0.28588	2.25590	0.03840	-0.23885	2.06297	0.07675	-0.26311	2.16266	0.08338	-0.32565	2.18945	0.10772	-0.29161	2.21118	0.05052	-0.33986	2.23933	0.06156	-0.32009	2.56320	0.62750	-0.00844	2.61920	0.52010	-0.07197	2.55494	0.78697	-0.03914	2.51421	0.76950	-0.01606	2.57504	0.73128	-0.04676	2.52900	0.69459	-0.01762	2.67747	0.38521	-0.01586	2.76734	0.10210	-0.08869	2.69872	0.35813	-0.17613	2.73514	0.36774	-0.14370	2.71626	0.30022	-0.17795	2.76127	0.32584	-0.13580	2.90315	0.13793	-0.11518	2.91251	0.14228	-0.15245	2.73236	0.05397	-0.13352	2.81967	0.11889	-0.06283	2.82131	0.15281	-0.09879	2.88054	0.12052	-0.05963	2.89367	0.14520	-0.08418	2.41927	0.94611	-0.14232	2.41587	0.94545	-0.32173	2.62299	0.51970	-0.12433	2.29098	0.51702	-0.30949	2.76478	0.10117	-0.12359	2.11797	0.10345	-0.26957	2.30615	1.02879	-0.22143	2.47404	1.02896	-0.23738	
361	3.60000	2.52301	1.68436	-0.27065	2.56233	1.67460	-0.15686	2.39122	1.58834	-0.23121	2.44570	1.59175	-0.10623	2.38390	1.48083	-0.21162	2.49537	1.38817	-0.22069	2.50399	1.21987	-0.23367	2.32016	1.36856	-0.11102	2.31879	1.20573	-0.22556	2.54659	1.31330	-0.20719	2.54762	1.31976	-0.25610	2.55478	1.25426	-0.21393	2.56504	1.27733	-0.27753	2.40168	1.43988	-0.40884	2.38976	1.07603	-0.47455	2.60003	0.90767	-0.50641	2.54315	0.88334	-0.54333	2.60641	0.85115	-0.55735	2.40925	1.39581	-0.01848	2.24905	1.08391	-0.04634	2.26025	0.81222	-0.07405	2.19440	0.82571	-0.04672	2.21548	0.74645	-0.04566	2.48225	1.02450	-0.36362	2.31848	1.02838	-0.26809	2.49200	1.02961	-0.10974	2.31955	1.02543	-0.17075	2.29288	1.03043	-0.19043	2.29326	1.03081	-0.24011	2.29563	0.96992	-0.19197	2.28237	0.95696	-0.22736	2.32089	0.62249	-0.42382	2.29537	0.51642	-0.36075	2.41203	0.77935	-0.42792	2.36334	0.78777	-0.43145	2.40245	0.72108	-0.41859	2.33640	0.71532	-0.42118	2.24294	0.35798	-0.40037	2.12235	0.10191	-0.30389	2.24817	0.34681	-0.23366	2.28265	0.32930	-0.26446	2.22843	0.29157	-0.22903	2.27744	0.28049	-0.26807	2.25084	0.04503	-0.28575	2.25704	0.03815	-0.23908	2.06392	0.08037	-0.26296	2.16397	0.08490	-0.32553	2.19118	0.10882	-0.29143	2.21205	0.05121	-0.33959	2.24030	0.06172	-0.31972	2.57575	0.62437	-0.00859	2.63125	0.51828	-0.07083	2.56815	0.78523	-0.03802	2.52725	0.76796	-0.01496	2.58797	0.72946	-0.04568	2.54179	0.69302	-0.01651	2.69089	0.38374	-0.01471	2.78556	0.10227	-0.08915	2.71247	0.35783	-0.17523	2.74873	0.36791	-0.14287	2.73088	0.30018	-0.17733	2.77557	0.32643	-0.13516	2.92352	0.13974	-0.11665	2.92952	0.14472	-0.15457	2.75045	0.05433	-0.13347	2.83885	0.11928	-0.06358	2.83944	0.15362	-0.09923	2.89919	0.12145	-0.06166	2.91213	0.14675	-0.08600	2.43285	0.94413	-0.14142	2.42852	0.94364	-0.32081	2.63537	0.51799	-0.12317	2.30073	0.51632	-0.30853	2.78330	0.10154	-0.12407	2.12032	0.10613	-0.26921	2.31901	1.02690	-0.21942	2.48713	1.02706	-0.23668	
362	3.61000	2.53649	1.68256	-0.26886	2.57615	1.67281	-0.15519	2.40511	1.58661	-0.22910	2.45986	1.59000	-0.10416	2.39536	1.47938	-0.20998	2.50883	1.38630	-0.21901	2.51722	1.21805	-0.23236	2.33364	1.36659	-0.10895	2.33210	1.20419	-0.22348	2.56002	1.31138	-0.20595	2.56084	1.31792	-0.25483	2.56808	1.25233	-0.21275	2.57822	1.27550	-0.27637	2.41456	1.43829	-0.40681	2.40249	1.07421	-0.47212	2.61227	0.90599	-0.50455	2.55550	0.88159	-0.54127	2.61884	0.84955	-0.55557	2.42326	1.39366	-0.01653	2.26202	1.08250	-0.04525	2.27185	0.81092	-0.07388	2.20610	0.82456	-0.04630	2.22676	0.74523	-0.04586	2.49494	1.02273	-0.36292	2.33159	1.02656	-0.26610	2.50564	1.02790	-0.10876	2.33337	1.02344	-0.16881	2.30633	1.02860	-0.18823	2.30611	1.02903	-0.23793	2.30880	0.96807	-0.18983	2.29579	0.95510	-0.22521	2.32998	0.62227	-0.42247	2.30486	0.51591	-0.35962	2.42272	0.77832	-0.42692	2.37446	0.78723	-0.42989	2.41271	0.72006	-0.41779	2.34548	0.71517	-0.41975	2.24968	0.35839	-0.39934	2.12455	0.10523	-0.30356	2.25514	0.34687	-0.23292	2.28883	0.32858	-0.26349	2.23405	0.29214	-0.22842	2.28276	0.27998	-0.26729	2.25115	0.04511	-0.28559	2.25732	0.03802	-0.23911	2.06503	0.08405	-0.26286	2.16557	0.08669	-0.32543	2.19307	0.11000	-0.29125	2.21311	0.05205	-0.33927	2.24126	0.06183	-0.31922	2.58878	0.62277	-0.00800	2.64423	0.51703	-0.07001	2.58188	0.78428	-0.03705	2.54085	0.76702	-0.01416	2.60185	0.72849	-0.04443	2.55559	0.69213	-0.01545	2.70307	0.38166	-0.01340	2.80107	0.10163	-0.08921	2.72629	0.35710	-0.17446	2.76244	0.36726	-0.14198	2.74505	0.29958	-0.17673	2.78957	0.32595	-0.13441	2.93871	0.13970	-0.11837	2.94413	0.14486	-0.15637	2.76849	0.05270	-0.13385	2.85497	0.11861	-0.06400	2.85499	0.15310	-0.09962	2.91528	0.12060	-0.06306	2.92785	0.14646	-0.08744	2.44645	0.94234	-0.14036	2.44145	0.94183	-0.31974	2.64846	0.51682	-0.12233	2.31116	0.51548	-0.30750	2.79947	0.10120	-0.12417	2.12272	0.10938	-0.26886	2.33248	1.02500	-0.21745	2.50029	1.02532	-0.23584	
363	3.62000	2.55019	1.68096	-0.26701	2.59007	1.67119	-0.15346	2.41897	1.58502	-0.22683	2.47379	1.58844	-0.10216	2.40851	1.47789	-0.20772	2.52246	1.38465	-0.21728	2.53055	1.21637	-0.23092	2.34752	1.36485	-0.10661	2.34565	1.20272	-0.22149	2.57348	1.30955	-0.20460	2.57419	1.31619	-0.25347	2.58145	1.25051	-0.21155	2.59139	1.27380	-0.27517	2.42729	1.43680	-0.40483	2.41525	1.07262	-0.46930	2.62430	0.90420	-0.50264	2.56728	0.87977	-0.53915	2.63054	0.84773	-0.55360	2.43715	1.39162	-0.01456	2.27542	1.08102	-0.04382	2.28398	0.80946	-0.07368	2.21849	0.82343	-0.04558	2.23873	0.74382	-0.04557	2.50805	1.02101	-0.36201	2.34477	1.02477	-0.26423	2.51950	1.02662	-0.10763	2.34721	1.02195	-0.16697	2.32042	1.02658	-0.18637	2.31927	1.02718	-0.23593	2.32269	0.96638	-0.18771	2.30944	0.95319	-0.22309	2.33961	0.62202	-0.42093	2.31494	0.51546	-0.35834	2.43379	0.77736	-0.42568	2.38581	0.78668	-0.42799	2.42326	0.71900	-0.41668	2.35600	0.71454	-0.41781	2.25706	0.35894	-0.39826	2.12670	0.10835	-0.30333	2.26198	0.34688	-0.23184	2.29556	0.32801	-0.26244	2.23787	0.29246	-0.22667	2.28834	0.27947	-0.26635	2.25145	0.04521	-0.28544	2.25646	0.03801	-0.23845	2.06642	0.08841	-0.26272	2.16755	0.08871	-0.32542	2.19524	0.11130	-0.29104	2.21382	0.05272	-0.33886	2.24246	0.06199	-0.31872	2.60334	0.62271	-0.00694	2.65842	0.51623	-0.06950	2.59775	0.78388	-0.03561	2.55655	0.76653	-0.01306	2.61654	0.72804	-0.04337	2.57028	0.69161	-0.01473	2.71605	0.37955	-0.01284	2.81382	0.09985	-0.08909	2.73996	0.35573	-0.17399	2.77608	0.36566	-0.14148	2.75839	0.29813	-0.17634	2.80294	0.32416	-0.13393	2.95116	0.13751	-0.11955	2.95623	0.14261	-0.15757	2.78132	0.05068	-0.13340	2.86777	0.11657	-0.06426	2.86777	0.15118	-0.09992	2.92841	0.11898	-0.06397	2.94083	0.14445	-0.08853	2.46031	0.94095	-0.13905	2.45478	0.94012	-0.31841	2.66213	0.51587	-0.12187	2.32215	0.51468	-0.30634	2.81243	0.09954	-0.12406	2.12500	0.11244	-0.26861	2.34599	1.02336	-0.21560	2.51377	1.02382	-0.23482	
364	3.63000	2.56375	1.67953	-0.26513	2.60396	1.66975	-0.15167	2.43256	1.58363	-0.22465	2.48764	1.58702	-0.10008	2.42550	1.47646	-0.20487	2.53597	1.38312	-0.21549	2.54394	1.21486	-0.22943	2.36165	1.36340	-0.10440	2.35905	1.20137	-0.21969	2.58701	1.30790	-0.20315	2.58768	1.31464	-0.25200	2.59492	1.24887	-0.21025	2.60484	1.27229	-0.27385	2.44069	1.43560	-0.40270	2.42689	1.07131	-0.46651	2.63585	0.90223	-0.50052	2.57862	0.87785	-0.53671	2.64172	0.84575	-0.55143	2.45126	1.38980	-0.01247	2.28919	1.07935	-0.04229	2.29645	0.80761	-0.07369	2.23153	0.82188	-0.04445	2.25141	0.74222	-0.04506	2.52151	1.01932	-0.36087	2.35865	1.02303	-0.26246	2.53326	1.02567	-0.10629	2.36077	1.02047	-0.16524	2.33323	1.02553	-0.18453	2.33369	1.02536	-0.23443	2.33631	0.96499	-0.18579	2.32305	0.95171	-0.22112	2.34986	0.62169	-0.41917	2.32560	0.51493	-0.35690	2.44549	0.77643	-0.42412	2.39499	0.78522	-0.42550	2.43471	0.71806	-0.41535	2.36700	0.71391	-0.41582	2.26493	0.35957	-0.39710	2.12907	0.11174	-0.30312	2.26923	0.34683	-0.23072	2.30268	0.32742	-0.26128	2.24401	0.29305	-0.22574	2.29444	0.27913	-0.26544	2.25188	0.04536	-0.28534	2.25660	0.03784	-0.23829	2.06815	0.09313	-0.26274	2.16966	0.09091	-0.32535	2.19780	0.11282	-0.29086	2.21508	0.05370	-0.33854	2.24369	0.06211	-0.31824	2.61991	0.62297	-0.00626	2.67316	0.51561	-0.06935	2.61302	0.78370	-0.03471	2.57184	0.76616	-0.01219	2.63191	0.72792	-0.04271	2.58557	0.69120	-0.01432	2.72960	0.37796	-0.01276	2.82385	0.09706	-0.08874	2.75306	0.35350	-0.17402	2.78869	0.36323	-0.14171	2.77079	0.29564	-0.17626	2.81573	0.32119	-0.13399	2.96103	0.13324	-0.12008	2.96614	0.13825	-0.15804	2.79006	0.04811	-0.13273	2.87776	0.11347	-0.06420	2.87788	0.14788	-0.10014	2.93914	0.11540	-0.06394	2.95097	0.14064	-0.08894	2.47420	0.93978	-0.13752	2.46847	0.93845	-0.31686	2.67546	0.51475	-0.12180	2.33366	0.51382	-0.30503	2.82204	0.09659	-0.12369	2.12747	0.11576	-0.26839	2.35971	1.02175	-0.21385	2.52738	1.02249	-0.23358	
365	3.64000	2.57739	1.67825	-0.26317	2.61786	1.66844	-0.14983	2.44861	1.58218	-0.22286	2.50185	1.58578	-0.09789	2.43658	1.47517	-0.20308	2.54966	1.38178	-0.21359	2.55755	1.21353	-0.22783	2.37528	1.36197	-0.10244	2.37319	1.20010	-0.21811	2.60071	1.30646	-0.20159	2.60133	1.31329	-0.25046	2.60852	1.24741	-0.20880	2.61849	1.27095	-0.27235	2.45407	1.43454	-0.40062	2.43946	1.07027	-0.46376	2.64693	0.90010	-0.49816	2.58937	0.87591	-0.53410	2.65242	0.84362	-0.54902	2.46523	1.38816	-0.01039	2.30333	1.07761	-0.04052	2.31011	0.80595	-0.07251	2.24528	0.82028	-0.04299	2.26519	0.74065	-0.04391	2.53540	1.01769	-0.35955	2.37245	1.02146	-0.26088	2.54731	1.02506	-0.10466	2.37502	1.01933	-0.16379	2.34725	1.02433	-0.18305	2.34692	1.02410	-0.23275	2.35027	0.96369	-0.18402	2.33703	0.95029	-0.21920	2.36118	0.62128	-0.41735	2.33698	0.51432	-0.35536	2.45740	0.77533	-0.42244	2.40730	0.78448	-0.42336	2.44658	0.71700	-0.41376	2.37906	0.71329	-0.41371	2.27341	0.36023	-0.39586	2.13154	0.11542	-0.30285	2.27731	0.34701	-0.22959	2.31025	0.32681	-0.26004	2.25086	0.29374	-0.22481	2.30082	0.27865	-0.26436	2.25215	0.04544	-0.28514	2.25674	0.03766	-0.23814	2.07011	0.09837	-0.26279	2.17214	0.09325	-0.32532	2.20051	0.11431	-0.29068	2.21634	0.05466	-0.33821	2.24521	0.06228	-0.31775	2.63751	0.62305	-0.00626	2.68877	0.51523	-0.06952	2.62852	0.78388	-0.03395	2.58738	0.76592	-0.01148	2.64764	0.72822	-0.04237	2.60161	0.69113	-0.01398	2.74361	0.37640	-0.01308	2.83130	0.09326	-0.08835	2.76538	0.35059	-0.17453	2.80150	0.35975	-0.14260	2.78180	0.29234	-0.17661	2.82780	0.31719	-0.13480	2.96888	0.12744	-0.11990	2.97386	0.13204	-0.15781	2.79584	0.04505	-0.13196	2.88618	0.10973	-0.06370	2.88578	0.14344	-0.10017	2.94648	0.11021	-0.06359	2.95938	0.13504	-0.08852	2.48839	0.93894	-0.13569	2.48254	0.93689	-0.31503	2.68957	0.51391	-0.12199	2.34559	0.51294	-0.30359	2.82879	0.09254	-0.12325	2.12993	0.11943	-0.26812	2.37374	1.02040	-0.21234	2.54135	1.02138	-0.23211	
366	3.65000	2.59101	1.67711	-0.26118	2.63178	1.66727	-0.14791	2.46237	1.58117	-0.22055	2.51570	1.58472	-0.09570	2.45235	1.47398	-0.20068	2.56339	1.38063	-0.21161	2.57160	1.21243	-0.22606	2.38956	1.36062	-0.10019	2.38726	1.19872	-0.21666	2.61461	1.30527	-0.19985	2.61520	1.31220	-0.24870	2.62244	1.24625	-0.20719	2.63227	1.26989	-0.27071	2.46787	1.43369	-0.39839	2.45053	1.06935	-0.46091	2.65747	0.89783	-0.49557	2.59993	0.87401	-0.53135	2.66270	0.84134	-0.54643	2.47901	1.38668	-0.00828	2.31784	1.07591	-0.03860	2.32440	0.80423	-0.07105	2.25979	0.81854	-0.04110	2.27942	0.73883	-0.04260	2.54978	1.01609	-0.35797	2.38688	1.02017	-0.25924	2.56149	1.02462	-0.10287	2.38894	1.01860	-0.16242	2.36144	1.02336	-0.18157	2.36184	1.02279	-0.23126	2.36419	0.96278	-0.18222	2.35145	0.94914	-0.21741	2.37305	0.62073	-0.41541	2.34923	0.51365	-0.35373	2.47022	0.77424	-0.42057	2.41997	0.78357	-0.42106	2.45893	0.71589	-0.41192	2.39136	0.71246	-0.41134	2.28252	0.36090	-0.39459	2.13334	0.11875	-0.30273	2.28610	0.34703	-0.22865	2.31832	0.32603	-0.25883	2.25731	0.29408	-0.22355	2.30786	0.27821	-0.26337	2.25286	0.04574	-0.28498	2.25699	0.03752	-0.23797	2.07255	0.10397	-0.26279	2.17364	0.09515	-0.32519	2.20381	0.11601	-0.29066	2.21790	0.05571	-0.33787	2.24585	0.06191	-0.31715	2.65475	0.62293	-0.00685	2.70501	0.51504	-0.07006	2.64403	0.78421	-0.03329	2.60326	0.76585	-0.01079	2.66356	0.72877	-0.04210	2.61789	0.69107	-0.01385	2.75786	0.37484	-0.01388	2.83670	0.08884	-0.08798	2.77692	0.34721	-0.17541	2.81371	0.35556	-0.14396	2.79179	0.28856	-0.17720	2.83879	0.31231	-0.13617	2.97423	0.12019	-0.11932	2.97663	0.12236	-0.15689	2.80138	0.04071	-0.13145	2.89125	0.10461	-0.06331	2.89144	0.13804	-0.10016	2.95137	0.10386	-0.06290	2.96479	0.12847	-0.08796	2.50262	0.93833	-0.13368	2.49693	0.93548	-0.31301	2.70483	0.51358	-0.12254	2.35848	0.51197	-0.30207	2.83343	0.08787	-0.12282	2.13168	0.12276	-0.26800	2.38791	1.01939	-0.21083	2.55563	1.02035	-0.23042	
