PathFileType	4	(X/Y/Z)	/tmp/tmpwm01_ner/P23/MarkerData/DB1_P23_C1_T03_relabeled_segment_0.trc
DataRate	CameraRate	NumFrames	NumMarkers	Units	OrigDataRate	OrigDataStartFrame	OrigNumFrames
100.22	100.22	209	52	m	100.22	0	209
Frame#	Time	C7			CLAV			LANK			LASI			LELB			LFIN			LFRM			LHEE			LKNE			LMT5			LPSI			LSHO			LTHI			LTIB			LTOE			LUPA			LWRA			LWRB			L_FM1			L_FME			L_HM5			L_HME			L_SAE			L_SRS			L_TAM			L_TTC			RANK			RASI			RELB			RFIN			RFRM			RHEE			RKNE			RMT5			RPSI			RSHO			RTHI			RTIB			RTOE			RUPA			RWRA			RWRB			R_FM1			R_FME			R_HM5			R_HME			R_SAE			R_SRS			R_TAM			R_TTC			STRN			T10		
		X1	Y1	Z1	X2	Y2	Z2	X3	Y3	Z3	X4	Y4	Z4	X5	Y5	Z5	X6	Y6	Z6	X7	Y7	Z7	X8	Y8	Z8	X9	Y9	Z9	X10	Y10	Z10	X11	Y11	Z11	X12	Y12	Z12	X13	Y13	Z13	X14	Y14	Z14	X15	Y15	Z15	X16	Y16	Z16	X17	Y17	Z17	X18	Y18	Z18	X19	Y19	Z19	X20	Y20	Z20	X21	Y21	Z21	X22	Y22	Z22	X23	Y23	Z23	X24	Y24	Z24	X25	Y25	Z25	X26	Y26	Z26	X27	Y27	Z27	X28	Y28	Z28	X29	Y29	Z29	X30	Y30	Z30	X31	Y31	Z31	X32	Y32	Z32	X33	Y33	Z33	X34	Y34	Z34	X35	Y35	Z35	X36	Y36	Z36	X37	Y37	Z37	X38	Y38	Z38	X39	Y39	Z39	X40	Y40	Z40	X41	Y41	Z41	X42	Y42	Z42	X43	Y43	Z43	X44	Y44	Z44	X45	Y45	Z45	X46	Y46	Z46	X47	Y47	Z47	X48	Y48	Z48	X49	Y49	Z49	X50	Y50	Z50	X51	Y51	Z51	X52	Y52	Z52

1	0	-0.127229	1.56212	0.530306	-0.116075	1.25062	0.360413	-0.186765	0.0783143	0.694197	-0.233827	1.00524	0.409098	-0.387111	1.13271	0.477264	-0.300788	0.796793	0.285106	-0.356459	1.09726	0.522016	-0.143168	0.0299495	0.756214	-0.217718	0.505512	0.546268	-0.210949	0.0227458	0.569054	-0.14462	1.0443	0.616521	-0.236046	1.33218	0.637971	-0.276643	0.950338	0.494812	-0.218549	0.451358	0.578664	-0.155883	0.0351493	0.528516	-0.313066	1.49039	0.519278	-0.305748	0.88955	0.342741	-0.384665	0.883541	0.377333	-0.0947685	0.0182985	0.543906	-0.0707522	0.504239	0.547974	-0.378148	0.770838	0.356653	-0.295682	1.12031	0.528999	-0.329201	1.4673	0.45164	-0.235428	1.49411	0.579891	-0.0873042	0.0860447	0.682309	-0.159249	0.429923	0.504649	0.133708	0.0795036	0.262185	0.0455706	1.02684	0.409575	0.138015	1.16353	0.603982	0.148142	0.790168	0.493853	0.100576	1.14404	0.642666	0.0809514	0.0124425	0.286742	0.0972883	0.531821	0.365166	0.155893	0.0644939	0.116406	-0.0503854	1.03954	0.618409	-0.0349431	1.3404	0.654508	0.0999429	0.949661	0.492976	0.105867	0.47236	0.360613	0.112092	0.0990981	0.0885848	0.0524122	1.49885	0.549775	0.133371	0.882295	0.517861	0.18888	0.888528	0.579735	0.0525202	0.0822164	0.082899	-0.0402373	0.50921	0.338188	0.186249	0.792886	0.600276	0.0466723	1.14909	0.620211	0.0839628	1.48914	0.499191	-0.0278683	1.49685	0.592882	0.039954	0.0969532	0.231436	0.0540877	0.476977	0.286821	-0.113995	1.4595	0.409122	-0.125234	1.30172	0.635431
2	0.00997802	-0.125551	1.56202	0.527497	-0.114816	1.25057	0.35744	-0.186928	0.0788803	0.694081	-0.232714	1.00525	0.406313	-0.385632	1.13261	0.475114	-0.29983	0.796744	0.282659	-0.354564	1.09732	0.519874	-0.143228	0.0307561	0.756132	-0.217498	0.505912	0.545225	-0.211124	0.0225953	0.569045	-0.142881	1.04442	0.613511	-0.234028	1.33196	0.635382	-0.275371	0.95072	0.492038	-0.218332	0.451847	0.577831	-0.156017	0.035116	0.528521	-0.311382	1.49025	0.517	-0.304632	0.889728	0.339775	-0.383464	0.883585	0.374946	-0.0948517	0.0183745	0.543944	-0.0705121	0.504257	0.546284	-0.377102	0.771014	0.3539	-0.294008	1.1202	0.526623	-0.327744	1.4672	0.44941	-0.23358	1.49396	0.577385	-0.087602	0.0866237	0.681862	-0.159431	0.430107	0.503581	0.133746	0.0785938	0.261123	0.046751	1.02644	0.406108	0.139746	1.16322	0.600365	0.149514	0.789961	0.490031	0.102425	1.14366	0.63919	0.0810076	0.0119025	0.28615	0.0978966	0.531176	0.362923	0.155769	0.0628414	0.115399	-0.0484938	1.03959	0.615184	-0.0330586	1.34013	0.651416	0.101253	0.949366	0.489422	0.106402	0.471679	0.35858	0.11207	0.0973915	0.087441	0.0541317	1.49863	0.546617	0.134824	0.882079	0.514122	0.190468	0.888222	0.575856	0.0523817	0.0805774	0.081851	-0.0396904	0.508602	0.336212	0.187867	0.792583	0.596374	0.0483895	1.14886	0.61701	0.0855918	1.48895	0.495946	-0.0260596	1.49666	0.589862	0.0399813	0.0959997	0.230398	0.0545796	0.476182	0.284782	-0.11258	1.45947	0.406223	-0.123303	1.30157	0.632464
3	0.019956	-0.123806	1.56199	0.524595	-0.113493	1.25058	0.354395	-0.187112	0.0795126	0.69394	-0.231566	1.0053	0.403488	-0.384112	1.13255	0.472882	-0.298881	0.796734	0.280174	-0.352642	1.09747	0.517666	-0.143305	0.0316576	0.756035	-0.217266	0.506373	0.544121	-0.211299	0.022447	0.569032	-0.141091	1.04459	0.61045	-0.231927	1.3318	0.632731	-0.274048	0.951147	0.48924	-0.218105	0.452401	0.576943	-0.156153	0.0350852	0.528522	-0.309629	1.49017	0.51465	-0.303505	0.889961	0.336734	-0.382252	0.883673	0.37254	-0.0949417	0.0184572	0.543985	-0.0702743	0.50432	0.544503	-0.376063	0.771302	0.350954	-0.292289	1.12013	0.524179	-0.326221	1.46715	0.447111	-0.231659	1.49388	0.574803	-0.0879491	0.0872521	0.681368	-0.159621	0.430354	0.502455	0.133767	0.0777134	0.260201	0.0479579	1.02609	0.402583	0.14154	1.16296	0.596656	0.150866	0.789779	0.486188	0.104343	1.14334	0.635629	0.0810318	0.0114447	0.285739	0.0985264	0.530568	0.360759	0.155594	0.0610701	0.114523	-0.0465304	1.0397	0.611909	-0.0310795	1.33995	0.648239	0.102613	0.94914	0.485811	0.106947	0.471033	0.356644	0.112012	0.0955668	0.0864015	0.0559295	1.49847	0.543348	0.136287	0.881903	0.510338	0.192092	0.887968	0.57191	0.0521949	0.078858	0.0809301	-0.0391254	0.508051	0.334274	0.189515	0.792335	0.592432	0.0501705	1.14871	0.61375	0.0872872	1.48881	0.492596	-0.0241733	1.49655	0.586743	0.0399897	0.0950775	0.229479	0.0551028	0.475421	0.282806	-0.111101	1.4595	0.403238	-0.121301	1.3015	0.629427
4	0.0299341	-0.121994	1.56203	0.521599	-0.112106	1.25064	0.35128	-0.187314	0.0802162	0.693768	-0.23038	1.00542	0.400624	-0.382546	1.13257	0.470566	-0.297944	0.796767	0.27765	-0.350694	1.09772	0.515391	-0.143397	0.0326576	0.75592	-0.217014	0.506896	0.542944	-0.211469	0.022303	0.569015	-0.139256	1.04483	0.607341	-0.229748	1.3317	0.630016	-0.272673	0.951617	0.486427	-0.217861	0.453018	0.575985	-0.156289	0.0350573	0.528517	-0.307809	1.49015	0.512224	-0.302368	0.890247	0.333639	-0.381027	0.883809	0.370119	-0.0950371	0.0185458	0.544024	-0.0700297	0.50443	0.542629	-0.375027	0.77169	0.347854	-0.290519	1.12012	0.521666	-0.324634	1.46717	0.444739	-0.229668	1.49388	0.57214	-0.0883355	0.0879324	0.680828	-0.159805	0.430661	0.501271	0.133776	0.0768791	0.259388	0.0491921	1.02581	0.399003	0.1434	1.16277	0.592859	0.1522	0.789632	0.482319	0.106328	1.14311	0.631983	0.0810322	0.0110786	0.285476	0.0991811	0.530012	0.358664	0.155361	0.0592037	0.113746	-0.044505	1.03989	0.60859	-0.0290071	1.33985	0.644976	0.104024	0.948993	0.482154	0.107506	0.470438	0.354788	0.111906	0.0936453	0.0854396	0.0578037	1.49839	0.539967	0.137762	0.881773	0.506507	0.193751	0.887774	0.567896	0.0519505	0.0770782	0.0801157	-0.0385401	0.50757	0.33237	0.191196	0.792149	0.588447	0.0520189	1.14863	0.610424	0.0890481	1.48873	0.489139	-0.0222109	1.49651	0.583523	0.0399835	0.0942032	0.22866	0.0556536	0.474705	0.280885	-0.109557	1.45959	0.400164	-0.119234	1.30151	0.62632
5	0.0399121	-0.120113	1.56215	0.518504	-0.110657	1.25076	0.348096	-0.187529	0.0809981	0.693562	-0.22915	1.00559	0.397726	-0.380929	1.13265	0.468161	-0.297021	0.796852	0.275089	-0.348725	1.09806	0.513048	-0.143502	0.0337615	0.755784	-0.216728	0.50748	0.541675	-0.211629	0.0221665	0.568995	-0.137382	1.04512	0.604189	-0.227498	1.33168	0.627236	-0.271243	0.952125	0.483611	-0.217588	0.4537	0.574935	-0.156422	0.0350328	0.528506	-0.305922	1.49021	0.509715	-0.301222	0.890582	0.330522	-0.37979	0.883997	0.367694	-0.095136	0.0186386	0.54406	-0.0697647	0.50459	0.540658	-0.373991	0.772164	0.34467	-0.288691	1.12018	0.51908	-0.322983	1.46725	0.442287	-0.227608	1.49395	0.56939	-0.088745	0.0886683	0.680247	-0.159959	0.431021	0.500024	0.133786	0.0761139	0.258641	0.0504562	1.02562	0.395377	0.145328	1.16264	0.588975	0.153519	0.789529	0.47842	0.108381	1.14297	0.628248	0.0810218	0.0108144	0.285314	0.0998657	0.529526	0.356619	0.155066	0.0572815	0.113024	-0.0424341	1.04016	0.605231	-0.0268456	1.33986	0.641625	0.105484	0.948939	0.478465	0.108087	0.469913	0.352982	0.111734	0.0916618	0.084519	0.0597509	1.49838	0.536474	0.139251	0.881699	0.502629	0.195449	0.887648	0.563812	0.0516396	0.0752671	0.0793787	-0.0379312	0.507175	0.330492	0.192912	0.792032	0.584411	0.0539392	1.14862	0.607023	0.0908724	1.48871	0.485575	-0.0201757	1.49656	0.580199	0.0399694	0.0933992	0.22791	0.0562267	0.474054	0.278998	-0.10795	1.45976	0.397	-0.117111	1.30162	0.623144
6	0.0498901	-0.118165	1.56235	0.51531	-0.109147	1.25096	0.344845	-0.187753	0.081865	0.693315	-0.227868	1.00583	0.394794	-0.379255	1.13281	0.465664	-0.296109	0.796998	0.272492	-0.346737	1.0985	0.510633	-0.143617	0.0349733	0.755623	-0.216395	0.508124	0.540295	-0.211775	0.0220406	0.568972	-0.135477	1.04548	0.601002	-0.225187	1.33175	0.624389	-0.269756	0.95267	0.480799	-0.217276	0.454449	0.573774	-0.156549	0.035012	0.528488	-0.303972	1.49036	0.507114	-0.300066	0.890961	0.327411	-0.37854	0.884244	0.365269	-0.0952365	0.018734	0.544089	-0.0694657	0.504802	0.538589	-0.372947	0.772705	0.341468	-0.286802	1.12032	0.516418	-0.321269	1.46742	0.439748	-0.225484	1.49412	0.566547	-0.0891602	0.0894645	0.679629	-0.160063	0.431424	0.498716	0.133807	0.0754364	0.25792	0.0517547	1.02553	0.391715	0.147325	1.16261	0.58501	0.15483	0.789484	0.474485	0.110498	1.14293	0.624424	0.0810129	0.0106569	0.285209	0.100585	0.529125	0.354601	0.154712	0.0553465	0.112319	-0.0403348	1.04051	0.60184	-0.0246019	1.33997	0.638186	0.106991	0.948987	0.474763	0.108698	0.469477	0.351189	0.111487	0.0896534	0.083611	0.0617656	1.49845	0.532869	0.140758	0.881691	0.498702	0.197189	0.887598	0.559657	0.0512614	0.0734528	0.0786932	-0.037295	0.506882	0.32863	0.194666	0.791993	0.580322	0.0559349	1.1487	0.60354	0.0927567	1.48877	0.481903	-0.0180724	1.49671	0.576769	0.0399544	0.0926835	0.227205	0.0568163	0.473483	0.277126	-0.106281	1.45999	0.393744	-0.11494	1.30183	0.619901
7	0.0598681	-0.116148	1.56264	0.512014	-0.107582	1.25122	0.341533	-0.187984	0.082822	0.693023	-0.226525	1.00614	0.391833	-0.377517	1.13306	0.46307	-0.295207	0.79721	0.269861	-0.344729	1.09903	0.508149	-0.143741	0.0362955	0.755434	-0.216006	0.50883	0.53879	-0.211903	0.0219275	0.568943	-0.133545	1.04591	0.597784	-0.222827	1.33192	0.621471	-0.26821	0.953253	0.477994	-0.216918	0.455262	0.572488	-0.156669	0.0349948	0.528461	-0.30196	1.4906	0.504415	-0.2989	0.891386	0.324324	-0.377272	0.884556	0.362846	-0.0953372	0.0188305	0.544107	-0.0691215	0.505065	0.536421	-0.371892	0.7733	0.338311	-0.284849	1.12055	0.513678	-0.319495	1.46767	0.437114	-0.223301	1.4944	0.563605	-0.0895652	0.0903258	0.67898	-0.160099	0.431861	0.497348	0.133847	0.0748578	0.257198	0.0530943	1.02556	0.388026	0.149388	1.16266	0.580965	0.156143	0.789508	0.470509	0.112679	1.14301	0.620512	0.0810152	0.0106027	0.285125	0.101344	0.52882	0.352582	0.15431	0.05344	0.111611	-0.0382226	1.04094	0.598424	-0.0222852	1.3402	0.634661	0.108545	0.949142	0.471063	0.109348	0.469145	0.349374	0.111167	0.0876548	0.0826989	0.0638417	1.49861	0.529154	0.142288	0.881759	0.494723	0.198972	0.887633	0.555433	0.050825	0.0716573	0.07804	-0.0366283	0.506698	0.326771	0.196464	0.792039	0.576174	0.0580074	1.14887	0.599969	0.0946967	1.4889	0.478124	-0.0159067	1.49696	0.573231	0.0399451	0.0920662	0.226525	0.0574175	0.473003	0.275247	-0.104552	1.46029	0.390395	-0.112731	1.30214	0.616592
8	0.0698462	-0.114066	1.56301	0.508617	-0.105965	1.25156	0.338161	-0.188218	0.0838725	0.692681	-0.225115	1.00652	0.388842	-0.375711	1.1334	0.460379	-0.294309	0.797493	0.2672	-0.342698	1.09967	0.505595	-0.143874	0.0377292	0.755213	-0.215557	0.509594	0.537148	-0.212012	0.0218293	0.568907	-0.131591	1.0464	0.594541	-0.220431	1.33221	0.618479	-0.266602	0.953879	0.475191	-0.216511	0.45614	0.571065	-0.15678	0.0349813	0.528426	-0.299891	1.49095	0.501609	-0.297721	0.891858	0.321273	-0.375985	0.88494	0.360422	-0.0954368	0.0189273	0.544114	-0.0687234	0.505378	0.534157	-0.370819	0.773938	0.335246	-0.282833	1.12088	0.510861	-0.317664	1.46802	0.43438	-0.221065	1.49477	0.560557	-0.0899463	0.0912568	0.678305	-0.160057	0.432322	0.495924	0.13391	0.0743821	0.256459	0.0544831	1.02573	0.38432	0.151517	1.1628	0.576842	0.157467	0.78961	0.466488	0.114922	1.14321	0.616516	0.0810349	0.0106426	0.285038	0.102145	0.528615	0.350533	0.153878	0.0515987	0.11089	-0.0361098	1.04144	0.594989	-0.0199062	1.34055	0.631051	0.110142	0.949406	0.46738	0.110042	0.468923	0.347502	0.110786	0.0856968	0.0817768	0.0659723	1.49885	0.52533	0.143848	0.881909	0.490693	0.200802	0.887757	0.551142	0.0503494	0.0698965	0.0774058	-0.035928	0.506627	0.324897	0.198308	0.792174	0.571965	0.0601565	1.14913	0.596309	0.0966874	1.48911	0.474238	-0.0136851	1.4973	0.569587	0.0399467	0.0915502	0.225857	0.0580262	0.472616	0.273338	-0.102767	1.46067	0.386953	-0.110493	1.30256	0.61322
9	0.0798242	-0.11192	1.56347	0.505122	-0.104305	1.25195	0.334733	-0.188459	0.0850175	0.692286	-0.223631	1.00697	0.385824	-0.373834	1.13383	0.457593	-0.293408	0.79785	0.264513	-0.340644	1.10039	0.502973	-0.144017	0.0392733	0.754956	-0.215047	0.510416	0.535362	-0.212104	0.0217475	0.56886	-0.129615	1.04697	0.591276	-0.218014	1.33261	0.615407	-0.264931	0.95455	0.472383	-0.216055	0.45708	0.569499	-0.156883	0.0349712	0.528382	-0.297769	1.4914	0.498689	-0.296527	0.892378	0.31826	-0.374675	0.885399	0.357992	-0.095535	0.019024	0.544108	-0.0682661	0.505739	0.531798	-0.369722	0.77461	0.332303	-0.280757	1.12131	0.507966	-0.315778	1.46847	0.431537	-0.218783	1.49525	0.557399	-0.0902937	0.0922612	0.677608	-0.159929	0.432798	0.494446	0.134	0.074006	0.255698	0.0559309	1.02603	0.380606	0.153708	1.16305	0.572645	0.158816	0.789797	0.462417	0.117224	1.14352	0.612439	0.0810752	0.0107619	0.284932	0.102989	0.52851	0.348425	0.15344	0.0498522	0.11016	-0.0340042	1.04202	0.591538	-0.0174761	1.34102	0.627358	0.111782	0.949771	0.463727	0.110784	0.468813	0.345541	0.110368	0.0838034	0.0808484	0.0681503	1.49919	0.521399	0.145445	0.882148	0.486609	0.202682	0.887973	0.546786	0.0498608	0.0681798	0.0767826	-0.0351913	0.506667	0.322991	0.200203	0.792402	0.567693	0.0623806	1.14947	0.592559	0.0987237	1.4894	0.470248	-0.0114144	1.49773	0.565836	0.0399639	0.0911315	0.225196	0.0586401	0.472321	0.271379	-0.100931	1.4611	0.383419	-0.108234	1.30308	0.609787
10	0.0898022	-0.109713	1.564	0.50153	-0.102607	1.25241	0.331254	-0.188706	0.0862556	0.691836	-0.222067	1.00749	0.382777	-0.371886	1.13434	0.454718	-0.292494	0.79828	0.2618	-0.338565	1.10119	0.500286	-0.144174	0.0409248	0.754662	-0.214476	0.511291	0.533428	-0.212182	0.0216831	0.5688	-0.127614	1.0476	0.587992	-0.21559	1.33314	0.612252	-0.263197	0.955271	0.469559	-0.215552	0.458077	0.567789	-0.156977	0.0349644	0.528329	-0.295599	1.49196	0.49565	-0.295315	0.892952	0.31528	-0.373339	0.885936	0.355551	-0.0956317	0.0191206	0.544089	-0.0677471	0.506141	0.529347	-0.368596	0.775312	0.329497	-0.278627	1.12185	0.504997	-0.313842	1.46902	0.428581	-0.216461	1.49583	0.554128	-0.0906025	0.0933408	0.676894	-0.159715	0.433282	0.492914	0.134116	0.07372	0.254921	0.0574482	1.02646	0.37689	0.155958	1.16338	0.568377	0.160204	0.790074	0.458292	0.119585	1.14395	0.60829	0.0811358	0.0109427	0.2848	0.10388	0.528496	0.346232	0.153024	0.0482204	0.109435	-0.0319086	1.04267	0.588076	-0.0150056	1.34159	0.623586	0.113466	0.950227	0.460112	0.111576	0.468809	0.343468	0.109943	0.0819912	0.0799244	0.0703696	1.49961	0.517362	0.147086	0.882477	0.482471	0.204613	0.888282	0.542371	0.0493908	0.0665106	0.0761669	-0.0344158	0.506811	0.321033	0.202151	0.792722	0.563359	0.0646765	1.14991	0.588724	0.100801	1.48977	0.466154	-0.00910062	1.49826	0.56198	0.0400004	0.0908002	0.224538	0.0592593	0.47211	0.269352	-0.0990471	1.4616	0.379793	-0.105958	1.3037	0.606293
11	0.0997802	-0.10745	1.56459	0.497845	-0.100878	1.2529	0.327725	-0.188963	0.0875828	0.691329	-0.220418	1.00807	0.379701	-0.369872	1.13494	0.451764	-0.291558	0.798781	0.259062	-0.336461	1.10206	0.497537	-0.14435	0.0426787	0.754329	-0.21385	0.512213	0.531347	-0.212249	0.0216365	0.568722	-0.125582	1.04829	0.584688	-0.213171	1.3338	0.609006	-0.261398	0.956041	0.466707	-0.215007	0.459127	0.565938	-0.157065	0.0349609	0.528268	-0.293385	1.49262	0.492486	-0.29408	0.893579	0.312323	-0.371974	0.886549	0.353091	-0.0957274	0.0192179	0.544059	-0.0671677	0.506579	0.52681	-0.367434	0.776041	0.326824	-0.276452	1.1225	0.501957	-0.311857	1.46966	0.425505	-0.214104	1.4965	0.55074	-0.0908739	0.0944949	0.676164	-0.15942	0.433768	0.491328	0.134258	0.0735094	0.254138	0.0590455	1.02702	0.373175	0.158263	1.16382	0.56404	0.161643	0.79044	0.45411	0.122003	1.14448	0.604076	0.0812141	0.011166	0.284641	0.104816	0.528562	0.343935	0.152657	0.046712	0.108735	-0.0298202	1.04338	0.584602	-0.0125038	1.34227	0.619738	0.115193	0.950759	0.456538	0.11242	0.4689	0.341266	0.109545	0.0802679	0.0790196	0.072625	1.5001	0.513224	0.14878	0.882894	0.478279	0.206599	0.888679	0.537901	0.0489724	0.0648879	0.0755578	-0.0335986	0.507044	0.319005	0.204154	0.793129	0.558964	0.0670406	1.15043	0.584809	0.102914	1.49021	0.461958	-0.00674907	1.49886	0.558024	0.0400598	0.0905423	0.223883	0.0598868	0.471974	0.267243	-0.0971209	1.46214	0.376077	-0.103668	1.30439	0.602739
12	0.109758	-0.105134	1.56525	0.49407	-0.0991239	1.25344	0.32415	-0.189234	0.0889924	0.690767	-0.218684	1.00872	0.376592	-0.3678	1.13563	0.448743	-0.290592	0.799348	0.256298	-0.334334	1.10299	0.494728	-0.14455	0.0445276	0.753957	-0.213175	0.513176	0.529126	-0.21231	0.0216076	0.568622	-0.123511	1.04903	0.581362	-0.210768	1.33458	0.605666	-0.259537	0.95686	0.463815	-0.214426	0.460223	0.563953	-0.157147	0.0349608	0.528199	-0.291133	1.49337	0.489195	-0.292819	0.894259	0.309379	-0.370577	0.887234	0.350602	-0.0958231	0.0193169	0.544019	-0.0665319	0.507045	0.524192	-0.366233	0.776795	0.324268	-0.274243	1.12325	0.498851	-0.309826	1.47038	0.422305	-0.211719	1.49726	0.547234	-0.0911143	0.0957195	0.67542	-0.159053	0.434255	0.48968	0.134423	0.0733563	0.253364	0.0607323	1.0277	0.36946	0.160621	1.16433	0.55964	0.163147	0.790892	0.449868	0.124478	1.1451	0.599805	0.0813058	0.0114139	0.28446	0.1058	0.528692	0.341522	0.152364	0.0453244	0.108081	-0.0277313	1.04413	0.581114	-0.00997746	1.34304	0.615816	0.116967	0.951347	0.453003	0.113316	0.469069	0.33893	0.109208	0.0786335	0.0781495	0.0749128	1.50067	0.508985	0.150532	0.883392	0.474032	0.208641	0.889157	0.533381	0.0486369	0.0633078	0.0749561	-0.0327365	0.507352	0.316894	0.206213	0.793614	0.55451	0.0694686	1.15102	0.58082	0.10506	1.49072	0.457662	-0.00436358	1.49952	0.553972	0.0401454	0.090341	0.223231	0.0605297	0.471896	0.265043	-0.0951555	1.46271	0.372274	-0.101365	1.30516	0.599127
13	0.119736	-0.102769	1.56594	0.490211	-0.0973477	1.25399	0.320528	-0.189523	0.0904757	0.690149	-0.216864	1.00942	0.373447	-0.365682	1.13638	0.445669	-0.289587	0.799974	0.253505	-0.332189	1.10396	0.491861	-0.144779	0.0464622	0.753546	-0.212457	0.514171	0.526776	-0.21237	0.0215961	0.568497	-0.12139	1.04981	0.578011	-0.20839	1.33547	0.602225	-0.257614	0.957721	0.460874	-0.213816	0.461356	0.561845	-0.157226	0.0349642	0.528126	-0.288846	1.4942	0.485775	-0.291529	0.894985	0.306439	-0.369147	0.887983	0.348076	-0.0959195	0.0194188	0.543972	-0.0658456	0.507531	0.5215	-0.364988	0.77757	0.3218	-0.272012	1.12409	0.495686	-0.307749	1.47117	0.418979	-0.209309	1.49808	0.543612	-0.091335	0.0970075	0.67466	-0.158625	0.434744	0.487963	0.13461	0.0732412	0.252612	0.062516	1.02846	0.365742	0.163028	1.16492	0.555179	0.164727	0.791422	0.445564	0.127008	1.1458	0.595486	0.0814063	0.011671	0.284263	0.106832	0.528868	0.33899	0.152164	0.0440451	0.107489	-0.0256303	1.04492	0.577606	-0.00743044	1.34388	0.611823	0.118791	0.951972	0.449497	0.114262	0.469296	0.336466	0.108964	0.0770808	0.0773274	0.0772308	1.50129	0.50465	0.152349	0.883961	0.469732	0.210738	0.889705	0.528817	0.0484099	0.0617656	0.0743626	-0.0318258	0.507716	0.314685	0.208328	0.794168	0.549999	0.0719563	1.15168	0.576765	0.107237	1.49127	0.453269	-0.00194636	1.50024	0.549827	0.040261	0.0901793	0.222579	0.0611992	0.47186	0.262749	-0.0931539	1.4633	0.368387	-0.0990448	1.30599	0.595455
14	0.129714	-0.100361	1.56667	0.486271	-0.0955512	1.25455	0.316861	-0.189833	0.0920219	0.689479	-0.21496	1.01015	0.370261	-0.363535	1.13719	0.442558	-0.288535	0.800648	0.250679	-0.330031	1.10495	0.488938	-0.145042	0.0484718	0.753098	-0.211701	0.515188	0.524312	-0.212433	0.0216008	0.568347	-0.119208	1.05061	0.574627	-0.206038	1.33645	0.598681	-0.255632	0.958614	0.457875	-0.213182	0.462517	0.559626	-0.157303	0.0349713	0.528049	-0.286528	1.49509	0.482228	-0.290208	0.895745	0.303497	-0.367683	0.888784	0.345503	-0.0960177	0.0195248	0.54392	-0.0651158	0.508026	0.518742	-0.363696	0.778364	0.319385	-0.269772	1.12501	0.492466	-0.305627	1.47202	0.415528	-0.206879	1.49896	0.539877	-0.0915499	0.0983488	0.673883	-0.15815	0.435236	0.486166	0.134817	0.073145	0.251893	0.0644008	1.02927	0.362014	0.165484	1.16556	0.550664	0.166392	0.792017	0.441197	0.129594	1.14655	0.591125	0.0815111	0.0119259	0.284058	0.107915	0.529072	0.336344	0.152069	0.0428529	0.106973	-0.0235023	1.04572	0.574071	-0.00486383	1.34477	0.60776	0.12067	0.952615	0.446006	0.115258	0.46956	0.333888	0.108836	0.0755975	0.0765621	0.0795787	1.50195	0.500222	0.154235	0.884588	0.46538	0.212892	0.890309	0.524214	0.0483093	0.0602574	0.0737771	-0.0308619	0.508117	0.312373	0.210497	0.794774	0.545436	0.0744998	1.1524	0.57265	0.109443	1.49187	0.448782	0.000502114	1.50099	0.545596	0.0404104	0.0900407	0.221926	0.0619102	0.471852	0.260363	-0.0911176	1.46391	0.364418	-0.0967038	1.30685	0.591723
15	0.139692	-0.0979135	1.56741	0.482252	-0.0937336	1.2551	0.313145	-0.190166	0.0936195	0.688761	-0.212975	1.01092	0.367029	-0.361376	1.13806	0.439423	-0.287431	0.801358	0.247816	-0.327869	1.10596	0.485957	-0.145343	0.0505448	0.752614	-0.210913	0.516217	0.521752	-0.212503	0.0216207	0.568169	-0.116958	1.05142	0.571205	-0.203712	1.33749	0.595034	-0.253595	0.959527	0.454817	-0.212529	0.463696	0.55731	-0.157381	0.0349823	0.52797	-0.28418	1.49602	0.478559	-0.288852	0.896525	0.300554	-0.366186	0.889625	0.342876	-0.0961181	0.0196359	0.543866	-0.0643495	0.508523	0.515926	-0.362357	0.779172	0.316984	-0.267537	1.12598	0.489199	-0.303461	1.4729	0.411954	-0.204428	1.49988	0.536035	-0.0917735	0.0997316	0.673085	-0.157637	0.435738	0.484277	0.135044	0.0730501	0.251212	0.066387	1.03012	0.358266	0.167986	1.16624	0.546098	0.16815	0.792665	0.436768	0.132235	1.14732	0.586729	0.0816173	0.0121715	0.283849	0.109052	0.529288	0.333599	0.152085	0.0417205	0.106536	-0.021331	1.04652	0.5705	-0.00227613	1.3457	0.60363	0.122607	0.953258	0.44251	0.116306	0.469838	0.33122	0.10884	0.0741678	0.0758568	0.0819573	1.50265	0.495707	0.156194	0.885257	0.460976	0.215102	0.890952	0.519576	0.0483435	0.0587801	0.0731984	-0.0298398	0.508539	0.309952	0.21272	0.795416	0.540824	0.0770956	1.15314	0.568482	0.11168	1.49249	0.444207	0.00298292	1.50176	0.541286	0.0405978	0.0899116	0.221264	0.0626806	0.471855	0.257891	-0.0890474	1.46451	0.360372	-0.0943351	1.30773	0.58793
16	0.14967	-0.0954296	1.56815	0.47816	-0.0918914	1.25564	0.309377	-0.190523	0.095256	0.687998	-0.210916	1.01171	0.363745	-0.359224	1.13896	0.436272	-0.286272	0.802091	0.244908	-0.325709	1.10697	0.482918	-0.145683	0.0526693	0.752098	-0.210094	0.517249	0.519114	-0.212581	0.0216544	0.567966	-0.114631	1.05221	0.567737	-0.201404	1.33857	0.591284	-0.251508	0.960444	0.451698	-0.211857	0.464884	0.554909	-0.15746	0.0349975	0.527893	-0.281804	1.49697	0.474775	-0.287462	0.897303	0.297616	-0.364656	0.89049	0.340185	-0.0962209	0.0197527	0.543813	-0.0635527	0.509014	0.51306	-0.360972	0.779987	0.31456	-0.265316	1.12698	0.485889	-0.301249	1.4738	0.408262	-0.201956	1.50081	0.532094	-0.092019	0.101143	0.672263	-0.157096	0.436251	0.482286	0.135291	0.0729421	0.25057	0.0684707	1.03097	0.354488	0.170535	1.16695	0.541486	0.170003	0.793347	0.432277	0.13493	1.14811	0.582299	0.0817231	0.0124049	0.283639	0.110246	0.5295	0.330774	0.152209	0.0406171	0.106175	-0.0191002	1.04732	0.566882	0.000336084	1.34663	0.599434	0.124608	0.953888	0.438988	0.117405	0.470112	0.328489	0.108979	0.0727736	0.0752093	0.0843685	1.50335	0.491111	0.158226	0.88595	0.456524	0.217367	0.891617	0.514906	0.0485115	0.0573321	0.072624	-0.0287547	0.508967	0.307423	0.214997	0.796078	0.536167	0.0797405	1.15391	0.564265	0.113948	1.49312	0.439548	0.00549842	1.50254	0.536902	0.0408266	0.0897808	0.220587	0.063529	0.471857	0.255342	-0.0869427	1.46509	0.356252	-0.0919316	1.30862	0.584074
17	0.159648	-0.0929124	1.56888	0.473996	-0.0900192	1.25615	0.305554	-0.190903	0.0969198	0.687197	-0.208787	1.0125	0.360404	-0.357094	1.13988	0.43311	-0.285057	0.802832	0.241953	-0.323558	1.10797	0.479818	-0.146059	0.0548343	0.751552	-0.209245	0.518275	0.516419	-0.212667	0.0217001	0.56774	-0.112223	1.05299	0.564216	-0.199102	1.33966	0.587436	-0.249375	0.961349	0.448523	-0.211169	0.46607	0.552437	-0.157541	0.0350168	0.527819	-0.279399	1.49793	0.470886	-0.286035	0.898056	0.294695	-0.363095	0.891365	0.337424	-0.0963254	0.0198752	0.543761	-0.06273	0.509492	0.510154	-0.359543	0.780801	0.312078	-0.263117	1.128	0.48254	-0.298992	1.47469	0.404462	-0.199462	1.50175	0.528062	-0.0922965	0.10257	0.671416	-0.156533	0.43678	0.480186	0.13556	0.0728102	0.249962	0.0706435	1.03178	0.350669	0.173129	1.16766	0.536831	0.171952	0.794047	0.427728	0.137676	1.14889	0.577837	0.0818287	0.0126266	0.283429	0.111501	0.529697	0.327891	0.152433	0.0395115	0.105881	-0.0167952	1.04809	0.563208	0.00297729	1.34756	0.595172	0.126674	0.954493	0.435418	0.118556	0.470365	0.32572	0.109249	0.0713971	0.0746124	0.0868147	1.50405	0.486442	0.160333	0.886649	0.452025	0.219688	0.892287	0.510205	0.0488039	0.0559121	0.0720508	-0.0276025	0.509389	0.304789	0.217326	0.796741	0.531468	0.0824318	1.15468	0.560001	0.11625	1.49374	0.434815	0.00805179	1.50331	0.532452	0.0410996	0.089641	0.219885	0.0644724	0.471847	0.252728	-0.084802	1.46566	0.352063	-0.0894863	1.30949	0.580153
18	0.169626	-0.0903635	1.56959	0.469762	-0.0881096	1.25663	0.301671	-0.191303	0.0985999	0.686361	-0.206597	1.01328	0.356999	-0.354998	1.14082	0.429937	-0.283787	0.803569	0.238944	-0.32142	1.10896	0.476654	-0.146469	0.0570299	0.750977	-0.208363	0.519286	0.513683	-0.212759	0.0217565	0.567496	-0.109734	1.05372	0.560636	-0.19679	1.34074	0.583496	-0.247201	0.962227	0.445295	-0.21046	0.467247	0.549905	-0.157624	0.0350401	0.52775	-0.276963	1.49888	0.466905	-0.284573	0.898761	0.291804	-0.361506	0.892237	0.334586	-0.0964306	0.0200029	0.543712	-0.0618837	0.509952	0.507215	-0.358076	0.781607	0.309509	-0.260947	1.12901	0.479156	-0.296689	1.47558	0.400564	-0.196942	1.50267	0.523949	-0.0926119	0.104002	0.670542	-0.155949	0.437326	0.477975	0.135852	0.0726475	0.249381	0.0728934	1.03255	0.346799	0.175768	1.16837	0.532136	0.173996	0.794748	0.423124	0.140471	1.14965	0.573341	0.0819351	0.0128396	0.283219	0.112819	0.52987	0.324971	0.152745	0.0383749	0.105639	-0.0144046	1.04883	0.559469	0.00565215	1.34846	0.590845	0.128808	0.955069	0.43178	0.11976	0.470587	0.32294	0.109638	0.0700213	0.0740555	0.0892984	1.50474	0.481707	0.162512	0.887338	0.447481	0.222063	0.892945	0.505476	0.0492046	0.0545192	0.0714755	-0.0263809	0.509799	0.302056	0.219708	0.797392	0.52673	0.0851665	1.15543	0.555692	0.118589	1.49434	0.430015	0.0106465	1.50407	0.527943	0.0414176	0.089488	0.219153	0.0655239	0.471819	0.250057	-0.0826233	1.4662	0.347807	-0.0869929	1.31035	0.576167
19	0.179604	-0.0877839	1.57028	0.465463	-0.0861544	1.25708	0.297722	-0.191719	0.100287	0.685495	-0.204352	1.01403	0.353525	-0.35294	1.14177	0.426744	-0.282465	0.804286	0.23588	-0.319299	1.10991	0.473423	-0.146906	0.0592485	0.750375	-0.207445	0.520278	0.510923	-0.212854	0.0218221	0.567238	-0.107167	1.05441	0.55699	-0.194448	1.34177	0.579472	-0.244993	0.963064	0.44202	-0.209727	0.468408	0.547321	-0.157709	0.0350669	0.527686	-0.274495	1.49979	0.462844	-0.283076	0.899397	0.288955	-0.359891	0.893093	0.331666	-0.0965348	0.0201348	0.543664	-0.0610144	0.510393	0.50425	-0.356577	0.782397	0.306831	-0.258806	1.12999	0.475735	-0.294339	1.47643	0.39658	-0.194391	1.50356	0.519767	-0.0929673	0.105429	0.669638	-0.155343	0.437887	0.475654	0.136168	0.0724515	0.248817	0.0752061	1.03323	0.342868	0.178448	1.16904	0.527402	0.176128	0.795432	0.418471	0.14331	1.15037	0.568808	0.0820442	0.0130483	0.283005	0.1142	0.530017	0.322032	0.153132	0.0371838	0.105433	-0.0119214	1.04954	0.55566	0.0083647	1.34933	0.586455	0.131007	0.955612	0.428059	0.121016	0.47077	0.320164	0.110128	0.0686328	0.0735262	0.091822	1.50539	0.476917	0.164761	0.888002	0.442895	0.224491	0.893579	0.500716	0.0496929	0.0531518	0.0708953	-0.0250899	0.510192	0.29923	0.222144	0.798017	0.521956	0.0879415	1.15615	0.551335	0.120967	1.49491	0.425157	0.0132859	1.5048	0.523382	0.0417791	0.0893204	0.218385	0.0666898	0.471766	0.247341	-0.080404	1.46671	0.343491	-0.0844469	1.31118	0.572114
20	0.189582	-0.0851735	1.57093	0.461098	-0.0841456	1.25749	0.293703	-0.192147	0.101975	0.684602	-0.202059	1.01474	0.349978	-0.35092	1.1427	0.42352	-0.281098	0.804973	0.232758	-0.317192	1.11083	0.470119	-0.147364	0.0614848	0.749746	-0.206488	0.521247	0.508151	-0.212949	0.0218958	0.566972	-0.10453	1.05504	0.553277	-0.192055	1.34274	0.575375	-0.242754	0.963852	0.438702	-0.208967	0.469548	0.544693	-0.157793	0.0350968	0.52763	-0.271991	1.50066	0.458716	-0.281545	0.899947	0.286154	-0.358253	0.893924	0.328662	-0.0966362	0.0202695	0.543618	-0.0601212	0.510813	0.501264	-0.355053	0.783165	0.304031	-0.256691	1.13093	0.472277	-0.291944	1.47724	0.392522	-0.191806	1.50441	0.515524	-0.093361	0.106844	0.668704	-0.15471	0.438462	0.47323	0.136506	0.0722234	0.24826	0.077566	1.03383	0.338871	0.181169	1.16969	0.522629	0.178344	0.796086	0.413775	0.146189	1.15105	0.564233	0.0821585	0.0132575	0.282787	0.115641	0.530135	0.319084	0.15358	0.0359228	0.105246	-0.00934374	1.05022	0.551775	0.0111177	1.35015	0.582005	0.13327	0.956121	0.424244	0.122322	0.470913	0.317403	0.110695	0.0672225	0.0730117	0.0943872	1.50601	0.472078	0.167076	0.888629	0.438269	0.226973	0.894179	0.495926	0.0502453	0.0518084	0.0703087	-0.0237329	0.510565	0.296319	0.224635	0.798608	0.517149	0.0907531	1.15683	0.54693	0.123387	1.49544	0.420252	0.0159724	1.50551	0.518773	0.0421794	0.0891395	0.217579	0.0679683	0.471689	0.244584	-0.0781415	1.46719	0.339116	-0.0818457	1.31198	0.567994
21	0.19956	-0.0825318	1.57155	0.456672	-0.0820758	1.25788	0.289612	-0.192583	0.103659	0.683684	-0.199725	1.0154	0.346354	-0.34893	1.14363	0.420247	-0.27969	0.805618	0.229578	-0.315094	1.11171	0.466741	-0.147836	0.0637361	0.749088	-0.205486	0.52219	0.505373	-0.213038	0.0219769	0.566702	-0.101833	1.05562	0.549493	-0.18959	1.34364	0.571214	-0.240489	0.964583	0.435341	-0.208173	0.470665	0.542024	-0.157875	0.035129	0.527578	-0.269448	1.50149	0.454532	-0.279981	0.900401	0.283401	-0.356594	0.89472	0.325571	-0.096733	0.0204052	0.543572	-0.0592018	0.511212	0.498259	-0.35351	0.783905	0.301101	-0.254594	1.13181	0.468778	-0.289503	1.47801	0.388404	-0.189181	1.50522	0.51123	-0.0937888	0.108245	0.667739	-0.154045	0.439045	0.470711	0.136863	0.0719679	0.247702	0.0799585	1.03435	0.334804	0.183925	1.17028	0.517817	0.180635	0.796699	0.409042	0.1491	1.15167	0.559611	0.0822797	0.0134713	0.282562	0.117138	0.530227	0.31613	0.154076	0.0345867	0.105063	-0.00667514	1.05087	0.547816	0.0139126	1.35092	0.577496	0.135591	0.956599	0.420332	0.123674	0.47102	0.314653	0.111317	0.0657872	0.0725005	0.0969948	1.50659	0.467202	0.169454	0.88921	0.433605	0.229507	0.894738	0.491105	0.0508371	0.0504871	0.0697156	-0.0223165	0.510921	0.293333	0.227183	0.799159	0.512312	0.0935969	1.15746	0.542471	0.125851	1.49593	0.415308	0.0187074	1.5062	0.514122	0.0426108	0.0889485	0.216738	0.0693479	0.471588	0.24179	-0.0758333	1.46765	0.334687	-0.079189	1.31275	0.563807
22	0.209538	-0.0798578	1.57213	0.452185	-0.0799391	1.25824	0.285447	-0.193023	0.105338	0.68274	-0.197355	1.01601	0.342651	-0.346956	1.14454	0.416908	-0.278251	0.806214	0.226342	-0.312999	1.11256	0.463283	-0.148316	0.0660024	0.748401	-0.204438	0.523107	0.502593	-0.213118	0.022065	0.566431	-0.0990863	1.05615	0.545638	-0.187035	1.34447	0.567	-0.238202	0.965258	0.431936	-0.207344	0.471758	0.539316	-0.157954	0.0351628	0.527532	-0.266864	1.50226	0.450305	-0.278386	0.900758	0.280686	-0.354916	0.895479	0.322397	-0.0968236	0.0205405	0.543523	-0.0582538	0.511592	0.495238	-0.351957	0.784614	0.298043	-0.252505	1.13264	0.46523	-0.287018	1.47873	0.384236	-0.186512	1.50598	0.506892	-0.0942447	0.10963	0.66674	-0.153344	0.439633	0.468107	0.137236	0.0716925	0.247136	0.0823709	1.03477	0.330664	0.186712	1.17083	0.512966	0.182995	0.797263	0.404277	0.152038	1.15225	0.554938	0.0824092	0.0136927	0.282329	0.118681	0.530298	0.313165	0.154607	0.0331817	0.104871	-0.00392447	1.0515	0.543784	0.0167488	1.35164	0.572932	0.137964	0.95705	0.416327	0.125063	0.471097	0.311906	0.111966	0.0643307	0.0719833	0.099645	1.50712	0.462294	0.171891	0.889742	0.428905	0.232092	0.895253	0.486251	0.0514435	0.0491868	0.0691183	-0.0208508	0.511262	0.290279	0.229789	0.799668	0.507447	0.0964679	1.15804	0.537956	0.128362	1.49637	0.410335	0.021491	1.50686	0.509433	0.0430617	0.0887514	0.215869	0.0708084	0.471467	0.238961	-0.0734772	1.46808	0.330206	-0.0764786	1.31348	0.559555
23	0.219516	-0.0771506	1.57269	0.447639	-0.0777317	1.25858	0.281208	-0.193464	0.107014	0.681768	-0.194951	1.01655	0.33887	-0.344977	1.14542	0.413484	-0.276786	0.806755	0.223052	-0.310894	1.11336	0.459745	-0.148801	0.0682856	0.74768	-0.203343	0.524002	0.499806	-0.213185	0.0221606	0.566162	-0.0963036	1.05664	0.541715	-0.184373	1.34522	0.562741	-0.235894	0.96588	0.42848	-0.206477	0.47283	0.536567	-0.158028	0.0351977	0.527487	-0.264236	1.50298	0.44604	-0.276761	0.901024	0.277985	-0.35322	0.896196	0.319143	-0.0969068	0.0206737	0.543469	-0.0572749	0.511957	0.492197	-0.350397	0.785289	0.294866	-0.25041	1.1334	0.461627	-0.28449	1.4794	0.380027	-0.183798	1.50669	0.502514	-0.0947226	0.111002	0.665707	-0.152602	0.440219	0.465428	0.137615	0.0714066	0.246558	0.0847945	1.03512	0.326453	0.189524	1.17134	0.508074	0.185417	0.797775	0.399487	0.154994	1.15277	0.55021	0.0825474	0.0139229	0.282089	0.120259	0.530355	0.310178	0.15516	0.0317259	0.104662	-0.001105	1.05212	0.539685	0.0196246	1.3523	0.568317	0.140382	0.957478	0.412237	0.126481	0.471154	0.309142	0.112618	0.0628633	0.0714537	0.102337	1.50761	0.457362	0.174382	0.890223	0.42417	0.234726	0.895727	0.481365	0.0520402	0.0479077	0.068521	-0.0193492	0.511595	0.287169	0.232453	0.800138	0.502557	0.0993605	1.15856	0.53338	0.130919	1.49678	0.40534	0.0243215	1.50751	0.504707	0.0435177	0.0885533	0.214983	0.0723217	0.47133	0.236093	-0.0710718	1.4685	0.325676	-0.0737185	1.31418	0.555241
24	0.229495	-0.0744096	1.57322	0.443036	-0.0754518	1.2589	0.276899	-0.193904	0.108692	0.680763	-0.192517	1.01704	0.335012	-0.342973	1.14628	0.40996	-0.275304	0.807239	0.219713	-0.308767	1.11413	0.456124	-0.149289	0.0705893	0.74692	-0.202203	0.524877	0.497002	-0.213238	0.0222645	0.565895	-0.093497	1.0571	0.537725	-0.181596	1.34592	0.558447	-0.233566	0.966457	0.424964	-0.205574	0.473883	0.533772	-0.158094	0.0352335	0.52744	-0.261563	1.50365	0.441743	-0.275108	0.901214	0.275271	-0.351505	0.896871	0.315817	-0.0969823	0.020804	0.543409	-0.0562636	0.512308	0.489135	-0.348835	0.78593	0.291582	-0.248292	1.1341	0.457959	-0.28192	1.48003	0.375783	-0.181037	1.50735	0.4981	-0.0952166	0.112367	0.664637	-0.151819	0.4408	0.462682	0.137991	0.0711205	0.245967	0.0872247	1.03541	0.322175	0.192357	1.1718	0.503142	0.187895	0.798233	0.394677	0.157961	1.15325	0.545426	0.0826935	0.0141612	0.281845	0.121858	0.530405	0.30715	0.155724	0.030248	0.104431	0.00176683	1.05274	0.535526	0.0225369	1.35293	0.563656	0.142837	0.957889	0.408075	0.127917	0.471203	0.306339	0.113246	0.0614017	0.0709091	0.10507	1.50807	0.452411	0.176925	0.890655	0.4194	0.237407	0.896162	0.476448	0.0526037	0.0466511	0.0679302	-0.0178275	0.511926	0.284013	0.235172	0.800573	0.497647	0.102269	1.15903	0.528739	0.133523	1.49716	0.400328	0.0271959	1.50814	0.499946	0.0439621	0.0883589	0.214093	0.0738545	0.471184	0.233184	-0.0686162	1.4689	0.321098	-0.0709143	1.31486	0.550868
25	0.239473	-0.0716345	1.57373	0.438378	-0.0730998	1.25921	0.272522	-0.194344	0.110378	0.679721	-0.190053	1.01746	0.331078	-0.340919	1.1471	0.406326	-0.273811	0.807665	0.216328	-0.306604	1.11487	0.452421	-0.14978	0.0729179	0.746118	-0.201023	0.525736	0.494166	-0.213275	0.0223781	0.565626	-0.0906778	1.05753	0.533673	-0.178698	1.34657	0.554121	-0.23122	0.966998	0.421377	-0.204637	0.474922	0.530925	-0.158152	0.0352702	0.527387	-0.258846	1.50428	0.437415	-0.273426	0.901347	0.272506	-0.34977	0.897505	0.312427	-0.0970503	0.0209308	0.543341	-0.0552197	0.512651	0.486044	-0.347271	0.786538	0.28821	-0.246134	1.13475	0.454217	-0.279311	1.48063	0.371503	-0.178229	1.50798	0.49365	-0.0957216	0.113731	0.663527	-0.150994	0.441372	0.459874	0.138352	0.0708448	0.245364	0.0896618	1.03566	0.317837	0.195205	1.17222	0.49817	0.190424	0.798642	0.389849	0.160932	1.1537	0.540583	0.0828456	0.014405	0.2816	0.123463	0.530456	0.304065	0.156284	0.0287847	0.104176	0.00467298	1.05335	0.531315	0.0254817	1.35352	0.558954	0.145322	0.958287	0.403856	0.129357	0.471254	0.303473	0.113827	0.0599668	0.0703499	0.107841	1.5085	0.447444	0.179516	0.891044	0.414597	0.240132	0.896566	0.471501	0.0531123	0.0454196	0.067354	-0.016303	0.512263	0.280822	0.237943	0.800979	0.492718	0.105187	1.15946	0.524033	0.136172	1.49751	0.395303	0.0301096	1.50876	0.495148	0.0443767	0.0881727	0.213218	0.0753709	0.471035	0.23023	-0.0661102	1.46929	0.316475	-0.0680729	1.31552	0.546441
26	0.249451	-0.0688261	1.57424	0.433666	-0.0706782	1.25951	0.268085	-0.194783	0.11208	0.678633	-0.187558	1.01782	0.327074	-0.338795	1.14789	0.402579	-0.272311	0.808037	0.212905	-0.30439	1.11559	0.448637	-0.150276	0.0752762	0.745267	-0.19981	0.526585	0.491281	-0.213297	0.0225029	0.565354	-0.0878553	1.05796	0.529563	-0.175683	1.3472	0.549768	-0.228854	0.967514	0.417707	-0.203671	0.475953	0.528017	-0.158201	0.035308	0.527325	-0.256086	1.50488	0.433053	-0.271717	0.901447	0.269657	-0.348012	0.898103	0.308985	-0.0971117	0.0210541	0.543262	-0.0541445	0.512987	0.482919	-0.345705	0.787117	0.284773	-0.24392	1.13535	0.450391	-0.276662	1.4812	0.367187	-0.175378	1.50859	0.489161	-0.0962341	0.115102	0.662375	-0.150133	0.441936	0.457008	0.138685	0.0705892	0.244751	0.0921102	1.03589	0.313446	0.198063	1.17261	0.493159	0.193003	0.799009	0.385006	0.163901	1.15411	0.535685	0.0830007	0.0146505	0.281359	0.125058	0.530516	0.300902	0.156826	0.0273773	0.103898	0.00759554	1.05397	0.527062	0.0284543	1.35409	0.554215	0.14783	0.958681	0.399594	0.130787	0.471318	0.300521	0.114341	0.0585818	0.0697797	0.110648	1.5089	0.442461	0.182153	0.891396	0.40976	0.242896	0.896947	0.466526	0.0535464	0.0442168	0.0668019	-0.0147934	0.512615	0.277609	0.240763	0.801365	0.487774	0.10811	1.15985	0.51926	0.138865	1.49784	0.390268	0.0330572	1.50937	0.490315	0.0447437	0.0879981	0.212375	0.0768359	0.470889	0.227229	-0.0635543	1.46968	0.311808	-0.0652015	1.31616	0.541966
27	0.259429	-0.0659854	1.57474	0.428902	-0.0681906	1.25982	0.263592	-0.195224	0.113808	0.677493	-0.18503	1.01814	0.323002	-0.336582	1.14864	0.398723	-0.270808	0.808358	0.209447	-0.302113	1.1163	0.444773	-0.150781	0.0776684	0.744363	-0.198573	0.527428	0.488324	-0.213305	0.0226407	0.565074	-0.0850365	1.0584	0.525399	-0.17256	1.34784	0.545387	-0.226469	0.968016	0.413942	-0.202685	0.476981	0.52504	-0.158241	0.0353476	0.527249	-0.253286	1.50546	0.428653	-0.269981	0.901533	0.266694	-0.346228	0.898668	0.305502	-0.0971679	0.0211744	0.543173	-0.0530409	0.513319	0.479751	-0.344134	0.78767	0.281294	-0.241635	1.13592	0.446474	-0.273976	1.48175	0.362828	-0.172487	1.50917	0.484631	-0.096751	0.116491	0.661177	-0.14924	0.44249	0.454083	0.13898	0.0703619	0.244135	0.0945778	1.03612	0.309011	0.200927	1.17299	0.488111	0.195627	0.799342	0.380148	0.166862	1.1545	0.530734	0.083155	0.0148923	0.281126	0.126629	0.53059	0.297646	0.157336	0.0260671	0.103603	0.0105183	1.05461	0.522772	0.0314498	1.35465	0.549446	0.150355	0.959074	0.395301	0.132196	0.471402	0.297466	0.114769	0.0572688	0.0692047	0.113488	1.5093	0.437464	0.184833	0.891723	0.404889	0.245696	0.897314	0.461527	0.0538898	0.0430464	0.0662837	-0.0133156	0.512988	0.274387	0.243623	0.801738	0.482816	0.111033	1.16022	0.514423	0.141598	1.49817	0.385221	0.0360327	1.50999	0.485444	0.0450471	0.0878374	0.211582	0.0782187	0.47075	0.224181	-0.0609497	1.47007	0.307098	-0.0623075	1.31681	0.537449
28	0.269407	-0.0631147	1.57524	0.424089	-0.0656419	1.26013	0.259051	-0.195668	0.115568	0.676294	-0.182467	1.01843	0.318869	-0.334269	1.14936	0.394773	-0.269303	0.808636	0.205962	-0.299762	1.117	0.440833	-0.151296	0.0800978	0.743399	-0.197324	0.528271	0.485274	-0.2133	0.0227932	0.564782	-0.0822256	1.05886	0.521185	-0.169347	1.34849	0.540977	-0.224065	0.968513	0.410074	-0.201687	0.478011	0.521984	-0.158271	0.0353895	0.527157	-0.250449	1.50603	0.424206	-0.268215	0.901627	0.263596	-0.344416	0.899206	0.30199	-0.0972206	0.0212925	0.543071	-0.0519136	0.513648	0.476531	-0.342553	0.788202	0.277795	-0.239265	1.13648	0.44246	-0.271252	1.48231	0.358416	-0.169562	1.50975	0.480054	-0.0972705	0.117905	0.659929	-0.148323	0.443038	0.451095	0.139224	0.0701687	0.24352	0.0970739	1.03638	0.304541	0.203796	1.17334	0.48303	0.198296	0.799654	0.375274	0.169814	1.15488	0.525736	0.0833045	0.0151248	0.280908	0.128163	0.530684	0.29429	0.157801	0.0248904	0.103296	0.0134284	1.05526	0.518453	0.0344631	1.35521	0.544652	0.152894	0.959472	0.390986	0.133571	0.471511	0.294301	0.115102	0.0560465	0.0686319	0.116359	1.5097	0.43245	0.187552	0.892033	0.399985	0.248527	0.897677	0.456506	0.0541312	0.0419116	0.0658083	-0.011884	0.51339	0.271168	0.246518	0.802109	0.477846	0.113953	1.16057	0.509525	0.144368	1.49849	0.380163	0.0390299	1.51062	0.480537	0.0452742	0.0876912	0.210853	0.0794954	0.470622	0.221089	-0.0582979	1.47046	0.302348	-0.0593975	1.31744	0.532897
29	0.279385	-0.0602162	1.57575	0.419229	-0.0630375	1.26045	0.254467	-0.196115	0.117369	0.675028	-0.179866	1.0187	0.314677	-0.331849	1.15004	0.390749	-0.267794	0.808878	0.202455	-0.297329	1.11771	0.43682	-0.151823	0.0825662	0.742372	-0.196072	0.529118	0.482114	-0.213285	0.0229616	0.564473	-0.0794243	1.05933	0.516924	-0.166067	1.34918	0.536533	-0.22164	0.969012	0.406101	-0.200684	0.479047	0.518842	-0.158293	0.0354342	0.527046	-0.247579	1.50659	0.419706	-0.266421	0.901742	0.260356	-0.342571	0.899726	0.298458	-0.0972716	0.0214093	0.542958	-0.0507688	0.513977	0.473247	-0.340957	0.788718	0.274298	-0.236801	1.13703	0.438345	-0.26849	1.48287	0.353941	-0.166609	1.51034	0.475426	-0.097791	0.119354	0.658627	-0.147392	0.443581	0.44804	0.139411	0.0700127	0.242915	0.0996084	1.03668	0.300043	0.206667	1.1737	0.477919	0.201006	0.799956	0.37038	0.172755	1.15526	0.520697	0.0834447	0.0153426	0.280709	0.129651	0.530798	0.290831	0.158208	0.0238746	0.102982	0.0163166	1.05592	0.514109	0.0374891	1.35579	0.539837	0.155445	0.959879	0.386649	0.134902	0.471647	0.291027	0.115334	0.0549274	0.0680689	0.119255	1.5101	0.427418	0.190307	0.892339	0.395048	0.251384	0.898044	0.451464	0.0542647	0.0408146	0.0653833	-0.0105095	0.513822	0.267965	0.249439	0.802483	0.472864	0.116869	1.16092	0.504572	0.147171	1.49882	0.375091	0.0420429	1.51125	0.475593	0.0454174	0.0875589	0.2102	0.0806518	0.470505	0.217958	-0.055601	1.47086	0.297558	-0.0564773	1.31808	0.528314
30	0.289363	-0.0572932	1.57628	0.414325	-0.0603828	1.26079	0.249848	-0.196566	0.119214	0.673692	-0.177226	1.01897	0.31043	-0.329325	1.1507	0.386677	-0.266277	0.809091	0.198932	-0.294809	1.11844	0.43274	-0.152361	0.0850742	0.741278	-0.194827	0.52997	0.478829	-0.21326	0.0231471	0.564145	-0.0766318	1.05984	0.512619	-0.162747	1.34992	0.532049	-0.219194	0.969515	0.402023	-0.199686	0.480093	0.515607	-0.158307	0.0354818	0.526915	-0.244681	1.50717	0.415143	-0.264597	0.901885	0.256978	-0.34069	0.900234	0.294917	-0.0973224	0.0215257	0.542831	-0.0496144	0.514304	0.469889	-0.33934	0.789224	0.27082	-0.23424	1.1376	0.434129	-0.26569	1.48345	0.34939	-0.163635	1.51093	0.470742	-0.0983109	0.120842	0.657266	-0.146457	0.444123	0.444913	0.139537	0.0698943	0.242326	0.102189	1.03704	0.295525	0.209542	1.17406	0.472783	0.203755	0.800259	0.365464	0.175685	1.15564	0.515624	0.0835717	0.0155407	0.280531	0.131088	0.530933	0.287278	0.158552	0.0230351	0.102669	0.0191786	1.0566	0.50974	0.0405231	1.35639	0.535004	0.158008	0.960298	0.382287	0.136185	0.471805	0.287657	0.11547	0.0539163	0.0675219	0.122175	1.51052	0.422367	0.193095	0.89265	0.390077	0.254262	0.898422	0.446405	0.0542908	0.0397561	0.0650139	-0.00919794	0.514287	0.26479	0.252379	0.802869	0.467868	0.11978	1.16127	0.499571	0.150003	1.49917	0.370003	0.0450662	1.51189	0.470616	0.0454747	0.0874384	0.209629	0.0816843	0.470399	0.214799	-0.0528609	1.47126	0.29273	-0.0535514	1.31872	0.523706
31	0.299341	-0.0543487	1.57681	0.40938	-0.0576831	1.26114	0.245196	-0.19702	0.121105	0.672281	-0.174546	1.01924	0.306132	-0.326703	1.15134	0.382585	-0.264747	0.809285	0.195398	-0.292201	1.11919	0.428598	-0.152906	0.0876209	0.740112	-0.193599	0.530831	0.475411	-0.213228	0.0233506	0.563796	-0.0738458	1.06037	0.508272	-0.159418	1.35071	0.527517	-0.216728	0.970024	0.397849	-0.198699	0.481152	0.512275	-0.158315	0.035532	0.526767	-0.241759	1.50776	0.410509	-0.262742	0.902061	0.253479	-0.338771	0.900737	0.291373	-0.0973744	0.0216428	0.542692	-0.0484595	0.514629	0.466445	-0.337697	0.789724	0.267377	-0.231581	1.13819	0.429815	-0.262852	1.48406	0.344752	-0.160648	1.51155	0.465998	-0.0988285	0.122374	0.655841	-0.14553	0.444663	0.441709	0.139601	0.0698107	0.241758	0.104821	1.03745	0.290992	0.212421	1.17443	0.467628	0.206538	0.800575	0.36052	0.178609	1.15603	0.510525	0.0836823	0.0157154	0.280377	0.132472	0.531083	0.283648	0.158831	0.0223735	0.10236	0.0220142	1.05728	0.505346	0.0435608	1.35702	0.530158	0.160582	0.960732	0.377893	0.137418	0.471981	0.284213	0.115521	0.0530101	0.0669956	0.125114	1.51095	0.417295	0.19591	0.892976	0.385074	0.257155	0.898815	0.441329	0.0542162	0.0387355	0.0647024	-0.00794993	0.51478	0.261651	0.255331	0.803269	0.462856	0.122688	1.16164	0.494531	0.152859	1.49954	0.3649	0.0480952	1.51254	0.465608	0.0454504	0.0873267	0.209144	0.0826007	0.4703	0.211624	-0.0500801	1.47167	0.287868	-0.0506226	1.31936	0.519077
32	0.309319	-0.051386	1.57737	0.4044	-0.0549429	1.2615	0.240517	-0.197474	0.12304	0.670794	-0.171829	1.01955	0.301783	-0.323996	1.15196	0.378496	-0.263198	0.809465	0.191858	-0.28951	1.11997	0.4244	-0.153449	0.0902043	0.738874	-0.192393	0.531701	0.471858	-0.21319	0.0235727	0.563425	-0.0710627	1.06092	0.503883	-0.156109	1.35156	0.522929	-0.21424	0.970536	0.393591	-0.197728	0.482224	0.508846	-0.158317	0.035584	0.526603	-0.238817	1.50837	0.405797	-0.260854	0.902264	0.249883	-0.33681	0.901242	0.287829	-0.0974284	0.021761	0.54254	-0.0473141	0.514948	0.462902	-0.336022	0.790223	0.263976	-0.228829	1.13882	0.425409	-0.259974	1.4847	0.340018	-0.157652	1.51219	0.461191	-0.0993416	0.12395	0.654348	-0.144619	0.445204	0.438424	0.13961	0.0697571	0.241219	0.107506	1.03791	0.286445	0.215307	1.17482	0.462458	0.20935	0.800911	0.355546	0.18153	1.15644	0.505409	0.0837741	0.0158642	0.280245	0.133808	0.531245	0.279965	0.159049	0.0218781	0.102058	0.0248269	1.05797	0.500925	0.0465983	1.35768	0.525301	0.16317	0.96118	0.373455	0.138602	0.472166	0.280725	0.115507	0.0521983	0.0664917	0.128069	1.51141	0.412203	0.198749	0.893324	0.380039	0.26006	0.899227	0.436236	0.0540536	0.0377514	0.0644485	-0.0067602	0.515296	0.258555	0.258287	0.803686	0.457824	0.125598	1.16203	0.489462	0.155737	1.49992	0.35978	0.0511263	1.5132	0.460572	0.0453548	0.0872203	0.208739	0.0834196	0.470202	0.208448	-0.0472608	1.47208	0.282973	-0.0476927	1.32	0.514429
33	0.319297	-0.0484079	1.57793	0.399388	-0.0521663	1.26187	0.235812	-0.197926	0.125017	0.669231	-0.169078	1.0199	0.297387	-0.321221	1.15256	0.374431	-0.261622	0.809636	0.188316	-0.286741	1.12078	0.420151	-0.153981	0.092822	0.737561	-0.191215	0.532578	0.468174	-0.213146	0.0238139	0.563036	-0.0682786	1.06149	0.499454	-0.152849	1.35244	0.51828	-0.211729	0.97105	0.389265	-0.196778	0.483309	0.505321	-0.158316	0.035637	0.526428	-0.235858	1.50901	0.401005	-0.258932	0.902489	0.246217	-0.334807	0.901753	0.284288	-0.0974849	0.0218808	0.542375	-0.0461892	0.51526	0.459246	-0.334312	0.790723	0.26062	-0.225993	1.13949	0.420919	-0.257058	1.48537	0.335181	-0.154655	1.51285	0.456323	-0.0998471	0.125569	0.652779	-0.143737	0.445742	0.435055	0.139571	0.0697267	0.240713	0.110238	1.03843	0.281888	0.218204	1.17523	0.45728	0.212184	0.801272	0.350535	0.184455	1.15686	0.500284	0.0838462	0.0159861	0.280134	0.135103	0.531408	0.276261	0.159217	0.0215255	0.101766	0.0276223	1.05866	0.496473	0.0496325	1.35836	0.520434	0.165774	0.961643	0.368958	0.139746	0.47235	0.277229	0.115451	0.0514644	0.0660094	0.131036	1.51189	0.407093	0.201606	0.893697	0.374972	0.262973	0.899656	0.431123	0.0538202	0.0368016	0.0642487	-0.00561815	0.515824	0.255504	0.261244	0.804119	0.452768	0.128514	1.16243	0.484371	0.158632	1.50032	0.354646	0.0541566	1.51387	0.455515	0.0452028	0.087116	0.208408	0.084168	0.470101	0.205288	-0.0444054	1.47249	0.278049	-0.0447624	1.32063	0.509766
34	0.329275	-0.045417	1.5785	0.39435	-0.0493565	1.26225	0.231083	-0.198371	0.127027	0.667592	-0.166299	1.02029	0.292945	-0.318395	1.15316	0.3704	-0.260011	0.809801	0.184774	-0.283904	1.12162	0.415857	-0.154489	0.095471	0.736172	-0.190068	0.533462	0.464367	-0.213098	0.0240748	0.562629	-0.0654897	1.06207	0.494984	-0.149659	1.35335	0.513562	-0.209194	0.971561	0.384889	-0.195849	0.484406	0.501704	-0.158313	0.0356898	0.526246	-0.232886	1.50966	0.39613	-0.256975	0.902725	0.242511	-0.332761	0.902271	0.280748	-0.0975437	0.0220021	0.542195	-0.0450957	0.515559	0.455463	-0.332564	0.791226	0.257306	-0.223086	1.14019	0.416358	-0.254105	1.48608	0.33024	-0.15166	1.51353	0.451395	-0.100341	0.127226	0.651132	-0.142891	0.446275	0.431603	0.139497	0.0697118	0.240242	0.113011	1.03898	0.277318	0.221116	1.17565	0.452098	0.215035	0.801661	0.345484	0.18739	1.1573	0.495155	0.0838988	0.0160814	0.28004	0.13637	0.531566	0.272568	0.159351	0.0212836	0.10148	0.0304075	1.05933	0.491986	0.0526611	1.35907	0.515556	0.168396	0.962119	0.36439	0.140858	0.472522	0.273758	0.115381	0.0507883	0.0655447	0.134014	1.51238	0.401967	0.204476	0.894099	0.369876	0.265889	0.900099	0.42599	0.0535356	0.035884	0.0640977	-0.00450895	0.516356	0.252497	0.264197	0.804566	0.447683	0.131442	1.16286	0.479271	0.161541	1.50074	0.349498	0.0571841	1.51452	0.450442	0.0450131	0.0870111	0.208138	0.0848791	0.469989	0.202159	-0.0415161	1.4729	0.273098	-0.041832	1.32126	0.505086
35	0.339253	-0.0424156	1.57907	0.38929	-0.0465162	1.26263	0.22633	-0.198804	0.129065	0.665879	-0.163501	1.02074	0.288458	-0.315538	1.15375	0.366402	-0.258358	0.809962	0.181234	-0.281011	1.12249	0.411522	-0.154958	0.0981491	0.734707	-0.188954	0.53435	0.460447	-0.213047	0.0243559	0.562208	-0.0626937	1.06265	0.490475	-0.146553	1.35427	0.508774	-0.206632	0.972067	0.380483	-0.194943	0.485511	0.497998	-0.15831	0.0357413	0.526064	-0.229903	1.51034	0.391176	-0.25498	0.902962	0.23879	-0.330671	0.902796	0.277206	-0.0976045	0.0221247	0.542002	-0.0440445	0.51584	0.451539	-0.330774	0.791729	0.254028	-0.220124	1.14093	0.411738	-0.251116	1.48682	0.325197	-0.14867	1.51422	0.446411	-0.10082	0.128917	0.6494	-0.142091	0.446798	0.428069	0.139401	0.0697047	0.239808	0.115812	1.03956	0.272733	0.224047	1.17608	0.446918	0.217893	0.802075	0.34039	0.190343	1.15774	0.49003	0.0839338	0.0161521	0.279958	0.137621	0.531708	0.268919	0.159469	0.0211155	0.1012	0.0331889	1.05999	0.487462	0.0556824	1.35979	0.510668	0.171038	0.962607	0.359743	0.141953	0.472675	0.270347	0.115321	0.0501487	0.0650912	0.136999	1.51289	0.39683	0.207355	0.894525	0.364748	0.268808	0.90055	0.420832	0.0532208	0.0349966	0.0639881	-0.00341516	0.516879	0.249528	0.267144	0.805019	0.442562	0.134389	1.16329	0.474167	0.164463	1.50117	0.344343	0.0602074	1.51517	0.445357	0.0448053	0.086904	0.207918	0.0855881	0.469861	0.199074	-0.0385955	1.4733	0.268123	-0.0389017	1.32188	0.500387
36	0.349231	-0.0394053	1.57964	0.384213	-0.0436476	1.26301	0.221554	-0.19922	0.131121	0.664092	-0.160692	1.02124	0.283929	-0.312669	1.15434	0.362427	-0.256656	0.810116	0.177698	-0.278076	1.12338	0.40715	-0.155374	0.100854	0.733164	-0.187872	0.535238	0.456427	-0.212993	0.0246576	0.561779	-0.0598899	1.06322	0.485926	-0.143538	1.35518	0.503915	-0.20404	0.972568	0.376063	-0.194058	0.486622	0.494211	-0.158307	0.035791	0.525885	-0.226911	1.51103	0.386147	-0.252946	0.903188	0.235072	-0.328539	0.903325	0.273657	-0.0976669	0.0222482	0.541793	-0.0430452	0.516098	0.447462	-0.328941	0.792229	0.250774	-0.217125	1.14171	0.407073	-0.248096	1.48757	0.320062	-0.145688	1.51491	0.441378	-0.101277	0.130633	0.64758	-0.141343	0.447306	0.424453	0.139297	0.0696985	0.239412	0.118627	1.04013	0.268132	0.227002	1.17652	0.441743	0.220751	0.80251	0.335249	0.193322	1.15819	0.484912	0.0839538	0.0162014	0.279882	0.138869	0.531828	0.265342	0.159593	0.0209835	0.100923	0.0359715	1.06064	0.482898	0.0586952	1.36051	0.505766	0.1737	0.963102	0.355013	0.143043	0.472802	0.26702	0.115294	0.0495257	0.0646409	0.139988	1.51339	0.391688	0.210239	0.894971	0.359592	0.271727	0.901001	0.415647	0.052895	0.0341375	0.0639116	-0.00231879	0.517384	0.246589	0.270082	0.80547	0.4374	0.137361	1.16374	0.46907	0.167396	1.5016	0.339186	0.0632255	1.5158	0.440265	0.0445984	0.0867941	0.207731	0.0863281	0.469713	0.196043	-0.0356463	1.47369	0.263128	-0.035972	1.32248	0.49567
37	0.359209	-0.0363877	1.58019	0.379125	-0.0407529	1.26339	0.216753	-0.199613	0.133187	0.662234	-0.157884	1.02179	0.279361	-0.309805	1.15494	0.358455	-0.2549	0.810258	0.174164	-0.275115	1.12427	0.402744	-0.155724	0.103585	0.731544	-0.186824	0.536123	0.452318	-0.212937	0.0249803	0.561345	-0.0570795	1.06378	0.481341	-0.140612	1.35607	0.498989	-0.201414	0.973063	0.371644	-0.193192	0.487733	0.490349	-0.158306	0.0358391	0.525714	-0.223915	1.51171	0.381052	-0.250869	0.903393	0.23137	-0.326364	0.903851	0.270094	-0.0977303	0.0223721	0.541568	-0.0421057	0.516325	0.44322	-0.327065	0.79272	0.24753	-0.214105	1.14249	0.402376	-0.24505	1.48832	0.314848	-0.142716	1.5156	0.436302	-0.101709	0.132366	0.64567	-0.140653	0.447793	0.420758	0.139198	0.0696879	0.239052	0.121442	1.0407	0.263512	0.229984	1.17695	0.436577	0.223603	0.802957	0.330061	0.196332	1.15862	0.479806	0.0839627	0.0162338	0.279809	0.140128	0.531918	0.261856	0.15974	0.0208527	0.100646	0.0387578	1.06125	0.478294	0.0616991	1.36121	0.50085	0.176381	0.963602	0.350206	0.144141	0.472897	0.263793	0.115316	0.0489024	0.0641844	0.142981	1.51389	0.386546	0.213122	0.895426	0.354406	0.274645	0.901441	0.410431	0.0525748	0.0333048	0.0638595	-0.00120363	0.51786	0.243669	0.273011	0.805908	0.432193	0.140364	1.16418	0.463984	0.170339	1.50203	0.334031	0.0662373	1.5164	0.435173	0.0444085	0.0866819	0.207565	0.0871267	0.46954	0.193072	-0.0326716	1.47407	0.258116	-0.0330444	1.32307	0.49093
38	0.369187	-0.0333638	1.58072	0.374028	-0.0378342	1.26376	0.211926	-0.19998	0.135255	0.660305	-0.155085	1.02239	0.274758	-0.306961	1.15553	0.354462	-0.253085	0.810383	0.170634	-0.272142	1.12515	0.398306	-0.155996	0.106339	0.729845	-0.185806	0.536999	0.448132	-0.212879	0.025324	0.560909	-0.0542663	1.06434	0.476722	-0.137766	1.35692	0.494002	-0.19875	0.973555	0.367236	-0.192343	0.488838	0.486418	-0.158309	0.0358863	0.525555	-0.220916	1.51239	0.375901	-0.248749	0.903569	0.227686	-0.324149	0.904365	0.266512	-0.0977941	0.0224958	0.541325	-0.0412311	0.516515	0.438804	-0.325144	0.793193	0.244284	-0.211085	1.14329	0.397659	-0.241984	1.48907	0.309572	-0.139755	1.51626	0.431193	-0.102111	0.13411	0.643667	-0.140025	0.448254	0.416984	0.139113	0.0696695	0.238724	0.124243	1.04123	0.25887	0.232996	1.17737	0.431422	0.226441	0.803406	0.324824	0.199381	1.15904	0.474714	0.0839649	0.0162552	0.279734	0.141407	0.531973	0.258475	0.159928	0.0206949	0.100368	0.0415475	1.06184	0.473653	0.0646935	1.36188	0.495918	0.179076	0.964099	0.345335	0.145256	0.472959	0.26067	0.115392	0.0482668	0.063712	0.145975	1.51436	0.381411	0.216002	0.89588	0.349191	0.277562	0.901858	0.405182	0.0522719	0.0324963	0.0638229	-5.73095e-05	0.518303	0.240758	0.275932	0.80632	0.426935	0.143403	1.1646	0.458915	0.173291	1.50244	0.328888	0.0692419	1.51695	0.430083	0.0442467	0.0865682	0.207407	0.088002	0.469342	0.19016	-0.0296752	1.47442	0.253092	-0.0301211	1.32365	0.486165
39	0.379165	-0.0303351	1.58123	0.368927	-0.0348944	1.26412	0.207072	-0.200316	0.137319	0.658307	-0.152303	1.02301	0.270124	-0.304147	1.15613	0.35042	-0.251206	0.810482	0.167108	-0.269171	1.12602	0.393839	-0.156183	0.109116	0.728067	-0.184819	0.537863	0.443876	-0.212818	0.0256884	0.560476	-0.0514558	1.06488	0.472072	-0.134988	1.35772	0.488962	-0.196045	0.974045	0.362844	-0.191508	0.489932	0.482425	-0.158316	0.0359344	0.525408	-0.217918	1.51305	0.370707	-0.246581	0.903709	0.22402	-0.321895	0.904857	0.262906	-0.0978579	0.0226187	0.541062	-0.0404234	0.516661	0.434211	-0.323179	0.793639	0.24102	-0.208078	1.14407	0.392935	-0.238906	1.4898	0.304252	-0.136805	1.51689	0.426059	-0.102478	0.135857	0.641573	-0.139462	0.448683	0.41313	0.139046	0.0696424	0.238422	0.127018	1.04172	0.254206	0.23604	1.17775	0.426279	0.22926	0.803842	0.319539	0.202471	1.15943	0.469637	0.0839651	0.0162731	0.279656	0.142709	0.53199	0.255197	0.160168	0.0204901	0.100088	0.0443374	1.06239	0.468978	0.0676779	1.36251	0.490969	0.181782	0.964587	0.340422	0.146394	0.472986	0.257644	0.115518	0.0476123	0.0632147	0.14897	1.5148	0.37629	0.218872	0.896319	0.34395	0.280477	0.90224	0.399895	0.0519931	0.0317085	0.0637931	0.00112692	0.518705	0.237846	0.278845	0.806694	0.421623	0.146481	1.165	0.453868	0.176252	1.50281	0.323761	0.0722381	1.51746	0.424999	0.0441181	0.0864536	0.207246	0.0889603	0.469118	0.1873	-0.0266613	1.47475	0.248057	-0.0272056	1.3242	0.481375
40	0.389143	-0.0273028	1.5817	0.363827	-0.031937	1.26446	0.20219	-0.200618	0.139376	0.656241	-0.149545	1.02363	0.265462	-0.301374	1.15672	0.346303	-0.249259	0.810547	0.163586	-0.266217	1.12686	0.389343	-0.156281	0.111914	0.726208	-0.18386	0.538708	0.439557	-0.212753	0.0260729	0.560047	-0.0486552	1.06541	0.467395	-0.132262	1.35846	0.483879	-0.193298	0.974537	0.35847	-0.190683	0.491006	0.478378	-0.158326	0.0359858	0.525273	-0.214925	1.51368	0.365483	-0.244362	0.903806	0.220366	-0.319603	0.905317	0.259269	-0.0979212	0.0227402	0.54078	-0.0396806	0.516756	0.42944	-0.321169	0.794047	0.23773	-0.205099	1.14483	0.388212	-0.235825	1.49049	0.298908	-0.133867	1.51748	0.420911	-0.102807	0.1376	0.639387	-0.138964	0.44908	0.409193	0.138997	0.0696083	0.238138	0.129759	1.04216	0.249521	0.239116	1.1781	0.421148	0.232054	0.804254	0.314207	0.205605	1.15977	0.464574	0.0839679	0.0162956	0.279576	0.144034	0.531967	0.252013	0.160462	0.0202283	0.0998081	0.0471224	1.06292	0.464277	0.0706511	1.36309	0.486003	0.184492	0.965056	0.335496	0.147553	0.472981	0.254697	0.11568	0.0469376	0.0626843	0.151963	1.51519	0.371189	0.221728	0.896726	0.338685	0.28339	0.902575	0.39457	0.0517392	0.0309371	0.0637623	0.00234911	0.519064	0.234925	0.28175	0.807014	0.416254	0.149599	1.16536	0.448843	0.179221	1.50315	0.318658	0.0752245	1.5179	0.419925	0.0440206	0.0863379	0.207074	0.0899956	0.46887	0.184483	-0.0236347	1.47505	0.243017	-0.0243026	1.32474	0.476558
41	0.399121	-0.0242686	1.58213	0.35873	-0.0289661	1.26478	0.197281	-0.200884	0.141424	0.654106	-0.146813	1.02425	0.260777	-0.298643	1.1573	0.342092	-0.24724	0.810567	0.16007	-0.263291	1.12766	0.38482	-0.156293	0.114729	0.724266	-0.182926	0.53953	0.435179	-0.212683	0.0264763	0.559623	-0.0458724	1.06594	0.462694	-0.129574	1.35912	0.478765	-0.190509	0.97503	0.354112	-0.189865	0.492055	0.474283	-0.158339	0.0360431	0.525146	-0.21194	1.51426	0.360241	-0.242089	0.903857	0.216715	-0.317273	0.905735	0.2556	-0.0979833	0.0228597	0.540476	-0.038997	0.516794	0.424499	-0.319114	0.794405	0.234405	-0.20216	1.14555	0.383498	-0.232749	1.49114	0.293559	-0.130943	1.51801	0.415757	-0.103099	0.139334	0.63711	-0.138531	0.449444	0.405168	0.138961	0.0695707	0.237864	0.132462	1.04255	0.244817	0.242222	1.17838	0.416026	0.234817	0.804626	0.308831	0.208784	1.16005	0.459525	0.083977	0.0163323	0.279495	0.145375	0.531904	0.248903	0.160809	0.0199093	0.0995307	0.0498956	1.06341	0.459556	0.0736116	1.3636	0.481021	0.187196	0.965491	0.33059	0.148727	0.472945	0.251802	0.115854	0.0462466	0.0621146	0.154954	1.51552	0.366113	0.224565	0.897086	0.333399	0.286299	0.902851	0.389207	0.0515063	0.0301758	0.0637233	0.00360235	0.519378	0.231992	0.284649	0.807268	0.410827	0.152755	1.16566	0.443844	0.182197	1.50343	0.313583	0.0781996	1.51827	0.414861	0.0439452	0.0862192	0.206884	0.0910898	0.468598	0.181692	-0.0206009	1.47532	0.237974	-0.0214174	1.32525	0.471715
42	0.409099	-0.0212343	1.58251	0.35364	-0.0259871	1.26508	0.192347	-0.201114	0.143463	0.651905	-0.144107	1.02483	0.256072	-0.295957	1.15787	0.337773	-0.245144	0.810535	0.156562	-0.260404	1.12842	0.380272	-0.156224	0.117558	0.722242	-0.182015	0.540325	0.430748	-0.212605	0.0268967	0.559202	-0.0431152	1.06646	0.457976	-0.126909	1.35971	0.473629	-0.187683	0.975523	0.349764	-0.189051	0.49307	0.470149	-0.158353	0.0361088	0.525023	-0.208966	1.51478	0.354994	-0.23976	0.903859	0.21306	-0.314908	0.906101	0.251896	-0.0980431	0.0229764	0.540151	-0.0383632	0.516767	0.419399	-0.317013	0.794704	0.231043	-0.199269	1.14622	0.378801	-0.229685	1.49172	0.288218	-0.128035	1.51847	0.410604	-0.103354	0.141054	0.634744	-0.13816	0.449778	0.401047	0.138925	0.0695349	0.237589	0.135129	1.04287	0.240099	0.245354	1.1786	0.410912	0.237544	0.804947	0.303414	0.212005	1.16026	0.454489	0.0839956	0.0163926	0.279418	0.14672	0.531801	0.245841	0.161199	0.0195422	0.0992602	0.0526499	1.06388	0.454825	0.0765567	1.36403	0.476027	0.189888	0.965881	0.325739	0.149903	0.47288	0.248928	0.116013	0.0455467	0.0615012	0.157941	1.51578	0.361064	0.227375	0.897385	0.328097	0.2892	0.903059	0.383805	0.0512864	0.0294177	0.06367	0.00487343	0.519648	0.229042	0.287542	0.807445	0.405342	0.155947	1.16589	0.438869	0.18518	1.50365	0.308539	0.0811616	1.51857	0.40981	0.043877	0.0860944	0.206671	0.092215	0.468304	0.178907	-0.0175653	1.47555	0.232933	-0.0185559	1.32573	0.466849
43	0.419077	-0.0182021	1.58283	0.34856	-0.0230056	1.26534	0.187389	-0.201307	0.145497	0.649639	-0.141424	1.02537	0.251349	-0.293312	1.15841	0.333344	-0.242966	0.810443	0.153069	-0.257564	1.12911	0.375701	-0.156086	0.120394	0.720131	-0.181125	0.541088	0.426265	-0.212517	0.0273319	0.558782	-0.0403906	1.06698	0.453244	-0.124259	1.36021	0.468482	-0.184825	0.976015	0.345418	-0.188238	0.494046	0.465982	-0.158366	0.0361846	0.524898	-0.206009	1.51525	0.349751	-0.237372	0.903809	0.209396	-0.312508	0.906408	0.248156	-0.0980992	0.0230894	0.539806	-0.0377676	0.516672	0.414158	-0.314865	0.794935	0.227644	-0.196432	1.14684	0.374124	-0.22664	1.49225	0.282897	-0.125144	1.51886	0.405459	-0.103577	0.142755	0.632291	-0.13785	0.450085	0.396822	0.138876	0.0695073	0.237303	0.137764	1.04313	0.235374	0.248507	1.17874	0.405802	0.240229	0.805204	0.297962	0.215264	1.16038	0.449464	0.0840249	0.0164857	0.27935	0.148055	0.531659	0.242795	0.161616	0.019143	0.0990012	0.0553788	1.06431	0.450091	0.0794833	1.36438	0.471024	0.192558	0.966208	0.320976	0.151065	0.472788	0.246042	0.116125	0.0448479	0.0608426	0.160924	1.51596	0.356045	0.23015	0.89761	0.322786	0.292089	0.903187	0.378368	0.051069	0.0286549	0.0635971	0.00614433	0.519875	0.226077	0.290426	0.807537	0.399801	0.159168	1.16605	0.433918	0.188168	1.50379	0.303528	0.0841093	1.51878	0.404772	0.0437968	0.0859588	0.206435	0.0933369	0.46799	0.176108	-0.0145337	1.47574	0.227899	-0.0157242	1.32617	0.461962
44	0.429055	-0.0151744	1.5831	0.343492	-0.0200277	1.26556	0.182414	-0.201465	0.147529	0.647309	-0.13876	1.02583	0.24661	-0.290701	1.15892	0.328809	-0.240701	0.810286	0.149594	-0.254777	1.12975	0.371112	-0.155896	0.12323	0.717932	-0.180252	0.541817	0.421733	-0.212416	0.0277789	0.55836	-0.0377038	1.06749	0.448501	-0.121618	1.36063	0.463331	-0.181946	0.9765	0.341063	-0.187422	0.494978	0.461791	-0.158373	0.036271	0.524764	-0.203071	1.51564	0.344522	-0.234923	0.903707	0.205719	-0.310073	0.90665	0.244383	-0.0981497	0.0231973	0.539443	-0.0371975	0.516506	0.408798	-0.312669	0.795093	0.224212	-0.193652	1.1474	0.369473	-0.223618	1.4927	0.277602	-0.122272	1.51918	0.400327	-0.103773	0.144433	0.629753	-0.137595	0.450373	0.392484	0.138796	0.0694943	0.236996	0.140376	1.04333	0.230649	0.251674	1.17879	0.400692	0.242866	0.80539	0.292481	0.218554	1.16042	0.44445	0.0840647	0.0166195	0.279296	0.149361	0.531481	0.239733	0.162041	0.0187329	0.0987587	0.0580767	1.06471	0.445363	0.0823875	1.36464	0.466019	0.195199	0.966458	0.316326	0.152193	0.47267	0.243112	0.116159	0.044161	0.0601397	0.163902	1.51606	0.351056	0.232884	0.897751	0.317472	0.29496	0.903231	0.3729	0.0508433	0.0278803	0.0635007	0.00739433	0.52006	0.223096	0.293301	0.807536	0.39421	0.16241	1.16612	0.428988	0.191157	1.50386	0.298549	0.0870414	1.51891	0.399747	0.0436834	0.0858068	0.206172	0.0944192	0.467657	0.173275	-0.0115115	1.47589	0.222875	-0.0129279	1.32658	0.45706
45	0.439033	-0.0121537	1.58332	0.338441	-0.0170595	1.26574	0.177425	-0.20159	0.149563	0.644917	-0.136108	1.02622	0.241854	-0.288116	1.15939	0.324177	-0.238343	0.810061	0.146145	-0.252048	1.13034	0.366508	-0.155673	0.126061	0.715643	-0.179394	0.542509	0.417156	-0.2123	0.0282338	0.557928	-0.0350582	1.06799	0.443753	-0.118985	1.36097	0.458182	-0.179058	0.976971	0.336688	-0.186604	0.495862	0.457581	-0.158372	0.0363667	0.524614	-0.200156	1.51596	0.33931	-0.232411	0.903554	0.202032	-0.307605	0.906827	0.240578	-0.0981919	0.0232986	0.539066	-0.0366409	0.516267	0.403344	-0.310423	0.795172	0.220756	-0.19093	1.14789	0.364851	-0.220623	1.49309	0.272338	-0.119423	1.51942	0.395211	-0.103952	0.146082	0.627133	-0.137389	0.450648	0.388028	0.138669	0.0695013	0.236658	0.142976	1.04348	0.225933	0.254844	1.17875	0.395579	0.245449	0.805498	0.286979	0.221865	1.16036	0.439443	0.0841123	0.0167994	0.27926	0.150621	0.531268	0.236622	0.162452	0.0183349	0.0985366	0.0607402	1.06507	0.440648	0.0852651	1.36483	0.461016	0.197807	0.966618	0.311805	0.153268	0.472525	0.240114	0.116092	0.0434961	0.0593964	0.166873	1.51606	0.346097	0.235566	0.8978	0.312163	0.297804	0.903186	0.367405	0.0505998	0.0270885	0.063378	0.00860267	0.520207	0.2201	0.29616	0.807441	0.388574	0.165664	1.16611	0.424076	0.194146	1.50384	0.2936	0.0899576	1.51895	0.394735	0.0435165	0.0856332	0.205884	0.0954281	0.467303	0.170389	-0.00850336	1.476	0.217866	-0.0101716	1.32693	0.452147
46	0.449011	-0.0091425	1.58347	0.333408	-0.0141061	1.26587	0.172429	-0.201686	0.151603	0.642467	-0.133459	1.02651	0.237079	-0.285546	1.15982	0.319467	-0.235889	0.809769	0.142728	-0.249379	1.13086	0.361896	-0.15544	0.128878	0.713262	-0.178549	0.543164	0.412537	-0.212168	0.0286925	0.557479	-0.0324552	1.06848	0.439	-0.11636	1.36122	0.45304	-0.176174	0.977421	0.332283	-0.185782	0.496697	0.453359	-0.158357	0.0364686	0.524441	-0.197265	1.51621	0.33412	-0.229836	0.903351	0.198337	-0.305103	0.906939	0.236747	-0.0982233	0.0233919	0.538681	-0.0360881	0.515959	0.397822	-0.308127	0.795175	0.217284	-0.188267	1.14833	0.360262	-0.217656	1.49342	0.267102	-0.116597	1.51959	0.390113	-0.104124	0.147698	0.624433	-0.137226	0.450917	0.383448	0.138481	0.0695325	0.236285	0.145575	1.04357	0.221236	0.258006	1.17861	0.39046	0.24797	0.805525	0.281462	0.225184	1.1602	0.434445	0.0841632	0.017027	0.279246	0.151818	0.531021	0.233438	0.162831	0.0179714	0.0983376	0.0633672	1.0654	0.435949	0.088112	1.36493	0.456022	0.200378	0.966679	0.307416	0.154272	0.472351	0.237029	0.11591	0.0428621	0.0586196	0.169838	1.51598	0.341164	0.238189	0.897756	0.306867	0.300614	0.90305	0.36189	0.0503318	0.0262772	0.0632274	0.00975113	0.52032	0.217086	0.298998	0.807252	0.382902	0.168917	1.16601	0.419175	0.197131	1.50373	0.288678	0.0928579	1.51892	0.389737	0.0432791	0.0854336	0.205572	0.0963363	0.466929	0.167436	-0.00551319	1.47606	0.212876	-0.00745858	1.32724	0.447229
47	0.458989	-0.00614312	1.58357	0.328398	-0.0111719	1.26595	0.167433	-0.201761	0.153648	0.63996	-0.130809	1.0267	0.232286	-0.282982	1.1602	0.314698	-0.233338	0.809411	0.139353	-0.246768	1.13134	0.357282	-0.155219	0.131676	0.710786	-0.177717	0.543783	0.407881	-0.212021	0.0291503	0.557007	-0.029894	1.06895	0.434247	-0.113748	1.3614	0.447909	-0.17331	0.977841	0.327837	-0.184957	0.497481	0.449126	-0.158324	0.0365721	0.524238	-0.1944	1.51639	0.328953	-0.2272	0.903104	0.194644	-0.30257	0.90699	0.232895	-0.0982412	0.0234759	0.538294	-0.0355328	0.515587	0.39226	-0.305779	0.795105	0.213807	-0.185659	1.14872	0.35571	-0.214714	1.49368	0.261893	-0.113798	1.51968	0.385034	-0.104302	0.149274	0.621657	-0.137099	0.451186	0.378748	0.13822	0.0695897	0.235873	0.148185	1.04361	0.216567	0.26115	1.17839	0.385332	0.250424	0.805471	0.275941	0.228499	1.15995	0.429453	0.0842109	0.0172998	0.279253	0.152943	0.530742	0.23016	0.163158	0.0176615	0.0981631	0.0659575	1.06569	0.43127	0.0909246	1.36496	0.451046	0.202912	0.966636	0.303152	0.155193	0.472147	0.23385	0.115609	0.0422651	0.0578189	0.172795	1.51581	0.336256	0.240744	0.897618	0.30159	0.303378	0.902825	0.356363	0.0500368	0.025448	0.0630491	0.0108265	0.520403	0.214051	0.301805	0.806974	0.377206	0.172158	1.16583	0.414279	0.200108	1.50355	0.283779	0.095743	1.51882	0.384753	0.0429607	0.0852056	0.205239	0.0971263	0.466532	0.164406	-0.00254379	1.47608	0.207909	-0.00479012	1.3275	0.442313
48	0.468967	-0.00315751	1.58362	0.323413	-0.00825978	1.26597	0.162442	-0.201823	0.1557	0.637398	-0.128151	1.02681	0.227472	-0.280415	1.16054	0.309891	-0.23069	0.808993	0.136026	-0.244215	1.13178	0.352674	-0.155036	0.134449	0.708215	-0.176898	0.544367	0.403191	-0.211859	0.0296024	0.556502	-0.027373	1.06938	0.429496	-0.111153	1.3615	0.44279	-0.17048	0.978227	0.323345	-0.184132	0.498219	0.444885	-0.158271	0.0366713	0.524002	-0.191562	1.51649	0.323809	-0.224506	0.902816	0.190961	-0.300007	0.906986	0.229029	-0.0982434	0.0235502	0.537915	-0.0349723	0.515159	0.386681	-0.303382	0.794968	0.210337	-0.183103	1.14906	0.351197	-0.211796	1.49389	0.256706	-0.111025	1.51971	0.379975	-0.104497	0.150803	0.618809	-0.137	0.451458	0.373933	0.137885	0.0696723	0.235421	0.150816	1.04358	0.211935	0.264264	1.17807	0.380194	0.252801	0.805339	0.270422	0.231793	1.1596	0.42447	0.0842475	0.0176107	0.279278	0.153989	0.530435	0.226776	0.163422	0.0174194	0.0980125	0.0685118	1.06594	0.426611	0.0937	1.36493	0.446093	0.20541	0.96649	0.298992	0.156025	0.47191	0.230577	0.115198	0.0417092	0.0570064	0.175742	1.51556	0.331372	0.243224	0.897392	0.296338	0.306087	0.902515	0.350829	0.0497166	0.0246072	0.062845	0.0118222	0.52046	0.210987	0.304573	0.806614	0.371497	0.175376	1.16556	0.409381	0.203072	1.50328	0.278899	0.0986142	1.51865	0.379786	0.0425582	0.0849496	0.204887	0.0977926	0.46611	0.161296	0.000403251	1.47606	0.20297	-0.00216546	1.32771	0.437403
49	0.478945	-0.000187229	1.58361	0.318457	-0.00537097	1.26594	0.157463	-0.201881	0.157753	0.634782	-0.125485	1.02683	0.222635	-0.277838	1.16083	0.30507	-0.227949	0.808522	0.132753	-0.241714	1.13218	0.348079	-0.154911	0.137196	0.705549	-0.176093	0.54492	0.39847	-0.211689	0.0300443	0.555956	-0.0248897	1.06977	0.42475	-0.108581	1.36154	0.437686	-0.167698	0.978573	0.318801	-0.183312	0.498913	0.440631	-0.158196	0.0367603	0.523727	-0.18875	1.51655	0.318685	-0.221758	0.902494	0.187299	-0.297417	0.906934	0.225159	-0.0982292	0.0236157	0.537553	-0.0344073	0.514687	0.381108	-0.300936	0.794777	0.206884	-0.180597	1.14937	0.346729	-0.208898	1.49405	0.251537	-0.108279	1.5197	0.374934	-0.104722	0.152278	0.615894	-0.136921	0.451734	0.369019	0.13748	0.0697772	0.234932	0.153472	1.0435	0.207347	0.267335	1.17768	0.375048	0.255096	0.805135	0.264916	0.235053	1.15918	0.419495	0.0842648	0.0179482	0.279317	0.154958	0.530101	0.223284	0.163614	0.0172527	0.0978838	0.0710312	1.06614	0.42197	0.0964369	1.36484	0.441171	0.207874	0.966249	0.294906	0.156771	0.471638	0.227217	0.114695	0.0411961	0.056196	0.17868	1.51524	0.326511	0.245623	0.897086	0.291114	0.308732	0.902129	0.345297	0.049377	0.0237653	0.0626187	0.0127395	0.520494	0.207887	0.30729	0.806183	0.365786	0.178558	1.16522	0.404477	0.20602	1.50295	0.274037	0.101473	1.51844	0.374839	0.0420773	0.0846691	0.204523	0.0983418	0.46566	0.158108	0.00332755	1.476	0.198062	0.000418268	1.32786	0.432505
50	0.488923	0.00276661	1.58356	0.313533	-0.0025053	1.26587	0.152501	-0.201949	0.159802	0.632111	-0.12281	1.02678	0.217777	-0.275247	1.16109	0.300253	-0.225125	0.808008	0.129542	-0.23926	1.13256	0.343506	-0.154864	0.139914	0.70279	-0.175305	0.545443	0.393721	-0.211516	0.0304726	0.555362	-0.0224414	1.07011	0.420011	-0.106034	1.36153	0.432598	-0.164974	0.978879	0.314205	-0.182503	0.499571	0.436359	-0.1581	0.036834	0.523412	-0.185961	1.51655	0.313581	-0.218964	0.902147	0.183669	-0.294803	0.906846	0.221294	-0.0981995	0.0236755	0.537218	-0.0338409	0.514185	0.375564	-0.298448	0.794543	0.203458	-0.178132	1.14965	0.342309	-0.206015	1.49416	0.246381	-0.105558	1.51964	0.369914	-0.104988	0.153696	0.61292	-0.136855	0.452009	0.364023	0.137017	0.0698988	0.234415	0.156156	1.04334	0.202807	0.270354	1.17722	0.369897	0.257302	0.804866	0.259429	0.238263	1.15868	0.414529	0.0842559	0.0182976	0.27936	0.155859	0.529742	0.219688	0.163733	0.0171622	0.097774	0.0735168	1.06628	0.417346	0.0991352	1.3647	0.436284	0.210306	0.965923	0.290863	0.15744	0.471331	0.223785	0.114128	0.0407254	0.0554031	0.181606	1.51486	0.321673	0.247939	0.896713	0.28592	0.311303	0.901674	0.339773	0.0490275	0.0229369	0.0623757	0.0135873	0.520509	0.204742	0.309944	0.805694	0.360088	0.181692	1.16481	0.399564	0.208948	1.50256	0.269191	0.10432	1.51818	0.369915	0.0415323	0.0843702	0.204152	0.0987917	0.46518	0.154851	0.0062298	1.47591	0.193187	0.00296581	1.32797	0.427625
51	0.498901	0.00570334	1.58347	0.308646	0.000338637	1.26575	0.147562	-0.20204	0.16184	0.629383	-0.120132	1.02667	0.2129	-0.27264	1.16131	0.295458	-0.222231	0.807461	0.126397	-0.236844	1.13291	0.338963	-0.15491	0.142608	0.699944	-0.174535	0.545938	0.388943	-0.211349	0.0308856	0.554711	-0.0200256	1.0704	0.415282	-0.103512	1.36147	0.42753	-0.162316	0.979146	0.309561	-0.181711	0.500198	0.432059	-0.157986	0.0368896	0.523055	-0.183194	1.51652	0.308495	-0.216134	0.901782	0.180084	-0.292173	0.906733	0.217445	-0.0981575	0.0237351	0.536918	-0.033277	0.513666	0.370067	-0.295924	0.794282	0.200071	-0.175704	1.14992	0.337939	-0.203142	1.49424	0.241238	-0.10286	1.51956	0.364915	-0.105306	0.155053	0.609892	-0.136795	0.452277	0.358971	0.136515	0.0700301	0.233877	0.158865	1.04312	0.198316	0.273312	1.17671	0.364745	0.259413	0.804544	0.253967	0.24141	1.15812	0.409575	0.084216	0.0186429	0.279401	0.156707	0.529363	0.216002	0.163782	0.0171426	0.0976792	0.0759691	1.06638	0.412736	0.101797	1.36453	0.431438	0.21271	0.965529	0.286825	0.158049	0.470989	0.220299	0.113529	0.040296	0.054643	0.18452	1.51444	0.316861	0.25017	0.896287	0.280754	0.313796	0.901165	0.33426	0.0486794	0.0221388	0.062123	0.014381	0.520506	0.201546	0.312526	0.805161	0.354412	0.184768	1.16435	0.394644	0.211854	1.50212	0.264363	0.107156	1.5179	0.365021	0.0409441	0.084062	0.203781	0.0991686	0.464669	0.151539	0.00911156	1.47579	0.188347	0.00548342	1.32803	0.422768
52	0.508879	0.00862271	1.58335	0.303799	0.00316298	1.2656	0.14265	-0.202167	0.163858	0.626595	-0.117457	1.02652	0.20801	-0.270017	1.16151	0.290703	-0.219286	0.806894	0.123322	-0.234455	1.13326	0.334458	-0.15506	0.145281	0.697018	-0.173788	0.546406	0.384134	-0.2112	0.0312838	0.553999	-0.0176404	1.07064	0.410568	-0.101014	1.36139	0.422487	-0.159731	0.97938	0.304876	-0.180947	0.500801	0.427717	-0.157862	0.0369273	0.522656	-0.180446	1.51646	0.303429	-0.21328	0.901409	0.176551	-0.289532	0.906606	0.213625	-0.0981089	0.0238034	0.536659	-0.0327195	0.513145	0.364631	-0.293375	0.794008	0.196731	-0.173304	1.15018	0.333623	-0.200277	1.4943	0.236107	-0.100184	1.51947	0.35994	-0.10568	0.156352	0.606822	-0.136734	0.452527	0.353887	0.136	0.0701631	0.233331	0.16159	1.04282	0.193875	0.276203	1.17616	0.3596	0.261426	0.804178	0.248535	0.244483	1.15753	0.404636	0.0841445	0.0189683	0.279431	0.157519	0.528965	0.212243	0.163772	0.0171827	0.0975956	0.0783883	1.06643	0.408136	0.104424	1.36434	0.426636	0.215086	0.965084	0.28276	0.15862	0.470615	0.216781	0.112932	0.0399058	0.0539302	0.187417	1.51399	0.312079	0.252315	0.895823	0.275614	0.316204	0.900612	0.328764	0.0483451	0.0213888	0.0618687	0.0151409	0.520487	0.198299	0.315024	0.804598	0.348767	0.187778	1.16385	0.389721	0.214733	1.50165	0.259558	0.109982	1.5176	0.360163	0.0403387	0.083755	0.203419	0.0995039	0.464127	0.148189	0.0119749	1.47565	0.183546	0.00797829	1.32805	0.417937
53	0.518857	0.0115248	1.58321	0.298996	0.00596995	1.26543	0.13777	-0.202342	0.165851	0.623744	-0.114798	1.02636	0.203113	-0.267378	1.1617	0.285999	-0.216313	0.806318	0.120318	-0.232084	1.13361	0.33	-0.155319	0.147942	0.694021	-0.173065	0.546846	0.379288	-0.21108	0.031671	0.553221	-0.0152843	1.07082	0.405873	-0.0985356	1.3613	0.417473	-0.15722	0.979586	0.300162	-0.18022	0.501385	0.423316	-0.157737	0.0369518	0.522213	-0.177713	1.51639	0.298385	-0.210416	0.901035	0.173081	-0.286888	0.906477	0.209847	-0.098062	0.0238924	0.536441	-0.032171	0.512634	0.359268	-0.290814	0.793737	0.193449	-0.170922	1.15045	0.329363	-0.197416	1.49433	0.230994	-0.0975255	1.51937	0.354993	-0.106115	0.157599	0.603716	-0.136667	0.452747	0.348793	0.135498	0.0702896	0.232788	0.164318	1.04246	0.189478	0.279025	1.17557	0.354472	0.263339	0.803781	0.243136	0.247473	1.1569	0.399714	0.0840446	0.0192608	0.279445	0.158317	0.528553	0.208435	0.163713	0.0172678	0.0975198	0.0807739	1.06643	0.403546	0.107022	1.36413	0.421883	0.217434	0.964608	0.278642	0.159178	0.470212	0.213252	0.112366	0.0395526	0.053277	0.190297	1.51351	0.307334	0.254379	0.895337	0.270493	0.318526	0.900031	0.323285	0.0480359	0.0207036	0.0616209	0.0158892	0.520451	0.195006	0.31743	0.804018	0.34316	0.190715	1.16332	0.384803	0.217586	1.50116	0.254783	0.112797	1.5173	0.355348	0.0397437	0.0834605	0.203073	0.0998304	0.463555	0.144824	0.014822	1.47549	0.178783	0.010458	1.32804	0.413137
54	0.528835	0.0144097	1.58306	0.294241	0.00876115	1.26524	0.132926	-0.202575	0.167814	0.620825	-0.112165	1.0262	0.198221	-0.264726	1.16189	0.281357	-0.213337	0.805746	0.117387	-0.229719	1.13397	0.325596	-0.155685	0.1506	0.690966	-0.172371	0.547253	0.374397	-0.211001	0.0320549	0.552376	-0.0129557	1.07096	0.401201	-0.0960711	1.3612	0.412497	-0.154782	0.979775	0.295434	-0.179541	0.501954	0.418836	-0.157623	0.0369721	0.521728	-0.174991	1.51633	0.293368	-0.207558	0.900669	0.16968	-0.284251	0.906356	0.206123	-0.0980272	0.0240177	0.536261	-0.0316324	0.512145	0.353985	-0.288255	0.793482	0.190235	-0.168549	1.15073	0.325159	-0.194558	1.49437	0.225905	-0.0948816	1.51929	0.350079	-0.10661	0.158806	0.600585	-0.13659	0.452928	0.343706	0.135037	0.0704025	0.232262	0.167032	1.04203	0.18512	0.281776	1.17498	0.349371	0.265151	0.803365	0.237769	0.250376	1.15627	0.394814	0.0839237	0.0195109	0.27944	0.159119	0.52813	0.204604	0.163621	0.0173812	0.0974489	0.0831256	1.0664	0.398962	0.109595	1.36392	0.41718	0.219754	0.964119	0.274449	0.159745	0.469786	0.209735	0.111859	0.0392343	0.0526931	0.193157	1.51303	0.302631	0.256364	0.894845	0.265384	0.320762	0.899433	0.317825	0.0477611	0.0200973	0.0613877	0.0166476	0.520399	0.191676	0.319737	0.803433	0.337594	0.193575	1.16278	0.3799	0.220411	1.50066	0.250045	0.115599	1.51699	0.350583	0.0391859	0.0831892	0.202749	0.100178	0.462954	0.141467	0.0176549	1.47533	0.174061	0.0129298	1.328	0.408371
55	0.538813	0.0172777	1.58291	0.289536	0.0115369	1.26505	0.128121	-0.202871	0.169749	0.617836	-0.109573	1.02606	0.193349	-0.262065	1.16208	0.276786	-0.210389	0.805187	0.114528	-0.227349	1.13433	0.321255	-0.156152	0.15327	0.687866	-0.171707	0.547624	0.369449	-0.210973	0.0324471	0.551463	-0.0106526	1.07106	0.396559	-0.0936136	1.36112	0.407567	-0.152415	0.979953	0.290708	-0.178918	0.502512	0.414255	-0.157535	0.0370019	0.521198	-0.172279	1.51627	0.288386	-0.204723	0.900317	0.166353	-0.281632	0.906255	0.202469	-0.0980158	0.024198	0.536112	-0.031103	0.511685	0.348779	-0.285717	0.793256	0.187099	-0.166175	1.15103	0.321011	-0.191704	1.4944	0.220849	-0.0922486	1.51923	0.345205	-0.10716	0.159992	0.597437	-0.136499	0.453056	0.338637	0.134641	0.0704961	0.231764	0.169714	1.04154	0.180792	0.28446	1.17438	0.344312	0.266865	0.802943	0.232431	0.253189	1.15563	0.389938	0.083792	0.0197135	0.279416	0.159942	0.527698	0.200778	0.163509	0.0175062	0.0973813	0.0854434	1.06634	0.394387	0.11215	1.36371	0.412531	0.222042	0.963635	0.270171	0.160343	0.469343	0.206249	0.111427	0.0389486	0.0521843	0.195993	1.51255	0.297979	0.258276	0.894362	0.26028	0.322914	0.89883	0.312383	0.047527	0.0195801	0.0611754	0.0174341	0.520328	0.18833	0.321941	0.802852	0.332068	0.196356	1.16225	0.375023	0.223209	1.50016	0.245355	0.118387	1.51669	0.345875	0.0386878	0.0829506	0.202452	0.100571	0.46233	0.138143	0.0204746	1.47518	0.16938	0.0154001	1.32795	0.403644
56	0.548791	0.0201291	1.58276	0.284885	0.0142955	1.26487	0.123359	-0.203229	0.171661	0.614777	-0.107036	1.02596	0.18851	-0.259396	1.16228	0.272295	-0.207498	0.804651	0.111741	-0.224965	1.13472	0.316983	-0.156706	0.155966	0.684735	-0.171075	0.547952	0.364431	-0.211003	0.0328631	0.550483	-0.00837271	1.07112	0.391952	-0.0911559	1.36106	0.40269	-0.150114	0.98013	0.286	-0.178362	0.503056	0.409546	-0.157487	0.0370587	0.52062	-0.169573	1.51625	0.283448	-0.201929	0.899986	0.163103	-0.27904	0.90618	0.198899	-0.0980385	0.0244539	0.535979	-0.0305808	0.511258	0.343644	-0.283216	0.793069	0.18405	-0.16379	1.15136	0.316919	-0.188857	1.49445	0.21584	-0.0896233	1.5192	0.34038	-0.107756	0.161178	0.594279	-0.136393	0.453125	0.333582	0.134328	0.0705667	0.231302	0.172341	1.04101	0.176484	0.287081	1.17379	0.339307	0.268485	0.802528	0.227118	0.255916	1.15501	0.385092	0.0836611	0.0198682	0.279376	0.160798	0.527261	0.196986	0.163392	0.0176279	0.0973162	0.0877275	1.06626	0.389821	0.114693	1.36351	0.407936	0.224296	0.963168	0.265806	0.160985	0.46889	0.202817	0.11108	0.0386935	0.0517526	0.198805	1.51209	0.293383	0.260123	0.893901	0.255175	0.324985	0.898234	0.306958	0.0473362	0.019157	0.0609889	0.0182612	0.520239	0.18499	0.324037	0.802282	0.326578	0.19906	1.16172	0.37018	0.225981	1.49969	0.240721	0.121159	1.51641	0.341229	0.0382664	0.0827518	0.202184	0.101026	0.461685	0.134875	0.0232814	1.47503	0.164743	0.0178744	1.32789	0.398958
57	0.558769	0.022964	1.58262	0.280291	0.0170332	1.26471	0.118643	-0.203646	0.173561	0.611646	-0.104566	1.02592	0.183724	-0.256724	1.1625	0.26789	-0.204691	0.804146	0.109022	-0.222559	1.13513	0.312788	-0.157329	0.158705	0.681587	-0.170475	0.548228	0.359323	-0.211094	0.0333221	0.549439	-0.00611266	1.07117	0.387386	-0.0886917	1.36103	0.397875	-0.147874	0.980312	0.281329	-0.177879	0.503585	0.40468	-0.157491	0.037163	0.519992	-0.166873	1.51625	0.278565	-0.199194	0.899681	0.159932	-0.276488	0.906138	0.195425	-0.0981042	0.024807	0.535844	-0.0300632	0.510866	0.338562	-0.28077	0.792927	0.181096	-0.161386	1.15171	0.312882	-0.186019	1.49452	0.210891	-0.0870024	1.51921	0.335612	-0.108385	0.162392	0.591117	-0.136268	0.453127	0.328531	0.134108	0.0706128	0.230885	0.174894	1.04046	0.172185	0.289646	1.17321	0.334367	0.270018	0.802131	0.221821	0.25856	1.1544	0.38028	0.0835424	0.0199783	0.279325	0.161691	0.526821	0.193255	0.16328	0.0177346	0.0972539	0.0899792	1.06618	0.385268	0.117228	1.36333	0.403398	0.226512	0.962728	0.26136	0.161679	0.468432	0.199456	0.110821	0.0384666	0.051396	0.201589	1.51164	0.288849	0.261909	0.893471	0.25006	0.326979	0.897651	0.301547	0.0471876	0.0188275	0.0608305	0.0191339	0.520131	0.181685	0.326025	0.801726	0.321117	0.201691	1.16121	0.365381	0.228727	1.49924	0.236153	0.123912	1.51614	0.336648	0.037931	0.082597	0.201946	0.101548	0.461027	0.131687	0.0260743	1.4749	0.160151	0.0203567	1.32782	0.394316
58	0.568747	0.0257824	1.5825	0.275755	0.019744	1.26458	0.113976	-0.204108	0.175462	0.608446	-0.102174	1.02592	0.179008	-0.254054	1.16275	0.263581	-0.201996	0.803677	0.10637	-0.220124	1.13556	0.308677	-0.157997	0.161504	0.67843	-0.169907	0.548446	0.354108	-0.211243	0.0338461	0.548337	-0.00386846	1.07121	0.382869	-0.0862157	1.36104	0.393131	-0.14569	0.980502	0.27671	-0.177475	0.504094	0.399628	-0.157555	0.0373363	0.519306	-0.164177	1.51628	0.273752	-0.196534	0.899404	0.156839	-0.273985	0.906132	0.19206	-0.0982179	0.0252785	0.535683	-0.0295476	0.510505	0.333506	-0.278393	0.792834	0.178245	-0.158956	1.15209	0.308899	-0.183198	1.49461	0.206019	-0.084383	1.51924	0.33091	-0.109028	0.16366	0.587956	-0.136122	0.45306	0.323464	0.133985	0.0706347	0.230514	0.177353	1.03989	0.167888	0.292163	1.17266	0.329504	0.271472	0.801764	0.216531	0.261129	1.15382	0.375507	0.0834455	0.0200501	0.279267	0.16262	0.52638	0.189613	0.163182	0.0178185	0.0971954	0.0922005	1.0661	0.380734	0.119762	1.36318	0.398917	0.228685	0.96232	0.256845	0.162424	0.467976	0.196185	0.110643	0.0382654	0.0511092	0.204346	1.51123	0.284381	0.263644	0.893082	0.244932	0.328904	0.897089	0.296149	0.0470769	0.0185861	0.0607005	0.02005	0.520006	0.178443	0.327906	0.801185	0.315675	0.204255	1.16073	0.360633	0.231449	1.49881	0.231656	0.126644	1.51589	0.332136	0.0376837	0.0824874	0.201735	0.102136	0.460359	0.128598	0.028851	1.47479	0.155607	0.0228497	1.32776	0.389724
59	0.578725	0.0285847	1.58241	0.27128	0.02242	1.26449	0.109364	-0.204599	0.177382	0.605176	-0.0998699	1.02598	0.17438	-0.251389	1.16302	0.259374	-0.199435	0.803249	0.103783	-0.217661	1.13601	0.304654	-0.158682	0.164383	0.675269	-0.16937	0.548599	0.34876	-0.211439	0.0344589	0.547179	-0.00163575	1.07124	0.378406	-0.083724	1.36108	0.388463	-0.14356	0.980702	0.272157	-0.17715	0.504574	0.39436	-0.157682	0.0375991	0.518556	-0.161484	1.51636	0.269021	-0.193964	0.899158	0.153824	-0.271543	0.906164	0.188814	-0.098379	0.0258872	0.535472	-0.029032	0.510171	0.328442	-0.276099	0.792794	0.175502	-0.156496	1.1525	0.304969	-0.180397	1.49474	0.201239	-0.0817626	1.51931	0.326283	-0.109666	0.165011	0.584794	-0.135954	0.452922	0.318353	0.133951	0.0706343	0.230191	0.179701	1.03932	0.163584	0.294641	1.17213	0.324727	0.272857	0.801436	0.211239	0.263631	1.15327	0.370775	0.0833768	0.0200918	0.279209	0.163577	0.525941	0.186082	0.163105	0.0178764	0.0971421	0.0943941	1.06603	0.376225	0.122299	1.36304	0.394494	0.230811	0.961945	0.252283	0.163212	0.467527	0.193022	0.110536	0.0380875	0.0508842	0.207073	1.51084	0.27998	0.265332	0.892739	0.239787	0.330764	0.896552	0.290762	0.0469973	0.0184228	0.0605966	0.0209998	0.519866	0.175291	0.329684	0.80066	0.310241	0.206761	1.16027	0.35594	0.234149	1.49843	0.227233	0.129356	1.51566	0.327692	0.0375196	0.0824215	0.201547	0.102778	0.459689	0.125625	0.0316082	1.4747	0.151114	0.0253551	1.32771	0.385183
60	0.588703	0.031371	1.58234	0.266866	0.0250516	1.26443	0.104809	-0.205095	0.179339	0.601835	-0.0976591	1.0261	0.169857	-0.248735	1.16332	0.255276	-0.197024	0.802863	0.101259	-0.215168	1.13649	0.300726	-0.159356	0.16736	0.672102	-0.168863	0.548681	0.343257	-0.211663	0.0351843	0.545972	0.000589545	1.07126	0.374006	-0.0812141	1.36116	0.383879	-0.141481	0.980911	0.26768	-0.176906	0.505016	0.38885	-0.157865	0.0379693	0.517732	-0.158797	1.51647	0.264387	-0.191496	0.898945	0.150886	-0.269169	0.906235	0.185693	-0.0985807	0.0266483	0.535182	-0.0285156	0.509857	0.323325	-0.2739	0.792806	0.172871	-0.154006	1.15293	0.301092	-0.177624	1.4949	0.196565	-0.0791392	1.51941	0.32174	-0.110274	0.166468	0.581626	-0.135759	0.452714	0.313166	0.133994	0.0706149	0.229911	0.181925	1.03878	0.159272	0.297089	1.17162	0.320039	0.274185	0.801156	0.205935	0.266077	1.15275	0.366087	0.0833397	0.0201124	0.279155	0.164548	0.525505	0.182685	0.163049	0.0179087	0.0970957	0.0965629	1.06599	0.371748	0.12484	1.36293	0.390131	0.232883	0.961599	0.247696	0.164028	0.467089	0.189981	0.110486	0.0379301	0.0507109	0.209773	1.51048	0.275646	0.26698	0.892446	0.234624	0.332568	0.896044	0.285384	0.0469404	0.0183244	0.0605153	0.0219683	0.519716	0.172253	0.331364	0.800149	0.304802	0.209216	1.15983	0.351306	0.236826	1.49807	0.222886	0.132045	1.51545	0.323316	0.0374287	0.0823954	0.201377	0.103457	0.459021	0.122784	0.0343417	1.47465	0.146673	0.0278739	1.32767	0.380697
61	0.598681	0.0341421	1.58229	0.262515	0.0276292	1.26441	0.100317	-0.20557	0.181351	0.598418	-0.0955461	1.02626	0.165454	-0.246098	1.16365	0.251295	-0.194775	0.802519	0.0987961	-0.212651	1.13699	0.296895	-0.159984	0.170453	0.668916	-0.168386	0.54869	0.33757	-0.21189	0.0360452	0.544718	0.00281039	1.0713	0.369675	-0.0786844	1.36128	0.379384	-0.139455	0.981122	0.263287	-0.176735	0.505412	0.383072	-0.158089	0.0384601	0.516822	-0.156115	1.51662	0.25986	-0.18914	0.898764	0.148021	-0.266873	0.906343	0.182703	-0.0988096	0.0275717	0.534788	-0.0279989	0.509555	0.318108	-0.271803	0.792868	0.170355	-0.151488	1.15338	0.297268	-0.174884	1.49509	0.192011	-0.0765111	1.51954	0.317286	-0.110826	0.168053	0.57844	-0.135533	0.452439	0.307869	0.134095	0.0705798	0.22967	0.184016	1.03828	0.154951	0.299515	1.17115	0.315441	0.275467	0.800931	0.200608	0.268478	1.15225	0.361446	0.0833338	0.0201206	0.279111	0.165517	0.525076	0.179438	0.163016	0.0179195	0.0970577	0.0987099	1.06597	0.367313	0.127389	1.36285	0.385825	0.234897	0.961277	0.243114	0.164854	0.466666	0.187075	0.110475	0.0377905	0.0505786	0.212445	1.51016	0.271377	0.268594	0.892206	0.229442	0.334321	0.895565	0.280013	0.0468977	0.0182757	0.0604517	0.0229365	0.51956	0.169346	0.332955	0.799651	0.299348	0.211631	1.15943	0.346733	0.239482	1.49776	0.21861	0.134714	1.51527	0.319005	0.0373974	0.0824039	0.201218	0.104152	0.458362	0.120082	0.037047	1.47463	0.14229	0.0304065	1.32765	0.376271
62	0.608659	0.0368986	1.58228	0.258226	0.0301433	1.26444	0.0958912	-0.205996	0.183434	0.594915	-0.0935328	1.02646	0.161182	-0.243484	1.164	0.247436	-0.192694	0.802218	0.0963957	-0.210118	1.1375	0.293166	-0.160537	0.17368	0.665692	-0.167935	0.548624	0.33167	-0.212087	0.0370619	0.543419	0.0050277	1.07134	0.365421	-0.0761342	1.36142	0.374982	-0.137487	0.98133	0.258984	-0.176628	0.50575	0.37701	-0.15833	0.0390791	0.515814	-0.15344	1.51681	0.255451	-0.186903	0.898615	0.145229	-0.26466	0.906486	0.179845	-0.0990462	0.0286614	0.534263	-0.0274835	0.509256	0.312735	-0.269813	0.792979	0.167953	-0.148949	1.15385	0.293501	-0.172183	1.49532	0.187586	-0.0738772	1.5197	0.312927	-0.111296	0.16978	0.57522	-0.135274	0.452099	0.302427	0.134234	0.0705331	0.229459	0.185969	1.03782	0.150626	0.301928	1.17071	0.31093	0.276715	0.800767	0.195251	0.270843	1.15179	0.356851	0.0833558	0.0201241	0.279078	0.166467	0.524654	0.176353	0.163002	0.0179146	0.0970287	0.100837	1.06598	0.362928	0.129947	1.36279	0.381577	0.236846	0.96097	0.238566	0.16567	0.466258	0.184312	0.110489	0.0376662	0.0504767	0.215092	1.50987	0.267166	0.27018	0.892019	0.224241	0.336032	0.895117	0.274648	0.0468611	0.018261	0.0604005	0.0238845	0.519406	0.166582	0.334466	0.799166	0.293868	0.214014	1.15905	0.342225	0.242116	1.49747	0.214401	0.137364	1.5151	0.314756	0.0374106	0.0824413	0.201064	0.104841	0.457715	0.117526	0.0397192	1.47464	0.137965	0.032953	1.32766	0.371907
63	0.618637	0.0396416	1.58229	0.254	0.0325859	1.2645	0.0915375	-0.206342	0.185601	0.591309	-0.0916193	1.02669	0.157052	-0.240902	1.16437	0.243703	-0.190779	0.801957	0.0940583	-0.207578	1.13803	0.289539	-0.160981	0.177057	0.662398	-0.16751	0.548486	0.325529	-0.212216	0.038251	0.542072	0.00723955	1.07139	0.36125	-0.0735631	1.3616	0.370677	-0.135585	0.981526	0.254772	-0.176572	0.506022	0.370653	-0.158553	0.0398273	0.514697	-0.150774	1.51702	0.251167	-0.184788	0.898499	0.142509	-0.262536	0.906663	0.177117	-0.0992662	0.0299153	0.533585	-0.0269716	0.508952	0.307151	-0.267932	0.793135	0.165663	-0.146398	1.15432	0.289795	-0.169524	1.49558	0.183298	-0.071237	1.51987	0.308667	-0.111657	0.171657	0.571938	-0.134975	0.451697	0.29681	0.13439	0.0704785	0.22927	0.187783	1.03741	0.146306	0.304334	1.17029	0.306497	0.277941	0.800667	0.189856	0.273184	1.15135	0.352302	0.0834005	0.0201292	0.279057	0.16738	0.524242	0.173436	0.163003	0.0179009	0.097009	0.102946	1.06602	0.358606	0.132512	1.36276	0.377384	0.238724	0.960671	0.234081	0.166455	0.465868	0.181698	0.110514	0.0375548	0.0503955	0.217716	1.50961	0.263009	0.271742	0.891884	0.219025	0.337705	0.894701	0.269288	0.0468237	0.0182656	0.0603566	0.0247933	0.519258	0.163965	0.335909	0.798694	0.288355	0.216375	1.1587	0.337782	0.244728	1.49722	0.21025	0.139997	1.51497	0.310565	0.0374542	0.0825022	0.200908	0.105503	0.457086	0.115118	0.042354	1.47468	0.133701	0.0355134	1.32769	0.367608
64	0.628615	0.0423721	1.58232	0.249835	0.0349513	1.2646	0.0872601	-0.20658	0.187863	0.587578	-0.0898044	1.02695	0.15307	-0.238356	1.16476	0.2401	-0.189028	0.801734	0.0917865	-0.205043	1.13858	0.286017	-0.161287	0.180595	0.658995	-0.167108	0.548279	0.319119	-0.212239	0.0396247	0.540671	0.00944061	1.07145	0.357171	-0.0709708	1.3618	0.366473	-0.133759	0.981702	0.25065	-0.176552	0.50622	0.363997	-0.158718	0.0406998	0.513457	-0.148119	1.51726	0.247014	-0.182797	0.898414	0.139861	-0.260505	0.906872	0.174517	-0.0994426	0.0313253	0.532737	-0.0264658	0.508638	0.301303	-0.26616	0.793332	0.163482	-0.143846	1.15479	0.286153	-0.166911	1.49587	0.179151	-0.0685904	1.52007	0.304508	-0.111883	0.173687	0.568564	-0.134632	0.451237	0.290987	0.134545	0.0704195	0.229096	0.189463	1.03705	0.142007	0.306741	1.16992	0.302131	0.279155	0.800632	0.184422	0.275511	1.15093	0.347796	0.0834613	0.0201404	0.279048	0.168243	0.52384	0.17069	0.163016	0.0178848	0.0969976	0.105036	1.06609	0.354356	0.135086	1.36275	0.373244	0.240525	0.96037	0.22969	0.167193	0.465495	0.179232	0.110537	0.0374546	0.0503271	0.220318	1.50938	0.258897	0.273284	0.8918	0.213795	0.339347	0.894317	0.263933	0.046781	0.0182769	0.0603156	0.0256471	0.519124	0.161492	0.337297	0.798239	0.282803	0.21872	1.15838	0.333405	0.247316	1.497	0.206146	0.142615	1.51486	0.306425	0.0375158	0.0825821	0.200744	0.10612	0.456479	0.112856	0.0449473	1.47476	0.129499	0.0380873	1.32774	0.363378
65	0.638593	0.0450907	1.58238	0.245731	0.0372363	1.26472	0.0830633	-0.206682	0.190225	0.583694	-0.0880863	1.02722	0.149238	-0.235855	1.16517	0.236627	-0.187429	0.801547	0.0895838	-0.202525	1.13914	0.282601	-0.161429	0.184303	0.655436	-0.166726	0.548009	0.312413	-0.212119	0.0411904	0.539205	0.0116218	1.07153	0.353189	-0.0683576	1.36202	0.362373	-0.13202	0.981851	0.246614	-0.176548	0.506338	0.357042	-0.158784	0.0416864	0.512083	-0.145475	1.51753	0.242993	-0.180928	0.89836	0.137287	-0.25857	0.907112	0.172037	-0.0995478	0.0328787	0.531705	-0.0259684	0.508311	0.29514	-0.264494	0.793569	0.161404	-0.141307	1.15527	0.282582	-0.164345	1.49618	0.175146	-0.0659383	1.52028	0.300449	-0.111952	0.175867	0.56506	-0.134242	0.450725	0.284932	0.134685	0.0703594	0.228932	0.191014	1.03673	0.137743	0.309153	1.16957	0.297817	0.280365	0.800663	0.178945	0.277832	1.15053	0.34333	0.0835316	0.0201605	0.27905	0.169045	0.523452	0.168111	0.163033	0.0178718	0.096993	0.107104	1.0662	0.35019	0.137668	1.36276	0.369154	0.242242	0.96006	0.22542	0.167872	0.465141	0.176911	0.110551	0.037364	0.0502651	0.2229	1.50919	0.254823	0.274812	0.891765	0.208553	0.340965	0.893966	0.258582	0.0467302	0.0182852	0.0602742	0.0264347	0.519007	0.159157	0.338643	0.797804	0.277211	0.221056	1.15809	0.329095	0.24988	1.49681	0.202081	0.145221	1.51478	0.302331	0.0375865	0.0826777	0.200571	0.106681	0.455895	0.110735	0.0474957	1.47486	0.125361	0.0406736	1.32783	0.359219
66	0.648571	0.0477975	1.58245	0.241686	0.0394405	1.26487	0.0789511	-0.206625	0.192692	0.579626	-0.086463	1.0275	0.145555	-0.233406	1.1656	0.233282	-0.185973	0.801393	0.0874544	-0.200039	1.1397	0.27929	-0.161384	0.188187	0.651673	-0.166364	0.547683	0.30539	-0.211824	0.0429512	0.537658	0.0137708	1.07162	0.34931	-0.0657238	1.36225	0.358381	-0.130381	0.981966	0.242658	-0.176541	0.506375	0.349797	-0.158707	0.0427739	0.510563	-0.142847	1.51782	0.239102	-0.179179	0.898337	0.134786	-0.25673	0.907383	0.169671	-0.0995566	0.0345596	0.530481	-0.025481	0.507969	0.288621	-0.262933	0.793842	0.159424	-0.138795	1.15575	0.279088	-0.161826	1.49652	0.171279	-0.063282	1.52051	0.296489	-0.111844	0.17819	0.561387	-0.133799	0.450167	0.278623	0.134803	0.0703008	0.228773	0.19245	1.03644	0.133537	0.311575	1.16926	0.293541	0.281576	0.800757	0.173427	0.280154	1.15016	0.338899	0.0836052	0.0201904	0.279059	0.169781	0.523079	0.165694	0.163052	0.0178653	0.096993	0.109143	1.06633	0.346119	0.14026	1.3628	0.365112	0.243872	0.959737	0.221296	0.168484	0.464804	0.174729	0.110551	0.037282	0.0502057	0.225464	1.50902	0.250778	0.276328	0.891778	0.203301	0.342562	0.893649	0.253233	0.0466709	0.0182839	0.0602306	0.0271509	0.518912	0.156948	0.33996	0.797393	0.27158	0.223387	1.15782	0.32485	0.252416	1.49664	0.198042	0.147818	1.51473	0.298278	0.0376603	0.0827868	0.200387	0.107177	0.455338	0.10875	0.0499967	1.47498	0.121286	0.0432705	1.32795	0.355134
67	0.658549	0.0504914	1.58254	0.237698	0.0415661	1.26504	0.0749271	-0.206391	0.195265	0.575341	-0.0849323	1.0278	0.142014	-0.231014	1.16604	0.230062	-0.184647	0.801272	0.0854031	-0.197597	1.14028	0.276084	-0.161135	0.192246	0.647654	-0.166016	0.547307	0.298032	-0.21133	0.0449061	0.536006	0.0158723	1.07173	0.345539	-0.063071	1.36251	0.354498	-0.128854	0.982045	0.238777	-0.176515	0.506332	0.342269	-0.158452	0.0439474	0.508888	-0.140235	1.51812	0.235336	-0.177545	0.898344	0.132363	-0.254987	0.907683	0.167411	-0.0994479	0.0363506	0.529059	-0.0250044	0.507615	0.281714	-0.261473	0.794149	0.157536	-0.136326	1.15622	0.275678	-0.159355	1.49688	0.167544	-0.0606242	1.52076	0.292624	-0.111544	0.180646	0.557504	-0.133303	0.449571	0.272038	0.134895	0.070246	0.228618	0.193784	1.03618	0.129408	0.314013	1.16899	0.289286	0.282793	0.800908	0.16787	0.282485	1.1498	0.3345	0.0836773	0.0202299	0.279074	0.17045	0.522722	0.16343	0.163067	0.0178671	0.0969952	0.111146	1.06649	0.342153	0.142861	1.36287	0.361115	0.245409	0.959399	0.21734	0.169028	0.464486	0.172679	0.110536	0.0372078	0.0501467	0.228011	1.50889	0.246754	0.277835	0.891834	0.198041	0.344143	0.893363	0.247885	0.0466041	0.0182698	0.0601841	0.0277957	0.518838	0.154855	0.34126	0.797012	0.265913	0.225716	1.15758	0.320666	0.254924	1.49649	0.194021	0.150406	1.51471	0.294262	0.0377344	0.0829075	0.200194	0.107609	0.454811	0.106895	0.0524483	1.47512	0.117274	0.0458746	1.3281	0.351126
68	0.668527	0.0531703	1.58265	0.233768	0.0436172	1.26521	0.0709949	-0.205964	0.197943	0.570806	-0.0834924	1.02811	0.138606	-0.228685	1.16651	0.226963	-0.183437	0.801182	0.0834341	-0.19521	1.14087	0.272983	-0.160667	0.196474	0.643335	-0.16568	0.546892	0.290332	-0.210623	0.0470512	0.534221	0.0179091	1.07185	0.341879	-0.0604025	1.3628	0.350728	-0.127448	0.982088	0.234962	-0.176453	0.506217	0.334467	-0.157989	0.0451936	0.507045	-0.137644	1.51844	0.231688	-0.17602	0.898383	0.130018	-0.25334	0.908015	0.165249	-0.0992063	0.0382345	0.527437	-0.0245383	0.507255	0.274397	-0.260109	0.794489	0.155732	-0.133913	1.15669	0.272357	-0.15693	1.49725	0.163933	-0.0579685	1.52102	0.28885	-0.111042	0.183223	0.553374	-0.132754	0.448947	0.265162	0.134963	0.0701964	0.228467	0.195031	1.03592	0.125377	0.316468	1.16876	0.285042	0.284018	0.801111	0.162281	0.284827	1.14945	0.330126	0.0837441	0.0202773	0.279092	0.171056	0.522383	0.161312	0.163077	0.0178768	0.0969974	0.113102	1.06667	0.338302	0.145474	1.36296	0.35716	0.246851	0.959047	0.213567	0.169508	0.464186	0.170755	0.110508	0.0371409	0.0500876	0.230539	1.50878	0.242746	0.279336	0.89193	0.192773	0.345712	0.89311	0.242538	0.0465323	0.0182424	0.0601353	0.0283747	0.518785	0.152867	0.342553	0.796663	0.260215	0.228046	1.15736	0.316538	0.257401	1.49635	0.190008	0.152988	1.51472	0.290276	0.0378077	0.0830381	0.199996	0.107982	0.454313	0.105164	0.0548489	1.47527	0.113327	0.0484805	1.32829	0.347196
69	0.678505	0.0558304	1.58276	0.229893	0.0455987	1.26538	0.0671578	-0.205337	0.200726	0.565995	-0.0821409	1.02844	0.135313	-0.226425	1.16699	0.223979	-0.182333	0.80112	0.0815502	-0.192889	1.14147	0.269986	-0.159974	0.200858	0.638676	-0.165352	0.546444	0.28229	-0.209704	0.0493801	0.532268	0.0198635	1.07197	0.338332	-0.0577236	1.3631	0.347071	-0.12617	0.982098	0.231207	-0.176345	0.506039	0.326402	-0.157301	0.0465016	0.505022	-0.135076	1.51877	0.228149	-0.174599	0.898452	0.127754	-0.251786	0.908377	0.163178	-0.0988229	0.0401961	0.52561	-0.0240815	0.506896	0.266664	-0.258838	0.79486	0.154008	-0.131567	1.15716	0.269129	-0.154549	1.49763	0.160437	-0.0553201	1.5213	0.285162	-0.11033	0.185906	0.548963	-0.132154	0.44831	0.257977	0.135011	0.0701526	0.228322	0.19621	1.03567	0.121465	0.318944	1.16856	0.280796	0.285252	0.801359	0.156663	0.287184	1.14912	0.325772	0.0838031	0.0203303	0.279109	0.171606	0.522063	0.159332	0.163078	0.0178928	0.0969978	0.114996	1.06688	0.334573	0.148098	1.36308	0.353246	0.248199	0.958683	0.209985	0.169932	0.463904	0.168951	0.110468	0.0370805	0.0500292	0.233048	1.5087	0.238747	0.280834	0.892061	0.187498	0.347272	0.892885	0.237189	0.0464586	0.0182037	0.0600859	0.0288971	0.518751	0.150978	0.343848	0.796349	0.254492	0.230377	1.15717	0.312457	0.259843	1.49624	0.185999	0.155564	1.51476	0.286319	0.0378805	0.0831762	0.1998	0.108307	0.453846	0.103551	0.0571974	1.47543	0.109444	0.0510812	1.3285	0.343347
70	0.688484	0.0584665	1.58288	0.226074	0.0475162	1.26554	0.0634191	-0.204503	0.20361	0.560889	-0.080875	1.02878	0.132118	-0.224237	1.16748	0.221104	-0.181323	0.801088	0.0797526	-0.190643	1.14208	0.267091	-0.159052	0.205381	0.633649	-0.165028	0.545975	0.273915	-0.208584	0.0518851	0.530108	0.0217186	1.0721	0.334899	-0.0550421	1.36343	0.343529	-0.125021	0.982079	0.227505	-0.176183	0.505812	0.318083	-0.156384	0.0478654	0.5028	-0.132538	1.51912	0.22471	-0.173276	0.898552	0.125571	-0.250323	0.90877	0.161191	-0.0982949	0.0422233	0.523573	-0.0236324	0.50655	0.25852	-0.257656	0.795261	0.152358	-0.129299	1.15763	0.265999	-0.152211	1.49801	0.157044	-0.0526853	1.52159	0.281556	-0.109409	0.188683	0.544244	-0.13151	0.447676	0.250471	0.135047	0.0701147	0.228185	0.197338	1.03539	0.117689	0.321438	1.1684	0.276542	0.286494	0.801642	0.151022	0.289557	1.1488	0.321432	0.0838532	0.020386	0.279125	0.17211	0.521762	0.157484	0.163072	0.0179127	0.0969954	0.116816	1.0671	0.330973	0.150733	1.36322	0.349371	0.249455	0.958313	0.206598	0.170311	0.46364	0.167266	0.110422	0.0370263	0.0499727	0.235537	1.50864	0.234753	0.282329	0.892223	0.182216	0.348825	0.892687	0.231836	0.0463864	0.0181565	0.0600378	0.0293748	0.518731	0.149185	0.345148	0.796068	0.248751	0.232707	1.157	0.308412	0.262247	1.49613	0.181987	0.158132	1.51482	0.282387	0.037953	0.0833184	0.199612	0.108596	0.45341	0.102055	0.0594926	1.47558	0.105627	0.0536671	1.32875	0.33958
71	0.698462	0.0610722	1.58301	0.222311	0.0493741	1.26568	0.0597821	-0.203465	0.206591	0.555475	-0.0796906	1.02915	0.128998	-0.222125	1.168	0.218332	-0.1804	0.801086	0.0780397	-0.188477	1.1427	0.264298	-0.157904	0.210016	0.628237	-0.164705	0.545494	0.265226	-0.207282	0.0545565	0.527695	0.0234592	1.07221	0.331577	-0.0523688	1.3638	0.340101	-0.123999	0.982037	0.223851	-0.175964	0.505553	0.309518	-0.155245	0.049284	0.500357	-0.130032	1.51949	0.22136	-0.172044	0.898681	0.123472	-0.248949	0.909193	0.159284	-0.0976245	0.044308	0.521313	-0.0231891	0.506229	0.249986	-0.256558	0.795688	0.150779	-0.127118	1.15811	0.262968	-0.149916	1.4984	0.153744	-0.0500716	1.5219	0.278027	-0.108281	0.19154	0.539198	-0.13083	0.447065	0.242636	0.135076	0.0700821	0.228058	0.198433	1.0351	0.114063	0.323946	1.16826	0.272274	0.287742	0.801952	0.145365	0.291946	1.14848	0.317103	0.0838939	0.0204413	0.279138	0.172578	0.521481	0.155764	0.163059	0.0179338	0.0969897	0.118547	1.06732	0.327503	0.153375	1.36338	0.345534	0.250624	0.957945	0.2034	0.17066	0.463393	0.1657	0.110374	0.0369777	0.0499196	0.238003	1.5086	0.230763	0.283823	0.892409	0.176926	0.350373	0.89251	0.226478	0.0463188	0.0181046	0.0599933	0.0298208	0.51872	0.147491	0.346458	0.795819	0.242997	0.235037	1.15684	0.304392	0.26461	1.49603	0.177972	0.160691	1.5149	0.278481	0.0380245	0.0834607	0.199441	0.108865	0.453004	0.100674	0.061733	1.47572	0.101878	0.0562264	1.32902	0.335898
72	0.70844	0.0636399	1.58313	0.218608	0.0511757	1.26579	0.0562499	-0.202226	0.209664	0.549755	-0.0785819	1.02955	0.12593	-0.220091	1.16853	0.215657	-0.179557	0.801113	0.0764077	-0.186398	1.14334	0.261605	-0.156535	0.214728	0.622438	-0.164379	0.545013	0.256254	-0.205828	0.0573828	0.52498	0.0250735	1.07232	0.328363	-0.0497168	1.36418	0.336784	-0.123098	0.981977	0.220241	-0.17569	0.505283	0.300719	-0.153904	0.0507616	0.49766	-0.127567	1.51986	0.218089	-0.170898	0.898839	0.121455	-0.247659	0.909643	0.157453	-0.0968175	0.046446	0.518806	-0.0227502	0.505947	0.241094	-0.255541	0.796139	0.149266	-0.125028	1.15858	0.260037	-0.147662	1.49879	0.150525	-0.0474876	1.52223	0.274572	-0.106954	0.194461	0.533815	-0.130125	0.446498	0.234466	0.135105	0.0700542	0.227945	0.199512	1.03477	0.110596	0.326463	1.16814	0.267989	0.288993	0.80228	0.139697	0.294348	1.14817	0.312781	0.0839252	0.0204932	0.279148	0.173023	0.521219	0.154169	0.16304	0.0179536	0.0969812	0.120175	1.06755	0.324165	0.156019	1.36356	0.341737	0.251714	0.957587	0.200381	0.170992	0.463163	0.164256	0.110328	0.036934	0.049871	0.240443	1.50857	0.226777	0.285315	0.892612	0.17163	0.351917	0.892351	0.221113	0.0462586	0.0180512	0.0599544	0.0302473	0.518712	0.145904	0.347777	0.795596	0.237236	0.237364	1.15668	0.300386	0.266928	1.49593	0.173952	0.163238	1.515	0.274601	0.0380935	0.0835983	0.199295	0.109125	0.452627	0.0994056	0.063917	1.47585	0.0981981	0.0587459	1.32932	0.3323
73	0.718418	0.0661618	1.58326	0.214966	0.0529222	1.26587	0.0528252	-0.200793	0.212819	0.543735	-0.0775406	1.02997	0.122891	-0.218137	1.16908	0.213074	-0.178789	0.801171	0.074851	-0.184408	1.14398	0.25901	-0.154956	0.219477	0.616264	-0.164049	0.544547	0.247033	-0.204253	0.0603494	0.521912	0.0265533	1.07239	0.325249	-0.0471013	1.3646	0.333574	-0.122306	0.981907	0.216672	-0.175365	0.505023	0.291702	-0.15239	0.0523063	0.494669	-0.125148	1.52025	0.21489	-0.169833	0.899023	0.11952	-0.246451	0.910117	0.155696	-0.0958812	0.048636	0.516019	-0.0223146	0.505719	0.231886	-0.2546	0.796611	0.147818	-0.123035	1.15906	0.257207	-0.145452	1.49917	0.14738	-0.0449429	1.52256	0.271189	-0.105439	0.197432	0.528092	-0.129409	0.445996	0.225966	0.135139	0.07003	0.227847	0.200588	1.03441	0.107295	0.328976	1.16802	0.263686	0.290245	0.802615	0.134021	0.29676	1.14785	0.308463	0.0839474	0.0205392	0.279154	0.173452	0.520976	0.152699	0.163016	0.0179704	0.0969705	0.121691	1.06777	0.320956	0.158656	1.36374	0.337983	0.252734	0.957247	0.197524	0.171319	0.462949	0.162935	0.110287	0.0368947	0.0498276	0.242852	1.50854	0.222798	0.286805	0.892825	0.166327	0.353458	0.892202	0.215738	0.0462077	0.0179986	0.0599225	0.0306647	0.518703	0.144432	0.349104	0.795392	0.231471	0.239686	1.15652	0.296385	0.269194	1.49583	0.169931	0.165767	1.51509	0.270751	0.0381576	0.0837264	0.199178	0.109389	0.452278	0.0982512	0.0660425	1.47595	0.0945922	0.0612108	1.32962	0.328789
74	0.728396	0.0686297	1.58337	0.21139	0.0546132	1.26591	0.0495097	-0.199177	0.21604	0.537434	-0.0765556	1.03041	0.119862	-0.216266	1.16964	0.210579	-0.178093	0.801259	0.073363	-0.182509	1.14464	0.256513	-0.153179	0.224212	0.609736	-0.163712	0.54411	0.237608	-0.202588	0.0634375	0.518435	0.0278948	1.07244	0.322227	-0.0445385	1.36504	0.330468	-0.121609	0.981831	0.21314	-0.174994	0.504795	0.282483	-0.150734	0.0539283	0.491332	-0.122782	1.52064	0.211757	-0.168842	0.899229	0.117666	-0.245319	0.91061	0.154011	-0.094823	0.0508788	0.512905	-0.021882	0.505558	0.222411	-0.253732	0.7971	0.146433	-0.121139	1.15954	0.254474	-0.143288	1.49956	0.144302	-0.0424473	1.52291	0.267878	-0.103749	0.200434	0.522033	-0.128693	0.44558	0.21715	0.13518	0.0700088	0.227764	0.201675	1.03402	0.10416	0.331473	1.1679	0.259365	0.291495	0.802949	0.128342	0.299179	1.14752	0.304149	0.083961	0.0205776	0.279156	0.173875	0.520749	0.151353	0.16299	0.0179832	0.0969588	0.123087	1.06798	0.31787	0.161275	1.36393	0.334277	0.253694	0.956933	0.194808	0.171652	0.462749	0.161742	0.110254	0.0368592	0.0497895	0.245227	1.50851	0.218833	0.288291	0.893039	0.161018	0.354996	0.892058	0.210352	0.0461673	0.0179479	0.0598985	0.0310809	0.518688	0.143086	0.350435	0.7952	0.225703	0.241999	1.15634	0.292381	0.271405	1.49571	0.165915	0.168273	1.51519	0.266937	0.0382133	0.0838405	0.199095	0.109664	0.451956	0.0972098	0.0681072	1.47603	0.091064	0.063606	1.32994	0.325364
75	0.738374	0.0710361	1.58348	0.207883	0.0562461	1.26591	0.0463037	-0.197391	0.219308	0.530872	-0.0756131	1.03086	0.116827	-0.214478	1.17022	0.208166	-0.177463	0.801377	0.0719377	-0.180704	1.1453	0.25411	-0.151219	0.228876	0.602888	-0.163368	0.54372	0.228025	-0.200863	0.066623	0.514493	0.0290987	1.07245	0.31929	-0.0420449	1.36549	0.327457	-0.120991	0.981755	0.209643	-0.174585	0.504624	0.273087	-0.148972	0.0556372	0.487588	-0.120477	1.52104	0.208686	-0.16792	0.899455	0.115892	-0.244259	0.911118	0.152398	-0.0936488	0.0531744	0.509404	-0.0214527	0.505479	0.212727	-0.252931	0.797601	0.145111	-0.119341	1.16002	0.25184	-0.141174	1.49993	0.141285	-0.0400108	1.52326	0.264637	-0.101898	0.20345	0.515647	-0.127992	0.445267	0.208045	0.135227	0.06999	0.227696	0.202781	1.0336	0.101188	0.333939	1.16775	0.255028	0.292739	0.803274	0.122662	0.301599	1.14718	0.29984	0.0839663	0.0206075	0.279155	0.174298	0.520536	0.150129	0.162962	0.0179922	0.0969471	0.12436	1.06817	0.314902	0.163861	1.3641	0.330623	0.254606	0.95665	0.192213	0.171997	0.462561	0.160677	0.110232	0.0368269	0.0497559	0.247561	1.50848	0.214889	0.289769	0.893247	0.155704	0.356531	0.891913	0.204952	0.0461377	0.0178991	0.0598827	0.031501	0.518666	0.141872	0.35177	0.795011	0.219934	0.244301	1.15613	0.288372	0.273554	1.49557	0.161913	0.170748	1.51528	0.263165	0.038257	0.0839371	0.199046	0.109955	0.451658	0.0962792	0.0701082	1.47608	0.0876176	0.0659167	1.33026	0.322028
76	0.748352	0.0733735	1.58358	0.204452	0.0578173	1.26588	0.043206	-0.195448	0.222593	0.524072	-0.0746972	1.03132	0.113776	-0.212774	1.1708	0.205834	-0.176897	0.801522	0.0705704	-0.178992	1.14596	0.2518	-0.149091	0.233407	0.595758	-0.163016	0.543393	0.218335	-0.199099	0.0698755	0.510029	0.0301698	1.07241	0.316425	-0.0396362	1.36595	0.324535	-0.120436	0.981681	0.206178	-0.174144	0.504532	0.26354	-0.147137	0.0574396	0.483368	-0.118239	1.52144	0.205673	-0.167062	0.899696	0.114195	-0.243267	0.911634	0.150856	-0.0923632	0.0555196	0.505445	-0.0210277	0.505494	0.202891	-0.252193	0.798109	0.14385	-0.117642	1.16051	0.249302	-0.139117	1.5003	0.138326	-0.0376433	1.52361	0.261469	-0.0999021	0.206453	0.508947	-0.127313	0.445072	0.198688	0.135279	0.0699731	0.227642	0.203913	1.03317	0.0983717	0.336359	1.16758	0.250678	0.293972	0.803584	0.116983	0.304013	1.1468	0.295536	0.0839635	0.0206294	0.279151	0.174723	0.520335	0.149023	0.162933	0.0179984	0.0969364	0.12551	1.06834	0.312041	0.166398	1.36426	0.327032	0.255478	0.956401	0.189721	0.172359	0.462384	0.159738	0.11022	0.036797	0.0497261	0.249847	1.50843	0.21098	0.291237	0.893441	0.150388	0.358062	0.891762	0.199537	0.0461183	0.017851	0.0598753	0.0319273	0.518636	0.140795	0.353104	0.794817	0.214162	0.246589	1.15588	0.284358	0.275635	1.4954	0.157935	0.173181	1.51536	0.259447	0.0382851	0.0840138	0.199031	0.110264	0.451381	0.0954553	0.0720427	1.4761	0.0842575	0.0681295	1.33056	0.318781
77	0.75833	0.0756354	1.58367	0.2011	0.0593225	1.26581	0.0402136	-0.193361	0.225861	0.517057	-0.0737905	1.03177	0.110706	-0.211156	1.17138	0.203581	-0.176387	0.801692	0.0692585	-0.177374	1.14663	0.24958	-0.146814	0.237738	0.588388	-0.162659	0.543147	0.208586	-0.197312	0.0731582	0.504989	0.0311163	1.07234	0.313623	-0.0373262	1.36641	0.321694	-0.119926	0.981612	0.202738	-0.173677	0.504541	0.253872	-0.145257	0.0593364	0.4786	-0.116075	1.52184	0.202719	-0.166262	0.899947	0.112576	-0.242338	0.912153	0.149384	-0.0909694	0.0579056	0.500949	-0.0206078	0.505612	0.192963	-0.251512	0.798621	0.142651	-0.11604	1.161	0.246861	-0.137123	1.50066	0.135425	-0.0353536	1.52395	0.258373	-0.0977778	0.209418	0.501944	-0.126664	0.445005	0.18913	0.135329	0.0699578	0.227596	0.205071	1.03273	0.0956984	0.33872	1.16736	0.246319	0.295191	0.803874	0.111308	0.306412	1.14639	0.291241	0.083953	0.0206449	0.279145	0.175153	0.520142	0.148032	0.162905	0.0180031	0.0969274	0.126541	1.06848	0.309277	0.168867	1.36439	0.323514	0.256321	0.956187	0.187314	0.172738	0.462215	0.158919	0.11022	0.0367688	0.0496988	0.252079	1.50836	0.20712	0.292689	0.893614	0.145073	0.359587	0.891602	0.194105	0.0461075	0.0178018	0.0598759	0.0323604	0.518597	0.139851	0.354437	0.794611	0.208385	0.248858	1.15559	0.280343	0.277645	1.49521	0.153999	0.175561	1.51541	0.255793	0.038295	0.0840701	0.199045	0.110589	0.451125	0.0947311	0.0739081	1.47608	0.0809873	0.0702329	1.33086	0.315623
78	0.768308	0.0778157	1.58374	0.197832	0.0607579	1.26571	0.0373215	-0.191146	0.229068	0.509847	-0.0728756	1.03219	0.107619	-0.209624	1.17196	0.201403	-0.175926	0.80188	0.0680022	-0.17585	1.14729	0.247446	-0.144402	0.241797	0.580817	-0.162295	0.542998	0.198827	-0.195509	0.0764279	0.499325	0.0319498	1.07222	0.310872	-0.0351266	1.36686	0.318925	-0.119446	0.981552	0.199317	-0.173188	0.50467	0.244116	-0.143353	0.0613207	0.473211	-0.113991	1.52224	0.199822	-0.165515	0.900205	0.111033	-0.241467	0.912668	0.147982	-0.0894702	0.0603154	0.495833	-0.0201941	0.505842	0.182999	-0.250881	0.799132	0.141512	-0.114534	1.1615	0.244519	-0.135197	1.50102	0.13258	-0.03315	1.52428	0.25535	-0.0955404	0.212312	0.494653	-0.12605	0.44507	0.179424	0.135374	0.0699442	0.227557	0.206258	1.03231	0.0931538	0.341008	1.16709	0.241956	0.296392	0.804141	0.105638	0.308788	1.14594	0.286957	0.0839353	0.0206569	0.279139	0.17559	0.519956	0.147148	0.162878	0.0180082	0.0969205	0.127463	1.0686	0.306601	0.171249	1.3645	0.320078	0.257142	0.956005	0.184984	0.173133	0.462052	0.15821	0.110231	0.0367412	0.0496729	0.254247	1.50826	0.203327	0.29412	0.893762	0.139761	0.361104	0.89143	0.188656	0.0461033	0.0177497	0.0598841	0.0327993	0.518551	0.139031	0.355768	0.79439	0.2026	0.251104	1.15524	0.276333	0.279576	1.49499	0.15012	0.177876	1.51545	0.252216	0.0382848	0.0841068	0.199082	0.110928	0.450885	0.0940972	0.075702	1.47604	0.0778103	0.072218	1.33113	0.312554
79	0.778286	0.079909	1.5838	0.194651	0.0621207	1.26559	0.0345233	-0.188816	0.232165	0.502453	-0.0719362	1.03258	0.104525	-0.20818	1.17254	0.199301	-0.175505	0.802082	0.0668032	-0.174419	1.14795	0.245396	-0.141873	0.245517	0.573081	-0.161926	0.542959	0.189103	-0.193692	0.0796373	0.492993	0.0326837	1.07206	0.308163	-0.0330462	1.36728	0.316219	-0.118981	0.981505	0.195907	-0.17268	0.50493	0.234309	-0.141443	0.0633772	0.467134	-0.111991	1.52263	0.196984	-0.164814	0.900465	0.109566	-0.240649	0.913176	0.146648	-0.0878699	0.0627221	0.490018	-0.019787	0.506191	0.173051	-0.250294	0.799638	0.140433	-0.113122	1.16201	0.242277	-0.133348	1.50137	0.129793	-0.0310394	1.5246	0.252401	-0.0932059	0.215097	0.487084	-0.125473	0.445269	0.169629	0.135405	0.0699322	0.227517	0.207471	1.0319	0.0907203	0.343213	1.16676	0.237596	0.297571	0.804383	0.0999754	0.311127	1.14544	0.282689	0.083911	0.0206697	0.279132	0.176032	0.519774	0.146364	0.162853	0.0180152	0.0969154	0.128286	1.06869	0.304	0.173524	1.36458	0.316737	0.257945	0.95585	0.182725	0.173539	0.461895	0.157596	0.110254	0.0367135	0.0496473	0.256342	1.50814	0.19962	0.295526	0.893881	0.134456	0.36261	0.891245	0.18319	0.0461034	0.0176933	0.059899	0.0332433	0.5185	0.138316	0.357097	0.794149	0.196806	0.253321	1.15484	0.272337	0.281426	1.49473	0.146319	0.180112	1.51546	0.24873	0.0382547	0.0841263	0.199136	0.11128	0.45066	0.0935412	0.0774226	1.47597	0.0747284	0.0740789	1.33137	0.309574
80	0.788264	0.0819105	1.58384	0.19156	0.0634102	1.26545	0.0318112	-0.186387	0.235103	0.494884	-0.0709591	1.03292	0.101434	-0.206825	1.1731	0.197273	-0.175114	0.802292	0.0656651	-0.173083	1.14859	0.243426	-0.139243	0.248829	0.565207	-0.161552	0.543041	0.179454	-0.191858	0.0827361	0.485964	0.0333328	1.07187	0.305487	-0.0310912	1.36767	0.31357	-0.118521	0.981475	0.192499	-0.172155	0.505329	0.224489	-0.139535	0.0654818	0.460311	-0.11008	1.52301	0.194204	-0.164153	0.900725	0.108174	-0.23988	0.913673	0.145379	-0.0861759	0.0650893	0.483433	-0.0193864	0.506662	0.163164	-0.249744	0.800135	0.139413	-0.111803	1.16252	0.24014	-0.131581	1.50171	0.127064	-0.0290273	1.52489	0.249524	-0.0907896	0.217735	0.479246	-0.124933	0.445601	0.159798	0.135418	0.0699221	0.227474	0.208705	1.03153	0.0883781	0.345327	1.16638	0.233246	0.298725	0.8046	0.094322	0.313416	1.14489	0.278439	0.0838811	0.0206881	0.279126	0.176481	0.519595	0.145666	0.16283	0.0180248	0.096912	0.129024	1.06876	0.301463	0.175675	1.36464	0.313503	0.258736	0.955715	0.180537	0.173952	0.461742	0.157061	0.110288	0.036685	0.0496214	0.258355	1.508	0.196018	0.2969	0.893969	0.129163	0.364101	0.891048	0.17771	0.0461054	0.0176319	0.059919	0.0336919	0.518445	0.137682	0.358425	0.79389	0.191	0.2555	1.15437	0.268361	0.283191	1.49446	0.142617	0.182257	1.51544	0.245348	0.0382062	0.0841325	0.199198	0.111643	0.450447	0.0930486	0.079069	1.47589	0.0717424	0.0758127	1.33158	0.306681
81	0.798242	0.0838164	1.58388	0.18856	0.0646279	1.26532	0.029177	-0.183875	0.237827	0.487141	-0.0699353	1.03322	0.0983596	-0.205558	1.17366	0.195318	-0.174741	0.802504	0.0645913	-0.171839	1.14922	0.241532	-0.136527	0.251676	0.557215	-0.161173	0.54325	0.169912	-0.190005	0.0856742	0.478221	0.0339125	1.07165	0.302837	-0.0292651	1.36802	0.310969	-0.118055	0.981466	0.189083	-0.17161	0.505864	0.214699	-0.137638	0.0676029	0.452704	-0.10826	1.52338	0.191483	-0.163526	0.90098	0.106858	-0.239155	0.914155	0.144171	-0.0843997	0.067372	0.476022	-0.0189911	0.507257	0.153376	-0.249224	0.800621	0.13845	-0.110576	1.16303	0.238111	-0.1299	1.50204	0.124392	-0.0271182	1.52517	0.246718	-0.0883073	0.220184	0.471144	-0.124426	0.446061	0.149982	0.135408	0.0699138	0.227422	0.209955	1.03121	0.0861062	0.347341	1.16595	0.228916	0.299853	0.804796	0.0886792	0.31564	1.14428	0.274215	0.0838467	0.0207177	0.279121	0.176937	0.519418	0.145044	0.162812	0.0180374	0.0969096	0.129689	1.06881	0.298979	0.177687	1.36467	0.310385	0.259516	0.955592	0.178424	0.174366	0.461594	0.156587	0.110334	0.0366555	0.0495948	0.260278	1.50783	0.192541	0.298237	0.894027	0.123884	0.365572	0.890841	0.172219	0.0461074	0.0175663	0.0599422	0.0341458	0.518389	0.1371	0.359751	0.793612	0.185182	0.257632	1.15385	0.264413	0.284867	1.49416	0.139034	0.184297	1.5154	0.242082	0.0381426	0.0841303	0.199259	0.112018	0.450243	0.0926035	0.0806412	1.4758	0.0688516	0.0774195	1.33175	0.303874
82	0.80822	0.0856235	1.5839	0.185652	0.0657784	1.26519	0.0266125	-0.181296	0.24029	0.47922	-0.0688602	1.03346	0.0953142	-0.204381	1.17421	0.193434	-0.174376	0.802713	0.0635845	-0.170688	1.14983	0.239709	-0.133743	0.254007	0.549114	-0.160789	0.543584	0.160506	-0.188129	0.0884041	0.469762	0.0344382	1.07141	0.300209	-0.0275691	1.36832	0.308411	-0.117575	0.981485	0.18565	-0.171043	0.506525	0.204979	-0.135758	0.069703	0.444288	-0.106534	1.52373	0.188818	-0.162927	0.90123	0.105618	-0.23847	0.91462	0.14302	-0.0825583	0.0695199	0.467748	-0.0185989	0.507972	0.143715	-0.248728	0.801092	0.137541	-0.10944	1.16355	0.236195	-0.128308	1.50237	0.121776	-0.025315	1.52542	0.24398	-0.0857757	0.222406	0.462782	-0.123951	0.446641	0.140219	0.135371	0.0699075	0.227359	0.211217	1.03095	0.0838833	0.349249	1.16548	0.224615	0.300953	0.804974	0.0830481	0.317781	1.14362	0.270018	0.0838088	0.0207635	0.279117	0.177399	0.519242	0.144483	0.162799	0.018052	0.0969077	0.130297	1.06884	0.29654	0.17955	1.36468	0.307391	0.260289	0.955475	0.176387	0.174777	0.46145	0.156155	0.110392	0.0366249	0.0495675	0.262103	1.50764	0.189206	0.299533	0.894058	0.118623	0.367016	0.890626	0.166725	0.046108	0.0174987	0.0599655	0.0346072	0.518332	0.136536	0.361076	0.793322	0.179353	0.259702	1.15326	0.260497	0.286455	1.49385	0.13559	0.186222	1.51534	0.238943	0.0380687	0.0841251	0.199311	0.112406	0.450048	0.0921891	0.0821402	1.47569	0.0660544	0.0789017	1.33189	0.30115
83	0.818198	0.0873298	1.58392	0.182835	0.0668686	1.26507	0.0241098	-0.17867	0.242445	0.471117	-0.0677347	1.03365	0.0923089	-0.203292	1.17474	0.191619	-0.174008	0.802915	0.0626457	-0.169628	1.15043	0.237955	-0.130909	0.255786	0.540902	-0.160397	0.544041	0.151255	-0.186232	0.0908835	0.460603	0.0349245	1.07115	0.297597	-0.0260023	1.36858	0.30589	-0.117076	0.981537	0.182194	-0.170452	0.507294	0.19537	-0.133902	0.0717415	0.435065	-0.104901	1.52407	0.186207	-0.162351	0.901473	0.10445	-0.237821	0.915068	0.141919	-0.0806735	0.0714816	0.458599	-0.0182066	0.508805	0.134204	-0.248249	0.801547	0.136686	-0.108394	1.16406	0.234392	-0.126806	1.50269	0.119214	-0.0236194	1.52564	0.241307	-0.0832128	0.224364	0.454163	-0.123501	0.447334	0.130541	0.135309	0.0699033	0.227283	0.212484	1.03076	0.0816886	0.351046	1.16496	0.220354	0.302029	0.805138	0.0774289	0.319823	1.14291	0.265856	0.0837684	0.0208299	0.279115	0.17787	0.519071	0.143969	0.162794	0.0180672	0.0969056	0.130861	1.06885	0.294134	0.181256	1.36467	0.304526	0.261055	0.955357	0.174431	0.175183	0.461312	0.155751	0.110461	0.0365936	0.0495402	0.263823	1.50743	0.186029	0.300786	0.894067	0.113384	0.368425	0.890408	0.161236	0.0461066	0.0174326	0.0599857	0.0350794	0.518277	0.135958	0.362397	0.793024	0.173518	0.261697	1.15263	0.256617	0.287955	1.49354	0.132302	0.188024	1.51525	0.235941	0.0379906	0.0841229	0.199347	0.112812	0.449858	0.0917891	0.0835681	1.47559	0.0633477	0.0802641	1.332	0.298504
84	0.828176	0.0889344	1.58394	0.180109	0.0679077	1.26497	0.0216622	-0.176018	0.244256	0.462823	-0.0665644	1.0338	0.0893527	-0.202291	1.17526	0.18987	-0.173629	0.803108	0.0617731	-0.168659	1.151	0.236263	-0.128048	0.256989	0.532572	-0.159995	0.544611	0.142174	-0.184317	0.0930769	0.450776	0.0353847	1.07089	0.295	-0.0245623	1.3688	0.303402	-0.116552	0.981623	0.178713	-0.169831	0.508148	0.185907	-0.132082	0.0736777	0.425054	-0.103361	1.52438	0.183646	-0.161791	0.901708	0.103353	-0.237204	0.915498	0.140862	-0.0787709	0.0732099	0.448584	-0.0178095	0.509748	0.124855	-0.247782	0.801982	0.13588	-0.107435	1.16457	0.232704	-0.125393	1.50299	0.1167	-0.0220318	1.52585	0.238695	-0.0806387	0.226028	0.445288	-0.12307	0.448129	0.120968	0.135223	0.0699015	0.227193	0.21375	1.03063	0.0795035	0.352728	1.16442	0.216144	0.303082	0.805296	0.0718213	0.321746	1.14216	0.261733	0.0837255	0.0209196	0.279111	0.17835	0.518904	0.143488	0.162797	0.0180805	0.096903	0.131394	1.06884	0.291755	0.182805	1.36465	0.301793	0.261817	0.955236	0.172552	0.175584	0.461181	0.155358	0.110543	0.0365621	0.049514	0.265434	1.50722	0.18302	0.301992	0.89406	0.108167	0.369793	0.890192	0.155761	0.0461028	0.0173731	0.059999	0.0355662	0.518224	0.135333	0.36371	0.792726	0.167681	0.263597	1.15196	0.252775	0.289368	1.49323	0.129186	0.189695	1.51515	0.233079	0.0379147	0.0841295	0.19936	0.113241	0.449674	0.0913885	0.0849277	1.47549	0.0607276	0.0815132	1.33208	0.295932
85	0.838154	0.0904377	1.58395	0.177471	0.0689063	1.2649	0.019264	-0.173365	0.245695	0.454335	-0.0653592	1.03391	0.086452	-0.201376	1.17576	0.188181	-0.173232	0.80329	0.0609623	-0.167777	1.15156	0.234628	-0.125187	0.257608	0.524109	-0.159582	0.54528	0.133269	-0.182394	0.0949569	0.440327	0.0358311	1.07064	0.292418	-0.0232453	1.36898	0.300946	-0.116003	0.981746	0.175212	-0.169179	0.509059	0.176619	-0.13031	0.0754737	0.414295	-0.101914	1.52468	0.181131	-0.161245	0.901934	0.102321	-0.236617	0.915909	0.139843	-0.076878	0.074667	0.437736	-0.0174017	0.510793	0.115675	-0.247323	0.802396	0.135119	-0.106562	1.16508	0.231125	-0.124067	1.50329	0.11423	-0.0205517	1.52603	0.236138	-0.0780761	0.227374	0.436159	-0.122652	0.449015	0.11151	0.135116	0.0699023	0.227089	0.215011	1.03057	0.0773125	0.354291	1.16385	0.211999	0.304116	0.805454	0.0662244	0.323535	1.14138	0.257655	0.0836792	0.0210332	0.279106	0.178839	0.518746	0.143025	0.162812	0.0180894	0.0968995	0.131907	1.0688	0.289394	0.184199	1.36461	0.299189	0.262574	0.955111	0.170744	0.175978	0.461059	0.154967	0.110638	0.036531	0.0494901	0.266933	1.507	0.180186	0.303152	0.894045	0.102975	0.371111	0.889981	0.150313	0.0460971	0.0173261	0.0600024	0.0360714	0.518174	0.134635	0.365007	0.792435	0.161849	0.265383	1.15124	0.248969	0.290697	1.49294	0.126251	0.191234	1.51504	0.230362	0.0378474	0.08415	0.199345	0.113698	0.449495	0.090974	0.0862227	1.4754	0.0581897	0.0826564	1.33213	0.293431
86	0.848132	0.0918413	1.58396	0.174919	0.0698756	1.26485	0.0169108	-0.17074	0.24674	0.445646	-0.064132	1.034	0.0836104	-0.200542	1.17625	0.186545	-0.172815	0.80346	0.0602063	-0.16698	1.15209	0.233045	-0.122356	0.257647	0.515497	-0.159151	0.546033	0.124542	-0.180476	0.0965046	0.429311	0.0362737	1.0704	0.28985	-0.0220461	1.36913	0.298519	-0.115426	0.981903	0.171701	-0.168492	0.509998	0.167527	-0.1286	0.0770974	0.402843	-0.100557	1.52496	0.178655	-0.160708	0.902152	0.101349	-0.236056	0.9163	0.138855	-0.0750216	0.0758285	0.426107	-0.0169767	0.511928	0.106667	-0.246867	0.802788	0.134401	-0.105772	1.16557	0.229647	-0.122821	1.50356	0.111798	-0.0191773	1.52619	0.233634	-0.0755505	0.228388	0.426781	-0.122238	0.449982	0.102172	0.134994	0.0699067	0.226976	0.216261	1.03057	0.0751046	0.355733	1.16328	0.20793	0.305136	0.805621	0.0606367	0.325174	1.14057	0.253627	0.0836272	0.0211688	0.279094	0.179338	0.518598	0.142568	0.162838	0.0180916	0.096895	0.13241	1.06874	0.287047	0.185446	1.36457	0.296711	0.263327	0.954982	0.168995	0.176368	0.460945	0.15457	0.110746	0.0365005	0.0494704	0.26832	1.50679	0.17753	0.304266	0.894033	0.0978075	0.372371	0.889782	0.144903	0.0460899	0.0172976	0.0599932	0.0365977	0.518127	0.133845	0.366279	0.792159	0.156033	0.267038	1.15051	0.245198	0.291945	1.49268	0.123502	0.19264	1.51491	0.227789	0.0377945	0.0841885	0.1993	0.114186	0.44932	0.0905353	0.0874572	1.47532	0.0557292	0.0837021	1.33216	0.290994
87	0.85811	0.0931477	1.58398	0.172451	0.070826	1.26482	0.0145995	-0.168174	0.24738	0.436755	-0.0628979	1.03408	0.0808289	-0.199786	1.17672	0.184955	-0.172377	0.80362	0.0594962	-0.166264	1.1526	0.231508	-0.119593	0.257121	0.506716	-0.1587	0.546852	0.115993	-0.17858	0.0977091	0.417789	0.0367209	1.07017	0.287297	-0.0209588	1.36925	0.296121	-0.114823	0.982089	0.168197	-0.167767	0.510938	0.15864	-0.126967	0.0785249	0.390761	-0.0992896	1.52522	0.176216	-0.160178	0.902362	0.100427	-0.235521	0.916672	0.137894	-0.0732252	0.0766862	0.413762	-0.0165271	0.51314	0.09783	-0.246413	0.803156	0.133721	-0.105059	1.16604	0.228258	-0.121652	1.50381	0.109398	-0.017906	1.52634	0.231178	-0.0730896	0.229063	0.417159	-0.121817	0.451017	0.092951	0.134865	0.0699158	0.226855	0.217493	1.03063	0.0728743	0.357054	1.16271	0.20395	0.306146	0.805803	0.0550566	0.326652	1.13975	0.249657	0.0835655	0.0213219	0.279074	0.179845	0.518463	0.142106	0.162877	0.018085	0.0968894	0.13291	1.06865	0.284708	0.186556	1.36453	0.29435	0.264075	0.954853	0.167286	0.176757	0.460843	0.154162	0.110865	0.036471	0.0494566	0.269598	1.50658	0.175049	0.305334	0.894033	0.0926644	0.373567	0.889598	0.139545	0.0460824	0.017293	0.0599704	0.0371463	0.518084	0.132954	0.367515	0.791905	0.150241	0.268542	1.14975	0.241461	0.293118	1.49245	0.120938	0.193918	1.51478	0.225355	0.03776	0.0842476	0.199224	0.11471	0.44915	0.0900651	0.0886357	1.47526	0.0533415	0.084659	1.33216	0.288619
88	0.868088	0.0943608	1.58399	0.170064	0.0717664	1.26482	0.0123281	-0.1657	0.247609	0.42766	-0.0616728	1.03416	0.0781052	-0.1991	1.17717	0.183402	-0.171919	0.80377	0.0588224	-0.165625	1.1531	0.230011	-0.116938	0.256053	0.497751	-0.158223	0.547719	0.107617	-0.17672	0.0985674	0.405822	0.0371792	1.06996	0.284761	-0.0199759	1.36935	0.293753	-0.114193	0.982295	0.164721	-0.167004	0.511854	0.149958	-0.125424	0.0797418	0.378121	-0.0981075	1.52546	0.173807	-0.159655	0.902564	0.0995465	-0.235007	0.917024	0.136952	-0.0715072	0.0772489	0.400774	-0.0160456	0.514413	0.0891618	-0.24596	0.803498	0.133073	-0.104419	1.1665	0.226939	-0.120551	1.50404	0.107025	-0.0167341	1.52647	0.228767	-0.0707228	0.229399	0.407303	-0.121378	0.452109	0.0838435	0.134735	0.0699308	0.226731	0.218703	1.03073	0.070622	0.358252	1.16214	0.20007	0.307149	0.80601	0.0494833	0.32796	1.13892	0.245752	0.0834887	0.0214854	0.279039	0.180357	0.518341	0.141631	0.162928	0.0180686	0.0968825	0.133414	1.06853	0.282375	0.187543	1.36448	0.292097	0.264818	0.954729	0.165598	0.177145	0.460752	0.153741	0.110993	0.0364423	0.04945	0.27077	1.50638	0.172737	0.306358	0.894055	0.0875454	0.374691	0.889435	0.134249	0.0460758	0.0173163	0.0599339	0.0377159	0.518042	0.131959	0.368702	0.791678	0.144485	0.269884	1.14898	0.237756	0.294218	1.49225	0.118555	0.195074	1.51465	0.223054	0.0377463	0.0843283	0.199118	0.115267	0.448985	0.0895592	0.0897622	1.4752	0.0510221	0.0855358	1.33215	0.286299
89	0.878066	0.0954851	1.584	0.167754	0.0727031	1.26483	0.0100953	-0.163354	0.247427	0.418361	-0.0604727	1.03424	0.0754343	-0.198478	1.17759	0.181877	-0.171445	0.803909	0.0581758	-0.165057	1.15358	0.228546	-0.114434	0.25447	0.488588	-0.157716	0.548617	0.0994091	-0.174914	0.0990833	0.393462	0.0376531	1.06977	0.282243	-0.0190892	1.36943	0.291414	-0.113541	0.982511	0.161298	-0.166203	0.512723	0.141475	-0.123978	0.0807437	0.36499	-0.0970077	1.52567	0.171427	-0.159136	0.902759	0.0986978	-0.234515	0.917353	0.136027	-0.0698796	0.0775407	0.387219	-0.0155255	0.515732	0.0806605	-0.245508	0.803813	0.132455	-0.103845	1.16694	0.225671	-0.119514	1.50424	0.104675	-0.0156571	1.52658	0.226399	-0.0684798	0.229403	0.397227	-0.120912	0.453244	0.0748438	0.134609	0.0699534	0.226608	0.219883	1.03086	0.0683544	0.359329	1.16159	0.1963	0.308146	0.80625	0.0439166	0.329095	1.13808	0.241917	0.0833901	0.0216505	0.278986	0.180871	0.518234	0.141137	0.16299	0.0180421	0.0968744	0.133926	1.06838	0.280046	0.188423	1.36442	0.289941	0.265552	0.954614	0.163906	0.177535	0.460673	0.153306	0.11113	0.0364144	0.0494517	0.271844	1.50619	0.170581	0.30734	0.894109	0.0824502	0.37574	0.889295	0.129027	0.0460716	0.0173696	0.0598851	0.0383026	0.518002	0.13087	0.369825	0.791484	0.138775	0.271052	1.14821	0.234084	0.295253	1.49209	0.116341	0.196117	1.51451	0.220876	0.0377534	0.0844296	0.198984	0.115853	0.448825	0.089017	0.0908407	1.47516	0.0487671	0.086341	1.33212	0.284031
90	0.888044	0.0965259	1.58401	0.16552	0.0736393	1.26486	0.00790058	-0.161166	0.246837	0.408858	-0.0593121	1.03434	0.0728074	-0.197911	1.178	0.18037	-0.17096	0.804037	0.057549	-0.164553	1.15404	0.227109	-0.112124	0.2524	0.479221	-0.157176	0.549529	0.0913626	-0.173175	0.0992668	0.380754	0.038145	1.06959	0.279745	-0.0182893	1.3695	0.289108	-0.112869	0.982724	0.15795	-0.165364	0.51353	0.133176	-0.122636	0.0815358	0.351434	-0.0959865	1.52586	0.169074	-0.158624	0.902946	0.0978708	-0.234041	0.91766	0.135114	-0.068348	0.0775976	0.37317	-0.0149609	0.517079	0.072325	-0.24506	0.804102	0.131861	-0.103327	1.16735	0.224429	-0.118535	1.50442	0.102345	-0.0146701	1.52668	0.224073	-0.0663887	0.229086	0.386947	-0.120405	0.454413	0.0659473	0.134494	0.0699845	0.22649	0.221027	1.03101	0.0660836	0.360288	1.16105	0.192649	0.309138	0.806529	0.0383579	0.330057	1.13726	0.238161	0.0832627	0.0218073	0.278909	0.181382	0.51814	0.140619	0.16306	0.0180065	0.0968649	0.134449	1.06821	0.277723	0.18921	1.36435	0.28787	0.266275	0.954512	0.16219	0.177927	0.460605	0.152858	0.111272	0.0363872	0.0494617	0.272826	1.50602	0.168569	0.308281	0.894204	0.0773785	0.376707	0.88918	0.123887	0.0460717	0.017452	0.0598266	0.0389001	0.517962	0.129702	0.37087	0.791324	0.133119	0.272046	1.14745	0.230447	0.296225	1.49196	0.114283	0.197055	1.51437	0.218812	0.0377787	0.0845483	0.198827	0.116463	0.448669	0.0884406	0.0918741	1.47512	0.046573	0.0870828	1.33207	0.281813
91	0.898022	0.0974885	1.58401	0.163359	0.074575	1.26489	0.0057437	-0.159168	0.245844	0.399149	-0.0582037	1.03446	0.0702126	-0.19739	1.17839	0.178874	-0.17047	0.80415	0.0569374	-0.164105	1.15449	0.225692	-0.11005	0.249868	0.469646	-0.156598	0.55044	0.0834729	-0.171516	0.0991334	0.36773	0.0386558	1.06943	0.277268	-0.0175661	1.36956	0.286834	-0.112181	0.982922	0.154696	-0.164492	0.514261	0.125043	-0.121394	0.0821314	0.337509	-0.0950399	1.52603	0.166748	-0.15812	0.903124	0.097057	-0.233585	0.917941	0.13421	-0.0669128	0.0774629	0.358698	-0.0143478	0.518439	0.0641561	-0.244616	0.804361	0.131289	-0.102858	1.16774	0.223193	-0.117607	1.50457	0.100035	-0.0137674	1.52677	0.221791	-0.0644745	0.228458	0.376486	-0.119849	0.455602	0.0571521	0.134392	0.0700249	0.226381	0.222127	1.03115	0.0638256	0.361132	1.16054	0.189122	0.310121	0.806855	0.0328101	0.330853	1.13644	0.234491	0.0830997	0.0219462	0.278806	0.181883	0.518057	0.140074	0.163136	0.0179636	0.0968536	0.134985	1.06802	0.275409	0.189919	1.36426	0.285872	0.266984	0.954425	0.160435	0.178319	0.460548	0.152398	0.111414	0.0363609	0.0494793	0.273725	1.50586	0.166683	0.309182	0.894346	0.0723311	0.377591	0.889091	0.118837	0.0460781	0.0175602	0.0597614	0.0395001	0.517919	0.128477	0.371824	0.791201	0.127526	0.272869	1.1467	0.22685	0.297139	1.49187	0.112364	0.197901	1.51422	0.216849	0.0378177	0.0846799	0.198653	0.117086	0.448517	0.0878348	0.0928648	1.47509	0.0444368	0.0877688	1.33201	0.279639
92	0.908	0.0983788	1.58401	0.161268	0.0755068	1.26493	0.00362453	-0.157383	0.244455	0.389232	-0.0571577	1.0346	0.0676345	-0.196905	1.17875	0.177382	-0.16998	0.804244	0.0563401	-0.163705	1.15492	0.224291	-0.108247	0.246896	0.459862	-0.155981	0.551339	0.0757366	-0.169948	0.0987031	0.354409	0.0391847	1.06927	0.274813	-0.0169087	1.36961	0.284596	-0.111483	0.983095	0.15155	-0.163588	0.514908	0.11706	-0.12025	0.0825492	0.323266	-0.0941634	1.52616	0.164452	-0.157624	0.903291	0.0962496	-0.233145	0.918196	0.133315	-0.0655713	0.0771817	0.343866	-0.0136839	0.519797	0.0561566	-0.244179	0.804591	0.130738	-0.10243	1.16811	0.221941	-0.116728	1.50468	0.0977468	-0.012943	1.52683	0.219554	-0.0627576	0.227532	0.365868	-0.119233	0.456802	0.0484599	0.134304	0.070074	0.226283	0.223175	1.03128	0.0615984	0.361868	1.16004	0.185722	0.311089	0.807232	0.0272778	0.331492	1.13563	0.23091	0.0828959	0.0220592	0.278675	0.182369	0.517981	0.139504	0.163212	0.0179159	0.0968402	0.135534	1.06782	0.273107	0.190563	1.36416	0.283937	0.267676	0.954351	0.15863	0.178708	0.460499	0.151927	0.111554	0.0363359	0.0495029	0.274549	1.50571	0.164907	0.310041	0.894539	0.0673094	0.378388	0.889028	0.113879	0.0460927	0.0176885	0.0596928	0.040093	0.517874	0.127221	0.372676	0.791112	0.122002	0.273531	1.14596	0.2233	0.297999	1.4918	0.110566	0.198665	1.51407	0.214974	0.0378641	0.0848181	0.198468	0.11771	0.448367	0.087206	0.0938139	1.47506	0.0423564	0.088406	1.33193	0.27751
93	0.917978	0.0992021	1.58399	0.159245	0.0764287	1.26497	0.00154287	-0.15583	0.242678	0.379103	-0.0561814	1.03476	0.0650553	-0.196446	1.17908	0.17589	-0.169495	0.804312	0.0557598	-0.163343	1.15534	0.222901	-0.10674	0.243501	0.449874	-0.155325	0.552214	0.0681523	-0.168481	0.0979997	0.340801	0.0397294	1.0691	0.272382	-0.0163064	1.36963	0.282395	-0.110781	0.983235	0.148517	-0.162658	0.515466	0.109208	-0.119199	0.0828106	0.308745	-0.0933527	1.52627	0.162189	-0.15714	0.903443	0.0954446	-0.232719	0.918422	0.132426	-0.0643202	0.076795	0.328732	-0.0129692	0.521137	0.0483314	-0.243753	0.80479	0.130204	-0.102032	1.16845	0.220661	-0.115896	1.50477	0.0954842	-0.012191	1.52688	0.217364	-0.061252	0.226315	0.355118	-0.118549	0.458	0.0398762	0.134227	0.0701308	0.226197	0.224166	1.03138	0.0594191	0.3625	1.15955	0.18245	0.312033	0.807663	0.0217668	0.331988	1.13484	0.227423	0.082649	0.0221405	0.278517	0.182833	0.517909	0.138906	0.163286	0.0178661	0.0968245	0.136094	1.06762	0.270824	0.191155	1.36404	0.282055	0.268348	0.954287	0.156774	0.179092	0.460456	0.151447	0.111688	0.0363128	0.0495305	0.275305	1.50557	0.163223	0.310858	0.894784	0.062316	0.379097	0.888986	0.109017	0.046117	0.0178293	0.0596239	0.0406687	0.517825	0.125957	0.373417	0.791054	0.116548	0.27405	1.14524	0.219806	0.298809	1.49175	0.10887	0.199356	1.51391	0.213176	0.0379105	0.084956	0.198279	0.118324	0.448218	0.0865617	0.0947215	1.47504	0.0403299	0.0890007	1.33184	0.275421
94	0.927956	0.0999638	1.58396	0.157287	0.0773326	1.265	-0.000501694	-0.154521	0.24052	0.36876	-0.055279	1.03495	0.062456	-0.196003	1.17938	0.174394	-0.169019	0.804347	0.0552017	-0.163011	1.15573	0.221519	-0.105547	0.239694	0.439685	-0.154629	0.553058	0.060721	-0.167127	0.0970496	0.326908	0.0402861	1.06891	0.269975	-0.0157485	1.36964	0.280232	-0.110079	0.983336	0.145592	-0.161708	0.515932	0.101473	-0.118237	0.0829371	0.29398	-0.0926035	1.52635	0.159963	-0.156669	0.903575	0.094641	-0.232307	0.918617	0.131544	-0.0631589	0.0763355	0.313345	-0.012206	0.522448	0.0406873	-0.243337	0.804956	0.129688	-0.101658	1.16876	0.219341	-0.115109	1.50484	0.0932525	-0.0115054	1.52691	0.215224	-0.0599651	0.224811	0.344262	-0.117792	0.459188	0.0314105	0.13416	0.0701929	0.226125	0.225093	1.03143	0.0573013	0.363038	1.15907	0.179302	0.312943	0.80815	0.0162844	0.332359	1.13406	0.224031	0.0823601	0.0221884	0.278335	0.18327	0.517837	0.138284	0.163351	0.0178173	0.0968061	0.136663	1.06742	0.268565	0.191703	1.3639	0.280218	0.268998	0.954227	0.15487	0.179466	0.460416	0.150958	0.111812	0.0362924	0.0495596	0.276001	1.50543	0.161614	0.311629	0.895081	0.0573549	0.379717	0.888963	0.104249	0.0461519	0.0179742	0.0595572	0.0412181	0.517771	0.124709	0.374041	0.791024	0.111167	0.274448	1.14453	0.216379	0.299571	1.49172	0.107258	0.199985	1.51375	0.211442	0.0379495	0.0850866	0.198093	0.118914	0.448068	0.0859096	0.0955868	1.47501	0.0383559	0.0895584	1.33172	0.273371
95	0.937934	0.100669	1.58391	0.155391	0.0782097	1.26503	-0.00250997	-0.153458	0.237993	0.358197	-0.0544516	1.03514	0.0598182	-0.195569	1.17966	0.172897	-0.168554	0.804339	0.0546733	-0.162698	1.15611	0.220142	-0.104671	0.235484	0.429298	-0.153896	0.553862	0.0534455	-0.165899	0.095881	0.312731	0.0408496	1.0687	0.267592	-0.0152254	1.36961	0.278109	-0.109384	0.983395	0.142764	-0.160744	0.516304	0.0938462	-0.117362	0.0829468	0.279001	-0.0919118	1.5264	0.157781	-0.156213	0.903682	0.0938407	-0.231906	0.918779	0.130669	-0.0620912	0.0758237	0.297753	-0.0113986	0.523717	0.0332324	-0.242934	0.805087	0.12919	-0.101301	1.16905	0.21798	-0.114367	1.50487	0.0910578	-0.0108807	1.52691	0.213137	-0.0588976	0.22302	0.333323	-0.116961	0.460355	0.0230757	0.134098	0.0702577	0.226067	0.225955	1.03145	0.0552525	0.36349	1.1586	0.176272	0.313807	0.808691	0.0108385	0.332623	1.13329	0.220732	0.0820346	0.0222047	0.278135	0.183678	0.517762	0.137638	0.163406	0.0177716	0.096785	0.137237	1.06725	0.266338	0.192217	1.36373	0.278421	0.269624	0.954166	0.152926	0.179825	0.460376	0.150461	0.111924	0.0362754	0.0495879	0.276643	1.5053	0.160064	0.312349	0.895424	0.052431	0.380249	0.888954	0.099573	0.0461969	0.018115	0.0594948	0.0417333	0.517712	0.123494	0.374545	0.791015	0.105857	0.27475	1.14385	0.213028	0.300288	1.49169	0.105713	0.200558	1.51358	0.209762	0.0379742	0.0852035	0.197917	0.119471	0.447916	0.0852563	0.0964084	1.47499	0.0364332	0.0900833	1.33157	0.271359
96	0.947912	0.101321	1.58385	0.153554	0.0790509	1.26504	-0.00448315	-0.152638	0.235105	0.347414	-0.0536974	1.03536	0.0571262	-0.195137	1.1799	0.1714	-0.168103	0.80428	0.0541819	-0.162395	1.15645	0.21877	-0.104106	0.230878	0.418715	-0.153129	0.554622	0.0463308	-0.164812	0.0945224	0.298271	0.0414134	1.06846	0.265232	-0.014729	1.36955	0.276028	-0.108701	0.983413	0.140018	-0.159776	0.516581	0.0863214	-0.11658	0.0828534	0.263837	-0.0912738	1.52641	0.155647	-0.155774	0.903757	0.0930481	-0.231516	0.918906	0.129804	-0.0611273	0.0752663	0.281996	-0.0105535	0.524936	0.0259753	-0.242544	0.80518	0.128709	-0.100953	1.16932	0.216581	-0.113672	1.50489	0.0889068	-0.0103118	1.52688	0.211105	-0.0580439	0.220938	0.322319	-0.116055	0.461492	0.0148871	0.134036	0.070322	0.22602	0.22675	1.03141	0.0532727	0.363865	1.15813	0.173352	0.314613	0.809282	0.00543715	0.3328	1.13253	0.217524	0.0816818	0.0221955	0.277924	0.184053	0.517682	0.136971	0.163447	0.0177309	0.0967614	0.137811	1.06709	0.264146	0.192699	1.36353	0.276662	0.270225	0.954098	0.150955	0.180166	0.460332	0.149956	0.112023	0.0362623	0.0496136	0.277236	1.50516	0.158562	0.313014	0.895807	0.0475504	0.380693	0.888952	0.0949833	0.0462507	0.0182446	0.0594378	0.0422091	0.517649	0.122325	0.374931	0.791021	0.100615	0.274981	1.14318	0.209763	0.300961	1.49165	0.104221	0.201082	1.5134	0.208126	0.0379796	0.0853017	0.197756	0.119989	0.447759	0.084607	0.0971843	1.47495	0.0345609	0.0905787	1.3314	0.269383
97	0.95789	0.101924	1.58376	0.151773	0.0798485	1.26505	-0.00642286	-0.152051	0.231869	0.336408	-0.0530119	1.03558	0.05437	-0.194702	1.18011	0.169908	-0.167666	0.804164	0.0537331	-0.162094	1.15676	0.217404	-0.103833	0.225884	0.407934	-0.152332	0.555331	0.039383	-0.163883	0.0930016	0.283537	0.0419693	1.06819	0.262894	-0.0142528	1.36944	0.273989	-0.108034	0.983392	0.137331	-0.158813	0.516766	0.078898	-0.115903	0.0826642	0.248515	-0.0906864	1.52639	0.153567	-0.155352	0.903793	0.0922693	-0.231135	0.918996	0.12895	-0.060284	0.0746573	0.266113	-0.00967851	0.526095	0.0189248	-0.242165	0.805234	0.128246	-0.100609	1.16956	0.215151	-0.113024	1.50488	0.0868059	-0.00979418	1.52682	0.209131	-0.0573938	0.218558	0.311263	-0.115079	0.462592	0.00686092	0.133971	0.070383	0.225985	0.227481	1.03134	0.0513544	0.364171	1.15764	0.170528	0.315348	0.809915	8.85054e-05	0.332908	1.13178	0.214399	0.0813143	0.0221699	0.277713	0.184396	0.517594	0.136283	0.163474	0.0176958	0.0967358	0.138379	1.06696	0.261993	0.193155	1.36331	0.274936	0.2708	0.954019	0.148969	0.180486	0.460284	0.149442	0.112108	0.0362533	0.0496355	0.277786	1.50502	0.157097	0.313617	0.896222	0.0427198	0.381051	0.888953	0.090474	0.0463111	0.0183577	0.059387	0.0426426	0.51758	0.121208	0.375201	0.791036	0.095437	0.275167	1.14253	0.206591	0.301592	1.49161	0.102769	0.201562	1.51321	0.206528	0.0379629	0.0853779	0.197613	0.120462	0.447597	0.0839644	0.0979126	1.47491	0.0327381	0.0910465	1.33121	0.267443
98	0.967868	0.10248	1.58365	0.150046	0.0805965	1.26505	-0.00833101	-0.151682	0.228301	0.325183	-0.052388	1.0358	0.051547	-0.19426	1.18029	0.168427	-0.167243	0.803986	0.0533295	-0.161788	1.15703	0.216044	-0.103826	0.220512	0.396953	-0.15151	0.555987	0.0326092	-0.163131	0.0913447	0.268546	0.042508	1.06788	0.260576	-0.0137923	1.36929	0.271995	-0.107389	0.983336	0.134683	-0.157864	0.516857	0.0715797	-0.115348	0.0823811	0.233061	-0.0901468	1.52634	0.151545	-0.154948	0.903783	0.0915104	-0.230763	0.919046	0.128108	-0.0595835	0.0739796	0.250136	-0.00878292	0.527186	0.0120888	-0.241797	0.805247	0.127799	-0.100264	1.16976	0.213701	-0.112426	1.50484	0.0847606	-0.00932381	1.52673	0.207214	-0.0569341	0.215876	0.300158	-0.114041	0.463649	-0.000987059	0.133902	0.0704387	0.22596	0.228152	1.03123	0.0494834	0.364417	1.15715	0.167787	0.316002	0.810584	-0.00519976	0.332965	1.13104	0.211349	0.0809467	0.0221391	0.277511	0.184709	0.517499	0.135577	0.163487	0.0176661	0.0967091	0.138932	1.06686	0.259879	0.193586	1.36308	0.273245	0.271351	0.953924	0.14698	0.180782	0.460229	0.148915	0.112182	0.0362485	0.0496528	0.278294	1.50487	0.155661	0.314153	0.896658	0.0379466	0.381326	0.888951	0.0860378	0.0463754	0.0184514	0.0593424	0.0430344	0.517506	0.120143	0.375364	0.791053	0.0903194	0.275327	1.14189	0.203515	0.30218	1.49154	0.101351	0.202001	1.51301	0.204962	0.0379237	0.0854311	0.197493	0.120892	0.447428	0.0833288	0.0985913	1.47486	0.0309641	0.0914874	1.33098	0.265537
99	0.977846	0.102992	1.58352	0.148368	0.0812911	1.26503	-0.0102097	-0.151515	0.224417	0.313745	-0.0518169	1.03602	0.0486645	-0.193812	1.18043	0.166965	-0.166835	0.803744	0.0529694	-0.16147	1.15726	0.214695	-0.104054	0.21478	0.385766	-0.150671	0.556585	0.0260161	-0.162576	0.0895757	0.253324	0.0430189	1.06754	0.258277	-0.0133453	1.3691	0.270044	-0.106768	0.983249	0.132052	-0.156941	0.516857	0.0643737	-0.114937	0.0820011	0.217502	-0.0896527	1.52625	0.149583	-0.154561	0.903723	0.0907762	-0.230399	0.919054	0.127283	-0.0590516	0.0732095	0.234097	-0.00787651	0.528203	0.00547407	-0.241437	0.805218	0.127367	-0.0999137	1.16994	0.212242	-0.111878	1.50479	0.0827753	-0.00889733	1.52661	0.205356	-0.0566501	0.212888	0.289	-0.112954	0.464656	-0.00864297	0.133826	0.070488	0.225943	0.22877	1.0311	0.0476418	0.364611	1.15664	0.165114	0.316565	0.811278	-0.0104205	0.332986	1.1303	0.208365	0.0805939	0.0221147	0.277327	0.184997	0.517397	0.134852	0.16349	0.0176408	0.0966825	0.139461	1.06677	0.257803	0.193992	1.36282	0.271587	0.271876	0.953814	0.145	0.181056	0.460168	0.148374	0.112245	0.0362474	0.0496656	0.278764	1.50472	0.15425	0.314613	0.897106	0.0332378	0.381521	0.888942	0.0816671	0.0464411	0.0185255	0.0593038	0.0433876	0.517427	0.119125	0.375426	0.791068	0.0852582	0.275478	1.14126	0.200535	0.302728	1.49146	0.0999596	0.202402	1.51279	0.203424	0.0378642	0.0854623	0.197396	0.121282	0.447254	0.0826982	0.0992191	1.47481	0.0292379	0.0919007	1.33073	0.263665
100	0.987824	0.103461	1.58337	0.146738	0.0819313	1.26501	-0.0120609	-0.15153	0.220239	0.302103	-0.0512881	1.03622	0.045739	-0.193357	1.18053	0.165529	-0.166442	0.803441	0.0526467	-0.161137	1.15744	0.21336	-0.104481	0.208712	0.374371	-0.149822	0.557124	0.01961	-0.162236	0.0877158	0.237904	0.0434905	1.06718	0.255994	-0.0129115	1.36885	0.268138	-0.106173	0.983136	0.129419	-0.156054	0.516767	0.0572901	-0.114695	0.0815185	0.201865	-0.0892025	1.52613	0.147685	-0.154188	0.90361	0.0900686	-0.230041	0.91902	0.126475	-0.0587149	0.0723207	0.218021	-0.00696913	0.529138	-0.000914004	-0.241081	0.805147	0.126945	-0.0995545	1.17008	0.210785	-0.111381	1.5047	0.0808532	-0.00851181	1.52645	0.203556	-0.056528	0.209599	0.277776	-0.111831	0.465612	-0.0160963	0.133746	0.0705311	0.225932	0.229343	1.03095	0.0458108	0.364759	1.15611	0.162495	0.317029	0.811987	-0.0155672	0.332981	1.12956	0.205436	0.0802691	0.0221072	0.277168	0.185265	0.517291	0.134109	0.163485	0.0176182	0.0966574	0.139955	1.0667	0.255759	0.194371	1.36255	0.269963	0.272378	0.95369	0.143038	0.181308	0.460101	0.147814	0.1123	0.0362493	0.0496745	0.279196	1.50455	0.152862	0.314994	0.897556	0.0286002	0.381639	0.888925	0.0773543	0.0465057	0.0185816	0.0592707	0.0437077	0.517343	0.118144	0.375398	0.791077	0.0802507	0.275629	1.14063	0.197645	0.303234	1.49135	0.0985926	0.202767	1.51257	0.201914	0.0377888	0.0854748	0.197322	0.121638	0.447073	0.0820679	0.0997952	1.47474	0.0275583	0.0922844	1.33046	0.261825
101	0.997802	0.103888	1.58321	0.145154	0.0825184	1.26499	-0.0138868	-0.151709	0.215794	0.290271	-0.0507906	1.03639	0.042796	-0.192899	1.18058	0.164126	-0.166063	0.80308	0.0523509	-0.160787	1.15756	0.212041	-0.105076	0.202338	0.362762	-0.148971	0.557603	0.0133959	-0.162126	0.0857839	0.222328	0.043911	1.06681	0.253728	-0.0124923	1.36857	0.266277	-0.105605	0.983002	0.126772	-0.155211	0.516592	0.0503416	-0.114646	0.0809272	0.186176	-0.0887945	1.52597	0.14585	-0.153828	0.903443	0.0893857	-0.229689	0.918943	0.125688	-0.0585974	0.0712896	0.201931	-0.00606999	0.529986	-0.00707176	-0.240727	0.805034	0.12653	-0.0991837	1.17018	0.209341	-0.110937	1.5046	0.0789959	-0.00816474	1.52626	0.201812	-0.0565555	0.20602	0.266468	-0.11069	0.466515	-0.023341	0.133664	0.0705697	0.225923	0.229882	1.03081	0.0439736	0.364868	1.15556	0.159916	0.317388	0.812702	-0.0206341	0.332959	1.12882	0.202553	0.0799826	0.0221254	0.277037	0.185518	0.517182	0.133346	0.163477	0.0175962	0.0966351	0.140404	1.06663	0.25374	0.194722	1.36226	0.268374	0.272856	0.953557	0.141099	0.181542	0.46003	0.147233	0.11235	0.0362536	0.04968	0.279591	1.50437	0.151499	0.315289	0.898001	0.0240395	0.381686	0.888899	0.0730922	0.0465678	0.0186234	0.0592423	0.0440017	0.517255	0.117187	0.37529	0.79108	0.0752952	0.275781	1.14	0.194835	0.303698	1.49121	0.0972498	0.203097	1.51233	0.20043	0.0377031	0.0854733	0.197272	0.12197	0.446887	0.0814318	0.10032	1.47467	0.025924	0.0926355	1.33016	0.260016
102	1.00778	0.104273	1.58304	0.143612	0.0830555	1.26496	-0.0156893	-0.152036	0.211113	0.278266	-0.0503131	1.03653	0.0398665	-0.192442	1.18059	0.16276	-0.165699	0.802671	0.0520685	-0.160417	1.15764	0.210742	-0.105807	0.195699	0.35094	-0.148128	0.55802	0.00737696	-0.162256	0.0837967	0.206639	0.0442689	1.06643	0.251477	-0.0120905	1.36824	0.26446	-0.105064	0.98285	0.124098	-0.154419	0.516336	0.0435422	-0.114811	0.0802231	0.170459	-0.0884277	1.52579	0.144078	-0.153478	0.903226	0.088721	-0.229341	0.918823	0.124922	-0.0587179	0.0700992	0.185845	-0.00518715	0.530741	-0.0129971	-0.240373	0.804883	0.126115	-0.0987998	1.17023	0.207917	-0.110544	1.50447	0.0772038	-0.00785395	1.52603	0.200121	-0.0567233	0.20217	0.25505	-0.10955	0.467365	-0.0303758	0.133582	0.0706067	0.225915	0.230395	1.03069	0.0421184	0.364941	1.155	0.157363	0.317639	0.813414	-0.0256162	0.332922	1.12808	0.199707	0.0797405	0.0221749	0.276937	0.185761	0.517073	0.132562	0.163472	0.017573	0.0966166	0.140797	1.06654	0.251738	0.195041	1.36197	0.266819	0.27331	0.95342	0.139187	0.181762	0.459957	0.146628	0.112398	0.0362595	0.0496828	0.279948	1.50418	0.150161	0.315495	0.898435	0.0195601	0.381666	0.888867	0.0688749	0.0466265	0.0186553	0.0592179	0.0442769	0.517163	0.116238	0.375111	0.791078	0.0703917	0.275932	1.13938	0.192093	0.304121	1.49105	0.0959325	0.203392	1.51208	0.198976	0.0376129	0.0854639	0.197243	0.122287	0.446697	0.0807829	0.100793	1.47459	0.0243332	0.0929504	1.32984	0.258237
103	1.01776	0.104616	1.58285	0.142111	0.0835472	1.26494	-0.0174701	-0.152496	0.206232	0.26611	-0.0498447	1.03662	0.036983	-0.191991	1.18056	0.161438	-0.165348	0.802222	0.0517843	-0.160028	1.15766	0.209467	-0.10665	0.188838	0.338905	-0.1473	0.558377	0.00155428	-0.16263	0.0817694	0.190881	0.0445543	1.06608	0.24924	-0.0117101	1.36787	0.262688	-0.10455	0.982684	0.121394	-0.153684	0.516004	0.0369069	-0.115202	0.0794055	0.154734	-0.088101	1.52558	0.142368	-0.153135	0.902964	0.0880641	-0.228998	0.918661	0.124178	-0.0590872	0.0687416	0.169778	-0.00432692	0.531397	-0.0186894	-0.240015	0.804696	0.125695	-0.0984024	1.17025	0.206518	-0.110202	1.50431	0.075476	-0.00757756	1.52579	0.198482	-0.0570251	0.198079	0.243498	-0.108432	0.468167	-0.0372039	0.133504	0.0706457	0.225904	0.230891	1.03058	0.040239	0.364984	1.15443	0.154827	0.31778	0.814117	-0.0305092	0.332873	1.12734	0.196893	0.079544	0.0222587	0.276863	0.186	0.516966	0.131755	0.163472	0.0175469	0.0966026	0.141123	1.06643	0.249744	0.195325	1.36166	0.265296	0.273741	0.953283	0.137303	0.181971	0.459885	0.145994	0.112446	0.0362661	0.0496835	0.280268	1.50397	0.148853	0.315612	0.898856	0.0151649	0.381584	0.888833	0.0646975	0.0466815	0.0186821	0.0591964	0.0445403	0.517069	0.115284	0.374871	0.791072	0.0655417	0.276071	1.13875	0.189403	0.3045	1.49087	0.0946435	0.203652	1.51182	0.197554	0.0375241	0.0854532	0.197232	0.122596	0.446503	0.0801138	0.101217	1.4745	0.0227838	0.0932247	1.32951	0.256487
104	1.02774	0.104917	1.58266	0.14065	0.0839984	1.26491	-0.0192309	-0.153077	0.201191	0.253824	-0.049376	1.03665	0.034175	-0.19155	1.18049	0.160161	-0.165012	0.801746	0.0514829	-0.159624	1.15763	0.208218	-0.107589	0.181807	0.326662	-0.146496	0.558675	-0.00407291	-0.163245	0.0797162	0.175091	0.0447593	1.06575	0.247019	-0.0113557	1.36748	0.260958	-0.10406	0.982504	0.118659	-0.153007	0.515602	0.0304507	-0.115826	0.0784786	0.139019	-0.0878134	1.52534	0.140717	-0.152797	0.902665	0.0874021	-0.228657	0.918459	0.123456	-0.0597067	0.0672205	0.153742	-0.00349361	0.531951	-0.0241497	-0.239652	0.804477	0.125262	-0.0979923	1.17022	0.205149	-0.109909	1.50414	0.0738109	-0.00733392	1.52551	0.196891	-0.0574568	0.193781	0.231786	-0.107354	0.468926	-0.0438328	0.133432	0.070691	0.225886	0.231378	1.0305	0.0383352	0.364998	1.15386	0.152304	0.317813	0.814807	-0.0353099	0.33281	1.1266	0.194108	0.0793894	0.0223766	0.276813	0.186237	0.516864	0.130921	0.163479	0.0175173	0.0965934	0.141377	1.06628	0.247751	0.195568	1.36135	0.263804	0.274147	0.953153	0.135447	0.182173	0.459815	0.145329	0.112494	0.0362729	0.0496823	0.280548	1.50375	0.147578	0.31564	0.899265	0.0108547	0.381445	0.888802	0.0605565	0.046733	0.0187079	0.0591764	0.044797	0.516973	0.114311	0.374577	0.79107	0.0607478	0.276184	1.13812	0.186749	0.304836	1.49068	0.0933858	0.203878	1.51156	0.196168	0.0374407	0.0854481	0.197234	0.122905	0.446308	0.0794177	0.101592	1.47441	0.0212731	0.0934542	1.32915	0.254763
105	1.03771	0.105175	1.58246	0.139227	0.0844139	1.26489	-0.0209735	-0.153769	0.196033	0.24143	-0.0488997	1.03662	0.0314642	-0.191125	1.18037	0.158928	-0.164687	0.801254	0.0511506	-0.159208	1.15756	0.206997	-0.108613	0.174656	0.314219	-0.145724	0.558915	-0.00950698	-0.164088	0.0776504	0.159305	0.0448792	1.06545	0.244814	-0.0110319	1.36706	0.259268	-0.103595	0.982313	0.115897	-0.152387	0.515137	0.0241877	-0.116675	0.0774519	0.12333	-0.0875639	1.52509	0.139125	-0.152461	0.902339	0.0867211	-0.228318	0.91822	0.122753	-0.0605676	0.0655502	0.137748	-0.00268933	0.5324	-0.0293805	-0.239284	0.80423	0.124809	-0.097572	1.17015	0.203809	-0.109664	1.50395	0.0722063	-0.00712159	1.52522	0.195345	-0.0580162	0.189317	0.219897	-0.106334	0.469647	-0.0502724	0.133367	0.0707466	0.225859	0.231864	1.03044	0.036412	0.364988	1.1533	0.14979	0.317739	0.815482	-0.040016	0.33273	1.12587	0.191351	0.0792682	0.0225263	0.27678	0.186472	0.516767	0.13006	0.163495	0.0174841	0.0965888	0.141554	1.06609	0.245751	0.195766	1.36103	0.262338	0.274529	0.953034	0.133617	0.18237	0.459749	0.14463	0.112544	0.0362794	0.0496788	0.280788	1.5035	0.146339	0.315582	0.899665	0.00662896	0.381253	0.888782	0.0564503	0.0467813	0.0187359	0.0591563	0.0450501	0.516877	0.113306	0.374236	0.791077	0.0560135	0.276258	1.13749	0.18412	0.305126	1.49047	0.0921622	0.204071	1.51128	0.19482	0.0373651	0.0854552	0.197243	0.123218	0.446113	0.0786891	0.101921	1.47431	0.0197981	0.0936349	1.32877	0.253064
106	1.04769	0.10539	1.58225	0.137841	0.0847971	1.26486	-0.0226998	-0.154565	0.190804	0.228951	-0.0484109	1.03653	0.0288625	-0.190719	1.1802	0.15774	-0.164373	0.800754	0.0507768	-0.158785	1.15745	0.205802	-0.109717	0.167439	0.301585	-0.144989	0.559099	-0.0147513	-0.165142	0.0755853	0.143548	0.0449137	1.0652	0.242625	-0.0107433	1.36662	0.257617	-0.103152	0.982109	0.113115	-0.151819	0.514615	0.0181303	-0.117735	0.0763398	0.107678	-0.0873516	1.52481	0.137588	-0.152125	0.901997	0.0860086	-0.227979	0.917948	0.122067	-0.0616518	0.0637554	0.121802	-0.00191405	0.532743	-0.0343863	-0.23891	0.803961	0.12433	-0.0971453	1.17005	0.202498	-0.109466	1.50374	0.0706592	-0.00693943	1.52491	0.193841	-0.0587011	0.18473	0.207818	-0.105385	0.470337	-0.0565341	0.133306	0.0708161	0.225819	0.232352	1.03041	0.0344783	0.364957	1.15274	0.147288	0.317565	0.816146	-0.0446262	0.332632	1.12514	0.188628	0.0791678	0.0227033	0.276756	0.186704	0.516677	0.129168	0.163516	0.0174487	0.096588	0.141653	1.06586	0.243741	0.195915	1.3607	0.260895	0.274885	0.95293	0.13181	0.182562	0.459688	0.143897	0.112595	0.0362856	0.0496724	0.280985	1.50324	0.145138	0.315443	0.900063	0.00248596	0.381014	0.88878	0.0523786	0.0468264	0.0187678	0.0591339	0.0453	0.516782	0.112262	0.373852	0.791101	0.0513425	0.276282	1.13686	0.181505	0.30537	1.49025	0.0909743	0.20423	1.51099	0.193514	0.0372968	0.08548	0.19725	0.123533	0.445919	0.077924	0.102206	1.47421	0.0183552	0.0937632	1.32838	0.251385
107	1.05767	0.105562	1.58203	0.136491	0.0851499	1.26485	-0.0244118	-0.155457	0.185547	0.216404	-0.0479078	1.03638	0.0263707	-0.190336	1.18001	0.156591	-0.164067	0.800256	0.0503548	-0.158362	1.1573	0.204635	-0.110902	0.160205	0.288769	-0.144293	0.559227	-0.0198097	-0.166381	0.0735334	0.127838	0.0448669	1.06499	0.240452	-0.010494	1.36617	0.256001	-0.10273	0.981891	0.110323	-0.151296	0.514043	0.0122882	-0.118981	0.0751604	0.0920744	-0.0871752	1.52452	0.136103	-0.15179	0.901645	0.0852552	-0.227641	0.917647	0.121393	-0.0629328	0.0618684	0.10591	-0.0011658	0.532981	-0.0391733	-0.238531	0.803673	0.123818	-0.0967174	1.16991	0.201215	-0.109311	1.50351	0.0691667	-0.00678654	1.52458	0.192378	-0.0595085	0.180063	0.195545	-0.104514	0.471004	-0.0626295	0.133245	0.0709021	0.225765	0.232846	1.03041	0.0325443	0.364907	1.15221	0.144805	0.317296	0.816804	-0.0491404	0.332514	1.12443	0.185947	0.0790724	0.0229024	0.276734	0.18693	0.516593	0.128245	0.16354	0.017413	0.0965903	0.141679	1.06559	0.241717	0.19601	1.36034	0.259468	0.275215	0.952841	0.130021	0.182746	0.459632	0.143129	0.112646	0.0362915	0.0496623	0.28114	1.50296	0.143974	0.315231	0.900469	-0.0015769	0.380731	0.888804	0.048343	0.0468681	0.0188037	0.0591064	0.0455444	0.516689	0.111173	0.373429	0.791151	0.0467388	0.276248	1.13623	0.178903	0.305566	1.49003	0.0898218	0.204357	1.51068	0.19225	0.0372325	0.0855264	0.197247	0.123848	0.445726	0.0771206	0.102446	1.47411	0.0169405	0.0938366	1.32798	0.249724
108	1.06765	0.105692	1.5818	0.135173	0.0854719	1.26483	-0.0261116	-0.156439	0.180302	0.203807	-0.0473917	1.03619	0.0239794	-0.189979	1.17978	0.155478	-0.163765	0.799764	0.0498823	-0.157945	1.15713	0.203491	-0.11217	0.152999	0.275782	-0.143636	0.559299	-0.0246856	-0.167775	0.0715072	0.112187	0.0447478	1.06482	0.238295	-0.0102872	1.3657	0.254416	-0.102327	0.981656	0.107534	-0.150811	0.513423	0.00666722	-0.120382	0.0739346	0.0765285	-0.0870335	1.52422	0.134668	-0.151454	0.901292	0.0844556	-0.227303	0.91732	0.120724	-0.0643775	0.059926	0.0900763	-0.00044099	0.533117	-0.0437495	-0.238146	0.803369	0.123269	-0.096295	1.16974	0.199956	-0.1092	1.50328	0.0677257	-0.0066624	1.52425	0.190952	-0.060433	0.175355	0.183087	-0.103725	0.471653	-0.0685698	0.133177	0.0710056	0.225695	0.233345	1.03042	0.0306202	0.364845	1.15171	0.142351	0.316939	0.817463	-0.0535595	0.33238	1.12372	0.183318	0.0789639	0.0231171	0.276707	0.187144	0.516516	0.127292	0.16356	0.01738	0.0965947	0.141637	1.06527	0.239679	0.196047	1.35996	0.258052	0.275517	0.952768	0.128248	0.182917	0.459581	0.142327	0.112694	0.0362974	0.0496474	0.28125	1.50265	0.142846	0.314955	0.900894	-0.00556224	0.38041	0.888862	0.0443466	0.0469057	0.0188423	0.0590706	0.0457789	0.516597	0.110036	0.372967	0.791233	0.0422056	0.276157	1.13562	0.176318	0.305714	1.4898	0.0887023	0.204452	1.51037	0.191028	0.037166	0.0855965	0.197223	0.124158	0.445537	0.0762787	0.102644	1.474	0.0155495	0.0938538	1.32755	0.248079
109	1.07763	0.10578	1.58157	0.133884	0.0857609	1.26482	-0.0278013	-0.157501	0.175105	0.19117	-0.0468672	1.03596	0.0216715	-0.189651	1.17952	0.154393	-0.163464	0.79928	0.0493612	-0.157544	1.15692	0.202369	-0.113524	0.14586	0.262633	-0.143016	0.559313	-0.0293815	-0.16929	0.0695184	0.0965981	0.0445696	1.06467	0.236154	-0.010125	1.36523	0.252858	-0.101945	0.981401	0.10476	-0.150351	0.512758	0.00126911	-0.121902	0.0726845	0.0610477	-0.0869254	1.52391	0.133281	-0.151117	0.900942	0.0836089	-0.226965	0.916972	0.120054	-0.0659485	0.0579667	0.0743036	0.000265259	0.533154	-0.0481247	-0.237757	0.803052	0.122678	-0.0958855	1.16955	0.19872	-0.10913	1.50305	0.066333	-0.00656685	1.5239	0.189562	-0.0614657	0.170641	0.170459	-0.103015	0.472289	-0.0743651	0.133091	0.0711264	0.22561	0.233848	1.03044	0.0287145	0.364775	1.15124	0.13994	0.316504	0.818134	-0.0578856	0.332233	1.12303	0.180754	0.078824	0.0233414	0.276669	0.18734	0.516442	0.126309	0.16357	0.0173531	0.0966004	0.14154	1.06492	0.237629	0.196024	1.35956	0.25664	0.275792	0.952707	0.126483	0.18307	0.459534	0.141493	0.112739	0.0363036	0.0496267	0.281317	1.50232	0.141749	0.314624	0.901348	-0.00947209	0.380056	0.888959	0.0403942	0.0469379	0.0188814	0.059023	0.0459977	0.516508	0.108851	0.372467	0.791357	0.0377453	0.276015	1.13502	0.173763	0.305814	1.48957	0.087611	0.204516	1.51003	0.189846	0.0370891	0.0856899	0.197169	0.124453	0.44535	0.0754004	0.102799	1.47389	0.0141779	0.0938148	1.32712	0.246445
110	1.0876	0.105828	1.58132	0.13262	0.0860123	1.2648	-0.0294831	-0.158633	0.169988	0.178503	-0.0463423	1.0357	0.0194254	-0.189354	1.17923	0.15333	-0.163157	0.798803	0.0487959	-0.157165	1.15669	0.201263	-0.114964	0.138821	0.249331	-0.142427	0.559268	-0.0338987	-0.170891	0.067578	0.0810721	0.0443486	1.06453	0.234028	-0.0100081	1.36475	0.251323	-0.101582	0.981122	0.102016	-0.149909	0.512047	-0.00390922	-0.123503	0.0714325	0.0456381	-0.0868497	1.52359	0.131937	-0.15078	0.900595	0.082718	-0.226628	0.916603	0.119374	-0.0676059	0.0560272	0.0585949	0.000958742	0.5331	-0.0523098	-0.237366	0.802722	0.122043	-0.0954974	1.16935	0.197502	-0.1091	1.5028	0.0649854	-0.00650023	1.52355	0.188205	-0.062594	0.165949	0.157687	-0.102376	0.472917	-0.0800241	0.132978	0.0712629	0.225511	0.234347	1.03047	0.0268324	0.364703	1.1508	0.137586	0.316001	0.818829	-0.0621211	0.332082	1.12236	0.178269	0.0786351	0.0235691	0.276614	0.187508	0.516372	0.1253	0.163562	0.0173359	0.0966068	0.141398	1.06455	0.235571	0.19594	1.35911	0.255228	0.276039	0.952655	0.124723	0.183196	0.45949	0.140631	0.112777	0.0363106	0.0495995	0.28134	1.50196	0.140676	0.31425	0.901843	-0.0133073	0.379672	0.8891	0.036492	0.0469632	0.0189181	0.05896	0.0461942	0.516421	0.107618	0.371929	0.791525	0.0333597	0.275838	1.13444	0.171257	0.305866	1.48934	0.0865404	0.20455	1.50968	0.188697	0.0369919	0.0858043	0.197077	0.124724	0.445165	0.074489	0.10291	1.47377	0.0128208	0.0937213	1.32666	0.244819
111	1.09758	0.105839	1.58106	0.131377	0.0862204	1.26478	-0.0311589	-0.159823	0.164973	0.165807	-0.0458277	1.03542	0.0172189	-0.18909	1.17892	0.15228	-0.162841	0.79833	0.0481926	-0.156817	1.15644	0.200169	-0.116486	0.131906	0.235883	-0.141861	0.559158	-0.0382367	-0.172541	0.0656957	0.0656047	0.0441028	1.06438	0.231915	-0.00993556	1.36426	0.249806	-0.10124	0.980817	0.0993137	-0.149473	0.511287	-0.00887524	-0.125144	0.0701999	0.0303041	-0.0868054	1.52326	0.130632	-0.150444	0.90025	0.0817886	-0.226293	0.916216	0.118677	-0.069309	0.0541405	0.0429528	0.00164584	0.53296	-0.0563159	-0.236972	0.802378	0.121363	-0.0951392	1.16912	0.196301	-0.10911	1.50255	0.0636796	-0.00646331	1.52318	0.186881	-0.0638015	0.1613	0.144805	-0.101793	0.473538	-0.0855537	0.132827	0.0714121	0.2254	0.234836	1.0305	0.0249754	0.364638	1.15041	0.135305	0.31544	0.81956	-0.066269	0.331935	1.12172	0.175878	0.0783829	0.0237952	0.27654	0.187643	0.516304	0.12427	0.163531	0.0173314	0.0966138	0.141226	1.06416	0.233506	0.195797	1.35863	0.253809	0.276257	0.952607	0.122961	0.183288	0.459446	0.139747	0.112808	0.0363185	0.0495654	0.28132	1.50158	0.139617	0.313844	0.902388	-0.0170669	0.379265	0.889286	0.0326478	0.0469801	0.0189495	0.0588785	0.0463622	0.516336	0.106341	0.371352	0.791741	0.0290498	0.275647	1.13389	0.168825	0.305871	1.48909	0.085481	0.204554	1.50931	0.187575	0.0368644	0.0859355	0.19694	0.124963	0.444981	0.0735493	0.102978	1.47365	0.0114738	0.0935766	1.32619	0.243198
112	1.10756	0.105814	1.58078	0.130146	0.0863783	1.26475	-0.0328304	-0.161058	0.160078	0.153081	-0.0453366	1.03513	0.0150315	-0.188861	1.17859	0.151235	-0.162511	0.797855	0.0475569	-0.156508	1.15617	0.199082	-0.118082	0.125135	0.222299	-0.141309	0.55898	-0.0423931	-0.174203	0.0638795	0.0501901	0.0438498	1.06419	0.229814	-0.00990496	1.36376	0.248305	-0.100922	0.98048	0.0966668	-0.149034	0.510475	-0.0136402	-0.126787	0.0690065	0.0150486	-0.0867919	1.52292	0.129364	-0.150109	0.899904	0.0808278	-0.225961	0.91581	0.117953	-0.0710176	0.0523342	0.0273803	0.00233318	0.532742	-0.060154	-0.236577	0.802017	0.120638	-0.0948191	1.16888	0.195114	-0.109158	1.5023	0.0624119	-0.00645729	1.52281	0.185587	-0.0650678	0.15671	0.13185	-0.101249	0.474152	-0.0909585	0.13263	0.0715703	0.225281	0.235302	1.03053	0.0231412	0.364585	1.15004	0.133112	0.314834	0.820339	-0.0703318	0.331805	1.12109	0.173591	0.0780574	0.0240152	0.276444	0.187738	0.516235	0.123222	0.163471	0.017342	0.0966217	0.141037	1.06377	0.231441	0.195597	1.3581	0.25238	0.276446	0.952559	0.121191	0.183338	0.459403	0.138845	0.11283	0.0363277	0.0495246	0.281261	1.50116	0.13856	0.313417	0.902989	-0.0207479	0.378838	0.889517	0.0288709	0.0469871	0.018973	0.0587763	0.0464965	0.516254	0.105022	0.370736	0.792006	0.0248162	0.275467	1.13337	0.166492	0.305831	1.48883	0.0844214	0.20453	1.50893	0.186469	0.0366977	0.086078	0.196755	0.125161	0.444798	0.0725868	0.103002	1.47352	0.0101324	0.0933853	1.32571	0.24158
113	1.11754	0.105757	1.58048	0.128923	0.0864793	1.26471	-0.0344987	-0.162322	0.155313	0.14032	-0.0448839	1.03484	0.0128475	-0.18867	1.17824	0.150188	-0.162162	0.797374	0.0468929	-0.156244	1.15588	0.197995	-0.11974	0.11852	0.208587	-0.140761	0.55873	-0.0463638	-0.175841	0.0621363	0.034822	0.0436049	1.06396	0.227724	-0.0099123	1.36325	0.246816	-0.100631	0.980111	0.0940857	-0.148585	0.509604	-0.0182182	-0.128397	0.06787	-0.00012778	-0.0868088	1.52258	0.128125	-0.149777	0.899552	0.0798426	-0.225636	0.915385	0.117194	-0.0726926	0.0506301	0.0118809	0.0030273	0.532452	-0.0638341	-0.236181	0.801636	0.11987	-0.0945446	1.16863	0.193938	-0.109246	1.50204	0.0611785	-0.00648371	1.52242	0.184321	-0.0663698	0.152188	0.11886	-0.100725	0.47476	-0.0962396	0.132381	0.0717335	0.225157	0.235735	1.03054	0.0213237	0.364553	1.14972	0.131019	0.314195	0.821174	-0.0743115	0.331702	1.12049	0.171419	0.0776544	0.0242261	0.276328	0.187787	0.516166	0.122162	0.16338	0.017369	0.0966311	0.140841	1.06337	0.229377	0.195348	1.35754	0.250936	0.276605	0.952507	0.119407	0.18334	0.459359	0.137932	0.112844	0.036338	0.0494779	0.281164	1.50073	0.137494	0.312978	0.903648	-0.0243452	0.378396	0.88979	0.0251717	0.0469834	0.0189868	0.0586526	0.0465939	0.516173	0.103667	0.370083	0.792317	0.0206595	0.275322	1.13288	0.164285	0.305749	1.48857	0.0833499	0.204478	1.50852	0.185367	0.0364859	0.0862263	0.196522	0.125311	0.444614	0.0716073	0.102979	1.47337	0.00879231	0.0931536	1.32522	0.239961
114	1.12752	0.105668	1.58017	0.127698	0.086517	1.26465	-0.0361646	-0.163598	0.150683	0.127516	-0.0444858	1.03454	0.010657	-0.188517	1.17788	0.149131	-0.161794	0.796882	0.0462015	-0.156032	1.15557	0.196903	-0.12144	0.112067	0.194756	-0.140206	0.558403	-0.0501429	-0.17742	0.0604713	0.0194945	0.0433796	1.06367	0.225644	-0.00995232	1.36272	0.245336	-0.100372	0.979705	0.0915792	-0.14812	0.508671	-0.0226246	-0.129937	0.0668067	-0.0152256	-0.0868563	1.52222	0.126911	-0.149451	0.899189	0.0788391	-0.225321	0.91494	0.116391	-0.0742966	0.0490448	-0.00354064	0.00373433	0.532097	-0.0673639	-0.235787	0.80123	0.119062	-0.094322	1.16836	0.192771	-0.109372	1.50176	0.0599748	-0.00654424	1.52202	0.18308	-0.0676829	0.147739	0.105872	-0.1002	0.475356	-0.101394	0.132078	0.0718978	0.225032	0.236121	1.03053	0.0195138	0.364546	1.14941	0.129035	0.313536	0.822074	-0.0782085	0.331639	1.11992	0.169369	0.0771769	0.0244261	0.276193	0.187789	0.516094	0.121094	0.163259	0.017412	0.0966431	0.140647	1.06297	0.227319	0.195056	1.35694	0.249475	0.276732	0.952447	0.117602	0.183292	0.459314	0.137012	0.112848	0.0363491	0.0494266	0.281032	1.50027	0.136406	0.312538	0.904366	-0.0278516	0.377945	0.890098	0.0215618	0.0469689	0.0189902	0.0585083	0.0466531	0.516094	0.102279	0.369394	0.792669	0.0165815	0.275232	1.13242	0.162222	0.305627	1.48828	0.0822543	0.204397	1.50809	0.184259	0.0362265	0.0863752	0.196245	0.12541	0.444428	0.0706164	0.10291	1.47322	0.00744987	0.0928887	1.32472	0.238341
115	1.13749	0.10555	1.57984	0.126467	0.0864868	1.26457	-0.0378288	-0.164869	0.146189	0.114663	-0.0441583	1.03423	0.00845638	-0.188406	1.17749	0.148058	-0.161407	0.796376	0.0454806	-0.155873	1.15523	0.195801	-0.123162	0.105781	0.18082	-0.139635	0.557997	-0.0537237	-0.178909	0.058889	0.00420312	0.0431805	1.06332	0.223574	-0.0100188	1.36217	0.243864	-0.100147	0.979263	0.0891533	-0.147635	0.507671	-0.0268747	-0.131376	0.0658308	-0.0302464	-0.0869347	1.52185	0.125715	-0.149132	0.898808	0.0778211	-0.225019	0.914474	0.115537	-0.0757945	0.047591	-0.0188789	0.00445963	0.531682	-0.0707489	-0.235394	0.800795	0.118219	-0.0941555	1.16807	0.191611	-0.109537	1.50147	0.0587959	-0.0066405	1.52161	0.181862	-0.0689815	0.143366	0.092922	-0.099653	0.475939	-0.106415	0.131726	0.0720598	0.224909	0.236445	1.0305	0.0177006	0.36457	1.14914	0.127167	0.312872	0.823042	-0.0820215	0.331622	1.11938	0.167442	0.0766348	0.0246149	0.276044	0.187741	0.516021	0.120023	0.163111	0.0174694	0.0966592	0.140459	1.06258	0.225268	0.194732	1.35632	0.247995	0.276826	0.952377	0.115771	0.183192	0.459266	0.13609	0.112844	0.0363605	0.0493725	0.280867	1.49981	0.135285	0.312103	0.905137	-0.0312581	0.377488	0.890435	0.0180533	0.0469443	0.0189832	0.0583464	0.0466752	0.516017	0.100864	0.368674	0.793055	0.0125848	0.275211	1.132	0.160315	0.30547	1.48798	0.0811241	0.204289	1.50765	0.18313	0.035922	0.0865206	0.195932	0.125458	0.444239	0.0696192	0.102793	1.47305	0.00610172	0.0925983	1.3242	0.236718
116	1.14747	0.105403	1.5795	0.125221	0.0863855	1.26447	-0.0394915	-0.166118	0.141831	0.101755	-0.0439164	1.03391	0.00624751	-0.188335	1.17707	0.146962	-0.161004	0.795854	0.0447254	-0.155771	1.15487	0.194683	-0.124883	0.0996627	0.166794	-0.13904	0.55751	-0.0570993	-0.180276	0.0573938	-0.0110543	0.0430084	1.0629	0.221514	-0.0101053	1.36161	0.242399	-0.0999638	0.978783	0.0868112	-0.147126	0.506603	-0.0309819	-0.132683	0.0649558	-0.0451915	-0.0870449	1.52146	0.12453	-0.148823	0.898406	0.07679	-0.224735	0.913984	0.114625	-0.077154	0.0462792	-0.0341271	0.00520752	0.531213	-0.0739911	-0.235006	0.800325	0.117344	-0.0940475	1.16775	0.190452	-0.10974	1.50117	0.0576361	-0.00677382	1.52117	0.180662	-0.0702413	0.139074	0.0800381	-0.0990664	0.4765	-0.111291	0.131333	0.0722167	0.224791	0.236694	1.03045	0.0158723	0.364626	1.14888	0.125414	0.312214	0.824077	-0.0857469	0.331657	1.11886	0.165638	0.0760451	0.0247931	0.275885	0.187648	0.515946	0.11895	0.162944	0.0175384	0.0966807	0.140279	1.0622	0.223225	0.194388	1.35567	0.246496	0.276885	0.952297	0.113909	0.183044	0.459215	0.135167	0.112834	0.0363716	0.0493178	0.280672	1.49933	0.13412	0.31168	0.905952	-0.0345549	0.377031	0.890792	0.0146584	0.0469112	0.018967	0.0581716	0.0466632	0.515943	0.0994275	0.367927	0.793467	0.00867433	0.275264	1.13161	0.158565	0.30528	1.48766	0.0799502	0.204153	1.50719	0.18197	0.0355798	0.08666	0.195593	0.125455	0.444048	0.0686199	0.102628	1.47286	0.00474502	0.0922905	1.32369	0.23509
117	1.15745	0.105227	1.57914	0.123955	0.0862125	1.26434	-0.0411527	-0.167329	0.137608	0.0887898	-0.0437733	1.03357	0.00403674	-0.188306	1.17664	0.14584	-0.160589	0.795315	0.0439289	-0.155724	1.15448	0.193546	-0.126579	0.0937119	0.152696	-0.138414	0.556942	-0.0602631	-0.181495	0.0559911	-0.0262767	0.0428587	1.06242	0.219463	-0.0102053	1.36103	0.24094	-0.0998257	0.978267	0.0845526	-0.146594	0.505467	-0.0349566	-0.133831	0.0641947	-0.0600605	-0.0871881	1.52107	0.123348	-0.148528	0.897978	0.0757447	-0.224471	0.913472	0.113652	-0.0783465	0.0451195	-0.0492772	0.00598089	0.530693	-0.0770892	-0.234623	0.799818	0.116442	-0.0939981	1.16742	0.189293	-0.109984	1.50084	0.0564894	-0.00694503	1.52072	0.179474	-0.07144	0.134868	0.0672425	-0.0984246	0.477035	-0.116004	0.130915	0.0723669	0.224681	0.236858	1.03037	0.0140172	0.364715	1.14863	0.123774	0.311576	0.825174	-0.0893787	0.331745	1.11836	0.163951	0.0754301	0.0249623	0.275722	0.187513	0.51587	0.117876	0.162766	0.0176148	0.0967093	0.140105	1.06182	0.221193	0.194034	1.35502	0.244976	0.276905	0.952208	0.112012	0.182854	0.459163	0.134244	0.11282	0.0363817	0.0492649	0.280449	1.49885	0.132905	0.311275	0.906799	-0.0377316	0.376576	0.89116	0.0113889	0.0468718	0.0189433	0.0579907	0.0466216	0.51587	0.0979766	0.367163	0.793894	0.00485724	0.275386	1.13124	0.156963	0.30506	1.48732	0.0787264	0.20399	1.50673	0.180768	0.0352119	0.0867923	0.195241	0.125405	0.443853	0.0676214	0.102415	1.47265	0.00337742	0.0919729	1.32316	0.233458
118	1.16743	0.105021	1.57877	0.122666	0.0859692	1.2642	-0.0428128	-0.168487	0.133521	0.075771	-0.0437392	1.03322	0.00183302	-0.188318	1.17618	0.144688	-0.16017	0.794761	0.0430833	-0.155729	1.15406	0.192385	-0.128229	0.0879294	0.138545	-0.137753	0.556294	-0.0632098	-0.182544	0.0546882	-0.0414593	0.042722	1.06189	0.21742	-0.0103134	1.36044	0.239487	-0.0997376	0.977715	0.0823742	-0.146037	0.504267	-0.0388052	-0.134798	0.0635609	-0.0748505	-0.0873659	1.52066	0.122165	-0.148251	0.897523	0.0746816	-0.224232	0.912936	0.112615	-0.0793487	0.0441229	-0.0643199	0.00678101	0.530123	-0.0800382	-0.23425	0.799271	0.115517	-0.0940052	1.16705	0.188127	-0.110266	1.50049	0.0553495	-0.00715441	1.52024	0.178292	-0.0725592	0.130757	0.0545501	-0.0977165	0.477537	-0.120536	0.130488	0.0725092	0.22458	0.236927	1.03027	0.0121252	0.364835	1.1484	0.122239	0.31097	0.826323	-0.0929084	0.331882	1.11789	0.162371	0.0748161	0.0251247	0.275563	0.187344	0.515793	0.116797	0.162588	0.0176939	0.0967463	0.139931	1.06145	0.219172	0.193679	1.35437	0.243435	0.276885	0.952113	0.110078	0.182631	0.459109	0.133317	0.112803	0.0363901	0.0492161	0.280198	1.49838	0.131633	0.310891	0.907666	-0.0407786	0.376129	0.89153	0.00825547	0.0468289	0.0189143	0.057811	0.0465554	0.515798	0.0965205	0.36639	0.794329	0.00114305	0.275564	1.13089	0.155491	0.304811	1.48697	0.0774491	0.203797	1.50625	0.179519	0.0348339	0.0869178	0.19489	0.125316	0.443654	0.0666257	0.102153	1.47242	0.0019971	0.0916522	1.32263	0.231821
119	1.17741	0.104783	1.57839	0.12135	0.0856592	1.26402	-0.0444718	-0.169579	0.129571	0.0627079	-0.0438207	1.03285	-0.000354024	-0.18837	1.17569	0.143504	-0.159758	0.794192	0.0421805	-0.155783	1.15361	0.191196	-0.129811	0.0823172	0.124366	-0.137056	0.555568	-0.0659359	-0.183408	0.0534957	-0.0565926	0.0425852	1.06132	0.215386	-0.0104257	1.35983	0.238039	-0.0997031	0.977131	0.0802691	-0.145458	0.503008	-0.0425288	-0.135568	0.0630689	-0.0895541	-0.0875799	1.52023	0.120973	-0.147997	0.897041	0.0735956	-0.22402	0.912377	0.111513	-0.0801441	0.0433019	-0.0792444	0.00760732	0.529502	-0.0828298	-0.23389	0.798684	0.11457	-0.0940645	1.16665	0.186949	-0.110589	1.50012	0.0542098	-0.00740175	1.51974	0.177111	-0.0735846	0.126756	0.0419679	-0.096936	0.477999	-0.124866	0.130073	0.0726432	0.224487	0.236895	1.03014	0.0101877	0.36498	1.14818	0.120798	0.310406	0.82751	-0.0963256	0.332062	1.11745	0.160889	0.0742304	0.0252826	0.275412	0.187147	0.515717	0.115712	0.162421	0.0177707	0.0967926	0.13975	1.0611	0.217162	0.193332	1.35373	0.241872	0.276822	0.952014	0.108103	0.182385	0.459054	0.132382	0.112787	0.0363963	0.0491735	0.279918	1.49793	0.130305	0.310531	0.908536	-0.0436874	0.375694	0.891895	0.00526686	0.0467854	0.0188825	0.0576406	0.0464696	0.515727	0.0950696	0.365619	0.794762	-0.00245641	0.275776	1.13055	0.154123	0.304533	1.48661	0.0761177	0.203574	1.50578	0.178216	0.0344635	0.0870376	0.194555	0.125192	0.443453	0.0656335	0.101844	1.47217	0.000602675	0.0913336	1.3221	0.23018
120	1.18738	0.104509	1.578	0.120006	0.0852876	1.26382	-0.0461305	-0.170593	0.125764	0.0496165	-0.0440203	1.03246	-0.00251585	-0.18846	1.17517	0.142287	-0.159363	0.793612	0.0412134	-0.155881	1.15314	0.189979	-0.131309	0.0768798	0.110183	-0.136324	0.554771	-0.0684404	-0.184079	0.052428	-0.0716614	0.0424334	1.06072	0.213356	-0.0105402	1.35921	0.236596	-0.0997244	0.976518	0.0782278	-0.144857	0.501697	-0.0461235	-0.136132	0.0627342	-0.104159	-0.0878324	1.51979	0.119767	-0.147769	0.896532	0.0724803	-0.22384	0.911798	0.110348	-0.0807252	0.0426714	-0.094039	0.00845733	0.528831	-0.0854529	-0.233548	0.798059	0.1136	-0.0941706	1.16623	0.185755	-0.110951	1.49972	0.0530642	-0.00768659	1.51922	0.175923	-0.074507	0.122883	0.0294961	-0.096082	0.478419	-0.128975	0.12969	0.0727691	0.224402	0.236759	1.03001	0.00819916	0.365143	1.14797	0.119438	0.309892	0.828715	-0.0996184	0.332275	1.11703	0.159491	0.0736993	0.025438	0.275275	0.186932	0.515641	0.114614	0.162275	0.0178409	0.0968487	0.139554	1.06074	0.215162	0.192997	1.35311	0.240287	0.276715	0.951915	0.106089	0.182129	0.458999	0.131436	0.112774	0.0364001	0.0491388	0.279608	1.49748	0.128921	0.310198	0.909394	-0.0464518	0.375275	0.892247	0.00242962	0.0467442	0.0188502	0.057487	0.046368	0.515653	0.0936364	0.364865	0.795185	-0.00592759	0.275999	1.13022	0.152832	0.304227	1.48625	0.0747343	0.203318	1.50531	0.17686	0.0341187	0.0871527	0.194248	0.125041	0.443248	0.0646447	0.101488	1.47191	-0.000806823	0.0910204	1.32155	0.228533
121	1.19736	0.104196	1.5776	0.118635	0.0848605	1.2636	-0.0477897	-0.171522	0.12211	0.0365195	-0.0443359	1.03205	-0.00464649	-0.188586	1.17463	0.141038	-0.158998	0.793022	0.0401762	-0.156015	1.15264	0.188731	-0.132709	0.071625	0.0960233	-0.135559	0.553908	-0.0707248	-0.184558	0.0515033	-0.0866449	0.0422512	1.0601	0.211329	-0.0106576	1.35858	0.235156	-0.0998027	0.975877	0.0762382	-0.144236	0.500345	-0.0495808	-0.136494	0.0625738	-0.118649	-0.0881258	1.51934	0.118545	-0.147574	0.895999	0.0713289	-0.223694	0.911198	0.109125	-0.0810948	0.0422474	-0.10869	0.00932672	0.528105	-0.0878946	-0.23323	0.7974	0.112603	-0.0943169	1.16578	0.184536	-0.111354	1.49929	0.0519067	-0.00800855	1.51868	0.174722	-0.0753222	0.119162	0.0171293	-0.0951593	0.478793	-0.132847	0.129358	0.0728872	0.224324	0.236521	1.02986	0.00615684	0.365316	1.14778	0.118145	0.309433	0.829916	-0.102774	0.332506	1.11665	0.158162	0.0732452	0.0255925	0.275158	0.186707	0.515564	0.113497	0.162159	0.0179004	0.0969144	0.139333	1.0604	0.213171	0.192674	1.35252	0.238679	0.276561	0.951818	0.104035	0.181873	0.458942	0.130471	0.112765	0.0364013	0.0491129	0.279266	1.49706	0.127485	0.309892	0.910224	-0.0490681	0.374877	0.892582	-0.000252472	0.0467079	0.0188195	0.0573566	0.0462528	0.515576	0.0922339	0.36414	0.795592	-0.00925591	0.276207	1.1299	0.151587	0.30389	1.48589	0.0733029	0.203028	1.50485	0.175452	0.033816	0.0872642	0.193981	0.124869	0.44304	0.0636584	0.101087	1.47162	-0.002232	0.0907133	1.321	0.226882
122	1.20734	0.103839	1.5772	0.117237	0.0843847	1.26335	-0.0494508	-0.17236	0.118622	0.0234466	-0.0447614	1.03162	-0.00674354	-0.188746	1.17406	0.139757	-0.158672	0.792425	0.0390648	-0.15618	1.1521	0.187452	-0.133999	0.0665636	0.081914	-0.134766	0.552986	-0.0727933	-0.184856	0.0507437	-0.101516	0.0420244	1.05948	0.209302	-0.010781	1.35794	0.233718	-0.0999372	0.975215	0.0742868	-0.143598	0.49896	-0.0528881	-0.136665	0.0626052	-0.133	-0.0884629	1.51888	0.117303	-0.147415	0.895445	0.070135	-0.223584	0.910581	0.107849	-0.0812675	0.0420466	-0.123184	0.0102095	0.527321	-0.090142	-0.232941	0.796714	0.111573	-0.0944968	1.16529	0.183289	-0.1118	1.49884	0.0507323	-0.00836768	1.51812	0.173502	-0.0760308	0.115619	0.00485863	-0.0941776	0.479123	-0.136469	0.12909	0.0729981	0.22425	0.236184	1.0297	0.0040611	0.365487	1.1476	0.116904	0.309033	0.831089	-0.10578	0.332744	1.1163	0.156889	0.0728849	0.0257467	0.275064	0.186478	0.515486	0.112357	0.16208	0.0179468	0.0969889	0.139076	1.06006	0.211185	0.192358	1.35195	0.237049	0.276362	0.951727	0.101944	0.181627	0.458885	0.129483	0.11276	0.0364	0.0490964	0.278887	1.49667	0.126003	0.309614	0.911012	-0.0515353	0.374504	0.892896	-0.00277863	0.0466786	0.0187917	0.0572541	0.0461245	0.515489	0.0908746	0.363459	0.795978	-0.0124267	0.276379	1.12958	0.150363	0.303518	1.48554	0.0718293	0.202699	1.50439	0.173995	0.0335685	0.0873719	0.193761	0.124683	0.442828	0.0626732	0.10064	1.47132	-0.00367316	0.0904101	1.32043	0.225225
123	1.21732	0.103433	1.5768	0.115816	0.0838664	1.26309	-0.0511157	-0.173102	0.115314	0.0104333	-0.0452866	1.03117	-0.00880859	-0.188937	1.17347	0.138448	-0.158396	0.791823	0.0378766	-0.156371	1.15155	0.18614	-0.135169	0.0617094	0.0678841	-0.133951	0.552014	-0.0746531	-0.184995	0.0501735	-0.11624	0.0417417	1.05885	0.207269	-0.0109163	1.3573	0.232279	-0.100126	0.974534	0.0723592	-0.142947	0.497551	-0.0560302	-0.136671	0.0628457	-0.147184	-0.0888467	1.5184	0.11604	-0.147296	0.894873	0.068893	-0.22351	0.909948	0.106525	-0.0812698	0.0420847	-0.137505	0.011098	0.526476	-0.0921832	-0.232689	0.796005	0.110501	-0.0947039	1.16479	0.182007	-0.112289	1.49837	0.0495362	-0.00876487	1.51755	0.172257	-0.076637	0.112282	-0.00732531	-0.0931514	0.479411	-0.139836	0.128897	0.0731027	0.224178	0.235755	1.02955	0.00191534	0.365646	1.14743	0.115699	0.308692	0.832207	-0.108626	0.332971	1.11598	0.155658	0.0726282	0.0259006	0.274993	0.186251	0.515405	0.111189	0.162039	0.0179789	0.0970705	0.138776	1.05973	0.2092	0.19204	1.35141	0.235394	0.276118	0.951642	0.0998166	0.181397	0.458826	0.128467	0.112761	0.0363964	0.049089	0.278467	1.49629	0.124482	0.309364	0.911743	-0.0538556	0.374159	0.893184	-0.00515102	0.0466578	0.0187677	0.057182	0.0459818	0.515391	0.0895693	0.362835	0.796336	-0.0154265	0.276495	1.12928	0.149138	0.303109	1.4852	0.0703202	0.202328	1.50394	0.172496	0.0333844	0.0874749	0.193593	0.124485	0.442612	0.0616875	0.100149	1.47099	-0.00513043	0.0901058	1.31984	0.223561
124	1.2273	0.102974	1.57639	0.114374	0.0833114	1.26282	-0.0527868	-0.173748	0.112202	-0.00247964	-0.0458982	1.03071	-0.0108472	-0.18916	1.17286	0.137111	-0.158178	0.791217	0.0366111	-0.156584	1.15097	0.184797	-0.136211	0.0570781	0.0539629	-0.133123	0.551002	-0.0763138	-0.185005	0.0498176	-0.130777	0.0413955	1.05823	0.205227	-0.0110721	1.35665	0.230835	-0.100365	0.973839	0.070441	-0.142285	0.496127	-0.0589913	-0.136548	0.0633111	-0.161172	-0.0892807	1.5179	0.114756	-0.147222	0.894287	0.0675983	-0.223475	0.909301	0.105161	-0.0811388	0.0423758	-0.151636	0.0119838	0.525566	-0.0940097	-0.232478	0.795281	0.109379	-0.0949336	1.16425	0.180685	-0.112823	1.49788	0.0483146	-0.00920204	1.51696	0.170984	-0.0771481	0.109179	-0.0194296	-0.0920995	0.479664	-0.142945	0.128781	0.0732017	0.224107	0.235245	1.02941	-0.000274286	0.365781	1.14728	0.114516	0.308406	0.833245	-0.111301	0.333175	1.11569	0.154454	0.0724772	0.0260537	0.274948	0.186028	0.51532	0.10999	0.162036	0.0179968	0.097157	0.138423	1.0594	0.20721	0.191707	1.35088	0.233715	0.275832	0.951562	0.0976579	0.181188	0.458763	0.127422	0.112767	0.0363909	0.0490899	0.278002	1.49594	0.122931	0.309142	0.912405	-0.0560337	0.373847	0.893445	-0.00737457	0.0466464	0.0187475	0.0571404	0.0458221	0.515277	0.0883251	0.362279	0.796664	-0.0182435	0.276545	1.12898	0.147896	0.302658	1.48487	0.0687828	0.201909	1.50349	0.170961	0.0332671	0.0875711	0.193477	0.124279	0.44239	0.0606996	0.0996137	1.47066	-0.00660382	0.0897922	1.31924	0.221889
125	1.23727	0.102457	1.57598	0.112914	0.0827239	1.26253	-0.0544669	-0.174297	0.109302	-0.0152476	-0.0465804	1.03025	-0.0128682	-0.189413	1.17223	0.135748	-0.158024	0.790609	0.0352689	-0.156816	1.15036	0.183422	-0.137118	0.0526872	0.0401803	-0.132289	0.549959	-0.0777873	-0.184925	0.0496993	-0.145084	0.0409826	1.05762	0.203172	-0.0112587	1.356	0.22938	-0.100651	0.973135	0.068519	-0.141619	0.494696	-0.061756	-0.136342	0.0640143	-0.174927	-0.0897681	1.51739	0.113449	-0.147195	0.893689	0.066248	-0.223479	0.90864	0.10376	-0.0809202	0.0429303	-0.165559	0.0128571	0.524591	-0.0956178	-0.232312	0.794547	0.108196	-0.0951828	1.1637	0.17932	-0.113404	1.49737	0.0470642	-0.00968224	1.51637	0.169678	-0.0775725	0.106333	-0.0314561	-0.0910436	0.479888	-0.145802	0.12874	0.0732961	0.224032	0.234663	1.02928	-0.00249928	0.36588	1.14716	0.113343	0.308172	0.834179	-0.1138	0.333341	1.11544	0.153265	0.0724268	0.0262044	0.274926	0.18581	0.515227	0.108758	0.162066	0.0180023	0.0972453	0.138013	1.05907	0.205208	0.191343	1.35036	0.232012	0.275506	0.951486	0.0954714	0.180998	0.458696	0.126347	0.112776	0.0363842	0.0490979	0.277487	1.49561	0.121357	0.308944	0.912988	-0.0580764	0.373568	0.893677	-0.0094565	0.0466445	0.0187307	0.0571271	0.0456427	0.515143	0.0871444	0.361801	0.796958	-0.0208691	0.276521	1.12869	0.146627	0.302159	1.48457	0.067224	0.201438	1.50306	0.169399	0.0332139	0.0876578	0.19341	0.124065	0.44216	0.0597083	0.0990337	1.47032	-0.00809336	0.0894589	1.31861	0.220207
126	1.24725	0.101878	1.57556	0.111437	0.082107	1.26223	-0.0561589	-0.174751	0.106628	-0.0278234	-0.0473159	1.02978	-0.0148829	-0.189699	1.17157	0.134362	-0.157937	0.789998	0.0338522	-0.157068	1.14974	0.182016	-0.137881	0.0485537	0.0265666	-0.13146	0.548896	-0.0790878	-0.184796	0.0498378	-0.159111	0.0405039	1.05702	0.201099	-0.0114878	1.35536	0.22791	-0.100978	0.972427	0.0665812	-0.140953	0.493261	-0.0643119	-0.136102	0.0649639	-0.188413	-0.0903123	1.51685	0.112118	-0.147218	0.893081	0.0648404	-0.223523	0.907966	0.102327	-0.0806651	0.0437549	-0.179254	0.0137078	0.523553	-0.0970102	-0.232193	0.793808	0.106947	-0.0954506	1.16313	0.177909	-0.114036	1.49684	0.0457823	-0.0102096	1.51578	0.168337	-0.0779191	0.103765	-0.0433991	-0.0900075	0.480092	-0.148415	0.128766	0.0733869	0.223954	0.234023	1.02917	-0.00474942	0.365934	1.14705	0.112167	0.307984	0.834987	-0.116119	0.333458	1.11522	0.152079	0.0724656	0.0263511	0.274926	0.185596	0.515125	0.107495	0.162123	0.0179981	0.0973326	0.137545	1.05872	0.203189	0.190929	1.34984	0.230286	0.275144	0.951409	0.0932617	0.180827	0.458621	0.125242	0.112787	0.0363766	0.0491115	0.276916	1.49529	0.119767	0.308769	0.913483	-0.0599923	0.373323	0.893876	-0.0114058	0.0466518	0.0187161	0.057138	0.0454408	0.514986	0.0860239	0.361407	0.797212	-0.0232982	0.276424	1.12842	0.145326	0.301608	1.48428	0.0656507	0.200908	1.50262	0.167816	0.0332174	0.0877321	0.193386	0.123842	0.441921	0.0587121	0.0984084	1.46996	-0.00959922	0.0890934	1.31797	0.218513
127	1.25723	0.101232	1.57513	0.109945	0.0814621	1.26193	-0.0578662	-0.175113	0.10419	-0.0401587	-0.0480872	1.02931	-0.0169039	-0.190018	1.17091	0.132952	-0.157918	0.789383	0.0323645	-0.157341	1.1491	0.180578	-0.138493	0.0446938	0.0131521	-0.130648	0.547823	-0.080231	-0.184664	0.0502457	-0.17281	0.0399638	1.05643	0.199006	-0.0117718	1.35471	0.226418	-0.101342	0.971719	0.0646179	-0.140297	0.491829	-0.0666506	-0.135883	0.0661626	-0.201595	-0.0909165	1.5163	0.110763	-0.147291	0.892464	0.0633755	-0.223606	0.907279	0.100866	-0.0804251	0.0448507	-0.192698	0.0145252	0.522458	-0.0981965	-0.232124	0.793065	0.105626	-0.0957386	1.16254	0.176451	-0.114721	1.4963	0.0444663	-0.010789	1.51518	0.166961	-0.0781958	0.101486	-0.0552441	-0.0890157	0.480282	-0.150796	0.128846	0.0734747	0.223871	0.233338	1.02908	-0.00701344	0.365931	1.14695	0.11098	0.307834	0.835652	-0.118258	0.333514	1.11503	0.150887	0.0725775	0.0264918	0.274946	0.185382	0.515011	0.106204	0.162198	0.0179874	0.0974156	0.137018	1.05837	0.201148	0.19045	1.34931	0.228539	0.27475	0.951328	0.0910341	0.180667	0.458537	0.124113	0.112798	0.0363689	0.049129	0.276286	1.49499	0.118169	0.308612	0.913881	-0.0617911	0.373112	0.894039	-0.0132325	0.0466671	0.0187025	0.0571675	0.0452148	0.514807	0.0849552	0.361099	0.797425	-0.0255296	0.276254	1.12816	0.143993	0.301001	1.484	0.064069	0.200314	1.50219	0.166219	0.0332665	0.0877908	0.193396	0.123608	0.441669	0.0577102	0.0977365	1.4696	-0.0111218	0.0886823	1.31731	0.216804
128	1.26721	0.100516	1.57469	0.108439	0.0807895	1.26163	-0.059592	-0.175384	0.101994	-0.0522061	-0.0488772	1.02885	-0.0189436	-0.190374	1.17022	0.131518	-0.157962	0.788763	0.0308101	-0.15764	1.14843	0.179109	-0.138947	0.041121	-3.21146e-05	-0.129864	0.54675	-0.0812341	-0.184567	0.0509264	-0.18613	0.0393694	1.05586	0.19689	-0.0121226	1.35405	0.224898	-0.101736	0.971015	0.0626217	-0.139657	0.490401	-0.0687694	-0.135735	0.0676062	-0.214436	-0.0915835	1.51573	0.109379	-0.147414	0.89184	0.0618545	-0.22373	0.906579	0.0993766	-0.0802488	0.0462133	-0.205868	0.0152982	0.521315	-0.099194	-0.232102	0.79232	0.104234	-0.0960507	1.16194	0.174945	-0.115462	1.49575	0.0431136	-0.0114257	1.51457	0.165546	-0.0784091	0.0995058	-0.0669674	-0.0880926	0.480467	-0.152962	0.128965	0.0735602	0.223783	0.232619	1.029	-0.00927984	0.365863	1.14687	0.109772	0.307713	0.83616	-0.120222	0.333503	1.11487	0.14968	0.0727432	0.0266247	0.27498	0.185163	0.514883	0.104889	0.162281	0.0179738	0.0974917	0.136436	1.058	0.19908	0.189889	1.34876	0.226773	0.274328	0.951237	0.0887944	0.180512	0.458441	0.122962	0.112806	0.0363616	0.0491489	0.275592	1.4947	0.116568	0.30847	0.914177	-0.0634828	0.372931	0.894164	-0.0149472	0.0466892	0.0186879	0.0572089	0.0449641	0.514603	0.0839251	0.360876	0.79759	-0.027566	0.276018	1.12791	0.142631	0.300334	1.48374	0.0624842	0.199651	1.50176	0.164613	0.0333471	0.0878314	0.193431	0.123362	0.441402	0.0567018	0.0970168	1.46923	-0.012662	0.0882122	1.31663	0.215077
129	1.27719	0.0997278	1.57424	0.106917	0.0800883	1.26132	-0.0613394	-0.175567	0.100042	-0.0639208	-0.0496703	1.02839	-0.0210133	-0.190772	1.16953	0.130058	-0.158068	0.788138	0.0291943	-0.157971	1.14775	0.177607	-0.139238	0.0378453	-0.0129542	-0.129121	0.545686	-0.0821158	-0.184543	0.0518734	-0.199026	0.0387291	1.05529	0.19475	-0.0125511	1.35339	0.223343	-0.102159	0.970319	0.0605878	-0.139044	0.48898	-0.0706719	-0.135699	0.0692828	-0.226901	-0.0923155	1.51514	0.107964	-0.147588	0.891206	0.0602796	-0.223895	0.905865	0.0978589	-0.0801766	0.047832	-0.218736	0.016016	0.520138	-0.100027	-0.232126	0.79157	0.102772	-0.0963926	1.16132	0.173391	-0.11626	1.49519	0.0417218	-0.0121251	1.51396	0.164094	-0.0785638	0.097823	-0.0785368	-0.0872607	0.480652	-0.154929	0.129106	0.0736435	0.223689	0.23188	1.02893	-0.0115378	0.365722	1.14679	0.108538	0.307615	0.836503	-0.122018	0.333417	1.11472	0.148451	0.0729429	0.0267483	0.275027	0.184936	0.514739	0.103555	0.162364	0.0179607	0.0975587	0.135804	1.05761	0.196983	0.189234	1.34819	0.224992	0.273881	0.951132	0.0865487	0.180353	0.458333	0.121795	0.11281	0.036355	0.0491697	0.274831	1.49441	0.114969	0.308337	0.914368	-0.0650775	0.372777	0.894247	-0.0165604	0.0467159	0.0186708	0.0572558	0.0446893	0.514376	0.0829173	0.360733	0.797703	-0.0294143	0.27572	1.12768	0.141243	0.299604	1.4835	0.0609009	0.198913	1.50132	0.163003	0.0334446	0.0878521	0.193483	0.123102	0.441118	0.0556861	0.0962476	1.46885	-0.014221	0.087671	1.31595	0.213331
130	1.28716	0.0988659	1.57379	0.105378	0.0793574	1.26101	-0.0631116	-0.175666	0.0983296	-0.0752619	-0.0504533	1.02794	-0.0231224	-0.191215	1.16882	0.12857	-0.158228	0.787503	0.0275229	-0.15834	1.14706	0.176072	-0.13936	0.034872	-0.0255815	-0.128431	0.544638	-0.0828952	-0.184615	0.0530687	-0.211453	0.0380517	1.05474	0.192587	-0.013066	1.35273	0.221747	-0.102605	0.969634	0.0585136	-0.138468	0.487567	-0.0723686	-0.135809	0.0711725	-0.238959	-0.0931142	1.51453	0.106512	-0.147812	0.890563	0.0586539	-0.224101	0.905135	0.096311	-0.0802377	0.0496895	-0.231273	0.0166675	0.518943	-0.100727	-0.232195	0.790813	0.101245	-0.0967715	1.1607	0.171792	-0.117117	1.49461	0.0402879	-0.0128919	1.51335	0.162601	-0.0786627	0.0964318	-0.089913	-0.08654	0.480841	-0.156715	0.129254	0.0737245	0.223593	0.231129	1.02886	-0.013778	0.365502	1.14671	0.107273	0.307531	0.83668	-0.123656	0.333251	1.11459	0.147194	0.0731571	0.0268614	0.275082	0.184695	0.514578	0.102208	0.162437	0.0179508	0.0976153	0.13513	1.05721	0.194857	0.188477	1.34759	0.2232	0.273412	0.951009	0.0843034	0.180183	0.45821	0.120617	0.11281	0.0363495	0.0491902	0.274	1.49412	0.113374	0.308208	0.91445	-0.0665852	0.372644	0.894283	-0.0180818	0.0467453	0.0186495	0.0573017	0.0443925	0.514126	0.0819145	0.360663	0.797761	-0.0310842	0.275365	1.12746	0.139834	0.298811	1.48326	0.0593222	0.198096	1.50087	0.16139	0.0335447	0.0878521	0.193541	0.122824	0.440816	0.0546622	0.0954278	1.46847	-0.0158005	0.0870485	1.31527	0.211561
131	1.29714	0.0979298	1.57332	0.103819	0.0785953	1.2607	-0.0649116	-0.175683	0.0968468	-0.0861938	-0.0512159	1.02749	-0.0252773	-0.191709	1.1681	0.127048	-0.158438	0.786858	0.0258024	-0.158755	1.14635	0.174501	-0.139313	0.0322016	-0.0378799	-0.127808	0.543612	-0.0835922	-0.184799	0.0544834	-0.223377	0.0373444	1.0542	0.190403	-0.0136738	1.35205	0.220104	-0.103074	0.968959	0.0563987	-0.13794	0.486165	-0.0738762	-0.136081	0.0732475	-0.250579	-0.0939806	1.5139	0.105019	-0.148084	0.889909	0.0569808	-0.224351	0.90439	0.0947301	-0.0804479	0.051762	-0.243446	0.0172426	0.517749	-0.101328	-0.232306	0.790046	0.0996598	-0.0971952	1.16006	0.170149	-0.118034	1.49403	0.0388086	-0.0137299	1.51272	0.161067	-0.0787075	0.0953203	-0.101052	-0.0859469	0.481035	-0.15834	0.129392	0.0738028	0.223495	0.230379	1.02879	-0.0159936	0.365198	1.14663	0.105975	0.307455	0.836691	-0.125148	0.333001	1.11446	0.145906	0.0733688	0.0269636	0.275142	0.184436	0.514399	0.100853	0.162495	0.0179461	0.0976612	0.13442	1.0568	0.192705	0.187614	1.34697	0.221401	0.272922	0.950864	0.0820653	0.179994	0.458071	0.119432	0.112803	0.0363452	0.0492095	0.273097	1.49382	0.111787	0.308074	0.914424	-0.0680151	0.372525	0.894271	-0.0195207	0.0467746	0.0186225	0.0573416	0.0440762	0.513855	0.0808998	0.360653	0.79776	-0.0325885	0.274955	1.12724	0.138408	0.297952	1.48302	0.0577502	0.197196	1.50041	0.159775	0.0336349	0.0878315	0.193598	0.12253	0.440494	0.0536295	0.0945562	1.46808	-0.0174029	0.086338	1.31459	0.209766
132	1.30712	0.0969199	1.57285	0.102234	0.0778013	1.26038	-0.0667419	-0.175622	0.0955794	-0.0966869	-0.0519512	1.02705	-0.0274815	-0.192257	1.16737	0.125487	-0.15869	0.7862	0.0240395	-0.159224	1.14563	0.172891	-0.139098	0.0298292	-0.0498144	-0.127262	0.542612	-0.0842271	-0.185094	0.0560791	-0.234767	0.0366131	1.05366	0.1882	-0.0143778	1.35136	0.218409	-0.103564	0.968297	0.0542444	-0.137469	0.484774	-0.0752176	-0.136518	0.0754732	-0.261735	-0.0949149	1.51326	0.103478	-0.148403	0.889243	0.0552643	-0.224646	0.90363	0.0931127	-0.0808081	0.0540195	-0.255222	0.0177316	0.516576	-0.101867	-0.232457	0.789265	0.0980222	-0.0976716	1.15941	0.168463	-0.119013	1.49343	0.0372802	-0.0146418	1.51209	0.15949	-0.0786993	0.0944713	-0.111905	-0.0854936	0.481234	-0.159822	0.12951	0.0738777	0.223397	0.229635	1.02869	-0.0181809	0.364809	1.14655	0.104642	0.307381	0.836544	-0.126509	0.332665	1.11434	0.144585	0.0735643	0.0270553	0.275203	0.184158	0.514202	0.099495	0.162535	0.0179477	0.0976966	0.13368	1.05637	0.190529	0.186645	1.34633	0.219598	0.272413	0.950698	0.0798409	0.179784	0.457918	0.118244	0.11279	0.0363419	0.0492273	0.272121	1.49352	0.110206	0.307932	0.914291	-0.0693759	0.372411	0.894206	-0.020885	0.0468015	0.0185891	0.0573719	0.0437439	0.513564	0.0798585	0.360691	0.797697	-0.0339414	0.27449	1.12702	0.136967	0.297029	1.48279	0.0561857	0.196213	1.49995	0.158157	0.0337057	0.0877915	0.193647	0.122219	0.440152	0.0525868	0.0936323	1.46769	-0.0190309	0.0855357	1.31392	0.207943
133	1.3171	0.0958379	1.57237	0.10062	0.076975	1.26006	-0.0686049	-0.175488	0.0945087	-0.106718	-0.0526559	1.0266	-0.0297354	-0.192863	1.16663	0.123883	-0.158981	0.785528	0.0222409	-0.159752	1.14491	0.171239	-0.138723	0.0277446	-0.0613496	-0.126803	0.54164	-0.08482	-0.185493	0.0578095	-0.245602	0.035861	1.05313	0.185981	-0.015179	1.35066	0.21666	-0.104076	0.967647	0.0520533	-0.137065	0.483397	-0.0764202	-0.137109	0.0778092	-0.272406	-0.0959168	1.51259	0.101885	-0.148768	0.888564	0.0535081	-0.224986	0.902853	0.0914552	-0.0813058	0.0564262	-0.266566	0.0181266	0.515441	-0.102384	-0.23265	0.78847	0.0963379	-0.0982081	1.15875	0.166736	-0.120051	1.49281	0.0356983	-0.0156289	1.51144	0.157865	-0.0786391	0.0938634	-0.122427	-0.0851872	0.481436	-0.161181	0.129599	0.0739486	0.223303	0.228905	1.02858	-0.0203397	0.36433	1.14644	0.103277	0.307304	0.836249	-0.127754	0.332238	1.11421	0.143228	0.0737338	0.027138	0.275264	0.183859	0.513989	0.098137	0.162554	0.0179558	0.0977226	0.132915	1.05593	0.188337	0.185574	1.34567	0.217795	0.271885	0.950511	0.0776366	0.179548	0.45775	0.117055	0.112772	0.0363394	0.049243	0.271073	1.49321	0.10863	0.307773	0.914056	-0.0706759	0.372296	0.89409	-0.0221819	0.0468234	0.0185488	0.0573906	0.0433989	0.513256	0.0787788	0.360762	0.797571	-0.0351585	0.273967	1.1268	0.135512	0.296043	1.48255	0.0546278	0.195145	1.49947	0.156534	0.0337507	0.0877346	0.193684	0.121892	0.439791	0.051533	0.092656	1.46729	-0.0206879	0.0846416	1.31327	0.206091
134	1.32708	0.094686	1.57188	0.0989695	0.0761173	1.25973	-0.070502	-0.175287	0.0936135	-0.116271	-0.0533301	1.02614	-0.0320366	-0.19353	1.16588	0.12223	-0.159307	0.784839	0.020413	-0.160346	1.14417	0.169543	-0.138198	0.0259332	-0.0724499	-0.126438	0.540697	-0.0853909	-0.185975	0.0596233	-0.255869	0.0350886	1.05262	0.18375	-0.0160754	1.34995	0.214852	-0.104611	0.967007	0.0498288	-0.136737	0.482037	-0.0775147	-0.137829	0.0802109	-0.282571	-0.0969855	1.51192	0.100233	-0.149178	0.887872	0.051716	-0.225375	0.902061	0.0897546	-0.0819166	0.0589415	-0.277441	0.0184215	0.51436	-0.102915	-0.232885	0.787658	0.0946113	-0.0988107	1.15809	0.164969	-0.121148	1.49218	0.0340581	-0.0166912	1.51079	0.15619	-0.0785291	0.0934717	-0.13257	-0.0850299	0.481635	-0.162437	0.129656	0.0740154	0.223213	0.228195	1.02843	-0.0224739	0.363762	1.14632	0.101882	0.307219	0.835819	-0.128897	0.33172	1.11408	0.141838	0.0738715	0.0272139	0.275321	0.18354	0.513762	0.0967817	0.162555	0.01797	0.0977404	0.132128	1.0555	0.186134	0.184408	1.34501	0.215993	0.271335	0.950306	0.0754583	0.179286	0.457569	0.115865	0.11275	0.0363373	0.0492569	0.269953	1.49289	0.107058	0.307593	0.913725	-0.0719227	0.372168	0.89392	-0.0234177	0.0468381	0.0185019	0.0573975	0.0430449	0.512933	0.0776526	0.360849	0.797383	-0.0362557	0.273382	1.12657	0.134042	0.294996	1.48231	0.0530743	0.193994	1.49898	0.1549	0.0337672	0.0876638	0.193704	0.121553	0.439413	0.0504668	0.091628	1.46688	-0.0223773	0.0836586	1.31262	0.204208
135	1.33705	0.0934673	1.57138	0.0972779	0.0752297	1.25938	-0.0724342	-0.175025	0.0928705	-0.125335	-0.0539776	1.02566	-0.0343802	-0.194259	1.16512	0.120522	-0.159666	0.784134	0.0185616	-0.161009	1.14343	0.167797	-0.137541	0.0243762	-0.083081	-0.126173	0.539782	-0.0859598	-0.186513	0.0614675	-0.265561	0.0342944	1.05211	0.181511	-0.0170635	1.34923	0.212986	-0.10517	0.966379	0.0475747	-0.13649	0.480698	-0.0785338	-0.138644	0.0826316	-0.292218	-0.0981196	1.51123	0.0985169	-0.149632	0.887166	0.049891	-0.225813	0.901256	0.0880087	-0.0826079	0.0615207	-0.287817	0.0186123	0.513347	-0.103491	-0.233166	0.786831	0.0928454	-0.0994837	1.15742	0.163162	-0.122302	1.49153	0.0323543	-0.0178272	1.51012	0.154459	-0.0783727	0.0932689	-0.142293	-0.0850184	0.481827	-0.163611	0.129678	0.0740782	0.223129	0.227507	1.02826	-0.0245908	0.363105	1.14619	0.100459	0.307123	0.83527	-0.129955	0.331108	1.11394	0.140414	0.0739756	0.0272863	0.275372	0.183204	0.513524	0.0954301	0.162539	0.0179889	0.0977516	0.13132	1.05507	0.183927	0.183155	1.34435	0.214193	0.270762	0.950086	0.0733111	0.179001	0.457378	0.114676	0.112726	0.0363349	0.049269	0.268765	1.49255	0.105485	0.307386	0.913306	-0.0731238	0.37202	0.8937	-0.0245981	0.046844	0.0184493	0.0573943	0.0426852	0.512597	0.0764756	0.360938	0.797136	-0.0372483	0.272728	1.12633	0.132557	0.29389	1.48206	0.0515215	0.192761	1.49849	0.15325	0.0337555	0.0875836	0.193705	0.121205	0.43902	0.049387	0.0905496	1.46646	-0.024103	0.0825922	1.312	0.202292
136	1.34703	0.0921854	1.57089	0.0955393	0.0743143	1.25903	-0.0744018	-0.174713	0.092256	-0.133905	-0.0546049	1.02517	-0.03676	-0.195052	1.16435	0.118755	-0.160059	0.783413	0.0166915	-0.161744	1.14269	0.165999	-0.136773	0.0230521	-0.0932105	-0.126009	0.538896	-0.0865465	-0.187077	0.0632903	-0.274677	0.0334747	1.05161	0.179266	-0.0181379	1.34851	0.211061	-0.105755	0.96576	0.045295	-0.136327	0.479386	-0.0795106	-0.139515	0.085024	-0.301336	-0.0993176	1.51052	0.0967335	-0.150132	0.886447	0.0480363	-0.226304	0.90044	0.086216	-0.0833425	0.0641164	-0.297661	0.0186983	0.512411	-0.10414	-0.233494	0.785992	0.0910423	-0.10023	1.15675	0.161315	-0.12351	1.49087	0.0305819	-0.0190348	1.50946	0.15267	-0.0781759	0.0932256	-0.151558	-0.0851444	0.482004	-0.164726	0.129669	0.0741383	0.223052	0.226841	1.02805	-0.0267008	0.362358	1.14603	0.0990142	0.307011	0.834619	-0.13094	0.330398	1.11379	0.13896	0.0740477	0.0273595	0.275417	0.182851	0.513279	0.0940823	0.162511	0.0180111	0.0977579	0.130489	1.05465	0.181723	0.181826	1.34371	0.212392	0.270164	0.949859	0.0711991	0.178695	0.45718	0.113486	0.112702	0.0363318	0.0492797	0.26751	1.49222	0.103904	0.307147	0.912808	-0.0742862	0.371841	0.893433	-0.0257282	0.0468402	0.0183922	0.0573836	0.0423224	0.51225	0.0752465	0.361012	0.796834	-0.0381509	0.271997	1.12608	0.131052	0.292728	1.48181	0.0499644	0.19145	1.498	0.15158	0.0337186	0.0874988	0.193688	0.120854	0.438618	0.0482926	0.0894225	1.46604	-0.0258687	0.0814493	1.31139	0.200344
137	1.35701	0.0908441	1.5704	0.0937484	0.0733738	1.25866	-0.0764042	-0.174362	0.0917466	-0.141979	-0.0552211	1.02464	-0.0391685	-0.195907	1.16358	0.116925	-0.160487	0.782678	0.0148068	-0.16255	1.14194	0.164146	-0.135921	0.0219367	-0.102809	-0.125946	0.538037	-0.0871704	-0.187639	0.0650435	-0.283225	0.0326245	1.05113	0.177019	-0.0192925	1.34778	0.209077	-0.10637	0.965152	0.0429933	-0.13625	0.478106	-0.0804772	-0.140401	0.0873423	-0.309919	-0.100578	1.50981	0.0948792	-0.150678	0.885718	0.0461539	-0.226848	0.899616	0.0843762	-0.0840829	0.0666796	-0.306949	0.0186813	0.511555	-0.104886	-0.233876	0.785144	0.0892034	-0.101049	1.15607	0.159425	-0.124769	1.4902	0.0287356	-0.0203107	1.5088	0.150816	-0.0779468	0.0933115	-0.160335	-0.0853949	0.482159	-0.165802	0.129633	0.0741978	0.22298	0.226199	1.02781	-0.0288161	0.361522	1.14586	0.0975505	0.30688	0.833883	-0.131867	0.32959	1.11363	0.137476	0.0740921	0.0274381	0.275454	0.182487	0.513032	0.0927372	0.162474	0.0180351	0.0977606	0.129631	1.05426	0.179528	0.18043	1.3431	0.210588	0.269537	0.94963	0.0691251	0.178373	0.456979	0.112294	0.11268	0.0363275	0.0492892	0.266193	1.49188	0.102311	0.306871	0.912244	-0.0754166	0.371624	0.893125	-0.0268131	0.0468267	0.0183324	0.0573688	0.0419586	0.511896	0.0739673	0.361057	0.796485	-0.0389773	0.271184	1.12582	0.129524	0.291515	1.48156	0.048397	0.190068	1.49751	0.149881	0.0336615	0.0874152	0.193652	0.120502	0.438209	0.0471828	0.0882486	1.46562	-0.027678	0.0802378	1.31081	0.198362
138	1.36699	0.0894468	1.56991	0.0919007	0.0724106	1.25828	-0.07844	-0.173985	0.0913205	-0.149561	-0.0558372	1.02409	-0.0415981	-0.196823	1.1628	0.115029	-0.160955	0.781929	0.0129101	-0.163426	1.14121	0.162235	-0.135017	0.0210047	-0.111851	-0.125978	0.537206	-0.0878508	-0.18817	0.0666855	-0.291213	0.031738	1.05066	0.174771	-0.0205211	1.34707	0.207036	-0.107015	0.964555	0.0406734	-0.136256	0.476865	-0.0814633	-0.141265	0.0895434	-0.317963	-0.101898	1.5091	0.0929517	-0.151271	0.884981	0.0442457	-0.227448	0.898789	0.0824901	-0.0847949	0.0691613	-0.31566	0.0185663	0.51078	-0.105742	-0.234315	0.784293	0.08733	-0.101942	1.1554	0.15749	-0.126076	1.48951	0.0268109	-0.0216514	1.50814	0.148895	-0.0776959	0.0934955	-0.168598	-0.0857531	0.482284	-0.166866	0.129577	0.0742597	0.222914	0.225575	1.02755	-0.0309491	0.360597	1.14567	0.0960723	0.306725	0.833082	-0.132748	0.328679	1.11347	0.135967	0.0741151	0.0275275	0.275484	0.182114	0.512788	0.0913933	0.162434	0.0180593	0.097761	0.128741	1.05388	0.177344	0.178978	1.34251	0.208776	0.26888	0.949407	0.0670907	0.17804	0.45678	0.111098	0.112662	0.0363217	0.049298	0.264818	1.49154	0.100698	0.306555	0.911627	-0.0765216	0.37136	0.892782	-0.0278576	0.0468048	0.0182716	0.0573538	0.0415948	0.511537	0.0726423	0.36106	0.796097	-0.0397397	0.270281	1.12555	0.127969	0.290252	1.4813	0.0468124	0.188618	1.49704	0.148147	0.0335903	0.0873387	0.193599	0.120154	0.437799	0.0460574	0.0870303	1.46519	-0.0295342	0.0789655	1.31025	0.196348
139	1.37697	0.0879968	1.56944	0.0899928	0.0714271	1.25788	-0.0805074	-0.173597	0.0909574	-0.156652	-0.0564652	1.02352	-0.0440414	-0.197798	1.16203	0.113065	-0.161466	0.781172	0.011003	-0.164371	1.14048	0.160263	-0.134095	0.0202298	-0.120315	-0.1261	0.536404	-0.0886063	-0.18865	0.0681818	-0.298651	0.0308096	1.0502	0.172522	-0.0218176	1.34636	0.20494	-0.107693	0.96397	0.0383381	-0.136342	0.475671	-0.082496	-0.142075	0.0915883	-0.325469	-0.103277	1.50838	0.0909498	-0.151912	0.88424	0.0423127	-0.228104	0.897962	0.0805592	-0.0854507	0.0715132	-0.323778	0.0183608	0.510085	-0.106719	-0.234815	0.783444	0.0854234	-0.102903	1.15473	0.15551	-0.127428	1.48881	0.0248042	-0.0230535	1.50751	0.146901	-0.0774359	0.0937463	-0.176329	-0.0861995	0.482372	-0.16794	0.129509	0.0743279	0.222849	0.224965	1.02728	-0.0331108	0.359584	1.14548	0.0945828	0.306543	0.832233	-0.133593	0.327665	1.11331	0.134433	0.074124	0.0276331	0.275507	0.181734	0.512551	0.0900486	0.162394	0.0180826	0.0977604	0.127813	1.05354	0.175173	0.177478	1.34197	0.20695	0.268188	0.949197	0.0650955	0.177698	0.456586	0.109898	0.112648	0.0363146	0.0493065	0.263387	1.49122	0.0990563	0.306194	0.910969	-0.0776075	0.371041	0.892412	-0.0288668	0.0467764	0.0182113	0.0573419	0.0412306	0.511177	0.0712774	0.36101	0.79568	-0.0404495	0.269284	1.12528	0.126384	0.288943	1.48106	0.0452034	0.187107	1.49658	0.146372	0.0335112	0.0872753	0.193532	0.119811	0.437392	0.0449165	0.0857695	1.46477	-0.0314399	0.0776392	1.30972	0.194301
140	1.38695	0.0864965	1.56898	0.0880226	0.0704245	1.25747	-0.0826046	-0.173216	0.0906391	-0.163259	-0.0571171	1.02292	-0.0464922	-0.198829	1.16126	0.111032	-0.162026	0.780411	0.00908614	-0.165381	1.13977	0.158229	-0.133188	0.0195854	-0.128184	-0.126304	0.535631	-0.0894543	-0.189067	0.069506	-0.305552	0.029834	1.04976	0.170271	-0.0231764	1.34568	0.20279	-0.108404	0.9634	0.0359903	-0.136501	0.474532	-0.083598	-0.142807	0.0934425	-0.332439	-0.104713	1.50767	0.088873	-0.152604	0.883498	0.0403556	-0.228818	0.897143	0.0785854	-0.0860311	0.0736893	-0.331296	0.018074	0.509462	-0.107822	-0.235379	0.782605	0.0834854	-0.103931	1.15408	0.15348	-0.128823	1.48811	0.0227129	-0.0245135	1.5069	0.144833	-0.0771808	0.0940329	-0.183513	-0.0867129	0.482416	-0.16905	0.129434	0.0744069	0.222785	0.22436	1.02701	-0.0353087	0.358482	1.14528	0.0930843	0.306328	0.831354	-0.134412	0.326548	1.11315	0.132878	0.0741262	0.0277599	0.275525	0.181347	0.512326	0.088701	0.162356	0.0181042	0.09776	0.126838	1.05322	0.173013	0.17594	1.34148	0.205105	0.26746	0.949005	0.0631378	0.177351	0.456404	0.108691	0.11264	0.0363063	0.0493149	0.261906	1.49091	0.0973794	0.305783	0.910287	-0.0786803	0.37066	0.892026	-0.0298458	0.0467446	0.0181529	0.0573359	0.0408646	0.510821	0.06988	0.360896	0.795244	-0.0411171	0.268191	1.12502	0.124765	0.287589	1.48082	0.0435627	0.185541	1.49615	0.144551	0.0334298	0.0872304	0.193452	0.119473	0.436993	0.0437611	0.0844684	1.46434	-0.0333973	0.0762648	1.30922	0.192221
141	1.39692	0.0849471	1.56855	0.0859894	0.0694034	1.25706	-0.0847293	-0.17286	0.0903491	-0.169385	-0.0578047	1.0223	-0.0489459	-0.199914	1.1605	0.10893	-0.162639	0.779649	0.00715911	-0.166453	1.13907	0.156133	-0.132333	0.0190453	-0.135445	-0.126581	0.534889	-0.0904102	-0.189416	0.070639	-0.311926	0.0288068	1.04934	0.168016	-0.0245927	1.34503	0.200589	-0.109151	0.962846	0.033632	-0.136729	0.473453	-0.0847882	-0.143447	0.0950769	-0.338875	-0.106204	1.50696	0.0867214	-0.153347	0.882761	0.0383745	-0.229591	0.896335	0.076571	-0.0865262	0.075647	-0.338209	0.0177165	0.508904	-0.109052	-0.236011	0.781782	0.081518	-0.105022	1.15343	0.151398	-0.130258	1.48742	0.0205358	-0.0260288	1.50633	0.142689	-0.0769455	0.0943253	-0.190144	-0.0872727	0.482412	-0.170216	0.129361	0.0745014	0.222718	0.223751	1.02676	-0.0375458	0.357293	1.14509	0.0915777	0.306072	0.830461	-0.135215	0.325327	1.113	0.131303	0.0741285	0.0279124	0.275539	0.180954	0.512118	0.0873484	0.162323	0.0181242	0.0977609	0.125811	1.05292	0.170863	0.174367	1.34105	0.203233	0.266692	0.948837	0.0612142	0.177	0.456237	0.107475	0.112636	0.0362975	0.0493237	0.260377	1.49063	0.0956599	0.305319	0.909593	-0.0797458	0.370211	0.891632	-0.0308003	0.0467126	0.0180972	0.057338	0.0404938	0.510471	0.0684579	0.360709	0.794801	-0.0417525	0.267002	1.12477	0.12311	0.286191	1.4806	0.0418832	0.183925	1.49575	0.142677	0.0333505	0.0872085	0.193364	0.119138	0.436606	0.0425926	0.0831283	1.46393	-0.0354077	0.0748465	1.30876	0.19011
142	1.4069	0.0833489	1.56814	0.0838941	0.0683631	1.25664	-0.0868798	-0.172547	0.0900724	-0.175034	-0.0585381	1.02167	-0.0513994	-0.201051	1.15977	0.106761	-0.163309	0.778894	0.00522082	-0.167583	1.1384	0.153974	-0.131561	0.0185833	-0.14209	-0.126922	0.534179	-0.0914874	-0.1897	0.0715686	-0.317783	0.0277249	1.04895	0.165753	-0.0260621	1.34441	0.198339	-0.109934	0.96231	0.0312648	-0.137018	0.47244	-0.0860809	-0.143992	0.0964672	-0.344783	-0.10775	1.50627	0.084495	-0.154145	0.882034	0.0363688	-0.230422	0.895545	0.0745183	-0.0869357	0.0773475	-0.344518	0.0172987	0.508402	-0.110404	-0.236712	0.780982	0.0795235	-0.106171	1.15282	0.149262	-0.131734	1.48672	0.0182732	-0.0275974	1.5058	0.140469	-0.0767449	0.0945945	-0.196216	-0.0878595	0.482353	-0.171461	0.129292	0.0746159	0.222647	0.223125	1.02653	-0.0398191	0.356017	1.1449	0.0900626	0.305771	0.82957	-0.13601	0.324007	1.11287	0.129709	0.0741363	0.028094	0.275552	0.180554	0.511929	0.0859892	0.162293	0.0181428	0.0977645	0.124723	1.05265	0.168715	0.172767	1.34067	0.20133	0.265884	0.948695	0.0593197	0.176644	0.456089	0.10625	0.112636	0.0362891	0.0493332	0.258803	1.49039	0.0938913	0.304797	0.908901	-0.0808094	0.369689	0.89124	-0.0317364	0.0466838	0.0180445	0.0573493	0.040114	0.510131	0.0670192	0.360443	0.794361	-0.0423654	0.265719	1.12454	0.121419	0.28475	1.4804	0.0401587	0.182263	1.4954	0.140747	0.0332758	0.0872129	0.193271	0.118803	0.436234	0.0414128	0.0817503	1.46353	-0.0374717	0.073387	1.30833	0.187967
143	1.41688	0.0817006	1.56775	0.081739	0.0673018	1.25622	-0.0890549	-0.172295	0.0897953	-0.180207	-0.0593256	1.02104	-0.0538521	-0.202238	1.15906	0.104525	-0.164038	0.77815	0.00326959	-0.168769	1.13776	0.151753	-0.1309	0.0181743	-0.148113	-0.12732	0.533502	-0.0926957	-0.189931	0.0722876	-0.323129	0.0265864	1.04857	0.163478	-0.0275811	1.34384	0.196041	-0.110754	0.961792	0.028889	-0.137362	0.471497	-0.0874855	-0.144446	0.0975943	-0.350167	-0.109349	1.50559	0.0821942	-0.154997	0.881322	0.0343381	-0.231312	0.894779	0.072429	-0.0872678	0.078757	-0.35023	0.0168302	0.507943	-0.111876	-0.237481	0.78021	0.0775038	-0.107375	1.15222	0.147072	-0.133249	1.48604	0.0159266	-0.0292185	1.50531	0.138172	-0.0765927	0.0948137	-0.201731	-0.0884572	0.482235	-0.1728	0.129232	0.0747543	0.222571	0.222469	1.02632	-0.0421205	0.354657	1.14474	0.088537	0.305414	0.828695	-0.136806	0.32259	1.11277	0.128099	0.0741532	0.0283068	0.275566	0.180141	0.511762	0.0846224	0.162267	0.0181612	0.0977724	0.12357	1.05239	0.166561	0.17114	1.34034	0.199389	0.265032	0.948581	0.0574482	0.176281	0.455963	0.105015	0.112637	0.0362823	0.0493438	0.257184	1.49017	0.0920683	0.304212	0.908225	-0.0818767	0.369088	0.890861	-0.0326609	0.046661	0.0179949	0.05737	0.03972	0.509805	0.0655718	0.360089	0.793935	-0.0429657	0.264348	1.12434	0.119691	0.283266	1.48022	0.0383836	0.180559	1.49508	0.13876	0.0332066	0.0872453	0.193176	0.11846	0.435879	0.0402242	0.0803348	1.46314	-0.0395892	0.0718873	1.30793	0.185792
144	1.42686	0.0799998	1.56739	0.0795274	0.0662166	1.25581	-0.0912543	-0.17212	0.0895047	-0.184907	-0.0601729	1.02041	-0.0563054	-0.203474	1.15838	0.102225	-0.164826	0.777422	0.00130328	-0.170009	1.13715	0.149472	-0.130372	0.0177944	-0.153514	-0.127768	0.532858	-0.0940416	-0.190124	0.0727927	-0.327972	0.0253907	1.04822	0.161187	-0.0291467	1.34331	0.193697	-0.11161	0.961292	0.0265043	-0.137757	0.470626	-0.089007	-0.144821	0.0984438	-0.355032	-0.111	1.50493	0.0798188	-0.155906	0.880629	0.0322811	-0.23226	0.89404	0.0703047	-0.0875376	0.0798477	-0.355354	0.0163192	0.507518	-0.11346	-0.238318	0.77947	0.0754607	-0.108632	1.15166	0.144825	-0.134804	1.48538	0.0134985	-0.0308925	1.50486	0.135801	-0.0765007	0.0949589	-0.206691	-0.0890538	0.482055	-0.174245	0.12918	0.0749193	0.222491	0.22177	1.02615	-0.0444371	0.353216	1.1446	0.086998	0.304995	0.827849	-0.137611	0.321085	1.11269	0.126472	0.0741808	0.0285512	0.275584	0.179712	0.511618	0.0832474	0.162242	0.0181805	0.0977864	0.122347	1.05215	0.164394	0.169487	1.34008	0.197407	0.264136	0.948492	0.0555921	0.175905	0.455859	0.103771	0.112636	0.0362785	0.049356	0.255522	1.49	0.0901867	0.303559	0.907576	-0.0829531	0.368404	0.890501	-0.0335814	0.0466466	0.0179482	0.0573997	0.0393059	0.509494	0.0641228	0.359642	0.793533	-0.0435638	0.262896	1.12418	0.117928	0.281736	1.48008	0.0365534	0.178814	1.49481	0.136713	0.0331415	0.0873055	0.193083	0.118103	0.435542	0.0390293	0.0788818	1.46277	-0.0417596	0.0703471	1.30757	0.183583
145	1.43684	0.0782434	1.56706	0.0772635	0.0651039	1.2554	-0.0934787	-0.172034	0.0891883	-0.189136	-0.0610828	1.01979	-0.0587628	-0.20476	1.15773	0.0998625	-0.165675	0.776714	-0.000680521	-0.171301	1.13657	0.147132	-0.129993	0.0174214	-0.158296	-0.128262	0.532244	-0.0955269	-0.1903	0.0730833	-0.332314	0.0241383	1.04789	0.158873	-0.0307565	1.34283	0.191309	-0.112503	0.96081	0.0241086	-0.138201	0.469825	-0.0906453	-0.145134	0.0990058	-0.359386	-0.112704	1.5043	0.0773682	-0.15687	0.879958	0.0301967	-0.233265	0.893331	0.0681461	-0.0877652	0.0805978	-0.359904	0.0157715	0.507113	-0.11515	-0.239222	0.778764	0.0733951	-0.10994	1.15113	0.142522	-0.136401	1.48474	0.0109925	-0.0326206	1.50446	0.133358	-0.0764783	0.0950094	-0.211104	-0.0896417	0.481812	-0.175801	0.129136	0.0751126	0.222409	0.221018	1.02602	-0.0467538	0.351698	1.14449	0.0854418	0.304504	0.827044	-0.138432	0.3195	1.11266	0.124829	0.0742183	0.0288263	0.275608	0.179262	0.511495	0.081864	0.162217	0.0182025	0.0978083	0.12105	1.05192	0.162202	0.167808	1.33987	0.195378	0.263194	0.948428	0.0537435	0.175513	0.455777	0.102517	0.112631	0.0362788	0.0493702	0.253816	1.48987	0.0882439	0.302833	0.906964	-0.0840441	0.367634	0.89017	-0.034506	0.0466418	0.0179041	0.0574372	0.0388651	0.5092	0.0626779	0.359097	0.793161	-0.0441709	0.261371	1.12406	0.116135	0.280159	1.47997	0.034665	0.177028	1.49458	0.134606	0.0330776	0.0873918	0.192995	0.117724	0.435223	0.0378307	0.0773905	1.46241	-0.0439821	0.0687649	1.30723	0.18134
146	1.44681	0.0764276	1.56675	0.0749514	0.0639594	1.255	-0.09573	-0.172048	0.0888338	-0.192898	-0.0620556	1.0192	-0.0612299	-0.206098	1.15711	0.0974403	-0.166581	0.776028	-0.0026844	-0.172648	1.13603	0.144735	-0.12977	0.0170356	-0.162469	-0.128797	0.531659	-0.0971493	-0.190479	0.0731598	-0.336162	0.0228308	1.04758	0.156532	-0.0324092	1.3424	0.188875	-0.113434	0.960343	0.0216984	-0.138691	0.469091	-0.092396	-0.145405	0.0992748	-0.363237	-0.114459	1.5037	0.0748415	-0.157889	0.879313	0.0280834	-0.234326	0.892655	0.0659532	-0.0879734	0.0809934	-0.363897	0.0151905	0.506719	-0.116937	-0.240188	0.778094	0.0713074	-0.111302	1.15064	0.140165	-0.138043	1.48411	0.00841237	-0.0344051	1.50409	0.130848	-0.0765313	0.094949	-0.214981	-0.0902184	0.481504	-0.177468	0.129095	0.0753342	0.222328	0.2202	1.02591	-0.0490554	0.350109	1.14441	0.0838638	0.303932	0.826289	-0.139279	0.317846	1.11266	0.123169	0.0742632	0.0291296	0.275642	0.178785	0.511392	0.0804729	0.162187	0.018229	0.09784	0.11968	1.0517	0.159978	0.166099	1.33971	0.193301	0.262205	0.948383	0.0518935	0.175096	0.455715	0.101254	0.112619	0.0362847	0.0493868	0.252063	1.48978	0.0862386	0.302029	0.906397	-0.0851557	0.366775	0.889871	-0.0354439	0.0466473	0.0178624	0.0574808	0.0383915	0.50892	0.0612418	0.358448	0.792825	-0.0447987	0.259784	1.12398	0.114314	0.278533	1.4799	0.0327165	0.175199	1.4944	0.132441	0.0330105	0.0875008	0.192913	0.117313	0.43492	0.0366307	0.0758596	1.46207	-0.0462555	0.0671382	1.30693	0.179059
147	1.45679	0.0745486	1.56647	0.0725949	0.0627786	1.25462	-0.0980115	-0.172166	0.0884303	-0.196197	-0.0630885	1.01864	-0.0637132	-0.207488	1.15653	0.0949608	-0.167541	0.775365	-0.00471098	-0.17405	1.13552	0.142284	-0.1297	0.0166209	-0.166046	-0.129373	0.531098	-0.0989015	-0.190682	0.0730239	-0.339522	0.0214707	1.04729	0.154157	-0.0341042	1.34202	0.186396	-0.114404	0.95989	0.0192686	-0.139227	0.468418	-0.0942497	-0.145658	0.0992492	-0.366596	-0.116267	1.50313	0.0722374	-0.158964	0.878693	0.0259398	-0.235443	0.892009	0.0637255	-0.0881858	0.081028	-0.367355	0.0145774	0.506323	-0.118812	-0.241214	0.777456	0.0691967	-0.112717	1.15019	0.137754	-0.139732	1.48351	0.00576183	-0.0362492	1.50374	0.128271	-0.0766619	0.0947663	-0.21834	-0.0907855	0.48113	-0.17924	0.129054	0.0755831	0.22225	0.219311	1.02583	-0.0513295	0.348455	1.14437	0.0822597	0.30327	0.82559	-0.140159	0.316132	1.1127	0.121494	0.074311	0.0294572	0.275685	0.178273	0.511305	0.0790747	0.16215	0.0182614	0.0978831	0.118238	1.05147	0.157712	0.164355	1.33958	0.191173	0.261168	0.94835	0.0500334	0.174649	0.45567	0.0999851	0.112595	0.0362968	0.0494061	0.250263	1.48973	0.084171	0.301144	0.905881	-0.0862939	0.365826	0.88961	-0.0364047	0.0466625	0.017823	0.0575281	0.0378792	0.508653	0.0598173	0.357691	0.792529	-0.0454597	0.258145	1.12395	0.112472	0.276855	1.47986	0.0307071	0.173326	1.49425	0.130219	0.0329349	0.0876281	0.19284	0.116864	0.434631	0.0354314	0.0742872	1.46174	-0.0485789	0.0654643	1.30665	0.176737
148	1.46677	0.0726036	1.5662	0.0701963	0.0615567	1.25425	-0.100328	-0.172386	0.0879677	-0.199046	-0.0641769	1.01811	-0.0662204	-0.208933	1.15598	0.0924263	-0.168553	0.774725	-0.00676283	-0.175509	1.13505	0.13978	-0.129773	0.0161657	-0.169048	-0.129988	0.530554	-0.100772	-0.190926	0.0726775	-0.342403	0.0200608	1.04702	0.151744	-0.0358427	1.34168	0.183868	-0.115414	0.959448	0.0168126	-0.139809	0.467798	-0.0961928	-0.145915	0.0989321	-0.369481	-0.118128	1.50259	0.0695549	-0.160091	0.878098	0.0237643	-0.236613	0.891392	0.0614618	-0.0884249	0.0807041	-0.370307	0.0139318	0.505916	-0.120764	-0.242296	0.776848	0.0670615	-0.114189	1.14977	0.135291	-0.141471	1.48293	0.00304412	-0.0381559	1.50342	0.125633	-0.0768688	0.0944557	-0.221202	-0.0913483	0.480691	-0.181102	0.129006	0.0758569	0.222179	0.218347	1.02577	-0.0535679	0.346746	1.14436	0.0806249	0.302509	0.824953	-0.141082	0.314372	1.11278	0.119801	0.0743564	0.0298047	0.27574	0.177723	0.51123	0.0776706	0.162103	0.0183012	0.097939	0.116728	1.05125	0.155398	0.162571	1.33949	0.188991	0.260083	0.948324	0.0481542	0.174163	0.455639	0.0987109	0.11256	0.0363158	0.0494282	0.248413	1.48971	0.0820424	0.300173	0.905419	-0.0874649	0.364786	0.889386	-0.0373986	0.0466863	0.0177859	0.0575767	0.0373233	0.508396	0.0584058	0.356825	0.792273	-0.0461667	0.256464	1.12397	0.110614	0.275121	1.47985	0.0286374	0.171404	1.49413	0.127942	0.0328455	0.0877687	0.192775	0.11637	0.434352	0.0342342	0.0726709	1.46143	-0.0509516	0.06374	1.30638	0.174369
149	1.47675	0.070591	1.56596	0.0677562	0.0602893	1.25389	-0.102684	-0.172704	0.0874385	-0.201462	-0.0653142	1.01762	-0.0687593	-0.210438	1.15545	0.0898384	-0.169611	0.774105	-0.00884238	-0.17703	1.1346	0.137226	-0.129973	0.0156639	-0.171504	-0.130644	0.530022	-0.102743	-0.191227	0.0721236	-0.344824	0.0186042	1.04677	0.149289	-0.0376274	1.34137	0.18129	-0.116466	0.959017	0.0143225	-0.140437	0.467219	-0.0982076	-0.146197	0.0983305	-0.371915	-0.120044	1.50208	0.0667932	-0.16127	0.877524	0.0215552	-0.237835	0.8908	0.0591604	-0.0887108	0.0800334	-0.372787	0.0132522	0.505488	-0.122779	-0.243429	0.776264	0.0648994	-0.115723	1.14939	0.13278	-0.143264	1.48237	0.00026168	-0.0401286	1.50311	0.122934	-0.0771466	0.0940177	-0.2236	-0.0919142	0.480189	-0.183037	0.128948	0.0761523	0.222118	0.217306	1.02571	-0.0557686	0.34499	1.14439	0.0789549	0.301644	0.824381	-0.142056	0.312575	1.11289	0.118089	0.0743937	0.0301672	0.275805	0.177128	0.511162	0.0762617	0.162044	0.0183494	0.0980082	0.115157	1.05102	0.153031	0.160738	1.33942	0.186753	0.25895	0.948298	0.0462473	0.173635	0.455616	0.0974334	0.112509	0.0363416	0.049453	0.246508	1.48971	0.079855	0.299113	0.905012	-0.0886751	0.363656	0.8892	-0.0384361	0.0467171	0.0177514	0.0576237	0.0367203	0.508144	0.0570067	0.355846	0.792057	-0.0469325	0.25475	1.12402	0.108743	0.273329	1.47986	0.0265088	0.169429	1.49402	0.125612	0.0327373	0.0879174	0.192718	0.115825	0.434079	0.03304	0.0710078	1.46112	-0.0533734	0.061962	1.30612	0.17195
150	1.48673	0.0685116	1.56572	0.0652725	0.0589719	1.25354	-0.105087	-0.173107	0.0868378	-0.203471	-0.066493	1.01715	-0.0713371	-0.212005	1.15494	0.0871983	-0.170711	0.773499	-0.0109519	-0.178615	1.13418	0.134622	-0.130274	0.0151158	-0.173453	-0.131338	0.529493	-0.104795	-0.191595	0.0713665	-0.346808	0.0171042	1.04653	0.146787	-0.0394633	1.34108	0.178656	-0.117563	0.958594	0.0117896	-0.14111	0.46667	-0.100273	-0.146521	0.0974564	-0.373932	-0.122017	1.50159	0.0639521	-0.162498	0.876968	0.0193109	-0.239109	0.890225	0.0568192	-0.0890595	0.0790368	-0.374837	0.012537	0.505035	-0.124843	-0.244611	0.775697	0.0627073	-0.117321	1.14903	0.130222	-0.145113	1.48182	-0.00258415	-0.0421701	1.50281	0.120177	-0.0774873	0.0934588	-0.225572	-0.0924925	0.479627	-0.185022	0.128873	0.0764651	0.222069	0.216193	1.02565	-0.0579352	0.343196	1.14444	0.0772454	0.300667	0.823873	-0.143088	0.310752	1.11303	0.116356	0.0744175	0.03054	0.275879	0.176485	0.511096	0.0748492	0.161972	0.0184063	0.0980906	0.113532	1.0508	0.150609	0.15885	1.33937	0.184459	0.257767	0.948265	0.0443044	0.173059	0.455597	0.0961543	0.112444	0.0363735	0.0494801	0.244547	1.48974	0.0776117	0.297962	0.904659	-0.0899306	0.362437	0.889049	-0.0395276	0.0467528	0.0177196	0.0576667	0.036068	0.507893	0.0556186	0.354757	0.791877	-0.0477693	0.253012	1.12411	0.106863	0.271477	1.47989	0.0243235	0.167396	1.49393	0.123231	0.0326064	0.0880695	0.192668	0.115228	0.433809	0.031849	0.0692947	1.46083	-0.0558449	0.0601274	1.30586	0.169475
151	1.4967	0.0663683	1.56548	0.0627405	0.0576007	1.25321	-0.107545	-0.173579	0.0861652	-0.205108	-0.0677056	1.01672	-0.07396	-0.213638	1.15445	0.0845062	-0.171851	0.772904	-0.0130933	-0.180269	1.13377	0.131969	-0.130649	0.0145285	-0.174941	-0.132071	0.528961	-0.106904	-0.192034	0.0704125	-0.348389	0.0155633	1.04631	0.144236	-0.0413577	1.34081	0.17596	-0.118707	0.958182	0.00920556	-0.141826	0.466138	-0.102365	-0.146904	0.0963266	-0.37557	-0.12405	1.50112	0.0610322	-0.163774	0.876423	0.0170297	-0.240435	0.88966	0.0544358	-0.0894821	0.0777446	-0.37651	0.0117851	0.50455	-0.126935	-0.245839	0.775139	0.0604816	-0.11899	1.14869	0.127619	-0.147022	1.48128	-0.0054931	-0.0442826	1.50249	0.117361	-0.0778798	0.0927916	-0.227169	-0.0930921	0.479008	-0.187034	0.128779	0.0767914	0.222029	0.215012	1.02558	-0.0600773	0.341371	1.14452	0.0754923	0.299575	0.823427	-0.144186	0.30891	1.11318	0.114599	0.0744238	0.030919	0.27596	0.175792	0.51103	0.0734339	0.161886	0.0184718	0.0981851	0.111862	1.05057	0.14813	0.156897	1.33931	0.182106	0.256535	0.948219	0.0423176	0.172432	0.45558	0.0948751	0.112364	0.0364105	0.0495087	0.242526	1.48977	0.0753159	0.29672	0.904357	-0.0912374	0.36113	0.888929	-0.0406827	0.046791	0.0176909	0.0577031	0.0353658	0.507638	0.0542385	0.353559	0.791729	-0.0486878	0.251253	1.12422	0.104975	0.269562	1.47994	0.0220843	0.1653	1.49385	0.120802	0.0324507	0.0882214	0.192622	0.114577	0.433539	0.0306612	0.0675282	1.46053	-0.0583672	0.0582334	1.30559	0.166939
152	1.50668	0.0641667	1.56525	0.0601524	0.0561723	1.25288	-0.110065	-0.174102	0.0854249	-0.206417	-0.0689449	1.0163	-0.0766325	-0.215338	1.15397	0.0817615	-0.173028	0.772313	-0.0152685	-0.181995	1.13337	0.129265	-0.131066	0.0139161	-0.176026	-0.132842	0.528419	-0.109044	-0.192544	0.0692708	-0.349611	0.0139837	1.0461	0.141634	-0.0433202	1.34052	0.173195	-0.119901	0.95778	0.00656282	-0.142581	0.465614	-0.104458	-0.147357	0.0949631	-0.376882	-0.126144	1.50067	0.0580352	-0.165097	0.875885	0.0147098	-0.241811	0.889099	0.0520076	-0.0899842	0.0761954	-0.377862	0.010997	0.504034	-0.129035	-0.24711	0.774583	0.0582185	-0.120732	1.14836	0.124972	-0.148993	1.48074	-0.00846586	-0.0464673	1.50217	0.114488	-0.0783113	0.0920341	-0.228448	-0.0937215	0.478342	-0.189047	0.128664	0.0771271	0.221999	0.21377	1.02549	-0.0622086	0.339523	1.14463	0.0736913	0.298367	0.823038	-0.145355	0.307055	1.11335	0.112813	0.0744103	0.0313015	0.276045	0.175048	0.51096	0.0720167	0.161786	0.018545	0.09829	0.110158	1.05036	0.145596	0.154872	1.33925	0.179694	0.255254	0.948157	0.0402796	0.171754	0.455563	0.093597	0.112272	0.0364511	0.0495379	0.24044	1.4898	0.0729707	0.295386	0.904099	-0.0926006	0.359739	0.888836	-0.0419103	0.0468297	0.0176653	0.0577313	0.0346147	0.507375	0.0528631	0.352257	0.791609	-0.0496974	0.249479	1.12434	0.103079	0.267582	1.47999	0.019794	0.163136	1.49376	0.118324	0.0322701	0.0883709	0.192576	0.113873	0.433266	0.0294759	0.0657049	1.46024	-0.060942	0.0562778	1.30531	0.164337
153	1.51666	0.0619149	1.56501	0.0574979	0.0546836	1.25256	-0.112654	-0.174654	0.0846264	-0.207451	-0.0702056	1.01589	-0.0793572	-0.217107	1.15348	0.0789626	-0.17424	0.77172	-0.0174791	-0.183794	1.13298	0.12651	-0.131494	0.0132986	-0.176771	-0.133646	0.527864	-0.111185	-0.193119	0.0679543	-0.350526	0.012367	1.04591	0.138981	-0.0453623	1.34023	0.170352	-0.121152	0.957392	0.00385587	-0.143369	0.465086	-0.106526	-0.147883	0.0933924	-0.377925	-0.128302	1.50022	0.0549634	-0.166465	0.875347	0.0123495	-0.243238	0.888534	0.049532	-0.0905652	0.0744347	-0.378958	0.0101749	0.503489	-0.131123	-0.248425	0.77402	0.055914	-0.122551	1.14804	0.122281	-0.151028	1.4802	-0.0115038	-0.0487248	1.50184	0.111556	-0.0787677	0.091209	-0.229476	-0.0943876	0.477636	-0.191038	0.128529	0.0774695	0.221975	0.212476	1.02537	-0.0643461	0.337656	1.14474	0.0718379	0.297043	0.822701	-0.146601	0.30519	1.11351	0.110993	0.0743774	0.0316863	0.27613	0.174253	0.510886	0.0705976	0.161674	0.0186246	0.0984023	0.108427	1.05015	0.143008	0.152766	1.33917	0.177221	0.253923	0.948076	0.0381837	0.171026	0.455544	0.0923205	0.112169	0.0364936	0.0495666	0.238289	1.48983	0.070579	0.29396	0.903879	-0.0940248	0.358267	0.888763	-0.0432179	0.0468667	0.0176429	0.0577502	0.0338169	0.507103	0.0514886	0.350857	0.791509	-0.0508049	0.247691	1.12448	0.101171	0.265537	1.48003	0.0174554	0.1609	1.49366	0.115799	0.0320671	0.0885178	0.192528	0.113121	0.43299	0.0282921	0.0638213	1.45995	-0.0635721	0.0542591	1.30502	0.161664
154	1.52664	0.0596225	1.56476	0.0547646	0.0531321	1.25226	-0.11532	-0.175212	0.0837844	-0.20827	-0.0714841	1.01549	-0.0821345	-0.218945	1.15299	0.0761067	-0.175487	0.771119	-0.0197264	-0.185666	1.13258	0.123699	-0.131906	0.0127005	-0.177248	-0.134481	0.527292	-0.113301	-0.193749	0.0664798	-0.351197	0.010714	1.04575	0.136277	-0.0474969	1.3399	0.167423	-0.122461	0.957024	0.00108205	-0.144181	0.464548	-0.108547	-0.148485	0.0916455	-0.378763	-0.130528	1.49977	0.05182	-0.167878	0.874803	0.00994667	-0.244716	0.887959	0.0470064	-0.0912183	0.0725129	-0.379866	0.00932313	0.502924	-0.133177	-0.249783	0.773447	0.0535642	-0.124447	1.14771	0.119544	-0.153129	1.47965	-0.0146083	-0.0510543	1.50149	0.108563	-0.0792348	0.0903421	-0.230321	-0.0950954	0.476905	-0.192989	0.128378	0.0778176	0.221951	0.211135	1.02521	-0.0665083	0.335771	1.14487	0.0699271	0.295607	0.822409	-0.147926	0.303314	1.11368	0.10913	0.0743283	0.0320741	0.276211	0.173411	0.51081	0.0691761	0.161551	0.0187089	0.0985185	0.106677	1.04996	0.140368	0.150573	1.33907	0.174688	0.252543	0.947977	0.0360238	0.17025	0.455525	0.0910451	0.11206	0.0365364	0.0495933	0.236068	1.48984	0.0681431	0.292446	0.903691	-0.0955135	0.356718	0.888707	-0.0446111	0.0469005	0.0176236	0.0577598	0.0329754	0.506822	0.0501114	0.349367	0.791427	-0.0520144	0.245886	1.12461	0.099245	0.263425	1.48007	0.0150708	0.158589	1.49355	0.113225	0.0318466	0.0886633	0.192474	0.112324	0.432711	0.0271087	0.0618742	1.45966	-0.0662605	0.0521765	1.30472	0.158917
155	1.53662	0.0572995	1.5645	0.051939	0.0515157	1.25196	-0.118069	-0.175754	0.0829181	-0.208935	-0.0727799	1.01508	-0.0849632	-0.220851	1.15249	0.0731906	-0.176771	0.770508	-0.0220117	-0.187609	1.13218	0.120829	-0.132275	0.0121491	-0.17753	-0.135342	0.526706	-0.115367	-0.194418	0.0648686	-0.351687	0.00902585	1.04562	0.133525	-0.0497364	1.33954	0.164398	-0.123835	0.956681	-0.0017576	-0.145009	0.463997	-0.1105	-0.149154	0.0897567	-0.379464	-0.132821	1.49931	0.0486085	-0.169336	0.87425	0.00749942	-0.246245	0.887371	0.0444286	-0.0919303	0.0704823	-0.380654	0.00844745	0.502351	-0.135181	-0.251186	0.772858	0.0511655	-0.126419	1.14738	0.116759	-0.155296	1.47909	-0.0177806	-0.0534543	1.50114	0.105508	-0.0796985	0.0894611	-0.231057	-0.0958478	0.476162	-0.194884	0.128217	0.0781721	0.221922	0.209752	1.025	-0.0687139	0.333865	1.14501	0.0679535	0.294065	0.822156	-0.149332	0.301425	1.11385	0.107217	0.0742696	0.0324681	0.276286	0.172523	0.510734	0.0677501	0.161422	0.0187958	0.0986345	0.104914	1.0498	0.137676	0.148286	1.33896	0.172095	0.251112	0.947863	0.0337945	0.169432	0.455511	0.0897688	0.111947	0.036578	0.0496167	0.233777	1.48985	0.0656638	0.290845	0.903527	-0.0970692	0.355097	0.888664	-0.0460938	0.0469297	0.0176069	0.057761	0.0320936	0.506534	0.048728	0.347794	0.791359	-0.0533271	0.244062	1.12474	0.097292	0.261246	1.48011	0.0126413	0.1562	1.49342	0.110602	0.0316155	0.0888108	0.192413	0.111488	0.432432	0.0259236	0.0598608	1.45938	-0.069011	0.0500305	1.30442	0.156092
156	1.54659	0.0549554	1.56424	0.0490081	0.0498326	1.25168	-0.120905	-0.176262	0.08205	-0.20951	-0.074096	1.01466	-0.0878403	-0.22282	1.15198	0.0702105	-0.178096	0.769884	-0.0243364	-0.18962	1.13177	0.117895	-0.132584	0.0116712	-0.177688	-0.136222	0.52611	-0.117362	-0.195106	0.0631455	-0.352064	0.00730371	1.04553	0.130729	-0.0520919	1.33914	0.16127	-0.125277	0.956372	-0.00465778	-0.145842	0.463433	-0.112371	-0.149879	0.0877624	-0.380094	-0.135183	1.49886	0.0453327	-0.170841	0.873684	0.00500545	-0.247828	0.886768	0.0417966	-0.0926825	0.0683943	-0.381385	0.00755505	0.501786	-0.137121	-0.252638	0.772255	0.0487146	-0.128463	1.14704	0.11392	-0.157529	1.47852	-0.0210212	-0.0559221	1.50077	0.10239	-0.0801461	0.0885933	-0.231751	-0.0966453	0.475423	-0.196717	0.128057	0.0785365	0.221882	0.208331	1.02476	-0.0709803	0.331934	1.14515	0.0659111	0.292424	0.821933	-0.150819	0.299515	1.11401	0.105245	0.0742104	0.0328733	0.276352	0.171596	0.510664	0.0663161	0.161289	0.0188831	0.098746	0.103144	1.04966	0.134934	0.145902	1.33882	0.16944	0.24963	0.947737	0.0314909	0.168576	0.455506	0.088488	0.111836	0.0366174	0.0496354	0.231413	1.48984	0.0631407	0.289162	0.903382	-0.0986934	0.353408	0.888633	-0.0476678	0.0469538	0.0175924	0.0577558	0.0311747	0.506241	0.0473355	0.34615	0.791303	-0.0547412	0.242213	1.12487	0.0953008	0.259001	1.48014	0.0101671	0.153733	1.4933	0.107926	0.0313832	0.0889648	0.19234	0.110617	0.432157	0.0247342	0.0577785	1.45911	-0.0718279	0.0478229	1.30413	0.153189
157	1.55657	0.0525971	1.56398	0.0459605	0.0480811	1.25143	-0.123832	-0.176719	0.0812037	-0.210052	-0.0754388	1.01423	-0.0907617	-0.224848	1.15145	0.0671623	-0.179465	0.769247	-0.0267016	-0.191692	1.13136	0.114894	-0.132819	0.0112906	-0.177788	-0.137117	0.525512	-0.119271	-0.195793	0.0613388	-0.352391	0.00554989	1.04549	0.127893	-0.0545709	1.3387	0.158033	-0.12679	0.956106	-0.00760866	-0.146673	0.462863	-0.114153	-0.15064	0.0856991	-0.380711	-0.137615	1.4984	0.0419964	-0.172394	0.873108	0.00246226	-0.249463	0.886152	0.0391089	-0.0934515	0.0662955	-0.382113	0.00665354	0.501251	-0.138993	-0.254142	0.77164	0.0462092	-0.130573	1.14669	0.111021	-0.159829	1.47795	-0.0243294	-0.0584544	1.50041	0.0992061	-0.0805663	0.0877638	-0.232463	-0.0974863	0.474707	-0.198486	0.127907	0.0789169	0.221826	0.206869	1.02448	-0.0733234	0.32997	1.1453	0.0637939	0.290695	0.821736	-0.152384	0.297577	1.11417	0.103205	0.0741627	0.0332971	0.276406	0.170632	0.510607	0.0648689	0.161157	0.0189687	0.0988483	0.101369	1.04955	0.132142	0.143421	1.33867	0.166724	0.248095	0.947605	0.0291083	0.16769	0.455517	0.0871971	0.111728	0.0366539	0.0496483	0.228976	1.48983	0.0605714	0.287401	0.90325	-0.100387	0.351657	0.888615	-0.0493329	0.0469725	0.0175795	0.0577469	0.0302215	0.505949	0.0459317	0.344445	0.79126	-0.0562521	0.240328	1.12499	0.0932584	0.25669	1.48018	0.00764616	0.151187	1.49317	0.105193	0.03116	0.0891312	0.192257	0.109717	0.431891	0.023537	0.0556255	1.45886	-0.0747156	0.0455572	1.30386	0.150206
158	1.56655	0.0502279	1.56373	0.042788	0.0462602	1.2512	-0.12685	-0.177115	0.080402	-0.21061	-0.0768185	1.0138	-0.0937229	-0.226928	1.15093	0.0640426	-0.180886	0.768601	-0.0291091	-0.193817	1.13094	0.11182	-0.132976	0.0110246	-0.177887	-0.138023	0.524922	-0.12109	-0.196456	0.0594784	-0.352721	0.00376812	1.0455	0.125021	-0.0571754	1.33822	0.154683	-0.128376	0.955892	-0.0105961	-0.147492	0.462294	-0.115848	-0.151413	0.0836019	-0.381362	-0.140115	1.49794	0.0386032	-0.173997	0.872522	-0.000132957	-0.251152	0.885529	0.0363646	-0.0942108	0.0642254	-0.382879	0.00575021	0.500768	-0.140798	-0.255701	0.771019	0.0436477	-0.132739	1.14634	0.108056	-0.162196	1.47738	-0.0277037	-0.0610469	1.50007	0.0959545	-0.0809502	0.0869934	-0.233238	-0.098367	0.47403	-0.200201	0.127782	0.0793213	0.221748	0.205363	1.02416	-0.0757566	0.327965	1.14547	0.0615959	0.288887	0.821559	-0.154025	0.295601	1.11434	0.101086	0.0741399	0.0337485	0.276448	0.169637	0.51057	0.0634011	0.161029	0.0190508	0.0989373	0.0995941	1.04949	0.129299	0.140846	1.33851	0.163946	0.246508	0.947477	0.0266426	0.166779	0.45555	0.0858884	0.111628	0.0366874	0.0496546	0.226466	1.48983	0.0579512	0.285569	0.903131	-0.102148	0.349848	0.888614	-0.0510869	0.0469862	0.0175674	0.0577379	0.0292359	0.505664	0.0445147	0.342687	0.791233	-0.0578529	0.238398	1.12512	0.0911504	0.254314	1.48022	0.00507466	0.148566	1.49306	0.102399	0.0309572	0.0893165	0.192162	0.108791	0.431641	0.0223274	0.0534007	1.45864	-0.0776788	0.0432391	1.30363	0.147143
159	1.57653	0.0478459	1.5635	0.0394867	0.0443689	1.25101	-0.129959	-0.177443	0.0796644	-0.21122	-0.0782484	1.01337	-0.0967191	-0.229052	1.1504	0.0608485	-0.182364	0.767951	-0.0315608	-0.195983	1.13052	0.108669	-0.133054	0.0108824	-0.178026	-0.138935	0.524351	-0.12282	-0.197073	0.0575949	-0.353098	0.00196393	1.04559	0.122121	-0.0599004	1.33773	0.151222	-0.130035	0.955741	-0.013602	-0.148295	0.461741	-0.117468	-0.15217	0.0815031	-0.382083	-0.14268	1.49749	0.0351559	-0.175652	0.871933	-0.00278335	-0.252895	0.884906	0.0335636	-0.0949331	0.0622142	-0.38371	0.00485107	0.500358	-0.142546	-0.257319	0.770402	0.0410295	-0.134952	1.14598	0.105016	-0.164627	1.47681	-0.0311416	-0.063695	1.49975	0.0926336	-0.0812914	0.0862975	-0.234104	-0.0992818	0.473406	-0.201875	0.127695	0.0797599	0.221645	0.203804	1.02382	-0.0782906	0.325909	1.14566	0.0593119	0.287013	0.821402	-0.155736	0.293574	1.11453	0.0988792	0.0741564	0.0342378	0.276476	0.168615	0.51056	0.0619035	0.16091	0.0191279	0.0990091	0.0978206	1.04947	0.126407	0.138183	1.33837	0.161105	0.244866	0.94736	0.0240895	0.165851	0.455613	0.0845524	0.111537	0.0367178	0.0496537	0.223885	1.48984	0.0552729	0.28367	0.903025	-0.103978	0.347985	0.888635	-0.052926	0.0469955	0.0175555	0.0577324	0.028219	0.505393	0.0430832	0.340886	0.791228	-0.0595346	0.23641	1.12526	0.088962	0.251874	1.48029	0.00244623	0.145871	1.49297	0.0995368	0.0307861	0.0895275	0.192057	0.107843	0.431412	0.0210994	0.0511035	1.45845	-0.0807221	0.040876	1.30345	0.144003
160	1.58651	0.0454442	1.5633	0.0360578	0.0424065	1.25086	-0.133156	-0.177702	0.0790058	-0.211903	-0.0797449	1.01297	-0.0997461	-0.23121	1.14988	0.0575788	-0.183906	0.767305	-0.0340595	-0.19818	1.13012	0.105439	-0.13306	0.0108634	-0.178232	-0.139851	0.523812	-0.124477	-0.197624	0.0557176	-0.353546	0.00014469	1.04574	0.119195	-0.062733	1.33723	0.147655	-0.131767	0.955658	-0.0166058	-0.149081	0.461216	-0.119032	-0.152885	0.0794305	-0.382889	-0.145309	1.49705	0.031657	-0.177364	0.871347	-0.00549242	-0.254693	0.884295	0.0307062	-0.095592	0.0602818	-0.384612	0.0039601	0.500042	-0.144255	-0.259	0.7698	0.0383555	-0.137196	1.14562	0.101893	-0.167122	1.47626	-0.03464	-0.0663936	1.49946	0.0892416	-0.0815858	0.0856849	-0.235073	-0.100224	0.472846	-0.203528	0.127659	0.0802436	0.221513	0.202182	1.02347	-0.0809334	0.323793	1.14588	0.0569377	0.285084	0.821262	-0.157512	0.291485	1.11476	0.0965776	0.074226	0.0347759	0.276491	0.167572	0.510584	0.0603654	0.160801	0.0191989	0.0990604	0.0960511	1.04951	0.123466	0.135444	1.33826	0.158196	0.243169	0.947262	0.0214448	0.164911	0.455714	0.0831781	0.111456	0.0367455	0.0496454	0.221234	1.48988	0.0525268	0.281712	0.902935	-0.105874	0.346072	0.888687	-0.054845	0.0470016	0.0175435	0.0577344	0.0271708	0.505142	0.0416358	0.33905	0.791253	-0.0612872	0.234354	1.12542	0.0866786	0.249373	1.48039	-0.000248089	0.143108	1.49292	0.096599	0.0306571	0.0897707	0.191942	0.106873	0.431213	0.0198462	0.0487342	1.45831	-0.0838499	0.0384775	1.30334	0.140786
161	1.59648	0.0430111	1.56314	0.0325076	0.0403727	1.25077	-0.136437	-0.177895	0.0784347	-0.212665	-0.0813258	1.0126	-0.1028	-0.233394	1.14938	0.0542338	-0.185521	0.766671	-0.0366088	-0.200396	1.12974	0.102129	-0.133005	0.0109572	-0.178516	-0.140772	0.523317	-0.126083	-0.198094	0.0538731	-0.354078	-0.00168069	1.04596	0.116248	-0.0656525	1.33675	0.143992	-0.133566	0.955651	-0.0195857	-0.149851	0.460737	-0.12057	-0.15353	0.0774069	-0.383779	-0.147995	1.49664	0.028108	-0.179133	0.870776	-0.00826392	-0.256544	0.883707	0.0277936	-0.0961649	0.0584384	-0.385579	0.00307861	0.499837	-0.145946	-0.260745	0.769227	0.0356276	-0.13946	1.14529	0.0986804	-0.169678	1.47574	-0.0381959	-0.0691375	1.49923	0.0857773	-0.0818324	0.0851578	-0.236136	-0.101184	0.47236	-0.205184	0.127686	0.0807834	0.22135	0.200483	1.02312	-0.0836904	0.321609	1.14616	0.0544701	0.283111	0.821143	-0.159347	0.289323	1.11504	0.0941743	0.0743612	0.035374	0.276491	0.16651	0.510648	0.0587752	0.160706	0.0192634	0.0990888	0.0942875	1.0496	0.120475	0.132644	1.33819	0.155216	0.241417	0.947193	0.0187045	0.163966	0.455858	0.0817539	0.111385	0.0367708	0.0496299	0.218519	1.48998	0.0497007	0.279701	0.902867	-0.107836	0.344113	0.888778	-0.0568381	0.0470055	0.0175311	0.057747	0.026091	0.504917	0.0401712	0.337184	0.791316	-0.0631002	0.232216	1.12563	0.0842868	0.24681	1.48055	-0.00301982	0.140285	1.49293	0.0935771	0.0305793	0.0900522	0.19182	0.105883	0.431049	0.01856	0.0462934	1.45823	-0.0870662	0.0360548	1.30332	0.137495
162	1.60646	0.0405311	1.56304	0.0288465	0.0382673	1.25073	-0.139795	-0.17803	0.0779533	-0.213498	-0.0830093	1.01229	-0.105876	-0.235595	1.14892	0.050816	-0.187213	0.766063	-0.0392137	-0.202619	1.1294	0.0987377	-0.132904	0.0111455	-0.178875	-0.141699	0.522877	-0.127668	-0.198472	0.0520845	-0.354689	-0.00350241	1.04626	0.113283	-0.0686317	1.33632	0.140246	-0.135427	0.955723	-0.0225203	-0.15061	0.460317	-0.122112	-0.154083	0.07545	-0.384741	-0.150736	1.49627	0.0245093	-0.180964	0.87023	-0.0111018	-0.258447	0.883157	0.0248273	-0.0966343	0.0566862	-0.386589	0.00220491	0.499752	-0.147646	-0.262554	0.768697	0.032849	-0.141731	1.14498	0.0953713	-0.172294	1.47526	-0.0418063	-0.0719219	1.49905	0.0822398	-0.0820324	0.0847125	-0.237268	-0.102155	0.471949	-0.206868	0.127784	0.0813896	0.221154	0.198694	1.0228	-0.0865644	0.319352	1.14649	0.0519072	0.281105	0.821046	-0.161234	0.287078	1.11539	0.0916645	0.074572	0.0360425	0.276478	0.165434	0.510757	0.0571211	0.160627	0.0193209	0.0990923	0.0925315	1.04977	0.117439	0.129804	1.33819	0.152158	0.239611	0.94716	0.0158649	0.16302	0.45605	0.0802683	0.111324	0.0367938	0.0496079	0.215742	1.49013	0.0467803	0.277642	0.902827	-0.109862	0.342111	0.88892	-0.0588988	0.0470088	0.0175184	0.0577731	0.0249791	0.504721	0.0386873	0.335295	0.791427	-0.0649633	0.229988	1.1259	0.0817752	0.244188	1.48076	-0.00588289	0.137407	1.493	0.090462	0.03056	0.0903771	0.191692	0.104875	0.430927	0.0172324	0.0437825	1.4582	-0.0903741	0.0336202	1.30338	0.13413
163	1.61644	0.0379878	1.563	0.0250877	0.0360903	1.25074	-0.143225	-0.178117	0.0775577	-0.214382	-0.0848126	1.01206	-0.108971	-0.237807	1.1485	0.04733	-0.188988	0.765492	-0.0418801	-0.204838	1.1291	0.0952693	-0.132772	0.011404	-0.179292	-0.142636	0.522501	-0.129267	-0.198752	0.0503699	-0.355362	-0.00531073	1.04661	0.110302	-0.0716394	1.33597	0.136434	-0.137345	0.955872	-0.025391	-0.151367	0.459968	-0.123694	-0.154528	0.0735729	-0.385747	-0.153526	1.49595	0.0208608	-0.182857	0.869721	-0.0140102	-0.2604	0.882658	0.0218094	-0.0969893	0.0550216	-0.387611	0.00133435	0.499789	-0.149379	-0.264427	0.768222	0.0300235	-0.143995	1.1447	0.0919621	-0.174967	1.47483	-0.045469	-0.0747425	1.49895	0.0786287	-0.0821899	0.0843407	-0.238433	-0.103129	0.471614	-0.208602	0.12796	0.0820704	0.220923	0.196802	1.02251	-0.0895556	0.317018	1.1469	0.0492476	0.279072	0.820977	-0.163171	0.284743	1.11582	0.0890453	0.0748654	0.0367908	0.276451	0.164346	0.510915	0.0553916	0.160564	0.0193719	0.0990701	0.0907839	1.05001	0.114357	0.126945	1.33826	0.149015	0.237752	0.94717	0.0129231	0.162077	0.456293	0.0787103	0.111271	0.0368146	0.04958	0.21291	1.49036	0.0437497	0.275541	0.902825	-0.111951	0.340066	0.889122	-0.0610209	0.0470127	0.0175059	0.0578144	0.0238353	0.504558	0.0371812	0.333383	0.791596	-0.0668676	0.227662	1.12624	0.0791349	0.241508	1.48106	-0.00885312	0.134486	1.49315	0.0872441	0.0306042	0.09075	0.191558	0.103851	0.430849	0.015855	0.0412032	1.45824	-0.093776	0.0311864	1.30354	0.130694
164	1.62642	0.0353654	1.56304	0.0212454	0.0338418	1.25081	-0.146718	-0.178169	0.0772388	-0.215292	-0.0867501	1.01193	-0.112079	-0.240024	1.14814	0.0437822	-0.190848	0.76497	-0.0446152	-0.207046	1.12885	0.0917279	-0.132626	0.0117065	-0.179746	-0.143589	0.522195	-0.130916	-0.198935	0.0487424	-0.356073	-0.00709721	1.04702	0.107303	-0.0746443	1.33572	0.132572	-0.139311	0.956095	-0.0281838	-0.152134	0.459701	-0.125348	-0.154856	0.0717839	-0.386765	-0.156362	1.49569	0.0171612	-0.184813	0.86926	-0.0169929	-0.262401	0.882221	0.018742	-0.0972262	0.0534383	-0.388611	0.000459564	0.499944	-0.151168	-0.26636	0.767812	0.0271555	-0.146245	1.14448	0.0884516	-0.177694	1.47446	-0.0491827	-0.0775954	1.49892	0.0749442	-0.0823106	0.0840316	-0.239591	-0.104098	0.471348	-0.210406	0.128216	0.0828317	0.220656	0.194796	1.02227	-0.0926619	0.314605	1.14739	0.0464905	0.27702	0.820941	-0.165151	0.282314	1.11634	0.0863157	0.0752449	0.0376268	0.276408	0.16325	0.511122	0.0535769	0.160518	0.0194166	0.0990216	0.089044	1.05032	0.111235	0.124091	1.33844	0.145776	0.235841	0.947228	0.00987719	0.161141	0.456588	0.0770707	0.111225	0.0368327	0.0495474	0.21003	1.49067	0.0405924	0.273402	0.902867	-0.114105	0.337981	0.889392	-0.0631988	0.0470187	0.0174946	0.0578716	0.0226605	0.50443	0.0356485	0.331449	0.791831	-0.0688059	0.225235	1.12667	0.0763603	0.238772	1.48144	-0.0119476	0.131529	1.4934	0.0839143	0.0307145	0.0911744	0.191419	0.102813	0.430819	0.0144197	0.0385572	1.45835	-0.0972729	0.0287653	1.3038	0.127188
165	1.6364	0.0326516	1.56316	0.0173331	0.0315219	1.25092	-0.150267	-0.178199	0.0769842	-0.216201	-0.0888317	1.01191	-0.115192	-0.242244	1.14784	0.0401806	-0.192795	0.764508	-0.047427	-0.209238	1.12866	0.0881197	-0.132481	0.0120272	-0.180209	-0.144566	0.521963	-0.132646	-0.199026	0.0472098	-0.356795	-0.008856	1.04746	0.104285	-0.0776184	1.33559	0.128677	-0.14132	0.956384	-0.0308908	-0.152922	0.459519	-0.127101	-0.155067	0.0700881	-0.387763	-0.159238	1.49549	0.0134089	-0.186831	0.868858	-0.0200537	-0.264445	0.881856	0.015627	-0.0973484	0.0519295	-0.389555	-0.000428857	0.500205	-0.153029	-0.268348	0.767477	0.0242489	-0.148474	1.14431	0.0848415	-0.180473	1.47416	-0.0529465	-0.0804778	1.49897	0.0711872	-0.0824028	0.0837729	-0.240701	-0.105058	0.471145	-0.212292	0.128549	0.0836763	0.220351	0.192668	1.0221	-0.0958788	0.312115	1.14798	0.0436349	0.274953	0.820942	-0.167174	0.279792	1.11697	0.0834758	0.0757101	0.0385561	0.276349	0.162148	0.511379	0.0516691	0.160489	0.0194556	0.0989472	0.0873097	1.0507	0.108074	0.121267	1.33874	0.142433	0.233881	0.947337	0.00672716	0.160213	0.456937	0.0753425	0.111184	0.0368477	0.0495109	0.207107	1.49108	0.037292	0.271231	0.902963	-0.116323	0.335856	0.889735	-0.0654279	0.0470278	0.0174856	0.0579444	0.0214574	0.504338	0.0340827	0.329492	0.792137	-0.0707731	0.22271	1.1272	0.0734491	0.235982	1.48191	-0.0151838	0.128548	1.49373	0.0804638	0.0308914	0.0916534	0.191274	0.101764	0.430837	0.0129194	0.0358462	1.45853	-0.100865	0.0263672	1.30415	0.123614
166	1.64637	0.0298387	1.56335	0.0133622	0.0291303	1.25109	-0.153865	-0.178221	0.0767791	-0.217085	-0.0910618	1.012	-0.118301	-0.244467	1.1476	0.0365341	-0.194825	0.764115	-0.050324	-0.211413	1.12854	0.0844522	-0.132352	0.0123439	-0.180658	-0.145573	0.521804	-0.134486	-0.199034	0.0457745	-0.357502	-0.0105851	1.04792	0.101247	-0.0805407	1.3356	0.124762	-0.143364	0.956731	-0.0335117	-0.153746	0.459423	-0.128971	-0.155166	0.0684871	-0.388709	-0.162152	1.49537	0.00960189	-0.188911	0.868524	-0.0231959	-0.26653	0.881569	0.0124661	-0.0973652	0.0504897	-0.390415	-0.00134159	0.500555	-0.15497	-0.270384	0.767219	0.021307	-0.150681	1.14421	0.0811367	-0.183302	1.47393	-0.0567604	-0.0833878	1.4991	0.0673593	-0.0824759	0.0835532	-0.241728	-0.106007	0.470994	-0.214267	0.128954	0.0846037	0.220006	0.190414	1.02201	-0.0991998	0.30955	1.14867	0.0406797	0.272873	0.820984	-0.169238	0.277182	1.1177	0.0805271	0.0762573	0.0395825	0.276271	0.161043	0.511685	0.0496628	0.160477	0.0194897	0.0988477	0.0855764	1.05115	0.104876	0.118492	1.33915	0.138975	0.231873	0.947499	0.00347513	0.159297	0.457336	0.0735212	0.111148	0.0368589	0.0494713	0.204151	1.49159	0.0338336	0.269029	0.903117	-0.118608	0.333692	0.890154	-0.0677051	0.0470411	0.0174803	0.0580314	0.0202307	0.504282	0.0324752	0.32751	0.792519	-0.0727669	0.220092	1.12783	0.0704027	0.233138	1.48247	-0.0185782	0.125553	1.49416	0.0768855	0.0311329	0.0921894	0.191119	0.100708	0.430904	0.0113483	0.0330717	1.45877	-0.10455	0.0239997	1.30458	0.119973
167	1.65635	0.0269246	1.56362	0.00934121	0.0266664	1.25128	-0.157507	-0.178251	0.0766081	-0.217923	-0.0934379	1.0122	-0.121392	-0.246698	1.14744	0.0328514	-0.196934	0.7638	-0.0533147	-0.213571	1.12849	0.0807338	-0.13225	0.0126397	-0.181069	-0.146621	0.521716	-0.136451	-0.198972	0.044434	-0.358173	-0.0122873	1.04839	0.0981829	-0.0833992	1.33574	0.120836	-0.14544	0.957125	-0.0360542	-0.154618	0.459409	-0.13097	-0.155168	0.0669797	-0.389582	-0.165102	1.49532	0.00573859	-0.191048	0.868263	-0.0264225	-0.268649	0.881362	0.00926029	-0.0972908	0.0491162	-0.391169	-0.00228964	0.500975	-0.156991	-0.272459	0.767039	0.0183311	-0.152867	1.14418	0.077345	-0.186179	1.47377	-0.0606244	-0.0863242	1.4993	0.0634628	-0.082541	0.0833626	-0.242646	-0.106946	0.470884	-0.216329	0.129424	0.0856106	0.21962	0.188035	1.02201	-0.102616	0.306919	1.14945	0.0376227	0.270778	0.82107	-0.171344	0.274494	1.11854	0.0774712	0.0768795	0.0407075	0.276172	0.159938	0.512038	0.0475556	0.16048	0.0195195	0.0987242	0.0838376	1.05167	0.101645	0.115786	1.3397	0.135394	0.229821	0.947716	0.000125719	0.158392	0.457786	0.071605	0.111114	0.0368657	0.0494291	0.201166	1.49219	0.0302048	0.266799	0.903333	-0.120961	0.331489	0.890649	-0.0700293	0.0470594	0.0174804	0.0581303	0.018987	0.504262	0.0308149	0.3255	0.792975	-0.0747875	0.217393	1.12857	0.0672254	0.230243	1.48312	-0.0221455	0.122552	1.49469	0.0731739	0.0314355	0.0927846	0.19095	0.0996495	0.431017	0.00970237	0.0302349	1.45906	-0.108327	0.0216664	1.30508	0.116267
168	1.66633	0.0239123	1.56396	0.00527562	0.0241292	1.25151	-0.161185	-0.178301	0.0764565	-0.218704	-0.0959506	1.0125	-0.124449	-0.248942	1.14735	0.0291404	-0.199114	0.763565	-0.0564066	-0.215719	1.1285	0.0769729	-0.132185	0.0129038	-0.181428	-0.147717	0.521694	-0.138547	-0.198856	0.0431811	-0.358791	-0.0139708	1.04886	0.0950899	-0.0861916	1.33601	0.116905	-0.147545	0.957553	-0.0385335	-0.155551	0.459469	-0.133094	-0.155088	0.0655615	-0.390366	-0.168086	1.49535	0.00181802	-0.193238	0.868079	-0.0297358	-0.2708	0.881235	0.00600961	-0.0971429	0.0478087	-0.391807	-0.00328346	0.501441	-0.159083	-0.274563	0.766934	0.0153209	-0.155039	1.14422	0.0734766	-0.189103	1.47368	-0.0645381	-0.0892865	1.49958	0.0595011	-0.0826096	0.0831932	-0.243441	-0.107879	0.470805	-0.218471	0.129948	0.0866915	0.21919	0.185538	1.0221	-0.106119	0.304229	1.15033	0.0344612	0.268667	0.821201	-0.173494	0.271742	1.11948	0.0743102	0.0775676	0.0419304	0.27605	0.158835	0.512436	0.0453481	0.160498	0.019546	0.0985782	0.082084	1.05223	0.0983791	0.113159	1.34037	0.131685	0.227727	0.947986	-0.00331388	0.1575	0.458282	0.069595	0.111083	0.0368673	0.0493846	0.198161	1.49289	0.0263969	0.264542	0.903609	-0.123384	0.329249	0.891214	-0.0724014	0.0470835	0.0174875	0.058238	0.0177351	0.504281	0.0290883	0.323457	0.793502	-0.0768379	0.214627	1.12942	0.0639246	0.227298	1.48385	-0.025897	0.119553	1.49531	0.0693262	0.0317938	0.093441	0.190762	0.0985944	0.431172	0.00797931	0.0273366	1.4594	-0.11219	0.0193668	1.30563	0.112499
169	1.67631	0.0208092	1.56435	0.0011685	0.0215171	1.25175	-0.164897	-0.178382	0.0763111	-0.219422	-0.0985838	1.01288	-0.127453	-0.251207	1.14732	0.0254076	-0.201354	0.763413	-0.0596062	-0.217864	1.12857	0.0731777	-0.132163	0.0131315	-0.181726	-0.14887	0.521728	-0.140769	-0.198701	0.0420045	-0.35935	-0.0156489	1.04931	0.0919635	-0.0889249	1.33641	0.112969	-0.149678	0.958003	-0.0409716	-0.156554	0.459592	-0.135335	-0.154949	0.0642257	-0.391056	-0.171104	1.49544	-0.00215951	-0.195475	0.867973	-0.0331375	-0.272977	0.881181	0.00271325	-0.0969412	0.0465686	-0.392328	-0.00433211	0.501932	-0.16123	-0.276688	0.766896	0.0122733	-0.157207	1.14433	0.0695437	-0.192072	1.47366	-0.0685001	-0.0922748	1.49992	0.0554781	-0.0826936	0.08304	-0.244112	-0.108813	0.470745	-0.220678	0.130516	0.087839	0.218714	0.182934	1.02227	-0.109696	0.301492	1.15129	0.0311912	0.266536	0.821373	-0.175692	0.268945	1.12051	0.0710454	0.0783104	0.043249	0.275901	0.157738	0.512876	0.0430436	0.16053	0.01957	0.0984115	0.0803049	1.05284	0.0950791	0.110617	1.34116	0.127845	0.225592	0.948309	-0.00683413	0.156622	0.458821	0.0674946	0.111055	0.0368633	0.0493374	0.19514	1.49366	0.0224058	0.262257	0.903944	-0.125879	0.326972	0.891843	-0.0748247	0.0471138	0.0175033	0.0583509	0.0164851	0.504341	0.0272796	0.321381	0.794094	-0.0789232	0.211816	1.13036	0.0605095	0.224305	1.48464	-0.0298399	0.116563	1.49601	0.0653427	0.0322019	0.0941605	0.190545	0.0975482	0.431366	0.00617874	0.0243774	1.45978	-0.116136	0.0170957	1.30622	0.108674
170	1.68629	0.0176258	1.56479	-0.00297894	0.0188285	1.252	-0.168639	-0.178506	0.0761607	-0.220079	-0.101315	1.01332	-0.130387	-0.253505	1.14734	0.0216571	-0.203641	0.763341	-0.062918	-0.220018	1.12869	0.0693556	-0.132188	0.0133233	-0.181963	-0.150085	0.521809	-0.1431	-0.198525	0.0408896	-0.359849	-0.0173394	1.04975	0.0887991	-0.0916131	1.33692	0.109026	-0.15184	0.958465	-0.0433955	-0.157634	0.459764	-0.137673	-0.154773	0.0629621	-0.391656	-0.174155	1.4956	-0.00619206	-0.197752	0.867942	-0.0366287	-0.275177	0.881191	-0.000630502	-0.0967062	0.0453981	-0.392739	-0.00544275	0.502429	-0.16341	-0.278823	0.766915	0.00918261	-0.159384	1.1445	0.0655598	-0.195086	1.47369	-0.0725079	-0.0952891	1.50031	0.0513987	-0.0828042	0.0828998	-0.244667	-0.109758	0.470695	-0.222934	0.131117	0.0890453	0.218191	0.180238	1.02253	-0.113336	0.298722	1.15233	0.0278079	0.264377	0.821582	-0.17794	0.266121	1.12163	0.0676778	0.0790962	0.0446593	0.275723	0.156647	0.513356	0.040648	0.160575	0.0195922	0.0982261	0.0784877	1.05348	0.0917425	0.108155	1.34205	0.123876	0.223418	0.948682	-0.0104237	0.155757	0.459403	0.0653096	0.11103	0.0368533	0.0492869	0.192108	1.49451	0.0182323	0.259943	0.904329	-0.128444	0.324661	0.892526	-0.0773048	0.0471506	0.0175291	0.0584653	0.0152483	0.504444	0.0253718	0.31927	0.794741	-0.0810509	0.208979	1.13139	0.0569908	0.221265	1.48549	-0.0339759	0.113586	1.49678	0.0612267	0.0326527	0.0949445	0.190294	0.0965163	0.431594	0.00430192	0.0213577	1.46018	-0.120157	0.0148437	1.30683	0.104797
171	1.69626	0.014374	1.56526	-0.0071664	0.0160619	1.25225	-0.17241	-0.178678	0.0759968	-0.220684	-0.104119	1.01377	-0.133234	-0.255845	1.14741	0.0178911	-0.205963	0.763343	-0.0663441	-0.222192	1.12886	0.065513	-0.132259	0.0134834	-0.182143	-0.151368	0.521924	-0.145517	-0.198345	0.0398199	-0.360294	-0.019063	1.05017	0.0855925	-0.0942749	1.33751	0.105072	-0.154035	0.958927	-0.0458351	-0.158795	0.459971	-0.140083	-0.154584	0.0617587	-0.392176	-0.177241	1.49581	-0.0102758	-0.200062	0.867983	-0.04021	-0.277395	0.881255	-0.00402406	-0.0964585	0.0442991	-0.393054	-0.00662016	0.502916	-0.165601	-0.28096	0.766978	0.00604068	-0.161583	1.14473	0.0615386	-0.198144	1.47378	-0.0765573	-0.0983298	1.50075	0.0472684	-0.0829512	0.0827714	-0.245125	-0.110724	0.470648	-0.22522	0.131741	0.0903027	0.21762	0.177468	1.02287	-0.117028	0.295932	1.15343	0.0243054	0.262183	0.821821	-0.180243	0.263293	1.12282	0.0642073	0.0799129	0.0461565	0.275512	0.155565	0.513872	0.038169	0.160632	0.0196136	0.0980241	0.0766196	1.05414	0.0883663	0.105764	1.34303	0.119783	0.221204	0.949101	-0.0140699	0.154907	0.460022	0.0630471	0.111009	0.0368374	0.0492323	0.189067	1.49541	0.0138829	0.257598	0.904754	-0.13108	0.322321	0.893251	-0.0798495	0.047194	0.0175661	0.0585774	0.0140357	0.504597	0.0233474	0.317125	0.795434	-0.0832297	0.206138	1.13248	0.0533797	0.21818	1.48637	-0.0383013	0.110624	1.49761	0.0569851	0.0331391	0.0957939	0.19	0.0955041	0.431852	0.00235148	0.0182778	1.4606	-0.124249	0.0125979	1.30746	0.100872
172	1.70624	0.0110657	1.56574	-0.0113937	0.0132161	1.2525	-0.176208	-0.178904	0.0758137	-0.221246	-0.106967	1.01422	-0.135983	-0.258238	1.14751	0.0141093	-0.208305	0.763413	-0.0698841	-0.224399	1.12906	0.0616546	-0.132375	0.0136188	-0.182277	-0.15272	0.52206	-0.147991	-0.198178	0.0387779	-0.360693	-0.0208417	1.05057	0.0823399	-0.0969308	1.33816	0.101103	-0.156265	0.959384	-0.0483209	-0.160038	0.460197	-0.142536	-0.154404	0.0606018	-0.392631	-0.180362	1.49607	-0.0144049	-0.202397	0.868088	-0.0438811	-0.279629	0.881357	-0.00747022	-0.0962181	0.0432716	-0.393293	-0.00786675	0.50338	-0.167781	-0.283092	0.767072	0.00283713	-0.16382	1.14499	0.0574935	-0.201247	1.4739	-0.0806424	-0.101397	1.50122	0.0430932	-0.0831427	0.0826547	-0.245509	-0.111726	0.470596	-0.227517	0.13238	0.0916047	0.217	0.174646	1.02327	-0.120763	0.293137	1.15457	0.0206776	0.259948	0.822081	-0.182601	0.260481	1.12405	0.0606333	0.0807486	0.0477348	0.275265	0.154495	0.514424	0.0356153	0.160702	0.0196351	0.0978076	0.0746879	1.05481	0.0849471	0.103426	1.34408	0.115576	0.218951	0.949565	-0.0177603	0.15407	0.460678	0.060715	0.110993	0.036816	0.0491723	0.186019	1.49635	0.00936914	0.255221	0.905206	-0.133783	0.319957	0.894006	-0.0824686	0.047244	0.0176149	0.0586836	0.0128572	0.504801	0.0211897	0.31495	0.79616	-0.0854695	0.203315	1.13362	0.0496866	0.215052	1.48728	-0.0428066	0.107676	1.49847	0.0526278	0.033654	0.0967089	0.189657	0.0945161	0.432134	0.000330875	0.015138	1.46102	-0.128404	0.0103427	1.3081	0.0969053
173	1.71622	0.00771137	1.56622	-0.0156604	0.0102907	1.25273	-0.180033	-0.179186	0.0756082	-0.221778	-0.109831	1.01464	-0.138632	-0.260692	1.14763	0.0103099	-0.210655	0.76354	-0.0735353	-0.226651	1.12928	0.0577843	-0.13253	0.0137373	-0.182376	-0.154143	0.522204	-0.150491	-0.198039	0.0377471	-0.361059	-0.0226962	1.05097	0.0790375	-0.0996004	1.33884	0.0971124	-0.158535	0.959829	-0.0508819	-0.161361	0.460427	-0.145003	-0.154256	0.0594774	-0.393038	-0.183518	1.49635	-0.0185718	-0.204751	0.868251	-0.0476408	-0.281876	0.881484	-0.0109718	-0.0960034	0.0423138	-0.393477	-0.00918253	0.503816	-0.169933	-0.285215	0.767185	-0.000439723	-0.166107	1.14529	0.0534363	-0.204394	1.47404	-0.084756	-0.10449	1.5017	0.0388793	-0.0833843	0.08255	-0.245846	-0.112777	0.470535	-0.229808	0.133024	0.0929463	0.216331	0.17179	1.02373	-0.124531	0.290348	1.15573	0.0169187	0.257662	0.822352	-0.185016	0.257705	1.12533	0.0569544	0.0815928	0.0493883	0.274981	0.153436	0.515007	0.032996	0.160782	0.0196578	0.0975787	0.0726812	1.05547	0.0814811	0.10112	1.34516	0.111269	0.216657	0.950068	-0.0214827	0.153247	0.461369	0.0583215	0.110983	0.0367898	0.0491057	0.182964	1.49731	0.00470746	0.252807	0.905669	-0.136548	0.317573	0.89478	-0.0851733	0.0473002	0.0176759	0.0587809	0.0117204	0.50506	0.0188843	0.312752	0.796906	-0.0877805	0.200529	1.13479	0.045921	0.211881	1.48819	-0.047477	0.104739	1.49936	0.0481677	0.0341903	0.0976881	0.189257	0.0935562	0.432436	-0.00175612	0.011939	1.46143	-0.132615	0.00806171	1.30874	0.0929039
174	1.7262	0.00431922	1.5667	-0.0199649	0.00728684	1.25295	-0.183887	-0.17952	0.0753797	-0.22229	-0.112686	1.01499	-0.141192	-0.263215	1.14775	0.0064902	-0.213001	0.763713	-0.0772926	-0.228957	1.1295	0.0539044	-0.132718	0.013847	-0.182455	-0.155633	0.522345	-0.152992	-0.197945	0.0367128	-0.361402	-0.0246443	1.05138	0.0756819	-0.102301	1.33954	0.0930975	-0.160849	0.960259	-0.0535436	-0.162756	0.460648	-0.147457	-0.154158	0.0583727	-0.393416	-0.186708	1.49666	-0.0227679	-0.207117	0.868462	-0.051487	-0.284135	0.881622	-0.0145311	-0.0958311	0.0414216	-0.39363	-0.0105655	0.50422	-0.172045	-0.287327	0.767303	-0.00380186	-0.168456	1.14561	0.0493772	-0.207585	1.4742	-0.08889	-0.107609	1.50219	0.0346329	-0.0836784	0.082458	-0.246163	-0.113889	0.470462	-0.23208	0.133668	0.0943245	0.215614	0.168921	1.02422	-0.128327	0.287577	1.15691	0.0130237	0.255318	0.822621	-0.187489	0.25498	1.12662	0.0531692	0.0824356	0.0511113	0.274657	0.152389	0.515621	0.0303197	0.160874	0.0196827	0.0973394	0.0705906	1.05612	0.0779647	0.0988191	1.34626	0.106878	0.214323	0.950606	-0.0252268	0.152435	0.462092	0.055874	0.110979	0.0367598	0.0490313	0.179898	1.49828	-8.19123e-05	0.250356	0.906128	-0.139367	0.315177	0.895563	-0.0879755	0.0473624	0.0177485	0.0588667	0.0106297	0.505373	0.0164206	0.310539	0.797664	-0.0901727	0.197792	1.13598	0.0420902	0.208669	1.48909	-0.0522929	0.101808	1.50027	0.0436196	0.0347417	0.0987291	0.188797	0.092627	0.432754	-0.00390598	0.00868209	1.46184	-0.136875	0.00573876	1.30937	0.0888734
175	1.73618	0.000894703	1.56714	-0.0243051	0.00420676	1.25315	-0.187771	-0.179903	0.0751299	-0.222792	-0.115512	1.01527	-0.143686	-0.265808	1.14788	0.00264725	-0.215336	0.763922	-0.0811492	-0.231326	1.12972	0.0500165	-0.132932	0.0139546	-0.182527	-0.157187	0.522475	-0.155471	-0.197908	0.0356646	-0.361734	-0.0266992	1.05178	0.07227	-0.105043	1.34023	0.0890559	-0.163209	0.960676	-0.0563266	-0.164216	0.46085	-0.149873	-0.154126	0.0572773	-0.393781	-0.189932	1.49697	-0.0269834	-0.209491	0.868712	-0.0554159	-0.286405	0.881757	-0.0181501	-0.0957151	0.0405897	-0.393771	-0.0120118	0.504592	-0.174116	-0.289427	0.767417	-0.00726026	-0.170877	1.14594	0.0453236	-0.21082	1.47435	-0.0930358	-0.110754	1.50268	0.0303599	-0.0840244	0.0823791	-0.246485	-0.115071	0.470376	-0.234323	0.134305	0.0957377	0.214851	0.166056	1.02474	-0.132146	0.28483	1.15809	0.00898908	0.25291	0.822876	-0.190018	0.252317	1.12791	0.0492764	0.0832688	0.0528984	0.274291	0.151353	0.516262	0.0275938	0.160975	0.019711	0.0970914	0.0684102	1.05674	0.0743949	0.0964984	1.34735	0.10242	0.211948	0.951175	-0.0289845	0.151635	0.462845	0.0533788	0.110982	0.0367275	0.0489476	0.17682	1.49923	-0.00497616	0.247866	0.906564	-0.142232	0.312777	0.896346	-0.0908873	0.0474301	0.0178317	0.0589392	0.00958533	0.505738	0.0137936	0.308321	0.798422	-0.0926555	0.195114	1.13717	0.0381992	0.205419	1.48996	-0.0572314	0.0988752	1.50116	0.0389999	0.035302	0.0998284	0.188273	0.09173	0.433084	-0.00611598	0.00536891	1.46222	-0.141179	0.00335953	1.31	0.0848188
176	1.74615	-0.00255969	1.56756	-0.0286779	0.00105446	1.25334	-0.191684	-0.180327	0.0748621	-0.223291	-0.118296	1.01548	-0.146151	-0.268471	1.14799	-0.00122114	-0.217654	0.764153	-0.0850969	-0.233762	1.12993	0.0461216	-0.133163	0.0140658	-0.182603	-0.158798	0.522586	-0.157912	-0.197942	0.0345964	-0.362061	-0.0288678	1.0522	0.0687992	-0.107837	1.34091	0.0849878	-0.165619	0.96108	-0.0592458	-0.165731	0.461023	-0.152234	-0.154172	0.0561847	-0.394146	-0.193189	1.49728	-0.0312087	-0.211869	0.86899	-0.0594226	-0.288684	0.88188	-0.0218294	-0.0956656	0.0398119	-0.393919	-0.0135162	0.504938	-0.176149	-0.291516	0.767517	-0.0108236	-0.173373	1.14627	0.04128	-0.214097	1.47451	-0.0971853	-0.113923	1.50316	0.026066	-0.084418	0.0823134	-0.246832	-0.116333	0.470276	-0.23653	0.134931	0.0971855	0.214041	0.163207	1.02527	-0.135987	0.282111	1.15926	0.00481417	0.250435	0.823108	-0.1926	0.249722	1.1292	0.0452759	0.0840853	0.0547449	0.273882	0.150327	0.516929	0.0248236	0.161086	0.019744	0.0968362	0.0661378	1.05734	0.0707697	0.0941337	1.3484	0.0979115	0.209531	0.95177	-0.0327508	0.150843	0.463626	0.0508405	0.110992	0.0366946	0.0488537	0.173726	1.50016	-0.00995124	0.245334	0.906964	-0.145133	0.310379	0.897124	-0.0939195	0.0475028	0.0179239	0.0589968	0.00858303	0.506146	0.0110045	0.30611	0.799173	-0.0952371	0.192499	1.13833	0.0342504	0.202132	1.49081	-0.0622678	0.0959347	1.50205	0.0343253	0.035866	0.100981	0.187684	0.0908656	0.433424	-0.00838455	0.00200197	1.46259	-0.14552	0.000912655	1.31063	0.0807444
177	1.75613	-0.0060441	1.56794	-0.0330804	-0.00216455	1.25351	-0.195629	-0.180781	0.0745812	-0.22379	-0.121031	1.01561	-0.148634	-0.271198	1.14809	-0.00511586	-0.219954	0.764399	-0.089127	-0.236267	1.13012	0.0422202	-0.133401	0.0141841	-0.182692	-0.160458	0.522677	-0.160309	-0.198053	0.0335079	-0.362391	-0.0311508	1.05264	0.0652677	-0.110682	1.34155	0.0808947	-0.168079	0.961478	-0.0623097	-0.167288	0.461166	-0.154528	-0.154302	0.0550932	-0.394522	-0.196475	1.49758	-0.0354346	-0.214251	0.869287	-0.0635004	-0.290975	0.881983	-0.025569	-0.0956888	0.039082	-0.394086	-0.0150726	0.505265	-0.178155	-0.293599	0.7676	-0.0144971	-0.175943	1.14659	0.0372482	-0.217415	1.47465	-0.101331	-0.117116	1.50362	0.021756	-0.0848523	0.0822608	-0.247215	-0.117675	0.470162	-0.238699	0.135542	0.0986683	0.213187	0.160384	1.0258	-0.13985	0.279421	1.1604	0.000501177	0.247891	0.823306	-0.195233	0.247196	1.13046	0.0411685	0.0848791	0.0566469	0.273429	0.149309	0.51762	0.0220122	0.161204	0.0197828	0.0965747	0.063775	1.0579	0.0670879	0.0917047	1.34941	0.0933699	0.207073	0.952384	-0.0365234	0.150057	0.464433	0.0482612	0.111009	0.0366634	0.0487483	0.170613	1.50106	-0.0149834	0.242763	0.907313	-0.148061	0.307991	0.897893	-0.0970813	0.04758	0.0180228	0.059039	0.00761445	0.506586	0.00806128	0.303917	0.799913	-0.0979238	0.189942	1.13947	0.0302441	0.198809	1.49162	-0.0673766	0.0929784	1.5029	0.0296121	0.0364288	0.102183	0.18703	0.090033	0.43377	-0.0107116	-0.00141544	1.46293	-0.149893	-0.00160946	1.31126	0.0766531
178	1.76611	-0.00956073	1.56829	-0.0375093	-0.00544341	1.25367	-0.199604	-0.181253	0.0742932	-0.224289	-0.123719	1.01569	-0.151188	-0.273981	1.14817	-0.00903621	-0.222237	0.76465	-0.0932307	-0.238839	1.13028	0.0383128	-0.13364	0.0143115	-0.182799	-0.162159	0.522747	-0.162664	-0.198246	0.0324047	-0.362725	-0.0335429	1.05309	0.0616745	-0.113579	1.34216	0.0767801	-0.170589	0.961874	-0.0655203	-0.168876	0.461276	-0.156752	-0.154518	0.0540059	-0.394912	-0.19979	1.49787	-0.039653	-0.216635	0.869594	-0.0676409	-0.293277	0.882061	-0.0293679	-0.0957852	0.0383952	-0.394281	-0.0166738	0.505581	-0.180149	-0.295679	0.76766	-0.0182815	-0.178585	1.14688	0.0332272	-0.220771	1.47478	-0.105468	-0.120334	1.50407	0.0174345	-0.0853173	0.082221	-0.247644	-0.119097	0.470037	-0.24083	0.136132	0.100186	0.212288	0.15759	1.02632	-0.14374	0.276756	1.16152	-0.00394418	0.245279	0.823465	-0.197913	0.244733	1.1317	0.0369571	0.0856454	0.0586018	0.272931	0.148296	0.518331	0.0191597	0.161328	0.0198289	0.0963077	0.0613275	1.05842	0.0633497	0.0891969	1.35036	0.088809	0.204575	0.953012	-0.040303	0.149274	0.465263	0.0456409	0.111033	0.0366361	0.0486305	0.167476	1.50191	-0.0200505	0.240154	0.907602	-0.151007	0.305617	0.898652	-0.100378	0.0476611	0.0181256	0.0590653	0.00666789	0.507043	0.00497858	0.301753	0.800639	-0.10072	0.187435	1.14058	0.0261781	0.195454	1.49239	-0.0725334	0.0899997	1.50372	0.0248752	0.0369865	0.103427	0.186311	0.0892306	0.43412	-0.0130989	-0.00487918	1.46326	-0.154292	-0.00421022	1.31188	0.072547
179	1.77609	-0.013113	1.56861	-0.0419623	-0.00877414	1.25382	-0.20361	-0.181732	0.0740041	-0.224787	-0.126366	1.01574	-0.153865	-0.276809	1.14824	-0.0129799	-0.224508	0.764899	-0.0973992	-0.241475	1.13043	0.0344	-0.133873	0.0144481	-0.182927	-0.163892	0.522801	-0.164984	-0.19852	0.0312977	-0.363066	-0.0360333	1.05357	0.0580198	-0.116521	1.34273	0.0726482	-0.173147	0.962275	-0.0688738	-0.170484	0.461356	-0.158909	-0.154815	0.0529306	-0.39532	-0.20313	1.49814	-0.0438572	-0.219025	0.869902	-0.0718347	-0.295591	0.882115	-0.0332248	-0.0959502	0.037748	-0.394505	-0.0183119	0.505894	-0.18215	-0.297763	0.767699	-0.0221733	-0.18129	1.14716	0.0292135	-0.224164	1.4749	-0.109591	-0.123574	1.50449	0.0131055	-0.0858011	0.0821935	-0.248115	-0.120592	0.4699	-0.242924	0.136698	0.101739	0.211345	0.154826	1.02682	-0.147658	0.27411	1.1626	-0.00851264	0.242606	0.823582	-0.200637	0.242321	1.13291	0.0326464	0.08638	0.0606075	0.272386	0.147285	0.51906	0.0162635	0.161455	0.0198837	0.0960353	0.0588043	1.05891	0.0595563	0.0866022	1.35125	0.0842405	0.202039	0.953648	-0.0440928	0.148493	0.466113	0.0429768	0.111062	0.0366152	0.0484996	0.164314	1.50273	-0.0251331	0.237511	0.907826	-0.153967	0.303263	0.8994	-0.103813	0.0477456	0.0182293	0.0590756	0.00572973	0.507498	0.00177586	0.299628	0.80135	-0.103627	0.184964	1.14164	0.0220493	0.192069	1.49312	-0.077716	0.0869932	1.50451	0.0201273	0.0375356	0.104711	0.185527	0.0884558	0.434472	-0.0155496	-0.00838421	1.46357	-0.158713	-0.00688888	1.31251	0.0684272
180	1.78607	-0.0167047	1.56891	-0.0464379	-0.012148	1.25396	-0.207646	-0.182205	0.0737204	-0.225278	-0.128984	1.01578	-0.156712	-0.279668	1.14829	-0.0169434	-0.226774	0.765143	-0.101625	-0.244167	1.13055	0.0304824	-0.134094	0.0145929	-0.183073	-0.165646	0.522845	-0.167285	-0.198869	0.0302023	-0.36341	-0.0386077	1.05406	0.0543048	-0.119501	1.34326	0.0685037	-0.175751	0.962688	-0.0723608	-0.1721	0.461412	-0.16101	-0.155181	0.0518791	-0.395744	-0.206493	1.4984	-0.0480425	-0.221422	0.870203	-0.0760717	-0.297921	0.882148	-0.0371378	-0.0961739	0.0371388	-0.394758	-0.0199788	0.506215	-0.184172	-0.299855	0.767717	-0.0261642	-0.184046	1.14741	0.0252021	-0.227588	1.475	-0.113698	-0.126838	1.50489	0.00877238	-0.0862905	0.082178	-0.248623	-0.122148	0.469753	-0.244985	0.137236	0.103327	0.210358	0.152087	1.02731	-0.15161	0.271473	1.16365	-0.0131916	0.239881	0.823656	-0.203403	0.239945	1.13408	0.028243	0.0870796	0.062663	0.271792	0.146273	0.519803	0.0133178	0.161582	0.0199488	0.0957572	0.0562169	1.05937	0.0557105	0.0839192	1.35207	0.0796728	0.199469	0.954287	-0.0478976	0.147708	0.46698	0.0402636	0.111097	0.036603	0.0483551	0.161126	1.5035	-0.0302154	0.234841	0.907985	-0.156939	0.300929	0.900141	-0.107382	0.0478329	0.0183311	0.0590701	0.00478628	0.507933	-0.00152452	0.297548	0.802048	-0.106644	0.18251	1.14266	0.0178538	0.188657	1.49381	-0.0829054	0.0839551	1.50527	0.015379	0.0380732	0.106028	0.18468	0.0877058	0.434824	-0.0180688	-0.0119246	1.46387	-0.163151	-0.00964098	1.31313	0.0642941
181	1.79604	-0.0203391	1.5692	-0.0509355	-0.0155558	1.25411	-0.211709	-0.182661	0.0734479	-0.225757	-0.131587	1.01584	-0.15976	-0.282547	1.14833	-0.0209225	-0.229045	0.76538	-0.105899	-0.246907	1.13067	0.0265607	-0.1343	0.0147432	-0.183233	-0.167413	0.522888	-0.169585	-0.199283	0.029137	-0.363756	-0.0412493	1.05458	0.0505319	-0.122512	1.34375	0.064351	-0.178397	0.963118	-0.0759679	-0.173716	0.461453	-0.163067	-0.155602	0.0508654	-0.396178	-0.209875	1.49864	-0.052206	-0.223829	0.870492	-0.0803417	-0.300266	0.882167	-0.0411053	-0.0964414	0.0365677	-0.395032	-0.0216657	0.506549	-0.18623	-0.30196	0.767719	-0.0302425	-0.186841	1.14764	0.0211869	-0.231041	1.47509	-0.11779	-0.130124	1.50527	0.00443843	-0.086772	0.0821743	-0.249155	-0.123749	0.469596	-0.247017	0.137743	0.104949	0.209326	0.149367	1.02778	-0.1556	0.268835	1.16467	-0.0179655	0.237117	0.823692	-0.20621	0.237588	1.13522	0.023756	0.0877414	0.0647682	0.271148	0.145258	0.520559	0.0103145	0.161705	0.020026	0.0954725	0.0535781	1.0598	0.0518158	0.0811528	1.35284	0.0751112	0.196867	0.954924	-0.0517231	0.146919	0.46786	0.0374938	0.111134	0.0366014	0.0481967	0.15791	1.50423	-0.0352853	0.23215	0.908083	-0.159926	0.298617	0.900878	-0.111078	0.0479223	0.0184284	0.0590488	0.00382565	0.508328	-0.00489988	0.295517	0.802737	-0.109768	0.180055	1.14365	0.0135883	0.185221	1.49448	-0.0880862	0.0808836	1.50599	0.010638	0.0385969	0.107377	0.18377	0.0869772	0.435174	-0.0206633	-0.0154936	1.46416	-0.167604	-0.012459	1.31376	0.0601476
182	1.80602	-0.024018	1.56949	-0.0554553	-0.0189886	1.25426	-0.215798	-0.18309	0.0731916	-0.226219	-0.13419	1.01593	-0.163025	-0.285432	1.14837	-0.0249131	-0.231328	0.76561	-0.110216	-0.249684	1.13077	0.0226354	-0.134488	0.0148957	-0.183402	-0.169182	0.52294	-0.171903	-0.199744	0.0281216	-0.364098	-0.0439411	1.05512	0.0467047	-0.125546	1.34422	0.0601939	-0.18108	0.963569	-0.0796789	-0.175325	0.461487	-0.1651	-0.156059	0.0499043	-0.396616	-0.213273	1.49888	-0.0563469	-0.226251	0.870765	-0.0846353	-0.302629	0.88218	-0.0451257	-0.0967348	0.0360358	-0.395319	-0.0233638	0.506904	-0.188332	-0.304084	0.767711	-0.0343937	-0.189659	1.14784	0.0171613	-0.234518	1.47518	-0.121867	-0.13343	1.50564	0.000106592	-0.0872327	0.0821821	-0.249696	-0.125376	0.46943	-0.249024	0.138215	0.106605	0.208247	0.146657	1.02823	-0.159633	0.266183	1.16566	-0.0228169	0.234331	0.823697	-0.20906	0.235229	1.13634	0.0191958	0.0883631	0.0669234	0.270452	0.144237	0.521323	0.00724306	0.161822	0.0201174	0.0951798	0.0509009	1.06022	0.0478771	0.0783131	1.35356	0.0705585	0.194239	0.955557	-0.0555748	0.146121	0.468752	0.0346577	0.111175	0.0366116	0.0480243	0.154667	1.50493	-0.0403345	0.229448	0.908132	-0.162935	0.296324	0.901614	-0.114889	0.0480132	0.0185192	0.0590118	0.00283939	0.508671	-0.00832972	0.293536	0.803422	-0.112992	0.177578	1.14459	0.00925074	0.181763	1.49512	-0.0932471	0.0777789	1.50669	0.00590948	0.0391049	0.108756	0.182797	0.0862668	0.435521	-0.0233408	-0.0190838	1.46445	-0.172067	-0.0153332	1.31438	0.0559877
183	1.816	-0.0277415	1.56979	-0.0599979	-0.0224374	1.25443	-0.219911	-0.183484	0.0729555	-0.22666	-0.136807	1.01608	-0.166506	-0.288314	1.14842	-0.0289113	-0.233634	0.765835	-0.11457	-0.252489	1.13087	0.0187064	-0.134657	0.0150464	-0.183573	-0.170946	0.523009	-0.17426	-0.200234	0.0271753	-0.364433	-0.0466673	1.05569	0.0428272	-0.128596	1.34468	0.0560354	-0.183795	0.964043	-0.083476	-0.17692	0.461523	-0.167127	-0.156528	0.0490097	-0.39705	-0.216686	1.49911	-0.0604662	-0.228691	0.87102	-0.0889447	-0.305011	0.8822	-0.0491976	-0.0970342	0.0355453	-0.395607	-0.0250644	0.507284	-0.190481	-0.30623	0.767698	-0.0386023	-0.192488	1.14803	0.0131195	-0.238015	1.47526	-0.125934	-0.136756	1.50601	-0.0042204	-0.0876614	0.0822011	-0.250228	-0.127007	0.469256	-0.251009	0.138651	0.108294	0.207118	0.143947	1.02867	-0.163709	0.263507	1.16663	-0.0277271	0.231542	0.823682	-0.211955	0.232849	1.13743	0.0145743	0.088943	0.0691299	0.2697	0.143209	0.522093	0.00409123	0.161928	0.0202257	0.0948771	0.0481972	1.06063	0.0438997	0.0754136	1.35426	0.0660149	0.19159	0.956185	-0.0594575	0.145314	0.469651	0.0317438	0.111216	0.0366343	0.0478385	0.1514	1.5056	-0.0453578	0.226744	0.908147	-0.165978	0.294047	0.902353	-0.118799	0.0481046	0.0186027	0.0589592	0.0018235	0.508949	-0.0117978	0.291603	0.804109	-0.116308	0.175062	1.14551	0.00484131	0.178288	1.49575	-0.09838	0.0746428	1.50738	0.00119669	0.0395957	0.110165	0.181758	0.0855712	0.435864	-0.0261104	-0.0226871	1.46474	-0.176537	-0.018253	1.31501	0.0518144
184	1.82598	-0.0315073	1.57012	-0.0645632	-0.0258942	1.25462	-0.224045	-0.18384	0.0727421	-0.227075	-0.139449	1.01629	-0.170184	-0.291186	1.14848	-0.0329144	-0.23597	0.766058	-0.118954	-0.255312	1.13098	0.0147731	-0.134809	0.0151911	-0.183739	-0.172698	0.523105	-0.176672	-0.200733	0.0263143	-0.364754	-0.0494144	1.05627	0.038904	-0.131658	1.34512	0.0518769	-0.186536	0.96454	-0.0873416	-0.178497	0.46157	-0.169167	-0.156991	0.048193	-0.397472	-0.220109	1.49934	-0.0645667	-0.231151	0.871261	-0.0932638	-0.307413	0.882238	-0.0533199	-0.09732	0.0350981	-0.395884	-0.0267592	0.507689	-0.192672	-0.308401	0.767688	-0.0428527	-0.195315	1.14821	0.00905646	-0.241527	1.47535	-0.129993	-0.140097	1.50637	-0.00854013	-0.0880494	0.082231	-0.250734	-0.128622	0.469074	-0.252977	0.139049	0.110017	0.205937	0.141227	1.0291	-0.16783	0.260795	1.16759	-0.032677	0.22877	0.823661	-0.214899	0.230429	1.13851	0.00990447	0.0894799	0.0713894	0.268889	0.142173	0.522866	0.000846021	0.162021	0.020354	0.0945615	0.0454765	1.06104	0.0398892	0.0724695	1.35493	0.0614793	0.188924	0.956806	-0.063374	0.144497	0.470555	0.0287398	0.111257	0.0366691	0.0476399	0.14811	1.50627	-0.0503523	0.22405	0.908149	-0.169069	0.291783	0.903101	-0.122787	0.0481954	0.0186793	0.0588906	0.000778806	0.509157	-0.0152934	0.289712	0.804806	-0.119705	0.172492	1.14641	0.000363017	0.174798	1.49637	-0.10348	0.0714781	1.50806	-0.00349865	0.0400683	0.111604	0.180652	0.084888	0.436202	-0.0289816	-0.0262952	1.46505	-0.18101	-0.0212075	1.31564	0.047628
185	1.83596	-0.0353108	1.57048	-0.0691501	-0.0293516	1.25484	-0.228196	-0.184154	0.0725528	-0.227461	-0.142125	1.01657	-0.174031	-0.294046	1.14855	-0.0369206	-0.23834	0.766284	-0.123363	-0.258144	1.1311	0.010834	-0.134945	0.0153255	-0.183892	-0.174432	0.523232	-0.179149	-0.201219	0.025551	-0.365057	-0.0521722	1.05688	0.03494	-0.134729	1.34556	0.047719	-0.189299	0.965057	-0.0912591	-0.180056	0.461635	-0.171236	-0.157426	0.047462	-0.397875	-0.223542	1.49958	-0.0686526	-0.233635	0.87149	-0.0975884	-0.309836	0.882305	-0.057491	-0.0975746	0.0346957	-0.396141	-0.0284411	0.50812	-0.194898	-0.310598	0.767687	-0.0471302	-0.198131	1.14839	0.00496877	-0.245049	1.47546	-0.134051	-0.143452	1.50674	-0.0128507	-0.0883914	0.082271	-0.251201	-0.130203	0.468884	-0.254932	0.139412	0.111779	0.204701	0.138489	1.02954	-0.171993	0.258039	1.16854	-0.0376484	0.226034	0.823648	-0.217898	0.227954	1.13959	0.00519944	0.0899734	0.0737039	0.268016	0.141129	0.52364	-0.00250564	0.162098	0.020506	0.0942301	0.0427456	1.06146	0.0358515	0.069496	1.35561	0.0569497	0.186248	0.957424	-0.0673251	0.143668	0.471462	0.025633	0.111297	0.0367143	0.0474297	0.1448	1.50693	-0.0553166	0.221375	0.908158	-0.172224	0.289527	0.903861	-0.126833	0.0482846	0.0187504	0.0588058	-0.000289456	0.509296	-0.0188121	0.287856	0.805519	-0.123172	0.169859	1.1473	-0.00417797	0.171294	1.497	-0.108544	0.0682884	1.50874	-0.00817558	0.0405224	0.113077	0.179475	0.0842147	0.436536	-0.0319642	-0.0299	1.46537	-0.185485	-0.0241865	1.31627	0.0434291
186	1.84593	-0.039145	1.57089	-0.0737553	-0.0328031	1.25509	-0.232363	-0.184427	0.0723873	-0.227817	-0.144841	1.01692	-0.17801	-0.296891	1.14864	-0.0409291	-0.240749	0.766516	-0.127792	-0.260978	1.13123	0.00688637	-0.135066	0.0154461	-0.184029	-0.176144	0.523394	-0.181698	-0.201674	0.0248918	-0.365337	-0.0549339	1.0575	0.03094	-0.137809	1.34601	0.043561	-0.192078	0.96559	-0.0952143	-0.181595	0.46172	-0.173345	-0.157818	0.0468203	-0.39825	-0.226982	1.49983	-0.0727291	-0.236144	0.871712	-0.101916	-0.312279	0.882409	-0.0617083	-0.0977841	0.0343392	-0.396367	-0.0301046	0.508573	-0.197147	-0.31282	0.767703	-0.0514219	-0.200928	1.14857	0.000854722	-0.248579	1.47558	-0.13811	-0.146818	1.50712	-0.0171507	-0.0886855	0.0823205	-0.251617	-0.131735	0.468688	-0.256879	0.139739	0.113582	0.203404	0.135728	1.03	-0.176194	0.255235	1.16949	-0.0426244	0.223354	0.823658	-0.220958	0.225415	1.14067	0.000472289	0.0904233	0.0760761	0.267075	0.14008	0.524413	-0.00597591	0.162158	0.0206858	0.0938791	0.0400078	1.0619	0.0317921	0.0665063	1.35629	0.0524239	0.183567	0.95804	-0.0713093	0.14283	0.472371	0.022411	0.111335	0.0367675	0.0472094	0.141473	1.5076	-0.0602495	0.218728	0.908197	-0.175457	0.287274	0.904638	-0.130915	0.0483711	0.0188189	0.058704	-0.00137253	0.50937	-0.0223564	0.286024	0.806255	-0.126697	0.167159	1.14818	-0.00877232	0.16778	1.49764	-0.113569	0.0650771	1.50944	-0.0128332	0.0409577	0.114587	0.178222	0.0835499	0.436864	-0.0350675	-0.033494	1.46571	-0.189956	-0.0271817	1.3169	0.0392189
187	1.85591	-0.0430007	1.57134	-0.0783729	-0.0362434	1.25538	-0.236541	-0.184664	0.0722438	-0.228144	-0.147598	1.01734	-0.18208	-0.299726	1.14875	-0.0449401	-0.243196	0.766759	-0.132236	-0.263809	1.13139	0.002927	-0.135177	0.0155497	-0.184145	-0.177832	0.52359	-0.184316	-0.202084	0.0243376	-0.365593	-0.0576962	1.05813	0.0269085	-0.140897	1.34646	0.0394012	-0.194868	0.966132	-0.0991955	-0.183115	0.461828	-0.1755	-0.158158	0.0462673	-0.398594	-0.230428	1.50009	-0.0768022	-0.238677	0.871934	-0.106246	-0.314741	0.882557	-0.0659682	-0.0979392	0.0340285	-0.396557	-0.0317459	0.509044	-0.199406	-0.315068	0.767739	-0.0557177	-0.203706	1.14876	-0.00328555	-0.252112	1.47572	-0.142177	-0.150192	1.50751	-0.0214398	-0.0889337	0.0823785	-0.251976	-0.133209	0.468487	-0.258822	0.140037	0.115432	0.202045	0.13294	1.03048	-0.180429	0.25238	1.17046	-0.04759	0.220746	0.823707	-0.224085	0.222807	1.14176	-0.00426452	0.0908302	0.0785088	0.266064	0.139028	0.525185	-0.00957517	0.162201	0.0208979	0.0935049	0.0372635	1.06236	0.0277157	0.0635108	1.35699	0.0479003	0.180885	0.95866	-0.0753227	0.141984	0.473279	0.0190626	0.111371	0.0368256	0.0469807	0.138129	1.5083	-0.0651494	0.216116	0.908285	-0.17878	0.285019	0.905438	-0.135016	0.0484539	0.0188883	0.0585844	-0.00245932	0.509386	-0.0259348	0.284207	0.807019	-0.130266	0.164396	1.14907	-0.0134079	0.164258	1.49831	-0.118556	0.0618474	1.51015	-0.01747	0.0413748	0.116138	0.176889	0.0828929	0.437187	-0.0383	-0.0370707	1.46607	-0.19442	-0.0301866	1.31753	0.0349991
188	1.86589	-0.0468667	1.57183	-0.0829939	-0.0396677	1.2557	-0.240727	-0.184869	0.0721195	-0.228441	-0.150392	1.0178	-0.186204	-0.302554	1.14889	-0.0489547	-0.245679	0.767016	-0.13669	-0.266637	1.13157	-0.00104817	-0.135279	0.0156344	-0.184238	-0.179495	0.523814	-0.186993	-0.202438	0.0238835	-0.365821	-0.0604588	1.05877	0.0228499	-0.143995	1.34693	0.0352373	-0.197665	0.966676	-0.103194	-0.18462	0.461958	-0.177702	-0.158438	0.0457985	-0.398902	-0.233878	1.50036	-0.0808782	-0.241234	0.872161	-0.110577	-0.317222	0.88275	-0.0702651	-0.098036	0.0337632	-0.396706	-0.0333636	0.509526	-0.201661	-0.317339	0.767799	-0.0600103	-0.206466	1.14897	-0.00745017	-0.255644	1.47588	-0.146254	-0.153573	1.50791	-0.0257184	-0.0891411	0.0824444	-0.252275	-0.134621	0.468285	-0.260767	0.140307	0.117333	0.20062	0.130126	1.03099	-0.184688	0.249477	1.17144	-0.0525325	0.218219	0.823807	-0.227282	0.22013	1.14287	-0.00899947	0.0911946	0.0810047	0.264978	0.137977	0.525955	-0.0133112	0.162225	0.0211468	0.0931039	0.0345109	1.06285	0.0236266	0.0605157	1.35772	0.0433784	0.178207	0.959289	-0.0793599	0.141134	0.474188	0.0155786	0.111404	0.036885	0.0467452	0.134771	1.50901	-0.0700137	0.213545	0.908438	-0.182199	0.28276	0.906264	-0.139118	0.0485322	0.0189624	0.0584463	-0.0035377	0.509357	-0.0295623	0.282391	0.807816	-0.133869	0.161576	1.14997	-0.0180702	0.160729	1.499	-0.123501	0.0586013	1.51089	-0.0220836	0.0417744	0.117734	0.175469	0.0822441	0.437506	-0.0416687	-0.0406253	1.46646	-0.198873	-0.0331973	1.31816	0.0307718
189	1.87587	-0.0507306	1.57235	-0.0876067	-0.0430721	1.25606	-0.244916	-0.18505	0.0720101	-0.228712	-0.153218	1.0183	-0.190348	-0.305381	1.14904	-0.0529747	-0.248193	0.767288	-0.141151	-0.269464	1.13177	-0.00504334	-0.135376	0.0156994	-0.184308	-0.181135	0.524059	-0.189713	-0.202731	0.0235195	-0.366022	-0.0632234	1.05942	0.0187682	-0.147109	1.34741	0.0310664	-0.200463	0.967213	-0.107205	-0.18611	0.462106	-0.179943	-0.158659	0.0454065	-0.399173	-0.237332	1.50065	-0.0849634	-0.243811	0.8724	-0.11491	-0.31972	0.882985	-0.0745921	-0.0980757	0.0335418	-0.396813	-0.0349586	0.510012	-0.203901	-0.31963	0.767884	-0.0642956	-0.209213	1.14921	-0.0116359	-0.259173	1.47607	-0.150346	-0.156959	1.50833	-0.029988	-0.0893158	0.0825175	-0.252516	-0.135975	0.468083	-0.262718	0.140557	0.119292	0.199125	0.127286	1.03155	-0.188965	0.246531	1.17244	-0.0574419	0.215781	0.823969	-0.230553	0.217392	1.14401	-0.0137223	0.0915169	0.0835664	0.263813	0.136931	0.526723	-0.0171886	0.162233	0.0214368	0.0926734	0.0317467	1.06336	0.0195279	0.0575236	1.35847	0.0388594	0.175538	0.95993	-0.0834141	0.140286	0.475096	0.0119527	0.111434	0.0369421	0.0465045	0.1314	1.50975	-0.0748383	0.211018	0.908669	-0.185715	0.280495	0.90712	-0.14321	0.0486058	0.0190449	0.0582887	-0.00459555	0.509295	-0.0332591	0.280565	0.808646	-0.137494	0.158714	1.15088	-0.0227434	0.157194	1.49973	-0.128403	0.0553401	1.51165	-0.0266703	0.0421578	0.119381	0.173955	0.081605	0.437821	-0.0451782	-0.0441548	1.46686	-0.20331	-0.0362121	1.31879	0.0265394
190	1.88585	-0.0545789	1.57291	-0.0921972	-0.0464533	1.25646	-0.249107	-0.185214	0.0719109	-0.228958	-0.156068	1.01883	-0.194486	-0.308215	1.14921	-0.0570028	-0.250729	0.767578	-0.145614	-0.272293	1.13199	-0.00906254	-0.135471	0.0157448	-0.184356	-0.182755	0.524316	-0.192454	-0.202963	0.0232322	-0.366196	-0.0659928	1.06006	0.0146674	-0.15024	1.34791	0.0268857	-0.20326	0.967736	-0.111223	-0.187591	0.462267	-0.182212	-0.158827	0.0450816	-0.399405	-0.240789	1.50096	-0.0890636	-0.246406	0.872653	-0.119245	-0.322232	0.883256	-0.0789405	-0.0980644	0.0333627	-0.396881	-0.0365336	0.510494	-0.206118	-0.321939	0.767994	-0.0685729	-0.211957	1.14947	-0.0158383	-0.262696	1.47627	-0.154457	-0.160352	1.50876	-0.0342505	-0.0894674	0.0825972	-0.252705	-0.13728	0.467884	-0.264679	0.140788	0.121312	0.197559	0.124426	1.03215	-0.193249	0.24355	1.17346	-0.0623102	0.213432	0.824202	-0.233898	0.214603	1.14516	-0.0184238	0.0917969	0.0861961	0.262564	0.135899	0.527487	-0.0212083	0.162227	0.0217714	0.0922116	0.0289674	1.0639	0.0154218	0.0545332	1.35925	0.0343459	0.172881	0.960588	-0.0874782	0.139444	0.476004	0.00818188	0.111463	0.0369938	0.0462601	0.128016	1.51053	-0.0796178	0.208536	0.908982	-0.189324	0.278222	0.908008	-0.147281	0.0486746	0.0191386	0.0581114	-0.00562161	0.509213	-0.0370497	0.278717	0.809509	-0.141132	0.155827	1.15182	-0.0274107	0.153657	1.50049	-0.133256	0.0520639	1.51243	-0.0312254	0.0425266	0.12108	0.172341	0.0809787	0.438131	-0.048831	-0.0476583	1.46729	-0.207725	-0.0392312	1.31942	0.0223046
191	1.89582	-0.0583985	1.57349	-0.0967498	-0.0498086	1.25688	-0.253294	-0.185368	0.0718168	-0.229182	-0.15893	1.01936	-0.1986	-0.311063	1.14939	-0.0610421	-0.253278	0.767886	-0.150076	-0.275133	1.13221	-0.0131091	-0.135565	0.015772	-0.184384	-0.184358	0.524572	-0.195195	-0.20314	0.0230054	-0.366345	-0.0687702	1.06069	0.0105513	-0.153394	1.34841	0.0226924	-0.206052	0.968239	-0.115248	-0.189064	0.462435	-0.184493	-0.158949	0.0448132	-0.399601	-0.244248	1.50128	-0.0931839	-0.249013	0.872924	-0.123581	-0.324756	0.883553	-0.0833013	-0.0980113	0.0332238	-0.396913	-0.0380934	0.510965	-0.208308	-0.324263	0.768127	-0.0728445	-0.214711	1.14975	-0.0200528	-0.266209	1.4765	-0.158589	-0.163753	1.50921	-0.0385085	-0.0896061	0.0826835	-0.25285	-0.138549	0.46769	-0.266651	0.141006	0.123395	0.19592	0.121552	1.03281	-0.197532	0.240547	1.1745	-0.0671317	0.211167	0.824508	-0.237315	0.21178	1.14633	-0.0230962	0.0920335	0.0888944	0.261229	0.134885	0.528248	-0.0253671	0.162208	0.0221529	0.0917182	0.0261706	1.06447	0.0113098	0.0515404	1.36004	0.0298427	0.170241	0.961264	-0.0915454	0.138617	0.476913	0.00426711	0.11149	0.0370377	0.0460133	0.124621	1.51133	-0.0843457	0.206096	0.90938	-0.193014	0.275941	0.908927	-0.151327	0.0487389	0.0192449	0.0579142	-0.00660586	0.509126	-0.0409612	0.276839	0.810403	-0.144775	0.152934	1.15277	-0.0320555	0.150117	1.50128	-0.138056	0.0487724	1.51322	-0.0357432	0.0428825	0.122834	0.17062	0.0803705	0.438437	-0.0526264	-0.0511367	1.46774	-0.212114	-0.0422567	1.32004	0.0180705
192	1.9058	-0.0621769	1.5741	-0.101249	-0.0531353	1.25732	-0.257475	-0.18552	0.0717228	-0.229386	-0.161793	1.01989	-0.202682	-0.313933	1.14959	-0.0650965	-0.25583	0.768209	-0.154535	-0.277996	1.13244	-0.0171855	-0.13566	0.0157831	-0.184395	-0.185949	0.524818	-0.197911	-0.203269	0.0228228	-0.366471	-0.0715579	1.06132	0.00642386	-0.156574	1.34893	0.0184843	-0.208835	0.968716	-0.119277	-0.190532	0.462605	-0.186767	-0.159036	0.0445902	-0.399763	-0.247708	1.5016	-0.097328	-0.251627	0.873213	-0.127918	-0.32729	0.883863	-0.0876657	-0.0979284	0.0331226	-0.396913	-0.0396434	0.51142	-0.210469	-0.326599	0.76828	-0.0771156	-0.21749	1.15004	-0.0242747	-0.269709	1.47674	-0.162744	-0.167162	1.50966	-0.0427643	-0.089742	0.0827761	-0.252961	-0.139797	0.467503	-0.268633	0.141212	0.125539	0.194208	0.118672	1.03351	-0.201807	0.237534	1.17557	-0.0719021	0.208977	0.82489	-0.240798	0.208942	1.14752	-0.0277323	0.0922244	0.0916606	0.259803	0.133899	0.529006	-0.0296583	0.162179	0.0225818	0.0911947	0.0233559	1.06505	0.00719297	0.0485393	1.36084	0.0253558	0.167619	0.961959	-0.0956096	0.137814	0.477824	0.000213673	0.111518	0.0370719	0.0457656	0.121216	1.51215	-0.0890152	0.203695	0.909858	-0.196771	0.273654	0.909875	-0.155342	0.0487992	0.0193636	0.0576981	-0.00753954	0.509043	-0.0450209	0.274922	0.811322	-0.148416	0.150054	1.15375	-0.0366619	0.146577	1.50211	-0.142797	0.0454649	1.51403	-0.0402178	0.0432275	0.124644	0.168786	0.0797875	0.438737	-0.056561	-0.0545924	1.4682	-0.216472	-0.0452913	1.32066	0.0138402
193	1.91578	-0.0659032	1.57473	-0.10568	-0.0564314	1.25779	-0.261649	-0.185673	0.0716247	-0.229572	-0.164644	1.0204	-0.206727	-0.316829	1.14979	-0.0691701	-0.258373	0.768545	-0.158989	-0.280891	1.13268	-0.0212927	-0.135758	0.015781	-0.184393	-0.187533	0.525043	-0.200582	-0.203361	0.0226681	-0.366579	-0.0743568	1.06193	0.00228938	-0.159782	1.34944	0.01426	-0.211607	0.969163	-0.123311	-0.191997	0.46277	-0.189016	-0.159101	0.0444024	-0.399894	-0.25117	1.50192	-0.101498	-0.254243	0.873517	-0.132253	-0.329833	0.884173	-0.0920269	-0.097828	0.0330561	-0.396889	-0.0411896	0.511853	-0.212603	-0.328944	0.76845	-0.081394	-0.220307	1.15035	-0.0285	-0.273193	1.47699	-0.166923	-0.17058	1.5101	-0.0470198	-0.0898833	0.082875	-0.253047	-0.14104	0.467323	-0.270622	0.141407	0.127742	0.192422	0.115794	1.03427	-0.206064	0.234525	1.17666	-0.0766182	0.20685	0.825344	-0.244337	0.206108	1.14872	-0.0323258	0.0923659	0.0944917	0.258283	0.132949	0.529761	-0.0340714	0.162143	0.0230566	0.0906444	0.0205254	1.06564	0.00307222	0.0455239	1.36163	0.020893	0.16502	0.962671	-0.0996658	0.137045	0.478739	-0.0039689	0.111548	0.0370954	0.0455185	0.1178	1.51298	-0.0936196	0.20133	0.910408	-0.200576	0.271361	0.910849	-0.159322	0.0488557	0.0194924	0.0574647	-0.00841492	0.508973	-0.0492538	0.272964	0.812261	-0.15205	0.147206	1.15474	-0.0412155	0.14304	1.50295	-0.147471	0.0421408	1.51483	-0.0446432	0.0435635	0.126506	0.166834	0.0792398	0.43903	-0.0606279	-0.0580281	1.46867	-0.220796	-0.0483382	1.32126	0.00961686
194	1.92576	-0.0695687	1.57537	-0.110031	-0.0596947	1.25826	-0.265812	-0.185833	0.0715191	-0.229743	-0.167473	1.02088	-0.210738	-0.319758	1.15	-0.0732669	-0.260898	0.768891	-0.163436	-0.283832	1.1329	-0.0254307	-0.135858	0.0157689	-0.18438	-0.189113	0.525241	-0.20319	-0.203427	0.0225273	-0.366671	-0.0771661	1.06254	-0.00184741	-0.16302	1.34994	0.0100193	-0.214365	0.96958	-0.127346	-0.193459	0.462926	-0.191222	-0.159154	0.04424	-0.399999	-0.254631	1.50224	-0.105695	-0.256855	0.873834	-0.136584	-0.332382	0.884472	-0.0963806	-0.0977221	0.0330207	-0.396845	-0.0427373	0.512261	-0.214714	-0.331297	0.76863	-0.0856887	-0.22318	1.15066	-0.0327255	-0.276659	1.47723	-0.171128	-0.174008	1.51054	-0.0512763	-0.0900363	0.0829799	-0.253119	-0.142292	0.467148	-0.272613	0.141588	0.129996	0.190565	0.112926	1.03506	-0.2103	0.231535	1.17776	-0.0812768	0.204769	0.825865	-0.247922	0.203296	1.14993	-0.0368703	0.092453	0.0973822	0.256667	0.132045	0.530511	-0.0385931	0.162101	0.0235735	0.0900722	0.0176844	1.06623	-0.00105091	0.0424892	1.36242	0.0164627	0.162444	0.963394	-0.103711	0.136321	0.47966	-0.00826723	0.11158	0.0371078	0.0452742	0.114377	1.51382	-0.0981534	0.198995	0.91102	-0.204409	0.269067	0.91184	-0.163265	0.0489082	0.0196273	0.0572167	-0.00922484	0.508917	-0.0536795	0.270963	0.813212	-0.155672	0.144404	1.15574	-0.0457034	0.139509	1.50382	-0.152073	0.0388005	1.51562	-0.0490145	0.0438921	0.128415	0.164761	0.0787398	0.439314	-0.0648179	-0.0614467	1.46915	-0.225083	-0.0513999	1.32184	0.00540384
195	1.93574	-0.0731677	1.57603	-0.114293	-0.0629233	1.25874	-0.269963	-0.185999	0.0714038	-0.229899	-0.17027	1.02132	-0.214722	-0.32272	1.1502	-0.077391	-0.263393	0.769241	-0.167874	-0.286828	1.13311	-0.029598	-0.13596	0.0157502	-0.18436	-0.190691	0.525407	-0.205724	-0.203477	0.0223887	-0.366752	-0.0799827	1.06313	-0.00598124	-0.166284	1.35043	0.00576377	-0.217106	0.969966	-0.13138	-0.194918	0.463068	-0.193372	-0.159204	0.044095	-0.400082	-0.258088	1.50255	-0.109919	-0.25946	0.874156	-0.140909	-0.334938	0.884748	-0.100726	-0.0976207	0.0330123	-0.396789	-0.0442907	0.51264	-0.216807	-0.333656	0.768817	-0.0900096	-0.22612	1.15097	-0.0369493	-0.280102	1.47747	-0.175356	-0.177445	1.51097	-0.055534	-0.0902049	0.0830902	-0.253184	-0.143564	0.466977	-0.274599	0.141754	0.13229	0.188637	0.110075	1.03589	-0.214507	0.228574	1.17886	-0.0858744	0.202722	0.826445	-0.251538	0.200521	1.15113	-0.0413594	0.0924796	0.100324	0.25495	0.131196	0.531257	-0.0432081	0.162056	0.0241264	0.0894844	0.0148407	1.06681	-0.0051738	0.0394323	1.36318	0.012074	0.159894	0.964122	-0.107741	0.135652	0.480588	-0.0126648	0.111616	0.0371086	0.0450352	0.110949	1.51466	-0.102613	0.196687	0.911682	-0.20825	0.266774	0.912843	-0.167167	0.0489561	0.0197625	0.056958	-0.00996228	0.508875	-0.0583108	0.268921	0.814167	-0.159279	0.14166	1.15674	-0.050115	0.135987	1.5047	-0.156596	0.0354452	1.51639	-0.0533276	0.044215	0.130364	0.162564	0.0783024	0.439586	-0.0691195	-0.0648497	1.46963	-0.229332	-0.0544779	1.3224	0.00120448
196	1.94571	-0.076698	1.5767	-0.118464	-0.0661152	1.25921	-0.274101	-0.186174	0.0712781	-0.230042	-0.173027	1.02171	-0.218684	-0.325718	1.15039	-0.0815459	-0.265853	0.769589	-0.172302	-0.289886	1.1333	-0.033792	-0.136064	0.0157278	-0.184336	-0.19227	0.525537	-0.208175	-0.20352	0.0222439	-0.366824	-0.0828017	1.06371	-0.0101062	-0.16957	1.35091	0.00149651	-0.219827	0.970321	-0.135409	-0.196372	0.463195	-0.195456	-0.15926	0.0439606	-0.400148	-0.26154	1.50284	-0.114165	-0.262052	0.874477	-0.145223	-0.337501	0.884993	-0.105064	-0.0975313	0.0330262	-0.396724	-0.0458523	0.512991	-0.218885	-0.33602	0.769004	-0.0943664	-0.229138	1.15126	-0.0411705	-0.28352	1.47769	-0.179605	-0.180888	1.51138	-0.0597921	-0.0903899	0.0832052	-0.253248	-0.144864	0.466805	-0.276572	0.141901	0.134613	0.186642	0.107249	1.03673	-0.218682	0.225654	1.17998	-0.0904066	0.200694	0.827075	-0.255169	0.197797	1.15233	-0.0457862	0.0924394	0.103308	0.253133	0.13041	0.531997	-0.0479	0.162009	0.0247071	0.0888877	0.0120043	1.06737	-0.00929212	0.0363537	1.36391	0.00773556	0.157372	0.964846	-0.111756	0.13505	0.481525	-0.017143	0.111654	0.0370978	0.0448046	0.107519	1.51548	-0.106996	0.194402	0.912381	-0.212078	0.264488	0.913849	-0.171025	0.0489978	0.0198911	0.0566928	-0.0106201	0.508838	-0.0631524	0.266846	0.815118	-0.162867	0.13898	1.15775	-0.0544419	0.132479	1.50558	-0.161037	0.0320781	1.51713	-0.0575804	0.0445331	0.13234	0.160245	0.0779445	0.439843	-0.0735196	-0.0682375	1.47011	-0.233545	-0.0575718	1.32293	-0.00297781
197	1.95569	-0.0801604	1.57738	-0.122547	-0.069268	1.25967	-0.278222	-0.186355	0.0711426	-0.230174	-0.175738	1.02205	-0.222631	-0.328749	1.15058	-0.0857343	-0.26827	0.769929	-0.17672	-0.293009	1.13348	-0.0380096	-0.136168	0.0157045	-0.184309	-0.19385	0.525632	-0.210542	-0.203564	0.0220876	-0.366891	-0.0856166	1.06428	-0.0142158	-0.172869	1.35136	-0.00277748	-0.222526	0.970645	-0.139425	-0.197819	0.463303	-0.197469	-0.159325	0.0438315	-0.400202	-0.264982	1.50311	-0.118431	-0.26463	0.87479	-0.149524	-0.34007	0.885201	-0.109402	-0.0974584	0.0330573	-0.396657	-0.0474223	0.513313	-0.220952	-0.33839	0.769186	-0.0987675	-0.23224	1.15153	-0.045389	-0.286909	1.4779	-0.183872	-0.184335	1.51175	-0.0640487	-0.0905902	0.0833235	-0.253316	-0.146192	0.466631	-0.278524	0.142025	0.136951	0.184584	0.104453	1.03757	-0.222822	0.222781	1.18108	-0.0948676	0.198677	0.827744	-0.2588	0.195129	1.15351	-0.0501434	0.0923267	0.106323	0.251211	0.129698	0.53273	-0.0526529	0.161958	0.0253064	0.0882886	0.00918644	1.06791	-0.0133994	0.0332574	1.3646	0.00345568	0.154879	0.965557	-0.115754	0.134524	0.482473	-0.0216829	0.111694	0.0370755	0.0445852	0.104093	1.51629	-0.111304	0.192138	0.913104	-0.215875	0.262213	0.91485	-0.174834	0.049031	0.0200061	0.0564256	-0.0111909	0.508795	-0.0682013	0.264744	0.81606	-0.166428	0.136364	1.15874	-0.058678	0.128989	1.50644	-0.165392	0.0287037	1.51784	-0.0617723	0.0448475	0.13433	0.157806	0.0776835	0.440084	-0.0780049	-0.0716085	1.47058	-0.237722	-0.0606793	1.32344	-0.00713946
198	1.96567	-0.0835593	1.57806	-0.126548	-0.0723794	1.26012	-0.282326	-0.186541	0.0709989	-0.230297	-0.1784	1.02234	-0.226567	-0.331809	1.15075	-0.0899578	-0.270644	0.770252	-0.181125	-0.296195	1.13362	-0.0422471	-0.136272	0.0156821	-0.184283	-0.19543	0.525694	-0.212827	-0.203613	0.0219179	-0.366955	-0.0884197	1.06483	-0.0183031	-0.176171	1.35179	-0.0070515	-0.225201	0.970942	-0.143421	-0.199256	0.463393	-0.199415	-0.159401	0.043704	-0.400248	-0.268409	1.50334	-0.122711	-0.267191	0.875084	-0.153809	-0.342645	0.885369	-0.113744	-0.0974035	0.0331006	-0.396589	-0.0489991	0.513607	-0.223011	-0.340768	0.769356	-0.103219	-0.235425	1.15177	-0.0496049	-0.290267	1.47808	-0.188151	-0.187779	1.5121	-0.0683009	-0.0908028	0.0834436	-0.25339	-0.147548	0.46645	-0.280451	0.142125	0.139291	0.182466	0.101691	1.0384	-0.226923	0.219958	1.18218	-0.0992504	0.196666	0.828441	-0.262412	0.192518	1.15466	-0.0544232	0.0921373	0.109359	0.249185	0.129066	0.533455	-0.0574526	0.161902	0.0259144	0.0876924	0.00639826	1.06841	-0.0174867	0.0301508	1.36526	-0.000758741	0.152416	0.966245	-0.119733	0.134083	0.483431	-0.0262662	0.111735	0.0370417	0.0443795	0.100674	1.51706	-0.115539	0.189898	0.913839	-0.219625	0.259956	0.91584	-0.178589	0.0490527	0.0201009	0.0561607	-0.0116674	0.508732	-0.0734479	0.262629	0.816985	-0.169958	0.133809	1.15972	-0.0628198	0.125523	1.50729	-0.169661	0.0253284	1.51851	-0.0659047	0.0451587	0.136319	0.155251	0.077537	0.440305	-0.0825623	-0.0749593	1.47103	-0.241865	-0.0637957	1.32391	-0.0112767
199	1.97565	-0.0869019	1.57873	-0.130481	-0.0754465	1.26053	-0.286409	-0.186729	0.0708494	-0.230412	-0.18101	1.02257	-0.230493	-0.334895	1.15089	-0.0942169	-0.272973	0.770551	-0.185515	-0.299438	1.13374	-0.0465009	-0.136374	0.015662	-0.184256	-0.197007	0.525726	-0.215034	-0.203668	0.0217353	-0.367017	-0.091203	1.06537	-0.0223605	-0.179463	1.35219	-0.0113175	-0.227849	0.971211	-0.14739	-0.200679	0.463464	-0.201299	-0.159487	0.0435754	-0.40029	-0.271818	1.50355	-0.127	-0.269736	0.875352	-0.158076	-0.345228	0.885494	-0.118101	-0.0973658	0.0331511	-0.396522	-0.0505789	0.513875	-0.225063	-0.343154	0.769508	-0.107723	-0.238688	1.15196	-0.0538186	-0.29359	1.47822	-0.192436	-0.191214	1.5124	-0.0725453	-0.0910232	0.0835641	-0.253469	-0.148926	0.46626	-0.282348	0.142198	0.141618	0.180289	0.098969	1.03919	-0.230981	0.217187	1.18325	-0.103547	0.194661	0.829153	-0.265991	0.189961	1.15578	-0.0586175	0.0918702	0.112406	0.247054	0.128521	0.53417	-0.0622877	0.161839	0.0265223	0.0871024	0.00364961	1.06889	-0.0215426	0.0270443	1.36588	-0.00490247	0.149983	0.9669	-0.123692	0.133731	0.484397	-0.0308775	0.111772	0.0369975	0.0441882	0.0972711	1.5178	-0.119707	0.187684	0.914576	-0.223313	0.257722	0.916811	-0.182284	0.0490598	0.0201711	0.0559011	-0.0120428	0.508635	-0.0788777	0.260512	0.817889	-0.173446	0.131305	1.16067	-0.0668656	0.122086	1.50811	-0.173847	0.0219596	1.51914	-0.0699801	0.0454675	0.138292	0.152585	0.0775202	0.440505	-0.0871802	-0.0782848	1.47146	-0.245977	-0.0669144	1.32435	-0.0153857
200	1.98563	-0.0901968	1.57938	-0.134361	-0.0784662	1.26092	-0.290467	-0.186916	0.0706974	-0.230519	-0.18357	1.02276	-0.234408	-0.338	1.15101	-0.0985105	-0.275262	0.770816	-0.189889	-0.302726	1.13383	-0.0507683	-0.136474	0.015645	-0.18423	-0.198578	0.525732	-0.217172	-0.20373	0.0215426	-0.367079	-0.0939586	1.06589	-0.0263805	-0.182732	1.35256	-0.0155663	-0.230468	0.971455	-0.151321	-0.202086	0.463517	-0.203131	-0.159581	0.0434443	-0.400331	-0.275201	1.50372	-0.131289	-0.272264	0.875585	-0.162323	-0.347819	0.885576	-0.122478	-0.0973426	0.0332045	-0.396458	-0.0521563	0.514119	-0.227109	-0.345551	0.769635	-0.112281	-0.242017	1.15211	-0.0580294	-0.296875	1.47833	-0.196722	-0.194633	1.51267	-0.0767778	-0.0912468	0.0836833	-0.253554	-0.150318	0.466059	-0.284214	0.142245	0.143923	0.178057	0.09629	1.03993	-0.234993	0.214463	1.1843	-0.107749	0.192668	0.829871	-0.269522	0.18745	1.15687	-0.0627182	0.091528	0.115459	0.244818	0.128065	0.534873	-0.0671511	0.161765	0.0271233	0.0865189	0.000947905	1.06934	-0.0255533	0.0239498	1.36646	-0.00897235	0.14758	0.967514	-0.127626	0.133471	0.485369	-0.0355055	0.111802	0.0369447	0.04401	0.0938897	1.5185	-0.123812	0.185503	0.915304	-0.226927	0.255519	0.917757	-0.185907	0.0490491	0.0202152	0.055648	-0.0123117	0.508489	-0.0844736	0.258408	0.818769	-0.176881	0.12884	1.16159	-0.0708161	0.118685	1.50889	-0.177953	0.0186062	1.51973	-0.0740023	0.0457743	0.140235	0.149813	0.0776452	0.440683	-0.0918496	-0.0815791	1.47186	-0.250058	-0.0700269	1.32475	-0.0194622
201	1.9956	-0.0934528	1.57998	-0.138205	-0.0814349	1.26127	-0.294496	-0.1871	0.070546	-0.230622	-0.186081	1.02289	-0.238306	-0.341117	1.1511	-0.102836	-0.277516	0.771038	-0.194245	-0.306044	1.13388	-0.0550473	-0.136571	0.015631	-0.184205	-0.20014	0.525716	-0.219251	-0.203799	0.0213442	-0.367141	-0.0966792	1.06639	-0.0303556	-0.185963	1.3529	-0.0197889	-0.233056	0.971674	-0.155206	-0.203473	0.463553	-0.204924	-0.159679	0.0433102	-0.400373	-0.278554	1.50385	-0.135573	-0.274778	0.875775	-0.166552	-0.350417	0.885616	-0.126884	-0.0973301	0.0332567	-0.396396	-0.0537247	0.514343	-0.229149	-0.347962	0.769731	-0.116887	-0.245393	1.15222	-0.0622365	-0.300118	1.4784	-0.201	-0.198027	1.51289	-0.080994	-0.0914686	0.0837997	-0.253641	-0.151713	0.465845	-0.286052	0.142268	0.146199	0.175768	0.0936575	1.04061	-0.238954	0.211781	1.18531	-0.111847	0.190701	0.830584	-0.27299	0.184971	1.15791	-0.0667171	0.091118	0.118515	0.242478	0.127699	0.535562	-0.0720401	0.161677	0.0277141	0.0859394	-0.0017028	1.06976	-0.0295035	0.0208801	1.367	-0.0129675	0.145205	0.96808	-0.131532	0.1333	0.486342	-0.0401441	0.111821	0.0368871	0.0438405	0.0905379	1.51916	-0.12786	0.183363	0.916016	-0.23046	0.253352	0.918673	-0.189448	0.0490184	0.0202364	0.0553997	-0.012471	0.508283	-0.0902173	0.256331	0.81962	-0.18025	0.126401	1.16248	-0.0746733	0.115324	1.50962	-0.181986	0.0152775	1.52027	-0.0779755	0.0460799	0.142139	0.146939	0.0779187	0.440838	-0.0965644	-0.0848351	1.47223	-0.254107	-0.0731231	1.32512	-0.0235017
202	2.00558	-0.0966774	1.58053	-0.142028	-0.0843491	1.26157	-0.298489	-0.187278	0.0703986	-0.23072	-0.188544	1.02299	-0.24218	-0.344238	1.15115	-0.10719	-0.279743	0.771211	-0.198581	-0.309376	1.13389	-0.0593375	-0.136664	0.0156198	-0.18418	-0.201686	0.525682	-0.221282	-0.203873	0.0211454	-0.367204	-0.0993586	1.06687	-0.0342786	-0.189145	1.35322	-0.0239763	-0.235609	0.971868	-0.159038	-0.204837	0.463574	-0.206693	-0.159778	0.0431731	-0.400418	-0.281869	1.50394	-0.139844	-0.27728	0.875917	-0.170765	-0.353022	0.885614	-0.131323	-0.0973242	0.0333046	-0.396337	-0.0552768	0.51455	-0.231184	-0.350389	0.76979	-0.121536	-0.248798	1.15227	-0.0664381	-0.303315	1.47843	-0.205264	-0.20139	1.51307	-0.0851892	-0.0916841	0.0839122	-0.253729	-0.153102	0.46562	-0.287867	0.142272	0.148443	0.173422	0.0910747	1.04121	-0.242858	0.209133	1.18629	-0.115831	0.188776	0.831281	-0.276384	0.182511	1.15891	-0.0706069	0.090652	0.121576	0.240039	0.127421	0.536233	-0.0769574	0.161571	0.0282954	0.0853583	-0.0043023	1.07016	-0.033377	0.0178469	1.36751	-0.0168894	0.142857	0.968596	-0.135404	0.133211	0.487311	-0.0447935	0.111826	0.0368308	0.0436714	0.0872234	1.51978	-0.131855	0.181273	0.916704	-0.233903	0.251227	0.919553	-0.192888	0.0489664	0.0202436	0.0551517	-0.0125204	0.50801	-0.096091	0.254292	0.820441	-0.183535	0.12397	1.16332	-0.0784406	0.112012	1.51031	-0.185953	0.0119827	1.52077	-0.0819039	0.0463854	0.143997	0.143966	0.0783412	0.440971	-0.101322	-0.0880461	1.47256	-0.258121	-0.0761924	1.32546	-0.0274998
203	2.01556	-0.0998755	1.58101	-0.145844	-0.0872048	1.26183	-0.302443	-0.187448	0.0702579	-0.230817	-0.190962	1.02304	-0.24602	-0.347355	1.15116	-0.111567	-0.281951	0.771326	-0.202898	-0.312703	1.13386	-0.06364	-0.136754	0.015611	-0.184154	-0.203213	0.525634	-0.223276	-0.203951	0.0209519	-0.367266	-0.101992	1.06732	-0.0381429	-0.192269	1.35351	-0.0281206	-0.238125	0.972039	-0.162809	-0.206176	0.463581	-0.20845	-0.159875	0.0430333	-0.400468	-0.285141	1.504	-0.144096	-0.27977	0.876006	-0.174967	-0.355632	0.885571	-0.135799	-0.0973208	0.0333451	-0.396281	-0.0568048	0.514744	-0.233215	-0.352834	0.769808	-0.126219	-0.252206	1.15228	-0.0706321	-0.306462	1.47842	-0.209508	-0.204711	1.51321	-0.0893588	-0.0918894	0.0840197	-0.253815	-0.154476	0.465385	-0.289666	0.142263	0.150658	0.171014	0.0885444	1.04172	-0.246697	0.206509	1.18721	-0.119693	0.186913	0.831955	-0.279694	0.180051	1.15986	-0.0743808	0.0901463	0.124649	0.237504	0.127224	0.536883	-0.0819105	0.161443	0.0288733	0.0847669	-0.00685418	1.07056	-0.0371582	0.01486	1.368	-0.0207416	0.140535	0.96906	-0.139236	0.133196	0.488269	-0.0494601	0.111814	0.0367845	0.0434909	0.0839541	1.52035	-0.135802	0.179245	0.917363	-0.237253	0.249151	0.920392	-0.196211	0.0488933	0.0202514	0.0548958	-0.0124635	0.507669	-0.102078	0.252304	0.821231	-0.186722	0.121531	1.16411	-0.0821223	0.108753	1.51095	-0.189862	0.00873117	1.52123	-0.0857913	0.0466917	0.145812	0.140896	0.078906	0.441083	-0.106124	-0.0912053	1.47284	-0.262093	-0.0792241	1.32577	-0.031452
204	2.02554	-0.103048	1.58141	-0.14966	-0.0899983	1.26205	-0.30635	-0.187607	0.0701264	-0.230912	-0.193339	1.02306	-0.249817	-0.35046	1.15112	-0.115962	-0.284151	0.77138	-0.207196	-0.316007	1.13378	-0.0679571	-0.136839	0.0156039	-0.184127	-0.204714	0.525574	-0.225247	-0.204032	0.0207694	-0.367329	-0.104576	1.06775	-0.041943	-0.19533	1.35377	-0.0322155	-0.240601	0.972184	-0.166514	-0.207487	0.463575	-0.210207	-0.159968	0.0428912	-0.400522	-0.288364	1.50402	-0.148321	-0.282251	0.876041	-0.179164	-0.358244	0.885489	-0.140313	-0.0973164	0.0333755	-0.396225	-0.0583012	0.514929	-0.235244	-0.355298	0.769781	-0.130927	-0.255596	1.15224	-0.0748172	-0.309554	1.47836	-0.213724	-0.207984	1.51331	-0.0934981	-0.0920809	0.0841213	-0.253897	-0.155825	0.465142	-0.29146	0.142248	0.152852	0.168541	0.0860689	1.04214	-0.250464	0.203901	1.18809	-0.123423	0.185134	0.832599	-0.282911	0.177576	1.16075	-0.0780333	0.0896202	0.127743	0.234879	0.127099	0.537509	-0.0869114	0.161291	0.0294586	0.0841549	-0.00936534	1.07095	-0.0408333	0.0119264	1.36845	-0.0245292	0.138236	0.969472	-0.143021	0.133242	0.489209	-0.0541563	0.111783	0.0367595	0.0432837	0.0807378	1.52088	-0.139701	0.17729	0.91799	-0.240506	0.247126	0.921186	-0.199394	0.0488012	0.0202808	0.0546205	-0.012308	0.507264	-0.108163	0.250375	0.821989	-0.189793	0.119064	1.16485	-0.0857229	0.105555	1.51153	-0.193719	0.00553115	1.52166	-0.0896405	0.0469996	0.147589	0.137727	0.0795992	0.441176	-0.110975	-0.094307	1.47308	-0.266014	-0.0822084	1.32605	-0.0353541
205	2.03552	-0.106194	1.58174	-0.153479	-0.092726	1.26221	-0.310204	-0.187754	0.0700057	-0.231007	-0.195677	1.02306	-0.25356	-0.353544	1.15103	-0.120371	-0.286349	0.77137	-0.211478	-0.319269	1.13365	-0.0722921	-0.136919	0.0155979	-0.184099	-0.206182	0.525503	-0.227205	-0.204115	0.0206028	-0.367392	-0.107108	1.06813	-0.0456744	-0.198325	1.354	-0.0362559	-0.243034	0.972303	-0.17015	-0.208766	0.463557	-0.211972	-0.160052	0.0427472	-0.400583	-0.291531	1.504	-0.152514	-0.284722	0.876022	-0.183367	-0.360856	0.885369	-0.144867	-0.0973079	0.0333931	-0.396172	-0.0597586	0.515106	-0.237272	-0.357782	0.769705	-0.135651	-0.258945	1.15215	-0.0789926	-0.312585	1.47827	-0.217907	-0.2112	1.51337	-0.0976021	-0.0922556	0.0842163	-0.253973	-0.157142	0.464895	-0.293259	0.142236	0.155037	0.165999	0.0836499	1.04248	-0.254151	0.201299	1.1889	-0.127014	0.183462	0.833207	-0.28603	0.175068	1.16158	-0.0815598	0.0890946	0.130872	0.232172	0.127035	0.538108	-0.0919755	0.161113	0.0300671	0.0835106	-0.0118448	1.07136	-0.0443914	0.00905065	1.36889	-0.0282584	0.13596	0.969838	-0.146752	0.133332	0.490127	-0.0588994	0.111734	0.03677	0.0430315	0.0775817	1.52136	-0.143552	0.175419	0.91858	-0.243663	0.245158	0.921927	-0.202416	0.0486941	0.0203579	0.0543118	-0.0120654	0.506804	-0.114333	0.248512	0.822712	-0.192731	0.116555	1.16554	-0.089247	0.102423	1.51206	-0.19753	0.00239029	1.52205	-0.0934535	0.0473097	0.149342	0.134459	0.0803998	0.441253	-0.115881	-0.0973463	1.47326	-0.269874	-0.0851372	1.32631	-0.0392024
206	2.04549	-0.109305	1.582	-0.157299	-0.0953849	1.26234	-0.314	-0.187886	0.0698966	-0.231103	-0.19798	1.02303	-0.25724	-0.356601	1.15089	-0.124787	-0.288554	0.771294	-0.21575	-0.322474	1.13348	-0.0766487	-0.136992	0.0155927	-0.184069	-0.207611	0.525422	-0.229161	-0.204199	0.0204561	-0.367454	-0.109587	1.06848	-0.0493339	-0.201256	1.35421	-0.0402381	-0.245418	0.972396	-0.173716	-0.21001	0.463528	-0.213754	-0.160129	0.0426013	-0.400648	-0.294636	1.50395	-0.156666	-0.287182	0.875952	-0.187585	-0.363464	0.885213	-0.149459	-0.0972932	0.0333951	-0.396119	-0.0611703	0.515277	-0.2393	-0.360284	0.769582	-0.140386	-0.262235	1.15202	-0.083159	-0.315549	1.47814	-0.222051	-0.214353	1.51341	-0.101666	-0.0924109	0.0843036	-0.254044	-0.158419	0.464646	-0.295074	0.142232	0.15723	0.163382	0.0812882	1.04274	-0.257751	0.198698	1.18966	-0.130456	0.181917	0.833774	-0.289043	0.172513	1.16235	-0.0849578	0.0885904	0.134052	0.22939	0.127019	0.53868	-0.0971207	0.160912	0.0307188	0.0828224	-0.0143024	1.07179	-0.0478261	0.00623462	1.36929	-0.0319351	0.133706	0.970163	-0.150424	0.133452	0.491016	-0.0637108	0.111669	0.0368322	0.0427145	0.0744927	1.5218	-0.147352	0.173641	0.919133	-0.246722	0.24325	0.92261	-0.205255	0.0485774	0.020513	0.053954	-0.0117517	0.506302	-0.120573	0.24672	0.823401	-0.195523	0.113988	1.16617	-0.0926989	0.0993651	1.51254	-0.201299	-0.000684733	1.52241	-0.0972312	0.0476215	0.151088	0.131094	0.0812806	0.441317	-0.120853	-0.100319	1.47339	-0.273659	-0.0880047	1.32655	-0.0429938
207	2.05547	-0.112373	1.58219	-0.161113	-0.0979722	1.26242	-0.317732	-0.188001	0.0697993	-0.231202	-0.200248	1.02297	-0.26085	-0.359622	1.15069	-0.129206	-0.290769	0.771157	-0.220018	-0.325608	1.13325	-0.0810299	-0.137059	0.015588	-0.184038	-0.208994	0.525331	-0.231127	-0.204284	0.020332	-0.367517	-0.112011	1.06879	-0.0529199	-0.204126	1.3544	-0.0441592	-0.247752	0.97246	-0.177212	-0.211214	0.463487	-0.215555	-0.160195	0.0424532	-0.400718	-0.297674	1.50387	-0.160773	-0.289627	0.875837	-0.191831	-0.366061	0.885023	-0.154087	-0.0972707	0.0333784	-0.396069	-0.0625301	0.515442	-0.241328	-0.362802	0.769413	-0.145128	-0.265452	1.15184	-0.0873183	-0.318441	1.47797	-0.226152	-0.217436	1.51342	-0.105683	-0.0925444	0.0843823	-0.25411	-0.15965	0.464398	-0.296915	0.142243	0.159451	0.160687	0.0789838	1.04292	-0.261258	0.196094	1.19035	-0.133742	0.180519	0.834297	-0.291946	0.169899	1.16305	-0.0882261	0.0881258	0.1373	0.226542	0.127034	0.539222	-0.102367	0.16069	0.0314377	0.0820799	-0.0167464	1.07225	-0.0511371	0.00347859	1.36968	-0.0355641	0.131476	0.970455	-0.154033	0.133584	0.491875	-0.068615	0.111593	0.0369637	0.0423121	0.0714771	1.52219	-0.151096	0.171966	0.919647	-0.249685	0.241403	0.923232	-0.207892	0.0484576	0.0207788	0.0535309	-0.0113867	0.505775	-0.126871	0.245	0.824054	-0.198157	0.111351	1.16675	-0.0960825	0.0963863	1.51297	-0.205027	-0.00368799	1.52274	-0.100973	0.0479331	0.152852	0.127634	0.0822079	0.441373	-0.125901	-0.103222	1.47347	-0.277355	-0.0908083	1.32677	-0.0467262
208	2.06545	-0.115386	1.58232	-0.164912	-0.100486	1.26246	-0.321396	-0.188097	0.0697132	-0.231302	-0.202483	1.0229	-0.264385	-0.362598	1.15045	-0.133627	-0.292994	0.770964	-0.224292	-0.32866	1.13296	-0.0854378	-0.137116	0.0155836	-0.184006	-0.210323	0.525228	-0.233108	-0.20437	0.0202314	-0.367579	-0.114382	1.06905	-0.0564323	-0.206939	1.35455	-0.0480163	-0.25003	0.972494	-0.18064	-0.212373	0.463435	-0.217377	-0.160251	0.0423024	-0.400793	-0.300639	1.50378	-0.164827	-0.292054	0.875685	-0.196117	-0.368643	0.884802	-0.158752	-0.0972391	0.0333399	-0.396021	-0.0638326	0.515601	-0.243355	-0.365331	0.769202	-0.149878	-0.268587	1.15161	-0.0914726	-0.321255	1.47778	-0.230202	-0.220442	1.51341	-0.109647	-0.0926542	0.0844514	-0.254171	-0.160828	0.464154	-0.298788	0.142271	0.161722	0.157908	0.0767357	1.04305	-0.264668	0.193488	1.19098	-0.136864	0.179281	0.834774	-0.294734	0.167221	1.16369	-0.0913655	0.0877145	0.140632	0.223633	0.127065	0.539735	-0.107732	0.160451	0.0322485	0.0812745	-0.0191817	1.07274	-0.0543296	0.000781974	1.37004	-0.0391486	0.129274	0.970722	-0.157578	0.133713	0.492703	-0.0736363	0.11151	0.0371814	0.0418056	0.0685403	1.52255	-0.15478	0.1704	0.920122	-0.252551	0.239619	0.923787	-0.210312	0.0483412	0.0211859	0.0530281	-0.0109921	0.505244	-0.133213	0.243352	0.82467	-0.200622	0.108637	1.16728	-0.0994007	0.0934921	1.51335	-0.208714	-0.00661458	1.52304	-0.104678	0.0482411	0.154658	0.124086	0.0831465	0.441424	-0.131037	-0.106054	1.47349	-0.28095	-0.0935486	1.32696	-0.0503986
209	2.07543	-0.118335	1.5824	-0.168686	-0.102927	1.26247	-0.324989	-0.188174	0.0696378	-0.231406	-0.204686	1.02282	-0.267843	-0.365525	1.15016	-0.138047	-0.295231	0.770721	-0.228578	-0.331624	1.13263	-0.089873	-0.137164	0.0155797	-0.183975	-0.211595	0.525113	-0.235108	-0.204456	0.0201543	-0.367642	-0.116698	1.06927	-0.0598717	-0.209696	1.35468	-0.0518077	-0.25225	0.972497	-0.184002	-0.213485	0.463371	-0.219219	-0.160295	0.0421483	-0.400871	-0.303528	1.50366	-0.168823	-0.294459	0.875502	-0.200452	-0.371205	0.884553	-0.163451	-0.0971981	0.0332777	-0.395977	-0.0650748	0.515753	-0.24538	-0.367867	0.768953	-0.154638	-0.271633	1.15133	-0.0956234	-0.323988	1.47756	-0.234199	-0.22337	1.51339	-0.113556	-0.0927393	0.0845099	-0.25423	-0.16195	0.463915	-0.300694	0.142316	0.164056	0.155044	0.074543	1.04313	-0.26798	0.19088	1.19154	-0.139818	0.17821	0.835204	-0.297404	0.164474	1.16426	-0.0943774	0.0873629	0.144057	0.220667	0.127102	0.540222	-0.113229	0.1602	0.0331677	0.0804019	-0.0216099	1.07325	-0.0574099	-0.00185579	1.37038	-0.0426895	0.127103	0.97097	-0.16106	0.133827	0.493501	-0.0787903	0.111422	0.0374958	0.0411838	0.0656854	1.52287	-0.158399	0.168944	0.920557	-0.25532	0.237898	0.924274	-0.212507	0.0482322	0.021753	0.0524377	-0.010583	0.504722	-0.139589	0.241776	0.825249	-0.202916	0.105844	1.16776	-0.102655	0.090686	1.51369	-0.212358	-0.00946166	1.52333	-0.108344	0.0485427	0.156521	0.120455	0.084072	0.441473	-0.136269	-0.108812	1.47347	-0.284437	-0.0962274	1.32714	-0.0540108
