sample_id,DB,Participant,Trial,Leg_Used,analysis,method,fold,true_label,predicted_label,correct,predicted_probability
1,DB1,P27,DB1_P27_C3_T01_relabeled,L,primary,wf2_featurewise,1,DB1,DB1,True,0.9999995231628418
8,DB5,P05,DB5_P05_T22_l_slow_relabeled,L,primary,wf2_featurewise,1,DB5,DB5,True,0.9999938011169434
19,DB5,P05,DB5_P05_T36_r_slow_relabeled,L,primary,wf2_featurewise,1,DB5,DB5,True,0.9999803304672241
20,DB4,P55,DB4_P55_T04_relabeled,R,primary,wf2_featurewise,1,DB4,DB4,True,0.999962329864502
28,DB5,P08,DB5_P08_T03_r_fast_relabeled,L,primary,wf2_featurewise,1,DB5,DB5,True,0.9999760389328003
33,DB5,P08,DB5_P08_T07_r_comf_relabeled,L,primary,wf2_featurewise,1,DB5,DB5,True,0.9999837875366211
35,DB4,P55,DB4_P55_T14_relabeled,R,primary,wf2_featurewise,1,DB4,DB4,True,0.9999743700027466
39,DB2,P08,DB2_P08_T02_-130_relabeled,L,primary,wf2_featurewise,1,DB2,DB2,True,0.9999841451644897
40,DB4,P24,DB4_P24_T21_relabeled,R,primary,wf2_featurewise,1,DB4,DB4,True,0.9998075366020203
41,DB4,P22,DB4_P22_T05_relabeled,R,primary,wf2_featurewise,1,DB4,DB4,True,0.9999837875366211
46,DB3,P01,DB3_P01_A_T12_relabeled,L,primary,wf2_featurewise,1,DB3,DB3,True,0.9986259937286377
50,DB5,P17,DB5_P17_T37_r_slow_relabeled,L,primary,wf2_featurewise,1,DB5,DB5,True,0.9894495606422424
60,DB5,P17,DB5_P17_T12_r_comf_relabeled,L,primary,wf2_featurewise,1,DB5,DB5,True,0.9658772349357605
62,DB2,P13,DB2_P13_T02_-130_relabeled,L,primary,wf2_featurewise,1,DB2,DB2,True,0.8970659375190735
63,DB5,P05,DB5_P05_T27_l_slow_relabeled,L,primary,wf2_featurewise,1,DB5,DB5,True,0.9999879598617554
65,DB4,P07,DB4_P07_T20_relabeled,R,primary,wf2_featurewise,1,DB4,DB4,True,0.9999220371246338
68,DB4,P51,DB4_P51_T11_relabeled,R,primary,wf2_featurewise,1,DB4,DB4,True,0.9999585151672363
86,DB4,P17,DB4_P17_T20_relabeled,R,primary,wf2_featurewise,1,DB4,DB4,True,0.9998729228973389
91,DB4,P22,DB4_P22_T15_relabeled,L,primary,wf2_featurewise,1,DB4,DB4,True,0.9995167255401611
95,DB4,P07,DB4_P07_T19_relabeled,R,primary,wf2_featurewise,1,DB4,DB4,True,0.9997335076332092
97,DB4,P24,DB4_P24_T12_relabeled,L,primary,wf2_featurewise,1,DB4,DB4,True,0.9999550580978394
102,DB5,P17,DB5_P17_T04_l_comf_relabeled,L,primary,wf2_featurewise,1,DB5,DB5,True,0.9862765073776245
103,DB5,P08,DB5_P08_T02_r_comf_relabeled,L,primary,wf2_featurewise,1,DB5,DB5,True,0.9999879598617554
106,DB1,P29,DB1_P29_C2_T03_relabeled,L,primary,wf2_featurewise,1,DB1,DB1,True,0.9999985694885254
109,DB4,P11,DB4_P11_T17_relabeled,L,primary,wf2_featurewise,1,DB4,DB4,True,0.9997671246528625
110,DB1,P27,DB1_P27_C2_T01_relabeled,L,primary,wf2_featurewise,1,DB1,DB1,True,0.9999996423721313
113,DB5,P11,DB5_P11_T21_r_comf_relabeled,L,primary,wf2_featurewise,1,DB5,DB5,True,0.9999961853027344
116,DB4,P07,DB4_P07_T03_relabeled,R,primary,wf2_featurewise,1,DB4,DB4,True,0.999962329864502
119,DB2,P08,DB2_P08_T05_65_relabeled,L,primary,wf2_featurewise,1,DB2,DB2,True,0.9999221563339233
143,DB3,P02,DB3_P02_A_T01_relabeled,R,primary,wf2_featurewise,1,DB3,DB3,True,0.9999148845672607
153,DB4,P51,DB4_P51_T19_relabeled,R,primary,wf2_featurewise,1,DB4,DB4,True,0.999993085861206
160,DB4,P29,DB4_P29_T14_relabeled,R,primary,wf2_featurewise,1,DB4,DB4,True,0.9999487400054932
162,DB4,P07,DB4_P07_T15_relabeled,R,primary,wf2_featurewise,1,DB4,DB4,True,0.9998714923858643
163,DB4,P22,DB4_P22_T06_relabeled,L,primary,wf2_featurewise,1,DB4,DB4,True,0.9996393918991089
164,DB5,P11,DB5_P11_T37_r_slow_relabeled,L,primary,wf2_featurewise,1,DB5,DB5,True,0.9999761581420898
165,DB3,P09,DB3_P09_A_T13,L,primary,wf2_featurewise,1,DB3,DB3,True,0.9256289005279541
166,DB5,P05,DB5_P05_T30_l_slow_relabeled,L,primary,wf2_featurewise,1,DB5,DB5,True,0.9999957084655762
174,DB4,P17,DB4_P17_T02_relabeled,R,primary,wf2_featurewise,1,DB4,DB4,True,0.999722421169281
176,DB1,P29,DB1_P29_C1_T02_relabeled,L,primary,wf2_featurewise,1,DB1,DB1,True,0.9992769360542297
183,DB4,P24,DB4_P24_T23_relabeled,R,primary,wf2_featurewise,1,DB4,DB4,True,0.9978122711181641
190,DB5,P17,DB5_P17_T18_r_comf_relabeled,L,primary,wf2_featurewise,1,DB5,DB5,True,0.9969874024391174
191,DB3,P09,DB3_P09_A_T02,R,primary,wf2_featurewise,1,DB3,DB3,True,0.9994020462036133
192,DB5,P17,DB5_P17_T26_l_slow_relabeled,L,primary,wf2_featurewise,1,DB5,DB5,True,0.9987157583236694
198,DB4,P22,DB4_P22_T04_relabeled,R,primary,wf2_featurewise,1,DB4,DB4,True,0.9999589920043945
199,DB1,P29,DB1_P29_C3_T03_relabeled,L,primary,wf2_featurewise,1,DB1,DB1,True,1.0
202,DB3,P02,DB3_P02_A_T05_relabeled,R,primary,wf2_featurewise,1,DB3,DB3,True,0.9999469518661499
209,DB4,P51,DB4_P51_T16_relabeled,R,primary,wf2_featurewise,1,DB4,DB4,True,0.9999736547470093
214,DB5,P11,DB5_P11_T32_l_slow_relabeled,L,primary,wf2_featurewise,1,DB5,DB5,True,0.9999874830245972
219,DB4,P22,DB4_P22_T21_relabeled,R,primary,wf2_featurewise,1,DB4,DB4,True,0.9998787641525269
222,DB2,P08,DB2_P08_T01_250_relabeled,L,primary,wf2_featurewise,1,DB2,DB2,True,0.9999138116836548
223,DB4,P24,DB4_P24_T10_relabeled,R,primary,wf2_featurewise,1,DB4,DB4,True,0.9997742772102356
235,DB1,P14,DB1_P14_C2_T03_relabeled,L,primary,wf2_featurewise,1,DB1,DB1,True,0.9999991655349731
239,DB4,P29,DB4_P29_T20_relabeled,R,primary,wf2_featurewise,1,DB4,DB4,True,0.9998892545700073
245,DB4,P51,DB4_P51_T18_relabeled,R,primary,wf2_featurewise,1,DB4,DB4,True,0.9999526739120483
247,DB3,P05,DB3_P05_A_T15_relabeled,R,primary,wf2_featurewise,1,DB3,DB3,True,0.9999614953994751
253,DB4,P29,DB4_P29_T16_relabeled,R,primary,wf2_featurewise,1,DB4,DB4,True,0.9991236329078674
258,DB3,P02,DB3_P02_A_T03_relabeled,R,primary,wf2_featurewise,1,DB3,DB3,True,0.9999799728393555
275,DB1,P50,DB1_P50_C3_T05_relabeled,L,primary,wf2_featurewise,1,DB1,DB1,True,0.9999327659606934
289,DB4,P51,DB4_P51_T12_relabeled,R,primary,wf2_featurewise,1,DB4,DB4,True,0.9999819993972778
297,DB5,P05,DB5_P05_T16_r_comf_relabeled,L,primary,wf2_featurewise,1,DB5,DB5,True,0.9999828338623047
300,DB1,P29,DB1_P29_C3_T02_relabeled,L,primary,wf2_featurewise,1,DB1,DB1,True,0.9999998807907104
303,DB5,P17,DB5_P17_T23_l_slow_relabeled,L,primary,wf2_featurewise,1,DB5,DB5,True,0.9994041919708252
304,DB4,P22,DB4_P22_T11_relabeled,L,primary,wf2_featurewise,1,DB4,DB4,True,0.9996463060379028
310,DB2,P13,DB2_P13_T04_-65_relabeled,L,primary,wf2_featurewise,1,DB2,DB2,True,0.9981619715690613
313,DB2,P08,DB2_P08_T04_130_relabeled,L,primary,wf2_featurewise,1,DB2,DB2,True,0.9996675252914429
318,DB5,P17,DB5_P17_T28_l_slow_relabeled,L,primary,wf2_featurewise,1,DB5,DB5,True,0.9898452758789062
319,DB2,P13,DB2_P13_T05_-130_relabeled,L,primary,wf2_featurewise,1,DB2,DB2,True,0.9901536107063293
325,DB5,P11,DB5_P11_T27_l_slow_relabeled,L,primary,wf2_featurewise,1,DB5,DB5,True,0.9999891519546509
327,DB2,P13,DB2_P13_T02_-65_relabeled,L,primary,wf2_featurewise,1,DB2,DB2,True,0.9815589785575867
337,DB2,P08,DB2_P08_T03_130_relabeled,L,primary,wf2_featurewise,1,DB2,DB2,True,0.9993314743041992
341,DB5,P11,DB5_P11_T24_l_slow_relabeled,L,primary,wf2_featurewise,1,DB5,DB5,True,0.9999856948852539
342,DB5,P08,DB5_P08_T01_r_fast_relabeled,L,primary,wf2_featurewise,1,DB5,DB5,True,0.9999508857727051
344,DB5,P17,DB5_P17_T22_l_slow_relabeled,L,primary,wf2_featurewise,1,DB5,DB5,True,0.9950756430625916
348,DB3,P02,DB3_P02_A_T06_relabeled,L,primary,wf2_featurewise,1,DB3,DB3,True,0.9999892711639404
352,DB2,P08,DB2_P08_T03_-130_relabeled,L,primary,wf2_featurewise,1,DB2,DB2,True,0.9999309778213501
354,DB5,P17,DB5_P17_T17_r_comf_relabeled,L,primary,wf2_featurewise,1,DB5,DB5,True,0.993179440498352
355,DB4,P07,DB4_P07_T07_relabeled,R,primary,wf2_featurewise,1,DB4,DB4,True,0.9989432692527771
359,DB4,P51,DB4_P51_T06_relabeled,R,primary,wf2_featurewise,1,DB4,DB4,True,0.9999979734420776
364,DB5,P17,DB5_P17_T16_r_comf_relabeled,L,primary,wf2_featurewise,1,DB5,DB5,True,0.9893273115158081
376,DB4,P22,DB4_P22_T03_relabeled,R,primary,wf2_featurewise,1,DB4,DB4,True,0.9997794032096863
378,DB4,P17,DB4_P17_T16_relabeled,R,primary,wf2_featurewise,1,DB4,DB4,True,0.9999208450317383
381,DB5,P05,DB5_P05_T35_r_slow_relabeled,L,primary,wf2_featurewise,1,DB5,DB5,True,0.9999915361404419
386,DB4,P55,DB4_P55_T19_relabeled,R,primary,wf2_featurewise,1,DB4,DB4,True,0.9999619722366333
387,DB4,P11,DB4_P11_T16_relabeled,L,primary,wf2_featurewise,1,DB4,DB4,True,0.9999135732650757
389,DB2,P08,DB2_P08_T05_p_relabeled,L,primary,wf2_featurewise,1,DB2,DB2,True,0.9999083280563354
391,DB4,P17,DB4_P17_T09_relabeled,R,primary,wf2_featurewise,1,DB4,DB4,True,0.9999171495437622
394,DB4,P22,DB4_P22_T12_relabeled,R,primary,wf2_featurewise,1,DB4,DB4,True,0.999891996383667
396,DB3,P02,DB3_P02_A_T11_relabeled,R,primary,wf2_featurewise,1,DB3,DB3,True,0.9999938011169434
402,DB5,P11,DB5_P11_T12_l_comf_relabeled,L,primary,wf2_featurewise,1,DB5,DB5,True,0.9999903440475464
406,DB4,P55,DB4_P55_T20_relabeled,R,primary,wf2_featurewise,1,DB4,DB4,True,0.9999257326126099
408,DB3,P09,DB3_P09_A_T04,R,primary,wf2_featurewise,1,DB3,DB3,True,0.9993194341659546
409,DB2,P13,DB2_P13_T01_p_relabeled,L,primary,wf2_featurewise,1,DB2,DB2,True,0.9990043044090271
410,DB4,P24,DB4_P24_T18_relabeled,R,primary,wf2_featurewise,1,DB4,DB4,True,0.9999500513076782
415,DB3,P01,DB3_P01_A_T08_relabeled,R,primary,wf2_featurewise,1,DB3,DB3,True,0.9989414811134338
434,DB4,P29,DB4_P29_T09_relabeled,R,primary,wf2_featurewise,1,DB4,DB4,True,0.9998399019241333
437,DB3,P02,DB3_P02_A_T13_relabeled,L,primary,wf2_featurewise,1,DB3,DB3,True,0.9999679327011108
446,DB4,P07,DB4_P07_T21_relabeled,R,primary,wf2_featurewise,1,DB4,DB4,True,0.9997642636299133
454,DB4,P29,DB4_P29_T10_relabeled,R,primary,wf2_featurewise,1,DB4,DB4,True,0.999568521976471
459,DB2,P08,DB2_P08_T04_-65_relabeled,L,primary,wf2_featurewise,1,DB2,DB2,True,0.9998761415481567
463,DB4,P17,DB4_P17_T18_relabeled,L,primary,wf2_featurewise,1,DB4,DB4,True,0.9996957778930664
464,DB5,P05,DB5_P05_T20_r_comf_relabeled,L,primary,wf2_featurewise,1,DB5,DB5,True,0.9999915361404419
473,DB5,P17,DB5_P17_T33_r_slow_relabeled,L,primary,wf2_featurewise,1,DB5,DB5,True,0.9975780844688416
480,DB4,P55,DB4_P55_T10_relabeled,R,primary,wf2_featurewise,1,DB4,DB4,True,0.9999849796295166
488,DB4,P22,DB4_P22_T19_relabeled,L,primary,wf2_featurewise,1,DB4,DB4,True,0.9998117089271545
490,DB5,P11,DB5_P11_T01_l_comf_relabeled,L,primary,wf2_featurewise,1,DB5,DB5,True,0.999980092048645
496,DB5,P05,DB5_P05_T37_r_slow_relabeled,L,primary,wf2_featurewise,1,DB5,DB5,True,0.999987006187439
501,DB4,P55,DB4_P55_T02_relabeled,R,primary,wf2_featurewise,1,DB4,DB4,True,0.9999455213546753
513,DB4,P55,DB4_P55_T06_relabeled,R,primary,wf2_featurewise,1,DB4,DB4,True,0.9999899864196777
525,DB4,P07,DB4_P07_T14_relabeled,R,primary,wf2_featurewise,1,DB4,DB4,True,0.9999761581420898
527,DB5,P05,DB5_P05_T42_r_slow_relabeled,L,primary,wf2_featurewise,1,DB5,DB5,True,0.9999891519546509
530,DB4,P11,DB4_P11_T10_relabeled,L,primary,wf2_featurewise,1,DB4,DB4,True,0.9999557733535767
531,DB3,P01,DB3_P01_A_T05_relabeled,R,primary,wf2_featurewise,1,DB3,DB3,True,0.9998995065689087
536,DB5,P17,DB5_P17_T35_r_slow_relabeled,L,primary,wf2_featurewise,1,DB5,DB5,True,0.9931252002716064
543,DB5,P17,DB5_P17_T24_l_slow_relabeled,L,primary,wf2_featurewise,1,DB5,DB5,True,0.9996596574783325
544,DB4,P11,DB4_P11_T14_relabeled,R,primary,wf2_featurewise,1,DB4,DB4,True,0.9990654587745667
546,DB4,P11,DB4_P11_T20_relabeled,L,primary,wf2_featurewise,1,DB4,DB4,True,0.9993584752082825
547,DB5,P11,DB5_P11_T09_l_comf_relabeled,L,primary,wf2_featurewise,1,DB5,DB5,True,0.9999828338623047
548,DB5,P08,DB5_P08_T02_r_fast_relabeled,L,primary,wf2_featurewise,1,DB5,DB5,True,0.999971866607666
555,DB5,P05,DB5_P05_T31_l_slow_relabeled,L,primary,wf2_featurewise,1,DB5,DB5,True,0.9999932050704956
559,DB4,P51,DB4_P51_T03_relabeled,R,primary,wf2_featurewise,1,DB4,DB4,True,0.9999752044677734
562,DB4,P24,DB4_P24_T17_relabeled,R,primary,wf2_featurewise,1,DB4,DB4,True,0.9999809265136719
563,DB5,P05,DB5_P05_T26_l_slow_relabeled,L,primary,wf2_featurewise,1,DB5,DB5,True,0.9999890327453613
566,DB4,P51,DB4_P51_T14_relabeled,R,primary,wf2_featurewise,1,DB4,DB4,True,0.9999922513961792
569,DB3,P09,DB3_P09_A_T12,R,primary,wf2_featurewise,1,DB3,DB3,True,0.9993106126785278
578,DB4,P55,DB4_P55_T23_relabeled,R,primary,wf2_featurewise,1,DB4,DB4,True,0.9999067783355713
580,DB5,P05,DB5_P05_T23_l_slow_relabeled,L,primary,wf2_featurewise,1,DB5,DB5,True,0.9999881982803345
594,DB1,P29,DB1_P29_C2_T01_relabeled,L,primary,wf2_featurewise,1,DB1,DB1,True,0.9931231141090393
595,DB4,P55,DB4_P55_T12_relabeled,R,primary,wf2_featurewise,1,DB4,DB4,True,0.9999674558639526
602,DB2,P13,DB2_P13_T01_65_relabeled,L,primary,wf2_featurewise,1,DB2,DB2,True,0.9633777737617493
603,DB5,P17,DB5_P17_T25_l_slow_relabeled,L,primary,wf2_featurewise,1,DB5,DB5,True,0.9984481334686279
605,DB5,P17,DB5_P17_T15_r_comf_relabeled,L,primary,wf2_featurewise,1,DB5,DB5,True,0.9940297603607178
610,DB4,P22,DB4_P22_T23_relabeled,R,primary,wf2_featurewise,1,DB4,DB4,True,0.9999821186065674
612,DB3,P05,DB3_P05_A_T16_relabeled,L,primary,wf2_featurewise,1,DB3,DB3,True,0.9999823570251465
613,DB3,P09,DB3_P09_A_T08,R,primary,wf2_featurewise,1,DB3,DB3,True,0.9997214674949646
619,DB4,P07,DB4_P07_T04_relabeled,R,primary,wf2_featurewise,1,DB4,DB4,True,0.9995632767677307
622,DB5,P17,DB5_P17_T38_r_slow_relabeled,L,primary,wf2_featurewise,1,DB5,DB5,True,0.9979799389839172
623,DB5,P05,DB5_P05_T25_l_slow_relabeled,L,primary,wf2_featurewise,1,DB5,DB5,True,0.9999862909317017
630,DB4,P07,DB4_P07_T18_relabeled,R,primary,wf2_featurewise,1,DB4,DB4,True,0.9999071359634399
644,DB1,P27,DB1_P27_C3_T04_relabeled,L,primary,wf2_featurewise,1,DB1,DB1,True,0.9999997615814209
662,DB4,P22,DB4_P22_T14_relabeled,R,primary,wf2_featurewise,1,DB4,DB4,True,0.99989914894104
664,DB4,P51,DB4_P51_T02_relabeled,R,primary,wf2_featurewise,1,DB4,DB4,True,0.9999796152114868
679,DB4,P24,DB4_P24_T22_relabeled,R,primary,wf2_featurewise,1,DB4,DB4,True,0.9999561309814453
693,DB5,P05,DB5_P05_T24_l_slow_relabeled,L,primary,wf2_featurewise,1,DB5,DB5,True,0.9999682903289795
699,DB4,P29,DB4_P29_T02_relabeled,R,primary,wf2_featurewise,1,DB4,DB4,True,0.9997280240058899
707,DB4,P17,DB4_P17_T04_relabeled,R,primary,wf2_featurewise,1,DB4,DB4,True,0.9998772144317627
713,DB5,P11,DB5_P11_T23_l_slow_relabeled,L,primary,wf2_featurewise,1,DB5,DB5,True,0.9999841451644897
724,DB4,P55,DB4_P55_T13_relabeled,R,primary,wf2_featurewise,1,DB4,DB4,True,0.9999347925186157
726,DB2,P13,DB2_P13_T01_-65_relabeled,L,primary,wf2_featurewise,1,DB2,DB2,True,0.992676317691803
728,DB1,P25,DB1_P25_C2_T03_relabeled,R,primary,wf2_featurewise,1,DB1,DB1,True,0.9995986819267273
729,DB1,P29,DB1_P29_C3_T05_relabeled,L,primary,wf2_featurewise,1,DB1,DB1,True,1.0
751,DB5,P17,DB5_P17_T31_r_slow_relabeled,L,primary,wf2_featurewise,1,DB5,DB5,True,0.998001754283905
755,DB4,P11,DB4_P11_T12_relabeled,L,primary,wf2_featurewise,1,DB4,DB4,True,0.9997656941413879
768,DB4,P07,DB4_P07_T08_relabeled,R,primary,wf2_featurewise,1,DB4,DB4,True,0.9999840259552002
780,DB3,P01,DB3_P01_A_T10_relabeled,L,primary,wf2_featurewise,1,DB3,DB3,True,0.9999446868896484
785,DB3,P02,DB3_P02_A_T09_relabeled,R,primary,wf2_featurewise,1,DB3,DB3,True,0.9999895095825195
786,DB5,P11,DB5_P11_T35_r_slow_relabeled,L,primary,wf2_featurewise,1,DB5,DB5,True,0.9999901056289673
788,DB4,P24,DB4_P24_T24_relabeled,R,primary,wf2_featurewise,1,DB4,DB4,True,0.9988577365875244
791,DB4,P29,DB4_P29_T21_relabeled,R,primary,wf2_featurewise,1,DB4,DB4,True,0.9988719820976257
792,DB4,P55,DB4_P55_T08_relabeled,R,primary,wf2_featurewise,1,DB4,DB4,True,0.9999327659606934
793,DB3,P05,DB3_P05_A_T09_relabeled,L,primary,wf2_featurewise,1,DB3,DB3,True,0.9999762773513794
796,DB2,P13,DB2_P13_T03_130_relabeled,L,primary,wf2_featurewise,1,DB2,DB2,True,0.9987120628356934
800,DB4,P29,DB4_P29_T13_relabeled,R,primary,wf2_featurewise,1,DB4,DB4,True,0.9999939203262329
803,DB4,P24,DB4_P24_T15_relabeled,R,primary,wf2_featurewise,1,DB4,DB4,True,0.9999629259109497
809,DB5,P08,DB5_P08_T01_r_comf_relabeled,L,primary,wf2_featurewise,1,DB5,DB5,True,0.9999856948852539
810,DB3,P02,DB3_P02_A_T12_relabeled,L,primary,wf2_featurewise,1,DB3,DB3,True,0.9999270439147949
826,DB5,P17,DB5_P17_T08_l_comf_relabeled,L,primary,wf2_featurewise,1,DB5,DB5,True,0.9935773015022278
828,DB5,P11,DB5_P11_T31_l_slow_relabeled,L,primary,wf2_featurewise,1,DB5,DB5,True,0.9999923706054688
829,DB1,P50,DB1_P50_C2_T02_relabeled,L,primary,wf2_featurewise,1,DB1,DB1,True,0.9998350143432617
835,DB4,P22,DB4_P22_T10_relabeled,R,primary,wf2_featurewise,1,DB4,DB4,True,0.9999797344207764
865,DB1,P50,DB1_P50_C2_T05_relabeled,L,primary,wf2_featurewise,1,DB1,DB1,True,0.9999040365219116
869,DB2,P08,DB2_P08_T03_-65_relabeled,L,primary,wf2_featurewise,1,DB2,DB2,True,0.9999144077301025
870,DB4,P55,DB4_P55_T05_relabeled,R,primary,wf2_featurewise,1,DB4,DB4,True,0.9999631643295288
873,DB2,P08,DB2_P08_T02_p_relabeled,L,primary,wf2_featurewise,1,DB2,DB2,True,0.9989938139915466
874,DB4,P17,DB4_P17_T03_relabeled,R,primary,wf2_featurewise,1,DB4,DB4,True,0.9999120235443115
877,DB1,P44,DB1_P44_C3_T01_relabeled,L,primary,wf2_featurewise,1,DB1,DB1,True,0.9885099530220032
882,DB4,P51,DB4_P51_T09_relabeled,R,primary,wf2_featurewise,1,DB4,DB4,True,0.9999418258666992
885,DB1,P44,DB1_P44_C3_T02_relabeled,L,primary,wf2_featurewise,1,DB1,DB1,True,0.9976693987846375
893,DB3,P01,DB3_P01_A_T09_relabeled,L,primary,wf2_featurewise,1,DB3,DB3,True,0.9999856948852539
902,DB5,P08,DB5_P08_T05_r_fast_relabeled,L,primary,wf2_featurewise,1,DB5,DB5,True,0.999954342842102
911,DB4,P17,DB4_P17_T05_relabeled,R,primary,wf2_featurewise,1,DB4,DB4,True,0.9997532963752747
919,DB5,P05,DB5_P05_T06_l_comf_relabeled,L,primary,wf2_featurewise,1,DB5,DB5,True,0.9999512434005737
926,DB5,P11,DB5_P11_T33_r_slow_relabeled,L,primary,wf2_featurewise,1,DB5,DB5,True,0.9999927282333374
927,DB1,P44,DB1_P44_C2_T02_relabeled,L,primary,wf2_featurewise,1,DB1,DB1,True,0.9999861717224121
933,DB3,P05,DB3_P05_A_T05_relabeled,L,primary,wf2_featurewise,1,DB3,DB3,True,0.9999487400054932
936,DB5,P17,DB5_P17_T34_r_slow_relabeled,L,primary,wf2_featurewise,1,DB5,DB5,True,0.9974368214607239
949,DB3,P05,DB3_P05_A_T01_relabeled,L,primary,wf2_featurewise,1,DB3,DB3,True,0.9998805522918701
950,DB5,P17,DB5_P17_T36_r_slow_relabeled,L,primary,wf2_featurewise,1,DB5,DB5,True,0.9982482194900513
953,DB4,P07,DB4_P07_T02_relabeled,R,primary,wf2_featurewise,1,DB4,DB4,True,0.999975323677063
955,DB5,P11,DB5_P11_T36_r_slow_relabeled,L,primary,wf2_featurewise,1,DB5,DB5,True,0.9999949932098389
973,DB2,P13,DB2_P13_T03_p_relabeled,L,primary,wf2_featurewise,1,DB2,DB2,True,0.9997404217720032
992,DB4,P29,DB4_P29_T08_relabeled,R,primary,wf2_featurewise,1,DB4,DB4,True,0.9999266862869263
993,DB5,P05,DB5_P05_T04_l_comf_relabeled,L,primary,wf2_featurewise,1,DB5,DB5,True,0.9998788833618164
1017,DB4,P29,DB4_P29_T06_relabeled,R,primary,wf2_featurewise,1,DB4,DB4,True,0.9933736324310303
1019,DB5,P08,DB5_P08_T04_r_fast_relabeled,L,primary,wf2_featurewise,1,DB5,DB5,True,0.9999690055847168
1032,DB1,P25,DB1_P25_C2_T05_relabeled,L,primary,wf2_featurewise,1,DB1,DB1,True,0.9999139308929443
1039,DB5,P05,DB5_P05_T40_r_slow_relabeled,L,primary,wf2_featurewise,1,DB5,DB5,True,0.9999979734420776
1040,DB5,P17,DB5_P17_T10_l_comf_relabeled,L,primary,wf2_featurewise,1,DB5,DB5,True,0.9969384670257568
1044,DB5,P11,DB5_P11_T40_r_slow_relabeled,L,primary,wf2_featurewise,1,DB5,DB5,True,0.9999891519546509
1049,DB4,P55,DB4_P55_T15_relabeled,R,primary,wf2_featurewise,1,DB4,DB4,True,0.9999529123306274
1059,DB4,P17,DB4_P17_T06_relabeled,R,primary,wf2_featurewise,1,DB4,DB4,True,0.999821126461029
1060,DB5,P05,DB5_P05_T14_r_comf_relabeled,L,primary,wf2_featurewise,1,DB5,DB5,True,0.9999809265136719
1061,DB1,P27,DB1_P27_C2_T05_relabeled,L,primary,wf2_featurewise,1,DB1,DB1,True,0.9999995231628418
1063,DB1,P29,DB1_P29_C3_T04_relabeled,L,primary,wf2_featurewise,1,DB1,DB1,True,0.9999998807907104
1067,DB1,P14,DB1_P14_C1_T02_relabeled,L,primary,wf2_featurewise,1,DB1,DB1,True,0.9999895095825195
1071,DB1,P44,DB1_P44_C2_T04_relabeled,L,primary,wf2_featurewise,1,DB1,DB1,True,0.7468841671943665
1079,DB4,P29,DB4_P29_T07_relabeled,R,primary,wf2_featurewise,1,DB4,DB4,True,0.9992818236351013
1080,DB1,P50,DB1_P50_C2_T03_relabeled,L,primary,wf2_featurewise,1,DB1,DB1,True,0.9999978542327881
1082,DB3,P05,DB3_P05_A_T08_relabeled,R,primary,wf2_featurewise,1,DB3,DB3,True,0.9999902248382568
1084,DB4,P17,DB4_P17_T19_relabeled,R,primary,wf2_featurewise,1,DB4,DB4,True,0.9999362230300903
1095,DB4,P22,DB4_P22_T07_relabeled,R,primary,wf2_featurewise,1,DB4,DB4,True,0.9999442100524902
1097,DB5,P17,DB5_P17_T09_l_comf_relabeled,L,primary,wf2_featurewise,1,DB5,DB5,True,0.980356752872467
1100,DB4,P29,DB4_P29_T15_relabeled,R,primary,wf2_featurewise,1,DB4,DB4,True,0.9999791383743286
1101,DB2,P13,DB2_P13_T03_-130_relabeled,L,primary,wf2_featurewise,1,DB2,DB2,True,0.9970998764038086
1103,DB5,P11,DB5_P11_T39_r_slow_relabeled,L,primary,wf2_featurewise,1,DB5,DB5,True,0.9999861717224121
1104,DB2,P08,DB2_P08_T04_250_relabeled,L,primary,wf2_featurewise,1,DB2,DB2,True,0.9999823570251465
1106,DB1,P29,DB1_P29_C1_T04_relabeled,L,primary,wf2_featurewise,1,DB1,DB1,True,0.9989246726036072
1115,DB5,P17,DB5_P17_T07_l_comf_relabeled,L,primary,wf2_featurewise,1,DB5,DB5,True,0.9961555600166321
1116,DB3,P05,DB3_P05_A_T10_relabeled,R,primary,wf2_featurewise,1,DB3,DB3,True,0.999976396560669
1121,DB5,P05,DB5_P05_T11_l_comf_relabeled,L,primary,wf2_featurewise,1,DB5,DB5,True,0.999982476234436
1133,DB5,P11,DB5_P11_T17_r_comf_relabeled,L,primary,wf2_featurewise,1,DB5,DB5,True,0.9999905824661255
1134,DB3,P01,DB3_P01_A_T04_relabeled,L,primary,wf2_featurewise,1,DB3,DB3,True,0.9999191761016846
1136,DB4,P55,DB4_P55_T07_relabeled,R,primary,wf2_featurewise,1,DB4,DB4,True,0.9999741315841675
1138,DB1,P25,DB1_P25_C2_T02_relabeled,L,primary,wf2_featurewise,1,DB1,DB1,True,0.999997615814209
1143,DB4,P17,DB4_P17_T13_relabeled,R,primary,wf2_featurewise,1,DB4,DB4,True,0.9999403953552246
1152,DB5,P11,DB5_P11_T26_l_slow_relabeled,L,primary,wf2_featurewise,1,DB5,DB5,True,0.9999920129776001
1156,DB3,P05,DB3_P05_A_T11_relabeled,R,primary,wf2_featurewise,1,DB3,DB3,True,0.9998972415924072
1157,DB4,P07,DB4_P07_T22_relabeled,R,primary,wf2_featurewise,1,DB4,DB4,True,0.9998041987419128
1158,DB2,P08,DB2_P08_T01_p_relabeled,L,primary,wf2_featurewise,1,DB2,DB2,True,0.9994838237762451
1160,DB2,P13,DB2_P13_T03_-65_relabeled,L,primary,wf2_featurewise,1,DB2,DB2,True,0.9881095290184021
1162,DB4,P22,DB4_P22_T13_relabeled,R,primary,wf2_featurewise,1,DB4,DB4,True,0.9993149042129517
1163,DB5,P17,DB5_P17_T40_r_slow_relabeled,L,primary,wf2_featurewise,1,DB5,DB5,True,0.9970045685768127
1174,DB4,P07,DB4_P07_T11_relabeled,R,primary,wf2_featurewise,1,DB4,DB4,True,0.9999468326568604
1175,DB5,P05,DB5_P05_T29_l_slow_relabeled,L,primary,wf2_featurewise,1,DB5,DB5,True,0.9999891519546509
1191,DB5,P11,DB5_P11_T20_r_comf_relabeled,L,primary,wf2_featurewise,1,DB5,DB5,True,0.9999692440032959
1192,DB5,P17,DB5_P17_T30_l_slow_relabeled,L,primary,wf2_featurewise,1,DB5,DB5,True,0.992138683795929
1196,DB4,P51,DB4_P51_T05_relabeled,R,primary,wf2_featurewise,1,DB4,DB4,True,0.9999616146087646
1198,DB5,P05,DB5_P05_T21_r_comf_relabeled,L,primary,wf2_featurewise,1,DB5,DB5,True,0.999982476234436
1204,DB4,P24,DB4_P24_T019_relabeled,R,primary,wf2_featurewise,1,DB4,DB4,True,0.9999490976333618
1205,DB5,P17,DB5_P17_T21_l_slow_relabeled,L,primary,wf2_featurewise,1,DB5,DB5,True,0.9995635151863098
1210,DB2,P13,DB2_P13_T02_65_relabeled,L,primary,wf2_featurewise,1,DB2,DB2,True,0.8911861777305603
1217,DB5,P05,DB5_P05_T33_r_slow_relabeled,L,primary,wf2_featurewise,1,DB5,DB5,True,0.9999890327453613
1241,DB5,P05,DB5_P05_T41_r_slow_relabeled,L,primary,wf2_featurewise,1,DB5,DB5,True,0.9999959468841553
1244,DB3,P09,DB3_P09_A_T10,R,primary,wf2_featurewise,1,DB3,DB3,True,0.9994446635246277
1249,DB4,P11,DB4_P11_T07_relabeled,R,primary,wf2_featurewise,1,DB4,DB4,True,0.9997720122337341
1259,DB4,P24,DB4_P24_T05_relabeled,R,primary,wf2_featurewise,1,DB4,DB4,True,0.9999926090240479
1262,DB1,P27,DB1_P27_C1_T03_relabeled,L,primary,wf2_featurewise,1,DB1,DB1,True,0.9988007545471191
1266,DB4,P51,DB4_P51_T08_relabeled,R,primary,wf2_featurewise,1,DB4,DB4,True,0.9999517202377319
1274,DB5,P17,DB5_P17_T11_r_comf_relabeled,L,primary,wf2_featurewise,1,DB5,DB5,True,0.9946052432060242
1275,DB4,P17,DB4_P17_T10_relabeled,R,primary,wf2_featurewise,1,DB4,DB4,True,0.9999165534973145
1279,DB2,P08,DB2_P08_T04_-130_relabeled,L,primary,wf2_featurewise,1,DB2,DB2,True,0.9997557997703552
1282,DB3,P05,DB3_P05_A_T04_relabeled,R,primary,wf2_featurewise,1,DB3,DB3,True,0.9999871253967285
1283,DB2,P13,DB2_P13_T04_130_relabeled,L,primary,wf2_featurewise,1,DB2,DB2,True,0.9944619536399841
1287,DB5,P05,DB5_P05_T38_r_slow_relabeled,L,primary,wf2_featurewise,1,DB5,DB5,True,0.999983549118042
1288,DB5,P05,DB5_P05_T17_r_comf_relabeled,L,primary,wf2_featurewise,1,DB5,DB5,True,0.9999730587005615
1292,DB5,P11,DB5_P11_T18_r_comf_relabeled,L,primary,wf2_featurewise,1,DB5,DB5,True,0.9999970197677612
1304,DB4,P22,DB4_P22_T08_relabeled,R,primary,wf2_featurewise,1,DB4,DB4,True,0.9999213218688965
1307,DB4,P11,DB4_P11_T21_relabeled,L,primary,wf2_featurewise,1,DB4,DB4,True,0.99986732006073
1311,DB3,P01,DB3_P01_A_T15_relabeled,R,primary,wf2_featurewise,1,DB3,DB3,True,0.9999812841415405
1314,DB5,P11,DB5_P11_T29_l_slow_relabeled,L,primary,wf2_featurewise,1,DB5,DB5,True,0.999971866607666
1316,DB1,P29,DB1_P29_C1_T01_relabeled,L,primary,wf2_featurewise,1,DB1,DB1,True,0.9997020363807678
1317,DB3,P02,DB3_P02_A_T07_relabeled,R,primary,wf2_featurewise,1,DB3,DB3,True,0.999997615814209
1323,DB4,P17,DB4_P17_T08_relabeled,L,primary,wf2_featurewise,1,DB4,DB4,True,0.999599039554596
1326,DB4,P11,DB4_P11_T11_relabeled,R,primary,wf2_featurewise,1,DB4,DB4,True,0.9996176958084106
1329,DB5,P05,DB5_P05_T32_l_slow_relabeled,L,primary,wf2_featurewise,1,DB5,DB5,True,0.9999675750732422
1331,DB2,P13,DB2_P13_T04_65_relabeled,L,primary,wf2_featurewise,1,DB2,DB2,True,0.9716533422470093
1340,DB4,P17,DB4_P17_T12_relabeled,L,primary,wf2_featurewise,1,DB4,DB4,True,0.9998533725738525
1344,DB2,P08,DB2_P08_T02_130_relabeled,L,primary,wf2_featurewise,1,DB2,DB2,True,0.9997445940971375
1362,DB5,P05,DB5_P05_T19_r_comf_relabeled,L,primary,wf2_featurewise,1,DB5,DB5,True,0.9999639987945557
1363,DB5,P17,DB5_P17_T20_r_comf_relabeled,L,primary,wf2_featurewise,1,DB5,DB5,True,0.9954701662063599
1369,DB4,P55,DB4_P55_T03_relabeled,R,primary,wf2_featurewise,1,DB4,DB4,True,0.9999799728393555
1378,DB5,P05,DB5_P05_T15_r_comf_relabeled,L,primary,wf2_featurewise,1,DB5,DB5,True,0.999985933303833
1379,DB4,P07,DB4_P07_T10_relabeled,R,primary,wf2_featurewise,1,DB4,DB4,True,0.9998550415039062
1388,DB4,P07,DB4_P07_T17_relabeled,R,primary,wf2_featurewise,1,DB4,DB4,True,0.9999212026596069
1393,DB3,P09,DB3_P09_A_T05,L,primary,wf2_featurewise,1,DB3,DB3,True,0.6190944910049438
1400,DB5,P11,DB5_P11_T02_l_comf_relabeled,L,primary,wf2_featurewise,1,DB5,DB5,True,0.9999825954437256
1406,DB5,P17,DB5_P17_T27_l_slow_relabeled,L,primary,wf2_featurewise,1,DB5,DB5,True,0.9940322041511536
1409,DB1,P29,DB1_P29_C2_T02_relabeled,L,primary,wf2_featurewise,1,DB1,DB1,True,1.0
1414,DB2,P08,DB2_P08_T04_65_relabeled,L,primary,wf2_featurewise,1,DB2,DB2,True,0.9996800422668457
1416,DB4,P24,DB4_P24_T07_relabeled,R,primary,wf2_featurewise,1,DB4,DB4,True,0.9998196959495544
1420,DB5,P08,DB5_P08_T10_r_comf_relabeled,L,primary,wf2_featurewise,1,DB5,DB5,True,0.9999828338623047
1422,DB4,P29,DB4_P29_T18_relabeled,R,primary,wf2_featurewise,1,DB4,DB4,True,0.999821126461029
1430,DB2,P08,DB2_P08_T03_p_relabeled,L,primary,wf2_featurewise,1,DB2,DB2,True,0.9999485015869141
1433,DB3,P05,DB3_P05_A_T03_relabeled,L,primary,wf2_featurewise,1,DB3,DB3,True,0.9999724626541138
1439,DB5,P08,DB5_P08_T04_r_comf_relabeled,L,primary,wf2_featurewise,1,DB5,DB5,True,0.9999771118164062
1456,DB2,P13,DB2_P13_T05_-65_relabeled,L,primary,wf2_featurewise,1,DB2,DB2,True,0.9974954724311829
1465,DB3,P01,DB3_P01_A_T07_relabeled,R,primary,wf2_featurewise,1,DB3,DB3,True,0.999921441078186
1466,DB4,P22,DB4_P22_T09_relabeled,R,primary,wf2_featurewise,1,DB4,DB4,True,0.9999099969863892
1468,DB4,P11,DB4_P11_T18_relabeled,L,primary,wf2_featurewise,1,DB4,DB4,True,0.9999125003814697
1472,DB5,P11,DB5_P11_T16_r_comf_relabeled,L,primary,wf2_featurewise,1,DB5,DB5,True,0.9999911785125732
1476,DB3,P09,DB3_P09_A_T07,L,primary,wf2_featurewise,1,DB3,DB3,True,0.520783007144928
1479,DB4,P17,DB4_P17_T14_relabeled,R,primary,wf2_featurewise,1,DB4,DB4,True,0.9997642636299133
1480,DB5,P05,DB5_P05_T18_r_comf_relabeled,L,primary,wf2_featurewise,1,DB5,DB5,True,0.9999734163284302
1491,DB4,P22,DB4_P22_T16_relabeled,R,primary,wf2_featurewise,1,DB4,DB4,True,0.9999878406524658
1492,DB4,P29,DB4_P29_T04_relabeled,R,primary,wf2_featurewise,1,DB4,DB4,True,0.9998296499252319
1496,DB4,P29,DB4_P29_T19_relabeled,R,primary,wf2_featurewise,1,DB4,DB4,True,0.9988592863082886
1503,DB5,P17,DB5_P17_T32_r_slow_relabeled,L,primary,wf2_featurewise,1,DB5,DB5,True,0.9995290040969849
1521,DB5,P17,DB5_P17_T02_l_comf_relabeled,L,primary,wf2_featurewise,1,DB5,DB5,True,0.9217756390571594
1536,DB4,P11,DB4_P11_T04_relabeled,R,primary,wf2_featurewise,1,DB4,DB4,True,0.9998831748962402
1540,DB5,P17,DB5_P17_T29_l_slow_relabeled,L,primary,wf2_featurewise,1,DB5,DB5,True,0.9938854575157166
1548,DB5,P11,DB5_P11_T15_r_comf_relabeled,R,primary,wf2_featurewise,1,DB5,DB5,True,0.941016435623169
1558,DB5,P17,DB5_P17_T19_r_comf_relabeled,L,primary,wf2_featurewise,1,DB5,DB5,True,0.9612172245979309
1560,DB4,P22,DB4_P22_T02_relabeled,R,primary,wf2_featurewise,1,DB4,DB4,True,0.999904990196228
1567,DB5,P17,DB5_P17_T03_l_comf_relabeled,L,primary,wf2_featurewise,1,DB5,DB5,True,0.9868323802947998
1568,DB1,P25,DB1_P25_C2_T01_relabeled,L,primary,wf2_featurewise,1,DB1,DB1,True,0.9999916553497314
1576,DB2,P13,DB2_P13_T05_p_relabeled,L,primary,wf2_featurewise,1,DB2,DB2,True,0.9997299313545227
1587,DB2,P08,DB2_P08_T01_130_relabeled,L,primary,wf2_featurewise,1,DB2,DB2,True,0.9996908903121948
1588,DB5,P05,DB5_P05_T34_r_slow_relabeled,L,primary,wf2_featurewise,1,DB5,DB5,True,0.9999902248382568
1595,DB5,P17,DB5_P17_T39_r_slow_relabeled,L,primary,wf2_featurewise,1,DB5,DB5,True,0.9939952492713928
1596,DB2,P08,DB2_P08_T03_65_relabeled,L,primary,wf2_featurewise,1,DB2,DB2,True,0.9997140765190125
1597,DB5,P05,DB5_P05_T28_l_slow_relabeled,L,primary,wf2_featurewise,1,DB5,DB5,True,0.9999912977218628
1598,DB5,P11,DB5_P11_T42_r_slow_relabeled,L,primary,wf2_featurewise,1,DB5,DB5,True,0.9999979734420776
1605,DB4,P22,DB4_P22_T17_relabeled,L,primary,wf2_featurewise,1,DB4,DB4,True,0.9997709393501282
1606,DB3,P09,DB3_P09_A_T06,R,primary,wf2_featurewise,1,DB3,DB3,True,0.9980042576789856
1608,DB4,P51,DB4_P51_T04_relabeled,R,primary,wf2_featurewise,1,DB4,DB4,True,0.9998314380645752
1612,DB2,P13,DB2_P13_T05_65_relabeled,L,primary,wf2_featurewise,1,DB2,DB2,True,0.9109696745872498
1616,DB5,P08,DB5_P08_T09_r_comf_relabeled,L,primary,wf2_featurewise,1,DB5,DB5,True,0.9999866485595703
1624,DB4,P11,DB4_P11_T09_relabeled,L,primary,wf2_featurewise,1,DB4,DB4,True,0.9995768666267395
1626,DB4,P29,DB4_P29_T05_relabeled,R,primary,wf2_featurewise,1,DB4,DB4,True,0.9998589754104614
1632,DB2,P13,DB2_P13_T05_130_relabeled,L,primary,wf2_featurewise,1,DB2,DB2,True,0.7660322189331055
1633,DB1,P29,DB1_P29_C3_T01_relabeled,L,primary,wf2_featurewise,1,DB1,DB1,True,0.9999997615814209
1639,DB5,P11,DB5_P11_T43_r_slow_relabeled,L,primary,wf2_featurewise,1,DB5,DB5,True,0.999985933303833
1643,DB5,P11,DB5_P11_T30_l_slow_relabeled,L,primary,wf2_featurewise,1,DB5,DB5,True,0.999982476234436
1644,DB2,P13,DB2_P13_T02_130_relabeled,L,primary,wf2_featurewise,1,DB2,DB2,True,0.9892216920852661
1646,DB4,P17,DB4_P17_T15_relabeled,L,primary,wf2_featurewise,1,DB4,DB4,True,0.9992648959159851
1647,DB5,P17,DB5_P17_T05_l_comf_relabeled,L,primary,wf2_featurewise,1,DB5,DB5,True,0.957869827747345
1651,DB1,P27,DB1_P27_C3_T02_relabeled,L,primary,wf2_featurewise,1,DB1,DB1,True,0.9999996423721313
1652,DB4,P07,DB4_P07_T12_relabeled,R,primary,wf2_featurewise,1,DB4,DB4,True,0.9999362230300903
1658,DB5,P11,DB5_P11_T07_l_comf_relabeled,L,primary,wf2_featurewise,1,DB5,DB5,True,0.9999731779098511
1659,DB5,P11,DB5_P11_T05_l_comf_relabeled,L,primary,wf2_featurewise,1,DB5,DB5,True,0.9999489784240723
1676,DB5,P11,DB5_P11_T38_r_slow_relabeled,L,primary,wf2_featurewise,1,DB5,DB5,True,0.9999874830245972
1684,DB5,P05,DB5_P05_T13_r_comf_relabeled,L,primary,wf2_featurewise,1,DB5,DB5,True,0.999990701675415
1686,DB5,P11,DB5_P11_T03_l_comf_relabeled,L,primary,wf2_featurewise,1,DB5,DB5,True,0.999980092048645
1691,DB5,P08,DB5_P08_T08_r_comf_relabeled,L,primary,wf2_featurewise,1,DB5,DB5,True,0.9999932050704956
1708,DB4,P51,DB4_P51_T20_relabeled,R,primary,wf2_featurewise,1,DB4,DB4,True,0.9999511241912842
1714,DB4,P11,DB4_P11_T02_relabeled,R,primary,wf2_featurewise,1,DB4,DB4,True,0.9996071457862854
1716,DB5,P11,DB5_P11_T34_r_slow_relabeled,L,primary,wf2_featurewise,1,DB5,DB5,True,0.9999920129776001
1717,DB3,P09,DB3_P09_A_T01,R,primary,wf2_featurewise,1,DB3,DB3,True,0.9991788268089294
1724,DB5,P17,DB5_P17_T14_r_comf_relabeled,L,primary,wf2_featurewise,1,DB5,DB5,True,0.9916326403617859
1731,DB2,P13,DB2_P13_T03_65_relabeled,L,primary,wf2_featurewise,1,DB2,DB2,True,0.9649571776390076
1734,DB2,P13,DB2_P13_T04_p_relabeled,L,primary,wf2_featurewise,1,DB2,DB2,True,0.9995367527008057
1737,DB4,P55,DB4_P55_T21_relabeled,R,primary,wf2_featurewise,1,DB4,DB4,True,0.9997192025184631
1748,DB5,P17,DB5_P17_T13_r_comf_relabeled,L,primary,wf2_featurewise,1,DB5,DB5,True,0.9922418594360352
1749,DB3,P01,DB3_P01_A_T06_relabeled,R,primary,wf2_featurewise,1,DB3,DB3,True,0.9999784231185913
1753,DB4,P22,DB4_P22_T18_relabeled,R,primary,wf2_featurewise,1,DB4,DB4,True,0.9999442100524902
1762,DB2,P13,DB2_P13_T01_130_relabeled,L,primary,wf2_featurewise,1,DB2,DB2,True,0.9939566850662231
1764,DB3,P02,DB3_P02_A_T08_relabeled,L,primary,wf2_featurewise,1,DB3,DB3,True,0.9999752044677734
1766,DB2,P13,DB2_P13_T03_250_relabeled,L,primary,wf2_featurewise,1,DB2,DB2,True,0.9995073080062866
1774,DB5,P08,DB5_P08_T05_r_comf_relabeled,L,primary,wf2_featurewise,1,DB5,DB5,True,0.9999884366989136
1778,DB4,P51,DB4_P51_T17_relabeled,R,primary,wf2_featurewise,1,DB4,DB4,True,0.9999529123306274
1780,DB3,P09,DB3_P09_A_T11,L,primary,wf2_featurewise,1,DB3,DB3,True,0.9158573746681213
1781,DB2,P13,DB2_P13_T01_250_relabeled,L,primary,wf2_featurewise,1,DB2,DB2,True,0.9942280054092407
1801,DB2,P08,DB2_P08_T05_130_relabeled,L,primary,wf2_featurewise,1,DB2,DB2,True,0.9996974468231201
1807,DB2,P13,DB2_P13_T05_250_relabeled,L,primary,wf2_featurewise,1,DB2,DB2,True,0.9956694841384888
1808,DB4,P07,DB4_P07_T16_relabeled,R,primary,wf2_featurewise,1,DB4,DB4,True,0.9999632835388184
1813,DB5,P11,DB5_P11_T10_l_comf_relabeled,L,primary,wf2_featurewise,1,DB5,DB5,True,0.9999842643737793
1816,DB5,P11,DB5_P11_T08_l_comf_relabeled,L,primary,wf2_featurewise,1,DB5,DB5,True,0.9999778270721436
1817,DB5,P17,DB5_P17_T01_l_comf_relabeled,L,primary,wf2_featurewise,1,DB5,DB5,True,0.9239993095397949
1828,DB5,P08,DB5_P08_T03_r_comf_relabeled,L,primary,wf2_featurewise,1,DB5,DB5,True,0.9999871253967285
1831,DB5,P08,DB5_P08_T06_r_comf_relabeled,L,primary,wf2_featurewise,1,DB5,DB5,True,0.9999809265136719
1837,DB2,P13,DB2_P13_T02_p_relabeled,L,primary,wf2_featurewise,1,DB2,DB2,True,0.9988009929656982
1839,DB1,P50,DB1_P50_C2_T04_relabeled,L,primary,wf2_featurewise,1,DB1,DB1,True,0.9999836683273315
1849,DB5,P17,DB5_P17_T06_l_comf_relabeled,L,primary,wf2_featurewise,1,DB5,DB5,True,0.989149272441864
1857,DB4,P07,DB4_P07_T13_relabeled,R,primary,wf2_featurewise,1,DB4,DB4,True,0.9999121427536011
1864,DB4,P17,DB4_P17_T17_relabeled,L,primary,wf2_featurewise,1,DB4,DB4,True,0.9995860457420349
1866,DB2,P08,DB2_P08_T01_-65_relabeled,L,primary,wf2_featurewise,1,DB2,DB2,True,0.9999103546142578
1874,DB2,P13,DB2_P13_T02_250_relabeled,L,primary,wf2_featurewise,1,DB2,DB2,True,0.998256266117096
1876,DB5,P11,DB5_P11_T41_r_slow_relabeled,L,primary,wf2_featurewise,1,DB5,DB5,True,0.9999972581863403
1880,DB5,P05,DB5_P05_T39_r_slow_relabeled,L,primary,wf2_featurewise,1,DB5,DB5,True,0.9999904632568359
1890,DB4,P55,DB4_P55_T16_relabeled,R,primary,wf2_featurewise,1,DB4,DB4,True,0.9999561309814453
1892,DB1,P29,DB1_P29_C2_T04_relabeled,L,primary,wf2_featurewise,1,DB1,DB1,True,1.0
1899,DB4,P17,DB4_P17_T21_relabeled,R,primary,wf2_featurewise,1,DB4,DB4,True,0.9998757839202881
0,DB4,P54,DB4_P54_T20_relabeled,R,primary,wf2_featurewise,2,DB4,DB4,True,0.999937891960144
4,DB5,P13,DB5_P13_T02_l_comf_relabeled,L,primary,wf2_featurewise,2,DB5,DB5,True,0.9998272061347961
5,DB4,P48,DB4_P48_T21_relabeled,R,primary,wf2_featurewise,2,DB4,DB4,True,0.9995051622390747
11,DB5,P16,DB5_P16_T13_r_comf_relabeled,L,primary,wf2_featurewise,2,DB5,DB5,True,0.9984422326087952
18,DB3,P04,DB3_P04_A_T12_relabeled,R,primary,wf2_featurewise,2,DB3,DB3,True,0.9942284822463989
22,DB4,P56,DB4_P56_T18_relabeled,R,primary,wf2_featurewise,2,DB4,DB4,True,0.9995113611221313
23,DB3,P14,DB3_P14_A_T12_relabeled,L,primary,wf2_featurewise,2,DB3,DB3,True,0.999606192111969
31,DB5,P24,DB5_P24_T14_r_comf_relabeled,R,primary,wf2_featurewise,2,DB5,DB5,True,0.9632794260978699
37,DB4,P56,DB4_P56_T04_relabeled,R,primary,wf2_featurewise,2,DB4,DB4,True,0.9992208480834961
42,DB3,P14,DB3_P14_A_T27_relabeled,L,primary,wf2_featurewise,2,DB3,DB3,True,0.9985698461532593
44,DB5,P16,DB5_P16_T34_r_slow_relabeled,L,primary,wf2_featurewise,2,DB5,DB5,True,0.9997681975364685
66,DB5,P20,DB5_P20_T22_r_comf_relabeled,L,primary,wf2_featurewise,2,DB5,DB5,True,0.996871292591095
67,DB4,P06,DB4_P06_T05_relabeled,R,primary,wf2_featurewise,2,DB4,DB4,True,0.9978501796722412
82,DB2,P09,DB2_P09_T01_65_relabeled,L,primary,wf2_featurewise,2,DB2,DB2,True,0.9987939596176147
89,DB3,P08,DB3_P08_A_T09_relabeled,R,primary,wf2_featurewise,2,DB3,DB3,True,0.9989135265350342
93,DB5,P02,DB5_P02_T14_r_comf_relabeled,R,primary,wf2_featurewise,2,DB5,DB5,True,0.9547337889671326
104,DB2,P10,DB2_P10_T05_-65_relabeled,L,primary,wf2_featurewise,2,DB2,DB2,True,0.9952877759933472
105,DB5,P13,DB5_P13_T11_r_comf_relabeled,L,primary,wf2_featurewise,2,DB5,DB5,True,0.999846339225769
107,DB4,P15,DB4_P15_T02_relabeled,R,primary,wf2_featurewise,2,DB4,DB4,True,0.9999107122421265
112,DB5,P16,DB5_P16_T36_r_slow_relabeled,L,primary,wf2_featurewise,2,DB5,DB5,True,0.9995564818382263
121,DB5,P20,DB5_P20_T30_l_slow_relabeled,L,primary,wf2_featurewise,2,DB5,DB5,True,0.9997590184211731
126,DB3,P20,DB3_P20_A_T08,L,primary,wf2_featurewise,2,DB3,DB3,True,0.9610679745674133
129,DB2,P10,DB2_P10_T02_65_relabeled,L,primary,wf2_featurewise,2,DB2,DB2,True,0.9879840612411499
132,DB5,P16,DB5_P16_T04_l_comf_relabeled,L,primary,wf2_featurewise,2,DB5,DB5,True,0.997148334980011
134,DB3,P08,DB3_P08_A_T06_relabeled,L,primary,wf2_featurewise,2,DB3,DB3,True,0.9997723698616028
140,DB4,P15,DB4_P15_T05_relabeled,R,primary,wf2_featurewise,2,DB4,DB4,True,0.9967944025993347
155,DB2,P10,DB2_P10_T02_130_relabeled,L,primary,wf2_featurewise,2,DB2,DB2,True,0.9978479146957397
158,DB5,P16,DB5_P16_T18_r_comf_relabeled,L,primary,wf2_featurewise,2,DB5,DB5,True,0.9996086955070496
161,DB3,P14,DB3_P14_A_T21_relabeled,L,primary,wf2_featurewise,2,DB3,DB3,True,0.9992938041687012
182,DB5,P13,DB5_P13_T15_r_comf_relabeled,L,primary,wf2_featurewise,2,DB5,DB5,True,0.9997963309288025
195,DB1,P07,DB1_P07_C2_T03_relabeled,L,primary,wf2_featurewise,2,DB1,DB1,True,0.9996503591537476
196,DB5,P16,DB5_P16_T06_l_comf_relabeled,L,primary,wf2_featurewise,2,DB5,DB5,True,0.9983335137367249
203,DB5,P20,DB5_P20_T16_r_comf_relabeled,L,primary,wf2_featurewise,2,DB5,DB5,True,0.9986856579780579
204,DB3,P20,DB3_P20_A_T13,L,primary,wf2_featurewise,2,DB3,DB3,True,0.99924635887146
205,DB3,P04,DB3_P04_A_T05_relabeled,L,primary,wf2_featurewise,2,DB3,DB3,True,0.997129499912262
212,DB4,P54,DB4_P54_T02_relabeled,R,primary,wf2_featurewise,2,DB4,DB4,True,0.9997809529304504
226,DB1,P12,DB1_P12_C2_T02_relabeled,L,primary,wf2_featurewise,2,DB1,DB1,True,0.99903404712677
227,DB4,P06,DB4_P06_T04_relabeled,R,primary,wf2_featurewise,2,DB4,DB4,True,0.9976772665977478
230,DB2,P10,DB2_P10_T01_130_relabeled,L,primary,wf2_featurewise,2,DB2,DB2,True,0.996807336807251
242,DB3,P04,DB3_P04_A_T13_relabeled,L,primary,wf2_featurewise,2,DB3,DB3,True,0.9967216849327087
250,DB2,P09,DB2_P09_T04_65_relabeled,L,primary,wf2_featurewise,2,DB2,DB2,True,0.999283492565155
252,DB3,P08,DB3_P08_A_T07_relabeled,R,primary,wf2_featurewise,2,DB3,DB3,True,0.9992337226867676
270,DB5,P13,DB5_P13_T16_r_comf_relabeled,L,primary,wf2_featurewise,2,DB5,DB5,True,0.9998550415039062
271,DB2,P10,DB2_P10_T02_p_relabeled,L,primary,wf2_featurewise,2,DB2,DB2,True,0.9958962202072144
282,DB5,P16,DB5_P16_T05_l_comf_relabeled,L,primary,wf2_featurewise,2,DB5,DB5,True,0.9992939233779907
294,DB2,P10,DB2_P10_T01_-65_relabeled,L,primary,wf2_featurewise,2,DB2,DB2,True,0.9906438589096069
301,DB2,P10,DB2_P10_T03_130_relabeled,L,primary,wf2_featurewise,2,DB2,DB2,True,0.9949457049369812
306,DB4,P54,DB4_P54_T09_relabeled,R,primary,wf2_featurewise,2,DB4,DB4,True,0.9999386072158813
312,DB4,P48,DB4_P48_T22_relabeled,R,primary,wf2_featurewise,2,DB4,DB4,True,0.9991379976272583
321,DB3,P20,DB3_P20_A_T28,R,primary,wf2_featurewise,2,DB3,DB3,True,0.9974966645240784
324,DB5,P16,DB5_P16_T17_r_comf_relabeled,L,primary,wf2_featurewise,2,DB5,DB5,True,0.9971773624420166
329,DB5,P13,DB5_P13_T29_l_slow_relabeled,L,primary,wf2_featurewise,2,DB5,DB5,True,0.9998466968536377
330,DB5,P16,DB5_P16_T40_r_slow_relabeled,L,primary,wf2_featurewise,2,DB5,DB5,True,0.9996887445449829
333,DB4,P20,DB4_P20_T17_relabeled,L,primary,wf2_featurewise,2,DB4,DB4,True,0.9998804330825806
334,DB5,P16,DB5_P16_T30_l_slow_relabeled,L,primary,wf2_featurewise,2,DB5,DB5,True,0.9996691942214966
343,DB4,P56,DB4_P56_T06_relabeled,R,primary,wf2_featurewise,2,DB4,DB4,True,0.9994737505912781
345,DB5,P24,DB5_P24_T16_r_comf_relabeled,R,primary,wf2_featurewise,2,DB5,DB5,True,0.9607767462730408
346,DB3,P14,DB3_P14_A_T16_relabeled,R,primary,wf2_featurewise,2,DB3,DB3,True,0.9987298846244812
365,DB4,P56,DB4_P56_T19_relabeled,R,primary,wf2_featurewise,2,DB4,DB4,True,0.9993287324905396
367,DB5,P13,DB5_P13_T19_r_comf_relabeled,L,primary,wf2_featurewise,2,DB5,DB5,True,0.9995588660240173
370,DB4,P56,DB4_P56_T03_relabeled,R,primary,wf2_featurewise,2,DB4,DB4,True,0.9992780089378357
384,DB4,P15,DB4_P15_T18_relabeled,R,primary,wf2_featurewise,2,DB4,DB4,True,0.9999480247497559
393,DB3,P08,DB3_P08_A_T10_relabeled,L,primary,wf2_featurewise,2,DB3,DB3,True,0.9997997879981995
407,DB3,P14,DB3_P14_A_T17_relabeled,L,primary,wf2_featurewise,2,DB3,DB3,True,0.9991382360458374
412,DB5,P20,DB5_P20_T10_l_comf_relabeled,L,primary,wf2_featurewise,2,DB5,DB5,True,0.9950994849205017
416,DB5,P20,DB5_P20_T24_l_slow_relabeled,L,primary,wf2_featurewise,2,DB5,DB5,True,0.9980059266090393
423,DB4,P20,DB4_P20_T06_relabeled,R,primary,wf2_featurewise,2,DB4,DB4,True,0.9998656511306763
425,DB2,P09,DB2_P09_T05_-65_relabeled,L,primary,wf2_featurewise,2,DB2,DB2,True,0.9989156723022461
426,DB5,P16,DB5_P16_T29_l_slow_relabeled,L,primary,wf2_featurewise,2,DB5,DB5,True,0.9994789958000183
428,DB2,P10,DB2_P10_T01_p_relabeled,L,primary,wf2_featurewise,2,DB2,DB2,True,0.9829750657081604
431,DB5,P16,DB5_P16_T33_l_slow_relabeled,L,primary,wf2_featurewise,2,DB5,DB5,True,0.9993748068809509
436,DB4,P15,DB4_P15_T12_relabeled,R,primary,wf2_featurewise,2,DB4,DB4,True,0.9998453855514526
440,DB3,P20,DB3_P20_A_T15,R,primary,wf2_featurewise,2,DB3,DB3,True,0.9982330799102783
441,DB4,P34,DB4_P34_T07_relabeled,R,primary,wf2_featurewise,2,DB4,DB4,True,0.9943430423736572
445,DB3,P14,DB3_P14_A_T26_relabeled,R,primary,wf2_featurewise,2,DB3,DB3,True,0.9983212351799011
453,DB4,P44,DB4_P44_T15_relabeled,R,primary,wf2_featurewise,2,DB4,DB4,True,0.9994646906852722
467,DB5,P20,DB5_P20_T36_r_slow_relabeled,L,primary,wf2_featurewise,2,DB5,DB5,True,0.9994257688522339
468,DB4,P15,DB4_P15_T13_relabeled,R,primary,wf2_featurewise,2,DB4,DB4,True,0.9998480081558228
472,DB4,P15,DB4_P15_T06_relabeled,R,primary,wf2_featurewise,2,DB4,DB4,True,0.9998173117637634
478,DB3,P08,DB3_P08_A_T05_relabeled,R,primary,wf2_featurewise,2,DB3,DB3,True,0.9993744492530823
483,DB4,P06,DB4_P06_T07_relabeled,R,primary,wf2_featurewise,2,DB4,DB4,True,0.9993029832839966
485,DB4,P54,DB4_P54_T06_relabeled,R,primary,wf2_featurewise,2,DB4,DB4,True,0.9998270869255066
486,DB2,P10,DB2_P10_T04_-130_relabeled,L,primary,wf2_featurewise,2,DB2,DB2,True,0.969622790813446
487,DB1,P11,DB1_P11_C2_T02_relabeled,L,primary,wf2_featurewise,2,DB1,DB1,True,0.9990254640579224
492,DB5,P24,DB5_P24_T11_r_comf_relabeled,R,primary,wf2_featurewise,2,DB5,DB5,True,0.9815672039985657
494,DB1,P23,DB1_P23_C1_T03_relabeled,R,primary,wf2_featurewise,2,DB1,DB1,True,0.9981365203857422
495,DB2,P09,DB2_P09_T01_250_relabeled,L,primary,wf2_featurewise,2,DB2,DB2,True,0.9989563226699829
498,DB1,P23,DB1_P23_C2_T04_relabeled,L,primary,wf2_featurewise,2,DB1,DB1,True,0.9706341028213501
503,DB5,P13,DB5_P13_T03_l_comf_relabeled,L,primary,wf2_featurewise,2,DB5,DB5,True,0.9998648166656494
517,DB5,P13,DB5_P13_T28_l_slow_relabeled,L,primary,wf2_featurewise,2,DB5,DB5,True,0.9998190999031067
518,DB4,P56,DB4_P56_T14_relabeled,R,primary,wf2_featurewise,2,DB4,DB4,True,0.99946528673172
521,DB3,P08,DB3_P08_A_T08_relabeled,L,primary,wf2_featurewise,2,DB3,DB3,True,0.9996975660324097
522,DB4,P34,DB4_P34_T12_relabeled,R,primary,wf2_featurewise,2,DB4,DB4,True,0.9996417760848999
529,DB4,P34,DB4_P34_T05_relabeled,R,primary,wf2_featurewise,2,DB4,DB4,True,0.9975166320800781
532,DB5,P13,DB5_P13_T14_r_comf_relabeled,L,primary,wf2_featurewise,2,DB5,DB5,True,0.9998067021369934
533,DB5,P24,DB5_P24_T17_r_comf_relabeled,R,primary,wf2_featurewise,2,DB5,DB5,True,0.8693585991859436
534,DB2,P10,DB2_P10_T03_65_relabeled,L,primary,wf2_featurewise,2,DB2,DB2,True,0.9859996438026428
552,DB2,P09,DB2_P09_T04_-65_relabeled,L,primary,wf2_featurewise,2,DB2,DB2,True,0.9996565580368042
553,DB5,P20,DB5_P20_T33_l_slow_relabeled,L,primary,wf2_featurewise,2,DB5,DB5,True,0.999610960483551
556,DB5,P16,DB5_P16_T09_l_comf_relabeled,L,primary,wf2_featurewise,2,DB5,DB5,True,0.9967080354690552
557,DB5,P13,DB5_P13_T37_r_slow_relabeled,L,primary,wf2_featurewise,2,DB5,DB5,True,0.9998053908348083
560,DB4,P56,DB4_P56_T11_relabeled,R,primary,wf2_featurewise,2,DB4,DB4,True,0.9988895058631897
561,DB4,P15,DB4_P15_T14_relabeled,R,primary,wf2_featurewise,2,DB4,DB4,True,0.9998676776885986
570,DB4,P56,DB4_P56_T10_relabeled,R,primary,wf2_featurewise,2,DB4,DB4,True,0.9996287822723389
571,DB2,P09,DB2_P09_T02_-130_relabeled,L,primary,wf2_featurewise,2,DB2,DB2,True,0.9979504942893982
581,DB5,P13,DB5_P13_T09_l_comf_relabeled,L,primary,wf2_featurewise,2,DB5,DB5,True,0.9998868703842163
582,DB1,P12,DB1_P12_C2_T01_relabeled,L,primary,wf2_featurewise,2,DB1,DB1,True,0.9997760653495789
583,DB5,P13,DB5_P13_T34_r_slow_relabeled,L,primary,wf2_featurewise,2,DB5,DB5,True,0.999824583530426
584,DB5,P24,DB5_P24_T15_r_comf_relabeled,R,primary,wf2_featurewise,2,DB5,DB5,True,0.9884253740310669
588,DB4,P56,DB4_P56_T21_relabeled,R,primary,wf2_featurewise,2,DB4,DB4,True,0.9990602135658264
592,DB4,P20,DB4_P20_T15_relabeled,R,primary,wf2_featurewise,2,DB4,DB4,True,0.9985380172729492
604,DB1,P19,DB1_P19_C2_T02_relabeled,L,primary,wf2_featurewise,2,DB1,DB1,True,0.9895696640014648
607,DB4,P34,DB4_P34_T03_relabeled,R,primary,wf2_featurewise,2,DB4,DB4,True,0.9904098510742188
608,DB5,P20,DB5_P20_T40_r_slow_relabeled,L,primary,wf2_featurewise,2,DB5,DB5,True,0.9988941550254822
609,DB5,P20,DB5_P20_T06_l_comf_relabeled,L,primary,wf2_featurewise,2,DB5,DB5,True,0.9995836615562439
615,DB2,P09,DB2_P09_T04_130_relabeled,L,primary,wf2_featurewise,2,DB2,DB2,True,0.999555766582489
627,DB5,P16,DB5_P16_T32_l_slow_relabeled,L,primary,wf2_featurewise,2,DB5,DB5,True,0.9998394250869751
637,DB1,P19,DB1_P19_C2_T04_relabeled,R,primary,wf2_featurewise,2,DB1,DB1,True,0.9867406487464905
645,DB4,P20,DB4_P20_T13_relabeled,R,primary,wf2_featurewise,2,DB4,DB4,True,0.999893307685852
651,DB5,P13,DB5_P13_T08_l_comf_relabeled,L,primary,wf2_featurewise,2,DB5,DB5,True,0.999779999256134
655,DB2,P09,DB2_P09_T03_250_relabeled,L,primary,wf2_featurewise,2,DB2,DB2,True,0.9956325888633728
656,DB5,P13,DB5_P13_T33_r_slow_relabeled,L,primary,wf2_featurewise,2,DB5,DB5,True,0.9997051358222961
659,DB4,P48,DB4_P48_T06_relabeled,R,primary,wf2_featurewise,2,DB4,DB4,True,0.9989482760429382
668,DB4,P06,DB4_P06_T08_relabeled,R,primary,wf2_featurewise,2,DB4,DB4,True,0.999626874923706
669,DB4,P48,DB4_P48_T10_relabeled,R,primary,wf2_featurewise,2,DB4,DB4,True,0.9997209906578064
683,DB5,P16,DB5_P16_T01_l_comf_relabeled,L,primary,wf2_featurewise,2,DB5,DB5,True,0.9993922710418701
689,DB5,P20,DB5_P20_T43_r_slow_relabeled,L,primary,wf2_featurewise,2,DB5,DB5,True,0.999572217464447
696,DB5,P16,DB5_P16_T41_r_slow_relabeled,L,primary,wf2_featurewise,2,DB5,DB5,True,0.9997557997703552
697,DB5,P16,DB5_P16_T07_l_comf_relabeled,L,primary,wf2_featurewise,2,DB5,DB5,True,0.9989696741104126
698,DB3,P20,DB3_P20_A_T26,R,primary,wf2_featurewise,2,DB3,DB3,True,0.9990234375
704,DB2,P10,DB2_P10_T04_130_relabeled,L,primary,wf2_featurewise,2,DB2,DB2,True,0.9938965439796448
705,DB3,P04,DB3_P04_A_T08_relabeled,R,primary,wf2_featurewise,2,DB3,DB3,True,0.9991567134857178
708,DB2,P10,DB2_P10_T03_250_relabeled,L,primary,wf2_featurewise,2,DB2,DB2,True,0.9844419360160828
718,DB4,P48,DB4_P48_T13_relabeled,R,primary,wf2_featurewise,2,DB4,DB4,True,0.9997373223304749
721,DB2,P10,DB2_P10_T01_-130_relabeled,L,primary,wf2_featurewise,2,DB2,DB2,True,0.9685564041137695
722,DB4,P15,DB4_P15_T11_relabeled,L,primary,wf2_featurewise,2,DB4,DB4,True,0.9990277290344238
734,DB4,P06,DB4_P06_T11_relabeled,R,primary,wf2_featurewise,2,DB4,DB4,True,0.9991112351417542
740,DB5,P24,DB5_P24_T31_r_slow_relabeled,R,primary,wf2_featurewise,2,DB5,DB5,True,0.9800886511802673
742,DB5,P20,DB5_P20_T17_r_comf_relabeled,L,primary,wf2_featurewise,2,DB5,DB5,True,0.9977356195449829
743,DB5,P13,DB5_P13_T23_l_slow_relabeled,L,primary,wf2_featurewise,2,DB5,DB5,True,0.9997887015342712
748,DB5,P13,DB5_P13_T12_r_comf_relabeled,L,primary,wf2_featurewise,2,DB5,DB5,True,0.9998655319213867
752,DB4,P44,DB4_P44_T14_relabeled,R,primary,wf2_featurewise,2,DB4,DB4,True,0.9998468160629272
753,DB2,P09,DB2_P09_T03_-130_relabeled,L,primary,wf2_featurewise,2,DB2,DB2,True,0.9992765784263611
754,DB2,P09,DB2_P09_T05_-130_relabeled,L,primary,wf2_featurewise,2,DB2,DB2,True,0.9995637536048889
767,DB5,P13,DB5_P13_T05_l_comf_relabeled,L,primary,wf2_featurewise,2,DB5,DB5,True,0.9998399019241333
769,DB4,P54,DB4_P54_T17_relabeled,R,primary,wf2_featurewise,2,DB4,DB4,True,0.9999053478240967
772,DB4,P20,DB4_P20_T21_relabeled,L,primary,wf2_featurewise,2,DB4,DB4,True,0.9998739957809448
776,DB3,P20,DB3_P20_A_T11,L,primary,wf2_featurewise,2,DB3,DB3,True,0.9984399676322937
778,DB5,P16,DB5_P16_T24_l_slow_relabeled,L,primary,wf2_featurewise,2,DB5,DB5,True,0.9998032450675964
787,DB3,P08,DB3_P08_A_T04_relabeled,L,primary,wf2_featurewise,2,DB3,DB3,True,0.9240097999572754
794,DB5,P13,DB5_P13_T25_l_slow_relabeled,L,primary,wf2_featurewise,2,DB5,DB5,True,0.9997968077659607
801,DB5,P16,DB5_P16_T26_l_slow_relabeled,L,primary,wf2_featurewise,2,DB5,DB5,True,0.9994820952415466
804,DB4,P20,DB4_P20_T16_relabeled,L,primary,wf2_featurewise,2,DB4,DB4,True,0.999977707862854
808,DB5,P16,DB5_P16_T27_l_slow_relabeled,L,primary,wf2_featurewise,2,DB5,DB5,True,0.9994514584541321
814,DB5,P20,DB5_P20_T32_l_slow_relabeled,L,primary,wf2_featurewise,2,DB5,DB5,True,0.9998095631599426
816,DB2,P09,DB2_P09_T05_250_relabeled,L,primary,wf2_featurewise,2,DB2,DB2,True,0.9991614818572998
819,DB1,P19,DB1_P19_C3_T02_relabeled,L,primary,wf2_featurewise,2,DB1,DB1,True,0.9888790845870972
820,DB1,P08,DB1_P08_C3_T03_relabeled,L,primary,wf2_featurewise,2,DB1,DB1,True,0.9980812072753906
825,DB4,P20,DB4_P20_T22_relabeled,L,primary,wf2_featurewise,2,DB4,DB4,True,0.9998182654380798
831,DB2,P09,DB2_P09_T04_p_relabeled,L,primary,wf2_featurewise,2,DB2,DB2,True,0.9980154037475586
843,DB5,P13,DB5_P13_T40_r_slow_relabeled,L,primary,wf2_featurewise,2,DB5,DB5,True,0.9998282194137573
845,DB5,P13,DB5_P13_T13_r_comf_relabeled,L,primary,wf2_featurewise,2,DB5,DB5,True,0.9998459815979004
850,DB5,P20,DB5_P20_T13_r_comf_relabeled,L,primary,wf2_featurewise,2,DB5,DB5,True,0.9985563158988953
852,DB4,P15,DB4_P15_T10_relabeled,R,primary,wf2_featurewise,2,DB4,DB4,True,0.9998267292976379
853,DB4,P44,DB4_P44_T04_relabeled,R,primary,wf2_featurewise,2,DB4,DB4,True,0.9993252754211426
856,DB4,P20,DB4_P20_T04_relabeled,R,primary,wf2_featurewise,2,DB4,DB4,True,0.9998863935470581
858,DB5,P13,DB5_P13_T32_r_slow_relabeled,L,primary,wf2_featurewise,2,DB5,DB5,True,0.9997944235801697
861,DB2,P10,DB2_P10_T06_-130_relabeled,L,primary,wf2_featurewise,2,DB2,DB2,True,0.9687885046005249
896,DB2,P10,DB2_P10_T01_250_relabeled,L,primary,wf2_featurewise,2,DB2,DB2,True,0.9931768178939819
900,DB5,P24,DB5_P24_T13_r_comf_relabeled,R,primary,wf2_featurewise,2,DB5,DB5,True,0.9747930765151978
904,DB3,P04,DB3_P04_A_T14_relabeled,L,primary,wf2_featurewise,2,DB3,DB3,True,0.9950240254402161
912,DB1,P01,DB1_P01_C1_T04_relabeled,L,primary,wf2_featurewise,2,DB1,DB1,True,0.9990602135658264
917,DB1,P01,DB1_P01_C2_T02_relabeled,L,primary,wf2_featurewise,2,DB1,DB1,True,0.9788997769355774
922,DB1,P08,DB1_P08_C2_T05_relabeled,L,primary,wf2_featurewise,2,DB1,DB1,True,0.999138593673706
923,DB3,P14,DB3_P14_A_T25_relabeled,R,primary,wf2_featurewise,2,DB3,DB3,True,0.999417781829834
928,DB4,P48,DB4_P48_T12_relabeled,R,primary,wf2_featurewise,2,DB4,DB4,True,0.9990822076797485
929,DB5,P20,DB5_P20_T09_l_comf_relabeled,L,primary,wf2_featurewise,2,DB5,DB5,True,0.9995811581611633
937,DB5,P20,DB5_P20_T11_l_comf_relabeled,L,primary,wf2_featurewise,2,DB5,DB5,True,0.9991268515586853
943,DB3,P04,DB3_P04_A_T09_relabeled,L,primary,wf2_featurewise,2,DB3,DB3,True,0.9900996088981628
947,DB5,P24,DB5_P24_T20_r_comf_relabeled,R,primary,wf2_featurewise,2,DB5,DB5,True,0.9710365533828735
948,DB2,P10,DB2_P10_T04_65_relabeled,L,primary,wf2_featurewise,2,DB2,DB2,True,0.9436967372894287
951,DB2,P10,DB2_P10_T06_65_relabeled,L,primary,wf2_featurewise,2,DB2,DB2,True,0.9868871569633484
952,DB2,P09,DB2_P09_T02_65_relabeled,L,primary,wf2_featurewise,2,DB2,DB2,True,0.998895525932312
954,DB4,P48,DB4_P48_T11_relabeled,R,primary,wf2_featurewise,2,DB4,DB4,True,0.9996335506439209
968,DB4,P44,DB4_P44_T08_relabeled,R,primary,wf2_featurewise,2,DB4,DB4,True,0.9993323683738708
979,DB3,P14,DB3_P14_A_T18_relabeled,R,primary,wf2_featurewise,2,DB3,DB3,True,0.9994459748268127
980,DB4,P15,DB4_P15_T03_relabeled,L,primary,wf2_featurewise,2,DB4,DB4,True,0.9990347623825073
981,DB4,P44,DB4_P44_T10_relabeled,R,primary,wf2_featurewise,2,DB4,DB4,True,0.9979165196418762
983,DB1,P19,DB1_P19_C2_T03_relabeled,L,primary,wf2_featurewise,2,DB1,DB1,True,0.9885606169700623
985,DB2,P09,DB2_P09_T01_-130_relabeled,L,primary,wf2_featurewise,2,DB2,DB2,True,0.9991949200630188
987,DB4,P54,DB4_P54_T18_relabeled,R,primary,wf2_featurewise,2,DB4,DB4,True,0.9999532699584961
988,DB4,P48,DB4_P48_T02_relabeled,R,primary,wf2_featurewise,2,DB4,DB4,True,0.9993361830711365
989,DB4,P34,DB4_P34_T22_relabeled,R,primary,wf2_featurewise,2,DB4,DB4,True,0.9999229907989502
999,DB2,P09,DB2_P09_T01_130_relabeled,L,primary,wf2_featurewise,2,DB2,DB2,True,0.999265730381012
1001,DB4,P56,DB4_P56_T08_relabeled,R,primary,wf2_featurewise,2,DB4,DB4,True,0.9990832805633545
1006,DB1,P01,DB1_P01_C1_T03_relabeled,L,primary,wf2_featurewise,2,DB1,DB1,True,0.999032735824585
1007,DB1,P01,DB1_P01_C2_T04_relabeled,L,primary,wf2_featurewise,2,DB1,DB1,True,0.9978885054588318
1009,DB2,P10,DB2_P10_T04_-65_relabeled,L,primary,wf2_featurewise,2,DB2,DB2,True,0.9821670055389404
1022,DB1,P11,DB1_P11_C2_T01_relabeled,L,primary,wf2_featurewise,2,DB1,DB1,True,0.9989553689956665
1024,DB2,P10,DB2_P10_T02_-65_relabeled,L,primary,wf2_featurewise,2,DB2,DB2,True,0.9836862683296204
1027,DB1,P01,DB1_P01_C3_T01_relabeled,L,primary,wf2_featurewise,2,DB1,DB1,True,0.9848626255989075
1031,DB5,P20,DB5_P20_T27_l_slow_relabeled,L,primary,wf2_featurewise,2,DB5,DB5,True,0.9998012185096741
1037,DB4,P54,DB4_P54_T11_relabeled,R,primary,wf2_featurewise,2,DB4,DB4,True,0.9999027252197266
1045,DB3,P14,DB3_P14_A_T15_relabeled,L,primary,wf2_featurewise,2,DB3,DB3,True,0.9973767995834351
1050,DB1,P12,DB1_P12_C2_T03_relabeled,L,primary,wf2_featurewise,2,DB1,DB1,True,0.9993428587913513
1054,DB2,P09,DB2_P09_T02_250_relabeled,L,primary,wf2_featurewise,2,DB2,DB2,True,0.9990435242652893
1055,DB4,P44,DB4_P44_T03_relabeled,R,primary,wf2_featurewise,2,DB4,DB4,True,0.999527096748352
1062,DB1,P08,DB1_P08_C3_T04_relabeled,L,primary,wf2_featurewise,2,DB1,DB1,True,0.9977715611457825
1077,DB3,P14,DB3_P14_A_T24_relabeled,L,primary,wf2_featurewise,2,DB3,DB3,True,0.9992089867591858
1078,DB5,P20,DB5_P20_T03_l_comf_relabeled,L,primary,wf2_featurewise,2,DB5,DB5,True,0.9998688697814941
1091,DB3,P04,DB3_P04_A_T07_relabeled,L,primary,wf2_featurewise,2,DB3,DB3,True,0.9936740398406982
1094,DB5,P16,DB5_P16_T31_l_slow_relabeled,L,primary,wf2_featurewise,2,DB5,DB5,True,0.999202311038971
1096,DB5,P20,DB5_P20_T07_l_comf_relabeled,L,primary,wf2_featurewise,2,DB5,DB5,True,0.9996007084846497
1110,DB5,P20,DB5_P20_T20_r_comf_relabeled,L,primary,wf2_featurewise,2,DB5,DB5,True,0.9994223117828369
1113,DB1,P07,DB1_P07_C3_T01_relabeled,L,primary,wf2_featurewise,2,DB1,DB1,True,0.9984096884727478
1120,DB1,P01,DB1_P01_C1_T01_relabeled,L,primary,wf2_featurewise,2,DB1,DB1,True,0.9973395466804504
1125,DB4,P54,DB4_P54_T19_relabeled,R,primary,wf2_featurewise,2,DB4,DB4,True,0.9999010562896729
1126,DB4,P06,DB4_P06_T03_relabeled,R,primary,wf2_featurewise,2,DB4,DB4,True,0.9977694749832153
1131,DB5,P13,DB5_P13_T39_r_slow_relabeled,L,primary,wf2_featurewise,2,DB5,DB5,True,0.9997382760047913
1132,DB5,P13,DB5_P13_T30_l_slow_relabeled,L,primary,wf2_featurewise,2,DB5,DB5,True,0.9997556805610657
1139,DB4,P06,DB4_P06_T20_relabeled,R,primary,wf2_featurewise,2,DB4,DB4,True,0.9994874000549316
1140,DB4,P56,DB4_P56_T12_relabeled,R,primary,wf2_featurewise,2,DB4,DB4,True,0.9990129470825195
1141,DB4,P15,DB4_P15_T20_relabeled,R,primary,wf2_featurewise,2,DB4,DB4,True,0.9998869895935059
1159,DB4,P20,DB4_P20_T07_relabeled,L,primary,wf2_featurewise,2,DB4,DB4,True,0.9924762845039368
1166,DB4,P54,DB4_P54_T22_relabeled,R,primary,wf2_featurewise,2,DB4,DB4,True,0.9999579191207886
1173,DB3,P14,DB3_P14_A_T22_relabeled,L,primary,wf2_featurewise,2,DB3,DB3,True,0.9991662502288818
1194,DB4,P20,DB4_P20_T11_relabeled,L,primary,wf2_featurewise,2,DB4,DB4,True,0.9996346235275269
1197,DB4,P15,DB4_P15_T07_relabeled,R,primary,wf2_featurewise,2,DB4,DB4,True,0.9996743202209473
1201,DB1,P11,DB1_P11_C2_T05_relabeled,L,primary,wf2_featurewise,2,DB1,DB1,True,0.9986298084259033
1206,DB4,P15,DB4_P15_T17_relabeled,R,primary,wf2_featurewise,2,DB4,DB4,True,0.9997428059577942
1208,DB5,P20,DB5_P20_T29_l_slow_relabeled,L,primary,wf2_featurewise,2,DB5,DB5,True,0.9998953342437744
1212,DB4,P20,DB4_P20_T23_relabeled,R,primary,wf2_featurewise,2,DB4,DB4,True,0.9999053478240967
1213,DB4,P15,DB4_P15_T22_relabeled,R,primary,wf2_featurewise,2,DB4,DB4,True,0.9998948574066162
1215,DB3,P08,DB3_P08_A_T02_relabeled,L,primary,wf2_featurewise,2,DB3,DB3,True,0.9994531273841858
1221,DB1,P08,DB1_P08_C2_T04_relabeled,L,primary,wf2_featurewise,2,DB1,DB1,True,0.9981440305709839
1227,DB5,P20,DB5_P20_T21_r_comf_relabeled,L,primary,wf2_featurewise,2,DB5,DB5,True,0.9972732663154602
1236,DB4,P54,DB4_P54_T14_relabeled,R,primary,wf2_featurewise,2,DB4,DB4,True,0.9999563694000244
1237,DB5,P02,DB5_P02_T17_r_comf_relabeled,R,primary,wf2_featurewise,2,DB5,DB5,True,0.9191762208938599
1257,DB5,P20,DB5_P20_T35_r_slow_relabeled,L,primary,wf2_featurewise,2,DB5,DB5,True,0.9995118379592896
1261,DB4,P44,DB4_P44_T12_relabeled,R,primary,wf2_featurewise,2,DB4,DB4,True,0.9997370839118958
1267,DB4,P20,DB4_P20_T18_relabeled,R,primary,wf2_featurewise,2,DB4,DB4,True,0.9997004270553589
1273,DB4,P20,DB4_P20_T09_relabeled,R,primary,wf2_featurewise,2,DB4,DB4,True,0.999529242515564
1281,DB5,P16,DB5_P16_T39_r_slow_relabeled,L,primary,wf2_featurewise,2,DB5,DB5,True,0.9992399215698242
1289,DB3,P20,DB3_P20_A_T02,L,primary,wf2_featurewise,2,DB3,DB3,True,0.9992756247520447
1290,DB1,P12,DB1_P12_C2_T04_relabeled,L,primary,wf2_featurewise,2,DB1,DB1,True,0.9908299446105957
1294,DB2,P09,DB2_P09_T02_-65_relabeled,L,primary,wf2_featurewise,2,DB2,DB2,True,0.9956616759300232
1295,DB1,P08,DB1_P08_C2_T01_relabeled,L,primary,wf2_featurewise,2,DB1,DB1,True,0.9979146122932434
1301,DB5,P13,DB5_P13_T20_r_comf_relabeled,L,primary,wf2_featurewise,2,DB5,DB5,True,0.9995667338371277
1306,DB4,P06,DB4_P06_T02_relabeled,R,primary,wf2_featurewise,2,DB4,DB4,True,0.9996641874313354
1313,DB4,P15,DB4_P15_T19_relabeled,R,primary,wf2_featurewise,2,DB4,DB4,True,0.9998445510864258
1322,DB1,P19,DB1_P19_C3_T03_relabeled,L,primary,wf2_featurewise,2,DB1,DB1,True,0.9902210235595703
1332,DB2,P09,DB2_P09_T03_130_relabeled,L,primary,wf2_featurewise,2,DB2,DB2,True,0.9987591505050659
1333,DB4,P44,DB4_P44_T13_relabeled,R,primary,wf2_featurewise,2,DB4,DB4,True,0.9995800852775574
1336,DB4,P06,DB4_P06_T22_relabeled,R,primary,wf2_featurewise,2,DB4,DB4,True,0.9988290667533875
1337,DB5,P16,DB5_P16_T02_l_comf_relabeled,L,primary,wf2_featurewise,2,DB5,DB5,True,0.9991706609725952
1339,DB4,P06,DB4_P06_T21_relabeled,R,primary,wf2_featurewise,2,DB4,DB4,True,0.9992490410804749
1342,DB4,P20,DB4_P20_T24_relabeled,R,primary,wf2_featurewise,2,DB4,DB4,True,0.9999220371246338
1343,DB5,P13,DB5_P13_T24_l_slow_relabeled,L,primary,wf2_featurewise,2,DB5,DB5,True,0.9998455047607422
1350,DB4,P34,DB4_P34_T17_relabeled,R,primary,wf2_featurewise,2,DB4,DB4,True,0.983165979385376
1352,DB5,P20,DB5_P20_T34_r_slow_relabeled,L,primary,wf2_featurewise,2,DB5,DB5,True,0.997542142868042
1354,DB4,P56,DB4_P56_T05_relabeled,R,primary,wf2_featurewise,2,DB4,DB4,True,0.9992995262145996
1356,DB5,P20,DB5_P20_T08_l_comf_relabeled,L,primary,wf2_featurewise,2,DB5,DB5,True,0.9990630745887756
1371,DB4,P34,DB4_P34_T09_relabeled,R,primary,wf2_featurewise,2,DB4,DB4,True,0.9999561309814453
1374,DB4,P34,DB4_P34_T04_relabeled,R,primary,wf2_featurewise,2,DB4,DB4,True,0.9982788562774658
1375,DB4,P44,DB4_P44_T18_relabeled,R,primary,wf2_featurewise,2,DB4,DB4,True,0.999808132648468
1377,DB5,P13,DB5_P13_T35_r_slow_relabeled,L,primary,wf2_featurewise,2,DB5,DB5,True,0.999330997467041
1389,DB4,P54,DB4_P54_T07_relabeled,R,primary,wf2_featurewise,2,DB4,DB4,True,0.999910831451416
1392,DB4,P56,DB4_P56_T20_relabeled,R,primary,wf2_featurewise,2,DB4,DB4,True,0.999180257320404
1417,DB4,P15,DB4_P15_T16_relabeled,R,primary,wf2_featurewise,2,DB4,DB4,True,0.9998190999031067
1425,DB4,P54,DB4_P54_T16_relabeled,R,primary,wf2_featurewise,2,DB4,DB4,True,0.9998494386672974
1427,DB1,P01,DB1_P01_C1_T05_relabeled,L,primary,wf2_featurewise,2,DB1,DB1,True,0.9990904331207275
1431,DB5,P16,DB5_P16_T12_l_comf_relabeled,L,primary,wf2_featurewise,2,DB5,DB5,True,0.9983776807785034
1438,DB2,P10,DB2_P10_T02_250_relabeled,L,primary,wf2_featurewise,2,DB2,DB2,True,0.9905990958213806
1441,DB2,P10,DB2_P10_T04_250_relabeled,L,primary,wf2_featurewise,2,DB2,DB2,True,0.9945948719978333
1444,DB4,P54,DB4_P54_T08_relabeled,R,primary,wf2_featurewise,2,DB4,DB4,True,0.9998770952224731
1447,DB5,P20,DB5_P20_T18_r_comf_relabeled,L,primary,wf2_featurewise,2,DB5,DB5,True,0.9985228180885315
1460,DB4,P06,DB4_P06_T14_relabeled,R,primary,wf2_featurewise,2,DB4,DB4,True,0.9990816116333008
1461,DB1,P07,DB1_P07_C3_T04_relabeled,L,primary,wf2_featurewise,2,DB1,DB1,True,0.9984616041183472
1463,DB4,P15,DB4_P15_T21_relabeled,R,primary,wf2_featurewise,2,DB4,DB4,True,0.9998799562454224
1467,DB3,P14,DB3_P14_A_T20_relabeled,L,primary,wf2_featurewise,2,DB3,DB3,True,0.999263346195221
1469,DB4,P44,DB4_P44_T09_relabeled,R,primary,wf2_featurewise,2,DB4,DB4,True,0.9997507929801941
1473,DB4,P48,DB4_P48_T05_relabeled,R,primary,wf2_featurewise,2,DB4,DB4,True,0.9997726082801819
1482,DB4,P06,DB4_P06_T16_relabeled,R,primary,wf2_featurewise,2,DB4,DB4,True,0.999061644077301
1483,DB5,P13,DB5_P13_T10_l_comf_relabeled,L,primary,wf2_featurewise,2,DB5,DB5,True,0.9998626708984375
1498,DB5,P16,DB5_P16_T38_r_slow_relabeled,L,primary,wf2_featurewise,2,DB5,DB5,True,0.9997863173484802
1501,DB2,P10,DB2_P10_T02_-130_relabeled,L,primary,wf2_featurewise,2,DB2,DB2,True,0.9931761622428894
1506,DB5,P16,DB5_P16_T11_l_comf_relabeled,L,primary,wf2_featurewise,2,DB5,DB5,True,0.999041736125946
1509,DB4,P44,DB4_P44_T17_relabeled,R,primary,wf2_featurewise,2,DB4,DB4,True,0.9996683597564697
1510,DB3,P08,DB3_P08_A_T03_relabeled,R,primary,wf2_featurewise,2,DB3,DB3,True,0.9994662404060364
1512,DB4,P56,DB4_P56_T02_relabeled,R,primary,wf2_featurewise,2,DB4,DB4,True,0.9992814660072327
1515,DB4,P44,DB4_P44_T21_relabeled,R,primary,wf2_featurewise,2,DB4,DB4,True,0.9994612336158752
1522,DB5,P13,DB5_P13_T27_l_slow_relabeled,L,primary,wf2_featurewise,2,DB5,DB5,True,0.9998596906661987
1525,DB2,P09,DB2_P09_T03_-65_relabeled,L,primary,wf2_featurewise,2,DB2,DB2,True,0.9993588328361511
1530,DB5,P20,DB5_P20_T25_l_slow_relabeled,L,primary,wf2_featurewise,2,DB5,DB5,True,0.9997722506523132
1531,DB3,P04,DB3_P04_A_T10_relabeled,R,primary,wf2_featurewise,2,DB3,DB3,True,0.9954522252082825
1535,DB1,P08,DB1_P08_C2_T03_relabeled,L,primary,wf2_featurewise,2,DB1,DB1,True,0.998978853225708
1542,DB4,P06,DB4_P06_T19_relabeled,R,primary,wf2_featurewise,2,DB4,DB4,True,0.9992874264717102
1546,DB4,P54,DB4_P54_T15_relabeled,R,primary,wf2_featurewise,2,DB4,DB4,True,0.9999481439590454
1550,DB5,P20,DB5_P20_T39_r_slow_relabeled,L,primary,wf2_featurewise,2,DB5,DB5,True,0.9996646642684937
1557,DB4,P15,DB4_P15_T15_relabeled,R,primary,wf2_featurewise,2,DB4,DB4,True,0.9997484087944031
1563,DB5,P20,DB5_P20_T31_l_slow_relabeled,L,primary,wf2_featurewise,2,DB5,DB5,True,0.9998378753662109
1565,DB4,P48,DB4_P48_T16_relabeled,R,primary,wf2_featurewise,2,DB4,DB4,True,0.9993489384651184
1566,DB4,P56,DB4_P56_T09_relabeled,R,primary,wf2_featurewise,2,DB4,DB4,True,0.9995142221450806
1572,DB5,P20,DB5_P20_T23_l_slow_relabeled,L,primary,wf2_featurewise,2,DB5,DB5,True,0.7042466998100281
1581,DB5,P20,DB5_P20_T05_l_comf_relabeled,L,primary,wf2_featurewise,2,DB5,DB5,True,0.9997890591621399
1583,DB4,P34,DB4_P34_T13_relabeled,R,primary,wf2_featurewise,2,DB4,DB4,True,0.9996104836463928
1585,DB4,P44,DB4_P44_T06_relabeled,R,primary,wf2_featurewise,2,DB4,DB4,True,0.9997592568397522
1591,DB4,P20,DB4_P20_T05_relabeled,R,primary,wf2_featurewise,2,DB4,DB4,True,0.9998726844787598
1621,DB4,P54,DB4_P54_T21_relabeled,R,primary,wf2_featurewise,2,DB4,DB4,True,0.9999428987503052
1628,DB4,P20,DB4_P20_T08_relabeled,R,primary,wf2_featurewise,2,DB4,DB4,True,0.9999186992645264
1629,DB2,P09,DB2_P09_T02_130_relabeled,L,primary,wf2_featurewise,2,DB2,DB2,True,0.9997492432594299
1630,DB2,P09,DB2_P09_T05_130_relabeled,L,primary,wf2_featurewise,2,DB2,DB2,True,0.9996587038040161
1645,DB5,P20,DB5_P20_T12_r_comf_relabeled,L,primary,wf2_featurewise,2,DB5,DB5,True,0.9979370832443237
1650,DB1,P01,DB1_P01_C1_T02_relabeled,L,primary,wf2_featurewise,2,DB1,DB1,True,0.9932036399841309
1657,DB5,P20,DB5_P20_T04_l_comf_relabeled,L,primary,wf2_featurewise,2,DB5,DB5,True,0.998939573764801
1663,DB3,P04,DB3_P04_A_T15_relabeled,R,primary,wf2_featurewise,2,DB3,DB3,True,0.998843789100647
1665,DB4,P48,DB4_P48_T17_relabeled,R,primary,wf2_featurewise,2,DB4,DB4,True,0.9981269240379333
1666,DB4,P56,DB4_P56_T15_relabeled,R,primary,wf2_featurewise,2,DB4,DB4,True,0.9994274377822876
1667,DB5,P24,DB5_P24_T18_r_comf_relabeled,R,primary,wf2_featurewise,2,DB5,DB5,True,0.9735114574432373
1672,DB4,P56,DB4_P56_T16_relabeled,R,primary,wf2_featurewise,2,DB4,DB4,True,0.9995593428611755
1674,DB2,P10,DB2_P10_T05_130_relabeled,L,primary,wf2_featurewise,2,DB2,DB2,True,0.9929412603378296
1677,DB5,P13,DB5_P13_T01_l_comf_relabeled,L,primary,wf2_featurewise,2,DB5,DB5,True,0.9998791217803955
1680,DB5,P02,DB5_P02_T18_r_comf_relabeled,R,primary,wf2_featurewise,2,DB5,DB5,True,0.8415701389312744
1687,DB4,P56,DB4_P56_T07_relabeled,R,primary,wf2_featurewise,2,DB4,DB4,True,0.9996894598007202
1689,DB4,P56,DB4_P56_T13_relabeled,R,primary,wf2_featurewise,2,DB4,DB4,True,0.9995859265327454
1690,DB5,P13,DB5_P13_T18_r_comf_relabeled,L,primary,wf2_featurewise,2,DB5,DB5,True,0.9993869066238403
1693,DB5,P20,DB5_P20_T02_l_comf_relabeled,L,primary,wf2_featurewise,2,DB5,DB5,True,0.99905925989151
1701,DB4,P34,DB4_P34_T10_relabeled,R,primary,wf2_featurewise,2,DB4,DB4,True,0.999873161315918
1704,DB4,P06,DB4_P06_T10_relabeled,R,primary,wf2_featurewise,2,DB4,DB4,True,0.9993502497673035
1710,DB4,P44,DB4_P44_T05_relabeled,R,primary,wf2_featurewise,2,DB4,DB4,True,0.9995359182357788
1711,DB3,P14,DB3_P14_A_T23_relabeled,R,primary,wf2_featurewise,2,DB3,DB3,True,0.9994577765464783
1713,DB5,P20,DB5_P20_T19_r_comf_relabeled,L,primary,wf2_featurewise,2,DB5,DB5,True,0.9993934631347656
1726,DB5,P13,DB5_P13_T06_l_comf_relabeled,L,primary,wf2_featurewise,2,DB5,DB5,True,0.9998754262924194
1727,DB4,P20,DB4_P20_T19_relabeled,R,primary,wf2_featurewise,2,DB4,DB4,True,0.9997928738594055
1728,DB5,P16,DB5_P16_T35_r_slow_relabeled,L,primary,wf2_featurewise,2,DB5,DB5,True,0.9998214840888977
1743,DB5,P16,DB5_P16_T28_l_slow_relabeled,L,primary,wf2_featurewise,2,DB5,DB5,True,0.9995623230934143
1745,DB4,P06,DB4_P06_T12_relabeled,R,primary,wf2_featurewise,2,DB4,DB4,True,0.999579131603241
1751,DB4,P44,DB4_P44_T19_relabeled,R,primary,wf2_featurewise,2,DB4,DB4,True,0.9998132586479187
1752,DB4,P44,DB4_P44_T02_relabeled,R,primary,wf2_featurewise,2,DB4,DB4,True,0.9998598098754883
1758,DB1,P08,DB1_P08_C3_T01_relabeled,L,primary,wf2_featurewise,2,DB1,DB1,True,0.9980839490890503
1759,DB4,P34,DB4_P34_T19_relabeled,R,primary,wf2_featurewise,2,DB4,DB4,True,0.9759008884429932
1761,DB5,P13,DB5_P13_T36_r_slow_relabeled,L,primary,wf2_featurewise,2,DB5,DB5,True,0.9998325109481812
1763,DB2,P09,DB2_P09_T04_250_relabeled,L,primary,wf2_featurewise,2,DB2,DB2,True,0.9974493384361267
1765,DB5,P20,DB5_P20_T41_r_slow_relabeled,L,primary,wf2_featurewise,2,DB5,DB5,True,0.998848557472229
1771,DB5,P13,DB5_P13_T17_r_comf_relabeled,L,primary,wf2_featurewise,2,DB5,DB5,True,0.9998102784156799
1779,DB4,P44,DB4_P44_T11_relabeled,R,primary,wf2_featurewise,2,DB4,DB4,True,0.9997509121894836
1789,DB5,P24,DB5_P24_T19_r_comf_relabeled,R,primary,wf2_featurewise,2,DB5,DB5,True,0.9714673757553101
1792,DB2,P09,DB2_P09_T06_p_relabeled,L,primary,wf2_featurewise,2,DB2,DB2,True,0.9991698265075684
1794,DB4,P34,DB4_P34_T18_relabeled,R,primary,wf2_featurewise,2,DB4,DB4,True,0.9962599277496338
1797,DB5,P13,DB5_P13_T07_l_comf_relabeled,L,primary,wf2_featurewise,2,DB5,DB5,True,0.9998677968978882
1800,DB4,P15,DB4_P15_T08_relabeled,R,primary,wf2_featurewise,2,DB4,DB4,True,0.9998992681503296
1805,DB5,P16,DB5_P16_T37_r_slow_relabeled,L,primary,wf2_featurewise,2,DB5,DB5,True,0.999630331993103
1809,DB5,P13,DB5_P13_T22_l_slow_relabeled,L,primary,wf2_featurewise,2,DB5,DB5,True,0.9998431205749512
1811,DB4,P48,DB4_P48_T08_relabeled,R,primary,wf2_featurewise,2,DB4,DB4,True,0.9997091889381409
1820,DB1,P07,DB1_P07_C3_T03_relabeled,L,primary,wf2_featurewise,2,DB1,DB1,True,0.9985094666481018
1835,DB2,P10,DB2_P10_T04_p_relabeled,L,primary,wf2_featurewise,2,DB2,DB2,True,0.9978699684143066
1836,DB3,P20,DB3_P20_A_T21,R,primary,wf2_featurewise,2,DB3,DB3,True,0.9954896569252014
1844,DB5,P13,DB5_P13_T31_r_slow_relabeled,L,primary,wf2_featurewise,2,DB5,DB5,True,0.9998714923858643
1852,DB4,P06,DB4_P06_T17_relabeled,R,primary,wf2_featurewise,2,DB4,DB4,True,0.9995179176330566
1858,DB5,P13,DB5_P13_T21_l_slow_relabeled,L,primary,wf2_featurewise,2,DB5,DB5,True,0.9997722506523132
1862,DB3,P08,DB3_P08_A_T01_relabeled,R,primary,wf2_featurewise,2,DB3,DB3,True,0.9993268251419067
1863,DB5,P16,DB5_P16_T43_r_slow_relabeled,L,primary,wf2_featurewise,2,DB5,DB5,True,0.9993970394134521
1871,DB2,P09,DB2_P09_T01_p_relabeled,L,primary,wf2_featurewise,2,DB2,DB2,True,0.9986622333526611
1873,DB4,P54,DB4_P54_T10_relabeled,R,primary,wf2_featurewise,2,DB4,DB4,True,0.999749481678009
1877,DB5,P13,DB5_P13_T38_r_slow_relabeled,L,primary,wf2_featurewise,2,DB5,DB5,True,0.9998681545257568
1881,DB5,P20,DB5_P20_T26_l_slow_relabeled,L,primary,wf2_featurewise,2,DB5,DB5,True,0.9998356103897095
1883,DB5,P20,DB5_P20_T28_l_slow_relabeled,L,primary,wf2_featurewise,2,DB5,DB5,True,0.9997705817222595
1887,DB1,P19,DB1_P19_C2_T05_relabeled,L,primary,wf2_featurewise,2,DB1,DB1,True,0.9826816916465759
1888,DB5,P13,DB5_P13_T04_l_comf_relabeled,L,primary,wf2_featurewise,2,DB5,DB5,True,0.9997740387916565
1897,DB4,P48,DB4_P48_T09_relabeled,R,primary,wf2_featurewise,2,DB4,DB4,True,0.9995637536048889
1901,DB4,P48,DB4_P48_T03_relabeled,R,primary,wf2_featurewise,2,DB4,DB4,True,0.9998378753662109
3,DB3,P13,DB3_P13_A_T18_relabeled,R,primary,wf2_featurewise,3,DB3,DB3,True,0.9999077320098877
6,DB1,P15,DB1_P15_C2_T02_relabeled,L,primary,wf2_featurewise,3,DB1,DB1,True,0.9999856948852539
13,DB1,P30,DB1_P30_C2_T02_relabeled,L,primary,wf2_featurewise,3,DB1,DB1,True,0.9991087317466736
14,DB2,P02,DB2_P02_T03_130_relabeled,L,primary,wf2_featurewise,3,DB2,DB2,True,0.9997029900550842
15,DB5,P27,DB5_P27_T33_r_slow_relabeled,L,primary,wf2_featurewise,3,DB5,DB5,True,0.9999994039535522
17,DB5,P03,DB5_P03_T16_r_comf_relabeled,L,primary,wf2_featurewise,3,DB5,DB5,True,0.9999995231628418
24,DB4,P27,DB4_P27_T21_relabeled,R,primary,wf2_featurewise,3,DB4,DB4,True,0.9999924898147583
29,DB4,P57,DB4_P57_T03_relabeled,R,primary,wf2_featurewise,3,DB4,DB4,True,0.9999983310699463
30,DB5,P15,DB5_P15_T34_r_slow_relabeled,L,primary,wf2_featurewise,3,DB5,DB5,True,0.9999970197677612
38,DB3,P13,DB3_P13_A_T29_relabeled,L,primary,wf2_featurewise,3,DB3,DB3,True,0.9819955825805664
43,DB5,P10,DB5_P10_T23_l_slow_relabeled,L,primary,wf2_featurewise,3,DB5,DB5,True,0.9999954700469971
45,DB4,P50,DB4_P50_T19_relabeled,R,primary,wf2_featurewise,3,DB4,DB4,True,0.9999978542327881
51,DB4,P03,DB4_P03_T15_relabeled,R,primary,wf2_featurewise,3,DB4,DB4,True,0.9999963045120239
58,DB2,P03,DB2_P03_T04_-65_relabeled,L,primary,wf2_featurewise,3,DB2,DB2,True,0.9999905824661255
64,DB2,P02,DB2_P02_T04_65_relabeled,L,primary,wf2_featurewise,3,DB2,DB2,True,0.9998416900634766
73,DB1,P13,DB1_P13_C2_T04_relabeled,L,primary,wf2_featurewise,3,DB1,DB1,True,0.9999978542327881
74,DB5,P27,DB5_P27_T28_l_slow_relabeled,L,primary,wf2_featurewise,3,DB5,DB5,True,0.9999958276748657
75,DB2,P02,DB2_P02_T01_65_relabeled,L,primary,wf2_featurewise,3,DB2,DB2,True,0.9997027516365051
79,DB5,P15,DB5_P15_T28_l_slow_relabeled,L,primary,wf2_featurewise,3,DB5,DB5,True,0.9999979734420776
81,DB3,P03,DB3_P03_A_T15_relabeled,L,primary,wf2_featurewise,3,DB3,DB3,True,0.9881300926208496
84,DB2,P03,DB2_P03_T09_p_relabeled,L,primary,wf2_featurewise,3,DB2,DB2,True,0.9998760223388672
96,DB3,P13,DB3_P13_A_T28_relabeled,L,primary,wf2_featurewise,3,DB3,DB3,True,0.9996566772460938
98,DB5,P15,DB5_P15_T19_r_comf_relabeled,L,primary,wf2_featurewise,3,DB5,DB5,True,0.9999994039535522
101,DB5,P10,DB5_P10_T30_l_slow_relabeled,L,primary,wf2_featurewise,3,DB5,DB5,True,0.9999998807907104
108,DB5,P10,DB5_P10_T25_l_slow_relabeled,L,primary,wf2_featurewise,3,DB5,DB5,True,0.9999995231628418
122,DB5,P27,DB5_P27_T37_r_slow_relabeled,L,primary,wf2_featurewise,3,DB5,DB5,True,0.9999990463256836
127,DB3,P06,DB3_P06_A_T06_relabeled,R,primary,wf2_featurewise,3,DB3,DB3,True,0.9998316764831543
128,DB4,P21,DB4_P21_T15_relabeled,R,primary,wf2_featurewise,3,DB4,DB4,True,0.9999934434890747
130,DB4,P01,DB4_P01_T15_relabeled,R,primary,wf2_featurewise,3,DB4,DB4,True,0.999998927116394
131,DB4,P50,DB4_P50_T08_relabeled,R,primary,wf2_featurewise,3,DB4,DB4,True,0.9999979734420776
135,DB5,P10,DB5_P10_T02_l_comf_relabeled,L,primary,wf2_featurewise,3,DB5,DB5,True,0.9999958276748657
144,DB4,P03,DB4_P03_T09_relabeled,R,primary,wf2_featurewise,3,DB4,DB4,True,0.9999754428863525
147,DB2,P03,DB2_P03_T02_250_relabeled,L,primary,wf2_featurewise,3,DB2,DB2,True,0.9543137550354004
148,DB5,P27,DB5_P27_T40_r_slow_relabeled,L,primary,wf2_featurewise,3,DB5,DB5,True,0.9999996423721313
156,DB1,P13,DB1_P13_C2_T02_relabeled,L,primary,wf2_featurewise,3,DB1,DB1,True,0.9999970197677612
157,DB4,P01,DB4_P01_T12_relabeled,R,primary,wf2_featurewise,3,DB4,DB4,True,0.9999960660934448
167,DB5,P27,DB5_P27_T41_r_slow_relabeled,L,primary,wf2_featurewise,3,DB5,DB5,True,0.9999996423721313
172,DB4,P27,DB4_P27_T19_relabeled,L,primary,wf2_featurewise,3,DB4,DB4,True,0.9999926090240479
173,DB4,P05,DB4_P05_T22_relabeled,R,primary,wf2_featurewise,3,DB4,DB4,True,0.9999991655349731
177,DB5,P27,DB5_P27_T29_l_slow_relabeled,L,primary,wf2_featurewise,3,DB5,DB5,True,0.9999978542327881
180,DB4,P57,DB4_P57_T05_relabeled,R,primary,wf2_featurewise,3,DB4,DB4,True,0.9999945163726807
193,DB4,P27,DB4_P27_T07_relabeled,R,primary,wf2_featurewise,3,DB4,DB4,True,0.9999926090240479
194,DB5,P15,DB5_P15_T07_l_comf_relabeled,L,primary,wf2_featurewise,3,DB5,DB5,True,0.9999979734420776
206,DB1,P09,DB1_P09_C3_T04_relabeled,L,primary,wf2_featurewise,3,DB1,DB1,True,0.9999884366989136
207,DB4,P27,DB4_P27_T18_relabeled,L,primary,wf2_featurewise,3,DB4,DB4,True,0.9999592304229736
208,DB5,P15,DB5_P15_T08_l_comf_relabeled,L,primary,wf2_featurewise,3,DB5,DB5,True,0.9999946355819702
217,DB5,P27,DB5_P27_T35_r_slow_relabeled,L,primary,wf2_featurewise,3,DB5,DB5,True,0.9999995231628418
228,DB5,P10,DB5_P10_T26_l_slow_relabeled,L,primary,wf2_featurewise,3,DB5,DB5,True,0.9999980926513672
231,DB1,P15,DB1_P15_C3_T02_relabeled,L,primary,wf2_featurewise,3,DB1,DB1,True,0.9340465664863586
234,DB2,P03,DB2_P03_T01_65_relabeled,L,primary,wf2_featurewise,3,DB2,DB2,True,0.9999943971633911
243,DB4,P57,DB4_P57_T09_relabeled,R,primary,wf2_featurewise,3,DB4,DB4,True,0.9999983310699463
248,DB1,P09,DB1_P09_C2_T04_relabeled,L,primary,wf2_featurewise,3,DB1,DB1,True,0.9999988079071045
249,DB5,P03,DB5_P03_T20_r_comf_relabeled,L,primary,wf2_featurewise,3,DB5,DB5,True,0.9999995231628418
254,DB2,P03,DB2_P03_T04_65_relabeled,L,primary,wf2_featurewise,3,DB2,DB2,True,0.9999593496322632
256,DB5,P27,DB5_P27_T18_r_comf_relabeled,L,primary,wf2_featurewise,3,DB5,DB5,True,0.9999891519546509
268,DB3,P03,DB3_P03_A_T10_relabeled,L,primary,wf2_featurewise,3,DB3,DB3,True,0.9960501790046692
272,DB5,P27,DB5_P27_T07_l_comf_relabeled,L,primary,wf2_featurewise,3,DB5,DB5,True,0.9999984502792358
273,DB1,P09,DB1_P09_C2_T03_relabeled,L,primary,wf2_featurewise,3,DB1,DB1,True,0.9999994039535522
276,DB4,P16,DB4_P16_T19_relabeled,L,primary,wf2_featurewise,3,DB4,DB4,True,0.9999971389770508
278,DB5,P27,DB5_P27_T26_l_slow_relabeled,L,primary,wf2_featurewise,3,DB5,DB5,True,0.9999972581863403
293,DB5,P15,DB5_P15_T09_l_comf_relabeled,L,primary,wf2_featurewise,3,DB5,DB5,True,0.9999958276748657
295,DB5,P27,DB5_P27_T25_l_slow_relabeled,L,primary,wf2_featurewise,3,DB5,DB5,True,0.9999963045120239
298,DB5,P27,DB5_P27_T13_r_comf_relabeled,L,primary,wf2_featurewise,3,DB5,DB5,True,0.9999953508377075
299,DB5,P15,DB5_P15_T23_l_slow_relabeled,L,primary,wf2_featurewise,3,DB5,DB5,True,0.9999967813491821
308,DB2,P02,DB2_P02_T02_p_relabeled,L,primary,wf2_featurewise,3,DB2,DB2,True,0.9999585151672363
314,DB3,P03,DB3_P03_A_T06_relabeled,R,primary,wf2_featurewise,3,DB3,DB3,True,0.9996911287307739
315,DB1,P13,DB1_P13_C3_T03_relabeled,L,primary,wf2_featurewise,3,DB1,DB1,True,0.9999053478240967
323,DB4,P30,DB4_P30_T04_relabeled,R,primary,wf2_featurewise,3,DB4,DB4,True,0.9999957084655762
336,DB5,P03,DB5_P03_T36_r_slow_relabeled,L,primary,wf2_featurewise,3,DB5,DB5,True,0.9999852180480957
347,DB5,P10,DB5_P10_T20_r_comf_relabeled,L,primary,wf2_featurewise,3,DB5,DB5,True,0.9999967813491821
349,DB3,P13,DB3_P13_A_T19_relabeled,R,primary,wf2_featurewise,3,DB3,DB3,True,0.9996587038040161
350,DB1,P15,DB1_P15_C2_T05_relabeled,L,primary,wf2_featurewise,3,DB1,DB1,True,0.9997798800468445
351,DB4,P27,DB4_P27_T06_relabeled,R,primary,wf2_featurewise,3,DB4,DB4,True,0.9999743700027466
353,DB1,P10,DB1_P10_C2_T01_relabeled,L,primary,wf2_featurewise,3,DB1,DB1,True,0.9999991655349731
358,DB5,P03,DB5_P03_T18_r_comf_relabeled,L,primary,wf2_featurewise,3,DB5,DB5,True,0.9999988079071045
360,DB5,P27,DB5_P27_T11_r_comf_relabeled,L,primary,wf2_featurewise,3,DB5,DB5,True,0.999998927116394
372,DB2,P02,DB2_P02_T02_130_relabeled,L,primary,wf2_featurewise,3,DB2,DB2,True,0.9961993098258972
374,DB3,P03,DB3_P03_A_T04_relabeled,R,primary,wf2_featurewise,3,DB3,DB3,True,0.999629020690918
380,DB4,P30,DB4_P30_T19_relabeled,R,primary,wf2_featurewise,3,DB4,DB4,True,0.999981164932251
388,DB4,P21,DB4_P21_T06_relabeled,R,primary,wf2_featurewise,3,DB4,DB4,True,0.9999939203262329
400,DB4,P30,DB4_P30_T07_relabeled,R,primary,wf2_featurewise,3,DB4,DB4,True,0.9999942779541016
403,DB5,P10,DB5_P10_T18_r_comf_relabeled,L,primary,wf2_featurewise,3,DB5,DB5,True,0.9999994039535522
405,DB4,P57,DB4_P57_T15_relabeled,R,primary,wf2_featurewise,3,DB4,DB4,True,0.9999990463256836
414,DB5,P03,DB5_P03_T15_r_comf_relabeled,L,primary,wf2_featurewise,3,DB5,DB5,True,0.9999996423721313
420,DB4,P30,DB4_P30_T11_relabeled,R,primary,wf2_featurewise,3,DB4,DB4,True,0.9999954700469971
427,DB5,P15,DB5_P15_T25_l_slow_relabeled,L,primary,wf2_featurewise,3,DB5,DB5,True,0.9999953508377075
430,DB4,P57,DB4_P57_T10_relabeled,R,primary,wf2_featurewise,3,DB4,DB4,True,0.9999978542327881
433,DB5,P27,DB5_P27_T34_r_slow_relabeled,L,primary,wf2_featurewise,3,DB5,DB5,True,0.9999986886978149
439,DB4,P30,DB4_P30_T16_relabeled,R,primary,wf2_featurewise,3,DB4,DB4,True,0.9999852180480957
443,DB4,P03,DB4_P03_T06_relabeled,R,primary,wf2_featurewise,3,DB4,DB4,True,0.9999924898147583
447,DB4,P01,DB4_P01_T07_relabeled,R,primary,wf2_featurewise,3,DB4,DB4,True,0.9999831914901733
450,DB4,P16,DB4_P16_T12_relabeled,R,primary,wf2_featurewise,3,DB4,DB4,True,0.9999898672103882
452,DB5,P10,DB5_P10_T12_r_comf_relabeled,L,primary,wf2_featurewise,3,DB5,DB5,True,0.9999997615814209
457,DB2,P02,DB2_P02_T03_65_relabeled,L,primary,wf2_featurewise,3,DB2,DB2,True,0.9997543692588806
458,DB1,P04,DB1_P04_C3_T02_relabeled,L,primary,wf2_featurewise,3,DB1,DB1,True,0.9998672008514404
461,DB5,P10,DB5_P10_T17_r_comf_relabeled,L,primary,wf2_featurewise,3,DB5,DB5,True,0.9999995231628418
470,DB5,P27,DB5_P27_T21_l_slow_relabeled,L,primary,wf2_featurewise,3,DB5,DB5,True,0.9999829530715942
471,DB2,P02,DB2_P02_T03_p_relabeled,L,primary,wf2_featurewise,3,DB2,DB2,True,0.9999878406524658
475,DB5,P15,DB5_P15_T30_l_slow_relabeled,L,primary,wf2_featurewise,3,DB5,DB5,True,0.9999980926513672
491,DB5,P15,DB5_P15_T01_l_comf_relabeled,L,primary,wf2_featurewise,3,DB5,DB5,True,0.999996542930603
493,DB1,P09,DB1_P09_C2_T01_relabeled,L,primary,wf2_featurewise,3,DB1,DB1,True,0.9999986886978149
500,DB5,P27,DB5_P27_T38_r_slow_relabeled,L,primary,wf2_featurewise,3,DB5,DB5,True,0.9999980926513672
502,DB1,P26,DB1_P26_C2_T02_relabeled,R,primary,wf2_featurewise,3,DB1,DB1,True,0.9999958276748657
506,DB4,P16,DB4_P16_T18_relabeled,R,primary,wf2_featurewise,3,DB4,DB4,True,0.9999946355819702
507,DB5,P15,DB5_P15_T41_r_slow_relabeled,L,primary,wf2_featurewise,3,DB5,DB5,True,0.9999994039535522
511,DB3,P03,DB3_P03_A_T05_relabeled,L,primary,wf2_featurewise,3,DB3,DB3,True,0.997050404548645
516,DB1,P15,DB1_P15_C3_T01_relabeled,L,primary,wf2_featurewise,3,DB1,DB1,True,0.5991194248199463
523,DB3,P11,DB3_P11_A_T02,L,primary,wf2_featurewise,3,DB3,DB3,True,0.9323698282241821
524,DB4,P01,DB4_P01_T22_relabeled,R,primary,wf2_featurewise,3,DB4,DB4,True,0.9999967813491821
535,DB2,P03,DB2_P03_T06_p_relabeled,L,primary,wf2_featurewise,3,DB2,DB2,True,0.9972866773605347
539,DB4,P30,DB4_P30_T13_relabeled,R,primary,wf2_featurewise,3,DB4,DB4,True,0.9999964237213135
549,DB4,P57,DB4_P57_T20_relabeled,R,primary,wf2_featurewise,3,DB4,DB4,True,0.9999988079071045
554,DB4,P05,DB4_P05_T18_relabeled,R,primary,wf2_featurewise,3,DB4,DB4,True,0.9999992847442627
558,DB4,P27,DB4_P27_T04_relabeled,R,primary,wf2_featurewise,3,DB4,DB4,True,0.9999891519546509
579,DB2,P03,DB2_P03_T01_-130_relabeled,L,primary,wf2_featurewise,3,DB2,DB2,True,0.9998812675476074
586,DB4,P30,DB4_P30_T05_relabeled,R,primary,wf2_featurewise,3,DB4,DB4,True,0.9999808073043823
587,DB4,P01,DB4_P01_T18_relabeled,R,primary,wf2_featurewise,3,DB4,DB4,True,0.9999960660934448
590,DB5,P15,DB5_P15_T35_r_slow_relabeled,L,primary,wf2_featurewise,3,DB5,DB5,True,0.9999988079071045
596,DB5,P10,DB5_P10_T11_r_comf_relabeled,L,primary,wf2_featurewise,3,DB5,DB5,True,0.9999992847442627
597,DB3,P13,DB3_P13_A_T06_relabeled,L,primary,wf2_featurewise,3,DB3,DB3,True,0.9984769225120544
600,DB4,P50,DB4_P50_T16_relabeled,R,primary,wf2_featurewise,3,DB4,DB4,True,0.9999974966049194
616,DB5,P10,DB5_P10_T32_l_slow_relabeled,L,primary,wf2_featurewise,3,DB5,DB5,True,0.9999997615814209
618,DB5,P03,DB5_P03_T38_r_slow_relabeled,L,primary,wf2_featurewise,3,DB5,DB5,True,0.9999868869781494
624,DB4,P16,DB4_P16_T08_relabeled,L,primary,wf2_featurewise,3,DB4,DB4,True,0.9999971389770508
635,DB4,P05,DB4_P05_T17_relabeled,R,primary,wf2_featurewise,3,DB4,DB4,True,0.9999995231628418
639,DB5,P27,DB5_P27_T02_l_comf_relabeled,L,primary,wf2_featurewise,3,DB5,DB5,True,0.9999940395355225
640,DB3,P06,DB3_P06_A_T10_relabeled,L,primary,wf2_featurewise,3,DB3,DB3,True,0.9999938011169434
641,DB1,P10,DB1_P10_C3_T02_relabeled,L,primary,wf2_featurewise,3,DB1,DB1,True,0.999784529209137
643,DB2,P03,DB2_P03_T05_-130_relabeled,L,primary,wf2_featurewise,3,DB2,DB2,True,0.9999120235443115
646,DB4,P50,DB4_P50_T22_relabeled,R,primary,wf2_featurewise,3,DB4,DB4,True,0.999997615814209
647,DB4,P21,DB4_P21_T10_relabeled,R,primary,wf2_featurewise,3,DB4,DB4,True,0.9999991655349731
653,DB3,P03,DB3_P03_A_T01_relabeled,L,primary,wf2_featurewise,3,DB3,DB3,True,0.9946615099906921
654,DB4,P57,DB4_P57_T16_relabeled,R,primary,wf2_featurewise,3,DB4,DB4,True,0.999996542930603
657,DB3,P03,DB3_P03_A_T07_relabeled,R,primary,wf2_featurewise,3,DB3,DB3,True,0.9999771118164062
661,DB5,P27,DB5_P27_T08_l_comf_relabeled,L,primary,wf2_featurewise,3,DB5,DB5,True,0.9999949932098389
663,DB2,P03,DB2_P03_T03_-65_relabeled,L,primary,wf2_featurewise,3,DB2,DB2,True,0.9999933242797852
667,DB5,P15,DB5_P15_T31_l_slow_relabeled,L,primary,wf2_featurewise,3,DB5,DB5,True,0.9999978542327881
671,DB4,P03,DB4_P03_T07_relabeled,R,primary,wf2_featurewise,3,DB4,DB4,True,0.9999713897705078
675,DB1,P09,DB1_P09_C3_T03_relabeled,L,primary,wf2_featurewise,3,DB1,DB1,True,0.9999868869781494
678,DB5,P27,DB5_P27_T06_l_comf_relabeled,L,primary,wf2_featurewise,3,DB5,DB5,True,0.9999984502792358
680,DB5,P10,DB5_P10_T39_r_slow_relabeled,L,primary,wf2_featurewise,3,DB5,DB5,True,0.9999998807907104
688,DB4,P21,DB4_P21_T07_relabeled,R,primary,wf2_featurewise,3,DB4,DB4,True,0.9999973773956299
690,DB5,P15,DB5_P15_T32_r_slow_relabeled,L,primary,wf2_featurewise,3,DB5,DB5,True,0.9999955892562866
691,DB3,P13,DB3_P13_A_T26_relabeled,L,primary,wf2_featurewise,3,DB3,DB3,True,0.9996365308761597
702,DB5,P10,DB5_P10_T38_r_slow_relabeled,L,primary,wf2_featurewise,3,DB5,DB5,True,0.9999997615814209
703,DB5,P10,DB5_P10_T42_r_slow_relabeled,L,primary,wf2_featurewise,3,DB5,DB5,True,0.9999995231628418
706,DB5,P27,DB5_P27_T01_l_comf_relabeled,L,primary,wf2_featurewise,3,DB5,DB5,True,0.999984860420227
709,DB3,P03,DB3_P03_A_T11_relabeled,R,primary,wf2_featurewise,3,DB3,DB3,True,0.9996299743652344
710,DB4,P05,DB4_P05_T06_relabeled,R,primary,wf2_featurewise,3,DB4,DB4,True,0.9999996423721313
719,DB5,P10,DB5_P10_T19_r_comf_relabeled,L,primary,wf2_featurewise,3,DB5,DB5,True,0.9999996423721313
723,DB3,P06,DB3_P06_A_T15_relabeled,L,primary,wf2_featurewise,3,DB3,DB3,True,0.9967551827430725
733,DB5,P15,DB5_P15_T29_l_slow_relabeled,L,primary,wf2_featurewise,3,DB5,DB5,True,0.9999985694885254
736,DB5,P10,DB5_P10_T41_r_slow_relabeled,L,primary,wf2_featurewise,3,DB5,DB5,True,0.9999997615814209
737,DB2,P03,DB2_P03_T01_250_relabeled,L,primary,wf2_featurewise,3,DB2,DB2,True,0.9988378882408142
741,DB4,P57,DB4_P57_T11_relabeled,R,primary,wf2_featurewise,3,DB4,DB4,True,0.9999984502792358
749,DB4,P16,DB4_P16_T16_relabeled,L,primary,wf2_featurewise,3,DB4,DB4,True,0.9999654293060303
756,DB4,P03,DB4_P03_T04_relabeled,R,primary,wf2_featurewise,3,DB4,DB4,True,0.9999721050262451
759,DB1,P30,DB1_P30_C2_T03_relabeled,L,primary,wf2_featurewise,3,DB1,DB1,True,0.9963578581809998
773,DB4,P03,DB4_P03_T12_relabeled,R,primary,wf2_featurewise,3,DB4,DB4,True,0.9999819993972778
777,DB2,P02,DB2_P02_T03_-130_relabeled,L,primary,wf2_featurewise,3,DB2,DB2,True,0.9772796630859375
782,DB4,P21,DB4_P21_T11_relabeled,R,primary,wf2_featurewise,3,DB4,DB4,True,0.9999948740005493
789,DB4,P05,DB4_P05_T16_relabeled,R,primary,wf2_featurewise,3,DB4,DB4,True,0.9999992847442627
790,DB4,P27,DB4_P27_T02_relabeled,R,primary,wf2_featurewise,3,DB4,DB4,True,0.9999910593032837
798,DB4,P21,DB4_P21_T21_relabeled,R,primary,wf2_featurewise,3,DB4,DB4,True,0.9999967813491821
802,DB5,P15,DB5_P15_T02_l_comf_relabeled,L,primary,wf2_featurewise,3,DB5,DB5,True,0.9999992847442627
805,DB4,P27,DB4_P27_T23_relabeled,R,primary,wf2_featurewise,3,DB4,DB4,True,0.9999778270721436
806,DB4,P05,DB4_P05_T11_relabeled,R,primary,wf2_featurewise,3,DB4,DB4,True,0.9998496770858765
811,DB4,P03,DB4_P03_T14_relabeled,R,primary,wf2_featurewise,3,DB4,DB4,True,0.999996542930603
817,DB4,P16,DB4_P16_T23_relabeled,R,primary,wf2_featurewise,3,DB4,DB4,True,0.9998592138290405
818,DB5,P27,DB5_P27_T05_l_comf_relabeled,L,primary,wf2_featurewise,3,DB5,DB5,True,0.9999932050704956
822,DB5,P27,DB5_P27_T36_r_slow_relabeled,L,primary,wf2_featurewise,3,DB5,DB5,True,0.9999985694885254
824,DB4,P21,DB4_P21_T13_relabeled,R,primary,wf2_featurewise,3,DB4,DB4,True,0.9999878406524658
840,DB4,P50,DB4_P50_T09_relabeled,R,primary,wf2_featurewise,3,DB4,DB4,True,0.999962329864502
842,DB5,P15,DB5_P15_T26_l_slow_relabeled,L,primary,wf2_featurewise,3,DB5,DB5,True,0.9999991655349731
846,DB3,P06,DB3_P06_A_T12_relabeled,L,primary,wf2_featurewise,3,DB3,DB3,True,0.9999979734420776
851,DB5,P10,DB5_P10_T21_l_slow_relabeled,L,primary,wf2_featurewise,3,DB5,DB5,True,0.9999990463256836
854,DB4,P21,DB4_P21_T17_relabeled,R,primary,wf2_featurewise,3,DB4,DB4,True,0.9999992847442627
857,DB5,P27,DB5_P27_T32_r_slow_relabeled,L,primary,wf2_featurewise,3,DB5,DB5,True,0.9999991655349731
860,DB5,P27,DB5_P27_T24_l_slow_relabeled,L,primary,wf2_featurewise,3,DB5,DB5,True,0.9999990463256836
863,DB5,P03,DB5_P03_T17_r_comf_relabeled,L,primary,wf2_featurewise,3,DB5,DB5,True,0.9999994039535522
866,DB1,P04,DB1_P04_C2_T01_relabeled,L,primary,wf2_featurewise,3,DB1,DB1,True,0.9999995231628418
872,DB4,P05,DB4_P05_T20_relabeled,R,primary,wf2_featurewise,3,DB4,DB4,True,0.9999986886978149
887,DB3,P13,DB3_P13_A_T34_relabeled,L,primary,wf2_featurewise,3,DB3,DB3,True,0.9995272159576416
888,DB2,P03,DB2_P03_T05_65_relabeled,L,primary,wf2_featurewise,3,DB2,DB2,True,0.9999966621398926
892,DB4,P21,DB4_P21_T19_relabeled,L,primary,wf2_featurewise,3,DB4,DB4,True,0.9999502897262573
903,DB2,P02,DB2_P02_T02_250_relabeled,L,primary,wf2_featurewise,3,DB2,DB2,True,0.9999626874923706
907,DB4,P01,DB4_P01_T05_relabeled,R,primary,wf2_featurewise,3,DB4,DB4,True,0.999997615814209
908,DB5,P27,DB5_P27_T22_l_slow_relabeled,L,primary,wf2_featurewise,3,DB5,DB5,True,0.999987006187439
913,DB4,P57,DB4_P57_T14_relabeled,R,primary,wf2_featurewise,3,DB4,DB4,True,0.9999988079071045
914,DB4,P50,DB4_P50_T17_relabeled,R,primary,wf2_featurewise,3,DB4,DB4,True,0.9999954700469971
918,DB2,P03,DB2_P03_T05_-65_relabeled,L,primary,wf2_featurewise,3,DB2,DB2,True,0.999995231628418
921,DB2,P03,DB2_P03_T07_p_relabeled,L,primary,wf2_featurewise,3,DB2,DB2,True,0.9998836517333984
925,DB4,P21,DB4_P21_T04_relabeled,L,primary,wf2_featurewise,3,DB4,DB4,True,0.9999985694885254
931,DB5,P27,DB5_P27_T23_l_slow_relabeled,L,primary,wf2_featurewise,3,DB5,DB5,True,0.9999933242797852
932,DB4,P16,DB4_P16_T02_relabeled,R,primary,wf2_featurewise,3,DB4,DB4,True,0.999997615814209
934,DB4,P16,DB4_P16_T24_relabeled,L,primary,wf2_featurewise,3,DB4,DB4,True,0.9999849796295166
942,DB4,P05,DB4_P05_T07_relabeled,R,primary,wf2_featurewise,3,DB4,DB4,True,0.999970555305481
946,DB5,P10,DB5_P10_T43_r_slow_relabeled,L,primary,wf2_featurewise,3,DB5,DB5,True,0.9999998807907104
956,DB3,P03,DB3_P03_A_T03_relabeled,L,primary,wf2_featurewise,3,DB3,DB3,True,0.9984160661697388
963,DB4,P30,DB4_P30_T17_relabeled,R,primary,wf2_featurewise,3,DB4,DB4,True,0.9999827146530151
965,DB5,P15,DB5_P15_T27_l_slow_relabeled,L,primary,wf2_featurewise,3,DB5,DB5,True,0.9999986886978149
966,DB4,P27,DB4_P27_T10_relabeled,L,primary,wf2_featurewise,3,DB4,DB4,True,0.9999352693557739
970,DB4,P57,DB4_P57_T02_relabeled,R,primary,wf2_featurewise,3,DB4,DB4,True,0.9999984502792358
971,DB5,P03,DB5_P03_T13_r_comf_relabeled,L,primary,wf2_featurewise,3,DB5,DB5,True,0.9999951124191284
972,DB1,P13,DB1_P13_C2_T05_relabeled,L,primary,wf2_featurewise,3,DB1,DB1,True,0.999991774559021
976,DB2,P03,DB2_P03_T02_-130_relabeled,L,primary,wf2_featurewise,3,DB2,DB2,True,0.9778408408164978
991,DB4,P03,DB4_P03_T08_relabeled,R,primary,wf2_featurewise,3,DB4,DB4,True,0.9999885559082031
995,DB5,P03,DB5_P03_T39_r_slow_relabeled,L,primary,wf2_featurewise,3,DB5,DB5,True,0.9999940395355225
996,DB5,P03,DB5_P03_T42_r_slow_relabeled,L,primary,wf2_featurewise,3,DB5,DB5,True,0.9999977350234985
998,DB3,P11,DB3_P11_A_T01,R,primary,wf2_featurewise,3,DB3,DB3,True,0.9999988079071045
1003,DB5,P15,DB5_P15_T24_l_slow_relabeled,L,primary,wf2_featurewise,3,DB5,DB5,True,0.9999973773956299
1008,DB4,P50,DB4_P50_T07_relabeled,R,primary,wf2_featurewise,3,DB4,DB4,True,0.9999990463256836
1010,DB5,P03,DB5_P03_T14_r_comf_relabeled,L,primary,wf2_featurewise,3,DB5,DB5,True,0.9999996423721313
1011,DB5,P10,DB5_P10_T06_l_comf_relabeled,L,primary,wf2_featurewise,3,DB5,DB5,True,0.9999948740005493
1012,DB4,P05,DB4_P05_T12_relabeled,R,primary,wf2_featurewise,3,DB4,DB4,True,0.9999973773956299
1015,DB2,P03,DB2_P03_T03_250_relabeled,L,primary,wf2_featurewise,3,DB2,DB2,True,0.9978659749031067
1020,DB3,P13,DB3_P13_A_T13_relabeled,R,primary,wf2_featurewise,3,DB3,DB3,True,0.9999817609786987
1023,DB4,P03,DB4_P03_T16_relabeled,R,primary,wf2_featurewise,3,DB4,DB4,True,0.9999971389770508
1026,DB4,P03,DB4_P03_T02_relabeled,R,primary,wf2_featurewise,3,DB4,DB4,True,0.999988317489624
1030,DB1,P09,DB1_P09_C3_T01_relabeled,L,primary,wf2_featurewise,3,DB1,DB1,True,0.9999558925628662
1035,DB2,P03,DB2_P03_T03_-130_relabeled,L,primary,wf2_featurewise,3,DB2,DB2,True,0.999961256980896
1041,DB3,P13,DB3_P13_A_T07_relabeled,R,primary,wf2_featurewise,3,DB3,DB3,True,0.9994016885757446
1047,DB4,P01,DB4_P01_T03_relabeled,R,primary,wf2_featurewise,3,DB4,DB4,True,0.999990701675415
1053,DB4,P05,DB4_P05_T13_relabeled,R,primary,wf2_featurewise,3,DB4,DB4,True,0.9999955892562866
1064,DB2,P02,DB2_P02_T04_p_relabeled,L,primary,wf2_featurewise,3,DB2,DB2,True,0.9999552965164185
1065,DB1,P10,DB1_P10_C2_T02_relabeled,L,primary,wf2_featurewise,3,DB1,DB1,True,0.9999994039535522
1072,DB4,P21,DB4_P21_T05_relabeled,R,primary,wf2_featurewise,3,DB4,DB4,True,0.9999548196792603
1090,DB1,P24,DB1_P24_C2_T03_relabeled,R,primary,wf2_featurewise,3,DB1,DB1,True,0.9999943971633911
1098,DB5,P15,DB5_P15_T33_r_slow_relabeled,L,primary,wf2_featurewise,3,DB5,DB5,True,0.9999921321868896
1105,DB5,P27,DB5_P27_T14_r_comf_relabeled,L,primary,wf2_featurewise,3,DB5,DB5,True,0.9999958276748657
1107,DB5,P15,DB5_P15_T17_r_comf_relabeled,L,primary,wf2_featurewise,3,DB5,DB5,True,0.9999974966049194
1108,DB4,P05,DB4_P05_T21_relabeled,R,primary,wf2_featurewise,3,DB4,DB4,True,0.9999986886978149
1114,DB5,P10,DB5_P10_T29_l_slow_relabeled,L,primary,wf2_featurewise,3,DB5,DB5,True,0.9999997615814209
1127,DB5,P10,DB5_P10_T13_r_comf_relabeled,L,primary,wf2_featurewise,3,DB5,DB5,True,0.9999994039535522
1130,DB4,P50,DB4_P50_T05_relabeled,R,primary,wf2_featurewise,3,DB4,DB4,True,0.9999991655349731
1137,DB4,P57,DB4_P57_T13_relabeled,R,primary,wf2_featurewise,3,DB4,DB4,True,0.9999974966049194
1142,DB1,P13,DB1_P13_C2_T01_relabeled,L,primary,wf2_featurewise,3,DB1,DB1,True,0.9999996423721313
1144,DB5,P03,DB5_P03_T12_r_comf_relabeled,L,primary,wf2_featurewise,3,DB5,DB5,True,0.9999996423721313
1145,DB2,P03,DB2_P03_T05_250_relabeled,L,primary,wf2_featurewise,3,DB2,DB2,True,0.9997523427009583
1153,DB5,P15,DB5_P15_T10_l_comf_relabeled,L,primary,wf2_featurewise,3,DB5,DB5,True,0.999997615814209
1161,DB4,P21,DB4_P21_T18_relabeled,R,primary,wf2_featurewise,3,DB4,DB4,True,0.9999988079071045
1165,DB3,P06,DB3_P06_A_T14_relabeled,L,primary,wf2_featurewise,3,DB3,DB3,True,0.9999998807907104
1176,DB5,P15,DB5_P15_T16_r_comf_relabeled,L,primary,wf2_featurewise,3,DB5,DB5,True,0.9999983310699463
1180,DB4,P05,DB4_P05_T15_relabeled,R,primary,wf2_featurewise,3,DB4,DB4,True,0.9999964237213135
1183,DB4,P27,DB4_P27_T08_relabeled,R,primary,wf2_featurewise,3,DB4,DB4,True,0.9999886751174927
1187,DB4,P27,DB4_P27_T14_relabeled,L,primary,wf2_featurewise,3,DB4,DB4,True,0.9999556541442871
1189,DB5,P15,DB5_P15_T36_r_slow_relabeled,L,primary,wf2_featurewise,3,DB5,DB5,True,0.9999926090240479
1199,DB4,P05,DB4_P05_T19_relabeled,R,primary,wf2_featurewise,3,DB4,DB4,True,0.9999994039535522
1224,DB5,P27,DB5_P27_T39_r_slow_relabeled,L,primary,wf2_featurewise,3,DB5,DB5,True,0.9999982118606567
1229,DB4,P50,DB4_P50_T03_relabeled,R,primary,wf2_featurewise,3,DB4,DB4,True,0.9999985694885254
1230,DB5,P03,DB5_P03_T33_r_slow_relabeled,L,primary,wf2_featurewise,3,DB5,DB5,True,0.9999983310699463
1243,DB4,P21,DB4_P21_T23_relabeled,R,primary,wf2_featurewise,3,DB4,DB4,True,0.9999992847442627
1250,DB4,P05,DB4_P05_T02_relabeled,R,primary,wf2_featurewise,3,DB4,DB4,True,0.9999994039535522
1255,DB4,P50,DB4_P50_T04_relabeled,R,primary,wf2_featurewise,3,DB4,DB4,True,0.9999970197677612
1256,DB5,P10,DB5_P10_T36_r_slow_relabeled,L,primary,wf2_featurewise,3,DB5,DB5,True,0.9999997615814209
1258,DB5,P15,DB5_P15_T40_r_slow_relabeled,L,primary,wf2_featurewise,3,DB5,DB5,True,0.999997615814209
1265,DB4,P50,DB4_P50_T21_relabeled,R,primary,wf2_featurewise,3,DB4,DB4,True,0.9999977350234985
1270,DB5,P03,DB5_P03_T11_r_comf_relabeled,L,primary,wf2_featurewise,3,DB5,DB5,True,0.9999991655349731
1271,DB5,P03,DB5_P03_T41_r_slow_relabeled,L,primary,wf2_featurewise,3,DB5,DB5,True,0.9999885559082031
1272,DB5,P10,DB5_P10_T04_l_comf_relabeled,L,primary,wf2_featurewise,3,DB5,DB5,True,0.9999984502792358
1278,DB3,P06,DB3_P06_A_T07_relabeled,R,primary,wf2_featurewise,3,DB3,DB3,True,0.9999911785125732
1297,DB4,P05,DB4_P05_T08_relabeled,R,primary,wf2_featurewise,3,DB4,DB4,True,0.999998927116394
1299,DB5,P10,DB5_P10_T01_l_comf_relabeled,L,primary,wf2_featurewise,3,DB5,DB5,True,0.9999966621398926
1300,DB4,P27,DB4_P27_T22_relabeled,L,primary,wf2_featurewise,3,DB4,DB4,True,0.9999808073043823
1303,DB2,P02,DB2_P02_T02_-65_relabeled,L,primary,wf2_featurewise,3,DB2,DB2,True,0.9996092915534973
1305,DB3,P06,DB3_P06_A_T09_relabeled,R,primary,wf2_featurewise,3,DB3,DB3,True,0.9998358488082886
1309,DB5,P15,DB5_P15_T37_r_slow_relabeled,L,primary,wf2_featurewise,3,DB5,DB5,True,0.9999971389770508
1318,DB5,P27,DB5_P27_T12_r_comf_relabeled,L,primary,wf2_featurewise,3,DB5,DB5,True,0.999987006187439
1319,DB4,P27,DB4_P27_T11_relabeled,R,primary,wf2_featurewise,3,DB4,DB4,True,0.9999964237213135
1320,DB4,P01,DB4_P01_T04_relabeled,R,primary,wf2_featurewise,3,DB4,DB4,True,0.9999988079071045
1321,DB5,P27,DB5_P27_T20_r_comf_relabeled,L,primary,wf2_featurewise,3,DB5,DB5,True,0.9999991655349731
1325,DB5,P27,DB5_P27_T19_r_comf_relabeled,L,primary,wf2_featurewise,3,DB5,DB5,True,0.9999978542327881
1328,DB4,P57,DB4_P57_T18_relabeled,R,primary,wf2_featurewise,3,DB4,DB4,True,0.9999988079071045
1358,DB3,P13,DB3_P13_A_T01_relabeled,R,primary,wf2_featurewise,3,DB3,DB3,True,0.9995962977409363
1361,DB4,P57,DB4_P57_T19_relabeled,R,primary,wf2_featurewise,3,DB4,DB4,True,0.9999972581863403
1365,DB3,P03,DB3_P03_A_T12_relabeled,L,primary,wf2_featurewise,3,DB3,DB3,True,0.9995895028114319
1367,DB2,P03,DB2_P03_T04_-130_relabeled,L,primary,wf2_featurewise,3,DB2,DB2,True,0.9999102354049683
1368,DB4,P21,DB4_P21_T22_relabeled,R,primary,wf2_featurewise,3,DB4,DB4,True,0.9999985694885254
1370,DB5,P15,DB5_P15_T04_l_comf_relabeled,L,primary,wf2_featurewise,3,DB5,DB5,True,0.9999935626983643
1381,DB4,P30,DB4_P30_T03_relabeled,R,primary,wf2_featurewise,3,DB4,DB4,True,0.9999895095825195
1390,DB5,P03,DB5_P03_T35_r_slow_relabeled,L,primary,wf2_featurewise,3,DB5,DB5,True,0.9999973773956299
1398,DB3,P11,DB3_P11_A_T11,R,primary,wf2_featurewise,3,DB3,DB3,True,0.9999501705169678
1399,DB4,P03,DB4_P03_T11_relabeled,R,primary,wf2_featurewise,3,DB4,DB4,True,0.9999661445617676
1408,DB4,P16,DB4_P16_T03_relabeled,L,primary,wf2_featurewise,3,DB4,DB4,True,0.9999929666519165
1411,DB5,P27,DB5_P27_T09_l_comf_relabeled,L,primary,wf2_featurewise,3,DB5,DB5,True,0.9999905824661255
1412,DB4,P03,DB4_P03_T13_relabeled,R,primary,wf2_featurewise,3,DB4,DB4,True,0.9998723268508911
1419,DB1,P09,DB1_P09_C2_T05_relabeled,L,primary,wf2_featurewise,3,DB1,DB1,True,0.9999654293060303
1428,DB4,P30,DB4_P30_T15_relabeled,R,primary,wf2_featurewise,3,DB4,DB4,True,0.9999953508377075
1434,DB4,P30,DB4_P30_T14_relabeled,R,primary,wf2_featurewise,3,DB4,DB4,True,0.9999748468399048
1436,DB4,P16,DB4_P16_T17_relabeled,R,primary,wf2_featurewise,3,DB4,DB4,True,0.9999953508377075
1446,DB1,P09,DB1_P09_C3_T05_relabeled,L,primary,wf2_featurewise,3,DB1,DB1,True,0.9999560117721558
1449,DB4,P16,DB4_P16_T09_relabeled,R,primary,wf2_featurewise,3,DB4,DB4,True,0.9999887943267822
1450,DB5,P10,DB5_P10_T05_l_comf_relabeled,L,primary,wf2_featurewise,3,DB5,DB5,True,0.9999942779541016
1452,DB4,P50,DB4_P50_T20_relabeled,R,primary,wf2_featurewise,3,DB4,DB4,True,0.999975323677063
1454,DB4,P27,DB4_P27_T16_relabeled,R,primary,wf2_featurewise,3,DB4,DB4,True,0.9999815225601196
1457,DB3,P11,DB3_P11_A_T10,L,primary,wf2_featurewise,3,DB3,DB3,True,0.9940337538719177
1462,DB4,P21,DB4_P21_T09_relabeled,L,primary,wf2_featurewise,3,DB4,DB4,True,0.9998661279678345
1481,DB4,P03,DB4_P03_T03_relabeled,R,primary,wf2_featurewise,3,DB4,DB4,True,0.9999817609786987
1485,DB5,P27,DB5_P27_T10_l_comf_relabeled,L,primary,wf2_featurewise,3,DB5,DB5,True,0.9999988079071045
1486,DB1,P04,DB1_P04_C3_T04_relabeled,L,primary,wf2_featurewise,3,DB1,DB1,True,0.9998596906661987
1487,DB1,P30,DB1_P30_C1_T04_relabeled,R,primary,wf2_featurewise,3,DB1,DB1,True,0.9999779462814331
1489,DB4,P57,DB4_P57_T21_relabeled,R,primary,wf2_featurewise,3,DB4,DB4,True,0.9999985694885254
1494,DB2,P02,DB2_P02_T02_-130_relabeled,L,primary,wf2_featurewise,3,DB2,DB2,True,0.9996981620788574
1499,DB4,P01,DB4_P01_T06_relabeled,R,primary,wf2_featurewise,3,DB4,DB4,True,0.9999926090240479
1505,DB5,P27,DB5_P27_T15_r_comf_relabeled,L,primary,wf2_featurewise,3,DB5,DB5,True,0.9999991655349731
1514,DB1,P04,DB1_P04_C3_T03_relabeled,L,primary,wf2_featurewise,3,DB1,DB1,True,0.9996861219406128
1518,DB4,P05,DB4_P05_T03_relabeled,R,primary,wf2_featurewise,3,DB4,DB4,True,0.9999712705612183
1519,DB5,P15,DB5_P15_T38_r_slow_relabeled,L,primary,wf2_featurewise,3,DB5,DB5,True,0.999998927116394
1527,DB5,P15,DB5_P15_T39_r_slow_relabeled,L,primary,wf2_featurewise,3,DB5,DB5,True,0.9999991655349731
1528,DB2,P03,DB2_P03_T06_65_relabeled,L,primary,wf2_featurewise,3,DB2,DB2,True,0.9999908208847046
1533,DB5,P10,DB5_P10_T22_l_slow_relabeled,L,primary,wf2_featurewise,3,DB5,DB5,True,0.9999990463256836
1534,DB2,P03,DB2_P03_T08_130_relabeled,L,primary,wf2_featurewise,3,DB2,DB2,True,0.9854742288589478
1538,DB5,P10,DB5_P10_T35_r_slow_relabeled,L,primary,wf2_featurewise,3,DB5,DB5,True,0.9999998807907104
1544,DB4,P03,DB4_P03_T17_relabeled,R,primary,wf2_featurewise,3,DB4,DB4,True,0.9999862909317017
1547,DB4,P50,DB4_P50_T06_relabeled,R,primary,wf2_featurewise,3,DB4,DB4,True,0.9999985694885254
1549,DB5,P15,DB5_P15_T11_l_comf_relabeled,L,primary,wf2_featurewise,3,DB5,DB5,True,0.9999973773956299
1551,DB5,P03,DB5_P03_T40_r_slow_relabeled,L,primary,wf2_featurewise,3,DB5,DB5,True,0.9999971389770508
1574,DB1,P10,DB1_P10_C2_T04_relabeled,L,primary,wf2_featurewise,3,DB1,DB1,True,0.9999970197677612
1578,DB2,P02,DB2_P02_T05_65_relabeled,L,primary,wf2_featurewise,3,DB2,DB2,True,0.9999278783798218
1586,DB3,P06,DB3_P06_A_T03_relabeled,R,primary,wf2_featurewise,3,DB3,DB3,True,0.999976634979248
1589,DB4,P21,DB4_P21_T02_relabeled,L,primary,wf2_featurewise,3,DB4,DB4,True,1.0
1601,DB4,P03,DB4_P03_T20_relabeled,R,primary,wf2_featurewise,3,DB4,DB4,True,0.9999978542327881
1611,DB5,P27,DB5_P27_T30_l_slow_relabeled,L,primary,wf2_featurewise,3,DB5,DB5,True,0.9999955892562866
1615,DB4,P05,DB4_P05_T04_relabeled,R,primary,wf2_featurewise,3,DB4,DB4,True,0.9999992847442627
1619,DB2,P02,DB2_P02_T01_-65_relabeled,L,primary,wf2_featurewise,3,DB2,DB2,True,0.8552685976028442
1622,DB4,P01,DB4_P01_T10_relabeled,R,primary,wf2_featurewise,3,DB4,DB4,True,0.9998922348022461
1625,DB5,P15,DB5_P15_T21_r_comf_relabeled,L,primary,wf2_featurewise,3,DB5,DB5,True,0.9999986886978149
1627,DB2,P02,DB2_P02_T03_250_relabeled,L,primary,wf2_featurewise,3,DB2,DB2,True,0.9999674558639526
1635,DB2,P02,DB2_P02_T04_250_relabeled,L,primary,wf2_featurewise,3,DB2,DB2,True,0.9999806880950928
1637,DB4,P16,DB4_P16_T13_relabeled,L,primary,wf2_featurewise,3,DB4,DB4,True,0.9999724626541138
1648,DB2,P03,DB2_P03_T04_250_relabeled,L,primary,wf2_featurewise,3,DB2,DB2,True,0.903266429901123
1649,DB4,P03,DB4_P03_T21_relabeled,R,primary,wf2_featurewise,3,DB4,DB4,True,0.999997615814209
1653,DB5,P27,DB5_P27_T17_r_comf_relabeled,L,primary,wf2_featurewise,3,DB5,DB5,True,0.9999982118606567
1660,DB5,P15,DB5_P15_T20_r_comf_relabeled,L,primary,wf2_featurewise,3,DB5,DB5,True,0.9999973773956299
1661,DB5,P03,DB5_P03_T19_r_comf_relabeled,L,primary,wf2_featurewise,3,DB5,DB5,True,0.9999996423721313
1664,DB5,P15,DB5_P15_T03_l_comf_relabeled,L,primary,wf2_featurewise,3,DB5,DB5,True,0.999997615814209
1669,DB5,P10,DB5_P10_T34_r_slow_relabeled,L,primary,wf2_featurewise,3,DB5,DB5,True,0.9999978542327881
1670,DB4,P05,DB4_P05_T09_relabeled,R,primary,wf2_featurewise,3,DB4,DB4,True,0.9999986886978149
1679,DB5,P10,DB5_P10_T14_r_comf_relabeled,L,primary,wf2_featurewise,3,DB5,DB5,True,0.9999997615814209
1681,DB4,P27,DB4_P27_T17_relabeled,L,primary,wf2_featurewise,3,DB4,DB4,True,0.9999914169311523
1682,DB4,P03,DB4_P03_T05_relabeled,R,primary,wf2_featurewise,3,DB4,DB4,True,0.9999889135360718
1683,DB4,P03,DB4_P03_T10_relabeled,R,primary,wf2_featurewise,3,DB4,DB4,True,0.9999938011169434
1685,DB5,P10,DB5_P10_T37_r_slow_relabeled,L,primary,wf2_featurewise,3,DB5,DB5,True,0.9999992847442627
1692,DB5,P15,DB5_P15_T15_r_comf_relabeled,L,primary,wf2_featurewise,3,DB5,DB5,True,0.9999920129776001
1695,DB5,P27,DB5_P27_T27_l_slow_relabeled,L,primary,wf2_featurewise,3,DB5,DB5,True,0.999993085861206
1696,DB5,P27,DB5_P27_T03_l_comf_relabeled,L,primary,wf2_featurewise,3,DB5,DB5,True,0.9999922513961792
1707,DB4,P57,DB4_P57_T06_relabeled,R,primary,wf2_featurewise,3,DB4,DB4,True,0.9999991655349731
1709,DB3,P13,DB3_P13_A_T09_relabeled,R,primary,wf2_featurewise,3,DB3,DB3,True,0.9992213249206543
1721,DB4,P57,DB4_P57_T04_relabeled,R,primary,wf2_featurewise,3,DB4,DB4,True,0.9999959468841553
1730,DB2,P02,DB2_P02_T05_250_relabeled,L,primary,wf2_featurewise,3,DB2,DB2,True,0.999869704246521
1739,DB4,P03,DB4_P03_T22_relabeled,R,primary,wf2_featurewise,3,DB4,DB4,True,0.9999880790710449
1741,DB4,P01,DB4_P01_T19_relabeled,R,primary,wf2_featurewise,3,DB4,DB4,True,0.9999971389770508
1755,DB2,P02,DB2_P02_T04_-65_relabeled,L,primary,wf2_featurewise,3,DB2,DB2,True,0.999778687953949
1760,DB2,P03,DB2_P03_T08_p_relabeled,L,primary,wf2_featurewise,3,DB2,DB2,True,0.991204559803009
1768,DB5,P15,DB5_P15_T05_l_comf_relabeled,L,primary,wf2_featurewise,3,DB5,DB5,True,0.9999979734420776
1769,DB4,P50,DB4_P50_T14_relabeled,R,primary,wf2_featurewise,3,DB4,DB4,True,0.9999966621398926
1776,DB1,P13,DB1_P13_C2_T03_relabeled,L,primary,wf2_featurewise,3,DB1,DB1,True,0.9999945163726807
1777,DB1,P04,DB1_P04_C3_T01_relabeled,L,primary,wf2_featurewise,3,DB1,DB1,True,0.9999347925186157
1782,DB2,P02,DB2_P02_T01_130_relabeled,L,primary,wf2_featurewise,3,DB2,DB2,True,0.9992457628250122
1784,DB2,P03,DB2_P03_T03_65_relabeled,L,primary,wf2_featurewise,3,DB2,DB2,True,0.9998359680175781
1795,DB4,P57,DB4_P57_T17_relabeled,R,primary,wf2_featurewise,3,DB4,DB4,True,0.999995231628418
1798,DB3,P06,DB3_P06_A_T08_relabeled,R,primary,wf2_featurewise,3,DB3,DB3,True,0.9999747276306152
1802,DB4,P30,DB4_P30_T02_relabeled,R,primary,wf2_featurewise,3,DB4,DB4,True,0.9999915361404419
1803,DB2,P02,DB2_P02_T04_130_relabeled,L,primary,wf2_featurewise,3,DB2,DB2,True,0.999923586845398
1819,DB2,P02,DB2_P02_T05_130_relabeled,L,primary,wf2_featurewise,3,DB2,DB2,True,0.9993895292282104
1822,DB3,P11,DB3_P11_A_T05,R,primary,wf2_featurewise,3,DB3,DB3,True,0.9999980926513672
1826,DB5,P10,DB5_P10_T24_l_slow_relabeled,L,primary,wf2_featurewise,3,DB5,DB5,True,0.9999994039535522
1829,DB4,P21,DB4_P21_T03_relabeled,L,primary,wf2_featurewise,3,DB4,DB4,True,0.9998866319656372
1834,DB1,P04,DB1_P04_C2_T04_relabeled,L,primary,wf2_featurewise,3,DB1,DB1,True,0.9999662637710571
1838,DB5,P03,DB5_P03_T37_r_slow_relabeled,L,primary,wf2_featurewise,3,DB5,DB5,True,0.9999861717224121
1840,DB4,P16,DB4_P16_T22_relabeled,R,primary,wf2_featurewise,3,DB4,DB4,True,0.9999722242355347
1845,DB4,P50,DB4_P50_T02_relabeled,R,primary,wf2_featurewise,3,DB4,DB4,True,0.999997615814209
1846,DB5,P15,DB5_P15_T13_r_comf_relabeled,L,primary,wf2_featurewise,3,DB5,DB5,True,0.9999966621398926
1847,DB4,P16,DB4_P16_T05_relabeled,R,primary,wf2_featurewise,3,DB4,DB4,True,0.9999934434890747
1848,DB4,P57,DB4_P57_T07_relabeled,R,primary,wf2_featurewise,3,DB4,DB4,True,0.9999966621398926
1854,DB2,P02,DB2_P02_T01_p_relabeled,L,primary,wf2_featurewise,3,DB2,DB2,True,0.9999971389770508
1855,DB5,P27,DB5_P27_T04_l_comf_relabeled,L,primary,wf2_featurewise,3,DB5,DB5,True,0.9999958276748657
1856,DB4,P27,DB4_P27_T20_relabeled,R,primary,wf2_featurewise,3,DB4,DB4,True,0.9999793767929077
1860,DB3,P11,DB3_P11_A_T09,R,primary,wf2_featurewise,3,DB3,DB3,True,0.9999550580978394
1869,DB3,P06,DB3_P06_A_T13_relabeled,L,primary,wf2_featurewise,3,DB3,DB3,True,0.9999909400939941
1882,DB1,P30,DB1_P30_C3_T02_relabeled,L,primary,wf2_featurewise,3,DB1,DB1,True,0.5363636016845703
1886,DB5,P10,DB5_P10_T33_r_slow_relabeled,L,primary,wf2_featurewise,3,DB5,DB5,True,0.9999997615814209
1898,DB5,P03,DB5_P03_T34_r_slow_relabeled,L,primary,wf2_featurewise,3,DB5,DB5,True,0.9999986886978149
9,DB4,P42,DB4_P42_T15_relabeled,R,primary,wf2_featurewise,4,DB4,DB4,True,0.999998927116394
10,DB5,P23,DB5_P23_T07_l_comf_relabeled,L,primary,wf2_featurewise,4,DB5,DB5,True,0.9999990463256836
16,DB4,P42,DB4_P42_T14_relabeled,R,primary,wf2_featurewise,4,DB4,DB4,True,0.9999972581863403
26,DB1,P42,DB1_P42_C3_T01_relabeled,L,primary,wf2_featurewise,4,DB1,DB1,True,0.9998997449874878
32,DB4,P46,DB4_P46_T19_relabeled,R,primary,wf2_featurewise,4,DB4,DB4,True,0.999995231628418
34,DB5,P28,DB5_P28_T07_l_comf_relabeled,L,primary,wf2_featurewise,4,DB5,DB5,True,0.9999997615814209
36,DB4,P47,DB4_P47_T10_relabeled,R,primary,wf2_featurewise,4,DB4,DB4,True,0.999998927116394
52,DB4,P46,DB4_P46_T13_relabeled,R,primary,wf2_featurewise,4,DB4,DB4,True,0.9999951124191284
53,DB5,P26,DB5_P26_T05_l_comf_relabeled,L,primary,wf2_featurewise,4,DB5,DB5,True,0.9999996423721313
55,DB4,P45,DB4_P45_T11_relabeled,R,primary,wf2_featurewise,4,DB4,DB4,True,0.9999938011169434
57,DB4,P42,DB4_P42_T06_relabeled,R,primary,wf2_featurewise,4,DB4,DB4,True,0.9999992847442627
59,DB4,P47,DB4_P47_T21_relabeled,R,primary,wf2_featurewise,4,DB4,DB4,True,0.9999915361404419
61,DB4,P46,DB4_P46_T21_relabeled,R,primary,wf2_featurewise,4,DB4,DB4,True,0.9999936819076538
70,DB5,P29,DB5_P29_T18_r_comf_relabeled,L,primary,wf2_featurewise,4,DB5,DB5,True,0.9999983310699463
71,DB5,P23,DB5_P23_T16_r_comf_relabeled,L,primary,wf2_featurewise,4,DB5,DB5,True,0.9999986886978149
78,DB1,P06,DB1_P06_C3_T01_relabeled,R,primary,wf2_featurewise,4,DB1,DB1,True,0.9998728036880493
85,DB4,P42,DB4_P42_T10_relabeled,R,primary,wf2_featurewise,4,DB4,DB4,True,0.999998927116394
87,DB5,P26,DB5_P26_T16_r_comf_relabeled,L,primary,wf2_featurewise,4,DB5,DB5,True,0.9999990463256836
90,DB4,P04,DB4_P04_T18_relabeled,R,primary,wf2_featurewise,4,DB4,DB4,True,0.9999966621398926
92,DB5,P23,DB5_P23_T30_l_slow_relabeled,L,primary,wf2_featurewise,4,DB5,DB5,True,0.9999994039535522
115,DB3,P19,DB3_P19_A_T01,L,primary,wf2_featurewise,4,DB3,DB3,True,0.9999712705612183
117,DB5,P28,DB5_P28_T29_l_slow_relabeled,L,primary,wf2_featurewise,4,DB5,DB5,True,0.9999997615814209
118,DB3,P19,DB3_P19_A_T13,L,primary,wf2_featurewise,4,DB3,DB3,True,0.9999858140945435
120,DB5,P26,DB5_P26_T04_l_comf_relabeled,L,primary,wf2_featurewise,4,DB5,DB5,True,0.9999995231628418
123,DB5,P28,DB5_P28_T08_l_comf_relabeled,L,primary,wf2_featurewise,4,DB5,DB5,True,0.9999998807907104
124,DB5,P23,DB5_P23_T02_l_comf_relabeled,L,primary,wf2_featurewise,4,DB5,DB5,True,0.9999997615814209
125,DB4,P47,DB4_P47_T13_relabeled,R,primary,wf2_featurewise,4,DB4,DB4,True,0.9999985694885254
136,DB5,P29,DB5_P29_T13_r_comf_relabeled,L,primary,wf2_featurewise,4,DB5,DB5,True,0.9999997615814209
137,DB4,P19,DB4_P19_T19_relabeled,R,primary,wf2_featurewise,4,DB4,DB4,True,0.9999942779541016
141,DB5,P23,DB5_P23_T04_l_comf_relabeled,L,primary,wf2_featurewise,4,DB5,DB5,True,0.9999995231628418
145,DB3,P19,DB3_P19_A_T09,L,primary,wf2_featurewise,4,DB3,DB3,True,0.9999597072601318
149,DB2,P12,DB2_P12_T01_65_relabeled,L,primary,wf2_featurewise,4,DB2,DB2,True,0.9998587369918823
150,DB5,P28,DB5_P28_T02_l_comf_relabeled,L,primary,wf2_featurewise,4,DB5,DB5,True,0.9999998807907104
152,DB4,P04,DB4_P04_T13_relabeled,R,primary,wf2_featurewise,4,DB4,DB4,True,0.9999992847442627
154,DB1,P05,DB1_P05_C3_T03_relabeled,L,primary,wf2_featurewise,4,DB1,DB1,True,0.9999994039535522
159,DB4,P53,DB4_P53_T16_relabeled,R,primary,wf2_featurewise,4,DB4,DB4,True,0.9999984502792358
168,DB5,P26,DB5_P26_T28_l_slow_relabeled,L,primary,wf2_featurewise,4,DB5,DB5,True,0.9999613761901855
170,DB2,P12,DB2_P12_T04_130_relabeled,L,primary,wf2_featurewise,4,DB2,DB2,True,0.999925971031189
175,DB4,P08,DB4_P08_T06_relabeled,R,primary,wf2_featurewise,4,DB4,DB4,True,0.9999985694885254
178,DB4,P45,DB4_P45_T21_relabeled,R,primary,wf2_featurewise,4,DB4,DB4,True,0.9999977350234985
179,DB2,P12,DB2_P12_T04_250_relabeled,L,primary,wf2_featurewise,4,DB2,DB2,True,0.9999194145202637
181,DB4,P08,DB4_P08_T18_relabeled,R,primary,wf2_featurewise,4,DB4,DB4,True,0.9993231296539307
186,DB5,P23,DB5_P23_T35_r_slow_relabeled,L,primary,wf2_featurewise,4,DB5,DB5,True,0.9999991655349731
187,DB2,P01,DB2_P01_T01_p_relabeled,L,primary,wf2_featurewise,4,DB2,DB2,True,0.9999727010726929
189,DB4,P53,DB4_P53_T08_relabeled,R,primary,wf2_featurewise,4,DB4,DB4,True,0.9999988079071045
200,DB5,P29,DB5_P29_T09_l_comf_relabeled,L,primary,wf2_featurewise,4,DB5,DB5,True,0.9999996423721313
201,DB1,P49,DB1_P49_C3_T04_relabeled,L,primary,wf2_featurewise,4,DB1,DB1,True,0.9999033212661743
211,DB5,P23,DB5_P23_T25_l_slow_relabeled,L,primary,wf2_featurewise,4,DB5,DB5,True,0.9999998807907104
215,DB5,P23,DB5_P23_T05_l_comf_relabeled,L,primary,wf2_featurewise,4,DB5,DB5,True,0.9999997615814209
221,DB5,P28,DB5_P28_T28_l_slow_relabeled,L,primary,wf2_featurewise,4,DB5,DB5,True,1.0
224,DB4,P04,DB4_P04_T02_relabeled,R,primary,wf2_featurewise,4,DB4,DB4,True,0.9999982118606567
225,DB1,P17,DB1_P17_C2_T05_relabeled,L,primary,wf2_featurewise,4,DB1,DB1,True,0.9999972581863403
229,DB2,P12,DB2_P12_T03_250_relabeled,L,primary,wf2_featurewise,4,DB2,DB2,True,0.9999195337295532
232,DB2,P12,DB2_P12_T02_130_relabeled,L,primary,wf2_featurewise,4,DB2,DB2,True,0.999806821346283
233,DB2,P12,DB2_P12_T02_-130_relabeled,L,primary,wf2_featurewise,4,DB2,DB2,True,0.999739944934845
236,DB1,P49,DB1_P49_C3_T03_relabeled,L,primary,wf2_featurewise,4,DB1,DB1,True,0.9997120499610901
237,DB5,P23,DB5_P23_T14_r_comf_relabeled,L,primary,wf2_featurewise,4,DB5,DB5,True,0.9999995231628418
240,DB3,P10,DB3_P10_A_T04,L,primary,wf2_featurewise,4,DB3,DB3,True,0.9999991655349731
241,DB5,P26,DB5_P26_T06_l_comf_relabeled,L,primary,wf2_featurewise,4,DB5,DB5,True,0.9999996423721313
255,DB1,P17,DB1_P17_C2_T03_relabeled,L,primary,wf2_featurewise,4,DB1,DB1,True,0.9999840259552002
259,DB3,P16,DB3_P16_A_T02_relabeled,L,primary,wf2_featurewise,4,DB3,DB3,True,0.9999970197677612
260,DB4,P19,DB4_P19_T03_relabeled,R,primary,wf2_featurewise,4,DB4,DB4,True,0.999969482421875
262,DB1,P06,DB1_P06_C3_T02_relabeled,L,primary,wf2_featurewise,4,DB1,DB1,True,0.9999964237213135
264,DB4,P47,DB4_P47_T18_relabeled,R,primary,wf2_featurewise,4,DB4,DB4,True,0.9999971389770508
267,DB5,P23,DB5_P23_T03_l_comf_relabeled,L,primary,wf2_featurewise,4,DB5,DB5,True,0.9999997615814209
277,DB2,P12,DB2_P12_T01_p_relabeled,L,primary,wf2_featurewise,4,DB2,DB2,True,0.9999560117721558
279,DB3,P18,DB3_P18_A_T03,L,primary,wf2_featurewise,4,DB3,DB3,True,0.9999692440032959
280,DB4,P47,DB4_P47_T14_relabeled,R,primary,wf2_featurewise,4,DB4,DB4,True,0.9999921321868896
283,DB3,P18,DB3_P18_A_T01,L,primary,wf2_featurewise,4,DB3,DB3,True,0.9999797344207764
286,DB4,P42,DB4_P42_T05_relabeled,R,primary,wf2_featurewise,4,DB4,DB4,True,0.9999998807907104
287,DB2,P01,DB2_P01_T11_p_relabeled,L,primary,wf2_featurewise,4,DB2,DB2,True,0.9999943971633911
290,DB4,P53,DB4_P53_T11_relabeled,R,primary,wf2_featurewise,4,DB4,DB4,True,0.9999996423721313
296,DB5,P26,DB5_P26_T36_r_slow_relabeled,L,primary,wf2_featurewise,4,DB5,DB5,True,0.9999994039535522
305,DB5,P29,DB5_P29_T10_l_comf_relabeled,L,primary,wf2_featurewise,4,DB5,DB5,True,0.9999969005584717
309,DB5,P28,DB5_P28_T20_r_comf_relabeled,L,primary,wf2_featurewise,4,DB5,DB5,True,0.9999996423721313
326,DB2,P12,DB2_P12_T04_-65_relabeled,L,primary,wf2_featurewise,4,DB2,DB2,True,0.9999070167541504
328,DB5,P29,DB5_P29_T24_l_slow_relabeled,L,primary,wf2_featurewise,4,DB5,DB5,True,0.9568493962287903
335,DB3,P19,DB3_P19_A_T15,L,primary,wf2_featurewise,4,DB3,DB3,True,0.9999840259552002
338,DB4,P19,DB4_P19_T18_relabeled,R,primary,wf2_featurewise,4,DB4,DB4,True,0.9999914169311523
356,DB4,P04,DB4_P04_T12_relabeled,R,primary,wf2_featurewise,4,DB4,DB4,True,0.9999927282333374
361,DB3,P19,DB3_P19_A_T19,R,primary,wf2_featurewise,4,DB3,DB3,True,0.9999972581863403
362,DB4,P19,DB4_P19_T02_relabeled,R,primary,wf2_featurewise,4,DB4,DB4,True,0.9999854564666748
363,DB4,P46,DB4_P46_T05_relabeled,R,primary,wf2_featurewise,4,DB4,DB4,True,0.9999983310699463
366,DB2,P12,DB2_P12_T05_65_relabeled,L,primary,wf2_featurewise,4,DB2,DB2,True,0.9997857213020325
369,DB5,P28,DB5_P28_T39_r_slow_relabeled,L,primary,wf2_featurewise,4,DB5,DB5,True,0.9999995231628418
377,DB3,P18,DB3_P18_A_T14,L,primary,wf2_featurewise,4,DB3,DB3,True,0.999901533126831
382,DB5,P26,DB5_P26_T02_l_comf_relabeled,L,primary,wf2_featurewise,4,DB5,DB5,True,0.9999994039535522
390,DB2,P01,DB2_P01_T09_-130_relabeled,L,primary,wf2_featurewise,4,DB2,DB2,True,0.9999874830245972
421,DB3,P19,DB3_P19_A_T02,L,primary,wf2_featurewise,4,DB3,DB3,True,0.999984860420227
422,DB2,P01,DB2_P01_T07_-130_relabeled,L,primary,wf2_featurewise,4,DB2,DB2,True,0.9998476505279541
424,DB2,P01,DB2_P01_T01_130_relabeled,L,primary,wf2_featurewise,4,DB2,DB2,True,0.9999500513076782
429,DB5,P26,DB5_P26_T08_l_comf_relabeled,L,primary,wf2_featurewise,4,DB5,DB5,True,0.9999996423721313
435,DB4,P45,DB4_P45_T22_relabeled,R,primary,wf2_featurewise,4,DB4,DB4,True,0.9999904632568359
438,DB2,P12,DB2_P12_T05_-65_relabeled,L,primary,wf2_featurewise,4,DB2,DB2,True,0.9998492002487183
444,DB2,P01,DB2_P01_T02_250_relabeled,L,primary,wf2_featurewise,4,DB2,DB2,True,0.9999570846557617
465,DB3,P18,DB3_P18_A_T13,L,primary,wf2_featurewise,4,DB3,DB3,True,0.999997615814209
474,DB5,P23,DB5_P23_T17_r_comf_relabeled,L,primary,wf2_featurewise,4,DB5,DB5,True,0.9999995231628418
476,DB4,P45,DB4_P45_T04_relabeled,R,primary,wf2_featurewise,4,DB4,DB4,True,0.999997615814209
477,DB4,P46,DB4_P46_T17_relabeled,R,primary,wf2_featurewise,4,DB4,DB4,True,0.9999276399612427
481,DB5,P28,DB5_P28_T40_r_slow_relabeled,L,primary,wf2_featurewise,4,DB5,DB5,True,0.9999995231628418
482,DB5,P23,DB5_P23_T37_r_slow_relabeled,L,primary,wf2_featurewise,4,DB5,DB5,True,0.999998927116394
497,DB2,P12,DB2_P12_T02_-65_relabeled,L,primary,wf2_featurewise,4,DB2,DB2,True,0.9993102550506592
504,DB3,P10,DB3_P10_A_T06,L,primary,wf2_featurewise,4,DB3,DB3,True,0.9999909400939941
505,DB5,P29,DB5_P29_T03_l_comf_relabeled,L,primary,wf2_featurewise,4,DB5,DB5,True,0.9999992847442627
508,DB5,P28,DB5_P28_T11_r_comf_relabeled,L,primary,wf2_featurewise,4,DB5,DB5,True,0.9999998807907104
509,DB3,P16,DB3_P16_A_T09_relabeled,R,primary,wf2_featurewise,4,DB3,DB3,True,0.9930857419967651
514,DB3,P16,DB3_P16_A_T05_relabeled,L,primary,wf2_featurewise,4,DB3,DB3,True,0.9999929666519165
519,DB4,P47,DB4_P47_T06_relabeled,R,primary,wf2_featurewise,4,DB4,DB4,True,0.9999973773956299
526,DB5,P29,DB5_P29_T12_r_comf_relabeled,L,primary,wf2_featurewise,4,DB5,DB5,True,0.9999984502792358
528,DB5,P23,DB5_P23_T28_l_slow_relabeled,L,primary,wf2_featurewise,4,DB5,DB5,True,0.9999998807907104
541,DB1,P47,DB1_P47_C2_T02_relabeled,L,primary,wf2_featurewise,4,DB1,DB1,True,0.9999986886978149
542,DB4,P08,DB4_P08_T11_relabeled,R,primary,wf2_featurewise,4,DB4,DB4,True,0.9999954700469971
551,DB4,P19,DB4_P19_T08_relabeled,R,primary,wf2_featurewise,4,DB4,DB4,True,0.9999912977218628
572,DB5,P23,DB5_P23_T29_l_slow_relabeled,L,primary,wf2_featurewise,4,DB5,DB5,True,0.9999998807907104
573,DB2,P12,DB2_P12_T03_-130_relabeled,L,primary,wf2_featurewise,4,DB2,DB2,True,0.9999673366546631
577,DB5,P26,DB5_P26_T01_l_comf_relabeled,L,primary,wf2_featurewise,4,DB5,DB5,True,0.9999991655349731
585,DB2,P12,DB2_P12_T03_p_relabeled,L,primary,wf2_featurewise,4,DB2,DB2,True,0.9998239874839783
589,DB5,P28,DB5_P28_T05_l_comf_relabeled,L,primary,wf2_featurewise,4,DB5,DB5,True,0.9999983310699463
617,DB5,P29,DB5_P29_T08_l_comf_relabeled,L,primary,wf2_featurewise,4,DB5,DB5,True,0.9999986886978149
620,DB5,P23,DB5_P23_T13_r_comf_relabeled,L,primary,wf2_featurewise,4,DB5,DB5,True,0.9999977350234985
625,DB5,P23,DB5_P23_T01_l_comf_relabeled,L,primary,wf2_featurewise,4,DB5,DB5,True,0.9999988079071045
626,DB4,P42,DB4_P42_T19_relabeled,R,primary,wf2_featurewise,4,DB4,DB4,True,0.9999988079071045
631,DB4,P42,DB4_P42_T12_relabeled,R,primary,wf2_featurewise,4,DB4,DB4,True,0.9999974966049194
632,DB5,P29,DB5_P29_T15_r_comf_relabeled,L,primary,wf2_featurewise,4,DB5,DB5,True,0.9999980926513672
633,DB4,P45,DB4_P45_T02_relabeled,R,primary,wf2_featurewise,4,DB4,DB4,True,0.9999983310699463
634,DB2,P01,DB2_P01_T04_250_relabeled,L,primary,wf2_featurewise,4,DB2,DB2,True,0.9989252686500549
636,DB4,P19,DB4_P19_T05_relabeled,R,primary,wf2_featurewise,4,DB4,DB4,True,0.9999703168869019
648,DB2,P01,DB2_P01_T02_130_relabeled,L,primary,wf2_featurewise,4,DB2,DB2,True,0.9999722242355347
650,DB3,P19,DB3_P19_A_T11,L,primary,wf2_featurewise,4,DB3,DB3,True,0.9999480247497559
652,DB1,P05,DB1_P05_C2_T01_relabeled,L,primary,wf2_featurewise,4,DB1,DB1,True,1.0
658,DB5,P29,DB5_P29_T16_r_comf_relabeled,L,primary,wf2_featurewise,4,DB5,DB5,True,0.9999994039535522
660,DB1,P06,DB1_P06_C3_T05_relabeled,L,primary,wf2_featurewise,4,DB1,DB1,True,0.9999997615814209
666,DB3,P16,DB3_P16_A_T08_relabeled,R,primary,wf2_featurewise,4,DB3,DB3,True,0.999954104423523
672,DB1,P47,DB1_P47_C2_T01_relabeled,L,primary,wf2_featurewise,4,DB1,DB1,True,0.9998824596405029
673,DB2,P12,DB2_P12_T03_130_relabeled,L,primary,wf2_featurewise,4,DB2,DB2,True,0.9999511241912842
681,DB5,P29,DB5_P29_T01_l_comf_relabeled,L,primary,wf2_featurewise,4,DB5,DB5,True,0.9999991655349731
682,DB4,P49,DB4_P49_T10_relabeled,R,primary,wf2_featurewise,4,DB4,DB4,True,0.9999814033508301
684,DB3,P10,DB3_P10_A_T09,R,primary,wf2_featurewise,4,DB3,DB3,True,0.9999970197677612
685,DB2,P01,DB2_P01_T05_-65_relabeled,L,primary,wf2_featurewise,4,DB2,DB2,True,0.9999810457229614
686,DB5,P28,DB5_P28_T15_r_comf_relabeled,L,primary,wf2_featurewise,4,DB5,DB5,True,0.9999995231628418
687,DB5,P23,DB5_P23_T27_l_slow_relabeled,L,primary,wf2_featurewise,4,DB5,DB5,True,0.9999998807907104
694,DB5,P28,DB5_P28_T22_l_slow_relabeled,L,primary,wf2_featurewise,4,DB5,DB5,True,0.9999998807907104
711,DB2,P12,DB2_P12_T05_-130_relabeled,L,primary,wf2_featurewise,4,DB2,DB2,True,0.9993879795074463
714,DB2,P01,DB2_P01_T06_p_relabeled,L,primary,wf2_featurewise,4,DB2,DB2,True,0.9977746605873108
720,DB5,P23,DB5_P23_T23_l_slow_relabeled,L,primary,wf2_featurewise,4,DB5,DB5,True,0.9999995231628418
725,DB5,P28,DB5_P28_T03_l_comf_relabeled,L,primary,wf2_featurewise,4,DB5,DB5,True,0.9999998807907104
730,DB4,P45,DB4_P45_T03_relabeled,R,primary,wf2_featurewise,4,DB4,DB4,True,0.9999895095825195
732,DB2,P12,DB2_P12_T02_250_relabeled,L,primary,wf2_featurewise,4,DB2,DB2,True,0.9919232726097107
746,DB4,P08,DB4_P08_T08_relabeled,R,primary,wf2_featurewise,4,DB4,DB4,True,0.999895453453064
747,DB4,P53,DB4_P53_T09_relabeled,R,primary,wf2_featurewise,4,DB4,DB4,True,0.9999978542327881
750,DB1,P02,DB1_P02_C3_T01_relabeled,L,primary,wf2_featurewise,4,DB1,DB1,True,0.9999874830245972
760,DB4,P47,DB4_P47_T15_relabeled,R,primary,wf2_featurewise,4,DB4,DB4,True,0.9999994039535522
762,DB4,P42,DB4_P42_T21_relabeled,R,primary,wf2_featurewise,4,DB4,DB4,True,0.999995231628418
763,DB4,P46,DB4_P46_T08_relabeled,R,primary,wf2_featurewise,4,DB4,DB4,True,0.9999874830245972
764,DB4,P19,DB4_P19_T13_relabeled,L,primary,wf2_featurewise,4,DB4,DB4,True,0.9999830722808838
765,DB5,P26,DB5_P26_T15_r_comf_relabeled,L,primary,wf2_featurewise,4,DB5,DB5,True,0.9999997615814209
766,DB4,P45,DB4_P45_T15_relabeled,R,primary,wf2_featurewise,4,DB4,DB4,True,0.9999991655349731
770,DB5,P28,DB5_P28_T24_l_slow_relabeled,L,primary,wf2_featurewise,4,DB5,DB5,True,0.9999997615814209
783,DB5,P28,DB5_P28_T25_l_slow_relabeled,L,primary,wf2_featurewise,4,DB5,DB5,True,0.9999998807907104
795,DB2,P01,DB2_P01_T04_65_relabeled,L,primary,wf2_featurewise,4,DB2,DB2,True,0.9999840259552002
797,DB3,P18,DB3_P18_A_T08,R,primary,wf2_featurewise,4,DB3,DB3,True,0.999809205532074
821,DB5,P26,DB5_P26_T19_r_comf_relabeled,L,primary,wf2_featurewise,4,DB5,DB5,True,0.9999998807907104
827,DB5,P23,DB5_P23_T38_r_slow_relabeled,L,primary,wf2_featurewise,4,DB5,DB5,True,0.9999994039535522
832,DB4,P45,DB4_P45_T17_relabeled,R,primary,wf2_featurewise,4,DB4,DB4,True,0.9999916553497314
834,DB5,P26,DB5_P26_T35_r_slow_relabeled,L,primary,wf2_featurewise,4,DB5,DB5,True,0.9999786615371704
837,DB2,P12,DB2_P12_T01_130_relabeled,L,primary,wf2_featurewise,4,DB2,DB2,True,0.9997677206993103
838,DB5,P28,DB5_P28_T06_l_comf_relabeled,L,primary,wf2_featurewise,4,DB5,DB5,True,0.9999997615814209
841,DB5,P26,DB5_P26_T18_r_comf_relabeled,L,primary,wf2_featurewise,4,DB5,DB5,True,0.9999998807907104
847,DB2,P12,DB2_P12_T05_p_relabeled,L,primary,wf2_featurewise,4,DB2,DB2,True,0.9997875094413757
849,DB4,P46,DB4_P46_T16_relabeled,R,primary,wf2_featurewise,4,DB4,DB4,True,0.9999959468841553
855,DB5,P23,DB5_P23_T40_r_slow_relabeled,L,primary,wf2_featurewise,4,DB5,DB5,True,0.9999994039535522
867,DB2,P01,DB2_P01_T01_250_relabeled,L,primary,wf2_featurewise,4,DB2,DB2,True,0.9999743700027466
868,DB4,P04,DB4_P04_T11_relabeled,R,primary,wf2_featurewise,4,DB4,DB4,True,0.9999980926513672
875,DB4,P19,DB4_P19_T11_relabeled,L,primary,wf2_featurewise,4,DB4,DB4,True,0.9997101426124573
878,DB5,P23,DB5_P23_T21_l_slow_relabeled,L,primary,wf2_featurewise,4,DB5,DB5,True,1.0
883,DB4,P47,DB4_P47_T17_relabeled,R,primary,wf2_featurewise,4,DB4,DB4,True,0.9999994039535522
884,DB3,P16,DB3_P16_A_T06_relabeled,L,primary,wf2_featurewise,4,DB3,DB3,True,0.9999853372573853
897,DB4,P53,DB4_P53_T02_relabeled,R,primary,wf2_featurewise,4,DB4,DB4,True,0.9999978542327881
898,DB4,P45,DB4_P45_T14_relabeled,R,primary,wf2_featurewise,4,DB4,DB4,True,0.9999948740005493
899,DB1,P06,DB1_P06_C1_T04_relabeled,L,primary,wf2_featurewise,4,DB1,DB1,True,0.9999610185623169
901,DB4,P08,DB4_P08_T14_relabeled,R,primary,wf2_featurewise,4,DB4,DB4,True,0.9999920129776001
906,DB3,P10,DB3_P10_A_T15,R,primary,wf2_featurewise,4,DB3,DB3,True,0.9999825954437256
909,DB4,P46,DB4_P46_T20_relabeled,R,primary,wf2_featurewise,4,DB4,DB4,True,0.9999970197677612
930,DB5,P28,DB5_P28_T17_r_comf_relabeled,L,primary,wf2_featurewise,4,DB5,DB5,True,0.9999997615814209
935,DB4,P42,DB4_P42_T18_relabeled,R,primary,wf2_featurewise,4,DB4,DB4,True,0.9999996423721313
938,DB5,P23,DB5_P23_T10_l_comf_relabeled,L,primary,wf2_featurewise,4,DB5,DB5,True,0.9999995231628418
939,DB3,P18,DB3_P18_A_T11,R,primary,wf2_featurewise,4,DB3,DB3,True,0.9999716281890869
941,DB5,P28,DB5_P28_T32_r_slow_relabeled,L,primary,wf2_featurewise,4,DB5,DB5,True,0.9999988079071045
944,DB5,P23,DB5_P23_T39_r_slow_relabeled,L,primary,wf2_featurewise,4,DB5,DB5,True,0.9999961853027344
945,DB2,P12,DB2_P12_T07_-130_relabeled,L,primary,wf2_featurewise,4,DB2,DB2,True,0.9999067783355713
958,DB3,P19,DB3_P19_A_T20,R,primary,wf2_featurewise,4,DB3,DB3,True,0.9999924898147583
959,DB5,P28,DB5_P28_T26_l_slow_relabeled,L,primary,wf2_featurewise,4,DB5,DB5,True,0.9999998807907104
960,DB2,P12,DB2_P12_T04_65_relabeled,L,primary,wf2_featurewise,4,DB2,DB2,True,0.9993150234222412
964,DB4,P47,DB4_P47_T09_relabeled,R,primary,wf2_featurewise,4,DB4,DB4,True,0.9999984502792358
969,DB4,P49,DB4_P49_T13_relabeled,R,primary,wf2_featurewise,4,DB4,DB4,True,0.9999994039535522
974,DB3,P18,DB3_P18_A_T09,R,primary,wf2_featurewise,4,DB3,DB3,True,0.99998939037323
975,DB1,P06,DB1_P06_C1_T01_relabeled,L,primary,wf2_featurewise,4,DB1,DB1,True,0.9997465014457703
982,DB4,P45,DB4_P45_T09_relabeled,R,primary,wf2_featurewise,4,DB4,DB4,True,0.9999973773956299
994,DB5,P26,DB5_P26_T03_l_comf_relabeled,L,primary,wf2_featurewise,4,DB5,DB5,True,0.9999996423721313
997,DB4,P45,DB4_P45_T19_relabeled,R,primary,wf2_featurewise,4,DB4,DB4,True,0.9999963045120239
1002,DB2,P12,DB2_P12_T03_65_relabeled,L,primary,wf2_featurewise,4,DB2,DB2,True,0.9999028444290161
1004,DB4,P47,DB4_P47_T07_relabeled,R,primary,wf2_featurewise,4,DB4,DB4,True,0.9999974966049194
1013,DB2,P12,DB2_P12_T04_-130_relabeled,L,primary,wf2_featurewise,4,DB2,DB2,True,0.9994673132896423
1014,DB5,P28,DB5_P28_T35_r_slow_relabeled,L,primary,wf2_featurewise,4,DB5,DB5,True,0.9999991655349731
1016,DB1,P17,DB1_P17_C2_T04_relabeled,L,primary,wf2_featurewise,4,DB1,DB1,True,0.9999986886978149
1018,DB1,P06,DB1_P06_C2_T02_relabeled,L,primary,wf2_featurewise,4,DB1,DB1,True,0.9999994039535522
1021,DB5,P23,DB5_P23_T18_r_comf_relabeled,L,primary,wf2_featurewise,4,DB5,DB5,True,0.9999991655349731
1025,DB4,P08,DB4_P08_T22_relabeled,R,primary,wf2_featurewise,4,DB4,DB4,True,0.9999994039535522
1033,DB2,P12,DB2_P12_T01_250_relabeled,L,primary,wf2_featurewise,4,DB2,DB2,True,0.9999063014984131
1036,DB5,P23,DB5_P23_T11_r_comf_relabeled,L,primary,wf2_featurewise,4,DB5,DB5,True,0.999990701675415
1043,DB4,P04,DB4_P04_T03_relabeled,R,primary,wf2_featurewise,4,DB4,DB4,True,0.99998939037323
1046,DB5,P28,DB5_P28_T37_r_slow_relabeled,L,primary,wf2_featurewise,4,DB5,DB5,True,0.9999986886978149
1048,DB4,P49,DB4_P49_T19_relabeled,R,primary,wf2_featurewise,4,DB4,DB4,True,0.9999914169311523
1056,DB2,P12,DB2_P12_T03_-65_relabeled,L,primary,wf2_featurewise,4,DB2,DB2,True,0.9991968274116516
1057,DB5,P28,DB5_P28_T38_r_slow_relabeled,L,primary,wf2_featurewise,4,DB5,DB5,True,0.999998927116394
1058,DB4,P47,DB4_P47_T08_relabeled,R,primary,wf2_featurewise,4,DB4,DB4,True,0.9999992847442627
1068,DB4,P45,DB4_P45_T10_relabeled,R,primary,wf2_featurewise,4,DB4,DB4,True,0.9999949932098389
1070,DB2,P01,DB2_P01_T08_-130_relabeled,L,primary,wf2_featurewise,4,DB2,DB2,True,0.999886155128479
1083,DB4,P45,DB4_P45_T23_relabeled,R,primary,wf2_featurewise,4,DB4,DB4,True,0.9999890327453613
1087,DB5,P28,DB5_P28_T36_r_slow_relabeled,L,primary,wf2_featurewise,4,DB5,DB5,True,0.9999997615814209
1092,DB1,P17,DB1_P17_C2_T01_relabeled,L,primary,wf2_featurewise,4,DB1,DB1,True,0.9999284744262695
1093,DB5,P28,DB5_P28_T18_r_comf_relabeled,L,primary,wf2_featurewise,4,DB5,DB5,True,0.9999988079071045
1111,DB5,P29,DB5_P29_T17_r_comf_relabeled,L,primary,wf2_featurewise,4,DB5,DB5,True,0.9999943971633911
1117,DB4,P08,DB4_P08_T20_relabeled,R,primary,wf2_featurewise,4,DB4,DB4,True,0.9999020099639893
1118,DB4,P53,DB4_P53_T06_relabeled,R,primary,wf2_featurewise,4,DB4,DB4,True,0.9999980926513672
1122,DB4,P46,DB4_P46_T14_relabeled,R,primary,wf2_featurewise,4,DB4,DB4,True,0.9999817609786987
1123,DB4,P47,DB4_P47_T03_relabeled,R,primary,wf2_featurewise,4,DB4,DB4,True,0.9999994039535522
1147,DB4,P45,DB4_P45_T20_relabeled,R,primary,wf2_featurewise,4,DB4,DB4,True,0.9999936819076538
1148,DB2,P12,DB2_P12_T05_250_relabeled,L,primary,wf2_featurewise,4,DB2,DB2,True,0.9999148845672607
1150,DB4,P49,DB4_P49_T08_relabeled,R,primary,wf2_featurewise,4,DB4,DB4,True,0.9999920129776001
1151,DB5,P23,DB5_P23_T12_r_comf_relabeled,L,primary,wf2_featurewise,4,DB5,DB5,True,0.9999923706054688
1154,DB4,P53,DB4_P53_T14_relabeled,R,primary,wf2_featurewise,4,DB4,DB4,True,0.9999935626983643
1155,DB1,P02,DB1_P02_C2_T03_relabeled,L,primary,wf2_featurewise,4,DB1,DB1,True,0.9999977350234985
1168,DB3,P10,DB3_P10_A_T13,R,primary,wf2_featurewise,4,DB3,DB3,True,0.9999969005584717
1170,DB5,P23,DB5_P23_T34_r_slow_relabeled,L,primary,wf2_featurewise,4,DB5,DB5,True,0.9999958276748657
1171,DB4,P19,DB4_P19_T12_relabeled,R,primary,wf2_featurewise,4,DB4,DB4,True,0.9999557733535767
1177,DB4,P49,DB4_P49_T11_relabeled,R,primary,wf2_featurewise,4,DB4,DB4,True,0.9999959468841553
1178,DB4,P42,DB4_P42_T16_relabeled,R,primary,wf2_featurewise,4,DB4,DB4,True,0.9999977350234985
1179,DB2,P12,DB2_P12_T05_130_relabeled,L,primary,wf2_featurewise,4,DB2,DB2,True,0.9998902082443237
1182,DB2,P12,DB2_P12_T02_p_relabeled,L,primary,wf2_featurewise,4,DB2,DB2,True,0.9995326995849609
1186,DB4,P42,DB4_P42_T20_relabeled,R,primary,wf2_featurewise,4,DB4,DB4,True,0.9999899864196777
1195,DB1,P17,DB1_P17_C3_T04_relabeled,L,primary,wf2_featurewise,4,DB1,DB1,True,0.9999986886978149
1203,DB4,P49,DB4_P49_T04_relabeled,R,primary,wf2_featurewise,4,DB4,DB4,True,0.9999995231628418
1207,DB3,P10,DB3_P10_A_T16,R,primary,wf2_featurewise,4,DB3,DB3,True,0.999998927116394
1211,DB4,P42,DB4_P42_T07_relabeled,R,primary,wf2_featurewise,4,DB4,DB4,True,0.9999992847442627
1214,DB5,P26,DB5_P26_T26_l_slow_relabeled,L,primary,wf2_featurewise,4,DB5,DB5,True,0.9999854564666748
1216,DB5,P29,DB5_P29_T02_l_comf_relabeled,L,primary,wf2_featurewise,4,DB5,DB5,True,0.999998927116394
1218,DB4,P04,DB4_P04_T14_relabeled,R,primary,wf2_featurewise,4,DB4,DB4,True,0.9998700618743896
1219,DB2,P01,DB2_P01_T01_65_relabeled,L,primary,wf2_featurewise,4,DB2,DB2,True,0.9999634027481079
1220,DB4,P49,DB4_P49_T16_relabeled,R,primary,wf2_featurewise,4,DB4,DB4,True,0.9999958276748657
1222,DB4,P08,DB4_P08_T13_relabeled,R,primary,wf2_featurewise,4,DB4,DB4,True,0.9999910593032837
1225,DB4,P53,DB4_P53_T12_relabeled,R,primary,wf2_featurewise,4,DB4,DB4,True,0.9999982118606567
1226,DB4,P19,DB4_P19_T20_relabeled,R,primary,wf2_featurewise,4,DB4,DB4,True,0.9999979734420776
1228,DB4,P46,DB4_P46_T04_relabeled,R,primary,wf2_featurewise,4,DB4,DB4,True,0.9999936819076538
1231,DB5,P28,DB5_P28_T19_r_comf_relabeled,L,primary,wf2_featurewise,4,DB5,DB5,True,1.0
1232,DB3,P10,DB3_P10_A_T08,L,primary,wf2_featurewise,4,DB3,DB3,True,0.9984099864959717
1235,DB1,P06,DB1_P06_C2_T03_relabeled,L,primary,wf2_featurewise,4,DB1,DB1,True,0.9999957084655762
1238,DB5,P23,DB5_P23_T06_l_comf_relabeled,L,primary,wf2_featurewise,4,DB5,DB5,True,0.9999995231628418
1240,DB2,P01,DB2_P01_T01_-65_relabeled,L,primary,wf2_featurewise,4,DB2,DB2,True,0.9999890327453613
1246,DB4,P46,DB4_P46_T10_relabeled,R,primary,wf2_featurewise,4,DB4,DB4,True,0.9999872446060181
1247,DB4,P42,DB4_P42_T17_relabeled,R,primary,wf2_featurewise,4,DB4,DB4,True,0.999975323677063
1248,DB3,P19,DB3_P19_A_T06,R,primary,wf2_featurewise,4,DB3,DB3,True,0.9999768733978271
1253,DB5,P29,DB5_P29_T11_r_comf_relabeled,L,primary,wf2_featurewise,4,DB5,DB5,True,0.9999970197677612
1260,DB4,P53,DB4_P53_T19_relabeled,R,primary,wf2_featurewise,4,DB4,DB4,True,0.9999982118606567
1277,DB4,P08,DB4_P08_T21_relabeled,R,primary,wf2_featurewise,4,DB4,DB4,True,0.9999821186065674
1280,DB1,P17,DB1_P17_C2_T02_relabeled,L,primary,wf2_featurewise,4,DB1,DB1,True,0.999995231628418
1284,DB2,P01,DB2_P01_T02_65_relabeled,L,primary,wf2_featurewise,4,DB2,DB2,True,0.9999877214431763
1291,DB4,P19,DB4_P19_T16_relabeled,R,primary,wf2_featurewise,4,DB4,DB4,True,0.9999916553497314
1293,DB5,P26,DB5_P26_T10_l_comf_relabeled,L,primary,wf2_featurewise,4,DB5,DB5,True,0.9999997615814209
1312,DB4,P46,DB4_P46_T11_relabeled,R,primary,wf2_featurewise,4,DB4,DB4,True,0.999998927116394
1327,DB3,P10,DB3_P10_A_T07,L,primary,wf2_featurewise,4,DB3,DB3,True,0.999994158744812
1330,DB1,P03,DB1_P03_C3_T01_relabeled,L,primary,wf2_featurewise,4,DB1,DB1,True,0.9999994039535522
1338,DB5,P26,DB5_P26_T07_l_comf_relabeled,L,primary,wf2_featurewise,4,DB5,DB5,True,0.9999997615814209
1341,DB1,P49,DB1_P49_C2_T01_relabeled,L,primary,wf2_featurewise,4,DB1,DB1,True,0.9999908208847046
1346,DB5,P26,DB5_P26_T11_r_comf_relabeled,L,primary,wf2_featurewise,4,DB5,DB5,True,1.0
1355,DB4,P53,DB4_P53_T10_relabeled,R,primary,wf2_featurewise,4,DB4,DB4,True,0.9999979734420776
1357,DB5,P29,DB5_P29_T06_l_comf_relabeled,L,primary,wf2_featurewise,4,DB5,DB5,True,0.9999986886978149
1359,DB1,P05,DB1_P05_C3_T02_relabeled,L,primary,wf2_featurewise,4,DB1,DB1,True,0.9999996423721313
1360,DB2,P12,DB2_P12_T02_65_relabeled,L,primary,wf2_featurewise,4,DB2,DB2,True,0.9999563694000244
1372,DB5,P28,DB5_P28_T10_l_comf_relabeled,L,primary,wf2_featurewise,4,DB5,DB5,True,1.0
1376,DB4,P46,DB4_P46_T03_relabeled,R,primary,wf2_featurewise,4,DB4,DB4,True,0.999998927116394
1383,DB4,P46,DB4_P46_T12_relabeled,R,primary,wf2_featurewise,4,DB4,DB4,True,0.9999872446060181
1384,DB5,P29,DB5_P29_T14_r_comf_relabeled,L,primary,wf2_featurewise,4,DB5,DB5,True,0.9999985694885254
1385,DB5,P29,DB5_P29_T20_r_comf_relabeled,L,primary,wf2_featurewise,4,DB5,DB5,True,0.9999997615814209
1387,DB3,P18,DB3_P18_A_T10,R,primary,wf2_featurewise,4,DB3,DB3,True,0.999994158744812
1394,DB3,P16,DB3_P16_A_T07_relabeled,L,primary,wf2_featurewise,4,DB3,DB3,True,0.9999920129776001
1395,DB4,P49,DB4_P49_T05_relabeled,R,primary,wf2_featurewise,4,DB4,DB4,True,0.9999970197677612
1396,DB4,P47,DB4_P47_T16_relabeled,R,primary,wf2_featurewise,4,DB4,DB4,True,0.9999997615814209
1402,DB4,P49,DB4_P49_T18_relabeled,R,primary,wf2_featurewise,4,DB4,DB4,True,0.9999555349349976
1407,DB4,P45,DB4_P45_T12_relabeled,R,primary,wf2_featurewise,4,DB4,DB4,True,0.9999970197677612
1410,DB4,P04,DB4_P04_T20_relabeled,R,primary,wf2_featurewise,4,DB4,DB4,True,0.9999997615814209
1413,DB2,P12,DB2_P12_T04_p_relabeled,L,primary,wf2_featurewise,4,DB2,DB2,True,0.999944806098938
1415,DB4,P04,DB4_P04_T19_relabeled,R,primary,wf2_featurewise,4,DB4,DB4,True,0.999998927116394
1418,DB4,P19,DB4_P19_T09_relabeled,R,primary,wf2_featurewise,4,DB4,DB4,True,0.9999958276748657
1423,DB4,P19,DB4_P19_T22_relabeled,L,primary,wf2_featurewise,4,DB4,DB4,True,0.9999914169311523
1426,DB5,P29,DB5_P29_T25_l_slow_relabeled,L,primary,wf2_featurewise,4,DB5,DB5,True,0.9994951486587524
1432,DB5,P23,DB5_P23_T15_r_comf_relabeled,L,primary,wf2_featurewise,4,DB5,DB5,True,0.9999991655349731
1435,DB4,P45,DB4_P45_T08_relabeled,R,primary,wf2_featurewise,4,DB4,DB4,True,0.999996542930603
1442,DB1,P47,DB1_P47_C3_T03_relabeled,L,primary,wf2_featurewise,4,DB1,DB1,True,0.9999492168426514
1443,DB4,P49,DB4_P49_T15_relabeled,R,primary,wf2_featurewise,4,DB4,DB4,True,0.9999995231628418
1451,DB4,P47,DB4_P47_T12_relabeled,R,primary,wf2_featurewise,4,DB4,DB4,True,0.9999990463256836
1455,DB4,P04,DB4_P04_T17_relabeled,R,primary,wf2_featurewise,4,DB4,DB4,True,0.9999982118606567
1459,DB1,P05,DB1_P05_C2_T02_relabeled,L,primary,wf2_featurewise,4,DB1,DB1,True,0.9999992847442627
1470,DB4,P53,DB4_P53_T03_relabeled,R,primary,wf2_featurewise,4,DB4,DB4,True,0.9999978542327881
1490,DB5,P28,DB5_P28_T31_r_slow_relabeled,L,primary,wf2_featurewise,4,DB5,DB5,True,0.9999996423721313
1493,DB5,P28,DB5_P28_T27_l_slow_relabeled,L,primary,wf2_featurewise,4,DB5,DB5,True,0.9999998807907104
1495,DB4,P49,DB4_P49_T02_relabeled,R,primary,wf2_featurewise,4,DB4,DB4,True,0.9999985694885254
1497,DB5,P28,DB5_P28_T16_r_comf_relabeled,L,primary,wf2_featurewise,4,DB5,DB5,True,0.9999996423721313
1500,DB2,P01,DB2_P01_T05_130_relabeled,L,primary,wf2_featurewise,4,DB2,DB2,True,0.9999747276306152
1502,DB3,P10,DB3_P10_A_T05,L,primary,wf2_featurewise,4,DB3,DB3,True,0.99994957447052
1508,DB5,P29,DB5_P29_T07_l_comf_relabeled,L,primary,wf2_featurewise,4,DB5,DB5,True,0.9999979734420776
1516,DB5,P28,DB5_P28_T34_r_slow_relabeled,L,primary,wf2_featurewise,4,DB5,DB5,True,1.0
1520,DB4,P42,DB4_P42_T02_relabeled,R,primary,wf2_featurewise,4,DB4,DB4,True,0.9999974966049194
1524,DB5,P26,DB5_P26_T13_r_comf_relabeled,L,primary,wf2_featurewise,4,DB5,DB5,True,0.9999997615814209
1529,DB1,P06,DB1_P06_C2_T01_relabeled,L,primary,wf2_featurewise,4,DB1,DB1,True,0.9999994039535522
1532,DB5,P28,DB5_P28_T09_l_comf_relabeled,L,primary,wf2_featurewise,4,DB5,DB5,True,1.0
1541,DB5,P28,DB5_P28_T30_l_slow_relabeled,L,primary,wf2_featurewise,4,DB5,DB5,True,1.0
1543,DB5,P23,DB5_P23_T26_l_slow_relabeled,L,primary,wf2_featurewise,4,DB5,DB5,True,0.9999998807907104
1552,DB5,P23,DB5_P23_T08_l_comf_relabeled,L,primary,wf2_featurewise,4,DB5,DB5,True,0.9999995231628418
1554,DB1,P49,DB1_P49_C2_T04_relabeled,L,primary,wf2_featurewise,4,DB1,DB1,True,0.9999979734420776
1559,DB4,P19,DB4_P19_T24_relabeled,L,primary,wf2_featurewise,4,DB4,DB4,True,0.999994158744812
1562,DB5,P23,DB5_P23_T20_r_comf_relabeled,L,primary,wf2_featurewise,4,DB5,DB5,True,0.999997615814209
1571,DB3,P19,DB3_P19_A_T03,L,primary,wf2_featurewise,4,DB3,DB3,True,0.9999855756759644
1573,DB4,P49,DB4_P49_T09_relabeled,R,primary,wf2_featurewise,4,DB4,DB4,True,0.9999840259552002
1577,DB5,P28,DB5_P28_T04_l_comf_relabeled,L,primary,wf2_featurewise,4,DB5,DB5,True,0.9999998807907104
1579,DB5,P26,DB5_P26_T29_l_slow_relabeled,L,primary,wf2_featurewise,4,DB5,DB5,True,0.9999971389770508
1580,DB4,P47,DB4_P47_T19_relabeled,R,primary,wf2_featurewise,4,DB4,DB4,True,0.9999921321868896
1582,DB1,P02,DB1_P02_C2_T02_relabeled,L,primary,wf2_featurewise,4,DB1,DB1,True,0.9999997615814209
1592,DB5,P26,DB5_P26_T20_r_comf_relabeled,L,primary,wf2_featurewise,4,DB5,DB5,True,0.9999997615814209
1599,DB1,P47,DB1_P47_C3_T05_relabeled,L,primary,wf2_featurewise,4,DB1,DB1,True,0.9985608458518982
1602,DB5,P29,DB5_P29_T05_l_comf_relabeled,L,primary,wf2_featurewise,4,DB5,DB5,True,0.9999973773956299
1603,DB5,P26,DB5_P26_T14_r_comf_relabeled,L,primary,wf2_featurewise,4,DB5,DB5,True,0.9999998807907104
1614,DB5,P26,DB5_P26_T09_l_comf_relabeled,L,primary,wf2_featurewise,4,DB5,DB5,True,0.9999996423721313
1620,DB4,P49,DB4_P49_T14_relabeled,R,primary,wf2_featurewise,4,DB4,DB4,True,0.9999904632568359
1631,DB5,P23,DB5_P23_T09_l_comf_relabeled,L,primary,wf2_featurewise,4,DB5,DB5,True,0.9999997615814209
1634,DB4,P53,DB4_P53_T15_relabeled,R,primary,wf2_featurewise,4,DB4,DB4,True,0.9999967813491821
1640,DB5,P28,DB5_P28_T14_r_comf_relabeled,L,primary,wf2_featurewise,4,DB5,DB5,True,0.9999997615814209
1641,DB5,P26,DB5_P26_T12_r_comf_relabeled,L,primary,wf2_featurewise,4,DB5,DB5,True,0.9999991655349731
1642,DB4,P49,DB4_P49_T22_relabeled,R,primary,wf2_featurewise,4,DB4,DB4,True,0.9999969005584717
1671,DB5,P23,DB5_P23_T19_r_comf_relabeled,L,primary,wf2_featurewise,4,DB5,DB5,True,0.9999996423721313
1673,DB5,P29,DB5_P29_T04_l_comf_relabeled,L,primary,wf2_featurewise,4,DB5,DB5,True,0.9999980926513672
1675,DB4,P04,DB4_P04_T10_relabeled,R,primary,wf2_featurewise,4,DB4,DB4,True,0.9999953508377075
1678,DB4,P08,DB4_P08_T05_relabeled,R,primary,wf2_featurewise,4,DB4,DB4,True,0.9999914169311523
1688,DB5,P28,DB5_P28_T13_r_comf_relabeled,L,primary,wf2_featurewise,4,DB5,DB5,True,0.9999994039535522
1698,DB5,P23,DB5_P23_T33_r_slow_relabeled,L,primary,wf2_featurewise,4,DB5,DB5,True,0.9999995231628418
1700,DB4,P04,DB4_P04_T04_relabeled,R,primary,wf2_featurewise,4,DB4,DB4,True,0.9999974966049194
1702,DB5,P26,DB5_P26_T17_r_comf_relabeled,L,primary,wf2_featurewise,4,DB5,DB5,True,0.9999998807907104
1703,DB3,P16,DB3_P16_A_T03_relabeled,L,primary,wf2_featurewise,4,DB3,DB3,True,0.999992847442627
1705,DB3,P18,DB3_P18_A_T07,R,primary,wf2_featurewise,4,DB3,DB3,True,0.9999865293502808
1706,DB4,P47,DB4_P47_T05_relabeled,R,primary,wf2_featurewise,4,DB4,DB4,True,0.9999997615814209
1715,DB5,P23,DB5_P23_T36_r_slow_relabeled,L,primary,wf2_featurewise,4,DB5,DB5,True,0.9999967813491821
1719,DB4,P42,DB4_P42_T03_relabeled,R,primary,wf2_featurewise,4,DB4,DB4,True,0.999998927116394
1720,DB3,P16,DB3_P16_A_T12_relabeled,R,primary,wf2_featurewise,4,DB3,DB3,True,0.9999802112579346
1723,DB4,P19,DB4_P19_T04_relabeled,L,primary,wf2_featurewise,4,DB4,DB4,True,0.9999898672103882
1733,DB4,P19,DB4_P19_T14_relabeled,R,primary,wf2_featurewise,4,DB4,DB4,True,0.9999889135360718
1736,DB5,P26,DB5_P26_T24_l_slow_relabeled,L,primary,wf2_featurewise,4,DB5,DB5,True,0.9999985694885254
1738,DB4,P42,DB4_P42_T13_relabeled,R,primary,wf2_featurewise,4,DB4,DB4,True,0.9999994039535522
1740,DB5,P26,DB5_P26_T25_l_slow_relabeled,L,primary,wf2_featurewise,4,DB5,DB5,True,0.9999994039535522
1750,DB3,P10,DB3_P10_A_T14,R,primary,wf2_featurewise,4,DB3,DB3,True,0.9999955892562866
1767,DB3,P19,DB3_P19_A_T18,R,primary,wf2_featurewise,4,DB3,DB3,True,0.9999823570251465
1770,DB4,P45,DB4_P45_T18_relabeled,R,primary,wf2_featurewise,4,DB4,DB4,True,0.9999935626983643
1772,DB4,P04,DB4_P04_T06_relabeled,R,primary,wf2_featurewise,4,DB4,DB4,True,0.9999996423721313
1773,DB4,P49,DB4_P49_T20_relabeled,R,primary,wf2_featurewise,4,DB4,DB4,True,0.99998939037323
1786,DB4,P45,DB4_P45_T06_relabeled,R,primary,wf2_featurewise,4,DB4,DB4,True,0.9999960660934448
1787,DB4,P19,DB4_P19_T25_relabeled,R,primary,wf2_featurewise,4,DB4,DB4,True,0.9999878406524658
1791,DB5,P23,DB5_P23_T22_l_slow_relabeled,L,primary,wf2_featurewise,4,DB5,DB5,True,0.9999992847442627
1796,DB5,P23,DB5_P23_T24_l_slow_relabeled,L,primary,wf2_featurewise,4,DB5,DB5,True,0.9999998807907104
1799,DB5,P29,DB5_P29_T19_r_comf_relabeled,L,primary,wf2_featurewise,4,DB5,DB5,True,0.9999994039535522
1804,DB1,P49,DB1_P49_C3_T01_relabeled,L,primary,wf2_featurewise,4,DB1,DB1,True,0.9998800754547119
1810,DB5,P26,DB5_P26_T22_l_slow_relabeled,L,primary,wf2_featurewise,4,DB5,DB5,True,0.9999960660934448
1814,DB4,P42,DB4_P42_T04_relabeled,R,primary,wf2_featurewise,4,DB4,DB4,True,0.9999909400939941
1815,DB4,P42,DB4_P42_T08_relabeled,R,primary,wf2_featurewise,4,DB4,DB4,True,0.999998927116394
1818,DB4,P46,DB4_P46_T18_relabeled,R,primary,wf2_featurewise,4,DB4,DB4,True,0.9999947547912598
1825,DB5,P28,DB5_P28_T33_r_slow_relabeled,L,primary,wf2_featurewise,4,DB5,DB5,True,0.9999996423721313
1830,DB3,P16,DB3_P16_A_T13_relabeled,R,primary,wf2_featurewise,4,DB3,DB3,True,0.9999891519546509
1841,DB1,P05,DB1_P05_C2_T03_relabeled,L,primary,wf2_featurewise,4,DB1,DB1,True,1.0
1842,DB4,P04,DB4_P04_T05_relabeled,R,primary,wf2_featurewise,4,DB4,DB4,True,0.999983549118042
1843,DB5,P28,DB5_P28_T01_l_comf_relabeled,L,primary,wf2_featurewise,4,DB5,DB5,True,0.9999995231628418
1850,DB3,P16,DB3_P16_A_T11_relabeled,R,primary,wf2_featurewise,4,DB3,DB3,True,0.9999698400497437
1851,DB5,P28,DB5_P28_T12_r_comf_relabeled,L,primary,wf2_featurewise,4,DB5,DB5,True,0.9999998807907104
1861,DB4,P45,DB4_P45_T13_relabeled,R,primary,wf2_featurewise,4,DB4,DB4,True,0.9999908208847046
1867,DB1,P05,DB1_P05_C2_T05_relabeled,L,primary,wf2_featurewise,4,DB1,DB1,True,0.9999979734420776
1884,DB4,P19,DB4_P19_T15_relabeled,R,primary,wf2_featurewise,4,DB4,DB4,True,0.9999829530715942
1885,DB4,P47,DB4_P47_T20_relabeled,R,primary,wf2_featurewise,4,DB4,DB4,True,0.9999990463256836
1896,DB4,P46,DB4_P46_T07_relabeled,R,primary,wf2_featurewise,4,DB4,DB4,True,0.9999943971633911
2,DB3,P15,DB3_P15_A_T11_relabeled,R,primary,wf2_featurewise,5,DB3,DB3,True,0.9973522424697876
7,DB2,P07,DB2_P07_T07_250_relabeled,L,primary,wf2_featurewise,5,DB2,DB2,True,0.9999977350234985
12,DB2,P11,DB2_P11_T02_-130_relabeled,L,primary,wf2_featurewise,5,DB2,DB2,True,0.9999988079071045
21,DB2,P11,DB2_P11_T03_-65_relabeled,L,primary,wf2_featurewise,5,DB2,DB2,True,0.9999932050704956
25,DB3,P07,DB3_P07_A_T10_relabeled,R,primary,wf2_featurewise,5,DB3,DB3,True,0.9998458623886108
27,DB5,P12,DB5_P12_T23_l_slow_relabeled,L,primary,wf2_featurewise,5,DB5,DB5,True,0.9999988079071045
47,DB5,P19,DB5_P19_T10_l_comf_relabeled,L,primary,wf2_featurewise,5,DB5,DB5,True,0.9999969005584717
48,DB1,P21,DB1_P21_C3_T04_relabeled,L,primary,wf2_featurewise,5,DB1,DB1,True,0.9996370077133179
49,DB5,P12,DB5_P12_T33_r_slow_relabeled,L,primary,wf2_featurewise,5,DB5,DB5,True,0.9999996423721313
54,DB3,P15,DB3_P15_A_T09_relabeled,R,primary,wf2_featurewise,5,DB3,DB3,True,0.9903814196586609
56,DB3,P12,DB3_P12_A_T12,L,primary,wf2_featurewise,5,DB3,DB3,True,0.999977707862854
69,DB5,P12,DB5_P12_T01_l_comf_relabeled,L,primary,wf2_featurewise,5,DB5,DB5,True,0.9999958276748657
72,DB2,P07,DB2_P07_T02_65_relabeled,L,primary,wf2_featurewise,5,DB2,DB2,True,0.9999980926513672
76,DB4,P09,DB4_P09_T04_relabeled,R,primary,wf2_featurewise,5,DB4,DB4,True,0.9999817609786987
77,DB5,P19,DB5_P19_T18_r_comf_relabeled,L,primary,wf2_featurewise,5,DB5,DB5,True,0.9999995231628418
80,DB4,P13,DB4_P13_T07_relabeled,R,primary,wf2_featurewise,5,DB4,DB4,True,0.9999964237213135
83,DB4,P52,DB4_P52_T09_relabeled,R,primary,wf2_featurewise,5,DB4,DB4,True,0.9997329115867615
88,DB3,P12,DB3_P12_A_T11,R,primary,wf2_featurewise,5,DB3,DB3,True,0.9999986886978149
94,DB5,P12,DB5_P12_T02_l_comf_relabeled,L,primary,wf2_featurewise,5,DB5,DB5,True,0.9999978542327881
99,DB5,P06,DB5_P06_T26_l_slow_relabeled,L,primary,wf2_featurewise,5,DB5,DB5,True,0.9999942779541016
100,DB5,P19,DB5_P19_T34_r_slow_relabeled,L,primary,wf2_featurewise,5,DB5,DB5,True,0.9999994039535522
111,DB5,P06,DB5_P06_T11_l_comf_relabeled,L,primary,wf2_featurewise,5,DB5,DB5,True,0.9999997615814209
114,DB4,P43,DB4_P43_T19_relabeled,R,primary,wf2_featurewise,5,DB4,DB4,True,0.999887228012085
133,DB5,P19,DB5_P19_T17_r_comf_relabeled,L,primary,wf2_featurewise,5,DB5,DB5,True,0.9999971389770508
138,DB2,P07,DB2_P07_T05_-130_relabeled,L,primary,wf2_featurewise,5,DB2,DB2,True,0.9999963045120239
139,DB5,P19,DB5_P19_T06_l_comf_relabeled,L,primary,wf2_featurewise,5,DB5,DB5,True,0.9999972581863403
142,DB5,P19,DB5_P19_T25_l_slow_relabeled,L,primary,wf2_featurewise,5,DB5,DB5,True,0.9999995231628418
146,DB4,P43,DB4_P43_T18_relabeled,R,primary,wf2_featurewise,5,DB4,DB4,True,0.999933123588562
151,DB2,P07,DB2_P07_T01_-65_relabeled,L,primary,wf2_featurewise,5,DB2,DB2,True,0.9999921321868896
169,DB5,P19,DB5_P19_T02_l_comf_relabeled,L,primary,wf2_featurewise,5,DB5,DB5,True,0.9999973773956299
171,DB5,P06,DB5_P06_T22_r_comf_relabeled,L,primary,wf2_featurewise,5,DB5,DB5,True,0.9999992847442627
184,DB2,P11,DB2_P11_T05_250_relabeled,L,primary,wf2_featurewise,5,DB2,DB2,True,0.9999887943267822
185,DB4,P02,DB4_P02_T13_relabeled,R,primary,wf2_featurewise,5,DB4,DB4,True,0.9999958276748657
188,DB3,P07,DB3_P07_A_T01_relabeled,L,primary,wf2_featurewise,5,DB3,DB3,True,0.9999902248382568
197,DB4,P52,DB4_P52_T14_relabeled,R,primary,wf2_featurewise,5,DB4,DB4,True,0.9999818801879883
210,DB4,P12,DB4_P12_T18_relabeled,R,primary,wf2_featurewise,5,DB4,DB4,True,0.9999744892120361
213,DB5,P12,DB5_P12_T03_l_comf_relabeled,L,primary,wf2_featurewise,5,DB5,DB5,True,0.9999985694885254
216,DB2,P07,DB2_P07_T03_-130_relabeled,L,primary,wf2_featurewise,5,DB2,DB2,True,0.9999818801879883
218,DB5,P12,DB5_P12_T17_r_comf_relabeled,L,primary,wf2_featurewise,5,DB5,DB5,True,0.9999986886978149
220,DB4,P13,DB4_P13_T02_relabeled,R,primary,wf2_featurewise,5,DB4,DB4,True,0.9999992847442627
238,DB4,P02,DB4_P02_T11_relabeled,R,primary,wf2_featurewise,5,DB4,DB4,True,0.99981290102005
244,DB5,P12,DB5_P12_T38_r_slow_relabeled,L,primary,wf2_featurewise,5,DB5,DB5,True,0.9999995231628418
246,DB5,P12,DB5_P12_T29_l_slow_relabeled,L,primary,wf2_featurewise,5,DB5,DB5,True,0.9999992847442627
251,DB4,P12,DB4_P12_T07_relabeled,R,primary,wf2_featurewise,5,DB4,DB4,True,0.9999960660934448
257,DB4,P13,DB4_P13_T08_relabeled,R,primary,wf2_featurewise,5,DB4,DB4,True,0.9999995231628418
261,DB4,P10,DB4_P10_T19_relabeled,R,primary,wf2_featurewise,5,DB4,DB4,True,0.9999545812606812
263,DB4,P43,DB4_P43_T02_relabeled,R,primary,wf2_featurewise,5,DB4,DB4,True,0.9999662637710571
265,DB3,P17,DB3_P17_A_T09,L,primary,wf2_featurewise,5,DB3,DB3,True,0.9999277591705322
266,DB4,P09,DB4_P09_T19_relabeled,R,primary,wf2_featurewise,5,DB4,DB4,True,0.9999980926513672
269,DB5,P12,DB5_P12_T39_r_slow_relabeled,L,primary,wf2_featurewise,5,DB5,DB5,True,0.9999990463256836
274,DB5,P06,DB5_P06_T14_r_comf_relabeled,L,primary,wf2_featurewise,5,DB5,DB5,True,0.9999992847442627
281,DB2,P11,DB2_P11_T01_250_relabeled,L,primary,wf2_featurewise,5,DB2,DB2,True,0.9999982118606567
284,DB4,P52,DB4_P52_T08_relabeled,R,primary,wf2_featurewise,5,DB4,DB4,True,0.9999924898147583
285,DB4,P43,DB4_P43_T06_relabeled,R,primary,wf2_featurewise,5,DB4,DB4,True,0.999943733215332
288,DB5,P06,DB5_P06_T07_l_comf_relabeled,L,primary,wf2_featurewise,5,DB5,DB5,True,0.9999994039535522
291,DB5,P06,DB5_P06_T09_l_comf_relabeled,L,primary,wf2_featurewise,5,DB5,DB5,True,0.9999997615814209
292,DB5,P19,DB5_P19_T38_r_slow_relabeled,L,primary,wf2_featurewise,5,DB5,DB5,True,0.9999996423721313
302,DB5,P06,DB5_P06_T12_l_comf_relabeled,R,primary,wf2_featurewise,5,DB5,DB5,True,0.9999991655349731
307,DB2,P11,DB2_P11_T05_-65_relabeled,L,primary,wf2_featurewise,5,DB2,DB2,True,0.999990701675415
311,DB5,P19,DB5_P19_T09_l_comf_relabeled,L,primary,wf2_featurewise,5,DB5,DB5,True,0.9999982118606567
316,DB4,P10,DB4_P10_T08_relabeled,R,primary,wf2_featurewise,5,DB4,DB4,True,0.9998968839645386
317,DB4,P02,DB4_P02_T04_relabeled,R,primary,wf2_featurewise,5,DB4,DB4,True,0.9999923706054688
320,DB5,P06,DB5_P06_T08_l_comf_relabeled,L,primary,wf2_featurewise,5,DB5,DB5,True,0.9999995231628418
322,DB4,P25,DB4_P25_T24_relabeled,R,primary,wf2_featurewise,5,DB4,DB4,True,0.999937891960144
331,DB3,P07,DB3_P07_A_T03_relabeled,L,primary,wf2_featurewise,5,DB3,DB3,True,0.9999845027923584
332,DB3,P17,DB3_P17_A_T04,R,primary,wf2_featurewise,5,DB3,DB3,True,0.9999700784683228
339,DB2,P07,DB2_P07_T03_130_relabeled,L,primary,wf2_featurewise,5,DB2,DB2,True,0.999995231628418
340,DB4,P25,DB4_P25_T03_relabeled,L,primary,wf2_featurewise,5,DB4,DB4,True,0.9994540810585022
357,DB2,P11,DB2_P11_T03_130_relabeled,L,primary,wf2_featurewise,5,DB2,DB2,True,0.999997615814209
368,DB5,P21,DB5_P21_T13_r_comf_relabeled,L,primary,wf2_featurewise,5,DB5,DB5,True,0.9999713897705078
371,DB4,P12,DB4_P12_T20_relabeled,R,primary,wf2_featurewise,5,DB4,DB4,True,0.9999927282333374
373,DB5,P21,DB5_P21_T04_l_comf_relabeled,L,primary,wf2_featurewise,5,DB5,DB5,True,0.9999910593032837
375,DB5,P19,DB5_P19_T42_r_slow_relabeled,L,primary,wf2_featurewise,5,DB5,DB5,True,0.9999995231628418
379,DB1,P45,DB1_P45_C1_T03_relabeled,L,primary,wf2_featurewise,5,DB1,DB1,True,0.9999991655349731
383,DB2,P11,DB2_P11_T04_250_relabeled,L,primary,wf2_featurewise,5,DB2,DB2,True,0.9999914169311523
385,DB4,P10,DB4_P10_T05_relabeled,R,primary,wf2_featurewise,5,DB4,DB4,True,0.9999445676803589
392,DB2,P07,DB2_P07_T04_130_relabeled,L,primary,wf2_featurewise,5,DB2,DB2,True,0.9999953508377075
395,DB4,P10,DB4_P10_T15_relabeled,R,primary,wf2_featurewise,5,DB4,DB4,True,0.9999861717224121
397,DB5,P12,DB5_P12_T10_l_comf_relabeled,L,primary,wf2_featurewise,5,DB5,DB5,True,0.9999980926513672
398,DB5,P12,DB5_P12_T27_l_slow_relabeled,L,primary,wf2_featurewise,5,DB5,DB5,True,0.9999994039535522
399,DB4,P02,DB4_P02_T12_relabeled,R,primary,wf2_featurewise,5,DB4,DB4,True,0.9999768733978271
401,DB4,P14,DB4_P14_T16_relabeled,L,primary,wf2_featurewise,5,DB4,DB4,True,0.9999709129333496
404,DB2,P07,DB2_P07_T06_-65_relabeled,L,primary,wf2_featurewise,5,DB2,DB2,True,0.9999986886978149
411,DB5,P19,DB5_P19_T36_r_slow_relabeled,L,primary,wf2_featurewise,5,DB5,DB5,True,0.9999991655349731
413,DB5,P06,DB5_P06_T18_r_comf_relabeled,L,primary,wf2_featurewise,5,DB5,DB5,True,0.9999995231628418
417,DB5,P21,DB5_P21_T32_r_slow_relabeled,L,primary,wf2_featurewise,5,DB5,DB5,True,0.9999854564666748
418,DB5,P21,DB5_P21_T11_r_comf_relabeled,L,primary,wf2_featurewise,5,DB5,DB5,True,0.9999852180480957
419,DB4,P12,DB4_P12_T10_relabeled,L,primary,wf2_featurewise,5,DB4,DB4,True,0.9998925924301147
432,DB4,P12,DB4_P12_T17_relabeled,R,primary,wf2_featurewise,5,DB4,DB4,True,0.9999802112579346
442,DB4,P25,DB4_P25_T06_relabeled,R,primary,wf2_featurewise,5,DB4,DB4,True,0.9998970031738281
448,DB5,P19,DB5_P19_T40_r_slow_relabeled,L,primary,wf2_featurewise,5,DB5,DB5,True,0.9999996423721313
449,DB2,P11,DB2_P11_T03_65_relabeled,L,primary,wf2_featurewise,5,DB2,DB2,True,0.9999680519104004
451,DB4,P43,DB4_P43_T14_relabeled,R,primary,wf2_featurewise,5,DB4,DB4,True,0.9999874830245972
455,DB4,P09,DB4_P09_T03_relabeled,R,primary,wf2_featurewise,5,DB4,DB4,True,0.9999788999557495
456,DB3,P15,DB3_P15_A_T05_relabeled,L,primary,wf2_featurewise,5,DB3,DB3,True,0.9979053735733032
460,DB4,P52,DB4_P52_T03_relabeled,R,primary,wf2_featurewise,5,DB4,DB4,True,0.999972939491272
462,DB4,P43,DB4_P43_T21_relabeled,R,primary,wf2_featurewise,5,DB4,DB4,True,0.9999527931213379
466,DB4,P14,DB4_P14_T19_relabeled,R,primary,wf2_featurewise,5,DB4,DB4,True,0.9998854398727417
469,DB3,P07,DB3_P07_A_T04_relabeled,R,primary,wf2_featurewise,5,DB3,DB3,True,0.9999650716781616
479,DB4,P02,DB4_P02_T15_relabeled,R,primary,wf2_featurewise,5,DB4,DB4,True,0.9999595880508423
484,DB5,P06,DB5_P06_T10_l_comf_relabeled,L,primary,wf2_featurewise,5,DB5,DB5,True,0.9999996423721313
489,DB3,P12,DB3_P12_A_T05,R,primary,wf2_featurewise,5,DB3,DB3,True,0.9999966621398926
499,DB4,P13,DB4_P13_T15_relabeled,L,primary,wf2_featurewise,5,DB4,DB4,True,0.999976396560669
510,DB5,P06,DB5_P06_T23_r_comf_relabeled,L,primary,wf2_featurewise,5,DB5,DB5,True,0.9999990463256836
512,DB4,P43,DB4_P43_T16_relabeled,R,primary,wf2_featurewise,5,DB4,DB4,True,0.9999943971633911
515,DB5,P21,DB5_P21_T12_r_comf_relabeled,L,primary,wf2_featurewise,5,DB5,DB5,True,0.9999759197235107
520,DB3,P17,DB3_P17_A_T11,L,primary,wf2_featurewise,5,DB3,DB3,True,0.9999953508377075
537,DB4,P14,DB4_P14_T06_relabeled,R,primary,wf2_featurewise,5,DB4,DB4,True,0.9997738003730774
538,DB5,P12,DB5_P12_T18_r_comf_relabeled,L,primary,wf2_featurewise,5,DB5,DB5,True,0.999995231628418
540,DB4,P09,DB4_P09_T06_relabeled,L,primary,wf2_featurewise,5,DB4,DB4,True,0.9999042749404907
545,DB5,P21,DB5_P21_T33_r_slow_relabeled,L,primary,wf2_featurewise,5,DB5,DB5,True,0.9999890327453613
550,DB5,P19,DB5_P19_T32_l_slow_relabeled,L,primary,wf2_featurewise,5,DB5,DB5,True,0.9999998807907104
564,DB5,P21,DB5_P21_T08_l_comf_relabeled,L,primary,wf2_featurewise,5,DB5,DB5,True,0.9999692440032959
565,DB4,P52,DB4_P52_T06_relabeled,R,primary,wf2_featurewise,5,DB4,DB4,True,0.999985933303833
567,DB5,P06,DB5_P06_T19_r_comf_relabeled,L,primary,wf2_featurewise,5,DB5,DB5,True,0.9999988079071045
568,DB5,P12,DB5_P12_T11_r_comf_relabeled,L,primary,wf2_featurewise,5,DB5,DB5,True,0.9999942779541016
574,DB4,P43,DB4_P43_T20_relabeled,R,primary,wf2_featurewise,5,DB4,DB4,True,0.9990254640579224
575,DB2,P07,DB2_P07_T02_-65_relabeled,L,primary,wf2_featurewise,5,DB2,DB2,True,0.9999963045120239
576,DB3,P15,DB3_P15_A_T08_relabeled,R,primary,wf2_featurewise,5,DB3,DB3,True,0.9946321249008179
591,DB4,P12,DB4_P12_T06_relabeled,R,primary,wf2_featurewise,5,DB4,DB4,True,0.9999901056289673
593,DB4,P10,DB4_P10_T13_relabeled,R,primary,wf2_featurewise,5,DB4,DB4,True,0.999909520149231
598,DB3,P12,DB3_P12_A_T03,R,primary,wf2_featurewise,5,DB3,DB3,True,0.9999980926513672
599,DB1,P18,DB1_P18_C2_T02_relabeled,L,primary,wf2_featurewise,5,DB1,DB1,True,0.9999663829803467
601,DB5,P12,DB5_P12_T28_l_slow_relabeled,L,primary,wf2_featurewise,5,DB5,DB5,True,0.9999997615814209
606,DB2,P11,DB2_P11_T02_p_relabeled,L,primary,wf2_featurewise,5,DB2,DB2,True,0.9999988079071045
611,DB4,P13,DB4_P13_T20_relabeled,R,primary,wf2_featurewise,5,DB4,DB4,True,0.9999984502792358
614,DB5,P12,DB5_P12_T37_r_slow_relabeled,L,primary,wf2_featurewise,5,DB5,DB5,True,0.9999992847442627
621,DB4,P09,DB4_P09_T15_relabeled,R,primary,wf2_featurewise,5,DB4,DB4,True,0.9999717473983765
628,DB2,P11,DB2_P11_T02_250_relabeled,L,primary,wf2_featurewise,5,DB2,DB2,True,0.9999932050704956
629,DB4,P25,DB4_P25_T07_relabeled,L,primary,wf2_featurewise,5,DB4,DB4,True,0.9992730021476746
638,DB5,P06,DB5_P06_T04_l_comf_relabeled,L,primary,wf2_featurewise,5,DB5,DB5,True,0.9999997615814209
642,DB5,P21,DB5_P21_T17_r_comf_relabeled,L,primary,wf2_featurewise,5,DB5,DB5,True,0.9999681711196899
649,DB4,P10,DB4_P10_T20_relabeled,R,primary,wf2_featurewise,5,DB4,DB4,True,0.9999643564224243
665,DB2,P11,DB2_P11_T02_130_relabeled,L,primary,wf2_featurewise,5,DB2,DB2,True,0.999955415725708
670,DB2,P11,DB2_P11_T05_-130_relabeled,L,primary,wf2_featurewise,5,DB2,DB2,True,0.9999978542327881
674,DB1,P18,DB1_P18_C2_T05_relabeled,L,primary,wf2_featurewise,5,DB1,DB1,True,0.9999262094497681
676,DB3,P07,DB3_P07_A_T07_relabeled,L,primary,wf2_featurewise,5,DB3,DB3,True,0.9999949932098389
677,DB1,P48,DB1_P48_C2_T05_relabeled,L,primary,wf2_featurewise,5,DB1,DB1,True,0.9999890327453613
692,DB2,P11,DB2_P11_T05_p_relabeled,L,primary,wf2_featurewise,5,DB2,DB2,True,0.9999995231628418
695,DB4,P25,DB4_P25_T08_relabeled,L,primary,wf2_featurewise,5,DB4,DB4,True,0.9996788501739502
700,DB2,P07,DB2_P07_T03_p_relabeled,L,primary,wf2_featurewise,5,DB2,DB2,True,0.9999996423721313
701,DB4,P14,DB4_P14_T21_relabeled,L,primary,wf2_featurewise,5,DB4,DB4,True,0.9999971389770508
712,DB3,P17,DB3_P17_A_T03,R,primary,wf2_featurewise,5,DB3,DB3,True,0.9998682737350464
715,DB4,P13,DB4_P13_T13_relabeled,R,primary,wf2_featurewise,5,DB4,DB4,True,0.9999923706054688
716,DB4,P02,DB4_P02_T16_relabeled,R,primary,wf2_featurewise,5,DB4,DB4,True,0.9999641180038452
717,DB4,P10,DB4_P10_T16_relabeled,R,primary,wf2_featurewise,5,DB4,DB4,True,0.9999359846115112
727,DB4,P43,DB4_P43_T12_relabeled,R,primary,wf2_featurewise,5,DB4,DB4,True,0.9999842643737793
731,DB5,P06,DB5_P06_T20_r_comf_relabeled,L,primary,wf2_featurewise,5,DB5,DB5,True,0.9999988079071045
735,DB5,P12,DB5_P12_T35_r_slow_relabeled,L,primary,wf2_featurewise,5,DB5,DB5,True,0.9999995231628418
738,DB4,P14,DB4_P14_T11_relabeled,R,primary,wf2_featurewise,5,DB4,DB4,True,0.9907207489013672
739,DB1,P45,DB1_P45_C1_T02_relabeled,L,primary,wf2_featurewise,5,DB1,DB1,True,0.9999977350234985
744,DB4,P43,DB4_P43_T05_relabeled,R,primary,wf2_featurewise,5,DB4,DB4,True,0.9989370703697205
745,DB4,P14,DB4_P14_T22_relabeled,R,primary,wf2_featurewise,5,DB4,DB4,True,0.9994896650314331
757,DB5,P12,DB5_P12_T08_l_comf_relabeled,L,primary,wf2_featurewise,5,DB5,DB5,True,0.9999983310699463
758,DB4,P13,DB4_P13_T05_relabeled,R,primary,wf2_featurewise,5,DB4,DB4,True,0.9999738931655884
761,DB2,P11,DB2_P11_T01_65_relabeled,L,primary,wf2_featurewise,5,DB2,DB2,True,0.9999858140945435
771,DB1,P48,DB1_P48_C3_T03_relabeled,L,primary,wf2_featurewise,5,DB1,DB1,True,0.9999302625656128
774,DB3,P12,DB3_P12_A_T09,R,primary,wf2_featurewise,5,DB3,DB3,True,0.9999979734420776
775,DB5,P06,DB5_P06_T40_r_slow_relabeled,R,primary,wf2_featurewise,5,DB5,DB5,True,0.9998996257781982
779,DB4,P13,DB4_P13_T16_relabeled,R,primary,wf2_featurewise,5,DB4,DB4,True,0.9999908208847046
781,DB1,P21,DB1_P21_C2_T04_relabeled,L,primary,wf2_featurewise,5,DB1,DB1,True,0.9995020627975464
784,DB1,P48,DB1_P48_C3_T01_relabeled,L,primary,wf2_featurewise,5,DB1,DB1,True,0.9998692274093628
799,DB5,P19,DB5_P19_T03_l_comf_relabeled,L,primary,wf2_featurewise,5,DB5,DB5,True,0.9999978542327881
807,DB1,P46,DB1_P46_C2_T01_relabeled,L,primary,wf2_featurewise,5,DB1,DB1,True,0.9999362230300903
812,DB5,P06,DB5_P06_T01_l_comf_relabeled,L,primary,wf2_featurewise,5,DB5,DB5,True,0.9999994039535522
813,DB4,P14,DB4_P14_T07_relabeled,R,primary,wf2_featurewise,5,DB4,DB4,True,0.9999123811721802
815,DB4,P02,DB4_P02_T07_relabeled,R,primary,wf2_featurewise,5,DB4,DB4,True,0.9999990463256836
823,DB1,P41,DB1_P41_C2_T03_relabeled,R,primary,wf2_featurewise,5,DB1,DB1,True,0.9999850988388062
830,DB4,P09,DB4_P09_T10_relabeled,R,primary,wf2_featurewise,5,DB4,DB4,True,0.9999762773513794
833,DB5,P12,DB5_P12_T25_l_slow_relabeled,L,primary,wf2_featurewise,5,DB5,DB5,True,0.9999992847442627
836,DB4,P13,DB4_P13_T03_relabeled,R,primary,wf2_featurewise,5,DB4,DB4,True,0.9999985694885254
839,DB3,P17,DB3_P17_A_T10,L,primary,wf2_featurewise,5,DB3,DB3,True,0.9603580236434937
844,DB5,P19,DB5_P19_T23_l_slow_relabeled,L,primary,wf2_featurewise,5,DB5,DB5,True,0.9999995231628418
848,DB2,P11,DB2_P11_T03_250_relabeled,L,primary,wf2_featurewise,5,DB2,DB2,True,0.9999951124191284
859,DB2,P11,DB2_P11_T02_65_relabeled,L,primary,wf2_featurewise,5,DB2,DB2,True,0.9999781847000122
862,DB5,P12,DB5_P12_T19_r_comf_relabeled,L,primary,wf2_featurewise,5,DB5,DB5,True,0.9999911785125732
864,DB5,P19,DB5_P19_T28_l_slow_relabeled,L,primary,wf2_featurewise,5,DB5,DB5,True,0.9999996423721313
871,DB5,P06,DB5_P06_T06_l_comf_relabeled,L,primary,wf2_featurewise,5,DB5,DB5,True,0.9999988079071045
876,DB5,P19,DB5_P19_T37_r_slow_relabeled,L,primary,wf2_featurewise,5,DB5,DB5,True,0.999998927116394
879,DB3,P15,DB3_P15_A_T06_relabeled,L,primary,wf2_featurewise,5,DB3,DB3,True,0.9986781477928162
880,DB5,P19,DB5_P19_T33_r_slow_relabeled,L,primary,wf2_featurewise,5,DB5,DB5,True,0.9999990463256836
881,DB5,P12,DB5_P12_T16_r_comf_relabeled,L,primary,wf2_featurewise,5,DB5,DB5,True,0.9999961853027344
886,DB5,P19,DB5_P19_T30_l_slow_relabeled,L,primary,wf2_featurewise,5,DB5,DB5,True,0.9999996423721313
889,DB4,P09,DB4_P09_T08_relabeled,R,primary,wf2_featurewise,5,DB4,DB4,True,0.999994158744812
890,DB4,P13,DB4_P13_T14_relabeled,R,primary,wf2_featurewise,5,DB4,DB4,True,0.9999985694885254
891,DB5,P19,DB5_P19_T13_r_comf_relabeled,L,primary,wf2_featurewise,5,DB5,DB5,True,0.9999985694885254
894,DB2,P11,DB2_P11_T02_-65_relabeled,L,primary,wf2_featurewise,5,DB2,DB2,True,0.9999961853027344
895,DB4,P43,DB4_P43_T08_relabeled,R,primary,wf2_featurewise,5,DB4,DB4,True,0.9999204874038696
905,DB3,P17,DB3_P17_A_T13,L,primary,wf2_featurewise,5,DB3,DB3,True,0.9999722242355347
910,DB5,P21,DB5_P21_T01_l_comf_relabeled,L,primary,wf2_featurewise,5,DB5,DB5,True,0.9999940395355225
915,DB3,P07,DB3_P07_A_T06_relabeled,R,primary,wf2_featurewise,5,DB3,DB3,True,0.9999332427978516
916,DB2,P11,DB2_P11_T01_130_relabeled,L,primary,wf2_featurewise,5,DB2,DB2,True,0.9999966621398926
920,DB3,P15,DB3_P15_A_T04_relabeled,L,primary,wf2_featurewise,5,DB3,DB3,True,0.997323215007782
924,DB2,P07,DB2_P07_T03_65_relabeled,L,primary,wf2_featurewise,5,DB2,DB2,True,0.9999903440475464
940,DB5,P21,DB5_P21_T14_r_comf_relabeled,L,primary,wf2_featurewise,5,DB5,DB5,True,0.9999407529830933
957,DB3,P15,DB3_P15_A_T10_relabeled,R,primary,wf2_featurewise,5,DB3,DB3,True,0.9947163462638855
961,DB5,P12,DB5_P12_T34_r_slow_relabeled,L,primary,wf2_featurewise,5,DB5,DB5,True,0.9999995231628418
962,DB5,P21,DB5_P21_T03_l_comf_relabeled,L,primary,wf2_featurewise,5,DB5,DB5,True,0.9999911785125732
977,DB5,P12,DB5_P12_T26_l_slow_relabeled,L,primary,wf2_featurewise,5,DB5,DB5,True,0.9999995231628418
978,DB1,P46,DB1_P46_C2_T03_relabeled,L,primary,wf2_featurewise,5,DB1,DB1,True,0.9999778270721436
984,DB5,P21,DB5_P21_T16_r_comf_relabeled,L,primary,wf2_featurewise,5,DB5,DB5,True,0.9999709129333496
986,DB4,P25,DB4_P25_T10_relabeled,L,primary,wf2_featurewise,5,DB4,DB4,True,0.9996610879898071
990,DB5,P21,DB5_P21_T18_r_comf_relabeled,L,primary,wf2_featurewise,5,DB5,DB5,True,0.9999682903289795
1005,DB4,P02,DB4_P02_T17_relabeled,R,primary,wf2_featurewise,5,DB4,DB4,True,0.9999854564666748
1028,DB4,P14,DB4_P14_T12_relabeled,R,primary,wf2_featurewise,5,DB4,DB4,True,0.9997997879981995
1029,DB2,P11,DB2_P11_T04_-130_relabeled,L,primary,wf2_featurewise,5,DB2,DB2,True,0.999996542930603
1034,DB2,P07,DB2_P07_T02_p_relabeled,L,primary,wf2_featurewise,5,DB2,DB2,True,0.9999988079071045
1038,DB4,P13,DB4_P13_T21_relabeled,R,primary,wf2_featurewise,5,DB4,DB4,True,0.9999974966049194
1042,DB2,P07,DB2_P07_T01_-130_relabeled,L,primary,wf2_featurewise,5,DB2,DB2,True,0.9999656677246094
1051,DB5,P12,DB5_P12_T32_r_slow_relabeled,L,primary,wf2_featurewise,5,DB5,DB5,True,0.9999977350234985
1052,DB1,P20,DB1_P20_C3_T03_relabeled,L,primary,wf2_featurewise,5,DB1,DB1,True,0.999721348285675
1066,DB3,P15,DB3_P15_A_T02_relabeled,L,primary,wf2_featurewise,5,DB3,DB3,True,0.991786777973175
1069,DB5,P12,DB5_P12_T36_r_slow_relabeled,L,primary,wf2_featurewise,5,DB5,DB5,True,0.9999995231628418
1073,DB4,P14,DB4_P14_T03_relabeled,R,primary,wf2_featurewise,5,DB4,DB4,True,0.9999973773956299
1074,DB1,P41,DB1_P41_C3_T02_relabeled,L,primary,wf2_featurewise,5,DB1,DB1,True,0.9999297857284546
1075,DB1,P18,DB1_P18_C2_T01_relabeled,L,primary,wf2_featurewise,5,DB1,DB1,True,0.9999655485153198
1076,DB5,P12,DB5_P12_T30_l_slow_relabeled,L,primary,wf2_featurewise,5,DB5,DB5,True,0.9999996423721313
1081,DB2,P07,DB2_P07_T05_130_relabeled,L,primary,wf2_featurewise,5,DB2,DB2,True,0.9999954700469971
1085,DB5,P19,DB5_P19_T20_r_comf_relabeled,L,primary,wf2_featurewise,5,DB5,DB5,True,0.9999974966049194
1086,DB1,P21,DB1_P21_C3_T01_relabeled,L,primary,wf2_featurewise,5,DB1,DB1,True,0.9994199275970459
1088,DB4,P10,DB4_P10_T09_relabeled,R,primary,wf2_featurewise,5,DB4,DB4,True,0.999994158744812
1089,DB4,P52,DB4_P52_T13_relabeled,R,primary,wf2_featurewise,5,DB4,DB4,True,0.9999679327011108
1099,DB4,P12,DB4_P12_T03_relabeled,R,primary,wf2_featurewise,5,DB4,DB4,True,0.9999969005584717
1102,DB2,P07,DB2_P07_T01_p_relabeled,L,primary,wf2_featurewise,5,DB2,DB2,True,0.9999983310699463
1109,DB2,P07,DB2_P07_T05_65_relabeled,L,primary,wf2_featurewise,5,DB2,DB2,True,0.9999898672103882
1112,DB1,P21,DB1_P21_C2_T02_relabeled,L,primary,wf2_featurewise,5,DB1,DB1,True,0.9999185800552368
1119,DB5,P12,DB5_P12_T07_l_comf_relabeled,L,primary,wf2_featurewise,5,DB5,DB5,True,0.999997615814209
1124,DB1,P18,DB1_P18_C2_T03_relabeled,L,primary,wf2_featurewise,5,DB1,DB1,True,0.9999872446060181
1128,DB4,P43,DB4_P43_T11_relabeled,R,primary,wf2_featurewise,5,DB4,DB4,True,0.9999408721923828
1129,DB4,P12,DB4_P12_T16_relabeled,R,primary,wf2_featurewise,5,DB4,DB4,True,0.999998927116394
1135,DB5,P19,DB5_P19_T22_r_comf_relabeled,L,primary,wf2_featurewise,5,DB5,DB5,True,0.9999982118606567
1146,DB1,P46,DB1_P46_C2_T04_relabeled,L,primary,wf2_featurewise,5,DB1,DB1,True,0.9997475743293762
1149,DB5,P06,DB5_P06_T17_r_comf_relabeled,L,primary,wf2_featurewise,5,DB5,DB5,True,0.9999991655349731
1164,DB4,P52,DB4_P52_T20_relabeled,R,primary,wf2_featurewise,5,DB4,DB4,True,0.9999901056289673
1167,DB4,P25,DB4_P25_T19_relabeled,R,primary,wf2_featurewise,5,DB4,DB4,True,0.999849796295166
1169,DB4,P10,DB4_P10_T11_relabeled,R,primary,wf2_featurewise,5,DB4,DB4,True,0.9999837875366211
1172,DB4,P10,DB4_P10_T02_relabeled,R,primary,wf2_featurewise,5,DB4,DB4,True,0.9998307228088379
1181,DB5,P12,DB5_P12_T15_r_comf_relabeled,L,primary,wf2_featurewise,5,DB5,DB5,True,0.9999865293502808
1184,DB4,P13,DB4_P13_T09_relabeled,R,primary,wf2_featurewise,5,DB4,DB4,True,0.999996542930603
1185,DB4,P10,DB4_P10_T07_relabeled,R,primary,wf2_featurewise,5,DB4,DB4,True,0.9999619722366333
1188,DB5,P12,DB5_P12_T14_r_comf_relabeled,L,primary,wf2_featurewise,5,DB5,DB5,True,0.9999940395355225
1190,DB5,P12,DB5_P12_T13_r_comf_relabeled,L,primary,wf2_featurewise,5,DB5,DB5,True,0.9999954700469971
1193,DB5,P19,DB5_P19_T11_r_comf_relabeled,L,primary,wf2_featurewise,5,DB5,DB5,True,0.9999946355819702
1200,DB5,P12,DB5_P12_T22_l_slow_relabeled,L,primary,wf2_featurewise,5,DB5,DB5,True,0.9999996423721313
1202,DB1,P41,DB1_P41_C3_T03_relabeled,L,primary,wf2_featurewise,5,DB1,DB1,True,0.9997722506523132
1209,DB2,P11,DB2_P11_T08_p_relabeled,L,primary,wf2_featurewise,5,DB2,DB2,True,0.9999939203262329
1223,DB1,P20,DB1_P20_C2_T02_relabeled,L,primary,wf2_featurewise,5,DB1,DB1,True,0.9999690055847168
1233,DB2,P11,DB2_P11_T04_130_relabeled,L,primary,wf2_featurewise,5,DB2,DB2,True,0.999996542930603
1234,DB4,P52,DB4_P52_T07_relabeled,R,primary,wf2_featurewise,5,DB4,DB4,True,0.9999756813049316
1239,DB4,P25,DB4_P25_T02_relabeled,R,primary,wf2_featurewise,5,DB4,DB4,True,0.999636173248291
1242,DB4,P52,DB4_P52_T21_relabeled,R,primary,wf2_featurewise,5,DB4,DB4,True,0.9999643564224243
1245,DB4,P25,DB4_P25_T11_relabeled,L,primary,wf2_featurewise,5,DB4,DB4,True,0.999607503414154
1251,DB2,P07,DB2_P07_T01_65_relabeled,L,primary,wf2_featurewise,5,DB2,DB2,True,0.9999260902404785
1252,DB4,P10,DB4_P10_T03_relabeled,R,primary,wf2_featurewise,5,DB4,DB4,True,0.9999735355377197
1263,DB5,P12,DB5_P12_T31_r_slow_relabeled,L,primary,wf2_featurewise,5,DB5,DB5,True,0.9999996423721313
1264,DB3,P17,DB3_P17_A_T06,R,primary,wf2_featurewise,5,DB3,DB3,True,0.9999270439147949
1268,DB4,P25,DB4_P25_T05_relabeled,L,primary,wf2_featurewise,5,DB4,DB4,True,0.9995821118354797
1269,DB4,P43,DB4_P43_T13_relabeled,R,primary,wf2_featurewise,5,DB4,DB4,True,0.9998980760574341
1276,DB4,P10,DB4_P10_T06_relabeled,R,primary,wf2_featurewise,5,DB4,DB4,True,0.9999326467514038
1285,DB4,P43,DB4_P43_T07_relabeled,R,primary,wf2_featurewise,5,DB4,DB4,True,0.9997753500938416
1286,DB5,P19,DB5_P19_T31_l_slow_relabeled,L,primary,wf2_featurewise,5,DB5,DB5,True,0.9999998807907104
1296,DB5,P12,DB5_P12_T05_l_comf_relabeled,L,primary,wf2_featurewise,5,DB5,DB5,True,0.9999980926513672
1298,DB5,P21,DB5_P21_T19_r_comf_relabeled,L,primary,wf2_featurewise,5,DB5,DB5,True,0.9999921321868896
1302,DB4,P10,DB4_P10_T10_relabeled,R,primary,wf2_featurewise,5,DB4,DB4,True,0.9995170831680298
1308,DB5,P21,DB5_P21_T20_r_comf_relabeled,L,primary,wf2_featurewise,5,DB5,DB5,True,0.9999880790710449
1310,DB4,P09,DB4_P09_T16_relabeled,R,primary,wf2_featurewise,5,DB4,DB4,True,0.999990701675415
1315,DB4,P02,DB4_P02_T10_relabeled,R,primary,wf2_featurewise,5,DB4,DB4,True,0.9999964237213135
1324,DB5,P12,DB5_P12_T09_l_comf_relabeled,L,primary,wf2_featurewise,5,DB5,DB5,True,0.9999985694885254
1334,DB4,P52,DB4_P52_T11_relabeled,R,primary,wf2_featurewise,5,DB4,DB4,True,0.999980092048645
1335,DB5,P19,DB5_P19_T41_r_slow_relabeled,L,primary,wf2_featurewise,5,DB5,DB5,True,0.9999984502792358
1345,DB2,P11,DB2_P11_T03_p_relabeled,L,primary,wf2_featurewise,5,DB2,DB2,True,0.9999994039535522
1347,DB4,P43,DB4_P43_T04_relabeled,R,primary,wf2_featurewise,5,DB4,DB4,True,0.9999220371246338
1348,DB3,P12,DB3_P12_A_T07,R,primary,wf2_featurewise,5,DB3,DB3,True,0.999996542930603
1349,DB5,P06,DB5_P06_T15_r_comf_relabeled,L,primary,wf2_featurewise,5,DB5,DB5,True,0.9999988079071045
1351,DB4,P12,DB4_P12_T13_relabeled,R,primary,wf2_featurewise,5,DB4,DB4,True,0.9999974966049194
1353,DB4,P12,DB4_P12_T02_relabeled,R,primary,wf2_featurewise,5,DB4,DB4,True,0.9999978542327881
1364,DB2,P11,DB2_P11_T04_65_relabeled,L,primary,wf2_featurewise,5,DB2,DB2,True,0.999987006187439
1366,DB3,P07,DB3_P07_A_T12_relabeled,R,primary,wf2_featurewise,5,DB3,DB3,True,0.9999315738677979
1373,DB1,P21,DB1_P21_C2_T01_relabeled,L,primary,wf2_featurewise,5,DB1,DB1,True,0.9997567534446716
1380,DB5,P21,DB5_P21_T07_l_comf_relabeled,L,primary,wf2_featurewise,5,DB5,DB5,True,0.9999397993087769
1382,DB1,P48,DB1_P48_C2_T03_relabeled,L,primary,wf2_featurewise,5,DB1,DB1,True,0.9999686479568481
1386,DB4,P13,DB4_P13_T17_relabeled,R,primary,wf2_featurewise,5,DB4,DB4,True,0.9999970197677612
1391,DB5,P19,DB5_P19_T26_l_slow_relabeled,L,primary,wf2_featurewise,5,DB5,DB5,True,0.9999995231628418
1397,DB4,P14,DB4_P14_T09_relabeled,R,primary,wf2_featurewise,5,DB4,DB4,True,0.999874472618103
1401,DB5,P21,DB5_P21_T02_l_comf_relabeled,L,primary,wf2_featurewise,5,DB5,DB5,True,0.9999862909317017
1403,DB4,P13,DB4_P13_T18_relabeled,R,primary,wf2_featurewise,5,DB4,DB4,True,0.9999983310699463
1405,DB4,P10,DB4_P10_T12_relabeled,R,primary,wf2_featurewise,5,DB4,DB4,True,0.9999788999557495
1421,DB5,P19,DB5_P19_T04_l_comf_relabeled,L,primary,wf2_featurewise,5,DB5,DB5,True,0.999998927116394
1424,DB4,P12,DB4_P12_T19_relabeled,R,primary,wf2_featurewise,5,DB4,DB4,True,0.9999682903289795
1429,DB5,P19,DB5_P19_T19_r_comf_relabeled,L,primary,wf2_featurewise,5,DB5,DB5,True,0.9999982118606567
1437,DB5,P21,DB5_P21_T05_l_comf_relabeled,L,primary,wf2_featurewise,5,DB5,DB5,True,0.9999840259552002
1440,DB5,P21,DB5_P21_T41_r_slow_relabeled,L,primary,wf2_featurewise,5,DB5,DB5,True,0.9999767541885376
1445,DB3,P17,DB3_P17_A_T14,L,primary,wf2_featurewise,5,DB3,DB3,True,0.999984622001648
1448,DB4,P09,DB4_P09_T13_relabeled,R,primary,wf2_featurewise,5,DB4,DB4,True,0.9999853372573853
1453,DB3,P07,DB3_P07_A_T09_relabeled,L,primary,wf2_featurewise,5,DB3,DB3,True,0.9999467134475708
1458,DB2,P11,DB2_P11_T01_-65_relabeled,L,primary,wf2_featurewise,5,DB2,DB2,True,0.9999980926513672
1464,DB5,P21,DB5_P21_T10_l_comf_relabeled,L,primary,wf2_featurewise,5,DB5,DB5,True,0.9999841451644897
1471,DB2,P07,DB2_P07_T04_250_relabeled,L,primary,wf2_featurewise,5,DB2,DB2,True,0.9999901056289673
1474,DB4,P13,DB4_P13_T11_relabeled,R,primary,wf2_featurewise,5,DB4,DB4,True,0.9999932050704956
1475,DB5,P19,DB5_P19_T39_r_slow_relabeled,L,primary,wf2_featurewise,5,DB5,DB5,True,0.9999998807907104
1477,DB1,P48,DB1_P48_C2_T04_relabeled,L,primary,wf2_featurewise,5,DB1,DB1,True,0.9999850988388062
1478,DB4,P25,DB4_P25_T23_relabeled,L,primary,wf2_featurewise,5,DB4,DB4,True,0.9997166991233826
1484,DB3,P17,DB3_P17_A_T08,L,primary,wf2_featurewise,5,DB3,DB3,True,0.9999650716781616
1488,DB5,P06,DB5_P06_T13_l_comf_relabeled,L,primary,wf2_featurewise,5,DB5,DB5,True,0.9999996423721313
1504,DB5,P19,DB5_P19_T05_l_comf_relabeled,L,primary,wf2_featurewise,5,DB5,DB5,True,0.9999991655349731
1507,DB3,P12,DB3_P12_A_T10,L,primary,wf2_featurewise,5,DB3,DB3,True,0.9999972581863403
1511,DB1,P48,DB1_P48_C3_T02_relabeled,L,primary,wf2_featurewise,5,DB1,DB1,True,0.9999842643737793
1513,DB4,P52,DB4_P52_T19_relabeled,R,primary,wf2_featurewise,5,DB4,DB4,True,0.9972885847091675
1517,DB3,P15,DB3_P15_A_T03_relabeled,L,primary,wf2_featurewise,5,DB3,DB3,True,0.999503493309021
1523,DB4,P25,DB4_P25_T21_relabeled,L,primary,wf2_featurewise,5,DB4,DB4,True,0.9996495246887207
1526,DB4,P14,DB4_P14_T04_relabeled,R,primary,wf2_featurewise,5,DB4,DB4,True,0.9997026324272156
1537,DB4,P43,DB4_P43_T10_relabeled,R,primary,wf2_featurewise,5,DB4,DB4,True,0.9998778104782104
1539,DB3,P07,DB3_P07_A_T08_relabeled,R,primary,wf2_featurewise,5,DB3,DB3,True,0.9983474016189575
1545,DB5,P19,DB5_P19_T08_l_comf_relabeled,L,primary,wf2_featurewise,5,DB5,DB5,True,0.9999992847442627
1553,DB4,P14,DB4_P14_T08_relabeled,R,primary,wf2_featurewise,5,DB4,DB4,True,0.9978698492050171
1555,DB4,P25,DB4_P25_T16_relabeled,R,primary,wf2_featurewise,5,DB4,DB4,True,0.9995222091674805
1556,DB4,P52,DB4_P52_T05_relabeled,R,primary,wf2_featurewise,5,DB4,DB4,True,0.999968409538269
1561,DB1,P48,DB1_P48_C1_T03_relabeled,L,primary,wf2_featurewise,5,DB1,DB1,True,0.9999620914459229
1569,DB5,P12,DB5_P12_T06_l_comf_relabeled,L,primary,wf2_featurewise,5,DB5,DB5,True,0.9999951124191284
1570,DB5,P12,DB5_P12_T04_l_comf_relabeled,L,primary,wf2_featurewise,5,DB5,DB5,True,0.9999916553497314
1575,DB1,P48,DB1_P48_C1_T02_relabeled,L,primary,wf2_featurewise,5,DB1,DB1,True,0.9996217489242554
1584,DB5,P21,DB5_P21_T09_l_comf_relabeled,L,primary,wf2_featurewise,5,DB5,DB5,True,0.9999947547912598
1590,DB5,P19,DB5_P19_T29_l_slow_relabeled,L,primary,wf2_featurewise,5,DB5,DB5,True,0.9999997615814209
1593,DB4,P02,DB4_P02_T19_relabeled,R,primary,wf2_featurewise,5,DB4,DB4,True,0.9999923706054688
1594,DB2,P11,DB2_P11_T05_65_relabeled,L,primary,wf2_featurewise,5,DB2,DB2,True,0.9999954700469971
1600,DB3,P07,DB3_P07_A_T11_relabeled,L,primary,wf2_featurewise,5,DB3,DB3,True,0.9999603033065796
1604,DB3,P15,DB3_P15_A_T07_relabeled,R,primary,wf2_featurewise,5,DB3,DB3,True,0.9969340562820435
1607,DB5,P21,DB5_P21_T34_r_slow_relabeled,L,primary,wf2_featurewise,5,DB5,DB5,True,0.9999938011169434
1609,DB1,P46,DB1_P46_C3_T02_relabeled,L,primary,wf2_featurewise,5,DB1,DB1,True,0.9998811483383179
1610,DB5,P19,DB5_P19_T01_l_comf_relabeled,L,primary,wf2_featurewise,5,DB5,DB5,True,0.9999947547912598
1613,DB4,P25,DB4_P25_T13_relabeled,R,primary,wf2_featurewise,5,DB4,DB4,True,0.9995317459106445
1617,DB3,P07,DB3_P07_A_T02_relabeled,R,primary,wf2_featurewise,5,DB3,DB3,True,0.9998421669006348
1618,DB5,P06,DB5_P06_T16_r_comf_relabeled,L,primary,wf2_featurewise,5,DB5,DB5,True,0.9999997615814209
1623,DB1,P46,DB1_P46_C2_T02_relabeled,L,primary,wf2_featurewise,5,DB1,DB1,True,0.9998021721839905
1636,DB5,P12,DB5_P12_T24_l_slow_relabeled,L,primary,wf2_featurewise,5,DB5,DB5,True,0.9999996423721313
1638,DB2,P07,DB2_P07_T04_p_relabeled,L,primary,wf2_featurewise,5,DB2,DB2,True,0.9999994039535522
1654,DB4,P25,DB4_P25_T09_relabeled,R,primary,wf2_featurewise,5,DB4,DB4,True,0.999799907207489
1655,DB5,P19,DB5_P19_T27_l_slow_relabeled,L,primary,wf2_featurewise,5,DB5,DB5,True,0.9999990463256836
1656,DB5,P19,DB5_P19_T12_r_comf_relabeled,L,primary,wf2_featurewise,5,DB5,DB5,True,0.999996542930603
1662,DB5,P21,DB5_P21_T21_l_slow_relabeled,L,primary,wf2_featurewise,5,DB5,DB5,True,0.9999939203262329
1668,DB5,P19,DB5_P19_T07_l_comf_relabeled,L,primary,wf2_featurewise,5,DB5,DB5,True,0.9999986886978149
1694,DB5,P06,DB5_P06_T21_r_comf_relabeled,L,primary,wf2_featurewise,5,DB5,DB5,True,0.9999982118606567
1697,DB5,P19,DB5_P19_T21_r_comf_relabeled,L,primary,wf2_featurewise,5,DB5,DB5,True,0.9999973773956299
1699,DB4,P14,DB4_P14_T02_relabeled,R,primary,wf2_featurewise,5,DB4,DB4,True,0.9992328882217407
1712,DB4,P52,DB4_P52_T15_relabeled,R,primary,wf2_featurewise,5,DB4,DB4,True,0.9999916553497314
1718,DB1,P21,DB1_P21_C2_T03_relabeled,L,primary,wf2_featurewise,5,DB1,DB1,True,0.999924898147583
1722,DB4,P10,DB4_P10_T14_relabeled,R,primary,wf2_featurewise,5,DB4,DB4,True,0.9999943971633911
1725,DB5,P21,DB5_P21_T15_r_comf_relabeled,L,primary,wf2_featurewise,5,DB5,DB5,True,0.9999872446060181
1729,DB4,P43,DB4_P43_T03_relabeled,R,primary,wf2_featurewise,5,DB4,DB4,True,0.9999485015869141
1732,DB4,P13,DB4_P13_T23_relabeled,R,primary,wf2_featurewise,5,DB4,DB4,True,0.9999979734420776
1735,DB4,P12,DB4_P12_T08_relabeled,L,primary,wf2_featurewise,5,DB4,DB4,True,0.999943733215332
1742,DB4,P25,DB4_P25_T22_relabeled,R,primary,wf2_featurewise,5,DB4,DB4,True,0.9998997449874878
1744,DB4,P09,DB4_P09_T12_relabeled,R,primary,wf2_featurewise,5,DB4,DB4,True,0.9999984502792358
1747,DB4,P14,DB4_P14_T13_relabeled,R,primary,wf2_featurewise,5,DB4,DB4,True,0.9999812841415405
1754,DB4,P13,DB4_P13_T04_relabeled,R,primary,wf2_featurewise,5,DB4,DB4,True,0.9999983310699463
1756,DB1,P41,DB1_P41_C3_T04_relabeled,L,primary,wf2_featurewise,5,DB1,DB1,True,0.9999083280563354
1757,DB4,P43,DB4_P43_T17_relabeled,R,primary,wf2_featurewise,5,DB4,DB4,True,0.9988142251968384
1775,DB3,P12,DB3_P12_A_T13,R,primary,wf2_featurewise,5,DB3,DB3,True,0.9999992847442627
1783,DB4,P12,DB4_P12_T05_relabeled,R,primary,wf2_featurewise,5,DB4,DB4,True,0.999998927116394
1785,DB4,P13,DB4_P13_T19_relabeled,L,primary,wf2_featurewise,5,DB4,DB4,True,0.9999414682388306
1788,DB2,P11,DB2_P11_T04_-65_relabeled,L,primary,wf2_featurewise,5,DB2,DB2,True,0.9999887943267822
1790,DB4,P09,DB4_P09_T017_relabeled,R,primary,wf2_featurewise,5,DB4,DB4,True,0.9999942779541016
1793,DB5,P21,DB5_P21_T39_r_slow_relabeled,L,primary,wf2_featurewise,5,DB5,DB5,True,0.9999939203262329
1806,DB4,P09,DB4_P09_T18_relabeled,R,primary,wf2_featurewise,5,DB4,DB4,True,0.9999890327453613
1812,DB3,P17,DB3_P17_A_T02,R,primary,wf2_featurewise,5,DB3,DB3,True,0.9999839067459106
1821,DB4,P12,DB4_P12_T21_relabeled,R,primary,wf2_featurewise,5,DB4,DB4,True,0.9999724626541138
1823,DB5,P12,DB5_P12_T12_r_comf_relabeled,L,primary,wf2_featurewise,5,DB5,DB5,True,0.9999872446060181
1824,DB5,P12,DB5_P12_T40_r_slow_relabeled,L,primary,wf2_featurewise,5,DB5,DB5,True,0.9999996423721313
1827,DB1,P20,DB1_P20_C2_T03_relabeled,L,primary,wf2_featurewise,5,DB1,DB1,True,0.9999486207962036
1832,DB4,P12,DB4_P12_T23_relabeled,R,primary,wf2_featurewise,5,DB4,DB4,True,0.9999890327453613
1833,DB2,P07,DB2_P07_T03_250_relabeled,L,primary,wf2_featurewise,5,DB2,DB2,True,0.9999940395355225
1853,DB4,P25,DB4_P25_T18_relabeled,R,primary,wf2_featurewise,5,DB4,DB4,True,0.998915433883667
1859,DB5,P21,DB5_P21_T06_l_comf_relabeled,L,primary,wf2_featurewise,5,DB5,DB5,True,0.9999895095825195
1865,DB4,P10,DB4_P10_T22_relabeled,R,primary,wf2_featurewise,5,DB4,DB4,True,0.9999867677688599
1868,DB5,P06,DB5_P06_T03_l_comf_relabeled,L,primary,wf2_featurewise,5,DB5,DB5,True,0.9999988079071045
1870,DB4,P52,DB4_P52_T02_relabeled,R,primary,wf2_featurewise,5,DB4,DB4,True,0.9999879598617554
1872,DB4,P25,DB4_P25_T14_relabeled,R,primary,wf2_featurewise,5,DB4,DB4,True,0.9998928308486938
1875,DB4,P14,DB4_P14_T15_relabeled,R,primary,wf2_featurewise,5,DB4,DB4,True,0.9999716281890869
1878,DB2,P11,DB2_P11_T05_130_relabeled,L,primary,wf2_featurewise,5,DB2,DB2,True,0.9999741315841675
1879,DB4,P12,DB4_P12_T14_relabeled,R,primary,wf2_featurewise,5,DB4,DB4,True,0.9999843835830688
1889,DB2,P11,DB2_P11_T03_-130_relabeled,L,primary,wf2_featurewise,5,DB2,DB2,True,0.999994158744812
1891,DB3,P07,DB3_P07_A_T05_relabeled,L,primary,wf2_featurewise,5,DB3,DB3,True,0.9999939203262329
1893,DB5,P19,DB5_P19_T15_r_comf_relabeled,L,primary,wf2_featurewise,5,DB5,DB5,True,0.999992847442627
1894,DB4,P43,DB4_P43_T09_relabeled,R,primary,wf2_featurewise,5,DB4,DB4,True,0.9997838139533997
1895,DB5,P21,DB5_P21_T36_r_slow_relabeled,L,primary,wf2_featurewise,5,DB5,DB5,True,0.9999892711639404
1900,DB5,P12,DB5_P12_T20_r_comf_relabeled,L,primary,wf2_featurewise,5,DB5,DB5,True,0.999997615814209
