
Case 2 full MLP training
========================
Analysis: primary
Samples: 1902
DB
DB1    169
DB2    235
DB3    199
DB4    677
DB5    622
Name: count, dtype: int64
Channels: 6
Input size: 606
Methods: ['wf1_featurewise', 'wf1_timeserieswise', 'wf2_featurewise', 'wf2_timeserieswise', 'wf3_trialwise']
Folds: [1, 2, 3, 4, 5]
Fits per workflow/fold: 90 grid combinations
Device: mps

wf1_featurewise: Pool then feature-wise scale
    1/90 h=32 lr=1e-05 bs=8
      val_loss=0.026411, best_epoch=233, runtime=1.1 min
    2/90 h=32 lr=1e-05 bs=16
      val_loss=0.038472, best_epoch=292, runtime=0.7 min
    3/90 h=32 lr=1e-05 bs=32
      val_loss=0.052901, best_epoch=407, runtime=0.5 min
    4/90 h=32 lr=1e-05 bs=64
      val_loss=0.058748, best_epoch=557, runtime=0.4 min
    5/90 h=32 lr=1e-05 bs=128
      val_loss=0.083102, best_epoch=966, runtime=0.3 min
    6/90 h=32 lr=0.0001 bs=8
      val_loss=0.011721, best_epoch=77, runtime=0.5 min
    7/90 h=32 lr=0.0001 bs=16
      val_loss=0.011862, best_epoch=108, runtime=0.3 min
    8/90 h=32 lr=0.0001 bs=32
      val_loss=0.022016, best_epoch=128, runtime=0.2 min
    9/90 h=32 lr=0.0001 bs=64
      val_loss=0.022042, best_epoch=158, runtime=0.1 min
    10/90 h=32 lr=0.0001 bs=128
      val_loss=0.035457, best_epoch=264, runtime=0.1 min
    11/90 h=32 lr=0.001 bs=8
      val_loss=0.009045, best_epoch=24, runtime=0.2 min
    12/90 h=32 lr=0.001 bs=16
      val_loss=0.006259, best_epoch=44, runtime=0.2 min
    13/90 h=32 lr=0.001 bs=32
      val_loss=0.012512, best_epoch=24, runtime=0.1 min
    14/90 h=32 lr=0.001 bs=64
      val_loss=0.011387, best_epoch=67, runtime=0.1 min
    15/90 h=32 lr=0.001 bs=128
      val_loss=0.019800, best_epoch=67, runtime=0.0 min
    16/90 h=64 lr=1e-05 bs=8
      val_loss=0.023741, best_epoch=176, runtime=0.9 min
    17/90 h=64 lr=1e-05 bs=16
      val_loss=0.032452, best_epoch=225, runtime=0.6 min
    18/90 h=64 lr=1e-05 bs=32
      val_loss=0.037830, best_epoch=311, runtime=0.4 min
    19/90 h=64 lr=1e-05 bs=64
      val_loss=0.050792, best_epoch=452, runtime=0.3 min
    20/90 h=64 lr=1e-05 bs=128
      val_loss=0.067528, best_epoch=716, runtime=0.3 min
    21/90 h=64 lr=0.0001 bs=8
      val_loss=0.014808, best_epoch=53, runtime=0.4 min
    22/90 h=64 lr=0.0001 bs=16
      val_loss=0.012053, best_epoch=75, runtime=0.2 min
    23/90 h=64 lr=0.0001 bs=32
      val_loss=0.016752, best_epoch=96, runtime=0.1 min
    24/90 h=64 lr=0.0001 bs=64
      val_loss=0.022788, best_epoch=127, runtime=0.1 min
    25/90 h=64 lr=0.0001 bs=128
      val_loss=0.025802, best_epoch=225, runtime=0.1 min
    26/90 h=64 lr=0.001 bs=8
      val_loss=0.005232, best_epoch=13, runtime=0.2 min
    27/90 h=64 lr=0.001 bs=16
      val_loss=0.008736, best_epoch=22, runtime=0.1 min
    28/90 h=64 lr=0.001 bs=32
      val_loss=0.014340, best_epoch=15, runtime=0.1 min
    29/90 h=64 lr=0.001 bs=64
      val_loss=0.013260, best_epoch=28, runtime=0.0 min
    30/90 h=64 lr=0.001 bs=128
      val_loss=0.017825, best_epoch=74, runtime=0.0 min
    31/90 h=128 lr=1e-05 bs=8
      val_loss=0.022237, best_epoch=149, runtime=0.8 min
    32/90 h=128 lr=1e-05 bs=16
      val_loss=0.024893, best_epoch=226, runtime=0.6 min
    33/90 h=128 lr=1e-05 bs=32
      val_loss=0.031347, best_epoch=291, runtime=0.4 min
    34/90 h=128 lr=1e-05 bs=64
      val_loss=0.037470, best_epoch=418, runtime=0.3 min
    35/90 h=128 lr=1e-05 bs=128
      val_loss=0.058700, best_epoch=535, runtime=0.2 min
    36/90 h=128 lr=0.0001 bs=8
      val_loss=0.011670, best_epoch=39, runtime=0.3 min
    37/90 h=128 lr=0.0001 bs=16
      val_loss=0.012630, best_epoch=73, runtime=0.2 min
    38/90 h=128 lr=0.0001 bs=32
      val_loss=0.015202, best_epoch=91, runtime=0.1 min
    39/90 h=128 lr=0.0001 bs=64
      val_loss=0.019868, best_epoch=109, runtime=0.1 min
    40/90 h=128 lr=0.0001 bs=128
      val_loss=0.023032, best_epoch=149, runtime=0.1 min
    41/90 h=128 lr=0.001 bs=8
      val_loss=0.006768, best_epoch=11, runtime=0.2 min
    42/90 h=128 lr=0.001 bs=16
      val_loss=0.005112, best_epoch=27, runtime=0.1 min
    43/90 h=128 lr=0.001 bs=32
      val_loss=0.007599, best_epoch=39, runtime=0.1 min
    44/90 h=128 lr=0.001 bs=64
      val_loss=0.014775, best_epoch=18, runtime=0.0 min
    45/90 h=128 lr=0.001 bs=128
      val_loss=0.013916, best_epoch=56, runtime=0.0 min
    46/90 h=256 lr=1e-05 bs=8
      val_loss=0.019130, best_epoch=120, runtime=1.8 min
    47/90 h=256 lr=1e-05 bs=16
      val_loss=0.024761, best_epoch=168, runtime=1.2 min
    48/90 h=256 lr=1e-05 bs=32
      val_loss=0.026401, best_epoch=233, runtime=0.8 min
    49/90 h=256 lr=1e-05 bs=64
      val_loss=0.036798, best_epoch=305, runtime=0.5 min
    50/90 h=256 lr=1e-05 bs=128
      val_loss=0.050645, best_epoch=418, runtime=0.4 min
    51/90 h=256 lr=0.0001 bs=8
      val_loss=0.010612, best_epoch=45, runtime=0.9 min
    52/90 h=256 lr=0.0001 bs=16
      val_loss=0.011149, best_epoch=56, runtime=0.5 min
    53/90 h=256 lr=0.0001 bs=32
      val_loss=0.016256, best_epoch=56, runtime=0.2 min
    54/90 h=256 lr=0.0001 bs=64
      val_loss=0.019376, best_epoch=83, runtime=0.2 min
    55/90 h=256 lr=0.0001 bs=128
      val_loss=0.022993, best_epoch=120, runtime=0.1 min
    56/90 h=256 lr=0.001 bs=8
      val_loss=0.005618, best_epoch=21, runtime=0.3 min
    57/90 h=256 lr=0.001 bs=16
      val_loss=0.006857, best_epoch=14, runtime=0.1 min
    58/90 h=256 lr=0.001 bs=32
      val_loss=0.003683, best_epoch=40, runtime=0.1 min
    59/90 h=256 lr=0.001 bs=64
      val_loss=0.015076, best_epoch=13, runtime=0.0 min
    60/90 h=256 lr=0.001 bs=128
      val_loss=0.011887, best_epoch=37, runtime=0.0 min
    61/90 h=512 lr=1e-05 bs=8
      val_loss=0.016234, best_epoch=109, runtime=0.9 min
    62/90 h=512 lr=1e-05 bs=16
      val_loss=0.019863, best_epoch=139, runtime=0.6 min
    63/90 h=512 lr=1e-05 bs=32
      val_loss=0.025998, best_epoch=185, runtime=0.4 min
    64/90 h=512 lr=1e-05 bs=64
      val_loss=0.034551, best_epoch=253, runtime=0.3 min
    65/90 h=512 lr=1e-05 bs=128
      val_loss=0.045091, best_epoch=345, runtime=0.2 min
    66/90 h=512 lr=0.0001 bs=8
      val_loss=0.006734, best_epoch=39, runtime=0.5 min
    67/90 h=512 lr=0.0001 bs=16
      val_loss=0.012912, best_epoch=29, runtime=0.2 min
    68/90 h=512 lr=0.0001 bs=32
      val_loss=0.011216, best_epoch=68, runtime=0.2 min
    69/90 h=512 lr=0.0001 bs=64
      val_loss=0.014275, best_epoch=77, runtime=0.1 min
    70/90 h=512 lr=0.0001 bs=128
      val_loss=0.018956, best_epoch=106, runtime=0.1 min
    71/90 h=512 lr=0.001 bs=8
      val_loss=0.001976, best_epoch=32, runtime=0.4 min
    72/90 h=512 lr=0.001 bs=16
      val_loss=0.004882, best_epoch=15, runtime=0.2 min
    73/90 h=512 lr=0.001 bs=32
      val_loss=0.005518, best_epoch=17, runtime=0.1 min
    74/90 h=512 lr=0.001 bs=64
      val_loss=0.008626, best_epoch=42, runtime=0.1 min
    75/90 h=512 lr=0.001 bs=128
      val_loss=0.009234, best_epoch=42, runtime=0.0 min
    76/90 h=1024 lr=1e-05 bs=8
      val_loss=0.014414, best_epoch=87, runtime=1.0 min
    77/90 h=1024 lr=1e-05 bs=16
      val_loss=0.019477, best_epoch=105, runtime=0.5 min
    78/90 h=1024 lr=1e-05 bs=32
      val_loss=0.022234, best_epoch=161, runtime=0.4 min
    79/90 h=1024 lr=1e-05 bs=64
      val_loss=0.026649, best_epoch=224, runtime=0.3 min
    80/90 h=1024 lr=1e-05 bs=128
      val_loss=0.039245, best_epoch=287, runtime=0.1 min
    81/90 h=1024 lr=0.0001 bs=8
      val_loss=0.008631, best_epoch=24, runtime=0.5 min
    82/90 h=1024 lr=0.0001 bs=16
      val_loss=0.008473, best_epoch=51, runtime=0.3 min
    83/90 h=1024 lr=0.0001 bs=32
      val_loss=0.010290, best_epoch=54, runtime=0.2 min
    84/90 h=1024 lr=0.0001 bs=64
      val_loss=0.015565, best_epoch=62, runtime=0.1 min
    85/90 h=1024 lr=0.0001 bs=128
      val_loss=0.019068, best_epoch=67, runtime=0.0 min
    86/90 h=1024 lr=0.001 bs=8
      val_loss=0.002548, best_epoch=10, runtime=0.3 min
    87/90 h=1024 lr=0.001 bs=16
      val_loss=0.002376, best_epoch=19, runtime=0.2 min
    88/90 h=1024 lr=0.001 bs=32
      val_loss=0.007804, best_epoch=22, runtime=0.1 min
    89/90 h=1024 lr=0.001 bs=64
      val_loss=0.005734, best_epoch=40, runtime=0.1 min
    90/90 h=1024 lr=0.001 bs=128
      val_loss=0.011262, best_epoch=45, runtime=0.0 min
  Fold 1: accuracy=1.0000, balanced_accuracy=1.0000, macro_f1=1.0000
    1/90 h=32 lr=1e-05 bs=8
      val_loss=0.094375, best_epoch=236, runtime=1.2 min
    2/90 h=32 lr=1e-05 bs=16
      val_loss=0.118715, best_epoch=301, runtime=0.8 min
    3/90 h=32 lr=1e-05 bs=32
      val_loss=0.097667, best_epoch=412, runtime=0.5 min
    4/90 h=32 lr=1e-05 bs=64
      val_loss=0.115501, best_epoch=554, runtime=0.4 min
    5/90 h=32 lr=1e-05 bs=128
      val_loss=0.119750, best_epoch=845, runtime=0.3 min
    6/90 h=32 lr=0.0001 bs=8
      val_loss=0.022135, best_epoch=117, runtime=0.6 min
    7/90 h=32 lr=0.0001 bs=16
      val_loss=0.049438, best_epoch=141, runtime=0.4 min
    8/90 h=32 lr=0.0001 bs=32
      val_loss=0.025852, best_epoch=189, runtime=0.3 min
    9/90 h=32 lr=0.0001 bs=64
      val_loss=0.063158, best_epoch=205, runtime=0.1 min
    10/90 h=32 lr=0.0001 bs=128
      val_loss=0.057627, best_epoch=240, runtime=0.1 min
    11/90 h=32 lr=0.001 bs=8
      val_loss=0.009186, best_epoch=52, runtime=0.4 min
    12/90 h=32 lr=0.001 bs=16
      val_loss=0.011181, best_epoch=57, runtime=0.2 min
    13/90 h=32 lr=0.001 bs=32
      val_loss=0.012946, best_epoch=123, runtime=0.2 min
    14/90 h=32 lr=0.001 bs=64
      val_loss=0.086892, best_epoch=25, runtime=0.0 min
    15/90 h=32 lr=0.001 bs=128
      val_loss=0.061356, best_epoch=128, runtime=0.1 min
    16/90 h=64 lr=1e-05 bs=8
      val_loss=0.074955, best_epoch=170, runtime=0.9 min
    17/90 h=64 lr=1e-05 bs=16
      val_loss=0.084454, best_epoch=258, runtime=0.6 min
    18/90 h=64 lr=1e-05 bs=32
      val_loss=0.061946, best_epoch=369, runtime=0.5 min
    19/90 h=64 lr=1e-05 bs=64
      val_loss=0.086430, best_epoch=477, runtime=0.3 min
    20/90 h=64 lr=1e-05 bs=128
      val_loss=0.110052, best_epoch=651, runtime=0.2 min
    21/90 h=64 lr=0.0001 bs=8
      val_loss=0.023151, best_epoch=86, runtime=0.5 min
    22/90 h=64 lr=0.0001 bs=16
      val_loss=0.026832, best_epoch=130, runtime=0.4 min
    23/90 h=64 lr=0.0001 bs=32
      val_loss=0.026806, best_epoch=149, runtime=0.2 min
    24/90 h=64 lr=0.0001 bs=64
      val_loss=0.054294, best_epoch=172, runtime=0.1 min
    25/90 h=64 lr=0.0001 bs=128
      val_loss=0.066025, best_epoch=220, runtime=0.1 min
    26/90 h=64 lr=0.001 bs=8
      val_loss=0.008440, best_epoch=45, runtime=0.3 min
    27/90 h=64 lr=0.001 bs=16
      val_loss=0.023259, best_epoch=16, runtime=0.1 min
    28/90 h=64 lr=0.001 bs=32
      val_loss=0.059703, best_epoch=53, runtime=0.1 min
    29/90 h=64 lr=0.001 bs=64
      val_loss=0.072947, best_epoch=34, runtime=0.0 min
    30/90 h=64 lr=0.001 bs=128
      val_loss=0.051375, best_epoch=105, runtime=0.0 min
    31/90 h=128 lr=1e-05 bs=8
      val_loss=0.061995, best_epoch=161, runtime=0.9 min
    32/90 h=128 lr=1e-05 bs=16
      val_loss=0.074522, best_epoch=221, runtime=0.6 min
    33/90 h=128 lr=1e-05 bs=32
      val_loss=0.071425, best_epoch=298, runtime=0.4 min
    34/90 h=128 lr=1e-05 bs=64
      val_loss=0.077726, best_epoch=379, runtime=0.2 min
    35/90 h=128 lr=1e-05 bs=128
      val_loss=0.122411, best_epoch=540, runtime=0.2 min
    36/90 h=128 lr=0.0001 bs=8
      val_loss=0.018333, best_epoch=74, runtime=0.5 min
    37/90 h=128 lr=0.0001 bs=16
      val_loss=0.033061, best_epoch=88, runtime=0.3 min
    38/90 h=128 lr=0.0001 bs=32
      val_loss=0.044558, best_epoch=140, runtime=0.2 min
    39/90 h=128 lr=0.0001 bs=64
      val_loss=0.039853, best_epoch=163, runtime=0.1 min
    40/90 h=128 lr=0.0001 bs=128
      val_loss=0.068912, best_epoch=178, runtime=0.1 min
    41/90 h=128 lr=0.001 bs=8
      val_loss=0.011273, best_epoch=48, runtime=0.4 min
    42/90 h=128 lr=0.001 bs=16
      val_loss=0.016268, best_epoch=29, runtime=0.1 min
    43/90 h=128 lr=0.001 bs=32
      val_loss=0.017693, best_epoch=39, runtime=0.1 min
    44/90 h=128 lr=0.001 bs=64
      val_loss=0.039039, best_epoch=80, runtime=0.1 min
    45/90 h=128 lr=0.001 bs=128
      val_loss=0.052317, best_epoch=100, runtime=0.0 min
    46/90 h=256 lr=1e-05 bs=8
      val_loss=0.060241, best_epoch=133, runtime=1.9 min
    47/90 h=256 lr=1e-05 bs=16
      val_loss=0.070460, best_epoch=235, runtime=1.6 min
    48/90 h=256 lr=1e-05 bs=32
      val_loss=0.074393, best_epoch=227, runtime=0.8 min
    49/90 h=256 lr=1e-05 bs=64
      val_loss=0.099798, best_epoch=332, runtime=0.6 min
    50/90 h=256 lr=1e-05 bs=128
      val_loss=0.092692, best_epoch=497, runtime=0.5 min
    51/90 h=256 lr=0.0001 bs=8
      val_loss=0.033188, best_epoch=52, runtime=1.0 min
    52/90 h=256 lr=0.0001 bs=16
      val_loss=0.035886, best_epoch=83, runtime=0.7 min
    53/90 h=256 lr=0.0001 bs=32
      val_loss=0.046680, best_epoch=104, runtime=0.2 min
    54/90 h=256 lr=0.0001 bs=64
      val_loss=0.047925, best_epoch=141, runtime=0.1 min
    55/90 h=256 lr=0.0001 bs=128
      val_loss=0.048124, best_epoch=171, runtime=0.1 min
    56/90 h=256 lr=0.001 bs=8
      val_loss=0.011148, best_epoch=12, runtime=0.2 min
    57/90 h=256 lr=0.001 bs=16
      val_loss=0.016860, best_epoch=18, runtime=0.1 min
    58/90 h=256 lr=0.001 bs=32
      val_loss=0.028636, best_epoch=42, runtime=0.1 min
    59/90 h=256 lr=0.001 bs=64
      val_loss=0.033400, best_epoch=99, runtime=0.1 min
    60/90 h=256 lr=0.001 bs=128
      val_loss=0.045984, best_epoch=122, runtime=0.1 min
    61/90 h=512 lr=1e-05 bs=8
      val_loss=0.062173, best_epoch=138, runtime=1.1 min
    62/90 h=512 lr=1e-05 bs=16
      val_loss=0.060270, best_epoch=162, runtime=0.7 min
    63/90 h=512 lr=1e-05 bs=32
      val_loss=0.065627, best_epoch=246, runtime=0.5 min
    64/90 h=512 lr=1e-05 bs=64
      val_loss=0.075852, best_epoch=265, runtime=0.3 min
    65/90 h=512 lr=1e-05 bs=128
      val_loss=0.089171, best_epoch=380, runtime=0.2 min
    66/90 h=512 lr=0.0001 bs=8
      val_loss=0.017974, best_epoch=93, runtime=0.8 min
    67/90 h=512 lr=0.0001 bs=16
      val_loss=0.022256, best_epoch=111, runtime=0.5 min
    68/90 h=512 lr=0.0001 bs=32
      val_loss=0.047636, best_epoch=103, runtime=0.2 min
    69/90 h=512 lr=0.0001 bs=64
      val_loss=0.066289, best_epoch=123, runtime=0.1 min
    70/90 h=512 lr=0.0001 bs=128
      val_loss=0.045833, best_epoch=138, runtime=0.1 min
    71/90 h=512 lr=0.001 bs=8
      val_loss=0.007587, best_epoch=21, runtime=0.3 min
    72/90 h=512 lr=0.001 bs=16
      val_loss=0.019416, best_epoch=23, runtime=0.2 min
    73/90 h=512 lr=0.001 bs=32
      val_loss=0.019515, best_epoch=38, runtime=0.1 min
    74/90 h=512 lr=0.001 bs=64
      val_loss=0.044978, best_epoch=40, runtime=0.1 min
    75/90 h=512 lr=0.001 bs=128
      val_loss=0.043125, best_epoch=77, runtime=0.1 min
    76/90 h=1024 lr=1e-05 bs=8
      val_loss=0.043281, best_epoch=134, runtime=1.4 min
    77/90 h=1024 lr=1e-05 bs=16
      val_loss=0.063049, best_epoch=182, runtime=0.9 min
    78/90 h=1024 lr=1e-05 bs=32
      val_loss=0.068315, best_epoch=197, runtime=0.5 min
    79/90 h=1024 lr=1e-05 bs=64
      val_loss=0.075766, best_epoch=244, runtime=0.3 min
    80/90 h=1024 lr=1e-05 bs=128
      val_loss=0.088248, best_epoch=322, runtime=0.1 min
    81/90 h=1024 lr=0.0001 bs=8
      val_loss=0.022758, best_epoch=41, runtime=0.6 min
    82/90 h=1024 lr=0.0001 bs=16
      val_loss=0.024406, best_epoch=79, runtime=0.4 min
    83/90 h=1024 lr=0.0001 bs=32
      val_loss=0.029412, best_epoch=136, runtime=0.4 min
    84/90 h=1024 lr=0.0001 bs=64
      val_loss=0.045841, best_epoch=112, runtime=0.2 min
    85/90 h=1024 lr=0.0001 bs=128
      val_loss=0.051793, best_epoch=167, runtime=0.1 min
    86/90 h=1024 lr=0.001 bs=8
      val_loss=0.005543, best_epoch=20, runtime=0.4 min
    87/90 h=1024 lr=0.001 bs=16
      val_loss=0.013001, best_epoch=49, runtime=0.3 min
    88/90 h=1024 lr=0.001 bs=32
      val_loss=0.034209, best_epoch=30, runtime=0.1 min
    89/90 h=1024 lr=0.001 bs=64
      val_loss=0.038732, best_epoch=75, runtime=0.1 min
    90/90 h=1024 lr=0.001 bs=128
      val_loss=0.055693, best_epoch=68, runtime=0.0 min
  Fold 2: accuracy=0.9785, balanced_accuracy=0.9786, macro_f1=0.9750
    1/90 h=32 lr=1e-05 bs=8
      val_loss=0.106937, best_epoch=198, runtime=1.0 min
    2/90 h=32 lr=1e-05 bs=16
      val_loss=0.146313, best_epoch=300, runtime=0.8 min
    3/90 h=32 lr=1e-05 bs=32
      val_loss=0.130232, best_epoch=379, runtime=0.5 min
    4/90 h=32 lr=1e-05 bs=64
      val_loss=0.146631, best_epoch=474, runtime=0.3 min
    5/90 h=32 lr=1e-05 bs=128
      val_loss=0.143184, best_epoch=798, runtime=0.3 min
    6/90 h=32 lr=0.0001 bs=8
      val_loss=0.101396, best_epoch=55, runtime=0.4 min
    7/90 h=32 lr=0.0001 bs=16
      val_loss=0.103470, best_epoch=95, runtime=0.3 min
    8/90 h=32 lr=0.0001 bs=32
      val_loss=0.088866, best_epoch=119, runtime=0.2 min
    9/90 h=32 lr=0.0001 bs=64
      val_loss=0.082516, best_epoch=197, runtime=0.1 min
    10/90 h=32 lr=0.0001 bs=128
      val_loss=0.105015, best_epoch=266, runtime=0.1 min
    11/90 h=32 lr=0.001 bs=8
      val_loss=0.026349, best_epoch=64, runtime=0.4 min
    12/90 h=32 lr=0.001 bs=16
      val_loss=0.015309, best_epoch=87, runtime=0.3 min
    13/90 h=32 lr=0.001 bs=32
      val_loss=0.054726, best_epoch=48, runtime=0.1 min
    14/90 h=32 lr=0.001 bs=64
      val_loss=0.082118, best_epoch=90, runtime=0.1 min
    15/90 h=32 lr=0.001 bs=128
      val_loss=0.095617, best_epoch=42, runtime=0.0 min
    16/90 h=64 lr=1e-05 bs=8
      val_loss=0.115133, best_epoch=138, runtime=0.8 min
    17/90 h=64 lr=1e-05 bs=16
      val_loss=0.122267, best_epoch=201, runtime=0.5 min
    18/90 h=64 lr=1e-05 bs=32
      val_loss=0.141653, best_epoch=278, runtime=0.4 min
    19/90 h=64 lr=1e-05 bs=64
      val_loss=0.143793, best_epoch=415, runtime=0.3 min
    20/90 h=64 lr=1e-05 bs=128
      val_loss=0.162882, best_epoch=662, runtime=0.2 min
    21/90 h=64 lr=0.0001 bs=8
      val_loss=0.105584, best_epoch=47, runtime=0.3 min
    22/90 h=64 lr=0.0001 bs=16
      val_loss=0.112874, best_epoch=67, runtime=0.2 min
    23/90 h=64 lr=0.0001 bs=32
      val_loss=0.130470, best_epoch=62, runtime=0.1 min
    24/90 h=64 lr=0.0001 bs=64
      val_loss=0.093779, best_epoch=184, runtime=0.1 min
    25/90 h=64 lr=0.0001 bs=128
      val_loss=0.121958, best_epoch=156, runtime=0.1 min
    26/90 h=64 lr=0.001 bs=8
      val_loss=0.060947, best_epoch=16, runtime=0.2 min
    27/90 h=64 lr=0.001 bs=16
      val_loss=0.078246, best_epoch=31, runtime=0.1 min
    28/90 h=64 lr=0.001 bs=32
      val_loss=0.123061, best_epoch=43, runtime=0.1 min
    29/90 h=64 lr=0.001 bs=64
      val_loss=0.093865, best_epoch=41, runtime=0.0 min
    30/90 h=64 lr=0.001 bs=128
      val_loss=0.120785, best_epoch=56, runtime=0.0 min
    31/90 h=128 lr=1e-05 bs=8
      val_loss=0.141124, best_epoch=112, runtime=0.7 min
    32/90 h=128 lr=1e-05 bs=16
      val_loss=0.125166, best_epoch=172, runtime=0.5 min
    33/90 h=128 lr=1e-05 bs=32
      val_loss=0.124271, best_epoch=237, runtime=0.4 min
    34/90 h=128 lr=1e-05 bs=64
      val_loss=0.137716, best_epoch=329, runtime=0.2 min
    35/90 h=128 lr=1e-05 bs=128
      val_loss=0.137850, best_epoch=494, runtime=0.2 min
    36/90 h=128 lr=0.0001 bs=8
      val_loss=0.069539, best_epoch=58, runtime=0.4 min
    37/90 h=128 lr=0.0001 bs=16
      val_loss=0.114714, best_epoch=37, runtime=0.2 min
    38/90 h=128 lr=0.0001 bs=32
      val_loss=0.130952, best_epoch=51, runtime=0.1 min
    39/90 h=128 lr=0.0001 bs=64
      val_loss=0.103230, best_epoch=112, runtime=0.1 min
    40/90 h=128 lr=0.0001 bs=128
      val_loss=0.099411, best_epoch=143, runtime=0.1 min
    41/90 h=128 lr=0.001 bs=8
      val_loss=0.084259, best_epoch=37, runtime=0.3 min
    42/90 h=128 lr=0.001 bs=16
      val_loss=0.089350, best_epoch=21, runtime=0.1 min
    43/90 h=128 lr=0.001 bs=32
      val_loss=0.102592, best_epoch=14, runtime=0.1 min
    44/90 h=128 lr=0.001 bs=64
      val_loss=0.083667, best_epoch=52, runtime=0.1 min
    45/90 h=128 lr=0.001 bs=128
      val_loss=0.102099, best_epoch=48, runtime=0.0 min
    46/90 h=256 lr=1e-05 bs=8
      val_loss=0.115229, best_epoch=89, runtime=0.7 min
    47/90 h=256 lr=1e-05 bs=16
      val_loss=0.124987, best_epoch=134, runtime=0.5 min
    48/90 h=256 lr=1e-05 bs=32
      val_loss=0.118601, best_epoch=190, runtime=0.3 min
    49/90 h=256 lr=1e-05 bs=64
      val_loss=0.121454, best_epoch=296, runtime=0.3 min
    50/90 h=256 lr=1e-05 bs=128
      val_loss=0.134156, best_epoch=402, runtime=0.2 min
    51/90 h=256 lr=0.0001 bs=8
      val_loss=0.081597, best_epoch=52, runtime=0.5 min
    52/90 h=256 lr=0.0001 bs=16
      val_loss=0.076987, best_epoch=88, runtime=0.4 min
    53/90 h=256 lr=0.0001 bs=32
      val_loss=0.080800, best_epoch=103, runtime=0.2 min
    54/90 h=256 lr=0.0001 bs=64
      val_loss=0.085621, best_epoch=99, runtime=0.1 min
    55/90 h=256 lr=0.0001 bs=128
      val_loss=0.096705, best_epoch=105, runtime=0.1 min
    56/90 h=256 lr=0.001 bs=8
      val_loss=0.047512, best_epoch=35, runtime=0.4 min
    57/90 h=256 lr=0.001 bs=16
      val_loss=0.065748, best_epoch=50, runtime=0.2 min
    58/90 h=256 lr=0.001 bs=32
      val_loss=0.057202, best_epoch=58, runtime=0.1 min
    59/90 h=256 lr=0.001 bs=64
      val_loss=0.096893, best_epoch=22, runtime=0.0 min
    60/90 h=256 lr=0.001 bs=128
      val_loss=0.077171, best_epoch=82, runtime=0.1 min
    61/90 h=512 lr=1e-05 bs=8
      val_loss=0.112550, best_epoch=81, runtime=0.9 min
    62/90 h=512 lr=1e-05 bs=16
      val_loss=0.115517, best_epoch=91, runtime=0.8 min
    63/90 h=512 lr=1e-05 bs=32
      val_loss=0.106280, best_epoch=185, runtime=0.7 min
    64/90 h=512 lr=1e-05 bs=64
      val_loss=0.115665, best_epoch=250, runtime=0.5 min
    65/90 h=512 lr=1e-05 bs=128
      val_loss=0.127358, best_epoch=420, runtime=0.4 min
    66/90 h=512 lr=0.0001 bs=8
      val_loss=0.057315, best_epoch=73, runtime=1.3 min
    67/90 h=512 lr=0.0001 bs=16
      val_loss=0.081197, best_epoch=43, runtime=0.5 min
    68/90 h=512 lr=0.0001 bs=32
      val_loss=0.084848, best_epoch=62, runtime=0.3 min
    69/90 h=512 lr=0.0001 bs=64
      val_loss=0.096784, best_epoch=110, runtime=0.3 min
    70/90 h=512 lr=0.0001 bs=128
      val_loss=0.097637, best_epoch=101, runtime=0.1 min
    71/90 h=512 lr=0.001 bs=8
      val_loss=0.047666, best_epoch=18, runtime=0.6 min
    72/90 h=512 lr=0.001 bs=16
      val_loss=0.052001, best_epoch=33, runtime=0.4 min
    73/90 h=512 lr=0.001 bs=32
      val_loss=0.098857, best_epoch=49, runtime=0.3 min
    74/90 h=512 lr=0.001 bs=64
      val_loss=0.118200, best_epoch=27, runtime=0.1 min
    75/90 h=512 lr=0.001 bs=128
      val_loss=0.106448, best_epoch=72, runtime=0.1 min
    76/90 h=1024 lr=1e-05 bs=8
      val_loss=0.108529, best_epoch=60, runtime=1.2 min
    77/90 h=1024 lr=1e-05 bs=16
      val_loss=0.109891, best_epoch=90, runtime=1.0 min
    78/90 h=1024 lr=1e-05 bs=32
      val_loss=0.116351, best_epoch=157, runtime=0.8 min
    79/90 h=1024 lr=1e-05 bs=64
      val_loss=0.116713, best_epoch=199, runtime=0.5 min
    80/90 h=1024 lr=1e-05 bs=128
      val_loss=0.123110, best_epoch=292, runtime=0.1 min
    81/90 h=1024 lr=0.0001 bs=8
      val_loss=0.076372, best_epoch=29, runtime=0.8 min
    82/90 h=1024 lr=0.0001 bs=16
      val_loss=0.082589, best_epoch=49, runtime=0.6 min
    83/90 h=1024 lr=0.0001 bs=32
      val_loss=0.107571, best_epoch=26, runtime=0.2 min
    84/90 h=1024 lr=0.0001 bs=64
      val_loss=0.098507, best_epoch=71, runtime=0.2 min
    85/90 h=1024 lr=0.0001 bs=128
      val_loss=0.093731, best_epoch=75, runtime=0.1 min
    86/90 h=1024 lr=0.001 bs=8
      val_loss=0.077748, best_epoch=5, runtime=0.5 min
    87/90 h=1024 lr=0.001 bs=16
      val_loss=0.063933, best_epoch=20, runtime=0.4 min
    88/90 h=1024 lr=0.001 bs=32
      val_loss=0.083783, best_epoch=16, runtime=0.2 min
    89/90 h=1024 lr=0.001 bs=64
      val_loss=0.099877, best_epoch=88, runtime=0.3 min
    90/90 h=1024 lr=0.001 bs=128
      val_loss=0.110236, best_epoch=29, runtime=0.0 min
  Fold 3: accuracy=0.9974, balanced_accuracy=0.9986, macro_f1=0.9971
    1/90 h=32 lr=1e-05 bs=8
      val_loss=0.020745, best_epoch=226, runtime=1.1 min
    2/90 h=32 lr=1e-05 bs=16
      val_loss=0.032272, best_epoch=308, runtime=0.7 min
    3/90 h=32 lr=1e-05 bs=32
      val_loss=0.031002, best_epoch=385, runtime=0.5 min
    4/90 h=32 lr=1e-05 bs=64
      val_loss=0.049647, best_epoch=594, runtime=0.4 min
    5/90 h=32 lr=1e-05 bs=128
      val_loss=0.086610, best_epoch=859, runtime=0.3 min
    6/90 h=32 lr=0.0001 bs=8
      val_loss=0.004001, best_epoch=77, runtime=0.5 min
    7/90 h=32 lr=0.0001 bs=16
      val_loss=0.009497, best_epoch=111, runtime=0.3 min
    8/90 h=32 lr=0.0001 bs=32
      val_loss=0.012724, best_epoch=127, runtime=0.2 min
    9/90 h=32 lr=0.0001 bs=64
      val_loss=0.022670, best_epoch=198, runtime=0.1 min
    10/90 h=32 lr=0.0001 bs=128
      val_loss=0.028639, best_epoch=233, runtime=0.1 min
    11/90 h=32 lr=0.001 bs=8
      val_loss=0.004653, best_epoch=15, runtime=0.2 min
    12/90 h=32 lr=0.001 bs=16
      val_loss=0.002765, best_epoch=52, runtime=0.2 min
    13/90 h=32 lr=0.001 bs=32
      val_loss=0.005025, best_epoch=61, runtime=0.1 min
    14/90 h=32 lr=0.001 bs=64
      val_loss=0.010592, best_epoch=32, runtime=0.0 min
    15/90 h=32 lr=0.001 bs=128
      val_loss=0.025382, best_epoch=98, runtime=0.0 min
    16/90 h=64 lr=1e-05 bs=8
      val_loss=0.014549, best_epoch=203, runtime=1.0 min
    17/90 h=64 lr=1e-05 bs=16
      val_loss=0.020982, best_epoch=246, runtime=0.6 min
    18/90 h=64 lr=1e-05 bs=32
      val_loss=0.030955, best_epoch=319, runtime=0.4 min
    19/90 h=64 lr=1e-05 bs=64
      val_loss=0.044972, best_epoch=433, runtime=0.3 min
    20/90 h=64 lr=1e-05 bs=128
      val_loss=0.061915, best_epoch=703, runtime=0.2 min
    21/90 h=64 lr=0.0001 bs=8
      val_loss=0.006560, best_epoch=50, runtime=0.3 min
    22/90 h=64 lr=0.0001 bs=16
      val_loss=0.009044, best_epoch=67, runtime=0.2 min
    23/90 h=64 lr=0.0001 bs=32
      val_loss=0.013353, best_epoch=93, runtime=0.1 min
    24/90 h=64 lr=0.0001 bs=64
      val_loss=0.021135, best_epoch=133, runtime=0.1 min
    25/90 h=64 lr=0.0001 bs=128
      val_loss=0.021290, best_epoch=192, runtime=0.1 min
    26/90 h=64 lr=0.001 bs=8
      val_loss=0.002974, best_epoch=25, runtime=0.2 min
    27/90 h=64 lr=0.001 bs=16
      val_loss=0.005000, best_epoch=30, runtime=0.1 min
    28/90 h=64 lr=0.001 bs=32
      val_loss=0.007466, best_epoch=21, runtime=0.1 min
    29/90 h=64 lr=0.001 bs=64
      val_loss=0.008395, best_epoch=40, runtime=0.0 min
    30/90 h=64 lr=0.001 bs=128
      val_loss=0.007793, best_epoch=68, runtime=0.0 min
    31/90 h=128 lr=1e-05 bs=8
      val_loss=0.015036, best_epoch=133, runtime=0.7 min
    32/90 h=128 lr=1e-05 bs=16
      val_loss=0.021610, best_epoch=177, runtime=0.5 min
    33/90 h=128 lr=1e-05 bs=32
      val_loss=0.027597, best_epoch=273, runtime=0.3 min
    34/90 h=128 lr=1e-05 bs=64
      val_loss=0.035943, best_epoch=367, runtime=0.2 min
    35/90 h=128 lr=1e-05 bs=128
      val_loss=0.051997, best_epoch=495, runtime=0.2 min
    36/90 h=128 lr=0.0001 bs=8
      val_loss=0.007854, best_epoch=35, runtime=0.3 min
    37/90 h=128 lr=0.0001 bs=16
      val_loss=0.009621, best_epoch=56, runtime=0.2 min
    38/90 h=128 lr=0.0001 bs=32
      val_loss=0.011117, best_epoch=83, runtime=0.1 min
    39/90 h=128 lr=0.0001 bs=64
      val_loss=0.012901, best_epoch=131, runtime=0.1 min
    40/90 h=128 lr=0.0001 bs=128
      val_loss=0.019400, best_epoch=132, runtime=0.1 min
    41/90 h=128 lr=0.001 bs=8
      val_loss=0.003046, best_epoch=15, runtime=0.2 min
    42/90 h=128 lr=0.001 bs=16
      val_loss=0.005087, best_epoch=20, runtime=0.1 min
    43/90 h=128 lr=0.001 bs=32
      val_loss=0.006882, best_epoch=22, runtime=0.1 min
    44/90 h=128 lr=0.001 bs=64
      val_loss=0.007510, best_epoch=42, runtime=0.0 min
    45/90 h=128 lr=0.001 bs=128
      val_loss=0.010611, best_epoch=41, runtime=0.0 min
    46/90 h=256 lr=1e-05 bs=8
      val_loss=0.014029, best_epoch=105, runtime=1.6 min
    47/90 h=256 lr=1e-05 bs=16
      val_loss=0.014804, best_epoch=164, runtime=1.1 min
    48/90 h=256 lr=1e-05 bs=32
      val_loss=0.021279, best_epoch=237, runtime=0.8 min
    49/90 h=256 lr=1e-05 bs=64
      val_loss=0.030498, best_epoch=323, runtime=0.6 min
    50/90 h=256 lr=1e-05 bs=128
      val_loss=0.043205, best_epoch=429, runtime=0.4 min
    51/90 h=256 lr=0.0001 bs=8
      val_loss=0.006359, best_epoch=32, runtime=0.7 min
    52/90 h=256 lr=0.0001 bs=16
      val_loss=0.008161, best_epoch=51, runtime=0.5 min
    53/90 h=256 lr=0.0001 bs=32
      val_loss=0.008940, best_epoch=80, runtime=0.3 min
    54/90 h=256 lr=0.0001 bs=64
      val_loss=0.015904, best_epoch=76, runtime=0.1 min
    55/90 h=256 lr=0.0001 bs=128
      val_loss=0.015875, best_epoch=138, runtime=0.1 min
    56/90 h=256 lr=0.001 bs=8
      val_loss=0.002982, best_epoch=12, runtime=0.2 min
    57/90 h=256 lr=0.001 bs=16
      val_loss=0.001756, best_epoch=30, runtime=0.2 min
    58/90 h=256 lr=0.001 bs=32
      val_loss=0.008257, best_epoch=12, runtime=0.1 min
    59/90 h=256 lr=0.001 bs=64
      val_loss=0.005227, best_epoch=45, runtime=0.1 min
    60/90 h=256 lr=0.001 bs=128
      val_loss=0.009775, best_epoch=30, runtime=0.0 min
    61/90 h=512 lr=1e-05 bs=8
      val_loss=0.012203, best_epoch=95, runtime=0.8 min
    62/90 h=512 lr=1e-05 bs=16
      val_loss=0.013709, best_epoch=133, runtime=0.5 min
    63/90 h=512 lr=1e-05 bs=32
      val_loss=0.021002, best_epoch=186, runtime=0.4 min
    64/90 h=512 lr=1e-05 bs=64
      val_loss=0.026523, best_epoch=256, runtime=0.3 min
    65/90 h=512 lr=1e-05 bs=128
      val_loss=0.044822, best_epoch=378, runtime=0.2 min
    66/90 h=512 lr=0.0001 bs=8
      val_loss=0.006243, best_epoch=31, runtime=0.4 min
    67/90 h=512 lr=0.0001 bs=16
      val_loss=0.009116, best_epoch=30, runtime=0.2 min
    68/90 h=512 lr=0.0001 bs=32
      val_loss=0.010399, best_epoch=57, runtime=0.1 min
    69/90 h=512 lr=0.0001 bs=64
      val_loss=0.014436, best_epoch=64, runtime=0.1 min
    70/90 h=512 lr=0.0001 bs=128
      val_loss=0.016586, best_epoch=87, runtime=0.1 min
    71/90 h=512 lr=0.001 bs=8
      val_loss=0.002870, best_epoch=13, runtime=0.3 min
    72/90 h=512 lr=0.001 bs=16
      val_loss=0.006617, best_epoch=7, runtime=0.1 min
    73/90 h=512 lr=0.001 bs=32
      val_loss=0.006232, best_epoch=14, runtime=0.1 min
    74/90 h=512 lr=0.001 bs=64
      val_loss=0.006847, best_epoch=25, runtime=0.1 min
    75/90 h=512 lr=0.001 bs=128
      val_loss=0.010003, best_epoch=33, runtime=0.0 min
    76/90 h=1024 lr=1e-05 bs=8
      val_loss=0.009788, best_epoch=78, runtime=0.9 min
    77/90 h=1024 lr=1e-05 bs=16
      val_loss=0.013185, best_epoch=112, runtime=0.6 min
    78/90 h=1024 lr=1e-05 bs=32
      val_loss=0.016617, best_epoch=168, runtime=0.4 min
    79/90 h=1024 lr=1e-05 bs=64
      val_loss=0.025489, best_epoch=206, runtime=0.3 min
    80/90 h=1024 lr=1e-05 bs=128
      val_loss=0.033836, best_epoch=299, runtime=0.1 min
    81/90 h=1024 lr=0.0001 bs=8
      val_loss=0.004508, best_epoch=25, runtime=0.5 min
    82/90 h=1024 lr=0.0001 bs=16
      val_loss=0.008730, best_epoch=24, runtime=0.2 min
    83/90 h=1024 lr=0.0001 bs=32
      val_loss=0.006678, best_epoch=59, runtime=0.2 min
    84/90 h=1024 lr=0.0001 bs=64
      val_loss=0.008856, best_epoch=79, runtime=0.1 min
    85/90 h=1024 lr=0.0001 bs=128
      val_loss=0.014617, best_epoch=84, runtime=0.0 min
    86/90 h=1024 lr=0.001 bs=8
      val_loss=0.005016, best_epoch=4, runtime=0.3 min
    87/90 h=1024 lr=0.001 bs=16
      val_loss=0.003871, best_epoch=10, runtime=0.2 min
    88/90 h=1024 lr=0.001 bs=32
      val_loss=0.003247, best_epoch=23, runtime=0.1 min
    89/90 h=1024 lr=0.001 bs=64
      val_loss=0.007913, best_epoch=19, runtime=0.1 min
    90/90 h=1024 lr=0.001 bs=128
      val_loss=0.007179, best_epoch=57, runtime=0.0 min
  Fold 4: accuracy=0.9714, balanced_accuracy=0.9467, macro_f1=0.9439
    1/90 h=32 lr=1e-05 bs=8
      val_loss=0.090190, best_epoch=201, runtime=1.0 min
    2/90 h=32 lr=1e-05 bs=16
      val_loss=0.060239, best_epoch=252, runtime=0.6 min
    3/90 h=32 lr=1e-05 bs=32
      val_loss=0.084513, best_epoch=466, runtime=0.6 min
    4/90 h=32 lr=1e-05 bs=64
      val_loss=0.077290, best_epoch=669, runtime=0.4 min
    5/90 h=32 lr=1e-05 bs=128
      val_loss=0.105190, best_epoch=848, runtime=0.3 min
    6/90 h=32 lr=0.0001 bs=8
      val_loss=0.056325, best_epoch=35, runtime=0.3 min
    7/90 h=32 lr=0.0001 bs=16
      val_loss=0.079943, best_epoch=58, runtime=0.2 min
    8/90 h=32 lr=0.0001 bs=32
      val_loss=0.086282, best_epoch=97, runtime=0.2 min
    9/90 h=32 lr=0.0001 bs=64
      val_loss=0.072077, best_epoch=165, runtime=0.1 min
    10/90 h=32 lr=0.0001 bs=128
      val_loss=0.079655, best_epoch=189, runtime=0.1 min
    11/90 h=32 lr=0.001 bs=8
      val_loss=0.028339, best_epoch=17, runtime=0.2 min
    12/90 h=32 lr=0.001 bs=16
      val_loss=0.046758, best_epoch=11, runtime=0.1 min
    13/90 h=32 lr=0.001 bs=32
      val_loss=0.124652, best_epoch=8, runtime=0.0 min
    14/90 h=32 lr=0.001 bs=64
      val_loss=0.071483, best_epoch=31, runtime=0.0 min
    15/90 h=32 lr=0.001 bs=128
      val_loss=0.082514, best_epoch=37, runtime=0.0 min
    16/90 h=64 lr=1e-05 bs=8
      val_loss=0.059516, best_epoch=139, runtime=0.8 min
    17/90 h=64 lr=1e-05 bs=16
      val_loss=0.067280, best_epoch=239, runtime=0.6 min
    18/90 h=64 lr=1e-05 bs=32
      val_loss=0.070805, best_epoch=369, runtime=0.5 min
    19/90 h=64 lr=1e-05 bs=64
      val_loss=0.098680, best_epoch=423, runtime=0.3 min
    20/90 h=64 lr=1e-05 bs=128
      val_loss=0.114732, best_epoch=671, runtime=0.2 min
    21/90 h=64 lr=0.0001 bs=8
      val_loss=0.091148, best_epoch=26, runtime=0.3 min
    22/90 h=64 lr=0.0001 bs=16
      val_loss=0.082812, best_epoch=34, runtime=0.1 min
    23/90 h=64 lr=0.0001 bs=32
      val_loss=0.068504, best_epoch=58, runtime=0.1 min
    24/90 h=64 lr=0.0001 bs=64
      val_loss=0.071170, best_epoch=99, runtime=0.1 min
    25/90 h=64 lr=0.0001 bs=128
      val_loss=0.057233, best_epoch=199, runtime=0.1 min
    26/90 h=64 lr=0.001 bs=8
      val_loss=0.049299, best_epoch=41, runtime=0.3 min
    27/90 h=64 lr=0.001 bs=16
      val_loss=0.027234, best_epoch=53, runtime=0.2 min
    28/90 h=64 lr=0.001 bs=32
      val_loss=0.048519, best_epoch=16, runtime=0.1 min
    29/90 h=64 lr=0.001 bs=64
      val_loss=0.068360, best_epoch=21, runtime=0.0 min
    30/90 h=64 lr=0.001 bs=128
      val_loss=0.072240, best_epoch=22, runtime=0.0 min
    31/90 h=128 lr=1e-05 bs=8
      val_loss=0.067452, best_epoch=106, runtime=0.7 min
    32/90 h=128 lr=1e-05 bs=16
      val_loss=0.077219, best_epoch=158, runtime=0.5 min
    33/90 h=128 lr=1e-05 bs=32
      val_loss=0.077660, best_epoch=238, runtime=0.4 min
    34/90 h=128 lr=1e-05 bs=64
      val_loss=0.077758, best_epoch=400, runtime=0.3 min
    35/90 h=128 lr=1e-05 bs=128
      val_loss=0.091709, best_epoch=530, runtime=0.2 min
    36/90 h=128 lr=0.0001 bs=8
      val_loss=0.068387, best_epoch=20, runtime=0.2 min
    37/90 h=128 lr=0.0001 bs=16
      val_loss=0.060518, best_epoch=34, runtime=0.2 min
    38/90 h=128 lr=0.0001 bs=32
      val_loss=0.061896, best_epoch=61, runtime=0.1 min
    39/90 h=128 lr=0.0001 bs=64
      val_loss=0.059857, best_epoch=97, runtime=0.1 min
    40/90 h=128 lr=0.0001 bs=128
      val_loss=0.063621, best_epoch=124, runtime=0.1 min
    41/90 h=128 lr=0.001 bs=8
      val_loss=0.042578, best_epoch=5, runtime=0.2 min
    42/90 h=128 lr=0.001 bs=16
      val_loss=0.053959, best_epoch=11, runtime=0.1 min
    43/90 h=128 lr=0.001 bs=32
      val_loss=0.063127, best_epoch=9, runtime=0.1 min
    44/90 h=128 lr=0.001 bs=64
      val_loss=0.076511, best_epoch=16, runtime=0.0 min
    45/90 h=128 lr=0.001 bs=128
      val_loss=0.063779, best_epoch=29, runtime=0.0 min
    46/90 h=256 lr=1e-05 bs=8
      val_loss=0.063908, best_epoch=97, runtime=0.7 min
    47/90 h=256 lr=1e-05 bs=16
      val_loss=0.071362, best_epoch=134, runtime=0.5 min
    48/90 h=256 lr=1e-05 bs=32
      val_loss=0.082617, best_epoch=172, runtime=0.3 min
    49/90 h=256 lr=1e-05 bs=64
      val_loss=0.076397, best_epoch=296, runtime=0.3 min
    50/90 h=256 lr=1e-05 bs=128
      val_loss=0.079474, best_epoch=454, runtime=0.2 min
    51/90 h=256 lr=0.0001 bs=8
      val_loss=0.061534, best_epoch=16, runtime=0.3 min
    52/90 h=256 lr=0.0001 bs=16
      val_loss=0.063783, best_epoch=36, runtime=0.2 min
    53/90 h=256 lr=0.0001 bs=32
      val_loss=0.069439, best_epoch=45, runtime=0.1 min
    54/90 h=256 lr=0.0001 bs=64
      val_loss=0.069149, best_epoch=58, runtime=0.1 min
    55/90 h=256 lr=0.0001 bs=128
      val_loss=0.065764, best_epoch=89, runtime=0.1 min
    56/90 h=256 lr=0.001 bs=8
      val_loss=0.071017, best_epoch=5, runtime=0.2 min
    57/90 h=256 lr=0.001 bs=16
      val_loss=0.053128, best_epoch=8, runtime=0.1 min
    58/90 h=256 lr=0.001 bs=32
      val_loss=0.056597, best_epoch=14, runtime=0.1 min
    59/90 h=256 lr=0.001 bs=64
      val_loss=0.059191, best_epoch=11, runtime=0.0 min
    60/90 h=256 lr=0.001 bs=128
      val_loss=0.060716, best_epoch=15, runtime=0.0 min
    61/90 h=512 lr=1e-05 bs=8
      val_loss=0.056366, best_epoch=63, runtime=0.6 min
    62/90 h=512 lr=1e-05 bs=16
      val_loss=0.060416, best_epoch=119, runtime=0.5 min
    63/90 h=512 lr=1e-05 bs=32
      val_loss=0.079984, best_epoch=141, runtime=0.3 min
    64/90 h=512 lr=1e-05 bs=64
      val_loss=0.082010, best_epoch=211, runtime=0.2 min
    65/90 h=512 lr=1e-05 bs=128
      val_loss=0.087793, best_epoch=364, runtime=0.2 min
    66/90 h=512 lr=0.0001 bs=8
      val_loss=0.056158, best_epoch=13, runtime=0.3 min
    67/90 h=512 lr=0.0001 bs=16
      val_loss=0.054684, best_epoch=29, runtime=0.2 min
    68/90 h=512 lr=0.0001 bs=32
      val_loss=0.071300, best_epoch=29, runtime=0.1 min
    69/90 h=512 lr=0.0001 bs=64
      val_loss=0.063093, best_epoch=50, runtime=0.1 min
    70/90 h=512 lr=0.0001 bs=128
      val_loss=0.061149, best_epoch=82, runtime=0.1 min
    71/90 h=512 lr=0.001 bs=8
      val_loss=0.064838, best_epoch=2, runtime=0.2 min
    72/90 h=512 lr=0.001 bs=16
      val_loss=0.058649, best_epoch=9, runtime=0.1 min
    73/90 h=512 lr=0.001 bs=32
      val_loss=0.061537, best_epoch=6, runtime=0.1 min
    74/90 h=512 lr=0.001 bs=64
      val_loss=0.047916, best_epoch=10, runtime=0.0 min
    75/90 h=512 lr=0.001 bs=128
      val_loss=0.066441, best_epoch=12, runtime=0.0 min
    76/90 h=1024 lr=1e-05 bs=8
      val_loss=0.058457, best_epoch=53, runtime=0.8 min
    77/90 h=1024 lr=1e-05 bs=16
      val_loss=0.063368, best_epoch=88, runtime=1.0 min
    78/90 h=1024 lr=1e-05 bs=32
      val_loss=0.057875, best_epoch=132, runtime=0.7 min
    79/90 h=1024 lr=1e-05 bs=64
      val_loss=0.077653, best_epoch=171, runtime=0.4 min
    80/90 h=1024 lr=1e-05 bs=128
      val_loss=0.077844, best_epoch=265, runtime=0.3 min
    81/90 h=1024 lr=0.0001 bs=8
      val_loss=0.050514, best_epoch=13, runtime=0.6 min
    82/90 h=1024 lr=0.0001 bs=16
      val_loss=0.054399, best_epoch=32, runtime=0.5 min
    83/90 h=1024 lr=0.0001 bs=32
      val_loss=0.059494, best_epoch=28, runtime=0.2 min
    84/90 h=1024 lr=0.0001 bs=64
      val_loss=0.059133, best_epoch=37, runtime=0.1 min
    85/90 h=1024 lr=0.0001 bs=128
      val_loss=0.064176, best_epoch=81, runtime=0.0 min
    86/90 h=1024 lr=0.001 bs=8
      val_loss=0.053225, best_epoch=2, runtime=0.3 min
    87/90 h=1024 lr=0.001 bs=16
      val_loss=0.046575, best_epoch=29, runtime=0.2 min
    88/90 h=1024 lr=0.001 bs=32
      val_loss=0.046163, best_epoch=5, runtime=0.1 min
    89/90 h=1024 lr=0.001 bs=64
      val_loss=0.066453, best_epoch=13, runtime=0.0 min
    90/90 h=1024 lr=0.001 bs=128
      val_loss=0.068331, best_epoch=14, runtime=0.0 min
  Fold 5: accuracy=0.9535, balanced_accuracy=0.9741, macro_f1=0.9729

wf1_timeserieswise: Pool then channel-wise trajectory scale
    1/90 h=32 lr=1e-05 bs=8
      val_loss=0.039182, best_epoch=331, runtime=1.6 min
    2/90 h=32 lr=1e-05 bs=16
      val_loss=0.053398, best_epoch=408, runtime=1.0 min
    3/90 h=32 lr=1e-05 bs=32
      val_loss=0.069057, best_epoch=560, runtime=0.7 min
    4/90 h=32 lr=1e-05 bs=64
      val_loss=0.084939, best_epoch=715, runtime=0.5 min
    5/90 h=32 lr=1e-05 bs=128
      val_loss=0.202026, best_epoch=997, runtime=0.4 min
    6/90 h=32 lr=0.0001 bs=8
      val_loss=0.022329, best_epoch=77, runtime=0.5 min
    7/90 h=32 lr=0.0001 bs=16
      val_loss=0.017533, best_epoch=153, runtime=0.4 min
    8/90 h=32 lr=0.0001 bs=32
      val_loss=0.033383, best_epoch=165, runtime=0.2 min
    9/90 h=32 lr=0.0001 bs=64
      val_loss=0.027047, best_epoch=246, runtime=0.2 min
    10/90 h=32 lr=0.0001 bs=128
      val_loss=0.046146, best_epoch=402, runtime=0.2 min
    11/90 h=32 lr=0.001 bs=8
      val_loss=0.007889, best_epoch=25, runtime=0.3 min
    12/90 h=32 lr=0.001 bs=16
      val_loss=0.008139, best_epoch=45, runtime=0.2 min
    13/90 h=32 lr=0.001 bs=32
      val_loss=0.011801, best_epoch=49, runtime=0.1 min
    14/90 h=32 lr=0.001 bs=64
      val_loss=0.016156, best_epoch=81, runtime=0.1 min
    15/90 h=32 lr=0.001 bs=128
      val_loss=0.027233, best_epoch=108, runtime=0.1 min
    16/90 h=64 lr=1e-05 bs=8
      val_loss=0.039045, best_epoch=253, runtime=1.3 min
    17/90 h=64 lr=1e-05 bs=16
      val_loss=0.046811, best_epoch=327, runtime=0.8 min
    18/90 h=64 lr=1e-05 bs=32
      val_loss=0.060472, best_epoch=410, runtime=0.5 min
    19/90 h=64 lr=1e-05 bs=64
      val_loss=0.073647, best_epoch=631, runtime=0.4 min
    20/90 h=64 lr=1e-05 bs=128
      val_loss=0.106895, best_epoch=980, runtime=0.3 min
    21/90 h=64 lr=0.0001 bs=8
      val_loss=0.017104, best_epoch=75, runtime=0.5 min
    22/90 h=64 lr=0.0001 bs=16
      val_loss=0.017049, best_epoch=106, runtime=0.3 min
    23/90 h=64 lr=0.0001 bs=32
      val_loss=0.020078, best_epoch=150, runtime=0.2 min
    24/90 h=64 lr=0.0001 bs=64
      val_loss=0.027693, best_epoch=184, runtime=0.1 min
    25/90 h=64 lr=0.0001 bs=128
      val_loss=0.036358, best_epoch=293, runtime=0.1 min
    26/90 h=64 lr=0.001 bs=8
      val_loss=0.004930, best_epoch=22, runtime=0.2 min
    27/90 h=64 lr=0.001 bs=16
      val_loss=0.012278, best_epoch=30, runtime=0.1 min
    28/90 h=64 lr=0.001 bs=32
      val_loss=0.013198, best_epoch=56, runtime=0.1 min
    29/90 h=64 lr=0.001 bs=64
      val_loss=0.016913, best_epoch=49, runtime=0.0 min
    30/90 h=64 lr=0.001 bs=128
      val_loss=0.026574, best_epoch=81, runtime=0.0 min
    31/90 h=128 lr=1e-05 bs=8
      val_loss=0.039547, best_epoch=200, runtime=1.0 min
    32/90 h=128 lr=1e-05 bs=16
      val_loss=0.038572, best_epoch=328, runtime=0.8 min
    33/90 h=128 lr=1e-05 bs=32
      val_loss=0.052214, best_epoch=366, runtime=0.5 min
    34/90 h=128 lr=1e-05 bs=64
      val_loss=0.059791, best_epoch=530, runtime=0.3 min
    35/90 h=128 lr=1e-05 bs=128
      val_loss=0.082487, best_epoch=740, runtime=0.3 min
    36/90 h=128 lr=0.0001 bs=8
      val_loss=0.010643, best_epoch=93, runtime=0.6 min
    37/90 h=128 lr=0.0001 bs=16
      val_loss=0.018803, best_epoch=73, runtime=0.2 min
    38/90 h=128 lr=0.0001 bs=32
      val_loss=0.016500, best_epoch=130, runtime=0.2 min
    39/90 h=128 lr=0.0001 bs=64
      val_loss=0.025599, best_epoch=169, runtime=0.1 min
    40/90 h=128 lr=0.0001 bs=128
      val_loss=0.030868, best_epoch=215, runtime=0.1 min
    41/90 h=128 lr=0.001 bs=8
      val_loss=0.004301, best_epoch=27, runtime=0.3 min
    42/90 h=128 lr=0.001 bs=16
      val_loss=0.004950, best_epoch=35, runtime=0.1 min
    43/90 h=128 lr=0.001 bs=32
      val_loss=0.012693, best_epoch=32, runtime=0.1 min
    44/90 h=128 lr=0.001 bs=64
      val_loss=0.012190, best_epoch=46, runtime=0.0 min
    45/90 h=128 lr=0.001 bs=128
      val_loss=0.019627, best_epoch=75, runtime=0.0 min
    46/90 h=256 lr=1e-05 bs=8
      val_loss=0.027079, best_epoch=176, runtime=2.4 min
    47/90 h=256 lr=1e-05 bs=16
      val_loss=0.035253, best_epoch=242, runtime=1.6 min
    48/90 h=256 lr=1e-05 bs=32
      val_loss=0.042711, best_epoch=313, runtime=1.1 min
    49/90 h=256 lr=1e-05 bs=64
      val_loss=0.045478, best_epoch=457, runtime=0.8 min
    50/90 h=256 lr=1e-05 bs=128
      val_loss=0.068978, best_epoch=591, runtime=0.6 min
    51/90 h=256 lr=0.0001 bs=8
      val_loss=0.016545, best_epoch=35, runtime=0.8 min
    52/90 h=256 lr=0.0001 bs=16
      val_loss=0.019145, best_epoch=56, runtime=0.5 min
    53/90 h=256 lr=0.0001 bs=32
      val_loss=0.018257, best_epoch=101, runtime=0.4 min
    54/90 h=256 lr=0.0001 bs=64
      val_loss=0.023266, best_epoch=135, runtime=0.3 min
    55/90 h=256 lr=0.0001 bs=128
      val_loss=0.028160, best_epoch=187, runtime=0.2 min
    56/90 h=256 lr=0.001 bs=8
      val_loss=0.011419, best_epoch=10, runtime=0.5 min
    57/90 h=256 lr=0.001 bs=16
      val_loss=0.007311, best_epoch=23, runtime=0.3 min
    58/90 h=256 lr=0.001 bs=32
      val_loss=0.014051, best_epoch=16, runtime=0.1 min
    59/90 h=256 lr=0.001 bs=64
      val_loss=0.012000, best_epoch=46, runtime=0.1 min
    60/90 h=256 lr=0.001 bs=128
      val_loss=0.017170, best_epoch=64, runtime=0.1 min
    61/90 h=512 lr=1e-05 bs=8
      val_loss=0.022862, best_epoch=157, runtime=2.4 min
    62/90 h=512 lr=1e-05 bs=16
      val_loss=0.027076, best_epoch=213, runtime=1.3 min
    63/90 h=512 lr=1e-05 bs=32
      val_loss=0.034886, best_epoch=268, runtime=0.5 min
    64/90 h=512 lr=1e-05 bs=64
      val_loss=0.041252, best_epoch=382, runtime=0.4 min
    65/90 h=512 lr=1e-05 bs=128
      val_loss=0.060099, best_epoch=506, runtime=0.3 min
    66/90 h=512 lr=0.0001 bs=8
      val_loss=0.013871, best_epoch=39, runtime=0.5 min
    67/90 h=512 lr=0.0001 bs=16
      val_loss=0.011473, best_epoch=66, runtime=0.3 min
    68/90 h=512 lr=0.0001 bs=32
      val_loss=0.018694, best_epoch=70, runtime=0.2 min
    69/90 h=512 lr=0.0001 bs=64
      val_loss=0.027599, best_epoch=74, runtime=0.1 min
    70/90 h=512 lr=0.0001 bs=128
      val_loss=0.025510, best_epoch=149, runtime=0.1 min
    71/90 h=512 lr=0.001 bs=8
      val_loss=0.007420, best_epoch=10, runtime=0.3 min
    72/90 h=512 lr=0.001 bs=16
      val_loss=0.005892, best_epoch=25, runtime=0.2 min
    73/90 h=512 lr=0.001 bs=32
      val_loss=0.006358, best_epoch=40, runtime=0.2 min
    74/90 h=512 lr=0.001 bs=64
      val_loss=0.014499, best_epoch=36, runtime=0.1 min
    75/90 h=512 lr=0.001 bs=128
      val_loss=0.014972, best_epoch=41, runtime=0.1 min
    76/90 h=1024 lr=1e-05 bs=8
      val_loss=0.022269, best_epoch=126, runtime=2.1 min
    77/90 h=1024 lr=1e-05 bs=16
      val_loss=0.029404, best_epoch=148, runtime=1.4 min
    78/90 h=1024 lr=1e-05 bs=32
      val_loss=0.031829, best_epoch=223, runtime=1.1 min
    79/90 h=1024 lr=1e-05 bs=64
      val_loss=0.034470, best_epoch=328, runtime=0.8 min
    80/90 h=1024 lr=1e-05 bs=128
      val_loss=0.057163, best_epoch=386, runtime=0.2 min
    81/90 h=1024 lr=0.0001 bs=8
      val_loss=0.008669, best_epoch=60, runtime=1.2 min
    82/90 h=1024 lr=0.0001 bs=16
      val_loss=0.017173, best_epoch=37, runtime=0.5 min
    83/90 h=1024 lr=0.0001 bs=32
      val_loss=0.019180, best_epoch=54, runtime=0.3 min
    84/90 h=1024 lr=0.0001 bs=64
      val_loss=0.018754, best_epoch=96, runtime=0.3 min
    85/90 h=1024 lr=0.0001 bs=128
      val_loss=0.023301, best_epoch=112, runtime=0.1 min
    86/90 h=1024 lr=0.001 bs=8
      val_loss=0.005333, best_epoch=23, runtime=0.7 min
    87/90 h=1024 lr=0.001 bs=16
      val_loss=0.004574, best_epoch=16, runtime=0.4 min
    88/90 h=1024 lr=0.001 bs=32
      val_loss=0.007844, best_epoch=32, runtime=0.3 min
    89/90 h=1024 lr=0.001 bs=64
      val_loss=0.006241, best_epoch=67, runtime=0.2 min
    90/90 h=1024 lr=0.001 bs=128
      val_loss=0.013296, best_epoch=60, runtime=0.0 min
  Fold 1: accuracy=1.0000, balanced_accuracy=1.0000, macro_f1=1.0000
    1/90 h=32 lr=1e-05 bs=8
      val_loss=0.123195, best_epoch=275, runtime=1.3 min
    2/90 h=32 lr=1e-05 bs=16
      val_loss=0.149750, best_epoch=335, runtime=0.8 min
    3/90 h=32 lr=1e-05 bs=32
      val_loss=0.139530, best_epoch=514, runtime=0.6 min
    4/90 h=32 lr=1e-05 bs=64
      val_loss=0.160013, best_epoch=776, runtime=0.5 min
    5/90 h=32 lr=1e-05 bs=128
      val_loss=0.189900, best_epoch=992, runtime=0.3 min
    6/90 h=32 lr=0.0001 bs=8
      val_loss=0.055176, best_epoch=179, runtime=0.9 min
    7/90 h=32 lr=0.0001 bs=16
      val_loss=0.080758, best_epoch=131, runtime=0.4 min
    8/90 h=32 lr=0.0001 bs=32
      val_loss=0.028458, best_epoch=287, runtime=0.4 min
    9/90 h=32 lr=0.0001 bs=64
      val_loss=0.097945, best_epoch=232, runtime=0.2 min
    10/90 h=32 lr=0.0001 bs=128
      val_loss=0.075941, best_epoch=279, runtime=0.1 min
    11/90 h=32 lr=0.001 bs=8
      val_loss=0.028742, best_epoch=28, runtime=0.3 min
    12/90 h=32 lr=0.001 bs=16
      val_loss=0.013677, best_epoch=63, runtime=0.2 min
    13/90 h=32 lr=0.001 bs=32
      val_loss=0.012035, best_epoch=127, runtime=0.2 min
    14/90 h=32 lr=0.001 bs=64
      val_loss=0.096607, best_epoch=54, runtime=0.1 min
    15/90 h=32 lr=0.001 bs=128
      val_loss=0.053240, best_epoch=177, runtime=0.1 min
    16/90 h=64 lr=1e-05 bs=8
      val_loss=0.103692, best_epoch=204, runtime=1.0 min
    17/90 h=64 lr=1e-05 bs=16
      val_loss=0.131153, best_epoch=343, runtime=0.8 min
    18/90 h=64 lr=1e-05 bs=32
      val_loss=0.098388, best_epoch=410, runtime=0.5 min
    19/90 h=64 lr=1e-05 bs=64
      val_loss=0.115568, best_epoch=612, runtime=0.4 min
    20/90 h=64 lr=1e-05 bs=128
      val_loss=0.142675, best_epoch=846, runtime=0.3 min
    21/90 h=64 lr=0.0001 bs=8
      val_loss=0.058385, best_epoch=84, runtime=0.5 min
    22/90 h=64 lr=0.0001 bs=16
      val_loss=0.053245, best_epoch=130, runtime=0.4 min
    23/90 h=64 lr=0.0001 bs=32
      val_loss=0.047980, best_epoch=207, runtime=0.3 min
    24/90 h=64 lr=0.0001 bs=64
      val_loss=0.079407, best_epoch=156, runtime=0.1 min
    25/90 h=64 lr=0.0001 bs=128
      val_loss=0.079651, best_epoch=295, runtime=0.1 min
    26/90 h=64 lr=0.001 bs=8
      val_loss=0.004595, best_epoch=60, runtime=0.4 min
    27/90 h=64 lr=0.001 bs=16
      val_loss=0.027653, best_epoch=31, runtime=0.1 min
    28/90 h=64 lr=0.001 bs=32
      val_loss=0.053784, best_epoch=71, runtime=0.1 min
    29/90 h=64 lr=0.001 bs=64
      val_loss=0.061531, best_epoch=75, runtime=0.1 min
    30/90 h=64 lr=0.001 bs=128
      val_loss=0.054940, best_epoch=125, runtime=0.1 min
    31/90 h=128 lr=1e-05 bs=8
      val_loss=0.094376, best_epoch=204, runtime=1.1 min
    32/90 h=128 lr=1e-05 bs=16
      val_loss=0.111931, best_epoch=242, runtime=0.6 min
    33/90 h=128 lr=1e-05 bs=32
      val_loss=0.105942, best_epoch=362, runtime=0.4 min
    34/90 h=128 lr=1e-05 bs=64
      val_loss=0.102646, best_epoch=478, runtime=0.3 min
    35/90 h=128 lr=1e-05 bs=128
      val_loss=0.147711, best_epoch=749, runtime=0.3 min
    36/90 h=128 lr=0.0001 bs=8
      val_loss=0.036689, best_epoch=74, runtime=0.5 min
    37/90 h=128 lr=0.0001 bs=16
      val_loss=0.058343, best_epoch=88, runtime=0.3 min
    38/90 h=128 lr=0.0001 bs=32
      val_loss=0.060930, best_epoch=140, runtime=0.2 min
    39/90 h=128 lr=0.0001 bs=64
      val_loss=0.052797, best_epoch=187, runtime=0.1 min
    40/90 h=128 lr=0.0001 bs=128
      val_loss=0.080820, best_epoch=209, runtime=0.1 min
    41/90 h=128 lr=0.001 bs=8
      val_loss=0.010735, best_epoch=36, runtime=0.3 min
    42/90 h=128 lr=0.001 bs=16
      val_loss=0.007260, best_epoch=65, runtime=0.2 min
    43/90 h=128 lr=0.001 bs=32
      val_loss=0.013067, best_epoch=67, runtime=0.1 min
    44/90 h=128 lr=0.001 bs=64
      val_loss=0.058087, best_epoch=70, runtime=0.1 min
    45/90 h=128 lr=0.001 bs=128
      val_loss=0.063915, best_epoch=126, runtime=0.1 min
    46/90 h=256 lr=1e-05 bs=8
      val_loss=0.088921, best_epoch=154, runtime=1.5 min
    47/90 h=256 lr=1e-05 bs=16
      val_loss=0.106463, best_epoch=196, runtime=0.7 min
    48/90 h=256 lr=1e-05 bs=32
      val_loss=0.099014, best_epoch=273, runtime=0.5 min
    49/90 h=256 lr=1e-05 bs=64
      val_loss=0.116140, best_epoch=425, runtime=0.4 min
    50/90 h=256 lr=1e-05 bs=128
      val_loss=0.114820, best_epoch=652, runtime=0.3 min
    51/90 h=256 lr=0.0001 bs=8
      val_loss=0.054934, best_epoch=52, runtime=0.5 min
    52/90 h=256 lr=0.0001 bs=16
      val_loss=0.059468, best_epoch=83, runtime=0.3 min
    53/90 h=256 lr=0.0001 bs=32
      val_loss=0.072741, best_epoch=99, runtime=0.2 min
    54/90 h=256 lr=0.0001 bs=64
      val_loss=0.054372, best_epoch=181, runtime=0.2 min
    55/90 h=256 lr=0.0001 bs=128
      val_loss=0.069447, best_epoch=214, runtime=0.1 min
    56/90 h=256 lr=0.001 bs=8
      val_loss=0.018615, best_epoch=38, runtime=0.4 min
    57/90 h=256 lr=0.001 bs=16
      val_loss=0.023128, best_epoch=30, runtime=0.2 min
    58/90 h=256 lr=0.001 bs=32
      val_loss=0.017165, best_epoch=85, runtime=0.2 min
    59/90 h=256 lr=0.001 bs=64
      val_loss=0.077855, best_epoch=47, runtime=0.1 min
    60/90 h=256 lr=0.001 bs=128
      val_loss=0.057242, best_epoch=125, runtime=0.1 min
    61/90 h=512 lr=1e-05 bs=8
      val_loss=0.092609, best_epoch=126, runtime=1.0 min
    62/90 h=512 lr=1e-05 bs=16
      val_loss=0.097297, best_epoch=180, runtime=0.7 min
    63/90 h=512 lr=1e-05 bs=32
      val_loss=0.102834, best_epoch=232, runtime=0.5 min
    64/90 h=512 lr=1e-05 bs=64
      val_loss=0.099615, best_epoch=360, runtime=0.4 min
    65/90 h=512 lr=1e-05 bs=128
      val_loss=0.115761, best_epoch=475, runtime=0.4 min
    66/90 h=512 lr=0.0001 bs=8
      val_loss=0.039766, best_epoch=66, runtime=1.2 min
    67/90 h=512 lr=0.0001 bs=16
      val_loss=0.045124, best_epoch=89, runtime=0.8 min
    68/90 h=512 lr=0.0001 bs=32
      val_loss=0.063209, best_epoch=125, runtime=0.5 min
    69/90 h=512 lr=0.0001 bs=64
      val_loss=0.079142, best_epoch=140, runtime=0.3 min
    70/90 h=512 lr=0.0001 bs=128
      val_loss=0.059608, best_epoch=175, runtime=0.2 min
    71/90 h=512 lr=0.001 bs=8
      val_loss=0.011878, best_epoch=36, runtime=0.8 min
    72/90 h=512 lr=0.001 bs=16
      val_loss=0.009415, best_epoch=38, runtime=0.5 min
    73/90 h=512 lr=0.001 bs=32
      val_loss=0.033107, best_epoch=35, runtime=0.2 min
    74/90 h=512 lr=0.001 bs=64
      val_loss=0.024434, best_epoch=103, runtime=0.2 min
    75/90 h=512 lr=0.001 bs=128
      val_loss=0.066422, best_epoch=93, runtime=0.1 min
    76/90 h=1024 lr=1e-05 bs=8
      val_loss=0.076298, best_epoch=134, runtime=2.2 min
    77/90 h=1024 lr=1e-05 bs=16
      val_loss=0.097870, best_epoch=141, runtime=1.4 min
    78/90 h=1024 lr=1e-05 bs=32
      val_loss=0.090795, best_epoch=227, runtime=1.1 min
    79/90 h=1024 lr=1e-05 bs=64
      val_loss=0.088893, best_epoch=336, runtime=0.8 min
    80/90 h=1024 lr=1e-05 bs=128
      val_loss=0.107116, best_epoch=407, runtime=0.2 min
    81/90 h=1024 lr=0.0001 bs=8
      val_loss=0.036225, best_epoch=41, runtime=0.9 min
    82/90 h=1024 lr=0.0001 bs=16
      val_loss=0.037529, best_epoch=101, runtime=1.1 min
    83/90 h=1024 lr=0.0001 bs=32
      val_loss=0.041097, best_epoch=143, runtime=0.7 min
    84/90 h=1024 lr=0.0001 bs=64
      val_loss=0.060112, best_epoch=112, runtime=0.3 min
    85/90 h=1024 lr=0.0001 bs=128
      val_loss=0.065264, best_epoch=177, runtime=0.1 min
    86/90 h=1024 lr=0.001 bs=8
      val_loss=0.013713, best_epoch=21, runtime=0.7 min
    87/90 h=1024 lr=0.001 bs=16
      val_loss=0.006517, best_epoch=38, runtime=0.6 min
    88/90 h=1024 lr=0.001 bs=32
      val_loss=0.032020, best_epoch=36, runtime=0.3 min
    89/90 h=1024 lr=0.001 bs=64
      val_loss=0.047616, best_epoch=61, runtime=0.2 min
    90/90 h=1024 lr=0.001 bs=128
      val_loss=0.058588, best_epoch=82, runtime=0.1 min
  Fold 2: accuracy=0.9785, balanced_accuracy=0.9760, macro_f1=0.9768
    1/90 h=32 lr=1e-05 bs=8
      val_loss=0.134813, best_epoch=302, runtime=1.4 min
    2/90 h=32 lr=1e-05 bs=16
      val_loss=0.189200, best_epoch=383, runtime=0.9 min
    3/90 h=32 lr=1e-05 bs=32
      val_loss=0.178456, best_epoch=524, runtime=0.6 min
    4/90 h=32 lr=1e-05 bs=64
      val_loss=0.189259, best_epoch=708, runtime=0.4 min
    5/90 h=32 lr=1e-05 bs=128
      val_loss=0.195182, best_epoch=994, runtime=0.3 min
    6/90 h=32 lr=0.0001 bs=8
      val_loss=0.137645, best_epoch=79, runtime=0.5 min
    7/90 h=32 lr=0.0001 bs=16
      val_loss=0.138298, best_epoch=105, runtime=0.3 min
    8/90 h=32 lr=0.0001 bs=32
      val_loss=0.126854, best_epoch=122, runtime=0.2 min
    9/90 h=32 lr=0.0001 bs=64
      val_loss=0.128183, best_epoch=197, runtime=0.1 min
    10/90 h=32 lr=0.0001 bs=128
      val_loss=0.137362, best_epoch=315, runtime=0.1 min
    11/90 h=32 lr=0.001 bs=8
      val_loss=0.111165, best_epoch=10, runtime=0.2 min
    12/90 h=32 lr=0.001 bs=16
      val_loss=0.145005, best_epoch=14, runtime=0.1 min
    13/90 h=32 lr=0.001 bs=32
      val_loss=0.092795, best_epoch=60, runtime=0.1 min
    14/90 h=32 lr=0.001 bs=64
      val_loss=0.118878, best_epoch=45, runtime=0.0 min
    15/90 h=32 lr=0.001 bs=128
      val_loss=0.114087, best_epoch=78, runtime=0.0 min
    16/90 h=64 lr=1e-05 bs=8
      val_loss=0.149898, best_epoch=189, runtime=0.9 min
    17/90 h=64 lr=1e-05 bs=16
      val_loss=0.159378, best_epoch=279, runtime=0.7 min
    18/90 h=64 lr=1e-05 bs=32
      val_loss=0.162805, best_epoch=369, runtime=0.5 min
    19/90 h=64 lr=1e-05 bs=64
      val_loss=0.185211, best_epoch=565, runtime=0.4 min
    20/90 h=64 lr=1e-05 bs=128
      val_loss=0.201247, best_epoch=892, runtime=0.3 min
    21/90 h=64 lr=0.0001 bs=8
      val_loss=0.134754, best_epoch=47, runtime=0.3 min
    22/90 h=64 lr=0.0001 bs=16
      val_loss=0.160176, best_epoch=67, runtime=0.2 min
    23/90 h=64 lr=0.0001 bs=32
      val_loss=0.158994, best_epoch=102, runtime=0.2 min
    24/90 h=64 lr=0.0001 bs=64
      val_loss=0.126415, best_epoch=184, runtime=0.1 min
    25/90 h=64 lr=0.0001 bs=128
      val_loss=0.154420, best_epoch=240, runtime=0.1 min
    26/90 h=64 lr=0.001 bs=8
      val_loss=0.048507, best_epoch=44, runtime=0.3 min
    27/90 h=64 lr=0.001 bs=16
      val_loss=0.135036, best_epoch=7, runtime=0.1 min
    28/90 h=64 lr=0.001 bs=32
      val_loss=0.153373, best_epoch=26, runtime=0.1 min
    29/90 h=64 lr=0.001 bs=64
      val_loss=0.113292, best_epoch=56, runtime=0.1 min
    30/90 h=64 lr=0.001 bs=128
      val_loss=0.156831, best_epoch=69, runtime=0.0 min
    31/90 h=128 lr=1e-05 bs=8
      val_loss=0.171905, best_epoch=170, runtime=1.0 min
    32/90 h=128 lr=1e-05 bs=16
      val_loss=0.164918, best_epoch=219, runtime=0.6 min
    33/90 h=128 lr=1e-05 bs=32
      val_loss=0.146469, best_epoch=339, runtime=0.5 min
    34/90 h=128 lr=1e-05 bs=64
      val_loss=0.166077, best_epoch=444, runtime=0.3 min
    35/90 h=128 lr=1e-05 bs=128
      val_loss=0.167918, best_epoch=614, runtime=0.2 min
    36/90 h=128 lr=0.0001 bs=8
      val_loss=0.122487, best_epoch=37, runtime=0.3 min
    37/90 h=128 lr=0.0001 bs=16
      val_loss=0.143006, best_epoch=47, runtime=0.2 min
    38/90 h=128 lr=0.0001 bs=32
      val_loss=0.150201, best_epoch=97, runtime=0.2 min
    39/90 h=128 lr=0.0001 bs=64
      val_loss=0.128110, best_epoch=176, runtime=0.1 min
    40/90 h=128 lr=0.0001 bs=128
      val_loss=0.129594, best_epoch=175, runtime=0.1 min
    41/90 h=128 lr=0.001 bs=8
      val_loss=0.083439, best_epoch=16, runtime=0.2 min
    42/90 h=128 lr=0.001 bs=16
      val_loss=0.131490, best_epoch=21, runtime=0.1 min
    43/90 h=128 lr=0.001 bs=32
      val_loss=0.133047, best_epoch=22, runtime=0.1 min
    44/90 h=128 lr=0.001 bs=64
      val_loss=0.118529, best_epoch=30, runtime=0.0 min
    45/90 h=128 lr=0.001 bs=128
      val_loss=0.139075, best_epoch=33, runtime=0.0 min
    46/90 h=256 lr=1e-05 bs=8
      val_loss=0.153476, best_epoch=132, runtime=0.9 min
    47/90 h=256 lr=1e-05 bs=16
      val_loss=0.163190, best_epoch=166, runtime=0.6 min
    48/90 h=256 lr=1e-05 bs=32
      val_loss=0.152490, best_epoch=249, runtime=0.4 min
    49/90 h=256 lr=1e-05 bs=64
      val_loss=0.156835, best_epoch=363, runtime=0.3 min
    50/90 h=256 lr=1e-05 bs=128
      val_loss=0.155467, best_epoch=564, runtime=0.3 min
    51/90 h=256 lr=0.0001 bs=8
      val_loss=0.132059, best_epoch=46, runtime=0.4 min
    52/90 h=256 lr=0.0001 bs=16
      val_loss=0.125747, best_epoch=48, runtime=0.2 min
    53/90 h=256 lr=0.0001 bs=32
      val_loss=0.136684, best_epoch=70, runtime=0.2 min
    54/90 h=256 lr=0.0001 bs=64
      val_loss=0.118366, best_epoch=136, runtime=0.1 min
    55/90 h=256 lr=0.0001 bs=128
      val_loss=0.125320, best_epoch=149, runtime=0.1 min
    56/90 h=256 lr=0.001 bs=8
      val_loss=0.104431, best_epoch=13, runtime=0.5 min
    57/90 h=256 lr=0.001 bs=16
      val_loss=0.107214, best_epoch=16, runtime=0.3 min
    58/90 h=256 lr=0.001 bs=32
      val_loss=0.097718, best_epoch=63, runtime=0.3 min
    59/90 h=256 lr=0.001 bs=64
      val_loss=0.127694, best_epoch=13, runtime=0.1 min
    60/90 h=256 lr=0.001 bs=128
      val_loss=0.132942, best_epoch=55, runtime=0.1 min
    61/90 h=512 lr=1e-05 bs=8
      val_loss=0.160896, best_epoch=81, runtime=1.4 min
    62/90 h=512 lr=1e-05 bs=16
      val_loss=0.151933, best_epoch=133, runtime=1.1 min
    63/90 h=512 lr=1e-05 bs=32
      val_loss=0.152556, best_epoch=185, runtime=0.7 min
    64/90 h=512 lr=1e-05 bs=64
      val_loss=0.150529, best_epoch=321, runtime=0.6 min
    65/90 h=512 lr=1e-05 bs=128
      val_loss=0.158673, best_epoch=520, runtime=0.5 min
    66/90 h=512 lr=0.0001 bs=8
      val_loss=0.114912, best_epoch=28, runtime=0.7 min
    67/90 h=512 lr=0.0001 bs=16
      val_loss=0.121325, best_epoch=43, runtime=0.5 min
    68/90 h=512 lr=0.0001 bs=32
      val_loss=0.123049, best_epoch=62, runtime=0.3 min
    69/90 h=512 lr=0.0001 bs=64
      val_loss=0.136063, best_epoch=86, runtime=0.2 min
    70/90 h=512 lr=0.0001 bs=128
      val_loss=0.135180, best_epoch=92, runtime=0.1 min
    71/90 h=512 lr=0.001 bs=8
      val_loss=0.037675, best_epoch=28, runtime=0.7 min
    72/90 h=512 lr=0.001 bs=16
      val_loss=0.032224, best_epoch=33, runtime=0.4 min
    73/90 h=512 lr=0.001 bs=32
      val_loss=0.133097, best_epoch=22, runtime=0.2 min
    74/90 h=512 lr=0.001 bs=64
      val_loss=0.135565, best_epoch=37, runtime=0.1 min
    75/90 h=512 lr=0.001 bs=128
      val_loss=0.153504, best_epoch=39, runtime=0.1 min
    76/90 h=1024 lr=1e-05 bs=8
      val_loss=0.153854, best_epoch=68, runtime=1.3 min
    77/90 h=1024 lr=1e-05 bs=16
      val_loss=0.150266, best_epoch=113, runtime=1.2 min
    78/90 h=1024 lr=1e-05 bs=32
      val_loss=0.158765, best_epoch=162, runtime=0.8 min
    79/90 h=1024 lr=1e-05 bs=64
      val_loss=0.155787, best_epoch=227, runtime=0.5 min
    80/90 h=1024 lr=1e-05 bs=128
      val_loss=0.149177, best_epoch=413, runtime=0.2 min
    81/90 h=1024 lr=0.0001 bs=8
      val_loss=0.105853, best_epoch=29, runtime=0.8 min
    82/90 h=1024 lr=0.0001 bs=16
      val_loss=0.115083, best_epoch=49, runtime=0.6 min
    83/90 h=1024 lr=0.0001 bs=32
      val_loss=0.134781, best_epoch=26, runtime=0.2 min
    84/90 h=1024 lr=0.0001 bs=64
      val_loss=0.131557, best_epoch=67, runtime=0.2 min
    85/90 h=1024 lr=0.0001 bs=128
      val_loss=0.121853, best_epoch=105, runtime=0.1 min
    86/90 h=1024 lr=0.001 bs=8
      val_loss=0.038795, best_epoch=13, runtime=0.6 min
    87/90 h=1024 lr=0.001 bs=16
      val_loss=0.103802, best_epoch=13, runtime=0.3 min
    88/90 h=1024 lr=0.001 bs=32
      val_loss=0.123601, best_epoch=17, runtime=0.2 min
    89/90 h=1024 lr=0.001 bs=64
      val_loss=0.154443, best_epoch=8, runtime=0.1 min
    90/90 h=1024 lr=0.001 bs=128
      val_loss=0.157739, best_epoch=29, runtime=0.0 min
  Fold 3: accuracy=1.0000, balanced_accuracy=1.0000, macro_f1=1.0000
    1/90 h=32 lr=1e-05 bs=8
      val_loss=0.032522, best_epoch=329, runtime=1.5 min
    2/90 h=32 lr=1e-05 bs=16
      val_loss=0.047163, best_epoch=470, runtime=1.1 min
    3/90 h=32 lr=1e-05 bs=32
      val_loss=0.045003, best_epoch=535, runtime=0.6 min
    4/90 h=32 lr=1e-05 bs=64
      val_loss=0.071665, best_epoch=818, runtime=0.5 min
    5/90 h=32 lr=1e-05 bs=128
      val_loss=0.147632, best_epoch=991, runtime=0.4 min
    6/90 h=32 lr=0.0001 bs=8
      val_loss=0.006694, best_epoch=87, runtime=0.5 min
    7/90 h=32 lr=0.0001 bs=16
      val_loss=0.012536, best_epoch=128, runtime=0.4 min
    8/90 h=32 lr=0.0001 bs=32
      val_loss=0.016847, best_epoch=164, runtime=0.2 min
    9/90 h=32 lr=0.0001 bs=64
      val_loss=0.022447, best_epoch=255, runtime=0.2 min
    10/90 h=32 lr=0.0001 bs=128
      val_loss=0.030860, best_epoch=307, runtime=0.1 min
    11/90 h=32 lr=0.001 bs=8
      val_loss=0.002725, best_epoch=37, runtime=0.3 min
    12/90 h=32 lr=0.001 bs=16
      val_loss=0.006145, best_epoch=41, runtime=0.2 min
    13/90 h=32 lr=0.001 bs=32
      val_loss=0.008916, best_epoch=52, runtime=0.1 min
    14/90 h=32 lr=0.001 bs=64
      val_loss=0.009293, best_epoch=61, runtime=0.1 min
    15/90 h=32 lr=0.001 bs=128
      val_loss=0.017061, best_epoch=147, runtime=0.1 min
    16/90 h=64 lr=1e-05 bs=8
      val_loss=0.024706, best_epoch=282, runtime=1.4 min
    17/90 h=64 lr=1e-05 bs=16
      val_loss=0.033561, best_epoch=327, runtime=0.8 min
    18/90 h=64 lr=1e-05 bs=32
      val_loss=0.040014, best_epoch=447, runtime=0.6 min
    19/90 h=64 lr=1e-05 bs=64
      val_loss=0.060533, best_epoch=612, runtime=0.4 min
    20/90 h=64 lr=1e-05 bs=128
      val_loss=0.086844, best_epoch=935, runtime=0.3 min
    21/90 h=64 lr=0.0001 bs=8
      val_loss=0.004297, best_epoch=85, runtime=0.5 min
    22/90 h=64 lr=0.0001 bs=16
      val_loss=0.006255, best_epoch=119, runtime=0.3 min
    23/90 h=64 lr=0.0001 bs=32
      val_loss=0.012071, best_epoch=148, runtime=0.2 min
    24/90 h=64 lr=0.0001 bs=64
      val_loss=0.020710, best_epoch=208, runtime=0.2 min
    25/90 h=64 lr=0.0001 bs=128
      val_loss=0.027312, best_epoch=263, runtime=0.1 min
    26/90 h=64 lr=0.001 bs=8
      val_loss=0.005099, best_epoch=21, runtime=0.2 min
    27/90 h=64 lr=0.001 bs=16
      val_loss=0.006932, best_epoch=29, runtime=0.1 min
    28/90 h=64 lr=0.001 bs=32
      val_loss=0.004968, best_epoch=56, runtime=0.1 min
    29/90 h=64 lr=0.001 bs=64
      val_loss=0.009312, best_epoch=53, runtime=0.1 min
    30/90 h=64 lr=0.001 bs=128
      val_loss=0.011987, best_epoch=72, runtime=0.0 min
    31/90 h=128 lr=1e-05 bs=8
      val_loss=0.019092, best_epoch=210, runtime=1.2 min
    32/90 h=128 lr=1e-05 bs=16
      val_loss=0.026233, best_epoch=263, runtime=0.7 min
    33/90 h=128 lr=1e-05 bs=32
      val_loss=0.039051, best_epoch=374, runtime=0.5 min
    34/90 h=128 lr=1e-05 bs=64
      val_loss=0.047435, best_epoch=508, runtime=0.4 min
    35/90 h=128 lr=1e-05 bs=128
      val_loss=0.066954, best_epoch=679, runtime=0.2 min
    36/90 h=128 lr=0.0001 bs=8
      val_loss=0.005977, best_epoch=66, runtime=0.4 min
    37/90 h=128 lr=0.0001 bs=16
      val_loss=0.009201, best_epoch=83, runtime=0.3 min
    38/90 h=128 lr=0.0001 bs=32
      val_loss=0.013832, best_epoch=109, runtime=0.2 min
    39/90 h=128 lr=0.0001 bs=64
      val_loss=0.019818, best_epoch=150, runtime=0.1 min
    40/90 h=128 lr=0.0001 bs=128
      val_loss=0.022620, best_epoch=181, runtime=0.1 min
    41/90 h=128 lr=0.001 bs=8
      val_loss=0.004367, best_epoch=17, runtime=0.2 min
    42/90 h=128 lr=0.001 bs=16
      val_loss=0.005492, best_epoch=27, runtime=0.1 min
    43/90 h=128 lr=0.001 bs=32
      val_loss=0.006021, best_epoch=35, runtime=0.1 min
    44/90 h=128 lr=0.001 bs=64
      val_loss=0.010808, best_epoch=40, runtime=0.0 min
    45/90 h=128 lr=0.001 bs=128
      val_loss=0.011893, best_epoch=56, runtime=0.0 min
    46/90 h=256 lr=1e-05 bs=8
      val_loss=0.016862, best_epoch=166, runtime=2.3 min
    47/90 h=256 lr=1e-05 bs=16
      val_loss=0.021406, best_epoch=231, runtime=1.6 min
    48/90 h=256 lr=1e-05 bs=32
      val_loss=0.031945, best_epoch=287, runtime=1.0 min
    49/90 h=256 lr=1e-05 bs=64
      val_loss=0.040276, best_epoch=434, runtime=0.8 min
    50/90 h=256 lr=1e-05 bs=128
      val_loss=0.055415, best_epoch=570, runtime=0.6 min
    51/90 h=256 lr=0.0001 bs=8
      val_loss=0.008138, best_epoch=43, runtime=0.9 min
    52/90 h=256 lr=0.0001 bs=16
      val_loss=0.008776, best_epoch=66, runtime=0.6 min
    53/90 h=256 lr=0.0001 bs=32
      val_loss=0.011416, best_epoch=108, runtime=0.4 min
    54/90 h=256 lr=0.0001 bs=64
      val_loss=0.017255, best_epoch=111, runtime=0.2 min
    55/90 h=256 lr=0.0001 bs=128
      val_loss=0.021941, best_epoch=165, runtime=0.2 min
    56/90 h=256 lr=0.001 bs=8
      val_loss=0.003495, best_epoch=13, runtime=0.5 min
    57/90 h=256 lr=0.001 bs=16
      val_loss=0.003911, best_epoch=21, runtime=0.3 min
    58/90 h=256 lr=0.001 bs=32
      val_loss=0.005807, best_epoch=30, runtime=0.2 min
    59/90 h=256 lr=0.001 bs=64
      val_loss=0.005271, best_epoch=53, runtime=0.1 min
    60/90 h=256 lr=0.001 bs=128
      val_loss=0.010506, best_epoch=48, runtime=0.1 min
    61/90 h=512 lr=1e-05 bs=8
      val_loss=0.014422, best_epoch=145, runtime=2.2 min
    62/90 h=512 lr=1e-05 bs=16
      val_loss=0.016588, best_epoch=197, runtime=1.5 min
    63/90 h=512 lr=1e-05 bs=32
      val_loss=0.024562, best_epoch=251, runtime=1.0 min
    64/90 h=512 lr=1e-05 bs=64
      val_loss=0.033123, best_epoch=351, runtime=0.7 min
    65/90 h=512 lr=1e-05 bs=128
      val_loss=0.052673, best_epoch=491, runtime=0.5 min
    66/90 h=512 lr=0.0001 bs=8
      val_loss=0.004723, best_epoch=46, runtime=0.9 min
    67/90 h=512 lr=0.0001 bs=16
      val_loss=0.006222, best_epoch=61, runtime=0.6 min
    68/90 h=512 lr=0.0001 bs=32
      val_loss=0.011609, best_epoch=72, runtime=0.2 min
    69/90 h=512 lr=0.0001 bs=64
      val_loss=0.012873, best_epoch=113, runtime=0.1 min
    70/90 h=512 lr=0.0001 bs=128
      val_loss=0.017056, best_epoch=141, runtime=0.1 min
    71/90 h=512 lr=0.001 bs=8
      val_loss=0.002570, best_epoch=19, runtime=0.3 min
    72/90 h=512 lr=0.001 bs=16
      val_loss=0.004755, best_epoch=18, runtime=0.2 min
    73/90 h=512 lr=0.001 bs=32
      val_loss=0.006021, best_epoch=23, runtime=0.1 min
    74/90 h=512 lr=0.001 bs=64
      val_loss=0.009696, best_epoch=26, runtime=0.1 min
    75/90 h=512 lr=0.001 bs=128
      val_loss=0.006651, best_epoch=78, runtime=0.1 min
    76/90 h=1024 lr=1e-05 bs=8
      val_loss=0.011291, best_epoch=116, runtime=1.2 min
    77/90 h=1024 lr=1e-05 bs=16
      val_loss=0.013807, best_epoch=168, runtime=0.8 min
    78/90 h=1024 lr=1e-05 bs=32
      val_loss=0.020060, best_epoch=226, runtime=0.5 min
    79/90 h=1024 lr=1e-05 bs=64
      val_loss=0.031441, best_epoch=281, runtime=0.4 min
    80/90 h=1024 lr=1e-05 bs=128
      val_loss=0.046106, best_epoch=389, runtime=0.2 min
    81/90 h=1024 lr=0.0001 bs=8
      val_loss=0.007284, best_epoch=28, runtime=0.5 min
    82/90 h=1024 lr=0.0001 bs=16
      val_loss=0.006719, best_epoch=46, runtime=0.3 min
    83/90 h=1024 lr=0.0001 bs=32
      val_loss=0.006489, best_epoch=83, runtime=0.2 min
    84/90 h=1024 lr=0.0001 bs=64
      val_loss=0.009858, best_epoch=110, runtime=0.2 min
    85/90 h=1024 lr=0.0001 bs=128
      val_loss=0.016156, best_epoch=120, runtime=0.1 min
    86/90 h=1024 lr=0.001 bs=8
      val_loss=0.005759, best_epoch=9, runtime=0.3 min
    87/90 h=1024 lr=0.001 bs=16
      val_loss=0.004466, best_epoch=15, runtime=0.2 min
    88/90 h=1024 lr=0.001 bs=32
      val_loss=0.006358, best_epoch=22, runtime=0.1 min
    89/90 h=1024 lr=0.001 bs=64
      val_loss=0.007988, best_epoch=27, runtime=0.1 min
    90/90 h=1024 lr=0.001 bs=128
      val_loss=0.008796, best_epoch=57, runtime=0.0 min
  Fold 4: accuracy=0.9844, balanced_accuracy=0.9691, macro_f1=0.9675
    1/90 h=32 lr=1e-05 bs=8
      val_loss=0.109843, best_epoch=337, runtime=1.6 min
    2/90 h=32 lr=1e-05 bs=16
      val_loss=0.087832, best_epoch=344, runtime=0.9 min
    3/90 h=32 lr=1e-05 bs=32
      val_loss=0.107844, best_epoch=713, runtime=0.9 min
    4/90 h=32 lr=1e-05 bs=64
      val_loss=0.119424, best_epoch=882, runtime=0.6 min
    5/90 h=32 lr=1e-05 bs=128
      val_loss=0.144086, best_epoch=983, runtime=0.3 min
    6/90 h=32 lr=0.0001 bs=8
      val_loss=0.055255, best_epoch=66, runtime=0.4 min
    7/90 h=32 lr=0.0001 bs=16
      val_loss=0.093325, best_epoch=69, runtime=0.2 min
    8/90 h=32 lr=0.0001 bs=32
      val_loss=0.092071, best_epoch=115, runtime=0.2 min
    9/90 h=32 lr=0.0001 bs=64
      val_loss=0.111215, best_epoch=186, runtime=0.1 min
    10/90 h=32 lr=0.0001 bs=128
      val_loss=0.094959, best_epoch=244, runtime=0.1 min
    11/90 h=32 lr=0.001 bs=8
      val_loss=0.044083, best_epoch=21, runtime=0.2 min
    12/90 h=32 lr=0.001 bs=16
      val_loss=0.059205, best_epoch=25, runtime=0.1 min
    13/90 h=32 lr=0.001 bs=32
      val_loss=0.112005, best_epoch=17, runtime=0.1 min
    14/90 h=32 lr=0.001 bs=64
      val_loss=0.092645, best_epoch=33, runtime=0.0 min
    15/90 h=32 lr=0.001 bs=128
      val_loss=0.087051, best_epoch=81, runtime=0.0 min
    16/90 h=64 lr=1e-05 bs=8
      val_loss=0.078602, best_epoch=202, runtime=1.0 min
    17/90 h=64 lr=1e-05 bs=16
      val_loss=0.086307, best_epoch=338, runtime=0.8 min
    18/90 h=64 lr=1e-05 bs=32
      val_loss=0.099276, best_epoch=472, runtime=0.6 min
    19/90 h=64 lr=1e-05 bs=64
      val_loss=0.119155, best_epoch=572, runtime=0.4 min
    20/90 h=64 lr=1e-05 bs=128
      val_loss=0.138739, best_epoch=896, runtime=0.3 min
    21/90 h=64 lr=0.0001 bs=8
      val_loss=0.096312, best_epoch=43, runtime=0.3 min
    22/90 h=64 lr=0.0001 bs=16
      val_loss=0.089147, best_epoch=61, runtime=0.2 min
    23/90 h=64 lr=0.0001 bs=32
      val_loss=0.101373, best_epoch=78, runtime=0.1 min
    24/90 h=64 lr=0.0001 bs=64
      val_loss=0.086476, best_epoch=144, runtime=0.1 min
    25/90 h=64 lr=0.0001 bs=128
      val_loss=0.085643, best_epoch=272, runtime=0.1 min
    26/90 h=64 lr=0.001 bs=8
      val_loss=0.083392, best_epoch=11, runtime=0.2 min
    27/90 h=64 lr=0.001 bs=16
      val_loss=0.043650, best_epoch=25, runtime=0.1 min
    28/90 h=64 lr=0.001 bs=32
      val_loss=0.058612, best_epoch=16, runtime=0.1 min
    29/90 h=64 lr=0.001 bs=64
      val_loss=0.077775, best_epoch=41, runtime=0.0 min
    30/90 h=64 lr=0.001 bs=128
      val_loss=0.091668, best_epoch=49, runtime=0.0 min
    31/90 h=128 lr=1e-05 bs=8
      val_loss=0.078776, best_epoch=177, runtime=1.0 min
    32/90 h=128 lr=1e-05 bs=16
      val_loss=0.094492, best_epoch=236, runtime=0.7 min
    33/90 h=128 lr=1e-05 bs=32
      val_loss=0.105969, best_epoch=329, runtime=0.5 min
    34/90 h=128 lr=1e-05 bs=64
      val_loss=0.095942, best_epoch=519, runtime=0.4 min
    35/90 h=128 lr=1e-05 bs=128
      val_loss=0.108459, best_epoch=687, runtime=0.2 min
    36/90 h=128 lr=0.0001 bs=8
      val_loss=0.090092, best_epoch=22, runtime=0.3 min
    37/90 h=128 lr=0.0001 bs=16
      val_loss=0.067036, best_epoch=57, runtime=0.2 min
    38/90 h=128 lr=0.0001 bs=32
      val_loss=0.077222, best_epoch=87, runtime=0.2 min
    39/90 h=128 lr=0.0001 bs=64
      val_loss=0.081113, best_epoch=107, runtime=0.1 min
    40/90 h=128 lr=0.0001 bs=128
      val_loss=0.086387, best_epoch=151, runtime=0.1 min
    41/90 h=128 lr=0.001 bs=8
      val_loss=0.036029, best_epoch=6, runtime=0.2 min
    42/90 h=128 lr=0.001 bs=16
      val_loss=0.078133, best_epoch=6, runtime=0.1 min
    43/90 h=128 lr=0.001 bs=32
      val_loss=0.065974, best_epoch=12, runtime=0.1 min
    44/90 h=128 lr=0.001 bs=64
      val_loss=0.096840, best_epoch=16, runtime=0.0 min
    45/90 h=128 lr=0.001 bs=128
      val_loss=0.066519, best_epoch=46, runtime=0.0 min
    46/90 h=256 lr=1e-05 bs=8
      val_loss=0.086035, best_epoch=121, runtime=0.9 min
    47/90 h=256 lr=1e-05 bs=16
      val_loss=0.096432, best_epoch=161, runtime=0.6 min
    48/90 h=256 lr=1e-05 bs=32
      val_loss=0.102087, best_epoch=237, runtime=0.4 min
    49/90 h=256 lr=1e-05 bs=64
      val_loss=0.092012, best_epoch=417, runtime=0.4 min
    50/90 h=256 lr=1e-05 bs=128
      val_loss=0.111909, best_epoch=592, runtime=0.3 min
    51/90 h=256 lr=0.0001 bs=8
      val_loss=0.069014, best_epoch=42, runtime=0.4 min
    52/90 h=256 lr=0.0001 bs=16
      val_loss=0.085174, best_epoch=36, runtime=0.2 min
    53/90 h=256 lr=0.0001 bs=32
      val_loss=0.082053, best_epoch=45, runtime=0.1 min
    54/90 h=256 lr=0.0001 bs=64
      val_loss=0.088409, best_epoch=87, runtime=0.1 min
    55/90 h=256 lr=0.0001 bs=128
      val_loss=0.092879, best_epoch=131, runtime=0.1 min
    56/90 h=256 lr=0.001 bs=8
      val_loss=0.062464, best_epoch=5, runtime=0.2 min
    57/90 h=256 lr=0.001 bs=16
      val_loss=0.071149, best_epoch=8, runtime=0.1 min
    58/90 h=256 lr=0.001 bs=32
      val_loss=0.071253, best_epoch=10, runtime=0.1 min
    59/90 h=256 lr=0.001 bs=64
      val_loss=0.072922, best_epoch=17, runtime=0.0 min
    60/90 h=256 lr=0.001 bs=128
      val_loss=0.071355, best_epoch=33, runtime=0.0 min
    61/90 h=512 lr=1e-05 bs=8
      val_loss=0.067418, best_epoch=99, runtime=0.9 min
    62/90 h=512 lr=1e-05 bs=16
      val_loss=0.080970, best_epoch=137, runtime=0.6 min
    63/90 h=512 lr=1e-05 bs=32
      val_loss=0.100130, best_epoch=204, runtime=0.4 min
    64/90 h=512 lr=1e-05 bs=64
      val_loss=0.100275, best_epoch=311, runtime=0.3 min
    65/90 h=512 lr=1e-05 bs=128
      val_loss=0.115298, best_epoch=428, runtime=0.2 min
    66/90 h=512 lr=0.0001 bs=8
      val_loss=0.064818, best_epoch=24, runtime=0.4 min
    67/90 h=512 lr=0.0001 bs=16
      val_loss=0.070792, best_epoch=27, runtime=0.2 min
    68/90 h=512 lr=0.0001 bs=32
      val_loss=0.079139, best_epoch=43, runtime=0.1 min
    69/90 h=512 lr=0.0001 bs=64
      val_loss=0.081668, best_epoch=80, runtime=0.1 min
    70/90 h=512 lr=0.0001 bs=128
      val_loss=0.085233, best_epoch=96, runtime=0.1 min
    71/90 h=512 lr=0.001 bs=8
      val_loss=0.018812, best_epoch=10, runtime=0.3 min
    72/90 h=512 lr=0.001 bs=16
      val_loss=0.050033, best_epoch=11, runtime=0.1 min
    73/90 h=512 lr=0.001 bs=32
      val_loss=0.073643, best_epoch=9, runtime=0.1 min
    74/90 h=512 lr=0.001 bs=64
      val_loss=0.070559, best_epoch=18, runtime=0.0 min
    75/90 h=512 lr=0.001 bs=128
      val_loss=0.078663, best_epoch=21, runtime=0.0 min
    76/90 h=1024 lr=1e-05 bs=8
      val_loss=0.077970, best_epoch=76, runtime=0.9 min
    77/90 h=1024 lr=1e-05 bs=16
      val_loss=0.082699, best_epoch=106, runtime=0.5 min
    78/90 h=1024 lr=1e-05 bs=32
      val_loss=0.074168, best_epoch=182, runtime=0.4 min
    79/90 h=1024 lr=1e-05 bs=64
      val_loss=0.095263, best_epoch=238, runtime=0.3 min
    80/90 h=1024 lr=1e-05 bs=128
      val_loss=0.098185, best_epoch=370, runtime=0.2 min
    81/90 h=1024 lr=0.0001 bs=8
      val_loss=0.064489, best_epoch=29, runtime=0.5 min
    82/90 h=1024 lr=0.0001 bs=16
      val_loss=0.073715, best_epoch=23, runtime=0.2 min
    83/90 h=1024 lr=0.0001 bs=32
      val_loss=0.074178, best_epoch=28, runtime=0.1 min
    84/90 h=1024 lr=0.0001 bs=64
      val_loss=0.077395, best_epoch=51, runtime=0.1 min
    85/90 h=1024 lr=0.0001 bs=128
      val_loss=0.082582, best_epoch=101, runtime=0.1 min
    86/90 h=1024 lr=0.001 bs=8
      val_loss=0.031887, best_epoch=24, runtime=0.5 min
    87/90 h=1024 lr=0.001 bs=16
      val_loss=0.058892, best_epoch=4, runtime=0.1 min
    88/90 h=1024 lr=0.001 bs=32
      val_loss=0.051715, best_epoch=15, runtime=0.1 min
    89/90 h=1024 lr=0.001 bs=64
      val_loss=0.069158, best_epoch=11, runtime=0.0 min
    90/90 h=1024 lr=0.001 bs=128
      val_loss=0.085717, best_epoch=13, runtime=0.0 min
  Fold 5: accuracy=0.9638, balanced_accuracy=0.9763, macro_f1=0.9759

wf2_featurewise: Scale every DB feature-wise, then pool
    1/90 h=32 lr=1e-05 bs=8
      val_loss=0.063796, best_epoch=666, runtime=3.0 min
    2/90 h=32 lr=1e-05 bs=16
      val_loss=0.078694, best_epoch=810, runtime=1.9 min
    3/90 h=32 lr=1e-05 bs=32
      val_loss=0.131841, best_epoch=862, runtime=1.0 min
    4/90 h=32 lr=1e-05 bs=64
      val_loss=0.186738, best_epoch=999, runtime=0.6 min
    5/90 h=32 lr=1e-05 bs=128
      val_loss=0.303768, best_epoch=988, runtime=0.3 min
    6/90 h=32 lr=0.0001 bs=8
      val_loss=0.027717, best_epoch=140, runtime=0.7 min
    7/90 h=32 lr=0.0001 bs=16
      val_loss=0.015714, best_epoch=241, runtime=0.6 min
    8/90 h=32 lr=0.0001 bs=32
      val_loss=0.044815, best_epoch=223, runtime=0.3 min
    9/90 h=32 lr=0.0001 bs=64
      val_loss=0.040114, best_epoch=376, runtime=0.2 min
    10/90 h=32 lr=0.0001 bs=128
      val_loss=0.055490, best_epoch=478, runtime=0.2 min
    11/90 h=32 lr=0.001 bs=8
      val_loss=0.003409, best_epoch=83, runtime=0.5 min
    12/90 h=32 lr=0.001 bs=16
      val_loss=0.012069, best_epoch=67, runtime=0.2 min
    13/90 h=32 lr=0.001 bs=32
      val_loss=0.014264, best_epoch=128, runtime=0.2 min
    14/90 h=32 lr=0.001 bs=64
      val_loss=0.035372, best_epoch=100, runtime=0.1 min
    15/90 h=32 lr=0.001 bs=128
      val_loss=0.032326, best_epoch=150, runtime=0.1 min
    16/90 h=64 lr=1e-05 bs=8
      val_loss=0.071129, best_epoch=460, runtime=2.1 min
    17/90 h=64 lr=1e-05 bs=16
      val_loss=0.055910, best_epoch=656, runtime=1.5 min
    18/90 h=64 lr=1e-05 bs=32
      val_loss=0.109475, best_epoch=708, runtime=0.9 min
    19/90 h=64 lr=1e-05 bs=64
      val_loss=0.147768, best_epoch=927, runtime=0.6 min
    20/90 h=64 lr=1e-05 bs=128
      val_loss=0.219332, best_epoch=987, runtime=0.3 min
    21/90 h=64 lr=0.0001 bs=8
      val_loss=0.012736, best_epoch=124, runtime=0.7 min
    22/90 h=64 lr=0.0001 bs=16
      val_loss=0.024777, best_epoch=172, runtime=0.5 min
    23/90 h=64 lr=0.0001 bs=32
      val_loss=0.045913, best_epoch=185, runtime=0.3 min
    24/90 h=64 lr=0.0001 bs=64
      val_loss=0.033508, best_epoch=319, runtime=0.2 min
    25/90 h=64 lr=0.0001 bs=128
      val_loss=0.061613, best_epoch=372, runtime=0.1 min
    26/90 h=64 lr=0.001 bs=8
      val_loss=0.012291, best_epoch=38, runtime=0.3 min
    27/90 h=64 lr=0.001 bs=16
      val_loss=0.010199, best_epoch=64, runtime=0.2 min
    28/90 h=64 lr=0.001 bs=32
      val_loss=0.015076, best_epoch=75, runtime=0.1 min
    29/90 h=64 lr=0.001 bs=64
      val_loss=0.020518, best_epoch=106, runtime=0.1 min
    30/90 h=64 lr=0.001 bs=128
      val_loss=0.032401, best_epoch=178, runtime=0.1 min
    31/90 h=128 lr=1e-05 bs=8
      val_loss=0.066391, best_epoch=370, runtime=1.8 min
    32/90 h=128 lr=1e-05 bs=16
      val_loss=0.067889, best_epoch=523, runtime=1.2 min
    33/90 h=128 lr=1e-05 bs=32
      val_loss=0.078066, best_epoch=702, runtime=0.8 min
    34/90 h=128 lr=1e-05 bs=64
      val_loss=0.094496, best_epoch=851, runtime=0.5 min
    35/90 h=128 lr=1e-05 bs=128
      val_loss=0.157607, best_epoch=915, runtime=0.3 min
    36/90 h=128 lr=0.0001 bs=8
      val_loss=0.012881, best_epoch=100, runtime=0.6 min
    37/90 h=128 lr=0.0001 bs=16
      val_loss=0.010030, best_epoch=167, runtime=0.4 min
    38/90 h=128 lr=0.0001 bs=32
      val_loss=0.026334, best_epoch=242, runtime=0.3 min
    39/90 h=128 lr=0.0001 bs=64
      val_loss=0.049774, best_epoch=286, runtime=0.2 min
    40/90 h=128 lr=0.0001 bs=128
      val_loss=0.055335, best_epoch=312, runtime=0.1 min
    41/90 h=128 lr=0.001 bs=8
      val_loss=0.019481, best_epoch=36, runtime=0.3 min
    42/90 h=128 lr=0.001 bs=16
      val_loss=0.008438, best_epoch=56, runtime=0.2 min
    43/90 h=128 lr=0.001 bs=32
      val_loss=0.011245, best_epoch=90, runtime=0.1 min
    44/90 h=128 lr=0.001 bs=64
      val_loss=0.031732, best_epoch=80, runtime=0.1 min
    45/90 h=128 lr=0.001 bs=128
      val_loss=0.023802, best_epoch=166, runtime=0.1 min
    46/90 h=256 lr=1e-05 bs=8
      val_loss=0.037808, best_epoch=389, runtime=3.9 min
    47/90 h=256 lr=1e-05 bs=16
      val_loss=0.049677, best_epoch=449, runtime=1.5 min
    48/90 h=256 lr=1e-05 bs=32
      val_loss=0.071477, best_epoch=542, runtime=0.9 min
    49/90 h=256 lr=1e-05 bs=64
      val_loss=0.096368, best_epoch=675, runtime=0.6 min
    50/90 h=256 lr=1e-05 bs=128
      val_loss=0.121387, best_epoch=853, runtime=0.4 min
    51/90 h=256 lr=0.0001 bs=8
      val_loss=0.004897, best_epoch=114, runtime=0.8 min
    52/90 h=256 lr=0.0001 bs=16
      val_loss=0.022872, best_epoch=89, runtime=0.4 min
    53/90 h=256 lr=0.0001 bs=32
      val_loss=0.044024, best_epoch=128, runtime=0.2 min
    54/90 h=256 lr=0.0001 bs=64
      val_loss=0.048043, best_epoch=202, runtime=0.2 min
    55/90 h=256 lr=0.0001 bs=128
      val_loss=0.045445, best_epoch=246, runtime=0.1 min
    56/90 h=256 lr=0.001 bs=8
      val_loss=0.013563, best_epoch=36, runtime=0.4 min
    57/90 h=256 lr=0.001 bs=16
      val_loss=0.013647, best_epoch=46, runtime=0.2 min
    58/90 h=256 lr=0.001 bs=32
      val_loss=0.016963, best_epoch=76, runtime=0.2 min
    59/90 h=256 lr=0.001 bs=64
      val_loss=0.027747, best_epoch=65, runtime=0.1 min
    60/90 h=256 lr=0.001 bs=128
      val_loss=0.024151, best_epoch=116, runtime=0.1 min
    61/90 h=512 lr=1e-05 bs=8
      val_loss=0.047023, best_epoch=231, runtime=2.7 min
    62/90 h=512 lr=1e-05 bs=16
      val_loss=0.054123, best_epoch=326, runtime=2.4 min
    63/90 h=512 lr=1e-05 bs=32
      val_loss=0.052749, best_epoch=502, runtime=1.8 min
    64/90 h=512 lr=1e-05 bs=64
      val_loss=0.076035, best_epoch=618, runtime=1.2 min
    65/90 h=512 lr=1e-05 bs=128
      val_loss=0.105579, best_epoch=737, runtime=0.8 min
    66/90 h=512 lr=0.0001 bs=8
      val_loss=0.015390, best_epoch=84, runtime=1.5 min
    67/90 h=512 lr=0.0001 bs=16
      val_loss=0.033936, best_epoch=101, runtime=0.9 min
    68/90 h=512 lr=0.0001 bs=32
      val_loss=0.037187, best_epoch=134, runtime=0.6 min
    69/90 h=512 lr=0.0001 bs=64
      val_loss=0.041182, best_epoch=202, runtime=0.4 min
    70/90 h=512 lr=0.0001 bs=128
      val_loss=0.050203, best_epoch=215, runtime=0.3 min
    71/90 h=512 lr=0.001 bs=8
      val_loss=0.016154, best_epoch=28, runtime=0.7 min
    72/90 h=512 lr=0.001 bs=16
      val_loss=0.013601, best_epoch=68, runtime=0.7 min
    73/90 h=512 lr=0.001 bs=32
      val_loss=0.021904, best_epoch=50, runtime=0.3 min
    74/90 h=512 lr=0.001 bs=64
      val_loss=0.035341, best_epoch=78, runtime=0.2 min
    75/90 h=512 lr=0.001 bs=128
      val_loss=0.031827, best_epoch=102, runtime=0.1 min
    76/90 h=1024 lr=1e-05 bs=8
      val_loss=0.029337, best_epoch=212, runtime=3.2 min
    77/90 h=1024 lr=1e-05 bs=16
      val_loss=0.049800, best_epoch=260, runtime=2.0 min
    78/90 h=1024 lr=1e-05 bs=32
      val_loss=0.045327, best_epoch=405, runtime=1.6 min
    79/90 h=1024 lr=1e-05 bs=64
      val_loss=0.070148, best_epoch=517, runtime=1.1 min
    80/90 h=1024 lr=1e-05 bs=128
      val_loss=0.110511, best_epoch=585, runtime=0.3 min
    81/90 h=1024 lr=0.0001 bs=8
      val_loss=0.019970, best_epoch=65, runtime=0.8 min
    82/90 h=1024 lr=0.0001 bs=16
      val_loss=0.028296, best_epoch=74, runtime=0.4 min
    83/90 h=1024 lr=0.0001 bs=32
      val_loss=0.031787, best_epoch=114, runtime=0.3 min
    84/90 h=1024 lr=0.0001 bs=64
      val_loss=0.047525, best_epoch=138, runtime=0.2 min
    85/90 h=1024 lr=0.0001 bs=128
      val_loss=0.056750, best_epoch=177, runtime=0.1 min
    86/90 h=1024 lr=0.001 bs=8
      val_loss=0.029620, best_epoch=44, runtime=0.6 min
    87/90 h=1024 lr=0.001 bs=16
      val_loss=0.025936, best_epoch=32, runtime=0.2 min
    88/90 h=1024 lr=0.001 bs=32
      val_loss=0.020690, best_epoch=57, runtime=0.2 min
    89/90 h=1024 lr=0.001 bs=64
      val_loss=0.030965, best_epoch=54, runtime=0.1 min
    90/90 h=1024 lr=0.001 bs=128
      val_loss=0.026482, best_epoch=131, runtime=0.1 min
  Fold 1: accuracy=0.9973, balanced_accuracy=0.9950, macro_f1=0.9954
    1/90 h=32 lr=1e-05 bs=8
      val_loss=0.058109, best_epoch=612, runtime=2.9 min
    2/90 h=32 lr=1e-05 bs=16
      val_loss=0.066537, best_epoch=798, runtime=1.9 min
    3/90 h=32 lr=1e-05 bs=32
      val_loss=0.103457, best_epoch=962, runtime=1.2 min
    4/90 h=32 lr=1e-05 bs=64
      val_loss=0.243756, best_epoch=997, runtime=0.6 min
    5/90 h=32 lr=1e-05 bs=128
      val_loss=0.368117, best_epoch=995, runtime=0.4 min
    6/90 h=32 lr=0.0001 bs=8
      val_loss=0.008845, best_epoch=160, runtime=0.9 min
    7/90 h=32 lr=0.0001 bs=16
      val_loss=0.020775, best_epoch=178, runtime=0.5 min
    8/90 h=32 lr=0.0001 bs=32
      val_loss=0.028322, best_epoch=262, runtime=0.4 min
    9/90 h=32 lr=0.0001 bs=64
      val_loss=0.031023, best_epoch=362, runtime=0.3 min
    10/90 h=32 lr=0.0001 bs=128
      val_loss=0.051408, best_epoch=381, runtime=0.1 min
    11/90 h=32 lr=0.001 bs=8
      val_loss=0.012613, best_epoch=50, runtime=0.4 min
    12/90 h=32 lr=0.001 bs=16
      val_loss=0.009964, best_epoch=78, runtime=0.3 min
    13/90 h=32 lr=0.001 bs=32
      val_loss=0.012264, best_epoch=128, runtime=0.2 min
    14/90 h=32 lr=0.001 bs=64
      val_loss=0.021165, best_epoch=120, runtime=0.1 min
    15/90 h=32 lr=0.001 bs=128
      val_loss=0.024256, best_epoch=161, runtime=0.1 min
    16/90 h=64 lr=1e-05 bs=8
      val_loss=0.061149, best_epoch=496, runtime=2.4 min
    17/90 h=64 lr=1e-05 bs=16
      val_loss=0.052209, best_epoch=680, runtime=1.6 min
    18/90 h=64 lr=1e-05 bs=32
      val_loss=0.069620, best_epoch=777, runtime=0.9 min
    19/90 h=64 lr=1e-05 bs=64
      val_loss=0.119930, best_epoch=989, runtime=0.6 min
    20/90 h=64 lr=1e-05 bs=128
      val_loss=0.213367, best_epoch=988, runtime=0.3 min
    21/90 h=64 lr=0.0001 bs=8
      val_loss=0.006511, best_epoch=130, runtime=0.7 min
    22/90 h=64 lr=0.0001 bs=16
      val_loss=0.019259, best_epoch=162, runtime=0.4 min
    23/90 h=64 lr=0.0001 bs=32
      val_loss=0.034193, best_epoch=204, runtime=0.3 min
    24/90 h=64 lr=0.0001 bs=64
      val_loss=0.032118, best_epoch=289, runtime=0.2 min
    25/90 h=64 lr=0.0001 bs=128
      val_loss=0.045351, best_epoch=356, runtime=0.1 min
    26/90 h=64 lr=0.001 bs=8
      val_loss=0.006640, best_epoch=47, runtime=0.3 min
    27/90 h=64 lr=0.001 bs=16
      val_loss=0.009326, best_epoch=58, runtime=0.2 min
    28/90 h=64 lr=0.001 bs=32
      val_loss=0.017022, best_epoch=96, runtime=0.1 min
    29/90 h=64 lr=0.001 bs=64
      val_loss=0.022109, best_epoch=77, runtime=0.1 min
    30/90 h=64 lr=0.001 bs=128
      val_loss=0.019818, best_epoch=134, runtime=0.1 min
    31/90 h=128 lr=1e-05 bs=8
      val_loss=0.021395, best_epoch=429, runtime=2.1 min
    32/90 h=128 lr=1e-05 bs=16
      val_loss=0.035124, best_epoch=507, runtime=1.2 min
    33/90 h=128 lr=1e-05 bs=32
      val_loss=0.065271, best_epoch=679, runtime=0.8 min
    34/90 h=128 lr=1e-05 bs=64
      val_loss=0.077900, best_epoch=860, runtime=0.5 min
    35/90 h=128 lr=1e-05 bs=128
      val_loss=0.141172, best_epoch=999, runtime=0.3 min
    36/90 h=128 lr=0.0001 bs=8
      val_loss=0.009656, best_epoch=97, runtime=0.6 min
    37/90 h=128 lr=0.0001 bs=16
      val_loss=0.010826, best_epoch=167, runtime=0.4 min
    38/90 h=128 lr=0.0001 bs=32
      val_loss=0.017029, best_epoch=186, runtime=0.2 min
    39/90 h=128 lr=0.0001 bs=64
      val_loss=0.032447, best_epoch=238, runtime=0.2 min
    40/90 h=128 lr=0.0001 bs=128
      val_loss=0.040220, best_epoch=326, runtime=0.1 min
    41/90 h=128 lr=0.001 bs=8
      val_loss=0.002480, best_epoch=95, runtime=0.6 min
    42/90 h=128 lr=0.001 bs=16
      val_loss=0.012430, best_epoch=62, runtime=0.2 min
    43/90 h=128 lr=0.001 bs=32
      val_loss=0.008425, best_epoch=70, runtime=0.1 min
    44/90 h=128 lr=0.001 bs=64
      val_loss=0.013718, best_epoch=69, runtime=0.1 min
    45/90 h=128 lr=0.001 bs=128
      val_loss=0.024220, best_epoch=144, runtime=0.1 min
    46/90 h=256 lr=1e-05 bs=8
      val_loss=0.019327, best_epoch=324, runtime=2.7 min
    47/90 h=256 lr=1e-05 bs=16
      val_loss=0.025850, best_epoch=427, runtime=1.4 min
    48/90 h=256 lr=1e-05 bs=32
      val_loss=0.049709, best_epoch=534, runtime=0.9 min
    49/90 h=256 lr=1e-05 bs=64
      val_loss=0.066718, best_epoch=689, runtime=0.6 min
    50/90 h=256 lr=1e-05 bs=128
      val_loss=0.082214, best_epoch=939, runtime=0.5 min
    51/90 h=256 lr=0.0001 bs=8
      val_loss=0.003656, best_epoch=98, runtime=0.7 min
    52/90 h=256 lr=0.0001 bs=16
      val_loss=0.009741, best_epoch=132, runtime=0.5 min
    53/90 h=256 lr=0.0001 bs=32
      val_loss=0.014851, best_epoch=155, runtime=0.3 min
    54/90 h=256 lr=0.0001 bs=64
      val_loss=0.022725, best_epoch=220, runtime=0.2 min
    55/90 h=256 lr=0.0001 bs=128
      val_loss=0.040846, best_epoch=278, runtime=0.1 min
    56/90 h=256 lr=0.001 bs=8
      val_loss=0.004036, best_epoch=43, runtime=0.4 min
    57/90 h=256 lr=0.001 bs=16
      val_loss=0.006014, best_epoch=71, runtime=0.3 min
    58/90 h=256 lr=0.001 bs=32
      val_loss=0.013372, best_epoch=60, runtime=0.1 min
    59/90 h=256 lr=0.001 bs=64
      val_loss=0.013018, best_epoch=92, runtime=0.1 min
    60/90 h=256 lr=0.001 bs=128
      val_loss=0.028373, best_epoch=106, runtime=0.1 min
    61/90 h=512 lr=1e-05 bs=8
      val_loss=0.020151, best_epoch=263, runtime=2.9 min
    62/90 h=512 lr=1e-05 bs=16
      val_loss=0.020701, best_epoch=359, runtime=2.5 min
    63/90 h=512 lr=1e-05 bs=32
      val_loss=0.039426, best_epoch=456, runtime=1.4 min
    64/90 h=512 lr=1e-05 bs=64
      val_loss=0.046343, best_epoch=615, runtime=1.0 min
    65/90 h=512 lr=1e-05 bs=128
      val_loss=0.073003, best_epoch=801, runtime=0.5 min
    66/90 h=512 lr=0.0001 bs=8
      val_loss=0.005540, best_epoch=84, runtime=1.3 min
    67/90 h=512 lr=0.0001 bs=16
      val_loss=0.009327, best_epoch=123, runtime=0.9 min
    68/90 h=512 lr=0.0001 bs=32
      val_loss=0.014496, best_epoch=159, runtime=0.4 min
    69/90 h=512 lr=0.0001 bs=64
      val_loss=0.026112, best_epoch=178, runtime=0.2 min
    70/90 h=512 lr=0.0001 bs=128
      val_loss=0.040275, best_epoch=227, runtime=0.2 min
    71/90 h=512 lr=0.001 bs=8
      val_loss=0.004736, best_epoch=44, runtime=0.9 min
    72/90 h=512 lr=0.001 bs=16
      val_loss=0.010551, best_epoch=53, runtime=0.5 min
    73/90 h=512 lr=0.001 bs=32
      val_loss=0.008746, best_epoch=84, runtime=0.4 min
    74/90 h=512 lr=0.001 bs=64
      val_loss=0.011204, best_epoch=84, runtime=0.2 min
    75/90 h=512 lr=0.001 bs=128
      val_loss=0.018384, best_epoch=103, runtime=0.1 min
    76/90 h=1024 lr=1e-05 bs=8
      val_loss=0.013671, best_epoch=205, runtime=2.8 min
    77/90 h=1024 lr=1e-05 bs=16
      val_loss=0.016116, best_epoch=315, runtime=2.8 min
    78/90 h=1024 lr=1e-05 bs=32
      val_loss=0.025978, best_epoch=376, runtime=1.7 min
    79/90 h=1024 lr=1e-05 bs=64
      val_loss=0.049603, best_epoch=490, runtime=1.2 min
    80/90 h=1024 lr=1e-05 bs=128
      val_loss=0.068544, best_epoch=628, runtime=0.5 min
    81/90 h=1024 lr=0.0001 bs=8
      val_loss=0.007827, best_epoch=68, runtime=0.8 min
    82/90 h=1024 lr=0.0001 bs=16
      val_loss=0.012250, best_epoch=99, runtime=0.5 min
    83/90 h=1024 lr=0.0001 bs=32
      val_loss=0.016518, best_epoch=120, runtime=0.3 min
    84/90 h=1024 lr=0.0001 bs=64
      val_loss=0.024222, best_epoch=153, runtime=0.2 min
    85/90 h=1024 lr=0.0001 bs=128
      val_loss=0.032608, best_epoch=198, runtime=0.1 min
    86/90 h=1024 lr=0.001 bs=8
      val_loss=0.004346, best_epoch=52, runtime=0.7 min
    87/90 h=1024 lr=0.001 bs=16
      val_loss=0.006212, best_epoch=61, runtime=0.4 min
    88/90 h=1024 lr=0.001 bs=32
      val_loss=0.013242, best_epoch=64, runtime=0.2 min
    89/90 h=1024 lr=0.001 bs=64
      val_loss=0.012166, best_epoch=67, runtime=0.1 min
    90/90 h=1024 lr=0.001 bs=128
      val_loss=0.020893, best_epoch=76, runtime=0.0 min
  Fold 2: accuracy=0.9973, balanced_accuracy=0.9958, macro_f1=0.9954
    1/90 h=32 lr=1e-05 bs=8
      val_loss=0.087296, best_epoch=590, runtime=2.8 min
    2/90 h=32 lr=1e-05 bs=16
      val_loss=0.108287, best_epoch=850, runtime=2.0 min
    3/90 h=32 lr=1e-05 bs=32
      val_loss=0.147369, best_epoch=966, runtime=1.2 min
    4/90 h=32 lr=1e-05 bs=64
      val_loss=0.219733, best_epoch=996, runtime=0.6 min
    5/90 h=32 lr=1e-05 bs=128
      val_loss=0.365585, best_epoch=993, runtime=0.3 min
    6/90 h=32 lr=0.0001 bs=8
      val_loss=0.022277, best_epoch=182, runtime=0.9 min
    7/90 h=32 lr=0.0001 bs=16
      val_loss=0.023433, best_epoch=263, runtime=0.6 min
    8/90 h=32 lr=0.0001 bs=32
      val_loss=0.039790, best_epoch=299, runtime=0.4 min
    9/90 h=32 lr=0.0001 bs=64
      val_loss=0.050760, best_epoch=407, runtime=0.3 min
    10/90 h=32 lr=0.0001 bs=128
      val_loss=0.080205, best_epoch=497, runtime=0.2 min
    11/90 h=32 lr=0.001 bs=8
      val_loss=0.025871, best_epoch=70, runtime=0.4 min
    12/90 h=32 lr=0.001 bs=16
      val_loss=0.020940, best_epoch=91, runtime=0.3 min
    13/90 h=32 lr=0.001 bs=32
      val_loss=0.030119, best_epoch=112, runtime=0.2 min
    14/90 h=32 lr=0.001 bs=64
      val_loss=0.032660, best_epoch=147, runtime=0.1 min
    15/90 h=32 lr=0.001 bs=128
      val_loss=0.046095, best_epoch=210, runtime=0.1 min
    16/90 h=64 lr=1e-05 bs=8
      val_loss=0.058887, best_epoch=635, runtime=2.9 min
    17/90 h=64 lr=1e-05 bs=16
      val_loss=0.080502, best_epoch=663, runtime=1.5 min
    18/90 h=64 lr=1e-05 bs=32
      val_loss=0.118049, best_epoch=798, runtime=0.9 min
    19/90 h=64 lr=1e-05 bs=64
      val_loss=0.119149, best_epoch=919, runtime=0.6 min
    20/90 h=64 lr=1e-05 bs=128
      val_loss=0.270788, best_epoch=990, runtime=0.3 min
    21/90 h=64 lr=0.0001 bs=8
      val_loss=0.025125, best_epoch=141, runtime=0.7 min
    22/90 h=64 lr=0.0001 bs=16
      val_loss=0.022980, best_epoch=216, runtime=0.5 min
    23/90 h=64 lr=0.0001 bs=32
      val_loss=0.040352, best_epoch=239, runtime=0.3 min
    24/90 h=64 lr=0.0001 bs=64
      val_loss=0.041814, best_epoch=303, runtime=0.2 min
    25/90 h=64 lr=0.0001 bs=128
      val_loss=0.068730, best_epoch=420, runtime=0.1 min
    26/90 h=64 lr=0.001 bs=8
      val_loss=0.011897, best_epoch=74, runtime=0.5 min
    27/90 h=64 lr=0.001 bs=16
      val_loss=0.023013, best_epoch=80, runtime=0.2 min
    28/90 h=64 lr=0.001 bs=32
      val_loss=0.028275, best_epoch=105, runtime=0.2 min
    29/90 h=64 lr=0.001 bs=64
      val_loss=0.034862, best_epoch=153, runtime=0.1 min
    30/90 h=64 lr=0.001 bs=128
      val_loss=0.034975, best_epoch=145, runtime=0.1 min
    31/90 h=128 lr=1e-05 bs=8
      val_loss=0.052113, best_epoch=475, runtime=2.3 min
    32/90 h=128 lr=1e-05 bs=16
      val_loss=0.064018, best_epoch=579, runtime=1.3 min
    33/90 h=128 lr=1e-05 bs=32
      val_loss=0.083037, best_epoch=805, runtime=0.9 min
    34/90 h=128 lr=1e-05 bs=64
      val_loss=0.118292, best_epoch=931, runtime=0.6 min
    35/90 h=128 lr=1e-05 bs=128
      val_loss=0.167649, best_epoch=990, runtime=0.3 min
    36/90 h=128 lr=0.0001 bs=8
      val_loss=0.012941, best_epoch=141, runtime=0.8 min
    37/90 h=128 lr=0.0001 bs=16
      val_loss=0.016269, best_epoch=213, runtime=0.5 min
    38/90 h=128 lr=0.0001 bs=32
      val_loss=0.034486, best_epoch=214, runtime=0.3 min
    39/90 h=128 lr=0.0001 bs=64
      val_loss=0.047902, best_epoch=301, runtime=0.2 min
    40/90 h=128 lr=0.0001 bs=128
      val_loss=0.060799, best_epoch=342, runtime=0.1 min
    41/90 h=128 lr=0.001 bs=8
      val_loss=0.016642, best_epoch=62, runtime=0.5 min
    42/90 h=128 lr=0.001 bs=16
      val_loss=0.021348, best_epoch=85, runtime=0.3 min
    43/90 h=128 lr=0.001 bs=32
      val_loss=0.017938, best_epoch=115, runtime=0.2 min
    44/90 h=128 lr=0.001 bs=64
      val_loss=0.032385, best_epoch=103, runtime=0.1 min
    45/90 h=128 lr=0.001 bs=128
      val_loss=0.037929, best_epoch=132, runtime=0.1 min
    46/90 h=256 lr=1e-05 bs=8
      val_loss=0.030286, best_epoch=398, runtime=2.4 min
    47/90 h=256 lr=1e-05 bs=16
      val_loss=0.057552, best_epoch=424, runtime=1.3 min
    48/90 h=256 lr=1e-05 bs=32
      val_loss=0.063748, best_epoch=612, runtime=1.0 min
    49/90 h=256 lr=1e-05 bs=64
      val_loss=0.098905, best_epoch=755, runtime=0.6 min
    50/90 h=256 lr=1e-05 bs=128
      val_loss=0.135004, best_epoch=862, runtime=0.4 min
    51/90 h=256 lr=0.0001 bs=8
      val_loss=0.020729, best_epoch=105, runtime=0.8 min
    52/90 h=256 lr=0.0001 bs=16
      val_loss=0.024651, best_epoch=152, runtime=0.5 min
    53/90 h=256 lr=0.0001 bs=32
      val_loss=0.029931, best_epoch=193, runtime=0.3 min
    54/90 h=256 lr=0.0001 bs=64
      val_loss=0.041411, best_epoch=266, runtime=0.2 min
    55/90 h=256 lr=0.0001 bs=128
      val_loss=0.062521, best_epoch=314, runtime=0.2 min
    56/90 h=256 lr=0.001 bs=8
      val_loss=0.009451, best_epoch=103, runtime=0.8 min
    57/90 h=256 lr=0.001 bs=16
      val_loss=0.024734, best_epoch=67, runtime=0.3 min
    58/90 h=256 lr=0.001 bs=32
      val_loss=0.036681, best_epoch=69, runtime=0.1 min
    59/90 h=256 lr=0.001 bs=64
      val_loss=0.026195, best_epoch=128, runtime=0.1 min
    60/90 h=256 lr=0.001 bs=128
      val_loss=0.036570, best_epoch=122, runtime=0.1 min
    61/90 h=512 lr=1e-05 bs=8
      val_loss=0.036419, best_epoch=292, runtime=2.1 min
    62/90 h=512 lr=1e-05 bs=16
      val_loss=0.041148, best_epoch=391, runtime=1.4 min
    63/90 h=512 lr=1e-05 bs=32
      val_loss=0.057152, best_epoch=499, runtime=0.9 min
    64/90 h=512 lr=1e-05 bs=64
      val_loss=0.077457, best_epoch=706, runtime=0.7 min
    65/90 h=512 lr=1e-05 bs=128
      val_loss=0.116271, best_epoch=794, runtime=0.4 min
    66/90 h=512 lr=0.0001 bs=8
      val_loss=0.017527, best_epoch=86, runtime=0.8 min
    67/90 h=512 lr=0.0001 bs=16
      val_loss=0.024219, best_epoch=131, runtime=0.5 min
    68/90 h=512 lr=0.0001 bs=32
      val_loss=0.028470, best_epoch=168, runtime=0.3 min
    69/90 h=512 lr=0.0001 bs=64
      val_loss=0.044309, best_epoch=203, runtime=0.2 min
    70/90 h=512 lr=0.0001 bs=128
      val_loss=0.050057, best_epoch=264, runtime=0.2 min
    71/90 h=512 lr=0.001 bs=8
      val_loss=0.014501, best_epoch=87, runtime=1.2 min
    72/90 h=512 lr=0.001 bs=16
      val_loss=0.019090, best_epoch=49, runtime=0.5 min
    73/90 h=512 lr=0.001 bs=32
      val_loss=0.026339, best_epoch=91, runtime=0.4 min
    74/90 h=512 lr=0.001 bs=64
      val_loss=0.029007, best_epoch=85, runtime=0.2 min
    75/90 h=512 lr=0.001 bs=128
      val_loss=0.032183, best_epoch=146, runtime=0.2 min
    76/90 h=1024 lr=1e-05 bs=8
      val_loss=0.026280, best_epoch=265, runtime=4.0 min
    77/90 h=1024 lr=1e-05 bs=16
      val_loss=0.031997, best_epoch=335, runtime=3.0 min
    78/90 h=1024 lr=1e-05 bs=32
      val_loss=0.045524, best_epoch=443, runtime=1.9 min
    79/90 h=1024 lr=1e-05 bs=64
      val_loss=0.065069, best_epoch=549, runtime=0.9 min
    80/90 h=1024 lr=1e-05 bs=128
      val_loss=0.094333, best_epoch=693, runtime=0.3 min
    81/90 h=1024 lr=0.0001 bs=8
      val_loss=0.017534, best_epoch=77, runtime=0.9 min
    82/90 h=1024 lr=0.0001 bs=16
      val_loss=0.019737, best_epoch=126, runtime=0.6 min
    83/90 h=1024 lr=0.0001 bs=32
      val_loss=0.029110, best_epoch=158, runtime=0.4 min
    84/90 h=1024 lr=0.0001 bs=64
      val_loss=0.043064, best_epoch=196, runtime=0.3 min
    85/90 h=1024 lr=0.0001 bs=128
      val_loss=0.048841, best_epoch=233, runtime=0.1 min
    86/90 h=1024 lr=0.001 bs=8
      val_loss=0.025553, best_epoch=44, runtime=0.6 min
    87/90 h=1024 lr=0.001 bs=16
      val_loss=0.020308, best_epoch=66, runtime=0.4 min
    88/90 h=1024 lr=0.001 bs=32
      val_loss=0.027242, best_epoch=59, runtime=0.2 min
    89/90 h=1024 lr=0.001 bs=64
      val_loss=0.028676, best_epoch=98, runtime=0.1 min
    90/90 h=1024 lr=0.001 bs=128
      val_loss=0.039871, best_epoch=114, runtime=0.1 min
  Fold 3: accuracy=0.9948, balanced_accuracy=0.9913, macro_f1=0.9906
    1/90 h=32 lr=1e-05 bs=8
      val_loss=0.062177, best_epoch=556, runtime=2.6 min
    2/90 h=32 lr=1e-05 bs=16
      val_loss=0.092745, best_epoch=755, runtime=1.8 min
    3/90 h=32 lr=1e-05 bs=32
      val_loss=0.113215, best_epoch=790, runtime=1.0 min
    4/90 h=32 lr=1e-05 bs=64
      val_loss=0.149456, best_epoch=988, runtime=0.6 min
    5/90 h=32 lr=1e-05 bs=128
      val_loss=0.345439, best_epoch=997, runtime=0.4 min
    6/90 h=32 lr=0.0001 bs=8
      val_loss=0.015043, best_epoch=161, runtime=0.9 min
    7/90 h=32 lr=0.0001 bs=16
      val_loss=0.026811, best_epoch=184, runtime=0.5 min
    8/90 h=32 lr=0.0001 bs=32
      val_loss=0.037152, best_epoch=249, runtime=0.3 min
    9/90 h=32 lr=0.0001 bs=64
      val_loss=0.037612, best_epoch=363, runtime=0.3 min
    10/90 h=32 lr=0.0001 bs=128
      val_loss=0.052814, best_epoch=466, runtime=0.2 min
    11/90 h=32 lr=0.001 bs=8
      val_loss=0.020201, best_epoch=38, runtime=0.3 min
    12/90 h=32 lr=0.001 bs=16
      val_loss=0.016080, best_epoch=74, runtime=0.2 min
    13/90 h=32 lr=0.001 bs=32
      val_loss=0.018620, best_epoch=109, runtime=0.2 min
    14/90 h=32 lr=0.001 bs=64
      val_loss=0.029505, best_epoch=91, runtime=0.1 min
    15/90 h=32 lr=0.001 bs=128
      val_loss=0.035653, best_epoch=134, runtime=0.1 min
    16/90 h=64 lr=1e-05 bs=8
      val_loss=0.060970, best_epoch=426, runtime=2.1 min
    17/90 h=64 lr=1e-05 bs=16
      val_loss=0.068619, best_epoch=568, runtime=1.4 min
    18/90 h=64 lr=1e-05 bs=32
      val_loss=0.090289, best_epoch=692, runtime=0.9 min
    19/90 h=64 lr=1e-05 bs=64
      val_loss=0.107066, best_epoch=835, runtime=0.6 min
    20/90 h=64 lr=1e-05 bs=128
      val_loss=0.194127, best_epoch=983, runtime=0.4 min
    21/90 h=64 lr=0.0001 bs=8
      val_loss=0.016346, best_epoch=126, runtime=0.7 min
    22/90 h=64 lr=0.0001 bs=16
      val_loss=0.026314, best_epoch=150, runtime=0.4 min
    23/90 h=64 lr=0.0001 bs=32
      val_loss=0.034209, best_epoch=203, runtime=0.3 min
    24/90 h=64 lr=0.0001 bs=64
      val_loss=0.046510, best_epoch=263, runtime=0.2 min
    25/90 h=64 lr=0.0001 bs=128
      val_loss=0.051134, best_epoch=331, runtime=0.1 min
    26/90 h=64 lr=0.001 bs=8
      val_loss=0.014456, best_epoch=53, runtime=0.4 min
    27/90 h=64 lr=0.001 bs=16
      val_loss=0.016723, best_epoch=70, runtime=0.2 min
    28/90 h=64 lr=0.001 bs=32
      val_loss=0.016455, best_epoch=88, runtime=0.1 min
    29/90 h=64 lr=0.001 bs=64
      val_loss=0.026337, best_epoch=98, runtime=0.1 min
    30/90 h=64 lr=0.001 bs=128
      val_loss=0.033592, best_epoch=119, runtime=0.1 min
    31/90 h=128 lr=1e-05 bs=8
      val_loss=0.038560, best_epoch=383, runtime=2.0 min
    32/90 h=128 lr=1e-05 bs=16
      val_loss=0.053060, best_epoch=452, runtime=1.2 min
    33/90 h=128 lr=1e-05 bs=32
      val_loss=0.073389, best_epoch=607, runtime=0.8 min
    34/90 h=128 lr=1e-05 bs=64
      val_loss=0.089528, best_epoch=800, runtime=0.6 min
    35/90 h=128 lr=1e-05 bs=128
      val_loss=0.115079, best_epoch=883, runtime=0.3 min
    36/90 h=128 lr=0.0001 bs=8
      val_loss=0.012003, best_epoch=124, runtime=0.8 min
    37/90 h=128 lr=0.0001 bs=16
      val_loss=0.022585, best_epoch=152, runtime=0.5 min
    38/90 h=128 lr=0.0001 bs=32
      val_loss=0.027016, best_epoch=180, runtime=0.3 min
    39/90 h=128 lr=0.0001 bs=64
      val_loss=0.042203, best_epoch=205, runtime=0.2 min
    40/90 h=128 lr=0.0001 bs=128
      val_loss=0.043089, best_epoch=299, runtime=0.1 min
    41/90 h=128 lr=0.001 bs=8
      val_loss=0.012974, best_epoch=58, runtime=0.4 min
    42/90 h=128 lr=0.001 bs=16
      val_loss=0.008314, best_epoch=100, runtime=0.3 min
    43/90 h=128 lr=0.001 bs=32
      val_loss=0.022079, best_epoch=49, runtime=0.1 min
    44/90 h=128 lr=0.001 bs=64
      val_loss=0.023566, best_epoch=88, runtime=0.1 min
    45/90 h=128 lr=0.001 bs=128
      val_loss=0.032479, best_epoch=93, runtime=0.0 min
    46/90 h=256 lr=1e-05 bs=8
      val_loss=0.033826, best_epoch=321, runtime=2.0 min
    47/90 h=256 lr=1e-05 bs=16
      val_loss=0.048606, best_epoch=381, runtime=1.2 min
    48/90 h=256 lr=1e-05 bs=32
      val_loss=0.058141, best_epoch=502, runtime=0.8 min
    49/90 h=256 lr=1e-05 bs=64
      val_loss=0.078757, best_epoch=615, runtime=0.5 min
    50/90 h=256 lr=1e-05 bs=128
      val_loss=0.100455, best_epoch=813, runtime=0.4 min
    51/90 h=256 lr=0.0001 bs=8
      val_loss=0.007372, best_epoch=115, runtime=0.8 min
    52/90 h=256 lr=0.0001 bs=16
      val_loss=0.011697, best_epoch=160, runtime=0.6 min
    53/90 h=256 lr=0.0001 bs=32
      val_loss=0.024888, best_epoch=156, runtime=0.3 min
    54/90 h=256 lr=0.0001 bs=64
      val_loss=0.036145, best_epoch=188, runtime=0.2 min
    55/90 h=256 lr=0.0001 bs=128
      val_loss=0.047053, best_epoch=228, runtime=0.1 min
    56/90 h=256 lr=0.001 bs=8
      val_loss=0.022490, best_epoch=29, runtime=0.3 min
    57/90 h=256 lr=0.001 bs=16
      val_loss=0.012514, best_epoch=66, runtime=0.3 min
    58/90 h=256 lr=0.001 bs=32
      val_loss=0.013143, best_epoch=79, runtime=0.2 min
    59/90 h=256 lr=0.001 bs=64
      val_loss=0.025780, best_epoch=85, runtime=0.1 min
    60/90 h=256 lr=0.001 bs=128
      val_loss=0.026881, best_epoch=111, runtime=0.1 min
    61/90 h=512 lr=1e-05 bs=8
      val_loss=0.030466, best_epoch=260, runtime=1.9 min
    62/90 h=512 lr=1e-05 bs=16
      val_loss=0.035945, best_epoch=355, runtime=2.0 min
    63/90 h=512 lr=1e-05 bs=32
      val_loss=0.044931, best_epoch=431, runtime=1.6 min
    64/90 h=512 lr=1e-05 bs=64
      val_loss=0.067149, best_epoch=527, runtime=1.0 min
    65/90 h=512 lr=1e-05 bs=128
      val_loss=0.078229, best_epoch=740, runtime=0.8 min
    66/90 h=512 lr=0.0001 bs=8
      val_loss=0.014772, best_epoch=75, runtime=1.4 min
    67/90 h=512 lr=0.0001 bs=16
      val_loss=0.022731, best_epoch=90, runtime=0.8 min
    68/90 h=512 lr=0.0001 bs=32
      val_loss=0.021722, best_epoch=162, runtime=0.7 min
    69/90 h=512 lr=0.0001 bs=64
      val_loss=0.034806, best_epoch=141, runtime=0.3 min
    70/90 h=512 lr=0.0001 bs=128
      val_loss=0.042342, best_epoch=181, runtime=0.2 min
    71/90 h=512 lr=0.001 bs=8
      val_loss=0.022116, best_epoch=21, runtime=0.6 min
    72/90 h=512 lr=0.001 bs=16
      val_loss=0.020657, best_epoch=43, runtime=0.5 min
    73/90 h=512 lr=0.001 bs=32
      val_loss=0.014345, best_epoch=85, runtime=0.4 min
    74/90 h=512 lr=0.001 bs=64
      val_loss=0.025363, best_epoch=68, runtime=0.2 min
    75/90 h=512 lr=0.001 bs=128
      val_loss=0.025082, best_epoch=117, runtime=0.1 min
    76/90 h=1024 lr=1e-05 bs=8
      val_loss=0.023404, best_epoch=224, runtime=3.1 min
    77/90 h=1024 lr=1e-05 bs=16
      val_loss=0.031020, best_epoch=280, runtime=2.5 min
    78/90 h=1024 lr=1e-05 bs=32
      val_loss=0.042843, best_epoch=345, runtime=1.6 min
    79/90 h=1024 lr=1e-05 bs=64
      val_loss=0.053847, best_epoch=448, runtime=1.1 min
    80/90 h=1024 lr=1e-05 bs=128
      val_loss=0.074425, best_epoch=566, runtime=0.3 min
    81/90 h=1024 lr=0.0001 bs=8
      val_loss=0.009488, best_epoch=81, runtime=1.4 min
    82/90 h=1024 lr=0.0001 bs=16
      val_loss=0.017051, best_epoch=95, runtime=0.6 min
    83/90 h=1024 lr=0.0001 bs=32
      val_loss=0.032114, best_epoch=88, runtime=0.2 min
    84/90 h=1024 lr=0.0001 bs=64
      val_loss=0.034011, best_epoch=132, runtime=0.2 min
    85/90 h=1024 lr=0.0001 bs=128
      val_loss=0.036924, best_epoch=175, runtime=0.1 min
    86/90 h=1024 lr=0.001 bs=8
      val_loss=0.009864, best_epoch=74, runtime=0.9 min
    87/90 h=1024 lr=0.001 bs=16
      val_loss=0.020892, best_epoch=26, runtime=0.2 min
    88/90 h=1024 lr=0.001 bs=32
      val_loss=0.015653, best_epoch=63, runtime=0.2 min
    89/90 h=1024 lr=0.001 bs=64
      val_loss=0.023758, best_epoch=68, runtime=0.1 min
    90/90 h=1024 lr=0.001 bs=128
      val_loss=0.031288, best_epoch=82, runtime=0.0 min
  Fold 4: accuracy=0.9922, balanced_accuracy=0.9909, macro_f1=0.9893
    1/90 h=32 lr=1e-05 bs=8
      val_loss=0.055304, best_epoch=654, runtime=3.1 min
    2/90 h=32 lr=1e-05 bs=16
      val_loss=0.064134, best_epoch=782, runtime=1.9 min
    3/90 h=32 lr=1e-05 bs=32
      val_loss=0.104074, best_epoch=997, runtime=1.2 min
    4/90 h=32 lr=1e-05 bs=64
      val_loss=0.170290, best_epoch=986, runtime=0.6 min
    5/90 h=32 lr=1e-05 bs=128
      val_loss=0.336429, best_epoch=995, runtime=0.3 min
    6/90 h=32 lr=0.0001 bs=8
      val_loss=0.008841, best_epoch=147, runtime=0.8 min
    7/90 h=32 lr=0.0001 bs=16
      val_loss=0.009824, best_epoch=202, runtime=0.5 min
    8/90 h=32 lr=0.0001 bs=32
      val_loss=0.012372, best_epoch=292, runtime=0.4 min
    9/90 h=32 lr=0.0001 bs=64
      val_loss=0.029466, best_epoch=332, runtime=0.2 min
    10/90 h=32 lr=0.0001 bs=128
      val_loss=0.037607, best_epoch=461, runtime=0.2 min
    11/90 h=32 lr=0.001 bs=8
      val_loss=0.007330, best_epoch=60, runtime=0.4 min
    12/90 h=32 lr=0.001 bs=16
      val_loss=0.004447, best_epoch=68, runtime=0.2 min
    13/90 h=32 lr=0.001 bs=32
      val_loss=0.008322, best_epoch=93, runtime=0.1 min
    14/90 h=32 lr=0.001 bs=64
      val_loss=0.014702, best_epoch=108, runtime=0.1 min
    15/90 h=32 lr=0.001 bs=128
      val_loss=0.015433, best_epoch=165, runtime=0.1 min
    16/90 h=64 lr=1e-05 bs=8
      val_loss=0.032150, best_epoch=449, runtime=2.2 min
    17/90 h=64 lr=1e-05 bs=16
      val_loss=0.056283, best_epoch=594, runtime=1.4 min
    18/90 h=64 lr=1e-05 bs=32
      val_loss=0.072376, best_epoch=786, runtime=1.0 min
    19/90 h=64 lr=1e-05 bs=64
      val_loss=0.096586, best_epoch=987, runtime=0.6 min
    20/90 h=64 lr=1e-05 bs=128
      val_loss=0.207019, best_epoch=996, runtime=0.3 min
    21/90 h=64 lr=0.0001 bs=8
      val_loss=0.006018, best_epoch=141, runtime=0.8 min
    22/90 h=64 lr=0.0001 bs=16
      val_loss=0.010890, best_epoch=162, runtime=0.4 min
    23/90 h=64 lr=0.0001 bs=32
      val_loss=0.015056, best_epoch=219, runtime=0.3 min
    24/90 h=64 lr=0.0001 bs=64
      val_loss=0.021309, best_epoch=304, runtime=0.2 min
    25/90 h=64 lr=0.0001 bs=128
      val_loss=0.035903, best_epoch=360, runtime=0.1 min
    26/90 h=64 lr=0.001 bs=8
      val_loss=0.005622, best_epoch=32, runtime=0.3 min
    27/90 h=64 lr=0.001 bs=16
      val_loss=0.007390, best_epoch=53, runtime=0.2 min
    28/90 h=64 lr=0.001 bs=32
      val_loss=0.005340, best_epoch=91, runtime=0.1 min
    29/90 h=64 lr=0.001 bs=64
      val_loss=0.013809, best_epoch=88, runtime=0.1 min
    30/90 h=64 lr=0.001 bs=128
      val_loss=0.011957, best_epoch=137, runtime=0.1 min
    31/90 h=128 lr=1e-05 bs=8
      val_loss=0.026625, best_epoch=394, runtime=2.1 min
    32/90 h=128 lr=1e-05 bs=16
      val_loss=0.038587, best_epoch=516, runtime=1.4 min
    33/90 h=128 lr=1e-05 bs=32
      val_loss=0.050923, best_epoch=645, runtime=0.9 min
    34/90 h=128 lr=1e-05 bs=64
      val_loss=0.072204, best_epoch=848, runtime=0.6 min
    35/90 h=128 lr=1e-05 bs=128
      val_loss=0.106937, best_epoch=954, runtime=0.3 min
    36/90 h=128 lr=0.0001 bs=8
      val_loss=0.004343, best_epoch=106, runtime=0.7 min
    37/90 h=128 lr=0.0001 bs=16
      val_loss=0.010246, best_epoch=133, runtime=0.4 min
    38/90 h=128 lr=0.0001 bs=32
      val_loss=0.019253, best_epoch=171, runtime=0.3 min
    39/90 h=128 lr=0.0001 bs=64
      val_loss=0.018877, best_epoch=251, runtime=0.2 min
    40/90 h=128 lr=0.0001 bs=128
      val_loss=0.030610, best_epoch=301, runtime=0.1 min
    41/90 h=128 lr=0.001 bs=8
      val_loss=0.006333, best_epoch=24, runtime=0.3 min
    42/90 h=128 lr=0.001 bs=16
      val_loss=0.004565, best_epoch=58, runtime=0.2 min
    43/90 h=128 lr=0.001 bs=32
      val_loss=0.007686, best_epoch=69, runtime=0.1 min
    44/90 h=128 lr=0.001 bs=64
      val_loss=0.013353, best_epoch=81, runtime=0.1 min
    45/90 h=128 lr=0.001 bs=128
      val_loss=0.014941, best_epoch=106, runtime=0.0 min
    46/90 h=256 lr=1e-05 bs=8
      val_loss=0.020605, best_epoch=331, runtime=2.1 min
    47/90 h=256 lr=1e-05 bs=16
      val_loss=0.022600, best_epoch=444, runtime=1.4 min
    48/90 h=256 lr=1e-05 bs=32
      val_loss=0.038446, best_epoch=531, runtime=0.8 min
    49/90 h=256 lr=1e-05 bs=64
      val_loss=0.051118, best_epoch=736, runtime=0.6 min
    50/90 h=256 lr=1e-05 bs=128
      val_loss=0.079166, best_epoch=921, runtime=0.4 min
    51/90 h=256 lr=0.0001 bs=8
      val_loss=0.007818, best_epoch=78, runtime=0.6 min
    52/90 h=256 lr=0.0001 bs=16
      val_loss=0.007184, best_epoch=126, runtime=0.5 min
    53/90 h=256 lr=0.0001 bs=32
      val_loss=0.013451, best_epoch=160, runtime=0.3 min
    54/90 h=256 lr=0.0001 bs=64
      val_loss=0.020816, best_epoch=189, runtime=0.2 min
    55/90 h=256 lr=0.0001 bs=128
      val_loss=0.030602, best_epoch=258, runtime=0.1 min
    56/90 h=256 lr=0.001 bs=8
      val_loss=0.004093, best_epoch=37, runtime=0.4 min
    57/90 h=256 lr=0.001 bs=16
      val_loss=0.005257, best_epoch=55, runtime=0.2 min
    58/90 h=256 lr=0.001 bs=32
      val_loss=0.005909, best_epoch=59, runtime=0.1 min
    59/90 h=256 lr=0.001 bs=64
      val_loss=0.012480, best_epoch=77, runtime=0.1 min
    60/90 h=256 lr=0.001 bs=128
      val_loss=0.016499, best_epoch=98, runtime=0.1 min
    61/90 h=512 lr=1e-05 bs=8
      val_loss=0.015161, best_epoch=257, runtime=1.8 min
    62/90 h=512 lr=1e-05 bs=16
      val_loss=0.026309, best_epoch=322, runtime=1.1 min
    63/90 h=512 lr=1e-05 bs=32
      val_loss=0.029536, best_epoch=445, runtime=0.8 min
    64/90 h=512 lr=1e-05 bs=64
      val_loss=0.043546, best_epoch=589, runtime=0.5 min
    65/90 h=512 lr=1e-05 bs=128
      val_loss=0.068386, best_epoch=765, runtime=0.4 min
    66/90 h=512 lr=0.0001 bs=8
      val_loss=0.007221, best_epoch=64, runtime=0.6 min
    67/90 h=512 lr=0.0001 bs=16
      val_loss=0.006533, best_epoch=119, runtime=0.5 min
    68/90 h=512 lr=0.0001 bs=32
      val_loss=0.013168, best_epoch=155, runtime=0.3 min
    69/90 h=512 lr=0.0001 bs=64
      val_loss=0.017878, best_epoch=180, runtime=0.2 min
    70/90 h=512 lr=0.0001 bs=128
      val_loss=0.026713, best_epoch=226, runtime=0.1 min
    71/90 h=512 lr=0.001 bs=8
      val_loss=0.005477, best_epoch=24, runtime=0.4 min
    72/90 h=512 lr=0.001 bs=16
      val_loss=0.007038, best_epoch=33, runtime=0.2 min
    73/90 h=512 lr=0.001 bs=32
      val_loss=0.007321, best_epoch=50, runtime=0.1 min
    74/90 h=512 lr=0.001 bs=64
      val_loss=0.013895, best_epoch=53, runtime=0.1 min
    75/90 h=512 lr=0.001 bs=128
      val_loss=0.013653, best_epoch=89, runtime=0.1 min
    76/90 h=1024 lr=1e-05 bs=8
      val_loss=0.014521, best_epoch=202, runtime=1.9 min
    77/90 h=1024 lr=1e-05 bs=16
      val_loss=0.017334, best_epoch=287, runtime=1.2 min
    78/90 h=1024 lr=1e-05 bs=32
      val_loss=0.025876, best_epoch=369, runtime=0.8 min
    79/90 h=1024 lr=1e-05 bs=64
      val_loss=0.037609, best_epoch=476, runtime=0.5 min
    80/90 h=1024 lr=1e-05 bs=128
      val_loss=0.056994, best_epoch=633, runtime=0.3 min
    81/90 h=1024 lr=0.0001 bs=8
      val_loss=0.004174, best_epoch=75, runtime=0.8 min
    82/90 h=1024 lr=0.0001 bs=16
      val_loss=0.011902, best_epoch=77, runtime=0.4 min
    83/90 h=1024 lr=0.0001 bs=32
      val_loss=0.011948, best_epoch=122, runtime=0.3 min
    84/90 h=1024 lr=0.0001 bs=64
      val_loss=0.021381, best_epoch=135, runtime=0.2 min
    85/90 h=1024 lr=0.0001 bs=128
      val_loss=0.023038, best_epoch=197, runtime=0.1 min
    86/90 h=1024 lr=0.001 bs=8
      val_loss=0.006073, best_epoch=38, runtime=0.5 min
    87/90 h=1024 lr=0.001 bs=16
      val_loss=0.004944, best_epoch=37, runtime=0.2 min
    88/90 h=1024 lr=0.001 bs=32
      val_loss=0.006719, best_epoch=60, runtime=0.2 min
    89/90 h=1024 lr=0.001 bs=64
      val_loss=0.011594, best_epoch=55, runtime=0.1 min
    90/90 h=1024 lr=0.001 bs=128
      val_loss=0.015925, best_epoch=76, runtime=0.0 min
  Fold 5: accuracy=0.9380, balanced_accuracy=0.9573, macro_f1=0.9286

wf2_timeserieswise: Scale every DB channel-wise, then pool
    1/90 h=32 lr=1e-05 bs=8
      val_loss=0.032729, best_epoch=361, runtime=1.8 min
    2/90 h=32 lr=1e-05 bs=16
      val_loss=0.049280, best_epoch=404, runtime=1.0 min
    3/90 h=32 lr=1e-05 bs=32
      val_loss=0.070596, best_epoch=560, runtime=0.7 min
    4/90 h=32 lr=1e-05 bs=64
      val_loss=0.077759, best_epoch=814, runtime=0.5 min
    5/90 h=32 lr=1e-05 bs=128
      val_loss=0.211088, best_epoch=995, runtime=0.4 min
    6/90 h=32 lr=0.0001 bs=8
      val_loss=0.007472, best_epoch=109, runtime=0.6 min
    7/90 h=32 lr=0.0001 bs=16
      val_loss=0.018368, best_epoch=152, runtime=0.4 min
    8/90 h=32 lr=0.0001 bs=32
      val_loss=0.027863, best_epoch=165, runtime=0.2 min
    9/90 h=32 lr=0.0001 bs=64
      val_loss=0.025760, best_epoch=234, runtime=0.2 min
    10/90 h=32 lr=0.0001 bs=128
      val_loss=0.044274, best_epoch=359, runtime=0.1 min
    11/90 h=32 lr=0.001 bs=8
      val_loss=0.008833, best_epoch=22, runtime=0.2 min
    12/90 h=32 lr=0.001 bs=16
      val_loss=0.004961, best_epoch=55, runtime=0.2 min
    13/90 h=32 lr=0.001 bs=32
      val_loss=0.007189, best_epoch=51, runtime=0.1 min
    14/90 h=32 lr=0.001 bs=64
      val_loss=0.010818, best_epoch=77, runtime=0.1 min
    15/90 h=32 lr=0.001 bs=128
      val_loss=0.020103, best_epoch=104, runtime=0.0 min
    16/90 h=64 lr=1e-05 bs=8
      val_loss=0.030346, best_epoch=263, runtime=1.3 min
    17/90 h=64 lr=1e-05 bs=16
      val_loss=0.039047, best_epoch=334, runtime=0.8 min
    18/90 h=64 lr=1e-05 bs=32
      val_loss=0.048667, best_epoch=474, runtime=0.6 min
    19/90 h=64 lr=1e-05 bs=64
      val_loss=0.062484, best_epoch=701, runtime=0.5 min
    20/90 h=64 lr=1e-05 bs=128
      val_loss=0.106439, best_epoch=991, runtime=0.4 min
    21/90 h=64 lr=0.0001 bs=8
      val_loss=0.008443, best_epoch=90, runtime=0.5 min
    22/90 h=64 lr=0.0001 bs=16
      val_loss=0.011049, best_epoch=110, runtime=0.3 min
    23/90 h=64 lr=0.0001 bs=32
      val_loss=0.015007, best_epoch=146, runtime=0.2 min
    24/90 h=64 lr=0.0001 bs=64
      val_loss=0.026916, best_epoch=170, runtime=0.1 min
    25/90 h=64 lr=0.0001 bs=128
      val_loss=0.034349, best_epoch=289, runtime=0.1 min
    26/90 h=64 lr=0.001 bs=8
      val_loss=0.008860, best_epoch=15, runtime=0.2 min
    27/90 h=64 lr=0.001 bs=16
      val_loss=0.007888, best_epoch=33, runtime=0.1 min
    28/90 h=64 lr=0.001 bs=32
      val_loss=0.008061, best_epoch=48, runtime=0.1 min
    29/90 h=64 lr=0.001 bs=64
      val_loss=0.010475, best_epoch=63, runtime=0.1 min
    30/90 h=64 lr=0.001 bs=128
      val_loss=0.019726, best_epoch=83, runtime=0.0 min
    31/90 h=128 lr=1e-05 bs=8
      val_loss=0.027269, best_epoch=239, runtime=1.3 min
    32/90 h=128 lr=1e-05 bs=16
      val_loss=0.027805, best_epoch=340, runtime=1.0 min
    33/90 h=128 lr=1e-05 bs=32
      val_loss=0.040403, best_epoch=417, runtime=0.6 min
    34/90 h=128 lr=1e-05 bs=64
      val_loss=0.045429, best_epoch=584, runtime=0.4 min
    35/90 h=128 lr=1e-05 bs=128
      val_loss=0.078124, best_epoch=761, runtime=0.3 min
    36/90 h=128 lr=0.0001 bs=8
      val_loss=0.008356, best_epoch=63, runtime=0.5 min
    37/90 h=128 lr=0.0001 bs=16
      val_loss=0.007862, best_epoch=100, runtime=0.3 min
    38/90 h=128 lr=0.0001 bs=32
      val_loss=0.015736, best_epoch=117, runtime=0.2 min
    39/90 h=128 lr=0.0001 bs=64
      val_loss=0.020453, best_epoch=174, runtime=0.1 min
    40/90 h=128 lr=0.0001 bs=128
      val_loss=0.026742, best_epoch=210, runtime=0.1 min
    41/90 h=128 lr=0.001 bs=8
      val_loss=0.005260, best_epoch=16, runtime=0.2 min
    42/90 h=128 lr=0.001 bs=16
      val_loss=0.007357, best_epoch=27, runtime=0.1 min
    43/90 h=128 lr=0.001 bs=32
      val_loss=0.007493, best_epoch=32, runtime=0.1 min
    44/90 h=128 lr=0.001 bs=64
      val_loss=0.010780, best_epoch=57, runtime=0.1 min
    45/90 h=128 lr=0.001 bs=128
      val_loss=0.008831, best_epoch=85, runtime=0.0 min
    46/90 h=256 lr=1e-05 bs=8
      val_loss=0.021273, best_epoch=183, runtime=1.2 min
    47/90 h=256 lr=1e-05 bs=16
      val_loss=0.028168, best_epoch=239, runtime=0.8 min
    48/90 h=256 lr=1e-05 bs=32
      val_loss=0.033751, best_epoch=342, runtime=0.6 min
    49/90 h=256 lr=1e-05 bs=64
      val_loss=0.042629, best_epoch=459, runtime=0.4 min
    50/90 h=256 lr=1e-05 bs=128
      val_loss=0.064522, best_epoch=650, runtime=0.3 min
    51/90 h=256 lr=0.0001 bs=8
      val_loss=0.008966, best_epoch=49, runtime=0.4 min
    52/90 h=256 lr=0.0001 bs=16
      val_loss=0.009219, best_epoch=75, runtime=0.3 min
    53/90 h=256 lr=0.0001 bs=32
      val_loss=0.016722, best_epoch=80, runtime=0.2 min
    54/90 h=256 lr=0.0001 bs=64
      val_loss=0.015790, best_epoch=150, runtime=0.1 min
    55/90 h=256 lr=0.0001 bs=128
      val_loss=0.027688, best_epoch=167, runtime=0.1 min
    56/90 h=256 lr=0.001 bs=8
      val_loss=0.004447, best_epoch=20, runtime=0.3 min
    57/90 h=256 lr=0.001 bs=16
      val_loss=0.003585, best_epoch=42, runtime=0.2 min
    58/90 h=256 lr=0.001 bs=32
      val_loss=0.003794, best_epoch=50, runtime=0.1 min
    59/90 h=256 lr=0.001 bs=64
      val_loss=0.008679, best_epoch=38, runtime=0.1 min
    60/90 h=256 lr=0.001 bs=128
      val_loss=0.012974, best_epoch=53, runtime=0.0 min
    61/90 h=512 lr=1e-05 bs=8
      val_loss=0.020423, best_epoch=139, runtime=1.1 min
    62/90 h=512 lr=1e-05 bs=16
      val_loss=0.025859, best_epoch=190, runtime=0.7 min
    63/90 h=512 lr=1e-05 bs=32
      val_loss=0.032288, best_epoch=265, runtime=0.5 min
    64/90 h=512 lr=1e-05 bs=64
      val_loss=0.039316, best_epoch=383, runtime=0.4 min
    65/90 h=512 lr=1e-05 bs=128
      val_loss=0.051662, best_epoch=545, runtime=0.3 min
    66/90 h=512 lr=0.0001 bs=8
      val_loss=0.004692, best_epoch=60, runtime=0.6 min
    67/90 h=512 lr=0.0001 bs=16
      val_loss=0.007984, best_epoch=63, runtime=0.3 min
    68/90 h=512 lr=0.0001 bs=32
      val_loss=0.012537, best_epoch=74, runtime=0.2 min
    69/90 h=512 lr=0.0001 bs=64
      val_loss=0.015507, best_epoch=104, runtime=0.1 min
    70/90 h=512 lr=0.0001 bs=128
      val_loss=0.021256, best_epoch=158, runtime=0.1 min
    71/90 h=512 lr=0.001 bs=8
      val_loss=0.004246, best_epoch=17, runtime=0.6 min
    72/90 h=512 lr=0.001 bs=16
      val_loss=0.006563, best_epoch=18, runtime=0.3 min
    73/90 h=512 lr=0.001 bs=32
      val_loss=0.007628, best_epoch=21, runtime=0.2 min
    74/90 h=512 lr=0.001 bs=64
      val_loss=0.007757, best_epoch=43, runtime=0.1 min
    75/90 h=512 lr=0.001 bs=128
      val_loss=0.012676, best_epoch=39, runtime=0.1 min
    76/90 h=1024 lr=1e-05 bs=8
      val_loss=0.012413, best_epoch=131, runtime=2.1 min
    77/90 h=1024 lr=1e-05 bs=16
      val_loss=0.018388, best_epoch=166, runtime=1.5 min
    78/90 h=1024 lr=1e-05 bs=32
      val_loss=0.023764, best_epoch=243, runtime=1.0 min
    79/90 h=1024 lr=1e-05 bs=64
      val_loss=0.034718, best_epoch=310, runtime=0.7 min
    80/90 h=1024 lr=1e-05 bs=128
      val_loss=0.049267, best_epoch=422, runtime=0.2 min
    81/90 h=1024 lr=0.0001 bs=8
      val_loss=0.004961, best_epoch=44, runtime=0.9 min
    82/90 h=1024 lr=0.0001 bs=16
      val_loss=0.009004, best_epoch=51, runtime=0.6 min
    83/90 h=1024 lr=0.0001 bs=32
      val_loss=0.012770, best_epoch=57, runtime=0.3 min
    84/90 h=1024 lr=0.0001 bs=64
      val_loss=0.014146, best_epoch=95, runtime=0.2 min
    85/90 h=1024 lr=0.0001 bs=128
      val_loss=0.020041, best_epoch=120, runtime=0.1 min
    86/90 h=1024 lr=0.001 bs=8
      val_loss=0.007699, best_epoch=23, runtime=0.7 min
    87/90 h=1024 lr=0.001 bs=16
      val_loss=0.003138, best_epoch=31, runtime=0.4 min
    88/90 h=1024 lr=0.001 bs=32
      val_loss=0.005981, best_epoch=20, runtime=0.2 min
    89/90 h=1024 lr=0.001 bs=64
      val_loss=0.006527, best_epoch=41, runtime=0.1 min
    90/90 h=1024 lr=0.001 bs=128
      val_loss=0.013468, best_epoch=54, runtime=0.0 min
  Fold 1: accuracy=1.0000, balanced_accuracy=1.0000, macro_f1=1.0000
    1/90 h=32 lr=1e-05 bs=8
      val_loss=0.047042, best_epoch=413, runtime=1.9 min
    2/90 h=32 lr=1e-05 bs=16
      val_loss=0.072977, best_epoch=483, runtime=1.2 min
    3/90 h=32 lr=1e-05 bs=32
      val_loss=0.086638, best_epoch=704, runtime=0.9 min
    4/90 h=32 lr=1e-05 bs=64
      val_loss=0.141665, best_epoch=857, runtime=0.6 min
    5/90 h=32 lr=1e-05 bs=128
      val_loss=0.208625, best_epoch=982, runtime=0.4 min
    6/90 h=32 lr=0.0001 bs=8
      val_loss=0.026796, best_epoch=165, runtime=0.9 min
    7/90 h=32 lr=0.0001 bs=16
      val_loss=0.027120, best_epoch=161, runtime=0.4 min
    8/90 h=32 lr=0.0001 bs=32
      val_loss=0.023422, best_epoch=248, runtime=0.3 min
    9/90 h=32 lr=0.0001 bs=64
      val_loss=0.036349, best_epoch=327, runtime=0.2 min
    10/90 h=32 lr=0.0001 bs=128
      val_loss=0.041591, best_epoch=315, runtime=0.1 min
    11/90 h=32 lr=0.001 bs=8
      val_loss=0.005278, best_epoch=54, runtime=0.4 min
    12/90 h=32 lr=0.001 bs=16
      val_loss=0.014815, best_epoch=37, runtime=0.2 min
    13/90 h=32 lr=0.001 bs=32
      val_loss=0.011710, best_epoch=88, runtime=0.1 min
    14/90 h=32 lr=0.001 bs=64
      val_loss=0.020119, best_epoch=98, runtime=0.1 min
    15/90 h=32 lr=0.001 bs=128
      val_loss=0.026319, best_epoch=176, runtime=0.1 min
    16/90 h=64 lr=1e-05 bs=8
      val_loss=0.047149, best_epoch=290, runtime=1.5 min
    17/90 h=64 lr=1e-05 bs=16
      val_loss=0.068005, best_epoch=481, runtime=1.2 min
    18/90 h=64 lr=1e-05 bs=32
      val_loss=0.087904, best_epoch=471, runtime=0.6 min
    19/90 h=64 lr=1e-05 bs=64
      val_loss=0.132601, best_epoch=700, runtime=0.5 min
    20/90 h=64 lr=1e-05 bs=128
      val_loss=0.143691, best_epoch=975, runtime=0.4 min
    21/90 h=64 lr=0.0001 bs=8
      val_loss=0.014472, best_epoch=128, runtime=0.7 min
    22/90 h=64 lr=0.0001 bs=16
      val_loss=0.019532, best_epoch=116, runtime=0.3 min
    23/90 h=64 lr=0.0001 bs=32
      val_loss=0.031153, best_epoch=149, runtime=0.2 min
    24/90 h=64 lr=0.0001 bs=64
      val_loss=0.037896, best_epoch=256, runtime=0.2 min
    25/90 h=64 lr=0.0001 bs=128
      val_loss=0.057496, best_epoch=291, runtime=0.1 min
    26/90 h=64 lr=0.001 bs=8
      val_loss=0.006470, best_epoch=51, runtime=0.4 min
    27/90 h=64 lr=0.001 bs=16
      val_loss=0.007343, best_epoch=27, runtime=0.1 min
    28/90 h=64 lr=0.001 bs=32
      val_loss=0.014732, best_epoch=111, runtime=0.2 min
    29/90 h=64 lr=0.001 bs=64
      val_loss=0.026023, best_epoch=125, runtime=0.1 min
    30/90 h=64 lr=0.001 bs=128
      val_loss=0.036736, best_epoch=121, runtime=0.1 min
    31/90 h=128 lr=1e-05 bs=8
      val_loss=0.045761, best_epoch=300, runtime=1.5 min
    32/90 h=128 lr=1e-05 bs=16
      val_loss=0.057174, best_epoch=367, runtime=0.9 min
    33/90 h=128 lr=1e-05 bs=32
      val_loss=0.060654, best_epoch=439, runtime=0.6 min
    34/90 h=128 lr=1e-05 bs=64
      val_loss=0.087023, best_epoch=505, runtime=0.3 min
    35/90 h=128 lr=1e-05 bs=128
      val_loss=0.113949, best_epoch=817, runtime=0.3 min
    36/90 h=128 lr=0.0001 bs=8
      val_loss=0.008294, best_epoch=144, runtime=0.8 min
    37/90 h=128 lr=0.0001 bs=16
      val_loss=0.012076, best_epoch=202, runtime=0.6 min
    38/90 h=128 lr=0.0001 bs=32
      val_loss=0.025843, best_epoch=187, runtime=0.3 min
    39/90 h=128 lr=0.0001 bs=64
      val_loss=0.047630, best_epoch=201, runtime=0.1 min
    40/90 h=128 lr=0.0001 bs=128
      val_loss=0.048857, best_epoch=209, runtime=0.1 min
    41/90 h=128 lr=0.001 bs=8
      val_loss=0.008089, best_epoch=35, runtime=0.3 min
    42/90 h=128 lr=0.001 bs=16
      val_loss=0.010476, best_epoch=36, runtime=0.2 min
    43/90 h=128 lr=0.001 bs=32
      val_loss=0.009974, best_epoch=89, runtime=0.1 min
    44/90 h=128 lr=0.001 bs=64
      val_loss=0.020031, best_epoch=74, runtime=0.1 min
    45/90 h=128 lr=0.001 bs=128
      val_loss=0.031751, best_epoch=76, runtime=0.0 min
    46/90 h=256 lr=1e-05 bs=8
      val_loss=0.026009, best_epoch=251, runtime=3.0 min
    47/90 h=256 lr=1e-05 bs=16
      val_loss=0.042577, best_epoch=341, runtime=2.1 min
    48/90 h=256 lr=1e-05 bs=32
      val_loss=0.051429, best_epoch=398, runtime=1.2 min
    49/90 h=256 lr=1e-05 bs=64
      val_loss=0.061568, best_epoch=528, runtime=0.8 min
    50/90 h=256 lr=1e-05 bs=128
      val_loss=0.094802, best_epoch=677, runtime=0.6 min
    51/90 h=256 lr=0.0001 bs=8
      val_loss=0.011777, best_epoch=89, runtime=1.3 min
    52/90 h=256 lr=0.0001 bs=16
      val_loss=0.010542, best_epoch=140, runtime=0.9 min
    53/90 h=256 lr=0.0001 bs=32
      val_loss=0.025486, best_epoch=160, runtime=0.5 min
    54/90 h=256 lr=0.0001 bs=64
      val_loss=0.038059, best_epoch=164, runtime=0.3 min
    55/90 h=256 lr=0.0001 bs=128
      val_loss=0.040610, best_epoch=228, runtime=0.2 min
    56/90 h=256 lr=0.001 bs=8
      val_loss=0.003965, best_epoch=27, runtime=0.5 min
    57/90 h=256 lr=0.001 bs=16
      val_loss=0.011371, best_epoch=25, runtime=0.2 min
    58/90 h=256 lr=0.001 bs=32
      val_loss=0.022689, best_epoch=42, runtime=0.1 min
    59/90 h=256 lr=0.001 bs=64
      val_loss=0.020586, best_epoch=86, runtime=0.1 min
    60/90 h=256 lr=0.001 bs=128
      val_loss=0.035299, best_epoch=122, runtime=0.1 min
    61/90 h=512 lr=1e-05 bs=8
      val_loss=0.024386, best_epoch=214, runtime=2.4 min
    62/90 h=512 lr=1e-05 bs=16
      val_loss=0.040095, best_epoch=275, runtime=2.0 min
    63/90 h=512 lr=1e-05 bs=32
      val_loss=0.049354, best_epoch=335, runtime=1.2 min
    64/90 h=512 lr=1e-05 bs=64
      val_loss=0.067349, best_epoch=422, runtime=0.8 min
    65/90 h=512 lr=1e-05 bs=128
      val_loss=0.081316, best_epoch=572, runtime=0.6 min
    66/90 h=512 lr=0.0001 bs=8
      val_loss=0.008530, best_epoch=90, runtime=1.5 min
    67/90 h=512 lr=0.0001 bs=16
      val_loss=0.013902, best_epoch=89, runtime=0.8 min
    68/90 h=512 lr=0.0001 bs=32
      val_loss=0.033928, best_epoch=101, runtime=0.4 min
    69/90 h=512 lr=0.0001 bs=64
      val_loss=0.032635, best_epoch=186, runtime=0.4 min
    70/90 h=512 lr=0.0001 bs=128
      val_loss=0.041780, best_epoch=191, runtime=0.2 min
    71/90 h=512 lr=0.001 bs=8
      val_loss=0.005457, best_epoch=23, runtime=0.6 min
    72/90 h=512 lr=0.001 bs=16
      val_loss=0.007415, best_epoch=45, runtime=0.5 min
    73/90 h=512 lr=0.001 bs=32
      val_loss=0.010439, best_epoch=54, runtime=0.3 min
    74/90 h=512 lr=0.001 bs=64
      val_loss=0.026732, best_epoch=73, runtime=0.2 min
    75/90 h=512 lr=0.001 bs=128
      val_loss=0.022809, best_epoch=109, runtime=0.1 min
    76/90 h=1024 lr=1e-05 bs=8
      val_loss=0.024149, best_epoch=168, runtime=2.3 min
    77/90 h=1024 lr=1e-05 bs=16
      val_loss=0.026039, best_epoch=272, runtime=2.2 min
    78/90 h=1024 lr=1e-05 bs=32
      val_loss=0.038406, best_epoch=304, runtime=1.3 min
    79/90 h=1024 lr=1e-05 bs=64
      val_loss=0.055955, best_epoch=382, runtime=0.8 min
    80/90 h=1024 lr=1e-05 bs=128
      val_loss=0.071061, best_epoch=491, runtime=0.2 min
    81/90 h=1024 lr=0.0001 bs=8
      val_loss=0.006211, best_epoch=85, runtime=1.3 min
    82/90 h=1024 lr=0.0001 bs=16
      val_loss=0.011945, best_epoch=94, runtime=0.9 min
    83/90 h=1024 lr=0.0001 bs=32
      val_loss=0.022235, best_epoch=119, runtime=0.6 min
    84/90 h=1024 lr=0.0001 bs=64
      val_loss=0.030971, best_epoch=137, runtime=0.3 min
    85/90 h=1024 lr=0.0001 bs=128
      val_loss=0.041456, best_epoch=160, runtime=0.1 min
    86/90 h=1024 lr=0.001 bs=8
      val_loss=0.002438, best_epoch=17, runtime=0.5 min
    87/90 h=1024 lr=0.001 bs=16
      val_loss=0.004304, best_epoch=20, runtime=0.4 min
    88/90 h=1024 lr=0.001 bs=32
      val_loss=0.012784, best_epoch=37, runtime=0.2 min
    89/90 h=1024 lr=0.001 bs=64
      val_loss=0.009245, best_epoch=105, runtime=0.3 min
    90/90 h=1024 lr=0.001 bs=128
      val_loss=0.025608, best_epoch=116, runtime=0.1 min
  Fold 2: accuracy=0.8925, balanced_accuracy=0.8358, macro_f1=0.7942
    1/90 h=32 lr=1e-05 bs=8
      val_loss=0.058374, best_epoch=405, runtime=1.9 min
    2/90 h=32 lr=1e-05 bs=16
      val_loss=0.091165, best_epoch=527, runtime=1.2 min
    3/90 h=32 lr=1e-05 bs=32
      val_loss=0.105153, best_epoch=738, runtime=0.9 min
    4/90 h=32 lr=1e-05 bs=64
      val_loss=0.121791, best_epoch=832, runtime=0.5 min
    5/90 h=32 lr=1e-05 bs=128
      val_loss=0.155247, best_epoch=998, runtime=0.3 min
    6/90 h=32 lr=0.0001 bs=8
      val_loss=0.032293, best_epoch=156, runtime=0.8 min
    7/90 h=32 lr=0.0001 bs=16
      val_loss=0.019250, best_epoch=216, runtime=0.6 min
    8/90 h=32 lr=0.0001 bs=32
      val_loss=0.030651, best_epoch=163, runtime=0.2 min
    9/90 h=32 lr=0.0001 bs=64
      val_loss=0.045924, best_epoch=263, runtime=0.2 min
    10/90 h=32 lr=0.0001 bs=128
      val_loss=0.073370, best_epoch=460, runtime=0.2 min
    11/90 h=32 lr=0.001 bs=8
      val_loss=0.016630, best_epoch=44, runtime=0.3 min
    12/90 h=32 lr=0.001 bs=16
      val_loss=0.030265, best_epoch=83, runtime=0.3 min
    13/90 h=32 lr=0.001 bs=32
      val_loss=0.020781, best_epoch=82, runtime=0.1 min
    14/90 h=32 lr=0.001 bs=64
      val_loss=0.030839, best_epoch=90, runtime=0.1 min
    15/90 h=32 lr=0.001 bs=128
      val_loss=0.032064, best_epoch=112, runtime=0.0 min
    16/90 h=64 lr=1e-05 bs=8
      val_loss=0.050778, best_epoch=328, runtime=1.7 min
    17/90 h=64 lr=1e-05 bs=16
      val_loss=0.073915, best_epoch=487, runtime=1.2 min
    18/90 h=64 lr=1e-05 bs=32
      val_loss=0.082066, best_epoch=536, runtime=0.7 min
    19/90 h=64 lr=1e-05 bs=64
      val_loss=0.119598, best_epoch=772, runtime=0.5 min
    20/90 h=64 lr=1e-05 bs=128
      val_loss=0.160640, best_epoch=992, runtime=0.3 min
    21/90 h=64 lr=0.0001 bs=8
      val_loss=0.019475, best_epoch=82, runtime=0.5 min
    22/90 h=64 lr=0.0001 bs=16
      val_loss=0.031344, best_epoch=143, runtime=0.4 min
    23/90 h=64 lr=0.0001 bs=32
      val_loss=0.067006, best_epoch=186, runtime=0.3 min
    24/90 h=64 lr=0.0001 bs=64
      val_loss=0.055153, best_epoch=265, runtime=0.2 min
    25/90 h=64 lr=0.0001 bs=128
      val_loss=0.066146, best_epoch=310, runtime=0.1 min
    26/90 h=64 lr=0.001 bs=8
      val_loss=0.012743, best_epoch=45, runtime=0.3 min
    27/90 h=64 lr=0.001 bs=16
      val_loss=0.010615, best_epoch=77, runtime=0.2 min
    28/90 h=64 lr=0.001 bs=32
      val_loss=0.029271, best_epoch=70, runtime=0.1 min
    29/90 h=64 lr=0.001 bs=64
      val_loss=0.032155, best_epoch=65, runtime=0.1 min
    30/90 h=64 lr=0.001 bs=128
      val_loss=0.044824, best_epoch=145, runtime=0.1 min
    31/90 h=128 lr=1e-05 bs=8
      val_loss=0.080339, best_epoch=269, runtime=1.5 min
    32/90 h=128 lr=1e-05 bs=16
      val_loss=0.070203, best_epoch=340, runtime=0.8 min
    33/90 h=128 lr=1e-05 bs=32
      val_loss=0.066255, best_epoch=474, runtime=0.6 min
    34/90 h=128 lr=1e-05 bs=64
      val_loss=0.081858, best_epoch=595, runtime=0.4 min
    35/90 h=128 lr=1e-05 bs=128
      val_loss=0.115880, best_epoch=760, runtime=0.3 min
    36/90 h=128 lr=0.0001 bs=8
      val_loss=0.014290, best_epoch=115, runtime=0.7 min
    37/90 h=128 lr=0.0001 bs=16
      val_loss=0.029452, best_epoch=131, runtime=0.4 min
    38/90 h=128 lr=0.0001 bs=32
      val_loss=0.035437, best_epoch=162, runtime=0.2 min
    39/90 h=128 lr=0.0001 bs=64
      val_loss=0.042919, best_epoch=228, runtime=0.2 min
    40/90 h=128 lr=0.0001 bs=128
      val_loss=0.061362, best_epoch=243, runtime=0.1 min
    41/90 h=128 lr=0.001 bs=8
      val_loss=0.004039, best_epoch=101, runtime=0.6 min
    42/90 h=128 lr=0.001 bs=16
      val_loss=0.015234, best_epoch=65, runtime=0.2 min
    43/90 h=128 lr=0.001 bs=32
      val_loss=0.027689, best_epoch=46, runtime=0.1 min
    44/90 h=128 lr=0.001 bs=64
      val_loss=0.020742, best_epoch=84, runtime=0.1 min
    45/90 h=128 lr=0.001 bs=128
      val_loss=0.045387, best_epoch=103, runtime=0.0 min
    46/90 h=256 lr=1e-05 bs=8
      val_loss=0.024262, best_epoch=288, runtime=3.3 min
    47/90 h=256 lr=1e-05 bs=16
      val_loss=0.044912, best_epoch=345, runtime=2.0 min
    48/90 h=256 lr=1e-05 bs=32
      val_loss=0.051935, best_epoch=415, runtime=1.3 min
    49/90 h=256 lr=1e-05 bs=64
      val_loss=0.076700, best_epoch=507, runtime=0.8 min
    50/90 h=256 lr=1e-05 bs=128
      val_loss=0.099430, best_epoch=690, runtime=0.6 min
    51/90 h=256 lr=0.0001 bs=8
      val_loss=0.016940, best_epoch=88, runtime=1.3 min
    52/90 h=256 lr=0.0001 bs=16
      val_loss=0.022772, best_epoch=94, runtime=0.7 min
    53/90 h=256 lr=0.0001 bs=32
      val_loss=0.027874, best_epoch=163, runtime=0.6 min
    54/90 h=256 lr=0.0001 bs=64
      val_loss=0.032605, best_epoch=191, runtime=0.3 min
    55/90 h=256 lr=0.0001 bs=128
      val_loss=0.046588, best_epoch=236, runtime=0.2 min
    56/90 h=256 lr=0.001 bs=8
      val_loss=0.022115, best_epoch=19, runtime=0.6 min
    57/90 h=256 lr=0.001 bs=16
      val_loss=0.016422, best_epoch=28, runtime=0.3 min
    58/90 h=256 lr=0.001 bs=32
      val_loss=0.019005, best_epoch=44, runtime=0.2 min
    59/90 h=256 lr=0.001 bs=64
      val_loss=0.025313, best_epoch=49, runtime=0.1 min
    60/90 h=256 lr=0.001 bs=128
      val_loss=0.033635, best_epoch=64, runtime=0.1 min
    61/90 h=512 lr=1e-05 bs=8
      val_loss=0.036762, best_epoch=224, runtime=3.2 min
    62/90 h=512 lr=1e-05 bs=16
      val_loss=0.046775, best_epoch=260, runtime=0.9 min
    63/90 h=512 lr=1e-05 bs=32
      val_loss=0.064125, best_epoch=326, runtime=0.6 min
    64/90 h=512 lr=1e-05 bs=64
      val_loss=0.074498, best_epoch=436, runtime=0.4 min
    65/90 h=512 lr=1e-05 bs=128
      val_loss=0.096340, best_epoch=593, runtime=0.3 min
    66/90 h=512 lr=0.0001 bs=8
      val_loss=0.011747, best_epoch=92, runtime=0.8 min
    67/90 h=512 lr=0.0001 bs=16
      val_loss=0.022140, best_epoch=85, runtime=0.6 min
    68/90 h=512 lr=0.0001 bs=32
      val_loss=0.031571, best_epoch=97, runtime=0.4 min
    69/90 h=512 lr=0.0001 bs=64
      val_loss=0.037040, best_epoch=172, runtime=0.4 min
    70/90 h=512 lr=0.0001 bs=128
      val_loss=0.045756, best_epoch=181, runtime=0.2 min
    71/90 h=512 lr=0.001 bs=8
      val_loss=0.003253, best_epoch=53, runtime=1.1 min
    72/90 h=512 lr=0.001 bs=16
      val_loss=0.011940, best_epoch=25, runtime=0.4 min
    73/90 h=512 lr=0.001 bs=32
      val_loss=0.017130, best_epoch=56, runtime=0.3 min
    74/90 h=512 lr=0.001 bs=64
      val_loss=0.018797, best_epoch=69, runtime=0.2 min
    75/90 h=512 lr=0.001 bs=128
      val_loss=0.030081, best_epoch=92, runtime=0.1 min
    76/90 h=1024 lr=1e-05 bs=8
      val_loss=0.033906, best_epoch=183, runtime=2.9 min
    77/90 h=1024 lr=1e-05 bs=16
      val_loss=0.029052, best_epoch=282, runtime=2.2 min
    78/90 h=1024 lr=1e-05 bs=32
      val_loss=0.051183, best_epoch=313, runtime=1.3 min
    79/90 h=1024 lr=1e-05 bs=64
      val_loss=0.062855, best_epoch=376, runtime=0.8 min
    80/90 h=1024 lr=1e-05 bs=128
      val_loss=0.078386, best_epoch=519, runtime=0.2 min
    81/90 h=1024 lr=0.0001 bs=8
      val_loss=0.009490, best_epoch=101, runtime=1.5 min
    82/90 h=1024 lr=0.0001 bs=16
      val_loss=0.023806, best_epoch=74, runtime=0.8 min
    83/90 h=1024 lr=0.0001 bs=32
      val_loss=0.027865, best_epoch=120, runtime=0.6 min
    84/90 h=1024 lr=0.0001 bs=64
      val_loss=0.036581, best_epoch=130, runtime=0.3 min
    85/90 h=1024 lr=0.0001 bs=128
      val_loss=0.046543, best_epoch=157, runtime=0.1 min
    86/90 h=1024 lr=0.001 bs=8
      val_loss=0.005271, best_epoch=49, runtime=1.0 min
    87/90 h=1024 lr=0.001 bs=16
      val_loss=0.012058, best_epoch=43, runtime=0.6 min
    88/90 h=1024 lr=0.001 bs=32
      val_loss=0.021683, best_epoch=33, runtime=0.3 min
    89/90 h=1024 lr=0.001 bs=64
      val_loss=0.023516, best_epoch=74, runtime=0.2 min
    90/90 h=1024 lr=0.001 bs=128
      val_loss=0.027778, best_epoch=72, runtime=0.1 min
  Fold 3: accuracy=1.0000, balanced_accuracy=1.0000, macro_f1=1.0000
    1/90 h=32 lr=1e-05 bs=8
      val_loss=0.064441, best_epoch=362, runtime=1.7 min
    2/90 h=32 lr=1e-05 bs=16
      val_loss=0.086638, best_epoch=451, runtime=1.1 min
    3/90 h=32 lr=1e-05 bs=32
      val_loss=0.087094, best_epoch=521, runtime=0.6 min
    4/90 h=32 lr=1e-05 bs=64
      val_loss=0.116879, best_epoch=796, runtime=0.5 min
    5/90 h=32 lr=1e-05 bs=128
      val_loss=0.184758, best_epoch=995, runtime=0.3 min
    6/90 h=32 lr=0.0001 bs=8
      val_loss=0.029329, best_epoch=109, runtime=0.6 min
    7/90 h=32 lr=0.0001 bs=16
      val_loss=0.036457, best_epoch=171, runtime=0.4 min
    8/90 h=32 lr=0.0001 bs=32
      val_loss=0.035473, best_epoch=192, runtime=0.3 min
    9/90 h=32 lr=0.0001 bs=64
      val_loss=0.058934, best_epoch=237, runtime=0.2 min
    10/90 h=32 lr=0.0001 bs=128
      val_loss=0.060539, best_epoch=315, runtime=0.1 min
    11/90 h=32 lr=0.001 bs=8
      val_loss=0.014386, best_epoch=57, runtime=0.4 min
    12/90 h=32 lr=0.001 bs=16
      val_loss=0.021618, best_epoch=47, runtime=0.2 min
    13/90 h=32 lr=0.001 bs=32
      val_loss=0.031567, best_epoch=47, runtime=0.1 min
    14/90 h=32 lr=0.001 bs=64
      val_loss=0.026516, best_epoch=87, runtime=0.1 min
    15/90 h=32 lr=0.001 bs=128
      val_loss=0.038638, best_epoch=114, runtime=0.0 min
    16/90 h=64 lr=1e-05 bs=8
      val_loss=0.057336, best_epoch=279, runtime=1.3 min
    17/90 h=64 lr=1e-05 bs=16
      val_loss=0.079979, best_epoch=301, runtime=0.7 min
    18/90 h=64 lr=1e-05 bs=32
      val_loss=0.076781, best_epoch=447, runtime=0.5 min
    19/90 h=64 lr=1e-05 bs=64
      val_loss=0.095592, best_epoch=623, runtime=0.4 min
    20/90 h=64 lr=1e-05 bs=128
      val_loss=0.124203, best_epoch=956, runtime=0.3 min
    21/90 h=64 lr=0.0001 bs=8
      val_loss=0.030334, best_epoch=70, runtime=0.4 min
    22/90 h=64 lr=0.0001 bs=16
      val_loss=0.023614, best_epoch=150, runtime=0.4 min
    23/90 h=64 lr=0.0001 bs=32
      val_loss=0.047796, best_epoch=116, runtime=0.2 min
    24/90 h=64 lr=0.0001 bs=64
      val_loss=0.043876, best_epoch=255, runtime=0.2 min
    25/90 h=64 lr=0.0001 bs=128
      val_loss=0.056076, best_epoch=269, runtime=0.1 min
    26/90 h=64 lr=0.001 bs=8
      val_loss=0.017400, best_epoch=30, runtime=0.3 min
    27/90 h=64 lr=0.001 bs=16
      val_loss=0.029796, best_epoch=29, runtime=0.1 min
    28/90 h=64 lr=0.001 bs=32
      val_loss=0.016275, best_epoch=81, runtime=0.1 min
    29/90 h=64 lr=0.001 bs=64
      val_loss=0.020271, best_epoch=86, runtime=0.1 min
    30/90 h=64 lr=0.001 bs=128
      val_loss=0.031863, best_epoch=93, runtime=0.0 min
    31/90 h=128 lr=1e-05 bs=8
      val_loss=0.050398, best_epoch=221, runtime=1.2 min
    32/90 h=128 lr=1e-05 bs=16
      val_loss=0.065832, best_epoch=258, runtime=0.7 min
    33/90 h=128 lr=1e-05 bs=32
      val_loss=0.075342, best_epoch=392, runtime=0.6 min
    34/90 h=128 lr=1e-05 bs=64
      val_loss=0.085106, best_epoch=528, runtime=0.4 min
    35/90 h=128 lr=1e-05 bs=128
      val_loss=0.106739, best_epoch=661, runtime=0.2 min
    36/90 h=128 lr=0.0001 bs=8
      val_loss=0.022615, best_epoch=85, runtime=0.6 min
    37/90 h=128 lr=0.0001 bs=16
      val_loss=0.023951, best_epoch=134, runtime=0.4 min
    38/90 h=128 lr=0.0001 bs=32
      val_loss=0.028610, best_epoch=172, runtime=0.3 min
    39/90 h=128 lr=0.0001 bs=64
      val_loss=0.039346, best_epoch=195, runtime=0.2 min
    40/90 h=128 lr=0.0001 bs=128
      val_loss=0.052630, best_epoch=196, runtime=0.1 min
    41/90 h=128 lr=0.001 bs=8
      val_loss=0.018480, best_epoch=27, runtime=0.3 min
    42/90 h=128 lr=0.001 bs=16
      val_loss=0.018949, best_epoch=28, runtime=0.1 min
    43/90 h=128 lr=0.001 bs=32
      val_loss=0.021148, best_epoch=52, runtime=0.1 min
    44/90 h=128 lr=0.001 bs=64
      val_loss=0.026482, best_epoch=65, runtime=0.1 min
    45/90 h=128 lr=0.001 bs=128
      val_loss=0.032093, best_epoch=80, runtime=0.0 min
    46/90 h=256 lr=1e-05 bs=8
      val_loss=0.037577, best_epoch=253, runtime=3.2 min
    47/90 h=256 lr=1e-05 bs=16
      val_loss=0.060414, best_epoch=235, runtime=1.6 min
    48/90 h=256 lr=1e-05 bs=32
      val_loss=0.057229, best_epoch=360, runtime=1.2 min
    49/90 h=256 lr=1e-05 bs=64
      val_loss=0.077869, best_epoch=424, runtime=0.7 min
    50/90 h=256 lr=1e-05 bs=128
      val_loss=0.093005, best_epoch=560, runtime=0.5 min
    51/90 h=256 lr=0.0001 bs=8
      val_loss=0.019774, best_epoch=60, runtime=1.0 min
    52/90 h=256 lr=0.0001 bs=16
      val_loss=0.026769, best_epoch=88, runtime=0.7 min
    53/90 h=256 lr=0.0001 bs=32
      val_loss=0.041552, best_epoch=87, runtime=0.4 min
    54/90 h=256 lr=0.0001 bs=64
      val_loss=0.041244, best_epoch=134, runtime=0.3 min
    55/90 h=256 lr=0.0001 bs=128
      val_loss=0.048067, best_epoch=187, runtime=0.2 min
    56/90 h=256 lr=0.001 bs=8
      val_loss=0.017901, best_epoch=31, runtime=0.7 min
    57/90 h=256 lr=0.001 bs=16
      val_loss=0.017528, best_epoch=29, runtime=0.3 min
    58/90 h=256 lr=0.001 bs=32
      val_loss=0.019649, best_epoch=37, runtime=0.2 min
    59/90 h=256 lr=0.001 bs=64
      val_loss=0.019470, best_epoch=81, runtime=0.2 min
    60/90 h=256 lr=0.001 bs=128
      val_loss=0.027722, best_epoch=72, runtime=0.1 min
    61/90 h=512 lr=1e-05 bs=8
      val_loss=0.045923, best_epoch=152, runtime=2.3 min
    62/90 h=512 lr=1e-05 bs=16
      val_loss=0.045803, best_epoch=221, runtime=1.7 min
    63/90 h=512 lr=1e-05 bs=32
      val_loss=0.057440, best_epoch=263, runtime=1.0 min
    64/90 h=512 lr=1e-05 bs=64
      val_loss=0.070287, best_epoch=339, runtime=0.6 min
    65/90 h=512 lr=1e-05 bs=128
      val_loss=0.084090, best_epoch=524, runtime=0.5 min
    66/90 h=512 lr=0.0001 bs=8
      val_loss=0.015542, best_epoch=83, runtime=1.4 min
    67/90 h=512 lr=0.0001 bs=16
      val_loss=0.019716, best_epoch=99, runtime=0.8 min
    68/90 h=512 lr=0.0001 bs=32
      val_loss=0.027707, best_epoch=92, runtime=0.4 min
    69/90 h=512 lr=0.0001 bs=64
      val_loss=0.032709, best_epoch=146, runtime=0.3 min
    70/90 h=512 lr=0.0001 bs=128
      val_loss=0.039027, best_epoch=174, runtime=0.2 min
    71/90 h=512 lr=0.001 bs=8
      val_loss=0.013095, best_epoch=43, runtime=0.9 min
    72/90 h=512 lr=0.001 bs=16
      val_loss=0.018615, best_epoch=28, runtime=0.4 min
    73/90 h=512 lr=0.001 bs=32
      val_loss=0.017167, best_epoch=50, runtime=0.3 min
    74/90 h=512 lr=0.001 bs=64
      val_loss=0.026007, best_epoch=47, runtime=0.1 min
    75/90 h=512 lr=0.001 bs=128
      val_loss=0.029348, best_epoch=78, runtime=0.1 min
    76/90 h=1024 lr=1e-05 bs=8
      val_loss=0.035915, best_epoch=151, runtime=1.9 min
    77/90 h=1024 lr=1e-05 bs=16
      val_loss=0.041991, best_epoch=193, runtime=0.8 min
    78/90 h=1024 lr=1e-05 bs=32
      val_loss=0.050992, best_epoch=242, runtime=0.6 min
    79/90 h=1024 lr=1e-05 bs=64
      val_loss=0.064069, best_epoch=293, runtime=0.4 min
    80/90 h=1024 lr=1e-05 bs=128
      val_loss=0.080580, best_epoch=393, runtime=0.2 min
    81/90 h=1024 lr=0.0001 bs=8
      val_loss=0.018374, best_epoch=66, runtime=0.7 min
    82/90 h=1024 lr=0.0001 bs=16
      val_loss=0.024225, best_epoch=63, runtime=0.4 min
    83/90 h=1024 lr=0.0001 bs=32
      val_loss=0.024120, best_epoch=95, runtime=0.3 min
    84/90 h=1024 lr=0.0001 bs=64
      val_loss=0.034520, best_epoch=107, runtime=0.1 min
    85/90 h=1024 lr=0.0001 bs=128
      val_loss=0.040124, best_epoch=144, runtime=0.1 min
    86/90 h=1024 lr=0.001 bs=8
      val_loss=0.012784, best_epoch=32, runtime=0.5 min
    87/90 h=1024 lr=0.001 bs=16
      val_loss=0.016556, best_epoch=22, runtime=0.2 min
    88/90 h=1024 lr=0.001 bs=32
      val_loss=0.018215, best_epoch=42, runtime=0.1 min
    89/90 h=1024 lr=0.001 bs=64
      val_loss=0.017355, best_epoch=51, runtime=0.1 min
    90/90 h=1024 lr=0.001 bs=128
      val_loss=0.026146, best_epoch=104, runtime=0.1 min
  Fold 4: accuracy=0.9532, balanced_accuracy=0.9089, macro_f1=0.9029
    1/90 h=32 lr=1e-05 bs=8
      val_loss=0.054024, best_epoch=509, runtime=2.4 min
    2/90 h=32 lr=1e-05 bs=16
      val_loss=0.054799, best_epoch=400, runtime=1.0 min
    3/90 h=32 lr=1e-05 bs=32
      val_loss=0.078838, best_epoch=857, runtime=1.0 min
    4/90 h=32 lr=1e-05 bs=64
      val_loss=0.094955, best_epoch=902, runtime=0.6 min
    5/90 h=32 lr=1e-05 bs=128
      val_loss=0.147761, best_epoch=997, runtime=0.3 min
    6/90 h=32 lr=0.0001 bs=8
      val_loss=0.015923, best_epoch=108, runtime=0.6 min
    7/90 h=32 lr=0.0001 bs=16
      val_loss=0.015538, best_epoch=168, runtime=0.4 min
    8/90 h=32 lr=0.0001 bs=32
      val_loss=0.022024, best_epoch=188, runtime=0.3 min
    9/90 h=32 lr=0.0001 bs=64
      val_loss=0.038410, best_epoch=240, runtime=0.2 min
    10/90 h=32 lr=0.0001 bs=128
      val_loss=0.034194, best_epoch=315, runtime=0.1 min
    11/90 h=32 lr=0.001 bs=8
      val_loss=0.006021, best_epoch=62, runtime=0.4 min
    12/90 h=32 lr=0.001 bs=16
      val_loss=0.006945, best_epoch=36, runtime=0.2 min
    13/90 h=32 lr=0.001 bs=32
      val_loss=0.015597, best_epoch=70, runtime=0.1 min
    14/90 h=32 lr=0.001 bs=64
      val_loss=0.014305, best_epoch=103, runtime=0.1 min
    15/90 h=32 lr=0.001 bs=128
      val_loss=0.023271, best_epoch=114, runtime=0.0 min
    16/90 h=64 lr=1e-05 bs=8
      val_loss=0.033940, best_epoch=290, runtime=1.4 min
    17/90 h=64 lr=1e-05 bs=16
      val_loss=0.043649, best_epoch=421, runtime=1.0 min
    18/90 h=64 lr=1e-05 bs=32
      val_loss=0.058981, best_epoch=546, runtime=0.7 min
    19/90 h=64 lr=1e-05 bs=64
      val_loss=0.074881, best_epoch=694, runtime=0.4 min
    20/90 h=64 lr=1e-05 bs=128
      val_loss=0.100483, best_epoch=964, runtime=0.3 min
    21/90 h=64 lr=0.0001 bs=8
      val_loss=0.007984, best_epoch=133, runtime=0.7 min
    22/90 h=64 lr=0.0001 bs=16
      val_loss=0.018318, best_epoch=108, runtime=0.3 min
    23/90 h=64 lr=0.0001 bs=32
      val_loss=0.025185, best_epoch=168, runtime=0.2 min
    24/90 h=64 lr=0.0001 bs=64
      val_loss=0.023704, best_epoch=208, runtime=0.1 min
    25/90 h=64 lr=0.0001 bs=128
      val_loss=0.040455, best_epoch=309, runtime=0.1 min
    26/90 h=64 lr=0.001 bs=8
      val_loss=0.007088, best_epoch=29, runtime=0.3 min
    27/90 h=64 lr=0.001 bs=16
      val_loss=0.002709, best_epoch=58, runtime=0.2 min
    28/90 h=64 lr=0.001 bs=32
      val_loss=0.006817, best_epoch=66, runtime=0.1 min
    29/90 h=64 lr=0.001 bs=64
      val_loss=0.006026, best_epoch=106, runtime=0.1 min
    30/90 h=64 lr=0.001 bs=128
      val_loss=0.011163, best_epoch=109, runtime=0.0 min
    31/90 h=128 lr=1e-05 bs=8
      val_loss=0.028543, best_epoch=261, runtime=1.3 min
    32/90 h=128 lr=1e-05 bs=16
      val_loss=0.038700, best_epoch=301, runtime=0.7 min
    33/90 h=128 lr=1e-05 bs=32
      val_loss=0.047241, best_epoch=409, runtime=0.5 min
    34/90 h=128 lr=1e-05 bs=64
      val_loss=0.061770, best_epoch=560, runtime=0.4 min
    35/90 h=128 lr=1e-05 bs=128
      val_loss=0.072725, best_epoch=759, runtime=0.2 min
    36/90 h=128 lr=0.0001 bs=8
      val_loss=0.006496, best_epoch=99, runtime=0.6 min
    37/90 h=128 lr=0.0001 bs=16
      val_loss=0.011565, best_epoch=99, runtime=0.3 min
    38/90 h=128 lr=0.0001 bs=32
      val_loss=0.011177, best_epoch=151, runtime=0.2 min
    39/90 h=128 lr=0.0001 bs=64
      val_loss=0.021891, best_epoch=162, runtime=0.1 min
    40/90 h=128 lr=0.0001 bs=128
      val_loss=0.029858, best_epoch=226, runtime=0.1 min
    41/90 h=128 lr=0.001 bs=8
      val_loss=0.003489, best_epoch=22, runtime=0.2 min
    42/90 h=128 lr=0.001 bs=16
      val_loss=0.007463, best_epoch=34, runtime=0.1 min
    43/90 h=128 lr=0.001 bs=32
      val_loss=0.003407, best_epoch=64, runtime=0.1 min
    44/90 h=128 lr=0.001 bs=64
      val_loss=0.008487, best_epoch=70, runtime=0.1 min
    45/90 h=128 lr=0.001 bs=128
      val_loss=0.015318, best_epoch=99, runtime=0.0 min
    46/90 h=256 lr=1e-05 bs=8
      val_loss=0.026913, best_epoch=203, runtime=2.6 min
    47/90 h=256 lr=1e-05 bs=16
      val_loss=0.033448, best_epoch=262, runtime=1.7 min
    48/90 h=256 lr=1e-05 bs=32
      val_loss=0.037481, best_epoch=329, runtime=1.1 min
    49/90 h=256 lr=1e-05 bs=64
      val_loss=0.050247, best_epoch=479, runtime=0.8 min
    50/90 h=256 lr=1e-05 bs=128
      val_loss=0.068374, best_epoch=650, runtime=0.3 min
    51/90 h=256 lr=0.0001 bs=8
      val_loss=0.008246, best_epoch=64, runtime=0.5 min
    52/90 h=256 lr=0.0001 bs=16
      val_loss=0.008582, best_epoch=99, runtime=0.4 min
    53/90 h=256 lr=0.0001 bs=32
      val_loss=0.015367, best_epoch=117, runtime=0.2 min
    54/90 h=256 lr=0.0001 bs=64
      val_loss=0.019214, best_epoch=160, runtime=0.1 min
    55/90 h=256 lr=0.0001 bs=128
      val_loss=0.026229, best_epoch=202, runtime=0.1 min
    56/90 h=256 lr=0.001 bs=8
      val_loss=0.004127, best_epoch=20, runtime=0.3 min
    57/90 h=256 lr=0.001 bs=16
      val_loss=0.008491, best_epoch=20, runtime=0.1 min
    58/90 h=256 lr=0.001 bs=32
      val_loss=0.005643, best_epoch=36, runtime=0.1 min
    59/90 h=256 lr=0.001 bs=64
      val_loss=0.006767, best_epoch=52, runtime=0.1 min
    60/90 h=256 lr=0.001 bs=128
      val_loss=0.009944, best_epoch=91, runtime=0.1 min
    61/90 h=512 lr=1e-05 bs=8
      val_loss=0.018574, best_epoch=163, runtime=1.3 min
    62/90 h=512 lr=1e-05 bs=16
      val_loss=0.021846, best_epoch=239, runtime=0.9 min
    63/90 h=512 lr=1e-05 bs=32
      val_loss=0.032937, best_epoch=279, runtime=0.5 min
    64/90 h=512 lr=1e-05 bs=64
      val_loss=0.043521, best_epoch=395, runtime=0.4 min
    65/90 h=512 lr=1e-05 bs=128
      val_loss=0.061636, best_epoch=556, runtime=0.3 min
    66/90 h=512 lr=0.0001 bs=8
      val_loss=0.004475, best_epoch=73, runtime=0.7 min
    67/90 h=512 lr=0.0001 bs=16
      val_loss=0.009667, best_epoch=67, runtime=0.3 min
    68/90 h=512 lr=0.0001 bs=32
      val_loss=0.010204, best_epoch=116, runtime=0.2 min
    69/90 h=512 lr=0.0001 bs=64
      val_loss=0.019203, best_epoch=111, runtime=0.1 min
    70/90 h=512 lr=0.0001 bs=128
      val_loss=0.026548, best_epoch=150, runtime=0.1 min
    71/90 h=512 lr=0.001 bs=8
      val_loss=0.002052, best_epoch=34, runtime=0.4 min
    72/90 h=512 lr=0.001 bs=16
      val_loss=0.005431, best_epoch=31, runtime=0.2 min
    73/90 h=512 lr=0.001 bs=32
      val_loss=0.003740, best_epoch=36, runtime=0.2 min
    74/90 h=512 lr=0.001 bs=64
      val_loss=0.007289, best_epoch=49, runtime=0.1 min
    75/90 h=512 lr=0.001 bs=128
      val_loss=0.007466, best_epoch=84, runtime=0.1 min
    76/90 h=1024 lr=1e-05 bs=8
      val_loss=0.016623, best_epoch=144, runtime=2.2 min
    77/90 h=1024 lr=1e-05 bs=16
      val_loss=0.023151, best_epoch=174, runtime=1.7 min
    78/90 h=1024 lr=1e-05 bs=32
      val_loss=0.028749, best_epoch=240, runtime=1.1 min
    79/90 h=1024 lr=1e-05 bs=64
      val_loss=0.037874, best_epoch=322, runtime=0.8 min
    80/90 h=1024 lr=1e-05 bs=128
      val_loss=0.048001, best_epoch=454, runtime=0.5 min
    81/90 h=1024 lr=0.0001 bs=8
      val_loss=0.006415, best_epoch=43, runtime=0.9 min
    82/90 h=1024 lr=0.0001 bs=16
      val_loss=0.008137, best_epoch=57, runtime=0.7 min
    83/90 h=1024 lr=0.0001 bs=32
      val_loss=0.006062, best_epoch=110, runtime=0.6 min
    84/90 h=1024 lr=0.0001 bs=64
      val_loss=0.013279, best_epoch=113, runtime=0.3 min
    85/90 h=1024 lr=0.0001 bs=128
      val_loss=0.021333, best_epoch=134, runtime=0.2 min
    86/90 h=1024 lr=0.001 bs=8
      val_loss=0.005926, best_epoch=22, runtime=0.6 min
    87/90 h=1024 lr=0.001 bs=16
      val_loss=0.004235, best_epoch=32, runtime=0.5 min
    88/90 h=1024 lr=0.001 bs=32
      val_loss=0.004744, best_epoch=50, runtime=0.3 min
    89/90 h=1024 lr=0.001 bs=64
      val_loss=0.005234, best_epoch=48, runtime=0.2 min
    90/90 h=1024 lr=0.001 bs=128
      val_loss=0.009257, best_epoch=57, runtime=0.1 min
  Fold 5: accuracy=0.9690, balanced_accuracy=0.9827, macro_f1=0.9820

wf3_trialwise: Scale each trial/channel independently
    1/90 h=32 lr=1e-05 bs=8
      val_loss=0.048167, best_epoch=303, runtime=1.4 min
    2/90 h=32 lr=1e-05 bs=16
      val_loss=0.060614, best_epoch=381, runtime=0.9 min
    3/90 h=32 lr=1e-05 bs=32
      val_loss=0.080154, best_epoch=543, runtime=0.7 min
    4/90 h=32 lr=1e-05 bs=64
      val_loss=0.093970, best_epoch=674, runtime=0.4 min
    5/90 h=32 lr=1e-05 bs=128
      val_loss=0.135316, best_epoch=996, runtime=0.3 min
    6/90 h=32 lr=0.0001 bs=8
      val_loss=0.035780, best_epoch=86, runtime=0.5 min
    7/90 h=32 lr=0.0001 bs=16
      val_loss=0.040098, best_epoch=118, runtime=0.3 min
    8/90 h=32 lr=0.0001 bs=32
      val_loss=0.045791, best_epoch=162, runtime=0.2 min
    9/90 h=32 lr=0.0001 bs=64
      val_loss=0.052593, best_epoch=205, runtime=0.1 min
    10/90 h=32 lr=0.0001 bs=128
      val_loss=0.060153, best_epoch=282, runtime=0.1 min
    11/90 h=32 lr=0.001 bs=8
      val_loss=0.032373, best_epoch=14, runtime=0.2 min
    12/90 h=32 lr=0.001 bs=16
      val_loss=0.040367, best_epoch=32, runtime=0.1 min
    13/90 h=32 lr=0.001 bs=32
      val_loss=0.032299, best_epoch=37, runtime=0.1 min
    14/90 h=32 lr=0.001 bs=64
      val_loss=0.037369, best_epoch=50, runtime=0.0 min
    15/90 h=32 lr=0.001 bs=128
      val_loss=0.039296, best_epoch=99, runtime=0.0 min
    16/90 h=64 lr=1e-05 bs=8
      val_loss=0.047090, best_epoch=251, runtime=1.2 min
    17/90 h=64 lr=1e-05 bs=16
      val_loss=0.054022, best_epoch=284, runtime=0.7 min
    18/90 h=64 lr=1e-05 bs=32
      val_loss=0.065591, best_epoch=405, runtime=0.5 min
    19/90 h=64 lr=1e-05 bs=64
      val_loss=0.079941, best_epoch=613, runtime=0.4 min
    20/90 h=64 lr=1e-05 bs=128
      val_loss=0.106678, best_epoch=974, runtime=0.3 min
    21/90 h=64 lr=0.0001 bs=8
      val_loss=0.033856, best_epoch=55, runtime=0.4 min
    22/90 h=64 lr=0.0001 bs=16
      val_loss=0.039975, best_epoch=65, runtime=0.2 min
    23/90 h=64 lr=0.0001 bs=32
      val_loss=0.039280, best_epoch=117, runtime=0.2 min
    24/90 h=64 lr=0.0001 bs=64
      val_loss=0.044350, best_epoch=151, runtime=0.1 min
    25/90 h=64 lr=0.0001 bs=128
      val_loss=0.048392, best_epoch=268, runtime=0.1 min
    26/90 h=64 lr=0.001 bs=8
      val_loss=0.029240, best_epoch=16, runtime=0.2 min
    27/90 h=64 lr=0.001 bs=16
      val_loss=0.038804, best_epoch=14, runtime=0.1 min
    28/90 h=64 lr=0.001 bs=32
      val_loss=0.034619, best_epoch=19, runtime=0.1 min
    29/90 h=64 lr=0.001 bs=64
      val_loss=0.035278, best_epoch=50, runtime=0.0 min
    30/90 h=64 lr=0.001 bs=128
      val_loss=0.047338, best_epoch=63, runtime=0.0 min
    31/90 h=128 lr=1e-05 bs=8
      val_loss=0.042292, best_epoch=205, runtime=1.1 min
    32/90 h=128 lr=1e-05 bs=16
      val_loss=0.044613, best_epoch=279, runtime=0.8 min
    33/90 h=128 lr=1e-05 bs=32
      val_loss=0.056407, best_epoch=342, runtime=0.5 min
    34/90 h=128 lr=1e-05 bs=64
      val_loss=0.063339, best_epoch=478, runtime=0.3 min
    35/90 h=128 lr=1e-05 bs=128
      val_loss=0.090159, best_epoch=747, runtime=0.3 min
    36/90 h=128 lr=0.0001 bs=8
      val_loss=0.031123, best_epoch=54, runtime=0.4 min
    37/90 h=128 lr=0.0001 bs=16
      val_loss=0.036343, best_epoch=55, runtime=0.2 min
    38/90 h=128 lr=0.0001 bs=32
      val_loss=0.035817, best_epoch=94, runtime=0.2 min
    39/90 h=128 lr=0.0001 bs=64
      val_loss=0.045122, best_epoch=122, runtime=0.1 min
    40/90 h=128 lr=0.0001 bs=128
      val_loss=0.049270, best_epoch=178, runtime=0.1 min
    41/90 h=128 lr=0.001 bs=8
      val_loss=0.031216, best_epoch=11, runtime=0.2 min
    42/90 h=128 lr=0.001 bs=16
      val_loss=0.034131, best_epoch=11, runtime=0.1 min
    43/90 h=128 lr=0.001 bs=32
      val_loss=0.033839, best_epoch=29, runtime=0.1 min
    44/90 h=128 lr=0.001 bs=64
      val_loss=0.035388, best_epoch=35, runtime=0.0 min
    45/90 h=128 lr=0.001 bs=128
      val_loss=0.044919, best_epoch=43, runtime=0.0 min
    46/90 h=256 lr=1e-05 bs=8
      val_loss=0.038699, best_epoch=166, runtime=1.1 min
    47/90 h=256 lr=1e-05 bs=16
      val_loss=0.043710, best_epoch=232, runtime=0.8 min
    48/90 h=256 lr=1e-05 bs=32
      val_loss=0.051458, best_epoch=293, runtime=0.5 min
    49/90 h=256 lr=1e-05 bs=64
      val_loss=0.054616, best_epoch=422, runtime=0.4 min
    50/90 h=256 lr=1e-05 bs=128
      val_loss=0.075617, best_epoch=581, runtime=0.3 min
    51/90 h=256 lr=0.0001 bs=8
      val_loss=0.037457, best_epoch=29, runtime=0.3 min
    52/90 h=256 lr=0.0001 bs=16
      val_loss=0.033486, best_epoch=54, runtime=0.2 min
    53/90 h=256 lr=0.0001 bs=32
      val_loss=0.038884, best_epoch=66, runtime=0.1 min
    54/90 h=256 lr=0.0001 bs=64
      val_loss=0.043361, best_epoch=99, runtime=0.1 min
    55/90 h=256 lr=0.0001 bs=128
      val_loss=0.048598, best_epoch=143, runtime=0.1 min
    56/90 h=256 lr=0.001 bs=8
      val_loss=0.033439, best_epoch=9, runtime=0.2 min
    57/90 h=256 lr=0.001 bs=16
      val_loss=0.034775, best_epoch=13, runtime=0.1 min
    58/90 h=256 lr=0.001 bs=32
      val_loss=0.032715, best_epoch=21, runtime=0.1 min
    59/90 h=256 lr=0.001 bs=64
      val_loss=0.034463, best_epoch=31, runtime=0.0 min
    60/90 h=256 lr=0.001 bs=128
      val_loss=0.038223, best_epoch=31, runtime=0.0 min
    61/90 h=512 lr=1e-05 bs=8
      val_loss=0.037075, best_epoch=134, runtime=1.8 min
    62/90 h=512 lr=1e-05 bs=16
      val_loss=0.040288, best_epoch=170, runtime=1.3 min
    63/90 h=512 lr=1e-05 bs=32
      val_loss=0.046319, best_epoch=247, runtime=0.9 min
    64/90 h=512 lr=1e-05 bs=64
      val_loss=0.055196, best_epoch=340, runtime=0.7 min
    65/90 h=512 lr=1e-05 bs=128
      val_loss=0.070063, best_epoch=490, runtime=0.5 min
    66/90 h=512 lr=0.0001 bs=8
      val_loss=0.032207, best_epoch=35, runtime=0.8 min
    67/90 h=512 lr=0.0001 bs=16
      val_loss=0.032389, best_epoch=47, runtime=0.5 min
    68/90 h=512 lr=0.0001 bs=32
      val_loss=0.036046, best_epoch=63, runtime=0.3 min
    69/90 h=512 lr=0.0001 bs=64
      val_loss=0.039226, best_epoch=84, runtime=0.2 min
    70/90 h=512 lr=0.0001 bs=128
      val_loss=0.042118, best_epoch=127, runtime=0.2 min
    71/90 h=512 lr=0.001 bs=8
      val_loss=0.035448, best_epoch=4, runtime=0.4 min
    72/90 h=512 lr=0.001 bs=16
      val_loss=0.030232, best_epoch=12, runtime=0.3 min
    73/90 h=512 lr=0.001 bs=32
      val_loss=0.036329, best_epoch=12, runtime=0.1 min
    74/90 h=512 lr=0.001 bs=64
      val_loss=0.041741, best_epoch=14, runtime=0.1 min
    75/90 h=512 lr=0.001 bs=128
      val_loss=0.039505, best_epoch=22, runtime=0.0 min
    76/90 h=1024 lr=1e-05 bs=8
      val_loss=0.037075, best_epoch=98, runtime=1.6 min
    77/90 h=1024 lr=1e-05 bs=16
      val_loss=0.041324, best_epoch=130, runtime=1.3 min
    78/90 h=1024 lr=1e-05 bs=32
      val_loss=0.044659, best_epoch=193, runtime=0.9 min
    79/90 h=1024 lr=1e-05 bs=64
      val_loss=0.049658, best_epoch=295, runtime=0.7 min
    80/90 h=1024 lr=1e-05 bs=128
      val_loss=0.065893, best_epoch=385, runtime=0.2 min
    81/90 h=1024 lr=0.0001 bs=8
      val_loss=0.029956, best_epoch=31, runtime=0.7 min
    82/90 h=1024 lr=0.0001 bs=16
      val_loss=0.036277, best_epoch=29, runtime=0.5 min
    83/90 h=1024 lr=0.0001 bs=32
      val_loss=0.040547, best_epoch=40, runtime=0.3 min
    84/90 h=1024 lr=0.0001 bs=64
      val_loss=0.039992, best_epoch=67, runtime=0.2 min
    85/90 h=1024 lr=0.0001 bs=128
      val_loss=0.047660, best_epoch=79, runtime=0.0 min
    86/90 h=1024 lr=0.001 bs=8
      val_loss=0.026589, best_epoch=8, runtime=0.5 min
    87/90 h=1024 lr=0.001 bs=16
      val_loss=0.028897, best_epoch=8, runtime=0.3 min
    88/90 h=1024 lr=0.001 bs=32
      val_loss=0.032322, best_epoch=23, runtime=0.2 min
    89/90 h=1024 lr=0.001 bs=64
      val_loss=0.035668, best_epoch=15, runtime=0.1 min
    90/90 h=1024 lr=0.001 bs=128
      val_loss=0.042081, best_epoch=24, runtime=0.0 min
  Fold 1: accuracy=0.9973, balanced_accuracy=0.9941, macro_f1=0.9945
    1/90 h=32 lr=1e-05 bs=8
      val_loss=0.049976, best_epoch=320, runtime=1.5 min
    2/90 h=32 lr=1e-05 bs=16
      val_loss=0.077844, best_epoch=349, runtime=0.8 min
    3/90 h=32 lr=1e-05 bs=32
      val_loss=0.083894, best_epoch=505, runtime=0.6 min
    4/90 h=32 lr=1e-05 bs=64
      val_loss=0.110137, best_epoch=661, runtime=0.4 min
    5/90 h=32 lr=1e-05 bs=128
      val_loss=0.133342, best_epoch=941, runtime=0.3 min
    6/90 h=32 lr=0.0001 bs=8
      val_loss=0.015841, best_epoch=143, runtime=0.7 min
    7/90 h=32 lr=0.0001 bs=16
      val_loss=0.034354, best_epoch=118, runtime=0.3 min
    8/90 h=32 lr=0.0001 bs=32
      val_loss=0.039841, best_epoch=186, runtime=0.2 min
    9/90 h=32 lr=0.0001 bs=64
      val_loss=0.043878, best_epoch=234, runtime=0.2 min
    10/90 h=32 lr=0.0001 bs=128
      val_loss=0.049602, best_epoch=302, runtime=0.1 min
    11/90 h=32 lr=0.001 bs=8
      val_loss=0.022837, best_epoch=38, runtime=0.3 min
    12/90 h=32 lr=0.001 bs=16
      val_loss=0.024244, best_epoch=38, runtime=0.2 min
    13/90 h=32 lr=0.001 bs=32
      val_loss=0.013068, best_epoch=55, runtime=0.1 min
    14/90 h=32 lr=0.001 bs=64
      val_loss=0.013401, best_epoch=82, runtime=0.1 min
    15/90 h=32 lr=0.001 bs=128
      val_loss=0.016304, best_epoch=142, runtime=0.1 min
    16/90 h=64 lr=1e-05 bs=8
      val_loss=0.048736, best_epoch=238, runtime=1.2 min
    17/90 h=64 lr=1e-05 bs=16
      val_loss=0.054539, best_epoch=357, runtime=0.9 min
    18/90 h=64 lr=1e-05 bs=32
      val_loss=0.065757, best_epoch=392, runtime=0.5 min
    19/90 h=64 lr=1e-05 bs=64
      val_loss=0.096782, best_epoch=574, runtime=0.4 min
    20/90 h=64 lr=1e-05 bs=128
      val_loss=0.116890, best_epoch=767, runtime=0.3 min
    21/90 h=64 lr=0.0001 bs=8
      val_loss=0.013717, best_epoch=91, runtime=0.5 min
    22/90 h=64 lr=0.0001 bs=16
      val_loss=0.028113, best_epoch=102, runtime=0.3 min
    23/90 h=64 lr=0.0001 bs=32
      val_loss=0.034193, best_epoch=140, runtime=0.2 min
    24/90 h=64 lr=0.0001 bs=64
      val_loss=0.036710, best_epoch=194, runtime=0.1 min
    25/90 h=64 lr=0.0001 bs=128
      val_loss=0.042756, best_epoch=278, runtime=0.1 min
    26/90 h=64 lr=0.001 bs=8
      val_loss=0.006390, best_epoch=52, runtime=0.4 min
    27/90 h=64 lr=0.001 bs=16
      val_loss=0.012581, best_epoch=39, runtime=0.2 min
    28/90 h=64 lr=0.001 bs=32
      val_loss=0.006994, best_epoch=73, runtime=0.1 min
    29/90 h=64 lr=0.001 bs=64
      val_loss=0.020681, best_epoch=63, runtime=0.1 min
    30/90 h=64 lr=0.001 bs=128
      val_loss=0.027005, best_epoch=76, runtime=0.0 min
    31/90 h=128 lr=1e-05 bs=8
      val_loss=0.048450, best_epoch=224, runtime=1.2 min
    32/90 h=128 lr=1e-05 bs=16
      val_loss=0.059630, best_epoch=251, runtime=0.6 min
    33/90 h=128 lr=1e-05 bs=32
      val_loss=0.059920, best_epoch=344, runtime=0.4 min
    34/90 h=128 lr=1e-05 bs=64
      val_loss=0.081712, best_epoch=425, runtime=0.3 min
    35/90 h=128 lr=1e-05 bs=128
      val_loss=0.095454, best_epoch=699, runtime=0.2 min
    36/90 h=128 lr=0.0001 bs=8
      val_loss=0.013687, best_epoch=92, runtime=0.6 min
    37/90 h=128 lr=0.0001 bs=16
      val_loss=0.023741, best_epoch=85, runtime=0.3 min
    38/90 h=128 lr=0.0001 bs=32
      val_loss=0.025515, best_epoch=134, runtime=0.2 min
    39/90 h=128 lr=0.0001 bs=64
      val_loss=0.040990, best_epoch=201, runtime=0.1 min
    40/90 h=128 lr=0.0001 bs=128
      val_loss=0.041161, best_epoch=218, runtime=0.1 min
    41/90 h=128 lr=0.001 bs=8
      val_loss=0.010448, best_epoch=19, runtime=0.2 min
    42/90 h=128 lr=0.001 bs=16
      val_loss=0.005098, best_epoch=54, runtime=0.2 min
    43/90 h=128 lr=0.001 bs=32
      val_loss=0.011643, best_epoch=40, runtime=0.1 min
    44/90 h=128 lr=0.001 bs=64
      val_loss=0.010007, best_epoch=90, runtime=0.1 min
    45/90 h=128 lr=0.001 bs=128
      val_loss=0.016888, best_epoch=75, runtime=0.0 min
    46/90 h=256 lr=1e-05 bs=8
      val_loss=0.033452, best_epoch=201, runtime=2.7 min
    47/90 h=256 lr=1e-05 bs=16
      val_loss=0.048634, best_epoch=239, runtime=1.6 min
    48/90 h=256 lr=1e-05 bs=32
      val_loss=0.049139, best_epoch=323, runtime=1.1 min
    49/90 h=256 lr=1e-05 bs=64
      val_loss=0.063583, best_epoch=416, runtime=0.7 min
    50/90 h=256 lr=1e-05 bs=128
      val_loss=0.082829, best_epoch=608, runtime=0.6 min
    51/90 h=256 lr=0.0001 bs=8
      val_loss=0.013204, best_epoch=78, runtime=1.2 min
    52/90 h=256 lr=0.0001 bs=16
      val_loss=0.015143, best_epoch=100, runtime=0.8 min
    53/90 h=256 lr=0.0001 bs=32
      val_loss=0.021476, best_epoch=110, runtime=0.4 min
    54/90 h=256 lr=0.0001 bs=64
      val_loss=0.026811, best_epoch=160, runtime=0.3 min
    55/90 h=256 lr=0.0001 bs=128
      val_loss=0.035474, best_epoch=193, runtime=0.2 min
    56/90 h=256 lr=0.001 bs=8
      val_loss=0.007949, best_epoch=22, runtime=0.6 min
    57/90 h=256 lr=0.001 bs=16
      val_loss=0.014666, best_epoch=20, runtime=0.3 min
    58/90 h=256 lr=0.001 bs=32
      val_loss=0.013799, best_epoch=46, runtime=0.2 min
    59/90 h=256 lr=0.001 bs=64
      val_loss=0.011587, best_epoch=51, runtime=0.1 min
    60/90 h=256 lr=0.001 bs=128
      val_loss=0.020781, best_epoch=69, runtime=0.1 min
    61/90 h=512 lr=1e-05 bs=8
      val_loss=0.032080, best_epoch=163, runtime=2.5 min
    62/90 h=512 lr=1e-05 bs=16
      val_loss=0.038130, best_epoch=209, runtime=1.6 min
    63/90 h=512 lr=1e-05 bs=32
      val_loss=0.045428, best_epoch=276, runtime=1.0 min
    64/90 h=512 lr=1e-05 bs=64
      val_loss=0.056934, best_epoch=333, runtime=0.7 min
    65/90 h=512 lr=1e-05 bs=128
      val_loss=0.072281, best_epoch=492, runtime=0.6 min
    66/90 h=512 lr=0.0001 bs=8
      val_loss=0.015556, best_epoch=43, runtime=0.9 min
    67/90 h=512 lr=0.0001 bs=16
      val_loss=0.012578, best_epoch=81, runtime=0.7 min
    68/90 h=512 lr=0.0001 bs=32
      val_loss=0.020625, best_epoch=80, runtime=0.4 min
    69/90 h=512 lr=0.0001 bs=64
      val_loss=0.024129, best_epoch=123, runtime=0.3 min
    70/90 h=512 lr=0.0001 bs=128
      val_loss=0.032180, best_epoch=163, runtime=0.2 min
    71/90 h=512 lr=0.001 bs=8
      val_loss=0.014305, best_epoch=12, runtime=0.5 min
    72/90 h=512 lr=0.001 bs=16
      val_loss=0.020688, best_epoch=15, runtime=0.1 min
    73/90 h=512 lr=0.001 bs=32
      val_loss=0.013357, best_epoch=20, runtime=0.1 min
    74/90 h=512 lr=0.001 bs=64
      val_loss=0.016948, best_epoch=33, runtime=0.1 min
    75/90 h=512 lr=0.001 bs=128
      val_loss=0.021916, best_epoch=58, runtime=0.0 min
    76/90 h=1024 lr=1e-05 bs=8
      val_loss=0.030358, best_epoch=145, runtime=1.4 min
    77/90 h=1024 lr=1e-05 bs=16
      val_loss=0.033756, best_epoch=170, runtime=0.8 min
    78/90 h=1024 lr=1e-05 bs=32
      val_loss=0.037787, best_epoch=233, runtime=0.6 min
    79/90 h=1024 lr=1e-05 bs=64
      val_loss=0.050144, best_epoch=311, runtime=0.4 min
    80/90 h=1024 lr=1e-05 bs=128
      val_loss=0.064569, best_epoch=405, runtime=0.2 min
    81/90 h=1024 lr=0.0001 bs=8
      val_loss=0.013480, best_epoch=44, runtime=0.6 min
    82/90 h=1024 lr=0.0001 bs=16
      val_loss=0.013191, best_epoch=58, runtime=0.3 min
    83/90 h=1024 lr=0.0001 bs=32
      val_loss=0.015865, best_epoch=80, runtime=0.2 min
    84/90 h=1024 lr=0.0001 bs=64
      val_loss=0.018152, best_epoch=115, runtime=0.2 min
    85/90 h=1024 lr=0.0001 bs=128
      val_loss=0.026829, best_epoch=143, runtime=0.1 min
    86/90 h=1024 lr=0.001 bs=8
      val_loss=0.006967, best_epoch=20, runtime=0.4 min
    87/90 h=1024 lr=0.001 bs=16
      val_loss=0.018128, best_epoch=14, runtime=0.2 min
    88/90 h=1024 lr=0.001 bs=32
      val_loss=0.017794, best_epoch=15, runtime=0.1 min
    89/90 h=1024 lr=0.001 bs=64
      val_loss=0.013638, best_epoch=45, runtime=0.1 min
    90/90 h=1024 lr=0.001 bs=128
      val_loss=0.016987, best_epoch=51, runtime=0.0 min
  Fold 2: accuracy=0.9839, balanced_accuracy=0.9741, macro_f1=0.9735
    1/90 h=32 lr=1e-05 bs=8
      val_loss=0.103681, best_epoch=269, runtime=1.3 min
    2/90 h=32 lr=1e-05 bs=16
      val_loss=0.104724, best_epoch=325, runtime=0.8 min
    3/90 h=32 lr=1e-05 bs=32
      val_loss=0.139973, best_epoch=452, runtime=0.6 min
    4/90 h=32 lr=1e-05 bs=64
      val_loss=0.132016, best_epoch=628, runtime=0.4 min
    5/90 h=32 lr=1e-05 bs=128
      val_loss=0.149159, best_epoch=886, runtime=0.3 min
    6/90 h=32 lr=0.0001 bs=8
      val_loss=0.077486, best_epoch=65, runtime=0.4 min
    7/90 h=32 lr=0.0001 bs=16
      val_loss=0.050746, best_epoch=159, runtime=0.4 min
    8/90 h=32 lr=0.0001 bs=32
      val_loss=0.066674, best_epoch=133, runtime=0.2 min
    9/90 h=32 lr=0.0001 bs=64
      val_loss=0.071782, best_epoch=215, runtime=0.1 min
    10/90 h=32 lr=0.0001 bs=128
      val_loss=0.074608, best_epoch=348, runtime=0.1 min
    11/90 h=32 lr=0.001 bs=8
      val_loss=0.044341, best_epoch=41, runtime=0.3 min
    12/90 h=32 lr=0.001 bs=16
      val_loss=0.053277, best_epoch=44, runtime=0.2 min
    13/90 h=32 lr=0.001 bs=32
      val_loss=0.052386, best_epoch=51, runtime=0.1 min
    14/90 h=32 lr=0.001 bs=64
      val_loss=0.045832, best_epoch=98, runtime=0.1 min
    15/90 h=32 lr=0.001 bs=128
      val_loss=0.052563, best_epoch=118, runtime=0.0 min
    16/90 h=64 lr=1e-05 bs=8
      val_loss=0.076561, best_epoch=209, runtime=1.0 min
    17/90 h=64 lr=1e-05 bs=16
      val_loss=0.094632, best_epoch=253, runtime=0.6 min
    18/90 h=64 lr=1e-05 bs=32
      val_loss=0.092331, best_epoch=379, runtime=0.5 min
    19/90 h=64 lr=1e-05 bs=64
      val_loss=0.119596, best_epoch=523, runtime=0.3 min
    20/90 h=64 lr=1e-05 bs=128
      val_loss=0.138590, best_epoch=802, runtime=0.3 min
    21/90 h=64 lr=0.0001 bs=8
      val_loss=0.049241, best_epoch=71, runtime=0.4 min
    22/90 h=64 lr=0.0001 bs=16
      val_loss=0.053572, best_epoch=114, runtime=0.3 min
    23/90 h=64 lr=0.0001 bs=32
      val_loss=0.059835, best_epoch=129, runtime=0.2 min
    24/90 h=64 lr=0.0001 bs=64
      val_loss=0.076758, best_epoch=184, runtime=0.1 min
    25/90 h=64 lr=0.0001 bs=128
      val_loss=0.088721, best_epoch=242, runtime=0.1 min
    26/90 h=64 lr=0.001 bs=8
      val_loss=0.055315, best_epoch=47, runtime=0.3 min
    27/90 h=64 lr=0.001 bs=16
      val_loss=0.049343, best_epoch=24, runtime=0.1 min
    28/90 h=64 lr=0.001 bs=32
      val_loss=0.046562, best_epoch=52, runtime=0.1 min
    29/90 h=64 lr=0.001 bs=64
      val_loss=0.046338, best_epoch=57, runtime=0.1 min
    30/90 h=64 lr=0.001 bs=128
      val_loss=0.050540, best_epoch=86, runtime=0.0 min
    31/90 h=128 lr=1e-05 bs=8
      val_loss=0.087258, best_epoch=150, runtime=0.8 min
    32/90 h=128 lr=1e-05 bs=16
      val_loss=0.089597, best_epoch=211, runtime=0.5 min
    33/90 h=128 lr=1e-05 bs=32
      val_loss=0.093105, best_epoch=305, runtime=0.4 min
    34/90 h=128 lr=1e-05 bs=64
      val_loss=0.089331, best_epoch=446, runtime=0.3 min
    35/90 h=128 lr=1e-05 bs=128
      val_loss=0.123397, best_epoch=596, runtime=0.2 min
    36/90 h=128 lr=0.0001 bs=8
      val_loss=0.053586, best_epoch=66, runtime=0.4 min
    37/90 h=128 lr=0.0001 bs=16
      val_loss=0.056390, best_epoch=73, runtime=0.2 min
    38/90 h=128 lr=0.0001 bs=32
      val_loss=0.047079, best_epoch=159, runtime=0.2 min
    39/90 h=128 lr=0.0001 bs=64
      val_loss=0.059226, best_epoch=166, runtime=0.1 min
    40/90 h=128 lr=0.0001 bs=128
      val_loss=0.072496, best_epoch=202, runtime=0.1 min
    41/90 h=128 lr=0.001 bs=8
      val_loss=0.049651, best_epoch=29, runtime=0.3 min
    42/90 h=128 lr=0.001 bs=16
      val_loss=0.050413, best_epoch=35, runtime=0.1 min
    43/90 h=128 lr=0.001 bs=32
      val_loss=0.047376, best_epoch=34, runtime=0.1 min
    44/90 h=128 lr=0.001 bs=64
      val_loss=0.048062, best_epoch=32, runtime=0.0 min
    45/90 h=128 lr=0.001 bs=128
      val_loss=0.055765, best_epoch=89, runtime=0.0 min
    46/90 h=256 lr=1e-05 bs=8
      val_loss=0.073537, best_epoch=127, runtime=1.8 min
    47/90 h=256 lr=1e-05 bs=16
      val_loss=0.082446, best_epoch=193, runtime=1.3 min
    48/90 h=256 lr=1e-05 bs=32
      val_loss=0.088702, best_epoch=268, runtime=0.9 min
    49/90 h=256 lr=1e-05 bs=64
      val_loss=0.093491, best_epoch=356, runtime=0.6 min
    50/90 h=256 lr=1e-05 bs=128
      val_loss=0.112058, best_epoch=515, runtime=0.5 min
    51/90 h=256 lr=0.0001 bs=8
      val_loss=0.051381, best_epoch=48, runtime=0.9 min
    52/90 h=256 lr=0.0001 bs=16
      val_loss=0.049090, best_epoch=65, runtime=0.6 min
    53/90 h=256 lr=0.0001 bs=32
      val_loss=0.056965, best_epoch=93, runtime=0.4 min
    54/90 h=256 lr=0.0001 bs=64
      val_loss=0.059518, best_epoch=127, runtime=0.2 min
    55/90 h=256 lr=0.0001 bs=128
      val_loss=0.068805, best_epoch=170, runtime=0.2 min
    56/90 h=256 lr=0.001 bs=8
      val_loss=0.050280, best_epoch=32, runtime=0.7 min
    57/90 h=256 lr=0.001 bs=16
      val_loss=0.056206, best_epoch=14, runtime=0.3 min
    58/90 h=256 lr=0.001 bs=32
      val_loss=0.050420, best_epoch=31, runtime=0.2 min
    59/90 h=256 lr=0.001 bs=64
      val_loss=0.039528, best_epoch=40, runtime=0.1 min
    60/90 h=256 lr=0.001 bs=128
      val_loss=0.046932, best_epoch=70, runtime=0.1 min
    61/90 h=512 lr=1e-05 bs=8
      val_loss=0.070801, best_epoch=130, runtime=1.8 min
    62/90 h=512 lr=1e-05 bs=16
      val_loss=0.069408, best_epoch=193, runtime=0.7 min
    63/90 h=512 lr=1e-05 bs=32
      val_loss=0.078507, best_epoch=247, runtime=0.5 min
    64/90 h=512 lr=1e-05 bs=64
      val_loss=0.090464, best_epoch=317, runtime=0.3 min
    65/90 h=512 lr=1e-05 bs=128
      val_loss=0.105423, best_epoch=422, runtime=0.2 min
    66/90 h=512 lr=0.0001 bs=8
      val_loss=0.053506, best_epoch=39, runtime=0.4 min
    67/90 h=512 lr=0.0001 bs=16
      val_loss=0.047997, best_epoch=51, runtime=0.3 min
    68/90 h=512 lr=0.0001 bs=32
      val_loss=0.051662, best_epoch=95, runtime=0.2 min
    69/90 h=512 lr=0.0001 bs=64
      val_loss=0.053802, best_epoch=130, runtime=0.1 min
    70/90 h=512 lr=0.0001 bs=128
      val_loss=0.062114, best_epoch=146, runtime=0.1 min
    71/90 h=512 lr=0.001 bs=8
      val_loss=0.058451, best_epoch=23, runtime=0.3 min
    72/90 h=512 lr=0.001 bs=16
      val_loss=0.050270, best_epoch=20, runtime=0.2 min
    73/90 h=512 lr=0.001 bs=32
      val_loss=0.050106, best_epoch=25, runtime=0.1 min
    74/90 h=512 lr=0.001 bs=64
      val_loss=0.048719, best_epoch=34, runtime=0.1 min
    75/90 h=512 lr=0.001 bs=128
      val_loss=0.047937, best_epoch=50, runtime=0.0 min
    76/90 h=1024 lr=1e-05 bs=8
      val_loss=0.065893, best_epoch=111, runtime=1.1 min
    77/90 h=1024 lr=1e-05 bs=16
      val_loss=0.067210, best_epoch=144, runtime=0.7 min
    78/90 h=1024 lr=1e-05 bs=32
      val_loss=0.070089, best_epoch=206, runtime=0.5 min
    79/90 h=1024 lr=1e-05 bs=64
      val_loss=0.085479, best_epoch=253, runtime=0.3 min
    80/90 h=1024 lr=1e-05 bs=128
      val_loss=0.090506, best_epoch=393, runtime=0.2 min
    81/90 h=1024 lr=0.0001 bs=8
      val_loss=0.050087, best_epoch=30, runtime=0.5 min
    82/90 h=1024 lr=0.0001 bs=16
      val_loss=0.044837, best_epoch=56, runtime=0.3 min
    83/90 h=1024 lr=0.0001 bs=32
      val_loss=0.045254, best_epoch=89, runtime=0.2 min
    84/90 h=1024 lr=0.0001 bs=64
      val_loss=0.046987, best_epoch=121, runtime=0.2 min
    85/90 h=1024 lr=0.0001 bs=128
      val_loss=0.060634, best_epoch=129, runtime=0.1 min
    86/90 h=1024 lr=0.001 bs=8
      val_loss=0.050322, best_epoch=34, runtime=0.5 min
    87/90 h=1024 lr=0.001 bs=16
      val_loss=0.051646, best_epoch=16, runtime=0.2 min
    88/90 h=1024 lr=0.001 bs=32
      val_loss=0.044536, best_epoch=52, runtime=0.2 min
    89/90 h=1024 lr=0.001 bs=64
      val_loss=0.048102, best_epoch=35, runtime=0.1 min
    90/90 h=1024 lr=0.001 bs=128
      val_loss=0.052209, best_epoch=34, runtime=0.0 min
  Fold 3: accuracy=0.9896, balanced_accuracy=0.9795, macro_f1=0.9786
    1/90 h=32 lr=1e-05 bs=8
      val_loss=0.064518, best_epoch=251, runtime=1.3 min
    2/90 h=32 lr=1e-05 bs=16
      val_loss=0.075502, best_epoch=381, runtime=0.9 min
    3/90 h=32 lr=1e-05 bs=32
      val_loss=0.068461, best_epoch=412, runtime=0.5 min
    4/90 h=32 lr=1e-05 bs=64
      val_loss=0.097090, best_epoch=648, runtime=0.4 min
    5/90 h=32 lr=1e-05 bs=128
      val_loss=0.133508, best_epoch=955, runtime=0.4 min
    6/90 h=32 lr=0.0001 bs=8
      val_loss=0.039500, best_epoch=67, runtime=0.4 min
    7/90 h=32 lr=0.0001 bs=16
      val_loss=0.055037, best_epoch=86, runtime=0.3 min
    8/90 h=32 lr=0.0001 bs=32
      val_loss=0.044394, best_epoch=142, runtime=0.2 min
    9/90 h=32 lr=0.0001 bs=64
      val_loss=0.054050, best_epoch=202, runtime=0.1 min
    10/90 h=32 lr=0.0001 bs=128
      val_loss=0.067434, best_epoch=240, runtime=0.1 min
    11/90 h=32 lr=0.001 bs=8
      val_loss=0.030560, best_epoch=38, runtime=0.3 min
    12/90 h=32 lr=0.001 bs=16
      val_loss=0.051632, best_epoch=27, runtime=0.1 min
    13/90 h=32 lr=0.001 bs=32
      val_loss=0.043586, best_epoch=28, runtime=0.1 min
    14/90 h=32 lr=0.001 bs=64
      val_loss=0.043771, best_epoch=35, runtime=0.0 min
    15/90 h=32 lr=0.001 bs=128
      val_loss=0.049189, best_epoch=90, runtime=0.0 min
    16/90 h=64 lr=1e-05 bs=8
      val_loss=0.052410, best_epoch=234, runtime=1.2 min
    17/90 h=64 lr=1e-05 bs=16
      val_loss=0.062870, best_epoch=293, runtime=0.7 min
    18/90 h=64 lr=1e-05 bs=32
      val_loss=0.069992, best_epoch=388, runtime=0.5 min
    19/90 h=64 lr=1e-05 bs=64
      val_loss=0.084933, best_epoch=526, runtime=0.4 min
    20/90 h=64 lr=1e-05 bs=128
      val_loss=0.115130, best_epoch=837, runtime=0.3 min
    21/90 h=64 lr=0.0001 bs=8
      val_loss=0.042240, best_epoch=43, runtime=0.3 min
    22/90 h=64 lr=0.0001 bs=16
      val_loss=0.049283, best_epoch=60, runtime=0.2 min
    23/90 h=64 lr=0.0001 bs=32
      val_loss=0.050218, best_epoch=106, runtime=0.2 min
    24/90 h=64 lr=0.0001 bs=64
      val_loss=0.056122, best_epoch=168, runtime=0.1 min
    25/90 h=64 lr=0.0001 bs=128
      val_loss=0.058797, best_epoch=225, runtime=0.1 min
    26/90 h=64 lr=0.001 bs=8
      val_loss=0.022807, best_epoch=46, runtime=0.3 min
    27/90 h=64 lr=0.001 bs=16
      val_loss=0.042319, best_epoch=29, runtime=0.1 min
    28/90 h=64 lr=0.001 bs=32
      val_loss=0.043174, best_epoch=32, runtime=0.1 min
    29/90 h=64 lr=0.001 bs=64
      val_loss=0.047426, best_epoch=32, runtime=0.0 min
    30/90 h=64 lr=0.001 bs=128
      val_loss=0.043696, best_epoch=49, runtime=0.0 min
    31/90 h=128 lr=1e-05 bs=8
      val_loss=0.050197, best_epoch=177, runtime=1.0 min
    32/90 h=128 lr=1e-05 bs=16
      val_loss=0.058139, best_epoch=237, runtime=0.7 min
    33/90 h=128 lr=1e-05 bs=32
      val_loss=0.067744, best_epoch=307, runtime=0.4 min
    34/90 h=128 lr=1e-05 bs=64
      val_loss=0.072870, best_epoch=429, runtime=0.3 min
    35/90 h=128 lr=1e-05 bs=128
      val_loss=0.092979, best_epoch=591, runtime=0.2 min
    36/90 h=128 lr=0.0001 bs=8
      val_loss=0.039762, best_epoch=58, runtime=0.4 min
    37/90 h=128 lr=0.0001 bs=16
      val_loss=0.044849, best_epoch=66, runtime=0.2 min
    38/90 h=128 lr=0.0001 bs=32
      val_loss=0.049603, best_epoch=82, runtime=0.1 min
    39/90 h=128 lr=0.0001 bs=64
      val_loss=0.054449, best_epoch=114, runtime=0.1 min
    40/90 h=128 lr=0.0001 bs=128
      val_loss=0.054167, best_epoch=173, runtime=0.1 min
    41/90 h=128 lr=0.001 bs=8
      val_loss=0.035614, best_epoch=14, runtime=0.2 min
    42/90 h=128 lr=0.001 bs=16
      val_loss=0.034061, best_epoch=36, runtime=0.2 min
    43/90 h=128 lr=0.001 bs=32
      val_loss=0.034649, best_epoch=39, runtime=0.1 min
    44/90 h=128 lr=0.001 bs=64
      val_loss=0.047331, best_epoch=27, runtime=0.0 min
    45/90 h=128 lr=0.001 bs=128
      val_loss=0.044682, best_epoch=40, runtime=0.0 min
    46/90 h=256 lr=1e-05 bs=8
      val_loss=0.050282, best_epoch=142, runtime=1.0 min
    47/90 h=256 lr=1e-05 bs=16
      val_loss=0.059992, best_epoch=171, runtime=0.6 min
    48/90 h=256 lr=1e-05 bs=32
      val_loss=0.061396, best_epoch=269, runtime=0.5 min
    49/90 h=256 lr=1e-05 bs=64
      val_loss=0.068372, best_epoch=356, runtime=0.3 min
    50/90 h=256 lr=1e-05 bs=128
      val_loss=0.086237, best_epoch=492, runtime=0.2 min
    51/90 h=256 lr=0.0001 bs=8
      val_loss=0.043454, best_epoch=47, runtime=0.4 min
    52/90 h=256 lr=0.0001 bs=16
      val_loss=0.044198, best_epoch=59, runtime=0.3 min
    53/90 h=256 lr=0.0001 bs=32
      val_loss=0.049275, best_epoch=71, runtime=0.2 min
    54/90 h=256 lr=0.0001 bs=64
      val_loss=0.048939, best_epoch=98, runtime=0.1 min
    55/90 h=256 lr=0.0001 bs=128
      val_loss=0.053456, best_epoch=156, runtime=0.1 min
    56/90 h=256 lr=0.001 bs=8
      val_loss=0.034720, best_epoch=18, runtime=0.3 min
    57/90 h=256 lr=0.001 bs=16
      val_loss=0.029813, best_epoch=32, runtime=0.2 min
    58/90 h=256 lr=0.001 bs=32
      val_loss=0.046595, best_epoch=14, runtime=0.1 min
    59/90 h=256 lr=0.001 bs=64
      val_loss=0.044388, best_epoch=32, runtime=0.0 min
    60/90 h=256 lr=0.001 bs=128
      val_loss=0.045455, best_epoch=40, runtime=0.0 min
    61/90 h=512 lr=1e-05 bs=8
      val_loss=0.050907, best_epoch=101, runtime=0.9 min
    62/90 h=512 lr=1e-05 bs=16
      val_loss=0.048016, best_epoch=174, runtime=0.7 min
    63/90 h=512 lr=1e-05 bs=32
      val_loss=0.052336, best_epoch=218, runtime=0.4 min
    64/90 h=512 lr=1e-05 bs=64
      val_loss=0.062403, best_epoch=311, runtime=0.3 min
    65/90 h=512 lr=1e-05 bs=128
      val_loss=0.082101, best_epoch=449, runtime=0.3 min
    66/90 h=512 lr=0.0001 bs=8
      val_loss=0.034967, best_epoch=48, runtime=0.5 min
    67/90 h=512 lr=0.0001 bs=16
      val_loss=0.043980, best_epoch=39, runtime=0.2 min
    68/90 h=512 lr=0.0001 bs=32
      val_loss=0.042643, best_epoch=67, runtime=0.2 min
    69/90 h=512 lr=0.0001 bs=64
      val_loss=0.045307, best_epoch=91, runtime=0.1 min
    70/90 h=512 lr=0.0001 bs=128
      val_loss=0.053794, best_epoch=86, runtime=0.1 min
    71/90 h=512 lr=0.001 bs=8
      val_loss=0.029569, best_epoch=40, runtime=0.5 min
    72/90 h=512 lr=0.001 bs=16
      val_loss=0.029669, best_epoch=48, runtime=0.3 min
    73/90 h=512 lr=0.001 bs=32
      val_loss=0.033802, best_epoch=44, runtime=0.1 min
    74/90 h=512 lr=0.001 bs=64
      val_loss=0.045244, best_epoch=23, runtime=0.0 min
    75/90 h=512 lr=0.001 bs=128
      val_loss=0.048211, best_epoch=27, runtime=0.0 min
    76/90 h=1024 lr=1e-05 bs=8
      val_loss=0.048326, best_epoch=90, runtime=1.0 min
    77/90 h=1024 lr=1e-05 bs=16
      val_loss=0.048530, best_epoch=136, runtime=0.7 min
    78/90 h=1024 lr=1e-05 bs=32
      val_loss=0.048513, best_epoch=212, runtime=0.5 min
    79/90 h=1024 lr=1e-05 bs=64
      val_loss=0.061147, best_epoch=245, runtime=0.3 min
    80/90 h=1024 lr=1e-05 bs=128
      val_loss=0.069486, best_epoch=367, runtime=0.2 min
    81/90 h=1024 lr=0.0001 bs=8
      val_loss=0.035631, best_epoch=47, runtime=0.6 min
    82/90 h=1024 lr=0.0001 bs=16
      val_loss=0.042758, best_epoch=33, runtime=0.2 min
    83/90 h=1024 lr=0.0001 bs=32
      val_loss=0.040736, best_epoch=51, runtime=0.2 min
    84/90 h=1024 lr=0.0001 bs=64
      val_loss=0.045663, best_epoch=68, runtime=0.1 min
    85/90 h=1024 lr=0.0001 bs=128
      val_loss=0.051903, best_epoch=91, runtime=0.1 min
    86/90 h=1024 lr=0.001 bs=8
      val_loss=0.025533, best_epoch=55, runtime=0.7 min
    87/90 h=1024 lr=0.001 bs=16
      val_loss=0.038352, best_epoch=16, runtime=0.2 min
    88/90 h=1024 lr=0.001 bs=32
      val_loss=0.035298, best_epoch=61, runtime=0.2 min
    89/90 h=1024 lr=0.001 bs=64
      val_loss=0.043652, best_epoch=22, runtime=0.1 min
    90/90 h=1024 lr=0.001 bs=128
      val_loss=0.048081, best_epoch=29, runtime=0.0 min
  Fold 4: accuracy=0.9818, balanced_accuracy=0.9641, macro_f1=0.9648
    1/90 h=32 lr=1e-05 bs=8
      val_loss=0.046244, best_epoch=337, runtime=1.6 min
    2/90 h=32 lr=1e-05 bs=16
      val_loss=0.048172, best_epoch=321, runtime=0.8 min
    3/90 h=32 lr=1e-05 bs=32
      val_loss=0.067262, best_epoch=571, runtime=0.7 min
    4/90 h=32 lr=1e-05 bs=64
      val_loss=0.080931, best_epoch=720, runtime=0.5 min
    5/90 h=32 lr=1e-05 bs=128
      val_loss=0.091270, best_epoch=980, runtime=0.3 min
    6/90 h=32 lr=0.0001 bs=8
      val_loss=0.010165, best_epoch=87, runtime=0.5 min
    7/90 h=32 lr=0.0001 bs=16
      val_loss=0.015522, best_epoch=112, runtime=0.3 min
    8/90 h=32 lr=0.0001 bs=32
      val_loss=0.021954, best_epoch=137, runtime=0.2 min
    9/90 h=32 lr=0.0001 bs=64
      val_loss=0.026874, best_epoch=217, runtime=0.2 min
    10/90 h=32 lr=0.0001 bs=128
      val_loss=0.035620, best_epoch=270, runtime=0.1 min
    11/90 h=32 lr=0.001 bs=8
      val_loss=0.007838, best_epoch=32, runtime=0.3 min
    12/90 h=32 lr=0.001 bs=16
      val_loss=0.004802, best_epoch=41, runtime=0.2 min
    13/90 h=32 lr=0.001 bs=32
      val_loss=0.007094, best_epoch=65, runtime=0.1 min
    14/90 h=32 lr=0.001 bs=64
      val_loss=0.008155, best_epoch=81, runtime=0.1 min
    15/90 h=32 lr=0.001 bs=128
      val_loss=0.016117, best_epoch=77, runtime=0.0 min
    16/90 h=64 lr=1e-05 bs=8
      val_loss=0.030043, best_epoch=212, runtime=1.1 min
    17/90 h=64 lr=1e-05 bs=16
      val_loss=0.042066, best_epoch=319, runtime=0.8 min
    18/90 h=64 lr=1e-05 bs=32
      val_loss=0.048699, best_epoch=395, runtime=0.5 min
    19/90 h=64 lr=1e-05 bs=64
      val_loss=0.061925, best_epoch=589, runtime=0.4 min
    20/90 h=64 lr=1e-05 bs=128
      val_loss=0.084836, best_epoch=807, runtime=0.3 min
    21/90 h=64 lr=0.0001 bs=8
      val_loss=0.012205, best_epoch=59, runtime=0.4 min
    22/90 h=64 lr=0.0001 bs=16
      val_loss=0.014836, best_epoch=102, runtime=0.3 min
    23/90 h=64 lr=0.0001 bs=32
      val_loss=0.016869, best_epoch=122, runtime=0.2 min
    24/90 h=64 lr=0.0001 bs=64
      val_loss=0.024189, best_epoch=157, runtime=0.1 min
    25/90 h=64 lr=0.0001 bs=128
      val_loss=0.029069, best_epoch=249, runtime=0.1 min
    26/90 h=64 lr=0.001 bs=8
      val_loss=0.008090, best_epoch=16, runtime=0.2 min
    27/90 h=64 lr=0.001 bs=16
      val_loss=0.004821, best_epoch=43, runtime=0.2 min
    28/90 h=64 lr=0.001 bs=32
      val_loss=0.007998, best_epoch=45, runtime=0.1 min
    29/90 h=64 lr=0.001 bs=64
      val_loss=0.010415, best_epoch=48, runtime=0.0 min
    30/90 h=64 lr=0.001 bs=128
      val_loss=0.010599, best_epoch=76, runtime=0.0 min
    31/90 h=128 lr=1e-05 bs=8
      val_loss=0.030758, best_epoch=171, runtime=1.0 min
    32/90 h=128 lr=1e-05 bs=16
      val_loss=0.036648, best_epoch=226, runtime=0.6 min
    33/90 h=128 lr=1e-05 bs=32
      val_loss=0.038006, best_epoch=337, runtime=0.5 min
    34/90 h=128 lr=1e-05 bs=64
      val_loss=0.051988, best_epoch=496, runtime=0.3 min
    35/90 h=128 lr=1e-05 bs=128
      val_loss=0.064376, best_epoch=646, runtime=0.2 min
    36/90 h=128 lr=0.0001 bs=8
      val_loss=0.008179, best_epoch=66, runtime=0.5 min
    37/90 h=128 lr=0.0001 bs=16
      val_loss=0.010729, best_epoch=79, runtime=0.3 min
    38/90 h=128 lr=0.0001 bs=32
      val_loss=0.015986, best_epoch=107, runtime=0.2 min
    39/90 h=128 lr=0.0001 bs=64
      val_loss=0.020368, best_epoch=141, runtime=0.1 min
    40/90 h=128 lr=0.0001 bs=128
      val_loss=0.027917, best_epoch=184, runtime=0.1 min
    41/90 h=128 lr=0.001 bs=8
      val_loss=0.007284, best_epoch=12, runtime=0.2 min
    42/90 h=128 lr=0.001 bs=16
      val_loss=0.005802, best_epoch=22, runtime=0.1 min
    43/90 h=128 lr=0.001 bs=32
      val_loss=0.011026, best_epoch=18, runtime=0.1 min
    44/90 h=128 lr=0.001 bs=64
      val_loss=0.007955, best_epoch=52, runtime=0.1 min
    45/90 h=128 lr=0.001 bs=128
      val_loss=0.013065, best_epoch=64, runtime=0.0 min
    46/90 h=256 lr=1e-05 bs=8
      val_loss=0.028006, best_epoch=134, runtime=0.9 min
    47/90 h=256 lr=1e-05 bs=16
      val_loss=0.034371, best_epoch=180, runtime=0.6 min
    48/90 h=256 lr=1e-05 bs=32
      val_loss=0.037177, best_epoch=260, runtime=0.4 min
    49/90 h=256 lr=1e-05 bs=64
      val_loss=0.046602, best_epoch=371, runtime=0.3 min
    50/90 h=256 lr=1e-05 bs=128
      val_loss=0.059264, best_epoch=577, runtime=0.3 min
    51/90 h=256 lr=0.0001 bs=8
      val_loss=0.006750, best_epoch=55, runtime=0.5 min
    52/90 h=256 lr=0.0001 bs=16
      val_loss=0.010913, best_epoch=61, runtime=0.3 min
    53/90 h=256 lr=0.0001 bs=32
      val_loss=0.013827, best_epoch=87, runtime=0.2 min
    54/90 h=256 lr=0.0001 bs=64
      val_loss=0.018725, best_epoch=118, runtime=0.1 min
    55/90 h=256 lr=0.0001 bs=128
      val_loss=0.027185, best_epoch=139, runtime=0.1 min
    56/90 h=256 lr=0.001 bs=8
      val_loss=0.002546, best_epoch=30, runtime=0.3 min
    57/90 h=256 lr=0.001 bs=16
      val_loss=0.007621, best_epoch=14, runtime=0.1 min
    58/90 h=256 lr=0.001 bs=32
      val_loss=0.006794, best_epoch=31, runtime=0.1 min
    59/90 h=256 lr=0.001 bs=64
      val_loss=0.008315, best_epoch=32, runtime=0.1 min
    60/90 h=256 lr=0.001 bs=128
      val_loss=0.012225, best_epoch=46, runtime=0.1 min
    61/90 h=512 lr=1e-05 bs=8
      val_loss=0.028161, best_epoch=94, runtime=1.5 min
    62/90 h=512 lr=1e-05 bs=16
      val_loss=0.023164, best_epoch=171, runtime=1.3 min
    63/90 h=512 lr=1e-05 bs=32
      val_loss=0.033512, best_epoch=222, runtime=0.8 min
    64/90 h=512 lr=1e-05 bs=64
      val_loss=0.041432, best_epoch=294, runtime=0.5 min
    65/90 h=512 lr=1e-05 bs=128
      val_loss=0.053073, best_epoch=442, runtime=0.2 min
    66/90 h=512 lr=0.0001 bs=8
      val_loss=0.009762, best_epoch=32, runtime=0.4 min
    67/90 h=512 lr=0.0001 bs=16
      val_loss=0.007137, best_epoch=73, runtime=0.3 min
    68/90 h=512 lr=0.0001 bs=32
      val_loss=0.014649, best_epoch=65, runtime=0.2 min
    69/90 h=512 lr=0.0001 bs=64
      val_loss=0.017626, best_epoch=91, runtime=0.1 min
    70/90 h=512 lr=0.0001 bs=128
      val_loss=0.021916, best_epoch=140, runtime=0.1 min
    71/90 h=512 lr=0.001 bs=8
      val_loss=0.004131, best_epoch=20, runtime=0.3 min
    72/90 h=512 lr=0.001 bs=16
      val_loss=0.004223, best_epoch=29, runtime=0.2 min
    73/90 h=512 lr=0.001 bs=32
      val_loss=0.008090, best_epoch=23, runtime=0.1 min
    74/90 h=512 lr=0.001 bs=64
      val_loss=0.005906, best_epoch=43, runtime=0.1 min
    75/90 h=512 lr=0.001 bs=128
      val_loss=0.011812, best_epoch=40, runtime=0.0 min
    76/90 h=1024 lr=1e-05 bs=8
      val_loss=0.020973, best_epoch=86, runtime=1.0 min
    77/90 h=1024 lr=1e-05 bs=16
      val_loss=0.021239, best_epoch=134, runtime=0.6 min
    78/90 h=1024 lr=1e-05 bs=32
      val_loss=0.027732, best_epoch=183, runtime=0.4 min
    79/90 h=1024 lr=1e-05 bs=64
      val_loss=0.032792, best_epoch=260, runtime=0.3 min
    80/90 h=1024 lr=1e-05 bs=128
      val_loss=0.046649, best_epoch=355, runtime=0.2 min
    81/90 h=1024 lr=0.0001 bs=8
      val_loss=0.008714, best_epoch=27, runtime=0.5 min
    82/90 h=1024 lr=0.0001 bs=16
      val_loss=0.007788, best_epoch=46, runtime=0.6 min
    83/90 h=1024 lr=0.0001 bs=32
      val_loss=0.010966, best_epoch=57, runtime=0.4 min
    84/90 h=1024 lr=0.0001 bs=64
      val_loss=0.016776, best_epoch=60, runtime=0.2 min
    85/90 h=1024 lr=0.0001 bs=128
      val_loss=0.021293, best_epoch=100, runtime=0.1 min
    86/90 h=1024 lr=0.001 bs=8
      val_loss=0.006343, best_epoch=8, runtime=0.5 min
    87/90 h=1024 lr=0.001 bs=16
      val_loss=0.005580, best_epoch=14, runtime=0.4 min
    88/90 h=1024 lr=0.001 bs=32
      val_loss=0.004913, best_epoch=25, runtime=0.2 min
    89/90 h=1024 lr=0.001 bs=64
      val_loss=0.006988, best_epoch=28, runtime=0.1 min
    90/90 h=1024 lr=0.001 bs=128
      val_loss=0.008122, best_epoch=43, runtime=0.1 min
  Fold 5: accuracy=0.9690, balanced_accuracy=0.9404, macro_f1=0.9374

Completed analysis: primary
Summary: case2_results_new/primary/summary_mean_std.csv
