sample_id,DB,Participant,Trial,Leg_Used,analysis,method,fold,true_label,predicted_label,correct,predicted_probability
1,DB1,P27,DB1_P27_C3_T01_relabeled,L,primary,wf1_featurewise,1,DB1,DB1,True,0.9998687505722046
8,DB5,P05,DB5_P05_T22_l_slow_relabeled,L,primary,wf1_featurewise,1,DB5,DB5,True,0.9999871253967285
19,DB5,P05,DB5_P05_T36_r_slow_relabeled,L,primary,wf1_featurewise,1,DB5,DB5,True,0.9999960660934448
20,DB4,P55,DB4_P55_T04_relabeled,R,primary,wf1_featurewise,1,DB4,DB4,True,0.999994158744812
28,DB5,P08,DB5_P08_T03_r_fast_relabeled,L,primary,wf1_featurewise,1,DB5,DB5,True,0.999993085861206
33,DB5,P08,DB5_P08_T07_r_comf_relabeled,L,primary,wf1_featurewise,1,DB5,DB5,True,0.9999877214431763
35,DB4,P55,DB4_P55_T14_relabeled,R,primary,wf1_featurewise,1,DB4,DB4,True,0.9999971389770508
39,DB2,P08,DB2_P08_T02_-130_relabeled,L,primary,wf1_featurewise,1,DB2,DB2,True,0.9999802112579346
40,DB4,P24,DB4_P24_T21_relabeled,R,primary,wf1_featurewise,1,DB4,DB4,True,0.9999908208847046
41,DB4,P22,DB4_P22_T05_relabeled,R,primary,wf1_featurewise,1,DB4,DB4,True,0.9999322891235352
46,DB3,P01,DB3_P01_A_T12_relabeled,L,primary,wf1_featurewise,1,DB3,DB3,True,0.9324914216995239
50,DB5,P17,DB5_P17_T37_r_slow_relabeled,L,primary,wf1_featurewise,1,DB5,DB5,True,0.9958938360214233
60,DB5,P17,DB5_P17_T12_r_comf_relabeled,L,primary,wf1_featurewise,1,DB5,DB5,True,0.9847303032875061
62,DB2,P13,DB2_P13_T02_-130_relabeled,L,primary,wf1_featurewise,1,DB2,DB2,True,0.9999498128890991
63,DB5,P05,DB5_P05_T27_l_slow_relabeled,L,primary,wf1_featurewise,1,DB5,DB5,True,0.9999740123748779
65,DB4,P07,DB4_P07_T20_relabeled,R,primary,wf1_featurewise,1,DB4,DB4,True,0.9999973773956299
68,DB4,P51,DB4_P51_T11_relabeled,R,primary,wf1_featurewise,1,DB4,DB4,True,0.9999980926513672
86,DB4,P17,DB4_P17_T20_relabeled,R,primary,wf1_featurewise,1,DB4,DB4,True,0.9999940395355225
91,DB4,P22,DB4_P22_T15_relabeled,L,primary,wf1_featurewise,1,DB4,DB4,True,0.9982384443283081
95,DB4,P07,DB4_P07_T19_relabeled,R,primary,wf1_featurewise,1,DB4,DB4,True,0.999998927116394
97,DB4,P24,DB4_P24_T12_relabeled,L,primary,wf1_featurewise,1,DB4,DB4,True,0.9998776912689209
102,DB5,P17,DB5_P17_T04_l_comf_relabeled,L,primary,wf1_featurewise,1,DB5,DB5,True,0.997820258140564
103,DB5,P08,DB5_P08_T02_r_comf_relabeled,L,primary,wf1_featurewise,1,DB5,DB5,True,0.9999896287918091
106,DB1,P29,DB1_P29_C2_T03_relabeled,L,primary,wf1_featurewise,1,DB1,DB1,True,0.9999973773956299
109,DB4,P11,DB4_P11_T17_relabeled,L,primary,wf1_featurewise,1,DB4,DB4,True,0.9873954653739929
110,DB1,P27,DB1_P27_C2_T01_relabeled,L,primary,wf1_featurewise,1,DB1,DB1,True,0.9999918937683105
113,DB5,P11,DB5_P11_T21_r_comf_relabeled,L,primary,wf1_featurewise,1,DB5,DB5,True,0.9999969005584717
116,DB4,P07,DB4_P07_T03_relabeled,R,primary,wf1_featurewise,1,DB4,DB4,True,0.999998927116394
119,DB2,P08,DB2_P08_T05_65_relabeled,L,primary,wf1_featurewise,1,DB2,DB2,True,0.999991774559021
143,DB3,P02,DB3_P02_A_T01_relabeled,R,primary,wf1_featurewise,1,DB3,DB3,True,0.9998880624771118
153,DB4,P51,DB4_P51_T19_relabeled,R,primary,wf1_featurewise,1,DB4,DB4,True,0.9999988079071045
160,DB4,P29,DB4_P29_T14_relabeled,R,primary,wf1_featurewise,1,DB4,DB4,True,0.9999994039535522
162,DB4,P07,DB4_P07_T15_relabeled,R,primary,wf1_featurewise,1,DB4,DB4,True,0.9999992847442627
163,DB4,P22,DB4_P22_T06_relabeled,L,primary,wf1_featurewise,1,DB4,DB4,True,0.9971848130226135
164,DB5,P11,DB5_P11_T37_r_slow_relabeled,L,primary,wf1_featurewise,1,DB5,DB5,True,0.9999961853027344
165,DB3,P09,DB3_P09_A_T13,L,primary,wf1_featurewise,1,DB3,DB3,True,0.9835430383682251
166,DB5,P05,DB5_P05_T30_l_slow_relabeled,L,primary,wf1_featurewise,1,DB5,DB5,True,0.9999940395355225
174,DB4,P17,DB4_P17_T02_relabeled,R,primary,wf1_featurewise,1,DB4,DB4,True,0.9999991655349731
176,DB1,P29,DB1_P29_C1_T02_relabeled,L,primary,wf1_featurewise,1,DB1,DB1,True,0.999808132648468
183,DB4,P24,DB4_P24_T23_relabeled,R,primary,wf1_featurewise,1,DB4,DB4,True,0.9999803304672241
190,DB5,P17,DB5_P17_T18_r_comf_relabeled,L,primary,wf1_featurewise,1,DB5,DB5,True,0.9947195053100586
191,DB3,P09,DB3_P09_A_T02,R,primary,wf1_featurewise,1,DB3,DB3,True,0.9997879862785339
192,DB5,P17,DB5_P17_T26_l_slow_relabeled,L,primary,wf1_featurewise,1,DB5,DB5,True,0.998134195804596
198,DB4,P22,DB4_P22_T04_relabeled,R,primary,wf1_featurewise,1,DB4,DB4,True,0.9999942779541016
199,DB1,P29,DB1_P29_C3_T03_relabeled,L,primary,wf1_featurewise,1,DB1,DB1,True,0.9999388456344604
202,DB3,P02,DB3_P02_A_T05_relabeled,R,primary,wf1_featurewise,1,DB3,DB3,True,0.9997391104698181
209,DB4,P51,DB4_P51_T16_relabeled,R,primary,wf1_featurewise,1,DB4,DB4,True,0.9999985694885254
214,DB5,P11,DB5_P11_T32_l_slow_relabeled,L,primary,wf1_featurewise,1,DB5,DB5,True,0.9999983310699463
219,DB4,P22,DB4_P22_T21_relabeled,R,primary,wf1_featurewise,1,DB4,DB4,True,0.9999969005584717
222,DB2,P08,DB2_P08_T01_250_relabeled,L,primary,wf1_featurewise,1,DB2,DB2,True,0.9999892711639404
223,DB4,P24,DB4_P24_T10_relabeled,R,primary,wf1_featurewise,1,DB4,DB4,True,0.9999970197677612
235,DB1,P14,DB1_P14_C2_T03_relabeled,L,primary,wf1_featurewise,1,DB1,DB1,True,0.9998397827148438
239,DB4,P29,DB4_P29_T20_relabeled,R,primary,wf1_featurewise,1,DB4,DB4,True,0.9999997615814209
245,DB4,P51,DB4_P51_T18_relabeled,R,primary,wf1_featurewise,1,DB4,DB4,True,0.9999973773956299
247,DB3,P05,DB3_P05_A_T15_relabeled,R,primary,wf1_featurewise,1,DB3,DB3,True,0.9995397329330444
253,DB4,P29,DB4_P29_T16_relabeled,R,primary,wf1_featurewise,1,DB4,DB4,True,0.9999940395355225
258,DB3,P02,DB3_P02_A_T03_relabeled,R,primary,wf1_featurewise,1,DB3,DB3,True,0.9999308586120605
275,DB1,P50,DB1_P50_C3_T05_relabeled,L,primary,wf1_featurewise,1,DB1,DB1,True,0.9972549080848694
289,DB4,P51,DB4_P51_T12_relabeled,R,primary,wf1_featurewise,1,DB4,DB4,True,0.9999916553497314
297,DB5,P05,DB5_P05_T16_r_comf_relabeled,L,primary,wf1_featurewise,1,DB5,DB5,True,0.9999947547912598
300,DB1,P29,DB1_P29_C3_T02_relabeled,L,primary,wf1_featurewise,1,DB1,DB1,True,0.9999517202377319
303,DB5,P17,DB5_P17_T23_l_slow_relabeled,L,primary,wf1_featurewise,1,DB5,DB5,True,0.9962737560272217
304,DB4,P22,DB4_P22_T11_relabeled,L,primary,wf1_featurewise,1,DB4,DB4,True,0.9995872378349304
310,DB2,P13,DB2_P13_T04_-65_relabeled,L,primary,wf1_featurewise,1,DB2,DB2,True,0.9999978542327881
313,DB2,P08,DB2_P08_T04_130_relabeled,L,primary,wf1_featurewise,1,DB2,DB2,True,0.9999949932098389
318,DB5,P17,DB5_P17_T28_l_slow_relabeled,L,primary,wf1_featurewise,1,DB5,DB5,True,0.9917676448822021
319,DB2,P13,DB2_P13_T05_-130_relabeled,L,primary,wf1_featurewise,1,DB2,DB2,True,0.9999939203262329
325,DB5,P11,DB5_P11_T27_l_slow_relabeled,L,primary,wf1_featurewise,1,DB5,DB5,True,0.9999971389770508
327,DB2,P13,DB2_P13_T02_-65_relabeled,L,primary,wf1_featurewise,1,DB2,DB2,True,0.9999972581863403
337,DB2,P08,DB2_P08_T03_130_relabeled,L,primary,wf1_featurewise,1,DB2,DB2,True,0.9999951124191284
341,DB5,P11,DB5_P11_T24_l_slow_relabeled,L,primary,wf1_featurewise,1,DB5,DB5,True,0.9999889135360718
342,DB5,P08,DB5_P08_T01_r_fast_relabeled,L,primary,wf1_featurewise,1,DB5,DB5,True,0.9999915361404419
344,DB5,P17,DB5_P17_T22_l_slow_relabeled,L,primary,wf1_featurewise,1,DB5,DB5,True,0.9940723776817322
348,DB3,P02,DB3_P02_A_T06_relabeled,L,primary,wf1_featurewise,1,DB3,DB3,True,0.9997900128364563
352,DB2,P08,DB2_P08_T03_-130_relabeled,L,primary,wf1_featurewise,1,DB2,DB2,True,0.9999676942825317
354,DB5,P17,DB5_P17_T17_r_comf_relabeled,L,primary,wf1_featurewise,1,DB5,DB5,True,0.9948142766952515
355,DB4,P07,DB4_P07_T07_relabeled,R,primary,wf1_featurewise,1,DB4,DB4,True,0.999951958656311
359,DB4,P51,DB4_P51_T06_relabeled,R,primary,wf1_featurewise,1,DB4,DB4,True,0.9999986886978149
364,DB5,P17,DB5_P17_T16_r_comf_relabeled,L,primary,wf1_featurewise,1,DB5,DB5,True,0.9869409203529358
376,DB4,P22,DB4_P22_T03_relabeled,R,primary,wf1_featurewise,1,DB4,DB4,True,0.9999867677688599
378,DB4,P17,DB4_P17_T16_relabeled,R,primary,wf1_featurewise,1,DB4,DB4,True,0.9999977350234985
381,DB5,P05,DB5_P05_T35_r_slow_relabeled,L,primary,wf1_featurewise,1,DB5,DB5,True,0.9999970197677612
386,DB4,P55,DB4_P55_T19_relabeled,R,primary,wf1_featurewise,1,DB4,DB4,True,0.9999991655349731
387,DB4,P11,DB4_P11_T16_relabeled,L,primary,wf1_featurewise,1,DB4,DB4,True,0.9911894798278809
389,DB2,P08,DB2_P08_T05_p_relabeled,L,primary,wf1_featurewise,1,DB2,DB2,True,0.9999823570251465
391,DB4,P17,DB4_P17_T09_relabeled,R,primary,wf1_featurewise,1,DB4,DB4,True,0.9999970197677612
394,DB4,P22,DB4_P22_T12_relabeled,R,primary,wf1_featurewise,1,DB4,DB4,True,0.9999902248382568
396,DB3,P02,DB3_P02_A_T11_relabeled,R,primary,wf1_featurewise,1,DB3,DB3,True,0.9998742341995239
402,DB5,P11,DB5_P11_T12_l_comf_relabeled,L,primary,wf1_featurewise,1,DB5,DB5,True,0.9999871253967285
406,DB4,P55,DB4_P55_T20_relabeled,R,primary,wf1_featurewise,1,DB4,DB4,True,0.9999971389770508
408,DB3,P09,DB3_P09_A_T04,R,primary,wf1_featurewise,1,DB3,DB3,True,0.9990116357803345
409,DB2,P13,DB2_P13_T01_p_relabeled,L,primary,wf1_featurewise,1,DB2,DB2,True,0.9999721050262451
410,DB4,P24,DB4_P24_T18_relabeled,R,primary,wf1_featurewise,1,DB4,DB4,True,0.999995231628418
415,DB3,P01,DB3_P01_A_T08_relabeled,R,primary,wf1_featurewise,1,DB3,DB3,True,0.9743714332580566
434,DB4,P29,DB4_P29_T09_relabeled,R,primary,wf1_featurewise,1,DB4,DB4,True,0.9999992847442627
437,DB3,P02,DB3_P02_A_T13_relabeled,L,primary,wf1_featurewise,1,DB3,DB3,True,0.999788224697113
446,DB4,P07,DB4_P07_T21_relabeled,R,primary,wf1_featurewise,1,DB4,DB4,True,0.9999747276306152
454,DB4,P29,DB4_P29_T10_relabeled,R,primary,wf1_featurewise,1,DB4,DB4,True,0.9999397993087769
459,DB2,P08,DB2_P08_T04_-65_relabeled,L,primary,wf1_featurewise,1,DB2,DB2,True,0.9999158382415771
463,DB4,P17,DB4_P17_T18_relabeled,L,primary,wf1_featurewise,1,DB4,DB4,True,0.999786913394928
464,DB5,P05,DB5_P05_T20_r_comf_relabeled,L,primary,wf1_featurewise,1,DB5,DB5,True,0.9999970197677612
473,DB5,P17,DB5_P17_T33_r_slow_relabeled,L,primary,wf1_featurewise,1,DB5,DB5,True,0.9997517466545105
480,DB4,P55,DB4_P55_T10_relabeled,R,primary,wf1_featurewise,1,DB4,DB4,True,0.9999992847442627
488,DB4,P22,DB4_P22_T19_relabeled,L,primary,wf1_featurewise,1,DB4,DB4,True,0.9989251494407654
490,DB5,P11,DB5_P11_T01_l_comf_relabeled,L,primary,wf1_featurewise,1,DB5,DB5,True,0.999996542930603
496,DB5,P05,DB5_P05_T37_r_slow_relabeled,L,primary,wf1_featurewise,1,DB5,DB5,True,0.9999964237213135
501,DB4,P55,DB4_P55_T02_relabeled,R,primary,wf1_featurewise,1,DB4,DB4,True,0.999996542930603
513,DB4,P55,DB4_P55_T06_relabeled,R,primary,wf1_featurewise,1,DB4,DB4,True,0.9999932050704956
525,DB4,P07,DB4_P07_T14_relabeled,R,primary,wf1_featurewise,1,DB4,DB4,True,0.9999974966049194
527,DB5,P05,DB5_P05_T42_r_slow_relabeled,L,primary,wf1_featurewise,1,DB5,DB5,True,0.9999985694885254
530,DB4,P11,DB4_P11_T10_relabeled,L,primary,wf1_featurewise,1,DB4,DB4,True,0.9989504814147949
531,DB3,P01,DB3_P01_A_T05_relabeled,R,primary,wf1_featurewise,1,DB3,DB3,True,0.9995697140693665
536,DB5,P17,DB5_P17_T35_r_slow_relabeled,L,primary,wf1_featurewise,1,DB5,DB5,True,0.9961615800857544
543,DB5,P17,DB5_P17_T24_l_slow_relabeled,L,primary,wf1_featurewise,1,DB5,DB5,True,0.9990988969802856
544,DB4,P11,DB4_P11_T14_relabeled,R,primary,wf1_featurewise,1,DB4,DB4,True,0.9994568228721619
547,DB5,P11,DB5_P11_T09_l_comf_relabeled,L,primary,wf1_featurewise,1,DB5,DB5,True,0.9999963045120239
548,DB5,P08,DB5_P08_T02_r_fast_relabeled,L,primary,wf1_featurewise,1,DB5,DB5,True,0.9999924898147583
555,DB5,P05,DB5_P05_T31_l_slow_relabeled,L,primary,wf1_featurewise,1,DB5,DB5,True,0.9999948740005493
559,DB4,P51,DB4_P51_T03_relabeled,R,primary,wf1_featurewise,1,DB4,DB4,True,0.9999971389770508
562,DB4,P24,DB4_P24_T17_relabeled,R,primary,wf1_featurewise,1,DB4,DB4,True,0.9999924898147583
563,DB5,P05,DB5_P05_T26_l_slow_relabeled,L,primary,wf1_featurewise,1,DB5,DB5,True,0.9999934434890747
566,DB4,P51,DB4_P51_T14_relabeled,R,primary,wf1_featurewise,1,DB4,DB4,True,0.9999973773956299
569,DB3,P09,DB3_P09_A_T12,R,primary,wf1_featurewise,1,DB3,DB3,True,0.9998679161071777
578,DB4,P55,DB4_P55_T23_relabeled,R,primary,wf1_featurewise,1,DB4,DB4,True,0.9999973773956299
580,DB5,P05,DB5_P05_T23_l_slow_relabeled,L,primary,wf1_featurewise,1,DB5,DB5,True,0.9999852180480957
594,DB1,P29,DB1_P29_C2_T01_relabeled,L,primary,wf1_featurewise,1,DB1,DB1,True,0.9998948574066162
595,DB4,P55,DB4_P55_T12_relabeled,R,primary,wf1_featurewise,1,DB4,DB4,True,0.9999959468841553
602,DB2,P13,DB2_P13_T01_65_relabeled,L,primary,wf1_featurewise,1,DB2,DB2,True,0.9999966621398926
603,DB5,P17,DB5_P17_T25_l_slow_relabeled,L,primary,wf1_featurewise,1,DB5,DB5,True,0.9997499585151672
605,DB5,P17,DB5_P17_T15_r_comf_relabeled,L,primary,wf1_featurewise,1,DB5,DB5,True,0.9962198138237
610,DB4,P22,DB4_P22_T23_relabeled,R,primary,wf1_featurewise,1,DB4,DB4,True,0.9999971389770508
612,DB3,P05,DB3_P05_A_T16_relabeled,L,primary,wf1_featurewise,1,DB3,DB3,True,0.9951521158218384
613,DB3,P09,DB3_P09_A_T08,R,primary,wf1_featurewise,1,DB3,DB3,True,0.9998490810394287
619,DB4,P07,DB4_P07_T04_relabeled,R,primary,wf1_featurewise,1,DB4,DB4,True,0.9999945163726807
622,DB5,P17,DB5_P17_T38_r_slow_relabeled,L,primary,wf1_featurewise,1,DB5,DB5,True,0.9964093565940857
623,DB5,P05,DB5_P05_T25_l_slow_relabeled,L,primary,wf1_featurewise,1,DB5,DB5,True,0.9999963045120239
630,DB4,P07,DB4_P07_T18_relabeled,R,primary,wf1_featurewise,1,DB4,DB4,True,0.9999978542327881
644,DB1,P27,DB1_P27_C3_T04_relabeled,L,primary,wf1_featurewise,1,DB1,DB1,True,0.9998797178268433
662,DB4,P22,DB4_P22_T14_relabeled,R,primary,wf1_featurewise,1,DB4,DB4,True,0.9999467134475708
664,DB4,P51,DB4_P51_T02_relabeled,R,primary,wf1_featurewise,1,DB4,DB4,True,0.999998927116394
679,DB4,P24,DB4_P24_T22_relabeled,R,primary,wf1_featurewise,1,DB4,DB4,True,0.9999911785125732
693,DB5,P05,DB5_P05_T24_l_slow_relabeled,L,primary,wf1_featurewise,1,DB5,DB5,True,0.9999951124191284
699,DB4,P29,DB4_P29_T02_relabeled,R,primary,wf1_featurewise,1,DB4,DB4,True,0.9999988079071045
707,DB4,P17,DB4_P17_T04_relabeled,R,primary,wf1_featurewise,1,DB4,DB4,True,0.9999980926513672
713,DB5,P11,DB5_P11_T23_l_slow_relabeled,L,primary,wf1_featurewise,1,DB5,DB5,True,0.9999728202819824
724,DB4,P55,DB4_P55_T13_relabeled,R,primary,wf1_featurewise,1,DB4,DB4,True,0.9999368190765381
726,DB2,P13,DB2_P13_T01_-65_relabeled,L,primary,wf1_featurewise,1,DB2,DB2,True,0.9999939203262329
728,DB1,P25,DB1_P25_C2_T03_relabeled,R,primary,wf1_featurewise,1,DB1,DB1,True,0.9999831914901733
729,DB1,P29,DB1_P29_C3_T05_relabeled,L,primary,wf1_featurewise,1,DB1,DB1,True,0.9999123811721802
751,DB5,P17,DB5_P17_T31_r_slow_relabeled,L,primary,wf1_featurewise,1,DB5,DB5,True,0.9999347925186157
755,DB4,P11,DB4_P11_T12_relabeled,L,primary,wf1_featurewise,1,DB4,DB4,True,0.9893590211868286
768,DB4,P07,DB4_P07_T08_relabeled,R,primary,wf1_featurewise,1,DB4,DB4,True,0.9999982118606567
780,DB3,P01,DB3_P01_A_T10_relabeled,L,primary,wf1_featurewise,1,DB3,DB3,True,0.9986327290534973
785,DB3,P02,DB3_P02_A_T09_relabeled,R,primary,wf1_featurewise,1,DB3,DB3,True,0.9998444318771362
786,DB5,P11,DB5_P11_T35_r_slow_relabeled,L,primary,wf1_featurewise,1,DB5,DB5,True,0.9999977350234985
788,DB4,P24,DB4_P24_T24_relabeled,R,primary,wf1_featurewise,1,DB4,DB4,True,0.9999614953994751
791,DB4,P29,DB4_P29_T21_relabeled,R,primary,wf1_featurewise,1,DB4,DB4,True,0.9999902248382568
792,DB4,P55,DB4_P55_T08_relabeled,R,primary,wf1_featurewise,1,DB4,DB4,True,0.9999970197677612
793,DB3,P05,DB3_P05_A_T09_relabeled,L,primary,wf1_featurewise,1,DB3,DB3,True,0.9976473450660706
796,DB2,P13,DB2_P13_T03_130_relabeled,L,primary,wf1_featurewise,1,DB2,DB2,True,0.9999959468841553
800,DB4,P29,DB4_P29_T13_relabeled,R,primary,wf1_featurewise,1,DB4,DB4,True,0.9999995231628418
803,DB4,P24,DB4_P24_T15_relabeled,R,primary,wf1_featurewise,1,DB4,DB4,True,0.9999990463256836
809,DB5,P08,DB5_P08_T01_r_comf_relabeled,L,primary,wf1_featurewise,1,DB5,DB5,True,0.9999179840087891
810,DB3,P02,DB3_P02_A_T12_relabeled,L,primary,wf1_featurewise,1,DB3,DB3,True,0.9997357726097107
826,DB5,P17,DB5_P17_T08_l_comf_relabeled,L,primary,wf1_featurewise,1,DB5,DB5,True,0.9940205216407776
828,DB5,P11,DB5_P11_T31_l_slow_relabeled,L,primary,wf1_featurewise,1,DB5,DB5,True,0.9999977350234985
829,DB1,P50,DB1_P50_C2_T02_relabeled,L,primary,wf1_featurewise,1,DB1,DB1,True,0.9995527863502502
835,DB4,P22,DB4_P22_T10_relabeled,R,primary,wf1_featurewise,1,DB4,DB4,True,0.9999858140945435
865,DB1,P50,DB1_P50_C2_T05_relabeled,L,primary,wf1_featurewise,1,DB1,DB1,True,0.9996278285980225
869,DB2,P08,DB2_P08_T03_-65_relabeled,L,primary,wf1_featurewise,1,DB2,DB2,True,0.9999880790710449
870,DB4,P55,DB4_P55_T05_relabeled,R,primary,wf1_featurewise,1,DB4,DB4,True,0.9999990463256836
873,DB2,P08,DB2_P08_T02_p_relabeled,L,primary,wf1_featurewise,1,DB2,DB2,True,0.9999850988388062
874,DB4,P17,DB4_P17_T03_relabeled,R,primary,wf1_featurewise,1,DB4,DB4,True,0.9999995231628418
877,DB1,P44,DB1_P44_C3_T01_relabeled,L,primary,wf1_featurewise,1,DB1,DB1,True,0.9974868297576904
882,DB4,P51,DB4_P51_T09_relabeled,R,primary,wf1_featurewise,1,DB4,DB4,True,0.9999948740005493
885,DB1,P44,DB1_P44_C3_T02_relabeled,L,primary,wf1_featurewise,1,DB1,DB1,True,0.9888814091682434
893,DB3,P01,DB3_P01_A_T09_relabeled,L,primary,wf1_featurewise,1,DB3,DB3,True,0.9986671209335327
902,DB5,P08,DB5_P08_T05_r_fast_relabeled,L,primary,wf1_featurewise,1,DB5,DB5,True,0.999984622001648
911,DB4,P17,DB4_P17_T05_relabeled,R,primary,wf1_featurewise,1,DB4,DB4,True,0.9999984502792358
919,DB5,P05,DB5_P05_T06_l_comf_relabeled,L,primary,wf1_featurewise,1,DB5,DB5,True,0.9999744892120361
926,DB5,P11,DB5_P11_T33_r_slow_relabeled,L,primary,wf1_featurewise,1,DB5,DB5,True,0.9999942779541016
927,DB1,P44,DB1_P44_C2_T02_relabeled,L,primary,wf1_featurewise,1,DB1,DB1,True,0.9994650483131409
933,DB3,P05,DB3_P05_A_T05_relabeled,L,primary,wf1_featurewise,1,DB3,DB3,True,0.9927672147750854
936,DB5,P17,DB5_P17_T34_r_slow_relabeled,L,primary,wf1_featurewise,1,DB5,DB5,True,0.9988536834716797
949,DB3,P05,DB3_P05_A_T01_relabeled,L,primary,wf1_featurewise,1,DB3,DB3,True,0.9783840179443359
950,DB5,P17,DB5_P17_T36_r_slow_relabeled,L,primary,wf1_featurewise,1,DB5,DB5,True,0.9984138011932373
953,DB4,P07,DB4_P07_T02_relabeled,R,primary,wf1_featurewise,1,DB4,DB4,True,0.999998927116394
955,DB5,P11,DB5_P11_T36_r_slow_relabeled,L,primary,wf1_featurewise,1,DB5,DB5,True,0.9999958276748657
973,DB2,P13,DB2_P13_T03_p_relabeled,L,primary,wf1_featurewise,1,DB2,DB2,True,0.999592125415802
992,DB4,P29,DB4_P29_T08_relabeled,R,primary,wf1_featurewise,1,DB4,DB4,True,0.9999971389770508
993,DB5,P05,DB5_P05_T04_l_comf_relabeled,L,primary,wf1_featurewise,1,DB5,DB5,True,0.9999825954437256
1017,DB4,P29,DB4_P29_T06_relabeled,R,primary,wf1_featurewise,1,DB4,DB4,True,0.9999285936355591
1019,DB5,P08,DB5_P08_T04_r_fast_relabeled,L,primary,wf1_featurewise,1,DB5,DB5,True,0.9999921321868896
1032,DB1,P25,DB1_P25_C2_T05_relabeled,L,primary,wf1_featurewise,1,DB1,DB1,True,0.9999746084213257
1039,DB5,P05,DB5_P05_T40_r_slow_relabeled,L,primary,wf1_featurewise,1,DB5,DB5,True,0.9999977350234985
1040,DB5,P17,DB5_P17_T10_l_comf_relabeled,L,primary,wf1_featurewise,1,DB5,DB5,True,0.9987484216690063
1044,DB5,P11,DB5_P11_T40_r_slow_relabeled,L,primary,wf1_featurewise,1,DB5,DB5,True,0.9999971389770508
1049,DB4,P55,DB4_P55_T15_relabeled,R,primary,wf1_featurewise,1,DB4,DB4,True,0.999972939491272
1059,DB4,P17,DB4_P17_T06_relabeled,R,primary,wf1_featurewise,1,DB4,DB4,True,0.9999994039535522
1060,DB5,P05,DB5_P05_T14_r_comf_relabeled,L,primary,wf1_featurewise,1,DB5,DB5,True,0.9999980926513672
1061,DB1,P27,DB1_P27_C2_T05_relabeled,L,primary,wf1_featurewise,1,DB1,DB1,True,0.9999924898147583
1063,DB1,P29,DB1_P29_C3_T04_relabeled,L,primary,wf1_featurewise,1,DB1,DB1,True,0.9999270439147949
1067,DB1,P14,DB1_P14_C1_T02_relabeled,L,primary,wf1_featurewise,1,DB1,DB1,True,0.9998754262924194
1071,DB1,P44,DB1_P44_C2_T04_relabeled,L,primary,wf1_featurewise,1,DB1,DB1,True,0.999969482421875
1079,DB4,P29,DB4_P29_T07_relabeled,R,primary,wf1_featurewise,1,DB4,DB4,True,0.9999957084655762
1080,DB1,P50,DB1_P50_C2_T03_relabeled,L,primary,wf1_featurewise,1,DB1,DB1,True,0.9996359348297119
1082,DB3,P05,DB3_P05_A_T08_relabeled,R,primary,wf1_featurewise,1,DB3,DB3,True,0.9966843724250793
1084,DB4,P17,DB4_P17_T19_relabeled,R,primary,wf1_featurewise,1,DB4,DB4,True,0.9999992847442627
1095,DB4,P22,DB4_P22_T07_relabeled,R,primary,wf1_featurewise,1,DB4,DB4,True,0.9999982118606567
1097,DB5,P17,DB5_P17_T09_l_comf_relabeled,L,primary,wf1_featurewise,1,DB5,DB5,True,0.9983031749725342
1100,DB4,P29,DB4_P29_T15_relabeled,R,primary,wf1_featurewise,1,DB4,DB4,True,0.9999996423721313
1101,DB2,P13,DB2_P13_T03_-130_relabeled,L,primary,wf1_featurewise,1,DB2,DB2,True,0.9999833106994629
1103,DB5,P11,DB5_P11_T39_r_slow_relabeled,L,primary,wf1_featurewise,1,DB5,DB5,True,0.9999986886978149
1104,DB2,P08,DB2_P08_T04_250_relabeled,L,primary,wf1_featurewise,1,DB2,DB2,True,0.9999843835830688
1106,DB1,P29,DB1_P29_C1_T04_relabeled,L,primary,wf1_featurewise,1,DB1,DB1,True,0.999987006187439
1115,DB5,P17,DB5_P17_T07_l_comf_relabeled,L,primary,wf1_featurewise,1,DB5,DB5,True,0.9996422529220581
1116,DB3,P05,DB3_P05_A_T10_relabeled,R,primary,wf1_featurewise,1,DB3,DB3,True,0.9982519745826721
1121,DB5,P05,DB5_P05_T11_l_comf_relabeled,L,primary,wf1_featurewise,1,DB5,DB5,True,0.999977707862854
1133,DB5,P11,DB5_P11_T17_r_comf_relabeled,L,primary,wf1_featurewise,1,DB5,DB5,True,0.9999978542327881
1134,DB3,P01,DB3_P01_A_T04_relabeled,L,primary,wf1_featurewise,1,DB3,DB3,True,0.9982499480247498
1136,DB4,P55,DB4_P55_T07_relabeled,R,primary,wf1_featurewise,1,DB4,DB4,True,0.9999945163726807
1138,DB1,P25,DB1_P25_C2_T02_relabeled,L,primary,wf1_featurewise,1,DB1,DB1,True,0.9999758005142212
1143,DB4,P17,DB4_P17_T13_relabeled,R,primary,wf1_featurewise,1,DB4,DB4,True,0.9999949932098389
1152,DB5,P11,DB5_P11_T26_l_slow_relabeled,L,primary,wf1_featurewise,1,DB5,DB5,True,0.9999980926513672
1156,DB3,P05,DB3_P05_A_T11_relabeled,R,primary,wf1_featurewise,1,DB3,DB3,True,0.9985384941101074
1157,DB4,P07,DB4_P07_T22_relabeled,R,primary,wf1_featurewise,1,DB4,DB4,True,0.9999973773956299
1158,DB2,P08,DB2_P08_T01_p_relabeled,L,primary,wf1_featurewise,1,DB2,DB2,True,0.9999915361404419
1160,DB2,P13,DB2_P13_T03_-65_relabeled,L,primary,wf1_featurewise,1,DB2,DB2,True,0.9999972581863403
1162,DB4,P22,DB4_P22_T13_relabeled,R,primary,wf1_featurewise,1,DB4,DB4,True,0.8037194609642029
1163,DB5,P17,DB5_P17_T40_r_slow_relabeled,L,primary,wf1_featurewise,1,DB5,DB5,True,0.9948540329933167
1174,DB4,P07,DB4_P07_T11_relabeled,R,primary,wf1_featurewise,1,DB4,DB4,True,0.9999977350234985
1175,DB5,P05,DB5_P05_T29_l_slow_relabeled,L,primary,wf1_featurewise,1,DB5,DB5,True,0.9999945163726807
1191,DB5,P11,DB5_P11_T20_r_comf_relabeled,L,primary,wf1_featurewise,1,DB5,DB5,True,0.9999969005584717
1192,DB5,P17,DB5_P17_T30_l_slow_relabeled,L,primary,wf1_featurewise,1,DB5,DB5,True,0.9968173503875732
1196,DB4,P51,DB4_P51_T05_relabeled,R,primary,wf1_featurewise,1,DB4,DB4,True,0.9999945163726807
1198,DB5,P05,DB5_P05_T21_r_comf_relabeled,L,primary,wf1_featurewise,1,DB5,DB5,True,0.9999963045120239
1204,DB4,P24,DB4_P24_T019_relabeled,R,primary,wf1_featurewise,1,DB4,DB4,True,0.9999983310699463
1205,DB5,P17,DB5_P17_T21_l_slow_relabeled,L,primary,wf1_featurewise,1,DB5,DB5,True,0.9988964796066284
1210,DB2,P13,DB2_P13_T02_65_relabeled,L,primary,wf1_featurewise,1,DB2,DB2,True,0.9999959468841553
1217,DB5,P05,DB5_P05_T33_r_slow_relabeled,L,primary,wf1_featurewise,1,DB5,DB5,True,0.9999972581863403
1241,DB5,P05,DB5_P05_T41_r_slow_relabeled,L,primary,wf1_featurewise,1,DB5,DB5,True,0.9999960660934448
1244,DB3,P09,DB3_P09_A_T10,R,primary,wf1_featurewise,1,DB3,DB3,True,0.9997615218162537
1249,DB4,P11,DB4_P11_T07_relabeled,R,primary,wf1_featurewise,1,DB4,DB4,True,0.9999302625656128
1259,DB4,P24,DB4_P24_T05_relabeled,R,primary,wf1_featurewise,1,DB4,DB4,True,0.9999990463256836
1262,DB1,P27,DB1_P27_C1_T03_relabeled,L,primary,wf1_featurewise,1,DB1,DB1,True,0.9994702935218811
1266,DB4,P51,DB4_P51_T08_relabeled,R,primary,wf1_featurewise,1,DB4,DB4,True,0.9999985694885254
1274,DB5,P17,DB5_P17_T11_r_comf_relabeled,L,primary,wf1_featurewise,1,DB5,DB5,True,0.9926458597183228
1275,DB4,P17,DB4_P17_T10_relabeled,R,primary,wf1_featurewise,1,DB4,DB4,True,0.9999885559082031
1279,DB2,P08,DB2_P08_T04_-130_relabeled,L,primary,wf1_featurewise,1,DB2,DB2,True,0.999990701675415
1282,DB3,P05,DB3_P05_A_T04_relabeled,R,primary,wf1_featurewise,1,DB3,DB3,True,0.9972250461578369
1283,DB2,P13,DB2_P13_T04_130_relabeled,L,primary,wf1_featurewise,1,DB2,DB2,True,0.999993085861206
1287,DB5,P05,DB5_P05_T38_r_slow_relabeled,L,primary,wf1_featurewise,1,DB5,DB5,True,0.9999978542327881
1288,DB5,P05,DB5_P05_T17_r_comf_relabeled,L,primary,wf1_featurewise,1,DB5,DB5,True,0.9999959468841553
1292,DB5,P11,DB5_P11_T18_r_comf_relabeled,L,primary,wf1_featurewise,1,DB5,DB5,True,0.9999983310699463
1304,DB4,P22,DB4_P22_T08_relabeled,R,primary,wf1_featurewise,1,DB4,DB4,True,0.9999769926071167
1307,DB4,P11,DB4_P11_T21_relabeled,L,primary,wf1_featurewise,1,DB4,DB4,True,0.9847496747970581
1311,DB3,P01,DB3_P01_A_T15_relabeled,R,primary,wf1_featurewise,1,DB3,DB3,True,0.9997439980506897
1314,DB5,P11,DB5_P11_T29_l_slow_relabeled,L,primary,wf1_featurewise,1,DB5,DB5,True,0.9999352693557739
1316,DB1,P29,DB1_P29_C1_T01_relabeled,L,primary,wf1_featurewise,1,DB1,DB1,True,0.9999741315841675
1317,DB3,P02,DB3_P02_A_T07_relabeled,R,primary,wf1_featurewise,1,DB3,DB3,True,0.9999014139175415
1323,DB4,P17,DB4_P17_T08_relabeled,L,primary,wf1_featurewise,1,DB4,DB4,True,0.9996373653411865
1326,DB4,P11,DB4_P11_T11_relabeled,R,primary,wf1_featurewise,1,DB4,DB4,True,0.9994297623634338
1329,DB5,P05,DB5_P05_T32_l_slow_relabeled,L,primary,wf1_featurewise,1,DB5,DB5,True,0.9999879598617554
1331,DB2,P13,DB2_P13_T04_65_relabeled,L,primary,wf1_featurewise,1,DB2,DB2,True,0.9999947547912598
1340,DB4,P17,DB4_P17_T12_relabeled,L,primary,wf1_featurewise,1,DB4,DB4,True,0.9998252987861633
1344,DB2,P08,DB2_P08_T02_130_relabeled,L,primary,wf1_featurewise,1,DB2,DB2,True,0.9999936819076538
1362,DB5,P05,DB5_P05_T19_r_comf_relabeled,L,primary,wf1_featurewise,1,DB5,DB5,True,0.999997615814209
1363,DB5,P17,DB5_P17_T20_r_comf_relabeled,L,primary,wf1_featurewise,1,DB5,DB5,True,0.9968979358673096
1369,DB4,P55,DB4_P55_T03_relabeled,R,primary,wf1_featurewise,1,DB4,DB4,True,0.999980092048645
1378,DB5,P05,DB5_P05_T15_r_comf_relabeled,L,primary,wf1_featurewise,1,DB5,DB5,True,0.9999949932098389
1379,DB4,P07,DB4_P07_T10_relabeled,R,primary,wf1_featurewise,1,DB4,DB4,True,0.9999885559082031
1388,DB4,P07,DB4_P07_T17_relabeled,R,primary,wf1_featurewise,1,DB4,DB4,True,0.9999966621398926
1393,DB3,P09,DB3_P09_A_T05,L,primary,wf1_featurewise,1,DB3,DB3,True,0.9871441721916199
1400,DB5,P11,DB5_P11_T02_l_comf_relabeled,L,primary,wf1_featurewise,1,DB5,DB5,True,0.9999967813491821
1404,DB1,P29,DB1_P29_C1_T03_relabeled,L,primary,wf1_featurewise,1,DB1,DB1,True,0.9999853372573853
1406,DB5,P17,DB5_P17_T27_l_slow_relabeled,L,primary,wf1_featurewise,1,DB5,DB5,True,0.9906536936759949
1409,DB1,P29,DB1_P29_C2_T02_relabeled,L,primary,wf1_featurewise,1,DB1,DB1,True,0.9999939203262329
1414,DB2,P08,DB2_P08_T04_65_relabeled,L,primary,wf1_featurewise,1,DB2,DB2,True,0.9999940395355225
1416,DB4,P24,DB4_P24_T07_relabeled,R,primary,wf1_featurewise,1,DB4,DB4,True,0.9999827146530151
1420,DB5,P08,DB5_P08_T10_r_comf_relabeled,L,primary,wf1_featurewise,1,DB5,DB5,True,0.9999569654464722
1422,DB4,P29,DB4_P29_T18_relabeled,R,primary,wf1_featurewise,1,DB4,DB4,True,0.9999986886978149
1430,DB2,P08,DB2_P08_T03_p_relabeled,L,primary,wf1_featurewise,1,DB2,DB2,True,0.9999607801437378
1433,DB3,P05,DB3_P05_A_T03_relabeled,L,primary,wf1_featurewise,1,DB3,DB3,True,0.9855822920799255
1439,DB5,P08,DB5_P08_T04_r_comf_relabeled,L,primary,wf1_featurewise,1,DB5,DB5,True,0.9999469518661499
1456,DB2,P13,DB2_P13_T05_-65_relabeled,L,primary,wf1_featurewise,1,DB2,DB2,True,0.9999949932098389
1465,DB3,P01,DB3_P01_A_T07_relabeled,R,primary,wf1_featurewise,1,DB3,DB3,True,0.9997768998146057
1466,DB4,P22,DB4_P22_T09_relabeled,R,primary,wf1_featurewise,1,DB4,DB4,True,0.999963641166687
1468,DB4,P11,DB4_P11_T18_relabeled,L,primary,wf1_featurewise,1,DB4,DB4,True,0.9966249465942383
1472,DB5,P11,DB5_P11_T16_r_comf_relabeled,L,primary,wf1_featurewise,1,DB5,DB5,True,0.999998927116394
1476,DB3,P09,DB3_P09_A_T07,L,primary,wf1_featurewise,1,DB3,DB3,True,0.9952291250228882
1479,DB4,P17,DB4_P17_T14_relabeled,R,primary,wf1_featurewise,1,DB4,DB4,True,0.9999991655349731
1480,DB5,P05,DB5_P05_T18_r_comf_relabeled,L,primary,wf1_featurewise,1,DB5,DB5,True,0.9999961853027344
1491,DB4,P22,DB4_P22_T16_relabeled,R,primary,wf1_featurewise,1,DB4,DB4,True,0.9999734163284302
1492,DB4,P29,DB4_P29_T04_relabeled,R,primary,wf1_featurewise,1,DB4,DB4,True,0.9999982118606567
1496,DB4,P29,DB4_P29_T19_relabeled,R,primary,wf1_featurewise,1,DB4,DB4,True,0.999993085861206
1503,DB5,P17,DB5_P17_T32_r_slow_relabeled,L,primary,wf1_featurewise,1,DB5,DB5,True,0.9998660087585449
1521,DB5,P17,DB5_P17_T02_l_comf_relabeled,L,primary,wf1_featurewise,1,DB5,DB5,True,0.9878771305084229
1536,DB4,P11,DB4_P11_T04_relabeled,R,primary,wf1_featurewise,1,DB4,DB4,True,0.999988317489624
1540,DB5,P17,DB5_P17_T29_l_slow_relabeled,L,primary,wf1_featurewise,1,DB5,DB5,True,0.992368757724762
1548,DB5,P11,DB5_P11_T15_r_comf_relabeled,R,primary,wf1_featurewise,1,DB5,DB5,True,0.9964368343353271
1558,DB5,P17,DB5_P17_T19_r_comf_relabeled,L,primary,wf1_featurewise,1,DB5,DB5,True,0.9947295784950256
1560,DB4,P22,DB4_P22_T02_relabeled,R,primary,wf1_featurewise,1,DB4,DB4,True,0.9999891519546509
1567,DB5,P17,DB5_P17_T03_l_comf_relabeled,L,primary,wf1_featurewise,1,DB5,DB5,True,0.9984834790229797
1568,DB1,P25,DB1_P25_C2_T01_relabeled,L,primary,wf1_featurewise,1,DB1,DB1,True,0.9999947547912598
1576,DB2,P13,DB2_P13_T05_p_relabeled,L,primary,wf1_featurewise,1,DB2,DB2,True,0.999277651309967
1587,DB2,P08,DB2_P08_T01_130_relabeled,L,primary,wf1_featurewise,1,DB2,DB2,True,0.9999821186065674
1588,DB5,P05,DB5_P05_T34_r_slow_relabeled,L,primary,wf1_featurewise,1,DB5,DB5,True,0.9999974966049194
1595,DB5,P17,DB5_P17_T39_r_slow_relabeled,L,primary,wf1_featurewise,1,DB5,DB5,True,0.9961187839508057
1596,DB2,P08,DB2_P08_T03_65_relabeled,L,primary,wf1_featurewise,1,DB2,DB2,True,0.9999929666519165
1597,DB5,P05,DB5_P05_T28_l_slow_relabeled,L,primary,wf1_featurewise,1,DB5,DB5,True,0.999980092048645
1598,DB5,P11,DB5_P11_T42_r_slow_relabeled,L,primary,wf1_featurewise,1,DB5,DB5,True,0.999997615814209
1605,DB4,P22,DB4_P22_T17_relabeled,L,primary,wf1_featurewise,1,DB4,DB4,True,0.9996473789215088
1606,DB3,P09,DB3_P09_A_T06,R,primary,wf1_featurewise,1,DB3,DB3,True,0.9994410872459412
1608,DB4,P51,DB4_P51_T04_relabeled,R,primary,wf1_featurewise,1,DB4,DB4,True,0.9999890327453613
1612,DB2,P13,DB2_P13_T05_65_relabeled,L,primary,wf1_featurewise,1,DB2,DB2,True,0.9999946355819702
1616,DB5,P08,DB5_P08_T09_r_comf_relabeled,L,primary,wf1_featurewise,1,DB5,DB5,True,0.9999592304229736
1624,DB4,P11,DB4_P11_T09_relabeled,L,primary,wf1_featurewise,1,DB4,DB4,True,0.9906188249588013
1626,DB4,P29,DB4_P29_T05_relabeled,R,primary,wf1_featurewise,1,DB4,DB4,True,0.9999992847442627
1632,DB2,P13,DB2_P13_T05_130_relabeled,L,primary,wf1_featurewise,1,DB2,DB2,True,0.999977707862854
1633,DB1,P29,DB1_P29_C3_T01_relabeled,L,primary,wf1_featurewise,1,DB1,DB1,True,0.9999474287033081
1639,DB5,P11,DB5_P11_T43_r_slow_relabeled,L,primary,wf1_featurewise,1,DB5,DB5,True,0.9999784231185913
1643,DB5,P11,DB5_P11_T30_l_slow_relabeled,L,primary,wf1_featurewise,1,DB5,DB5,True,0.9999942779541016
1644,DB2,P13,DB2_P13_T02_130_relabeled,L,primary,wf1_featurewise,1,DB2,DB2,True,0.9999954700469971
1646,DB4,P17,DB4_P17_T15_relabeled,L,primary,wf1_featurewise,1,DB4,DB4,True,0.997160792350769
1647,DB5,P17,DB5_P17_T05_l_comf_relabeled,L,primary,wf1_featurewise,1,DB5,DB5,True,0.9918180704116821
1651,DB1,P27,DB1_P27_C3_T02_relabeled,L,primary,wf1_featurewise,1,DB1,DB1,True,0.9998887777328491
1652,DB4,P07,DB4_P07_T12_relabeled,R,primary,wf1_featurewise,1,DB4,DB4,True,0.9999977350234985
1658,DB5,P11,DB5_P11_T07_l_comf_relabeled,L,primary,wf1_featurewise,1,DB5,DB5,True,0.9999942779541016
1659,DB5,P11,DB5_P11_T05_l_comf_relabeled,L,primary,wf1_featurewise,1,DB5,DB5,True,0.9999929666519165
1676,DB5,P11,DB5_P11_T38_r_slow_relabeled,L,primary,wf1_featurewise,1,DB5,DB5,True,0.999995231628418
1684,DB5,P05,DB5_P05_T13_r_comf_relabeled,L,primary,wf1_featurewise,1,DB5,DB5,True,0.999997615814209
1686,DB5,P11,DB5_P11_T03_l_comf_relabeled,L,primary,wf1_featurewise,1,DB5,DB5,True,0.9999959468841553
1691,DB5,P08,DB5_P08_T08_r_comf_relabeled,L,primary,wf1_featurewise,1,DB5,DB5,True,0.9999895095825195
1708,DB4,P51,DB4_P51_T20_relabeled,R,primary,wf1_featurewise,1,DB4,DB4,True,0.9999692440032959
1714,DB4,P11,DB4_P11_T02_relabeled,R,primary,wf1_featurewise,1,DB4,DB4,True,0.9999547004699707
1716,DB5,P11,DB5_P11_T34_r_slow_relabeled,L,primary,wf1_featurewise,1,DB5,DB5,True,0.9999874830245972
1717,DB3,P09,DB3_P09_A_T01,R,primary,wf1_featurewise,1,DB3,DB3,True,0.9998971223831177
1724,DB5,P17,DB5_P17_T14_r_comf_relabeled,L,primary,wf1_featurewise,1,DB5,DB5,True,0.9888631105422974
1731,DB2,P13,DB2_P13_T03_65_relabeled,L,primary,wf1_featurewise,1,DB2,DB2,True,0.9999964237213135
1734,DB2,P13,DB2_P13_T04_p_relabeled,L,primary,wf1_featurewise,1,DB2,DB2,True,0.9997490048408508
1737,DB4,P55,DB4_P55_T21_relabeled,R,primary,wf1_featurewise,1,DB4,DB4,True,0.9999940395355225
1748,DB5,P17,DB5_P17_T13_r_comf_relabeled,L,primary,wf1_featurewise,1,DB5,DB5,True,0.9968565702438354
1749,DB3,P01,DB3_P01_A_T06_relabeled,R,primary,wf1_featurewise,1,DB3,DB3,True,0.9994106292724609
1753,DB4,P22,DB4_P22_T18_relabeled,R,primary,wf1_featurewise,1,DB4,DB4,True,0.999994158744812
1762,DB2,P13,DB2_P13_T01_130_relabeled,L,primary,wf1_featurewise,1,DB2,DB2,True,0.9999977350234985
1764,DB3,P02,DB3_P02_A_T08_relabeled,L,primary,wf1_featurewise,1,DB3,DB3,True,0.9996870756149292
1766,DB2,P13,DB2_P13_T03_250_relabeled,L,primary,wf1_featurewise,1,DB2,DB2,True,0.9999926090240479
1774,DB5,P08,DB5_P08_T05_r_comf_relabeled,L,primary,wf1_featurewise,1,DB5,DB5,True,0.9999792575836182
1778,DB4,P51,DB4_P51_T17_relabeled,R,primary,wf1_featurewise,1,DB4,DB4,True,0.999977707862854
1780,DB3,P09,DB3_P09_A_T11,L,primary,wf1_featurewise,1,DB3,DB3,True,0.993860125541687
1781,DB2,P13,DB2_P13_T01_250_relabeled,L,primary,wf1_featurewise,1,DB2,DB2,True,0.9999953508377075
1801,DB2,P08,DB2_P08_T05_130_relabeled,L,primary,wf1_featurewise,1,DB2,DB2,True,0.9999868869781494
1807,DB2,P13,DB2_P13_T05_250_relabeled,L,primary,wf1_featurewise,1,DB2,DB2,True,0.9999531507492065
1808,DB4,P07,DB4_P07_T16_relabeled,R,primary,wf1_featurewise,1,DB4,DB4,True,0.9999985694885254
1813,DB5,P11,DB5_P11_T10_l_comf_relabeled,L,primary,wf1_featurewise,1,DB5,DB5,True,0.9999861717224121
1816,DB5,P11,DB5_P11_T08_l_comf_relabeled,L,primary,wf1_featurewise,1,DB5,DB5,True,0.9999935626983643
1817,DB5,P17,DB5_P17_T01_l_comf_relabeled,L,primary,wf1_featurewise,1,DB5,DB5,True,0.9752264022827148
1828,DB5,P08,DB5_P08_T03_r_comf_relabeled,L,primary,wf1_featurewise,1,DB5,DB5,True,0.9999805688858032
1831,DB5,P08,DB5_P08_T06_r_comf_relabeled,L,primary,wf1_featurewise,1,DB5,DB5,True,0.9998937845230103
1837,DB2,P13,DB2_P13_T02_p_relabeled,L,primary,wf1_featurewise,1,DB2,DB2,True,0.9998652935028076
1839,DB1,P50,DB1_P50_C2_T04_relabeled,L,primary,wf1_featurewise,1,DB1,DB1,True,0.9992895126342773
1849,DB5,P17,DB5_P17_T06_l_comf_relabeled,L,primary,wf1_featurewise,1,DB5,DB5,True,0.9997010827064514
1857,DB4,P07,DB4_P07_T13_relabeled,R,primary,wf1_featurewise,1,DB4,DB4,True,0.9999980926513672
1864,DB4,P17,DB4_P17_T17_relabeled,L,primary,wf1_featurewise,1,DB4,DB4,True,0.9994250535964966
1866,DB2,P08,DB2_P08_T01_-65_relabeled,L,primary,wf1_featurewise,1,DB2,DB2,True,0.9998852014541626
1874,DB2,P13,DB2_P13_T02_250_relabeled,L,primary,wf1_featurewise,1,DB2,DB2,True,0.999993085861206
1876,DB5,P11,DB5_P11_T41_r_slow_relabeled,L,primary,wf1_featurewise,1,DB5,DB5,True,0.9999959468841553
1880,DB5,P05,DB5_P05_T39_r_slow_relabeled,L,primary,wf1_featurewise,1,DB5,DB5,True,0.9999958276748657
1890,DB4,P55,DB4_P55_T16_relabeled,R,primary,wf1_featurewise,1,DB4,DB4,True,0.9999994039535522
1892,DB1,P29,DB1_P29_C2_T04_relabeled,L,primary,wf1_featurewise,1,DB1,DB1,True,0.9999911785125732
1899,DB4,P17,DB4_P17_T21_relabeled,R,primary,wf1_featurewise,1,DB4,DB4,True,0.9999988079071045
0,DB4,P54,DB4_P54_T20_relabeled,R,primary,wf1_featurewise,2,DB4,DB4,True,0.9999997615814209
4,DB5,P13,DB5_P13_T02_l_comf_relabeled,L,primary,wf1_featurewise,2,DB5,DB5,True,0.9999998807907104
5,DB4,P48,DB4_P48_T21_relabeled,R,primary,wf1_featurewise,2,DB4,DB4,True,0.9999994039535522
11,DB5,P16,DB5_P16_T13_r_comf_relabeled,L,primary,wf1_featurewise,2,DB5,DB5,True,0.9999997615814209
18,DB3,P04,DB3_P04_A_T12_relabeled,R,primary,wf1_featurewise,2,DB3,DB3,True,0.9993788003921509
22,DB4,P56,DB4_P56_T18_relabeled,R,primary,wf1_featurewise,2,DB4,DB4,True,1.0
23,DB3,P14,DB3_P14_A_T12_relabeled,L,primary,wf1_featurewise,2,DB3,DB3,True,0.9995328187942505
31,DB5,P24,DB5_P24_T14_r_comf_relabeled,R,primary,wf1_featurewise,2,DB5,DB5,True,0.9999861717224121
37,DB4,P56,DB4_P56_T04_relabeled,R,primary,wf1_featurewise,2,DB4,DB4,True,0.9999997615814209
42,DB3,P14,DB3_P14_A_T27_relabeled,L,primary,wf1_featurewise,2,DB3,DB3,True,0.9448601007461548
44,DB5,P16,DB5_P16_T34_r_slow_relabeled,L,primary,wf1_featurewise,2,DB5,DB5,True,1.0
66,DB5,P20,DB5_P20_T22_r_comf_relabeled,L,primary,wf1_featurewise,2,DB5,DB5,True,1.0
67,DB4,P06,DB4_P06_T05_relabeled,R,primary,wf1_featurewise,2,DB4,DB4,True,0.9999988079071045
82,DB2,P09,DB2_P09_T01_65_relabeled,L,primary,wf1_featurewise,2,DB2,DB2,True,0.9999998807907104
89,DB3,P08,DB3_P08_A_T09_relabeled,R,primary,wf1_featurewise,2,DB3,DB3,True,0.999186098575592
93,DB5,P02,DB5_P02_T14_r_comf_relabeled,R,primary,wf1_featurewise,2,DB5,DB5,True,1.0
104,DB2,P10,DB2_P10_T05_-65_relabeled,L,primary,wf1_featurewise,2,DB2,DB2,True,1.0
105,DB5,P13,DB5_P13_T11_r_comf_relabeled,L,primary,wf1_featurewise,2,DB5,DB5,True,1.0
107,DB4,P15,DB4_P15_T02_relabeled,R,primary,wf1_featurewise,2,DB4,DB4,True,0.9999997615814209
112,DB5,P16,DB5_P16_T36_r_slow_relabeled,L,primary,wf1_featurewise,2,DB5,DB5,True,0.9999998807907104
121,DB5,P20,DB5_P20_T30_l_slow_relabeled,L,primary,wf1_featurewise,2,DB5,DB5,True,1.0
126,DB3,P20,DB3_P20_A_T08,L,primary,wf1_featurewise,2,DB3,DB3,True,0.9533436298370361
129,DB2,P10,DB2_P10_T02_65_relabeled,L,primary,wf1_featurewise,2,DB2,DB2,True,1.0
132,DB5,P16,DB5_P16_T04_l_comf_relabeled,L,primary,wf1_featurewise,2,DB5,DB5,True,1.0
134,DB3,P08,DB3_P08_A_T06_relabeled,L,primary,wf1_featurewise,2,DB3,DB3,True,0.9988322854042053
140,DB4,P15,DB4_P15_T05_relabeled,R,primary,wf1_featurewise,2,DB4,DB4,True,0.9999393224716187
155,DB2,P10,DB2_P10_T02_130_relabeled,L,primary,wf1_featurewise,2,DB2,DB2,True,1.0
158,DB5,P16,DB5_P16_T18_r_comf_relabeled,L,primary,wf1_featurewise,2,DB5,DB5,True,1.0
161,DB3,P14,DB3_P14_A_T21_relabeled,L,primary,wf1_featurewise,2,DB3,DB3,True,0.9995850920677185
182,DB5,P13,DB5_P13_T15_r_comf_relabeled,L,primary,wf1_featurewise,2,DB5,DB5,True,1.0
195,DB1,P07,DB1_P07_C2_T03_relabeled,L,primary,wf1_featurewise,2,DB1,DB1,True,0.9991757273674011
196,DB5,P16,DB5_P16_T06_l_comf_relabeled,L,primary,wf1_featurewise,2,DB5,DB5,True,1.0
203,DB5,P20,DB5_P20_T16_r_comf_relabeled,L,primary,wf1_featurewise,2,DB5,DB5,True,1.0
204,DB3,P20,DB3_P20_A_T13,L,primary,wf1_featurewise,2,DB3,DB3,True,0.9996621608734131
205,DB3,P04,DB3_P04_A_T05_relabeled,L,primary,wf1_featurewise,2,DB3,DB3,True,0.9967827796936035
212,DB4,P54,DB4_P54_T02_relabeled,R,primary,wf1_featurewise,2,DB4,DB4,True,0.9999997615814209
226,DB1,P12,DB1_P12_C2_T02_relabeled,L,primary,wf1_featurewise,2,DB1,DB1,True,0.9986363053321838
227,DB4,P06,DB4_P06_T04_relabeled,R,primary,wf1_featurewise,2,DB4,DB4,True,0.9999995231628418
230,DB2,P10,DB2_P10_T01_130_relabeled,L,primary,wf1_featurewise,2,DB2,DB2,True,1.0
242,DB3,P04,DB3_P04_A_T13_relabeled,L,primary,wf1_featurewise,2,DB3,DB3,True,0.9998714923858643
250,DB2,P09,DB2_P09_T04_65_relabeled,L,primary,wf1_featurewise,2,DB2,DB2,True,1.0
252,DB3,P08,DB3_P08_A_T07_relabeled,R,primary,wf1_featurewise,2,DB3,DB3,True,0.9990743398666382
270,DB5,P13,DB5_P13_T16_r_comf_relabeled,L,primary,wf1_featurewise,2,DB5,DB5,True,0.9999998807907104
271,DB2,P10,DB2_P10_T02_p_relabeled,L,primary,wf1_featurewise,2,DB2,DB2,True,0.9999840259552002
282,DB5,P16,DB5_P16_T05_l_comf_relabeled,L,primary,wf1_featurewise,2,DB5,DB5,True,1.0
294,DB2,P10,DB2_P10_T01_-65_relabeled,L,primary,wf1_featurewise,2,DB2,DB2,True,1.0
301,DB2,P10,DB2_P10_T03_130_relabeled,L,primary,wf1_featurewise,2,DB2,DB2,True,1.0
306,DB4,P54,DB4_P54_T09_relabeled,R,primary,wf1_featurewise,2,DB4,DB4,True,0.9999998807907104
312,DB4,P48,DB4_P48_T22_relabeled,R,primary,wf1_featurewise,2,DB4,DB4,True,0.9999992847442627
321,DB3,P20,DB3_P20_A_T28,R,primary,wf1_featurewise,2,DB3,DB3,True,0.9990703463554382
324,DB5,P16,DB5_P16_T17_r_comf_relabeled,L,primary,wf1_featurewise,2,DB5,DB5,True,1.0
329,DB5,P13,DB5_P13_T29_l_slow_relabeled,L,primary,wf1_featurewise,2,DB5,DB5,True,0.9999998807907104
330,DB5,P16,DB5_P16_T40_r_slow_relabeled,L,primary,wf1_featurewise,2,DB5,DB5,True,0.9999998807907104
333,DB4,P20,DB4_P20_T17_relabeled,L,primary,wf1_featurewise,2,DB4,DB4,True,0.9998624324798584
334,DB5,P16,DB5_P16_T30_l_slow_relabeled,L,primary,wf1_featurewise,2,DB5,DB5,True,1.0
343,DB4,P56,DB4_P56_T06_relabeled,R,primary,wf1_featurewise,2,DB4,DB4,True,0.9999998807907104
345,DB5,P24,DB5_P24_T16_r_comf_relabeled,R,primary,wf1_featurewise,2,DB5,DB5,True,0.9999984502792358
346,DB3,P14,DB3_P14_A_T16_relabeled,R,primary,wf1_featurewise,2,DB3,DB3,True,0.9989416003227234
365,DB4,P56,DB4_P56_T19_relabeled,R,primary,wf1_featurewise,2,DB4,DB4,True,0.9999998807907104
367,DB5,P13,DB5_P13_T19_r_comf_relabeled,L,primary,wf1_featurewise,2,DB5,DB5,True,0.9999998807907104
370,DB4,P56,DB4_P56_T03_relabeled,R,primary,wf1_featurewise,2,DB4,DB4,True,0.9999995231628418
384,DB4,P15,DB4_P15_T18_relabeled,R,primary,wf1_featurewise,2,DB4,DB4,True,0.9999994039535522
393,DB3,P08,DB3_P08_A_T10_relabeled,L,primary,wf1_featurewise,2,DB3,DB3,True,0.9993720650672913
412,DB5,P20,DB5_P20_T10_l_comf_relabeled,L,primary,wf1_featurewise,2,DB5,DB5,True,1.0
416,DB5,P20,DB5_P20_T24_l_slow_relabeled,L,primary,wf1_featurewise,2,DB5,DB5,True,1.0
423,DB4,P20,DB4_P20_T06_relabeled,R,primary,wf1_featurewise,2,DB4,DB4,True,0.9999561309814453
425,DB2,P09,DB2_P09_T05_-65_relabeled,L,primary,wf1_featurewise,2,DB2,DB2,True,0.9999978542327881
426,DB5,P16,DB5_P16_T29_l_slow_relabeled,L,primary,wf1_featurewise,2,DB5,DB5,True,1.0
428,DB2,P10,DB2_P10_T01_p_relabeled,L,primary,wf1_featurewise,2,DB2,DB2,True,0.9999872446060181
431,DB5,P16,DB5_P16_T33_l_slow_relabeled,L,primary,wf1_featurewise,2,DB5,DB5,True,1.0
436,DB4,P15,DB4_P15_T12_relabeled,R,primary,wf1_featurewise,2,DB4,DB4,True,0.9999998807907104
440,DB3,P20,DB3_P20_A_T15,R,primary,wf1_featurewise,2,DB3,DB3,True,0.9997850060462952
441,DB4,P34,DB4_P34_T07_relabeled,R,primary,wf1_featurewise,2,DB4,DB4,True,0.9999217987060547
445,DB3,P14,DB3_P14_A_T26_relabeled,R,primary,wf1_featurewise,2,DB3,DB3,True,0.9989714622497559
453,DB4,P44,DB4_P44_T15_relabeled,R,primary,wf1_featurewise,2,DB4,DB4,True,0.9999946355819702
467,DB5,P20,DB5_P20_T36_r_slow_relabeled,L,primary,wf1_featurewise,2,DB5,DB5,True,1.0
468,DB4,P15,DB4_P15_T13_relabeled,R,primary,wf1_featurewise,2,DB4,DB4,True,0.999998927116394
472,DB4,P15,DB4_P15_T06_relabeled,R,primary,wf1_featurewise,2,DB4,DB4,True,0.9999997615814209
478,DB3,P08,DB3_P08_A_T05_relabeled,R,primary,wf1_featurewise,2,DB3,DB3,True,0.9963304400444031
483,DB4,P06,DB4_P06_T07_relabeled,R,primary,wf1_featurewise,2,DB4,DB4,True,0.9999998807907104
485,DB4,P54,DB4_P54_T06_relabeled,R,primary,wf1_featurewise,2,DB4,DB4,True,0.9999995231628418
486,DB2,P10,DB2_P10_T04_-130_relabeled,L,primary,wf1_featurewise,2,DB2,DB2,True,1.0
487,DB1,P11,DB1_P11_C2_T02_relabeled,L,primary,wf1_featurewise,2,DB1,DB1,True,0.9996178150177002
492,DB5,P24,DB5_P24_T11_r_comf_relabeled,R,primary,wf1_featurewise,2,DB5,DB5,True,0.9999997615814209
494,DB1,P23,DB1_P23_C1_T03_relabeled,R,primary,wf1_featurewise,2,DB1,DB1,True,0.8687694668769836
495,DB2,P09,DB2_P09_T01_250_relabeled,L,primary,wf1_featurewise,2,DB2,DB2,True,0.9999814033508301
498,DB1,P23,DB1_P23_C2_T04_relabeled,L,primary,wf1_featurewise,2,DB1,DB1,True,0.9998767375946045
503,DB5,P13,DB5_P13_T03_l_comf_relabeled,L,primary,wf1_featurewise,2,DB5,DB5,True,0.9999998807907104
517,DB5,P13,DB5_P13_T28_l_slow_relabeled,L,primary,wf1_featurewise,2,DB5,DB5,True,1.0
518,DB4,P56,DB4_P56_T14_relabeled,R,primary,wf1_featurewise,2,DB4,DB4,True,0.9999998807907104
521,DB3,P08,DB3_P08_A_T08_relabeled,L,primary,wf1_featurewise,2,DB3,DB3,True,0.999434769153595
522,DB4,P34,DB4_P34_T12_relabeled,R,primary,wf1_featurewise,2,DB4,DB4,True,0.9999995231628418
529,DB4,P34,DB4_P34_T05_relabeled,R,primary,wf1_featurewise,2,DB4,DB4,True,0.9999951124191284
532,DB5,P13,DB5_P13_T14_r_comf_relabeled,L,primary,wf1_featurewise,2,DB5,DB5,True,1.0
533,DB5,P24,DB5_P24_T17_r_comf_relabeled,R,primary,wf1_featurewise,2,DB5,DB5,True,0.9999940395355225
534,DB2,P10,DB2_P10_T03_65_relabeled,L,primary,wf1_featurewise,2,DB2,DB2,True,1.0
552,DB2,P09,DB2_P09_T04_-65_relabeled,L,primary,wf1_featurewise,2,DB2,DB2,True,0.9999995231628418
553,DB5,P20,DB5_P20_T33_l_slow_relabeled,L,primary,wf1_featurewise,2,DB5,DB5,True,1.0
556,DB5,P16,DB5_P16_T09_l_comf_relabeled,L,primary,wf1_featurewise,2,DB5,DB5,True,0.9999997615814209
557,DB5,P13,DB5_P13_T37_r_slow_relabeled,L,primary,wf1_featurewise,2,DB5,DB5,True,0.9999998807907104
560,DB4,P56,DB4_P56_T11_relabeled,R,primary,wf1_featurewise,2,DB4,DB4,True,0.9999998807907104
561,DB4,P15,DB4_P15_T14_relabeled,R,primary,wf1_featurewise,2,DB4,DB4,True,0.9999994039535522
570,DB4,P56,DB4_P56_T10_relabeled,R,primary,wf1_featurewise,2,DB4,DB4,True,0.9999995231628418
571,DB2,P09,DB2_P09_T02_-130_relabeled,L,primary,wf1_featurewise,2,DB2,DB2,True,0.9999947547912598
581,DB5,P13,DB5_P13_T09_l_comf_relabeled,L,primary,wf1_featurewise,2,DB5,DB5,True,0.9999998807907104
582,DB1,P12,DB1_P12_C2_T01_relabeled,L,primary,wf1_featurewise,2,DB1,DB1,True,0.9988359808921814
583,DB5,P13,DB5_P13_T34_r_slow_relabeled,L,primary,wf1_featurewise,2,DB5,DB5,True,0.9999998807907104
584,DB5,P24,DB5_P24_T15_r_comf_relabeled,R,primary,wf1_featurewise,2,DB5,DB5,True,0.9999982118606567
588,DB4,P56,DB4_P56_T21_relabeled,R,primary,wf1_featurewise,2,DB4,DB4,True,0.9999997615814209
592,DB4,P20,DB4_P20_T15_relabeled,R,primary,wf1_featurewise,2,DB4,DB4,True,0.9990554451942444
604,DB1,P19,DB1_P19_C2_T02_relabeled,L,primary,wf1_featurewise,2,DB1,DB1,True,0.9999388456344604
607,DB4,P34,DB4_P34_T03_relabeled,R,primary,wf1_featurewise,2,DB4,DB4,True,0.9999558925628662
608,DB5,P20,DB5_P20_T40_r_slow_relabeled,L,primary,wf1_featurewise,2,DB5,DB5,True,1.0
609,DB5,P20,DB5_P20_T06_l_comf_relabeled,L,primary,wf1_featurewise,2,DB5,DB5,True,1.0
615,DB2,P09,DB2_P09_T04_130_relabeled,L,primary,wf1_featurewise,2,DB2,DB2,True,0.9999998807907104
627,DB5,P16,DB5_P16_T32_l_slow_relabeled,L,primary,wf1_featurewise,2,DB5,DB5,True,1.0
637,DB1,P19,DB1_P19_C2_T04_relabeled,R,primary,wf1_featurewise,2,DB1,DB1,True,0.995663583278656
645,DB4,P20,DB4_P20_T13_relabeled,R,primary,wf1_featurewise,2,DB4,DB4,True,0.9999945163726807
651,DB5,P13,DB5_P13_T08_l_comf_relabeled,L,primary,wf1_featurewise,2,DB5,DB5,True,1.0
655,DB2,P09,DB2_P09_T03_250_relabeled,L,primary,wf1_featurewise,2,DB2,DB2,True,0.9999680519104004
656,DB5,P13,DB5_P13_T33_r_slow_relabeled,L,primary,wf1_featurewise,2,DB5,DB5,True,0.9999998807907104
659,DB4,P48,DB4_P48_T06_relabeled,R,primary,wf1_featurewise,2,DB4,DB4,True,0.999998927116394
668,DB4,P06,DB4_P06_T08_relabeled,R,primary,wf1_featurewise,2,DB4,DB4,True,0.999998927116394
669,DB4,P48,DB4_P48_T10_relabeled,R,primary,wf1_featurewise,2,DB4,DB4,True,0.9999994039535522
683,DB5,P16,DB5_P16_T01_l_comf_relabeled,L,primary,wf1_featurewise,2,DB5,DB5,True,1.0
689,DB5,P20,DB5_P20_T43_r_slow_relabeled,L,primary,wf1_featurewise,2,DB5,DB5,True,1.0
696,DB5,P16,DB5_P16_T41_r_slow_relabeled,L,primary,wf1_featurewise,2,DB5,DB5,True,0.9999998807907104
697,DB5,P16,DB5_P16_T07_l_comf_relabeled,L,primary,wf1_featurewise,2,DB5,DB5,True,1.0
698,DB3,P20,DB3_P20_A_T26,R,primary,wf1_featurewise,2,DB3,DB3,True,0.9997037053108215
704,DB2,P10,DB2_P10_T04_130_relabeled,L,primary,wf1_featurewise,2,DB2,DB2,True,1.0
705,DB3,P04,DB3_P04_A_T08_relabeled,R,primary,wf1_featurewise,2,DB3,DB3,True,0.9993091821670532
708,DB2,P10,DB2_P10_T03_250_relabeled,L,primary,wf1_featurewise,2,DB2,DB2,True,1.0
718,DB4,P48,DB4_P48_T13_relabeled,R,primary,wf1_featurewise,2,DB4,DB4,True,0.9999995231628418
721,DB2,P10,DB2_P10_T01_-130_relabeled,L,primary,wf1_featurewise,2,DB2,DB2,True,1.0
722,DB4,P15,DB4_P15_T11_relabeled,L,primary,wf1_featurewise,2,DB4,DB4,True,0.9998654127120972
734,DB4,P06,DB4_P06_T11_relabeled,R,primary,wf1_featurewise,2,DB4,DB4,True,0.9999996423721313
740,DB5,P24,DB5_P24_T31_r_slow_relabeled,R,primary,wf1_featurewise,2,DB5,DB5,True,0.9999996423721313
742,DB5,P20,DB5_P20_T17_r_comf_relabeled,L,primary,wf1_featurewise,2,DB5,DB5,True,1.0
743,DB5,P13,DB5_P13_T23_l_slow_relabeled,L,primary,wf1_featurewise,2,DB5,DB5,True,0.9999997615814209
748,DB5,P13,DB5_P13_T12_r_comf_relabeled,L,primary,wf1_featurewise,2,DB5,DB5,True,1.0
752,DB4,P44,DB4_P44_T14_relabeled,R,primary,wf1_featurewise,2,DB4,DB4,True,0.999998927116394
753,DB2,P09,DB2_P09_T03_-130_relabeled,L,primary,wf1_featurewise,2,DB2,DB2,True,0.9999847412109375
754,DB2,P09,DB2_P09_T05_-130_relabeled,L,primary,wf1_featurewise,2,DB2,DB2,True,0.9999954700469971
767,DB5,P13,DB5_P13_T05_l_comf_relabeled,L,primary,wf1_featurewise,2,DB5,DB5,True,0.9999997615814209
769,DB4,P54,DB4_P54_T17_relabeled,R,primary,wf1_featurewise,2,DB4,DB4,True,0.9999995231628418
772,DB4,P20,DB4_P20_T21_relabeled,L,primary,wf1_featurewise,2,DB4,DB4,True,0.9989042282104492
776,DB3,P20,DB3_P20_A_T11,L,primary,wf1_featurewise,2,DB3,DB3,True,0.999438464641571
778,DB5,P16,DB5_P16_T24_l_slow_relabeled,L,primary,wf1_featurewise,2,DB5,DB5,True,1.0
787,DB3,P08,DB3_P08_A_T04_relabeled,L,primary,wf1_featurewise,2,DB3,DB3,True,0.660652756690979
794,DB5,P13,DB5_P13_T25_l_slow_relabeled,L,primary,wf1_featurewise,2,DB5,DB5,True,0.9999998807907104
801,DB5,P16,DB5_P16_T26_l_slow_relabeled,L,primary,wf1_featurewise,2,DB5,DB5,True,1.0
804,DB4,P20,DB4_P20_T16_relabeled,L,primary,wf1_featurewise,2,DB4,DB4,True,0.9971165657043457
808,DB5,P16,DB5_P16_T27_l_slow_relabeled,L,primary,wf1_featurewise,2,DB5,DB5,True,0.9999998807907104
814,DB5,P20,DB5_P20_T32_l_slow_relabeled,L,primary,wf1_featurewise,2,DB5,DB5,True,1.0
816,DB2,P09,DB2_P09_T05_250_relabeled,L,primary,wf1_featurewise,2,DB2,DB2,True,0.9999939203262329
819,DB1,P19,DB1_P19_C3_T02_relabeled,L,primary,wf1_featurewise,2,DB1,DB1,True,0.9973918199539185
820,DB1,P08,DB1_P08_C3_T03_relabeled,L,primary,wf1_featurewise,2,DB1,DB1,True,0.9980828762054443
825,DB4,P20,DB4_P20_T22_relabeled,L,primary,wf1_featurewise,2,DB4,DB4,True,0.999601423740387
831,DB2,P09,DB2_P09_T04_p_relabeled,L,primary,wf1_featurewise,2,DB2,DB2,True,0.9999974966049194
843,DB5,P13,DB5_P13_T40_r_slow_relabeled,L,primary,wf1_featurewise,2,DB5,DB5,True,0.9999998807907104
845,DB5,P13,DB5_P13_T13_r_comf_relabeled,L,primary,wf1_featurewise,2,DB5,DB5,True,1.0
850,DB5,P20,DB5_P20_T13_r_comf_relabeled,L,primary,wf1_featurewise,2,DB5,DB5,True,1.0
852,DB4,P15,DB4_P15_T10_relabeled,R,primary,wf1_featurewise,2,DB4,DB4,True,0.9999990463256836
853,DB4,P44,DB4_P44_T04_relabeled,R,primary,wf1_featurewise,2,DB4,DB4,True,0.9999977350234985
856,DB4,P20,DB4_P20_T04_relabeled,R,primary,wf1_featurewise,2,DB4,DB4,True,0.9999921321868896
858,DB5,P13,DB5_P13_T32_r_slow_relabeled,L,primary,wf1_featurewise,2,DB5,DB5,True,0.9999998807907104
861,DB2,P10,DB2_P10_T06_-130_relabeled,L,primary,wf1_featurewise,2,DB2,DB2,True,1.0
896,DB2,P10,DB2_P10_T01_250_relabeled,L,primary,wf1_featurewise,2,DB2,DB2,True,1.0
900,DB5,P24,DB5_P24_T13_r_comf_relabeled,R,primary,wf1_featurewise,2,DB5,DB5,True,0.999998927116394
904,DB3,P04,DB3_P04_A_T14_relabeled,L,primary,wf1_featurewise,2,DB3,DB3,True,0.9992223978042603
912,DB1,P01,DB1_P01_C1_T04_relabeled,L,primary,wf1_featurewise,2,DB1,DB1,True,0.9999638795852661
917,DB1,P01,DB1_P01_C2_T02_relabeled,L,primary,wf1_featurewise,2,DB1,DB1,True,0.998810887336731
922,DB1,P08,DB1_P08_C2_T05_relabeled,L,primary,wf1_featurewise,2,DB1,DB1,True,0.999627947807312
928,DB4,P48,DB4_P48_T12_relabeled,R,primary,wf1_featurewise,2,DB4,DB4,True,0.9999995231628418
929,DB5,P20,DB5_P20_T09_l_comf_relabeled,L,primary,wf1_featurewise,2,DB5,DB5,True,1.0
937,DB5,P20,DB5_P20_T11_l_comf_relabeled,L,primary,wf1_featurewise,2,DB5,DB5,True,1.0
943,DB3,P04,DB3_P04_A_T09_relabeled,L,primary,wf1_featurewise,2,DB3,DB3,True,0.9997169375419617
947,DB5,P24,DB5_P24_T20_r_comf_relabeled,R,primary,wf1_featurewise,2,DB5,DB5,True,0.999977707862854
948,DB2,P10,DB2_P10_T04_65_relabeled,L,primary,wf1_featurewise,2,DB2,DB2,True,1.0
951,DB2,P10,DB2_P10_T06_65_relabeled,L,primary,wf1_featurewise,2,DB2,DB2,True,1.0
952,DB2,P09,DB2_P09_T02_65_relabeled,L,primary,wf1_featurewise,2,DB2,DB2,True,0.9999997615814209
954,DB4,P48,DB4_P48_T11_relabeled,R,primary,wf1_featurewise,2,DB4,DB4,True,0.9999992847442627
968,DB4,P44,DB4_P44_T08_relabeled,R,primary,wf1_featurewise,2,DB4,DB4,True,0.9999943971633911
979,DB3,P14,DB3_P14_A_T18_relabeled,R,primary,wf1_featurewise,2,DB3,DB3,True,0.9987305998802185
980,DB4,P15,DB4_P15_T03_relabeled,L,primary,wf1_featurewise,2,DB4,DB4,True,0.9996881484985352
981,DB4,P44,DB4_P44_T10_relabeled,R,primary,wf1_featurewise,2,DB4,DB4,True,0.9999839067459106
983,DB1,P19,DB1_P19_C2_T03_relabeled,L,primary,wf1_featurewise,2,DB1,DB1,True,0.9999387264251709
985,DB2,P09,DB2_P09_T01_-130_relabeled,L,primary,wf1_featurewise,2,DB2,DB2,True,0.9999996423721313
987,DB4,P54,DB4_P54_T18_relabeled,R,primary,wf1_featurewise,2,DB4,DB4,True,0.9999998807907104
988,DB4,P48,DB4_P48_T02_relabeled,R,primary,wf1_featurewise,2,DB4,DB4,True,0.9999996423721313
989,DB4,P34,DB4_P34_T22_relabeled,R,primary,wf1_featurewise,2,DB4,DB4,True,0.9999997615814209
999,DB2,P09,DB2_P09_T01_130_relabeled,L,primary,wf1_featurewise,2,DB2,DB2,True,0.9988534450531006
1001,DB4,P56,DB4_P56_T08_relabeled,R,primary,wf1_featurewise,2,DB4,DB4,True,0.9999998807907104
1006,DB1,P01,DB1_P01_C1_T03_relabeled,L,primary,wf1_featurewise,2,DB1,DB1,True,0.9999535083770752
1007,DB1,P01,DB1_P01_C2_T04_relabeled,L,primary,wf1_featurewise,2,DB1,DB1,True,0.9998550415039062
1009,DB2,P10,DB2_P10_T04_-65_relabeled,L,primary,wf1_featurewise,2,DB2,DB2,True,1.0
1022,DB1,P11,DB1_P11_C2_T01_relabeled,L,primary,wf1_featurewise,2,DB1,DB1,True,0.999776303768158
1024,DB2,P10,DB2_P10_T02_-65_relabeled,L,primary,wf1_featurewise,2,DB2,DB2,True,1.0
1027,DB1,P01,DB1_P01_C3_T01_relabeled,L,primary,wf1_featurewise,2,DB1,DB1,True,0.9987307190895081
1031,DB5,P20,DB5_P20_T27_l_slow_relabeled,L,primary,wf1_featurewise,2,DB5,DB5,True,1.0
1037,DB4,P54,DB4_P54_T11_relabeled,R,primary,wf1_featurewise,2,DB4,DB4,True,0.9999994039535522
1045,DB3,P14,DB3_P14_A_T15_relabeled,L,primary,wf1_featurewise,2,DB3,DB3,True,0.7344277501106262
1050,DB1,P12,DB1_P12_C2_T03_relabeled,L,primary,wf1_featurewise,2,DB1,DB1,True,0.9959016442298889
1054,DB2,P09,DB2_P09_T02_250_relabeled,L,primary,wf1_featurewise,2,DB2,DB2,True,0.9999241828918457
1055,DB4,P44,DB4_P44_T03_relabeled,R,primary,wf1_featurewise,2,DB4,DB4,True,0.9999990463256836
1062,DB1,P08,DB1_P08_C3_T04_relabeled,L,primary,wf1_featurewise,2,DB1,DB1,True,0.9952319264411926
1077,DB3,P14,DB3_P14_A_T24_relabeled,L,primary,wf1_featurewise,2,DB3,DB3,True,0.9996484518051147
1078,DB5,P20,DB5_P20_T03_l_comf_relabeled,L,primary,wf1_featurewise,2,DB5,DB5,True,1.0
1091,DB3,P04,DB3_P04_A_T07_relabeled,L,primary,wf1_featurewise,2,DB3,DB3,True,0.9993996620178223
1094,DB5,P16,DB5_P16_T31_l_slow_relabeled,L,primary,wf1_featurewise,2,DB5,DB5,True,1.0
1096,DB5,P20,DB5_P20_T07_l_comf_relabeled,L,primary,wf1_featurewise,2,DB5,DB5,True,1.0
1110,DB5,P20,DB5_P20_T20_r_comf_relabeled,L,primary,wf1_featurewise,2,DB5,DB5,True,1.0
1113,DB1,P07,DB1_P07_C3_T01_relabeled,L,primary,wf1_featurewise,2,DB1,DB1,True,0.9456506967544556
1120,DB1,P01,DB1_P01_C1_T01_relabeled,L,primary,wf1_featurewise,2,DB1,DB1,True,0.9999620914459229
1125,DB4,P54,DB4_P54_T19_relabeled,R,primary,wf1_featurewise,2,DB4,DB4,True,0.9999998807907104
1126,DB4,P06,DB4_P06_T03_relabeled,R,primary,wf1_featurewise,2,DB4,DB4,True,0.9999995231628418
1131,DB5,P13,DB5_P13_T39_r_slow_relabeled,L,primary,wf1_featurewise,2,DB5,DB5,True,0.9999997615814209
1132,DB5,P13,DB5_P13_T30_l_slow_relabeled,L,primary,wf1_featurewise,2,DB5,DB5,True,0.9999998807907104
1139,DB4,P06,DB4_P06_T20_relabeled,R,primary,wf1_featurewise,2,DB4,DB4,True,0.9999997615814209
1140,DB4,P56,DB4_P56_T12_relabeled,R,primary,wf1_featurewise,2,DB4,DB4,True,0.9999998807907104
1141,DB4,P15,DB4_P15_T20_relabeled,R,primary,wf1_featurewise,2,DB4,DB4,True,0.9999994039535522
1159,DB4,P20,DB4_P20_T07_relabeled,L,primary,wf1_featurewise,2,DB4,DB4,True,0.9981153011322021
1166,DB4,P54,DB4_P54_T22_relabeled,R,primary,wf1_featurewise,2,DB4,DB4,True,0.9999994039535522
1173,DB3,P14,DB3_P14_A_T22_relabeled,L,primary,wf1_featurewise,2,DB3,DB3,True,0.9996383190155029
1194,DB4,P20,DB4_P20_T11_relabeled,L,primary,wf1_featurewise,2,DB4,DB4,True,0.9997288584709167
1197,DB4,P15,DB4_P15_T07_relabeled,R,primary,wf1_featurewise,2,DB4,DB4,True,0.9999985694885254
1201,DB1,P11,DB1_P11_C2_T05_relabeled,L,primary,wf1_featurewise,2,DB1,DB1,True,0.999708354473114
1206,DB4,P15,DB4_P15_T17_relabeled,R,primary,wf1_featurewise,2,DB4,DB4,True,0.9999992847442627
1208,DB5,P20,DB5_P20_T29_l_slow_relabeled,L,primary,wf1_featurewise,2,DB5,DB5,True,1.0
1212,DB4,P20,DB4_P20_T23_relabeled,R,primary,wf1_featurewise,2,DB4,DB4,True,0.9999063014984131
1213,DB4,P15,DB4_P15_T22_relabeled,R,primary,wf1_featurewise,2,DB4,DB4,True,0.9999990463256836
1215,DB3,P08,DB3_P08_A_T02_relabeled,L,primary,wf1_featurewise,2,DB3,DB3,True,0.9994012117385864
1221,DB1,P08,DB1_P08_C2_T04_relabeled,L,primary,wf1_featurewise,2,DB1,DB1,True,0.9995645880699158
1227,DB5,P20,DB5_P20_T21_r_comf_relabeled,L,primary,wf1_featurewise,2,DB5,DB5,True,1.0
1236,DB4,P54,DB4_P54_T14_relabeled,R,primary,wf1_featurewise,2,DB4,DB4,True,0.9999997615814209
1237,DB5,P02,DB5_P02_T17_r_comf_relabeled,R,primary,wf1_featurewise,2,DB5,DB5,True,1.0
1254,DB5,P16,DB5_P16_T03_l_comf_relabeled,L,primary,wf1_featurewise,2,DB5,DB5,True,1.0
1257,DB5,P20,DB5_P20_T35_r_slow_relabeled,L,primary,wf1_featurewise,2,DB5,DB5,True,1.0
1261,DB4,P44,DB4_P44_T12_relabeled,R,primary,wf1_featurewise,2,DB4,DB4,True,0.9999990463256836
1267,DB4,P20,DB4_P20_T18_relabeled,R,primary,wf1_featurewise,2,DB4,DB4,True,0.9999268054962158
1273,DB4,P20,DB4_P20_T09_relabeled,R,primary,wf1_featurewise,2,DB4,DB4,True,0.9997332692146301
1281,DB5,P16,DB5_P16_T39_r_slow_relabeled,L,primary,wf1_featurewise,2,DB5,DB5,True,1.0
1289,DB3,P20,DB3_P20_A_T02,L,primary,wf1_featurewise,2,DB3,DB3,True,0.9994602799415588
1290,DB1,P12,DB1_P12_C2_T04_relabeled,L,primary,wf1_featurewise,2,DB1,DB1,True,0.9963669776916504
1294,DB2,P09,DB2_P09_T02_-65_relabeled,L,primary,wf1_featurewise,2,DB2,DB2,True,0.9999910593032837
1295,DB1,P08,DB1_P08_C2_T01_relabeled,L,primary,wf1_featurewise,2,DB1,DB1,True,0.9997703433036804
1301,DB5,P13,DB5_P13_T20_r_comf_relabeled,L,primary,wf1_featurewise,2,DB5,DB5,True,0.9999997615814209
1306,DB4,P06,DB4_P06_T02_relabeled,R,primary,wf1_featurewise,2,DB4,DB4,True,0.9999998807907104
1313,DB4,P15,DB4_P15_T19_relabeled,R,primary,wf1_featurewise,2,DB4,DB4,True,0.9999994039535522
1322,DB1,P19,DB1_P19_C3_T03_relabeled,L,primary,wf1_featurewise,2,DB1,DB1,True,0.999010443687439
1332,DB2,P09,DB2_P09_T03_130_relabeled,L,primary,wf1_featurewise,2,DB2,DB2,True,0.9999998807907104
1333,DB4,P44,DB4_P44_T13_relabeled,R,primary,wf1_featurewise,2,DB4,DB4,True,0.9999977350234985
1336,DB4,P06,DB4_P06_T22_relabeled,R,primary,wf1_featurewise,2,DB4,DB4,True,0.9999997615814209
1337,DB5,P16,DB5_P16_T02_l_comf_relabeled,L,primary,wf1_featurewise,2,DB5,DB5,True,1.0
1339,DB4,P06,DB4_P06_T21_relabeled,R,primary,wf1_featurewise,2,DB4,DB4,True,0.9999997615814209
1342,DB4,P20,DB4_P20_T24_relabeled,R,primary,wf1_featurewise,2,DB4,DB4,True,0.9999879598617554
1343,DB5,P13,DB5_P13_T24_l_slow_relabeled,L,primary,wf1_featurewise,2,DB5,DB5,True,0.9999998807907104
1350,DB4,P34,DB4_P34_T17_relabeled,R,primary,wf1_featurewise,2,DB4,DB4,True,0.9999301433563232
1352,DB5,P20,DB5_P20_T34_r_slow_relabeled,L,primary,wf1_featurewise,2,DB5,DB5,True,1.0
1354,DB4,P56,DB4_P56_T05_relabeled,R,primary,wf1_featurewise,2,DB4,DB4,True,0.9999996423721313
1356,DB5,P20,DB5_P20_T08_l_comf_relabeled,L,primary,wf1_featurewise,2,DB5,DB5,True,1.0
1371,DB4,P34,DB4_P34_T09_relabeled,R,primary,wf1_featurewise,2,DB4,DB4,True,0.9999997615814209
1374,DB4,P34,DB4_P34_T04_relabeled,R,primary,wf1_featurewise,2,DB4,DB4,True,0.9999967813491821
1375,DB4,P44,DB4_P44_T18_relabeled,R,primary,wf1_featurewise,2,DB4,DB4,True,0.999998927116394
1377,DB5,P13,DB5_P13_T35_r_slow_relabeled,L,primary,wf1_featurewise,2,DB5,DB5,True,0.9999997615814209
1389,DB4,P54,DB4_P54_T07_relabeled,R,primary,wf1_featurewise,2,DB4,DB4,True,0.9999998807907104
1392,DB4,P56,DB4_P56_T20_relabeled,R,primary,wf1_featurewise,2,DB4,DB4,True,0.9999996423721313
1417,DB4,P15,DB4_P15_T16_relabeled,R,primary,wf1_featurewise,2,DB4,DB4,True,0.9999996423721313
1425,DB4,P54,DB4_P54_T16_relabeled,R,primary,wf1_featurewise,2,DB4,DB4,True,0.9999992847442627
1427,DB1,P01,DB1_P01_C1_T05_relabeled,L,primary,wf1_featurewise,2,DB1,DB1,True,0.9999825954437256
1431,DB5,P16,DB5_P16_T12_l_comf_relabeled,L,primary,wf1_featurewise,2,DB5,DB5,True,1.0
1438,DB2,P10,DB2_P10_T02_250_relabeled,L,primary,wf1_featurewise,2,DB2,DB2,True,1.0
1441,DB2,P10,DB2_P10_T04_250_relabeled,L,primary,wf1_featurewise,2,DB2,DB2,True,1.0
1444,DB4,P54,DB4_P54_T08_relabeled,R,primary,wf1_featurewise,2,DB4,DB4,True,0.9999997615814209
1447,DB5,P20,DB5_P20_T18_r_comf_relabeled,L,primary,wf1_featurewise,2,DB5,DB5,True,1.0
1460,DB4,P06,DB4_P06_T14_relabeled,R,primary,wf1_featurewise,2,DB4,DB4,True,0.9999998807907104
1461,DB1,P07,DB1_P07_C3_T04_relabeled,L,primary,wf1_featurewise,2,DB1,DB1,True,0.9682409167289734
1463,DB4,P15,DB4_P15_T21_relabeled,R,primary,wf1_featurewise,2,DB4,DB4,True,0.9999997615814209
1467,DB3,P14,DB3_P14_A_T20_relabeled,L,primary,wf1_featurewise,2,DB3,DB3,True,0.9997039437294006
1469,DB4,P44,DB4_P44_T09_relabeled,R,primary,wf1_featurewise,2,DB4,DB4,True,0.9999963045120239
1473,DB4,P48,DB4_P48_T05_relabeled,R,primary,wf1_featurewise,2,DB4,DB4,True,0.9999992847442627
1482,DB4,P06,DB4_P06_T16_relabeled,R,primary,wf1_featurewise,2,DB4,DB4,True,0.9999997615814209
1483,DB5,P13,DB5_P13_T10_l_comf_relabeled,L,primary,wf1_featurewise,2,DB5,DB5,True,0.9999998807907104
1498,DB5,P16,DB5_P16_T38_r_slow_relabeled,L,primary,wf1_featurewise,2,DB5,DB5,True,0.9999996423721313
1501,DB2,P10,DB2_P10_T02_-130_relabeled,L,primary,wf1_featurewise,2,DB2,DB2,True,1.0
1506,DB5,P16,DB5_P16_T11_l_comf_relabeled,L,primary,wf1_featurewise,2,DB5,DB5,True,1.0
1509,DB4,P44,DB4_P44_T17_relabeled,R,primary,wf1_featurewise,2,DB4,DB4,True,0.9999977350234985
1510,DB3,P08,DB3_P08_A_T03_relabeled,R,primary,wf1_featurewise,2,DB3,DB3,True,0.9988743662834167
1512,DB4,P56,DB4_P56_T02_relabeled,R,primary,wf1_featurewise,2,DB4,DB4,True,0.9999997615814209
1515,DB4,P44,DB4_P44_T21_relabeled,R,primary,wf1_featurewise,2,DB4,DB4,True,0.9999994039535522
1522,DB5,P13,DB5_P13_T27_l_slow_relabeled,L,primary,wf1_featurewise,2,DB5,DB5,True,0.9999998807907104
1525,DB2,P09,DB2_P09_T03_-65_relabeled,L,primary,wf1_featurewise,2,DB2,DB2,True,0.9999988079071045
1530,DB5,P20,DB5_P20_T25_l_slow_relabeled,L,primary,wf1_featurewise,2,DB5,DB5,True,1.0
1531,DB3,P04,DB3_P04_A_T10_relabeled,R,primary,wf1_featurewise,2,DB3,DB3,True,0.9998562335968018
1535,DB1,P08,DB1_P08_C2_T03_relabeled,L,primary,wf1_featurewise,2,DB1,DB1,True,0.9995771050453186
1542,DB4,P06,DB4_P06_T19_relabeled,R,primary,wf1_featurewise,2,DB4,DB4,True,0.9999997615814209
1546,DB4,P54,DB4_P54_T15_relabeled,R,primary,wf1_featurewise,2,DB4,DB4,True,0.9999998807907104
1550,DB5,P20,DB5_P20_T39_r_slow_relabeled,L,primary,wf1_featurewise,2,DB5,DB5,True,1.0
1557,DB4,P15,DB4_P15_T15_relabeled,R,primary,wf1_featurewise,2,DB4,DB4,True,0.9999996423721313
1563,DB5,P20,DB5_P20_T31_l_slow_relabeled,L,primary,wf1_featurewise,2,DB5,DB5,True,1.0
1565,DB4,P48,DB4_P48_T16_relabeled,R,primary,wf1_featurewise,2,DB4,DB4,True,0.9999994039535522
1566,DB4,P56,DB4_P56_T09_relabeled,R,primary,wf1_featurewise,2,DB4,DB4,True,0.9999997615814209
1572,DB5,P20,DB5_P20_T23_l_slow_relabeled,L,primary,wf1_featurewise,2,DB5,DB5,True,1.0
1581,DB5,P20,DB5_P20_T05_l_comf_relabeled,L,primary,wf1_featurewise,2,DB5,DB5,True,1.0
1583,DB4,P34,DB4_P34_T13_relabeled,R,primary,wf1_featurewise,2,DB4,DB4,True,0.9999992847442627
1585,DB4,P44,DB4_P44_T06_relabeled,R,primary,wf1_featurewise,2,DB4,DB4,True,0.9999971389770508
1591,DB4,P20,DB4_P20_T05_relabeled,R,primary,wf1_featurewise,2,DB4,DB4,True,0.999962329864502
1621,DB4,P54,DB4_P54_T21_relabeled,R,primary,wf1_featurewise,2,DB4,DB4,True,0.9999998807907104
1628,DB4,P20,DB4_P20_T08_relabeled,R,primary,wf1_featurewise,2,DB4,DB4,True,0.9999667406082153
1629,DB2,P09,DB2_P09_T02_130_relabeled,L,primary,wf1_featurewise,2,DB2,DB2,True,0.9999998807907104
1630,DB2,P09,DB2_P09_T05_130_relabeled,L,primary,wf1_featurewise,2,DB2,DB2,True,1.0
1645,DB5,P20,DB5_P20_T12_r_comf_relabeled,L,primary,wf1_featurewise,2,DB5,DB5,True,1.0
1650,DB1,P01,DB1_P01_C1_T02_relabeled,L,primary,wf1_featurewise,2,DB1,DB1,True,0.9997380375862122
1657,DB5,P20,DB5_P20_T04_l_comf_relabeled,L,primary,wf1_featurewise,2,DB5,DB5,True,1.0
1663,DB3,P04,DB3_P04_A_T15_relabeled,R,primary,wf1_featurewise,2,DB3,DB3,True,0.9997093081474304
1665,DB4,P48,DB4_P48_T17_relabeled,R,primary,wf1_featurewise,2,DB4,DB4,True,0.9999996423721313
1666,DB4,P56,DB4_P56_T15_relabeled,R,primary,wf1_featurewise,2,DB4,DB4,True,0.9999998807907104
1667,DB5,P24,DB5_P24_T18_r_comf_relabeled,R,primary,wf1_featurewise,2,DB5,DB5,True,0.9999953508377075
1672,DB4,P56,DB4_P56_T16_relabeled,R,primary,wf1_featurewise,2,DB4,DB4,True,0.9999997615814209
1674,DB2,P10,DB2_P10_T05_130_relabeled,L,primary,wf1_featurewise,2,DB2,DB2,True,1.0
1677,DB5,P13,DB5_P13_T01_l_comf_relabeled,L,primary,wf1_featurewise,2,DB5,DB5,True,0.9999998807907104
1680,DB5,P02,DB5_P02_T18_r_comf_relabeled,R,primary,wf1_featurewise,2,DB5,DB5,True,1.0
1687,DB4,P56,DB4_P56_T07_relabeled,R,primary,wf1_featurewise,2,DB4,DB4,True,0.9999998807907104
1689,DB4,P56,DB4_P56_T13_relabeled,R,primary,wf1_featurewise,2,DB4,DB4,True,0.9999998807907104
1690,DB5,P13,DB5_P13_T18_r_comf_relabeled,L,primary,wf1_featurewise,2,DB5,DB5,True,0.9999997615814209
1693,DB5,P20,DB5_P20_T02_l_comf_relabeled,L,primary,wf1_featurewise,2,DB5,DB5,True,1.0
1701,DB4,P34,DB4_P34_T10_relabeled,R,primary,wf1_featurewise,2,DB4,DB4,True,0.9999996423721313
1704,DB4,P06,DB4_P06_T10_relabeled,R,primary,wf1_featurewise,2,DB4,DB4,True,0.9999998807907104
1710,DB4,P44,DB4_P44_T05_relabeled,R,primary,wf1_featurewise,2,DB4,DB4,True,0.9999964237213135
1713,DB5,P20,DB5_P20_T19_r_comf_relabeled,L,primary,wf1_featurewise,2,DB5,DB5,True,1.0
1726,DB5,P13,DB5_P13_T06_l_comf_relabeled,L,primary,wf1_featurewise,2,DB5,DB5,True,1.0
1727,DB4,P20,DB4_P20_T19_relabeled,R,primary,wf1_featurewise,2,DB4,DB4,True,0.9999908208847046
1728,DB5,P16,DB5_P16_T35_r_slow_relabeled,L,primary,wf1_featurewise,2,DB5,DB5,True,0.9999998807907104
1743,DB5,P16,DB5_P16_T28_l_slow_relabeled,L,primary,wf1_featurewise,2,DB5,DB5,True,1.0
1745,DB4,P06,DB4_P06_T12_relabeled,R,primary,wf1_featurewise,2,DB4,DB4,True,0.9999997615814209
1751,DB4,P44,DB4_P44_T19_relabeled,R,primary,wf1_featurewise,2,DB4,DB4,True,0.9999996423721313
1752,DB4,P44,DB4_P44_T02_relabeled,R,primary,wf1_featurewise,2,DB4,DB4,True,0.9999997615814209
1758,DB1,P08,DB1_P08_C3_T01_relabeled,L,primary,wf1_featurewise,2,DB1,DB1,True,0.9979523420333862
1759,DB4,P34,DB4_P34_T19_relabeled,R,primary,wf1_featurewise,2,DB4,DB4,True,0.9991089701652527
1761,DB5,P13,DB5_P13_T36_r_slow_relabeled,L,primary,wf1_featurewise,2,DB5,DB5,True,1.0
1763,DB2,P09,DB2_P09_T04_250_relabeled,L,primary,wf1_featurewise,2,DB2,DB2,True,0.9995973706245422
1765,DB5,P20,DB5_P20_T41_r_slow_relabeled,L,primary,wf1_featurewise,2,DB5,DB5,True,1.0
1771,DB5,P13,DB5_P13_T17_r_comf_relabeled,L,primary,wf1_featurewise,2,DB5,DB5,True,1.0
1779,DB4,P44,DB4_P44_T11_relabeled,R,primary,wf1_featurewise,2,DB4,DB4,True,0.9999990463256836
1789,DB5,P24,DB5_P24_T19_r_comf_relabeled,R,primary,wf1_featurewise,2,DB5,DB5,True,0.9999982118606567
1792,DB2,P09,DB2_P09_T06_p_relabeled,L,primary,wf1_featurewise,2,DB2,DB2,True,0.9999988079071045
1794,DB4,P34,DB4_P34_T18_relabeled,R,primary,wf1_featurewise,2,DB4,DB4,True,0.9999769926071167
1797,DB5,P13,DB5_P13_T07_l_comf_relabeled,L,primary,wf1_featurewise,2,DB5,DB5,True,1.0
1800,DB4,P15,DB4_P15_T08_relabeled,R,primary,wf1_featurewise,2,DB4,DB4,True,0.9999988079071045
1805,DB5,P16,DB5_P16_T37_r_slow_relabeled,L,primary,wf1_featurewise,2,DB5,DB5,True,1.0
1809,DB5,P13,DB5_P13_T22_l_slow_relabeled,L,primary,wf1_featurewise,2,DB5,DB5,True,0.9999998807907104
1811,DB4,P48,DB4_P48_T08_relabeled,R,primary,wf1_featurewise,2,DB4,DB4,True,0.9999994039535522
1820,DB1,P07,DB1_P07_C3_T03_relabeled,L,primary,wf1_featurewise,2,DB1,DB1,True,0.9660375118255615
1835,DB2,P10,DB2_P10_T04_p_relabeled,L,primary,wf1_featurewise,2,DB2,DB2,True,0.9999985694885254
1836,DB3,P20,DB3_P20_A_T21,R,primary,wf1_featurewise,2,DB3,DB3,True,0.9997355341911316
1844,DB5,P13,DB5_P13_T31_r_slow_relabeled,L,primary,wf1_featurewise,2,DB5,DB5,True,1.0
1852,DB4,P06,DB4_P06_T17_relabeled,R,primary,wf1_featurewise,2,DB4,DB4,True,0.9999996423721313
1858,DB5,P13,DB5_P13_T21_l_slow_relabeled,L,primary,wf1_featurewise,2,DB5,DB5,True,0.9999997615814209
1862,DB3,P08,DB3_P08_A_T01_relabeled,R,primary,wf1_featurewise,2,DB3,DB3,True,0.999293327331543
1863,DB5,P16,DB5_P16_T43_r_slow_relabeled,L,primary,wf1_featurewise,2,DB5,DB5,True,1.0
1871,DB2,P09,DB2_P09_T01_p_relabeled,L,primary,wf1_featurewise,2,DB2,DB2,True,0.999996542930603
1873,DB4,P54,DB4_P54_T10_relabeled,R,primary,wf1_featurewise,2,DB4,DB4,True,0.9999997615814209
1877,DB5,P13,DB5_P13_T38_r_slow_relabeled,L,primary,wf1_featurewise,2,DB5,DB5,True,0.9999998807907104
1881,DB5,P20,DB5_P20_T26_l_slow_relabeled,L,primary,wf1_featurewise,2,DB5,DB5,True,1.0
1883,DB5,P20,DB5_P20_T28_l_slow_relabeled,L,primary,wf1_featurewise,2,DB5,DB5,True,1.0
1887,DB1,P19,DB1_P19_C2_T05_relabeled,L,primary,wf1_featurewise,2,DB1,DB1,True,0.9999805688858032
1888,DB5,P13,DB5_P13_T04_l_comf_relabeled,L,primary,wf1_featurewise,2,DB5,DB5,True,0.9999998807907104
1897,DB4,P48,DB4_P48_T09_relabeled,R,primary,wf1_featurewise,2,DB4,DB4,True,0.9999991655349731
1901,DB4,P48,DB4_P48_T03_relabeled,R,primary,wf1_featurewise,2,DB4,DB4,True,0.9999998807907104
3,DB3,P13,DB3_P13_A_T18_relabeled,R,primary,wf1_featurewise,3,DB3,DB3,True,0.9991078972816467
6,DB1,P15,DB1_P15_C2_T02_relabeled,L,primary,wf1_featurewise,3,DB1,DB1,True,0.9998807907104492
13,DB1,P30,DB1_P30_C2_T02_relabeled,L,primary,wf1_featurewise,3,DB1,DB1,True,0.9990324974060059
14,DB2,P02,DB2_P02_T03_130_relabeled,L,primary,wf1_featurewise,3,DB2,DB2,True,0.9999953508377075
15,DB5,P27,DB5_P27_T33_r_slow_relabeled,L,primary,wf1_featurewise,3,DB5,DB5,True,0.9999974966049194
17,DB5,P03,DB5_P03_T16_r_comf_relabeled,L,primary,wf1_featurewise,3,DB5,DB5,True,0.9999998807907104
24,DB4,P27,DB4_P27_T21_relabeled,R,primary,wf1_featurewise,3,DB4,DB4,True,0.9999995231628418
29,DB4,P57,DB4_P57_T03_relabeled,R,primary,wf1_featurewise,3,DB4,DB4,True,0.99998939037323
30,DB5,P15,DB5_P15_T34_r_slow_relabeled,L,primary,wf1_featurewise,3,DB5,DB5,True,0.9999908208847046
38,DB3,P13,DB3_P13_A_T29_relabeled,L,primary,wf1_featurewise,3,DB3,DB3,True,0.9962592124938965
43,DB5,P10,DB5_P10_T23_l_slow_relabeled,L,primary,wf1_featurewise,3,DB5,DB5,True,0.9999991655349731
45,DB4,P50,DB4_P50_T19_relabeled,R,primary,wf1_featurewise,3,DB4,DB4,True,0.9996906518936157
51,DB4,P03,DB4_P03_T15_relabeled,R,primary,wf1_featurewise,3,DB4,DB4,True,0.9999991655349731
58,DB2,P03,DB2_P03_T04_-65_relabeled,L,primary,wf1_featurewise,3,DB2,DB2,True,0.9999955892562866
64,DB2,P02,DB2_P02_T04_65_relabeled,L,primary,wf1_featurewise,3,DB2,DB2,True,0.9999982118606567
73,DB1,P13,DB1_P13_C2_T04_relabeled,L,primary,wf1_featurewise,3,DB1,DB1,True,0.9999610185623169
74,DB5,P27,DB5_P27_T28_l_slow_relabeled,L,primary,wf1_featurewise,3,DB5,DB5,True,0.9999969005584717
75,DB2,P02,DB2_P02_T01_65_relabeled,L,primary,wf1_featurewise,3,DB2,DB2,True,0.9999997615814209
79,DB5,P15,DB5_P15_T28_l_slow_relabeled,L,primary,wf1_featurewise,3,DB5,DB5,True,0.9999995231628418
81,DB3,P03,DB3_P03_A_T15_relabeled,L,primary,wf1_featurewise,3,DB3,DB3,True,0.9983929991722107
84,DB2,P03,DB2_P03_T09_p_relabeled,L,primary,wf1_featurewise,3,DB2,DB2,True,0.999975323677063
96,DB3,P13,DB3_P13_A_T28_relabeled,L,primary,wf1_featurewise,3,DB3,DB3,True,0.9996862411499023
98,DB5,P15,DB5_P15_T19_r_comf_relabeled,L,primary,wf1_featurewise,3,DB5,DB5,True,0.9999996423721313
101,DB5,P10,DB5_P10_T30_l_slow_relabeled,L,primary,wf1_featurewise,3,DB5,DB5,True,0.9999995231628418
108,DB5,P10,DB5_P10_T25_l_slow_relabeled,L,primary,wf1_featurewise,3,DB5,DB5,True,0.9999980926513672
122,DB5,P27,DB5_P27_T37_r_slow_relabeled,L,primary,wf1_featurewise,3,DB5,DB5,True,0.999998927116394
127,DB3,P06,DB3_P06_A_T06_relabeled,R,primary,wf1_featurewise,3,DB3,DB3,True,0.9996514320373535
128,DB4,P21,DB4_P21_T15_relabeled,R,primary,wf1_featurewise,3,DB4,DB4,True,0.999925971031189
130,DB4,P01,DB4_P01_T15_relabeled,R,primary,wf1_featurewise,3,DB4,DB4,True,0.9999736547470093
131,DB4,P50,DB4_P50_T08_relabeled,R,primary,wf1_featurewise,3,DB4,DB4,True,0.9999825954437256
135,DB5,P10,DB5_P10_T02_l_comf_relabeled,L,primary,wf1_featurewise,3,DB5,DB5,True,0.9999995231628418
144,DB4,P03,DB4_P03_T09_relabeled,R,primary,wf1_featurewise,3,DB4,DB4,True,0.9999970197677612
147,DB2,P03,DB2_P03_T02_250_relabeled,L,primary,wf1_featurewise,3,DB2,DB2,True,0.9999990463256836
148,DB5,P27,DB5_P27_T40_r_slow_relabeled,L,primary,wf1_featurewise,3,DB5,DB5,True,0.9999983310699463
156,DB1,P13,DB1_P13_C2_T02_relabeled,L,primary,wf1_featurewise,3,DB1,DB1,True,0.9999229907989502
157,DB4,P01,DB4_P01_T12_relabeled,R,primary,wf1_featurewise,3,DB4,DB4,True,0.9999278783798218
167,DB5,P27,DB5_P27_T41_r_slow_relabeled,L,primary,wf1_featurewise,3,DB5,DB5,True,0.9999992847442627
172,DB4,P27,DB4_P27_T19_relabeled,L,primary,wf1_featurewise,3,DB4,DB4,True,0.9999765157699585
173,DB4,P05,DB4_P05_T22_relabeled,R,primary,wf1_featurewise,3,DB4,DB4,True,0.9998025298118591
177,DB5,P27,DB5_P27_T29_l_slow_relabeled,L,primary,wf1_featurewise,3,DB5,DB5,True,0.9999991655349731
180,DB4,P57,DB4_P57_T05_relabeled,R,primary,wf1_featurewise,3,DB4,DB4,True,0.9999474287033081
193,DB4,P27,DB4_P27_T07_relabeled,R,primary,wf1_featurewise,3,DB4,DB4,True,0.9999990463256836
194,DB5,P15,DB5_P15_T07_l_comf_relabeled,L,primary,wf1_featurewise,3,DB5,DB5,True,0.9999998807907104
206,DB1,P09,DB1_P09_C3_T04_relabeled,L,primary,wf1_featurewise,3,DB1,DB1,True,0.997728168964386
207,DB4,P27,DB4_P27_T18_relabeled,L,primary,wf1_featurewise,3,DB4,DB4,True,0.9999839067459106
208,DB5,P15,DB5_P15_T08_l_comf_relabeled,L,primary,wf1_featurewise,3,DB5,DB5,True,0.9999998807907104
217,DB5,P27,DB5_P27_T35_r_slow_relabeled,L,primary,wf1_featurewise,3,DB5,DB5,True,0.9999972581863403
228,DB5,P10,DB5_P10_T26_l_slow_relabeled,L,primary,wf1_featurewise,3,DB5,DB5,True,0.9999964237213135
231,DB1,P15,DB1_P15_C3_T02_relabeled,L,primary,wf1_featurewise,3,DB1,DB1,True,0.8971136212348938
234,DB2,P03,DB2_P03_T01_65_relabeled,L,primary,wf1_featurewise,3,DB2,DB2,True,0.9999982118606567
243,DB4,P57,DB4_P57_T09_relabeled,R,primary,wf1_featurewise,3,DB4,DB4,True,0.9999887943267822
248,DB1,P09,DB1_P09_C2_T04_relabeled,L,primary,wf1_featurewise,3,DB1,DB1,True,0.9996960163116455
249,DB5,P03,DB5_P03_T20_r_comf_relabeled,L,primary,wf1_featurewise,3,DB5,DB5,True,0.9999998807907104
254,DB2,P03,DB2_P03_T04_65_relabeled,L,primary,wf1_featurewise,3,DB2,DB2,True,0.9999978542327881
256,DB5,P27,DB5_P27_T18_r_comf_relabeled,L,primary,wf1_featurewise,3,DB5,DB5,True,0.9999938011169434
268,DB3,P03,DB3_P03_A_T10_relabeled,L,primary,wf1_featurewise,3,DB3,DB3,True,0.998736560344696
272,DB5,P27,DB5_P27_T07_l_comf_relabeled,L,primary,wf1_featurewise,3,DB5,DB5,True,0.9999996423721313
273,DB1,P09,DB1_P09_C2_T03_relabeled,L,primary,wf1_featurewise,3,DB1,DB1,True,0.9997714161872864
276,DB4,P16,DB4_P16_T19_relabeled,L,primary,wf1_featurewise,3,DB4,DB4,True,0.9987063407897949
278,DB5,P27,DB5_P27_T26_l_slow_relabeled,L,primary,wf1_featurewise,3,DB5,DB5,True,0.9999969005584717
293,DB5,P15,DB5_P15_T09_l_comf_relabeled,L,primary,wf1_featurewise,3,DB5,DB5,True,0.9999998807907104
295,DB5,P27,DB5_P27_T25_l_slow_relabeled,L,primary,wf1_featurewise,3,DB5,DB5,True,0.9999995231628418
298,DB5,P27,DB5_P27_T13_r_comf_relabeled,L,primary,wf1_featurewise,3,DB5,DB5,True,0.9999945163726807
299,DB5,P15,DB5_P15_T23_l_slow_relabeled,L,primary,wf1_featurewise,3,DB5,DB5,True,0.9999995231628418
308,DB2,P02,DB2_P02_T02_p_relabeled,L,primary,wf1_featurewise,3,DB2,DB2,True,0.9999902248382568
314,DB3,P03,DB3_P03_A_T06_relabeled,R,primary,wf1_featurewise,3,DB3,DB3,True,0.9987475872039795
315,DB1,P13,DB1_P13_C3_T03_relabeled,L,primary,wf1_featurewise,3,DB1,DB1,True,0.9993150234222412
323,DB4,P30,DB4_P30_T04_relabeled,R,primary,wf1_featurewise,3,DB4,DB4,True,0.9989227652549744
336,DB5,P03,DB5_P03_T36_r_slow_relabeled,L,primary,wf1_featurewise,3,DB5,DB5,True,0.9999994039535522
347,DB5,P10,DB5_P10_T20_r_comf_relabeled,L,primary,wf1_featurewise,3,DB5,DB5,True,0.9999997615814209
349,DB3,P13,DB3_P13_A_T19_relabeled,R,primary,wf1_featurewise,3,DB3,DB3,True,0.991257905960083
350,DB1,P15,DB1_P15_C2_T05_relabeled,L,primary,wf1_featurewise,3,DB1,DB1,True,0.9994756579399109
351,DB4,P27,DB4_P27_T06_relabeled,R,primary,wf1_featurewise,3,DB4,DB4,True,0.9999985694885254
353,DB1,P10,DB1_P10_C2_T01_relabeled,L,primary,wf1_featurewise,3,DB1,DB1,True,0.999716579914093
358,DB5,P03,DB5_P03_T18_r_comf_relabeled,L,primary,wf1_featurewise,3,DB5,DB5,True,0.9999998807907104
360,DB5,P27,DB5_P27_T11_r_comf_relabeled,L,primary,wf1_featurewise,3,DB5,DB5,True,0.9999946355819702
372,DB2,P02,DB2_P02_T02_130_relabeled,L,primary,wf1_featurewise,3,DB2,DB2,True,0.9999958276748657
374,DB3,P03,DB3_P03_A_T04_relabeled,R,primary,wf1_featurewise,3,DB3,DB3,True,0.9695032238960266
380,DB4,P30,DB4_P30_T19_relabeled,R,primary,wf1_featurewise,3,DB4,DB4,True,0.9994571805000305
388,DB4,P21,DB4_P21_T06_relabeled,R,primary,wf1_featurewise,3,DB4,DB4,True,0.9999034404754639
400,DB4,P30,DB4_P30_T07_relabeled,R,primary,wf1_featurewise,3,DB4,DB4,True,0.9998534917831421
403,DB5,P10,DB5_P10_T18_r_comf_relabeled,L,primary,wf1_featurewise,3,DB5,DB5,True,0.9999980926513672
405,DB4,P57,DB4_P57_T15_relabeled,R,primary,wf1_featurewise,3,DB4,DB4,True,0.9999858140945435
414,DB5,P03,DB5_P03_T15_r_comf_relabeled,L,primary,wf1_featurewise,3,DB5,DB5,True,0.9999996423721313
420,DB4,P30,DB4_P30_T11_relabeled,R,primary,wf1_featurewise,3,DB4,DB4,True,0.9995319843292236
427,DB5,P15,DB5_P15_T25_l_slow_relabeled,L,primary,wf1_featurewise,3,DB5,DB5,True,0.9999996423721313
430,DB4,P57,DB4_P57_T10_relabeled,R,primary,wf1_featurewise,3,DB4,DB4,True,0.9999903440475464
433,DB5,P27,DB5_P27_T34_r_slow_relabeled,L,primary,wf1_featurewise,3,DB5,DB5,True,0.9999985694885254
439,DB4,P30,DB4_P30_T16_relabeled,R,primary,wf1_featurewise,3,DB4,DB4,True,0.999853253364563
443,DB4,P03,DB4_P03_T06_relabeled,R,primary,wf1_featurewise,3,DB4,DB4,True,0.9999948740005493
447,DB4,P01,DB4_P01_T07_relabeled,R,primary,wf1_featurewise,3,DB4,DB4,True,0.9982131719589233
450,DB4,P16,DB4_P16_T12_relabeled,R,primary,wf1_featurewise,3,DB4,DB4,True,0.9999638795852661
452,DB5,P10,DB5_P10_T12_r_comf_relabeled,L,primary,wf1_featurewise,3,DB5,DB5,True,0.9999988079071045
457,DB2,P02,DB2_P02_T03_65_relabeled,L,primary,wf1_featurewise,3,DB2,DB2,True,0.9999995231628418
458,DB1,P04,DB1_P04_C3_T02_relabeled,L,primary,wf1_featurewise,3,DB1,DB1,True,0.9957466721534729
461,DB5,P10,DB5_P10_T17_r_comf_relabeled,L,primary,wf1_featurewise,3,DB5,DB5,True,0.9999998807907104
470,DB5,P27,DB5_P27_T21_l_slow_relabeled,L,primary,wf1_featurewise,3,DB5,DB5,True,0.9999971389770508
471,DB2,P02,DB2_P02_T03_p_relabeled,L,primary,wf1_featurewise,3,DB2,DB2,True,0.9999887943267822
475,DB5,P15,DB5_P15_T30_l_slow_relabeled,L,primary,wf1_featurewise,3,DB5,DB5,True,0.9999998807907104
491,DB5,P15,DB5_P15_T01_l_comf_relabeled,L,primary,wf1_featurewise,3,DB5,DB5,True,0.9999996423721313
493,DB1,P09,DB1_P09_C2_T01_relabeled,L,primary,wf1_featurewise,3,DB1,DB1,True,0.9995396137237549
500,DB5,P27,DB5_P27_T38_r_slow_relabeled,L,primary,wf1_featurewise,3,DB5,DB5,True,0.9999788999557495
502,DB1,P26,DB1_P26_C2_T02_relabeled,R,primary,wf1_featurewise,3,DB1,DB1,True,0.9946449995040894
506,DB4,P16,DB4_P16_T18_relabeled,R,primary,wf1_featurewise,3,DB4,DB4,True,0.9999971389770508
507,DB5,P15,DB5_P15_T41_r_slow_relabeled,L,primary,wf1_featurewise,3,DB5,DB5,True,0.9999995231628418
511,DB3,P03,DB3_P03_A_T05_relabeled,L,primary,wf1_featurewise,3,DB3,DB3,True,0.9990836381912231
516,DB1,P15,DB1_P15_C3_T01_relabeled,L,primary,wf1_featurewise,3,DB1,DB1,True,0.9801281094551086
523,DB3,P11,DB3_P11_A_T02,L,primary,wf1_featurewise,3,DB3,DB3,True,0.9981734752655029
524,DB4,P01,DB4_P01_T22_relabeled,R,primary,wf1_featurewise,3,DB4,DB4,True,0.9999352693557739
535,DB2,P03,DB2_P03_T06_p_relabeled,L,primary,wf1_featurewise,3,DB2,DB2,True,0.999997615814209
539,DB4,P30,DB4_P30_T13_relabeled,R,primary,wf1_featurewise,3,DB4,DB4,True,0.9999648332595825
549,DB4,P57,DB4_P57_T20_relabeled,R,primary,wf1_featurewise,3,DB4,DB4,True,0.9999871253967285
554,DB4,P05,DB4_P05_T18_relabeled,R,primary,wf1_featurewise,3,DB4,DB4,True,0.9999537467956543
558,DB4,P27,DB4_P27_T04_relabeled,R,primary,wf1_featurewise,3,DB4,DB4,True,0.999998927116394
579,DB2,P03,DB2_P03_T01_-130_relabeled,L,primary,wf1_featurewise,3,DB2,DB2,True,0.9999977350234985
586,DB4,P30,DB4_P30_T05_relabeled,R,primary,wf1_featurewise,3,DB4,DB4,True,0.9979520440101624
587,DB4,P01,DB4_P01_T18_relabeled,R,primary,wf1_featurewise,3,DB4,DB4,True,0.999530553817749
590,DB5,P15,DB5_P15_T35_r_slow_relabeled,L,primary,wf1_featurewise,3,DB5,DB5,True,0.9999979734420776
596,DB5,P10,DB5_P10_T11_r_comf_relabeled,L,primary,wf1_featurewise,3,DB5,DB5,True,0.9999929666519165
597,DB3,P13,DB3_P13_A_T06_relabeled,L,primary,wf1_featurewise,3,DB3,DB3,True,0.999413013458252
600,DB4,P50,DB4_P50_T16_relabeled,R,primary,wf1_featurewise,3,DB4,DB4,True,0.9995028972625732
616,DB5,P10,DB5_P10_T32_l_slow_relabeled,L,primary,wf1_featurewise,3,DB5,DB5,True,0.9999994039535522
618,DB5,P03,DB5_P03_T38_r_slow_relabeled,L,primary,wf1_featurewise,3,DB5,DB5,True,0.9999986886978149
624,DB4,P16,DB4_P16_T08_relabeled,L,primary,wf1_featurewise,3,DB4,DB4,True,0.9930579662322998
635,DB4,P05,DB4_P05_T17_relabeled,R,primary,wf1_featurewise,3,DB4,DB4,True,0.999984622001648
639,DB5,P27,DB5_P27_T02_l_comf_relabeled,L,primary,wf1_featurewise,3,DB5,DB5,True,0.9999992847442627
640,DB3,P06,DB3_P06_A_T10_relabeled,L,primary,wf1_featurewise,3,DB3,DB3,True,0.9998524188995361
641,DB1,P10,DB1_P10_C3_T02_relabeled,L,primary,wf1_featurewise,3,DB1,DB1,True,0.9948504567146301
643,DB2,P03,DB2_P03_T05_-130_relabeled,L,primary,wf1_featurewise,3,DB2,DB2,True,0.9999974966049194
646,DB4,P50,DB4_P50_T22_relabeled,R,primary,wf1_featurewise,3,DB4,DB4,True,0.9999747276306152
647,DB4,P21,DB4_P21_T10_relabeled,R,primary,wf1_featurewise,3,DB4,DB4,True,0.9999923706054688
653,DB3,P03,DB3_P03_A_T01_relabeled,L,primary,wf1_featurewise,3,DB3,DB3,True,0.9984824061393738
654,DB4,P57,DB4_P57_T16_relabeled,R,primary,wf1_featurewise,3,DB4,DB4,True,0.999991774559021
657,DB3,P03,DB3_P03_A_T07_relabeled,R,primary,wf1_featurewise,3,DB3,DB3,True,0.999502420425415
661,DB5,P27,DB5_P27_T08_l_comf_relabeled,L,primary,wf1_featurewise,3,DB5,DB5,True,0.9999984502792358
663,DB2,P03,DB2_P03_T03_-65_relabeled,L,primary,wf1_featurewise,3,DB2,DB2,True,0.9999985694885254
667,DB5,P15,DB5_P15_T31_l_slow_relabeled,L,primary,wf1_featurewise,3,DB5,DB5,True,0.9999995231628418
671,DB4,P03,DB4_P03_T07_relabeled,R,primary,wf1_featurewise,3,DB4,DB4,True,0.999985933303833
675,DB1,P09,DB1_P09_C3_T03_relabeled,L,primary,wf1_featurewise,3,DB1,DB1,True,0.9990119934082031
678,DB5,P27,DB5_P27_T06_l_comf_relabeled,L,primary,wf1_featurewise,3,DB5,DB5,True,0.9999991655349731
680,DB5,P10,DB5_P10_T39_r_slow_relabeled,L,primary,wf1_featurewise,3,DB5,DB5,True,0.999997615814209
688,DB4,P21,DB4_P21_T07_relabeled,R,primary,wf1_featurewise,3,DB4,DB4,True,0.9999569654464722
690,DB5,P15,DB5_P15_T32_r_slow_relabeled,L,primary,wf1_featurewise,3,DB5,DB5,True,0.9999958276748657
691,DB3,P13,DB3_P13_A_T26_relabeled,L,primary,wf1_featurewise,3,DB3,DB3,True,0.9994819760322571
702,DB5,P10,DB5_P10_T38_r_slow_relabeled,L,primary,wf1_featurewise,3,DB5,DB5,True,0.9999920129776001
703,DB5,P10,DB5_P10_T42_r_slow_relabeled,L,primary,wf1_featurewise,3,DB5,DB5,True,0.9999996423721313
706,DB5,P27,DB5_P27_T01_l_comf_relabeled,L,primary,wf1_featurewise,3,DB5,DB5,True,0.9999974966049194
709,DB3,P03,DB3_P03_A_T11_relabeled,R,primary,wf1_featurewise,3,DB3,DB3,True,0.9981836676597595
710,DB4,P05,DB4_P05_T06_relabeled,R,primary,wf1_featurewise,3,DB4,DB4,True,0.9999717473983765
719,DB5,P10,DB5_P10_T19_r_comf_relabeled,L,primary,wf1_featurewise,3,DB5,DB5,True,0.9999994039535522
723,DB3,P06,DB3_P06_A_T15_relabeled,L,primary,wf1_featurewise,3,DB3,DB3,True,0.9879032969474792
733,DB5,P15,DB5_P15_T29_l_slow_relabeled,L,primary,wf1_featurewise,3,DB5,DB5,True,0.9999994039535522
736,DB5,P10,DB5_P10_T41_r_slow_relabeled,L,primary,wf1_featurewise,3,DB5,DB5,True,0.9999961853027344
737,DB2,P03,DB2_P03_T01_250_relabeled,L,primary,wf1_featurewise,3,DB2,DB2,True,0.9999946355819702
741,DB4,P57,DB4_P57_T11_relabeled,R,primary,wf1_featurewise,3,DB4,DB4,True,0.9999707937240601
749,DB4,P16,DB4_P16_T16_relabeled,L,primary,wf1_featurewise,3,DB4,DB4,True,0.9987419247627258
756,DB4,P03,DB4_P03_T04_relabeled,R,primary,wf1_featurewise,3,DB4,DB4,True,0.9999995231628418
759,DB1,P30,DB1_P30_C2_T03_relabeled,L,primary,wf1_featurewise,3,DB1,DB1,True,0.9939103126525879
773,DB4,P03,DB4_P03_T12_relabeled,R,primary,wf1_featurewise,3,DB4,DB4,True,0.9999983310699463
777,DB2,P02,DB2_P02_T03_-130_relabeled,L,primary,wf1_featurewise,3,DB2,DB2,True,1.0
782,DB4,P21,DB4_P21_T11_relabeled,R,primary,wf1_featurewise,3,DB4,DB4,True,0.9999845027923584
789,DB4,P05,DB4_P05_T16_relabeled,R,primary,wf1_featurewise,3,DB4,DB4,True,0.9988665580749512
790,DB4,P27,DB4_P27_T02_relabeled,R,primary,wf1_featurewise,3,DB4,DB4,True,0.9999998807907104
798,DB4,P21,DB4_P21_T21_relabeled,R,primary,wf1_featurewise,3,DB4,DB4,True,0.9999909400939941
802,DB5,P15,DB5_P15_T02_l_comf_relabeled,L,primary,wf1_featurewise,3,DB5,DB5,True,0.9999996423721313
805,DB4,P27,DB4_P27_T23_relabeled,R,primary,wf1_featurewise,3,DB4,DB4,True,0.9999749660491943
806,DB4,P05,DB4_P05_T11_relabeled,R,primary,wf1_featurewise,3,DB4,DB4,True,0.9997403025627136
811,DB4,P03,DB4_P03_T14_relabeled,R,primary,wf1_featurewise,3,DB4,DB4,True,0.9999905824661255
817,DB4,P16,DB4_P16_T23_relabeled,R,primary,wf1_featurewise,3,DB4,DB4,True,0.9993120431900024
818,DB5,P27,DB5_P27_T05_l_comf_relabeled,L,primary,wf1_featurewise,3,DB5,DB5,True,0.9999995231628418
822,DB5,P27,DB5_P27_T36_r_slow_relabeled,L,primary,wf1_featurewise,3,DB5,DB5,True,0.999997615814209
824,DB4,P21,DB4_P21_T13_relabeled,R,primary,wf1_featurewise,3,DB4,DB4,True,0.9998145699501038
840,DB4,P50,DB4_P50_T09_relabeled,R,primary,wf1_featurewise,3,DB4,DB4,True,0.9999960660934448
842,DB5,P15,DB5_P15_T26_l_slow_relabeled,L,primary,wf1_featurewise,3,DB5,DB5,True,0.9999998807907104
846,DB3,P06,DB3_P06_A_T12_relabeled,L,primary,wf1_featurewise,3,DB3,DB3,True,0.9997300505638123
851,DB5,P10,DB5_P10_T21_l_slow_relabeled,L,primary,wf1_featurewise,3,DB5,DB5,True,0.9999935626983643
854,DB4,P21,DB4_P21_T17_relabeled,R,primary,wf1_featurewise,3,DB4,DB4,True,0.9999513626098633
857,DB5,P27,DB5_P27_T32_r_slow_relabeled,L,primary,wf1_featurewise,3,DB5,DB5,True,0.9999908208847046
860,DB5,P27,DB5_P27_T24_l_slow_relabeled,L,primary,wf1_featurewise,3,DB5,DB5,True,0.9999986886978149
863,DB5,P03,DB5_P03_T17_r_comf_relabeled,L,primary,wf1_featurewise,3,DB5,DB5,True,0.9999997615814209
866,DB1,P04,DB1_P04_C2_T01_relabeled,L,primary,wf1_featurewise,3,DB1,DB1,True,0.9999672174453735
872,DB4,P05,DB4_P05_T20_relabeled,R,primary,wf1_featurewise,3,DB4,DB4,True,0.9995456337928772
887,DB3,P13,DB3_P13_A_T34_relabeled,L,primary,wf1_featurewise,3,DB3,DB3,True,0.9997465014457703
888,DB2,P03,DB2_P03_T05_65_relabeled,L,primary,wf1_featurewise,3,DB2,DB2,True,0.9999979734420776
892,DB4,P21,DB4_P21_T19_relabeled,L,primary,wf1_featurewise,3,DB4,DB4,True,0.9978311657905579
903,DB2,P02,DB2_P02_T02_250_relabeled,L,primary,wf1_featurewise,3,DB2,DB2,True,0.999993085861206
907,DB4,P01,DB4_P01_T05_relabeled,R,primary,wf1_featurewise,3,DB4,DB4,True,0.9999760389328003
908,DB5,P27,DB5_P27_T22_l_slow_relabeled,L,primary,wf1_featurewise,3,DB5,DB5,True,0.9999964237213135
913,DB4,P57,DB4_P57_T14_relabeled,R,primary,wf1_featurewise,3,DB4,DB4,True,0.9999856948852539
914,DB4,P50,DB4_P50_T17_relabeled,R,primary,wf1_featurewise,3,DB4,DB4,True,0.9999362230300903
918,DB2,P03,DB2_P03_T05_-65_relabeled,L,primary,wf1_featurewise,3,DB2,DB2,True,0.9999973773956299
921,DB2,P03,DB2_P03_T07_p_relabeled,L,primary,wf1_featurewise,3,DB2,DB2,True,0.9999480247497559
925,DB4,P21,DB4_P21_T04_relabeled,L,primary,wf1_featurewise,3,DB4,DB4,True,0.9993583559989929
931,DB5,P27,DB5_P27_T23_l_slow_relabeled,L,primary,wf1_featurewise,3,DB5,DB5,True,0.9999982118606567
932,DB4,P16,DB4_P16_T02_relabeled,R,primary,wf1_featurewise,3,DB4,DB4,True,0.9999934434890747
934,DB4,P16,DB4_P16_T24_relabeled,L,primary,wf1_featurewise,3,DB4,DB4,True,0.9782294631004333
942,DB4,P05,DB4_P05_T07_relabeled,R,primary,wf1_featurewise,3,DB4,DB4,True,0.9995158910751343
946,DB5,P10,DB5_P10_T43_r_slow_relabeled,L,primary,wf1_featurewise,3,DB5,DB5,True,0.9999980926513672
956,DB3,P03,DB3_P03_A_T03_relabeled,L,primary,wf1_featurewise,3,DB3,DB3,True,0.9959254264831543
963,DB4,P30,DB4_P30_T17_relabeled,R,primary,wf1_featurewise,3,DB4,DB4,True,0.9999407529830933
965,DB5,P15,DB5_P15_T27_l_slow_relabeled,L,primary,wf1_featurewise,3,DB5,DB5,True,0.9999998807907104
966,DB4,P27,DB4_P27_T10_relabeled,L,primary,wf1_featurewise,3,DB4,DB4,True,0.999981164932251
967,DB2,P03,DB2_P03_T07_130_relabeled,L,primary,wf1_featurewise,3,DB2,DB2,True,0.9999978542327881
970,DB4,P57,DB4_P57_T02_relabeled,R,primary,wf1_featurewise,3,DB4,DB4,True,0.9999537467956543
971,DB5,P03,DB5_P03_T13_r_comf_relabeled,L,primary,wf1_featurewise,3,DB5,DB5,True,0.9999998807907104
972,DB1,P13,DB1_P13_C2_T05_relabeled,L,primary,wf1_featurewise,3,DB1,DB1,True,0.9999223947525024
976,DB2,P03,DB2_P03_T02_-130_relabeled,L,primary,wf1_featurewise,3,DB2,DB2,True,0.9999926090240479
991,DB4,P03,DB4_P03_T08_relabeled,R,primary,wf1_featurewise,3,DB4,DB4,True,0.9999967813491821
995,DB5,P03,DB5_P03_T39_r_slow_relabeled,L,primary,wf1_featurewise,3,DB5,DB5,True,0.9999995231628418
996,DB5,P03,DB5_P03_T42_r_slow_relabeled,L,primary,wf1_featurewise,3,DB5,DB5,True,0.9999992847442627
998,DB3,P11,DB3_P11_A_T01,R,primary,wf1_featurewise,3,DB3,DB3,True,0.999984860420227
1000,DB3,P11,DB3_P11_A_T04,L,primary,wf1_featurewise,3,DB3,DB3,True,0.9976755976676941
1003,DB5,P15,DB5_P15_T24_l_slow_relabeled,L,primary,wf1_featurewise,3,DB5,DB5,True,0.9999992847442627
1008,DB4,P50,DB4_P50_T07_relabeled,R,primary,wf1_featurewise,3,DB4,DB4,True,0.9996101260185242
1010,DB5,P03,DB5_P03_T14_r_comf_relabeled,L,primary,wf1_featurewise,3,DB5,DB5,True,0.9999997615814209
1011,DB5,P10,DB5_P10_T06_l_comf_relabeled,L,primary,wf1_featurewise,3,DB5,DB5,True,0.9999998807907104
1012,DB4,P05,DB4_P05_T12_relabeled,R,primary,wf1_featurewise,3,DB4,DB4,True,0.9993501305580139
1015,DB2,P03,DB2_P03_T03_250_relabeled,L,primary,wf1_featurewise,3,DB2,DB2,True,0.9999994039535522
1020,DB3,P13,DB3_P13_A_T13_relabeled,R,primary,wf1_featurewise,3,DB3,DB3,True,0.9992813467979431
1023,DB4,P03,DB4_P03_T16_relabeled,R,primary,wf1_featurewise,3,DB4,DB4,True,0.9999988079071045
1026,DB4,P03,DB4_P03_T02_relabeled,R,primary,wf1_featurewise,3,DB4,DB4,True,0.999997615814209
1030,DB1,P09,DB1_P09_C3_T01_relabeled,L,primary,wf1_featurewise,3,DB1,DB1,True,0.9991456270217896
1035,DB2,P03,DB2_P03_T03_-130_relabeled,L,primary,wf1_featurewise,3,DB2,DB2,True,0.9999974966049194
1041,DB3,P13,DB3_P13_A_T07_relabeled,R,primary,wf1_featurewise,3,DB3,DB3,True,0.9957413673400879
1047,DB4,P01,DB4_P01_T03_relabeled,R,primary,wf1_featurewise,3,DB4,DB4,True,0.9992941617965698
1053,DB4,P05,DB4_P05_T13_relabeled,R,primary,wf1_featurewise,3,DB4,DB4,True,0.9993058443069458
1064,DB2,P02,DB2_P02_T04_p_relabeled,L,primary,wf1_featurewise,3,DB2,DB2,True,0.9999858140945435
1065,DB1,P10,DB1_P10_C2_T02_relabeled,L,primary,wf1_featurewise,3,DB1,DB1,True,0.9995326995849609
1072,DB4,P21,DB4_P21_T05_relabeled,R,primary,wf1_featurewise,3,DB4,DB4,True,0.999937891960144
1090,DB1,P24,DB1_P24_C2_T03_relabeled,R,primary,wf1_featurewise,3,DB1,DB1,True,0.9882498979568481
1098,DB5,P15,DB5_P15_T33_r_slow_relabeled,L,primary,wf1_featurewise,3,DB5,DB5,True,0.9999953508377075
1105,DB5,P27,DB5_P27_T14_r_comf_relabeled,L,primary,wf1_featurewise,3,DB5,DB5,True,0.9999960660934448
1107,DB5,P15,DB5_P15_T17_r_comf_relabeled,L,primary,wf1_featurewise,3,DB5,DB5,True,0.9999990463256836
1108,DB4,P05,DB4_P05_T21_relabeled,R,primary,wf1_featurewise,3,DB4,DB4,True,0.999931812286377
1114,DB5,P10,DB5_P10_T29_l_slow_relabeled,L,primary,wf1_featurewise,3,DB5,DB5,True,0.9999979734420776
1127,DB5,P10,DB5_P10_T13_r_comf_relabeled,L,primary,wf1_featurewise,3,DB5,DB5,True,0.9999995231628418
1130,DB4,P50,DB4_P50_T05_relabeled,R,primary,wf1_featurewise,3,DB4,DB4,True,0.9991042017936707
1137,DB4,P57,DB4_P57_T13_relabeled,R,primary,wf1_featurewise,3,DB4,DB4,True,0.9999879598617554
1142,DB1,P13,DB1_P13_C2_T01_relabeled,L,primary,wf1_featurewise,3,DB1,DB1,True,0.9999557733535767
1144,DB5,P03,DB5_P03_T12_r_comf_relabeled,L,primary,wf1_featurewise,3,DB5,DB5,True,0.9999996423721313
1145,DB2,P03,DB2_P03_T05_250_relabeled,L,primary,wf1_featurewise,3,DB2,DB2,True,0.999998927116394
1153,DB5,P15,DB5_P15_T10_l_comf_relabeled,L,primary,wf1_featurewise,3,DB5,DB5,True,0.9999996423721313
1161,DB4,P21,DB4_P21_T18_relabeled,R,primary,wf1_featurewise,3,DB4,DB4,True,0.9999902248382568
1165,DB3,P06,DB3_P06_A_T14_relabeled,L,primary,wf1_featurewise,3,DB3,DB3,True,0.9999291896820068
1176,DB5,P15,DB5_P15_T16_r_comf_relabeled,L,primary,wf1_featurewise,3,DB5,DB5,True,0.9999996423721313
1180,DB4,P05,DB4_P05_T15_relabeled,R,primary,wf1_featurewise,3,DB4,DB4,True,0.999956488609314
1183,DB4,P27,DB4_P27_T08_relabeled,R,primary,wf1_featurewise,3,DB4,DB4,True,0.9999983310699463
1187,DB4,P27,DB4_P27_T14_relabeled,L,primary,wf1_featurewise,3,DB4,DB4,True,0.999975323677063
1189,DB5,P15,DB5_P15_T36_r_slow_relabeled,L,primary,wf1_featurewise,3,DB5,DB5,True,0.9999918937683105
1199,DB4,P05,DB4_P05_T19_relabeled,R,primary,wf1_featurewise,3,DB4,DB4,True,0.9999104738235474
1224,DB5,P27,DB5_P27_T39_r_slow_relabeled,L,primary,wf1_featurewise,3,DB5,DB5,True,0.9999982118606567
1229,DB4,P50,DB4_P50_T03_relabeled,R,primary,wf1_featurewise,3,DB4,DB4,True,0.9999781847000122
1230,DB5,P03,DB5_P03_T33_r_slow_relabeled,L,primary,wf1_featurewise,3,DB5,DB5,True,0.9999996423721313
1243,DB4,P21,DB4_P21_T23_relabeled,R,primary,wf1_featurewise,3,DB4,DB4,True,0.9999709129333496
1250,DB4,P05,DB4_P05_T02_relabeled,R,primary,wf1_featurewise,3,DB4,DB4,True,0.9998288154602051
1255,DB4,P50,DB4_P50_T04_relabeled,R,primary,wf1_featurewise,3,DB4,DB4,True,0.9999204874038696
1256,DB5,P10,DB5_P10_T36_r_slow_relabeled,L,primary,wf1_featurewise,3,DB5,DB5,True,0.999995231628418
1258,DB5,P15,DB5_P15_T40_r_slow_relabeled,L,primary,wf1_featurewise,3,DB5,DB5,True,0.9999985694885254
1265,DB4,P50,DB4_P50_T21_relabeled,R,primary,wf1_featurewise,3,DB4,DB4,True,0.9996844530105591
1270,DB5,P03,DB5_P03_T11_r_comf_relabeled,L,primary,wf1_featurewise,3,DB5,DB5,True,0.9999997615814209
1271,DB5,P03,DB5_P03_T41_r_slow_relabeled,L,primary,wf1_featurewise,3,DB5,DB5,True,0.9999994039535522
1272,DB5,P10,DB5_P10_T04_l_comf_relabeled,L,primary,wf1_featurewise,3,DB5,DB5,True,0.9999994039535522
1278,DB3,P06,DB3_P06_A_T07_relabeled,R,primary,wf1_featurewise,3,DB3,DB3,True,0.999864935874939
1297,DB4,P05,DB4_P05_T08_relabeled,R,primary,wf1_featurewise,3,DB4,DB4,True,0.9992856383323669
1299,DB5,P10,DB5_P10_T01_l_comf_relabeled,L,primary,wf1_featurewise,3,DB5,DB5,True,0.999998927116394
1300,DB4,P27,DB4_P27_T22_relabeled,L,primary,wf1_featurewise,3,DB4,DB4,True,0.9999814033508301
1303,DB2,P02,DB2_P02_T02_-65_relabeled,L,primary,wf1_featurewise,3,DB2,DB2,True,1.0
1305,DB3,P06,DB3_P06_A_T09_relabeled,R,primary,wf1_featurewise,3,DB3,DB3,True,0.9998387098312378
1309,DB5,P15,DB5_P15_T37_r_slow_relabeled,L,primary,wf1_featurewise,3,DB5,DB5,True,0.9999973773956299
1318,DB5,P27,DB5_P27_T12_r_comf_relabeled,L,primary,wf1_featurewise,3,DB5,DB5,True,0.9999305009841919
1319,DB4,P27,DB4_P27_T11_relabeled,R,primary,wf1_featurewise,3,DB4,DB4,True,0.9999963045120239
1320,DB4,P01,DB4_P01_T04_relabeled,R,primary,wf1_featurewise,3,DB4,DB4,True,0.9998831748962402
1321,DB5,P27,DB5_P27_T20_r_comf_relabeled,L,primary,wf1_featurewise,3,DB5,DB5,True,0.9999990463256836
1325,DB5,P27,DB5_P27_T19_r_comf_relabeled,L,primary,wf1_featurewise,3,DB5,DB5,True,0.9999964237213135
1328,DB4,P57,DB4_P57_T18_relabeled,R,primary,wf1_featurewise,3,DB4,DB4,True,0.9999916553497314
1358,DB3,P13,DB3_P13_A_T01_relabeled,R,primary,wf1_featurewise,3,DB3,DB3,True,0.996570348739624
1361,DB4,P57,DB4_P57_T19_relabeled,R,primary,wf1_featurewise,3,DB4,DB4,True,0.9999920129776001
1365,DB3,P03,DB3_P03_A_T12_relabeled,L,primary,wf1_featurewise,3,DB3,DB3,True,0.999649167060852
1367,DB2,P03,DB2_P03_T04_-130_relabeled,L,primary,wf1_featurewise,3,DB2,DB2,True,0.9999978542327881
1368,DB4,P21,DB4_P21_T22_relabeled,R,primary,wf1_featurewise,3,DB4,DB4,True,0.9999639987945557
1370,DB5,P15,DB5_P15_T04_l_comf_relabeled,L,primary,wf1_featurewise,3,DB5,DB5,True,0.9999997615814209
1381,DB4,P30,DB4_P30_T03_relabeled,R,primary,wf1_featurewise,3,DB4,DB4,True,0.9996607303619385
1390,DB5,P03,DB5_P03_T35_r_slow_relabeled,L,primary,wf1_featurewise,3,DB5,DB5,True,0.9999998807907104
1398,DB3,P11,DB3_P11_A_T11,R,primary,wf1_featurewise,3,DB3,DB3,True,0.9998949766159058
1399,DB4,P03,DB4_P03_T11_relabeled,R,primary,wf1_featurewise,3,DB4,DB4,True,0.9999992847442627
1408,DB4,P16,DB4_P16_T03_relabeled,L,primary,wf1_featurewise,3,DB4,DB4,True,0.9987516403198242
1411,DB5,P27,DB5_P27_T09_l_comf_relabeled,L,primary,wf1_featurewise,3,DB5,DB5,True,0.9999995231628418
1412,DB4,P03,DB4_P03_T13_relabeled,R,primary,wf1_featurewise,3,DB4,DB4,True,0.9999574422836304
1419,DB1,P09,DB1_P09_C2_T05_relabeled,L,primary,wf1_featurewise,3,DB1,DB1,True,0.9990447163581848
1428,DB4,P30,DB4_P30_T15_relabeled,R,primary,wf1_featurewise,3,DB4,DB4,True,0.9995796084403992
1434,DB4,P30,DB4_P30_T14_relabeled,R,primary,wf1_featurewise,3,DB4,DB4,True,0.9997082352638245
1436,DB4,P16,DB4_P16_T17_relabeled,R,primary,wf1_featurewise,3,DB4,DB4,True,0.9999929666519165
1446,DB1,P09,DB1_P09_C3_T05_relabeled,L,primary,wf1_featurewise,3,DB1,DB1,True,0.9992524981498718
1449,DB4,P16,DB4_P16_T09_relabeled,R,primary,wf1_featurewise,3,DB4,DB4,True,0.9999866485595703
1450,DB5,P10,DB5_P10_T05_l_comf_relabeled,L,primary,wf1_featurewise,3,DB5,DB5,True,0.9999996423721313
1452,DB4,P50,DB4_P50_T20_relabeled,R,primary,wf1_featurewise,3,DB4,DB4,True,0.999966025352478
1454,DB4,P27,DB4_P27_T16_relabeled,R,primary,wf1_featurewise,3,DB4,DB4,True,0.9999997615814209
1457,DB3,P11,DB3_P11_A_T10,L,primary,wf1_featurewise,3,DB3,DB3,True,0.9984428286552429
1462,DB4,P21,DB4_P21_T09_relabeled,L,primary,wf1_featurewise,3,DB4,DB4,True,0.999976634979248
1481,DB4,P03,DB4_P03_T03_relabeled,R,primary,wf1_featurewise,3,DB4,DB4,True,0.9999984502792358
1485,DB5,P27,DB5_P27_T10_l_comf_relabeled,L,primary,wf1_featurewise,3,DB5,DB5,True,0.9999994039535522
1486,DB1,P04,DB1_P04_C3_T04_relabeled,L,primary,wf1_featurewise,3,DB1,DB1,True,0.9960589408874512
1487,DB1,P30,DB1_P30_C1_T04_relabeled,R,primary,wf1_featurewise,3,DB1,DB1,True,0.9590355157852173
1489,DB4,P57,DB4_P57_T21_relabeled,R,primary,wf1_featurewise,3,DB4,DB4,True,0.9999502897262573
1494,DB2,P02,DB2_P02_T02_-130_relabeled,L,primary,wf1_featurewise,3,DB2,DB2,True,1.0
1499,DB4,P01,DB4_P01_T06_relabeled,R,primary,wf1_featurewise,3,DB4,DB4,True,0.9994066953659058
1505,DB5,P27,DB5_P27_T15_r_comf_relabeled,L,primary,wf1_featurewise,3,DB5,DB5,True,0.9999978542327881
1514,DB1,P04,DB1_P04_C3_T03_relabeled,L,primary,wf1_featurewise,3,DB1,DB1,True,0.9946596026420593
1518,DB4,P05,DB4_P05_T03_relabeled,R,primary,wf1_featurewise,3,DB4,DB4,True,0.9975584745407104
1519,DB5,P15,DB5_P15_T38_r_slow_relabeled,L,primary,wf1_featurewise,3,DB5,DB5,True,0.9999991655349731
1527,DB5,P15,DB5_P15_T39_r_slow_relabeled,L,primary,wf1_featurewise,3,DB5,DB5,True,0.9999994039535522
1528,DB2,P03,DB2_P03_T06_65_relabeled,L,primary,wf1_featurewise,3,DB2,DB2,True,0.9999984502792358
1533,DB5,P10,DB5_P10_T22_l_slow_relabeled,L,primary,wf1_featurewise,3,DB5,DB5,True,0.9999990463256836
1534,DB2,P03,DB2_P03_T08_130_relabeled,L,primary,wf1_featurewise,3,DB2,DB2,True,0.9999988079071045
1538,DB5,P10,DB5_P10_T35_r_slow_relabeled,L,primary,wf1_featurewise,3,DB5,DB5,True,0.999995231628418
1544,DB4,P03,DB4_P03_T17_relabeled,R,primary,wf1_featurewise,3,DB4,DB4,True,0.999998927116394
1547,DB4,P50,DB4_P50_T06_relabeled,R,primary,wf1_featurewise,3,DB4,DB4,True,0.9999289512634277
1549,DB5,P15,DB5_P15_T11_l_comf_relabeled,L,primary,wf1_featurewise,3,DB5,DB5,True,0.9999994039535522
1551,DB5,P03,DB5_P03_T40_r_slow_relabeled,L,primary,wf1_featurewise,3,DB5,DB5,True,0.9999998807907104
1564,DB3,P11,DB3_P11_A_T08,L,primary,wf1_featurewise,3,DB3,DB3,True,0.9976262450218201
1574,DB1,P10,DB1_P10_C2_T04_relabeled,L,primary,wf1_featurewise,3,DB1,DB1,True,0.9997968077659607
1578,DB2,P02,DB2_P02_T05_65_relabeled,L,primary,wf1_featurewise,3,DB2,DB2,True,0.9999970197677612
1586,DB3,P06,DB3_P06_A_T03_relabeled,R,primary,wf1_featurewise,3,DB3,DB3,True,0.9997557997703552
1601,DB4,P03,DB4_P03_T20_relabeled,R,primary,wf1_featurewise,3,DB4,DB4,True,0.9999977350234985
1611,DB5,P27,DB5_P27_T30_l_slow_relabeled,L,primary,wf1_featurewise,3,DB5,DB5,True,0.9999986886978149
1615,DB4,P05,DB4_P05_T04_relabeled,R,primary,wf1_featurewise,3,DB4,DB4,True,0.9998403787612915
1619,DB2,P02,DB2_P02_T01_-65_relabeled,L,primary,wf1_featurewise,3,DB2,DB2,True,1.0
1622,DB4,P01,DB4_P01_T10_relabeled,R,primary,wf1_featurewise,3,DB4,DB4,True,0.9999902248382568
1625,DB5,P15,DB5_P15_T21_r_comf_relabeled,L,primary,wf1_featurewise,3,DB5,DB5,True,0.9999995231628418
1627,DB2,P02,DB2_P02_T03_250_relabeled,L,primary,wf1_featurewise,3,DB2,DB2,True,0.9999843835830688
1635,DB2,P02,DB2_P02_T04_250_relabeled,L,primary,wf1_featurewise,3,DB2,DB2,True,0.9999876022338867
1637,DB4,P16,DB4_P16_T13_relabeled,L,primary,wf1_featurewise,3,DB4,DB4,True,0.9982495903968811
1648,DB2,P03,DB2_P03_T04_250_relabeled,L,primary,wf1_featurewise,3,DB2,DB2,True,0.9999983310699463
1649,DB4,P03,DB4_P03_T21_relabeled,R,primary,wf1_featurewise,3,DB4,DB4,True,0.9999978542327881
1653,DB5,P27,DB5_P27_T17_r_comf_relabeled,L,primary,wf1_featurewise,3,DB5,DB5,True,0.9999974966049194
1660,DB5,P15,DB5_P15_T20_r_comf_relabeled,L,primary,wf1_featurewise,3,DB5,DB5,True,0.9999991655349731
1661,DB5,P03,DB5_P03_T19_r_comf_relabeled,L,primary,wf1_featurewise,3,DB5,DB5,True,0.9999997615814209
1664,DB5,P15,DB5_P15_T03_l_comf_relabeled,L,primary,wf1_featurewise,3,DB5,DB5,True,0.9999997615814209
1669,DB5,P10,DB5_P10_T34_r_slow_relabeled,L,primary,wf1_featurewise,3,DB5,DB5,True,0.9999997615814209
1670,DB4,P05,DB4_P05_T09_relabeled,R,primary,wf1_featurewise,3,DB4,DB4,True,0.9999786615371704
1679,DB5,P10,DB5_P10_T14_r_comf_relabeled,L,primary,wf1_featurewise,3,DB5,DB5,True,0.9999885559082031
1681,DB4,P27,DB4_P27_T17_relabeled,L,primary,wf1_featurewise,3,DB4,DB4,True,0.9999903440475464
1682,DB4,P03,DB4_P03_T05_relabeled,R,primary,wf1_featurewise,3,DB4,DB4,True,0.9999978542327881
1683,DB4,P03,DB4_P03_T10_relabeled,R,primary,wf1_featurewise,3,DB4,DB4,True,0.9999979734420776
1685,DB5,P10,DB5_P10_T37_r_slow_relabeled,L,primary,wf1_featurewise,3,DB5,DB5,True,0.9999992847442627
1692,DB5,P15,DB5_P15_T15_r_comf_relabeled,L,primary,wf1_featurewise,3,DB5,DB5,True,0.9999997615814209
1695,DB5,P27,DB5_P27_T27_l_slow_relabeled,L,primary,wf1_featurewise,3,DB5,DB5,True,0.9999973773956299
1696,DB5,P27,DB5_P27_T03_l_comf_relabeled,L,primary,wf1_featurewise,3,DB5,DB5,True,0.9999995231628418
1707,DB4,P57,DB4_P57_T06_relabeled,R,primary,wf1_featurewise,3,DB4,DB4,True,0.9999350309371948
1709,DB3,P13,DB3_P13_A_T09_relabeled,R,primary,wf1_featurewise,3,DB3,DB3,True,0.9972468614578247
1721,DB4,P57,DB4_P57_T04_relabeled,R,primary,wf1_featurewise,3,DB4,DB4,True,0.9999887943267822
1730,DB2,P02,DB2_P02_T05_250_relabeled,L,primary,wf1_featurewise,3,DB2,DB2,True,0.999484658241272
1739,DB4,P03,DB4_P03_T22_relabeled,R,primary,wf1_featurewise,3,DB4,DB4,True,0.9999920129776001
1741,DB4,P01,DB4_P01_T19_relabeled,R,primary,wf1_featurewise,3,DB4,DB4,True,0.999991774559021
1755,DB2,P02,DB2_P02_T04_-65_relabeled,L,primary,wf1_featurewise,3,DB2,DB2,True,0.9999997615814209
1760,DB2,P03,DB2_P03_T08_p_relabeled,L,primary,wf1_featurewise,3,DB2,DB2,True,0.9999699592590332
1768,DB5,P15,DB5_P15_T05_l_comf_relabeled,L,primary,wf1_featurewise,3,DB5,DB5,True,0.9999996423721313
1769,DB4,P50,DB4_P50_T14_relabeled,R,primary,wf1_featurewise,3,DB4,DB4,True,0.9997135996818542
1776,DB1,P13,DB1_P13_C2_T03_relabeled,L,primary,wf1_featurewise,3,DB1,DB1,True,0.9999456405639648
1777,DB1,P04,DB1_P04_C3_T01_relabeled,L,primary,wf1_featurewise,3,DB1,DB1,True,0.99894779920578
1782,DB2,P02,DB2_P02_T01_130_relabeled,L,primary,wf1_featurewise,3,DB2,DB2,True,0.999998927116394
1784,DB2,P03,DB2_P03_T03_65_relabeled,L,primary,wf1_featurewise,3,DB2,DB2,True,0.9999978542327881
1795,DB4,P57,DB4_P57_T17_relabeled,R,primary,wf1_featurewise,3,DB4,DB4,True,0.9999885559082031
1798,DB3,P06,DB3_P06_A_T08_relabeled,R,primary,wf1_featurewise,3,DB3,DB3,True,0.9999347925186157
1802,DB4,P30,DB4_P30_T02_relabeled,R,primary,wf1_featurewise,3,DB4,DB4,True,0.9996899366378784
1803,DB2,P02,DB2_P02_T04_130_relabeled,L,primary,wf1_featurewise,3,DB2,DB2,True,0.9999995231628418
1819,DB2,P02,DB2_P02_T05_130_relabeled,L,primary,wf1_featurewise,3,DB2,DB2,True,0.9999995231628418
1822,DB3,P11,DB3_P11_A_T05,R,primary,wf1_featurewise,3,DB3,DB3,True,0.9999691247940063
1826,DB5,P10,DB5_P10_T24_l_slow_relabeled,L,primary,wf1_featurewise,3,DB5,DB5,True,0.9999979734420776
1829,DB4,P21,DB4_P21_T03_relabeled,L,primary,wf1_featurewise,3,DB4,DB4,True,0.9894997477531433
1834,DB1,P04,DB1_P04_C2_T04_relabeled,L,primary,wf1_featurewise,3,DB1,DB1,True,0.999446451663971
1838,DB5,P03,DB5_P03_T37_r_slow_relabeled,L,primary,wf1_featurewise,3,DB5,DB5,True,0.9999994039535522
1840,DB4,P16,DB4_P16_T22_relabeled,R,primary,wf1_featurewise,3,DB4,DB4,True,0.9997047781944275
1845,DB4,P50,DB4_P50_T02_relabeled,R,primary,wf1_featurewise,3,DB4,DB4,True,0.9999897480010986
1846,DB5,P15,DB5_P15_T13_r_comf_relabeled,L,primary,wf1_featurewise,3,DB5,DB5,True,0.9999986886978149
1847,DB4,P16,DB4_P16_T05_relabeled,R,primary,wf1_featurewise,3,DB4,DB4,True,0.9999912977218628
1848,DB4,P57,DB4_P57_T07_relabeled,R,primary,wf1_featurewise,3,DB4,DB4,True,0.9999250173568726
1854,DB2,P02,DB2_P02_T01_p_relabeled,L,primary,wf1_featurewise,3,DB2,DB2,True,0.9999710321426392
1855,DB5,P27,DB5_P27_T04_l_comf_relabeled,L,primary,wf1_featurewise,3,DB5,DB5,True,0.9999997615814209
1856,DB4,P27,DB4_P27_T20_relabeled,R,primary,wf1_featurewise,3,DB4,DB4,True,0.9999992847442627
1860,DB3,P11,DB3_P11_A_T09,R,primary,wf1_featurewise,3,DB3,DB3,True,0.999931812286377
1869,DB3,P06,DB3_P06_A_T13_relabeled,L,primary,wf1_featurewise,3,DB3,DB3,True,0.9998866319656372
1886,DB5,P10,DB5_P10_T33_r_slow_relabeled,L,primary,wf1_featurewise,3,DB5,DB5,True,0.9999934434890747
1898,DB5,P03,DB5_P03_T34_r_slow_relabeled,L,primary,wf1_featurewise,3,DB5,DB5,True,0.9999996423721313
9,DB4,P42,DB4_P42_T15_relabeled,R,primary,wf1_featurewise,4,DB4,DB4,True,0.9999992847442627
10,DB5,P23,DB5_P23_T07_l_comf_relabeled,L,primary,wf1_featurewise,4,DB5,DB5,True,0.9999984502792358
16,DB4,P42,DB4_P42_T14_relabeled,R,primary,wf1_featurewise,4,DB4,DB4,True,0.9999992847442627
26,DB1,P42,DB1_P42_C3_T01_relabeled,L,primary,wf1_featurewise,4,DB1,DB1,True,0.9985361099243164
32,DB4,P46,DB4_P46_T19_relabeled,R,primary,wf1_featurewise,4,DB4,DB4,True,0.9999997615814209
34,DB5,P28,DB5_P28_T07_l_comf_relabeled,L,primary,wf1_featurewise,4,DB5,DB5,True,0.9999971389770508
36,DB4,P47,DB4_P47_T10_relabeled,R,primary,wf1_featurewise,4,DB4,DB4,True,0.9999969005584717
52,DB4,P46,DB4_P46_T13_relabeled,R,primary,wf1_featurewise,4,DB4,DB4,True,0.9999905824661255
53,DB5,P26,DB5_P26_T05_l_comf_relabeled,L,primary,wf1_featurewise,4,DB5,DB5,True,0.9999985694885254
55,DB4,P45,DB4_P45_T11_relabeled,R,primary,wf1_featurewise,4,DB4,DB4,True,0.9999998807907104
57,DB4,P42,DB4_P42_T06_relabeled,R,primary,wf1_featurewise,4,DB4,DB4,True,0.9999996423721313
59,DB4,P47,DB4_P47_T21_relabeled,R,primary,wf1_featurewise,4,DB4,DB4,True,0.9999449253082275
61,DB4,P46,DB4_P46_T21_relabeled,R,primary,wf1_featurewise,4,DB4,DB4,True,0.9999991655349731
70,DB5,P29,DB5_P29_T18_r_comf_relabeled,L,primary,wf1_featurewise,4,DB5,DB5,True,0.9999560117721558
71,DB5,P23,DB5_P23_T16_r_comf_relabeled,L,primary,wf1_featurewise,4,DB5,DB5,True,0.9999969005584717
78,DB1,P06,DB1_P06_C3_T01_relabeled,R,primary,wf1_featurewise,4,DB1,DB1,True,0.9983432292938232
85,DB4,P42,DB4_P42_T10_relabeled,R,primary,wf1_featurewise,4,DB4,DB4,True,0.9999992847442627
87,DB5,P26,DB5_P26_T16_r_comf_relabeled,L,primary,wf1_featurewise,4,DB5,DB5,True,0.999997615814209
90,DB4,P04,DB4_P04_T18_relabeled,R,primary,wf1_featurewise,4,DB4,DB4,True,1.0
92,DB5,P23,DB5_P23_T30_l_slow_relabeled,L,primary,wf1_featurewise,4,DB5,DB5,True,0.999997615814209
115,DB3,P19,DB3_P19_A_T01,L,primary,wf1_featurewise,4,DB3,DB3,True,0.9979127049446106
117,DB5,P28,DB5_P28_T29_l_slow_relabeled,L,primary,wf1_featurewise,4,DB5,DB5,True,0.9999933242797852
118,DB3,P19,DB3_P19_A_T13,L,primary,wf1_featurewise,4,DB3,DB3,True,0.9991704225540161
120,DB5,P26,DB5_P26_T04_l_comf_relabeled,L,primary,wf1_featurewise,4,DB5,DB5,True,0.9999978542327881
123,DB5,P28,DB5_P28_T08_l_comf_relabeled,L,primary,wf1_featurewise,4,DB5,DB5,True,0.9999980926513672
124,DB5,P23,DB5_P23_T02_l_comf_relabeled,L,primary,wf1_featurewise,4,DB5,DB5,True,0.9999916553497314
125,DB4,P47,DB4_P47_T13_relabeled,R,primary,wf1_featurewise,4,DB4,DB4,True,0.9999986886978149
136,DB5,P29,DB5_P29_T13_r_comf_relabeled,L,primary,wf1_featurewise,4,DB5,DB5,True,0.9999868869781494
137,DB4,P19,DB4_P19_T19_relabeled,R,primary,wf1_featurewise,4,DB4,DB4,True,0.9999979734420776
141,DB5,P23,DB5_P23_T04_l_comf_relabeled,L,primary,wf1_featurewise,4,DB5,DB5,True,0.9999978542327881
145,DB3,P19,DB3_P19_A_T09,L,primary,wf1_featurewise,4,DB3,DB3,True,0.9986849427223206
149,DB2,P12,DB2_P12_T01_65_relabeled,L,primary,wf1_featurewise,4,DB2,DB2,True,0.9999994039535522
150,DB5,P28,DB5_P28_T02_l_comf_relabeled,L,primary,wf1_featurewise,4,DB5,DB5,True,0.9999979734420776
152,DB4,P04,DB4_P04_T13_relabeled,R,primary,wf1_featurewise,4,DB4,DB4,True,1.0
154,DB1,P05,DB1_P05_C3_T03_relabeled,L,primary,wf1_featurewise,4,DB1,DB1,True,0.8239530920982361
159,DB4,P53,DB4_P53_T16_relabeled,R,primary,wf1_featurewise,4,DB4,DB4,True,0.9999949932098389
168,DB5,P26,DB5_P26_T28_l_slow_relabeled,L,primary,wf1_featurewise,4,DB5,DB5,True,0.9999866485595703
170,DB2,P12,DB2_P12_T04_130_relabeled,L,primary,wf1_featurewise,4,DB2,DB2,True,0.999997615814209
175,DB4,P08,DB4_P08_T06_relabeled,R,primary,wf1_featurewise,4,DB4,DB4,True,0.9999998807907104
178,DB4,P45,DB4_P45_T21_relabeled,R,primary,wf1_featurewise,4,DB4,DB4,True,0.9999998807907104
179,DB2,P12,DB2_P12_T04_250_relabeled,L,primary,wf1_featurewise,4,DB2,DB2,True,0.9999997615814209
181,DB4,P08,DB4_P08_T18_relabeled,R,primary,wf1_featurewise,4,DB4,DB4,True,0.9999982118606567
186,DB5,P23,DB5_P23_T35_r_slow_relabeled,L,primary,wf1_featurewise,4,DB5,DB5,True,0.999997615814209
187,DB2,P01,DB2_P01_T01_p_relabeled,L,primary,wf1_featurewise,4,DB2,DB2,True,0.9999555349349976
189,DB4,P53,DB4_P53_T08_relabeled,R,primary,wf1_featurewise,4,DB4,DB4,True,0.9999996423721313
200,DB5,P29,DB5_P29_T09_l_comf_relabeled,L,primary,wf1_featurewise,4,DB5,DB5,True,0.999996542930603
201,DB1,P49,DB1_P49_C3_T04_relabeled,L,primary,wf1_featurewise,4,DB1,DB1,True,0.9931063055992126
211,DB5,P23,DB5_P23_T25_l_slow_relabeled,L,primary,wf1_featurewise,4,DB5,DB5,True,0.9999961853027344
215,DB5,P23,DB5_P23_T05_l_comf_relabeled,L,primary,wf1_featurewise,4,DB5,DB5,True,0.9999969005584717
221,DB5,P28,DB5_P28_T28_l_slow_relabeled,L,primary,wf1_featurewise,4,DB5,DB5,True,0.9999967813491821
224,DB4,P04,DB4_P04_T02_relabeled,R,primary,wf1_featurewise,4,DB4,DB4,True,1.0
225,DB1,P17,DB1_P17_C2_T05_relabeled,L,primary,wf1_featurewise,4,DB1,DB1,True,0.9998812675476074
229,DB2,P12,DB2_P12_T03_250_relabeled,L,primary,wf1_featurewise,4,DB2,DB2,True,0.9999966621398926
232,DB2,P12,DB2_P12_T02_130_relabeled,L,primary,wf1_featurewise,4,DB2,DB2,True,0.9999984502792358
233,DB2,P12,DB2_P12_T02_-130_relabeled,L,primary,wf1_featurewise,4,DB2,DB2,True,0.9999850988388062
236,DB1,P49,DB1_P49_C3_T03_relabeled,L,primary,wf1_featurewise,4,DB1,DB1,True,0.9886291027069092
237,DB5,P23,DB5_P23_T14_r_comf_relabeled,L,primary,wf1_featurewise,4,DB5,DB5,True,0.9999955892562866
240,DB3,P10,DB3_P10_A_T04,L,primary,wf1_featurewise,4,DB3,DB3,True,0.9990032315254211
241,DB5,P26,DB5_P26_T06_l_comf_relabeled,L,primary,wf1_featurewise,4,DB5,DB5,True,0.9999970197677612
255,DB1,P17,DB1_P17_C2_T03_relabeled,L,primary,wf1_featurewise,4,DB1,DB1,True,0.9995642304420471
259,DB3,P16,DB3_P16_A_T02_relabeled,L,primary,wf1_featurewise,4,DB3,DB3,True,0.9329124689102173
260,DB4,P19,DB4_P19_T03_relabeled,R,primary,wf1_featurewise,4,DB4,DB4,True,0.9999955892562866
262,DB1,P06,DB1_P06_C3_T02_relabeled,L,primary,wf1_featurewise,4,DB1,DB1,True,0.9995455145835876
264,DB4,P47,DB4_P47_T18_relabeled,R,primary,wf1_featurewise,4,DB4,DB4,True,0.9999971389770508
267,DB5,P23,DB5_P23_T03_l_comf_relabeled,L,primary,wf1_featurewise,4,DB5,DB5,True,0.9999982118606567
277,DB2,P12,DB2_P12_T01_p_relabeled,L,primary,wf1_featurewise,4,DB2,DB2,True,0.9999322891235352
279,DB3,P18,DB3_P18_A_T03,L,primary,wf1_featurewise,4,DB3,DB3,True,0.9714937806129456
280,DB4,P47,DB4_P47_T14_relabeled,R,primary,wf1_featurewise,4,DB4,DB4,True,0.9999994039535522
283,DB3,P18,DB3_P18_A_T01,L,primary,wf1_featurewise,4,DB3,DB3,True,0.9219324588775635
286,DB4,P42,DB4_P42_T05_relabeled,R,primary,wf1_featurewise,4,DB4,DB4,True,0.9999997615814209
287,DB2,P01,DB2_P01_T11_p_relabeled,L,primary,wf1_featurewise,4,DB2,DB2,True,0.9999996423721313
290,DB4,P53,DB4_P53_T11_relabeled,R,primary,wf1_featurewise,4,DB4,DB4,True,0.9999991655349731
296,DB5,P26,DB5_P26_T36_r_slow_relabeled,L,primary,wf1_featurewise,4,DB5,DB5,True,0.9999536275863647
305,DB5,P29,DB5_P29_T10_l_comf_relabeled,L,primary,wf1_featurewise,4,DB5,DB5,True,0.9999972581863403
309,DB5,P28,DB5_P28_T20_r_comf_relabeled,L,primary,wf1_featurewise,4,DB5,DB5,True,0.9999988079071045
326,DB2,P12,DB2_P12_T04_-65_relabeled,L,primary,wf1_featurewise,4,DB2,DB2,True,0.9999842643737793
328,DB5,P29,DB5_P29_T24_l_slow_relabeled,L,primary,wf1_featurewise,4,DB5,DB5,True,0.9991880059242249
335,DB3,P19,DB3_P19_A_T15,L,primary,wf1_featurewise,4,DB3,DB3,True,0.9993785619735718
338,DB4,P19,DB4_P19_T18_relabeled,R,primary,wf1_featurewise,4,DB4,DB4,True,0.9999991655349731
356,DB4,P04,DB4_P04_T12_relabeled,R,primary,wf1_featurewise,4,DB4,DB4,True,0.9999998807907104
361,DB3,P19,DB3_P19_A_T19,R,primary,wf1_featurewise,4,DB3,DB3,True,0.9998077750205994
362,DB4,P19,DB4_P19_T02_relabeled,R,primary,wf1_featurewise,4,DB4,DB4,True,0.9999942779541016
363,DB4,P46,DB4_P46_T05_relabeled,R,primary,wf1_featurewise,4,DB4,DB4,True,0.9999873638153076
366,DB2,P12,DB2_P12_T05_65_relabeled,L,primary,wf1_featurewise,4,DB2,DB2,True,0.9999990463256836
369,DB5,P28,DB5_P28_T39_r_slow_relabeled,L,primary,wf1_featurewise,4,DB5,DB5,True,0.9999867677688599
377,DB3,P18,DB3_P18_A_T14,L,primary,wf1_featurewise,4,DB3,DB3,True,0.9748296737670898
382,DB5,P26,DB5_P26_T02_l_comf_relabeled,L,primary,wf1_featurewise,4,DB5,DB5,True,0.9999986886978149
390,DB2,P01,DB2_P01_T09_-130_relabeled,L,primary,wf1_featurewise,4,DB2,DB2,True,1.0
421,DB3,P19,DB3_P19_A_T02,L,primary,wf1_featurewise,4,DB3,DB3,True,0.9995369911193848
422,DB2,P01,DB2_P01_T07_-130_relabeled,L,primary,wf1_featurewise,4,DB2,DB2,True,1.0
424,DB2,P01,DB2_P01_T01_130_relabeled,L,primary,wf1_featurewise,4,DB2,DB2,True,1.0
429,DB5,P26,DB5_P26_T08_l_comf_relabeled,L,primary,wf1_featurewise,4,DB5,DB5,True,0.9999986886978149
435,DB4,P45,DB4_P45_T22_relabeled,R,primary,wf1_featurewise,4,DB4,DB4,True,0.9999998807907104
438,DB2,P12,DB2_P12_T05_-65_relabeled,L,primary,wf1_featurewise,4,DB2,DB2,True,0.9999563694000244
444,DB2,P01,DB2_P01_T02_250_relabeled,L,primary,wf1_featurewise,4,DB2,DB2,True,0.9999998807907104
465,DB3,P18,DB3_P18_A_T13,L,primary,wf1_featurewise,4,DB3,DB3,True,0.9540148973464966
474,DB5,P23,DB5_P23_T17_r_comf_relabeled,L,primary,wf1_featurewise,4,DB5,DB5,True,0.9999977350234985
476,DB4,P45,DB4_P45_T04_relabeled,R,primary,wf1_featurewise,4,DB4,DB4,True,0.9999998807907104
477,DB4,P46,DB4_P46_T17_relabeled,R,primary,wf1_featurewise,4,DB4,DB4,True,0.9999991655349731
481,DB5,P28,DB5_P28_T40_r_slow_relabeled,L,primary,wf1_featurewise,4,DB5,DB5,True,0.9999963045120239
482,DB5,P23,DB5_P23_T37_r_slow_relabeled,L,primary,wf1_featurewise,4,DB5,DB5,True,0.9999970197677612
497,DB2,P12,DB2_P12_T02_-65_relabeled,L,primary,wf1_featurewise,4,DB2,DB2,True,0.9999942779541016
504,DB3,P10,DB3_P10_A_T06,L,primary,wf1_featurewise,4,DB3,DB3,True,0.9987565279006958
505,DB5,P29,DB5_P29_T03_l_comf_relabeled,L,primary,wf1_featurewise,4,DB5,DB5,True,0.9999961853027344
508,DB5,P28,DB5_P28_T11_r_comf_relabeled,L,primary,wf1_featurewise,4,DB5,DB5,True,0.9999982118606567
509,DB3,P16,DB3_P16_A_T09_relabeled,R,primary,wf1_featurewise,4,DB3,DB3,True,0.9693809747695923
514,DB3,P16,DB3_P16_A_T05_relabeled,L,primary,wf1_featurewise,4,DB3,DB3,True,0.8716347217559814
519,DB4,P47,DB4_P47_T06_relabeled,R,primary,wf1_featurewise,4,DB4,DB4,True,0.9999891519546509
526,DB5,P29,DB5_P29_T12_r_comf_relabeled,L,primary,wf1_featurewise,4,DB5,DB5,True,0.9999943971633911
528,DB5,P23,DB5_P23_T28_l_slow_relabeled,L,primary,wf1_featurewise,4,DB5,DB5,True,0.9999990463256836
541,DB1,P47,DB1_P47_C2_T02_relabeled,L,primary,wf1_featurewise,4,DB1,DB1,True,0.9994378685951233
542,DB4,P08,DB4_P08_T11_relabeled,R,primary,wf1_featurewise,4,DB4,DB4,True,0.9999997615814209
551,DB4,P19,DB4_P19_T08_relabeled,R,primary,wf1_featurewise,4,DB4,DB4,True,0.9999594688415527
572,DB5,P23,DB5_P23_T29_l_slow_relabeled,L,primary,wf1_featurewise,4,DB5,DB5,True,0.9999988079071045
573,DB2,P12,DB2_P12_T03_-130_relabeled,L,primary,wf1_featurewise,4,DB2,DB2,True,0.9999933242797852
577,DB5,P26,DB5_P26_T01_l_comf_relabeled,L,primary,wf1_featurewise,4,DB5,DB5,True,0.9999978542327881
585,DB2,P12,DB2_P12_T03_p_relabeled,L,primary,wf1_featurewise,4,DB2,DB2,True,0.9954178333282471
589,DB5,P28,DB5_P28_T05_l_comf_relabeled,L,primary,wf1_featurewise,4,DB5,DB5,True,0.9999949932098389
617,DB5,P29,DB5_P29_T08_l_comf_relabeled,L,primary,wf1_featurewise,4,DB5,DB5,True,0.9999980926513672
620,DB5,P23,DB5_P23_T13_r_comf_relabeled,L,primary,wf1_featurewise,4,DB5,DB5,True,0.9999984502792358
625,DB5,P23,DB5_P23_T01_l_comf_relabeled,L,primary,wf1_featurewise,4,DB5,DB5,True,0.9999946355819702
626,DB4,P42,DB4_P42_T19_relabeled,R,primary,wf1_featurewise,4,DB4,DB4,True,0.9999985694885254
631,DB4,P42,DB4_P42_T12_relabeled,R,primary,wf1_featurewise,4,DB4,DB4,True,0.9999996423721313
632,DB5,P29,DB5_P29_T15_r_comf_relabeled,L,primary,wf1_featurewise,4,DB5,DB5,True,0.9999912977218628
633,DB4,P45,DB4_P45_T02_relabeled,R,primary,wf1_featurewise,4,DB4,DB4,True,0.9999998807907104
634,DB2,P01,DB2_P01_T04_250_relabeled,L,primary,wf1_featurewise,4,DB2,DB2,True,0.9999997615814209
636,DB4,P19,DB4_P19_T05_relabeled,R,primary,wf1_featurewise,4,DB4,DB4,True,0.9999985694885254
648,DB2,P01,DB2_P01_T02_130_relabeled,L,primary,wf1_featurewise,4,DB2,DB2,True,1.0
650,DB3,P19,DB3_P19_A_T11,L,primary,wf1_featurewise,4,DB3,DB3,True,0.9985669255256653
652,DB1,P05,DB1_P05_C2_T01_relabeled,L,primary,wf1_featurewise,4,DB1,DB1,True,0.9983647465705872
658,DB5,P29,DB5_P29_T16_r_comf_relabeled,L,primary,wf1_featurewise,4,DB5,DB5,True,0.9999892711639404
660,DB1,P06,DB1_P06_C3_T05_relabeled,L,primary,wf1_featurewise,4,DB1,DB1,True,0.9994515776634216
666,DB3,P16,DB3_P16_A_T08_relabeled,R,primary,wf1_featurewise,4,DB3,DB3,True,0.6692249178886414
672,DB1,P47,DB1_P47_C2_T01_relabeled,L,primary,wf1_featurewise,4,DB1,DB1,True,0.9978156089782715
673,DB2,P12,DB2_P12_T03_130_relabeled,L,primary,wf1_featurewise,4,DB2,DB2,True,0.9999971389770508
681,DB5,P29,DB5_P29_T01_l_comf_relabeled,L,primary,wf1_featurewise,4,DB5,DB5,True,0.9999948740005493
682,DB4,P49,DB4_P49_T10_relabeled,R,primary,wf1_featurewise,4,DB4,DB4,True,0.9999998807907104
684,DB3,P10,DB3_P10_A_T09,R,primary,wf1_featurewise,4,DB3,DB3,True,0.9999027252197266
685,DB2,P01,DB2_P01_T05_-65_relabeled,L,primary,wf1_featurewise,4,DB2,DB2,True,1.0
686,DB5,P28,DB5_P28_T15_r_comf_relabeled,L,primary,wf1_featurewise,4,DB5,DB5,True,0.999997615814209
687,DB5,P23,DB5_P23_T27_l_slow_relabeled,L,primary,wf1_featurewise,4,DB5,DB5,True,0.999996542930603
694,DB5,P28,DB5_P28_T22_l_slow_relabeled,L,primary,wf1_featurewise,4,DB5,DB5,True,0.9999938011169434
711,DB2,P12,DB2_P12_T05_-130_relabeled,L,primary,wf1_featurewise,4,DB2,DB2,True,0.9999991655349731
714,DB2,P01,DB2_P01_T06_p_relabeled,L,primary,wf1_featurewise,4,DB2,DB2,True,0.9999865293502808
720,DB5,P23,DB5_P23_T23_l_slow_relabeled,L,primary,wf1_featurewise,4,DB5,DB5,True,0.9999988079071045
725,DB5,P28,DB5_P28_T03_l_comf_relabeled,L,primary,wf1_featurewise,4,DB5,DB5,True,0.9999978542327881
730,DB4,P45,DB4_P45_T03_relabeled,R,primary,wf1_featurewise,4,DB4,DB4,True,0.9999997615814209
732,DB2,P12,DB2_P12_T02_250_relabeled,L,primary,wf1_featurewise,4,DB2,DB2,True,0.9999927282333374
746,DB4,P08,DB4_P08_T08_relabeled,R,primary,wf1_featurewise,4,DB4,DB4,True,0.9999996423721313
747,DB4,P53,DB4_P53_T09_relabeled,R,primary,wf1_featurewise,4,DB4,DB4,True,0.9999998807907104
750,DB1,P02,DB1_P02_C3_T01_relabeled,L,primary,wf1_featurewise,4,DB1,DB1,True,0.9997908473014832
760,DB4,P47,DB4_P47_T15_relabeled,R,primary,wf1_featurewise,4,DB4,DB4,True,0.9997901320457458
762,DB4,P42,DB4_P42_T21_relabeled,R,primary,wf1_featurewise,4,DB4,DB4,True,0.9999991655349731
763,DB4,P46,DB4_P46_T08_relabeled,R,primary,wf1_featurewise,4,DB4,DB4,True,0.999996542930603
764,DB4,P19,DB4_P19_T13_relabeled,L,primary,wf1_featurewise,4,DB4,DB4,True,0.9992707371711731
765,DB5,P26,DB5_P26_T15_r_comf_relabeled,L,primary,wf1_featurewise,4,DB5,DB5,True,0.9999991655349731
766,DB4,P45,DB4_P45_T15_relabeled,R,primary,wf1_featurewise,4,DB4,DB4,True,0.9999998807907104
770,DB5,P28,DB5_P28_T24_l_slow_relabeled,L,primary,wf1_featurewise,4,DB5,DB5,True,0.9999963045120239
783,DB5,P28,DB5_P28_T25_l_slow_relabeled,L,primary,wf1_featurewise,4,DB5,DB5,True,0.9999884366989136
795,DB2,P01,DB2_P01_T04_65_relabeled,L,primary,wf1_featurewise,4,DB2,DB2,True,1.0
797,DB3,P18,DB3_P18_A_T08,R,primary,wf1_featurewise,4,DB3,DB3,True,0.982970118522644
821,DB5,P26,DB5_P26_T19_r_comf_relabeled,L,primary,wf1_featurewise,4,DB5,DB5,True,0.9999992847442627
827,DB5,P23,DB5_P23_T38_r_slow_relabeled,L,primary,wf1_featurewise,4,DB5,DB5,True,0.9999974966049194
832,DB4,P45,DB4_P45_T17_relabeled,R,primary,wf1_featurewise,4,DB4,DB4,True,0.9999995231628418
834,DB5,P26,DB5_P26_T35_r_slow_relabeled,L,primary,wf1_featurewise,4,DB5,DB5,True,0.9999479055404663
837,DB2,P12,DB2_P12_T01_130_relabeled,L,primary,wf1_featurewise,4,DB2,DB2,True,0.9999949932098389
838,DB5,P28,DB5_P28_T06_l_comf_relabeled,L,primary,wf1_featurewise,4,DB5,DB5,True,0.9999964237213135
841,DB5,P26,DB5_P26_T18_r_comf_relabeled,L,primary,wf1_featurewise,4,DB5,DB5,True,0.9999995231628418
847,DB2,P12,DB2_P12_T05_p_relabeled,L,primary,wf1_featurewise,4,DB2,DB2,True,0.9999877214431763
849,DB4,P46,DB4_P46_T16_relabeled,R,primary,wf1_featurewise,4,DB4,DB4,True,0.9998321533203125
855,DB5,P23,DB5_P23_T40_r_slow_relabeled,L,primary,wf1_featurewise,4,DB5,DB5,True,0.9999979734420776
867,DB2,P01,DB2_P01_T01_250_relabeled,L,primary,wf1_featurewise,4,DB2,DB2,True,1.0
868,DB4,P04,DB4_P04_T11_relabeled,R,primary,wf1_featurewise,4,DB4,DB4,True,0.9999998807907104
875,DB4,P19,DB4_P19_T11_relabeled,L,primary,wf1_featurewise,4,DB4,DB4,True,0.9991869330406189
878,DB5,P23,DB5_P23_T21_l_slow_relabeled,L,primary,wf1_featurewise,4,DB5,DB5,True,0.9999985694885254
883,DB4,P47,DB4_P47_T17_relabeled,R,primary,wf1_featurewise,4,DB4,DB4,True,0.9999946355819702
884,DB3,P16,DB3_P16_A_T06_relabeled,L,primary,wf1_featurewise,4,DB3,DB3,True,0.9080072045326233
897,DB4,P53,DB4_P53_T02_relabeled,R,primary,wf1_featurewise,4,DB4,DB4,True,0.9999977350234985
898,DB4,P45,DB4_P45_T14_relabeled,R,primary,wf1_featurewise,4,DB4,DB4,True,0.9999996423721313
899,DB1,P06,DB1_P06_C1_T04_relabeled,L,primary,wf1_featurewise,4,DB1,DB1,True,0.9997017979621887
901,DB4,P08,DB4_P08_T14_relabeled,R,primary,wf1_featurewise,4,DB4,DB4,True,0.9999998807907104
906,DB3,P10,DB3_P10_A_T15,R,primary,wf1_featurewise,4,DB3,DB3,True,0.9998542070388794
909,DB4,P46,DB4_P46_T20_relabeled,R,primary,wf1_featurewise,4,DB4,DB4,True,0.9999990463256836
930,DB5,P28,DB5_P28_T17_r_comf_relabeled,L,primary,wf1_featurewise,4,DB5,DB5,True,0.9999982118606567
935,DB4,P42,DB4_P42_T18_relabeled,R,primary,wf1_featurewise,4,DB4,DB4,True,0.999998927116394
938,DB5,P23,DB5_P23_T10_l_comf_relabeled,L,primary,wf1_featurewise,4,DB5,DB5,True,0.9999958276748657
939,DB3,P18,DB3_P18_A_T11,R,primary,wf1_featurewise,4,DB3,DB3,True,0.9847501516342163
941,DB5,P28,DB5_P28_T32_r_slow_relabeled,L,primary,wf1_featurewise,4,DB5,DB5,True,0.999994158744812
944,DB5,P23,DB5_P23_T39_r_slow_relabeled,L,primary,wf1_featurewise,4,DB5,DB5,True,0.9999969005584717
945,DB2,P12,DB2_P12_T07_-130_relabeled,L,primary,wf1_featurewise,4,DB2,DB2,True,0.9999992847442627
958,DB3,P19,DB3_P19_A_T20,R,primary,wf1_featurewise,4,DB3,DB3,True,0.9996683597564697
959,DB5,P28,DB5_P28_T26_l_slow_relabeled,L,primary,wf1_featurewise,4,DB5,DB5,True,0.9999958276748657
960,DB2,P12,DB2_P12_T04_65_relabeled,L,primary,wf1_featurewise,4,DB2,DB2,True,0.9999778270721436
964,DB4,P47,DB4_P47_T09_relabeled,R,primary,wf1_featurewise,4,DB4,DB4,True,0.9999986886978149
969,DB4,P49,DB4_P49_T13_relabeled,R,primary,wf1_featurewise,4,DB4,DB4,True,1.0
974,DB3,P18,DB3_P18_A_T09,R,primary,wf1_featurewise,4,DB3,DB3,True,0.9705731868743896
975,DB1,P06,DB1_P06_C1_T01_relabeled,L,primary,wf1_featurewise,4,DB1,DB1,True,0.9999961853027344
982,DB4,P45,DB4_P45_T09_relabeled,R,primary,wf1_featurewise,4,DB4,DB4,True,0.9999997615814209
994,DB5,P26,DB5_P26_T03_l_comf_relabeled,L,primary,wf1_featurewise,4,DB5,DB5,True,0.9999955892562866
997,DB4,P45,DB4_P45_T19_relabeled,R,primary,wf1_featurewise,4,DB4,DB4,True,0.9999998807907104
1002,DB2,P12,DB2_P12_T03_65_relabeled,L,primary,wf1_featurewise,4,DB2,DB2,True,0.9999982118606567
1004,DB4,P47,DB4_P47_T07_relabeled,R,primary,wf1_featurewise,4,DB4,DB4,True,0.9999982118606567
1013,DB2,P12,DB2_P12_T04_-130_relabeled,L,primary,wf1_featurewise,4,DB2,DB2,True,0.9999828338623047
1014,DB5,P28,DB5_P28_T35_r_slow_relabeled,L,primary,wf1_featurewise,4,DB5,DB5,True,0.9999949932098389
1016,DB1,P17,DB1_P17_C2_T04_relabeled,L,primary,wf1_featurewise,4,DB1,DB1,True,0.9989520311355591
1018,DB1,P06,DB1_P06_C2_T02_relabeled,L,primary,wf1_featurewise,4,DB1,DB1,True,0.9999756813049316
1021,DB5,P23,DB5_P23_T18_r_comf_relabeled,L,primary,wf1_featurewise,4,DB5,DB5,True,0.9999959468841553
1025,DB4,P08,DB4_P08_T22_relabeled,R,primary,wf1_featurewise,4,DB4,DB4,True,1.0
1033,DB2,P12,DB2_P12_T01_250_relabeled,L,primary,wf1_featurewise,4,DB2,DB2,True,0.9999996423721313
1036,DB5,P23,DB5_P23_T11_r_comf_relabeled,L,primary,wf1_featurewise,4,DB5,DB5,True,0.9999983310699463
1043,DB4,P04,DB4_P04_T03_relabeled,R,primary,wf1_featurewise,4,DB4,DB4,True,0.9999997615814209
1046,DB5,P28,DB5_P28_T37_r_slow_relabeled,L,primary,wf1_featurewise,4,DB5,DB5,True,0.9999948740005493
1048,DB4,P49,DB4_P49_T19_relabeled,R,primary,wf1_featurewise,4,DB4,DB4,True,0.9999998807907104
1056,DB2,P12,DB2_P12_T03_-65_relabeled,L,primary,wf1_featurewise,4,DB2,DB2,True,0.9999847412109375
1057,DB5,P28,DB5_P28_T38_r_slow_relabeled,L,primary,wf1_featurewise,4,DB5,DB5,True,0.9999924898147583
1058,DB4,P47,DB4_P47_T08_relabeled,R,primary,wf1_featurewise,4,DB4,DB4,True,0.9999991655349731
1068,DB4,P45,DB4_P45_T10_relabeled,R,primary,wf1_featurewise,4,DB4,DB4,True,0.9999996423721313
1070,DB2,P01,DB2_P01_T08_-130_relabeled,L,primary,wf1_featurewise,4,DB2,DB2,True,1.0
1083,DB4,P45,DB4_P45_T23_relabeled,R,primary,wf1_featurewise,4,DB4,DB4,True,0.9999998807907104
1087,DB5,P28,DB5_P28_T36_r_slow_relabeled,L,primary,wf1_featurewise,4,DB5,DB5,True,0.9999954700469971
1092,DB1,P17,DB1_P17_C2_T01_relabeled,L,primary,wf1_featurewise,4,DB1,DB1,True,0.998193085193634
1093,DB5,P28,DB5_P28_T18_r_comf_relabeled,L,primary,wf1_featurewise,4,DB5,DB5,True,0.9999960660934448
1111,DB5,P29,DB5_P29_T17_r_comf_relabeled,L,primary,wf1_featurewise,4,DB5,DB5,True,0.9999736547470093
1117,DB4,P08,DB4_P08_T20_relabeled,R,primary,wf1_featurewise,4,DB4,DB4,True,0.9999997615814209
1118,DB4,P53,DB4_P53_T06_relabeled,R,primary,wf1_featurewise,4,DB4,DB4,True,0.9999995231628418
1122,DB4,P46,DB4_P46_T14_relabeled,R,primary,wf1_featurewise,4,DB4,DB4,True,0.9999998807907104
1123,DB4,P47,DB4_P47_T03_relabeled,R,primary,wf1_featurewise,4,DB4,DB4,True,0.9999765157699585
1147,DB4,P45,DB4_P45_T20_relabeled,R,primary,wf1_featurewise,4,DB4,DB4,True,0.9999997615814209
1148,DB2,P12,DB2_P12_T05_250_relabeled,L,primary,wf1_featurewise,4,DB2,DB2,True,1.0
1150,DB4,P49,DB4_P49_T08_relabeled,R,primary,wf1_featurewise,4,DB4,DB4,True,0.9999998807907104
1151,DB5,P23,DB5_P23_T12_r_comf_relabeled,L,primary,wf1_featurewise,4,DB5,DB5,True,0.9999986886978149
1154,DB4,P53,DB4_P53_T14_relabeled,R,primary,wf1_featurewise,4,DB4,DB4,True,0.9999994039535522
1155,DB1,P02,DB1_P02_C2_T03_relabeled,L,primary,wf1_featurewise,4,DB1,DB1,True,0.9999887943267822
1168,DB3,P10,DB3_P10_A_T13,R,primary,wf1_featurewise,4,DB3,DB3,True,0.9997990727424622
1170,DB5,P23,DB5_P23_T34_r_slow_relabeled,L,primary,wf1_featurewise,4,DB5,DB5,True,0.9999966621398926
1171,DB4,P19,DB4_P19_T12_relabeled,R,primary,wf1_featurewise,4,DB4,DB4,True,0.9999922513961792
1177,DB4,P49,DB4_P49_T11_relabeled,R,primary,wf1_featurewise,4,DB4,DB4,True,0.9999998807907104
1178,DB4,P42,DB4_P42_T16_relabeled,R,primary,wf1_featurewise,4,DB4,DB4,True,0.9999997615814209
1179,DB2,P12,DB2_P12_T05_130_relabeled,L,primary,wf1_featurewise,4,DB2,DB2,True,0.9999973773956299
1182,DB2,P12,DB2_P12_T02_p_relabeled,L,primary,wf1_featurewise,4,DB2,DB2,True,0.9985059499740601
1186,DB4,P42,DB4_P42_T20_relabeled,R,primary,wf1_featurewise,4,DB4,DB4,True,0.9999945163726807
1195,DB1,P17,DB1_P17_C3_T04_relabeled,L,primary,wf1_featurewise,4,DB1,DB1,True,0.9805130958557129
1203,DB4,P49,DB4_P49_T04_relabeled,R,primary,wf1_featurewise,4,DB4,DB4,True,0.9999998807907104
1207,DB3,P10,DB3_P10_A_T16,R,primary,wf1_featurewise,4,DB3,DB3,True,0.9998606443405151
1211,DB4,P42,DB4_P42_T07_relabeled,R,primary,wf1_featurewise,4,DB4,DB4,True,0.9999908208847046
1214,DB5,P26,DB5_P26_T26_l_slow_relabeled,L,primary,wf1_featurewise,4,DB5,DB5,True,0.9999755620956421
1216,DB5,P29,DB5_P29_T02_l_comf_relabeled,L,primary,wf1_featurewise,4,DB5,DB5,True,0.9999977350234985
1218,DB4,P04,DB4_P04_T14_relabeled,R,primary,wf1_featurewise,4,DB4,DB4,True,0.9999997615814209
1219,DB2,P01,DB2_P01_T01_65_relabeled,L,primary,wf1_featurewise,4,DB2,DB2,True,1.0
1220,DB4,P49,DB4_P49_T16_relabeled,R,primary,wf1_featurewise,4,DB4,DB4,True,0.9999998807907104
1222,DB4,P08,DB4_P08_T13_relabeled,R,primary,wf1_featurewise,4,DB4,DB4,True,0.9999994039535522
1225,DB4,P53,DB4_P53_T12_relabeled,R,primary,wf1_featurewise,4,DB4,DB4,True,0.9999984502792358
1226,DB4,P19,DB4_P19_T20_relabeled,R,primary,wf1_featurewise,4,DB4,DB4,True,0.9999984502792358
1228,DB4,P46,DB4_P46_T04_relabeled,R,primary,wf1_featurewise,4,DB4,DB4,True,0.9999991655349731
1231,DB5,P28,DB5_P28_T19_r_comf_relabeled,L,primary,wf1_featurewise,4,DB5,DB5,True,0.999998927116394
1232,DB3,P10,DB3_P10_A_T08,L,primary,wf1_featurewise,4,DB3,DB3,True,0.993521511554718
1235,DB1,P06,DB1_P06_C2_T03_relabeled,L,primary,wf1_featurewise,4,DB1,DB1,True,0.9999755620956421
1238,DB5,P23,DB5_P23_T06_l_comf_relabeled,L,primary,wf1_featurewise,4,DB5,DB5,True,0.9999988079071045
1240,DB2,P01,DB2_P01_T01_-65_relabeled,L,primary,wf1_featurewise,4,DB2,DB2,True,0.9999998807907104
1246,DB4,P46,DB4_P46_T10_relabeled,R,primary,wf1_featurewise,4,DB4,DB4,True,0.9999984502792358
1247,DB4,P42,DB4_P42_T17_relabeled,R,primary,wf1_featurewise,4,DB4,DB4,True,0.9999903440475464
1248,DB3,P19,DB3_P19_A_T06,R,primary,wf1_featurewise,4,DB3,DB3,True,0.9998303651809692
1253,DB5,P29,DB5_P29_T11_r_comf_relabeled,L,primary,wf1_featurewise,4,DB5,DB5,True,0.999997615814209
1260,DB4,P53,DB4_P53_T19_relabeled,R,primary,wf1_featurewise,4,DB4,DB4,True,0.999997615814209
1277,DB4,P08,DB4_P08_T21_relabeled,R,primary,wf1_featurewise,4,DB4,DB4,True,0.9999997615814209
1280,DB1,P17,DB1_P17_C2_T02_relabeled,L,primary,wf1_featurewise,4,DB1,DB1,True,0.9997546076774597
1284,DB2,P01,DB2_P01_T02_65_relabeled,L,primary,wf1_featurewise,4,DB2,DB2,True,1.0
1291,DB4,P19,DB4_P19_T16_relabeled,R,primary,wf1_featurewise,4,DB4,DB4,True,0.9999991655349731
1293,DB5,P26,DB5_P26_T10_l_comf_relabeled,L,primary,wf1_featurewise,4,DB5,DB5,True,0.9999958276748657
1312,DB4,P46,DB4_P46_T11_relabeled,R,primary,wf1_featurewise,4,DB4,DB4,True,0.9999996423721313
1327,DB3,P10,DB3_P10_A_T07,L,primary,wf1_featurewise,4,DB3,DB3,True,0.9995802044868469
1330,DB1,P03,DB1_P03_C3_T01_relabeled,L,primary,wf1_featurewise,4,DB1,DB1,True,0.9993821382522583
1338,DB5,P26,DB5_P26_T07_l_comf_relabeled,L,primary,wf1_featurewise,4,DB5,DB5,True,0.9999977350234985
1341,DB1,P49,DB1_P49_C2_T01_relabeled,L,primary,wf1_featurewise,4,DB1,DB1,True,0.9992056488990784
1346,DB5,P26,DB5_P26_T11_r_comf_relabeled,L,primary,wf1_featurewise,4,DB5,DB5,True,0.9999970197677612
1355,DB4,P53,DB4_P53_T10_relabeled,R,primary,wf1_featurewise,4,DB4,DB4,True,0.999996542930603
1357,DB5,P29,DB5_P29_T06_l_comf_relabeled,L,primary,wf1_featurewise,4,DB5,DB5,True,0.9999966621398926
1359,DB1,P05,DB1_P05_C3_T02_relabeled,L,primary,wf1_featurewise,4,DB1,DB1,True,0.8391282558441162
1360,DB2,P12,DB2_P12_T02_65_relabeled,L,primary,wf1_featurewise,4,DB2,DB2,True,0.9999984502792358
1372,DB5,P28,DB5_P28_T10_l_comf_relabeled,L,primary,wf1_featurewise,4,DB5,DB5,True,0.9999977350234985
1376,DB4,P46,DB4_P46_T03_relabeled,R,primary,wf1_featurewise,4,DB4,DB4,True,0.9999929666519165
1383,DB4,P46,DB4_P46_T12_relabeled,R,primary,wf1_featurewise,4,DB4,DB4,True,0.9999994039535522
1384,DB5,P29,DB5_P29_T14_r_comf_relabeled,L,primary,wf1_featurewise,4,DB5,DB5,True,0.9999920129776001
1385,DB5,P29,DB5_P29_T20_r_comf_relabeled,L,primary,wf1_featurewise,4,DB5,DB5,True,0.9999864101409912
1387,DB3,P18,DB3_P18_A_T10,R,primary,wf1_featurewise,4,DB3,DB3,True,0.9865147471427917
1394,DB3,P16,DB3_P16_A_T07_relabeled,L,primary,wf1_featurewise,4,DB3,DB3,True,0.8947364687919617
1395,DB4,P49,DB4_P49_T05_relabeled,R,primary,wf1_featurewise,4,DB4,DB4,True,0.9999998807907104
1396,DB4,P47,DB4_P47_T16_relabeled,R,primary,wf1_featurewise,4,DB4,DB4,True,0.9999983310699463
1402,DB4,P49,DB4_P49_T18_relabeled,R,primary,wf1_featurewise,4,DB4,DB4,True,0.9999992847442627
1407,DB4,P45,DB4_P45_T12_relabeled,R,primary,wf1_featurewise,4,DB4,DB4,True,1.0
1410,DB4,P04,DB4_P04_T20_relabeled,R,primary,wf1_featurewise,4,DB4,DB4,True,0.9999998807907104
1413,DB2,P12,DB2_P12_T04_p_relabeled,L,primary,wf1_featurewise,4,DB2,DB2,True,0.9995983242988586
1415,DB4,P04,DB4_P04_T19_relabeled,R,primary,wf1_featurewise,4,DB4,DB4,True,1.0
1418,DB4,P19,DB4_P19_T09_relabeled,R,primary,wf1_featurewise,4,DB4,DB4,True,0.9999959468841553
1423,DB4,P19,DB4_P19_T22_relabeled,L,primary,wf1_featurewise,4,DB4,DB4,True,0.9992129802703857
1426,DB5,P29,DB5_P29_T25_l_slow_relabeled,L,primary,wf1_featurewise,4,DB5,DB5,True,0.9985377788543701
1432,DB5,P23,DB5_P23_T15_r_comf_relabeled,L,primary,wf1_featurewise,4,DB5,DB5,True,0.9999949932098389
1435,DB4,P45,DB4_P45_T08_relabeled,R,primary,wf1_featurewise,4,DB4,DB4,True,0.9999998807907104
1442,DB1,P47,DB1_P47_C3_T03_relabeled,L,primary,wf1_featurewise,4,DB1,DB1,True,0.9774274826049805
1443,DB4,P49,DB4_P49_T15_relabeled,R,primary,wf1_featurewise,4,DB4,DB4,True,0.9999996423721313
1451,DB4,P47,DB4_P47_T12_relabeled,R,primary,wf1_featurewise,4,DB4,DB4,True,0.9999608993530273
1455,DB4,P04,DB4_P04_T17_relabeled,R,primary,wf1_featurewise,4,DB4,DB4,True,1.0
1459,DB1,P05,DB1_P05_C2_T02_relabeled,L,primary,wf1_featurewise,4,DB1,DB1,True,0.9998787641525269
1470,DB4,P53,DB4_P53_T03_relabeled,R,primary,wf1_featurewise,4,DB4,DB4,True,0.9999945163726807
1490,DB5,P28,DB5_P28_T31_r_slow_relabeled,L,primary,wf1_featurewise,4,DB5,DB5,True,0.9999912977218628
1493,DB5,P28,DB5_P28_T27_l_slow_relabeled,L,primary,wf1_featurewise,4,DB5,DB5,True,0.9999947547912598
1495,DB4,P49,DB4_P49_T02_relabeled,R,primary,wf1_featurewise,4,DB4,DB4,True,1.0
1497,DB5,P28,DB5_P28_T16_r_comf_relabeled,L,primary,wf1_featurewise,4,DB5,DB5,True,0.9999974966049194
1500,DB2,P01,DB2_P01_T05_130_relabeled,L,primary,wf1_featurewise,4,DB2,DB2,True,1.0
1502,DB3,P10,DB3_P10_A_T05,L,primary,wf1_featurewise,4,DB3,DB3,True,0.9996989965438843
1508,DB5,P29,DB5_P29_T07_l_comf_relabeled,L,primary,wf1_featurewise,4,DB5,DB5,True,0.9999986886978149
1516,DB5,P28,DB5_P28_T34_r_slow_relabeled,L,primary,wf1_featurewise,4,DB5,DB5,True,0.9999771118164062
1520,DB4,P42,DB4_P42_T02_relabeled,R,primary,wf1_featurewise,4,DB4,DB4,True,0.9999898672103882
1524,DB5,P26,DB5_P26_T13_r_comf_relabeled,L,primary,wf1_featurewise,4,DB5,DB5,True,0.9999983310699463
1529,DB1,P06,DB1_P06_C2_T01_relabeled,L,primary,wf1_featurewise,4,DB1,DB1,True,0.999974250793457
1532,DB5,P28,DB5_P28_T09_l_comf_relabeled,L,primary,wf1_featurewise,4,DB5,DB5,True,0.9999984502792358
1541,DB5,P28,DB5_P28_T30_l_slow_relabeled,L,primary,wf1_featurewise,4,DB5,DB5,True,0.9999953508377075
1543,DB5,P23,DB5_P23_T26_l_slow_relabeled,L,primary,wf1_featurewise,4,DB5,DB5,True,0.9999985694885254
1552,DB5,P23,DB5_P23_T08_l_comf_relabeled,L,primary,wf1_featurewise,4,DB5,DB5,True,0.9999901056289673
1554,DB1,P49,DB1_P49_C2_T04_relabeled,L,primary,wf1_featurewise,4,DB1,DB1,True,0.9990899562835693
1559,DB4,P19,DB4_P19_T24_relabeled,L,primary,wf1_featurewise,4,DB4,DB4,True,0.9997323155403137
1562,DB5,P23,DB5_P23_T20_r_comf_relabeled,L,primary,wf1_featurewise,4,DB5,DB5,True,0.9999949932098389
1571,DB3,P19,DB3_P19_A_T03,L,primary,wf1_featurewise,4,DB3,DB3,True,0.9982365369796753
1573,DB4,P49,DB4_P49_T09_relabeled,R,primary,wf1_featurewise,4,DB4,DB4,True,0.9999991655349731
1577,DB5,P28,DB5_P28_T04_l_comf_relabeled,L,primary,wf1_featurewise,4,DB5,DB5,True,0.9999970197677612
1579,DB5,P26,DB5_P26_T29_l_slow_relabeled,L,primary,wf1_featurewise,4,DB5,DB5,True,0.9999747276306152
1580,DB4,P47,DB4_P47_T19_relabeled,R,primary,wf1_featurewise,4,DB4,DB4,True,0.9999974966049194
1582,DB1,P02,DB1_P02_C2_T02_relabeled,L,primary,wf1_featurewise,4,DB1,DB1,True,0.9999886751174927
1592,DB5,P26,DB5_P26_T20_r_comf_relabeled,L,primary,wf1_featurewise,4,DB5,DB5,True,0.9999933242797852
1599,DB1,P47,DB1_P47_C3_T05_relabeled,L,primary,wf1_featurewise,4,DB1,DB1,True,0.9098869562149048
1602,DB5,P29,DB5_P29_T05_l_comf_relabeled,L,primary,wf1_featurewise,4,DB5,DB5,True,0.9999949932098389
1603,DB5,P26,DB5_P26_T14_r_comf_relabeled,L,primary,wf1_featurewise,4,DB5,DB5,True,0.9999992847442627
1614,DB5,P26,DB5_P26_T09_l_comf_relabeled,L,primary,wf1_featurewise,4,DB5,DB5,True,0.9999967813491821
1620,DB4,P49,DB4_P49_T14_relabeled,R,primary,wf1_featurewise,4,DB4,DB4,True,0.9999997615814209
1631,DB5,P23,DB5_P23_T09_l_comf_relabeled,L,primary,wf1_featurewise,4,DB5,DB5,True,0.9999966621398926
1634,DB4,P53,DB4_P53_T15_relabeled,R,primary,wf1_featurewise,4,DB4,DB4,True,0.9999982118606567
1640,DB5,P28,DB5_P28_T14_r_comf_relabeled,L,primary,wf1_featurewise,4,DB5,DB5,True,0.9999963045120239
1641,DB5,P26,DB5_P26_T12_r_comf_relabeled,L,primary,wf1_featurewise,4,DB5,DB5,True,0.9999991655349731
1642,DB4,P49,DB4_P49_T22_relabeled,R,primary,wf1_featurewise,4,DB4,DB4,True,0.9999998807907104
1671,DB5,P23,DB5_P23_T19_r_comf_relabeled,L,primary,wf1_featurewise,4,DB5,DB5,True,0.9999980926513672
1673,DB5,P29,DB5_P29_T04_l_comf_relabeled,L,primary,wf1_featurewise,4,DB5,DB5,True,0.9999945163726807
1675,DB4,P04,DB4_P04_T10_relabeled,R,primary,wf1_featurewise,4,DB4,DB4,True,0.9999997615814209
1678,DB4,P08,DB4_P08_T05_relabeled,R,primary,wf1_featurewise,4,DB4,DB4,True,0.9999997615814209
1688,DB5,P28,DB5_P28_T13_r_comf_relabeled,L,primary,wf1_featurewise,4,DB5,DB5,True,0.9999982118606567
1698,DB5,P23,DB5_P23_T33_r_slow_relabeled,L,primary,wf1_featurewise,4,DB5,DB5,True,0.999996542930603
1700,DB4,P04,DB4_P04_T04_relabeled,R,primary,wf1_featurewise,4,DB4,DB4,True,0.9999998807907104
1702,DB5,P26,DB5_P26_T17_r_comf_relabeled,L,primary,wf1_featurewise,4,DB5,DB5,True,0.9999982118606567
1703,DB3,P16,DB3_P16_A_T03_relabeled,L,primary,wf1_featurewise,4,DB3,DB3,True,0.9357185959815979
1705,DB3,P18,DB3_P18_A_T07,R,primary,wf1_featurewise,4,DB3,DB3,True,0.9726690053939819
1706,DB4,P47,DB4_P47_T05_relabeled,R,primary,wf1_featurewise,4,DB4,DB4,True,0.9999996423721313
1715,DB5,P23,DB5_P23_T36_r_slow_relabeled,L,primary,wf1_featurewise,4,DB5,DB5,True,0.9999973773956299
1719,DB4,P42,DB4_P42_T03_relabeled,R,primary,wf1_featurewise,4,DB4,DB4,True,0.9999971389770508
1720,DB3,P16,DB3_P16_A_T12_relabeled,R,primary,wf1_featurewise,4,DB3,DB3,True,0.7397779822349548
1723,DB4,P19,DB4_P19_T04_relabeled,L,primary,wf1_featurewise,4,DB4,DB4,True,0.9997197985649109
1733,DB4,P19,DB4_P19_T14_relabeled,R,primary,wf1_featurewise,4,DB4,DB4,True,0.9999948740005493
1736,DB5,P26,DB5_P26_T24_l_slow_relabeled,L,primary,wf1_featurewise,4,DB5,DB5,True,0.9999955892562866
1738,DB4,P42,DB4_P42_T13_relabeled,R,primary,wf1_featurewise,4,DB4,DB4,True,0.9999990463256836
1740,DB5,P26,DB5_P26_T25_l_slow_relabeled,L,primary,wf1_featurewise,4,DB5,DB5,True,0.9999960660934448
1750,DB3,P10,DB3_P10_A_T14,R,primary,wf1_featurewise,4,DB3,DB3,True,0.9989355206489563
1767,DB3,P19,DB3_P19_A_T18,R,primary,wf1_featurewise,4,DB3,DB3,True,0.9998786449432373
1770,DB4,P45,DB4_P45_T18_relabeled,R,primary,wf1_featurewise,4,DB4,DB4,True,0.9999998807907104
1772,DB4,P04,DB4_P04_T06_relabeled,R,primary,wf1_featurewise,4,DB4,DB4,True,1.0
1773,DB4,P49,DB4_P49_T20_relabeled,R,primary,wf1_featurewise,4,DB4,DB4,True,0.9999998807907104
1786,DB4,P45,DB4_P45_T06_relabeled,R,primary,wf1_featurewise,4,DB4,DB4,True,1.0
1787,DB4,P19,DB4_P19_T25_relabeled,R,primary,wf1_featurewise,4,DB4,DB4,True,0.9999951124191284
1791,DB5,P23,DB5_P23_T22_l_slow_relabeled,L,primary,wf1_featurewise,4,DB5,DB5,True,0.9999980926513672
1796,DB5,P23,DB5_P23_T24_l_slow_relabeled,L,primary,wf1_featurewise,4,DB5,DB5,True,0.999996542930603
1799,DB5,P29,DB5_P29_T19_r_comf_relabeled,L,primary,wf1_featurewise,4,DB5,DB5,True,0.9999916553497314
1804,DB1,P49,DB1_P49_C3_T01_relabeled,L,primary,wf1_featurewise,4,DB1,DB1,True,0.9712908864021301
1810,DB5,P26,DB5_P26_T22_l_slow_relabeled,L,primary,wf1_featurewise,4,DB5,DB5,True,0.9999960660934448
1814,DB4,P42,DB4_P42_T04_relabeled,R,primary,wf1_featurewise,4,DB4,DB4,True,0.9999988079071045
1815,DB4,P42,DB4_P42_T08_relabeled,R,primary,wf1_featurewise,4,DB4,DB4,True,0.999998927116394
1818,DB4,P46,DB4_P46_T18_relabeled,R,primary,wf1_featurewise,4,DB4,DB4,True,0.9999834299087524
1825,DB5,P28,DB5_P28_T33_r_slow_relabeled,L,primary,wf1_featurewise,4,DB5,DB5,True,0.9999967813491821
1830,DB3,P16,DB3_P16_A_T13_relabeled,R,primary,wf1_featurewise,4,DB3,DB3,True,0.6570922136306763
1841,DB1,P05,DB1_P05_C2_T03_relabeled,L,primary,wf1_featurewise,4,DB1,DB1,True,0.9994369149208069
1842,DB4,P04,DB4_P04_T05_relabeled,R,primary,wf1_featurewise,4,DB4,DB4,True,1.0
1843,DB5,P28,DB5_P28_T01_l_comf_relabeled,L,primary,wf1_featurewise,4,DB5,DB5,True,0.9999964237213135
1850,DB3,P16,DB3_P16_A_T11_relabeled,R,primary,wf1_featurewise,4,DB3,DB3,True,0.8827598094940186
1851,DB5,P28,DB5_P28_T12_r_comf_relabeled,L,primary,wf1_featurewise,4,DB5,DB5,True,0.9999985694885254
1861,DB4,P45,DB4_P45_T13_relabeled,R,primary,wf1_featurewise,4,DB4,DB4,True,0.9999998807907104
1867,DB1,P05,DB1_P05_C2_T05_relabeled,L,primary,wf1_featurewise,4,DB1,DB1,True,0.9993085861206055
1884,DB4,P19,DB4_P19_T15_relabeled,R,primary,wf1_featurewise,4,DB4,DB4,True,0.999995231628418
1885,DB4,P47,DB4_P47_T20_relabeled,R,primary,wf1_featurewise,4,DB4,DB4,True,0.999998927116394
1896,DB4,P46,DB4_P46_T07_relabeled,R,primary,wf1_featurewise,4,DB4,DB4,True,0.9999996423721313
2,DB3,P15,DB3_P15_A_T11_relabeled,R,primary,wf1_featurewise,5,DB3,DB3,True,0.9999752044677734
7,DB2,P07,DB2_P07_T07_250_relabeled,L,primary,wf1_featurewise,5,DB2,DB2,True,0.9999988079071045
12,DB2,P11,DB2_P11_T02_-130_relabeled,L,primary,wf1_featurewise,5,DB2,DB2,True,0.999969482421875
21,DB2,P11,DB2_P11_T03_-65_relabeled,L,primary,wf1_featurewise,5,DB2,DB2,True,0.9999635219573975
25,DB3,P07,DB3_P07_A_T10_relabeled,R,primary,wf1_featurewise,5,DB3,DB3,True,0.9999758005142212
27,DB5,P12,DB5_P12_T23_l_slow_relabeled,L,primary,wf1_featurewise,5,DB5,DB5,True,0.9990480542182922
47,DB5,P19,DB5_P19_T10_l_comf_relabeled,L,primary,wf1_featurewise,5,DB5,DB5,True,0.9999524354934692
48,DB1,P21,DB1_P21_C3_T04_relabeled,L,primary,wf1_featurewise,5,DB1,DB1,True,0.9929301142692566
49,DB5,P12,DB5_P12_T33_r_slow_relabeled,L,primary,wf1_featurewise,5,DB5,DB5,True,0.9999676942825317
54,DB3,P15,DB3_P15_A_T09_relabeled,R,primary,wf1_featurewise,5,DB3,DB3,True,0.9999628067016602
56,DB3,P12,DB3_P12_A_T12,L,primary,wf1_featurewise,5,DB3,DB3,True,0.8612664937973022
69,DB5,P12,DB5_P12_T01_l_comf_relabeled,L,primary,wf1_featurewise,5,DB5,DB5,True,0.9998334646224976
72,DB2,P07,DB2_P07_T02_65_relabeled,L,primary,wf1_featurewise,5,DB2,DB2,True,0.9999794960021973
76,DB4,P09,DB4_P09_T04_relabeled,R,primary,wf1_featurewise,5,DB4,DB4,True,0.9999709129333496
77,DB5,P19,DB5_P19_T18_r_comf_relabeled,L,primary,wf1_featurewise,5,DB5,DB5,True,0.9999568462371826
80,DB4,P13,DB4_P13_T07_relabeled,R,primary,wf1_featurewise,5,DB4,DB4,True,0.9998917579650879
83,DB4,P52,DB4_P52_T09_relabeled,R,primary,wf1_featurewise,5,DB4,DB4,True,0.9999991655349731
88,DB3,P12,DB3_P12_A_T11,R,primary,wf1_featurewise,5,DB3,DB3,True,0.9999784231185913
94,DB5,P12,DB5_P12_T02_l_comf_relabeled,L,primary,wf1_featurewise,5,DB5,DB5,True,0.9997960925102234
99,DB5,P06,DB5_P06_T26_l_slow_relabeled,L,primary,wf1_featurewise,5,DB5,DB5,True,0.9998210072517395
100,DB5,P19,DB5_P19_T34_r_slow_relabeled,L,primary,wf1_featurewise,5,DB5,DB5,True,0.9999791383743286
111,DB5,P06,DB5_P06_T11_l_comf_relabeled,L,primary,wf1_featurewise,5,DB5,DB5,True,0.999903678894043
114,DB4,P43,DB4_P43_T19_relabeled,R,primary,wf1_featurewise,5,DB4,DB4,True,0.9999922513961792
133,DB5,P19,DB5_P19_T17_r_comf_relabeled,L,primary,wf1_featurewise,5,DB5,DB5,True,0.999968409538269
138,DB2,P07,DB2_P07_T05_-130_relabeled,L,primary,wf1_featurewise,5,DB2,DB2,True,0.9999948740005493
139,DB5,P19,DB5_P19_T06_l_comf_relabeled,L,primary,wf1_featurewise,5,DB5,DB5,True,0.9999598264694214
142,DB5,P19,DB5_P19_T25_l_slow_relabeled,L,primary,wf1_featurewise,5,DB5,DB5,True,0.9999418258666992
146,DB4,P43,DB4_P43_T18_relabeled,R,primary,wf1_featurewise,5,DB4,DB4,True,0.9999971389770508
151,DB2,P07,DB2_P07_T01_-65_relabeled,L,primary,wf1_featurewise,5,DB2,DB2,True,0.9999978542327881
169,DB5,P19,DB5_P19_T02_l_comf_relabeled,L,primary,wf1_featurewise,5,DB5,DB5,True,0.9999076128005981
171,DB5,P06,DB5_P06_T22_r_comf_relabeled,L,primary,wf1_featurewise,5,DB5,DB5,True,0.9998365640640259
184,DB2,P11,DB2_P11_T05_250_relabeled,L,primary,wf1_featurewise,5,DB2,DB2,True,0.9999529123306274
185,DB4,P02,DB4_P02_T13_relabeled,R,primary,wf1_featurewise,5,DB4,DB4,True,0.9983538389205933
188,DB3,P07,DB3_P07_A_T01_relabeled,L,primary,wf1_featurewise,5,DB3,DB3,True,0.9999618530273438
197,DB4,P52,DB4_P52_T14_relabeled,R,primary,wf1_featurewise,5,DB4,DB4,True,0.9999780654907227
210,DB4,P12,DB4_P12_T18_relabeled,R,primary,wf1_featurewise,5,DB4,DB4,True,0.999967098236084
213,DB5,P12,DB5_P12_T03_l_comf_relabeled,L,primary,wf1_featurewise,5,DB5,DB5,True,0.9998705387115479
216,DB2,P07,DB2_P07_T03_-130_relabeled,L,primary,wf1_featurewise,5,DB2,DB2,True,0.999992847442627
218,DB5,P12,DB5_P12_T17_r_comf_relabeled,L,primary,wf1_featurewise,5,DB5,DB5,True,0.9999527931213379
220,DB4,P13,DB4_P13_T02_relabeled,R,primary,wf1_featurewise,5,DB4,DB4,True,0.998730480670929
238,DB4,P02,DB4_P02_T11_relabeled,R,primary,wf1_featurewise,5,DB4,DB4,True,0.9996825456619263
244,DB5,P12,DB5_P12_T38_r_slow_relabeled,L,primary,wf1_featurewise,5,DB5,DB5,True,0.9999786615371704
246,DB5,P12,DB5_P12_T29_l_slow_relabeled,L,primary,wf1_featurewise,5,DB5,DB5,True,0.9998857975006104
251,DB4,P12,DB4_P12_T07_relabeled,R,primary,wf1_featurewise,5,DB4,DB4,True,0.9999725818634033
257,DB4,P13,DB4_P13_T08_relabeled,R,primary,wf1_featurewise,5,DB4,DB4,True,0.999889612197876
261,DB4,P10,DB4_P10_T19_relabeled,R,primary,wf1_featurewise,5,DB4,DB4,True,0.9999935626983643
263,DB4,P43,DB4_P43_T02_relabeled,R,primary,wf1_featurewise,5,DB4,DB4,True,0.999908447265625
265,DB3,P17,DB3_P17_A_T09,L,primary,wf1_featurewise,5,DB3,DB3,True,0.9999655485153198
266,DB4,P09,DB4_P09_T19_relabeled,R,primary,wf1_featurewise,5,DB4,DB4,True,0.9999122619628906
269,DB5,P12,DB5_P12_T39_r_slow_relabeled,L,primary,wf1_featurewise,5,DB5,DB5,True,0.9999569654464722
274,DB5,P06,DB5_P06_T14_r_comf_relabeled,L,primary,wf1_featurewise,5,DB5,DB5,True,0.9996211528778076
281,DB2,P11,DB2_P11_T01_250_relabeled,L,primary,wf1_featurewise,5,DB2,DB2,True,0.9999599456787109
284,DB4,P52,DB4_P52_T08_relabeled,R,primary,wf1_featurewise,5,DB4,DB4,True,0.9999918937683105
285,DB4,P43,DB4_P43_T06_relabeled,R,primary,wf1_featurewise,5,DB4,DB4,True,0.9999402761459351
288,DB5,P06,DB5_P06_T07_l_comf_relabeled,L,primary,wf1_featurewise,5,DB5,DB5,True,0.9998775720596313
291,DB5,P06,DB5_P06_T09_l_comf_relabeled,L,primary,wf1_featurewise,5,DB5,DB5,True,0.999890923500061
292,DB5,P19,DB5_P19_T38_r_slow_relabeled,L,primary,wf1_featurewise,5,DB5,DB5,True,0.9999649524688721
302,DB5,P06,DB5_P06_T12_l_comf_relabeled,R,primary,wf1_featurewise,5,DB5,DB5,True,0.9998732805252075
307,DB2,P11,DB2_P11_T05_-65_relabeled,L,primary,wf1_featurewise,5,DB2,DB2,True,0.9999339580535889
311,DB5,P19,DB5_P19_T09_l_comf_relabeled,L,primary,wf1_featurewise,5,DB5,DB5,True,0.9999599456787109
316,DB4,P10,DB4_P10_T08_relabeled,R,primary,wf1_featurewise,5,DB4,DB4,True,0.9999873638153076
317,DB4,P02,DB4_P02_T04_relabeled,R,primary,wf1_featurewise,5,DB4,DB4,True,0.9995212554931641
320,DB5,P06,DB5_P06_T08_l_comf_relabeled,L,primary,wf1_featurewise,5,DB5,DB5,True,0.999934196472168
322,DB4,P25,DB4_P25_T24_relabeled,R,primary,wf1_featurewise,5,DB4,DB4,True,0.9999998807907104
331,DB3,P07,DB3_P07_A_T03_relabeled,L,primary,wf1_featurewise,5,DB3,DB3,True,0.9999818801879883
332,DB3,P17,DB3_P17_A_T04,R,primary,wf1_featurewise,5,DB3,DB3,True,0.999982476234436
339,DB2,P07,DB2_P07_T03_130_relabeled,L,primary,wf1_featurewise,5,DB2,DB2,True,0.9999698400497437
340,DB4,P25,DB4_P25_T03_relabeled,L,primary,wf1_featurewise,5,DB4,DB4,True,0.9999938011169434
357,DB2,P11,DB2_P11_T03_130_relabeled,L,primary,wf1_featurewise,5,DB2,DB2,True,0.9998317956924438
368,DB5,P21,DB5_P21_T13_r_comf_relabeled,L,primary,wf1_featurewise,5,DB5,DB5,True,0.9999933242797852
371,DB4,P12,DB4_P12_T20_relabeled,R,primary,wf1_featurewise,5,DB4,DB4,True,0.9999943971633911
373,DB5,P21,DB5_P21_T04_l_comf_relabeled,L,primary,wf1_featurewise,5,DB5,DB5,True,0.9999880790710449
375,DB5,P19,DB5_P19_T42_r_slow_relabeled,L,primary,wf1_featurewise,5,DB5,DB5,True,0.9999673366546631
379,DB1,P45,DB1_P45_C1_T03_relabeled,L,primary,wf1_featurewise,5,DB1,DB1,True,0.9523589611053467
383,DB2,P11,DB2_P11_T04_250_relabeled,L,primary,wf1_featurewise,5,DB2,DB2,True,0.9999769926071167
385,DB4,P10,DB4_P10_T05_relabeled,R,primary,wf1_featurewise,5,DB4,DB4,True,0.9999914169311523
392,DB2,P07,DB2_P07_T04_130_relabeled,L,primary,wf1_featurewise,5,DB2,DB2,True,0.999969482421875
395,DB4,P10,DB4_P10_T15_relabeled,R,primary,wf1_featurewise,5,DB4,DB4,True,0.9999134540557861
397,DB5,P12,DB5_P12_T10_l_comf_relabeled,L,primary,wf1_featurewise,5,DB5,DB5,True,0.9999107122421265
398,DB5,P12,DB5_P12_T27_l_slow_relabeled,L,primary,wf1_featurewise,5,DB5,DB5,True,0.9999253749847412
399,DB4,P02,DB4_P02_T12_relabeled,R,primary,wf1_featurewise,5,DB4,DB4,True,0.9999262094497681
401,DB4,P14,DB4_P14_T16_relabeled,L,primary,wf1_featurewise,5,DB4,DB4,True,0.9999779462814331
404,DB2,P07,DB2_P07_T06_-65_relabeled,L,primary,wf1_featurewise,5,DB2,DB2,True,0.9999954700469971
411,DB5,P19,DB5_P19_T36_r_slow_relabeled,L,primary,wf1_featurewise,5,DB5,DB5,True,0.9999443292617798
413,DB5,P06,DB5_P06_T18_r_comf_relabeled,L,primary,wf1_featurewise,5,DB5,DB5,True,0.9999048709869385
417,DB5,P21,DB5_P21_T32_r_slow_relabeled,L,primary,wf1_featurewise,5,DB5,DB5,True,0.9999717473983765
418,DB5,P21,DB5_P21_T11_r_comf_relabeled,L,primary,wf1_featurewise,5,DB5,DB5,True,0.999996542930603
419,DB4,P12,DB4_P12_T10_relabeled,L,primary,wf1_featurewise,5,DB4,DB4,True,0.9936111569404602
432,DB4,P12,DB4_P12_T17_relabeled,R,primary,wf1_featurewise,5,DB4,DB4,True,0.9998703002929688
442,DB4,P25,DB4_P25_T06_relabeled,R,primary,wf1_featurewise,5,DB4,DB4,True,1.0
448,DB5,P19,DB5_P19_T40_r_slow_relabeled,L,primary,wf1_featurewise,5,DB5,DB5,True,0.9999654293060303
449,DB2,P11,DB2_P11_T03_65_relabeled,L,primary,wf1_featurewise,5,DB2,DB2,True,0.9998915195465088
451,DB4,P43,DB4_P43_T14_relabeled,R,primary,wf1_featurewise,5,DB4,DB4,True,0.9999948740005493
455,DB4,P09,DB4_P09_T03_relabeled,R,primary,wf1_featurewise,5,DB4,DB4,True,0.9998922348022461
456,DB3,P15,DB3_P15_A_T05_relabeled,L,primary,wf1_featurewise,5,DB3,DB3,True,0.9999369382858276
460,DB4,P52,DB4_P52_T03_relabeled,R,primary,wf1_featurewise,5,DB4,DB4,True,0.9999755620956421
462,DB4,P43,DB4_P43_T21_relabeled,R,primary,wf1_featurewise,5,DB4,DB4,True,0.9999856948852539
466,DB4,P14,DB4_P14_T19_relabeled,R,primary,wf1_featurewise,5,DB4,DB4,True,0.9999856948852539
469,DB3,P07,DB3_P07_A_T04_relabeled,R,primary,wf1_featurewise,5,DB3,DB3,True,0.9999786615371704
479,DB4,P02,DB4_P02_T15_relabeled,R,primary,wf1_featurewise,5,DB4,DB4,True,0.99880051612854
484,DB5,P06,DB5_P06_T10_l_comf_relabeled,L,primary,wf1_featurewise,5,DB5,DB5,True,0.999859094619751
489,DB3,P12,DB3_P12_A_T05,R,primary,wf1_featurewise,5,DB3,DB3,True,0.9999613761901855
510,DB5,P06,DB5_P06_T23_r_comf_relabeled,L,primary,wf1_featurewise,5,DB5,DB5,True,0.9998111128807068
512,DB4,P43,DB4_P43_T16_relabeled,R,primary,wf1_featurewise,5,DB4,DB4,True,0.9999909400939941
515,DB5,P21,DB5_P21_T12_r_comf_relabeled,L,primary,wf1_featurewise,5,DB5,DB5,True,0.9999958276748657
520,DB3,P17,DB3_P17_A_T11,L,primary,wf1_featurewise,5,DB3,DB3,True,0.9998471736907959
537,DB4,P14,DB4_P14_T06_relabeled,R,primary,wf1_featurewise,5,DB4,DB4,True,0.9999929666519165
538,DB5,P12,DB5_P12_T18_r_comf_relabeled,L,primary,wf1_featurewise,5,DB5,DB5,True,0.9999021291732788
540,DB4,P09,DB4_P09_T06_relabeled,L,primary,wf1_featurewise,5,DB4,DB4,True,0.9997381567955017
545,DB5,P21,DB5_P21_T33_r_slow_relabeled,L,primary,wf1_featurewise,5,DB5,DB5,True,0.9999932050704956
550,DB5,P19,DB5_P19_T32_l_slow_relabeled,L,primary,wf1_featurewise,5,DB5,DB5,True,0.9999594688415527
564,DB5,P21,DB5_P21_T08_l_comf_relabeled,L,primary,wf1_featurewise,5,DB5,DB5,True,0.999995231628418
565,DB4,P52,DB4_P52_T06_relabeled,R,primary,wf1_featurewise,5,DB4,DB4,True,0.9999955892562866
567,DB5,P06,DB5_P06_T19_r_comf_relabeled,L,primary,wf1_featurewise,5,DB5,DB5,True,0.9999152421951294
568,DB5,P12,DB5_P12_T11_r_comf_relabeled,L,primary,wf1_featurewise,5,DB5,DB5,True,0.9999306201934814
574,DB4,P43,DB4_P43_T20_relabeled,R,primary,wf1_featurewise,5,DB4,DB4,True,0.999970555305481
575,DB2,P07,DB2_P07_T02_-65_relabeled,L,primary,wf1_featurewise,5,DB2,DB2,True,0.9999905824661255
576,DB3,P15,DB3_P15_A_T08_relabeled,R,primary,wf1_featurewise,5,DB3,DB3,True,0.9999786615371704
591,DB4,P12,DB4_P12_T06_relabeled,R,primary,wf1_featurewise,5,DB4,DB4,True,0.9999823570251465
593,DB4,P10,DB4_P10_T13_relabeled,R,primary,wf1_featurewise,5,DB4,DB4,True,0.999954342842102
598,DB3,P12,DB3_P12_A_T03,R,primary,wf1_featurewise,5,DB3,DB3,True,0.999954342842102
599,DB1,P18,DB1_P18_C2_T02_relabeled,L,primary,wf1_featurewise,5,DB1,DB1,True,0.9998599290847778
601,DB5,P12,DB5_P12_T28_l_slow_relabeled,L,primary,wf1_featurewise,5,DB5,DB5,True,0.9998952150344849
606,DB2,P11,DB2_P11_T02_p_relabeled,L,primary,wf1_featurewise,5,DB2,DB2,True,0.9817177057266235
611,DB4,P13,DB4_P13_T20_relabeled,R,primary,wf1_featurewise,5,DB4,DB4,True,0.9997038245201111
614,DB5,P12,DB5_P12_T37_r_slow_relabeled,L,primary,wf1_featurewise,5,DB5,DB5,True,0.9999241828918457
621,DB4,P09,DB4_P09_T15_relabeled,R,primary,wf1_featurewise,5,DB4,DB4,True,0.999969482421875
628,DB2,P11,DB2_P11_T02_250_relabeled,L,primary,wf1_featurewise,5,DB2,DB2,True,0.9998262524604797
629,DB4,P25,DB4_P25_T07_relabeled,L,primary,wf1_featurewise,5,DB4,DB4,True,0.9999990463256836
638,DB5,P06,DB5_P06_T04_l_comf_relabeled,L,primary,wf1_featurewise,5,DB5,DB5,True,0.999884843826294
642,DB5,P21,DB5_P21_T17_r_comf_relabeled,L,primary,wf1_featurewise,5,DB5,DB5,True,0.9999966621398926
649,DB4,P10,DB4_P10_T20_relabeled,R,primary,wf1_featurewise,5,DB4,DB4,True,0.9999663829803467
665,DB2,P11,DB2_P11_T02_130_relabeled,L,primary,wf1_featurewise,5,DB2,DB2,True,0.9999415874481201
670,DB2,P11,DB2_P11_T05_-130_relabeled,L,primary,wf1_featurewise,5,DB2,DB2,True,0.9999837875366211
674,DB1,P18,DB1_P18_C2_T05_relabeled,L,primary,wf1_featurewise,5,DB1,DB1,True,0.99988853931427
676,DB3,P07,DB3_P07_A_T07_relabeled,L,primary,wf1_featurewise,5,DB3,DB3,True,0.9999774694442749
677,DB1,P48,DB1_P48_C2_T05_relabeled,L,primary,wf1_featurewise,5,DB1,DB1,True,0.9998571872711182
692,DB2,P11,DB2_P11_T05_p_relabeled,L,primary,wf1_featurewise,5,DB2,DB2,True,0.9959926009178162
695,DB4,P25,DB4_P25_T08_relabeled,L,primary,wf1_featurewise,5,DB4,DB4,True,0.9999991655349731
700,DB2,P07,DB2_P07_T03_p_relabeled,L,primary,wf1_featurewise,5,DB2,DB2,True,0.9999841451644897
701,DB4,P14,DB4_P14_T21_relabeled,L,primary,wf1_featurewise,5,DB4,DB4,True,0.9999294281005859
712,DB3,P17,DB3_P17_A_T03,R,primary,wf1_featurewise,5,DB3,DB3,True,0.9999701976776123
715,DB4,P13,DB4_P13_T13_relabeled,R,primary,wf1_featurewise,5,DB4,DB4,True,0.9969260096549988
716,DB4,P02,DB4_P02_T16_relabeled,R,primary,wf1_featurewise,5,DB4,DB4,True,0.9997504353523254
717,DB4,P10,DB4_P10_T16_relabeled,R,primary,wf1_featurewise,5,DB4,DB4,True,0.9999970197677612
727,DB4,P43,DB4_P43_T12_relabeled,R,primary,wf1_featurewise,5,DB4,DB4,True,0.9999275207519531
731,DB5,P06,DB5_P06_T20_r_comf_relabeled,L,primary,wf1_featurewise,5,DB5,DB5,True,0.9998648166656494
735,DB5,P12,DB5_P12_T35_r_slow_relabeled,L,primary,wf1_featurewise,5,DB5,DB5,True,0.9999730587005615
738,DB4,P14,DB4_P14_T11_relabeled,R,primary,wf1_featurewise,5,DB4,DB4,True,0.9990181922912598
739,DB1,P45,DB1_P45_C1_T02_relabeled,L,primary,wf1_featurewise,5,DB1,DB1,True,0.9463309645652771
744,DB4,P43,DB4_P43_T05_relabeled,R,primary,wf1_featurewise,5,DB4,DB4,True,0.9999746084213257
745,DB4,P14,DB4_P14_T22_relabeled,R,primary,wf1_featurewise,5,DB4,DB4,True,0.9999951124191284
757,DB5,P12,DB5_P12_T08_l_comf_relabeled,L,primary,wf1_featurewise,5,DB5,DB5,True,0.9994115829467773
758,DB4,P13,DB4_P13_T05_relabeled,R,primary,wf1_featurewise,5,DB4,DB4,True,0.9990106821060181
761,DB2,P11,DB2_P11_T01_65_relabeled,L,primary,wf1_featurewise,5,DB2,DB2,True,0.9999371767044067
771,DB1,P48,DB1_P48_C3_T03_relabeled,L,primary,wf1_featurewise,5,DB1,DB1,True,0.9983921647071838
774,DB3,P12,DB3_P12_A_T09,R,primary,wf1_featurewise,5,DB3,DB3,True,0.9999923706054688
775,DB5,P06,DB5_P06_T40_r_slow_relabeled,R,primary,wf1_featurewise,5,DB5,DB5,True,0.9998365640640259
779,DB4,P13,DB4_P13_T16_relabeled,R,primary,wf1_featurewise,5,DB4,DB4,True,0.9972869157791138
781,DB1,P21,DB1_P21_C2_T04_relabeled,L,primary,wf1_featurewise,5,DB1,DB1,True,0.9999617338180542
784,DB1,P48,DB1_P48_C3_T01_relabeled,L,primary,wf1_featurewise,5,DB1,DB1,True,0.9993032217025757
799,DB5,P19,DB5_P19_T03_l_comf_relabeled,L,primary,wf1_featurewise,5,DB5,DB5,True,0.9999403953552246
807,DB1,P46,DB1_P46_C2_T01_relabeled,L,primary,wf1_featurewise,5,DB1,DB1,True,0.9999510049819946
812,DB5,P06,DB5_P06_T01_l_comf_relabeled,L,primary,wf1_featurewise,5,DB5,DB5,True,0.9998939037322998
813,DB4,P14,DB4_P14_T07_relabeled,R,primary,wf1_featurewise,5,DB4,DB4,True,0.9999860525131226
815,DB4,P02,DB4_P02_T07_relabeled,R,primary,wf1_featurewise,5,DB4,DB4,True,0.9996604919433594
823,DB1,P41,DB1_P41_C2_T03_relabeled,R,primary,wf1_featurewise,5,DB1,DB1,True,0.5790179967880249
830,DB4,P09,DB4_P09_T10_relabeled,R,primary,wf1_featurewise,5,DB4,DB4,True,0.9999918937683105
833,DB5,P12,DB5_P12_T25_l_slow_relabeled,L,primary,wf1_featurewise,5,DB5,DB5,True,0.9999606609344482
836,DB4,P13,DB4_P13_T03_relabeled,R,primary,wf1_featurewise,5,DB4,DB4,True,0.9976462721824646
839,DB3,P17,DB3_P17_A_T10,L,primary,wf1_featurewise,5,DB3,DB3,True,0.9535630941390991
844,DB5,P19,DB5_P19_T23_l_slow_relabeled,L,primary,wf1_featurewise,5,DB5,DB5,True,0.9999469518661499
848,DB2,P11,DB2_P11_T03_250_relabeled,L,primary,wf1_featurewise,5,DB2,DB2,True,0.9999438524246216
859,DB2,P11,DB2_P11_T02_65_relabeled,L,primary,wf1_featurewise,5,DB2,DB2,True,0.999859094619751
862,DB5,P12,DB5_P12_T19_r_comf_relabeled,L,primary,wf1_featurewise,5,DB5,DB5,True,0.9999388456344604
864,DB5,P19,DB5_P19_T28_l_slow_relabeled,L,primary,wf1_featurewise,5,DB5,DB5,True,0.999930739402771
871,DB5,P06,DB5_P06_T06_l_comf_relabeled,L,primary,wf1_featurewise,5,DB5,DB5,True,0.9995779395103455
876,DB5,P19,DB5_P19_T37_r_slow_relabeled,L,primary,wf1_featurewise,5,DB5,DB5,True,0.9999412298202515
879,DB3,P15,DB3_P15_A_T06_relabeled,L,primary,wf1_featurewise,5,DB3,DB3,True,0.9999521970748901
880,DB5,P19,DB5_P19_T33_r_slow_relabeled,L,primary,wf1_featurewise,5,DB5,DB5,True,0.999981164932251
881,DB5,P12,DB5_P12_T16_r_comf_relabeled,L,primary,wf1_featurewise,5,DB5,DB5,True,0.999913215637207
886,DB5,P19,DB5_P19_T30_l_slow_relabeled,L,primary,wf1_featurewise,5,DB5,DB5,True,0.9999676942825317
889,DB4,P09,DB4_P09_T08_relabeled,R,primary,wf1_featurewise,5,DB4,DB4,True,0.9997966885566711
890,DB4,P13,DB4_P13_T14_relabeled,R,primary,wf1_featurewise,5,DB4,DB4,True,0.9999361038208008
891,DB5,P19,DB5_P19_T13_r_comf_relabeled,L,primary,wf1_featurewise,5,DB5,DB5,True,0.9999520778656006
894,DB2,P11,DB2_P11_T02_-65_relabeled,L,primary,wf1_featurewise,5,DB2,DB2,True,0.9997958540916443
895,DB4,P43,DB4_P43_T08_relabeled,R,primary,wf1_featurewise,5,DB4,DB4,True,0.9999964237213135
905,DB3,P17,DB3_P17_A_T13,L,primary,wf1_featurewise,5,DB3,DB3,True,0.9998652935028076
910,DB5,P21,DB5_P21_T01_l_comf_relabeled,L,primary,wf1_featurewise,5,DB5,DB5,True,0.9999948740005493
915,DB3,P07,DB3_P07_A_T06_relabeled,R,primary,wf1_featurewise,5,DB3,DB3,True,0.9999793767929077
916,DB2,P11,DB2_P11_T01_130_relabeled,L,primary,wf1_featurewise,5,DB2,DB2,True,0.9998726844787598
920,DB3,P15,DB3_P15_A_T04_relabeled,L,primary,wf1_featurewise,5,DB3,DB3,True,0.9999462366104126
924,DB2,P07,DB2_P07_T03_65_relabeled,L,primary,wf1_featurewise,5,DB2,DB2,True,0.9999785423278809
940,DB5,P21,DB5_P21_T14_r_comf_relabeled,L,primary,wf1_featurewise,5,DB5,DB5,True,0.9999935626983643
957,DB3,P15,DB3_P15_A_T10_relabeled,R,primary,wf1_featurewise,5,DB3,DB3,True,0.9999685287475586
961,DB5,P12,DB5_P12_T34_r_slow_relabeled,L,primary,wf1_featurewise,5,DB5,DB5,True,0.9999716281890869
962,DB5,P21,DB5_P21_T03_l_comf_relabeled,L,primary,wf1_featurewise,5,DB5,DB5,True,0.999994158744812
977,DB5,P12,DB5_P12_T26_l_slow_relabeled,L,primary,wf1_featurewise,5,DB5,DB5,True,0.9999275207519531
978,DB1,P46,DB1_P46_C2_T03_relabeled,L,primary,wf1_featurewise,5,DB1,DB1,True,0.9998986721038818
984,DB5,P21,DB5_P21_T16_r_comf_relabeled,L,primary,wf1_featurewise,5,DB5,DB5,True,0.9999955892562866
986,DB4,P25,DB4_P25_T10_relabeled,L,primary,wf1_featurewise,5,DB4,DB4,True,0.9999933242797852
990,DB5,P21,DB5_P21_T18_r_comf_relabeled,L,primary,wf1_featurewise,5,DB5,DB5,True,0.9999946355819702
1005,DB4,P02,DB4_P02_T17_relabeled,R,primary,wf1_featurewise,5,DB4,DB4,True,0.9999258518218994
1028,DB4,P14,DB4_P14_T12_relabeled,R,primary,wf1_featurewise,5,DB4,DB4,True,0.9999570846557617
1029,DB2,P11,DB2_P11_T04_-130_relabeled,L,primary,wf1_featurewise,5,DB2,DB2,True,0.9999821186065674
1034,DB2,P07,DB2_P07_T02_p_relabeled,L,primary,wf1_featurewise,5,DB2,DB2,True,0.9999819993972778
1038,DB4,P13,DB4_P13_T21_relabeled,R,primary,wf1_featurewise,5,DB4,DB4,True,0.9995961785316467
1042,DB2,P07,DB2_P07_T01_-130_relabeled,L,primary,wf1_featurewise,5,DB2,DB2,True,0.9999951124191284
1051,DB5,P12,DB5_P12_T32_r_slow_relabeled,L,primary,wf1_featurewise,5,DB5,DB5,True,0.9999406337738037
1052,DB1,P20,DB1_P20_C3_T03_relabeled,L,primary,wf1_featurewise,5,DB1,DB1,True,0.9994490742683411
1066,DB3,P15,DB3_P15_A_T02_relabeled,L,primary,wf1_featurewise,5,DB3,DB3,True,0.9702142477035522
1069,DB5,P12,DB5_P12_T36_r_slow_relabeled,L,primary,wf1_featurewise,5,DB5,DB5,True,0.9999263286590576
1073,DB4,P14,DB4_P14_T03_relabeled,R,primary,wf1_featurewise,5,DB4,DB4,True,0.999992847442627
1074,DB1,P41,DB1_P41_C3_T02_relabeled,L,primary,wf1_featurewise,5,DB1,DB1,True,0.9930874705314636
1075,DB1,P18,DB1_P18_C2_T01_relabeled,L,primary,wf1_featurewise,5,DB1,DB1,True,0.9997608065605164
1076,DB5,P12,DB5_P12_T30_l_slow_relabeled,L,primary,wf1_featurewise,5,DB5,DB5,True,0.999886155128479
1081,DB2,P07,DB2_P07_T05_130_relabeled,L,primary,wf1_featurewise,5,DB2,DB2,True,0.9999493360519409
1085,DB5,P19,DB5_P19_T20_r_comf_relabeled,L,primary,wf1_featurewise,5,DB5,DB5,True,0.9999728202819824
1086,DB1,P21,DB1_P21_C3_T01_relabeled,L,primary,wf1_featurewise,5,DB1,DB1,True,0.9378481507301331
1088,DB4,P10,DB4_P10_T09_relabeled,R,primary,wf1_featurewise,5,DB4,DB4,True,0.999998927116394
1089,DB4,P52,DB4_P52_T13_relabeled,R,primary,wf1_featurewise,5,DB4,DB4,True,0.9999594688415527
1099,DB4,P12,DB4_P12_T03_relabeled,R,primary,wf1_featurewise,5,DB4,DB4,True,0.9999710321426392
1102,DB2,P07,DB2_P07_T01_p_relabeled,L,primary,wf1_featurewise,5,DB2,DB2,True,0.9999808073043823
1109,DB2,P07,DB2_P07_T05_65_relabeled,L,primary,wf1_featurewise,5,DB2,DB2,True,0.9999887943267822
1112,DB1,P21,DB1_P21_C2_T02_relabeled,L,primary,wf1_featurewise,5,DB1,DB1,True,0.9999513626098633
1119,DB5,P12,DB5_P12_T07_l_comf_relabeled,L,primary,wf1_featurewise,5,DB5,DB5,True,0.99985671043396
1124,DB1,P18,DB1_P18_C2_T03_relabeled,L,primary,wf1_featurewise,5,DB1,DB1,True,0.9998661279678345
1128,DB4,P43,DB4_P43_T11_relabeled,R,primary,wf1_featurewise,5,DB4,DB4,True,0.9999955892562866
1129,DB4,P12,DB4_P12_T16_relabeled,R,primary,wf1_featurewise,5,DB4,DB4,True,0.9999946355819702
1135,DB5,P19,DB5_P19_T22_r_comf_relabeled,L,primary,wf1_featurewise,5,DB5,DB5,True,0.9999631643295288
1146,DB1,P46,DB1_P46_C2_T04_relabeled,L,primary,wf1_featurewise,5,DB1,DB1,True,0.9999396800994873
1149,DB5,P06,DB5_P06_T17_r_comf_relabeled,L,primary,wf1_featurewise,5,DB5,DB5,True,0.9999089241027832
1164,DB4,P52,DB4_P52_T20_relabeled,R,primary,wf1_featurewise,5,DB4,DB4,True,0.9999924898147583
1167,DB4,P25,DB4_P25_T19_relabeled,R,primary,wf1_featurewise,5,DB4,DB4,True,1.0
1169,DB4,P10,DB4_P10_T11_relabeled,R,primary,wf1_featurewise,5,DB4,DB4,True,0.9999899864196777
1172,DB4,P10,DB4_P10_T02_relabeled,R,primary,wf1_featurewise,5,DB4,DB4,True,0.9998043179512024
1181,DB5,P12,DB5_P12_T15_r_comf_relabeled,L,primary,wf1_featurewise,5,DB5,DB5,True,0.9998437166213989
1184,DB4,P13,DB4_P13_T09_relabeled,R,primary,wf1_featurewise,5,DB4,DB4,True,0.9999620914459229
1185,DB4,P10,DB4_P10_T07_relabeled,R,primary,wf1_featurewise,5,DB4,DB4,True,0.9999909400939941
1188,DB5,P12,DB5_P12_T14_r_comf_relabeled,L,primary,wf1_featurewise,5,DB5,DB5,True,0.9997476935386658
1190,DB5,P12,DB5_P12_T13_r_comf_relabeled,L,primary,wf1_featurewise,5,DB5,DB5,True,0.9999219179153442
1193,DB5,P19,DB5_P19_T11_r_comf_relabeled,L,primary,wf1_featurewise,5,DB5,DB5,True,0.999980092048645
1200,DB5,P12,DB5_P12_T22_l_slow_relabeled,L,primary,wf1_featurewise,5,DB5,DB5,True,0.9996676445007324
1202,DB1,P41,DB1_P41_C3_T03_relabeled,L,primary,wf1_featurewise,5,DB1,DB1,True,0.9957165122032166
1209,DB2,P11,DB2_P11_T08_p_relabeled,L,primary,wf1_featurewise,5,DB2,DB2,True,0.9995501637458801
1223,DB1,P20,DB1_P20_C2_T02_relabeled,L,primary,wf1_featurewise,5,DB1,DB1,True,0.9998756647109985
1233,DB2,P11,DB2_P11_T04_130_relabeled,L,primary,wf1_featurewise,5,DB2,DB2,True,0.9999289512634277
1234,DB4,P52,DB4_P52_T07_relabeled,R,primary,wf1_featurewise,5,DB4,DB4,True,0.9999659061431885
1239,DB4,P25,DB4_P25_T02_relabeled,R,primary,wf1_featurewise,5,DB4,DB4,True,1.0
1242,DB4,P52,DB4_P52_T21_relabeled,R,primary,wf1_featurewise,5,DB4,DB4,True,0.9999909400939941
1245,DB4,P25,DB4_P25_T11_relabeled,L,primary,wf1_featurewise,5,DB4,DB4,True,0.9999876022338867
1251,DB2,P07,DB2_P07_T01_65_relabeled,L,primary,wf1_featurewise,5,DB2,DB2,True,0.9999663829803467
1252,DB4,P10,DB4_P10_T03_relabeled,R,primary,wf1_featurewise,5,DB4,DB4,True,0.9999984502792358
1263,DB5,P12,DB5_P12_T31_r_slow_relabeled,L,primary,wf1_featurewise,5,DB5,DB5,True,0.9999780654907227
1264,DB3,P17,DB3_P17_A_T06,R,primary,wf1_featurewise,5,DB3,DB3,True,0.9997639060020447
1268,DB4,P25,DB4_P25_T05_relabeled,L,primary,wf1_featurewise,5,DB4,DB4,True,0.999998927116394
1269,DB4,P43,DB4_P43_T13_relabeled,R,primary,wf1_featurewise,5,DB4,DB4,True,0.9999475479125977
1276,DB4,P10,DB4_P10_T06_relabeled,R,primary,wf1_featurewise,5,DB4,DB4,True,0.999997615814209
1285,DB4,P43,DB4_P43_T07_relabeled,R,primary,wf1_featurewise,5,DB4,DB4,True,0.999995231628418
1286,DB5,P19,DB5_P19_T31_l_slow_relabeled,L,primary,wf1_featurewise,5,DB5,DB5,True,0.9999648332595825
1296,DB5,P12,DB5_P12_T05_l_comf_relabeled,L,primary,wf1_featurewise,5,DB5,DB5,True,0.999792754650116
1298,DB5,P21,DB5_P21_T19_r_comf_relabeled,L,primary,wf1_featurewise,5,DB5,DB5,True,0.9999945163726807
1302,DB4,P10,DB4_P10_T10_relabeled,R,primary,wf1_featurewise,5,DB4,DB4,True,0.9999401569366455
1308,DB5,P21,DB5_P21_T20_r_comf_relabeled,L,primary,wf1_featurewise,5,DB5,DB5,True,0.9999945163726807
1310,DB4,P09,DB4_P09_T16_relabeled,R,primary,wf1_featurewise,5,DB4,DB4,True,0.999988317489624
1315,DB4,P02,DB4_P02_T10_relabeled,R,primary,wf1_featurewise,5,DB4,DB4,True,0.9999037981033325
1324,DB5,P12,DB5_P12_T09_l_comf_relabeled,L,primary,wf1_featurewise,5,DB5,DB5,True,0.9998416900634766
1334,DB4,P52,DB4_P52_T11_relabeled,R,primary,wf1_featurewise,5,DB4,DB4,True,0.9999866485595703
1335,DB5,P19,DB5_P19_T41_r_slow_relabeled,L,primary,wf1_featurewise,5,DB5,DB5,True,0.9998682737350464
1345,DB2,P11,DB2_P11_T03_p_relabeled,L,primary,wf1_featurewise,5,DB2,DB2,True,0.9980940222740173
1347,DB4,P43,DB4_P43_T04_relabeled,R,primary,wf1_featurewise,5,DB4,DB4,True,0.9999951124191284
1348,DB3,P12,DB3_P12_A_T07,R,primary,wf1_featurewise,5,DB3,DB3,True,0.9999674558639526
1349,DB5,P06,DB5_P06_T15_r_comf_relabeled,L,primary,wf1_featurewise,5,DB5,DB5,True,0.9998598098754883
1351,DB4,P12,DB4_P12_T13_relabeled,R,primary,wf1_featurewise,5,DB4,DB4,True,0.9999969005584717
1353,DB4,P12,DB4_P12_T02_relabeled,R,primary,wf1_featurewise,5,DB4,DB4,True,0.9999942779541016
1364,DB2,P11,DB2_P11_T04_65_relabeled,L,primary,wf1_featurewise,5,DB2,DB2,True,0.9999117851257324
1366,DB3,P07,DB3_P07_A_T12_relabeled,R,primary,wf1_featurewise,5,DB3,DB3,True,0.9999679327011108
1373,DB1,P21,DB1_P21_C2_T01_relabeled,L,primary,wf1_featurewise,5,DB1,DB1,True,0.9998674392700195
1380,DB5,P21,DB5_P21_T07_l_comf_relabeled,L,primary,wf1_featurewise,5,DB5,DB5,True,0.9999921321868896
1382,DB1,P48,DB1_P48_C2_T03_relabeled,L,primary,wf1_featurewise,5,DB1,DB1,True,0.9993465542793274
1386,DB4,P13,DB4_P13_T17_relabeled,R,primary,wf1_featurewise,5,DB4,DB4,True,0.9998034834861755
1391,DB5,P19,DB5_P19_T26_l_slow_relabeled,L,primary,wf1_featurewise,5,DB5,DB5,True,0.9998992681503296
1397,DB4,P14,DB4_P14_T09_relabeled,R,primary,wf1_featurewise,5,DB4,DB4,True,0.9999990463256836
1401,DB5,P21,DB5_P21_T02_l_comf_relabeled,L,primary,wf1_featurewise,5,DB5,DB5,True,0.9999938011169434
1403,DB4,P13,DB4_P13_T18_relabeled,R,primary,wf1_featurewise,5,DB4,DB4,True,0.9991724491119385
1405,DB4,P10,DB4_P10_T12_relabeled,R,primary,wf1_featurewise,5,DB4,DB4,True,0.9999948740005493
1421,DB5,P19,DB5_P19_T04_l_comf_relabeled,L,primary,wf1_featurewise,5,DB5,DB5,True,0.9999594688415527
1424,DB4,P12,DB4_P12_T19_relabeled,R,primary,wf1_featurewise,5,DB4,DB4,True,0.9999613761901855
1429,DB5,P19,DB5_P19_T19_r_comf_relabeled,L,primary,wf1_featurewise,5,DB5,DB5,True,0.9999567270278931
1437,DB5,P21,DB5_P21_T05_l_comf_relabeled,L,primary,wf1_featurewise,5,DB5,DB5,True,0.9999924898147583
1440,DB5,P21,DB5_P21_T41_r_slow_relabeled,L,primary,wf1_featurewise,5,DB5,DB5,True,0.9999951124191284
1445,DB3,P17,DB3_P17_A_T14,L,primary,wf1_featurewise,5,DB3,DB3,True,0.9999774694442749
1448,DB4,P09,DB4_P09_T13_relabeled,R,primary,wf1_featurewise,5,DB4,DB4,True,0.9999386072158813
1453,DB3,P07,DB3_P07_A_T09_relabeled,L,primary,wf1_featurewise,5,DB3,DB3,True,0.9999721050262451
1458,DB2,P11,DB2_P11_T01_-65_relabeled,L,primary,wf1_featurewise,5,DB2,DB2,True,0.9999793767929077
1464,DB5,P21,DB5_P21_T10_l_comf_relabeled,L,primary,wf1_featurewise,5,DB5,DB5,True,0.9999942779541016
1471,DB2,P07,DB2_P07_T04_250_relabeled,L,primary,wf1_featurewise,5,DB2,DB2,True,0.9999903440475464
1474,DB4,P13,DB4_P13_T11_relabeled,R,primary,wf1_featurewise,5,DB4,DB4,True,0.9996820688247681
1475,DB5,P19,DB5_P19_T39_r_slow_relabeled,L,primary,wf1_featurewise,5,DB5,DB5,True,0.9999779462814331
1477,DB1,P48,DB1_P48_C2_T04_relabeled,L,primary,wf1_featurewise,5,DB1,DB1,True,0.9998873472213745
1478,DB4,P25,DB4_P25_T23_relabeled,L,primary,wf1_featurewise,5,DB4,DB4,True,0.9999957084655762
1484,DB3,P17,DB3_P17_A_T08,L,primary,wf1_featurewise,5,DB3,DB3,True,0.9999634027481079
1488,DB5,P06,DB5_P06_T13_l_comf_relabeled,L,primary,wf1_featurewise,5,DB5,DB5,True,0.9999213218688965
1504,DB5,P19,DB5_P19_T05_l_comf_relabeled,L,primary,wf1_featurewise,5,DB5,DB5,True,0.9999797344207764
1507,DB3,P12,DB3_P12_A_T10,L,primary,wf1_featurewise,5,DB3,DB3,True,0.9999814033508301
1511,DB1,P48,DB1_P48_C3_T02_relabeled,L,primary,wf1_featurewise,5,DB1,DB1,True,0.9942785501480103
1513,DB4,P52,DB4_P52_T19_relabeled,R,primary,wf1_featurewise,5,DB4,DB4,True,0.9999899864196777
1517,DB3,P15,DB3_P15_A_T03_relabeled,L,primary,wf1_featurewise,5,DB3,DB3,True,0.9999440908432007
1523,DB4,P25,DB4_P25_T21_relabeled,L,primary,wf1_featurewise,5,DB4,DB4,True,0.9999985694885254
1526,DB4,P14,DB4_P14_T04_relabeled,R,primary,wf1_featurewise,5,DB4,DB4,True,0.9999866485595703
1537,DB4,P43,DB4_P43_T10_relabeled,R,primary,wf1_featurewise,5,DB4,DB4,True,0.9999979734420776
1539,DB3,P07,DB3_P07_A_T08_relabeled,R,primary,wf1_featurewise,5,DB3,DB3,True,0.999975323677063
1545,DB5,P19,DB5_P19_T08_l_comf_relabeled,L,primary,wf1_featurewise,5,DB5,DB5,True,0.9999657869338989
1553,DB4,P14,DB4_P14_T08_relabeled,R,primary,wf1_featurewise,5,DB4,DB4,True,0.9997114539146423
1555,DB4,P25,DB4_P25_T16_relabeled,R,primary,wf1_featurewise,5,DB4,DB4,True,1.0
1556,DB4,P52,DB4_P52_T05_relabeled,R,primary,wf1_featurewise,5,DB4,DB4,True,0.9999972581863403
1561,DB1,P48,DB1_P48_C1_T03_relabeled,L,primary,wf1_featurewise,5,DB1,DB1,True,0.9999555349349976
1569,DB5,P12,DB5_P12_T06_l_comf_relabeled,L,primary,wf1_featurewise,5,DB5,DB5,True,0.9998098015785217
1570,DB5,P12,DB5_P12_T04_l_comf_relabeled,L,primary,wf1_featurewise,5,DB5,DB5,True,0.9998065829277039
1575,DB1,P48,DB1_P48_C1_T02_relabeled,L,primary,wf1_featurewise,5,DB1,DB1,True,0.9999884366989136
1584,DB5,P21,DB5_P21_T09_l_comf_relabeled,L,primary,wf1_featurewise,5,DB5,DB5,True,0.9999912977218628
1590,DB5,P19,DB5_P19_T29_l_slow_relabeled,L,primary,wf1_featurewise,5,DB5,DB5,True,0.999977707862854
1593,DB4,P02,DB4_P02_T19_relabeled,R,primary,wf1_featurewise,5,DB4,DB4,True,0.9984366297721863
1594,DB2,P11,DB2_P11_T05_65_relabeled,L,primary,wf1_featurewise,5,DB2,DB2,True,0.9998056292533875
1600,DB3,P07,DB3_P07_A_T11_relabeled,L,primary,wf1_featurewise,5,DB3,DB3,True,0.9999630451202393
1604,DB3,P15,DB3_P15_A_T07_relabeled,R,primary,wf1_featurewise,5,DB3,DB3,True,0.9999673366546631
1607,DB5,P21,DB5_P21_T34_r_slow_relabeled,L,primary,wf1_featurewise,5,DB5,DB5,True,0.9999948740005493
1609,DB1,P46,DB1_P46_C3_T02_relabeled,L,primary,wf1_featurewise,5,DB1,DB1,True,0.997154712677002
1610,DB5,P19,DB5_P19_T01_l_comf_relabeled,L,primary,wf1_featurewise,5,DB5,DB5,True,0.9999321699142456
1613,DB4,P25,DB4_P25_T13_relabeled,R,primary,wf1_featurewise,5,DB4,DB4,True,0.9999998807907104
1617,DB3,P07,DB3_P07_A_T02_relabeled,R,primary,wf1_featurewise,5,DB3,DB3,True,0.9999643564224243
1618,DB5,P06,DB5_P06_T16_r_comf_relabeled,L,primary,wf1_featurewise,5,DB5,DB5,True,0.9998769760131836
1623,DB1,P46,DB1_P46_C2_T02_relabeled,L,primary,wf1_featurewise,5,DB1,DB1,True,0.9999574422836304
1636,DB5,P12,DB5_P12_T24_l_slow_relabeled,L,primary,wf1_featurewise,5,DB5,DB5,True,0.9999269247055054
1638,DB2,P07,DB2_P07_T04_p_relabeled,L,primary,wf1_featurewise,5,DB2,DB2,True,0.9999866485595703
1654,DB4,P25,DB4_P25_T09_relabeled,R,primary,wf1_featurewise,5,DB4,DB4,True,1.0
1655,DB5,P19,DB5_P19_T27_l_slow_relabeled,L,primary,wf1_featurewise,5,DB5,DB5,True,0.9998277425765991
1656,DB5,P19,DB5_P19_T12_r_comf_relabeled,L,primary,wf1_featurewise,5,DB5,DB5,True,0.9999618530273438
1662,DB5,P21,DB5_P21_T21_l_slow_relabeled,L,primary,wf1_featurewise,5,DB5,DB5,True,0.9999916553497314
1668,DB5,P19,DB5_P19_T07_l_comf_relabeled,L,primary,wf1_featurewise,5,DB5,DB5,True,0.9999738931655884
1694,DB5,P06,DB5_P06_T21_r_comf_relabeled,L,primary,wf1_featurewise,5,DB5,DB5,True,0.9997895359992981
1697,DB5,P19,DB5_P19_T21_r_comf_relabeled,L,primary,wf1_featurewise,5,DB5,DB5,True,0.999970555305481
1699,DB4,P14,DB4_P14_T02_relabeled,R,primary,wf1_featurewise,5,DB4,DB4,True,0.9999828338623047
1712,DB4,P52,DB4_P52_T15_relabeled,R,primary,wf1_featurewise,5,DB4,DB4,True,0.9999834299087524
1718,DB1,P21,DB1_P21_C2_T03_relabeled,L,primary,wf1_featurewise,5,DB1,DB1,True,0.9998214840888977
1722,DB4,P10,DB4_P10_T14_relabeled,R,primary,wf1_featurewise,5,DB4,DB4,True,0.9999909400939941
1725,DB5,P21,DB5_P21_T15_r_comf_relabeled,L,primary,wf1_featurewise,5,DB5,DB5,True,0.999994158744812
1729,DB4,P43,DB4_P43_T03_relabeled,R,primary,wf1_featurewise,5,DB4,DB4,True,0.9999892711639404
1732,DB4,P13,DB4_P13_T23_relabeled,R,primary,wf1_featurewise,5,DB4,DB4,True,0.9998224377632141
1735,DB4,P12,DB4_P12_T08_relabeled,L,primary,wf1_featurewise,5,DB4,DB4,True,0.9997560381889343
1742,DB4,P25,DB4_P25_T22_relabeled,R,primary,wf1_featurewise,5,DB4,DB4,True,0.9999998807907104
1744,DB4,P09,DB4_P09_T12_relabeled,R,primary,wf1_featurewise,5,DB4,DB4,True,0.9998626708984375
1747,DB4,P14,DB4_P14_T13_relabeled,R,primary,wf1_featurewise,5,DB4,DB4,True,0.9999865293502808
1754,DB4,P13,DB4_P13_T04_relabeled,R,primary,wf1_featurewise,5,DB4,DB4,True,0.9994446635246277
1756,DB1,P41,DB1_P41_C3_T04_relabeled,L,primary,wf1_featurewise,5,DB1,DB1,True,0.9791479110717773
1757,DB4,P43,DB4_P43_T17_relabeled,R,primary,wf1_featurewise,5,DB4,DB4,True,0.999990701675415
1775,DB3,P12,DB3_P12_A_T13,R,primary,wf1_featurewise,5,DB3,DB3,True,0.999957799911499
1783,DB4,P12,DB4_P12_T05_relabeled,R,primary,wf1_featurewise,5,DB4,DB4,True,0.9999934434890747
1788,DB2,P11,DB2_P11_T04_-65_relabeled,L,primary,wf1_featurewise,5,DB2,DB2,True,0.9999498128890991
1790,DB4,P09,DB4_P09_T017_relabeled,R,primary,wf1_featurewise,5,DB4,DB4,True,0.9999338388442993
1793,DB5,P21,DB5_P21_T39_r_slow_relabeled,L,primary,wf1_featurewise,5,DB5,DB5,True,0.9999963045120239
1806,DB4,P09,DB4_P09_T18_relabeled,R,primary,wf1_featurewise,5,DB4,DB4,True,0.99998939037323
1812,DB3,P17,DB3_P17_A_T02,R,primary,wf1_featurewise,5,DB3,DB3,True,0.9999642372131348
1821,DB4,P12,DB4_P12_T21_relabeled,R,primary,wf1_featurewise,5,DB4,DB4,True,0.9999904632568359
1823,DB5,P12,DB5_P12_T12_r_comf_relabeled,L,primary,wf1_featurewise,5,DB5,DB5,True,0.9999501705169678
1824,DB5,P12,DB5_P12_T40_r_slow_relabeled,L,primary,wf1_featurewise,5,DB5,DB5,True,0.9999889135360718
1827,DB1,P20,DB1_P20_C2_T03_relabeled,L,primary,wf1_featurewise,5,DB1,DB1,True,0.9998928308486938
1832,DB4,P12,DB4_P12_T23_relabeled,R,primary,wf1_featurewise,5,DB4,DB4,True,0.9999876022338867
1833,DB2,P07,DB2_P07_T03_250_relabeled,L,primary,wf1_featurewise,5,DB2,DB2,True,0.9999947547912598
1853,DB4,P25,DB4_P25_T18_relabeled,R,primary,wf1_featurewise,5,DB4,DB4,True,1.0
1859,DB5,P21,DB5_P21_T06_l_comf_relabeled,L,primary,wf1_featurewise,5,DB5,DB5,True,0.9999864101409912
1865,DB4,P10,DB4_P10_T22_relabeled,R,primary,wf1_featurewise,5,DB4,DB4,True,0.9999964237213135
1868,DB5,P06,DB5_P06_T03_l_comf_relabeled,L,primary,wf1_featurewise,5,DB5,DB5,True,0.9994877576828003
1870,DB4,P52,DB4_P52_T02_relabeled,R,primary,wf1_featurewise,5,DB4,DB4,True,0.9999986886978149
1872,DB4,P25,DB4_P25_T14_relabeled,R,primary,wf1_featurewise,5,DB4,DB4,True,0.9999998807907104
1875,DB4,P14,DB4_P14_T15_relabeled,R,primary,wf1_featurewise,5,DB4,DB4,True,0.9999967813491821
1878,DB2,P11,DB2_P11_T05_130_relabeled,L,primary,wf1_featurewise,5,DB2,DB2,True,0.9995410442352295
1879,DB4,P12,DB4_P12_T14_relabeled,R,primary,wf1_featurewise,5,DB4,DB4,True,0.9996020197868347
1889,DB2,P11,DB2_P11_T03_-130_relabeled,L,primary,wf1_featurewise,5,DB2,DB2,True,0.9999665021896362
1891,DB3,P07,DB3_P07_A_T05_relabeled,L,primary,wf1_featurewise,5,DB3,DB3,True,0.9999756813049316
1893,DB5,P19,DB5_P19_T15_r_comf_relabeled,L,primary,wf1_featurewise,5,DB5,DB5,True,0.9999477863311768
1894,DB4,P43,DB4_P43_T09_relabeled,R,primary,wf1_featurewise,5,DB4,DB4,True,0.9999992847442627
1895,DB5,P21,DB5_P21_T36_r_slow_relabeled,L,primary,wf1_featurewise,5,DB5,DB5,True,0.9999897480010986
1900,DB5,P12,DB5_P12_T20_r_comf_relabeled,L,primary,wf1_featurewise,5,DB5,DB5,True,0.9999182224273682
