PathFileType	4	(X/Y/Z)	/tmp/tmpy7h2hi5a/P32/MarkerData/DB4_P32_T12_r_comf_relabeled_segment_0.trc
DataRate	CameraRate	NumFrames	NumMarkers	Units	OrigDataRate	OrigDataStartFrame	OrigNumFrames
100.119	100.119	321	20	m	100.119	0	321
Frame#	Time	C7			CLAV			LANK			LASI			LKNE			LMT5			LPSI			LSHO			LTHI			LTIB			LTOE			RANK			RASI			RKNE			RMT5			RPSI			RSHO			RTHI			RTIB			RTOE		
		X1	Y1	Z1	X2	Y2	Z2	X3	Y3	Z3	X4	Y4	Z4	X5	Y5	Z5	X6	Y6	Z6	X7	Y7	Z7	X8	Y8	Z8	X9	Y9	Z9	X10	Y10	Z10	X11	Y11	Z11	X12	Y12	Z12	X13	Y13	Z13	X14	Y14	Z14	X15	Y15	Z15	X16	Y16	Z16	X17	Y17	Z17	X18	Y18	Z18	X19	Y19	Z19	X20	Y20	Z20

1	0	-2.48866	-1.43413	0.263878	-2.34381	-1.34418	0.26659	-2.49587	-0.0937693	0.405496	-2.57389	-1.08384	0.325354	-2.45525	-0.487776	0.4379	-2.32588	-0.041614	0.42272	-2.61822	-0.950214	0.335106	-2.43616	-1.37534	0.462709	-2.43374	-0.703323	0.487252	-2.47352	-0.319832	0.448057	-2.27967	-0.0440545	0.36547	-2.51192	-0.093625	0.171868	-2.57067	-1.07618	0.224861	-2.4696	-0.479047	0.142754	-2.34721	-0.0435867	0.131232	-2.61461	-0.941047	0.233354	-2.4334	-1.36949	0.0738045	-2.43723	-0.67034	0.0832676	-2.4959	-0.307958	0.132334	-2.3024	-0.0415324	0.182072
2	0.00998815	-2.48865	-1.43412	0.263885	-2.34381	-1.34418	0.266624	-2.49587	-0.0937519	0.405502	-2.5739	-1.08384	0.325383	-2.45527	-0.487782	0.437908	-2.32588	-0.0416439	0.422714	-2.61825	-0.950212	0.335139	-2.43616	-1.37535	0.462707	-2.43375	-0.703322	0.48726	-2.47372	-0.318866	0.447253	-2.27972	-0.0441308	0.365443	-2.51154	-0.0933278	0.171663	-2.5707	-1.07618	0.224884	-2.46961	-0.479042	0.142773	-2.34718	-0.0435681	0.131244	-2.61463	-0.941052	0.23339	-2.43342	-1.36948	0.0738129	-2.43759	-0.670085	0.0831613	-2.49594	-0.307977	0.132324	-2.29372	-0.0438273	0.183979
3	0.0199763	-2.48865	-1.43412	0.263906	-2.34381	-1.34419	0.266642	-2.4959	-0.0937423	0.405494	-2.57392	-1.08384	0.325401	-2.45524	-0.487742	0.437881	-2.32587	-0.0416412	0.42272	-2.61828	-0.950225	0.335161	-2.43617	-1.37536	0.462726	-2.43376	-0.703316	0.487267	-2.47402	-0.317039	0.445747	-2.27967	-0.0440809	0.365476	-2.51186	-0.0935515	0.171816	-2.57072	-1.07619	0.224899	-2.46964	-0.47905	0.142774	-2.34716	-0.0435444	0.131245	-2.61466	-0.941064	0.233413	-2.43347	-1.36948	0.073831	-2.43848	-0.669662	0.0828895	-2.49598	-0.308025	0.132321	-2.29475	-0.0435429	0.183771
4	0.0299645	-2.48864	-1.43413	0.263923	-2.34381	-1.3442	0.26663	-2.49593	-0.0937427	0.405489	-2.57394	-1.08386	0.325417	-2.45518	-0.487694	0.437845	-2.32586	-0.041595	0.422728	-2.61831	-0.950246	0.33518	-2.43615	-1.37537	0.462748	-2.43378	-0.703315	0.487276	-2.47402	-0.317042	0.445768	-2.27961	-0.0440322	0.365522	-2.51192	-0.093588	0.171851	-2.57074	-1.0762	0.224928	-2.46967	-0.479062	0.142781	-2.34713	-0.0435353	0.131249	-2.61468	-0.941075	0.233431	-2.43351	-1.36947	0.0738475	-2.43886	-0.669526	0.0827856	-2.49598	-0.30803	0.13234	-2.30101	-0.0418764	0.182406
5	0.0399526	-2.48863	-1.43415	0.263942	-2.34381	-1.3442	0.266634	-2.49594	-0.0937464	0.405489	-2.57395	-1.08387	0.325438	-2.45524	-0.487732	0.437886	-2.32585	-0.0415866	0.422746	-2.61834	-0.950269	0.335197	-2.43612	-1.3754	0.462775	-2.4338	-0.703328	0.48729	-2.47371	-0.318839	0.447283	-2.27967	-0.0440835	0.365477	-2.51158	-0.0933264	0.171684	-2.57076	-1.07622	0.224952	-2.46969	-0.479076	0.142793	-2.34717	-0.0435744	0.131242	-2.61471	-0.941098	0.233448	-2.43352	-1.36947	0.0738619	-2.43885	-0.669523	0.0828269	-2.49596	-0.308022	0.132364	-2.30311	-0.0413208	0.181946
6	0.0499408	-2.48861	-1.43417	0.263952	-2.34381	-1.3442	0.26666	-2.49593	-0.0937674	0.405495	-2.57397	-1.08389	0.325448	-2.45529	-0.48776	0.43791	-2.32586	-0.041583	0.422756	-2.61836	-0.950292	0.335211	-2.43609	-1.37542	0.462803	-2.43382	-0.703344	0.487303	-2.47357	-0.319685	0.447984	-2.27969	-0.044134	0.365469	-2.51144	-0.0932342	0.171609	-2.57077	-1.07623	0.224964	-2.46972	-0.479085	0.1428	-2.34721	-0.0436115	0.131222	-2.61473	-0.941118	0.233463	-2.43352	-1.36946	0.0738762	-2.43881	-0.66954	0.0828795	-2.49599	-0.308064	0.13238	-2.30082	-0.0419396	0.182432
7	0.0599289	-2.4886	-1.43418	0.263966	-2.3438	-1.34419	0.266678	-2.49591	-0.0937803	0.405504	-2.57399	-1.0839	0.325457	-2.45529	-0.487754	0.437904	-2.32586	-0.041561	0.422751	-2.61839	-0.950306	0.335224	-2.43606	-1.37544	0.462823	-2.43384	-0.703348	0.487314	-2.47357	-0.319698	0.44799	-2.2796	-0.0440656	0.365531	-2.51151	-0.0932891	0.171619	-2.57079	-1.07625	0.224975	-2.46975	-0.47908	0.142806	-2.34711	-0.0435664	0.131267	-2.61475	-0.941127	0.233479	-2.43353	-1.36946	0.0738885	-2.43883	-0.66954	0.0829136	-2.49601	-0.308093	0.132395	-2.29758	-0.0428005	0.183126
8	0.0699171	-2.48858	-1.43417	0.263987	-2.34379	-1.34419	0.266688	-2.49591	-0.0937717	0.405504	-2.57401	-1.08391	0.325474	-2.45529	-0.487731	0.437885	-2.32586	-0.0415443	0.422748	-2.61842	-0.950317	0.335235	-2.43602	-1.37545	0.462831	-2.43386	-0.703345	0.487322	-2.47357	-0.319586	0.4479	-2.27962	-0.044057	0.365522	-2.51168	-0.0933993	0.171707	-2.5708	-1.07626	0.224985	-2.46977	-0.479064	0.142828	-2.34704	-0.0435319	0.131294	-2.61477	-0.941134	0.233482	-2.43354	-1.36945	0.0739058	-2.43887	-0.669541	0.0829316	-2.49601	-0.308092	0.132403	-2.3009	-0.0419356	0.182446
9	0.0799052	-2.48856	-1.43417	0.264028	-2.34376	-1.34419	0.266721	-2.49592	-0.0937562	0.405499	-2.57404	-1.08392	0.325489	-2.45531	-0.487717	0.43788	-2.32586	-0.041549	0.422753	-2.61844	-0.950327	0.335246	-2.43599	-1.37545	0.462846	-2.43389	-0.703337	0.487331	-2.4736	-0.319543	0.447876	-2.27971	-0.044107	0.365456	-2.51188	-0.0935404	0.171835	-2.57083	-1.07626	0.224998	-2.46978	-0.479061	0.142856	-2.3471	-0.0435382	0.131274	-2.61479	-0.94115	0.233491	-2.43354	-1.36942	0.0739459	-2.43889	-0.669548	0.0829569	-2.49599	-0.308068	0.132424	-2.30101	-0.0418898	0.182424
10	0.0898934	-2.48852	-1.43416	0.264069	-2.34374	-1.34418	0.266753	-2.49592	-0.0937451	0.405493	-2.57406	-1.08393	0.32551	-2.45533	-0.487713	0.43789	-2.32584	-0.0415669	0.422762	-2.61847	-0.950347	0.335252	-2.43596	-1.37544	0.462868	-2.43391	-0.703336	0.487335	-2.47365	-0.319535	0.447876	-2.27966	-0.0440427	0.365451	-2.51182	-0.0934771	0.17179	-2.57085	-1.07627	0.225015	-2.46978	-0.479061	0.142866	-2.34715	-0.0435435	0.131259	-2.61482	-0.941172	0.233512	-2.43353	-1.3694	0.0739885	-2.4389	-0.669553	0.0829858	-2.49601	-0.30809	0.132431	-2.29565	-0.043284	0.183575
11	0.0998815	-2.48848	-1.43419	0.264101	-2.34372	-1.34418	0.266781	-2.49591	-0.0937593	0.405488	-2.57406	-1.08394	0.325539	-2.45534	-0.487715	0.437905	-2.32583	-0.0415789	0.422771	-2.61849	-0.950378	0.335268	-2.43592	-1.37545	0.46291	-2.43395	-0.703338	0.487343	-2.47364	-0.319545	0.447891	-2.27956	-0.0440303	0.365546	-2.51186	-0.093515	0.171796	-2.57085	-1.07629	0.225044	-2.46976	-0.479074	0.142875	-2.34713	-0.0435412	0.131258	-2.61484	-0.94119	0.233541	-2.43352	-1.36941	0.0740209	-2.4389	-0.669566	0.083013	-2.49601	-0.30811	0.132433	-2.29277	-0.0440383	0.184196
12	0.10987	-2.48845	-1.43422	0.264127	-2.3437	-1.34419	0.266784	-2.49591	-0.0937623	0.405487	-2.57406	-1.08394	0.325579	-2.45536	-0.487722	0.437924	-2.32583	-0.0415693	0.422785	-2.61851	-0.950392	0.3353	-2.43587	-1.37546	0.462955	-2.43397	-0.70334	0.487362	-2.47359	-0.319559	0.447907	-2.27959	-0.0441179	0.36557	-2.51172	-0.0934016	0.171722	-2.57085	-1.07628	0.225087	-2.46975	-0.479086	0.14288	-2.34705	-0.0435277	0.131281	-2.61485	-0.941202	0.233569	-2.43352	-1.36943	0.0740356	-2.4389	-0.669578	0.0830225	-2.496	-0.308106	0.132439	-2.29269	-0.0440538	0.184192
13	0.119858	-2.48841	-1.43424	0.26415	-2.34367	-1.3442	0.266815	-2.49591	-0.093756	0.405503	-2.57407	-1.08394	0.325621	-2.45538	-0.487733	0.437946	-2.32583	-0.0415726	0.42279	-2.61852	-0.950383	0.335344	-2.43582	-1.37546	0.462988	-2.43399	-0.70334	0.487388	-2.47361	-0.319561	0.447906	-2.27966	-0.0441222	0.3655	-2.51173	-0.0934149	0.171733	-2.57086	-1.07629	0.225129	-2.46974	-0.479091	0.142884	-2.34703	-0.0435224	0.13129	-2.61486	-0.941202	0.233602	-2.4335	-1.36944	0.0740395	-2.43888	-0.669573	0.0830378	-2.49598	-0.308083	0.13245	-2.2956	-0.0432855	0.183569
14	0.129846	-2.48838	-1.43426	0.264164	-2.34364	-1.3442	0.266845	-2.49591	-0.0937483	0.405516	-2.57408	-1.08395	0.325651	-2.45535	-0.487718	0.437931	-2.32583	-0.0415832	0.422782	-2.61852	-0.950373	0.335376	-2.43577	-1.37546	0.463015	-2.43399	-0.703334	0.487404	-2.47361	-0.319551	0.44791	-2.27968	-0.0440984	0.365465	-2.51199	-0.0936365	0.171855	-2.57088	-1.07631	0.225154	-2.46975	-0.479102	0.142892	-2.34714	-0.0435692	0.131248	-2.61488	-0.941202	0.23364	-2.43348	-1.36945	0.0740459	-2.43887	-0.669569	0.0830564	-2.49599	-0.308102	0.13245	-2.30129	-0.0417974	0.182367
15	0.139834	-2.48833	-1.43427	0.264174	-2.34362	-1.34419	0.266879	-2.49593	-0.0937428	0.40552	-2.57408	-1.08395	0.325663	-2.45531	-0.487683	0.437916	-2.32582	-0.0415481	0.422755	-2.61853	-0.950372	0.335397	-2.43574	-1.37547	0.463036	-2.43401	-0.703331	0.487427	-2.47365	-0.319547	0.447922	-2.27961	-0.0440323	0.365494	-2.51212	-0.0937452	0.17191	-2.5709	-1.07632	0.225162	-2.46976	-0.479095	0.142903	-2.34713	-0.0435581	0.131246	-2.61489	-0.941204	0.233667	-2.43344	-1.36944	0.0740681	-2.43886	-0.669555	0.0830707	-2.49599	-0.3081	0.132457	-2.30125	-0.041804	0.182392
16	0.149822	-2.48827	-1.43427	0.264202	-2.34359	-1.34418	0.266912	-2.49594	-0.0937303	0.405513	-2.5741	-1.08396	0.325676	-2.45536	-0.487683	0.437966	-2.32584	-0.0415255	0.422754	-2.61854	-0.95037	0.335407	-2.43571	-1.37547	0.463055	-2.43401	-0.703317	0.487453	-2.47369	-0.319541	0.447918	-2.27966	-0.0440234	0.365456	-2.51213	-0.0937482	0.17191	-2.57092	-1.07633	0.225181	-2.46976	-0.479072	0.142919	-2.34707	-0.0435172	0.131266	-2.6149	-0.941212	0.233686	-2.43338	-1.36943	0.0741191	-2.43885	-0.669542	0.0830813	-2.49597	-0.308074	0.13246	-2.2956	-0.0432613	0.183605
17	0.15981	-2.48819	-1.43427	0.264247	-2.34355	-1.34418	0.266958	-2.49595	-0.0937193	0.405512	-2.57411	-1.08396	0.325698	-2.45537	-0.487668	0.437997	-2.32584	-0.0415358	0.422764	-2.61855	-0.950381	0.33542	-2.43568	-1.37547	0.463082	-2.43401	-0.703302	0.487477	-2.47367	-0.319539	0.447929	-2.27974	-0.0440851	0.365417	-2.51211	-0.0937274	0.171911	-2.57093	-1.07633	0.225209	-2.46974	-0.479066	0.142942	-2.34714	-0.0435315	0.131244	-2.61491	-0.941216	0.233709	-2.43331	-1.36942	0.074174	-2.43886	-0.669549	0.0830954	-2.49599	-0.308085	0.132467	-2.29303	-0.0439543	0.184153
18	0.169799	-2.48811	-1.43428	0.264288	-2.3435	-1.34418	0.267003	-2.49597	-0.0937341	0.405518	-2.57411	-1.08397	0.325731	-2.45534	-0.487647	0.437997	-2.32584	-0.0415573	0.422769	-2.61856	-0.950398	0.335454	-2.43562	-1.37547	0.463119	-2.43402	-0.703308	0.487504	-2.47361	-0.319526	0.447959	-2.27975	-0.0441482	0.365426	-2.51208	-0.0937007	0.171908	-2.57092	-1.07633	0.225245	-2.46974	-0.479077	0.142939	-2.34715	-0.0435503	0.131242	-2.61491	-0.941225	0.233738	-2.43324	-1.36944	0.0742268	-2.43886	-0.669567	0.0831129	-2.496	-0.30811	0.132477	-2.29309	-0.0439791	0.184147
19	0.179787	-2.48804	-1.43431	0.264318	-2.34345	-1.34417	0.267042	-2.49596	-0.0937495	0.405523	-2.57409	-1.08397	0.325782	-2.45536	-0.487664	0.438035	-2.32584	-0.0415673	0.422775	-2.61854	-0.950406	0.335499	-2.43554	-1.37549	0.463175	-2.43402	-0.703323	0.487531	-2.47359	-0.319516	0.447974	-2.27969	-0.0441288	0.365467	-2.51197	-0.0936137	0.171847	-2.57091	-1.07634	0.225291	-2.46974	-0.479097	0.14294	-2.34712	-0.0435531	0.131261	-2.61491	-0.941234	0.233782	-2.43317	-1.36946	0.074272	-2.43887	-0.669582	0.0831346	-2.496	-0.308126	0.132495	-2.29347	-0.0438857	0.184078
20	0.189775	-2.48798	-1.43433	0.264352	-2.34339	-1.34416	0.267094	-2.49594	-0.0937398	0.405533	-2.57407	-1.08397	0.325836	-2.45539	-0.487671	0.438068	-2.32584	-0.0415489	0.422776	-2.61853	-0.950404	0.335539	-2.43546	-1.37549	0.463229	-2.43401	-0.703325	0.487547	-2.47367	-0.319594	0.447982	-2.27969	-0.0441245	0.365468	-2.51173	-0.0934107	0.171713	-2.57089	-1.07634	0.225342	-2.46974	-0.479102	0.142966	-2.34714	-0.0435646	0.131249	-2.6149	-0.941242	0.233837	-2.43311	-1.36947	0.0743148	-2.43888	-0.669589	0.0831624	-2.49601	-0.308126	0.132504	-2.29345	-0.0438729	0.184076
21	0.199763	-2.48791	-1.43434	0.264394	-2.34334	-1.34415	0.267141	-2.49592	-0.093713	0.405541	-2.57405	-1.08396	0.325884	-2.45537	-0.487655	0.438066	-2.32583	-0.0415379	0.422769	-2.61851	-0.950394	0.335586	-2.43538	-1.37547	0.463279	-2.434	-0.703308	0.487563	-2.47385	-0.319757	0.448011	-2.27967	-0.0440985	0.365469	-2.5117	-0.0933807	0.171707	-2.57088	-1.07634	0.225383	-2.46974	-0.4791	0.142989	-2.34707	-0.0435233	0.131274	-2.61489	-0.941241	0.233897	-2.43305	-1.36947	0.0743629	-2.43889	-0.669586	0.0831891	-2.49601	-0.308118	0.132505	-2.29317	-0.0439322	0.184142
22	0.209751	-2.48784	-1.43434	0.264436	-2.34328	-1.34414	0.267184	-2.49596	-0.0937036	0.405534	-2.57403	-1.08396	0.325933	-2.45532	-0.487624	0.438052	-2.32582	-0.0415437	0.422772	-2.6185	-0.950391	0.335633	-2.43531	-1.37544	0.463322	-2.43399	-0.703281	0.487602	-2.47389	-0.319646	0.447933	-2.27972	-0.0441023	0.365451	-2.51182	-0.0934801	0.171787	-2.57087	-1.07635	0.225422	-2.46974	-0.479089	0.143008	-2.34711	-0.0435249	0.13127	-2.61488	-0.941251	0.233961	-2.43297	-1.36947	0.0744173	-2.4389	-0.669584	0.0832197	-2.49602	-0.308109	0.132516	-2.29347	-0.0438696	0.184079
23	0.219739	-2.48776	-1.43435	0.264466	-2.34322	-1.34412	0.267223	-2.49601	-0.0937081	0.405528	-2.574	-1.08396	0.325977	-2.45533	-0.487627	0.438085	-2.32583	-0.0415425	0.422765	-2.61849	-0.950395	0.335676	-2.43524	-1.37543	0.46337	-2.43398	-0.703262	0.487669	-2.47395	-0.318875	0.447363	-2.27972	-0.0440818	0.365457	-2.51177	-0.0934442	0.17177	-2.57086	-1.07636	0.225463	-2.46975	-0.479084	0.143025	-2.34717	-0.043537	0.131263	-2.61487	-0.941267	0.234016	-2.4329	-1.36945	0.0744591	-2.4389	-0.669575	0.0832488	-2.49603	-0.308112	0.132536	-2.2957	-0.0433088	0.183601
24	0.229727	-2.48767	-1.43437	0.264514	-2.34315	-1.34411	0.267272	-2.49599	-0.093711	0.405532	-2.57398	-1.08397	0.326027	-2.45532	-0.487625	0.438114	-2.32583	-0.0415212	0.422752	-2.61847	-0.950413	0.335713	-2.43517	-1.37543	0.463425	-2.43396	-0.70326	0.487698	-2.47423	-0.317968	0.446534	-2.27968	-0.0440912	0.365494	-2.51194	-0.0935957	0.17186	-2.57084	-1.07638	0.225517	-2.46974	-0.479097	0.143051	-2.34721	-0.0435536	0.131248	-2.61487	-0.941287	0.234074	-2.43283	-1.36945	0.0745058	-2.43891	-0.669573	0.0832773	-2.49603	-0.308115	0.132558	-2.29859	-0.0425561	0.182993
25	0.239716	-2.48758	-1.43439	0.264568	-2.34308	-1.34412	0.267338	-2.49594	-0.0937182	0.405539	-2.57394	-1.08398	0.326077	-2.45537	-0.487654	0.43817	-2.32584	-0.0415206	0.422752	-2.61845	-0.950435	0.335765	-2.4351	-1.37542	0.463479	-2.43393	-0.703259	0.487717	-2.47406	-0.318977	0.447376	-2.27969	-0.0440826	0.365463	-2.51204	-0.0936998	0.171917	-2.57081	-1.07639	0.225583	-2.46973	-0.479111	0.14307	-2.34718	-0.0435627	0.131245	-2.61486	-0.941311	0.234134	-2.43276	-1.36947	0.074554	-2.43892	-0.669583	0.0833045	-2.49603	-0.308128	0.132571	-2.29539	-0.0433724	0.18368
26	0.249704	-2.48748	-1.4344	0.264622	-2.34301	-1.34411	0.267397	-2.49592	-0.0937173	0.405558	-2.57389	-1.08399	0.326126	-2.4554	-0.487662	0.438212	-2.32584	-0.0415653	0.422765	-2.61842	-0.950453	0.335812	-2.43501	-1.37541	0.46353	-2.4339	-0.703254	0.487751	-2.47398	-0.319092	0.447489	-2.27964	-0.0440374	0.365468	-2.51209	-0.093724	0.171942	-2.57079	-1.07641	0.225639	-2.46971	-0.47911	0.143087	-2.34716	-0.0435674	0.131257	-2.61484	-0.941328	0.234195	-2.43269	-1.36948	0.074584	-2.43892	-0.669592	0.0833375	-2.49601	-0.308146	0.132586	-2.29562	-0.0433126	0.183621
27	0.259692	-2.48737	-1.43441	0.264677	-2.34293	-1.3441	0.267441	-2.4959	-0.0937139	0.405571	-2.57385	-1.084	0.326181	-2.45537	-0.487635	0.438222	-2.32584	-0.0415801	0.422771	-2.61838	-0.950475	0.335863	-2.43493	-1.37541	0.463581	-2.43387	-0.703241	0.4878	-2.47416	-0.318133	0.446693	-2.27959	-0.044017	0.365515	-2.51207	-0.0937108	0.171944	-2.57076	-1.07644	0.225691	-2.4697	-0.479111	0.143102	-2.34717	-0.0435928	0.131244	-2.61482	-0.941346	0.234253	-2.43263	-1.36949	0.0746145	-2.43891	-0.669595	0.083369	-2.496	-0.308147	0.132601	-2.30058	-0.0420346	0.182549
28	0.26968	-2.48727	-1.43442	0.264736	-2.34286	-1.34409	0.267466	-2.49593	-0.0937009	0.405562	-2.57381	-1.08401	0.326225	-2.45532	-0.48758	0.438215	-2.32584	-0.0415478	0.422768	-2.61835	-0.950492	0.33592	-2.43484	-1.37539	0.463631	-2.43385	-0.703232	0.487856	-2.47415	-0.318275	0.44684	-2.27964	-0.0440399	0.365509	-2.51195	-0.0936119	0.171892	-2.57072	-1.07645	0.225731	-2.4697	-0.47912	0.143134	-2.34712	-0.0435644	0.131259	-2.61479	-0.941354	0.234299	-2.43256	-1.3695	0.0746455	-2.4389	-0.66959	0.0834044	-2.496	-0.308141	0.132614	-2.30094	-0.0419402	0.182481
29	0.279668	-2.48718	-1.43443	0.264796	-2.34277	-1.34408	0.267499	-2.49597	-0.0936746	0.405561	-2.57377	-1.08401	0.326263	-2.45532	-0.487569	0.438241	-2.32583	-0.0415439	0.422776	-2.61831	-0.950499	0.335962	-2.43474	-1.37538	0.463681	-2.43384	-0.703225	0.487898	-2.47432	-0.317326	0.446031	-2.27973	-0.0441014	0.365446	-2.51171	-0.0933915	0.171753	-2.57069	-1.07645	0.225767	-2.4697	-0.47912	0.143157	-2.34713	-0.0435484	0.131267	-2.61476	-0.941361	0.234336	-2.43248	-1.3695	0.0746753	-2.43889	-0.669589	0.0834285	-2.49602	-0.308138	0.132628	-2.29809	-0.0426673	0.183097
30	0.289656	-2.48709	-1.43444	0.264864	-2.34268	-1.34409	0.267542	-2.496	-0.0936656	0.405564	-2.57374	-1.08401	0.326309	-2.45537	-0.487606	0.438303	-2.32583	-0.0415607	0.422779	-2.61828	-0.950501	0.336003	-2.43466	-1.37536	0.463718	-2.43383	-0.703217	0.487933	-2.47426	-0.317406	0.446068	-2.27977	-0.044122	0.365421	-2.51162	-0.0933045	0.1717	-2.57066	-1.07645	0.225806	-2.46971	-0.479117	0.143175	-2.34709	-0.0435187	0.13129	-2.61473	-0.94137	0.234375	-2.43241	-1.36951	0.0747114	-2.43888	-0.669587	0.0834566	-2.49602	-0.308147	0.132649	-2.30104	-0.0418961	0.182459
31	0.299645	-2.48699	-1.43445	0.264931	-2.3426	-1.34407	0.267596	-2.49599	-0.0936921	0.40556	-2.5737	-1.08401	0.326356	-2.45538	-0.487635	0.438341	-2.32585	-0.0415571	0.422777	-2.61824	-0.950509	0.336041	-2.43457	-1.37536	0.46375	-2.43381	-0.703212	0.487968	-2.47409	-0.31828	0.446774	-2.27977	-0.0441242	0.365437	-2.51161	-0.0933155	0.171714	-2.57062	-1.07645	0.225842	-2.46971	-0.479124	0.143188	-2.34706	-0.0435175	0.131297	-2.61471	-0.941382	0.234409	-2.43233	-1.36952	0.0747465	-2.43887	-0.669593	0.0834848	-2.49602	-0.308163	0.132661	-2.30067	-0.0419907	0.182529
32	0.309633	-2.48686	-1.43446	0.264984	-2.34254	-1.34406	0.267655	-2.49595	-0.0937037	0.40557	-2.57365	-1.08403	0.326403	-2.45537	-0.487656	0.438368	-2.32585	-0.0415687	0.422766	-2.6182	-0.950517	0.336072	-2.43448	-1.37536	0.463789	-2.43379	-0.703212	0.488	-2.47433	-0.317425	0.446095	-2.27971	-0.0440836	0.365468	-2.51162	-0.0933284	0.171718	-2.57057	-1.07647	0.225891	-2.46969	-0.479135	0.143216	-2.34706	-0.0435554	0.131294	-2.61467	-0.941394	0.234442	-2.43223	-1.36954	0.0747969	-2.43886	-0.669617	0.0835066	-2.496	-0.30818	0.132677	-2.29531	-0.0433781	0.183701
33	0.319621	-2.48674	-1.43448	0.265024	-2.34245	-1.34402	0.267707	-2.4959	-0.0937078	0.405576	-2.5736	-1.08404	0.326442	-2.45535	-0.487669	0.438399	-2.32583	-0.0415515	0.422756	-2.61816	-0.950528	0.336101	-2.43439	-1.37537	0.463842	-2.43377	-0.703206	0.488036	-2.47434	-0.317456	0.446169	-2.27972	-0.0440805	0.36545	-2.51161	-0.0933251	0.171712	-2.57051	-1.07648	0.225928	-2.46967	-0.479139	0.143245	-2.3471	-0.0435801	0.131282	-2.61463	-0.941411	0.234475	-2.43212	-1.36954	0.074853	-2.43885	-0.669642	0.0835207	-2.49599	-0.30819	0.132695	-2.29505	-0.0434495	0.183772
34	0.329609	-2.48661	-1.43449	0.265065	-2.34235	-1.34399	0.267775	-2.49592	-0.0937053	0.405574	-2.57355	-1.08404	0.326481	-2.45535	-0.487656	0.438424	-2.32582	-0.041523	0.422751	-2.61812	-0.950537	0.336136	-2.4343	-1.37537	0.463902	-2.43375	-0.703201	0.488066	-2.47418	-0.318372	0.446984	-2.27974	-0.0440869	0.365431	-2.51155	-0.0932862	0.171685	-2.57046	-1.07649	0.225954	-2.46965	-0.47913	0.143277	-2.34711	-0.0435625	0.13128	-2.61458	-0.941428	0.234501	-2.43203	-1.36953	0.0749103	-2.43882	-0.669632	0.0835462	-2.49598	-0.308193	0.13271	-2.30069	-0.0420017	0.18255
35	0.339597	-2.48648	-1.43449	0.265126	-2.34224	-1.34398	0.267846	-2.49596	-0.0936977	0.405573	-2.57351	-1.08404	0.326511	-2.45536	-0.487628	0.438445	-2.32583	-0.0415318	0.422754	-2.61809	-0.950545	0.336156	-2.43419	-1.37536	0.463963	-2.43373	-0.703186	0.488089	-2.47438	-0.317422	0.446172	-2.2797	-0.0440365	0.36545	-2.51153	-0.0932573	0.171673	-2.57041	-1.07649	0.225979	-2.46963	-0.47912	0.143321	-2.34708	-0.0435212	0.131288	-2.61454	-0.94144	0.234528	-2.43192	-1.36953	0.0749588	-2.43881	-0.669639	0.0835705	-2.49597	-0.308189	0.132719	-2.30346	-0.0412839	0.181934
36	0.349585	-2.48635	-1.43449	0.265192	-2.34212	-1.34398	0.267915	-2.49597	-0.0936775	0.405585	-2.57346	-1.08406	0.326545	-2.45536	-0.487618	0.438482	-2.32584	-0.0415473	0.422766	-2.61804	-0.950555	0.336167	-2.43409	-1.37535	0.464022	-2.43371	-0.703172	0.488118	-2.47452	-0.316735	0.445586	-2.27965	-0.0440067	0.365498	-2.51147	-0.0931972	0.171652	-2.57036	-1.0765	0.226005	-2.46961	-0.479118	0.143354	-2.34709	-0.0435134	0.131285	-2.61449	-0.941456	0.234549	-2.4318	-1.36952	0.0750275	-2.43879	-0.669645	0.0836001	-2.49597	-0.308182	0.132736	-2.30319	-0.0413264	0.181999
37	0.359573	-2.48622	-1.4345	0.265242	-2.342	-1.34397	0.267976	-2.49597	-0.0936757	0.405586	-2.5734	-1.08408	0.326572	-2.45537	-0.487621	0.438509	-2.32584	-0.0415416	0.42277	-2.61799	-0.950566	0.336187	-2.43398	-1.37536	0.464087	-2.4337	-0.703174	0.488144	-2.4745	-0.316654	0.445519	-2.27968	-0.044076	0.36549	-2.51139	-0.0931461	0.171628	-2.5703	-1.07653	0.226036	-2.4696	-0.479132	0.143369	-2.34708	-0.0435122	0.131286	-2.61444	-0.941476	0.234565	-2.43166	-1.36952	0.0750943	-2.43875	-0.669652	0.0836314	-2.49597	-0.308192	0.132746	-2.30063	-0.0419823	0.182575
38	0.369562	-2.48609	-1.43453	0.26528	-2.34188	-1.34397	0.268047	-2.49596	-0.09369	0.405585	-2.57333	-1.0841	0.32661	-2.45537	-0.487636	0.438535	-2.32584	-0.0415538	0.42278	-2.61794	-0.950592	0.336213	-2.43387	-1.37538	0.464165	-2.43369	-0.703179	0.488166	-2.47449	-0.316727	0.445587	-2.2797	-0.0441341	0.365516	-2.51137	-0.0931333	0.171616	-2.57024	-1.07657	0.226069	-2.46958	-0.479155	0.143389	-2.34702	-0.0435021	0.131307	-2.61439	-0.941517	0.234598	-2.43152	-1.36953	0.0751775	-2.43871	-0.669662	0.0836669	-2.49596	-0.308221	0.132759	-2.29764	-0.0427719	0.183244
39	0.37955	-2.48594	-1.43455	0.265337	-2.34177	-1.34396	0.268128	-2.49596	-0.0937001	0.405595	-2.57328	-1.08412	0.326651	-2.45537	-0.487642	0.438544	-2.32585	-0.0415548	0.422787	-2.61788	-0.950626	0.336232	-2.43375	-1.37539	0.464236	-2.43367	-0.703175	0.488179	-2.47455	-0.316753	0.445613	-2.27972	-0.0441372	0.365486	-2.51149	-0.0932613	0.171674	-2.57016	-1.07659	0.226095	-2.46954	-0.479164	0.143409	-2.34705	-0.0435152	0.131304	-2.61435	-0.941555	0.234623	-2.43136	-1.36956	0.075268	-2.43866	-0.669672	0.083693	-2.49593	-0.308243	0.132778	-2.30095	-0.0419129	0.182521
40	0.389538	-2.4858	-1.43457	0.265418	-2.34164	-1.34395	0.268225	-2.49596	-0.0936877	0.405605	-2.57321	-1.08415	0.326688	-2.45538	-0.487643	0.438559	-2.32584	-0.0415834	0.42279	-2.61783	-0.950659	0.336251	-2.43363	-1.37539	0.464306	-2.43364	-0.703166	0.488199	-2.47456	-0.316743	0.445614	-2.27969	-0.0440486	0.365463	-2.51182	-0.0935623	0.171852	-2.57009	-1.07662	0.226121	-2.46951	-0.479155	0.143428	-2.34715	-0.0435428	0.131271	-2.6143	-0.941586	0.23464	-2.4312	-1.36957	0.0753517	-2.43861	-0.669676	0.083719	-2.49591	-0.308255	0.132803	-2.30067	-0.041984	0.182581
41	0.399526	-2.48565	-1.43459	0.265502	-2.34151	-1.34393	0.268312	-2.49596	-0.0936725	0.405607	-2.57314	-1.08418	0.326723	-2.45538	-0.487646	0.438583	-2.32584	-0.041551	0.422769	-2.61777	-0.950692	0.336272	-2.43352	-1.37539	0.46437	-2.43362	-0.703152	0.488235	-2.47455	-0.316734	0.445625	-2.27968	-0.0440163	0.365457	-2.51176	-0.0935265	0.171819	-2.57001	-1.07666	0.226159	-2.46948	-0.47914	0.143454	-2.34725	-0.0435871	0.131231	-2.61424	-0.941618	0.234656	-2.43103	-1.36958	0.0754214	-2.43856	-0.669665	0.0837457	-2.4959	-0.308259	0.132816	-2.29527	-0.0433791	0.183745
42	0.409514	-2.4855	-1.43461	0.265581	-2.34137	-1.34391	0.268388	-2.49596	-0.0936586	0.405614	-2.57307	-1.0842	0.326762	-2.45538	-0.487639	0.438606	-2.32583	-0.0415213	0.422757	-2.61771	-0.950717	0.33631	-2.4334	-1.37537	0.464432	-2.43361	-0.703133	0.488292	-2.47453	-0.316727	0.445642	-2.27966	-0.0440335	0.365494	-2.51163	-0.0934071	0.171766	-2.56992	-1.07669	0.226199	-2.46945	-0.479136	0.143466	-2.34718	-0.043551	0.131255	-2.61419	-0.941652	0.234685	-2.43085	-1.36959	0.075495	-2.43852	-0.66965	0.0837704	-2.49589	-0.308252	0.132826	-2.29495	-0.0434655	0.183816
43	0.419502	-2.48534	-1.43463	0.265653	-2.34123	-1.3439	0.268464	-2.49597	-0.0936534	0.405612	-2.57298	-1.0842	0.326808	-2.45538	-0.487632	0.438624	-2.32585	-0.0415418	0.422774	-2.61764	-0.950747	0.336352	-2.43325	-1.37533	0.464499	-2.43358	-0.703121	0.488324	-2.47454	-0.316728	0.445666	-2.2797	-0.0441027	0.365527	-2.51159	-0.0933699	0.171748	-2.56983	-1.07672	0.22624	-2.46943	-0.479137	0.143472	-2.34712	-0.0435061	0.131284	-2.61414	-0.941693	0.234725	-2.43068	-1.36961	0.0755605	-2.43847	-0.669647	0.0837953	-2.49589	-0.308257	0.13284	-2.30046	-0.0420202	0.18261
44	0.429491	-2.48519	-1.43464	0.26573	-2.34109	-1.3439	0.268525	-2.49599	-0.0936499	0.40561	-2.57289	-1.08422	0.326853	-2.45539	-0.487629	0.438662	-2.32586	-0.041565	0.42279	-2.61757	-0.950782	0.336395	-2.43312	-1.37529	0.464576	-2.43355	-0.703115	0.488346	-2.47453	-0.316725	0.445696	-2.27976	-0.0441209	0.365503	-2.51174	-0.0934927	0.17182	-2.56975	-1.07674	0.226283	-2.46941	-0.479133	0.143499	-2.34712	-0.0434987	0.131286	-2.61409	-0.941731	0.234772	-2.43053	-1.36964	0.0756183	-2.43845	-0.669652	0.0838171	-2.49589	-0.308276	0.13285	-2.30345	-0.0412505	0.181961
45	0.439479	-2.48504	-1.43465	0.26582	-2.34096	-1.34388	0.268592	-2.49599	-0.0936528	0.405623	-2.5728	-1.08425	0.326897	-2.45539	-0.487628	0.438702	-2.32587	-0.0415636	0.422797	-2.6175	-0.950814	0.336435	-2.433	-1.37526	0.464652	-2.43352	-0.703119	0.488382	-2.47449	-0.316727	0.445718	-2.27978	-0.0441311	0.36548	-2.512	-0.0937381	0.171987	-2.56966	-1.07676	0.226326	-2.4694	-0.479149	0.143531	-2.34708	-0.0434817	0.131287	-2.61402	-0.941762	0.234827	-2.43039	-1.36968	0.0756634	-2.43842	-0.669667	0.0838381	-2.49587	-0.308294	0.13287	-2.30357	-0.0412313	0.181937
46	0.449467	-2.48491	-1.43466	0.265908	-2.34084	-1.34388	0.268659	-2.49599	-0.0936673	0.405623	-2.5727	-1.08429	0.32694	-2.45538	-0.48763	0.438733	-2.32587	-0.0415579	0.422788	-2.61743	-0.950859	0.336467	-2.43288	-1.37523	0.464711	-2.4335	-0.703125	0.488425	-2.47448	-0.316726	0.445742	-2.27978	-0.0441293	0.365451	-2.51202	-0.0937651	0.172014	-2.56956	-1.07679	0.226366	-2.46939	-0.47917	0.143563	-2.34718	-0.0435468	0.131237	-2.61394	-0.9418	0.234873	-2.43024	-1.36972	0.075713	-2.43841	-0.669686	0.0838728	-2.49587	-0.308312	0.132879	-2.30098	-0.0419009	0.182514
47	0.459455	-2.48478	-1.43465	0.265975	-2.34073	-1.34386	0.268713	-2.49598	-0.0936611	0.405629	-2.57259	-1.08432	0.326989	-2.45537	-0.487631	0.438771	-2.32586	-0.041555	0.422792	-2.61735	-0.950892	0.336504	-2.43276	-1.37521	0.464761	-2.43346	-0.703127	0.488467	-2.47447	-0.316731	0.445762	-2.27974	-0.0440923	0.365435	-2.51176	-0.0935353	0.171886	-2.56945	-1.07682	0.226405	-2.46938	-0.479168	0.143603	-2.34721	-0.0435695	0.13123	-2.61386	-0.941851	0.234902	-2.43009	-1.36975	0.0757474	-2.43839	-0.669691	0.0839182	-2.49586	-0.30832	0.132887	-2.29496	-0.0434691	0.183858
48	0.469443	-2.48466	-1.43463	0.266021	-2.34062	-1.34383	0.268769	-2.49598	-0.0936537	0.405634	-2.57247	-1.08433	0.327032	-2.45535	-0.487613	0.438798	-2.32586	-0.0415642	0.422807	-2.61726	-0.950915	0.336542	-2.43266	-1.37517	0.46481	-2.43341	-0.703124	0.488514	-2.47449	-0.316722	0.445785	-2.27973	-0.044083	0.365438	-2.51162	-0.093418	0.171824	-2.56934	-1.07683	0.226447	-2.46937	-0.479165	0.143637	-2.34726	-0.043581	0.13122	-2.61376	-0.941882	0.234926	-2.42995	-1.36977	0.0757888	-2.43837	-0.669681	0.0839564	-2.49588	-0.308325	0.132902	-2.29273	-0.04404	0.184384
49	0.479431	-2.48454	-1.43462	0.266076	-2.34052	-1.34381	0.268812	-2.49599	-0.0936474	0.405644	-2.57234	-1.08435	0.327075	-2.45535	-0.487584	0.438833	-2.32586	-0.0415812	0.422812	-2.61715	-0.950939	0.336576	-2.43256	-1.37514	0.464864	-2.43336	-0.703104	0.488557	-2.4745	-0.316706	0.445803	-2.27975	-0.0441193	0.365471	-2.51162	-0.0934291	0.171827	-2.56921	-1.07684	0.22649	-2.46939	-0.479165	0.143669	-2.34725	-0.0435633	0.131241	-2.61368	-0.941904	0.234964	-2.42983	-1.36978	0.0758324	-2.43835	-0.669669	0.0840005	-2.49589	-0.308334	0.132927	-2.29538	-0.0433452	0.183837
50	0.489419	-2.48442	-1.43461	0.266132	-2.34042	-1.34379	0.268869	-2.496	-0.0936344	0.405657	-2.57222	-1.08438	0.327115	-2.45535	-0.487581	0.43889	-2.32584	-0.0415822	0.422804	-2.61705	-0.950969	0.336608	-2.43247	-1.37512	0.464912	-2.4333	-0.703089	0.488597	-2.4745	-0.316696	0.445835	-2.27975	-0.0440712	0.365495	-2.51166	-0.0934692	0.171838	-2.56908	-1.07686	0.226522	-2.46939	-0.479156	0.143702	-2.34722	-0.0435484	0.131259	-2.61359	-0.941932	0.234997	-2.42972	-1.36979	0.0758634	-2.43831	-0.669668	0.08405	-2.49589	-0.308345	0.132955	-2.3011	-0.0418571	0.182586
51	0.499408	-2.48432	-1.4346	0.266172	-2.34031	-1.34379	0.268923	-2.49598	-0.0936253	0.405676	-2.57209	-1.08441	0.327152	-2.45534	-0.487589	0.438925	-2.32583	-0.0415755	0.422804	-2.61695	-0.950998	0.336642	-2.43239	-1.3751	0.46495	-2.43326	-0.703092	0.488643	-2.47452	-0.316697	0.445861	-2.27973	-0.0440381	0.365506	-2.51166	-0.0934817	0.171835	-2.56895	-1.07689	0.226561	-2.46937	-0.479154	0.143739	-2.34712	-0.0435371	0.131273	-2.6135	-0.941962	0.235038	-2.42961	-1.36981	0.0759017	-2.43827	-0.669677	0.0840943	-2.49589	-0.308362	0.13298	-2.30097	-0.0418783	0.182617
52	0.509396	-2.4842	-1.4346	0.266194	-2.3402	-1.34378	0.268978	-2.49597	-0.0936233	0.405684	-2.57197	-1.08443	0.327183	-2.45533	-0.487597	0.438954	-2.32583	-0.0415862	0.42281	-2.61685	-0.95103	0.33668	-2.4323	-1.37508	0.464982	-2.43321	-0.703096	0.488686	-2.47454	-0.316708	0.445883	-2.27971	-0.0440302	0.365524	-2.51159	-0.0934291	0.17181	-2.56881	-1.0769	0.226597	-2.46936	-0.479149	0.143779	-2.34713	-0.0435633	0.13127	-2.61339	-0.941987	0.235088	-2.42948	-1.36981	0.0759522	-2.43822	-0.669679	0.0841357	-2.49589	-0.308382	0.133002	-2.29559	-0.0432771	0.183814
53	0.519384	-2.48409	-1.4346	0.266221	-2.34009	-1.34375	0.269024	-2.49598	-0.0936237	0.405691	-2.57186	-1.08446	0.327226	-2.45531	-0.487598	0.439001	-2.32583	-0.041593	0.422815	-2.61676	-0.95106	0.33673	-2.43222	-1.37506	0.465014	-2.43316	-0.703098	0.488726	-2.47457	-0.316717	0.445898	-2.27968	-0.0440123	0.365571	-2.5115	-0.093369	0.171777	-2.56868	-1.07691	0.226624	-2.46933	-0.479146	0.143803	-2.34714	-0.0435717	0.131273	-2.61328	-0.942003	0.235135	-2.42936	-1.36981	0.0759989	-2.43816	-0.669672	0.0841921	-2.49588	-0.308399	0.133029	-2.29505	-0.0434151	0.183942
54	0.529372	-2.48396	-1.4346	0.266253	-2.33997	-1.34372	0.26906	-2.49597	-0.0936321	0.405701	-2.57173	-1.08447	0.327272	-2.45529	-0.487595	0.439045	-2.32584	-0.0416029	0.422826	-2.61667	-0.95109	0.336774	-2.43213	-1.37505	0.465048	-2.43309	-0.703095	0.488763	-2.47454	-0.316723	0.445922	-2.27976	-0.0441164	0.365553	-2.51149	-0.0933883	0.171782	-2.56856	-1.07692	0.226655	-2.46928	-0.479142	0.143832	-2.34708	-0.0435281	0.1313	-2.61317	-0.942014	0.235171	-2.42923	-1.36981	0.0760318	-2.43807	-0.669656	0.084248	-2.49585	-0.308419	0.133054	-2.29852	-0.0425035	0.183163
55	0.53936	-2.48383	-1.4346	0.266289	-2.33987	-1.34368	0.269088	-2.49597	-0.0936304	0.405706	-2.57162	-1.08448	0.327321	-2.45526	-0.487596	0.439081	-2.32585	-0.0415635	0.42282	-2.61658	-0.951112	0.336824	-2.43203	-1.37504	0.465081	-2.43302	-0.703081	0.488791	-2.47446	-0.316723	0.445949	-2.27983	-0.0442053	0.365528	-2.51165	-0.0935361	0.171864	-2.56844	-1.07694	0.226695	-2.46923	-0.479156	0.143875	-2.34705	-0.0435122	0.13131	-2.61308	-0.942027	0.235206	-2.4291	-1.3698	0.0760587	-2.43798	-0.669649	0.0842916	-2.49582	-0.308433	0.133069	-2.29792	-0.0426563	0.183278
56	0.549348	-2.48369	-1.4346	0.266314	-2.33977	-1.34365	0.269108	-2.49597	-0.0936241	0.405709	-2.57151	-1.08448	0.327363	-2.45524	-0.487592	0.43911	-2.32586	-0.0415391	0.422813	-2.61648	-0.951112	0.336859	-2.43193	-1.37502	0.465119	-2.43296	-0.703065	0.488825	-2.4744	-0.316733	0.445982	-2.27984	-0.044218	0.365523	-2.51187	-0.0937076	0.171993	-2.56833	-1.07693	0.226735	-2.46916	-0.479164	0.143917	-2.347	-0.0434846	0.131328	-2.61297	-0.942028	0.235236	-2.42896	-1.36978	0.0760742	-2.43788	-0.66965	0.0843281	-2.49578	-0.308446	0.133073	-2.29896	-0.0423815	0.183044
57	0.559336	-2.48356	-1.43459	0.266332	-2.33966	-1.34363	0.269133	-2.49597	-0.093611	0.405715	-2.5714	-1.08447	0.327404	-2.45522	-0.487579	0.439133	-2.32586	-0.0415366	0.422821	-2.61638	-0.951107	0.336898	-2.43182	-1.37502	0.465163	-2.4329	-0.703056	0.488867	-2.47438	-0.316708	0.44599	-2.27979	-0.0441257	0.365525	-2.51177	-0.0936202	0.171942	-2.56821	-1.07691	0.226779	-2.46909	-0.479162	0.143958	-2.34704	-0.043489	0.13132	-2.61287	-0.942025	0.235272	-2.42885	-1.36977	0.0760993	-2.43777	-0.66965	0.0843719	-2.49576	-0.308453	0.13309	-2.29543	-0.0433075	0.183819
58	0.569325	-2.48343	-1.4346	0.266352	-2.33955	-1.34362	0.26916	-2.49595	-0.0936051	0.405711	-2.57129	-1.08447	0.327431	-2.45519	-0.487582	0.439155	-2.32586	-0.0415554	0.422843	-2.61628	-0.951112	0.336939	-2.4317	-1.37502	0.4652	-2.43284	-0.703045	0.488898	-2.47437	-0.316625	0.445936	-2.27975	-0.0440809	0.365547	-2.51165	-0.0935556	0.171893	-2.5681	-1.0769	0.226825	-2.46901	-0.479164	0.143983	-2.34715	-0.0435346	0.131275	-2.61276	-0.942027	0.235306	-2.42871	-1.36976	0.0761447	-2.43767	-0.669644	0.0844123	-2.49572	-0.308462	0.133111	-2.29342	-0.0438391	0.184272
59	0.579313	-2.48331	-1.4346	0.266372	-2.33944	-1.34359	0.269194	-2.49593	-0.0936055	0.405705	-2.57118	-1.08447	0.327449	-2.45515	-0.487594	0.439179	-2.32587	-0.0415756	0.422855	-2.61619	-0.951125	0.336972	-2.43158	-1.37502	0.465221	-2.43276	-0.703037	0.488932	-2.4744	-0.316689	0.446002	-2.27977	-0.0440825	0.36552	-2.51163	-0.0935679	0.1719	-2.56799	-1.07691	0.226861	-2.46894	-0.47917	0.144006	-2.34725	-0.0435902	0.131237	-2.61264	-0.942031	0.235335	-2.42858	-1.36976	0.0761815	-2.43756	-0.669637	0.0844526	-2.49567	-0.308477	0.133129	-2.29323	-0.0438819	0.184326
60	0.589301	-2.48319	-1.43461	0.266394	-2.33933	-1.34359	0.269236	-2.49592	-0.0936143	0.405704	-2.57108	-1.08448	0.327478	-2.45511	-0.487593	0.439202	-2.32587	-0.0415834	0.422857	-2.61609	-0.951148	0.336992	-2.43146	-1.37503	0.465235	-2.43269	-0.703035	0.48897	-2.47433	-0.317399	0.446605	-2.27975	-0.0440666	0.365502	-2.51162	-0.0935681	0.17192	-2.56788	-1.07691	0.226882	-2.46886	-0.479176	0.144053	-2.34718	-0.0435829	0.131263	-2.61253	-0.942039	0.235353	-2.42844	-1.36977	0.0762154	-2.43746	-0.669641	0.0844908	-2.49564	-0.308493	0.133146	-2.29331	-0.0438564	0.184299
61	0.599289	-2.48306	-1.4346	0.266419	-2.33922	-1.34358	0.269283	-2.49593	-0.0936232	0.405706	-2.57097	-1.08448	0.327498	-2.45507	-0.487592	0.43923	-2.32586	-0.0415787	0.422849	-2.616	-0.951166	0.337013	-2.43135	-1.37505	0.465253	-2.43264	-0.70305	0.48901	-2.47412	-0.318402	0.447458	-2.27966	-0.0440191	0.365553	-2.51158	-0.093542	0.171915	-2.56777	-1.07692	0.226894	-2.46879	-0.479179	0.144091	-2.34707	-0.0435277	0.131308	-2.61242	-0.942048	0.235375	-2.4283	-1.36977	0.0762454	-2.43735	-0.669634	0.0845267	-2.4956	-0.308501	0.133158	-2.29307	-0.0439076	0.184338
62	0.609277	-2.48293	-1.43459	0.266458	-2.33909	-1.34358	0.269323	-2.49594	-0.0936352	0.405705	-2.57086	-1.08449	0.327503	-2.45504	-0.487587	0.43926	-2.32584	-0.0415823	0.422844	-2.61589	-0.951176	0.337027	-2.43125	-1.37506	0.465272	-2.43259	-0.703062	0.489041	-2.47427	-0.317361	0.446592	-2.27967	-0.0440452	0.365546	-2.51156	-0.0935376	0.171916	-2.56766	-1.07691	0.226905	-2.46874	-0.479175	0.144108	-2.34706	-0.0435132	0.131305	-2.61232	-0.942057	0.235389	-2.42815	-1.36978	0.0762816	-2.43725	-0.66962	0.0845619	-2.49556	-0.30851	0.133176	-2.29331	-0.0438294	0.184292
63	0.619265	-2.48278	-1.4346	0.266504	-2.33897	-1.34356	0.269351	-2.49593	-0.0936303	0.40571	-2.57075	-1.0845	0.327512	-2.455	-0.487585	0.439278	-2.32584	-0.0415849	0.422853	-2.61579	-0.951189	0.337033	-2.43113	-1.37508	0.465306	-2.43251	-0.703019	0.489052	-2.47439	-0.316571	0.445949	-2.27975	-0.0441223	0.365512	-2.51164	-0.093644	0.171972	-2.56756	-1.07692	0.226916	-2.46868	-0.479183	0.14414	-2.34709	-0.0435263	0.131279	-2.61222	-0.942076	0.235399	-2.42801	-1.36979	0.0763122	-2.43716	-0.669612	0.084593	-2.49552	-0.308516	0.133192	-2.29556	-0.0432528	0.183822
64	0.629254	-2.48264	-1.43462	0.266535	-2.33884	-1.34354	0.269392	-2.4959	-0.0936304	0.405715	-2.57065	-1.0845	0.327522	-2.45497	-0.487593	0.439298	-2.32584	-0.0415765	0.422856	-2.6157	-0.951205	0.337039	-2.43099	-1.37509	0.465342	-2.43246	-0.703017	0.489065	-2.47433	-0.316576	0.445985	-2.27978	-0.0441664	0.365501	-2.5118	-0.0937868	0.172071	-2.56744	-1.07693	0.226929	-2.46861	-0.47919	0.144156	-2.34704	-0.0435109	0.131288	-2.61211	-0.942095	0.235409	-2.42786	-1.36979	0.0763329	-2.43707	-0.669604	0.0846213	-2.49548	-0.308524	0.133201	-2.29875	-0.0424248	0.183135
65	0.639242	-2.48249	-1.43463	0.266569	-2.33872	-1.34351	0.269438	-2.49592	-0.093626	0.405711	-2.57055	-1.08451	0.327535	-2.45496	-0.48758	0.439311	-2.32585	-0.0415616	0.422857	-2.6156	-0.951218	0.337043	-2.43085	-1.37509	0.465375	-2.43245	-0.70307	0.489087	-2.47413	-0.317354	0.446653	-2.27976	-0.0441801	0.365525	-2.51165	-0.0936633	0.171983	-2.56732	-1.07695	0.226941	-2.46855	-0.4792	0.144188	-2.34708	-0.0435418	0.131284	-2.612	-0.942106	0.23542	-2.4277	-1.36979	0.0763557	-2.43698	-0.669596	0.0846558	-2.49544	-0.308532	0.13321	-2.29561	-0.0432509	0.183816
66	0.64923	-2.48234	-1.43463	0.266607	-2.3386	-1.34348	0.269481	-2.49596	-0.0936161	0.405703	-2.57044	-1.08453	0.327562	-2.45495	-0.487567	0.439328	-2.32586	-0.0415767	0.422863	-2.61551	-0.951226	0.337038	-2.43071	-1.37509	0.465403	-2.43241	-0.703088	0.489101	-2.47397	-0.318333	0.447496	-2.27979	-0.044164	0.365502	-2.51159	-0.09363	0.171942	-2.56721	-1.07697	0.226962	-2.46849	-0.479211	0.144218	-2.34712	-0.0435706	0.131285	-2.61191	-0.942128	0.235427	-2.42754	-1.3698	0.0763932	-2.4369	-0.669588	0.0846881	-2.49542	-0.308541	0.133216	-2.29336	-0.0438232	0.184303
67	0.659218	-2.48218	-1.43463	0.266643	-2.33845	-1.34345	0.269517	-2.49598	-0.0936163	0.405704	-2.57032	-1.08455	0.327581	-2.45494	-0.487557	0.439349	-2.32585	-0.0415599	0.422862	-2.6154	-0.951238	0.337037	-2.43056	-1.37508	0.46544	-2.43236	-0.703055	0.489119	-2.47427	-0.317382	0.446686	-2.2798	-0.0441544	0.365475	-2.51168	-0.0937247	0.171997	-2.5671	-1.07701	0.22698	-2.46844	-0.479223	0.14422	-2.34718	-0.0436029	0.131265	-2.61182	-0.942164	0.235414	-2.42737	-1.36981	0.0764223	-2.43681	-0.669581	0.0847143	-2.49538	-0.308561	0.133231	-2.29298	-0.0439171	0.1844
68	0.669206	-2.48201	-1.43465	0.266692	-2.33828	-1.34341	0.269566	-2.49598	-0.0936232	0.405717	-2.5702	-1.08458	0.327603	-2.45492	-0.487558	0.439383	-2.32586	-0.0415943	0.422885	-2.6153	-0.951256	0.337034	-2.43041	-1.37507	0.465477	-2.43231	-0.703026	0.489125	-2.4743	-0.317333	0.446644	-2.27974	-0.0441249	0.365511	-2.51182	-0.0938756	0.172121	-2.56697	-1.07706	0.227006	-2.46837	-0.479225	0.144223	-2.34719	-0.0436149	0.13126	-2.61172	-0.942216	0.235405	-2.4272	-1.36982	0.0764581	-2.43672	-0.669586	0.0847295	-2.49535	-0.308589	0.133246	-2.29301	-0.0439224	0.184395
69	0.679194	-2.48184	-1.43466	0.266733	-2.33813	-1.34338	0.269613	-2.49596	-0.0936204	0.405735	-2.57008	-1.08461	0.32762	-2.4549	-0.48756	0.43943	-2.32586	-0.0416005	0.422892	-2.6152	-0.951274	0.337025	-2.43027	-1.37507	0.465507	-2.4323	-0.703061	0.489151	-2.47398	-0.318219	0.44742	-2.27962	-0.0440547	0.365619	-2.51174	-0.0938184	0.172111	-2.56684	-1.0771	0.227023	-2.46831	-0.479223	0.14423	-2.34714	-0.0435833	0.131286	-2.61163	-0.94226	0.235392	-2.42702	-1.36983	0.0764918	-2.43663	-0.669575	0.0847371	-2.49532	-0.308596	0.133248	-2.29343	-0.043828	0.18431
70	0.689182	-2.48168	-1.43468	0.266746	-2.33801	-1.34334	0.26965	-2.49595	-0.0936036	0.40575	-2.56995	-1.08464	0.327636	-2.45488	-0.48755	0.43948	-2.32586	-0.0415736	0.422891	-2.61511	-0.951297	0.337013	-2.43012	-1.37506	0.465534	-2.43228	-0.703085	0.48919	-2.4741	-0.317303	0.446713	-2.27958	-0.0440303	0.365664	-2.51176	-0.0938573	0.172143	-2.56671	-1.07714	0.227038	-2.46827	-0.479228	0.144235	-2.34717	-0.043585	0.131287	-2.61153	-0.942304	0.23538	-2.42685	-1.36986	0.0765211	-2.43655	-0.669567	0.0847414	-2.4953	-0.308593	0.133244	-2.29564	-0.0432267	0.183839
71	0.699171	-2.48153	-1.4347	0.266741	-2.33789	-1.3433	0.269673	-2.49593	-0.0936042	0.405763	-2.56982	-1.08468	0.327626	-2.45484	-0.487538	0.439521	-2.32585	-0.04157	0.422899	-2.61503	-0.951337	0.336983	-2.42998	-1.37506	0.465561	-2.43222	-0.70307	0.489196	-2.47423	-0.316661	0.446217	-2.27963	-0.04407	0.365646	-2.5116	-0.0937363	0.172058	-2.56657	-1.07718	0.227045	-2.46822	-0.479238	0.14423	-2.34711	-0.0435621	0.131294	-2.61144	-0.94236	0.235363	-2.42669	-1.3699	0.0765423	-2.43648	-0.669566	0.0847303	-2.49527	-0.30861	0.133237	-2.29878	-0.0423787	0.183166
72	0.709159	-2.48138	-1.43472	0.266756	-2.33777	-1.34324	0.269711	-2.49594	-0.0936273	0.405783	-2.56969	-1.08473	0.327604	-2.45481	-0.487533	0.439562	-2.32585	-0.0415652	0.4229	-2.61493	-0.951387	0.336955	-2.42981	-1.37506	0.465586	-2.43216	-0.703051	0.489208	-2.47428	-0.316551	0.446173	-2.27968	-0.0441371	0.365635	-2.51152	-0.0936743	0.172002	-2.56643	-1.07722	0.227034	-2.46817	-0.479251	0.144211	-2.34702	-0.0435456	0.131301	-2.61134	-0.942419	0.235335	-2.42652	-1.36994	0.0765452	-2.43641	-0.669561	0.0846967	-2.49523	-0.308618	0.133229	-2.29558	-0.04323	0.183879
73	0.719147	-2.48124	-1.43475	0.266783	-2.33763	-1.3432	0.269756	-2.49596	-0.0936288	0.405805	-2.56956	-1.08478	0.327579	-2.45479	-0.487538	0.439612	-2.32586	-0.0415691	0.422905	-2.61483	-0.951434	0.336941	-2.42965	-1.37506	0.46561	-2.43213	-0.703084	0.489229	-2.47425	-0.316515	0.446182	-2.27974	-0.0441865	0.365603	-2.51153	-0.0936774	0.171991	-2.5663	-1.07726	0.22702	-2.46814	-0.479261	0.144181	-2.34696	-0.0435335	0.131316	-2.61123	-0.942485	0.235302	-2.42636	-1.36997	0.0765536	-2.43635	-0.669558	0.0846623	-2.49522	-0.308616	0.133202	-2.29339	-0.0438472	0.184378
74	0.729135	-2.48108	-1.43476	0.266813	-2.3375	-1.34316	0.26978	-2.49596	-0.0936148	0.405822	-2.56944	-1.08481	0.327548	-2.45476	-0.487535	0.439651	-2.32587	-0.0415862	0.422917	-2.61473	-0.951482	0.336928	-2.42951	-1.37505	0.465628	-2.43207	-0.703105	0.489258	-2.47422	-0.316509	0.446214	-2.27967	-0.0441414	0.365691	-2.51153	-0.0936906	0.17198	-2.56618	-1.07732	0.227002	-2.46812	-0.479261	0.144147	-2.347	-0.0435619	0.131304	-2.61113	-0.94255	0.235262	-2.42618	-1.37	0.0765691	-2.43629	-0.669553	0.0846298	-2.49521	-0.308624	0.133171	-2.29316	-0.0438932	0.184462
75	0.739123	-2.48091	-1.43475	0.266824	-2.33736	-1.34311	0.269782	-2.49597	-0.0936044	0.405842	-2.5693	-1.08483	0.327498	-2.45472	-0.487529	0.439653	-2.32587	-0.041597	0.422907	-2.61463	-0.951525	0.33689	-2.42935	-1.37505	0.465632	-2.43199	-0.70311	0.489265	-2.47411	-0.317251	0.446821	-2.27957	-0.0440567	0.365811	-2.51149	-0.0936657	0.171968	-2.56605	-1.07737	0.226969	-2.46812	-0.47926	0.144109	-2.34708	-0.0435843	0.131278	-2.61103	-0.942611	0.235219	-2.426	-1.37003	0.0765833	-2.43624	-0.669547	0.084584	-2.4952	-0.308637	0.133148	-2.29334	-0.0437701	0.184458
76	0.749111	-2.48074	-1.43476	0.266822	-2.33722	-1.34307	0.269779	-2.496	-0.0936109	0.405848	-2.56918	-1.08486	0.327448	-2.45468	-0.487543	0.439658	-2.32586	-0.0415867	0.422889	-2.61455	-0.951573	0.336842	-2.42919	-1.37506	0.465641	-2.43191	-0.703107	0.489246	-2.47391	-0.319084	0.448271	-2.2796	-0.0440603	0.365821	-2.51155	-0.0937299	0.172002	-2.56592	-1.07743	0.226947	-2.46814	-0.479276	0.144075	-2.34701	-0.0435384	0.131294	-2.61094	-0.942672	0.235154	-2.42584	-1.37006	0.0766068	-2.43621	-0.669548	0.0845464	-2.4952	-0.308651	0.133122	-2.2934	-0.0437355	0.184483
77	0.7591	-2.48057	-1.43477	0.266789	-2.33707	-1.34303	0.269775	-2.49601	-0.0936257	0.405853	-2.56905	-1.08489	0.327391	-2.45464	-0.487557	0.439661	-2.32586	-0.0416153	0.42289	-2.61447	-0.951636	0.336797	-2.42904	-1.37506	0.465645	-2.43184	-0.703113	0.489221	-2.47376	-0.319828	0.448878	-2.27964	-0.044145	0.365826	-2.51171	-0.0938811	0.172085	-2.5658	-1.07747	0.226915	-2.46814	-0.479282	0.144043	-2.347	-0.0435403	0.13129	-2.61084	-0.942725	0.235076	-2.42568	-1.37009	0.0766169	-2.43618	-0.669548	0.084493	-2.49521	-0.308661	0.133095	-2.29331	-0.043768	0.184526
78	0.769088	-2.4804	-1.43479	0.266767	-2.33694	-1.34299	0.269763	-2.496	-0.0936267	0.405854	-2.56893	-1.08493	0.327331	-2.45462	-0.48757	0.43965	-2.32586	-0.0416032	0.422883	-2.61438	-0.951699	0.336757	-2.42889	-1.37505	0.465636	-2.43178	-0.703129	0.489182	-2.47368	-0.319785	0.448881	-2.2796	-0.0441939	0.365895	-2.51162	-0.0938004	0.172023	-2.56567	-1.0775	0.226862	-2.46813	-0.479286	0.144018	-2.34704	-0.0435617	0.131267	-2.61075	-0.942775	0.235008	-2.4255	-1.37011	0.0766167	-2.43616	-0.669548	0.0844325	-2.49521	-0.308665	0.133071	-2.29321	-0.0437882	0.184582
79	0.779076	-2.48023	-1.43482	0.266748	-2.33681	-1.34295	0.269745	-2.49598	-0.0936134	0.405846	-2.56882	-1.08496	0.327258	-2.45459	-0.48757	0.439605	-2.32586	-0.0416013	0.422884	-2.61429	-0.951752	0.336694	-2.42874	-1.37504	0.465622	-2.43172	-0.703132	0.489107	-2.47369	-0.319692	0.448809	-2.27943	-0.0441322	0.36603	-2.51165	-0.0938112	0.172033	-2.56554	-1.07754	0.226791	-2.46814	-0.479291	0.143984	-2.34707	-0.0435792	0.131245	-2.61066	-0.942819	0.234927	-2.42531	-1.37013	0.0766159	-2.43615	-0.66955	0.0843651	-2.49523	-0.308671	0.133041	-2.29323	-0.0437756	0.184618
80	0.789064	-2.48005	-1.43483	0.266714	-2.33666	-1.34291	0.269736	-2.49598	-0.0936331	0.40584	-2.56871	-1.08499	0.327184	-2.45455	-0.487559	0.439548	-2.32587	-0.041609	0.42288	-2.61421	-0.951802	0.336626	-2.42861	-1.37503	0.4656	-2.43166	-0.703137	0.489041	-2.47364	-0.319725	0.448851	-2.27945	-0.0441119	0.365994	-2.5118	-0.0939273	0.172119	-2.56541	-1.07758	0.226714	-2.46817	-0.479284	0.143934	-2.34702	-0.0435713	0.131252	-2.61056	-0.942859	0.234834	-2.4251	-1.37015	0.0766082	-2.43612	-0.669538	0.0843075	-2.49525	-0.308674	0.133018	-2.29333	-0.0437681	0.184655
81	0.799052	-2.47988	-1.43485	0.266688	-2.3365	-1.34285	0.269713	-2.496	-0.0936558	0.405828	-2.56861	-1.08502	0.327127	-2.4545	-0.48756	0.439501	-2.32586	-0.0415991	0.422862	-2.61412	-0.951855	0.336542	-2.42848	-1.37503	0.46558	-2.4316	-0.703141	0.488992	-2.47347	-0.319606	0.448829	-2.27959	-0.044167	0.365892	-2.5117	-0.0938361	0.172049	-2.5653	-1.07761	0.226639	-2.46821	-0.479285	0.143874	-2.34702	-0.043561	0.131258	-2.61047	-0.942901	0.234747	-2.42491	-1.37017	0.0765862	-2.4361	-0.669538	0.0842589	-2.49528	-0.308672	0.132991	-2.29337	-0.0437744	0.184685
82	0.80904	-2.4797	-1.43487	0.266675	-2.33634	-1.34282	0.269689	-2.49597	-0.0936506	0.405819	-2.5685	-1.08505	0.327074	-2.45444	-0.487576	0.439455	-2.32586	-0.041598	0.422856	-2.61404	-0.951907	0.336448	-2.42832	-1.37502	0.465557	-2.43152	-0.703115	0.488943	-2.47355	-0.318949	0.448246	-2.27965	-0.0442292	0.365854	-2.5117	-0.0938493	0.172036	-2.56518	-1.07763	0.226562	-2.46823	-0.479277	0.143805	-2.34707	-0.0435746	0.131253	-2.61038	-0.942937	0.234661	-2.42473	-1.37021	0.0765609	-2.43607	-0.669534	0.0842001	-2.4953	-0.308675	0.132965	-2.29334	-0.0437879	0.184728
83	0.819028	-2.47951	-1.4349	0.266659	-2.33616	-1.34278	0.269664	-2.49593	-0.0936342	0.405808	-2.56839	-1.08506	0.327	-2.45438	-0.487578	0.439407	-2.32587	-0.0416017	0.422849	-2.61397	-0.951951	0.336339	-2.42817	-1.37503	0.465536	-2.43143	-0.703065	0.488847	-2.47381	-0.317897	0.447233	-2.27962	-0.0442169	0.365859	-2.51182	-0.0939452	0.172094	-2.56507	-1.07766	0.226458	-2.46823	-0.479262	0.143747	-2.34707	-0.0435708	0.131261	-2.61031	-0.942961	0.234565	-2.42455	-1.37025	0.0765263	-2.43604	-0.669521	0.0841314	-2.4953	-0.30868	0.132933	-2.29331	-0.0438127	0.184773
84	0.829017	-2.47933	-1.43493	0.266634	-2.336	-1.34276	0.269633	-2.49593	-0.093651	0.405783	-2.5683	-1.08508	0.326917	-2.45431	-0.487587	0.439367	-2.32587	-0.0416034	0.422843	-2.61389	-0.952	0.336237	-2.42801	-1.37505	0.465513	-2.43136	-0.703069	0.488761	-2.47373	-0.318348	0.447526	-2.27963	-0.0442049	0.365821	-2.5117	-0.0938401	0.172016	-2.56497	-1.0777	0.226347	-2.46823	-0.47925	0.14369	-2.34705	-0.0435676	0.13125	-2.61023	-0.943	0.234486	-2.42437	-1.3703	0.0764824	-2.43602	-0.669524	0.0840643	-2.49528	-0.308681	0.132902	-2.2933	-0.0438296	0.184804
85	0.839005	-2.47914	-1.43497	0.266598	-2.33584	-1.34275	0.269607	-2.49593	-0.0936777	0.405763	-2.56822	-1.08511	0.326829	-2.45424	-0.487604	0.439321	-2.32585	-0.0415717	0.422825	-2.61383	-0.952041	0.336139	-2.42786	-1.37508	0.46549	-2.43125	-0.70304	0.488708	-2.47363	-0.318036	0.447271	-2.27966	-0.0442122	0.365787	-2.51162	-0.0937703	0.171951	-2.56488	-1.07773	0.226244	-2.46821	-0.479248	0.143637	-2.34708	-0.0435862	0.131233	-2.61015	-0.943051	0.234417	-2.42418	-1.37037	0.0764501	-2.43597	-0.669529	0.0839943	-2.49524	-0.308661	0.132875	-2.29331	-0.0438176	0.184823
86	0.848993	-2.47896	-1.43501	0.266554	-2.33566	-1.34274	0.269573	-2.49593	-0.0936972	0.405764	-2.56816	-1.08515	0.326738	-2.45416	-0.487615	0.439264	-2.32584	-0.0415588	0.422816	-2.61376	-0.952062	0.336034	-2.4277	-1.37509	0.465459	-2.43116	-0.703044	0.488659	-2.47339	-0.318409	0.447595	-2.27964	-0.0441885	0.365794	-2.5117	-0.0938402	0.171983	-2.56481	-1.07774	0.22615	-2.46818	-0.479247	0.143575	-2.34708	-0.0435796	0.131233	-2.61008	-0.94308	0.234339	-2.42397	-1.37043	0.0764125	-2.43592	-0.669522	0.0839148	-2.49518	-0.308602	0.132843	-2.29328	-0.043812	0.18483
87	0.858981	-2.47876	-1.43504	0.26649	-2.33549	-1.34273	0.269519	-2.4959	-0.0936832	0.405764	-2.56808	-1.08517	0.326639	-2.45409	-0.487618	0.439202	-2.32585	-0.0415866	0.422817	-2.6137	-0.952065	0.335921	-2.42754	-1.3751	0.46542	-2.43111	-0.703101	0.488616	-2.47358	-0.317315	0.446626	-2.27963	-0.0441963	0.365773	-2.51192	-0.0940041	0.172089	-2.56473	-1.07776	0.22606	-2.46815	-0.479237	0.143509	-2.34704	-0.0435553	0.131256	-2.61001	-0.943085	0.234246	-2.42372	-1.37049	0.0763635	-2.43586	-0.669513	0.0838366	-2.49518	-0.308584	0.132802	-2.29334	-0.0437908	0.184829
88	0.868969	-2.47857	-1.43506	0.266432	-2.33532	-1.34272	0.269461	-2.49587	-0.0936822	0.405753	-2.56801	-1.08518	0.326536	-2.45402	-0.487618	0.439135	-2.32585	-0.0416244	0.422829	-2.61362	-0.952061	0.33581	-2.42739	-1.3751	0.465359	-2.43106	-0.703135	0.488565	-2.47375	-0.316656	0.446017	-2.27964	-0.0441533	0.365673	-2.51192	-0.0939997	0.17208	-2.56464	-1.07776	0.225968	-2.46814	-0.479225	0.143441	-2.34703	-0.0435495	0.131257	-2.60991	-0.94308	0.23415	-2.42348	-1.37054	0.0763051	-2.43579	-0.669508	0.0837537	-2.49522	-0.308621	0.132753	-2.29338	-0.0437881	0.184849
89	0.878957	-2.47838	-1.43509	0.266383	-2.33516	-1.3427	0.269414	-2.49585	-0.0936956	0.405732	-2.56794	-1.08519	0.326432	-2.45398	-0.487634	0.439068	-2.32585	-0.0416377	0.422818	-2.61355	-0.952059	0.335699	-2.42724	-1.37511	0.465297	-2.43101	-0.703147	0.488501	-2.47377	-0.316596	0.445921	-2.27961	-0.0440757	0.365644	-2.51179	-0.0938835	0.171994	-2.56455	-1.07776	0.225885	-2.46812	-0.479226	0.143393	-2.347	-0.0435408	0.131263	-2.60981	-0.943081	0.234062	-2.42325	-1.3706	0.0762406	-2.43571	-0.669497	0.0836896	-2.49523	-0.308642	0.132724	-2.29336	-0.04382	0.184875
90	0.888945	-2.47819	-1.43512	0.266335	-2.335	-1.34268	0.269367	-2.49585	-0.0937122	0.40571	-2.56786	-1.08521	0.326326	-2.45393	-0.48765	0.438999	-2.32585	-0.0416318	0.4228	-2.61348	-0.952067	0.335596	-2.42711	-1.37513	0.465238	-2.43096	-0.703129	0.488429	-2.4737	-0.316679	0.445941	-2.27963	-0.0440666	0.365631	-2.51193	-0.0939959	0.17206	-2.56446	-1.07777	0.225798	-2.46809	-0.479224	0.143343	-2.34703	-0.0435531	0.131261	-2.60971	-0.943091	0.233972	-2.42301	-1.37065	0.0761948	-2.43563	-0.669468	0.0836252	-2.49522	-0.308651	0.132701	-2.29333	-0.0438333	0.184891
91	0.898934	-2.47801	-1.43514	0.266274	-2.33485	-1.34265	0.269313	-2.49585	-0.0937299	0.405688	-2.56776	-1.08523	0.326222	-2.45389	-0.487657	0.438939	-2.32586	-0.0416159	0.422799	-2.61339	-0.952085	0.335492	-2.42698	-1.37514	0.465166	-2.43089	-0.703086	0.488363	-2.4737	-0.316708	0.445901	-2.27964	-0.0440838	0.365639	-2.51201	-0.0940943	0.172106	-2.56435	-1.07779	0.225705	-2.46803	-0.479214	0.143299	-2.34712	-0.0435896	0.131235	-2.60961	-0.943101	0.233876	-2.42278	-1.37071	0.0761278	-2.43554	-0.669442	0.0835614	-2.49518	-0.308652	0.13268	-2.2933	-0.0438216	0.184904
92	0.908922	-2.47785	-1.43516	0.266202	-2.33469	-1.34262	0.269279	-2.49584	-0.0937421	0.405669	-2.56767	-1.08524	0.326112	-2.45386	-0.487659	0.43888	-2.32587	-0.041612	0.422803	-2.6133	-0.952096	0.335387	-2.42686	-1.37515	0.465087	-2.43086	-0.703095	0.488293	-2.47366	-0.316728	0.445856	-2.27961	-0.0441098	0.365674	-2.51203	-0.0941277	0.172115	-2.56425	-1.07781	0.22561	-2.46798	-0.47921	0.143261	-2.34711	-0.0436041	0.131228	-2.6095	-0.943099	0.233774	-2.42255	-1.37076	0.0760525	-2.43546	-0.669431	0.083498	-2.49515	-0.308642	0.132645	-2.2933	-0.0438387	0.184918
93	0.91891	-2.47769	-1.43519	0.266122	-2.33453	-1.3426	0.269234	-2.49583	-0.0937422	0.405655	-2.56757	-1.08525	0.326005	-2.45385	-0.48766	0.438827	-2.32587	-0.0415732	0.422789	-2.61322	-0.952105	0.335289	-2.42675	-1.37514	0.465014	-2.43085	-0.703125	0.48822	-2.47366	-0.316733	0.445813	-2.27966	-0.0441108	0.365613	-2.51203	-0.094106	0.17212	-2.56415	-1.07782	0.225518	-2.46793	-0.479208	0.14323	-2.34702	-0.0435697	0.131268	-2.60939	-0.943104	0.233676	-2.42232	-1.3708	0.0759788	-2.43538	-0.669421	0.0834504	-2.49511	-0.308629	0.132623	-2.29331	-0.0438406	0.184922
94	0.928898	-2.47752	-1.43519	0.266035	-2.33436	-1.3426	0.26919	-2.49581	-0.0937271	0.405629	-2.56749	-1.08525	0.325902	-2.45381	-0.487656	0.438768	-2.32587	-0.0415402	0.422776	-2.61315	-0.952113	0.33518	-2.42664	-1.37514	0.464935	-2.43085	-0.703151	0.488157	-2.47368	-0.316723	0.445769	-2.27965	-0.0441243	0.365627	-2.51202	-0.0940923	0.172129	-2.56404	-1.07782	0.225431	-2.46786	-0.479192	0.143209	-2.34697	-0.0435424	0.131297	-2.60928	-0.94313	0.233571	-2.42207	-1.37084	0.0758965	-2.43528	-0.6694	0.0834126	-2.49508	-0.308615	0.132596	-2.29334	-0.0438404	0.184917
95	0.938886	-2.47735	-1.43519	0.265949	-2.3342	-1.34259	0.269148	-2.4958	-0.0937316	0.405625	-2.56739	-1.08527	0.325804	-2.45377	-0.487663	0.438709	-2.32586	-0.041537	0.422771	-2.61306	-0.952121	0.33506	-2.42655	-1.37514	0.464854	-2.43084	-0.703179	0.48811	-2.47361	-0.316736	0.445745	-2.27957	-0.0441065	0.365711	-2.51201	-0.0940762	0.172114	-2.56392	-1.07784	0.22532	-2.4678	-0.479168	0.143171	-2.34697	-0.0435378	0.131296	-2.60917	-0.943167	0.233462	-2.42183	-1.37087	0.0758105	-2.43518	-0.669371	0.0833743	-2.49505	-0.3086	0.132566	-2.29339	-0.043839	0.184901
96	0.948874	-2.47718	-1.4352	0.265855	-2.33403	-1.34258	0.26908	-2.49581	-0.0937545	0.405613	-2.5673	-1.08528	0.325699	-2.45375	-0.487679	0.438652	-2.32586	-0.0415508	0.422779	-2.61297	-0.952139	0.334946	-2.42645	-1.37513	0.464765	-2.4308	-0.703158	0.488063	-2.47356	-0.31675	0.44572	-2.27954	-0.0440615	0.36571	-2.5119	-0.0939902	0.172046	-2.56378	-1.07787	0.225187	-2.46773	-0.479156	0.14313	-2.34702	-0.0435585	0.131273	-2.60905	-0.943196	0.233331	-2.42158	-1.37091	0.075733	-2.43506	-0.669339	0.0833395	-2.49502	-0.308591	0.132543	-2.29339	-0.0438157	0.184918
97	0.958863	-2.47701	-1.43521	0.265762	-2.33386	-1.34256	0.269005	-2.49582	-0.0937828	0.40559	-2.56719	-1.0853	0.325576	-2.45373	-0.487692	0.438598	-2.32587	-0.041577	0.422791	-2.61289	-0.952168	0.33483	-2.42637	-1.37513	0.46469	-2.43076	-0.703156	0.488003	-2.47357	-0.31676	0.445674	-2.27954	-0.0440946	0.365736	-2.51175	-0.0938648	0.171974	-2.56363	-1.07789	0.225048	-2.46766	-0.479136	0.143097	-2.34699	-0.0435332	0.131289	-2.60894	-0.943206	0.233196	-2.42134	-1.37094	0.0756525	-2.43494	-0.669313	0.0833028	-2.49497	-0.30859	0.132537	-2.29337	-0.0438099	0.184934
98	0.968851	-2.47684	-1.43522	0.26565	-2.3337	-1.34254	0.268928	-2.49582	-0.0938019	0.405575	-2.56709	-1.08533	0.325453	-2.4537	-0.487695	0.43855	-2.32586	-0.0416174	0.42281	-2.6128	-0.952199	0.334717	-2.42629	-1.37513	0.464612	-2.43072	-0.703179	0.487925	-2.47357	-0.316776	0.445642	-2.2796	-0.0441255	0.365688	-2.51188	-0.093983	0.172054	-2.56349	-1.07791	0.224924	-2.46759	-0.479129	0.143066	-2.34701	-0.0435432	0.131289	-2.60882	-0.943214	0.233055	-2.4211	-1.37097	0.0755458	-2.43481	-0.669292	0.0832694	-2.49493	-0.308592	0.132522	-2.29339	-0.0438171	0.184926
99	0.978839	-2.47667	-1.43524	0.265519	-2.33353	-1.34251	0.268845	-2.49584	-0.0937931	0.405567	-2.56698	-1.08534	0.32533	-2.45368	-0.487696	0.438516	-2.32586	-0.041579	0.422803	-2.61273	-0.95224	0.334607	-2.4262	-1.37513	0.464517	-2.43069	-0.703198	0.48787	-2.47357	-0.316777	0.445625	-2.27968	-0.0441656	0.36564	-2.51187	-0.0939894	0.172046	-2.56336	-1.07793	0.224814	-2.46754	-0.479133	0.14303	-2.34717	-0.0436223	0.131246	-2.6087	-0.943238	0.232925	-2.42084	-1.37099	0.0754085	-2.43467	-0.669265	0.0832362	-2.49489	-0.308569	0.13249	-2.29338	-0.0438318	0.184931
100	0.988827	-2.47651	-1.43526	0.265388	-2.33337	-1.3425	0.26876	-2.49583	-0.0937811	0.405558	-2.56687	-1.08535	0.325199	-2.45366	-0.487704	0.438482	-2.32586	-0.0415504	0.422792	-2.61266	-0.952276	0.33449	-2.42611	-1.37514	0.464429	-2.43067	-0.703204	0.487823	-2.47361	-0.316771	0.445597	-2.27963	-0.0441469	0.365679	-2.51173	-0.0938721	0.171961	-2.56322	-1.07794	0.224708	-2.46747	-0.479121	0.142991	-2.34718	-0.0436306	0.131251	-2.6086	-0.943265	0.232783	-2.42057	-1.37099	0.0752671	-2.43454	-0.669235	0.0831923	-2.49481	-0.308523	0.132456	-2.29335	-0.0438151	0.184945
101	0.998815	-2.47635	-1.43528	0.265257	-2.33322	-1.34247	0.268679	-2.49585	-0.0937788	0.405549	-2.56675	-1.08536	0.325072	-2.45364	-0.487705	0.438448	-2.32586	-0.0415719	0.422793	-2.61258	-0.952307	0.334376	-2.42603	-1.37515	0.464331	-2.43066	-0.703207	0.487788	-2.47371	-0.316764	0.445556	-2.2796	-0.0441434	0.365713	-2.51187	-0.0939672	0.172026	-2.56309	-1.07794	0.224589	-2.4674	-0.479122	0.142955	-2.34716	-0.0436161	0.131263	-2.6085	-0.943282	0.232641	-2.4203	-1.37099	0.0751343	-2.43442	-0.669215	0.0831476	-2.49474	-0.308497	0.132443	-2.29334	-0.0438085	0.184961
102	1.0088	-2.47617	-1.43528	0.265107	-2.33306	-1.34245	0.268577	-2.49587	-0.093784	0.405556	-2.56664	-1.08538	0.324956	-2.45362	-0.487701	0.438408	-2.32587	-0.041608	0.422799	-2.61249	-0.952338	0.334244	-2.42593	-1.37516	0.46422	-2.43065	-0.703223	0.487761	-2.47374	-0.316789	0.445547	-2.27956	-0.0440965	0.365769	-2.51198	-0.0940504	0.172095	-2.56295	-1.07795	0.224459	-2.46732	-0.479137	0.142923	-2.34708	-0.04359	0.131295	-2.60837	-0.943296	0.232513	-2.42003	-1.37099	0.0750217	-2.4343	-0.669197	0.0831084	-2.49467	-0.308488	0.132433	-2.29338	-0.0438177	0.184975
103	1.01879	-2.47598	-1.43528	0.26493	-2.33289	-1.34242	0.268469	-2.49588	-0.0937923	0.405558	-2.56653	-1.08541	0.324832	-2.45361	-0.487705	0.438378	-2.32587	-0.0415983	0.422807	-2.61239	-0.952367	0.334099	-2.42583	-1.37518	0.464108	-2.43063	-0.703239	0.487723	-2.47367	-0.316813	0.44555	-2.27966	-0.0441267	0.365708	-2.51196	-0.0940496	0.172111	-2.56279	-1.07795	0.224333	-2.46725	-0.479135	0.142875	-2.34698	-0.0435543	0.13133	-2.60825	-0.943325	0.232396	-2.41979	-1.37099	0.0749058	-2.43418	-0.669181	0.0830721	-2.4946	-0.308465	0.132397	-2.29339	-0.0438004	0.18498
104	1.02878	-2.47579	-1.43529	0.264761	-2.33272	-1.34239	0.268368	-2.49589	-0.0938003	0.405549	-2.56641	-1.08545	0.324718	-2.45358	-0.487716	0.43835	-2.32587	-0.0416142	0.422815	-2.6123	-0.952413	0.333969	-2.42573	-1.3752	0.463979	-2.43061	-0.70325	0.487678	-2.47357	-0.316736	0.445549	-2.2797	-0.044171	0.365713	-2.51182	-0.0939398	0.172048	-2.56264	-1.07797	0.224224	-2.46716	-0.479121	0.142832	-2.3469	-0.0435093	0.13137	-2.60814	-0.943378	0.232289	-2.41956	-1.371	0.0747711	-2.43406	-0.669175	0.083045	-2.49453	-0.308459	0.132361	-2.29336	-0.0437895	0.184995
105	1.03877	-2.4756	-1.4353	0.264601	-2.33253	-1.34237	0.268259	-2.49591	-0.0938083	0.405542	-2.56629	-1.0855	0.324599	-2.45355	-0.487725	0.438321	-2.32588	-0.0416076	0.422813	-2.61221	-0.952467	0.33385	-2.42559	-1.37524	0.463837	-2.4306	-0.703256	0.487628	-2.47325	-0.316607	0.4456	-2.27973	-0.0441822	0.365701	-2.51155	-0.0937322	0.171895	-2.56249	-1.07799	0.224118	-2.46708	-0.479103	0.142787	-2.34694	-0.0435336	0.131353	-2.60801	-0.943423	0.232173	-2.41932	-1.37101	0.074636	-2.43395	-0.669171	0.0830373	-2.49449	-0.308471	0.132335	-2.29332	-0.0437753	0.185037
106	1.04876	-2.47541	-1.4353	0.264439	-2.33234	-1.34233	0.268161	-2.49589	-0.0938117	0.405545	-2.56617	-1.08554	0.324488	-2.45353	-0.487728	0.438281	-2.32589	-0.0416094	0.422825	-2.61212	-0.952507	0.333748	-2.42544	-1.37526	0.463701	-2.43058	-0.703277	0.487581	-2.47327	-0.316595	0.445562	-2.2797	-0.0441292	0.365704	-2.51142	-0.0936291	0.171827	-2.56235	-1.078	0.224007	-2.46702	-0.479102	0.142748	-2.34706	-0.0435939	0.131308	-2.60789	-0.94345	0.232067	-2.41909	-1.37101	0.0745061	-2.43382	-0.669153	0.0830162	-2.49447	-0.30849	0.132311	-2.2933	-0.0437423	0.185064
107	1.05874	-2.47521	-1.43532	0.264285	-2.33214	-1.3423	0.268068	-2.49589	-0.0938197	0.405549	-2.56605	-1.08557	0.32438	-2.45352	-0.487733	0.438233	-2.3259	-0.0416346	0.422834	-2.61201	-0.952534	0.333641	-2.42529	-1.37529	0.463568	-2.43057	-0.703307	0.487527	-2.47344	-0.316573	0.445427	-2.27964	-0.044148	0.365823	-2.51153	-0.0937162	0.171875	-2.56221	-1.07801	0.223899	-2.46694	-0.479093	0.142705	-2.34713	-0.0436163	0.131289	-2.60775	-0.943459	0.231965	-2.41886	-1.37101	0.0743907	-2.43369	-0.669121	0.0829819	-2.49444	-0.308486	0.132278	-2.29323	-0.0436941	0.18509
108	1.06873	-2.47502	-1.43534	0.264142	-2.33194	-1.34228	0.267978	-2.4959	-0.0938163	0.405553	-2.56593	-1.08559	0.32427	-2.45349	-0.48774	0.43819	-2.3259	-0.0416201	0.422828	-2.6119	-0.952562	0.333528	-2.42514	-1.37532	0.463424	-2.43058	-0.703342	0.487478	-2.47329	-0.316484	0.445422	-2.27966	-0.0441976	0.365872	-2.51181	-0.0939365	0.172016	-2.56206	-1.07801	0.223791	-2.46685	-0.479072	0.142656	-2.34718	-0.0436159	0.131279	-2.60763	-0.943463	0.231854	-2.41864	-1.37102	0.074276	-2.43355	-0.669083	0.0829397	-2.49439	-0.308471	0.132248	-2.29322	-0.043683	0.185111
109	1.07872	-2.47485	-1.43537	0.264019	-2.33174	-1.34225	0.267877	-2.49592	-0.0938102	0.405551	-2.56581	-1.08563	0.324165	-2.45344	-0.487741	0.438154	-2.3259	-0.0416166	0.422832	-2.6118	-0.952596	0.333425	-2.42498	-1.37535	0.463272	-2.43054	-0.703309	0.487443	-2.47312	-0.317222	0.446005	-2.27962	-0.0441961	0.365949	-2.51183	-0.0939503	0.172034	-2.56192	-1.07802	0.223681	-2.46675	-0.479055	0.142607	-2.34721	-0.0436237	0.131282	-2.6075	-0.943481	0.231736	-2.41842	-1.37102	0.0741665	-2.43341	-0.669051	0.0828879	-2.49432	-0.308455	0.132235	-2.29324	-0.043709	0.185139
110	1.08871	-2.47465	-1.43539	0.263891	-2.33154	-1.34222	0.267756	-2.49591	-0.0938064	0.405561	-2.56569	-1.08566	0.324063	-2.45339	-0.487744	0.43811	-2.3259	-0.0416143	0.422827	-2.61169	-0.952634	0.33332	-2.4248	-1.37537	0.463113	-2.43048	-0.703297	0.487401	-2.47294	-0.319134	0.44744	-2.27961	-0.0442019	0.365972	-2.51158	-0.0937468	0.171919	-2.56176	-1.07804	0.223572	-2.46665	-0.479024	0.142576	-2.34718	-0.0436109	0.131319	-2.60739	-0.943507	0.231628	-2.41819	-1.37102	0.0740474	-2.43327	-0.669021	0.0828394	-2.49425	-0.308449	0.132219	-2.29323	-0.0437276	0.185171
111	1.0987	-2.47445	-1.43541	0.263741	-2.33135	-1.34218	0.267632	-2.4959	-0.0938232	0.405562	-2.56556	-1.0857	0.323954	-2.45335	-0.48776	0.438059	-2.3259	-0.0416049	0.422816	-2.61157	-0.952673	0.333204	-2.42462	-1.37537	0.462954	-2.43042	-0.703312	0.487351	-2.47276	-0.319885	0.448024	-2.27956	-0.0442198	0.366024	-2.51144	-0.0936605	0.171851	-2.5616	-1.07807	0.223457	-2.46654	-0.479	0.142554	-2.34696	-0.0435493	0.131395	-2.60727	-0.943536	0.231533	-2.41794	-1.37103	0.0739126	-2.43313	-0.668992	0.0828007	-2.49418	-0.308454	0.132189	-2.29319	-0.043739	0.185202
112	1.10868	-2.47424	-1.43542	0.263589	-2.33115	-1.34214	0.267497	-2.49587	-0.0938407	0.40555	-2.56544	-1.08572	0.323859	-2.45329	-0.487761	0.438001	-2.3259	-0.0416137	0.422821	-2.61145	-0.952711	0.33308	-2.42443	-1.37539	0.462802	-2.43035	-0.703318	0.487287	-2.47251	-0.319763	0.448023	-2.27951	-0.0441949	0.366061	-2.51142	-0.0936551	0.171828	-2.56144	-1.0781	0.22334	-2.46646	-0.478984	0.142518	-2.34695	-0.0435638	0.131394	-2.60713	-0.943566	0.231435	-2.4177	-1.37104	0.073769	-2.43298	-0.668965	0.0827538	-2.4941	-0.308447	0.132155	-2.29316	-0.0437219	0.18523
113	1.11867	-2.47403	-1.43544	0.263417	-2.33094	-1.34209	0.267345	-2.49589	-0.093855	0.405535	-2.56531	-1.08574	0.323767	-2.45324	-0.487764	0.437953	-2.3259	-0.0416108	0.422823	-2.61132	-0.952737	0.332951	-2.42425	-1.3754	0.462637	-2.4303	-0.703332	0.487209	-2.47249	-0.319613	0.447902	-2.27956	-0.044169	0.366002	-2.51143	-0.0936505	0.171825	-2.56128	-1.07811	0.223217	-2.46638	-0.478968	0.142472	-2.34705	-0.0435915	0.131365	-2.60699	-0.943593	0.231335	-2.41747	-1.37102	0.0736157	-2.43284	-0.668936	0.0827031	-2.49402	-0.308424	0.132117	-2.29321	-0.0437066	0.185229
114	1.12866	-2.4738	-1.43545	0.263226	-2.33073	-1.34204	0.267182	-2.49593	-0.0938622	0.405507	-2.56516	-1.08576	0.323666	-2.45318	-0.487756	0.437896	-2.32589	-0.0416041	0.422824	-2.6112	-0.952762	0.332833	-2.42405	-1.37541	0.46247	-2.43027	-0.703379	0.487121	-2.47257	-0.319627	0.447824	-2.2797	-0.0442715	0.365933	-2.51142	-0.0936412	0.171812	-2.56113	-1.07813	0.223102	-2.46631	-0.478955	0.142435	-2.34713	-0.0436132	0.13135	-2.60686	-0.943621	0.231241	-2.41723	-1.37101	0.0734428	-2.4327	-0.668903	0.0826634	-2.49397	-0.308412	0.13209	-2.2933	-0.0437075	0.185217
115	1.13865	-2.4736	-1.43546	0.263024	-2.33051	-1.342	0.267017	-2.49593	-0.0938633	0.405493	-2.56501	-1.08578	0.323569	-2.45309	-0.487736	0.437826	-2.3259	-0.0416048	0.422818	-2.61106	-0.952795	0.332722	-2.42386	-1.37542	0.462299	-2.43019	-0.703413	0.487055	-2.47236	-0.319654	0.447784	-2.27982	-0.0442939	0.3658	-2.5114	-0.0936197	0.171796	-2.56097	-1.07816	0.223011	-2.46624	-0.478946	0.142382	-2.34709	-0.0436018	0.131371	-2.60673	-0.943639	0.231133	-2.417	-1.371	0.0732416	-2.43256	-0.668845	0.0826384	-2.49393	-0.30841	0.132052	-2.29328	-0.0437076	0.185233
116	1.14864	-2.47339	-1.43547	0.262798	-2.33028	-1.34195	0.266858	-2.49591	-0.0938597	0.405502	-2.56483	-1.08581	0.323462	-2.45295	-0.487698	0.437726	-2.3259	-0.0415881	0.422815	-2.61092	-0.952838	0.33261	-2.42366	-1.37544	0.462117	-2.43008	-0.703443	0.487017	-2.47209	-0.319773	0.447643	-2.27971	-0.0442055	0.365872	-2.51136	-0.0935954	0.171775	-2.5608	-1.0782	0.222925	-2.46616	-0.478937	0.14234	-2.34709	-0.0436026	0.131383	-2.60658	-0.943668	0.231028	-2.41676	-1.37098	0.0730417	-2.43239	-0.668767	0.0826239	-2.49387	-0.308401	0.132025	-2.29321	-0.0437077	0.185272
117	1.15863	-2.47317	-1.43547	0.262564	-2.33005	-1.3419	0.266699	-2.49587	-0.0938628	0.405512	-2.56466	-1.08585	0.323349	-2.45287	-0.48769	0.437681	-2.32591	-0.0415794	0.422811	-2.61078	-0.952885	0.332508	-2.42344	-1.37548	0.461941	-2.42997	-0.703458	0.486963	-2.47259	-0.319822	0.447657	-2.27948	-0.0440717	0.366033	-2.5113	-0.0935576	0.17175	-2.56063	-1.07824	0.222823	-2.46606	-0.478921	0.142299	-2.34708	-0.0436107	0.131381	-2.60643	-0.943714	0.23091	-2.4165	-1.37096	0.0728563	-2.43227	-0.668751	0.0825375	-2.49381	-0.308386	0.132	-2.29312	-0.0437009	0.185307
118	1.16861	-2.47294	-1.43547	0.262364	-2.32982	-1.34186	0.266564	-2.49586	-0.0938787	0.405507	-2.56449	-1.0859	0.323228	-2.45285	-0.487713	0.437675	-2.3259	-0.041607	0.422815	-2.61062	-0.952935	0.332424	-2.4232	-1.37552	0.46177	-2.42988	-0.703452	0.486886	-2.47531	-0.31924	0.448571	-2.27946	-0.044046	0.36602	-2.51121	-0.0935017	0.171716	-2.56045	-1.07827	0.222717	-2.46595	-0.478913	0.142251	-2.34705	-0.0436109	0.131399	-2.60626	-0.943763	0.230792	-2.41623	-1.37092	0.0726918	-2.43216	-0.668756	0.0824434	-2.49375	-0.30837	0.131968	-2.2931	-0.0437174	0.185326
119	1.1786	-2.47268	-1.43546	0.262171	-2.32959	-1.34182	0.266435	-2.49585	-0.0938869	0.405495	-2.56431	-1.08595	0.323098	-2.45285	-0.487737	0.437667	-2.32591	-0.0416304	0.422829	-2.61048	-0.952978	0.332335	-2.42295	-1.37554	0.461591	-2.42978	-0.70344	0.4868	-2.47947	-0.318494	0.449827	-2.27951	-0.0441073	0.365999	-2.51121	-0.0935196	0.171713	-2.56026	-1.07831	0.2226	-2.46587	-0.478912	0.142182	-2.34704	-0.0436041	0.131417	-2.6061	-0.943807	0.230653	-2.41596	-1.37088	0.0725098	-2.43202	-0.668714	0.0823687	-2.49368	-0.308361	0.131925	-2.29317	-0.043734	0.185321
120	1.18859	-2.47242	-1.43545	0.261985	-2.32934	-1.34177	0.266283	-2.49587	-0.0938832	0.405495	-2.56411	-1.08601	0.322968	-2.45276	-0.487719	0.437603	-2.32591	-0.0416194	0.422839	-2.61036	-0.953026	0.332234	-2.42269	-1.37556	0.461405	-2.42969	-0.703426	0.486722	-2.47543	-0.31925	0.4485	-2.27952	-0.0441529	0.366019	-2.51125	-0.0935828	0.171726	-2.56007	-1.07835	0.222485	-2.46579	-0.478911	0.142125	-2.34705	-0.0436021	0.131417	-2.60594	-0.94386	0.230511	-2.41567	-1.37084	0.0723218	-2.4319	-0.668682	0.0822788	-2.49362	-0.308357	0.131884	-2.29323	-0.0437211	0.185315
121	1.19858	-2.47214	-1.43546	0.261811	-2.32907	-1.34172	0.266119	-2.49588	-0.0938762	0.405498	-2.5639	-1.08607	0.32284	-2.45268	-0.487702	0.437543	-2.32591	-0.0416193	0.422843	-2.61022	-0.953068	0.332108	-2.42244	-1.37558	0.461213	-2.42959	-0.703398	0.486633	-2.47209	-0.31991	0.447446	-2.27958	-0.0441485	0.365946	-2.51123	-0.0935625	0.171698	-2.55986	-1.07841	0.222359	-2.46571	-0.478913	0.142062	-2.34707	-0.0436141	0.131414	-2.6058	-0.943933	0.230373	-2.41538	-1.3708	0.072159	-2.43181	-0.668681	0.0821609	-2.49356	-0.308351	0.131841	-2.29322	-0.0437142	0.185332
122	1.20857	-2.47185	-1.43548	0.26164	-2.32876	-1.34168	0.265956	-2.4959	-0.0938753	0.405508	-2.56369	-1.08611	0.322709	-2.45264	-0.487689	0.437496	-2.32591	-0.0416591	0.422852	-2.61006	-0.953106	0.331962	-2.42218	-1.37561	0.46105	-2.42951	-0.7034	0.486563	-2.47139	-0.320194	0.44726	-2.27961	-0.0441641	0.36594	-2.51123	-0.0935684	0.171665	-2.55967	-1.07846	0.222233	-2.46563	-0.478907	0.141982	-2.34709	-0.0436057	0.131416	-2.60565	-0.943998	0.230235	-2.41509	-1.37075	0.0719889	-2.43171	-0.668674	0.0820519	-2.49351	-0.308325	0.131811	-2.29319	-0.043711	0.185359
123	1.21855	-2.47155	-1.43551	0.261453	-2.32843	-1.34165	0.26579	-2.4959	-0.0938701	0.405513	-2.56349	-1.08614	0.322564	-2.45261	-0.487688	0.437464	-2.32591	-0.0416402	0.422841	-2.6099	-0.953154	0.331809	-2.42191	-1.37566	0.460897	-2.42943	-0.703403	0.486474	-2.47416	-0.319888	0.448203	-2.27963	-0.0441865	0.365961	-2.51121	-0.0935998	0.171638	-2.55949	-1.07852	0.222085	-2.46555	-0.47891	0.14191	-2.34702	-0.0435694	0.13145	-2.6055	-0.944056	0.230104	-2.41478	-1.37072	0.0718043	-2.4316	-0.668654	0.0819276	-2.49345	-0.308302	0.131783	-2.29321	-0.0437286	0.185381
124	1.22854	-2.4712	-1.43553	0.261237	-2.3281	-1.34161	0.265602	-2.49588	-0.093865	0.405518	-2.5633	-1.08617	0.322411	-2.45258	-0.487693	0.437417	-2.32592	-0.0415951	0.422829	-2.60974	-0.953225	0.331641	-2.42158	-1.3757	0.460734	-2.42934	-0.7034	0.486359	-2.48139	-0.318369	0.45042	-2.2796	-0.0441545	0.365966	-2.51118	-0.093636	0.171628	-2.55932	-1.07859	0.221921	-2.46547	-0.478905	0.141831	-2.34703	-0.0435668	0.131464	-2.60536	-0.94412	0.229971	-2.41443	-1.3707	0.0716022	-2.43149	-0.668628	0.0817817	-2.49337	-0.30829	0.131763	-2.29325	-0.0437315	0.185374
125	1.23853	-2.47083	-1.43553	0.260988	-2.32778	-1.34155	0.265396	-2.49584	-0.0938665	0.405526	-2.56312	-1.08621	0.322255	-2.45254	-0.487697	0.437367	-2.32593	-0.0415857	0.422844	-2.60957	-0.953305	0.331449	-2.42121	-1.37575	0.460545	-2.42926	-0.7034	0.486234	-2.4817	-0.318318	0.450487	-2.27954	-0.0441049	0.365994	-2.51119	-0.0936882	0.171642	-2.55913	-1.07865	0.221759	-2.46537	-0.478902	0.141745	-2.34708	-0.0435933	0.131462	-2.60521	-0.944193	0.229817	-2.41405	-1.37069	0.0713814	-2.43137	-0.668599	0.0816469	-2.49326	-0.308288	0.131759	-2.29322	-0.0437462	0.185385
126	1.24852	-2.47045	-1.43555	0.260737	-2.32745	-1.3415	0.265166	-2.49584	-0.0938618	0.405518	-2.56293	-1.08627	0.322116	-2.45252	-0.487706	0.437329	-2.32594	-0.0416033	0.42286	-2.60942	-0.953377	0.331248	-2.42082	-1.3758	0.460346	-2.42917	-0.703408	0.486113	-2.47715	-0.319342	0.449045	-2.27947	-0.0440953	0.366058	-2.51117	-0.0937262	0.171584	-2.55892	-1.0787	0.22161	-2.46526	-0.478891	0.141647	-2.34716	-0.0436407	0.131454	-2.60507	-0.944275	0.22965	-2.41367	-1.37068	0.0711434	-2.43125	-0.668558	0.0815316	-2.49315	-0.308288	0.131751	-2.29324	-0.0437589	0.185404
127	1.25851	-2.47009	-1.43558	0.260508	-2.3271	-1.34146	0.264894	-2.4959	-0.0938499	0.405509	-2.56272	-1.08633	0.321975	-2.45252	-0.487694	0.437298	-2.32593	-0.0416091	0.422866	-2.60927	-0.953457	0.331053	-2.42041	-1.37585	0.460117	-2.42908	-0.703405	0.486001	-2.47863	-0.318856	0.449394	-2.27953	-0.0441279	0.366033	-2.51115	-0.0937832	0.171551	-2.5587	-1.07875	0.22146	-2.46512	-0.47888	0.141549	-2.34716	-0.0436475	0.131516	-2.60493	-0.944365	0.229479	-2.4133	-1.37067	0.0708931	-2.43114	-0.668536	0.0813889	-2.49302	-0.308271	0.131753	-2.29331	-0.0437956	0.185427
128	1.2685	-2.46975	-1.43563	0.260282	-2.32674	-1.34142	0.264605	-2.49595	-0.0938303	0.405518	-2.56248	-1.08639	0.321828	-2.45252	-0.487684	0.437286	-2.32593	-0.041603	0.422879	-2.60913	-0.953558	0.330886	-2.42	-1.37589	0.459853	-2.429	-0.703386	0.48591	-2.4746	-0.319611	0.448124	-2.2796	-0.0441545	0.366001	-2.51111	-0.0938228	0.171534	-2.55846	-1.07881	0.221321	-2.46494	-0.47889	0.141451	-2.34713	-0.0437241	0.131653	-2.6048	-0.944484	0.229316	-2.41292	-1.37067	0.0706676	-2.43102	-0.668527	0.0812093	-2.49285	-0.308226	0.131771	-2.29339	-0.0438447	0.185447
129	1.27848	-2.46938	-1.43568	0.260046	-2.32636	-1.34137	0.264283	-2.49595	-0.0938103	0.405575	-2.5622	-1.08647	0.321687	-2.45251	-0.48768	0.437294	-2.32594	-0.041583	0.422901	-2.60897	-0.953669	0.330724	-2.41957	-1.37592	0.459556	-2.4289	-0.70334	0.485783	-2.47111	-0.320681	0.447273	-2.27962	-0.0441987	0.366029	-2.51104	-0.093855	0.171521	-2.55822	-1.07892	0.221196	-2.46471	-0.47891	0.141363	-2.34706	-0.0438728	0.131847	-2.60466	-0.944631	0.229161	-2.41253	-1.37068	0.0704402	-2.43091	-0.668522	0.0810044	-2.49263	-0.308176	0.131802	-2.29338	-0.0438932	0.185483
130	1.28847	-2.46899	-1.43572	0.259795	-2.32598	-1.34133	0.263961	-2.49595	-0.0937879	0.405644	-2.56192	-1.08656	0.321563	-2.45249	-0.487673	0.437308	-2.32596	-0.0416116	0.422935	-2.60881	-0.953776	0.330582	-2.41916	-1.37596	0.459272	-2.42879	-0.703288	0.485643	-2.47024	-0.320935	0.447193	-2.2796	-0.0442253	0.36611	-2.51097	-0.0938939	0.17152	-2.55798	-1.07906	0.221063	-2.46441	-0.478928	0.14126	-2.347	-0.044072	0.132047	-2.60453	-0.944792	0.229016	-2.41215	-1.37069	0.070203	-2.43081	-0.668516	0.0807684	-2.49224	-0.308139	0.131791	-2.29341	-0.0439261	0.185508
131	1.29846	-2.46859	-1.43575	0.259513	-2.32557	-1.34132	0.263675	-2.49594	-0.0937467	0.405723	-2.56162	-1.08664	0.321458	-2.45246	-0.487667	0.437345	-2.32596	-0.0416092	0.422945	-2.60863	-0.953895	0.330471	-2.41876	-1.376	0.458989	-2.42867	-0.703262	0.485512	-2.4703	-0.320064	0.446868	-2.27953	-0.0441635	0.366213	-2.51087	-0.0939158	0.171509	-2.55774	-1.0792	0.220933	-2.46408	-0.478976	0.14114	-2.34697	-0.0442921	0.132281	-2.6044	-0.944947	0.228842	-2.41177	-1.37069	0.0699383	-2.43071	-0.668528	0.0804991	-2.49148	-0.308099	0.131665	-2.29348	-0.0439663	0.185539
132	1.30845	-2.46818	-1.43578	0.2592	-2.32515	-1.34133	0.2634	-2.49592	-0.0937068	0.405795	-2.56131	-1.08672	0.321351	-2.45244	-0.487658	0.437379	-2.32596	-0.0416031	0.422947	-2.60842	-0.954038	0.330344	-2.41832	-1.37605	0.458679	-2.42854	-0.703265	0.485371	-2.47044	-0.318258	0.445693	-2.2795	-0.0441516	0.366336	-2.51077	-0.0939347	0.171488	-2.55752	-1.07934	0.220822	-2.46374	-0.479032	0.140997	-2.34702	-0.0445161	0.13252	-2.60426	-0.945102	0.228643	-2.41136	-1.3707	0.0696317	-2.43062	-0.668564	0.0801791	-2.49104	-0.308033	0.131654	-2.29359	-0.0440066	0.185568
133	1.31844	-2.46773	-1.43581	0.258836	-2.32471	-1.34133	0.263107	-2.49593	-0.0936962	0.405862	-2.56098	-1.08681	0.321219	-2.45242	-0.487647	0.437397	-2.32597	-0.0415737	0.422953	-2.60822	-0.954207	0.33019	-2.41784	-1.3761	0.458324	-2.42843	-0.703336	0.485252	-2.47037	-0.317595	0.445105	-2.2796	-0.0441636	0.366301	-2.51072	-0.0939867	0.171474	-2.55729	-1.07949	0.220712	-2.46339	-0.479065	0.140822	-2.34704	-0.0446924	0.132769	-2.60413	-0.945305	0.228447	-2.41096	-1.37071	0.0692845	-2.43053	-0.668637	0.0798182	-2.49354	-0.307921	0.132673	-2.29364	-0.0440521	0.185608
134	1.32842	-2.46725	-1.43587	0.258435	-2.32425	-1.34132	0.26275	-2.49597	-0.093703	0.405926	-2.56064	-1.08694	0.321052	-2.45236	-0.48765	0.437356	-2.32598	-0.0415701	0.422968	-2.60802	-0.9544	0.330004	-2.4173	-1.37611	0.457924	-2.42829	-0.703385	0.485153	-2.47011	-0.317683	0.444897	-2.27967	-0.0442218	0.366293	-2.51067	-0.0940157	0.171447	-2.55706	-1.07967	0.220565	-2.46296	-0.479103	0.140636	-2.34698	-0.0448104	0.133022	-2.60401	-0.945558	0.228283	-2.41058	-1.37074	0.0688734	-2.43042	-0.668705	0.0794592	-2.50015	-0.307763	0.135191	-2.29367	-0.0440953	0.18565
135	1.33841	-2.46678	-1.43592	0.258057	-2.32378	-1.34129	0.262317	-2.49602	-0.0937186	0.405996	-2.56028	-1.08712	0.320879	-2.45234	-0.487723	0.437278	-2.32598	-0.04154	0.422974	-2.60781	-0.95462	0.329812	-2.41675	-1.37611	0.457499	-2.42812	-0.703395	0.485029	-2.47044	-0.317875	0.445005	-2.2797	-0.0443008	0.366363	-2.51062	-0.0940402	0.171408	-2.5568	-1.07988	0.220394	-2.46245	-0.47914	0.140458	-2.34689	-0.0449014	0.133319	-2.60389	-0.94583	0.228117	-2.4102	-1.37078	0.0684521	-2.43026	-0.668748	0.0791008	-2.50251	-0.307665	0.136194	-2.29377	-0.0441459	0.185678
136	1.3484	-2.46632	-1.43596	0.257704	-2.32332	-1.34126	0.26182	-2.49604	-0.0937337	0.406081	-2.55989	-1.08733	0.320714	-2.45241	-0.487867	0.437166	-2.32598	-0.0415319	0.422981	-2.6076	-0.954872	0.329638	-2.4162	-1.37613	0.457058	-2.42792	-0.703396	0.48487	-2.47297	-0.318065	0.446459	-2.27973	-0.0443193	0.366396	-2.51057	-0.0940556	0.171358	-2.55651	-1.08014	0.220226	-2.46189	-0.47914	0.140289	-2.34675	-0.0449885	0.133702	-2.60379	-0.946107	0.22794	-2.40979	-1.37083	0.0680117	-2.43003	-0.668756	0.0787106	-2.50193	-0.307681	0.136088	-2.29388	-0.0442076	0.185734
137	1.35839	-2.46583	-1.436	0.257284	-2.32286	-1.34121	0.261258	-2.49604	-0.0937578	0.406173	-2.55948	-1.08756	0.320554	-2.45224	-0.487889	0.437053	-2.32599	-0.0415333	0.422988	-2.60735	-0.955144	0.329465	-2.41561	-1.37617	0.456577	-2.42767	-0.703373	0.484663	-2.47775	-0.31856	0.449124	-2.27969	-0.0442109	0.366468	-2.5105	-0.0940743	0.171302	-2.55622	-1.08042	0.220045	-2.46123	-0.479084	0.1401	-2.34673	-0.0451897	0.134084	-2.60369	-0.946398	0.22777	-2.4094	-1.37088	0.0675303	-2.42974	-0.668721	0.0782601	-2.50093	-0.307616	0.135825	-2.29391	-0.0442552	0.185826
138	1.36838	-2.46532	-1.43605	0.256753	-2.32236	-1.34117	0.260616	-2.49603	-0.0937963	0.406281	-2.55908	-1.08779	0.320397	-2.4518	-0.487791	0.436918	-2.326	-0.0415108	0.42299	-2.60709	-0.95543	0.329273	-2.41499	-1.37622	0.456068	-2.42736	-0.703373	0.484395	-2.47796	-0.318179	0.448849	-2.27958	-0.044128	0.366639	-2.51039	-0.0940904	0.171242	-2.55594	-1.08068	0.219846	-2.46047	-0.479026	0.139894	-2.3469	-0.0454945	0.134397	-2.60362	-0.946734	0.2276	-2.40901	-1.37092	0.0669911	-2.42941	-0.668659	0.0777485	-2.50017	-0.307488	0.135676	-2.2939	-0.044303	0.185913
139	1.37836	-2.46474	-1.43611	0.256165	-2.32179	-1.34114	0.259945	-2.49603	-0.093842	0.406405	-2.55866	-1.08803	0.320211	-2.45137	-0.487739	0.436711	-2.32601	-0.0414892	0.422996	-2.60682	-0.955716	0.329086	-2.41428	-1.37626	0.455487	-2.42699	-0.70344	0.484086	-2.48483	-0.314892	0.449655	-2.27961	-0.0441367	0.366737	-2.5103	-0.094131	0.171192	-2.55566	-1.08092	0.219648	-2.4596	-0.47896	0.139647	-2.3471	-0.0458138	0.134702	-2.60355	-0.947093	0.227413	-2.4086	-1.37098	0.0664191	-2.42903	-0.668597	0.0771919	-2.49946	-0.307321	0.135586	-2.29396	-0.0443498	0.186016
140	1.38835	-2.46412	-1.43619	0.2556	-2.32117	-1.34113	0.259316	-2.49606	-0.0938913	0.406524	-2.55821	-1.08827	0.319973	-2.45094	-0.487735	0.436445	-2.32603	-0.0414738	0.42301	-2.60659	-0.956025	0.328895	-2.41354	-1.3763	0.454845	-2.42657	-0.703542	0.483715	-2.48487	-0.316286	0.450794	-2.27967	-0.0441902	0.366864	-2.51022	-0.0941831	0.171137	-2.55536	-1.08114	0.219427	-2.45859	-0.478886	0.139387	-2.34735	-0.046189	0.134997	-2.60347	-0.947455	0.22721	-2.40817	-1.37104	0.0658091	-2.4286	-0.668522	0.076664	-2.49865	-0.307157	0.135461	-2.29411	-0.0443918	0.1861
141	1.39834	-2.4635	-1.4363	0.255045	-2.32055	-1.34111	0.258682	-2.49607	-0.0939115	0.406681	-2.55775	-1.08851	0.319684	-2.45047	-0.487786	0.436161	-2.32604	-0.0414635	0.423025	-2.60639	-0.956391	0.328678	-2.4128	-1.37636	0.454169	-2.42609	-0.7036	0.483291	-2.48029	-0.318631	0.450146	-2.27966	-0.0442098	0.36703	-2.51011	-0.0942211	0.17107	-2.55504	-1.08142	0.219135	-2.45741	-0.478854	0.139154	-2.34765	-0.0466969	0.135327	-2.60339	-0.947818	0.226982	-2.40774	-1.3711	0.0651643	-2.42811	-0.668445	0.0762194	-2.49769	-0.307013	0.135315	-2.29423	-0.0444353	0.186186
142	1.40833	-2.46286	-1.43642	0.254383	-2.31991	-1.34106	0.257924	-2.49605	-0.0939249	0.406894	-2.55727	-1.08879	0.319331	-2.44991	-0.487891	0.435863	-2.32606	-0.0414347	0.423034	-2.60614	-0.956799	0.328426	-2.412	-1.37642	0.453452	-2.42551	-0.703607	0.482804	-2.47484	-0.32012	0.448555	-2.27969	-0.0442455	0.367183	-2.50999	-0.094268	0.171006	-2.55474	-1.08174	0.218783	-2.45604	-0.478795	0.138985	-2.34794	-0.0472976	0.135691	-2.60332	-0.948179	0.226701	-2.40729	-1.37116	0.0644385	-2.42755	-0.668356	0.0758219	-2.49661	-0.306876	0.13517	-2.29432	-0.0444965	0.186256
143	1.41832	-2.46218	-1.43653	0.25366	-2.31923	-1.34103	0.257019	-2.49609	-0.0939556	0.407144	-2.55681	-1.08911	0.318915	-2.44929	-0.488003	0.435542	-2.32606	-0.0414173	0.423053	-2.60589	-0.957202	0.328116	-2.4111	-1.37645	0.452694	-2.42486	-0.703636	0.482261	-2.47915	-0.31895	0.449721	-2.27977	-0.0442999	0.367332	-2.5099	-0.0942997	0.170965	-2.55444	-1.08205	0.218391	-2.4545	-0.478627	0.138816	-2.3484	-0.0479705	0.136036	-2.60326	-0.948562	0.226346	-2.40682	-1.37124	0.0636567	-2.42693	-0.668255	0.0753993	-2.49544	-0.30675	0.135038	-2.29426	-0.0445734	0.186368
144	1.42831	-2.46146	-1.43664	0.252941	-2.31851	-1.34105	0.256051	-2.49612	-0.0939819	0.407387	-2.55639	-1.08944	0.318436	-2.44859	-0.488122	0.435182	-2.32607	-0.0414181	0.423079	-2.60566	-0.957578	0.327704	-2.41016	-1.37652	0.451903	-2.42419	-0.703729	0.4817	-2.48237	-0.318046	0.450665	-2.27988	-0.0443677	0.367494	-2.50978	-0.0942891	0.170933	-2.55414	-1.08233	0.217907	-2.45284	-0.478371	0.138609	-2.34862	-0.0484036	0.136418	-2.60314	-0.948938	0.225914	-2.40633	-1.37131	0.0628702	-2.42626	-0.668108	0.0749452	-2.49415	-0.306552	0.134914	-2.29403	-0.0446865	0.186547
145	1.43829	-2.46066	-1.43677	0.252138	-2.31776	-1.34107	0.255118	-2.49614	-0.0940284	0.407626	-2.556	-1.08975	0.317886	-2.44776	-0.488223	0.434703	-2.32609	-0.0414144	0.423087	-2.60543	-0.957926	0.327199	-2.4092	-1.37663	0.451047	-2.42354	-0.703842	0.481119	-2.48235	-0.318083	0.450597	-2.27993	-0.0444447	0.367706	-2.50965	-0.0942826	0.170881	-2.55385	-1.08258	0.21731	-2.45111	-0.478083	0.138355	-2.3487	-0.048688	0.136835	-2.60299	-0.949258	0.225425	-2.4058	-1.37138	0.0620702	-2.42553	-0.667879	0.0745096	-2.49275	-0.306305	0.134763	-2.29447	-0.0446582	0.186621
146	1.44828	-2.45982	-1.43693	0.25128	-2.31698	-1.34105	0.254175	-2.49616	-0.0940637	0.407836	-2.55564	-1.09003	0.317215	-2.4468	-0.488297	0.434128	-2.3261	-0.0413606	0.423085	-2.60519	-0.958236	0.32661	-2.4082	-1.37674	0.450129	-2.42288	-0.703966	0.480469	-2.47819	-0.318982	0.449314	-2.27999	-0.0445153	0.367969	-2.50956	-0.0943367	0.170812	-2.55356	-1.0828	0.216634	-2.4493	-0.477789	0.138112	-2.34875	-0.0489241	0.137238	-2.60282	-0.949503	0.224875	-2.40525	-1.37148	0.0611783	-2.42475	-0.667605	0.0741089	-2.49128	-0.306054	0.134566	-2.29734	-0.0439993	0.186193
147	1.45827	-2.45897	-1.43708	0.250353	-2.31618	-1.34098	0.253088	-2.49616	-0.0940921	0.408028	-2.55529	-1.09024	0.316447	-2.44577	-0.488329	0.43353	-2.32611	-0.041307	0.423072	-2.60494	-0.958513	0.32599	-2.4071	-1.37682	0.449125	-2.42224	-0.704088	0.479739	-2.4695	-0.320716	0.446746	-2.28006	-0.0445742	0.368298	-2.50947	-0.0943901	0.170758	-2.55328	-1.08295	0.215874	-2.44746	-0.477534	0.137904	-2.34873	-0.0490921	0.137587	-2.60263	-0.949686	0.22426	-2.40467	-1.37161	0.0602133	-2.42392	-0.667317	0.0737068	-2.48983	-0.305819	0.134324	-2.30136	-0.0430395	0.185517
148	1.46826	-2.45804	-1.4372	0.249382	-2.31537	-1.34095	0.251924	-2.49616	-0.0941286	0.408189	-2.55493	-1.09041	0.315582	-2.44465	-0.488352	0.432892	-2.32614	-0.0413167	0.423067	-2.60468	-0.958768	0.325276	-2.40596	-1.37688	0.448055	-2.4216	-0.704195	0.479032	-2.4657	-0.321491	0.44551	-2.28014	-0.0446641	0.368616	-2.50937	-0.094399	0.170712	-2.55299	-1.08306	0.215003	-2.44565	-0.477204	0.137658	-2.34862	-0.0491718	0.137871	-2.60245	-0.949825	0.223553	-2.40404	-1.37172	0.0591798	-2.42305	-0.666993	0.0732131	-2.48845	-0.305611	0.134101	-2.29748	-0.0440644	0.186495
149	1.47825	-2.45706	-1.4373	0.248395	-2.31448	-1.34094	0.250713	-2.49618	-0.0941789	0.408326	-2.55458	-1.09054	0.314611	-2.44345	-0.488425	0.432182	-2.32616	-0.0413143	0.423067	-2.60441	-0.958951	0.324488	-2.40481	-1.37694	0.446927	-2.42093	-0.704276	0.478333	-2.46516	-0.321613	0.445197	-2.28022	-0.0447653	0.368925	-2.50926	-0.0944265	0.170658	-2.55269	-1.08312	0.214048	-2.44396	-0.476807	0.13732	-2.34854	-0.0491806	0.13811	-2.60226	-0.949915	0.222739	-2.40336	-1.3718	0.0580427	-2.42217	-0.666633	0.0726636	-2.4872	-0.305379	0.133873	-2.29467	-0.0448037	0.187191
150	1.48823	-2.45602	-1.43738	0.247287	-2.31352	-1.34088	0.249468	-2.49623	-0.0942575	0.408441	-2.55421	-1.09065	0.313585	-2.44205	-0.488552	0.431416	-2.32618	-0.0413272	0.423078	-2.60414	-0.959084	0.323622	-2.40363	-1.37699	0.445732	-2.4202	-0.70435	0.477637	-2.46487	-0.321782	0.444861	-2.28024	-0.0448676	0.369301	-2.50912	-0.0944036	0.170566	-2.55235	-1.08313	0.213044	-2.44239	-0.476437	0.1369	-2.34854	-0.0492731	0.138346	-2.60202	-0.949962	0.22187	-2.40264	-1.37185	0.056891	-2.42127	-0.666287	0.0720881	-2.48604	-0.305129	0.133581	-2.29427	-0.0449103	0.187383
151	1.49822	-2.45496	-1.43748	0.2461	-2.31256	-1.34078	0.248184	-2.49628	-0.0943698	0.408534	-2.55381	-1.09072	0.312511	-2.4405	-0.488616	0.430611	-2.32618	-0.0413525	0.42308	-2.60383	-0.959213	0.322662	-2.40243	-1.37701	0.444473	-2.41945	-0.704432	0.476861	-2.46364	-0.322084	0.444291	-2.28036	-0.0451522	0.369643	-2.50899	-0.0943513	0.170454	-2.55196	-1.08308	0.21196	-2.44092	-0.47611	0.136448	-2.34858	-0.0494061	0.138594	-2.60169	-0.949989	0.22095	-2.40181	-1.37188	0.0556664	-2.42034	-0.665932	0.0715308	-2.48491	-0.304899	0.133209	-2.29452	-0.0448805	0.187487
152	1.50821	-2.45388	-1.43756	0.244831	-2.31159	-1.34063	0.246837	-2.49624	-0.0944765	0.408637	-2.55338	-1.0908	0.311361	-2.43879	-0.488653	0.429755	-2.32618	-0.0413636	0.423071	-2.60349	-0.959351	0.321645	-2.40125	-1.37701	0.44315	-2.41864	-0.704501	0.476025	-2.46265	-0.322398	0.443807	-2.28069	-0.0457067	0.369873	-2.50889	-0.0943114	0.17032	-2.55155	-1.08302	0.2108	-2.43952	-0.475773	0.136019	-2.34854	-0.049473	0.138846	-2.60133	-0.949998	0.219948	-2.4009	-1.37188	0.0543981	-2.41941	-0.665568	0.070932	-2.48378	-0.304658	0.13278	-2.29453	-0.044939	0.187645
153	1.5182	-2.45275	-1.43758	0.24354	-2.31058	-1.34045	0.245414	-2.49615	-0.0945846	0.408762	-2.55289	-1.09087	0.310121	-2.43694	-0.488671	0.428827	-2.32619	-0.0413731	0.42306	-2.60313	-0.959493	0.320578	-2.40003	-1.37699	0.441779	-2.41772	-0.704546	0.475129	-2.46517	-0.322169	0.444244	-2.28081	-0.046114	0.3702	-2.50881	-0.0942671	0.170159	-2.55108	-1.08296	0.209551	-2.43814	-0.475441	0.135525	-2.34845	-0.0495001	0.139067	-2.60099	-0.949983	0.218862	-2.39994	-1.37187	0.053072	-2.41852	-0.66519	0.0702745	-2.48263	-0.304363	0.132316	-2.29433	-0.0450908	0.187666
154	1.52819	-2.45157	-1.43759	0.24215	-2.30954	-1.34031	0.243953	-2.49603	-0.0947011	0.408908	-2.55236	-1.09096	0.308807	-2.43491	-0.488682	0.427808	-2.3262	-0.0413843	0.423048	-2.60275	-0.959622	0.31946	-2.39884	-1.37693	0.44033	-2.41662	-0.704554	0.474178	-2.47195	-0.321248	0.445711	-2.28073	-0.0463105	0.370622	-2.50871	-0.0942023	0.169987	-2.55054	-1.0829	0.20826	-2.4368	-0.475131	0.134952	-2.34826	-0.0494638	0.139259	-2.6006	-0.949971	0.217729	-2.39893	-1.37183	0.0517148	-2.41765	-0.664817	0.0695766	-2.48148	-0.304039	0.131863	-2.29435	-0.0451256	0.187528
155	1.53818	-2.45037	-1.4376	0.24072	-2.30843	-1.34016	0.242452	-2.49592	-0.0948454	0.409023	-2.55179	-1.09107	0.307445	-2.43272	-0.488727	0.426717	-2.3262	-0.0413959	0.42302	-2.60234	-0.959805	0.318281	-2.39768	-1.37689	0.438815	-2.41533	-0.704496	0.473184	-2.47072	-0.321618	0.445004	-2.2808	-0.0466018	0.370972	-2.50862	-0.0941392	0.169788	-2.54996	-1.08285	0.206904	-2.43546	-0.47481	0.134393	-2.34802	-0.0493523	0.139435	-2.60016	-0.949985	0.216579	-2.39789	-1.37176	0.0502305	-2.41679	-0.664454	0.0688027	-2.48042	-0.303774	0.131362	-2.29691	-0.0444404	0.18737
156	1.54816	-2.44913	-1.4376	0.239177	-2.30727	-1.33996	0.240902	-2.49584	-0.0950739	0.409093	-2.55121	-1.09122	0.306026	-2.4303	-0.488752	0.425539	-2.32622	-0.0413979	0.422996	-2.6019	-0.960035	0.317057	-2.3965	-1.37681	0.437269	-2.41389	-0.704417	0.472134	-2.46115	-0.322959	0.442261	-2.28098	-0.0470025	0.37129	-2.50855	-0.0940429	0.169569	-2.54934	-1.08283	0.20554	-2.43422	-0.474474	0.133778	-2.3479	-0.049269	0.139553	-2.5997	-0.950045	0.215393	-2.39682	-1.37166	0.048699	-2.41592	-0.664073	0.0679989	-2.4794	-0.303465	0.130786	-2.30357	-0.0427298	0.187562
157	1.55815	-2.44788	-1.43758	0.237546	-2.30611	-1.33975	0.23932	-2.49574	-0.0954122	0.409103	-2.55061	-1.09136	0.304595	-2.4274	-0.488607	0.424362	-2.32622	-0.041385	0.422961	-2.60145	-0.960271	0.315824	-2.39528	-1.37672	0.435646	-2.41228	-0.704294	0.471024	-2.45559	-0.323612	0.440643	-2.28116	-0.0473636	0.371655	-2.50851	-0.0939375	0.169344	-2.54872	-1.08284	0.204146	-2.4331	-0.474129	0.133035	-2.34779	-0.0491764	0.139627	-2.59924	-0.95014	0.214183	-2.39569	-1.37156	0.0471137	-2.41506	-0.663675	0.0671805	-2.47848	-0.303148	0.130175	-2.30678	-0.0419339	0.187817
158	1.56814	-2.44661	-1.43753	0.235929	-2.30491	-1.33954	0.237662	-2.49562	-0.0958364	0.409079	-2.54999	-1.09152	0.303162	-2.42437	-0.488524	0.423222	-2.32623	-0.0414348	0.422959	-2.60098	-0.960488	0.314583	-2.39409	-1.37665	0.433972	-2.41046	-0.704107	0.469881	-2.45367	-0.32389	0.439924	-2.28129	-0.0476554	0.372075	-2.50849	-0.0938374	0.169128	-2.54808	-1.08285	0.202751	-2.43203	-0.473786	0.132234	-2.34752	-0.0489784	0.139693	-2.59876	-0.950241	0.21295	-2.3945	-1.37143	0.045478	-2.41423	-0.663292	0.0662926	-2.47766	-0.302828	0.129578	-2.30699	-0.0418843	0.188032
159	1.57813	-2.44524	-1.43745	0.234266	-2.30365	-1.33934	0.235998	-2.49546	-0.0963258	0.409012	-2.54935	-1.09167	0.301729	-2.42117	-0.488515	0.422087	-2.32623	-0.0415666	0.422962	-2.60048	-0.960713	0.313311	-2.39288	-1.37657	0.432318	-2.40844	-0.703882	0.46873	-2.45222	-0.324184	0.439299	-2.28139	-0.0479286	0.372506	-2.50845	-0.0937267	0.168899	-2.54743	-1.08286	0.20129	-2.43109	-0.473456	0.131391	-2.34728	-0.0487574	0.139688	-2.59826	-0.950311	0.211717	-2.39323	-1.37125	0.043858	-2.41347	-0.66295	0.0653416	-2.47693	-0.302506	0.128962	-2.30654	-0.0419949	0.188237
160	1.58812	-2.44383	-1.43739	0.232517	-2.30233	-1.33913	0.234294	-2.49537	-0.0969215	0.408881	-2.5487	-1.09181	0.300262	-2.41767	-0.488498	0.420904	-2.32622	-0.0416664	0.422933	-2.59995	-0.960908	0.312012	-2.39159	-1.37648	0.43063	-2.40624	-0.703625	0.467584	-2.45006	-0.324517	0.438539	-2.28145	-0.0482291	0.372944	-2.50844	-0.0936401	0.168703	-2.54675	-1.08284	0.199814	-2.43033	-0.473132	0.130511	-2.3471	-0.0485243	0.13958	-2.59772	-0.950347	0.210449	-2.39191	-1.37106	0.0421809	-2.41277	-0.662613	0.0643477	-2.47629	-0.302214	0.128296	-2.30656	-0.0419882	0.188353
161	1.5981	-2.44237	-1.43731	0.230774	-2.30097	-1.33885	0.232575	-2.49521	-0.0976116	0.408696	-2.54802	-1.0919	0.298759	-2.4137	-0.488401	0.419778	-2.3262	-0.0417607	0.422886	-2.59941	-0.961065	0.310696	-2.39026	-1.3764	0.428888	-2.40387	-0.703289	0.466417	-2.44753	-0.324919	0.437722	-2.28145	-0.0485694	0.373395	-2.50852	-0.093643	0.168566	-2.54606	-1.08278	0.198347	-2.42963	-0.472813	0.129637	-2.3471	-0.0483574	0.139377	-2.59716	-0.950348	0.209167	-2.39055	-1.37084	0.0404661	-2.41215	-0.6623	0.063279	-2.47576	-0.301957	0.127611	-2.30668	-0.0419268	0.188439
162	1.60809	-2.44086	-1.43717	0.229093	-2.29953	-1.33855	0.230897	-2.49492	-0.0984657	0.408409	-2.54732	-1.09195	0.297336	-2.40927	-0.488212	0.41865	-2.32619	-0.0418812	0.422844	-2.59884	-0.961142	0.309377	-2.38887	-1.37628	0.427157	-2.40127	-0.702893	0.465209	-2.44506	-0.325532	0.436925	-2.28139	-0.0488105	0.373861	-2.50861	-0.0936327	0.168454	-2.54535	-1.08268	0.196912	-2.42904	-0.472518	0.128705	-2.34717	-0.0482216	0.139132	-2.59657	-0.950306	0.207834	-2.38911	-1.37055	0.0388092	-2.41162	-0.662038	0.0621763	-2.47534	-0.301701	0.126958	-2.30666	-0.0419017	0.188521
163	1.61808	-2.43925	-1.43704	0.227378	-2.29805	-1.33823	0.229183	-2.49445	-0.0994871	0.408051	-2.5466	-1.09188	0.295917	-2.40455	-0.488131	0.417491	-2.32617	-0.0419718	0.422818	-2.59822	-0.961125	0.308068	-2.38743	-1.37614	0.425432	-2.39842	-0.702524	0.463972	-2.44259	-0.326318	0.436102	-2.28128	-0.0489342	0.374258	-2.50851	-0.0934565	0.168239	-2.54464	-1.08254	0.19551	-2.42857	-0.472262	0.12771	-2.34713	-0.0480367	0.138915	-2.59593	-0.950204	0.206537	-2.38761	-1.37025	0.037139	-2.41119	-0.661781	0.0610419	-2.47499	-0.301465	0.126317	-2.30656	-0.0419036	0.188588
164	1.62807	-2.43756	-1.43693	0.225606	-2.29656	-1.3379	0.227511	-2.49375	-0.100595	0.407652	-2.54588	-1.09174	0.294563	-2.39956	-0.488159	0.41633	-2.32612	-0.0420723	0.422801	-2.59753	-0.961016	0.306772	-2.38593	-1.376	0.423711	-2.39531	-0.702243	0.462768	-2.43977	-0.327123	0.435281	-2.28106	-0.0488842	0.37453	-2.50843	-0.0932317	0.168044	-2.54391	-1.08233	0.194108	-2.42816	-0.471996	0.126766	-2.34714	-0.0479282	0.138755	-2.59523	-0.950034	0.205245	-2.38604	-1.36992	0.0354264	-2.41081	-0.661522	0.0598635	-2.47469	-0.301261	0.12567	-2.30659	-0.0418695	0.188602
165	1.63806	-2.43582	-1.43681	0.223849	-2.29498	-1.33755	0.22584	-2.49287	-0.101929	0.407269	-2.54511	-1.09154	0.293231	-2.39431	-0.488279	0.415199	-2.32603	-0.0421805	0.422785	-2.59677	-0.960854	0.305531	-2.38434	-1.37589	0.421965	-2.39195	-0.701981	0.461549	-2.43626	-0.327858	0.43447	-2.28063	-0.048691	0.374792	-2.50845	-0.0930687	0.167928	-2.54319	-1.08209	0.192789	-2.4278	-0.471756	0.125875	-2.34712	-0.0478551	0.138666	-2.59451	-0.949825	0.204022	-2.38439	-1.36959	0.0337756	-2.41046	-0.661278	0.0587078	-2.47445	-0.301084	0.125067	-2.30663	-0.0418477	0.188625
166	1.64805	-2.43405	-1.43668	0.222161	-2.29336	-1.3372	0.224189	-2.49187	-0.103573	0.406908	-2.54425	-1.09132	0.29197	-2.38881	-0.488498	0.414079	-2.32595	-0.0423369	0.422766	-2.59595	-0.960658	0.304323	-2.38271	-1.37578	0.420261	-2.38835	-0.701756	0.46024	-2.43265	-0.328899	0.433566	-2.28007	-0.048453	0.37509	-2.5085	-0.0929551	0.167856	-2.54242	-1.08185	0.191524	-2.42746	-0.471582	0.124986	-2.34714	-0.0478168	0.138589	-2.5938	-0.949618	0.202812	-2.38268	-1.36925	0.0320858	-2.41017	-0.66101	0.0575151	-2.47424	-0.300926	0.124569	-2.30662	-0.041885	0.188683
167	1.65803	-2.43222	-1.43655	0.220463	-2.29168	-1.33681	0.222602	-2.49076	-0.105588	0.406524	-2.54326	-1.09115	0.290709	-2.38298	-0.48883	0.412917	-2.32588	-0.0426157	0.422736	-2.59508	-0.960534	0.303178	-2.38101	-1.37566	0.418636	-2.38452	-0.701616	0.4589	-2.42888	-0.330234	0.43274	-2.27948	-0.0482544	0.375391	-2.50857	-0.0928945	0.167831	-2.54156	-1.08166	0.190295	-2.42707	-0.471386	0.124075	-2.34723	-0.0478012	0.138513	-2.59308	-0.949465	0.20164	-2.38092	-1.36891	0.0304309	-2.40991	-0.660739	0.0563468	-2.47404	-0.300769	0.124129	-2.30661	-0.0419315	0.188733
168	1.66802	-2.43033	-1.43642	0.218766	-2.28996	-1.33636	0.22097	-2.48955	-0.107996	0.40607	-2.54217	-1.09107	0.289439	-2.3767	-0.489311	0.411765	-2.32593	-0.0430735	0.422573	-2.59418	-0.960526	0.302005	-2.37925	-1.37554	0.417008	-2.38043	-0.701531	0.457583	-2.42465	-0.331747	0.431887	-2.27904	-0.0481334	0.375662	-2.50869	-0.0928894	0.167881	-2.54059	-1.08155	0.189035	-2.42668	-0.47117	0.123203	-2.34735	-0.0478034	0.138439	-2.59232	-0.949436	0.200468	-2.37912	-1.36853	0.0288565	-2.40955	-0.660435	0.0553235	-2.47383	-0.300586	0.123655	-2.3067	-0.041929	0.188746
169	1.67801	-2.42837	-1.43627	0.21713	-2.28813	-1.33592	0.219428	-2.48817	-0.11074	0.405557	-2.54098	-1.09109	0.288171	-2.36989	-0.489909	0.410633	-2.32623	-0.0438833	0.422109	-2.59324	-0.960655	0.300838	-2.3774	-1.37543	0.415373	-2.37602	-0.701502	0.456275	-2.41968	-0.333343	0.430985	-2.27876	-0.04814	0.375835	-2.50873	-0.0928332	0.167877	-2.5395	-1.08155	0.187775	-2.42622	-0.470949	0.122354	-2.34736	-0.047748	0.138389	-2.59148	-0.949542	0.199284	-2.37731	-1.36813	0.0272511	-2.40892	-0.660199	0.0544449	-2.47353	-0.30035	0.123153	-2.30677	-0.0419229	0.188768
170	1.688	-2.42635	-1.43609	0.215554	-2.28624	-1.33547	0.217905	-2.48659	-0.113901	0.405017	-2.5397	-1.09123	0.286873	-2.36253	-0.490569	0.409491	-2.32668	-0.0448898	0.421312	-2.59224	-0.960905	0.299629	-2.3755	-1.3753	0.413802	-2.3714	-0.701582	0.455041	-2.41438	-0.335159	0.430053	-2.27816	-0.0481207	0.376069	-2.50873	-0.0927307	0.167811	-2.5383	-1.08162	0.18646	-2.42567	-0.47069	0.121508	-2.34732	-0.0476498	0.138338	-2.59059	-0.949749	0.198069	-2.37545	-1.36771	0.0256982	-2.4082	-0.660055	0.0535801	-2.47314	-0.30008	0.122652	-2.30681	-0.0419164	0.188801
171	1.69799	-2.42424	-1.4359	0.213992	-2.28422	-1.33502	0.216395	-2.48465	-0.117303	0.404432	-2.53836	-1.09141	0.285574	-2.35464	-0.491236	0.408397	-2.32698	-0.0458946	0.420351	-2.59118	-0.961204	0.298419	-2.37351	-1.37513	0.412299	-2.36671	-0.701713	0.453807	-2.40892	-0.337019	0.429053	-2.27716	-0.0481074	0.376269	-2.50877	-0.0926434	0.167744	-2.53705	-1.08175	0.185141	-2.42503	-0.470371	0.120768	-2.34738	-0.0475517	0.138202	-2.58962	-0.949973	0.196874	-2.3735	-1.36728	0.0242396	-2.40829	-0.659561	0.0524035	-2.47271	-0.299818	0.122148	-2.30694	-0.0418888	0.188823
172	1.70797	-2.42204	-1.4357	0.212486	-2.28209	-1.3346	0.214923	-2.48248	-0.120953	0.40371	-2.53697	-1.09153	0.284302	-2.34655	-0.492093	0.407375	-2.3269	-0.0469634	0.419291	-2.59003	-0.961478	0.297235	-2.37142	-1.37497	0.410836	-2.36178	-0.701918	0.4526	-2.40352	-0.33884	0.427886	-2.27588	-0.0480014	0.376578	-2.50882	-0.0925728	0.16768	-2.53575	-1.08186	0.183876	-2.42434	-0.470067	0.120054	-2.34751	-0.0474497	0.137979	-2.58856	-0.950183	0.195665	-2.37145	-1.36686	0.0228048	-2.40818	-0.659133	0.0512788	-2.47226	-0.299599	0.121642	-2.30702	-0.0418787	0.188835
173	1.71796	-2.41971	-1.43553	0.211076	-2.27988	-1.33422	0.213562	-2.47969	-0.124635	0.402981	-2.53549	-1.09161	0.283079	-2.33852	-0.49311	0.406434	-2.32619	-0.0482346	0.418273	-2.58877	-0.961663	0.296101	-2.3692	-1.37483	0.409416	-2.35628	-0.702212	0.451503	-2.39699	-0.341597	0.426903	-2.27445	-0.0476999	0.377534	-2.50884	-0.0925131	0.16761	-2.53442	-1.08192	0.182688	-2.42368	-0.469811	0.119189	-2.34768	-0.0473485	0.137692	-2.58743	-0.950349	0.194542	-2.36931	-1.36647	0.0214315	-2.40753	-0.658827	0.0502721	-2.47186	-0.299408	0.121119	-2.30694	-0.0418982	0.188873
174	1.72795	-2.41724	-1.43536	0.209636	-2.27762	-1.33382	0.212225	-2.47636	-0.128361	0.40216	-2.53393	-1.09163	0.281955	-2.33043	-0.494155	0.405502	-2.32466	-0.0497219	0.417432	-2.58733	-0.961706	0.295058	-2.36689	-1.37466	0.408054	-2.35058	-0.702599	0.45046	-2.38714	-0.347903	0.426397	-2.27278	-0.0475849	0.379111	-2.50882	-0.0924448	0.167429	-2.53302	-1.08191	0.181578	-2.423	-0.469574	0.11837	-2.34784	-0.0471917	0.137353	-2.58618	-0.950418	0.193528	-2.36705	-1.36608	0.0200895	-2.40672	-0.65855	0.0493172	-2.47156	-0.299234	0.120627	-2.3069	-0.0419155	0.188905
175	1.73794	-2.41473	-1.4352	0.208259	-2.27532	-1.33343	0.210966	-2.4729	-0.132183	0.401011	-2.53223	-1.09157	0.280954	-2.32232	-0.495216	0.404545	-2.32236	-0.0515857	0.417318	-2.58576	-0.96171	0.294186	-2.36451	-1.37449	0.406756	-2.34508	-0.70298	0.44939	-2.37575	-0.355937	0.426077	-2.27051	-0.0483184	0.380165	-2.5087	-0.0922996	0.167152	-2.53152	-1.08184	0.18056	-2.42238	-0.469318	0.117734	-2.34781	-0.0468598	0.136989	-2.5848	-0.950416	0.192662	-2.36472	-1.3657	0.0187598	-2.40592	-0.658284	0.048385	-2.47137	-0.299114	0.120196	-2.30705	-0.0418997	0.188888
176	1.74793	-2.41215	-1.43506	0.207017	-2.27293	-1.33302	0.209693	-2.46885	-0.13586	0.399598	-2.53033	-1.09151	0.280039	-2.31425	-0.49641	0.403561	-2.31906	-0.0540663	0.41793	-2.58399	-0.961715	0.293406	-2.36204	-1.37433	0.405535	-2.34003	-0.703405	0.448172	-2.37348	-0.352219	0.424202	-2.26694	-0.0498356	0.38052	-2.50862	-0.0921412	0.166955	-2.52986	-1.08178	0.179654	-2.42182	-0.469086	0.117162	-2.34762	-0.046417	0.136613	-2.58325	-0.950413	0.191912	-2.36227	-1.36532	0.0175456	-2.40507	-0.657995	0.0475392	-2.4712	-0.299015	0.119817	-2.30703	-0.0418934	0.188878
177	1.75791	-2.40947	-1.43495	0.205824	-2.27045	-1.33261	0.208493	-2.46361	-0.13903	0.398205	-2.52824	-1.09152	0.279194	-2.30632	-0.497804	0.402529	-2.31432	-0.0568605	0.417655	-2.58206	-0.961787	0.292737	-2.35944	-1.37416	0.404381	-2.33493	-0.704011	0.44703	-2.36978	-0.3503	0.422522	-2.26195	-0.0518525	0.380076	-2.50861	-0.0920484	0.166803	-2.52803	-1.08174	0.178812	-2.42134	-0.468901	0.116553	-2.34736	-0.0459078	0.136244	-2.58158	-0.950441	0.191244	-2.35973	-1.36496	0.0163224	-2.40418	-0.657676	0.0467594	-2.47107	-0.298939	0.119475	-2.30703	-0.041874	0.188869
178	1.7679	-2.40666	-1.43489	0.204683	-2.26784	-1.33227	0.207386	-2.4572	-0.141698	0.396792	-2.52598	-1.09161	0.278329	-2.29859	-0.499335	0.401507	-2.30821	-0.0593653	0.416081	-2.57994	-0.96198	0.292148	-2.35672	-1.37402	0.403277	-2.32988	-0.704717	0.446004	-2.36284	-0.351941	0.421279	-2.256	-0.0539723	0.37841	-2.50865	-0.0919929	0.166631	-2.52602	-1.08173	0.177937	-2.42086	-0.46877	0.11599	-2.34713	-0.0454643	0.135945	-2.57977	-0.950537	0.190667	-2.35712	-1.36464	0.0152428	-2.4033	-0.657375	0.046011	-2.47092	-0.298895	0.119172	-2.30709	-0.0418571	0.188869
179	1.77789	-2.40372	-1.43487	0.20362	-2.26508	-1.33197	0.206274	-2.44973	-0.143695	0.39546	-2.52355	-1.09182	0.277442	-2.29107	-0.50098	0.400626	-2.30076	-0.0615976	0.413683	-2.57764	-0.962305	0.291619	-2.35389	-1.3739	0.402273	-2.32485	-0.705416	0.445084	-2.35451	-0.354141	0.42023	-2.2488	-0.0562293	0.375722	-2.50868	-0.0919588	0.166471	-2.52388	-1.08179	0.177035	-2.42033	-0.46863	0.115519	-2.34702	-0.0451672	0.135702	-2.57779	-0.950696	0.190144	-2.35444	-1.36439	0.0141648	-2.40247	-0.657084	0.0453457	-2.47075	-0.298866	0.118892	-2.30724	-0.0418303	0.188844
180	1.78788	-2.4007	-1.43487	0.202577	-2.26223	-1.33172	0.20518	-2.44121	-0.145001	0.394056	-2.52099	-1.09213	0.276523	-2.28363	-0.502522	0.399677	-2.29175	-0.0635036	0.411093	-2.57519	-0.962726	0.291152	-2.35095	-1.3738	0.401272	-2.31975	-0.706154	0.44427	-2.34593	-0.355531	0.419214	-2.24002	-0.0583986	0.372755	-2.50877	-0.0920175	0.166309	-2.52163	-1.08188	0.176174	-2.41977	-0.468456	0.11515	-2.34695	-0.0449124	0.135492	-2.57562	-0.950854	0.189701	-2.35171	-1.36422	0.0131048	-2.40164	-0.656792	0.044796	-2.4706	-0.298893	0.118628	-2.30735	-0.0417992	0.188822
181	1.79787	-2.39761	-1.43484	0.201632	-2.25926	-1.33154	0.20422	-2.43159	-0.145554	0.392629	-2.51833	-1.09246	0.275621	-2.27618	-0.50388	0.398651	-2.28151	-0.0652632	0.408322	-2.5726	-0.963133	0.29073	-2.34788	-1.37372	0.400277	-2.31463	-0.706981	0.44346	-2.33723	-0.35632	0.41809	-2.22992	-0.060336	0.369672	-2.50883	-0.0920556	0.166168	-2.5193	-1.08197	0.17533	-2.41921	-0.468334	0.114794	-2.34691	-0.0447459	0.135343	-2.57331	-0.951009	0.189342	-2.3489	-1.36409	0.01212	-2.40078	-0.656514	0.0442814	-2.47045	-0.298955	0.118401	-2.30735	-0.0417901	0.188813
182	1.80786	-2.39438	-1.43481	0.200676	-2.25618	-1.33141	0.2032	-2.42118	-0.145447	0.391184	-2.51555	-1.09278	0.274794	-2.26878	-0.505007	0.397547	-2.27002	-0.0668136	0.405716	-2.56985	-0.963491	0.290401	-2.34467	-1.37366	0.399319	-2.30974	-0.707715	0.442514	-2.32839	-0.356802	0.416913	-2.21876	-0.062365	0.366407	-2.50884	-0.0920536	0.166048	-2.51686	-1.082	0.174512	-2.4186	-0.468234	0.114419	-2.34676	-0.044554	0.135217	-2.5709	-0.951112	0.189016	-2.34598	-1.364	0.0111232	-2.39984	-0.656248	0.0437314	-2.47025	-0.299008	0.118206	-2.30724	-0.0418097	0.188821
183	1.81784	-2.39108	-1.43475	0.199712	-2.25301	-1.33128	0.202122	-2.40974	-0.144681	0.389784	-2.51266	-1.09301	0.27407	-2.26147	-0.505898	0.396333	-2.25745	-0.0682734	0.403242	-2.56696	-0.963746	0.290153	-2.34132	-1.37357	0.398323	-2.30463	-0.708323	0.441556	-2.31916	-0.356837	0.415723	-2.20641	-0.0646741	0.363182	-2.50884	-0.0920437	0.165947	-2.5143	-1.08196	0.173759	-2.41792	-0.468101	0.114024	-2.34667	-0.0444001	0.135099	-2.56835	-0.951141	0.188785	-2.3429	-1.36393	0.0101157	-2.39881	-0.65596	0.0432693	-2.46999	-0.299014	0.11804	-2.30728	-0.0418027	0.188789
184	1.82783	-2.38768	-1.43463	0.198798	-2.24971	-1.33112	0.20116	-2.39737	-0.143267	0.388436	-2.50964	-1.09312	0.273446	-2.25444	-0.506669	0.395019	-2.24385	-0.0696148	0.400933	-2.56393	-0.963917	0.289965	-2.33781	-1.37344	0.39737	-2.29899	-0.70895	0.440705	-2.31005	-0.356756	0.414344	-2.19285	-0.0672165	0.360051	-2.50882	-0.0920356	0.165852	-2.51162	-1.08187	0.173162	-2.41716	-0.467929	0.113628	-2.34676	-0.0443737	0.134967	-2.56568	-0.951118	0.18863	-2.3397	-1.36381	0.00920304	-2.39763	-0.655633	0.0429256	-2.46967	-0.29897	0.117892	-2.30735	-0.0417832	0.188705
185	1.83782	-2.38413	-1.4344	0.197921	-2.24625	-1.33088	0.200168	-2.38426	-0.141487	0.387161	-2.5065	-1.0931	0.272912	-2.24767	-0.507426	0.393654	-2.22926	-0.0707464	0.398861	-2.56079	-0.963976	0.289838	-2.33415	-1.37327	0.396502	-2.29343	-0.709439	0.439823	-2.30075	-0.356434	0.412925	-2.17832	-0.0695844	0.357668	-2.50883	-0.092068	0.165799	-2.50883	-1.08175	0.172695	-2.41629	-0.467678	0.113275	-2.34709	-0.0445854	0.134837	-2.56287	-0.951004	0.188514	-2.33639	-1.36368	0.00828061	-2.39627	-0.655334	0.0425254	-2.4693	-0.298927	0.117758	-2.30737	-0.0417866	0.188592
186	1.84781	-2.38046	-1.4341	0.197132	-2.24268	-1.33058	0.199165	-2.37052	-0.139344	0.385969	-2.50325	-1.09298	0.272506	-2.24097	-0.508105	0.392162	-2.2139	-0.071937	0.397017	-2.55752	-0.963916	0.289774	-2.33034	-1.37304	0.395637	-2.28826	-0.70976	0.438821	-2.29106	-0.355806	0.411573	-2.16306	-0.0718419	0.355799	-2.50881	-0.0920914	0.165776	-2.5059	-1.08155	0.172324	-2.41531	-0.467384	0.113032	-2.34733	-0.0446365	0.13459	-2.55994	-0.950836	0.18844	-2.33287	-1.3635	0.00736283	-2.39472	-0.655027	0.042079	-2.46891	-0.298916	0.117643	-2.30731	-0.0417864	0.188467
187	1.8578	-2.37668	-1.43383	0.196321	-2.23899	-1.33018	0.198255	-2.35604	-0.13691	0.38483	-2.49986	-1.09279	0.272175	-2.23424	-0.508612	0.390561	-2.19792	-0.0732868	0.39537	-2.55412	-0.963751	0.289786	-2.32642	-1.37274	0.394783	-2.28316	-0.71001	0.437868	-2.28098	-0.354861	0.410276	-2.14728	-0.0739992	0.354026	-2.50872	-0.0920824	0.165766	-2.50283	-1.08124	0.172044	-2.41426	-0.467133	0.112852	-2.34748	-0.0445434	0.134245	-2.55689	-0.950583	0.188473	-2.32918	-1.36322	0.00654731	-2.39301	-0.654706	0.0416253	-2.4685	-0.298944	0.117543	-2.30725	-0.0417818	0.188266
188	1.86778	-2.37279	-1.43354	0.195551	-2.23514	-1.3297	0.197432	-2.34093	-0.134245	0.383631	-2.49635	-1.09253	0.271908	-2.22751	-0.508924	0.388916	-2.1814	-0.0745673	0.393813	-2.55059	-0.963495	0.289856	-2.32235	-1.37236	0.394007	-2.27754	-0.710274	0.437108	-2.27095	-0.353916	0.408921	-2.13096	-0.076051	0.35266	-2.50866	-0.092118	0.165797	-2.49964	-1.08086	0.171807	-2.41318	-0.466923	0.112639	-2.34742	-0.0443099	0.133886	-2.55372	-0.950233	0.188581	-2.32538	-1.36284	0.00586212	-2.39119	-0.654377	0.0411745	-2.46806	-0.29894	0.117489	-2.30721	-0.0417686	0.187975
189	1.87777	-2.36878	-1.43317	0.194841	-2.23117	-1.32916	0.196624	-2.32526	-0.131529	0.382394	-2.49271	-1.09218	0.271706	-2.22084	-0.509144	0.387355	-2.16432	-0.0756443	0.392393	-2.54691	-0.963174	0.289921	-2.31815	-1.3719	0.393278	-2.27168	-0.710442	0.436371	-2.26082	-0.35293	0.407514	-2.11414	-0.078075	0.351647	-2.50859	-0.0921744	0.165861	-2.49634	-1.08041	0.171607	-2.41211	-0.46671	0.112411	-2.3472	-0.043942	0.133518	-2.55038	-0.949827	0.188687	-2.3215	-1.36239	0.00508462	-2.3893	-0.654018	0.0407372	-2.46759	-0.298928	0.117476	-2.3067	-0.0418532	0.187664
190	1.88776	-2.36462	-1.43269	0.194226	-2.22706	-1.32854	0.195856	-2.30914	-0.128799	0.381157	-2.48894	-1.09174	0.271514	-2.21424	-0.50925	0.385884	-2.14711	-0.0768263	0.390786	-2.5431	-0.96279	0.289986	-2.31387	-1.37133	0.392635	-2.2661	-0.710426	0.435524	-2.25049	-0.351843	0.406137	-2.09707	-0.0803754	0.350078	-2.50856	-0.0922575	0.165937	-2.4929	-1.07989	0.171438	-2.41104	-0.466506	0.112198	-2.3473	-0.0437453	0.133112	-2.54687	-0.94934	0.188752	-2.31754	-1.36184	0.00439035	-2.38733	-0.653629	0.0403451	-2.46712	-0.298945	0.117463	-2.30607	-0.041975	0.187217
191	1.89775	-2.36032	-1.43215	0.193626	-2.22284	-1.32786	0.19519	-2.29273	-0.126046	0.379825	-2.48501	-1.09126	0.271308	-2.20773	-0.509249	0.384484	-2.12975	-0.0780749	0.389093	-2.53912	-0.962326	0.290066	-2.30948	-1.37068	0.392013	-2.26068	-0.710272	0.434714	-2.23995	-0.350628	0.404755	-2.07964	-0.0828439	0.348106	-2.50853	-0.0923692	0.166002	-2.48927	-1.07929	0.171246	-2.40999	-0.466359	0.111968	-2.34754	-0.0436492	0.132725	-2.54319	-0.948762	0.18886	-2.31347	-1.36121	0.00377845	-2.38526	-0.653247	0.0400333	-2.46664	-0.298966	0.117441	-2.30576	-0.0421041	0.18658
192	1.90774	-2.35594	-1.43154	0.193084	-2.21855	-1.32713	0.194569	-2.27607	-0.123435	0.378358	-2.48091	-1.09074	0.271105	-2.2012	-0.509171	0.383155	-2.11176	-0.0794473	0.387199	-2.53497	-0.961798	0.290108	-2.30497	-1.36999	0.391451	-2.25546	-0.710034	0.433939	-2.22925	-0.349332	0.403382	-2.06195	-0.0855545	0.345694	-2.50852	-0.092494	0.166059	-2.48546	-1.07865	0.171067	-2.40892	-0.46618	0.11174	-2.34773	-0.0435644	0.132396	-2.53932	-0.948156	0.188979	-2.30927	-1.36052	0.00322151	-2.38312	-0.652874	0.0397552	-2.46623	-0.299007	0.117473	-2.30584	-0.0421333	0.185829
193	1.91773	-2.35144	-1.43086	0.192542	-2.21413	-1.32638	0.193949	-2.25899	-0.120995	0.376798	-2.47661	-1.09013	0.270932	-2.19459	-0.508964	0.381873	-2.09392	-0.0809292	0.385032	-2.53067	-0.96125	0.29011	-2.30039	-1.36928	0.390979	-2.25032	-0.709582	0.433176	-2.21831	-0.347999	0.402071	-2.04425	-0.0884736	0.343009	-2.50848	-0.0925765	0.166149	-2.48143	-1.07804	0.170868	-2.40774	-0.465914	0.111554	-2.34785	-0.0434592	0.132104	-2.53529	-0.94757	0.188975	-2.30498	-1.35977	0.00265179	-2.38087	-0.652496	0.0394362	-2.46607	-0.299093	0.117597	-2.3062	-0.0420856	0.185109
194	1.92771	-2.34681	-1.43013	0.192113	-2.20956	-1.32558	0.193434	-2.24176	-0.118729	0.375194	-2.4721	-1.08953	0.270773	-2.18786	-0.508526	0.380642	-2.07545	-0.0827217	0.382572	-2.52621	-0.960683	0.290103	-2.29569	-1.36849	0.390548	-2.24514	-0.709034	0.432476	-2.20725	-0.346685	0.400781	-2.02662	-0.0915489	0.340322	-2.50832	-0.0925331	0.166278	-2.47718	-1.07745	0.170666	-2.40639	-0.465601	0.111388	-2.34795	-0.0433434	0.131804	-2.53111	-0.947001	0.188917	-2.30061	-1.359	0.00216336	-2.37852	-0.652107	0.0390482	-2.4653	-0.29907	0.117541	-2.30678	-0.0419896	0.18447
195	1.9377	-2.34207	-1.42937	0.191767	-2.20487	-1.32472	0.19302	-2.22469	-0.116731	0.3735	-2.4674	-1.08895	0.270588	-2.18126	-0.508009	0.37954	-2.0572	-0.0847331	0.379886	-2.52161	-0.96013	0.29006	-2.29088	-1.36762	0.39016	-2.2399	-0.708344	0.431793	-2.1964	-0.345501	0.399414	-2.0089	-0.0947064	0.337625	-2.50802	-0.0924281	0.16635	-2.47273	-1.07684	0.170521	-2.40483	-0.465287	0.111141	-2.34802	-0.0432589	0.131525	-2.52674	-0.946462	0.188905	-2.29613	-1.35819	0.0018077	-2.37599	-0.651713	0.0386576	-2.46117	-0.298424	0.116373	-2.30711	-0.0419955	0.183971
196	1.94769	-2.33721	-1.42856	0.19149	-2.20005	-1.32382	0.192616	-2.20747	-0.114796	0.371748	-2.46252	-1.08831	0.270412	-2.17463	-0.507415	0.37853	-2.03918	-0.086833	0.376969	-2.51683	-0.959543	0.290031	-2.28596	-1.3667	0.38984	-2.23465	-0.707455	0.431099	-2.18534	-0.344208	0.398054	-1.99119	-0.0980231	0.334859	-2.50776	-0.0924438	0.166299	-2.46806	-1.07627	0.170409	-2.40305	-0.464956	0.110859	-2.34803	-0.0431496	0.13127	-2.52218	-0.945919	0.188879	-2.29145	-1.3573	0.00148279	-2.37323	-0.651227	0.0383385	-2.45317	-0.29708	0.113904	-2.30698	-0.0421315	0.183615
197	1.95768	-2.33226	-1.42767	0.191229	-2.19508	-1.32287	0.192268	-2.19025	-0.113003	0.369832	-2.4575	-1.08762	0.270282	-2.168	-0.506706	0.377571	-2.0213	-0.0891568	0.373849	-2.5119	-0.958914	0.289979	-2.28091	-1.36571	0.389647	-2.22944	-0.706443	0.430395	-2.1744	-0.342946	0.396613	-1.97373	-0.101594	0.331989	-2.50761	-0.0925084	0.166311	-2.46325	-1.07566	0.170303	-2.40105	-0.464609	0.110622	-2.34802	-0.043002	0.130997	-2.51748	-0.945324	0.188855	-2.28662	-1.35635	0.00118628	-2.37029	-0.650682	0.0380204	-2.45215	-0.297101	0.113817	-2.30694	-0.0422402	0.183236
198	1.96767	-2.32716	-1.42674	0.191095	-2.19	-1.32185	0.192063	-2.17294	-0.111265	0.367792	-2.45235	-1.0869	0.270249	-2.16139	-0.505897	0.376629	-2.00353	-0.0916905	0.370595	-2.50685	-0.958238	0.289942	-2.27574	-1.36467	0.389478	-2.22416	-0.705452	0.429801	-2.16348	-0.341738	0.395249	-1.95664	-0.105391	0.328853	-2.50758	-0.0926569	0.166433	-2.45831	-1.07498	0.170265	-2.3989	-0.464269	0.110452	-2.34804	-0.0428468	0.13075	-2.51265	-0.944692	0.188813	-2.28164	-1.35538	0.00102499	-2.36717	-0.650137	0.0376203	-2.45809	-0.298448	0.116159	-2.30703	-0.0422895	0.182789
199	1.97765	-2.3219	-1.42572	0.191027	-2.18475	-1.3208	0.191979	-2.15572	-0.109708	0.365688	-2.44709	-1.0861	0.270239	-2.15471	-0.504965	0.375761	-1.98599	-0.0944112	0.36728	-2.50167	-0.957492	0.289928	-2.27048	-1.36359	0.389407	-2.21875	-0.704456	0.429316	-2.15253	-0.340482	0.393936	-1.93996	-0.109241	0.325007	-2.50748	-0.0928301	0.166481	-2.45324	-1.07424	0.170241	-2.39665	-0.463915	0.110337	-2.34819	-0.0428294	0.130499	-2.50765	-0.944	0.188769	-2.27645	-1.35443	0.000932534	-2.36383	-0.649558	0.0372381	-2.46015	-0.299126	0.117256	-2.30724	-0.0422922	0.182299
200	1.98764	-2.31644	-1.42466	0.191003	-2.17933	-1.31972	0.191922	-2.13889	-0.108514	0.363437	-2.44167	-1.08523	0.270241	-2.14808	-0.5039	0.374928	-1.96872	-0.0971799	0.364039	-2.49633	-0.956656	0.289957	-2.26505	-1.36244	0.389362	-2.21328	-0.703368	0.428837	-2.1417	-0.339248	0.392549	-1.92343	-0.113251	0.32115	-2.50735	-0.0930403	0.166488	-2.44804	-1.07342	0.170262	-2.39424	-0.463495	0.110208	-2.34822	-0.0427822	0.130295	-2.50251	-0.943231	0.188832	-2.27112	-1.35345	0.000860335	-2.36024	-0.648869	0.0370014	-2.45884	-0.299178	0.117274	-2.30724	-0.0423045	0.18187
201	1.99763	-2.31087	-1.42359	0.191087	-2.17377	-1.31863	0.191897	-2.12238	-0.107619	0.36108	-2.43615	-1.08427	0.270252	-2.14155	-0.502884	0.37416	-1.95189	-0.100116	0.360688	-2.49085	-0.955695	0.289995	-2.25949	-1.36121	0.389422	-2.20749	-0.702132	0.428289	-2.13104	-0.338054	0.39112	-1.90714	-0.117369	0.317542	-2.50722	-0.0933143	0.166533	-2.44273	-1.07252	0.170279	-2.39158	-0.462988	0.110124	-2.34826	-0.0426999	0.130052	-2.49727	-0.942367	0.188925	-2.26558	-1.35244	0.000877306	-2.35642	-0.648079	0.0368479	-2.45695	-0.299111	0.117151	-2.30699	-0.0423162	0.18151
202	2.00762	-2.30512	-1.4225	0.191163	-2.16808	-1.31748	0.191942	-2.10572	-0.106661	0.358842	-2.43051	-1.08321	0.270285	-2.13491	-0.501718	0.37336	-1.93542	-0.103163	0.357337	-2.48522	-0.95467	0.290088	-2.2538	-1.35991	0.389525	-2.20152	-0.700965	0.42785	-2.12051	-0.336919	0.389742	-1.8912	-0.121519	0.314054	-2.50706	-0.0936583	0.166648	-2.43727	-1.07153	0.170338	-2.38874	-0.462462	0.110061	-2.34817	-0.0425279	0.129878	-2.49185	-0.941391	0.189047	-2.25983	-1.35139	0.00096196	-2.3525	-0.647272	0.0366571	-2.4553	-0.299114	0.117185	-2.30662	-0.0423046	0.181235
203	2.01761	-2.29919	-1.42133	0.19133	-2.16224	-1.3162	0.192077	-2.08961	-0.105999	0.356613	-2.42472	-1.08209	0.270379	-2.12828	-0.500519	0.372592	-1.91935	-0.106205	0.354153	-2.47946	-0.953572	0.290213	-2.248	-1.35853	0.389697	-2.19541	-0.699744	0.427432	-2.11018	-0.335922	0.388352	-1.87564	-0.125668	0.310679	-2.50685	-0.0940241	0.166762	-2.43168	-1.07046	0.170442	-2.38582	-0.461909	0.110009	-2.34815	-0.0424729	0.129755	-2.48627	-0.940348	0.189137	-2.2539	-1.3503	0.00108479	-2.34853	-0.6465	0.0364333	-2.45366	-0.299123	0.117298	-2.30644	-0.042229	0.180992
204	2.02759	-2.2931	-1.4201	0.191625	-2.15622	-1.31484	0.192377	-2.07384	-0.105434	0.354386	-2.41881	-1.08091	0.270489	-2.12154	-0.499222	0.371826	-1.90371	-0.109113	0.351349	-2.47356	-0.952376	0.290362	-2.24203	-1.35709	0.389954	-2.18918	-0.698507	0.427205	-2.09974	-0.334809	0.38694	-1.86047	-0.12963	0.30767	-2.50662	-0.0943826	0.166836	-2.42595	-1.0693	0.170514	-2.38281	-0.461385	0.109981	-2.34824	-0.0425146	0.129637	-2.48051	-0.939191	0.189239	-2.24776	-1.34922	0.00125944	-2.34442	-0.645721	0.0362646	-2.45189	-0.299153	0.117407	-2.30631	-0.0421232	0.180794
205	2.03758	-2.28686	-1.41882	0.191951	-2.14997	-1.31346	0.192763	-2.0584	-0.10493	0.352152	-2.41276	-1.07962	0.270642	-2.11469	-0.497893	0.371062	-1.88857	-0.112054	0.348774	-2.46751	-0.951108	0.290532	-2.23588	-1.35555	0.390288	-2.18278	-0.69713	0.426815	-2.08936	-0.333668	0.385505	-1.84576	-0.133539	0.304888	-2.50637	-0.0947522	0.16688	-2.42007	-1.06807	0.170672	-2.37965	-0.460883	0.110002	-2.3482	-0.0424678	0.129552	-2.47462	-0.937943	0.189465	-2.24141	-1.34811	0.0015564	-2.34012	-0.644901	0.0361749	-2.45011	-0.299251	0.117486	-2.30605	-0.0420472	0.180645
206	2.04757	-2.28045	-1.41751	0.192365	-2.14359	-1.31206	0.193136	-2.04341	-0.104489	0.349943	-2.40662	-1.07826	0.270881	-2.10771	-0.496531	0.370331	-1.87396	-0.114968	0.346341	-2.46133	-0.949718	0.290762	-2.22958	-1.35394	0.390734	-2.17619	-0.695699	0.426477	-2.07911	-0.332551	0.38423	-1.83147	-0.137227	0.302314	-2.50618	-0.0952021	0.166967	-2.41406	-1.06677	0.170932	-2.3764	-0.46035	0.110052	-2.34804	-0.0423421	0.129507	-2.4686	-0.936619	0.189737	-2.23489	-1.34698	0.00192991	-2.33572	-0.644046	0.0361203	-2.44828	-0.299347	0.117655	-2.30561	-0.0419974	0.180557
207	2.05756	-2.27387	-1.41616	0.19286	-2.13709	-1.3106	0.193505	-2.029	-0.104159	0.347899	-2.40033	-1.07681	0.271198	-2.10058	-0.495114	0.369599	-1.85995	-0.11767	0.344241	-2.45501	-0.94824	0.291083	-2.22315	-1.35226	0.391193	-2.16947	-0.694201	0.426221	-2.069	-0.331424	0.383008	-1.81773	-0.140767	0.299805	-2.506	-0.0957433	0.167109	-2.40793	-1.06537	0.171245	-2.37304	-0.459803	0.110153	-2.34796	-0.0422552	0.129453	-2.46243	-0.935223	0.190022	-2.22819	-1.34579	0.00235912	-2.33115	-0.643162	0.0361636	-2.44627	-0.299427	0.117951	-2.30522	-0.0419315	0.180435
208	2.06755	-2.26714	-1.41476	0.193417	-2.13047	-1.30907	0.193991	-2.01505	-0.103903	0.34601	-2.39389	-1.07528	0.27162	-2.09335	-0.493664	0.368943	-1.84649	-0.120031	0.342327	-2.44854	-0.946701	0.291488	-2.21661	-1.35051	0.39171	-2.16265	-0.692616	0.425876	-2.05892	-0.330294	0.381865	-1.80448	-0.143777	0.297526	-2.50578	-0.0964014	0.167295	-2.40167	-1.06393	0.171675	-2.36947	-0.45922	0.110345	-2.34794	-0.042206	0.129402	-2.45613	-0.933749	0.190419	-2.2213	-1.34454	0.0028745	-2.3264	-0.642221	0.0362978	-2.44414	-0.299551	0.118224	-2.30489	-0.0418451	0.180295
209	2.07754	-2.26025	-1.4133	0.19402	-2.12368	-1.30748	0.194628	-2.00158	-0.103588	0.344217	-2.38732	-1.07372	0.272161	-2.08594	-0.492275	0.368336	-1.83357	-0.121972	0.340602	-2.44191	-0.945113	0.29196	-2.20995	-1.34869	0.392322	-2.15566	-0.690972	0.425531	-2.04881	-0.329087	0.380781	-1.79174	-0.146121	0.295467	-2.50542	-0.097072	0.167432	-2.39527	-1.06248	0.172193	-2.36572	-0.458546	0.110491	-2.34802	-0.0421961	0.129318	-2.44967	-0.932257	0.190869	-2.2142	-1.34328	0.0034708	-2.32153	-0.641262	0.036444	-2.44192	-0.299734	0.118396	-2.30472	-0.0417353	0.18018
210	2.08752	-2.2532	-1.41182	0.194747	-2.11671	-1.30588	0.195337	-1.98887	-0.103233	0.342565	-2.38056	-1.07212	0.27276	-2.07828	-0.490848	0.367677	-1.82127	-0.123438	0.33889	-2.4351	-0.943497	0.292491	-2.20312	-1.34679	0.392953	-2.14838	-0.689276	0.425274	-2.0392	-0.328144	0.379718	-1.7795	-0.14768	0.293551	-2.50507	-0.0978007	0.167549	-2.38869	-1.06104	0.172783	-2.36178	-0.457935	0.110525	-2.34816	-0.0422376	0.12923	-2.44306	-0.930813	0.191359	-2.20695	-1.342	0.00411621	-2.31653	-0.640337	0.0365798	-2.43937	-0.299866	0.118582	-2.30517	-0.0414514	0.179927
211	2.09751	-2.24606	-1.41034	0.195578	-2.10959	-1.30424	0.196071	-1.97693	-0.102958	0.341009	-2.3736	-1.07052	0.273413	-2.07038	-0.489464	0.367064	-1.80958	-0.124405	0.337207	-2.42813	-0.94192	0.293076	-2.19622	-1.34485	0.393686	-2.14089	-0.687537	0.42505	-2.02967	-0.327277	0.378747	-1.76793	-0.148903	0.291712	-2.50471	-0.0986149	0.167593	-2.3819	-1.0596	0.173411	-2.35765	-0.457383	0.110621	-2.34816	-0.0422129	0.129186	-2.43628	-0.929391	0.191964	-2.19957	-1.34071	0.00483419	-2.31134	-0.63947	0.0367512	-2.43656	-0.299992	0.118795	-2.30636	-0.0408914	0.179203
212	2.1075	-2.23879	-1.40882	0.196506	-2.10235	-1.30256	0.196895	-1.96589	-0.102609	0.339562	-2.36644	-1.06898	0.27412	-2.06225	-0.488125	0.366471	-1.79848	-0.124847	0.335747	-2.42101	-0.940385	0.293712	-2.1892	-1.34289	0.3946	-2.13335	-0.685806	0.424773	-2.02011	-0.326366	0.377859	-1.75686	-0.149471	0.290206	-2.50423	-0.0994695	0.167475	-2.3749	-1.05819	0.174145	-2.35338	-0.45681	0.110794	-2.34819	-0.0422054	0.12912	-2.42931	-0.927968	0.192611	-2.19205	-1.33942	0.00565298	-2.306	-0.63866	0.0369145	-2.43412	-0.300317	0.11886	-2.30707	-0.0403548	0.17793
213	2.11749	-2.2314	-1.40727	0.197512	-2.09495	-1.30087	0.197865	-1.95516	-0.102074	0.338358	-2.35904	-1.06749	0.274861	-2.05389	-0.486856	0.365894	-1.78805	-0.124864	0.334453	-2.41369	-0.9389	0.294414	-2.18206	-1.34089	0.395545	-2.12565	-0.684175	0.424531	-2.01055	-0.325336	0.376968	-1.74632	-0.149292	0.288941	-2.5038	-0.100581	0.16742	-2.36769	-1.05681	0.174948	-2.34903	-0.456332	0.11087	-2.34819	-0.0421654	0.129059	-2.42215	-0.926609	0.193274	-2.18442	-1.33811	0.00656175	-2.30067	-0.638017	0.0370766	-2.43152	-0.300793	0.118867	nan	nan	nan
214	2.12748	-2.22387	-1.40573	0.198551	-2.08736	-1.2993	0.198955	-1.94491	-0.101307	0.337269	-2.35145	-1.06604	0.275686	-2.04535	-0.485653	0.365346	-1.7783	-0.124372	0.333339	-2.4062	-0.937436	0.295134	-2.17474	-1.33888	0.396528	-2.11759	-0.682608	0.424423	-2.00108	-0.324239	0.376072	-1.73642	-0.148447	0.287609	-2.5035	-0.102172	0.167329	-2.36025	-1.0555	0.175748	-2.34463	-0.45598	0.110802	-2.34821	-0.0420746	0.129004	-2.41482	-0.925326	0.194001	-2.1766	-1.33678	0.00756315	-2.29537	-0.6376	0.0372183	-2.42874	-0.301398	0.118785	nan	nan	nan
215	2.13746	-2.21616	-1.40423	0.199661	-2.0796	-1.29778	0.200102	-1.93543	-0.100365	0.33617	-2.34364	-1.06465	0.27661	-2.0367	-0.484464	0.364715	-1.76918	-0.123394	0.332276	-2.39847	-0.936058	0.295876	-2.16725	-1.33691	0.397638	-2.10922	-0.681078	0.424383	-1.99184	-0.323189	0.37528	-1.72724	-0.147181	0.286188	-2.5029	-0.103964	0.166841	-2.35257	-1.05426	0.176593	-2.34004	-0.455714	0.110773	-2.34838	-0.0420294	0.128918	-2.40727	-0.924136	0.194764	-2.16864	-1.33552	0.00865531	-2.28956	-0.637088	0.0373443	-2.42577	-0.302186	0.118557	nan	nan	nan
216	2.14745	-2.20832	-1.40284	0.200895	-2.07166	-1.29629	0.201316	-1.92697	-0.0993721	0.33504	-2.3356	-1.06334	0.277555	-2.02797	-0.483306	0.364025	-1.76071	-0.121995	0.33105	-2.3905	-0.934749	0.296695	-2.15968	-1.33501	0.3989	-2.1006	-0.679645	0.424368	-1.98315	-0.322278	0.374495	-1.71866	-0.145541	0.284854	-2.50207	-0.105699	0.166017	-2.34467	-1.05314	0.177538	-2.33518	-0.455665	0.11068	-2.34842	-0.0420098	0.128787	-2.39944	-0.922997	0.195537	-2.16053	-1.33433	0.00984501	-2.2832	-0.636537	0.0374883	-2.4226	-0.303145	0.118125	nan	nan	nan
217	2.15744	-2.20031	-1.40156	0.202235	-2.06352	-1.29494	0.202681	-1.91925	-0.0983175	0.333945	-2.32727	-1.0621	0.278579	-2.01917	-0.482198	0.363307	-1.75291	-0.120211	0.329991	-2.38229	-0.933585	0.297554	-2.15198	-1.33317	0.400246	-2.09186	-0.678294	0.424297	-1.97454	-0.321263	0.373611	-1.71066	-0.143347	0.283663	-2.50109	-0.107575	0.165031	-2.33647	-1.05211	0.178584	-2.33015	-0.455801	0.110298	-2.34827	-0.0419456	0.1286	-2.39136	-0.921989	0.196392	-2.15226	-1.33323	0.0111401	-2.27676	-0.636246	0.0376555	-2.41919	-0.304192	0.117526	nan	nan	nan
218	2.16743	-2.19211	-1.40036	0.203681	-2.05521	-1.29371	0.204149	-1.91197	-0.0969787	0.333036	-2.31866	-1.06098	0.27964	-2.01025	-0.481128	0.362587	-1.74578	-0.117971	0.328948	-2.37382	-0.932506	0.298376	-2.14414	-1.33146	0.401617	-2.08289	-0.676927	0.424268	-1.96599	-0.320151	0.372805	-1.70339	-0.140717	0.282387	-2.50012	-0.10973	0.163969	-2.32796	-1.05121	0.179644	-2.32494	-0.455975	0.109818	-2.34811	-0.0418595	0.128396	-2.38297	-0.92113	0.19725	-2.14375	-1.33224	0.0125145	-2.27019	-0.636227	0.0377571	-2.41556	-0.30537	0.116845	nan	nan	nan
219	2.17742	-2.18372	-1.39922	0.20525	-2.04671	-1.29262	0.205726	-1.90556	-0.0954622	0.332098	-2.30978	-1.05999	0.280707	-2.00127	-0.480089	0.361942	-1.73935	-0.115271	0.327637	-2.36505	-0.931462	0.299206	-2.13611	-1.32989	0.403069	-2.07385	-0.675568	0.424247	-1.95766	-0.318955	0.372018	-1.69685	-0.137617	0.280946	-2.49901	-0.112168	0.162834	-2.31915	-1.05043	0.180681	-2.31911	-0.456081	0.109613	-2.34798	-0.0417784	0.128202	-2.37424	-0.920346	0.19806	-2.13501	-1.33138	0.0139855	-2.26332	-0.63631	0.0378372	-2.41169	-0.306749	0.116094	nan	nan	nan
220	2.18741	-2.17518	-1.39813	0.206959	-2.03799	-1.29169	0.207427	-1.89989	-0.0937857	0.33105	-2.30062	-1.0591	0.281795	-1.99213	-0.478991	0.361278	-1.73362	-0.112158	0.326308	-2.35598	-0.930524	0.300044	-2.12785	-1.32843	0.404652	-2.06463	-0.674231	0.424329	-1.9498	-0.317745	0.371087	-1.69097	-0.134004	0.279508	-2.49768	-0.114876	0.16158	-2.31005	-1.04973	0.181784	-2.31296	-0.456365	0.109208	-2.34788	-0.0417047	0.128017	-2.36521	-0.919638	0.198936	-2.12603	-1.3307	0.0155807	-2.25604	-0.636425	0.0379039	-2.40756	-0.30833	0.115305	nan	nan	nan
221	2.19739	-2.16653	-1.39713	0.20874	-2.02907	-1.29093	0.209243	-1.89487	-0.0919219	0.329993	-2.29119	-1.05823	0.282926	-1.9828	-0.477783	0.360606	-1.72846	-0.108642	0.324715	-2.34656	-0.929633	0.30089	-2.11941	-1.32712	0.406377	-2.05519	-0.672797	0.424377	-1.94193	-0.316206	0.370108	-1.68574	-0.129834	0.277855	-2.49611	-0.117796	0.160278	-2.30066	-1.0491	0.182945	-2.3066	-0.456833	0.108662	-2.34771	-0.0416202	0.12784	-2.35585	-0.918967	0.199747	-2.11686	-1.33021	0.0173083	-2.24831	-0.636535	0.0378789	-2.40302	-0.309988	0.114559	nan	nan	nan
222	2.20738	-2.15774	-1.39624	0.210614	-2.01999	-1.2903	0.21115	-1.89023	-0.0898328	0.328979	-2.28148	-1.05734	0.284092	-1.97341	-0.476428	0.359891	-1.72402	-0.104151	0.322855	-2.3368	-0.928705	0.301739	-2.11082	-1.32598	0.408219	-2.04556	-0.671243	0.424386	-1.93418	-0.314455	0.369091	-1.68118	-0.124648	0.27594	-2.49432	-0.120956	0.158979	-2.29096	-1.04841	0.183977	-2.29989	-0.457401	0.108067	-2.34769	-0.0416857	0.127647	-2.34614	-0.9183	0.200587	-2.10752	-1.32987	0.0191999	-2.24012	-0.636637	0.0378686	-2.39816	-0.311786	0.113837	nan	nan	nan
223	2.21737	-2.14883	-1.39547	0.212627	-2.01068	-1.28986	0.213148	-1.8866	-0.0879893	0.328061	-2.27166	-1.05646	0.28533	-1.96425	-0.475028	0.359163	-1.72047	-0.0977368	0.320756	-2.32683	-0.927753	0.302679	-2.10208	-1.32499	0.41017	-2.03583	-0.6697	0.424388	-1.92708	-0.313042	0.368077	-1.67736	-0.117177	0.273604	-2.49246	-0.124469	0.157668	-2.28108	-1.04761	0.184837	-2.29259	-0.45794	0.107576	-2.34788	-0.041934	0.127483	-2.33615	-0.917545	0.201482	-2.098	-1.32965	0.0212099	-2.23149	-0.636803	0.0382168	-2.39303	-0.313799	0.113103	nan	nan	nan
224	2.22736	-2.1398	-1.39487	0.214757	-2.00113	-1.28956	0.215289	-1.88384	-0.0871422	0.327403	-2.26184	-1.05571	0.286548	-1.95516	-0.473992	0.358405	-1.71781	-0.089589	0.318896	-2.31675	-0.926879	0.303649	-2.09309	-1.32403	0.412206	-2.0261	-0.668404	0.424377	-1.9201	-0.312239	0.367061	-1.6739	-0.106668	0.271128	-2.49045	-0.128421	0.156284	-2.27119	-1.04692	0.185854	-2.28461	-0.458445	0.107348	-2.34793	-0.0420254	0.1273	-2.32602	-0.916778	0.202451	-2.08836	-1.32959	0.0232776	-2.22237	-0.636984	0.0384806	-2.38736	-0.315964	0.112406	nan	nan	nan
225	2.23735	-2.13059	-1.39451	0.216959	-1.99143	-1.28941	0.217548	-1.88133	-0.0873651	0.326903	-2.25205	-1.0552	0.287523	-1.94552	-0.473931	0.357707	-1.71559	-0.0821709	0.317932	-2.30662	-0.926208	0.304647	-2.08384	-1.32318	0.414308	-2.01646	-0.667659	0.42446	-1.9125	-0.312038	0.366243	-1.67034	-0.0957786	0.269904	-2.48753	-0.132539	0.154685	-2.26131	-1.0464	0.186847	-2.27603	-0.458983	0.107133	-2.34777	-0.0419991	0.127167	-2.3158	-0.916079	0.20342	-2.07855	-1.32967	0.0253564	-2.21272	-0.637203	0.0389101	-2.38102	-0.318274	0.11168	nan	nan	nan
226	2.24733	-2.12115	-1.39448	0.219218	-1.98163	-1.28942	0.219841	-1.87837	-0.0877395	0.326504	-2.24228	-1.05496	0.288228	-1.93505	-0.474924	0.357285	-1.71301	-0.0768851	0.318348	-2.29638	-0.925749	0.305413	-2.07443	-1.3225	0.416434	-2.00671	-0.66739	0.424579	-1.90384	-0.31327	0.365986	-1.66666	-0.0880451	0.270374	-2.48399	-0.137036	0.152938	-2.25137	-1.04598	0.187577	-2.26663	-0.459603	0.106952	-2.34755	-0.0420146	0.127073	-2.30537	-0.915457	0.20415	-2.06857	-1.32996	0.0274419	-2.20244	-0.637466	0.0393906	-2.37396	-0.320759	0.110841	nan	nan	nan
227	2.25732	-2.11156	-1.39476	0.221413	-1.97163	-1.28977	0.222127	-1.87518	-0.08779	0.326339	-2.23249	-1.05494	0.288546	-1.92404	-0.476129	0.357232	-1.7103	-0.0727864	0.320017	-2.28602	-0.925516	0.305881	-2.0649	-1.3221	0.418561	-1.99637	-0.667646	0.424619	-1.894	-0.318647	0.36656	-1.66312	-0.0826232	0.272011	-2.47992	-0.141795	0.151119	-2.24125	-1.04569	0.18798	-2.25655	-0.460281	0.106451	-2.34727	-0.0420929	0.127042	-2.29469	-0.914996	0.204647	-2.05846	-1.33056	0.0295375	-2.19154	-0.637746	0.0400697	-2.36624	-0.323345	0.109882	nan	nan	nan
228	2.26731	-2.10191	-1.39529	0.223548	-1.96165	-1.29052	0.22437	-1.8726	-0.0877159	0.326462	-2.22253	-1.05513	0.288684	-1.91298	-0.476918	0.357591	-1.70828	-0.0688869	0.321869	-2.27553	-0.925537	0.306158	-2.05541	-1.32201	0.420648	-1.98516	-0.668567	0.424808	-1.88427	-0.325917	0.367607	-1.66024	-0.077168	0.274189	-2.47534	-0.147002	0.149286	-2.23084	-1.04564	0.188162	-2.24561	-0.460869	0.105825	-2.34699	-0.0421597	0.12712	-2.28373	-0.914762	0.204942	-2.0482	-1.33147	0.0316164	-2.18001	-0.638108	0.0408055	-2.35775	-0.325997	0.108841	nan	nan	nan
229	2.2773	-2.09229	-1.39598	0.225626	-1.95168	-1.29158	0.226715	-1.8707	-0.0875933	0.326714	-2.21224	-1.05547	0.288941	-1.90223	-0.477315	0.358137	-1.70709	-0.0648225	0.323697	-2.26481	-0.9257	0.30638	-2.04601	-1.32224	0.422703	-1.9732	-0.669862	0.425195	-1.87824	-0.318387	0.367338	-1.65822	-0.0715163	0.276336	-2.46991	-0.152228	0.147214	-2.22011	-1.04584	0.188376	-2.23366	-0.461351	0.105147	-2.34673	-0.0421688	0.127311	-2.27253	-0.914771	0.205109	-2.03773	-1.33267	0.0337136	-2.16787	-0.638483	0.0415916	-2.34836	-0.32868	0.107742	nan	nan	nan
230	2.28729	-2.08277	-1.39682	0.227668	-1.94184	-1.29283	0.229055	-1.8692	-0.0874967	0.327008	-2.20166	-1.05591	0.289423	-1.89241	-0.477449	0.358699	-1.70622	-0.0608322	0.325178	-2.25383	-0.925929	0.306639	-2.03667	-1.32277	0.424736	-1.96111	-0.67111	0.425867	-1.87285	-0.312933	0.367219	-1.65672	-0.0662145	0.278016	-2.46345	-0.157128	0.144516	-2.20915	-1.04624	0.188814	-2.22071	-0.461741	0.104253	-2.34644	-0.042269	0.12771	-2.26114	-0.914961	0.205329	-2.02715	-1.33418	0.0358485	-2.1551	-0.63883	0.0424015	-2.33808	-0.331466	0.106411	nan	nan	nan
231	2.29727	-2.07334	-1.39779	0.229713	-1.93223	-1.29439	0.231329	-1.86777	-0.0873868	0.327211	-2.19081	-1.05643	0.290179	-1.88383	-0.477349	0.35936	-1.70511	-0.0570982	0.326088	-2.24259	-0.92628	0.307145	-2.02731	-1.32361	0.426759	-1.94973	-0.672173	0.426852	-1.86738	-0.31195	0.36756	-1.65528	-0.0612317	0.279095	-2.45579	-0.162424	0.141797	-2.198	-1.04682	0.18952	-2.20663	-0.461989	0.10327	-2.34557	-0.0423951	0.128481	-2.24963	-0.915341	0.205812	-2.01664	-1.33596	0.0380126	-2.14161	-0.639109	0.0431011	-2.32674	-0.334306	0.104949	nan	nan	nan
232	2.30726	-2.06399	-1.39891	0.231795	-1.9226	-1.29618	0.233667	-1.86636	-0.0872436	0.327226	-2.17982	-1.05714	0.291215	-1.87626	-0.476939	0.360065	-1.70353	-0.05381	0.326484	-2.23124	-0.926865	0.307959	-2.01798	-1.32472	0.428823	-1.93955	-0.672838	0.427937	-1.86188	-0.312063	0.368047	-1.65407	-0.0567312	0.279003	-2.44709	-0.168295	0.139402	-2.18674	-1.04757	0.190497	-2.19141	-0.462091	0.102056	-2.3439	-0.0424897	0.129782	-2.23806	-0.91594	0.206585	-2.00624	-1.33787	0.0402589	-2.12748	-0.639339	0.0437064	-2.31425	-0.337164	0.103358	nan	nan	nan
233	2.31725	-2.05473	-1.40017	0.233909	-1.91257	-1.29824	0.236002	-1.86499	-0.0871652	0.326989	-2.16876	-1.05812	0.292348	-1.86946	-0.476364	0.360624	-1.70166	-0.0512296	0.326562	-2.21994	-0.927746	0.309023	-2.00863	-1.32602	0.430875	-1.93053	-0.67306	0.429062	-1.85631	-0.311788	0.368426	-1.6531	-0.0529661	0.277901	-2.43726	-0.174997	0.137706	-2.17545	-1.04853	0.19166	-2.1749	-0.462003	0.100744	-2.3423	-0.0427751	0.131291	-2.22649	-0.916791	0.207626	-1.99608	-1.3399	0.0424522	-2.1128	-0.63951	0.0441953	-2.30051	-0.340005	0.101642	nan	nan	nan
234	2.32724	-2.04555	-1.4015	0.236021	-1.9029	-1.30019	0.238095	-1.86372	-0.0872521	0.326538	-2.15773	-1.05932	0.293565	-1.86286	-0.475893	0.361014	-1.70001	-0.0492496	0.326414	-2.20872	-0.928853	0.310243	-1.99915	-1.32748	0.432863	-1.9223	-0.672961	0.430126	-1.8507	-0.311299	0.368561	-1.65241	-0.0498206	0.27626	-2.42628	-0.181989	0.136476	-2.16424	-1.04968	0.192879	-2.15723	-0.461623	0.0992131	-2.34062	-0.0434139	0.132565	-2.21506	-0.917903	0.208872	-1.98624	-1.342	0.0445784	-2.09767	-0.639604	0.0445579	-2.28548	-0.342811	0.0998865	nan	nan	nan
235	2.33723	-2.03643	-1.40288	0.238109	-1.89321	-1.3023	0.239965	-1.86258	-0.087364	0.326099	-2.14679	-1.06072	0.294825	-1.8562	-0.475734	0.361217	-1.69868	-0.0476658	0.326168	-2.19769	-0.930188	0.311579	-1.9895	-1.329	0.434775	-1.91443	-0.672862	0.431052	-1.84544	-0.310816	0.368349	-1.65181	-0.0472397	0.274554	-2.41369	-0.188435	0.134434	-2.15313	-1.05096	0.194152	-2.13864	-0.460816	0.0974207	-2.33748	-0.0436746	0.133351	-2.20384	-0.91915	0.210173	-1.97671	-1.34413	0.0466146	-2.08214	-0.639564	0.0448149	-2.26926	-0.345509	0.0981054	nan	nan	nan
236	2.34722	-2.02735	-1.4042	0.240079	-1.88345	-1.30451	0.241655	-1.86167	-0.0874099	0.325822	-2.13606	-1.06222	0.296122	-1.84947	-0.475714	0.361316	-1.69756	-0.0462619	0.326006	-2.18695	-0.931685	0.312847	-1.97976	-1.33062	0.43658	-1.90651	-0.672974	0.431876	-1.84087	-0.310383	0.368027	-1.65143	-0.0452272	0.27328	-2.4001	-0.195011	0.13193	-2.14221	-1.0523	0.19546	-2.11944	-0.459761	0.0956096	-2.33405	-0.0435182	0.132901	-2.19289	-0.920479	0.211495	-1.96744	-1.34619	0.0485404	-2.06626	-0.639398	0.0449534	-2.25209	-0.348174	0.0962866	nan	nan	nan
237	2.3572	-2.01828	-1.40545	0.241874	-1.87364	-1.30671	0.243212	-1.86104	-0.0873915	0.325654	-2.12559	-1.06371	0.29733	-1.84299	-0.475732	0.361452	-1.69664	-0.045096	0.326039	-2.17653	-0.933204	0.314092	-1.96997	-1.3323	0.438263	-1.89837	-0.673332	0.432598	-1.83688	-0.309999	0.367969	-1.65117	-0.0435431	0.272435	-2.38584	-0.202295	0.12956	-2.13155	-1.05368	0.19667	-2.09957	-0.458566	0.0938915	-2.33126	-0.0434056	0.131234	-2.18228	-0.921862	0.212777	-1.95841	-1.34815	0.0503493	-2.05001	-0.639089	0.0449411	-2.23405	-0.350904	0.0943001	nan	nan	nan
238	2.36719	-2.00918	-1.40675	0.243568	-1.86393	-1.3087	0.244582	-1.86062	-0.0873979	0.325542	-2.11537	-1.06513	0.29852	-1.83714	-0.475642	0.361649	-1.69594	-0.0441572	0.326154	-2.1664	-0.934668	0.315289	-1.96003	-1.33396	0.439816	-1.89009	-0.673913	0.433279	-1.83376	-0.309736	0.367984	-1.65094	-0.0421489	0.271752	-2.37065	-0.210052	0.127562	-2.12114	-1.05502	0.197826	-2.07909	-0.457401	0.0920964	-2.32674	-0.0448005	0.129117	-2.17197	-0.923228	0.213958	-1.94953	-1.34996	0.0520357	-2.03342	-0.638767	0.0448226	-2.21496	-0.353696	0.0922479	nan	nan	nan
239	2.37718	-2.00004	-1.40819	0.245188	-1.85443	-1.31048	0.245892	-1.86028	-0.0874154	0.325468	-2.10537	-1.06642	0.299699	-1.83196	-0.475407	0.362098	-1.69538	-0.0432988	0.326329	-2.15653	-0.936041	0.31645	-1.94996	-1.33563	0.441301	-1.8817	-0.674667	0.43413	-1.83123	-0.309536	0.36807	-1.65072	-0.0410357	0.271188	-2.35427	-0.217794	0.125886	-2.11096	-1.05627	0.198984	-2.05796	-0.456427	0.0901312	-2.32082	-0.0490081	0.129154	-2.16193	-0.924524	0.215068	-1.94076	-1.35161	0.053577	-2.01661	-0.63865	0.0446711	-2.19492	-0.356477	0.0902675	nan	nan	nan
240	2.38717	-1.99088	-1.40972	0.246734	-1.84507	-1.31215	0.247126	-1.85999	-0.0873981	0.32547	-2.09559	-1.06763	0.300866	-1.82731	-0.475124	0.362805	-1.69487	-0.0424105	0.32662	-2.14685	-0.937254	0.317509	-1.93991	-1.33734	0.442756	-1.87352	-0.675416	0.435103	-1.8287	-0.309211	0.368369	-1.65058	-0.0401732	0.270773	-2.33668	-0.225251	0.124561	-2.10097	-1.05747	0.200146	-2.03648	-0.455923	0.0883101	-2.31086	-0.0569265	0.129503	-2.15205	-0.92576	0.216111	-1.93202	-1.35317	0.0549699	-1.9996	-0.638826	0.044553	-2.1742	-0.359083	0.0883472	nan	nan	nan
241	2.39716	-1.98176	-1.41127	0.248205	-1.83577	-1.31387	0.248391	-1.8598	-0.0873239	0.325542	-2.08598	-1.06878	0.302036	-1.82306	-0.474781	0.363675	-1.69448	-0.0415442	0.327032	-2.13735	-0.938435	0.3185	-1.92987	-1.33907	0.444204	-1.86608	-0.67604	0.436117	-1.82622	-0.308739	0.368902	-1.65054	-0.0395383	0.270585	-2.31844	-0.232616	0.123906	-2.09112	-1.0587	0.201346	-2.01482	-0.455758	0.0867115	-2.29788	-0.0655794	0.128028	-2.14231	-0.926978	0.217099	-1.92335	-1.35461	0.0563017	-1.9823	-0.639416	0.044612	-2.15303	-0.361341	0.086529	nan	nan	nan
242	2.40714	-1.97268	-1.41281	0.249627	-1.82643	-1.31544	0.249484	-1.8597	-0.0872286	0.325667	-2.07646	-1.06987	0.30306	-1.81903	-0.474444	0.364695	-1.69419	-0.0407672	0.327544	-2.12793	-0.939601	0.319414	-1.91982	-1.34081	0.445576	-1.85939	-0.676495	0.437153	-1.82389	-0.308327	0.369721	-1.65059	-0.0391409	0.270556	-2.30004	-0.239913	0.12391	-2.08139	-1.05998	0.202536	-1.99313	-0.455961	0.0853734	-2.2814	-0.0732943	0.123836	-2.13267	-0.928281	0.217997	-1.91474	-1.35596	0.0575992	-1.96498	-0.640429	0.0448243	-2.13162	-0.363369	0.0849214	nan	nan	nan
243	2.41713	-1.96367	-1.4143	0.250982	-1.8172	-1.31706	0.250443	-1.85963	-0.0871205	0.325845	-2.06701	-1.07096	0.304049	-1.81516	-0.474158	0.365847	-1.69395	-0.0400477	0.328149	-2.1186	-0.940766	0.320247	-1.90994	-1.3426	0.446771	-1.85338	-0.676859	0.438206	-1.82176	-0.307862	0.370617	-1.65067	-0.038891	0.270617	-2.28109	-0.246549	0.124384	-2.07173	-1.06133	0.203676	-1.97153	-0.456739	0.0842471	-2.26135	-0.0801269	0.118558	-2.12309	-0.929629	0.218783	-1.90624	-1.35725	0.0588011	-1.94884	-0.641518	0.0447889	-2.11035	-0.365846	0.0837582	nan	nan	nan
244	2.42712	-1.95471	-1.41577	0.252202	-1.80819	-1.3186	0.251343	-1.85954	-0.0869836	0.326055	-2.05771	-1.07222	0.305311	-1.81146	-0.473874	0.366988	-1.69366	-0.0392757	0.328867	-2.10935	-0.941941	0.320995	-1.9002	-1.34446	0.44788	-1.84761	-0.67715	0.439351	-1.81967	-0.307278	0.371462	-1.65068	-0.0386873	0.270765	-2.26093	-0.251762	0.124919	-2.06214	-1.06273	0.204772	-1.94998	-0.458238	0.0834708	-2.23905	-0.0860901	0.113596	-2.11352	-0.931014	0.219473	-1.89783	-1.35848	0.059931	-1.93262	-0.643104	0.0449264	-2.0897	-0.369312	0.0832599	-2.20905	-0.0532374	0.147468
245	2.43711	-1.94582	-1.41725	0.253325	-1.799	-1.32006	0.252119	-1.85951	-0.0868421	0.32621	-2.04851	-1.07346	0.30652	-1.80808	-0.473525	0.368108	-1.69334	-0.0384934	0.32957	-2.1002	-0.94308	0.321594	-1.8906	-1.3463	0.448955	-1.84201	-0.677437	0.44053	-1.81798	-0.306889	0.372309	-1.65065	-0.0385044	0.270882	-2.23966	-0.255468	0.125333	-2.0526	-1.06419	0.205853	-1.9285	-0.460344	0.0830022	-2.21367	-0.0911705	0.108939	-2.10399	-0.932418	0.220037	-1.88952	-1.35965	0.0610173	-1.91757	-0.644811	0.0448479	-2.06945	-0.373542	0.0833922	-2.18845	-0.0565206	0.142505
246	2.4471	-1.93698	-1.41874	0.254404	-1.79006	-1.32164	0.252961	-1.85954	-0.0867579	0.326262	-2.03942	-1.07464	0.307642	-1.80512	-0.473225	0.3692	-1.69315	-0.0378559	0.330209	-2.09111	-0.944207	0.322084	-1.88109	-1.34815	0.449973	-1.83661	-0.677706	0.441663	-1.81663	-0.306655	0.373042	-1.65062	-0.0383527	0.27094	-2.21764	-0.257819	0.125598	-2.04308	-1.06569	0.206944	-1.90712	-0.462866	0.0827783	-2.1861	-0.0955727	0.104269	-2.09449	-0.933857	0.220496	-1.88126	-1.3608	0.0620448	-1.90226	-0.646803	0.0448557	-2.04799	-0.377187	0.0840162	-2.16128	-0.0600521	0.136755
247	2.45709	-1.92818	-1.42021	0.255422	-1.78148	-1.32318	0.253812	-1.85953	-0.0867361	0.326262	-2.03039	-1.07579	0.308735	-1.8025	-0.472931	0.370256	-1.69303	-0.0372908	0.330809	-2.08207	-0.945298	0.322471	-1.87172	-1.35001	0.45089	-1.83128	-0.678027	0.442734	-1.81546	-0.306366	0.373612	-1.65055	-0.0382236	0.271007	-2.19499	-0.258859	0.125863	-2.03361	-1.06722	0.208023	-1.88593	-0.465656	0.082768	-2.15893	-0.0986543	0.10028	-2.08499	-0.935295	0.220861	-1.87305	-1.36198	0.0629586	-1.88653	-0.649029	0.0449015	-2.02572	-0.379968	0.0847253	-2.13288	-0.0626736	0.131517
248	2.46707	-1.91943	-1.42162	0.25634	-1.77298	-1.3247	0.2545	-1.8595	-0.0867372	0.326249	-2.02139	-1.0769	0.309802	-1.80018	-0.472684	0.371244	-1.69293	-0.0368121	0.331338	-2.07301	-0.9463	0.322726	-1.86244	-1.35181	0.451776	-1.82609	-0.678401	0.443815	-1.81444	-0.306124	0.374176	-1.65046	-0.0381076	0.271115	-2.17169	-0.258536	0.12605	-2.02416	-1.06875	0.209027	-1.86515	-0.46856	0.0830103	-2.13137	-0.100568	0.0970195	-2.07549	-0.93675	0.221078	-1.86485	-1.36315	0.0638112	-1.87065	-0.65134	0.0449211	-2.00321	-0.381904	0.0853415	-2.10488	-0.0642289	0.126869
249	2.47706	-1.91073	-1.42302	0.257162	-1.76424	-1.32626	0.255112	-1.85953	-0.0867375	0.326209	-2.01243	-1.07796	0.31082	-1.79799	-0.472483	0.372185	-1.69287	-0.0364811	0.33171	-2.06399	-0.947258	0.322912	-1.85323	-1.35354	0.452589	-1.82093	-0.678696	0.444844	-1.81355	-0.305915	0.374753	-1.65034	-0.0380411	0.271287	-2.1478	-0.256863	0.126132	-2.01471	-1.07024	0.20997	-1.84482	-0.471448	0.0834768	-2.10264	-0.101392	0.0943224	-2.06598	-0.938144	0.221196	-1.85665	-1.36429	0.0646102	-1.85477	-0.653732	0.0449783	-1.98112	-0.38329	0.0859508	-2.0746	-0.0652157	0.1231
250	2.48705	-1.9021	-1.42436	0.257941	-1.75568	-1.32774	0.255793	-1.85966	-0.0867465	0.326129	-2.00346	-1.079	0.31176	-1.79583	-0.472321	0.373128	-1.69285	-0.036261	0.331948	-2.05499	-0.948191	0.323042	-1.84408	-1.35525	0.453329	-1.81568	-0.678959	0.445808	-1.81269	-0.305725	0.375358	-1.65013	-0.0380419	0.271495	-2.12337	-0.253942	0.126208	-2.00523	-1.07167	0.2109	-1.82479	-0.47427	0.084238	-2.07305	-0.101386	0.0919769	-2.05646	-0.939477	0.221285	-1.84849	-1.36542	0.0653458	-1.83894	-0.656284	0.0449591	-1.95923	-0.383999	0.0867113	-2.03995	-0.0663178	0.12056
251	2.49704	-1.89348	-1.42555	0.258664	-1.74697	-1.32926	0.256358	-1.85977	-0.0867942	0.32604	-1.99449	-1.07998	0.312618	-1.79367	-0.472185	0.374033	-1.69284	-0.0361025	0.332128	-2.04596	-0.949077	0.323143	-1.83498	-1.35688	0.454001	-1.81053	-0.679193	0.446672	-1.81178	-0.305512	0.375928	-1.64994	-0.0379416	0.271415	-2.09842	-0.249733	0.126358	-1.99574	-1.07301	0.211765	-1.80501	-0.477085	0.0852376	-2.0424	-0.100628	0.0901384	-2.04694	-0.940731	0.221378	-1.84033	-1.36651	0.066069	-1.82298	-0.65893	0.0449005	-1.9374	-0.384	0.087547	-2.00148	-0.0675076	0.119058
252	2.50703	-1.88485	-1.42664	0.259304	-1.73797	-1.33076	0.256947	-1.85985	-0.0868741	0.325948	-1.98549	-1.08088	0.313441	-1.79155	-0.472037	0.374937	-1.69283	-0.0359806	0.332317	-2.03695	-0.949902	0.323246	-1.82597	-1.35842	0.454633	-1.80537	-0.679363	0.447452	-1.81082	-0.305295	0.376473	-1.64979	-0.0378053	0.271319	-2.07298	-0.244333	0.126621	-1.98623	-1.07425	0.212539	-1.7854	-0.47986	0.0862825	-2.01058	-0.0991303	0.0888539	-2.0374	-0.941923	0.221436	-1.83211	-1.3675	0.0667521	-1.80688	-0.66171	0.044795	-1.91574	-0.383408	0.0883683	-1.97024	-0.066351	0.116316
253	2.51701	-1.87622	-1.42761	0.259924	-1.72911	-1.33202	0.257495	-1.85988	-0.0869587	0.32586	-1.97648	-1.0817	0.314198	-1.78951	-0.471859	0.375883	-1.69284	-0.035843	0.33251	-2.02796	-0.950643	0.323311	-1.81695	-1.35986	0.455237	-1.8002	-0.679538	0.448254	-1.80986	-0.305063	0.37705	-1.64967	-0.0376611	0.27131	-2.04703	-0.237849	0.126938	-1.97671	-1.07538	0.21329	-1.76617	-0.482599	0.0873168	-1.9776	-0.0969392	0.0879415	-2.02787	-0.943016	0.221467	-1.82383	-1.36838	0.0674149	-1.79063	-0.664567	0.0447528	-1.89423	-0.382282	0.0892037	-1.93956	-0.0645761	0.113862
254	2.527	-1.86759	-1.42846	0.260474	-1.72048	-1.33311	0.258007	-1.85995	-0.0870449	0.325789	-1.96752	-1.08238	0.3149	-1.78742	-0.471654	0.376819	-1.69283	-0.0357014	0.332726	-2.01896	-0.95128	0.323313	-1.80794	-1.36113	0.455808	-1.79498	-0.67977	0.449074	-1.80892	-0.304859	0.37763	-1.64954	-0.0375481	0.271367	-2.02049	-0.230368	0.127388	-1.96723	-1.07636	0.213943	-1.74748	-0.485345	0.0885865	-1.94383	-0.0941515	0.0873747	-2.01837	-0.943977	0.221459	-1.81551	-1.36912	0.0680103	-1.77428	-0.667441	0.0447981	-1.87279	-0.380521	0.0901143	-1.9026	-0.0638427	0.113068
255	2.53699	-1.85895	-1.42919	0.260974	-1.71211	-1.33407	0.258495	-1.86	-0.0871622	0.325725	-1.9586	-1.08291	0.315523	-1.78529	-0.471474	0.377793	-1.6928	-0.0355813	0.332973	-2.01004	-0.951783	0.323296	-1.79896	-1.36228	0.456312	-1.78974	-0.679955	0.449915	-1.80792	-0.304709	0.378208	-1.6494	-0.037482	0.271455	-1.99336	-0.222106	0.127964	-1.95778	-1.0772	0.214531	-1.72923	-0.487945	0.0900093	-1.90969	-0.0909573	0.0870986	-2.00891	-0.944765	0.221382	-1.80713	-1.3697	0.0685309	-1.75782	-0.67024	0.0450161	-1.85146	-0.378205	0.0911048	-1.86475	-0.0630904	0.112614
256	2.54698	-1.85026	-1.42975	0.261485	-1.70322	-1.33496	0.258824	-1.85995	-0.0872973	0.325653	-1.9497	-1.08326	0.316031	-1.78319	-0.471318	0.378773	-1.69276	-0.0354748	0.333197	-2.00118	-0.952108	0.323172	-1.78993	-1.36329	0.456796	-1.78452	-0.680087	0.450697	-1.80692	-0.304579	0.378771	-1.64924	-0.0374094	0.271556	-1.9656	-0.213152	0.12864	-1.94835	-1.07785	0.215046	-1.71145	-0.490289	0.0914582	-1.87508	-0.0874308	0.0870934	-1.99947	-0.945336	0.221169	-1.79871	-1.37011	0.0690492	-1.74156	-0.673015	0.0453745	-1.83023	-0.375355	0.0922181	-1.82772	-0.0619523	0.1121
257	2.55697	-1.8415	-1.43015	0.261913	-1.69403	-1.33565	0.25916	-1.85993	-0.0874403	0.325565	-1.94084	-1.0834	0.316433	-1.78102	-0.471095	0.379693	-1.69275	-0.0353909	0.333376	-1.99234	-0.952236	0.322917	-1.78083	-1.36407	0.457224	-1.77929	-0.680119	0.451422	-1.8059	-0.304437	0.379263	-1.64905	-0.0373291	0.271687	-1.93722	-0.203659	0.129369	-1.93896	-1.07829	0.215446	-1.69422	-0.492309	0.0929786	-1.83999	-0.0838956	0.0873641	-1.99006	-0.945618	0.22075	-1.79022	-1.37035	0.0695332	-1.7258	-0.675611	0.0458955	-1.80903	-0.371926	0.0934421	-1.79206	-0.0600432	0.111797
258	2.56695	-1.83269	-1.43038	0.262321	-1.68478	-1.33609	0.259548	-1.8599	-0.0875793	0.325471	-1.93199	-1.08336	0.316723	-1.77875	-0.470851	0.380564	-1.69273	-0.0353152	0.333518	-1.9835	-0.952183	0.322609	-1.77174	-1.36462	0.457557	-1.77403	-0.679959	0.452063	-1.80479	-0.304291	0.379758	-1.64891	-0.0372497	0.271772	-1.90822	-0.193808	0.130143	-1.92961	-1.07851	0.21573	-1.67772	-0.494053	0.094587	-1.80444	-0.0802821	0.0880655	-1.9807	-0.945754	0.220357	-1.78168	-1.3704	0.0699739	-1.71083	-0.677753	0.0465973	-1.78792	-0.36807	0.094647	-1.75553	-0.0583919	0.1122
259	2.57694	-1.82383	-1.43046	0.262684	-1.67633	-1.33616	0.259855	-1.85986	-0.0877303	0.325364	-1.92313	-1.08318	0.31688	-1.77633	-0.470609	0.381348	-1.69267	-0.0352278	0.333676	-1.97466	-0.951975	0.32226	-1.76263	-1.365	0.457881	-1.76888	-0.679805	0.452735	-1.80353	-0.304101	0.380207	-1.6488	-0.0371712	0.271849	-1.8786	-0.183807	0.130945	-1.92027	-1.07852	0.215888	-1.66187	-0.495513	0.0962685	-1.76855	-0.0767405	0.089089	-1.97138	-0.945765	0.219976	-1.77307	-1.37024	0.0703183	-1.69669	-0.679547	0.0474576	-1.76681	-0.363921	0.0958047	-1.7184	-0.0576247	0.113498
260	2.58693	-1.81488	-1.43038	0.262993	-1.66783	-1.33599	0.26004	-1.85975	-0.0878909	0.325247	-1.91428	-1.08288	0.316925	-1.77378	-0.47041	0.381983	-1.69281	-0.035117	0.333846	-1.96581	-0.951596	0.32181	-1.75354	-1.36525	0.458201	-1.76382	-0.679673	0.453365	-1.80213	-0.303933	0.380591	-1.64865	-0.0371051	0.271953	-1.84844	-0.173813	0.131739	-1.91093	-1.07838	0.215939	-1.64657	-0.496602	0.0980313	-1.73241	-0.0734959	0.0903833	-1.96207	-0.945625	0.219574	-1.76439	-1.36987	0.0706852	-1.68256	-0.680968	0.0484992	-1.74578	-0.359653	0.0969527	-1.68006	-0.0575356	0.115154
261	2.59692	-1.80586	-1.4301	0.263249	-1.65882	-1.33572	0.260265	-1.85963	-0.0880669	0.325097	-1.90543	-1.0824	0.316869	-1.77108	-0.470162	0.382524	-1.69336	-0.0349454	0.333994	-1.95693	-0.951085	0.321292	-1.74438	-1.36528	0.458433	-1.75885	-0.679518	0.45388	-1.80062	-0.303807	0.380855	-1.64831	-0.037177	0.272122	-1.81781	-0.164013	0.132462	-1.90159	-1.07808	0.215929	-1.63187	-0.497273	0.0999836	-1.69609	-0.0705932	0.092006	-1.95275	-0.94532	0.219127	-1.75563	-1.36933	0.0710228	-1.66941	-0.681601	0.0499188	-1.72475	-0.355183	0.0983335	-1.64249	-0.0574911	0.117171
262	2.60691	-1.79674	-1.42965	0.263439	-1.64976	-1.33522	0.260524	-1.85947	-0.0882657	0.3249	-1.8965	-1.08177	0.31678	-1.76817	-0.469863	0.382982	-1.69364	-0.0348436	0.334088	-1.94803	-0.950477	0.320817	-1.73519	-1.36505	0.458635	-1.75374	-0.679201	0.454269	-1.79902	-0.303702	0.38105	-1.64773	-0.0374404	0.272364	-1.78673	-0.154461	0.133181	-1.89227	-1.07759	0.21587	-1.61775	-0.497495	0.102177	-1.65959	-0.0681782	0.0939689	-1.94343	-0.944842	0.218614	-1.74676	-1.36859	0.0712539	-1.65742	-0.681805	0.0513288	-1.70388	-0.350674	0.099771	-1.60556	-0.0579627	0.119591
263	2.6169	-1.78755	-1.42903	0.263624	-1.64051	-1.33462	0.260728	-1.85933	-0.0885121	0.324651	-1.88754	-1.081	0.316663	-1.7651	-0.469555	0.383422	-1.69352	-0.0348588	0.334174	-1.93908	-0.949753	0.320381	-1.72593	-1.36461	0.458845	-1.74844	-0.678743	0.4546	-1.79737	-0.303594	0.381192	-1.64788	-0.03734	0.272463	-1.75516	-0.145243	0.133951	-1.88295	-1.07693	0.215726	-1.60416	-0.497275	0.104422	-1.62297	-0.0664299	0.096337	-1.9341	-0.9442	0.218126	-1.7378	-1.36769	0.0714389	-1.64627	-0.681347	0.052972	-1.68305	-0.346052	0.101355	-1.56876	-0.0593041	0.122548
264	2.62688	-1.77829	-1.42826	0.263721	-1.63135	-1.33376	0.260879	-1.85915	-0.0888029	0.324361	-1.87854	-1.08014	0.316505	-1.76201	-0.469243	0.383867	-1.69305	-0.0349737	0.334264	-1.93007	-0.948882	0.319953	-1.71662	-1.364	0.459017	-1.74295	-0.678214	0.454907	-1.79563	-0.303446	0.381325	-1.64794	-0.0372217	0.272572	-1.72324	-0.136612	0.13472	-1.8736	-1.07612	0.215598	-1.59116	-0.496734	0.106743	-1.58635	-0.0653565	0.0991301	-1.92474	-0.943364	0.217725	-1.72877	-1.36663	0.0716531	-1.63587	-0.680445	0.0544837	-1.6621	-0.341317	0.103136	-1.53198	-0.0614476	0.126145
265	2.63687	-1.76897	-1.42731	0.263824	-1.6223	-1.33267	0.26105	-1.85892	-0.0891071	0.324127	-1.86951	-1.07919	0.316336	-1.75877	-0.46886	0.384275	-1.69275	-0.034949	0.334297	-1.92101	-0.947885	0.31956	-1.70728	-1.36318	0.459106	-1.73734	-0.677656	0.455167	-1.79389	-0.303301	0.381489	-1.64779	-0.0371533	0.272699	-1.69116	-0.128668	0.135567	-1.86423	-1.07519	0.215457	-1.57857	-0.495941	0.109187	-1.54993	-0.0649166	0.10233	-1.91538	-0.942397	0.217395	-1.71962	-1.3654	0.0717634	-1.62599	-0.678989	0.0561596	-1.64105	-0.336612	0.105085	-1.49529	-0.063766	0.130441
266	2.64686	-1.75957	-1.42618	0.263846	-1.61302	-1.33145	0.261105	-1.8587	-0.0894392	0.323954	-1.86042	-1.07811	0.316116	-1.75526	-0.46845	0.384668	-1.69272	-0.0348903	0.334344	-1.91195	-0.946808	0.319232	-1.69792	-1.36218	0.459168	-1.73158	-0.677023	0.455422	-1.79207	-0.303208	0.381689	-1.64763	-0.0370473	0.272812	-1.65904	-0.121586	0.136507	-1.85484	-1.07409	0.215256	-1.56611	-0.4947	0.112021	-1.51376	-0.0650886	0.10591	-1.90601	-0.941289	0.21713	-1.7103	-1.364	0.0718496	-1.6165	-0.677105	0.0578493	-1.61994	-0.332015	0.107049	-1.45947	-0.0665952	0.135075
267	2.65685	-1.7501	-1.4249	0.263828	-1.60378	-1.32998	0.261135	-1.85845	-0.0898092	0.323832	-1.85126	-1.07692	0.315868	-1.75147	-0.468016	0.385054	-1.6928	-0.0348418	0.334376	-1.90281	-0.945631	0.318963	-1.68854	-1.36099	0.45924	-1.72555	-0.67631	0.455667	-1.79004	-0.303118	0.381855	-1.64747	-0.0369121	0.272946	-1.62683	-0.115252	0.137739	-1.84543	-1.0728	0.215038	-1.55423	-0.493164	0.114817	-1.478	-0.0658484	0.109835	-1.89662	-0.940026	0.216874	-1.70083	-1.36247	0.0719397	-1.60745	-0.674773	0.059498	-1.59886	-0.32754	0.108944	-1.42447	-0.0700585	0.140016
268	2.66684	-1.74053	-1.42351	0.263738	-1.59443	-1.32837	0.261081	-1.85806	-0.0901783	0.323713	-1.84203	-1.07561	0.315586	-1.74746	-0.467498	0.385403	-1.69286	-0.034847	0.33444	-1.8936	-0.94433	0.318728	-1.67904	-1.35957	0.459181	-1.71921	-0.675539	0.455898	-1.78782	-0.302967	0.382013	-1.64738	-0.0369114	0.273106	-1.59463	-0.109804	0.139285	-1.83598	-1.07137	0.214798	-1.54287	-0.491334	0.117524	-1.44301	-0.0673591	0.114107	-1.88717	-0.938616	0.216702	-1.69137	-1.36081	0.0719211	-1.59846	-0.672089	0.0611417	-1.57801	-0.323305	0.110759	-1.39019	-0.0738215	0.145129
269	2.67682	-1.73085	-1.42199	0.263632	-1.58492	-1.32671	0.261039	-1.85764	-0.0905388	0.323613	-1.83273	-1.07417	0.31525	-1.7432	-0.466903	0.385667	-1.69287	-0.0348928	0.334551	-1.88431	-0.942893	0.318563	-1.66946	-1.35797	0.459034	-1.7127	-0.674667	0.456069	-1.78529	-0.302724	0.382195	-1.64752	-0.0370544	0.273167	-1.5625	-0.105207	0.141244	-1.82646	-1.06975	0.214473	-1.53185	-0.48923	0.120059	-1.40891	-0.0698668	0.118699	-1.87764	-0.937027	0.216547	-1.68185	-1.35902	0.0718502	-1.58952	-0.669278	0.0623993	-1.55744	-0.319302	0.112659	-1.35659	-0.0782024	0.150492
270	2.68681	-1.72108	-1.42037	0.263454	-1.57525	-1.3249	0.260913	-1.85722	-0.0909009	0.32352	-1.82336	-1.07261	0.314894	-1.73873	-0.466266	0.385929	-1.69288	-0.0348865	0.334654	-1.87493	-0.94134	0.31836	-1.65986	-1.35626	0.458889	-1.70611	-0.673744	0.456165	-1.78237	-0.302366	0.382395	-1.64753	-0.0371122	0.273267	-1.53088	-0.101379	0.143635	-1.81687	-1.068	0.214111	-1.52104	-0.486842	0.122431	-1.3756	-0.0734114	0.123664	-1.86805	-0.935265	0.216337	-1.67226	-1.35709	0.0716906	-1.58059	-0.666392	0.0635102	-1.53717	-0.315521	0.114756	-1.32389	-0.0837243	0.156315
271	2.6968	-1.71121	-1.41861	0.263196	-1.56558	-1.32287	0.260651	-1.85691	-0.0913962	0.323438	-1.81389	-1.07094	0.314462	-1.73409	-0.465588	0.386209	-1.69288	-0.0348609	0.334748	-1.86542	-0.939652	0.318066	-1.65015	-1.35443	0.458697	-1.69921	-0.672795	0.456359	-1.77953	-0.302143	0.382545	-1.64746	-0.037097	0.273382	-1.50008	-0.0984151	0.146227	-1.80716	-1.06611	0.213726	-1.51045	-0.484263	0.124585	-1.34336	-0.0780058	0.128899	-1.85832	-0.933344	0.216102	-1.66257	-1.35505	0.0714244	-1.57173	-0.663445	0.0644136	-1.51758	-0.312138	0.116891	-1.29236	-0.0903739	0.162721
272	2.70679	-1.70125	-1.41673	0.262919	-1.55578	-1.32085	0.260381	-1.85662	-0.0921123	0.323405	-1.80431	-1.06914	0.313962	-1.72928	-0.464906	0.386444	-1.6928	-0.0348731	0.334844	-1.85581	-0.937855	0.317777	-1.64029	-1.35243	0.458418	-1.69206	-0.671792	0.45664	-1.77681	-0.302064	0.382642	-1.64735	-0.0370267	0.273476	-1.47039	-0.0966283	0.148694	-1.79738	-1.06406	0.213276	-1.50015	-0.481685	0.126513	-1.31237	-0.0833457	0.134361	-1.84847	-0.931301	0.215842	-1.65279	-1.35289	0.0711728	-1.56273	-0.660418	0.0651881	-1.49874	-0.3092	0.119093	-1.26228	-0.0978539	0.169342
273	2.71678	-1.69123	-1.41478	0.262503	-1.5459	-1.31875	0.26002	-1.85623	-0.0929443	0.323425	-1.79461	-1.0672	0.313319	-1.72411	-0.464156	0.386575	-1.6928	-0.0348813	0.334922	-1.84608	-0.935937	0.317449	-1.63034	-1.35036	0.4581	-1.6848	-0.670664	0.456956	-1.77413	-0.302079	0.382715	-1.64722	-0.0369137	0.273571	-1.44187	-0.0957895	0.15134	-1.78749	-1.06192	0.212743	-1.48997	-0.479104	0.128339	-1.28289	-0.0889469	0.139667	-1.8385	-0.92914	0.215538	-1.64292	-1.35066	0.070818	-1.55334	-0.657407	0.0658967	-1.48057	-0.306663	0.121387	-1.23382	-0.105693	0.175627
274	2.72677	-1.68112	-1.41278	0.262041	-1.536	-1.3165	0.259544	-1.85576	-0.0938314	0.323478	-1.7848	-1.0651	0.312545	-1.71866	-0.463333	0.38668	-1.69357	-0.0346732	0.334833	-1.8362	-0.933854	0.316955	-1.62037	-1.34825	0.457668	-1.67726	-0.669405	0.457434	-1.77099	-0.302029	0.382808	-1.64716	-0.0368701	0.273663	-1.41477	-0.0957302	0.15413	-1.77749	-1.05971	0.212112	-1.47975	-0.476557	0.130114	-1.25518	-0.0946161	0.144742	-1.82842	-0.926873	0.215169	-1.63295	-1.34829	0.0703874	-1.54338	-0.654411	0.0668294	-1.46297	-0.304483	0.123731	-1.20718	-0.113378	0.181519
275	2.73675	-1.67088	-1.41069	0.261512	-1.52604	-1.31421	0.258993	-1.85539	-0.0947446	0.32351	-1.77489	-1.06297	0.31183	-1.713	-0.462462	0.386817	-1.69538	-0.034181	0.334497	-1.82618	-0.93168	0.316325	-1.61027	-1.3461	0.457195	-1.66952	-0.668092	0.457812	-1.76754	-0.301874	0.382889	-1.64717	-0.0368638	0.27375	-1.38936	-0.0962102	0.156937	-1.76735	-1.05743	0.211489	-1.46929	-0.474057	0.13195	-1.2293	-0.0999637	0.149729	-1.81823	-0.924546	0.214743	-1.62291	-1.34587	0.0698582	-1.53336	-0.651564	0.0675373	-1.44587	-0.302662	0.126036	-1.18235	-0.120265	0.187086
276	2.74674	-1.66048	-1.40852	0.260807	-1.51573	-1.312	0.258463	-1.85506	-0.095817	0.323473	-1.76481	-1.06091	0.311126	-1.7071	-0.461578	0.386914	-1.69594	-0.0340221	0.334489	-1.81607	-0.929577	0.315721	-1.60003	-1.34392	0.456621	-1.66157	-0.666784	0.458058	-1.76407	-0.301741	0.382829	-1.64717	-0.0368474	0.273838	-1.3658	-0.0968755	0.159933	-1.75704	-1.05514	0.210832	-1.4587	-0.471752	0.133741	-1.20561	-0.10493	0.154382	-1.80792	-0.922261	0.214243	-1.61279	-1.34337	0.0693186	-1.5233	-0.648847	0.0680277	-1.42937	-0.301173	0.128208	-1.15948	-0.126411	0.192423
277	2.75673	-1.65007	-1.40633	0.260047	-1.50532	-1.30978	0.257821	-1.85483	-0.0971765	0.323321	-1.75449	-1.05893	0.310395	-1.7009	-0.460699	0.386867	-1.69532	-0.0341866	0.334824	-1.80585	-0.927627	0.315095	-1.5896	-1.34168	0.45593	-1.65342	-0.665518	0.458196	-1.76061	-0.301791	0.382576	-1.64711	-0.0368078	0.27393	-1.34414	-0.0972248	0.163197	-1.74654	-1.05294	0.210098	-1.44793	-0.469589	0.135426	-1.18422	-0.109408	0.158424	-1.79748	-0.920099	0.213654	-1.60258	-1.3409	0.068678	-1.51306	-0.646087	0.0685462	-1.41361	-0.299919	0.130233	-1.13862	-0.131802	0.197091
278	2.76672	-1.6396	-1.40416	0.259352	-1.49483	-1.3075	0.257077	-1.85377	-0.0986216	0.323276	-1.74393	-1.05709	0.309635	-1.69454	-0.459928	0.386633	-1.69493	-0.0343047	0.335021	-1.79549	-0.925841	0.314455	-1.57915	-1.33946	0.455227	-1.64506	-0.664221	0.458204	-1.7566	-0.302138	0.382434	-1.64704	-0.0367552	0.273993	-1.32487	-0.0973594	0.166299	-1.73581	-1.0509	0.209392	-1.43676	-0.46761	0.137023	-1.16517	-0.112959	0.161878	-1.78689	-0.918134	0.213042	-1.59227	-1.33841	0.0679589	-1.50255	-0.643363	0.0693051	-1.39867	-0.298752	0.132179	-1.11987	-0.136196	0.201175
279	2.77671	-1.62901	-1.40207	0.258585	-1.48424	-1.30521	0.256271	-1.85321	-0.100458	0.323364	-1.73317	-1.05538	0.308873	-1.68797	-0.459226	0.386347	-1.69496	-0.0343116	0.335074	-1.78495	-0.924221	0.313845	-1.56864	-1.33726	0.454473	-1.63663	-0.66293	0.458009	-1.75237	-0.302562	0.382407	-1.64701	-0.0366881	0.274029	-1.30819	-0.097403	0.169116	-1.72486	-1.04904	0.208707	-1.42516	-0.465903	0.13841	-1.14837	-0.115015	0.165037	-1.77619	-0.916397	0.212427	-1.58189	-1.33593	0.0671374	-1.49126	-0.641062	0.0703625	-1.38461	-0.29755	0.134066	-1.10334	-0.139142	0.204844
280	2.78669	-1.61834	-1.40008	0.257665	-1.47349	-1.30307	0.255434	-1.85143	-0.102123	0.323855	-1.72221	-1.05382	0.308196	-1.68102	-0.458539	0.386125	-1.69512	-0.0342568	0.335082	-1.77424	-0.922778	0.313217	-1.558	-1.33517	0.453656	-1.62795	-0.661636	0.457825	-1.74793	-0.302976	0.382506	-1.64704	-0.0365959	0.274033	-1.29384	-0.0969513	0.171817	-1.71374	-1.04733	0.208038	-1.41307	-0.464386	0.139768	-1.13382	-0.115543	0.168115	-1.76535	-0.914874	0.211795	-1.57145	-1.33348	0.0662338	-1.47987	-0.638905	0.0713603	-1.37141	-0.296266	0.135932	-1.08896	-0.140117	0.20826
281	2.79668	-1.60755	-1.39819	0.256671	-1.46263	-1.30111	0.254488	-1.84966	-0.103978	0.324685	-1.71107	-1.0524	0.307572	-1.67359	-0.457857	0.386022	-1.6952	-0.0342283	0.335151	-1.76335	-0.921464	0.312574	-1.54719	-1.33316	0.452736	-1.61923	-0.660505	0.457467	-1.74314	-0.303514	0.382731	-1.64717	-0.0364656	0.274047	-1.28161	-0.0956172	0.174329	-1.70242	-1.04579	0.207387	-1.40066	-0.463046	0.141093	-1.12157	-0.114211	0.171116	-1.7543	-0.913464	0.211159	-1.56097	-1.33113	0.0652991	-1.46789	-0.637095	0.072419	-1.35905	-0.294897	0.137779	-1.07654	-0.138719	0.211658
282	2.80667	-1.59664	-1.39635	0.255642	-1.4518	-1.29916	0.253332	-1.84816	-0.106288	0.325764	-1.69971	-1.05111	0.306812	-1.66573	-0.457196	0.385999	-1.69515	-0.0342261	0.335288	-1.75225	-0.920248	0.311866	-1.53616	-1.33129	0.451791	-1.6105	-0.659431	0.456862	-1.73809	-0.304237	0.383141	-1.6474	-0.036286	0.2741	-1.27158	-0.093588	0.176655	-1.69084	-1.04437	0.206704	-1.38808	-0.461859	0.14236	-1.11146	-0.110876	0.173857	-1.74299	-0.912145	0.21047	-1.55042	-1.32889	0.0642765	-1.45502	-0.635708	0.0735585	-1.34744	-0.29338	0.139627	-1.06607	-0.134994	0.21474
283	2.81666	-1.58563	-1.39457	0.254553	-1.44087	-1.2973	0.252072	-1.84671	-0.109082	0.326968	-1.6881	-1.04991	0.305947	-1.65756	-0.456682	0.386108	-1.69505	-0.0342094	0.335427	-1.7409	-0.919161	0.310989	-1.525	-1.3296	0.450747	-1.60137	-0.658494	0.45662	-1.73279	-0.305159	0.383697	-1.64761	-0.036146	0.274208	-1.26369	-0.0909232	0.178963	-1.67898	-1.04308	0.205984	-1.37517	-0.460744	0.143586	-1.10351	-0.10626	0.176311	-1.73139	-0.910943	0.20969	-1.53976	-1.32673	0.0631805	-1.44144	-0.634566	0.074738	-1.33649	-0.291706	0.141404	-1.05756	-0.129488	0.217443
284	2.82665	-1.57455	-1.39287	0.253373	-1.42946	-1.29573	0.25089	-1.84481	-0.112168	0.328263	-1.67624	-1.04878	0.304995	-1.64903	-0.456261	0.386288	-1.69493	-0.0342043	0.335567	-1.72926	-0.918169	0.309946	-1.51372	-1.32807	0.449548	-1.59201	-0.657653	0.456354	-1.72753	-0.306099	0.384236	-1.64777	-0.0360117	0.274382	-1.2579	-0.087701	0.181238	-1.6668	-1.04187	0.20516	-1.36188	-0.459636	0.144887	-1.09771	-0.100655	0.178692	-1.71947	-0.90977	0.208767	-1.52898	-1.32473	0.0620479	-1.42772	-0.633302	0.0756904	-1.32621	-0.289783	0.143046	-1.05106	-0.122539	0.219986
285	2.83664	-1.56341	-1.39121	0.252118	-1.41793	-1.29442	0.249606	-1.84262	-0.11551	0.329602	-1.66413	-1.04767	0.303843	-1.64006	-0.455934	0.386517	-1.69475	-0.0342262	0.33573	-1.71734	-0.917133	0.308799	-1.50231	-1.32671	0.448252	-1.58238	-0.656889	0.456036	-1.72202	-0.307118	0.384795	-1.6478	-0.0360207	0.274503	-1.25407	-0.0844035	0.182897	-1.6543	-1.04061	0.204093	-1.34843	-0.458375	0.146182	-1.09361	-0.0934984	0.1812	-1.70717	-0.908554	0.207677	-1.51802	-1.32283	0.0607964	-1.4137	-0.632197	0.0764454	-1.31671	-0.287648	0.144521	-1.04621	-0.114035	0.222911
286	2.84662	-1.55218	-1.38957	0.25075	-1.40629	-1.29324	0.248279	-1.84048	-0.119413	0.331081	-1.65184	-1.04659	0.30258	-1.63061	-0.455643	0.386747	-1.69464	-0.034248	0.335872	-1.70519	-0.916102	0.307506	-1.49077	-1.32547	0.44686	-1.57239	-0.656224	0.455681	-1.71469	-0.308724	0.385781	-1.6478	-0.036081	0.274508	-1.25062	-0.0817757	0.184179	-1.64164	-1.03938	0.202875	-1.33518	-0.457017	0.147423	-1.09001	-0.0844951	0.183926	-1.69466	-0.907379	0.206431	-1.50694	-1.32104	0.0593819	-1.40018	-0.631142	0.0770434	-1.30789	-0.285584	0.146242	-1.04156	-0.102997	0.226525
287	2.85661	-1.54091	-1.38815	0.249191	-1.39454	-1.29207	0.246889	-1.83846	-0.123876	0.332771	-1.63941	-1.04564	0.301441	-1.62071	-0.455424	0.386905	-1.69457	-0.0342541	0.335984	-1.69292	-0.915221	0.306172	-1.47914	-1.32435	0.44537	-1.56194	-0.655547	0.455145	-1.70735	-0.310491	0.386676	-1.64791	-0.0360858	0.274521	-1.2455	-0.0809592	0.185229	-1.62899	-1.03847	0.20174	-1.32248	-0.456194	0.148515	-1.08559	-0.0751091	0.186005	-1.68216	-0.906532	0.205069	-1.49568	-1.31938	0.0579019	-1.38697	-0.63074	0.077335	-1.29878	-0.284566	0.14837	-1.03512	-0.0896407	0.229498
288	2.8666	-1.52951	-1.38719	0.247509	-1.38281	-1.29109	0.245408	-1.83498	-0.128436	0.334814	-1.62677	-1.04502	0.300684	-1.61024	-0.455385	0.386855	-1.69445	-0.0342728	0.336076	-1.6805	-0.914689	0.304862	-1.46749	-1.3235	0.443867	-1.55095	-0.654803	0.454233	-1.70008	-0.312509	0.387404	-1.64804	-0.0361186	0.274572	-1.23939	-0.0812495	0.186012	-1.61615	-1.03816	0.200928	-1.30984	-0.456981	0.149261	-1.08049	-0.0684346	0.186486	-1.66954	-0.906305	0.203718	-1.48409	-1.3179	0.056432	-1.37356	-0.6311	0.0774283	-1.28805	-0.285593	0.149878	-1.02785	-0.0780409	0.230448
289	2.87659	-1.51789	-1.3868	0.245841	-1.37116	-1.29043	0.243814	-1.83014	-0.133341	0.337076	-1.61413	-1.04469	0.300484	-1.59902	-0.45562	0.38675	-1.69434	-0.0343293	0.336134	-1.66789	-0.914374	0.303905	-1.45583	-1.32296	0.442453	-1.53922	-0.654165	0.453274	-1.69148	-0.315105	0.388424	-1.64812	-0.0362374	0.274646	-1.23433	-0.0816638	0.186245	-1.60331	-1.03836	0.200669	-1.29637	-0.459305	0.14969	-1.07577	-0.0632867	0.186112	-1.65678	-0.90651	0.202751	-1.47232	-1.31674	0.0549078	-1.36092	-0.631812	0.0774273	-1.27579	-0.287691	0.149523	-1.02212	-0.069733	0.231451
290	2.88658	-1.506	-1.38691	0.244211	-1.35909	-1.29037	0.242347	-1.82512	-0.138932	0.33941	-1.60181	-1.04453	0.300834	-1.58676	-0.456011	0.386803	-1.69417	-0.0344671	0.336163	-1.65508	-0.913966	0.303537	-1.44409	-1.3228	0.441087	-1.52639	-0.653839	0.453007	-1.68206	-0.317951	0.389595	-1.64826	-0.0362918	0.274745	-1.23056	-0.0817716	0.186112	-1.59098	-1.03877	0.200996	-1.28182	-0.46181	0.149928	-1.0728	-0.0576958	0.186238	-1.64397	-0.906699	0.202382	-1.46046	-1.31601	0.0533009	-1.34736	-0.633225	0.0774816	-1.26355	-0.289042	0.148206	-1.01853	-0.0614256	0.23231
291	2.89656	-1.49404	-1.3873	0.242625	-1.3471	-1.29075	0.240793	-1.81959	-0.145186	0.341901	-1.58977	-1.04438	0.301472	-1.57335	-0.456485	0.387069	-1.694	-0.0346587	0.336082	-1.64221	-0.913483	0.303709	-1.43223	-1.32307	0.439676	-1.51285	-0.653716	0.452847	-1.67182	-0.321063	0.390908	-1.64849	-0.0363114	0.274838	-1.2277	-0.0815171	0.1859	-1.57913	-1.03914	0.201643	-1.26688	-0.463405	0.150015	-1.0703	-0.0522666	0.186354	-1.63126	-0.90675	0.202554	-1.44853	-1.31572	0.0517652	-1.3332	-0.634911	0.0777878	-1.25293	-0.289134	0.146928	-1.01626	-0.0529966	0.233736
292	2.90655	-1.48218	-1.38786	0.24112	-1.33497	-1.29167	0.239371	-1.81212	-0.151725	0.344629	-1.57778	-1.04436	0.302096	-1.55851	-0.456981	0.387532	-1.69382	-0.0348354	0.335842	-1.62937	-0.913131	0.304099	-1.42027	-1.32381	0.438244	-1.4988	-0.653569	0.452445	-1.66041	-0.324533	0.392375	-1.64881	-0.0363461	0.274936	-1.22509	-0.0811412	0.185892	-1.56738	-1.0395	0.202249	-1.25283	-0.464	0.150035	-1.06693	-0.0487903	0.185305	-1.61866	-0.906779	0.202905	-1.43668	-1.31585	0.050283	-1.31858	-0.636855	0.0781227	-1.24426	-0.288891	0.14617	-1.01433	-0.046686	0.23574
293	2.91654	-1.47046	-1.38861	0.239649	-1.32315	-1.29291	0.237878	-1.80322	-0.15854	0.347382	-1.56566	-1.04463	0.302425	-1.54216	-0.457269	0.388267	-1.69366	-0.0349729	0.335433	-1.61662	-0.913147	0.304287	-1.4083	-1.325	0.436834	-1.4842	-0.653316	0.451909	-1.6474	-0.328128	0.394061	-1.64915	-0.0364158	0.275044	-1.2231	-0.0813048	0.186043	-1.55541	-1.03999	0.202549	-1.24053	-0.464223	0.15006	-1.0639	-0.0464607	0.183746	-1.60611	-0.90703	0.203066	-1.42489	-1.31638	0.0488516	-1.30438	-0.639038	0.0780032	-1.23707	-0.289164	0.146095	-1.01275	-0.0427609	0.236579
294	2.92653	-1.45884	-1.38961	0.238146	-1.31153	-1.29439	0.236441	-1.79144	-0.16539	0.350213	-1.55345	-1.04521	0.302435	-1.5244	-0.457118	0.389518	-1.69348	-0.0350644	0.33483	-1.60395	-0.913552	0.304085	-1.39635	-1.32657	0.435438	-1.46914	-0.653004	0.451419	-1.63261	-0.331442	0.396059	-1.6493	-0.0364538	0.275086	-1.22211	-0.0818462	0.186147	-1.54331	-1.04082	0.202525	-1.22999	-0.464719	0.150055	-1.06164	-0.0444473	0.182518	-1.59355	-0.907695	0.202812	-1.41311	-1.31727	0.0474678	-1.29127	-0.640944	0.0774401	-1.23078	-0.289747	0.146083	-1.01164	-0.0392523	0.237196
295	2.93652	-1.44723	-1.39079	0.236663	-1.29984	-1.29599	0.235175	-1.77845	-0.172172	0.352927	-1.54141	-1.046	0.30214	-1.5055	-0.456474	0.391324	-1.69299	-0.0352872	0.334057	-1.59147	-0.91417	0.303429	-1.38438	-1.32837	0.43406	-1.45381	-0.652548	0.450799	-1.61621	-0.334326	0.39834	-1.64891	-0.0363578	0.274997	-1.22148	-0.0821348	0.186305	-1.53131	-1.04194	0.202257	-1.22092	-0.465181	0.149969	-1.06002	-0.0426766	0.181775	-1.58107	-0.908654	0.202131	-1.40121	-1.31844	0.046129	-1.27943	-0.642111	0.0767354	-1.22526	-0.29014	0.146205	-1.0111	-0.0365404	0.238001
296	2.9465	-1.43567	-1.39208	0.235215	-1.28799	-1.29773	0.234094	-1.7653	-0.178916	0.355442	-1.52959	-1.04693	0.301505	-1.48579	-0.455431	0.393426	-1.69123	-0.0359127	0.333329	-1.57929	-0.914938	0.302296	-1.37245	-1.33036	0.43275	-1.43829	-0.651944	0.450076	-1.5983	-0.336616	0.400665	-1.64756	-0.0359818	0.274924	-1.22085	-0.0821904	0.186534	-1.51943	-1.04323	0.201606	-1.21305	-0.465034	0.149791	-1.05878	-0.0411903	0.181296	-1.56885	-0.909794	0.201021	-1.38914	-1.31985	0.0448706	-1.269	-0.642545	0.076004	-1.22045	-0.290138	0.146594	-1.01072	-0.0349914	0.238847
297	2.95649	-1.42421	-1.39345	0.233813	-1.27617	-1.29943	0.233148	-1.75077	-0.18628	0.358143	-1.51803	-1.04795	0.300554	-1.46545	-0.454266	0.395564	-1.68729	-0.0368102	0.333249	-1.5675	-0.915864	0.300713	-1.36086	-1.33245	0.431509	-1.42206	-0.651596	0.450149	-1.57914	-0.338646	0.40306	-1.64499	-0.0351289	0.275133	-1.22036	-0.0822019	0.186727	-1.50763	-1.04466	0.200605	-1.20628	-0.464369	0.149542	-1.05789	-0.0400475	0.180867	-1.55685	-0.91111	0.199455	-1.37691	-1.32137	0.0437146	-1.26008	-0.642325	0.075467	-1.21626	-0.290062	0.146908	-1.01045	-0.0344185	0.23931
298	2.96648	-1.41278	-1.39488	0.232508	-1.26465	-1.30097	0.232258	-1.73484	-0.194784	0.360609	-1.50667	-1.04903	0.299418	-1.44438	-0.453188	0.397761	-1.68121	-0.0374429	0.334881	-1.55611	-0.916945	0.298854	-1.34972	-1.33454	0.43034	-1.40532	-0.651497	0.450664	-1.55916	-0.340949	0.405398	-1.64137	-0.0337283	0.276076	-1.22011	-0.0822768	0.186897	-1.4959	-1.04619	0.199408	-1.20029	-0.463793	0.149243	-1.05724	-0.0391963	0.180558	-1.54517	-0.912631	0.197553	-1.36457	-1.32293	0.0426311	-1.25237	-0.641802	0.0751658	-1.21254	-0.290106	0.147106	-1.01032	-0.0342502	0.239491
299	2.97647	-1.40138	-1.39641	0.231292	-1.25311	-1.30251	0.231664	-1.71778	-0.204132	0.362658	-1.49552	-1.05017	0.298226	-1.42259	-0.452444	0.400091	-1.67388	-0.0394328	0.337011	-1.5451	-0.918151	0.296972	-1.33894	-1.33656	0.429283	-1.38869	-0.651628	0.450981	-1.53871	-0.343834	0.40751	-1.6367	-0.0321254	0.279211	-1.22002	-0.0823974	0.187126	-1.48439	-1.04773	0.198207	-1.19463	-0.463682	0.148927	-1.05669	-0.0384956	0.180262	-1.53386	-0.914272	0.195508	-1.35212	-1.32453	0.0416672	-1.24492	-0.641613	0.074768	-1.20933	-0.290239	0.147077	-1.0102	-0.0341383	0.239594
300	2.98646	-1.38998	-1.39804	0.230132	-1.2415	-1.30409	0.231278	-1.70004	-0.213578	0.364094	-1.48459	-1.05134	0.29713	-1.40029	-0.452271	0.402479	-1.66428	-0.0451078	0.338725	-1.53435	-0.919424	0.295293	-1.3283	-1.3385	0.428412	-1.3722	-0.652026	0.451075	-1.51772	-0.347056	0.409322	-1.62894	-0.0317716	0.286493	-1.21996	-0.0824407	0.187319	-1.47322	-1.04926	0.197163	-1.18894	-0.463836	0.148686	-1.05626	-0.0378399	0.179892	-1.52284	-0.91592	0.193859	-1.33957	-1.32615	0.0407725	-1.23728	-0.641831	0.0742121	-1.2066	-0.29037	0.146837	-1.01011	-0.0340377	0.239605
301	2.99645	-1.37861	-1.39976	0.229004	-1.23002	-1.30573	0.23114	-1.68166	-0.222562	0.364499	-1.47386	-1.05258	0.296275	-1.37776	-0.452677	0.404683	-1.65173	-0.0524337	0.343299	-1.52374	-0.920714	0.294012	-1.31794	-1.34036	0.427722	-1.35556	-0.652836	0.451429	-1.49613	-0.350318	0.410838	-1.61581	-0.0342547	0.297837	-1.21991	-0.0824193	0.187314	-1.46237	-1.05076	0.196363	-1.18344	-0.463757	0.148397	-1.0559	-0.0372215	0.179474	-1.51209	-0.917496	0.192722	-1.32691	-1.32778	0.0399817	-1.22955	-0.642296	0.0735792	-1.20417	-0.290419	0.146483	-1.01007	-0.0339714	0.239563
302	3.00643	-1.36734	-1.40153	0.227973	-1.21891	-1.30723	0.231194	-1.66278	-0.231278	0.363722	-1.46326	-1.05391	0.295706	-1.35516	-0.453791	0.406628	-1.63512	-0.0595196	0.352936	-1.5132	-0.922057	0.293213	-1.30786	-1.34213	0.427184	-1.33917	-0.65407	0.451928	-1.47436	-0.353732	0.411972	-1.59739	-0.038628	0.308871	-1.21985	-0.0824129	0.18719	-1.45183	-1.05227	0.195786	-1.1785	-0.46338	0.147813	-1.05562	-0.036701	0.179048	-1.50157	-0.918977	0.192033	-1.31433	-1.3295	0.0393624	-1.22185	-0.642888	0.072939	-1.20178	-0.290371	0.146023	-1.01001	-0.0339288	0.239524
303	3.01642	-1.35617	-1.40331	0.227101	-1.20801	-1.30874	0.231243	-1.64265	-0.239009	0.36224	-1.45278	-1.05535	0.295318	-1.33287	-0.455699	0.408269	-1.61471	-0.0662238	0.3628	-1.50273	-0.92352	0.292798	-1.29802	-1.34379	0.426774	-1.32308	-0.655691	0.452363	-1.45282	-0.357584	0.412574	-1.57608	-0.0428101	0.320028	-1.21985	-0.0825006	0.186955	-1.44155	-1.05379	0.195345	-1.17425	-0.462946	0.147121	-1.0554	-0.0362396	0.178622	-1.49129	-0.920471	0.191624	-1.30186	-1.33129	0.0388667	-1.2139	-0.643712	0.0722258	-1.19929	-0.290179	0.145558	-1.00997	-0.0338897	0.239484
304	3.02641	-1.34514	-1.40512	0.226368	-1.19725	-1.31033	0.231409	-1.62091	-0.244637	0.360939	-1.44238	-1.05689	0.295016	-1.31095	-0.458285	0.409721	-1.59151	-0.0719945	0.371008	-1.49234	-0.925093	0.292642	-1.28842	-1.34541	0.426385	-1.30701	-0.6577	0.452785	-1.43136	-0.361888	0.412586	-1.55243	-0.0463821	0.330613	-1.21982	-0.082566	0.186814	-1.43148	-1.05535	0.195022	-1.1705	-0.462568	0.146491	-1.05525	-0.0358335	0.178204	-1.48123	-0.922038	0.191315	-1.28964	-1.33311	0.0383889	-1.20637	-0.644491	0.0714632	-1.1968	-0.289899	0.145152	-1.00993	-0.0338497	0.239469
305	3.0364	-1.33422	-1.40693	0.225726	-1.18641	-1.31206	0.231791	-1.59808	-0.248074	0.36011	-1.43207	-1.0586	0.294678	-1.28938	-0.461285	0.411055	-1.56581	-0.0767071	0.378368	-1.48204	-0.926774	0.292609	-1.27899	-1.34701	0.426061	-1.29112	-0.659977	0.453299	-1.40964	-0.366245	0.412402	-1.52652	-0.0494338	0.339499	-1.21976	-0.0826428	0.186729	-1.42153	-1.05695	0.194603	-1.16693	-0.462308	0.145936	-1.05512	-0.0355227	0.177876	-1.47132	-0.923647	0.191071	-1.27761	-1.33501	0.0380113	-1.19942	-0.645001	0.0707759	-1.19447	-0.289667	0.14474	-1.00991	-0.0338185	0.239475
306	3.04639	-1.32341	-1.40876	0.225123	-1.17584	-1.31377	0.232021	-1.5744	-0.249487	0.360066	-1.42187	-1.06049	0.294221	-1.26807	-0.464515	0.412177	-1.53792	-0.0803766	0.384481	-1.4718	-0.928584	0.292561	-1.26967	-1.34858	0.425788	-1.27533	-0.662389	0.453784	-1.38747	-0.370187	0.41249	-1.49841	-0.0519124	0.346312	-1.21965	-0.0826828	0.18672	-1.41165	-1.05856	0.19404	-1.16335	-0.462067	0.145484	-1.05503	-0.0353147	0.177656	-1.46144	-0.925305	0.191009	-1.26574	-1.33701	0.0376656	-1.19308	-0.645315	0.0701805	-1.19246	-0.289541	0.144355	-1.00987	-0.0337932	0.239522
307	3.05637	-1.31269	-1.41058	0.224566	-1.16547	-1.3155	0.232152	-1.55007	-0.249156	0.360519	-1.41177	-1.06242	0.293525	-1.24698	-0.467863	0.41297	-1.508	-0.0825024	0.388884	-1.46158	-0.93046	0.292424	-1.26041	-1.35014	0.425529	-1.25951	-0.664827	0.45423	-1.36497	-0.373327	0.412803	-1.46841	-0.0536287	0.351326	-1.21948	-0.0826878	0.186847	-1.40181	-1.06013	0.193349	-1.15999	-0.461818	0.145179	-1.05493	-0.0351246	0.177493	-1.45147	-0.9268	0.190982	-1.25405	-1.3391	0.0373801	-1.18718	-0.64552	0.069708	-1.1908	-0.289492	0.144156	-1.00985	-0.0337892	0.239533
308	3.06636	-1.30204	-1.41239	0.224106	-1.15514	-1.3172	0.232322	-1.52499	-0.247178	0.361426	-1.40173	-1.0643	0.292703	-1.22608	-0.4712	0.41327	-1.47657	-0.0831477	0.391866	-1.4514	-0.932284	0.292253	-1.25115	-1.35167	0.425284	-1.24364	-0.667348	0.454713	-1.3422	-0.375491	0.41323	-1.43675	-0.0544384	0.354905	-1.21937	-0.0827283	0.186982	-1.39203	-1.06165	0.192512	-1.15706	-0.4616	0.144936	-1.05486	-0.0349697	0.177363	-1.44151	-0.928241	0.190859	-1.24251	-1.34127	0.0371337	-1.18157	-0.645665	0.069318	-1.18953	-0.289511	0.144086	-1.00984	-0.0337914	0.239515
309	3.07635	-1.29147	-1.41413	0.223699	-1.14486	-1.31887	0.232489	-1.49916	-0.243569	0.362588	-1.39175	-1.06608	0.291909	-1.20539	-0.474437	0.413115	-1.44395	-0.0825286	0.393949	-1.44127	-0.934009	0.292076	-1.24186	-1.35315	0.425026	-1.22786	-0.669934	0.455272	-1.31925	-0.376633	0.413795	-1.40359	-0.0543602	0.357347	-1.21931	-0.0827881	0.187071	-1.38231	-1.06306	0.191642	-1.15456	-0.461383	0.144604	-1.05484	-0.034838	0.177245	-1.43161	-0.929587	0.190673	-1.23119	-1.34349	0.036876	-1.1762	-0.645779	0.0689069	-1.18852	-0.289492	0.144049	-1.00983	-0.0337956	0.239477
310	3.08634	-1.28098	-1.41578	0.223323	-1.13458	-1.32049	0.232705	-1.47262	-0.238425	0.363961	-1.3818	-1.06773	0.291195	-1.18486	-0.477519	0.41276	-1.41008	-0.0808718	0.395196	-1.43121	-0.935602	0.291898	-1.23256	-1.35459	0.424776	-1.21211	-0.672583	0.455802	-1.29618	-0.376817	0.414471	-1.36903	-0.0535452	0.358898	-1.21924	-0.082838	0.187168	-1.37263	-1.06435	0.190901	-1.15244	-0.461207	0.144123	-1.05487	-0.0347622	0.177146	-1.42181	-0.930809	0.190401	-1.21995	-1.34566	0.0366494	-1.17101	-0.645953	0.068468	-1.1876	-0.289464	0.143983	-1.0098	-0.0338118	0.239431
311	3.09633	-1.27057	-1.41732	0.222998	-1.12441	-1.32205	0.232824	-1.44539	-0.231845	0.365477	-1.3719	-1.0692	0.290548	-1.16447	-0.48034	0.412416	-1.37496	-0.0784332	0.395647	-1.42123	-0.936991	0.291729	-1.2232	-1.35597	0.424585	-1.1963	-0.675381	0.456319	-1.27302	-0.376027	0.415144	-1.33332	-0.052271	0.359587	-1.21922	-0.0829385	0.187184	-1.36296	-1.0655	0.190236	-1.15049	-0.461079	0.143592	-1.05486	-0.0346652	0.177036	-1.4121	-0.9319	0.190052	-1.20881	-1.34777	0.0365139	-1.16596	-0.646068	0.0680288	-1.18666	-0.289445	0.143848	-1.00979	-0.0338163	0.239358
312	3.10632	-1.26019	-1.41872	0.222758	-1.11439	-1.32349	0.232952	-1.41749	-0.224162	0.366914	-1.36205	-1.07048	0.29003	-1.14444	-0.482987	0.412208	-1.33897	-0.0753225	0.395575	-1.41132	-0.938236	0.291695	-1.21374	-1.3572	0.4244	-1.18044	-0.678298	0.456856	-1.24991	-0.374591	0.415786	-1.29647	-0.0508199	0.35963	-1.21922	-0.0830397	0.187153	-1.35331	-1.06648	0.1897	-1.14839	-0.460946	0.143189	-1.05484	-0.0345878	0.176926	-1.40242	-0.932928	0.189991	-1.19775	-1.34982	0.0364025	-1.16086	-0.646211	0.0676521	-1.18564	-0.28944	0.143592	-1.00979	-0.0338185	0.239267
313	3.1163	-1.24983	-1.41999	0.222601	-1.10444	-1.3247	0.233109	-1.38894	-0.215547	0.368226	-1.35228	-1.07159	0.28969	-1.1249	-0.485504	0.41202	-1.30227	-0.0717827	0.395374	-1.40146	-0.939339	0.291843	-1.20426	-1.35828	0.424311	-1.16449	-0.681132	0.457492	-1.22683	-0.372725	0.416353	-1.25776	-0.0494765	0.359645	-1.21915	-0.0831042	0.187193	-1.34371	-1.06734	0.189394	-1.14626	-0.460822	0.142801	-1.05483	-0.0345235	0.176798	-1.39276	-0.933822	0.190324	-1.18674	-1.35169	0.036366	-1.15582	-0.646396	0.0672615	-1.18454	-0.28943	0.143265	-1.00977	-0.0338336	0.239229
314	3.12629	-1.23952	-1.42111	0.222506	-1.09422	-1.32584	0.233446	-1.35964	-0.206076	0.369447	-1.34261	-1.07255	0.289476	-1.10588	-0.487947	0.411715	-1.26434	-0.068209	0.39527	-1.39159	-0.940306	0.292176	-1.19475	-1.35919	0.424252	-1.1488	-0.683799	0.45817	-1.20374	-0.370374	0.416814	-1.21825	-0.0482728	0.359535	-1.21913	-0.0832428	0.187139	-1.33414	-1.06805	0.189205	-1.14413	-0.460694	0.14236	-1.05481	-0.034444	0.176656	-1.38313	-0.934464	0.190812	-1.1758	-1.35339	0.0363883	-1.15074	-0.646534	0.0668932	-1.18342	-0.289388	0.142943	-1.00975	-0.0338394	0.239164
315	3.13628	-1.22926	-1.42203	0.222442	-1.08409	-1.32677	0.233799	-1.32948	-0.195926	0.370625	-1.33285	-1.07337	0.289456	-1.08753	-0.49036	0.411201	-1.22551	-0.0646851	0.395304	-1.38175	-0.941133	0.292687	-1.18525	-1.35992	0.424246	-1.13299	-0.686456	0.458699	-1.18073	-0.367566	0.417052	-1.17871	-0.047298	0.359437	-1.21919	-0.0834691	0.187007	-1.32464	-1.06861	0.189172	-1.14198	-0.460455	0.141962	-1.0548	-0.0343725	0.176522	-1.37361	-0.934992	0.191299	-1.165	-1.35486	0.0364656	-1.14552	-0.646688	0.0665826	-1.18235	-0.28936	0.142701	-1.00972	-0.033848	0.23907
316	3.14627	-1.21903	-1.42277	0.222423	-1.07401	-1.32752	0.234205	-1.29844	-0.185478	0.371665	-1.32298	-1.07403	0.289568	-1.06987	-0.492717	0.410396	-1.18599	-0.0614411	0.39546	-1.37194	-0.941846	0.293355	-1.17578	-1.36046	0.42431	-1.1173	-0.688965	0.459067	-1.15784	-0.364406	0.416989	-1.13857	-0.0468378	0.359679	-1.21912	-0.0836031	0.186987	-1.31516	-1.06902	0.189257	-1.13991	-0.460191	0.141638	-1.05481	-0.0343194	0.176415	-1.36415	-0.935452	0.191897	-1.15424	-1.3561	0.0366468	-1.14033	-0.646904	0.0663058	-1.18143	-0.289391	0.142521	-1.00972	-0.0338764	0.238962
317	3.15626	-1.2088	-1.42329	0.2225	-1.06389	-1.32801	0.234684	-1.26672	-0.174983	0.372543	-1.31312	-1.07459	0.289811	-1.05291	-0.494878	0.409303	-1.14651	-0.0584461	0.395971	-1.36209	-0.942405	0.294159	-1.16634	-1.36077	0.424385	-1.10211	-0.691234	0.459309	-1.13522	-0.361229	0.416879	-1.09818	-0.0467602	0.360263	-1.21897	-0.08368	0.187018	-1.30571	-1.06925	0.189477	-1.13797	-0.459984	0.141344	-1.05485	-0.0342844	0.176321	-1.35465	-0.935742	0.192707	-1.14343	-1.35712	0.0368893	-1.13527	-0.64714	0.0660182	-1.18061	-0.289438	0.142434	-1.00971	-0.0339152	0.238846
318	3.16624	-1.19855	-1.42362	0.22263	-1.05384	-1.32825	0.235169	-1.23434	-0.16454	0.373448	-1.30325	-1.07498	0.290092	-1.03667	-0.496627	0.408094	-1.10697	-0.0559959	0.39691	-1.35219	-0.942773	0.295068	-1.15697	-1.36089	0.424477	-1.0876	-0.693152	0.459301	-1.11296	-0.358095	0.416733	-1.05777	-0.0471078	0.361107	-1.21888	-0.0837491	0.187082	-1.29627	-1.06934	0.189802	-1.13609	-0.459789	0.141141	-1.05489	-0.0342636	0.176228	-1.34511	-0.935812	0.193659	-1.13264	-1.3579	0.03717	-1.12993	-0.647354	0.0658356	-1.17985	-0.28948	0.142418	-1.00972	-0.0339277	0.238714
319	3.17623	-1.18827	-1.42374	0.222846	-1.04377	-1.32827	0.235673	-1.20124	-0.15427	0.374449	-1.29334	-1.07518	0.290451	-1.02117	-0.497905	0.406886	-1.06742	-0.0542125	0.398078	-1.34225	-0.942963	0.295976	-1.14761	-1.36078	0.424678	-1.07381	-0.694611	0.459057	-1.09107	-0.354895	0.416449	-1.01748	-0.048119	0.36219	-1.21889	-0.083855	0.18713	-1.28678	-1.06924	0.190112	-1.13421	-0.459601	0.141016	-1.05495	-0.0342384	0.176125	-1.33556	-0.935693	0.194532	-1.12183	-1.3584	0.0374526	-1.12547	-0.647264	0.0654664	-1.17906	-0.289507	0.142438	-1.00971	-0.0339459	0.238583
320	3.18622	-1.17798	-1.42367	0.223143	-1.03361	-1.32808	0.236289	-1.16746	-0.144385	0.375493	-1.28335	-1.07516	0.290838	-1.00646	-0.498724	0.405643	-1.02781	-0.0533118	0.39945	-1.33229	-0.94299	0.296876	-1.13815	-1.36044	0.424975	-1.06086	-0.695464	0.458525	-1.0695	-0.35167	0.416021	-0.977429	-0.0500239	0.363429	-1.21892	-0.0839401	0.187253	-1.27721	-1.06896	0.190455	-1.13246	-0.459471	0.140776	-1.05498	-0.0342063	0.176029	-1.32599	-0.935439	0.195388	-1.11098	-1.35867	0.0378149	-1.12001	-0.647335	0.0654449	-1.17828	-0.289578	0.142451	-1.0097	-0.0339592	0.238393
321	3.19621	-1.1677	-1.42342	0.223438	-1.02349	-1.32776	0.236914	-1.13301	-0.135037	0.376582	-1.27329	-1.07494	0.291202	-0.99246	-0.499119	0.404395	-0.988284	-0.0530823	0.400769	-1.32227	-0.942823	0.297785	-1.1286	-1.35995	0.425441	-1.04869	-0.695696	0.457849	-1.04825	-0.34843	0.41553	-0.937667	-0.0528188	0.364705	-1.21872	-0.0838454	0.187715	-1.26753	-1.06856	0.190868	-1.13084	-0.459453	0.140357	-1.05501	-0.034155	0.175925	-1.3163	-0.935045	0.196276	-1.10023	-1.35873	0.0382616	-1.11638	-0.646651	0.0648673	-1.17756	-0.289753	0.142414	-1.00968	-0.0339609	0.238125
