sample_id,DB,Participant,Trial,Leg_Used,analysis,method,fold,true_label,predicted_label,correct,predicted_probability
1,DB1,P27,DB1_P27_C3_T01_relabeled,L,primary,wf2_featurewise,1,DB1,DB1,True,0.9950679540634155
8,DB5,P05,DB5_P05_T22_l_slow_relabeled,L,primary,wf2_featurewise,1,DB5,DB5,True,0.9999551773071289
19,DB5,P05,DB5_P05_T36_r_slow_relabeled,L,primary,wf2_featurewise,1,DB5,DB5,True,0.9999234676361084
20,DB4,P55,DB4_P55_T04_relabeled,R,primary,wf2_featurewise,1,DB4,DB4,True,0.9992343187332153
28,DB5,P08,DB5_P08_T03_r_fast_relabeled,L,primary,wf2_featurewise,1,DB5,DB5,True,0.9999368190765381
33,DB5,P08,DB5_P08_T07_r_comf_relabeled,L,primary,wf2_featurewise,1,DB5,DB5,True,0.9999172687530518
35,DB4,P55,DB4_P55_T14_relabeled,R,primary,wf2_featurewise,1,DB4,DB4,True,0.9993768334388733
39,DB2,P08,DB2_P08_T02_-130_relabeled,L,primary,wf2_featurewise,1,DB2,DB2,True,0.9956113696098328
40,DB4,P24,DB4_P24_T21_relabeled,R,primary,wf2_featurewise,1,DB4,DB4,True,0.9953622221946716
41,DB4,P22,DB4_P22_T05_relabeled,R,primary,wf2_featurewise,1,DB4,DB4,True,0.9965164661407471
46,DB3,P01,DB3_P01_A_T12_relabeled,L,primary,wf2_featurewise,1,DB3,DB3,True,0.9775760173797607
50,DB5,P17,DB5_P17_T37_r_slow_relabeled,L,primary,wf2_featurewise,1,DB5,DB5,True,0.9998447895050049
60,DB5,P17,DB5_P17_T12_r_comf_relabeled,L,primary,wf2_featurewise,1,DB5,DB5,True,0.9994839429855347
62,DB2,P13,DB2_P13_T02_-130_relabeled,L,primary,wf2_featurewise,1,DB2,DB2,True,0.9975071549415588
63,DB5,P05,DB5_P05_T27_l_slow_relabeled,L,primary,wf2_featurewise,1,DB5,DB5,True,0.9999567270278931
65,DB4,P07,DB4_P07_T20_relabeled,R,primary,wf2_featurewise,1,DB4,DB4,True,0.9982927441596985
68,DB4,P51,DB4_P51_T11_relabeled,R,primary,wf2_featurewise,1,DB4,DB4,True,0.9995110034942627
86,DB4,P17,DB4_P17_T20_relabeled,R,primary,wf2_featurewise,1,DB4,DB4,True,0.9996249675750732
91,DB4,P22,DB4_P22_T15_relabeled,L,primary,wf2_featurewise,1,DB4,DB4,True,0.9945006370544434
95,DB4,P07,DB4_P07_T19_relabeled,R,primary,wf2_featurewise,1,DB4,DB4,True,0.998359739780426
97,DB4,P24,DB4_P24_T12_relabeled,L,primary,wf2_featurewise,1,DB4,DB4,True,0.9918510317802429
102,DB5,P17,DB5_P17_T04_l_comf_relabeled,L,primary,wf2_featurewise,1,DB5,DB5,True,0.9999080896377563
103,DB5,P08,DB5_P08_T02_r_comf_relabeled,L,primary,wf2_featurewise,1,DB5,DB5,True,0.9998611211776733
106,DB1,P29,DB1_P29_C2_T03_relabeled,L,primary,wf2_featurewise,1,DB1,DB1,True,0.9977464079856873
109,DB4,P11,DB4_P11_T17_relabeled,L,primary,wf2_featurewise,1,DB4,DB4,True,0.982542872428894
110,DB1,P27,DB1_P27_C2_T01_relabeled,L,primary,wf2_featurewise,1,DB1,DB1,True,0.9965482354164124
113,DB5,P11,DB5_P11_T21_r_comf_relabeled,L,primary,wf2_featurewise,1,DB5,DB5,True,0.9999033212661743
116,DB4,P07,DB4_P07_T03_relabeled,R,primary,wf2_featurewise,1,DB4,DB4,True,0.9975849390029907
119,DB2,P08,DB2_P08_T05_65_relabeled,L,primary,wf2_featurewise,1,DB2,DB2,True,0.9964184761047363
143,DB3,P02,DB3_P02_A_T01_relabeled,R,primary,wf2_featurewise,1,DB3,DB3,True,0.9945999383926392
153,DB4,P51,DB4_P51_T19_relabeled,R,primary,wf2_featurewise,1,DB4,DB4,True,0.9996082186698914
160,DB4,P29,DB4_P29_T14_relabeled,R,primary,wf2_featurewise,1,DB4,DB4,True,0.9983345866203308
162,DB4,P07,DB4_P07_T15_relabeled,R,primary,wf2_featurewise,1,DB4,DB4,True,0.9984073042869568
163,DB4,P22,DB4_P22_T06_relabeled,L,primary,wf2_featurewise,1,DB4,DB4,True,0.9932984709739685
164,DB5,P11,DB5_P11_T37_r_slow_relabeled,L,primary,wf2_featurewise,1,DB5,DB5,True,0.9999107122421265
165,DB3,P09,DB3_P09_A_T13,L,primary,wf2_featurewise,1,DB3,DB3,True,0.9883010983467102
166,DB5,P05,DB5_P05_T30_l_slow_relabeled,L,primary,wf2_featurewise,1,DB5,DB5,True,0.9999570846557617
174,DB4,P17,DB4_P17_T02_relabeled,R,primary,wf2_featurewise,1,DB4,DB4,True,0.9989920258522034
176,DB1,P29,DB1_P29_C1_T02_relabeled,L,primary,wf2_featurewise,1,DB1,DB1,True,0.9838696122169495
183,DB4,P24,DB4_P24_T23_relabeled,R,primary,wf2_featurewise,1,DB4,DB4,True,0.9951914548873901
190,DB5,P17,DB5_P17_T18_r_comf_relabeled,L,primary,wf2_featurewise,1,DB5,DB5,True,0.9998304843902588
191,DB3,P09,DB3_P09_A_T02,R,primary,wf2_featurewise,1,DB3,DB3,True,0.9927243590354919
192,DB5,P17,DB5_P17_T26_l_slow_relabeled,L,primary,wf2_featurewise,1,DB5,DB5,True,0.999930739402771
198,DB4,P22,DB4_P22_T04_relabeled,R,primary,wf2_featurewise,1,DB4,DB4,True,0.9974111914634705
199,DB1,P29,DB1_P29_C3_T03_relabeled,L,primary,wf2_featurewise,1,DB1,DB1,True,0.9961671233177185
202,DB3,P02,DB3_P02_A_T05_relabeled,R,primary,wf2_featurewise,1,DB3,DB3,True,0.9948360919952393
209,DB4,P51,DB4_P51_T16_relabeled,R,primary,wf2_featurewise,1,DB4,DB4,True,0.9996180534362793
214,DB5,P11,DB5_P11_T32_l_slow_relabeled,L,primary,wf2_featurewise,1,DB5,DB5,True,0.9999619722366333
219,DB4,P22,DB4_P22_T21_relabeled,R,primary,wf2_featurewise,1,DB4,DB4,True,0.9958594441413879
222,DB2,P08,DB2_P08_T01_250_relabeled,L,primary,wf2_featurewise,1,DB2,DB2,True,0.995415210723877
223,DB4,P24,DB4_P24_T10_relabeled,R,primary,wf2_featurewise,1,DB4,DB4,True,0.9943668246269226
235,DB1,P14,DB1_P14_C2_T03_relabeled,L,primary,wf2_featurewise,1,DB1,DB1,True,0.9931733012199402
239,DB4,P29,DB4_P29_T20_relabeled,R,primary,wf2_featurewise,1,DB4,DB4,True,0.9981561303138733
245,DB4,P51,DB4_P51_T18_relabeled,R,primary,wf2_featurewise,1,DB4,DB4,True,0.9995036125183105
247,DB3,P05,DB3_P05_A_T15_relabeled,R,primary,wf2_featurewise,1,DB3,DB3,True,0.9900217652320862
253,DB4,P29,DB4_P29_T16_relabeled,R,primary,wf2_featurewise,1,DB4,DB4,True,0.9983610510826111
258,DB3,P02,DB3_P02_A_T03_relabeled,R,primary,wf2_featurewise,1,DB3,DB3,True,0.9949317574501038
275,DB1,P50,DB1_P50_C3_T05_relabeled,L,primary,wf2_featurewise,1,DB1,DB1,True,0.9941738247871399
289,DB4,P51,DB4_P51_T12_relabeled,R,primary,wf2_featurewise,1,DB4,DB4,True,0.9995751976966858
297,DB5,P05,DB5_P05_T16_r_comf_relabeled,L,primary,wf2_featurewise,1,DB5,DB5,True,0.9998421669006348
300,DB1,P29,DB1_P29_C3_T02_relabeled,L,primary,wf2_featurewise,1,DB1,DB1,True,0.9975818395614624
303,DB5,P17,DB5_P17_T23_l_slow_relabeled,L,primary,wf2_featurewise,1,DB5,DB5,True,0.9999328851699829
304,DB4,P22,DB4_P22_T11_relabeled,L,primary,wf2_featurewise,1,DB4,DB4,True,0.9944087862968445
310,DB2,P13,DB2_P13_T04_-65_relabeled,L,primary,wf2_featurewise,1,DB2,DB2,True,0.9964145421981812
313,DB2,P08,DB2_P08_T04_130_relabeled,L,primary,wf2_featurewise,1,DB2,DB2,True,0.9925249814987183
318,DB5,P17,DB5_P17_T28_l_slow_relabeled,L,primary,wf2_featurewise,1,DB5,DB5,True,0.9999169111251831
319,DB2,P13,DB2_P13_T05_-130_relabeled,L,primary,wf2_featurewise,1,DB2,DB2,True,0.9971950054168701
325,DB5,P11,DB5_P11_T27_l_slow_relabeled,L,primary,wf2_featurewise,1,DB5,DB5,True,0.9999661445617676
327,DB2,P13,DB2_P13_T02_-65_relabeled,L,primary,wf2_featurewise,1,DB2,DB2,True,0.9963009357452393
337,DB2,P08,DB2_P08_T03_130_relabeled,L,primary,wf2_featurewise,1,DB2,DB2,True,0.9937166571617126
341,DB5,P11,DB5_P11_T24_l_slow_relabeled,L,primary,wf2_featurewise,1,DB5,DB5,True,0.9999642372131348
342,DB5,P08,DB5_P08_T01_r_fast_relabeled,L,primary,wf2_featurewise,1,DB5,DB5,True,0.9999771118164062
344,DB5,P17,DB5_P17_T22_l_slow_relabeled,L,primary,wf2_featurewise,1,DB5,DB5,True,0.9999289512634277
348,DB3,P02,DB3_P02_A_T06_relabeled,L,primary,wf2_featurewise,1,DB3,DB3,True,0.9902101755142212
352,DB2,P08,DB2_P08_T03_-130_relabeled,L,primary,wf2_featurewise,1,DB2,DB2,True,0.9969528913497925
354,DB5,P17,DB5_P17_T17_r_comf_relabeled,L,primary,wf2_featurewise,1,DB5,DB5,True,0.9998396635055542
355,DB4,P07,DB4_P07_T07_relabeled,R,primary,wf2_featurewise,1,DB4,DB4,True,0.9976316690444946
359,DB4,P51,DB4_P51_T06_relabeled,R,primary,wf2_featurewise,1,DB4,DB4,True,0.9992727637290955
364,DB5,P17,DB5_P17_T16_r_comf_relabeled,L,primary,wf2_featurewise,1,DB5,DB5,True,0.9996956586837769
376,DB4,P22,DB4_P22_T03_relabeled,R,primary,wf2_featurewise,1,DB4,DB4,True,0.9962634444236755
378,DB4,P17,DB4_P17_T16_relabeled,R,primary,wf2_featurewise,1,DB4,DB4,True,0.9990925788879395
381,DB5,P05,DB5_P05_T35_r_slow_relabeled,L,primary,wf2_featurewise,1,DB5,DB5,True,0.9999121427536011
386,DB4,P55,DB4_P55_T19_relabeled,R,primary,wf2_featurewise,1,DB4,DB4,True,0.9994872808456421
387,DB4,P11,DB4_P11_T16_relabeled,L,primary,wf2_featurewise,1,DB4,DB4,True,0.9865434765815735
389,DB2,P08,DB2_P08_T05_p_relabeled,L,primary,wf2_featurewise,1,DB2,DB2,True,0.9964444041252136
391,DB4,P17,DB4_P17_T09_relabeled,R,primary,wf2_featurewise,1,DB4,DB4,True,0.998879611492157
394,DB4,P22,DB4_P22_T12_relabeled,R,primary,wf2_featurewise,1,DB4,DB4,True,0.9962665438652039
396,DB3,P02,DB3_P02_A_T11_relabeled,R,primary,wf2_featurewise,1,DB3,DB3,True,0.9958652257919312
402,DB5,P11,DB5_P11_T12_l_comf_relabeled,L,primary,wf2_featurewise,1,DB5,DB5,True,0.9999542236328125
406,DB4,P55,DB4_P55_T20_relabeled,R,primary,wf2_featurewise,1,DB4,DB4,True,0.9994251728057861
408,DB3,P09,DB3_P09_A_T04,R,primary,wf2_featurewise,1,DB3,DB3,True,0.9937811493873596
409,DB2,P13,DB2_P13_T01_p_relabeled,L,primary,wf2_featurewise,1,DB2,DB2,True,0.9948258996009827
410,DB4,P24,DB4_P24_T18_relabeled,R,primary,wf2_featurewise,1,DB4,DB4,True,0.9966098666191101
415,DB3,P01,DB3_P01_A_T08_relabeled,R,primary,wf2_featurewise,1,DB3,DB3,True,0.9867194294929504
434,DB4,P29,DB4_P29_T09_relabeled,R,primary,wf2_featurewise,1,DB4,DB4,True,0.99764084815979
437,DB3,P02,DB3_P02_A_T13_relabeled,L,primary,wf2_featurewise,1,DB3,DB3,True,0.9952878952026367
446,DB4,P07,DB4_P07_T21_relabeled,R,primary,wf2_featurewise,1,DB4,DB4,True,0.9987438321113586
454,DB4,P29,DB4_P29_T10_relabeled,R,primary,wf2_featurewise,1,DB4,DB4,True,0.9980729818344116
459,DB2,P08,DB2_P08_T04_-65_relabeled,L,primary,wf2_featurewise,1,DB2,DB2,True,0.996976375579834
463,DB4,P17,DB4_P17_T18_relabeled,L,primary,wf2_featurewise,1,DB4,DB4,True,0.9942374229431152
464,DB5,P05,DB5_P05_T20_r_comf_relabeled,L,primary,wf2_featurewise,1,DB5,DB5,True,0.9998555183410645
473,DB5,P17,DB5_P17_T33_r_slow_relabeled,L,primary,wf2_featurewise,1,DB5,DB5,True,0.9951417446136475
480,DB4,P55,DB4_P55_T10_relabeled,R,primary,wf2_featurewise,1,DB4,DB4,True,0.9990008473396301
488,DB4,P22,DB4_P22_T19_relabeled,L,primary,wf2_featurewise,1,DB4,DB4,True,0.9839878678321838
490,DB5,P11,DB5_P11_T01_l_comf_relabeled,L,primary,wf2_featurewise,1,DB5,DB5,True,0.9999600648880005
496,DB5,P05,DB5_P05_T37_r_slow_relabeled,L,primary,wf2_featurewise,1,DB5,DB5,True,0.9999127388000488
501,DB4,P55,DB4_P55_T02_relabeled,R,primary,wf2_featurewise,1,DB4,DB4,True,0.9993195533752441
513,DB4,P55,DB4_P55_T06_relabeled,R,primary,wf2_featurewise,1,DB4,DB4,True,0.9993082284927368
525,DB4,P07,DB4_P07_T14_relabeled,R,primary,wf2_featurewise,1,DB4,DB4,True,0.9986968636512756
527,DB5,P05,DB5_P05_T42_r_slow_relabeled,L,primary,wf2_featurewise,1,DB5,DB5,True,0.9998533725738525
530,DB4,P11,DB4_P11_T10_relabeled,L,primary,wf2_featurewise,1,DB4,DB4,True,0.9882981181144714
531,DB3,P01,DB3_P01_A_T05_relabeled,R,primary,wf2_featurewise,1,DB3,DB3,True,0.9914810657501221
536,DB5,P17,DB5_P17_T35_r_slow_relabeled,L,primary,wf2_featurewise,1,DB5,DB5,True,0.9998481273651123
543,DB5,P17,DB5_P17_T24_l_slow_relabeled,L,primary,wf2_featurewise,1,DB5,DB5,True,0.9999353885650635
544,DB4,P11,DB4_P11_T14_relabeled,R,primary,wf2_featurewise,1,DB4,DB4,True,0.9970099925994873
546,DB4,P11,DB4_P11_T20_relabeled,L,primary,wf2_featurewise,1,DB4,DB4,True,0.7734130620956421
547,DB5,P11,DB5_P11_T09_l_comf_relabeled,L,primary,wf2_featurewise,1,DB5,DB5,True,0.9999562501907349
548,DB5,P08,DB5_P08_T02_r_fast_relabeled,L,primary,wf2_featurewise,1,DB5,DB5,True,0.999909520149231
555,DB5,P05,DB5_P05_T31_l_slow_relabeled,L,primary,wf2_featurewise,1,DB5,DB5,True,0.9999605417251587
559,DB4,P51,DB4_P51_T03_relabeled,R,primary,wf2_featurewise,1,DB4,DB4,True,0.9994611144065857
562,DB4,P24,DB4_P24_T17_relabeled,R,primary,wf2_featurewise,1,DB4,DB4,True,0.9959383010864258
563,DB5,P05,DB5_P05_T26_l_slow_relabeled,L,primary,wf2_featurewise,1,DB5,DB5,True,0.9999570846557617
566,DB4,P51,DB4_P51_T14_relabeled,R,primary,wf2_featurewise,1,DB4,DB4,True,0.9995902180671692
569,DB3,P09,DB3_P09_A_T12,R,primary,wf2_featurewise,1,DB3,DB3,True,0.9923997521400452
578,DB4,P55,DB4_P55_T23_relabeled,R,primary,wf2_featurewise,1,DB4,DB4,True,0.9993218183517456
580,DB5,P05,DB5_P05_T23_l_slow_relabeled,L,primary,wf2_featurewise,1,DB5,DB5,True,0.9999474287033081
594,DB1,P29,DB1_P29_C2_T01_relabeled,L,primary,wf2_featurewise,1,DB1,DB1,True,0.9641023278236389
595,DB4,P55,DB4_P55_T12_relabeled,R,primary,wf2_featurewise,1,DB4,DB4,True,0.9993399977684021
602,DB2,P13,DB2_P13_T01_65_relabeled,L,primary,wf2_featurewise,1,DB2,DB2,True,0.9965355396270752
603,DB5,P17,DB5_P17_T25_l_slow_relabeled,L,primary,wf2_featurewise,1,DB5,DB5,True,0.9999333620071411
605,DB5,P17,DB5_P17_T15_r_comf_relabeled,L,primary,wf2_featurewise,1,DB5,DB5,True,0.9997691512107849
610,DB4,P22,DB4_P22_T23_relabeled,R,primary,wf2_featurewise,1,DB4,DB4,True,0.9989205598831177
612,DB3,P05,DB3_P05_A_T16_relabeled,L,primary,wf2_featurewise,1,DB3,DB3,True,0.9940008521080017
613,DB3,P09,DB3_P09_A_T08,R,primary,wf2_featurewise,1,DB3,DB3,True,0.9946619868278503
619,DB4,P07,DB4_P07_T04_relabeled,R,primary,wf2_featurewise,1,DB4,DB4,True,0.9920883774757385
622,DB5,P17,DB5_P17_T38_r_slow_relabeled,L,primary,wf2_featurewise,1,DB5,DB5,True,0.9998370409011841
623,DB5,P05,DB5_P05_T25_l_slow_relabeled,L,primary,wf2_featurewise,1,DB5,DB5,True,0.9999561309814453
630,DB4,P07,DB4_P07_T18_relabeled,R,primary,wf2_featurewise,1,DB4,DB4,True,0.9982524514198303
644,DB1,P27,DB1_P27_C3_T04_relabeled,L,primary,wf2_featurewise,1,DB1,DB1,True,0.9962521195411682
662,DB4,P22,DB4_P22_T14_relabeled,R,primary,wf2_featurewise,1,DB4,DB4,True,0.9960250854492188
664,DB4,P51,DB4_P51_T02_relabeled,R,primary,wf2_featurewise,1,DB4,DB4,True,0.9996469020843506
679,DB4,P24,DB4_P24_T22_relabeled,R,primary,wf2_featurewise,1,DB4,DB4,True,0.9947351813316345
693,DB5,P05,DB5_P05_T24_l_slow_relabeled,L,primary,wf2_featurewise,1,DB5,DB5,True,0.999954342842102
699,DB4,P29,DB4_P29_T02_relabeled,R,primary,wf2_featurewise,1,DB4,DB4,True,0.9982288479804993
707,DB4,P17,DB4_P17_T04_relabeled,R,primary,wf2_featurewise,1,DB4,DB4,True,0.9987213015556335
713,DB5,P11,DB5_P11_T23_l_slow_relabeled,L,primary,wf2_featurewise,1,DB5,DB5,True,0.9999567270278931
724,DB4,P55,DB4_P55_T13_relabeled,R,primary,wf2_featurewise,1,DB4,DB4,True,0.9992997646331787
726,DB2,P13,DB2_P13_T01_-65_relabeled,L,primary,wf2_featurewise,1,DB2,DB2,True,0.9968116879463196
728,DB1,P25,DB1_P25_C2_T03_relabeled,R,primary,wf2_featurewise,1,DB1,DB1,True,0.9475519061088562
729,DB1,P29,DB1_P29_C3_T05_relabeled,L,primary,wf2_featurewise,1,DB1,DB1,True,0.9961274266242981
751,DB5,P17,DB5_P17_T31_r_slow_relabeled,L,primary,wf2_featurewise,1,DB5,DB5,True,0.9998804330825806
755,DB4,P11,DB4_P11_T12_relabeled,L,primary,wf2_featurewise,1,DB4,DB4,True,0.9854915142059326
768,DB4,P07,DB4_P07_T08_relabeled,R,primary,wf2_featurewise,1,DB4,DB4,True,0.9985803365707397
780,DB3,P01,DB3_P01_A_T10_relabeled,L,primary,wf2_featurewise,1,DB3,DB3,True,0.9901542067527771
785,DB3,P02,DB3_P02_A_T09_relabeled,R,primary,wf2_featurewise,1,DB3,DB3,True,0.9951039552688599
786,DB5,P11,DB5_P11_T35_r_slow_relabeled,L,primary,wf2_featurewise,1,DB5,DB5,True,0.9999192953109741
788,DB4,P24,DB4_P24_T24_relabeled,R,primary,wf2_featurewise,1,DB4,DB4,True,0.995570719242096
791,DB4,P29,DB4_P29_T21_relabeled,R,primary,wf2_featurewise,1,DB4,DB4,True,0.9972686767578125
792,DB4,P55,DB4_P55_T08_relabeled,R,primary,wf2_featurewise,1,DB4,DB4,True,0.999512791633606
793,DB3,P05,DB3_P05_A_T09_relabeled,L,primary,wf2_featurewise,1,DB3,DB3,True,0.9900383949279785
796,DB2,P13,DB2_P13_T03_130_relabeled,L,primary,wf2_featurewise,1,DB2,DB2,True,0.9950613379478455
800,DB4,P29,DB4_P29_T13_relabeled,R,primary,wf2_featurewise,1,DB4,DB4,True,0.9982849955558777
803,DB4,P24,DB4_P24_T15_relabeled,R,primary,wf2_featurewise,1,DB4,DB4,True,0.9951938986778259
809,DB5,P08,DB5_P08_T01_r_comf_relabeled,L,primary,wf2_featurewise,1,DB5,DB5,True,0.9999467134475708
810,DB3,P02,DB3_P02_A_T12_relabeled,L,primary,wf2_featurewise,1,DB3,DB3,True,0.9911409616470337
826,DB5,P17,DB5_P17_T08_l_comf_relabeled,L,primary,wf2_featurewise,1,DB5,DB5,True,0.9999054670333862
828,DB5,P11,DB5_P11_T31_l_slow_relabeled,L,primary,wf2_featurewise,1,DB5,DB5,True,0.9999648332595825
829,DB1,P50,DB1_P50_C2_T02_relabeled,L,primary,wf2_featurewise,1,DB1,DB1,True,0.984591007232666
835,DB4,P22,DB4_P22_T10_relabeled,R,primary,wf2_featurewise,1,DB4,DB4,True,0.9967339038848877
865,DB1,P50,DB1_P50_C2_T05_relabeled,L,primary,wf2_featurewise,1,DB1,DB1,True,0.9929957985877991
869,DB2,P08,DB2_P08_T03_-65_relabeled,L,primary,wf2_featurewise,1,DB2,DB2,True,0.9960790276527405
870,DB4,P55,DB4_P55_T05_relabeled,R,primary,wf2_featurewise,1,DB4,DB4,True,0.9996240139007568
873,DB2,P08,DB2_P08_T02_p_relabeled,L,primary,wf2_featurewise,1,DB2,DB2,True,0.9939411878585815
874,DB4,P17,DB4_P17_T03_relabeled,R,primary,wf2_featurewise,1,DB4,DB4,True,0.9987648725509644
877,DB1,P44,DB1_P44_C3_T01_relabeled,L,primary,wf2_featurewise,1,DB1,DB1,True,0.9943569302558899
882,DB4,P51,DB4_P51_T09_relabeled,R,primary,wf2_featurewise,1,DB4,DB4,True,0.9994770884513855
885,DB1,P44,DB1_P44_C3_T02_relabeled,L,primary,wf2_featurewise,1,DB1,DB1,True,0.9906376600265503
893,DB3,P01,DB3_P01_A_T09_relabeled,L,primary,wf2_featurewise,1,DB3,DB3,True,0.9925476908683777
902,DB5,P08,DB5_P08_T05_r_fast_relabeled,L,primary,wf2_featurewise,1,DB5,DB5,True,0.9999412298202515
911,DB4,P17,DB4_P17_T05_relabeled,R,primary,wf2_featurewise,1,DB4,DB4,True,0.9984581470489502
919,DB5,P05,DB5_P05_T06_l_comf_relabeled,L,primary,wf2_featurewise,1,DB5,DB5,True,0.9999483823776245
926,DB5,P11,DB5_P11_T33_r_slow_relabeled,L,primary,wf2_featurewise,1,DB5,DB5,True,0.9999022483825684
927,DB1,P44,DB1_P44_C2_T02_relabeled,L,primary,wf2_featurewise,1,DB1,DB1,True,0.9937849044799805
933,DB3,P05,DB3_P05_A_T05_relabeled,L,primary,wf2_featurewise,1,DB3,DB3,True,0.9914008975028992
936,DB5,P17,DB5_P17_T34_r_slow_relabeled,L,primary,wf2_featurewise,1,DB5,DB5,True,0.9998553991317749
949,DB3,P05,DB3_P05_A_T01_relabeled,L,primary,wf2_featurewise,1,DB3,DB3,True,0.9868413209915161
950,DB5,P17,DB5_P17_T36_r_slow_relabeled,L,primary,wf2_featurewise,1,DB5,DB5,True,0.9998410940170288
953,DB4,P07,DB4_P07_T02_relabeled,R,primary,wf2_featurewise,1,DB4,DB4,True,0.998051643371582
955,DB5,P11,DB5_P11_T36_r_slow_relabeled,L,primary,wf2_featurewise,1,DB5,DB5,True,0.9999202489852905
973,DB2,P13,DB2_P13_T03_p_relabeled,L,primary,wf2_featurewise,1,DB2,DB2,True,0.995462954044342
992,DB4,P29,DB4_P29_T08_relabeled,R,primary,wf2_featurewise,1,DB4,DB4,True,0.9982975125312805
993,DB5,P05,DB5_P05_T04_l_comf_relabeled,L,primary,wf2_featurewise,1,DB5,DB5,True,0.9999462366104126
1017,DB4,P29,DB4_P29_T06_relabeled,R,primary,wf2_featurewise,1,DB4,DB4,True,0.9972398281097412
1019,DB5,P08,DB5_P08_T04_r_fast_relabeled,L,primary,wf2_featurewise,1,DB5,DB5,True,0.9999402761459351
1032,DB1,P25,DB1_P25_C2_T05_relabeled,L,primary,wf2_featurewise,1,DB1,DB1,True,0.9946579337120056
1039,DB5,P05,DB5_P05_T40_r_slow_relabeled,L,primary,wf2_featurewise,1,DB5,DB5,True,0.9998812675476074
1040,DB5,P17,DB5_P17_T10_l_comf_relabeled,L,primary,wf2_featurewise,1,DB5,DB5,True,0.9999178647994995
1044,DB5,P11,DB5_P11_T40_r_slow_relabeled,L,primary,wf2_featurewise,1,DB5,DB5,True,0.9999101161956787
1049,DB4,P55,DB4_P55_T15_relabeled,R,primary,wf2_featurewise,1,DB4,DB4,True,0.99944669008255
1059,DB4,P17,DB4_P17_T06_relabeled,R,primary,wf2_featurewise,1,DB4,DB4,True,0.9987479448318481
1060,DB5,P05,DB5_P05_T14_r_comf_relabeled,L,primary,wf2_featurewise,1,DB5,DB5,True,0.9998645782470703
1061,DB1,P27,DB1_P27_C2_T05_relabeled,L,primary,wf2_featurewise,1,DB1,DB1,True,0.9947981834411621
1063,DB1,P29,DB1_P29_C3_T04_relabeled,L,primary,wf2_featurewise,1,DB1,DB1,True,0.9969905614852905
1067,DB1,P14,DB1_P14_C1_T02_relabeled,L,primary,wf2_featurewise,1,DB1,DB1,True,0.995604395866394
1071,DB1,P44,DB1_P44_C2_T04_relabeled,L,primary,wf2_featurewise,1,DB1,DB1,True,0.991729199886322
1079,DB4,P29,DB4_P29_T07_relabeled,R,primary,wf2_featurewise,1,DB4,DB4,True,0.9974600672721863
1080,DB1,P50,DB1_P50_C2_T03_relabeled,L,primary,wf2_featurewise,1,DB1,DB1,True,0.9949578642845154
1082,DB3,P05,DB3_P05_A_T08_relabeled,R,primary,wf2_featurewise,1,DB3,DB3,True,0.9968871474266052
1084,DB4,P17,DB4_P17_T19_relabeled,R,primary,wf2_featurewise,1,DB4,DB4,True,0.9990683197975159
1095,DB4,P22,DB4_P22_T07_relabeled,R,primary,wf2_featurewise,1,DB4,DB4,True,0.9976206421852112
1097,DB5,P17,DB5_P17_T09_l_comf_relabeled,L,primary,wf2_featurewise,1,DB5,DB5,True,0.9999105930328369
1100,DB4,P29,DB4_P29_T15_relabeled,R,primary,wf2_featurewise,1,DB4,DB4,True,0.9973592162132263
1101,DB2,P13,DB2_P13_T03_-130_relabeled,L,primary,wf2_featurewise,1,DB2,DB2,True,0.996695876121521
1103,DB5,P11,DB5_P11_T39_r_slow_relabeled,L,primary,wf2_featurewise,1,DB5,DB5,True,0.9999090433120728
1104,DB2,P08,DB2_P08_T04_250_relabeled,L,primary,wf2_featurewise,1,DB2,DB2,True,0.9901041388511658
1106,DB1,P29,DB1_P29_C1_T04_relabeled,L,primary,wf2_featurewise,1,DB1,DB1,True,0.9834954142570496
1115,DB5,P17,DB5_P17_T07_l_comf_relabeled,L,primary,wf2_featurewise,1,DB5,DB5,True,0.9999029636383057
1116,DB3,P05,DB3_P05_A_T10_relabeled,R,primary,wf2_featurewise,1,DB3,DB3,True,0.9962707757949829
1121,DB5,P05,DB5_P05_T11_l_comf_relabeled,L,primary,wf2_featurewise,1,DB5,DB5,True,0.9999521970748901
1133,DB5,P11,DB5_P11_T17_r_comf_relabeled,L,primary,wf2_featurewise,1,DB5,DB5,True,0.999907374382019
1134,DB3,P01,DB3_P01_A_T04_relabeled,L,primary,wf2_featurewise,1,DB3,DB3,True,0.9860521554946899
1136,DB4,P55,DB4_P55_T07_relabeled,R,primary,wf2_featurewise,1,DB4,DB4,True,0.9991325736045837
1138,DB1,P25,DB1_P25_C2_T02_relabeled,L,primary,wf2_featurewise,1,DB1,DB1,True,0.9921057224273682
1143,DB4,P17,DB4_P17_T13_relabeled,R,primary,wf2_featurewise,1,DB4,DB4,True,0.9996700286865234
1152,DB5,P11,DB5_P11_T26_l_slow_relabeled,L,primary,wf2_featurewise,1,DB5,DB5,True,0.9999680519104004
1156,DB3,P05,DB3_P05_A_T11_relabeled,R,primary,wf2_featurewise,1,DB3,DB3,True,0.9944725632667542
1157,DB4,P07,DB4_P07_T22_relabeled,R,primary,wf2_featurewise,1,DB4,DB4,True,0.9985899329185486
1158,DB2,P08,DB2_P08_T01_p_relabeled,L,primary,wf2_featurewise,1,DB2,DB2,True,0.9962313771247864
1160,DB2,P13,DB2_P13_T03_-65_relabeled,L,primary,wf2_featurewise,1,DB2,DB2,True,0.9962128400802612
1162,DB4,P22,DB4_P22_T13_relabeled,R,primary,wf2_featurewise,1,DB4,DB4,True,0.9982158541679382
1163,DB5,P17,DB5_P17_T40_r_slow_relabeled,L,primary,wf2_featurewise,1,DB5,DB5,True,0.9998225569725037
1174,DB4,P07,DB4_P07_T11_relabeled,R,primary,wf2_featurewise,1,DB4,DB4,True,0.9986627101898193
1175,DB5,P05,DB5_P05_T29_l_slow_relabeled,L,primary,wf2_featurewise,1,DB5,DB5,True,0.9999617338180542
1191,DB5,P11,DB5_P11_T20_r_comf_relabeled,L,primary,wf2_featurewise,1,DB5,DB5,True,0.9999023675918579
1192,DB5,P17,DB5_P17_T30_l_slow_relabeled,L,primary,wf2_featurewise,1,DB5,DB5,True,0.9999244213104248
1196,DB4,P51,DB4_P51_T05_relabeled,R,primary,wf2_featurewise,1,DB4,DB4,True,0.9995908141136169
1198,DB5,P05,DB5_P05_T21_r_comf_relabeled,L,primary,wf2_featurewise,1,DB5,DB5,True,0.9998875856399536
1204,DB4,P24,DB4_P24_T019_relabeled,R,primary,wf2_featurewise,1,DB4,DB4,True,0.9938428401947021
1205,DB5,P17,DB5_P17_T21_l_slow_relabeled,L,primary,wf2_featurewise,1,DB5,DB5,True,0.9999347925186157
1210,DB2,P13,DB2_P13_T02_65_relabeled,L,primary,wf2_featurewise,1,DB2,DB2,True,0.9864665865898132
1217,DB5,P05,DB5_P05_T33_r_slow_relabeled,L,primary,wf2_featurewise,1,DB5,DB5,True,0.9998656511306763
1241,DB5,P05,DB5_P05_T41_r_slow_relabeled,L,primary,wf2_featurewise,1,DB5,DB5,True,0.9998679161071777
1244,DB3,P09,DB3_P09_A_T10,R,primary,wf2_featurewise,1,DB3,DB3,True,0.994932234287262
1249,DB4,P11,DB4_P11_T07_relabeled,R,primary,wf2_featurewise,1,DB4,DB4,True,0.9971548318862915
1259,DB4,P24,DB4_P24_T05_relabeled,R,primary,wf2_featurewise,1,DB4,DB4,True,0.9961957931518555
1262,DB1,P27,DB1_P27_C1_T03_relabeled,L,primary,wf2_featurewise,1,DB1,DB1,True,0.7572786808013916
1266,DB4,P51,DB4_P51_T08_relabeled,R,primary,wf2_featurewise,1,DB4,DB4,True,0.9996151924133301
1274,DB5,P17,DB5_P17_T11_r_comf_relabeled,L,primary,wf2_featurewise,1,DB5,DB5,True,0.9997944235801697
1275,DB4,P17,DB4_P17_T10_relabeled,R,primary,wf2_featurewise,1,DB4,DB4,True,0.9994916915893555
1279,DB2,P08,DB2_P08_T04_-130_relabeled,L,primary,wf2_featurewise,1,DB2,DB2,True,0.9957329630851746
1282,DB3,P05,DB3_P05_A_T04_relabeled,R,primary,wf2_featurewise,1,DB3,DB3,True,0.9970851540565491
1283,DB2,P13,DB2_P13_T04_130_relabeled,L,primary,wf2_featurewise,1,DB2,DB2,True,0.9935187697410583
1287,DB5,P05,DB5_P05_T38_r_slow_relabeled,L,primary,wf2_featurewise,1,DB5,DB5,True,0.9999107122421265
1288,DB5,P05,DB5_P05_T17_r_comf_relabeled,L,primary,wf2_featurewise,1,DB5,DB5,True,0.9998788833618164
1292,DB5,P11,DB5_P11_T18_r_comf_relabeled,L,primary,wf2_featurewise,1,DB5,DB5,True,0.9998989105224609
1304,DB4,P22,DB4_P22_T08_relabeled,R,primary,wf2_featurewise,1,DB4,DB4,True,0.996259331703186
1307,DB4,P11,DB4_P11_T21_relabeled,L,primary,wf2_featurewise,1,DB4,DB4,True,0.980637788772583
1311,DB3,P01,DB3_P01_A_T15_relabeled,R,primary,wf2_featurewise,1,DB3,DB3,True,0.992324948310852
1314,DB5,P11,DB5_P11_T29_l_slow_relabeled,L,primary,wf2_featurewise,1,DB5,DB5,True,0.9999340772628784
1316,DB1,P29,DB1_P29_C1_T01_relabeled,L,primary,wf2_featurewise,1,DB1,DB1,True,0.9945036172866821
1317,DB3,P02,DB3_P02_A_T07_relabeled,R,primary,wf2_featurewise,1,DB3,DB3,True,0.9950483441352844
1323,DB4,P17,DB4_P17_T08_relabeled,L,primary,wf2_featurewise,1,DB4,DB4,True,0.9950569868087769
1326,DB4,P11,DB4_P11_T11_relabeled,R,primary,wf2_featurewise,1,DB4,DB4,True,0.9972478747367859
1329,DB5,P05,DB5_P05_T32_l_slow_relabeled,L,primary,wf2_featurewise,1,DB5,DB5,True,0.9999573230743408
1331,DB2,P13,DB2_P13_T04_65_relabeled,L,primary,wf2_featurewise,1,DB2,DB2,True,0.9955774545669556
1340,DB4,P17,DB4_P17_T12_relabeled,L,primary,wf2_featurewise,1,DB4,DB4,True,0.9938602447509766
1344,DB2,P08,DB2_P08_T02_130_relabeled,L,primary,wf2_featurewise,1,DB2,DB2,True,0.9952427744865417
1362,DB5,P05,DB5_P05_T19_r_comf_relabeled,L,primary,wf2_featurewise,1,DB5,DB5,True,0.9998602867126465
1363,DB5,P17,DB5_P17_T20_r_comf_relabeled,L,primary,wf2_featurewise,1,DB5,DB5,True,0.9998400211334229
1369,DB4,P55,DB4_P55_T03_relabeled,R,primary,wf2_featurewise,1,DB4,DB4,True,0.9994414448738098
1378,DB5,P05,DB5_P05_T15_r_comf_relabeled,L,primary,wf2_featurewise,1,DB5,DB5,True,0.9998704195022583
1379,DB4,P07,DB4_P07_T10_relabeled,R,primary,wf2_featurewise,1,DB4,DB4,True,0.998401939868927
1388,DB4,P07,DB4_P07_T17_relabeled,R,primary,wf2_featurewise,1,DB4,DB4,True,0.9991764426231384
1393,DB3,P09,DB3_P09_A_T05,L,primary,wf2_featurewise,1,DB3,DB3,True,0.9860599040985107
1400,DB5,P11,DB5_P11_T02_l_comf_relabeled,L,primary,wf2_featurewise,1,DB5,DB5,True,0.999954104423523
1406,DB5,P17,DB5_P17_T27_l_slow_relabeled,L,primary,wf2_featurewise,1,DB5,DB5,True,0.9999294281005859
1409,DB1,P29,DB1_P29_C2_T02_relabeled,L,primary,wf2_featurewise,1,DB1,DB1,True,0.9973063468933105
1414,DB2,P08,DB2_P08_T04_65_relabeled,L,primary,wf2_featurewise,1,DB2,DB2,True,0.9951842427253723
1416,DB4,P24,DB4_P24_T07_relabeled,R,primary,wf2_featurewise,1,DB4,DB4,True,0.9956796765327454
1420,DB5,P08,DB5_P08_T10_r_comf_relabeled,L,primary,wf2_featurewise,1,DB5,DB5,True,0.9998462200164795
1422,DB4,P29,DB4_P29_T18_relabeled,R,primary,wf2_featurewise,1,DB4,DB4,True,0.9985895752906799
1430,DB2,P08,DB2_P08_T03_p_relabeled,L,primary,wf2_featurewise,1,DB2,DB2,True,0.9962661862373352
1433,DB3,P05,DB3_P05_A_T03_relabeled,L,primary,wf2_featurewise,1,DB3,DB3,True,0.986973762512207
1439,DB5,P08,DB5_P08_T04_r_comf_relabeled,L,primary,wf2_featurewise,1,DB5,DB5,True,0.9998997449874878
1456,DB2,P13,DB2_P13_T05_-65_relabeled,L,primary,wf2_featurewise,1,DB2,DB2,True,0.9974678754806519
1465,DB3,P01,DB3_P01_A_T07_relabeled,R,primary,wf2_featurewise,1,DB3,DB3,True,0.9926173090934753
1466,DB4,P22,DB4_P22_T09_relabeled,R,primary,wf2_featurewise,1,DB4,DB4,True,0.9976692795753479
1468,DB4,P11,DB4_P11_T18_relabeled,L,primary,wf2_featurewise,1,DB4,DB4,True,0.9213235974311829
1472,DB5,P11,DB5_P11_T16_r_comf_relabeled,L,primary,wf2_featurewise,1,DB5,DB5,True,0.99989914894104
1476,DB3,P09,DB3_P09_A_T07,L,primary,wf2_featurewise,1,DB3,DB3,True,0.9873821139335632
1479,DB4,P17,DB4_P17_T14_relabeled,R,primary,wf2_featurewise,1,DB4,DB4,True,0.9992926120758057
1480,DB5,P05,DB5_P05_T18_r_comf_relabeled,L,primary,wf2_featurewise,1,DB5,DB5,True,0.9998974800109863
1491,DB4,P22,DB4_P22_T16_relabeled,R,primary,wf2_featurewise,1,DB4,DB4,True,0.9987245202064514
1492,DB4,P29,DB4_P29_T04_relabeled,R,primary,wf2_featurewise,1,DB4,DB4,True,0.9953899383544922
1496,DB4,P29,DB4_P29_T19_relabeled,R,primary,wf2_featurewise,1,DB4,DB4,True,0.9966011047363281
1503,DB5,P17,DB5_P17_T32_r_slow_relabeled,L,primary,wf2_featurewise,1,DB5,DB5,True,0.9998761415481567
1521,DB5,P17,DB5_P17_T02_l_comf_relabeled,L,primary,wf2_featurewise,1,DB5,DB5,True,0.9999158382415771
1536,DB4,P11,DB4_P11_T04_relabeled,R,primary,wf2_featurewise,1,DB4,DB4,True,0.9966461062431335
1540,DB5,P17,DB5_P17_T29_l_slow_relabeled,L,primary,wf2_featurewise,1,DB5,DB5,True,0.99991774559021
1548,DB5,P11,DB5_P11_T15_r_comf_relabeled,R,primary,wf2_featurewise,1,DB5,DB5,True,0.9994933605194092
1558,DB5,P17,DB5_P17_T19_r_comf_relabeled,L,primary,wf2_featurewise,1,DB5,DB5,True,0.9998420476913452
1560,DB4,P22,DB4_P22_T02_relabeled,R,primary,wf2_featurewise,1,DB4,DB4,True,0.9974914789199829
1567,DB5,P17,DB5_P17_T03_l_comf_relabeled,L,primary,wf2_featurewise,1,DB5,DB5,True,0.9998565912246704
1568,DB1,P25,DB1_P25_C2_T01_relabeled,L,primary,wf2_featurewise,1,DB1,DB1,True,0.9956673383712769
1576,DB2,P13,DB2_P13_T05_p_relabeled,L,primary,wf2_featurewise,1,DB2,DB2,True,0.9962210059165955
1587,DB2,P08,DB2_P08_T01_130_relabeled,L,primary,wf2_featurewise,1,DB2,DB2,True,0.9967644214630127
1588,DB5,P05,DB5_P05_T34_r_slow_relabeled,L,primary,wf2_featurewise,1,DB5,DB5,True,0.9998606443405151
1595,DB5,P17,DB5_P17_T39_r_slow_relabeled,L,primary,wf2_featurewise,1,DB5,DB5,True,0.9998598098754883
1596,DB2,P08,DB2_P08_T03_65_relabeled,L,primary,wf2_featurewise,1,DB2,DB2,True,0.995719850063324
1597,DB5,P05,DB5_P05_T28_l_slow_relabeled,L,primary,wf2_featurewise,1,DB5,DB5,True,0.9999556541442871
1598,DB5,P11,DB5_P11_T42_r_slow_relabeled,L,primary,wf2_featurewise,1,DB5,DB5,True,0.9999209642410278
1605,DB4,P22,DB4_P22_T17_relabeled,L,primary,wf2_featurewise,1,DB4,DB4,True,0.9940197467803955
1606,DB3,P09,DB3_P09_A_T06,R,primary,wf2_featurewise,1,DB3,DB3,True,0.9897958636283875
1608,DB4,P51,DB4_P51_T04_relabeled,R,primary,wf2_featurewise,1,DB4,DB4,True,0.9996028542518616
1612,DB2,P13,DB2_P13_T05_65_relabeled,L,primary,wf2_featurewise,1,DB2,DB2,True,0.9939569234848022
1616,DB5,P08,DB5_P08_T09_r_comf_relabeled,L,primary,wf2_featurewise,1,DB5,DB5,True,0.9998819828033447
1624,DB4,P11,DB4_P11_T09_relabeled,L,primary,wf2_featurewise,1,DB4,DB4,True,0.9847801923751831
1626,DB4,P29,DB4_P29_T05_relabeled,R,primary,wf2_featurewise,1,DB4,DB4,True,0.9970921277999878
1632,DB2,P13,DB2_P13_T05_130_relabeled,L,primary,wf2_featurewise,1,DB2,DB2,True,0.9910747408866882
1633,DB1,P29,DB1_P29_C3_T01_relabeled,L,primary,wf2_featurewise,1,DB1,DB1,True,0.9959654808044434
1639,DB5,P11,DB5_P11_T43_r_slow_relabeled,L,primary,wf2_featurewise,1,DB5,DB5,True,0.9999104738235474
1643,DB5,P11,DB5_P11_T30_l_slow_relabeled,L,primary,wf2_featurewise,1,DB5,DB5,True,0.99996018409729
1644,DB2,P13,DB2_P13_T02_130_relabeled,L,primary,wf2_featurewise,1,DB2,DB2,True,0.9966704249382019
1646,DB4,P17,DB4_P17_T15_relabeled,L,primary,wf2_featurewise,1,DB4,DB4,True,0.9973599314689636
1647,DB5,P17,DB5_P17_T05_l_comf_relabeled,L,primary,wf2_featurewise,1,DB5,DB5,True,0.9998968839645386
1651,DB1,P27,DB1_P27_C3_T02_relabeled,L,primary,wf2_featurewise,1,DB1,DB1,True,0.9959374666213989
1652,DB4,P07,DB4_P07_T12_relabeled,R,primary,wf2_featurewise,1,DB4,DB4,True,0.9989445805549622
1658,DB5,P11,DB5_P11_T07_l_comf_relabeled,L,primary,wf2_featurewise,1,DB5,DB5,True,0.9999593496322632
1659,DB5,P11,DB5_P11_T05_l_comf_relabeled,L,primary,wf2_featurewise,1,DB5,DB5,True,0.9999479055404663
1676,DB5,P11,DB5_P11_T38_r_slow_relabeled,L,primary,wf2_featurewise,1,DB5,DB5,True,0.9999135732650757
1684,DB5,P05,DB5_P05_T13_r_comf_relabeled,L,primary,wf2_featurewise,1,DB5,DB5,True,0.9998706579208374
1686,DB5,P11,DB5_P11_T03_l_comf_relabeled,L,primary,wf2_featurewise,1,DB5,DB5,True,0.9999557733535767
1691,DB5,P08,DB5_P08_T08_r_comf_relabeled,L,primary,wf2_featurewise,1,DB5,DB5,True,0.9998307228088379
1708,DB4,P51,DB4_P51_T20_relabeled,R,primary,wf2_featurewise,1,DB4,DB4,True,0.9995548129081726
1714,DB4,P11,DB4_P11_T02_relabeled,R,primary,wf2_featurewise,1,DB4,DB4,True,0.9961888194084167
1716,DB5,P11,DB5_P11_T34_r_slow_relabeled,L,primary,wf2_featurewise,1,DB5,DB5,True,0.9999268054962158
1717,DB3,P09,DB3_P09_A_T01,R,primary,wf2_featurewise,1,DB3,DB3,True,0.993256688117981
1724,DB5,P17,DB5_P17_T14_r_comf_relabeled,L,primary,wf2_featurewise,1,DB5,DB5,True,0.9997281432151794
1731,DB2,P13,DB2_P13_T03_65_relabeled,L,primary,wf2_featurewise,1,DB2,DB2,True,0.9953413009643555
1734,DB2,P13,DB2_P13_T04_p_relabeled,L,primary,wf2_featurewise,1,DB2,DB2,True,0.9959633350372314
1737,DB4,P55,DB4_P55_T21_relabeled,R,primary,wf2_featurewise,1,DB4,DB4,True,0.9991391897201538
1748,DB5,P17,DB5_P17_T13_r_comf_relabeled,L,primary,wf2_featurewise,1,DB5,DB5,True,0.9998227953910828
1749,DB3,P01,DB3_P01_A_T06_relabeled,R,primary,wf2_featurewise,1,DB3,DB3,True,0.9904850721359253
1753,DB4,P22,DB4_P22_T18_relabeled,R,primary,wf2_featurewise,1,DB4,DB4,True,0.9976369142532349
1762,DB2,P13,DB2_P13_T01_130_relabeled,L,primary,wf2_featurewise,1,DB2,DB2,True,0.9936030507087708
1764,DB3,P02,DB3_P02_A_T08_relabeled,L,primary,wf2_featurewise,1,DB3,DB3,True,0.9925895929336548
1766,DB2,P13,DB2_P13_T03_250_relabeled,L,primary,wf2_featurewise,1,DB2,DB2,True,0.9909577369689941
1774,DB5,P08,DB5_P08_T05_r_comf_relabeled,L,primary,wf2_featurewise,1,DB5,DB5,True,0.9998928308486938
1778,DB4,P51,DB4_P51_T17_relabeled,R,primary,wf2_featurewise,1,DB4,DB4,True,0.9993202686309814
1780,DB3,P09,DB3_P09_A_T11,L,primary,wf2_featurewise,1,DB3,DB3,True,0.9866273999214172
1781,DB2,P13,DB2_P13_T01_250_relabeled,L,primary,wf2_featurewise,1,DB2,DB2,True,0.9917383790016174
1801,DB2,P08,DB2_P08_T05_130_relabeled,L,primary,wf2_featurewise,1,DB2,DB2,True,0.9960224032402039
1807,DB2,P13,DB2_P13_T05_250_relabeled,L,primary,wf2_featurewise,1,DB2,DB2,True,0.99265056848526
1808,DB4,P07,DB4_P07_T16_relabeled,R,primary,wf2_featurewise,1,DB4,DB4,True,0.9872162938117981
1813,DB5,P11,DB5_P11_T10_l_comf_relabeled,L,primary,wf2_featurewise,1,DB5,DB5,True,0.9999504089355469
1816,DB5,P11,DB5_P11_T08_l_comf_relabeled,L,primary,wf2_featurewise,1,DB5,DB5,True,0.9999487400054932
1817,DB5,P17,DB5_P17_T01_l_comf_relabeled,L,primary,wf2_featurewise,1,DB5,DB5,True,0.9999206066131592
1828,DB5,P08,DB5_P08_T03_r_comf_relabeled,L,primary,wf2_featurewise,1,DB5,DB5,True,0.9998621940612793
1831,DB5,P08,DB5_P08_T06_r_comf_relabeled,L,primary,wf2_featurewise,1,DB5,DB5,True,0.9999289512634277
1837,DB2,P13,DB2_P13_T02_p_relabeled,L,primary,wf2_featurewise,1,DB2,DB2,True,0.9943432807922363
1839,DB1,P50,DB1_P50_C2_T04_relabeled,L,primary,wf2_featurewise,1,DB1,DB1,True,0.9932060241699219
1849,DB5,P17,DB5_P17_T06_l_comf_relabeled,L,primary,wf2_featurewise,1,DB5,DB5,True,0.9999077320098877
1857,DB4,P07,DB4_P07_T13_relabeled,R,primary,wf2_featurewise,1,DB4,DB4,True,0.9985264539718628
1864,DB4,P17,DB4_P17_T17_relabeled,L,primary,wf2_featurewise,1,DB4,DB4,True,0.9917912483215332
1866,DB2,P08,DB2_P08_T01_-65_relabeled,L,primary,wf2_featurewise,1,DB2,DB2,True,0.9964487552642822
1874,DB2,P13,DB2_P13_T02_250_relabeled,L,primary,wf2_featurewise,1,DB2,DB2,True,0.9877942800521851
1876,DB5,P11,DB5_P11_T41_r_slow_relabeled,L,primary,wf2_featurewise,1,DB5,DB5,True,0.999913215637207
1880,DB5,P05,DB5_P05_T39_r_slow_relabeled,L,primary,wf2_featurewise,1,DB5,DB5,True,0.9999200105667114
1890,DB4,P55,DB4_P55_T16_relabeled,R,primary,wf2_featurewise,1,DB4,DB4,True,0.9995088577270508
1892,DB1,P29,DB1_P29_C2_T04_relabeled,L,primary,wf2_featurewise,1,DB1,DB1,True,0.9982640147209167
1899,DB4,P17,DB4_P17_T21_relabeled,R,primary,wf2_featurewise,1,DB4,DB4,True,0.9996106028556824
0,DB4,P54,DB4_P54_T20_relabeled,R,primary,wf2_featurewise,2,DB4,DB4,True,0.9988345503807068
4,DB5,P13,DB5_P13_T02_l_comf_relabeled,L,primary,wf2_featurewise,2,DB5,DB5,True,0.996796190738678
5,DB4,P48,DB4_P48_T21_relabeled,R,primary,wf2_featurewise,2,DB4,DB4,True,0.9937295913696289
11,DB5,P16,DB5_P16_T13_r_comf_relabeled,L,primary,wf2_featurewise,2,DB5,DB5,True,0.9921119213104248
18,DB3,P04,DB3_P04_A_T12_relabeled,R,primary,wf2_featurewise,2,DB3,DB3,True,0.9343779683113098
22,DB4,P56,DB4_P56_T18_relabeled,R,primary,wf2_featurewise,2,DB4,DB4,True,0.9937645196914673
23,DB3,P14,DB3_P14_A_T12_relabeled,L,primary,wf2_featurewise,2,DB3,DB3,True,0.985450029373169
37,DB4,P56,DB4_P56_T04_relabeled,R,primary,wf2_featurewise,2,DB4,DB4,True,0.9951699376106262
42,DB3,P14,DB3_P14_A_T27_relabeled,L,primary,wf2_featurewise,2,DB3,DB3,True,0.9837605953216553
44,DB5,P16,DB5_P16_T34_r_slow_relabeled,L,primary,wf2_featurewise,2,DB5,DB5,True,0.9919257760047913
66,DB5,P20,DB5_P20_T22_r_comf_relabeled,L,primary,wf2_featurewise,2,DB5,DB5,True,0.986997127532959
67,DB4,P06,DB4_P06_T05_relabeled,R,primary,wf2_featurewise,2,DB4,DB4,True,0.9982606768608093
82,DB2,P09,DB2_P09_T01_65_relabeled,L,primary,wf2_featurewise,2,DB2,DB2,True,0.9884293079376221
89,DB3,P08,DB3_P08_A_T09_relabeled,R,primary,wf2_featurewise,2,DB3,DB3,True,0.9227685928344727
104,DB2,P10,DB2_P10_T05_-65_relabeled,L,primary,wf2_featurewise,2,DB2,DB2,True,0.9956573247909546
105,DB5,P13,DB5_P13_T11_r_comf_relabeled,L,primary,wf2_featurewise,2,DB5,DB5,True,0.9952724575996399
107,DB4,P15,DB4_P15_T02_relabeled,R,primary,wf2_featurewise,2,DB4,DB4,True,0.9982926249504089
112,DB5,P16,DB5_P16_T36_r_slow_relabeled,L,primary,wf2_featurewise,2,DB5,DB5,True,0.9935929179191589
121,DB5,P20,DB5_P20_T30_l_slow_relabeled,L,primary,wf2_featurewise,2,DB5,DB5,True,0.9966462254524231
126,DB3,P20,DB3_P20_A_T08,L,primary,wf2_featurewise,2,DB3,DB3,True,0.9853394031524658
129,DB2,P10,DB2_P10_T02_65_relabeled,L,primary,wf2_featurewise,2,DB2,DB2,True,0.9946882724761963
132,DB5,P16,DB5_P16_T04_l_comf_relabeled,L,primary,wf2_featurewise,2,DB5,DB5,True,0.9943238496780396
134,DB3,P08,DB3_P08_A_T06_relabeled,L,primary,wf2_featurewise,2,DB3,DB3,True,0.9622201323509216
140,DB4,P15,DB4_P15_T05_relabeled,R,primary,wf2_featurewise,2,DB4,DB4,True,0.9978220462799072
155,DB2,P10,DB2_P10_T02_130_relabeled,L,primary,wf2_featurewise,2,DB2,DB2,True,0.9937900900840759
158,DB5,P16,DB5_P16_T18_r_comf_relabeled,L,primary,wf2_featurewise,2,DB5,DB5,True,0.9857463836669922
161,DB3,P14,DB3_P14_A_T21_relabeled,L,primary,wf2_featurewise,2,DB3,DB3,True,0.9904925227165222
182,DB5,P13,DB5_P13_T15_r_comf_relabeled,L,primary,wf2_featurewise,2,DB5,DB5,True,0.9938488602638245
195,DB1,P07,DB1_P07_C2_T03_relabeled,L,primary,wf2_featurewise,2,DB1,DB1,True,0.970547616481781
196,DB5,P16,DB5_P16_T06_l_comf_relabeled,L,primary,wf2_featurewise,2,DB5,DB5,True,0.9958058595657349
203,DB5,P20,DB5_P20_T16_r_comf_relabeled,L,primary,wf2_featurewise,2,DB5,DB5,True,0.9876685738563538
204,DB3,P20,DB3_P20_A_T13,L,primary,wf2_featurewise,2,DB3,DB3,True,0.9865504503250122
205,DB3,P04,DB3_P04_A_T05_relabeled,L,primary,wf2_featurewise,2,DB3,DB3,True,0.9374799132347107
212,DB4,P54,DB4_P54_T02_relabeled,R,primary,wf2_featurewise,2,DB4,DB4,True,0.9989861845970154
226,DB1,P12,DB1_P12_C2_T02_relabeled,L,primary,wf2_featurewise,2,DB1,DB1,True,0.9908333420753479
227,DB4,P06,DB4_P06_T04_relabeled,R,primary,wf2_featurewise,2,DB4,DB4,True,0.9980764389038086
230,DB2,P10,DB2_P10_T01_130_relabeled,L,primary,wf2_featurewise,2,DB2,DB2,True,0.99457848072052
242,DB3,P04,DB3_P04_A_T13_relabeled,L,primary,wf2_featurewise,2,DB3,DB3,True,0.9561156630516052
250,DB2,P09,DB2_P09_T04_65_relabeled,L,primary,wf2_featurewise,2,DB2,DB2,True,0.9814033508300781
252,DB3,P08,DB3_P08_A_T07_relabeled,R,primary,wf2_featurewise,2,DB3,DB3,True,0.9268783926963806
270,DB5,P13,DB5_P13_T16_r_comf_relabeled,L,primary,wf2_featurewise,2,DB5,DB5,True,0.9953395128250122
271,DB2,P10,DB2_P10_T02_p_relabeled,L,primary,wf2_featurewise,2,DB2,DB2,True,0.9922316074371338
282,DB5,P16,DB5_P16_T05_l_comf_relabeled,L,primary,wf2_featurewise,2,DB5,DB5,True,0.9963926672935486
294,DB2,P10,DB2_P10_T01_-65_relabeled,L,primary,wf2_featurewise,2,DB2,DB2,True,0.9957483410835266
301,DB2,P10,DB2_P10_T03_130_relabeled,L,primary,wf2_featurewise,2,DB2,DB2,True,0.9945622086524963
306,DB4,P54,DB4_P54_T09_relabeled,R,primary,wf2_featurewise,2,DB4,DB4,True,0.9990139007568359
312,DB4,P48,DB4_P48_T22_relabeled,R,primary,wf2_featurewise,2,DB4,DB4,True,0.9954238533973694
321,DB3,P20,DB3_P20_A_T28,R,primary,wf2_featurewise,2,DB3,DB3,True,0.8972200155258179
324,DB5,P16,DB5_P16_T17_r_comf_relabeled,L,primary,wf2_featurewise,2,DB5,DB5,True,0.9871060848236084
329,DB5,P13,DB5_P13_T29_l_slow_relabeled,L,primary,wf2_featurewise,2,DB5,DB5,True,0.9967293739318848
330,DB5,P16,DB5_P16_T40_r_slow_relabeled,L,primary,wf2_featurewise,2,DB5,DB5,True,0.9936916828155518
333,DB4,P20,DB4_P20_T17_relabeled,L,primary,wf2_featurewise,2,DB4,DB4,True,0.9938973784446716
334,DB5,P16,DB5_P16_T30_l_slow_relabeled,L,primary,wf2_featurewise,2,DB5,DB5,True,0.9963834285736084
343,DB4,P56,DB4_P56_T06_relabeled,R,primary,wf2_featurewise,2,DB4,DB4,True,0.9941195249557495
346,DB3,P14,DB3_P14_A_T16_relabeled,R,primary,wf2_featurewise,2,DB3,DB3,True,0.9739767909049988
365,DB4,P56,DB4_P56_T19_relabeled,R,primary,wf2_featurewise,2,DB4,DB4,True,0.9939286708831787
367,DB5,P13,DB5_P13_T19_r_comf_relabeled,L,primary,wf2_featurewise,2,DB5,DB5,True,0.9959326386451721
370,DB4,P56,DB4_P56_T03_relabeled,R,primary,wf2_featurewise,2,DB4,DB4,True,0.9948741793632507
384,DB4,P15,DB4_P15_T18_relabeled,R,primary,wf2_featurewise,2,DB4,DB4,True,0.9982365369796753
393,DB3,P08,DB3_P08_A_T10_relabeled,L,primary,wf2_featurewise,2,DB3,DB3,True,0.9611591696739197
407,DB3,P14,DB3_P14_A_T17_relabeled,L,primary,wf2_featurewise,2,DB3,DB3,True,0.9824838042259216
412,DB5,P20,DB5_P20_T10_l_comf_relabeled,L,primary,wf2_featurewise,2,DB5,DB5,True,0.996378481388092
416,DB5,P20,DB5_P20_T24_l_slow_relabeled,L,primary,wf2_featurewise,2,DB5,DB5,True,0.9948888421058655
423,DB4,P20,DB4_P20_T06_relabeled,R,primary,wf2_featurewise,2,DB4,DB4,True,0.9985276460647583
425,DB2,P09,DB2_P09_T05_-65_relabeled,L,primary,wf2_featurewise,2,DB2,DB2,True,0.9889857769012451
426,DB5,P16,DB5_P16_T29_l_slow_relabeled,L,primary,wf2_featurewise,2,DB5,DB5,True,0.996394693851471
428,DB2,P10,DB2_P10_T01_p_relabeled,L,primary,wf2_featurewise,2,DB2,DB2,True,0.9916042685508728
431,DB5,P16,DB5_P16_T33_l_slow_relabeled,L,primary,wf2_featurewise,2,DB5,DB5,True,0.9963223934173584
436,DB4,P15,DB4_P15_T12_relabeled,R,primary,wf2_featurewise,2,DB4,DB4,True,0.9979088306427002
440,DB3,P20,DB3_P20_A_T15,R,primary,wf2_featurewise,2,DB3,DB3,True,0.9929177761077881
441,DB4,P34,DB4_P34_T07_relabeled,R,primary,wf2_featurewise,2,DB4,DB4,True,0.9951635599136353
445,DB3,P14,DB3_P14_A_T26_relabeled,R,primary,wf2_featurewise,2,DB3,DB3,True,0.9734611511230469
453,DB4,P44,DB4_P44_T15_relabeled,R,primary,wf2_featurewise,2,DB4,DB4,True,0.9968169331550598
467,DB5,P20,DB5_P20_T36_r_slow_relabeled,L,primary,wf2_featurewise,2,DB5,DB5,True,0.9863556027412415
468,DB4,P15,DB4_P15_T13_relabeled,R,primary,wf2_featurewise,2,DB4,DB4,True,0.9981645941734314
472,DB4,P15,DB4_P15_T06_relabeled,R,primary,wf2_featurewise,2,DB4,DB4,True,0.9983982443809509
478,DB3,P08,DB3_P08_A_T05_relabeled,R,primary,wf2_featurewise,2,DB3,DB3,True,0.9403168559074402
483,DB4,P06,DB4_P06_T07_relabeled,R,primary,wf2_featurewise,2,DB4,DB4,True,0.9980009198188782
485,DB4,P54,DB4_P54_T06_relabeled,R,primary,wf2_featurewise,2,DB4,DB4,True,0.9990779161453247
486,DB2,P10,DB2_P10_T04_-130_relabeled,L,primary,wf2_featurewise,2,DB2,DB2,True,0.9950622916221619
487,DB1,P11,DB1_P11_C2_T02_relabeled,L,primary,wf2_featurewise,2,DB1,DB1,True,0.9333913326263428
492,DB5,P24,DB5_P24_T11_r_comf_relabeled,R,primary,wf2_featurewise,2,DB5,DB5,True,1.0
495,DB2,P09,DB2_P09_T01_250_relabeled,L,primary,wf2_featurewise,2,DB2,DB2,True,0.9934065341949463
498,DB1,P23,DB1_P23_C2_T04_relabeled,L,primary,wf2_featurewise,2,DB1,DB1,True,0.900607705116272
503,DB5,P13,DB5_P13_T03_l_comf_relabeled,L,primary,wf2_featurewise,2,DB5,DB5,True,0.99687260389328
517,DB5,P13,DB5_P13_T28_l_slow_relabeled,L,primary,wf2_featurewise,2,DB5,DB5,True,0.9963661432266235
518,DB4,P56,DB4_P56_T14_relabeled,R,primary,wf2_featurewise,2,DB4,DB4,True,0.9929894208908081
521,DB3,P08,DB3_P08_A_T08_relabeled,L,primary,wf2_featurewise,2,DB3,DB3,True,0.9676070213317871
522,DB4,P34,DB4_P34_T12_relabeled,R,primary,wf2_featurewise,2,DB4,DB4,True,0.9962461590766907
529,DB4,P34,DB4_P34_T05_relabeled,R,primary,wf2_featurewise,2,DB4,DB4,True,0.9961217045783997
532,DB5,P13,DB5_P13_T14_r_comf_relabeled,L,primary,wf2_featurewise,2,DB5,DB5,True,0.9947165846824646
534,DB2,P10,DB2_P10_T03_65_relabeled,L,primary,wf2_featurewise,2,DB2,DB2,True,0.9933225512504578
552,DB2,P09,DB2_P09_T04_-65_relabeled,L,primary,wf2_featurewise,2,DB2,DB2,True,0.9890835881233215
553,DB5,P20,DB5_P20_T33_l_slow_relabeled,L,primary,wf2_featurewise,2,DB5,DB5,True,0.996494472026825
556,DB5,P16,DB5_P16_T09_l_comf_relabeled,L,primary,wf2_featurewise,2,DB5,DB5,True,0.9931924939155579
557,DB5,P13,DB5_P13_T37_r_slow_relabeled,L,primary,wf2_featurewise,2,DB5,DB5,True,0.9939145445823669
560,DB4,P56,DB4_P56_T11_relabeled,R,primary,wf2_featurewise,2,DB4,DB4,True,0.9936255216598511
561,DB4,P15,DB4_P15_T14_relabeled,R,primary,wf2_featurewise,2,DB4,DB4,True,0.998242974281311
570,DB4,P56,DB4_P56_T10_relabeled,R,primary,wf2_featurewise,2,DB4,DB4,True,0.9951238036155701
571,DB2,P09,DB2_P09_T02_-130_relabeled,L,primary,wf2_featurewise,2,DB2,DB2,True,0.9875221848487854
581,DB5,P13,DB5_P13_T09_l_comf_relabeled,L,primary,wf2_featurewise,2,DB5,DB5,True,0.9966333508491516
582,DB1,P12,DB1_P12_C2_T01_relabeled,L,primary,wf2_featurewise,2,DB1,DB1,True,0.9632524251937866
583,DB5,P13,DB5_P13_T34_r_slow_relabeled,L,primary,wf2_featurewise,2,DB5,DB5,True,0.9913739562034607
588,DB4,P56,DB4_P56_T21_relabeled,R,primary,wf2_featurewise,2,DB4,DB4,True,0.9944370985031128
592,DB4,P20,DB4_P20_T15_relabeled,R,primary,wf2_featurewise,2,DB4,DB4,True,0.998262345790863
604,DB1,P19,DB1_P19_C2_T02_relabeled,L,primary,wf2_featurewise,2,DB1,DB1,True,0.9887329339981079
607,DB4,P34,DB4_P34_T03_relabeled,R,primary,wf2_featurewise,2,DB4,DB4,True,0.9951751232147217
608,DB5,P20,DB5_P20_T40_r_slow_relabeled,L,primary,wf2_featurewise,2,DB5,DB5,True,0.9876444935798645
609,DB5,P20,DB5_P20_T06_l_comf_relabeled,L,primary,wf2_featurewise,2,DB5,DB5,True,0.9964264035224915
615,DB2,P09,DB2_P09_T04_130_relabeled,L,primary,wf2_featurewise,2,DB2,DB2,True,0.9880154728889465
627,DB5,P16,DB5_P16_T32_l_slow_relabeled,L,primary,wf2_featurewise,2,DB5,DB5,True,0.9970138072967529
645,DB4,P20,DB4_P20_T13_relabeled,R,primary,wf2_featurewise,2,DB4,DB4,True,0.9987932443618774
651,DB5,P13,DB5_P13_T08_l_comf_relabeled,L,primary,wf2_featurewise,2,DB5,DB5,True,0.9965586066246033
655,DB2,P09,DB2_P09_T03_250_relabeled,L,primary,wf2_featurewise,2,DB2,DB2,True,0.9853593111038208
656,DB5,P13,DB5_P13_T33_r_slow_relabeled,L,primary,wf2_featurewise,2,DB5,DB5,True,0.994884192943573
659,DB4,P48,DB4_P48_T06_relabeled,R,primary,wf2_featurewise,2,DB4,DB4,True,0.9953853487968445
668,DB4,P06,DB4_P06_T08_relabeled,R,primary,wf2_featurewise,2,DB4,DB4,True,0.9980893731117249
669,DB4,P48,DB4_P48_T10_relabeled,R,primary,wf2_featurewise,2,DB4,DB4,True,0.9954342246055603
683,DB5,P16,DB5_P16_T01_l_comf_relabeled,L,primary,wf2_featurewise,2,DB5,DB5,True,0.9957485795021057
689,DB5,P20,DB5_P20_T43_r_slow_relabeled,L,primary,wf2_featurewise,2,DB5,DB5,True,0.9912126660346985
696,DB5,P16,DB5_P16_T41_r_slow_relabeled,L,primary,wf2_featurewise,2,DB5,DB5,True,0.991916835308075
697,DB5,P16,DB5_P16_T07_l_comf_relabeled,L,primary,wf2_featurewise,2,DB5,DB5,True,0.9947232007980347
698,DB3,P20,DB3_P20_A_T26,R,primary,wf2_featurewise,2,DB3,DB3,True,0.8973228931427002
704,DB2,P10,DB2_P10_T04_130_relabeled,L,primary,wf2_featurewise,2,DB2,DB2,True,0.9915585517883301
705,DB3,P04,DB3_P04_A_T08_relabeled,R,primary,wf2_featurewise,2,DB3,DB3,True,0.939632773399353
708,DB2,P10,DB2_P10_T03_250_relabeled,L,primary,wf2_featurewise,2,DB2,DB2,True,0.9926223754882812
718,DB4,P48,DB4_P48_T13_relabeled,R,primary,wf2_featurewise,2,DB4,DB4,True,0.9958261251449585
721,DB2,P10,DB2_P10_T01_-130_relabeled,L,primary,wf2_featurewise,2,DB2,DB2,True,0.9951426982879639
722,DB4,P15,DB4_P15_T11_relabeled,L,primary,wf2_featurewise,2,DB4,DB4,True,0.9941288232803345
734,DB4,P06,DB4_P06_T11_relabeled,R,primary,wf2_featurewise,2,DB4,DB4,True,0.9975134134292603
742,DB5,P20,DB5_P20_T17_r_comf_relabeled,L,primary,wf2_featurewise,2,DB5,DB5,True,0.9839842915534973
743,DB5,P13,DB5_P13_T23_l_slow_relabeled,L,primary,wf2_featurewise,2,DB5,DB5,True,0.9965333938598633
748,DB5,P13,DB5_P13_T12_r_comf_relabeled,L,primary,wf2_featurewise,2,DB5,DB5,True,0.9942426085472107
752,DB4,P44,DB4_P44_T14_relabeled,R,primary,wf2_featurewise,2,DB4,DB4,True,0.9972499012947083
753,DB2,P09,DB2_P09_T03_-130_relabeled,L,primary,wf2_featurewise,2,DB2,DB2,True,0.9857138395309448
754,DB2,P09,DB2_P09_T05_-130_relabeled,L,primary,wf2_featurewise,2,DB2,DB2,True,0.9904217720031738
767,DB5,P13,DB5_P13_T05_l_comf_relabeled,L,primary,wf2_featurewise,2,DB5,DB5,True,0.9962475895881653
769,DB4,P54,DB4_P54_T17_relabeled,R,primary,wf2_featurewise,2,DB4,DB4,True,0.9989491105079651
772,DB4,P20,DB4_P20_T21_relabeled,L,primary,wf2_featurewise,2,DB4,DB4,True,0.9958581328392029
776,DB3,P20,DB3_P20_A_T11,L,primary,wf2_featurewise,2,DB3,DB3,True,0.9889988303184509
778,DB5,P16,DB5_P16_T24_l_slow_relabeled,L,primary,wf2_featurewise,2,DB5,DB5,True,0.9970452189445496
787,DB3,P08,DB3_P08_A_T04_relabeled,L,primary,wf2_featurewise,2,DB3,DB3,True,0.9536693096160889
794,DB5,P13,DB5_P13_T25_l_slow_relabeled,L,primary,wf2_featurewise,2,DB5,DB5,True,0.9969791173934937
801,DB5,P16,DB5_P16_T26_l_slow_relabeled,L,primary,wf2_featurewise,2,DB5,DB5,True,0.9964261651039124
804,DB4,P20,DB4_P20_T16_relabeled,L,primary,wf2_featurewise,2,DB4,DB4,True,0.9957877993583679
808,DB5,P16,DB5_P16_T27_l_slow_relabeled,L,primary,wf2_featurewise,2,DB5,DB5,True,0.9963089823722839
814,DB5,P20,DB5_P20_T32_l_slow_relabeled,L,primary,wf2_featurewise,2,DB5,DB5,True,0.9966700673103333
816,DB2,P09,DB2_P09_T05_250_relabeled,L,primary,wf2_featurewise,2,DB2,DB2,True,0.9886017441749573
819,DB1,P19,DB1_P19_C3_T02_relabeled,L,primary,wf2_featurewise,2,DB1,DB1,True,0.9862609505653381
820,DB1,P08,DB1_P08_C3_T03_relabeled,L,primary,wf2_featurewise,2,DB1,DB1,True,0.9865742325782776
825,DB4,P20,DB4_P20_T22_relabeled,L,primary,wf2_featurewise,2,DB4,DB4,True,0.9964886903762817
831,DB2,P09,DB2_P09_T04_p_relabeled,L,primary,wf2_featurewise,2,DB2,DB2,True,0.9854450821876526
843,DB5,P13,DB5_P13_T40_r_slow_relabeled,L,primary,wf2_featurewise,2,DB5,DB5,True,0.9948710203170776
845,DB5,P13,DB5_P13_T13_r_comf_relabeled,L,primary,wf2_featurewise,2,DB5,DB5,True,0.9953632354736328
850,DB5,P20,DB5_P20_T13_r_comf_relabeled,L,primary,wf2_featurewise,2,DB5,DB5,True,0.9879563450813293
852,DB4,P15,DB4_P15_T10_relabeled,R,primary,wf2_featurewise,2,DB4,DB4,True,0.9979965090751648
853,DB4,P44,DB4_P44_T04_relabeled,R,primary,wf2_featurewise,2,DB4,DB4,True,0.9974477291107178
856,DB4,P20,DB4_P20_T04_relabeled,R,primary,wf2_featurewise,2,DB4,DB4,True,0.9975544810295105
858,DB5,P13,DB5_P13_T32_r_slow_relabeled,L,primary,wf2_featurewise,2,DB5,DB5,True,0.9938890933990479
861,DB2,P10,DB2_P10_T06_-130_relabeled,L,primary,wf2_featurewise,2,DB2,DB2,True,0.9940930008888245
896,DB2,P10,DB2_P10_T01_250_relabeled,L,primary,wf2_featurewise,2,DB2,DB2,True,0.9936969876289368
904,DB3,P04,DB3_P04_A_T14_relabeled,L,primary,wf2_featurewise,2,DB3,DB3,True,0.965682864189148
912,DB1,P01,DB1_P01_C1_T04_relabeled,L,primary,wf2_featurewise,2,DB1,DB1,True,0.9601191282272339
917,DB1,P01,DB1_P01_C2_T02_relabeled,L,primary,wf2_featurewise,2,DB1,DB1,True,0.9590680003166199
922,DB1,P08,DB1_P08_C2_T05_relabeled,L,primary,wf2_featurewise,2,DB1,DB1,True,0.989348292350769
923,DB3,P14,DB3_P14_A_T25_relabeled,R,primary,wf2_featurewise,2,DB3,DB3,True,0.9814644455909729
928,DB4,P48,DB4_P48_T12_relabeled,R,primary,wf2_featurewise,2,DB4,DB4,True,0.995672881603241
929,DB5,P20,DB5_P20_T09_l_comf_relabeled,L,primary,wf2_featurewise,2,DB5,DB5,True,0.9964780211448669
937,DB5,P20,DB5_P20_T11_l_comf_relabeled,L,primary,wf2_featurewise,2,DB5,DB5,True,0.9951558113098145
943,DB3,P04,DB3_P04_A_T09_relabeled,L,primary,wf2_featurewise,2,DB3,DB3,True,0.9410579800605774
948,DB2,P10,DB2_P10_T04_65_relabeled,L,primary,wf2_featurewise,2,DB2,DB2,True,0.9933428764343262
951,DB2,P10,DB2_P10_T06_65_relabeled,L,primary,wf2_featurewise,2,DB2,DB2,True,0.9941323399543762
952,DB2,P09,DB2_P09_T02_65_relabeled,L,primary,wf2_featurewise,2,DB2,DB2,True,0.989559531211853
954,DB4,P48,DB4_P48_T11_relabeled,R,primary,wf2_featurewise,2,DB4,DB4,True,0.9943360686302185
968,DB4,P44,DB4_P44_T08_relabeled,R,primary,wf2_featurewise,2,DB4,DB4,True,0.9971005320549011
979,DB3,P14,DB3_P14_A_T18_relabeled,R,primary,wf2_featurewise,2,DB3,DB3,True,0.9791494011878967
980,DB4,P15,DB4_P15_T03_relabeled,L,primary,wf2_featurewise,2,DB4,DB4,True,0.9939250349998474
981,DB4,P44,DB4_P44_T10_relabeled,R,primary,wf2_featurewise,2,DB4,DB4,True,0.9966588020324707
983,DB1,P19,DB1_P19_C2_T03_relabeled,L,primary,wf2_featurewise,2,DB1,DB1,True,0.9859100580215454
985,DB2,P09,DB2_P09_T01_-130_relabeled,L,primary,wf2_featurewise,2,DB2,DB2,True,0.9830958843231201
987,DB4,P54,DB4_P54_T18_relabeled,R,primary,wf2_featurewise,2,DB4,DB4,True,0.9990819692611694
988,DB4,P48,DB4_P48_T02_relabeled,R,primary,wf2_featurewise,2,DB4,DB4,True,0.9959794282913208
989,DB4,P34,DB4_P34_T22_relabeled,R,primary,wf2_featurewise,2,DB4,DB4,True,0.9957864880561829
999,DB2,P09,DB2_P09_T01_130_relabeled,L,primary,wf2_featurewise,2,DB2,DB2,True,0.987569272518158
1001,DB4,P56,DB4_P56_T08_relabeled,R,primary,wf2_featurewise,2,DB4,DB4,True,0.9932148456573486
1006,DB1,P01,DB1_P01_C1_T03_relabeled,L,primary,wf2_featurewise,2,DB1,DB1,True,0.9530273675918579
1007,DB1,P01,DB1_P01_C2_T04_relabeled,L,primary,wf2_featurewise,2,DB1,DB1,True,0.9533571600914001
1009,DB2,P10,DB2_P10_T04_-65_relabeled,L,primary,wf2_featurewise,2,DB2,DB2,True,0.9950956106185913
1022,DB1,P11,DB1_P11_C2_T01_relabeled,L,primary,wf2_featurewise,2,DB1,DB1,True,0.9345991015434265
1024,DB2,P10,DB2_P10_T02_-65_relabeled,L,primary,wf2_featurewise,2,DB2,DB2,True,0.9955825209617615
1027,DB1,P01,DB1_P01_C3_T01_relabeled,L,primary,wf2_featurewise,2,DB1,DB1,True,0.9325061440467834
1031,DB5,P20,DB5_P20_T27_l_slow_relabeled,L,primary,wf2_featurewise,2,DB5,DB5,True,0.995377779006958
1037,DB4,P54,DB4_P54_T11_relabeled,R,primary,wf2_featurewise,2,DB4,DB4,True,0.998902440071106
1045,DB3,P14,DB3_P14_A_T15_relabeled,L,primary,wf2_featurewise,2,DB3,DB3,True,0.9834566712379456
1050,DB1,P12,DB1_P12_C2_T03_relabeled,L,primary,wf2_featurewise,2,DB1,DB1,True,0.9858295321464539
1054,DB2,P09,DB2_P09_T02_250_relabeled,L,primary,wf2_featurewise,2,DB2,DB2,True,0.9872602224349976
1055,DB4,P44,DB4_P44_T03_relabeled,R,primary,wf2_featurewise,2,DB4,DB4,True,0.9962565898895264
1062,DB1,P08,DB1_P08_C3_T04_relabeled,L,primary,wf2_featurewise,2,DB1,DB1,True,0.9902055859565735
1077,DB3,P14,DB3_P14_A_T24_relabeled,L,primary,wf2_featurewise,2,DB3,DB3,True,0.9866796135902405
1078,DB5,P20,DB5_P20_T03_l_comf_relabeled,L,primary,wf2_featurewise,2,DB5,DB5,True,0.9947103261947632
1091,DB3,P04,DB3_P04_A_T07_relabeled,L,primary,wf2_featurewise,2,DB3,DB3,True,0.9407315850257874
1094,DB5,P16,DB5_P16_T31_l_slow_relabeled,L,primary,wf2_featurewise,2,DB5,DB5,True,0.996780276298523
1096,DB5,P20,DB5_P20_T07_l_comf_relabeled,L,primary,wf2_featurewise,2,DB5,DB5,True,0.9967531561851501
1110,DB5,P20,DB5_P20_T20_r_comf_relabeled,L,primary,wf2_featurewise,2,DB5,DB5,True,0.9856991171836853
1113,DB1,P07,DB1_P07_C3_T01_relabeled,L,primary,wf2_featurewise,2,DB1,DB1,True,0.9847325682640076
1120,DB1,P01,DB1_P01_C1_T01_relabeled,L,primary,wf2_featurewise,2,DB1,DB1,True,0.9725655317306519
1125,DB4,P54,DB4_P54_T19_relabeled,R,primary,wf2_featurewise,2,DB4,DB4,True,0.9991204142570496
1126,DB4,P06,DB4_P06_T03_relabeled,R,primary,wf2_featurewise,2,DB4,DB4,True,0.9982120990753174
1131,DB5,P13,DB5_P13_T39_r_slow_relabeled,L,primary,wf2_featurewise,2,DB5,DB5,True,0.9958244562149048
1132,DB5,P13,DB5_P13_T30_l_slow_relabeled,L,primary,wf2_featurewise,2,DB5,DB5,True,0.9974935054779053
1139,DB4,P06,DB4_P06_T20_relabeled,R,primary,wf2_featurewise,2,DB4,DB4,True,0.9982182383537292
1140,DB4,P56,DB4_P56_T12_relabeled,R,primary,wf2_featurewise,2,DB4,DB4,True,0.9946427345275879
1141,DB4,P15,DB4_P15_T20_relabeled,R,primary,wf2_featurewise,2,DB4,DB4,True,0.9981927275657654
1159,DB4,P20,DB4_P20_T07_relabeled,L,primary,wf2_featurewise,2,DB4,DB4,True,0.9967736601829529
1166,DB4,P54,DB4_P54_T22_relabeled,R,primary,wf2_featurewise,2,DB4,DB4,True,0.9990183115005493
1173,DB3,P14,DB3_P14_A_T22_relabeled,L,primary,wf2_featurewise,2,DB3,DB3,True,0.9854415655136108
1194,DB4,P20,DB4_P20_T11_relabeled,L,primary,wf2_featurewise,2,DB4,DB4,True,0.9913144707679749
1197,DB4,P15,DB4_P15_T07_relabeled,R,primary,wf2_featurewise,2,DB4,DB4,True,0.9981826543807983
1201,DB1,P11,DB1_P11_C2_T05_relabeled,L,primary,wf2_featurewise,2,DB1,DB1,True,0.9431926012039185
1206,DB4,P15,DB4_P15_T17_relabeled,R,primary,wf2_featurewise,2,DB4,DB4,True,0.9979766011238098
1208,DB5,P20,DB5_P20_T29_l_slow_relabeled,L,primary,wf2_featurewise,2,DB5,DB5,True,0.9961538910865784
1212,DB4,P20,DB4_P20_T23_relabeled,R,primary,wf2_featurewise,2,DB4,DB4,True,0.9987150430679321
1213,DB4,P15,DB4_P15_T22_relabeled,R,primary,wf2_featurewise,2,DB4,DB4,True,0.9979802966117859
1215,DB3,P08,DB3_P08_A_T02_relabeled,L,primary,wf2_featurewise,2,DB3,DB3,True,0.9712751507759094
1221,DB1,P08,DB1_P08_C2_T04_relabeled,L,primary,wf2_featurewise,2,DB1,DB1,True,0.988562822341919
1227,DB5,P20,DB5_P20_T21_r_comf_relabeled,L,primary,wf2_featurewise,2,DB5,DB5,True,0.9889119863510132
1236,DB4,P54,DB4_P54_T14_relabeled,R,primary,wf2_featurewise,2,DB4,DB4,True,0.9988707900047302
1254,DB5,P16,DB5_P16_T03_l_comf_relabeled,L,primary,wf2_featurewise,2,DB5,DB5,True,0.9640657305717468
1257,DB5,P20,DB5_P20_T35_r_slow_relabeled,L,primary,wf2_featurewise,2,DB5,DB5,True,0.9883999824523926
1261,DB4,P44,DB4_P44_T12_relabeled,R,primary,wf2_featurewise,2,DB4,DB4,True,0.9970220923423767
1267,DB4,P20,DB4_P20_T18_relabeled,R,primary,wf2_featurewise,2,DB4,DB4,True,0.9983264803886414
1273,DB4,P20,DB4_P20_T09_relabeled,R,primary,wf2_featurewise,2,DB4,DB4,True,0.9984192848205566
1281,DB5,P16,DB5_P16_T39_r_slow_relabeled,L,primary,wf2_featurewise,2,DB5,DB5,True,0.9927330017089844
1289,DB3,P20,DB3_P20_A_T02,L,primary,wf2_featurewise,2,DB3,DB3,True,0.9656139612197876
1290,DB1,P12,DB1_P12_C2_T04_relabeled,L,primary,wf2_featurewise,2,DB1,DB1,True,0.9903980493545532
1294,DB2,P09,DB2_P09_T02_-65_relabeled,L,primary,wf2_featurewise,2,DB2,DB2,True,0.984293520450592
1295,DB1,P08,DB1_P08_C2_T01_relabeled,L,primary,wf2_featurewise,2,DB1,DB1,True,0.9876112341880798
1301,DB5,P13,DB5_P13_T20_r_comf_relabeled,L,primary,wf2_featurewise,2,DB5,DB5,True,0.9938547015190125
1306,DB4,P06,DB4_P06_T02_relabeled,R,primary,wf2_featurewise,2,DB4,DB4,True,0.9984124898910522
1313,DB4,P15,DB4_P15_T19_relabeled,R,primary,wf2_featurewise,2,DB4,DB4,True,0.9983818531036377
1322,DB1,P19,DB1_P19_C3_T03_relabeled,L,primary,wf2_featurewise,2,DB1,DB1,True,0.9879117012023926
1332,DB2,P09,DB2_P09_T03_130_relabeled,L,primary,wf2_featurewise,2,DB2,DB2,True,0.9876371622085571
1333,DB4,P44,DB4_P44_T13_relabeled,R,primary,wf2_featurewise,2,DB4,DB4,True,0.9964253306388855
1336,DB4,P06,DB4_P06_T22_relabeled,R,primary,wf2_featurewise,2,DB4,DB4,True,0.9973100423812866
1337,DB5,P16,DB5_P16_T02_l_comf_relabeled,L,primary,wf2_featurewise,2,DB5,DB5,True,0.9952442049980164
1339,DB4,P06,DB4_P06_T21_relabeled,R,primary,wf2_featurewise,2,DB4,DB4,True,0.9982062578201294
1342,DB4,P20,DB4_P20_T24_relabeled,R,primary,wf2_featurewise,2,DB4,DB4,True,0.9986299276351929
1343,DB5,P13,DB5_P13_T24_l_slow_relabeled,L,primary,wf2_featurewise,2,DB5,DB5,True,0.9964817762374878
1350,DB4,P34,DB4_P34_T17_relabeled,R,primary,wf2_featurewise,2,DB4,DB4,True,0.9951775074005127
1352,DB5,P20,DB5_P20_T34_r_slow_relabeled,L,primary,wf2_featurewise,2,DB5,DB5,True,0.9862315058708191
1354,DB4,P56,DB4_P56_T05_relabeled,R,primary,wf2_featurewise,2,DB4,DB4,True,0.992384135723114
1356,DB5,P20,DB5_P20_T08_l_comf_relabeled,L,primary,wf2_featurewise,2,DB5,DB5,True,0.99642014503479
1371,DB4,P34,DB4_P34_T09_relabeled,R,primary,wf2_featurewise,2,DB4,DB4,True,0.9966025352478027
1374,DB4,P34,DB4_P34_T04_relabeled,R,primary,wf2_featurewise,2,DB4,DB4,True,0.9963028430938721
1375,DB4,P44,DB4_P44_T18_relabeled,R,primary,wf2_featurewise,2,DB4,DB4,True,0.997261643409729
1377,DB5,P13,DB5_P13_T35_r_slow_relabeled,L,primary,wf2_featurewise,2,DB5,DB5,True,0.994178056716919
1389,DB4,P54,DB4_P54_T07_relabeled,R,primary,wf2_featurewise,2,DB4,DB4,True,0.9990501999855042
1392,DB4,P56,DB4_P56_T20_relabeled,R,primary,wf2_featurewise,2,DB4,DB4,True,0.9929736852645874
1417,DB4,P15,DB4_P15_T16_relabeled,R,primary,wf2_featurewise,2,DB4,DB4,True,0.9979946613311768
1425,DB4,P54,DB4_P54_T16_relabeled,R,primary,wf2_featurewise,2,DB4,DB4,True,0.998986542224884
1427,DB1,P01,DB1_P01_C1_T05_relabeled,L,primary,wf2_featurewise,2,DB1,DB1,True,0.9674789905548096
1431,DB5,P16,DB5_P16_T12_l_comf_relabeled,L,primary,wf2_featurewise,2,DB5,DB5,True,0.9949980974197388
1438,DB2,P10,DB2_P10_T02_250_relabeled,L,primary,wf2_featurewise,2,DB2,DB2,True,0.9925381541252136
1441,DB2,P10,DB2_P10_T04_250_relabeled,L,primary,wf2_featurewise,2,DB2,DB2,True,0.9913454055786133
1444,DB4,P54,DB4_P54_T08_relabeled,R,primary,wf2_featurewise,2,DB4,DB4,True,0.9990449547767639
1447,DB5,P20,DB5_P20_T18_r_comf_relabeled,L,primary,wf2_featurewise,2,DB5,DB5,True,0.9893026947975159
1460,DB4,P06,DB4_P06_T14_relabeled,R,primary,wf2_featurewise,2,DB4,DB4,True,0.9969156980514526
1461,DB1,P07,DB1_P07_C3_T04_relabeled,L,primary,wf2_featurewise,2,DB1,DB1,True,0.9857797622680664
1463,DB4,P15,DB4_P15_T21_relabeled,R,primary,wf2_featurewise,2,DB4,DB4,True,0.9983561635017395
1467,DB3,P14,DB3_P14_A_T20_relabeled,L,primary,wf2_featurewise,2,DB3,DB3,True,0.9862940907478333
1469,DB4,P44,DB4_P44_T09_relabeled,R,primary,wf2_featurewise,2,DB4,DB4,True,0.9969444870948792
1473,DB4,P48,DB4_P48_T05_relabeled,R,primary,wf2_featurewise,2,DB4,DB4,True,0.9951614737510681
1482,DB4,P06,DB4_P06_T16_relabeled,R,primary,wf2_featurewise,2,DB4,DB4,True,0.9971680045127869
1483,DB5,P13,DB5_P13_T10_l_comf_relabeled,L,primary,wf2_featurewise,2,DB5,DB5,True,0.9962291121482849
1498,DB5,P16,DB5_P16_T38_r_slow_relabeled,L,primary,wf2_featurewise,2,DB5,DB5,True,0.9925616383552551
1501,DB2,P10,DB2_P10_T02_-130_relabeled,L,primary,wf2_featurewise,2,DB2,DB2,True,0.9943841695785522
1506,DB5,P16,DB5_P16_T11_l_comf_relabeled,L,primary,wf2_featurewise,2,DB5,DB5,True,0.9951664209365845
1509,DB4,P44,DB4_P44_T17_relabeled,R,primary,wf2_featurewise,2,DB4,DB4,True,0.9969845414161682
1510,DB3,P08,DB3_P08_A_T03_relabeled,R,primary,wf2_featurewise,2,DB3,DB3,True,0.9081341624259949
1512,DB4,P56,DB4_P56_T02_relabeled,R,primary,wf2_featurewise,2,DB4,DB4,True,0.9951972365379333
1515,DB4,P44,DB4_P44_T21_relabeled,R,primary,wf2_featurewise,2,DB4,DB4,True,0.9943127632141113
1522,DB5,P13,DB5_P13_T27_l_slow_relabeled,L,primary,wf2_featurewise,2,DB5,DB5,True,0.9964834451675415
1525,DB2,P09,DB2_P09_T03_-65_relabeled,L,primary,wf2_featurewise,2,DB2,DB2,True,0.9871761202812195
1530,DB5,P20,DB5_P20_T25_l_slow_relabeled,L,primary,wf2_featurewise,2,DB5,DB5,True,0.9957109689712524
1531,DB3,P04,DB3_P04_A_T10_relabeled,R,primary,wf2_featurewise,2,DB3,DB3,True,0.951162576675415
1535,DB1,P08,DB1_P08_C2_T03_relabeled,L,primary,wf2_featurewise,2,DB1,DB1,True,0.9894689321517944
1542,DB4,P06,DB4_P06_T19_relabeled,R,primary,wf2_featurewise,2,DB4,DB4,True,0.9967167973518372
1546,DB4,P54,DB4_P54_T15_relabeled,R,primary,wf2_featurewise,2,DB4,DB4,True,0.9989879727363586
1550,DB5,P20,DB5_P20_T39_r_slow_relabeled,L,primary,wf2_featurewise,2,DB5,DB5,True,0.9901408553123474
1557,DB4,P15,DB4_P15_T15_relabeled,R,primary,wf2_featurewise,2,DB4,DB4,True,0.9979786276817322
1563,DB5,P20,DB5_P20_T31_l_slow_relabeled,L,primary,wf2_featurewise,2,DB5,DB5,True,0.996605634689331
1565,DB4,P48,DB4_P48_T16_relabeled,R,primary,wf2_featurewise,2,DB4,DB4,True,0.9956303834915161
1566,DB4,P56,DB4_P56_T09_relabeled,R,primary,wf2_featurewise,2,DB4,DB4,True,0.9952815175056458
1581,DB5,P20,DB5_P20_T05_l_comf_relabeled,L,primary,wf2_featurewise,2,DB5,DB5,True,0.9960314631462097
1583,DB4,P34,DB4_P34_T13_relabeled,R,primary,wf2_featurewise,2,DB4,DB4,True,0.9966559410095215
1585,DB4,P44,DB4_P44_T06_relabeled,R,primary,wf2_featurewise,2,DB4,DB4,True,0.9966773986816406
1591,DB4,P20,DB4_P20_T05_relabeled,R,primary,wf2_featurewise,2,DB4,DB4,True,0.998792290687561
1621,DB4,P54,DB4_P54_T21_relabeled,R,primary,wf2_featurewise,2,DB4,DB4,True,0.9989915490150452
1628,DB4,P20,DB4_P20_T08_relabeled,R,primary,wf2_featurewise,2,DB4,DB4,True,0.9985755681991577
1629,DB2,P09,DB2_P09_T02_130_relabeled,L,primary,wf2_featurewise,2,DB2,DB2,True,0.9892706871032715
1630,DB2,P09,DB2_P09_T05_130_relabeled,L,primary,wf2_featurewise,2,DB2,DB2,True,0.988596498966217
1645,DB5,P20,DB5_P20_T12_r_comf_relabeled,L,primary,wf2_featurewise,2,DB5,DB5,True,0.9842814803123474
1650,DB1,P01,DB1_P01_C1_T02_relabeled,L,primary,wf2_featurewise,2,DB1,DB1,True,0.9498562812805176
1657,DB5,P20,DB5_P20_T04_l_comf_relabeled,L,primary,wf2_featurewise,2,DB5,DB5,True,0.996123731136322
1663,DB3,P04,DB3_P04_A_T15_relabeled,R,primary,wf2_featurewise,2,DB3,DB3,True,0.9304542541503906
1665,DB4,P48,DB4_P48_T17_relabeled,R,primary,wf2_featurewise,2,DB4,DB4,True,0.9947935938835144
1666,DB4,P56,DB4_P56_T15_relabeled,R,primary,wf2_featurewise,2,DB4,DB4,True,0.9947333335876465
1672,DB4,P56,DB4_P56_T16_relabeled,R,primary,wf2_featurewise,2,DB4,DB4,True,0.9936079978942871
1674,DB2,P10,DB2_P10_T05_130_relabeled,L,primary,wf2_featurewise,2,DB2,DB2,True,0.9953279495239258
1677,DB5,P13,DB5_P13_T01_l_comf_relabeled,L,primary,wf2_featurewise,2,DB5,DB5,True,0.9964104294776917
1687,DB4,P56,DB4_P56_T07_relabeled,R,primary,wf2_featurewise,2,DB4,DB4,True,0.9961239695549011
1689,DB4,P56,DB4_P56_T13_relabeled,R,primary,wf2_featurewise,2,DB4,DB4,True,0.9938784241676331
1690,DB5,P13,DB5_P13_T18_r_comf_relabeled,L,primary,wf2_featurewise,2,DB5,DB5,True,0.9949854612350464
1693,DB5,P20,DB5_P20_T02_l_comf_relabeled,L,primary,wf2_featurewise,2,DB5,DB5,True,0.9958868622779846
1701,DB4,P34,DB4_P34_T10_relabeled,R,primary,wf2_featurewise,2,DB4,DB4,True,0.9964963793754578
1704,DB4,P06,DB4_P06_T10_relabeled,R,primary,wf2_featurewise,2,DB4,DB4,True,0.998144268989563
1710,DB4,P44,DB4_P44_T05_relabeled,R,primary,wf2_featurewise,2,DB4,DB4,True,0.9968337416648865
1711,DB3,P14,DB3_P14_A_T23_relabeled,R,primary,wf2_featurewise,2,DB3,DB3,True,0.9724656343460083
1713,DB5,P20,DB5_P20_T19_r_comf_relabeled,L,primary,wf2_featurewise,2,DB5,DB5,True,0.9857960939407349
1726,DB5,P13,DB5_P13_T06_l_comf_relabeled,L,primary,wf2_featurewise,2,DB5,DB5,True,0.9970613121986389
1727,DB4,P20,DB4_P20_T19_relabeled,R,primary,wf2_featurewise,2,DB4,DB4,True,0.998640239238739
1728,DB5,P16,DB5_P16_T35_r_slow_relabeled,L,primary,wf2_featurewise,2,DB5,DB5,True,0.9929653406143188
1743,DB5,P16,DB5_P16_T28_l_slow_relabeled,L,primary,wf2_featurewise,2,DB5,DB5,True,0.9966524243354797
1745,DB4,P06,DB4_P06_T12_relabeled,R,primary,wf2_featurewise,2,DB4,DB4,True,0.9980607628822327
1751,DB4,P44,DB4_P44_T19_relabeled,R,primary,wf2_featurewise,2,DB4,DB4,True,0.9967043995857239
1752,DB4,P44,DB4_P44_T02_relabeled,R,primary,wf2_featurewise,2,DB4,DB4,True,0.9969108700752258
1758,DB1,P08,DB1_P08_C3_T01_relabeled,L,primary,wf2_featurewise,2,DB1,DB1,True,0.9857052564620972
1759,DB4,P34,DB4_P34_T19_relabeled,R,primary,wf2_featurewise,2,DB4,DB4,True,0.9950950145721436
1761,DB5,P13,DB5_P13_T36_r_slow_relabeled,L,primary,wf2_featurewise,2,DB5,DB5,True,0.9952752590179443
1763,DB2,P09,DB2_P09_T04_250_relabeled,L,primary,wf2_featurewise,2,DB2,DB2,True,0.9815851449966431
1765,DB5,P20,DB5_P20_T41_r_slow_relabeled,L,primary,wf2_featurewise,2,DB5,DB5,True,0.9888392090797424
1771,DB5,P13,DB5_P13_T17_r_comf_relabeled,L,primary,wf2_featurewise,2,DB5,DB5,True,0.9936867356300354
1779,DB4,P44,DB4_P44_T11_relabeled,R,primary,wf2_featurewise,2,DB4,DB4,True,0.9968463778495789
1792,DB2,P09,DB2_P09_T06_p_relabeled,L,primary,wf2_featurewise,2,DB2,DB2,True,0.9862662553787231
1794,DB4,P34,DB4_P34_T18_relabeled,R,primary,wf2_featurewise,2,DB4,DB4,True,0.9949098229408264
1797,DB5,P13,DB5_P13_T07_l_comf_relabeled,L,primary,wf2_featurewise,2,DB5,DB5,True,0.9968223571777344
1800,DB4,P15,DB4_P15_T08_relabeled,R,primary,wf2_featurewise,2,DB4,DB4,True,0.9978634715080261
1805,DB5,P16,DB5_P16_T37_r_slow_relabeled,L,primary,wf2_featurewise,2,DB5,DB5,True,0.9943061470985413
1809,DB5,P13,DB5_P13_T22_l_slow_relabeled,L,primary,wf2_featurewise,2,DB5,DB5,True,0.9964985847473145
1811,DB4,P48,DB4_P48_T08_relabeled,R,primary,wf2_featurewise,2,DB4,DB4,True,0.9954636693000793
1820,DB1,P07,DB1_P07_C3_T03_relabeled,L,primary,wf2_featurewise,2,DB1,DB1,True,0.9896218776702881
1835,DB2,P10,DB2_P10_T04_p_relabeled,L,primary,wf2_featurewise,2,DB2,DB2,True,0.9917640089988708
1836,DB3,P20,DB3_P20_A_T21,R,primary,wf2_featurewise,2,DB3,DB3,True,0.885247528553009
1844,DB5,P13,DB5_P13_T31_r_slow_relabeled,L,primary,wf2_featurewise,2,DB5,DB5,True,0.9946613907814026
1852,DB4,P06,DB4_P06_T17_relabeled,R,primary,wf2_featurewise,2,DB4,DB4,True,0.9971200227737427
1858,DB5,P13,DB5_P13_T21_l_slow_relabeled,L,primary,wf2_featurewise,2,DB5,DB5,True,0.9970525503158569
1862,DB3,P08,DB3_P08_A_T01_relabeled,R,primary,wf2_featurewise,2,DB3,DB3,True,0.9380225539207458
1863,DB5,P16,DB5_P16_T43_r_slow_relabeled,L,primary,wf2_featurewise,2,DB5,DB5,True,0.9906414151191711
1871,DB2,P09,DB2_P09_T01_p_relabeled,L,primary,wf2_featurewise,2,DB2,DB2,True,0.988889217376709
1873,DB4,P54,DB4_P54_T10_relabeled,R,primary,wf2_featurewise,2,DB4,DB4,True,0.9988647699356079
1877,DB5,P13,DB5_P13_T38_r_slow_relabeled,L,primary,wf2_featurewise,2,DB5,DB5,True,0.9950578212738037
1881,DB5,P20,DB5_P20_T26_l_slow_relabeled,L,primary,wf2_featurewise,2,DB5,DB5,True,0.9957371950149536
1883,DB5,P20,DB5_P20_T28_l_slow_relabeled,L,primary,wf2_featurewise,2,DB5,DB5,True,0.9964861869812012
1887,DB1,P19,DB1_P19_C2_T05_relabeled,L,primary,wf2_featurewise,2,DB1,DB1,True,0.9883629679679871
1888,DB5,P13,DB5_P13_T04_l_comf_relabeled,L,primary,wf2_featurewise,2,DB5,DB5,True,0.996683657169342
1897,DB4,P48,DB4_P48_T09_relabeled,R,primary,wf2_featurewise,2,DB4,DB4,True,0.9954074025154114
1901,DB4,P48,DB4_P48_T03_relabeled,R,primary,wf2_featurewise,2,DB4,DB4,True,0.9960631728172302
3,DB3,P13,DB3_P13_A_T18_relabeled,R,primary,wf2_featurewise,3,DB3,DB3,True,0.9993090629577637
6,DB1,P15,DB1_P15_C2_T02_relabeled,L,primary,wf2_featurewise,3,DB1,DB1,True,0.9999175071716309
13,DB1,P30,DB1_P30_C2_T02_relabeled,L,primary,wf2_featurewise,3,DB1,DB1,True,0.9998528957366943
14,DB2,P02,DB2_P02_T03_130_relabeled,L,primary,wf2_featurewise,3,DB2,DB2,True,0.9990875720977783
15,DB5,P27,DB5_P27_T33_r_slow_relabeled,L,primary,wf2_featurewise,3,DB5,DB5,True,0.9999971389770508
24,DB4,P27,DB4_P27_T21_relabeled,R,primary,wf2_featurewise,3,DB4,DB4,True,0.9999039173126221
29,DB4,P57,DB4_P57_T03_relabeled,R,primary,wf2_featurewise,3,DB4,DB4,True,0.9999136924743652
30,DB5,P15,DB5_P15_T34_r_slow_relabeled,L,primary,wf2_featurewise,3,DB5,DB5,True,0.9999996423721313
38,DB3,P13,DB3_P13_A_T29_relabeled,L,primary,wf2_featurewise,3,DB3,DB3,True,0.9996426105499268
43,DB5,P10,DB5_P10_T23_l_slow_relabeled,L,primary,wf2_featurewise,3,DB5,DB5,True,0.9999990463256836
45,DB4,P50,DB4_P50_T19_relabeled,R,primary,wf2_featurewise,3,DB4,DB4,True,0.9998866319656372
51,DB4,P03,DB4_P03_T15_relabeled,R,primary,wf2_featurewise,3,DB4,DB4,True,0.999903678894043
58,DB2,P03,DB2_P03_T04_-65_relabeled,L,primary,wf2_featurewise,3,DB2,DB2,True,0.9995150566101074
64,DB2,P02,DB2_P02_T04_65_relabeled,L,primary,wf2_featurewise,3,DB2,DB2,True,0.9976420402526855
73,DB1,P13,DB1_P13_C2_T04_relabeled,L,primary,wf2_featurewise,3,DB1,DB1,True,0.9998237490653992
74,DB5,P27,DB5_P27_T28_l_slow_relabeled,L,primary,wf2_featurewise,3,DB5,DB5,True,0.999994158744812
75,DB2,P02,DB2_P02_T01_65_relabeled,L,primary,wf2_featurewise,3,DB2,DB2,True,0.9982025623321533
79,DB5,P15,DB5_P15_T28_l_slow_relabeled,L,primary,wf2_featurewise,3,DB5,DB5,True,0.999998927116394
81,DB3,P03,DB3_P03_A_T15_relabeled,L,primary,wf2_featurewise,3,DB3,DB3,True,0.9992789626121521
84,DB2,P03,DB2_P03_T09_p_relabeled,L,primary,wf2_featurewise,3,DB2,DB2,True,0.9996349811553955
96,DB3,P13,DB3_P13_A_T28_relabeled,L,primary,wf2_featurewise,3,DB3,DB3,True,0.9998723268508911
98,DB5,P15,DB5_P15_T19_r_comf_relabeled,L,primary,wf2_featurewise,3,DB5,DB5,True,0.9999990463256836
101,DB5,P10,DB5_P10_T30_l_slow_relabeled,L,primary,wf2_featurewise,3,DB5,DB5,True,0.9999963045120239
108,DB5,P10,DB5_P10_T25_l_slow_relabeled,L,primary,wf2_featurewise,3,DB5,DB5,True,0.999998927116394
122,DB5,P27,DB5_P27_T37_r_slow_relabeled,L,primary,wf2_featurewise,3,DB5,DB5,True,0.9999980926513672
127,DB3,P06,DB3_P06_A_T06_relabeled,R,primary,wf2_featurewise,3,DB3,DB3,True,0.9997214674949646
128,DB4,P21,DB4_P21_T15_relabeled,R,primary,wf2_featurewise,3,DB4,DB4,True,0.9999076128005981
130,DB4,P01,DB4_P01_T15_relabeled,R,primary,wf2_featurewise,3,DB4,DB4,True,0.9999203681945801
131,DB4,P50,DB4_P50_T08_relabeled,R,primary,wf2_featurewise,3,DB4,DB4,True,0.9998995065689087
135,DB5,P10,DB5_P10_T02_l_comf_relabeled,L,primary,wf2_featurewise,3,DB5,DB5,True,0.9999986886978149
144,DB4,P03,DB4_P03_T09_relabeled,R,primary,wf2_featurewise,3,DB4,DB4,True,0.9999215602874756
147,DB2,P03,DB2_P03_T02_250_relabeled,L,primary,wf2_featurewise,3,DB2,DB2,True,0.9941920638084412
148,DB5,P27,DB5_P27_T40_r_slow_relabeled,L,primary,wf2_featurewise,3,DB5,DB5,True,0.9999992847442627
156,DB1,P13,DB1_P13_C2_T02_relabeled,L,primary,wf2_featurewise,3,DB1,DB1,True,0.9999059438705444
157,DB4,P01,DB4_P01_T12_relabeled,R,primary,wf2_featurewise,3,DB4,DB4,True,0.9999234676361084
167,DB5,P27,DB5_P27_T41_r_slow_relabeled,L,primary,wf2_featurewise,3,DB5,DB5,True,0.9999974966049194
172,DB4,P27,DB4_P27_T19_relabeled,L,primary,wf2_featurewise,3,DB4,DB4,True,0.9996196031570435
173,DB4,P05,DB4_P05_T22_relabeled,R,primary,wf2_featurewise,3,DB4,DB4,True,0.999934196472168
177,DB5,P27,DB5_P27_T29_l_slow_relabeled,L,primary,wf2_featurewise,3,DB5,DB5,True,0.9999973773956299
180,DB4,P57,DB4_P57_T05_relabeled,R,primary,wf2_featurewise,3,DB4,DB4,True,0.9999278783798218
193,DB4,P27,DB4_P27_T07_relabeled,R,primary,wf2_featurewise,3,DB4,DB4,True,0.9999139308929443
194,DB5,P15,DB5_P15_T07_l_comf_relabeled,L,primary,wf2_featurewise,3,DB5,DB5,True,0.9999988079071045
206,DB1,P09,DB1_P09_C3_T04_relabeled,L,primary,wf2_featurewise,3,DB1,DB1,True,0.9999232292175293
207,DB4,P27,DB4_P27_T18_relabeled,L,primary,wf2_featurewise,3,DB4,DB4,True,0.999729573726654
208,DB5,P15,DB5_P15_T08_l_comf_relabeled,L,primary,wf2_featurewise,3,DB5,DB5,True,0.9999984502792358
217,DB5,P27,DB5_P27_T35_r_slow_relabeled,L,primary,wf2_featurewise,3,DB5,DB5,True,0.9999991655349731
228,DB5,P10,DB5_P10_T26_l_slow_relabeled,L,primary,wf2_featurewise,3,DB5,DB5,True,0.9999990463256836
231,DB1,P15,DB1_P15_C3_T02_relabeled,L,primary,wf2_featurewise,3,DB1,DB1,True,0.9986901879310608
234,DB2,P03,DB2_P03_T01_65_relabeled,L,primary,wf2_featurewise,3,DB2,DB2,True,0.9994717240333557
243,DB4,P57,DB4_P57_T09_relabeled,R,primary,wf2_featurewise,3,DB4,DB4,True,0.9999226331710815
248,DB1,P09,DB1_P09_C2_T04_relabeled,L,primary,wf2_featurewise,3,DB1,DB1,True,0.9999048709869385
254,DB2,P03,DB2_P03_T04_65_relabeled,L,primary,wf2_featurewise,3,DB2,DB2,True,0.999606192111969
256,DB5,P27,DB5_P27_T18_r_comf_relabeled,L,primary,wf2_featurewise,3,DB5,DB5,True,0.9999972581863403
268,DB3,P03,DB3_P03_A_T10_relabeled,L,primary,wf2_featurewise,3,DB3,DB3,True,0.9993162155151367
272,DB5,P27,DB5_P27_T07_l_comf_relabeled,L,primary,wf2_featurewise,3,DB5,DB5,True,0.999996542930603
273,DB1,P09,DB1_P09_C2_T03_relabeled,L,primary,wf2_featurewise,3,DB1,DB1,True,0.9998874664306641
276,DB4,P16,DB4_P16_T19_relabeled,L,primary,wf2_featurewise,3,DB4,DB4,True,0.9997571110725403
278,DB5,P27,DB5_P27_T26_l_slow_relabeled,L,primary,wf2_featurewise,3,DB5,DB5,True,0.9999972581863403
293,DB5,P15,DB5_P15_T09_l_comf_relabeled,L,primary,wf2_featurewise,3,DB5,DB5,True,0.9999984502792358
295,DB5,P27,DB5_P27_T25_l_slow_relabeled,L,primary,wf2_featurewise,3,DB5,DB5,True,0.9999964237213135
298,DB5,P27,DB5_P27_T13_r_comf_relabeled,L,primary,wf2_featurewise,3,DB5,DB5,True,0.9999969005584717
299,DB5,P15,DB5_P15_T23_l_slow_relabeled,L,primary,wf2_featurewise,3,DB5,DB5,True,0.999998927116394
308,DB2,P02,DB2_P02_T02_p_relabeled,L,primary,wf2_featurewise,3,DB2,DB2,True,0.9988430738449097
314,DB3,P03,DB3_P03_A_T06_relabeled,R,primary,wf2_featurewise,3,DB3,DB3,True,0.9999243021011353
315,DB1,P13,DB1_P13_C3_T03_relabeled,L,primary,wf2_featurewise,3,DB1,DB1,True,0.9999260902404785
323,DB4,P30,DB4_P30_T04_relabeled,R,primary,wf2_featurewise,3,DB4,DB4,True,0.9998816251754761
347,DB5,P10,DB5_P10_T20_r_comf_relabeled,L,primary,wf2_featurewise,3,DB5,DB5,True,0.9999997615814209
349,DB3,P13,DB3_P13_A_T19_relabeled,R,primary,wf2_featurewise,3,DB3,DB3,True,0.9986953139305115
350,DB1,P15,DB1_P15_C2_T05_relabeled,L,primary,wf2_featurewise,3,DB1,DB1,True,0.999936580657959
351,DB4,P27,DB4_P27_T06_relabeled,R,primary,wf2_featurewise,3,DB4,DB4,True,0.9999210834503174
353,DB1,P10,DB1_P10_C2_T01_relabeled,L,primary,wf2_featurewise,3,DB1,DB1,True,0.9999271631240845
360,DB5,P27,DB5_P27_T11_r_comf_relabeled,L,primary,wf2_featurewise,3,DB5,DB5,True,0.9999909400939941
372,DB2,P02,DB2_P02_T02_130_relabeled,L,primary,wf2_featurewise,3,DB2,DB2,True,0.9990384578704834
374,DB3,P03,DB3_P03_A_T04_relabeled,R,primary,wf2_featurewise,3,DB3,DB3,True,0.9998732805252075
380,DB4,P30,DB4_P30_T19_relabeled,R,primary,wf2_featurewise,3,DB4,DB4,True,0.9998794794082642
388,DB4,P21,DB4_P21_T06_relabeled,R,primary,wf2_featurewise,3,DB4,DB4,True,0.9999096393585205
400,DB4,P30,DB4_P30_T07_relabeled,R,primary,wf2_featurewise,3,DB4,DB4,True,0.9998483657836914
403,DB5,P10,DB5_P10_T18_r_comf_relabeled,L,primary,wf2_featurewise,3,DB5,DB5,True,0.9999997615814209
405,DB4,P57,DB4_P57_T15_relabeled,R,primary,wf2_featurewise,3,DB4,DB4,True,0.9999172687530518
420,DB4,P30,DB4_P30_T11_relabeled,R,primary,wf2_featurewise,3,DB4,DB4,True,0.9998719692230225
427,DB5,P15,DB5_P15_T25_l_slow_relabeled,L,primary,wf2_featurewise,3,DB5,DB5,True,0.9999990463256836
430,DB4,P57,DB4_P57_T10_relabeled,R,primary,wf2_featurewise,3,DB4,DB4,True,0.9999136924743652
433,DB5,P27,DB5_P27_T34_r_slow_relabeled,L,primary,wf2_featurewise,3,DB5,DB5,True,0.9999988079071045
439,DB4,P30,DB4_P30_T16_relabeled,R,primary,wf2_featurewise,3,DB4,DB4,True,0.9998979568481445
443,DB4,P03,DB4_P03_T06_relabeled,R,primary,wf2_featurewise,3,DB4,DB4,True,0.9999029636383057
447,DB4,P01,DB4_P01_T07_relabeled,R,primary,wf2_featurewise,3,DB4,DB4,True,0.999901533126831
450,DB4,P16,DB4_P16_T12_relabeled,R,primary,wf2_featurewise,3,DB4,DB4,True,0.9999285936355591
452,DB5,P10,DB5_P10_T12_r_comf_relabeled,L,primary,wf2_featurewise,3,DB5,DB5,True,0.9999997615814209
457,DB2,P02,DB2_P02_T03_65_relabeled,L,primary,wf2_featurewise,3,DB2,DB2,True,0.9986698627471924
458,DB1,P04,DB1_P04_C3_T02_relabeled,L,primary,wf2_featurewise,3,DB1,DB1,True,0.999757707118988
461,DB5,P10,DB5_P10_T17_r_comf_relabeled,L,primary,wf2_featurewise,3,DB5,DB5,True,0.9999996423721313
470,DB5,P27,DB5_P27_T21_l_slow_relabeled,L,primary,wf2_featurewise,3,DB5,DB5,True,0.9999945163726807
471,DB2,P02,DB2_P02_T03_p_relabeled,L,primary,wf2_featurewise,3,DB2,DB2,True,0.9971132278442383
475,DB5,P15,DB5_P15_T30_l_slow_relabeled,L,primary,wf2_featurewise,3,DB5,DB5,True,0.9999990463256836
491,DB5,P15,DB5_P15_T01_l_comf_relabeled,L,primary,wf2_featurewise,3,DB5,DB5,True,0.9999985694885254
493,DB1,P09,DB1_P09_C2_T01_relabeled,L,primary,wf2_featurewise,3,DB1,DB1,True,0.9998936653137207
500,DB5,P27,DB5_P27_T38_r_slow_relabeled,L,primary,wf2_featurewise,3,DB5,DB5,True,0.9999984502792358
502,DB1,P26,DB1_P26_C2_T02_relabeled,R,primary,wf2_featurewise,3,DB1,DB1,True,0.9920076131820679
506,DB4,P16,DB4_P16_T18_relabeled,R,primary,wf2_featurewise,3,DB4,DB4,True,0.9999154806137085
507,DB5,P15,DB5_P15_T41_r_slow_relabeled,L,primary,wf2_featurewise,3,DB5,DB5,True,0.9999997615814209
511,DB3,P03,DB3_P03_A_T05_relabeled,L,primary,wf2_featurewise,3,DB3,DB3,True,0.99947589635849
516,DB1,P15,DB1_P15_C3_T01_relabeled,L,primary,wf2_featurewise,3,DB1,DB1,True,0.9993663430213928
523,DB3,P11,DB3_P11_A_T02,L,primary,wf2_featurewise,3,DB3,DB3,True,0.9997283816337585
524,DB4,P01,DB4_P01_T22_relabeled,R,primary,wf2_featurewise,3,DB4,DB4,True,0.9999125003814697
535,DB2,P03,DB2_P03_T06_p_relabeled,L,primary,wf2_featurewise,3,DB2,DB2,True,0.9992368221282959
539,DB4,P30,DB4_P30_T13_relabeled,R,primary,wf2_featurewise,3,DB4,DB4,True,0.999894380569458
549,DB4,P57,DB4_P57_T20_relabeled,R,primary,wf2_featurewise,3,DB4,DB4,True,0.9999215602874756
554,DB4,P05,DB4_P05_T18_relabeled,R,primary,wf2_featurewise,3,DB4,DB4,True,0.9998719692230225
558,DB4,P27,DB4_P27_T04_relabeled,R,primary,wf2_featurewise,3,DB4,DB4,True,0.9999256134033203
579,DB2,P03,DB2_P03_T01_-130_relabeled,L,primary,wf2_featurewise,3,DB2,DB2,True,0.9993630051612854
586,DB4,P30,DB4_P30_T05_relabeled,R,primary,wf2_featurewise,3,DB4,DB4,True,0.9998607635498047
587,DB4,P01,DB4_P01_T18_relabeled,R,primary,wf2_featurewise,3,DB4,DB4,True,0.9999094009399414
590,DB5,P15,DB5_P15_T35_r_slow_relabeled,L,primary,wf2_featurewise,3,DB5,DB5,True,0.9999996423721313
596,DB5,P10,DB5_P10_T11_r_comf_relabeled,L,primary,wf2_featurewise,3,DB5,DB5,True,0.9999997615814209
597,DB3,P13,DB3_P13_A_T06_relabeled,L,primary,wf2_featurewise,3,DB3,DB3,True,0.9998595714569092
600,DB4,P50,DB4_P50_T16_relabeled,R,primary,wf2_featurewise,3,DB4,DB4,True,0.9998791217803955
616,DB5,P10,DB5_P10_T32_l_slow_relabeled,L,primary,wf2_featurewise,3,DB5,DB5,True,0.9999988079071045
624,DB4,P16,DB4_P16_T08_relabeled,L,primary,wf2_featurewise,3,DB4,DB4,True,0.9997584223747253
635,DB4,P05,DB4_P05_T17_relabeled,R,primary,wf2_featurewise,3,DB4,DB4,True,0.999933123588562
639,DB5,P27,DB5_P27_T02_l_comf_relabeled,L,primary,wf2_featurewise,3,DB5,DB5,True,0.9999970197677612
640,DB3,P06,DB3_P06_A_T10_relabeled,L,primary,wf2_featurewise,3,DB3,DB3,True,0.9994975328445435
641,DB1,P10,DB1_P10_C3_T02_relabeled,L,primary,wf2_featurewise,3,DB1,DB1,True,0.9998990297317505
643,DB2,P03,DB2_P03_T05_-130_relabeled,L,primary,wf2_featurewise,3,DB2,DB2,True,0.9993487000465393
646,DB4,P50,DB4_P50_T22_relabeled,R,primary,wf2_featurewise,3,DB4,DB4,True,0.9998779296875
647,DB4,P21,DB4_P21_T10_relabeled,R,primary,wf2_featurewise,3,DB4,DB4,True,0.9999170303344727
653,DB3,P03,DB3_P03_A_T01_relabeled,L,primary,wf2_featurewise,3,DB3,DB3,True,0.998860239982605
654,DB4,P57,DB4_P57_T16_relabeled,R,primary,wf2_featurewise,3,DB4,DB4,True,0.9999287128448486
657,DB3,P03,DB3_P03_A_T07_relabeled,R,primary,wf2_featurewise,3,DB3,DB3,True,0.9998871088027954
661,DB5,P27,DB5_P27_T08_l_comf_relabeled,L,primary,wf2_featurewise,3,DB5,DB5,True,0.9999969005584717
663,DB2,P03,DB2_P03_T03_-65_relabeled,L,primary,wf2_featurewise,3,DB2,DB2,True,0.999330997467041
667,DB5,P15,DB5_P15_T31_l_slow_relabeled,L,primary,wf2_featurewise,3,DB5,DB5,True,0.999998927116394
671,DB4,P03,DB4_P03_T07_relabeled,R,primary,wf2_featurewise,3,DB4,DB4,True,0.9999061822891235
675,DB1,P09,DB1_P09_C3_T03_relabeled,L,primary,wf2_featurewise,3,DB1,DB1,True,0.9999115467071533
678,DB5,P27,DB5_P27_T06_l_comf_relabeled,L,primary,wf2_featurewise,3,DB5,DB5,True,0.9999974966049194
680,DB5,P10,DB5_P10_T39_r_slow_relabeled,L,primary,wf2_featurewise,3,DB5,DB5,True,0.9999997615814209
688,DB4,P21,DB4_P21_T07_relabeled,R,primary,wf2_featurewise,3,DB4,DB4,True,0.999916672706604
690,DB5,P15,DB5_P15_T32_r_slow_relabeled,L,primary,wf2_featurewise,3,DB5,DB5,True,0.9999995231628418
691,DB3,P13,DB3_P13_A_T26_relabeled,L,primary,wf2_featurewise,3,DB3,DB3,True,0.9997628331184387
702,DB5,P10,DB5_P10_T38_r_slow_relabeled,L,primary,wf2_featurewise,3,DB5,DB5,True,0.9999996423721313
703,DB5,P10,DB5_P10_T42_r_slow_relabeled,L,primary,wf2_featurewise,3,DB5,DB5,True,0.9999997615814209
706,DB5,P27,DB5_P27_T01_l_comf_relabeled,L,primary,wf2_featurewise,3,DB5,DB5,True,0.9999948740005493
709,DB3,P03,DB3_P03_A_T11_relabeled,R,primary,wf2_featurewise,3,DB3,DB3,True,0.9999246597290039
710,DB4,P05,DB4_P05_T06_relabeled,R,primary,wf2_featurewise,3,DB4,DB4,True,0.9999405145645142
719,DB5,P10,DB5_P10_T19_r_comf_relabeled,L,primary,wf2_featurewise,3,DB5,DB5,True,0.9999997615814209
723,DB3,P06,DB3_P06_A_T15_relabeled,L,primary,wf2_featurewise,3,DB3,DB3,True,0.9993994235992432
733,DB5,P15,DB5_P15_T29_l_slow_relabeled,L,primary,wf2_featurewise,3,DB5,DB5,True,0.9999990463256836
736,DB5,P10,DB5_P10_T41_r_slow_relabeled,L,primary,wf2_featurewise,3,DB5,DB5,True,0.9999997615814209
737,DB2,P03,DB2_P03_T01_250_relabeled,L,primary,wf2_featurewise,3,DB2,DB2,True,0.9996997117996216
741,DB4,P57,DB4_P57_T11_relabeled,R,primary,wf2_featurewise,3,DB4,DB4,True,0.9999202489852905
749,DB4,P16,DB4_P16_T16_relabeled,L,primary,wf2_featurewise,3,DB4,DB4,True,0.9997276663780212
756,DB4,P03,DB4_P03_T04_relabeled,R,primary,wf2_featurewise,3,DB4,DB4,True,0.9998956918716431
759,DB1,P30,DB1_P30_C2_T03_relabeled,L,primary,wf2_featurewise,3,DB1,DB1,True,0.9997987151145935
773,DB4,P03,DB4_P03_T12_relabeled,R,primary,wf2_featurewise,3,DB4,DB4,True,0.9998984336853027
777,DB2,P02,DB2_P02_T03_-130_relabeled,L,primary,wf2_featurewise,3,DB2,DB2,True,0.9969295859336853
782,DB4,P21,DB4_P21_T11_relabeled,R,primary,wf2_featurewise,3,DB4,DB4,True,0.9999024868011475
789,DB4,P05,DB4_P05_T16_relabeled,R,primary,wf2_featurewise,3,DB4,DB4,True,0.9999315738677979
790,DB4,P27,DB4_P27_T02_relabeled,R,primary,wf2_featurewise,3,DB4,DB4,True,0.9999064207077026
798,DB4,P21,DB4_P21_T21_relabeled,R,primary,wf2_featurewise,3,DB4,DB4,True,0.9999240636825562
802,DB5,P15,DB5_P15_T02_l_comf_relabeled,L,primary,wf2_featurewise,3,DB5,DB5,True,0.9999980926513672
805,DB4,P27,DB4_P27_T23_relabeled,R,primary,wf2_featurewise,3,DB4,DB4,True,0.9999300241470337
806,DB4,P05,DB4_P05_T11_relabeled,R,primary,wf2_featurewise,3,DB4,DB4,True,0.9999263286590576
811,DB4,P03,DB4_P03_T14_relabeled,R,primary,wf2_featurewise,3,DB4,DB4,True,0.9999186992645264
817,DB4,P16,DB4_P16_T23_relabeled,R,primary,wf2_featurewise,3,DB4,DB4,True,0.9999171495437622
818,DB5,P27,DB5_P27_T05_l_comf_relabeled,L,primary,wf2_featurewise,3,DB5,DB5,True,0.9999969005584717
822,DB5,P27,DB5_P27_T36_r_slow_relabeled,L,primary,wf2_featurewise,3,DB5,DB5,True,0.9999979734420776
824,DB4,P21,DB4_P21_T13_relabeled,R,primary,wf2_featurewise,3,DB4,DB4,True,0.9999139308929443
840,DB4,P50,DB4_P50_T09_relabeled,R,primary,wf2_featurewise,3,DB4,DB4,True,0.9998928308486938
842,DB5,P15,DB5_P15_T26_l_slow_relabeled,L,primary,wf2_featurewise,3,DB5,DB5,True,0.9999988079071045
846,DB3,P06,DB3_P06_A_T12_relabeled,L,primary,wf2_featurewise,3,DB3,DB3,True,0.9994799494743347
851,DB5,P10,DB5_P10_T21_l_slow_relabeled,L,primary,wf2_featurewise,3,DB5,DB5,True,0.999998927116394
854,DB4,P21,DB4_P21_T17_relabeled,R,primary,wf2_featurewise,3,DB4,DB4,True,0.9999188184738159
857,DB5,P27,DB5_P27_T32_r_slow_relabeled,L,primary,wf2_featurewise,3,DB5,DB5,True,0.9999990463256836
860,DB5,P27,DB5_P27_T24_l_slow_relabeled,L,primary,wf2_featurewise,3,DB5,DB5,True,0.9999979734420776
866,DB1,P04,DB1_P04_C2_T01_relabeled,L,primary,wf2_featurewise,3,DB1,DB1,True,0.9999580383300781
872,DB4,P05,DB4_P05_T20_relabeled,R,primary,wf2_featurewise,3,DB4,DB4,True,0.9999334812164307
887,DB3,P13,DB3_P13_A_T34_relabeled,L,primary,wf2_featurewise,3,DB3,DB3,True,0.9998751878738403
888,DB2,P03,DB2_P03_T05_65_relabeled,L,primary,wf2_featurewise,3,DB2,DB2,True,0.9991681575775146
892,DB4,P21,DB4_P21_T19_relabeled,L,primary,wf2_featurewise,3,DB4,DB4,True,0.9998077750205994
903,DB2,P02,DB2_P02_T02_250_relabeled,L,primary,wf2_featurewise,3,DB2,DB2,True,0.9994654059410095
907,DB4,P01,DB4_P01_T05_relabeled,R,primary,wf2_featurewise,3,DB4,DB4,True,0.9999185800552368
908,DB5,P27,DB5_P27_T22_l_slow_relabeled,L,primary,wf2_featurewise,3,DB5,DB5,True,0.9999949932098389
913,DB4,P57,DB4_P57_T14_relabeled,R,primary,wf2_featurewise,3,DB4,DB4,True,0.999922513961792
914,DB4,P50,DB4_P50_T17_relabeled,R,primary,wf2_featurewise,3,DB4,DB4,True,0.9998841285705566
918,DB2,P03,DB2_P03_T05_-65_relabeled,L,primary,wf2_featurewise,3,DB2,DB2,True,0.9994698166847229
921,DB2,P03,DB2_P03_T07_p_relabeled,L,primary,wf2_featurewise,3,DB2,DB2,True,0.9994997978210449
925,DB4,P21,DB4_P21_T04_relabeled,L,primary,wf2_featurewise,3,DB4,DB4,True,0.9997677206993103
931,DB5,P27,DB5_P27_T23_l_slow_relabeled,L,primary,wf2_featurewise,3,DB5,DB5,True,0.9999969005584717
932,DB4,P16,DB4_P16_T02_relabeled,R,primary,wf2_featurewise,3,DB4,DB4,True,0.9999254941940308
934,DB4,P16,DB4_P16_T24_relabeled,L,primary,wf2_featurewise,3,DB4,DB4,True,0.9996805191040039
942,DB4,P05,DB4_P05_T07_relabeled,R,primary,wf2_featurewise,3,DB4,DB4,True,0.9999254941940308
946,DB5,P10,DB5_P10_T43_r_slow_relabeled,L,primary,wf2_featurewise,3,DB5,DB5,True,0.9999997615814209
956,DB3,P03,DB3_P03_A_T03_relabeled,L,primary,wf2_featurewise,3,DB3,DB3,True,0.999415397644043
963,DB4,P30,DB4_P30_T17_relabeled,R,primary,wf2_featurewise,3,DB4,DB4,True,0.9998856782913208
965,DB5,P15,DB5_P15_T27_l_slow_relabeled,L,primary,wf2_featurewise,3,DB5,DB5,True,0.999998927116394
966,DB4,P27,DB4_P27_T10_relabeled,L,primary,wf2_featurewise,3,DB4,DB4,True,0.999724805355072
967,DB2,P03,DB2_P03_T07_130_relabeled,L,primary,wf2_featurewise,3,DB2,DB2,True,1.0
970,DB4,P57,DB4_P57_T02_relabeled,R,primary,wf2_featurewise,3,DB4,DB4,True,0.999909520149231
972,DB1,P13,DB1_P13_C2_T05_relabeled,L,primary,wf2_featurewise,3,DB1,DB1,True,0.9998536109924316
976,DB2,P03,DB2_P03_T02_-130_relabeled,L,primary,wf2_featurewise,3,DB2,DB2,True,0.9987367987632751
991,DB4,P03,DB4_P03_T08_relabeled,R,primary,wf2_featurewise,3,DB4,DB4,True,0.9999316930770874
998,DB3,P11,DB3_P11_A_T01,R,primary,wf2_featurewise,3,DB3,DB3,True,0.9999481439590454
1000,DB3,P11,DB3_P11_A_T04,L,primary,wf2_featurewise,3,DB3,DB3,True,0.9996472597122192
1003,DB5,P15,DB5_P15_T24_l_slow_relabeled,L,primary,wf2_featurewise,3,DB5,DB5,True,0.9999986886978149
1008,DB4,P50,DB4_P50_T07_relabeled,R,primary,wf2_featurewise,3,DB4,DB4,True,0.999885082244873
1011,DB5,P10,DB5_P10_T06_l_comf_relabeled,L,primary,wf2_featurewise,3,DB5,DB5,True,0.9999967813491821
1012,DB4,P05,DB4_P05_T12_relabeled,R,primary,wf2_featurewise,3,DB4,DB4,True,0.9999347925186157
1015,DB2,P03,DB2_P03_T03_250_relabeled,L,primary,wf2_featurewise,3,DB2,DB2,True,0.9997671246528625
1020,DB3,P13,DB3_P13_A_T13_relabeled,R,primary,wf2_featurewise,3,DB3,DB3,True,0.9983577132225037
1023,DB4,P03,DB4_P03_T16_relabeled,R,primary,wf2_featurewise,3,DB4,DB4,True,0.9999241828918457
1026,DB4,P03,DB4_P03_T02_relabeled,R,primary,wf2_featurewise,3,DB4,DB4,True,0.999907374382019
1030,DB1,P09,DB1_P09_C3_T01_relabeled,L,primary,wf2_featurewise,3,DB1,DB1,True,0.9999306201934814
1035,DB2,P03,DB2_P03_T03_-130_relabeled,L,primary,wf2_featurewise,3,DB2,DB2,True,0.9992551207542419
1041,DB3,P13,DB3_P13_A_T07_relabeled,R,primary,wf2_featurewise,3,DB3,DB3,True,0.9985966086387634
1047,DB4,P01,DB4_P01_T03_relabeled,R,primary,wf2_featurewise,3,DB4,DB4,True,0.9999185800552368
1053,DB4,P05,DB4_P05_T13_relabeled,R,primary,wf2_featurewise,3,DB4,DB4,True,0.9999171495437622
1064,DB2,P02,DB2_P02_T04_p_relabeled,L,primary,wf2_featurewise,3,DB2,DB2,True,0.9985723495483398
1065,DB1,P10,DB1_P10_C2_T02_relabeled,L,primary,wf2_featurewise,3,DB1,DB1,True,0.9999291896820068
1072,DB4,P21,DB4_P21_T05_relabeled,R,primary,wf2_featurewise,3,DB4,DB4,True,0.9999144077301025
1090,DB1,P24,DB1_P24_C2_T03_relabeled,R,primary,wf2_featurewise,3,DB1,DB1,True,0.9925916194915771
1098,DB5,P15,DB5_P15_T33_r_slow_relabeled,L,primary,wf2_featurewise,3,DB5,DB5,True,0.9999992847442627
1105,DB5,P27,DB5_P27_T14_r_comf_relabeled,L,primary,wf2_featurewise,3,DB5,DB5,True,0.9999982118606567
1107,DB5,P15,DB5_P15_T17_r_comf_relabeled,L,primary,wf2_featurewise,3,DB5,DB5,True,0.9999979734420776
1108,DB4,P05,DB4_P05_T21_relabeled,R,primary,wf2_featurewise,3,DB4,DB4,True,0.9999122619628906
1114,DB5,P10,DB5_P10_T29_l_slow_relabeled,L,primary,wf2_featurewise,3,DB5,DB5,True,0.999998927116394
1127,DB5,P10,DB5_P10_T13_r_comf_relabeled,L,primary,wf2_featurewise,3,DB5,DB5,True,0.9999997615814209
1130,DB4,P50,DB4_P50_T05_relabeled,R,primary,wf2_featurewise,3,DB4,DB4,True,0.9998748302459717
1137,DB4,P57,DB4_P57_T13_relabeled,R,primary,wf2_featurewise,3,DB4,DB4,True,0.9999065399169922
1142,DB1,P13,DB1_P13_C2_T01_relabeled,L,primary,wf2_featurewise,3,DB1,DB1,True,0.9998676776885986
1145,DB2,P03,DB2_P03_T05_250_relabeled,L,primary,wf2_featurewise,3,DB2,DB2,True,0.9995627999305725
1153,DB5,P15,DB5_P15_T10_l_comf_relabeled,L,primary,wf2_featurewise,3,DB5,DB5,True,0.9999982118606567
1161,DB4,P21,DB4_P21_T18_relabeled,R,primary,wf2_featurewise,3,DB4,DB4,True,0.999909520149231
1165,DB3,P06,DB3_P06_A_T14_relabeled,L,primary,wf2_featurewise,3,DB3,DB3,True,0.99967360496521
1176,DB5,P15,DB5_P15_T16_r_comf_relabeled,L,primary,wf2_featurewise,3,DB5,DB5,True,0.9999977350234985
1180,DB4,P05,DB4_P05_T15_relabeled,R,primary,wf2_featurewise,3,DB4,DB4,True,0.9999374151229858
1183,DB4,P27,DB4_P27_T08_relabeled,R,primary,wf2_featurewise,3,DB4,DB4,True,0.9999254941940308
1187,DB4,P27,DB4_P27_T14_relabeled,L,primary,wf2_featurewise,3,DB4,DB4,True,0.999675989151001
1189,DB5,P15,DB5_P15_T36_r_slow_relabeled,L,primary,wf2_featurewise,3,DB5,DB5,True,0.9999991655349731
1199,DB4,P05,DB4_P05_T19_relabeled,R,primary,wf2_featurewise,3,DB4,DB4,True,0.9999134540557861
1224,DB5,P27,DB5_P27_T39_r_slow_relabeled,L,primary,wf2_featurewise,3,DB5,DB5,True,0.9999990463256836
1229,DB4,P50,DB4_P50_T03_relabeled,R,primary,wf2_featurewise,3,DB4,DB4,True,0.9998722076416016
1243,DB4,P21,DB4_P21_T23_relabeled,R,primary,wf2_featurewise,3,DB4,DB4,True,0.9999027252197266
1250,DB4,P05,DB4_P05_T02_relabeled,R,primary,wf2_featurewise,3,DB4,DB4,True,0.9999288320541382
1255,DB4,P50,DB4_P50_T04_relabeled,R,primary,wf2_featurewise,3,DB4,DB4,True,0.9998865127563477
1256,DB5,P10,DB5_P10_T36_r_slow_relabeled,L,primary,wf2_featurewise,3,DB5,DB5,True,0.9999997615814209
1258,DB5,P15,DB5_P15_T40_r_slow_relabeled,L,primary,wf2_featurewise,3,DB5,DB5,True,0.9999997615814209
1265,DB4,P50,DB4_P50_T21_relabeled,R,primary,wf2_featurewise,3,DB4,DB4,True,0.999879002571106
1272,DB5,P10,DB5_P10_T04_l_comf_relabeled,L,primary,wf2_featurewise,3,DB5,DB5,True,0.9999990463256836
1278,DB3,P06,DB3_P06_A_T07_relabeled,R,primary,wf2_featurewise,3,DB3,DB3,True,0.9998470544815063
1297,DB4,P05,DB4_P05_T08_relabeled,R,primary,wf2_featurewise,3,DB4,DB4,True,0.9999384880065918
1299,DB5,P10,DB5_P10_T01_l_comf_relabeled,L,primary,wf2_featurewise,3,DB5,DB5,True,0.9999988079071045
1300,DB4,P27,DB4_P27_T22_relabeled,L,primary,wf2_featurewise,3,DB4,DB4,True,0.999688982963562
1303,DB2,P02,DB2_P02_T02_-65_relabeled,L,primary,wf2_featurewise,3,DB2,DB2,True,0.9980407357215881
1305,DB3,P06,DB3_P06_A_T09_relabeled,R,primary,wf2_featurewise,3,DB3,DB3,True,0.999664306640625
1309,DB5,P15,DB5_P15_T37_r_slow_relabeled,L,primary,wf2_featurewise,3,DB5,DB5,True,0.9999996423721313
1318,DB5,P27,DB5_P27_T12_r_comf_relabeled,L,primary,wf2_featurewise,3,DB5,DB5,True,0.9999977350234985
1319,DB4,P27,DB4_P27_T11_relabeled,R,primary,wf2_featurewise,3,DB4,DB4,True,0.999915599822998
1320,DB4,P01,DB4_P01_T04_relabeled,R,primary,wf2_featurewise,3,DB4,DB4,True,0.9999161958694458
1321,DB5,P27,DB5_P27_T20_r_comf_relabeled,L,primary,wf2_featurewise,3,DB5,DB5,True,0.9999982118606567
1325,DB5,P27,DB5_P27_T19_r_comf_relabeled,L,primary,wf2_featurewise,3,DB5,DB5,True,0.9999969005584717
1328,DB4,P57,DB4_P57_T18_relabeled,R,primary,wf2_featurewise,3,DB4,DB4,True,0.9999241828918457
1358,DB3,P13,DB3_P13_A_T01_relabeled,R,primary,wf2_featurewise,3,DB3,DB3,True,0.998916745185852
1361,DB4,P57,DB4_P57_T19_relabeled,R,primary,wf2_featurewise,3,DB4,DB4,True,0.999920129776001
1365,DB3,P03,DB3_P03_A_T12_relabeled,L,primary,wf2_featurewise,3,DB3,DB3,True,0.9992904663085938
1367,DB2,P03,DB2_P03_T04_-130_relabeled,L,primary,wf2_featurewise,3,DB2,DB2,True,0.9995154142379761
1368,DB4,P21,DB4_P21_T22_relabeled,R,primary,wf2_featurewise,3,DB4,DB4,True,0.9999171495437622
1370,DB5,P15,DB5_P15_T04_l_comf_relabeled,L,primary,wf2_featurewise,3,DB5,DB5,True,0.9999983310699463
1381,DB4,P30,DB4_P30_T03_relabeled,R,primary,wf2_featurewise,3,DB4,DB4,True,0.9998691082000732
1398,DB3,P11,DB3_P11_A_T11,R,primary,wf2_featurewise,3,DB3,DB3,True,0.9999369382858276
1399,DB4,P03,DB4_P03_T11_relabeled,R,primary,wf2_featurewise,3,DB4,DB4,True,0.9999182224273682
1408,DB4,P16,DB4_P16_T03_relabeled,L,primary,wf2_featurewise,3,DB4,DB4,True,0.9996808767318726
1411,DB5,P27,DB5_P27_T09_l_comf_relabeled,L,primary,wf2_featurewise,3,DB5,DB5,True,0.9999972581863403
1412,DB4,P03,DB4_P03_T13_relabeled,R,primary,wf2_featurewise,3,DB4,DB4,True,0.9998995065689087
1419,DB1,P09,DB1_P09_C2_T05_relabeled,L,primary,wf2_featurewise,3,DB1,DB1,True,0.9999369382858276
1428,DB4,P30,DB4_P30_T15_relabeled,R,primary,wf2_featurewise,3,DB4,DB4,True,0.9998732805252075
1434,DB4,P30,DB4_P30_T14_relabeled,R,primary,wf2_featurewise,3,DB4,DB4,True,0.9998624324798584
1436,DB4,P16,DB4_P16_T17_relabeled,R,primary,wf2_featurewise,3,DB4,DB4,True,0.9999203681945801
1446,DB1,P09,DB1_P09_C3_T05_relabeled,L,primary,wf2_featurewise,3,DB1,DB1,True,0.9998633861541748
1449,DB4,P16,DB4_P16_T09_relabeled,R,primary,wf2_featurewise,3,DB4,DB4,True,0.99989914894104
1450,DB5,P10,DB5_P10_T05_l_comf_relabeled,L,primary,wf2_featurewise,3,DB5,DB5,True,0.999998927116394
1452,DB4,P50,DB4_P50_T20_relabeled,R,primary,wf2_featurewise,3,DB4,DB4,True,0.9998831748962402
1454,DB4,P27,DB4_P27_T16_relabeled,R,primary,wf2_featurewise,3,DB4,DB4,True,0.9999138116836548
1457,DB3,P11,DB3_P11_A_T10,L,primary,wf2_featurewise,3,DB3,DB3,True,0.9997367262840271
1462,DB4,P21,DB4_P21_T09_relabeled,L,primary,wf2_featurewise,3,DB4,DB4,True,0.9995700716972351
1481,DB4,P03,DB4_P03_T03_relabeled,R,primary,wf2_featurewise,3,DB4,DB4,True,0.9999107122421265
1485,DB5,P27,DB5_P27_T10_l_comf_relabeled,L,primary,wf2_featurewise,3,DB5,DB5,True,0.9999960660934448
1486,DB1,P04,DB1_P04_C3_T04_relabeled,L,primary,wf2_featurewise,3,DB1,DB1,True,0.9997389912605286
1487,DB1,P30,DB1_P30_C1_T04_relabeled,R,primary,wf2_featurewise,3,DB1,DB1,True,0.9811357855796814
1489,DB4,P57,DB4_P57_T21_relabeled,R,primary,wf2_featurewise,3,DB4,DB4,True,0.9999240636825562
1494,DB2,P02,DB2_P02_T02_-130_relabeled,L,primary,wf2_featurewise,3,DB2,DB2,True,0.9936488270759583
1499,DB4,P01,DB4_P01_T06_relabeled,R,primary,wf2_featurewise,3,DB4,DB4,True,0.9999083280563354
1505,DB5,P27,DB5_P27_T15_r_comf_relabeled,L,primary,wf2_featurewise,3,DB5,DB5,True,0.9999974966049194
1514,DB1,P04,DB1_P04_C3_T03_relabeled,L,primary,wf2_featurewise,3,DB1,DB1,True,0.9998683929443359
1518,DB4,P05,DB4_P05_T03_relabeled,R,primary,wf2_featurewise,3,DB4,DB4,True,0.999927282333374
1519,DB5,P15,DB5_P15_T38_r_slow_relabeled,L,primary,wf2_featurewise,3,DB5,DB5,True,0.9999996423721313
1527,DB5,P15,DB5_P15_T39_r_slow_relabeled,L,primary,wf2_featurewise,3,DB5,DB5,True,0.9999995231628418
1528,DB2,P03,DB2_P03_T06_65_relabeled,L,primary,wf2_featurewise,3,DB2,DB2,True,0.9990028738975525
1533,DB5,P10,DB5_P10_T22_l_slow_relabeled,L,primary,wf2_featurewise,3,DB5,DB5,True,0.9999991655349731
1534,DB2,P03,DB2_P03_T08_130_relabeled,L,primary,wf2_featurewise,3,DB2,DB2,True,0.9915310144424438
1538,DB5,P10,DB5_P10_T35_r_slow_relabeled,L,primary,wf2_featurewise,3,DB5,DB5,True,0.9999997615814209
1544,DB4,P03,DB4_P03_T17_relabeled,R,primary,wf2_featurewise,3,DB4,DB4,True,0.9998995065689087
1547,DB4,P50,DB4_P50_T06_relabeled,R,primary,wf2_featurewise,3,DB4,DB4,True,0.9998562335968018
1549,DB5,P15,DB5_P15_T11_l_comf_relabeled,L,primary,wf2_featurewise,3,DB5,DB5,True,0.9999990463256836
1564,DB3,P11,DB3_P11_A_T08,L,primary,wf2_featurewise,3,DB3,DB3,True,0.9996291399002075
1574,DB1,P10,DB1_P10_C2_T04_relabeled,L,primary,wf2_featurewise,3,DB1,DB1,True,0.9999396800994873
1578,DB2,P02,DB2_P02_T05_65_relabeled,L,primary,wf2_featurewise,3,DB2,DB2,True,0.9965035915374756
1586,DB3,P06,DB3_P06_A_T03_relabeled,R,primary,wf2_featurewise,3,DB3,DB3,True,0.9995784163475037
1589,DB4,P21,DB4_P21_T02_relabeled,L,primary,wf2_featurewise,3,DB4,DB4,True,0.9999080896377563
1601,DB4,P03,DB4_P03_T20_relabeled,R,primary,wf2_featurewise,3,DB4,DB4,True,0.9999111890792847
1611,DB5,P27,DB5_P27_T30_l_slow_relabeled,L,primary,wf2_featurewise,3,DB5,DB5,True,0.9999959468841553
1615,DB4,P05,DB4_P05_T04_relabeled,R,primary,wf2_featurewise,3,DB4,DB4,True,0.9999359846115112
1619,DB2,P02,DB2_P02_T01_-65_relabeled,L,primary,wf2_featurewise,3,DB2,DB2,True,0.9965946078300476
1622,DB4,P01,DB4_P01_T10_relabeled,R,primary,wf2_featurewise,3,DB4,DB4,True,0.9999262094497681
1625,DB5,P15,DB5_P15_T21_r_comf_relabeled,L,primary,wf2_featurewise,3,DB5,DB5,True,0.9999991655349731
1627,DB2,P02,DB2_P02_T03_250_relabeled,L,primary,wf2_featurewise,3,DB2,DB2,True,0.9996258020401001
1635,DB2,P02,DB2_P02_T04_250_relabeled,L,primary,wf2_featurewise,3,DB2,DB2,True,0.9995459914207458
1637,DB4,P16,DB4_P16_T13_relabeled,L,primary,wf2_featurewise,3,DB4,DB4,True,0.9996875524520874
1648,DB2,P03,DB2_P03_T04_250_relabeled,L,primary,wf2_featurewise,3,DB2,DB2,True,0.9993010759353638
1649,DB4,P03,DB4_P03_T21_relabeled,R,primary,wf2_featurewise,3,DB4,DB4,True,0.9999281167984009
1653,DB5,P27,DB5_P27_T17_r_comf_relabeled,L,primary,wf2_featurewise,3,DB5,DB5,True,0.9999970197677612
1660,DB5,P15,DB5_P15_T20_r_comf_relabeled,L,primary,wf2_featurewise,3,DB5,DB5,True,0.9999977350234985
1664,DB5,P15,DB5_P15_T03_l_comf_relabeled,L,primary,wf2_featurewise,3,DB5,DB5,True,0.9999982118606567
1669,DB5,P10,DB5_P10_T34_r_slow_relabeled,L,primary,wf2_featurewise,3,DB5,DB5,True,0.9999996423721313
1670,DB4,P05,DB4_P05_T09_relabeled,R,primary,wf2_featurewise,3,DB4,DB4,True,0.9999361038208008
1679,DB5,P10,DB5_P10_T14_r_comf_relabeled,L,primary,wf2_featurewise,3,DB5,DB5,True,0.9999992847442627
1681,DB4,P27,DB4_P27_T17_relabeled,L,primary,wf2_featurewise,3,DB4,DB4,True,0.9996836185455322
1682,DB4,P03,DB4_P03_T05_relabeled,R,primary,wf2_featurewise,3,DB4,DB4,True,0.9999141693115234
1683,DB4,P03,DB4_P03_T10_relabeled,R,primary,wf2_featurewise,3,DB4,DB4,True,0.9999104738235474
1685,DB5,P10,DB5_P10_T37_r_slow_relabeled,L,primary,wf2_featurewise,3,DB5,DB5,True,0.9999996423721313
1692,DB5,P15,DB5_P15_T15_r_comf_relabeled,L,primary,wf2_featurewise,3,DB5,DB5,True,0.9999978542327881
1695,DB5,P27,DB5_P27_T27_l_slow_relabeled,L,primary,wf2_featurewise,3,DB5,DB5,True,0.9999959468841553
1696,DB5,P27,DB5_P27_T03_l_comf_relabeled,L,primary,wf2_featurewise,3,DB5,DB5,True,0.9999959468841553
1707,DB4,P57,DB4_P57_T06_relabeled,R,primary,wf2_featurewise,3,DB4,DB4,True,0.9999194145202637
1709,DB3,P13,DB3_P13_A_T09_relabeled,R,primary,wf2_featurewise,3,DB3,DB3,True,0.9979368448257446
1721,DB4,P57,DB4_P57_T04_relabeled,R,primary,wf2_featurewise,3,DB4,DB4,True,0.9999219179153442
1730,DB2,P02,DB2_P02_T05_250_relabeled,L,primary,wf2_featurewise,3,DB2,DB2,True,0.9996709823608398
1739,DB4,P03,DB4_P03_T22_relabeled,R,primary,wf2_featurewise,3,DB4,DB4,True,0.9999134540557861
1741,DB4,P01,DB4_P01_T19_relabeled,R,primary,wf2_featurewise,3,DB4,DB4,True,0.9999240636825562
1755,DB2,P02,DB2_P02_T04_-65_relabeled,L,primary,wf2_featurewise,3,DB2,DB2,True,0.9970705509185791
1760,DB2,P03,DB2_P03_T08_p_relabeled,L,primary,wf2_featurewise,3,DB2,DB2,True,0.9995379447937012
1768,DB5,P15,DB5_P15_T05_l_comf_relabeled,L,primary,wf2_featurewise,3,DB5,DB5,True,0.9999986886978149
1769,DB4,P50,DB4_P50_T14_relabeled,R,primary,wf2_featurewise,3,DB4,DB4,True,0.9998860359191895
1776,DB1,P13,DB1_P13_C2_T03_relabeled,L,primary,wf2_featurewise,3,DB1,DB1,True,0.9998050332069397
1777,DB1,P04,DB1_P04_C3_T01_relabeled,L,primary,wf2_featurewise,3,DB1,DB1,True,0.9998747110366821
1782,DB2,P02,DB2_P02_T01_130_relabeled,L,primary,wf2_featurewise,3,DB2,DB2,True,0.9987972974777222
1784,DB2,P03,DB2_P03_T03_65_relabeled,L,primary,wf2_featurewise,3,DB2,DB2,True,0.9991550445556641
1795,DB4,P57,DB4_P57_T17_relabeled,R,primary,wf2_featurewise,3,DB4,DB4,True,0.9999169111251831
1798,DB3,P06,DB3_P06_A_T08_relabeled,R,primary,wf2_featurewise,3,DB3,DB3,True,0.999835729598999
1802,DB4,P30,DB4_P30_T02_relabeled,R,primary,wf2_featurewise,3,DB4,DB4,True,0.9998844861984253
1803,DB2,P02,DB2_P02_T04_130_relabeled,L,primary,wf2_featurewise,3,DB2,DB2,True,0.9988768696784973
1819,DB2,P02,DB2_P02_T05_130_relabeled,L,primary,wf2_featurewise,3,DB2,DB2,True,0.9985707998275757
1822,DB3,P11,DB3_P11_A_T05,R,primary,wf2_featurewise,3,DB3,DB3,True,0.9999277591705322
1826,DB5,P10,DB5_P10_T24_l_slow_relabeled,L,primary,wf2_featurewise,3,DB5,DB5,True,0.9999973773956299
1829,DB4,P21,DB4_P21_T03_relabeled,L,primary,wf2_featurewise,3,DB4,DB4,True,0.9998536109924316
1834,DB1,P04,DB1_P04_C2_T04_relabeled,L,primary,wf2_featurewise,3,DB1,DB1,True,0.9998435974121094
1840,DB4,P16,DB4_P16_T22_relabeled,R,primary,wf2_featurewise,3,DB4,DB4,True,0.9999197721481323
1845,DB4,P50,DB4_P50_T02_relabeled,R,primary,wf2_featurewise,3,DB4,DB4,True,0.9998917579650879
1846,DB5,P15,DB5_P15_T13_r_comf_relabeled,L,primary,wf2_featurewise,3,DB5,DB5,True,0.999997615814209
1847,DB4,P16,DB4_P16_T05_relabeled,R,primary,wf2_featurewise,3,DB4,DB4,True,0.9999303817749023
1848,DB4,P57,DB4_P57_T07_relabeled,R,primary,wf2_featurewise,3,DB4,DB4,True,0.9999125003814697
1854,DB2,P02,DB2_P02_T01_p_relabeled,L,primary,wf2_featurewise,3,DB2,DB2,True,0.9976539015769958
1855,DB5,P27,DB5_P27_T04_l_comf_relabeled,L,primary,wf2_featurewise,3,DB5,DB5,True,0.9999951124191284
1856,DB4,P27,DB4_P27_T20_relabeled,R,primary,wf2_featurewise,3,DB4,DB4,True,0.9999263286590576
1860,DB3,P11,DB3_P11_A_T09,R,primary,wf2_featurewise,3,DB3,DB3,True,0.9999489784240723
1869,DB3,P06,DB3_P06_A_T13_relabeled,L,primary,wf2_featurewise,3,DB3,DB3,True,0.9993662238121033
1882,DB1,P30,DB1_P30_C3_T02_relabeled,L,primary,wf2_featurewise,3,DB1,DB1,True,0.9998667240142822
1886,DB5,P10,DB5_P10_T33_r_slow_relabeled,L,primary,wf2_featurewise,3,DB5,DB5,True,0.9999997615814209
9,DB4,P42,DB4_P42_T15_relabeled,R,primary,wf2_featurewise,4,DB4,DB4,True,0.999790608882904
10,DB5,P23,DB5_P23_T07_l_comf_relabeled,L,primary,wf2_featurewise,4,DB5,DB5,True,0.9997900128364563
16,DB4,P42,DB4_P42_T14_relabeled,R,primary,wf2_featurewise,4,DB4,DB4,True,0.9996289014816284
26,DB1,P42,DB1_P42_C3_T01_relabeled,L,primary,wf2_featurewise,4,DB1,DB1,True,0.9992241859436035
32,DB4,P46,DB4_P46_T19_relabeled,R,primary,wf2_featurewise,4,DB4,DB4,True,0.9996588230133057
34,DB5,P28,DB5_P28_T07_l_comf_relabeled,L,primary,wf2_featurewise,4,DB5,DB5,True,0.999846339225769
36,DB4,P47,DB4_P47_T10_relabeled,R,primary,wf2_featurewise,4,DB4,DB4,True,0.9999748468399048
52,DB4,P46,DB4_P46_T13_relabeled,R,primary,wf2_featurewise,4,DB4,DB4,True,0.9997203946113586
53,DB5,P26,DB5_P26_T05_l_comf_relabeled,L,primary,wf2_featurewise,4,DB5,DB5,True,0.9998262524604797
55,DB4,P45,DB4_P45_T11_relabeled,R,primary,wf2_featurewise,4,DB4,DB4,True,0.9998162388801575
57,DB4,P42,DB4_P42_T06_relabeled,R,primary,wf2_featurewise,4,DB4,DB4,True,0.999778687953949
59,DB4,P47,DB4_P47_T21_relabeled,R,primary,wf2_featurewise,4,DB4,DB4,True,0.999951958656311
61,DB4,P46,DB4_P46_T21_relabeled,R,primary,wf2_featurewise,4,DB4,DB4,True,0.9995757937431335
70,DB5,P29,DB5_P29_T18_r_comf_relabeled,L,primary,wf2_featurewise,4,DB5,DB5,True,0.9997666478157043
71,DB5,P23,DB5_P23_T16_r_comf_relabeled,L,primary,wf2_featurewise,4,DB5,DB5,True,0.9997023940086365
78,DB1,P06,DB1_P06_C3_T01_relabeled,R,primary,wf2_featurewise,4,DB1,DB1,True,0.8884083032608032
85,DB4,P42,DB4_P42_T10_relabeled,R,primary,wf2_featurewise,4,DB4,DB4,True,0.9997122883796692
87,DB5,P26,DB5_P26_T16_r_comf_relabeled,L,primary,wf2_featurewise,4,DB5,DB5,True,0.9996480941772461
90,DB4,P04,DB4_P04_T18_relabeled,R,primary,wf2_featurewise,4,DB4,DB4,True,0.9998152852058411
92,DB5,P23,DB5_P23_T30_l_slow_relabeled,L,primary,wf2_featurewise,4,DB5,DB5,True,0.9997696280479431
115,DB3,P19,DB3_P19_A_T01,L,primary,wf2_featurewise,4,DB3,DB3,True,0.9863611459732056
117,DB5,P28,DB5_P28_T29_l_slow_relabeled,L,primary,wf2_featurewise,4,DB5,DB5,True,0.9998713731765747
118,DB3,P19,DB3_P19_A_T13,L,primary,wf2_featurewise,4,DB3,DB3,True,0.9879083037376404
120,DB5,P26,DB5_P26_T04_l_comf_relabeled,L,primary,wf2_featurewise,4,DB5,DB5,True,0.9998089671134949
123,DB5,P28,DB5_P28_T08_l_comf_relabeled,L,primary,wf2_featurewise,4,DB5,DB5,True,0.9998610019683838
124,DB5,P23,DB5_P23_T02_l_comf_relabeled,L,primary,wf2_featurewise,4,DB5,DB5,True,0.9997978806495667
125,DB4,P47,DB4_P47_T13_relabeled,R,primary,wf2_featurewise,4,DB4,DB4,True,0.9999573230743408
136,DB5,P29,DB5_P29_T13_r_comf_relabeled,L,primary,wf2_featurewise,4,DB5,DB5,True,0.9995124340057373
137,DB4,P19,DB4_P19_T19_relabeled,R,primary,wf2_featurewise,4,DB4,DB4,True,0.9999085664749146
141,DB5,P23,DB5_P23_T04_l_comf_relabeled,L,primary,wf2_featurewise,4,DB5,DB5,True,0.9997522234916687
145,DB3,P19,DB3_P19_A_T09,L,primary,wf2_featurewise,4,DB3,DB3,True,0.9854397177696228
149,DB2,P12,DB2_P12_T01_65_relabeled,L,primary,wf2_featurewise,4,DB2,DB2,True,0.9983826875686646
150,DB5,P28,DB5_P28_T02_l_comf_relabeled,L,primary,wf2_featurewise,4,DB5,DB5,True,0.9998549222946167
152,DB4,P04,DB4_P04_T13_relabeled,R,primary,wf2_featurewise,4,DB4,DB4,True,0.9998519420623779
154,DB1,P05,DB1_P05_C3_T03_relabeled,L,primary,wf2_featurewise,4,DB1,DB1,True,0.9970225691795349
159,DB4,P53,DB4_P53_T16_relabeled,R,primary,wf2_featurewise,4,DB4,DB4,True,0.9996809959411621
168,DB5,P26,DB5_P26_T28_l_slow_relabeled,L,primary,wf2_featurewise,4,DB5,DB5,True,0.9997921586036682
170,DB2,P12,DB2_P12_T04_130_relabeled,L,primary,wf2_featurewise,4,DB2,DB2,True,0.9983708262443542
175,DB4,P08,DB4_P08_T06_relabeled,R,primary,wf2_featurewise,4,DB4,DB4,True,0.9997614026069641
178,DB4,P45,DB4_P45_T21_relabeled,R,primary,wf2_featurewise,4,DB4,DB4,True,0.9997847676277161
179,DB2,P12,DB2_P12_T04_250_relabeled,L,primary,wf2_featurewise,4,DB2,DB2,True,0.998299777507782
181,DB4,P08,DB4_P08_T18_relabeled,R,primary,wf2_featurewise,4,DB4,DB4,True,0.9997817873954773
186,DB5,P23,DB5_P23_T35_r_slow_relabeled,L,primary,wf2_featurewise,4,DB5,DB5,True,0.9997531771659851
187,DB2,P01,DB2_P01_T01_p_relabeled,L,primary,wf2_featurewise,4,DB2,DB2,True,0.9968967437744141
189,DB4,P53,DB4_P53_T08_relabeled,R,primary,wf2_featurewise,4,DB4,DB4,True,0.9995723366737366
200,DB5,P29,DB5_P29_T09_l_comf_relabeled,L,primary,wf2_featurewise,4,DB5,DB5,True,0.9998345375061035
201,DB1,P49,DB1_P49_C3_T04_relabeled,L,primary,wf2_featurewise,4,DB1,DB1,True,0.9987416863441467
211,DB5,P23,DB5_P23_T25_l_slow_relabeled,L,primary,wf2_featurewise,4,DB5,DB5,True,0.9997736811637878
215,DB5,P23,DB5_P23_T05_l_comf_relabeled,L,primary,wf2_featurewise,4,DB5,DB5,True,0.9997650980949402
221,DB5,P28,DB5_P28_T28_l_slow_relabeled,L,primary,wf2_featurewise,4,DB5,DB5,True,0.9998559951782227
224,DB4,P04,DB4_P04_T02_relabeled,R,primary,wf2_featurewise,4,DB4,DB4,True,0.9998003840446472
225,DB1,P17,DB1_P17_C2_T05_relabeled,L,primary,wf2_featurewise,4,DB1,DB1,True,0.9934501051902771
229,DB2,P12,DB2_P12_T03_250_relabeled,L,primary,wf2_featurewise,4,DB2,DB2,True,0.9984338879585266
232,DB2,P12,DB2_P12_T02_130_relabeled,L,primary,wf2_featurewise,4,DB2,DB2,True,0.9986262321472168
233,DB2,P12,DB2_P12_T02_-130_relabeled,L,primary,wf2_featurewise,4,DB2,DB2,True,0.998923122882843
237,DB5,P23,DB5_P23_T14_r_comf_relabeled,L,primary,wf2_featurewise,4,DB5,DB5,True,0.9995883107185364
240,DB3,P10,DB3_P10_A_T04,L,primary,wf2_featurewise,4,DB3,DB3,True,0.9970309734344482
241,DB5,P26,DB5_P26_T06_l_comf_relabeled,L,primary,wf2_featurewise,4,DB5,DB5,True,0.9997768998146057
255,DB1,P17,DB1_P17_C2_T03_relabeled,L,primary,wf2_featurewise,4,DB1,DB1,True,0.9914621114730835
259,DB3,P16,DB3_P16_A_T02_relabeled,L,primary,wf2_featurewise,4,DB3,DB3,True,0.9977394342422485
260,DB4,P19,DB4_P19_T03_relabeled,R,primary,wf2_featurewise,4,DB4,DB4,True,0.9999006986618042
262,DB1,P06,DB1_P06_C3_T02_relabeled,L,primary,wf2_featurewise,4,DB1,DB1,True,0.998049259185791
264,DB4,P47,DB4_P47_T18_relabeled,R,primary,wf2_featurewise,4,DB4,DB4,True,0.9999657869338989
267,DB5,P23,DB5_P23_T03_l_comf_relabeled,L,primary,wf2_featurewise,4,DB5,DB5,True,0.9997932314872742
277,DB2,P12,DB2_P12_T01_p_relabeled,L,primary,wf2_featurewise,4,DB2,DB2,True,0.997931718826294
279,DB3,P18,DB3_P18_A_T03,L,primary,wf2_featurewise,4,DB3,DB3,True,0.9922762513160706
280,DB4,P47,DB4_P47_T14_relabeled,R,primary,wf2_featurewise,4,DB4,DB4,True,0.9999648332595825
283,DB3,P18,DB3_P18_A_T01,L,primary,wf2_featurewise,4,DB3,DB3,True,0.9923191666603088
286,DB4,P42,DB4_P42_T05_relabeled,R,primary,wf2_featurewise,4,DB4,DB4,True,0.9998488426208496
287,DB2,P01,DB2_P01_T11_p_relabeled,L,primary,wf2_featurewise,4,DB2,DB2,True,0.9969038367271423
290,DB4,P53,DB4_P53_T11_relabeled,R,primary,wf2_featurewise,4,DB4,DB4,True,0.999716579914093
296,DB5,P26,DB5_P26_T36_r_slow_relabeled,L,primary,wf2_featurewise,4,DB5,DB5,True,0.9997598528862
305,DB5,P29,DB5_P29_T10_l_comf_relabeled,L,primary,wf2_featurewise,4,DB5,DB5,True,0.9998083710670471
326,DB2,P12,DB2_P12_T04_-65_relabeled,L,primary,wf2_featurewise,4,DB2,DB2,True,0.9978578686714172
328,DB5,P29,DB5_P29_T24_l_slow_relabeled,L,primary,wf2_featurewise,4,DB5,DB5,True,0.9998314380645752
335,DB3,P19,DB3_P19_A_T15,L,primary,wf2_featurewise,4,DB3,DB3,True,0.9855816960334778
338,DB4,P19,DB4_P19_T18_relabeled,R,primary,wf2_featurewise,4,DB4,DB4,True,0.9998898506164551
356,DB4,P04,DB4_P04_T12_relabeled,R,primary,wf2_featurewise,4,DB4,DB4,True,0.999823272228241
361,DB3,P19,DB3_P19_A_T19,R,primary,wf2_featurewise,4,DB3,DB3,True,0.9894722104072571
362,DB4,P19,DB4_P19_T02_relabeled,R,primary,wf2_featurewise,4,DB4,DB4,True,0.999873161315918
363,DB4,P46,DB4_P46_T05_relabeled,R,primary,wf2_featurewise,4,DB4,DB4,True,0.9997559189796448
366,DB2,P12,DB2_P12_T05_65_relabeled,L,primary,wf2_featurewise,4,DB2,DB2,True,0.9986881613731384
377,DB3,P18,DB3_P18_A_T14,L,primary,wf2_featurewise,4,DB3,DB3,True,0.9926126003265381
382,DB5,P26,DB5_P26_T02_l_comf_relabeled,L,primary,wf2_featurewise,4,DB5,DB5,True,0.9998162388801575
390,DB2,P01,DB2_P01_T09_-130_relabeled,L,primary,wf2_featurewise,4,DB2,DB2,True,0.9940627217292786
421,DB3,P19,DB3_P19_A_T02,L,primary,wf2_featurewise,4,DB3,DB3,True,0.992424488067627
422,DB2,P01,DB2_P01_T07_-130_relabeled,L,primary,wf2_featurewise,4,DB2,DB2,True,0.9934272766113281
424,DB2,P01,DB2_P01_T01_130_relabeled,L,primary,wf2_featurewise,4,DB2,DB2,True,0.9959473013877869
429,DB5,P26,DB5_P26_T08_l_comf_relabeled,L,primary,wf2_featurewise,4,DB5,DB5,True,0.9998161196708679
435,DB4,P45,DB4_P45_T22_relabeled,R,primary,wf2_featurewise,4,DB4,DB4,True,0.9997357726097107
438,DB2,P12,DB2_P12_T05_-65_relabeled,L,primary,wf2_featurewise,4,DB2,DB2,True,0.9981245398521423
444,DB2,P01,DB2_P01_T02_250_relabeled,L,primary,wf2_featurewise,4,DB2,DB2,True,0.988752543926239
465,DB3,P18,DB3_P18_A_T13,L,primary,wf2_featurewise,4,DB3,DB3,True,0.9920795559883118
474,DB5,P23,DB5_P23_T17_r_comf_relabeled,L,primary,wf2_featurewise,4,DB5,DB5,True,0.9995842576026917
476,DB4,P45,DB4_P45_T04_relabeled,R,primary,wf2_featurewise,4,DB4,DB4,True,0.9998145699501038
477,DB4,P46,DB4_P46_T17_relabeled,R,primary,wf2_featurewise,4,DB4,DB4,True,0.9995354413986206
482,DB5,P23,DB5_P23_T37_r_slow_relabeled,L,primary,wf2_featurewise,4,DB5,DB5,True,0.9996589422225952
497,DB2,P12,DB2_P12_T02_-65_relabeled,L,primary,wf2_featurewise,4,DB2,DB2,True,0.9971213936805725
504,DB3,P10,DB3_P10_A_T06,L,primary,wf2_featurewise,4,DB3,DB3,True,0.997235119342804
505,DB5,P29,DB5_P29_T03_l_comf_relabeled,L,primary,wf2_featurewise,4,DB5,DB5,True,0.9998396635055542
509,DB3,P16,DB3_P16_A_T09_relabeled,R,primary,wf2_featurewise,4,DB3,DB3,True,0.9971641898155212
514,DB3,P16,DB3_P16_A_T05_relabeled,L,primary,wf2_featurewise,4,DB3,DB3,True,0.996142566204071
519,DB4,P47,DB4_P47_T06_relabeled,R,primary,wf2_featurewise,4,DB4,DB4,True,0.9999617338180542
526,DB5,P29,DB5_P29_T12_r_comf_relabeled,L,primary,wf2_featurewise,4,DB5,DB5,True,0.9998202919960022
528,DB5,P23,DB5_P23_T28_l_slow_relabeled,L,primary,wf2_featurewise,4,DB5,DB5,True,0.9998100399971008
541,DB1,P47,DB1_P47_C2_T02_relabeled,L,primary,wf2_featurewise,4,DB1,DB1,True,0.9983003735542297
542,DB4,P08,DB4_P08_T11_relabeled,R,primary,wf2_featurewise,4,DB4,DB4,True,0.9998001456260681
551,DB4,P19,DB4_P19_T08_relabeled,R,primary,wf2_featurewise,4,DB4,DB4,True,0.9998748302459717
572,DB5,P23,DB5_P23_T29_l_slow_relabeled,L,primary,wf2_featurewise,4,DB5,DB5,True,0.9998401403427124
573,DB2,P12,DB2_P12_T03_-130_relabeled,L,primary,wf2_featurewise,4,DB2,DB2,True,0.9991889595985413
577,DB5,P26,DB5_P26_T01_l_comf_relabeled,L,primary,wf2_featurewise,4,DB5,DB5,True,0.9998100399971008
585,DB2,P12,DB2_P12_T03_p_relabeled,L,primary,wf2_featurewise,4,DB2,DB2,True,0.9992411136627197
589,DB5,P28,DB5_P28_T05_l_comf_relabeled,L,primary,wf2_featurewise,4,DB5,DB5,True,0.9998505115509033
617,DB5,P29,DB5_P29_T08_l_comf_relabeled,L,primary,wf2_featurewise,4,DB5,DB5,True,0.9998236298561096
620,DB5,P23,DB5_P23_T13_r_comf_relabeled,L,primary,wf2_featurewise,4,DB5,DB5,True,0.9996757507324219
625,DB5,P23,DB5_P23_T01_l_comf_relabeled,L,primary,wf2_featurewise,4,DB5,DB5,True,0.999763548374176
626,DB4,P42,DB4_P42_T19_relabeled,R,primary,wf2_featurewise,4,DB4,DB4,True,0.9996576309204102
631,DB4,P42,DB4_P42_T12_relabeled,R,primary,wf2_featurewise,4,DB4,DB4,True,0.9997946619987488
632,DB5,P29,DB5_P29_T15_r_comf_relabeled,L,primary,wf2_featurewise,4,DB5,DB5,True,0.9997885823249817
633,DB4,P45,DB4_P45_T02_relabeled,R,primary,wf2_featurewise,4,DB4,DB4,True,0.9998284578323364
634,DB2,P01,DB2_P01_T04_250_relabeled,L,primary,wf2_featurewise,4,DB2,DB2,True,0.9857052564620972
636,DB4,P19,DB4_P19_T05_relabeled,R,primary,wf2_featurewise,4,DB4,DB4,True,0.9999090433120728
648,DB2,P01,DB2_P01_T02_130_relabeled,L,primary,wf2_featurewise,4,DB2,DB2,True,0.9963417649269104
650,DB3,P19,DB3_P19_A_T11,L,primary,wf2_featurewise,4,DB3,DB3,True,0.9874857068061829
652,DB1,P05,DB1_P05_C2_T01_relabeled,L,primary,wf2_featurewise,4,DB1,DB1,True,0.9977195858955383
658,DB5,P29,DB5_P29_T16_r_comf_relabeled,L,primary,wf2_featurewise,4,DB5,DB5,True,0.9997879862785339
660,DB1,P06,DB1_P06_C3_T05_relabeled,L,primary,wf2_featurewise,4,DB1,DB1,True,0.9977438449859619
666,DB3,P16,DB3_P16_A_T08_relabeled,R,primary,wf2_featurewise,4,DB3,DB3,True,0.9968969821929932
672,DB1,P47,DB1_P47_C2_T01_relabeled,L,primary,wf2_featurewise,4,DB1,DB1,True,0.9865690469741821
673,DB2,P12,DB2_P12_T03_130_relabeled,L,primary,wf2_featurewise,4,DB2,DB2,True,0.9985887408256531
681,DB5,P29,DB5_P29_T01_l_comf_relabeled,L,primary,wf2_featurewise,4,DB5,DB5,True,0.9998376369476318
682,DB4,P49,DB4_P49_T10_relabeled,R,primary,wf2_featurewise,4,DB4,DB4,True,0.9998857975006104
684,DB3,P10,DB3_P10_A_T09,R,primary,wf2_featurewise,4,DB3,DB3,True,0.9936116337776184
685,DB2,P01,DB2_P01_T05_-65_relabeled,L,primary,wf2_featurewise,4,DB2,DB2,True,0.994708776473999
687,DB5,P23,DB5_P23_T27_l_slow_relabeled,L,primary,wf2_featurewise,4,DB5,DB5,True,0.9997748732566833
694,DB5,P28,DB5_P28_T22_l_slow_relabeled,L,primary,wf2_featurewise,4,DB5,DB5,True,0.9998509883880615
711,DB2,P12,DB2_P12_T05_-130_relabeled,L,primary,wf2_featurewise,4,DB2,DB2,True,0.9994300007820129
714,DB2,P01,DB2_P01_T06_p_relabeled,L,primary,wf2_featurewise,4,DB2,DB2,True,0.9907532930374146
720,DB5,P23,DB5_P23_T23_l_slow_relabeled,L,primary,wf2_featurewise,4,DB5,DB5,True,0.9997979998588562
725,DB5,P28,DB5_P28_T03_l_comf_relabeled,L,primary,wf2_featurewise,4,DB5,DB5,True,0.9998465776443481
730,DB4,P45,DB4_P45_T03_relabeled,R,primary,wf2_featurewise,4,DB4,DB4,True,0.9998482465744019
732,DB2,P12,DB2_P12_T02_250_relabeled,L,primary,wf2_featurewise,4,DB2,DB2,True,0.9974862337112427
746,DB4,P08,DB4_P08_T08_relabeled,R,primary,wf2_featurewise,4,DB4,DB4,True,0.9997004270553589
747,DB4,P53,DB4_P53_T09_relabeled,R,primary,wf2_featurewise,4,DB4,DB4,True,0.9996299743652344
750,DB1,P02,DB1_P02_C3_T01_relabeled,L,primary,wf2_featurewise,4,DB1,DB1,True,0.9979339838027954
760,DB4,P47,DB4_P47_T15_relabeled,R,primary,wf2_featurewise,4,DB4,DB4,True,0.9999672174453735
762,DB4,P42,DB4_P42_T21_relabeled,R,primary,wf2_featurewise,4,DB4,DB4,True,0.9997245669364929
763,DB4,P46,DB4_P46_T08_relabeled,R,primary,wf2_featurewise,4,DB4,DB4,True,0.999663233757019
764,DB4,P19,DB4_P19_T13_relabeled,L,primary,wf2_featurewise,4,DB4,DB4,True,0.9997124075889587
765,DB5,P26,DB5_P26_T15_r_comf_relabeled,L,primary,wf2_featurewise,4,DB5,DB5,True,0.9995846152305603
766,DB4,P45,DB4_P45_T15_relabeled,R,primary,wf2_featurewise,4,DB4,DB4,True,0.9998364448547363
770,DB5,P28,DB5_P28_T24_l_slow_relabeled,L,primary,wf2_featurewise,4,DB5,DB5,True,0.9998621940612793
783,DB5,P28,DB5_P28_T25_l_slow_relabeled,L,primary,wf2_featurewise,4,DB5,DB5,True,0.9998608827590942
795,DB2,P01,DB2_P01_T04_65_relabeled,L,primary,wf2_featurewise,4,DB2,DB2,True,0.9946978092193604
797,DB3,P18,DB3_P18_A_T08,R,primary,wf2_featurewise,4,DB3,DB3,True,0.9966818690299988
821,DB5,P26,DB5_P26_T19_r_comf_relabeled,L,primary,wf2_featurewise,4,DB5,DB5,True,0.9996631145477295
827,DB5,P23,DB5_P23_T38_r_slow_relabeled,L,primary,wf2_featurewise,4,DB5,DB5,True,0.999688982963562
832,DB4,P45,DB4_P45_T17_relabeled,R,primary,wf2_featurewise,4,DB4,DB4,True,0.9998136162757874
834,DB5,P26,DB5_P26_T35_r_slow_relabeled,L,primary,wf2_featurewise,4,DB5,DB5,True,0.9998252987861633
837,DB2,P12,DB2_P12_T01_130_relabeled,L,primary,wf2_featurewise,4,DB2,DB2,True,0.9986792206764221
838,DB5,P28,DB5_P28_T06_l_comf_relabeled,L,primary,wf2_featurewise,4,DB5,DB5,True,0.9998161196708679
841,DB5,P26,DB5_P26_T18_r_comf_relabeled,L,primary,wf2_featurewise,4,DB5,DB5,True,0.9989823698997498
847,DB2,P12,DB2_P12_T05_p_relabeled,L,primary,wf2_featurewise,4,DB2,DB2,True,0.9970740079879761
849,DB4,P46,DB4_P46_T16_relabeled,R,primary,wf2_featurewise,4,DB4,DB4,True,0.9996974468231201
855,DB5,P23,DB5_P23_T40_r_slow_relabeled,L,primary,wf2_featurewise,4,DB5,DB5,True,0.9996707439422607
867,DB2,P01,DB2_P01_T01_250_relabeled,L,primary,wf2_featurewise,4,DB2,DB2,True,0.9948711395263672
868,DB4,P04,DB4_P04_T11_relabeled,R,primary,wf2_featurewise,4,DB4,DB4,True,0.9997528195381165
875,DB4,P19,DB4_P19_T11_relabeled,L,primary,wf2_featurewise,4,DB4,DB4,True,0.9965338706970215
878,DB5,P23,DB5_P23_T21_l_slow_relabeled,L,primary,wf2_featurewise,4,DB5,DB5,True,0.9998289346694946
883,DB4,P47,DB4_P47_T17_relabeled,R,primary,wf2_featurewise,4,DB4,DB4,True,0.9999701976776123
884,DB3,P16,DB3_P16_A_T06_relabeled,L,primary,wf2_featurewise,4,DB3,DB3,True,0.9975684285163879
897,DB4,P53,DB4_P53_T02_relabeled,R,primary,wf2_featurewise,4,DB4,DB4,True,0.9996397495269775
898,DB4,P45,DB4_P45_T14_relabeled,R,primary,wf2_featurewise,4,DB4,DB4,True,0.9997453093528748
899,DB1,P06,DB1_P06_C1_T04_relabeled,L,primary,wf2_featurewise,4,DB1,DB1,True,0.9342479705810547
901,DB4,P08,DB4_P08_T14_relabeled,R,primary,wf2_featurewise,4,DB4,DB4,True,0.9997079968452454
906,DB3,P10,DB3_P10_A_T15,R,primary,wf2_featurewise,4,DB3,DB3,True,0.9940139651298523
909,DB4,P46,DB4_P46_T20_relabeled,R,primary,wf2_featurewise,4,DB4,DB4,True,0.999774158000946
935,DB4,P42,DB4_P42_T18_relabeled,R,primary,wf2_featurewise,4,DB4,DB4,True,0.9997619986534119
938,DB5,P23,DB5_P23_T10_l_comf_relabeled,L,primary,wf2_featurewise,4,DB5,DB5,True,0.9998177886009216
939,DB3,P18,DB3_P18_A_T11,R,primary,wf2_featurewise,4,DB3,DB3,True,0.9955213069915771
944,DB5,P23,DB5_P23_T39_r_slow_relabeled,L,primary,wf2_featurewise,4,DB5,DB5,True,0.9996298551559448
945,DB2,P12,DB2_P12_T07_-130_relabeled,L,primary,wf2_featurewise,4,DB2,DB2,True,0.9990236759185791
958,DB3,P19,DB3_P19_A_T20,R,primary,wf2_featurewise,4,DB3,DB3,True,0.9903427362442017
959,DB5,P28,DB5_P28_T26_l_slow_relabeled,L,primary,wf2_featurewise,4,DB5,DB5,True,0.9998400211334229
960,DB2,P12,DB2_P12_T04_65_relabeled,L,primary,wf2_featurewise,4,DB2,DB2,True,0.9984558820724487
964,DB4,P47,DB4_P47_T09_relabeled,R,primary,wf2_featurewise,4,DB4,DB4,True,0.99997878074646
969,DB4,P49,DB4_P49_T13_relabeled,R,primary,wf2_featurewise,4,DB4,DB4,True,0.9998296499252319
974,DB3,P18,DB3_P18_A_T09,R,primary,wf2_featurewise,4,DB3,DB3,True,0.9955679774284363
975,DB1,P06,DB1_P06_C1_T01_relabeled,L,primary,wf2_featurewise,4,DB1,DB1,True,0.9946364760398865
982,DB4,P45,DB4_P45_T09_relabeled,R,primary,wf2_featurewise,4,DB4,DB4,True,0.9998406171798706
994,DB5,P26,DB5_P26_T03_l_comf_relabeled,L,primary,wf2_featurewise,4,DB5,DB5,True,0.9998090863227844
997,DB4,P45,DB4_P45_T19_relabeled,R,primary,wf2_featurewise,4,DB4,DB4,True,0.9997485280036926
1002,DB2,P12,DB2_P12_T03_65_relabeled,L,primary,wf2_featurewise,4,DB2,DB2,True,0.998029887676239
1004,DB4,P47,DB4_P47_T07_relabeled,R,primary,wf2_featurewise,4,DB4,DB4,True,0.5434715151786804
1013,DB2,P12,DB2_P12_T04_-130_relabeled,L,primary,wf2_featurewise,4,DB2,DB2,True,0.9987323880195618
1016,DB1,P17,DB1_P17_C2_T04_relabeled,L,primary,wf2_featurewise,4,DB1,DB1,True,0.9919648170471191
1018,DB1,P06,DB1_P06_C2_T02_relabeled,L,primary,wf2_featurewise,4,DB1,DB1,True,0.9973600506782532
1021,DB5,P23,DB5_P23_T18_r_comf_relabeled,L,primary,wf2_featurewise,4,DB5,DB5,True,0.9996168613433838
1025,DB4,P08,DB4_P08_T22_relabeled,R,primary,wf2_featurewise,4,DB4,DB4,True,0.9995212554931641
1033,DB2,P12,DB2_P12_T01_250_relabeled,L,primary,wf2_featurewise,4,DB2,DB2,True,0.998531699180603
1036,DB5,P23,DB5_P23_T11_r_comf_relabeled,L,primary,wf2_featurewise,4,DB5,DB5,True,0.999582827091217
1043,DB4,P04,DB4_P04_T03_relabeled,R,primary,wf2_featurewise,4,DB4,DB4,True,0.9998183846473694
1048,DB4,P49,DB4_P49_T19_relabeled,R,primary,wf2_featurewise,4,DB4,DB4,True,0.9998279809951782
1056,DB2,P12,DB2_P12_T03_-65_relabeled,L,primary,wf2_featurewise,4,DB2,DB2,True,0.9978936314582825
1057,DB5,P28,DB5_P28_T38_r_slow_relabeled,L,primary,wf2_featurewise,4,DB5,DB5,True,0.9997987151145935
1058,DB4,P47,DB4_P47_T08_relabeled,R,primary,wf2_featurewise,4,DB4,DB4,True,0.999976396560669
1068,DB4,P45,DB4_P45_T10_relabeled,R,primary,wf2_featurewise,4,DB4,DB4,True,0.9997813105583191
1070,DB2,P01,DB2_P01_T08_-130_relabeled,L,primary,wf2_featurewise,4,DB2,DB2,True,0.994850218296051
1083,DB4,P45,DB4_P45_T23_relabeled,R,primary,wf2_featurewise,4,DB4,DB4,True,0.9998520612716675
1092,DB1,P17,DB1_P17_C2_T01_relabeled,L,primary,wf2_featurewise,4,DB1,DB1,True,0.9974913597106934
1111,DB5,P29,DB5_P29_T17_r_comf_relabeled,L,primary,wf2_featurewise,4,DB5,DB5,True,0.9997889399528503
1117,DB4,P08,DB4_P08_T20_relabeled,R,primary,wf2_featurewise,4,DB4,DB4,True,0.9996386766433716
1118,DB4,P53,DB4_P53_T06_relabeled,R,primary,wf2_featurewise,4,DB4,DB4,True,0.9996145963668823
1122,DB4,P46,DB4_P46_T14_relabeled,R,primary,wf2_featurewise,4,DB4,DB4,True,0.9996739625930786
1123,DB4,P47,DB4_P47_T03_relabeled,R,primary,wf2_featurewise,4,DB4,DB4,True,0.9999754428863525
1147,DB4,P45,DB4_P45_T20_relabeled,R,primary,wf2_featurewise,4,DB4,DB4,True,0.9997894167900085
1148,DB2,P12,DB2_P12_T05_250_relabeled,L,primary,wf2_featurewise,4,DB2,DB2,True,0.9988478422164917
1150,DB4,P49,DB4_P49_T08_relabeled,R,primary,wf2_featurewise,4,DB4,DB4,True,0.9998078942298889
1151,DB5,P23,DB5_P23_T12_r_comf_relabeled,L,primary,wf2_featurewise,4,DB5,DB5,True,0.9996484518051147
1154,DB4,P53,DB4_P53_T14_relabeled,R,primary,wf2_featurewise,4,DB4,DB4,True,0.9995564818382263
1155,DB1,P02,DB1_P02_C2_T03_relabeled,L,primary,wf2_featurewise,4,DB1,DB1,True,0.9925310015678406
1168,DB3,P10,DB3_P10_A_T13,R,primary,wf2_featurewise,4,DB3,DB3,True,0.9933848977088928
1170,DB5,P23,DB5_P23_T34_r_slow_relabeled,L,primary,wf2_featurewise,4,DB5,DB5,True,0.9996813535690308
1171,DB4,P19,DB4_P19_T12_relabeled,R,primary,wf2_featurewise,4,DB4,DB4,True,0.9999059438705444
1177,DB4,P49,DB4_P49_T11_relabeled,R,primary,wf2_featurewise,4,DB4,DB4,True,0.9998385906219482
1178,DB4,P42,DB4_P42_T16_relabeled,R,primary,wf2_featurewise,4,DB4,DB4,True,0.9998514652252197
1179,DB2,P12,DB2_P12_T05_130_relabeled,L,primary,wf2_featurewise,4,DB2,DB2,True,0.9982730150222778
1182,DB2,P12,DB2_P12_T02_p_relabeled,L,primary,wf2_featurewise,4,DB2,DB2,True,0.9983722567558289
1186,DB4,P42,DB4_P42_T20_relabeled,R,primary,wf2_featurewise,4,DB4,DB4,True,0.9996970891952515
1195,DB1,P17,DB1_P17_C3_T04_relabeled,L,primary,wf2_featurewise,4,DB1,DB1,True,0.9935465455055237
1203,DB4,P49,DB4_P49_T04_relabeled,R,primary,wf2_featurewise,4,DB4,DB4,True,0.9998006224632263
1207,DB3,P10,DB3_P10_A_T16,R,primary,wf2_featurewise,4,DB3,DB3,True,0.9956739544868469
1211,DB4,P42,DB4_P42_T07_relabeled,R,primary,wf2_featurewise,4,DB4,DB4,True,0.9997382760047913
1214,DB5,P26,DB5_P26_T26_l_slow_relabeled,L,primary,wf2_featurewise,4,DB5,DB5,True,0.9997430443763733
1216,DB5,P29,DB5_P29_T02_l_comf_relabeled,L,primary,wf2_featurewise,4,DB5,DB5,True,0.9998358488082886
1218,DB4,P04,DB4_P04_T14_relabeled,R,primary,wf2_featurewise,4,DB4,DB4,True,0.999832272529602
1219,DB2,P01,DB2_P01_T01_65_relabeled,L,primary,wf2_featurewise,4,DB2,DB2,True,0.9947850108146667
1220,DB4,P49,DB4_P49_T16_relabeled,R,primary,wf2_featurewise,4,DB4,DB4,True,0.9998670816421509
1222,DB4,P08,DB4_P08_T13_relabeled,R,primary,wf2_featurewise,4,DB4,DB4,True,0.9997268319129944
1225,DB4,P53,DB4_P53_T12_relabeled,R,primary,wf2_featurewise,4,DB4,DB4,True,0.9996718168258667
1226,DB4,P19,DB4_P19_T20_relabeled,R,primary,wf2_featurewise,4,DB4,DB4,True,0.9998862743377686
1228,DB4,P46,DB4_P46_T04_relabeled,R,primary,wf2_featurewise,4,DB4,DB4,True,0.9995419979095459
1232,DB3,P10,DB3_P10_A_T08,L,primary,wf2_featurewise,4,DB3,DB3,True,0.9976840019226074
1235,DB1,P06,DB1_P06_C2_T03_relabeled,L,primary,wf2_featurewise,4,DB1,DB1,True,0.9975202679634094
1238,DB5,P23,DB5_P23_T06_l_comf_relabeled,L,primary,wf2_featurewise,4,DB5,DB5,True,0.999778687953949
1240,DB2,P01,DB2_P01_T01_-65_relabeled,L,primary,wf2_featurewise,4,DB2,DB2,True,0.9960622191429138
1246,DB4,P46,DB4_P46_T10_relabeled,R,primary,wf2_featurewise,4,DB4,DB4,True,0.9996224641799927
1247,DB4,P42,DB4_P42_T17_relabeled,R,primary,wf2_featurewise,4,DB4,DB4,True,0.9998365640640259
1248,DB3,P19,DB3_P19_A_T06,R,primary,wf2_featurewise,4,DB3,DB3,True,0.9883962869644165
1253,DB5,P29,DB5_P29_T11_r_comf_relabeled,L,primary,wf2_featurewise,4,DB5,DB5,True,0.9998121857643127
1260,DB4,P53,DB4_P53_T19_relabeled,R,primary,wf2_featurewise,4,DB4,DB4,True,0.9996198415756226
1277,DB4,P08,DB4_P08_T21_relabeled,R,primary,wf2_featurewise,4,DB4,DB4,True,0.9995335340499878
1280,DB1,P17,DB1_P17_C2_T02_relabeled,L,primary,wf2_featurewise,4,DB1,DB1,True,0.990016520023346
1284,DB2,P01,DB2_P01_T02_65_relabeled,L,primary,wf2_featurewise,4,DB2,DB2,True,0.994726836681366
1291,DB4,P19,DB4_P19_T16_relabeled,R,primary,wf2_featurewise,4,DB4,DB4,True,0.9999091625213623
1293,DB5,P26,DB5_P26_T10_l_comf_relabeled,L,primary,wf2_featurewise,4,DB5,DB5,True,0.999789297580719
1312,DB4,P46,DB4_P46_T11_relabeled,R,primary,wf2_featurewise,4,DB4,DB4,True,0.999711811542511
1327,DB3,P10,DB3_P10_A_T07,L,primary,wf2_featurewise,4,DB3,DB3,True,0.9932431578636169
1330,DB1,P03,DB1_P03_C3_T01_relabeled,L,primary,wf2_featurewise,4,DB1,DB1,True,0.9974822402000427
1338,DB5,P26,DB5_P26_T07_l_comf_relabeled,L,primary,wf2_featurewise,4,DB5,DB5,True,0.9998069405555725
1341,DB1,P49,DB1_P49_C2_T01_relabeled,L,primary,wf2_featurewise,4,DB1,DB1,True,0.9984678626060486
1346,DB5,P26,DB5_P26_T11_r_comf_relabeled,L,primary,wf2_featurewise,4,DB5,DB5,True,0.9983957409858704
1355,DB4,P53,DB4_P53_T10_relabeled,R,primary,wf2_featurewise,4,DB4,DB4,True,0.9997406601905823
1357,DB5,P29,DB5_P29_T06_l_comf_relabeled,L,primary,wf2_featurewise,4,DB5,DB5,True,0.9998356103897095
1359,DB1,P05,DB1_P05_C3_T02_relabeled,L,primary,wf2_featurewise,4,DB1,DB1,True,0.9961379170417786
1360,DB2,P12,DB2_P12_T02_65_relabeled,L,primary,wf2_featurewise,4,DB2,DB2,True,0.9986667633056641
1372,DB5,P28,DB5_P28_T10_l_comf_relabeled,L,primary,wf2_featurewise,4,DB5,DB5,True,0.9998908042907715
1376,DB4,P46,DB4_P46_T03_relabeled,R,primary,wf2_featurewise,4,DB4,DB4,True,0.9995575547218323
1383,DB4,P46,DB4_P46_T12_relabeled,R,primary,wf2_featurewise,4,DB4,DB4,True,0.9994977712631226
1384,DB5,P29,DB5_P29_T14_r_comf_relabeled,L,primary,wf2_featurewise,4,DB5,DB5,True,0.9996651411056519
1385,DB5,P29,DB5_P29_T20_r_comf_relabeled,L,primary,wf2_featurewise,4,DB5,DB5,True,0.9996830224990845
1387,DB3,P18,DB3_P18_A_T10,R,primary,wf2_featurewise,4,DB3,DB3,True,0.995984673500061
1394,DB3,P16,DB3_P16_A_T07_relabeled,L,primary,wf2_featurewise,4,DB3,DB3,True,0.9958836436271667
1395,DB4,P49,DB4_P49_T05_relabeled,R,primary,wf2_featurewise,4,DB4,DB4,True,0.9998533725738525
1396,DB4,P47,DB4_P47_T16_relabeled,R,primary,wf2_featurewise,4,DB4,DB4,True,0.9999706745147705
1402,DB4,P49,DB4_P49_T18_relabeled,R,primary,wf2_featurewise,4,DB4,DB4,True,0.9998646974563599
1407,DB4,P45,DB4_P45_T12_relabeled,R,primary,wf2_featurewise,4,DB4,DB4,True,0.9998236298561096
1410,DB4,P04,DB4_P04_T20_relabeled,R,primary,wf2_featurewise,4,DB4,DB4,True,0.9997562766075134
1413,DB2,P12,DB2_P12_T04_p_relabeled,L,primary,wf2_featurewise,4,DB2,DB2,True,0.9983749389648438
1415,DB4,P04,DB4_P04_T19_relabeled,R,primary,wf2_featurewise,4,DB4,DB4,True,0.9998469352722168
1418,DB4,P19,DB4_P19_T09_relabeled,R,primary,wf2_featurewise,4,DB4,DB4,True,0.9999111890792847
1423,DB4,P19,DB4_P19_T22_relabeled,L,primary,wf2_featurewise,4,DB4,DB4,True,0.9996782541275024
1426,DB5,P29,DB5_P29_T25_l_slow_relabeled,L,primary,wf2_featurewise,4,DB5,DB5,True,0.9998512268066406
1432,DB5,P23,DB5_P23_T15_r_comf_relabeled,L,primary,wf2_featurewise,4,DB5,DB5,True,0.9997426867485046
1435,DB4,P45,DB4_P45_T08_relabeled,R,primary,wf2_featurewise,4,DB4,DB4,True,0.9997708201408386
1442,DB1,P47,DB1_P47_C3_T03_relabeled,L,primary,wf2_featurewise,4,DB1,DB1,True,0.9935694932937622
1443,DB4,P49,DB4_P49_T15_relabeled,R,primary,wf2_featurewise,4,DB4,DB4,True,0.9998612403869629
1451,DB4,P47,DB4_P47_T12_relabeled,R,primary,wf2_featurewise,4,DB4,DB4,True,0.9999651908874512
1455,DB4,P04,DB4_P04_T17_relabeled,R,primary,wf2_featurewise,4,DB4,DB4,True,0.9997404217720032
1459,DB1,P05,DB1_P05_C2_T02_relabeled,L,primary,wf2_featurewise,4,DB1,DB1,True,0.9946805834770203
1470,DB4,P53,DB4_P53_T03_relabeled,R,primary,wf2_featurewise,4,DB4,DB4,True,0.999731719493866
1493,DB5,P28,DB5_P28_T27_l_slow_relabeled,L,primary,wf2_featurewise,4,DB5,DB5,True,0.9998631477355957
1495,DB4,P49,DB4_P49_T02_relabeled,R,primary,wf2_featurewise,4,DB4,DB4,True,0.9998703002929688
1500,DB2,P01,DB2_P01_T05_130_relabeled,L,primary,wf2_featurewise,4,DB2,DB2,True,0.9929311275482178
1502,DB3,P10,DB3_P10_A_T05,L,primary,wf2_featurewise,4,DB3,DB3,True,0.9946664571762085
1508,DB5,P29,DB5_P29_T07_l_comf_relabeled,L,primary,wf2_featurewise,4,DB5,DB5,True,0.999833345413208
1520,DB4,P42,DB4_P42_T02_relabeled,R,primary,wf2_featurewise,4,DB4,DB4,True,0.9996869564056396
1524,DB5,P26,DB5_P26_T13_r_comf_relabeled,L,primary,wf2_featurewise,4,DB5,DB5,True,0.9997956156730652
1529,DB1,P06,DB1_P06_C2_T01_relabeled,L,primary,wf2_featurewise,4,DB1,DB1,True,0.9984495639801025
1532,DB5,P28,DB5_P28_T09_l_comf_relabeled,L,primary,wf2_featurewise,4,DB5,DB5,True,0.9998477697372437
1541,DB5,P28,DB5_P28_T30_l_slow_relabeled,L,primary,wf2_featurewise,4,DB5,DB5,True,0.999858021736145
1543,DB5,P23,DB5_P23_T26_l_slow_relabeled,L,primary,wf2_featurewise,4,DB5,DB5,True,0.9998377561569214
1552,DB5,P23,DB5_P23_T08_l_comf_relabeled,L,primary,wf2_featurewise,4,DB5,DB5,True,0.9997963309288025
1554,DB1,P49,DB1_P49_C2_T04_relabeled,L,primary,wf2_featurewise,4,DB1,DB1,True,0.9985854625701904
1559,DB4,P19,DB4_P19_T24_relabeled,L,primary,wf2_featurewise,4,DB4,DB4,True,0.9997560381889343
1562,DB5,P23,DB5_P23_T20_r_comf_relabeled,L,primary,wf2_featurewise,4,DB5,DB5,True,0.9996304512023926
1571,DB3,P19,DB3_P19_A_T03,L,primary,wf2_featurewise,4,DB3,DB3,True,0.9871947169303894
1573,DB4,P49,DB4_P49_T09_relabeled,R,primary,wf2_featurewise,4,DB4,DB4,True,0.9998774528503418
1577,DB5,P28,DB5_P28_T04_l_comf_relabeled,L,primary,wf2_featurewise,4,DB5,DB5,True,0.9998433589935303
1579,DB5,P26,DB5_P26_T29_l_slow_relabeled,L,primary,wf2_featurewise,4,DB5,DB5,True,0.9998233914375305
1580,DB4,P47,DB4_P47_T19_relabeled,R,primary,wf2_featurewise,4,DB4,DB4,True,0.9999701976776123
1582,DB1,P02,DB1_P02_C2_T02_relabeled,L,primary,wf2_featurewise,4,DB1,DB1,True,0.9916979074478149
1592,DB5,P26,DB5_P26_T20_r_comf_relabeled,L,primary,wf2_featurewise,4,DB5,DB5,True,0.9997338652610779
1599,DB1,P47,DB1_P47_C3_T05_relabeled,L,primary,wf2_featurewise,4,DB1,DB1,True,0.5513248443603516
1602,DB5,P29,DB5_P29_T05_l_comf_relabeled,L,primary,wf2_featurewise,4,DB5,DB5,True,0.9998243451118469
1603,DB5,P26,DB5_P26_T14_r_comf_relabeled,L,primary,wf2_featurewise,4,DB5,DB5,True,0.9997503161430359
1614,DB5,P26,DB5_P26_T09_l_comf_relabeled,L,primary,wf2_featurewise,4,DB5,DB5,True,0.9998087286949158
1620,DB4,P49,DB4_P49_T14_relabeled,R,primary,wf2_featurewise,4,DB4,DB4,True,0.9998502731323242
1631,DB5,P23,DB5_P23_T09_l_comf_relabeled,L,primary,wf2_featurewise,4,DB5,DB5,True,0.9997900128364563
1634,DB4,P53,DB4_P53_T15_relabeled,R,primary,wf2_featurewise,4,DB4,DB4,True,0.999794065952301
1640,DB5,P28,DB5_P28_T14_r_comf_relabeled,L,primary,wf2_featurewise,4,DB5,DB5,True,0.9993067979812622
1641,DB5,P26,DB5_P26_T12_r_comf_relabeled,L,primary,wf2_featurewise,4,DB5,DB5,True,0.9992902278900146
1642,DB4,P49,DB4_P49_T22_relabeled,R,primary,wf2_featurewise,4,DB4,DB4,True,0.999854326248169
1671,DB5,P23,DB5_P23_T19_r_comf_relabeled,L,primary,wf2_featurewise,4,DB5,DB5,True,0.9996122717857361
1673,DB5,P29,DB5_P29_T04_l_comf_relabeled,L,primary,wf2_featurewise,4,DB5,DB5,True,0.9998356103897095
1675,DB4,P04,DB4_P04_T10_relabeled,R,primary,wf2_featurewise,4,DB4,DB4,True,0.9998432397842407
1678,DB4,P08,DB4_P08_T05_relabeled,R,primary,wf2_featurewise,4,DB4,DB4,True,0.9994925260543823
1698,DB5,P23,DB5_P23_T33_r_slow_relabeled,L,primary,wf2_featurewise,4,DB5,DB5,True,0.9997538924217224
1700,DB4,P04,DB4_P04_T04_relabeled,R,primary,wf2_featurewise,4,DB4,DB4,True,0.9997898936271667
1702,DB5,P26,DB5_P26_T17_r_comf_relabeled,L,primary,wf2_featurewise,4,DB5,DB5,True,0.9997631907463074
1703,DB3,P16,DB3_P16_A_T03_relabeled,L,primary,wf2_featurewise,4,DB3,DB3,True,0.9962299466133118
1705,DB3,P18,DB3_P18_A_T07,R,primary,wf2_featurewise,4,DB3,DB3,True,0.9955720901489258
1706,DB4,P47,DB4_P47_T05_relabeled,R,primary,wf2_featurewise,4,DB4,DB4,True,0.9999711513519287
1715,DB5,P23,DB5_P23_T36_r_slow_relabeled,L,primary,wf2_featurewise,4,DB5,DB5,True,0.9996815919876099
1719,DB4,P42,DB4_P42_T03_relabeled,R,primary,wf2_featurewise,4,DB4,DB4,True,0.9998175501823425
1720,DB3,P16,DB3_P16_A_T12_relabeled,R,primary,wf2_featurewise,4,DB3,DB3,True,0.9975689053535461
1723,DB4,P19,DB4_P19_T04_relabeled,L,primary,wf2_featurewise,4,DB4,DB4,True,0.9996802806854248
1733,DB4,P19,DB4_P19_T14_relabeled,R,primary,wf2_featurewise,4,DB4,DB4,True,0.9999111890792847
1736,DB5,P26,DB5_P26_T24_l_slow_relabeled,L,primary,wf2_featurewise,4,DB5,DB5,True,0.999821126461029
1738,DB4,P42,DB4_P42_T13_relabeled,R,primary,wf2_featurewise,4,DB4,DB4,True,0.999637246131897
1740,DB5,P26,DB5_P26_T25_l_slow_relabeled,L,primary,wf2_featurewise,4,DB5,DB5,True,0.999816358089447
1750,DB3,P10,DB3_P10_A_T14,R,primary,wf2_featurewise,4,DB3,DB3,True,0.9940574169158936
1767,DB3,P19,DB3_P19_A_T18,R,primary,wf2_featurewise,4,DB3,DB3,True,0.9918791055679321
1770,DB4,P45,DB4_P45_T18_relabeled,R,primary,wf2_featurewise,4,DB4,DB4,True,0.9997974038124084
1772,DB4,P04,DB4_P04_T06_relabeled,R,primary,wf2_featurewise,4,DB4,DB4,True,0.9998192191123962
1773,DB4,P49,DB4_P49_T20_relabeled,R,primary,wf2_featurewise,4,DB4,DB4,True,0.9998592138290405
1786,DB4,P45,DB4_P45_T06_relabeled,R,primary,wf2_featurewise,4,DB4,DB4,True,0.9997453093528748
1787,DB4,P19,DB4_P19_T25_relabeled,R,primary,wf2_featurewise,4,DB4,DB4,True,0.9998911619186401
1791,DB5,P23,DB5_P23_T22_l_slow_relabeled,L,primary,wf2_featurewise,4,DB5,DB5,True,0.99982750415802
1796,DB5,P23,DB5_P23_T24_l_slow_relabeled,L,primary,wf2_featurewise,4,DB5,DB5,True,0.9998179078102112
1799,DB5,P29,DB5_P29_T19_r_comf_relabeled,L,primary,wf2_featurewise,4,DB5,DB5,True,0.9996767044067383
1804,DB1,P49,DB1_P49_C3_T01_relabeled,L,primary,wf2_featurewise,4,DB1,DB1,True,0.991614580154419
1810,DB5,P26,DB5_P26_T22_l_slow_relabeled,L,primary,wf2_featurewise,4,DB5,DB5,True,0.9998291730880737
1814,DB4,P42,DB4_P42_T04_relabeled,R,primary,wf2_featurewise,4,DB4,DB4,True,0.9997125267982483
1815,DB4,P42,DB4_P42_T08_relabeled,R,primary,wf2_featurewise,4,DB4,DB4,True,0.9997988343238831
1818,DB4,P46,DB4_P46_T18_relabeled,R,primary,wf2_featurewise,4,DB4,DB4,True,0.9994102716445923
1830,DB3,P16,DB3_P16_A_T13_relabeled,R,primary,wf2_featurewise,4,DB3,DB3,True,0.9972155094146729
1841,DB1,P05,DB1_P05_C2_T03_relabeled,L,primary,wf2_featurewise,4,DB1,DB1,True,0.9940663576126099
1842,DB4,P04,DB4_P04_T05_relabeled,R,primary,wf2_featurewise,4,DB4,DB4,True,0.9998264908790588
1843,DB5,P28,DB5_P28_T01_l_comf_relabeled,L,primary,wf2_featurewise,4,DB5,DB5,True,0.9998548030853271
1850,DB3,P16,DB3_P16_A_T11_relabeled,R,primary,wf2_featurewise,4,DB3,DB3,True,0.9971359968185425
1861,DB4,P45,DB4_P45_T13_relabeled,R,primary,wf2_featurewise,4,DB4,DB4,True,0.9998551607131958
1867,DB1,P05,DB1_P05_C2_T05_relabeled,L,primary,wf2_featurewise,4,DB1,DB1,True,0.9981607794761658
1884,DB4,P19,DB4_P19_T15_relabeled,R,primary,wf2_featurewise,4,DB4,DB4,True,0.9998836517333984
1885,DB4,P47,DB4_P47_T20_relabeled,R,primary,wf2_featurewise,4,DB4,DB4,True,0.9999673366546631
1896,DB4,P46,DB4_P46_T07_relabeled,R,primary,wf2_featurewise,4,DB4,DB4,True,0.9996289014816284
2,DB3,P15,DB3_P15_A_T11_relabeled,R,primary,wf2_featurewise,5,DB3,DB3,True,0.9999141693115234
7,DB2,P07,DB2_P07_T07_250_relabeled,L,primary,wf2_featurewise,5,DB2,DB2,True,0.9999032020568848
12,DB2,P11,DB2_P11_T02_-130_relabeled,L,primary,wf2_featurewise,5,DB2,DB2,True,0.9999938011169434
21,DB2,P11,DB2_P11_T03_-65_relabeled,L,primary,wf2_featurewise,5,DB2,DB2,True,0.999980092048645
25,DB3,P07,DB3_P07_A_T10_relabeled,R,primary,wf2_featurewise,5,DB3,DB3,True,0.9999737739562988
27,DB5,P12,DB5_P12_T23_l_slow_relabeled,L,primary,wf2_featurewise,5,DB5,DB5,True,1.0
47,DB5,P19,DB5_P19_T10_l_comf_relabeled,L,primary,wf2_featurewise,5,DB5,DB5,True,1.0
48,DB1,P21,DB1_P21_C3_T04_relabeled,L,primary,wf2_featurewise,5,DB1,DB1,True,1.0
49,DB5,P12,DB5_P12_T33_r_slow_relabeled,L,primary,wf2_featurewise,5,DB5,DB5,True,1.0
54,DB3,P15,DB3_P15_A_T09_relabeled,R,primary,wf2_featurewise,5,DB3,DB3,True,0.9999197721481323
56,DB3,P12,DB3_P12_A_T12,L,primary,wf2_featurewise,5,DB3,DB3,True,1.0
69,DB5,P12,DB5_P12_T01_l_comf_relabeled,L,primary,wf2_featurewise,5,DB5,DB5,True,1.0
72,DB2,P07,DB2_P07_T02_65_relabeled,L,primary,wf2_featurewise,5,DB2,DB2,True,0.9999879598617554
76,DB4,P09,DB4_P09_T04_relabeled,R,primary,wf2_featurewise,5,DB4,DB4,True,1.0
77,DB5,P19,DB5_P19_T18_r_comf_relabeled,L,primary,wf2_featurewise,5,DB5,DB5,True,1.0
80,DB4,P13,DB4_P13_T07_relabeled,R,primary,wf2_featurewise,5,DB4,DB4,True,1.0
83,DB4,P52,DB4_P52_T09_relabeled,R,primary,wf2_featurewise,5,DB4,DB4,True,1.0
88,DB3,P12,DB3_P12_A_T11,R,primary,wf2_featurewise,5,DB3,DB3,True,0.9999966621398926
94,DB5,P12,DB5_P12_T02_l_comf_relabeled,L,primary,wf2_featurewise,5,DB5,DB5,True,1.0
99,DB5,P06,DB5_P06_T26_l_slow_relabeled,L,primary,wf2_featurewise,5,DB5,DB5,True,1.0
100,DB5,P19,DB5_P19_T34_r_slow_relabeled,L,primary,wf2_featurewise,5,DB5,DB5,True,1.0
111,DB5,P06,DB5_P06_T11_l_comf_relabeled,L,primary,wf2_featurewise,5,DB5,DB5,True,1.0
114,DB4,P43,DB4_P43_T19_relabeled,R,primary,wf2_featurewise,5,DB4,DB4,True,1.0
133,DB5,P19,DB5_P19_T17_r_comf_relabeled,L,primary,wf2_featurewise,5,DB5,DB5,True,1.0
138,DB2,P07,DB2_P07_T05_-130_relabeled,L,primary,wf2_featurewise,5,DB2,DB2,True,0.9999830722808838
139,DB5,P19,DB5_P19_T06_l_comf_relabeled,L,primary,wf2_featurewise,5,DB5,DB5,True,1.0
142,DB5,P19,DB5_P19_T25_l_slow_relabeled,L,primary,wf2_featurewise,5,DB5,DB5,True,1.0
146,DB4,P43,DB4_P43_T18_relabeled,R,primary,wf2_featurewise,5,DB4,DB4,True,1.0
151,DB2,P07,DB2_P07_T01_-65_relabeled,L,primary,wf2_featurewise,5,DB2,DB2,True,0.9999761581420898
169,DB5,P19,DB5_P19_T02_l_comf_relabeled,L,primary,wf2_featurewise,5,DB5,DB5,True,1.0
171,DB5,P06,DB5_P06_T22_r_comf_relabeled,L,primary,wf2_featurewise,5,DB5,DB5,True,1.0
184,DB2,P11,DB2_P11_T05_250_relabeled,L,primary,wf2_featurewise,5,DB2,DB2,True,0.9998217225074768
185,DB4,P02,DB4_P02_T13_relabeled,R,primary,wf2_featurewise,5,DB4,DB4,True,1.0
188,DB3,P07,DB3_P07_A_T01_relabeled,L,primary,wf2_featurewise,5,DB3,DB3,True,1.0
197,DB4,P52,DB4_P52_T14_relabeled,R,primary,wf2_featurewise,5,DB4,DB4,True,1.0
210,DB4,P12,DB4_P12_T18_relabeled,R,primary,wf2_featurewise,5,DB4,DB4,True,1.0
213,DB5,P12,DB5_P12_T03_l_comf_relabeled,L,primary,wf2_featurewise,5,DB5,DB5,True,1.0
216,DB2,P07,DB2_P07_T03_-130_relabeled,L,primary,wf2_featurewise,5,DB2,DB2,True,0.9999675750732422
218,DB5,P12,DB5_P12_T17_r_comf_relabeled,L,primary,wf2_featurewise,5,DB5,DB5,True,1.0
220,DB4,P13,DB4_P13_T02_relabeled,R,primary,wf2_featurewise,5,DB4,DB4,True,1.0
238,DB4,P02,DB4_P02_T11_relabeled,R,primary,wf2_featurewise,5,DB4,DB4,True,1.0
244,DB5,P12,DB5_P12_T38_r_slow_relabeled,L,primary,wf2_featurewise,5,DB5,DB5,True,1.0
246,DB5,P12,DB5_P12_T29_l_slow_relabeled,L,primary,wf2_featurewise,5,DB5,DB5,True,1.0
251,DB4,P12,DB4_P12_T07_relabeled,R,primary,wf2_featurewise,5,DB4,DB4,True,1.0
257,DB4,P13,DB4_P13_T08_relabeled,R,primary,wf2_featurewise,5,DB4,DB4,True,1.0
261,DB4,P10,DB4_P10_T19_relabeled,R,primary,wf2_featurewise,5,DB4,DB4,True,1.0
263,DB4,P43,DB4_P43_T02_relabeled,R,primary,wf2_featurewise,5,DB4,DB4,True,1.0
265,DB3,P17,DB3_P17_A_T09,L,primary,wf2_featurewise,5,DB3,DB3,True,1.0
266,DB4,P09,DB4_P09_T19_relabeled,R,primary,wf2_featurewise,5,DB4,DB4,True,1.0
269,DB5,P12,DB5_P12_T39_r_slow_relabeled,L,primary,wf2_featurewise,5,DB5,DB5,True,1.0
274,DB5,P06,DB5_P06_T14_r_comf_relabeled,L,primary,wf2_featurewise,5,DB5,DB5,True,1.0
281,DB2,P11,DB2_P11_T01_250_relabeled,L,primary,wf2_featurewise,5,DB2,DB2,True,0.9999234676361084
284,DB4,P52,DB4_P52_T08_relabeled,R,primary,wf2_featurewise,5,DB4,DB4,True,1.0
285,DB4,P43,DB4_P43_T06_relabeled,R,primary,wf2_featurewise,5,DB4,DB4,True,1.0
288,DB5,P06,DB5_P06_T07_l_comf_relabeled,L,primary,wf2_featurewise,5,DB5,DB5,True,1.0
291,DB5,P06,DB5_P06_T09_l_comf_relabeled,L,primary,wf2_featurewise,5,DB5,DB5,True,1.0
292,DB5,P19,DB5_P19_T38_r_slow_relabeled,L,primary,wf2_featurewise,5,DB5,DB5,True,1.0
302,DB5,P06,DB5_P06_T12_l_comf_relabeled,R,primary,wf2_featurewise,5,DB5,DB5,True,1.0
307,DB2,P11,DB2_P11_T05_-65_relabeled,L,primary,wf2_featurewise,5,DB2,DB2,True,0.9999819993972778
311,DB5,P19,DB5_P19_T09_l_comf_relabeled,L,primary,wf2_featurewise,5,DB5,DB5,True,1.0
316,DB4,P10,DB4_P10_T08_relabeled,R,primary,wf2_featurewise,5,DB4,DB4,True,1.0
317,DB4,P02,DB4_P02_T04_relabeled,R,primary,wf2_featurewise,5,DB4,DB4,True,1.0
320,DB5,P06,DB5_P06_T08_l_comf_relabeled,L,primary,wf2_featurewise,5,DB5,DB5,True,1.0
322,DB4,P25,DB4_P25_T24_relabeled,R,primary,wf2_featurewise,5,DB4,DB4,True,1.0
331,DB3,P07,DB3_P07_A_T03_relabeled,L,primary,wf2_featurewise,5,DB3,DB3,True,1.0
332,DB3,P17,DB3_P17_A_T04,R,primary,wf2_featurewise,5,DB3,DB3,True,0.9999850988388062
339,DB2,P07,DB2_P07_T03_130_relabeled,L,primary,wf2_featurewise,5,DB2,DB2,True,0.999991774559021
340,DB4,P25,DB4_P25_T03_relabeled,L,primary,wf2_featurewise,5,DB4,DB4,True,1.0
357,DB2,P11,DB2_P11_T03_130_relabeled,L,primary,wf2_featurewise,5,DB2,DB2,True,0.9999165534973145
368,DB5,P21,DB5_P21_T13_r_comf_relabeled,L,primary,wf2_featurewise,5,DB5,DB5,True,1.0
371,DB4,P12,DB4_P12_T20_relabeled,R,primary,wf2_featurewise,5,DB4,DB4,True,1.0
373,DB5,P21,DB5_P21_T04_l_comf_relabeled,L,primary,wf2_featurewise,5,DB5,DB5,True,1.0
375,DB5,P19,DB5_P19_T42_r_slow_relabeled,L,primary,wf2_featurewise,5,DB5,DB5,True,1.0
379,DB1,P45,DB1_P45_C1_T03_relabeled,L,primary,wf2_featurewise,5,DB1,DB1,True,1.0
383,DB2,P11,DB2_P11_T04_250_relabeled,L,primary,wf2_featurewise,5,DB2,DB2,True,0.9998268485069275
385,DB4,P10,DB4_P10_T05_relabeled,R,primary,wf2_featurewise,5,DB4,DB4,True,1.0
392,DB2,P07,DB2_P07_T04_130_relabeled,L,primary,wf2_featurewise,5,DB2,DB2,True,0.9999855756759644
395,DB4,P10,DB4_P10_T15_relabeled,R,primary,wf2_featurewise,5,DB4,DB4,True,1.0
397,DB5,P12,DB5_P12_T10_l_comf_relabeled,L,primary,wf2_featurewise,5,DB5,DB5,True,1.0
398,DB5,P12,DB5_P12_T27_l_slow_relabeled,L,primary,wf2_featurewise,5,DB5,DB5,True,1.0
399,DB4,P02,DB4_P02_T12_relabeled,R,primary,wf2_featurewise,5,DB4,DB4,True,1.0
401,DB4,P14,DB4_P14_T16_relabeled,L,primary,wf2_featurewise,5,DB4,DB4,True,1.0
404,DB2,P07,DB2_P07_T06_-65_relabeled,L,primary,wf2_featurewise,5,DB2,DB2,True,0.9999556541442871
411,DB5,P19,DB5_P19_T36_r_slow_relabeled,L,primary,wf2_featurewise,5,DB5,DB5,True,1.0
413,DB5,P06,DB5_P06_T18_r_comf_relabeled,L,primary,wf2_featurewise,5,DB5,DB5,True,1.0
417,DB5,P21,DB5_P21_T32_r_slow_relabeled,L,primary,wf2_featurewise,5,DB5,DB5,True,1.0
418,DB5,P21,DB5_P21_T11_r_comf_relabeled,L,primary,wf2_featurewise,5,DB5,DB5,True,1.0
419,DB4,P12,DB4_P12_T10_relabeled,L,primary,wf2_featurewise,5,DB4,DB4,True,1.0
432,DB4,P12,DB4_P12_T17_relabeled,R,primary,wf2_featurewise,5,DB4,DB4,True,1.0
442,DB4,P25,DB4_P25_T06_relabeled,R,primary,wf2_featurewise,5,DB4,DB4,True,1.0
448,DB5,P19,DB5_P19_T40_r_slow_relabeled,L,primary,wf2_featurewise,5,DB5,DB5,True,1.0
449,DB2,P11,DB2_P11_T03_65_relabeled,L,primary,wf2_featurewise,5,DB2,DB2,True,0.9999399185180664
451,DB4,P43,DB4_P43_T14_relabeled,R,primary,wf2_featurewise,5,DB4,DB4,True,1.0
455,DB4,P09,DB4_P09_T03_relabeled,R,primary,wf2_featurewise,5,DB4,DB4,True,1.0
456,DB3,P15,DB3_P15_A_T05_relabeled,L,primary,wf2_featurewise,5,DB3,DB3,True,1.0
460,DB4,P52,DB4_P52_T03_relabeled,R,primary,wf2_featurewise,5,DB4,DB4,True,1.0
462,DB4,P43,DB4_P43_T21_relabeled,R,primary,wf2_featurewise,5,DB4,DB4,True,1.0
466,DB4,P14,DB4_P14_T19_relabeled,R,primary,wf2_featurewise,5,DB4,DB4,True,1.0
469,DB3,P07,DB3_P07_A_T04_relabeled,R,primary,wf2_featurewise,5,DB3,DB3,True,0.9999948740005493
479,DB4,P02,DB4_P02_T15_relabeled,R,primary,wf2_featurewise,5,DB4,DB4,True,1.0
484,DB5,P06,DB5_P06_T10_l_comf_relabeled,L,primary,wf2_featurewise,5,DB5,DB5,True,1.0
489,DB3,P12,DB3_P12_A_T05,R,primary,wf2_featurewise,5,DB3,DB3,True,0.9999887943267822
499,DB4,P13,DB4_P13_T15_relabeled,L,primary,wf2_featurewise,5,DB4,DB4,True,1.0
510,DB5,P06,DB5_P06_T23_r_comf_relabeled,L,primary,wf2_featurewise,5,DB5,DB5,True,1.0
512,DB4,P43,DB4_P43_T16_relabeled,R,primary,wf2_featurewise,5,DB4,DB4,True,1.0
515,DB5,P21,DB5_P21_T12_r_comf_relabeled,L,primary,wf2_featurewise,5,DB5,DB5,True,1.0
520,DB3,P17,DB3_P17_A_T11,L,primary,wf2_featurewise,5,DB3,DB3,True,1.0
537,DB4,P14,DB4_P14_T06_relabeled,R,primary,wf2_featurewise,5,DB4,DB4,True,1.0
538,DB5,P12,DB5_P12_T18_r_comf_relabeled,L,primary,wf2_featurewise,5,DB5,DB5,True,1.0
540,DB4,P09,DB4_P09_T06_relabeled,L,primary,wf2_featurewise,5,DB4,DB4,True,1.0
545,DB5,P21,DB5_P21_T33_r_slow_relabeled,L,primary,wf2_featurewise,5,DB5,DB5,True,1.0
550,DB5,P19,DB5_P19_T32_l_slow_relabeled,L,primary,wf2_featurewise,5,DB5,DB5,True,1.0
564,DB5,P21,DB5_P21_T08_l_comf_relabeled,L,primary,wf2_featurewise,5,DB5,DB5,True,1.0
565,DB4,P52,DB4_P52_T06_relabeled,R,primary,wf2_featurewise,5,DB4,DB4,True,1.0
567,DB5,P06,DB5_P06_T19_r_comf_relabeled,L,primary,wf2_featurewise,5,DB5,DB5,True,1.0
568,DB5,P12,DB5_P12_T11_r_comf_relabeled,L,primary,wf2_featurewise,5,DB5,DB5,True,1.0
574,DB4,P43,DB4_P43_T20_relabeled,R,primary,wf2_featurewise,5,DB4,DB4,True,1.0
575,DB2,P07,DB2_P07_T02_-65_relabeled,L,primary,wf2_featurewise,5,DB2,DB2,True,0.9999743700027466
576,DB3,P15,DB3_P15_A_T08_relabeled,R,primary,wf2_featurewise,5,DB3,DB3,True,0.9999785423278809
591,DB4,P12,DB4_P12_T06_relabeled,R,primary,wf2_featurewise,5,DB4,DB4,True,1.0
593,DB4,P10,DB4_P10_T13_relabeled,R,primary,wf2_featurewise,5,DB4,DB4,True,1.0
598,DB3,P12,DB3_P12_A_T03,R,primary,wf2_featurewise,5,DB3,DB3,True,0.9999914169311523
599,DB1,P18,DB1_P18_C2_T02_relabeled,L,primary,wf2_featurewise,5,DB1,DB1,True,1.0
601,DB5,P12,DB5_P12_T28_l_slow_relabeled,L,primary,wf2_featurewise,5,DB5,DB5,True,1.0
606,DB2,P11,DB2_P11_T02_p_relabeled,L,primary,wf2_featurewise,5,DB2,DB2,True,0.9999897480010986
611,DB4,P13,DB4_P13_T20_relabeled,R,primary,wf2_featurewise,5,DB4,DB4,True,1.0
614,DB5,P12,DB5_P12_T37_r_slow_relabeled,L,primary,wf2_featurewise,5,DB5,DB5,True,1.0
621,DB4,P09,DB4_P09_T15_relabeled,R,primary,wf2_featurewise,5,DB4,DB4,True,1.0
628,DB2,P11,DB2_P11_T02_250_relabeled,L,primary,wf2_featurewise,5,DB2,DB2,True,0.9995478987693787
629,DB4,P25,DB4_P25_T07_relabeled,L,primary,wf2_featurewise,5,DB4,DB4,True,1.0
638,DB5,P06,DB5_P06_T04_l_comf_relabeled,L,primary,wf2_featurewise,5,DB5,DB5,True,1.0
642,DB5,P21,DB5_P21_T17_r_comf_relabeled,L,primary,wf2_featurewise,5,DB5,DB5,True,1.0
649,DB4,P10,DB4_P10_T20_relabeled,R,primary,wf2_featurewise,5,DB4,DB4,True,1.0
665,DB2,P11,DB2_P11_T02_130_relabeled,L,primary,wf2_featurewise,5,DB2,DB2,True,0.9998726844787598
670,DB2,P11,DB2_P11_T05_-130_relabeled,L,primary,wf2_featurewise,5,DB2,DB2,True,0.9999909400939941
674,DB1,P18,DB1_P18_C2_T05_relabeled,L,primary,wf2_featurewise,5,DB1,DB1,True,1.0
676,DB3,P07,DB3_P07_A_T07_relabeled,L,primary,wf2_featurewise,5,DB3,DB3,True,1.0
677,DB1,P48,DB1_P48_C2_T05_relabeled,L,primary,wf2_featurewise,5,DB1,DB1,True,1.0
692,DB2,P11,DB2_P11_T05_p_relabeled,L,primary,wf2_featurewise,5,DB2,DB2,True,0.9999867677688599
695,DB4,P25,DB4_P25_T08_relabeled,L,primary,wf2_featurewise,5,DB4,DB4,True,1.0
700,DB2,P07,DB2_P07_T03_p_relabeled,L,primary,wf2_featurewise,5,DB2,DB2,True,0.9999865293502808
701,DB4,P14,DB4_P14_T21_relabeled,L,primary,wf2_featurewise,5,DB4,DB4,True,1.0
712,DB3,P17,DB3_P17_A_T03,R,primary,wf2_featurewise,5,DB3,DB3,True,0.9999796152114868
715,DB4,P13,DB4_P13_T13_relabeled,R,primary,wf2_featurewise,5,DB4,DB4,True,1.0
716,DB4,P02,DB4_P02_T16_relabeled,R,primary,wf2_featurewise,5,DB4,DB4,True,1.0
717,DB4,P10,DB4_P10_T16_relabeled,R,primary,wf2_featurewise,5,DB4,DB4,True,1.0
727,DB4,P43,DB4_P43_T12_relabeled,R,primary,wf2_featurewise,5,DB4,DB4,True,1.0
731,DB5,P06,DB5_P06_T20_r_comf_relabeled,L,primary,wf2_featurewise,5,DB5,DB5,True,1.0
735,DB5,P12,DB5_P12_T35_r_slow_relabeled,L,primary,wf2_featurewise,5,DB5,DB5,True,1.0
738,DB4,P14,DB4_P14_T11_relabeled,R,primary,wf2_featurewise,5,DB4,DB4,True,1.0
739,DB1,P45,DB1_P45_C1_T02_relabeled,L,primary,wf2_featurewise,5,DB1,DB1,True,1.0
744,DB4,P43,DB4_P43_T05_relabeled,R,primary,wf2_featurewise,5,DB4,DB4,True,1.0
745,DB4,P14,DB4_P14_T22_relabeled,R,primary,wf2_featurewise,5,DB4,DB4,True,1.0
757,DB5,P12,DB5_P12_T08_l_comf_relabeled,L,primary,wf2_featurewise,5,DB5,DB5,True,1.0
758,DB4,P13,DB4_P13_T05_relabeled,R,primary,wf2_featurewise,5,DB4,DB4,True,1.0
761,DB2,P11,DB2_P11_T01_65_relabeled,L,primary,wf2_featurewise,5,DB2,DB2,True,0.9998779296875
771,DB1,P48,DB1_P48_C3_T03_relabeled,L,primary,wf2_featurewise,5,DB1,DB1,True,1.0
774,DB3,P12,DB3_P12_A_T09,R,primary,wf2_featurewise,5,DB3,DB3,True,0.9999889135360718
775,DB5,P06,DB5_P06_T40_r_slow_relabeled,R,primary,wf2_featurewise,5,DB5,DB5,True,1.0
779,DB4,P13,DB4_P13_T16_relabeled,R,primary,wf2_featurewise,5,DB4,DB4,True,1.0
781,DB1,P21,DB1_P21_C2_T04_relabeled,L,primary,wf2_featurewise,5,DB1,DB1,True,1.0
784,DB1,P48,DB1_P48_C3_T01_relabeled,L,primary,wf2_featurewise,5,DB1,DB1,True,1.0
799,DB5,P19,DB5_P19_T03_l_comf_relabeled,L,primary,wf2_featurewise,5,DB5,DB5,True,1.0
807,DB1,P46,DB1_P46_C2_T01_relabeled,L,primary,wf2_featurewise,5,DB1,DB1,True,1.0
812,DB5,P06,DB5_P06_T01_l_comf_relabeled,L,primary,wf2_featurewise,5,DB5,DB5,True,1.0
813,DB4,P14,DB4_P14_T07_relabeled,R,primary,wf2_featurewise,5,DB4,DB4,True,1.0
815,DB4,P02,DB4_P02_T07_relabeled,R,primary,wf2_featurewise,5,DB4,DB4,True,1.0
823,DB1,P41,DB1_P41_C2_T03_relabeled,R,primary,wf2_featurewise,5,DB1,DB1,True,0.9999574422836304
830,DB4,P09,DB4_P09_T10_relabeled,R,primary,wf2_featurewise,5,DB4,DB4,True,1.0
833,DB5,P12,DB5_P12_T25_l_slow_relabeled,L,primary,wf2_featurewise,5,DB5,DB5,True,1.0
836,DB4,P13,DB4_P13_T03_relabeled,R,primary,wf2_featurewise,5,DB4,DB4,True,1.0
839,DB3,P17,DB3_P17_A_T10,L,primary,wf2_featurewise,5,DB3,DB3,True,1.0
844,DB5,P19,DB5_P19_T23_l_slow_relabeled,L,primary,wf2_featurewise,5,DB5,DB5,True,1.0
848,DB2,P11,DB2_P11_T03_250_relabeled,L,primary,wf2_featurewise,5,DB2,DB2,True,0.9997746348381042
859,DB2,P11,DB2_P11_T02_65_relabeled,L,primary,wf2_featurewise,5,DB2,DB2,True,0.9999817609786987
862,DB5,P12,DB5_P12_T19_r_comf_relabeled,L,primary,wf2_featurewise,5,DB5,DB5,True,1.0
864,DB5,P19,DB5_P19_T28_l_slow_relabeled,L,primary,wf2_featurewise,5,DB5,DB5,True,1.0
871,DB5,P06,DB5_P06_T06_l_comf_relabeled,L,primary,wf2_featurewise,5,DB5,DB5,True,1.0
876,DB5,P19,DB5_P19_T37_r_slow_relabeled,L,primary,wf2_featurewise,5,DB5,DB5,True,1.0
879,DB3,P15,DB3_P15_A_T06_relabeled,L,primary,wf2_featurewise,5,DB3,DB3,True,1.0
880,DB5,P19,DB5_P19_T33_r_slow_relabeled,L,primary,wf2_featurewise,5,DB5,DB5,True,1.0
881,DB5,P12,DB5_P12_T16_r_comf_relabeled,L,primary,wf2_featurewise,5,DB5,DB5,True,1.0
886,DB5,P19,DB5_P19_T30_l_slow_relabeled,L,primary,wf2_featurewise,5,DB5,DB5,True,1.0
889,DB4,P09,DB4_P09_T08_relabeled,R,primary,wf2_featurewise,5,DB4,DB4,True,1.0
890,DB4,P13,DB4_P13_T14_relabeled,R,primary,wf2_featurewise,5,DB4,DB4,True,1.0
891,DB5,P19,DB5_P19_T13_r_comf_relabeled,L,primary,wf2_featurewise,5,DB5,DB5,True,1.0
894,DB2,P11,DB2_P11_T02_-65_relabeled,L,primary,wf2_featurewise,5,DB2,DB2,True,0.9999792575836182
895,DB4,P43,DB4_P43_T08_relabeled,R,primary,wf2_featurewise,5,DB4,DB4,True,1.0
905,DB3,P17,DB3_P17_A_T13,L,primary,wf2_featurewise,5,DB3,DB3,True,1.0
910,DB5,P21,DB5_P21_T01_l_comf_relabeled,L,primary,wf2_featurewise,5,DB5,DB5,True,1.0
915,DB3,P07,DB3_P07_A_T06_relabeled,R,primary,wf2_featurewise,5,DB3,DB3,True,0.9999889135360718
916,DB2,P11,DB2_P11_T01_130_relabeled,L,primary,wf2_featurewise,5,DB2,DB2,True,0.9996021389961243
920,DB3,P15,DB3_P15_A_T04_relabeled,L,primary,wf2_featurewise,5,DB3,DB3,True,1.0
924,DB2,P07,DB2_P07_T03_65_relabeled,L,primary,wf2_featurewise,5,DB2,DB2,True,0.9999876022338867
940,DB5,P21,DB5_P21_T14_r_comf_relabeled,L,primary,wf2_featurewise,5,DB5,DB5,True,1.0
957,DB3,P15,DB3_P15_A_T10_relabeled,R,primary,wf2_featurewise,5,DB3,DB3,True,0.9999618530273438
961,DB5,P12,DB5_P12_T34_r_slow_relabeled,L,primary,wf2_featurewise,5,DB5,DB5,True,1.0
962,DB5,P21,DB5_P21_T03_l_comf_relabeled,L,primary,wf2_featurewise,5,DB5,DB5,True,1.0
977,DB5,P12,DB5_P12_T26_l_slow_relabeled,L,primary,wf2_featurewise,5,DB5,DB5,True,1.0
978,DB1,P46,DB1_P46_C2_T03_relabeled,L,primary,wf2_featurewise,5,DB1,DB1,True,1.0
984,DB5,P21,DB5_P21_T16_r_comf_relabeled,L,primary,wf2_featurewise,5,DB5,DB5,True,1.0
986,DB4,P25,DB4_P25_T10_relabeled,L,primary,wf2_featurewise,5,DB4,DB4,True,1.0
990,DB5,P21,DB5_P21_T18_r_comf_relabeled,L,primary,wf2_featurewise,5,DB5,DB5,True,1.0
1005,DB4,P02,DB4_P02_T17_relabeled,R,primary,wf2_featurewise,5,DB4,DB4,True,1.0
1028,DB4,P14,DB4_P14_T12_relabeled,R,primary,wf2_featurewise,5,DB4,DB4,True,1.0
1029,DB2,P11,DB2_P11_T04_-130_relabeled,L,primary,wf2_featurewise,5,DB2,DB2,True,0.9999772310256958
1034,DB2,P07,DB2_P07_T02_p_relabeled,L,primary,wf2_featurewise,5,DB2,DB2,True,0.9999904632568359
1038,DB4,P13,DB4_P13_T21_relabeled,R,primary,wf2_featurewise,5,DB4,DB4,True,1.0
1042,DB2,P07,DB2_P07_T01_-130_relabeled,L,primary,wf2_featurewise,5,DB2,DB2,True,0.9999926090240479
1051,DB5,P12,DB5_P12_T32_r_slow_relabeled,L,primary,wf2_featurewise,5,DB5,DB5,True,1.0
1052,DB1,P20,DB1_P20_C3_T03_relabeled,L,primary,wf2_featurewise,5,DB1,DB1,True,1.0
1066,DB3,P15,DB3_P15_A_T02_relabeled,L,primary,wf2_featurewise,5,DB3,DB3,True,1.0
1069,DB5,P12,DB5_P12_T36_r_slow_relabeled,L,primary,wf2_featurewise,5,DB5,DB5,True,1.0
1073,DB4,P14,DB4_P14_T03_relabeled,R,primary,wf2_featurewise,5,DB4,DB4,True,1.0
1074,DB1,P41,DB1_P41_C3_T02_relabeled,L,primary,wf2_featurewise,5,DB1,DB1,True,1.0
1075,DB1,P18,DB1_P18_C2_T01_relabeled,L,primary,wf2_featurewise,5,DB1,DB1,True,1.0
1076,DB5,P12,DB5_P12_T30_l_slow_relabeled,L,primary,wf2_featurewise,5,DB5,DB5,True,1.0
1081,DB2,P07,DB2_P07_T05_130_relabeled,L,primary,wf2_featurewise,5,DB2,DB2,True,0.9999797344207764
1085,DB5,P19,DB5_P19_T20_r_comf_relabeled,L,primary,wf2_featurewise,5,DB5,DB5,True,1.0
1086,DB1,P21,DB1_P21_C3_T01_relabeled,L,primary,wf2_featurewise,5,DB1,DB1,True,1.0
1088,DB4,P10,DB4_P10_T09_relabeled,R,primary,wf2_featurewise,5,DB4,DB4,True,1.0
1089,DB4,P52,DB4_P52_T13_relabeled,R,primary,wf2_featurewise,5,DB4,DB4,True,1.0
1099,DB4,P12,DB4_P12_T03_relabeled,R,primary,wf2_featurewise,5,DB4,DB4,True,1.0
1102,DB2,P07,DB2_P07_T01_p_relabeled,L,primary,wf2_featurewise,5,DB2,DB2,True,0.9999854564666748
1109,DB2,P07,DB2_P07_T05_65_relabeled,L,primary,wf2_featurewise,5,DB2,DB2,True,0.9999916553497314
1112,DB1,P21,DB1_P21_C2_T02_relabeled,L,primary,wf2_featurewise,5,DB1,DB1,True,1.0
1119,DB5,P12,DB5_P12_T07_l_comf_relabeled,L,primary,wf2_featurewise,5,DB5,DB5,True,1.0
1124,DB1,P18,DB1_P18_C2_T03_relabeled,L,primary,wf2_featurewise,5,DB1,DB1,True,1.0
1128,DB4,P43,DB4_P43_T11_relabeled,R,primary,wf2_featurewise,5,DB4,DB4,True,1.0
1129,DB4,P12,DB4_P12_T16_relabeled,R,primary,wf2_featurewise,5,DB4,DB4,True,1.0
1135,DB5,P19,DB5_P19_T22_r_comf_relabeled,L,primary,wf2_featurewise,5,DB5,DB5,True,1.0
1146,DB1,P46,DB1_P46_C2_T04_relabeled,L,primary,wf2_featurewise,5,DB1,DB1,True,1.0
1149,DB5,P06,DB5_P06_T17_r_comf_relabeled,L,primary,wf2_featurewise,5,DB5,DB5,True,1.0
1164,DB4,P52,DB4_P52_T20_relabeled,R,primary,wf2_featurewise,5,DB4,DB4,True,1.0
1167,DB4,P25,DB4_P25_T19_relabeled,R,primary,wf2_featurewise,5,DB4,DB4,True,1.0
1169,DB4,P10,DB4_P10_T11_relabeled,R,primary,wf2_featurewise,5,DB4,DB4,True,1.0
1172,DB4,P10,DB4_P10_T02_relabeled,R,primary,wf2_featurewise,5,DB4,DB4,True,1.0
1181,DB5,P12,DB5_P12_T15_r_comf_relabeled,L,primary,wf2_featurewise,5,DB5,DB5,True,1.0
1184,DB4,P13,DB4_P13_T09_relabeled,R,primary,wf2_featurewise,5,DB4,DB4,True,1.0
1185,DB4,P10,DB4_P10_T07_relabeled,R,primary,wf2_featurewise,5,DB4,DB4,True,1.0
1188,DB5,P12,DB5_P12_T14_r_comf_relabeled,L,primary,wf2_featurewise,5,DB5,DB5,True,1.0
1190,DB5,P12,DB5_P12_T13_r_comf_relabeled,L,primary,wf2_featurewise,5,DB5,DB5,True,1.0
1193,DB5,P19,DB5_P19_T11_r_comf_relabeled,L,primary,wf2_featurewise,5,DB5,DB5,True,1.0
1200,DB5,P12,DB5_P12_T22_l_slow_relabeled,L,primary,wf2_featurewise,5,DB5,DB5,True,1.0
1202,DB1,P41,DB1_P41_C3_T03_relabeled,L,primary,wf2_featurewise,5,DB1,DB1,True,1.0
1209,DB2,P11,DB2_P11_T08_p_relabeled,L,primary,wf2_featurewise,5,DB2,DB2,True,0.9999346733093262
1223,DB1,P20,DB1_P20_C2_T02_relabeled,L,primary,wf2_featurewise,5,DB1,DB1,True,1.0
1233,DB2,P11,DB2_P11_T04_130_relabeled,L,primary,wf2_featurewise,5,DB2,DB2,True,0.9999260902404785
1234,DB4,P52,DB4_P52_T07_relabeled,R,primary,wf2_featurewise,5,DB4,DB4,True,1.0
1239,DB4,P25,DB4_P25_T02_relabeled,R,primary,wf2_featurewise,5,DB4,DB4,True,1.0
1242,DB4,P52,DB4_P52_T21_relabeled,R,primary,wf2_featurewise,5,DB4,DB4,True,1.0
1245,DB4,P25,DB4_P25_T11_relabeled,L,primary,wf2_featurewise,5,DB4,DB4,True,1.0
1251,DB2,P07,DB2_P07_T01_65_relabeled,L,primary,wf2_featurewise,5,DB2,DB2,True,0.9999918937683105
1252,DB4,P10,DB4_P10_T03_relabeled,R,primary,wf2_featurewise,5,DB4,DB4,True,1.0
1263,DB5,P12,DB5_P12_T31_r_slow_relabeled,L,primary,wf2_featurewise,5,DB5,DB5,True,1.0
1264,DB3,P17,DB3_P17_A_T06,R,primary,wf2_featurewise,5,DB3,DB3,True,0.999987006187439
1268,DB4,P25,DB4_P25_T05_relabeled,L,primary,wf2_featurewise,5,DB4,DB4,True,1.0
1269,DB4,P43,DB4_P43_T13_relabeled,R,primary,wf2_featurewise,5,DB4,DB4,True,1.0
1276,DB4,P10,DB4_P10_T06_relabeled,R,primary,wf2_featurewise,5,DB4,DB4,True,1.0
1285,DB4,P43,DB4_P43_T07_relabeled,R,primary,wf2_featurewise,5,DB4,DB4,True,1.0
1286,DB5,P19,DB5_P19_T31_l_slow_relabeled,L,primary,wf2_featurewise,5,DB5,DB5,True,1.0
1296,DB5,P12,DB5_P12_T05_l_comf_relabeled,L,primary,wf2_featurewise,5,DB5,DB5,True,1.0
1298,DB5,P21,DB5_P21_T19_r_comf_relabeled,L,primary,wf2_featurewise,5,DB5,DB5,True,1.0
1302,DB4,P10,DB4_P10_T10_relabeled,R,primary,wf2_featurewise,5,DB4,DB4,True,1.0
1308,DB5,P21,DB5_P21_T20_r_comf_relabeled,L,primary,wf2_featurewise,5,DB5,DB5,True,1.0
1310,DB4,P09,DB4_P09_T16_relabeled,R,primary,wf2_featurewise,5,DB4,DB4,True,1.0
1315,DB4,P02,DB4_P02_T10_relabeled,R,primary,wf2_featurewise,5,DB4,DB4,True,1.0
1324,DB5,P12,DB5_P12_T09_l_comf_relabeled,L,primary,wf2_featurewise,5,DB5,DB5,True,1.0
1334,DB4,P52,DB4_P52_T11_relabeled,R,primary,wf2_featurewise,5,DB4,DB4,True,1.0
1335,DB5,P19,DB5_P19_T41_r_slow_relabeled,L,primary,wf2_featurewise,5,DB5,DB5,True,1.0
1345,DB2,P11,DB2_P11_T03_p_relabeled,L,primary,wf2_featurewise,5,DB2,DB2,True,0.9999579191207886
1347,DB4,P43,DB4_P43_T04_relabeled,R,primary,wf2_featurewise,5,DB4,DB4,True,1.0
1348,DB3,P12,DB3_P12_A_T07,R,primary,wf2_featurewise,5,DB3,DB3,True,0.9999861717224121
1349,DB5,P06,DB5_P06_T15_r_comf_relabeled,L,primary,wf2_featurewise,5,DB5,DB5,True,1.0
1351,DB4,P12,DB4_P12_T13_relabeled,R,primary,wf2_featurewise,5,DB4,DB4,True,1.0
1353,DB4,P12,DB4_P12_T02_relabeled,R,primary,wf2_featurewise,5,DB4,DB4,True,1.0
1364,DB2,P11,DB2_P11_T04_65_relabeled,L,primary,wf2_featurewise,5,DB2,DB2,True,0.9999808073043823
1366,DB3,P07,DB3_P07_A_T12_relabeled,R,primary,wf2_featurewise,5,DB3,DB3,True,0.9999837875366211
1373,DB1,P21,DB1_P21_C2_T01_relabeled,L,primary,wf2_featurewise,5,DB1,DB1,True,1.0
1380,DB5,P21,DB5_P21_T07_l_comf_relabeled,L,primary,wf2_featurewise,5,DB5,DB5,True,1.0
1382,DB1,P48,DB1_P48_C2_T03_relabeled,L,primary,wf2_featurewise,5,DB1,DB1,True,1.0
1386,DB4,P13,DB4_P13_T17_relabeled,R,primary,wf2_featurewise,5,DB4,DB4,True,1.0
1391,DB5,P19,DB5_P19_T26_l_slow_relabeled,L,primary,wf2_featurewise,5,DB5,DB5,True,1.0
1397,DB4,P14,DB4_P14_T09_relabeled,R,primary,wf2_featurewise,5,DB4,DB4,True,1.0
1401,DB5,P21,DB5_P21_T02_l_comf_relabeled,L,primary,wf2_featurewise,5,DB5,DB5,True,1.0
1403,DB4,P13,DB4_P13_T18_relabeled,R,primary,wf2_featurewise,5,DB4,DB4,True,1.0
1405,DB4,P10,DB4_P10_T12_relabeled,R,primary,wf2_featurewise,5,DB4,DB4,True,1.0
1421,DB5,P19,DB5_P19_T04_l_comf_relabeled,L,primary,wf2_featurewise,5,DB5,DB5,True,1.0
1424,DB4,P12,DB4_P12_T19_relabeled,R,primary,wf2_featurewise,5,DB4,DB4,True,1.0
1429,DB5,P19,DB5_P19_T19_r_comf_relabeled,L,primary,wf2_featurewise,5,DB5,DB5,True,1.0
1437,DB5,P21,DB5_P21_T05_l_comf_relabeled,L,primary,wf2_featurewise,5,DB5,DB5,True,1.0
1440,DB5,P21,DB5_P21_T41_r_slow_relabeled,L,primary,wf2_featurewise,5,DB5,DB5,True,1.0
1445,DB3,P17,DB3_P17_A_T14,L,primary,wf2_featurewise,5,DB3,DB3,True,1.0
1448,DB4,P09,DB4_P09_T13_relabeled,R,primary,wf2_featurewise,5,DB4,DB4,True,1.0
1453,DB3,P07,DB3_P07_A_T09_relabeled,L,primary,wf2_featurewise,5,DB3,DB3,True,1.0
1458,DB2,P11,DB2_P11_T01_-65_relabeled,L,primary,wf2_featurewise,5,DB2,DB2,True,0.9999791383743286
1464,DB5,P21,DB5_P21_T10_l_comf_relabeled,L,primary,wf2_featurewise,5,DB5,DB5,True,1.0
1471,DB2,P07,DB2_P07_T04_250_relabeled,L,primary,wf2_featurewise,5,DB2,DB2,True,0.9999774694442749
1474,DB4,P13,DB4_P13_T11_relabeled,R,primary,wf2_featurewise,5,DB4,DB4,True,1.0
1475,DB5,P19,DB5_P19_T39_r_slow_relabeled,L,primary,wf2_featurewise,5,DB5,DB5,True,1.0
1477,DB1,P48,DB1_P48_C2_T04_relabeled,L,primary,wf2_featurewise,5,DB1,DB1,True,1.0
1478,DB4,P25,DB4_P25_T23_relabeled,L,primary,wf2_featurewise,5,DB4,DB4,True,1.0
1484,DB3,P17,DB3_P17_A_T08,L,primary,wf2_featurewise,5,DB3,DB3,True,1.0
1488,DB5,P06,DB5_P06_T13_l_comf_relabeled,L,primary,wf2_featurewise,5,DB5,DB5,True,1.0
1504,DB5,P19,DB5_P19_T05_l_comf_relabeled,L,primary,wf2_featurewise,5,DB5,DB5,True,1.0
1507,DB3,P12,DB3_P12_A_T10,L,primary,wf2_featurewise,5,DB3,DB3,True,1.0
1511,DB1,P48,DB1_P48_C3_T02_relabeled,L,primary,wf2_featurewise,5,DB1,DB1,True,1.0
1513,DB4,P52,DB4_P52_T19_relabeled,R,primary,wf2_featurewise,5,DB4,DB4,True,1.0
1517,DB3,P15,DB3_P15_A_T03_relabeled,L,primary,wf2_featurewise,5,DB3,DB3,True,1.0
1523,DB4,P25,DB4_P25_T21_relabeled,L,primary,wf2_featurewise,5,DB4,DB4,True,1.0
1526,DB4,P14,DB4_P14_T04_relabeled,R,primary,wf2_featurewise,5,DB4,DB4,True,1.0
1537,DB4,P43,DB4_P43_T10_relabeled,R,primary,wf2_featurewise,5,DB4,DB4,True,1.0
1539,DB3,P07,DB3_P07_A_T08_relabeled,R,primary,wf2_featurewise,5,DB3,DB3,True,0.9999755620956421
1545,DB5,P19,DB5_P19_T08_l_comf_relabeled,L,primary,wf2_featurewise,5,DB5,DB5,True,1.0
1553,DB4,P14,DB4_P14_T08_relabeled,R,primary,wf2_featurewise,5,DB4,DB4,True,1.0
1555,DB4,P25,DB4_P25_T16_relabeled,R,primary,wf2_featurewise,5,DB4,DB4,True,1.0
1556,DB4,P52,DB4_P52_T05_relabeled,R,primary,wf2_featurewise,5,DB4,DB4,True,1.0
1561,DB1,P48,DB1_P48_C1_T03_relabeled,L,primary,wf2_featurewise,5,DB1,DB1,True,1.0
1569,DB5,P12,DB5_P12_T06_l_comf_relabeled,L,primary,wf2_featurewise,5,DB5,DB5,True,1.0
1570,DB5,P12,DB5_P12_T04_l_comf_relabeled,L,primary,wf2_featurewise,5,DB5,DB5,True,1.0
1575,DB1,P48,DB1_P48_C1_T02_relabeled,L,primary,wf2_featurewise,5,DB1,DB1,True,1.0
1584,DB5,P21,DB5_P21_T09_l_comf_relabeled,L,primary,wf2_featurewise,5,DB5,DB5,True,1.0
1590,DB5,P19,DB5_P19_T29_l_slow_relabeled,L,primary,wf2_featurewise,5,DB5,DB5,True,1.0
1593,DB4,P02,DB4_P02_T19_relabeled,R,primary,wf2_featurewise,5,DB4,DB4,True,1.0
1594,DB2,P11,DB2_P11_T05_65_relabeled,L,primary,wf2_featurewise,5,DB2,DB2,True,0.9999294281005859
1600,DB3,P07,DB3_P07_A_T11_relabeled,L,primary,wf2_featurewise,5,DB3,DB3,True,1.0
1604,DB3,P15,DB3_P15_A_T07_relabeled,R,primary,wf2_featurewise,5,DB3,DB3,True,0.9999648332595825
1607,DB5,P21,DB5_P21_T34_r_slow_relabeled,L,primary,wf2_featurewise,5,DB5,DB5,True,1.0
1609,DB1,P46,DB1_P46_C3_T02_relabeled,L,primary,wf2_featurewise,5,DB1,DB1,True,1.0
1610,DB5,P19,DB5_P19_T01_l_comf_relabeled,L,primary,wf2_featurewise,5,DB5,DB5,True,1.0
1613,DB4,P25,DB4_P25_T13_relabeled,R,primary,wf2_featurewise,5,DB4,DB4,True,1.0
1617,DB3,P07,DB3_P07_A_T02_relabeled,R,primary,wf2_featurewise,5,DB3,DB3,True,0.999983549118042
1618,DB5,P06,DB5_P06_T16_r_comf_relabeled,L,primary,wf2_featurewise,5,DB5,DB5,True,1.0
1623,DB1,P46,DB1_P46_C2_T02_relabeled,L,primary,wf2_featurewise,5,DB1,DB1,True,1.0
1636,DB5,P12,DB5_P12_T24_l_slow_relabeled,L,primary,wf2_featurewise,5,DB5,DB5,True,1.0
1638,DB2,P07,DB2_P07_T04_p_relabeled,L,primary,wf2_featurewise,5,DB2,DB2,True,0.9999628067016602
1654,DB4,P25,DB4_P25_T09_relabeled,R,primary,wf2_featurewise,5,DB4,DB4,True,1.0
1655,DB5,P19,DB5_P19_T27_l_slow_relabeled,L,primary,wf2_featurewise,5,DB5,DB5,True,1.0
1656,DB5,P19,DB5_P19_T12_r_comf_relabeled,L,primary,wf2_featurewise,5,DB5,DB5,True,1.0
1662,DB5,P21,DB5_P21_T21_l_slow_relabeled,L,primary,wf2_featurewise,5,DB5,DB5,True,1.0
1668,DB5,P19,DB5_P19_T07_l_comf_relabeled,L,primary,wf2_featurewise,5,DB5,DB5,True,1.0
1694,DB5,P06,DB5_P06_T21_r_comf_relabeled,L,primary,wf2_featurewise,5,DB5,DB5,True,1.0
1697,DB5,P19,DB5_P19_T21_r_comf_relabeled,L,primary,wf2_featurewise,5,DB5,DB5,True,1.0
1699,DB4,P14,DB4_P14_T02_relabeled,R,primary,wf2_featurewise,5,DB4,DB4,True,1.0
1712,DB4,P52,DB4_P52_T15_relabeled,R,primary,wf2_featurewise,5,DB4,DB4,True,1.0
1718,DB1,P21,DB1_P21_C2_T03_relabeled,L,primary,wf2_featurewise,5,DB1,DB1,True,1.0
1722,DB4,P10,DB4_P10_T14_relabeled,R,primary,wf2_featurewise,5,DB4,DB4,True,1.0
1725,DB5,P21,DB5_P21_T15_r_comf_relabeled,L,primary,wf2_featurewise,5,DB5,DB5,True,1.0
1729,DB4,P43,DB4_P43_T03_relabeled,R,primary,wf2_featurewise,5,DB4,DB4,True,1.0
1732,DB4,P13,DB4_P13_T23_relabeled,R,primary,wf2_featurewise,5,DB4,DB4,True,1.0
1735,DB4,P12,DB4_P12_T08_relabeled,L,primary,wf2_featurewise,5,DB4,DB4,True,1.0
1742,DB4,P25,DB4_P25_T22_relabeled,R,primary,wf2_featurewise,5,DB4,DB4,True,1.0
1744,DB4,P09,DB4_P09_T12_relabeled,R,primary,wf2_featurewise,5,DB4,DB4,True,1.0
1747,DB4,P14,DB4_P14_T13_relabeled,R,primary,wf2_featurewise,5,DB4,DB4,True,1.0
1754,DB4,P13,DB4_P13_T04_relabeled,R,primary,wf2_featurewise,5,DB4,DB4,True,1.0
1756,DB1,P41,DB1_P41_C3_T04_relabeled,L,primary,wf2_featurewise,5,DB1,DB1,True,1.0
1757,DB4,P43,DB4_P43_T17_relabeled,R,primary,wf2_featurewise,5,DB4,DB4,True,1.0
1775,DB3,P12,DB3_P12_A_T13,R,primary,wf2_featurewise,5,DB3,DB3,True,0.9999971389770508
1783,DB4,P12,DB4_P12_T05_relabeled,R,primary,wf2_featurewise,5,DB4,DB4,True,1.0
1785,DB4,P13,DB4_P13_T19_relabeled,L,primary,wf2_featurewise,5,DB4,DB4,True,1.0
1788,DB2,P11,DB2_P11_T04_-65_relabeled,L,primary,wf2_featurewise,5,DB2,DB2,True,0.9999876022338867
1790,DB4,P09,DB4_P09_T017_relabeled,R,primary,wf2_featurewise,5,DB4,DB4,True,1.0
1793,DB5,P21,DB5_P21_T39_r_slow_relabeled,L,primary,wf2_featurewise,5,DB5,DB5,True,1.0
1806,DB4,P09,DB4_P09_T18_relabeled,R,primary,wf2_featurewise,5,DB4,DB4,True,1.0
1812,DB3,P17,DB3_P17_A_T02,R,primary,wf2_featurewise,5,DB3,DB3,True,0.9999867677688599
1821,DB4,P12,DB4_P12_T21_relabeled,R,primary,wf2_featurewise,5,DB4,DB4,True,1.0
1823,DB5,P12,DB5_P12_T12_r_comf_relabeled,L,primary,wf2_featurewise,5,DB5,DB5,True,1.0
1824,DB5,P12,DB5_P12_T40_r_slow_relabeled,L,primary,wf2_featurewise,5,DB5,DB5,True,1.0
1827,DB1,P20,DB1_P20_C2_T03_relabeled,L,primary,wf2_featurewise,5,DB1,DB1,True,1.0
1832,DB4,P12,DB4_P12_T23_relabeled,R,primary,wf2_featurewise,5,DB4,DB4,True,1.0
1833,DB2,P07,DB2_P07_T03_250_relabeled,L,primary,wf2_featurewise,5,DB2,DB2,True,0.9999794960021973
1853,DB4,P25,DB4_P25_T18_relabeled,R,primary,wf2_featurewise,5,DB4,DB4,True,1.0
1859,DB5,P21,DB5_P21_T06_l_comf_relabeled,L,primary,wf2_featurewise,5,DB5,DB5,True,1.0
1865,DB4,P10,DB4_P10_T22_relabeled,R,primary,wf2_featurewise,5,DB4,DB4,True,1.0
1868,DB5,P06,DB5_P06_T03_l_comf_relabeled,L,primary,wf2_featurewise,5,DB5,DB5,True,1.0
1870,DB4,P52,DB4_P52_T02_relabeled,R,primary,wf2_featurewise,5,DB4,DB4,True,1.0
1872,DB4,P25,DB4_P25_T14_relabeled,R,primary,wf2_featurewise,5,DB4,DB4,True,1.0
1875,DB4,P14,DB4_P14_T15_relabeled,R,primary,wf2_featurewise,5,DB4,DB4,True,1.0
1878,DB2,P11,DB2_P11_T05_130_relabeled,L,primary,wf2_featurewise,5,DB2,DB2,True,0.9999004602432251
1879,DB4,P12,DB4_P12_T14_relabeled,R,primary,wf2_featurewise,5,DB4,DB4,True,1.0
1889,DB2,P11,DB2_P11_T03_-130_relabeled,L,primary,wf2_featurewise,5,DB2,DB2,True,0.9999865293502808
1891,DB3,P07,DB3_P07_A_T05_relabeled,L,primary,wf2_featurewise,5,DB3,DB3,True,1.0
1893,DB5,P19,DB5_P19_T15_r_comf_relabeled,L,primary,wf2_featurewise,5,DB5,DB5,True,1.0
1894,DB4,P43,DB4_P43_T09_relabeled,R,primary,wf2_featurewise,5,DB4,DB4,True,1.0
1895,DB5,P21,DB5_P21_T36_r_slow_relabeled,L,primary,wf2_featurewise,5,DB5,DB5,True,1.0
1900,DB5,P12,DB5_P12_T20_r_comf_relabeled,L,primary,wf2_featurewise,5,DB5,DB5,True,1.0
