Coordinates
version=1
nRows=418
nColumns=38
inDegrees=no

Units are S.I. units (second, meters, Newtons, ...)
If the header above contains a line with 'inDegrees', this indicates whether rotational values are in degrees (yes) or radians (no).

endheader
time	pelvis_tilt	pelvis_list	pelvis_rotation	pelvis_tx	pelvis_ty	pelvis_tz	hip_flexion_r	hip_adduction_r	hip_rotation_r	knee_angle_r	ankle_angle_r	subtalar_angle_r	mtp_angle_r	hip_flexion_l	hip_adduction_l	hip_rotation_l	knee_angle_l	ankle_angle_l	subtalar_angle_l	mtp_angle_l	lumbar_extension	lumbar_bending	lumbar_rotation	arm_flex_r	arm_add_r	arm_rot_r	elbow_flex_r	pro_sup_r	wrist_flex_r	wrist_dev_r	arm_flex_l	arm_add_l	arm_rot_l	elbow_flex_l	pro_sup_l	wrist_flex_l	wrist_dev_l
0	0.0203646	-0.355001	-1.66542	0.317783	1.06183	-0.313951	-0.0942858	-0.0830349	-0.0134901	1.21989	-0.433858	0	0	0.1334	0.0708714	-0.181473	0.740794	0.0637336	0	0	-0.745483	-0.095287	0.100311	0.128784	-0.237487	0.063586	1.05903	1.21136	0	0	-0.0663127	-0.0944594	-0.0203997	0.633269	1.07971	0	0
0.00399043	0.0195952	-0.354166	-1.66454	0.318047	1.0626	-0.309007	-0.0837971	-0.0802558	-0.0116845	1.21887	-0.426756	0	0	0.127448	0.0712389	-0.179029	0.737769	0.0675125	0	0	-0.745111	-0.0930729	0.0981884	0.126182	-0.236432	0.062946	1.05065	1.20942	0	0	-0.0611594	-0.0970197	-0.0220947	0.640631	1.08166	0	0
0.00798086	0.0188253	-0.353331	-1.66367	0.318311	1.06336	-0.304063	-0.0733095	-0.0774722	-0.00987524	1.21784	-0.419652	0	0	0.121497	0.0716055	-0.176585	0.734739	0.0712815	0	0	-0.744737	-0.0908577	0.096066	0.12358	-0.235377	0.0623061	1.04227	1.20749	0	0	-0.0560063	-0.0995801	-0.0237911	0.647995	1.08362	0	0
0.0119713	0.0180538	-0.35249	-1.6628	0.318575	1.06413	-0.29912	-0.0628256	-0.0746755	-0.0080553	1.21677	-0.412549	0	0	0.115547	0.0719697	-0.174141	0.731701	0.0750242	0	0	-0.744361	-0.0886394	0.0939439	0.120977	-0.234326	0.0616666	1.03389	1.20556	0	0	-0.0508539	-0.102141	-0.0254915	0.655367	1.08558	0	0
0.0159617	0.0172789	-0.351642	-1.66192	0.318839	1.06489	-0.294176	-0.0523505	-0.0718552	-0.00621475	1.21564	-0.405446	0	0	0.1096	0.0723289	-0.1717	0.728648	0.07872	0	0	-0.743978	-0.0864158	0.0918238	0.118371	-0.23328	0.0610278	1.02553	1.20363	0	0	-0.0457033	-0.1047	-0.0271988	0.662752	1.08754	0	0
0.0199522	0.0164984	-0.350783	-1.66106	0.319102	1.06565	-0.289233	-0.041892	-0.0689989	-0.00434076	1.21441	-0.398348	0	0	0.103657	0.0726803	-0.169265	0.725575	0.0823472	0	0	-0.743586	-0.0841849	0.0897099	0.11576	-0.232247	0.0603899	1.01718	1.20169	0	0	-0.0405569	-0.107259	-0.0289161	0.670158	1.0895	0	0
0.0239426	0.0157094	-0.349912	-1.6602	0.319366	1.06641	-0.284291	-0.0314605	-0.0660934	-0.00241825	1.21303	-0.391257	0	0	0.0977192	0.0730201	-0.16684	0.722479	0.0858836	0	0	-0.743182	-0.0819451	0.0876091	0.113139	-0.231231	0.0597525	1.00886	1.19975	0	0	-0.0354174	-0.109814	-0.0306466	0.677593	1.09146	0	0
0.027933	0.0149089	-0.349025	-1.65936	0.319628	1.06716	-0.279349	-0.0210679	-0.0631252	-0.000431603	1.21146	-0.384179	0	0	0.091787	0.0733439	-0.164433	0.719355	0.0893086	0	0	-0.742761	-0.0796946	0.0855284	0.110503	-0.23024	0.0591154	1.00057	1.19778	0	0	-0.0302877	-0.112363	-0.0323949	0.685064	1.09341	0	0
0.0319234	0.0140942	-0.348121	-1.65855	0.31989	1.06791	-0.274408	-0.0107269	-0.0600804	0.00163388	1.20966	-0.377117	0	0	0.0858631	0.0736471	-0.16205	0.716204	0.0926033	0	0	-0.742321	-0.0774314	0.0834743	0.107848	-0.229281	0.0584789	0.992319	1.19579	0	0	-0.0251704	-0.114904	-0.0341671	0.692578	1.09536	0	0
0.0359139	0.0132633	-0.347198	-1.65776	0.32015	1.06864	-0.269468	-0.000451184	-0.0569464	0.00379102	1.20756	-0.370076	0	0	0.0799508	0.0739251	-0.1597	0.713026	0.0957511	0	0	-0.741859	-0.0751535	0.0814517	0.105171	-0.22836	0.0578434	0.984121	1.19375	0	0	-0.020068	-0.117434	-0.0359698	0.700144	1.09732	0	0
0.0399043	0.0124143	-0.346254	-1.65701	0.320409	1.06937	-0.264529	0.00974413	-0.0537126	0.00605002	1.20514	-0.363062	0	0	0.0740537	0.0741737	-0.157388	0.709825	0.098738	0	0	-0.741373	-0.0728595	0.0794651	0.102468	-0.227486	0.0572094	0.97598	1.19165	0	0	-0.0149837	-0.119952	-0.0378089	0.707773	1.09926	0	0
0.0438947	0.0115462	-0.34529	-1.65628	0.320667	1.07008	-0.259591	0.0198428	-0.0503712	0.00841805	1.20233	-0.356079	0	0	0.0681751	0.0743892	-0.155121	0.706605	0.101553	0	0	-0.740862	-0.0705487	0.0775181	0.0997359	-0.226662	0.0565782	0.967905	1.18948	0	0	-0.00992109	-0.122457	-0.0396883	0.715474	1.1012	0	0
0.0478852	0.0106584	-0.344305	-1.65559	0.320923	1.07078	-0.254656	0.0298282	-0.0469176	0.0108986	1.19909	-0.34913	0	0	0.0623188	0.0745687	-0.152904	0.703374	0.104188	0	0	-0.740324	-0.0682205	0.0756137	0.096973	-0.225896	0.0559512	0.959904	1.18721	0	0	-0.00488417	-0.12495	-0.0416114	0.723258	1.10313	0	0
0.0518756	0.00975136	-0.3433	-1.65493	0.321177	1.07146	-0.249722	0.0396834	-0.0433507	0.0134909	1.19538	-0.342219	0	0	0.056489	0.0747098	-0.150742	0.700141	0.106637	0	0	-0.739761	-0.0658751	0.0737531	0.0941773	-0.225192	0.0553302	0.951982	1.18484	0	0	0.000123133	-0.12743	-0.0435798	0.731139	1.10503	0	0
0.055866	0.00882604	-0.342277	-1.6543	0.321429	1.07212	-0.24479	0.0493915	-0.0396731	0.0161896	1.19117	-0.335351	0	0	0.0506899	0.0748108	-0.14864	0.696917	0.108898	0	0	-0.739174	-0.063513	0.071936	0.0913479	-0.224555	0.0547169	0.944148	1.18235	0	0	0.00509657	-0.129902	-0.0455937	0.739129	1.1069	0	0
0.0598565	0.00788439	-0.341238	-1.6537	0.321679	1.07276	-0.239859	0.0589359	-0.035891	0.0189848	1.18641	-0.328528	0	0	0.044926	0.0748712	-0.146599	0.693712	0.110971	0	0	-0.738564	-0.0611353	0.0701606	0.0884841	-0.223987	0.0541131	0.936407	1.17972	0	0	0.0100317	-0.132369	-0.0476513	0.747243	1.10873	0	0
0.0638469	0.00692903	-0.340184	-1.65312	0.321926	1.07338	-0.234932	0.0683011	-0.0320143	0.0218625	1.18106	-0.321753	0	0	0.0392023	0.0748911	-0.144621	0.69054	0.112859	0	0	-0.737934	-0.0587431	0.0684235	0.0855863	-0.223491	0.0535206	0.928766	1.17696	0	0	0.0149248	-0.134836	-0.0497492	0.755493	1.11049	0	0
0.0678373	0.0059632	-0.339118	-1.65255	0.32217	1.07397	-0.230006	0.0774731	-0.0280566	0.0248051	1.17511	-0.315031	0	0	0.0335246	0.0748715	-0.142705	0.687414	0.114567	0	0	-0.737285	-0.056338	0.06672	0.0826553	-0.223069	0.0529407	0.921228	1.17406	0	0	0.0197725	-0.137307	-0.0518826	0.76389	1.11218	0	0
0.0718278	0.00499066	-0.33804	-1.652	0.32241	1.07453	-0.225082	0.0864394	-0.0240342	0.027792	1.16852	-0.308366	0	0	0.0278988	0.0748142	-0.140852	0.684345	0.116102	0	0	-0.736621	-0.0539217	0.0650447	0.0796929	-0.222721	0.0523749	0.913798	1.17101	0	0	0.0245728	-0.139788	-0.0540458	0.772443	1.11377	0	0
0.0758182	0.00401571	-0.33695	-1.65144	0.322648	1.07506	-0.220161	0.0951894	-0.0199661	0.0308002	1.16126	-0.301764	0	0	0.0223319	0.0747215	-0.139061	0.681347	0.117474	0	0	-0.735943	-0.0514965	0.063391	0.0767018	-0.222447	0.0518248	0.906479	1.16781	0	0	0.0293243	-0.142285	-0.0562325	0.78116	1.11526	0	0
0.0798086	0.00304303	-0.33585	-1.65088	0.322881	1.07556	-0.215242	0.103714	-0.0158735	0.0338049	1.15333	-0.295229	0	0	0.0168311	0.0745965	-0.137328	0.678433	0.118692	0	0	-0.735253	-0.0490649	0.0617516	0.0736857	-0.222247	0.0512926	0.899273	1.16448	0	0	0.0340258	-0.144804	-0.0584363	0.790045	1.11663	0	0
0.083799	0.00207768	-0.334737	-1.65031	0.323111	1.07603	-0.210325	0.112008	-0.011779	0.0367803	1.1447	-0.288768	0	0	0.0114042	0.0744427	-0.135652	0.675616	0.119769	0	0	-0.734553	-0.0466299	0.0601185	0.0706492	-0.222119	0.0507806	0.89218	1.16102	0	0	0.0386769	-0.147351	-0.0606507	0.799103	1.11786	0	0
0.0877895	0.00112499	-0.333612	-1.64972	0.323336	1.07646	-0.20541	0.120065	-0.00770636	0.0397005	1.13535	-0.282389	0	0	0.00605999	0.0742639	-0.134031	0.672909	0.120718	0	0	-0.733844	-0.0441952	0.0584839	0.0675975	-0.222062	0.0502915	0.8852	1.15744	0	0	0.0432773	-0.149932	-0.0628694	0.808337	1.11895	0	0
0.0917799	0.000190548	-0.332472	-1.6491	0.323558	1.07685	-0.200496	0.127882	-0.00367962	0.04254	1.12528	-0.276099	0	0	0.000807229	0.0740645	-0.132462	0.670324	0.121551	0	0	-0.733126	-0.0417648	0.0568398	0.0645357	-0.222071	0.0498271	0.878331	1.15377	0	0	0.0478268	-0.152552	-0.0650864	0.817748	1.11989	0	0
0.0957703	-0.000719893	-0.331316	-1.64844	0.323774	1.0772	-0.195584	0.135456	0.000277714	0.0452735	1.11448	-0.269908	0	0	-0.00434657	0.0738484	-0.13094	0.667873	0.122284	0	0	-0.732398	-0.0393419	0.0551763	0.0614686	-0.222143	0.0493892	0.87157	1.15002	0	0	0.0523249	-0.155217	-0.0672964	0.827335	1.12065	0	0
0.0997608	-0.00160062	-0.330144	-1.64774	0.323986	1.07751	-0.190672	0.142783	0.00414307	0.0478757	1.10295	-0.263824	0	0	-0.00939571	0.07362	-0.129463	0.665566	0.122932	0	0	-0.731662	-0.0369293	0.0534821	0.0584002	-0.222273	0.0489784	0.864914	1.14621	0	0	0.0567701	-0.157934	-0.0694942	0.837098	1.12125	0	0
0.103751	-0.0024461	-0.328955	-1.64698	0.324192	1.07778	-0.185761	0.149859	0.00789502	0.0503227	1.09068	-0.257858	0	0	-0.0143361	0.0733833	-0.128022	0.663412	0.123512	0	0	-0.730916	-0.034529	0.0517448	0.0553345	-0.222454	0.0485951	0.858358	1.14238	0	0	0.0611607	-0.160709	-0.0716758	0.847036	1.12168	0	0
0.107742	-0.00325115	-0.32775	-1.64615	0.324394	1.078	-0.18085	0.156677	0.0115136	0.0525919	1.07766	-0.252022	0	0	-0.0191648	0.0731423	-0.12661	0.661422	0.124042	0	0	-0.730161	-0.0321428	0.0499518	0.0522754	-0.222679	0.0482387	0.851896	1.13856	0	0	0.0654948	-0.163546	-0.0738378	0.857146	1.12193	0	0
0.111732	-0.00401114	-0.326529	-1.64523	0.324589	1.07818	-0.175938	0.163235	0.0149809	0.0546635	1.06391	-0.246329	0	0	-0.0238797	0.0729009	-0.12522	0.659602	0.124539	0	0	-0.729398	-0.0297722	0.0480914	0.0492268	-0.22294	0.0479082	0.845522	1.13477	0	0	0.0697707	-0.166452	-0.0759777	0.867424	1.12201	0	0
0.115722	-0.00472204	-0.325293	-1.64423	0.324779	1.07831	-0.171025	0.169529	0.0182809	0.0565214	1.04942	-0.240794	0	0	-0.0284797	0.072663	-0.123843	0.657959	0.12502	0	0	-0.728626	-0.0274193	0.0461534	0.0461923	-0.223232	0.0476016	0.839231	1.13105	0	0	0.0739868	-0.169429	-0.0780935	0.877864	1.12192	0	0
0.119713	-0.00538054	-0.324045	-1.64314	0.324963	1.0784	-0.16611	0.175555	0.0214002	0.0581543	1.03421	-0.235434	0	0	-0.0329659	0.0724324	-0.122475	0.6565	0.125504	0	0	-0.727846	-0.0250869	0.0441316	0.0431743	-0.223545	0.0473166	0.833015	1.12743	0	0	0.0781404	-0.17248	-0.0801841	0.888459	1.12168	0	0
0.123703	-0.00598404	-0.322787	-1.64194	0.32514	1.07843	-0.161191	0.181307	0.0243281	0.059557	1.01827	-0.23027	0	0	-0.037342	0.0722134	-0.12111	0.655227	0.12601	0	0	-0.727059	-0.0227793	0.0420235	0.0401737	-0.223876	0.0470503	0.826871	1.12394	0	0	0.0822284	-0.175606	-0.0822491	0.899202	1.12128	0	0
0.127694	-0.00653044	-0.321523	-1.64066	0.325311	1.07842	-0.156269	0.186781	0.0270574	0.0607295	1.00163	-0.225323	0	0	-0.0416132	0.0720097	-0.119746	0.654145	0.126556	0	0	-0.726264	-0.0205013	0.039829	0.037191	-0.224217	0.0467991	0.820792	1.12063	0	0	0.0862473	-0.178804	-0.084289	0.910084	1.12076	0	0
0.131684	-0.00701802	-0.320256	-1.63928	0.325475	1.07836	-0.151341	0.191973	0.029584	0.0616769	0.984287	-0.220617	0	0	-0.045785	0.0718248	-0.118383	0.653256	0.12716	0	0	-0.725463	-0.0182579	0.0375493	0.0342261	-0.224565	0.0465586	0.814775	1.11751	0	0	0.0901941	-0.182074	-0.0863044	0.921093	1.12012	0	0
0.135675	-0.00744547	-0.318991	-1.63782	0.325633	1.07825	-0.146408	0.196879	0.0319069	0.0624085	0.966269	-0.216178	0	0	-0.0498638	0.0716614	-0.11702	0.65256	0.127839	0	0	-0.724655	-0.0160539	0.0351872	0.0312786	-0.224912	0.0463231	0.808815	1.11462	0	0	0.0940663	-0.185413	-0.0882966	0.93222	1.11939	0	0
0.139665	-0.00781179	-0.317732	-1.63627	0.325782	1.0781	-0.141468	0.201498	0.0340278	0.0629377	0.947593	-0.212036	0	0	-0.053856	0.0715221	-0.115657	0.652058	0.128608	0	0	-0.723842	-0.013894	0.0327467	0.028348	-0.225256	0.046086	0.802908	1.11199	0	0	0.0978618	-0.188815	-0.0902669	0.943452	1.11859	0	0
0.143656	-0.00811621	-0.31648	-1.63465	0.325925	1.07789	-0.13652	0.205827	0.0359505	0.0632814	0.92828	-0.20822	0	0	-0.0577691	0.0714094	-0.114294	0.651748	0.12948	0	0	-0.723023	-0.0117833	0.0302328	0.0254332	-0.22559	0.0458396	0.797051	1.10965	0	0	0.101579	-0.192277	-0.0922172	0.954776	1.11773	0	0
0.147646	-0.00835835	-0.315241	-1.63296	0.32606	1.07764	-0.131563	0.209867	0.0376814	0.0634596	0.908355	-0.204762	0	0	-0.0616112	0.0713253	-0.112931	0.651626	0.130467	0	0	-0.7222	-0.00972637	0.0276518	0.0225329	-0.225911	0.0455759	0.79124	1.10762	0	0	0.105217	-0.195792	-0.0941501	0.966181	1.11686	0	0
0.151636	-0.00853827	-0.314017	-1.63121	0.326186	1.07733	-0.126596	0.213617	0.0392287	0.0634949	0.887846	-0.201695	0	0	-0.0653908	0.0712718	-0.111567	0.65169	0.131578	0	0	-0.721372	-0.00772789	0.025011	0.0196453	-0.226215	0.0452863	0.785472	1.10591	0	0	0.108774	-0.199353	-0.0960686	0.977652	1.11598	0	0
0.155627	-0.00865644	-0.312811	-1.6294	0.326305	1.07699	-0.121617	0.217078	0.0406031	0.0634109	0.866786	-0.199051	0	0	-0.0691159	0.0712497	-0.1102	0.651934	0.132818	0	0	-0.72054	-0.00579156	0.022317	0.0167697	-0.226496	0.0449625	0.779745	1.10455	0	0	0.11225	-0.202954	-0.0979763	0.989176	1.11513	0	0
0.159617	-0.00871367	-0.311626	-1.62755	0.326415	1.07659	-0.116626	0.220254	0.0418162	0.0632315	0.845207	-0.196862	0	0	-0.0727934	0.0712594	-0.108829	0.652353	0.13419	0	0	-0.719704	-0.00392008	0.0195757	0.013906	-0.226753	0.0445962	0.774055	1.10353	0	0	0.115646	-0.206587	-0.0998771	1.00074	1.11434	0	0
0.163608	-0.00871123	-0.310461	-1.62564	0.326516	1.07615	-0.111622	0.223152	0.0428811	0.0629799	0.823146	-0.195161	0	0	-0.0764291	0.0713004	-0.107447	0.65294	0.135693	0	0	-0.718863	-0.00211514	0.0167924	0.0110548	-0.226979	0.0441789	0.768399	1.10286	0	0	0.118961	-0.210244	-0.101775	1.01233	1.11362	0	0
0.167598	-0.0086508	-0.309316	-1.6237	0.326609	1.07567	-0.106602	0.225777	0.0438113	0.0626779	0.800642	-0.193978	0	0	-0.0800284	0.0713719	-0.106049	0.653687	0.137323	0	0	-0.718017	-0.00037761	0.013972	0.0082171	-0.227171	0.0437025	0.762774	1.10255	0	0	0.122197	-0.213918	-0.103675	1.02392	1.11299	0	0
0.171589	-0.00853438	-0.308193	-1.62172	0.326693	1.07514	-0.101567	0.228139	0.0446207	0.062346	0.77774	-0.193344	0	0	-0.0835969	0.0714729	-0.104628	0.654587	0.139072	0	0	-0.717164	0.00129216	0.0111193	0.00539412	-0.227325	0.043159	0.757176	1.10258	0	0	0.125353	-0.217599	-0.105583	1.03552	1.11248	0	0
0.175579	-0.00836431	-0.307089	-1.61971	0.326767	1.07457	-0.0965149	0.230247	0.0453232	0.0620028	0.754484	-0.193284	0	0	-0.0871408	0.0716023	-0.103174	0.655629	0.14093	0	0	-0.716305	0.00289423	0.00823953	0.00258711	-0.227439	0.0425408	0.751602	1.10294	0	0	0.12843	-0.22128	-0.107503	1.0471	1.1121	0	0
0.179569	-0.00814315	-0.306006	-1.61766	0.326832	1.07396	-0.0914446	0.23211	0.0459325	0.0616646	0.730926	-0.193823	0	0	-0.090667	0.0717591	-0.10168	0.656803	0.142884	0	0	-0.715437	0.00442898	0.00533821	-0.000202935	-0.22751	0.0418404	0.746049	1.10363	0	0	0.131427	-0.22495	-0.109441	1.05864	1.11186	0	0
0.18356	-0.00787364	-0.304944	-1.61559	0.326887	1.07332	-0.0863551	0.23374	0.0464619	0.0613446	0.707117	-0.19498	0	0	-0.094183	0.0719421	-0.100137	0.658098	0.14492	0	0	-0.714562	0.00589708	0.00242091	-0.0029752	-0.227535	0.0410509	0.740514	1.10461	0	0	0.134344	-0.228601	-0.111401	1.07014	1.11179	0	0
0.18755	-0.00755873	-0.303902	-1.61351	0.326933	1.07263	-0.0812453	0.235146	0.0469241	0.0610525	0.683113	-0.196772	0	0	-0.0976967	0.0721497	-0.0985349	0.6595	0.147022	0	0	-0.713679	0.00729956	-0.000506926	-0.00572887	-0.227513	0.0401662	0.734996	1.10587	0	0	0.13718	-0.232223	-0.113389	1.08158	1.11188	0	0
0.191541	-0.00720156	-0.302883	-1.6114	0.326968	1.07191	-0.076114	0.23634	0.0473308	0.0607938	0.658973	-0.19921	0	0	-0.101216	0.0723804	-0.0968647	0.660998	0.149172	0	0	-0.712787	0.00863791	-0.00344006	-0.00846298	-0.227443	0.0391817	0.729493	1.10739	0	0	0.139935	-0.235807	-0.115407	1.09295	1.11215	0	0
0.195531	-0.00680552	-0.301887	-1.60928	0.326994	1.07116	-0.0709602	0.237333	0.0476932	0.0605698	0.634757	-0.2023	0	0	-0.104749	0.0726322	-0.095117	0.662581	0.15135	0	0	-0.711889	0.00991402	-0.00637336	-0.0111764	-0.227323	0.0380943	0.724004	1.10913	0	0	0.142608	-0.239344	-0.117459	1.10422	1.1126	0	0
0.199522	-0.00637424	-0.300915	-1.60715	0.327009	1.07038	-0.0657827	0.238135	0.0480217	0.060378	0.610527	-0.206042	0	0	-0.108304	0.0729032	-0.0932832	0.664238	0.153537	0	0	-0.710983	0.0111302	-0.00930173	-0.0138678	-0.227152	0.0369024	0.718527	1.11106	0	0	0.145198	-0.242826	-0.119548	1.1154	1.11323	0	0
0.203512	-0.00591163	-0.29997	-1.60501	0.327013	1.06957	-0.0605805	0.238755	0.0483259	0.060212	0.586347	-0.210431	0	0	-0.111888	0.0731908	-0.0913554	0.665957	0.15571	0	0	-0.710072	0.0122892	-0.01222	-0.016536	-0.226932	0.0356054	0.713063	1.11317	0	0	0.147703	-0.246243	-0.121674	1.12647	1.11404	0	0
0.207502	-0.00542182	-0.299052	-1.60287	0.327006	1.06874	-0.0553525	0.239205	0.0486148	0.060062	0.562284	-0.215457	0	0	-0.115509	0.0734922	-0.0893271	0.66773	0.157847	0	0	-0.709158	0.0133942	-0.0151233	-0.0191797	-0.226661	0.0342038	0.707612	1.11542	0	0	0.150124	-0.249588	-0.12384	1.13741	1.11503	0	0
0.211493	-0.00490915	-0.298164	-1.60073	0.326989	1.06788	-0.0500977	0.239492	0.0488969	0.059915	0.538402	-0.221103	0	0	-0.119173	0.0738042	-0.0871928	0.669547	0.159924	0	0	-0.708242	0.0144486	-0.0180065	-0.0217973	-0.226341	0.0326992	0.702174	1.11779	0	0	0.152459	-0.252853	-0.126045	1.14821	1.11619	0	0
0.215483	-0.00437826	-0.297308	-1.59859	0.326961	1.067	-0.0448149	0.239625	0.0491802	0.0597553	0.51477	-0.22735	0	0	-0.122887	0.0741235	-0.0849484	0.671402	0.161918	0	0	-0.707325	0.0154562	-0.0208647	-0.0243874	-0.225971	0.0310942	0.69675	1.12026	0	0	0.154707	-0.25603	-0.12829	1.15887	1.11753	0	0
0.219474	-0.00383409	-0.296487	-1.59645	0.326921	1.0661	-0.0395031	0.239611	0.0494724	0.0595653	0.491453	-0.234171	0	0	-0.126657	0.0744461	-0.0825917	0.673286	0.163804	0	0	-0.706411	0.016421	-0.0236925	-0.0269484	-0.225554	0.0293929	0.691342	1.12278	0	0	0.156866	-0.259111	-0.130574	1.16936	1.11902	0	0
0.223464	-0.00328184	-0.295701	-1.59433	0.32687	1.06518	-0.0341613	0.239457	0.049781	0.0593261	0.468519	-0.241538	0	0	-0.130488	0.074768	-0.0801219	0.675193	0.165558	0	0	-0.705502	0.0173474	-0.0264841	-0.0294786	-0.225091	0.0276004	0.685953	1.12535	0	0	0.158935	-0.26209	-0.132896	1.17968	1.12067	0	0
0.227455	-0.00272694	-0.294955	-1.59222	0.326808	1.06425	-0.0287885	0.239168	0.0501133	0.0590186	0.446031	-0.249416	0	0	-0.134384	0.0750848	-0.0775401	0.677117	0.167153	0	0	-0.704598	0.0182396	-0.0292334	-0.0319766	-0.224583	0.0257229	0.680583	1.12792	0	0	0.160913	-0.26496	-0.135255	1.18982	1.12246	0	0
0.231445	-0.00217497	-0.294249	-1.59013	0.326734	1.0633	-0.0233836	0.238749	0.0504764	0.0586236	0.424056	-0.257771	0	0	-0.138351	0.0753921	-0.0748492	0.679053	0.168565	0	0	-0.703704	0.0191021	-0.0319339	-0.0344406	-0.224035	0.0237675	0.675237	1.13048	0	0	0.162797	-0.267713	-0.137649	1.19977	1.12438	0	0
0.235435	-0.00163154	-0.293585	-1.58806	0.326648	1.06235	-0.0179456	0.238204	0.0508771	0.0581222	0.402654	-0.266562	0	0	-0.142391	0.0756852	-0.0720542	0.680996	0.169767	0	0	-0.70282	0.0199389	-0.0345785	-0.0368693	-0.223447	0.0217423	0.669917	1.13299	0	0	0.164586	-0.270342	-0.140077	1.20951	1.12642	0	0
0.239426	-0.00110235	-0.292966	-1.58602	0.32655	1.06138	-0.0124736	0.237537	0.0513221	0.0574961	0.38189	-0.275746	0	0	-0.146509	0.0759596	-0.0691616	0.68294	0.170734	0	0	-0.701949	0.0207544	-0.0371598	-0.0392618	-0.222824	0.0196558	0.664626	1.13543	0	0	0.166277	-0.272841	-0.142535	1.21904	1.12857	0	0
0.243416	-0.000593041	-0.292392	-1.58402	0.32644	1.06042	-0.00696658	0.236752	0.0518178	0.0567278	0.361822	-0.285275	0	0	-0.150705	0.0762107	-0.06618	0.684882	0.17144	0	0	-0.70109	0.0215523	-0.0396697	-0.0416171	-0.222169	0.0175173	0.659368	1.13778	0	0	0.167867	-0.275204	-0.145022	1.22835	1.13082	0	0
0.247407	-0.000109133	-0.291865	-1.58205	0.326318	1.05945	-0.00142368	0.235853	0.0523701	0.0558009	0.342512	-0.2951	0	0	-0.154983	0.0764342	-0.0631197	0.686819	0.171857	0	0	-0.700246	0.0223359	-0.0420992	-0.0439349	-0.221486	0.0153367	0.654147	1.14002	0	0	0.169354	-0.277423	-0.147534	1.23743	1.13316	0	0
0.251397	0.000344064	-0.291387	-1.58014	0.326184	1.05848	0.00415599	0.234844	0.0529844	0.0546999	0.324017	-0.305168	0	0	-0.159344	0.0766261	-0.059993	0.688746	0.171961	0	0	-0.699418	0.023108	-0.0444391	-0.0462151	-0.22078	0.0131245	0.648966	1.14213	0	0	0.170735	-0.279493	-0.150068	1.24627	1.13557	0	0
0.255388	0.00076151	-0.290959	-1.57828	0.326038	1.05751	0.00977325	0.233729	0.0536655	0.0534103	0.306393	-0.315425	0	0	-0.163791	0.0767825	-0.0568139	0.69066	0.171723	0	0	-0.698606	0.0238708	-0.0466795	-0.0484576	-0.220054	0.0108916	0.643829	1.14408	0	0	0.172005	-0.281408	-0.15262	1.25486	1.13805	0	0
0.259378	0.00113846	-0.290584	-1.57649	0.325879	1.05654	0.0154289	0.232511	0.0544178	0.0519186	0.289696	-0.325812	0	0	-0.168325	0.0769	-0.0535983	0.692558	0.171116	0	0	-0.697811	0.0246259	-0.0488104	-0.050663	-0.219315	0.00864942	0.638742	1.14586	0	0	0.17316	-0.283163	-0.155187	1.26319	1.14058	0	0
0.263368	0.00147057	-0.290262	-1.57478	0.325708	1.05559	0.0211235	0.231196	0.0552444	0.0502124	0.273977	-0.336268	0	0	-0.172949	0.0769754	-0.0503635	0.694437	0.17011	0	0	-0.697035	0.0253744	-0.0508214	-0.0528324	-0.218566	0.0064091	0.633709	1.14747	0	0	0.174197	-0.284751	-0.157764	1.27126	1.14314	0	0
0.267359	0.00175392	-0.289996	-1.57315	0.325525	1.05464	0.0268578	0.229789	0.056148	0.0482806	0.259288	-0.346731	0	0	-0.177664	0.0770058	-0.0471286	0.696293	0.168677	0	0	-0.696277	0.0261168	-0.0527015	-0.0549676	-0.217814	0.00418109	0.628736	1.14889	0	0	0.175111	-0.286169	-0.160345	1.27906	1.14574	0	0
0.271349	0.00198511	-0.289789	-1.57161	0.32533	1.0537	0.0326322	0.228294	0.05713	0.0461137	0.245676	-0.357134	0	0	-0.182473	0.0769889	-0.0439139	0.698122	0.166785	0	0	-0.69554	0.0268528	-0.0544396	-0.0570712	-0.217063	0.00197502	0.62383	1.15011	0	0	0.175899	-0.287412	-0.162925	1.28659	1.14835	0	0
0.27534	0.00216122	-0.289644	-1.57017	0.325123	1.05277	0.0384472	0.226719	0.0581911	0.0437045	0.233187	-0.367409	0	0	-0.18738	0.0769225	-0.040741	0.699923	0.164403	0	0	-0.694824	0.0275818	-0.0560244	-0.0591462	-0.216318	-0.000200264	0.618997	1.15113	0	0	0.176556	-0.288475	-0.165496	1.29383	1.15097	0	0
0.27933	0.00227972	-0.289565	-1.56885	0.324904	1.05186	0.044303	0.225069	0.0593308	0.0410479	0.221864	-0.377484	0	0	-0.192387	0.0768042	-0.0376318	0.701692	0.161499	0	0	-0.694132	0.0283031	-0.0574453	-0.061196	-0.215586	-0.00233692	0.614245	1.15194	0	0	0.177079	-0.289355	-0.168053	1.30078	1.15358	0	0
0.283321	0.00233843	-0.289555	-1.56765	0.324674	1.05096	0.0501998	0.223353	0.0605475	0.0381412	0.211748	-0.387285	0	0	-0.197496	0.076631	-0.0346084	0.70343	0.158038	0	0	-0.693465	0.0290164	-0.0586933	-0.0632239	-0.214869	-0.00442799	0.609581	1.15255	0	0	0.177465	-0.290049	-0.170585	1.30744	1.15618	0	0
0.287311	0.00233535	-0.289617	-1.56658	0.324432	1.05009	0.0561376	0.221583	0.0618384	0.0349848	0.202876	-0.396732	0	0	-0.202707	0.0763994	-0.0316917	0.705136	0.153985	0	0	-0.692825	0.0297224	-0.0597611	-0.0652334	-0.214171	-0.00646709	0.605013	1.15296	0	0	0.177713	-0.290557	-0.173086	1.31379	1.15876	0	0
0.291301	0.0022687	-0.289755	-1.56563	0.324179	1.04923	0.0621161	0.219769	0.0632	0.0315819	0.195284	-0.405746	0	0	-0.208019	0.0761051	-0.0289023	0.706813	0.149305	0	0	-0.692215	0.0304221	-0.0606426	-0.0672279	-0.213496	-0.00844837	0.600549	1.15317	0	0	0.177819	-0.290877	-0.175544	1.31983	1.16131	0	0
0.295292	0.00213688	-0.289972	-1.5648	0.323915	1.04839	0.0681351	0.217926	0.0646278	0.027939	0.189004	-0.414243	0	0	-0.213429	0.0757436	-0.0262593	0.708466	0.143962	0	0	-0.691636	0.0311173	-0.0613339	-0.069211	-0.212848	-0.0103664	0.596197	1.15319	0	0	0.177783	-0.291011	-0.177949	1.32556	1.16381	0	0
0.299282	0.00193852	-0.290271	-1.56411	0.32364	1.04758	0.074194	0.216068	0.0661165	0.0240663	0.184064	-0.422137	0	0	-0.218936	0.0753097	-0.0237807	0.710102	0.137921	0	0	-0.691091	0.0318102	-0.0618326	-0.0711861	-0.212226	-0.0122163	0.591966	1.15303	0	0	0.177604	-0.290961	-0.180292	1.33097	1.16627	0	0
0.303273	0.00167257	-0.290658	-1.56353	0.323356	1.04679	0.080292	0.214213	0.06766	0.0199771	0.180492	-0.429338	0	0	-0.224534	0.0747977	-0.021483	0.71173	0.131148	0	0	-0.690584	0.0325037	-0.0621382	-0.0731569	-0.211635	-0.013994	0.587866	1.1527	0	0	0.17728	-0.290729	-0.182561	1.33606	1.16868	0	0
0.307263	0.00133832	-0.291135	-1.56307	0.323062	1.04603	0.0864283	0.212378	0.0692514	0.015688	0.17831	-0.435756	0	0	-0.230217	0.0742018	-0.0193809	0.713361	0.123608	0	0	-0.690118	0.033201	-0.0622521	-0.0751268	-0.211074	-0.0156962	0.583906	1.15222	0	0	0.176812	-0.290319	-0.184744	1.34083	1.17102	0	0
0.311254	0.000935473	-0.291707	-1.56272	0.322759	1.0453	0.0926016	0.210583	0.0708828	0.0112186	0.177538	-0.441299	0	0	-0.235978	0.0735158	-0.017487	0.71501	0.115271	0	0	-0.689697	0.0339056	-0.0621772	-0.0770987	-0.210544	-0.0173206	0.580095	1.1516	0	0	0.176199	-0.289739	-0.18683	1.34527	1.1733	0	0
0.315244	0.000464234	-0.292378	-1.56248	0.322447	1.04459	0.0988104	0.208848	0.0725458	0.0065905	0.17819	-0.445875	0	0	-0.241807	0.0727335	-0.0158123	0.716692	0.106109	0	0	-0.689325	0.0346212	-0.0619178	-0.0790758	-0.210046	-0.0188659	0.576445	1.15086	0	0	0.175444	-0.288993	-0.188808	1.34938	1.17551	0	0
0.319234	-7.46884e-05	-0.293151	-1.56232	0.322128	1.04391	0.105053	0.207196	0.0742315	0.00182748	0.180278	-0.449392	0	0	-0.247693	0.0718484	-0.014366	0.718428	0.0960937	0	0	-0.689006	0.0353514	-0.0614792	-0.0810606	-0.209577	-0.020332	0.572965	1.15001	0	0	0.174549	-0.288089	-0.190662	1.35316	1.17764	0	0
0.323225	-0.000680011	-0.294028	-1.56224	0.321802	1.04326	0.111328	0.205648	0.0759302	-0.00304565	0.183807	-0.451765	0	0	-0.25362	0.0708544	-0.0131554	0.720239	0.0852049	0	0	-0.688744	0.0360998	-0.0608681	-0.0830551	-0.209138	-0.0217204	0.569664	1.14908	0	0	0.173516	-0.287037	-0.192382	1.3566	1.1797	0	0
0.327215	-0.00134994	-0.295013	-1.56223	0.321469	1.04264	0.117633	0.204228	0.0776318	-0.00800332	0.188779	-0.452911	0	0	-0.259572	0.069745	-0.0121862	0.72215	0.0734245	0	0	-0.688543	0.0368696	-0.0600915	-0.0850607	-0.208726	-0.0230341	0.566553	1.14808	0	0	0.172352	-0.285844	-0.193953	1.35971	1.18167	0	0
0.331206	-0.00208226	-0.296105	-1.56227	0.321131	1.04206	0.123966	0.202958	0.0793264	-0.01302	0.195187	-0.452757	0	0	-0.265527	0.0685142	-0.0114618	0.72419	0.0607399	0	0	-0.688408	0.0376641	-0.0591573	-0.0870777	-0.20834	-0.0242772	0.563641	1.14704	0	0	0.171062	-0.284521	-0.195363	1.36249	1.18357	0	0
0.335196	-0.00287448	-0.297306	-1.56235	0.320788	1.0415	0.130323	0.201862	0.0810041	-0.0180707	0.20302	-0.451242	0	0	-0.271462	0.067156	-0.0109832	0.72639	0.0471445	0	0	-0.68834	0.0384864	-0.0580739	-0.0891054	-0.207975	-0.0254547	0.560938	1.14597	0	0	0.169655	-0.283078	-0.196598	1.36492	1.18539	0	0
0.339187	-0.0037239	-0.298612	-1.56246	0.320441	1.04098	0.136703	0.200961	0.0826552	-0.0231321	0.212256	-0.448316	0	0	-0.277348	0.0656646	-0.0107484	0.728785	0.0326386	0	0	-0.688344	0.0393393	-0.0568495	-0.0911415	-0.20763	-0.0265724	0.55845	1.14489	0	0	0.168139	-0.281525	-0.197644	1.36701	1.18712	0	0
0.343177	-0.00462765	-0.300021	-1.56259	0.320091	1.04049	0.143103	0.200275	0.0842711	-0.0281832	0.222864	-0.443948	0	0	-0.283151	0.0640348	-0.0107526	0.731414	0.0172301	0	0	-0.68842	0.0402256	-0.0554923	-0.0931829	-0.207302	-0.0276368	0.556187	1.14381	0	0	0.166526	-0.279875	-0.198489	1.36876	1.18878	0	0
0.347167	-0.00558282	-0.301526	-1.56271	0.319739	1.04003	0.149518	0.19982	0.0858436	-0.0332066	0.2348	-0.438125	0	0	-0.288834	0.0622615	-0.0109887	0.734317	0.000936156	0	0	-0.68857	0.0411478	-0.0540101	-0.0952247	-0.206988	-0.0286543	0.554156	1.14274	0	0	0.164828	-0.278136	-0.199119	1.37016	1.19036	0	0
0.351158	-0.00658654	-0.30312	-1.56282	0.319385	1.03961	0.155947	0.199609	0.087366	-0.0381894	0.248007	-0.430852	0	0	-0.294355	0.0603399	-0.0114476	0.73754	-0.016216	0	0	-0.688794	0.0421084	-0.0524106	-0.0972601	-0.206684	-0.0296318	0.552361	1.1417	0	0	0.163059	-0.27632	-0.199522	1.37122	1.19187	0	0
0.355148	-0.00763604	-0.304792	-1.56291	0.319032	1.03922	0.162385	0.199648	0.0888323	-0.043122	0.26241	-0.422157	0	0	-0.299665	0.0582652	-0.0121188	0.74113	-0.034188	0	0	-0.689089	0.0431096	-0.0507013	-0.0992808	-0.20639	-0.0305759	0.550809	1.1407	0	0	0.161235	-0.274435	-0.19969	1.37192	1.1933	0	0
0.359139	-0.00872883	-0.306529	-1.56295	0.318679	1.03887	0.168829	0.199935	0.0902386	-0.0479979	0.277914	-0.41209	0	0	-0.304713	0.0560326	-0.0129905	0.745138	-0.0529291	0	0	-0.689455	0.0441539	-0.0488895	-0.101276	-0.206102	-0.031493	0.549504	1.13973	0	0	0.159372	-0.272491	-0.199613	1.37228	1.19468	0	0
0.363129	-0.00986279	-0.308316	-1.56296	0.318327	1.03855	0.175276	0.200459	0.091583	-0.0528113	0.294406	-0.400721	0	0	-0.309441	0.0536371	-0.0140493	0.749619	-0.0723757	0	0	-0.689886	0.0452436	-0.0469824	-0.103234	-0.20582	-0.0323884	0.548446	1.1388	0	0	0.157488	-0.270495	-0.199285	1.37228	1.19599	0	0
0.36712	-0.0110362	-0.310136	-1.5629	0.317978	1.03826	0.181722	0.2012	0.092866	-0.0575554	0.311748	-0.388146	0	0	-0.313787	0.0510743	-0.0152798	0.754628	-0.0924503	0	0	-0.690378	0.0463812	-0.0449872	-0.105138	-0.205541	-0.0332653	0.547636	1.13792	0	0	0.1556	-0.268456	-0.198702	1.37193	1.19725	0	0
0.37111	-0.0122475	-0.311972	-1.56278	0.317633	1.03801	0.188164	0.202126	0.0940909	-0.0622205	0.329783	-0.374487	0	0	-0.317689	0.0483409	-0.0166652	0.760222	-0.113061	0	0	-0.690925	0.0475685	-0.0429104	-0.106973	-0.205267	-0.0341254	0.547072	1.13708	0	0	0.153725	-0.266379	-0.19786	1.37122	1.19847	0	0
0.3751	-0.0134952	-0.313803	-1.5626	0.317293	1.03779	0.194598	0.203195	0.0952634	-0.0667925	0.348332	-0.35989	0	0	-0.321083	0.0454347	-0.0181875	0.766458	-0.134104	0	0	-0.691519	0.0488068	-0.0407586	-0.108721	-0.204996	-0.034968	0.546751	1.1363	0	0	0.151879	-0.264271	-0.19676	1.37016	1.19965	0	0
0.379091	-0.0147769	-0.315611	-1.56233	0.316957	1.0376	0.20102	0.204365	0.0963893	-0.0712585	0.367225	-0.344497	0	0	-0.323908	0.0423542	-0.0198314	0.773381	-0.155475	0	0	-0.692154	0.0500959	-0.0385383	-0.110362	-0.204729	-0.035791	0.546668	1.13555	0	0	0.150078	-0.262137	-0.195404	1.36874	1.2008	0	0
0.383081	-0.0160895	-0.317376	-1.56199	0.316628	1.03745	0.207428	0.205599	0.0974741	-0.0756054	0.386302	-0.328443	0	0	-0.326108	0.0390987	-0.0215836	0.781034	-0.177068	0	0	-0.692823	0.051434	-0.0362568	-0.111877	-0.204469	-0.0365904	0.546817	1.13486	0	0	0.148337	-0.259981	-0.193795	1.36696	1.20193	0	0
0.387072	-0.0174288	-0.319081	-1.56157	0.316307	1.03734	0.213819	0.20686	0.0985228	-0.0798207	0.40541	-0.311862	0	0	-0.327631	0.0356681	-0.0234334	0.789448	-0.198772	0	0	-0.693518	0.0528183	-0.0339226	-0.113246	-0.204215	-0.0373603	0.54719	1.1342	0	0	0.146666	-0.25781	-0.19194	1.36483	1.20304	0	0
0.391062	-0.0187896	-0.320707	-1.56107	0.315993	1.03725	0.220188	0.208115	0.0995402	-0.0838927	0.424407	-0.294881	0	0	-0.328429	0.0320635	-0.0253728	0.798649	-0.220473	0	0	-0.69423	0.0542442	-0.0315452	-0.114448	-0.203971	-0.0380932	0.547778	1.13359	0	0	0.145075	-0.255626	-0.189846	1.36234	1.20413	0	0
0.395053	-0.0201657	-0.322239	-1.56049	0.315687	1.0372	0.226535	0.209332	0.10053	-0.0878116	0.443159	-0.277626	0	0	-0.328457	0.0282861	-0.0273963	0.808656	-0.242051	0	0	-0.694952	0.055706	-0.0291355	-0.115465	-0.203738	-0.0387806	0.548573	1.13302	0	0	0.143573	-0.253434	-0.187523	1.35951	1.20521	0	0
0.399043	-0.0215495	-0.323659	-1.55982	0.315391	1.03719	0.232857	0.210484	0.101494	-0.0915707	0.461549	-0.260215	0	0	-0.327677	0.024338	-0.029501	0.81948	-0.263385	0	0	-0.695674	0.0571968	-0.0267059	-0.116278	-0.203517	-0.0394139	0.549565	1.13249	0	0	0.142163	-0.25124	-0.184982	1.35633	1.2063	0	0
0.403033	-0.0229327	-0.324953	-1.55906	0.315105	1.0372	0.23915	0.211547	0.102433	-0.0951663	0.479471	-0.242758	0	0	-0.326057	0.0202216	-0.0316873	0.831123	-0.284347	0	0	-0.696387	0.0587086	-0.0242699	-0.11687	-0.20331	-0.0399841	0.550743	1.13201	0	0	0.14085	-0.249048	-0.182234	1.35281	1.20737	0	0
0.407024	-0.0243057	-0.326109	-1.55822	0.314829	1.03725	0.245414	0.212501	0.103346	-0.0985975	0.496836	-0.225356	0	0	-0.323568	0.0159396	-0.0339584	0.843578	-0.304813	0	0	-0.69708	0.0602323	-0.0218423	-0.117226	-0.203119	-0.0404828	0.552099	1.13156	0	0	0.139634	-0.246862	-0.179292	1.34896	1.20845	0	0
0.411014	-0.025658	-0.327116	-1.55729	0.314563	1.03733	0.251647	0.213329	0.10423	-0.101865	0.513568	-0.208104	0	0	-0.320192	0.0114953	-0.0363202	0.856828	-0.324658	0	0	-0.697746	0.061758	-0.0194386	-0.117335	-0.202944	-0.0409016	0.553622	1.13116	0	0	0.138513	-0.244689	-0.176167	1.34479	1.20953	0	0
0.415005	-0.0269786	-0.327966	-1.55626	0.314308	1.03745	0.257847	0.214019	0.10508	-0.104971	0.529607	-0.191082	0	0	-0.315917	0.00689238	-0.0387808	0.870849	-0.34376	0	0	-0.698375	0.0632749	-0.0170747	-0.117185	-0.202787	-0.0412325	0.555305	1.1308	0	0	0.137483	-0.242533	-0.172873	1.34029	1.21061	0	0
0.418995	-0.0282565	-0.328653	-1.55514	0.314064	1.0376	0.264013	0.214559	0.105892	-0.107918	0.544905	-0.174364	0	0	-0.310738	0.00213524	-0.0413496	0.885604	-0.362	0	0	-0.698958	0.0647716	-0.0147663	-0.116769	-0.202647	-0.0414677	0.557139	1.13047	0	0	0.136538	-0.240402	-0.169421	1.33548	1.21168	0	0
0.422986	-0.0294807	-0.329172	-1.55393	0.313831	1.03778	0.270144	0.21494	0.10666	-0.11071	0.559426	-0.158013	0	0	-0.304659	-0.00277122	-0.0440369	0.901047	-0.379265	0	0	-0.699489	0.0662369	-0.0125279	-0.116081	-0.202525	-0.0416004	0.559117	1.13019	0	0	0.13567	-0.238299	-0.165825	1.33037	1.21274	0	0
0.426976	-0.0306411	-0.329523	-1.55263	0.313607	1.03799	0.276239	0.215154	0.10738	-0.113351	0.573145	-0.142081	0	0	-0.297694	-0.00782121	-0.0468523	0.917125	-0.395451	0	0	-0.699961	0.0676592	-0.0103729	-0.115119	-0.202422	-0.0416245	0.561234	1.12994	0	0	0.13487	-0.236232	-0.162096	1.32496	1.2138	0	0
0.430967	-0.0317282	-0.329709	-1.55124	0.313394	1.03824	0.282299	0.215192	0.108046	-0.115843	0.586047	-0.126612	0	0	-0.289865	-0.0130079	-0.0498045	0.933771	-0.410459	0	0	-0.70037	0.0690275	-0.0083121	-0.113882	-0.202338	-0.0415348	0.563483	1.12972	0	0	0.134127	-0.234204	-0.158246	1.31926	1.21483	0	0
0.434957	-0.0327341	-0.329733	-1.54976	0.313189	1.03852	0.288321	0.215045	0.108656	-0.11819	0.598122	-0.111639	0	0	-0.281202	-0.018323	-0.0529	0.950912	-0.424202	0	0	-0.700713	0.0703312	-0.0063539	-0.112373	-0.202274	-0.0413281	0.565861	1.12954	0	0	0.13343	-0.232221	-0.154285	1.31329	1.21585	0	0
0.438947	-0.0336523	-0.329604	-1.5482	0.312993	1.03883	0.294306	0.214703	0.109207	-0.120396	0.60937	-0.097188	0	0	-0.271746	-0.0237566	-0.0561422	0.968468	-0.436602	0	0	-0.700993	0.0715606	-0.00450364	-0.110597	-0.202231	-0.0410027	0.568365	1.12938	0	0	0.132766	-0.230285	-0.150224	1.30704	1.21684	0	0
0.442938	-0.0344781	-0.329334	-1.54657	0.312804	1.03918	0.300252	0.214153	0.109699	-0.122463	0.619795	-0.0832765	0	0	-0.261543	-0.0292969	-0.0595306	0.98635	-0.447592	0	0	-0.701212	0.0727068	-0.00276371	-0.108561	-0.202209	-0.0405586	0.570995	1.12926	0	0	0.132123	-0.2284	-0.146071	1.30054	1.2178	0	0
0.446928	-0.0352086	-0.328937	-1.54488	0.31262	1.03956	0.306159	0.213382	0.110133	-0.124391	0.629405	-0.0699148	0	0	-0.25065	-0.034929	-0.0630594	1.00447	-0.457119	0	0	-0.701377	0.0737623	-0.00113353	-0.106273	-0.20221	-0.039998	0.57375	1.12916	0	0	0.131489	-0.226569	-0.141834	1.29378	1.21872	0	0
0.450919	-0.0358425	-0.32843	-1.54314	0.31244	1.03997	0.312027	0.212373	0.110512	-0.126182	0.638211	-0.0571072	0	0	-0.239129	-0.0406352	-0.0667169	1.02272	-0.46514	0	0	-0.701496	0.0747203	0.000390552	-0.103744	-0.202235	-0.0393254	0.576633	1.12909	0	0	0.130851	-0.224791	-0.137521	1.28678	1.2196	0	0
0.454909	-0.0363796	-0.327832	-1.54135	0.312262	1.04041	0.317853	0.211108	0.11084	-0.127835	0.646227	-0.044853	0	0	-0.227045	-0.0463936	-0.0704853	1.04101	-0.471626	0	0	-0.701581	0.0755748	0.00181486	-0.100988	-0.202284	-0.038548	0.579648	1.12905	0	0	0.130199	-0.223067	-0.13314	1.27953	1.22043	0	0
0.4589	-0.0368209	-0.327165	-1.53954	0.312084	1.04089	0.323636	0.209569	0.111123	-0.129348	0.653472	-0.0331471	0	0	-0.214472	-0.0521783	-0.0743399	1.05923	-0.476563	0	0	-0.701645	0.0763206	0.00314784	-0.0980186	-0.20236	-0.0376749	0.582799	1.12904	0	0	0.129521	-0.221398	-0.128697	1.27206	1.22121	0	0
0.46289	-0.037168	-0.32645	-1.53772	0.311903	1.0414	0.329373	0.207735	0.111365	-0.130718	0.659962	-0.021981	0	0	-0.201481	-0.0579593	-0.0782504	1.07729	-0.479953	0	0	-0.701702	0.0769527	0.00439958	-0.0948514	-0.202462	-0.0367174	0.586094	1.12906	0	0	0.128807	-0.21978	-0.124199	1.26437	1.22193	0	0
0.46688	-0.0374227	-0.32571	-1.5359	0.311717	1.04194	0.335063	0.205588	0.111573	-0.131941	0.665719	-0.0113437	0	0	-0.188148	-0.0637026	-0.0821814	1.09509	-0.481814	0	0	-0.701767	0.0774664	0.00558155	-0.0915029	-0.202593	-0.0356883	0.589541	1.12911	0	0	0.128046	-0.218211	-0.119654	1.25646	1.22259	0	0
0.470871	-0.0375873	-0.324966	-1.53409	0.311522	1.04251	0.3407	0.20311	0.111752	-0.133012	0.670765	-0.00122206	0	0	-0.174547	-0.0693702	-0.0860938	1.11253	-0.482183	0	0	-0.701854	0.0778572	0.00670618	-0.0879903	-0.202752	-0.0346016	0.593147	1.1292	0	0	0.127231	-0.216688	-0.115071	1.24834	1.22319	0	0
0.474861	-0.0376638	-0.324239	-1.53232	0.311315	1.04312	0.346283	0.200287	0.111907	-0.133926	0.675124	0.00839858	0	0	-0.16075	-0.0749214	-0.0899456	1.12952	-0.481109	0	0	-0.701978	0.0781204	0.00778649	-0.0843314	-0.202941	-0.0334721	0.596923	1.12932	0	0	0.126352	-0.215206	-0.110459	1.24002	1.22371	0	0
0.478852	-0.0376539	-0.323548	-1.5306	0.311092	1.04375	0.351804	0.197105	0.112041	-0.134677	0.678821	0.0175338	0	0	-0.146826	-0.0803127	-0.093694	1.14597	-0.47866	0	0	-0.70215	0.0782514	0.00883557	-0.0805443	-0.203161	-0.0323146	0.600879	1.12947	0	0	0.125402	-0.213758	-0.105828	1.23151	1.22417	0	0
0.482842	-0.037559	-0.322909	-1.52894	0.310849	1.04442	0.357259	0.193556	0.112159	-0.135258	0.681883	0.0262001	0	0	-0.132843	-0.0854992	-0.0972963	1.1618	-0.474913	0	0	-0.702381	0.0782452	0.00986606	-0.0766471	-0.203412	-0.0311445	0.605024	1.12967	0	0	0.124375	-0.212338	-0.101192	1.2228	1.22456	0	0
0.486833	-0.0373801	-0.322336	-1.52736	0.310581	1.04512	0.362639	0.189636	0.112262	-0.135663	0.68434	0.0344143	0	0	-0.118862	-0.0904358	-0.100711	1.17693	-0.469958	0	0	-0.702678	0.0780973	0.0108896	-0.0726573	-0.203694	-0.0299766	0.609371	1.1299	0	0	0.123265	-0.210939	-0.0965622	1.21391	1.22488	0	0
0.490823	-0.0371178	-0.321841	-1.52587	0.310285	1.04584	0.367938	0.185342	0.112351	-0.135888	0.68622	0.042194	0	0	-0.104941	-0.0950783	-0.103901	1.19129	-0.46389	0	0	-0.703049	0.0778033	0.0119165	-0.0685923	-0.204008	-0.0288254	0.613929	1.13017	0	0	0.122066	-0.209555	-0.091952	1.20485	1.22513	0	0
0.494813	-0.0367724	-0.321431	-1.52448	0.309954	1.0466	0.373147	0.180679	0.112426	-0.135927	0.687557	0.049557	0	0	-0.0911325	-0.0993848	-0.106832	1.20482	-0.45681	0	0	-0.703497	0.0773591	0.0129564	-0.0644688	-0.204352	-0.0277048	0.618708	1.13049	0	0	0.120772	-0.208178	-0.0873738	1.19561	1.2253	0	0
0.498804	-0.0363442	-0.321114	-1.52321	0.309585	1.04739	0.378254	0.175653	0.112486	-0.135777	0.688382	0.0565211	0	0	-0.0774832	-0.103317	-0.109474	1.21745	-0.448822	0	0	-0.704024	0.0767606	0.0140177	-0.0603029	-0.204728	-0.0266278	0.623718	1.13085	0	0	0.119381	-0.206804	-0.0828391	1.18621	1.22541	0	0
0.502794	-0.0358309	-0.320882	-1.52205	0.30922	1.04822	0.383349	0.170274	0.112528	-0.135437	0.688731	0.0631044	0	0	-0.0640357	-0.10684	-0.111805	1.22914	-0.440027	0	0	-0.704633	0.0760061	0.0151084	-0.0561089	-0.205134	-0.0256062	0.628969	1.13125	0	0	0.117888	-0.205425	-0.0783594	1.17666	1.22543	0	0
0.506785	-0.0352316	-0.320735	-1.52103	0.308862	1.04909	0.388435	0.164558	0.112552	-0.134906	0.688637	0.0693248	0	0	-0.0508237	-0.109925	-0.113808	1.23983	-0.430524	0	0	-0.70532	0.075094	0.0162354	-0.0519004	-0.205571	-0.02465	0.634466	1.1317	0	0	0.116291	-0.204036	-0.0739464	1.16695	1.22537	0	0
0.510775	-0.0345456	-0.32067	-1.52015	0.30851	1.04999	0.393514	0.158525	0.112553	-0.134184	0.688134	0.0751995	0	0	-0.0378749	-0.112548	-0.115473	1.24951	-0.420411	0	0	-0.706078	0.0740231	0.0174045	-0.0476892	-0.206039	-0.0237675	0.640216	1.13219	0	0	0.114591	-0.20263	-0.0696111	1.1571	1.22523	0	0
0.514766	-0.0337725	-0.320684	-1.5194	0.308165	1.05093	0.398587	0.152197	0.112528	-0.133272	0.687258	0.0807454	0	0	-0.0252116	-0.114692	-0.116796	1.25813	-0.40978	0	0	-0.706902	0.072793	0.0186206	-0.0434853	-0.206537	-0.0229641	0.646222	1.13272	0	0	0.112785	-0.201202	-0.0653637	1.1471	1.225	0	0
0.518756	-0.0329127	-0.32077	-1.51881	0.307828	1.0519	0.403657	0.1456	0.112475	-0.132175	0.686042	0.0859788	0	0	-0.0128516	-0.116345	-0.117778	1.26567	-0.398718	0	0	-0.707783	0.0714043	0.0198875	-0.0392974	-0.207067	-0.0222427	0.652486	1.13329	0	0	0.110876	-0.199746	-0.0612131	1.13698	1.22467	0	0
0.522746	-0.0319669	-0.320921	-1.51836	0.307499	1.0529	0.408726	0.13876	0.112389	-0.130896	0.684521	0.0909157	0	0	-0.000808227	-0.117501	-0.118427	1.27211	-0.387304	0	0	-0.708711	0.0698582	0.0212084	-0.0351324	-0.20763	-0.0216042	0.659007	1.1339	0	0	0.108861	-0.19826	-0.0571678	1.12673	1.22424	0	0
0.526737	-0.0309368	-0.32113	-1.51807	0.30718	1.05392	0.413793	0.131704	0.112268	-0.129442	0.682728	0.0955712	0	0	0.0109081	-0.118162	-0.118758	1.27745	-0.375614	0	0	-0.709676	0.0681571	0.0225855	-0.0309963	-0.208225	-0.0210479	0.665785	1.13453	0	0	0.106744	-0.196738	-0.0532351	1.11636	1.2237	0	0
0.530727	-0.0298249	-0.321388	-1.51793	0.306869	1.05496	0.418861	0.12446	0.112108	-0.127818	0.680696	0.0999604	0	0	0.0222898	-0.118334	-0.118789	1.28167	-0.363716	0	0	-0.710671	0.0663045	0.024021	-0.0268944	-0.208855	-0.0205715	0.67282	1.13519	0	0	0.104525	-0.195178	-0.0494213	1.10589	1.22305	0	0
0.534718	-0.0286346	-0.321687	-1.51794	0.306567	1.05602	0.423929	0.117055	0.111907	-0.126033	0.678458	0.104098	0	0	0.0333314	-0.118031	-0.118543	1.28477	-0.351671	0	0	-0.711685	0.0643051	0.0255167	-0.0228314	-0.209521	-0.0201719	0.68011	1.13587	0	0	0.102207	-0.193577	-0.0457315	1.09531	1.22229	0	0
0.538708	-0.02737	-0.322019	-1.51811	0.306274	1.05709	0.428999	0.109515	0.111664	-0.124094	0.676045	0.107998	0	0	0.0440293	-0.11727	-0.118048	1.28676	-0.339538	0	0	-0.712711	0.062165	0.0270739	-0.0188123	-0.210226	-0.019845	0.687656	1.13656	0	0	0.0997919	-0.191933	-0.0421692	1.08464	1.22141	0	0
0.542699	-0.0260362	-0.322376	-1.51842	0.305991	1.05816	0.434071	0.101867	0.111377	-0.122013	0.673485	0.111674	0	0	0.0543822	-0.116076	-0.117335	1.28764	-0.327367	0	0	-0.713741	0.0598921	0.0286932	-0.0148417	-0.210973	-0.0195872	0.69546	1.13727	0	0	0.0972841	-0.190244	-0.0387369	1.07389	1.2204	0	0
0.546689	-0.0246392	-0.32275	-1.51888	0.305717	1.05924	0.439144	0.0941343	0.111047	-0.119801	0.670809	0.11514	0	0	0.0643912	-0.114478	-0.116434	1.28741	-0.315206	0	0	-0.714769	0.0574961	0.0303738	-0.0109236	-0.211763	-0.0193949	0.703525	1.13798	0	0	0.0946883	-0.18851	-0.0354363	1.06306	1.21927	0	0
0.550679	-0.0231856	-0.323134	-1.51948	0.305452	1.06031	0.444218	0.0863431	0.110674	-0.117472	0.668041	0.118409	0	0	0.0740599	-0.112509	-0.115378	1.28609	-0.303098	0	0	-0.715788	0.0549885	0.032113	-0.00706117	-0.212599	-0.0192644	0.711852	1.13869	0	0	0.0920103	-0.186729	-0.0322682	1.05216	1.21801	0	0
0.55467	-0.0216829	-0.323519	-1.5202	0.305197	1.06138	0.449294	0.078517	0.11026	-0.11504	0.665208	0.121494	0	0	0.0833938	-0.110206	-0.114199	1.2837	-0.291083	0	0	-0.716795	0.0523828	0.0339065	-0.0032562	-0.213484	-0.0191915	0.720445	1.13939	0	0	0.0892564	-0.184903	-0.0292331	1.0412	1.21661	0	0
0.55866	-0.0201393	-0.3239	-1.52105	0.304951	1.06244	0.45437	0.0706776	0.109808	-0.112523	0.662331	0.124407	0	0	0.0923986	-0.107608	-0.112929	1.28025	-0.279198	0	0	-0.717784	0.0496933	0.03575	0.000489651	-0.21442	-0.0191716	0.729305	1.14008	0	0	0.0864328	-0.183032	-0.0263311	1.03019	1.21509	0	0
0.562651	-0.0185635	-0.324271	-1.522	0.304716	1.06349	0.459446	0.0628444	0.109319	-0.109937	0.659433	0.127161	0	0	0.101079	-0.104754	-0.111598	1.27576	-0.267474	0	0	-0.718752	0.0469347	0.0376394	0.00417476	-0.215411	-0.0191994	0.738435	1.14075	0	0	0.0835456	-0.181116	-0.0235616	1.01914	1.21343	0	0
0.566641	-0.016965	-0.324628	-1.52306	0.30449	1.06452	0.464522	0.0550343	0.108798	-0.107298	0.656534	0.129767	0	0	0.10944	-0.101684	-0.110236	1.27025	-0.255943	0	0	-0.719698	0.0441223	0.039571	0.00779764	-0.21646	-0.0192693	0.747837	1.14139	0	0	0.0806004	-0.179158	-0.0209233	1.00805	1.21163	0	0
0.570632	-0.0153534	-0.324968	-1.52421	0.304274	1.06553	0.469596	0.0472623	0.108249	-0.104622	0.653652	0.132239	0	0	0.117485	-0.0984376	-0.108872	1.26373	-0.244629	0	0	-0.720621	0.0412714	0.0415418	0.0113571	-0.217571	-0.019375	0.757512	1.14199	0	0	0.0776026	-0.177157	-0.0184141	0.996928	1.2097	0	0
0.574622	-0.0137389	-0.325289	-1.52545	0.304067	1.06651	0.474669	0.0395412	0.107676	-0.101924	0.650804	0.134587	0	0	0.125216	-0.0950552	-0.107531	1.25624	-0.233558	0	0	-0.721521	0.0383974	0.043549	0.014852	-0.218748	-0.0195101	0.767461	1.14254	0	0	0.0745575	-0.175114	-0.0160307	0.985789	1.20763	0	0
0.578612	-0.0121321	-0.325588	-1.52677	0.30387	1.06747	0.47974	0.0318825	0.107084	-0.0992196	0.648006	0.136823	0	0	0.132637	-0.0915744	-0.106238	1.24778	-0.222752	0	0	-0.722398	0.0355155	0.0455903	0.0182817	-0.219996	-0.0196683	0.777685	1.14303	0	0	0.0714704	-0.173032	-0.0137687	0.974638	1.20543	0	0
0.582603	-0.0105434	-0.325865	-1.52817	0.303683	1.0684	0.484808	0.0242959	0.10648	-0.0965211	0.645273	0.138958	0	0	0.139751	-0.0880319	-0.105012	1.23839	-0.21223	0	0	-0.723252	0.0326409	0.0476639	0.0216454	-0.221318	-0.0198437	0.788183	1.14346	0	0	0.0683462	-0.170911	-0.0116227	0.963482	1.20309	0	0
0.586593	-0.00898341	-0.32612	-1.52963	0.303506	1.0693	0.489874	0.0167904	0.105868	-0.0938411	0.642619	0.141003	0	0	0.146559	-0.0844624	-0.10387	1.22807	-0.202011	0	0	-0.724086	0.0297882	0.0497685	0.024943	-0.222719	-0.0200304	0.798954	1.14382	0	0	0.0651894	-0.168754	-0.00958625	0.95233	1.20062	0	0
0.590584	-0.00746275	-0.326351	-1.53117	0.303338	1.07017	0.494937	0.00937363	0.105255	-0.0911902	0.640058	0.142965	0	0	0.153065	-0.0808981	-0.102825	1.21686	-0.19211	0	0	-0.724901	0.0269719	0.0519032	0.0281743	-0.224202	-0.0202232	0.809995	1.14411	0	0	0.0620045	-0.166564	-0.00765167	0.941189	1.19802	0	0
0.594574	-0.00599184	-0.326558	-1.53276	0.30318	1.07099	0.499997	0.0020528	0.104648	-0.0885775	0.637601	0.144854	0	0	0.159271	-0.0773684	-0.101885	1.20477	-0.182541	0	0	-0.725697	0.0242054	0.0540679	0.0313401	-0.22577	-0.0204174	0.821302	1.14431	0	0	0.0587955	-0.164342	-0.00581045	0.93007	1.19529	0	0
0.598565	-0.00458133	-0.326741	-1.5344	0.30303	1.07178	0.505053	-0.00516558	0.104053	-0.0860103	0.635261	0.146677	0	0	0.16518	-0.0739	-0.101056	1.19183	-0.173315	0	0	-0.726477	0.0215017	0.0562628	0.0344416	-0.227425	-0.0206095	0.832867	1.14444	0	0	0.0555662	-0.162093	-0.00405317	0.918981	1.19244	0	0
0.602555	-0.00324182	-0.3269	-1.5361	0.30289	1.07253	0.510105	-0.0122757	0.103478	-0.0834943	0.63305	0.14844	0	0	0.170796	-0.0705161	-0.100337	1.17805	-0.164443	0	0	-0.727242	0.0188727	0.0584885	0.0374802	-0.229168	-0.0207969	0.844684	1.14448	0	0	0.05232	-0.159819	-0.00236945	0.907931	1.18947	0	0
0.606545	-0.00198376	-0.327036	-1.53784	0.302759	1.07323	0.515153	-0.0192731	0.102928	-0.0810334	0.630976	0.15015	0	0	0.176122	-0.0672367	-0.0997243	1.16346	-0.155932	0	0	-0.727993	0.0163289	0.0607464	0.0404574	-0.231001	-0.0209783	0.856742	1.14444	0	0	0.0490595	-0.157523	-0.000747883	0.896931	1.18638	0	0
0.610536	-0.000817713	-0.327149	-1.53963	0.302638	1.07389	0.520197	-0.0261555	0.10241	-0.0786292	0.62905	0.151813	0	0	0.181159	-0.0640778	-0.0992095	1.14808	-0.147786	0	0	-0.728732	0.0138789	0.0630391	0.0433742	-0.232922	-0.0211538	0.86903	1.14433	0	0	0.0457861	-0.155211	0.000823773	0.885993	1.18318	0	0
0.614526	0.000248261	-0.327241	-1.54147	0.302526	1.0745	0.525239	-0.032923	0.10193	-0.076281	0.627278	0.153434	0	0	0.185909	-0.0610522	-0.0987824	1.13193	-0.140008	0	0	-0.729461	0.0115299	0.0653713	0.0462312	-0.234933	-0.0213245	0.881537	1.14416	0	0	0.0425005	-0.152884	0.00235761	0.875124	1.17988	0	0
0.618517	0.00120696	-0.327314	-1.54335	0.302423	1.07507	0.530278	-0.0395766	0.101493	-0.0739864	0.625666	0.15502	0	0	0.190371	-0.0581698	-0.0984296	1.11504	-0.132597	0	0	-0.73018	0.0092882	0.0677482	0.0490287	-0.237032	-0.0214932	0.894248	1.14393	0	0	0.0392032	-0.150546	0.00386496	0.864336	1.17648	0	0
0.622507	0.00205098	-0.327369	-1.54527	0.302329	1.07558	0.535315	-0.046118	0.101105	-0.071742	0.624218	0.156576	0	0	0.194547	-0.0554374	-0.0981345	1.09743	-0.125553	0	0	-0.730891	0.00715862	0.0701748	0.051767	-0.239216	-0.0216635	0.907148	1.14365	0	0	0.0358947	-0.148198	0.00535632	0.853636	1.17299	0	0
0.626498	0.00277298	-0.327406	-1.54724	0.302243	1.07605	0.540351	-0.0525491	0.100769	-0.0695433	0.622939	0.158109	0	0	0.198441	-0.052859	-0.0978777	1.07913	-0.118873	0	0	-0.731593	0.00514492	0.0726557	0.0544464	-0.241485	-0.0218398	0.920222	1.14335	0	0	0.0325755	-0.145843	0.00684125	0.843032	1.16944	0	0
0.630488	0.00336718	-0.327427	-1.54926	0.302166	1.07646	0.545387	-0.0588722	0.10049	-0.0673847	0.62183	0.159624	0	0	0.202056	-0.0504363	-0.0976375	1.06015	-0.112554	0	0	-0.732286	0.00324987	0.075196	0.0570662	-0.243833	-0.0220278	0.933454	1.14303	0	0	0.0292459	-0.143481	0.00832844	0.832532	1.16582	0	0
0.634478	0.0038295	-0.327432	-1.55133	0.302098	1.07683	0.550423	-0.0650901	0.10027	-0.0652599	0.620892	0.161127	0	0	0.205397	-0.0481684	-0.0973905	1.04054	-0.106592	0	0	-0.732969	0.00147529	0.0778008	0.0596257	-0.246259	-0.0222339	0.946826	1.14271	0	0	0.0259061	-0.141114	0.0098257	0.822143	1.16217	0	0
0.638469	0.0041572	-0.327422	-1.55345	0.302039	1.07714	0.55546	-0.0712057	0.100111	-0.0631618	0.620128	0.162622	0	0	0.208468	-0.0460525	-0.0971118	1.02032	-0.10098	0	0	-0.73364	-0.000178095	0.0804752	0.0621233	-0.248757	-0.0224655	0.960324	1.14242	0	0	0.022556	-0.138741	0.0113399	0.81187	1.15849	0	0
0.642459	0.00434869	-0.327397	-1.55562	0.301988	1.0774	0.560499	-0.0772219	0.100016	-0.0610822	0.619537	0.164115	0	0	0.211277	-0.0440835	-0.0967753	0.999518	-0.0957122	0	0	-0.734298	-0.00171065	0.0832241	0.0645573	-0.251323	-0.0227302	0.973929	1.14215	0	0	0.0191955	-0.136363	0.0128765	0.801718	1.15482	0	0
0.64645	0.00440358	-0.327357	-1.55785	0.301946	1.0776	0.565541	-0.0831422	0.099984	-0.0590125	0.619118	0.165611	0	0	0.213831	-0.0422551	-0.0963538	0.97818	-0.0907826	0	0	-0.734939	-0.00312372	0.0860521	0.0669257	-0.253952	-0.0230365	0.987626	1.14195	0	0	0.0158242	-0.13398	0.0144395	0.791694	1.15116	0	0
0.65044	0.00432263	-0.327303	-1.56014	0.301912	1.07775	0.570588	-0.0889701	0.100015	-0.0569434	0.618872	0.167112	0	0	0.216139	-0.0405591	-0.0958195	0.956343	-0.0861833	0	0	-0.735562	-0.00441934	0.0889627	0.0692258	-0.256637	-0.0233929	1.0014	1.14181	0	0	0.0124413	-0.13159	0.0160311	0.781802	1.14755	0	0
0.654431	0.00410777	-0.327235	-1.56249	0.301887	1.07785	0.575641	-0.0947101	0.100109	-0.0548664	0.618796	0.168623	0	0	0.21821	-0.0389864	-0.0951442	0.934048	-0.0819062	0	0	-0.736164	-0.00559983	0.0919575	0.0714546	-0.259372	-0.0238081	1.01523	1.14176	0	0	0.00904558	-0.129195	0.017652	0.772047	1.144	0	0
0.658421	0.00376209	-0.327155	-1.5649	0.301871	1.07789	0.580701	-0.100368	0.100265	-0.0527733	0.618889	0.170149	0	0	0.220054	-0.0375269	-0.0943001	0.911343	-0.0779424	0	0	-0.736742	-0.00666741	0.0950357	0.0736086	-0.262149	-0.0242903	1.02909	1.14181	0	0	0.0056354	-0.126793	0.0193016	0.762436	1.14052	0	0
0.662411	0.00328979	-0.327064	-1.56736	0.301864	1.07789	0.585769	-0.105949	0.100481	-0.050658	0.619148	0.171691	0	0	0.221682	-0.0361699	-0.0932605	0.888276	-0.0742823	0	0	-0.737293	-0.00762426	0.0981936	0.0756839	-0.264959	-0.0248472	1.04298	1.14198	0	0	0.00220847	-0.124388	0.0209782	0.752975	1.13715	0	0
0.666402	0.00269604	-0.326964	-1.56986	0.301867	1.07782	0.590848	-0.11146	0.100756	-0.0485149	0.619567	0.173254	0	0	0.223107	-0.0349047	-0.0920006	0.864901	-0.0709157	0	0	-0.737815	-0.00847282	0.101426	0.0776766	-0.267793	-0.0254861	1.05688	1.14226	0	0	-0.00123748	-0.121978	0.0226788	0.74367	1.1339	0	0
0.670392	0.00198687	-0.326857	-1.5724	0.301879	1.07771	0.595938	-0.116909	0.101087	-0.0463395	0.620144	0.174838	0	0	0.224342	-0.0337205	-0.0904989	0.841274	-0.0678323	0	0	-0.738306	-0.00921592	0.104727	0.0795826	-0.270641	-0.0262152	1.07076	1.14268	0	0	-0.00470438	-0.119568	0.0243987	0.734527	1.13078	0	0
0.674383	0.00116925	-0.326744	-1.57498	0.301902	1.07754	0.601042	-0.122301	0.101471	-0.0441277	0.620873	0.176444	0	0	0.225402	-0.0326074	-0.0887381	0.817454	-0.0650212	0	0	-0.738764	-0.00985686	0.108089	0.081398	-0.273491	-0.0270424	1.08461	1.14324	0	0	-0.00819345	-0.117157	0.026132	0.725551	1.12781	0	0
0.678373	0.000251091	-0.326627	-1.57758	0.301936	1.07732	0.60616	-0.127641	0.101904	-0.0418753	0.621749	0.178071	0	0	0.226302	-0.0315562	-0.0867065	0.793503	-0.0624719	0	0	-0.739185	-0.0103997	0.111507	0.0831201	-0.276334	-0.027974	1.09842	1.14393	0	0	-0.0117049	-0.114747	0.0278715	0.716747	1.125	0	0
0.682364	-0.000758798	-0.326508	-1.5802	0.301981	1.07706	0.611295	-0.132931	0.102382	-0.0395778	0.62277	0.179714	0	0	0.227062	-0.0305592	-0.0843986	0.769485	-0.0601742	0	0	-0.739567	-0.0108496	0.114974	0.084748	-0.279158	-0.029014	1.11216	1.14478	0	0	-0.0152382	-0.11234	0.0296096	0.708122	1.12236	0	0
0.686354	-0.00185083	-0.326385	-1.58283	0.302037	1.07674	0.616446	-0.138172	0.102901	-0.0372306	0.623929	0.181369	0	0	0.227701	-0.0296099	-0.0818157	0.745467	-0.0581184	0	0	-0.739908	-0.0112121	0.118485	0.0862819	-0.281954	-0.030165	1.12583	1.14578	0	0	-0.018792	-0.109937	0.0313386	0.699679	1.11992	0	0
0.690344	-0.00301492	-0.326259	-1.58548	0.302104	1.07638	0.621616	-0.143365	0.103457	-0.0348289	0.625224	0.183029	0	0	0.228238	-0.0287028	-0.0789659	0.721517	-0.0562951	0	0	-0.740205	-0.0114939	0.122033	0.0877229	-0.284713	-0.0314275	1.13939	1.14693	0	0	-0.0223648	-0.107541	0.0330514	0.691427	1.11767	0	0
0.694335	-0.00424082	-0.32613	-1.58814	0.302183	1.07597	0.626805	-0.148511	0.104044	-0.032368	0.62665	0.184686	0	0	0.228693	-0.0278333	-0.0758638	0.697702	-0.0546959	0	0	-0.740458	-0.0117022	0.125611	0.0890726	-0.287425	-0.0328016	1.15285	1.14825	0	0	-0.0259546	-0.105153	0.034741	0.683371	1.11562	0	0
0.698325	-0.00551852	-0.325996	-1.5908	0.302274	1.07552	0.632016	-0.153612	0.104656	-0.0298437	0.628203	0.186329	0	0	0.229083	-0.0269973	-0.0725303	0.674095	-0.0533132	0	0	-0.740667	-0.0118448	0.129214	0.0903327	-0.290081	-0.0342859	1.16617	1.14974	0	0	-0.0295594	-0.102778	0.0364011	0.675517	1.11377	0	0
0.702316	-0.00683829	-0.32586	-1.59347	0.302377	1.07503	0.63725	-0.158669	0.105286	-0.0272524	0.62988	0.187948	0	0	0.229425	-0.0261914	-0.0689912	0.650765	-0.0521405	0	0	-0.740833	-0.0119295	0.132834	0.0915055	-0.292673	-0.035878	1.17935	1.15138	0	0	-0.033177	-0.100417	0.038026	0.667872	1.11213	0	0
0.706306	-0.00819064	-0.32572	-1.59613	0.302491	1.0745	0.642508	-0.163685	0.10593	-0.024592	0.631675	0.189532	0	0	0.229736	-0.0254124	-0.0652774	0.627785	-0.0511728	0	0	-0.740956	-0.0119645	0.136462	0.0925929	-0.295192	-0.0375745	1.19236	1.15318	0	0	-0.0368052	-0.0980737	0.0396108	0.660441	1.11068	0	0
0.710297	-0.00956629	-0.325578	-1.59877	0.302618	1.07393	0.647791	-0.168664	0.106579	-0.021861	0.633585	0.191068	0	0	0.23003	-0.0246574	-0.0614233	0.605226	-0.0504065	0	0	-0.741039	-0.0119578	0.140091	0.0935968	-0.297632	-0.0393706	1.2052	1.15512	0	0	-0.0404413	-0.0957526	0.0411514	0.653228	1.10943	0	0
0.714287	-0.0109562	-0.325436	-1.60141	0.302756	1.07333	0.653101	-0.173611	0.107227	-0.0190595	0.635602	0.192541	0	0	0.23032	-0.0239233	-0.0574667	0.583158	-0.0498399	0	0	-0.741084	-0.0119171	0.143712	0.0945191	-0.299985	-0.0412607	1.21785	1.15719	0	0	-0.0440823	-0.0934571	0.0426444	0.646239	1.10837	0	0
0.718278	-0.0123514	-0.325297	-1.60401	0.302906	1.07271	0.65844	-0.178528	0.107868	-0.0161888	0.637722	0.193936	0	0	0.230616	-0.0232069	-0.0534476	0.561651	-0.0494733	0	0	-0.741094	-0.0118499	0.147314	0.0953612	-0.302244	-0.0432381	1.23029	1.15937	0	0	-0.0477252	-0.0911915	0.0440868	0.639476	1.10749	0	0
0.722268	-0.0137433	-0.325162	-1.60659	0.303069	1.07205	0.663807	-0.183423	0.108495	-0.0132516	0.639938	0.195236	0	0	0.230929	-0.0225049	-0.049408	0.540771	-0.0493091	0	0	-0.741074	-0.0117631	0.150888	0.0961245	-0.304406	-0.0452952	1.24251	1.16166	0	0	-0.051367	-0.0889599	0.0454756	0.632943	1.10677	0	0
0.726258	-0.0151235	-0.325036	-1.60912	0.303245	1.07138	0.669206	-0.188301	0.1091	-0.0102511	0.642244	0.196423	0	0	0.231265	-0.0218135	-0.0453907	0.520583	-0.0493522	0	0	-0.741026	-0.0116638	0.154425	0.0968095	-0.306463	-0.0474245	1.2545	1.16402	0	0	-0.055005	-0.0867665	0.0468083	0.626644	1.1062	0	0
0.730249	-0.016484	-0.324924	-1.61162	0.303432	1.07068	0.674638	-0.193171	0.109677	-0.00719117	0.644631	0.197478	0	0	0.231627	-0.0211286	-0.0414396	0.501147	-0.0496096	0	0	-0.740955	-0.0115585	0.157915	0.097415	-0.308413	-0.0496189	1.26624	1.16645	0	0	-0.0586368	-0.0846146	0.0480824	0.620581	1.10575	0	0
0.734239	-0.017817	-0.32483	-1.61406	0.303633	1.06997	0.680104	-0.198042	0.110219	-0.00407612	0.647093	0.198381	0	0	0.232015	-0.0204459	-0.0375983	0.48252	-0.0500908	0	0	-0.740866	-0.011454	0.16135	0.0979391	-0.310253	-0.0518723	1.27773	1.16892	0	0	-0.0622597	-0.0825077	0.0492969	0.614755	1.10541	0	0
0.73823	-0.019115	-0.324761	-1.61644	0.303846	1.06925	0.685607	-0.202922	0.110718	-0.000910871	0.649622	0.199109	0	0	0.232427	-0.019761	-0.0339105	0.464755	-0.0508064	0	0	-0.740762	-0.0113562	0.164723	0.0983787	-0.311978	-0.0541792	1.28895	1.17142	0	0	-0.0658709	-0.0804486	0.0504523	0.609168	1.10516	0	0
0.74222	-0.0203711	-0.324722	-1.61876	0.304072	1.06852	0.691149	-0.207821	0.111166	0.00229879	0.65221	0.19964	0	0	0.23286	-0.019069	-0.0304184	0.4479	-0.0517683	0	0	-0.740647	-0.0112709	0.168027	0.0987306	-0.313587	-0.0565343	1.29989	1.17392	0	0	-0.0694675	-0.0784401	0.0515511	0.603817	1.10498	0	0
0.746211	-0.0215785	-0.324718	-1.62102	0.30431	1.06779	0.696733	-0.212747	0.111558	0.00554613	0.654848	0.199947	0	0	0.233307	-0.018365	-0.027163	0.431996	-0.0529877	0	0	-0.740523	-0.0112033	0.171254	0.0989914	-0.315077	-0.0589317	1.31054	1.1764	0	0	-0.073046	-0.0764849	0.0525976	0.598698	1.10484	0	0
0.750201	-0.0227308	-0.324754	-1.6232	0.304561	1.06706	0.70236	-0.217709	0.111887	0.00882324	0.657529	0.200006	0	0	0.23376	-0.0176436	-0.0241824	0.417082	-0.0544753	0	0	-0.740394	-0.0111581	0.174396	0.0991576	-0.316446	-0.0613649	1.3209	1.17886	0	0	-0.0766026	-0.0745854	0.0535974	0.593806	1.10474	0	0
0.754191	-0.0238218	-0.324835	-1.6253	0.304825	1.06634	0.708033	-0.222714	0.112145	0.0121209	0.660244	0.199787	0	0	0.234209	-0.0168993	-0.0215116	0.403187	-0.0562406	0	0	-0.740263	-0.0111396	0.177446	0.0992259	-0.317694	-0.0638271	1.33094	1.18127	0	0	-0.0801335	-0.072744	0.0545572	0.589134	1.10467	0	0
0.758182	-0.0248457	-0.324964	-1.62732	0.305101	1.06562	0.713754	-0.227769	0.112327	0.0154285	0.662986	0.199261	0	0	0.234644	-0.0161265	-0.0191812	0.390337	-0.0582912	0	0	-0.740129	-0.0111513	0.180395	0.0991928	-0.31882	-0.0663115	1.34065	1.18362	0	0	-0.0836344	-0.0709631	0.0554839	0.584675	1.10462	0	0
0.762172	-0.0257969	-0.325145	-1.62924	0.305388	1.06491	0.719526	-0.232879	0.112426	0.0187338	0.665746	0.198396	0	0	0.235055	-0.0153197	-0.0172164	0.378554	-0.0606323	0	0	-0.739995	-0.0111967	0.183237	0.0990549	-0.319822	-0.0688114	1.35004	1.1859	0	0	-0.0871008	-0.0692449	0.0563843	0.580421	1.10457	0	0
0.766163	-0.0266702	-0.32538	-1.63108	0.305688	1.06422	0.725351	-0.238049	0.112437	0.0220237	0.668518	0.197161	0	0	0.23543	-0.0144733	-0.0156365	0.367852	-0.0632671	0	0	-0.739862	-0.0112783	0.185964	0.0988092	-0.320699	-0.0713199	1.35908	1.18811	0	0	-0.0905283	-0.0675915	0.0572643	0.576362	1.10453	0	0
0.770153	-0.0274611	-0.325672	-1.63281	0.305998	1.06355	0.731231	-0.243281	0.112354	0.0252835	0.671294	0.19552	0	0	0.235759	-0.0135818	-0.0144534	0.358243	-0.066196	0	0	-0.739728	-0.0113987	0.188567	0.0984524	-0.321451	-0.0738306	1.36777	1.19025	0	0	-0.0939123	-0.0660045	0.0581297	0.57249	1.10448	0	0
0.774144	-0.0281653	-0.326022	-1.63443	0.306319	1.0629	0.737168	-0.248579	0.112171	0.0284977	0.674069	0.193439	0	0	0.23603	-0.01264	-0.0136716	0.349734	-0.0694165	0	0	-0.739594	-0.0115596	0.191041	0.0979814	-0.322076	-0.0763375	1.37609	1.1923	0	0	-0.0972486	-0.0644856	0.0589852	0.568796	1.10442	0	0
0.778134	-0.0287794	-0.326432	-1.63594	0.306649	1.06227	0.743163	-0.253942	0.111884	0.0316499	0.676839	0.190881	0	0	0.236236	-0.0116432	-0.0132877	0.342329	-0.0729239	0	0	-0.739459	-0.0117628	0.193378	0.0973925	-0.322573	-0.0788352	1.38405	1.19428	0	0	-0.100533	-0.0630359	0.0598344	0.565272	1.10434	0	0
0.782124	-0.0293008	-0.326902	-1.63734	0.30699	1.06166	0.749219	-0.259371	0.111487	0.0347233	0.679598	0.18781	0	0	0.236367	-0.010587	-0.0132906	0.336029	-0.0767105	0	0	-0.739322	-0.0120095	0.195575	0.0966824	-0.322942	-0.081319	1.39162	1.19617	0	0	-0.103762	-0.0616563	0.06068	0.56191	1.10423	0	0
0.786115	-0.0297278	-0.327435	-1.63863	0.30734	1.06108	0.755337	-0.264864	0.110977	0.0377008	0.682346	0.184188	0	0	0.236417	-0.00946787	-0.0136626	0.330832	-0.0807663	0	0	-0.739183	-0.0123005	0.197627	0.0958482	-0.323182	-0.0837838	1.39881	1.198	0	0	-0.106932	-0.0603473	0.061523	0.558703	1.1041	0	0
0.790105	-0.0300596	-0.328029	-1.63979	0.3077	1.06053	0.761518	-0.27042	0.11035	0.0405653	0.685079	0.179976	0	0	0.236382	-0.00828285	-0.0143799	0.326733	-0.0850781	0	0	-0.73904	-0.0126363	0.199532	0.0948877	-0.323293	-0.0862247	1.40559	1.19977	0	0	-0.11004	-0.0591089	0.0623633	0.555645	1.10393	0	0
0.794096	-0.0302966	-0.328686	-1.64085	0.308068	1.06	0.767762	-0.276034	0.109603	0.0433	0.687799	0.175138	0	0	0.23626	-0.00702974	-0.015414	0.323724	-0.0896303	0	0	-0.738892	-0.0130172	0.201286	0.0937991	-0.323273	-0.0886368	1.41197	1.20148	0	0	-0.113084	-0.0579411	0.0631996	0.552732	1.10374	0	0
0.798086	-0.0304399	-0.329408	-1.64178	0.308445	1.05949	0.77407	-0.281704	0.108734	0.0458886	0.690507	0.169635	0	0	0.236048	-0.00570715	-0.0167326	0.321797	-0.0944046	0	0	-0.738738	-0.0134428	0.20289	0.092581	-0.323123	-0.0910155	1.41794	1.20315	0	0	-0.116063	-0.0568434	0.0640297	0.549959	1.1035	0	0
0.802077	-0.0304916	-0.330194	-1.64261	0.308831	1.05901	0.780441	-0.287423	0.10774	0.0483161	0.693206	0.163431	0	0	0.23575	-0.00431448	-0.0183004	0.320941	-0.0993797	0	0	-0.738577	-0.0139131	0.204343	0.0912329	-0.322843	-0.0933561	1.42349	1.2048	0	0	-0.118976	-0.0558149	0.0648504	0.547324	1.10323	0	0
0.806067	-0.0304548	-0.331045	-1.64333	0.309226	1.05856	0.786876	-0.293186	0.10662	0.0505683	0.695901	0.156489	0	0	0.235368	-0.00285203	-0.0200811	0.321143	-0.104532	0	0	-0.73841	-0.0144275	0.205647	0.089755	-0.322435	-0.0956531	1.42862	1.20644	0	0	-0.121822	-0.0548543	0.0656573	0.544824	1.10293	0	0
0.810057	-0.0303331	-0.331964	-1.64395	0.309629	1.05812	0.793373	-0.298985	0.105372	0.0526331	0.698599	0.148776	0	0	0.234909	-0.00132107	-0.0220375	0.322389	-0.109833	0	0	-0.738236	-0.0149854	0.206804	0.0881492	-0.3219	-0.0978998	1.43331	1.20808	0	0	-0.124599	-0.0539592	0.0664446	0.542457	1.10259	0	0
0.814048	-0.0301313	-0.332949	-1.64449	0.31004	1.0577	0.799931	-0.304809	0.103995	0.0545004	0.70131	0.140259	0	0	0.234379	0.000276203	-0.0241332	0.324662	-0.115254	0	0	-0.738055	-0.0155863	0.207817	0.086418	-0.32124	-0.100089	1.43756	1.20974	0	0	-0.127307	-0.053127	0.0672056	0.540221	1.10222	0	0
0.818038	-0.0298543	-0.334003	-1.64494	0.310459	1.0573	0.806548	-0.310648	0.102488	0.0561623	0.704047	0.130909	0	0	0.233787	0.00193682	-0.0263327	0.327942	-0.120759	0	0	-0.737868	-0.0162297	0.208691	0.0845654	-0.32046	-0.102213	1.44137	1.21143	0	0	-0.129944	-0.0523549	0.0679342	0.538115	1.10182	0	0
0.822029	-0.0295076	-0.335125	-1.64532	0.310885	1.0569	0.813223	-0.316487	0.10085	0.0576133	0.706824	0.120699	0	0	0.233144	0.00365707	-0.0286026	0.332209	-0.126313	0	0	-0.737675	-0.0169155	0.209432	0.0825962	-0.319564	-0.104264	1.44473	1.21315	0	0	-0.132509	-0.0516397	0.0686239	0.536137	1.10139	0	0
0.826019	-0.0290972	-0.336314	-1.64564	0.311318	1.05651	0.819953	-0.322308	0.0990794	0.0588506	0.709662	0.109609	0	0	0.232461	0.00543254	-0.0309118	0.337438	-0.131874	0	0	-0.737478	-0.0176436	0.210046	0.0805169	-0.318556	-0.106232	1.44764	1.21491	0	0	-0.134999	-0.0509782	0.0692685	0.534288	1.10095	0	0
0.83001	-0.0286287	-0.337569	-1.64591	0.311758	1.05613	0.826735	-0.328094	0.0971766	0.0598738	0.712579	0.0976212	0	0	0.231752	0.00725817	-0.0332326	0.343603	-0.137399	0	0	-0.737278	-0.0184143	0.210539	0.0783356	-0.317441	-0.10811	1.45008	1.21672	0	0	-0.137411	-0.0503668	0.0698622	0.532566	1.10048	0	0
0.834	-0.0281079	-0.338888	-1.64614	0.312203	1.05574	0.833565	-0.333818	0.0951412	0.060685	0.715603	0.0847242	0	0	0.231028	0.00912841	-0.035541	0.350671	-0.142842	0	0	-0.737074	-0.0192281	0.210919	0.0760624	-0.316224	-0.109885	1.45206	1.21858	0	0	-0.13974	-0.0498022	0.0703994	0.530973	1.1	0	0
0.83799	-0.0275395	-0.340267	-1.64636	0.312654	1.05535	0.840438	-0.339456	0.0929731	0.0612893	0.718762	0.0709132	0	0	0.230305	0.0110374	-0.037817	0.358609	-0.148152	0	0	-0.736869	-0.0200859	0.211189	0.073709	-0.314912	-0.11155	1.45358	1.2205	0	0	-0.141983	-0.0492812	0.0708754	0.529507	1.0995	0	0
0.841981	-0.0269281	-0.341703	-1.64655	0.313109	1.05496	0.84735	-0.344976	0.0906725	0.0616941	0.722087	0.0561905	0	0	0.229594	0.0129791	-0.0400452	0.367377	-0.153277	0	0	-0.736664	-0.0209886	0.211356	0.0712891	-0.313509	-0.113093	1.45462	1.22248	0	0	-0.144131	-0.0488009	0.071286	0.52817	1.09899	0	0
0.845971	-0.0262771	-0.34319	-1.64675	0.313568	1.05457	0.854295	-0.350343	0.08824	0.0619091	0.725613	0.0405665	0	0	0.228908	0.0149473	-0.0422147	0.376928	-0.15816	0	0	-0.73646	-0.0219378	0.211424	0.0688183	-0.312022	-0.114506	1.45518	1.22451	0	0	-0.146178	-0.0483587	0.0716277	0.526962	1.09847	0	0
0.849962	-0.025589	-0.344721	-1.64695	0.31403	1.05417	0.861268	-0.35552	0.0856763	0.0619461	0.72938	0.0240611	0	0	0.228257	0.0169362	-0.0443195	0.387213	-0.162743	0	0	-0.736259	-0.022935	0.211394	0.0663141	-0.310455	-0.115777	1.45526	1.22661	0	0	-0.148116	-0.0479527	0.0718982	0.525884	1.09793	0	0
0.853952	-0.0248655	-0.346289	-1.64717	0.314494	1.05377	0.868261	-0.360466	0.082983	0.0618184	0.733427	0.00670382	0	0	0.227648	0.0189399	-0.0463587	0.398173	-0.166962	0	0	-0.736061	-0.0239817	0.211268	0.0637958	-0.308814	-0.116898	1.45486	1.22879	0	0	-0.149933	-0.0475814	0.072096	0.524938	1.09739	0	0
0.857943	-0.0241074	-0.347884	-1.64742	0.314959	1.05336	0.875268	-0.365136	0.0801619	0.0615404	0.737798	-0.0114649	0	0	0.227086	0.020953	-0.0483361	0.409744	-0.170754	0	0	-0.73587	-0.0250794	0.211046	0.0612839	-0.307104	-0.117858	1.45396	1.23104	0	0	-0.151618	-0.0472439	0.0722206	0.524123	1.09683	0	0
0.861933	-0.0233148	-0.349497	-1.64769	0.315423	1.05296	0.882282	-0.369483	0.0772153	0.0611272	0.742537	-0.0303931	0	0	0.226573	0.0229707	-0.0502593	0.421856	-0.174049	0	0	-0.735685	-0.0262296	0.210724	0.0587997	-0.305329	-0.118648	1.45257	1.23337	0	0	-0.15316	-0.0469402	0.0722731	0.523442	1.09626	0	0
0.865923	-0.0224872	-0.351118	-1.64799	0.315886	1.05256	0.889297	-0.373458	0.0741461	0.0605942	0.747691	-0.0500174	0	0	0.226107	0.0249885	-0.052139	0.434434	-0.176779	0	0	-0.73551	-0.0274334	0.210302	0.0563647	-0.303494	-0.11926	1.45069	1.23579	0	0	-0.154545	-0.0466707	0.0722559	0.522895	1.09567	0	0
0.869914	-0.021624	-0.352734	-1.64834	0.316346	1.05215	0.896303	-0.37701	0.0709576	0.0599566	0.753305	-0.0702634	0	0	0.225684	0.0270026	-0.0539881	0.447399	-0.178877	0	0	-0.735345	-0.0286916	0.209776	0.054	-0.301606	-0.119685	1.4483	1.23829	0	0	-0.155757	-0.0464364	0.0721733	0.522482	1.09505	0	0
0.873904	-0.0207248	-0.354333	-1.64872	0.316803	1.05176	0.903296	-0.380089	0.0676539	0.059228	0.759423	-0.0910457	0	0	0.225298	0.0290091	-0.0558218	0.46067	-0.180279	0	0	-0.73519	-0.0300039	0.209143	0.0517261	-0.299671	-0.119916	1.44542	1.24089	0	0	-0.156782	-0.0462389	0.0720301	0.522206	1.09441	0	0
0.877895	-0.0197898	-0.355903	-1.64913	0.317255	1.05137	0.910266	-0.382643	0.0642401	0.0584212	0.766088	-0.112269	0	0	0.224942	0.0310042	-0.0576556	0.474165	-0.180931	0	0	-0.735048	-0.0313688	0.208402	0.049562	-0.297694	-0.119945	1.44205	1.24358	0	0	-0.157605	-0.0460801	0.0718318	0.522065	1.09373	0	0
0.881885	-0.0188199	-0.35743	-1.64959	0.317703	1.05098	0.917207	-0.384621	0.0607219	0.0575469	0.773339	-0.133826	0	0	0.224608	0.032984	-0.059504	0.487805	-0.180792	0	0	-0.734916	-0.0327838	0.207551	0.0475255	-0.295686	-0.119766	1.43818	1.24636	0	0	-0.15821	-0.0459622	0.0715839	0.52206	1.09301	0	0
0.885876	-0.0178166	-0.358902	-1.65009	0.318145	1.05061	0.924111	-0.385974	0.0571059	0.0566143	0.781214	-0.155603	0	0	0.224286	0.0349447	-0.0613786	0.501509	-0.179833	0	0	-0.734797	-0.0342451	0.206588	0.0456325	-0.293654	-0.119368	1.43382	1.24922	0	0	-0.158585	-0.0458873	0.071292	0.522191	1.09226	0	0
0.889866	-0.0167822	-0.360305	-1.65063	0.318581	1.05025	0.930972	-0.386656	0.0533992	0.0556304	0.789745	-0.177477	0	0	0.223967	0.0368832	-0.0632863	0.5152	-0.178039	0	0	-0.734687	-0.0357479	0.205515	0.0438972	-0.29161	-0.118746	1.42898	1.25216	0	0	-0.158717	-0.0458579	0.0709611	0.522459	1.09148	0	0
0.893856	-0.0157199	-0.361626	-1.65121	0.319011	1.04991	0.937784	-0.386623	0.0496093	0.0545999	0.798958	-0.199317	0	0	0.223641	0.0387965	-0.0652283	0.528801	-0.17541	0	0	-0.734585	-0.0372865	0.204333	0.0423317	-0.28956	-0.117895	1.42366	1.25517	0	0	-0.158594	-0.0458766	0.0705961	0.522863	1.09067	0	0
0.897847	-0.0146334	-0.362853	-1.65183	0.319433	1.04959	0.94454	-0.385834	0.0457442	0.0535245	0.808873	-0.220991	0	0	0.223298	0.0406822	-0.0672003	0.54224	-0.171961	0	0	-0.734488	-0.0388539	0.203044	0.0409452	-0.287513	-0.116814	1.41787	1.25825	0	0	-0.158206	-0.0459458	0.0702017	0.523406	1.08984	0	0
0.901837	-0.0135276	-0.363974	-1.65249	0.319849	1.04928	0.951235	-0.384251	0.0418125	0.0524032	0.819505	-0.24236	0	0	0.22293	0.0425377	-0.0691936	0.555448	-0.16772	0	0	-0.734392	-0.0404423	0.201654	0.039744	-0.285475	-0.115503	1.41163	1.26137	0	0	-0.157545	-0.0460681	0.0697825	0.524085	1.089	0	0
0.905828	-0.0124082	-0.364975	-1.65318	0.320257	1.049	0.957863	-0.381844	0.0378232	0.0512323	0.830859	-0.263286	0	0	0.222527	0.0443602	-0.0711969	0.568364	-0.162727	0	0	-0.734292	-0.0420425	0.200168	0.0387317	-0.283452	-0.113966	1.40493	1.26455	0	0	-0.156605	-0.0462459	0.0693425	0.524903	1.08814	0	0
0.909818	-0.0112816	-0.365847	-1.65392	0.320658	1.04875	0.96442	-0.378586	0.0337856	0.0500053	0.842931	-0.283633	0	0	0.222081	0.046146	-0.0731977	0.580928	-0.157029	0	0	-0.734182	-0.0436447	0.198593	0.037909	-0.281449	-0.112208	1.3978	1.26776	0	0	-0.155381	-0.0464817	0.0688857	0.525858	1.08729	0	0
0.913809	-0.0101548	-0.366579	-1.65469	0.321051	1.04852	0.970903	-0.374459	0.0297092	0.048714	0.855707	-0.303274	0	0	0.221582	0.0478912	-0.0751835	0.593089	-0.150683	0	0	-0.734057	-0.0452382	0.196937	0.0372743	-0.279471	-0.110235	1.39023	1.271	0	0	-0.153872	-0.0467777	0.0684152	0.526952	1.08644	0	0
0.917799	-0.00903519	-0.367163	-1.6555	0.321438	1.04832	0.977309	-0.369453	0.0256037	0.0473481	0.869164	-0.322085	0	0	0.221021	0.0495915	-0.0771427	0.604801	-0.143749	0	0	-0.733911	-0.0468121	0.195207	0.0368231	-0.277521	-0.108054	1.38226	1.27425	0	0	-0.152078	-0.0471363	0.0679333	0.528185	1.08561	0	0
0.921789	-0.00793026	-0.36759	-1.65634	0.321819	1.04815	0.983635	-0.363564	0.0214783	0.0458961	0.883267	-0.339956	0	0	0.220388	0.0512424	-0.0790642	0.616022	-0.136292	0	0	-0.733739	-0.0483555	0.19341	0.0365487	-0.275603	-0.105675	1.37388	1.27752	0	0	-0.15	-0.0475598	0.0674422	0.529557	1.08482	0	0
0.92578	-0.00684786	-0.367856	-1.65721	0.322194	1.04801	0.989881	-0.3568	0.0173421	0.0443454	0.897972	-0.356785	0	0	0.219671	0.0528401	-0.0809379	0.626718	-0.128377	0	0	-0.733537	-0.0498575	0.191554	0.036442	-0.273719	-0.103107	1.36512	1.28077	0	0	-0.147642	-0.0480507	0.0669439	0.531069	1.08406	0	0
0.92977	-0.00579577	-0.367959	-1.65811	0.322563	1.04791	0.996045	-0.349175	0.0132037	0.0426833	0.913223	-0.372484	0	0	0.21886	0.0543812	-0.0827537	0.636859	-0.120073	0	0	-0.733301	-0.0513076	0.189644	0.0364919	-0.271872	-0.100358	1.35599	1.28401	0	0	-0.14501	-0.0486114	0.0664402	0.53272	1.08336	0	0
0.933761	-0.00478129	-0.3679	-1.65903	0.322927	1.04785	1.00213	-0.340715	0.00907205	0.0408979	0.928955	-0.386975	0	0	0.21794	0.055863	-0.0845011	0.646419	-0.111446	0	0	-0.733029	-0.0526955	0.187686	0.0366857	-0.270065	-0.0974395	1.34651	1.28721	0	0	-0.142111	-0.0492443	0.0659316	0.534511	1.08274	0	0
0.937751	-0.00381103	-0.367682	-1.65996	0.323286	1.04782	1.00813	-0.33145	0.00495676	0.0389785	0.945097	-0.400195	0	0	0.216896	0.0572842	-0.0861692	0.655378	-0.102562	0	0	-0.73272	-0.0540112	0.185683	0.0370092	-0.268297	-0.0943621	1.33669	1.29037	0	0	-0.138953	-0.0499519	0.0654172	0.53644	1.0822	0	0
0.941742	-0.00289062	-0.367312	-1.66089	0.32364	1.04784	1.01406	-0.321423	0.000868237	0.0369175	0.961569	-0.412091	0	0	0.215714	0.0586442	-0.0877467	0.663719	-0.0934823	0	0	-0.732375	-0.0552454	0.183638	0.0374472	-0.266569	-0.091137	1.32654	1.29346	0	0	-0.135547	-0.0507363	0.064894	0.53851	1.08176	0	0
0.945732	-0.00202464	-0.366798	-1.66182	0.323991	1.0479	1.01991	-0.310678	-0.00318193	0.0347104	0.978286	-0.422621	0	0	0.214377	0.0599439	-0.089222	0.671428	-0.0842685	0	0	-0.731995	-0.0563893	0.181554	0.0379835	-0.264881	-0.0877761	1.3161	1.29648	0	0	-0.131904	-0.0515994	0.0643569	0.540721	1.08144	0	0
0.949722	-0.00121674	-0.366151	-1.66273	0.324337	1.048	1.02569	-0.29927	-0.00718065	0.032357	0.99516	-0.431757	0	0	0.212866	0.0611849	-0.0905836	0.678497	-0.0749775	0	0	-0.731584	-0.0574346	0.17943	0.0386016	-0.263231	-0.0842918	1.30537	1.29941	0	0	-0.128035	-0.0525431	0.0637988	0.543077	1.08126	0	0
0.953713	-0.000469746	-0.365383	-1.66361	0.324679	1.04815	1.0314	-0.287254	-0.011113	0.029861	1.0121	-0.439481	0	0	0.211165	0.0623696	-0.0918194	0.68492	-0.0656631	0	0	-0.731147	-0.0583738	0.177265	0.0392843	-0.261617	-0.0806972	1.29438	1.30224	0	0	-0.123955	-0.0535686	0.0632103	0.545582	1.08122	0	0
0.957703	0.000214187	-0.364507	-1.66445	0.325018	1.04834	1.03705	-0.274692	-0.0149621	0.0272306	1.02902	-0.445789	0	0	0.209254	0.0635011	-0.0929166	0.690695	-0.0563755	0	0	-0.730688	-0.0591994	0.17506	0.0400142	-0.260038	-0.0770064	1.28313	1.30495	0	0	-0.119677	-0.0546772	0.0625806	0.548242	1.08135	0	0
0.961694	0.000833424	-0.363539	-1.66523	0.325353	1.04858	1.04263	-0.261649	-0.0187088	0.0244783	1.04582	-0.450691	0	0	0.207117	0.064583	-0.0938616	0.695823	-0.0471612	0	0	-0.730214	-0.0599046	0.17281	0.0407736	-0.25849	-0.0732341	1.27166	1.30754	0	0	-0.115216	-0.0558698	0.0618971	0.551064	1.08165	0	0
0.965684	0.00138666	-0.362493	-1.66594	0.325684	1.04887	1.04816	-0.248191	-0.0223316	0.021621	1.06241	-0.454208	0	0	0.204737	0.0656192	-0.0946402	0.700307	-0.0380626	0	0	-0.729731	-0.0604827	0.170513	0.0415448	-0.256969	-0.0693957	1.25997	1.30997	0	0	-0.110589	-0.0571467	0.0611459	0.554056	1.08214	0	0
0.969675	0.00187288	-0.361385	-1.66657	0.326011	1.0492	1.05364	-0.234384	-0.0258069	0.0186797	1.0787	-0.456376	0	0	0.202098	0.066614	-0.0952376	0.704158	-0.0291182	0	0	-0.729246	-0.0609273	0.168166	0.0423102	-0.255474	-0.0655073	1.24809	1.31224	0	0	-0.105812	-0.0585082	0.0603123	0.557229	1.08283	0	0
0.973665	0.0022913	-0.360228	-1.66709	0.326333	1.04957	1.05906	-0.220296	-0.0291089	0.0156794	1.09461	-0.457243	0	0	0.199189	0.0675715	-0.0956394	0.707384	-0.0203621	0	0	-0.728763	-0.0612325	0.165766	0.0430521	-0.253998	-0.0615856	1.23604	1.31431	0	0	-0.100902	-0.0599539	0.0593819	0.560592	1.08372	0	0
0.977656	0.00264137	-0.359037	-1.66751	0.32665	1.05	1.06445	-0.205993	-0.0322103	0.0126481	1.11005	-0.456872	0	0	0.195999	0.0684958	-0.0958318	0.710002	-0.0118241	0	0	-0.728289	-0.061393	0.163311	0.0437536	-0.25254	-0.0576475	1.22384	1.31616	0	0	-0.0958755	-0.0614833	0.0583403	0.564159	1.0848	0	0
0.981646	0.00292273	-0.357823	-1.66779	0.326962	1.05047	1.0698	-0.191539	-0.0350828	0.00961589	1.12495	-0.455334	0	0	0.192521	0.0693907	-0.095802	0.712028	-0.00352977	0	0	-0.727827	-0.0614043	0.160797	0.0443982	-0.251096	-0.0537107	1.21152	1.31778	0	0	-0.0907496	-0.0630954	0.057174	0.567939	1.08609	0	0
0.985636	0.00313522	-0.356599	-1.66795	0.327268	1.05098	1.07511	-0.176993	-0.0376984	0.00661414	1.13923	-0.452711	0	0	0.188751	0.0702596	-0.0955389	0.713483	0.00449967	0	0	-0.72738	-0.0612626	0.158224	0.0449701	-0.249661	-0.049793	1.19908	1.31913	0	0	-0.0855404	-0.064789	0.055871	0.571947	1.08756	0	0
0.989627	0.00327888	-0.355373	-1.66795	0.327568	1.05154	1.0804	-0.162415	-0.04003	0.00367436	1.15282	-0.449094	0	0	0.184688	0.0711057	-0.0950336	0.714388	0.0122469	0	0	-0.726951	-0.0609654	0.155593	0.0454542	-0.248234	-0.0459123	1.18656	1.3202	0	0	-0.0802633	-0.0665625	0.0544212	0.576193	1.0892	0	0
0.993617	0.00335395	-0.354152	-1.6678	0.327862	1.05214	1.08566	-0.147857	-0.0420525	0.0008277	1.16566	-0.444576	0	0	0.180335	0.0719313	-0.0942795	0.71477	0.0196986	0	0	-0.726541	-0.0605115	0.152905	0.0458364	-0.246813	-0.0420863	1.17397	1.32096	0	0	-0.0749332	-0.0684138	0.0528172	0.580689	1.09101	0	0
0.997608	0.00336081	-0.352945	-1.6675	0.328148	1.05278	1.0909	-0.133367	-0.0437436	-0.00189545	1.1777	-0.439253	0	0	0.175699	0.0727389	-0.093273	0.714654	0.0268452	0	0	-0.726148	-0.059901	0.150164	0.0461033	-0.245397	-0.0383318	1.16135	1.3214	0	0	-0.0695639	-0.0703401	0.0510553	0.585446	1.09296	0	0
1.0016	0.00330012	-0.351755	-1.66704	0.328427	1.05345	1.09612	-0.118988	-0.0450847	-0.00446553	1.18889	-0.433223	0	0	0.170788	0.0735299	-0.0920143	0.714071	0.0336808	0	0	-0.725773	-0.0591359	0.147376	0.0462425	-0.243987	-0.0346648	1.14871	1.32148	0	0	-0.0641683	-0.0723378	0.0491344	0.590473	1.09504	0	0
1.00559	0.00317278	-0.350587	-1.66642	0.328699	1.05415	1.10133	-0.104759	-0.0460612	-0.00685415	1.19919	-0.426579	0	0	0.165615	0.0743057	-0.0905076	0.71305	0.0402031	0	0	-0.725412	-0.0582199	0.144551	0.0462429	-0.242584	-0.0311006	1.13608	1.32118	0	0	-0.0587584	-0.0744026	0.0470566	0.595779	1.09724	0	0
1.00958	0.00298003	-0.349443	-1.66565	0.328961	1.05489	1.10652	-0.0907112	-0.0466622	-0.00903502	1.20856	-0.419411	0	0	0.160193	0.0750667	-0.088761	0.711622	0.0464129	0	0	-0.725063	-0.0571587	0.141699	0.0460948	-0.241193	-0.0276534	1.12347	1.3205	0	0	-0.0533449	-0.0765297	0.0448269	0.601371	1.09952	0	0
1.01357	0.00272353	-0.348325	-1.66474	0.329214	1.05565	1.11171	-0.0768715	-0.0468806	-0.0109852	1.21697	-0.411803	0	0	0.154539	0.0758126	-0.0867858	0.709821	0.0523139	0	0	-0.724723	-0.0559588	0.138831	0.0457902	-0.239816	-0.0243363	1.11093	1.31939	0	0	-0.0479374	-0.0787145	0.0424528	0.607257	1.10188	0	0
1.01756	0.00240531	-0.347232	-1.6637	0.329458	1.05643	1.11689	-0.063263	-0.0467129	-0.0126857	1.22442	-0.403833	0	0	0.148672	0.0765425	-0.0845956	0.70768	0.0579119	0	0	-0.724388	-0.0546279	0.135958	0.0453225	-0.238458	-0.0211614	1.09845	1.31786	0	0	-0.0425448	-0.0809526	0.0399438	0.613441	1.1043	0	0
1.02155	0.0020278	-0.346165	-1.66253	0.329692	1.05723	1.12207	-0.0499048	-0.0461594	-0.0141217	1.23087	-0.39557	0	0	0.142611	0.0772553	-0.082206	0.705231	0.0632148	0	0	-0.724056	-0.0531741	0.13309	0.0446864	-0.237122	-0.0181392	1.08607	1.31589	0	0	-0.0371755	-0.0832401	0.0373106	0.619929	1.10677	0	0
1.02554	0.00159367	-0.345123	-1.66125	0.329915	1.05804	1.12724	-0.0368129	-0.0452244	-0.0152827	1.23632	-0.387078	0	0	0.136375	0.0779495	-0.0796342	0.70251	0.0682323	0	0	-0.723724	-0.0516062	0.130237	0.0438784	-0.235813	-0.0152789	1.07381	1.31345	0	0	-0.0318374	-0.085573	0.0345652	0.626727	1.10926	0	0
1.02953	0.00110582	-0.344106	-1.65987	0.330128	1.05887	1.13241	-0.0240002	-0.043916	-0.016163	1.24077	-0.378412	0	0	0.129987	0.0786232	-0.0768986	0.69955	0.0729752	0	0	-0.723389	-0.0499334	0.127409	0.0428966	-0.234535	-0.0125879	1.06168	1.31055	0	0	-0.0265378	-0.0879477	0.031719	0.633837	1.11176	0	0
1.03352	0.000567304	-0.343111	-1.6584	0.330329	1.05969	1.13758	-0.0114764	-0.042246	-0.0167617	1.24421	-0.369623	0	0	0.123466	0.0792743	-0.0740193	0.696385	0.0774558	0	0	-0.723049	-0.0481649	0.124615	0.0417413	-0.233293	-0.0100711	1.04969	1.30719	0	0	-0.0212827	-0.0903609	0.0287832	0.641263	1.11425	0	0
1.03751	-1.87055e-05	-0.342138	-1.65684	0.330518	1.06053	1.14275	0.000752038	-0.0402295	-0.0170826	1.24664	-0.360751	0	0	0.116834	0.0799007	-0.0710171	0.693049	0.081687	0	0	-0.722703	-0.0463101	0.121861	0.0404148	-0.232089	-0.00773135	1.03787	1.30335	0	0	-0.0160773	-0.0928096	0.0257687	0.649004	1.11671	0	0
1.0415	-0.00064887	-0.341181	-1.65521	0.330696	1.06135	1.14792	0.0126816	-0.0378855	-0.0171341	1.24808	-0.351833	0	0	0.110116	0.0804998	-0.0679137	0.689575	0.0856826	0	0	-0.722347	-0.0443786	0.119154	0.0389213	-0.230929	-0.00556934	1.02623	1.29904	0	0	-0.0109256	-0.0952913	0.0226859	0.657061	1.11913	0	0
1.04549	-0.00131967	-0.340239	-1.65352	0.330861	1.06218	1.15308	0.024311	-0.0352357	-0.0169292	1.24852	-0.342899	0	0	0.103332	0.0810691	-0.0647313	0.685995	0.0894568	0	0	-0.721979	-0.0423799	0.116499	0.0372664	-0.229815	-0.00358384	1.01477	1.29428	0	0	-0.00583065	-0.0978039	0.0195448	0.665431	1.12149	0	0
1.04948	-0.00202738	-0.339308	-1.65178	0.331014	1.06299	1.15825	0.0356415	-0.0323052	-0.016485	1.24798	-0.333975	0	0	0.0965057	0.0816063	-0.0614923	0.68234	0.0930243	0	0	-0.721599	-0.0403237	0.1139	0.0354575	-0.22875	-0.00177183	1.00351	1.28907	0	0	-0.000794643	-0.100346	0.0163549	0.674111	1.12377	0	0
1.05347	-0.00276806	-0.338382	-1.64999	0.331155	1.06379	1.16342	0.0466757	-0.0291217	-0.0158223	1.24648	-0.325083	0	0	0.0896596	0.082109	-0.0582187	0.678642	0.0963999	0	0	-0.721205	-0.0382195	0.111358	0.0335033	-0.227738	-0.000128718	0.992458	1.28344	0	0	0.00418096	-0.102916	0.0131252	0.683099	1.12595	0	0
1.05746	-0.00353745	-0.337459	-1.64817	0.331285	1.06458	1.16859	0.0574185	-0.0257155	-0.0149655	1.24402	-0.316238	0	0	0.0828158	0.0825754	-0.0549318	0.674928	0.0995986	0	0	-0.720794	-0.0360768	0.108876	0.031414	-0.22678	0.00135166	0.981614	1.27742	0	0	0.00909552	-0.105515	0.00986471	0.69239	1.12804	0	0
1.06145	-0.00433107	-0.336534	-1.64632	0.331403	1.06534	1.17375	0.0678754	-0.0221187	-0.0139422	1.24063	-0.307457	0	0	0.0759956	0.0830041	-0.0516517	0.671228	0.102635	0	0	-0.720367	-0.0339047	0.106453	0.0292007	-0.225877	0.00267687	0.970985	1.27103	0	0	0.0139489	-0.108142	0.00658175	0.701977	1.13	0	0
1.06544	-0.00514431	-0.335602	-1.64445	0.331509	1.06608	1.17891	0.0780514	-0.0183643	-0.0127833	1.23632	-0.298751	0	0	0.0692187	0.083394	-0.0483957	0.667568	0.105525	0	0	-0.719921	-0.0317111	0.104083	0.0268753	-0.225031	0.00385601	0.960573	1.26432	0	0	0.0187408	-0.110799	0.0032834	0.711857	1.13184	0	0
1.06944	-0.00597239	-0.334662	-1.64255	0.331605	1.06679	1.18407	0.0879502	-0.0144858	-0.0115233	1.23111	-0.290128	0	0	0.0625028	0.0837444	-0.0451776	0.663974	0.108283	0	0	-0.719458	-0.0295029	0.10176	0.0244502	-0.22424	0.00489943	0.950378	1.25732	0	0	0.0234702	-0.113489	-2.47961e-05	0.722022	1.13353	0	0
1.07343	-0.00681036	-0.33371	-1.64062	0.331691	1.06747	1.18923	0.097575	-0.0105178	-0.010199	1.22502	-0.281595	0	0	0.0558635	0.0840556	-0.0420078	0.66047	0.110924	0	0	-0.718977	-0.0272857	0.0994727	0.0219382	-0.223504	0.00581847	0.940398	1.25008	0	0	0.0281359	-0.116214	-0.00333888	0.732468	1.13509	0	0
1.07742	-0.00765306	-0.332744	-1.63867	0.331767	1.06811	1.19438	0.106929	-0.0064947	-0.00884886	1.21805	-0.273159	0	0	0.0493156	0.0843283	-0.0388935	0.657078	0.113462	0	0	-0.71848	-0.0250647	0.09721	0.0193526	-0.22282	0.00662527	0.930629	1.24266	0	0	0.0327365	-0.118977	-0.00665647	0.743189	1.13649	0	0
1.08141	-0.0084952	-0.331764	-1.63667	0.331835	1.06872	1.19952	0.116014	-0.00245131	-0.00751171	1.21024	-0.264825	0	0	0.0428723	0.0845642	-0.0358387	0.65382	0.115912	0	0	-0.717966	-0.0228446	0.0949577	0.0167072	-0.222185	0.00733253	0.921066	1.23511	0	0	0.0372711	-0.121783	-0.00997655	0.75418	1.13773	0	0
1.0854	-0.00933127	-0.330765	-1.63464	0.331894	1.06929	1.20467	0.124835	0.0015783	-0.00622595	1.20159	-0.256598	0	0	0.0365463	0.0847655	-0.032845	0.650713	0.118287	0	0	-0.717438	-0.0206297	0.0927012	0.0140163	-0.221595	0.00795325	0.911702	1.22749	0	0	0.0417386	-0.124635	-0.0132987	0.765434	1.13882	0	0
1.08939	-0.0101555	-0.329747	-1.63255	0.331947	1.06982	1.2098	0.133395	0.00556104	-0.00502834	1.19212	-0.248483	0	0	0.0303487	0.0849351	-0.0299119	0.647776	0.120601	0	0	-0.716896	-0.0184243	0.0904254	0.0112941	-0.221046	0.00850041	0.90253	1.21987	0	0	0.0461386	-0.127537	-0.0166223	0.776944	1.13975	0	0
1.09338	-0.0109615	-0.328708	-1.63041	0.331993	1.07031	1.21493	0.141697	0.00946549	-0.00395242	1.18186	-0.240484	0	0	0.0242888	0.0850767	-0.0270373	0.645023	0.122865	0	0	-0.716341	-0.0162328	0.0881156	0.00855445	-0.220535	0.00898701	0.89354	1.2123	0	0	0.0504704	-0.130494	-0.0199472	0.788703	1.14052	0	0
1.09737	-0.0117429	-0.327647	-1.62821	0.332033	1.07076	1.22005	0.149742	0.0132621	-0.00302747	1.1708	-0.232607	0	0	0.0183732	0.0851946	-0.024218	0.642467	0.125094	0	0	-0.715776	-0.0140599	0.0857581	0.00581033	-0.220055	0.00942573	0.884723	1.20485	0	0	0.0547333	-0.133509	-0.0232735	0.800702	1.14114	0	0
1.10136	-0.012493	-0.326566	-1.62594	0.332068	1.07116	1.22517	0.15753	0.0169239	-0.00227768	1.15898	-0.224856	0	0	0.012606	0.0852939	-0.0214507	0.640119	0.127299	0	0	-0.715202	-0.0119106	0.083341	0.00307345	-0.219604	0.00982875	0.876071	1.19757	0	0	0.0589262	-0.136585	-0.0266017	0.812932	1.1416	0	0
1.10535	-0.0132046	-0.325464	-1.62361	0.332099	1.07152	1.23028	0.165061	0.0204267	-0.00172198	1.14639	-0.217238	0	0	0.00698959	0.0853798	-0.0187317	0.637988	0.129493	0	0	-0.714621	-0.0097899	0.0808529	0.000354652	-0.219177	0.0102075	0.867573	1.19052	0	0	0.0630484	-0.139724	-0.0299319	0.825383	1.14193	0	0
1.10934	-0.0138695	-0.324343	-1.6212	0.332126	1.07183	1.23538	0.172334	0.0237502	-0.00137383	1.13307	-0.209758	0	0	0.0015248	0.0854572	-0.0160567	0.63608	0.131686	0	0	-0.714035	-0.00770231	0.0782836	-0.00233603	-0.218769	0.0105723	0.859221	1.18374	0	0	0.0670994	-0.142928	-0.0332645	0.838042	1.14211	0	0
1.11333	-0.0144803	-0.323204	-1.61873	0.332148	1.07209	1.24047	0.179348	0.0268776	-0.00124088	1.11902	-0.202424	0	0	-0.00378876	0.0855315	-0.0134217	0.6344	0.133891	0	0	-0.713447	-0.00565239	0.0756239	-0.00498952	-0.218375	0.0109323	0.851005	1.1773	0	0	0.0710789	-0.1462	-0.0365995	0.850898	1.14217	0	0
1.11732	-0.0150296	-0.322049	-1.61618	0.332167	1.0723	1.24556	0.1861	0.0297955	-0.00132477	1.10426	-0.195244	0	0	-0.00895284	0.0856077	-0.0108224	0.63295	0.136115	0	0	-0.712858	-0.00364486	0.0728661	-0.0075978	-0.217992	0.0112946	0.842917	1.17124	0	0	0.0749869	-0.149541	-0.0399371	0.863936	1.14211	0	0
1.12131	-0.0155101	-0.320879	-1.61356	0.332182	1.07247	1.25065	0.192589	0.0324944	-0.00162124	1.0888	-0.188228	0	0	-0.0139704	0.0856908	-0.0082546	0.631732	0.13837	0	0	-0.712269	-0.0016842	0.0700041	-0.0101541	-0.217614	0.0116651	0.834947	1.1656	0	0	0.0788237	-0.152951	-0.0432772	0.877144	1.14195	0	0
1.1253	-0.0159152	-0.319695	-1.61087	0.332195	1.07259	1.25572	0.198812	0.0349683	-0.00212034	1.07265	-0.181386	0	0	-0.0188458	0.0857857	-0.00571426	0.630743	0.140663	0	0	-0.711683	0.000225291	0.0670332	-0.012653	-0.217236	0.0120479	0.827088	1.16042	0	0	0.0825897	-0.156431	-0.0466195	0.890504	1.14171	0	0
1.12929	-0.0162396	-0.318501	-1.6081	0.332204	1.07267	1.2608	0.204766	0.0372146	-0.00280662	1.05584	-0.17473	0	0	-0.0235848	0.0858971	-0.00319737	0.629982	0.143003	0	0	-0.7111	0.00207945	0.0639503	-0.0150901	-0.216856	0.0124455	0.819334	1.15573	0	0	0.0862858	-0.159979	-0.0499641	0.904001	1.14141	0	0
1.13328	-0.0164794	-0.317298	-1.60526	0.33221	1.0727	1.26587	0.210449	0.0392336	-0.00365932	1.03837	-0.168272	0	0	-0.0281943	0.0860297	-0.000699862	0.629443	0.145398	0	0	-0.71052	0.00387442	0.0607534	-0.0174628	-0.216469	0.012859	0.811679	1.15157	0	0	0.0899126	-0.163594	-0.0533104	0.917617	1.14105	0	0
1.13727	-0.0166311	-0.316089	-1.60236	0.332213	1.07268	1.27093	0.215856	0.0410291	-0.00465287	1.02026	-0.162025	0	0	-0.0326822	0.0861876	0.00178262	0.62912	0.147854	0	0	-0.709945	0.00560682	0.0574422	-0.0197693	-0.216071	0.0132875	0.804117	1.14796	0	0	0.0934711	-0.167273	-0.0566583	0.931334	1.14066	0	0
1.14126	-0.0166927	-0.314877	-1.59938	0.332212	1.07262	1.276	0.220984	0.042608	-0.00575756	1.00153	-0.156002	0	0	-0.0370572	0.0863742	0.0042548	0.629006	0.150376	0	0	-0.709374	0.00727385	0.0540181	-0.0220094	-0.21566	0.0137286	0.796646	1.14492	0	0	0.0969622	-0.171012	-0.0600076	0.945132	1.14026	0	0
1.14525	-0.0166628	-0.313663	-1.59634	0.332209	1.07251	1.28106	0.22583	0.0439798	-0.00694036	0.98219	-0.150218	0	0	-0.0413286	0.0865926	0.00672167	0.629094	0.152969	0	0	-0.708808	0.00887328	0.0504839	-0.0241842	-0.215233	0.0141781	0.789262	1.14245	0	0	0.100387	-0.174806	-0.063359	0.958992	1.13987	0	0
1.14924	-0.0165413	-0.31245	-1.59325	0.332202	1.07235	1.28612	0.230391	0.0451561	-0.00816564	0.96227	-0.144685	0	0	-0.0455061	0.086845	0.00918847	0.629375	0.155637	0	0	-0.708246	0.0104037	0.0468438	-0.0262957	-0.214787	0.0146303	0.781964	1.14057	0	0	0.103746	-0.17865	-0.0667133	0.972895	1.1395	0	0
1.15323	-0.0163288	-0.311241	-1.59009	0.332192	1.07216	1.29119	0.234665	0.0461508	-0.00939651	0.941788	-0.139417	0	0	-0.0495987	0.0871326	0.011661	0.629841	0.15838	0	0	-0.707689	0.0118648	0.0431025	-0.0283467	-0.214321	0.0150781	0.774753	1.13925	0	0	0.107041	-0.182537	-0.070072	0.986821	1.13918	0	0
1.15722	-0.0160274	-0.310036	-1.58689	0.332178	1.07192	1.29626	0.238652	0.0469792	-0.0105958	0.920765	-0.134426	0	0	-0.053614	0.0874553	0.0141458	0.630483	0.161201	0	0	-0.707134	0.0132576	0.0392653	-0.03034	-0.213833	0.0155131	0.767628	1.1385	0	0	0.110275	-0.18646	-0.0734368	1.00075	1.13892	0	0
1.16122	-0.01564	-0.308836	-1.58363	0.332159	1.07164	1.30133	0.242354	0.047658	-0.0117269	0.899226	-0.129724	0	0	-0.057559	0.0878123	0.0166497	0.631292	0.164096	0	0	-0.706579	0.0145844	0.0353381	-0.0322794	-0.213321	0.0159254	0.760591	1.1383	0	0	0.113447	-0.190411	-0.0768099	1.01466	1.13874	0	0
1.16521	-0.0151702	-0.307641	-1.58032	0.332136	1.07132	1.30641	0.245772	0.0482042	-0.0127541	0.877199	-0.125322	0	0	-0.0614395	0.0882015	0.0191798	0.63226	0.167063	0	0	-0.706024	0.0158482	0.0313274	-0.034169	-0.212784	0.0163035	0.753644	1.13861	0	0	0.116561	-0.194381	-0.0801938	1.02854	1.13865	0	0
1.1692	-0.0146228	-0.30645	-1.57697	0.332109	1.07096	1.3115	0.248911	0.0486353	-0.0136435	0.854713	-0.121228	0	0	-0.0652609	0.0886205	0.0217433	0.633381	0.170097	0	0	-0.705464	0.0170529	0.0272407	-0.0360137	-0.212219	0.016635	0.746792	1.13941	0	0	0.119618	-0.198362	-0.0835914	1.04236	1.13865	0	0
1.17319	-0.0140027	-0.305264	-1.57358	0.332076	1.07057	1.31659	0.251776	0.0489684	-0.014363	0.831799	-0.117452	0	0	-0.0690284	0.0890661	0.0243471	0.634646	0.173193	0	0	-0.704897	0.0182026	0.0230854	-0.0378183	-0.211628	0.0169081	0.740039	1.14066	0	0	0.12262	-0.202345	-0.0870062	1.0561	1.13876	0	0
1.17718	-0.0133157	-0.304083	-1.57014	0.332039	1.07013	1.3217	0.254372	0.0492198	-0.0148839	0.808494	-0.113999	0	0	-0.0727469	0.0895353	0.0269977	0.636047	0.176344	0	0	-0.704321	0.0193019	0.0188696	-0.0395878	-0.211009	0.0171113	0.73339	1.14231	0	0	0.125567	-0.206319	-0.0904415	1.06975	1.13897	0	0
1.18117	-0.0125678	-0.302908	-1.56667	0.331997	1.06967	1.32681	0.256705	0.0494048	-0.0151816	0.784836	-0.110874	0	0	-0.076421	0.0900246	0.0297012	0.637578	0.17954	0	0	-0.703734	0.0203555	0.0146016	-0.0413271	-0.210362	0.0172339	0.726852	1.14432	0	0	0.128461	-0.210274	-0.0939008	1.08329	1.13928	0	0
1.18516	-0.0117654	-0.301737	-1.56317	0.331949	1.06916	1.33194	0.258783	0.049537	-0.0152361	0.760866	-0.108079	0	0	-0.0800555	0.0905305	0.0324631	0.639232	0.182774	0	0	-0.703131	0.0213678	0.01029	-0.0430409	-0.209688	0.0172661	0.720429	1.14664	0	0	0.1313	-0.214202	-0.0973865	1.0967	1.13969	0	0
1.18915	-0.0109148	-0.300573	-1.55964	0.331896	1.06863	1.33709	0.260614	0.0496287	-0.0150322	0.736629	-0.105615	0	0	-0.0836553	0.0910497	0.0352876	0.641001	0.186034	0	0	-0.702513	0.022343	0.0059437	-0.0447339	-0.208989	0.0171997	0.714129	1.14923	0	0	0.134086	-0.218092	-0.100899	1.10997	1.1402	0	0
1.19314	-0.0100224	-0.299416	-1.55609	0.331838	1.06807	1.34225	0.262207	0.04969	-0.0145595	0.712173	-0.103483	0	0	-0.0872264	0.0915794	0.0381776	0.642879	0.18931	0	0	-0.701876	0.0232843	0.00157274	-0.0464108	-0.208266	0.0170279	0.707957	1.15205	0	0	0.136817	-0.221935	-0.104438	1.12307	1.14079	0	0
1.19713	-0.00909457	-0.29827	-1.55253	0.331774	1.06748	1.34743	0.263569	0.0497299	-0.013812	0.68755	-0.101679	0	0	-0.0907764	0.0921169	0.0411343	0.644857	0.19259	0	0	-0.701221	0.0241938	-0.00281174	-0.0480767	-0.20752	0.0167455	0.701919	1.15504	0	0	0.139491	-0.225723	-0.107999	1.13601	1.14148	0	0
1.20112	-0.00813712	-0.297137	-1.54896	0.331703	1.06686	1.35264	0.264709	0.0497557	-0.0127883	0.662815	-0.1002	0	0	-0.0943143	0.0926599	0.0441569	0.646927	0.195861	0	0	-0.700547	0.0250725	-0.00719755	-0.0497364	-0.206754	0.0163494	0.69602	1.15817	0	0	0.142106	-0.229448	-0.11158	1.14876	1.14226	0	0
1.20511	-0.0071557	-0.296022	-1.5454	0.331624	1.06622	1.35786	0.265634	0.0497735	-0.0114915	0.638029	-0.099042	0	0	-0.0978496	0.093206	0.047243	0.649082	0.199111	0	0	-0.699855	0.0259212	-0.0115724	-0.0513943	-0.205971	0.0158382	0.690267	1.16139	0	0	0.144657	-0.233103	-0.115177	1.1613	1.14311	0	0
1.2091	-0.00615547	-0.29493	-1.54185	0.331539	1.06556	1.36312	0.266355	0.0497881	-0.00992919	0.613252	-0.0981984	0	0	-0.101392	0.0937531	0.0503892	0.651312	0.202326	0	0	-0.699146	0.0267403	-0.0159242	-0.0530543	-0.205175	0.0152128	0.684662	1.16466	0	0	0.147143	-0.236678	-0.118784	1.17364	1.14405	0	0
1.21309	-0.00514106	-0.293863	-1.53833	0.331445	1.06488	1.36839	0.26688	0.049803	-0.00811379	0.588551	-0.0976624	0	0	-0.10495	0.0942993	0.0535913	0.65361	0.205489	0	0	-0.698421	0.0275299	-0.0202415	-0.0547197	-0.204368	0.0144753	0.679211	1.16794	0	0	0.149558	-0.240169	-0.122399	1.18576	1.14506	0	0
1.21708	-0.00411666	-0.292827	-1.53484	0.331343	1.06419	1.3737	0.26722	0.0498209	-0.00606196	0.563992	-0.0974265	0	0	-0.108533	0.0948425	0.0568446	0.655968	0.208585	0	0	-0.697682	0.0282902	-0.024513	-0.0563932	-0.203553	0.0136292	0.673918	1.17119	0	0	0.1519	-0.243566	-0.126017	1.19765	1.14614	0	0
1.22107	-0.00308613	-0.291826	-1.53139	0.331232	1.06348	1.37904	0.267385	0.0498436	-0.00379429	0.539646	-0.0974825	0	0	-0.112152	0.0953811	0.0601435	0.658375	0.211596	0	0	-0.696931	0.0290211	-0.0287274	-0.0580774	-0.202735	0.0126793	0.668785	1.17438	0	0	0.154163	-0.246863	-0.129634	1.20929	1.14729	0	0
1.22506	-0.0020531	-0.290865	-1.528	0.331112	1.06276	1.38442	0.267387	0.0498727	-0.00133459	0.515586	-0.0978219	0	0	-0.115817	0.0959133	0.063482	0.660823	0.214505	0	0	-0.69617	0.0297222	-0.0328735	-0.0597743	-0.201918	0.011632	0.663815	1.17746	0	0	0.156342	-0.250052	-0.133247	1.22069	1.1485	0	0
1.22905	-0.00102108	-0.28995	-1.52467	0.330982	1.06204	1.38983	0.267236	0.0499098	0.00129049	0.491885	-0.0984368	0	0	-0.119538	0.0964374	0.0668532	0.663302	0.217291	0	0	-0.695401	0.0303931	-0.0369394	-0.0614856	-0.201104	0.0104945	0.659012	1.1804	0	0	0.158433	-0.253128	-0.136852	1.23184	1.14977	0	0
1.23304	6.24119e-06	-0.289085	-1.52142	0.330842	1.06132	1.39527	0.266943	0.0499567	0.00405143	0.46862	-0.0993201	0	0	-0.123325	0.096951	0.0702503	0.665803	0.219936	0	0	-0.694628	0.0310338	-0.0409143	-0.0632126	-0.200298	0.00927523	0.654375	1.18316	0	0	0.160429	-0.256084	-0.140446	1.24272	1.1511	0	0
1.23703	0.00102492	-0.288276	-1.51825	0.330692	1.06059	1.40076	0.266519	0.0500155	0.00691582	0.445863	-0.100466	0	0	-0.127187	0.0974511	0.0736663	0.668317	0.222418	0	0	-0.693852	0.0316451	-0.0447874	-0.0649561	-0.199505	0.00798335	0.649908	1.18573	0	0	0.162325	-0.258914	-0.144023	1.25333	1.15249	0	0
1.24102	0.0020307	-0.287525	-1.51517	0.330532	1.05987	1.40629	0.265977	0.0500888	0.00984854	0.42369	-0.101871	0	0	-0.131131	0.0979341	0.0770948	0.670836	0.224714	0	0	-0.693076	0.0322284	-0.0485491	-0.0667161	-0.198726	0.00662898	0.64561	1.18807	0	0	0.164116	-0.261613	-0.14758	1.26367	1.15392	0	0
1.24501	0.00301894	-0.286837	-1.51219	0.330362	1.05915	1.41186	0.265328	0.0501798	0.0128121	0.402173	-0.103532	0	0	-0.135163	0.0983958	0.0805294	0.673354	0.226802	0	0	-0.692301	0.0327855	-0.0521897	-0.0684921	-0.197966	0.00522298	0.641481	1.19017	0	0	0.165797	-0.264177	-0.151112	1.27373	1.15539	0	0
1.249	0.00398455	-0.286215	-1.50932	0.330181	1.05845	1.41748	0.264583	0.0502924	0.0157671	0.38138	-0.105452	0	0	-0.139288	0.0988316	0.0839637	0.675861	0.228658	0	0	-0.691529	0.0333192	-0.0556999	-0.0702833	-0.197229	0.0037767	0.63752	1.19199	0	0	0.167362	-0.266601	-0.154615	1.28351	1.1569	0	0
1.253	0.00492205	-0.285661	-1.50656	0.32999	1.05776	1.42314	0.263751	0.0504314	0.018673	0.361378	-0.107635	0	0	-0.143511	0.0992364	0.0873911	0.678354	0.230257	0	0	-0.69076	0.0338324	-0.0590702	-0.0720886	-0.196518	0.00230174	0.633726	1.19354	0	0	0.168807	-0.268881	-0.158083	1.29301	1.15843	0	0
1.25699	0.00582567	-0.285178	-1.50393	0.329789	1.05708	1.42886	0.26284	0.0506018	0.0214883	0.342228	-0.110085	0	0	-0.147834	0.099605	0.0908042	0.680828	0.231573	0	0	-0.689996	0.0343284	-0.0622912	-0.0739069	-0.195835	0.000809702	0.630096	1.19479	0	0	0.170127	-0.271013	-0.161511	1.30221	1.15999	0	0
1.26098	0.0066894	-0.284768	-1.50142	0.329579	1.05643	1.43463	0.261859	0.0508096	0.0241708	0.323989	-0.11281	0	0	-0.152262	0.0999317	0.0941944	0.683277	0.23258	0	0	-0.689238	0.0348105	-0.0653533	-0.0757369	-0.195185	-0.000688133	0.626629	1.19574	0	0	0.171316	-0.272993	-0.164895	1.31111	1.16157	0	0
1.26497	0.00750708	-0.284436	-1.49905	0.329359	1.0558	1.44044	0.260811	0.0510608	0.0266787	0.306714	-0.115818	0	0	-0.156796	0.100211	0.0975522	0.6857	0.233251	0	0	-0.688486	0.0352825	-0.068247	-0.0775774	-0.194571	-0.00218089	0.623322	1.1964	0	0	0.172371	-0.274819	-0.168229	1.31971	1.16316	0	0
1.26896	0.00827144	-0.28417	-1.49683	0.32916	1.05506	1.44635	0.259699	0.0513622	0.0289706	0.290452	-0.119116	0	0	-0.161441	0.100436	0.100866	0.688096	0.233557	0	0	-0.687746	0.0357471	-0.0709632	-0.0794271	-0.193996	-0.00365836	0.620172	1.19677	0	0	0.173285	-0.276487	-0.171507	1.32801	1.16476	0	0
1.27295	0.00897602	-0.283976	-1.49475	0.328979	1.05424	1.45233	0.258526	0.05172	0.0310069	0.275248	-0.122712	0	0	-0.1662	0.100602	0.104125	0.690461	0.23347	0	0	-0.687017	0.0362079	-0.0734929	-0.0812848	-0.193463	-0.00511143	0.617176	1.19685	0	0	0.174056	-0.277994	-0.174723	1.336	1.16636	0	0
1.27694	0.00961469	-0.283854	-1.49282	0.328813	1.05335	1.45839	0.257295	0.0521398	0.0327504	0.261142	-0.126611	0	0	-0.171072	0.100702	0.107313	0.692794	0.232959	0	0	-0.686302	0.0366685	-0.075828	-0.0831494	-0.192975	-0.00653227	0.614332	1.19665	0	0	0.174679	-0.279338	-0.177873	1.34367	1.16796	0	0
1.28093	0.0101818	-0.283809	-1.49105	0.328658	1.05241	1.46451	0.256007	0.0526269	0.0341669	0.248167	-0.130815	0	0	-0.176062	0.10073	0.110418	0.695093	0.231995	0	0	-0.685602	0.0371323	-0.0779615	-0.0850199	-0.192534	-0.00791419	0.611638	1.19618	0	0	0.175149	-0.280517	-0.180949	1.35103	1.16955	0	0
1.28492	0.0106724	-0.283846	-1.48944	0.328512	1.05142	1.47069	0.254663	0.0531858	0.0352261	0.236354	-0.135326	0	0	-0.18117	0.100679	0.113424	0.697357	0.230545	0	0	-0.68492	0.0376026	-0.0798871	-0.0868953	-0.192141	-0.00925147	0.60909	1.19546	0	0	0.175463	-0.281531	-0.183947	1.35806	1.17113	0	0
1.28891	0.0110821	-0.283966	-1.488	0.328374	1.0504	1.47693	0.253263	0.0538201	0.0359025	0.22573	-0.140139	0	0	-0.186399	0.100544	0.116315	0.699583	0.228577	0	0	-0.684258	0.0380826	-0.0816	-0.0887743	-0.191798	-0.0105392	0.606684	1.19451	0	0	0.175617	-0.282377	-0.186859	1.36477	1.1727	0	0
1.2929	0.011407	-0.284176	-1.48672	0.32824	1.04936	1.48322	0.251808	0.0545327	0.0361754	0.216314	-0.145248	0	0	-0.19175	0.100318	0.119075	0.701771	0.226058	0	0	-0.683619	0.0385755	-0.0830969	-0.0906556	-0.191507	-0.0117735	0.604418	1.19334	0	0	0.175608	-0.283056	-0.189681	1.37115	1.17425	0	0
1.29689	0.0116444	-0.28448	-1.48561	0.328109	1.04832	1.48957	0.250301	0.0553253	0.0360294	0.208126	-0.150639	0	0	-0.197225	0.0999963	0.12169	0.703918	0.222954	0	0	-0.683006	0.0390841	-0.0843758	-0.0925381	-0.191266	-0.012951	0.602289	1.19197	0	0	0.175433	-0.283568	-0.192404	1.37719	1.17578	0	0
1.30088	0.0117921	-0.284882	-1.48466	0.32798	1.04727	1.49596	0.248742	0.0561987	0.0354546	0.201178	-0.156295	0	0	-0.202827	0.0995729	0.124142	0.706025	0.219229	0	0	-0.682423	0.0396114	-0.0854361	-0.0944203	-0.191075	-0.0140695	0.600293	1.19041	0	0	0.175089	-0.283915	-0.195024	1.3829	1.17729	0	0
1.30487	0.0118488	-0.285387	-1.48387	0.327851	1.04623	1.50239	0.247134	0.0571525	0.0344465	0.195482	-0.162194	0	0	-0.208556	0.0990425	0.126417	0.70809	0.214847	0	0	-0.681874	0.0401603	-0.086279	-0.0963013	-0.190934	-0.0151277	0.598427	1.1887	0	0	0.174576	-0.284097	-0.197532	1.38826	1.17879	0	0
1.30886	0.011814	-0.286	-1.48323	0.327722	1.04521	1.50886	0.245483	0.0581855	0.0330052	0.191043	-0.168305	0	0	-0.214413	0.0984	0.128501	0.710115	0.209772	0	0	-0.681362	0.0407335	-0.0869071	-0.0981798	-0.190842	-0.0161257	0.596688	1.18685	0	0	0.17389	-0.284119	-0.199923	1.39328	1.18026	0	0
1.31285	0.0116878	-0.286726	-1.48274	0.327591	1.04421	1.51538	0.243794	0.0592956	0.0311352	0.187867	-0.174593	0	0	-0.220399	0.0976403	0.130379	0.7121	0.203969	0	0	-0.680894	0.0413342	-0.0873247	-0.100055	-0.190795	-0.0170654	0.595073	1.18488	0	0	0.173033	-0.283983	-0.202189	1.39795	1.18172	0	0
1.31684	0.011471	-0.287569	-1.48238	0.327457	1.04323	1.52193	0.242074	0.0604797	0.0288451	0.185955	-0.181017	0	0	-0.226511	0.0967584	0.13204	0.714048	0.1974	0	0	-0.680471	0.0419654	-0.0875374	-0.101926	-0.19079	-0.01795	0.593581	1.18282	0	0	0.172005	-0.283693	-0.204324	1.40226	1.18317	0	0
1.32083	0.0111649	-0.288534	-1.48215	0.32732	1.0423	1.52851	0.240331	0.0617338	0.0261466	0.185305	-0.187528	0	0	-0.232747	0.0957496	0.133472	0.715963	0.190029	0	0	-0.6801	0.0426301	-0.0875522	-0.103792	-0.190825	-0.0187844	0.59221	1.18069	0	0	0.170806	-0.283252	-0.20632	1.40622	1.1846	0	0
1.32482	0.0107715	-0.289624	-1.48204	0.32718	1.0414	1.53513	0.238576	0.0630531	0.0230546	0.185915	-0.194073	0	0	-0.239104	0.0946091	0.134665	0.717851	0.181823	0	0	-0.679785	0.0433316	-0.0873775	-0.105653	-0.190896	-0.0195748	0.590959	1.1785	0	0	0.169439	-0.282668	-0.208171	1.40981	1.18602	0	0
1.32881	0.0102932	-0.290842	-1.48204	0.327037	1.04054	1.54178	0.236822	0.0644321	0.0195865	0.187777	-0.200592	0	0	-0.245573	0.0933323	0.135611	0.719719	0.172748	0	0	-0.679528	0.0440736	-0.0870228	-0.107508	-0.190997	-0.0203291	0.589829	1.17629	0	0	0.167906	-0.281944	-0.209869	1.41303	1.18744	0	0
1.3328	0.0097326	-0.292189	-1.48212	0.32689	1.03972	1.54845	0.235083	0.0658647	0.0157618	0.190885	-0.207022	0	0	-0.252147	0.0919146	0.136306	0.721578	0.162773	0	0	-0.679333	0.0448595	-0.0864981	-0.109356	-0.191123	-0.0210566	0.588819	1.17407	0	0	0.166212	-0.281088	-0.211407	1.41588	1.18885	0	0
1.33679	0.00909248	-0.293668	-1.48227	0.326739	1.03895	1.55515	0.233374	0.0673444	0.0116018	0.195227	-0.213296	0	0	-0.258812	0.0903518	0.136744	0.72344	0.151869	0	0	-0.679203	0.0456932	-0.0858138	-0.111197	-0.19127	-0.0217672	0.587932	1.17186	0	0	0.164363	-0.280106	-0.212776	1.41835	1.19026	0	0
1.34078	0.00837549	-0.295276	-1.48249	0.326585	1.03823	1.56188	0.231714	0.0688646	0.00712924	0.200792	-0.219342	0	0	-0.265554	0.0886395	0.136926	0.725321	0.140012	0	0	-0.67914	0.0465787	-0.0849805	-0.113029	-0.191433	-0.0224719	0.587169	1.16968	0	0	0.162366	-0.279006	-0.213969	1.42043	1.19167	0	0
1.34478	0.00758412	-0.297012	-1.48275	0.326427	1.03756	1.56863	0.230122	0.0704184	0.00236825	0.207563	-0.225089	0	0	-0.272352	0.0867738	0.136852	0.727239	0.127182	0	0	-0.679145	0.0475205	-0.0840084	-0.11485	-0.191606	-0.023182	0.586533	1.16755	0	0	0.160229	-0.277793	-0.214978	1.42212	1.19309	0	0
1.34877	0.00672057	-0.298871	-1.48304	0.326266	1.03694	1.57539	0.228619	0.0719992	-0.00265593	0.21552	-0.230462	0	0	-0.279181	0.0847506	0.136524	0.729217	0.113363	0	0	-0.679218	0.0485228	-0.082907	-0.116659	-0.191785	-0.0239091	0.586027	1.16547	0	0	0.157964	-0.276476	-0.215794	1.42342	1.19452	0	0
1.35276	0.00578674	-0.300846	-1.48335	0.326102	1.03637	1.58217	0.227225	0.0736008	-0.007917	0.224641	-0.235386	0	0	-0.286013	0.0825665	0.135949	0.731281	0.0985471	0	0	-0.679359	0.04959	-0.0816854	-0.118451	-0.191965	-0.0246645	0.585656	1.16347	0	0	0.155582	-0.27506	-0.216409	1.42432	1.19596	0	0
1.35675	0.00478413	-0.30293	-1.48366	0.325936	1.03586	1.58897	0.225963	0.0752173	-0.0133875	0.234894	-0.239785	0	0	-0.292814	0.0802185	0.135133	0.73346	0.0827328	0	0	-0.679565	0.0507266	-0.080351	-0.120223	-0.192141	-0.0254593	0.585423	1.16155	0	0	0.153098	-0.273553	-0.216816	1.4248	1.19743	0	0
1.36074	0.00371387	-0.305112	-1.48395	0.325768	1.03539	1.59577	0.224851	0.0768438	-0.0190387	0.246243	-0.243582	0	0	-0.299546	0.0777039	0.134085	0.735787	0.0659277	0	0	-0.679835	0.0519363	-0.07891	-0.121969	-0.192311	-0.0263034	0.585334	1.15973	0	0	0.150526	-0.271961	-0.217006	1.42487	1.19892	0	0
1.36473	0.00257672	-0.307379	-1.48424	0.325598	1.03498	1.60258	0.223907	0.0784761	-0.0248406	0.258644	-0.2467	0	0	-0.306166	0.075021	0.132814	0.7383	0.0481487	0	0	-0.680164	0.0532228	-0.077367	-0.123683	-0.192472	-0.0272051	0.585391	1.15801	0	0	0.147885	-0.270291	-0.216972	1.42452	1.20045	0	0
1.36872	0.00137321	-0.309719	-1.48449	0.325426	1.03462	1.60939	0.223144	0.0801112	-0.0307613	0.27204	-0.249064	0	0	-0.312627	0.0721686	0.13133	0.741037	0.0294234	0	0	-0.680549	0.0545892	-0.0757252	-0.125356	-0.192621	-0.0281716	0.585598	1.15639	0	0	0.145193	-0.268547	-0.216707	1.42374	1.202	0	0
1.37271	0.000103797	-0.312115	-1.48471	0.325254	1.03431	1.6162	0.222573	0.0817471	-0.0367669	0.286367	-0.250599	0	0	-0.318879	0.0691468	0.129646	0.744042	0.00979106	0	0	-0.680986	0.0560375	-0.0739864	-0.126978	-0.192758	-0.029209	0.58596	1.1549	0	0	0.142468	-0.266736	-0.216205	1.42253	1.2036	0	0
1.3767	-0.00123093	-0.314551	-1.4849	0.325081	1.03405	1.62301	0.222196	0.083383	-0.0428207	0.301546	-0.251232	0	0	-0.324867	0.0659565	0.127773	0.747358	-0.0106973	0	0	-0.68147	0.0575692	-0.0721516	-0.128538	-0.192881	-0.0303214	0.586478	1.15352	0	0	0.139732	-0.264862	-0.215459	1.42088	1.20524	0	0
1.38069	-0.00262998	-0.317009	-1.48504	0.324907	1.03384	1.62981	0.222011	0.0850193	-0.0488831	0.31749	-0.250897	0	0	-0.330537	0.0626002	0.125724	0.751032	-0.0319788	0	0	-0.681996	0.0591841	-0.0702205	-0.130023	-0.19299	-0.0315106	0.587156	1.15227	0	0	0.137004	-0.262932	-0.214463	1.41879	1.20693	0	0
1.38468	-0.00409162	-0.319469	-1.48515	0.324734	1.03368	1.6366	0.222011	0.0866574	-0.0549126	0.3341	-0.249539	0	0	-0.335828	0.059082	0.12351	0.755112	-0.0539785	0	0	-0.682559	0.0608809	-0.0681926	-0.131419	-0.193087	-0.0327762	0.587995	1.15115	0	0	0.134306	-0.26095	-0.213215	1.41625	1.20866	0	0
1.38867	-0.00561299	-0.321914	-1.48521	0.324561	1.03356	1.64336	0.222181	0.0882996	-0.0608665	0.351268	-0.247118	0	0	-0.340683	0.0554075	0.121145	0.759643	-0.07661	0	0	-0.683153	0.0626561	-0.0660675	-0.132711	-0.193171	-0.0341164	0.588994	1.15015	0	0	0.131659	-0.258922	-0.211709	1.41327	1.21044	0	0
1.39266	-0.00718985	-0.324322	-1.48524	0.32439	1.03349	1.65011	0.222506	0.089948	-0.0667027	0.368879	-0.243612	0	0	-0.345041	0.0515846	0.118642	0.764672	-0.0997757	0	0	-0.683773	0.0645046	-0.0638456	-0.133884	-0.193245	-0.0355271	0.590155	1.14929	0	0	0.129081	-0.256854	-0.209944	1.40984	1.21227	0	0
1.39665	-0.00881644	-0.326675	-1.48523	0.324219	1.03346	1.65684	0.222964	0.091605	-0.0723802	0.386816	-0.239023	0	0	-0.348844	0.0476225	0.116012	0.770243	-0.123367	0	0	-0.684414	0.0664193	-0.0615288	-0.134919	-0.193309	-0.0370023	0.591476	1.14855	0	0	0.126591	-0.254753	-0.207918	1.40597	1.21414	0	0
1.40064	-0.0104855	-0.328952	-1.48519	0.32405	1.03348	1.66353	0.22353	0.0932721	-0.0778609	0.404954	-0.233375	0	0	-0.352034	0.0435322	0.113268	0.776398	-0.147264	0	0	-0.68507	0.0683916	-0.0591209	-0.135801	-0.193366	-0.0385333	0.592954	1.14793	0	0	0.124204	-0.252624	-0.20563	1.40166	1.21604	0	0
1.40463	-0.0121884	-0.331134	-1.4851	0.323883	1.03354	1.6702	0.224177	0.0949499	-0.08311	0.423167	-0.226713	0	0	-0.354553	0.0393255	0.110424	0.783176	-0.171339	0	0	-0.685733	0.0704115	-0.0566285	-0.13651	-0.193417	-0.0401085	0.594586	1.14744	0	0	0.121935	-0.250477	-0.203081	1.39692	1.21796	0	0
1.40862	-0.0139149	-0.333203	-1.48498	0.323717	1.03364	1.67683	0.224879	0.0966373	-0.0880985	0.441334	-0.219101	0	0	-0.356349	0.0350149	0.10749	0.790609	-0.195458	0	0	-0.686395	0.0724685	-0.0540609	-0.137029	-0.193464	-0.0417142	0.596366	1.14705	0	0	0.119795	-0.24832	-0.200276	1.39176	1.2199	0	0
1.41261	-0.0156535	-0.335139	-1.48483	0.323554	1.03377	1.68342	0.225611	0.0983317	-0.0928035	0.459337	-0.210615	0	0	-0.35737	0.0306129	0.10448	0.798725	-0.219484	0	0	-0.687049	0.074551	-0.0514307	-0.13734	-0.19351	-0.0433343	0.598289	1.14676	0	0	0.117793	-0.24616	-0.197219	1.38618	1.22183	0	0
1.4166	-0.0173917	-0.336925	-1.48462	0.323394	1.03395	1.68997	0.22635	0.100028	-0.0972101	0.477068	-0.201344	0	0	-0.357571	0.0261319	0.101405	0.807545	-0.243276	0	0	-0.687685	0.0766473	-0.0487536	-0.137427	-0.193555	-0.0449512	0.600346	1.14656	0	0	0.115939	-0.244008	-0.193914	1.38019	1.22375	0	0
1.42059	-0.0191158	-0.338542	-1.48436	0.323236	1.03416	1.69647	0.227076	0.101718	-0.101311	0.494428	-0.19138	0	0	-0.35691	0.021584	0.098275	0.817079	-0.266696	0	0	-0.688292	0.0787455	-0.0460484	-0.137274	-0.1936	-0.0465458	0.60253	1.14644	0	0	0.114235	-0.241872	-0.190372	1.37381	1.22563	0	0
1.42458	-0.0208117	-0.339975	-1.48404	0.323081	1.03441	1.70293	0.227775	0.103393	-0.105106	0.511333	-0.180821	0	0	-0.355349	0.0169814	0.0951018	0.827333	-0.289602	0	0	-0.688857	0.0808337	-0.0433363	-0.136866	-0.193647	-0.0480984	0.604831	1.14639	0	0	0.112687	-0.239763	-0.186599	1.36706	1.22747	0	0
1.42857	-0.0224647	-0.341209	-1.48366	0.322929	1.03469	1.70934	0.228434	0.105042	-0.108602	0.527706	-0.169765	0	0	-0.35286	0.0123365	0.0918961	0.8383	-0.311859	0	0	-0.689369	0.0828997	-0.040639	-0.136192	-0.193697	-0.0495892	0.607239	1.14639	0	0	0.111293	-0.23769	-0.182607	1.35993	1.22926	0	0
1.43256	-0.0240602	-0.342231	-1.48319	0.32278	1.035	1.7157	0.229042	0.106653	-0.111807	0.543488	-0.158306	0	0	-0.349422	0.00766273	0.0886691	0.849962	-0.333334	0	0	-0.689814	0.0849309	-0.0379785	-0.135243	-0.19375	-0.0509985	0.609744	1.14643	0	0	0.11005	-0.235659	-0.178408	1.35245	1.23098	0	0
1.43656	-0.0255843	-0.343032	-1.48263	0.322634	1.03535	1.72201	0.229589	0.108212	-0.114734	0.558628	-0.146532	0	0	-0.345027	0.00297347	0.0854325	0.862292	-0.353899	0	0	-0.690182	0.0869152	-0.0353758	-0.134012	-0.193808	-0.0523063	0.612336	1.14649	0	0	0.108953	-0.23368	-0.174013	1.34462	1.23263	0	0
1.44055	-0.0270242	-0.343606	-1.48198	0.322491	1.03573	1.72827	0.230067	0.109711	-0.117398	0.573087	-0.134529	0	0	-0.339673	-0.0017177	0.0821997	0.87525	-0.373433	0	0	-0.690461	0.0888416	-0.0328508	-0.132495	-0.193874	-0.0534919	0.615008	1.14657	0	0	0.107995	-0.231758	-0.169437	1.33647	1.23419	0	0
1.44454	-0.0283689	-0.343952	-1.48124	0.322352	1.03613	1.73447	0.230466	0.111137	-0.119815	0.586837	-0.122376	0	0	-0.333373	-0.00639734	0.0789851	0.888786	-0.391823	0	0	-0.690643	0.0907004	-0.0304216	-0.130692	-0.193949	-0.0545341	0.617748	1.14665	0	0	0.107166	-0.229899	-0.164693	1.328	1.23567	0	0
1.44853	-0.0296096	-0.34407	-1.48039	0.322216	1.03657	1.74062	0.230775	0.112485	-0.122	0.599856	-0.110142	0	0	-0.326148	-0.0110524	0.0758045	0.90284	-0.408963	0	0	-0.690722	0.0924834	-0.0281036	-0.128604	-0.194038	-0.0554136	0.62055	1.14672	0	0	0.106453	-0.228108	-0.159794	1.31923	1.23706	0	0
1.45252	-0.0307395	-0.343968	-1.47943	0.322083	1.03704	1.74672	0.230981	0.113749	-0.123972	0.612132	-0.0978935	0	0	-0.318033	-0.0156704	0.0726743	0.917343	-0.424757	0	0	-0.690695	0.0941841	-0.0259095	-0.126236	-0.194142	-0.0561124	0.623407	1.14679	0	0	0.105842	-0.226388	-0.154754	1.31017	1.23835	0	0
1.45651	-0.0317545	-0.343657	-1.47837	0.321953	1.03753	1.75277	0.231068	0.114925	-0.125748	0.623657	-0.085687	0	0	-0.309071	-0.0202393	0.0696107	0.932216	-0.439118	0	0	-0.690563	0.0957976	-0.0238484	-0.123595	-0.194267	-0.0566142	0.626314	1.14684	0	0	0.10532	-0.224743	-0.149584	1.30084	1.23953	0	0
1.4605	-0.0326525	-0.343152	-1.4772	0.321827	1.03805	1.75876	0.231016	0.116013	-0.127345	0.63443	-0.0735732	0	0	-0.299315	-0.0247479	0.0666293	0.947375	-0.451972	0	0	-0.690332	0.0973204	-0.0219258	-0.12069	-0.194416	-0.0569053	0.629268	1.14688	0	0	0.104871	-0.223176	-0.144296	1.29125	1.24061	0	0
1.46449	-0.0334336	-0.342473	-1.47593	0.321704	1.0386	1.76471	0.230805	0.117015	-0.128782	0.644454	-0.0615964	0	0	-0.288828	-0.0291853	0.0637446	0.962734	-0.463253	0	0	-0.690009	0.0987505	-0.0201435	-0.117533	-0.194593	-0.0569775	0.632269	1.14691	0	0	0.104478	-0.221687	-0.138902	1.28143	1.24158	0	0
1.46848	-0.0340995	-0.341643	-1.47456	0.321584	1.03918	1.77061	0.23041	0.117933	-0.130072	0.653734	-0.0497949	0	0	-0.277675	-0.0335409	0.0609699	0.978198	-0.472913	0	0	-0.689606	0.100087	-0.0184993	-0.11414	-0.194802	-0.056828	0.635319	1.14693	0	0	0.104127	-0.220276	-0.133412	1.27137	1.24243	0	0
1.47247	-0.0346531	-0.340686	-1.47311	0.321467	1.03978	1.77646	0.229806	0.118772	-0.131231	0.66228	-0.0382021	0	0	-0.265931	-0.0378042	0.0583166	0.993677	-0.480917	0	0	-0.689136	0.101328	-0.0169875	-0.110526	-0.195046	-0.0564577	0.638424	1.14695	0	0	0.103801	-0.218943	-0.127835	1.26111	1.24317	0	0
1.47646	-0.0350978	-0.339629	-1.47159	0.321353	1.0404	1.78227	0.228966	0.119538	-0.132268	0.670104	-0.0268463	0	0	-0.253669	-0.041964	0.0557951	1.00908	-0.487248	0	0	-0.688618	0.102472	-0.015599	-0.106709	-0.195332	-0.0558701	0.64159	1.14696	0	0	0.103488	-0.217684	-0.122182	1.25064	1.24379	0	0
1.48045	-0.0354371	-0.3385	-1.47	0.321242	1.04106	1.78804	0.227863	0.120235	-0.133192	0.677219	-0.015752	0	0	-0.24097	-0.0460081	0.0534142	1.02431	-0.491907	0	0	-0.688067	0.103518	-0.014322	-0.102709	-0.195661	-0.0550712	0.644825	1.14699	0	0	0.103173	-0.216497	-0.116462	1.24	1.24431	0	0
1.48444	-0.0356746	-0.337328	-1.46837	0.321133	1.04173	1.79377	0.226471	0.120869	-0.13401	0.683643	-0.00493978	0	0	-0.227911	-0.0499224	0.0511821	1.03927	-0.494916	0	0	-0.687503	0.104464	-0.0131422	-0.098544	-0.196038	-0.0540704	0.648139	1.14705	0	0	0.102845	-0.215377	-0.110684	1.22919	1.24472	0	0
1.48843	-0.0358133	-0.336139	-1.4667	0.321027	1.04243	1.79945	0.224767	0.121446	-0.134724	0.689395	0.00557279	0	0	-0.21457	-0.0536911	0.049106	1.05389	-0.496314	0	0	-0.686945	0.105304	-0.012044	-0.0942345	-0.196467	-0.0528812	0.651545	1.14714	0	0	0.102491	-0.214319	-0.104858	1.21823	1.24503	0	0
1.49242	-0.035856	-0.334959	-1.46503	0.320923	1.04316	1.80511	0.22273	0.121969	-0.135336	0.694495	0.0157712	0	0	-0.201024	-0.0572963	0.0471917	1.06807	-0.496159	0	0	-0.68641	0.106034	-0.0110102	-0.0898004	-0.196951	-0.0515209	0.655055	1.14729	0	0	0.1021	-0.213316	-0.0989957	1.20714	1.24524	0	0
1.49641	-0.0358046	-0.333811	-1.46336	0.320822	1.04391	1.81073	0.220343	0.122441	-0.135845	0.698966	0.0256434	0	0	-0.187345	-0.0607189	0.0454433	1.08175	-0.494528	0	0	-0.685915	0.106649	-0.0100234	-0.0852611	-0.197491	-0.0500082	0.658684	1.1475	0	0	0.101662	-0.212362	-0.0931079	1.19592	1.24536	0	0
1.5004	-0.0356606	-0.332715	-1.46173	0.320723	1.04468	1.81633	0.217593	0.122866	-0.136247	0.702833	0.0351799	0	0	-0.173603	-0.0639394	0.0438618	1.09483	-0.491508	0	0	-0.685476	0.10714	-0.00906572	-0.0806349	-0.198091	-0.0483625	0.662443	1.14778	0	0	0.10117	-0.211448	-0.0872072	1.1846	1.24539	0	0
1.50439	-0.0354247	-0.331688	-1.46014	0.320625	1.04547	1.82189	0.214473	0.123245	-0.136538	0.706121	0.0443738	0	0	-0.159861	-0.0669388	0.0424446	1.10726	-0.487198	0	0	-0.685103	0.107501	-0.0081199	-0.0759389	-0.198752	-0.0466044	0.666346	1.14812	0	0	0.100613	-0.210569	-0.0813065	1.17319	1.24534	0	0
1.50838	-0.0350972	-0.330743	-1.45862	0.320529	1.04628	1.82743	0.210979	0.123578	-0.136712	0.708857	0.0532202	0	0	-0.146178	-0.0696998	0.041185	1.11897	-0.481703	0	0	-0.684808	0.107722	-0.00716937	-0.0711887	-0.199475	-0.0447546	0.670404	1.14855	0	0	0.0999851	-0.209714	-0.0754199	1.1617	1.24521	0	0
1.51237	-0.0346783	-0.32989	-1.45718	0.320435	1.04711	1.83295	0.207114	0.123864	-0.136762	0.711071	0.0617164	0	0	-0.132605	-0.0722074	0.0400717	1.1299	-0.475131	0	0	-0.684596	0.107797	-0.00619858	-0.0663989	-0.200261	-0.0428337	0.674626	1.14907	0	0	0.0992797	-0.208877	-0.0695618	1.15016	1.245	0	0
1.51636	-0.0341681	-0.329135	-1.45585	0.320343	1.04796	1.83845	0.202885	0.124103	-0.136683	0.712793	0.0698619	0	0	-0.119189	-0.0744501	0.0390885	1.14	-0.467587	0	0	-0.684471	0.107718	-0.00519322	-0.0615826	-0.201109	-0.0408614	0.679022	1.14966	0	0	0.0984905	-0.208048	-0.0637473	1.13857	1.24473	0	0
1.52035	-0.0335668	-0.32848	-1.45464	0.320251	1.04883	1.84393	0.198305	0.124293	-0.136467	0.714054	0.0776585	0	0	-0.105966	-0.0764203	0.0382151	1.14923	-0.459176	0	0	-0.684435	0.107477	-0.00414042	-0.0567517	-0.202019	-0.0388572	0.6836	1.15035	0	0	0.097612	-0.207221	-0.0579918	1.12696	1.2444	0	0
1.52434	-0.0328754	-0.327925	-1.45357	0.320162	1.04971	1.84939	0.193389	0.124432	-0.13611	0.714885	0.0851096	0	0	-0.092969	-0.0781149	0.0374278	1.15756	-0.449995	0	0	-0.684485	0.107069	-0.00302904	-0.0519167	-0.202991	-0.0368391	0.688366	1.15114	0	0	0.0966389	-0.206385	-0.0523114	1.11533	1.24401	0	0
1.52833	-0.0320953	-0.327466	-1.45264	0.320073	1.05061	1.85484	0.188157	0.12452	-0.135606	0.715319	0.0922202	0	0	-0.0802217	-0.0795352	0.0366998	1.16495	-0.440137	0	0	-0.684618	0.106489	-0.0018498	-0.0470867	-0.204024	-0.0348242	0.693327	1.15202	0	0	0.0955666	-0.205534	-0.0467226	1.1037	1.24357	0	0
1.53233	-0.0312293	-0.327096	-1.45188	0.319985	1.05152	1.86027	0.182633	0.124554	-0.134953	0.715387	0.0989967	0	0	-0.0677418	-0.0806866	0.0360027	1.17139	-0.429689	0	0	-0.684826	0.105736	-0.000595205	-0.0422695	-0.205115	-0.032828	0.698486	1.15301	0	0	0.0943906	-0.20466	-0.041242	1.09208	1.24308	0	0
1.53632	-0.0302805	-0.326808	-1.45128	0.319899	1.05244	1.8657	0.176843	0.124535	-0.134148	0.715121	0.105447	0	0	-0.0555414	-0.0815788	0.0353069	1.17686	-0.418731	0	0	-0.685103	0.10481	0.000740523	-0.0374714	-0.206263	-0.0308633	0.703848	1.1541	0	0	0.0931073	-0.203755	-0.0358859	1.0805	1.24253	0	0
1.54031	-0.0292535	-0.326591	-1.45085	0.319813	1.05338	1.87111	0.170814	0.124462	-0.133192	0.714552	0.111578	0	0	-0.0436276	-0.0822255	0.0345827	1.18135	-0.407338	0	0	-0.685437	0.10371	0.00216136	-0.0326974	-0.207467	-0.0289407	0.709413	1.15531	0	0	0.0917133	-0.202812	-0.0306705	1.06896	1.24195	0	0
1.5443	-0.0281535	-0.326436	-1.45061	0.319728	1.05432	1.87652	0.164576	0.124335	-0.132088	0.71371	0.117402	0	0	-0.032003	-0.0826431	0.0338009	1.18486	-0.395581	0	0	-0.68582	0.102442	0.00366949	-0.0279512	-0.208725	-0.0270683	0.715182	1.15663	0	0	0.0902059	-0.201825	-0.0256111	1.05747	1.24132	0	0
1.54829	-0.0269863	-0.32633	-1.45055	0.319645	1.05527	1.88192	0.158157	0.124157	-0.130838	0.712625	0.122928	0	0	-0.0206673	-0.0828512	0.0329335	1.1874	-0.383523	0	0	-0.686241	0.10101	0.00526562	-0.0232356	-0.210035	-0.0252521	0.721155	1.15807	0	0	0.0885828	-0.200789	-0.0207222	1.04605	1.24065	0	0
1.55228	-0.0257585	-0.326264	-1.45067	0.319562	1.05622	1.88732	0.151584	0.123927	-0.129449	0.711325	0.128167	0	0	-0.00961871	-0.0828702	0.0319539	1.18897	-0.371224	0	0	-0.686688	0.099422	0.00694981	-0.0185526	-0.211396	-0.0234952	0.727329	1.15965	0	0	0.0868421	-0.199697	-0.0160168	1.03471	1.23993	0	0
1.55627	-0.0244763	-0.326229	-1.45097	0.31948	1.05717	1.89271	0.144884	0.123647	-0.127926	0.709839	0.133132	0	0	0.00114478	-0.0827214	0.0308372	1.18959	-0.358737	0	0	-0.687154	0.0976838	0.00872188	-0.0139038	-0.212806	-0.0217986	0.733703	1.16137	0	0	0.0849823	-0.198545	-0.0115065	1.02346	1.23918	0	0
1.56026	-0.0231464	-0.326215	-1.45145	0.319399	1.05813	1.8981	0.138081	0.12332	-0.126276	0.708191	0.137836	0	0	0.0116252	-0.082426	0.0295609	1.18925	-0.346112	0	0	-0.68763	0.0958034	0.0105814	-0.00929013	-0.214265	-0.0201609	0.740273	1.16324	0	0	0.0830026	-0.197329	-0.00720105	1.0123	1.23839	0	0
1.56425	-0.021775	-0.326218	-1.45212	0.319319	1.05909	1.90348	0.131195	0.122946	-0.124507	0.706408	0.142291	0	0	0.0218249	-0.0820047	0.0281056	1.18799	-0.333397	0	0	-0.688109	0.0937892	0.0125275	-0.00471245	-0.215771	-0.0185804	0.747038	1.16527	0	0	0.0809028	-0.196045	-0.00310819	1.00124	1.23755	0	0
1.56824	-0.0203688	-0.32623	-1.45296	0.319241	1.06005	1.90886	0.124245	0.122528	-0.122627	0.704512	0.146513	0	0	0.0317467	-0.0814779	0.0264558	1.18582	-0.320633	0	0	-0.688586	0.0916502	0.0145582	-0.000171486	-0.217323	-0.0170563	0.753992	1.16746	0	0	0.0786835	-0.194691	0.000766154	0.9903	1.23666	0	0
1.57223	-0.018934	-0.326248	-1.45398	0.319163	1.061	1.91424	0.11725	0.122069	-0.120646	0.702524	0.150515	0	0	0.0413937	-0.0808646	0.0246006	1.18276	-0.307859	0	0	-0.689057	0.0893961	0.0166711	0.00433204	-0.218918	-0.0155885	0.761135	1.16981	0	0	0.0763462	-0.193265	0.004418	0.979471	1.23573	0	0
1.57622	-0.017477	-0.326269	-1.45517	0.319086	1.06195	1.91962	0.110223	0.121571	-0.118572	0.700464	0.154312	0	0	0.05077	-0.0801824	0.022533	1.17883	-0.295112	0	0	-0.689519	0.0870375	0.0188631	0.00879748	-0.220556	-0.0141773	0.768461	1.17231	0	0	0.0738932	-0.191766	0.00784539	0.96876	1.23475	0	0
1.58021	-0.016004	-0.326289	-1.45652	0.31901	1.0629	1.92499	0.103177	0.121038	-0.116417	0.698347	0.157919	0	0	0.0598797	-0.0794473	0.0202508	1.17407	-0.282423	0	0	-0.689969	0.084585	0.0211305	0.0132245	-0.222234	-0.0128221	0.775965	1.17494	0	0	0.0713277	-0.190194	0.0110485	0.95817	1.23371	0	0
1.5842	-0.0145209	-0.326308	-1.45803	0.318936	1.06384	1.93037	0.0961226	0.120474	-0.114191	0.696191	0.161352	0	0	0.0687276	-0.078673	0.0177555	1.1685	-0.269821	0	0	-0.690407	0.0820492	0.0234695	0.017613	-0.22395	-0.0115217	0.783645	1.17768	0	0	0.0686533	-0.18855	0.0140295	0.947703	1.23261	0	0
1.58819	-0.0130331	-0.326324	-1.45968	0.318863	1.06478	1.93574	0.0890685	0.11988	-0.111905	0.694006	0.164624	0	0	0.0773192	-0.0778714	0.0150523	1.16215	-0.257332	0	0	-0.690832	0.0794407	0.0258761	0.0219635	-0.225702	-0.0102742	0.791493	1.1805	0	0	0.0658744	-0.186835	0.0167921	0.93736	1.23146	0	0
1.59218	-0.0115458	-0.326338	-1.46147	0.31879	1.0657	1.94112	0.0820215	0.119262	-0.109569	0.691806	0.167752	0	0	0.0856607	-0.0770522	0.0121496	1.15506	-0.244977	0	0	-0.691245	0.0767697	0.0283461	0.026277	-0.227489	-0.00907667	0.799502	1.18337	0	0	0.0629956	-0.185051	0.0193419	0.927141	1.23024	0	0
1.59617	-0.0100636	-0.326349	-1.46339	0.318719	1.06662	1.94649	0.0749871	0.118621	-0.107193	0.689599	0.170748	0	0	0.0937597	-0.0762233	0.00905834	1.14727	-0.232772	0	0	-0.691647	0.0740455	0.0308751	0.0305549	-0.229309	-0.00792513	0.807667	1.18625	0	0	0.0600219	-0.183201	0.0216859	0.917044	1.22897	0	0
1.60016	-0.00859032	-0.326359	-1.46543	0.31865	1.06753	1.95187	0.0679697	0.117962	-0.104788	0.687393	0.173626	0	0	0.101625	-0.0753908	0.00579142	1.1388	-0.220732	0	0	-0.69204	0.0712772	0.0334588	0.0347992	-0.231161	-0.00681503	0.815977	1.18913	0	0	0.0569586	-0.181287	0.0238324	0.907069	1.22764	0	0
1.60415	-0.00712926	-0.326367	-1.46758	0.318581	1.06844	1.95724	0.0609723	0.117286	-0.102361	0.685196	0.176399	0	0	0.109265	-0.074559	0.0023634	1.1297	-0.208866	0	0	-0.692426	0.0684724	0.0360927	0.0390123	-0.233043	-0.00574148	0.824424	1.19199	0	0	0.053811	-0.179315	0.0257911	0.897214	1.22624	0	0
1.60814	-0.00568274	-0.326376	-1.46983	0.318513	1.06933	1.96262	0.0539971	0.116597	-0.0999202	0.683014	0.179078	0	0	0.116692	-0.0737307	-0.00121017	1.12001	-0.197179	0	0	-0.692806	0.0656379	0.0387724	0.043197	-0.234953	-0.0046995	0.832998	1.1948	0	0	0.0505841	-0.177288	0.0275729	0.887477	1.22479	0	0
1.61213	-0.0042523	-0.326385	-1.47217	0.318447	1.07022	1.96799	0.047045	0.115896	-0.0974718	0.680851	0.181676	0	0	0.123917	-0.0729073	-0.00491318	1.10978	-0.185672	0	0	-0.693183	0.0627794	0.0414934	0.0473561	-0.23689	-0.00368378	0.841688	1.19754	0	0	0.0472834	-0.17521	0.0291899	0.877856	1.22329	0	0
1.61612	-0.00283875	-0.326396	-1.4746	0.318381	1.0711	1.97337	0.0401163	0.115184	-0.0950211	0.67871	0.184201	0	0	0.130952	-0.072089	-0.00872935	1.09905	-0.174344	0	0	-0.69356	0.0599016	0.0442515	0.0514928	-0.238852	-0.00268903	0.850483	1.20022	0	0	0.0439138	-0.173089	0.0306552	0.868348	1.22173	0	0
1.62011	-0.00144235	-0.32641	-1.4771	0.318317	1.07197	1.97875	0.033211	0.114464	-0.0925721	0.676596	0.186664	0	0	0.137813	-0.0712756	-0.0126425	1.08786	-0.163189	0	0	-0.693938	0.0570087	0.0470423	0.0556102	-0.240836	-0.00171042	0.859373	1.20282	0	0	0.0404812	-0.170927	0.0319822	0.858949	1.22013	0	0
1.62411	-6.29089e-05	-0.326428	-1.47966	0.318253	1.07284	1.98412	0.0263284	0.113737	-0.0901279	0.674509	0.189074	0	0	0.144513	-0.0704665	-0.0166369	1.07627	-0.152198	0	0	-0.694319	0.0541043	0.049861	0.0597112	-0.24284	-0.000743691	0.868346	1.20535	0	0	0.0369913	-0.168732	0.0331851	0.849652	1.21848	0	0
1.6281	0.00130015	-0.32645	-1.48228	0.31819	1.0737	1.9895	0.0194664	0.113005	-0.0876911	0.67245	0.191438	0	0	0.151069	-0.0696612	-0.0206969	1.06431	-0.141361	0	0	-0.694703	0.0511925	0.0527022	0.0637981	-0.244861	0.000214978	0.87739	1.20779	0	0	0.0334501	-0.166508	0.0342785	0.840449	1.21678	0	0
1.63209	0.00264773	-0.326477	-1.48494	0.318128	1.07455	1.99488	0.0126219	0.11227	-0.085264	0.670417	0.193765	0	0	0.157498	-0.0688594	-0.0248075	1.05205	-0.130661	0	0	-0.695093	0.048277	0.0555599	0.067873	-0.246896	0.0011688	0.886495	1.21015	0	0	0.0298632	-0.164261	0.0352773	0.83133	1.21505	0	0
1.63608	0.00398117	-0.32651	-1.48764	0.318066	1.0754	2.00026	0.00579108	0.111533	-0.0828479	0.66841	0.196062	0	0	0.163815	-0.0680607	-0.028955	1.03953	-0.120083	0	0	-0.695487	0.0453609	0.0584284	0.0719375	-0.248943	0.00212012	0.895649	1.21245	0	0	0.0262364	-0.161997	0.0361963	0.822286	1.21329	0	0
1.64007	0.00530211	-0.326551	-1.49036	0.318005	1.07625	2.00563	-0.00102989	0.110797	-0.0804436	0.666424	0.198336	0	0	0.170039	-0.0672642	-0.0331276	1.02678	-0.109608	0	0	-0.695887	0.0424465	0.0613033	0.0759932	-0.250998	0.00307031	0.904843	1.21468	0	0	0.0225755	-0.159719	0.0370502	0.813306	1.2115	0	0
1.64406	0.00661251	-0.326598	-1.4931	0.317944	1.07709	2.01101	-0.00784433	0.110061	-0.0780506	0.664456	0.200593	0	0	0.176185	-0.0664694	-0.037316	1.01387	-0.0992184	0	0	-0.696291	0.0395353	0.0641811	0.0800416	-0.253058	0.00401989	0.914067	1.21687	0	0	0.0188867	-0.157433	0.0378529	0.804378	1.20969	0	0
1.64805	0.00791449	-0.326651	-1.49584	0.317884	1.07793	2.01639	-0.014655	0.109327	-0.0756676	0.662502	0.202839	0	0	0.182273	-0.0656755	-0.0415129	1.00082	-0.0888943	0	0	-0.696701	0.0366278	0.0670594	0.0840844	-0.255122	0.0049689	0.923313	1.21901	0	0	0.0151762	-0.155141	0.0386173	0.795492	1.20786	0	0
1.65204	0.00921022	-0.326709	-1.4986	0.317824	1.07877	2.02177	-0.0214639	0.108593	-0.0732926	0.660559	0.205076	0	0	0.188318	-0.0648821	-0.0457135	0.98769	-0.0786178	0	0	-0.697115	0.0337238	0.0699369	0.0881231	-0.257188	0.0059174	0.932574	1.22113	0	0	0.01145	-0.152846	0.0393551	0.786636	1.20602	0	0
1.65603	0.0105018	-0.326771	-1.50136	0.317763	1.07961	2.02715	-0.028272	0.107862	-0.0709232	0.658621	0.207309	0	0	0.194335	-0.0640888	-0.0499149	0.974498	-0.068372	0	0	-0.697532	0.0308225	0.0728132	0.0921594	-0.259254	0.00686557	0.941844	1.22323	0	0	0.00771371	-0.15055	0.0400762	0.7778	1.20417	0	0
1.66002	0.011791	-0.326834	-1.50411	0.317703	1.08045	2.03252	-0.0350795	0.107131	-0.0685571	0.656687	0.20954	0	0	0.200338	-0.0632956	-0.054116	0.961275	-0.0581431	0	0	-0.697951	0.0279232	0.0756883	0.0961945	-0.261322	0.00781362	0.951119	1.22533	0	0	0.00397215	-0.148253	0.0407885	0.768975	1.20231	0	0
1.66401	0.0130794	-0.326898	-1.50687	0.317643	1.08128	2.0379	-0.0418869	0.1064	-0.0661923	0.654755	0.21177	0	0	0.206337	-0.0625023	-0.0583168	0.948042	-0.0479203	0	0	-0.698371	0.0250247	0.078563	0.100229	-0.263389	0.00876166	0.960396	1.22742	0	0	0.00022878	-0.145956	0.0414977	0.760154	1.20046	0	0
