sample_id,DB,Participant,Trial,Leg_Used,analysis,method,fold,true_label,predicted_label,correct,predicted_probability
1,DB1,P27,DB1_P27_C3_T01_relabeled,L,primary,wf1_timeserieswise,1,DB1,DB1,True,0.9999988079071045
8,DB5,P05,DB5_P05_T22_l_slow_relabeled,L,primary,wf1_timeserieswise,1,DB5,DB5,True,0.9999544620513916
19,DB5,P05,DB5_P05_T36_r_slow_relabeled,L,primary,wf1_timeserieswise,1,DB5,DB5,True,0.9999308586120605
20,DB4,P55,DB4_P55_T04_relabeled,R,primary,wf1_timeserieswise,1,DB4,DB4,True,0.9999134540557861
28,DB5,P08,DB5_P08_T03_r_fast_relabeled,L,primary,wf1_timeserieswise,1,DB5,DB5,True,0.9999996423721313
33,DB5,P08,DB5_P08_T07_r_comf_relabeled,L,primary,wf1_timeserieswise,1,DB5,DB5,True,0.9999940395355225
35,DB4,P55,DB4_P55_T14_relabeled,R,primary,wf1_timeserieswise,1,DB4,DB4,True,0.9999747276306152
39,DB2,P08,DB2_P08_T02_-130_relabeled,L,primary,wf1_timeserieswise,1,DB2,DB2,True,0.9999889135360718
40,DB4,P24,DB4_P24_T21_relabeled,R,primary,wf1_timeserieswise,1,DB4,DB4,True,0.9999878406524658
41,DB4,P22,DB4_P22_T05_relabeled,R,primary,wf1_timeserieswise,1,DB4,DB4,True,0.999971866607666
46,DB3,P01,DB3_P01_A_T12_relabeled,L,primary,wf1_timeserieswise,1,DB3,DB3,True,0.998428225517273
50,DB5,P17,DB5_P17_T37_r_slow_relabeled,L,primary,wf1_timeserieswise,1,DB5,DB5,True,0.9999953508377075
60,DB5,P17,DB5_P17_T12_r_comf_relabeled,L,primary,wf1_timeserieswise,1,DB5,DB5,True,0.9999979734420776
62,DB2,P13,DB2_P13_T02_-130_relabeled,L,primary,wf1_timeserieswise,1,DB2,DB2,True,0.9999973773956299
63,DB5,P05,DB5_P05_T27_l_slow_relabeled,L,primary,wf1_timeserieswise,1,DB5,DB5,True,0.9997844099998474
65,DB4,P07,DB4_P07_T20_relabeled,R,primary,wf1_timeserieswise,1,DB4,DB4,True,0.9999915361404419
68,DB4,P51,DB4_P51_T11_relabeled,R,primary,wf1_timeserieswise,1,DB4,DB4,True,0.9999717473983765
86,DB4,P17,DB4_P17_T20_relabeled,R,primary,wf1_timeserieswise,1,DB4,DB4,True,0.9972701668739319
91,DB4,P22,DB4_P22_T15_relabeled,L,primary,wf1_timeserieswise,1,DB4,DB4,True,0.9999401569366455
95,DB4,P07,DB4_P07_T19_relabeled,R,primary,wf1_timeserieswise,1,DB4,DB4,True,0.999988317489624
97,DB4,P24,DB4_P24_T12_relabeled,L,primary,wf1_timeserieswise,1,DB4,DB4,True,0.999927282333374
102,DB5,P17,DB5_P17_T04_l_comf_relabeled,L,primary,wf1_timeserieswise,1,DB5,DB5,True,0.9999995231628418
103,DB5,P08,DB5_P08_T02_r_comf_relabeled,L,primary,wf1_timeserieswise,1,DB5,DB5,True,0.9999934434890747
106,DB1,P29,DB1_P29_C2_T03_relabeled,L,primary,wf1_timeserieswise,1,DB1,DB1,True,1.0
109,DB4,P11,DB4_P11_T17_relabeled,L,primary,wf1_timeserieswise,1,DB4,DB4,True,0.9999353885650635
110,DB1,P27,DB1_P27_C2_T01_relabeled,L,primary,wf1_timeserieswise,1,DB1,DB1,True,0.9999992847442627
113,DB5,P11,DB5_P11_T21_r_comf_relabeled,L,primary,wf1_timeserieswise,1,DB5,DB5,True,0.9999991655349731
116,DB4,P07,DB4_P07_T03_relabeled,R,primary,wf1_timeserieswise,1,DB4,DB4,True,0.9999890327453613
119,DB2,P08,DB2_P08_T05_65_relabeled,L,primary,wf1_timeserieswise,1,DB2,DB2,True,0.9999897480010986
143,DB3,P02,DB3_P02_A_T01_relabeled,R,primary,wf1_timeserieswise,1,DB3,DB3,True,0.9984978437423706
153,DB4,P51,DB4_P51_T19_relabeled,R,primary,wf1_timeserieswise,1,DB4,DB4,True,0.999996542930603
160,DB4,P29,DB4_P29_T14_relabeled,R,primary,wf1_timeserieswise,1,DB4,DB4,True,0.9999977350234985
162,DB4,P07,DB4_P07_T15_relabeled,R,primary,wf1_timeserieswise,1,DB4,DB4,True,0.9999885559082031
163,DB4,P22,DB4_P22_T06_relabeled,L,primary,wf1_timeserieswise,1,DB4,DB4,True,0.9999421834945679
164,DB5,P11,DB5_P11_T37_r_slow_relabeled,L,primary,wf1_timeserieswise,1,DB5,DB5,True,0.9999954700469971
165,DB3,P09,DB3_P09_A_T13,L,primary,wf1_timeserieswise,1,DB3,DB3,True,0.9972047209739685
166,DB5,P05,DB5_P05_T30_l_slow_relabeled,L,primary,wf1_timeserieswise,1,DB5,DB5,True,0.9982660412788391
174,DB4,P17,DB4_P17_T02_relabeled,R,primary,wf1_timeserieswise,1,DB4,DB4,True,0.9999977350234985
176,DB1,P29,DB1_P29_C1_T02_relabeled,L,primary,wf1_timeserieswise,1,DB1,DB1,True,1.0
183,DB4,P24,DB4_P24_T23_relabeled,R,primary,wf1_timeserieswise,1,DB4,DB4,True,0.9999772310256958
190,DB5,P17,DB5_P17_T18_r_comf_relabeled,L,primary,wf1_timeserieswise,1,DB5,DB5,True,0.999987006187439
191,DB3,P09,DB3_P09_A_T02,R,primary,wf1_timeserieswise,1,DB3,DB3,True,0.9982782602310181
192,DB5,P17,DB5_P17_T26_l_slow_relabeled,L,primary,wf1_timeserieswise,1,DB5,DB5,True,0.9999983310699463
198,DB4,P22,DB4_P22_T04_relabeled,R,primary,wf1_timeserieswise,1,DB4,DB4,True,0.9999909400939941
199,DB1,P29,DB1_P29_C3_T03_relabeled,L,primary,wf1_timeserieswise,1,DB1,DB1,True,0.9999997615814209
202,DB3,P02,DB3_P02_A_T05_relabeled,R,primary,wf1_timeserieswise,1,DB3,DB3,True,0.9982814788818359
209,DB4,P51,DB4_P51_T16_relabeled,R,primary,wf1_timeserieswise,1,DB4,DB4,True,0.9999957084655762
214,DB5,P11,DB5_P11_T32_l_slow_relabeled,L,primary,wf1_timeserieswise,1,DB5,DB5,True,0.9999958276748657
219,DB4,P22,DB4_P22_T21_relabeled,R,primary,wf1_timeserieswise,1,DB4,DB4,True,0.9999593496322632
222,DB2,P08,DB2_P08_T01_250_relabeled,L,primary,wf1_timeserieswise,1,DB2,DB2,True,0.9999939203262329
223,DB4,P24,DB4_P24_T10_relabeled,R,primary,wf1_timeserieswise,1,DB4,DB4,True,0.999234676361084
235,DB1,P14,DB1_P14_C2_T03_relabeled,L,primary,wf1_timeserieswise,1,DB1,DB1,True,0.9999957084655762
239,DB4,P29,DB4_P29_T20_relabeled,R,primary,wf1_timeserieswise,1,DB4,DB4,True,0.9999933242797852
245,DB4,P51,DB4_P51_T18_relabeled,R,primary,wf1_timeserieswise,1,DB4,DB4,True,0.9999951124191284
247,DB3,P05,DB3_P05_A_T15_relabeled,R,primary,wf1_timeserieswise,1,DB3,DB3,True,0.9963507652282715
253,DB4,P29,DB4_P29_T16_relabeled,R,primary,wf1_timeserieswise,1,DB4,DB4,True,0.9999725818634033
258,DB3,P02,DB3_P02_A_T03_relabeled,R,primary,wf1_timeserieswise,1,DB3,DB3,True,0.996904194355011
275,DB1,P50,DB1_P50_C3_T05_relabeled,L,primary,wf1_timeserieswise,1,DB1,DB1,True,0.9993849992752075
289,DB4,P51,DB4_P51_T12_relabeled,R,primary,wf1_timeserieswise,1,DB4,DB4,True,0.9999891519546509
297,DB5,P05,DB5_P05_T16_r_comf_relabeled,L,primary,wf1_timeserieswise,1,DB5,DB5,True,0.9998369216918945
300,DB1,P29,DB1_P29_C3_T02_relabeled,L,primary,wf1_timeserieswise,1,DB1,DB1,True,0.9999998807907104
303,DB5,P17,DB5_P17_T23_l_slow_relabeled,L,primary,wf1_timeserieswise,1,DB5,DB5,True,0.9999988079071045
304,DB4,P22,DB4_P22_T11_relabeled,L,primary,wf1_timeserieswise,1,DB4,DB4,True,0.9999889135360718
310,DB2,P13,DB2_P13_T04_-65_relabeled,L,primary,wf1_timeserieswise,1,DB2,DB2,True,0.9999877214431763
313,DB2,P08,DB2_P08_T04_130_relabeled,L,primary,wf1_timeserieswise,1,DB2,DB2,True,0.999995231628418
318,DB5,P17,DB5_P17_T28_l_slow_relabeled,L,primary,wf1_timeserieswise,1,DB5,DB5,True,0.9999973773956299
319,DB2,P13,DB2_P13_T05_-130_relabeled,L,primary,wf1_timeserieswise,1,DB2,DB2,True,0.9999984502792358
325,DB5,P11,DB5_P11_T27_l_slow_relabeled,L,primary,wf1_timeserieswise,1,DB5,DB5,True,0.9999979734420776
327,DB2,P13,DB2_P13_T02_-65_relabeled,L,primary,wf1_timeserieswise,1,DB2,DB2,True,0.9999709129333496
337,DB2,P08,DB2_P08_T03_130_relabeled,L,primary,wf1_timeserieswise,1,DB2,DB2,True,0.9999973773956299
341,DB5,P11,DB5_P11_T24_l_slow_relabeled,L,primary,wf1_timeserieswise,1,DB5,DB5,True,0.9999934434890747
342,DB5,P08,DB5_P08_T01_r_fast_relabeled,L,primary,wf1_timeserieswise,1,DB5,DB5,True,0.9999964237213135
344,DB5,P17,DB5_P17_T22_l_slow_relabeled,L,primary,wf1_timeserieswise,1,DB5,DB5,True,0.9999988079071045
348,DB3,P02,DB3_P02_A_T06_relabeled,L,primary,wf1_timeserieswise,1,DB3,DB3,True,0.9872473478317261
352,DB2,P08,DB2_P08_T03_-130_relabeled,L,primary,wf1_timeserieswise,1,DB2,DB2,True,0.9999929666519165
354,DB5,P17,DB5_P17_T17_r_comf_relabeled,L,primary,wf1_timeserieswise,1,DB5,DB5,True,0.9999943971633911
355,DB4,P07,DB4_P07_T07_relabeled,R,primary,wf1_timeserieswise,1,DB4,DB4,True,0.9999922513961792
359,DB4,P51,DB4_P51_T06_relabeled,R,primary,wf1_timeserieswise,1,DB4,DB4,True,0.9999451637268066
364,DB5,P17,DB5_P17_T16_r_comf_relabeled,L,primary,wf1_timeserieswise,1,DB5,DB5,True,0.999995231628418
376,DB4,P22,DB4_P22_T03_relabeled,R,primary,wf1_timeserieswise,1,DB4,DB4,True,0.9999885559082031
378,DB4,P17,DB4_P17_T16_relabeled,R,primary,wf1_timeserieswise,1,DB4,DB4,True,0.9999698400497437
381,DB5,P05,DB5_P05_T35_r_slow_relabeled,L,primary,wf1_timeserieswise,1,DB5,DB5,True,0.9998420476913452
386,DB4,P55,DB4_P55_T19_relabeled,R,primary,wf1_timeserieswise,1,DB4,DB4,True,0.9999778270721436
387,DB4,P11,DB4_P11_T16_relabeled,L,primary,wf1_timeserieswise,1,DB4,DB4,True,0.9998853206634521
389,DB2,P08,DB2_P08_T05_p_relabeled,L,primary,wf1_timeserieswise,1,DB2,DB2,True,0.9999819993972778
391,DB4,P17,DB4_P17_T09_relabeled,R,primary,wf1_timeserieswise,1,DB4,DB4,True,0.9999939203262329
394,DB4,P22,DB4_P22_T12_relabeled,R,primary,wf1_timeserieswise,1,DB4,DB4,True,0.9999872446060181
396,DB3,P02,DB3_P02_A_T11_relabeled,R,primary,wf1_timeserieswise,1,DB3,DB3,True,0.9991461038589478
402,DB5,P11,DB5_P11_T12_l_comf_relabeled,L,primary,wf1_timeserieswise,1,DB5,DB5,True,0.9999808073043823
406,DB4,P55,DB4_P55_T20_relabeled,R,primary,wf1_timeserieswise,1,DB4,DB4,True,0.9999784231185913
408,DB3,P09,DB3_P09_A_T04,R,primary,wf1_timeserieswise,1,DB3,DB3,True,0.9987772107124329
409,DB2,P13,DB2_P13_T01_p_relabeled,L,primary,wf1_timeserieswise,1,DB2,DB2,True,0.9999727010726929
410,DB4,P24,DB4_P24_T18_relabeled,R,primary,wf1_timeserieswise,1,DB4,DB4,True,0.9999703168869019
415,DB3,P01,DB3_P01_A_T08_relabeled,R,primary,wf1_timeserieswise,1,DB3,DB3,True,0.995776355266571
434,DB4,P29,DB4_P29_T09_relabeled,R,primary,wf1_timeserieswise,1,DB4,DB4,True,0.9999935626983643
437,DB3,P02,DB3_P02_A_T13_relabeled,L,primary,wf1_timeserieswise,1,DB3,DB3,True,0.996024489402771
446,DB4,P07,DB4_P07_T21_relabeled,R,primary,wf1_timeserieswise,1,DB4,DB4,True,0.9999454021453857
454,DB4,P29,DB4_P29_T10_relabeled,R,primary,wf1_timeserieswise,1,DB4,DB4,True,0.9987414479255676
459,DB2,P08,DB2_P08_T04_-65_relabeled,L,primary,wf1_timeserieswise,1,DB2,DB2,True,0.999997615814209
463,DB4,P17,DB4_P17_T18_relabeled,L,primary,wf1_timeserieswise,1,DB4,DB4,True,0.9999988079071045
464,DB5,P05,DB5_P05_T20_r_comf_relabeled,L,primary,wf1_timeserieswise,1,DB5,DB5,True,0.9998939037322998
473,DB5,P17,DB5_P17_T33_r_slow_relabeled,L,primary,wf1_timeserieswise,1,DB5,DB5,True,0.9999858140945435
480,DB4,P55,DB4_P55_T10_relabeled,R,primary,wf1_timeserieswise,1,DB4,DB4,True,0.999996542930603
488,DB4,P22,DB4_P22_T19_relabeled,L,primary,wf1_timeserieswise,1,DB4,DB4,True,0.9999868869781494
490,DB5,P11,DB5_P11_T01_l_comf_relabeled,L,primary,wf1_timeserieswise,1,DB5,DB5,True,0.9999985694885254
496,DB5,P05,DB5_P05_T37_r_slow_relabeled,L,primary,wf1_timeserieswise,1,DB5,DB5,True,0.9999299049377441
501,DB4,P55,DB4_P55_T02_relabeled,R,primary,wf1_timeserieswise,1,DB4,DB4,True,0.9999773502349854
513,DB4,P55,DB4_P55_T06_relabeled,R,primary,wf1_timeserieswise,1,DB4,DB4,True,0.9999257326126099
525,DB4,P07,DB4_P07_T14_relabeled,R,primary,wf1_timeserieswise,1,DB4,DB4,True,0.9999899864196777
527,DB5,P05,DB5_P05_T42_r_slow_relabeled,L,primary,wf1_timeserieswise,1,DB5,DB5,True,0.9998430013656616
530,DB4,P11,DB4_P11_T10_relabeled,L,primary,wf1_timeserieswise,1,DB4,DB4,True,0.9999898672103882
531,DB3,P01,DB3_P01_A_T05_relabeled,R,primary,wf1_timeserieswise,1,DB3,DB3,True,0.9978697299957275
536,DB5,P17,DB5_P17_T35_r_slow_relabeled,L,primary,wf1_timeserieswise,1,DB5,DB5,True,0.9999970197677612
543,DB5,P17,DB5_P17_T24_l_slow_relabeled,L,primary,wf1_timeserieswise,1,DB5,DB5,True,0.9999979734420776
544,DB4,P11,DB4_P11_T14_relabeled,R,primary,wf1_timeserieswise,1,DB4,DB4,True,0.9992294311523438
546,DB4,P11,DB4_P11_T20_relabeled,L,primary,wf1_timeserieswise,1,DB4,DB4,True,0.9898062348365784
547,DB5,P11,DB5_P11_T09_l_comf_relabeled,L,primary,wf1_timeserieswise,1,DB5,DB5,True,0.999990701675415
548,DB5,P08,DB5_P08_T02_r_fast_relabeled,L,primary,wf1_timeserieswise,1,DB5,DB5,True,0.9999996423721313
555,DB5,P05,DB5_P05_T31_l_slow_relabeled,L,primary,wf1_timeserieswise,1,DB5,DB5,True,0.9995225667953491
559,DB4,P51,DB4_P51_T03_relabeled,R,primary,wf1_timeserieswise,1,DB4,DB4,True,0.9999773502349854
562,DB4,P24,DB4_P24_T17_relabeled,R,primary,wf1_timeserieswise,1,DB4,DB4,True,0.9999430179595947
563,DB5,P05,DB5_P05_T26_l_slow_relabeled,L,primary,wf1_timeserieswise,1,DB5,DB5,True,0.9995207786560059
566,DB4,P51,DB4_P51_T14_relabeled,R,primary,wf1_timeserieswise,1,DB4,DB4,True,0.999987006187439
569,DB3,P09,DB3_P09_A_T12,R,primary,wf1_timeserieswise,1,DB3,DB3,True,0.9993507266044617
578,DB4,P55,DB4_P55_T23_relabeled,R,primary,wf1_timeserieswise,1,DB4,DB4,True,0.9999908208847046
580,DB5,P05,DB5_P05_T23_l_slow_relabeled,L,primary,wf1_timeserieswise,1,DB5,DB5,True,0.9997932314872742
594,DB1,P29,DB1_P29_C2_T01_relabeled,L,primary,wf1_timeserieswise,1,DB1,DB1,True,1.0
595,DB4,P55,DB4_P55_T12_relabeled,R,primary,wf1_timeserieswise,1,DB4,DB4,True,0.9999428987503052
602,DB2,P13,DB2_P13_T01_65_relabeled,L,primary,wf1_timeserieswise,1,DB2,DB2,True,0.9999772310256958
603,DB5,P17,DB5_P17_T25_l_slow_relabeled,L,primary,wf1_timeserieswise,1,DB5,DB5,True,0.9999964237213135
605,DB5,P17,DB5_P17_T15_r_comf_relabeled,L,primary,wf1_timeserieswise,1,DB5,DB5,True,0.999997615814209
610,DB4,P22,DB4_P22_T23_relabeled,R,primary,wf1_timeserieswise,1,DB4,DB4,True,0.9999645948410034
612,DB3,P05,DB3_P05_A_T16_relabeled,L,primary,wf1_timeserieswise,1,DB3,DB3,True,0.9948933124542236
613,DB3,P09,DB3_P09_A_T08,R,primary,wf1_timeserieswise,1,DB3,DB3,True,0.9943941831588745
619,DB4,P07,DB4_P07_T04_relabeled,R,primary,wf1_timeserieswise,1,DB4,DB4,True,0.9999905824661255
622,DB5,P17,DB5_P17_T38_r_slow_relabeled,L,primary,wf1_timeserieswise,1,DB5,DB5,True,0.9999977350234985
623,DB5,P05,DB5_P05_T25_l_slow_relabeled,L,primary,wf1_timeserieswise,1,DB5,DB5,True,0.9998362064361572
630,DB4,P07,DB4_P07_T18_relabeled,R,primary,wf1_timeserieswise,1,DB4,DB4,True,0.9999747276306152
644,DB1,P27,DB1_P27_C3_T04_relabeled,L,primary,wf1_timeserieswise,1,DB1,DB1,True,0.9999960660934448
662,DB4,P22,DB4_P22_T14_relabeled,R,primary,wf1_timeserieswise,1,DB4,DB4,True,0.9998666048049927
664,DB4,P51,DB4_P51_T02_relabeled,R,primary,wf1_timeserieswise,1,DB4,DB4,True,0.9999955892562866
679,DB4,P24,DB4_P24_T22_relabeled,R,primary,wf1_timeserieswise,1,DB4,DB4,True,0.999983549118042
693,DB5,P05,DB5_P05_T24_l_slow_relabeled,L,primary,wf1_timeserieswise,1,DB5,DB5,True,0.9998071789741516
699,DB4,P29,DB4_P29_T02_relabeled,R,primary,wf1_timeserieswise,1,DB4,DB4,True,0.999980092048645
707,DB4,P17,DB4_P17_T04_relabeled,R,primary,wf1_timeserieswise,1,DB4,DB4,True,0.999991774559021
713,DB5,P11,DB5_P11_T23_l_slow_relabeled,L,primary,wf1_timeserieswise,1,DB5,DB5,True,0.9999974966049194
724,DB4,P55,DB4_P55_T13_relabeled,R,primary,wf1_timeserieswise,1,DB4,DB4,True,0.9999369382858276
726,DB2,P13,DB2_P13_T01_-65_relabeled,L,primary,wf1_timeserieswise,1,DB2,DB2,True,0.9999990463256836
728,DB1,P25,DB1_P25_C2_T03_relabeled,R,primary,wf1_timeserieswise,1,DB1,DB1,True,0.9999997615814209
729,DB1,P29,DB1_P29_C3_T05_relabeled,L,primary,wf1_timeserieswise,1,DB1,DB1,True,0.9999995231628418
751,DB5,P17,DB5_P17_T31_r_slow_relabeled,L,primary,wf1_timeserieswise,1,DB5,DB5,True,0.9999899864196777
755,DB4,P11,DB4_P11_T12_relabeled,L,primary,wf1_timeserieswise,1,DB4,DB4,True,0.9999836683273315
768,DB4,P07,DB4_P07_T08_relabeled,R,primary,wf1_timeserieswise,1,DB4,DB4,True,0.9999932050704956
780,DB3,P01,DB3_P01_A_T10_relabeled,L,primary,wf1_timeserieswise,1,DB3,DB3,True,0.9990708827972412
785,DB3,P02,DB3_P02_A_T09_relabeled,R,primary,wf1_timeserieswise,1,DB3,DB3,True,0.9989205598831177
786,DB5,P11,DB5_P11_T35_r_slow_relabeled,L,primary,wf1_timeserieswise,1,DB5,DB5,True,0.9999984502792358
788,DB4,P24,DB4_P24_T24_relabeled,R,primary,wf1_timeserieswise,1,DB4,DB4,True,0.9999558925628662
791,DB4,P29,DB4_P29_T21_relabeled,R,primary,wf1_timeserieswise,1,DB4,DB4,True,0.999983549118042
792,DB4,P55,DB4_P55_T08_relabeled,R,primary,wf1_timeserieswise,1,DB4,DB4,True,0.9999663829803467
793,DB3,P05,DB3_P05_A_T09_relabeled,L,primary,wf1_timeserieswise,1,DB3,DB3,True,0.9973803162574768
796,DB2,P13,DB2_P13_T03_130_relabeled,L,primary,wf1_timeserieswise,1,DB2,DB2,True,0.9999934434890747
800,DB4,P29,DB4_P29_T13_relabeled,R,primary,wf1_timeserieswise,1,DB4,DB4,True,0.9999213218688965
803,DB4,P24,DB4_P24_T15_relabeled,R,primary,wf1_timeserieswise,1,DB4,DB4,True,0.9999879598617554
809,DB5,P08,DB5_P08_T01_r_comf_relabeled,L,primary,wf1_timeserieswise,1,DB5,DB5,True,0.9999980926513672
810,DB3,P02,DB3_P02_A_T12_relabeled,L,primary,wf1_timeserieswise,1,DB3,DB3,True,0.9973771572113037
826,DB5,P17,DB5_P17_T08_l_comf_relabeled,L,primary,wf1_timeserieswise,1,DB5,DB5,True,0.9999945163726807
828,DB5,P11,DB5_P11_T31_l_slow_relabeled,L,primary,wf1_timeserieswise,1,DB5,DB5,True,0.9999910593032837
829,DB1,P50,DB1_P50_C2_T02_relabeled,L,primary,wf1_timeserieswise,1,DB1,DB1,True,0.9999545812606812
835,DB4,P22,DB4_P22_T10_relabeled,R,primary,wf1_timeserieswise,1,DB4,DB4,True,0.999855637550354
865,DB1,P50,DB1_P50_C2_T05_relabeled,L,primary,wf1_timeserieswise,1,DB1,DB1,True,0.9998525381088257
869,DB2,P08,DB2_P08_T03_-65_relabeled,L,primary,wf1_timeserieswise,1,DB2,DB2,True,0.9999854564666748
870,DB4,P55,DB4_P55_T05_relabeled,R,primary,wf1_timeserieswise,1,DB4,DB4,True,0.9999430179595947
873,DB2,P08,DB2_P08_T02_p_relabeled,L,primary,wf1_timeserieswise,1,DB2,DB2,True,0.9999661445617676
874,DB4,P17,DB4_P17_T03_relabeled,R,primary,wf1_timeserieswise,1,DB4,DB4,True,0.9999974966049194
877,DB1,P44,DB1_P44_C3_T01_relabeled,L,primary,wf1_timeserieswise,1,DB1,DB1,True,0.9997075200080872
882,DB4,P51,DB4_P51_T09_relabeled,R,primary,wf1_timeserieswise,1,DB4,DB4,True,0.999994158744812
885,DB1,P44,DB1_P44_C3_T02_relabeled,L,primary,wf1_timeserieswise,1,DB1,DB1,True,0.9999886751174927
893,DB3,P01,DB3_P01_A_T09_relabeled,L,primary,wf1_timeserieswise,1,DB3,DB3,True,0.9968876242637634
902,DB5,P08,DB5_P08_T05_r_fast_relabeled,L,primary,wf1_timeserieswise,1,DB5,DB5,True,0.9999997615814209
911,DB4,P17,DB4_P17_T05_relabeled,R,primary,wf1_timeserieswise,1,DB4,DB4,True,0.9999939203262329
919,DB5,P05,DB5_P05_T06_l_comf_relabeled,L,primary,wf1_timeserieswise,1,DB5,DB5,True,0.9995939135551453
926,DB5,P11,DB5_P11_T33_r_slow_relabeled,L,primary,wf1_timeserieswise,1,DB5,DB5,True,0.9999978542327881
927,DB1,P44,DB1_P44_C2_T02_relabeled,L,primary,wf1_timeserieswise,1,DB1,DB1,True,0.9999996423721313
933,DB3,P05,DB3_P05_A_T05_relabeled,L,primary,wf1_timeserieswise,1,DB3,DB3,True,0.9996190071105957
936,DB5,P17,DB5_P17_T34_r_slow_relabeled,L,primary,wf1_timeserieswise,1,DB5,DB5,True,0.9999986886978149
949,DB3,P05,DB3_P05_A_T01_relabeled,L,primary,wf1_timeserieswise,1,DB3,DB3,True,0.9988260865211487
950,DB5,P17,DB5_P17_T36_r_slow_relabeled,L,primary,wf1_timeserieswise,1,DB5,DB5,True,0.9999991655349731
953,DB4,P07,DB4_P07_T02_relabeled,R,primary,wf1_timeserieswise,1,DB4,DB4,True,0.9999905824661255
955,DB5,P11,DB5_P11_T36_r_slow_relabeled,L,primary,wf1_timeserieswise,1,DB5,DB5,True,0.9999958276748657
973,DB2,P13,DB2_P13_T03_p_relabeled,L,primary,wf1_timeserieswise,1,DB2,DB2,True,0.9999823570251465
992,DB4,P29,DB4_P29_T08_relabeled,R,primary,wf1_timeserieswise,1,DB4,DB4,True,0.9998971223831177
993,DB5,P05,DB5_P05_T04_l_comf_relabeled,L,primary,wf1_timeserieswise,1,DB5,DB5,True,0.9993222951889038
1017,DB4,P29,DB4_P29_T06_relabeled,R,primary,wf1_timeserieswise,1,DB4,DB4,True,0.999980092048645
1019,DB5,P08,DB5_P08_T04_r_fast_relabeled,L,primary,wf1_timeserieswise,1,DB5,DB5,True,0.9999986886978149
1032,DB1,P25,DB1_P25_C2_T05_relabeled,L,primary,wf1_timeserieswise,1,DB1,DB1,True,1.0
1039,DB5,P05,DB5_P05_T40_r_slow_relabeled,L,primary,wf1_timeserieswise,1,DB5,DB5,True,0.9994232654571533
1040,DB5,P17,DB5_P17_T10_l_comf_relabeled,L,primary,wf1_timeserieswise,1,DB5,DB5,True,0.9999955892562866
1044,DB5,P11,DB5_P11_T40_r_slow_relabeled,L,primary,wf1_timeserieswise,1,DB5,DB5,True,0.9999991655349731
1049,DB4,P55,DB4_P55_T15_relabeled,R,primary,wf1_timeserieswise,1,DB4,DB4,True,0.9999356269836426
1059,DB4,P17,DB4_P17_T06_relabeled,R,primary,wf1_timeserieswise,1,DB4,DB4,True,0.9999967813491821
1060,DB5,P05,DB5_P05_T14_r_comf_relabeled,L,primary,wf1_timeserieswise,1,DB5,DB5,True,0.9998944997787476
1061,DB1,P27,DB1_P27_C2_T05_relabeled,L,primary,wf1_timeserieswise,1,DB1,DB1,True,0.9999995231628418
1063,DB1,P29,DB1_P29_C3_T04_relabeled,L,primary,wf1_timeserieswise,1,DB1,DB1,True,0.9999997615814209
1067,DB1,P14,DB1_P14_C1_T02_relabeled,L,primary,wf1_timeserieswise,1,DB1,DB1,True,0.9999996423721313
1071,DB1,P44,DB1_P44_C2_T04_relabeled,L,primary,wf1_timeserieswise,1,DB1,DB1,True,0.999997615814209
1079,DB4,P29,DB4_P29_T07_relabeled,R,primary,wf1_timeserieswise,1,DB4,DB4,True,0.9987326264381409
1080,DB1,P50,DB1_P50_C2_T03_relabeled,L,primary,wf1_timeserieswise,1,DB1,DB1,True,0.9999914169311523
1082,DB3,P05,DB3_P05_A_T08_relabeled,R,primary,wf1_timeserieswise,1,DB3,DB3,True,0.9985765218734741
1084,DB4,P17,DB4_P17_T19_relabeled,R,primary,wf1_timeserieswise,1,DB4,DB4,True,0.9999884366989136
1095,DB4,P22,DB4_P22_T07_relabeled,R,primary,wf1_timeserieswise,1,DB4,DB4,True,0.9999901056289673
1097,DB5,P17,DB5_P17_T09_l_comf_relabeled,L,primary,wf1_timeserieswise,1,DB5,DB5,True,0.9999876022338867
1100,DB4,P29,DB4_P29_T15_relabeled,R,primary,wf1_timeserieswise,1,DB4,DB4,True,0.9999598264694214
1101,DB2,P13,DB2_P13_T03_-130_relabeled,L,primary,wf1_timeserieswise,1,DB2,DB2,True,0.9999973773956299
1103,DB5,P11,DB5_P11_T39_r_slow_relabeled,L,primary,wf1_timeserieswise,1,DB5,DB5,True,0.9999988079071045
1104,DB2,P08,DB2_P08_T04_250_relabeled,L,primary,wf1_timeserieswise,1,DB2,DB2,True,0.9999957084655762
1106,DB1,P29,DB1_P29_C1_T04_relabeled,L,primary,wf1_timeserieswise,1,DB1,DB1,True,1.0
1115,DB5,P17,DB5_P17_T07_l_comf_relabeled,L,primary,wf1_timeserieswise,1,DB5,DB5,True,0.9999852180480957
1116,DB3,P05,DB3_P05_A_T10_relabeled,R,primary,wf1_timeserieswise,1,DB3,DB3,True,0.9993299245834351
1121,DB5,P05,DB5_P05_T11_l_comf_relabeled,L,primary,wf1_timeserieswise,1,DB5,DB5,True,0.9998539686203003
1133,DB5,P11,DB5_P11_T17_r_comf_relabeled,L,primary,wf1_timeserieswise,1,DB5,DB5,True,0.9999709129333496
1134,DB3,P01,DB3_P01_A_T04_relabeled,L,primary,wf1_timeserieswise,1,DB3,DB3,True,0.9966223239898682
1136,DB4,P55,DB4_P55_T07_relabeled,R,primary,wf1_timeserieswise,1,DB4,DB4,True,0.9999366998672485
1138,DB1,P25,DB1_P25_C2_T02_relabeled,L,primary,wf1_timeserieswise,1,DB1,DB1,True,0.9999998807907104
1143,DB4,P17,DB4_P17_T13_relabeled,R,primary,wf1_timeserieswise,1,DB4,DB4,True,0.9994506239891052
1152,DB5,P11,DB5_P11_T26_l_slow_relabeled,L,primary,wf1_timeserieswise,1,DB5,DB5,True,0.999984860420227
1156,DB3,P05,DB3_P05_A_T11_relabeled,R,primary,wf1_timeserieswise,1,DB3,DB3,True,0.9997614026069641
1157,DB4,P07,DB4_P07_T22_relabeled,R,primary,wf1_timeserieswise,1,DB4,DB4,True,0.9999856948852539
1158,DB2,P08,DB2_P08_T01_p_relabeled,L,primary,wf1_timeserieswise,1,DB2,DB2,True,0.9999889135360718
1160,DB2,P13,DB2_P13_T03_-65_relabeled,L,primary,wf1_timeserieswise,1,DB2,DB2,True,0.9999834299087524
1162,DB4,P22,DB4_P22_T13_relabeled,R,primary,wf1_timeserieswise,1,DB4,DB4,True,0.9928780198097229
1163,DB5,P17,DB5_P17_T40_r_slow_relabeled,L,primary,wf1_timeserieswise,1,DB5,DB5,True,0.9999967813491821
1174,DB4,P07,DB4_P07_T11_relabeled,R,primary,wf1_timeserieswise,1,DB4,DB4,True,0.9999940395355225
1175,DB5,P05,DB5_P05_T29_l_slow_relabeled,L,primary,wf1_timeserieswise,1,DB5,DB5,True,0.999861478805542
1191,DB5,P11,DB5_P11_T20_r_comf_relabeled,L,primary,wf1_timeserieswise,1,DB5,DB5,True,0.9999945163726807
1192,DB5,P17,DB5_P17_T30_l_slow_relabeled,L,primary,wf1_timeserieswise,1,DB5,DB5,True,0.9999904632568359
1196,DB4,P51,DB4_P51_T05_relabeled,R,primary,wf1_timeserieswise,1,DB4,DB4,True,0.9999911785125732
1198,DB5,P05,DB5_P05_T21_r_comf_relabeled,L,primary,wf1_timeserieswise,1,DB5,DB5,True,0.9998573064804077
1204,DB4,P24,DB4_P24_T019_relabeled,R,primary,wf1_timeserieswise,1,DB4,DB4,True,0.9999769926071167
1205,DB5,P17,DB5_P17_T21_l_slow_relabeled,L,primary,wf1_timeserieswise,1,DB5,DB5,True,0.999997615814209
1210,DB2,P13,DB2_P13_T02_65_relabeled,L,primary,wf1_timeserieswise,1,DB2,DB2,True,0.9999446868896484
1217,DB5,P05,DB5_P05_T33_r_slow_relabeled,L,primary,wf1_timeserieswise,1,DB5,DB5,True,0.9998860359191895
1241,DB5,P05,DB5_P05_T41_r_slow_relabeled,L,primary,wf1_timeserieswise,1,DB5,DB5,True,0.9999457597732544
1244,DB3,P09,DB3_P09_A_T10,R,primary,wf1_timeserieswise,1,DB3,DB3,True,0.9953462481498718
1249,DB4,P11,DB4_P11_T07_relabeled,R,primary,wf1_timeserieswise,1,DB4,DB4,True,0.9985203146934509
1259,DB4,P24,DB4_P24_T05_relabeled,R,primary,wf1_timeserieswise,1,DB4,DB4,True,0.9995996356010437
1262,DB1,P27,DB1_P27_C1_T03_relabeled,L,primary,wf1_timeserieswise,1,DB1,DB1,True,1.0
1266,DB4,P51,DB4_P51_T08_relabeled,R,primary,wf1_timeserieswise,1,DB4,DB4,True,0.9999920129776001
1274,DB5,P17,DB5_P17_T11_r_comf_relabeled,L,primary,wf1_timeserieswise,1,DB5,DB5,True,0.9999730587005615
1275,DB4,P17,DB4_P17_T10_relabeled,R,primary,wf1_timeserieswise,1,DB4,DB4,True,0.9972087740898132
1279,DB2,P08,DB2_P08_T04_-130_relabeled,L,primary,wf1_timeserieswise,1,DB2,DB2,True,0.999990701675415
1282,DB3,P05,DB3_P05_A_T04_relabeled,R,primary,wf1_timeserieswise,1,DB3,DB3,True,0.9993556141853333
1283,DB2,P13,DB2_P13_T04_130_relabeled,L,primary,wf1_timeserieswise,1,DB2,DB2,True,0.9999892711639404
1287,DB5,P05,DB5_P05_T38_r_slow_relabeled,L,primary,wf1_timeserieswise,1,DB5,DB5,True,0.9998925924301147
1288,DB5,P05,DB5_P05_T17_r_comf_relabeled,L,primary,wf1_timeserieswise,1,DB5,DB5,True,0.9998651742935181
1292,DB5,P11,DB5_P11_T18_r_comf_relabeled,L,primary,wf1_timeserieswise,1,DB5,DB5,True,0.9999213218688965
1304,DB4,P22,DB4_P22_T08_relabeled,R,primary,wf1_timeserieswise,1,DB4,DB4,True,0.999982476234436
1307,DB4,P11,DB4_P11_T21_relabeled,L,primary,wf1_timeserieswise,1,DB4,DB4,True,0.9999592304229736
1311,DB3,P01,DB3_P01_A_T15_relabeled,R,primary,wf1_timeserieswise,1,DB3,DB3,True,0.9864851236343384
1314,DB5,P11,DB5_P11_T29_l_slow_relabeled,L,primary,wf1_timeserieswise,1,DB5,DB5,True,0.9999991655349731
1316,DB1,P29,DB1_P29_C1_T01_relabeled,L,primary,wf1_timeserieswise,1,DB1,DB1,True,1.0
1317,DB3,P02,DB3_P02_A_T07_relabeled,R,primary,wf1_timeserieswise,1,DB3,DB3,True,0.9935467839241028
1323,DB4,P17,DB4_P17_T08_relabeled,L,primary,wf1_timeserieswise,1,DB4,DB4,True,0.9999986886978149
1326,DB4,P11,DB4_P11_T11_relabeled,R,primary,wf1_timeserieswise,1,DB4,DB4,True,0.9946405291557312
1329,DB5,P05,DB5_P05_T32_l_slow_relabeled,L,primary,wf1_timeserieswise,1,DB5,DB5,True,0.9999344348907471
1331,DB2,P13,DB2_P13_T04_65_relabeled,L,primary,wf1_timeserieswise,1,DB2,DB2,True,0.9999921321868896
1340,DB4,P17,DB4_P17_T12_relabeled,L,primary,wf1_timeserieswise,1,DB4,DB4,True,0.9999991655349731
1344,DB2,P08,DB2_P08_T02_130_relabeled,L,primary,wf1_timeserieswise,1,DB2,DB2,True,0.9999938011169434
1362,DB5,P05,DB5_P05_T19_r_comf_relabeled,L,primary,wf1_timeserieswise,1,DB5,DB5,True,0.9995394945144653
1363,DB5,P17,DB5_P17_T20_r_comf_relabeled,L,primary,wf1_timeserieswise,1,DB5,DB5,True,0.9999856948852539
1369,DB4,P55,DB4_P55_T03_relabeled,R,primary,wf1_timeserieswise,1,DB4,DB4,True,0.9999809265136719
1378,DB5,P05,DB5_P05_T15_r_comf_relabeled,L,primary,wf1_timeserieswise,1,DB5,DB5,True,0.9998295307159424
1379,DB4,P07,DB4_P07_T10_relabeled,R,primary,wf1_timeserieswise,1,DB4,DB4,True,0.9999773502349854
1388,DB4,P07,DB4_P07_T17_relabeled,R,primary,wf1_timeserieswise,1,DB4,DB4,True,0.9999914169311523
1393,DB3,P09,DB3_P09_A_T05,L,primary,wf1_timeserieswise,1,DB3,DB3,True,0.9982544779777527
1400,DB5,P11,DB5_P11_T02_l_comf_relabeled,L,primary,wf1_timeserieswise,1,DB5,DB5,True,0.999995231628418
1404,DB1,P29,DB1_P29_C1_T03_relabeled,L,primary,wf1_timeserieswise,1,DB1,DB1,True,0.9999998807907104
1406,DB5,P17,DB5_P17_T27_l_slow_relabeled,L,primary,wf1_timeserieswise,1,DB5,DB5,True,0.999998927116394
1409,DB1,P29,DB1_P29_C2_T02_relabeled,L,primary,wf1_timeserieswise,1,DB1,DB1,True,1.0
1414,DB2,P08,DB2_P08_T04_65_relabeled,L,primary,wf1_timeserieswise,1,DB2,DB2,True,0.9999938011169434
1416,DB4,P24,DB4_P24_T07_relabeled,R,primary,wf1_timeserieswise,1,DB4,DB4,True,0.9999097585678101
1420,DB5,P08,DB5_P08_T10_r_comf_relabeled,L,primary,wf1_timeserieswise,1,DB5,DB5,True,0.9999986886978149
1422,DB4,P29,DB4_P29_T18_relabeled,R,primary,wf1_timeserieswise,1,DB4,DB4,True,0.9999619722366333
1430,DB2,P08,DB2_P08_T03_p_relabeled,L,primary,wf1_timeserieswise,1,DB2,DB2,True,0.9999414682388306
1433,DB3,P05,DB3_P05_A_T03_relabeled,L,primary,wf1_timeserieswise,1,DB3,DB3,True,0.9970819354057312
1439,DB5,P08,DB5_P08_T04_r_comf_relabeled,L,primary,wf1_timeserieswise,1,DB5,DB5,True,0.999992847442627
1456,DB2,P13,DB2_P13_T05_-65_relabeled,L,primary,wf1_timeserieswise,1,DB2,DB2,True,0.9999881982803345
1465,DB3,P01,DB3_P01_A_T07_relabeled,R,primary,wf1_timeserieswise,1,DB3,DB3,True,0.9982074499130249
1466,DB4,P22,DB4_P22_T09_relabeled,R,primary,wf1_timeserieswise,1,DB4,DB4,True,0.9999909400939941
1468,DB4,P11,DB4_P11_T18_relabeled,L,primary,wf1_timeserieswise,1,DB4,DB4,True,0.9999326467514038
1472,DB5,P11,DB5_P11_T16_r_comf_relabeled,L,primary,wf1_timeserieswise,1,DB5,DB5,True,0.9999926090240479
1476,DB3,P09,DB3_P09_A_T07,L,primary,wf1_timeserieswise,1,DB3,DB3,True,0.998722493648529
1479,DB4,P17,DB4_P17_T14_relabeled,R,primary,wf1_timeserieswise,1,DB4,DB4,True,0.9999982118606567
1480,DB5,P05,DB5_P05_T18_r_comf_relabeled,L,primary,wf1_timeserieswise,1,DB5,DB5,True,0.9999266862869263
1491,DB4,P22,DB4_P22_T16_relabeled,R,primary,wf1_timeserieswise,1,DB4,DB4,True,0.9999828338623047
1492,DB4,P29,DB4_P29_T04_relabeled,R,primary,wf1_timeserieswise,1,DB4,DB4,True,0.9999368190765381
1496,DB4,P29,DB4_P29_T19_relabeled,R,primary,wf1_timeserieswise,1,DB4,DB4,True,0.9999152421951294
1503,DB5,P17,DB5_P17_T32_r_slow_relabeled,L,primary,wf1_timeserieswise,1,DB5,DB5,True,0.99998939037323
1521,DB5,P17,DB5_P17_T02_l_comf_relabeled,L,primary,wf1_timeserieswise,1,DB5,DB5,True,0.999997615814209
1536,DB4,P11,DB4_P11_T04_relabeled,R,primary,wf1_timeserieswise,1,DB4,DB4,True,0.9999579191207886
1540,DB5,P17,DB5_P17_T29_l_slow_relabeled,L,primary,wf1_timeserieswise,1,DB5,DB5,True,0.9999992847442627
1548,DB5,P11,DB5_P11_T15_r_comf_relabeled,R,primary,wf1_timeserieswise,1,DB5,DB5,True,0.9998544454574585
1558,DB5,P17,DB5_P17_T19_r_comf_relabeled,L,primary,wf1_timeserieswise,1,DB5,DB5,True,0.9999759197235107
1560,DB4,P22,DB4_P22_T02_relabeled,R,primary,wf1_timeserieswise,1,DB4,DB4,True,0.9999951124191284
1567,DB5,P17,DB5_P17_T03_l_comf_relabeled,L,primary,wf1_timeserieswise,1,DB5,DB5,True,0.9999933242797852
1568,DB1,P25,DB1_P25_C2_T01_relabeled,L,primary,wf1_timeserieswise,1,DB1,DB1,True,1.0
1576,DB2,P13,DB2_P13_T05_p_relabeled,L,primary,wf1_timeserieswise,1,DB2,DB2,True,0.999982476234436
1587,DB2,P08,DB2_P08_T01_130_relabeled,L,primary,wf1_timeserieswise,1,DB2,DB2,True,0.9999943971633911
1588,DB5,P05,DB5_P05_T34_r_slow_relabeled,L,primary,wf1_timeserieswise,1,DB5,DB5,True,0.9998763799667358
1595,DB5,P17,DB5_P17_T39_r_slow_relabeled,L,primary,wf1_timeserieswise,1,DB5,DB5,True,0.9999970197677612
1596,DB2,P08,DB2_P08_T03_65_relabeled,L,primary,wf1_timeserieswise,1,DB2,DB2,True,0.9999938011169434
1597,DB5,P05,DB5_P05_T28_l_slow_relabeled,L,primary,wf1_timeserieswise,1,DB5,DB5,True,0.9996371269226074
1598,DB5,P11,DB5_P11_T42_r_slow_relabeled,L,primary,wf1_timeserieswise,1,DB5,DB5,True,0.9999899864196777
1605,DB4,P22,DB4_P22_T17_relabeled,L,primary,wf1_timeserieswise,1,DB4,DB4,True,0.9999651908874512
1606,DB3,P09,DB3_P09_A_T06,R,primary,wf1_timeserieswise,1,DB3,DB3,True,0.9992167949676514
1608,DB4,P51,DB4_P51_T04_relabeled,R,primary,wf1_timeserieswise,1,DB4,DB4,True,0.999995231628418
1612,DB2,P13,DB2_P13_T05_65_relabeled,L,primary,wf1_timeserieswise,1,DB2,DB2,True,0.9999490976333618
1616,DB5,P08,DB5_P08_T09_r_comf_relabeled,L,primary,wf1_timeserieswise,1,DB5,DB5,True,0.9999992847442627
1624,DB4,P11,DB4_P11_T09_relabeled,L,primary,wf1_timeserieswise,1,DB4,DB4,True,0.9999874830245972
1626,DB4,P29,DB4_P29_T05_relabeled,R,primary,wf1_timeserieswise,1,DB4,DB4,True,0.9999783039093018
1632,DB2,P13,DB2_P13_T05_130_relabeled,L,primary,wf1_timeserieswise,1,DB2,DB2,True,0.9998655319213867
1633,DB1,P29,DB1_P29_C3_T01_relabeled,L,primary,wf1_timeserieswise,1,DB1,DB1,True,0.9999997615814209
1639,DB5,P11,DB5_P11_T43_r_slow_relabeled,L,primary,wf1_timeserieswise,1,DB5,DB5,True,0.9999967813491821
1643,DB5,P11,DB5_P11_T30_l_slow_relabeled,L,primary,wf1_timeserieswise,1,DB5,DB5,True,0.9999991655349731
1644,DB2,P13,DB2_P13_T02_130_relabeled,L,primary,wf1_timeserieswise,1,DB2,DB2,True,0.9999946355819702
1646,DB4,P17,DB4_P17_T15_relabeled,L,primary,wf1_timeserieswise,1,DB4,DB4,True,0.9999979734420776
1647,DB5,P17,DB5_P17_T05_l_comf_relabeled,L,primary,wf1_timeserieswise,1,DB5,DB5,True,0.9999927282333374
1651,DB1,P27,DB1_P27_C3_T02_relabeled,L,primary,wf1_timeserieswise,1,DB1,DB1,True,0.9999979734420776
1652,DB4,P07,DB4_P07_T12_relabeled,R,primary,wf1_timeserieswise,1,DB4,DB4,True,0.9999955892562866
1658,DB5,P11,DB5_P11_T07_l_comf_relabeled,L,primary,wf1_timeserieswise,1,DB5,DB5,True,0.9999984502792358
1659,DB5,P11,DB5_P11_T05_l_comf_relabeled,L,primary,wf1_timeserieswise,1,DB5,DB5,True,0.9999957084655762
1676,DB5,P11,DB5_P11_T38_r_slow_relabeled,L,primary,wf1_timeserieswise,1,DB5,DB5,True,0.9999929666519165
1684,DB5,P05,DB5_P05_T13_r_comf_relabeled,L,primary,wf1_timeserieswise,1,DB5,DB5,True,0.9999165534973145
1686,DB5,P11,DB5_P11_T03_l_comf_relabeled,L,primary,wf1_timeserieswise,1,DB5,DB5,True,0.999998927116394
1691,DB5,P08,DB5_P08_T08_r_comf_relabeled,L,primary,wf1_timeserieswise,1,DB5,DB5,True,0.9999794960021973
1708,DB4,P51,DB4_P51_T20_relabeled,R,primary,wf1_timeserieswise,1,DB4,DB4,True,0.9999619722366333
1714,DB4,P11,DB4_P11_T02_relabeled,R,primary,wf1_timeserieswise,1,DB4,DB4,True,0.9997833371162415
1716,DB5,P11,DB5_P11_T34_r_slow_relabeled,L,primary,wf1_timeserieswise,1,DB5,DB5,True,0.9999979734420776
1717,DB3,P09,DB3_P09_A_T01,R,primary,wf1_timeserieswise,1,DB3,DB3,True,0.9979451298713684
1724,DB5,P17,DB5_P17_T14_r_comf_relabeled,L,primary,wf1_timeserieswise,1,DB5,DB5,True,0.9999866485595703
1731,DB2,P13,DB2_P13_T03_65_relabeled,L,primary,wf1_timeserieswise,1,DB2,DB2,True,0.999981164932251
1734,DB2,P13,DB2_P13_T04_p_relabeled,L,primary,wf1_timeserieswise,1,DB2,DB2,True,0.9999635219573975
1737,DB4,P55,DB4_P55_T21_relabeled,R,primary,wf1_timeserieswise,1,DB4,DB4,True,0.999976634979248
1748,DB5,P17,DB5_P17_T13_r_comf_relabeled,L,primary,wf1_timeserieswise,1,DB5,DB5,True,0.9999759197235107
1749,DB3,P01,DB3_P01_A_T06_relabeled,R,primary,wf1_timeserieswise,1,DB3,DB3,True,0.9948623776435852
1753,DB4,P22,DB4_P22_T18_relabeled,R,primary,wf1_timeserieswise,1,DB4,DB4,True,0.9999692440032959
1762,DB2,P13,DB2_P13_T01_130_relabeled,L,primary,wf1_timeserieswise,1,DB2,DB2,True,0.9999915361404419
1764,DB3,P02,DB3_P02_A_T08_relabeled,L,primary,wf1_timeserieswise,1,DB3,DB3,True,0.9972167015075684
1766,DB2,P13,DB2_P13_T03_250_relabeled,L,primary,wf1_timeserieswise,1,DB2,DB2,True,0.999981164932251
1774,DB5,P08,DB5_P08_T05_r_comf_relabeled,L,primary,wf1_timeserieswise,1,DB5,DB5,True,0.9999954700469971
1778,DB4,P51,DB4_P51_T17_relabeled,R,primary,wf1_timeserieswise,1,DB4,DB4,True,0.9999438524246216
1780,DB3,P09,DB3_P09_A_T11,L,primary,wf1_timeserieswise,1,DB3,DB3,True,0.9961135387420654
1781,DB2,P13,DB2_P13_T01_250_relabeled,L,primary,wf1_timeserieswise,1,DB2,DB2,True,0.9999966621398926
1801,DB2,P08,DB2_P08_T05_130_relabeled,L,primary,wf1_timeserieswise,1,DB2,DB2,True,0.9999871253967285
1807,DB2,P13,DB2_P13_T05_250_relabeled,L,primary,wf1_timeserieswise,1,DB2,DB2,True,0.9999858140945435
1808,DB4,P07,DB4_P07_T16_relabeled,R,primary,wf1_timeserieswise,1,DB4,DB4,True,0.9999942779541016
1813,DB5,P11,DB5_P11_T10_l_comf_relabeled,L,primary,wf1_timeserieswise,1,DB5,DB5,True,0.9999961853027344
1816,DB5,P11,DB5_P11_T08_l_comf_relabeled,L,primary,wf1_timeserieswise,1,DB5,DB5,True,0.9999967813491821
1817,DB5,P17,DB5_P17_T01_l_comf_relabeled,L,primary,wf1_timeserieswise,1,DB5,DB5,True,0.9999864101409912
1828,DB5,P08,DB5_P08_T03_r_comf_relabeled,L,primary,wf1_timeserieswise,1,DB5,DB5,True,0.999993085861206
1831,DB5,P08,DB5_P08_T06_r_comf_relabeled,L,primary,wf1_timeserieswise,1,DB5,DB5,True,0.9999984502792358
1837,DB2,P13,DB2_P13_T02_p_relabeled,L,primary,wf1_timeserieswise,1,DB2,DB2,True,0.9999842643737793
1839,DB1,P50,DB1_P50_C2_T04_relabeled,L,primary,wf1_timeserieswise,1,DB1,DB1,True,0.9999243021011353
1849,DB5,P17,DB5_P17_T06_l_comf_relabeled,L,primary,wf1_timeserieswise,1,DB5,DB5,True,0.9999792575836182
1857,DB4,P07,DB4_P07_T13_relabeled,R,primary,wf1_timeserieswise,1,DB4,DB4,True,0.999993085861206
1864,DB4,P17,DB4_P17_T17_relabeled,L,primary,wf1_timeserieswise,1,DB4,DB4,True,0.9999984502792358
1866,DB2,P08,DB2_P08_T01_-65_relabeled,L,primary,wf1_timeserieswise,1,DB2,DB2,True,0.9999938011169434
1874,DB2,P13,DB2_P13_T02_250_relabeled,L,primary,wf1_timeserieswise,1,DB2,DB2,True,0.9999959468841553
1876,DB5,P11,DB5_P11_T41_r_slow_relabeled,L,primary,wf1_timeserieswise,1,DB5,DB5,True,0.9999865293502808
1880,DB5,P05,DB5_P05_T39_r_slow_relabeled,L,primary,wf1_timeserieswise,1,DB5,DB5,True,0.9998432397842407
1890,DB4,P55,DB4_P55_T16_relabeled,R,primary,wf1_timeserieswise,1,DB4,DB4,True,0.999993085861206
1892,DB1,P29,DB1_P29_C2_T04_relabeled,L,primary,wf1_timeserieswise,1,DB1,DB1,True,1.0
1899,DB4,P17,DB4_P17_T21_relabeled,R,primary,wf1_timeserieswise,1,DB4,DB4,True,0.999890923500061
0,DB4,P54,DB4_P54_T20_relabeled,R,primary,wf1_timeserieswise,2,DB4,DB4,True,0.9999984502792358
4,DB5,P13,DB5_P13_T02_l_comf_relabeled,L,primary,wf1_timeserieswise,2,DB5,DB5,True,0.9999974966049194
5,DB4,P48,DB4_P48_T21_relabeled,R,primary,wf1_timeserieswise,2,DB4,DB4,True,1.0
11,DB5,P16,DB5_P16_T13_r_comf_relabeled,L,primary,wf1_timeserieswise,2,DB5,DB5,True,0.9998241066932678
18,DB3,P04,DB3_P04_A_T12_relabeled,R,primary,wf1_timeserieswise,2,DB3,DB3,True,0.9949488639831543
22,DB4,P56,DB4_P56_T18_relabeled,R,primary,wf1_timeserieswise,2,DB4,DB4,True,1.0
23,DB3,P14,DB3_P14_A_T12_relabeled,L,primary,wf1_timeserieswise,2,DB3,DB3,True,0.9983052015304565
31,DB5,P24,DB5_P24_T14_r_comf_relabeled,R,primary,wf1_timeserieswise,2,DB5,DB5,True,0.9999839067459106
37,DB4,P56,DB4_P56_T04_relabeled,R,primary,wf1_timeserieswise,2,DB4,DB4,True,1.0
42,DB3,P14,DB3_P14_A_T27_relabeled,L,primary,wf1_timeserieswise,2,DB3,DB3,True,0.998706579208374
44,DB5,P16,DB5_P16_T34_r_slow_relabeled,L,primary,wf1_timeserieswise,2,DB5,DB5,True,0.9428129196166992
66,DB5,P20,DB5_P20_T22_r_comf_relabeled,L,primary,wf1_timeserieswise,2,DB5,DB5,True,0.9999972581863403
67,DB4,P06,DB4_P06_T05_relabeled,R,primary,wf1_timeserieswise,2,DB4,DB4,True,1.0
82,DB2,P09,DB2_P09_T01_65_relabeled,L,primary,wf1_timeserieswise,2,DB2,DB2,True,0.9927936792373657
93,DB5,P02,DB5_P02_T14_r_comf_relabeled,R,primary,wf1_timeserieswise,2,DB5,DB5,True,0.9999339580535889
104,DB2,P10,DB2_P10_T05_-65_relabeled,L,primary,wf1_timeserieswise,2,DB2,DB2,True,0.999906063079834
105,DB5,P13,DB5_P13_T11_r_comf_relabeled,L,primary,wf1_timeserieswise,2,DB5,DB5,True,0.999996542930603
107,DB4,P15,DB4_P15_T02_relabeled,R,primary,wf1_timeserieswise,2,DB4,DB4,True,0.9999263286590576
112,DB5,P16,DB5_P16_T36_r_slow_relabeled,L,primary,wf1_timeserieswise,2,DB5,DB5,True,0.7881502509117126
121,DB5,P20,DB5_P20_T30_l_slow_relabeled,L,primary,wf1_timeserieswise,2,DB5,DB5,True,0.9999994039535522
126,DB3,P20,DB3_P20_A_T08,L,primary,wf1_timeserieswise,2,DB3,DB3,True,0.9998459815979004
129,DB2,P10,DB2_P10_T02_65_relabeled,L,primary,wf1_timeserieswise,2,DB2,DB2,True,0.9997386336326599
132,DB5,P16,DB5_P16_T04_l_comf_relabeled,L,primary,wf1_timeserieswise,2,DB5,DB5,True,0.9984775185585022
134,DB3,P08,DB3_P08_A_T06_relabeled,L,primary,wf1_timeserieswise,2,DB3,DB3,True,0.8223291635513306
140,DB4,P15,DB4_P15_T05_relabeled,R,primary,wf1_timeserieswise,2,DB4,DB4,True,0.9999411106109619
155,DB2,P10,DB2_P10_T02_130_relabeled,L,primary,wf1_timeserieswise,2,DB2,DB2,True,0.999991774559021
158,DB5,P16,DB5_P16_T18_r_comf_relabeled,L,primary,wf1_timeserieswise,2,DB5,DB5,True,0.99085932970047
161,DB3,P14,DB3_P14_A_T21_relabeled,L,primary,wf1_timeserieswise,2,DB3,DB3,True,0.9992727637290955
182,DB5,P13,DB5_P13_T15_r_comf_relabeled,L,primary,wf1_timeserieswise,2,DB5,DB5,True,0.9999979734420776
195,DB1,P07,DB1_P07_C2_T03_relabeled,L,primary,wf1_timeserieswise,2,DB1,DB1,True,0.9999997615814209
196,DB5,P16,DB5_P16_T06_l_comf_relabeled,L,primary,wf1_timeserieswise,2,DB5,DB5,True,0.9972591400146484
203,DB5,P20,DB5_P20_T16_r_comf_relabeled,L,primary,wf1_timeserieswise,2,DB5,DB5,True,0.9999833106994629
204,DB3,P20,DB3_P20_A_T13,L,primary,wf1_timeserieswise,2,DB3,DB3,True,0.9999384880065918
205,DB3,P04,DB3_P04_A_T05_relabeled,L,primary,wf1_timeserieswise,2,DB3,DB3,True,0.9859353303909302
212,DB4,P54,DB4_P54_T02_relabeled,R,primary,wf1_timeserieswise,2,DB4,DB4,True,0.9999996423721313
226,DB1,P12,DB1_P12_C2_T02_relabeled,L,primary,wf1_timeserieswise,2,DB1,DB1,True,0.9999996423721313
227,DB4,P06,DB4_P06_T04_relabeled,R,primary,wf1_timeserieswise,2,DB4,DB4,True,1.0
230,DB2,P10,DB2_P10_T01_130_relabeled,L,primary,wf1_timeserieswise,2,DB2,DB2,True,0.999822199344635
242,DB3,P04,DB3_P04_A_T13_relabeled,L,primary,wf1_timeserieswise,2,DB3,DB3,True,0.9990234375
250,DB2,P09,DB2_P09_T04_65_relabeled,L,primary,wf1_timeserieswise,2,DB2,DB2,True,0.7269192934036255
252,DB3,P08,DB3_P08_A_T07_relabeled,R,primary,wf1_timeserieswise,2,DB3,DB3,True,0.8603742122650146
270,DB5,P13,DB5_P13_T16_r_comf_relabeled,L,primary,wf1_timeserieswise,2,DB5,DB5,True,1.0
271,DB2,P10,DB2_P10_T02_p_relabeled,L,primary,wf1_timeserieswise,2,DB2,DB2,True,0.9051727652549744
282,DB5,P16,DB5_P16_T05_l_comf_relabeled,L,primary,wf1_timeserieswise,2,DB5,DB5,True,0.9987842440605164
294,DB2,P10,DB2_P10_T01_-65_relabeled,L,primary,wf1_timeserieswise,2,DB2,DB2,True,0.9994514584541321
301,DB2,P10,DB2_P10_T03_130_relabeled,L,primary,wf1_timeserieswise,2,DB2,DB2,True,0.9998482465744019
306,DB4,P54,DB4_P54_T09_relabeled,R,primary,wf1_timeserieswise,2,DB4,DB4,True,0.9999985694885254
312,DB4,P48,DB4_P48_T22_relabeled,R,primary,wf1_timeserieswise,2,DB4,DB4,True,0.9999998807907104
321,DB3,P20,DB3_P20_A_T28,R,primary,wf1_timeserieswise,2,DB3,DB3,True,0.9998331069946289
324,DB5,P16,DB5_P16_T17_r_comf_relabeled,L,primary,wf1_timeserieswise,2,DB5,DB5,True,0.9116538763046265
329,DB5,P13,DB5_P13_T29_l_slow_relabeled,L,primary,wf1_timeserieswise,2,DB5,DB5,True,0.9999998807907104
330,DB5,P16,DB5_P16_T40_r_slow_relabeled,L,primary,wf1_timeserieswise,2,DB5,DB5,True,0.9491571187973022
333,DB4,P20,DB4_P20_T17_relabeled,L,primary,wf1_timeserieswise,2,DB4,DB4,True,0.909729540348053
334,DB5,P16,DB5_P16_T30_l_slow_relabeled,L,primary,wf1_timeserieswise,2,DB5,DB5,True,0.9982069730758667
343,DB4,P56,DB4_P56_T06_relabeled,R,primary,wf1_timeserieswise,2,DB4,DB4,True,1.0
345,DB5,P24,DB5_P24_T16_r_comf_relabeled,R,primary,wf1_timeserieswise,2,DB5,DB5,True,0.9856513738632202
346,DB3,P14,DB3_P14_A_T16_relabeled,R,primary,wf1_timeserieswise,2,DB3,DB3,True,0.9992572665214539
365,DB4,P56,DB4_P56_T19_relabeled,R,primary,wf1_timeserieswise,2,DB4,DB4,True,1.0
367,DB5,P13,DB5_P13_T19_r_comf_relabeled,L,primary,wf1_timeserieswise,2,DB5,DB5,True,0.9999998807907104
370,DB4,P56,DB4_P56_T03_relabeled,R,primary,wf1_timeserieswise,2,DB4,DB4,True,1.0
384,DB4,P15,DB4_P15_T18_relabeled,R,primary,wf1_timeserieswise,2,DB4,DB4,True,0.9999805688858032
393,DB3,P08,DB3_P08_A_T10_relabeled,L,primary,wf1_timeserieswise,2,DB3,DB3,True,0.842909038066864
407,DB3,P14,DB3_P14_A_T17_relabeled,L,primary,wf1_timeserieswise,2,DB3,DB3,True,0.9989294409751892
412,DB5,P20,DB5_P20_T10_l_comf_relabeled,L,primary,wf1_timeserieswise,2,DB5,DB5,True,0.9999785423278809
416,DB5,P20,DB5_P20_T24_l_slow_relabeled,L,primary,wf1_timeserieswise,2,DB5,DB5,True,0.9999798536300659
423,DB4,P20,DB4_P20_T06_relabeled,R,primary,wf1_timeserieswise,2,DB4,DB4,True,0.9176289439201355
425,DB2,P09,DB2_P09_T05_-65_relabeled,L,primary,wf1_timeserieswise,2,DB2,DB2,True,0.9981038570404053
426,DB5,P16,DB5_P16_T29_l_slow_relabeled,L,primary,wf1_timeserieswise,2,DB5,DB5,True,0.9768106937408447
428,DB2,P10,DB2_P10_T01_p_relabeled,L,primary,wf1_timeserieswise,2,DB2,DB2,True,0.9889881014823914
431,DB5,P16,DB5_P16_T33_l_slow_relabeled,L,primary,wf1_timeserieswise,2,DB5,DB5,True,0.7748258113861084
436,DB4,P15,DB4_P15_T12_relabeled,R,primary,wf1_timeserieswise,2,DB4,DB4,True,0.9999967813491821
440,DB3,P20,DB3_P20_A_T15,R,primary,wf1_timeserieswise,2,DB3,DB3,True,0.9997527003288269
441,DB4,P34,DB4_P34_T07_relabeled,R,primary,wf1_timeserieswise,2,DB4,DB4,True,1.0
445,DB3,P14,DB3_P14_A_T26_relabeled,R,primary,wf1_timeserieswise,2,DB3,DB3,True,0.9981793165206909
453,DB4,P44,DB4_P44_T15_relabeled,R,primary,wf1_timeserieswise,2,DB4,DB4,True,0.999994158744812
467,DB5,P20,DB5_P20_T36_r_slow_relabeled,L,primary,wf1_timeserieswise,2,DB5,DB5,True,0.9999971389770508
468,DB4,P15,DB4_P15_T13_relabeled,R,primary,wf1_timeserieswise,2,DB4,DB4,True,0.9999842643737793
472,DB4,P15,DB4_P15_T06_relabeled,R,primary,wf1_timeserieswise,2,DB4,DB4,True,0.9998676776885986
478,DB3,P08,DB3_P08_A_T05_relabeled,R,primary,wf1_timeserieswise,2,DB3,DB3,True,0.576988935470581
483,DB4,P06,DB4_P06_T07_relabeled,R,primary,wf1_timeserieswise,2,DB4,DB4,True,1.0
485,DB4,P54,DB4_P54_T06_relabeled,R,primary,wf1_timeserieswise,2,DB4,DB4,True,0.9999995231628418
486,DB2,P10,DB2_P10_T04_-130_relabeled,L,primary,wf1_timeserieswise,2,DB2,DB2,True,0.999968409538269
487,DB1,P11,DB1_P11_C2_T02_relabeled,L,primary,wf1_timeserieswise,2,DB1,DB1,True,0.9999996423721313
492,DB5,P24,DB5_P24_T11_r_comf_relabeled,R,primary,wf1_timeserieswise,2,DB5,DB5,True,0.9999760389328003
494,DB1,P23,DB1_P23_C1_T03_relabeled,R,primary,wf1_timeserieswise,2,DB1,DB1,True,0.9999814033508301
495,DB2,P09,DB2_P09_T01_250_relabeled,L,primary,wf1_timeserieswise,2,DB2,DB2,True,0.9837603569030762
498,DB1,P23,DB1_P23_C2_T04_relabeled,L,primary,wf1_timeserieswise,2,DB1,DB1,True,0.9999996423721313
503,DB5,P13,DB5_P13_T03_l_comf_relabeled,L,primary,wf1_timeserieswise,2,DB5,DB5,True,0.9999997615814209
517,DB5,P13,DB5_P13_T28_l_slow_relabeled,L,primary,wf1_timeserieswise,2,DB5,DB5,True,0.9999998807907104
518,DB4,P56,DB4_P56_T14_relabeled,R,primary,wf1_timeserieswise,2,DB4,DB4,True,1.0
521,DB3,P08,DB3_P08_A_T08_relabeled,L,primary,wf1_timeserieswise,2,DB3,DB3,True,0.7823883295059204
522,DB4,P34,DB4_P34_T12_relabeled,R,primary,wf1_timeserieswise,2,DB4,DB4,True,1.0
529,DB4,P34,DB4_P34_T05_relabeled,R,primary,wf1_timeserieswise,2,DB4,DB4,True,1.0
532,DB5,P13,DB5_P13_T14_r_comf_relabeled,L,primary,wf1_timeserieswise,2,DB5,DB5,True,0.9999994039535522
533,DB5,P24,DB5_P24_T17_r_comf_relabeled,R,primary,wf1_timeserieswise,2,DB5,DB5,True,0.9998360872268677
534,DB2,P10,DB2_P10_T03_65_relabeled,L,primary,wf1_timeserieswise,2,DB2,DB2,True,0.9995954632759094
552,DB2,P09,DB2_P09_T04_-65_relabeled,L,primary,wf1_timeserieswise,2,DB2,DB2,True,0.9959624409675598
553,DB5,P20,DB5_P20_T33_l_slow_relabeled,L,primary,wf1_timeserieswise,2,DB5,DB5,True,0.9999996423721313
556,DB5,P16,DB5_P16_T09_l_comf_relabeled,L,primary,wf1_timeserieswise,2,DB5,DB5,True,0.9855521321296692
557,DB5,P13,DB5_P13_T37_r_slow_relabeled,L,primary,wf1_timeserieswise,2,DB5,DB5,True,0.9999978542327881
560,DB4,P56,DB4_P56_T11_relabeled,R,primary,wf1_timeserieswise,2,DB4,DB4,True,1.0
561,DB4,P15,DB4_P15_T14_relabeled,R,primary,wf1_timeserieswise,2,DB4,DB4,True,0.9999653100967407
570,DB4,P56,DB4_P56_T10_relabeled,R,primary,wf1_timeserieswise,2,DB4,DB4,True,1.0
571,DB2,P09,DB2_P09_T02_-130_relabeled,L,primary,wf1_timeserieswise,2,DB2,DB2,True,0.6683025360107422
581,DB5,P13,DB5_P13_T09_l_comf_relabeled,L,primary,wf1_timeserieswise,2,DB5,DB5,True,0.9999994039535522
582,DB1,P12,DB1_P12_C2_T01_relabeled,L,primary,wf1_timeserieswise,2,DB1,DB1,True,0.9999992847442627
583,DB5,P13,DB5_P13_T34_r_slow_relabeled,L,primary,wf1_timeserieswise,2,DB5,DB5,True,0.9999998807907104
584,DB5,P24,DB5_P24_T15_r_comf_relabeled,R,primary,wf1_timeserieswise,2,DB5,DB5,True,0.9999790191650391
588,DB4,P56,DB4_P56_T21_relabeled,R,primary,wf1_timeserieswise,2,DB4,DB4,True,1.0
592,DB4,P20,DB4_P20_T15_relabeled,R,primary,wf1_timeserieswise,2,DB4,DB4,True,0.952079713344574
604,DB1,P19,DB1_P19_C2_T02_relabeled,L,primary,wf1_timeserieswise,2,DB1,DB1,True,0.9999991655349731
607,DB4,P34,DB4_P34_T03_relabeled,R,primary,wf1_timeserieswise,2,DB4,DB4,True,1.0
608,DB5,P20,DB5_P20_T40_r_slow_relabeled,L,primary,wf1_timeserieswise,2,DB5,DB5,True,0.9999902248382568
609,DB5,P20,DB5_P20_T06_l_comf_relabeled,L,primary,wf1_timeserieswise,2,DB5,DB5,True,0.9999818801879883
615,DB2,P09,DB2_P09_T04_130_relabeled,L,primary,wf1_timeserieswise,2,DB2,DB2,True,0.9783212542533875
627,DB5,P16,DB5_P16_T32_l_slow_relabeled,L,primary,wf1_timeserieswise,2,DB5,DB5,True,0.5896069407463074
637,DB1,P19,DB1_P19_C2_T04_relabeled,R,primary,wf1_timeserieswise,2,DB1,DB1,True,0.9999998807907104
645,DB4,P20,DB4_P20_T13_relabeled,R,primary,wf1_timeserieswise,2,DB4,DB4,True,0.7608296275138855
651,DB5,P13,DB5_P13_T08_l_comf_relabeled,L,primary,wf1_timeserieswise,2,DB5,DB5,True,0.9999995231628418
655,DB2,P09,DB2_P09_T03_250_relabeled,L,primary,wf1_timeserieswise,2,DB2,DB2,True,0.9108791947364807
656,DB5,P13,DB5_P13_T33_r_slow_relabeled,L,primary,wf1_timeserieswise,2,DB5,DB5,True,0.9999997615814209
659,DB4,P48,DB4_P48_T06_relabeled,R,primary,wf1_timeserieswise,2,DB4,DB4,True,1.0
668,DB4,P06,DB4_P06_T08_relabeled,R,primary,wf1_timeserieswise,2,DB4,DB4,True,1.0
669,DB4,P48,DB4_P48_T10_relabeled,R,primary,wf1_timeserieswise,2,DB4,DB4,True,1.0
683,DB5,P16,DB5_P16_T01_l_comf_relabeled,L,primary,wf1_timeserieswise,2,DB5,DB5,True,0.9993541836738586
689,DB5,P20,DB5_P20_T43_r_slow_relabeled,L,primary,wf1_timeserieswise,2,DB5,DB5,True,0.999945878982544
696,DB5,P16,DB5_P16_T41_r_slow_relabeled,L,primary,wf1_timeserieswise,2,DB5,DB5,True,0.9771347641944885
697,DB5,P16,DB5_P16_T07_l_comf_relabeled,L,primary,wf1_timeserieswise,2,DB5,DB5,True,0.9999203681945801
698,DB3,P20,DB3_P20_A_T26,R,primary,wf1_timeserieswise,2,DB3,DB3,True,0.9999716281890869
704,DB2,P10,DB2_P10_T04_130_relabeled,L,primary,wf1_timeserieswise,2,DB2,DB2,True,0.9997010827064514
705,DB3,P04,DB3_P04_A_T08_relabeled,R,primary,wf1_timeserieswise,2,DB3,DB3,True,0.8866280913352966
708,DB2,P10,DB2_P10_T03_250_relabeled,L,primary,wf1_timeserieswise,2,DB2,DB2,True,0.998977541923523
718,DB4,P48,DB4_P48_T13_relabeled,R,primary,wf1_timeserieswise,2,DB4,DB4,True,1.0
721,DB2,P10,DB2_P10_T01_-130_relabeled,L,primary,wf1_timeserieswise,2,DB2,DB2,True,0.9999974966049194
722,DB4,P15,DB4_P15_T11_relabeled,L,primary,wf1_timeserieswise,2,DB4,DB4,True,0.9999899864196777
734,DB4,P06,DB4_P06_T11_relabeled,R,primary,wf1_timeserieswise,2,DB4,DB4,True,1.0
740,DB5,P24,DB5_P24_T31_r_slow_relabeled,R,primary,wf1_timeserieswise,2,DB5,DB5,True,0.9999995231628418
742,DB5,P20,DB5_P20_T17_r_comf_relabeled,L,primary,wf1_timeserieswise,2,DB5,DB5,True,0.9999945163726807
743,DB5,P13,DB5_P13_T23_l_slow_relabeled,L,primary,wf1_timeserieswise,2,DB5,DB5,True,1.0
748,DB5,P13,DB5_P13_T12_r_comf_relabeled,L,primary,wf1_timeserieswise,2,DB5,DB5,True,0.9999997615814209
752,DB4,P44,DB4_P44_T14_relabeled,R,primary,wf1_timeserieswise,2,DB4,DB4,True,0.999993085861206
753,DB2,P09,DB2_P09_T03_-130_relabeled,L,primary,wf1_timeserieswise,2,DB2,DB2,True,0.6480510830879211
754,DB2,P09,DB2_P09_T05_-130_relabeled,L,primary,wf1_timeserieswise,2,DB2,DB2,True,0.9806540608406067
767,DB5,P13,DB5_P13_T05_l_comf_relabeled,L,primary,wf1_timeserieswise,2,DB5,DB5,True,1.0
769,DB4,P54,DB4_P54_T17_relabeled,R,primary,wf1_timeserieswise,2,DB4,DB4,True,0.9999998807907104
772,DB4,P20,DB4_P20_T21_relabeled,L,primary,wf1_timeserieswise,2,DB4,DB4,True,0.9070576429367065
776,DB3,P20,DB3_P20_A_T11,L,primary,wf1_timeserieswise,2,DB3,DB3,True,0.9999562501907349
778,DB5,P16,DB5_P16_T24_l_slow_relabeled,L,primary,wf1_timeserieswise,2,DB5,DB5,True,0.978748619556427
787,DB3,P08,DB3_P08_A_T04_relabeled,L,primary,wf1_timeserieswise,2,DB3,DB3,True,0.7806315422058105
794,DB5,P13,DB5_P13_T25_l_slow_relabeled,L,primary,wf1_timeserieswise,2,DB5,DB5,True,0.9999984502792358
801,DB5,P16,DB5_P16_T26_l_slow_relabeled,L,primary,wf1_timeserieswise,2,DB5,DB5,True,0.990120530128479
804,DB4,P20,DB4_P20_T16_relabeled,L,primary,wf1_timeserieswise,2,DB4,DB4,True,0.9558444023132324
808,DB5,P16,DB5_P16_T27_l_slow_relabeled,L,primary,wf1_timeserieswise,2,DB5,DB5,True,0.9999858140945435
814,DB5,P20,DB5_P20_T32_l_slow_relabeled,L,primary,wf1_timeserieswise,2,DB5,DB5,True,0.9999202489852905
816,DB2,P09,DB2_P09_T05_250_relabeled,L,primary,wf1_timeserieswise,2,DB2,DB2,True,0.9990837574005127
819,DB1,P19,DB1_P19_C3_T02_relabeled,L,primary,wf1_timeserieswise,2,DB1,DB1,True,0.9999943971633911
820,DB1,P08,DB1_P08_C3_T03_relabeled,L,primary,wf1_timeserieswise,2,DB1,DB1,True,0.9751904606819153
825,DB4,P20,DB4_P20_T22_relabeled,L,primary,wf1_timeserieswise,2,DB4,DB4,True,0.9546696543693542
831,DB2,P09,DB2_P09_T04_p_relabeled,L,primary,wf1_timeserieswise,2,DB2,DB2,True,0.8295707106590271
843,DB5,P13,DB5_P13_T40_r_slow_relabeled,L,primary,wf1_timeserieswise,2,DB5,DB5,True,0.9999994039535522
845,DB5,P13,DB5_P13_T13_r_comf_relabeled,L,primary,wf1_timeserieswise,2,DB5,DB5,True,0.9999978542327881
850,DB5,P20,DB5_P20_T13_r_comf_relabeled,L,primary,wf1_timeserieswise,2,DB5,DB5,True,0.9999997615814209
852,DB4,P15,DB4_P15_T10_relabeled,R,primary,wf1_timeserieswise,2,DB4,DB4,True,0.9999866485595703
853,DB4,P44,DB4_P44_T04_relabeled,R,primary,wf1_timeserieswise,2,DB4,DB4,True,0.9999896287918091
856,DB4,P20,DB4_P20_T04_relabeled,R,primary,wf1_timeserieswise,2,DB4,DB4,True,0.7101228833198547
858,DB5,P13,DB5_P13_T32_r_slow_relabeled,L,primary,wf1_timeserieswise,2,DB5,DB5,True,0.9999997615814209
861,DB2,P10,DB2_P10_T06_-130_relabeled,L,primary,wf1_timeserieswise,2,DB2,DB2,True,0.9942411184310913
896,DB2,P10,DB2_P10_T01_250_relabeled,L,primary,wf1_timeserieswise,2,DB2,DB2,True,0.9998656511306763
900,DB5,P24,DB5_P24_T13_r_comf_relabeled,R,primary,wf1_timeserieswise,2,DB5,DB5,True,0.9999610185623169
904,DB3,P04,DB3_P04_A_T14_relabeled,L,primary,wf1_timeserieswise,2,DB3,DB3,True,0.9993151426315308
912,DB1,P01,DB1_P01_C1_T04_relabeled,L,primary,wf1_timeserieswise,2,DB1,DB1,True,0.9999734163284302
917,DB1,P01,DB1_P01_C2_T02_relabeled,L,primary,wf1_timeserieswise,2,DB1,DB1,True,0.9999978542327881
922,DB1,P08,DB1_P08_C2_T05_relabeled,L,primary,wf1_timeserieswise,2,DB1,DB1,True,0.9919718503952026
923,DB3,P14,DB3_P14_A_T25_relabeled,R,primary,wf1_timeserieswise,2,DB3,DB3,True,0.9987906813621521
928,DB4,P48,DB4_P48_T12_relabeled,R,primary,wf1_timeserieswise,2,DB4,DB4,True,1.0
929,DB5,P20,DB5_P20_T09_l_comf_relabeled,L,primary,wf1_timeserieswise,2,DB5,DB5,True,0.9999940395355225
937,DB5,P20,DB5_P20_T11_l_comf_relabeled,L,primary,wf1_timeserieswise,2,DB5,DB5,True,0.9999940395355225
943,DB3,P04,DB3_P04_A_T09_relabeled,L,primary,wf1_timeserieswise,2,DB3,DB3,True,0.996986448764801
947,DB5,P24,DB5_P24_T20_r_comf_relabeled,R,primary,wf1_timeserieswise,2,DB5,DB5,True,0.9999510049819946
948,DB2,P10,DB2_P10_T04_65_relabeled,L,primary,wf1_timeserieswise,2,DB2,DB2,True,0.9992801547050476
951,DB2,P10,DB2_P10_T06_65_relabeled,L,primary,wf1_timeserieswise,2,DB2,DB2,True,0.9980047345161438
952,DB2,P09,DB2_P09_T02_65_relabeled,L,primary,wf1_timeserieswise,2,DB2,DB2,True,0.9810541868209839
954,DB4,P48,DB4_P48_T11_relabeled,R,primary,wf1_timeserieswise,2,DB4,DB4,True,1.0
968,DB4,P44,DB4_P44_T08_relabeled,R,primary,wf1_timeserieswise,2,DB4,DB4,True,0.9999855756759644
979,DB3,P14,DB3_P14_A_T18_relabeled,R,primary,wf1_timeserieswise,2,DB3,DB3,True,0.9993174076080322
980,DB4,P15,DB4_P15_T03_relabeled,L,primary,wf1_timeserieswise,2,DB4,DB4,True,0.9999852180480957
981,DB4,P44,DB4_P44_T10_relabeled,R,primary,wf1_timeserieswise,2,DB4,DB4,True,0.9999740123748779
983,DB1,P19,DB1_P19_C2_T03_relabeled,L,primary,wf1_timeserieswise,2,DB1,DB1,True,0.9999996423721313
985,DB2,P09,DB2_P09_T01_-130_relabeled,L,primary,wf1_timeserieswise,2,DB2,DB2,True,0.8557112216949463
987,DB4,P54,DB4_P54_T18_relabeled,R,primary,wf1_timeserieswise,2,DB4,DB4,True,0.9999995231628418
988,DB4,P48,DB4_P48_T02_relabeled,R,primary,wf1_timeserieswise,2,DB4,DB4,True,1.0
989,DB4,P34,DB4_P34_T22_relabeled,R,primary,wf1_timeserieswise,2,DB4,DB4,True,1.0
999,DB2,P09,DB2_P09_T01_130_relabeled,L,primary,wf1_timeserieswise,2,DB2,DB2,True,0.9751831293106079
1001,DB4,P56,DB4_P56_T08_relabeled,R,primary,wf1_timeserieswise,2,DB4,DB4,True,1.0
1006,DB1,P01,DB1_P01_C1_T03_relabeled,L,primary,wf1_timeserieswise,2,DB1,DB1,True,0.9994819760322571
1007,DB1,P01,DB1_P01_C2_T04_relabeled,L,primary,wf1_timeserieswise,2,DB1,DB1,True,0.9999986886978149
1009,DB2,P10,DB2_P10_T04_-65_relabeled,L,primary,wf1_timeserieswise,2,DB2,DB2,True,0.9951338171958923
1022,DB1,P11,DB1_P11_C2_T01_relabeled,L,primary,wf1_timeserieswise,2,DB1,DB1,True,0.9999997615814209
1024,DB2,P10,DB2_P10_T02_-65_relabeled,L,primary,wf1_timeserieswise,2,DB2,DB2,True,0.9994813799858093
1027,DB1,P01,DB1_P01_C3_T01_relabeled,L,primary,wf1_timeserieswise,2,DB1,DB1,True,0.9960035681724548
1031,DB5,P20,DB5_P20_T27_l_slow_relabeled,L,primary,wf1_timeserieswise,2,DB5,DB5,True,0.9999866485595703
1037,DB4,P54,DB4_P54_T11_relabeled,R,primary,wf1_timeserieswise,2,DB4,DB4,True,0.9999991655349731
1045,DB3,P14,DB3_P14_A_T15_relabeled,L,primary,wf1_timeserieswise,2,DB3,DB3,True,0.9984079003334045
1050,DB1,P12,DB1_P12_C2_T03_relabeled,L,primary,wf1_timeserieswise,2,DB1,DB1,True,0.9999998807907104
1054,DB2,P09,DB2_P09_T02_250_relabeled,L,primary,wf1_timeserieswise,2,DB2,DB2,True,0.9473862648010254
1055,DB4,P44,DB4_P44_T03_relabeled,R,primary,wf1_timeserieswise,2,DB4,DB4,True,0.9999953508377075
1062,DB1,P08,DB1_P08_C3_T04_relabeled,L,primary,wf1_timeserieswise,2,DB1,DB1,True,0.5736302733421326
1077,DB3,P14,DB3_P14_A_T24_relabeled,L,primary,wf1_timeserieswise,2,DB3,DB3,True,0.9984772801399231
1078,DB5,P20,DB5_P20_T03_l_comf_relabeled,L,primary,wf1_timeserieswise,2,DB5,DB5,True,0.9999839067459106
1091,DB3,P04,DB3_P04_A_T07_relabeled,L,primary,wf1_timeserieswise,2,DB3,DB3,True,0.8739193677902222
1094,DB5,P16,DB5_P16_T31_l_slow_relabeled,L,primary,wf1_timeserieswise,2,DB5,DB5,True,0.8520358204841614
1096,DB5,P20,DB5_P20_T07_l_comf_relabeled,L,primary,wf1_timeserieswise,2,DB5,DB5,True,0.9999833106994629
1110,DB5,P20,DB5_P20_T20_r_comf_relabeled,L,primary,wf1_timeserieswise,2,DB5,DB5,True,0.9999966621398926
1113,DB1,P07,DB1_P07_C3_T01_relabeled,L,primary,wf1_timeserieswise,2,DB1,DB1,True,0.9999982118606567
1120,DB1,P01,DB1_P01_C1_T01_relabeled,L,primary,wf1_timeserieswise,2,DB1,DB1,True,1.0
1125,DB4,P54,DB4_P54_T19_relabeled,R,primary,wf1_timeserieswise,2,DB4,DB4,True,0.9999902248382568
1126,DB4,P06,DB4_P06_T03_relabeled,R,primary,wf1_timeserieswise,2,DB4,DB4,True,1.0
1131,DB5,P13,DB5_P13_T39_r_slow_relabeled,L,primary,wf1_timeserieswise,2,DB5,DB5,True,0.9999998807907104
1132,DB5,P13,DB5_P13_T30_l_slow_relabeled,L,primary,wf1_timeserieswise,2,DB5,DB5,True,0.9999872446060181
1139,DB4,P06,DB4_P06_T20_relabeled,R,primary,wf1_timeserieswise,2,DB4,DB4,True,1.0
1140,DB4,P56,DB4_P56_T12_relabeled,R,primary,wf1_timeserieswise,2,DB4,DB4,True,1.0
1141,DB4,P15,DB4_P15_T20_relabeled,R,primary,wf1_timeserieswise,2,DB4,DB4,True,0.9999943971633911
1166,DB4,P54,DB4_P54_T22_relabeled,R,primary,wf1_timeserieswise,2,DB4,DB4,True,0.9999995231628418
1173,DB3,P14,DB3_P14_A_T22_relabeled,L,primary,wf1_timeserieswise,2,DB3,DB3,True,0.9991878867149353
1194,DB4,P20,DB4_P20_T11_relabeled,L,primary,wf1_timeserieswise,2,DB4,DB4,True,0.6096048355102539
1197,DB4,P15,DB4_P15_T07_relabeled,R,primary,wf1_timeserieswise,2,DB4,DB4,True,0.9999935626983643
1201,DB1,P11,DB1_P11_C2_T05_relabeled,L,primary,wf1_timeserieswise,2,DB1,DB1,True,0.9999996423721313
1206,DB4,P15,DB4_P15_T17_relabeled,R,primary,wf1_timeserieswise,2,DB4,DB4,True,0.9999986886978149
1208,DB5,P20,DB5_P20_T29_l_slow_relabeled,L,primary,wf1_timeserieswise,2,DB5,DB5,True,0.999997615814209
1212,DB4,P20,DB4_P20_T23_relabeled,R,primary,wf1_timeserieswise,2,DB4,DB4,True,0.8685135841369629
1213,DB4,P15,DB4_P15_T22_relabeled,R,primary,wf1_timeserieswise,2,DB4,DB4,True,0.9999959468841553
1215,DB3,P08,DB3_P08_A_T02_relabeled,L,primary,wf1_timeserieswise,2,DB3,DB3,True,0.9397745132446289
1221,DB1,P08,DB1_P08_C2_T04_relabeled,L,primary,wf1_timeserieswise,2,DB1,DB1,True,0.999875545501709
1227,DB5,P20,DB5_P20_T21_r_comf_relabeled,L,primary,wf1_timeserieswise,2,DB5,DB5,True,0.9999912977218628
1236,DB4,P54,DB4_P54_T14_relabeled,R,primary,wf1_timeserieswise,2,DB4,DB4,True,0.9999996423721313
1237,DB5,P02,DB5_P02_T17_r_comf_relabeled,R,primary,wf1_timeserieswise,2,DB5,DB5,True,0.9999281167984009
1254,DB5,P16,DB5_P16_T03_l_comf_relabeled,L,primary,wf1_timeserieswise,2,DB5,DB5,True,0.999945878982544
1257,DB5,P20,DB5_P20_T35_r_slow_relabeled,L,primary,wf1_timeserieswise,2,DB5,DB5,True,0.9999951124191284
1261,DB4,P44,DB4_P44_T12_relabeled,R,primary,wf1_timeserieswise,2,DB4,DB4,True,0.9999920129776001
1267,DB4,P20,DB4_P20_T18_relabeled,R,primary,wf1_timeserieswise,2,DB4,DB4,True,0.9771484136581421
1289,DB3,P20,DB3_P20_A_T02,L,primary,wf1_timeserieswise,2,DB3,DB3,True,0.999889612197876
1290,DB1,P12,DB1_P12_C2_T04_relabeled,L,primary,wf1_timeserieswise,2,DB1,DB1,True,0.9999994039535522
1294,DB2,P09,DB2_P09_T02_-65_relabeled,L,primary,wf1_timeserieswise,2,DB2,DB2,True,0.9996594190597534
1295,DB1,P08,DB1_P08_C2_T01_relabeled,L,primary,wf1_timeserieswise,2,DB1,DB1,True,0.9999288320541382
1301,DB5,P13,DB5_P13_T20_r_comf_relabeled,L,primary,wf1_timeserieswise,2,DB5,DB5,True,0.9999998807907104
1306,DB4,P06,DB4_P06_T02_relabeled,R,primary,wf1_timeserieswise,2,DB4,DB4,True,1.0
1313,DB4,P15,DB4_P15_T19_relabeled,R,primary,wf1_timeserieswise,2,DB4,DB4,True,0.9999958276748657
1322,DB1,P19,DB1_P19_C3_T03_relabeled,L,primary,wf1_timeserieswise,2,DB1,DB1,True,0.9999955892562866
1332,DB2,P09,DB2_P09_T03_130_relabeled,L,primary,wf1_timeserieswise,2,DB2,DB2,True,0.9591726064682007
1333,DB4,P44,DB4_P44_T13_relabeled,R,primary,wf1_timeserieswise,2,DB4,DB4,True,0.9999974966049194
1336,DB4,P06,DB4_P06_T22_relabeled,R,primary,wf1_timeserieswise,2,DB4,DB4,True,1.0
1337,DB5,P16,DB5_P16_T02_l_comf_relabeled,L,primary,wf1_timeserieswise,2,DB5,DB5,True,0.9995057582855225
1339,DB4,P06,DB4_P06_T21_relabeled,R,primary,wf1_timeserieswise,2,DB4,DB4,True,1.0
1342,DB4,P20,DB4_P20_T24_relabeled,R,primary,wf1_timeserieswise,2,DB4,DB4,True,0.8483559489250183
1343,DB5,P13,DB5_P13_T24_l_slow_relabeled,L,primary,wf1_timeserieswise,2,DB5,DB5,True,0.9999998807907104
1350,DB4,P34,DB4_P34_T17_relabeled,R,primary,wf1_timeserieswise,2,DB4,DB4,True,1.0
1352,DB5,P20,DB5_P20_T34_r_slow_relabeled,L,primary,wf1_timeserieswise,2,DB5,DB5,True,0.9999955892562866
1354,DB4,P56,DB4_P56_T05_relabeled,R,primary,wf1_timeserieswise,2,DB4,DB4,True,1.0
1356,DB5,P20,DB5_P20_T08_l_comf_relabeled,L,primary,wf1_timeserieswise,2,DB5,DB5,True,0.9999920129776001
1371,DB4,P34,DB4_P34_T09_relabeled,R,primary,wf1_timeserieswise,2,DB4,DB4,True,1.0
1374,DB4,P34,DB4_P34_T04_relabeled,R,primary,wf1_timeserieswise,2,DB4,DB4,True,0.9999998807907104
1375,DB4,P44,DB4_P44_T18_relabeled,R,primary,wf1_timeserieswise,2,DB4,DB4,True,0.9999909400939941
1377,DB5,P13,DB5_P13_T35_r_slow_relabeled,L,primary,wf1_timeserieswise,2,DB5,DB5,True,0.9999996423721313
1389,DB4,P54,DB4_P54_T07_relabeled,R,primary,wf1_timeserieswise,2,DB4,DB4,True,0.9999995231628418
1392,DB4,P56,DB4_P56_T20_relabeled,R,primary,wf1_timeserieswise,2,DB4,DB4,True,1.0
1417,DB4,P15,DB4_P15_T16_relabeled,R,primary,wf1_timeserieswise,2,DB4,DB4,True,0.9999936819076538
1425,DB4,P54,DB4_P54_T16_relabeled,R,primary,wf1_timeserieswise,2,DB4,DB4,True,0.9999969005584717
1427,DB1,P01,DB1_P01_C1_T05_relabeled,L,primary,wf1_timeserieswise,2,DB1,DB1,True,0.9999940395355225
1431,DB5,P16,DB5_P16_T12_l_comf_relabeled,L,primary,wf1_timeserieswise,2,DB5,DB5,True,0.9986100196838379
1438,DB2,P10,DB2_P10_T02_250_relabeled,L,primary,wf1_timeserieswise,2,DB2,DB2,True,0.999893069267273
1441,DB2,P10,DB2_P10_T04_250_relabeled,L,primary,wf1_timeserieswise,2,DB2,DB2,True,0.9968942403793335
1444,DB4,P54,DB4_P54_T08_relabeled,R,primary,wf1_timeserieswise,2,DB4,DB4,True,0.9999994039535522
1447,DB5,P20,DB5_P20_T18_r_comf_relabeled,L,primary,wf1_timeserieswise,2,DB5,DB5,True,0.9999903440475464
1460,DB4,P06,DB4_P06_T14_relabeled,R,primary,wf1_timeserieswise,2,DB4,DB4,True,1.0
1461,DB1,P07,DB1_P07_C3_T04_relabeled,L,primary,wf1_timeserieswise,2,DB1,DB1,True,0.9999969005584717
1463,DB4,P15,DB4_P15_T21_relabeled,R,primary,wf1_timeserieswise,2,DB4,DB4,True,0.999995231628418
1467,DB3,P14,DB3_P14_A_T20_relabeled,L,primary,wf1_timeserieswise,2,DB3,DB3,True,0.9974507689476013
1469,DB4,P44,DB4_P44_T09_relabeled,R,primary,wf1_timeserieswise,2,DB4,DB4,True,0.9999926090240479
1473,DB4,P48,DB4_P48_T05_relabeled,R,primary,wf1_timeserieswise,2,DB4,DB4,True,1.0
1482,DB4,P06,DB4_P06_T16_relabeled,R,primary,wf1_timeserieswise,2,DB4,DB4,True,1.0
1483,DB5,P13,DB5_P13_T10_l_comf_relabeled,L,primary,wf1_timeserieswise,2,DB5,DB5,True,0.9999998807907104
1498,DB5,P16,DB5_P16_T38_r_slow_relabeled,L,primary,wf1_timeserieswise,2,DB5,DB5,True,0.9756157994270325
1501,DB2,P10,DB2_P10_T02_-130_relabeled,L,primary,wf1_timeserieswise,2,DB2,DB2,True,0.9999663829803467
1506,DB5,P16,DB5_P16_T11_l_comf_relabeled,L,primary,wf1_timeserieswise,2,DB5,DB5,True,0.9994377493858337
1509,DB4,P44,DB4_P44_T17_relabeled,R,primary,wf1_timeserieswise,2,DB4,DB4,True,0.9999955892562866
1510,DB3,P08,DB3_P08_A_T03_relabeled,R,primary,wf1_timeserieswise,2,DB3,DB3,True,0.7648707032203674
1512,DB4,P56,DB4_P56_T02_relabeled,R,primary,wf1_timeserieswise,2,DB4,DB4,True,1.0
1515,DB4,P44,DB4_P44_T21_relabeled,R,primary,wf1_timeserieswise,2,DB4,DB4,True,0.9999980926513672
1522,DB5,P13,DB5_P13_T27_l_slow_relabeled,L,primary,wf1_timeserieswise,2,DB5,DB5,True,0.9999995231628418
1525,DB2,P09,DB2_P09_T03_-65_relabeled,L,primary,wf1_timeserieswise,2,DB2,DB2,True,0.990009069442749
1530,DB5,P20,DB5_P20_T25_l_slow_relabeled,L,primary,wf1_timeserieswise,2,DB5,DB5,True,0.9999890327453613
1531,DB3,P04,DB3_P04_A_T10_relabeled,R,primary,wf1_timeserieswise,2,DB3,DB3,True,0.9933985471725464
1535,DB1,P08,DB1_P08_C2_T03_relabeled,L,primary,wf1_timeserieswise,2,DB1,DB1,True,0.9996381998062134
1542,DB4,P06,DB4_P06_T19_relabeled,R,primary,wf1_timeserieswise,2,DB4,DB4,True,1.0
1546,DB4,P54,DB4_P54_T15_relabeled,R,primary,wf1_timeserieswise,2,DB4,DB4,True,0.9999994039535522
1550,DB5,P20,DB5_P20_T39_r_slow_relabeled,L,primary,wf1_timeserieswise,2,DB5,DB5,True,0.9999995231628418
1557,DB4,P15,DB4_P15_T15_relabeled,R,primary,wf1_timeserieswise,2,DB4,DB4,True,0.9999980926513672
1563,DB5,P20,DB5_P20_T31_l_slow_relabeled,L,primary,wf1_timeserieswise,2,DB5,DB5,True,0.9999681711196899
1565,DB4,P48,DB4_P48_T16_relabeled,R,primary,wf1_timeserieswise,2,DB4,DB4,True,1.0
1566,DB4,P56,DB4_P56_T09_relabeled,R,primary,wf1_timeserieswise,2,DB4,DB4,True,1.0
1572,DB5,P20,DB5_P20_T23_l_slow_relabeled,L,primary,wf1_timeserieswise,2,DB5,DB5,True,0.9999982118606567
1581,DB5,P20,DB5_P20_T05_l_comf_relabeled,L,primary,wf1_timeserieswise,2,DB5,DB5,True,0.9999871253967285
1583,DB4,P34,DB4_P34_T13_relabeled,R,primary,wf1_timeserieswise,2,DB4,DB4,True,1.0
1585,DB4,P44,DB4_P44_T06_relabeled,R,primary,wf1_timeserieswise,2,DB4,DB4,True,0.9999866485595703
1591,DB4,P20,DB4_P20_T05_relabeled,R,primary,wf1_timeserieswise,2,DB4,DB4,True,0.9207978844642639
1621,DB4,P54,DB4_P54_T21_relabeled,R,primary,wf1_timeserieswise,2,DB4,DB4,True,0.9999998807907104
1628,DB4,P20,DB4_P20_T08_relabeled,R,primary,wf1_timeserieswise,2,DB4,DB4,True,0.8202810883522034
1629,DB2,P09,DB2_P09_T02_130_relabeled,L,primary,wf1_timeserieswise,2,DB2,DB2,True,0.9946812987327576
1630,DB2,P09,DB2_P09_T05_130_relabeled,L,primary,wf1_timeserieswise,2,DB2,DB2,True,0.9985741376876831
1645,DB5,P20,DB5_P20_T12_r_comf_relabeled,L,primary,wf1_timeserieswise,2,DB5,DB5,True,0.9999949932098389
1650,DB1,P01,DB1_P01_C1_T02_relabeled,L,primary,wf1_timeserieswise,2,DB1,DB1,True,1.0
1657,DB5,P20,DB5_P20_T04_l_comf_relabeled,L,primary,wf1_timeserieswise,2,DB5,DB5,True,0.9998960494995117
1663,DB3,P04,DB3_P04_A_T15_relabeled,R,primary,wf1_timeserieswise,2,DB3,DB3,True,0.9977466464042664
1665,DB4,P48,DB4_P48_T17_relabeled,R,primary,wf1_timeserieswise,2,DB4,DB4,True,1.0
1666,DB4,P56,DB4_P56_T15_relabeled,R,primary,wf1_timeserieswise,2,DB4,DB4,True,1.0
1667,DB5,P24,DB5_P24_T18_r_comf_relabeled,R,primary,wf1_timeserieswise,2,DB5,DB5,True,0.9999321699142456
1672,DB4,P56,DB4_P56_T16_relabeled,R,primary,wf1_timeserieswise,2,DB4,DB4,True,1.0
1674,DB2,P10,DB2_P10_T05_130_relabeled,L,primary,wf1_timeserieswise,2,DB2,DB2,True,0.9991835951805115
1677,DB5,P13,DB5_P13_T01_l_comf_relabeled,L,primary,wf1_timeserieswise,2,DB5,DB5,True,0.9999998807907104
1680,DB5,P02,DB5_P02_T18_r_comf_relabeled,R,primary,wf1_timeserieswise,2,DB5,DB5,True,0.999955415725708
1687,DB4,P56,DB4_P56_T07_relabeled,R,primary,wf1_timeserieswise,2,DB4,DB4,True,1.0
1689,DB4,P56,DB4_P56_T13_relabeled,R,primary,wf1_timeserieswise,2,DB4,DB4,True,1.0
1690,DB5,P13,DB5_P13_T18_r_comf_relabeled,L,primary,wf1_timeserieswise,2,DB5,DB5,True,0.9999997615814209
1693,DB5,P20,DB5_P20_T02_l_comf_relabeled,L,primary,wf1_timeserieswise,2,DB5,DB5,True,0.999919056892395
1701,DB4,P34,DB4_P34_T10_relabeled,R,primary,wf1_timeserieswise,2,DB4,DB4,True,1.0
1704,DB4,P06,DB4_P06_T10_relabeled,R,primary,wf1_timeserieswise,2,DB4,DB4,True,1.0
1710,DB4,P44,DB4_P44_T05_relabeled,R,primary,wf1_timeserieswise,2,DB4,DB4,True,0.999993085861206
1711,DB3,P14,DB3_P14_A_T23_relabeled,R,primary,wf1_timeserieswise,2,DB3,DB3,True,0.9986543655395508
1713,DB5,P20,DB5_P20_T19_r_comf_relabeled,L,primary,wf1_timeserieswise,2,DB5,DB5,True,0.9999773502349854
1726,DB5,P13,DB5_P13_T06_l_comf_relabeled,L,primary,wf1_timeserieswise,2,DB5,DB5,True,0.9999923706054688
1727,DB4,P20,DB4_P20_T19_relabeled,R,primary,wf1_timeserieswise,2,DB4,DB4,True,0.9652637243270874
1728,DB5,P16,DB5_P16_T35_r_slow_relabeled,L,primary,wf1_timeserieswise,2,DB5,DB5,True,0.536063551902771
1743,DB5,P16,DB5_P16_T28_l_slow_relabeled,L,primary,wf1_timeserieswise,2,DB5,DB5,True,0.9995030164718628
1745,DB4,P06,DB4_P06_T12_relabeled,R,primary,wf1_timeserieswise,2,DB4,DB4,True,1.0
1751,DB4,P44,DB4_P44_T19_relabeled,R,primary,wf1_timeserieswise,2,DB4,DB4,True,0.9999971389770508
1752,DB4,P44,DB4_P44_T02_relabeled,R,primary,wf1_timeserieswise,2,DB4,DB4,True,0.9999904632568359
1759,DB4,P34,DB4_P34_T19_relabeled,R,primary,wf1_timeserieswise,2,DB4,DB4,True,0.9999998807907104
1761,DB5,P13,DB5_P13_T36_r_slow_relabeled,L,primary,wf1_timeserieswise,2,DB5,DB5,True,0.9999996423721313
1763,DB2,P09,DB2_P09_T04_250_relabeled,L,primary,wf1_timeserieswise,2,DB2,DB2,True,0.8847844004631042
1765,DB5,P20,DB5_P20_T41_r_slow_relabeled,L,primary,wf1_timeserieswise,2,DB5,DB5,True,0.9999681711196899
1771,DB5,P13,DB5_P13_T17_r_comf_relabeled,L,primary,wf1_timeserieswise,2,DB5,DB5,True,0.9999948740005493
1779,DB4,P44,DB4_P44_T11_relabeled,R,primary,wf1_timeserieswise,2,DB4,DB4,True,0.9999864101409912
1789,DB5,P24,DB5_P24_T19_r_comf_relabeled,R,primary,wf1_timeserieswise,2,DB5,DB5,True,0.9999758005142212
1792,DB2,P09,DB2_P09_T06_p_relabeled,L,primary,wf1_timeserieswise,2,DB2,DB2,True,0.9940065145492554
1794,DB4,P34,DB4_P34_T18_relabeled,R,primary,wf1_timeserieswise,2,DB4,DB4,True,1.0
1797,DB5,P13,DB5_P13_T07_l_comf_relabeled,L,primary,wf1_timeserieswise,2,DB5,DB5,True,0.9999939203262329
1800,DB4,P15,DB4_P15_T08_relabeled,R,primary,wf1_timeserieswise,2,DB4,DB4,True,0.9999462366104126
1809,DB5,P13,DB5_P13_T22_l_slow_relabeled,L,primary,wf1_timeserieswise,2,DB5,DB5,True,0.9999997615814209
1811,DB4,P48,DB4_P48_T08_relabeled,R,primary,wf1_timeserieswise,2,DB4,DB4,True,1.0
1820,DB1,P07,DB1_P07_C3_T03_relabeled,L,primary,wf1_timeserieswise,2,DB1,DB1,True,0.9999839067459106
1835,DB2,P10,DB2_P10_T04_p_relabeled,L,primary,wf1_timeserieswise,2,DB2,DB2,True,0.9892760515213013
1836,DB3,P20,DB3_P20_A_T21,R,primary,wf1_timeserieswise,2,DB3,DB3,True,0.9997023940086365
1844,DB5,P13,DB5_P13_T31_r_slow_relabeled,L,primary,wf1_timeserieswise,2,DB5,DB5,True,0.9999997615814209
1852,DB4,P06,DB4_P06_T17_relabeled,R,primary,wf1_timeserieswise,2,DB4,DB4,True,1.0
1858,DB5,P13,DB5_P13_T21_l_slow_relabeled,L,primary,wf1_timeserieswise,2,DB5,DB5,True,0.9999997615814209
1871,DB2,P09,DB2_P09_T01_p_relabeled,L,primary,wf1_timeserieswise,2,DB2,DB2,True,0.8999894261360168
1873,DB4,P54,DB4_P54_T10_relabeled,R,primary,wf1_timeserieswise,2,DB4,DB4,True,0.9999996423721313
1877,DB5,P13,DB5_P13_T38_r_slow_relabeled,L,primary,wf1_timeserieswise,2,DB5,DB5,True,0.9999998807907104
1881,DB5,P20,DB5_P20_T26_l_slow_relabeled,L,primary,wf1_timeserieswise,2,DB5,DB5,True,0.9999990463256836
1883,DB5,P20,DB5_P20_T28_l_slow_relabeled,L,primary,wf1_timeserieswise,2,DB5,DB5,True,0.9999946355819702
1887,DB1,P19,DB1_P19_C2_T05_relabeled,L,primary,wf1_timeserieswise,2,DB1,DB1,True,0.9999991655349731
1888,DB5,P13,DB5_P13_T04_l_comf_relabeled,L,primary,wf1_timeserieswise,2,DB5,DB5,True,0.9999997615814209
1897,DB4,P48,DB4_P48_T09_relabeled,R,primary,wf1_timeserieswise,2,DB4,DB4,True,1.0
1901,DB4,P48,DB4_P48_T03_relabeled,R,primary,wf1_timeserieswise,2,DB4,DB4,True,1.0
3,DB3,P13,DB3_P13_A_T18_relabeled,R,primary,wf1_timeserieswise,3,DB3,DB3,True,0.9925528168678284
6,DB1,P15,DB1_P15_C2_T02_relabeled,L,primary,wf1_timeserieswise,3,DB1,DB1,True,0.9999696016311646
13,DB1,P30,DB1_P30_C2_T02_relabeled,L,primary,wf1_timeserieswise,3,DB1,DB1,True,0.9995893836021423
14,DB2,P02,DB2_P02_T03_130_relabeled,L,primary,wf1_timeserieswise,3,DB2,DB2,True,0.9999879598617554
15,DB5,P27,DB5_P27_T33_r_slow_relabeled,L,primary,wf1_timeserieswise,3,DB5,DB5,True,0.9999697208404541
17,DB5,P03,DB5_P03_T16_r_comf_relabeled,L,primary,wf1_timeserieswise,3,DB5,DB5,True,0.9997667670249939
24,DB4,P27,DB4_P27_T21_relabeled,R,primary,wf1_timeserieswise,3,DB4,DB4,True,0.9999909400939941
29,DB4,P57,DB4_P57_T03_relabeled,R,primary,wf1_timeserieswise,3,DB4,DB4,True,0.9999990463256836
30,DB5,P15,DB5_P15_T34_r_slow_relabeled,L,primary,wf1_timeserieswise,3,DB5,DB5,True,0.9999643564224243
38,DB3,P13,DB3_P13_A_T29_relabeled,L,primary,wf1_timeserieswise,3,DB3,DB3,True,0.9984824061393738
43,DB5,P10,DB5_P10_T23_l_slow_relabeled,L,primary,wf1_timeserieswise,3,DB5,DB5,True,0.999977707862854
45,DB4,P50,DB4_P50_T19_relabeled,R,primary,wf1_timeserieswise,3,DB4,DB4,True,0.9999243021011353
51,DB4,P03,DB4_P03_T15_relabeled,R,primary,wf1_timeserieswise,3,DB4,DB4,True,0.9999995231628418
58,DB2,P03,DB2_P03_T04_-65_relabeled,L,primary,wf1_timeserieswise,3,DB2,DB2,True,0.9999991655349731
64,DB2,P02,DB2_P02_T04_65_relabeled,L,primary,wf1_timeserieswise,3,DB2,DB2,True,0.9999897480010986
73,DB1,P13,DB1_P13_C2_T04_relabeled,L,primary,wf1_timeserieswise,3,DB1,DB1,True,0.9995185136795044
74,DB5,P27,DB5_P27_T28_l_slow_relabeled,L,primary,wf1_timeserieswise,3,DB5,DB5,True,0.9999942779541016
75,DB2,P02,DB2_P02_T01_65_relabeled,L,primary,wf1_timeserieswise,3,DB2,DB2,True,0.9999366998672485
79,DB5,P15,DB5_P15_T28_l_slow_relabeled,L,primary,wf1_timeserieswise,3,DB5,DB5,True,0.9997588992118835
81,DB3,P03,DB3_P03_A_T15_relabeled,L,primary,wf1_timeserieswise,3,DB3,DB3,True,0.9984885454177856
84,DB2,P03,DB2_P03_T09_p_relabeled,L,primary,wf1_timeserieswise,3,DB2,DB2,True,0.9999984502792358
96,DB3,P13,DB3_P13_A_T28_relabeled,L,primary,wf1_timeserieswise,3,DB3,DB3,True,0.996536135673523
98,DB5,P15,DB5_P15_T19_r_comf_relabeled,L,primary,wf1_timeserieswise,3,DB5,DB5,True,0.999880313873291
101,DB5,P10,DB5_P10_T30_l_slow_relabeled,L,primary,wf1_timeserieswise,3,DB5,DB5,True,0.9997754693031311
108,DB5,P10,DB5_P10_T25_l_slow_relabeled,L,primary,wf1_timeserieswise,3,DB5,DB5,True,0.9998557567596436
122,DB5,P27,DB5_P27_T37_r_slow_relabeled,L,primary,wf1_timeserieswise,3,DB5,DB5,True,0.9999582767486572
127,DB3,P06,DB3_P06_A_T06_relabeled,R,primary,wf1_timeserieswise,3,DB3,DB3,True,0.9940078258514404
128,DB4,P21,DB4_P21_T15_relabeled,R,primary,wf1_timeserieswise,3,DB4,DB4,True,0.9998900890350342
130,DB4,P01,DB4_P01_T15_relabeled,R,primary,wf1_timeserieswise,3,DB4,DB4,True,0.9998546838760376
131,DB4,P50,DB4_P50_T08_relabeled,R,primary,wf1_timeserieswise,3,DB4,DB4,True,0.9999979734420776
135,DB5,P10,DB5_P10_T02_l_comf_relabeled,L,primary,wf1_timeserieswise,3,DB5,DB5,True,0.9999842643737793
144,DB4,P03,DB4_P03_T09_relabeled,R,primary,wf1_timeserieswise,3,DB4,DB4,True,0.9999996423721313
147,DB2,P03,DB2_P03_T02_250_relabeled,L,primary,wf1_timeserieswise,3,DB2,DB2,True,0.9999996423721313
148,DB5,P27,DB5_P27_T40_r_slow_relabeled,L,primary,wf1_timeserieswise,3,DB5,DB5,True,0.9999771118164062
156,DB1,P13,DB1_P13_C2_T02_relabeled,L,primary,wf1_timeserieswise,3,DB1,DB1,True,0.9991829991340637
157,DB4,P01,DB4_P01_T12_relabeled,R,primary,wf1_timeserieswise,3,DB4,DB4,True,0.9999710321426392
167,DB5,P27,DB5_P27_T41_r_slow_relabeled,L,primary,wf1_timeserieswise,3,DB5,DB5,True,0.9999821186065674
172,DB4,P27,DB4_P27_T19_relabeled,L,primary,wf1_timeserieswise,3,DB4,DB4,True,0.9999985694885254
173,DB4,P05,DB4_P05_T22_relabeled,R,primary,wf1_timeserieswise,3,DB4,DB4,True,0.9999431371688843
177,DB5,P27,DB5_P27_T29_l_slow_relabeled,L,primary,wf1_timeserieswise,3,DB5,DB5,True,0.9999716281890869
180,DB4,P57,DB4_P57_T05_relabeled,R,primary,wf1_timeserieswise,3,DB4,DB4,True,0.9999982118606567
193,DB4,P27,DB4_P27_T07_relabeled,R,primary,wf1_timeserieswise,3,DB4,DB4,True,0.9999991655349731
194,DB5,P15,DB5_P15_T07_l_comf_relabeled,L,primary,wf1_timeserieswise,3,DB5,DB5,True,0.9996851682662964
206,DB1,P09,DB1_P09_C3_T04_relabeled,L,primary,wf1_timeserieswise,3,DB1,DB1,True,0.9972741007804871
207,DB4,P27,DB4_P27_T18_relabeled,L,primary,wf1_timeserieswise,3,DB4,DB4,True,0.9999990463256836
208,DB5,P15,DB5_P15_T08_l_comf_relabeled,L,primary,wf1_timeserieswise,3,DB5,DB5,True,0.9998898506164551
217,DB5,P27,DB5_P27_T35_r_slow_relabeled,L,primary,wf1_timeserieswise,3,DB5,DB5,True,0.9999406337738037
228,DB5,P10,DB5_P10_T26_l_slow_relabeled,L,primary,wf1_timeserieswise,3,DB5,DB5,True,0.9999920129776001
231,DB1,P15,DB1_P15_C3_T02_relabeled,L,primary,wf1_timeserieswise,3,DB1,DB1,True,0.9937953948974609
234,DB2,P03,DB2_P03_T01_65_relabeled,L,primary,wf1_timeserieswise,3,DB2,DB2,True,0.9999991655349731
243,DB4,P57,DB4_P57_T09_relabeled,R,primary,wf1_timeserieswise,3,DB4,DB4,True,0.9999986886978149
248,DB1,P09,DB1_P09_C2_T04_relabeled,L,primary,wf1_timeserieswise,3,DB1,DB1,True,0.9998295307159424
249,DB5,P03,DB5_P03_T20_r_comf_relabeled,L,primary,wf1_timeserieswise,3,DB5,DB5,True,0.9997884631156921
254,DB2,P03,DB2_P03_T04_65_relabeled,L,primary,wf1_timeserieswise,3,DB2,DB2,True,0.9999979734420776
256,DB5,P27,DB5_P27_T18_r_comf_relabeled,L,primary,wf1_timeserieswise,3,DB5,DB5,True,0.9999934434890747
268,DB3,P03,DB3_P03_A_T10_relabeled,L,primary,wf1_timeserieswise,3,DB3,DB3,True,0.9960105419158936
272,DB5,P27,DB5_P27_T07_l_comf_relabeled,L,primary,wf1_timeserieswise,3,DB5,DB5,True,0.9999575614929199
273,DB1,P09,DB1_P09_C2_T03_relabeled,L,primary,wf1_timeserieswise,3,DB1,DB1,True,0.999764621257782
276,DB4,P16,DB4_P16_T19_relabeled,L,primary,wf1_timeserieswise,3,DB4,DB4,True,0.9998339414596558
278,DB5,P27,DB5_P27_T26_l_slow_relabeled,L,primary,wf1_timeserieswise,3,DB5,DB5,True,0.9999966621398926
293,DB5,P15,DB5_P15_T09_l_comf_relabeled,L,primary,wf1_timeserieswise,3,DB5,DB5,True,0.999774158000946
295,DB5,P27,DB5_P27_T25_l_slow_relabeled,L,primary,wf1_timeserieswise,3,DB5,DB5,True,0.9999672174453735
298,DB5,P27,DB5_P27_T13_r_comf_relabeled,L,primary,wf1_timeserieswise,3,DB5,DB5,True,0.9999948740005493
299,DB5,P15,DB5_P15_T23_l_slow_relabeled,L,primary,wf1_timeserieswise,3,DB5,DB5,True,0.9995492100715637
308,DB2,P02,DB2_P02_T02_p_relabeled,L,primary,wf1_timeserieswise,3,DB2,DB2,True,0.9993717074394226
314,DB3,P03,DB3_P03_A_T06_relabeled,R,primary,wf1_timeserieswise,3,DB3,DB3,True,0.99853515625
315,DB1,P13,DB1_P13_C3_T03_relabeled,L,primary,wf1_timeserieswise,3,DB1,DB1,True,0.8127328753471375
323,DB4,P30,DB4_P30_T04_relabeled,R,primary,wf1_timeserieswise,3,DB4,DB4,True,0.9999842643737793
336,DB5,P03,DB5_P03_T36_r_slow_relabeled,L,primary,wf1_timeserieswise,3,DB5,DB5,True,0.9996077418327332
347,DB5,P10,DB5_P10_T20_r_comf_relabeled,L,primary,wf1_timeserieswise,3,DB5,DB5,True,0.999863862991333
349,DB3,P13,DB3_P13_A_T19_relabeled,R,primary,wf1_timeserieswise,3,DB3,DB3,True,0.9782085418701172
350,DB1,P15,DB1_P15_C2_T05_relabeled,L,primary,wf1_timeserieswise,3,DB1,DB1,True,0.9994757771492004
351,DB4,P27,DB4_P27_T06_relabeled,R,primary,wf1_timeserieswise,3,DB4,DB4,True,0.9999892711639404
353,DB1,P10,DB1_P10_C2_T01_relabeled,L,primary,wf1_timeserieswise,3,DB1,DB1,True,0.999990701675415
358,DB5,P03,DB5_P03_T18_r_comf_relabeled,L,primary,wf1_timeserieswise,3,DB5,DB5,True,0.999402642250061
360,DB5,P27,DB5_P27_T11_r_comf_relabeled,L,primary,wf1_timeserieswise,3,DB5,DB5,True,0.9999895095825195
372,DB2,P02,DB2_P02_T02_130_relabeled,L,primary,wf1_timeserieswise,3,DB2,DB2,True,0.9998124241828918
374,DB3,P03,DB3_P03_A_T04_relabeled,R,primary,wf1_timeserieswise,3,DB3,DB3,True,0.996335506439209
380,DB4,P30,DB4_P30_T19_relabeled,R,primary,wf1_timeserieswise,3,DB4,DB4,True,0.9999563694000244
388,DB4,P21,DB4_P21_T06_relabeled,R,primary,wf1_timeserieswise,3,DB4,DB4,True,0.9999480247497559
400,DB4,P30,DB4_P30_T07_relabeled,R,primary,wf1_timeserieswise,3,DB4,DB4,True,0.9999620914459229
403,DB5,P10,DB5_P10_T18_r_comf_relabeled,L,primary,wf1_timeserieswise,3,DB5,DB5,True,0.9999933242797852
405,DB4,P57,DB4_P57_T15_relabeled,R,primary,wf1_timeserieswise,3,DB4,DB4,True,0.9999986886978149
414,DB5,P03,DB5_P03_T15_r_comf_relabeled,L,primary,wf1_timeserieswise,3,DB5,DB5,True,0.9999816417694092
420,DB4,P30,DB4_P30_T11_relabeled,R,primary,wf1_timeserieswise,3,DB4,DB4,True,0.999988317489624
427,DB5,P15,DB5_P15_T25_l_slow_relabeled,L,primary,wf1_timeserieswise,3,DB5,DB5,True,0.9978106617927551
430,DB4,P57,DB4_P57_T10_relabeled,R,primary,wf1_timeserieswise,3,DB4,DB4,True,0.9999977350234985
433,DB5,P27,DB5_P27_T34_r_slow_relabeled,L,primary,wf1_timeserieswise,3,DB5,DB5,True,0.9999575614929199
439,DB4,P30,DB4_P30_T16_relabeled,R,primary,wf1_timeserieswise,3,DB4,DB4,True,0.9999748468399048
443,DB4,P03,DB4_P03_T06_relabeled,R,primary,wf1_timeserieswise,3,DB4,DB4,True,0.999998927116394
447,DB4,P01,DB4_P01_T07_relabeled,R,primary,wf1_timeserieswise,3,DB4,DB4,True,0.9999157190322876
450,DB4,P16,DB4_P16_T12_relabeled,R,primary,wf1_timeserieswise,3,DB4,DB4,True,0.999377965927124
452,DB5,P10,DB5_P10_T12_r_comf_relabeled,L,primary,wf1_timeserieswise,3,DB5,DB5,True,0.9996851682662964
457,DB2,P02,DB2_P02_T03_65_relabeled,L,primary,wf1_timeserieswise,3,DB2,DB2,True,0.9999887943267822
458,DB1,P04,DB1_P04_C3_T02_relabeled,L,primary,wf1_timeserieswise,3,DB1,DB1,True,0.9999223947525024
461,DB5,P10,DB5_P10_T17_r_comf_relabeled,L,primary,wf1_timeserieswise,3,DB5,DB5,True,0.9999001026153564
470,DB5,P27,DB5_P27_T21_l_slow_relabeled,L,primary,wf1_timeserieswise,3,DB5,DB5,True,0.9999977350234985
471,DB2,P02,DB2_P02_T03_p_relabeled,L,primary,wf1_timeserieswise,3,DB2,DB2,True,0.9997715353965759
475,DB5,P15,DB5_P15_T30_l_slow_relabeled,L,primary,wf1_timeserieswise,3,DB5,DB5,True,0.9952589869499207
491,DB5,P15,DB5_P15_T01_l_comf_relabeled,L,primary,wf1_timeserieswise,3,DB5,DB5,True,0.9999821186065674
493,DB1,P09,DB1_P09_C2_T01_relabeled,L,primary,wf1_timeserieswise,3,DB1,DB1,True,0.9999650716781616
500,DB5,P27,DB5_P27_T38_r_slow_relabeled,L,primary,wf1_timeserieswise,3,DB5,DB5,True,0.9999978542327881
502,DB1,P26,DB1_P26_C2_T02_relabeled,R,primary,wf1_timeserieswise,3,DB1,DB1,True,0.9966940879821777
506,DB4,P16,DB4_P16_T18_relabeled,R,primary,wf1_timeserieswise,3,DB4,DB4,True,0.999649167060852
507,DB5,P15,DB5_P15_T41_r_slow_relabeled,L,primary,wf1_timeserieswise,3,DB5,DB5,True,0.9965149164199829
511,DB3,P03,DB3_P03_A_T05_relabeled,L,primary,wf1_timeserieswise,3,DB3,DB3,True,0.9927266836166382
516,DB1,P15,DB1_P15_C3_T01_relabeled,L,primary,wf1_timeserieswise,3,DB1,DB1,True,0.7596419453620911
523,DB3,P11,DB3_P11_A_T02,L,primary,wf1_timeserieswise,3,DB3,DB3,True,0.9972224235534668
524,DB4,P01,DB4_P01_T22_relabeled,R,primary,wf1_timeserieswise,3,DB4,DB4,True,0.999894380569458
535,DB2,P03,DB2_P03_T06_p_relabeled,L,primary,wf1_timeserieswise,3,DB2,DB2,True,0.9999521970748901
539,DB4,P30,DB4_P30_T13_relabeled,R,primary,wf1_timeserieswise,3,DB4,DB4,True,0.99998939037323
549,DB4,P57,DB4_P57_T20_relabeled,R,primary,wf1_timeserieswise,3,DB4,DB4,True,0.9999983310699463
554,DB4,P05,DB4_P05_T18_relabeled,R,primary,wf1_timeserieswise,3,DB4,DB4,True,0.9999587535858154
558,DB4,P27,DB4_P27_T04_relabeled,R,primary,wf1_timeserieswise,3,DB4,DB4,True,0.9999983310699463
579,DB2,P03,DB2_P03_T01_-130_relabeled,L,primary,wf1_timeserieswise,3,DB2,DB2,True,0.9999905824661255
586,DB4,P30,DB4_P30_T05_relabeled,R,primary,wf1_timeserieswise,3,DB4,DB4,True,0.9999858140945435
587,DB4,P01,DB4_P01_T18_relabeled,R,primary,wf1_timeserieswise,3,DB4,DB4,True,0.9999196529388428
590,DB5,P15,DB5_P15_T35_r_slow_relabeled,L,primary,wf1_timeserieswise,3,DB5,DB5,True,0.9999450445175171
596,DB5,P10,DB5_P10_T11_r_comf_relabeled,L,primary,wf1_timeserieswise,3,DB5,DB5,True,0.9999592304229736
597,DB3,P13,DB3_P13_A_T06_relabeled,L,primary,wf1_timeserieswise,3,DB3,DB3,True,0.9993523955345154
600,DB4,P50,DB4_P50_T16_relabeled,R,primary,wf1_timeserieswise,3,DB4,DB4,True,0.9999951124191284
616,DB5,P10,DB5_P10_T32_l_slow_relabeled,L,primary,wf1_timeserieswise,3,DB5,DB5,True,0.9996753931045532
618,DB5,P03,DB5_P03_T38_r_slow_relabeled,L,primary,wf1_timeserieswise,3,DB5,DB5,True,0.9998295307159424
624,DB4,P16,DB4_P16_T08_relabeled,L,primary,wf1_timeserieswise,3,DB4,DB4,True,0.9997417330741882
635,DB4,P05,DB4_P05_T17_relabeled,R,primary,wf1_timeserieswise,3,DB4,DB4,True,0.9999387264251709
639,DB5,P27,DB5_P27_T02_l_comf_relabeled,L,primary,wf1_timeserieswise,3,DB5,DB5,True,0.9999755620956421
640,DB3,P06,DB3_P06_A_T10_relabeled,L,primary,wf1_timeserieswise,3,DB3,DB3,True,0.9951188564300537
641,DB1,P10,DB1_P10_C3_T02_relabeled,L,primary,wf1_timeserieswise,3,DB1,DB1,True,0.904496967792511
643,DB2,P03,DB2_P03_T05_-130_relabeled,L,primary,wf1_timeserieswise,3,DB2,DB2,True,0.9999932050704956
646,DB4,P50,DB4_P50_T22_relabeled,R,primary,wf1_timeserieswise,3,DB4,DB4,True,0.9999771118164062
647,DB4,P21,DB4_P21_T10_relabeled,R,primary,wf1_timeserieswise,3,DB4,DB4,True,0.9999545812606812
653,DB3,P03,DB3_P03_A_T01_relabeled,L,primary,wf1_timeserieswise,3,DB3,DB3,True,0.9986134767532349
654,DB4,P57,DB4_P57_T16_relabeled,R,primary,wf1_timeserieswise,3,DB4,DB4,True,0.999997615814209
657,DB3,P03,DB3_P03_A_T07_relabeled,R,primary,wf1_timeserieswise,3,DB3,DB3,True,0.9976031184196472
661,DB5,P27,DB5_P27_T08_l_comf_relabeled,L,primary,wf1_timeserieswise,3,DB5,DB5,True,0.9999940395355225
663,DB2,P03,DB2_P03_T03_-65_relabeled,L,primary,wf1_timeserieswise,3,DB2,DB2,True,0.9999985694885254
667,DB5,P15,DB5_P15_T31_l_slow_relabeled,L,primary,wf1_timeserieswise,3,DB5,DB5,True,0.995469331741333
671,DB4,P03,DB4_P03_T07_relabeled,R,primary,wf1_timeserieswise,3,DB4,DB4,True,0.999998927116394
675,DB1,P09,DB1_P09_C3_T03_relabeled,L,primary,wf1_timeserieswise,3,DB1,DB1,True,0.9915065169334412
678,DB5,P27,DB5_P27_T06_l_comf_relabeled,L,primary,wf1_timeserieswise,3,DB5,DB5,True,0.9999732971191406
680,DB5,P10,DB5_P10_T39_r_slow_relabeled,L,primary,wf1_timeserieswise,3,DB5,DB5,True,0.9996629953384399
688,DB4,P21,DB4_P21_T07_relabeled,R,primary,wf1_timeserieswise,3,DB4,DB4,True,0.9999535083770752
690,DB5,P15,DB5_P15_T32_r_slow_relabeled,L,primary,wf1_timeserieswise,3,DB5,DB5,True,0.9999890327453613
691,DB3,P13,DB3_P13_A_T26_relabeled,L,primary,wf1_timeserieswise,3,DB3,DB3,True,0.9991746544837952
702,DB5,P10,DB5_P10_T38_r_slow_relabeled,L,primary,wf1_timeserieswise,3,DB5,DB5,True,0.9998733997344971
703,DB5,P10,DB5_P10_T42_r_slow_relabeled,L,primary,wf1_timeserieswise,3,DB5,DB5,True,0.9994921684265137
706,DB5,P27,DB5_P27_T01_l_comf_relabeled,L,primary,wf1_timeserieswise,3,DB5,DB5,True,0.999997615814209
709,DB3,P03,DB3_P03_A_T11_relabeled,R,primary,wf1_timeserieswise,3,DB3,DB3,True,0.994055986404419
710,DB4,P05,DB4_P05_T06_relabeled,R,primary,wf1_timeserieswise,3,DB4,DB4,True,0.9999390840530396
719,DB5,P10,DB5_P10_T19_r_comf_relabeled,L,primary,wf1_timeserieswise,3,DB5,DB5,True,0.9999516010284424
723,DB3,P06,DB3_P06_A_T15_relabeled,L,primary,wf1_timeserieswise,3,DB3,DB3,True,0.9968011379241943
733,DB5,P15,DB5_P15_T29_l_slow_relabeled,L,primary,wf1_timeserieswise,3,DB5,DB5,True,0.9990372657775879
736,DB5,P10,DB5_P10_T41_r_slow_relabeled,L,primary,wf1_timeserieswise,3,DB5,DB5,True,0.9995929598808289
737,DB2,P03,DB2_P03_T01_250_relabeled,L,primary,wf1_timeserieswise,3,DB2,DB2,True,0.9999978542327881
741,DB4,P57,DB4_P57_T11_relabeled,R,primary,wf1_timeserieswise,3,DB4,DB4,True,0.9999927282333374
749,DB4,P16,DB4_P16_T16_relabeled,L,primary,wf1_timeserieswise,3,DB4,DB4,True,0.9997132420539856
756,DB4,P03,DB4_P03_T04_relabeled,R,primary,wf1_timeserieswise,3,DB4,DB4,True,0.9999995231628418
759,DB1,P30,DB1_P30_C2_T03_relabeled,L,primary,wf1_timeserieswise,3,DB1,DB1,True,0.9989239573478699
773,DB4,P03,DB4_P03_T12_relabeled,R,primary,wf1_timeserieswise,3,DB4,DB4,True,0.9999997615814209
777,DB2,P02,DB2_P02_T03_-130_relabeled,L,primary,wf1_timeserieswise,3,DB2,DB2,True,0.9999066591262817
782,DB4,P21,DB4_P21_T11_relabeled,R,primary,wf1_timeserieswise,3,DB4,DB4,True,0.9999125003814697
789,DB4,P05,DB4_P05_T16_relabeled,R,primary,wf1_timeserieswise,3,DB4,DB4,True,0.9998997449874878
790,DB4,P27,DB4_P27_T02_relabeled,R,primary,wf1_timeserieswise,3,DB4,DB4,True,0.9999996423721313
798,DB4,P21,DB4_P21_T21_relabeled,R,primary,wf1_timeserieswise,3,DB4,DB4,True,0.9999538660049438
802,DB5,P15,DB5_P15_T02_l_comf_relabeled,L,primary,wf1_timeserieswise,3,DB5,DB5,True,0.9999648332595825
805,DB4,P27,DB4_P27_T23_relabeled,R,primary,wf1_timeserieswise,3,DB4,DB4,True,0.9958712458610535
806,DB4,P05,DB4_P05_T11_relabeled,R,primary,wf1_timeserieswise,3,DB4,DB4,True,0.9999853372573853
811,DB4,P03,DB4_P03_T14_relabeled,R,primary,wf1_timeserieswise,3,DB4,DB4,True,0.9999990463256836
817,DB4,P16,DB4_P16_T23_relabeled,R,primary,wf1_timeserieswise,3,DB4,DB4,True,0.8123361468315125
818,DB5,P27,DB5_P27_T05_l_comf_relabeled,L,primary,wf1_timeserieswise,3,DB5,DB5,True,0.9998916387557983
822,DB5,P27,DB5_P27_T36_r_slow_relabeled,L,primary,wf1_timeserieswise,3,DB5,DB5,True,0.9999914169311523
824,DB4,P21,DB4_P21_T13_relabeled,R,primary,wf1_timeserieswise,3,DB4,DB4,True,0.9999074935913086
840,DB4,P50,DB4_P50_T09_relabeled,R,primary,wf1_timeserieswise,3,DB4,DB4,True,0.9999982118606567
842,DB5,P15,DB5_P15_T26_l_slow_relabeled,L,primary,wf1_timeserieswise,3,DB5,DB5,True,0.9963942170143127
846,DB3,P06,DB3_P06_A_T12_relabeled,L,primary,wf1_timeserieswise,3,DB3,DB3,True,0.9965404868125916
851,DB5,P10,DB5_P10_T21_l_slow_relabeled,L,primary,wf1_timeserieswise,3,DB5,DB5,True,0.9999932050704956
854,DB4,P21,DB4_P21_T17_relabeled,R,primary,wf1_timeserieswise,3,DB4,DB4,True,0.9999414682388306
857,DB5,P27,DB5_P27_T32_r_slow_relabeled,L,primary,wf1_timeserieswise,3,DB5,DB5,True,0.999995231628418
860,DB5,P27,DB5_P27_T24_l_slow_relabeled,L,primary,wf1_timeserieswise,3,DB5,DB5,True,0.9999831914901733
863,DB5,P03,DB5_P03_T17_r_comf_relabeled,L,primary,wf1_timeserieswise,3,DB5,DB5,True,0.9999582767486572
866,DB1,P04,DB1_P04_C2_T01_relabeled,L,primary,wf1_timeserieswise,3,DB1,DB1,True,0.999998927116394
872,DB4,P05,DB4_P05_T20_relabeled,R,primary,wf1_timeserieswise,3,DB4,DB4,True,0.9999585151672363
887,DB3,P13,DB3_P13_A_T34_relabeled,L,primary,wf1_timeserieswise,3,DB3,DB3,True,0.9984763264656067
888,DB2,P03,DB2_P03_T05_65_relabeled,L,primary,wf1_timeserieswise,3,DB2,DB2,True,0.9999988079071045
892,DB4,P21,DB4_P21_T19_relabeled,L,primary,wf1_timeserieswise,3,DB4,DB4,True,0.9999337196350098
903,DB2,P02,DB2_P02_T02_250_relabeled,L,primary,wf1_timeserieswise,3,DB2,DB2,True,0.999977707862854
907,DB4,P01,DB4_P01_T05_relabeled,R,primary,wf1_timeserieswise,3,DB4,DB4,True,0.9997944235801697
908,DB5,P27,DB5_P27_T22_l_slow_relabeled,L,primary,wf1_timeserieswise,3,DB5,DB5,True,0.9999985694885254
913,DB4,P57,DB4_P57_T14_relabeled,R,primary,wf1_timeserieswise,3,DB4,DB4,True,0.9999978542327881
914,DB4,P50,DB4_P50_T17_relabeled,R,primary,wf1_timeserieswise,3,DB4,DB4,True,0.9999843835830688
918,DB2,P03,DB2_P03_T05_-65_relabeled,L,primary,wf1_timeserieswise,3,DB2,DB2,True,0.999998927116394
921,DB2,P03,DB2_P03_T07_p_relabeled,L,primary,wf1_timeserieswise,3,DB2,DB2,True,0.9999723434448242
925,DB4,P21,DB4_P21_T04_relabeled,L,primary,wf1_timeserieswise,3,DB4,DB4,True,0.9999572038650513
931,DB5,P27,DB5_P27_T23_l_slow_relabeled,L,primary,wf1_timeserieswise,3,DB5,DB5,True,0.9999983310699463
932,DB4,P16,DB4_P16_T02_relabeled,R,primary,wf1_timeserieswise,3,DB4,DB4,True,0.999650239944458
934,DB4,P16,DB4_P16_T24_relabeled,L,primary,wf1_timeserieswise,3,DB4,DB4,True,0.9993473887443542
942,DB4,P05,DB4_P05_T07_relabeled,R,primary,wf1_timeserieswise,3,DB4,DB4,True,0.9999569654464722
946,DB5,P10,DB5_P10_T43_r_slow_relabeled,L,primary,wf1_timeserieswise,3,DB5,DB5,True,0.9999129772186279
956,DB3,P03,DB3_P03_A_T03_relabeled,L,primary,wf1_timeserieswise,3,DB3,DB3,True,0.9979066848754883
963,DB4,P30,DB4_P30_T17_relabeled,R,primary,wf1_timeserieswise,3,DB4,DB4,True,0.9999808073043823
965,DB5,P15,DB5_P15_T27_l_slow_relabeled,L,primary,wf1_timeserieswise,3,DB5,DB5,True,0.9972345232963562
966,DB4,P27,DB4_P27_T10_relabeled,L,primary,wf1_timeserieswise,3,DB4,DB4,True,0.9999996423721313
967,DB2,P03,DB2_P03_T07_130_relabeled,L,primary,wf1_timeserieswise,3,DB2,DB2,True,0.9999998807907104
970,DB4,P57,DB4_P57_T02_relabeled,R,primary,wf1_timeserieswise,3,DB4,DB4,True,0.9999961853027344
971,DB5,P03,DB5_P03_T13_r_comf_relabeled,L,primary,wf1_timeserieswise,3,DB5,DB5,True,0.9985252022743225
972,DB1,P13,DB1_P13_C2_T05_relabeled,L,primary,wf1_timeserieswise,3,DB1,DB1,True,0.9995161294937134
976,DB2,P03,DB2_P03_T02_-130_relabeled,L,primary,wf1_timeserieswise,3,DB2,DB2,True,0.9999465942382812
991,DB4,P03,DB4_P03_T08_relabeled,R,primary,wf1_timeserieswise,3,DB4,DB4,True,0.9999991655349731
995,DB5,P03,DB5_P03_T39_r_slow_relabeled,L,primary,wf1_timeserieswise,3,DB5,DB5,True,0.999710738658905
996,DB5,P03,DB5_P03_T42_r_slow_relabeled,L,primary,wf1_timeserieswise,3,DB5,DB5,True,0.9997920393943787
998,DB3,P11,DB3_P11_A_T01,R,primary,wf1_timeserieswise,3,DB3,DB3,True,0.9981181621551514
1000,DB3,P11,DB3_P11_A_T04,L,primary,wf1_timeserieswise,3,DB3,DB3,True,0.9981867671012878
1003,DB5,P15,DB5_P15_T24_l_slow_relabeled,L,primary,wf1_timeserieswise,3,DB5,DB5,True,0.9991840720176697
1008,DB4,P50,DB4_P50_T07_relabeled,R,primary,wf1_timeserieswise,3,DB4,DB4,True,0.9999760389328003
1010,DB5,P03,DB5_P03_T14_r_comf_relabeled,L,primary,wf1_timeserieswise,3,DB5,DB5,True,0.9997727274894714
1011,DB5,P10,DB5_P10_T06_l_comf_relabeled,L,primary,wf1_timeserieswise,3,DB5,DB5,True,0.9998152852058411
1012,DB4,P05,DB4_P05_T12_relabeled,R,primary,wf1_timeserieswise,3,DB4,DB4,True,0.9997531771659851
1015,DB2,P03,DB2_P03_T03_250_relabeled,L,primary,wf1_timeserieswise,3,DB2,DB2,True,0.9999977350234985
1020,DB3,P13,DB3_P13_A_T13_relabeled,R,primary,wf1_timeserieswise,3,DB3,DB3,True,0.9982584118843079
1023,DB4,P03,DB4_P03_T16_relabeled,R,primary,wf1_timeserieswise,3,DB4,DB4,True,0.9999994039535522
1026,DB4,P03,DB4_P03_T02_relabeled,R,primary,wf1_timeserieswise,3,DB4,DB4,True,0.9999995231628418
1030,DB1,P09,DB1_P09_C3_T01_relabeled,L,primary,wf1_timeserieswise,3,DB1,DB1,True,0.9420803189277649
1035,DB2,P03,DB2_P03_T03_-130_relabeled,L,primary,wf1_timeserieswise,3,DB2,DB2,True,0.9999934434890747
1041,DB3,P13,DB3_P13_A_T07_relabeled,R,primary,wf1_timeserieswise,3,DB3,DB3,True,0.9989966750144958
1047,DB4,P01,DB4_P01_T03_relabeled,R,primary,wf1_timeserieswise,3,DB4,DB4,True,0.9994539618492126
1053,DB4,P05,DB4_P05_T13_relabeled,R,primary,wf1_timeserieswise,3,DB4,DB4,True,0.9997747540473938
1064,DB2,P02,DB2_P02_T04_p_relabeled,L,primary,wf1_timeserieswise,3,DB2,DB2,True,0.997654139995575
1065,DB1,P10,DB1_P10_C2_T02_relabeled,L,primary,wf1_timeserieswise,3,DB1,DB1,True,0.9999557733535767
1072,DB4,P21,DB4_P21_T05_relabeled,R,primary,wf1_timeserieswise,3,DB4,DB4,True,0.9999452829360962
1090,DB1,P24,DB1_P24_C2_T03_relabeled,R,primary,wf1_timeserieswise,3,DB1,DB1,True,0.9999971389770508
1098,DB5,P15,DB5_P15_T33_r_slow_relabeled,L,primary,wf1_timeserieswise,3,DB5,DB5,True,0.9999438524246216
1105,DB5,P27,DB5_P27_T14_r_comf_relabeled,L,primary,wf1_timeserieswise,3,DB5,DB5,True,0.999994158744812
1107,DB5,P15,DB5_P15_T17_r_comf_relabeled,L,primary,wf1_timeserieswise,3,DB5,DB5,True,0.9999862909317017
1108,DB4,P05,DB4_P05_T21_relabeled,R,primary,wf1_timeserieswise,3,DB4,DB4,True,0.9999513626098633
1114,DB5,P10,DB5_P10_T29_l_slow_relabeled,L,primary,wf1_timeserieswise,3,DB5,DB5,True,0.9999847412109375
1127,DB5,P10,DB5_P10_T13_r_comf_relabeled,L,primary,wf1_timeserieswise,3,DB5,DB5,True,0.9999676942825317
1130,DB4,P50,DB4_P50_T05_relabeled,R,primary,wf1_timeserieswise,3,DB4,DB4,True,0.9999473094940186
1137,DB4,P57,DB4_P57_T13_relabeled,R,primary,wf1_timeserieswise,3,DB4,DB4,True,0.9999986886978149
1142,DB1,P13,DB1_P13_C2_T01_relabeled,L,primary,wf1_timeserieswise,3,DB1,DB1,True,0.9999628067016602
1144,DB5,P03,DB5_P03_T12_r_comf_relabeled,L,primary,wf1_timeserieswise,3,DB5,DB5,True,0.999968409538269
1145,DB2,P03,DB2_P03_T05_250_relabeled,L,primary,wf1_timeserieswise,3,DB2,DB2,True,0.9999923706054688
1153,DB5,P15,DB5_P15_T10_l_comf_relabeled,L,primary,wf1_timeserieswise,3,DB5,DB5,True,0.999934196472168
1161,DB4,P21,DB4_P21_T18_relabeled,R,primary,wf1_timeserieswise,3,DB4,DB4,True,0.9999591112136841
1165,DB3,P06,DB3_P06_A_T14_relabeled,L,primary,wf1_timeserieswise,3,DB3,DB3,True,0.9926257729530334
1176,DB5,P15,DB5_P15_T16_r_comf_relabeled,L,primary,wf1_timeserieswise,3,DB5,DB5,True,0.9999500513076782
1180,DB4,P05,DB4_P05_T15_relabeled,R,primary,wf1_timeserieswise,3,DB4,DB4,True,0.9999414682388306
1183,DB4,P27,DB4_P27_T08_relabeled,R,primary,wf1_timeserieswise,3,DB4,DB4,True,0.9999970197677612
1187,DB4,P27,DB4_P27_T14_relabeled,L,primary,wf1_timeserieswise,3,DB4,DB4,True,0.9999988079071045
1189,DB5,P15,DB5_P15_T36_r_slow_relabeled,L,primary,wf1_timeserieswise,3,DB5,DB5,True,0.9999853372573853
1199,DB4,P05,DB4_P05_T19_relabeled,R,primary,wf1_timeserieswise,3,DB4,DB4,True,0.9998899698257446
1224,DB5,P27,DB5_P27_T39_r_slow_relabeled,L,primary,wf1_timeserieswise,3,DB5,DB5,True,0.9999985694885254
1229,DB4,P50,DB4_P50_T03_relabeled,R,primary,wf1_timeserieswise,3,DB4,DB4,True,0.9999954700469971
1230,DB5,P03,DB5_P03_T33_r_slow_relabeled,L,primary,wf1_timeserieswise,3,DB5,DB5,True,0.9998229146003723
1243,DB4,P21,DB4_P21_T23_relabeled,R,primary,wf1_timeserieswise,3,DB4,DB4,True,0.999901533126831
1250,DB4,P05,DB4_P05_T02_relabeled,R,primary,wf1_timeserieswise,3,DB4,DB4,True,0.9995710253715515
1255,DB4,P50,DB4_P50_T04_relabeled,R,primary,wf1_timeserieswise,3,DB4,DB4,True,0.9999837875366211
1256,DB5,P10,DB5_P10_T36_r_slow_relabeled,L,primary,wf1_timeserieswise,3,DB5,DB5,True,0.9987742304801941
1258,DB5,P15,DB5_P15_T40_r_slow_relabeled,L,primary,wf1_timeserieswise,3,DB5,DB5,True,0.9998488426208496
1265,DB4,P50,DB4_P50_T21_relabeled,R,primary,wf1_timeserieswise,3,DB4,DB4,True,0.9999707937240601
1270,DB5,P03,DB5_P03_T11_r_comf_relabeled,L,primary,wf1_timeserieswise,3,DB5,DB5,True,0.9995236396789551
1271,DB5,P03,DB5_P03_T41_r_slow_relabeled,L,primary,wf1_timeserieswise,3,DB5,DB5,True,0.9999289512634277
1272,DB5,P10,DB5_P10_T04_l_comf_relabeled,L,primary,wf1_timeserieswise,3,DB5,DB5,True,0.9999879598617554
1278,DB3,P06,DB3_P06_A_T07_relabeled,R,primary,wf1_timeserieswise,3,DB3,DB3,True,0.9921727180480957
1297,DB4,P05,DB4_P05_T08_relabeled,R,primary,wf1_timeserieswise,3,DB4,DB4,True,0.9999003410339355
1299,DB5,P10,DB5_P10_T01_l_comf_relabeled,L,primary,wf1_timeserieswise,3,DB5,DB5,True,0.999997615814209
1300,DB4,P27,DB4_P27_T22_relabeled,L,primary,wf1_timeserieswise,3,DB4,DB4,True,0.9999990463256836
1303,DB2,P02,DB2_P02_T02_-65_relabeled,L,primary,wf1_timeserieswise,3,DB2,DB2,True,0.9999868869781494
1305,DB3,P06,DB3_P06_A_T09_relabeled,R,primary,wf1_timeserieswise,3,DB3,DB3,True,0.9902093410491943
1309,DB5,P15,DB5_P15_T37_r_slow_relabeled,L,primary,wf1_timeserieswise,3,DB5,DB5,True,0.9998817443847656
1318,DB5,P27,DB5_P27_T12_r_comf_relabeled,L,primary,wf1_timeserieswise,3,DB5,DB5,True,0.9999990463256836
1319,DB4,P27,DB4_P27_T11_relabeled,R,primary,wf1_timeserieswise,3,DB4,DB4,True,0.9999972581863403
1320,DB4,P01,DB4_P01_T04_relabeled,R,primary,wf1_timeserieswise,3,DB4,DB4,True,0.9995923638343811
1321,DB5,P27,DB5_P27_T20_r_comf_relabeled,L,primary,wf1_timeserieswise,3,DB5,DB5,True,0.9999885559082031
1325,DB5,P27,DB5_P27_T19_r_comf_relabeled,L,primary,wf1_timeserieswise,3,DB5,DB5,True,0.9999938011169434
1328,DB4,P57,DB4_P57_T18_relabeled,R,primary,wf1_timeserieswise,3,DB4,DB4,True,0.9999986886978149
1358,DB3,P13,DB3_P13_A_T01_relabeled,R,primary,wf1_timeserieswise,3,DB3,DB3,True,0.971230685710907
1361,DB4,P57,DB4_P57_T19_relabeled,R,primary,wf1_timeserieswise,3,DB4,DB4,True,0.9999991655349731
1365,DB3,P03,DB3_P03_A_T12_relabeled,L,primary,wf1_timeserieswise,3,DB3,DB3,True,0.9974961876869202
1367,DB2,P03,DB2_P03_T04_-130_relabeled,L,primary,wf1_timeserieswise,3,DB2,DB2,True,0.9999972581863403
1368,DB4,P21,DB4_P21_T22_relabeled,R,primary,wf1_timeserieswise,3,DB4,DB4,True,0.999964714050293
1370,DB5,P15,DB5_P15_T04_l_comf_relabeled,L,primary,wf1_timeserieswise,3,DB5,DB5,True,0.9997451901435852
1381,DB4,P30,DB4_P30_T03_relabeled,R,primary,wf1_timeserieswise,3,DB4,DB4,True,0.9999887943267822
1390,DB5,P03,DB5_P03_T35_r_slow_relabeled,L,primary,wf1_timeserieswise,3,DB5,DB5,True,0.994141161441803
1398,DB3,P11,DB3_P11_A_T11,R,primary,wf1_timeserieswise,3,DB3,DB3,True,0.9982960820198059
1399,DB4,P03,DB4_P03_T11_relabeled,R,primary,wf1_timeserieswise,3,DB4,DB4,True,0.9999995231628418
1408,DB4,P16,DB4_P16_T03_relabeled,L,primary,wf1_timeserieswise,3,DB4,DB4,True,0.9995980858802795
1411,DB5,P27,DB5_P27_T09_l_comf_relabeled,L,primary,wf1_timeserieswise,3,DB5,DB5,True,0.9999558925628662
1412,DB4,P03,DB4_P03_T13_relabeled,R,primary,wf1_timeserieswise,3,DB4,DB4,True,0.999997615814209
1419,DB1,P09,DB1_P09_C2_T05_relabeled,L,primary,wf1_timeserieswise,3,DB1,DB1,True,0.9972429275512695
1428,DB4,P30,DB4_P30_T15_relabeled,R,primary,wf1_timeserieswise,3,DB4,DB4,True,0.9999862909317017
1434,DB4,P30,DB4_P30_T14_relabeled,R,primary,wf1_timeserieswise,3,DB4,DB4,True,0.9999887943267822
1436,DB4,P16,DB4_P16_T17_relabeled,R,primary,wf1_timeserieswise,3,DB4,DB4,True,0.9986929297447205
1446,DB1,P09,DB1_P09_C3_T05_relabeled,L,primary,wf1_timeserieswise,3,DB1,DB1,True,0.9763774275779724
1449,DB4,P16,DB4_P16_T09_relabeled,R,primary,wf1_timeserieswise,3,DB4,DB4,True,0.9993898868560791
1450,DB5,P10,DB5_P10_T05_l_comf_relabeled,L,primary,wf1_timeserieswise,3,DB5,DB5,True,0.9999394416809082
1452,DB4,P50,DB4_P50_T20_relabeled,R,primary,wf1_timeserieswise,3,DB4,DB4,True,0.999987006187439
1454,DB4,P27,DB4_P27_T16_relabeled,R,primary,wf1_timeserieswise,3,DB4,DB4,True,0.9999998807907104
1457,DB3,P11,DB3_P11_A_T10,L,primary,wf1_timeserieswise,3,DB3,DB3,True,0.9985529780387878
1462,DB4,P21,DB4_P21_T09_relabeled,L,primary,wf1_timeserieswise,3,DB4,DB4,True,0.9999681711196899
1481,DB4,P03,DB4_P03_T03_relabeled,R,primary,wf1_timeserieswise,3,DB4,DB4,True,0.9999994039535522
1485,DB5,P27,DB5_P27_T10_l_comf_relabeled,L,primary,wf1_timeserieswise,3,DB5,DB5,True,0.9998114705085754
1486,DB1,P04,DB1_P04_C3_T04_relabeled,L,primary,wf1_timeserieswise,3,DB1,DB1,True,0.999977707862854
1487,DB1,P30,DB1_P30_C1_T04_relabeled,R,primary,wf1_timeserieswise,3,DB1,DB1,True,0.9999772310256958
1489,DB4,P57,DB4_P57_T21_relabeled,R,primary,wf1_timeserieswise,3,DB4,DB4,True,0.999996542930603
1494,DB2,P02,DB2_P02_T02_-130_relabeled,L,primary,wf1_timeserieswise,3,DB2,DB2,True,0.9999889135360718
1499,DB4,P01,DB4_P01_T06_relabeled,R,primary,wf1_timeserieswise,3,DB4,DB4,True,0.9993525147438049
1505,DB5,P27,DB5_P27_T15_r_comf_relabeled,L,primary,wf1_timeserieswise,3,DB5,DB5,True,0.9999613761901855
1514,DB1,P04,DB1_P04_C3_T03_relabeled,L,primary,wf1_timeserieswise,3,DB1,DB1,True,0.9998117089271545
1518,DB4,P05,DB4_P05_T03_relabeled,R,primary,wf1_timeserieswise,3,DB4,DB4,True,0.9998934268951416
1519,DB5,P15,DB5_P15_T38_r_slow_relabeled,L,primary,wf1_timeserieswise,3,DB5,DB5,True,0.9961872696876526
1527,DB5,P15,DB5_P15_T39_r_slow_relabeled,L,primary,wf1_timeserieswise,3,DB5,DB5,True,0.9996132254600525
1528,DB2,P03,DB2_P03_T06_65_relabeled,L,primary,wf1_timeserieswise,3,DB2,DB2,True,0.9999996423721313
1533,DB5,P10,DB5_P10_T22_l_slow_relabeled,L,primary,wf1_timeserieswise,3,DB5,DB5,True,0.999976396560669
1534,DB2,P03,DB2_P03_T08_130_relabeled,L,primary,wf1_timeserieswise,3,DB2,DB2,True,0.9999998807907104
1538,DB5,P10,DB5_P10_T35_r_slow_relabeled,L,primary,wf1_timeserieswise,3,DB5,DB5,True,0.9998383522033691
1544,DB4,P03,DB4_P03_T17_relabeled,R,primary,wf1_timeserieswise,3,DB4,DB4,True,0.9999995231628418
1547,DB4,P50,DB4_P50_T06_relabeled,R,primary,wf1_timeserieswise,3,DB4,DB4,True,0.9999932050704956
1549,DB5,P15,DB5_P15_T11_l_comf_relabeled,L,primary,wf1_timeserieswise,3,DB5,DB5,True,0.9999459981918335
1551,DB5,P03,DB5_P03_T40_r_slow_relabeled,L,primary,wf1_timeserieswise,3,DB5,DB5,True,0.9893835186958313
1564,DB3,P11,DB3_P11_A_T08,L,primary,wf1_timeserieswise,3,DB3,DB3,True,0.9980300068855286
1574,DB1,P10,DB1_P10_C2_T04_relabeled,L,primary,wf1_timeserieswise,3,DB1,DB1,True,0.9999853372573853
1578,DB2,P02,DB2_P02_T05_65_relabeled,L,primary,wf1_timeserieswise,3,DB2,DB2,True,0.9999909400939941
1586,DB3,P06,DB3_P06_A_T03_relabeled,R,primary,wf1_timeserieswise,3,DB3,DB3,True,0.9977972507476807
1589,DB4,P21,DB4_P21_T02_relabeled,L,primary,wf1_timeserieswise,3,DB4,DB4,True,0.9997995495796204
1601,DB4,P03,DB4_P03_T20_relabeled,R,primary,wf1_timeserieswise,3,DB4,DB4,True,0.9999995231628418
1611,DB5,P27,DB5_P27_T30_l_slow_relabeled,L,primary,wf1_timeserieswise,3,DB5,DB5,True,0.9999576807022095
1615,DB4,P05,DB4_P05_T04_relabeled,R,primary,wf1_timeserieswise,3,DB4,DB4,True,0.9998109936714172
1619,DB2,P02,DB2_P02_T01_-65_relabeled,L,primary,wf1_timeserieswise,3,DB2,DB2,True,0.9999810457229614
1622,DB4,P01,DB4_P01_T10_relabeled,R,primary,wf1_timeserieswise,3,DB4,DB4,True,0.9999631643295288
1625,DB5,P15,DB5_P15_T21_r_comf_relabeled,L,primary,wf1_timeserieswise,3,DB5,DB5,True,0.9999754428863525
1627,DB2,P02,DB2_P02_T03_250_relabeled,L,primary,wf1_timeserieswise,3,DB2,DB2,True,0.9999899864196777
1635,DB2,P02,DB2_P02_T04_250_relabeled,L,primary,wf1_timeserieswise,3,DB2,DB2,True,0.9999773502349854
1637,DB4,P16,DB4_P16_T13_relabeled,L,primary,wf1_timeserieswise,3,DB4,DB4,True,0.9990942478179932
1648,DB2,P03,DB2_P03_T04_250_relabeled,L,primary,wf1_timeserieswise,3,DB2,DB2,True,0.9999988079071045
1649,DB4,P03,DB4_P03_T21_relabeled,R,primary,wf1_timeserieswise,3,DB4,DB4,True,0.999998927116394
1653,DB5,P27,DB5_P27_T17_r_comf_relabeled,L,primary,wf1_timeserieswise,3,DB5,DB5,True,0.9999606609344482
1660,DB5,P15,DB5_P15_T20_r_comf_relabeled,L,primary,wf1_timeserieswise,3,DB5,DB5,True,0.9999812841415405
1661,DB5,P03,DB5_P03_T19_r_comf_relabeled,L,primary,wf1_timeserieswise,3,DB5,DB5,True,0.9998668432235718
1664,DB5,P15,DB5_P15_T03_l_comf_relabeled,L,primary,wf1_timeserieswise,3,DB5,DB5,True,0.99989914894104
1669,DB5,P10,DB5_P10_T34_r_slow_relabeled,L,primary,wf1_timeserieswise,3,DB5,DB5,True,0.9953652620315552
1670,DB4,P05,DB4_P05_T09_relabeled,R,primary,wf1_timeserieswise,3,DB4,DB4,True,0.9998835325241089
1679,DB5,P10,DB5_P10_T14_r_comf_relabeled,L,primary,wf1_timeserieswise,3,DB5,DB5,True,0.9999412298202515
1681,DB4,P27,DB4_P27_T17_relabeled,L,primary,wf1_timeserieswise,3,DB4,DB4,True,0.9999992847442627
1682,DB4,P03,DB4_P03_T05_relabeled,R,primary,wf1_timeserieswise,3,DB4,DB4,True,0.9999991655349731
1683,DB4,P03,DB4_P03_T10_relabeled,R,primary,wf1_timeserieswise,3,DB4,DB4,True,0.9999996423721313
1685,DB5,P10,DB5_P10_T37_r_slow_relabeled,L,primary,wf1_timeserieswise,3,DB5,DB5,True,0.9994246959686279
1692,DB5,P15,DB5_P15_T15_r_comf_relabeled,L,primary,wf1_timeserieswise,3,DB5,DB5,True,0.9998958110809326
1695,DB5,P27,DB5_P27_T27_l_slow_relabeled,L,primary,wf1_timeserieswise,3,DB5,DB5,True,0.9999977350234985
1696,DB5,P27,DB5_P27_T03_l_comf_relabeled,L,primary,wf1_timeserieswise,3,DB5,DB5,True,0.9999076128005981
1707,DB4,P57,DB4_P57_T06_relabeled,R,primary,wf1_timeserieswise,3,DB4,DB4,True,0.9999979734420776
1709,DB3,P13,DB3_P13_A_T09_relabeled,R,primary,wf1_timeserieswise,3,DB3,DB3,True,0.9970490336418152
1721,DB4,P57,DB4_P57_T04_relabeled,R,primary,wf1_timeserieswise,3,DB4,DB4,True,0.9999988079071045
1730,DB2,P02,DB2_P02_T05_250_relabeled,L,primary,wf1_timeserieswise,3,DB2,DB2,True,0.9999880790710449
1739,DB4,P03,DB4_P03_T22_relabeled,R,primary,wf1_timeserieswise,3,DB4,DB4,True,0.9999990463256836
1741,DB4,P01,DB4_P01_T19_relabeled,R,primary,wf1_timeserieswise,3,DB4,DB4,True,0.9999501705169678
1755,DB2,P02,DB2_P02_T04_-65_relabeled,L,primary,wf1_timeserieswise,3,DB2,DB2,True,0.9999716281890869
1760,DB2,P03,DB2_P03_T08_p_relabeled,L,primary,wf1_timeserieswise,3,DB2,DB2,True,0.9999148845672607
1768,DB5,P15,DB5_P15_T05_l_comf_relabeled,L,primary,wf1_timeserieswise,3,DB5,DB5,True,0.9999446868896484
1769,DB4,P50,DB4_P50_T14_relabeled,R,primary,wf1_timeserieswise,3,DB4,DB4,True,0.9999817609786987
1776,DB1,P13,DB1_P13_C2_T03_relabeled,L,primary,wf1_timeserieswise,3,DB1,DB1,True,0.9989925026893616
1777,DB1,P04,DB1_P04_C3_T01_relabeled,L,primary,wf1_timeserieswise,3,DB1,DB1,True,0.9999892711639404
1782,DB2,P02,DB2_P02_T01_130_relabeled,L,primary,wf1_timeserieswise,3,DB2,DB2,True,0.9999101161956787
1784,DB2,P03,DB2_P03_T03_65_relabeled,L,primary,wf1_timeserieswise,3,DB2,DB2,True,0.9999997615814209
1795,DB4,P57,DB4_P57_T17_relabeled,R,primary,wf1_timeserieswise,3,DB4,DB4,True,0.9999988079071045
1798,DB3,P06,DB3_P06_A_T08_relabeled,R,primary,wf1_timeserieswise,3,DB3,DB3,True,0.9967038035392761
1802,DB4,P30,DB4_P30_T02_relabeled,R,primary,wf1_timeserieswise,3,DB4,DB4,True,0.9999849796295166
1803,DB2,P02,DB2_P02_T04_130_relabeled,L,primary,wf1_timeserieswise,3,DB2,DB2,True,0.9999912977218628
1819,DB2,P02,DB2_P02_T05_130_relabeled,L,primary,wf1_timeserieswise,3,DB2,DB2,True,0.9999914169311523
1822,DB3,P11,DB3_P11_A_T05,R,primary,wf1_timeserieswise,3,DB3,DB3,True,0.9944438338279724
1826,DB5,P10,DB5_P10_T24_l_slow_relabeled,L,primary,wf1_timeserieswise,3,DB5,DB5,True,0.9999669790267944
1829,DB4,P21,DB4_P21_T03_relabeled,L,primary,wf1_timeserieswise,3,DB4,DB4,True,0.999940037727356
1834,DB1,P04,DB1_P04_C2_T04_relabeled,L,primary,wf1_timeserieswise,3,DB1,DB1,True,0.9999926090240479
1838,DB5,P03,DB5_P03_T37_r_slow_relabeled,L,primary,wf1_timeserieswise,3,DB5,DB5,True,0.9999332427978516
1840,DB4,P16,DB4_P16_T22_relabeled,R,primary,wf1_timeserieswise,3,DB4,DB4,True,0.9926758408546448
1845,DB4,P50,DB4_P50_T02_relabeled,R,primary,wf1_timeserieswise,3,DB4,DB4,True,0.9999983310699463
1846,DB5,P15,DB5_P15_T13_r_comf_relabeled,L,primary,wf1_timeserieswise,3,DB5,DB5,True,0.9999146461486816
1847,DB4,P16,DB4_P16_T05_relabeled,R,primary,wf1_timeserieswise,3,DB4,DB4,True,0.9994460940361023
1848,DB4,P57,DB4_P57_T07_relabeled,R,primary,wf1_timeserieswise,3,DB4,DB4,True,0.9999815225601196
1854,DB2,P02,DB2_P02_T01_p_relabeled,L,primary,wf1_timeserieswise,3,DB2,DB2,True,0.9993380904197693
1855,DB5,P27,DB5_P27_T04_l_comf_relabeled,L,primary,wf1_timeserieswise,3,DB5,DB5,True,0.9999125003814697
1856,DB4,P27,DB4_P27_T20_relabeled,R,primary,wf1_timeserieswise,3,DB4,DB4,True,0.9999982118606567
1860,DB3,P11,DB3_P11_A_T09,R,primary,wf1_timeserieswise,3,DB3,DB3,True,0.9984429478645325
1869,DB3,P06,DB3_P06_A_T13_relabeled,L,primary,wf1_timeserieswise,3,DB3,DB3,True,0.9947330951690674
1882,DB1,P30,DB1_P30_C3_T02_relabeled,L,primary,wf1_timeserieswise,3,DB1,DB1,True,0.978929340839386
1886,DB5,P10,DB5_P10_T33_r_slow_relabeled,L,primary,wf1_timeserieswise,3,DB5,DB5,True,0.9997413754463196
1898,DB5,P03,DB5_P03_T34_r_slow_relabeled,L,primary,wf1_timeserieswise,3,DB5,DB5,True,0.9998596906661987
9,DB4,P42,DB4_P42_T15_relabeled,R,primary,wf1_timeserieswise,4,DB4,DB4,True,0.9999856948852539
10,DB5,P23,DB5_P23_T07_l_comf_relabeled,L,primary,wf1_timeserieswise,4,DB5,DB5,True,0.9999688863754272
16,DB4,P42,DB4_P42_T14_relabeled,R,primary,wf1_timeserieswise,4,DB4,DB4,True,0.9999805688858032
26,DB1,P42,DB1_P42_C3_T01_relabeled,L,primary,wf1_timeserieswise,4,DB1,DB1,True,0.9991426467895508
32,DB4,P46,DB4_P46_T19_relabeled,R,primary,wf1_timeserieswise,4,DB4,DB4,True,0.9999971389770508
34,DB5,P28,DB5_P28_T07_l_comf_relabeled,L,primary,wf1_timeserieswise,4,DB5,DB5,True,0.9999856948852539
36,DB4,P47,DB4_P47_T10_relabeled,R,primary,wf1_timeserieswise,4,DB4,DB4,True,0.9993531107902527
52,DB4,P46,DB4_P46_T13_relabeled,R,primary,wf1_timeserieswise,4,DB4,DB4,True,0.9999727010726929
53,DB5,P26,DB5_P26_T05_l_comf_relabeled,L,primary,wf1_timeserieswise,4,DB5,DB5,True,0.999998927116394
55,DB4,P45,DB4_P45_T11_relabeled,R,primary,wf1_timeserieswise,4,DB4,DB4,True,0.9999942779541016
57,DB4,P42,DB4_P42_T06_relabeled,R,primary,wf1_timeserieswise,4,DB4,DB4,True,0.9999977350234985
59,DB4,P47,DB4_P47_T21_relabeled,R,primary,wf1_timeserieswise,4,DB4,DB4,True,0.9999314546585083
61,DB4,P46,DB4_P46_T21_relabeled,R,primary,wf1_timeserieswise,4,DB4,DB4,True,0.9999958276748657
70,DB5,P29,DB5_P29_T18_r_comf_relabeled,L,primary,wf1_timeserieswise,4,DB5,DB5,True,0.9999974966049194
71,DB5,P23,DB5_P23_T16_r_comf_relabeled,L,primary,wf1_timeserieswise,4,DB5,DB5,True,0.9999908208847046
78,DB1,P06,DB1_P06_C3_T01_relabeled,R,primary,wf1_timeserieswise,4,DB1,DB1,True,0.9989935755729675
85,DB4,P42,DB4_P42_T10_relabeled,R,primary,wf1_timeserieswise,4,DB4,DB4,True,0.9999850988388062
87,DB5,P26,DB5_P26_T16_r_comf_relabeled,L,primary,wf1_timeserieswise,4,DB5,DB5,True,0.9999977350234985
90,DB4,P04,DB4_P04_T18_relabeled,R,primary,wf1_timeserieswise,4,DB4,DB4,True,0.9999406337738037
92,DB5,P23,DB5_P23_T30_l_slow_relabeled,L,primary,wf1_timeserieswise,4,DB5,DB5,True,0.9999898672103882
115,DB3,P19,DB3_P19_A_T01,L,primary,wf1_timeserieswise,4,DB3,DB3,True,0.9922917485237122
117,DB5,P28,DB5_P28_T29_l_slow_relabeled,L,primary,wf1_timeserieswise,4,DB5,DB5,True,0.9999969005584717
118,DB3,P19,DB3_P19_A_T13,L,primary,wf1_timeserieswise,4,DB3,DB3,True,0.9975451827049255
120,DB5,P26,DB5_P26_T04_l_comf_relabeled,L,primary,wf1_timeserieswise,4,DB5,DB5,True,0.9999985694885254
123,DB5,P28,DB5_P28_T08_l_comf_relabeled,L,primary,wf1_timeserieswise,4,DB5,DB5,True,0.9999921321868896
124,DB5,P23,DB5_P23_T02_l_comf_relabeled,L,primary,wf1_timeserieswise,4,DB5,DB5,True,0.9999920129776001
125,DB4,P47,DB4_P47_T13_relabeled,R,primary,wf1_timeserieswise,4,DB4,DB4,True,0.9999686479568481
136,DB5,P29,DB5_P29_T13_r_comf_relabeled,L,primary,wf1_timeserieswise,4,DB5,DB5,True,0.9999986886978149
137,DB4,P19,DB4_P19_T19_relabeled,R,primary,wf1_timeserieswise,4,DB4,DB4,True,0.9999794960021973
141,DB5,P23,DB5_P23_T04_l_comf_relabeled,L,primary,wf1_timeserieswise,4,DB5,DB5,True,0.9999849796295166
145,DB3,P19,DB3_P19_A_T09,L,primary,wf1_timeserieswise,4,DB3,DB3,True,0.989551842212677
149,DB2,P12,DB2_P12_T01_65_relabeled,L,primary,wf1_timeserieswise,4,DB2,DB2,True,0.7662827968597412
150,DB5,P28,DB5_P28_T02_l_comf_relabeled,L,primary,wf1_timeserieswise,4,DB5,DB5,True,0.9999426603317261
152,DB4,P04,DB4_P04_T13_relabeled,R,primary,wf1_timeserieswise,4,DB4,DB4,True,0.9999995231628418
154,DB1,P05,DB1_P05_C3_T03_relabeled,L,primary,wf1_timeserieswise,4,DB1,DB1,True,0.9995859265327454
159,DB4,P53,DB4_P53_T16_relabeled,R,primary,wf1_timeserieswise,4,DB4,DB4,True,0.9999672174453735
168,DB5,P26,DB5_P26_T28_l_slow_relabeled,L,primary,wf1_timeserieswise,4,DB5,DB5,True,0.9999997615814209
170,DB2,P12,DB2_P12_T04_130_relabeled,L,primary,wf1_timeserieswise,4,DB2,DB2,True,0.9880592226982117
175,DB4,P08,DB4_P08_T06_relabeled,R,primary,wf1_timeserieswise,4,DB4,DB4,True,0.9999990463256836
178,DB4,P45,DB4_P45_T21_relabeled,R,primary,wf1_timeserieswise,4,DB4,DB4,True,0.9999833106994629
179,DB2,P12,DB2_P12_T04_250_relabeled,L,primary,wf1_timeserieswise,4,DB2,DB2,True,0.9023360013961792
181,DB4,P08,DB4_P08_T18_relabeled,R,primary,wf1_timeserieswise,4,DB4,DB4,True,0.9999915361404419
186,DB5,P23,DB5_P23_T35_r_slow_relabeled,L,primary,wf1_timeserieswise,4,DB5,DB5,True,0.999945878982544
187,DB2,P01,DB2_P01_T01_p_relabeled,L,primary,wf1_timeserieswise,4,DB2,DB2,True,0.9995883107185364
189,DB4,P53,DB4_P53_T08_relabeled,R,primary,wf1_timeserieswise,4,DB4,DB4,True,0.9999856948852539
200,DB5,P29,DB5_P29_T09_l_comf_relabeled,L,primary,wf1_timeserieswise,4,DB5,DB5,True,0.999997615814209
201,DB1,P49,DB1_P49_C3_T04_relabeled,L,primary,wf1_timeserieswise,4,DB1,DB1,True,0.9998735189437866
211,DB5,P23,DB5_P23_T25_l_slow_relabeled,L,primary,wf1_timeserieswise,4,DB5,DB5,True,0.999944806098938
215,DB5,P23,DB5_P23_T05_l_comf_relabeled,L,primary,wf1_timeserieswise,4,DB5,DB5,True,0.999966025352478
221,DB5,P28,DB5_P28_T28_l_slow_relabeled,L,primary,wf1_timeserieswise,4,DB5,DB5,True,0.999987006187439
224,DB4,P04,DB4_P04_T02_relabeled,R,primary,wf1_timeserieswise,4,DB4,DB4,True,0.9999969005584717
225,DB1,P17,DB1_P17_C2_T05_relabeled,L,primary,wf1_timeserieswise,4,DB1,DB1,True,0.9931178092956543
229,DB2,P12,DB2_P12_T03_250_relabeled,L,primary,wf1_timeserieswise,4,DB2,DB2,True,0.9620617628097534
232,DB2,P12,DB2_P12_T02_130_relabeled,L,primary,wf1_timeserieswise,4,DB2,DB2,True,0.8317409157752991
233,DB2,P12,DB2_P12_T02_-130_relabeled,L,primary,wf1_timeserieswise,4,DB2,DB2,True,0.9963793158531189
236,DB1,P49,DB1_P49_C3_T03_relabeled,L,primary,wf1_timeserieswise,4,DB1,DB1,True,0.9998960494995117
237,DB5,P23,DB5_P23_T14_r_comf_relabeled,L,primary,wf1_timeserieswise,4,DB5,DB5,True,0.9999923706054688
240,DB3,P10,DB3_P10_A_T04,L,primary,wf1_timeserieswise,4,DB3,DB3,True,0.9995809197425842
241,DB5,P26,DB5_P26_T06_l_comf_relabeled,L,primary,wf1_timeserieswise,4,DB5,DB5,True,0.9999996423721313
255,DB1,P17,DB1_P17_C2_T03_relabeled,L,primary,wf1_timeserieswise,4,DB1,DB1,True,0.9963316321372986
259,DB3,P16,DB3_P16_A_T02_relabeled,L,primary,wf1_timeserieswise,4,DB3,DB3,True,0.4707557260990143
260,DB4,P19,DB4_P19_T03_relabeled,R,primary,wf1_timeserieswise,4,DB4,DB4,True,0.9999078512191772
262,DB1,P06,DB1_P06_C3_T02_relabeled,L,primary,wf1_timeserieswise,4,DB1,DB1,True,0.9999593496322632
264,DB4,P47,DB4_P47_T18_relabeled,R,primary,wf1_timeserieswise,4,DB4,DB4,True,0.9998553991317749
267,DB5,P23,DB5_P23_T03_l_comf_relabeled,L,primary,wf1_timeserieswise,4,DB5,DB5,True,0.9999874830245972
277,DB2,P12,DB2_P12_T01_p_relabeled,L,primary,wf1_timeserieswise,4,DB2,DB2,True,0.9084293246269226
279,DB3,P18,DB3_P18_A_T03,L,primary,wf1_timeserieswise,4,DB3,DB3,True,0.9201690554618835
280,DB4,P47,DB4_P47_T14_relabeled,R,primary,wf1_timeserieswise,4,DB4,DB4,True,0.9999821186065674
283,DB3,P18,DB3_P18_A_T01,L,primary,wf1_timeserieswise,4,DB3,DB3,True,0.707942008972168
286,DB4,P42,DB4_P42_T05_relabeled,R,primary,wf1_timeserieswise,4,DB4,DB4,True,0.9999912977218628
287,DB2,P01,DB2_P01_T11_p_relabeled,L,primary,wf1_timeserieswise,4,DB2,DB2,True,0.9997300505638123
290,DB4,P53,DB4_P53_T11_relabeled,R,primary,wf1_timeserieswise,4,DB4,DB4,True,0.9999964237213135
296,DB5,P26,DB5_P26_T36_r_slow_relabeled,L,primary,wf1_timeserieswise,4,DB5,DB5,True,0.9999997615814209
305,DB5,P29,DB5_P29_T10_l_comf_relabeled,L,primary,wf1_timeserieswise,4,DB5,DB5,True,0.9999986886978149
309,DB5,P28,DB5_P28_T20_r_comf_relabeled,L,primary,wf1_timeserieswise,4,DB5,DB5,True,0.999964714050293
326,DB2,P12,DB2_P12_T04_-65_relabeled,L,primary,wf1_timeserieswise,4,DB2,DB2,True,0.6872437000274658
328,DB5,P29,DB5_P29_T24_l_slow_relabeled,L,primary,wf1_timeserieswise,4,DB5,DB5,True,0.9999961853027344
335,DB3,P19,DB3_P19_A_T15,L,primary,wf1_timeserieswise,4,DB3,DB3,True,0.9981598258018494
338,DB4,P19,DB4_P19_T18_relabeled,R,primary,wf1_timeserieswise,4,DB4,DB4,True,0.9999821186065674
356,DB4,P04,DB4_P04_T12_relabeled,R,primary,wf1_timeserieswise,4,DB4,DB4,True,0.9999836683273315
361,DB3,P19,DB3_P19_A_T19,R,primary,wf1_timeserieswise,4,DB3,DB3,True,0.9981751441955566
362,DB4,P19,DB4_P19_T02_relabeled,R,primary,wf1_timeserieswise,4,DB4,DB4,True,0.9999206066131592
363,DB4,P46,DB4_P46_T05_relabeled,R,primary,wf1_timeserieswise,4,DB4,DB4,True,0.9999901056289673
366,DB2,P12,DB2_P12_T05_65_relabeled,L,primary,wf1_timeserieswise,4,DB2,DB2,True,0.9541304707527161
369,DB5,P28,DB5_P28_T39_r_slow_relabeled,L,primary,wf1_timeserieswise,4,DB5,DB5,True,0.9999939203262329
377,DB3,P18,DB3_P18_A_T14,L,primary,wf1_timeserieswise,4,DB3,DB3,True,0.8798680901527405
382,DB5,P26,DB5_P26_T02_l_comf_relabeled,L,primary,wf1_timeserieswise,4,DB5,DB5,True,0.9999991655349731
390,DB2,P01,DB2_P01_T09_-130_relabeled,L,primary,wf1_timeserieswise,4,DB2,DB2,True,0.999980092048645
421,DB3,P19,DB3_P19_A_T02,L,primary,wf1_timeserieswise,4,DB3,DB3,True,0.9982543587684631
422,DB2,P01,DB2_P01_T07_-130_relabeled,L,primary,wf1_timeserieswise,4,DB2,DB2,True,0.9999290704727173
424,DB2,P01,DB2_P01_T01_130_relabeled,L,primary,wf1_timeserieswise,4,DB2,DB2,True,0.9999289512634277
429,DB5,P26,DB5_P26_T08_l_comf_relabeled,L,primary,wf1_timeserieswise,4,DB5,DB5,True,0.9999966621398926
435,DB4,P45,DB4_P45_T22_relabeled,R,primary,wf1_timeserieswise,4,DB4,DB4,True,0.9999936819076538
438,DB2,P12,DB2_P12_T05_-65_relabeled,L,primary,wf1_timeserieswise,4,DB2,DB2,True,0.7573272585868835
444,DB2,P01,DB2_P01_T02_250_relabeled,L,primary,wf1_timeserieswise,4,DB2,DB2,True,0.9994229078292847
465,DB3,P18,DB3_P18_A_T13,L,primary,wf1_timeserieswise,4,DB3,DB3,True,0.9821725487709045
474,DB5,P23,DB5_P23_T17_r_comf_relabeled,L,primary,wf1_timeserieswise,4,DB5,DB5,True,0.9999797344207764
476,DB4,P45,DB4_P45_T04_relabeled,R,primary,wf1_timeserieswise,4,DB4,DB4,True,0.9999947547912598
477,DB4,P46,DB4_P46_T17_relabeled,R,primary,wf1_timeserieswise,4,DB4,DB4,True,0.9993410706520081
481,DB5,P28,DB5_P28_T40_r_slow_relabeled,L,primary,wf1_timeserieswise,4,DB5,DB5,True,0.9999921321868896
482,DB5,P23,DB5_P23_T37_r_slow_relabeled,L,primary,wf1_timeserieswise,4,DB5,DB5,True,0.999994158744812
497,DB2,P12,DB2_P12_T02_-65_relabeled,L,primary,wf1_timeserieswise,4,DB2,DB2,True,0.9780224561691284
504,DB3,P10,DB3_P10_A_T06,L,primary,wf1_timeserieswise,4,DB3,DB3,True,0.998643696308136
505,DB5,P29,DB5_P29_T03_l_comf_relabeled,L,primary,wf1_timeserieswise,4,DB5,DB5,True,0.9999951124191284
508,DB5,P28,DB5_P28_T11_r_comf_relabeled,L,primary,wf1_timeserieswise,4,DB5,DB5,True,0.9999949932098389
509,DB3,P16,DB3_P16_A_T09_relabeled,R,primary,wf1_timeserieswise,4,DB3,DB3,True,0.6785396933555603
514,DB3,P16,DB3_P16_A_T05_relabeled,L,primary,wf1_timeserieswise,4,DB3,DB3,True,0.5563111305236816
519,DB4,P47,DB4_P47_T06_relabeled,R,primary,wf1_timeserieswise,4,DB4,DB4,True,0.9995591044425964
526,DB5,P29,DB5_P29_T12_r_comf_relabeled,L,primary,wf1_timeserieswise,4,DB5,DB5,True,0.999998927116394
528,DB5,P23,DB5_P23_T28_l_slow_relabeled,L,primary,wf1_timeserieswise,4,DB5,DB5,True,0.9998334646224976
541,DB1,P47,DB1_P47_C2_T02_relabeled,L,primary,wf1_timeserieswise,4,DB1,DB1,True,0.9723682403564453
542,DB4,P08,DB4_P08_T11_relabeled,R,primary,wf1_timeserieswise,4,DB4,DB4,True,0.9999942779541016
551,DB4,P19,DB4_P19_T08_relabeled,R,primary,wf1_timeserieswise,4,DB4,DB4,True,0.9999659061431885
572,DB5,P23,DB5_P23_T29_l_slow_relabeled,L,primary,wf1_timeserieswise,4,DB5,DB5,True,0.9999774694442749
573,DB2,P12,DB2_P12_T03_-130_relabeled,L,primary,wf1_timeserieswise,4,DB2,DB2,True,0.990471363067627
577,DB5,P26,DB5_P26_T01_l_comf_relabeled,L,primary,wf1_timeserieswise,4,DB5,DB5,True,0.9999978542327881
585,DB2,P12,DB2_P12_T03_p_relabeled,L,primary,wf1_timeserieswise,4,DB2,DB2,True,0.9741986393928528
589,DB5,P28,DB5_P28_T05_l_comf_relabeled,L,primary,wf1_timeserieswise,4,DB5,DB5,True,0.9999982118606567
617,DB5,P29,DB5_P29_T08_l_comf_relabeled,L,primary,wf1_timeserieswise,4,DB5,DB5,True,0.9999990463256836
620,DB5,P23,DB5_P23_T13_r_comf_relabeled,L,primary,wf1_timeserieswise,4,DB5,DB5,True,0.9999908208847046
625,DB5,P23,DB5_P23_T01_l_comf_relabeled,L,primary,wf1_timeserieswise,4,DB5,DB5,True,0.9999858140945435
626,DB4,P42,DB4_P42_T19_relabeled,R,primary,wf1_timeserieswise,4,DB4,DB4,True,0.9999212026596069
631,DB4,P42,DB4_P42_T12_relabeled,R,primary,wf1_timeserieswise,4,DB4,DB4,True,0.9999542236328125
632,DB5,P29,DB5_P29_T15_r_comf_relabeled,L,primary,wf1_timeserieswise,4,DB5,DB5,True,0.9999973773956299
633,DB4,P45,DB4_P45_T02_relabeled,R,primary,wf1_timeserieswise,4,DB4,DB4,True,0.9999973773956299
634,DB2,P01,DB2_P01_T04_250_relabeled,L,primary,wf1_timeserieswise,4,DB2,DB2,True,0.9995304346084595
636,DB4,P19,DB4_P19_T05_relabeled,R,primary,wf1_timeserieswise,4,DB4,DB4,True,0.9998064637184143
648,DB2,P01,DB2_P01_T02_130_relabeled,L,primary,wf1_timeserieswise,4,DB2,DB2,True,0.9997426867485046
650,DB3,P19,DB3_P19_A_T11,L,primary,wf1_timeserieswise,4,DB3,DB3,True,0.9987344145774841
652,DB1,P05,DB1_P05_C2_T01_relabeled,L,primary,wf1_timeserieswise,4,DB1,DB1,True,0.9999560117721558
658,DB5,P29,DB5_P29_T16_r_comf_relabeled,L,primary,wf1_timeserieswise,4,DB5,DB5,True,0.9999990463256836
660,DB1,P06,DB1_P06_C3_T05_relabeled,L,primary,wf1_timeserieswise,4,DB1,DB1,True,0.9987010955810547
672,DB1,P47,DB1_P47_C2_T01_relabeled,L,primary,wf1_timeserieswise,4,DB1,DB1,True,0.9595253467559814
673,DB2,P12,DB2_P12_T03_130_relabeled,L,primary,wf1_timeserieswise,4,DB2,DB2,True,0.9785995483398438
681,DB5,P29,DB5_P29_T01_l_comf_relabeled,L,primary,wf1_timeserieswise,4,DB5,DB5,True,0.9999991655349731
682,DB4,P49,DB4_P49_T10_relabeled,R,primary,wf1_timeserieswise,4,DB4,DB4,True,0.9999995231628418
684,DB3,P10,DB3_P10_A_T09,R,primary,wf1_timeserieswise,4,DB3,DB3,True,0.9988671541213989
685,DB2,P01,DB2_P01_T05_-65_relabeled,L,primary,wf1_timeserieswise,4,DB2,DB2,True,0.999874472618103
686,DB5,P28,DB5_P28_T15_r_comf_relabeled,L,primary,wf1_timeserieswise,4,DB5,DB5,True,0.9999991655349731
687,DB5,P23,DB5_P23_T27_l_slow_relabeled,L,primary,wf1_timeserieswise,4,DB5,DB5,True,0.9999685287475586
694,DB5,P28,DB5_P28_T22_l_slow_relabeled,L,primary,wf1_timeserieswise,4,DB5,DB5,True,0.9999986886978149
711,DB2,P12,DB2_P12_T05_-130_relabeled,L,primary,wf1_timeserieswise,4,DB2,DB2,True,0.9697175025939941
714,DB2,P01,DB2_P01_T06_p_relabeled,L,primary,wf1_timeserieswise,4,DB2,DB2,True,0.9947330951690674
720,DB5,P23,DB5_P23_T23_l_slow_relabeled,L,primary,wf1_timeserieswise,4,DB5,DB5,True,0.9999830722808838
725,DB5,P28,DB5_P28_T03_l_comf_relabeled,L,primary,wf1_timeserieswise,4,DB5,DB5,True,0.9999967813491821
730,DB4,P45,DB4_P45_T03_relabeled,R,primary,wf1_timeserieswise,4,DB4,DB4,True,0.9999979734420776
732,DB2,P12,DB2_P12_T02_250_relabeled,L,primary,wf1_timeserieswise,4,DB2,DB2,True,0.8531389236450195
746,DB4,P08,DB4_P08_T08_relabeled,R,primary,wf1_timeserieswise,4,DB4,DB4,True,0.9999862909317017
747,DB4,P53,DB4_P53_T09_relabeled,R,primary,wf1_timeserieswise,4,DB4,DB4,True,0.999994158744812
750,DB1,P02,DB1_P02_C3_T01_relabeled,L,primary,wf1_timeserieswise,4,DB1,DB1,True,0.9995102882385254
760,DB4,P47,DB4_P47_T15_relabeled,R,primary,wf1_timeserieswise,4,DB4,DB4,True,0.999921441078186
762,DB4,P42,DB4_P42_T21_relabeled,R,primary,wf1_timeserieswise,4,DB4,DB4,True,0.9999005794525146
763,DB4,P46,DB4_P46_T08_relabeled,R,primary,wf1_timeserieswise,4,DB4,DB4,True,0.9999399185180664
764,DB4,P19,DB4_P19_T13_relabeled,L,primary,wf1_timeserieswise,4,DB4,DB4,True,0.999686598777771
765,DB5,P26,DB5_P26_T15_r_comf_relabeled,L,primary,wf1_timeserieswise,4,DB5,DB5,True,0.9999990463256836
766,DB4,P45,DB4_P45_T15_relabeled,R,primary,wf1_timeserieswise,4,DB4,DB4,True,0.9999556541442871
770,DB5,P28,DB5_P28_T24_l_slow_relabeled,L,primary,wf1_timeserieswise,4,DB5,DB5,True,0.9999918937683105
783,DB5,P28,DB5_P28_T25_l_slow_relabeled,L,primary,wf1_timeserieswise,4,DB5,DB5,True,0.9999974966049194
795,DB2,P01,DB2_P01_T04_65_relabeled,L,primary,wf1_timeserieswise,4,DB2,DB2,True,0.9999586343765259
797,DB3,P18,DB3_P18_A_T08,R,primary,wf1_timeserieswise,4,DB3,DB3,True,0.9098276495933533
821,DB5,P26,DB5_P26_T19_r_comf_relabeled,L,primary,wf1_timeserieswise,4,DB5,DB5,True,0.9999866485595703
827,DB5,P23,DB5_P23_T38_r_slow_relabeled,L,primary,wf1_timeserieswise,4,DB5,DB5,True,0.9999853372573853
832,DB4,P45,DB4_P45_T17_relabeled,R,primary,wf1_timeserieswise,4,DB4,DB4,True,0.9999980926513672
834,DB5,P26,DB5_P26_T35_r_slow_relabeled,L,primary,wf1_timeserieswise,4,DB5,DB5,True,0.9999996423721313
837,DB2,P12,DB2_P12_T01_130_relabeled,L,primary,wf1_timeserieswise,4,DB2,DB2,True,0.9465263485908508
838,DB5,P28,DB5_P28_T06_l_comf_relabeled,L,primary,wf1_timeserieswise,4,DB5,DB5,True,0.9999979734420776
841,DB5,P26,DB5_P26_T18_r_comf_relabeled,L,primary,wf1_timeserieswise,4,DB5,DB5,True,0.999963641166687
847,DB2,P12,DB2_P12_T05_p_relabeled,L,primary,wf1_timeserieswise,4,DB2,DB2,True,0.8005374073982239
849,DB4,P46,DB4_P46_T16_relabeled,R,primary,wf1_timeserieswise,4,DB4,DB4,True,0.999990701675415
855,DB5,P23,DB5_P23_T40_r_slow_relabeled,L,primary,wf1_timeserieswise,4,DB5,DB5,True,0.9999898672103882
867,DB2,P01,DB2_P01_T01_250_relabeled,L,primary,wf1_timeserieswise,4,DB2,DB2,True,0.9999029636383057
868,DB4,P04,DB4_P04_T11_relabeled,R,primary,wf1_timeserieswise,4,DB4,DB4,True,0.9999867677688599
875,DB4,P19,DB4_P19_T11_relabeled,L,primary,wf1_timeserieswise,4,DB4,DB4,True,0.9999709129333496
878,DB5,P23,DB5_P23_T21_l_slow_relabeled,L,primary,wf1_timeserieswise,4,DB5,DB5,True,0.9998749494552612
883,DB4,P47,DB4_P47_T17_relabeled,R,primary,wf1_timeserieswise,4,DB4,DB4,True,0.9999421834945679
897,DB4,P53,DB4_P53_T02_relabeled,R,primary,wf1_timeserieswise,4,DB4,DB4,True,0.9999829530715942
898,DB4,P45,DB4_P45_T14_relabeled,R,primary,wf1_timeserieswise,4,DB4,DB4,True,0.9999878406524658
899,DB1,P06,DB1_P06_C1_T04_relabeled,L,primary,wf1_timeserieswise,4,DB1,DB1,True,0.9998948574066162
901,DB4,P08,DB4_P08_T14_relabeled,R,primary,wf1_timeserieswise,4,DB4,DB4,True,0.9999995231628418
906,DB3,P10,DB3_P10_A_T15,R,primary,wf1_timeserieswise,4,DB3,DB3,True,0.999640941619873
909,DB4,P46,DB4_P46_T20_relabeled,R,primary,wf1_timeserieswise,4,DB4,DB4,True,0.9999176263809204
930,DB5,P28,DB5_P28_T17_r_comf_relabeled,L,primary,wf1_timeserieswise,4,DB5,DB5,True,0.9999687671661377
935,DB4,P42,DB4_P42_T18_relabeled,R,primary,wf1_timeserieswise,4,DB4,DB4,True,0.9999734163284302
938,DB5,P23,DB5_P23_T10_l_comf_relabeled,L,primary,wf1_timeserieswise,4,DB5,DB5,True,0.9999452829360962
939,DB3,P18,DB3_P18_A_T11,R,primary,wf1_timeserieswise,4,DB3,DB3,True,0.9307888746261597
941,DB5,P28,DB5_P28_T32_r_slow_relabeled,L,primary,wf1_timeserieswise,4,DB5,DB5,True,0.9999974966049194
944,DB5,P23,DB5_P23_T39_r_slow_relabeled,L,primary,wf1_timeserieswise,4,DB5,DB5,True,0.9999728202819824
945,DB2,P12,DB2_P12_T07_-130_relabeled,L,primary,wf1_timeserieswise,4,DB2,DB2,True,0.9628549218177795
958,DB3,P19,DB3_P19_A_T20,R,primary,wf1_timeserieswise,4,DB3,DB3,True,0.9987291693687439
959,DB5,P28,DB5_P28_T26_l_slow_relabeled,L,primary,wf1_timeserieswise,4,DB5,DB5,True,0.9999972581863403
960,DB2,P12,DB2_P12_T04_65_relabeled,L,primary,wf1_timeserieswise,4,DB2,DB2,True,0.9566792845726013
964,DB4,P47,DB4_P47_T09_relabeled,R,primary,wf1_timeserieswise,4,DB4,DB4,True,0.9998836517333984
969,DB4,P49,DB4_P49_T13_relabeled,R,primary,wf1_timeserieswise,4,DB4,DB4,True,0.9999980926513672
974,DB3,P18,DB3_P18_A_T09,R,primary,wf1_timeserieswise,4,DB3,DB3,True,0.8780020475387573
975,DB1,P06,DB1_P06_C1_T01_relabeled,L,primary,wf1_timeserieswise,4,DB1,DB1,True,0.9996228218078613
982,DB4,P45,DB4_P45_T09_relabeled,R,primary,wf1_timeserieswise,4,DB4,DB4,True,0.9999940395355225
994,DB5,P26,DB5_P26_T03_l_comf_relabeled,L,primary,wf1_timeserieswise,4,DB5,DB5,True,0.9999995231628418
997,DB4,P45,DB4_P45_T19_relabeled,R,primary,wf1_timeserieswise,4,DB4,DB4,True,0.9999974966049194
1002,DB2,P12,DB2_P12_T03_65_relabeled,L,primary,wf1_timeserieswise,4,DB2,DB2,True,0.5029289722442627
1004,DB4,P47,DB4_P47_T07_relabeled,R,primary,wf1_timeserieswise,4,DB4,DB4,True,0.9994328618049622
1013,DB2,P12,DB2_P12_T04_-130_relabeled,L,primary,wf1_timeserieswise,4,DB2,DB2,True,0.9293900728225708
1014,DB5,P28,DB5_P28_T35_r_slow_relabeled,L,primary,wf1_timeserieswise,4,DB5,DB5,True,0.9999924898147583
1016,DB1,P17,DB1_P17_C2_T04_relabeled,L,primary,wf1_timeserieswise,4,DB1,DB1,True,0.9976426959037781
1018,DB1,P06,DB1_P06_C2_T02_relabeled,L,primary,wf1_timeserieswise,4,DB1,DB1,True,0.9999990463256836
1021,DB5,P23,DB5_P23_T18_r_comf_relabeled,L,primary,wf1_timeserieswise,4,DB5,DB5,True,0.9999792575836182
1025,DB4,P08,DB4_P08_T22_relabeled,R,primary,wf1_timeserieswise,4,DB4,DB4,True,0.999994158744812
1033,DB2,P12,DB2_P12_T01_250_relabeled,L,primary,wf1_timeserieswise,4,DB2,DB2,True,0.9825066924095154
1036,DB5,P23,DB5_P23_T11_r_comf_relabeled,L,primary,wf1_timeserieswise,4,DB5,DB5,True,0.9999954700469971
1043,DB4,P04,DB4_P04_T03_relabeled,R,primary,wf1_timeserieswise,4,DB4,DB4,True,0.9999967813491821
1046,DB5,P28,DB5_P28_T37_r_slow_relabeled,L,primary,wf1_timeserieswise,4,DB5,DB5,True,0.9999954700469971
1048,DB4,P49,DB4_P49_T19_relabeled,R,primary,wf1_timeserieswise,4,DB4,DB4,True,0.9999953508377075
1056,DB2,P12,DB2_P12_T03_-65_relabeled,L,primary,wf1_timeserieswise,4,DB2,DB2,True,0.7272462248802185
1057,DB5,P28,DB5_P28_T38_r_slow_relabeled,L,primary,wf1_timeserieswise,4,DB5,DB5,True,0.9999971389770508
1058,DB4,P47,DB4_P47_T08_relabeled,R,primary,wf1_timeserieswise,4,DB4,DB4,True,0.9998878240585327
1068,DB4,P45,DB4_P45_T10_relabeled,R,primary,wf1_timeserieswise,4,DB4,DB4,True,0.9999358654022217
1070,DB2,P01,DB2_P01_T08_-130_relabeled,L,primary,wf1_timeserieswise,4,DB2,DB2,True,0.9999511241912842
1083,DB4,P45,DB4_P45_T23_relabeled,R,primary,wf1_timeserieswise,4,DB4,DB4,True,0.9999978542327881
1087,DB5,P28,DB5_P28_T36_r_slow_relabeled,L,primary,wf1_timeserieswise,4,DB5,DB5,True,0.999993085861206
1092,DB1,P17,DB1_P17_C2_T01_relabeled,L,primary,wf1_timeserieswise,4,DB1,DB1,True,0.9985112547874451
1093,DB5,P28,DB5_P28_T18_r_comf_relabeled,L,primary,wf1_timeserieswise,4,DB5,DB5,True,0.9999966621398926
1111,DB5,P29,DB5_P29_T17_r_comf_relabeled,L,primary,wf1_timeserieswise,4,DB5,DB5,True,0.9999990463256836
1117,DB4,P08,DB4_P08_T20_relabeled,R,primary,wf1_timeserieswise,4,DB4,DB4,True,0.9999985694885254
1118,DB4,P53,DB4_P53_T06_relabeled,R,primary,wf1_timeserieswise,4,DB4,DB4,True,0.9999831914901733
1122,DB4,P46,DB4_P46_T14_relabeled,R,primary,wf1_timeserieswise,4,DB4,DB4,True,0.9999839067459106
1123,DB4,P47,DB4_P47_T03_relabeled,R,primary,wf1_timeserieswise,4,DB4,DB4,True,0.9999381303787231
1147,DB4,P45,DB4_P45_T20_relabeled,R,primary,wf1_timeserieswise,4,DB4,DB4,True,0.9999926090240479
1148,DB2,P12,DB2_P12_T05_250_relabeled,L,primary,wf1_timeserieswise,4,DB2,DB2,True,0.9734609723091125
1150,DB4,P49,DB4_P49_T08_relabeled,R,primary,wf1_timeserieswise,4,DB4,DB4,True,0.9999964237213135
1151,DB5,P23,DB5_P23_T12_r_comf_relabeled,L,primary,wf1_timeserieswise,4,DB5,DB5,True,0.9999866485595703
1154,DB4,P53,DB4_P53_T14_relabeled,R,primary,wf1_timeserieswise,4,DB4,DB4,True,0.9999972581863403
1155,DB1,P02,DB1_P02_C2_T03_relabeled,L,primary,wf1_timeserieswise,4,DB1,DB1,True,0.9996639490127563
1168,DB3,P10,DB3_P10_A_T13,R,primary,wf1_timeserieswise,4,DB3,DB3,True,0.9998212456703186
1170,DB5,P23,DB5_P23_T34_r_slow_relabeled,L,primary,wf1_timeserieswise,4,DB5,DB5,True,0.9999955892562866
1171,DB4,P19,DB4_P19_T12_relabeled,R,primary,wf1_timeserieswise,4,DB4,DB4,True,0.999723494052887
1177,DB4,P49,DB4_P49_T11_relabeled,R,primary,wf1_timeserieswise,4,DB4,DB4,True,0.9999988079071045
1178,DB4,P42,DB4_P42_T16_relabeled,R,primary,wf1_timeserieswise,4,DB4,DB4,True,0.999990701675415
1179,DB2,P12,DB2_P12_T05_130_relabeled,L,primary,wf1_timeserieswise,4,DB2,DB2,True,0.9887252449989319
1182,DB2,P12,DB2_P12_T02_p_relabeled,L,primary,wf1_timeserieswise,4,DB2,DB2,True,0.9650790691375732
1186,DB4,P42,DB4_P42_T20_relabeled,R,primary,wf1_timeserieswise,4,DB4,DB4,True,0.9999872446060181
1203,DB4,P49,DB4_P49_T04_relabeled,R,primary,wf1_timeserieswise,4,DB4,DB4,True,0.9999985694885254
1207,DB3,P10,DB3_P10_A_T16,R,primary,wf1_timeserieswise,4,DB3,DB3,True,0.9997950196266174
1211,DB4,P42,DB4_P42_T07_relabeled,R,primary,wf1_timeserieswise,4,DB4,DB4,True,0.9999649524688721
1214,DB5,P26,DB5_P26_T26_l_slow_relabeled,L,primary,wf1_timeserieswise,4,DB5,DB5,True,0.9999997615814209
1216,DB5,P29,DB5_P29_T02_l_comf_relabeled,L,primary,wf1_timeserieswise,4,DB5,DB5,True,0.9999988079071045
1218,DB4,P04,DB4_P04_T14_relabeled,R,primary,wf1_timeserieswise,4,DB4,DB4,True,0.999997615814209
1219,DB2,P01,DB2_P01_T01_65_relabeled,L,primary,wf1_timeserieswise,4,DB2,DB2,True,0.9999529123306274
1220,DB4,P49,DB4_P49_T16_relabeled,R,primary,wf1_timeserieswise,4,DB4,DB4,True,0.999992847442627
1222,DB4,P08,DB4_P08_T13_relabeled,R,primary,wf1_timeserieswise,4,DB4,DB4,True,0.9999983310699463
1225,DB4,P53,DB4_P53_T12_relabeled,R,primary,wf1_timeserieswise,4,DB4,DB4,True,0.9999978542327881
1226,DB4,P19,DB4_P19_T20_relabeled,R,primary,wf1_timeserieswise,4,DB4,DB4,True,0.9997830986976624
1228,DB4,P46,DB4_P46_T04_relabeled,R,primary,wf1_timeserieswise,4,DB4,DB4,True,0.9999836683273315
1231,DB5,P28,DB5_P28_T19_r_comf_relabeled,L,primary,wf1_timeserieswise,4,DB5,DB5,True,0.99957674741745
1232,DB3,P10,DB3_P10_A_T08,L,primary,wf1_timeserieswise,4,DB3,DB3,True,0.998979389667511
1235,DB1,P06,DB1_P06_C2_T03_relabeled,L,primary,wf1_timeserieswise,4,DB1,DB1,True,0.9999977350234985
1238,DB5,P23,DB5_P23_T06_l_comf_relabeled,L,primary,wf1_timeserieswise,4,DB5,DB5,True,0.9999294281005859
1240,DB2,P01,DB2_P01_T01_-65_relabeled,L,primary,wf1_timeserieswise,4,DB2,DB2,True,0.9999171495437622
1246,DB4,P46,DB4_P46_T10_relabeled,R,primary,wf1_timeserieswise,4,DB4,DB4,True,0.9998749494552612
1247,DB4,P42,DB4_P42_T17_relabeled,R,primary,wf1_timeserieswise,4,DB4,DB4,True,0.999940037727356
1248,DB3,P19,DB3_P19_A_T06,R,primary,wf1_timeserieswise,4,DB3,DB3,True,0.9985482096672058
1253,DB5,P29,DB5_P29_T11_r_comf_relabeled,L,primary,wf1_timeserieswise,4,DB5,DB5,True,0.9999977350234985
1260,DB4,P53,DB4_P53_T19_relabeled,R,primary,wf1_timeserieswise,4,DB4,DB4,True,0.9999916553497314
1277,DB4,P08,DB4_P08_T21_relabeled,R,primary,wf1_timeserieswise,4,DB4,DB4,True,0.9999724626541138
1280,DB1,P17,DB1_P17_C2_T02_relabeled,L,primary,wf1_timeserieswise,4,DB1,DB1,True,0.9987548589706421
1284,DB2,P01,DB2_P01_T02_65_relabeled,L,primary,wf1_timeserieswise,4,DB2,DB2,True,0.9995467066764832
1291,DB4,P19,DB4_P19_T16_relabeled,R,primary,wf1_timeserieswise,4,DB4,DB4,True,0.9999735355377197
1293,DB5,P26,DB5_P26_T10_l_comf_relabeled,L,primary,wf1_timeserieswise,4,DB5,DB5,True,0.9999982118606567
1312,DB4,P46,DB4_P46_T11_relabeled,R,primary,wf1_timeserieswise,4,DB4,DB4,True,0.9999885559082031
1327,DB3,P10,DB3_P10_A_T07,L,primary,wf1_timeserieswise,4,DB3,DB3,True,0.9992592930793762
1330,DB1,P03,DB1_P03_C3_T01_relabeled,L,primary,wf1_timeserieswise,4,DB1,DB1,True,0.9998770952224731
1338,DB5,P26,DB5_P26_T07_l_comf_relabeled,L,primary,wf1_timeserieswise,4,DB5,DB5,True,0.9999988079071045
1341,DB1,P49,DB1_P49_C2_T01_relabeled,L,primary,wf1_timeserieswise,4,DB1,DB1,True,0.9999880790710449
1346,DB5,P26,DB5_P26_T11_r_comf_relabeled,L,primary,wf1_timeserieswise,4,DB5,DB5,True,0.9999924898147583
1355,DB4,P53,DB4_P53_T10_relabeled,R,primary,wf1_timeserieswise,4,DB4,DB4,True,0.9999732971191406
1357,DB5,P29,DB5_P29_T06_l_comf_relabeled,L,primary,wf1_timeserieswise,4,DB5,DB5,True,0.9999991655349731
1359,DB1,P05,DB1_P05_C3_T02_relabeled,L,primary,wf1_timeserieswise,4,DB1,DB1,True,0.9996999502182007
1360,DB2,P12,DB2_P12_T02_65_relabeled,L,primary,wf1_timeserieswise,4,DB2,DB2,True,0.9424708485603333
1372,DB5,P28,DB5_P28_T10_l_comf_relabeled,L,primary,wf1_timeserieswise,4,DB5,DB5,True,0.9999464750289917
1376,DB4,P46,DB4_P46_T03_relabeled,R,primary,wf1_timeserieswise,4,DB4,DB4,True,0.9999622106552124
1383,DB4,P46,DB4_P46_T12_relabeled,R,primary,wf1_timeserieswise,4,DB4,DB4,True,0.9999552965164185
1384,DB5,P29,DB5_P29_T14_r_comf_relabeled,L,primary,wf1_timeserieswise,4,DB5,DB5,True,0.9999982118606567
1385,DB5,P29,DB5_P29_T20_r_comf_relabeled,L,primary,wf1_timeserieswise,4,DB5,DB5,True,0.9999974966049194
1387,DB3,P18,DB3_P18_A_T10,R,primary,wf1_timeserieswise,4,DB3,DB3,True,0.9281978011131287
1394,DB3,P16,DB3_P16_A_T07_relabeled,L,primary,wf1_timeserieswise,4,DB3,DB3,True,0.49923989176750183
1395,DB4,P49,DB4_P49_T05_relabeled,R,primary,wf1_timeserieswise,4,DB4,DB4,True,0.9999974966049194
1396,DB4,P47,DB4_P47_T16_relabeled,R,primary,wf1_timeserieswise,4,DB4,DB4,True,0.9998958110809326
1402,DB4,P49,DB4_P49_T18_relabeled,R,primary,wf1_timeserieswise,4,DB4,DB4,True,0.999980092048645
1407,DB4,P45,DB4_P45_T12_relabeled,R,primary,wf1_timeserieswise,4,DB4,DB4,True,0.9999958276748657
1410,DB4,P04,DB4_P04_T20_relabeled,R,primary,wf1_timeserieswise,4,DB4,DB4,True,0.9999970197677612
1413,DB2,P12,DB2_P12_T04_p_relabeled,L,primary,wf1_timeserieswise,4,DB2,DB2,True,0.9175298810005188
1415,DB4,P04,DB4_P04_T19_relabeled,R,primary,wf1_timeserieswise,4,DB4,DB4,True,0.9999980926513672
1418,DB4,P19,DB4_P19_T09_relabeled,R,primary,wf1_timeserieswise,4,DB4,DB4,True,0.9999712705612183
1423,DB4,P19,DB4_P19_T22_relabeled,L,primary,wf1_timeserieswise,4,DB4,DB4,True,0.9999943971633911
1426,DB5,P29,DB5_P29_T25_l_slow_relabeled,L,primary,wf1_timeserieswise,4,DB5,DB5,True,0.9999977350234985
1432,DB5,P23,DB5_P23_T15_r_comf_relabeled,L,primary,wf1_timeserieswise,4,DB5,DB5,True,0.9999774694442749
1435,DB4,P45,DB4_P45_T08_relabeled,R,primary,wf1_timeserieswise,4,DB4,DB4,True,0.9999773502349854
1442,DB1,P47,DB1_P47_C3_T03_relabeled,L,primary,wf1_timeserieswise,4,DB1,DB1,True,0.8791599869728088
1443,DB4,P49,DB4_P49_T15_relabeled,R,primary,wf1_timeserieswise,4,DB4,DB4,True,0.9999866485595703
1451,DB4,P47,DB4_P47_T12_relabeled,R,primary,wf1_timeserieswise,4,DB4,DB4,True,0.9997939467430115
1455,DB4,P04,DB4_P04_T17_relabeled,R,primary,wf1_timeserieswise,4,DB4,DB4,True,0.9999468326568604
1459,DB1,P05,DB1_P05_C2_T02_relabeled,L,primary,wf1_timeserieswise,4,DB1,DB1,True,0.9999676942825317
1470,DB4,P53,DB4_P53_T03_relabeled,R,primary,wf1_timeserieswise,4,DB4,DB4,True,0.9999902248382568
1490,DB5,P28,DB5_P28_T31_r_slow_relabeled,L,primary,wf1_timeserieswise,4,DB5,DB5,True,0.9999982118606567
1493,DB5,P28,DB5_P28_T27_l_slow_relabeled,L,primary,wf1_timeserieswise,4,DB5,DB5,True,0.9999784231185913
1495,DB4,P49,DB4_P49_T02_relabeled,R,primary,wf1_timeserieswise,4,DB4,DB4,True,0.9999973773956299
1497,DB5,P28,DB5_P28_T16_r_comf_relabeled,L,primary,wf1_timeserieswise,4,DB5,DB5,True,0.9999986886978149
1500,DB2,P01,DB2_P01_T05_130_relabeled,L,primary,wf1_timeserieswise,4,DB2,DB2,True,0.9999659061431885
1502,DB3,P10,DB3_P10_A_T05,L,primary,wf1_timeserieswise,4,DB3,DB3,True,0.9999018907546997
1508,DB5,P29,DB5_P29_T07_l_comf_relabeled,L,primary,wf1_timeserieswise,4,DB5,DB5,True,0.9999983310699463
1516,DB5,P28,DB5_P28_T34_r_slow_relabeled,L,primary,wf1_timeserieswise,4,DB5,DB5,True,0.9999939203262329
1520,DB4,P42,DB4_P42_T02_relabeled,R,primary,wf1_timeserieswise,4,DB4,DB4,True,0.9999839067459106
1524,DB5,P26,DB5_P26_T13_r_comf_relabeled,L,primary,wf1_timeserieswise,4,DB5,DB5,True,0.9999947547912598
1529,DB1,P06,DB1_P06_C2_T01_relabeled,L,primary,wf1_timeserieswise,4,DB1,DB1,True,0.9998486042022705
1532,DB5,P28,DB5_P28_T09_l_comf_relabeled,L,primary,wf1_timeserieswise,4,DB5,DB5,True,0.9999842643737793
1541,DB5,P28,DB5_P28_T30_l_slow_relabeled,L,primary,wf1_timeserieswise,4,DB5,DB5,True,0.9999963045120239
1543,DB5,P23,DB5_P23_T26_l_slow_relabeled,L,primary,wf1_timeserieswise,4,DB5,DB5,True,0.9999866485595703
1552,DB5,P23,DB5_P23_T08_l_comf_relabeled,L,primary,wf1_timeserieswise,4,DB5,DB5,True,0.9999899864196777
1554,DB1,P49,DB1_P49_C2_T04_relabeled,L,primary,wf1_timeserieswise,4,DB1,DB1,True,0.9999839067459106
1559,DB4,P19,DB4_P19_T24_relabeled,L,primary,wf1_timeserieswise,4,DB4,DB4,True,0.9999872446060181
1562,DB5,P23,DB5_P23_T20_r_comf_relabeled,L,primary,wf1_timeserieswise,4,DB5,DB5,True,0.9999899864196777
1571,DB3,P19,DB3_P19_A_T03,L,primary,wf1_timeserieswise,4,DB3,DB3,True,0.9973741769790649
1573,DB4,P49,DB4_P49_T09_relabeled,R,primary,wf1_timeserieswise,4,DB4,DB4,True,0.9999961853027344
1577,DB5,P28,DB5_P28_T04_l_comf_relabeled,L,primary,wf1_timeserieswise,4,DB5,DB5,True,0.9999967813491821
1579,DB5,P26,DB5_P26_T29_l_slow_relabeled,L,primary,wf1_timeserieswise,4,DB5,DB5,True,0.9999995231628418
1580,DB4,P47,DB4_P47_T19_relabeled,R,primary,wf1_timeserieswise,4,DB4,DB4,True,0.9999409914016724
1582,DB1,P02,DB1_P02_C2_T02_relabeled,L,primary,wf1_timeserieswise,4,DB1,DB1,True,0.9998743534088135
1592,DB5,P26,DB5_P26_T20_r_comf_relabeled,L,primary,wf1_timeserieswise,4,DB5,DB5,True,0.9999953508377075
1599,DB1,P47,DB1_P47_C3_T05_relabeled,L,primary,wf1_timeserieswise,4,DB1,DB1,True,0.6477777361869812
1602,DB5,P29,DB5_P29_T05_l_comf_relabeled,L,primary,wf1_timeserieswise,4,DB5,DB5,True,0.9999994039535522
1603,DB5,P26,DB5_P26_T14_r_comf_relabeled,L,primary,wf1_timeserieswise,4,DB5,DB5,True,0.9999855756759644
1614,DB5,P26,DB5_P26_T09_l_comf_relabeled,L,primary,wf1_timeserieswise,4,DB5,DB5,True,0.9999986886978149
1620,DB4,P49,DB4_P49_T14_relabeled,R,primary,wf1_timeserieswise,4,DB4,DB4,True,0.9999958276748657
1631,DB5,P23,DB5_P23_T09_l_comf_relabeled,L,primary,wf1_timeserieswise,4,DB5,DB5,True,0.9999408721923828
1634,DB4,P53,DB4_P53_T15_relabeled,R,primary,wf1_timeserieswise,4,DB4,DB4,True,0.9999960660934448
1640,DB5,P28,DB5_P28_T14_r_comf_relabeled,L,primary,wf1_timeserieswise,4,DB5,DB5,True,0.9999949932098389
1641,DB5,P26,DB5_P26_T12_r_comf_relabeled,L,primary,wf1_timeserieswise,4,DB5,DB5,True,0.999993085861206
1642,DB4,P49,DB4_P49_T22_relabeled,R,primary,wf1_timeserieswise,4,DB4,DB4,True,0.9999988079071045
1671,DB5,P23,DB5_P23_T19_r_comf_relabeled,L,primary,wf1_timeserieswise,4,DB5,DB5,True,0.999983549118042
1673,DB5,P29,DB5_P29_T04_l_comf_relabeled,L,primary,wf1_timeserieswise,4,DB5,DB5,True,0.9999994039535522
1675,DB4,P04,DB4_P04_T10_relabeled,R,primary,wf1_timeserieswise,4,DB4,DB4,True,0.999996542930603
1678,DB4,P08,DB4_P08_T05_relabeled,R,primary,wf1_timeserieswise,4,DB4,DB4,True,0.9999929666519165
1688,DB5,P28,DB5_P28_T13_r_comf_relabeled,L,primary,wf1_timeserieswise,4,DB5,DB5,True,0.999984622001648
1698,DB5,P23,DB5_P23_T33_r_slow_relabeled,L,primary,wf1_timeserieswise,4,DB5,DB5,True,0.9999886751174927
1700,DB4,P04,DB4_P04_T04_relabeled,R,primary,wf1_timeserieswise,4,DB4,DB4,True,0.9999986886978149
1702,DB5,P26,DB5_P26_T17_r_comf_relabeled,L,primary,wf1_timeserieswise,4,DB5,DB5,True,0.9999935626983643
1703,DB3,P16,DB3_P16_A_T03_relabeled,L,primary,wf1_timeserieswise,4,DB3,DB3,True,0.8583770394325256
1705,DB3,P18,DB3_P18_A_T07,R,primary,wf1_timeserieswise,4,DB3,DB3,True,0.9160534143447876
1706,DB4,P47,DB4_P47_T05_relabeled,R,primary,wf1_timeserieswise,4,DB4,DB4,True,0.9999796152114868
1715,DB5,P23,DB5_P23_T36_r_slow_relabeled,L,primary,wf1_timeserieswise,4,DB5,DB5,True,0.9999639987945557
1719,DB4,P42,DB4_P42_T03_relabeled,R,primary,wf1_timeserieswise,4,DB4,DB4,True,0.9999765157699585
1723,DB4,P19,DB4_P19_T04_relabeled,L,primary,wf1_timeserieswise,4,DB4,DB4,True,0.9999297857284546
1733,DB4,P19,DB4_P19_T14_relabeled,R,primary,wf1_timeserieswise,4,DB4,DB4,True,0.9999972581863403
1736,DB5,P26,DB5_P26_T24_l_slow_relabeled,L,primary,wf1_timeserieswise,4,DB5,DB5,True,0.999998927116394
1738,DB4,P42,DB4_P42_T13_relabeled,R,primary,wf1_timeserieswise,4,DB4,DB4,True,0.9999728202819824
1740,DB5,P26,DB5_P26_T25_l_slow_relabeled,L,primary,wf1_timeserieswise,4,DB5,DB5,True,0.9999992847442627
1750,DB3,P10,DB3_P10_A_T14,R,primary,wf1_timeserieswise,4,DB3,DB3,True,0.9998399019241333
1767,DB3,P19,DB3_P19_A_T18,R,primary,wf1_timeserieswise,4,DB3,DB3,True,0.9967466592788696
1770,DB4,P45,DB4_P45_T18_relabeled,R,primary,wf1_timeserieswise,4,DB4,DB4,True,0.9999983310699463
1772,DB4,P04,DB4_P04_T06_relabeled,R,primary,wf1_timeserieswise,4,DB4,DB4,True,0.9998520612716675
1773,DB4,P49,DB4_P49_T20_relabeled,R,primary,wf1_timeserieswise,4,DB4,DB4,True,0.9999915361404419
1786,DB4,P45,DB4_P45_T06_relabeled,R,primary,wf1_timeserieswise,4,DB4,DB4,True,0.9999985694885254
1787,DB4,P19,DB4_P19_T25_relabeled,R,primary,wf1_timeserieswise,4,DB4,DB4,True,0.9999865293502808
1791,DB5,P23,DB5_P23_T22_l_slow_relabeled,L,primary,wf1_timeserieswise,4,DB5,DB5,True,0.9999734163284302
1796,DB5,P23,DB5_P23_T24_l_slow_relabeled,L,primary,wf1_timeserieswise,4,DB5,DB5,True,0.9999332427978516
1799,DB5,P29,DB5_P29_T19_r_comf_relabeled,L,primary,wf1_timeserieswise,4,DB5,DB5,True,0.9999973773956299
1804,DB1,P49,DB1_P49_C3_T01_relabeled,L,primary,wf1_timeserieswise,4,DB1,DB1,True,0.9999264478683472
1810,DB5,P26,DB5_P26_T22_l_slow_relabeled,L,primary,wf1_timeserieswise,4,DB5,DB5,True,0.9999995231628418
1814,DB4,P42,DB4_P42_T04_relabeled,R,primary,wf1_timeserieswise,4,DB4,DB4,True,0.9999948740005493
1815,DB4,P42,DB4_P42_T08_relabeled,R,primary,wf1_timeserieswise,4,DB4,DB4,True,0.9999927282333374
1818,DB4,P46,DB4_P46_T18_relabeled,R,primary,wf1_timeserieswise,4,DB4,DB4,True,0.9998514652252197
1825,DB5,P28,DB5_P28_T33_r_slow_relabeled,L,primary,wf1_timeserieswise,4,DB5,DB5,True,0.9999946355819702
1841,DB1,P05,DB1_P05_C2_T03_relabeled,L,primary,wf1_timeserieswise,4,DB1,DB1,True,0.999993085861206
1842,DB4,P04,DB4_P04_T05_relabeled,R,primary,wf1_timeserieswise,4,DB4,DB4,True,0.9999614953994751
1843,DB5,P28,DB5_P28_T01_l_comf_relabeled,L,primary,wf1_timeserieswise,4,DB5,DB5,True,0.9999979734420776
1851,DB5,P28,DB5_P28_T12_r_comf_relabeled,L,primary,wf1_timeserieswise,4,DB5,DB5,True,0.9999933242797852
1861,DB4,P45,DB4_P45_T13_relabeled,R,primary,wf1_timeserieswise,4,DB4,DB4,True,0.9999960660934448
1867,DB1,P05,DB1_P05_C2_T05_relabeled,L,primary,wf1_timeserieswise,4,DB1,DB1,True,0.9999183416366577
1884,DB4,P19,DB4_P19_T15_relabeled,R,primary,wf1_timeserieswise,4,DB4,DB4,True,0.9999263286590576
1885,DB4,P47,DB4_P47_T20_relabeled,R,primary,wf1_timeserieswise,4,DB4,DB4,True,0.9999384880065918
1896,DB4,P46,DB4_P46_T07_relabeled,R,primary,wf1_timeserieswise,4,DB4,DB4,True,0.9999769926071167
2,DB3,P15,DB3_P15_A_T11_relabeled,R,primary,wf1_timeserieswise,5,DB3,DB3,True,0.9944835305213928
7,DB2,P07,DB2_P07_T07_250_relabeled,L,primary,wf1_timeserieswise,5,DB2,DB2,True,0.9999990463256836
12,DB2,P11,DB2_P11_T02_-130_relabeled,L,primary,wf1_timeserieswise,5,DB2,DB2,True,0.999819815158844
21,DB2,P11,DB2_P11_T03_-65_relabeled,L,primary,wf1_timeserieswise,5,DB2,DB2,True,0.9983768463134766
25,DB3,P07,DB3_P07_A_T10_relabeled,R,primary,wf1_timeserieswise,5,DB3,DB3,True,0.9963008165359497
27,DB5,P12,DB5_P12_T23_l_slow_relabeled,L,primary,wf1_timeserieswise,5,DB5,DB5,True,0.9998968839645386
47,DB5,P19,DB5_P19_T10_l_comf_relabeled,L,primary,wf1_timeserieswise,5,DB5,DB5,True,0.9999982118606567
48,DB1,P21,DB1_P21_C3_T04_relabeled,L,primary,wf1_timeserieswise,5,DB1,DB1,True,0.9880596995353699
49,DB5,P12,DB5_P12_T33_r_slow_relabeled,L,primary,wf1_timeserieswise,5,DB5,DB5,True,0.9988062381744385
54,DB3,P15,DB3_P15_A_T09_relabeled,R,primary,wf1_timeserieswise,5,DB3,DB3,True,0.9943414926528931
56,DB3,P12,DB3_P12_A_T12,L,primary,wf1_timeserieswise,5,DB3,DB3,True,0.980068027973175
69,DB5,P12,DB5_P12_T01_l_comf_relabeled,L,primary,wf1_timeserieswise,5,DB5,DB5,True,0.9999685287475586
72,DB2,P07,DB2_P07_T02_65_relabeled,L,primary,wf1_timeserieswise,5,DB2,DB2,True,0.9999903440475464
76,DB4,P09,DB4_P09_T04_relabeled,R,primary,wf1_timeserieswise,5,DB4,DB4,True,0.9914947748184204
77,DB5,P19,DB5_P19_T18_r_comf_relabeled,L,primary,wf1_timeserieswise,5,DB5,DB5,True,0.9999957084655762
83,DB4,P52,DB4_P52_T09_relabeled,R,primary,wf1_timeserieswise,5,DB4,DB4,True,1.0
88,DB3,P12,DB3_P12_A_T11,R,primary,wf1_timeserieswise,5,DB3,DB3,True,0.9314335584640503
94,DB5,P12,DB5_P12_T02_l_comf_relabeled,L,primary,wf1_timeserieswise,5,DB5,DB5,True,0.9999490976333618
99,DB5,P06,DB5_P06_T26_l_slow_relabeled,L,primary,wf1_timeserieswise,5,DB5,DB5,True,0.9998593330383301
100,DB5,P19,DB5_P19_T34_r_slow_relabeled,L,primary,wf1_timeserieswise,5,DB5,DB5,True,0.99998939037323
111,DB5,P06,DB5_P06_T11_l_comf_relabeled,L,primary,wf1_timeserieswise,5,DB5,DB5,True,0.999950647354126
114,DB4,P43,DB4_P43_T19_relabeled,R,primary,wf1_timeserieswise,5,DB4,DB4,True,0.9999250173568726
133,DB5,P19,DB5_P19_T17_r_comf_relabeled,L,primary,wf1_timeserieswise,5,DB5,DB5,True,0.999980092048645
138,DB2,P07,DB2_P07_T05_-130_relabeled,L,primary,wf1_timeserieswise,5,DB2,DB2,True,0.999995231628418
139,DB5,P19,DB5_P19_T06_l_comf_relabeled,L,primary,wf1_timeserieswise,5,DB5,DB5,True,0.9999992847442627
142,DB5,P19,DB5_P19_T25_l_slow_relabeled,L,primary,wf1_timeserieswise,5,DB5,DB5,True,0.9999980926513672
146,DB4,P43,DB4_P43_T18_relabeled,R,primary,wf1_timeserieswise,5,DB4,DB4,True,0.9998812675476074
151,DB2,P07,DB2_P07_T01_-65_relabeled,L,primary,wf1_timeserieswise,5,DB2,DB2,True,0.9999949932098389
169,DB5,P19,DB5_P19_T02_l_comf_relabeled,L,primary,wf1_timeserieswise,5,DB5,DB5,True,0.9999995231628418
171,DB5,P06,DB5_P06_T22_r_comf_relabeled,L,primary,wf1_timeserieswise,5,DB5,DB5,True,0.9999943971633911
184,DB2,P11,DB2_P11_T05_250_relabeled,L,primary,wf1_timeserieswise,5,DB2,DB2,True,0.9997357726097107
185,DB4,P02,DB4_P02_T13_relabeled,R,primary,wf1_timeserieswise,5,DB4,DB4,True,0.9985455274581909
188,DB3,P07,DB3_P07_A_T01_relabeled,L,primary,wf1_timeserieswise,5,DB3,DB3,True,0.9926704168319702
197,DB4,P52,DB4_P52_T14_relabeled,R,primary,wf1_timeserieswise,5,DB4,DB4,True,0.9999998807907104
210,DB4,P12,DB4_P12_T18_relabeled,R,primary,wf1_timeserieswise,5,DB4,DB4,True,0.9999825954437256
213,DB5,P12,DB5_P12_T03_l_comf_relabeled,L,primary,wf1_timeserieswise,5,DB5,DB5,True,0.9993152618408203
216,DB2,P07,DB2_P07_T03_-130_relabeled,L,primary,wf1_timeserieswise,5,DB2,DB2,True,0.9999895095825195
218,DB5,P12,DB5_P12_T17_r_comf_relabeled,L,primary,wf1_timeserieswise,5,DB5,DB5,True,0.9831898212432861
220,DB4,P13,DB4_P13_T02_relabeled,R,primary,wf1_timeserieswise,5,DB4,DB4,True,0.6473795175552368
238,DB4,P02,DB4_P02_T11_relabeled,R,primary,wf1_timeserieswise,5,DB4,DB4,True,0.998285710811615
244,DB5,P12,DB5_P12_T38_r_slow_relabeled,L,primary,wf1_timeserieswise,5,DB5,DB5,True,0.9323383569717407
246,DB5,P12,DB5_P12_T29_l_slow_relabeled,L,primary,wf1_timeserieswise,5,DB5,DB5,True,0.9987848401069641
251,DB4,P12,DB4_P12_T07_relabeled,R,primary,wf1_timeserieswise,5,DB4,DB4,True,0.9999645948410034
261,DB4,P10,DB4_P10_T19_relabeled,R,primary,wf1_timeserieswise,5,DB4,DB4,True,0.9999532699584961
263,DB4,P43,DB4_P43_T02_relabeled,R,primary,wf1_timeserieswise,5,DB4,DB4,True,0.9998925924301147
265,DB3,P17,DB3_P17_A_T09,L,primary,wf1_timeserieswise,5,DB3,DB3,True,0.9064309000968933
266,DB4,P09,DB4_P09_T19_relabeled,R,primary,wf1_timeserieswise,5,DB4,DB4,True,0.9906193017959595
269,DB5,P12,DB5_P12_T39_r_slow_relabeled,L,primary,wf1_timeserieswise,5,DB5,DB5,True,0.9928842782974243
274,DB5,P06,DB5_P06_T14_r_comf_relabeled,L,primary,wf1_timeserieswise,5,DB5,DB5,True,0.9999973773956299
281,DB2,P11,DB2_P11_T01_250_relabeled,L,primary,wf1_timeserieswise,5,DB2,DB2,True,0.9995914101600647
284,DB4,P52,DB4_P52_T08_relabeled,R,primary,wf1_timeserieswise,5,DB4,DB4,True,0.9999997615814209
285,DB4,P43,DB4_P43_T06_relabeled,R,primary,wf1_timeserieswise,5,DB4,DB4,True,0.9997121691703796
288,DB5,P06,DB5_P06_T07_l_comf_relabeled,L,primary,wf1_timeserieswise,5,DB5,DB5,True,0.999981164932251
291,DB5,P06,DB5_P06_T09_l_comf_relabeled,L,primary,wf1_timeserieswise,5,DB5,DB5,True,0.9999505281448364
292,DB5,P19,DB5_P19_T38_r_slow_relabeled,L,primary,wf1_timeserieswise,5,DB5,DB5,True,0.9999009370803833
302,DB5,P06,DB5_P06_T12_l_comf_relabeled,R,primary,wf1_timeserieswise,5,DB5,DB5,True,0.9999897480010986
307,DB2,P11,DB2_P11_T05_-65_relabeled,L,primary,wf1_timeserieswise,5,DB2,DB2,True,0.9998438358306885
311,DB5,P19,DB5_P19_T09_l_comf_relabeled,L,primary,wf1_timeserieswise,5,DB5,DB5,True,0.9999990463256836
316,DB4,P10,DB4_P10_T08_relabeled,R,primary,wf1_timeserieswise,5,DB4,DB4,True,0.9999735355377197
317,DB4,P02,DB4_P02_T04_relabeled,R,primary,wf1_timeserieswise,5,DB4,DB4,True,0.9989141225814819
320,DB5,P06,DB5_P06_T08_l_comf_relabeled,L,primary,wf1_timeserieswise,5,DB5,DB5,True,0.999995231628418
322,DB4,P25,DB4_P25_T24_relabeled,R,primary,wf1_timeserieswise,5,DB4,DB4,True,1.0
331,DB3,P07,DB3_P07_A_T03_relabeled,L,primary,wf1_timeserieswise,5,DB3,DB3,True,0.988799512386322
332,DB3,P17,DB3_P17_A_T04,R,primary,wf1_timeserieswise,5,DB3,DB3,True,0.8258702158927917
339,DB2,P07,DB2_P07_T03_130_relabeled,L,primary,wf1_timeserieswise,5,DB2,DB2,True,0.999984860420227
340,DB4,P25,DB4_P25_T03_relabeled,L,primary,wf1_timeserieswise,5,DB4,DB4,True,1.0
357,DB2,P11,DB2_P11_T03_130_relabeled,L,primary,wf1_timeserieswise,5,DB2,DB2,True,0.9996229410171509
368,DB5,P21,DB5_P21_T13_r_comf_relabeled,L,primary,wf1_timeserieswise,5,DB5,DB5,True,0.9998061060905457
371,DB4,P12,DB4_P12_T20_relabeled,R,primary,wf1_timeserieswise,5,DB4,DB4,True,0.9999958276748657
373,DB5,P21,DB5_P21_T04_l_comf_relabeled,L,primary,wf1_timeserieswise,5,DB5,DB5,True,0.9993995428085327
375,DB5,P19,DB5_P19_T42_r_slow_relabeled,L,primary,wf1_timeserieswise,5,DB5,DB5,True,0.999977707862854
379,DB1,P45,DB1_P45_C1_T03_relabeled,L,primary,wf1_timeserieswise,5,DB1,DB1,True,0.9999788999557495
383,DB2,P11,DB2_P11_T04_250_relabeled,L,primary,wf1_timeserieswise,5,DB2,DB2,True,0.9998661279678345
385,DB4,P10,DB4_P10_T05_relabeled,R,primary,wf1_timeserieswise,5,DB4,DB4,True,0.9999656677246094
392,DB2,P07,DB2_P07_T04_130_relabeled,L,primary,wf1_timeserieswise,5,DB2,DB2,True,0.9999368190765381
395,DB4,P10,DB4_P10_T15_relabeled,R,primary,wf1_timeserieswise,5,DB4,DB4,True,0.9999737739562988
397,DB5,P12,DB5_P12_T10_l_comf_relabeled,L,primary,wf1_timeserieswise,5,DB5,DB5,True,0.9989603757858276
398,DB5,P12,DB5_P12_T27_l_slow_relabeled,L,primary,wf1_timeserieswise,5,DB5,DB5,True,0.9987473487854004
399,DB4,P02,DB4_P02_T12_relabeled,R,primary,wf1_timeserieswise,5,DB4,DB4,True,0.9995707869529724
401,DB4,P14,DB4_P14_T16_relabeled,L,primary,wf1_timeserieswise,5,DB4,DB4,True,0.9999960660934448
404,DB2,P07,DB2_P07_T06_-65_relabeled,L,primary,wf1_timeserieswise,5,DB2,DB2,True,0.99998939037323
411,DB5,P19,DB5_P19_T36_r_slow_relabeled,L,primary,wf1_timeserieswise,5,DB5,DB5,True,0.9999973773956299
413,DB5,P06,DB5_P06_T18_r_comf_relabeled,L,primary,wf1_timeserieswise,5,DB5,DB5,True,0.9999953508377075
417,DB5,P21,DB5_P21_T32_r_slow_relabeled,L,primary,wf1_timeserieswise,5,DB5,DB5,True,0.9999032020568848
418,DB5,P21,DB5_P21_T11_r_comf_relabeled,L,primary,wf1_timeserieswise,5,DB5,DB5,True,0.999671220779419
419,DB4,P12,DB4_P12_T10_relabeled,L,primary,wf1_timeserieswise,5,DB4,DB4,True,0.9999545812606812
432,DB4,P12,DB4_P12_T17_relabeled,R,primary,wf1_timeserieswise,5,DB4,DB4,True,0.9999862909317017
442,DB4,P25,DB4_P25_T06_relabeled,R,primary,wf1_timeserieswise,5,DB4,DB4,True,1.0
448,DB5,P19,DB5_P19_T40_r_slow_relabeled,L,primary,wf1_timeserieswise,5,DB5,DB5,True,0.9999935626983643
449,DB2,P11,DB2_P11_T03_65_relabeled,L,primary,wf1_timeserieswise,5,DB2,DB2,True,0.999232292175293
451,DB4,P43,DB4_P43_T14_relabeled,R,primary,wf1_timeserieswise,5,DB4,DB4,True,0.9999516010284424
455,DB4,P09,DB4_P09_T03_relabeled,R,primary,wf1_timeserieswise,5,DB4,DB4,True,0.9973676800727844
456,DB3,P15,DB3_P15_A_T05_relabeled,L,primary,wf1_timeserieswise,5,DB3,DB3,True,0.9914290308952332
460,DB4,P52,DB4_P52_T03_relabeled,R,primary,wf1_timeserieswise,5,DB4,DB4,True,0.9999970197677612
462,DB4,P43,DB4_P43_T21_relabeled,R,primary,wf1_timeserieswise,5,DB4,DB4,True,0.9998549222946167
466,DB4,P14,DB4_P14_T19_relabeled,R,primary,wf1_timeserieswise,5,DB4,DB4,True,0.9999961853027344
469,DB3,P07,DB3_P07_A_T04_relabeled,R,primary,wf1_timeserieswise,5,DB3,DB3,True,0.9753320813179016
479,DB4,P02,DB4_P02_T15_relabeled,R,primary,wf1_timeserieswise,5,DB4,DB4,True,0.9991152882575989
484,DB5,P06,DB5_P06_T10_l_comf_relabeled,L,primary,wf1_timeserieswise,5,DB5,DB5,True,0.9999852180480957
489,DB3,P12,DB3_P12_A_T05,R,primary,wf1_timeserieswise,5,DB3,DB3,True,0.9761453866958618
499,DB4,P13,DB4_P13_T15_relabeled,L,primary,wf1_timeserieswise,5,DB4,DB4,True,0.5972669124603271
510,DB5,P06,DB5_P06_T23_r_comf_relabeled,L,primary,wf1_timeserieswise,5,DB5,DB5,True,0.9999982118606567
512,DB4,P43,DB4_P43_T16_relabeled,R,primary,wf1_timeserieswise,5,DB4,DB4,True,0.998978853225708
515,DB5,P21,DB5_P21_T12_r_comf_relabeled,L,primary,wf1_timeserieswise,5,DB5,DB5,True,0.9959185719490051
520,DB3,P17,DB3_P17_A_T11,L,primary,wf1_timeserieswise,5,DB3,DB3,True,0.9621542096138
537,DB4,P14,DB4_P14_T06_relabeled,R,primary,wf1_timeserieswise,5,DB4,DB4,True,0.9999970197677612
538,DB5,P12,DB5_P12_T18_r_comf_relabeled,L,primary,wf1_timeserieswise,5,DB5,DB5,True,0.9999637603759766
540,DB4,P09,DB4_P09_T06_relabeled,L,primary,wf1_timeserieswise,5,DB4,DB4,True,0.9440081119537354
545,DB5,P21,DB5_P21_T33_r_slow_relabeled,L,primary,wf1_timeserieswise,5,DB5,DB5,True,0.9993612170219421
550,DB5,P19,DB5_P19_T32_l_slow_relabeled,L,primary,wf1_timeserieswise,5,DB5,DB5,True,0.9998947381973267
564,DB5,P21,DB5_P21_T08_l_comf_relabeled,L,primary,wf1_timeserieswise,5,DB5,DB5,True,0.9998449087142944
565,DB4,P52,DB4_P52_T06_relabeled,R,primary,wf1_timeserieswise,5,DB4,DB4,True,0.9999998807907104
567,DB5,P06,DB5_P06_T19_r_comf_relabeled,L,primary,wf1_timeserieswise,5,DB5,DB5,True,0.9999979734420776
568,DB5,P12,DB5_P12_T11_r_comf_relabeled,L,primary,wf1_timeserieswise,5,DB5,DB5,True,0.9997743964195251
574,DB4,P43,DB4_P43_T20_relabeled,R,primary,wf1_timeserieswise,5,DB4,DB4,True,0.9995549321174622
575,DB2,P07,DB2_P07_T02_-65_relabeled,L,primary,wf1_timeserieswise,5,DB2,DB2,True,0.9999960660934448
576,DB3,P15,DB3_P15_A_T08_relabeled,R,primary,wf1_timeserieswise,5,DB3,DB3,True,0.9943418502807617
591,DB4,P12,DB4_P12_T06_relabeled,R,primary,wf1_timeserieswise,5,DB4,DB4,True,0.999982476234436
593,DB4,P10,DB4_P10_T13_relabeled,R,primary,wf1_timeserieswise,5,DB4,DB4,True,0.9999547004699707
598,DB3,P12,DB3_P12_A_T03,R,primary,wf1_timeserieswise,5,DB3,DB3,True,0.9633103013038635
599,DB1,P18,DB1_P18_C2_T02_relabeled,L,primary,wf1_timeserieswise,5,DB1,DB1,True,0.9999700784683228
601,DB5,P12,DB5_P12_T28_l_slow_relabeled,L,primary,wf1_timeserieswise,5,DB5,DB5,True,0.9858012795448303
606,DB2,P11,DB2_P11_T02_p_relabeled,L,primary,wf1_timeserieswise,5,DB2,DB2,True,0.9991258978843689
614,DB5,P12,DB5_P12_T37_r_slow_relabeled,L,primary,wf1_timeserieswise,5,DB5,DB5,True,0.995876669883728
621,DB4,P09,DB4_P09_T15_relabeled,R,primary,wf1_timeserieswise,5,DB4,DB4,True,0.9987882971763611
628,DB2,P11,DB2_P11_T02_250_relabeled,L,primary,wf1_timeserieswise,5,DB2,DB2,True,0.9985993504524231
629,DB4,P25,DB4_P25_T07_relabeled,L,primary,wf1_timeserieswise,5,DB4,DB4,True,1.0
638,DB5,P06,DB5_P06_T04_l_comf_relabeled,L,primary,wf1_timeserieswise,5,DB5,DB5,True,0.9999685287475586
642,DB5,P21,DB5_P21_T17_r_comf_relabeled,L,primary,wf1_timeserieswise,5,DB5,DB5,True,0.9997037053108215
649,DB4,P10,DB4_P10_T20_relabeled,R,primary,wf1_timeserieswise,5,DB4,DB4,True,0.9999716281890869
665,DB2,P11,DB2_P11_T02_130_relabeled,L,primary,wf1_timeserieswise,5,DB2,DB2,True,0.9995288848876953
670,DB2,P11,DB2_P11_T05_-130_relabeled,L,primary,wf1_timeserieswise,5,DB2,DB2,True,0.9999158382415771
674,DB1,P18,DB1_P18_C2_T05_relabeled,L,primary,wf1_timeserieswise,5,DB1,DB1,True,0.999691367149353
676,DB3,P07,DB3_P07_A_T07_relabeled,L,primary,wf1_timeserieswise,5,DB3,DB3,True,0.9964470267295837
677,DB1,P48,DB1_P48_C2_T05_relabeled,L,primary,wf1_timeserieswise,5,DB1,DB1,True,0.9995483756065369
692,DB2,P11,DB2_P11_T05_p_relabeled,L,primary,wf1_timeserieswise,5,DB2,DB2,True,0.999790370464325
695,DB4,P25,DB4_P25_T08_relabeled,L,primary,wf1_timeserieswise,5,DB4,DB4,True,1.0
700,DB2,P07,DB2_P07_T03_p_relabeled,L,primary,wf1_timeserieswise,5,DB2,DB2,True,0.9999643564224243
701,DB4,P14,DB4_P14_T21_relabeled,L,primary,wf1_timeserieswise,5,DB4,DB4,True,0.9999960660934448
716,DB4,P02,DB4_P02_T16_relabeled,R,primary,wf1_timeserieswise,5,DB4,DB4,True,0.9991031885147095
717,DB4,P10,DB4_P10_T16_relabeled,R,primary,wf1_timeserieswise,5,DB4,DB4,True,0.9999464750289917
727,DB4,P43,DB4_P43_T12_relabeled,R,primary,wf1_timeserieswise,5,DB4,DB4,True,0.9994754195213318
731,DB5,P06,DB5_P06_T20_r_comf_relabeled,L,primary,wf1_timeserieswise,5,DB5,DB5,True,0.9999861717224121
735,DB5,P12,DB5_P12_T35_r_slow_relabeled,L,primary,wf1_timeserieswise,5,DB5,DB5,True,0.988349199295044
738,DB4,P14,DB4_P14_T11_relabeled,R,primary,wf1_timeserieswise,5,DB4,DB4,True,0.9999935626983643
739,DB1,P45,DB1_P45_C1_T02_relabeled,L,primary,wf1_timeserieswise,5,DB1,DB1,True,0.9999632835388184
744,DB4,P43,DB4_P43_T05_relabeled,R,primary,wf1_timeserieswise,5,DB4,DB4,True,0.999852180480957
745,DB4,P14,DB4_P14_T22_relabeled,R,primary,wf1_timeserieswise,5,DB4,DB4,True,0.9999920129776001
757,DB5,P12,DB5_P12_T08_l_comf_relabeled,L,primary,wf1_timeserieswise,5,DB5,DB5,True,0.9999943971633911
761,DB2,P11,DB2_P11_T01_65_relabeled,L,primary,wf1_timeserieswise,5,DB2,DB2,True,0.9960041642189026
771,DB1,P48,DB1_P48_C3_T03_relabeled,L,primary,wf1_timeserieswise,5,DB1,DB1,True,0.9969117045402527
774,DB3,P12,DB3_P12_A_T09,R,primary,wf1_timeserieswise,5,DB3,DB3,True,0.9777083992958069
775,DB5,P06,DB5_P06_T40_r_slow_relabeled,R,primary,wf1_timeserieswise,5,DB5,DB5,True,0.9999942779541016
781,DB1,P21,DB1_P21_C2_T04_relabeled,L,primary,wf1_timeserieswise,5,DB1,DB1,True,0.9983360171318054
784,DB1,P48,DB1_P48_C3_T01_relabeled,L,primary,wf1_timeserieswise,5,DB1,DB1,True,0.8093658685684204
799,DB5,P19,DB5_P19_T03_l_comf_relabeled,L,primary,wf1_timeserieswise,5,DB5,DB5,True,0.9999972581863403
807,DB1,P46,DB1_P46_C2_T01_relabeled,L,primary,wf1_timeserieswise,5,DB1,DB1,True,0.9917228817939758
812,DB5,P06,DB5_P06_T01_l_comf_relabeled,L,primary,wf1_timeserieswise,5,DB5,DB5,True,0.9999688863754272
813,DB4,P14,DB4_P14_T07_relabeled,R,primary,wf1_timeserieswise,5,DB4,DB4,True,0.9999922513961792
815,DB4,P02,DB4_P02_T07_relabeled,R,primary,wf1_timeserieswise,5,DB4,DB4,True,0.9979872703552246
823,DB1,P41,DB1_P41_C2_T03_relabeled,R,primary,wf1_timeserieswise,5,DB1,DB1,True,0.9998451471328735
830,DB4,P09,DB4_P09_T10_relabeled,R,primary,wf1_timeserieswise,5,DB4,DB4,True,0.9995077848434448
833,DB5,P12,DB5_P12_T25_l_slow_relabeled,L,primary,wf1_timeserieswise,5,DB5,DB5,True,0.9957273006439209
839,DB3,P17,DB3_P17_A_T10,L,primary,wf1_timeserieswise,5,DB3,DB3,True,0.8823924660682678
844,DB5,P19,DB5_P19_T23_l_slow_relabeled,L,primary,wf1_timeserieswise,5,DB5,DB5,True,0.9999963045120239
848,DB2,P11,DB2_P11_T03_250_relabeled,L,primary,wf1_timeserieswise,5,DB2,DB2,True,0.9999147653579712
859,DB2,P11,DB2_P11_T02_65_relabeled,L,primary,wf1_timeserieswise,5,DB2,DB2,True,0.9993488192558289
862,DB5,P12,DB5_P12_T19_r_comf_relabeled,L,primary,wf1_timeserieswise,5,DB5,DB5,True,0.9997171759605408
864,DB5,P19,DB5_P19_T28_l_slow_relabeled,L,primary,wf1_timeserieswise,5,DB5,DB5,True,0.9999967813491821
871,DB5,P06,DB5_P06_T06_l_comf_relabeled,L,primary,wf1_timeserieswise,5,DB5,DB5,True,0.9999982118606567
876,DB5,P19,DB5_P19_T37_r_slow_relabeled,L,primary,wf1_timeserieswise,5,DB5,DB5,True,0.9999879598617554
879,DB3,P15,DB3_P15_A_T06_relabeled,L,primary,wf1_timeserieswise,5,DB3,DB3,True,0.994360625743866
880,DB5,P19,DB5_P19_T33_r_slow_relabeled,L,primary,wf1_timeserieswise,5,DB5,DB5,True,0.9999973773956299
881,DB5,P12,DB5_P12_T16_r_comf_relabeled,L,primary,wf1_timeserieswise,5,DB5,DB5,True,0.99994957447052
886,DB5,P19,DB5_P19_T30_l_slow_relabeled,L,primary,wf1_timeserieswise,5,DB5,DB5,True,0.9999982118606567
889,DB4,P09,DB4_P09_T08_relabeled,R,primary,wf1_timeserieswise,5,DB4,DB4,True,0.9982450008392334
891,DB5,P19,DB5_P19_T13_r_comf_relabeled,L,primary,wf1_timeserieswise,5,DB5,DB5,True,0.9999839067459106
894,DB2,P11,DB2_P11_T02_-65_relabeled,L,primary,wf1_timeserieswise,5,DB2,DB2,True,0.9988177418708801
895,DB4,P43,DB4_P43_T08_relabeled,R,primary,wf1_timeserieswise,5,DB4,DB4,True,0.9999485015869141
905,DB3,P17,DB3_P17_A_T13,L,primary,wf1_timeserieswise,5,DB3,DB3,True,0.8462703227996826
910,DB5,P21,DB5_P21_T01_l_comf_relabeled,L,primary,wf1_timeserieswise,5,DB5,DB5,True,0.9997245669364929
915,DB3,P07,DB3_P07_A_T06_relabeled,R,primary,wf1_timeserieswise,5,DB3,DB3,True,0.9859274625778198
916,DB2,P11,DB2_P11_T01_130_relabeled,L,primary,wf1_timeserieswise,5,DB2,DB2,True,0.9990975856781006
920,DB3,P15,DB3_P15_A_T04_relabeled,L,primary,wf1_timeserieswise,5,DB3,DB3,True,0.9954074025154114
924,DB2,P07,DB2_P07_T03_65_relabeled,L,primary,wf1_timeserieswise,5,DB2,DB2,True,0.9999961853027344
940,DB5,P21,DB5_P21_T14_r_comf_relabeled,L,primary,wf1_timeserieswise,5,DB5,DB5,True,0.9999399185180664
957,DB3,P15,DB3_P15_A_T10_relabeled,R,primary,wf1_timeserieswise,5,DB3,DB3,True,0.9957606196403503
961,DB5,P12,DB5_P12_T34_r_slow_relabeled,L,primary,wf1_timeserieswise,5,DB5,DB5,True,0.9932373762130737
962,DB5,P21,DB5_P21_T03_l_comf_relabeled,L,primary,wf1_timeserieswise,5,DB5,DB5,True,0.9997132420539856
977,DB5,P12,DB5_P12_T26_l_slow_relabeled,L,primary,wf1_timeserieswise,5,DB5,DB5,True,0.9982936978340149
978,DB1,P46,DB1_P46_C2_T03_relabeled,L,primary,wf1_timeserieswise,5,DB1,DB1,True,0.8936413526535034
984,DB5,P21,DB5_P21_T16_r_comf_relabeled,L,primary,wf1_timeserieswise,5,DB5,DB5,True,0.9997517466545105
986,DB4,P25,DB4_P25_T10_relabeled,L,primary,wf1_timeserieswise,5,DB4,DB4,True,1.0
990,DB5,P21,DB5_P21_T18_r_comf_relabeled,L,primary,wf1_timeserieswise,5,DB5,DB5,True,0.9999704360961914
1005,DB4,P02,DB4_P02_T17_relabeled,R,primary,wf1_timeserieswise,5,DB4,DB4,True,0.9996284246444702
1028,DB4,P14,DB4_P14_T12_relabeled,R,primary,wf1_timeserieswise,5,DB4,DB4,True,0.999996542930603
1029,DB2,P11,DB2_P11_T04_-130_relabeled,L,primary,wf1_timeserieswise,5,DB2,DB2,True,0.9995019435882568
1034,DB2,P07,DB2_P07_T02_p_relabeled,L,primary,wf1_timeserieswise,5,DB2,DB2,True,0.9999700784683228
1042,DB2,P07,DB2_P07_T01_-130_relabeled,L,primary,wf1_timeserieswise,5,DB2,DB2,True,0.9999741315841675
1051,DB5,P12,DB5_P12_T32_r_slow_relabeled,L,primary,wf1_timeserieswise,5,DB5,DB5,True,0.9975615739822388
1052,DB1,P20,DB1_P20_C3_T03_relabeled,L,primary,wf1_timeserieswise,5,DB1,DB1,True,0.9992399215698242
1066,DB3,P15,DB3_P15_A_T02_relabeled,L,primary,wf1_timeserieswise,5,DB3,DB3,True,0.9328591227531433
1069,DB5,P12,DB5_P12_T36_r_slow_relabeled,L,primary,wf1_timeserieswise,5,DB5,DB5,True,0.9985085129737854
1073,DB4,P14,DB4_P14_T03_relabeled,R,primary,wf1_timeserieswise,5,DB4,DB4,True,0.9999958276748657
1074,DB1,P41,DB1_P41_C3_T02_relabeled,L,primary,wf1_timeserieswise,5,DB1,DB1,True,0.9518835544586182
1075,DB1,P18,DB1_P18_C2_T01_relabeled,L,primary,wf1_timeserieswise,5,DB1,DB1,True,0.9996788501739502
1076,DB5,P12,DB5_P12_T30_l_slow_relabeled,L,primary,wf1_timeserieswise,5,DB5,DB5,True,0.9985426664352417
1081,DB2,P07,DB2_P07_T05_130_relabeled,L,primary,wf1_timeserieswise,5,DB2,DB2,True,0.9999704360961914
1085,DB5,P19,DB5_P19_T20_r_comf_relabeled,L,primary,wf1_timeserieswise,5,DB5,DB5,True,0.9999980926513672
1086,DB1,P21,DB1_P21_C3_T01_relabeled,L,primary,wf1_timeserieswise,5,DB1,DB1,True,0.9747961163520813
1088,DB4,P10,DB4_P10_T09_relabeled,R,primary,wf1_timeserieswise,5,DB4,DB4,True,0.9998444318771362
1089,DB4,P52,DB4_P52_T13_relabeled,R,primary,wf1_timeserieswise,5,DB4,DB4,True,0.9999994039535522
1099,DB4,P12,DB4_P12_T03_relabeled,R,primary,wf1_timeserieswise,5,DB4,DB4,True,0.9999855756759644
1102,DB2,P07,DB2_P07_T01_p_relabeled,L,primary,wf1_timeserieswise,5,DB2,DB2,True,0.9999456405639648
1109,DB2,P07,DB2_P07_T05_65_relabeled,L,primary,wf1_timeserieswise,5,DB2,DB2,True,0.9999817609786987
1112,DB1,P21,DB1_P21_C2_T02_relabeled,L,primary,wf1_timeserieswise,5,DB1,DB1,True,0.9997188448905945
1119,DB5,P12,DB5_P12_T07_l_comf_relabeled,L,primary,wf1_timeserieswise,5,DB5,DB5,True,0.9999735355377197
1124,DB1,P18,DB1_P18_C2_T03_relabeled,L,primary,wf1_timeserieswise,5,DB1,DB1,True,0.9999099969863892
1128,DB4,P43,DB4_P43_T11_relabeled,R,primary,wf1_timeserieswise,5,DB4,DB4,True,0.9998608827590942
1129,DB4,P12,DB4_P12_T16_relabeled,R,primary,wf1_timeserieswise,5,DB4,DB4,True,0.9999951124191284
1135,DB5,P19,DB5_P19_T22_r_comf_relabeled,L,primary,wf1_timeserieswise,5,DB5,DB5,True,0.9999852180480957
1146,DB1,P46,DB1_P46_C2_T04_relabeled,L,primary,wf1_timeserieswise,5,DB1,DB1,True,0.8132203817367554
1149,DB5,P06,DB5_P06_T17_r_comf_relabeled,L,primary,wf1_timeserieswise,5,DB5,DB5,True,0.9999719858169556
1164,DB4,P52,DB4_P52_T20_relabeled,R,primary,wf1_timeserieswise,5,DB4,DB4,True,0.9999995231628418
1167,DB4,P25,DB4_P25_T19_relabeled,R,primary,wf1_timeserieswise,5,DB4,DB4,True,1.0
1169,DB4,P10,DB4_P10_T11_relabeled,R,primary,wf1_timeserieswise,5,DB4,DB4,True,0.9999563694000244
1172,DB4,P10,DB4_P10_T02_relabeled,R,primary,wf1_timeserieswise,5,DB4,DB4,True,0.9998779296875
1181,DB5,P12,DB5_P12_T15_r_comf_relabeled,L,primary,wf1_timeserieswise,5,DB5,DB5,True,0.9991641044616699
1185,DB4,P10,DB4_P10_T07_relabeled,R,primary,wf1_timeserieswise,5,DB4,DB4,True,0.9999463558197021
1188,DB5,P12,DB5_P12_T14_r_comf_relabeled,L,primary,wf1_timeserieswise,5,DB5,DB5,True,0.9995427131652832
1190,DB5,P12,DB5_P12_T13_r_comf_relabeled,L,primary,wf1_timeserieswise,5,DB5,DB5,True,0.9999045133590698
1193,DB5,P19,DB5_P19_T11_r_comf_relabeled,L,primary,wf1_timeserieswise,5,DB5,DB5,True,0.9999935626983643
1200,DB5,P12,DB5_P12_T22_l_slow_relabeled,L,primary,wf1_timeserieswise,5,DB5,DB5,True,0.9999892711639404
1202,DB1,P41,DB1_P41_C3_T03_relabeled,L,primary,wf1_timeserieswise,5,DB1,DB1,True,0.9834851622581482
1209,DB2,P11,DB2_P11_T08_p_relabeled,L,primary,wf1_timeserieswise,5,DB2,DB2,True,0.9992085099220276
1223,DB1,P20,DB1_P20_C2_T02_relabeled,L,primary,wf1_timeserieswise,5,DB1,DB1,True,0.9999414682388306
1233,DB2,P11,DB2_P11_T04_130_relabeled,L,primary,wf1_timeserieswise,5,DB2,DB2,True,0.9993797540664673
1234,DB4,P52,DB4_P52_T07_relabeled,R,primary,wf1_timeserieswise,5,DB4,DB4,True,0.9999997615814209
1239,DB4,P25,DB4_P25_T02_relabeled,R,primary,wf1_timeserieswise,5,DB4,DB4,True,1.0
1242,DB4,P52,DB4_P52_T21_relabeled,R,primary,wf1_timeserieswise,5,DB4,DB4,True,0.9999997615814209
1245,DB4,P25,DB4_P25_T11_relabeled,L,primary,wf1_timeserieswise,5,DB4,DB4,True,1.0
1251,DB2,P07,DB2_P07_T01_65_relabeled,L,primary,wf1_timeserieswise,5,DB2,DB2,True,0.999984860420227
1252,DB4,P10,DB4_P10_T03_relabeled,R,primary,wf1_timeserieswise,5,DB4,DB4,True,0.9999809265136719
1263,DB5,P12,DB5_P12_T31_r_slow_relabeled,L,primary,wf1_timeserieswise,5,DB5,DB5,True,0.9958305954933167
1264,DB3,P17,DB3_P17_A_T06,R,primary,wf1_timeserieswise,5,DB3,DB3,True,0.7244699001312256
1268,DB4,P25,DB4_P25_T05_relabeled,L,primary,wf1_timeserieswise,5,DB4,DB4,True,1.0
1269,DB4,P43,DB4_P43_T13_relabeled,R,primary,wf1_timeserieswise,5,DB4,DB4,True,0.999688982963562
1276,DB4,P10,DB4_P10_T06_relabeled,R,primary,wf1_timeserieswise,5,DB4,DB4,True,0.9999732971191406
1285,DB4,P43,DB4_P43_T07_relabeled,R,primary,wf1_timeserieswise,5,DB4,DB4,True,0.999962329864502
1286,DB5,P19,DB5_P19_T31_l_slow_relabeled,L,primary,wf1_timeserieswise,5,DB5,DB5,True,0.999962329864502
1296,DB5,P12,DB5_P12_T05_l_comf_relabeled,L,primary,wf1_timeserieswise,5,DB5,DB5,True,0.9992341995239258
1298,DB5,P21,DB5_P21_T19_r_comf_relabeled,L,primary,wf1_timeserieswise,5,DB5,DB5,True,0.999828577041626
1302,DB4,P10,DB4_P10_T10_relabeled,R,primary,wf1_timeserieswise,5,DB4,DB4,True,0.9999891519546509
1308,DB5,P21,DB5_P21_T20_r_comf_relabeled,L,primary,wf1_timeserieswise,5,DB5,DB5,True,0.9999116659164429
1310,DB4,P09,DB4_P09_T16_relabeled,R,primary,wf1_timeserieswise,5,DB4,DB4,True,0.9993298053741455
1315,DB4,P02,DB4_P02_T10_relabeled,R,primary,wf1_timeserieswise,5,DB4,DB4,True,0.986583411693573
1324,DB5,P12,DB5_P12_T09_l_comf_relabeled,L,primary,wf1_timeserieswise,5,DB5,DB5,True,0.9993777275085449
1334,DB4,P52,DB4_P52_T11_relabeled,R,primary,wf1_timeserieswise,5,DB4,DB4,True,0.9999998807907104
1335,DB5,P19,DB5_P19_T41_r_slow_relabeled,L,primary,wf1_timeserieswise,5,DB5,DB5,True,0.9999983310699463
1345,DB2,P11,DB2_P11_T03_p_relabeled,L,primary,wf1_timeserieswise,5,DB2,DB2,True,0.9995959401130676
1347,DB4,P43,DB4_P43_T04_relabeled,R,primary,wf1_timeserieswise,5,DB4,DB4,True,0.9999700784683228
1348,DB3,P12,DB3_P12_A_T07,R,primary,wf1_timeserieswise,5,DB3,DB3,True,0.969031035900116
1349,DB5,P06,DB5_P06_T15_r_comf_relabeled,L,primary,wf1_timeserieswise,5,DB5,DB5,True,0.999985933303833
1351,DB4,P12,DB4_P12_T13_relabeled,R,primary,wf1_timeserieswise,5,DB4,DB4,True,0.9999970197677612
1353,DB4,P12,DB4_P12_T02_relabeled,R,primary,wf1_timeserieswise,5,DB4,DB4,True,0.9999672174453735
1364,DB2,P11,DB2_P11_T04_65_relabeled,L,primary,wf1_timeserieswise,5,DB2,DB2,True,0.9992794394493103
1366,DB3,P07,DB3_P07_A_T12_relabeled,R,primary,wf1_timeserieswise,5,DB3,DB3,True,0.995367169380188
1373,DB1,P21,DB1_P21_C2_T01_relabeled,L,primary,wf1_timeserieswise,5,DB1,DB1,True,0.9997155070304871
1380,DB5,P21,DB5_P21_T07_l_comf_relabeled,L,primary,wf1_timeserieswise,5,DB5,DB5,True,0.9998804330825806
1382,DB1,P48,DB1_P48_C2_T03_relabeled,L,primary,wf1_timeserieswise,5,DB1,DB1,True,0.9920293092727661
1386,DB4,P13,DB4_P13_T17_relabeled,R,primary,wf1_timeserieswise,5,DB4,DB4,True,0.6454839706420898
1391,DB5,P19,DB5_P19_T26_l_slow_relabeled,L,primary,wf1_timeserieswise,5,DB5,DB5,True,0.9999985694885254
1397,DB4,P14,DB4_P14_T09_relabeled,R,primary,wf1_timeserieswise,5,DB4,DB4,True,0.9999945163726807
1401,DB5,P21,DB5_P21_T02_l_comf_relabeled,L,primary,wf1_timeserieswise,5,DB5,DB5,True,0.9998539686203003
1405,DB4,P10,DB4_P10_T12_relabeled,R,primary,wf1_timeserieswise,5,DB4,DB4,True,0.9999814033508301
1421,DB5,P19,DB5_P19_T04_l_comf_relabeled,L,primary,wf1_timeserieswise,5,DB5,DB5,True,0.9999973773956299
1424,DB4,P12,DB4_P12_T19_relabeled,R,primary,wf1_timeserieswise,5,DB4,DB4,True,0.9999885559082031
1429,DB5,P19,DB5_P19_T19_r_comf_relabeled,L,primary,wf1_timeserieswise,5,DB5,DB5,True,0.999997615814209
1437,DB5,P21,DB5_P21_T05_l_comf_relabeled,L,primary,wf1_timeserieswise,5,DB5,DB5,True,0.9998038411140442
1440,DB5,P21,DB5_P21_T41_r_slow_relabeled,L,primary,wf1_timeserieswise,5,DB5,DB5,True,0.982968270778656
1445,DB3,P17,DB3_P17_A_T14,L,primary,wf1_timeserieswise,5,DB3,DB3,True,0.9636303186416626
1448,DB4,P09,DB4_P09_T13_relabeled,R,primary,wf1_timeserieswise,5,DB4,DB4,True,0.9993733763694763
1453,DB3,P07,DB3_P07_A_T09_relabeled,L,primary,wf1_timeserieswise,5,DB3,DB3,True,0.9939764738082886
1458,DB2,P11,DB2_P11_T01_-65_relabeled,L,primary,wf1_timeserieswise,5,DB2,DB2,True,0.9997850060462952
1464,DB5,P21,DB5_P21_T10_l_comf_relabeled,L,primary,wf1_timeserieswise,5,DB5,DB5,True,0.9994317889213562
1471,DB2,P07,DB2_P07_T04_250_relabeled,L,primary,wf1_timeserieswise,5,DB2,DB2,True,0.9999967813491821
1475,DB5,P19,DB5_P19_T39_r_slow_relabeled,L,primary,wf1_timeserieswise,5,DB5,DB5,True,0.9999490976333618
1477,DB1,P48,DB1_P48_C2_T04_relabeled,L,primary,wf1_timeserieswise,5,DB1,DB1,True,0.9994186162948608
1478,DB4,P25,DB4_P25_T23_relabeled,L,primary,wf1_timeserieswise,5,DB4,DB4,True,1.0
1484,DB3,P17,DB3_P17_A_T08,L,primary,wf1_timeserieswise,5,DB3,DB3,True,0.958553671836853
1488,DB5,P06,DB5_P06_T13_l_comf_relabeled,L,primary,wf1_timeserieswise,5,DB5,DB5,True,0.999902606010437
1504,DB5,P19,DB5_P19_T05_l_comf_relabeled,L,primary,wf1_timeserieswise,5,DB5,DB5,True,0.9999362230300903
1507,DB3,P12,DB3_P12_A_T10,L,primary,wf1_timeserieswise,5,DB3,DB3,True,0.9742549657821655
1511,DB1,P48,DB1_P48_C3_T02_relabeled,L,primary,wf1_timeserieswise,5,DB1,DB1,True,0.9891772866249084
1513,DB4,P52,DB4_P52_T19_relabeled,R,primary,wf1_timeserieswise,5,DB4,DB4,True,0.9999988079071045
1517,DB3,P15,DB3_P15_A_T03_relabeled,L,primary,wf1_timeserieswise,5,DB3,DB3,True,0.9875604510307312
1523,DB4,P25,DB4_P25_T21_relabeled,L,primary,wf1_timeserieswise,5,DB4,DB4,True,1.0
1526,DB4,P14,DB4_P14_T04_relabeled,R,primary,wf1_timeserieswise,5,DB4,DB4,True,0.9999959468841553
1537,DB4,P43,DB4_P43_T10_relabeled,R,primary,wf1_timeserieswise,5,DB4,DB4,True,0.9998376369476318
1539,DB3,P07,DB3_P07_A_T08_relabeled,R,primary,wf1_timeserieswise,5,DB3,DB3,True,0.9925506114959717
1545,DB5,P19,DB5_P19_T08_l_comf_relabeled,L,primary,wf1_timeserieswise,5,DB5,DB5,True,0.9999949932098389
1553,DB4,P14,DB4_P14_T08_relabeled,R,primary,wf1_timeserieswise,5,DB4,DB4,True,0.9999886751174927
1555,DB4,P25,DB4_P25_T16_relabeled,R,primary,wf1_timeserieswise,5,DB4,DB4,True,1.0
1556,DB4,P52,DB4_P52_T05_relabeled,R,primary,wf1_timeserieswise,5,DB4,DB4,True,1.0
1561,DB1,P48,DB1_P48_C1_T03_relabeled,L,primary,wf1_timeserieswise,5,DB1,DB1,True,0.9998722076416016
1569,DB5,P12,DB5_P12_T06_l_comf_relabeled,L,primary,wf1_timeserieswise,5,DB5,DB5,True,0.9999581575393677
1570,DB5,P12,DB5_P12_T04_l_comf_relabeled,L,primary,wf1_timeserieswise,5,DB5,DB5,True,0.9999927282333374
1575,DB1,P48,DB1_P48_C1_T02_relabeled,L,primary,wf1_timeserieswise,5,DB1,DB1,True,0.9998711347579956
1584,DB5,P21,DB5_P21_T09_l_comf_relabeled,L,primary,wf1_timeserieswise,5,DB5,DB5,True,0.9996628761291504
1590,DB5,P19,DB5_P19_T29_l_slow_relabeled,L,primary,wf1_timeserieswise,5,DB5,DB5,True,0.9999332427978516
1593,DB4,P02,DB4_P02_T19_relabeled,R,primary,wf1_timeserieswise,5,DB4,DB4,True,0.9997156262397766
1594,DB2,P11,DB2_P11_T05_65_relabeled,L,primary,wf1_timeserieswise,5,DB2,DB2,True,0.9993746876716614
1600,DB3,P07,DB3_P07_A_T11_relabeled,L,primary,wf1_timeserieswise,5,DB3,DB3,True,0.991288423538208
1604,DB3,P15,DB3_P15_A_T07_relabeled,R,primary,wf1_timeserieswise,5,DB3,DB3,True,0.9958588480949402
1607,DB5,P21,DB5_P21_T34_r_slow_relabeled,L,primary,wf1_timeserieswise,5,DB5,DB5,True,0.9989327788352966
1609,DB1,P46,DB1_P46_C3_T02_relabeled,L,primary,wf1_timeserieswise,5,DB1,DB1,True,0.5593596696853638
1610,DB5,P19,DB5_P19_T01_l_comf_relabeled,L,primary,wf1_timeserieswise,5,DB5,DB5,True,0.999998927116394
1613,DB4,P25,DB4_P25_T13_relabeled,R,primary,wf1_timeserieswise,5,DB4,DB4,True,1.0
1617,DB3,P07,DB3_P07_A_T02_relabeled,R,primary,wf1_timeserieswise,5,DB3,DB3,True,0.9892140030860901
1618,DB5,P06,DB5_P06_T16_r_comf_relabeled,L,primary,wf1_timeserieswise,5,DB5,DB5,True,0.9999688863754272
1623,DB1,P46,DB1_P46_C2_T02_relabeled,L,primary,wf1_timeserieswise,5,DB1,DB1,True,0.9932160973548889
1636,DB5,P12,DB5_P12_T24_l_slow_relabeled,L,primary,wf1_timeserieswise,5,DB5,DB5,True,0.9988993406295776
1638,DB2,P07,DB2_P07_T04_p_relabeled,L,primary,wf1_timeserieswise,5,DB2,DB2,True,0.9999566078186035
1654,DB4,P25,DB4_P25_T09_relabeled,R,primary,wf1_timeserieswise,5,DB4,DB4,True,1.0
1655,DB5,P19,DB5_P19_T27_l_slow_relabeled,L,primary,wf1_timeserieswise,5,DB5,DB5,True,0.999998927116394
1656,DB5,P19,DB5_P19_T12_r_comf_relabeled,L,primary,wf1_timeserieswise,5,DB5,DB5,True,0.9999992847442627
1662,DB5,P21,DB5_P21_T21_l_slow_relabeled,L,primary,wf1_timeserieswise,5,DB5,DB5,True,0.9991723299026489
1668,DB5,P19,DB5_P19_T07_l_comf_relabeled,L,primary,wf1_timeserieswise,5,DB5,DB5,True,0.9999955892562866
1694,DB5,P06,DB5_P06_T21_r_comf_relabeled,L,primary,wf1_timeserieswise,5,DB5,DB5,True,0.9999946355819702
1697,DB5,P19,DB5_P19_T21_r_comf_relabeled,L,primary,wf1_timeserieswise,5,DB5,DB5,True,0.999996542930603
1699,DB4,P14,DB4_P14_T02_relabeled,R,primary,wf1_timeserieswise,5,DB4,DB4,True,0.9999974966049194
1712,DB4,P52,DB4_P52_T15_relabeled,R,primary,wf1_timeserieswise,5,DB4,DB4,True,1.0
1718,DB1,P21,DB1_P21_C2_T03_relabeled,L,primary,wf1_timeserieswise,5,DB1,DB1,True,0.9993265867233276
1722,DB4,P10,DB4_P10_T14_relabeled,R,primary,wf1_timeserieswise,5,DB4,DB4,True,0.9999755620956421
1725,DB5,P21,DB5_P21_T15_r_comf_relabeled,L,primary,wf1_timeserieswise,5,DB5,DB5,True,0.9998051524162292
1729,DB4,P43,DB4_P43_T03_relabeled,R,primary,wf1_timeserieswise,5,DB4,DB4,True,0.9998658895492554
1735,DB4,P12,DB4_P12_T08_relabeled,L,primary,wf1_timeserieswise,5,DB4,DB4,True,0.9999557733535767
1742,DB4,P25,DB4_P25_T22_relabeled,R,primary,wf1_timeserieswise,5,DB4,DB4,True,1.0
1744,DB4,P09,DB4_P09_T12_relabeled,R,primary,wf1_timeserieswise,5,DB4,DB4,True,0.9987708926200867
1746,DB1,P21,DB1_P21_C3_T02_relabeled,R,primary,wf1_timeserieswise,5,DB1,DB1,True,0.9667965173721313
1747,DB4,P14,DB4_P14_T13_relabeled,R,primary,wf1_timeserieswise,5,DB4,DB4,True,0.9999891519546509
1754,DB4,P13,DB4_P13_T04_relabeled,R,primary,wf1_timeserieswise,5,DB4,DB4,True,0.5379546284675598
1756,DB1,P41,DB1_P41_C3_T04_relabeled,L,primary,wf1_timeserieswise,5,DB1,DB1,True,0.9686750769615173
1757,DB4,P43,DB4_P43_T17_relabeled,R,primary,wf1_timeserieswise,5,DB4,DB4,True,0.9997588992118835
1775,DB3,P12,DB3_P12_A_T13,R,primary,wf1_timeserieswise,5,DB3,DB3,True,0.9650849103927612
1783,DB4,P12,DB4_P12_T05_relabeled,R,primary,wf1_timeserieswise,5,DB4,DB4,True,0.9999960660934448
1785,DB4,P13,DB4_P13_T19_relabeled,L,primary,wf1_timeserieswise,5,DB4,DB4,True,0.5127438902854919
1788,DB2,P11,DB2_P11_T04_-65_relabeled,L,primary,wf1_timeserieswise,5,DB2,DB2,True,0.9991157650947571
1790,DB4,P09,DB4_P09_T017_relabeled,R,primary,wf1_timeserieswise,5,DB4,DB4,True,0.996921956539154
1793,DB5,P21,DB5_P21_T39_r_slow_relabeled,L,primary,wf1_timeserieswise,5,DB5,DB5,True,0.9963327646255493
1806,DB4,P09,DB4_P09_T18_relabeled,R,primary,wf1_timeserieswise,5,DB4,DB4,True,0.9996447563171387
1812,DB3,P17,DB3_P17_A_T02,R,primary,wf1_timeserieswise,5,DB3,DB3,True,0.9635471701622009
1821,DB4,P12,DB4_P12_T21_relabeled,R,primary,wf1_timeserieswise,5,DB4,DB4,True,0.9999839067459106
1823,DB5,P12,DB5_P12_T12_r_comf_relabeled,L,primary,wf1_timeserieswise,5,DB5,DB5,True,0.9995143413543701
1824,DB5,P12,DB5_P12_T40_r_slow_relabeled,L,primary,wf1_timeserieswise,5,DB5,DB5,True,0.971057653427124
1827,DB1,P20,DB1_P20_C2_T03_relabeled,L,primary,wf1_timeserieswise,5,DB1,DB1,True,0.999937891960144
1832,DB4,P12,DB4_P12_T23_relabeled,R,primary,wf1_timeserieswise,5,DB4,DB4,True,0.9999865293502808
1833,DB2,P07,DB2_P07_T03_250_relabeled,L,primary,wf1_timeserieswise,5,DB2,DB2,True,0.9999934434890747
1853,DB4,P25,DB4_P25_T18_relabeled,R,primary,wf1_timeserieswise,5,DB4,DB4,True,1.0
1859,DB5,P21,DB5_P21_T06_l_comf_relabeled,L,primary,wf1_timeserieswise,5,DB5,DB5,True,0.9986770749092102
1865,DB4,P10,DB4_P10_T22_relabeled,R,primary,wf1_timeserieswise,5,DB4,DB4,True,0.999969482421875
1868,DB5,P06,DB5_P06_T03_l_comf_relabeled,L,primary,wf1_timeserieswise,5,DB5,DB5,True,0.9999985694885254
1870,DB4,P52,DB4_P52_T02_relabeled,R,primary,wf1_timeserieswise,5,DB4,DB4,True,1.0
1872,DB4,P25,DB4_P25_T14_relabeled,R,primary,wf1_timeserieswise,5,DB4,DB4,True,0.9999998807907104
1875,DB4,P14,DB4_P14_T15_relabeled,R,primary,wf1_timeserieswise,5,DB4,DB4,True,0.9999949932098389
1878,DB2,P11,DB2_P11_T05_130_relabeled,L,primary,wf1_timeserieswise,5,DB2,DB2,True,0.9994669556617737
1879,DB4,P12,DB4_P12_T14_relabeled,R,primary,wf1_timeserieswise,5,DB4,DB4,True,0.9999668598175049
1889,DB2,P11,DB2_P11_T03_-130_relabeled,L,primary,wf1_timeserieswise,5,DB2,DB2,True,0.9999368190765381
1891,DB3,P07,DB3_P07_A_T05_relabeled,L,primary,wf1_timeserieswise,5,DB3,DB3,True,0.9934499859809875
1893,DB5,P19,DB5_P19_T15_r_comf_relabeled,L,primary,wf1_timeserieswise,5,DB5,DB5,True,0.9999983310699463
1894,DB4,P43,DB4_P43_T09_relabeled,R,primary,wf1_timeserieswise,5,DB4,DB4,True,0.9999774694442749
1895,DB5,P21,DB5_P21_T36_r_slow_relabeled,L,primary,wf1_timeserieswise,5,DB5,DB5,True,0.9957064986228943
1900,DB5,P12,DB5_P12_T20_r_comf_relabeled,L,primary,wf1_timeserieswise,5,DB5,DB5,True,0.9993784427642822
