Coordinates
version=1
nRows=457
nColumns=38
inDegrees=no

Units are S.I. units (second, meters, Newtons, ...)
If the header above contains a line with 'inDegrees', this indicates whether rotational values are in degrees (yes) or radians (no).

endheader
time	pelvis_tilt	pelvis_list	pelvis_rotation	pelvis_tx	pelvis_ty	pelvis_tz	hip_flexion_r	hip_adduction_r	hip_rotation_r	knee_angle_r	ankle_angle_r	subtalar_angle_r	mtp_angle_r	hip_flexion_l	hip_adduction_l	hip_rotation_l	knee_angle_l	ankle_angle_l	subtalar_angle_l	mtp_angle_l	lumbar_extension	lumbar_bending	lumbar_rotation	arm_flex_r	arm_add_r	arm_rot_r	elbow_flex_r	pro_sup_r	wrist_flex_r	wrist_dev_r	arm_flex_l	arm_add_l	arm_rot_l	elbow_flex_l	pro_sup_l	wrist_flex_l	wrist_dev_l
0	-0.0501703	-0.032646	-1.57646	-0.0807605	1.02692	-0.0410194	-0.131727	0.120255	-0.127746	0.00821174	0.221654	0	0	0.340026	-0.159047	-0.243358	0.111399	0.0809501	0	0	-0.248555	0.0864182	-0.0680445	0.306519	-0.361818	1.11565	0.745989	0.721478	0	0	-0.096513	-0.340063	0.87083	0.607413	0.886726	0	0
0.00997812	-0.0494283	-0.0330939	-1.57942	-0.079552	1.02664	-0.0371847	-0.135654	0.117365	-0.125196	0.00967851	0.225857	0	0	0.33648	-0.158314	-0.248186	0.115978	0.07717	0	0	-0.247819	0.0843915	-0.066902	0.307451	-0.360186	1.12135	0.741764	0.716164	0	0	-0.0952611	-0.34142	0.868436	0.608044	0.885816	0	0
0.0199562	-0.0486391	-0.0335492	-1.58237	-0.0783395	1.02637	-0.0333463	-0.139574	0.11442	-0.122662	0.0111741	0.230076	0	0	0.332923	-0.157532	-0.253028	0.120514	0.0733066	0	0	-0.24709	0.0823186	-0.0657957	0.308404	-0.358524	1.12714	0.737473	0.710775	0	0	-0.0940122	-0.342792	0.866011	0.608689	0.884903	0	0
0.0299344	-0.0477303	-0.0340183	-1.5853	-0.0771169	1.0261	-0.0294993	-0.14347	0.111331	-0.120172	0.0127459	0.234334	0	0	0.32935	-0.156625	-0.2579	0.124952	0.0692397	0	0	-0.246377	0.0801276	-0.064776	0.309406	-0.356784	1.13315	0.733021	0.70521	0	0	-0.0927658	-0.344202	0.863511	0.60937	0.883988	0	0
0.0399125	-0.0466221	-0.0345038	-1.5882	-0.0758773	1.02585	-0.0256395	-0.147314	0.108007	-0.117766	0.0144476	0.238649	0	0	0.325774	-0.155511	-0.262814	0.129246	0.0648533	0	0	-0.245683	0.0777394	-0.0638961	0.310476	-0.354921	1.13952	0.728305	0.699371	0	0	-0.0915169	-0.345679	0.860892	0.610113	0.883079	0	0
0.0498906	-0.0452412	-0.0350033	-1.59104	-0.074614	1.02562	-0.0217634	-0.151075	0.10436	-0.115486	0.0163286	0.243032	0	0	0.322227	-0.154116	-0.267779	0.13338	0.0600661	0	0	-0.24501	0.0750826	-0.063203	0.31162	-0.352895	1.14634	0.723238	0.693199	0	0	-0.090256	-0.347253	0.858114	0.610944	0.882199	0	0
0.0598687	-0.0435312	-0.0355098	-1.59381	-0.0733209	1.02543	-0.017869	-0.154723	0.100328	-0.113373	0.0184252	0.247479	0	0	0.31876	-0.152385	-0.272794	0.137373	0.0548498	0	0	-0.244351	0.0721046	-0.0627311	0.31282	-0.350686	1.15364	0.717766	0.686689	0	0	-0.0889687	-0.348947	0.855148	0.611889	0.881378	0	0
0.0698468	-0.0414594	-0.0360132	-1.59648	-0.071993	1.02526	-0.0139556	-0.158233	0.0958735	-0.111464	0.0207542	0.251974	0	0	0.315432	-0.150287	-0.277843	0.141284	0.0492355	0	0	-0.2437	0.0687777	-0.0624983	0.314037	-0.348292	1.1614	0.711875	0.679889	0	0	-0.0876379	-0.350784	0.851975	0.612973	0.880662	0	0
0.0798249	-0.0390198	-0.0365021	-1.59902	-0.0706262	1.02512	-0.0100237	-0.161594	0.0909934	-0.109786	0.02331	0.256483	0	0	0.312308	-0.14782	-0.282897	0.145196	0.0433098	0	0	-0.243049	0.0651024	-0.0625047	0.315218	-0.345735	1.16954	0.70559	0.672889	0	0	-0.0862448	-0.352778	0.84858	0.614219	0.880106	0	0
0.0898031	-0.0362302	-0.0369673	-1.60141	-0.0692179	1.02501	-0.00607452	-0.164806	0.0857105	-0.108357	0.026065	0.260962	0	0	0.309441	-0.145002	-0.287915	0.149209	0.0371979	0	0	-0.242392	0.0611031	-0.0627362	0.316301	-0.34305	1.17794	0.698966	0.665789	0	0	-0.0847737	-0.354933	0.84495	0.615652	0.879769	0	0
0.0997812	-0.0331294	-0.0374037	-1.60364	-0.0677666	1.02492	-0.00211043	-0.167888	0.0800717	-0.107181	0.0289723	0.265357	0	0	0.306868	-0.141871	-0.292844	0.153416	0.0310478	0	0	-0.241727	0.056825	-0.063167	0.317233	-0.340284	1.18649	0.692074	0.658671	0	0	-0.0832145	-0.35725	0.841066	0.617293	0.87971	0	0
0.109759	-0.0297735	-0.0378106	-1.6057	-0.0662721	1.02486	0.00186572	-0.170872	0.0741423	-0.106258	0.0319692	0.269609	0	0	0.304604	-0.138476	-0.297622	0.157894	0.0250159	0	0	-0.241058	0.0523298	-0.0637614	0.317969	-0.337491	1.19505	0.685	0.651588	0	0	-0.0815615	-0.359719	0.836907	0.619163	0.879981	0	0
0.119737	-0.0262302	-0.0381917	-1.6076	-0.0647349	1.02482	0.00585049	-0.173799	0.0679993	-0.105574	0.0349825	0.273651	0	0	0.302638	-0.134874	-0.302183	0.162691	0.0192525	0	0	-0.240392	0.0476897	-0.0644763	0.318477	-0.334728	1.20355	0.67783	0.644559	0	0	-0.079813	-0.362321	0.83245	0.621276	0.880627	0	0
0.129716	-0.0225755	-0.0385537	-1.60934	-0.0631561	1.02479	0.00983999	-0.176719	0.0617267	-0.105114	0.037933	0.27741	0	0	0.300938	-0.131125	-0.306459	0.167819	0.0138949	0	0	-0.239743	0.0429843	-0.0652628	0.31874	-0.33205	1.2119	0.670646	0.637573	0	0	-0.0779686	-0.365031	0.827679	0.623636	0.881672	0	0
0.139694	-0.0188883	-0.0389051	-1.61093	-0.0615375	1.02478	0.0138299	-0.179681	0.0554102	-0.104854	0.0407414	0.28081	0	0	0.299453	-0.127289	-0.310388	0.173254	0.00906045	0	0	-0.239124	0.0382962	-0.0660673	0.318755	-0.329511	1.22004	0.663527	0.6306	0	0	-0.076026	-0.367817	0.822589	0.626237	0.883124	0	0
0.149672	-0.0152449	-0.0392545	-1.61241	-0.0598812	1.02478	0.0178158	-0.18273	0.04913	-0.104765	0.043336	0.283773	0	0	0.298118	-0.12342	-0.313921	0.178935	0.00484122	0	0	-0.238551	0.0337041	-0.066835	0.318526	-0.327161	1.22793	0.656537	0.623599	0	0	-0.0739815	-0.370642	0.817192	0.62906	0.884963	0	0
0.15965	-0.0117144	-0.0396093	-1.61381	-0.0581897	1.0248	0.0217928	-0.1859	0.0429565	-0.104816	0.0456588	0.286228	0	0	0.29686	-0.119565	-0.317029	0.184777	0.00130219	0	0	-0.238038	0.029279	-0.0675136	0.318073	-0.325035	1.23558	0.64972	0.616524	0	0	-0.0718307	-0.373464	0.811515	0.632077	0.887147	0	0
0.169628	-0.00835584	-0.039973	-1.61515	-0.056466	1.02484	0.0257563	-0.18921	0.036947	-0.104976	0.0476715	0.28811	0	0	0.295608	-0.115766	-0.319706	0.190671	-0.00151791	0	0	-0.237593	0.0250818	-0.0680574	0.317424	-0.32316	1.24298	0.643102	0.60933	0	0	-0.0695704	-0.376245	0.805596	0.635252	0.889608	0	0
0.179606	-0.00521676	-0.0403437	-1.61647	-0.0547133	1.02489	0.0297016	-0.192658	0.0311446	-0.105213	0.0493598	0.289366	0	0	0.294294	-0.112053	-0.321969	0.196503	-0.00360483	0	0	-0.23722	0.0211619	-0.0684297	0.316612	-0.321549	1.25017	0.636689	0.601983	0	0	-0.0671998	-0.378945	0.799485	0.638541	0.892266	0	0
0.189584	-0.00233307	-0.0407125	-1.6178	-0.0529349	1.02498	0.0336242	-0.196221	0.0255791	-0.105496	0.0507354	0.289955	0	0	0.292864	-0.10845	-0.323855	0.202154	-0.00496656	0	0	-0.23691	0.0175575	-0.0686059	0.315676	-0.320202	1.2572	0.630472	0.594465	0	0	-0.0647228	-0.38153	0.793241	0.641902	0.895025	0	0
0.199562	0.00027022	-0.0410628	-1.61917	-0.0511343	1.02509	0.0375198	-0.199851	0.0202676	-0.105796	0.0518371	0.289852	0	0	0.291279	-0.104978	-0.325413	0.207512	-0.00563133	0	0	-0.236647	0.014297	-0.0685745	0.314652	-0.319111	1.26412	0.62443	0.586782	0	0	-0.0621494	-0.383971	0.786923	0.645294	0.897792	0	0
0.20954	0.00257992	-0.0413723	-1.6206	-0.0493151	1.02524	0.0413848	-0.203482	0.015215	-0.106091	0.052729	0.289052	0	0	0.289516	-0.101647	-0.326704	0.212477	-0.00564677	0	0	-0.236403	0.0113967	-0.0683407	0.313575	-0.318257	1.27096	0.618535	0.578957	0	0	-0.0595026	-0.386247	0.780574	0.648687	0.900489	0	0
0.219519	0.00459262	-0.0416147	-1.62211	-0.0474811	1.02543	0.0452159	-0.207032	0.0104158	-0.106363	0.0534968	0.287565	0	0	0.287562	-0.0984617	-0.327794	0.216962	-0.00507778	0	0	-0.236148	0.00886295	-0.0679263	0.312479	-0.317612	1.27777	0.612754	0.57102	0	0	-0.0568207	-0.388349	0.774212	0.65207	0.90307	0	0
0.229497	0.00631244	-0.0417619	-1.62372	-0.0456355	1.02566	0.0490107	-0.21041	0.00585814	-0.106601	0.0542418	0.285419	0	0	0.28542	-0.0954233	-0.328741	0.220899	-0.0040041	0	0	-0.235846	0.00669438	-0.0673682	0.311394	-0.317144	1.28458	0.607059	0.563016	0	0	-0.0541551	-0.390275	0.767827	0.655448	0.905524	0	0
0.239475	0.00774885	-0.0417859	-1.6254	-0.0437819	1.02594	0.0527671	-0.213523	0.00152558	-0.106801	0.0550743	0.282658	0	0	0.283101	-0.0925278	-0.329597	0.224233	-0.00251735	0	0	-0.23546	0.00488359	-0.0667149	0.310341	-0.316821	1.29139	0.601431	0.554998	0	0	-0.0515677	-0.392035	0.761388	0.658842	0.907873	0	0
0.249453	0.00891484	-0.0416623	-1.62718	-0.0419231	1.02627	0.0564842	-0.216283	-0.00260002	-0.106963	0.0561057	0.279337	0	0	0.28062	-0.0897682	-0.330399	0.226929	-0.000717344	0	0	-0.23496	0.00341876	-0.0660225	0.309332	-0.316612	1.29818	0.595867	0.547035	0	0	-0.0491258	-0.393646	0.75485	0.662288	0.910168	0	0
0.259431	0.00982558	-0.0413719	-1.62902	-0.0400617	1.02665	0.0601613	-0.218614	-0.00653712	-0.107096	0.0574418	0.275519	0	0	0.277997	-0.0871349	-0.33117	0.228966	0.00129238	0	0	-0.234318	0.00228456	-0.0653508	0.308369	-0.316493	1.30487	0.59038	0.539202	0	0	-0.0468973	-0.395133	0.748158	0.665833	0.91248	0	0
0.269409	0.0104976	-0.0409036	-1.63092	-0.0382001	1.02707	0.0637985	-0.220456	-0.0103037	-0.107209	0.0591755	0.271276	0	0	0.27525	-0.0846165	-0.331921	0.23034	0.00340956	0	0	-0.233518	0.00146265	-0.064759	0.307449	-0.316447	1.31137	0.585	0.531584	0	0	-0.0449447	-0.396526	0.741264	0.669527	0.914888	0	0
0.279387	0.0109486	-0.0402552	-1.63285	-0.0363401	1.02753	0.0673961	-0.22177	-0.0139169	-0.107316	0.0613818	0.266681	0	0	0.272394	-0.0822	-0.332649	0.231061	0.00553832	0	0	-0.232556	0.000931643	-0.0643023	0.306559	-0.316461	1.31757	0.579771	0.524267	0	0	-0.0433204	-0.39786	0.734129	0.673415	0.91747	0	0
0.289365	0.0111965	-0.0394337	-1.6348	-0.0344835	1.02802	0.0709549	-0.222543	-0.0173924	-0.107434	0.0641138	0.261811	0	0	0.269443	-0.0798718	-0.333345	0.231152	0.00759453	0	0	-0.231439	0.000667895	-0.0640292	0.305685	-0.31653	1.32333	0.574748	0.517331	0	0	-0.0420622	-0.399171	0.726736	0.677539	0.92029	0	0
0.299344	0.0112593	-0.0384544	-1.63675	-0.0326317	1.02853	0.0744757	-0.222781	-0.0207442	-0.107577	0.0674012	0.256738	0	0	0.266405	-0.0776195	-0.333993	0.230653	0.00951035	0	0	-0.230185	0.000646106	-0.063979	0.304809	-0.316653	1.32852	0.56999	0.510845	0	0	-0.0411902	-0.400492	0.719096	0.681923	0.923389	0	0
0.309322	0.0111549	-0.0373394	-1.63867	-0.0307861	1.02906	0.0779591	-0.222512	-0.0239843	-0.107758	0.0712503	0.251533	0	0	0.263291	-0.075432	-0.334577	0.229614	0.0112376	0	0	-0.228821	0.000839706	-0.0641804	0.303916	-0.316832	1.333	0.565555	0.504864	0	0	-0.0407046	-0.401858	0.711251	0.686573	0.926784	0	0
0.3193	0.0109013	-0.0361156	-1.64056	-0.028948	1.0296	0.0814056	-0.221781	-0.0271234	-0.10799	0.0756455	0.246263	0	0	0.260107	-0.0733004	-0.335083	0.228101	0.0127497	0	0	-0.22738	0.00122118	-0.0646509	0.302994	-0.317069	1.33668	0.561494	0.499422	0	0	-0.0405855	-0.403297	0.703273	0.691473	0.930459	0	0
0.329278	0.0105166	-0.0348128	-1.6424	-0.0271184	1.03013	0.0848155	-0.220644	-0.0301711	-0.108282	0.0805529	0.240984	0	0	0.256865	-0.0712181	-0.3355	0.226188	0.0140417	0	0	-0.2259	0.00176236	-0.065397	0.302033	-0.317366	1.33947	0.557847	0.494534	0	0	-0.0407941	-0.404832	0.695267	0.696584	0.934371	0	0
0.339256	0.0100196	-0.0334616	-1.64419	-0.0252988	1.03065	0.0881889	-0.219166	-0.0331365	-0.108641	0.085924	0.235748	0	0	0.253575	-0.0691804	-0.335822	0.22396	0.0151292	0	0	-0.224419	0.00243479	-0.0664142	0.30103	-0.317721	1.34134	0.554641	0.490195	0	0	-0.0412751	-0.406479	0.687361	0.701846	0.93845	0	0
0.349234	0.00942967	-0.0320912	-1.6459	-0.0234901	1.03115	0.0915257	-0.217415	-0.0360284	-0.109071	0.0917008	0.230597	0	0	0.250253	-0.0671844	-0.336051	0.221506	0.0160451	0	0	-0.222972	0.00321005	-0.0676886	0.299983	-0.31813	1.34226	0.551886	0.486382	0	0	-0.0419604	-0.40825	0.679699	0.707178	0.942603	0	0
0.359212	0.0087666	-0.0307286	-1.64755	-0.0216934	1.03163	0.0948258	-0.215457	-0.038856	-0.109577	0.0978199	0.225563	0	0	0.246916	-0.0652281	-0.336193	0.218918	0.016836	0	0	-0.221591	0.00406021	-0.069198	0.298895	-0.318586	1.34227	0.549574	0.483059	0	0	-0.042774	-0.410148	0.672434	0.712483	0.946728	0	0
0.36919	0.00805071	-0.0293971	-1.64913	-0.0199096	1.03208	0.0980893	-0.213353	-0.041629	-0.110166	0.104217	0.220671	0	0	0.243583	-0.06331	-0.336258	0.21629	0.0175572	0	0	-0.220301	0.00495836	-0.070913	0.297769	-0.319077	1.34142	0.547687	0.480186	0	0	-0.0436364	-0.412168	0.665717	0.717655	0.950713	0	0
0.379168	0.00730183	-0.0281154	-1.65063	-0.0181391	1.03249	0.101316	-0.21116	-0.0443571	-0.110845	0.11083	0.215931	0	0	0.240275	-0.0614287	-0.33626	0.21371	0.0182682	0	0	-0.219119	0.00587961	-0.0727979	0.296608	-0.319593	1.33977	0.546192	0.477725	0	0	-0.0444671	-0.4143	0.659692	0.722584	0.954445	0	0
0.389147	0.00653857	-0.0268976	-1.65207	-0.0163823	1.03287	0.104508	-0.208925	-0.0470497	-0.111622	0.117599	0.211346	0	0	0.237014	-0.0595832	-0.336215	0.211257	0.0190285	0	0	-0.218054	0.00680205	-0.0748103	0.295408	-0.320122	1.33742	0.545054	0.475648	0	0	-0.0451867	-0.416529	0.654497	0.727155	0.957801	0	0
0.399125	0.0057788	-0.0257543	-1.65344	-0.014639	1.03322	0.107665	-0.206688	-0.0497173	-0.112513	0.124474	0.206909	0	0	0.233818	-0.0577704	-0.336135	0.209001	0.0198921	0	0	-0.217111	0.00770519	-0.0769128	0.294175	-0.32065	1.33446	0.544226	0.473907	0	0	-0.0457386	-0.418833	0.650209	0.731274	0.960723	0	0
0.409103	0.00503803	-0.0246924	-1.65474	-0.0129088	1.03353	0.110789	-0.204478	-0.0523698	-0.113537	0.131411	0.202605	0	0	0.230703	-0.0559869	-0.336033	0.206998	0.0209052	0	0	-0.216286	0.00857171	-0.0790697	0.292918	-0.321161	1.33104	0.543656	0.472446	0	0	-0.0460834	-0.421185	0.646856	0.734858	0.963189	0	0
0.419081	0.00432856	-0.023715	-1.65599	-0.0111913	1.03382	0.113881	-0.20232	-0.0550162	-0.114714	0.138375	0.198412	0	0	0.227679	-0.0542288	-0.335918	0.205288	0.0221043	0	0	-0.215571	0.00938807	-0.0812468	0.291644	-0.321639	1.32728	0.543292	0.471212	0	0	-0.0461975	-0.423556	0.644435	0.737845	0.965201	0	0
0.429059	0.00365891	-0.022822	-1.65718	-0.00948583	1.03408	0.116944	-0.200228	-0.0576636	-0.116064	0.145336	0.194299	0	0	0.224753	-0.0524929	-0.335799	0.203894	0.0235146	0	0	-0.214953	0.0101447	-0.0834108	0.290361	-0.322071	1.32334	0.543086	0.47016	0	0	-0.0460721	-0.425914	0.642908	0.740191	0.966775	0	0
0.439037	0.0030335	-0.0220112	-1.65832	-0.00779185	1.03432	0.119979	-0.198212	-0.0603178	-0.117604	0.152272	0.190233	0	0	0.221924	-0.0507766	-0.335682	0.202819	0.02515	0	0	-0.214418	0.0108356	-0.08553	0.289075	-0.322446	1.31933	0.542995	0.469259	0	0	-0.045712	-0.428231	0.642212	0.741872	0.967934	0	0
0.449015	0.00245318	-0.021278	-1.65942	-0.00610903	1.03454	0.12299	-0.196275	-0.062983	-0.119348	0.159167	0.18618	0	0	0.219186	-0.0490776	-0.335572	0.202052	0.027014	0	0	-0.213949	0.0114584	-0.0875748	0.287791	-0.322756	1.31539	0.542985	0.468488	0	0	-0.0451346	-0.430477	0.642259	0.742886	0.968712	0	0
0.458993	0.00191601	-0.0206162	-1.66049	-0.00443716	1.03475	0.125977	-0.194415	-0.065663	-0.121304	0.166014	0.182106	0	0	0.216527	-0.0473936	-0.335475	0.201564	0.0291004	0	0	-0.213529	0.0120126	-0.0895185	0.286515	-0.322998	1.3116	0.543031	0.467841	0	0	-0.0443678	-0.432626	0.642944	0.74325	0.969142	0	0
0.468972	0.0014175	-0.0200189	-1.66154	-0.00277624	1.03495	0.128942	-0.192624	-0.0683602	-0.123468	0.172809	0.177979	0	0	0.213928	-0.0457229	-0.335396	0.201311	0.0313949	0	0	-0.213143	0.0125003	-0.0913381	0.285253	-0.323169	1.30806	0.543112	0.467318	0	0	-0.0434472	-0.434656	0.644155	0.742998	0.969258	0	0
0.47895	0.000951343	-0.0194783	-1.66258	-0.00112653	1.03515	0.131885	-0.190893	-0.0710759	-0.125826	0.179554	0.173774	0	0	0.211371	-0.0440642	-0.335344	0.201242	0.0338758	0	0	-0.212777	0.0129253	-0.0930156	0.284012	-0.323268	1.30485	0.543215	0.466929	0	0	-0.0424154	-0.436548	0.64577	0.742178	0.969092	0	0
0.488928	0.000510561	-0.018987	-1.66363	0.000511367	1.03534	0.134809	-0.189209	-0.0738106	-0.128347	0.186252	0.169473	0	0	0.208829	-0.0424164	-0.33533	0.201296	0.0365162	0	0	-0.212421	0.013292	-0.0945385	0.282806	-0.323294	1.30205	0.543327	0.466683	0	0	-0.0413196	-0.438289	0.647671	0.74085	0.968671	0	0
0.498906	8.84566e-05	-0.0185382	-1.6647	0.00213653	1.03553	0.137711	-0.187558	-0.0765647	-0.130991	0.192914	0.165064	0	0	0.206277	-0.0407784	-0.335367	0.201407	0.039286	0	0	-0.212066	0.0136049	-0.0959007	0.281647	-0.323245	1.29972	0.543439	0.466591	0	0	-0.0402098	-0.439868	0.649741	0.739083	0.968019	0	0
0.508884	-0.000320587	-0.0181258	-1.66579	0.00374775	1.03572	0.140593	-0.185921	-0.079339	-0.133711	0.199555	0.160543	0	0	0.203688	-0.0391484	-0.335473	0.201511	0.0421527	0	0	-0.211707	0.0138679	-0.0971029	0.280554	-0.323118	1.29792	0.543542	0.466658	0	0	-0.0391373	-0.441282	0.651874	0.73695	0.967155	0	0
0.518862	-0.000720598	-0.0177448	-1.66691	0.00534359	1.03591	0.143453	-0.184276	-0.082135	-0.13645	0.206199	0.155914	0	0	0.201039	-0.0375244	-0.335664	0.201546	0.0450837	0	0	-0.21134	0.0140843	-0.0981521	0.279544	-0.322911	1.29668	0.543632	0.466884	0	0	-0.0381523	-0.44253	0.653973	0.734525	0.9661	0	0
0.52884	-0.00111379	-0.0173906	-1.66808	0.00692254	1.0361	0.146289	-0.182598	-0.0849551	-0.139156	0.212876	0.151186	0	0	0.198308	-0.0359038	-0.335959	0.201456	0.0480476	0	0	-0.210966	0.0142566	-0.0990619	0.278638	-0.32262	1.29603	0.543704	0.467264	0	0	-0.0373021	-0.443614	0.65596	0.73188	0.964871	0	0
0.538818	-0.00150058	-0.0170592	-1.6693	0.00848312	1.03629	0.149101	-0.180859	-0.0878025	-0.14178	0.219624	0.146373	0	0	0.195477	-0.0342838	-0.336372	0.201196	0.0510148	0	0	-0.210585	0.0143865	-0.0998515	0.277852	-0.322242	1.29597	0.543756	0.467788	0	0	-0.0366292	-0.44454	0.657773	0.729081	0.963489	0	0
0.548796	-0.00187983	-0.0167468	-1.67056	0.0100241	1.03649	0.151888	-0.179023	-0.0906818	-0.144282	0.226491	0.141489	0	0	0.192536	-0.0326609	-0.336916	0.200728	0.0539591	0	0	-0.210197	0.0144755	-0.100545	0.2772	-0.321776	1.29647	0.543793	0.468446	0	0	-0.0361697	-0.445315	0.659369	0.726187	0.961979	0	0
0.558775	-0.00224923	-0.0164493	-1.67188	0.0115445	1.03668	0.154646	-0.177055	-0.0935987	-0.146638	0.233529	0.136548	0	0	0.18948	-0.0310316	-0.337596	0.200029	0.0568581	0	0	-0.209804	0.0145249	-0.101168	0.276692	-0.321222	1.2975	0.543819	0.469226	0	0	-0.035952	-0.445947	0.660726	0.723248	0.960369	0	0
0.568753	-0.00260572	-0.0161622	-1.67324	0.013044	1.03687	0.157376	-0.174915	-0.0965603	-0.14884	0.240798	0.131562	0	0	0.186312	-0.0293922	-0.338414	0.199085	0.0596942	0	0	-0.209408	0.0145356	-0.101751	0.276331	-0.320584	1.29897	0.543848	0.470119	0	0	-0.0359951	-0.446444	0.661837	0.720304	0.958694	0	0
0.578731	-0.00294603	-0.0158808	-1.67464	0.0145228	1.03706	0.160076	-0.172561	-0.0995749	-0.150901	0.24836	0.126533	0	0	0.183038	-0.0277387	-0.339362	0.197892	0.062454	0	0	-0.209007	0.014508	-0.102321	0.276113	-0.319869	1.30079	0.543896	0.471122	0	0	-0.0363082	-0.446816	0.662714	0.717386	0.956994	0	0
0.588709	-0.00326712	-0.0156007	-1.67606	0.0159819	1.03725	0.162744	-0.169953	-0.102652	-0.152851	0.256278	0.121459	0	0	0.17967	-0.0260666	-0.340423	0.196456	0.0651293	0	0	-0.208604	0.0144416	-0.102903	0.276025	-0.319088	1.30285	0.543986	0.472238	0	0	-0.0368899	-0.447071	0.663382	0.714517	0.955313	0	0
0.598687	-0.00356657	-0.0153179	-1.67748	0.017423	1.03743	0.165381	-0.167053	-0.105803	-0.154738	0.264615	0.116324	0	0	0.176222	-0.0243714	-0.341576	0.194789	0.0677161	0	0	-0.208199	0.014334	-0.103517	0.276046	-0.318257	1.305	0.544145	0.473479	0	0	-0.0377279	-0.447219	0.663874	0.711716	0.9537	0	0
0.608665	-0.00384298	-0.0150299	-1.6789	0.0188484	1.03761	0.167985	-0.163827	-0.10904	-0.156624	0.273426	0.111104	0	0	0.172707	-0.022648	-0.34279	0.192906	0.0702138	0	0	-0.207797	0.0141803	-0.104172	0.276145	-0.317396	1.30708	0.544404	0.474865	0	0	-0.0387994	-0.447271	0.664231	0.709	0.952206	0	0
0.618643	-0.00409612	-0.0147373	-1.68028	0.0202611	1.03778	0.170556	-0.16025	-0.112376	-0.158577	0.282759	0.105763	0	0	0.169137	-0.0208913	-0.344031	0.190825	0.0726251	0	0	-0.207404	0.0139718	-0.104869	0.276281	-0.316529	1.30894	0.544798	0.476425	0	0	-0.0400711	-0.44724	0.664494	0.706386	0.950882	0	0
0.628621	-0.00432702	-0.0144445	-1.68161	0.0216644	1.03795	0.173093	-0.156308	-0.115823	-0.160666	0.292653	0.100254	0	0	0.165519	-0.0190953	-0.345264	0.18856	0.0749541	0	0	-0.207034	0.0136952	-0.105594	0.276407	-0.315683	1.3104	0.545366	0.478197	0	0	-0.0415004	-0.44714	0.664702	0.703899	0.949779	0	0
0.6386	-0.00453796	-0.0141614	-1.68287	0.0230621	1.0381	0.175598	-0.151998	-0.119393	-0.162955	0.303134	0.0945239	0	0	0.161849	-0.0172541	-0.346448	0.186125	0.0772058	0	0	-0.206705	0.0133317	-0.10632	0.276463	-0.314889	1.31127	0.546148	0.480226	0	0	-0.0430365	-0.446992	0.66489	0.701569	0.948947	0	0
0.648578	-0.00473164	-0.0139048	-1.68405	0.0244578	1.03825	0.178069	-0.14733	-0.123098	-0.165494	0.314214	0.0885122	0	0	0.158117	-0.0153605	-0.34755	0.183529	0.0793847	0	0	-0.206444	0.012856	-0.107006	0.276387	-0.31418	1.31137	0.547188	0.482562	0	0	-0.044623	-0.446819	0.665083	0.699437	0.948433	0	0
0.658556	-0.00491041	-0.0136985	-1.68512	0.0258545	1.03838	0.180507	-0.142329	-0.126952	-0.168315	0.325898	0.0821565	0	0	0.154299	-0.013406	-0.348534	0.180774	0.0814943	0	0	-0.206289	0.0122365	-0.107597	0.276111	-0.313589	1.31053	0.548529	0.48526	0	0	-0.0462002	-0.446648	0.665296	0.697555	0.948284	0	0
0.668534	-0.00507538	-0.0135734	-1.68607	0.0272549	1.03851	0.182912	-0.13703	-0.130963	-0.171426	0.338178	0.0753958	0	0	0.150362	-0.0113807	-0.349373	0.177856	0.0835359	0	0	-0.206282	0.0114362	-0.108034	0.275569	-0.313146	1.30857	0.550213	0.488381	0	0	-0.0477095	-0.446511	0.665533	0.695981	0.948545	0	0
0.678512	-0.00522507	-0.0135672	-1.6869	0.0286602	1.03863	0.185284	-0.131479	-0.135143	-0.174806	0.351041	0.068175	0	0	0.146264	-0.00927201	-0.350047	0.174766	0.0855082	0	0	-0.206475	0.0104154	-0.108258	0.2747	-0.312879	1.30536	0.552279	0.491982	0	0	-0.0490989	-0.446444	0.665788	0.694781	0.949256	0	0
0.68849	-0.00535384	-0.0137236	-1.68761	0.0300696	1.03874	0.187622	-0.125728	-0.139499	-0.178408	0.36447	0.0604493	0	0	0.14195	-0.00706488	-0.350539	0.171489	0.0874067	0	0	-0.206921	0.00913564	-0.108223	0.273459	-0.312804	1.3008	0.554759	0.496114	0	0	-0.0503304	-0.446481	0.666039	0.694016	0.950453	0	0
0.698468	-0.00544995	-0.0140906	-1.68818	0.0314803	1.03884	0.189924	-0.119835	-0.144041	-0.182154	0.378444	0.0521893	0	0	0.137365	-0.00474025	-0.350841	0.168007	0.0892232	0	0	-0.207681	0.0075656	-0.107919	0.271831	-0.312924	1.29484	0.557672	0.500813	0	0	-0.0513898	-0.446656	0.666251	0.69374	0.952155	0	0
0.708446	-0.00549323	-0.0147187	-1.68864	0.032886	1.03894	0.192189	-0.113858	-0.148775	-0.185942	0.392948	0.0433851	0	0	0.132446	-0.00227419	-0.350951	0.164298	0.0909453	0	0	-0.208809	0.00568989	-0.107389	0.269853	-0.313221	1.28754	0.561012	0.506081	0	0	-0.0523002	-0.446994	0.666368	0.693986	0.954354	0	0
0.718425	-0.00544987	-0.0156568	-1.68896	0.0342768	1.03903	0.194415	-0.107848	-0.153716	-0.18966	0.407974	0.0340481	0	0	0.127137	0.000366791	-0.350867	0.160342	0.0925553	0	0	-0.210356	0.00351725	-0.10677	0.267628	-0.313639	1.27911	0.564742	0.511883	0	0	-0.0531386	-0.447512	0.666311	0.694755	0.956988	0	0
0.728403	-0.00528253	-0.0169372	-1.68915	0.0356411	1.03912	0.196598	-0.101831	-0.158872	-0.193184	0.423523	0.0242091	0	0	0.121399	0.00321586	-0.350589	0.156113	0.0940316	0	0	-0.212342	0.00107947	-0.106238	0.265307	-0.314109	1.26988	0.568787	0.518127	0	0	-0.0540049	-0.448206	0.666016	0.696003	0.959947	0	0
0.738381	-0.00495788	-0.018566	-1.68923	0.0369676	1.03921	0.198735	-0.0958048	-0.164242	-0.196387	0.4396	0.0139165	0	0	0.115219	0.00629908	-0.350116	0.151587	0.0953507	0	0	-0.214749	-0.0015728	-0.105969	0.263046	-0.314557	1.26022	0.573049	0.524661	0	0	-0.0549857	-0.449054	0.665479	0.697635	0.963077	0	0
0.748359	-0.00445321	-0.0205196	-1.68919	0.0382469	1.0393	0.200828	-0.089732	-0.169811	-0.199142	0.456211	0.00323704	0	0	0.108612	0.0096298	-0.349448	0.14674	0.0964886	0	0	-0.217519	-0.00437495	-0.106092	0.260974	-0.314926	1.25051	0.577425	0.531302	0	0	-0.0561255	-0.450015	0.664785	0.699505	0.966192	0	0
0.758337	-0.00376128	-0.0227453	-1.68907	0.0394726	1.03939	0.202875	-0.0835451	-0.175545	-0.201327	0.473359	-0.00774059	0	0	0.101624	0.0132048	-0.348587	0.141551	0.0974233	0	0	-0.220552	-0.00725484	-0.106667	0.25917	-0.315188	1.24106	0.581821	0.537857	0	0	-0.0574111	-0.451032	0.664115	0.701425	0.969088	0	0
0.768315	-0.00289274	-0.0251689	-1.68889	0.0406418	1.03948	0.204879	-0.0771562	-0.181392	-0.202834	0.491041	-0.018901	0	0	0.0943205	0.0170027	-0.347531	0.136004	0.0981372	0	0	-0.223727	-0.0101423	-0.107671	0.257654	-0.315344	1.23207	0.586164	0.544139	0	0	-0.0587707	-0.45204	0.663722	0.70319	0.971566	0	0
0.778293	-0.00187441	-0.0277044	-1.68869	0.0417552	1.03956	0.206843	-0.0704683	-0.187288	-0.203583	0.509247	-0.0300934	0	0	0.0867817	0.0209886	-0.346276	0.130086	0.0986161	0	0	-0.226917	-0.012979	-0.109004	0.256376	-0.315428	1.22361	0.590418	0.55005	0	0	-0.060086	-0.452976	0.663879	0.704609	0.973486	0	0
0.788271	-0.000747801	-0.0302638	-1.68849	0.0428164	1.03964	0.208771	-0.0633881	-0.193156	-0.203525	0.527953	-0.0411288	0	0	0.0790912	0.0251137	-0.344813	0.123797	0.0988533	0	0	-0.230008	-0.0157226	-0.110505	0.255235	-0.315498	1.21562	0.594579	0.55555	0	0	-0.0612128	-0.453784	0.664839	0.705527	0.974766	0	0
0.798249	0.000434839	-0.0327643	-1.68832	0.0438312	1.03971	0.210667	-0.0558352	-0.198915	-0.202645	0.54712	-0.0517763	0	0	0.0713325	0.0293192	-0.343136	0.117148	0.0988499	0	0	-0.232905	-0.0183468	-0.11198	0.254104	-0.315624	1.20797	0.598667	0.56063	0	0	-0.0620054	-0.45442	0.666797	0.705844	0.975392	0	0
0.808228	0.00161469	-0.0351326	-1.68822	0.0448065	1.03977	0.212535	-0.0477479	-0.20448	-0.200968	0.566689	-0.0617649	0	0	0.0635858	0.0335401	-0.34124	0.110167	0.0986144	0	0	-0.23554	-0.0208389	-0.11323	0.252849	-0.315876	1.2005	0.602714	0.565302	0	0	-0.0623377	-0.454856	0.669858	0.705517	0.975412	0	0
0.818206	0.00274686	-0.0373243	-1.68819	0.0457469	1.03981	0.214378	-0.0391012	-0.209785	-0.198565	0.586587	-0.0707803	0	0	0.0559141	0.0377226	-0.339114	0.102898	0.0981609	0	0	-0.237888	-0.0231909	-0.11414	0.251389	-0.3163	1.19308	0.606751	0.569589	0	0	-0.0621552	-0.455079	0.674004	0.704561	0.974897	0	0
0.828184	0.00379699	-0.0393158	-1.68823	0.0466548	1.03985	0.216196	-0.0299001	-0.214778	-0.19555	0.606721	-0.0784798	0	0	0.0483701	0.0418209	-0.336751	0.0954063	0.0975087	0	0	-0.239954	-0.0253955	-0.114665	0.249692	-0.316915	1.18565	0.610793	0.5735	0	0	-0.0614631	-0.455088	0.679112	0.703033	0.97393	0	0
0.838162	0.00473835	-0.0410974	-1.68832	0.0475314	1.03987	0.21799	-0.0201735	-0.219416	-0.192066	0.626969	-0.0845112	0	0	0.0410012	0.0457941	-0.334143	0.0877706	0.0966821	0	0	-0.241761	-0.0274437	-0.114808	0.247761	-0.317724	1.17819	0.614846	0.577036	0	0	-0.0603083	-0.454891	0.684992	0.70102	0.972601	0	0
0.84814	0.00554973	-0.0426681	-1.68845	0.0483773	1.03989	0.219758	-0.00996845	-0.223667	-0.18828	0.647181	-0.0885346	0	0	0.033853	0.0496043	-0.331291	0.0800836	0.0957114	0	0	-0.24334	-0.0293235	-0.114609	0.245617	-0.318717	1.17073	0.618904	0.580193	0	0	-0.0587643	-0.4545	0.691418	0.698623	0.970998	0	0
0.858118	0.00621424	-0.0440321	-1.68857	0.0491929	1.03989	0.221501	0.000654628	-0.227504	-0.184371	0.667178	-0.090246	0	0	0.026971	0.0532157	-0.328201	0.0724471	0.0946321	0	0	-0.244725	-0.0310207	-0.114125	0.243297	-0.319878	1.16328	0.622954	0.582969	0	0	-0.0569187	-0.453931	0.698154	0.695954	0.969205	0	0
0.868096	0.00671879	-0.0451966	-1.68866	0.0499784	1.03988	0.223218	0.0116262	-0.230906	-0.18052	0.686753	-0.0894007	0	0	0.0203999	0.0565945	-0.324889	0.0649688	0.0934847	0	0	-0.245952	-0.0325195	-0.113423	0.240839	-0.321187	1.15587	0.626975	0.58537	0	0	-0.0548637	-0.4532	0.704965	0.693123	0.967298	0	0
0.878074	0.00705409	-0.0461703	-1.68869	0.0507336	1.03985	0.224909	0.0228711	-0.233858	-0.176902	0.705676	-0.0858349	0	0	0.0141827	0.0597102	-0.321383	0.0577562	0.0923137	0	0	-0.247052	-0.033805	-0.112569	0.238285	-0.322619	1.14855	0.630939	0.587417	0	0	-0.0526889	-0.452326	0.711639	0.690238	0.965343	0	0
0.888053	0.00721493	-0.046963	-1.68865	0.0514583	1.03982	0.226574	0.034312	-0.236351	-0.173678	0.7237	-0.0794825	0	0	0.00835846	0.0625364	-0.317719	0.0509115	0.0911659	0	0	-0.248053	-0.0348651	-0.111627	0.235675	-0.324149	1.14136	0.634814	0.58914	0	0	-0.0504762	-0.451331	0.717993	0.6874	0.9634	0	0
0.898031	0.00720043	-0.0475851	-1.68851	0.052152	1.03979	0.228213	0.0458719	-0.238379	-0.170988	0.740572	-0.0703859	0	0	0.0029603	0.065052	-0.313942	0.0445274	0.0900896	0	0	-0.248983	-0.0356921	-0.110654	0.233051	-0.325747	1.13434	0.638557	0.590577	0	0	-0.0482991	-0.450237	0.723874	0.684701	0.961517	0	0
0.908009	0.00701425	-0.0480482	-1.68826	0.0528135	1.03974	0.229825	0.057477	-0.239941	-0.168947	0.756037	-0.0586998	0	0	-0.00198713	0.0672425	-0.310103	0.0386818	0.0891325	0	0	-0.249861	-0.0362842	-0.109696	0.230456	-0.327383	1.12756	0.642119	0.591768	0	0	-0.0462211	-0.449069	0.729164	0.682222	0.959743	0	0
0.917987	0.00666451	-0.0483644	-1.68789	0.0534413	1.0397	0.231411	0.069058	-0.241041	-0.167638	0.769851	-0.044686	0	0	-0.00646967	0.0691006	-0.306258	0.0334333	0.0883395	0	0	-0.250709	-0.0366467	-0.108794	0.227935	-0.329022	1.12109	0.645447	0.592749	0	0	-0.0442948	-0.447853	0.733776	0.680032	0.958117	0	0
0.927965	0.00616343	-0.0485467	-1.68743	0.0540329	1.03964	0.232972	0.0805525	-0.241686	-0.167117	0.781788	-0.0287005	0	0	-0.010485	0.0706266	-0.302461	0.0288184	0.0877507	0	0	-0.251541	-0.0367916	-0.107975	0.225533	-0.33063	1.11504	0.648481	0.593551	0	0	-0.0425621	-0.446616	0.737654	0.678191	0.956676	0	0
0.937943	0.00552665	-0.0486089	-1.68689	0.0545857	1.03959	0.234506	0.0919055	-0.241884	-0.167407	0.791646	-0.0111741	0	0	-0.0140433	0.0718285	-0.298768	0.0248501	0.0873996	0	0	-0.252373	-0.0367375	-0.107258	0.223297	-0.332169	1.1095	0.651162	0.594193	0	0	-0.0410541	-0.445384	0.740774	0.676741	0.955447	0	0
0.947921	0.00477244	-0.0485648	-1.68628	0.0550962	1.03954	0.236016	0.103071	-0.241645	-0.168502	0.799261	0.00741283	0	0	-0.0171668	0.0727214	-0.295226	0.0215168	0.0873113	0	0	-0.253217	-0.0365081	-0.106652	0.221269	-0.333607	1.10458	0.653437	0.594685	0	0	-0.03979	-0.444183	0.743139	0.675712	0.954454	0	0
0.957899	0.00392063	-0.048428	-1.68565	0.0555609	1.0395	0.2375	0.114012	-0.240979	-0.170371	0.804502	0.0265578	0	0	-0.0198888	0.073326	-0.291875	0.0187847	0.0875018	0	0	-0.254081	-0.0361313	-0.106155	0.219487	-0.334913	1.10037	0.655259	0.59503	0	0	-0.0387776	-0.443039	0.744779	0.67512	0.953706	0	0
0.967877	0.00299167	-0.0482113	-1.68503	0.0559763	1.03945	0.23896	0.1247	-0.239896	-0.17296	0.807281	0.0457633	0	0	-0.0222504	0.0736683	-0.28875	0.0166014	0.0879782	0	0	-0.254973	-0.0356366	-0.105757	0.217981	-0.33606	1.09695	0.656592	0.595221	0	0	-0.0380143	-0.441971	0.745747	0.674963	0.953204	0	0
0.977856	0.00200571	-0.047926	-1.68446	0.0563391	1.03941	0.240396	0.135117	-0.238403	-0.176196	0.807551	0.0645615	0	0	-0.024298	0.0737772	-0.285873	0.0149009	0.0887388	0	0	-0.255896	-0.035054	-0.105443	0.21677	-0.337031	1.09438	0.657417	0.595243	0	0	-0.0374888	-0.440997	0.746111	0.67523	0.952944	0	0
0.987834	0.000981859	-0.0475814	-1.68397	0.0566465	1.03938	0.24181	0.145253	-0.236507	-0.179991	0.805307	0.0825349	0	0	-0.0260797	0.0736836	-0.283262	0.0136095	0.0897745	0	0	-0.256852	-0.034412	-0.105193	0.215864	-0.337811	1.0927	0.657729	0.595078	0	0	-0.0371819	-0.440131	0.745954	0.675892	0.952911	0	0
0.997812	-6.2291e-05	-0.0471846	-1.6836	0.0568964	1.03936	0.243203	0.155105	-0.234214	-0.184247	0.800578	0.099331	0	0	-0.0276413	0.0734189	-0.280925	0.0126525	0.0910703	0	0	-0.257836	-0.0337363	-0.104987	0.215263	-0.338398	1.09191	0.65754	0.594704	0	0	-0.0370682	-0.439379	0.745365	0.67691	0.953084	0	0
1.00779	-0.00111096	-0.0467403	-1.68337	0.0570878	1.03934	0.244577	0.164675	-0.23153	-0.188861	0.793432	0.114671	0	0	-0.0290238	0.073014	-0.278866	0.01196	0.0926064	0	0	-0.258844	-0.0330483	-0.104804	0.214954	-0.338794	1.09198	0.656878	0.594102	0	0	-0.0371172	-0.438747	0.74444	0.678235	0.953437	0	0
1.01777	-0.00215019	-0.0462506	-1.68331	0.0572209	1.03932	0.245935	0.173971	-0.22846	-0.193724	0.783964	0.12835	0	0	-0.0302602	0.072498	-0.277081	0.0114725	0.0943606	0	0	-0.259867	-0.0323652	-0.104627	0.214913	-0.339009	1.09286	0.655788	0.593255	0	0	-0.0372949	-0.438233	0.743278	0.679809	0.953938	0	0
1.02775	-0.00316762	-0.0457158	-1.68342	0.0572972	1.03931	0.24728	0.183006	-0.225011	-0.198729	0.772292	0.14024	0	0	-0.0313739	0.0718983	-0.275563	0.0111452	0.0963091	0	0	-0.260892	-0.0316989	-0.104448	0.215109	-0.339059	1.09448	0.654328	0.592158	0	0	-0.0375652	-0.437834	0.741975	0.681568	0.954552	0	0
1.03772	-0.00415215	-0.0451345	-1.6837	0.0573191	1.0393	0.248614	0.191792	-0.221193	-0.203771	0.758555	0.150277	0	0	-0.0323785	0.0712393	-0.274301	0.0109504	0.0984287	0	0	-0.261906	-0.0310569	-0.104261	0.215503	-0.338965	1.09674	0.652562	0.59081	0	0	-0.0378915	-0.437542	0.740628	0.683444	0.95524	0	0
1.0477	-0.00509355	-0.0445046	-1.68414	0.0572904	1.03929	0.249942	0.200342	-0.217022	-0.208749	0.742906	0.158455	0	0	-0.0332773	0.070543	-0.27328	0.0108782	0.100697	0	0	-0.262897	-0.0304425	-0.104074	0.216053	-0.338752	1.09954	0.650565	0.589222	0	0	-0.0382385	-0.437349	0.739322	0.685369	0.955962	0	0
1.05768	-0.00598211	-0.043824	-1.68472	0.057216	1.03928	0.251267	0.208669	-0.212516	-0.21357	0.725505	0.164817	0	0	-0.0340656	0.0698285	-0.272483	0.0109357	0.103095	0	0	-0.263848	-0.0298556	-0.103899	0.216715	-0.338443	1.10275	0.64841	0.587413	0	0	-0.0385732	-0.437247	0.738139	0.687278	0.956679	0	0
1.06766	-0.00680841	-0.0430913	-1.6854	0.0571012	1.03927	0.252594	0.216781	-0.207701	-0.218148	0.706516	0.169443	0	0	-0.0347327	0.0691119	-0.271889	0.0111439	0.105604	0	0	-0.26475	-0.0292937	-0.103759	0.217443	-0.338065	1.10627	0.646171	0.585414	0	0	-0.038866	-0.437227	0.737147	0.689113	0.957353	0	0
1.07764	-0.0075632	-0.0423066	-1.68615	0.0569521	1.03925	0.253927	0.224685	-0.202608	-0.222407	0.686103	0.172445	0	0	-0.0352642	0.0684072	-0.271478	0.011534	0.108209	0	0	-0.265589	-0.0287528	-0.10368	0.218194	-0.337641	1.10997	0.643916	0.583261	0	0	-0.0390924	-0.437281	0.736399	0.690822	0.957952	0	0
1.08761	-0.00823747	-0.0414722	-1.68692	0.0567747	1.03922	0.255271	0.232381	-0.197276	-0.226284	0.664427	0.173953	0	0	-0.0356461	0.0677254	-0.271226	0.012142	0.110896	0	0	-0.26636	-0.0282277	-0.103696	0.218931	-0.337191	1.11377	0.641704	0.580994	0	0	-0.0392341	-0.437405	0.735935	0.692367	0.958453	0	0
1.09759	-0.00882277	-0.0405927	-1.68767	0.0565748	1.03918	0.25663	0.239864	-0.191746	-0.229724	0.64164	0.174116	0	0	-0.0358673	0.0670756	-0.271108	0.0130038	0.113653	0	0	-0.267056	-0.0277136	-0.103841	0.219618	-0.336731	1.11757	0.639584	0.578655	0	0	-0.03928	-0.437595	0.735771	0.693723	0.958842	0	0
1.10757	-0.00931164	-0.0396755	-1.68835	0.0563581	1.03912	0.258009	0.247126	-0.186065	-0.232682	0.617888	0.173088	0	0	-0.0359229	0.0664647	-0.271097	0.0141491	0.116468	0	0	-0.267677	-0.0272056	-0.104147	0.220227	-0.336275	1.1213	0.637593	0.576287	0	0	-0.0392258	-0.43785	0.735907	0.694876	0.959118	0	0
1.11755	-0.00969832	-0.0387302	-1.6889	0.0561292	1.03906	0.259412	0.254149	-0.180278	-0.235124	0.593302	0.171031	0	0	-0.0358164	0.0658971	-0.271167	0.0155973	0.11933	0	0	-0.268223	-0.0266992	-0.104644	0.220731	-0.33583	1.1249	0.635757	0.573934	0	0	-0.0390732	-0.438173	0.736323	0.695829	0.959292	0	0
1.12753	-0.00997867	-0.0377689	-1.6893	0.055892	1.03898	0.260844	0.260914	-0.174432	-0.237021	0.568005	0.168104	0	0	-0.0355617	0.0653766	-0.271287	0.0173525	0.122226	0	0	-0.268699	-0.0261907	-0.105351	0.221105	-0.335402	1.12832	0.634094	0.57165	0	0	-0.038829	-0.438565	0.736984	0.696598	0.959389	0	0
1.13751	-0.0101508	-0.0368052	-1.6895	0.0556497	1.03888	0.26231	0.267396	-0.168571	-0.238347	0.542104	0.164463	0	0	-0.0351843	0.0649055	-0.271428	0.0194009	0.125139	0	0	-0.269112	-0.0256773	-0.10628	0.221321	-0.334996	1.13149	0.632615	0.569499	0	0	-0.0385035	-0.43903	0.737839	0.69721	0.959446	0	0
1.14748	-0.0102156	-0.0358541	-1.68948	0.0554042	1.03877	0.263814	0.273569	-0.162734	-0.239081	0.515702	0.160255	0	0	-0.0347208	0.0644855	-0.271557	0.0217096	0.128053	0	0	-0.26947	-0.0251564	-0.107428	0.22135	-0.334617	1.13434	0.631326	0.567563	0	0	-0.0381085	-0.439573	0.738831	0.6977	0.959511	0	0
1.15746	-0.0101772	-0.0349299	-1.68921	0.0551566	1.03866	0.265362	0.279406	-0.156956	-0.2392	0.488888	0.15561	0	0	-0.0342149	0.0641155	-0.271646	0.0242316	0.130952	0	0	-0.269781	-0.0246243	-0.108789	0.221174	-0.334263	1.13687	0.630216	0.565862	0	0	-0.0376604	-0.440197	0.739893	0.698112	0.959623	0	0
1.16744	-0.0100425	-0.0340462	-1.6887	0.0549068	1.03852	0.266958	0.284878	-0.151262	-0.238687	0.461747	0.150642	0	0	-0.0337174	0.0637943	-0.271663	0.0269048	0.133821	0	0	-0.27005	-0.0240775	-0.110347	0.220785	-0.33393	1.13906	0.629265	0.564383	0	0	-0.0371773	-0.440906	0.740959	0.698488	0.95982	0	0
1.17742	-0.00982054	-0.0332155	-1.68792	0.0546543	1.03838	0.268608	0.289962	-0.145676	-0.237525	0.434367	0.145445	0	0	-0.0332844	0.0635205	-0.271579	0.0296544	0.136644	0	0	-0.270282	-0.0235125	-0.112079	0.220173	-0.333614	1.14094	0.628447	0.563095	0	0	-0.0366771	-0.441702	0.741963	0.698873	0.960136	0	0
1.1874	-0.00952166	-0.0324488	-1.6869	0.0543977	1.03824	0.270316	0.294641	-0.140215	-0.235704	0.406836	0.140096	0	0	-0.0329746	0.063293	-0.271361	0.0323974	0.139409	0	0	-0.27048	-0.022926	-0.113954	0.219333	-0.333313	1.14252	0.627736	0.56196	0	0	-0.0361748	-0.442583	0.742844	0.699309	0.960597	0	0
1.19737	-0.00915725	-0.0317552	-1.68562	0.0541354	1.03808	0.272087	0.298904	-0.134895	-0.233222	0.379256	0.134652	0	0	-0.0328458	0.0631118	-0.270979	0.0350476	0.142104	0	0	-0.270648	-0.0223151	-0.115936	0.21826	-0.333023	1.14383	0.627103	0.56094	0	0	-0.0356815	-0.443547	0.743554	0.699832	0.961227	0	0
1.20735	-0.00873863	-0.0311415	-1.68412	0.0538653	1.03792	0.273925	0.302749	-0.129731	-0.230096	0.351741	0.129157	0	0	-0.0329521	0.0629773	-0.270404	0.0375209	0.144721	0	0	-0.270788	-0.0216774	-0.117985	0.216951	-0.332742	1.14489	0.626522	0.559998	0	0	-0.0352033	-0.444589	0.744054	0.70047	0.962034	0	0
1.21733	-0.00827621	-0.0306114	-1.68242	0.0535854	1.03775	0.275834	0.30619	-0.124738	-0.226365	0.324427	0.123641	0	0	-0.0333404	0.0628914	-0.269609	0.0397406	0.147256	0	0	-0.270899	-0.0210117	-0.120057	0.215407	-0.332471	1.14572	0.625966	0.559105	0	0	-0.0347409	-0.445699	0.74432	0.701242	0.963016	0	0
1.22731	-0.00777872	-0.0301656	-1.68052	0.0532937	1.03757	0.277817	0.309253	-0.119937	-0.2221	0.29747	0.118131	0	0	-0.0340468	0.0628566	-0.268573	0.041642	0.149709	0	0	-0.270982	-0.0203177	-0.122112	0.213631	-0.332207	1.14636	0.625411	0.558233	0	0	-0.0342896	-0.446867	0.744343	0.702157	0.964157	0	0
1.23729	-0.00725267	-0.0298009	-1.67846	0.0529886	1.03739	0.279876	0.311981	-0.115349	-0.217404	0.271051	0.11265	0	0	-0.0350952	0.0628763	-0.267279	0.0431762	0.152081	0	0	-0.271034	-0.0195967	-0.124109	0.211633	-0.331953	1.14684	0.624832	0.557363	0	0	-0.033839	-0.448079	0.744128	0.703212	0.965424	0	0
1.24726	-0.00670295	-0.0295108	-1.67627	0.0526685	1.03721	0.282012	0.31443	-0.111001	-0.21242	0.245371	0.107222	0	0	-0.036495	0.0629532	-0.265718	0.0443137	0.154381	0	0	-0.271053	-0.0188501	-0.126012	0.209429	-0.331706	1.14719	0.624203	0.556479	0	0	-0.0333744	-0.449318	0.743696	0.704398	0.966774	0	0
1.25724	-0.00613296	-0.0292861	-1.67397	0.0523325	1.03701	0.284225	0.316669	-0.106918	-0.207323	0.220647	0.101876	0	0	-0.0382421	0.0630879	-0.26389	0.0450453	0.156619	0	0	-0.271036	-0.0180795	-0.127792	0.207041	-0.331466	1.14748	0.623496	0.555566	0	0	-0.0328785	-0.450566	0.74307	0.705694	0.968156	0	0
1.26722	-0.00554486	-0.0291156	-1.67158	0.0519798	1.03681	0.286514	0.318775	-0.103128	-0.202318	0.197105	0.0966489	0	0	-0.0403191	0.0632793	-0.261808	0.0453816	0.158807	0	0	-0.27098	-0.0172868	-0.129425	0.2045	-0.331229	1.14776	0.622684	0.554609	0	0	-0.0323332	-0.451804	0.742284	0.707076	0.969517	0	0
1.2772	-0.00493987	-0.0289866	-1.66912	0.0516097	1.03661	0.288876	0.320831	-0.0996559	-0.19763	0.174972	0.0915831	0	0	-0.0426975	0.0635235	-0.259491	0.0453511	0.16096	0	0	-0.270884	-0.0164732	-0.130894	0.201844	-0.33099	1.14809	0.621738	0.553597	0	0	-0.0317212	-0.453012	0.741368	0.708517	0.970804	0	0
1.28718	-0.00431865	-0.0288863	-1.66662	0.0512218	1.03639	0.29131	0.322917	-0.0965218	-0.193493	0.154463	0.0867303	0	0	-0.0453407	0.0638137	-0.256968	0.0449969	0.163091	0	0	-0.270748	-0.0156397	-0.132191	0.199115	-0.330745	1.14855	0.620627	0.552519	0	0	-0.0310283	-0.454171	0.740353	0.709988	0.971974	0	0
1.29716	-0.00368166	-0.0288024	-1.66409	0.050816	1.03616	0.29381	0.325106	-0.0937419	-0.190131	0.135772	0.0821474	0	0	-0.0482066	0.0641405	-0.254276	0.0443736	0.165212	0	0	-0.270573	-0.014787	-0.133317	0.196358	-0.330484	1.14919	0.619324	0.551365	0	0	-0.0302442	-0.455265	0.739264	0.711463	0.972993	0	0
1.30713	-0.00302936	-0.0287243	-1.66155	0.0503918	1.03593	0.296376	0.327458	-0.0913257	-0.187743	0.11906	0.0778936	0	0	-0.0512505	0.0644923	-0.251457	0.043543	0.167335	0	0	-0.270362	-0.0139151	-0.134278	0.19362	-0.330201	1.15008	0.617805	0.550132	0	0	-0.0293644	-0.45628	0.738121	0.712921	0.97384	0	0
1.31711	-0.00236231	-0.0286436	-1.659	0.0499489	1.03569	0.299002	0.330014	-0.0892762	-0.186492	0.104442	0.0740262	0	0	-0.0544285	0.0648551	-0.248553	0.0425709	0.169469	0	0	-0.270118	-0.0130238	-0.135091	0.190944	-0.329885	1.15126	0.616047	0.548817	0	0	-0.0283904	-0.457205	0.736936	0.714347	0.974509	0	0
1.32709	-0.00168126	-0.0285545	-1.65644	0.0494869	1.03544	0.301687	0.33279	-0.0875892	-0.186487	0.0919851	0.0705967	0	0	-0.0576992	0.065214	-0.245608	0.0415235	0.171623	0	0	-0.269847	-0.0121129	-0.135777	0.188371	-0.329529	1.15279	0.614037	0.547421	0	0	-0.0273309	-0.458037	0.735717	0.715733	0.975009	0	0
1.33707	-0.000987331	-0.0284539	-1.65387	0.0490049	1.03518	0.304429	0.335778	-0.0862535	-0.187775	0.0816976	0.067647	0	0	-0.0610262	0.0655527	-0.242661	0.0404651	0.173806	0	0	-0.269553	-0.0111827	-0.136368	0.185937	-0.329123	1.15469	0.611766	0.545942	0	0	-0.0262018	-0.458774	0.734465	0.717082	0.975361	0	0
1.34705	-0.000282077	-0.0283418	-1.65129	0.0485018	1.03492	0.307228	0.338942	-0.0852512	-0.19034	0.0735317	0.0652066	0	0	-0.0643783	0.0658544	-0.239745	0.0394563	0.176026	0	0	-0.269241	-0.0102334	-0.136896	0.18367	-0.328659	1.15697	0.609229	0.544376	0	0	-0.0250262	-0.459422	0.733176	0.718404	0.9756	0	0
1.35702	0.000433375	-0.0282195	-1.64867	0.0479763	1.03465	0.310084	0.342221	-0.0845591	-0.194101	0.0673848	0.0632922	0	0	-0.067729	0.0661029	-0.236886	0.0385543	0.178298	0	0	-0.268911	-0.00926642	-0.137402	0.181592	-0.328128	1.15966	0.60643	0.542711	0	0	-0.0238326	-0.459993	0.731845	0.719716	0.975772	0	0
1.367	0.00115896	-0.0280895	-1.64602	0.0474268	1.03437	0.313	0.345535	-0.0841501	-0.19892	0.0631068	0.0619077	0	0	-0.0710554	0.0662836	-0.234101	0.0378129	0.180636	0	0	-0.268562	-0.00828487	-0.137929	0.179716	-0.327523	1.16274	0.603379	0.540934	0	0	-0.0226536	-0.460501	0.730464	0.721041	0.975927	0	0
1.37698	0.00189623	-0.0279545	-1.64329	0.046852	1.03409	0.315979	0.348786	-0.0839939	-0.204605	0.0605077	0.0610461	0	0	-0.0743366	0.0663839	-0.231398	0.0372836	0.183061	0	0	-0.26819	-0.00729379	-0.138521	0.178049	-0.32684	1.16622	0.600093	0.539023	0	0	-0.0215235	-0.460964	0.72903	0.722407	0.97612	0	0
1.38696	0.00264823	-0.0278176	-1.64048	0.04625	1.0338	0.319025	0.351864	-0.0840564	-0.210926	0.0593665	0.0606896	0	0	-0.0775538	0.0663935	-0.228782	0.0370169	0.185596	0	0	-0.267787	-0.00630027	-0.139219	0.176586	-0.326076	1.17006	0.596599	0.536954	0	0	-0.0204756	-0.461404	0.72754	0.72384	0.976409	0	0
1.39694	0.00341898	-0.0276821	-1.63755	0.045619	1.0335	0.322142	0.354652	-0.0843001	-0.217617	0.0594417	0.0608096	0	0	-0.0806896	0.0663039	-0.226253	0.0370618	0.188269	0	0	-0.267344	-0.00531295	-0.14006	0.175314	-0.325233	1.17424	0.592931	0.534706	0	0	-0.019539	-0.461841	0.726003	0.725365	0.976844	0	0
1.40691	0.00421272	-0.0275518	-1.63448	0.0449569	1.03318	0.325336	0.357032	-0.0846833	-0.224403	0.0604819	0.0613655	0	0	-0.0837292	0.0661079	-0.223807	0.037465	0.191112	0	0	-0.26685	-0.00434122	-0.141073	0.174209	-0.324316	1.17868	0.589135	0.53226	0	0	-0.0187372	-0.462295	0.724432	0.727002	0.977474	0	0
1.41689	0.00503291	-0.027431	-1.63126	0.0442613	1.03285	0.328613	0.358889	-0.0851608	-0.231009	0.0622362	0.0623033	0	0	-0.0866604	0.0657985	-0.221438	0.03827	0.194158	0	0	-0.266296	-0.00339428	-0.142275	0.173241	-0.323334	1.18333	0.585258	0.529604	0	0	-0.0180865	-0.462783	0.722847	0.728761	0.978336	0	0
1.42687	0.00588102	-0.027325	-1.62787	0.0435295	1.0325	0.331979	0.360119	-0.0856839	-0.237179	0.0644638	0.0635538	0	0	-0.0894752	0.0653683	-0.219137	0.0395154	0.197444	0	0	-0.265671	-0.00247979	-0.143673	0.172374	-0.322299	1.18811	0.581356	0.526729	0	0	-0.0175951	-0.463317	0.721278	0.730645	0.979459	0	0
1.43685	0.00675526	-0.0272401	-1.6243	0.0427583	1.03212	0.335439	0.360631	-0.086201	-0.242689	0.0669419	0.0650289	0	0	-0.09217	0.0648081	-0.216895	0.0412338	0.201006	0	0	-0.264968	-0.00160245	-0.145261	0.171567	-0.321226	1.19294	0.577484	0.523634	0	0	-0.0172623	-0.463905	0.719757	0.732644	0.980855	0	0
1.44683	0.00764911	-0.0271846	-1.62055	0.0419443	1.03172	0.339	0.360351	-0.0866586	-0.247361	0.0694718	0.0666185	0	0	-0.094747	0.0641058	-0.214705	0.0434496	0.204875	0	0	-0.264185	-0.000762278	-0.147015	0.170781	-0.320135	1.19771	0.5737	0.520324	0	0	-0.0170787	-0.464544	0.718321	0.734736	0.982524	0	0
1.45681	0.00854997	-0.0271679	-1.61662	0.0410839	1.03129	0.342665	0.359231	-0.0870019	-0.25107	0.0718829	0.068188	0	0	-0.0972144	0.0632451	-0.212564	0.0461778	0.209083	0	0	-0.26332	4.70146e-05	-0.148903	0.169974	-0.319047	1.20235	0.570057	0.516815	0	0	-0.0170257	-0.465226	0.717011	0.736886	0.984452	0	0
1.46678	0.009438	-0.0272014	-1.61255	0.0401731	1.03084	0.346439	0.357245	-0.0871759	-0.253748	0.0740361	0.0695768	0	0	-0.0995867	0.0622048	-0.21047	0.0494226	0.213649	0	0	-0.262379	0.000839638	-0.150873	0.169107	-0.317986	1.20677	0.566608	0.513136	0	0	-0.0170763	-0.465933	0.715869	0.739047	0.986604	0	0
1.47676	0.0102853	-0.0272971	-1.60835	0.0392082	1.03036	0.350322	0.354393	-0.0871266	-0.255384	0.0758259	0.0706003	0	0	-0.101884	0.060958	-0.208428	0.0531764	0.218587	0	0	-0.261373	0.00163892	-0.152864	0.168147	-0.31698	1.21086	0.563402	0.509332	0	0	-0.0171954	-0.466638	0.714939	0.74116	0.988932	0	0
1.48674	0.0110555	-0.0274676	-1.60406	0.0381855	1.02985	0.354317	0.350707	-0.0868022	-0.256026	0.0771821	0.071056	0	0	-0.104132	0.0594723	-0.206447	0.057419	0.223897	0	0	-0.260316	0.00247799	-0.154802	0.167065	-0.316059	1.21452	0.560482	0.505472	0	0	-0.0173406	-0.467307	0.714264	0.743157	0.991368	0	0
1.49672	0.0117047	-0.0277252	-1.59973	0.0371019	1.02932	0.35842	0.346245	-0.0861549	-0.255772	0.0780724	0.0707328	0	0	-0.10636	0.0577103	-0.204541	0.0621173	0.229566	0	0	-0.259229	0.00339958	-0.156605	0.165836	-0.315255	1.21767	0.557891	0.50165	0	0	-0.017464	-0.467896	0.71389	0.744964	0.993827	0	0
1.5067	0.0121818	-0.02808	-1.5954	0.0359548	1.02877	0.362629	0.3411	-0.0851423	-0.254761	0.0785043	0.0694261	0	0	-0.108598	0.0556308	-0.202726	0.0672259	0.235563	0	0	-0.258134	0.00445506	-0.158185	0.164445	-0.314604	1.22019	0.555664	0.497989	0	0	-0.0175141	-0.468359	0.713861	0.746506	0.996206	0	0
1.51667	0.0124307	-0.0285406	-1.59114	0.0347418	1.02822	0.366937	0.335386	-0.0837288	-0.253167	0.0785263	0.0669563	0	0	-0.11088	0.0531897	-0.201022	0.072691	0.241848	0	0	-0.257057	0.00570258	-0.159456	0.162887	-0.31414	1.22199	0.55383	0.494636	0	0	-0.0174419	-0.468645	0.714214	0.74771	0.998398	0	0
1.52665	0.0123926	-0.0291122	-1.58701	0.0334613	1.02766	0.371338	0.329245	-0.0818863	-0.251182	0.0782288	0.0631872	0	0	-0.113233	0.0503424	-0.199453	0.0784512	0.248369	0	0	-0.256024	0.00720413	-0.160335	0.161166	-0.313893	1.22297	0.552408	0.491748	0	0	-0.0172045	-0.468706	0.714975	0.748517	1.00029	0	0
1.53663	0.0120113	-0.0297951	-1.58306	0.0321123	1.02711	0.37582	0.322841	-0.0795985	-0.249005	0.0777418	0.058043	0	0	-0.11568	0.0470479	-0.198046	0.0844449	0.255065	0	0	-0.255061	0.00901918	-0.160761	0.15932	-0.313885	1.22314	0.551392	0.489402	0	0	-0.0167813	-0.468498	0.716128	0.748882	1.00182	0	0
1.54661	0.011239	-0.0305838	-1.57937	0.0306946	1.02657	0.380372	0.316351	-0.0768645	-0.246826	0.0772331	0.0515243	0	0	-0.118238	0.0432747	-0.19683	0.0906082	0.261866	0	0	-0.254189	0.0111994	-0.160695	0.157411	-0.314123	1.22254	0.550757	0.487618	0	0	-0.0161715	-0.467985	0.71763	0.748786	1.00293	0	0
1.55659	0.010041	-0.0314663	-1.57597	0.0292093	1.02606	0.384981	0.309961	-0.073701	-0.244818	0.0769011	0.0437177	0	0	-0.120912	0.0390061	-0.195826	0.0968752	0.268688	0	0	-0.253422	0.0137835	-0.160122	0.155518	-0.314607	1.22126	0.550464	0.486376	0	0	-0.0153919	-0.467139	0.719412	0.748228	1.0036	0	0
1.56656	0.0083994	-0.0324245	-1.57292	0.0276583	1.02558	0.389633	0.303857	-0.0701426	-0.243128	0.0769643	0.0347985	0	0	-0.123704	0.0342426	-0.195048	0.103179	0.27544	0	0	-0.252773	0.0167931	-0.159056	0.15373	-0.315327	1.21942	0.550466	0.485632	0	0	-0.014474	-0.465949	0.721394	0.747231	1.00382	0	0
1.57654	0.00631619	-0.0334354	-1.57024	0.0260444	1.02514	0.394313	0.298212	-0.0662407	-0.241863	0.077646	0.0250243	0	0	-0.126606	0.0290042	-0.194498	0.109455	0.282018	0	0	-0.252244	0.0202293	-0.157534	0.152141	-0.316263	1.21714	0.550709	0.485329	0	0	-0.0134622	-0.464417	0.723486	0.745839	1.00362	0	0
1.58652	0.00381375	-0.0344724	-1.56795	0.0243711	1.02474	0.399006	0.293178	-0.0620606	-0.241091	0.0791564	0.014721	0	0	-0.129608	0.0233301	-0.194171	0.115639	0.288314	0	0	-0.251836	0.0240718	-0.155621	0.150845	-0.317388	1.21456	0.55114	0.4854	0	0	-0.0124097	-0.462563	0.725598	0.744115	1.00302	0	0
1.5965	0.000934328	-0.0355073	-1.56605	0.0226421	1.02439	0.4037	0.288871	-0.0576765	-0.240836	0.0816735	0.00426118	0	0	-0.132693	0.0172767	-0.19405	0.121674	0.294216	0	0	-0.251542	0.0282787	-0.153403	0.149929	-0.318666	1.21177	0.551707	0.485781	0	0	-0.0113749	-0.460421	0.72765	0.742134	1.00207	0	0
1.60648	-0.00226165	-0.036512	-1.56453	0.0208609	1.0241	0.408381	0.285366	-0.0531681	-0.24108	0.0853251	-0.00596324	0	0	-0.135842	0.0109144	-0.19411	0.127511	0.299617	0	0	-0.251352	0.0327893	-0.150986	0.149467	-0.320054	1.20887	0.552364	0.486412	0	0	-0.0104162	-0.458044	0.729574	0.739981	1.00082	0	0
1.61646	-0.00569749	-0.0374593	-1.56335	0.0190312	1.02386	0.41304	0.282691	-0.0486168	-0.241772	0.090176	-0.0155642	0	0	-0.139031	0.00432613	-0.194317	0.133109	0.304409	0	0	-0.251255	0.0375252	-0.148491	0.149519	-0.321503	1.20594	0.553067	0.487241	0	0	-0.00958923	-0.455496	0.731321	0.737747	0.999327	0	0
1.62643	-0.00928506	-0.0383243	-1.56247	0.0171564	1.02368	0.417667	0.28083	-0.0441007	-0.242833	0.0962189	-0.0241859	0	0	-0.142233	-0.00239865	-0.19463	0.138441	0.308492	0	0	-0.251232	0.0423955	-0.146047	0.150128	-0.322962	1.203	0.553784	0.488225	0	0	-0.00894173	-0.45285	0.732863	0.735518	0.997653	0	0
1.63641	-0.0129299	-0.0390852	-1.56183	0.0152395	1.02356	0.422254	0.27972	-0.0396899	-0.244171	0.103371	-0.0315295	0	0	-0.145417	-0.00916905	-0.195004	0.143496	0.311782	0	0	-0.251264	0.0473027	-0.143784	0.151313	-0.324376	1.20008	0.554489	0.489331	0	0	-0.00850742	-0.450185	0.7342	0.733372	0.995863	0	0
1.64639	-0.0165371	-0.0397225	-1.56136	0.0132836	1.02349	0.426798	0.279258	-0.0354435	-0.245689	0.111476	-0.037372	0	0	-0.148544	-0.0158983	-0.195395	0.148284	0.314206	0	0	-0.25133	0.0521487	-0.14182	0.153069	-0.325698	1.19713	0.555172	0.490534	0	0	-0.00830112	-0.447579	0.735365	0.731372	0.994021	0	0
1.65637	-0.0200168	-0.0402191	-1.561	0.0112917	1.02349	0.431293	0.279316	-0.0314065	-0.247298	0.120318	-0.041578	0	0	-0.151565	-0.022509	-0.19576	0.152836	0.315718	0	0	-0.251404	0.0568407	-0.140254	0.155361	-0.326888	1.19407	0.555841	0.491824	0	0	-0.00831552	-0.445106	0.736418	0.729561	0.992185	0	0
1.66635	-0.023287	-0.0405593	-1.56067	0.00926689	1.02354	0.435739	0.279744	-0.0276108	-0.248922	0.129634	-0.044099	0	0	-0.154424	-0.0289335	-0.196064	0.157203	0.316285	0	0	-0.251456	0.0612942	-0.13916	0.158131	-0.327917	1.1908	0.556521	0.493204	0	0	-0.00852242	-0.44283	0.737448	0.727962	0.990412	0	0
1.67632	-0.0262779	-0.040728	-1.56032	0.00721253	1.02365	0.440133	0.280389	-0.0240747	-0.2505	0.139131	-0.0449719	0	0	-0.157055	-0.0351175	-0.196273	0.161457	0.315899	0	0	-0.251455	0.0654372	-0.138584	0.161292	-0.328773	1.18717	0.557259	0.494685	0	0	-0.00887462	-0.440802	0.738557	0.726578	0.988756	0	0
1.6863	-0.0289349	-0.0407107	-1.55988	0.00513238	1.02382	0.444475	0.281097	-0.0208031	-0.251994	0.148508	-0.0443099	0	0	-0.159384	-0.0410214	-0.196365	0.165689	0.31457	0	0	-0.251367	0.0692137	-0.138535	0.164739	-0.32946	1.18298	0.55812	0.496289	0	0	-0.0093093	-0.439059	0.739854	0.725396	0.987274	0	0
1.69628	-0.031221	-0.0404931	-1.55932	0.00303067	1.02404	0.448767	0.281732	-0.0177893	-0.253384	0.157473	-0.042289	0	0	-0.161334	-0.0466216	-0.196322	0.170004	0.312329	0	0	-0.251156	0.0725859	-0.13899	0.168347	-0.330002	1.17806	0.559194	0.498044	0	0	-0.00975281	-0.43762	0.741443	0.724386	0.986021	0	0
1.70626	-0.0331176	-0.0400612	-1.55861	0.000912141	1.02432	0.453008	0.282175	-0.0150162	-0.254668	0.165759	-0.0391314	0	0	-0.162821	-0.0519103	-0.196141	0.174519	0.309229	0	0	-0.250788	0.0755346	-0.139893	0.171983	-0.330439	1.17218	0.560585	0.499985	0	0	-0.0101268	-0.436487	0.743409	0.723513	0.985055	0	0
1.71624	-0.0346238	-0.0394027	-1.55774	-0.00121798	1.02464	0.4572	0.282335	-0.0124582	-0.255855	0.173141	-0.0350865	0	0	-0.163765	-0.0568939	-0.195825	0.179354	0.305334	0	0	-0.25023	0.0780594	-0.141158	0.175507	-0.33083	1.16516	0.562413	0.502149	0	0	-0.0103548	-0.435644	0.745811	0.722735	0.984437	0	0
1.72621	-0.0357559	-0.0385082	-1.55672	-0.00335412	1.02501	0.461345	0.282144	-0.0100836	-0.256965	0.179444	-0.0304082	0	0	-0.164093	-0.0615926	-0.195388	0.18463	0.300725	0	0	-0.249456	0.0801777	-0.142679	0.178784	-0.331248	1.15682	0.564806	0.504577	0	0	-0.0103691	-0.435061	0.748668	0.722015	0.984222	0	0
1.73619	-0.036545	-0.037373	-1.55555	-0.00549049	1.02542	0.465444	0.281564	-0.00785593	-0.258022	0.184551	-0.0253374	0	0	-0.163745	-0.0660381	-0.194849	0.190457	0.295489	0	0	-0.248447	0.0819224	-0.144337	0.18169	-0.33177	1.14704	0.567893	0.50731	0	0	-0.0101156	-0.434697	0.751961	0.721321	0.984461	0	0
1.74617	-0.0370342	-0.0359989	-1.55427	-0.00762146	1.02587	0.469499	0.280578	-0.00573613	-0.259048	0.188402	-0.0200895	0	0	-0.162678	-0.0702706	-0.194234	0.196928	0.289713	0	0	-0.247194	0.083339	-0.146006	0.18412	-0.332479	1.13573	0.571791	0.510386	0	0	-0.00955891	-0.434502	0.755624	0.720634	0.985195	0	0
1.75615	-0.0372752	-0.0343955	-1.55291	-0.00974179	1.02635	0.47351	0.279186	-0.00368383	-0.260062	0.19099	-0.0148439	0	0	-0.160873	-0.0743361	-0.193569	0.204115	0.283487	0	0	-0.2457	0.0844818	-0.147567	0.185998	-0.333452	1.12288	0.576597	0.513835	0	0	-0.00868491	-0.434423	0.75955	0.71995	0.986445	0	0
1.76613	-0.0373247	-0.0325815	-1.55152	-0.011847	1.02686	0.477481	0.277403	-0.00165886	-0.261074	0.192355	-0.00973989	0	0	-0.158336	-0.0782837	-0.192884	0.21206	0.276892	0	0	-0.243981	0.08541	-0.148911	0.187279	-0.334754	1.10859	0.582375	0.517671	0	0	-0.00750203	-0.434409	0.763599	0.719277	0.988217	0	0
1.77611	-0.037241	-0.030584	-1.55015	-0.0139336	1.02738	0.481412	0.275254	0.000377544	-0.262089	0.192579	-0.00487447	0	0	-0.155099	-0.0821635	-0.192204	0.220773	0.270001	0	0	-0.242063	0.0861847	-0.149947	0.187955	-0.336432	1.093	0.589151	0.52189	0	0	-0.00603949	-0.43441	0.767605	0.71864	0.990488	0	0
1.78608	-0.037081	-0.0284378	-1.54882	-0.0159995	1.02791	0.485305	0.272766	0.00246168	-0.2631	0.191769	-0.000305506	0	0	-0.151222	-0.0860241	-0.191554	0.230235	0.262878	0	0	-0.239985	0.0868649	-0.15061	0.188057	-0.338516	1.07637	0.596904	0.526463	0	0	-0.00434509	-0.434387	0.771391	0.718075	0.99321	0	0
1.79606	-0.0368976	-0.0261837	-1.54759	-0.0180438	1.02845	0.489161	0.269968	0.00462668	-0.264098	0.190055	0.00394255	0	0	-0.146782	-0.0899111	-0.190955	0.240397	0.255575	0	0	-0.237791	0.087505	-0.150856	0.187646	-0.341012	1.059	0.605571	0.531347	0	0	-0.00247866	-0.434308	0.774783	0.717626	0.996307	0	0
1.80604	-0.0367373	-0.0238664	-1.54648	-0.0200671	1.02898	0.492982	0.266887	0.00690172	-0.265065	0.187572	0.00787076	0	0	-0.141874	-0.0938652	-0.190425	0.251185	0.248132	0	0	-0.23553	0.0881523	-0.150666	0.186811	-0.343909	1.04124	0.615047	0.536492	0	0	-0.000507193	-0.434154	0.777626	0.717342	0.999681	0	0
1.81602	-0.0366384	-0.0215318	-1.54552	-0.0220712	1.02951	0.496768	0.263549	0.00931128	-0.265981	0.184456	0.0114971	0	0	-0.136606	-0.0979206	-0.189982	0.262504	0.240581	0	0	-0.233255	0.0888446	-0.150044	0.185662	-0.347172	1.02347	0.625192	0.541843	0	0	0.00149987	-0.433919	0.779789	0.717272	1.00322	0	0
1.826	-0.0366301	-0.0192245	-1.54473	-0.0240592	1.03002	0.500521	0.259974	0.0118744	-0.26682	0.180835	0.0148481	0	0	-0.13109	-0.102104	-0.189639	0.274244	0.232942	0	0	-0.231016	0.0896094	-0.149017	0.184324	-0.350751	1.00605	0.63583	0.547343	0	0	0.00347508	-0.433605	0.781178	0.717462	1.00678	0	0
1.83597	-0.0367316	-0.0169859	-1.54411	-0.0260349	1.03052	0.504242	0.256178	0.0146044	-0.267559	0.176822	0.0179516	0	0	-0.125438	-0.106432	-0.189404	0.286287	0.22523	0	0	-0.228856	0.0904632	-0.147626	0.182931	-0.35458	0.989341	0.646763	0.552932	0	0	0.00535681	-0.433229	0.781737	0.71795	1.01025	0	0
1.84595	-0.0369528	-0.0148519	-1.54367	-0.0280026	1.03099	0.507931	0.252175	0.0175083	-0.26817	0.172511	0.0208312	0	0	-0.119757	-0.110913	-0.189284	0.298511	0.21745	0	0	-0.226815	0.0914118	-0.145928	0.181614	-0.358584	0.973671	0.657779	0.558549	0	0	0.00709254	-0.43281	0.78145	0.718768	1.01351	0	0
1.85593	-0.0372948	-0.0128519	-1.54341	-0.0299664	1.03143	0.511588	0.247973	0.020587	-0.268632	0.167977	0.0235027	0	0	-0.114143	-0.115547	-0.189279	0.310796	0.209604	0	0	-0.224919	0.092452	-0.143989	0.180498	-0.362679	0.959309	0.66866	0.564134	0	0	0.00864119	-0.432378	0.780339	0.719932	1.01645	0	0
1.86591	-0.0377513	-0.011008	-1.54331	-0.0319301	1.03185	0.515214	0.243579	0.0238354	-0.268922	0.163276	0.0259732	0	0	-0.108683	-0.120323	-0.189386	0.323029	0.201691	0	0	-0.22319	0.093573	-0.14188	0.179691	-0.366782	0.946466	0.679193	0.569628	0	0	0.00997474	-0.431961	0.778464	0.721448	1.01899	0	0
1.87589	-0.0383106	-0.00933534	-1.54336	-0.0338967	1.03224	0.518809	0.238999	0.0272431	-0.269025	0.158445	0.0282415	0	0	-0.103447	-0.125223	-0.189597	0.335108	0.193705	0	0	-0.221638	0.094759	-0.139673	0.179283	-0.370808	0.935285	0.689183	0.574972	0	0	0.0110787	-0.431591	0.775914	0.723305	1.02107	0	0
1.88586	-0.0389569	-0.00784176	-1.54353	-0.0358676	1.03261	0.522374	0.234236	0.0307942	-0.26893	0.153507	0.0303005	0	0	-0.0984904	-0.130224	-0.189897	0.346944	0.185642	0	0	-0.220264	0.0959913	-0.137438	0.179337	-0.374681	0.925836	0.698455	0.580104	0	0	0.0119519	-0.431293	0.7728	0.725482	1.02268	0	0
1.89584	-0.0396723	-0.00652914	-1.54382	-0.0378432	1.03294	0.525908	0.229296	0.0344688	-0.268634	0.148476	0.0321408	0	0	-0.0938533	-0.135296	-0.190268	0.358464	0.177495	0	0	-0.219063	0.0972506	-0.135238	0.17989	-0.378332	0.918118	0.706863	0.584964	0	0	0.0126052	-0.431091	0.769249	0.727942	1.02382	0	0
1.90582	-0.0404383	-0.0053941	-1.54417	-0.0398219	1.03325	0.529414	0.224183	0.0382429	-0.268143	0.143358	0.0337546	0	0	-0.089561	-0.140408	-0.19069	0.36961	0.169262	0	0	-0.218023	0.0985191	-0.133134	0.180952	-0.381702	0.912071	0.714297	0.589485	0	0	0.0130592	-0.431	0.765397	0.730639	1.02453	0	0
1.9158	-0.0412377	-0.00442947	-1.54458	-0.041801	1.03353	0.53289	0.218908	0.0420903	-0.267468	0.13816	0.0351393	0	0	-0.0856251	-0.145527	-0.191139	0.380338	0.16094	0	0	-0.21713	0.0997821	-0.13117	0.182497	-0.384746	0.907551	0.720685	0.593638	0	0	0.0133458	-0.431029	0.761381	0.733518	1.02488	0	0
1.92578	-0.0420545	-0.00362499	-1.54501	-0.0437759	1.03379	0.536338	0.213482	0.045983	-0.266631	0.132894	0.0363007	0	0	-0.0820457	-0.15062	-0.191593	0.390624	0.152531	0	0	-0.216367	0.101028	-0.129383	0.184471	-0.387434	0.904362	0.725997	0.597409	0	0	0.0135026	-0.431179	0.75733	0.736518	1.02495	0	0
1.93575	-0.0428751	-0.00296822	-1.54543	-0.0457415	1.03403	0.539758	0.207924	0.0498916	-0.265657	0.127577	0.0372548	0	0	-0.078812	-0.155658	-0.192031	0.400455	0.144039	0	0	-0.215715	0.10225	-0.127801	0.186803	-0.389746	0.902277	0.730236	0.600785	0	0	0.01357	-0.431443	0.753366	0.739575	1.02484	0	0
1.94573	-0.0436877	-0.00244525	-1.54582	-0.0476915	1.03425	0.543151	0.202258	0.0537865	-0.264579	0.122239	0.0380287	0	0	-0.0759045	-0.160613	-0.192435	0.409831	0.13547	0	0	-0.215157	0.103444	-0.126443	0.189405	-0.391677	0.901049	0.733434	0.60375	0	0	0.0135886	-0.431809	0.749592	0.742626	1.02465	0	0
1.95571	-0.0444828	-0.00204136	-1.54616	-0.0496198	1.03446	0.546517	0.196515	0.0576389	-0.26343	0.116918	0.0386597	0	0	-0.0732968	-0.165461	-0.192793	0.418764	0.126835	0	0	-0.214673	0.104606	-0.125317	0.192181	-0.393233	0.900429	0.735652	0.606285	0	0	0.0135973	-0.43226	0.746095	0.745608	1.02445	0	0
1.96569	-0.0452528	-0.00174155	-1.54642	-0.0515201	1.03465	0.549857	0.19073	0.0614215	-0.262246	0.111667	0.039193	0	0	-0.0709568	-0.170183	-0.193095	0.427276	0.118144	0	0	-0.214247	0.105737	-0.124426	0.19503	-0.394428	0.900177	0.736972	0.608369	0	0	0.0136312	-0.432778	0.742944	0.748464	1.02434	0	0
1.97567	-0.0459915	-0.0015311	-1.54659	-0.0533869	1.03482	0.553172	0.184947	0.0651099	-0.26106	0.106545	0.0396791	0	0	-0.0688489	-0.174765	-0.193339	0.435397	0.109408	0	0	-0.213863	0.106837	-0.123764	0.197854	-0.395286	0.900069	0.737494	0.609982	0	0	0.0137203	-0.433339	0.740188	0.751144	1.02436	0	0
1.98565	-0.0466945	-0.00139601	-1.54667	-0.0552154	1.03499	0.556461	0.179211	0.0686831	-0.2599	0.101621	0.0401698	0	0	-0.0669351	-0.179197	-0.193526	0.443163	0.100641	0	0	-0.21351	0.107906	-0.12332	0.200562	-0.395838	0.899914	0.737328	0.611109	0	0	0.0138885	-0.433922	0.737855	0.753606	1.02456	0	0
1.99562	-0.0473583	-0.00132349	-1.54664	-0.0570021	1.03514	0.559723	0.173569	0.0721245	-0.258788	0.0969642	0.040715	0	0	-0.0651768	-0.183473	-0.193661	0.450616	0.0918536	0	0	-0.213177	0.108945	-0.123075	0.203072	-0.396118	0.899554	0.736589	0.611742	0	0	0.0141529	-0.434507	0.735957	0.755818	1.02494	0	0
2.0056	-0.0479807	-0.00130239	-1.54652	-0.0587448	1.03527	0.562959	0.168068	0.0754222	-0.257739	0.0926451	0.0413588	0	0	-0.0635359	-0.187591	-0.19375	0.457801	0.0830542	0	0	-0.212858	0.109951	-0.123009	0.205319	-0.396163	0.898874	0.735394	0.611886	0	0	0.014523	-0.435074	0.734485	0.757757	1.02551	0	0
2.01558	-0.0485604	-0.00132361	-1.5463	-0.0604425	1.03539	0.566167	0.16275	0.0785697	-0.256761	0.0887261	0.0421372	0	0	-0.0619763	-0.191556	-0.193803	0.464766	0.074249	0	0	-0.212553	0.110924	-0.123099	0.207251	-0.396013	0.897802	0.733856	0.611559	0	0	0.0150011	-0.435607	0.733418	0.759412	1.02625	0	0
2.02556	-0.0490972	-0.00138038	-1.546	-0.0620955	1.0355	0.569348	0.15765	0.0815652	-0.255856	0.0852593	0.043076	0	0	-0.060465	-0.195371	-0.193824	0.471559	0.0654396	0	0	-0.212262	0.11186	-0.123318	0.208835	-0.395705	0.896312	0.732081	0.610797	0	0	0.0155825	-0.436095	0.732716	0.760779	1.02712	0	0
2.03554	-0.049592	-0.00146843	-1.54563	-0.0637053	1.03559	0.572499	0.152794	0.0844119	-0.255016	0.0822826	0.0441905	0	0	-0.058973	-0.199046	-0.193822	0.478227	0.0566233	0	0	-0.211989	0.112758	-0.123642	0.210056	-0.395276	0.894419	0.730163	0.609654	0	0	0.0162553	-0.436528	0.732328	0.761868	1.02808	0	0
2.04551	-0.0500466	-0.00158593	-1.54521	-0.0652741	1.03566	0.57562	0.148197	0.0871172	-0.254234	0.0798162	0.0454858	0	0	-0.0574754	-0.20259	-0.1938	0.484817	0.0477936	0	0	-0.211744	0.113615	-0.124047	0.210914	-0.394762	0.892178	0.728186	0.608202	0	0	0.0170022	-0.4369	0.732195	0.762692	1.02908	0	0
2.05549	-0.0504641	-0.00173341	-1.54475	-0.0668046	1.03571	0.578711	0.143861	0.089692	-0.253496	0.0778615	0.0469584	0	0	-0.0559524	-0.206017	-0.193761	0.491373	0.0389402	0	0	-0.211535	0.114428	-0.124511	0.211423	-0.394193	0.889679	0.726216	0.60653	0	0	0.0177999	-0.437208	0.732245	0.763276	1.03008	0	0
2.06547	-0.0508484	-0.00191362	-1.54426	-0.0683	1.03575	0.58177	0.139776	0.0921498	-0.252792	0.0764003	0.0485978	0	0	-0.0543896	-0.209339	-0.193709	0.497938	0.0300501	0	0	-0.211373	0.115199	-0.125017	0.211608	-0.393597	0.887036	0.724306	0.604741	0	0	0.0186206	-0.437453	0.732405	0.76365	1.03103	0	0
2.07545	-0.0512047	-0.00213129	-1.54375	-0.0697633	1.03577	0.584798	0.13592	0.0945062	-0.252108	0.0753954	0.0503888	0	0	-0.0527775	-0.212571	-0.193647	0.504548	0.0211085	0	0	-0.211271	0.115928	-0.125549	0.211506	-0.392999	0.884383	0.722492	0.602946	0	0	0.0194316	-0.437636	0.732592	0.763849	1.03189	0	0
2.08543	-0.0515386	-0.00239267	-1.54325	-0.0711976	1.03578	0.587794	0.132257	0.0967776	-0.251436	0.0747935	0.0523138	0	0	-0.0511113	-0.215729	-0.193583	0.511239	0.0121011	0	0	-0.21124	0.116617	-0.126096	0.211155	-0.392418	0.881864	0.720797	0.601258	0	0	0.0201963	-0.437761	0.732721	0.763913	1.03264	0	0
2.0954	-0.0518559	-0.00270503	-1.54275	-0.0726053	1.03577	0.590759	0.128746	0.0989805	-0.250764	0.0745288	0.0543549	0	0	-0.0493907	-0.218828	-0.193527	0.518042	0.00301484	0	0	-0.211292	0.11727	-0.12665	0.2106	-0.391869	0.879625	0.719229	0.599783	0	0	0.0208748	-0.437831	0.732704	0.763886	1.03326	0	0
2.10538	-0.0521625	-0.00307609	-1.54228	-0.0739887	1.03576	0.593693	0.125339	0.10113	-0.250088	0.0745279	0.0564958	0	0	-0.0476185	-0.221884	-0.193496	0.524985	-0.0061594	0	0	-0.211437	0.117891	-0.127206	0.209883	-0.391363	0.877806	0.717783	0.598614	0	0	0.0214248	-0.437852	0.732455	0.763814	1.03375	0	0
2.11536	-0.0524633	-0.00351337	-1.54182	-0.0753494	1.03573	0.596597	0.121987	0.103241	-0.249399	0.0747149	0.0587231	0	0	-0.0457993	-0.224912	-0.19351	0.532093	-0.0154259	0	0	-0.211683	0.118484	-0.127761	0.209045	-0.390906	0.876533	0.716445	0.597821	0	0	0.0218028	-0.437829	0.731889	0.763745	1.03411	0	0
2.12534	-0.0527619	-0.00402363	-1.5414	-0.0766888	1.03569	0.599473	0.118641	0.105323	-0.248691	0.0750172	0.0610264	0	0	-0.0439387	-0.227923	-0.193594	0.539386	-0.0247829	0	0	-0.212038	0.119053	-0.128312	0.208121	-0.390499	0.875917	0.715189	0.597445	0	0	0.0219654	-0.437766	0.730925	0.763725	1.03438	0	0
2.13532	-0.0530597	-0.00461241	-1.54102	-0.0780077	1.03565	0.602322	0.115259	0.107384	-0.247957	0.0753698	0.063399	0	0	-0.0420415	-0.230929	-0.193774	0.546883	-0.0342223	0	0	-0.212504	0.119597	-0.128859	0.207142	-0.390137	0.876044	0.713983	0.59749	0	0	0.0218712	-0.437669	0.729493	0.7638	1.03456	0	0
2.1453	-0.0533557	-0.00528365	-1.54069	-0.0793069	1.03561	0.605144	0.111807	0.109427	-0.247187	0.07572	0.0658365	0	0	-0.0401104	-0.233936	-0.194077	0.5546	-0.0437301	0	0	-0.213085	0.120116	-0.129398	0.206132	-0.389813	0.876979	0.712788	0.597924	0	0	0.0214828	-0.437543	0.727535	0.764011	1.0347	0	0
2.15527	-0.0536457	-0.00603955	-1.54042	-0.0805866	1.03557	0.607941	0.10826	0.111451	-0.246368	0.0760298	0.0683367	0	0	-0.038145	-0.236947	-0.194524	0.56255	-0.0532877	0	0	-0.213778	0.120602	-0.129925	0.205108	-0.389514	0.87876	0.71156	0.598678	0	0	0.0207691	-0.437392	0.725009	0.764392	1.03481	0	0
2.16525	-0.0539227	-0.00688058	-1.5402	-0.0818472	1.03552	0.610714	0.104605	0.11345	-0.245486	0.0762771	0.0708982	0	0	-0.0361406	-0.239959	-0.195131	0.570746	-0.0628742	0	0	-0.214584	0.121047	-0.130434	0.20408	-0.389222	0.881401	0.710254	0.599646	0	0	0.0197081	-0.437224	0.721896	0.764971	1.03495	0	0
2.17523	-0.0541764	-0.00780567	-1.54006	-0.0830889	1.03548	0.613462	0.100838	0.115416	-0.244525	0.0764557	0.0735192	0	0	-0.0340873	-0.242965	-0.195902	0.579197	-0.0724692	0	0	-0.215496	0.121436	-0.130915	0.203053	-0.388918	0.884894	0.70882	0.600696	0	0	0.0182891	-0.437041	0.7182	0.765764	1.03512	0	0
2.18521	-0.0543943	-0.00881246	-1.53999	-0.0843118	1.03544	0.616187	0.0969644	0.117334	-0.243469	0.0765736	0.0761975	0	0	-0.0319698	-0.245952	-0.196825	0.587913	-0.0820557	0	0	-0.216512	0.121752	-0.131356	0.202024	-0.388578	0.889206	0.707209	0.601679	0	0	0.0165153	-0.43685	0.713954	0.766775	1.03535	0	0
2.19519	-0.0545621	-0.00989764	-1.53999	-0.0855158	1.0354	0.618888	0.0929993	0.119188	-0.242305	0.0766504	0.0789293	0	0	-0.0297667	-0.248903	-0.197874	0.596904	-0.0916227	0	0	-0.217624	0.121975	-0.131739	0.200983	-0.388181	0.894288	0.705374	0.602437	0	0	0.0144063	-0.436655	0.709222	0.767993	1.03563	0	0
2.20516	-0.0546648	-0.0110572	-1.54007	-0.0867005	1.03536	0.621563	0.0889615	0.12096	-0.241021	0.076713	0.0817091	0	0	-0.0274507	-0.251797	-0.199003	0.606183	-0.101168	0	0	-0.218825	0.122084	-0.132044	0.199917	-0.387703	0.900068	0.70327	0.602816	0	0	0.0119988	-0.43646	0.704102	0.769394	1.03597	0	0
2.21514	-0.0546878	-0.0122868	-1.54022	-0.0878653	1.03533	0.624212	0.0848732	0.122633	-0.239613	0.0767919	0.0845303	0	0	-0.0249889	-0.254611	-0.200152	0.615764	-0.110699	0	0	-0.220107	0.122059	-0.132244	0.198801	-0.387123	0.906459	0.700856	0.602682	0	0	0.0093477	-0.436268	0.698722	0.770936	1.03635	0	0
2.22512	-0.0546185	-0.0135816	-1.54043	-0.0890092	1.0353	0.626834	0.0807569	0.124188	-0.238085	0.0769167	0.0873848	0	0	-0.0223436	-0.25732	-0.201245	0.625666	-0.120232	0	0	-0.221459	0.121879	-0.132307	0.197606	-0.386425	0.913361	0.6981	0.601926	0	0	0.00652492	-0.436081	0.693239	0.772564	1.03673	0	0
2.2351	-0.0544473	-0.0149364	-1.54068	-0.0901309	1.03527	0.629426	0.0766333	0.125612	-0.236446	0.0771122	0.0902636	0	0	-0.0194733	-0.259902	-0.202198	0.635911	-0.129791	0	0	-0.222869	0.121532	-0.132199	0.196296	-0.385594	0.920657	0.694976	0.600476	0	0	0.00361688	-0.435899	0.687836	0.77421	1.03706	0	0
2.24508	-0.0541686	-0.0163458	-1.54096	-0.0912286	1.03525	0.631988	0.0725197	0.126896	-0.234714	0.0773948	0.0931574	0	0	-0.0163342	-0.262335	-0.202923	0.646526	-0.139401	0	0	-0.224324	0.121007	-0.13188	0.19483	-0.384624	0.928224	0.691468	0.598303	0	0	0.000719673	-0.435721	0.682709	0.775796	1.03731	0	0
2.25505	-0.0537817	-0.0178038	-1.54126	-0.0923003	1.03523	0.634518	0.068428	0.128034	-0.23291	0.0777705	0.0960562	0	0	-0.0128831	-0.264606	-0.203339	0.657539	-0.149081	0	0	-0.225809	0.120302	-0.131316	0.193166	-0.383513	0.935936	0.68757	0.595421	0	0	-0.00206849	-0.435544	0.678054	0.777241	1.03739	0	0
2.26503	-0.0532904	-0.0193046	-1.54154	-0.0933444	1.03522	0.637015	0.0643637	0.12903	-0.231062	0.0782334	0.0989502	0	0	-0.00907943	-0.266703	-0.203376	0.668979	-0.158841	0	0	-0.22731	0.119422	-0.130477	0.191269	-0.382261	0.943671	0.683287	0.591892	0	0	-0.00465807	-0.435363	0.674051	0.778467	1.03726	0	0
2.27501	-0.0527035	-0.0208426	-1.5418	-0.0943592	1.03521	0.63948	0.0603252	0.12989	-0.229194	0.0787651	0.101829	0	0	-0.00488928	-0.268628	-0.202989	0.680873	-0.168663	0	0	-0.228819	0.118381	-0.129352	0.189118	-0.380872	0.95133	0.678631	0.587815	0	0	-0.00698279	-0.435175	0.670838	0.77941	1.03687	0	0
2.28499	-0.0520325	-0.0224133	-1.54203	-0.095344	1.03521	0.641911	0.0563028	0.130629	-0.22733	0.0793353	0.104683	0	0	-0.000288615	-0.270386	-0.202161	0.693237	-0.178501	0	0	-0.230333	0.117202	-0.127964	0.186723	-0.379345	0.958854	0.673621	0.583324	0	0	-0.00901845	-0.434978	0.668477	0.780029	1.03616	0	0
2.29497	-0.0512918	-0.024013	-1.5422	-0.0962991	1.03521	0.644311	0.0522803	0.131266	-0.225487	0.0799035	0.107501	0	0	0.00473482	-0.271996	-0.200914	0.70608	-0.188264	0	0	-0.231855	0.115911	-0.126363	0.184136	-0.377677	0.966276	0.668262	0.578481	0	0	-0.0107831	-0.43477	0.666956	0.780309	1.03513	0	0
2.30495	-0.0504977	-0.0256381	-1.54232	-0.0972255	1.03522	0.64668	0.0482357	0.131824	-0.223673	0.0804211	0.110271	0	0	0.0101796	-0.273483	-0.199308	0.719388	-0.197815	0	0	-0.233386	0.114539	-0.124608	0.181428	-0.375864	0.973676	0.662562	0.573311	0	0	-0.0123198	-0.434548	0.666217	0.780246	1.03379	0	0
2.31492	-0.0496687	-0.027285	-1.54239	-0.098125	1.03524	0.64902	0.0441431	0.132328	-0.221886	0.0808332	0.112977	0	0	0.0160299	-0.274882	-0.197445	0.733129	-0.206963	0	0	-0.234925	0.113114	-0.122757	0.178676	-0.373904	0.981156	0.656528	0.567812	0	0	-0.0136844	-0.434308	0.666176	0.77985	1.03215	0	0
2.3249	-0.0488242	-0.0289498	-1.54242	-0.0990003	1.03526	0.651334	0.0399743	0.132808	-0.220114	0.0810817	0.115604	0	0	0.0222551	-0.276239	-0.195466	0.747243	-0.215466	0	0	-0.236471	0.111666	-0.120858	0.175953	-0.371802	0.988825	0.650176	0.561965	0	0	-0.0149361	-0.434045	0.666743	0.77913	1.03026	0	0
2.33488	-0.0479832	-0.03063	-1.54244	-0.0998546	1.03529	0.653626	0.0356985	0.133291	-0.218332	0.081108	0.118131	0	0	0.0288086	-0.277604	-0.193543	0.761639	-0.223025	0	0	-0.23802	0.110217	-0.118946	0.173322	-0.369568	0.996769	0.643535	0.55575	0	0	-0.0161319	-0.433751	0.667827	0.778103	1.02813	0	0
2.34486	-0.0471626	-0.0323243	-1.54246	-0.100691	1.03532	0.655897	0.0312842	0.133802	-0.21651	0.0808561	0.120534	0	0	0.0356298	-0.27903	-0.191872	0.776199	-0.229304	0	0	-0.239573	0.10879	-0.117038	0.17083	-0.367218	1.00505	0.636647	0.549158	0	0	-0.0173216	-0.433419	0.669344	0.776784	1.02581	0	0
2.35484	-0.0463763	-0.0340333	-1.54253	-0.101514	1.03536	0.658152	0.0267005	0.134362	-0.21461	0.0802754	0.122789	0	0	0.0426456	-0.280568	-0.190659	0.79077	-0.233936	0	0	-0.241129	0.107396	-0.115136	0.168506	-0.364778	1.01366	0.629573	0.542205	0	0	-0.0185456	-0.43304	0.67122	0.775188	1.02334	0	0
2.36481	-0.0456341	-0.0357588	-1.54268	-0.102327	1.0354	0.660394	0.0219192	0.134985	-0.212594	0.0793236	0.124869	0	0	0.0497751	-0.282265	-0.19011	0.805172	-0.236557	0	0	-0.242693	0.106045	-0.113229	0.166361	-0.362277	1.02259	0.622393	0.534938	0	0	-0.0198334	-0.432604	0.673391	0.773332	1.02075	0	0
2.37479	-0.0449405	-0.0375022	-1.54293	-0.103133	1.03545	0.662623	0.0169185	0.135677	-0.210427	0.0779691	0.126755	0	0	0.0569353	-0.284157	-0.19041	0.819201	-0.236831	0	0	-0.244271	0.104739	-0.111299	0.164388	-0.359749	1.03174	0.615192	0.527436	0	0	-0.021203	-0.432103	0.675809	0.771232	1.01808	0	0
2.38477	-0.0442949	-0.0392636	-1.54333	-0.103934	1.03551	0.664842	0.0116858	0.136437	-0.208079	0.0761938	0.12843	0	0	0.064047	-0.286265	-0.191715	0.832635	-0.234474	0	0	-0.245867	0.103471	-0.109325	0.162573	-0.35723	1.04102	0.608062	0.519801	0	0	-0.0226619	-0.431528	0.678438	0.768901	1.01535	0	0
2.39475	-0.0436907	-0.0410409	-1.54389	-0.104732	1.03558	0.667052	0.00621962	0.137253	-0.205529	0.073995	0.129887	0	0	0.0710385	-0.288594	-0.194139	0.845239	-0.229285	0	0	-0.247485	0.102234	-0.107285	0.160894	-0.354754	1.0503	0.601096	0.512152	0	0	-0.0242089	-0.430875	0.681254	0.766353	1.01259	0	0
2.40473	-0.0431155	-0.0428292	-1.54462	-0.105527	1.03565	0.669251	0.000531779	0.138104	-0.202772	0.0713874	0.131129	0	0	0.0778504	-0.291126	-0.197749	0.856779	-0.221156	0	0	-0.249127	0.101011	-0.105168	0.159328	-0.352355	1.05945	0.594381	0.504611	0	0	-0.0258361	-0.43014	0.68424	0.763602	1.00979	0	0
2.4147	-0.0425522	-0.0446211	-1.54554	-0.106317	1.03573	0.671438	-0.00535248	0.138961	-0.199815	0.0684039	0.132169	0	0	0.0844379	-0.293822	-0.202552	0.867026	-0.21009	0	0	-0.250794	0.0997846	-0.102969	0.15785	-0.350064	1.06834	0.587996	0.497296	0	0	-0.0275308	-0.42932	0.68739	0.760661	1.00697	0	0
2.42468	-0.0419798	-0.0464068	-1.54662	-0.1071	1.03581	0.673611	-0.0113946	0.139791	-0.196684	0.065095	0.133033	0	0	0.0907728	-0.296621	-0.208505	0.875767	-0.196204	0	0	-0.252484	0.098535	-0.100695	0.156443	-0.347905	1.07686	0.582012	0.490308	0	0	-0.0292776	-0.428417	0.690695	0.757547	1.00413	0	0
2.43466	-0.0413748	-0.0481746	-1.54785	-0.107872	1.03591	0.675766	-0.0175445	0.140555	-0.19342	0.0615275	0.133755	0	0	0.0968443	-0.299445	-0.215509	0.882815	-0.179725	0	0	-0.254193	0.0972415	-0.0983662	0.155091	-0.345902	1.08489	0.576486	0.483731	0	0	-0.0310593	-0.427433	0.694153	0.754276	1.00126	0	0
2.44464	-0.0407132	-0.0499119	-1.5492	-0.108627	1.03601	0.6779	-0.0237428	0.141213	-0.190077	0.0577814	0.134379	0	0	0.102658	-0.302198	-0.22342	0.888016	-0.160981	0	0	-0.255916	0.0958855	-0.0960092	0.153785	-0.344072	1.09236	0.571466	0.477633	0	0	-0.0328584	-0.426375	0.697757	0.750869	0.998371	0	0
2.45462	-0.0399725	-0.0516063	-1.55063	-0.109361	1.03611	0.68001	-0.0299249	0.141728	-0.186723	0.0539459	0.134951	0	0	0.108236	-0.304777	-0.232054	0.891257	-0.140383	0	0	-0.257647	0.0944519	-0.0936608	0.152519	-0.342428	1.09918	0.566986	0.472063	0	0	-0.0346573	-0.425247	0.701501	0.747346	0.995466	0	0
2.4646	-0.0391333	-0.0532467	-1.5521	-0.110067	1.03622	0.682092	-0.0360247	0.142065	-0.183432	0.0501141	0.135523	0	0	0.113613	-0.307077	-0.241201	0.892469	-0.118401	0	0	-0.259382	0.0929306	-0.0913615	0.151292	-0.34098	1.10529	0.563071	0.467056	0	0	-0.0364386	-0.424057	0.705378	0.743729	0.992556	0	0
2.47457	-0.0381817	-0.054824	-1.55356	-0.110739	1.03633	0.684142	-0.0419792	0.1422	-0.180284	0.0463777	0.136141	0	0	0.118832	-0.308995	-0.250639	0.89163	-0.0955356	0	0	-0.261117	0.091318	-0.0891536	0.150108	-0.339735	1.11066	0.559733	0.462635	0	0	-0.0381858	-0.422812	0.709378	0.740041	0.989655	0	0
2.48455	-0.0371102	-0.0563319	-1.55497	-0.111369	1.03645	0.686158	-0.0477323	0.142114	-0.177356	0.0428204	0.136846	0	0	0.123945	-0.310443	-0.260142	0.888766	-0.0722928	0	0	-0.26285	0.0896181	-0.0870763	0.148971	-0.338696	1.11526	0.556976	0.458822	0	0	-0.0398829	-0.421518	0.71349	0.736306	0.98678	0	0
2.49453	-0.035919	-0.0577675	-1.55627	-0.111954	1.03656	0.688139	-0.0532392	0.141802	-0.174716	0.0395134	0.137668	0	0	0.129006	-0.311348	-0.269497	0.883949	-0.0491554	0	0	-0.26458	0.0878423	-0.0851636	0.147889	-0.337866	1.11905	0.554795	0.455638	0	0	-0.0415148	-0.420183	0.717705	0.732546	0.983948	0	0
2.50451	-0.0346162	-0.0591304	-1.55743	-0.112487	1.03668	0.690083	-0.0584683	0.14127	-0.172422	0.0365095	0.138625	0	0	0.134071	-0.31166	-0.278515	0.877291	-0.0265609	0	0	-0.26631	0.0860096	-0.0834404	0.146869	-0.337244	1.12204	0.553177	0.453108	0	0	-0.0430673	-0.418809	0.722008	0.728783	0.981176	0	0
2.51449	-0.033218	-0.0604233	-1.55842	-0.112965	1.03679	0.69199	-0.0634032	0.140532	-0.170517	0.0338408	0.139719	0	0	0.13919	-0.311355	-0.287036	0.86894	-0.00488395	0	0	-0.268042	0.0841459	-0.0819212	0.145919	-0.336829	1.12422	0.552104	0.451261	0	0	-0.0445279	-0.417402	0.726387	0.725038	0.97848	0	0
2.52446	-0.0317475	-0.0616504	-1.55923	-0.113387	1.03689	0.693862	-0.0680428	0.139616	-0.169022	0.031516	0.140938	0	0	0.144411	-0.310436	-0.294939	0.859073	0.015574	0	0	-0.26978	0.0822816	-0.0806087	0.145046	-0.33662	1.12562	0.55155	0.450126	0	0	-0.0458856	-0.415964	0.730827	0.72133	0.975874	0	0
2.53444	-0.0302336	-0.0628167	-1.55984	-0.113751	1.03699	0.6957	-0.0724001	0.138556	-0.167939	0.0295215	0.142257	0	0	0.149771	-0.308929	-0.302145	0.847882	0.0345891	0	0	-0.271526	0.0804508	-0.0794935	0.144259	-0.336613	1.12626	0.551483	0.44973	0	0	-0.0471318	-0.414497	0.735313	0.717679	0.973366	0	0
2.54442	-0.0287089	-0.063927	-1.56026	-0.114058	1.03708	0.697507	-0.0765003	0.137393	-0.167246	0.0278223	0.143639	0	0	0.155301	-0.306885	-0.308612	0.835573	0.052013	0	0	-0.273281	0.078688	-0.0785547	0.143563	-0.336801	1.12617	0.551869	0.450095	0	0	-0.0482605	-0.413003	0.739827	0.714102	0.970966	0	0
2.5544	-0.0272074	-0.0649853	-1.56049	-0.114311	1.03716	0.699285	-0.0803776	0.136171	-0.166903	0.0263667	0.145042	0	0	0.161021	-0.304367	-0.314341	0.822346	0.0677654	0	0	-0.275043	0.0770263	-0.0777618	0.142968	-0.337178	1.12542	0.552667	0.451223	0	0	-0.0492688	-0.411483	0.744349	0.710616	0.968678	0	0
2.56438	-0.0257618	-0.065994	-1.56057	-0.114513	1.03723	0.70104	-0.0840719	0.134933	-0.166853	0.0250908	0.146419	0	0	0.16694	-0.301455	-0.319363	0.808393	0.0818236	0	0	-0.276809	0.075494	-0.0770759	0.142481	-0.337735	1.12406	0.553831	0.453102	0	0	-0.0501571	-0.409939	0.748858	0.707239	0.966505	0	0
2.57435	-0.0244015	-0.066954	-1.56052	-0.114669	1.03729	0.702774	-0.0876254	0.13372	-0.167025	0.0239248	0.147727	0	0	0.173056	-0.298228	-0.323741	0.793886	0.0942094	0	0	-0.278572	0.0741127	-0.0764526	0.142109	-0.338459	1.12216	0.555313	0.455691	0	0	-0.0509291	-0.408374	0.753328	0.703986	0.964451	0	0
2.58433	-0.0231502	-0.0678643	-1.56039	-0.114784	1.03733	0.704491	-0.0910783	0.132566	-0.16734	0.0227996	0.14893	0	0	0.179355	-0.294767	-0.327556	0.778969	0.104977	0	0	-0.280324	0.0728955	-0.0758452	0.141864	-0.339335	1.11981	0.557063	0.458923	0	0	-0.0515924	-0.406791	0.757732	0.700874	0.962517	0	0
2.59431	-0.0220257	-0.0687214	-1.56023	-0.114864	1.03736	0.706196	-0.0944653	0.131498	-0.167713	0.0216525	0.150002	0	0	0.185812	-0.291146	-0.330907	0.763756	0.114199	0	0	-0.282052	0.0718469	-0.0752071	0.141755	-0.340346	1.11709	0.559027	0.462701	0	0	-0.0521587	-0.405196	0.762034	0.69792	0.960712	0	0
2.60429	-0.021039	-0.0695201	-1.56007	-0.114915	1.03737	0.707891	-0.0978124	0.130534	-0.168064	0.0204329	0.150931	0	0	0.192394	-0.28743	-0.333901	0.748324	0.12196	0	0	-0.283744	0.070963	-0.0744946	0.141796	-0.341473	1.11409	0.561151	0.4669	0	0	-0.0526434	-0.403593	0.766197	0.695138	0.959043	0	0
2.61427	-0.0201937	-0.0702533	-1.55997	-0.114944	1.03736	0.70958	-0.101136	0.129685	-0.168316	0.0191063	0.151718	0	0	0.199058	-0.283672	-0.336649	0.732714	0.128344	0	0	-0.285384	0.0702313	-0.0736689	0.142001	-0.342695	1.1109	0.563382	0.471376	0	0	-0.0530642	-0.40199	0.770179	0.692545	0.957522	0	0
2.62425	-0.0194869	-0.0709132	-1.55997	-0.114957	1.03734	0.711266	-0.104442	0.128951	-0.168402	0.0176559	0.15238	0	0	0.205754	-0.27991	-0.339259	0.716934	0.133433	0	0	-0.286957	0.0696322	-0.0726975	0.142382	-0.34399	1.10761	0.56567	0.475968	0	0	-0.0534403	-0.400391	0.77394	0.690153	0.956158	0	0
2.63422	-0.0189091	-0.0714922	-1.56013	-0.114958	1.03731	0.712952	-0.107727	0.128324	-0.168269	0.0160833	0.152945	0	0	0.212429	-0.276169	-0.341833	0.700958	0.1373	0	0	-0.288448	0.0691405	-0.0715563	0.142954	-0.345337	1.10431	0.567967	0.480514	0	0	-0.0537913	-0.398805	0.77744	0.687973	0.954962	0	0
2.6442	-0.0184457	-0.0719836	-1.56047	-0.114951	1.03725	0.714642	-0.11098	0.127789	-0.167875	0.0144073	0.153452	0	0	0.219023	-0.272461	-0.344461	0.684735	0.140014	0	0	-0.289843	0.0687269	-0.0702301	0.143727	-0.346714	1.10106	0.570232	0.484856	0	0	-0.0541364	-0.397237	0.780643	0.68601	0.953943	0	0
2.65418	-0.0180779	-0.0723829	-1.56102	-0.114939	1.03719	0.716336	-0.114185	0.127326	-0.167193	0.0126601	0.153943	0	0	0.225476	-0.268784	-0.34722	0.668194	0.141634	0	0	-0.291132	0.0683598	-0.068714	0.144713	-0.348103	1.09794	0.572429	0.488851	0	0	-0.0544933	-0.395693	0.783517	0.68427	0.953105	0	0
2.66416	-0.0177847	-0.0726873	-1.56181	-0.114925	1.03711	0.718039	-0.117322	0.126909	-0.166213	0.0108842	0.154465	0	0	0.231727	-0.265125	-0.350168	0.651252	0.142219	0	0	-0.292306	0.0680082	-0.0670137	0.145919	-0.349484	1.095	0.574529	0.49238	0	0	-0.0548784	-0.394179	0.786035	0.682751	0.952454	0	0
2.67414	-0.0175456	-0.0728953	-1.56284	-0.114908	1.03702	0.719753	-0.12037	0.126514	-0.164935	0.00912757	0.155061	0	0	0.237725	-0.261467	-0.353339	0.633824	0.141826	0	0	-0.293357	0.0676451	-0.0651433	0.147343	-0.350844	1.09225	0.576515	0.495369	0	0	-0.0553003	-0.392701	0.788194	0.681445	0.951969	0	0
2.68411	-0.0173416	-0.0730062	-1.56411	-0.114887	1.03692	0.721481	-0.123308	0.12612	-0.163375	0.00743899	0.155766	0	0	0.243425	-0.257787	-0.356738	0.615831	0.140518	0	0	-0.29428	0.0672493	-0.0631266	0.14898	-0.352172	1.08972	0.578382	0.497782	0	0	-0.0557632	-0.391263	0.789999	0.680342	0.951622	0	0
2.69409	-0.0171569	-0.0730202	-1.56562	-0.114862	1.03681	0.723224	-0.126119	0.125706	-0.161558	0.00586408	0.15661	0	0	0.248797	-0.254059	-0.360345	0.597204	0.138362	0	0	-0.29507	0.0668061	-0.060997	0.150819	-0.353459	1.08737	0.580134	0.499623	0	0	-0.0562681	-0.38987	0.791465	0.679426	0.951384	0	0
2.70407	-0.0169788	-0.072938	-1.56734	-0.114829	1.03668	0.724986	-0.128788	0.12526	-0.159518	0.00444148	0.157608	0	0	0.253821	-0.250258	-0.364106	0.577895	0.135437	0	0	-0.295724	0.066308	-0.0587966	0.152847	-0.3547	1.0852	0.581781	0.500926	0	0	-0.0568132	-0.388526	0.792613	0.67868	0.951222	0	0
2.71405	-0.0167983	-0.0727602	-1.56923	-0.114784	1.03655	0.726768	-0.131304	0.124771	-0.157298	0.00320029	0.158767	0	0	0.258492	-0.246358	-0.367939	0.557873	0.131829	0	0	-0.296238	0.0657543	-0.056575	0.155045	-0.355891	1.08315	0.583344	0.501759	0	0	-0.057394	-0.387237	0.793468	0.678083	0.951111	0	0
2.72403	-0.0166095	-0.0724875	-1.57125	-0.114724	1.03641	0.728572	-0.133663	0.124236	-0.154943	0.00215825	0.160083	0	0	0.262817	-0.242333	-0.371732	0.537133	0.127638	0	0	-0.29661	0.0651502	-0.0543868	0.157395	-0.35703	1.08118	0.584847	0.50221	0	0	-0.0580036	-0.386007	0.79406	0.677614	0.951024	0	0
2.734	-0.0164088	-0.0721204	-1.57337	-0.114645	1.03626	0.730401	-0.135863	0.123653	-0.1525	0.00132072	0.161541	0	0	0.266813	-0.238159	-0.375349	0.51569	0.122969	0	0	-0.296839	0.0645052	-0.0522893	0.159877	-0.358114	1.07924	0.586317	0.502381	0	0	-0.0586325	-0.384842	0.79442	0.677251	0.950939	0	0
2.74398	-0.0161945	-0.0716593	-1.57553	-0.114543	1.03609	0.732256	-0.13791	0.123024	-0.150017	0.000680522	0.163122	0	0	0.270506	-0.233814	-0.378634	0.493579	0.117937	0	0	-0.296925	0.0638316	-0.0503397	0.162471	-0.359143	1.07728	0.587784	0.502386	0	0	-0.0592693	-0.383747	0.794582	0.676972	0.950838	0	0
2.75396	-0.0159653	-0.0711043	-1.57768	-0.114413	1.03591	0.734139	-0.139813	0.122353	-0.147536	0.000217422	0.164801	0	0	0.273926	-0.229277	-0.381419	0.470852	0.112654	0	0	-0.296867	0.0631423	-0.048593	0.165158	-0.360114	1.07526	0.589277	0.502338	0	0	-0.059901	-0.382729	0.794583	0.676752	0.950706	0	0
2.76394	-0.0157203	-0.0704557	-1.57978	-0.114253	1.03572	0.73605	-0.141581	0.121645	-0.1451	-9.55493e-05	0.166553	0	0	0.277102	-0.224527	-0.383527	0.447575	0.107235	0	0	-0.296666	0.06245	-0.0470984	0.167921	-0.361026	1.07314	0.590821	0.502345	0	0	-0.0605127	-0.381795	0.794458	0.676571	0.95053	0	0
2.77392	-0.0154585	-0.0697138	-1.58179	-0.11406	1.03551	0.73799	-0.143228	0.120902	-0.142745	-0.000287516	0.168356	0	0	0.280062	-0.219549	-0.38478	0.423825	0.101784	0	0	-0.296325	0.0617658	-0.0458967	0.170741	-0.361875	1.07087	0.592442	0.502512	0	0	-0.0610879	-0.38095	0.794242	0.676406	0.950303	0	0
2.78389	-0.0151785	-0.0688794	-1.58368	-0.113833	1.03529	0.73996	-0.144765	0.120128	-0.1405	-0.000386657	0.170194	0	0	0.282829	-0.214332	-0.385013	0.399683	0.0963911	0	0	-0.295848	0.0610985	-0.0450181	0.1736	-0.362662	1.06843	0.594162	0.502931	0	0	-0.0616085	-0.380202	0.793972	0.676238	0.950017	0	0
2.79387	-0.0148794	-0.0679541	-1.58541	-0.11357	1.03506	0.741962	-0.146204	0.119325	-0.138392	-0.0004183	0.172056	0	0	0.285418	-0.208869	-0.384074	0.375238	0.0911299	0	0	-0.295239	0.0604548	-0.0444803	0.176479	-0.363385	1.0658	0.596004	0.503692	0	0	-0.0620554	-0.379555	0.793681	0.676047	0.949667	0	0
2.80385	-0.0145606	-0.0669404	-1.58696	-0.113271	1.03481	0.743996	-0.147557	0.118493	-0.136439	-0.00040394	0.17394	0	0	0.287835	-0.203163	-0.381838	0.350583	0.0860497	0	0	-0.294505	0.0598394	-0.0442876	0.179354	-0.364045	1.06293	0.597988	0.504874	0	0	-0.0624086	-0.379015	0.793404	0.675819	0.949248	0	0
2.81383	-0.0142234	-0.0658415	-1.58834	-0.112937	1.03454	0.746063	-0.148833	0.117635	-0.134652	-0.000360925	0.175846	0	0	0.290079	-0.197228	-0.378211	0.325816	0.0811775	0	0	-0.293652	0.0592566	-0.0444317	0.1822	-0.364647	1.0598	0.600133	0.506552	0	0	-0.0626492	-0.378585	0.793172	0.67554	0.948758	0	0
2.82381	-0.0138734	-0.0646604	-1.58954	-0.112569	1.03426	0.748164	-0.15004	0.116756	-0.133038	-0.000302601	0.177782	0	0	0.292146	-0.191091	-0.373143	0.30105	0.0765224	0	0	-0.292686	0.0587128	-0.0448921	0.18499	-0.365194	1.0564	0.602456	0.508783	0	0	-0.0627599	-0.378267	0.793009	0.675201	0.948197	0	0
2.83379	-0.0135216	-0.0633991	-1.59056	-0.112169	1.03396	0.750303	-0.151183	0.115867	-0.131599	-0.000238734	0.179753	0	0	0.294032	-0.184801	-0.366634	0.276414	0.0720802	0	0	-0.291611	0.0582174	-0.0456375	0.187698	-0.365694	1.05271	0.604968	0.511603	0	0	-0.0627274	-0.378063	0.792934	0.674799	0.947568	0	0
2.84376	-0.0131848	-0.0620591	-1.59142	-0.111738	1.03365	0.752479	-0.152267	0.114982	-0.130333	-0.000176091	0.181765	0	0	0.295738	-0.178423	-0.358748	0.252063	0.0678373	0	0	-0.290427	0.0577842	-0.0466275	0.190298	-0.366154	1.04873	0.607674	0.515017	0	0	-0.0625433	-0.37797	0.792957	0.674333	0.946881	0	0
2.85374	-0.0128853	-0.060642	-1.59214	-0.111281	1.03332	0.754698	-0.153295	0.114122	-0.129231	-0.000119073	0.183822	0	0	0.297271	-0.172044	-0.349621	0.228179	0.0637768	0	0	-0.289135	0.0574303	-0.0478141	0.192768	-0.366582	1.0445	0.610573	0.518994	0	0	-0.0622052	-0.377987	0.793076	0.673811	0.94615	0	0
2.86372	-0.0126507	-0.0591488	-1.59274	-0.110799	1.03297	0.75696	-0.15427	0.113311	-0.128278	-7.0335e-05	0.185923	0	0	0.29865	-0.165767	-0.339471	0.204974	0.0598867	0	0	-0.287732	0.0571765	-0.0491443	0.19509	-0.366987	1.04006	0.613654	0.523459	0	0	-0.0617177	-0.37811	0.793275	0.673246	0.945394	0	0
2.8737	-0.0125104	-0.0575828	-1.59325	-0.110296	1.03261	0.75927	-0.155199	0.112576	-0.127457	-3.13513e-05	0.188067	0	0	0.299899	-0.159707	-0.328582	0.182688	0.05616	0	0	-0.286219	0.0570444	-0.0505627	0.197247	-0.367377	1.03547	0.616905	0.528303	0	0	-0.0610917	-0.378334	0.793525	0.672659	0.944639	0	0
2.88368	-0.0124944	-0.0559495	-1.59369	-0.109775	1.03222	0.761631	-0.156091	0.111944	-0.126745	-2.89976e-06	0.190246	0	0	0.301054	-0.153982	-0.317303	0.161581	0.0526032	0	0	-0.284598	0.0570551	-0.0520133	0.199228	-0.367761	1.03078	0.62031	0.533394	0	0	-0.060344	-0.378655	0.793787	0.672074	0.943911	0	0
2.89365	-0.012631	-0.0542571	-1.59411	-0.10924	1.03182	0.764045	-0.156963	0.111438	-0.126118	1.4553e-05	0.192452	0	0	0.302158	-0.148706	-0.306027	0.141928	0.0492404	0	0	-0.282874	0.0572274	-0.0534398	0.201018	-0.368147	1.02606	0.62385	0.538592	0	0	-0.0594945	-0.379067	0.794012	0.671522	0.943237	0	0
2.90363	-0.0129444	-0.0525173	-1.59453	-0.108692	1.0314	0.766517	-0.157833	0.111077	-0.125547	2.0569e-05	0.194677	0	0	0.303253	-0.143985	-0.295173	0.124004	0.0461163	0	0	-0.281058	0.0575753	-0.0547872	0.202605	-0.368543	1.02135	0.627506	0.543767	0	0	-0.0585656	-0.379562	0.794151	0.671036	0.942641	0	0
2.91361	-0.0134523	-0.0507455	-1.59499	-0.108135	1.03096	0.769049	-0.158727	0.110872	-0.125004	1.45659e-05	0.196909	0	0	0.304382	-0.139904	-0.285163	0.108068	0.0432937	0	0	-0.279165	0.0581056	-0.0560025	0.20398	-0.368957	1.01669	0.631253	0.548797	0	0	-0.0575817	-0.380135	0.79415	0.670649	0.942144	0	0
2.92359	-0.0141632	-0.0489614	-1.59553	-0.10757	1.03051	0.771645	-0.159675	0.110825	-0.124454	-4.24242e-06	0.199139	0	0	0.305573	-0.136528	-0.276392	0.0943444	0.0408476	0	0	-0.277215	0.058815	-0.0570364	0.205134	-0.369391	1.01214	0.635063	0.553574	0	0	-0.0565682	-0.380779	0.793959	0.670396	0.941762	0	0
2.93357	-0.0150744	-0.0471896	-1.59619	-0.106998	1.03004	0.774308	-0.160714	0.110924	-0.123859	-3.67864e-05	0.201358	0	0	0.306836	-0.133892	-0.269199	0.0830036	0.0388542	0	0	-0.275235	0.0596881	-0.0578442	0.206068	-0.369847	1.00774	0.6389	0.558009	0	0	-0.0555519	-0.381485	0.79353	0.670309	0.941509	0	0
2.94354	-0.0161712	-0.0454586	-1.597	-0.106422	1.02957	0.777042	-0.161885	0.111145	-0.12318	-8.39546e-05	0.203563	0	0	0.308156	-0.131997	-0.263844	0.0741419	0.0373786	0	0	-0.273255	0.0606969	-0.0583868	0.206785	-0.370322	1.00353	0.642725	0.562037	0	0	-0.0545598	-0.382246	0.79282	0.670415	0.941394	0	0
2.95352	-0.0174268	-0.0438003	-1.59802	-0.105842	1.02909	0.779849	-0.163232	0.111451	-0.122371	-0.000146271	0.205754	0	0	0.309489	-0.130817	-0.260486	0.0677703	0.0364613	0	0	-0.27131	0.0618007	-0.0586316	0.207294	-0.370809	0.999549	0.646492	0.565625	0	0	-0.0536182	-0.383055	0.791795	0.670737	0.941425	0	0
2.9635	-0.0188037	-0.0422466	-1.59929	-0.105258	1.02861	0.782733	-0.164794	0.111792	-0.121388	-0.000223427	0.207933	0	0	0.310768	-0.130296	-0.259175	0.06381	0.0361075	0	0	-0.269434	0.0629486	-0.0585553	0.20761	-0.371297	0.995851	0.65015	0.568759	0	0	-0.0527526	-0.383903	0.790429	0.671293	0.941607	0	0
2.97348	-0.0202562	-0.0408252	-1.60083	-0.10467	1.02813	0.785695	-0.166604	0.112113	-0.120188	-0.000313664	0.210111	0	0	0.311908	-0.130351	-0.259852	0.0620953	0.0362773	0	0	-0.267658	0.0640829	-0.058147	0.207756	-0.371773	0.992482	0.653646	0.571446	0	0	-0.0519863	-0.384782	0.788707	0.672091	0.941947	0	0
2.98346	-0.0217347	-0.0395544	-1.60269	-0.104077	1.02766	0.788737	-0.168678	0.112357	-0.118738	-0.000413009	0.212299	0	0	0.312823	-0.130885	-0.262354	0.0623849	0.0368818	0	0	-0.266005	0.0651452	-0.0574113	0.207763	-0.37222	0.989496	0.656922	0.573707	0	0	-0.0513384	-0.385685	0.786625	0.673133	0.942446	0	0
2.99344	-0.0231925	-0.0384344	-1.60486	-0.103475	1.0272	0.791856	-0.171004	0.112473	-0.117019	-0.00051438	0.214513	0	0	0.313449	-0.13179	-0.266426	0.064382	0.0377828	0	0	-0.264479	0.0660853	-0.0563727	0.207664	-0.372618	0.98694	0.659925	0.575578	0	0	-0.0508218	-0.386605	0.784189	0.674412	0.943109	0	0
3.00341	-0.0245848	-0.0374515	-1.60733	-0.102861	1.02675	0.795048	-0.173544	0.112417	-0.115031	-0.000606601	0.216766	0	0	0.31374	-0.132952	-0.27174	0.0677485	0.0387962	0	0	-0.263075	0.0668595	-0.0550743	0.207502	-0.372947	0.984868	0.662598	0.577096	0	0	-0.0504411	-0.387535	0.781423	0.67591	0.943936	0	0
3.01339	-0.025869	-0.0365805	-1.61009	-0.10223	1.0263	0.798308	-0.176245	0.112148	-0.112793	-0.000673395	0.219071	0	0	0.313673	-0.134253	-0.277921	0.0721255	0.0397007	0	0	-0.261773	0.0674316	-0.0535769	0.20732	-0.373183	0.983335	0.664885	0.578297	0	0	-0.0501912	-0.388471	0.778373	0.677595	0.944919	0	0
3.02337	-0.0270045	-0.0357927	-1.6131	-0.101576	1.02587	0.801629	-0.179043	0.111633	-0.110339	-0.000692474	0.221435	0	0	0.313243	-0.135578	-0.284583	0.0771535	0.0402527	0	0	-0.260551	0.0677704	-0.0519519	0.207164	-0.373301	0.982396	0.666732	0.579204	0	0	-0.0500571	-0.389408	0.775101	0.679426	0.946037	0	0
3.03335	-0.0279523	-0.0350614	-1.6163	-0.100894	1.02545	0.805003	-0.181875	0.11084	-0.107721	-0.000634876	0.223858	0	0	0.312461	-0.136812	-0.291353	0.0824938	0.0402051	0	0	-0.259388	0.0678491	-0.0502758	0.207074	-0.373278	0.9821	0.668092	0.579831	0	0	-0.0500128	-0.390344	0.771697	0.681346	0.947256	0	0
3.04333	-0.0286765	-0.0343658	-1.61964	-0.100178	1.02504	0.808426	-0.184684	0.10974	-0.104997	-0.000464771	0.226329	0	0	0.311349	-0.137856	-0.2979	0.0878489	0.0393291	0	0	-0.258264	0.0676462	-0.048623	0.207082	-0.373093	0.982478	0.668928	0.580176	0	0	-0.0500212	-0.391274	0.768271	0.683289	0.948522	0	0
3.0533	-0.0291472	-0.0336925	-1.62307	-0.0994229	1.02465	0.811891	-0.187422	0.108309	-0.10225	-0.000140039	0.228844	0	0	0.309947	-0.138625	-0.303976	0.0929916	0.0374439	0	0	-0.257171	0.0671471	-0.0470629	0.207208	-0.372733	0.983539	0.669221	0.58024	0	0	-0.0500453	-0.392196	0.764918	0.685191	0.949804	0	0
3.06328	-0.0293437	-0.0330352	-1.62654	-0.0986242	1.02428	0.815395	-0.190052	0.106532	-0.0995639	0.00038605	0.231386	0	0	0.308308	-0.139059	-0.309401	0.0977693	0.0344307	0	0	-0.256104	0.0663473	-0.0456542	0.207455	-0.372195	0.985262	0.668971	0.58002	0	0	-0.0500451	-0.393104	0.761728	0.686988	0.951088	0	0
3.07326	-0.029257	-0.0323936	-1.62999	-0.0977774	1.02394	0.818934	-0.192551	0.104403	-0.0970237	0.00116161	0.233926	0	0	0.306495	-0.139124	-0.314072	0.102108	0.0302463	0	0	-0.255064	0.0652553	-0.0444406	0.207808	-0.371484	0.987595	0.668201	0.579516	0	0	-0.0499764	-0.393989	0.758789	0.688615	0.95236	0	0
3.08324	-0.0288923	-0.0317706	-1.63338	-0.0968787	1.02364	0.822506	-0.194906	0.10193	-0.0947066	0.00223094	0.236425	0	0	0.304581	-0.138813	-0.31795	0.106013	0.0249329	0	0	-0.254055	0.0638947	-0.0434477	0.208238	-0.370619	0.990451	0.666954	0.578734	0	0	-0.049792	-0.394843	0.756192	0.690013	0.953602	0	0
3.09322	-0.0282704	-0.0311691	-1.63666	-0.0959248	1.02338	0.82611	-0.197115	0.099135	-0.0926771	0.0036268	0.238831	0	0	0.302648	-0.138148	-0.32105	0.109559	0.0186201	0	0	-0.25308	0.0623053	-0.0426815	0.208692	-0.369632	0.99371	0.665298	0.57769	0	0	-0.0494428	-0.395652	0.754024	0.691129	0.954788	0	0
3.10319	-0.0274248	-0.0305919	-1.6398	-0.0949132	1.02317	0.829745	-0.199186	0.0960516	-0.0909751	0.00535986	0.241083	0	0	0.300776	-0.137173	-0.323441	0.112874	0.0115124	0	0	-0.25214	0.0605392	-0.0421316	0.209112	-0.368564	0.997235	0.663311	0.576412	0	0	-0.0488873	-0.396402	0.752349	0.691924	0.955892	0	0
3.11317	-0.0264002	-0.0300397	-1.64277	-0.0938422	1.023	0.833411	-0.201135	0.0927237	-0.0896135	0.00741255	0.243115	0	0	0.299043	-0.13595	-0.325219	0.116121	0.00387316	0	0	-0.251238	0.0586574	-0.0417745	0.209436	-0.367461	1.00089	0.661083	0.574935	0	0	-0.0480966	-0.39708	0.751201	0.692381	0.956897	0	0
3.12315	-0.0252482	-0.0295103	-1.64556	-0.0927112	1.0229	0.837107	-0.202983	0.089202	-0.0885798	0.00974731	0.24486	0	0	0.297514	-0.134553	-0.326498	0.119472	-0.00399656	0	0	-0.250369	0.0567259	-0.0415768	0.209606	-0.366372	1.00454	0.658699	0.573301	0	0	-0.0470566	-0.397673	0.75058	0.692503	0.957794	0	0
3.13313	-0.0240237	-0.0289981	-1.64816	-0.0915205	1.02285	0.840833	-0.204751	0.0855394	-0.0878414	0.0123149	0.246253	0	0	0.296238	-0.133055	-0.327394	0.123089	-0.0117822	0	0	-0.249531	0.0548107	-0.0414992	0.209575	-0.365342	1.0081	0.65624	0.571548	0	0	-0.0457696	-0.39817	0.750448	0.692313	0.958585	0	0
3.14311	-0.0227811	-0.0284943	-1.65057	-0.0902714	1.02286	0.844589	-0.206458	0.0817878	-0.087349	0.0150608	0.247241	0	0	0.295244	-0.131527	-0.328015	0.1271	-0.0191774	0	0	-0.248714	0.0529731	-0.0414978	0.209306	-0.364417	1.01147	0.653778	0.569716	0	0	-0.0442534	-0.398563	0.750737	0.691855	0.959282	0	0
3.15309	-0.0215704	-0.0279876	-1.65281	-0.0889663	1.02293	0.848372	-0.208118	0.0779945	-0.0870419	0.017931	0.247778	0	0	0.29454	-0.13003	-0.328457	0.131593	-0.0259071	0	0	-0.24791	0.0512663	-0.0415279	0.208778	-0.363633	1.01462	0.651369	0.567841	0	0	-0.0425396	-0.398848	0.751356	0.691192	0.9599	0	0
3.16306	-0.0204336	-0.0274658	-1.6549	-0.0876086	1.02305	0.85218	-0.209738	0.0741985	-0.0868538	0.0208773	0.247835	0	0	0.29411	-0.128609	-0.328801	0.136597	-0.0317463	0	0	-0.247109	0.0497306	-0.0415466	0.207986	-0.363016	1.01753	0.649053	0.565957	0	0	-0.0406715	-0.399029	0.752192	0.690398	0.960464	0	0
3.17304	-0.0194027	-0.0269168	-1.65686	-0.0862025	1.02322	0.856011	-0.211323	0.0704289	-0.0867183	0.0238598	0.2474	0	0	0.293914	-0.127294	-0.329112	0.14209	-0.0365335	0	0	-0.246303	0.0483922	-0.041516	0.206944	-0.362583	1.02021	0.646854	0.564087	0	0	-0.0387024	-0.399113	0.75312	0.689561	0.960999	0	0
3.18302	-0.0184985	-0.0263302	-1.65874	-0.084753	1.02344	0.859861	-0.212869	0.0667039	-0.0865745	0.0268499	0.246473	0	0	0.293897	-0.126099	-0.329444	0.148	-0.0401773	0	0	-0.245485	0.047262	-0.0414053	0.205681	-0.36234	1.02273	0.644772	0.562243	0	0	-0.036692	-0.399114	0.754013	0.68877	0.961538	0	0
3.193	-0.0177312	-0.0256981	-1.66057	-0.0832659	1.02371	0.863728	-0.214372	0.0630324	-0.0863692	0.0298283	0.24507	0	0	0.293988	-0.125021	-0.329841	0.154213	-0.0426543	0	0	-0.24465	0.0463374	-0.0411932	0.204242	-0.362278	1.02517	0.642793	0.560426	0	0	-0.0347042	-0.399053	0.75474	0.688121	0.962114	0	0
3.20298	-0.0171023	-0.0250159	-1.66237	-0.081747	1.02401	0.867608	-0.215825	0.0594158	-0.0860603	0.0327855	0.243217	0	0	0.294109	-0.12405	-0.33034	0.160589	-0.0440037	0	0	-0.243796	0.0456047	-0.040868	0.202679	-0.362381	1.02762	0.640891	0.558628	0	0	-0.0328038	-0.398954	0.755184	0.687704	0.962765	0	0
3.21295	-0.0166061	-0.0242829	-1.66419	-0.0802026	1.02434	0.871498	-0.217221	0.0558504	-0.0856178	0.0357192	0.240951	0	0	0.294182	-0.123163	-0.330971	0.166975	-0.0443181	0	0	-0.242927	0.045042	-0.0404285	0.201053	-0.362625	1.03021	0.639029	0.556836	0	0	-0.0310532	-0.398847	0.755235	0.687601	0.963531	0	0
3.22293	-0.0162307	-0.0235029	-1.66605	-0.0786387	1.02469	0.875397	-0.218557	0.0523276	-0.085026	0.0386332	0.238312	0	0	0.29413	-0.122337	-0.331761	0.17322	-0.0437314	0	0	-0.242048	0.044621	-0.0398833	0.199426	-0.362977	1.03304	0.637167	0.555031	0	0	-0.029509	-0.398763	0.754808	0.687885	0.964452	0	0
3.23291	-0.0159585	-0.0226843	-1.66797	-0.0770609	1.02507	0.879303	-0.219832	0.0488351	-0.0842834	0.0415359	0.235347	0	0	0.293884	-0.121541	-0.33273	0.179186	-0.0424041	0	0	-0.241167	0.0443088	-0.0392505	0.197856	-0.363402	1.03621	0.63526	0.553197	0	0	-0.0282175	-0.398734	0.753842	0.688609	0.965569	0	0
3.24289	-0.0157684	-0.0218391	-1.66995	-0.0754739	1.02546	0.883214	-0.221049	0.0453578	-0.0834017	0.0444385	0.232103	0	0	0.29339	-0.120742	-0.333891	0.184756	-0.0405084	0	0	-0.240296	0.0440703	-0.038556	0.196396	-0.363862	1.0398	0.63327	0.551316	0	0	-0.0272121	-0.398791	0.752306	0.689805	0.966915	0	0
3.25287	-0.0156368	-0.0209821	-1.672	-0.0738816	1.02586	0.887131	-0.222216	0.0418793	-0.0824033	0.0473542	0.228625	0	0	0.292605	-0.119909	-0.335248	0.189848	-0.0382104	0	0	-0.239449	0.0438705	-0.0378312	0.195087	-0.364319	1.04387	0.63116	0.549376	0	0	-0.0265108	-0.398961	0.750203	0.691483	0.968519	0	0
3.26284	-0.0155397	-0.0201294	-1.67411	-0.0722866	1.02627	0.891053	-0.223341	0.0383834	-0.0813181	0.0502964	0.224959	0	0	0.291508	-0.119012	-0.336796	0.194415	-0.0356583	0	0	-0.238637	0.0436766	-0.0371109	0.19396	-0.36474	1.04845	0.628903	0.547363	0	0	-0.0261154	-0.399268	0.747567	0.693626	0.970398	0	0
3.27282	-0.0154542	-0.0192973	-1.67626	-0.0706907	1.02668	0.894982	-0.224434	0.0348551	-0.0801788	0.0532788	0.221143	0	0	0.290093	-0.118023	-0.338515	0.198445	-0.0329721	0	0	-0.237874	0.0434598	-0.0364304	0.193033	-0.365094	1.05353	0.626484	0.545271	0	0	-0.0260112	-0.399729	0.744462	0.696194	0.972552	0	0
3.2828	-0.0153596	-0.0185011	-1.67843	-0.0690943	1.02708	0.898916	-0.225507	0.0312815	-0.0790178	0.0563141	0.217213	0	0	0.288371	-0.116919	-0.340374	0.201962	-0.0302383	0	0	-0.237169	0.0431965	-0.0358238	0.192309	-0.365356	1.05907	0.623898	0.543097	0	0	-0.026168	-0.400356	0.740978	0.699123	0.974967	0	0
3.29278	-0.0152384	-0.0177541	-1.68059	-0.0674972	1.02749	0.902858	-0.22657	0.0276526	-0.0778634	0.0594148	0.2132	0	0	0.286369	-0.115682	-0.342329	0.205016	-0.0275078	0	0	-0.23653	0.0428681	-0.035321	0.191781	-0.36551	1.06501	0.621151	0.54084	0	0	-0.026542	-0.401152	0.737226	0.702331	0.977609	0	0
3.30276	-0.0150765	-0.0170664	-1.68271	-0.0658985	1.02788	0.906808	-0.227629	0.023961	-0.0767378	0.062593	0.209133	0	0	0.284125	-0.114299	-0.34433	0.207681	-0.0247973	0	0	-0.235964	0.042462	-0.0349456	0.19143	-0.365545	1.07125	0.618264	0.538506	0	0	-0.027078	-0.402115	0.733331	0.70572	0.980424	0	0
3.31274	-0.0148633	-0.0164451	-1.68477	-0.0642971	1.02826	0.910764	-0.228689	0.0202025	-0.0756557	0.0658612	0.205033	0	0	0.281683	-0.112764	-0.346324	0.210044	-0.0220937	0	0	-0.235473	0.0419698	-0.0347147	0.191229	-0.365458	1.07768	0.615265	0.5361	0	0	-0.027714	-0.403236	0.729422	0.70918	0.983345	0	0
3.32271	-0.0145922	-0.0158927	-1.68674	-0.0626915	1.02863	0.914727	-0.229746	0.016376	-0.0746247	0.0692326	0.200921	0	0	0.279094	-0.111075	-0.348258	0.212198	-0.0193614	0	0	-0.235056	0.0413878	-0.0346367	0.191147	-0.365249	1.08419	0.612189	0.533625	0	0	-0.0283837	-0.4045	0.725628	0.712597	0.986288	0	0
3.33269	-0.0142593	-0.0154078	-1.68861	-0.0610807	1.02899	0.918695	-0.230794	0.0124831	-0.0736465	0.072721	0.196811	0	0	0.276407	-0.109235	-0.350088	0.214233	-0.0165504	0	0	-0.234709	0.0407153	-0.0347125	0.191153	-0.364927	1.09065	0.609077	0.531084	0	0	-0.0290215	-0.405889	0.722069	0.715857	0.989164	0	0
3.34267	-0.0138643	-0.0149845	-1.69036	-0.059464	1.02933	0.922666	-0.231818	0.00852864	-0.0727192	0.0763411	0.192717	0	0	0.27367	-0.107255	-0.351779	0.216228	-0.0136051	0	0	-0.234426	0.0399545	-0.0349349	0.191215	-0.364502	1.09694	0.605971	0.528478	0	0	-0.029565	-0.407381	0.718849	0.718853	0.991876	0	0
3.35265	-0.0134094	-0.0146128	-1.69198	-0.0578413	1.02966	0.926636	-0.2328	0.00452056	-0.0718395	0.0801074	0.188646	0	0	0.270925	-0.105148	-0.353309	0.218249	-0.0104727	0	0	-0.234196	0.0391099	-0.0352895	0.191302	-0.363987	1.10296	0.602918	0.525809	0	0	-0.0299577	-0.408951	0.716057	0.721485	0.994331	0	0
3.36263	-0.0128992	-0.0142792	-1.69348	-0.0562132	1.02997	0.930604	-0.233715	0.00046986	-0.071006	0.0840334	0.184603	0	0	0.268207	-0.102931	-0.354669	0.220341	-0.00711016	0	0	-0.234005	0.0381877	-0.0357565	0.191389	-0.363398	1.10861	0.599963	0.523086	0	0	-0.0301524	-0.410575	0.713759	0.723671	0.996439	0	0
3.3726	-0.0123402	-0.0139679	-1.69486	-0.0545808	1.03027	0.934565	-0.234539	-0.00360972	-0.0702209	0.0881305	0.180588	0	0	0.26554	-0.100621	-0.355862	0.222525	-0.00348875	0	0	-0.233839	0.0371953	-0.0363128	0.191454	-0.362752	1.11381	0.597149	0.520323	0	0	-0.0301134	-0.41223	0.711996	0.725345	0.998124	0	0
3.38258	-0.0117405	-0.0136613	-1.69612	-0.052946	1.03055	0.938515	-0.235245	-0.00770217	-0.0694918	0.092406	0.176597	0	0	0.262942	-0.0982396	-0.356903	0.224804	0.000402838	0	0	-0.233681	0.0361408	-0.0369343	0.191481	-0.362065	1.11848	0.594519	0.517544	0	0	-0.0298188	-0.413895	0.710779	0.726466	0.99933	0	0
3.39256	-0.0111087	-0.0133423	-1.69728	-0.0513109	1.03082	0.94245	-0.23581	-0.0117898	-0.068832	0.0968615	0.172621	0	0	0.26042	-0.0958037	-0.357812	0.227159	0.00455814	0	0	-0.233517	0.0350328	-0.0375971	0.191456	-0.361353	1.12258	0.592112	0.514793	0	0	-0.0292608	-0.415553	0.710093	0.727016	1.00002	0	0
3.40254	-0.0104542	-0.0129945	-1.69834	-0.0496781	1.03108	0.946367	-0.236216	-0.015854	-0.0682601	0.101492	0.168643	0	0	0.257971	-0.0933296	-0.358611	0.229556	0.00895445	0	0	-0.233332	0.0338801	-0.0382795	0.191371	-0.360632	1.12606	0.589968	0.512129	0	0	-0.0284446	-0.417189	0.709899	0.727	1.00019	0	0
3.41252	-0.00978607	-0.0126039	-1.69931	-0.04805	1.03133	0.950262	-0.236452	-0.0198765	-0.0677984	0.106286	0.164646	0	0	0.255588	-0.0908298	-0.359321	0.231951	0.0135561	0	0	-0.233114	0.0326915	-0.0389621	0.191216	-0.359919	1.12889	0.588125	0.50964	0	0	-0.0273874	-0.418795	0.710136	0.726448	0.99985	0	0
3.42249	-0.00911297	-0.0121594	-1.70019	-0.0464288	1.03157	0.954132	-0.236514	-0.0238401	-0.0674713	0.111222	0.160605	0	0	0.253259	-0.0883124	-0.359958	0.234291	0.0183191	0	0	-0.232854	0.0314755	-0.039629	0.190981	-0.359231	1.13103	0.586623	0.507438	0	0	-0.0261163	-0.420365	0.710725	0.725408	0.999037	0	0
3.43247	-0.00844149	-0.011653	-1.70099	-0.0448163	1.0318	0.957976	-0.236405	-0.027731	-0.0673051	0.116276	0.156495	0	0	0.250968	-0.0857803	-0.360529	0.236526	0.0231971	0	0	-0.232545	0.0302392	-0.0402737	0.190671	-0.358579	1.13248	0.585486	0.505586	0	0	-0.0246705	-0.421899	0.711575	0.72395	0.997801	0	0
3.44245	-0.00777649	-0.0110803	-1.70171	-0.0432139	1.03203	0.961793	-0.236136	-0.0315393	-0.0673233	0.121419	0.152289	0	0	0.2487	-0.0832313	-0.361033	0.238608	0.0281455	0	0	-0.232182	0.0289884	-0.0408962	0.190298	-0.357973	1.1333	0.584726	0.504117	0	0	-0.023097	-0.423401	0.712587	0.722155	0.996201	0	0
3.45243	-0.00712181	-0.0104407	-1.70233	-0.0416221	1.03224	0.965581	-0.235725	-0.035258	-0.0675418	0.126616	0.147961	0	0	0.24644	-0.0806598	-0.361457	0.240499	0.0331221	0	0	-0.231763	0.0277284	-0.0415001	0.189875	-0.35742	1.13353	0.584355	0.503053	0	0	-0.0214459	-0.424877	0.713659	0.720113	0.994307	0	0
3.46241	-0.0064805	-0.009737	-1.70286	-0.0400409	1.03245	0.969341	-0.235196	-0.038883	-0.0679663	0.131831	0.143487	0	0	0.244176	-0.0780581	-0.36178	0.242171	0.0380894	0	0	-0.231288	0.0264646	-0.0420906	0.189417	-0.35693	1.13323	0.584376	0.502408	0	0	-0.0197677	-0.426335	0.714696	0.717919	0.992196	0	0
3.47239	-0.00585483	-0.00897542	-1.7033	-0.0384696	1.03265	0.973073	-0.234579	-0.0424136	-0.0685905	0.137026	0.138848	0	0	0.241897	-0.0754179	-0.361978	0.243609	0.0430169	0	0	-0.230763	0.025202	-0.0426724	0.188936	-0.356511	1.13246	0.58479	0.502193	0	0	-0.0181095	-0.427782	0.71561	0.715669	0.98995	0	0
3.48236	-0.0052463	-0.0081646	-1.70363	-0.0369072	1.03285	0.97678	-0.233903	-0.0458518	-0.069397	0.142167	0.13403	0	0	0.239597	-0.0727311	-0.362022	0.24481	0.0478825	0	0	-0.230196	0.023945	-0.0432474	0.188441	-0.356172	1.13127	0.585596	0.502421	0	0	-0.0165126	-0.429228	0.716325	0.71345	0.987653	0	0
3.49234	-0.00465575	-0.00731466	-1.70386	-0.0353523	1.03303	0.980462	-0.233196	-0.0492019	-0.0703589	0.147226	0.129025	0	0	0.237271	-0.0699921	-0.361888	0.245785	0.0526722	0	0	-0.229596	0.0226975	-0.0438139	0.187938	-0.355921	1.1297	0.586783	0.503099	0	0	-0.01501	-0.430677	0.716785	0.711342	0.985386	0	0
3.50232	-0.00408358	-0.00643613	-1.704	-0.0338034	1.0332	0.984121	-0.232483	-0.05247	-0.0714429	0.152185	0.123835	0	0	0.23492	-0.0671981	-0.361558	0.246552	0.0573794	0	0	-0.228974	0.0214626	-0.0443664	0.187432	-0.355762	1.12778	0.588336	0.504232	0	0	-0.0136259	-0.432134	0.716952	0.70941	0.983221	0	0
3.5123	-0.00352994	-0.00553872	-1.70404	-0.032259	1.03336	0.987759	-0.23178	-0.0556626	-0.0726131	0.157033	0.118468	0	0	0.232545	-0.0643506	-0.361021	0.247139	0.0620032	0	0	-0.228338	0.0202428	-0.0448955	0.186927	-0.355701	1.12555	0.59023	0.505811	0	0	-0.0123747	-0.433599	0.71681	0.707702	0.981219	0	0
3.52228	-0.00299515	-0.00463045	-1.704	-0.0307179	1.0335	0.991376	-0.231097	-0.0587856	-0.0738348	0.161774	0.112939	0	0	0.230151	-0.0614556	-0.360282	0.247574	0.066546	0	0	-0.227697	0.0190408	-0.0453893	0.186426	-0.355736	1.12305	0.592433	0.507818	0	0	-0.0112621	-0.435072	0.71636	0.70625	0.97943	0	0
3.53225	-0.00248005	-0.00371688	-1.70389	-0.0291795	1.03363	0.994974	-0.230435	-0.0618431	-0.0750792	0.166418	0.107273	0	0	0.227743	-0.0585236	-0.359354	0.24789	0.0710115	0	0	-0.227055	0.0178591	-0.0458355	0.185936	-0.355861	1.12031	0.5949	0.510218	0	0	-0.0102865	-0.436548	0.715622	0.70507	0.977885	0	0
3.54223	-0.00198618	-0.00280075	-1.70371	-0.027643	1.03375	0.998552	-0.229785	-0.0648367	-0.0763269	0.170985	0.101498	0	0	0.22533	-0.0555691	-0.358261	0.248114	0.0754033	0	0	-0.226415	0.0167009	-0.0462233	0.185465	-0.356069	1.1174	0.597579	0.512958	0	0	-0.00944054	-0.438022	0.71463	0.70416	0.9766	0	0
3.55221	-0.00151528	-0.00188244	-1.70347	-0.0261085	1.03385	1.00211	-0.229134	-0.0677662	-0.0775753	0.175504	0.0956403	0	0	0.222918	-0.0526083	-0.357032	0.248271	0.0797256	0	0	-0.225773	0.0155695	-0.0465454	0.185023	-0.356344	1.11434	0.600412	0.515972	0	0	-0.00871302	-0.439484	0.713428	0.703506	0.975572	0	0
3.56219	-0.00106977	-0.000960289	-1.70318	-0.0245759	1.03393	1.00565	-0.228462	-0.0706293	-0.0788389	0.18001	0.0897288	0	0	0.220513	-0.0496582	-0.3557	0.248376	0.0839823	0	0	-0.225127	0.0144688	-0.0467994	0.18462	-0.356672	1.1112	0.603342	0.519192	0	0	-0.00809081	-0.440925	0.712067	0.703083	0.974782	0	0
3.57217	-0.000653106	-3.11921e-05	-1.70284	-0.0230454	1.03401	1.00917	-0.227746	-0.0734211	-0.0801486	0.184539	0.0837875	0	0	0.218119	-0.0467356	-0.354295	0.24844	0.0881759	0	0	-0.22447	0.0134041	-0.0469893	0.184265	-0.357036	1.108	0.606312	0.522548	0	0	-0.00756067	-0.442337	0.710598	0.70286	0.974196	0	0
3.58214	-0.000270007	0.000908669	-1.70245	-0.0215172	1.03407	1.01267	-0.226963	-0.0761343	-0.0815484	0.189127	0.077836	0	0	0.215738	-0.0438563	-0.352844	0.248466	0.0923077	0	0	-0.223797	0.0123823	-0.0471256	0.183969	-0.357418	1.1048	0.60927	0.525976	0	0	-0.00711091	-0.443709	0.709072	0.702802	0.973773	0	0
3.59212	7.34944e-05	0.00186306	-1.70201	-0.0199913	1.03413	1.01615	-0.226092	-0.0787599	-0.0830921	0.19381	0.0718887	0	0	0.213371	-0.0410344	-0.351362	0.24845	0.096378	0	0	-0.223101	0.0114119	-0.0472253	0.183737	-0.357803	1.10161	0.612175	0.529421	0	0	-0.00673252	-0.445031	0.707533	0.702874	0.97347	0	0
3.6021	0.000370243	0.00283498	-1.70149	-0.0184677	1.03418	1.01961	-0.225113	-0.0812881	-0.0848381	0.19862	0.0659539	0	0	0.211015	-0.0382815	-0.349857	0.248387	0.100386	0	0	-0.222376	0.0105029	-0.0473105	0.183575	-0.358179	1.09844	0.614994	0.532837	0	0	-0.00641971	-0.446296	0.706018	0.703043	0.973244	0	0
3.61208	0.000612421	0.00382604	-1.7009	-0.0169462	1.03422	1.02304	-0.22401	-0.08371	-0.0868445	0.203586	0.0600339	0	0	0.208666	-0.0356065	-0.348327	0.248267	0.104333	0	0	-0.221621	0.00966615	-0.0474066	0.183482	-0.358536	1.0953	0.617705	0.536193	0	0	-0.00616976	-0.447496	0.704555	0.703283	0.973059	0	0
3.62206	0.000792256	0.00483611	-1.70021	-0.0154266	1.03426	1.02645	-0.222767	-0.0860191	-0.0891644	0.208739	0.0541256	0	0	0.206321	-0.0330153	-0.34676	0.248081	0.108219	0	0	-0.220835	0.00891236	-0.0475398	0.183455	-0.35887	1.09217	0.620303	0.539476	0	0	-0.00598234	-0.448623	0.703165	0.70357	0.972883	0	0
3.63204	0.000902971	0.00586311	-1.69942	-0.0139084	1.03429	1.02984	-0.221369	-0.0882137	-0.0918419	0.214108	0.048221	0	0	0.203972	-0.0305102	-0.345137	0.247821	0.112048	0	0	-0.220021	0.00825115	-0.0477343	0.183484	-0.359181	1.08903	0.622794	0.542686	0	0	-0.00585844	-0.449675	0.70186	0.703889	0.972698	0	0
3.64201	0.000939084	0.00690312	-1.69853	-0.0123914	1.03432	1.03321	-0.219801	-0.0902968	-0.0949055	0.219728	0.0423112	0	0	0.201615	-0.0280911	-0.343437	0.247482	0.115822	0	0	-0.219186	0.00769033	-0.0480099	0.183557	-0.359475	1.08582	0.625195	0.545838	0	0	-0.00579916	-0.450647	0.700649	0.704232	0.972491	0	0
3.65199	0.000897256	0.00795053	-1.69752	-0.0108757	1.03435	1.03654	-0.218046	-0.0922772	-0.0983636	0.225637	0.0363879	0	0	0.199244	-0.0257561	-0.341641	0.247061	0.119543	0	0	-0.218338	0.00723481	-0.0483804	0.183658	-0.359758	1.08251	0.627528	0.548948	0	0	-0.00580489	-0.451538	0.699539	0.704593	0.972261	0	0
3.66197	0.000777403	0.00899837	-1.69641	-0.00936137	1.03438	1.03986	-0.216084	-0.094171	-0.102204	0.231877	0.0304442	0	0	0.196852	-0.0235004	-0.339733	0.24656	0.123213	0	0	-0.217488	0.00688526	-0.0488522	0.183771	-0.360042	1.07905	0.62982	0.552031	0	0	-0.00587471	-0.452346	0.698536	0.704973	0.972009	0	0
3.67195	0.000583669	0.0100388	-1.6952	-0.00784924	1.0344	1.04314	-0.21389	-0.0960022	-0.106396	0.238502	0.0244739	0	0	0.194437	-0.0213168	-0.337708	0.245982	0.126833	0	0	-0.216646	0.006637	-0.0494239	0.183884	-0.360338	1.07541	0.632099	0.555098	0	0	-0.00600586	-0.453075	0.697644	0.705374	0.971745	0	0
3.68193	0.000325118	0.0110634	-1.69393	-0.00634034	1.03442	1.04639	-0.211434	-0.0978035	-0.110892	0.245571	0.0184711	0	0	0.191994	-0.0191949	-0.33557	0.245333	0.130401	0	0	-0.215827	0.00647933	-0.0500864	0.183981	-0.360655	1.07154	0.634391	0.558152	0	0	-0.0061936	-0.453726	0.696871	0.705803	0.971483	0	0
3.6919	1.60097e-05	0.0120642	-1.6926	-0.00483604	1.03444	1.04961	-0.208679	-0.0996153	-0.115635	0.253155	0.0124282	0	0	0.18952	-0.0171213	-0.333335	0.244619	0.133913	0	0	-0.21504	0.0063953	-0.0508245	0.184052	-0.361004	1.06744	0.636717	0.561189	0	0	-0.00643133	-0.454303	0.696224	0.706265	0.971239	0	0
3.70188	-0.000324428	0.0130336	-1.69124	-0.00333795	1.03444	1.0528	-0.205583	-0.101485	-0.120557	0.261333	0.00633364	0	0	0.187013	-0.0150793	-0.33103	0.243847	0.137365	0	0	-0.214296	0.00636221	-0.0516186	0.184091	-0.361392	1.06308	0.639094	0.564199	0	0	-0.00671105	-0.454811	0.695712	0.706765	0.971031	0	0
3.71186	-0.000672781	0.013965	-1.6899	-0.00184777	1.03443	1.05595	-0.202103	-0.103466	-0.125592	0.270189	0.000168678	0	0	0.184471	-0.0130493	-0.328692	0.24302	0.140747	0	0	-0.213603	0.00635263	-0.0524478	0.184094	-0.361824	1.05848	0.641528	0.567165	0	0	-0.00702401	-0.455255	0.695344	0.707307	0.970879	0	0
3.72184	-0.00100278	0.0148529	-1.68859	-0.000367163	1.03442	1.05906	-0.198191	-0.105612	-0.130673	0.279809	-0.00609535	0	0	0.181893	-0.0110101	-0.326364	0.242138	0.144048	0	0	-0.212967	0.00633608	-0.053292	0.184064	-0.3623	1.05366	0.644018	0.570063	0	0	-0.00736166	-0.455641	0.695129	0.707892	0.970803	0	0
3.73182	-0.00128715	0.0156926	-1.68735	0.00110235	1.03439	1.06212	-0.193804	-0.107977	-0.135739	0.290276	-0.0124993	0	0	0.179276	-0.00893943	-0.324094	0.241199	0.147252	0	0	-0.212391	0.00628113	-0.0541357	0.184009	-0.362817	1.04865	0.646552	0.572865	0	0	-0.00771656	-0.455975	0.695071	0.708515	0.970821	0	0
3.74179	-0.00149945	0.01648	-1.68619	0.00255952	1.03435	1.06515	-0.188902	-0.110612	-0.140735	0.301668	-0.019098	0	0	0.176616	-0.00681573	-0.321928	0.240195	0.150343	0	0	-0.211875	0.00615768	-0.0549696	0.183941	-0.363367	1.0435	0.649112	0.575541	0	0	-0.008083	-0.45626	0.695177	0.709169	0.970953	0	0
3.75177	-0.00161643	0.0172113	-1.68513	0.0040034	1.03429	1.06812	-0.183452	-0.113559	-0.145617	0.314054	-0.0259587	0	0	0.173906	-0.00461945	-0.31991	0.239114	0.153305	0	0	-0.21142	0.00593948	-0.0557929	0.183878	-0.36394	1.03827	0.65167	0.57806	0	0	-0.00845744	-0.4565	0.695445	0.709841	0.971217	0	0
3.76175	-0.00162029	0.0178823	-1.68418	0.00543331	1.03422	1.07104	-0.177431	-0.11685	-0.150345	0.327486	-0.0331575	0	0	0.171139	-0.00233527	-0.318073	0.237942	0.15612	0	0	-0.211024	0.00560653	-0.0566137	0.183841	-0.36452	1.03304	0.654191	0.58039	0	0	-0.00883879	-0.456697	0.695873	0.710512	0.971628	0	0
3.77173	-0.0014992	0.018489	-1.68332	0.00684893	1.03414	1.07392	-0.170824	-0.120504	-0.15489	0.342003	-0.0407748	0	0	0.168303	4.82422e-05	-0.316437	0.23666	0.158775	0	0	-0.210686	0.00514588	-0.0574484	0.183849	-0.365095	1.02788	0.656642	0.582507	0	0	-0.00922731	-0.456852	0.696453	0.711163	0.972204	0	0
3.78171	-0.00124848	0.0190275	-1.68255	0.00825015	1.03404	1.07674	-0.163625	-0.124529	-0.159236	0.35763	-0.0488855	0	0	0.165385	0.00253739	-0.315008	0.235246	0.161261	0	0	-0.210403	0.00455284	-0.0583198	0.183921	-0.365648	1.02285	0.658992	0.584396	0	0	-0.0096235	-0.456965	0.697177	0.711767	0.972954	0	0
3.79168	-0.000871302	0.0194936	-1.68184	0.00963695	1.03394	1.07952	-0.155838	-0.128919	-0.163368	0.374373	-0.0575472	0	0	0.162373	0.0051325	-0.313778	0.23368	0.163572	0	0	-0.210175	0.00383153	-0.0592556	0.18407	-0.366167	1.01802	0.661214	0.586052	0	0	-0.0100272	-0.457033	0.698035	0.712298	0.973888	0	0
3.80166	-0.000378449	0.0198827	-1.68118	0.0110092	1.03384	1.08224	-0.147473	-0.133651	-0.167276	0.392222	-0.0667869	0	0	0.15925	0.00782779	-0.312722	0.231939	0.165712	0	0	-0.210002	0.00299453	-0.0602852	0.184305	-0.36664	1.01342	0.663287	0.58748	0	0	-0.0104371	-0.457054	0.699016	0.712725	0.975005	0	0
3.81164	0.000214148	0.0201921	-1.68053	0.0123667	1.03373	1.08491	-0.138544	-0.138696	-0.170958	0.411151	-0.0765884	0	0	0.156002	0.0106139	-0.311805	0.230002	0.167686	0	0	-0.209883	0.00206052	-0.0614337	0.184619	-0.36706	1.00907	0.665204	0.588722	0	0	-0.0108441	-0.457024	0.700121	0.713019	0.976299	0	0
3.82162	0.00088546	0.0204185	-1.67987	0.013709	1.03362	1.08753	-0.129071	-0.144013	-0.174413	0.431117	-0.0868795	0	0	0.152617	0.0134772	-0.310979	0.227848	0.169507	0	0	-0.20982	0.00105385	-0.0627207	0.184994	-0.367424	1.00495	0.666972	0.589845	0	0	-0.0112337	-0.456938	0.701356	0.71315	0.977749	0	0
3.8316	0.0016116	0.020558	-1.67916	0.0150352	1.03351	1.09011	-0.119077	-0.149553	-0.17764	0.45206	-0.0975235	0	0	0.149079	0.0164015	-0.310191	0.225459	0.17119	0	0	-0.209817	1.96151e-06	-0.06416	0.185407	-0.367733	1.00105	0.668602	0.590925	0	0	-0.0115869	-0.456793	0.702734	0.71309	0.979319	0	0
3.84158	0.00236863	0.0206054	-1.67838	0.0163437	1.0334	1.09264	-0.108589	-0.155263	-0.180643	0.473902	-0.108314	0	0	0.145372	0.0193712	-0.309387	0.222818	0.172753	0	0	-0.209883	-0.00106769	-0.065759	0.185832	-0.36799	0.997313	0.670111	0.592041	0	0	-0.0118813	-0.456585	0.70427	0.712816	0.980962	0	0
3.85155	0.00313571	0.0205535	-1.67751	0.0176328	1.0333	1.09512	-0.0976364	-0.161093	-0.183427	0.496548	-0.118975	0	0	0.141481	0.0223736	-0.308512	0.219907	0.174212	0	0	-0.210027	-0.00213108	-0.0675189	0.186242	-0.368197	0.993731	0.67152	0.593261	0	0	-0.0120919	-0.456315	0.705984	0.712311	0.982616	0	0
3.86153	0.00389452	0.0203939	-1.67653	0.0189002	1.03321	1.09756	-0.0862516	-0.166992	-0.186006	0.519883	-0.129168	0	0	0.137386	0.0253982	-0.307515	0.216709	0.17558	0	0	-0.210265	-0.00316704	-0.0694335	0.186612	-0.368361	0.990275	0.672848	0.594634	0	0	-0.0121928	-0.455981	0.707895	0.711564	0.98421	0	0
3.87151	0.00462882	0.0201172	-1.67545	0.0201431	1.03313	1.09995	-0.0744679	-0.172911	-0.188399	0.543776	-0.138503	0	0	0.133071	0.0284345	-0.306356	0.213211	0.176867	0	0	-0.210613	-0.00415683	-0.0714901	0.186922	-0.368488	0.986934	0.674114	0.596189	0	0	-0.0121592	-0.455587	0.710022	0.710576	0.985664	0	0
3.88149	0.00532498	0.0197142	-1.67425	0.0213584	1.03306	1.10231	-0.0623192	-0.178803	-0.190636	0.568074	-0.146561	0	0	0.128519	0.0314727	-0.305001	0.209403	0.17808	0	0	-0.211087	-0.00508469	-0.073669	0.187153	-0.368584	0.9837	0.675335	0.597928	0	0	-0.0119687	-0.455136	0.712381	0.709354	0.986904	0	0
3.89147	0.00597145	0.019177	-1.67294	0.022543	1.033	1.10462	-0.0498398	-0.184625	-0.192755	0.592606	-0.152916	0	0	0.123716	0.0345023	-0.303427	0.20528	0.179219	0	0	-0.211704	-0.00593737	-0.0759449	0.187289	-0.368656	0.980574	0.676527	0.599829	0	0	-0.0116028	-0.454634	0.714982	0.707917	0.987863	0	0
3.90144	0.00655793	0.0184985	-1.67154	0.0236935	1.03295	1.10689	-0.0370658	-0.190335	-0.194802	0.617183	-0.157157	0	0	0.118653	0.0375111	-0.301624	0.200839	0.180279	0	0	-0.21248	-0.0067033	-0.0782887	0.187319	-0.368713	0.977561	0.677701	0.601848	0	0	-0.0110484	-0.454087	0.717827	0.706292	0.988492	0	0
3.91142	0.00707458	0.0176732	-1.67005	0.0248066	1.03292	1.10912	-0.0240356	-0.195892	-0.196827	0.641595	-0.15892	0	0	0.113323	0.0404842	-0.29959	0.196087	0.181251	0	0	-0.213431	-0.00737195	-0.0806701	0.187235	-0.368759	0.974675	0.678863	0.603917	0	0	-0.0103	-0.453505	0.720908	0.704515	0.988761	0	0
3.9214	0.00751137	0.0166974	-1.6685	0.0258792	1.03291	1.1113	-0.0107904	-0.201252	-0.19888	0.665617	-0.157904	0	0	0.107723	0.0434036	-0.29733	0.191036	0.182122	0	0	-0.214568	-0.00793314	-0.0830596	0.187037	-0.368798	0.971938	0.680015	0.605952	0	0	-0.00936047	-0.452897	0.724204	0.70263	0.988663	0	0
3.93138	0.00785764	0.01557	-1.66689	0.0269084	1.03292	1.11345	0.00262648	-0.206372	-0.201011	0.689011	-0.1539	0	0	0.101857	0.0462475	-0.294858	0.185706	0.182878	0	0	-0.215902	-0.00837667	-0.085431	0.186729	-0.368832	0.969379	0.681149	0.607856	0	0	-0.00824191	-0.452274	0.72768	0.700689	0.988215	0	0
3.94136	0.00810196	0.0142933	-1.66524	0.0278916	1.03294	1.11557	0.0161698	-0.211208	-0.203265	0.711528	-0.146801	0	0	0.0957372	0.0489907	-0.292192	0.180126	0.183503	0	0	-0.217438	-0.00869204	-0.0877633	0.186321	-0.368859	0.967035	0.682253	0.609528	0	0	-0.00696595	-0.451647	0.731286	0.698748	0.987457	0	0
3.95133	0.00823217	0.0128737	-1.66356	0.0288265	1.03299	1.11764	0.0297939	-0.215711	-0.205678	0.73292	-0.136617	0	0	0.0893825	0.051605	-0.289352	0.174335	0.183987	0	0	-0.219178	-0.00886852	-0.0900417	0.185829	-0.368874	0.964945	0.683311	0.610869	0	0	-0.00556309	-0.45103	0.73496	0.696867	0.986449	0	0
3.96131	0.00823584	0.0113221	-1.66186	0.0297114	1.03305	1.11968	0.043454	-0.219833	-0.208281	0.752939	-0.123474	0	0	0.082822	0.0540602	-0.28636	0.16838	0.184322	0	0	-0.221117	-0.00889542	-0.0922582	0.185271	-0.368871	0.963155	0.684298	0.611794	0	0	-0.0040716	-0.450433	0.738625	0.695108	0.985268	0	0
3.97129	0.00810087	0.00965469	-1.66015	0.030545	1.03314	1.12168	0.0571075	-0.223526	-0.211092	0.77135	-0.107613	0	0	0.0760946	0.0563255	-0.283236	0.162317	0.184508	0	0	-0.223243	-0.00876261	-0.0944115	0.184669	-0.368838	0.961708	0.68519	0.612238	0	0	-0.00253575	-0.449871	0.742196	0.693532	0.984004	0	0
3.98127	0.00781636	0.00789228	-1.65842	0.0313262	1.03324	1.12364	0.0707155	-0.226744	-0.214122	0.787929	-0.0893808	0	0	0.0692487	0.0583708	-0.280001	0.15621	0.184552	0	0	-0.225541	-0.00846127	-0.0965061	0.184049	-0.368765	0.960648	0.685959	0.612161	0	0	-0.00100376	-0.449356	0.745582	0.692198	0.982749	0	0
3.99125	0.00737372	0.00606058	-1.65669	0.0320545	1.03337	1.12558	0.0842434	-0.229442	-0.217372	0.802477	-0.0692084	0	0	0.0623405	0.0601686	-0.276675	0.150127	0.184468	0	0	-0.227986	-0.00798491	-0.0985504	0.183433	-0.368637	0.960012	0.686578	0.611552	0	0	0.000475828	-0.448899	0.748695	0.691159	0.981597	0	0
4.00123	0.00676767	0.00418917	-1.65495	0.0327296	1.03351	1.12747	0.0976622	-0.231582	-0.220833	0.814816	-0.0475945	0	0	0.0554328	0.0616963	-0.273277	0.144139	0.184279	0	0	-0.23055	-0.00733039	-0.100555	0.182845	-0.36844	0.959831	0.687021	0.610432	0	0	0.00185685	-0.448512	0.751454	0.69046	0.980628	0	0
4.0112	0.00599723	0.00231037	-1.6532	0.0333513	1.03367	1.12934	0.110948	-0.233133	-0.224486	0.8248	-0.0250795	0	0	0.0485916	0.0629373	-0.269825	0.138317	0.184011	0	0	-0.2332	-0.00649891	-0.10253	0.182304	-0.368162	0.96013	0.687264	0.608846	0	0	0.00309781	-0.448203	0.75379	0.690137	0.97991	0	0
4.02118	0.00506649	0.000457874	-1.65145	0.0339197	1.03384	1.13118	0.124083	-0.234071	-0.228306	0.832309	-0.00222042	0	0	0.0418831	0.0638826	-0.266338	0.132726	0.183697	0	0	-0.235901	-0.00549694	-0.104484	0.18183	-0.367788	0.960927	0.687287	0.606858	0	0	0.00416369	-0.447979	0.755651	0.690215	0.979494	0	0
4.03116	0.00398524	-0.00133481	-1.6497	0.0344346	1.03401	1.13298	0.137051	-0.234382	-0.232259	0.837256	0.0204341	0	0	0.0353703	0.0645324	-0.26284	0.127425	0.183369	0	0	-0.238617	-0.00433699	-0.106423	0.181438	-0.367307	0.962234	0.687071	0.604541	0	0	0.00502723	-0.447847	0.757003	0.690706	0.979412	0	0
4.04114	0.00276923	-0.00303594	-1.64797	0.0348958	1.03418	1.13476	0.149844	-0.234061	-0.236302	0.839583	0.0423674	0	0	0.0291091	0.0648962	-0.259351	0.12246	0.18306	0	0	-0.24131	-0.00303803	-0.108349	0.181141	-0.366708	0.964063	0.686602	0.601972	0	0	0.00566959	-0.447808	0.757832	0.691611	0.97968	0	0
4.05112	0.0014402	-0.00461698	-1.64625	0.0353032	1.03435	1.13652	0.162452	-0.233114	-0.240388	0.839263	0.0631144	0	0	0.0231455	0.0649934	-0.255899	0.117864	0.182801	0	0	-0.243947	-0.00162554	-0.11026	0.180951	-0.365983	0.966422	0.685869	0.599221	0	0	0.00608056	-0.447865	0.758146	0.692919	0.980296	0	0
4.06109	2.54238e-05	-0.00605391	-1.64458	0.035656	1.03451	1.13825	0.174869	-0.231556	-0.244462	0.836294	0.0822777	0	0	0.0175126	0.0648532	-0.252511	0.113649	0.182615	0	0	-0.246498	-0.000131182	-0.11215	0.180878	-0.365124	0.96932	0.684864	0.596345	0	0	0.00625811	-0.448017	0.75797	0.694605	0.981245	0	0
4.07107	-0.00144305	-0.00732814	-1.64298	0.0359538	1.03466	1.13996	0.187089	-0.229413	-0.248463	0.830703	0.0995383	0	0	0.012229	0.0645131	-0.249214	0.109812	0.182522	0	0	-0.248937	0.00140805	-0.114009	0.180931	-0.364128	0.972765	0.683581	0.593387	0	0	0.00620762	-0.448261	0.757347	0.696638	0.982502	0	0
4.08105	-0.0029295	-0.00842707	-1.64145	0.0361958	1.03478	1.14166	0.199101	-0.226718	-0.252329	0.822538	0.114662	0	0	0.00729791	0.0640181	-0.246037	0.106331	0.182533	0	0	-0.251245	0.00295113	-0.115825	0.181118	-0.36299	0.976769	0.682019	0.590374	0	0	0.00594064	-0.448593	0.756333	0.698976	0.984031	0	0
4.09103	-0.00439589	-0.00934422	-1.64004	0.0363813	1.03488	1.14334	0.210897	-0.22351	-0.255995	0.811867	0.127501	0	0	0.00270795	0.0634182	-0.243004	0.103165	0.182653	0	0	-0.253408	0.00445465	-0.117586	0.181446	-0.36171	0.981342	0.680179	0.587316	0	0	0.00547351	-0.449007	0.754996	0.70157	0.985795	0	0
4.10101	-0.00580354	-0.0100789	-1.63875	0.03651	1.03495	1.14502	0.222461	-0.219836	-0.259397	0.798777	0.137991	0	0	-0.00156565	0.0627664	-0.240139	0.100259	0.182878	0	0	-0.255415	0.00587494	-0.119283	0.18192	-0.360288	0.986494	0.678064	0.584211	0	0	0.0048259	-0.449497	0.753408	0.704367	0.987752	0	0
4.11098	-0.00711487	-0.0106356	-1.63761	0.0365817	1.03499	1.14669	0.233776	-0.215744	-0.262476	0.783368	0.146143	0	0	-0.00555831	0.0621161	-0.237455	0.0975475	0.1832	0	0	-0.257265	0.00717021	-0.120908	0.182543	-0.358726	0.992232	0.675683	0.581046	0	0	0.00401943	-0.450056	0.751644	0.707309	0.989858	0	0
4.12096	-0.00829514	-0.011023	-1.63662	0.036597	1.035	1.14836	0.24482	-0.211288	-0.265177	0.765752	0.15204	0	0	-0.00931276	0.0615177	-0.234962	0.0949609	0.183604	0	0	-0.258955	0.00830288	-0.122458	0.183316	-0.357029	0.998559	0.673046	0.577806	0	0	0.00307648	-0.450673	0.749776	0.710337	0.992072	0	0
4.13094	-0.00931424	-0.0112527	-1.63579	0.0365569	1.03497	1.15004	0.255567	-0.206518	-0.267457	0.74605	0.155819	0	0	-0.0128752	0.0610163	-0.23266	0.0924291	0.184075	0	0	-0.260491	0.00924183	-0.123935	0.184235	-0.355203	1.00547	0.670169	0.57448	0	0	0.0020208	-0.451339	0.747876	0.713392	0.994352	0	0
4.14092	-0.0101481	-0.0113385	-1.63512	0.0364635	1.03491	1.15173	0.265988	-0.201486	-0.26928	0.724389	0.157666	0	0	-0.0162912	0.0606493	-0.230542	0.0898884	0.184594	0	0	-0.261876	0.00996428	-0.125346	0.185289	-0.353257	1.01292	0.667074	0.571069	0	0	0.000877619	-0.452042	0.746015	0.716411	0.996653	0	0
4.1509	-0.01078	-0.0112947	-1.63458	0.0363193	1.03482	1.15344	0.276049	-0.196237	-0.270623	0.700899	0.1578	0	0	-0.0196024	0.0604437	-0.22859	0.0872875	0.185146	0	0	-0.263115	0.0104572	-0.126702	0.186459	-0.351204	1.02089	0.663789	0.567591	0	0	-0.000326424	-0.452772	0.74426	0.719337	0.998927	0	0
4.16088	-0.0112012	-0.0111357	-1.63416	0.0361279	1.03469	1.15517	0.285717	-0.190817	-0.271473	0.675715	0.156462	0	0	-0.0228434	0.0604154	-0.226782	0.0845912	0.185719	0	0	-0.264215	0.0107183	-0.128017	0.187717	-0.349057	1.02929	0.660348	0.564084	0	0	-0.00156321	-0.453512	0.742676	0.72211	1.00113	0	0
4.17085	-0.0114114	-0.0108753	-1.63382	0.0358934	1.03454	1.15694	0.294955	-0.18526	-0.271831	0.648973	0.153903	0	0	-0.0260397	0.0605681	-0.225087	0.0817836	0.186305	0	0	-0.26518	0.0107562	-0.129308	0.189025	-0.346835	1.03802	0.65679	0.560604	0	0	-0.002803	-0.45425	0.741324	0.724673	1.0032	0	0
4.18083	-0.0114187	-0.010526	-1.63352	0.0356205	1.03435	1.15873	0.303729	-0.179599	-0.271701	0.620811	0.150372	0	0	-0.0292066	0.060893	-0.223471	0.0788701	0.186903	0	0	-0.266015	0.0105903	-0.130592	0.190339	-0.344559	1.04699	0.65316	0.557229	0	0	-0.0040144	-0.45497	0.740263	0.726973	1.00511	0	0
4.19081	-0.0112386	-0.0100991	-1.63322	0.035314	1.03414	1.16057	0.312003	-0.173856	-0.271098	0.591366	0.146109	0	0	-0.0323491	0.0613706	-0.221896	0.0758765	0.187522	0	0	-0.266722	0.0102484	-0.131895	0.191623	-0.342247	1.05608	0.649493	0.553978	0	0	-0.00517611	-0.455655	0.739529	0.728962	1.0068	0	0
4.20079	-0.0108925	-0.0096047	-1.63287	0.0349787	1.0339	1.16246	0.319748	-0.168049	-0.270038	0.560781	0.141332	0	0	-0.0354619	0.0619715	-0.220331	0.0728483	0.188176	0	0	-0.267302	0.0097655	-0.133238	0.192842	-0.339918	1.06522	0.645827	0.550849	0	0	-0.00626953	-0.456291	0.739145	0.730603	1.00826	0	0
4.21077	-0.0104077	-0.00905185	-1.63242	0.0346195	1.03364	1.1644	0.326937	-0.16219	-0.268538	0.529199	0.136235	0	0	-0.0385324	0.0626586	-0.218745	0.0698464	0.188888	0	0	-0.267758	0.00918248	-0.13464	0.193957	-0.337596	1.07429	0.642198	0.547837	0	0	-0.00727626	-0.45686	0.73913	0.73186	1.00947	0	0
4.22074	-0.00981533	-0.00844982	-1.63183	0.0342404	1.03336	1.1664	0.333547	-0.156285	-0.266616	0.496767	0.130978	0	0	-0.0415439	0.0633894	-0.217118	0.0669419	0.189687	0	0	-0.268091	0.00854361	-0.13611	0.194928	-0.335303	1.08319	0.638647	0.54494	0	0	-0.00817763	-0.457347	0.739495	0.732709	1.01041	0	0
4.23072	-0.00914893	-0.00780835	-1.63107	0.033845	1.03307	1.16846	0.339561	-0.150335	-0.264289	0.463638	0.125681	0	0	-0.0444784	0.0641188	-0.215436	0.0642103	0.190607	0	0	-0.268308	0.00789406	-0.137644	0.195714	-0.333066	1.0918	0.635213	0.54216	0	0	-0.00895529	-0.457737	0.740248	0.733131	1.01109	0	0
4.2407	-0.0084421	-0.00713815	-1.6301	0.0334363	1.03276	1.17059	0.344969	-0.144341	-0.261576	0.429971	0.120431	0	0	-0.0473197	0.0648026	-0.213697	0.0617256	0.191683	0	0	-0.268416	0.00727718	-0.13923	0.196275	-0.330913	1.1	0.631935	0.539503	0	0	-0.00959234	-0.458015	0.741389	0.733119	1.01149	0	0
4.25068	-0.00772658	-0.00645118	-1.62892	0.0330161	1.03243	1.1728	0.349766	-0.138305	-0.2585	0.395938	0.115273	0	0	-0.0500564	0.0654004	-0.211907	0.0595543	0.192951	0	0	-0.268426	0.00673178	-0.140843	0.196577	-0.328869	1.10768	0.628848	0.536974	0	0	-0.0100749	-0.458171	0.742908	0.732677	1.01164	0	0
4.26066	-0.00703012	-0.00576059	-1.62753	0.0325854	1.0321	1.17508	0.353958	-0.13223	-0.255094	0.361722	0.110223	0	0	-0.0526839	0.0658786	-0.210084	0.0577502	0.194441	0	0	-0.268353	0.00628967	-0.142449	0.196594	-0.326962	1.11474	0.625983	0.534584	0	0	-0.0103935	-0.458193	0.744786	0.731823	1.01155	0	0
4.27063	-0.00637462	-0.00508046	-1.62594	0.0321444	1.03175	1.17744	0.357561	-0.126128	-0.251411	0.327523	0.105269	0	0	-0.0552058	0.0662131	-0.208251	0.0563506	0.196177	0	0	-0.268213	0.00597362	-0.144005	0.196308	-0.325215	1.12111	0.623366	0.532343	0	0	-0.0105453	-0.458075	0.746988	0.730586	1.01125	0	0
4.28061	-0.00577475	-0.00442532	-1.62417	0.0316924	1.03139	1.17988	0.3606	-0.120018	-0.247523	0.293564	0.10038	0	0	-0.0576347	0.0663908	-0.206435	0.0553735	0.198177	0	0	-0.268024	0.00579608	-0.145466	0.195714	-0.32365	1.12673	0.62101	0.530259	0	0	-0.010535	-0.457814	0.749468	0.729011	1.01076	0	0
4.29059	-0.00523691	-0.00380931	-1.62226	0.031228	1.03103	1.1824	0.363118	-0.113931	-0.243537	0.260092	0.0955175	0	0	-0.0599913	0.066411	-0.204664	0.0548158	0.200445	0	0	-0.267805	0.00575845	-0.146786	0.19482	-0.32228	1.13159	0.61892	0.528337	0	0	-0.0103766	-0.457411	0.752163	0.727153	1.01013	0	0
4.30057	-0.00475892	-0.00324501	-1.62025	0.0307495	1.03065	1.18501	0.36517	-0.107907	-0.239593	0.227381	0.0906467	0	0	-0.062303	0.0662849	-0.202966	0.0546549	0.202975	0	0	-0.267575	0.00585125	-0.147923	0.193647	-0.321116	1.13572	0.617086	0.526581	0	0	-0.0100927	-0.456871	0.755002	0.725078	1.00938	0	0
4.31055	-0.00433038	-0.00274234	-1.61819	0.0302546	1.03027	1.1877	0.366828	-0.101999	-0.235866	0.195733	0.0857463	0	0	-0.0646017	0.0660351	-0.201362	0.0548506	0.205751	0	0	-0.267347	0.00605523	-0.148843	0.192227	-0.320162	1.13915	0.615491	0.524991	0	0	-0.00971478	-0.456204	0.757899	0.722862	1.00856	0	0
4.32053	-0.00393382	-0.0023075	-1.61612	0.0297411	1.02987	1.19048	0.36818	-0.0962672	-0.232564	0.165475	0.0808184	0	0	-0.0669207	0.0656931	-0.199864	0.0553486	0.208747	0	0	-0.267133	0.00634334	-0.149521	0.190603	-0.319413	1.14197	0.614105	0.523569	0	0	-0.00928098	-0.455423	0.760766	0.720583	1.00771	0	0
4.3305	-0.00354659	-0.00194227	-1.61408	0.0292068	1.02947	1.19333	0.369326	-0.0907783	-0.229915	0.136956	0.0758947	0	0	-0.0692919	0.065297	-0.198478	0.0560853	0.211929	0	0	-0.266939	0.00668347	-0.149944	0.188824	-0.318861	1.14426	0.61289	0.522313	0	0	-0.00883459	-0.454543	0.763513	0.718321	1.00684	0	0
4.34048	-0.00314328	-0.00164376	-1.61211	0.0286499	1.02905	1.19628	0.370374	-0.0856003	-0.228151	0.110529	0.0710389	0	0	-0.0717439	0.0648869	-0.197196	0.0569921	0.215259	0	0	-0.266765	0.00704173	-0.150115	0.186944	-0.318491	1.14615	0.611801	0.52122	0	0	-0.00842077	-0.453585	0.766053	0.716152	1.006	0	0
4.35046	-0.00269858	-0.00140474	-1.61024	0.0280687	1.02861	1.1993	0.371432	-0.0807981	-0.227481	0.0865421	0.066344	0	0	-0.0742998	0.064502	-0.196004	0.0580013	0.218696	0	0	-0.266606	0.00738591	-0.150049	0.185017	-0.318285	1.14775	0.610791	0.520282	0	0	-0.00808381	-0.452567	0.768313	0.714143	1.0052	0	0
4.36044	-0.00219017	-0.00121471	-1.60847	0.0274619	1.02816	1.20241	0.372599	-0.0764284	-0.228073	0.0653163	0.0619254	0	0	-0.0769765	0.0641755	-0.194877	0.0590501	0.222203	0	0	-0.26645	0.0076889	-0.149774	0.183093	-0.31822	1.14915	0.60981	0.519486	0	0	-0.00786445	-0.451511	0.770236	0.712349	1.00445	0	0
4.37042	-0.0016016	-0.00106148	-1.60682	0.0268286	1.02769	1.20561	0.373954	-0.072535	-0.230018	0.0471237	0.0579097	0	0	-0.0797854	0.0639314	-0.193782	0.0600853	0.225749	0	0	-0.266282	0.00793171	-0.149331	0.181218	-0.318273	1.15046	0.608813	0.518811	0	0	-0.00779774	-0.450436	0.771784	0.710812	1.00376	0	0
4.38039	-0.000922753	-0.000932279	-1.60526	0.0261684	1.0272	1.20889	0.37555	-0.0691479	-0.233314	0.0321678	0.0544203	0	0	-0.0827315	0.0637833	-0.192684	0.0610662	0.229311	0	0	-0.266084	0.00810443	-0.148769	0.179428	-0.318421	1.15174	0.60776	0.518233	0	0	-0.00791044	-0.449363	0.772943	0.709553	1.00313	0	0
4.39037	-0.000149958	-0.000815004	-1.60378	0.0254816	1.02668	1.21225	0.377403	-0.0662822	-0.237853	0.0205652	0.0515624	0	0	-0.0858141	0.0637339	-0.191542	0.0619675	0.232879	0	0	-0.265839	0.0082066	-0.148146	0.177747	-0.31864	1.15306	0.60662	0.517721	0	0	-0.00821961	-0.448305	0.773721	0.70858	1.00256	0	0
4.40035	0.000713965	-0.000699513	-1.60234	0.0247694	1.02614	1.21571	0.379493	-0.0639375	-0.243415	0.0123324	0.0494087	0	0	-0.0890276	0.0637758	-0.190315	0.0627797	0.236455	0	0	-0.265527	0.00824699	-0.147522	0.176189	-0.318914	1.15443	0.605373	0.517241	0	0	-0.00873203	-0.447276	0.77415	0.707881	1.00205	0	0
4.41033	0.00166096	-0.000578372	-1.6009	0.0240334	1.02557	1.21925	0.381764	-0.0620983	-0.249677	0.00738137	0.0479929	0	0	-0.0923623	0.0638923	-0.188961	0.0635091	0.24005	0	0	-0.265132	0.00824164	-0.146961	0.174756	-0.319225	1.15584	0.604011	0.516759	0	0	-0.00944458	-0.446286	0.774277	0.70743	1.00159	0	0
4.42031	0.00267806	-0.000447937	-1.59939	0.023276	1.02497	1.22289	0.384126	-0.0607326	-0.256228	0.00551639	0.0472994	0	0	-0.0958063	0.0640586	-0.187446	0.0641759	0.243683	0	0	-0.26464	0.00821262	-0.146522	0.173436	-0.319563	1.15725	0.602537	0.516246	0	0	-0.0103444	-0.44534	0.774166	0.707188	1.00118	0	0
4.43028	0.00374749	-0.000308963	-1.59778	0.0224993	1.02434	1.22661	0.386465	-0.0597915	-0.262599	0.00646873	0.047259	0	0	-0.0993464	0.0642429	-0.185745	0.0648125	0.247378	0	0	-0.264045	0.00818688	-0.146255	0.172208	-0.319922	1.15861	0.600971	0.515679	0	0	-0.0114087	-0.444441	0.773891	0.707107	1.00083	0	0
4.44026	0.00484626	-0.000165925	-1.59602	0.0217053	1.02369	1.23044	0.388653	-0.0592098	-0.268317	0.00991493	0.0477508	0	0	-0.102969	0.0644063	-0.183842	0.0654606	0.251169	0	0	-0.263344	0.00819597	-0.146199	0.171046	-0.3203	1.15984	0.599336	0.515038	0	0	-0.0126058	-0.443589	0.773535	0.707131	1.00054	0	0
4.45024	0.00594735	-2.67159e-05	-1.59407	0.0208957	1.02301	1.23435	0.390563	-0.0589069	-0.272936	0.0154674	0.0486065	0	0	-0.10666	0.0645054	-0.181733	0.066168	0.255087	0	0	-0.262543	0.00827385	-0.146376	0.169917	-0.320698	1.16085	0.597665	0.514313	0	0	-0.0138969	-0.442778	0.773184	0.707201	1.0003	0	0
4.46022	0.00702068	9.80103e-05	-1.5919	0.0200712	1.0223	1.23835	0.392071	-0.0587901	-0.276067	0.0226963	0.049622	0	0	-0.110407	0.0644947	-0.179431	0.0669835	0.259161	0	0	-0.261652	0.00845501	-0.146794	0.168788	-0.321121	1.16156	0.595991	0.513499	0	0	-0.0152372	-0.442003	0.772923	0.707256	1.0001	0	0
4.4702	0.00803511	0.000196352	-1.5895	0.019232	1.02158	1.24245	0.393079	-0.0587611	-0.277424	0.0311594	0.0505752	0	0	-0.114199	0.0643301	-0.17696	0.0679527	0.263411	0	0	-0.260686	0.00877211	-0.147439	0.167628	-0.321576	1.16189	0.594351	0.512607	0	0	-0.0165796	-0.441254	0.772833	0.707243	0.999943	0	0
4.48018	0.00896105	0.000257153	-1.58687	0.0183777	1.02084	1.24662	0.393518	-0.0587243	-0.276849	0.0404339	0.0512499	0	0	-0.118025	0.0639726	-0.174355	0.0691129	0.267848	0	0	-0.259666	0.00925309	-0.148284	0.16641	-0.32207	1.16176	0.592776	0.511653	0	0	-0.017878	-0.440523	0.77298	0.707113	0.999801	0	0
4.49015	0.00977378	0.000272054	-1.58404	0.0175076	1.02009	1.25087	0.393362	-0.0585969	-0.274333	0.0501465	0.0514609	0	0	-0.121875	0.0633935	-0.171658	0.0704892	0.272468	0	0	-0.258612	0.00991793	-0.149288	0.165112	-0.32261	1.16114	0.591292	0.510665	0	0	-0.0190919	-0.439799	0.773412	0.706831	0.999657	0	0
4.50013	0.0104567	0.000237221	-1.58102	0.0166212	1.01933	1.25518	0.39263	-0.0583176	-0.270011	0.0599983	0.051078	0	0	-0.125739	0.0625783	-0.168914	0.0720906	0.277251	0	0	-0.257541	0.0107755	-0.150406	0.163723	-0.323201	1.16002	0.589915	0.509679	0	0	-0.0201916	-0.439073	0.774153	0.706379	0.999488	0	0
4.51011	0.0110061	0.000154964	-1.57785	0.0157189	1.01858	1.25955	0.391385	-0.0578555	-0.264147	0.0697843	0.0500499	0	0	-0.129607	0.0615323	-0.16616	0.073908	0.282171	0	0	-0.256469	0.0118197	-0.151593	0.162243	-0.323843	1.1584	0.588648	0.508729	0	0	-0.0211626	-0.438338	0.775199	0.705757	0.999274	0	0
4.52009	0.0114331	3.37492e-05	-1.57458	0.0148019	1.01782	1.26396	0.38973	-0.0572133	-0.257092	0.0793975	0.0484119	0	0	-0.13347	0.0602825	-0.163422	0.0759142	0.287193	0	0	-0.255401	0.0130273	-0.15281	0.160682	-0.324532	1.15635	0.587482	0.507837	0	0	-0.0220084	-0.437592	0.776515	0.704982	0.999002	0	0
4.53007	0.0117633	-0.000113556	-1.57125	0.0138731	1.01707	1.2684	0.38779	-0.0564236	-0.249231	0.0888199	0.0462801	0	0	-0.137321	0.058876	-0.160712	0.0780661	0.292282	0	0	-0.254339	0.0143599	-0.154031	0.159058	-0.325258	1.15398	0.586394	0.507008	0	0	-0.0227502	-0.436833	0.778039	0.704088	0.998673	0	0
4.54004	0.0120324	-0.000273173	-1.56788	0.0129364	1.01632	1.27286	0.385692	-0.0555385	-0.240925	0.0980993	0.0438266	0	0	-0.141157	0.0573718	-0.158029	0.0803107	0.297407	0	0	-0.25328	0.0157699	-0.155244	0.157395	-0.326007	1.15141	0.585357	0.506228	0	0	-0.0234221	-0.436065	0.779695	0.70312	0.998299	0	0
4.55002	0.0122767	-0.000435122	-1.5645	0.0119963	1.01557	1.27732	0.383537	-0.0546144	-0.232457	0.107315	0.0412376	0	0	-0.144983	0.0558286	-0.155362	0.0825946	0.302545	0	0	-0.252221	0.0172105	-0.156449	0.155716	-0.326766	1.14874	0.584342	0.505476	0	0	-0.0240628	-0.435293	0.781407	0.702121	0.997902	0	0
