Coordinates
version=1
nRows=310
nColumns=38
inDegrees=no

Units are S.I. units (second, meters, Newtons, ...)
If the header above contains a line with 'inDegrees', this indicates whether rotational values are in degrees (yes) or radians (no).

endheader
time	pelvis_tilt_moment	pelvis_list_moment	pelvis_rotation_moment	pelvis_tx_force	pelvis_ty_force	pelvis_tz_force	hip_flexion_r_moment	hip_adduction_r_moment	hip_rotation_r_moment	knee_angle_r_moment	ankle_angle_r_moment	subtalar_angle_r_moment	mtp_angle_r_moment	hip_flexion_l_moment	hip_adduction_l_moment	hip_rotation_l_moment	knee_angle_l_moment	ankle_angle_l_moment	subtalar_angle_l_moment	mtp_angle_l_moment	lumbar_extension_moment	lumbar_bending_moment	lumbar_rotation_moment	arm_flex_r_moment	arm_add_r_moment	arm_rot_r_moment	elbow_flex_r_moment	pro_sup_r_moment	wrist_flex_r_moment	wrist_dev_r_moment	arm_flex_l_moment	arm_add_l_moment	arm_rot_l_moment	elbow_flex_l_moment	pro_sup_l_moment	wrist_flex_l_moment	wrist_dev_l_moment
2.75	0	0	0	0	0	0	0	0	0	0	0	0	0	0	0	0	0	0	0	0	0	0	0	0	0	0	0	0	0	0	0	0	0	0	0	0	0
2.75999	24.0516	8.22529	12.4637	14.1351	590.189	7.58388	-1.28954	-4.29771	0.52089	-4.9353	-1.44585	0.16335	0.0380517	-1.16688	10.0037	-3.73503	-2.06326	1.50989	0.0719087	-0.0420037	-44.0735	-6.91569	5.35438	0.987087	-0.0290004	0.102778	-1.95561	-0.00702305	-0.180128	0.114235	-0.627235	0.554067	0.054931	-2.16808	-0.0205624	-0.215325	0.1028
2.76998	29.7499	0.371645	14.6818	19.6061	600.896	25.0351	-0.414986	-3.52184	0.0971805	-4.52943	-1.54339	0.201121	0.0407845	-5.44682	7.81641	-2.69939	-0.26429	1.22718	0.0367303	-0.0327444	-47.6826	-9.42363	11.5875	1.65713	1.20063	0.67434	-1.89406	0.0152378	-0.139505	0.176621	-1.33801	-0.720437	-0.507519	-2.47869	-0.0461488	-0.284023	0.0554334
2.77996	34.8116	-6.21203	15.7956	22.462	609.697	41.8014	0.0448951	-2.28349	-0.675924	-3.67753	-1.705	0.257772	0.0456295	-10.7683	5.50315	-1.74558	2.1751	0.947243	-0.00338393	-0.0241331	-49.2217	-11.3012	15.7423	2.16284	2.11195	1.07741	-1.82662	0.0310251	-0.107746	0.217366	-1.68731	-1.71297	-0.938707	-2.65139	-0.0645265	-0.328513	0.0151261
2.78995	42.4651	-12.1613	16.3953	20.9992	617.256	55.7307	-0.0461296	-1.80817	-1.04889	-3.12071	-1.78734	0.26452	0.0481215	-17.7192	2.9417	-0.800532	5.41241	0.690984	-0.0483003	-0.0174528	-49.7005	-12.0133	17.9038	2.545	2.60665	1.28331	-1.74537	0.0393099	-0.0864326	0.234649	-1.68914	-2.30578	-1.2015	-2.67767	-0.0746771	-0.347269	-0.0141525
2.79994	52.4433	-16.6907	16.6775	16.7513	625.383	65.7193	-0.260612	-1.91285	-1.10147	-2.83235	-1.8168	0.241854	0.0490778	-26.1882	0.581977	0.103639	9.25315	0.474414	-0.0947277	-0.0136322	-49.7449	-11.7127	18.1103	2.75503	2.72159	1.30988	-1.68411	0.0403213	-0.0781438	0.232415	-1.38462	-2.523	-1.30114	-2.58998	-0.0770442	-0.344172	-0.0307773
2.80993	64.4261	-18.2289	17.5586	11.6119	635.833	69.7015	0.0114621	-2.81985	-0.806724	-2.81337	-1.80382	0.196114	0.0491048	-36.0393	-0.752892	0.898837	13.4921	0.316276	-0.129181	-0.0138086	-50.0882	-10.7844	16.8227	2.78699	2.58175	1.21529	-1.66942	0.0359008	-0.0823166	0.218797	-0.869442	-2.48074	-1.28238	-2.44121	-0.0738552	-0.327697	-0.0365062
2.81991	77.3124	-15.2924	19.6738	-3.03652	642.379	69.0376	-0.381346	-4.42618	-0.25842	-2.88743	-1.77229	0.137746	0.0484183	-47.64	-0.178175	1.50823	18.4224	0.232076	-0.126367	-0.0194176	-46.9416	-9.93842	14.429	2.86327	2.32384	1.03129	-1.53315	0.0294657	-0.0786585	0.186081	-0.0947604	-2.28795	-1.19794	-2.13197	-0.0662642	-0.288314	-0.0443834
2.8299	91.9376	-14.0296	22.7684	6.09872	662.121	64.5288	2.75515	-5.69852	0.450664	-3.52121	-1.71001	0.0833896	0.0481367	-58.0957	0.834646	1.77814	23.2466	0.0099111	-0.0703532	-0.0209686	-53.0476	-9.14898	13.0471	2.62336	2.07078	0.929925	-1.74843	0.0220468	-0.109179	0.188057	0.199039	-2.12541	-1.11647	-2.17754	-0.0629636	-0.291757	-0.0296651
2.83989	104.817	-12.4249	25.4205	11.1075	676.732	60.3468	5.20107	-6.45135	0.953375	-4.22486	-1.66891	0.0374142	0.0482402	-68.521	2.53935	1.83871	28.6514	-0.37712	0.0509628	-0.0182431	-56.0757	-8.45644	11.3875	2.49357	1.7199	0.77223	-1.84361	0.0143659	-0.129842	0.176278	0.550097	-1.83611	-0.991051	-2.12869	-0.0573461	-0.280961	-0.016688
2.84988	115.577	-11.2083	27.5935	22.1028	692.777	53.3192	8.71004	-6.74501	1.30966	-5.04256	-1.62987	-0.00133675	0.0489364	-78.0987	4.7298	1.73678	33.9853	-0.895832	0.209764	-0.0112647	-60.04	-7.40313	9.97762	2.2901	1.32006	0.616333	-1.99435	0.0063802	-0.155923	0.169054	0.752954	-1.49353	-0.847261	-2.14377	-0.051855	-0.276371	0.00176878
2.85986	124.432	-9.07484	29.5175	27.7967	703.448	45.8867	11.3553	-6.73623	1.4308	-5.77503	-1.61594	-0.0311398	0.0501784	-87.4809	7.46869	1.59225	39.4336	-1.51873	0.397817	-0.00100433	-60.7176	-6.64668	8.41102	2.2056	0.874133	0.42394	-2.01806	-0.00104671	-0.170253	0.149676	0.995517	-1.07969	-0.679708	-2.06841	-0.0448235	-0.258947	0.0164984
2.86985	131.604	-6.19442	31.3326	27.3251	708.593	38.8229	13.0555	-6.45995	1.30533	-6.36843	-1.63277	-0.0465481	0.052072	-96.6954	10.3819	1.52559	44.7289	-2.19363	0.592681	0.0113995	-58.1691	-6.37032	6.7636	2.24316	0.418531	0.209283	-1.91576	-0.00740576	-0.172246	0.119735	1.26321	-0.633005	-0.501484	-1.9112	-0.0368364	-0.230326	0.0266878
2.87984	137.112	-3.41007	33.0848	30.0751	714.294	28.9496	15.718	-6.27615	1.21668	-6.90317	-1.64281	-0.0575414	0.0543623	-105.057	12.7462	1.64349	49.1459	-2.84399	0.759925	0.0246708	-56.7233	-5.97698	5.18083	2.14714	-0.0358326	0.0108642	-1.88925	-0.0139935	-0.181197	0.0965325	1.40578	-0.194845	-0.319161	-1.82265	-0.0292883	-0.209124	0.0417466
2.88983	141.725	0.361052	35.0392	20.7052	711.149	21.5411	16.6993	-6.21132	0.982073	-7.23862	-1.69703	-0.0525804	0.0573998	-113.412	14.527	2.00614	52.9788	-3.40976	0.905735	0.0363444	-51.0034	-6.37985	3.11209	2.18803	-0.500282	-0.228254	-1.69629	-0.0198458	-0.175013	0.0575258	1.66789	0.277284	-0.117865	-1.60362	-0.019871	-0.170382	0.0507863
2.89981	145.446	4.3004	37.3459	4.34335	701.917	15.8011	17.0688	-6.19309	0.676914	-7.45396	-1.78636	-0.0290412	0.0612937	-121.411	15.5016	2.52711	56.0355	-3.83375	1.01502	0.0449351	-43.4433	-7.3953	0.836754	2.24304	-0.949186	-0.47452	-1.44688	-0.0250748	-0.163499	0.0138432	1.91797	0.741231	0.0896166	-1.35386	-0.0100108	-0.126684	0.0587898
2.9098	142.978	3.37432	38.1252	9.28749	694.719	8.18996	20.2172	-5.03839	0.324036	-8.01255	-1.82538	0.00651409	0.0645895	-123.314	15.0107	2.8179	56.4845	-4.19078	1.09301	0.056071	-42.7843	-8.11539	-0.0216857	1.99386	-1.3505	-0.612174	-1.49319	-0.0293973	-0.177312	0.00414883	1.59846	1.11588	0.262297	-1.4297	-0.00528617	-0.12355	0.0827869
2.91979	134.276	-2.70014	36.9244	32.4849	687.863	-1.18031	25.4942	-2.60108	-0.225711	-8.88922	-1.82306	0.0548621	0.0673091	-119.262	13.1047	2.71255	54.6084	-4.5292	1.13427	0.0714465	-47.9134	-8.28894	0.332104	1.46424	-1.75862	-0.669463	-1.79445	-0.0333445	-0.21347	0.0226283	0.765611	1.46033	0.420025	-1.78301	-0.00445843	-0.154264	0.121749
2.92978	121.487	-14.6586	33.9354	52.4084	672.488	-2.77525	28.9689	2.12886	-1.7816	-9.98659	-1.92035	0.175019	0.0715641	-111.641	9.9661	2.11162	51.3879	-4.87186	1.13612	0.0907971	-51.1532	-9.10779	2.0429	1.16827	-2.13097	-0.68406	-1.97805	-0.0331411	-0.234687	0.0416782	-0.380951	1.78715	0.546912	-2.16783	-0.00659497	-0.189756	0.156935
2.93977	106.705	-23.2362	30.2175	53.5794	641.185	-2.53597	29.6422	5.89663	-3.24065	-10.7158	-2.04359	0.318617	0.0749494	-103.211	5.99384	1.66131	47.3472	-4.7258	1.01074	0.0943513	-48.1777	-9.76758	2.02403	0.967232	-2.53273	-0.792668	-1.94398	-0.0345223	-0.238043	0.0327716	-1.01811	2.1719	0.712825	-2.26575	-0.00337363	-0.188885	0.180039
2.94975	89.6711	-38.4613	25.3093	49.241	605.845	10.2279	28.6622	12.3048	-5.89652	-11.9288	-2.28873	0.559206	0.0800419	-93.5063	0.841729	0.824883	43.0112	-4.66458	0.861213	0.102727	-42.7144	-11.4617	4.06578	1.1564	-2.73913	-0.796317	-1.73925	-0.0287174	-0.216997	0.0279545	-1.9863	2.39326	0.77934	-2.39087	-0.00581256	-0.196	0.190699
2.95974	71.2135	-52.0507	20.2117	54.8895	575.738	18.3802	30.3549	18.1965	-8.07944	-13.1858	-2.38567	0.784683	0.0812513	-82.7243	-4.4845	0.130133	38.078	-4.26237	0.628868	0.0994189	-42.0351	-12.5023	5.62542	0.942674	-2.88593	-0.757333	-1.79583	-0.0253575	-0.220872	0.0423221	-2.96041	2.51829	0.830994	-2.65247	-0.00890019	-0.220413	0.209861
2.96973	53.1543	-60.0765	14.8586	37.1144	537.587	27.2218	30.1429	22.8709	-9.90853	-14.4762	-2.47375	1.0122	0.0806304	-74.5704	-8.44738	-0.462393	33.8637	-3.59879	0.366585	0.0851436	-34.0552	-12.6654	5.33439	0.908093	-3.08058	-0.834625	-1.59055	-0.0239156	-0.202701	0.0225571	-3.30267	2.74679	0.931335	-2.56779	-0.00539601	-0.200837	0.213727
2.97972	35.0554	-64.1919	9.9323	22.6694	506.797	31.0817	32.3969	26.2866	-10.8652	-16.0037	-2.38083	1.18025	0.075321	-67.2185	-11.2637	-0.908666	29.7782	-2.78151	0.0969675	0.0643258	-28.5073	-11.7841	4.28513	0.605173	-3.21153	-0.896381	-1.54061	-0.024857	-0.199337	0.0111453	-3.45797	2.90588	1.02113	-2.50454	-0.000949085	-0.184932	0.219276
2.9897	15.6831	-61.4007	4.96267	-7.62797	472.921	34.0031	33.6901	27.8455	-11.0047	-17.6494	-2.19196	1.28646	0.0665979	-61.2121	-12.181	-1.22833	26.1231	-1.9554	-0.123964	0.041508	-16.909	-9.99049	1.3219	0.399359	-3.38845	-1.06858	-1.29386	-0.0284415	-0.180465	-0.0299943	-2.99813	3.16273	1.16249	-2.13758	0.010031	-0.129913	0.212852
2.99969	-4.96926	-53.5673	0.139775	-34.4131	447.061	30.9387	36.2317	27.4063	-10.2085	-19.3358	-1.82459	1.28658	0.0536611	-54.4095	-11.38	-1.37727	22.1134	-1.18557	-0.275785	0.0198506	-6.46793	-6.99646	-2.37538	-0.0139705	-3.52023	-1.23772	-1.14884	-0.0341699	-0.171178	-0.0674482	-2.32717	3.37394	1.29808	-1.75205	0.0224932	-0.0735832	0.20586
3.00968	-25.8571	-42.2266	-5.07386	-72.6956	422.611	27.0536	36.9323	25.4189	-8.86975	-20.8529	-1.36957	1.20531	0.0379887	-48.2023	-9.3729	-1.25782	18.2752	-0.565496	-0.340812	0.00208731	8.37494	-2.85585	-6.98861	-0.344184	-3.6677	-1.46392	-0.860854	-0.0409245	-0.14859	-0.123267	-1.28652	3.63408	1.45221	-1.16006	0.0388386	0.00806606	0.188321
3.01967	-41.9505	-27.9662	-10.2095	-120.914	405.362	17.2978	35.9333	21.6606	-6.89953	-22.0203	-0.802048	1.02035	0.0193843	-44.7452	-5.71938	-0.963873	15.426	-0.153128	-0.318109	-0.0106898	24.7461	3.13743	-12.4434	-0.767253	-3.87563	-1.73712	-0.555618	-0.0501442	-0.125361	-0.187685	0.0389735	3.96179	1.63355	-0.442618	0.0588038	0.104918	0.166792
3.02965	-43.3937	-23.4428	-9.97058	-75.4803	452.752	-7.34591	47.4575	17.6191	-4.16734	-23.5106	0.433132	0.636514	-0.0135319	-37.9046	-5.33163	-0.610548	10.2904	0.290988	-0.427536	-0.0200022	-0.758305	8.80547	-12.4562	-2.77503	-3.40661	-1.37418	-1.8704	-0.0568367	-0.241124	-0.0702505	-0.489109	3.30369	1.45317	-1.24478	0.0495776	-0.00399006	0.203489
3.03964	-42.4136	-18.4937	-8.41098	-48.5303	493.114	-19.2623	54.8848	14.3022	-1.83738	-24.8598	1.61854	0.250334	-0.0463992	-33.7522	-4.90746	-0.204034	6.40776	0.501791	-0.490167	-0.0229536	-18.1001	12.3552	-12.4925	-4.22002	-2.8712	-1.05644	-2.79282	-0.0597411	-0.318797	0.0169961	-0.798406	2.60869	1.25303	-1.79853	0.0410786	-0.0829166	0.221792
3.04963	-40.1391	-14.7402	-6.02895	-35.9577	525.717	-18.772	58.5627	12.0687	-0.259064	-26.1457	2.64365	-0.106977	-0.0750354	-31.3029	-4.75011	0.114908	3.70506	0.524392	-0.518456	-0.020829	-28.394	13.4885	-11.9942	-5.04839	-2.27706	-0.766459	-3.33769	-0.0580034	-0.359021	0.0784184	-1.01602	1.88815	1.02578	-2.15754	0.0319543	-0.138707	0.223276
3.05962	-36.5128	-11.7383	-3.91682	-28.5502	554.203	-12.9707	59.9536	10.7069	0.599746	-27.4838	3.48415	-0.424013	-0.0977013	-29.4999	-4.38492	0.351345	1.89164	0.412297	-0.502973	-0.0155083	-35.4447	13.3523	-11.2414	-5.48971	-1.72346	-0.518912	-3.67165	-0.054591	-0.380311	0.12322	-1.16355	1.22657	0.807211	-2.40859	0.0230769	-0.180842	0.218014
3.0696	-31.2415	-8.79975	-2.36953	-24.4713	578.508	-4.71316	59.2174	10.1265	0.951767	-28.8981	4.07626	-0.682166	-0.112139	-27.9232	-3.34826	0.514084	0.888945	0.203946	-0.434108	-0.00851869	-40.0856	12.2916	-10.4894	-5.59126	-1.25641	-0.331946	-3.82473	-0.0507654	-0.387021	0.151254	-1.18353	0.673912	0.616912	-2.5485	0.0153773	-0.208517	0.208367
3.07959	-31.9953	-4.34432	-0.0530761	-16.5343	599.344	3.45202	61.4848	10.1299	0.500143	-32.3042	4.92043	-0.9641	-0.132512	-26.198	-1.72917	0.577009	0.601885	-0.061258	-0.324808	-0.000962859	-41.7464	9.9371	-9.89967	-5.40759	-0.869272	-0.206448	-3.80796	-0.0464824	-0.379908	0.162333	-1.10309	0.22586	0.460262	-2.58936	0.0091164	-0.22166	0.195404
3.08958	-29.3366	0.501444	2.01461	-8.18734	618.822	9.14584	61.803	10.2249	0.0275119	-35.584	5.42249	-1.16809	-0.141385	-24.3316	0.764195	0.57038	0.778525	-0.356257	-0.171183	0.00636345	-43.4024	7.41126	-9.36091	-5.01437	-0.591317	-0.133897	-3.70575	-0.0430221	-0.367958	0.163832	-0.905401	-0.0936408	0.338694	-2.5674	0.00404989	-0.226824	0.182349
3.09957	-22.7365	5.44963	3.45908	0.465124	637.66	10.5053	60.065	10.1042	-0.231998	-38.3836	5.56876	-1.29238	-0.139209	-22.5223	3.81987	0.554059	1.26306	-0.669207	0.0123598	0.0133732	-45.3936	5.48418	-8.9781	-4.49345	-0.443714	-0.117246	-3.55441	-0.0411413	-0.354776	0.15747	-0.585545	-0.263853	0.260722	-2.48744	0.00075803	-0.224467	0.170607
3.10956	-12.2536	9.35807	4.55059	7.5059	654.826	9.53373	56.1145	9.87863	-0.31839	-40.3598	5.38778	-1.33222	-0.12815	-21.1605	7.00588	0.530772	2.03876	-0.989623	0.210007	0.0200146	-47.3072	3.85446	-8.22642	-3.78494	-0.353444	-0.118985	-3.32853	-0.0388865	-0.335175	0.146229	-0.235571	-0.352154	0.192895	-2.36477	-0.00240053	-0.217867	0.156629
3.11954	0.625108	10.9961	5.61721	1.74898	664.281	11.0297	48.856	9.95087	-0.26257	-41.3449	4.91399	-1.29337	-0.110478	-21.2073	10.0404	0.501696	3.40076	-1.32396	0.415422	0.0263819	-44.7914	1.57231	-6.83715	-2.64684	-0.284071	-0.146	-2.84019	-0.0337663	-0.288754	0.117352	0.193242	-0.356197	0.122351	-2.07667	-0.00494674	-0.192278	0.129876
3.12953	16.8005	12.1714	5.98382	3.926	677.871	7.59144	41.792	9.49112	-0.324167	-41.5093	4.34394	-1.19438	-0.0920281	-21.2006	12.4621	0.489698	4.39244	-1.61222	0.589683	0.0318367	-46.2415	0.248473	-5.38705	-1.68145	-0.27581	-0.165798	-2.50278	-0.0303687	-0.258679	0.100146	0.51254	-0.322149	0.068297	-1.90407	-0.00819088	-0.180614	0.112784
3.13952	34.3965	12.9568	5.60717	11.3239	693.637	0.595713	35.2498	8.59031	-0.61713	-40.9687	3.74799	-1.04622	-0.0750076	-21.2556	13.9972	0.497058	4.98268	-1.84881	0.718454	0.0364522	-50.19	-0.208346	-4.01888	-0.879883	-0.313419	-0.18328	-2.28121	-0.0284247	-0.241101	0.0910403	0.753359	-0.26224	0.0295182	-1.81327	-0.0116326	-0.178303	0.103002
3.14951	51.0389	13.376	4.44925	18.433	708.561	-8.51586	29.1938	7.32805	-1.15515	-39.8106	3.15435	-0.861494	-0.0599784	-21.6313	14.4877	0.510005	5.22304	-2.02916	0.790944	0.0402297	-54.0218	0.0902296	-2.94156	-0.198003	-0.397992	-0.216585	-2.10232	-0.0276525	-0.228401	0.0822751	0.986784	-0.159503	0.0131308	-1.73159	-0.0139562	-0.175508	0.0963392
3.15949	65.1756	13.3083	2.38389	21.0061	730.548	-18.55	23.6351	5.75819	-1.88651	-38.2572	2.56791	-0.655007	-0.0464148	-22.718	13.7188	0.513297	5.1581	-2.16662	0.796726	0.0436396	-56.39	1.15455	-2.32618	0.351357	-0.524177	-0.275159	-1.9611	-0.0281554	-0.219221	0.0707437	1.25353	-0.0212312	0.0195509	-1.64398	-0.0144802	-0.16884	0.0910914
3.16948	75.3449	13.5975	0.170775	23.1593	752.698	-29.1671	19.4056	3.66361	-2.62047	-36.2601	2.03439	-0.454096	-0.0349485	-23.8075	11.7659	0.468507	4.61738	-2.22222	0.728455	0.045892	-58.3744	2.67237	-2.26089	0.636871	-0.65336	-0.336484	-1.92188	-0.0299496	-0.219602	0.062875	1.46643	0.0985817	0.0419701	-1.60918	-0.0139807	-0.165263	0.0909715
3.17947	82.3821	13.2452	-2.04044	27.6792	777.716	-37.0372	15.9607	1.56107	-3.12086	-34.0831	1.54772	-0.282075	-0.0246701	-24.1334	8.78894	0.399115	3.7195	-2.20963	0.607101	0.0472104	-61.714	4.11863	-2.19223	0.669868	-0.690205	-0.34736	-2.02802	-0.031324	-0.231447	0.0678518	1.49179	0.0873254	0.0360575	-1.71079	-0.0153248	-0.176617	0.0959205
3.18946	84.6019	11.5571	-3.49186	25.6241	799.656	-39.8872	11.9586	-0.165476	-3.15657	-31.7463	1.07806	-0.153087	-0.0145933	-23.919	5.43758	0.313004	2.88084	-2.15673	0.470716	0.0476252	-62.2675	4.64715	-1.6681	0.744071	-0.594965	-0.311331	-2.07775	-0.029648	-0.232444	0.0726315	1.41592	-0.0467406	-0.0181116	-1.80573	-0.0180403	-0.186871	0.0931373
3.19944	82.89	8.87486	-3.89123	16.1288	815.45	-38.3926	7.51897	-1.46259	-2.82557	-29.2696	0.640503	-0.0622256	-0.00513074	-23.7378	2.18313	0.222668	2.2827	-2.07848	0.339724	0.0470582	-59.3856	4.10531	-0.769886	0.955643	-0.406707	-0.252138	-2.00836	-0.0252263	-0.217788	0.0712909	1.33353	-0.247888	-0.106549	-1.82912	-0.0211324	-0.188783	0.0804305
3.20943	76.4408	5.19776	-3.05112	-8.67945	817.428	-34.4594	2.47971	-2.4442	-2.29397	-26.3582	0.245244	0.00320269	0.00297638	-24.848	-0.810421	0.0720821	2.09383	-1.97017	0.210545	0.0450107	-49.2233	2.57013	0.347121	1.49708	-0.197806	-0.221721	-1.65028	-0.0182116	-0.171631	0.0474156	1.45435	-0.388213	-0.199462	-1.59907	-0.0214716	-0.160609	0.0493057
3.21942	75.3061	1.08639	-3.61794	-18.8472	828.369	-29.3758	-2.40011	-2.67627	-1.61792	-24.1273	-0.0862233	0.0414386	0.0101449	-24.4116	-3.08179	0.0285777	1.76069	-1.86358	0.123982	0.0427228	-46.9108	2.00868	1.59777	1.70202	0.0612284	-0.124639	-1.58901	-0.0126958	-0.155597	0.0511021	1.34736	-0.659316	-0.320813	-1.62724	-0.0257979	-0.165773	0.033367
3.22941	72.7172	-3.32043	-3.50888	-32.9517	831.231	-22.1614	-7.24746	-2.44868	-0.893507	-21.7029	-0.354117	0.0683076	0.0154838	-24.3943	-4.90951	0.0530759	1.7176	-1.75064	0.0598672	0.0395552	-42.3648	0.828884	2.98151	2.02375	0.3548	-0.0254449	-1.42181	-0.0059174	-0.127846	0.0483258	1.30961	-0.935609	-0.453615	-1.56351	-0.0295918	-0.161188	0.010172
3.2394	69.5479	-7.1959	-2.96265	-48.5117	827.336	-15.0428	-11.9179	-1.96156	-0.192642	-19.0968	-0.552052	0.0895152	0.0188047	-24.5321	-6.08401	0.124828	1.84689	-1.63615	0.0213702	0.0357024	-36.7446	-0.534754	4.31242	2.37401	0.658185	0.0713541	-1.20357	0.00109022	-0.0948893	0.0421737	1.33614	-1.20264	-0.586449	-1.43801	-0.0326482	-0.150263	-0.0164452
3.24938	75.8478	-9.75192	-4.89258	-38.6244	839.367	-9.55322	-16.0058	-1.10556	0.411526	-17.269	-0.682569	0.106355	0.0208827	-22.285	-6.24712	0.390068	1.56889	-1.53028	0.033887	0.0318805	-44.2807	0.117948	5.50384	2.11604	1.01724	0.262499	-1.49039	0.00491496	-0.115057	0.080778	0.9717	-1.67513	-0.749637	-1.75842	-0.0420374	-0.195347	-0.0142072
3.25937	81.4807	-15.8994	-9.05055	-25.2542	849.808	0.915844	-20.1612	0.694268	0.576179	-15.1673	-0.780714	0.150074	0.0216022	-19.6352	-7.59753	0.804943	2.0213	-1.623	0.079324	0.0350534	-52.73	1.42289	7.14046	1.78004	1.40811	0.490046	-1.83829	0.00967845	-0.139085	0.12769	0.431174	-2.20196	-0.93472	-2.16045	-0.0531802	-0.250488	-0.0101091
3.26936	85.5341	-20.1498	-12.0201	-26.6421	843.927	7.14419	-24.9389	1.3269	0.74068	-11.9795	-0.800937	0.177078	0.0195409	-18.7561	-8.62439	1.109	2.62382	-1.6787	0.113363	0.0366124	-54.6943	2.21708	8.50926	1.73897	1.71575	0.644149	-1.91194	0.0146732	-0.137057	0.148921	0.191621	-2.55841	-1.07926	-2.28319	-0.0596871	-0.271928	-0.0195848
3.27935	92.2388	-22.1223	-15.5206	-16.0116	842.804	12.5602	-29.352	1.88114	0.893871	-8.81435	-0.757422	0.198189	0.015811	-16.1344	-9.06037	1.5151	2.89681	-1.74224	0.172423	0.0385006	-61.8197	3.43429	9.33839	1.38127	2.01597	0.81469	-2.20224	0.0175278	-0.159735	0.186178	-0.210883	-2.98389	-1.21387	-2.59739	-0.0680572	-0.315226	-0.0135218
3.28933	98.1098	-22.2956	-17.9809	-13.2016	831.654	15.3324	-34.1867	1.5741	1.04854	-4.84094	-0.650952	0.206238	0.00989662	-14.2516	-9.13814	1.8194	3.1062	-1.77357	0.222918	0.0392417	-65.4885	4.03499	10.1913	1.22707	2.31473	0.961854	-2.32583	0.0213157	-0.165659	0.21034	-0.454487	-3.35403	-1.34347	-2.75636	-0.074626	-0.340882	-0.0169501
3.29932	102.96	-21.4038	-20.1303	-15.0052	813.618	15.8894	-39.3691	0.879368	1.09153	-0.25163	-0.504082	0.215666	0.00233588	-12.489	-9.01446	1.98944	3.1178	-1.7785	0.256432	0.0394203	-66.7336	4.48198	10.9045	1.17441	2.58922	1.08272	-2.34815	0.0250754	-0.161971	0.224996	-0.565834	-3.66032	-1.45778	-2.80345	-0.079292	-0.353332	-0.0256824
3.30931	106.982	-19.6247	-22.0908	-19.2366	791.401	14.9167	-44.9166	-0.00145906	1.01973	4.78787	-0.345169	0.232819	-0.00609926	-10.5212	-8.63084	2.02916	2.88498	-1.76398	0.27546	0.0393446	-66.4294	4.77132	11.4497	1.16985	2.843	1.18354	-2.31013	0.0286085	-0.152849	0.233408	-0.587761	-3.91929	-1.55767	-2.77867	-0.0825213	-0.357037	-0.037153
3.3193	109.817	-17.4872	-24.1494	-29.2152	763.209	11.0685	-50.9774	-1.10627	0.721686	10.333	-0.193668	0.262833	-0.0150467	-8.85983	-8.12297	1.85389	2.40875	-1.72121	0.265252	0.0388441	-63.0788	5.1569	11.7432	1.26243	3.02904	1.23895	-2.16303	0.0313919	-0.13389	0.229547	-0.432992	-4.0577	-1.62372	-2.615	-0.0826717	-0.343623	-0.0536689
3.32928	111.417	-15.1556	-26.5814	-42.5243	731.69	4.10683	-57.4261	-2.3861	0.263683	16.1515	-0.0825198	0.302234	-0.0234043	-7.23831	-7.44922	1.46241	1.68595	-1.65826	0.228773	0.0382169	-57.3666	5.95126	11.6379	1.36351	3.12231	1.24455	-1.95813	0.0326404	-0.110817	0.216059	-0.137304	-4.06357	-1.64441	-2.34962	-0.079592	-0.316621	-0.0713697
3.33927	114.868	-13.3944	-30.3304	-41.6462	712.777	1.07509	-63.8952	-2.61775	-0.239468	21.4321	-0.0828544	0.376897	-0.0289779	-3.54402	-6.57769	1.23836	0.751853	-1.62006	0.207258	0.0388176	-57.0414	7.29652	11.2423	1.09275	3.24362	1.29221	-2.00754	0.032678	-0.114229	0.223528	-0.13596	-4.19139	-1.67181	-2.33652	-0.0796375	-0.318088	-0.0723982
3.34926	118.27	-12.5437	-34.1141	-41.9326	694.428	-0.396387	-70.7807	-2.64754	-0.827972	26.7587	-0.199723	0.473448	-0.0315872	-0.0271252	-5.93038	1.00145	-0.217549	-1.56926	0.167176	0.0392881	-55.7732	8.29237	11.0227	0.879148	3.3858	1.34658	-2.01107	0.0335004	-0.112106	0.22899	-0.128128	-4.31965	-1.70587	-2.28872	-0.0795988	-0.316035	-0.0766237
3.35925	121.105	-12.3609	-38.1869	-40.8581	681.543	-1.03916	-77.8383	-2.51495	-1.42869	31.9006	-0.463171	0.58737	-0.0299495	3.72061	-5.40828	0.735352	-1.25153	-1.51962	0.111563	0.0401236	-54.1759	9.41923	10.7024	0.601012	3.51764	1.39848	-2.03302	0.03398	-0.111705	0.234959	-0.143994	-4.43794	-1.7316	-2.24819	-0.079104	-0.31405	-0.0794308
3.36923	121.483	-11.4188	-42.0772	-42.3101	666.871	-4.4416	-84.4777	-3.0535	-2.0318	36.8423	-0.839299	0.682399	-0.0242433	7.10552	-4.73252	0.25441	-2.38342	-1.45516	0.0326745	0.0408593	-49.8089	10.7298	9.77298	0.282615	3.5218	1.38489	-2.00481	0.0323112	-0.108822	0.229836	-0.0368853	-4.39247	-1.69301	-2.10859	-0.0746201	-0.297303	-0.0810188
3.37922	122.04	-10.7946	-46.5217	-35.0988	660.825	-5.22365	-90.4556	-3.34599	-2.45392	41.0211	-1.33976	0.776161	-0.0140502	11.3363	-3.89547	-0.0705564	-3.37912	-1.40942	-0.0291219	0.0422535	-48.2074	12.5627	8.75454	-0.285904	3.54642	1.4029	-2.13064	0.0301997	-0.121215	0.238051	-0.152429	-4.42595	-1.66044	-2.12519	-0.0720819	-0.298053	-0.0727752
3.38921	119.812	-9.90305	-50.2079	-32.2717	650.562	-7.17592	-95.339	-4.29473	-2.84512	44.7015	-1.88235	0.830768	-0.00121094	14.691	-3.27523	-0.54592	-4.36769	-1.35487	-0.111136	0.0435528	-43.5743	14.1446	7.37717	-0.800135	3.46643	1.36338	-2.16534	0.0267952	-0.126313	0.233833	-0.132485	-4.30894	-1.577	-2.02136	-0.0660306	-0.282509	-0.0665329
3.3992	118.321	-8.62317	-54.0415	-20.196	648.22	-6.39765	-98.8493	-5.12587	-2.9289	47.2581	-2.452	0.875116	0.0136312	18.6908	-2.32246	-0.732353	-5.12543	-1.33684	-0.150652	0.045639	-42.8248	16.1978	6.14436	-1.54697	3.45377	1.38044	-2.37104	0.0237992	-0.147606	0.24724	-0.390475	-4.33442	-1.52395	-2.11283	-0.063549	-0.290345	-0.0507196
3.40919	115.686	-8.13691	-56.3664	-12.3061	642.478	-3.59128	-101.155	-5.95841	-2.81145	48.9843	-2.98727	0.913187	0.0284002	21.7482	-1.84159	-0.819005	-5.76761	-1.32886	-0.186619	0.0477474	-40.9369	17.4045	5.55809	-2.08803	3.51128	1.42395	-2.47219	0.023076	-0.155884	0.257643	-0.61845	-4.39403	-1.50625	-2.13765	-0.0619775	-0.293026	-0.0439803
3.41917	111.251	-8.49069	-57.2846	-4.96808	635.317	0.327103	-101.74	-6.28263	-2.45707	49.5608	-3.45602	0.970925	0.0419384	24.5756	-1.60817	-0.77321	-6.39984	-1.34685	-0.212032	0.0504967	-39.0592	18.428	5.38487	-2.56788	3.62054	1.49452	-2.55069	0.0236525	-0.160057	0.270051	-0.879302	-4.49466	-1.51388	-2.15949	-0.0614774	-0.297087	-0.0407061
3.42916	101.473	-8.91281	-56.2351	0.614221	623.266	2.99342	-99.6807	-6.04879	-2.02626	48.7735	-3.81108	1.04112	0.0532033	27.5095	-1.52187	-0.858857	-7.35564	-1.38829	-0.252924	0.054417	-35.1838	19.4503	4.58842	-3.11809	3.61228	1.50633	-2.60661	0.0220865	-0.164646	0.273907	-1.05673	-4.45262	-1.46018	-2.11681	-0.0575675	-0.290335	-0.0342483
3.43915	87.1181	-9.4995	-53.3918	9.02876	610.438	5.19874	-94.7401	-4.93727	-1.51944	46.421	-4.03947	1.12966	0.0617434	31.0582	-1.37512	-0.974968	-8.55579	-1.46766	-0.292223	0.0598421	-31.5029	20.8559	3.48705	-3.84041	3.57698	1.51389	-2.728	0.0195129	-0.176352	0.280992	-1.30955	-4.39592	-1.38592	-2.11772	-0.0530761	-0.28708	-0.022243
3.44914	65.7603	-8.8348	-48.0352	18.3801	594.219	4.63699	-86.3475	-3.41348	-1.14667	42.5184	-4.10227	1.19806	0.0669395	35.1692	-0.821115	-1.3826	-10.2551	-1.58683	-0.336085	0.0670018	-26.311	22.3906	1.50774	-4.77433	3.42519	1.46647	-2.88617	0.0142445	-0.194676	0.283179	-1.55078	-4.21587	-1.24209	-2.10317	-0.0451973	-0.277567	-0.00254597
3.45912	43.7137	-7.64229	-41.4587	25.4627	576.566	6.2389	-76.4905	-2.117	-0.809838	37.7887	-4.00619	1.22083	0.0683975	38.7518	-0.330757	-1.81958	-11.8608	-1.70305	-0.351829	0.0735118	-22.0893	23.1054	-0.0362071	-5.65442	3.34506	1.4551	-3.04452	0.0107999	-0.211098	0.289723	-1.90431	-4.12062	-1.13198	-2.13932	-0.0395345	-0.274818	0.0158054
3.46911	26.7706	-4.58376	-35.7089	43.9911	570.814	12.7507	-66.1132	-1.24732	-0.302608	32.3723	-3.77007	1.20016	0.0661738	43.3057	1.01212	-1.94642	-13.1198	-1.79351	-0.297249	0.0785237	-26.2506	23.9084	-0.458101	-6.72398	3.54022	1.6092	-3.46297	0.0117064	-0.248183	0.332433	-2.80524	-4.45398	-1.15972	-2.5594	-0.0444884	-0.321488	0.0425314
3.4791	8.3677	0.972598	-29.062	58.2135	564.436	17.2593	-55.4959	-1.912	0.140469	26.8469	-3.36324	1.09087	0.0595277	48.0872	2.80242	-2.23949	-14.774	-1.86061	-0.221222	0.0825001	-29.8739	23.7318	-0.810984	-7.70913	3.74532	1.75923	-3.83885	0.0133388	-0.280584	0.371635	-3.69405	-4.78785	-1.19105	-2.96238	-0.0495184	-0.365333	0.0669099
3.48909	-9.9443	7.39592	-22.2021	69.6823	560.323	20.0193	-45.6972	-3.31967	0.503006	21.6345	-2.80111	0.918328	0.047932	53.4467	5.16349	-2.66473	-16.8303	-1.87604	-0.117869	0.0843744	-33.6391	23.0642	-0.863947	-8.57684	3.9733	1.91647	-4.18727	0.016003	-0.309105	0.409747	-4.57603	-5.14307	-1.24081	-3.36855	-0.0554683	-0.409664	0.0881272
3.49907	-26.982	13.304	-15.6534	77.6063	558.871	20.6336	-37.7571	-4.84375	0.725443	17.2113	-2.116	0.705217	0.0316087	59.4291	8.13584	-3.23637	-19.3593	-1.81198	0.0161465	0.0830369	-37.1637	22.2232	-0.524289	-9.23902	4.20004	2.06785	-4.47771	0.0194948	-0.330938	0.443545	-5.37025	-5.48112	-1.30584	-3.74133	-0.061811	-0.450622	0.103855
3.50906	-42.0825	17.0999	-9.7804	80.2421	558.629	18.4466	-32.2463	-5.85896	0.718635	13.8616	-1.38883	0.482123	0.0128042	65.7082	11.4848	-3.96321	-22.3464	-1.64221	0.179934	0.0773689	-39.453	21.4793	0.273556	-9.56211	4.37605	2.18589	-4.65066	0.0233685	-0.340886	0.466464	-5.94977	-5.7243	-1.37258	-4.01155	-0.0672754	-0.480277	0.110781
3.51905	-52.0748	17.4677	-4.95177	75.8491	558.746	14.8275	-29.7363	-6.04204	0.601272	11.6085	-0.731648	0.285131	-0.00503004	71.1125	14.6605	-4.63886	-25.2961	-1.32062	0.371882	0.0651448	-40.9579	20.5449	2.18443	-9.30047	4.55068	2.29048	-4.63432	0.0293645	-0.330434	0.477299	-6.25434	-5.90768	-1.47932	-4.14646	-0.0734937	-0.497815	0.10166
3.52904	-57.7394	14.4339	-0.712701	59.7901	554.792	9.15236	-29.7863	-5.44233	0.380305	10.2973	-0.213232	0.129393	-0.0194021	74.396	16.9173	-5.17697	-27.9845	-0.868562	0.566394	0.0469315	-39.2485	18.8102	4.87248	-8.3123	4.62548	2.31995	-4.31819	0.0363114	-0.291201	0.462339	-6.10129	-5.88651	-1.57985	-4.01951	-0.0773351	-0.486767	0.0737851
3.53902	-59.7531	8.22954	2.27268	33.0808	547.177	2.90954	-31.8366	-3.82361	0.0615706	9.70941	0.121471	0.0378669	-0.0288961	75.3238	17.5642	-5.46031	-30.227	-0.296758	0.714063	0.0238592	-33.9199	16.4957	7.46562	-6.80748	4.49545	2.22625	-3.75775	0.0415744	-0.232413	0.419254	-5.50796	-5.57405	-1.61371	-3.64499	-0.0763978	-0.445137	0.0363065
3.54901	-60.2938	1.72573	3.8214	-4.15366	534.84	-4.84112	-35.0095	-2.17703	-0.364743	9.6983	0.279361	-0.0117029	-0.0332053	73.8671	16.507	-5.50831	-32.1565	0.365986	0.772728	-0.00213824	-23.88	13.6543	8.86401	-5.06523	4.06432	1.95933	-3.00764	0.0422626	-0.163209	0.344836	-4.48992	-4.88019	-1.51066	-3.02204	-0.0674655	-0.368467	-0.000958355
3.559	-52.4102	-5.38066	4.10427	-33.9948	533.231	-3.29092	-39.395	0.0584604	-0.631147	9.88001	0.24451	0.0007992	-0.0321643	71.2133	13.8369	-4.78538	-33.2553	1.18183	0.700511	-0.0320594	-19.2798	9.48702	11.044	-3.24437	3.83782	1.79307	-2.33335	0.046408	-0.099545	0.28825	-3.69345	-4.48958	-1.51519	-2.57039	-0.0658371	-0.317268	-0.038763
3.56899	-39.0187	-11.9113	3.8993	-57.2846	539.227	4.6401	-43.9099	2.05628	-0.767892	10.0887	0.0659318	0.0411255	-0.0267317	67.1403	9.85481	-3.39544	-33.6921	2.06785	0.485916	-0.0625496	-18.4203	4.17466	13.6552	-1.46029	3.78196	1.71047	-1.73274	0.0530137	-0.0413786	0.246693	-3.0853	-4.35034	-1.60094	-2.24595	-0.0694534	-0.285165	-0.0763795
3.57898	-27.1227	-15.1527	3.75136	-84.8397	541.902	8.2063	-47.5483	2.308	-0.829977	10.4467	-0.18364	0.0604744	-0.0185888	60.9919	5.43554	-1.81627	-34.0389	2.86985	0.166281	-0.0883637	-13.9222	-1.05701	15.0844	0.179186	3.56971	1.53847	-1.08442	0.0560902	0.017033	0.191079	-2.31114	-4.01681	-1.59212	-1.79148	-0.0672721	-0.23345	-0.109634
3.58896	-13.152	-16.9114	3.80335	-91.9806	558.078	18.1883	-49.4505	2.70772	-0.842549	10.3139	-0.460352	0.0943707	-0.00933477	56.2594	1.10488	-0.120121	-34.4337	3.62967	-0.227836	-0.109952	-16.918	-6.34772	16.1205	1.29667	3.47756	1.45488	-0.764775	0.0589446	0.0422418	0.166322	-1.98368	-3.99426	-1.63847	-1.68211	-0.0714043	-0.222909	-0.124498
3.59895	1.55194	-17.5304	3.89029	-87.9727	580.247	28.4361	-50.0931	2.84319	-0.774507	10.0264	-0.742626	0.128434	0.000144074	51.8589	-2.44949	1.42518	-34.8133	4.22069	-0.619062	-0.124525	-23.3564	-10.6972	16.6926	2.02412	3.3983	1.40229	-0.651526	0.0603042	0.0461241	0.157884	-1.86071	-4.07885	-1.69037	-1.74255	-0.0773744	-0.23207	-0.12736
3.60894	15.5445	-16.5662	3.95274	-79.0445	603.439	35.0176	-49.5289	2.31256	-0.620016	9.69742	-1.00243	0.148743	0.00906077	47.1594	-4.91248	2.62381	-35.1353	4.52422	-0.942975	-0.129227	-30.3508	-13.49	16.5068	2.418	3.24481	1.32955	-0.663881	0.0587675	0.0355623	0.154389	-1.76511	-4.11143	-1.69898	-1.84948	-0.0814608	-0.244868	-0.120733
3.61893	27.7501	-13.5408	4.04146	-69.1991	624.634	36.5564	-47.8379	0.898633	-0.370465	9.34703	-1.22056	0.148658	0.016913	41.9499	-6.25994	3.3915	-35.3599	4.49382	-1.16082	-0.123421	-36.0828	-14.5857	15.3357	2.52024	2.97581	1.20573	-0.743892	0.0536096	0.0154957	0.148222	-1.58735	-4.00127	-1.63417	-1.9245	-0.0813689	-0.250929	-0.106181
3.62891	37.1585	-7.49953	4.52004	-61.6304	641.376	31.4912	-45.2398	-1.69307	0.00446676	8.98786	-1.38757	0.120226	0.023532	36.2524	-6.23237	3.66235	-35.43	4.1761	-1.25737	-0.109622	-39.0418	-14.0811	13.0714	2.39254	2.5736	1.01064	-0.83338	0.0446532	-0.00866674	0.133068	-1.25002	-3.69139	-1.47796	-1.90433	-0.0755647	-0.242003	-0.0857914
3.6389	47.2355	-0.759143	5.2095	-39.3618	664.628	27.4511	-41.4307	-4.1398	0.375753	8.16387	-1.49735	0.0877099	0.0287223	32.3994	-5.07612	3.3629	-35.2527	3.73576	-1.24164	-0.0934753	-47.3661	-12.6411	10.7853	1.89596	2.29076	0.896589	-1.16507	0.0355305	-0.0554186	0.141958	-1.14634	-3.59063	-1.37461	-2.10273	-0.0739994	-0.261526	-0.055886
3.64889	55.1109	7.78494	6.05558	-22.6705	681.85	17.3861	-37.5721	-7.21515	0.817773	7.39226	-1.57363	0.0405063	0.0329151	28.0771	-2.7402	2.76503	-34.7947	3.17499	-1.14104	-0.0756316	-52.1463	-9.88722	7.90601	1.3541	1.91263	0.723114	-1.43006	0.0240688	-0.0970714	0.138715	-0.833976	-3.29912	-1.20316	-2.15639	-0.0672805	-0.261952	-0.0268891
3.65888	61.2264	18.1806	7.57894	-12.1617	693.685	2.87197	-33.9648	-10.9882	1.33614	6.67784	-1.62287	-0.0257319	0.0363538	23.3591	0.511607	1.97186	-34.1024	2.54471	-0.979348	-0.0574608	-53.4554	-6.58151	4.61151	0.863564	1.45887	0.495071	-1.59421	0.0111887	-0.130106	0.122136	-0.332562	-2.84514	-0.976587	-2.06566	-0.056283	-0.243546	-0.00058648
3.66886	65.4087	29.6106	9.7425	-11.6422	698.741	-14.4228	-31.0852	-15.2231	1.9022	6.12353	-1.66003	-0.104965	0.0392912	17.9399	4.17199	1.19716	-33.2146	1.87556	-0.786365	-0.0394924	-49.8642	-3.18945	0.959588	0.550371	0.902121	0.192137	-1.58271	-0.00271401	-0.147513	0.0855044	0.395326	-2.18368	-0.683774	-1.77876	-0.0402224	-0.199294	0.020415
3.67885	69.9829	40.3989	12.7797	-10.2687	704.324	-28.5004	-28.7996	-19.2293	2.45658	5.48967	-1.69124	-0.186384	0.0419344	13.2231	7.86883	0.327218	-32.0795	1.23535	-0.566473	-0.0234459	-46.777	-0.749634	-2.28994	0.34437	0.400746	-0.0857327	-1.54562	-0.0149619	-0.161235	0.0506616	1.06031	-1.59649	-0.424196	-1.51442	-0.0261569	-0.158998	0.0385291
3.68884	79.7777	47.318	14.7255	12.9842	723.467	-35.6967	-26.3813	-21.8238	2.83127	4.36859	-1.71118	-0.250374	0.0442136	11.4646	11.2784	-0.839842	-30.6796	0.712942	-0.318056	-0.0115355	-54.7235	1.58863	-4.0575	-0.115015	0.164234	-0.17374	-1.86374	-0.0236249	-0.204281	0.0614884	1.20688	-1.49286	-0.342998	-1.67615	-0.0246544	-0.177704	0.0631737
3.69883	86.5509	52.4991	17.5649	22.4162	734.687	-39.1537	-25.6547	-23.5615	3.13289	3.51955	-1.74902	-0.292623	0.0461291	9.25318	14.4154	-2.01806	-28.8924	0.226913	-0.0637253	-0.00134435	-56.8542	2.29185	-5.50509	-0.222219	-0.086822	-0.297746	-1.93592	-0.0301125	-0.221406	0.0525317	1.4851	-1.28473	-0.245579	-1.6465	-0.0205653	-0.171951	0.0754371
3.70881	92.1836	54.0502	20.0553	30.6953	745.953	-35.9067	-25.9817	-23.6078	3.23885	2.7106	-1.80155	-0.293393	0.0475756	8.06707	16.8422	-3.21853	-26.8308	-0.171865	0.184403	0.00635692	-59.285	1.69594	-6.04322	-0.21794	-0.212432	-0.355468	-1.9947	-0.0331015	-0.232566	0.0503807	1.59627	-1.23801	-0.220553	-1.6764	-0.0202811	-0.175209	0.0813939
3.7188	93.2726	52.9836	21.8838	29.239	751.417	-28.0059	-27.1882	-22.2713	3.13949	2.09803	-1.86392	-0.256152	0.0484365	6.96121	18.3416	-4.19128	-24.5582	-0.494512	0.397937	0.01236	-57.4699	0.116084	-6.38218	-0.0535064	-0.338666	-0.430316	-1.91974	-0.0343741	-0.228369	0.0368765	1.70605	-1.15379	-0.186745	-1.61741	-0.0184963	-0.164971	0.0807054
3.72879	91.5499	50.5556	22.4786	25.5334	755.489	-19.0032	-27.3382	-20.3015	2.91024	1.44704	-1.90982	-0.201758	0.0488662	5.23649	18.8073	-4.61108	-22.3162	-0.745246	0.542451	0.0173115	-54.9953	-1.34342	-6.88509	0.0130963	-0.492611	-0.515147	-1.88	-0.0359754	-0.227276	0.0233664	1.72586	-1.07168	-0.139577	-1.59722	-0.0162556	-0.15627	0.0832182
3.73878	85.3786	47.2085	21.4521	16.4586	752.964	-10.019	-26.91	-17.9169	2.56869	0.904537	-1.93855	-0.132856	0.048697	3.17218	18.088	-4.50584	-20.1961	-0.897028	0.610163	0.0205016	-49.2304	-2.32529	-7.8812	0.0791648	-0.744926	-0.659758	-1.77432	-0.0388557	-0.221086	-0.00221769	1.80835	-0.855939	-0.0326245	-1.49728	-0.0103255	-0.133488	0.0869084
3.74877	83.2978	42.5277	19.5474	24.4125	759.652	-1.04094	-24.2722	-15.3321	2.26654	-0.0485585	-1.93066	-0.0570361	0.0481117	1.60497	16.2174	-3.9606	-18.7748	-0.932583	0.599689	0.0217695	-52.2954	-3.00874	-8.36141	-0.204793	-0.853676	-0.687792	-1.99198	-0.0412885	-0.244733	0.00658173	1.56661	-0.947059	-0.0257564	-1.71583	-0.012089	-0.153882	0.100614
3.75875	81.8029	37.8434	16.7649	40.0572	782.781	3.86281	-20.4925	-13.279	2.10081	-1.22314	-1.91831	0.0149407	0.0476509	0.625627	13.7644	-3.22216	-17.9797	-0.887184	0.538734	0.0215993	-59.1745	-2.54864	-8.55066	-0.693933	-0.883872	-0.659844	-2.38739	-0.0439341	-0.283409	0.0316341	1.21232	-1.18986	-0.0702233	-2.08086	-0.0168127	-0.193698	0.11772
3.76874	75.7318	34.4667	14.2315	45.7554	791.527	6.60898	-17.7375	-11.9402	2.00808	-2.1227	-1.88933	0.0689041	0.0464956	0.0042844	11.2723	-2.61698	-16.9342	-0.745255	0.462849	0.0185022	-59.6317	-2.20862	-9.03428	-0.903801	-0.977979	-0.702531	-2.52649	-0.0464286	-0.297806	0.0321916	1.12246	-1.22369	-0.0508861	-2.19113	-0.0160735	-0.200837	0.125622
3.77873	67.7183	31.155	12.0286	45.3928	789.957	9.51879	-15.8206	-10.8977	1.92799	-2.73916	-1.86775	0.115566	0.045363	-0.646394	8.77286	-2.05681	-15.5702	-0.538997	0.375677	0.013393	-56.4747	-2.22313	-9.27335	-0.870125	-1.0447	-0.755294	-2.48861	-0.0473083	-0.293586	0.0208196	1.16394	-1.18808	-0.0246448	-2.14864	-0.013515	-0.190514	0.124213
3.78872	59.8223	27.8722	10.3804	42.5006	781.992	12.349	-14.34	-10.138	1.87629	-3.11579	-1.8515	0.152782	0.0443702	-1.59851	6.58741	-1.5724	-13.8391	-0.30428	0.290163	0.00716726	-52.1913	-2.50293	-9.095	-0.699094	-1.05023	-0.785218	-2.36925	-0.0464374	-0.279499	0.00756659	1.23012	-1.16506	-0.0186291	-2.04845	-0.0113372	-0.175367	0.116605
3.7987	52.7411	24.8349	9.31224	35.2633	767.45	15.2947	-13.6125	-9.60113	1.82425	-3.19867	-1.84181	0.181159	0.0434386	-3.20463	5.02896	-1.20484	-11.5582	-0.0691795	0.218948	0.000377214	-46.4611	-3.00662	-8.64385	-0.395663	-1.02431	-0.807072	-2.16195	-0.0442614	-0.255726	-0.00959197	1.3331	-1.12181	-0.0179501	-1.88094	-0.00888293	-0.153395	0.103944
3.80869	50.6811	21.1952	8.91431	37.5132	758.737	16.6598	-11.7011	-9.24408	1.87365	-3.36341	-1.81633	0.197203	0.0426754	-5.39645	3.9911	-0.858651	-9.15036	0.150026	0.153319	-0.00618994	-46.9887	-3.38725	-7.27003	-0.313458	-0.820593	-0.701573	-2.17021	-0.0401063	-0.248687	0.0022375	1.16846	-1.34593	-0.123308	-1.93135	-0.0131504	-0.163934	0.0934495
3.81868	53.7134	16.4166	8.57716	53.4775	759.301	14.4549	-7.69646	-8.87126	2.07158	-3.79682	-1.75111	0.201931	0.0416227	-7.95089	3.24875	-0.502723	-6.82808	0.356655	0.0873313	-0.0124559	-55.6874	-2.97772	-5.15445	-0.638673	-0.474714	-0.467483	-2.50433	-0.0353778	-0.269836	0.0498164	0.669038	-1.84389	-0.327882	-2.27802	-0.0244569	-0.215744	0.0910666
3.82867	57.2244	13.7492	8.9199	59.6876	750.842	10.6241	-5.19682	-8.84954	2.24607	-3.94061	-1.67966	0.1903	0.0400626	-11.2696	4.05936	-0.494515	-3.65385	0.53138	0.0740706	-0.01913	-60.5339	-2.68396	-3.71299	-0.826515	-0.278465	-0.324103	-2.68939	-0.0322556	-0.280403	0.0782613	0.343194	-2.11687	-0.447419	-2.47253	-0.0310308	-0.245491	0.0888395
3.83865	62.3322	11.955	9.58662	66.7035	742.379	3.9498	-2.25908	-9.054	2.46202	-4.08988	-1.59019	0.161601	0.0384167	-15.2166	5.85353	-0.604383	-0.100831	0.661643	0.0889778	-0.0252893	-66.4428	-2.03257	-2.35767	-1.12136	-0.110582	-0.179869	-2.93079	-0.0298813	-0.297024	0.110636	-0.0316552	-2.37716	-0.558859	-2.70746	-0.0377198	-0.279909	0.0902588
3.84864	67.9901	11.5455	10.6653	68.7611	729.853	-3.80872	0.0904341	-9.39902	2.64583	-4.1447	-1.49506	0.120517	0.0366201	-19.8991	8.74798	-0.858444	3.98064	0.732517	0.138805	-0.0306989	-70.2807	-1.41009	-1.40554	-1.3445	-0.0363879	-0.0895177	-3.09254	-0.0285557	-0.308365	0.132285	-0.312731	-2.50406	-0.619592	-2.86095	-0.0417143	-0.302277	0.0923334
3.85863	74.2052	11.5271	11.9859	67.5498	715.244	-11.3651	2.11501	-9.63821	2.75492	-4.16832	-1.40071	0.073533	0.0349119	-25.4743	12.2458	-1.13343	8.5042	0.72969	0.206664	-0.0346745	-72.5649	-0.853299	-0.62792	-1.49125	-0.0168701	-0.0313172	-3.18799	-0.0275946	-0.314541	0.146536	-0.531263	-2.54446	-0.650862	-2.95315	-0.0440677	-0.316097	0.0937405
3.86862	80.7576	11.2838	13.5448	64.0407	699.821	-17.8232	3.95626	-9.67685	2.76791	-4.2039	-1.31271	0.0237377	0.0335002	-32.041	15.8835	-1.35782	13.404	0.637359	0.276509	-0.0364475	-73.3718	-0.442401	0.095657	-1.54452	-0.031131	0.004724	-3.21502	-0.0265531	-0.314725	0.154411	-0.698022	-2.52125	-0.663491	-2.98827	-0.0452723	-0.322385	0.0933887
3.8786	87.6766	11.2213	15.9456	54.9879	681.74	-20.9544	4.74404	-9.54385	2.59185	-4.16304	-1.25345	-0.0241481	0.0327334	-39.7552	19.6863	-1.59963	18.8163	0.434747	0.347816	-0.0353663	-70.9077	-0.863621	0.770274	-1.34273	-0.07633	0.00343715	-3.07621	-0.0246621	-0.299765	0.148419	-0.737057	-2.40684	-0.652874	-2.89444	-0.0446776	-0.312442	0.0871522
3.88859	94.5304	9.52139	18.5435	48.3176	666.969	-22.2317	6.00747	-9.02172	2.3023	-4.24391	-1.2156	-0.0648919	0.0329365	-48.2944	22.5691	-1.73513	24.3001	0.117366	0.387252	-0.030401	-68.3681	-1.37442	1.69611	-1.10721	-0.0924813	0.0195808	-2.92625	-0.0218942	-0.282534	0.14401	-0.801691	-2.32013	-0.659187	-2.8019	-0.0448643	-0.303636	0.0787109
3.89858	101.107	7.07152	21.4553	43.4253	655.319	-22.8815	7.63758	-8.40792	1.9671	-4.42397	-1.19923	-0.10267	0.0341149	-57.4562	24.6284	-1.80951	29.7817	-0.314533	0.398628	-0.0214315	-65.4121	-1.92054	2.58035	-0.851465	-0.1249	0.0277188	-2.76027	-0.0191392	-0.264093	0.137881	-0.861057	-2.21666	-0.659331	-2.6982	-0.0447859	-0.293095	0.0701639
3.90857	107.845	4.64477	24.9308	32.719	641.817	-19.8018	7.77352	-7.50009	1.3439	-4.48852	-1.23334	-0.119879	0.0362416	-67.4347	26.4029	-1.90785	35.488	-0.848785	0.400688	-0.0091504	-58.8732	-3.1192	3.21809	-0.332617	-0.213543	-0.0187421	-2.41931	-0.0160785	-0.230676	0.11526	-0.757722	-1.9964	-0.622587	-2.45144	-0.0422192	-0.263861	0.0566548
3.91856	114.216	-0.847856	28.3696	33.7393	637.758	-17.4937	9.85542	-5.96136	0.774711	-4.79362	-1.27218	-0.121205	0.0392569	-77.0415	26.5557	-1.87527	40.4782	-1.42777	0.367382	0.00572456	-56.5895	-3.98914	4.53414	-0.0590865	-0.176336	0.0310271	-2.2671	-0.0117945	-0.21141	0.115146	-0.88209	-1.98373	-0.664779	-2.37903	-0.0442957	-0.259349	0.0449672
3.92854	119.985	-8.98447	31.065	46.3203	643.118	-19.1186	14.143	-4.03593	0.461999	-5.35143	-1.29662	-0.116116	0.042737	-85.8435	25.2632	-1.64127	44.4352	-2.00528	0.322566	0.0216149	-59.24	-3.77427	6.01098	-0.161993	-0.11707	0.13511	-2.36015	-0.00868611	-0.214523	0.136022	-1.22061	-2.09037	-0.740413	-2.50249	-0.0492265	-0.27957	0.0419794
3.93853	125.939	-14.9283	33.3652	47.2532	643.201	-19.6715	15.9502	-2.31701	-0.1602	-5.63587	-1.37716	-0.0921315	0.0469702	-94.6635	24.8656	-1.30791	48.1226	-2.56675	0.332894	0.0365612	-57.2599	-3.59291	6.52954	-0.00258801	-0.250531	0.110404	-2.24982	-0.00776094	-0.204012	0.130103	-1.28922	-1.9269	-0.710789	-2.43278	-0.0484273	-0.271472	0.0390474
3.94852	130.685	-21.8989	35.0907	52.6306	646.098	-20.6536	18.0638	-0.175391	-0.892944	-5.90176	-1.48187	-0.0478907	0.0520579	-101.951	24.0827	-0.808535	50.7189	-3.0652	0.371886	0.0501358	-57.0782	-3.42587	7.33036	0.0596762	-0.341265	0.123409	-2.21785	-0.00630609	-0.199533	0.133444	-1.46175	-1.84611	-0.712978	-2.4399	-0.0496654	-0.273973	0.0371015
3.95851	134.39	-27.2244	35.9576	47.5883	642.177	-20.2404	17.8251	1.86829	-1.9068	-5.97708	-1.62652	0.0284866	0.0570788	-108.075	23.7227	-0.255793	52.446	-3.47524	0.43651	0.0613788	-52.9711	-3.2108	7.43854	0.36608	-0.559278	0.0404131	-2.006	-0.00620393	-0.181946	0.114936	-1.3959	-1.56376	-0.638964	-2.27738	-0.0464223	-0.25263	0.0334242
3.96849	138.573	-32.6247	37.065	33.8878	633.716	-14.7471	15.1885	4.24348	-3.37394	-5.91907	-1.82721	0.155049	0.0622649	-114.709	23.1434	0.029223	54.7118	-4.48628	0.46581	0.0701459	-45.0271	-3.57346	7.45171	0.979118	-0.785909	-0.0814417	-1.59999	-0.00503388	-0.146463	0.0803369	-1.15262	-1.19613	-0.543604	-1.95856	-0.0411113	-0.211967	0.0222223
3.97848	137.335	-39.0874	36.7499	29.6825	623.123	-9.84613	13.7127	7.41166	-4.79835	-6.09179	-2.00763	0.310936	0.0667638	-116.334	21.6394	0.348671	54.4426	-4.80097	0.509867	0.077232	-40.5025	-4.36469	8.12625	1.39069	-0.861893	-0.104394	-1.34696	-0.00200346	-0.121373	0.066208	-1.12609	-1.0524	-0.532118	-1.79213	-0.0404982	-0.193365	0.0109629
3.98847	132.292	-46.6463	35.1214	31.8239	611.395	-5.55307	13.2091	11.0724	-6.11082	-6.51277	-2.16558	0.486344	0.0704674	-114.806	18.9254	0.523103	52.851	-4.97711	0.522425	0.0823271	-38.5184	-5.10278	8.75897	1.56811	-0.923075	-0.0981387	-1.23256	0.000493977	-0.109206	0.0636795	-1.24797	-0.991316	-0.537901	-1.74546	-0.0416224	-0.18906	0.00549357
3.99846	123.183	-55.7451	32.1218	42.7563	600.534	-2.81054	14.4666	15.1971	-7.21101	-7.26583	-2.28024	0.666149	0.0731885	-110.133	14.8498	0.579046	49.9828	-5.0044	0.503505	0.0852676	-40.2723	-5.6047	9.51963	1.41254	-0.939499	-0.0360614	-1.31875	0.00265794	-0.114692	0.0794253	-1.59479	-1.06455	-0.579466	-1.87247	-0.0456049	-0.206256	0.00695391
4.00844	110.453	-65.3449	27.6281	51.6258	586.102	1.31124	15.8699	19.5271	-8.39914	-8.24139	-2.38966	0.859917	0.0753066	-103.509	9.80896	0.497488	46.2979	-4.85661	0.44688	0.0851408	-41.6468	-5.69705	9.98091	1.17799	-0.99935	0.00678234	-1.42142	0.00401904	-0.122685	0.0936303	-1.96778	-1.09956	-0.595891	-2.00833	-0.0485511	-0.222336	0.0117812
4.01843	95.1212	-74.6943	22.3925	48.4941	564.814	11.0921	15.8433	23.9984	-10.0675	-9.32233	-2.54318	1.08802	0.0774443	-96.3801	4.48636	0.221407	42.3644	-4.50571	0.340774	0.0810118	-38.7919	-5.87855	10.5165	1.19849	-1.03586	0.0302303	-1.34156	0.00709992	-0.112092	0.094173	-2.22743	-1.07098	-0.59869	-2.00106	-0.0495936	-0.220398	0.00849704
4.02842	76.7517	-83.8468	16.456	53.5517	547.924	16.7256	18.8805	28.6447	-11.3632	-10.8964	-2.5529	1.28805	0.0759718	-87.5671	-1.0163	0.0215463	37.7295	-3.94668	0.207919	0.0727179	-40.1688	-5.54409	11.4081	0.826808	-0.939397	0.14798	-1.4928	0.0106348	-0.119694	0.118213	-2.73648	-1.25588	-0.666958	-2.18705	-0.0543806	-0.243764	0.010132
4.03841	56.4661	-90.3023	10.1116	62.7943	534.869	16.5365	24.9827	32.8588	-12.016	-12.9915	-2.37564	1.43713	0.0696292	-77.996	-5.83496	-0.0545148	32.7085	-3.14477	0.034206	0.0591256	-44.5149	-4.36384	11.6998	0.0600108	-0.850977	0.273003	-1.84094	0.0116977	-0.147324	0.153258	-3.3605	-1.49963	-0.722837	-2.5098	-0.0592124	-0.281266	0.0229445
4.0484	34.6107	-92.6417	4.16093	60.6869	518.134	16.5856	31.5308	35.9149	-12.2342	-15.4029	-2.07126	1.54277	0.0591313	-68.9726	-10.3273	-0.0540417	27.2929	-1.91935	-0.400768	0.0403625	-45.203	-2.80706	10.709	-0.649211	-0.888758	0.28906	-2.07887	0.00988502	-0.16978	0.1674	-3.76705	-1.55618	-0.678807	-2.70363	-0.0584091	-0.297048	0.0403539
4.05838	14.2511	-85.9383	-0.536295	49.9384	501.586	11.1332	38.9526	37.4503	-11.7816	-18.1341	-1.58018	1.5705	0.0432253	-61.3036	-9.9312	-0.107313	23.296	-0.864238	-0.524171	0.0193458	-43.3685	-0.929373	8.50434	-1.3721	-1.01774	0.21672	-2.25703	0.00516371	-0.191312	0.165793	-3.98543	-1.47852	-0.552106	-2.80731	-0.052877	-0.296797	0.063215
4.06837	-9.70145	-73.865	-4.13736	36.8795	482.26	3.70975	46.6549	37.132	-10.6342	-21.0296	-0.899952	1.49824	0.0221251	-51.2222	-9.14858	-0.0987723	18.0172	0.512171	-0.909164	-0.00123386	-39.0484	0.858019	5.47535	-2.04974	-1.16244	0.0903326	-2.358	-0.00105769	-0.208202	0.151367	-4.02186	-1.33447	-0.378129	-2.81547	-0.0439835	-0.282262	0.0870818
4.07836	-36.0507	-57.37	-6.68213	35.4724	468.333	-12.3102	56.0951	35.0667	-8.60129	-24.1219	0.0673015	1.28249	-0.00599647	-37.5831	-7.45179	0.0482656	11.3717	2.025	-1.36657	-0.0197277	-37.9591	3.39455	2.27123	-3.03967	-1.20928	0.0110533	-2.63324	-0.00855165	-0.240806	0.150808	-4.10764	-1.33046	-0.235434	-2.93415	-0.0363918	-0.28267	0.116127
4.08835	-62.0459	-37.6268	-7.10606	30.8191	453.791	-27.4481	63.7565	31.6462	-6.19489	-27.0742	1.15249	0.963551	-0.0371305	-22.8462	-4.52016	0.246675	4.39495	3.60502	-1.89181	-0.033892	-34.3684	5.48776	-0.832617	-3.80703	-1.17347	-0.0674817	-2.77377	-0.0148421	-0.259503	0.141229	-4.01621	-1.33434	-0.104667	-2.9289	-0.0278002	-0.270104	0.136776
4.09833	-84.5552	-19.4602	-5.88531	30.478	446.22	-42.6446	70.4304	27.5743	-3.74628	-29.8687	2.34637	0.549004	-0.0703598	-8.28929	-1.63795	0.524134	-2.7143	5.23978	-2.50214	-0.0425971	-33.0299	7.7746	-2.99849	-4.58583	-0.962687	-0.0522921	-2.97016	-0.0188872	-0.278573	0.145485	-3.97249	-1.51851	-0.0624116	-2.97191	-0.022846	-0.269551	0.15044
4.10832	-102.267	-5.17046	-3.3485	28.0047	442.595	-51.7933	75.0107	23.7539	-1.71295	-32.5193	3.5221	0.0929277	-0.10217	4.14857	0.603806	0.812541	-9.28342	6.8956	-3.19084	-0.0451017	-31.6942	9.56551	-4.28533	-5.14435	-0.654717	0.0101712	-3.09626	-0.0203782	-0.28763	0.151761	-3.89183	-1.77659	-0.0791373	-2.97451	-0.0201343	-0.26891	0.154162
4.11831	-115.263	4.22573	-0.556236	23.9307	442.537	-54.6558	77.8614	20.6817	-0.346529	-35.174	4.60129	-0.36149	-0.129928	13.9877	1.82095	1.05386	-15.0728	8.55438	-3.92645	-0.0417701	-30.5837	10.9868	-4.98637	-5.50134	-0.346374	0.081987	-3.16641	-0.020633	-0.290415	0.157201	-3.77744	-2.03345	-0.121705	-2.94934	-0.0187345	-0.267513	0.152261
4.1283	-124.758	9.98091	2.48762	9.06955	437.541	-46.213	77.4612	19.036	0.248463	-37.8251	5.42327	-0.751839	-0.149262	20.9128	3.09372	1.13479	-19.3424	10.1619	-4.61772	-0.0338005	-24.9988	10.6588	-5.42145	-5.26629	-0.135669	0.080483	-2.94176	-0.0192821	-0.266871	0.138688	-3.42273	-2.10709	-0.132076	-2.70951	-0.0151726	-0.240011	0.138995
4.13828	-129.98	13.1901	3.92566	6.05759	440.379	-42.1297	77.3892	17.9325	0.290106	-40.5749	6.07501	-1.08278	-0.161954	27.5338	4.43686	1.1142	-23.0668	11.7517	-5.19932	-0.0238527	-24.7719	11.2802	-5.62169	-5.25018	0.0251275	0.103506	-2.92182	-0.0195294	-0.263765	0.13672	-3.20235	-2.24073	-0.168911	-2.64199	-0.0146061	-0.235021	0.133315
4.14827	-131.605	17.0284	5.13521	0.11805	440.001	-36.6255	74.8855	17.2957	0.0697205	-43.0023	6.37186	-1.31063	-0.163678	33.3653	7.45994	0.9327	-25.5078	13.2392	-5.571	-0.0129589	-23.0374	10.9064	-6.0385	-4.93547	0.04796	0.0501842	-2.77264	-0.0205682	-0.25226	0.119969	-2.82087	-2.21691	-0.160693	-2.47771	-0.0122266	-0.21683	0.126159
4.15826	-127.981	21.358	5.7462	6.56	445.52	-36.9864	71.8479	16.3527	-0.249517	-44.8279	6.35885	-1.43407	-0.156256	39.8009	11.4024	0.598356	-27.4297	14.6478	-5.73182	-0.00286427	-26.8128	10.8207	-6.2206	-4.83049	0.0718916	0.0384824	-2.82697	-0.0224809	-0.260764	0.121552	-2.58406	-2.32071	-0.201194	-2.49539	-0.0139916	-0.223307	0.125116
4.16825	-121.211	27.2323	7.34639	6.70018	444.522	-35.8147	65.7837	15.2539	-0.278395	-45.7717	6.00282	-1.46491	-0.140159	45.4504	17.0055	0.110454	-28.1898	15.9005	-5.65914	0.00656228	-27.7484	9.32759	-6.37288	-4.33301	0.033248	-0.0275809	-2.68359	-0.0236248	-0.252275	0.106339	-2.15704	-2.29402	-0.214742	-2.36222	-0.0140226	-0.211388	0.117052
4.17823	-112.332	34.3057	9.39626	-4.58023	435.339	-34.1551	56.6391	13.9016	0.166573	-45.8819	5.4037	-1.4386	-0.119018	49.7521	23.8976	-0.435003	-27.8723	16.9911	-5.39212	0.0150941	-23.9634	7.09837	-7.11705	-3.45879	-0.205429	-0.218652	-2.30274	-0.0261879	-0.226196	0.0638159	-1.47388	-1.95754	-0.123286	-2.02244	-0.00853601	-0.170118	0.10737
4.18822	-99.1344	38.9692	10.3924	-0.00992849	434.596	-37.2816	48.5872	12.3587	0.377247	-45.3168	4.74785	-1.34186	-0.0984691	54.1351	29.4704	-0.962718	-27.8437	18.037	-5.06618	0.0218155	-27.5578	5.99634	-6.96486	-2.95457	-0.280044	-0.27355	-2.21474	-0.0275438	-0.223679	0.055293	-1.07641	-1.91748	-0.151124	-1.94255	-0.010334	-0.166902	0.100613
4.19821	-82.7367	41.7748	10.8002	14.9183	438.839	-43.3117	41.543	10.5846	0.279459	-44.2	4.08688	-1.18882	-0.0800205	58.0193	33.8237	-1.44654	-27.9617	19.0474	-4.73371	0.0271251	-36.1175	5.57348	-5.95151	-2.65833	-0.196509	-0.214193	-2.30902	-0.0270486	-0.234269	0.0714759	-0.881752	-2.11819	-0.282378	-2.03248	-0.0179996	-0.190187	0.0927009
4.2082	-64.8273	42.9932	10.6659	34.0169	444.345	-50.602	35.3069	8.61704	-0.133549	-42.6331	3.43753	-0.99315	-0.0637681	60.8974	36.8479	-1.85933	-28.1143	20.046	-4.45202	0.0313903	-46.7587	5.60605	-4.47205	-2.44371	-0.0376186	-0.0991273	-2.47832	-0.0254221	-0.249786	0.0990399	-0.789931	-2.42767	-0.463727	-2.19601	-0.0285122	-0.225333	0.0834851
4.21819	-47.0333	43.8108	10.3885	53.8962	449.146	-59.494	30.0284	6.17439	-0.706608	-40.7126	2.82004	-0.780336	-0.0495511	62.6607	38.6399	-2.20537	-28.3024	21.0674	-4.26684	0.0348051	-57.6944	5.94678	-3.07653	-2.3011	0.109823	0.0178376	-2.68017	-0.0240116	-0.26873	0.128907	-0.752336	-2.74742	-0.643866	-2.38997	-0.0393689	-0.263674	0.0763024
4.22817	-32.3356	44.2208	10.1083	58.1012	444.832	-67.2132	24.1221	3.34452	-1.23477	-38.3357	2.18877	-0.567964	-0.0357816	62.1544	39.3999	-2.50948	-28.0801	22.1306	-4.21353	0.0376279	-61.9927	6.02588	-2.42699	-1.90259	0.0688543	0.00980238	-2.6467	-0.024067	-0.268862	0.129957	-0.525166	-2.74748	-0.698909	-2.37052	-0.0430964	-0.269169	0.0690745
4.23816	-22.4218	43.7246	9.05942	50.1854	433.89	-74.9357	18.5774	0.195016	-1.75469	-35.5644	1.58814	-0.368083	-0.0231836	59.8676	38.4881	-2.77643	-27.7568	23.3003	-4.33731	0.0396696	-60.8242	6.59659	-2.71462	-1.47951	-0.160683	-0.111088	-2.48718	-0.0265372	-0.260358	0.109258	-0.217519	-2.47371	-0.626727	-2.22253	-0.0399515	-0.250608	0.067664
4.24815	-17.7084	42.3115	7.47034	38.8704	421.468	-82.2801	14.6554	-3.09249	-2.21465	-32.5998	1.0798	-0.200922	-0.0127374	56.6727	35.8464	-3.02207	-27.4961	24.6128	-4.63651	0.0408829	-57.7094	7.68815	-3.59697	-1.30069	-0.436814	-0.25684	-2.37355	-0.0301901	-0.256341	0.086406	-0.0402291	-2.17558	-0.506954	-2.10915	-0.0344184	-0.23031	0.0737219
4.25814	-14.0181	39.3106	5.41132	34.9105	414.789	-86.6423	11.409	-5.77544	-2.3349	-29.7863	0.646117	-0.0856005	-0.00343265	54.4172	32.8314	-3.25652	-27.1166	26.0325	-5.00712	0.0416609	-58.3752	8.99363	-3.79551	-1.48778	-0.480792	-0.264712	-2.47319	-0.03105	-0.266052	0.0904585	-0.201527	-2.24481	-0.506697	-2.2089	-0.0350975	-0.238965	0.0794953
4.26812	-13.0926	35.0741	4.16771	27.6177	406.162	-85.9474	7.75329	-7.65854	-2.01206	-27.0111	0.259484	-0.0204615	0.0052483	52.2244	30.3951	-3.48257	-26.0404	27.5292	-5.38405	0.0419603	-57.8625	9.36283	-3.30421	-1.65462	-0.348375	-0.196728	-2.53744	-0.0283055	-0.266228	0.0994708	-0.483256	-2.48301	-0.571364	-2.30824	-0.0378173	-0.248995	0.0768598
4.27811	-14.6787	29.8307	3.96825	13.0841	391.269	-80.6061	3.60238	-8.72528	-1.3982	-24.182	-0.0772504	0.0105159	0.0128967	49.241	28.7704	-3.68925	-24.0741	29.0973	-5.73348	0.0416346	-54.2905	8.56188	-2.4053	-1.63709	-0.136558	-0.112007	-2.46419	-0.0230332	-0.249733	0.10121	-0.737519	-2.72414	-0.646812	-2.30623	-0.0396541	-0.246675	0.0656115
4.2881	-9.34128	23.621	2.15874	14.8525	387.029	-73.2439	-0.44933	-8.83643	-0.630776	-21.9757	-0.356942	0.0175583	0.0197856	47.1887	28.5368	-3.78546	-21.5526	30.7137	-5.98043	0.041348	-59.7908	8.72955	-0.671333	-2.0945	0.332058	0.151095	-2.75437	-0.0156338	-0.262944	0.145527	-1.3558	-3.45342	-0.89883	-2.64196	-0.0520043	-0.293662	0.0566457
4.29809	-2.97198	17.1855	0.779115	16.1664	379.061	-62.2904	-4.64695	-8.34126	0.233388	-19.769	-0.578978	0.0117497	0.0251874	44.3541	29.2099	-3.76646	-18.2187	32.3915	-6.13887	0.0407674	-65.2759	8.14121	1.34683	-2.4842	0.883066	0.446897	-3.01109	-0.00661013	-0.271163	0.191571	-1.97232	-4.25583	-1.18604	-2.9595	-0.0656849	-0.340668	0.0426111
4.30807	2.27778	10.8437	0.0194216	8.08898	360.353	-50.6433	-9.078	-7.78162	1.07112	-17.2469	-0.723068	-0.00222604	0.0280895	39.8163	30.2018	-3.70666	-14.2349	34.1612	-6.23574	0.0395725	-66.3267	6.90276	3.1573	-2.56961	1.34869	0.670563	-3.0557	0.00206598	-0.260834	0.21679	-2.35809	-4.82189	-1.40034	-3.07685	-0.0744861	-0.361438	0.0239271
4.31806	6.39231	5.34559	-0.314929	-6.78415	332.263	-40.6052	-13.5047	-7.32081	1.84642	-14.4553	-0.777356	-0.024095	0.0281387	34.1373	31.6412	-3.6498	-9.83851	36.0263	-6.25192	0.0380233	-63.7576	5.44968	4.55371	-2.44619	1.69625	0.813647	-2.94118	0.00935053	-0.238186	0.223472	-2.53594	-5.14176	-1.53032	-3.03196	-0.078302	-0.359871	0.00463477
4.32805	9.9262	0.646887	-0.679308	-25.4733	296.855	-32.7062	-17.86	-6.89657	2.49452	-11.4184	-0.749593	-0.0472669	0.025461	27.7874	33.4749	-3.5851	-5.20685	37.9914	-6.17361	0.036371	-58.8943	4.09492	5.56195	-2.20948	1.94289	0.893988	-2.73151	0.0150968	-0.209107	0.217533	-2.56164	-5.2679	-1.59165	-2.88032	-0.0782931	-0.343299	-0.0133381
4.33804	16.7336	-4.1801	-2.66862	-32.592	266.178	-24.295	-21.9243	-5.69287	2.90287	-8.58933	-0.67621	-0.0504215	0.0211399	22.4967	35.8263	-3.36599	-0.553461	40.0384	-5.96136	0.0354909	-58.9645	3.61361	6.6748	-2.29217	2.28951	1.05197	-2.7358	0.0209487	-0.199526	0.233643	-2.77237	-5.62479	-1.72731	-2.91627	-0.0832559	-0.353137	-0.0266997
4.34802	23.4586	-8.16337	-4.75076	-48.5008	225.615	-19.4952	-26.4562	-5.2065	3.14667	-5.14042	-0.55353	-0.0523283	0.0147644	16.008	38.0343	-3.14725	4.12162	42.2321	-5.68563	0.0340545	-55.3519	3.07241	7.48621	-2.12416	2.50785	1.12614	-2.56913	0.025333	-0.176451	0.230397	-2.74773	-5.70257	-1.77411	-2.77656	-0.0829375	-0.339371	-0.0412332
4.35801	31.9432	-11.8699	-8.1243	-62.1165	195.662	-16.5511	-31.3999	-4.70553	3.19029	-1.58304	-0.440907	-0.0342923	0.00809625	9.92018	40.2337	-2.86609	8.5849	44.5319	-5.32334	0.0337306	-53.2916	3.246	8.16864	-2.12105	2.73783	1.21416	-2.50089	0.0290237	-0.162879	0.234027	-2.79854	-5.85532	-1.83467	-2.71869	-0.0837174	-0.335172	-0.0517759
4.368	42.1372	-16.026	-12.896	-71.032	166.926	-13.6202	-36.5981	-3.91856	3.01085	2.13021	-0.334843	0.00768787	0.00100308	4.59985	42.2291	-2.44908	12.8177	46.9902	-4.89421	0.0337509	-53.32	3.92737	8.95629	-2.26756	3.02097	1.3433	-2.5269	0.0330058	-0.157475	0.248257	-2.94574	-6.11462	-1.93116	-2.7447	-0.0868397	-0.343022	-0.06063
4.37799	52.5601	-19.5528	-18.1504	-82.0381	134.621	-13.0964	-42.1802	-3.67563	2.69363	6.18987	-0.230894	0.0550859	-0.00648124	-0.534928	43.9549	-2.01315	16.7085	49.6561	-4.44088	0.0336086	-52.4647	4.6403	9.67068	-2.36735	3.27232	1.45438	-2.51453	0.0366158	-0.149118	0.258425	-3.04257	-6.29944	-2.00423	-2.72959	-0.0886629	-0.345499	-0.0693861
4.38798	62.6099	-22.4439	-23.9476	-92.1406	101.059	-14.853	-47.9413	-3.8157	2.2543	10.3959	-0.149826	0.109298	-0.0135826	-4.81835	45.5113	-1.59519	20.0851	52.5602	-3.98429	0.0335415	-51.4722	5.57449	10.2447	-2.51276	3.49813	1.55721	-2.51329	0.0396989	-0.142528	0.26852	-3.14897	-6.45334	-2.06216	-2.71902	-0.0899568	-0.347935	-0.0759458
4.39796	72.8023	-25.7472	-30.5766	-97.1661	69.8612	-16.1732	-53.897	-3.75953	1.6947	14.5952	-0.129331	0.183004	-0.0192233	-7.72281	46.7903	-1.12918	22.9148	55.7302	-3.54616	0.0337905	-51.9811	6.78539	10.9208	-2.79167	3.77592	1.69841	-2.58777	0.0433274	-0.142086	0.287655	-3.3604	-6.70959	-2.15284	-2.78109	-0.0933446	-0.360475	-0.0813699
4.40795	81.4091	-28.4993	-37.168	-102.655	36.286	-19.0014	-60.0269	-4.19843	1.07567	18.9597	-0.170706	0.257167	-0.0230499	-9.74687	47.7422	-0.75237	25.0949	59.2159	-3.17516	0.0339827	-51.1894	7.82893	11.3992	-3.03177	3.99982	1.80949	-2.6185	0.0462933	-0.138685	0.300914	-3.52595	-6.87105	-2.20756	-2.7984	-0.0948861	-0.36613	-0.085541
4.41794	89.9182	-32.1909	-44.1759	-98.6593	8.44956	-18.4796	-66.1686	-3.80829	0.419752	23.0994	-0.316752	0.362143	-0.0239924	-9.88685	48.7336	-0.328899	26.756	63.0126	-2.85963	0.0347325	-53.0967	9.00855	12.138	-3.46948	4.34365	1.99607	-2.76918	0.0507868	-0.144242	0.329936	-3.87122	-7.24941	-2.33453	-2.93802	-0.100639	-0.389342	-0.0897763
4.42793	99.5858	-37.0687	-51.1033	-89.3653	-13.0785	-13.7885	-74.4712	-2.96998	0.0632144	28.493	-2.16313	0.555006	-0.0222702	-8.86252	49.586	0.0877323	27.9679	67.1495	-2.63803	0.0356234	-55.5427	9.499	13.2581	-3.87541	4.7917	2.23026	-2.90906	0.0572183	-0.146235	0.36367	-4.2517	-7.73312	-2.50854	-3.08128	-0.108377	-0.415586	-0.0991404
4.43791	104.045	-41.5565	-56.4466	-78.7815	-39.2293	-7.75831	-80.987	-1.94839	-0.463488	32.9292	-3.003	0.647846	-0.0184496	-6.7422	50.2102	0.327732	28.5961	71.6397	-2.54949	0.0367376	-56.1165	9.2992	14.0887	-4.19531	5.18014	2.42216	-2.97226	0.062932	-0.142517	0.387932	-4.54804	-8.09751	-2.63632	-3.15005	-0.113541	-0.4308	-0.10787
4.4479	102.521	-45.8831	-60.557	-67.2965	-69.0539	-1.90807	-86.4077	-0.70577	-1.03962	37.0716	-3.82799	0.701224	-0.012914	-3.51028	50.5413	0.244089	28.6131	76.4592	-2.61239	0.0383722	-53.3014	8.88117	13.7948	-4.49406	5.32456	2.48288	-2.95845	0.0645969	-0.13794	0.392701	-4.70567	-8.14513	-2.62446	-3.12386	-0.112186	-0.42729	-0.106313
4.45789	96.9208	-50.5501	-63.3427	-51.8516	-98.6555	5.59576	-90.7309	1.0704	-1.51182	40.6537	-4.58631	0.711243	-0.00549737	0.553556	50.9152	-0.0799779	28.4344	81.519	-2.77657	0.0406586	-49.1033	8.30886	12.9336	-4.81247	5.35863	2.48489	-2.92163	0.0642845	-0.134246	0.38937	-4.81157	-8.05409	-2.5477	-3.0643	-0.107895	-0.416289	-0.0991404
4.46788	85.9489	-55.1624	-64.3929	-35.9889	-131.222	12.8662	-93.3825	3.0977	-1.96982	43.5015	-5.18421	0.658743	0.0031128	4.8527	51.1238	-0.740961	28.1487	86.7106	-3.01589	0.0437461	-41.8059	7.52913	11.0666	-5.07997	5.15496	2.35933	-2.80682	0.0600042	-0.129348	0.367009	-4.76168	-7.64815	-2.33725	-2.90884	-0.0973124	-0.387111	-0.0825
4.47786	68.7812	-59.0456	-63.5238	-19.9203	-166.756	17.5371	-93.7201	5.17618	-2.42858	45.2806	-5.54633	0.53872	0.0124448	9.20916	51.3974	-1.82735	27.8487	91.8631	-3.25986	0.0479966	-31.0483	6.95849	7.79133	-5.36074	4.62235	2.06695	-2.63686	0.050032	-0.127844	0.322666	-4.55337	-6.84851	-1.95233	-2.66937	-0.0789493	-0.338764	-0.050832
4.48785	54.0728	-62.5443	-62.4971	10.0427	-190.784	24.0752	-92.1965	8.2172	-2.60452	45.5527	-5.66382	0.420368	0.0222995	13.6441	52.8493	-2.84702	28.4346	96.7077	-3.32568	0.0535151	-25.7153	7.77544	4.97439	-5.95914	4.27629	1.89633	-2.69405	0.041938	-0.144633	0.305945	-4.59778	-6.41742	-1.69596	-2.64803	-0.0681024	-0.32255	-0.019056
4.49784	37.8191	-65.1057	-59.2669	41.0272	-212.7	30.8397	-88.6571	11.2405	-2.58914	44.4512	-5.50362	0.327528	0.0318166	17.4617	54.3523	-4.00503	29.5927	101.044	-3.21639	0.0601404	-20.6431	8.29918	2.61054	-6.44682	4.01266	1.75716	-2.71435	0.0351752	-0.155808	0.290463	-4.58899	-6.02877	-1.47269	-2.59426	-0.058168	-0.30534	0.00686512
4.50783	23.7619	-66.55	-55.4071	65.5227	-234.83	39.7014	-84.464	13.4044	-2.39768	42.5781	-5.11007	0.304509	0.0407028	19.4548	55.1695	-5.24121	31.7868	104.649	-2.88753	0.0660656	-15.7447	7.91921	0.617532	-6.71027	3.77351	1.61873	-2.65986	0.0294395	-0.159247	0.270994	-4.48049	-5.6402	-1.27041	-2.48477	-0.0487681	-0.283377	0.0264164
4.51781	9.73061	-65.7323	-51.0838	83.1258	-257.059	47.5639	-79.0367	14.3849	-2.16382	39.8344	-4.54882	0.415987	0.0485567	20.2731	55.5273	-6.66159	34.7355	107.241	-2.30426	0.0717208	-10.333	7.19463	-1.67139	-6.91769	3.4487	1.435	-2.58044	0.0224819	-0.162695	0.245137	-4.32014	-5.16741	-1.03255	-2.35323	-0.0379071	-0.256712	0.0485693
4.5278	-1.08969	-62.5008	-47.2614	100.278	-272.667	55.4913	-72.4934	14.443	-1.87056	36.2396	-3.9539	0.754383	0.0551171	20.3833	56.0619	-8.10174	38.6556	108.54	-1.41941	0.0765957	-8.55999	6.91513	-3.30111	-7.26889	3.31426	1.36066	-2.62533	0.0183952	-0.173544	0.239043	-4.35032	-5.00855	-0.913448	-2.35751	-0.0332623	-0.251538	0.0658791
4.53779	-10.4657	-56.5412	-43.3074	116.289	-281.916	63.0725	-64.5222	13.3845	-1.59649	31.8889	-3.47775	1.37863	0.0600589	20.4117	56.6213	-9.55634	43.1645	108.305	-0.284109	0.0808288	-10.0413	6.84476	-4.09978	-7.76007	3.42081	1.41648	-2.77771	0.0180691	-0.188583	0.253687	-4.58404	-5.1885	-0.92513	-2.48357	-0.0349986	-0.266819	0.0759929
4.54778	-19.5453	-48.1759	-38.8161	130.673	-285.036	70.222	-55.0455	11.2126	-1.34413	26.9948	-3.30273	2.3307	0.0631922	20.8717	56.9584	-10.9645	47.9102	106.352	1.0109	0.0843205	-14.5076	6.88596	-3.89084	-8.37515	3.80305	1.61774	-3.02279	0.0221928	-0.205113	0.289709	-5.02512	-5.72018	-1.07711	-2.71867	-0.0432431	-0.301617	0.0768053
4.55777	-31.4226	-37.5801	-33.0898	138.334	-285.653	75.063	-44.0959	7.66685	-1.14628	21.9508	-3.60185	3.59887	0.0643071	22.127	56.579	-12.3616	52.2592	102.558	2.33243	0.0872968	-19.0505	6.64908	-3.28772	-9.03382	4.28649	1.8701	-3.27656	0.0282018	-0.219032	0.331425	-5.55433	-6.35158	-1.26819	-2.97257	-0.0529663	-0.33997	0.0738772
4.56775	-47.5001	-24.744	-25.7647	135.3	-287.351	76.5242	-32.0543	2.86714	-0.957144	17.2237	-4.51358	5.13463	0.0627438	24.2542	55.4938	-13.7426	55.7339	96.9035	3.55711	0.0886279	-21.7386	5.72719	-2.93228	-9.6814	4.6997	2.08607	-3.4845	0.0336287	-0.229416	0.366058	-6.08482	-6.87772	-1.41202	-3.18844	-0.0603244	-0.370406	0.0733399
4.57774	-66.7052	-11.1861	-16.9116	118.789	-291.75	75.1071	-19.8419	-2.40037	-0.758715	13.425	-6.12233	6.85903	0.0573746	27.0453	53.6491	-14.9787	58.0445	89.4454	4.5671	0.0875621	-22.098	3.91462	-2.54484	-10.1995	5.05057	2.26645	-3.59766	0.0390679	-0.230709	0.390976	-6.56489	-7.26664	-1.51129	-3.32514	-0.0649985	-0.388715	0.0717122
4.58773	-83.761	0.297333	-7.89297	93.143	-295.03	74.3298	-8.90635	-6.44112	-0.448142	11.1268	-8.45722	8.68656	0.0468962	30.3982	51.3633	-15.8495	59.338	80.3976	5.26048	0.0822307	-23.6161	1.94468	-0.979644	-10.6271	5.58271	2.54639	-3.70168	0.0485858	-0.224487	0.426764	-7.13514	-7.83744	-1.70919	-3.47998	-0.073692	-0.414262	0.05841
4.59772	-97.2402	8.4527	0.630055	54.4546	-301.135	73.5887	-0.214009	-8.81151	-0.132138	10.9162	-11.4795	10.4556	0.0313238	33.602	48.4448	-16.282	59.5035	70.1125	5.53172	0.0716627	-25.1433	-0.216899	1.7086	-10.863	6.22184	2.88879	-3.74501	0.0613898	-0.20713	0.466577	-7.71678	-8.47175	-1.97032	-3.6013	-0.0845405	-0.439649	0.0337085
4.6077	-112.836	14.6696	8.52661	-5.74102	-320.69	65.9067	6.97906	-10.2321	-0.141422	12.8134	-15.0812	11.9558	0.0128324	36.241	44.7171	-16.4866	57.8903	59.0675	5.31354	0.0563853	-20.436	-2.42841	3.0214	-10.948	6.36791	2.99904	-3.63832	0.0677176	-0.185534	0.472694	-8.09804	-8.48669	-1.98769	-3.56639	-0.0844017	-0.433508	0.0252057
4.61769	-127.934	17.9496	15.1357	-88.3835	-355.697	51.8874	12.2529	-10.1703	-0.4548	16.6314	-19.1216	13.0463	-0.00609788	37.224	40.212	-16.2857	54.7617	47.8592	4.62484	0.0356826	-10.0333	-4.57909	3.37194	-10.8105	6.06952	2.90542	-3.36854	0.068803	-0.1568	0.448104	-8.27973	-7.92241	-1.79244	-3.37125	-0.0746525	-0.397691	0.0286783
4.62768	-136.619	17.4029	20.0908	-191.246	-404.624	35.6197	14.6428	-8.07435	-0.927077	22.212	-23.396	13.6031	-0.0234501	35.1783	35.0177	-15.3081	50.7831	37.123	3.55374	0.00941306	2.79035	-7.16336	4.26188	-10.3256	5.64684	2.76675	-2.94178	0.0704791	-0.113227	0.411557	-8.3386	-7.12204	-1.55461	-3.04942	-0.0626212	-0.346415	0.0264408
4.63767	-135.358	13.2696	23.0459	-302.396	-461.748	21.2609	14.3657	-3.41721	-1.54412	29.0316	-27.6199	13.5195	-0.0379395	30.4769	29.626	-13.4793	46.3604	27.4739	2.25707	-0.0211943	12.9645	-9.92694	6.21545	-9.74006	5.32646	2.71831	-2.52989	0.0760394	-0.0669771	0.389196	-8.51787	-6.4927	-1.42341	-2.77654	-0.0565423	-0.307901	0.0135532
4.64765	-123.34	6.87743	23.9262	-420.039	-528.215	7.64056	11.3858	2.87521	-2.29936	36.8243	-31.4788	12.6958	-0.0486723	22.6985	24.2552	-10.7761	41.8659	19.3702	0.925085	-0.0534653	20.1255	-12.8005	8.99697	-9.13455	5.09278	2.7574	-2.16173	0.0849351	-0.0217971	0.382703	-8.83243	-6.0378	-1.39369	-2.57042	-0.0565296	-0.284334	-0.00769212
4.65764	-107.218	2.30317	23.4156	-554.139	-613.434	-15.6785	6.51914	8.23219	-3.22167	45.2341	-34.6276	11.0542	-0.0554297	11.2279	19.3157	-7.41233	37.1663	13.0083	-0.255391	-0.0820179	31.2994	-15.4059	10.5527	-8.50539	4.47719	2.63539	-1.7036	0.0889561	0.0232327	0.355683	-9.0257	-5.10569	-1.18088	-2.25924	-0.0491742	-0.240721	-0.0150983
4.66763	-88.9199	-0.557078	22.4377	-691.333	-709.257	-44.4201	0.995077	13.0045	-4.29135	53.3361	-36.7425	8.6724	-0.0590833	-1.73341	15.1648	-3.75922	32.2602	8.45076	-1.14967	-0.104268	43.0267	-17.5665	11.2277	-8.0651	3.67608	2.45565	-1.28619	0.0905157	0.0594665	0.326933	-9.28016	-4.01639	-0.893205	-1.97387	-0.0400415	-0.197122	-0.0118351
4.67762	-6.72914	1.05828	6.1781	0.343287	0.818296	0.508351	3.13187	15.434	-5.37481	55.4169	-40.0991	5.94779	0.0119622	40.0522	13.0958	-3.37237	4.3568	5.93296	-1.81886	-0.108088	-97.4681	8.11658	23.6951	-3.10121	6.85791	3.25302	-3.54542	0.0935405	-0.15904	0.51289	-5.20196	-11.5351	-4.06888	-3.96185	-0.180195	-0.58813	-0.223362
4.6876	-3.9212	2.5099	10.0293	-0.584916	1.15705	-1.792	7.05535	19.4632	-6.64074	57.7123	-39.8565	2.57479	0.0183869	39.8371	10.2269	-1.41583	-5.58176	4.62094	-2.09122	-0.120039	-102.835	4.29284	23.7038	-2.50794	6.50579	3.13418	-3.47038	0.0927217	-0.161139	0.50258	-4.99415	-11.4911	-4.11521	-3.94285	-0.185568	-0.589412	-0.232328
4.69759	-5.87136	1.60471	12.2275	1.12776	0.281967	0.169803	11.9161	24.0598	-8.01667	58.8647	-38.5469	-0.938702	0.0251878	39.428	7.02475	0.37469	-15.2552	4.21474	-2.14741	-0.122359	-104.168	1.63006	22.6925	-1.97532	6.00121	2.91033	-3.33881	0.087492	-0.162493	0.475177	-4.60574	-11.1234	-4.01472	-3.82189	-0.183065	-0.571875	-0.229581
4.70758	-6.09778	0.714603	11.7045	4.02619	0.930301	1.141	15.6422	27.892	-9.29839	59.7083	-36.358	-4.43166	0.0325544	37.1415	3.78191	2.07463	-23.8794	4.31771	-2.05515	-0.114232	-102.61	1.00854	20.3312	-1.47812	5.26524	2.54049	-3.17683	0.0758371	-0.169097	0.428073	-3.95819	-10.3751	-3.74545	-3.61348	-0.172205	-0.536921	-0.211087
4.71757	-4.43293	0.00438527	9.71407	1.41809	1.13042	0.722198	17.9123	30.944	-10.3099	60.199	-33.3821	-7.77478	0.0392044	33.2902	0.840779	3.50459	-30.9838	4.67808	-1.85491	-0.0993613	-98.9826	1.74315	17.3182	-1.14314	4.45226	2.12563	-3.02412	0.0615238	-0.179059	0.375624	-3.28433	-9.44121	-3.38596	-3.3831	-0.156979	-0.495538	-0.182637
4.72756	-1.49294	-0.562055	6.41401	3.26045	3.06955	0.501929	19.2136	33.4341	-11.0384	60.2861	-29.7343	-10.8701	0.0454549	28.3661	-1.72994	4.67419	-36.683	5.09601	-1.60069	-0.0808613	-93.388	3.98427	13.6687	-0.729525	3.54089	1.62629	-2.81336	0.0434862	-0.187975	0.308862	-2.3709	-8.25416	-2.92598	-3.05961	-0.13613	-0.440024	-0.147104
4.73754	2.01435	-1.13621	3.14073	0.402542	2.21837	1.10717	19.5942	35.592	-11.4403	59.8727	-25.4393	-13.6703	0.0501129	22.6203	-3.70841	5.41791	-40.7212	5.4253	-1.31441	-0.0617074	-85.9709	6.63329	9.98097	-0.359294	2.65679	1.13273	-2.56508	0.0254712	-0.192469	0.240093	-1.45668	-6.97821	-2.43094	-2.69381	-0.113118	-0.378779	-0.109881
4.74753	3.21397	-1.44851	0.924514	3.45357	0.436461	1.22869	21.0593	37.1512	-11.4929	58.1282	-20.4796	-16.1796	0.0522586	18.8304	-4.66438	5.18004	-43.3484	5.64361	-0.994608	-0.0458547	-80.942	9.43674	7.06577	-0.269177	1.98259	0.778173	-2.44198	0.0113799	-0.202247	0.194933	-0.852478	-5.99627	-2.0468	-2.46357	-0.0959848	-0.338736	-0.0772092
4.75752	3.88232	-1.30306	-0.373128	0.636255	2.22647	1.22075	22.0761	38.0313	-11.2198	55.6855	-15.0045	-18.3834	0.0528197	15.5739	-4.86287	4.36618	-44.5741	5.64794	-0.681202	-0.0324249	-76.1813	11.8986	4.67008	-0.40764	1.46286	0.523654	-2.38223	0.00062593	-0.212233	0.16465	-0.520834	-5.21272	-1.72833	-2.3153	-0.0821461	-0.310271	-0.047573
4.76751	3.13414	-1.03969	-1.22709	1.97775	-0.12445	0.342287	22.7115	38.3812	-10.7189	52.8748	-9.17691	-20.2699	0.0528725	12.2081	-4.75276	3.44547	-44.7438	5.40593	-0.422143	-0.0204816	-68.4462	14.1267	2.31969	-0.115291	0.845963	0.184589	-2.12669	-0.011324	-0.206072	0.113098	0.117958	-4.16606	-1.33955	-1.98468	-0.0635813	-0.258399	-0.0219605
4.77749	-1.336	0.695053	-0.104786	2.64888	-1.55634	-1.19231	25.0657	37.7828	-10.011	48.6853	-2.96884	-21.8975	0.0500137	12.1261	-3.31118	1.42842	-43.8705	5.03255	-0.143161	-0.0137628	-65.6735	15.5496	1.22043	-0.526548	0.654525	0.12979	-2.17021	-0.0151157	-0.214714	0.111519	0.0247341	-3.82056	-1.18808	-1.97869	-0.0578084	-0.253307	-0.00375959
4.78748	-1.90842	1.0131	0.494911	-0.145201	0.724544	0.0183603	24.4347	37.3472	-9.22151	45.1737	3.22687	-23.2027	0.0476506	11.0636	-2.20043	-0.230292	-41.9097	4.43518	0.066713	-0.00714812	-61.8235	16.2968	0.625902	-0.642044	0.514734	0.0725295	-2.10085	-0.0176191	-0.210909	0.10214	0.0767296	-3.46299	-1.05392	-1.87928	-0.0514856	-0.238119	0.00586698
4.79747	-1.7454	0.767078	1.03402	-1.37818	-0.83355	1.68284	22.593	36.789	-8.37158	41.9446	9.35337	-24.2291	0.0447802	10.6119	-1.10789	-1.79786	-39.1038	3.71907	0.230027	-0.00195365	-59.0051	16.5327	0.691696	-0.725553	0.5054	0.0814923	-2.04284	-0.017465	-0.20408	0.100575	0.0582325	-3.27727	-0.995126	-1.80636	-0.0483141	-0.229164	0.00788993
4.80746	-0.388704	-0.140225	0.608434	-0.645474	0.987412	3.7543	21.6464	36.2677	-7.5579	38.6962	15.3365	-25.0015	0.0413777	9.90523	-0.531217	-2.74394	-36.0356	2.94333	0.310507	0.00275709	-59.8548	17.095	1.1774	-1.17969	0.681475	0.209597	-2.18297	-0.0147886	-0.210975	0.123301	-0.271633	-3.46472	-1.05399	-1.92709	-0.0514591	-0.246641	0.00881931
4.81744	0.543894	-0.730347	-0.197327	-2.9385	2.142	2.84307	21.3869	35.3763	-6.74625	35.7696	21.0843	-25.5599	0.037817	7.95956	-0.309664	-2.9669	-32.7574	2.1452	0.311444	0.007439	-60.746	17.9194	1.58099	-1.76866	0.87623	0.349675	-2.37221	-0.0119879	-0.221396	0.149179	-0.708467	-3.72532	-1.11955	-2.10112	-0.0549795	-0.268681	0.0121777
4.82743	0.107598	-0.681895	-0.50279	-2.30009	1.86272	3.74599	21.6052	34.1871	-5.93163	33.2144	26.5427	-25.9426	0.0345104	5.61932	-0.615679	-2.66171	-29.5573	1.40952	0.24958	0.0110297	-60.889	17.8934	1.85808	-2.20425	1.08396	0.464295	-2.49349	-0.00934573	-0.226105	0.166954	-1.03488	-3.97662	-1.17733	-2.21902	-0.0573742	-0.283104	0.0133952
4.83742	-1.28185	0.910227	-0.615823	-2.17552	0.775082	2.44917	21.8934	32.1782	-5.03626	31.0693	31.7061	-26.1962	0.0316557	2.74312	-1.12369	-1.91117	-25.388	-0.106631	-0.0135546	0.0130185	-60.2956	17.6092	1.71461	-2.65494	1.23607	0.541006	-2.60743	-0.00778859	-0.231944	0.179267	-1.35354	-4.19634	-1.20334	-2.3334	-0.0583177	-0.293993	0.0182964
4.84741	-2.16345	2.07284	-0.69411	-1.74631	-0.330495	2.12529	21.2539	30.3607	-4.20322	29.6134	36.5678	-26.3187	0.0293564	0.296585	-2.29346	-0.898595	-23.0822	-0.113334	-0.0749206	0.0130257	-58.4225	16.9585	1.42348	-2.7902	1.2945	0.543331	-2.59978	-0.00767384	-0.229526	0.176082	-1.43677	-4.2486	-1.18262	-2.33486	-0.0564032	-0.290196	0.0214274
4.8574	-2.5497	2.71846	-1.54999	-0.55866	-0.642755	0.228075	19.57	28.6707	-3.45704	28.7212	41.1681	-26.3347	0.0280349	-2.3222	-3.83652	0.320669	-20.6024	-0.0544821	-0.17084	0.0113362	-55.0929	16.605	0.784865	-2.67634	1.18595	0.446301	-2.50093	-0.0100495	-0.222895	0.156443	-1.32294	-4.0899	-1.08889	-2.2496	-0.0507985	-0.272437	0.0269719
4.86738	-2.97725	3.2444	-2.09982	0.671074	-0.271868	0.990121	19.3527	27.2986	-2.74575	27.8096	45.6443	-26.2679	0.0268341	-5.02759	-5.77312	1.7771	-18.2567	0.0687838	-0.299641	0.00818409	-54.2532	15.8132	0.201732	-2.86302	1.19394	0.428788	-2.5413	-0.0108239	-0.226984	0.153982	-1.43918	-4.18193	-1.06903	-2.29845	-0.0495992	-0.273047	0.0331565
4.87737	-2.13884	3.46769	-2.58127	-0.392002	-0.226266	0.639129	21.0297	26.2314	-2.02536	26.8442	50.0764	-26.1279	0.0252763	-8.19492	-7.85648	3.38741	-15.9516	0.240184	-0.448784	0.0038414	-57.5836	15.3794	-0.172521	-3.61186	1.35361	0.543163	-2.8406	-0.00936865	-0.251153	0.182278	-1.97235	-4.63588	-1.15841	-2.5896	-0.0553488	-0.306268	0.0424189
4.88736	-1.87766	3.28789	-3.45976	-0.340882	-0.933857	-0.161411	22.5183	25.7974	-1.42913	26.0456	54.4456	-25.9098	0.0240963	-11.2405	-9.5648	4.6741	-13.3181	0.427468	-0.568254	-0.00154869	-59.9712	15.3179	-0.908281	-4.23546	1.37731	0.582719	-3.09224	-0.010072	-0.274366	0.19949	-2.38402	-4.93012	-1.18763	-2.83245	-0.0582828	-0.330688	0.0552942
4.89735	-2.23443	3.60782	-4.14739	0.231623	-0.176085	-0.387407	24.7102	25.8919	-0.912261	25.2206	58.8135	-25.6182	0.0229209	-14.2702	-10.4683	5.53783	-10.4502	0.604127	-0.638859	-0.00744587	-62.8952	15.4716	-1.80025	-4.96139	1.40729	0.62634	-3.38792	-0.0112004	-0.301942	0.219265	-2.83915	-5.26278	-1.21828	-3.11284	-0.0614693	-0.359034	0.0707817
4.90733	-2.74522	3.71339	-4.65274	0.985446	-0.288728	-0.848954	26.2434	26.9439	-0.639361	24.5159	63.1559	-25.2318	0.0224786	-17.2704	-10.0969	5.73715	-7.08607	0.749929	-0.632003	-0.0138338	-64.2164	15.6428	-2.52408	-5.37112	1.37099	0.616469	-3.55748	-0.0129326	-0.318905	0.225676	-3.09132	-5.43025	-1.21107	-3.27842	-0.0619696	-0.372887	0.0826477
4.91732	-1.99559	3.86247	-4.72313	0.00123825	0.236242	-1.34225	27.2043	28.9191	-0.647254	24.0088	67.4745	-24.7443	0.0234011	-20.8367	-8.11725	5.35641	-3.12627	0.834601	-0.540337	-0.0200975	-65.0137	15.733	-2.78455	-5.58684	1.35913	0.611088	-3.65759	-0.0137227	-0.3279	0.228655	-3.25718	-5.56765	-1.21665	-3.38605	-0.0623254	-0.381305	0.0886086
4.92731	-1.03608	3.85212	-3.99763	-1.01848	0.72092	-1.26851	27.2221	32.0903	-1.05013	23.5824	71.7736	-24.1444	0.025775	-24.7203	-4.41578	4.3654	1.41271	0.841205	-0.35739	-0.0258596	-63.5042	15.0984	-2.42717	-5.26928	1.31479	0.56041	-3.54793	-0.0136066	-0.316881	0.214664	-3.15334	-5.53301	-1.20531	-3.31623	-0.0603991	-0.369392	0.0838185
4.9373	-0.649628	3.52315	-3.18919	0.195343	-0.414726	-0.949424	27.3594	36.4071	-1.81652	23.0779	76.0976	-23.4361	0.0292547	-28.7667	0.629129	3.08306	6.26336	0.759722	-0.110069	-0.0303165	-60.8775	14.3251	-1.44828	-4.65578	1.29365	0.509359	-3.32615	-0.0122525	-0.293662	0.194415	-2.91483	-5.42658	-1.20281	-3.15038	-0.0578779	-0.347925	0.0708579
4.94728	0.862518	3.42668	-2.59089	0.321474	1.12909	0.511815	26.8412	41.748	-2.91344	22.6582	80.4474	-22.6241	0.0336177	-33.798	6.75644	1.7547	11.5767	0.541679	0.181927	-0.0319169	-56.9076	13.401	-0.445969	-3.83319	1.2061	0.414534	-3.01809	-0.0113701	-0.263711	0.164497	-2.55985	-5.20064	-1.16891	-2.90894	-0.0535173	-0.316291	0.056142
4.95727	2.01767	3.77603	-2.10546	-2.27879	0.836568	0.474277	27.4091	47.4782	-4.10054	22.1762	84.8976	-21.7416	0.0377688	-39.6675	13.2891	0.638051	16.963	0.210587	0.476364	-0.0303846	-53.4643	12.848	0.634096	-3.27412	1.16485	0.372139	-2.79978	-0.00945569	-0.23992	0.146165	-2.40645	-5.06766	-1.15788	-2.7509	-0.0509332	-0.295008	0.0437689
4.96726	2.06384	3.43093	-2.13487	-0.16908	1.63234	2.45694	28.154	53.9969	-5.52202	21.4804	89.3918	-20.7852	0.0423486	-46.1222	19.3987	-0.224305	22.4619	-0.269839	0.749182	-0.0241547	-48.1049	12.0561	1.51409	-2.43036	1.00133	0.251016	-2.45983	-0.00887001	-0.207911	0.112317	-2.07163	-4.74541	-1.08889	-2.48498	-0.0452766	-0.258591	0.0308162
4.97725	2.52431	2.25598	-1.03191	0.478874	-0.269422	2.58094	31.8573	60.1436	-6.62669	20.7079	94.011	-19.8046	0.0455851	-52.8849	24.1776	-0.757989	27.3255	-0.772901	0.935116	-0.0153124	-48.465	11.3242	3.34591	-2.51792	1.22882	0.413854	-2.50923	-0.00220535	-0.200616	0.133829	-2.4355	-5.05588	-1.23012	-2.57424	-0.0513917	-0.273414	0.0163577
4.98723	1.25265	-0.0727137	-0.277764	0.0620008	-2.35715	5.33079	36.9719	66.2159	-7.48138	19.9145	98.6255	-18.7859	0.0481809	-59.9707	26.9675	-0.991763	31.6946	-1.3213	1.03242	-0.00318763	-49.4792	10.9927	4.63632	-3.03058	1.46281	0.60547	-2.69447	0.00397388	-0.205956	0.166262	-3.03308	-5.45663	-1.36394	-2.78191	-0.0582842	-0.300302	0.0110297
4.99722	0.078613	-0.259142	0.479671	-0.920466	-0.248615	0.078379	40.6879	71.1497	-8.33876	19.3712	103.025	-17.7174	0.0520582	-67.783	29.9921	-1.22377	36.2912	-1.96758	1.10602	0.0122801	-46.9457	11.2261	4.91957	-3.13102	1.30982	0.587667	-2.69663	0.00514144	-0.203683	0.165629	-3.32325	-5.40204	-1.32932	-2.82685	-0.0574969	-0.299139	0.0137609
5.00721	-0.500986	-0.711856	1.62962	-0.677953	-0.271666	0.220261	43.6345	76.1186	-9.35192	19.381	107.112	-16.5436	0.0563471	-75.8017	31.8048	-1.35688	40.6026	-2.62237	1.12774	0.029229	-43.4905	10.5803	4.741	-3.14754	1.10168	0.527846	-2.645	0.00542489	-0.19924	0.157482	-3.52508	-5.27407	-1.26197	-2.81975	-0.0553079	-0.290658	0.0178427
5.0172	-5.64639	-1.97281	2.06348	-1.28436	-0.726863	0.460497	47.4654	80.8583	-10.3965	19.4691	110.783	-15.2498	0.0606974	-83.6256	32.194	-1.30509	44.6913	-3.90191	1.21755	0.0453442	-37.3176	10.5066	4.23307	-3.16347	0.807892	0.427991	-2.52883	0.00520615	-0.189526	0.141195	-3.74457	-4.99934	-1.12792	-2.76278	-0.0499921	-0.272112	0.0258477
5.02719	-9.90141	-2.32575	3.39576	0.619502	1.45632	4.06275	49.8628	84.7709	-11.595	20.2474	113.778	-13.7942	0.066302	-90.3753	31.8479	-1.17275	47.6165	-4.59218	1.24148	0.060496	-30.4797	9.04573	3.39817	-2.89931	0.443584	0.265614	-2.31313	0.00409486	-0.17414	0.112484	-3.77687	-4.65421	-0.975344	-2.62008	-0.0436499	-0.243061	0.0312828
5.03717	27.0701	-25.8501	27.0934	303.37	-255.32	209.455	51.37	104.457	-15.332	25.7388	116.499	-11.9246	0.0549572	-88.7732	11.745	-0.950681	48.4972	-4.74442	0.877799	0.0762561	-52.3031	-33.642	8.5636	2.73228	2.48149	0.646633	-0.7583	0.0240032	-0.0430373	0.0806098	0.668306	-5.46753	-2.02436	-0.949206	-0.0818434	-0.174699	-0.161359
5.04716	35.0975	-27.5768	27.4048	234.782	-268.253	183.459	44.7512	104.495	-16.6343	30.8182	117.812	-10.232	0.0574813	-96.9719	11.2343	-0.546289	50.0012	-4.62398	0.835266	0.0829249	-44.9017	-29.0108	7.06361	1.69718	1.86451	0.548256	-0.928076	0.0217411	-0.0600623	0.0854005	-0.243511	-5.0217	-1.76588	-1.15799	-0.074881	-0.177579	-0.125927
5.05715	38.5836	-30.2129	26.4065	185.943	-273.75	159.157	39.9337	103.811	-17.6928	35.9895	118.236	-8.55829	0.0598006	-99.9528	9.83996	-0.0148242	48.9676	-4.2535	0.767609	0.0868478	-42.397	-24.4756	5.88538	0.469346	1.39501	0.525924	-1.26678	0.0199164	-0.0911213	0.107562	-1.2233	-4.86805	-1.61227	-1.50417	-0.0730281	-0.202023	-0.0925957
5.06714	36.1821	-33.3599	24.2912	140.559	-285.081	141.332	34.2183	102.438	-19.0039	41.2753	117.639	-6.92265	0.0631148	-98.5912	7.53297	0.414607	45.9149	-3.79601	0.637251	0.0880135	-37.0634	-20.8477	4.86839	-0.271107	0.94566	0.456685	-1.38488	0.0185899	-0.102339	0.110895	-1.88739	-4.56097	-1.43089	-1.652	-0.0681014	-0.203501	-0.0681794
5.07712	27.4494	-38.8833	20.8222	117.479	-293.575	126.806	30.9128	100.6	-20.1485	46.2916	116.046	-5.39559	0.0662489	-91.4313	3.70764	0.792358	40.5396	-3.44974	0.42436	0.0873306	-36.4879	-17.8533	4.96584	-1.12795	0.805663	0.538178	-1.6404	0.020572	-0.119832	0.137881	-2.6269	-4.64649	-1.41702	-1.91165	-0.0702885	-0.22777	-0.0550463
5.08711	12.7361	-45.5683	15.7948	105.888	-304.614	115.197	28.7811	97.9772	-21.1731	50.9556	113.36	-4.02688	0.0693509	-79.6304	-1.39373	1.10661	33.4374	-3.37555	0.103872	0.0844408	-37.1127	-15.2142	5.33402	-1.90407	0.762865	0.646528	-1.89442	0.023101	-0.13622	0.166925	-3.28223	-4.81529	-1.44507	-2.16121	-0.0737639	-0.253954	-0.0465445
5.0971	-7.14204	-53.6872	9.79031	95.767	-321.478	109.15	26.6969	94.7689	-22.3047	55.1041	109.477	-2.84909	0.0728934	-64.7624	-7.71182	1.31802	25.3237	-3.67393	-0.364018	0.0789204	-35.6805	-13.2908	6.17295	-2.32309	0.81908	0.759546	-1.98524	0.02729	-0.135517	0.186115	-3.72905	-4.92884	-1.482	-2.265	-0.0759302	-0.265038	-0.0480635
5.10709	-30.2639	-62.3157	3.2354	83.0068	-342.939	106.461	24.8294	90.9243	-23.3622	58.4666	104.377	-1.91748	0.0757173	-48.3759	-14.6159	1.49736	16.8936	-4.38048	-0.997749	0.0703415	-32.2368	-11.7622	7.13694	-2.45958	0.914142	0.851453	-1.93841	0.0319346	-0.121902	0.194059	-3.9895	-4.94936	-1.49983	-2.24453	-0.0759156	-0.261619	-0.0548178
5.11707	-54.0221	-70.2408	-3.74699	69.0533	-363.363	102.843	24.3163	86.2521	-23.9759	60.6827	98.1014	-1.30063	0.0763949	-31.8719	-21.3405	1.71413	8.78045	-5.44856	-1.80442	0.0583561	-29.4252	-9.87837	7.52604	-2.65726	0.95331	0.901221	-1.92461	0.0343365	-0.114741	0.198399	-4.20446	-4.93366	-1.48282	-2.24418	-0.0745407	-0.258512	-0.0550904
5.12706	-75.9547	-77.595	-10.5577	62.7942	-373.535	95.2692	27.0413	80.9441	-23.8831	61.3391	90.7512	-1.04463	0.0736082	-16.0467	-27.2604	1.95406	1.52612	-6.78377	-2.77198	0.043616	-32.0359	-7.37814	7.70082	-3.33013	1.07996	1.01528	-2.17933	0.0355258	-0.132695	0.224479	-4.62051	-5.20476	-1.53819	-2.46709	-0.0777427	-0.284392	-0.0478763
5.13705	-95.9291	-81.7704	-16.5863	48.1595	-381.506	86.6047	30.5134	74.9974	-23.2686	60.3542	82.3622	-1.11728	0.0675812	-2.62481	-31.1444	2.0877	-3.91238	-8.27988	-3.84433	0.0277044	-33.1462	-4.79633	6.85711	-3.9659	1.07136	1.03329	-2.38918	0.0335472	-0.152256	0.236395	-4.92244	-5.31428	-1.50317	-2.64512	-0.0769538	-0.299827	-0.0316693
5.14704	-114.784	-81.7488	-21.3109	25.1684	-388.165	77.3985	34.1898	68.4134	-22.0787	57.6169	73.12	-1.47689	0.0577933	9.0982	-32.52	2.03417	-7.73126	-9.76423	-4.94623	0.0125302	-31.7169	-2.62451	5.15876	-4.46267	0.962945	0.962123	-2.49696	0.0292984	-0.167088	0.231502	-5.06984	-5.24746	-1.38081	-2.73036	-0.0718437	-0.299726	-0.00988994
5.15702	-133.244	-76.3827	-24.4876	-5.24079	-393.357	66.1483	37.6275	60.9855	-20.1238	53.0937	63.3157	-2.05809	0.0438683	20.0798	-30.9036	1.80549	-10.4051	-11.016	-5.99114	-0.00111101	-27.3872	-0.860165	2.55128	-4.80839	0.736279	0.792544	-2.49144	0.022558	-0.176517	0.208206	-5.05368	-4.97494	-1.15982	-2.71329	-0.061895	-0.282482	0.0181285
5.16701	-149.251	-67.3435	-26.1953	-30.6175	-387.982	50.0344	42.0056	52.6924	-17.2788	46.813	53.3728	-2.76997	0.0251893	30.9302	-26.7685	1.46309	-12.443	-11.8313	-6.93311	-0.0121866	-25.7772	1.27126	-0.242013	-5.42908	0.578336	0.661198	-2.62955	0.0150333	-0.19949	0.19665	-5.13276	-4.85751	-0.974535	-2.81186	-0.0541631	-0.280601	0.0508484
5.177	-160.341	-56.0418	-25.8876	-51.3446	-370.47	30.8077	46.6823	43.7909	-13.6801	39.0234	43.7109	-3.47127	0.00205853	40.4582	-20.5903	1.05297	-13.6748	-12.0984	-7.74941	-0.0195362	-27.3093	3.6182	-2.73889	-6.2814	0.558658	0.608302	-2.90613	0.00827638	-0.233052	0.201366	-5.31807	-4.95805	-0.866675	-3.02266	-0.0503134	-0.296438	0.0827667
5.18699	-166.385	-44.589	-23.1496	-79.5322	-348.792	16.1174	49.3602	35.1967	-9.79869	30.1259	34.6599	-3.9943	-0.0227045	46.9112	-13.2353	0.558851	-13.6508	-11.7901	-8.44281	-0.0223997	-26.565	4.9409	-4.61027	-6.80555	0.625484	0.57335	-3.02412	0.00388756	-0.249046	0.198979	-5.36058	-5.00093	-0.773295	-3.09747	-0.045801	-0.298737	0.103946
5.19698	-166.147	-35.4829	-19.5808	-97.9773	-314.035	0.788743	52.416	26.9157	-5.85037	20.3292	26.6908	-4.27706	-0.049531	51.2587	-6.13337	0.00465694	-13.0993	-10.8791	-9.0467	-0.021267	-31.0135	6.92686	-5.41754	-7.59093	0.905995	0.681756	-3.33888	0.00216185	-0.277427	0.224362	-5.58807	-5.39084	-0.830819	-3.33799	-0.0486581	-0.329186	0.118021
5.20696	-162.954	-27.9568	-15.2826	-118.478	-278.616	-10.0057	54.117	19.797	-2.30144	9.98703	19.9855	-4.26383	-0.0746674	53.1326	0.959925	-0.649916	-11.666	-9.48857	-9.51741	-0.0165673	-33.6521	8.20966	-5.63361	-8.0359	1.19886	0.785949	-3.5095	0.00215505	-0.290697	0.241739	-5.68071	-5.68989	-0.893831	-3.45757	-0.050863	-0.347031	0.122618
5.21695	-158.331	-21.5022	-10.9644	-138.962	-245.008	-17.3908	54.8844	14.1425	0.511091	-0.638042	14.6812	-3.99598	-0.0959181	53.1893	8.29081	-1.36293	-9.46452	-7.74292	-9.80465	-0.00965916	-34.3285	8.75464	-5.50668	-8.11885	1.42469	0.850656	-3.53031	0.00286919	-0.290262	0.247267	-5.62206	-5.8389	-0.936285	-3.45334	-0.0515517	-0.350222	0.120344
5.22694	-151.014	-16.3525	-8.32528	-141.168	-204.493	-27.2536	57.1763	9.84442	2.30492	-11.3243	10.8726	-3.57092	-0.11403	53.1759	15.4627	-2.05947	-7.2828	-5.71539	-9.89948	-0.00250469	-40.7358	10.2784	-5.0499	-8.47341	1.67216	0.976278	-3.77747	0.0034217	-0.310523	0.274193	-5.72266	-6.24398	-1.08148	-3.64123	-0.0585733	-0.381357	0.118186
5.23693	-145.35	-10.557	-5.00493	-152.062	-177.245	-29.4838	57.0528	7.71598	3.2035	-21.5014	8.28396	-3.07131	-0.124336	51.9283	23.6115	-2.77604	-4.28636	-3.61126	-9.74452	0.00518394	-39.6287	9.21895	-4.77983	-7.97246	1.69959	0.937887	-3.59239	0.00366767	-0.294902	0.259115	-5.38819	-6.14147	-1.08335	-3.46487	-0.0572897	-0.363827	0.107891
5.24691	-135.964	-3.69534	-3.746	-136.113	-139.834	-40.5015	59.0477	5.92586	3.47091	-30.9341	6.88043	-2.62498	-0.130851	52.1978	31.7651	-3.40782	-2.05925	-1.39199	-9.42459	0.011526	-47.8458	10.4971	-4.81163	-8.1381	1.7257	0.969741	-3.84079	0.00134383	-0.322231	0.278343	-5.34326	-6.43624	-1.20679	-3.64764	-0.0647147	-0.394473	0.107781
5.2569	-125.954	3.54347	-2.26742	-124.274	-111.701	-49.7028	58.6142	4.97993	3.35283	-38.8328	6.19941	-2.24925	-0.129201	51.7896	40.1552	-3.96313	0.396267	0.807663	-8.97332	0.017421	-51.9069	10.835	-4.85602	-7.78104	1.61346	0.902702	-3.83647	-0.00151297	-0.328736	0.272858	-5.01324	-6.39498	-1.24073	-3.61208	-0.0669589	-0.396518	0.103072
5.26689	-114.344	9.6924	-1.39715	-113.79	-89.516	-58.913	56.2772	4.42644	2.92714	-44.8688	5.99681	-1.95609	-0.121486	50.6453	47.756	-4.40838	2.79378	3.00824	-8.51234	0.0225276	-54.03	11.2261	-4.76217	-7.13573	1.41143	0.783362	-3.7038	-0.00478096	-0.324514	0.254996	-4.52681	-6.14612	-1.22523	-3.46442	-0.0664037	-0.384141	0.0958896
5.27688	-101.816	13.5751	-1.38784	-109.428	-74.729	-66.9691	51.8992	4.19148	2.23351	-48.8983	6.04426	-1.73139	-0.109996	48.2338	53.7918	-4.73563	5.11303	5.24189	-8.16095	0.0269547	-52.7763	11.615	-4.52794	-6.15095	1.10244	0.598189	-3.39403	-0.00839609	-0.304694	0.220198	-3.8663	-5.61296	-1.13132	-3.16588	-0.0613657	-0.351094	0.086709
5.28686	-89.5404	14.9696	-2.22789	-116.238	-68.5293	-73.3802	45.5109	4.06557	1.32684	-50.9688	6.15181	-1.5508	-0.0965712	44.1759	57.7998	-4.96341	7.31302	7.56089	-8.0193	0.0307976	-46.4796	11.7804	-4.37734	-4.80215	0.640264	0.317695	-2.86274	-0.0128782	-0.26587	0.162272	-3.01853	-4.70193	-0.914381	-2.68215	-0.049618	-0.290492	0.0783283
5.29685	-76.7289	14.1356	-4.82769	-122.128	-62.0876	-80.7892	39.232	3.65075	0.0993985	-51.3669	6.23271	-1.38155	-0.0840083	39.4242	59.0385	-5.0995	8.81321	10.054	-8.17563	0.033869	-40.8347	12.9178	-4.46408	-3.6544	0.131902	0.0347025	-2.41679	-0.0184218	-0.235713	0.109121	-2.27139	-3.8006	-0.683845	-2.27388	-0.0379623	-0.237259	0.0761453
5.30684	-63.459	12.1033	-8.59902	-120.951	-50.8296	-89.0563	34.2144	2.6906	-1.35662	-50.3831	6.21635	-1.20537	-0.0735288	34.6187	57.5729	-5.16682	9.40758	12.7487	-8.64342	0.036203	-38.7394	14.8615	-4.74773	-2.96698	-0.30245	-0.179736	-2.19538	-0.0239066	-0.22542	0.0763171	-1.78056	-3.18355	-0.524688	-2.06199	-0.0309365	-0.208998	0.0790956
5.31683	-51.5226	9.90328	-12.5657	-116.205	-35.6687	-97.443	30.4251	1.07642	-2.79249	-48.2892	6.04314	-1.02049	-0.0648091	29.8402	54.0569	-5.18824	9.26969	15.6061	-9.3696	0.0379707	-38.7495	17.0329	-5.30882	-2.6929	-0.651825	-0.334166	-2.14785	-0.0288932	-0.229808	0.0592376	-1.54113	-2.83362	-0.42098	-2.00894	-0.0273665	-0.199542	0.0866786
5.32681	-38.1981	7.73553	-16.1565	-100.47	-10.7172	-103.738	27.1609	-0.798585	-3.8585	-45.5458	5.68054	-0.842846	-0.0566102	26.6079	49.7758	-5.16515	8.4712	18.538	-10.2287	0.0395643	-45.0181	19.0167	-5.27893	-2.94568	-0.667064	-0.294982	-2.3847	-0.029747	-0.253654	0.0791957	-1.66693	-3.12298	-0.531348	-2.20733	-0.0344786	-0.228437	0.0870683
5.3368	-28.4694	5.25401	-18.0476	-89.3916	13.6562	-105.63	22.7818	-2.4426	-4.3011	-42.2172	5.0912	-0.680464	-0.0472887	24.5563	45.6375	-5.11756	7.52248	21.4479	-11.1169	0.0409938	-49.4943	19.4476	-4.61631	-3.1406	-0.478967	-0.179767	-2.54176	-0.0265624	-0.263478	0.101008	-1.87217	-3.55944	-0.691691	-2.35469	-0.0423272	-0.25181	0.0780896
5.34679	-23.2612	2.40575	-17.92	-87.9237	32.1109	-103.47	17.4101	-3.73807	-4.2388	-38.4499	4.32436	-0.530494	-0.0372124	22.7861	41.9063	-5.05785	6.68716	24.2827	-11.9806	0.0419269	-49.3675	18.0423	-3.58061	-3.03493	-0.228183	-0.0728818	-2.486	-0.0210008	-0.249847	0.107945	-1.99487	-3.86419	-0.808079	-2.33457	-0.0461634	-0.252015	0.0625421
5.35678	-20.7506	-0.650825	-16.2888	-93.4782	50.1294	-98.4212	11.4326	-4.62409	-3.78918	-34.5579	3.44917	-0.396388	-0.026761	20.9655	38.87	-4.9828	6.0454	26.9947	-12.7751	0.0426604	-46.1467	15.3852	-2.32048	-2.71398	0.0526838	0.0195557	-2.28531	-0.0141381	-0.22058	0.103553	-2.05289	-4.07255	-0.889533	-2.20121	-0.0469772	-0.236046	0.0431458
5.36677	-12.4082	-4.49104	-15.9848	-81.3221	81.302	-90.8838	5.82782	-4.68445	-3.08317	-31.3715	2.57184	-0.291021	-0.0166867	20.9761	36.9933	-4.78443	5.26943	29.5693	-13.4473	0.0435064	-52.4599	13.9851	-0.283961	-2.94655	0.663099	0.322929	-2.45433	-0.00382089	-0.219969	0.144512	-2.43653	-4.98721	-1.2355	-2.37435	-0.0615033	-0.269817	0.0145524
5.37675	-4.96475	-9.23134	-15.058	-70.7503	108.26	-79.7796	0.377585	-4.14908	-2.24036	-28.2422	1.73485	-0.204228	-0.00788851	20.6949	35.5416	-4.47754	4.7756	32.02	-14.0333	0.0439213	-57.6882	11.9052	2.09932	-3.01438	1.33384	0.639089	-2.53512	0.00785336	-0.209235	0.181438	-2.75025	-5.86892	-1.58597	-2.47063	-0.0753016	-0.29547	-0.0196796
5.38674	2.68059	-14.4879	-13.9474	-57.0067	131.963	-66.3484	-4.93569	-3.09889	-1.24587	-24.5239	0.454128	-0.104878	-0.000882134	20.5286	34.5796	-4.05787	4.49	34.3539	-14.53	0.0442324	-63.7045	9.79965	4.70806	-3.07458	2.07388	0.986086	-2.62178	0.020431	-0.197748	0.222044	-3.06018	-6.81895	-1.97085	-2.56696	-0.0904417	-0.323554	-0.0575837
5.39673	7.93876	-19.8468	-12.7002	-59.8254	143.421	-55.7013	-10.1342	-2.42372	-0.467605	-21.6479	0.197315	-0.0780772	0.00364621	18.3366	33.4155	-3.7072	4.45891	36.6508	-15.0057	0.0432365	-62.6816	7.55458	6.88515	-2.64433	2.54186	1.16137	-2.41566	0.0295288	-0.164078	0.226533	-3.03839	-7.1408	-2.13934	-2.40874	-0.0942606	-0.312391	-0.0882494
5.40672	14.3807	-24.1866	-12.2466	-55.2201	155.337	-46.3343	-14.8425	-1.54903	0.270109	-18.7805	0.013858	-0.0584843	0.00623176	17.1171	33.1583	-3.32229	4.37943	38.8922	-15.3968	0.0426387	-64.6793	6.40621	8.77212	-2.48222	3.02745	1.36425	-2.36333	0.0377313	-0.146085	0.243315	-3.11779	-7.62813	-2.3541	-2.37375	-0.101349	-0.318225	-0.115245
5.4167	20.2763	-28.1541	-12.0715	-54.559	158.92	-38.661	-19.6731	-0.888147	0.874348	-15.3986	-0.117466	-0.0346561	0.00686168	15.5529	33.0706	-2.93464	4.32913	41.1548	-15.7597	0.0417007	-64.8268	5.57834	10.5081	-2.20864	3.43965	1.51985	-2.2408	0.0445852	-0.123287	0.250721	-3.0947	-7.92371	-2.50307	-2.27338	-0.105065	-0.314081	-0.139004
5.42669	26.047	-30.7719	-12.0811	-54.9177	156.264	-33.7739	-24.5963	-0.665616	1.42075	-11.5859	-0.197807	-0.0130344	0.00575817	14.2488	33.5505	-2.57671	4.15977	43.4813	-16.1002	0.0407257	-64.5107	5.22007	12.0245	-1.95117	3.80974	1.65254	-2.11697	0.0502787	-0.101927	0.255538	-3.0382	-8.13798	-2.61905	-2.16643	-0.107393	-0.308199	-0.159091
5.43668	32.2491	-32.1986	-12.5116	-52.6955	149.97	-30.5815	-29.5466	-0.68321	1.87118	-7.47944	-0.23562	0.0115105	0.00321682	13.7448	34.6497	-2.21425	3.76481	45.9202	-16.4361	0.0399408	-65.3943	5.3721	13.4594	-1.81805	4.21473	1.80826	-2.05564	0.0558671	-0.0864737	0.26662	-3.02291	-8.4249	-2.75749	-2.10731	-0.111145	-0.30958	-0.178031
5.44667	38.8198	-32.6263	-13.307	-47.7813	140.235	-28.3529	-34.5909	-0.903377	2.20938	-3.11826	-0.238717	0.0412602	-0.00059976	14.1385	36.274	-1.83329	3.08612	48.5246	-16.7995	0.0393619	-67.5412	5.83809	14.9259	-1.79672	4.68458	2.00061	-2.04956	0.0619711	-0.0754013	0.285035	-3.05478	-8.8108	-2.93133	-2.09049	-0.116776	-0.318238	-0.197689
5.45665	44.575	-32.033	-14.1972	-46.3639	122.777	-28.5152	-40.0078	-1.65365	2.40279	1.65539	-0.212298	0.0747984	-0.00578023	14.8174	38.1423	-1.52207	2.08255	51.3595	-17.2453	0.0386297	-68.1601	6.33406	16.2751	-1.71147	5.11158	2.16435	-1.99098	0.067308	-0.0604029	0.297225	-3.02462	-9.05717	-3.05592	-2.026	-0.11991	-0.319559	-0.214797
5.46664	49.1944	-30.4285	-15.3591	-45.3741	100.116	-30.7903	-45.5911	-2.68018	2.44236	6.60764	-0.169791	0.115669	-0.0118557	16.2991	40.4474	-1.2861	0.662304	54.4577	-17.7966	0.0380188	-68.1615	7.08061	17.3674	-1.67836	5.49852	2.31015	-1.93765	0.0717493	-0.0471246	0.30781	-2.99535	-9.23896	-3.14852	-1.96422	-0.121822	-0.319788	-0.227838
5.47663	52.5526	-28.368	-16.9049	-43.2226	73.8865	-34.3181	-51.2504	-3.72707	2.32573	11.5934	-0.13546	0.169428	-0.0181102	18.7412	43.1515	-1.09723	-1.18479	57.8465	-18.4812	0.0376072	-67.9583	8.14725	18.2751	-1.73588	5.87056	2.45409	-1.90964	0.0756971	-0.0367337	0.319724	-2.99656	-9.40312	-3.22585	-1.92304	-0.123334	-0.321712	-0.23759
5.48662	53.6397	-26.1703	-18.8963	-44.6427	41.0135	-40.5547	-57.122	-5.04443	2.0278	16.7379	-0.131973	0.23345	-0.0239385	21.5478	45.8345	-1.02982	-3.44878	61.5571	-19.3499	0.0371226	-65.1886	9.54428	18.7238	-1.77567	6.09557	2.5259	-1.83717	0.0772545	-0.0252419	0.32117	-2.94397	-9.32375	-3.20184	-1.84498	-0.120373	-0.31429	-0.238459
5.4966	53.8798	-24.4224	-21.6448	-39.0156	10.7426	-45.6153	-62.8372	-5.69477	1.62182	21.5437	-0.20564	0.324842	-0.0277326	25.8228	49.0363	-0.928907	-6.06199	65.5581	-20.3776	0.037236	-64.1723	11.5971	18.9165	-2.09284	6.34982	2.63406	-1.88955	0.0788787	-0.0253277	0.334181	-3.03636	-9.40524	-3.21667	-1.87358	-0.120208	-0.32061	-0.236303
5.50659	51.4384	-22.891	-24.681	-38.5237	-26.0671	-53.2269	-68.6954	-6.66105	1.07481	26.4789	-0.371129	0.423152	-0.0289583	29.9171	51.9466	-0.98585	-8.93154	69.8652	-21.6215	0.037209	-59.4513	13.7972	18.3755	-2.35335	6.35804	2.62254	-1.87187	0.076738	-0.0240634	0.330206	-3.03942	-9.12309	-3.08036	-1.8458	-0.113491	-0.312558	-0.22111
5.51658	45.8601	-20.3468	-28.1793	-42.0216	-67.7384	-65.8882	-74.4351	-8.54618	0.547805	31.3807	-0.650021	0.499526	-0.0262347	33.8491	54.9156	-1.28915	-11.9942	74.4314	-23.059	0.0373346	-50.939	16.6888	16.4918	-2.68891	5.99282	2.44273	-1.84304	0.0685707	-0.0304648	0.307652	-2.99179	-8.42859	-2.75166	-1.81442	-0.0993308	-0.293365	-0.184598
5.52657	41.3462	-18.8209	-33.0045	-35.0284	-100.845	-76.3306	-79.7945	-9.84561	0.127731	35.6502	-1.0728	0.581859	-0.0184898	38.638	58.3795	-1.49672	-14.8965	79.1556	-24.5954	0.0383841	-45.7404	20.8539	14.3486	-3.41708	5.66828	2.32174	-2.0167	0.0606943	-0.0555507	0.304119	-3.16136	-8.02242	-2.50534	-1.95605	-0.090591	-0.29746	-0.145734
5.53656	39.5839	-19.1043	-38.0979	-19.3958	-126.053	-80.9342	-84.8732	-10.307	-0.176623	39.323	-1.61397	0.674224	-0.00648966	43.4697	62.0213	-1.47394	-17.3494	83.9684	-26.1776	0.0400096	-44.3124	25.0022	13.025	-4.26862	5.59427	2.33907	-2.28477	0.0570716	-0.08344	0.321736	-3.46627	-7.99742	-2.42032	-2.17424	-0.0892142	-0.319053	-0.120135
5.54654	40.9872	-21.5691	-43.0567	5.76	-142.641	-77.7431	-89.3586	-9.40869	-0.393017	42.2487	-2.22351	0.791612	0.00821768	48.3767	65.7015	-1.14254	-19.2551	88.7865	-27.754	0.0423608	-47.5193	28.7957	12.8892	-5.18152	5.86902	2.53543	-2.62972	0.0594032	-0.11028	0.36386	-3.89808	-8.44463	-2.54462	-2.45068	-0.0969207	-0.358874	-0.114363
5.55653	38.1285	-24.503	-46.6246	24.3858	-165.164	-74.4403	-92.5769	-8.45424	-0.727423	44.7017	-2.8198	0.891561	0.023686	52.5136	68.3855	-1.02736	-21.0013	93.5739	-29.3759	0.0451152	-46.3749	31.5055	12.0319	-5.86509	5.86371	2.58187	-2.83243	0.0578279	-0.129941	0.38148	-4.15753	-8.45397	-2.49947	-2.61054	-0.0968649	-0.376483	-0.0975489
5.56652	32.1741	-27.4943	-49.7277	46.31	-184.98	-71.3491	-94.0101	-7.12366	-0.959014	46.1532	-3.37232	0.985064	0.0391161	57.0128	70.8619	-1.03802	-22.4085	98.1893	-30.9362	0.0488861	-44.9489	34.7159	10.4288	-6.71312	5.71154	2.57396	-3.10145	0.0538277	-0.15982	0.397465	-4.47359	-8.41394	-2.40798	-2.8298	-0.0959185	-0.397604	-0.0714663
5.57651	23.5398	-29.9202	-51.8622	70.475	-201.771	-69.1155	-93.6146	-5.74512	-1.01822	46.5398	-3.84728	1.0715	0.053422	61.587	73.1072	-1.18656	-23.3378	102.495	-32.3511	0.0536331	-43.3581	38.1111	8.39196	-7.66207	5.48005	2.53737	-3.40887	0.0485179	-0.195516	0.412817	-4.8244	-8.34944	-2.29129	-3.08319	-0.0945449	-0.420869	-0.0401968
5.58649	12.3173	-30.2744	-52.3597	88.5747	-221.394	-68.5178	-91.7234	-5.41212	-0.957589	46.1354	-4.21462	1.11576	0.06587	64.94	74.6741	-1.56388	-23.6012	106.369	-33.5432	0.0580356	-39.1727	40.2707	5.66645	-8.43065	5.0173	2.37844	-3.61667	0.0400773	-0.227465	0.409377	-5.0433	-7.98216	-2.05408	-3.25652	-0.0879242	-0.428382	-0.000712832
5.59648	2.7273	-29.9301	-52.3843	108.212	-235.387	-66.4832	-88.7021	-5.44742	-0.66208	44.8073	-4.47412	1.14707	0.0759304	67.4655	75.7668	-1.91776	-22.7893	109.633	-34.3836	0.061793	-37.2789	42.1264	3.53476	-9.16186	4.70549	2.29344	-3.84059	0.0344459	-0.257248	0.415136	-5.29603	-7.83008	-1.91592	-3.44226	-0.085457	-0.442464	0.0282383
5.60647	-7.5659	-28.9615	-51.7978	125.663	-246.193	-63.6411	-84.2741	-6.05691	-0.317875	42.5913	-4.59318	1.14477	0.0828346	69.3043	75.7939	-2.35534	-21.0701	112.124	-34.835	0.0652114	-35.6268	43.4328	1.66092	-9.81492	4.44029	2.22476	-4.03399	0.0298744	-0.282713	0.42074	-5.53331	-7.71036	-1.79826	-3.60485	-0.0834939	-0.454727	0.0531271
5.61646	-20.3905	-26.9262	-50.7751	139.862	-253.893	-61.8867	-78.0824	-7.47352	-0.0902378	39.4778	-4.54505	1.08263	0.086077	70.7298	74.6708	-2.9618	-18.6199	113.659	-34.849	0.0685426	-33.0762	44.4888	-0.46106	-10.4588	4.10769	2.12099	-4.21009	0.0243269	-0.307943	0.421275	-5.76035	-7.5132	-1.64057	-3.75954	-0.0797854	-0.463256	0.0818919
5.62644	-33.7232	-24.3147	-49.4266	153.765	-253.947	-59.8343	-70.5119	-9.37154	0.0463951	35.5452	-4.33051	0.966143	0.0853298	71.9436	72.6635	-3.63812	-15.4233	114.047	-34.3519	0.0713882	-31.7233	45.4032	-2.05513	-11.0893	3.91312	2.0804	-4.3899	0.0211459	-0.329732	0.428494	-6.02655	-7.46957	-1.54914	-3.92115	-0.0785045	-0.475571	0.103412
5.63643	-48.7352	-20.9686	-47.5605	164.257	-246.982	-58.8379	-61.896	-11.7949	0.0513222	31.0234	-3.94813	0.790389	0.0802724	73.0813	69.7594	-4.43215	-11.8187	113.101	-33.3141	0.0737824	-29.9387	45.9944	-3.45328	-11.6554	3.74477	2.04406	-4.53516	0.0185446	-0.347014	0.433611	-6.28039	-7.41597	-1.4547	-4.06122	-0.0765564	-0.484582	0.12355
5.64642	-63.567	-17.9558	-45.2418	172.512	-229.616	-57.744	-53.0932	-13.945	0.00690998	26.2257	-3.41747	0.588682	0.0704922	74.3903	66.2083	-5.23414	-8.00835	110.641	-31.7033	0.0751703	-28.8659	46.3289	-4.11414	-12.1117	3.72459	2.06772	-4.64453	0.0185338	-0.356503	0.4425	-6.53006	-7.47342	-1.41917	-4.17656	-0.0762106	-0.493445	0.134955
5.65641	-77.0087	-16.0961	-42.3678	176.979	-200.832	-56.2558	-45.1095	-15.1528	-0.0667997	21.6189	-2.77241	0.390609	0.0560505	75.8933	62.1646	-5.98718	-4.2999	106.518	-29.5219	0.075035	-28.2925	46.1856	-3.79398	-12.3562	3.87417	2.15437	-4.67981	0.021567	-0.353839	0.453148	-6.73111	-7.61795	-1.44558	-4.23448	-0.0771402	-0.498864	0.134941
5.6664	-90.0353	-15.3448	-39.2431	171.641	-164.781	-55.4747	-38.5801	-15.4223	-0.265678	17.6913	-2.06703	0.200942	0.0383198	77.2265	57.4154	-6.71129	-1.06441	100.653	-26.8234	0.0724452	-25.3782	45.2922	-3.29115	-12.3055	3.94199	2.17762	-4.58377	0.0236776	-0.339737	0.448563	-6.78668	-7.53734	-1.39985	-4.19278	-0.0737367	-0.488679	0.135773
5.67638	-101.4	-16.0909	-35.8267	158.291	-120.393	-54.0902	-33.723	-14.3391	-0.54497	14.5107	-1.38791	0.0518244	0.0199586	78.3541	52.2714	-7.34756	1.48058	93.0627	-23.6749	0.0665017	-21.073	43.613	-2.32244	-11.9333	3.99708	2.17029	-4.36145	0.0260795	-0.313103	0.432724	-6.70565	-7.3213	-1.32615	-4.05304	-0.0678207	-0.465585	0.132532
5.68637	-107.552	-19.5859	-31.8594	141.609	-65.1497	-48.0455	-30.6322	-11.2557	-0.781147	11.923	-0.806191	-0.0196199	0.00317692	78.8959	46.8397	-7.69546	3.38847	83.904	-20.1896	0.0560103	-18.4062	40.7685	0.230106	-11.1466	4.31699	2.26148	-4.01363	0.033517	-0.267343	0.419887	-6.51074	-7.27025	-1.37712	-3.80459	-0.0653338	-0.437334	0.107201
5.69636	-103.126	-26.6226	-27.4994	130.069	5.72234	-33.0112	-29.4279	-5.85201	-0.840367	9.77179	-0.374275	0.00740033	-0.0103334	78.4644	41.2645	-7.49912	4.89072	73.5101	-16.5352	0.0399746	-22.2972	36.594	5.39705	-9.97147	5.21979	2.61122	-3.6114	0.0512844	-0.202335	0.432252	-6.28652	-7.83717	-1.75937	-3.48845	-0.075228	-0.420502	0.0395404
5.70635	-94.4787	-33.7821	-22.886	105.912	76.4207	-18.1851	-29.7885	-0.332475	-0.903395	8.40358	-0.112743	0.0705728	-0.019099	75.2068	34.9848	-6.89889	5.63683	62.2944	-12.9415	0.0212631	-23.0558	30.8128	10.5625	-8.33785	5.94931	2.84732	-3.01616	0.0668886	-0.123095	0.421192	-5.80041	-8.03491	-2.03518	-3.00628	-0.0793393	-0.380429	-0.027552
5.71633	-81.6377	-39.7398	-18.4875	75.8979	149.103	-3.43124	-31.2046	4.7216	-0.928044	7.61064	-0.0177461	0.157621	-0.0228449	69.8942	28.2827	-5.8408	5.43133	50.8791	-9.62374	0.00108053	-22.7748	24.111	15.144	-6.55608	6.50121	2.99048	-2.36655	0.0798714	-0.044156	0.397567	-5.19829	-8.04866	-2.24512	-2.46986	-0.0809385	-0.331475	-0.0904251
5.72632	-69.5841	-40.8029	-14.72	33.5902	215.13	2.91208	-32.9734	7.38967	-0.999253	7.39833	-0.0517678	0.209338	-0.0218909	62.3276	21.6625	-4.52799	3.95464	39.8723	-6.74243	-0.0177578	-16.824	17.5628	17.2546	-4.81331	6.4188	2.83236	-1.68068	0.0823103	0.0214485	0.339787	-4.45438	-7.39889	-2.14468	-1.90981	-0.0708393	-0.263221	-0.119213
5.73631	-55.8207	-39.7676	-11.3262	-4.94478	282.191	9.45603	-34.7828	8.95533	-1.05019	7.39333	-0.181849	0.254432	-0.0175728	54.59	15.2142	-2.9094	1.26068	29.9391	-4.42079	-0.0356978	-12.1569	11.1544	18.3477	-3.30893	6.20931	2.63142	-1.10282	0.0824446	0.0718085	0.284508	-3.79627	-6.80891	-2.0339	-1.43262	-0.0620592	-0.203525	-0.140293
5.7463	-38.5143	-38.7472	-8.60996	-25.1798	355.291	20.4482	-36.0555	10.2487	-1.07682	7.2349	-0.360273	0.300937	-0.0113765	48.3745	9.38166	-1.16845	-2.37604	21.5644	-2.6948	-0.0529373	-14.6466	5.53372	19.2907	-2.28482	6.20279	2.56884	-0.797689	0.0853833	0.0987122	0.26141	-3.4168	-6.84089	-2.13769	-1.16273	-0.0649107	-0.178345	-0.1704
5.75628	-19.5816	-39.0127	-7.00694	-29.9708	428.659	32.8227	-36.6772	11.551	-1.0948	6.94852	-0.566013	0.353061	-0.00422759	43.4349	4.50739	0.390556	-6.49705	14.9304	-1.52791	-0.06733	-22.2344	1.59644	20.1562	-1.71037	6.33253	2.61139	-0.737348	0.0897042	0.10445	0.264703	-3.26868	-7.31934	-2.39035	-1.0828	-0.0760207	-0.182515	-0.203881
5.76627	-0.312321	-41.1487	-6.91535	-18.9756	499.104	44.6266	-36.2249	13.0488	-1.13781	6.40168	-0.770003	0.409906	0.00304182	39.8179	0.858522	1.49119	-10.5746	10.0015	-0.835693	-0.076642	-34.4381	0.0214316	20.9678	-1.61288	6.57669	2.7514	-0.931785	0.0947358	0.0880132	0.293911	-3.34412	-8.1909	-2.77058	-1.20298	-0.0943751	-0.216253	-0.237892
5.77626	14.1047	-41.6887	-8.12557	-13.4682	552.152	45.7542	-35.0451	13.4361	-1.18318	5.97244	-0.966205	0.44465	0.0102197	35.241	-1.00677	1.90034	-14.0411	6.4791	-0.485319	-0.0768843	-41.6459	1.3587	20.4217	-1.72767	6.4273	2.71533	-1.15944	0.0920321	0.0597792	0.305218	-3.37874	-8.55067	-2.90616	-1.36654	-0.102897	-0.242048	-0.241669
5.78625	26.5491	-43.5793	-10.8461	1.75852	597.269	45.6401	-32.5717	14.0858	-1.28082	5.19701	-1.11912	0.483696	0.0162371	31.4126	-2.00258	1.73359	-16.5077	4.1342	-0.368298	-0.0694863	-50.7715	4.78913	19.617	-2.20344	6.30556	2.71682	-1.55275	0.0884709	0.0160235	0.330042	-3.55116	-9.06011	-3.07242	-1.66655	-0.113817	-0.285053	-0.239403
5.79623	36.3788	-43.2693	-13.8475	5.00135	643.042	37.7635	-29.3678	14.0575	-1.37812	4.39034	-1.23031	0.508076	0.0210773	26.3751	-2.19195	1.23453	-20.8107	2.10676	-0.585939	-0.0552681	-55.4954	10.2615	17.6993	-2.8237	5.88658	2.57597	-1.94365	0.0789222	-0.0342061	0.338303	-3.68229	-9.13281	-3.0285	-1.98297	-0.115996	-0.318632	-0.212376
5.80622	37.1216	-41.8299	-18.8943	11.352	643.604	24.6005	-25.7493	13.4521	-1.47454	3.60845	-1.2963	0.519358	0.0245308	21.3824	-0.526399	-0.0329105	-18.2451	1.51659	-0.400647	-0.0371308	-55.1897	17.2123	14.8143	-3.49023	5.19033	2.29262	-2.27908	0.0640506	-0.0851855	0.326735	-3.74643	-8.73755	-2.76822	-2.27605	-0.108736	-0.337743	-0.162693
5.81621	36.3573	-40.0461	-23.7431	17.0278	642.152	11.5184	-21.9037	13.0092	-1.58731	2.72064	-1.31742	0.530109	0.0265346	16.8362	1.4738	-1.42602	-15.492	0.902696	-0.179099	-0.0191162	-54.647	24.2132	12.0584	-4.18851	4.54915	2.0312	-2.60902	0.0498567	-0.134131	0.316742	-3.83742	-8.35423	-2.50834	-2.57164	-0.101231	-0.356967	-0.112927
5.8262	32.6726	-35.8322	-27.3237	10.0727	633.384	-3.97571	-18.7112	12.0418	-1.65208	2.06141	-1.31303	0.526181	0.0275312	11.9076	3.93467	-2.73419	-12.8893	0.331287	0.0386886	-0.00315905	-49.2655	30.4264	9.04216	-4.64753	3.76309	1.67433	-2.76392	0.0338959	-0.168856	0.285542	-3.79957	-7.57703	-2.09574	-2.74068	-0.0860265	-0.353379	-0.0548796
5.83619	0	0	0	0	0	0	0	0	0	0	0	0	0	0	0	0	0	0	0	0	0	0	0	0	0	0	0	0	0	0	0	0	0	0	0	0	0
