Coordinates
version=1
nRows=452
nColumns=38
inDegrees=no

Units are S.I. units (second, meters, Newtons, ...)
If the header above contains a line with 'inDegrees', this indicates whether rotational values are in degrees (yes) or radians (no).

endheader
time	pelvis_tilt	pelvis_list	pelvis_rotation	pelvis_tx	pelvis_ty	pelvis_tz	hip_flexion_r	hip_adduction_r	hip_rotation_r	knee_angle_r	ankle_angle_r	subtalar_angle_r	mtp_angle_r	hip_flexion_l	hip_adduction_l	hip_rotation_l	knee_angle_l	ankle_angle_l	subtalar_angle_l	mtp_angle_l	lumbar_extension	lumbar_bending	lumbar_rotation	arm_flex_r	arm_add_r	arm_rot_r	elbow_flex_r	pro_sup_r	wrist_flex_r	wrist_dev_r	arm_flex_l	arm_add_l	arm_rot_l	elbow_flex_l	pro_sup_l	wrist_flex_l	wrist_dev_l
0	-0.0141816	-0.154247	1.65391	-0.108834	0.943693	1.06454	0.490177	-0.167696	-0.218008	0.079758	0.0462054	0	0	0.141928	0.0590736	-0.0513132	0.260456	0.279798	0	0	-0.0497186	-0.0576059	-0.0753338	-0.219619	-0.303123	0.365965	0.745958	0.962816	0	0	0.0736891	-0.348919	0.605142	0.70983	1.11735	0	0
0.00997788	-0.0126747	-0.156631	1.65818	-0.107784	0.943474	1.06064	0.488101	-0.166724	-0.221006	0.0806204	0.0403528	0	0	0.141056	0.0562317	-0.047151	0.261703	0.280906	0	0	-0.0468073	-0.0564744	-0.0752627	-0.220007	-0.303015	0.362587	0.747126	0.964931	0	0	0.0715918	-0.349425	0.605026	0.707947	1.11794	0	0
0.0199558	-0.0111644	-0.15902	1.66243	-0.10673	0.943258	1.05674	0.486038	-0.165725	-0.224003	0.0814552	0.0344201	0	0	0.140188	0.0533788	-0.0430059	0.262943	0.28198	0	0	-0.0438933	-0.0553468	-0.0751601	-0.220369	-0.30292	0.35924	0.748287	0.967078	0	0	0.0694886	-0.349921	0.604894	0.70603	1.11851	0	0
0.0299336	-0.00964783	-0.161413	1.66659	-0.105665	0.94305	1.05283	0.484031	-0.164663	-0.22701	0.0822773	0.0283169	0	0	0.139329	0.0504957	-0.0389283	0.26418	0.282964	0	0	-0.0409846	-0.0542315	-0.0749714	-0.220657	-0.302864	0.355988	0.749431	0.969289	0	0	0.0673702	-0.35039	0.604717	0.704033	1.11904	0	0
0.0399115	-0.00812262	-0.163802	1.6706	-0.104582	0.942858	1.04893	0.482137	-0.163506	-0.230041	0.0831426	0.0219736	0	0	0.138479	0.0475598	-0.0349871	0.265427	0.283797	0	0	-0.0380994	-0.0531376	-0.074635	-0.220815	-0.302883	0.352911	0.750558	0.971593	0	0	0.0652251	-0.350818	0.604459	0.701915	1.11945	0	0
0.0498894	-0.00658967	-0.166168	1.67439	-0.10347	0.942687	1.04501	0.480413	-0.162224	-0.233098	0.0841324	0.0153558	0	0	0.13763	0.0445502	-0.0312588	0.266701	0.284418	0	0	-0.0352656	-0.052076	-0.0740922	-0.220784	-0.303015	0.35009	0.751677	0.974002	0	0	0.0630396	-0.351193	0.604084	0.699644	1.1197	0	0
0.0598673	-0.00505514	-0.168485	1.67789	-0.10232	0.942547	1.04108	0.478901	-0.160801	-0.236154	0.0853369	0.00847015	0	0	0.136763	0.0414524	-0.0278174	0.268014	0.284767	0	0	-0.0325193	-0.0510599	-0.0732962	-0.220511	-0.303295	0.347601	0.752812	0.976523	0	0	0.0607985	-0.35151	0.60356	0.697206	1.11971	0	0
0.0698451	-0.00353035	-0.17072	1.68105	-0.101122	0.942445	1.03714	0.477622	-0.159226	-0.239158	0.0868408	0.00136173	0	0	0.135844	0.03826	-0.0247278	0.26937	0.284789	0	0	-0.0298996	-0.0501049	-0.0722178	-0.21995	-0.303754	0.345503	0.753993	0.979154	0	0	0.0584852	-0.351772	0.602862	0.694601	1.1194	0	0
0.079823	-0.0020308	-0.17284	1.68383	-0.0998683	0.942387	1.03318	0.476574	-0.1575	-0.242038	0.0887101	-0.00589352	0	0	0.134836	0.0349735	-0.0220418	0.270769	0.284435	0	0	-0.0274423	-0.0492278	-0.070848	-0.219066	-0.304417	0.343838	0.75526	0.981894	0	0	0.0560834	-0.351987	0.601983	0.691838	1.1187	0	0
0.0898009	-0.000574994	-0.174815	1.68619	-0.098551	0.942378	1.0292	0.475732	-0.155629	-0.244717	0.0909827	-0.0131989	0	0	0.133697	0.031601	-0.0197942	0.272199	0.283664	0	0	-0.0251755	-0.0484464	-0.0692003	-0.217839	-0.305294	0.342627	0.756654	0.984735	0	0	0.0535777	-0.352174	0.600935	0.688934	1.11754	0	0
0.0997788	0.000816593	-0.176621	1.68815	-0.0971645	0.942423	1.02519	0.475049	-0.153627	-0.247122	0.0936625	-0.0204471	0	0	0.132388	0.0281561	-0.0180017	0.273645	0.282446	0	0	-0.0231165	-0.0477784	-0.0673091	-0.216257	-0.306388	0.341874	0.758217	0.987666	0	0	0.0509554	-0.352356	0.59975	0.685905	1.11586	0	0
0.109757	0.00212388	-0.178241	1.6897	-0.0957048	0.942522	1.02115	0.474461	-0.151509	-0.249199	0.0967168	-0.0275319	0	0	0.130876	0.0246569	-0.0166617	0.275083	0.280756	0	0	-0.0212689	-0.0472399	-0.0652278	-0.214323	-0.307688	0.341566	0.759986	0.990668	0	0	0.0482081	-0.352557	0.598484	0.682763	1.11361	0	0
0.119735	0.00332958	-0.179669	1.6909	-0.0941696	0.942677	1.01708	0.473893	-0.149295	-0.250926	0.100079	-0.0343589	0	0	0.129132	0.0211225	-0.0157526	0.276485	0.278581	0	0	-0.0196222	-0.0468428	-0.063025	-0.212051	-0.309177	0.341677	0.761991	0.993719	0	0	0.0453338	-0.352802	0.597218	0.679509	1.11075	0	0
0.129712	0.00442137	-0.180909	1.69178	-0.0925583	0.942886	1.01297	0.473266	-0.147001	-0.252314	0.103653	-0.0408529	0	0	0.127143	0.0175708	-0.0152354	0.277824	0.275916	0	0	-0.0181514	-0.046593	-0.0607794	-0.209464	-0.310828	0.342165	0.764255	0.996793	0	0	0.0423384	-0.353115	0.596051	0.676128	1.10728	0	0
0.13969	0.00539351	-0.181972	1.69242	-0.0908718	0.943146	1.00881	0.472502	-0.144642	-0.253415	0.107323	-0.0469617	0	0	0.124903	0.0140161	-0.0150568	0.279076	0.272766	0	0	-0.0168197	-0.0464888	-0.0585732	-0.206597	-0.31261	0.34298	0.766793	0.999863	0	0	0.0392364	-0.35351	0.595102	0.672594	1.10319	0	0
0.149668	0.00624778	-0.18288	1.69287	-0.0891126	0.943451	1.00461	0.471528	-0.142227	-0.254305	0.110963	-0.0526566	0	0	0.122423	0.0104673	-0.0151531	0.280217	0.269146	0	0	-0.0155804	-0.04652	-0.0564863	-0.203495	-0.314491	0.344061	0.769611	1.00291	0	0	0.0360509	-0.353997	0.594501	0.668869	1.09851	0	0
0.159646	0.0069937	-0.18366	1.69322	-0.0872844	0.943798	1.00037	0.470288	-0.139763	-0.255087	0.11445	-0.0579292	0	0	0.119721	0.00692685	-0.0154548	0.281234	0.265078	0	0	-0.0143812	-0.0466682	-0.0545891	-0.200209	-0.316435	0.34534	0.772708	1.0059	0	0	0.0328124	-0.354578	0.594379	0.664906	1.09331	0	0
0.169624	0.00764812	-0.18434	1.69354	-0.0853918	0.94418	0.996079	0.468741	-0.137248	-0.255866	0.117674	-0.0627863	0	0	0.116827	0.00339018	-0.0158913	0.282121	0.260593	0	0	-0.0131676	-0.0469068	-0.052938	-0.196794	-0.318411	0.346746	0.776079	1.00883	0	0	0.0295569	-0.355244	0.59486	0.66066	1.08764	0	0
0.179602	0.00823392	-0.184954	1.69388	-0.0834402	0.94459	0.99174	0.466865	-0.134673	-0.256743	0.120546	-0.0672419	0	0	0.113779	-0.000153954	-0.0163953	0.282881	0.255728	0	0	-0.0118876	-0.0472032	-0.0515711	-0.193308	-0.32039	0.348206	0.779712	1.01168	0	0	0.0263228	-0.355983	0.59605	0.656091	1.0816	0	0
0.18958	0.00877841	-0.18553	1.69429	-0.0814357	0.945022	0.987354	0.464659	-0.132026	-0.257802	0.123011	-0.071311	0	0	0.110616	-0.00372245	-0.0169073	0.283526	0.250526	0	0	-0.0104957	-0.0475201	-0.050507	-0.189809	-0.322351	0.349649	0.783593	1.01446	0	0	0.0231477	-0.356773	0.59803	0.651176	1.07529	0	0
0.199558	0.00931084	-0.186092	1.69481	-0.0793845	0.94547	0.982923	0.462138	-0.129289	-0.259096	0.125046	-0.0750011	0	0	0.107379	-0.00733566	-0.017377	0.284078	0.245031	0	0	-0.00895653	-0.0478179	-0.0497448	-0.18635	-0.324277	0.351013	0.787707	1.01715	0	0	0.0200647	-0.357591	0.600847	0.64591	1.06884	0	0
0.209535	0.00985957	-0.186657	1.69546	-0.0772932	0.945927	0.978448	0.459333	-0.126445	-0.260646	0.126664	-0.0783066	0	0	0.104104	-0.0110143	-0.0177651	0.284563	0.239287	0	0	-0.00724793	-0.0480577	-0.0492671	-0.182976	-0.32616	0.352243	0.792034	1.01976	0	0	0.017099	-0.358413	0.604505	0.640314	1.06235	0	0
0.219513	0.0104492	-0.187232	1.69625	-0.0751681	0.946388	0.973934	0.456282	-0.123478	-0.262442	0.127914	-0.0812047	0	0	0.10082	-0.0147764	-0.0180424	0.285013	0.233336	0	0	-0.00536303	-0.0482037	-0.0490436	-0.179723	-0.327997	0.3533	0.796552	1.02231	0	0	0.0142649	-0.359213	0.608965	0.634437	1.05594	0	0
0.229491	0.0111003	-0.187819	1.69716	-0.0730154	0.946849	0.969384	0.453036	-0.120376	-0.264442	0.128874	-0.0836553	0	0	0.0975487	-0.0186368	-0.0181921	0.28546	0.227216	0	0	-0.00330847	-0.0482256	-0.0490318	-0.176612	-0.329791	0.354155	0.801237	1.02481	0	0	0.0115664	-0.359968	0.614141	0.628355	1.04975	0	0
0.239469	0.0118289	-0.188412	1.69816	-0.0708408	0.947307	0.964803	0.449645	-0.11713	-0.266578	0.129639	-0.0856036	0	0	0.0943064	-0.0226078	-0.0182107	0.28594	0.22096	0	0	-0.00110231	-0.0480991	-0.0491796	-0.173657	-0.331547	0.354796	0.806058	1.02725	0	0	0.0089964	-0.360659	0.619906	0.622168	1.04387	0	0
0.249447	0.0126469	-0.189002	1.69924	-0.0686496	0.947759	0.960198	0.446164	-0.113735	-0.26877	0.130319	-0.0869847	0	0	0.0911061	-0.0266979	-0.0181072	0.286487	0.214596	0	0	0.00122838	-0.047807	-0.0494291	-0.170857	-0.333271	0.355224	0.81098	1.02964	0	0	0.00653868	-0.361271	0.626091	0.615997	1.03844	0	0
0.259425	0.0135618	-0.189577	1.70035	-0.0664466	0.948202	0.955574	0.442645	-0.110189	-0.27093	0.131023	-0.0877304	0	0	0.0879564	-0.0309127	-0.0179016	0.287135	0.208147	0	0	0.00364999	-0.0473391	-0.0497212	-0.168202	-0.334971	0.355449	0.815963	1.03199	0	0	0.00416873	-0.361798	0.632499	0.609977	1.03354	0	0
0.269403	0.0145772	-0.190124	1.70145	-0.0642361	0.948635	0.950939	0.439129	-0.106496	-0.272977	0.131851	-0.0877766	0	0	0.0848628	-0.0352542	-0.0176226	0.287912	0.201626	0	0	0.00612503	-0.0466915	-0.0499998	-0.165671	-0.33665	0.355494	0.82096	1.03429	0	0	0.00185611	-0.362234	0.63891	0.604248	1.02928	0	0
0.279381	0.0156933	-0.190629	1.70252	-0.0620219	0.949059	0.946298	0.435647	-0.102661	-0.274843	0.132883	-0.0870708	0	0	0.0818276	-0.0397213	-0.0173044	0.288843	0.195042	0	0	0.0086147	-0.0458659	-0.0502165	-0.163241	-0.338311	0.355385	0.825921	1.03652	0	0	-0.000433152	-0.362582	0.645097	0.598946	1.02572	0	0
0.289358	0.0169074	-0.19108	1.70351	-0.0598072	0.949471	0.941658	0.432218	-0.0986956	-0.276478	0.134176	-0.0855792	0	0	0.0788509	-0.0443102	-0.0169837	0.289945	0.188401	0	0	0.0110814	-0.0448685	-0.0503336	-0.160883	-0.339951	0.355155	0.830797	1.0387	0	0	-0.00273356	-0.362847	0.650834	0.594198	1.02293	0	0
0.299336	0.018215	-0.191465	1.70441	-0.0575948	0.949873	0.937026	0.428844	-0.0946117	-0.277857	0.135754	-0.0832919	0	0	0.0759317	-0.0490149	-0.0166968	0.291233	0.181701	0	0	0.0134907	-0.0437082	-0.0503262	-0.158571	-0.341568	0.354836	0.835537	1.0408	0	0	-0.00507709	-0.363035	0.655911	0.590112	1.02092	0	0
0.309314	0.0196104	-0.191774	1.70522	-0.0553871	0.950264	0.932408	0.425513	-0.0904226	-0.278978	0.13761	-0.0802258	0	0	0.0730686	-0.0538282	-0.0164764	0.292712	0.17494	0	0	0.0158137	-0.0423955	-0.0501836	-0.156279	-0.343155	0.354456	0.840097	1.04284	0	0	-0.00748993	-0.363156	0.660148	0.586773	1.0197	0	0
0.319292	0.0210869	-0.192001	1.70593	-0.0531864	0.950645	0.92781	0.422201	-0.0861418	-0.27986	0.139708	-0.0764253	0	0	0.0702619	-0.0587416	-0.0163496	0.294387	0.168114	0	0	0.0180285	-0.0409424	-0.0499092	-0.153989	-0.344705	0.354043	0.844435	1.04479	0	0	-0.00999164	-0.363218	0.663399	0.584239	1.01924	0	0
0.32927	0.0226372	-0.192145	1.70657	-0.0509945	0.951014	0.923238	0.418878	-0.0817826	-0.280543	0.141985	-0.0719608	0	0	0.067515	-0.0637457	-0.0163358	0.296257	0.161224	0	0	0.0201213	-0.0393612	-0.0495197	-0.151687	-0.346209	0.353622	0.84852	1.04667	0	0	-0.0125944	-0.363229	0.665555	0.582542	1.01948	0	0
0.339248	0.0242539	-0.192207	1.70714	-0.048813	0.951373	0.918697	0.415507	-0.0773571	-0.281076	0.144358	-0.066924	0	0	0.0648348	-0.0688311	-0.0164454	0.298323	0.154271	0	0	0.022087	-0.0376643	-0.0490431	-0.149366	-0.347659	0.353215	0.852328	1.04845	0	0	-0.0153012	-0.363197	0.666552	0.581687	1.02036	0	0
0.349226	0.0259298	-0.192193	1.70768	-0.0466434	0.95172	0.91419	0.412053	-0.0728757	-0.281517	0.146736	-0.0614223	0	0	0.0622324	-0.0739884	-0.0166797	0.300582	0.14726	0	0	0.0239285	-0.0358634	-0.0485148	-0.147024	-0.349046	0.352843	0.855842	1.05014	0	0	-0.0181034	-0.363127	0.666376	0.581652	1.02179	0	0
0.359204	0.027658	-0.192112	1.70822	-0.0444868	0.952055	0.909723	0.408483	-0.0683472	-0.281926	0.14902	-0.0555715	0	0	0.0597226	-0.0792087	-0.0170303	0.303032	0.1402	0	0	0.025656	-0.0339695	-0.0479732	-0.144668	-0.350366	0.352528	0.859055	1.05171	0	0	-0.0209785	-0.363025	0.665067	0.582387	1.02368	0	0
0.369181	0.0294317	-0.191976	1.7088	-0.0423445	0.952376	0.905297	0.404772	-0.063779	-0.282358	0.151122	-0.0494883	0	0	0.0573231	-0.0844833	-0.0174804	0.305672	0.133104	0	0	0.0272856	-0.0319928	-0.0474554	-0.142307	-0.351615	0.352288	0.861968	1.05314	0	0	-0.0238887	-0.362892	0.662723	0.583821	1.02589	0	0
0.379159	0.0312442	-0.191798	1.70944	-0.0402173	0.952683	0.900918	0.400903	-0.0591777	-0.28286	0.152963	-0.0432832	0	0	0.0550536	-0.0898032	-0.0180063	0.3085	0.125988	0	0	0.0288379	-0.0299431	-0.0469921	-0.139956	-0.352789	0.35214	0.864586	1.0544	0	0	-0.0267798	-0.362727	0.659501	0.585859	1.02828	0	0
0.389137	0.0330892	-0.191591	1.71017	-0.038106	0.952974	0.896587	0.396869	-0.0545476	-0.283468	0.154484	-0.0370532	0	0	0.0529303	-0.095161	-0.0185815	0.311515	0.118868	0	0	0.0303304	-0.0278294	-0.0466084	-0.137634	-0.353889	0.352097	0.866921	1.05548	0	0	-0.029598	-0.362528	0.65555	0.588405	1.03077	0	0
0.399115	0.0349592	-0.191364	1.71101	-0.0360113	0.953248	0.892306	0.392672	-0.0498938	-0.2842	0.155649	-0.0308782	0	0	0.0509674	-0.100548	-0.0191768	0.314715	0.111758	0	0	0.0317793	-0.0256614	-0.0463198	-0.135355	-0.354915	0.352164	0.868985	1.05641	0	0	-0.0322864	-0.362291	0.651023	0.591361	1.03334	0	0
0.409093	0.0368457	-0.191126	1.71196	-0.0339336	0.953505	0.888079	0.388325	-0.045223	-0.285064	0.156446	-0.0248189	0	0	0.0491754	-0.105954	-0.0197615	0.318097	0.104673	0	0	0.0331985	-0.0234505	-0.0461305	-0.133137	-0.355866	0.35235	0.870789	1.05719	0	0	-0.0347838	-0.362009	0.646083	0.594625	1.03598	0	0
0.419071	0.0387382	-0.190884	1.71302	-0.0318733	0.953743	0.883907	0.383849	-0.0405437	-0.286051	0.156886	-0.0189158	0	0	0.0475606	-0.111366	-0.0203053	0.321655	0.0976218	0	0	0.0345986	-0.0212089	-0.0460325	-0.130994	-0.356746	0.352661	0.872341	1.05783	0	0	-0.0370253	-0.361677	0.640902	0.598095	1.0387	0	0
0.429049	0.0406252	-0.190641	1.71419	-0.0298309	0.953963	0.879791	0.379272	-0.0358667	-0.287138	0.157005	-0.0131902	0	0	0.0461237	-0.11677	-0.0207798	0.325381	0.0906066	0	0	0.0359863	-0.0189501	-0.0460063	-0.128936	-0.357557	0.353102	0.873649	1.05835	0	0	-0.0389446	-0.361285	0.635658	0.601673	1.04151	0	0
0.439027	0.0424939	-0.190398	1.71544	-0.0278065	0.954164	0.875734	0.374629	-0.0312052	-0.288298	0.156854	-0.0076464	0	0	0.0448606	-0.122149	-0.0211603	0.329267	0.083624	0	0	0.037364	-0.0166881	-0.0460238	-0.126975	-0.358303	0.353679	0.874712	1.05874	0	0	-0.0404765	-0.360826	0.630526	0.605264	1.04441	0	0
0.449004	0.0443309	-0.190155	1.71674	-0.0258005	0.954346	0.871737	0.369952	-0.0265739	-0.289494	0.156497	-0.00227475	0	0	0.0437621	-0.127485	-0.0214261	0.3333	0.0766625	0	0	0.0387298	-0.0144371	-0.0460507	-0.125118	-0.358987	0.354396	0.875531	1.05902	0	0	-0.0415606	-0.360292	0.625673	0.608784	1.04741	0	0
0.458982	0.0461227	-0.189906	1.71809	-0.0238131	0.954511	0.8678	0.365275	-0.021989	-0.290689	0.156005	0.00294454	0	0	0.0428153	-0.13276	-0.021561	0.337469	0.0697033	0	0	0.0400781	-0.0122111	-0.0460508	-0.123368	-0.359613	0.355254	0.876103	1.05918	0	0	-0.0421447	-0.359674	0.621245	0.612161	1.0505	0	0
0.46896	0.0478565	-0.189646	1.71944	-0.0218445	0.954659	0.863926	0.360629	-0.0174672	-0.291847	0.155449	0.00803748	0	0	0.0420048	-0.137956	-0.021554	0.341761	0.0627204	0	0	0.0414006	-0.0100225	-0.0459898	-0.12173	-0.360183	0.356256	0.876422	1.05923	0	0	-0.0421884	-0.358967	0.617364	0.615337	1.05366	0	0
0.478938	0.0495212	-0.189366	1.72077	-0.0198951	0.954791	0.860114	0.356037	-0.0130242	-0.292939	0.154896	0.0130325	0	0	0.0413146	-0.143059	-0.0213988	0.346165	0.0556824	0	0	0.0426868	-0.00788223	-0.0458392	-0.120203	-0.360699	0.357401	0.876482	1.05915	0	0	-0.0416653	-0.358165	0.614122	0.61827	1.05688	0	0
0.488916	0.0511075	-0.18906	1.72208	-0.0179651	0.954909	0.856365	0.351518	-0.00867415	-0.293942	0.154403	0.0179572	0	0	0.0407293	-0.148054	-0.0210934	0.35067	0.0485533	0	0	0.0439255	-0.00579883	-0.0455785	-0.118784	-0.361164	0.35869	0.876279	1.05896	0	0	-0.0405652	-0.357265	0.611572	0.620933	1.06011	0	0
0.498894	0.0526092	-0.188718	1.72333	-0.0160549	0.955014	0.852681	0.347084	-0.00442829	-0.294841	0.154016	0.0228355	0	0	0.040236	-0.152935	-0.0206399	0.35527	0.041295	0	0	0.0451054	-0.00377791	-0.0451981	-0.11747	-0.361579	0.360122	0.875808	1.05866	0	0	-0.0388952	-0.356265	0.609731	0.62332	1.06333	0	0
0.508872	0.0540229	-0.188334	1.72455	-0.0141647	0.955106	0.849061	0.342737	-0.000294344	-0.29563	0.153763	0.0276862	0	0	0.0398254	-0.157697	-0.0200435	0.359961	0.0338692	0	0	0.0462161	-0.00182201	-0.0446999	-0.116254	-0.361943	0.3617	0.875068	1.05825	0	0	-0.0366795	-0.355165	0.608578	0.625436	1.06648	0	0
0.51885	0.0553489	-0.1879	1.72571	-0.012295	0.955189	0.845506	0.338476	0.00372407	-0.296313	0.153658	0.0325219	0	0	0.0394932	-0.162341	-0.0193125	0.364745	0.02624	0	0	0.0472485	6.95205e-05	-0.0440968	-0.115126	-0.362256	0.363423	0.874058	1.05773	0	0	-0.0339586	-0.353965	0.608056	0.627306	1.06953	0	0
0.528827	0.0565905	-0.187411	1.72684	-0.0104459	0.955261	0.842016	0.334292	0.00762752	-0.296902	0.1537	0.0373487	0	0	0.0392404	-0.166875	-0.0184569	0.36963	0.0183762	0	0	0.0481958	0.00190045	-0.0434119	-0.114078	-0.362519	0.365295	0.872781	1.05712	0	0	-0.0307873	-0.35267	0.608075	0.628966	1.07243	0	0
0.538805	0.0577539	-0.186863	1.72794	-0.00861787	0.955325	0.838591	0.330173	0.0114205	-0.297414	0.153876	0.0421671	0	0	0.0390745	-0.171309	-0.0174882	0.374629	0.010254	0	0	0.049053	0.00367735	-0.0426762	-0.113097	-0.36273	0.367315	0.871241	1.05642	0	0	-0.0272322	-0.351283	0.608521	0.630465	1.07514	0	0
0.548783	0.0588482	-0.186255	1.72904	-0.00681115	0.955382	0.83523	0.326105	0.0151111	-0.297872	0.15416	0.0469725	0	0	0.0390091	-0.175659	-0.016418	0.379762	0.0018594	0	0	0.0498176	0.00540917	-0.0419258	-0.112172	-0.362891	0.369486	0.869449	1.05565	0	0	-0.0233686	-0.349809	0.609258	0.631859	1.07762	0	0
0.558761	0.0598841	-0.185586	1.73014	-0.00502606	0.955431	0.831935	0.322074	0.0187099	-0.298301	0.154524	0.0517567	0	0	0.0390642	-0.179944	-0.0152575	0.38506	-0.00680945	0	0	0.0504892	0.00710688	-0.0411988	-0.111293	-0.363	0.371803	0.867415	1.05481	0	0	-0.0192763	-0.348254	0.610143	0.633214	1.07984	0	0
0.568739	0.060874	-0.184857	1.73128	-0.00326297	0.955473	0.828706	0.318065	0.0222299	-0.298727	0.154934	0.0565091	0	0	0.039266	-0.184182	-0.0140159	0.390558	-0.0157404	0	0	0.0510689	0.00878298	-0.0405321	-0.11045	-0.36306	0.374263	0.865154	1.0539	0	0	-0.0150364	-0.346626	0.611028	0.634598	1.08181	0	0
0.578717	0.0618311	-0.184071	1.73245	-0.0015223	0.955508	0.825541	0.314068	0.0256849	-0.299175	0.155356	0.0612181	0	0	0.0396454	-0.188396	-0.0126998	0.396301	-0.0249063	0	0	0.0515592	0.010451	-0.0399592	-0.109637	-0.363073	0.376852	0.862685	1.05294	0	0	-0.0107271	-0.344931	0.61177	0.636083	1.08351	0	0
0.588695	0.0627686	-0.183231	1.73369	0.000195384	0.955537	0.822441	0.310072	0.0290891	-0.299669	0.155761	0.065872	0	0	0.0402378	-0.192603	-0.0113112	0.402342	-0.034264	0	0	0.0519633	0.0121248	-0.0395071	-0.108854	-0.363042	0.379552	0.860031	1.05192	0	0	-0.00642079	-0.343178	0.612239	0.637739	1.08497	0	0
0.598673	0.0636995	-0.18234	1.73498	0.00188939	0.95556	0.819407	0.306071	0.0324561	-0.300227	0.156122	0.0704601	0	0	0.0410813	-0.196822	-0.00984707	0.408739	-0.0437556	0	0	0.052284	0.0138186	-0.0391952	-0.108103	-0.362971	0.382337	0.857218	1.05084	0	0	-0.00218085	-0.341376	0.612324	0.639633	1.08625	0	0
0.60865	0.0646356	-0.181401	1.73635	0.0035588	0.955578	0.816437	0.302062	0.0357985	-0.300864	0.156421	0.0749728	0	0	0.042215	-0.201065	-0.00829845	0.415556	-0.0533098	0	0	0.0525231	0.015546	-0.0390341	-0.107391	-0.362866	0.385175	0.854276	1.04969	0	0	0.00194036	-0.339531	0.611934	0.641828	1.0874	0	0
0.618628	0.0655875	-0.180415	1.73778	0.00520247	0.955589	0.813533	0.298041	0.0391269	-0.301591	0.156644	0.0794023	0	0	0.0436774	-0.205343	-0.00665005	0.422859	-0.0628451	0	0	0.0526808	0.01732	-0.0390256	-0.106732	-0.362735	0.388024	0.851239	1.04847	0	0	0.00590296	-0.337653	0.611008	0.64438	1.0885	0	0
0.628606	0.0665641	-0.179383	1.73927	0.00681902	0.955596	0.810694	0.294008	0.0424502	-0.302412	0.156785	0.0837426	0	0	0.0455042	-0.209658	-0.00488076	0.430714	-0.0722737	0	0	0.0527546	0.0191527	-0.0391625	-0.106142	-0.362586	0.390839	0.848142	1.04717	0	0	0.00968021	-0.335746	0.60951	0.647334	1.08966	0	0
0.638584	0.0675724	-0.178302	1.74082	0.00840679	0.955599	0.80792	0.289959	0.0457755	-0.303327	0.156841	0.0879886	0	0	0.0477268	-0.214009	-0.00296481	0.439185	-0.0815068	0	0	0.0527392	0.0210551	-0.03943	-0.105643	-0.36243	0.393571	0.845024	1.04579	0	0	0.0132583	-0.333818	0.607429	0.650724	1.09099	0	0
0.648562	0.0686177	-0.177165	1.74243	0.00996392	0.955598	0.805211	0.285891	0.0491081	-0.304332	0.156816	0.0921366	0	0	0.0503704	-0.218388	-0.000873643	0.448331	-0.0904603	0	0	0.0526254	0.0230371	-0.0398066	-0.105256	-0.362277	0.396169	0.84192	1.04431	0	0	0.0166352	-0.331872	0.604782	0.65457	1.09261	0	0
0.65854	0.0697038	-0.175965	1.74407	0.0114883	0.955594	0.802568	0.281798	0.0524522	-0.305419	0.156712	0.0961829	0	0	0.0534534	-0.222785	0.0014214	0.458206	-0.0990608	0	0	0.0524009	0.0251081	-0.0402661	-0.105006	-0.36214	0.398585	0.838869	1.04274	0	0	0.0198193	-0.32991	0.601607	0.65888	1.09463	0	0
0.668518	0.0708337	-0.17469	1.74575	0.0129779	0.955588	0.799989	0.277669	0.0558119	-0.306577	0.156536	0.100124	0	0	0.0569879	-0.227185	0.00394598	0.468855	-0.107251	0	0	0.0520498	0.027277	-0.0407789	-0.104914	-0.362032	0.400775	0.835903	1.04108	0	0	0.022827	-0.327932	0.597958	0.663647	1.09716	0	0
0.678496	0.0720102	-0.173326	1.74745	0.0144305	0.955582	0.797476	0.273493	0.0591919	-0.307793	0.15629	0.103956	0	0	0.0609805	-0.23157	0.00671956	0.480319	-0.114996	0	0	0.0515544	0.0295532	-0.0413137	-0.104999	-0.36197	0.402705	0.833052	1.03933	0	0	0.0256809	-0.325936	0.593905	0.668848	1.10028	0	0
0.688473	0.0732369	-0.171857	1.74916	0.0158441	0.955575	0.795029	0.269255	0.0625986	-0.30905	0.155977	0.107673	0	0	0.0654344	-0.235923	0.00975277	0.492631	-0.122285	0	0	0.0508955	0.0319468	-0.0418383	-0.105278	-0.361968	0.404346	0.830343	1.0375	0	0	0.028407	-0.323919	0.589526	0.674451	1.10407	0	0
0.698451	0.0745184	-0.170269	1.75088	0.0172168	0.955569	0.792649	0.26494	0.0660406	-0.310332	0.155595	0.111269	0	0	0.0703508	-0.24023	0.0130459	0.505823	-0.129135	0	0	0.0500542	0.0344689	-0.0423211	-0.10576	-0.362042	0.405684	0.827794	1.0356	0	0	0.0310331	-0.321876	0.584905	0.68041	1.10855	0	0
0.708429	0.0758604	-0.168547	1.7526	0.0185474	0.955563	0.790335	0.260534	0.0695283	-0.31162	0.155142	0.114737	0	0	0.0757303	-0.244474	0.0165884	0.519917	-0.135592	0	0	0.0490135	0.0371312	-0.0427309	-0.10645	-0.362208	0.406714	0.825418	1.03363	0	0	0.033587	-0.319802	0.580128	0.68667	1.11374	0	0
0.718407	0.0772684	-0.166679	1.7543	0.0198348	0.955558	0.78809	0.256024	0.0730728	-0.312896	0.154613	0.118068	0	0	0.0815737	-0.248642	0.0203601	0.534929	-0.141731	0	0	0.0477598	0.0399439	-0.0430378	-0.107347	-0.36248	0.407442	0.823222	1.0316	0	0	0.0360957	-0.317693	0.575284	0.693169	1.11958	0	0
0.728385	0.0787469	-0.164661	1.75598	0.0210787	0.955554	0.785915	0.251407	0.0766838	-0.314138	0.154004	0.121256	0	0	0.0878833	-0.252715	0.0243326	0.550864	-0.147649	0	0	0.0462852	0.0429146	-0.0432122	-0.108442	-0.36287	0.407884	0.821205	1.02955	0	0	0.0385843	-0.315545	0.570463	0.699841	1.12599	0	0
0.738363	0.0802972	-0.162493	1.75762	0.0222793	0.955548	0.783811	0.246685	0.0803674	-0.315326	0.153311	0.124293	0	0	0.0946638	-0.256671	0.0284722	0.567719	-0.15346	0	0	0.0445894	0.0460451	-0.0432248	-0.109722	-0.363388	0.408065	0.819357	1.02747	0	0	0.041077	-0.313359	0.565759	0.706612	1.13283	0	0
0.748341	0.0819156	-0.160189	1.7592	0.0234377	0.955541	0.781782	0.241875	0.0841226	-0.316437	0.152539	0.127175	0	0	0.101924	-0.260483	0.0327416	0.585475	-0.159288	0	0	0.0426818	0.0493294	-0.0430456	-0.111166	-0.364038	0.408012	0.817662	1.02539	0	0	0.0435974	-0.311137	0.561273	0.713408	1.13989	0	0
0.758319	0.0835952	-0.15777	1.76068	0.0245551	0.955529	0.77983	0.237006	0.0879465	-0.31743	0.15169	0.129899	0	0	0.109677	-0.264116	0.0370946	0.604101	-0.165254	0	0	0.0405793	0.0527532	-0.0426506	-0.11274	-0.364822	0.407777	0.816101	1.02332	0	0	0.0461377	-0.308885	0.557011	0.720179	1.14708	0	0
0.768296	0.0853203	-0.155273	1.76202	0.0256335	0.955511	0.777957	0.232125	0.0918236	-0.318264	0.150778	0.132464	0	0	0.117943	-0.267528	0.0414844	0.623557	-0.171464	0	0	0.0383104	0.0562887	-0.0420219	-0.1144	-0.365737	0.407425	0.814642	1.02124	0	0	0.0486709	-0.306609	0.552926	0.726889	1.15437	0	0
0.778274	0.0870644	-0.152753	1.76318	0.0266748	0.955485	0.776168	0.227301	0.0957225	-0.318896	0.149828	0.134878	0	0	0.126752	-0.270661	0.0458651	0.643786	-0.177995	0	0	0.0359175	0.059892	-0.0411442	-0.11609	-0.366777	0.407029	0.813253	1.01915	0	0	0.0511598	-0.304323	0.548946	0.733511	1.16173	0	0
0.788252	0.088789	-0.150279	1.76411	0.0276811	0.955446	0.774463	0.222627	0.0995936	-0.319284	0.148881	0.137158	0	0	0.136144	-0.273442	0.0501904	0.664726	-0.184885	0	0	0.0334577	0.0635031	-0.0400043	-0.117756	-0.36793	0.406661	0.811897	1.01704	0	0	0.0535636	-0.302041	0.544995	0.740019	1.16912	0	0
0.79823	0.0904445	-0.147937	1.76475	0.028654	0.955394	0.772847	0.218218	0.103369	-0.319389	0.147994	0.139327	0	0	0.146175	-0.275788	0.054411	0.686301	-0.192123	0	0	0.0310022	0.0670468	-0.0385907	-0.119342	-0.369179	0.406386	0.810541	1.01491	0	0	0.0558416	-0.299786	0.540999	0.746393	1.17648	0	0
0.808208	0.0919723	-0.145828	1.76505	0.0295948	0.955325	0.771319	0.214208	0.106963	-0.319181	0.147237	0.14142	0	0	0.156908	-0.277611	0.0584701	0.708433	-0.199643	0	0	0.0286338	0.0704368	-0.0368969	-0.120798	-0.370504	0.406257	0.809154	1.01276	0	0	0.0579532	-0.297578	0.536891	0.752611	1.18372	0	0
0.818186	0.0933071	-0.144053	1.76495	0.0305039	0.955239	0.769879	0.210733	0.110279	-0.318642	0.146685	0.143476	0	0	0.168415	-0.278826	0.0622967	0.731043	-0.207326	0	0	0.0264399	0.0735799	-0.0349251	-0.122081	-0.371884	0.406313	0.807716	1.01062	0	0	0.05986	-0.295441	0.532609	0.758651	1.19079	0	0
0.828164	0.0943802	-0.142709	1.76444	0.0313809	0.955136	0.768526	0.207924	0.113213	-0.317772	0.146415	0.145539	0	0	0.180765	-0.279364	0.0657972	0.754043	-0.215001	0	0	0.0245032	0.0763828	-0.0326906	-0.12316	-0.373298	0.406579	0.806211	1.00848	0	0	0.0615265	-0.293394	0.5281	0.764489	1.19761	0	0
0.838142	0.0951251	-0.141866	1.76349	0.0322245	0.955015	0.767254	0.205869	0.11566	-0.316596	0.146492	0.14765	0	0	0.194006	-0.279186	0.0688458	0.777345	-0.222456	0	0	0.0228853	0.0787622	-0.0302288	-0.124015	-0.374729	0.407062	0.804633	1.00636	0	0	0.0629225	-0.291451	0.523326	0.770092	1.20412	0	0
0.848119	0.0954855	-0.141539	1.76213	0.0330329	0.95488	0.766057	0.204586	0.117536	-0.315169	0.14695	0.149845	0	0	0.208138	-0.278308	0.0712725	0.800851	-0.229457	0	0	0.0216067	0.0806583	-0.0276033	-0.124644	-0.37616	0.407755	0.802985	1.00429	0	0	0.064023	-0.289621	0.518265	0.77542	1.21025	0	0
0.858097	0.0954183	-0.141663	1.76045	0.0338039	0.954733	0.764925	0.20397	0.118784	-0.313575	0.147775	0.152149	0	0	0.223045	-0.27673	0.0730361	0.824406	-0.235722	0	0	0.0206168	0.082044	-0.024904	-0.125072	-0.377584	0.408626	0.801284	1.00226	0	0	0.0648075	-0.287901	0.512921	0.780422	1.21597	0	0
0.868075	0.0949136	-0.142152	1.75848	0.0345352	0.954579	0.763848	0.203897	0.119401	-0.311868	0.148938	0.15457	0	0	0.238575	-0.274477	0.0741384	0.847829	-0.240949	0	0	0.0198552	0.0829264	-0.0221949	-0.12533	-0.37899	0.40964	0.799554	1.00031	0	0	0.0652536	-0.286295	0.507296	0.78506	1.22122	0	0
0.878053	0.0939813	-0.14291	1.75626	0.035225	0.954422	0.762812	0.204225	0.119417	-0.310069	0.150393	0.157105	0	0	0.254546	-0.271591	0.0746074	0.870917	-0.244835	0	0	0.0192518	0.0833319	-0.0195142	-0.125456	-0.380367	0.410755	0.79782	0.998436	0	0	0.0653411	-0.284807	0.501397	0.789298	1.22599	0	0
0.888031	0.0926449	-0.143836	1.7538	0.0358718	0.954266	0.761805	0.204808	0.118884	-0.308179	0.15209	0.159743	0	0	0.270765	-0.268124	0.0744901	0.893462	-0.247105	0	0	0.0187336	0.0832999	-0.0168795	-0.125488	-0.3817	0.411927	0.796109	0.996664	0	0	0.0650558	-0.283446	0.495245	0.793103	1.23025	0	0
0.898009	0.0909376	-0.144828	1.75111	0.0364748	0.954117	0.760811	0.2055	0.117872	-0.306186	0.153971	0.162462	0	0	0.287041	-0.264136	0.0738495	0.915253	-0.247526	0	0	0.0182257	0.0828778	-0.0142936	-0.12547	-0.382975	0.413107	0.79445	0.995012	0	0	0.0643951	-0.28222	0.488879	0.796443	1.23397	0	0
0.907987	0.0889033	-0.1458	1.74821	0.0370338	0.953978	0.759817	0.206173	0.11646	-0.304073	0.155977	0.165239	0	0	0.303204	-0.259698	0.0727653	0.936089	-0.245929	0	0	0.0176664	0.08212	-0.0117536	-0.125444	-0.384176	0.414244	0.79287	0.993499	0	0	0.0633639	-0.281141	0.48235	0.799289	1.23712	0	0
0.917965	0.0865951	-0.146685	1.74512	0.0375491	0.95385	0.75881	0.206729	0.114733	-0.301827	0.158054	0.168048	0	0	0.319126	-0.25488	0.0713359	0.955787	-0.24222	0	0	0.0170116	0.0810861	-0.00925771	-0.125449	-0.385286	0.415294	0.791392	0.992142	0	0	0.0619752	-0.280217	0.475716	0.801613	1.23965	0	0
0.927942	0.0840734	-0.147438	1.74186	0.0380211	0.953737	0.757777	0.207099	0.112775	-0.299449	0.160151	0.170862	0	0	0.334718	-0.249758	0.0696776	0.974181	-0.236385	0	0	0.0162362	0.0798386	-0.00681034	-0.125519	-0.386291	0.416215	0.790036	0.990951	0	0	0.0602498	-0.279458	0.469041	0.803388	1.24155	0	0
0.93792	0.0814019	-0.148036	1.73848	0.0384507	0.953638	0.756709	0.207241	0.110669	-0.296951	0.162222	0.173656	0	0	0.349935	-0.244402	0.0679219	0.991129	-0.228486	0	0	0.0153326	0.0784403	-0.00442428	-0.125684	-0.387178	0.416977	0.788814	0.98993	0	0	0.0582163	-0.278867	0.462391	0.804588	1.24279	0	0
0.947898	0.0786453	-0.148472	1.73504	0.0388385	0.953552	0.755596	0.20714	0.10849	-0.294359	0.164226	0.176408	0	0	0.364764	-0.238879	0.0662099	1.00651	-0.218652	0	0	0.0143078	0.0769526	-0.00212139	-0.125964	-0.387936	0.417559	0.787732	0.989077	0	0	0.0559088	-0.278447	0.455834	0.805185	1.24335	0	0
0.957876	0.0758674	-0.148757	1.7316	0.0391852	0.953477	0.754431	0.2068	0.106306	-0.291713	0.166127	0.179098	0	0	0.379222	-0.233248	0.0646852	1.02021	-0.20707	0	0	0.0131796	0.075434	6.81399e-05	-0.126371	-0.388558	0.417953	0.786791	0.988381	0	0	0.0533639	-0.278197	0.449433	0.805156	1.2432	0	0
0.967854	0.0731285	-0.148912	1.72823	0.0394915	0.95341	0.753209	0.206237	0.104176	-0.28906	0.167894	0.181708	0	0	0.393342	-0.227566	0.0634867	1.03215	-0.193965	0	0	0.0119723	0.0739395	0.00210863	-0.126908	-0.389038	0.418165	0.785983	0.987824	0	0	0.0506198	-0.278108	0.443244	0.804479	1.24235	0	0
0.977832	0.0704836	-0.148961	1.725	0.0397579	0.953346	0.751925	0.205476	0.10215	-0.286453	0.169499	0.184227	0	0	0.407167	-0.221881	0.0627399	1.04226	-0.17959	0	0	0.0107125	0.0725181	0.00396274	-0.12757	-0.389375	0.418214	0.785292	0.987383	0	0	0.0477155	-0.278172	0.43732	0.803132	1.24078	0	0
0.98781	0.0679793	-0.148934	1.72198	0.0399853	0.95328	0.750574	0.204545	0.100267	-0.283948	0.17092	0.186644	0	0	0.42074	-0.21624	0.062548	1.05046	-0.164208	0	0	0.00942557	0.0712115	0.00559593	-0.128347	-0.389571	0.418127	0.784698	0.987033	0	0	0.0446906	-0.278375	0.431711	0.801098	1.23851	0	0
0.997788	0.065652	-0.148853	1.71922	0.0401748	0.953207	0.749154	0.203467	0.0985587	-0.28159	0.172139	0.188956	0	0	0.43409	-0.210682	0.0629839	1.05671	-0.148084	0	0	0.00813135	0.0700519	0.00698118	-0.129221	-0.389627	0.417942	0.784174	0.986747	0	0	0.0415834	-0.278702	0.426465	0.798359	1.23551	0	0
1.00777	0.063526	-0.148737	1.71676	0.040328	0.953123	0.747663	0.202257	0.0970421	-0.279418	0.173142	0.191161	0	0	0.447229	-0.205247	0.0640812	1.06095	-0.131475	0	0	0.00684074	0.0690601	0.00810381	-0.130169	-0.389547	0.417704	0.783683	0.9865	0	0	0.0384301	-0.279136	0.421627	0.794904	1.23178	0	0
1.01774	0.0616131	-0.148593	1.71461	0.0404472	0.95302	0.746097	0.200921	0.0957269	-0.277452	0.17392	0.19326	0	0	0.460143	-0.199973	0.0658316	1.06314	-0.114629	0	0	0.00555618	0.0682453	0.00896353	-0.131165	-0.389336	0.417466	0.783187	0.986267	0	0	0.0352628	-0.27966	0.417239	0.790727	1.22732	0	0
1.02772	0.0599141	-0.148422	1.71278	0.0405354	0.952894	0.744455	0.199458	0.0946137	-0.275697	0.174472	0.195259	0	0	0.472798	-0.194898	0.0681836	1.06322	-0.0977778	0	0	0.00427255	0.0676055	0.00957582	-0.132178	-0.388998	0.417285	0.782642	0.986027	0	0	0.0321087	-0.280257	0.413338	0.785825	1.22211	0	0
1.0377	0.0584628	-0.148242	1.71124	0.0405909	0.952777	0.742802	0.197853	0.0936851	-0.274136	0.174804	0.197169	0	0	0.485125	-0.190056	0.071039	1.06115	-0.0811407	0	0	0.00297379	0.0671129	0.00997712	-0.133176	-0.388538	0.417221	0.782002	0.98576	0	0	0.0289869	-0.280915	0.409955	0.780209	1.21614	0	0
1.04768	0.0572383	-0.148043	1.70994	0.0406193	0.952669	0.741134	0.196093	0.0929284	-0.272736	0.17493	0.199001	0	0	0.497044	-0.185489	0.0742621	1.0569	-0.0649215	0	0	0.00164194	0.0667444	0.010215	-0.134125	-0.387957	0.417332	0.781222	0.985451	0	0	0.0259099	-0.28162	0.407112	0.773897	1.20942	0	0
1.05765	0.05621	-0.14781	1.70882	0.0406269	0.952573	0.739446	0.194162	0.0923274	-0.271443	0.174871	0.20077	0	0	0.508465	-0.181244	0.0776856	1.05042	-0.0493087	0	0	0.000257244	0.0664708	0.0103475	-0.134996	-0.387259	0.417676	0.780263	0.985087	0	0	0.0228812	-0.282365	0.404816	0.766924	1.20197	0	0
1.06763	0.0553415	-0.147532	1.7078	0.040621	0.952488	0.737733	0.192045	0.0918637	-0.270195	0.174655	0.202494	0	0	0.519289	-0.177367	0.0811196	1.04169	-0.0344722	0	0	-0.00119983	0.0662592	0.0104372	-0.135761	-0.386446	0.418299	0.77909	0.984661	0	0	0.0198951	-0.283142	0.403061	0.759336	1.19381	0	0
1.07761	0.054594	-0.147195	1.70677	0.040609	0.952415	0.735987	0.189734	0.0915176	-0.268923	0.174318	0.204193	0	0	0.529419	-0.173904	0.0843609	1.0307	-0.0205603	0	0	-0.00274553	0.0660749	0.0105501	-0.136399	-0.385522	0.419238	0.777684	0.98417	0	0	0.0169351	-0.283947	0.401824	0.751198	1.18499	0	0
1.08759	0.0539293	-0.146788	1.70567	0.0405974	0.952355	0.734204	0.187224	0.0912695	-0.267557	0.173898	0.205889	0	0	0.53876	-0.170894	0.0872021	1.01742	-0.0076948	0	0	-0.00439144	0.0658844	0.0107514	-0.136895	-0.38449	0.420517	0.776037	0.983615	0	0	0.0139742	-0.284779	0.40106	0.742592	1.17559	0	0
1.09757	0.0533116	-0.146304	1.7044	0.0405919	0.952307	0.732376	0.184517	0.0911007	-0.266029	0.173437	0.207606	0	0	0.547224	-0.168373	0.0894405	1.00187	0.00403426	0	0	-0.00614388	0.0656571	0.0111013	-0.137242	-0.383357	0.422142	0.774156	0.983007	0	0	0.0109738	-0.285635	0.400699	0.733618	1.16572	0	0
1.10754	0.0527099	-0.14574	1.7029	0.0405969	0.95227	0.730498	0.181621	0.0909946	-0.26428	0.172977	0.209365	0	0	0.554738	-0.166366	0.0908862	0.984078	0.0145723	0	0	-0.00800355	0.065368	0.0116504	-0.137443	-0.382132	0.424102	0.772064	0.982358	0	0	0.00788467	-0.286516	0.40064	0.724393	1.15552	0	0
1.11752	0.0520997	-0.145095	1.70109	0.0406158	0.952242	0.728564	0.178549	0.0909368	-0.262262	0.172559	0.211191	0	0	0.561242	-0.164891	0.0913686	0.964078	0.023903	0	0	-0.00996553	0.064998	0.0124382	-0.137508	-0.380825	0.426368	0.769798	0.98169	0	0	0.00464758	-0.287416	0.400753	0.715054	1.14517	0	0
1.1275	0.051463	-0.144373	1.69895	0.0406497	0.95222	0.72657	0.175318	0.0909152	-0.259938	0.172219	0.213105	0	0	0.566695	-0.163949	0.0907416	0.94193	0.0320476	0	0	-0.0120186	0.0645355	0.0134925	-0.137457	-0.37945	0.428901	0.767406	0.981018	0	0	0.00120449	-0.288336	0.400914	0.705743	1.13481	0	0
1.13748	0.0507902	-0.143584	1.69644	0.040698	0.9522	0.724513	0.171947	0.0909196	-0.257289	0.17199	0.215127	0	0	0.571071	-0.163531	0.0888894	0.917712	0.0390625	0	0	-0.0141458	0.0639758	0.0148291	-0.137313	-0.378023	0.431648	0.764944	0.980357	0	0	-0.00250243	-0.289271	0.40099	0.696608	1.12457	0	0
1.14746	0.0500788	-0.142739	1.69355	0.0407584	0.952176	0.722389	0.168461	0.0909413	-0.254311	0.171898	0.217275	0	0	0.574368	-0.163609	0.0857288	0.891521	0.0450341	0	0	-0.0163252	0.0633206	0.0164521	-0.13711	-0.376562	0.434544	0.76247	0.979722	0	0	-0.00652994	-0.290214	0.400842	0.6878	1.11461	0	0
1.15743	0.0493332	-0.141856	1.69029	0.0408268	0.952145	0.720196	0.164885	0.0909728	-0.251019	0.171963	0.219564	0	0	0.5766	-0.164144	0.0812135	0.863474	0.0500712	0	0	-0.0185315	0.0625775	0.0183515	-0.136878	-0.375084	0.437522	0.760044	0.979129	0	0	-0.010931	-0.291156	0.40032	0.679468	1.10507	0	0
1.16741	0.0485628	-0.140953	1.68668	0.0408978	0.952099	0.717932	0.161244	0.0910073	-0.247441	0.172199	0.222007	0	0	0.577806	-0.165075	0.0753358	0.833708	0.0542968	0	0	-0.0207367	0.0617584	0.0205041	-0.136652	-0.373611	0.440514	0.757718	0.978591	0	0	-0.0157517	-0.292081	0.399275	0.671751	1.09609	0	0
1.17739	0.0477799	-0.140054	1.68276	0.040965	0.952033	0.715599	0.157564	0.0910375	-0.243622	0.172616	0.224613	0	0	0.578038	-0.166331	0.0681274	0.802374	0.0578395	0	0	-0.0229111	0.060878	0.022876	-0.136463	-0.372159	0.443454	0.755538	0.97812	0	0	-0.0210281	-0.292972	0.397565	0.664773	1.08783	0	0
1.18737	0.0469983	-0.139181	1.67858	0.0410204	0.951941	0.713195	0.153872	0.0910537	-0.239617	0.173219	0.22739	0	0	0.577367	-0.167824	0.0596593	0.769645	0.0608255	0	0	-0.0250235	0.0599505	0.0254251	-0.136335	-0.370746	0.446286	0.753536	0.977718	0	0	-0.0267819	-0.293809	0.395074	0.658632	1.08041	0	0
1.19735	0.0462314	-0.138362	1.6742	0.0410555	0.951818	0.710723	0.150196	0.0910427	-0.235487	0.174009	0.230341	0	0	0.57588	-0.169454	0.0500402	0.735705	0.0633721	0	0	-0.0270415	0.0589881	0.0281034	-0.136288	-0.369387	0.448967	0.751732	0.977384	0	0	-0.0330175	-0.294568	0.391719	0.653401	1.07391	0	0
1.20732	0.0454895	-0.137626	1.66967	0.0410613	0.951658	0.708183	0.146567	0.0909876	-0.231299	0.174986	0.233469	0	0	0.573676	-0.171113	0.0394145	0.700754	0.0655831	0	0	-0.0289317	0.0579997	0.0308596	-0.136333	-0.368096	0.451465	0.750131	0.977108	0	0	-0.0397206	-0.295228	0.387458	0.649116	1.06835	0	0
1.2173	0.0447792	-0.137001	1.66506	0.0410292	0.951458	0.705578	0.143016	0.0908682	-0.22712	0.176152	0.236773	0	0	0.570863	-0.172688	0.0279583	0.665004	0.0675468	0	0	-0.0306605	0.0569896	0.0336407	-0.136472	-0.366881	0.453761	0.748727	0.976875	0	0	-0.0468579	-0.295767	0.382298	0.645778	1.06375	0	0
1.22728	0.0441024	-0.136518	1.66043	0.0409501	0.951213	0.702909	0.139578	0.0906611	-0.223014	0.177507	0.240251	0	0	0.56756	-0.174067	0.0158746	0.628674	0.0693355	0	0	-0.0321948	0.0559571	0.0363936	-0.136701	-0.365748	0.455852	0.747504	0.976667	0	0	-0.0543783	-0.296167	0.376287	0.643355	1.06003	0	0
1.23726	0.043456	-0.136205	1.65583	0.0408161	0.950922	0.700179	0.136288	0.0903416	-0.219036	0.179051	0.243897	0	0	0.563886	-0.175144	0.00338629	0.591992	0.0710063	0	0	-0.0335027	0.0548972	0.039067	-0.137008	-0.364699	0.457741	0.746437	0.976463	0	0	-0.0622154	-0.296413	0.369517	0.641781	1.05711	0	0
1.24723	0.0428332	-0.136088	1.65133	0.0406202	0.950582	0.697389	0.133179	0.0898855	-0.215237	0.180786	0.247706	0	0	0.559961	-0.175825	-0.00927234	0.555192	0.0726035	0	0	-0.0345551	0.053801	0.0416124	-0.137376	-0.363734	0.459444	0.745497	0.976245	0	0	-0.0702906	-0.296494	0.362114	0.640964	1.05488	0	0
1.25721	0.042224	-0.13619	1.64697	0.0403562	0.950194	0.69454	0.130282	0.0892708	-0.211652	0.182709	0.251667	0	0	0.555902	-0.176032	-0.0218652	0.51851	0.0741604	0	0	-0.0353269	0.0526575	0.0439858	-0.137783	-0.362846	0.460984	0.744655	0.975996	0	0	-0.0785167	-0.296406	0.354229	0.640789	1.05318	0	0
1.26719	0.0416172	-0.136526	1.64277	0.0400197	0.949759	0.691633	0.127622	0.08848	-0.208305	0.184818	0.25577	0	0	0.551814	-0.17571	-0.034167	0.482188	0.0757019	0	0	-0.0357996	0.0514546	0.0461497	-0.138203	-0.362031	0.462385	0.743881	0.975703	0	0	-0.0868022	-0.296149	0.346029	0.641127	1.05189	0	0
1.27717	0.0409869	-0.137066	1.63875	0.0396256	0.949315	0.688672	0.125218	0.0875061	-0.205206	0.187102	0.260001	0	0	0.547802	-0.174829	-0.045977	0.44646	0.0772463	0	0	-0.0359583	0.0501857	0.048068	-0.138613	-0.361281	0.463677	0.743151	0.975359	0	0	-0.0950528	-0.29573	0.337687	0.641841	1.05085	0	0
1.28715	0.0403178	-0.137807	1.63491	0.0391706	0.948859	0.685652	0.123061	0.0863406	-0.20235	0.189548	0.264347	0	0	0.543927	-0.173384	-0.0571332	0.411568	0.0788059	0	0	-0.0358103	0.0488385	0.0497235	-0.138991	-0.360588	0.464887	0.742448	0.974963	0	0	-0.103179	-0.295157	0.329372	0.642792	1.04994	0	0
1.29712	0.0395977	-0.138733	1.63126	0.0386528	0.948388	0.682567	0.121129	0.0849814	-0.199718	0.192137	0.268793	0	0	0.540234	-0.171401	-0.067517	0.377752	0.0803854	0	0	-0.0353745	0.0474032	0.0511089	-0.139316	-0.359946	0.466041	0.741761	0.974517	0	0	-0.111096	-0.294446	0.321242	0.643847	1.04905	0	0
1.3071	0.0388188	-0.13982	1.62779	0.0380717	0.947899	0.679414	0.119381	0.0834345	-0.197283	0.194842	0.273321	0	0	0.536745	-0.16893	-0.0770573	0.345252	0.0819797	0	0	-0.0346798	0.0458748	0.0522237	-0.139573	-0.359349	0.467162	0.741085	0.97403	0	0	-0.118725	-0.293613	0.313445	0.644877	1.04809	0	0
1.31708	0.0379792	-0.141036	1.62448	0.0374283	0.947393	0.67619	0.117769	0.081714	-0.195013	0.197631	0.277915	0	0	0.533472	-0.166046	-0.0857316	0.314307	0.0835711	0	0	-0.033763	0.0442535	0.0530732	-0.139745	-0.358794	0.468272	0.740419	0.973514	0	0	-0.125996	-0.292677	0.306106	0.645769	1.04699	0	0
1.32706	0.037086	-0.142347	1.62132	0.036724	0.946871	0.672893	0.116233	0.0798449	-0.192875	0.200464	0.282551	0	0	0.530416	-0.162843	-0.0935585	0.285153	0.0851294	0	0	-0.0326653	0.0425485	0.0536672	-0.139822	-0.358275	0.469389	0.739764	0.972982	0	0	-0.132843	-0.29166	0.299339	0.64642	1.0457	0	0
1.33704	0.0361549	-0.143714	1.61829	0.0359613	0.946335	0.669522	0.114712	0.0778612	-0.190837	0.203293	0.287201	0	0	0.527576	-0.159429	-0.100592	0.258019	0.0866107	0	0	-0.0314296	0.0407784	0.0540201	-0.139799	-0.357791	0.470522	0.739128	0.972451	0	0	-0.139205	-0.290583	0.29325	0.646739	1.04421	0	0
1.34701	0.0352083	-0.1451	1.61539	0.0351425	0.94579	0.666076	0.113138	0.0758037	-0.188869	0.206066	0.291834	0	0	0.524946	-0.155923	-0.106911	0.23312	0.0879563	0	0	-0.0300991	0.0389689	0.0541504	-0.139677	-0.35734	0.471674	0.738518	0.971939	0	0	-0.145024	-0.289468	0.287937	0.646645	1.04248	0	0
1.35699	0.03427	-0.146468	1.6126	0.0342702	0.94524	0.662555	0.111445	0.0737128	-0.186947	0.208727	0.296415	0	0	0.522517	-0.152436	-0.112614	0.210649	0.0890916	0	0	-0.0287166	0.0371466	0.0540792	-0.139457	-0.35692	0.472844	0.737938	0.971463	0	0	-0.15025	-0.288335	0.283485	0.646074	1.04052	0	0
1.36697	0.0333616	-0.147785	1.60993	0.0333464	0.944691	0.658962	0.109571	0.0716245	-0.185049	0.211223	0.300906	0	0	0.520277	-0.149073	-0.117803	0.190763	0.0899268	0	0	-0.027323	0.0353358	0.0538293	-0.139143	-0.35653	0.474029	0.73739	0.971039	0	0	-0.154839	-0.287201	0.27996	0.644975	1.03831	0	0
1.37695	0.0324996	-0.14902	1.60735	0.0323729	0.94415	0.655297	0.107458	0.0695659	-0.183161	0.213504	0.30527	0	0	0.518207	-0.145919	-0.122571	0.173576	0.0903608	0	0	-0.025956	0.0335551	0.0534253	-0.138738	-0.356167	0.475229	0.73687	0.970678	0	0	-0.158755	-0.286082	0.277415	0.643315	1.03584	0	0
1.38692	0.0316923	-0.150149	1.60487	0.0313507	0.943622	0.651563	0.105059	0.0675525	-0.181273	0.215524	0.309467	0	0	0.516285	-0.143035	-0.126993	0.159147	0.0902861	0	0	-0.0246484	0.0318145	0.0528942	-0.138246	-0.355829	0.476444	0.73637	0.970383	0	0	-0.16197	-0.284989	0.275884	0.641076	1.0331	0	0
1.3969	0.0309375	-0.151151	1.60248	0.03028	0.943115	0.647762	0.102337	0.0655841	-0.179382	0.21725	0.313457	0	0	0.514483	-0.140456	-0.131118	0.147475	0.0895948	0	0	-0.0234275	0.0301127	0.0522668	-0.137672	-0.355512	0.47767	0.735879	0.970151	0	0	-0.164463	-0.28393	0.27539	0.638252	1.03007	0	0
1.40688	0.0302216	-0.152015	1.60015	0.0291607	0.942636	0.643899	0.0992698	0.0636448	-0.177486	0.218659	0.317198	0	0	0.512769	-0.138189	-0.134971	0.138493	0.0881877	0	0	-0.0223137	0.0284369	0.0515797	-0.137026	-0.355212	0.478904	0.735387	0.969977	0	0	-0.16622	-0.282911	0.275939	0.634853	1.02672	0	0
1.41686	0.0295177	-0.152734	1.59787	0.0279917	0.942192	0.639977	0.0958487	0.0617002	-0.175587	0.219744	0.320649	0	0	0.511104	-0.136213	-0.138556	0.132072	0.085983	0	0	-0.0213221	0.0267608	0.0508759	-0.13632	-0.354928	0.480134	0.734887	0.969849	0	0	-0.167237	-0.281933	0.277524	0.630905	1.02304	0	0
1.42684	0.0287878	-0.153305	1.59562	0.0267716	0.94179	0.636	0.0920799	0.0596999	-0.173691	0.220512	0.323771	0	0	0.509445	-0.134479	-0.141859	0.128023	0.0829234	0	0	-0.0204613	0.025047	0.0502034	-0.135575	-0.354655	0.481343	0.734377	0.969753	0	0	-0.167516	-0.280993	0.28012	0.626447	1.01897	0	0
1.43681	0.0279881	-0.153736	1.59337	0.0254986	0.941436	0.631973	0.0879876	0.0575844	-0.171807	0.220985	0.326523	0	0	0.507757	-0.132923	-0.144852	0.126111	0.0789848	0	0	-0.0197309	0.023252	0.0496132	-0.134813	-0.354394	0.482508	0.733863	0.969676	0	0	-0.167071	-0.28009	0.283677	0.621538	1.01452	0	0
1.44679	0.0270739	-0.154041	1.5911	0.0241707	0.941135	0.627901	0.0836153	0.0552908	-0.169945	0.221204	0.328864	0	0	0.506011	-0.131466	-0.147506	0.126064	0.0741836	0	0	-0.019121	0.021331	0.0491561	-0.134066	-0.354145	0.483596	0.733363	0.969604	0	0	-0.165932	-0.279218	0.28811	0.616261	1.00968	0	0
1.45677	0.0260045	-0.154245	1.58878	0.0227858	0.940893	0.623791	0.0790237	0.0527587	-0.168121	0.221221	0.330754	0	0	0.50419	-0.130029	-0.149791	0.127595	0.0685787	0	0	-0.0186121	0.0192435	0.048881	-0.133366	-0.353908	0.484572	0.732903	0.969529	0	0	-0.164145	-0.27837	0.293285	0.610728	1.00452	0	0
1.46675	0.0247475	-0.154378	1.58639	0.0213419	0.940711	0.619647	0.0742875	0.0499359	-0.166349	0.221101	0.332157	0	0	0.502291	-0.128536	-0.15169	0.130408	0.0622711	0	0	-0.0181772	0.0169569	0.048832	-0.132747	-0.35369	0.4854	0.732518	0.969444	0	0	-0.161776	-0.27754	0.299023	0.605074	0.999117	0	0
1.47673	0.0232809	-0.154473	1.58392	0.0198375	0.940592	0.615476	0.0694887	0.0467823	-0.16464	0.220915	0.333041	0	0	0.500317	-0.126922	-0.153205	0.134214	0.0553942	0	0	-0.0177844	0.014451	0.0490478	-0.132241	-0.353499	0.486047	0.732252	0.969346	0	0	-0.158904	-0.276717	0.305104	0.599451	0.993632	0	0
1.4867	0.021597	-0.154564	1.58134	0.0182712	0.940537	0.611284	0.0647114	0.0432741	-0.162998	0.220738	0.333383	0	0	0.498281	-0.125137	-0.154362	0.138742	0.0481071	0	0	-0.0173994	0.011721	0.04956	-0.131876	-0.353349	0.486491	0.73215	0.969234	0	0	-0.155621	-0.275892	0.311278	0.594027	0.988248	0	0
1.49668	0.0197023	-0.15468	1.57866	0.0166423	0.940545	0.607075	0.060036	0.0394052	-0.161421	0.220642	0.333169	0	0	0.496198	-0.12315	-0.155202	0.143748	0.0405824	0	0	-0.0169882	0.00877982	0.0503939	-0.131678	-0.353259	0.486709	0.732261	0.969123	0	0	-0.152019	-0.275058	0.317315	0.588966	0.983115	0	0
1.50666	0.0176186	-0.15485	1.57585	0.0149504	0.940613	0.602856	0.0555367	0.0351885	-0.159898	0.220697	0.332392	0	0	0.494084	-0.120948	-0.155784	0.149017	0.0329977	0	0	-0.0165176	0.00565908	0.0515674	-0.131666	-0.353249	0.486685	0.732631	0.969035	0	0	-0.148187	-0.274212	0.323002	0.584427	0.978364	0	0
1.51664	0.0153809	-0.155098	1.57292	0.013196	0.940737	0.598633	0.0512792	0.0306539	-0.158412	0.220963	0.331055	0	0	0.491958	-0.11854	-0.156178	0.154372	0.0255257	0	0	-0.0159567	0.00240606	0.0530893	-0.131852	-0.353343	0.486415	0.7333	0.968994	0	0	-0.144214	-0.273349	0.328139	0.580558	0.974118	0	0
1.52662	0.0130335	-0.155444	1.56986	0.0113801	0.940913	0.594409	0.0473197	0.0258446	-0.156937	0.221492	0.329174	0	0	0.489837	-0.115947	-0.156463	0.159669	0.0183258	0	0	-0.0152776	-0.000920552	0.0549588	-0.132235	-0.353566	0.485908	0.734297	0.969024	0	0	-0.140186	-0.272469	0.33255	0.577498	0.970495	0	0
1.53659	0.0106254	-0.155903	1.56669	0.00950457	0.941136	0.59019	0.0437043	0.0208122	-0.155441	0.222331	0.326772	0	0	0.487734	-0.113206	-0.156717	0.164802	0.0115368	0	0	-0.0144569	-0.00425645	0.0571649	-0.1328	-0.353942	0.485185	0.735637	0.969148	0	0	-0.136181	-0.271574	0.336081	0.575364	0.967603	0	0
1.54657	0.0082053	-0.156485	1.56341	0.007572	0.941398	0.585981	0.0404698	0.015611	-0.153892	0.223517	0.323885	0	0	0.485661	-0.110355	-0.157018	0.169693	0.00527289	0	0	-0.013476	-0.00753799	0.059687	-0.133521	-0.354489	0.484283	0.737318	0.969386	0	0	-0.132272	-0.270669	0.338611	0.574253	0.965538	0	0
1.55655	0.00581659	-0.157198	1.56003	0.00558577	0.941693	0.581784	0.0376439	0.0102927	-0.152252	0.225081	0.320558	0	0	0.483624	-0.107434	-0.157438	0.17429	-0.000378558	0	0	-0.0123218	-0.0107084	0.0624954	-0.13436	-0.355219	0.483245	0.739322	0.969753	0	0	-0.12852	-0.269761	0.340054	0.574238	0.964386	0	0
1.56653	0.00349368	-0.158044	1.55655	0.00355003	0.942013	0.577603	0.0352463	0.0049022	-0.150489	0.227048	0.316842	0	0	0.481624	-0.104481	-0.158042	0.178565	-0.00535681	0	0	-0.0109871	-0.0137227	0.0655525	-0.135267	-0.356134	0.482121	0.741613	0.97026	0	0	-0.124975	-0.268865	0.340359	0.575364	0.964214	0	0
1.5765	0.00125915	-0.159019	1.55297	0.00146968	0.942354	0.573442	0.033289	-0.000525564	-0.148574	0.229442	0.312794	0	0	0.47966	-0.101523	-0.158882	0.182506	-0.00962614	0	0	-0.00947158	-0.0165522	0.068814	-0.136185	-0.357225	0.48096	0.744144	0.970914	0	0	-0.121676	-0.267998	0.339515	0.577651	0.96507	0	0
1.58648	-0.000877198	-0.160116	1.54932	-0.000649712	0.942707	0.569304	0.0317769	-0.00596725	-0.146487	0.232281	0.308473	0	0	0.477724	-0.098579	-0.159997	0.186117	-0.0131725	0	0	-0.00778148	-0.0191854	0.0722296	-0.137053	-0.358474	0.479809	0.746855	0.97172	0	0	-0.11865	-0.267184	0.337542	0.581091	0.966984	0	0
1.59646	-0.00291811	-0.161323	1.54558	-0.00280207	0.943067	0.56519	0.0307074	-0.0114113	-0.144216	0.23558	0.303937	0	0	0.475806	-0.0956556	-0.161412	0.189409	-0.0160005	0	0	-0.00592982	-0.0216287	0.0757449	-0.13781	-0.359847	0.478709	0.74968	0.972673	0	0	-0.115911	-0.26645	0.334493	0.585653	0.969966	0	0
1.60644	-0.00487746	-0.162623	1.54178	-0.00498091	0.94343	0.561104	0.0300708	-0.0168568	-0.141764	0.239354	0.299241	0	0	0.473891	-0.0927495	-0.163136	0.192399	-0.0181295	0	0	-0.00393607	-0.0239047	0.0793031	-0.138397	-0.361304	0.477689	0.752552	0.973767	0	0	-0.113462	-0.265828	0.330446	0.591282	0.974001	0	0
1.61642	-0.00677753	-0.163996	1.53793	-0.00717959	0.943791	0.557046	0.0298509	-0.0223118	-0.139143	0.243612	0.294431	0	0	0.471962	-0.089848	-0.165163	0.19511	-0.0195913	0	0	-0.00182517	-0.0260489	0.0828469	-0.138765	-0.362795	0.476766	0.755408	0.974986	0	0	-0.111297	-0.265351	0.325504	0.597906	0.97905	0	0
1.62639	-0.00864572	-0.165415	1.53403	-0.00939149	0.944146	0.553019	0.0300251	-0.0277899	-0.136378	0.248362	0.289548	0	0	0.469999	-0.0869314	-0.167473	0.197563	-0.0204266	0	0	0.000374032	-0.0281054	0.08632	-0.138875	-0.364266	0.475946	0.758191	0.976314	0	0	-0.109397	-0.265052	0.319785	0.605431	0.985051	0	0
1.63637	-0.0105107	-0.166857	1.53012	-0.0116102	0.944495	0.549023	0.0305663	-0.033307	-0.133506	0.253608	0.284621	0	0	0.467985	-0.0839768	-0.170034	0.199783	-0.0206831	0	0	0.00263076	-0.0301217	0.0896692	-0.1387	-0.365663	0.475218	0.760857	0.977728	0	0	-0.107736	-0.264963	0.313418	0.613754	0.991919	0	0
1.64635	-0.0123989	-0.168295	1.5262	-0.01383	0.944834	0.545059	0.0314443	-0.0388779	-0.130568	0.259347	0.279671	0	0	0.465903	-0.080961	-0.172803	0.201792	-0.0204128	0	0	0.00491471	-0.0321439	0.0928452	-0.13823	-0.366931	0.474563	0.763377	0.979204	0	0	-0.106281	-0.265112	0.30654	0.622756	0.999545	0	0
1.65633	-0.0143305	-0.169707	1.52232	-0.0160454	0.945163	0.541128	0.0326271	-0.0445127	-0.127612	0.265572	0.274707	0	0	0.463741	-0.0778642	-0.175731	0.203611	-0.0196705	0	0	0.00719831	-0.034211	0.0958045	-0.137465	-0.368024	0.473953	0.765734	0.980716	0	0	-0.104993	-0.265521	0.29929	0.632312	1.0078	0	0
1.66631	-0.0163182	-0.171073	1.51849	-0.0182522	0.945481	0.537229	0.0340825	-0.0502149	-0.124686	0.272268	0.269731	0	0	0.461493	-0.0746724	-0.178767	0.205262	-0.0185123	0	0	0.00945846	-0.0363521	0.0985104	-0.136423	-0.368905	0.473358	0.767929	0.982237	0	0	-0.103827	-0.266205	0.291806	0.642292	1.01655	0	0
1.67628	-0.0183648	-0.172379	1.51475	-0.0204469	0.945789	0.533364	0.0357791	-0.0559795	-0.121833	0.279415	0.264736	0	0	0.459158	-0.0713792	-0.181857	0.206766	-0.0169942	0	0	0.0116776	-0.0385837	0.100934	-0.135131	-0.369545	0.472748	0.769977	0.983743	0	0	-0.102739	-0.267171	0.284215	0.652564	1.02563	0	0
1.68626	-0.0204643	-0.173616	1.51113	-0.0226269	0.946085	0.529532	0.0376861	-0.0617932	-0.119087	0.286982	0.259709	0	0	0.456743	-0.0679864	-0.184952	0.208142	-0.0151707	0	0	0.013844	-0.0409088	0.103057	-0.133625	-0.36993	0.472096	0.771903	0.985212	0	0	-0.101683	-0.268417	0.276638	0.662998	1.03489	0	0
1.69624	-0.0226027	-0.174777	1.50766	-0.0247907	0.946371	0.525734	0.0397717	-0.067635	-0.116473	0.29493	0.254633	0	0	0.454253	-0.0645031	-0.188008	0.209407	-0.0130943	0	0	0.0159501	-0.0433183	0.104869	-0.131946	-0.370059	0.471384	0.773742	0.98663	0	0	-0.100612	-0.269934	0.269187	0.673466	1.04419	0	0
1.70622	-0.0247595	-0.175861	1.50436	-0.0269377	0.946646	0.521968	0.0420037	-0.0734777	-0.113999	0.303212	0.249485	0	0	0.4517	-0.0609442	-0.190988	0.210576	-0.0108144	0	0	0.0179923	-0.0457923	0.106372	-0.130139	-0.369941	0.470602	0.775533	0.987985	0	0	-0.0994839	-0.271701	0.261962	0.683848	1.05337	0	0
1.71619	-0.0269105	-0.176866	1.50127	-0.0290681	0.946911	0.518236	0.0443486	-0.0792899	-0.111658	0.311774	0.244244	0	0	0.449092	-0.057329	-0.193862	0.211664	-0.00837648	0	0	0.0199692	-0.048303	0.107576	-0.12825	-0.369597	0.469752	0.777318	0.989277	0	0	-0.0982567	-0.273696	0.255055	0.694032	1.06231	0	0
1.72617	-0.0290304	-0.177792	1.49838	-0.0311826	0.947165	0.514536	0.0467726	-0.085039	-0.10943	0.320555	0.238888	0	0	0.446439	-0.0536781	-0.196606	0.212682	-0.00582105	0	0	0.0218798	-0.0508182	0.108499	-0.126318	-0.369054	0.468843	0.779139	0.990512	0	0	-0.0968948	-0.275888	0.248542	0.703918	1.07088	0	0
1.73615	-0.0310964	-0.17864	1.49573	-0.0332827	0.94741	0.51087	0.0492429	-0.0906945	-0.107279	0.329499	0.233396	0	0	0.443744	-0.0500106	-0.199205	0.21364	-0.00318299	0	0	0.0237222	-0.0533061	0.109166	-0.124382	-0.368348	0.467893	0.781034	0.991707	0	0	-0.0953698	-0.278245	0.242482	0.713419	1.07899	0	0
1.74613	-0.0330903	-0.179407	1.49329	-0.0353699	0.947644	0.507236	0.0517286	-0.0962312	-0.105164	0.338552	0.227755	0	0	0.44101	-0.0463415	-0.20165	0.214546	-0.000490317	0	0	0.0254923	-0.055738	0.109608	-0.122471	-0.367514	0.466925	0.783035	0.992888	0	0	-0.0936631	-0.280732	0.236915	0.722469	1.0866	0	0
1.75611	-0.0349986	-0.180088	1.49108	-0.0374461	0.947868	0.503636	0.0541998	-0.101627	-0.103032	0.347664	0.221955	0	0	0.438234	-0.0426821	-0.203936	0.215407	0.0022363	0	0	0.0271836	-0.0580887	0.109855	-0.120609	-0.366591	0.465966	0.785168	0.994087	0	0	-0.0917623	-0.283313	0.231869	0.731012	1.09365	0	0
1.76608	-0.0368121	-0.180679	1.48908	-0.039513	0.948083	0.500068	0.0566279	-0.106866	-0.10083	0.356791	0.215989	0	0	0.435412	-0.0390397	-0.206058	0.216233	0.0049843	0	0	0.0287867	-0.0603369	0.109938	-0.118814	-0.365613	0.465042	0.787455	0.995337	0	0	-0.0896617	-0.285954	0.22737	0.739007	1.10012	0	0
1.77606	-0.0385265	-0.181171	1.48728	-0.0415722	0.948287	0.496533	0.0589842	-0.111933	-0.0984998	0.365892	0.209855	0	0	0.432536	-0.0354178	-0.208013	0.217031	0.00774954	0	0	0.0302898	-0.0624663	0.109886	-0.117098	-0.364616	0.46418	0.789909	0.996671	0	0	-0.0873622	-0.288626	0.223435	0.746423	1.10597	0	0
1.78604	-0.0401412	-0.181555	1.48567	-0.0436249	0.948482	0.493032	0.0612403	-0.116817	-0.0959863	0.374929	0.203552	0	0	0.429596	-0.0318172	-0.209801	0.217812	0.010536	0	0	0.0316794	-0.0644651	0.109724	-0.115467	-0.363628	0.463398	0.792534	0.998121	0	0	-0.0848722	-0.291299	0.220076	0.753242	1.11118	0	0
1.79602	-0.0416585	-0.181821	1.48422	-0.0456721	0.948667	0.489564	0.0633677	-0.121511	-0.0932391	0.383865	0.197081	0	0	0.426583	-0.0282371	-0.211419	0.218587	0.0133551	0	0	0.0329408	-0.0663255	0.109473	-0.113925	-0.362673	0.462713	0.79533	0.999709	0	0	-0.0822072	-0.293949	0.217292	0.759457	1.11575	0	0
1.806	-0.0430827	-0.18196	1.48293	-0.047714	0.948842	0.486129	0.0653391	-0.126008	-0.0902174	0.392665	0.190444	0	0	0.423487	-0.0246761	-0.212869	0.219367	0.0162238	0	0	0.0340599	-0.0680436	0.109146	-0.11247	-0.361768	0.462135	0.798287	1.00145	0	0	-0.0793897	-0.296554	0.215073	0.765072	1.11967	0	0
1.81597	-0.0444192	-0.181963	1.48178	-0.0497507	0.949007	0.482729	0.0671296	-0.130306	-0.0868964	0.401296	0.183645	0	0	0.4203	-0.0211331	-0.214154	0.220165	0.0191629	0	0	0.0350244	-0.0696187	0.108753	-0.1111	-0.360925	0.461668	0.80139	1.00336	0	0	-0.0764481	-0.299094	0.213397	0.770098	1.12295	0	0
1.82595	-0.0456741	-0.181826	1.48075	-0.0517813	0.949161	0.479363	0.0687196	-0.134407	-0.083275	0.409732	0.176687	0	0	0.417019	-0.0176081	-0.215278	0.220992	0.0221946	0	0	0.0358258	-0.0710531	0.108299	-0.10981	-0.360149	0.461315	0.804613	1.00542	0	0	-0.0734147	-0.301554	0.212234	0.774554	1.12563	0	0
1.83593	-0.0468546	-0.181549	1.47983	-0.0538048	0.949304	0.476032	0.0700989	-0.138321	-0.0793847	0.417954	0.169578	0	0	0.413642	-0.0141018	-0.216249	0.221859	0.0253401	0	0	0.0364612	-0.0723532	0.107787	-0.108594	-0.359439	0.461074	0.807928	1.00761	0	0	-0.0703245	-0.303922	0.211547	0.778465	1.12772	0	0
1.84591	-0.0479701	-0.181138	1.479	-0.0558197	0.949435	0.472737	0.0712719	-0.142073	-0.0753013	0.42596	0.162327	0	0	0.410179	-0.0106153	-0.217079	0.222774	0.0286178	0	0	0.0369355	-0.0735305	0.107217	-0.107445	-0.35879	0.460946	0.811298	1.0099	0	0	-0.0672141	-0.306194	0.211295	0.781863	1.12926	0	0
1.85588	-0.0490336	-0.180608	1.47826	-0.0578243	0.949553	0.469478	0.0722632	-0.145706	-0.0711574	0.43377	0.154949	0	0	0.406647	-0.00714908	-0.217789	0.223745	0.0320417	0	0	0.037263	-0.0746038	0.10659	-0.106355	-0.358191	0.460934	0.814686	1.01221	0	0	-0.0641219	-0.308369	0.211435	0.784788	1.13029	0	0
1.86586	-0.0500665	-0.17998	1.47758	-0.0598167	0.949657	0.466257	0.0731211	-0.149294	-0.0671572	0.441433	0.147467	0	0	0.40307	-0.00369894	-0.218406	0.224778	0.035621	0	0	0.0374649	-0.0756047	0.10591	-0.10532	-0.357623	0.461023	0.818056	1.01454	0	0	-0.0610922	-0.310454	0.211901	0.787296	1.13086	0	0
1.87584	-0.0510994	-0.179287	1.47695	-0.0617952	0.949747	0.463074	0.0739276	-0.152948	-0.0635924	0.44904	0.139913	0	0	0.399489	-0.00025659	-0.218971	0.225878	0.0393609	0	0	0.037574	-0.076578	0.105181	-0.104337	-0.35706	0.461195	0.821378	1.01687	0	0	-0.0581742	-0.312466	0.212618	0.78946	1.13105	0	0
1.88582	-0.0521548	-0.178556	1.47635	-0.063758	0.949821	0.459931	0.0747288	-0.156731	-0.0606207	0.456623	0.132309	0	0	0.395932	0.00318937	-0.219505	0.227038	0.0432524	0	0	0.0376208	-0.077557	0.104407	-0.103405	-0.356483	0.46143	0.82461	1.01922	0	0	-0.0554059	-0.314408	0.213518	0.791332	1.13095	0	0
1.8958	-0.0532434	-0.177808	1.47579	-0.065704	0.94988	0.456828	0.0755408	-0.160665	-0.0582873	0.464178	0.124667	0	0	0.392416	0.00664602	-0.220021	0.228242	0.0472757	0	0	0.0376277	-0.0785604	0.103591	-0.102528	-0.355878	0.461712	0.827707	1.02157	0	0	-0.0528108	-0.316273	0.214553	0.792938	1.13065	0	0
1.90577	-0.0543676	-0.177054	1.47527	-0.0676324	0.949923	0.453766	0.0763642	-0.164745	-0.0565617	0.471683	0.116992	0	0	0.388942	0.0101164	-0.220521	0.229466	0.0514028	0	0	0.037611	-0.0795963	0.102742	-0.101707	-0.355239	0.462029	0.830621	1.02391	0	0	-0.0503997	-0.318048	0.215693	0.794291	1.13022	0	0
1.91575	-0.055525	-0.176306	1.47478	-0.0695424	0.949951	0.450746	0.0771941	-0.168948	-0.0553667	0.479114	0.109288	0	0	0.385511	0.0136006	-0.221007	0.230683	0.0556015	0	0	0.0375827	-0.0806668	0.101872	-0.100946	-0.35456	0.462376	0.833307	1.02623	0	0	-0.0481738	-0.31972	0.216921	0.795389	1.12971	0	0
1.92573	-0.0567106	-0.175569	1.47433	-0.0714337	0.949964	0.447769	0.0780283	-0.173246	-0.0546001	0.486449	0.10156	0	0	0.382117	0.0170972	-0.221479	0.231864	0.0598373	0	0	0.0375523	-0.0817701	0.100999	-0.100248	-0.353844	0.46275	0.835727	1.02851	0	0	-0.0461285	-0.321271	0.218233	0.796225	1.12918	0	0
1.93571	-0.057919	-0.174851	1.47392	-0.0733064	0.949964	0.444835	0.0788703	-0.17761	-0.0541489	0.493682	0.0938157	0	0	0.378755	0.0206039	-0.221936	0.232983	0.0640767	0	0	0.0375271	-0.0829037	0.100142	-0.0996141	-0.353094	0.46315	0.83785	1.03072	0	0	-0.0442553	-0.322687	0.219632	0.79679	1.12865	0	0
1.94569	-0.0591459	-0.174157	1.47354	-0.0751602	0.94995	0.441945	0.0797314	-0.182011	-0.0538996	0.500815	0.0860635	0	0	0.375423	0.024118	-0.22238	0.234017	0.0682883	0	0	0.0375131	-0.0840651	0.099321	-0.0990457	-0.352317	0.463581	0.839654	1.03284	0	0	-0.0425447	-0.323955	0.221126	0.797074	1.12814	0	0
1.95566	-0.0603877	-0.173492	1.47319	-0.0769952	0.949925	0.4391	0.08063	-0.186424	-0.0537442	0.507863	0.0783153	0	0	0.372118	0.0276369	-0.222814	0.234946	0.0724449	0	0	0.0375148	-0.0852525	0.0985545	-0.0985413	-0.351522	0.464049	0.841126	1.03485	0	0	-0.0409867	-0.325064	0.222726	0.797067	1.12764	0	0
1.96564	-0.0616427	-0.172861	1.47284	-0.0788113	0.949889	0.436301	0.0815897	-0.19083	-0.0535839	0.514851	0.0705838	0	0	0.368841	0.0311581	-0.223245	0.235757	0.0765242	0	0	0.0375347	-0.0864659	0.0978592	-0.0980977	-0.350718	0.46456	0.84226	1.03673	0	0	-0.0395723	-0.326006	0.224443	0.796763	1.12715	0	0
1.97562	-0.06291	-0.172269	1.4725	-0.0806083	0.949843	0.433549	0.0826379	-0.195213	-0.053332	0.521809	0.0628812	0	0	0.365594	0.0346789	-0.223676	0.236441	0.0805088	0	0	0.0375742	-0.0877059	0.0972482	-0.0977097	-0.349916	0.465125	0.843058	1.03846	0	0	-0.0382931	-0.326779	0.226289	0.796156	1.12664	0	0
1.9856	-0.0641894	-0.171718	1.47214	-0.0823858	0.949789	0.430844	0.0838026	-0.199559	-0.0529153	0.528769	0.0552185	0	0	0.362382	0.0381968	-0.224114	0.236994	0.0843863	0	0	0.0376326	-0.0889744	0.0967304	-0.0973706	-0.349123	0.465751	0.843527	1.04004	0	0	-0.0371413	-0.32738	0.228276	0.795243	1.1261	0	0
1.99558	-0.0654809	-0.171212	1.47177	-0.0841435	0.949726	0.428187	0.0851109	-0.203858	-0.0522748	0.535764	0.047604	0	0	0.359209	0.041709	-0.224564	0.237416	0.088149	0	0	0.0377081	-0.0902733	0.0963095	-0.0970721	-0.34835	0.466447	0.843676	1.04145	0	0	-0.0361092	-0.327813	0.23042	0.79402	1.12549	0	0
2.00555	-0.0667838	-0.170753	1.47137	-0.0858808	0.949657	0.425579	0.086586	-0.208101	-0.0513665	0.542821	0.0400429	0	0	0.356081	0.0452122	-0.225028	0.237713	0.091793	0	0	0.0377975	-0.091604	0.0959842	-0.0968058	-0.347602	0.467222	0.843521	1.04269	0	0	-0.0351886	-0.328083	0.232736	0.792484	1.12479	0	0
2.01553	-0.0680966	-0.170341	1.47094	-0.0875972	0.949581	0.42302	0.0882461	-0.212279	-0.0501606	0.549964	0.0325363	0	0	0.353004	0.0487026	-0.225507	0.237892	0.0953177	0	0	0.0378963	-0.0929672	0.0957478	-0.0965633	-0.346887	0.468081	0.843076	1.04375	0	0	-0.0343705	-0.328196	0.235242	0.790628	1.12397	0	0
2.02551	-0.0694161	-0.169975	1.47048	-0.0892923	0.949499	0.42051	0.0901032	-0.216383	-0.0486416	0.557209	0.0250819	0	0	0.349982	0.0521756	-0.225999	0.237962	0.098725	0	0	0.0379993	-0.0943615	0.0955888	-0.0963374	-0.346208	0.469026	0.842359	1.04462	0	0	-0.0336447	-0.328164	0.237962	0.788444	1.12299	0	0
2.03549	-0.0707378	-0.169654	1.47	-0.0909654	0.949412	0.41805	0.0921634	-0.220405	-0.0468071	0.564564	0.0176741	0	0	0.34702	0.055626	-0.226497	0.237935	0.102019	0	0	0.0381012	-0.0957838	0.0954904	-0.0961228	-0.345569	0.470057	0.841392	1.04532	0	0	-0.0329993	-0.327996	0.24092	0.785924	1.12183	0	0
2.04546	-0.0720557	-0.169378	1.4695	-0.0926164	0.949321	0.41564	0.0944273	-0.224335	-0.0446667	0.572033	0.0103046	0	0	0.34412	0.0590485	-0.226992	0.23782	0.105203	0	0	0.0381967	-0.0972286	0.0954316	-0.0959165	-0.344971	0.471168	0.840195	1.04584	0	0	-0.0324208	-0.327704	0.244148	0.783053	1.12047	0	0
2.05544	-0.0733623	-0.169143	1.469	-0.094245	0.949225	0.413278	0.0968905	-0.228165	-0.0422397	0.579612	0.00296373	0	0	0.341286	0.0624372	-0.227472	0.237631	0.108283	0	0	0.0382813	-0.0986881	0.0953877	-0.0957185	-0.344418	0.472349	0.838793	1.04619	0	0	-0.0318948	-0.3273	0.247676	0.779816	1.11887	0	0
2.06542	-0.0746493	-0.168949	1.46851	-0.0958513	0.949126	0.410966	0.0995447	-0.231886	-0.0395532	0.587295	-0.00435844	0	0	0.338521	0.0657863	-0.227922	0.237379	0.111264	0	0	0.0383506	-0.100153	0.0953318	-0.0955319	-0.34391	0.473587	0.837215	1.04637	0	0	-0.0314056	-0.326793	0.25154	0.776198	1.11701	0	0
2.0754	-0.0759075	-0.168792	1.46805	-0.0974352	0.949025	0.408701	0.102379	-0.235489	-0.0366389	0.595071	-0.011671	0	0	0.335823	0.0690894	-0.228326	0.237075	0.114151	0	0	0.0384007	-0.101611	0.0952355	-0.0953626	-0.34345	0.474861	0.83549	1.0464	0	0	-0.0309375	-0.326196	0.255775	0.772181	1.11487	0	0
2.08538	-0.0771276	-0.168668	1.46764	-0.0989971	0.948921	0.406484	0.105381	-0.238968	-0.033531	0.602933	-0.018981	0	0	0.333195	0.0723402	-0.228667	0.23673	0.116951	0	0	0.0384279	-0.10305	0.0950709	-0.0952192	-0.343039	0.47615	0.833652	1.04628	0	0	-0.0304748	-0.325515	0.260415	0.767751	1.11243	0	0
2.09535	-0.0783004	-0.168576	1.46729	-0.100537	0.948817	0.404314	0.10854	-0.242313	-0.0302637	0.610871	-0.0262931	0	0	0.330635	0.0755324	-0.228931	0.236357	0.119667	0	0	0.0384285	-0.104457	0.0948118	-0.0951118	-0.342679	0.477429	0.831733	1.04604	0	0	-0.0300033	-0.324758	0.265488	0.762897	1.10966	0	0
2.10533	-0.0794169	-0.168511	1.46701	-0.102056	0.948712	0.402188	0.111843	-0.24552	-0.0268698	0.618882	-0.0336092	0	0	0.328143	0.0786593	-0.229104	0.235966	0.122307	0	0	0.0383983	-0.105819	0.0944349	-0.0950512	-0.342372	0.47867	0.829769	1.04569	0	0	-0.0295101	-0.323931	0.271019	0.757611	1.10656	0	0
2.11531	-0.08047	-0.168467	1.46682	-0.103553	0.948608	0.400108	0.115283	-0.248584	-0.0233786	0.626965	-0.0409298	0	0	0.325715	0.0817146	-0.229174	0.23557	0.124875	0	0	0.0383328	-0.107127	0.0939214	-0.0950478	-0.34212	0.479849	0.82779	1.04526	0	0	-0.0289839	-0.323039	0.277024	0.751895	1.10311	0	0
2.12529	-0.0814537	-0.168442	1.46673	-0.10503	0.948506	0.398071	0.118856	-0.2515	-0.0198161	0.635124	-0.0482556	0	0	0.323352	0.0846927	-0.229132	0.23518	0.127377	0	0	0.0382272	-0.10837	0.0932584	-0.0951105	-0.341924	0.480941	0.825826	1.04475	0	0	-0.0284149	-0.322086	0.283513	0.745755	1.09931	0	0
2.13527	-0.0823645	-0.168429	1.46673	-0.106485	0.948407	0.396076	0.122562	-0.254268	-0.016205	0.643372	-0.0555892	0	0	0.321052	0.0875886	-0.228975	0.23481	0.12982	0	0	0.0380763	-0.109545	0.0924391	-0.095246	-0.341782	0.481926	0.823899	1.04421	0	0	-0.0277952	-0.321076	0.290487	0.739206	1.09516	0	0
2.14524	-0.0832014	-0.168423	1.46683	-0.107919	0.948313	0.394122	0.126407	-0.256889	-0.0125658	0.651727	-0.0629378	0	0	0.318812	0.090399	-0.228701	0.234469	0.132206	0	0	0.0378736	-0.11065	0.0914624	-0.0954573	-0.341694	0.482791	0.822026	1.04363	0	0	-0.0271202	-0.320012	0.297936	0.732276	1.09066	0	0
2.15522	-0.0839662	-0.168419	1.46701	-0.109331	0.948225	0.392209	0.130398	-0.259368	-0.00891803	0.660213	-0.0703165	0	0	0.316629	0.0931222	-0.228311	0.234167	0.134541	0	0	0.0376118	-0.11169	0.0903326	-0.095743	-0.341656	0.483528	0.820218	1.04304	0	0	-0.0263891	-0.3189	0.305831	0.725	1.08583	0	0
2.1652	-0.0846639	-0.168408	1.46728	-0.110718	0.948145	0.390333	0.134548	-0.261714	-0.00528196	0.66886	-0.0777516	0	0	0.314498	0.0957593	-0.227809	0.233911	0.136828	0	0	0.0372817	-0.112674	0.0890582	-0.0960968	-0.341663	0.484139	0.818478	1.04245	0	0	-0.0256068	-0.317745	0.31413	0.717428	1.08067	0	0
2.17518	-0.0853029	-0.168383	1.46762	-0.112081	0.948075	0.388493	0.138871	-0.263939	-0.00167958	0.677701	-0.085284	0	0	0.312408	0.0983143	-0.227202	0.233701	0.139067	0	0	0.0368721	-0.113618	0.0876508	-0.0965069	-0.341709	0.484637	0.816805	1.04187	0	0	-0.0247852	-0.316553	0.322764	0.709622	1.07525	0	0
2.18515	-0.0858946	-0.16833	1.46801	-0.113415	0.948017	0.386687	0.14338	-0.266059	0.00186437	0.686774	-0.0929711	0	0	0.310346	0.100795	-0.226498	0.233532	0.141257	0	0	0.0363686	-0.114542	0.0861233	-0.0969559	-0.341787	0.485043	0.815189	1.0413	0	0	-0.0239446	-0.315334	0.331642	0.701656	1.06961	0	0
2.19513	-0.0864532	-0.168235	1.46843	-0.114719	0.947973	0.384913	0.148085	-0.268093	0.0053222	0.696118	-0.100889	0	0	0.308286	0.103211	-0.22571	0.233393	0.143394	0	0	0.0357532	-0.115475	0.0844889	-0.0974212	-0.341888	0.485393	0.813617	1.04075	0	0	-0.0231152	-0.314099	0.340641	0.693619	1.06385	0	0
2.20511	-0.0869948	-0.168076	1.46886	-0.115988	0.947948	0.383167	0.152991	-0.270065	0.00866357	0.705768	-0.109129	0	0	0.306195	0.105576	-0.22485	0.23326	0.145473	0	0	0.0350033	-0.116448	0.0827598	-0.0978749	-0.342002	0.485729	0.812075	1.0402	0	0	-0.0223381	-0.312859	0.349611	0.685611	1.05809	0	0
2.21509	-0.0875363	-0.167826	1.46928	-0.117218	0.947942	0.381445	0.158093	-0.271997	0.0118564	0.715759	-0.117797	0	0	0.304027	0.107906	-0.223935	0.233102	0.147484	0	0	0.0340911	-0.117498	0.080946	-0.0982852	-0.342122	0.486108	0.810544	1.03966	0	0	-0.0216661	-0.311628	0.358367	0.677742	1.0525	0	0
2.22507	-0.0880952	-0.167452	1.46966	-0.118404	0.947961	0.379743	0.163379	-0.273912	0.0148677	0.726118	-0.127007	0	0	0.301723	0.110218	-0.222983	0.232879	0.149417	0	0	0.0329837	-0.118664	0.0790546	-0.0986172	-0.342235	0.486592	0.809007	1.03912	0	0	-0.0211633	-0.310421	0.366691	0.670134	1.04727	0	0
2.23504	-0.0886887	-0.166917	1.46998	-0.11954	0.948007	0.378058	0.168828	-0.275833	0.0176675	0.736866	-0.136878	0	0	0.299217	0.112529	-0.222013	0.23254	0.151259	0	0	0.0316504	-0.119985	0.0771052	-0.0988488	-0.342333	0.487226	0.807451	1.03857	0	0	-0.020865	-0.309261	0.374467	0.662872	1.04251	0	0
2.24502	-0.0893312	-0.16618	1.4702	-0.12062	0.948083	0.376384	0.174411	-0.277779	0.0202289	0.748014	-0.147518	0	0	0.296431	0.114857	-0.221047	0.232028	0.152999	0	0	0.0300575	-0.121498	0.0751228	-0.0989679	-0.342403	0.488041	0.805869	1.03802	0	0	-0.0207934	-0.308175	0.381624	0.656027	1.03819	0	0
2.255	-0.0900328	-0.165194	1.47029	-0.121639	0.948192	0.374718	0.180086	-0.279762	0.0225295	0.759564	-0.159002	0	0	0.293277	0.117216	-0.220112	0.231282	0.154621	0	0	0.028169	-0.123233	0.0731347	-0.0989714	-0.342435	0.48905	0.804264	1.03747	0	0	-0.0209634	-0.307191	0.388125	0.649658	1.0343	0	0
2.26498	-0.0907976	-0.163909	1.47022	-0.12259	0.948338	0.373054	0.185804	-0.281787	0.0245533	0.771502	-0.171367	0	0	0.289665	0.119611	-0.219232	0.230239	0.156115	0	0	0.0259484	-0.125217	0.0711699	-0.0988655	-0.342413	0.490248	0.802642	1.03695	0	0	-0.0213829	-0.306341	0.393958	0.643812	1.03075	0	0
2.27496	-0.0916211	-0.162276	1.46997	-0.123467	0.948522	0.37139	0.191506	-0.283844	0.0262912	0.783804	-0.184585	0	0	0.285506	0.122042	-0.218438	0.228844	0.157472	0	0	0.0233603	-0.127464	0.0692564	-0.0986666	-0.342322	0.491605	0.801017	1.03647	0	0	-0.022055	-0.305653	0.399124	0.638521	1.02749	0	0
2.28493	-0.0924879	-0.160249	1.46951	-0.124264	0.948746	0.369723	0.197137	-0.285912	0.0277403	0.796435	-0.198558	0	0	0.280717	0.124493	-0.217756	0.22705	0.158688	0	0	0.0203738	-0.129978	0.0674202	-0.098402	-0.342142	0.493063	0.799412	1.03608	0	0	-0.0229776	-0.305157	0.403641	0.633807	1.02443	0	0
2.29491	-0.0933701	-0.157795	1.46882	-0.124978	0.949009	0.368052	0.202641	-0.287947	0.0289017	0.809347	-0.213103	0	0	0.275236	0.126933	-0.217214	0.22483	0.159766	0	0	0.0169662	-0.132745	0.0656811	-0.0981098	-0.341849	0.494532	0.797855	1.0358	0	0	-0.0241432	-0.304878	0.407529	0.629681	1.0215	0	0
2.30489	-0.094226	-0.154897	1.46792	-0.125606	0.949311	0.366379	0.207979	-0.289891	0.029776	0.822483	-0.227952	0	0	0.269031	0.129313	-0.216832	0.222176	0.160716	0	0	0.0131283	-0.135734	0.0640498	-0.0978394	-0.341417	0.495888	0.796381	1.03569	0	0	-0.0255382	-0.304839	0.410818	0.626141	1.01866	0	0
2.31487	-0.0950016	-0.151562	1.4668	-0.126145	0.949647	0.364707	0.213133	-0.291667	0.0303582	0.835779	-0.242748	0	0	0.262113	0.131569	-0.216619	0.219113	0.161553	0	0	0.00887096	-0.138895	0.0625236	-0.09765	-0.340811	0.496972	0.795032	1.03577	0	0	-0.0271416	-0.305058	0.413541	0.623177	1.01585	0	0
2.32485	-0.0956328	-0.147835	1.46552	-0.126598	0.950015	0.363041	0.218119	-0.293188	0.0306314	0.849167	-0.257064	0	0	0.254549	0.133623	-0.216568	0.215693	0.162301	0	0	0.00423058	-0.14216	0.0610823	-0.0976097	-0.339997	0.497593	0.793857	1.03609	0	0	-0.0289227	-0.305548	0.415735	0.620765	1.01304	0	0
2.33482	-0.0960506	-0.143797	1.46414	-0.126966	0.950406	0.361388	0.222993	-0.294362	0.0305616	0.862578	-0.270413	0	0	0.246465	0.135387	-0.216652	0.212004	0.162987	0	0	-0.00072608	-0.145446	0.0596856	-0.0977931	-0.338937	0.497534	0.792908	1.03667	0	0	-0.0308399	-0.306316	0.417448	0.618873	1.01022	0	0
2.3448	-0.0961888	-0.139571	1.46275	-0.127255	0.950814	0.359756	0.227852	-0.295105	0.0300943	0.87594	-0.282279	0	0	0.238055	0.136778	-0.216822	0.208162	0.163641	0	0	-0.00590091	-0.148664	0.0582729	-0.0982779	-0.337595	0.496566	0.792238	1.03751	0	0	-0.0328409	-0.307364	0.418729	0.617458	1.00738	0	0
2.35478	-0.0959923	-0.135314	1.46146	-0.127472	0.951231	0.358156	0.232838	-0.295354	0.0291573	0.889185	-0.292144	0	0	0.229564	0.137724	-0.217005	0.204304	0.16429	0	0	-0.0111683	-0.151723	0.056768	-0.0991414	-0.335942	0.494457	0.791904	1.03859	0	0	-0.0348638	-0.308683	0.419639	0.616471	1.00451	0	0
2.36476	-0.0954254	-0.131204	1.4604	-0.127626	0.951645	0.356597	0.238115	-0.295074	0.0276672	0.902237	-0.299518	0	0	0.22127	0.138177	-0.217113	0.200575	0.164959	0	0	-0.0163846	-0.154543	0.0550869	-0.100456	-0.333956	0.490995	0.791957	1.03987	0	0	-0.0368407	-0.310257	0.420237	0.615855	1.00163	0	0
2.37473	-0.0944758	-0.127424	1.45968	-0.127727	0.952049	0.355091	0.243858	-0.29427	0.0255405	0.915018	-0.303973	0	0	0.213459	0.138117	-0.217051	0.197117	0.165664	0	0	-0.0214024	-0.157061	0.0531495	-0.102282	-0.331628	0.486009	0.792444	1.04125	0	0	-0.0387023	-0.312062	0.420583	0.615555	0.998769	0	0
2.38471	-0.0931547	-0.124137	1.45941	-0.127785	0.952432	0.353646	0.250229	-0.292976	0.0227068	0.927435	-0.30517	0	0	0.20639	0.137553	-0.216731	0.194053	0.166416	0	0	-0.0260854	-0.159234	0.0508909	-0.104662	-0.328965	0.479395	0.793395	1.04261	0	0	-0.0403854	-0.314069	0.420725	0.615515	0.995969	0	0
2.39469	-0.0914919	-0.121474	1.45966	-0.127811	0.952787	0.352268	0.257356	-0.291253	0.0191205	0.939379	-0.302885	0	0	0.200274	0.136519	-0.216081	0.19148	0.167216	0	0	-0.0303221	-0.161043	0.0482688	-0.107611	-0.32599	0.471136	0.794821	1.04378	0	0	-0.041839	-0.316243	0.420698	0.61569	0.993298	0	0
2.40467	-0.0895288	-0.119519	1.46049	-0.127813	0.953107	0.350963	0.265315	-0.289175	0.0147694	0.95072	-0.297024	0	0	0.19525	0.135064	-0.215058	0.189458	0.168063	0	0	-0.0340376	-0.162485	0.0452688	-0.11111	-0.322744	0.461316	0.796711	1.04457	0	0	-0.0430299	-0.31855	0.420511	0.616048	0.990839	0	0
2.41465	-0.0873113	-0.118305	1.46188	-0.127801	0.953386	0.349731	0.274129	-0.286815	0.00967683	0.961312	-0.287623	0	0	0.191381	0.133247	-0.213642	0.188015	0.168949	0	0	-0.0371981	-0.163573	0.0419068	-0.115113	-0.31928	0.450099	0.799031	1.04481	0	0	-0.0439429	-0.32096	0.420156	0.616575	0.988667	0	0
2.42462	-0.084884	-0.117817	1.46381	-0.12778	0.953623	0.348574	0.283765	-0.284239	0.00389989	0.970989	-0.274844	0	0	0.188661	0.131123	-0.211846	0.187148	0.169869	0	0	-0.039807	-0.164326	0.0382254	-0.119545	-0.315664	0.43773	0.801723	1.04434	0	0	-0.0445808	-0.323444	0.419611	0.617272	0.986849	0	0
2.4346	-0.082288	-0.118003	1.46621	-0.127754	0.953815	0.347486	0.294144	-0.281502	-0.002476	0.979573	-0.258957	0	0	0.187021	0.128747	-0.209706	0.186825	0.170814	0	0	-0.0418987	-0.164773	0.0342889	-0.124304	-0.311969	0.424514	0.804711	1.04307	0	0	-0.0449632	-0.325982	0.41884	0.618154	0.98544	0	0
2.44458	-0.0795613	-0.118781	1.469	-0.127724	0.953964	0.346461	0.305151	-0.278646	-0.00934393	0.986883	-0.240322	0	0	0.186348	0.126168	-0.207278	0.186998	0.171778	0	0	-0.0435303	-0.164945	0.0301774	-0.129274	-0.308278	0.410803	0.807903	1.04099	0	0	-0.0451229	-0.328554	0.417803	0.619246	0.984479	0	0
2.45456	-0.0767402	-0.120051	1.47208	-0.12769	0.954072	0.34549	0.31665	-0.275703	-0.0165834	0.992737	-0.219363	0	0	0.186495	0.123434	-0.204631	0.187598	0.172757	0	0	-0.0447729	-0.164881	0.0259809	-0.134323	-0.304675	0.396968	0.811194	1.03813	0	0	-0.0451013	-0.331149	0.416457	0.620578	0.983992	0	0
2.46454	-0.0738626	-0.121703	1.47533	-0.127652	0.954143	0.344565	0.328493	-0.272705	-0.024068	0.996959	-0.196548	0	0	0.1873	0.120593	-0.201842	0.188548	0.173743	0	0	-0.0457039	-0.164624	0.0217935	-0.139323	-0.301246	0.38338	0.814478	1.03461	0	0	-0.0449437	-0.333754	0.414769	0.62218	0.983986	0	0
2.47451	-0.0709685	-0.123627	1.47864	-0.127605	0.954182	0.343674	0.340527	-0.269679	-0.031673	0.99939	-0.172358	0	0	0.188592	0.117696	-0.198989	0.189764	0.174734	0	0	-0.0464012	-0.164222	0.0177094	-0.144151	-0.298074	0.370388	0.817652	1.03062	0	0	-0.0446942	-0.336363	0.412715	0.624075	0.984455	0	0
2.48449	-0.0680995	-0.125718	1.48189	-0.127546	0.954193	0.342805	0.352609	-0.266656	-0.039283	0.999885	-0.14727	0	0	0.190207	0.114794	-0.196148	0.19116	0.175724	0	0	-0.0469377	-0.163726	0.0138182	-0.148698	-0.295233	0.358297	0.82062	1.02635	0	0	-0.0443913	-0.338965	0.410294	0.626281	0.985374	0	0
2.49447	-0.065297	-0.127881	1.48499	-0.127471	0.954182	0.341949	0.364605	-0.263663	-0.0467982	0.998324	-0.121738	0	0	0.191993	0.111936	-0.193391	0.192657	0.176714	0	0	-0.0473781	-0.163185	0.0102014	-0.152878	-0.292787	0.347357	0.8233	1.02204	0	0	-0.0440643	-0.341555	0.407524	0.6288	0.986704	0	0
2.50445	-0.0625993	-0.130037	1.48783	-0.127376	0.954154	0.341093	0.376394	-0.260728	-0.0541404	0.994609	-0.0961836	0	0	0.193817	0.109168	-0.190783	0.194182	0.177707	0	0	-0.0477767	-0.162645	0.00692874	-0.156627	-0.290785	0.337752	0.825627	1.01791	0	0	-0.0437312	-0.344126	0.404448	0.631621	0.988389	0	0
2.51442	-0.0600394	-0.132122	1.49036	-0.127257	0.954113	0.340229	0.387873	-0.257873	-0.0612575	0.988668	-0.0709821	0	0	0.195571	0.106527	-0.188376	0.195675	0.17871	0	0	-0.0481766	-0.162147	0.00405569	-0.159906	-0.289258	0.329598	0.827552	1.01416	0	0	-0.0433981	-0.346672	0.401132	0.63472	0.990366	0	0
2.5244	-0.0576425	-0.134088	1.49251	-0.12711	0.954063	0.339347	0.398957	-0.255116	-0.0681271	0.980455	-0.0464635	0	0	0.197171	0.104037	-0.186213	0.197094	0.179734	0	0	-0.048609	-0.161717	0.00162036	-0.162699	-0.288216	0.32294	0.829043	1.01094	0	0	-0.0430596	-0.34919	0.397659	0.638056	0.992565	0	0
2.53438	-0.0554244	-0.135905	1.49426	-0.126932	0.954007	0.338442	0.409577	-0.252467	-0.0747573	0.969951	-0.0229091	0	0	0.198561	0.101715	-0.184325	0.198407	0.180795	0	0	-0.0490942	-0.161377	-0.000358175	-0.165012	-0.287652	0.317762	0.830084	1.00833	0	0	-0.0427004	-0.351677	0.394129	0.641577	0.994913	0	0
2.54436	-0.0533914	-0.13756	1.49559	-0.126722	0.953947	0.337506	0.41968	-0.249932	-0.0811868	0.957162	-0.000553898	0	0	0.199707	0.0995615	-0.182727	0.199603	0.181911	0	0	-0.0496414	-0.161133	-0.00188095	-0.166869	-0.287538	0.313992	0.830673	1.00638	0	0	-0.0422984	-0.354131	0.390648	0.645222	0.997343	0	0
2.55434	-0.0515399	-0.139051	1.49653	-0.126478	0.953885	0.336534	0.429231	-0.24751	-0.0874816	0.94212	0.0204094	0	0	0.200602	0.0975687	-0.181423	0.200681	0.183099	0	0	-0.0502509	-0.160981	-0.00296868	-0.168308	-0.287832	0.311513	0.830822	1.00505	0	0	-0.0418267	-0.356554	0.387322	0.648923	0.999793	0	0
2.56431	-0.0498587	-0.140389	1.4971	-0.126199	0.953822	0.335524	0.438205	-0.245193	-0.0937298	0.924879	0.0398257	0	0	0.201255	0.0957188	-0.180404	0.201654	0.184378	0	0	-0.0509154	-0.160908	-0.00366009	-0.169374	-0.288479	0.310172	0.830552	1.00425	0	0	-0.0412572	-0.358947	0.384259	0.652608	1.00221	0	0
2.57429	-0.0483306	-0.141592	1.49735	-0.125885	0.953756	0.334471	0.446591	-0.242971	-0.100034	0.905517	0.0575719	0	0	0.201685	0.0939885	-0.179649	0.202541	0.185763	0	0	-0.0516229	-0.160896	-0.00400903	-0.170121	-0.289414	0.309796	0.82989	1.00386	0	0	-0.0405628	-0.361313	0.381555	0.656205	1.00454	0	0
2.58427	-0.0469366	-0.142681	1.49734	-0.125538	0.953689	0.333374	0.454384	-0.240834	-0.106502	0.884134	0.0735517	0	0	0.201919	0.0923535	-0.179128	0.203364	0.187262	0	0	-0.0523594	-0.160922	-0.0040803	-0.170602	-0.290567	0.310202	0.828874	1.00374	0	0	-0.0397211	-0.363657	0.379294	0.659648	1.00675	0	0
2.59425	-0.0456594	-0.143673	1.49713	-0.125156	0.953619	0.33223	0.461583	-0.238771	-0.113234	0.860849	0.0876906	0	0	0.20198	0.0907942	-0.178805	0.204141	0.188878	0	0	-0.0531127	-0.160966	-0.00394443	-0.17087	-0.291869	0.311204	0.827542	1.00375	0	0	-0.0387158	-0.365983	0.377545	0.662874	1.00881	0	0
2.60423	-0.0444894	-0.144578	1.49678	-0.124743	0.953545	0.331037	0.468185	-0.236777	-0.120311	0.835799	0.0999333	0	0	0.201875	0.089302	-0.178644	0.204883	0.190603	0	0	-0.053877	-0.161017	-0.00367185	-0.170975	-0.293253	0.312628	0.825936	1.00373	0	0	-0.0375399	-0.368293	0.376348	0.665832	1.01072	0	0
2.6142	-0.0434216	-0.1454	1.49635	-0.124298	0.953466	0.329793	0.474195	-0.234846	-0.127788	0.809142	0.110241	0	0	0.201608	0.0878756	-0.178605	0.205594	0.192426	0	0	-0.0546493	-0.161068	-0.00333055	-0.170961	-0.294658	0.314316	0.824098	1.00357	0	0	-0.0361954	-0.37059	0.375722	0.668485	1.01249	0	0
2.62418	-0.0424541	-0.146139	1.49588	-0.123825	0.95338	0.328497	0.479622	-0.23297	-0.135688	0.781052	0.118591	0	0	0.201175	0.0865183	-0.178648	0.206276	0.194329	0	0	-0.0554275	-0.161115	-0.00298304	-0.170868	-0.296031	0.316128	0.822075	1.0032	0	0	-0.0346911	-0.372874	0.375669	0.670803	1.01412	0	0
2.63416	-0.0415871	-0.146798	1.49543	-0.123323	0.953287	0.327147	0.484482	-0.231139	-0.143993	0.751722	0.124979	0	0	0.200575	0.0852365	-0.178736	0.206929	0.196296	0	0	-0.0562091	-0.161156	-0.00268342	-0.17073	-0.297329	0.317949	0.819912	1.00257	0	0	-0.0330419	-0.375146	0.376172	0.672775	1.01562	0	0
2.64414	-0.0408229	-0.147376	1.49503	-0.122795	0.953183	0.32574	0.488806	-0.229334	-0.152644	0.721361	0.129422	0	0	0.199805	0.0840389	-0.178835	0.207555	0.198311	0	0	-0.0569896	-0.161192	-0.00247474	-0.170576	-0.298519	0.319688	0.817655	1.00168	0	0	-0.0312669	-0.377401	0.3772	0.674397	1.01702	0	0
2.65412	-0.0401661	-0.147875	1.49471	-0.122242	0.953069	0.324275	0.492633	-0.227536	-0.161532	0.690193	0.131966	0	0	0.198867	0.0829359	-0.178916	0.208157	0.200362	0	0	-0.0577626	-0.161225	-0.0023872	-0.170432	-0.299578	0.321278	0.815347	1.00054	0	0	-0.029388	-0.379635	0.37871	0.675679	1.0183	0	0
2.66409	-0.039623	-0.148299	1.4945	-0.121664	0.952942	0.322751	0.496015	-0.225723	-0.170506	0.658455	0.132687	0	0	0.197765	0.081939	-0.178957	0.208738	0.20244	0	0	-0.0585191	-0.161261	-0.00243732	-0.170319	-0.300492	0.322677	0.813031	0.999221	0	0	-0.0274282	-0.381842	0.380653	0.676641	1.01947	0	0
2.67407	-0.0392013	-0.148651	1.49441	-0.121061	0.952801	0.321167	0.499013	-0.223868	-0.17937	0.626395	0.131696	0	0	0.196507	0.0810589	-0.178942	0.209305	0.204541	0	0	-0.0592486	-0.161306	-0.00262839	-0.170253	-0.301255	0.323861	0.810745	0.997783	0	0	-0.025411	-0.384013	0.382968	0.677308	1.02051	0	0
2.68405	-0.0389076	-0.148938	1.49444	-0.120435	0.952644	0.319522	0.501695	-0.221947	-0.187895	0.594264	0.129144	0	0	0.195104	0.0803038	-0.178862	0.209867	0.206668	0	0	-0.0599393	-0.161367	-0.00295222	-0.170247	-0.301867	0.32483	0.808523	0.996302	0	0	-0.0233588	-0.386136	0.385592	0.677714	1.02142	0	0
2.69403	-0.0387445	-0.149165	1.49458	-0.119786	0.95247	0.317815	0.504125	-0.219933	-0.195833	0.562314	0.125216	0	0	0.193566	0.0796753	-0.178717	0.210435	0.208826	0	0	-0.0605811	-0.161449	-0.00339211	-0.17031	-0.302332	0.325594	0.80639	0.99485	0	0	-0.0212934	-0.388201	0.388458	0.677894	1.02217	0	0
2.704	-0.0387094	-0.149338	1.49484	-0.119113	0.952277	0.316047	0.506366	-0.217798	-0.202925	0.530785	0.120131	0	0	0.191907	0.0791677	-0.178507	0.211021	0.211026	0	0	-0.0611647	-0.16155	-0.00392526	-0.170446	-0.302658	0.32618	0.804364	0.993484	0	0	-0.0192341	-0.390194	0.391494	0.677887	1.02274	0	0
2.71398	-0.0387925	-0.149461	1.49521	-0.118416	0.952065	0.314217	0.508474	-0.215517	-0.208924	0.499905	0.114132	0	0	0.19014	0.0787662	-0.178238	0.211643	0.213281	0	0	-0.0616826	-0.161665	-0.00452583	-0.170656	-0.302855	0.326619	0.802458	0.992246	0	0	-0.0171981	-0.3921	0.394634	0.677728	1.02312	0	0
2.72396	-0.0389777	-0.149543	1.49568	-0.117695	0.951833	0.312328	0.510494	-0.213068	-0.213608	0.469878	0.107473	0	0	0.18828	0.0784481	-0.177917	0.212318	0.215607	0	0	-0.0621273	-0.16178	-0.00516703	-0.170939	-0.302931	0.326949	0.800673	0.991156	0	0	-0.0151989	-0.393904	0.397813	0.677453	1.02329	0	0
2.73394	-0.0392417	-0.149595	1.49625	-0.116951	0.95158	0.310379	0.512466	-0.210436	-0.216794	0.440883	0.100413	0	0	0.18635	0.0781829	-0.177549	0.213065	0.218019	0	0	-0.0624904	-0.161876	-0.00582355	-0.171291	-0.302898	0.327204	0.799008	0.990218	0	0	-0.0132462	-0.395591	0.400974	0.677093	1.02326	0	0
2.74392	-0.0395567	-0.149633	1.49692	-0.116184	0.951306	0.308372	0.514418	-0.207611	-0.21835	0.41307	0.0931976	0	0	0.184377	0.0779346	-0.177138	0.213906	0.22053	0	0	-0.0627595	-0.161926	-0.00647298	-0.171707	-0.302765	0.327413	0.797455	0.989416	0	0	-0.0113465	-0.397146	0.404068	0.676676	1.02304	0	0
2.75389	-0.039891	-0.149683	1.4977	-0.115394	0.95101	0.306308	0.516379	-0.204592	-0.218212	0.386557	0.0860499	0	0	0.182401	0.0776634	-0.176683	0.214867	0.223155	0	0	-0.0629171	-0.161899	-0.00709714	-0.172183	-0.302542	0.327598	0.796003	0.988725	0	0	-0.00950244	-0.398554	0.407056	0.676231	1.02263	0	0
2.76387	-0.0402125	-0.149776	1.49859	-0.114582	0.950693	0.304188	0.518371	-0.20139	-0.216379	0.361436	0.0791659	0	0	0.180471	0.0773295	-0.176182	0.215973	0.225905	0	0	-0.062939	-0.161765	-0.00768317	-0.172714	-0.302236	0.32777	0.794639	0.988114	0	0	-0.00771684	-0.399804	0.409906	0.675784	1.02207	0	0
2.77385	-0.0404895	-0.149952	1.49961	-0.11375	0.950355	0.302011	0.520417	-0.198025	-0.212929	0.337772	0.0727071	0	0	0.178643	0.0768947	-0.175627	0.21725	0.228786	0	0	-0.0627963	-0.16149	-0.00822495	-0.173298	-0.301853	0.327929	0.793351	0.98755	0	0	-0.00599355	-0.400888	0.41259	0.675367	1.0214	0	0
2.78383	-0.0406914	-0.150248	1.50079	-0.112898	0.949997	0.299779	0.52253	-0.194528	-0.208017	0.315607	0.0667976	0	0	0.176972	0.0763232	-0.175002	0.218724	0.231804	0	0	-0.0624606	-0.161044	-0.00872369	-0.173934	-0.301398	0.328068	0.792124	0.987006	0	0	-0.00433845	-0.4018	0.415081	0.675012	1.02068	0	0
2.79381	-0.0407885	-0.150693	1.50214	-0.112028	0.949621	0.297489	0.524704	-0.190937	-0.201871	0.294958	0.0615236	0	0	0.175498	0.0755837	-0.174288	0.22041	0.234959	0	0	-0.0619122	-0.160397	-0.00918755	-0.174621	-0.300872	0.32817	0.790942	0.986461	0	0	-0.00276005	-0.40254	0.41736	0.674751	1.01998	0	0
2.80378	-0.0407534	-0.151291	1.50369	-0.111141	0.949228	0.295138	0.526897	-0.187299	-0.194788	0.275828	0.0569368	0	0	0.174221	0.0746515	-0.173455	0.22231	0.238247	0	0	-0.0611529	-0.159525	-0.00963012	-0.17536	-0.300274	0.328221	0.789787	0.985902	0	0	-0.00127011	-0.403108	0.419412	0.674614	1.01937	0	0
2.81376	-0.0405726	-0.152014	1.50546	-0.110238	0.948821	0.292725	0.529031	-0.183668	-0.187105	0.2582	0.0530573	0	0	0.173094	0.0735228	-0.172478	0.224395	0.241651	0	0	-0.0602114	-0.158419	-0.0100586	-0.176152	-0.299603	0.328205	0.788633	0.985323	0	0	0.000118552	-0.403509	0.421232	0.674621	1.01893	0	0
2.82374	-0.0402447	-0.152818	1.50746	-0.109321	0.948402	0.290245	0.531017	-0.180108	-0.179177	0.242052	0.0498759	0	0	0.172041	0.0722086	-0.171329	0.226623	0.245148	0	0	-0.0591276	-0.157086	-0.0104767	-0.177	-0.298856	0.328107	0.787457	0.984725	0	0	0.00139432	-0.403749	0.422825	0.674789	1.01872	0	0
2.83372	-0.0397766	-0.153657	1.50969	-0.10839	0.947973	0.287693	0.532764	-0.176681	-0.171367	0.227357	0.0473577	0	0	0.170985	0.0707294	-0.169983	0.228947	0.248713	0	0	-0.0579416	-0.155543	-0.0108857	-0.177909	-0.298031	0.327916	0.786239	0.984111	0	0	0.00254875	-0.403836	0.424209	0.675125	1.0188	0	0
2.84369	-0.0391814	-0.154492	1.51217	-0.107446	0.947538	0.285066	0.534197	-0.173446	-0.164022	0.214083	0.0454452	0	0	0.169854	0.0691101	-0.168414	0.231322	0.252324	0	0	-0.0566863	-0.153809	-0.0112865	-0.178886	-0.297127	0.327622	0.784965	0.983489	0	0	0.00357801	-0.40378	0.425416	0.675629	1.01918	0	0
2.85367	-0.0384756	-0.155293	1.51489	-0.106488	0.947098	0.282358	0.535253	-0.170451	-0.157456	0.202194	0.0440619	0	0	0.168597	0.0673765	-0.166598	0.23371	0.255957	0	0	-0.0553839	-0.151909	-0.0116793	-0.179942	-0.296146	0.327218	0.783627	0.982864	0	0	0.00448339	-0.403592	0.426485	0.67629	1.01986	0	0
2.86365	-0.0376775	-0.156044	1.51787	-0.105516	0.946657	0.279567	0.535889	-0.167738	-0.151936	0.191645	0.0431148	0	0	0.167176	0.0655531	-0.16451	0.236079	0.259593	0	0	-0.0540454	-0.149866	-0.0120643	-0.181087	-0.29509	0.326707	0.782222	0.98224	0	0	0.00527136	-0.403282	0.427466	0.67709	1.02084	0	0
2.87363	-0.0368056	-0.156739	1.52111	-0.10453	0.946216	0.276688	0.536073	-0.16533	-0.147665	0.182381	0.0424972	0	0	0.165573	0.0636606	-0.16213	0.238406	0.263214	0	0	-0.0526714	-0.147703	-0.0124418	-0.18233	-0.293966	0.326097	0.780756	0.981616	0	0	0.00595335	-0.40286	0.428412	0.677998	1.02205	0	0
2.88361	-0.035877	-0.157379	1.52463	-0.103527	0.945777	0.273721	0.535788	-0.163243	-0.144777	0.174337	0.0420901	0	0	0.163784	0.0617149	-0.15944	0.240673	0.266801	0	0	-0.0512546	-0.145441	-0.0128111	-0.183681	-0.292784	0.325405	0.779235	0.980985	0	0	0.00654533	-0.402332	0.429377	0.678975	1.02346	0	0
2.89358	-0.0349056	-0.157976	1.52841	-0.102507	0.945343	0.270663	0.535022	-0.161473	-0.143337	0.167431	0.0417643	0	0	0.161816	0.059726	-0.156428	0.242868	0.270336	0	0	-0.0497829	-0.143097	-0.0131705	-0.185145	-0.291557	0.324659	0.777668	0.980336	0	0	0.00706704	-0.401704	0.430412	0.679973	1.02498	0	0
2.90356	-0.0339017	-0.158541	1.53248	-0.101466	0.944916	0.267515	0.533772	-0.160007	-0.143339	0.161571	0.0413833	0	0	0.159682	0.0576972	-0.153085	0.244983	0.273798	0	0	-0.0482427	-0.140682	-0.0135166	-0.186723	-0.2903	0.323892	0.776066	0.979651	0	0	0.00754117	-0.400976	0.431566	0.680937	1.02656	0	0
2.91354	-0.0328708	-0.159089	1.53683	-0.100402	0.944499	0.264277	0.532042	-0.15882	-0.144721	0.156655	0.0408074	0	0	0.157399	0.055625	-0.149407	0.247011	0.277164	0	0	-0.0466213	-0.138204	-0.0138436	-0.188409	-0.289031	0.323147	0.774435	0.97891	0	0	0.00799245	-0.400148	0.432878	0.681808	1.02812	0	0
2.92352	-0.0318126	-0.159631	1.54145	-0.0993111	0.944096	0.260954	0.52984	-0.157877	-0.147376	0.152575	0.0398984	0	0	0.154986	0.053499	-0.145401	0.248947	0.280409	0	0	-0.0449095	-0.135665	-0.0141426	-0.190191	-0.287772	0.322473	0.772778	0.978087	0	0	0.00844649	-0.399214	0.434383	0.682524	1.02959	0	0
2.9335	-0.0307217	-0.160177	1.54634	-0.0981907	0.94371	0.257547	0.527183	-0.157134	-0.151164	0.149224	0.0385261	0	0	0.152458	0.0513022	-0.141079	0.250789	0.283501	0	0	-0.0431032	-0.13306	-0.0144006	-0.192047	-0.286545	0.321923	0.771092	0.977157	0	0	0.00892822	-0.398165	0.436103	0.683027	1.03092	0	0
2.94347	-0.0295894	-0.160733	1.55148	-0.0970367	0.943346	0.25406	0.524098	-0.156542	-0.155924	0.146505	0.0365764	0	0	0.149829	0.049014	-0.136469	0.252532	0.286405	0	0	-0.0412033	-0.130383	-0.0145985	-0.19395	-0.285375	0.32155	0.769368	0.976096	0	0	0.00945939	-0.396992	0.43805	0.683262	1.03204	0	0
2.95345	-0.0284058	-0.161301	1.55683	-0.0958449	0.943011	0.2505	0.520627	-0.156053	-0.16148	0.144332	0.0339599	0	0	0.147111	0.0466119	-0.131616	0.25417	0.289076	0	0	-0.0392151	-0.127628	-0.0147105	-0.19586	-0.284288	0.321412	0.767591	0.974885	0	0	0.010056	-0.395679	0.440221	0.683184	1.03292	0	0
2.96343	-0.0271611	-0.161881	1.56234	-0.0946113	0.942709	0.246872	0.516822	-0.155614	-0.167654	0.142638	0.03062	0	0	0.14431	0.0440733	-0.126582	0.255699	0.291463	0	0	-0.037148	-0.124788	-0.0147037	-0.197733	-0.283309	0.321558	0.76574	0.973514	0	0	0.0107258	-0.394213	0.442598	0.682761	1.0335	0	0
2.97341	-0.0258408	-0.162466	1.56797	-0.0933316	0.942447	0.243181	0.512747	-0.155174	-0.174285	0.141375	0.0265369	0	0	0.141432	0.0413719	-0.121437	0.257115	0.293518	0	0	-0.0350183	-0.121851	-0.0145414	-0.199521	-0.282464	0.322027	0.763793	0.971979	0	0	0.0114719	-0.392578	0.445155	0.681972	1.03376	0	0
2.98338	-0.0244327	-0.163049	1.57364	-0.0920015	0.942232	0.239433	0.508473	-0.154683	-0.181221	0.140515	0.0217364	0	0	0.138477	0.0384842	-0.116266	0.258418	0.295191	0	0	-0.0328443	-0.118809	-0.014182	-0.201174	-0.281777	0.322845	0.761728	0.970289	0	0	0.0122867	-0.390759	0.447847	0.680813	1.03371	0	0
2.99336	-0.0229278	-0.163618	1.57928	-0.0906169	0.94207	0.235634	0.504079	-0.154096	-0.188327	0.140053	0.0162891	0	0	0.135447	0.0353908	-0.111161	0.259609	0.296435	0	0	-0.0306464	-0.115657	-0.0135835	-0.202644	-0.28127	0.324021	0.759528	0.968461	0	0	0.013151	-0.388742	0.450616	0.679298	1.03336	0	0
3.00334	-0.0213225	-0.164163	1.58481	-0.0891736	0.941966	0.231791	0.499645	-0.153375	-0.195478	0.139997	0.0103089	0	0	0.132339	0.0320794	-0.106219	0.260691	0.297208	0	0	-0.0284453	-0.112395	-0.0127058	-0.203883	-0.280961	0.325553	0.757179	0.966527	0	0	0.0140331	-0.386522	0.453393	0.67746	1.03274	0	0
3.01332	-0.0196197	-0.16467	1.59014	-0.0876678	0.941926	0.227907	0.495249	-0.152488	-0.202561	0.140362	0.00394535	0	0	0.12915	0.0285453	-0.101535	0.261667	0.297473	0	0	-0.0262605	-0.109028	-0.0115149	-0.204851	-0.280868	0.327421	0.754679	0.964524	0	0	0.0148915	-0.384095	0.456101	0.675346	1.03189	0	0
3.0233	-0.0178299	-0.165127	1.5952	-0.086096	0.941954	0.223988	0.490956	-0.151411	-0.209472	0.141168	-0.0026258	0	0	0.125875	0.0247937	-0.097199	0.262545	0.297199	0	0	-0.0241098	-0.105573	-0.00998501	-0.205513	-0.281002	0.329596	0.752036	0.962492	0	0	0.015677	-0.381469	0.458667	0.673014	1.03087	0	0
3.03327	-0.0159719	-0.165524	1.59991	-0.084455	0.942052	0.220038	0.486819	-0.150128	-0.216109	0.142425	-0.00921464	0	0	0.122508	0.0208392	-0.0932876	0.263333	0.296365	0	0	-0.0220074	-0.102049	-0.00810224	-0.205847	-0.281371	0.332038	0.749274	0.960471	0	0	0.0163359	-0.378658	0.461023	0.670531	1.02971	0	0
3.04325	-0.0140724	-0.16585	1.60421	-0.0827421	0.942222	0.21606	0.482874	-0.148628	-0.222376	0.144132	-0.0156307	0	0	0.119042	0.0167062	-0.0898619	0.26404	0.294956	0	0	-0.0199641	-0.0984877	-0.00586715	-0.205838	-0.28198	0.334698	0.74643	0.958496	0	0	0.016813	-0.375687	0.463114	0.667964	1.02847	0	0
3.05323	-0.0121653	-0.166097	1.60803	-0.0809553	0.942462	0.212057	0.479132	-0.146912	-0.228182	0.146265	-0.0216946	0	0	0.115472	0.0124277	-0.0869627	0.264677	0.292968	0	0	-0.017987	-0.0949263	-0.00329703	-0.205483	-0.282826	0.337523	0.743553	0.9566	0	0	0.0170552	-0.372588	0.464901	0.665377	1.02719	0	0
3.06321	-0.0102891	-0.16626	1.61136	-0.0790931	0.942772	0.208032	0.475588	-0.144985	-0.233443	0.14878	-0.0272493	0	0	0.111795	0.00804288	-0.0846073	0.26526	0.290403	0	0	-0.0160799	-0.0914069	-0.000427453	-0.20479	-0.283904	0.340455	0.740709	0.954813	0	0	0.0170151	-0.369402	0.466361	0.66283	1.0259	0	0
3.07319	-0.00848329	-0.166335	1.61419	-0.077155	0.943146	0.203985	0.472212	-0.142858	-0.238094	0.151611	-0.0321705	0	0	0.108011	0.00359271	-0.082786	0.265806	0.287271	0	0	-0.014244	-0.0879731	0.00268665	-0.203773	-0.285204	0.343435	0.737972	0.953163	0	0	0.0166546	-0.366174	0.467491	0.66037	1.02462	0	0
3.08316	-0.00678295	-0.16632	1.61652	-0.075141	0.94358	0.19992	0.468958	-0.140545	-0.242097	0.15467	-0.0363731	0	0	0.104126	-0.000884776	-0.0814607	0.266336	0.283593	0	0	-0.0124779	-0.0846642	0.00597178	-0.202458	-0.286709	0.346403	0.735421	0.951676	0	0	0.0159495	-0.362954	0.468313	0.658029	1.02338	0	0
3.09314	-0.00521782	-0.16622	1.61839	-0.0730523	0.944066	0.195839	0.465772	-0.138062	-0.24544	0.157855	-0.0398108	0	0	0.100155	-0.00535612	-0.0805676	0.26688	0.279395	0	0	-0.0107765	-0.0815149	0.00933864	-0.200876	-0.288401	0.349299	0.733142	0.950378	0	0	0.0148902	-0.35979	0.468865	0.655824	1.02216	0	0
3.10312	-0.00380905	-0.166046	1.61988	-0.070891	0.944598	0.191743	0.462596	-0.135428	-0.248141	0.161056	-0.042475	0	0	0.0961304	-0.00979539	-0.0800196	0.267472	0.274712	0	0	-0.00912943	-0.0785519	0.0126861	-0.199063	-0.290257	0.352059	0.731222	0.9493	0	0	0.0134834	-0.356732	0.469207	0.653757	1.02098	0	0
3.1131	-0.00256692	-0.165816	1.62107	-0.06866	0.945165	0.187635	0.459378	-0.132666	-0.250256	0.164164	-0.0443917	0	0	0.0920967	-0.0141865	-0.0797102	0.268154	0.269587	0	0	-0.0075211	-0.0757914	0.015906	-0.197062	-0.29225	0.354613	0.729746	0.948476	0	0	0.0117524	-0.353823	0.469413	0.651813	1.01983	0	0
3.12308	-0.00148963	-0.165557	1.62205	-0.0663632	0.945759	0.183519	0.456076	-0.129796	-0.251874	0.167081	-0.0456156	0	0	0.0881151	-0.0185244	-0.0795194	0.268975	0.264071	0	0	-0.00593032	-0.0732379	0.0188893	-0.19492	-0.294353	0.356891	0.728793	0.947946	0	0	0.00973606	-0.351099	0.469565	0.649968	1.01868	0	0
3.13305	-0.000561731	-0.1653	1.62294	-0.0640051	0.946371	0.179397	0.452663	-0.126838	-0.253117	0.169724	-0.0462224	0	0	0.0842575	-0.0228168	-0.0793219	0.269984	0.258217	0	0	-0.0043325	-0.070882	0.0215322	-0.192682	-0.29654	0.358822	0.728432	0.947751	0	0	0.0074871	-0.348587	0.469754	0.648184	1.01752	0	0
3.14303	0.000244481	-0.165079	1.62385	-0.061591	0.946991	0.175275	0.44913	-0.123809	-0.25413	0.172035	-0.0463	0	0	0.0806021	-0.0270832	-0.0789955	0.271232	0.25208	0	0	-0.0027011	-0.0687016	0.0237433	-0.190398	-0.298786	0.360343	0.728722	0.947927	0	0	0.00506757	-0.346302	0.470066	0.646417	1.01632	0	0
3.15301	0.000966258	-0.16493	1.6249	-0.0591265	0.947612	0.171155	0.445479	-0.120723	-0.255067	0.173979	-0.045939	0	0	0.0772282	-0.0313525	-0.0784305	0.272766	0.245714	0	0	-0.00100926	-0.0666643	0.0254492	-0.188111	-0.301071	0.361398	0.729702	0.948502	0	0	0.00254406	-0.344247	0.470577	0.644624	1.01505	0	0
3.16299	0.0016473	-0.164886	1.62618	-0.0566175	0.948224	0.167041	0.441732	-0.117589	-0.256082	0.175549	-0.0452247	0	0	0.0742084	-0.0356599	-0.077539	0.274626	0.239172	0	0	0.000767111	-0.0647298	0.0266003	-0.185865	-0.30338	0.361941	0.731402	0.94949	0	0	-1.76837e-05	-0.342415	0.471343	0.642764	1.01369	0	0
3.17296	0.00233372	-0.164972	1.62776	-0.0540699	0.948821	0.162939	0.437915	-0.114411	-0.257307	0.176764	-0.0442298	0	0	0.0716032	-0.0400436	-0.0762622	0.276842	0.232503	0	0	0.00264702	-0.0628538	0.0271741	-0.183699	-0.305701	0.361938	0.733831	0.950894	0	0	-0.00255768	-0.340787	0.472392	0.640806	1.01223	0	0
3.18294	0.00306973	-0.165205	1.6297	-0.0514895	0.949399	0.158851	0.434064	-0.111188	-0.258849	0.177662	-0.0430097	0	0	0.0694549	-0.0445407	-0.0745747	0.279434	0.225752	0	0	0.00464206	-0.0609917	0.0271776	-0.181649	-0.308031	0.361367	0.736986	0.9527	0	0	-0.00502593	-0.339334	0.473722	0.638731	1.01066	0	0
3.19292	0.00389347	-0.165592	1.63203	-0.0488817	0.949952	0.154782	0.430215	-0.107919	-0.260775	0.178302	-0.0416004	0	0	0.0677824	-0.0491824	-0.0724854	0.282407	0.218955	0	0	0.00675376	-0.0591024	0.0266464	-0.179744	-0.310368	0.360221	0.740851	0.954884	0	0	-0.00738483	-0.338021	0.475295	0.636535	1.00899	0	0
3.2029	0.00483272	-0.166125	1.63473	-0.0462515	0.950477	0.150732	0.426397	-0.104598	-0.263117	0.178752	-0.0400169	0	0	0.0665791	-0.0539898	-0.0700347	0.285756	0.212144	0	0	0.00897202	-0.0571521	0.0256426	-0.178013	-0.312718	0.358502	0.745397	0.957409	0	0	-0.00961005	-0.336806	0.477042	0.634227	1.00726	0	0
3.21288	0.00590456	-0.166783	1.63779	-0.0436032	0.950974	0.146706	0.422633	-0.101221	-0.265864	0.179088	-0.0382571	0	0	0.0658149	-0.0589743	-0.0672918	0.289463	0.205342	0	0	0.0112758	-0.0551153	0.0242505	-0.176476	-0.315087	0.356225	0.750585	0.960233	0	0	-0.01169	-0.335643	0.478869	0.631829	1.00548	0	0
3.22285	0.00711614	-0.167537	1.64113	-0.0409406	0.95144	0.142704	0.418939	-0.097782	-0.26897	0.179383	-0.0363055	0	0	0.065442	-0.0641387	-0.0643498	0.293508	0.198567	0	0	0.013635	-0.052974	0.0225714	-0.175149	-0.317486	0.353413	0.756368	0.96331	0	0	-0.0136247	-0.334487	0.480661	0.629376	1.00372	0	0
3.23283	0.00846602	-0.16835	1.64469	-0.0382668	0.951876	0.138728	0.415317	-0.094271	-0.272359	0.179703	-0.0341391	0	0	0.0654007	-0.0694798	-0.0613183	0.297871	0.191832	0	0	0.0160125	-0.0507173	0.0207166	-0.174041	-0.319924	0.350102	0.762688	0.96659	0	0	-0.0154236	-0.333296	0.482293	0.626911	1.00203	0	0
3.24281	0.00994605	-0.169178	1.64839	-0.0355844	0.952283	0.13478	0.411763	-0.0906764	-0.275939	0.180103	-0.0317322	0	0	0.0656275	-0.0749896	-0.0583145	0.302536	0.185145	0	0	0.0183667	-0.0483399	0.018799	-0.173155	-0.322411	0.346337	0.769486	0.970025	0	0	-0.0171024	-0.332032	0.483637	0.624481	1.00045	0	0
3.25279	0.0115435	-0.16998	1.65215	-0.0328957	0.952662	0.130859	0.408264	-0.0869853	-0.279607	0.180623	-0.0290617	0	0	0.0660619	-0.0806577	-0.055453	0.307502	0.178514	0	0	0.0206544	-0.0458407	0.0169265	-0.172485	-0.324956	0.342169	0.776694	0.973572	0	0	-0.0186793	-0.330663	0.484573	0.622137	0.999047	0	0
3.26277	0.0132422	-0.170715	1.65587	-0.0302027	0.953015	0.126967	0.4048	-0.0831856	-0.28326	0.181284	-0.0261107	0	0	0.0666536	-0.0864716	-0.0528368	0.312777	0.171941	0	0	0.0228336	-0.0432227	0.0151952	-0.172021	-0.327565	0.337655	0.784246	0.977189	0	0	-0.0201731	-0.329167	0.484998	0.619928	0.997866	0	0
3.27274	0.0150239	-0.171348	1.6595	-0.0275073	0.953342	0.123106	0.401351	-0.0792673	-0.286807	0.182094	-0.0228712	0	0	0.0673677	-0.0924168	-0.0505481	0.318386	0.165426	0	0	0.0248665	-0.0404921	0.0136837	-0.171745	-0.330243	0.332859	0.792071	0.980835	0	0	-0.0216003	-0.327529	0.484832	0.617903	0.99695	0	0
3.28272	0.0168709	-0.171852	1.66297	-0.0248118	0.953645	0.119276	0.397895	-0.0752238	-0.290169	0.183048	-0.019345	0	0	0.0681883	-0.0984784	-0.0486408	0.324371	0.158966	0	0	0.0267217	-0.037657	0.0124496	-0.171633	-0.332993	0.327852	0.800099	0.98447	0	0	-0.0229738	-0.325745	0.484025	0.616106	0.996336	0	0
3.2927	0.018767	-0.172208	1.66624	-0.0221185	0.953925	0.11548	0.394413	-0.0710527	-0.293293	0.184127	-0.015544	0	0	0.0691199	-0.104641	-0.0471345	0.330782	0.152552	0	0	0.0283756	-0.0347255	0.0115268	-0.171658	-0.335819	0.322707	0.808258	0.988048	0	0	-0.0243002	-0.32382	0.482557	0.614576	0.996048	0	0
3.30268	0.0206998	-0.172409	1.6693	-0.0194305	0.954183	0.111721	0.390891	-0.0667561	-0.29615	0.185307	-0.011488	0	0	0.0701871	-0.110891	-0.0460116	0.337684	0.14617	0	0	0.0298129	-0.0317048	0.0109261	-0.171788	-0.33872	0.317501	0.816483	0.991522	0	0	-0.0255791	-0.321765	0.480448	0.613345	0.996097	0	0
3.31265	0.0226607	-0.172453	1.67215	-0.0167512	0.954419	0.108	0.387318	-0.0623402	-0.298735	0.186558	-0.00720372	0	0	0.0714308	-0.117214	-0.0452175	0.345142	0.139798	0	0	0.031027	-0.0286003	0.0106365	-0.171991	-0.341697	0.31231	0.824705	0.994839	0	0	-0.0268022	-0.319599	0.477754	0.612436	0.996473	0	0
3.32263	0.0246461	-0.172347	1.67481	-0.0140847	0.954633	0.104322	0.383691	-0.0578151	-0.301069	0.187848	-0.00272158	0	0	0.0729038	-0.123596	-0.044663	0.35322	0.133406	0	0	0.0320192	-0.0254147	0.010629	-0.172235	-0.344751	0.307208	0.832863	0.997937	0	0	-0.0279536	-0.317344	0.474563	0.611863	0.997147	0	0
3.33261	0.0266567	-0.172102	1.67731	-0.0114356	0.954825	0.100688	0.380009	-0.0531932	-0.30319	0.189149	0.00192596	0	0	0.0746646	-0.130024	-0.0442298	0.361976	0.126955	0	0	0.0327974	-0.022148	0.0108602	-0.172487	-0.347884	0.302271	0.840893	1.00074	0	0	-0.0290107	-0.315025	0.470997	0.611628	0.998064	0	0
3.34259	0.0287004	-0.171732	1.6797	-0.00880891	0.954996	0.0971028	0.376273	-0.0484849	-0.305153	0.190433	0.00670709	0	0	0.0767698	-0.136492	-0.0437821	0.371454	0.120396	0	0	0.0333702	-0.0187933	0.0112805	-0.172728	-0.351091	0.297538	0.848745	1.00325	0	0	-0.0299501	-0.312666	0.467168	0.61173	0.999206	0	0
3.35257	0.0307885	-0.171249	1.68202	-0.00620991	0.955145	0.0935683	0.372483	-0.0437003	-0.307022	0.191673	0.0115919	0	0	0.0792681	-0.14299	-0.0431721	0.381677	0.113673	0	0	0.033748	-0.0153416	0.0118364	-0.172941	-0.354367	0.293033	0.856371	1.00548	0	0	-0.0307489	-0.310286	0.463183	0.612164	1.00057	0	0
3.36254	0.0329293	-0.170665	1.68433	-0.00364391	0.955274	0.0900873	0.368642	-0.0388532	-0.308856	0.192851	0.0165503	0	0	0.0821939	-0.149506	-0.0422468	0.392644	0.106721	0	0	0.0339436	-0.0117881	0.0124749	-0.173109	-0.357706	0.288777	0.863719	1.00745	0	0	-0.031385	-0.307902	0.459146	0.612913	1.00217	0	0
3.37252	0.0351261	-0.169992	1.68667	-0.00111606	0.955382	0.0866617	0.364751	-0.0339613	-0.310712	0.19395	0.0215528	0	0	0.0855629	-0.156018	-0.0408571	0.404319	0.0994723	0	0	0.0339719	-0.00813431	0.0131471	-0.173215	-0.361098	0.2848	0.870728	1.00921	0	0	-0.0318377	-0.30553	0.45516	0.613952	1.00399	0	0
3.3825	0.0373792	-0.169239	1.68908	0.00136886	0.955472	0.0832928	0.360811	-0.0290426	-0.312634	0.194958	0.0265735	0	0	0.0893713	-0.162499	-0.0388703	0.416641	0.0918544	0	0	0.0338473	-0.00438542	0.0138114	-0.173239	-0.364537	0.281135	0.877337	1.01077	0	0	-0.0320898	-0.30318	0.451313	0.615249	1.00605	0	0
3.39248	0.039684	-0.168409	1.69159	0.00380664	0.955546	0.0799813	0.35682	-0.0241156	-0.314656	0.195868	0.0315896	0	0	0.0935958	-0.168921	-0.0361787	0.429522	0.0837959	0	0	0.033583	-0.000551092	0.0144355	-0.173163	-0.368012	0.277815	0.883487	1.01214	0	0	-0.0321286	-0.300859	0.447677	0.616766	1.00832	0	0
3.40246	0.0420304	-0.167507	1.69421	0.00619383	0.955605	0.0767272	0.352777	-0.0191992	-0.316795	0.196674	0.0365821	0	0	0.0981945	-0.175252	-0.032705	0.442857	0.0752309	0	0	0.033191	0.00335313	0.0149978	-0.17297	-0.371515	0.274877	0.889121	1.01333	0	0	-0.0319473	-0.298571	0.444304	0.618462	1.0108	0	0
3.41243	0.0444018	-0.16653	1.69694	0.00852781	0.955652	0.0735298	0.348677	-0.0143135	-0.319054	0.197376	0.0415347	0	0	0.10311	-0.181456	-0.0284064	0.456525	0.0661035	0	0	0.0326817	0.00730543	0.0154871	-0.172645	-0.375035	0.272356	0.894188	1.01434	0	0	-0.0315457	-0.296317	0.441224	0.620299	1.01349	0	0
3.42241	0.0467756	-0.165479	1.69978	0.0108069	0.95569	0.0703877	0.344518	-0.00947966	-0.321419	0.197975	0.0464341	0	0	0.108274	-0.187495	-0.0232753	0.470395	0.0563735	0	0	0.0320642	0.0112777	0.0159019	-0.172174	-0.378559	0.27029	0.898645	1.01516	0	0	-0.0309311	-0.294099	0.438447	0.622238	1.01636	0	0
3.43239	0.0491234	-0.164351	1.70269	0.0130304	0.955722	0.0672991	0.340296	-0.00471965	-0.323864	0.198477	0.0512696	0	0	0.11361	-0.193333	-0.0173377	0.484338	0.0460199	0	0	0.0313465	0.0152364	0.0162482	-0.171546	-0.382073	0.26871	0.902455	1.01579	0	0	-0.030118	-0.29192	0.435965	0.62425	1.01943	0	0
3.44237	0.051413	-0.163145	1.70564	0.0151984	0.955753	0.0642615	0.336009	-5.61324e-05	-0.326349	0.198888	0.0560329	0	0	0.119039	-0.198931	-0.0106498	0.498229	0.0350446	0	0	0.0305354	0.0191437	0.0165379	-0.170753	-0.385561	0.267645	0.905594	1.01623	0	0	-0.0291278	-0.289785	0.433758	0.626311	1.02267	0	0
3.45235	0.0536098	-0.161858	1.7086	0.0173118	0.955783	0.0612725	0.331657	0.00448859	-0.328828	0.199218	0.0607178	0	0	0.124484	-0.204255	-0.0032926	0.511958	0.0234739	0	0	0.0296372	0.0229599	0.0167867	-0.169791	-0.389003	0.267113	0.908052	1.01646	0	0	-0.027988	-0.287706	0.431795	0.628411	1.02609	0	0
3.46232	0.0556798	-0.160491	1.71153	0.0193723	0.955817	0.0583289	0.327242	0.00889391	-0.33125	0.199477	0.0653195	0	0	0.129876	-0.209273	0.00463392	0.525431	0.0113588	0	0	0.0286575	0.0266455	0.0170118	-0.168664	-0.392377	0.267124	0.909829	1.01649	0	0	-0.0267306	-0.285695	0.43004	0.630546	1.02966	0	0
3.4723	0.0575931	-0.159046	1.71438	0.0213817	0.955858	0.055428	0.322764	0.0131432	-0.333566	0.199675	0.0698352	0	0	0.135156	-0.213964	0.0130184	0.538578	-0.00122812	0	0	0.0276008	0.0301659	0.0172288	-0.167379	-0.395663	0.267673	0.910942	1.01633	0	0	-0.0253918	-0.283771	0.428453	0.632728	1.03339	0	0
3.48228	0.0593255	-0.157523	1.71711	0.0233425	0.955906	0.0525667	0.318225	0.0172247	-0.335733	0.19982	0.0742625	0	0	0.140278	-0.218313	0.0217441	0.551356	-0.0141959	0	0	0.0264708	0.0334927	0.0174504	-0.165952	-0.398835	0.268741	0.911421	1.01598	0	0	-0.0240106	-0.281953	0.426991	0.634973	1.03727	0	0
3.49226	0.0608603	-0.155925	1.71971	0.025257	0.955963	0.0497423	0.313627	0.0211323	-0.337715	0.199917	0.0785997	0	0	0.14521	-0.222314	0.0306938	0.563745	-0.0274391	0	0	0.0252698	0.0366059	0.0176849	-0.164406	-0.401871	0.270295	0.91131	1.01547	0	0	-0.0226266	-0.280265	0.425608	0.63731	1.04129	0	0
3.50223	0.0621891	-0.154255	1.72214	0.0271278	0.956031	0.0469523	0.30897	0.0248658	-0.339487	0.19997	0.0828448	0	0	0.149936	-0.22597	0.0397537	0.575755	-0.0408429	0	0	0.0239991	0.0394947	0.0179367	-0.162768	-0.404746	0.272287	0.910661	1.01479	0	0	-0.0212786	-0.278726	0.424262	0.639766	1.04546	0	0
3.51221	0.0633119	-0.152513	1.72439	0.0289569	0.95611	0.0441944	0.304252	0.0284311	-0.341034	0.199976	0.0869954	0	0	0.154455	-0.229292	0.0488161	0.587417	-0.0542891	0	0	0.0226579	0.0421585	0.0182053	-0.161071	-0.40744	0.274659	0.909535	1.01398	0	0	-0.0200019	-0.277358	0.422914	0.642371	1.04977	0	0
3.52219	0.0642374	-0.150702	1.72645	0.0307465	0.9562	0.0414671	0.299468	0.0318401	-0.342354	0.199931	0.0910483	0	0	0.158776	-0.232301	0.0577805	0.598784	-0.0676617	0	0	0.0212441	0.0446063	0.0184872	-0.159354	-0.409932	0.277341	0.907999	1.01305	0	0	-0.018827	-0.276176	0.421533	0.645149	1.0542	0	0
3.53217	0.0649817	-0.148822	1.72833	0.0324984	0.9563	0.0387692	0.294612	0.0351098	-0.343452	0.199826	0.0949998	0	0	0.16292	-0.235021	0.0665542	0.609923	-0.0808533	0	0	0.0197536	0.0468566	0.0187759	-0.157654	-0.412206	0.280257	0.906122	1.01202	0	0	-0.0177783	-0.27519	0.420089	0.648116	1.05875	0	0
3.54215	0.0655671	-0.14687	1.73004	0.0342141	0.95641	0.0361	0.289676	0.0382612	-0.344346	0.199649	0.0988454	0	0	0.16692	-0.237485	0.0750514	0.620916	-0.0937715	0	0	0.0181808	0.0489358	0.0190629	-0.156013	-0.414249	0.283329	0.903972	1.01092	0	0	-0.0168742	-0.274405	0.418558	0.65128	1.06339	0	0
3.55212	0.0660206	-0.144845	1.73159	0.0358949	0.956526	0.0334598	0.284651	0.0413178	-0.345059	0.199389	0.102581	0	0	0.170811	-0.239728	0.0831924	0.631851	-0.106344	0	0	0.0165192	0.0508761	0.0193394	-0.154466	-0.416053	0.286482	0.901617	1.00974	0	0	-0.0161268	-0.273817	0.416918	0.654637	1.0681	0	0
3.5621	0.0663719	-0.142746	1.73298	0.0375421	0.956649	0.0308493	0.279531	0.0443047	-0.345618	0.199032	0.106202	0	0	0.174636	-0.241788	0.0909019	0.642819	-0.118524	0	0	0.0147621	0.0527133	0.019598	-0.153047	-0.417613	0.289647	0.899117	1.00851	0	0	-0.0155422	-0.273415	0.415149	0.658171	1.07285	0	0
3.57208	0.0666512	-0.140573	1.73424	0.0391568	0.956774	0.02827	0.274312	0.0472462	-0.34605	0.19857	0.109705	0	0	0.178441	-0.243703	0.0981076	0.653909	-0.130292	0	0	0.0129042	0.0544847	0.0198347	-0.151784	-0.41893	0.292763	0.896526	1.00722	0	0	-0.0151202	-0.273184	0.413233	0.661854	1.07761	0	0
3.58206	0.0668879	-0.13833	1.73538	0.0407404	0.9569	0.0257241	0.268998	0.050165	-0.346379	0.197995	0.113087	0	0	0.182275	-0.245511	0.10474	0.665204	-0.141659	0	0	0.010943	0.0562263	0.020051	-0.150696	-0.420009	0.295782	0.893893	1.00589	0	0	-0.014855	-0.273101	0.411157	0.66565	1.08235	0	0
3.59204	0.0671082	-0.136026	1.73639	0.0422944	0.957024	0.0232143	0.263603	0.0530805	-0.34662	0.197309	0.116348	0	0	0.186187	-0.247246	0.11073	0.676778	-0.152666	0	0	0.00888094	0.0579702	0.0202556	-0.149797	-0.420858	0.298666	0.891256	1.00451	0	0	-0.0147354	-0.27314	0.408914	0.669512	1.08703	0	0
3.60201	0.0673343	-0.133678	1.73727	0.0438203	0.957141	0.0207438	0.258153	0.0560074	-0.346779	0.196519	0.119488	0	0	0.190231	-0.248941	0.116013	0.688691	-0.163385	0	0	0.00672696	0.0597424	0.0204654	-0.149094	-0.421487	0.301393	0.888645	1.00309	0	0	-0.014746	-0.273274	0.406502	0.673389	1.09162	0	0
3.61199	0.0675823	-0.131312	1.738	0.04532	0.95725	0.0183162	0.252688	0.0589545	-0.34685	0.195641	0.12251	0	0	0.194461	-0.250621	0.120527	0.700993	-0.173915	0	0	0.00449855	0.0615609	0.0207058	-0.148585	-0.421911	0.303952	0.886084	1.00162	0	0	-0.0148685	-0.273473	0.403929	0.677226	1.09607	0	0
3.62197	0.0678617	-0.128963	1.73856	0.0467955	0.957347	0.0159349	0.247266	0.061923	-0.346812	0.194701	0.12542	0	0	0.198935	-0.252304	0.124216	0.713715	-0.184378	0	0	0.00222279	0.0634333	0.0210105	-0.148259	-0.422144	0.306348	0.883586	1.00011	0	0	-0.0150826	-0.273714	0.401206	0.680967	1.10036	0	0
3.63195	0.0681734	-0.126678	1.73891	0.0482488	0.95743	0.0136035	0.241959	0.0649053	-0.346633	0.193731	0.128226	0	0	0.203713	-0.254002	0.127032	0.726875	-0.194911	0	0	-6.34629e-05	0.0653558	0.0214187	-0.148101	-0.4222	0.308597	0.881157	0.998555	0	0	-0.0153679	-0.273972	0.398353	0.68456	1.10445	0	0
3.64192	0.0685092	-0.124513	1.73901	0.0496817	0.957496	0.0113247	0.23685	0.0678832	-0.34627	0.192775	0.130939	0	0	0.208854	-0.25571	0.128938	0.740473	-0.205659	0	0	-0.00231475	0.0673117	0.0219743	-0.148089	-0.422094	0.310724	0.878794	0.996968	0	0	-0.0157034	-0.274231	0.395399	0.687952	1.10831	0	0
3.6519	0.0688498	-0.122528	1.7388	0.0510958	0.957545	0.00910073	0.232032	0.0708268	-0.345671	0.191879	0.133573	0	0	0.214412	-0.257414	0.129914	0.754493	-0.216767	0	0	-0.00448043	0.0692708	0.0227212	-0.148196	-0.421836	0.312763	0.876488	0.995358	0	0	-0.0160679	-0.274477	0.392386	0.691095	1.1119	0	0
3.66188	0.0691635	-0.120782	1.73825	0.0524921	0.957576	0.00693255	0.227591	0.0736932	-0.344787	0.191093	0.136143	0	0	0.220428	-0.259082	0.129958	0.768898	-0.228363	0	0	-0.00651089	0.071189	0.0236975	-0.14839	-0.421435	0.314755	0.874219	0.993739	0	0	-0.0164411	-0.274704	0.389366	0.693939	1.11518	0	0
3.67186	0.0694047	-0.119321	1.73731	0.0538708	0.957591	0.00481997	0.223593	0.0764257	-0.343572	0.19046	0.138667	0	0	0.226918	-0.260662	0.129091	0.783632	-0.240555	0	0	-0.00836687	0.0730093	0.0249284	-0.148635	-0.420895	0.316747	0.871954	0.992129	0	0	-0.0168043	-0.274908	0.386402	0.696435	1.1181	0	0
3.68184	0.0695123	-0.118165	1.73595	0.0552314	0.957591	0.00276137	0.220064	0.0789542	-0.341998	0.190012	0.141159	0	0	0.233859	-0.262082	0.127365	0.798615	-0.253415	0	0	-0.0100325	0.0746631	0.0264172	-0.148889	-0.420215	0.318797	0.869647	0.990544	0	0	-0.0171417	-0.275092	0.383568	0.698531	1.1206	0	0
3.69181	0.0694088	-0.11729	1.73417	0.0565725	0.95758	0.000753738	0.216959	0.0811968	-0.34006	0.189757	0.143634	0	0	0.24116	-0.263247	0.124863	0.813735	-0.26697	0	0	-0.0115316	0.0760731	0.0281353	-0.149102	-0.419388	0.320974	0.867232	0.989	0	0	-0.0174398	-0.275259	0.380945	0.700165	1.12261	0	0
3.70179	0.0690588	-0.116656	1.732	0.0578919	0.95756	-0.00120714	0.214213	0.0831181	-0.337786	0.189683	0.146096	0	0	0.248743	-0.264108	0.121701	0.828899	-0.281175	0	0	-0.0128941	0.0772093	0.0300356	-0.149244	-0.418415	0.323328	0.864666	0.987505	0	0	-0.0176925	-0.275412	0.378609	0.701296	1.12405	0	0
3.71177	0.0684512	-0.116208	1.72949	0.0591867	0.957536	-0.00312647	0.211741	0.0847163	-0.335187	0.189754	0.148544	0	0	0.256526	-0.264645	0.118001	0.844023	-0.295915	0	0	-0.0141574	0.0780683	0.0320661	-0.149295	-0.417302	0.325907	0.861917	0.986045	0	0	-0.0179062	-0.275553	0.376599	0.701906	1.1249	0	0
3.72175	0.0675953	-0.115892	1.72667	0.0604534	0.957512	-0.0050101	0.209454	0.0860109	-0.332289	0.189927	0.150975	0	0	0.264439	-0.264859	0.113895	0.859041	-0.310986	0	0	-0.0153598	0.0786683	0.0341683	-0.149247	-0.416057	0.32874	0.858972	0.9846	0	0	-0.0180938	-0.275679	0.374934	0.701996	1.12518	0	0
3.73173	0.0665147	-0.115657	1.72362	0.0616884	0.957491	-0.00686416	0.207271	0.0870334	-0.329128	0.19016	0.153383	0	0	0.272433	-0.264762	0.109512	0.873899	-0.326104	0	0	-0.0165327	0.0790417	0.0362808	-0.1491	-0.414693	0.331848	0.855825	0.983139	0	0	-0.0182723	-0.275789	0.373619	0.701578	1.1249	0	0
3.7417	0.0652413	-0.115459	1.72039	0.0628878	0.957477	-0.00869468	0.205126	0.0878207	-0.325753	0.190414	0.155765	0	0	0.280478	-0.264376	0.104968	0.888555	-0.340922	0	0	-0.0176987	0.0792272	0.0383435	-0.148859	-0.413223	0.335245	0.852481	0.98163	0	0	-0.0184606	-0.275881	0.372647	0.700674	1.12411	0	0
3.75168	0.0638101	-0.115266	1.71705	0.064048	0.957471	-0.0105074	0.202964	0.0884099	-0.322215	0.190655	0.158122	0	0	0.288554	-0.263727	0.100366	0.902974	-0.355027	0	0	-0.0188736	0.079266	0.0402997	-0.148533	-0.41166	0.338936	0.848949	0.980036	0	0	-0.0186766	-0.27595	0.372005	0.699315	1.12282	0	0
3.76166	0.0622568	-0.11505	1.71367	0.0651654	0.957476	-0.0123072	0.200743	0.0888359	-0.318572	0.190857	0.160451	0	0	0.296657	-0.262837	0.095789	0.91712	-0.367961	0	0	-0.0200685	0.0791976	0.0420987	-0.148131	-0.410018	0.342921	0.84524	0.978319	0	0	-0.0189352	-0.275995	0.371681	0.697533	1.12108	0	0
3.77164	0.0606143	-0.114792	1.71029	0.0662372	0.957493	-0.0140984	0.198432	0.089129	-0.314881	0.191	0.162755	0	0	0.304785	-0.261731	0.0912973	0.930955	-0.379242	0	0	-0.0212898	0.0790574	0.0436984	-0.147665	-0.408309	0.34719	0.841372	0.976448	0	0	-0.0192475	-0.276011	0.371661	0.695364	1.1189	0	0
3.78162	0.0589114	-0.114476	1.70696	0.067261	0.957522	-0.0158842	0.196014	0.0893134	-0.311196	0.191071	0.165035	0	0	0.312942	-0.260431	0.0869294	0.94443	-0.388389	0	0	-0.0225411	0.0788748	0.0450671	-0.14715	-0.406545	0.351726	0.837364	0.974396	0	0	-0.0196192	-0.275998	0.37193	0.692846	1.11632	0	0
3.79159	0.057171	-0.114097	1.70372	0.0682353	0.957562	-0.0176671	0.193477	0.0894063	-0.307569	0.191067	0.167294	0	0	0.32113	-0.258953	0.082702	0.957487	-0.394952	0	0	-0.0238239	0.0786715	0.0461846	-0.1466	-0.404736	0.356497	0.83324	0.972157	0	0	-0.0200515	-0.275953	0.372476	0.690018	1.11335	0	0
3.80157	0.0554094	-0.113649	1.70061	0.0691593	0.957612	-0.0194484	0.190825	0.0894174	-0.304046	0.19099	0.169536	0	0	0.32935	-0.257312	0.0786124	0.970052	-0.398536	0	0	-0.0251382	0.0784611	0.0470429	-0.146036	-0.402891	0.361459	0.829029	0.96974	0	0	-0.0205414	-0.275876	0.373281	0.686924	1.11003	0	0
3.81155	0.0536355	-0.113139	1.69765	0.0700329	0.957671	-0.0212288	0.188067	0.0893483	-0.300663	0.190855	0.171769	0	0	0.337601	-0.255518	0.0746407	0.982034	-0.398834	0	0	-0.0264815	0.0782476	0.047646	-0.145479	-0.401014	0.366554	0.824764	0.967182	0	0	-0.0210835	-0.275767	0.374324	0.683608	1.1064	0	0
3.82153	0.0518506	-0.112572	1.69484	0.0708571	0.957736	-0.0230083	0.185224	0.0891925	-0.297448	0.190682	0.174	0	0	0.345876	-0.253575	0.0707552	0.993327	-0.395647	0	0	-0.0278498	0.0780262	0.0480081	-0.144952	-0.399111	0.37171	0.820481	0.964537	0	0	-0.0216713	-0.275628	0.375579	0.68012	1.10254	0	0
3.8315	0.0500492	-0.111964	1.69219	0.0716333	0.957807	-0.0247867	0.182326	0.0889372	-0.294418	0.190498	0.176243	0	0	0.354167	-0.251482	0.066915	1.00381	-0.388899	0	0	-0.0292353	0.0777833	0.0481511	-0.144478	-0.397183	0.376859	0.816217	0.961874	0	0	-0.0222993	-0.275463	0.37701	0.676511	1.0985	0	0
3.84148	0.0482213	-0.11133	1.68969	0.0723639	0.95788	-0.0265632	0.179407	0.0885661	-0.291576	0.190334	0.178509	0	0	0.362459	-0.24924	0.0630754	1.01335	-0.378643	0	0	-0.0306279	0.0774997	0.048102	-0.144075	-0.395235	0.381935	0.812003	0.95926	0	0	-0.0229638	-0.275277	0.378579	0.672832	1.09435	0	0
3.85146	0.0463565	-0.110687	1.68733	0.0730517	0.957955	-0.0283373	0.176498	0.0880648	-0.288917	0.190221	0.180812	0	0	0.370726	-0.246849	0.0591924	1.02179	-0.365057	0	0	-0.0320188	0.0771551	0.0478906	-0.143757	-0.39327	0.386886	0.807871	0.956755	0	0	-0.0236637	-0.275076	0.380247	0.669136	1.09016	0	0
3.86144	0.0444491	-0.110045	1.68509	0.0736997	0.958028	-0.0301085	0.173623	0.0874287	-0.286423	0.190184	0.183159	0	0	0.378934	-0.24432	0.0552262	1.02901	-0.34843	0	0	-0.0334044	0.0767346	0.0475489	-0.143534	-0.391292	0.391668	0.803845	0.954405	0	0	-0.0244008	-0.274868	0.38197	0.665475	1.08597	0	0
3.87142	0.0425064	-0.1094	1.68295	0.0743116	0.958099	-0.0318763	0.170785	0.086673	-0.28407	0.190234	0.185551	0	0	0.38703	-0.241684	0.0511462	1.03485	-0.329146	0	0	-0.0347906	0.0762369	0.0471088	-0.143412	-0.389306	0.39625	0.799951	0.952244	0	0	-0.0251797	-0.274663	0.383704	0.661901	1.08184	0	0
3.88139	0.0405428	-0.108743	1.6809	0.0748908	0.958165	-0.033641	0.167979	0.085824	-0.281828	0.190377	0.187982	0	0	0.394956	-0.238983	0.046931	1.03917	-0.307665	0	0	-0.0361892	0.0756697	0.0466003	-0.143395	-0.387319	0.400609	0.796207	0.950298	0	0	-0.0260077	-0.27447	0.3854	0.658463	1.0778	0	0
3.89137	0.0385761	-0.108064	1.67893	0.0754405	0.958227	-0.0354029	0.165193	0.0849119	-0.279666	0.190612	0.190443	0	0	0.402651	-0.236261	0.0425681	1.04186	-0.284486	0	0	-0.0376135	0.075045	0.0460521	-0.143484	-0.385338	0.40473	0.792634	0.948578	0	0	-0.026893	-0.274295	0.38701	0.655206	1.07391	0	0
3.90135	0.0366244	-0.107352	1.67701	0.0759637	0.958282	-0.0371627	0.162417	0.0839663	-0.277556	0.19094	0.192927	0	0	0.410059	-0.233562	0.0380535	1.0428	-0.260133	0	0	-0.0390765	0.0743767	0.0454901	-0.143681	-0.383373	0.408604	0.789249	0.947091	0	0	-0.0278437	-0.274144	0.388482	0.652172	1.07021	0	0
3.91133	0.0347043	-0.106597	1.67513	0.0764628	0.958331	-0.0389215	0.159642	0.0830124	-0.275473	0.19136	0.195424	0	0	0.417126	-0.230922	0.0333896	1.04192	-0.235118	0	0	-0.0405884	0.0736783	0.0449381	-0.143984	-0.381435	0.412227	0.786067	0.945832	0	0	-0.0288667	-0.274017	0.389771	0.649393	1.06675	0	0
3.92131	0.0328295	-0.105794	1.67329	0.0769394	0.958373	-0.0406807	0.156862	0.0820702	-0.273397	0.191872	0.197928	0	0	0.423812	-0.228371	0.0285839	1.03915	-0.209922	0	0	-0.0421556	0.0729618	0.0444175	-0.144392	-0.379537	0.415604	0.783103	0.944787	0	0	-0.0299661	-0.273914	0.390833	0.646894	1.06356	0	0
3.93128	0.0310105	-0.104945	1.67147	0.0773947	0.958406	-0.042442	0.154078	0.0811533	-0.271315	0.192477	0.200434	0	0	0.430081	-0.225931	0.0236477	1.03445	-0.184977	0	0	-0.0437792	0.0722374	0.0439472	-0.144903	-0.377693	0.418742	0.780362	0.943936	0	0	-0.0311428	-0.273828	0.391635	0.64469	1.06069	0	0
3.94126	0.0292547	-0.10405	1.66967	0.0778288	0.958432	-0.0442073	0.15129	0.08027	-0.269218	0.193174	0.202939	0	0	0.435909	-0.223614	0.0185946	1.02779	-0.160654	0	0	-0.0454563	0.0715134	0.0435431	-0.145514	-0.375918	0.421656	0.77785	0.943251	0	0	-0.0323936	-0.273753	0.392153	0.642782	1.05816	0	0
3.95124	0.0275668	-0.103115	1.66789	0.0782412	0.958449	-0.045979	0.148497	0.0794242	-0.267104	0.193956	0.20544	0	0	0.441276	-0.221422	0.0134397	1.01919	-0.137255	0	0	-0.0471806	0.0707969	0.0432173	-0.146221	-0.374225	0.424365	0.775564	0.942698	0	0	-0.033712	-0.273678	0.392377	0.641162	1.05599	0	0
3.96122	0.0259493	-0.102144	1.66612	0.0786308	0.958456	-0.0477597	0.145699	0.0786167	-0.264977	0.194816	0.207935	0	0	0.446168	-0.219349	0.00819918	1.00865	-0.115013	0	0	-0.0489428	0.0700936	0.0429772	-0.147019	-0.372628	0.426893	0.773496	0.942238	0	0	-0.0350877	-0.273589	0.392307	0.639808	1.05418	0	0
3.97119	0.0244032	-0.101142	1.66438	0.0789959	0.958455	-0.049552	0.14289	0.0778468	-0.262845	0.195737	0.210424	0	0	0.450574	-0.217384	0.00288868	0.996193	-0.0940996	0	0	-0.0507313	0.0694091	0.0428256	-0.147904	-0.371138	0.429265	0.771634	0.94183	0	0	-0.0365084	-0.273475	0.39196	0.638691	1.05272	0	0
3.98117	0.0229288	-0.100112	1.66268	0.0793344	0.958444	-0.0513592	0.14006	0.0771128	-0.260722	0.1967	0.212907	0	0	0.454488	-0.215509	-0.00247686	0.981871	-0.0746285	0	0	-0.0525328	0.0687491	0.0427606	-0.148872	-0.369766	0.431507	0.76996	0.941431	0	0	-0.0379599	-0.273321	0.391363	0.637771	1.0516	0	0
3.99115	0.0215261	-0.0990591	1.66101	0.0796438	0.958424	-0.0531843	0.137197	0.0764138	-0.258622	0.197682	0.215383	0	0	0.457907	-0.213701	-0.00788429	0.965729	-0.0566696	0	0	-0.0543322	0.0681194	0.0427761	-0.149917	-0.368518	0.433647	0.768453	0.941001	0	0	-0.0394276	-0.273116	0.390552	0.637005	1.05076	0	0
4.00113	0.0201953	-0.097987	1.6594	0.0799218	0.958393	-0.0550306	0.134289	0.0757495	-0.25656	0.198657	0.217852	0	0	0.460831	-0.211937	-0.013323	0.947825	-0.0402564	0	0	-0.0561127	0.0675263	0.0428627	-0.151035	-0.367402	0.435709	0.767092	0.940502	0	0	-0.0408976	-0.272848	0.389572	0.636345	1.05017	0	0
4.01111	0.0189376	-0.0969018	1.65785	0.0801658	0.958353	-0.0569013	0.131325	0.0751207	-0.254551	0.199599	0.220314	0	0	0.463267	-0.210191	-0.0187859	0.928227	-0.0253966	0	0	-0.0578556	0.0669768	0.0430092	-0.152219	-0.36642	0.437713	0.765854	0.939902	0	0	-0.0423577	-0.272507	0.38847	0.635746	1.04978	0	0
4.02108	0.0177544	-0.0958109	1.65637	0.0803736	0.958301	-0.0587995	0.128298	0.0745292	-0.252607	0.200485	0.22277	0	0	0.465225	-0.208439	-0.0242692	0.907005	-0.0120791	0	0	-0.0595411	0.0664781	0.043203	-0.153464	-0.365575	0.439673	0.764719	0.93918	0	0	-0.0437981	-0.272087	0.387295	0.635163	1.04951	0	0
4.03106	0.0166478	-0.0947231	1.65497	0.080543	0.958237	-0.0607277	0.125204	0.0739767	-0.250737	0.201296	0.225221	0	0	0.466721	-0.206656	-0.0297729	0.884239	-0.000279907	0	0	-0.0611494	0.0660374	0.043431	-0.154765	-0.364868	0.441598	0.763668	0.93832	0	0	-0.0452127	-0.271582	0.38609	0.634561	1.04932	0	0
4.04104	0.0156199	-0.0936491	1.65364	0.0806724	0.95816	-0.0626882	0.122044	0.0734645	-0.248946	0.20202	0.227669	0	0	0.467776	-0.20482	-0.0352998	0.860015	0.0100348	0	0	-0.0626611	0.0656615	0.0436806	-0.156114	-0.364299	0.443489	0.762688	0.937323	0	0	-0.0465987	-0.270989	0.384896	0.633909	1.04915	0	0
4.05102	0.0146726	-0.0926014	1.65239	0.0807606	0.958068	-0.0646826	0.118828	0.0729929	-0.247238	0.202653	0.23012	0	0	0.468415	-0.202912	-0.0408559	0.834426	0.0189069	0	0	-0.0640577	0.0653562	0.0439414	-0.157504	-0.36387	0.445338	0.761771	0.936202	0	0	-0.0479566	-0.27031	0.383748	0.633186	1.04896	0	0
4.061	0.013807	-0.0915952	1.65122	0.0808067	0.957961	-0.0667121	0.115573	0.0725596	-0.245612	0.2032	0.232578	0	0	0.468669	-0.200911	-0.046449	0.807572	0.0263871	0	0	-0.0653217	0.0651258	0.0442057	-0.158928	-0.363579	0.44713	0.760913	0.934984	0	0	-0.0492895	-0.269544	0.38267	0.632381	1.04872	0	0
4.07097	0.0130229	-0.0906478	1.65009	0.0808104	0.957835	-0.0687768	0.112302	0.07216	-0.244063	0.203675	0.235052	0	0	0.468574	-0.198802	-0.0520885	0.77956	0.0325356	0	0	-0.0664368	0.064972	0.0444694	-0.160376	-0.363427	0.448844	0.760118	0.93371	0	0	-0.0506028	-0.268697	0.381681	0.631492	1.04839	0	0
4.08095	0.0123174	-0.0897788	1.649	0.080772	0.957689	-0.0708762	0.10905	0.0717852	-0.242581	0.204102	0.237554	0	0	0.468171	-0.19657	-0.0577848	0.750506	0.0374237	0	0	-0.0673885	0.0648923	0.044731	-0.161834	-0.363416	0.450465	0.759385	0.932413	0	0	-0.0519056	-0.267774	0.380786	0.630526	1.04796	0	0
4.09093	0.0116853	-0.0890098	1.64793	0.0806922	0.95752	-0.0730092	0.105854	0.0714226	-0.241154	0.204513	0.240094	0	0	0.467505	-0.194201	-0.0635467	0.720533	0.0411351	0	0	-0.0681627	0.0648803	0.0449922	-0.163283	-0.363545	0.451983	0.75872	0.931127	0	0	-0.0532082	-0.266782	0.379982	0.629499	1.04745	0	0
4.10091	0.0111188	-0.0883646	1.64683	0.0805722	0.957328	-0.0751739	0.102762	0.0710564	-0.239766	0.204948	0.242689	0	0	0.466627	-0.191685	-0.0693802	0.689773	0.0437662	0	0	-0.0687465	0.0649249	0.0452577	-0.164701	-0.363817	0.45339	0.758122	0.929884	0	0	-0.0545202	-0.265731	0.37926	0.62843	1.04686	0	0
4.11088	0.0106073	-0.087868	1.64569	0.0804135	0.957109	-0.077368	0.0998247	0.070667	-0.238399	0.205449	0.245352	0	0	0.46559	-0.189011	-0.0752858	0.658367	0.0454252	0	0	-0.0691278	0.0650107	0.0455338	-0.166062	-0.364229	0.454683	0.757593	0.928719	0	0	-0.0558497	-0.264633	0.378609	0.627341	1.04622	0	0
4.12086	0.0101374	-0.0875451	1.64448	0.0802182	0.956863	-0.0795887	0.0970936	0.0702328	-0.237033	0.206062	0.2481	0	0	0.464451	-0.18617	-0.081257	0.626463	0.0462295	0	0	-0.0692953	0.0651171	0.045826	-0.167336	-0.364778	0.455869	0.757125	0.927659	0	0	-0.0572022	-0.263501	0.378017	0.626252	1.04553	0	0
4.13084	0.00969294	-0.087419	1.64317	0.0799883	0.956589	-0.081833	0.0946187	0.0697304	-0.23565	0.20683	0.250948	0	0	0.463268	-0.183154	-0.0872779	0.594214	0.0463017	0	0	-0.0692406	0.0652191	0.046136	-0.168485	-0.365455	0.456966	0.756704	0.926725	0	0	-0.05858	-0.262351	0.377474	0.625184	1.04483	0	0
4.14082	0.00925587	-0.087508	1.64173	0.0797262	0.956286	-0.0840981	0.092442	0.069137	-0.234231	0.20779	0.253905	0	0	0.462095	-0.179955	-0.0933226	0.561779	0.0457637	0	0	-0.0689593	0.0652875	0.0464575	-0.169465	-0.366247	0.458008	0.756304	0.925929	0	0	-0.0599821	-0.261205	0.376974	0.624146	1.04413	0	0
4.1508	0.00880685	-0.0878212	1.64016	0.0794342	0.955955	-0.0863812	0.0905896	0.0684324	-0.232765	0.208967	0.256978	0	0	0.460975	-0.176566	-0.0993537	0.529316	0.0447311	0	0	-0.0684548	0.0652901	0.0467711	-0.170222	-0.367133	0.459045	0.755884	0.925269	0	0	-0.0614043	-0.260085	0.376516	0.623145	1.04343	0	0
4.16077	0.00833825	-0.0883537	1.63847	0.0791143	0.955597	-0.08868	0.0890636	0.0676143	-0.231246	0.210369	0.260161	0	0	0.459947	-0.172998	-0.105318	0.496997	0.0433132	0	0	-0.0677412	0.0652074	0.0470451	-0.170701	-0.36809	0.460138	0.755399	0.924733	0	0	-0.0628393	-0.259015	0.376104	0.622177	1.04274	0	0
4.17075	0.00785297	-0.0890911	1.63668	0.0787685	0.955214	-0.0909929	0.0878488	0.0666943	-0.229675	0.211988	0.263446	0	0	0.459044	-0.169272	-0.111154	0.465002	0.041614	0	0	-0.0668394	0.0650327	0.0472434	-0.170855	-0.369094	0.461341	0.75481	0.9243	0	0	-0.064277	-0.25802	0.375747	0.621238	1.04203	0	0
4.18073	0.00735468	-0.0900073	1.6348	0.0783983	0.954809	-0.0933187	0.0869115	0.0656852	-0.228058	0.21381	0.266822	0	0	0.458287	-0.165416	-0.116802	0.433522	0.0397288	0	0	-0.0657793	0.0647632	0.0473334	-0.170652	-0.370126	0.462699	0.75409	0.923944	0	0	-0.0657044	-0.257116	0.375459	0.620317	1.0413	0	0
4.19071	0.00684577	-0.0910691	1.63286	0.0780048	0.954384	-0.095657	0.086206	0.0645984	-0.226403	0.215815	0.270277	0	0	0.45769	-0.161461	-0.122212	0.402751	0.0377402	0	0	-0.0645969	0.0643973	0.0472889	-0.170075	-0.371169	0.464241	0.753227	0.923639	0	0	-0.0671054	-0.256318	0.375257	0.619404	1.04053	0	0
4.20069	0.00632604	-0.0922382	1.63087	0.0775888	0.953942	-0.0980082	0.0856783	0.0634415	-0.224721	0.21798	0.273801	0	0	0.45726	-0.157441	-0.12735	0.372888	0.0357166	0	0	-0.0633323	0.0639333	0.0470912	-0.169123	-0.372209	0.465976	0.75222	0.923361	0	0	-0.0684616	-0.255637	0.375161	0.618483	1.03971	0	0
4.21066	0.005793	-0.0934745	1.62887	0.0771506	0.953488	-0.100373	0.0852698	0.0622188	-0.223021	0.220279	0.277385	0	0	0.456996	-0.153389	-0.132192	0.344129	0.0337121	0	0	-0.0620271	0.0633691	0.0467305	-0.167808	-0.373233	0.467897	0.751087	0.92309	0	0	-0.0697537	-0.255077	0.375189	0.617541	1.03882	0	0
4.22064	0.00524379	-0.0947388	1.62687	0.0766904	0.953024	-0.102754	0.0849216	0.0609335	-0.221312	0.222686	0.28102	0	0	0.456899	-0.149346	-0.136733	0.316668	0.0317669	0	0	-0.0607219	0.0627037	0.0462059	-0.166156	-0.374233	0.469976	0.749857	0.922812	0	0	-0.0709622	-0.254641	0.375358	0.616565	1.03786	0	0
4.23062	0.00467511	-0.0959953	1.62487	0.0762085	0.952553	-0.105153	0.0845778	0.0595875	-0.219602	0.225171	0.284697	0	0	0.456964	-0.14535	-0.140975	0.290685	0.0299079	0	0	-0.0594538	0.0619365	0.0455251	-0.164204	-0.3752	0.472175	0.74857	0.922522	0	0	-0.0720695	-0.254329	0.375677	0.615545	1.03681	0	0
4.2406	0.00408446	-0.0972125	1.62288	0.0757047	0.952078	-0.107572	0.084187	0.0581834	-0.217894	0.227707	0.288409	0	0	0.457185	-0.141444	-0.144927	0.266344	0.0281521	0	0	-0.0582556	0.0610683	0.0447049	-0.161993	-0.376128	0.474444	0.747274	0.922217	0	0	-0.0730609	-0.254138	0.376153	0.614477	1.03568	0	0
4.25058	0.00347084	-0.0983645	1.6209	0.0751794	0.951601	-0.110015	0.0837036	0.0567249	-0.216187	0.230264	0.292146	0	0	0.457554	-0.137672	-0.1486	0.243788	0.0265096	0	0	-0.0571541	0.0601014	0.04377	-0.159573	-0.377014	0.476727	0.746022	0.921904	0	0	-0.073926	-0.254062	0.376778	0.613359	1.03444	0	0
4.26055	0.00283528	-0.0994312	1.6189	0.0746329	0.951125	-0.112486	0.0830879	0.0552179	-0.214473	0.232812	0.295899	0	0	0.458056	-0.134076	-0.151994	0.223128	0.0249876	0	0	-0.0561698	0.0590403	0.0427537	-0.156994	-0.377855	0.478967	0.744869	0.921593	0	0	-0.0746595	-0.254095	0.377541	0.612197	1.03312	0	0
4.27053	0.00218094	-0.100398	1.61688	0.0740658	0.95065	-0.114989	0.0823068	0.0536704	-0.212739	0.23532	0.299659	0	0	0.458672	-0.130699	-0.155101	0.204443	0.0235924	0	0	-0.055316	0.0578912	0.0416966	-0.15431	-0.378651	0.481106	0.743869	0.9213	0	0	-0.0752628	-0.254228	0.378416	0.611002	1.03172	0	0
4.28051	0.00151318	-0.101258	1.6148	0.0734789	0.950178	-0.117529	0.0813339	0.0520927	-0.210964	0.237757	0.303414	0	0	0.459372	-0.127581	-0.157896	0.187774	0.0223313	0	0	-0.0545989	0.0566623	0.0406459	-0.151572	-0.379402	0.48309	0.743073	0.921044	0	0	-0.0757436	-0.25445	0.379368	0.609793	1.03024	0	0
4.29049	0.000839484	-0.102006	1.61263	0.072873	0.949708	-0.120109	0.0801496	0.050497	-0.209122	0.240094	0.307152	0	0	0.46012	-0.12476	-0.16034	0.173123	0.0212139	0	0	-0.0540172	0.0553633	0.0396538	-0.148829	-0.38011	0.484876	0.742525	0.920845	0	0	-0.0761174	-0.25475	0.380352	0.608593	1.02872	0	0
4.30046	0.000169237	-0.102647	1.61032	0.0722492	0.949239	-0.122736	0.0787409	0.048897	-0.207178	0.242302	0.310861	0	0	0.460873	-0.122268	-0.162383	0.160451	0.0202506	0	0	-0.0535619	0.0540052	0.0387757	-0.146125	-0.380777	0.486429	0.742256	0.920725	0	0	-0.0764063	-0.255117	0.381315	0.607428	1.02719	0	0
4.31044	-0.000486556	-0.103187	1.60783	0.0716083	0.948772	-0.125413	0.077102	0.0473075	-0.205091	0.244355	0.314529	0	0	0.46158	-0.120137	-0.163971	0.149686	0.0194517	0	0	-0.0532165	0.0526002	0.0380679	-0.143498	-0.381408	0.48773	0.74229	0.920703	0	0	-0.0766397	-0.255536	0.382195	0.606332	1.02566	0	0
4.32042	-0.00111572	-0.103639	1.60511	0.070951	0.948305	-0.128147	0.075234	0.0457438	-0.202817	0.246231	0.318143	0	0	0.462189	-0.118388	-0.165055	0.140723	0.0188239	0	0	-0.0529577	0.051161	0.0375846	-0.140978	-0.382005	0.488775	0.742633	0.920796	0	0	-0.076852	-0.255994	0.382926	0.605337	1.0242	0	0
4.3304	-0.00170449	-0.104022	1.60211	0.0702778	0.947836	-0.130943	0.0731448	0.0442215	-0.200311	0.247907	0.32169	0	0	0.462647	-0.117044	-0.165602	0.133436	0.0183682	0	0	-0.0527552	0.049702	0.0373749	-0.138588	-0.382572	0.489573	0.74328	0.921015	0	0	-0.0770828	-0.256477	0.383438	0.604476	1.02283	0	0
4.34038	-0.00223924	-0.104355	1.59879	0.0695884	0.947364	-0.133804	0.0708486	0.0427547	-0.197526	0.249369	0.325157	0	0	0.462906	-0.116115	-0.165606	0.12768	0.0180736	0	0	-0.0525737	0.0482376	0.0374798	-0.136339	-0.383112	0.490148	0.744209	0.921367	0	0	-0.0773738	-0.256969	0.383662	0.603782	1.02161	0	0
4.35035	-0.00270751	-0.104663	1.59512	0.0688822	0.946887	-0.136736	0.068366	0.041355	-0.194421	0.250605	0.328533	0	0	0.462926	-0.115609	-0.165094	0.123301	0.017913	0	0	-0.0523735	0.0467813	0.0379295	-0.134238	-0.383627	0.490539	0.745387	0.92185	0	0	-0.0777671	-0.257456	0.383533	0.603279	1.02059	0	0
4.36033	-0.00309915	-0.104974	1.59106	0.0681582	0.946404	-0.13974	0.0657222	0.0400294	-0.190963	0.251606	0.331805	0	0	0.462677	-0.11552	-0.164136	0.12014	0.0178388	0	0	-0.0521126	0.0453452	0.0387403	-0.132279	-0.384118	0.490793	0.746768	0.922455	0	0	-0.0783029	-0.257923	0.382996	0.602989	1.01979	0	0
4.37031	-0.00340766	-0.105315	1.58661	0.0674145	0.945912	-0.142821	0.062947	0.0387797	-0.187129	0.252372	0.334964	0	0	0.462141	-0.115836	-0.162837	0.11804	0.0177805	0	0	-0.0517482	0.0439387	0.0399133	-0.130452	-0.384583	0.490962	0.748297	0.923163	0	0	-0.0790163	-0.258358	0.38201	0.602924	1.01926	0	0
4.38029	-0.00363169	-0.105716	1.58177	0.0666493	0.945412	-0.145978	0.0600728	0.0376005	-0.182909	0.252906	0.338002	0	0	0.461315	-0.116529	-0.161343	0.11685	0.0176444	0	0	-0.0512391	0.0425677	0.0414329	-0.128742	-0.385019	0.491101	0.749915	0.92395	0	0	-0.0799356	-0.258748	0.380548	0.603083	1.01901	0	0
4.39027	-0.00377699	-0.106202	1.57655	0.0658603	0.944901	-0.149211	0.0571331	0.0364775	-0.178311	0.253217	0.340913	0	0	0.460209	-0.117561	-0.15982	0.116427	0.0173158	0	0	-0.0505486	0.0412321	0.0432676	-0.12713	-0.385421	0.49126	0.75156	0.924785	0	0	-0.0810793	-0.259084	0.378606	0.60346	1.01904	0	0
4.40024	-0.00385815	-0.106798	1.571	0.0650453	0.944381	-0.152519	0.0541604	0.0353857	-0.17336	0.25332	0.343693	0	0	0.458843	-0.118877	-0.158451	0.116636	0.0166653	0	0	-0.0496466	0.0399247	0.0453715	-0.125597	-0.385783	0.491479	0.753176	0.925638	0	0	-0.0824549	-0.259358	0.376204	0.604034	1.01935	0	0
4.41022	-0.00389614	-0.107523	1.56515	0.0642027	0.943851	-0.155899	0.0511868	0.0342932	-0.168095	0.253236	0.346344	0	0	0.457251	-0.120414	-0.157411	0.117353	0.0155592	0	0	-0.0485108	0.0386327	0.0476874	-0.124126	-0.386097	0.491787	0.754714	0.926476	0	0	-0.0840574	-0.259568	0.373382	0.604776	1.01989	0	0
4.4202	-0.00391519	-0.108392	1.55907	0.0633316	0.943313	-0.159345	0.048241	0.0331662	-0.162569	0.25299	0.348868	0	0	0.455474	-0.122104	-0.156858	0.118468	0.0138728	0	0	-0.0471279	0.0373404	0.0501517	-0.122702	-0.386354	0.492197	0.756133	0.927272	0	0	-0.0858704	-0.259713	0.370205	0.605649	1.02061	0	0
4.43018	-0.00393966	-0.109412	1.55281	0.0624318	0.942766	-0.162851	0.0453473	0.0319735	-0.156841	0.252607	0.35127	0	0	0.45356	-0.123879	-0.15691	0.119885	0.0115052	0	0	-0.0454957	0.0360319	0.0526992	-0.121313	-0.386545	0.49271	0.757407	0.928003	0	0	-0.0878662	-0.2598	0.366754	0.606614	1.02144	0	0
4.44015	-0.00399114	-0.110584	1.54643	0.0615045	0.942212	-0.16641	0.0425228	0.0306901	-0.150975	0.252116	0.353554	0	0	0.451556	-0.12568	-0.157634	0.121523	0.00839472	0	0	-0.0436234	0.0346928	0.0552692	-0.11995	-0.386663	0.493315	0.758524	0.928652	0	0	-0.090008	-0.259837	0.363125	0.607626	1.02229	0	0
4.45013	-0.00408603	-0.111899	1.54001	0.0605523	0.941652	-0.170013	0.0397755	0.0293011	-0.14503	0.251541	0.355729	0	0	0.449507	-0.127458	-0.159041	0.123316	0.00453057	0	0	-0.0415333	0.033312	0.0578092	-0.118605	-0.386705	0.493992	0.759484	0.929218	0	0	-0.0922617	-0.259834	0.359388	0.608653	1.02312	0	0
4.46011	-0.00423328	-0.11334	1.53357	0.0595788	0.941089	-0.17365	0.0371039	0.027803	-0.139055	0.250904	0.357808	0	0	0.447446	-0.129181	-0.161081	0.12521	-3.96058e-05	0	0	-0.0392592	0.0318837	0.0602816	-0.117272	-0.38667	0.494719	0.760303	0.92971	0	0	-0.0945949	-0.259803	0.355594	0.609674	1.02391	0	0
4.47009	-0.00443325	-0.11488	1.52717	0.0585885	0.940523	-0.177313	0.0344972	0.0262054	-0.133086	0.250228	0.359806	0	0	0.445398	-0.130834	-0.16365	0.127167	-0.00521087	0	0	-0.0368433	0.0304083	0.0626685	-0.115947	-0.386567	0.495474	0.761006	0.930143	0	0	-0.0969783	-0.259754	0.351781	0.610675	1.02465	0	0
4.48007	-0.00467794	-0.11649	1.52079	0.0575866	0.939955	-0.180993	0.031938	0.0245289	-0.127142	0.249526	0.361742	0	0	0.443371	-0.132422	-0.166608	0.129161	-0.0108321	0	0	-0.0343324	0.028893	0.064973	-0.114626	-0.386409	0.49624	0.761626	0.930534	0	0	-0.0993885	-0.259696	0.347969	0.611656	1.02536	0	0
4.49004	-0.0049528	-0.118138	1.51446	0.056578	0.939386	-0.184681	0.0294055	0.0228019	-0.121224	0.248812	0.36364	0	0	0.441361	-0.133963	-0.169799	0.131173	-0.016728	0	0	-0.0317707	0.0273504	0.0672166	-0.113305	-0.386215	0.497006	0.762197	0.930902	0	0	-0.101809	-0.259637	0.344165	0.61262	1.02603	0	0
4.50002	-0.00524117	-0.1198	1.50814	0.0555669	0.938816	-0.188373	0.0268826	0.0210534	-0.11532	0.248094	0.365521	0	0	0.439359	-0.135482	-0.17308	0.13319	-0.0227344	0	0	-0.0291922	0.0257952	0.0694321	-0.111984	-0.386006	0.49777	0.762749	0.93126	0	0	-0.104232	-0.259577	0.340367	0.613578	1.02669	0	0
