Coordinates
version=1
nRows=476
nColumns=38
inDegrees=no

Units are S.I. units (second, meters, Newtons, ...)
If the header above contains a line with 'inDegrees', this indicates whether rotational values are in degrees (yes) or radians (no).

endheader
time	pelvis_tilt	pelvis_list	pelvis_rotation	pelvis_tx	pelvis_ty	pelvis_tz	hip_flexion_r	hip_adduction_r	hip_rotation_r	knee_angle_r	ankle_angle_r	subtalar_angle_r	mtp_angle_r	hip_flexion_l	hip_adduction_l	hip_rotation_l	knee_angle_l	ankle_angle_l	subtalar_angle_l	mtp_angle_l	lumbar_extension	lumbar_bending	lumbar_rotation	arm_flex_r	arm_add_r	arm_rot_r	elbow_flex_r	pro_sup_r	wrist_flex_r	wrist_dev_r	arm_flex_l	arm_add_l	arm_rot_l	elbow_flex_l	pro_sup_l	wrist_flex_l	wrist_dev_l
0	0.0178605	-0.144861	-1.595	0.324506	0.94816	-0.316633	0.0300148	0.0259541	-0.0359878	1.14323	-0.674852	0	0	0.417314	-0.0205267	-0.23306	0.691367	-0.0532522	0	0	-0.443894	-0.022155	0.11934	0.0753527	-0.151816	-0.255944	0.906712	1.57079	0	0	0.101852	-0.190595	0.172229	0.498599	1.57075	0	0
0.0039916	0.0169263	-0.144819	-1.59438	0.324576	0.948785	-0.312117	0.0412623	0.0261068	-0.0378675	1.1479	-0.663467	0	0	0.412154	-0.0208015	-0.230965	0.691428	-0.0490597	0	0	-0.444067	-0.0209387	0.118497	0.0726802	-0.150284	-0.256818	0.899744	1.57079	0	0	0.106764	-0.192021	0.174502	0.503344	1.57075	0	0
0.00798319	0.0159907	-0.144777	-1.59377	0.324646	0.94941	-0.307602	0.0525081	0.0262631	-0.0397467	1.15255	-0.652085	0	0	0.406994	-0.0210778	-0.22887	0.691487	-0.0448707	0	0	-0.44424	-0.0197205	0.117656	0.0700071	-0.148752	-0.257694	0.892777	1.57079	0	0	0.111676	-0.193447	0.176774	0.50809	1.57075	0	0
0.0119748	0.0150514	-0.144733	-1.59316	0.324716	0.950035	-0.303087	0.0637488	0.0264289	-0.0416244	1.15717	-0.64071	0	0	0.401832	-0.0213582	-0.226777	0.69154	-0.0406911	0	0	-0.444413	-0.0184971	0.116816	0.0673331	-0.147225	-0.258572	0.885816	1.57079	0	0	0.11659	-0.19487	0.179045	0.512838	1.57075	0	0
0.0159664	0.0141056	-0.144687	-1.59254	0.324786	0.950659	-0.298573	0.0749797	0.0266118	-0.0434993	1.16172	-0.629346	0	0	0.396669	-0.0216462	-0.224689	0.691581	-0.0365285	0	0	-0.444585	-0.017265	0.11598	0.0646576	-0.145704	-0.259454	0.878866	1.57079	0	0	0.121506	-0.19629	0.181313	0.517591	1.57075	0	0
0.019958	0.0131504	-0.144637	-1.59193	0.324856	0.951281	-0.294059	0.086195	0.0268204	-0.0453692	1.16615	-0.617999	0	0	0.391504	-0.0219454	-0.222607	0.691604	-0.0323908	0	0	-0.444757	-0.01602	0.115151	0.0619801	-0.144194	-0.260344	0.871932	1.57079	0	0	0.126427	-0.197703	0.183576	0.522354	1.57075	0	0
0.0239496	0.0121829	-0.144581	-1.59132	0.324925	0.9519	-0.289546	0.0973885	0.0270633	-0.0472321	1.17043	-0.606674	0	0	0.386337	-0.0222597	-0.220536	0.691605	-0.0282854	0	0	-0.444929	-0.0147583	0.114332	0.0593	-0.142699	-0.261244	0.865023	1.57079	0	0	0.131352	-0.199109	0.185833	0.52713	1.57075	0	0
0.0279412	0.0112005	-0.144519	-1.59072	0.324994	0.952516	-0.285035	0.108554	0.0273491	-0.0490852	1.1745	-0.595371	0	0	0.381167	-0.0225929	-0.218478	0.691581	-0.0242173	0	0	-0.445102	-0.0134765	0.113527	0.0566161	-0.141222	-0.26216	0.858147	1.57079	0	0	0.136282	-0.200503	0.18808	0.531925	1.57075	0	0
0.0319328	0.0102011	-0.144447	-1.59012	0.325062	0.953127	-0.280525	0.119684	0.0276857	-0.0509257	1.17832	-0.584089	0	0	0.375998	-0.0229483	-0.216437	0.691528	-0.0201886	0	0	-0.445275	-0.0121717	0.112739	0.0539274	-0.139768	-0.263096	0.851311	1.57079	0	0	0.141219	-0.201884	0.190316	0.536743	1.57075	0	0
0.0359244	0.00918288	-0.144366	-1.58953	0.32513	0.953732	-0.276018	0.130773	0.0280799	-0.0527509	1.18184	-0.572823	0	0	0.370831	-0.023329	-0.214417	0.691449	-0.0161964	0	0	-0.445448	-0.0108417	0.111974	0.0512326	-0.13834	-0.264059	0.844528	1.57079	0	0	0.146162	-0.203249	0.192539	0.541591	1.57076	0	0
0.039916	0.00814483	-0.144272	-1.58896	0.325196	0.95433	-0.271513	0.141814	0.0285372	-0.0545583	1.18501	-0.561565	0	0	0.365672	-0.0237375	-0.212418	0.691347	-0.0122321	0	0	-0.445624	-0.00948513	0.111237	0.0485299	-0.136942	-0.265054	0.837806	1.57079	0	0	0.151112	-0.204597	0.194745	0.546476	1.57076	0	0
0.0439076	0.00708623	-0.144165	-1.5884	0.325262	0.95492	-0.26701	0.1528	0.0290621	-0.0563455	1.18779	-0.550306	0	0	0.360527	-0.0241761	-0.210443	0.691232	-0.00828305	0	0	-0.445802	-0.0081012	0.110532	0.0458181	-0.135575	-0.266089	0.831157	1.57079	0	0	0.156066	-0.205925	0.196933	0.551403	1.57076	0	0
0.0478992	0.00600693	-0.144044	-1.58787	0.325326	0.9555	-0.262511	0.163723	0.0296594	-0.0581089	1.19013	-0.539045	0	0	0.355401	-0.0246466	-0.208493	0.69111	-0.00433467	0	0	-0.445984	-0.00668978	0.109864	0.0430956	-0.134241	-0.267172	0.824593	1.57079	0	0	0.161025	-0.207232	0.199101	0.556382	1.57076	0	0
0.0518908	0.00490728	-0.143909	-1.58737	0.325389	0.956068	-0.258016	0.174574	0.030334	-0.0598434	1.19199	-0.527785	0	0	0.3503	-0.0251506	-0.206572	0.690993	-0.000372089	0	0	-0.446172	-0.00525146	0.109237	0.0403616	-0.132943	-0.268309	0.818123	1.57079	0	0	0.165985	-0.208517	0.201248	0.561417	1.57076	0	0
0.0558824	0.00378811	-0.143758	-1.58689	0.32545	0.956624	-0.253524	0.185341	0.0310917	-0.0615425	1.19333	-0.516541	0	0	0.34523	-0.0256893	-0.204682	0.690889	0.0036185	0	0	-0.446367	-0.00378739	0.108655	0.0376154	-0.131681	-0.269509	0.811759	1.57079	0	0	0.170945	-0.20978	0.203374	0.566516	1.57076	0	0
0.0598739	0.00265059	-0.143594	-1.58645	0.325509	0.957165	-0.249036	0.19601	0.0319397	-0.0631976	1.1941	-0.505335	0	0	0.340195	-0.0262636	-0.202826	0.690808	0.00764873	0	0	-0.446572	-0.00229915	0.108121	0.0348563	-0.130456	-0.270778	0.805509	1.57079	0	0	0.175901	-0.211021	0.205478	0.571687	1.57076	0	0
0.0638655	0.00149622	-0.143416	-1.58605	0.325566	0.95769	-0.244553	0.206566	0.0328864	-0.0647987	1.19425	-0.494201	0	0	0.335198	-0.0268741	-0.201007	0.690759	0.0117272	0	0	-0.44679	-0.000788652	0.107636	0.0320837	-0.129265	-0.272123	0.799385	1.57079	0	0	0.180852	-0.212242	0.207561	0.576935	1.57076	0	0
0.0678571	0.000326664	-0.143225	-1.58568	0.32562	0.958198	-0.240074	0.216994	0.0339371	-0.0663389	1.19377	-0.48316	0	0	0.330243	-0.0275208	-0.199227	0.690753	0.0158647	0	0	-0.447022	0.000742027	0.107201	0.0292967	-0.12811	-0.273551	0.793394	1.57079	0	0	0.185791	-0.213443	0.209623	0.582268	1.57076	0	0
0.0718487	-0.000856289	-0.143023	-1.58536	0.325672	0.958686	-0.2356	0.22728	0.0350938	-0.0678146	1.1926	-0.472224	0	0	0.325334	-0.0282034	-0.197486	0.690801	0.0200747	0	0	-0.447271	0.0022908	0.106813	0.0264943	-0.126987	-0.275068	0.787544	1.57079	0	0	0.190717	-0.214628	0.211664	0.58769	1.57076	0	0
0.0758403	-0.00205085	-0.142811	-1.58507	0.325721	0.959154	-0.231131	0.237414	0.0363554	-0.0692256	1.19073	-0.461391	0	0	0.320478	-0.0289211	-0.195781	0.690918	0.0243741	0	0	-0.447537	0.00385569	0.106472	0.0236756	-0.125896	-0.27668	0.781843	1.57079	0	0	0.195626	-0.215798	0.213686	0.593204	1.57076	0	0
0.0798319	-0.0032552	-0.142588	-1.58481	0.325768	0.959599	-0.226667	0.247382	0.0377214	-0.0705709	1.18812	-0.450671	0	0	0.315679	-0.029673	-0.194111	0.691117	0.0287748	0	0	-0.447821	0.00543485	0.106176	0.0208395	-0.124833	-0.278392	0.776296	1.57079	0	0	0.200516	-0.216956	0.215691	0.598811	1.57076	0	0
0.0838235	-0.00446754	-0.142357	-1.5846	0.32581	0.960021	-0.222208	0.257171	0.039192	-0.0718494	1.18476	-0.440082	0	0	0.310941	-0.0304581	-0.192476	0.691406	0.0332833	0	0	-0.448124	0.00702665	0.10592	0.0179851	-0.123796	-0.280209	0.770909	1.57079	0	0	0.205383	-0.218104	0.217681	0.604509	1.57076	0	0
0.0878151	-0.00568612	-0.142117	-1.58441	0.32585	0.960417	-0.217754	0.266765	0.0407674	-0.0730599	1.18062	-0.429655	0	0	0.306264	-0.0312753	-0.190873	0.691792	0.0379002	0	0	-0.448447	0.00862969	0.105699	0.0151121	-0.122782	-0.282135	0.76569	1.57079	0	0	0.210228	-0.219246	0.219659	0.610296	1.57076	0	0
0.0918067	-0.00690926	-0.14187	-1.58425	0.325885	0.960786	-0.213305	0.276147	0.0424483	-0.0742021	1.17566	-0.419428	0	0	0.301651	-0.0321231	-0.189304	0.692279	0.0426199	0	0	-0.44879	0.0102429	0.105508	0.0122213	-0.121787	-0.284175	0.760641	1.57079	0	0	0.215048	-0.220385	0.221628	0.616169	1.57076	0	0
0.0957983	-0.00813528	-0.141616	-1.58411	0.325917	0.961127	-0.208861	0.285298	0.0442348	-0.0752764	1.16986	-0.40945	0	0	0.2971	-0.0329998	-0.187765	0.692866	0.0474306	0	0	-0.449155	0.0118655	0.105337	0.00931441	-0.120807	-0.286332	0.75577	1.57079	0	0	0.219846	-0.221525	0.223592	0.622125	1.57076	0	0
0.0997899	-0.00936261	-0.141355	-1.58399	0.325945	0.961438	-0.204422	0.294199	0.0461263	-0.0762838	1.1632	-0.399778	0	0	0.292609	-0.0339037	-0.186257	0.69355	0.0523133	0	0	-0.449545	0.0134967	0.105178	0.00639323	-0.119838	-0.288607	0.75108	1.57079	0	0	0.224621	-0.222671	0.225554	0.62816	1.57076	0	0
0.103782	-0.0105899	-0.14109	-1.58388	0.325968	0.961718	-0.199988	0.302834	0.0481196	-0.0772278	1.15566	-0.390451	0	0	0.288179	-0.0348325	-0.184776	0.694332	0.0572612	0	0	-0.44996	0.0151364	0.105023	0.0034593	-0.118876	-0.291003	0.746578	1.57079	0	0	0.229377	-0.223827	0.227517	0.634267	1.57076	0	0
0.107773	-0.0118159	-0.140819	-1.58376	0.325987	0.961966	-0.195558	0.311188	0.0502117	-0.0781096	1.14721	-0.3815	0	0	0.283813	-0.0357845	-0.183316	0.695218	0.0622706	0	0	-0.450404	0.0167843	0.104863	0.00051395	-0.117917	-0.293521	0.742269	1.57079	0	0	0.234115	-0.224996	0.229485	0.64044	1.57076	0	0
0.111765	-0.0130393	-0.140544	-1.58364	0.326002	0.962181	-0.191133	0.319246	0.0523999	-0.0789277	1.13784	-0.372947	0	0	0.279512	-0.0367579	-0.181874	0.696211	0.0673419	0	0	-0.450876	0.0184401	0.104691	-0.00244107	-0.116957	-0.296162	0.738157	1.57079	0	0	0.238838	-0.226182	0.231466	0.646671	1.57076	0	0
0.115756	-0.014259	-0.140265	-1.58351	0.326012	0.962361	-0.186711	0.326999	0.0546798	-0.0796812	1.12753	-0.364806	0	0	0.275281	-0.0377508	-0.180443	0.69732	0.0724794	0	0	-0.451377	0.0201035	0.104499	-0.00540376	-0.115993	-0.298926	0.734246	1.57079	0	0	0.243551	-0.227388	0.233463	0.652951	1.57076	0	0
0.119748	-0.0154733	-0.139982	-1.58336	0.326017	0.962505	-0.182293	0.334432	0.0570447	-0.0803694	1.11629	-0.357087	0	0	0.271123	-0.0387611	-0.179018	0.698552	0.0776901	0	0	-0.451908	0.0217735	0.104283	-0.00837225	-0.115022	-0.301812	0.730535	1.57079	0	0	0.248257	-0.228619	0.235484	0.659267	1.57076	0	0
0.123739	-0.0166804	-0.139696	-1.58318	0.326017	0.962613	-0.177879	0.341534	0.0594867	-0.0809914	1.10409	-0.349796	0	0	0.267042	-0.0397863	-0.177593	0.699917	0.0829822	0	0	-0.452466	0.0234492	0.104034	-0.0113449	-0.11404	-0.304817	0.727026	1.57079	0	0	0.252958	-0.229876	0.237536	0.66561	1.57076	0	0
0.127731	-0.0178785	-0.139408	-1.58297	0.326013	0.962684	-0.173467	0.348292	0.0619965	-0.0815456	1.09094	-0.342938	0	0	0.263041	-0.0408239	-0.176162	0.701423	0.0883637	0	0	-0.453051	0.0251293	0.103746	-0.0143204	-0.113047	-0.307939	0.723715	1.57079	0	0	0.257656	-0.231165	0.239626	0.671966	1.57077	0	0
0.131723	-0.0190651	-0.139117	-1.58272	0.326003	0.962717	-0.169057	0.354695	0.0645637	-0.0820296	1.07682	-0.336515	0	0	0.259122	-0.0418709	-0.174719	0.703076	0.0938415	0	0	-0.453661	0.0268124	0.103412	-0.0172975	-0.112038	-0.311172	0.720601	1.57079	0	0	0.262354	-0.232486	0.241759	0.678326	1.57077	0	0
0.135714	-0.0202377	-0.138826	-1.58243	0.325989	0.962711	-0.164649	0.360728	0.0671772	-0.0824387	1.06173	-0.330528	0	0	0.255286	-0.0429239	-0.173261	0.704883	0.09942	0	0	-0.454292	0.0284964	0.103025	-0.0202751	-0.111014	-0.314513	0.717681	1.57079	0	0	0.267052	-0.233844	0.243941	0.684674	1.57077	0	0
0.139706	-0.0213933	-0.138535	-1.5821	0.325969	0.962665	-0.160242	0.366379	0.0698256	-0.0827661	1.04566	-0.324977	0	0	0.251532	-0.0439793	-0.171784	0.706845	0.1051	0	0	-0.454943	0.0301789	0.10258	-0.0232518	-0.109971	-0.317953	0.714947	1.57079	0	0	0.271752	-0.235241	0.246178	0.690999	1.57077	0	0
0.143697	-0.0225284	-0.138245	-1.5817	0.325945	0.96258	-0.155835	0.371636	0.0724968	-0.0830026	1.02861	-0.319861	0	0	0.247859	-0.0450331	-0.170287	0.708963	0.110879	0	0	-0.455609	0.031857	0.102072	-0.0262267	-0.10891	-0.321486	0.712397	1.57079	0	0	0.276454	-0.236677	0.248474	0.697287	1.57077	0	0
0.147689	-0.0236392	-0.137956	-1.58126	0.325916	0.962456	-0.151428	0.376487	0.075179	-0.0831357	1.01058	-0.315178	0	0	0.244262	-0.046081	-0.16877	0.711233	0.116748	0	0	-0.456288	0.0335272	0.101495	-0.0291987	-0.10783	-0.325103	0.710023	1.57079	0	0	0.281159	-0.238153	0.250833	0.703526	1.57077	0	0
0.151681	-0.0247215	-0.137669	-1.58075	0.325882	0.962291	-0.14702	0.380922	0.07786	-0.0831493	0.991573	-0.310924	0	0	0.240737	-0.0471184	-0.167236	0.713649	0.122693	0	0	-0.456975	0.035185	0.100848	-0.0321674	-0.106732	-0.328795	0.707822	1.57079	0	0	0.285864	-0.239672	0.253258	0.709705	1.57077	0	0
0.155672	-0.0257703	-0.137385	-1.58019	0.325843	0.962085	-0.142611	0.384929	0.0805282	-0.0830239	0.971586	-0.307098	0	0	0.237273	-0.0481405	-0.16569	0.716198	0.128691	0	0	-0.457668	0.0368252	0.100128	-0.035132	-0.105616	-0.332554	0.705787	1.57079	0	0	0.290567	-0.241232	0.255749	0.715814	1.57077	0	0
0.159664	-0.0267801	-0.137105	-1.57958	0.325799	0.961839	-0.138198	0.3885	0.0831721	-0.0827361	0.950628	-0.303693	0	0	0.233862	-0.0491419	-0.164142	0.718866	0.134715	0	0	-0.458363	0.0384417	0.0993349	-0.0380918	-0.104483	-0.336369	0.703913	1.57079	0	0	0.295267	-0.242834	0.258308	0.721843	1.57077	0	0
0.163655	-0.0277452	-0.136827	-1.57891	0.32575	0.961553	-0.133783	0.391632	0.0857797	-0.0822604	0.928712	-0.300678	0	0	0.230495	-0.0501158	-0.162595	0.721642	0.140751	0	0	-0.459056	0.0400279	0.098468	-0.0410456	-0.103336	-0.34023	0.702194	1.57079	0	0	0.299959	-0.244478	0.260934	0.727785	1.57077	0	0
0.167647	-0.0286597	-0.136554	-1.57819	0.325697	0.961227	-0.129363	0.39432	0.0883406	-0.0815671	0.905859	-0.298025	0	0	0.227167	-0.0510553	-0.161052	0.72452	0.146792	0	0	-0.459745	0.0415774	0.097527	-0.0439923	-0.102176	-0.344126	0.700625	1.57079	0	0	0.304641	-0.246161	0.263626	0.73363	1.57077	0	0
0.171639	-0.0295176	-0.136285	-1.57743	0.325639	0.960862	-0.124938	0.396563	0.0908458	-0.0806236	0.882087	-0.295711	0	0	0.223872	-0.0519534	-0.159517	0.727492	0.152829	0	0	-0.460428	0.0430836	0.0965122	-0.0469306	-0.101006	-0.348049	0.6992	1.57079	0	0	0.309309	-0.247883	0.266382	0.739371	1.57077	0	0
0.17563	-0.0303135	-0.136022	-1.57663	0.325577	0.960457	-0.120506	0.398358	0.0932876	-0.0793946	0.85742	-0.293718	0	0	0.220603	-0.0528037	-0.157991	0.730553	0.158858	0	0	-0.4611	0.0445404	0.0954235	-0.0498596	-0.099826	-0.351989	0.697916	1.57079	0	0	0.31396	-0.249643	0.2692	0.745001	1.57077	0	0
0.179622	-0.0310419	-0.135766	-1.57579	0.32551	0.960013	-0.116068	0.399701	0.0956594	-0.0778427	0.831883	-0.292035	0	0	0.217356	-0.0536	-0.156477	0.7337	0.164879	0	0	-0.461762	0.0459418	0.0942612	-0.0527782	-0.098639	-0.355938	0.696767	1.57079	0	0	0.318589	-0.251439	0.272078	0.750512	1.57077	0	0
0.183613	-0.0316978	-0.135517	-1.57491	0.325439	0.959531	-0.111622	0.400596	0.0979551	-0.0759291	0.805511	-0.290637	0	0	0.214126	-0.0543361	-0.154974	0.736927	0.170887	0	0	-0.462412	0.0472824	0.093024	-0.0556851	-0.0974462	-0.359889	0.69575	1.57079	0	0	0.323192	-0.253271	0.275014	0.7559	1.57077	0	0
0.187605	-0.0322764	-0.135277	-1.574	0.325364	0.959013	-0.107168	0.401048	0.100168	-0.073615	0.778349	-0.289488	0	0	0.210907	-0.0550068	-0.153483	0.740231	0.176878	0	0	-0.463048	0.0485572	0.0917096	-0.0585783	-0.0962487	-0.363833	0.69486	1.57079	0	0	0.327766	-0.255138	0.278005	0.761161	1.57077	0	0
0.191597	-0.0327732	-0.135047	-1.57305	0.325285	0.958458	-0.102703	0.40107	0.102292	-0.0708618	0.750452	-0.288544	0	0	0.207696	-0.055607	-0.152005	0.743604	0.182844	0	0	-0.46367	0.0497617	0.0903142	-0.0614552	-0.0950476	-0.367763	0.694092	1.57079	0	0	0.332307	-0.25704	0.281047	0.766293	1.57077	0	0
0.195588	-0.0331843	-0.134826	-1.57205	0.325202	0.957867	-0.0982274	0.400677	0.104319	-0.0676331	0.721885	-0.287748	0	0	0.204487	-0.0561324	-0.150539	0.747039	0.188769	0	0	-0.464277	0.050892	0.0888331	-0.0643127	-0.0938437	-0.37167	0.693441	1.57079	0	0	0.336807	-0.258978	0.284136	0.771294	1.57077	0	0
0.19958	-0.0335061	-0.134617	-1.57102	0.325115	0.957243	-0.0937401	0.399891	0.106243	-0.0638956	0.692721	-0.287038	0	0	0.201272	-0.0565793	-0.149088	0.750526	0.194634	0	0	-0.464869	0.0519449	0.0872606	-0.0671476	-0.0926378	-0.375545	0.692902	1.57079	0	0	0.341263	-0.260953	0.28727	0.776165	1.57077	0	0
0.203571	-0.0337356	-0.134419	-1.56994	0.325024	0.956586	-0.08924	0.398735	0.108054	-0.0596187	0.663042	-0.286355	0	0	0.198047	-0.056945	-0.147649	0.754055	0.200421	0	0	-0.465446	0.0529178	0.0855908	-0.0699565	-0.0914303	-0.37938	0.692468	1.57079	0	0	0.345667	-0.262965	0.290446	0.780909	1.57077	0	0
0.207563	-0.0338709	-0.134235	-1.56881	0.324929	0.955897	-0.0847259	0.397234	0.109746	-0.0547757	0.632934	-0.285645	0	0	0.194805	-0.0572274	-0.146223	0.75762	0.206113	0	0	-0.466007	0.0538092	0.0838187	-0.0727369	-0.0902219	-0.383167	0.692135	1.57079	0	0	0.350013	-0.265015	0.293661	0.785527	1.57077	0	0
0.211555	-0.0339107	-0.134064	-1.56764	0.32483	0.955178	-0.0801968	0.395417	0.111313	-0.049344	0.602491	-0.284858	0	0	0.191543	-0.0574255	-0.144807	0.761213	0.211695	0	0	-0.466554	0.0546186	0.0819395	-0.0754864	-0.0890131	-0.3869	0.691897	1.57079	0	0	0.354297	-0.267104	0.296914	0.790017	1.57077	0	0
0.215546	-0.0338546	-0.133909	-1.5664	0.324727	0.954431	-0.0756515	0.393316	0.112747	-0.0433066	0.571816	-0.283942	0	0	0.188256	-0.0575391	-0.143397	0.764832	0.217156	0	0	-0.467085	0.0553463	0.0799498	-0.0782033	-0.0878048	-0.390572	0.691749	1.57079	0	0	0.358514	-0.269231	0.300203	0.79438	1.57078	0	0
0.219538	-0.0337034	-0.133769	-1.5651	0.324621	0.953657	-0.071089	0.390967	0.114042	-0.0366524	0.541021	-0.282842	0	0	0.184942	-0.057569	-0.141988	0.768471	0.222485	0	0	-0.467601	0.0559937	0.0778467	-0.0808866	-0.0865976	-0.394178	0.691686	1.57079	0	0	0.36266	-0.271393	0.303526	0.798612	1.57078	0	0
0.223529	-0.0334583	-0.133645	-1.56374	0.324511	0.952858	-0.0665079	0.388414	0.115192	-0.0293793	0.510229	-0.281497	0	0	0.181596	-0.0575167	-0.140578	0.772124	0.227664	0	0	-0.468101	0.0565632	0.075628	-0.0835352	-0.0853923	-0.397715	0.691702	1.57079	0	0	0.366731	-0.273588	0.306882	0.80271	1.57078	0	0
0.227521	-0.0331214	-0.133539	-1.56232	0.324397	0.952035	-0.0619071	0.385708	0.116189	-0.0214935	0.479583	-0.279831	0	0	0.178215	-0.0573848	-0.139161	0.775785	0.232678	0	0	-0.468583	0.0570577	0.0732926	-0.086149	-0.0841898	-0.401177	0.691791	1.57079	0	0	0.370723	-0.275812	0.310267	0.80667	1.57078	0	0
0.231513	-0.0326955	-0.133449	-1.56082	0.324279	0.951192	-0.0572853	0.382907	0.117025	-0.0130112	0.449238	-0.277757	0	0	0.174795	-0.0571759	-0.137732	0.779449	0.237513	0	0	-0.469048	0.057481	0.0708405	-0.0887285	-0.082991	-0.404564	0.691949	1.57079	0	0	0.374634	-0.278062	0.313678	0.810486	1.57078	0	0
0.235504	-0.0321841	-0.133376	-1.55925	0.324157	0.950329	-0.0526412	0.380077	0.117691	-0.00395989	0.419363	-0.275179	0	0	0.171334	-0.0568939	-0.136285	0.783111	0.242151	0	0	-0.469493	0.0578377	0.0682729	-0.0912751	-0.0817966	-0.407873	0.69217	1.57079	0	0	0.378458	-0.280331	0.317113	0.814154	1.57078	0	0
0.239496	-0.0315915	-0.133319	-1.5576	0.324031	0.949449	-0.0479733	0.37729	0.118176	0.00561894	0.390142	-0.271989	0	0	0.167828	-0.0565433	-0.134814	0.786765	0.246576	0	0	-0.469915	0.0581327	0.065592	-0.0937908	-0.0806078	-0.411101	0.692449	1.57079	0	0	0.382193	-0.282613	0.320567	0.817666	1.57078	0	0
0.243487	-0.0309225	-0.13328	-1.55587	0.323901	0.948555	-0.0432803	0.374627	0.118473	0.0156685	0.361772	-0.268073	0	0	0.164272	-0.0561295	-0.133315	0.790402	0.250766	0	0	-0.470313	0.0583716	0.0628016	-0.0962782	-0.0794258	-0.414249	0.692782	1.57079	0	0	0.385835	-0.284903	0.324038	0.821017	1.57078	0	0
0.247479	-0.0301828	-0.133256	-1.55406	0.323767	0.947647	-0.0385606	0.372153	0.118574	0.0261265	0.334421	-0.263362	0	0	0.160664	-0.0556589	-0.131784	0.794015	0.254701	0	0	-0.470683	0.0585607	0.0599075	-0.0987404	-0.0782521	-0.417316	0.693163	1.57079	0	0	0.389378	-0.287192	0.327521	0.824202	1.57078	0	0
0.251471	-0.0293795	-0.133248	-1.55218	0.323629	0.946729	-0.0338129	0.369919	0.118478	0.0369258	0.308229	-0.257831	0	0	0.157	-0.0551393	-0.130218	0.797599	0.258362	0	0	-0.471022	0.0587067	0.0569185	-0.101181	-0.0770886	-0.420301	0.693587	1.57079	0	0	0.392821	-0.289472	0.331014	0.827213	1.57078	0	0
0.255462	-0.0285199	-0.133254	-1.55022	0.323486	0.945803	-0.0290355	0.367965	0.118188	0.0479956	0.283307	-0.251491	0	0	0.153276	-0.054579	-0.128612	0.801145	0.261729	0	0	-0.471328	0.0588172	0.0538457	-0.103606	-0.0759378	-0.423204	0.69405	1.5708	0	0	0.396159	-0.291733	0.334514	0.830042	1.57078	0	0
0.259454	-0.0276123	-0.133274	-1.54818	0.323338	0.944871	-0.0242269	0.366316	0.117711	0.0592623	0.259741	-0.244384	0	0	0.14949	-0.0539871	-0.126966	0.804648	0.264784	0	0	-0.471596	0.0588998	0.0507027	-0.10602	-0.0748022	-0.426028	0.694548	1.5708	0	0	0.399389	-0.293965	0.338018	0.832681	1.57078	0	0
0.263445	-0.026665	-0.133307	-1.54608	0.323186	0.943936	-0.0193853	0.364985	0.117056	0.0706503	0.237592	-0.236582	0	0	0.145638	-0.0533727	-0.125277	0.808101	0.26751	0	0	-0.471822	0.058962	0.0475051	-0.108428	-0.073685	-0.428773	0.695076	1.5708	0	0	0.402508	-0.296156	0.341522	0.835124	1.57078	0	0
0.267437	-0.0256866	-0.13335	-1.54392	0.323029	0.942999	-0.0145093	0.363977	0.116235	0.0820834	0.2169	-0.22818	0	0	0.141718	-0.0527453	-0.123545	0.811497	0.269889	0	0	-0.472001	0.0590114	0.0442703	-0.110839	-0.0725895	-0.43144	0.695631	1.5708	0	0	0.405509	-0.298295	0.345022	0.837362	1.57078	0	0
0.271429	-0.0246857	-0.133403	-1.54171	0.322866	0.942065	-0.00959703	0.363285	0.115265	0.0934855	0.197683	-0.219286	0	0	0.137724	-0.0521142	-0.121772	0.81483	0.271905	0	0	-0.47213	0.059055	0.041018	-0.113258	-0.0715193	-0.434033	0.696208	1.5708	0	0	0.408389	-0.30037	0.348516	0.839388	1.57078	0	0
0.27542	-0.0236706	-0.133465	-1.53945	0.322698	0.941134	-0.00464691	0.362897	0.114162	0.104781	0.179944	-0.210023	0	0	0.133654	-0.0514885	-0.119958	0.818092	0.273541	0	0	-0.472202	0.0590995	0.0377691	-0.115693	-0.0704782	-0.436555	0.696804	1.5708	0	0	0.411142	-0.302366	0.351998	0.841196	1.57078	0	0
0.279412	-0.0226498	-0.133535	-1.53717	0.322525	0.94021	0.000342796	0.362793	0.112946	0.115896	0.163672	-0.20052	0	0	0.129504	-0.050877	-0.118106	0.821276	0.274783	0	0	-0.472214	0.0591511	0.0345463	-0.118153	-0.0694702	-0.439007	0.697416	1.5708	0	0	0.413763	-0.304272	0.355464	0.842779	1.57078	0	0
0.283403	-0.0216312	-0.133611	-1.53488	0.322346	0.939295	0.00537375	0.362949	0.111638	0.126758	0.148846	-0.190907	0	0	0.125268	-0.0502881	-0.116222	0.824375	0.275615	0	0	-0.47216	0.0592158	0.031373	-0.120645	-0.0684995	-0.441394	0.69804	1.5708	0	0	0.416245	-0.306074	0.35891	0.844132	1.57078	0	0
0.287395	-0.0206227	-0.133693	-1.53258	0.322161	0.938391	0.0104476	0.363338	0.11026	0.137296	0.135437	-0.181314	0	0	0.120941	-0.0497296	-0.11431	0.827381	0.276023	0	0	-0.472037	0.0592986	0.0282737	-0.123178	-0.0675708	-0.443717	0.69867	1.5708	0	0	0.418582	-0.307758	0.36233	0.845249	1.57078	0	0
0.291387	-0.0196316	-0.133782	-1.53029	0.32197	0.937501	0.0155661	0.363932	0.108834	0.147437	0.123411	-0.171868	0	0	0.116516	-0.0492093	-0.112376	0.830286	0.275993	0	0	-0.471839	0.0594046	0.0252734	-0.125761	-0.0666884	-0.445978	0.699303	1.5708	0	0	0.420765	-0.309311	0.365718	0.846126	1.57078	0	0
0.295378	-0.018665	-0.13388	-1.52803	0.321774	0.936627	0.0207306	0.364697	0.107384	0.157115	0.112726	-0.162694	0	0	0.111987	-0.0487343	-0.110429	0.833083	0.275513	0	0	-0.471565	0.0595377	0.0223975	-0.128402	-0.0658567	-0.448178	0.699934	1.5708	0	0	0.422789	-0.310719	0.369072	0.846761	1.57078	0	0
0.29937	-0.0177293	-0.133987	-1.52582	0.32157	0.935771	0.0259428	0.365597	0.105931	0.166264	0.103332	-0.153912	0	0	0.107344	-0.0483112	-0.108478	0.835763	0.274567	0	0	-0.47121	0.0597014	0.0196711	-0.131109	-0.0650802	-0.450316	0.700558	1.5708	0	0	0.424647	-0.311971	0.372385	0.847149	1.57078	0	0
0.303361	-0.0168303	-0.134107	-1.52366	0.321361	0.934937	0.0312041	0.366594	0.104497	0.174814	0.0951746	-0.145641	0	0	0.102579	-0.0479467	-0.106534	0.83832	0.273143	0	0	-0.470774	0.0598984	0.0171185	-0.13389	-0.0643633	-0.452392	0.701169	1.5708	0	0	0.42633	-0.313054	0.375652	0.847291	1.57078	0	0
0.307353	-0.0159729	-0.134243	-1.52157	0.321145	0.934125	0.0365158	0.367647	0.1031	0.182696	0.088195	-0.137993	0	0	0.0976812	-0.0476469	-0.10461	0.840744	0.271226	0	0	-0.470257	0.0601304	0.0147627	-0.136753	-0.0637103	-0.454404	0.701761	1.5708	0	0	0.427831	-0.313956	0.378868	0.847187	1.57079	0	0
0.311345	-0.0151612	-0.134401	-1.51957	0.320923	0.933339	0.0418791	0.368714	0.101757	0.18984	0.0823276	-0.131079	0	0	0.0926397	-0.0474179	-0.102723	0.843029	0.268805	0	0	-0.469658	0.0603985	0.0126249	-0.139705	-0.0631253	-0.456348	0.702328	1.5708	0	0	0.429142	-0.314668	0.382026	0.846837	1.57079	0	0
0.315336	-0.0143987	-0.134586	-1.51766	0.320694	0.93258	0.0472951	0.369754	0.100484	0.196186	0.0775089	-0.124995	0	0	0.0874428	-0.0472645	-0.100888	0.845168	0.265862	0	0	-0.46898	0.0607031	0.0107248	-0.142751	-0.0626118	-0.458224	0.702864	1.5708	0	0	0.430255	-0.315181	0.385117	0.846246	1.57079	0	0
0.319328	-0.0136883	-0.134806	-1.51587	0.320459	0.931851	0.0527647	0.370727	0.0992949	0.201691	0.0736793	-0.119825	0	0	0.0820782	-0.0471905	-0.0991189	0.847151	0.262384	0	0	-0.468227	0.0610444	0.00908019	-0.145897	-0.0621727	-0.460032	0.703364	1.5708	0	0	0.431161	-0.315488	0.388134	0.845417	1.57079	0	0
0.323319	-0.0130323	-0.135067	-1.5142	0.320218	0.931153	0.0582887	0.371596	0.0982044	0.206321	0.0707835	-0.115639	0	0	0.0765335	-0.0471989	-0.0974302	0.848974	0.25835	0	0	-0.467402	0.0614223	0.00770692	-0.149145	-0.0618107	-0.461772	0.703821	1.5708	0	0	0.431852	-0.315581	0.391068	0.844354	1.57079	0	0
0.327311	-0.0124326	-0.135377	-1.51266	0.31997	0.930489	0.0638676	0.37233	0.0972247	0.210054	0.0687719	-0.112492	0	0	0.0707967	-0.0472921	-0.0958354	0.850629	0.253743	0	0	-0.466511	0.061836	0.00661854	-0.1525	-0.061528	-0.463446	0.704231	1.5708	0	0	0.43232	-0.315457	0.393912	0.843064	1.57079	0	0
0.331303	-0.0118906	-0.135747	-1.51126	0.319716	0.92986	0.0695018	0.3729	0.0963664	0.212877	0.0676013	-0.110427	0	0	0.0648561	-0.0474716	-0.0943474	0.85211	0.248543	0	0	-0.465561	0.0622847	0.00582594	-0.155963	-0.0613263	-0.465052	0.704588	1.5708	0	0	0.432559	-0.315112	0.396656	0.841553	1.57079	0	0
0.335294	-0.0114067	-0.136183	-1.51	0.319457	0.929268	0.0751913	0.373279	0.0956374	0.214788	0.0672303	-0.109477	0	0	0.0587017	-0.0477388	-0.0929793	0.853417	0.242733	0	0	-0.464559	0.0627673	0.00533634	-0.159535	-0.0612071	-0.466587	0.704886	1.5708	0	0	0.432561	-0.314545	0.399294	0.839828	1.57079	0	0
0.339286	-0.010981	-0.136697	-1.50889	0.319192	0.928715	0.0809361	0.373445	0.0950433	0.215792	0.0676195	-0.109664	0	0	0.0523252	-0.0480951	-0.0917447	0.854548	0.2363	0	0	-0.463513	0.0632822	0.00515302	-0.163212	-0.0611715	-0.46805	0.705118	1.5708	0	0	0.43232	-0.313756	0.401814	0.837899	1.57079	0	0
0.343277	-0.010613	-0.137297	-1.50794	0.318921	0.928201	0.0867356	0.373377	0.0945871	0.215905	0.0687316	-0.111003	0	0	0.0457208	-0.0485419	-0.0906567	0.855509	0.229232	0	0	-0.462432	0.0638282	0.00527551	-0.166993	-0.0612201	-0.469437	0.705279	1.5708	0	0	0.431827	-0.312747	0.404205	0.835775	1.57079	0	0
0.347269	-0.0103017	-0.137993	-1.50713	0.318646	0.927729	0.0925893	0.373059	0.0942698	0.215148	0.0705316	-0.113499	0	0	0.0388855	-0.0490809	-0.0897285	0.856306	0.221525	0	0	-0.461325	0.0644042	0.00569975	-0.170871	-0.0613529	-0.470747	0.705364	1.5708	0	0	0.431075	-0.311522	0.406454	0.833469	1.57079	0	0
0.351261	-0.0100462	-0.138792	-1.50647	0.318366	0.9273	0.0984962	0.372483	0.0940919	0.213552	0.0730002	-0.117138	0	0	0.0318196	-0.0497134	-0.0889715	0.856951	0.213179	0	0	-0.460202	0.0650096	0.00641875	-0.174843	-0.061569	-0.471981	0.705368	1.5708	0	0	0.430059	-0.310085	0.408551	0.830991	1.57079	0	0
0.355252	-0.00984515	-0.139706	-1.50595	0.318083	0.926914	0.104455	0.371644	0.0940519	0.21115	0.0761198	-0.121897	0	0	0.0245237	-0.0504416	-0.0883986	0.857456	0.204183	0	0	-0.459073	0.065644	0.00742344	-0.178899	-0.0618669	-0.473141	0.705288	1.5708	0	0	0.428774	-0.308443	0.410483	0.828353	1.57079	0	0
0.359244	-0.00969719	-0.14074	-1.50557	0.317795	0.926573	0.110464	0.370547	0.0941477	0.207985	0.0798829	-0.127739	0	0	0.0170031	-0.0512675	-0.0880215	0.857837	0.194535	0	0	-0.457949	0.0663073	0.00870222	-0.183032	-0.0622447	-0.474227	0.705122	1.5708	0	0	0.427218	-0.306601	0.412241	0.825565	1.57079	0	0
0.363235	-0.00960111	-0.141902	-1.50531	0.317505	0.926279	0.116522	0.369203	0.0943769	0.204102	0.0842911	-0.134609	0	0	0.00926775	-0.0521936	-0.0878506	0.858113	0.184236	0	0	-0.45684	0.0670001	0.0102413	-0.187231	-0.0627004	-0.475244	0.704869	1.5708	0	0	0.425389	-0.304567	0.413814	0.822641	1.57079	0	0
0.367227	-0.00955571	-0.143198	-1.50518	0.317212	0.926031	0.122627	0.367625	0.0947358	0.199555	0.0893451	-0.142443	0	0	0.00132859	-0.0532233	-0.0878979	0.858305	0.173281	0	0	-0.455759	0.0677233	0.0120258	-0.191485	-0.0632317	-0.476196	0.704526	1.5708	0	0	0.423287	-0.302351	0.415192	0.819591	1.57079	0	0
0.371218	-0.00955991	-0.144634	-1.50515	0.316917	0.92583	0.128775	0.365828	0.0952197	0.1944	0.0950448	-0.151167	0	0	-0.00680202	-0.0543609	-0.0881769	0.858431	0.161655	0	0	-0.454714	0.0684778	0.0140402	-0.195782	-0.0638358	-0.477089	0.704094	1.5708	0	0	0.420913	-0.299959	0.416365	0.816426	1.57079	0	0
0.37521	-0.00961302	-0.146211	-1.50522	0.316622	0.925677	0.134965	0.36383	0.0958241	0.188699	0.101392	-0.160691	0	0	-0.0151056	-0.0556112	-0.0886991	0.858517	0.149351	0	0	-0.453718	0.069265	0.0162679	-0.200106	-0.0645101	-0.477926	0.703572	1.5708	0	0	0.418272	-0.297401	0.417324	0.813158	1.57079	0	0
0.379202	-0.00971476	-0.147932	-1.50538	0.316325	0.925572	0.141194	0.361655	0.0965445	0.182525	0.108389	-0.170907	0	0	-0.0235573	-0.0569791	-0.0894743	0.858593	0.136373	0	0	-0.452778	0.0700868	0.018692	-0.204442	-0.0652524	-0.478713	0.702963	1.5708	0	0	0.415367	-0.294686	0.418054	0.809801	1.57079	0	0
0.383193	-0.00986489	-0.149794	-1.50561	0.31603	0.925516	0.147458	0.359326	0.0973763	0.17595	0.116033	-0.181698	0	0	-0.0321308	-0.0584704	-0.0905144	0.858687	0.122716	0	0	-0.451905	0.0709447	0.0212962	-0.208773	-0.0660603	-0.479453	0.702268	1.5708	0	0	0.412205	-0.291822	0.418546	0.806364	1.57079	0	0
0.387185	-0.0100631	-0.151795	-1.50592	0.315735	0.925509	0.153753	0.356862	0.0983136	0.169051	0.124314	-0.192933	0	0	-0.0407986	-0.0600915	-0.0918333	0.858825	0.108368	0	0	-0.451107	0.07184	0.0240658	-0.213084	-0.0669318	-0.480152	0.70149	1.5708	0	0	0.408794	-0.288817	0.418788	0.802857	1.57079	0	0
0.391176	-0.0103091	-0.153931	-1.50628	0.315442	0.925551	0.160078	0.354286	0.0993514	0.161909	0.133219	-0.20447	0	0	-0.0495268	-0.0618484	-0.0934437	0.859041	0.0933259	0	0	-0.450389	0.0727733	0.0269871	-0.217355	-0.0678649	-0.480816	0.700632	1.5708	0	0	0.405145	-0.285679	0.418775	0.799289	1.57079	0	0
0.395168	-0.0106025	-0.156192	-1.50671	0.315152	0.925641	0.166427	0.351619	0.100485	0.154611	0.142728	-0.216157	0	0	-0.0582756	-0.0637471	-0.0953562	0.859368	0.0775983	0	0	-0.449757	0.0737452	0.0300474	-0.221568	-0.0688582	-0.481448	0.699699	1.5708	0	0	0.401272	-0.282414	0.4185	0.795663	1.57079	0	0
0.39916	-0.0109428	-0.158568	-1.50718	0.314866	0.92578	0.172796	0.348882	0.101709	0.14725	0.152816	-0.227832	0	0	-0.0669987	-0.0657927	-0.0975801	0.85985	0.0612047	0	0	-0.449212	0.0747553	0.0332353	-0.225705	-0.0699104	-0.482054	0.698694	1.5708	0	0	0.397189	-0.27903	0.417962	0.791984	1.57079	0	0
0.403151	-0.0113285	-0.161045	-1.50769	0.314584	0.925968	0.179183	0.346094	0.103019	0.13991	0.163452	-0.239334	0	0	-0.0756494	-0.06799	-0.100125	0.860523	0.0441587	0	0	-0.448757	0.0758025	0.0365407	-0.229746	-0.0710199	-0.482639	0.697625	1.5708	0	0	0.392913	-0.275534	0.417161	0.78825	1.57079	0	0
0.407143	-0.0117574	-0.163608	-1.50825	0.314308	0.926203	0.185582	0.34327	0.104409	0.132668	0.174597	-0.250503	0	0	-0.0841804	-0.070343	-0.103001	0.861422	0.0264703	0	0	-0.448389	0.0768841	0.039955	-0.233673	-0.072185	-0.483212	0.6965	1.5708	0	0	0.388464	-0.271931	0.416101	0.784461	1.57079	0	0
0.411134	-0.0122264	-0.166241	-1.50884	0.314037	0.926486	0.19199	0.340426	0.105873	0.125595	0.186207	-0.261188	0	0	-0.0925405	-0.0728545	-0.106214	0.862584	0.00816074	0	0	-0.448106	0.0779963	0.0434699	-0.23747	-0.0734035	-0.483778	0.695326	1.5708	0	0	0.383861	-0.268228	0.414788	0.780613	1.57079	0	0
0.415126	-0.0127315	-0.168925	-1.50947	0.313774	0.926815	0.198402	0.33758	0.107404	0.118754	0.19824	-0.271243	0	0	-0.100678	-0.0755264	-0.10977	0.864045	-0.0107462	0	0	-0.447902	0.0791341	0.047078	-0.24112	-0.074673	-0.484347	0.694114	1.5708	0	0	0.379126	-0.264432	0.413232	0.776702	1.57079	0	0
0.419118	-0.013268	-0.171641	-1.51014	0.313518	0.927191	0.204815	0.33475	0.108993	0.112193	0.210656	-0.280532	0	0	-0.108541	-0.0783597	-0.113669	0.865839	-0.0302205	0	0	-0.447772	0.0802919	0.0507709	-0.244608	-0.0759901	-0.484926	0.692875	1.5708	0	0	0.37428	-0.260549	0.411446	0.772721	1.57079	0	0
0.423109	-0.0138303	-0.174369	-1.51083	0.313271	0.927612	0.211224	0.331957	0.110633	0.105953	0.223416	-0.28893	0	0	-0.116076	-0.0813548	-0.11791	0.868002	-0.0502239	0	0	-0.447706	0.081464	0.05454	-0.24792	-0.0773511	-0.485525	0.691622	1.5708	0	0	0.369346	-0.256588	0.409446	0.768662	1.57079	0	0
0.427101	-0.0144129	-0.177086	-1.51154	0.313034	0.928077	0.217625	0.32922	0.112315	0.100063	0.236482	-0.296328	0	0	-0.123229	-0.0845111	-0.122486	0.870567	-0.0707078	0	0	-0.447696	0.082644	0.0583753	-0.251045	-0.078752	-0.486155	0.69037	1.5708	0	0	0.364348	-0.252555	0.407251	0.764518	1.57079	0	0
0.431092	-0.0150094	-0.179773	-1.51227	0.312806	0.928585	0.224015	0.326559	0.114028	0.0945433	0.249812	-0.302636	0	0	-0.129943	-0.0878274	-0.127382	0.873571	-0.0916115	0	0	-0.447728	0.0838256	0.062266	-0.253972	-0.0801884	-0.486823	0.689136	1.57079	0	0	0.359306	-0.248461	0.40488	0.76028	1.57079	0	0
0.435084	-0.0156133	-0.182406	-1.51301	0.31259	0.929135	0.23039	0.323992	0.115761	0.0894052	0.263361	-0.307787	0	0	-0.136165	-0.0913013	-0.132581	0.87705	-0.112861	0	0	-0.447791	0.0850022	0.0661989	-0.256691	-0.0816559	-0.487538	0.687935	1.57079	0	0	0.35424	-0.244314	0.402351	0.755944	1.57079	0	0
0.439076	-0.0162181	-0.184964	-1.51375	0.312385	0.929727	0.236746	0.321533	0.117505	0.0846542	0.277081	-0.311736	0	0	-0.141835	-0.0949302	-0.138057	0.88104	-0.13437	0	0	-0.447871	0.0861674	0.0701586	-0.259193	-0.0831503	-0.488304	0.686782	1.57079	0	0	0.34917	-0.240126	0.399685	0.751508	1.57079	0	0
0.443067	-0.0168173	-0.187424	-1.51448	0.312191	0.930357	0.243081	0.319193	0.119248	0.0802901	0.290915	-0.314466	0	0	-0.146896	-0.0987102	-0.143777	0.88558	-0.156035	0	0	-0.447951	0.087315	0.0741271	-0.26147	-0.0846678	-0.489123	0.685691	1.57079	0	0	0.344111	-0.235911	0.3969	0.746972	1.57079	0	0
0.447059	-0.017405	-0.189762	-1.51519	0.31201	0.931025	0.24939	0.31698	0.120979	0.0763081	0.304799	-0.315987	0	0	-0.151288	-0.102637	-0.149703	0.890708	-0.17774	0	0	-0.448015	0.0884396	0.0780839	-0.263511	-0.0862052	-0.489995	0.684675	1.57079	0	0	0.339076	-0.231683	0.394011	0.742341	1.57079	0	0
0.45105	-0.0179757	-0.191955	-1.51587	0.311842	0.931729	0.255671	0.314893	0.122687	0.0726998	0.318661	-0.316339	0	0	-0.154952	-0.106704	-0.15579	0.896464	-0.199352	0	0	-0.448044	0.0895365	0.0820062	-0.26531	-0.0877598	-0.490915	0.683747	1.57079	0	0	0.334075	-0.227457	0.391037	0.737618	1.57079	0	0
0.455042	-0.0185247	-0.193979	-1.5165	0.311686	0.932468	0.261921	0.312928	0.124363	0.0694545	0.332413	-0.315591	0	0	-0.157825	-0.110905	-0.161985	0.902889	-0.220722	0	0	-0.448018	0.0906021	0.0858693	-0.266858	-0.0893299	-0.491877	0.682919	1.57079	0	0	0.329118	-0.22325	0.38799	0.732811	1.57079	0	0
0.459034	-0.0190484	-0.195811	-1.51706	0.311542	0.933239	0.268138	0.31107	0.126	0.06656	0.34596	-0.313844	0	0	-0.159848	-0.115233	-0.168229	0.910021	-0.241686	0	0	-0.447917	0.0916336	0.0896466	-0.268148	-0.0909142	-0.492869	0.6822	1.57079	0	0	0.32421	-0.219078	0.384886	0.727929	1.57079	0	0
0.463025	-0.0195435	-0.197431	-1.51755	0.311412	0.93404	0.274319	0.309311	0.127587	0.0639993	0.359218	-0.311194	0	0	-0.160968	-0.11968	-0.174472	0.917889	-0.262096	0	0	-0.447722	0.0926295	0.0933112	-0.269173	-0.0925122	-0.493879	0.681602	1.57079	0	0	0.319355	-0.214958	0.381734	0.722981	1.57079	0	0
0.467017	-0.0200078	-0.19882	-1.51796	0.311292	0.934869	0.280461	0.307644	0.12912	0.0617525	0.372119	-0.307731	0	0	-0.161144	-0.124246	-0.180672	0.926507	-0.281822	0	0	-0.447415	0.0935885	0.0968365	-0.269928	-0.0941239	-0.494893	0.681132	1.57079	0	0	0.314557	-0.210909	0.378549	0.717979	1.57079	0	0
0.471008	-0.0204394	-0.199963	-1.51826	0.311185	0.935723	0.286564	0.306069	0.13059	0.0597966	0.384611	-0.303535	0	0	-0.160346	-0.128927	-0.186796	0.935877	-0.300746	0	0	-0.446982	0.09451	0.100197	-0.270408	-0.0957497	-0.495892	0.680796	1.57079	0	0	0.309819	-0.206945	0.375339	0.712933	1.57079	0	0
0.475	-0.0208375	-0.200847	-1.51845	0.311087	0.936599	0.292624	0.304587	0.131993	0.0581068	0.396657	-0.298677	0	0	-0.158555	-0.133724	-0.192817	0.945989	-0.318766	0	0	-0.44641	0.0953937	0.103371	-0.270609	-0.0973912	-0.496859	0.680598	1.57079	0	0	0.305142	-0.203082	0.372118	0.707854	1.57079	0	0
0.478992	-0.0212016	-0.201466	-1.51852	0.310998	0.937494	0.298639	0.303202	0.133326	0.0566571	0.408236	-0.293211	0	0	-0.15576	-0.138635	-0.198717	0.956823	-0.335786	0	0	-0.445689	0.0962398	0.106337	-0.270528	-0.0990501	-0.497776	0.680542	1.57079	0	0	0.300526	-0.199335	0.368896	0.702753	1.57079	0	0
0.482983	-0.0215322	-0.201815	-1.51847	0.310917	0.938405	0.304608	0.30192	0.134585	0.0554201	0.419339	-0.287184	0	0	-0.151963	-0.143659	-0.20448	0.96835	-0.351723	0	0	-0.444813	0.0970489	0.10908	-0.270164	-0.100729	-0.498621	0.680628	1.57079	0	0	0.295974	-0.195717	0.365685	0.69764	1.57079	0	0
0.486975	-0.0218301	-0.201895	-1.51828	0.310841	0.939327	0.310529	0.300743	0.135768	0.0543686	0.429967	-0.280631	0	0	-0.147174	-0.148792	-0.210095	0.980531	-0.366498	0	0	-0.443781	0.0978215	0.111586	-0.269516	-0.102432	-0.499374	0.680855	1.57079	0	0	0.291484	-0.19224	0.362495	0.692523	1.57079	0	0
0.490966	-0.0220964	-0.20171	-1.51796	0.310768	0.940256	0.316398	0.299674	0.136875	0.0534755	0.440126	-0.273586	0	0	-0.141413	-0.154029	-0.215554	0.993319	-0.380042	0	0	-0.442594	0.0985583	0.113844	-0.268585	-0.104162	-0.500016	0.68122	1.57079	0	0	0.287057	-0.188914	0.359339	0.687413	1.57079	0	0
0.494958	-0.0223323	-0.201269	-1.5175	0.310694	0.941187	0.322214	0.298713	0.137905	0.052715	0.449829	-0.266076	0	0	-0.134708	-0.159359	-0.220848	1.00666	-0.392292	0	0	-0.441258	0.0992594	0.115849	-0.267371	-0.105923	-0.500527	0.681719	1.57079	0	0	0.282693	-0.185749	0.356228	0.682317	1.57079	0	0
0.49895	-0.022539	-0.200585	-1.51691	0.310618	0.942114	0.327974	0.297853	0.138859	0.0520632	0.45909	-0.25813	0	0	-0.127097	-0.164772	-0.22597	1.02049	-0.403196	0	0	-0.439782	0.0999247	0.117599	-0.265876	-0.107719	-0.500889	0.682347	1.57079	0	0	0.278391	-0.182753	0.353173	0.677243	1.57079	0	0
0.502941	-0.0227175	-0.199675	-1.5162	0.310534	0.943032	0.333674	0.297087	0.139739	0.051499	0.467926	-0.249774	0	0	-0.118625	-0.170248	-0.230912	1.03474	-0.412712	0	0	-0.438178	0.100554	0.119093	-0.264105	-0.109554	-0.501082	0.683098	1.57079	0	0	0.274152	-0.179932	0.350186	0.672197	1.57079	0	0
0.506933	-0.0228679	-0.198558	-1.51537	0.310439	0.943933	0.33931	0.296399	0.140546	0.0510047	0.476353	-0.24104	0	0	-0.109345	-0.175768	-0.235665	1.04935	-0.420809	0	0	-0.436464	0.101144	0.120338	-0.262061	-0.111432	-0.501092	0.683966	1.57079	0	0	0.269975	-0.177291	0.347279	0.667186	1.57079	0	0
0.510924	-0.0229903	-0.197258	-1.51442	0.310327	0.944809	0.344879	0.29577	0.141283	0.050566	0.484386	-0.231963	0	0	-0.0993134	-0.181305	-0.24022	1.06423	-0.42747	0	0	-0.434658	0.101695	0.121339	-0.259749	-0.113357	-0.500906	0.684944	1.57079	0	0	0.26586	-0.174832	0.344462	0.662216	1.57079	0	0
0.514916	-0.023084	-0.195798	-1.51338	0.310194	0.945653	0.350376	0.295178	0.141951	0.0501726	0.492036	-0.222581	0	0	-0.0885931	-0.186829	-0.244566	1.0793	-0.432691	0	0	-0.432781	0.102202	0.122109	-0.257174	-0.115333	-0.50051	0.686025	1.57079	0	0	0.261808	-0.172557	0.341748	0.657289	1.57079	0	0
0.518908	-0.0231474	-0.194206	-1.51225	0.310032	0.946454	0.355794	0.294595	0.142555	0.0498183	0.499311	-0.212943	0	0	-0.0772492	-0.192306	-0.248691	1.09449	-0.436487	0	0	-0.430855	0.102663	0.122662	-0.254345	-0.117363	-0.499896	0.687203	1.57079	0	0	0.257819	-0.170466	0.339145	0.652411	1.57079	0	0
0.522899	-0.0231784	-0.192506	-1.51104	0.309835	0.947202	0.361127	0.293992	0.143095	0.0495001	0.506215	-0.203102	0	0	-0.0653487	-0.197699	-0.252585	1.10971	-0.438887	0	0	-0.428904	0.103071	0.123013	-0.251267	-0.119449	-0.499058	0.68847	1.57079	0	0	0.253893	-0.168558	0.336663	0.647584	1.57079	0	0
0.526891	-0.0231743	-0.190727	-1.50978	0.309595	0.947886	0.366368	0.293335	0.143576	0.0492187	0.512745	-0.193124	0	0	-0.0529599	-0.202969	-0.256236	1.12487	-0.439936	0	0	-0.42695	0.103423	0.12318	-0.247947	-0.121594	-0.497989	0.689817	1.57079	0	0	0.250032	-0.166829	0.334309	0.642813	1.57079	0	0
0.530882	-0.0231315	-0.188891	-1.50848	0.309305	0.948494	0.371508	0.292588	0.143998	0.0489777	0.518892	-0.183083	0	0	-0.0401511	-0.208073	-0.259633	1.1399	-0.439701	0	0	-0.425016	0.10371	0.123184	-0.24439	-0.123801	-0.496687	0.691234	1.57079	0	0	0.246234	-0.165275	0.332089	0.638101	1.57079	0	0
0.534874	-0.0230459	-0.187023	-1.50715	0.308956	0.949011	0.376538	0.291713	0.144365	0.0487833	0.52464	-0.173066	0	0	-0.0269898	-0.212966	-0.262765	1.1547	-0.43826	0	0	-0.423122	0.103925	0.123044	-0.240602	-0.126071	-0.495151	0.692711	1.57079	0	0	0.2425	-0.163893	0.330009	0.633452	1.57079	0	0
0.538866	-0.0229132	-0.185144	-1.50581	0.308539	0.949424	0.381446	0.290681	0.144677	0.0486428	0.529986	-0.163137	0	0	-0.0135403	-0.217605	-0.265622	1.1692	-0.4357	0	0	-0.421286	0.104061	0.12278	-0.236588	-0.128405	-0.493383	0.694238	1.57079	0	0	0.23883	-0.162676	0.328069	0.628869	1.57079	0	0
0.542857	-0.022729	-0.183273	-1.50448	0.308043	0.949718	0.386221	0.28947	0.144936	0.0485635	0.534932	-0.153348	0	0	0.000137575	-0.22195	-0.268197	1.18332	-0.432105	0	0	-0.419526	0.104112	0.12241	-0.232356	-0.130802	-0.491384	0.695809	1.57079	0	0	0.23522	-0.161618	0.32627	0.624356	1.57079	0	0
0.546849	-0.022488	-0.181424	-1.50316	0.307557	0.950018	0.390952	0.288062	0.145142	0.0485522	0.539488	-0.143741	0	0	0.0139875	-0.225966	-0.270493	1.197	-0.427556	0	0	-0.417855	0.104071	0.121953	-0.22791	-0.133263	-0.48916	0.697421	1.57079	0	0	0.231666	-0.160713	0.324608	0.619918	1.57079	0	0
0.55084	-0.0221859	-0.179612	-1.50189	0.30708	0.950325	0.395644	0.286446	0.145297	0.0486154	0.543668	-0.134344	0	0	0.027958	-0.229624	-0.272514	1.21017	-0.422129	0	0	-0.416283	0.103934	0.121422	-0.223258	-0.135786	-0.486714	0.699068	1.57079	0	0	0.228162	-0.159954	0.323075	0.615561	1.57079	0	0
0.554832	-0.021819	-0.177847	-1.50066	0.306612	0.95064	0.400298	0.284618	0.145402	0.0487589	0.547491	-0.125179	0	0	0.0420032	-0.232898	-0.274268	1.22276	-0.415895	0	0	-0.414818	0.103694	0.120834	-0.218407	-0.138369	-0.484054	0.70075	1.57079	0	0	0.224701	-0.159333	0.321663	0.611291	1.57079	0	0
0.558824	-0.0213844	-0.176136	-1.49949	0.306154	0.950961	0.404917	0.28258	0.145457	0.0489877	0.550982	-0.116253	0	0	0.0560825	-0.23577	-0.27577	1.23474	-0.40892	0	0	-0.413462	0.103347	0.120201	-0.213362	-0.14101	-0.481185	0.702465	1.57079	0	0	0.221278	-0.158843	0.320359	0.607113	1.57079	0	0
0.562815	-0.0208793	-0.174485	-1.49841	0.305705	0.951287	0.409504	0.280335	0.145464	0.0493063	0.554165	-0.107575	0	0	0.0701587	-0.238221	-0.277031	1.24605	-0.401273	0	0	-0.412218	0.10289	0.119537	-0.208132	-0.143705	-0.478117	0.704213	1.57079	0	0	0.217883	-0.158475	0.319151	0.603033	1.57079	0	0
0.566807	-0.0203016	-0.172897	-1.49741	0.305266	0.951617	0.41406	0.277891	0.145423	0.0497183	0.557064	-0.0991509	0	0	0.0841972	-0.240235	-0.278065	1.25665	-0.393036	0	0	-0.411087	0.102319	0.118855	-0.202723	-0.146452	-0.474856	0.705995	1.57079	0	0	0.214511	-0.158221	0.318023	0.599056	1.57079	0	0
0.570798	-0.0196494	-0.171372	-1.49651	0.304836	0.951951	0.418589	0.275255	0.145335	0.0502264	0.559699	-0.0909915	0	0	0.098166	-0.241798	-0.278886	1.26649	-0.384296	0	0	-0.410067	0.101631	0.118165	-0.197142	-0.149246	-0.471414	0.707812	1.57079	0	0	0.211153	-0.158071	0.316957	0.595189	1.57079	0	0
0.57479	-0.0189221	-0.169911	-1.49572	0.304417	0.952286	0.423092	0.27244	0.145201	0.0508322	0.562095	-0.0830944	0	0	0.11204	-0.242902	-0.279508	1.27554	-0.375128	0	0	-0.409154	0.100825	0.117479	-0.191395	-0.152082	-0.467799	0.709669	1.57079	0	0	0.207804	-0.158015	0.315935	0.591438	1.57079	0	0
0.578782	-0.0181199	-0.168509	-1.49505	0.304007	0.952622	0.42757	0.269463	0.145023	0.0515367	0.564282	-0.0754462	0	0	0.125799	-0.243543	-0.279946	1.28378	-0.3656	0	0	-0.408346	0.0999008	0.116803	-0.185489	-0.154957	-0.464025	0.711569	1.57079	0	0	0.204456	-0.158046	0.31494	0.587809	1.57079	0	0
0.582773	-0.0172438	-0.167164	-1.49449	0.303607	0.952955	0.432024	0.266346	0.144804	0.0523405	0.566292	-0.0680222	0	0	0.139429	-0.243719	-0.280212	1.29117	-0.355766	0	0	-0.407635	0.0988591	0.116145	-0.179428	-0.157865	-0.460103	0.713515	1.57079	0	0	0.201106	-0.158154	0.313953	0.584308	1.57079	0	0
0.586765	-0.0162956	-0.165869	-1.49407	0.303217	0.953285	0.436456	0.263108	0.144546	0.0532426	0.568154	-0.060805	0	0	0.152916	-0.243434	-0.280322	1.2977	-0.345688	0	0	-0.407017	0.0977019	0.115511	-0.173219	-0.160801	-0.456044	0.715513	1.57079	0	0	0.197747	-0.15833	0.312955	0.580938	1.57079	0	0
0.590756	-0.0152776	-0.164619	-1.49377	0.302837	0.953609	0.440867	0.259767	0.144252	0.0542403	0.569888	-0.0537859	0	0	0.166244	-0.242697	-0.280296	1.30334	-0.335435	0	0	-0.406487	0.0964317	0.11491	-0.166868	-0.163759	-0.451861	0.717568	1.57079	0	0	0.194376	-0.158565	0.311932	0.577704	1.57079	0	0
0.594748	-0.0141927	-0.163412	-1.49361	0.302468	0.953926	0.445257	0.256335	0.143923	0.0553303	0.571512	-0.0469656	0	0	0.179397	-0.241519	-0.280156	1.30809	-0.32508	0	0	-0.406038	0.0950519	0.114349	-0.160383	-0.166736	-0.447568	0.719687	1.57079	0	0	0.190991	-0.15885	0.310868	0.574606	1.57079	0	0
0.598739	-0.0130443	-0.162242	-1.49358	0.302108	0.954234	0.449629	0.252821	0.143561	0.0565084	0.573032	-0.0403549	0	0	0.192357	-0.239915	-0.27993	1.31191	-0.314707	0	0	-0.405667	0.0935667	0.113835	-0.153772	-0.169726	-0.44318	0.721875	1.57079	0	0	0.187591	-0.159175	0.309752	0.571647	1.57079	0	0
0.602731	-0.011836	-0.161106	-1.49368	0.301757	0.954532	0.453984	0.249239	0.143169	0.0577702	0.574463	-0.0339492	0	0	0.205108	-0.237901	-0.279638	1.31479	-0.304386	0	0	-0.405369	0.0919806	0.113377	-0.147043	-0.172725	-0.438708	0.724141	1.57079	0	0	0.184176	-0.159531	0.30857	0.568827	1.57079	0	0
0.606723	-0.0105715	-0.16	-1.49392	0.301417	0.954817	0.458321	0.245601	0.142748	0.0591114	0.575822	-0.0277404	0	0	0.217638	-0.235492	-0.279301	1.31672	-0.294182	0	0	-0.405139	0.0902983	0.112979	-0.140204	-0.175729	-0.434165	0.726491	1.57079	0	0	0.180744	-0.159909	0.30731	0.566145	1.57079	0	0
0.610714	-0.00925483	-0.15892	-1.4943	0.301087	0.955089	0.462643	0.241921	0.142301	0.0605284	0.577126	-0.021716	0	0	0.229934	-0.232706	-0.278933	1.3177	-0.284148	0	0	-0.404975	0.088525	0.112646	-0.133262	-0.178733	-0.429561	0.728931	1.57079	0	0	0.177294	-0.160301	0.305957	0.563604	1.57079	0	0
0.614706	-0.00788994	-0.157862	-1.49481	0.300767	0.955347	0.46695	0.238213	0.141831	0.0620178	0.578391	-0.0158594	0	0	0.241988	-0.22956	-0.278548	1.3177	-0.274324	0	0	-0.404871	0.0866659	0.112379	-0.126222	-0.181735	-0.424902	0.731463	1.57079	0	0	0.173826	-0.160699	0.304498	0.561202	1.57079	0	0
0.618697	-0.0064809	-0.156822	-1.49545	0.300456	0.955587	0.471243	0.234492	0.14134	0.0635772	0.579639	-0.0101494	0	0	0.253794	-0.226068	-0.278153	1.31674	-0.264744	0	0	-0.404823	0.0847262	0.112182	-0.11909	-0.184731	-0.420197	0.734089	1.57079	0	0	0.170339	-0.161094	0.30292	0.558939	1.57079	0	0
0.622689	-0.00503175	-0.155795	-1.49622	0.300156	0.95581	0.475522	0.230773	0.140831	0.065205	0.580889	-0.00456031	0	0	0.265348	-0.222247	-0.277752	1.31481	-0.25543	0	0	-0.404827	0.082711	0.112055	-0.11187	-0.187721	-0.415449	0.736809	1.57079	0	0	0.166833	-0.161481	0.301211	0.556815	1.57079	0	0
0.626681	-0.00354638	-0.154778	-1.49711	0.299865	0.956014	0.479786	0.227072	0.140308	0.0669005	0.582164	0.000938788	0	0	0.276649	-0.218111	-0.277345	1.3119	-0.246396	0	0	-0.404878	0.080625	0.112	-0.104566	-0.190701	-0.410665	0.73962	1.57079	0	0	0.163309	-0.161853	0.299363	0.554827	1.57079	0	0
0.630672	-0.00202851	-0.153766	-1.49813	0.299585	0.956196	0.484038	0.223408	0.139773	0.0686642	0.583488	0.00638427	0	0	0.287696	-0.213671	-0.276923	1.30803	-0.237646	0	0	-0.404971	0.0784727	0.112017	-0.0971805	-0.193671	-0.405847	0.742517	1.57079	0	0	0.159768	-0.162203	0.297368	0.552974	1.57079	0	0
0.634664	-0.000481885	-0.152754	-1.49926	0.299315	0.956357	0.488275	0.219795	0.139229	0.070496	0.584883	0.0118087	0	0	0.298488	-0.208942	-0.276482	1.30319	-0.22919	0	0	-0.405102	0.0762585	0.112108	-0.089717	-0.19663	-0.400997	0.745497	1.57079	0	0	0.156214	-0.162527	0.29522	0.551251	1.57079	0	0
0.638655	0.00108971	-0.151739	-1.5005	0.299054	0.956495	0.4925	0.216248	0.138679	0.0723953	0.586368	0.0172394	0	0	0.309023	-0.203938	-0.276018	1.29739	-0.221038	0	0	-0.405267	0.0739865	0.112272	-0.0821786	-0.199577	-0.396121	0.748552	1.57079	0	0	0.152651	-0.16282	0.29292	0.549654	1.57079	0	0
0.642647	0.00268238	-0.150718	-1.50185	0.298803	0.956608	0.496712	0.212777	0.138125	0.0743604	0.587955	0.022698	0	0	0.319295	-0.198679	-0.275529	1.29062	-0.213208	0	0	-0.405463	0.0716609	0.112513	-0.0745693	-0.202512	-0.391219	0.751677	1.57079	0	0	0.149085	-0.163078	0.290467	0.548176	1.57079	0	0
0.646639	0.00429206	-0.149687	-1.5033	0.298562	0.956698	0.500912	0.20939	0.13757	0.0763888	0.589656	0.0281991	0	0	0.329297	-0.193183	-0.275014	1.28288	-0.205719	0	0	-0.405685	0.0692863	0.112831	-0.066893	-0.205434	-0.386298	0.754865	1.57079	0	0	0.145522	-0.163298	0.287866	0.546811	1.57079	0	0
0.65063	0.00591449	-0.148645	-1.50484	0.298329	0.956762	0.5051	0.206092	0.137014	0.0784765	0.591474	0.0337499	0	0	0.33902	-0.187472	-0.274472	1.27415	-0.198594	0	0	-0.40593	0.0668678	0.113226	-0.0591539	-0.208343	-0.381359	0.758108	1.57079	0	0	0.141968	-0.163477	0.285124	0.54555	1.57079	0	0
0.654622	0.0075452	-0.147592	-1.50647	0.298105	0.956801	0.509279	0.202885	0.136461	0.0806187	0.593409	0.0393491	0	0	0.348453	-0.181569	-0.273903	1.26445	-0.191858	0	0	-0.406196	0.0644107	0.113699	-0.0513575	-0.211238	-0.376407	0.761402	1.57079	0	0	0.13843	-0.163612	0.282249	0.544385	1.57079	0	0
0.658613	0.00917941	-0.146525	-1.50818	0.29789	0.956815	0.513449	0.199767	0.135912	0.0828095	0.595458	0.0449861	0	0	0.357582	-0.175497	-0.273307	1.25375	-0.185542	0	0	-0.40648	0.0619206	0.114252	-0.0435105	-0.214119	-0.371448	0.764742	1.57079	0	0	0.134918	-0.163702	0.279251	0.543305	1.57079	0	0
0.662605	0.0108122	-0.145444	-1.50996	0.297684	0.956804	0.517611	0.196731	0.135367	0.0850423	0.597609	0.050641	0	0	0.366392	-0.169282	-0.272687	1.24205	-0.179676	0	0	-0.406783	0.0594035	0.114887	-0.0356211	-0.216988	-0.366488	0.768126	1.57079	0	0	0.131441	-0.163744	0.276147	0.542299	1.57079	0	0
0.666597	0.0124387	-0.144351	-1.51181	0.297485	0.956768	0.521766	0.193777	0.13483	0.0873102	0.599859	0.0563068	0	0	0.37487	-0.162942	-0.272032	1.22934	-0.174281	0	0	-0.407101	0.0568654	0.115608	-0.0276977	-0.219845	-0.361533	0.771549	1.57079	0	0	0.128008	-0.163737	0.272951	0.541357	1.57079	0	0
0.670588	0.0140543	-0.143246	-1.51371	0.297294	0.956709	0.525916	0.190901	0.134302	0.0896087	0.602209	0.0619831	0	0	0.383002	-0.156494	-0.271327	1.21562	-0.169376	0	0	-0.407435	0.0543124	0.116415	-0.0197482	-0.22269	-0.356588	0.77501	1.57079	0	0	0.124628	-0.16368	0.269677	0.540468	1.57079	0	0
0.67458	0.0156544	-0.142128	-1.51566	0.297111	0.956625	0.530062	0.188104	0.133787	0.0919331	0.604662	0.0676769	0	0	0.390778	-0.149953	-0.270551	1.20087	-0.164973	0	0	-0.407783	0.0517511	0.117308	-0.0117805	-0.225524	-0.351657	0.778505	1.57079	0	0	0.121308	-0.163572	0.266339	0.539622	1.57079	0	0
0.678571	0.0172342	-0.141001	-1.51766	0.296935	0.956518	0.534204	0.185384	0.133288	0.0942792	0.607224	0.0734002	0	0	0.398185	-0.14333	-0.269678	1.18509	-0.161079	0	0	-0.408145	0.0491883	0.118287	-0.0038029	-0.228349	-0.346742	0.782034	1.57079	0	0	0.118055	-0.163413	0.262952	0.53881	1.57079	0	0
0.682563	0.0187888	-0.139864	-1.51969	0.296767	0.956387	0.538345	0.182742	0.132809	0.0966423	0.609899	0.0791687	0	0	0.405213	-0.136635	-0.268678	1.16827	-0.157698	0	0	-0.40852	0.0466314	0.119349	0.00417574	-0.231166	-0.341849	0.785595	1.57079	0	0	0.114876	-0.163204	0.259532	0.538022	1.57079	0	0
0.686555	0.020313	-0.13872	-1.52174	0.296606	0.956233	0.542484	0.180178	0.132355	0.0990171	0.612695	0.0849999	0	0	0.411851	-0.129877	-0.267516	1.15042	-0.154832	0	0	-0.408906	0.0440884	0.120491	0.012146	-0.233975	-0.336978	0.789191	1.57079	0	0	0.111777	-0.162945	0.256094	0.537248	1.57079	0	0
0.690546	0.0218015	-0.137571	-1.52381	0.296453	0.956056	0.546623	0.177689	0.131929	0.101398	0.615618	0.0909117	0	0	0.418089	-0.123065	-0.266157	1.13154	-0.152477	0	0	-0.409303	0.0415673	0.121709	0.0200978	-0.236776	-0.332134	0.792822	1.57079	0	0	0.108762	-0.162638	0.252654	0.53648	1.57079	0	0
0.694538	0.0232492	-0.136419	-1.52589	0.296307	0.955856	0.550763	0.175274	0.131537	0.10378	0.618672	0.0969202	0	0	0.423917	-0.116208	-0.264565	1.11162	-0.15063	0	0	-0.409709	0.0390759	0.123003	0.0280196	-0.239571	-0.327318	0.796493	1.57079	0	0	0.105837	-0.162284	0.249228	0.535708	1.57079	0	0
0.698529	0.024651	-0.135268	-1.52797	0.296168	0.955633	0.554906	0.172928	0.131182	0.106159	0.621862	0.103039	0	0	0.429323	-0.109314	-0.262704	1.09068	-0.14928	0	0	-0.410124	0.036622	0.124372	0.0358988	-0.242362	-0.322533	0.800207	1.57079	0	0	0.103002	-0.161885	0.245833	0.534926	1.57079	0	0
0.702521	0.0260017	-0.134123	-1.53005	0.296037	0.955389	0.559054	0.170645	0.130869	0.108532	0.62519	0.109279	0	0	0.434294	-0.102391	-0.260541	1.06871	-0.148415	0	0	-0.410545	0.034213	0.125818	0.0437217	-0.245152	-0.317781	0.803969	1.57079	0	0	0.100258	-0.161441	0.242484	0.534125	1.57079	0	0
0.706513	0.0272962	-0.132985	-1.53213	0.295913	0.955123	0.563207	0.16842	0.130601	0.110893	0.628654	0.115645	0	0	0.438822	-0.0954502	-0.258042	1.04573	-0.148021	0	0	-0.410972	0.0318567	0.127342	0.0514747	-0.247942	-0.313065	0.807782	1.57079	0	0	0.0976081	-0.160955	0.239197	0.533298	1.57079	0	0
0.710504	0.0285293	-0.131859	-1.53421	0.295796	0.954835	0.567369	0.166243	0.130383	0.113239	0.632252	0.122135	0	0	0.442898	-0.0885027	-0.255176	1.02176	-0.148078	0	0	-0.411402	0.0295607	0.128946	0.0591439	-0.250734	-0.308388	0.811654	1.57079	0	0	0.0950515	-0.160428	0.235988	0.532439	1.57079	0	0
0.714496	0.0296958	-0.130748	-1.53627	0.295686	0.954525	0.57154	0.164105	0.130219	0.115565	0.635975	0.128743	0	0	0.446516	-0.0815614	-0.251916	0.996818	-0.148564	0	0	-0.411833	0.0273322	0.130631	0.0667155	-0.253531	-0.30375	0.815589	1.57079	0	0	0.092589	-0.159861	0.232871	0.531542	1.57079	0	0
0.718487	0.0307907	-0.129655	-1.53834	0.295584	0.954195	0.575723	0.161995	0.130111	0.117863	0.639813	0.135453	0	0	0.449672	-0.0746407	-0.248236	0.970933	-0.149452	0	0	-0.412265	0.0251786	0.1324	0.0741753	-0.256336	-0.299156	0.819594	1.57079	0	0	0.0902207	-0.159255	0.229859	0.530601	1.57079	0	0
0.722479	0.0318091	-0.128582	-1.54039	0.295489	0.953843	0.579918	0.159901	0.130062	0.120129	0.643751	0.142241	0	0	0.452366	-0.0677569	-0.244114	0.944142	-0.150713	0	0	-0.412695	0.0231067	0.134256	0.0815087	-0.259149	-0.294609	0.823675	1.57079	0	0	0.0879464	-0.158614	0.226966	0.529611	1.57079	0	0
0.726471	0.0327464	-0.127533	-1.54244	0.295402	0.95347	0.584129	0.157807	0.130073	0.122354	0.64777	0.149074	0	0	0.454599	-0.0609275	-0.23953	0.916491	-0.152311	0	0	-0.413121	0.0211231	0.1362	0.0887018	-0.261972	-0.290113	0.827837	1.57079	0	0	0.0857661	-0.157936	0.224202	0.528566	1.57079	0	0
0.730462	0.0335979	-0.12651	-1.54447	0.295321	0.953076	0.588356	0.155702	0.130147	0.12453	0.651855	0.155927	0	0	0.456381	-0.054169	-0.234466	0.888036	-0.154199	0	0	-0.41354	0.019234	0.138236	0.0957419	-0.264807	-0.285671	0.832086	1.57079	0	0	0.0836785	-0.157225	0.221578	0.527462	1.57079	0	0
0.734454	0.0343599	-0.125515	-1.5465	0.295249	0.952661	0.592602	0.153574	0.130285	0.126652	0.655993	0.162779	0	0	0.45772	-0.047498	-0.228908	0.858835	-0.156339	0	0	-0.413951	0.0174452	0.140364	0.102617	-0.267655	-0.281286	0.836426	1.57079	0	0	0.0816821	-0.156481	0.219101	0.526296	1.57079	0	0
0.738445	0.0350289	-0.124552	-1.54852	0.295183	0.952225	0.596868	0.151412	0.130488	0.128716	0.660172	0.169615	0	0	0.458628	-0.0409321	-0.222849	0.828959	-0.158682	0	0	-0.414353	0.0157618	0.142587	0.109318	-0.270516	-0.276961	0.84086	1.57079	0	0	0.0797746	-0.155706	0.216779	0.525066	1.57079	0	0
0.742437	0.0356019	-0.123624	-1.55054	0.295126	0.951767	0.601155	0.149206	0.130757	0.130719	0.664383	0.176416	0	0	0.459123	-0.0344905	-0.216286	0.798492	-0.161169	0	0	-0.414745	0.0141885	0.144906	0.115833	-0.273391	-0.272699	0.845391	1.57079	0	0	0.0779539	-0.154901	0.214617	0.523769	1.57079	0	0
0.746429	0.0360762	-0.122733	-1.55255	0.295078	0.951287	0.605465	0.146944	0.131094	0.132658	0.668614	0.183161	0	0	0.459229	-0.0281944	-0.209227	0.767528	-0.163732	0	0	-0.415127	0.0127293	0.147323	0.122155	-0.276281	-0.268503	0.850023	1.57079	0	0	0.0762179	-0.154067	0.212621	0.522405	1.57079	0	0
0.75042	0.03645	-0.121883	-1.55456	0.295038	0.950786	0.609799	0.144617	0.131497	0.134532	0.672854	0.189828	0	0	0.458976	-0.0220673	-0.20169	0.736174	-0.166293	0	0	-0.415497	0.0113868	0.149844	0.128274	-0.279187	-0.264375	0.854758	1.57079	0	0	0.074565	-0.153204	0.210794	0.520969	1.57079	0	0
0.754412	0.0367222	-0.121075	-1.55658	0.295006	0.950263	0.614158	0.142215	0.131966	0.136341	0.67709	0.196388	0	0	0.458398	-0.0161347	-0.193704	0.704552	-0.168765	0	0	-0.415857	0.0101628	0.152472	0.134183	-0.282109	-0.260321	0.859597	1.57079	0	0	0.0729943	-0.152311	0.209139	0.519459	1.57079	0	0
0.758403	0.0368923	-0.120311	-1.55862	0.294983	0.949719	0.618543	0.139726	0.132499	0.138088	0.681307	0.202808	0	0	0.457536	-0.0104246	-0.18531	0.672794	-0.171052	0	0	-0.416204	0.00905823	0.155214	0.139875	-0.285048	-0.256346	0.864541	1.57079	0	0	0.0715049	-0.151389	0.207658	0.517873	1.57079	0	0
0.762395	0.0369602	-0.119592	-1.56067	0.294968	0.949153	0.622955	0.137141	0.133091	0.139773	0.685488	0.209048	0	0	0.456438	-0.00496681	-0.176563	0.641048	-0.17305	0	0	-0.41654	0.00807292	0.158074	0.145341	-0.288004	-0.252454	0.869591	1.57079	0	0	0.0700967	-0.150437	0.206354	0.516206	1.57079	0	0
0.766387	0.0369269	-0.118921	-1.56274	0.294962	0.948565	0.627396	0.134448	0.13374	0.141399	0.68962	0.215071	0	0	0.455152	0.000211187	-0.167527	0.609459	-0.174671	0	0	-0.416864	0.00720593	0.161057	0.150575	-0.290977	-0.248652	0.874747	1.57079	0	0	0.0687701	-0.149453	0.205229	0.514455	1.57079	0	0
0.770378	0.0367942	-0.118299	-1.56485	0.294964	0.947958	0.631866	0.131638	0.13444	0.142972	0.693688	0.220843	0	0	0.453724	0.00508502	-0.15827	0.578177	-0.175842	0	0	-0.417177	0.00645527	0.164169	0.15557	-0.293967	-0.244948	0.880009	1.57079	0	0	0.0675261	-0.148437	0.204282	0.512615	1.57079	0	0
0.77437	0.0365647	-0.117727	-1.56698	0.294975	0.947331	0.636365	0.128703	0.135187	0.144495	0.697683	0.226333	0	0	0.452203	0.00963361	-0.14887	0.547352	-0.176503	0	0	-0.417481	0.00581792	0.167415	0.16032	-0.296974	-0.241348	0.885377	1.57079	0	0	0.0663663	-0.147387	0.203515	0.510682	1.57079	0	0
0.778361	0.0362419	-0.117208	-1.56916	0.294995	0.946687	0.640896	0.125634	0.135974	0.145974	0.701594	0.23151	0	0	0.450639	0.013839	-0.139407	0.517134	-0.176604	0	0	-0.417778	0.00528993	0.170795	0.164819	-0.299996	-0.237862	0.89085	1.57079	0	0	0.0652921	-0.146303	0.20293	0.508653	1.57079	0	0
0.782353	0.0358297	-0.116745	-1.57138	0.295022	0.946028	0.645458	0.122423	0.136795	0.147414	0.705414	0.236344	0	0	0.449083	0.0176861	-0.129971	0.48768	-0.176099	0	0	-0.418071	0.00486652	0.174313	0.169062	-0.303031	-0.234495	0.896428	1.57079	0	0	0.0643053	-0.145185	0.202525	0.506525	1.57079	0	0
0.786345	0.0353329	-0.116341	-1.57364	0.295058	0.945355	0.650053	0.119063	0.137642	0.148822	0.709133	0.240808	0	0	0.447591	0.0211622	-0.120654	0.459152	-0.174943	0	0	-0.418365	0.0045422	0.177968	0.173043	-0.306079	-0.231256	0.902112	1.57079	0	0	0.0634073	-0.144033	0.202301	0.504296	1.57079	0	0
0.790336	0.0347565	-0.115997	-1.57594	0.295101	0.944672	0.65468	0.115546	0.138506	0.150201	0.712746	0.24487	0	0	0.446225	0.024256	-0.111555	0.431726	-0.173082	0	0	-0.418661	0.00431079	0.181759	0.176758	-0.309137	-0.228152	0.9079	1.57079	0	0	0.062599	-0.142848	0.202258	0.501967	1.57079	0	0
0.794328	0.0341068	-0.115716	-1.57829	0.295151	0.943979	0.65934	0.111867	0.139377	0.151558	0.716246	0.248505	0	0	0.445032	0.0269629	-0.102773	0.405542	-0.170506	0	0	-0.418965	0.00416497	0.185683	0.180202	-0.312201	-0.22519	0.913792	1.57079	0	0	0.061881	-0.14163	0.202393	0.499536	1.57079	0	0
0.798319	0.0333909	-0.115501	-1.58069	0.295206	0.943281	0.664036	0.108019	0.140247	0.152899	0.719628	0.251687	0	0	0.444043	0.0292851	-0.0944022	0.380713	-0.16724	0	0	-0.419279	0.00409651	0.189739	0.183371	-0.31527	-0.222374	0.919786	1.57079	0	0	0.0612532	-0.14038	0.202704	0.497003	1.57079	0	0
0.802311	0.0326166	-0.115353	-1.58312	0.295268	0.94258	0.668767	0.103997	0.141105	0.154232	0.722889	0.254393	0	0	0.443278	0.0312302	-0.0865322	0.35732	-0.16334	0	0	-0.419606	0.00409648	0.19392	0.186262	-0.318339	-0.219712	0.92588	1.57079	0	0	0.0607154	-0.139101	0.203188	0.494371	1.57079	0	0
0.806303	0.0317924	-0.115275	-1.58561	0.295335	0.94188	0.673535	0.0997977	0.141941	0.155563	0.726026	0.256603	0	0	0.442742	0.0328108	-0.0792467	0.335418	-0.158887	0	0	-0.419947	0.00415544	0.198223	0.188871	-0.321405	-0.21721	0.932071	1.57079	0	0	0.0602668	-0.137793	0.203842	0.491638	1.57079	0	0
0.810294	0.030927	-0.115268	-1.58813	0.295407	0.941187	0.678344	0.0954165	0.142744	0.156901	0.729037	0.258299	0	0	0.44243	0.034044	-0.0726223	0.315035	-0.153982	0	0	-0.420306	0.00426368	0.202638	0.191193	-0.324462	-0.214872	0.938355	1.57079	0	0	0.0599061	-0.136458	0.204662	0.488808	1.57079	0	0
0.814286	0.0300295	-0.115333	-1.59069	0.295484	0.940503	0.683194	0.0908504	0.143506	0.158252	0.73192	0.259464	0	0	0.442329	0.0349506	-0.066727	0.296182	-0.148739	0	0	-0.420683	0.00441138	0.207158	0.193227	-0.327505	-0.212703	0.944728	1.57079	0	0	0.0596312	-0.135099	0.205642	0.485882	1.57079	0	0
0.818277	0.0291089	-0.115472	-1.59328	0.295566	0.939835	0.68809	0.0860971	0.144218	0.159622	0.734675	0.260082	0	0	0.442415	0.0355544	-0.0616195	0.278846	-0.14328	0	0	-0.421077	0.00458874	0.211771	0.19497	-0.330526	-0.210708	0.951183	1.57079	0	0	0.0594395	-0.133718	0.206776	0.482862	1.57079	0	0
0.822269	0.0281745	-0.115685	-1.59589	0.295652	0.939185	0.693032	0.0811552	0.144869	0.161018	0.737302	0.260142	0	0	0.442662	0.0358816	-0.0573481	0.263003	-0.137731	0	0	-0.42149	0.0047861	0.216466	0.196418	-0.333518	-0.208891	0.957712	1.57079	0	0	0.0593277	-0.132319	0.208056	0.479753	1.57079	0	0
0.826261	0.027235	-0.115973	-1.59852	0.295743	0.938558	0.698025	0.0760241	0.145452	0.162443	0.7398	0.259629	0	0	0.443036	0.0359605	-0.0539506	0.248616	-0.13222	0	0	-0.42192	0.00499404	0.221227	0.19757	-0.336469	-0.207256	0.964307	1.57079	0	0	0.0592914	-0.130905	0.209475	0.476559	1.57079	0	0
0.830252	0.0262995	-0.116334	-1.60116	0.295839	0.937959	0.70307	0.0707044	0.14596	0.163902	0.742171	0.258534	0	0	0.443503	0.0358199	-0.0514533	0.235639	-0.126869	0	0	-0.422363	0.00520346	0.22604	0.198424	-0.33937	-0.205808	0.970959	1.57079	0	0	0.0593258	-0.129479	0.211021	0.473286	1.57079	0	0
0.834244	0.0253766	-0.116768	-1.6038	0.295938	0.93739	0.708172	0.0651976	0.146386	0.165396	0.744416	0.256846	0	0	0.444027	0.0354895	-0.0498712	0.22402	-0.121798	0	0	-0.422818	0.00540565	0.230888	0.198979	-0.342207	-0.20455	0.977656	1.57079	0	0	0.059425	-0.128047	0.212684	0.46994	1.57079	0	0
0.838235	0.0244746	-0.117274	-1.60643	0.296043	0.936855	0.713332	0.0595068	0.146723	0.166926	0.746537	0.254556	0	0	0.444573	0.0349983	-0.0492082	0.213705	-0.117119	0	0	-0.423281	0.00559227	0.235751	0.199234	-0.344967	-0.203485	0.984386	1.57079	0	0	0.0595825	-0.126613	0.214452	0.466529	1.57079	0	0
0.842227	0.0236016	-0.117848	-1.60903	0.296151	0.936357	0.718554	0.0536361	0.146965	0.16849	0.748537	0.251657	0	0	0.445111	0.034375	-0.0494575	0.204641	-0.112933	0	0	-0.423746	0.00575536	0.240611	0.199189	-0.347636	-0.202617	0.991136	1.57079	0	0	0.0597911	-0.125181	0.21631	0.463062	1.57079	0	0
0.846218	0.0227651	-0.118489	-1.6116	0.296264	0.935897	0.72384	0.0475914	0.147109	0.170084	0.750419	0.248142	0	0	0.445611	0.0336469	-0.0506022	0.19678	-0.10933	0	0	-0.424208	0.0058874	0.245446	0.198847	-0.350198	-0.201947	0.997894	1.57079	0	0	0.0600427	-0.123759	0.218245	0.459548	1.57079	0	0
0.85021	0.0219725	-0.119194	-1.61412	0.296382	0.935478	0.729191	0.0413802	0.147148	0.171703	0.752191	0.244007	0	0	0.446053	0.0328399	-0.0526153	0.190079	-0.106385	0	0	-0.42466	0.00598136	0.250235	0.198207	-0.352636	-0.201478	1.00464	1.57079	0	0	0.0603286	-0.122351	0.220238	0.455999	1.57079	0	0
0.854202	0.0212304	-0.119958	-1.61657	0.296506	0.935098	0.73461	0.0350115	0.14708	0.173337	0.753858	0.23925	0	0	0.446423	0.0319787	-0.0554601	0.184509	-0.104157	0	0	-0.425097	0.00603071	0.254956	0.197273	-0.354934	-0.20121	1.01137	1.57079	0	0	0.0606391	-0.120964	0.222273	0.452428	1.57079	0	0
0.858193	0.0205454	-0.120779	-1.61895	0.296636	0.93476	0.740099	0.0284943	0.1469	0.174975	0.755427	0.233865	0	0	0.446708	0.0310859	-0.0590926	0.180035	-0.102699	0	0	-0.425512	0.00602956	0.259586	0.196048	-0.357075	-0.201144	1.01806	1.57079	0	0	0.0609645	-0.119604	0.22433	0.448847	1.57079	0	0
0.862185	0.0199234	-0.121653	-1.62124	0.296772	0.934462	0.745658	0.0218379	0.146606	0.176606	0.756904	0.227844	0	0	0.446897	0.0301826	-0.0634621	0.176627	-0.102053	0	0	-0.425896	0.00597263	0.264104	0.194534	-0.359043	-0.201283	1.0247	1.57079	0	0	0.0612956	-0.118276	0.226394	0.445268	1.57079	0	0
0.866176	0.0193698	-0.122577	-1.62343	0.296914	0.934203	0.751289	0.0150516	0.146195	0.178216	0.758296	0.221175	0	0	0.446983	0.0292877	-0.0685123	0.174251	-0.102254	0	0	-0.426244	0.00585533	0.268489	0.192734	-0.360822	-0.201625	1.03128	1.57079	0	0	0.061623	-0.116987	0.228447	0.441704	1.57079	0	0
0.870168	0.0188895	-0.123547	-1.6255	0.297064	0.933983	0.756992	0.0081452	0.145665	0.17979	0.759608	0.213843	0	0	0.446959	0.0284181	-0.0741825	0.172876	-0.103326	0	0	-0.426547	0.00567381	0.27272	0.190651	-0.362397	-0.202172	1.03777	1.57079	0	0	0.0619379	-0.115741	0.230475	0.438165	1.57079	0	0
0.87416	0.0184869	-0.12456	-1.62745	0.297221	0.9338	0.76277	0.00112884	0.145014	0.181313	0.760847	0.205832	0	0	0.446823	0.0275885	-0.0804085	0.172474	-0.105287	0	0	-0.426799	0.00542494	0.276778	0.188287	-0.363753	-0.202923	1.04416	1.57079	0	0	0.0622319	-0.114545	0.232464	0.434662	1.57079	0	0
0.878151	0.0181655	-0.125613	-1.62926	0.297385	0.933651	0.768623	-0.00598673	0.144241	0.182767	0.762018	0.197121	0	0	0.446576	0.0268111	-0.0871238	0.173017	-0.108142	0	0	-0.426994	0.00510626	0.280644	0.185648	-0.364875	-0.203877	1.05044	1.57079	0	0	0.0624972	-0.113403	0.2344	0.431207	1.57079	0	0
0.882143	0.0179284	-0.126703	-1.63092	0.297557	0.933533	0.77455	-0.0131903	0.143348	0.184136	0.763129	0.187689	0	0	0.446221	0.0260961	-0.0942612	0.174478	-0.111887	0	0	-0.427123	0.00471587	0.284304	0.182736	-0.365753	-0.205033	1.0566	1.57079	0	0	0.0627268	-0.112321	0.236272	0.427808	1.57079	0	0
0.886134	0.017778	-0.127827	-1.63242	0.297737	0.933444	0.780552	-0.0204699	0.142333	0.185403	0.764188	0.177513	0	0	0.445765	0.0254513	-0.101753	0.176837	-0.116507	0	0	-0.427183	0.00425234	0.287741	0.179558	-0.366373	-0.206389	1.06261	1.57079	0	0	0.0629147	-0.111303	0.238072	0.424475	1.57079	0	0
0.890126	0.0177163	-0.128983	-1.63375	0.297926	0.93338	0.786629	-0.0278126	0.141199	0.18655	0.765204	0.166569	0	0	0.445216	0.0248822	-0.109532	0.18007	-0.121977	0	0	-0.427167	0.00371462	0.290943	0.176119	-0.366726	-0.207944	1.06847	1.57079	0	0	0.0630562	-0.110354	0.239789	0.421217	1.57079	0	0
0.894118	0.0177449	-0.130167	-1.63491	0.298123	0.933339	0.792778	-0.0352042	0.139946	0.18756	0.766188	0.154835	0	0	0.444587	0.0243925	-0.117534	0.184161	-0.128257	0	0	-0.427073	0.00310192	0.293899	0.172424	-0.366802	-0.209694	1.07416	1.57079	0	0	0.0631478	-0.109479	0.24142	0.418041	1.57079	0	0
0.898109	0.0178649	-0.131379	-1.63588	0.298328	0.933319	0.798998	-0.0426291	0.138576	0.188417	0.767154	0.142288	0	0	0.443893	0.0239837	-0.125694	0.189095	-0.135295	0	0	-0.426898	0.00241365	0.296598	0.168482	-0.366594	-0.211637	1.07967	1.57079	0	0	0.0631875	-0.108681	0.242959	0.414953	1.57079	0	0
0.902101	0.0180771	-0.132616	-1.63667	0.298542	0.933318	0.805286	-0.0500698	0.137091	0.189104	0.768118	0.128911	0	0	0.443152	0.0236555	-0.133953	0.194859	-0.143024	0	0	-0.426641	0.00164938	0.299034	0.164302	-0.366095	-0.213769	1.08498	1.57079	0	0	0.063175	-0.107964	0.244405	0.411959	1.57079	0	0
0.906092	0.0183824	-0.133876	-1.63728	0.298764	0.933334	0.811639	-0.0575063	0.135494	0.189607	0.769102	0.114689	0	0	0.442384	0.023406	-0.14225	0.201447	-0.151362	0	0	-0.426302	0.000808892	0.301199	0.159893	-0.365301	-0.216085	1.09008	1.57079	0	0	0.0631117	-0.107331	0.245756	0.409064	1.57079	0	0
0.910084	0.0187809	-0.135158	-1.63769	0.298993	0.933366	0.818053	-0.0649162	0.133788	0.189913	0.77013	0.0996187	0	0	0.441613	0.0232315	-0.150531	0.208855	-0.160209	0	0	-0.425883	-0.000107874	0.303091	0.155267	-0.364209	-0.21858	1.09496	1.57079	0	0	0.0630004	-0.106785	0.247013	0.406271	1.57079	0	0
0.914076	0.0192729	-0.136461	-1.63791	0.29923	0.933413	0.824521	-0.0722733	0.131976	0.19001	0.771232	0.0837033	0	0	0.440868	0.0231271	-0.158741	0.217089	-0.169446	0	0	-0.425385	-0.00110085	0.304704	0.150439	-0.362819	-0.221246	1.09961	1.57079	0	0	0.062845	-0.106327	0.248177	0.403585	1.57079	0	0
0.918067	0.0198585	-0.137782	-1.63794	0.299475	0.933473	0.831039	-0.0795471	0.130062	0.189887	0.772446	0.0669617	0	0	0.440179	0.0230863	-0.166827	0.226159	-0.178931	0	0	-0.424815	-0.00216983	0.306036	0.145425	-0.36113	-0.224074	1.10401	1.57079	0	0	0.0626509	-0.105958	0.24925	0.401007	1.57079	0	0
0.922059	0.0205374	-0.139121	-1.63778	0.299726	0.933546	0.837601	-0.0867072	0.128049	0.189534	0.773808	0.0494075	0	0	0.439575	0.0231031	-0.174739	0.236068	-0.188513	0	0	-0.424176	-0.00331432	0.307084	0.140242	-0.359144	-0.227054	1.10814	1.57079	0	0	0.0624246	-0.105681	0.250234	0.398543	1.57079	0	0
0.92605	0.0213088	-0.140474	-1.63743	0.299984	0.93363	0.844199	-0.0937228	0.125939	0.188941	0.775352	0.031049	0	0	0.439076	0.0231723	-0.182428	0.246805	-0.198037	0	0	-0.423476	-0.00453338	0.307847	0.134912	-0.356866	-0.230174	1.11201	1.57079	0	0	0.062174	-0.105493	0.251129	0.396195	1.57079	0	0
0.930042	0.0221716	-0.14184	-1.6369	0.300248	0.933725	0.850828	-0.100563	0.123734	0.188099	0.777109	0.011888	0	0	0.438693	0.0232898	-0.189851	0.258342	-0.207346	0	0	-0.422723	-0.00582554	0.308326	0.129455	-0.3543	-0.233422	1.11559	1.57079	0	0	0.0619082	-0.105396	0.251938	0.393966	1.57079	0	0
0.934034	0.023124	-0.143216	-1.63618	0.300519	0.933831	0.857482	-0.107198	0.121433	0.186997	0.779108	-0.00808039	0	0	0.438433	0.0234523	-0.196973	0.27064	-0.216285	0	0	-0.421925	-0.00718888	0.308522	0.123895	-0.351453	-0.236785	1.11888	1.57079	0	0	0.0616372	-0.105386	0.252664	0.391858	1.57079	0	0
0.938025	0.0241638	-0.144597	-1.6353	0.300797	0.933947	0.864153	-0.113598	0.119038	0.185627	0.781373	-0.0288679	0	0	0.438295	0.0236579	-0.203763	0.283645	-0.224707	0	0	-0.421089	-0.00862104	0.308438	0.118256	-0.348336	-0.240249	1.12186	1.57079	0	0	0.0613723	-0.105463	0.253309	0.389875	1.57079	0	0
0.942017	0.0252882	-0.14598	-1.63425	0.30108	0.934073	0.870835	-0.119731	0.116545	0.183979	0.783924	-0.0504935	0	0	0.438273	0.023905	-0.2102	0.297293	-0.232476	0	0	-0.420226	-0.0101192	0.308078	0.112562	-0.344959	-0.2438	1.12453	1.57079	0	0	0.0611248	-0.105623	0.253876	0.388018	1.57079	0	0
0.946008	0.0264936	-0.147357	-1.63305	0.301369	0.934209	0.877523	-0.125569	0.113952	0.182045	0.786775	-0.0729842	0	0	0.438359	0.0241923	-0.216271	0.311515	-0.23947	0	0	-0.419341	-0.0116798	0.307451	0.106839	-0.341334	-0.247422	1.12688	1.57079	0	0	0.0609065	-0.105862	0.254366	0.386294	1.57079	0	0
0.95	0.0277761	-0.14872	-1.63171	0.301664	0.934353	0.884209	-0.131077	0.111257	0.179822	0.789952	-0.0963381	0	0	0.438542	0.0245195	-0.221966	0.326235	-0.245583	0	0	-0.418442	-0.0132993	0.306563	0.101111	-0.337475	-0.251101	1.12889	1.57079	0	0	0.0607283	-0.106176	0.254779	0.384706	1.57079	0	0
0.953992	0.0291315	-0.150062	-1.63024	0.301963	0.934506	0.890886	-0.136211	0.108461	0.177311	0.793487	-0.120523	0	0	0.438808	0.0248874	-0.227278	0.341368	-0.250733	0	0	-0.417534	-0.0149734	0.305425	0.0954034	-0.333399	-0.254819	1.13057	1.57079	0	0	0.0606002	-0.106561	0.255116	0.383261	1.57079	0	0
0.957983	0.0305548	-0.15137	-1.62866	0.302268	0.934666	0.897547	-0.140923	0.105564	0.174516	0.797424	-0.145477	0	0	0.439141	0.0252984	-0.232202	0.35682	-0.254864	0	0	-0.41662	-0.0166975	0.304048	0.0897407	-0.329121	-0.258559	1.1319	1.57079	0	0	0.0605313	-0.107011	0.255374	0.381968	1.57079	0	0
0.961975	0.0320407	-0.152633	-1.62698	0.302577	0.934833	0.904186	-0.14516	0.102569	0.171449	0.801814	-0.171105	0	0	0.439518	0.0257563	-0.236737	0.372484	-0.257953	0	0	-0.415701	-0.0184668	0.302444	0.0841466	-0.324659	-0.262302	1.13289	1.57079	0	0	0.060529	-0.107522	0.255549	0.380834	1.57079	0	0
0.965966	0.033584	-0.153837	-1.62523	0.302889	0.935006	0.910796	-0.148861	0.0994792	0.168125	0.806715	-0.197282	0	0	0.43991	0.0262673	-0.240882	0.388241	-0.260009	0	0	-0.414777	-0.0202762	0.300627	0.078644	-0.320033	-0.26603	1.13351	1.57079	0	0	0.0605995	-0.108088	0.255638	0.379869	1.57079	0	0
0.969958	0.0351784	-0.15497	-1.62342	0.303205	0.935185	0.917369	-0.15197	0.0962974	0.16456	0.812181	-0.22388	0	0	0.440294	0.0268354	-0.24464	0.40398	-0.261055	0	0	-0.413845	-0.0221205	0.298612	0.0732542	-0.315261	-0.269721	1.13379	1.57079	0	0	0.0607473	-0.108704	0.255636	0.379084	1.57079	0	0
0.97395	0.0368178	-0.156017	-1.62157	0.303523	0.935369	0.923899	-0.154431	0.0930246	0.160773	0.818264	-0.250765	0	0	0.44065	0.0274622	-0.248018	0.419602	-0.261118	0	0	-0.412904	-0.0239945	0.296413	0.0679974	-0.310365	-0.273355	1.1337	1.57079	0	0	0.0609754	-0.109365	0.255539	0.37849	1.57079	0	0
0.977941	0.0384957	-0.156964	-1.61972	0.303842	0.935557	0.93038	-0.156189	0.0896615	0.156782	0.825012	-0.277789	0	0	0.440965	0.0281474	-0.251028	0.435023	-0.260236	0	0	-0.411949	-0.0258929	0.294049	0.0628921	-0.305365	-0.27691	1.13324	1.57079	0	0	0.0612852	-0.110066	0.255343	0.378098	1.57079	0	0
0.981933	0.040206	-0.157798	-1.61787	0.304162	0.935748	0.936806	-0.15719	0.0862083	0.15261	0.832474	-0.30479	0	0	0.441228	0.0288895	-0.253683	0.450164	-0.258452	0	0	-0.410976	-0.027811	0.291536	0.057956	-0.300282	-0.280365	1.13243	1.57079	0	0	0.0616763	-0.110802	0.25504	0.377919	1.57079	0	0
0.985924	0.0419427	-0.158506	-1.61606	0.304482	0.935941	0.943169	-0.157381	0.0826655	0.14828	0.840697	-0.331587	0	0	0.441431	0.0296864	-0.256	0.464957	-0.255822	0	0	-0.40998	-0.0297445	0.288891	0.0532054	-0.295136	-0.283696	1.13125	1.57079	0	0	0.0621468	-0.11157	0.254626	0.377965	1.57079	0	0
0.989916	0.0437003	-0.159074	-1.6143	0.3048	0.936137	0.949465	-0.15671	0.0790337	0.143818	0.849729	-0.357979	0	0	0.441563	0.0305356	-0.257999	0.479333	-0.252413	0	0	-0.408956	-0.0316895	0.286128	0.0486555	-0.289949	-0.286881	1.1297	1.57079	0	0	0.0626933	-0.112367	0.254093	0.378248	1.57079	0	0
0.993908	0.0454735	-0.159492	-1.61263	0.305115	0.936334	0.955688	-0.155126	0.0753145	0.139251	0.859617	-0.383746	0	0	0.441612	0.0314352	-0.259703	0.493229	-0.24831	0	0	-0.407899	-0.0336422	0.283264	0.0443204	-0.28474	-0.289897	1.12778	1.57079	0	0	0.0633117	-0.113189	0.253438	0.378777	1.57079	0	0
0.997899	0.0472567	-0.15975	-1.61106	0.305428	0.936532	0.961834	-0.152592	0.0715085	0.134604	0.870391	-0.408689	0	0	0.441569	0.0323815	-0.261137	0.506589	-0.243593	0	0	-0.406805	-0.0355992	0.28031	0.0402131	-0.279528	-0.292721	1.12549	1.57079	0	0	0.0639973	-0.114034	0.252657	0.379562	1.57079	0	0
1.00189	0.0490442	-0.159841	-1.60961	0.305735	0.936731	0.967899	-0.149081	0.0676153	0.1299	0.882062	-0.432639	0	0	0.441426	0.0333704	-0.262328	0.519371	-0.238343	0	0	-0.405672	-0.0375571	0.277278	0.0363449	-0.274333	-0.295331	1.12283	1.57079	0	0	0.0647455	-0.114902	0.251748	0.380609	1.57079	0	0
1.00588	0.0508306	-0.159761	-1.60829	0.306038	0.936931	0.973879	-0.144581	0.0636346	0.12516	0.894624	-0.455448	0	0	0.441177	0.0343973	-0.263302	0.531542	-0.232633	0	0	-0.404499	-0.0395128	0.274178	0.0327256	-0.269172	-0.297706	1.1198	1.57079	0	0	0.0655522	-0.115792	0.250713	0.381922	1.57079	0	0
1.00987	0.0526105	-0.159508	-1.60712	0.306333	0.937132	0.979772	-0.13909	0.0595662	0.120403	0.908053	-0.476997	0	0	0.440817	0.0354572	-0.264086	0.543078	-0.226533	0	0	-0.403287	-0.0414632	0.271017	0.0293625	-0.264062	-0.29983	1.1164	1.57079	0	0	0.0664144	-0.116704	0.249559	0.383505	1.57079	0	0
1.01387	0.054379	-0.159084	-1.60611	0.306622	0.937334	0.985578	-0.132619	0.0554106	0.115644	0.922307	-0.497189	0	0	0.440341	0.0365451	-0.264703	0.553965	-0.220106	0	0	-0.402037	-0.0434052	0.267805	0.0262604	-0.259018	-0.301685	1.11263	1.57079	0	0	0.0673302	-0.11764	0.248292	0.385354	1.57079	0	0
1.01786	0.0561311	-0.158492	-1.60526	0.306902	0.937538	0.991296	-0.125194	0.0511699	0.110897	0.937331	-0.515956	0	0	0.439746	0.037656	-0.265177	0.564198	-0.213404	0	0	-0.400754	-0.0453352	0.264545	0.0234221	-0.254056	-0.30326	1.10849	1.57079	0	0	0.0682987	-0.118601	0.246923	0.387466	1.57079	0	0
1.02185	0.0578622	-0.157741	-1.60457	0.307174	0.937745	0.996926	-0.116848	0.0468475	0.106176	0.953051	-0.53325	0	0	0.439031	0.0387842	-0.265527	0.573781	-0.206471	0	0	-0.399445	-0.047249	0.261243	0.0208484	-0.249188	-0.304545	1.104	1.57079	0	0	0.0693192	-0.119589	0.245465	0.389837	1.57079	0	0
1.02584	0.0595671	-0.15684	-1.60405	0.307436	0.937955	1.00247	-0.107628	0.042449	0.101489	0.969384	-0.549049	0	0	0.438194	0.039924	-0.265771	0.582729	-0.19934	0	0	-0.398116	-0.0491416	0.257898	0.0185387	-0.244425	-0.305531	1.09914	1.57079	0	0	0.0703911	-0.120607	0.243929	0.39246	1.57079	0	0
1.02983	0.0612408	-0.1558	-1.60369	0.307689	0.93817	1.00793	-0.0975899	0.037982	0.0968432	0.986232	-0.563347	0	0	0.437237	0.0410691	-0.265922	0.591064	-0.192031	0	0	-0.396778	-0.0510069	0.25451	0.0164906	-0.239779	-0.306212	1.09394	1.57079	0	0	0.0715145	-0.121657	0.24233	0.395329	1.57079	0	0
1.03382	0.0628777	-0.154635	-1.60349	0.307932	0.938391	1.0133	-0.0867961	0.0334578	0.0922449	1.00349	-0.57615	0	0	0.436153	0.042215	-0.265993	0.5988	-0.18458	0	0	-0.39544	-0.0528378	0.251075	0.0146998	-0.235257	-0.306586	1.08839	1.57079	0	0	0.07269	-0.122744	0.240682	0.398434	1.57079	0	0
1.03782	0.0644717	-0.153361	-1.60342	0.308165	0.938621	1.0186	-0.0753166	0.028892	0.0877038	1.02105	-0.587477	0	0	0.434932	0.0433582	-0.265994	0.605946	-0.177038	0	0	-0.394114	-0.0546259	0.24759	0.0131602	-0.230868	-0.306654	1.08251	1.57079	0	0	0.0739196	-0.123871	0.239002	0.401767	1.57079	0	0
1.04181	0.0660162	-0.151993	-1.60348	0.308388	0.938861	1.02382	-0.0632259	0.0243015	0.0832243	1.03879	-0.597356	0	0	0.433564	0.0444948	-0.265929	0.612518	-0.16944	0	0	-0.392814	-0.0563613	0.244049	0.011864	-0.226617	-0.306418	1.0763	1.57079	0	0	0.0752054	-0.125041	0.237308	0.405314	1.57079	0	0
1.0458	0.0675035	-0.15055	-1.60365	0.308601	0.939114	1.02897	-0.0506021	0.0197054	0.0788092	1.0566	-0.605826	0	0	0.432044	0.0456201	-0.265799	0.61854	-0.161809	0	0	-0.391552	-0.058033	0.240446	0.0108014	-0.222509	-0.305884	1.06978	1.57079	0	0	0.0765497	-0.12626	0.235618	0.409064	1.57079	0	0
1.04979	0.068925	-0.149049	-1.60391	0.308804	0.93938	1.03405	-0.0375252	0.0151258	0.0744606	1.07436	-0.612927	0	0	0.430366	0.0467288	-0.265599	0.624041	-0.154161	0	0	-0.390342	-0.0596283	0.236774	0.00996088	-0.218547	-0.305061	1.06297	1.57079	0	0	0.0779555	-0.127529	0.233952	0.413005	1.57079	0	0
1.05378	0.0702714	-0.147508	-1.60425	0.308998	0.939661	1.03908	-0.0240745	0.0105878	0.0701812	1.09196	-0.618706	0	0	0.428528	0.0478151	-0.265322	0.629054	-0.146506	0	0	-0.389194	-0.0611335	0.233026	0.00932911	-0.214734	-0.303961	1.05587	1.57079	0	0	0.079426	-0.128855	0.232327	0.417122	1.57079	0	0
1.05777	0.0715324	-0.145942	-1.60464	0.309184	0.939958	1.04404	-0.0103277	0.00611973	0.0659758	1.10927	-0.623208	0	0	0.426529	0.0488729	-0.264956	0.633613	-0.138848	0	0	-0.388122	-0.062534	0.229197	0.00889125	-0.21107	-0.302599	1.0485	1.57079	0	0	0.0809645	-0.13024	0.230766	0.4214	1.57079	0	0
1.06176	0.0726973	-0.14437	-1.60506	0.309361	0.940272	1.04895	0.00364136	0.00175279	0.0618511	1.1262	-0.62648	0	0	0.42437	0.0498957	-0.26449	0.637754	-0.131192	0	0	-0.387134	-0.0638149	0.225281	0.00863123	-0.207556	-0.300993	1.0409	1.57079	0	0	0.0825744	-0.131687	0.229287	0.425827	1.57079	0	0
1.06576	0.073755	-0.142804	-1.6055	0.309531	0.940604	1.05381	0.0177643	-0.00247999	0.0578163	1.14266	-0.628565	0	0	0.422051	0.050877	-0.263911	0.641511	-0.12354	0	0	-0.386238	-0.0649613	0.221273	0.00853181	-0.204189	-0.29916	1.03306	1.57079	0	0	0.0842585	-0.1332	0.227909	0.430388	1.57079	0	0
1.06975	0.0746948	-0.141257	-1.60592	0.309693	0.940955	1.05862	0.0319792	-0.00654429	0.0538824	1.15855	-0.629505	0	0	0.419576	0.0518107	-0.263204	0.64492	-0.115897	0	0	-0.38544	-0.0659585	0.217169	0.00857477	-0.20097	-0.297123	1.02502	1.57079	0	0	0.0860196	-0.134782	0.22665	0.435069	1.57079	0	0
1.07374	0.0755061	-0.139738	-1.60631	0.309849	0.941323	1.06339	0.046232	-0.0104052	0.0500615	1.1738	-0.62934	0	0	0.41695	0.0526904	-0.262357	0.648015	-0.108267	0	0	-0.384742	-0.0667925	0.212967	0.00874094	-0.197893	-0.294904	1.01679	1.57079	0	0	0.0878603	-0.136436	0.225528	0.439858	1.57079	0	0
1.07773	0.0761795	-0.138255	-1.60666	0.309997	0.941709	1.06812	0.0604764	-0.0140284	0.0463656	1.18834	-0.628105	0	0	0.41418	0.0535097	-0.261356	0.650825	-0.100657	0	0	-0.384145	-0.0674503	0.208665	0.00901053	-0.194955	-0.292528	1.0084	1.57079	0	0	0.0897832	-0.138163	0.224556	0.444744	1.57079	0	0
1.08172	0.0767075	-0.136811	-1.60694	0.31014	0.942112	1.07281	0.0746743	-0.0173813	0.0428071	1.20211	-0.625831	0	0	0.411274	0.0542627	-0.260191	0.653379	-0.0930762	0	0	-0.383648	-0.0679203	0.204264	0.00936338	-0.19215	-0.290023	0.999877	1.57079	0	0	0.0917913	-0.139966	0.22375	0.449716	1.57079	0	0
1.08571	0.0770843	-0.135408	-1.60714	0.310275	0.942531	1.07747	0.0887953	-0.0204343	0.0393975	1.21507	-0.622548	0	0	0.40824	0.0549436	-0.258852	0.655703	-0.0855368	0	0	-0.383247	-0.0681928	0.199768	0.00977905	-0.189472	-0.287417	0.991237	1.57079	0	0	0.0938879	-0.141846	0.223121	0.454762	1.57079	0	0
1.08971	0.0773052	-0.134047	-1.60725	0.310405	0.942965	1.0821	0.102815	-0.0231612	0.036147	1.22718	-0.618282	0	0	0.405086	0.0555474	-0.257334	0.657817	-0.0780552	0	0	-0.382936	-0.0682599	0.195181	0.0102367	-0.186915	-0.284739	0.982507	1.57079	0	0	0.0960769	-0.143803	0.222682	0.459869	1.57079	0	0
1.0937	0.0773673	-0.132727	-1.60725	0.310529	0.943413	1.0867	0.116716	-0.0255399	0.0330641	1.23841	-0.613056	0	0	0.40182	0.0560699	-0.255633	0.659737	-0.0706517	0	0	-0.382709	-0.0681154	0.190509	0.0107153	-0.184471	-0.282018	0.97371	1.57079	0	0	0.0983632	-0.145838	0.222443	0.465023	1.57079	0	0
1.09769	0.0772688	-0.131447	-1.60714	0.310646	0.943872	1.09127	0.130483	-0.0275527	0.0301556	1.24873	-0.606896	0	0	0.398448	0.0565078	-0.25375	0.661477	-0.0633509	0	0	-0.382559	-0.0677552	0.185761	0.0111938	-0.182133	-0.279286	0.96487	1.57079	0	0	0.100752	-0.14795	0.222412	0.470212	1.57079	0	0
1.10168	0.0770097	-0.130204	-1.60691	0.310757	0.944342	1.09582	0.144104	-0.029186	0.0274264	1.25813	-0.599823	0	0	0.394973	0.0568588	-0.251688	0.663042	-0.0561829	0	0	-0.382477	-0.0671774	0.180946	0.0116512	-0.179894	-0.276574	0.956011	1.57079	0	0	0.103248	-0.150136	0.222599	0.475419	1.57079	0	0
1.10567	0.0765912	-0.128997	-1.60656	0.310862	0.94482	1.10035	0.15757	-0.030437	0.024872	1.26659	-0.591865	0	0	0.391402	0.0571214	-0.24945	0.664448	-0.0491625	0	0	-0.382455	-0.0663821	0.176076	0.0120668	-0.177745	-0.273911	0.947156	1.57079	0	0	0.105857	-0.152395	0.223008	0.48063	1.57079	0	0
1.10966	0.0760164	-0.127823	-1.60608	0.310961	0.945304	1.10485	0.170875	-0.0313111	0.02248	1.27411	-0.583051	0	0	0.387743	0.057295	-0.247038	0.665709	-0.0422944	0	0	-0.382487	-0.0653715	0.171162	0.012421	-0.17568	-0.271328	0.938328	1.57079	0	0	0.108583	-0.154722	0.223641	0.485834	1.57079	0	0
1.11366	0.0752893	-0.126682	-1.60546	0.311055	0.945793	1.10934	0.184009	-0.0318202	0.0202335	1.28068	-0.573415	0	0	0.384007	0.0573794	-0.244455	0.666844	-0.0355757	0	0	-0.382564	-0.0641498	0.166217	0.0126949	-0.173691	-0.268853	0.929547	1.57079	0	0	0.111429	-0.157115	0.224498	0.491019	1.57079	0	0
1.11765	0.0744155	-0.12557	-1.60472	0.311144	0.946282	1.11381	0.196965	-0.0319805	0.0181132	1.2863	-0.563002	0	0	0.3802	0.0573754	-0.241707	0.667872	-0.0289999	0	0	-0.38268	-0.0627234	0.161254	0.012871	-0.171771	-0.266513	0.920834	1.57079	0	0	0.114399	-0.159569	0.225575	0.496176	1.57079	0	0
1.12164	0.0734013	-0.124489	-1.60385	0.311229	0.946772	1.11826	0.209733	-0.0318112	0.0160997	1.29096	-0.551863	0	0	0.376331	0.0572844	-0.238798	0.668809	-0.0225581	0	0	-0.382831	-0.0611002	0.156284	0.0129333	-0.169912	-0.264334	0.912206	1.57079	0	0	0.117494	-0.16208	0.22687	0.501298	1.57079	0	0
1.12563	0.0722543	-0.123438	-1.60286	0.311308	0.947258	1.1227	0.222301	-0.0313327	0.0141761	1.29465	-0.540063	0	0	0.372404	0.0571089	-0.235738	0.669673	-0.0162414	0	0	-0.383011	-0.0592904	0.151322	0.0128667	-0.168107	-0.262339	0.90368	1.57079	0	0	0.120717	-0.164644	0.228376	0.506378	1.57079	0	0
1.12962	0.070983	-0.12242	-1.60174	0.311383	0.94774	1.12713	0.234655	-0.0305656	0.0123289	1.29739	-0.527678	0	0	0.368424	0.0568515	-0.232539	0.670475	-0.0100424	0	0	-0.383217	-0.0573058	0.146382	0.0126582	-0.16635	-0.260549	0.895272	1.57079	0	0	0.124066	-0.167256	0.230087	0.511414	1.57079	0	0
1.13361	0.0695965	-0.121435	-1.6005	0.311453	0.948214	1.13155	0.246779	-0.0295286	0.0105501	1.29916	-0.514799	0	0	0.364393	0.0565156	-0.229213	0.671227	-0.00395635	0	0	-0.383447	-0.0551601	0.141478	0.0122972	-0.164635	-0.258983	0.886994	1.57079	0	0	0.127544	-0.169914	0.231995	0.516403	1.57079	0	0
1.13761	0.0681049	-0.120486	-1.59917	0.311518	0.948681	1.13596	0.258658	-0.0282381	0.00883783	1.29996	-0.501525	0	0	0.36031	0.056105	-0.225777	0.671935	0.00201706	0	0	-0.3837	-0.0528684	0.136625	0.0117755	-0.162957	-0.257657	0.87886	1.57079	0	0	0.131148	-0.172611	0.234091	0.521347	1.57079	0	0
1.1416	0.0665185	-0.119574	-1.59773	0.311576	0.949137	1.14036	0.270274	-0.0267071	0.00719693	1.29978	-0.487972	0	0	0.356176	0.0556237	-0.222252	0.672603	0.00787304	0	0	-0.383975	-0.0504471	0.131838	0.0110875	-0.16131	-0.256585	0.87088	1.57079	0	0	0.134879	-0.175346	0.236368	0.52625	1.57079	0	0
1.14559	0.0648484	-0.118704	-1.59621	0.311627	0.949581	1.14475	0.281606	-0.0249445	0.00563848	1.29862	-0.474265	0	0	0.351986	0.0550758	-0.218658	0.673229	0.0136006	0	0	-0.384274	-0.0479134	0.12713	0.0102296	-0.159689	-0.255779	0.863062	1.57079	0	0	0.138734	-0.178116	0.238815	0.531118	1.57079	0	0
1.14958	0.0631053	-0.117877	-1.59461	0.311669	0.950013	1.14914	0.292636	-0.0229605	0.00417228	1.29648	-0.460516	0	0	0.347739	0.0544655	-0.215015	0.673814	0.0191933	0	0	-0.384598	-0.0452839	0.122512	0.00919974	-0.158091	-0.255249	0.855415	1.57079	0	0	0.14271	-0.180917	0.241422	0.53596	1.57079	0	0
1.15357	0.0612999	-0.117094	-1.59294	0.311703	0.95043	1.15353	0.30335	-0.0207663	0.00280672	1.29335	-0.446825	0	0	0.343434	0.0537972	-0.211342	0.674362	0.0246493	0	0	-0.384947	-0.042575	0.117996	0.00799691	-0.15651	-0.255003	0.847946	1.57079	0	0	0.146803	-0.18375	0.244179	0.540784	1.57079	0	0
1.15756	0.0594423	-0.116356	-1.59121	0.311727	0.950831	1.15792	0.313734	-0.0183752	0.00154864	1.28924	-0.433277	0	0	0.339074	0.0530753	-0.207652	0.674879	0.0299722	0	0	-0.385321	-0.0398022	0.11359	0.0066215	-0.154942	-0.255047	0.84066	1.57079	0	0	0.15101	-0.18661	0.247075	0.545597	1.57079	0	0
1.16155	0.0575425	-0.115662	-1.58943	0.311741	0.951215	1.1623	0.32378	-0.015802	0.000402816	1.28414	-0.419945	0	0	0.334664	0.0523042	-0.203959	0.675374	0.0351718	0	0	-0.385723	-0.0369803	0.109303	0.00507514	-0.153383	-0.255384	0.833563	1.57079	0	0	0.155328	-0.189497	0.250101	0.550403	1.57079	0	0
1.16555	0.0556096	-0.115011	-1.58761	0.311744	0.951579	1.16669	0.333479	-0.0130637	-0.000628745	1.27807	-0.40689	0	0	0.330211	0.051488	-0.200273	0.675858	0.0402651	0	0	-0.38615	-0.0341231	0.105141	0.00336054	-0.151831	-0.256015	0.826661	1.57079	0	0	0.159755	-0.192406	0.253246	0.555207	1.57079	0	0
1.16954	0.0536524	-0.114401	-1.58575	0.311737	0.951923	1.17107	0.342828	-0.010177	-0.00154338	1.27102	-0.394159	0	0	0.325724	0.0506309	-0.196602	0.676346	0.0452698	0	0	-0.386602	-0.0312436	0.101112	0.00148141	-0.150283	-0.25694	0.819957	1.57079	0	0	0.164288	-0.195336	0.2565	0.56001	1.57079	0	0
1.17353	0.0516793	-0.11383	-1.58387	0.311718	0.952244	1.17546	0.351824	-0.00715846	-0.00233757	1.26301	-0.381789	0	0	0.321213	0.0497374	-0.192953	0.676851	0.0502039	0	0	-0.38708	-0.0283543	0.0972193	-0.000557445	-0.148735	-0.258159	0.813456	1.57079	0	0	0.168925	-0.198284	0.259853	0.564815	1.57079	0	0
1.17752	0.0496983	-0.113293	-1.58196	0.311689	0.952541	1.17984	0.360467	-0.00402529	-0.00300869	1.25405	-0.369813	0	0	0.316689	0.0488116	-0.189334	0.677386	0.0550855	0	0	-0.387581	-0.0254667	0.0934672	-0.00275036	-0.147186	-0.259667	0.807161	1.57079	0	0	0.173666	-0.201246	0.263293	0.569623	1.57079	0	0
1.18151	0.047717	-0.112786	-1.58005	0.311648	0.952813	1.18422	0.368756	-0.000795347	-0.00355445	1.24413	-0.358265	0	0	0.312164	0.0478575	-0.18575	0.677964	0.0599318	0	0	-0.388104	-0.022592	0.0898593	-0.00509077	-0.145633	-0.261462	0.801075	1.57079	0	0	0.178507	-0.204221	0.266812	0.574434	1.57079	0	0
1.1855	0.0457428	-0.112307	-1.57813	0.311597	0.953058	1.1886	0.376689	0.0025133	-0.00397259	1.23328	-0.34718	0	0	0.307646	0.0468784	-0.18221	0.678596	0.0647572	0	0	-0.388647	-0.0197405	0.0863984	-0.00757116	-0.144076	-0.263539	0.795202	1.57079	0	0	0.183449	-0.207206	0.270397	0.579248	1.57079	0	0
1.1895	0.0437828	-0.111848	-1.57622	0.311534	0.953275	1.19299	0.384266	0.00588277	-0.00426121	1.22148	-0.336595	0	0	0.303148	0.0458774	-0.178722	0.679291	0.0695718	0	0	-0.38921	-0.0169221	0.0830857	-0.0101831	-0.142512	-0.265889	0.789543	1.57079	0	0	0.188487	-0.210196	0.274037	0.584067	1.57079	0	0
1.19349	0.0418432	-0.111406	-1.57432	0.31146	0.953462	1.19737	0.391485	0.00929648	-0.00441797	1.20875	-0.326536	0	0	0.298679	0.0448574	-0.175293	0.680061	0.0743883	0	0	-0.38979	-0.0141455	0.0799196	-0.0129178	-0.140939	-0.268506	0.784101	1.57079	0	0	0.193621	-0.213193	0.277721	0.588892	1.57079	0	0
1.19748	0.0399296	-0.110978	-1.57244	0.311376	0.953618	1.20175	0.398347	0.0127394	-0.00443978	1.19508	-0.317014	0	0	0.294251	0.0438212	-0.171924	0.680918	0.0792214	0	0	-0.390385	-0.0114176	0.0768955	-0.0157667	-0.139356	-0.27138	0.778877	1.57079	0	0	0.198844	-0.216194	0.281438	0.593725	1.57079	0	0
1.20147	0.0380471	-0.110559	-1.57057	0.31128	0.953744	1.20613	0.404848	0.0161965	-0.00432454	1.1805	-0.308043	0	0	0.289871	0.0427716	-0.168619	0.681872	0.0840798	0	0	-0.390994	-0.00874475	0.0740059	-0.0187211	-0.137759	-0.274501	0.77387	1.57079	0	0	0.204152	-0.2192	0.285178	0.598568	1.57079	0	0
1.20546	0.0362009	-0.110147	-1.56872	0.311175	0.953837	1.21051	0.410984	0.019652	-0.00407078	1.16499	-0.299639	0	0	0.285545	0.0417115	-0.16538	0.682928	0.0889654	0	0	-0.391615	-0.00613248	0.0712412	-0.0217719	-0.136147	-0.277855	0.769082	1.57079	0	0	0.209538	-0.222213	0.28893	0.603426	1.57079	0	0
1.20945	0.0343959	-0.10974	-1.56688	0.311059	0.953898	1.21488	0.416751	0.023091	-0.00367456	1.14857	-0.291806	0	0	0.28128	0.0406442	-0.162209	0.684096	0.0938842	0	0	-0.392246	-0.00358612	0.068592	-0.0249107	-0.134517	-0.281427	0.76451	1.57079	0	0	0.214993	-0.225235	0.292684	0.608302	1.57079	0	0
1.21345	0.0326373	-0.109336	-1.56506	0.310934	0.953926	1.21926	0.422146	0.0264993	-0.00312948	1.13123	-0.284534	0	0	0.27708	0.0395734	-0.159108	0.685384	0.0988467	0	0	-0.392887	-0.00111093	0.066049	-0.0281295	-0.132869	-0.285203	0.760155	1.57079	0	0	0.220509	-0.228265	0.296431	0.613197	1.5708	0	0
1.21744	0.0309304	-0.108936	-1.56326	0.3108	0.95392	1.22364	0.427164	0.0298619	-0.00242815	1.11299	-0.277816	0	0	0.272948	0.0385031	-0.156078	0.686797	0.103856	0	0	-0.393535	0.00128761	0.0636034	-0.0314203	-0.131201	-0.289165	0.756013	1.57079	0	0	0.226077	-0.231307	0.300161	0.618116	1.5708	0	0
1.22143	0.0292807	-0.108539	-1.56148	0.310656	0.953881	1.22802	0.4318	0.0331641	-0.00156212	1.09386	-0.271644	0	0	0.268881	0.0374374	-0.153128	0.688334	0.108908	0	0	-0.39419	0.00360403	0.0612464	-0.0347755	-0.129514	-0.293297	0.752084	1.57079	0	0	0.231686	-0.234361	0.303864	0.623061	1.5708	0	0
1.22542	0.0276937	-0.108146	-1.55972	0.310504	0.953809	1.2324	0.436046	0.0363914	-0.000522333	1.07384	-0.26601	0	0	0.264875	0.03638	-0.150263	0.689991	0.113988	0	0	-0.394852	0.00583305	0.0589684	-0.0381873	-0.127807	-0.297578	0.748363	1.57079	0	0	0.237323	-0.237429	0.307532	0.628036	1.5708	0	0
1.22941	0.0261748	-0.107758	-1.558	0.310345	0.953702	1.23679	0.4399	0.0395283	0.00069928	1.05294	-0.260885	0	0	0.260926	0.0353352	-0.14749	0.691767	0.119095	0	0	-0.395519	0.00796986	0.0567587	-0.0416481	-0.12608	-0.301989	0.744848	1.57079	0	0	0.242978	-0.240515	0.311154	0.633047	1.5708	0	0
1.2334	0.0247291	-0.107376	-1.5563	0.310178	0.953563	1.24118	0.443358	0.0425608	0.00211275	1.03118	-0.256241	0	0	0.25703	0.0343075	-0.144812	0.693659	0.124227	0	0	-0.396191	0.0100102	0.0546057	-0.0451501	-0.124334	-0.306509	0.741535	1.57079	0	0	0.248634	-0.243623	0.314721	0.638101	1.5708	0	0
1.23739	0.0233613	-0.107003	-1.55463	0.310004	0.95339	1.24557	0.446415	0.0454766	0.00372992	1.00858	-0.252048	0	0	0.253182	0.0333012	-0.142229	0.695669	0.129383	0	0	-0.396868	0.0119501	0.0524983	-0.048686	-0.122569	-0.311119	0.738417	1.57079	0	0	0.25428	-0.246755	0.318221	0.643202	1.5708	0	0
1.24139	0.0220756	-0.10664	-1.55299	0.309824	0.953183	1.24997	0.449069	0.0482649	0.00556418	0.985147	-0.248278	0	0	0.249378	0.0323208	-0.139744	0.697795	0.134566	0	0	-0.397551	0.0137865	0.0504252	-0.0522491	-0.120784	-0.315799	0.735493	1.57079	0	0	0.259903	-0.249914	0.321643	0.648355	1.5708	0	0
1.24538	0.020876	-0.106289	-1.55139	0.309638	0.952944	1.25437	0.451318	0.0509164	0.00763018	0.960911	-0.244905	0	0	0.245614	0.0313707	-0.137353	0.700039	0.139781	0	0	-0.398239	0.0155168	0.0483752	-0.0558325	-0.118981	-0.320533	0.732756	1.57079	0	0	0.265489	-0.253102	0.324977	0.653564	1.5708	0	0
1.24937	0.0197657	-0.105952	-1.54981	0.309447	0.952672	1.25878	0.453158	0.0534233	0.00994356	0.935895	-0.241903	0	0	0.241888	0.0304552	-0.135054	0.7024	0.145032	0	0	-0.398932	0.0171392	0.0463358	-0.0594294	-0.11716	-0.325303	0.730203	1.57079	0	0	0.271028	-0.256322	0.328211	0.658833	1.5708	0	0
1.25336	0.0187475	-0.105631	-1.54826	0.309251	0.952369	1.26321	0.454593	0.0557775	0.0125183	0.910127	-0.239239	0	0	0.238194	0.0295783	-0.132843	0.70488	0.150322	0	0	-0.39963	0.0186526	0.0442935	-0.0630325	-0.11532	-0.330091	0.727828	1.57079	0	0	0.276506	-0.259577	0.331332	0.664167	1.5708	0	0
1.25735	0.0178237	-0.105327	-1.54674	0.30905	0.952034	1.26764	0.455626	0.0579724	0.0153691	0.883644	-0.236881	0	0	0.234531	0.0287436	-0.130714	0.707478	0.155656	0	0	-0.400333	0.0200565	0.0422347	-0.066635	-0.113463	-0.334882	0.725623	1.57079	0	0	0.281912	-0.262868	0.33433	0.669567	1.5708	0	0
1.26134	0.016996	-0.105043	-1.54523	0.308845	0.951668	1.27208	0.456261	0.0600025	0.0185107	0.856483	-0.234799	0	0	0.230895	0.0279546	-0.128661	0.710196	0.161038	0	0	-0.401041	0.021351	0.0401454	-0.0702305	-0.111588	-0.339658	0.723584	1.57079	0	0	0.287236	-0.266199	0.337195	0.675038	1.5708	0	0
1.26534	0.0162654	-0.104779	-1.54374	0.308636	0.951271	1.27653	0.456503	0.0618634	0.0219571	0.828688	-0.232968	0	0	0.227285	0.0272144	-0.126674	0.713036	0.166478	0	0	-0.401753	0.022537	0.0380114	-0.0738132	-0.109695	-0.344406	0.721702	1.57079	0	0	0.292467	-0.269572	0.339921	0.68058	1.5708	0	0
1.26933	0.015633	-0.104539	-1.54225	0.308424	0.950845	1.281	0.456364	0.0635503	0.0257194	0.800311	-0.231351	0	0	0.223695	0.0265259	-0.124745	0.715996	0.171976	0	0	-0.402469	0.0236158	0.0358182	-0.0773773	-0.107785	-0.349109	0.719969	1.57079	0	0	0.297594	-0.27299	0.342501	0.686194	1.5708	0	0
1.27332	0.0150994	-0.104323	-1.54075	0.308208	0.95039	1.28548	0.455858	0.065058	0.0298051	0.771418	-0.229903	0	0	0.220121	0.0258916	-0.122865	0.719072	0.177525	0	0	-0.403188	0.0245891	0.0335506	-0.0809175	-0.105858	-0.35375	0.718376	1.57079	0	0	0.302607	-0.276455	0.344931	0.69188	1.5708	0	0
1.27731	0.0146647	-0.104135	-1.53925	0.30799	0.949907	1.28998	0.455006	0.0663825	0.0342206	0.74208	-0.22858	0	0	0.216558	0.0253139	-0.121026	0.722261	0.183119	0	0	-0.403907	0.0254591	0.0311945	-0.0844287	-0.103916	-0.358313	0.716913	1.57079	0	0	0.307497	-0.27997	0.347204	0.697637	1.5708	0	0
1.2813	0.014329	-0.103975	-1.53773	0.307768	0.949397	1.29449	0.453832	0.0675197	0.0389686	0.712381	-0.227326	0	0	0.213	0.0247946	-0.11922	0.725555	0.188748	0	0	-0.404627	0.026228	0.0287365	-0.0879063	-0.101959	-0.362781	0.715569	1.57079	0	0	0.312254	-0.283535	0.349315	0.703465	1.5708	0	0
1.28529	0.0140917	-0.103844	-1.53617	0.307543	0.94886	1.29902	0.452367	0.0684654	0.0440473	0.682416	-0.226078	0	0	0.20944	0.024335	-0.117439	0.728943	0.194387	0	0	-0.405345	0.0268989	0.0261634	-0.0913453	-0.0999888	-0.367139	0.714334	1.57079	0	0	0.316871	-0.287151	0.351261	0.709361	1.5708	0	0
1.28929	0.0139521	-0.103743	-1.53458	0.307315	0.948297	1.30357	0.45065	0.0692154	0.0494504	0.652293	-0.224762	0	0	0.205871	0.023936	-0.115678	0.73241	0.200005	0	0	-0.406059	0.0274749	0.023463	-0.0947412	-0.0980074	-0.371373	0.713195	1.57079	0	0	0.321338	-0.290819	0.353037	0.715322	1.5708	0	0
1.29328	0.0139089	-0.103671	-1.53295	0.307085	0.94771	1.30815	0.448727	0.0697665	0.055167	0.622135	-0.223288	0	0	0.202286	0.0235982	-0.113928	0.735944	0.205576	0	0	-0.406767	0.0279601	0.020624	-0.0980896	-0.0960162	-0.375471	0.712143	1.57079	0	0	0.325649	-0.294536	0.354641	0.721344	1.5708	0	0
1.29727	0.0139603	-0.103628	-1.53125	0.306851	0.947099	1.31274	0.446652	0.0701165	0.0611816	0.592081	-0.221552	0	0	0.198681	0.023322	-0.112182	0.739533	0.211076	0	0	-0.407466	0.028359	0.0176371	-0.101387	-0.0940171	-0.379422	0.711166	1.57079	0	0	0.329797	-0.298302	0.356072	0.727421	1.5708	0	0
1.30126	0.0141039	-0.103613	-1.5295	0.306615	0.946465	1.31736	0.444488	0.0702635	0.0674725	0.562287	-0.219438	0	0	0.195051	0.0231071	-0.11043	0.743164	0.216479	0	0	-0.408152	0.0286767	0.0144953	-0.10463	-0.0920121	-0.38322	0.710253	1.57079	0	0	0.333776	-0.302113	0.357331	0.733545	1.5708	0	0
1.30525	0.0143369	-0.103623	-1.52767	0.306376	0.945809	1.32199	0.442304	0.070207	0.0740106	0.53292	-0.216819	0	0	0.191393	0.0229529	-0.108663	0.746827	0.221759	0	0	-0.408822	0.0289184	0.0111942	-0.107818	-0.0900032	-0.386859	0.709394	1.57079	0	0	0.337582	-0.305966	0.358421	0.739709	1.57079	0	0
1.30924	0.014656	-0.103657	-1.52576	0.306134	0.945133	1.32665	0.440179	0.0699468	0.0807591	0.504164	-0.213556	0	0	0.187703	0.0228577	-0.106872	0.750509	0.226888	0	0	-0.409473	0.0290897	0.00773175	-0.110949	-0.0879929	-0.390334	0.708578	1.57079	0	0	0.341213	-0.309854	0.359342	0.745902	1.57079	0	0
1.31324	0.0150565	-0.103712	-1.52377	0.305889	0.944437	1.33133	0.438179	0.0694857	0.0876787	0.476183	-0.209552	0	0	0.183978	0.0228186	-0.105049	0.754197	0.231838	0	0	-0.410101	0.0291971	0.00410926	-0.114022	-0.0859836	-0.393643	0.707797	1.57079	0	0	0.344666	-0.313769	0.360097	0.752115	1.57079	0	0
1.31723	0.0155326	-0.103786	-1.5217	0.305642	0.943724	1.33604	0.43636	0.0688296	0.0947278	0.449118	-0.204754	0	0	0.180216	0.0228316	-0.103186	0.757879	0.236583	0	0	-0.410702	0.029248	0.000331244	-0.117039	-0.0839782	-0.396788	0.70704	1.57079	0	0	0.347942	-0.317703	0.36069	0.758333	1.57079	0	0
1.32122	0.0160779	-0.103876	-1.51953	0.305391	0.942997	1.34076	0.434767	0.0679868	0.101864	0.423089	-0.199143	0	0	0.176414	0.0228915	-0.101275	0.761546	0.2411	0	0	-0.411274	0.02925	-0.00359455	-0.12	-0.0819798	-0.39977	0.706298	1.57079	0	0	0.351043	-0.321643	0.361124	0.764542	1.57079	0	0
1.32521	0.0166847	-0.103982	-1.51727	0.305136	0.942259	1.34552	0.433432	0.0669686	0.109043	0.398195	-0.192737	0	0	0.172571	0.0229921	-0.0993078	0.765189	0.245364	0	0	-0.411813	0.0292115	-0.00765729	-0.122908	-0.0799919	-0.402593	0.705565	1.57079	0	0	0.353968	-0.325577	0.361403	0.770729	1.57079	0	0
1.3292	0.0173452	-0.104099	-1.51491	0.304879	0.941514	1.3503	0.432379	0.0657884	0.116222	0.374513	-0.185582	0	0	0.168686	0.0231263	-0.0972786	0.768797	0.249356	0	0	-0.412315	0.0291408	-0.0118432	-0.125765	-0.078018	-0.405262	0.704832	1.57079	0	0	0.356722	-0.329493	0.361531	0.776879	1.57079	0	0
1.33319	0.0180506	-0.104225	-1.51247	0.304618	0.940765	1.35511	0.431621	0.0644619	0.123357	0.352102	-0.177748	0	0	0.164758	0.0232866	-0.0951816	0.772365	0.253054	0	0	-0.412777	0.0290465	-0.016136	-0.128574	-0.0760623	-0.407782	0.704092	1.57079	0	0	0.359305	-0.333375	0.361513	0.782978	1.57079	0	0
1.33718	0.018792	-0.104358	-1.50994	0.304354	0.940016	1.35994	0.431162	0.0630067	0.130409	0.331001	-0.169328	0	0	0.160787	0.0234647	-0.0930123	0.775883	0.25644	0	0	-0.413196	0.0289371	-0.0205173	-0.131338	-0.0741292	-0.410159	0.703336	1.57079	0	0	0.361718	-0.337209	0.361352	0.789011	1.57079	0	0
1.34118	0.0195601	-0.104494	-1.50733	0.304086	0.939273	1.36482	0.431001	0.0614424	0.137336	0.311236	-0.160429	0	0	0.156773	0.0236523	-0.0907671	0.779347	0.259495	0	0	-0.413566	0.0288212	-0.0249666	-0.13406	-0.0722237	-0.412399	0.702559	1.57079	0	0	0.363962	-0.340979	0.361051	0.794966	1.57079	0	0
1.34517	0.0203451	-0.104631	-1.50466	0.303814	0.938538	1.36972	0.431126	0.05979	0.144101	0.292817	-0.151166	0	0	0.152716	0.0238407	-0.088444	0.782749	0.262202	0	0	-0.413882	0.0287069	-0.0294615	-0.136745	-0.0703511	-0.414508	0.70175	1.57079	0	0	0.366036	-0.34467	0.360611	0.800831	1.57079	0	0
1.34916	0.0211373	-0.104765	-1.50192	0.303538	0.937815	1.37467	0.431527	0.058072	0.150667	0.275746	-0.141661	0	0	0.148616	0.0240212	-0.0860419	0.786084	0.264545	0	0	-0.41414	0.0286022	-0.0339774	-0.139395	-0.0685167	-0.416492	0.700904	1.57079	0	0	0.367941	-0.348266	0.360035	0.806591	1.57079	0	0
1.35315	0.021927	-0.104887	-1.49914	0.303279	0.937046	1.37971	0.432183	0.0563126	0.157	0.260016	-0.132038	0	0	0.144473	0.0241853	-0.083561	0.789348	0.266509	0	0	-0.414334	0.0285142	-0.0384878	-0.142016	-0.0667264	-0.418358	0.700013	1.57079	0	0	0.369674	-0.35175	0.359324	0.812237	1.57079	0	0
1.35714	0.0227046	-0.104994	-1.49633	0.303035	0.936238	1.38483	0.433078	0.054536	0.163066	0.245617	-0.122417	0	0	0.140285	0.0243246	-0.0810033	0.792536	0.268077	0	0	-0.41446	0.02845	-0.0429654	-0.144612	-0.0649859	-0.420112	0.69907	1.57079	0	0	0.371234	-0.355106	0.358482	0.817755	1.57079	0	0
1.36113	0.023461	-0.105084	-1.4935	0.302803	0.935399	1.39003	0.434191	0.0527665	0.16883	0.232536	-0.112915	0	0	0.136053	0.0244314	-0.0783724	0.795643	0.269235	0	0	-0.41451	0.0284158	-0.0473814	-0.14719	-0.063301	-0.421763	0.69807	1.5708	0	0	0.372617	-0.358319	0.357513	0.823136	1.57079	0	0
1.36513	0.0241876	-0.105155	-1.49067	0.30258	0.934536	1.3953	0.435502	0.0510278	0.174258	0.220753	-0.103648	0	0	0.131774	0.0244985	-0.0756747	0.798665	0.269965	0	0	-0.414479	0.0284169	-0.0517063	-0.149756	-0.0616774	-0.423315	0.697009	1.5708	0	0	0.37382	-0.361374	0.356421	0.828368	1.57079	0	0
1.36912	0.0248767	-0.105206	-1.48787	0.302364	0.933659	1.40064	0.436985	0.049343	0.179315	0.210245	-0.0947303	0	0	0.127443	0.0245189	-0.0729191	0.801596	0.27025	0	0	-0.414362	0.0284575	-0.0559098	-0.152316	-0.0601207	-0.424778	0.69588	1.5708	0	0	0.374839	-0.364256	0.355208	0.833443	1.57079	0	0
1.37311	0.0255212	-0.105238	-1.4851	0.302152	0.932772	1.40603	0.438612	0.0477339	0.183969	0.200982	-0.086271	0	0	0.123054	0.0244863	-0.0701176	0.80443	0.270073	0	0	-0.414155	0.0285406	-0.0599612	-0.154879	-0.0586361	-0.426158	0.694682	1.5708	0	0	0.375668	-0.36695	0.353881	0.838352	1.57079	0	0
1.3771	0.0261149	-0.105253	-1.48239	0.301944	0.931883	1.41148	0.440353	0.0462213	0.188189	0.192928	-0.0783772	0	0	0.1186	0.0243948	-0.067285	0.807162	0.269413	0	0	-0.413856	0.028668	-0.0638296	-0.157451	-0.0572288	-0.427462	0.693411	1.5708	0	0	0.376304	-0.369443	0.352442	0.843088	1.57079	0	0
1.38109	0.0266525	-0.105255	-1.47977	0.301737	0.930998	1.41698	0.442173	0.0448236	0.191946	0.186041	-0.0711519	0	0	0.11407	0.0242388	-0.0644391	0.809785	0.268252	0	0	-0.413462	0.0288407	-0.0674844	-0.160041	-0.0559035	-0.428698	0.692065	1.5708	0	0	0.37674	-0.371724	0.350896	0.847643	1.57079	0	0
1.38508	0.0271298	-0.105249	-1.47725	0.30153	0.930122	1.42253	0.444037	0.0435572	0.195214	0.180272	-0.0646937	0	0	0.109454	0.0240128	-0.0616006	0.812292	0.266567	0	0	-0.412976	0.0290591	-0.0708963	-0.162655	-0.0546649	-0.429871	0.690644	1.5708	0	0	0.376973	-0.373778	0.349247	0.852012	1.57079	0	0
1.38908	0.0275432	-0.10524	-1.47485	0.301322	0.92926	1.42812	0.445905	0.0424363	0.197972	0.175568	-0.0590961	0	0	0.104738	0.0237119	-0.0587923	0.814678	0.264335	0	0	-0.412398	0.0293228	-0.0740374	-0.1653	-0.0535172	-0.430989	0.689148	1.5708	0	0	0.376999	-0.375596	0.347502	0.856189	1.57079	0	0
1.39307	0.02789	-0.105237	-1.47259	0.301112	0.928418	1.43376	0.447736	0.0414729	0.200201	0.171873	-0.0544468	0	0	0.099909	0.0233312	-0.0560388	0.816936	0.261535	0	0	-0.411733	0.029631	-0.0768821	-0.167982	-0.0524645	-0.432057	0.687577	1.5708	0	0	0.376815	-0.377168	0.345665	0.86017	1.57079	0	0
1.39706	0.0281686	-0.105248	-1.47049	0.3009	0.927599	1.43944	0.44949	0.0406763	0.201888	0.169128	-0.0508268	0	0	0.0949533	0.0228665	-0.0533664	0.819061	0.258144	0	0	-0.410985	0.0299824	-0.0794069	-0.170706	-0.0515101	-0.433082	0.685932	1.5708	0	0	0.376418	-0.378485	0.343743	0.86395	1.57079	0	0
1.40105	0.0283783	-0.105283	-1.46857	0.300684	0.926808	1.44516	0.451125	0.040054	0.203022	0.167272	-0.0483105	0	0	0.0898554	0.0223135	-0.0508026	0.821049	0.254137	0	0	-0.410163	0.0303754	-0.0815912	-0.173477	-0.0506569	-0.434069	0.684214	1.5708	0	0	0.375806	-0.37954	0.341744	0.867527	1.57079	0	0
1.40504	0.0285191	-0.105355	-1.46683	0.300465	0.926048	1.45092	0.452601	0.0396107	0.203599	0.166245	-0.0469651	0	0	0.0846003	0.0216686	-0.0483764	0.822896	0.249493	0	0	-0.409276	0.0308077	-0.0834171	-0.176298	-0.0499072	-0.435024	0.682427	1.5708	0	0	0.374977	-0.380328	0.339677	0.870897	1.57079	0	0
1.40903	0.0285919	-0.105474	-1.46529	0.300242	0.925321	1.45672	0.453879	0.0393486	0.203619	0.165987	-0.0468492	0	0	0.0791731	0.0209278	-0.0461171	0.824601	0.244192	0	0	-0.408334	0.0312775	-0.0848705	-0.179173	-0.0492626	-0.435951	0.680572	1.5708	0	0	0.373933	-0.380845	0.337548	0.874058	1.57079	0	0
1.41303	0.0285984	-0.105655	-1.46395	0.300015	0.924632	1.46255	0.454919	0.0392678	0.203084	0.166437	-0.0480124	0	0	0.0735604	0.0200873	-0.0440541	0.826165	0.238213	0	0	-0.407349	0.0317826	-0.0859412	-0.182101	-0.0487241	-0.436855	0.678654	1.5708	0	0	0.372673	-0.381089	0.335366	0.87701	1.57079	0	0
1.41702	0.0285406	-0.10591	-1.46282	0.299784	0.923981	1.46842	0.455695	0.0393673	0.202001	0.167553	-0.0504839	0	0	0.0677513	0.019144	-0.0422144	0.827592	0.231539	0	0	-0.406336	0.0323214	-0.086623	-0.185084	-0.0482923	-0.43774	0.676676	1.5708	0	0	0.371198	-0.381058	0.333138	0.879753	1.57079	0	0
1.42101	0.0284208	-0.106253	-1.46191	0.29955	0.923373	1.47433	0.456181	0.0396442	0.200379	0.16929	-0.054283	0	0	0.0617354	0.0180946	-0.0406246	0.828885	0.224149	0	0	-0.405306	0.0328926	-0.0869138	-0.188118	-0.0479671	-0.43861	0.674642	1.5708	0	0	0.369512	-0.380753	0.330873	0.882286	1.57079	0	0
1.425	0.0282413	-0.106696	-1.4612	0.299312	0.922807	1.48027	0.456361	0.0400949	0.198231	0.171618	-0.0594103	0	0	0.0555056	0.0169355	-0.0393089	0.830052	0.216022	0	0	-0.404275	0.0334958	-0.0868149	-0.191202	-0.0477478	-0.439467	0.672558	1.5708	0	0	0.367617	-0.380178	0.328581	0.884611	1.57079	0	0
1.42899	0.028004	-0.10725	-1.4607	0.299071	0.922286	1.48625	0.456226	0.040716	0.195572	0.174517	-0.0658476	0	0	0.0490591	0.0156629	-0.0382892	0.831103	0.207147	0	0	-0.403257	0.034131	-0.086331	-0.194332	-0.0476333	-0.440313	0.670429	1.5708	0	0	0.365518	-0.379336	0.326269	0.886728	1.57079	0	0
1.43298	0.0277108	-0.107927	-1.46041	0.298826	0.92181	1.49226	0.455776	0.0415032	0.192421	0.177977	-0.073557	0	0	0.042398	0.0142724	-0.037585	0.832057	0.197517	0	0	-0.402264	0.034799	-0.0854695	-0.197501	-0.0476218	-0.441152	0.668262	1.5708	0	0	0.363219	-0.378234	0.323947	0.888638	1.57079	0	0
1.43697	0.0273628	-0.108734	-1.46031	0.29858	0.921382	1.49829	0.455019	0.0424526	0.188801	0.181995	-0.08248	0	0	0.0355301	0.0127589	-0.0372136	0.832934	0.187131	0	0	-0.40131	0.0355014	-0.0842404	-0.200703	-0.0477108	-0.441985	0.666065	1.5708	0	0	0.360726	-0.376877	0.321624	0.890343	1.57079	0	0
1.44097	0.0269608	-0.109678	-1.46039	0.298331	0.921001	1.50436	0.45397	0.0435597	0.184741	0.186574	-0.0925372	0	0	0.0284696	0.0111168	-0.0371895	0.833765	0.175999	0	0	-0.400406	0.0362403	-0.0826559	-0.203929	-0.0478978	-0.442814	0.663844	1.5708	0	0	0.358045	-0.375274	0.319307	0.891844	1.57079	0	0
1.44496	0.0265045	-0.110762	-1.46065	0.29808	0.920668	1.51045	0.452648	0.0448204	0.180277	0.191722	-0.103627	0	0	0.0212374	0.00933927	-0.0375245	0.834582	0.164139	0	0	-0.399561	0.0370186	-0.0807301	-0.207169	-0.0481798	-0.443642	0.661604	1.5708	0	0	0.355187	-0.373433	0.317003	0.893141	1.57079	0	0
1.44895	0.0259933	-0.111988	-1.46107	0.297829	0.920383	1.51657	0.45108	0.0462309	0.17545	0.197448	-0.115627	0	0	0.0138613	0.00741896	-0.0382281	0.835427	0.151576	0	0	-0.398785	0.0378396	-0.0784787	-0.210411	-0.0485536	-0.444471	0.659353	1.5708	0	0	0.352158	-0.371363	0.314719	0.894235	1.57079	0	0
1.45294	0.0254255	-0.113355	-1.46165	0.297576	0.920146	1.52271	0.449297	0.0477883	0.17031	0.203765	-0.12839	0	0	0.00637558	0.00534777	-0.0393069	0.836344	0.13835	0	0	-0.398083	0.0387075	-0.0759177	-0.213642	-0.049016	-0.445302	0.657099	1.5708	0	0	0.348969	-0.369074	0.312459	0.895127	1.57079	0	0
1.45693	0.0247994	-0.114859	-1.46237	0.297324	0.919958	1.52887	0.447327	0.0494895	0.164912	0.21068	-0.141757	0	0	-0.00118335	0.00311632	-0.0407691	0.837379	0.124491	0	0	-0.397461	0.0396261	-0.0730633	-0.216849	-0.0495637	-0.446137	0.65485	1.5708	0	0	0.345629	-0.366575	0.310228	0.895819	1.57079	0	0
1.46092	0.0241133	-0.116496	-1.46321	0.297072	0.919816	1.53504	0.445198	0.0513299	0.159313	0.218189	-0.155559	0	0	-0.00877746	0.000714449	-0.0426246	0.838575	0.110026	0	0	-0.396924	0.0405986	-0.0699315	-0.220017	-0.0501933	-0.446979	0.652618	1.5708	0	0	0.342151	-0.363875	0.308028	0.89631	1.57079	0	0
1.46492	0.0233662	-0.118257	-1.46418	0.296821	0.919722	1.54123	0.442937	0.0533038	0.153571	0.226281	-0.16962	0	0	-0.0163667	-0.0018686	-0.044885	0.839971	0.0949742	0	0	-0.396476	0.0416276	-0.0665388	-0.223131	-0.0509015	-0.44783	0.650411	1.5708	0	0	0.338547	-0.360985	0.305861	0.8966	1.57079	0	0
1.46891	0.0225576	-0.120133	-1.46526	0.296571	0.919674	1.54743	0.440567	0.0554043	0.147748	0.23494	-0.183755	0	0	-0.023909	-0.00464395	-0.0475628	0.841607	0.079351	0	0	-0.39612	0.0427148	-0.0629018	-0.226175	-0.051685	-0.448692	0.648243	1.5708	0	0	0.334831	-0.357913	0.303729	0.896691	1.57079	0	0
1.4729	0.0216874	-0.122113	-1.46645	0.296322	0.919672	1.55363	0.438113	0.0576244	0.1419	0.244144	-0.197779	0	0	-0.031361	-0.00762267	-0.0506711	0.84352	0.06317	0	0	-0.395855	0.0438607	-0.0590364	-0.229133	-0.0525403	-0.449568	0.646124	1.5708	0	0	0.331016	-0.354668	0.301633	0.896581	1.57079	0	0
1.47689	0.0207566	-0.124182	-1.46772	0.296076	0.919714	1.55984	0.435603	0.0599569	0.136084	0.253875	-0.211503	0	0	-0.0386773	-0.0108154	-0.0542233	0.845743	0.0464449	0	0	-0.39568	0.0450644	-0.0549577	-0.231989	-0.0534638	-0.45046	0.644069	1.5708	0	0	0.327116	-0.351261	0.299572	0.896271	1.57079	0	0
1.48088	0.0197671	-0.126326	-1.46909	0.295833	0.919799	1.56605	0.433067	0.0623946	0.130352	0.264119	-0.224736	0	0	-0.0458112	-0.0142321	-0.0582318	0.848312	0.0291929	0	0	-0.395594	0.0463236	-0.0506802	-0.234728	-0.0544516	-0.451371	0.642091	1.5708	0	0	0.323146	-0.347698	0.297548	0.895761	1.57079	0	0
1.48487	0.0187219	-0.128526	-1.47054	0.295592	0.919926	1.57225	0.430534	0.0649291	0.124747	0.274851	-0.237304	0	0	-0.0527183	-0.0178824	-0.0627108	0.851253	0.0114202	0	0	-0.395591	0.0476343	-0.0462185	-0.237334	-0.0554992	-0.452306	0.640204	1.5708	0	0	0.31912	-0.343991	0.29556	0.895049	1.57079	0	0
1.48887	0.0176255	-0.130766	-1.47206	0.295355	0.920094	1.57844	0.428027	0.0675502	0.119307	0.286044	-0.249048	0	0	-0.0593573	-0.0217759	-0.0676763	0.854585	-0.00687758	0	0	-0.395665	0.048991	-0.0415876	-0.239792	-0.0566019	-0.453269	0.638423	1.5708	0	0	0.315053	-0.340148	0.293609	0.894138	1.57079	0	0
1.49286	0.0164834	-0.133024	-1.47364	0.295121	0.920302	1.58462	0.425575	0.0702472	0.114063	0.29767	-0.259818	0	0	-0.0656855	-0.0259205	-0.0731397	0.858327	-0.025695	0	0	-0.395809	0.0503868	-0.0368033	-0.242088	-0.0577547	-0.454264	0.636763	1.5708	0	0	0.310957	-0.336179	0.291697	0.893026	1.57079	0	0
1.49685	0.0153022	-0.135282	-1.47529	0.29489	0.920547	1.59078	0.423204	0.0730088	0.10904	0.309704	-0.269484	0	0	-0.0716586	-0.0303228	-0.0791068	0.862498	-0.0450149	0	0	-0.396013	0.0518139	-0.0318832	-0.244209	-0.0589528	-0.455293	0.635239	1.5708	0	0	0.306846	-0.332095	0.289824	0.891714	1.57079	0	0
1.50084	0.014089	-0.137518	-1.47699	0.294664	0.920828	1.59693	0.420942	0.0758227	0.104261	0.322116	-0.277928	0	0	-0.077231	-0.0349878	-0.0855766	0.867118	-0.0648078	0	0	-0.396266	0.0532641	-0.0268468	-0.246141	-0.0601913	-0.45636	0.633864	1.5708	0	0	0.302731	-0.327908	0.28799	0.890205	1.57079	0	0
1.50483	0.0128513	-0.13971	-1.47873	0.294442	0.921144	1.60304	0.418814	0.0786758	0.0997382	0.334877	-0.28506	0	0	-0.0823568	-0.039919	-0.0925403	0.872208	-0.0850308	0	0	-0.396555	0.0547291	-0.0217165	-0.247872	-0.0614655	-0.457464	0.632652	1.5708	0	0	0.298621	-0.323631	0.286195	0.888499	1.57079	0	0
1.50882	0.011597	-0.141836	-1.4805	0.294224	0.921493	1.60913	0.416842	0.0815543	0.0954813	0.347951	-0.290807	0	0	-0.0869893	-0.0451179	-0.0999806	0.877786	-0.105627	0	0	-0.396864	0.0562011	-0.0165174	-0.249391	-0.062771	-0.458605	0.631615	1.5708	0	0	0.294523	-0.319277	0.284437	0.886601	1.57079	0	0
1.51282	0.0103341	-0.143875	-1.48228	0.29401	0.921873	1.61519	0.415045	0.0844438	0.0914943	0.361298	-0.295128	0	0	-0.0910818	-0.0505843	-0.107871	0.883873	-0.126524	0	0	-0.39718	0.0576722	-0.0112778	-0.250685	-0.0641033	-0.459778	0.630765	1.5708	0	0	0.290443	-0.31486	0.282714	0.884517	1.57079	0	0
1.51681	0.00907019	-0.145807	-1.48406	0.293801	0.922283	1.62121	0.413435	0.0873296	0.0877771	0.374869	-0.298004	0	0	-0.0945873	-0.0563155	-0.116175	0.89049	-0.147634	0	0	-0.397486	0.0591358	-0.00602823	-0.251745	-0.0654583	-0.460981	0.630113	1.5708	0	0	0.286385	-0.310397	0.281024	0.882251	1.57079	0	0
1.5208	0.00781253	-0.147609	-1.48582	0.293597	0.92272	1.62719	0.412019	0.0901974	0.0843266	0.388608	-0.299445	0	0	-0.0974591	-0.0623067	-0.124847	0.897656	-0.168852	0	0	-0.397764	0.0605858	-0.000801685	-0.252559	-0.0668322	-0.462205	0.62967	1.5708	0	0	0.28235	-0.305904	0.279362	0.879811	1.57079	0	0
1.52479	0.00656763	-0.149264	-1.48754	0.293397	0.923184	1.63313	0.410797	0.0930333	0.0811376	0.402445	-0.299491	0	0	-0.0996514	-0.0685504	-0.133832	0.90539	-0.190061	0	0	-0.397999	0.0620174	0.00436744	-0.253118	-0.0682219	-0.463443	0.629443	1.5708	0	0	0.278337	-0.301397	0.277726	0.877205	1.57079	0	0
1.52878	0.00534121	-0.150753	-1.48921	0.293201	0.923672	1.63903	0.409759	0.0958246	0.0782036	0.416301	-0.29821	0	0	-0.10112	-0.075037	-0.143068	0.913711	-0.211127	0	0	-0.398174	0.0634267	0.00944389	-0.253411	-0.0696249	-0.464684	0.629439	1.5708	0	0	0.274346	-0.296895	0.27611	0.874442	1.57079	0	0
1.53277	0.00413809	-0.152059	-1.49081	0.29301	0.924183	1.64488	0.408885	0.0985598	0.0755184	0.430083	-0.295702	0	0	-0.101825	-0.081754	-0.152485	0.922634	-0.231906	0	0	-0.398273	0.0648109	0.0143922	-0.25343	-0.0710396	-0.465913	0.629664	1.5708	0	0	0.270373	-0.292416	0.274512	0.871531	1.57079	0	0
1.53676	0.00296228	-0.15317	-1.49232	0.292824	0.924715	1.65068	0.408144	0.101228	0.0730762	0.443685	-0.292096	0	0	-0.101725	-0.0886862	-0.16201	0.932171	-0.252238	0	0	-0.398282	0.0661682	0.0191778	-0.253165	-0.0724653	-0.467117	0.630119	1.57079	0	0	0.266415	-0.287977	0.272925	0.868482	1.57078	0	0
1.54076	0.0018172	-0.154074	-1.49373	0.292642	0.925267	1.65643	0.407512	0.103821	0.0708682	0.457017	-0.287509	0	0	-0.100793	-0.0958191	-0.171574	0.942328	-0.271979	0	0	-0.39819	0.067497	0.0237685	-0.252609	-0.0739018	-0.468279	0.630809	1.57079	0	0	0.262468	-0.283594	0.271346	0.865302	1.57078	0	0
1.54475	0.000705716	-0.154764	-1.49503	0.292464	0.925838	1.66213	0.406969	0.106331	0.0688831	0.470011	-0.282041	0	0	-0.099009	-0.103139	-0.18112	0.953096	-0.290992	0	0	-0.397988	0.0687964	0.0281355	-0.251755	-0.0753496	-0.469384	0.631734	1.57079	0	0	0.258528	-0.279283	0.269771	0.862002	1.57078	0	0
1.54874	-0.000369791	-0.155234	-1.49621	0.29229	0.926425	1.66777	0.406502	0.108752	0.0671085	0.482618	-0.27578	0	0	-0.0963651	-0.110633	-0.190603	0.964454	-0.309161	0	0	-0.39767	0.0700654	0.0322546	-0.250599	-0.0768099	-0.470417	0.632896	1.57079	0	0	0.254592	-0.275059	0.2682	0.85859	1.57078	0	0
1.55273	-0.00140726	-0.155485	-1.49726	0.292121	0.927029	1.67336	0.406097	0.111078	0.0655309	0.494799	-0.2688	0	0	-0.0928625	-0.118287	-0.199987	0.976374	-0.326379	0	0	-0.397234	0.0713026	0.0361063	-0.249135	-0.078285	-0.47136	0.634291	1.57079	0	0	0.250658	-0.270935	0.266634	0.85507	1.57078	0	0
1.55672	-0.00240485	-0.155517	-1.49817	0.291955	0.927646	1.6789	0.405743	0.113307	0.0641364	0.506526	-0.261173	0	0	-0.0885095	-0.126087	-0.209235	0.988818	-0.342547	0	0	-0.396678	0.0725058	0.0396759	-0.247359	-0.0797779	-0.472198	0.635912	1.57079	0	0	0.246726	-0.266922	0.265075	0.851449	1.57078	0	0
1.56071	-0.00336077	-0.155334	-1.49895	0.291793	0.928278	1.68438	0.405429	0.115435	0.0629117	0.517779	-0.252964	0	0	-0.0833218	-0.13401	-0.218318	1.00174	-0.357573	0	0	-0.396005	0.0736724	0.0429538	-0.245269	-0.0812919	-0.472914	0.63775	1.57079	0	0	0.242793	-0.263032	0.263527	0.847731	1.57078	0	0
1.56471	-0.00427325	-0.154944	-1.4996	0.291635	0.928921	1.6898	0.405142	0.117461	0.0618446	0.528545	-0.244238	0	0	-0.0773225	-0.142031	-0.227205	1.01509	-0.371373	0	0	-0.395221	0.074799	0.0459354	-0.242863	-0.0828309	-0.473491	0.639798	1.57079	0	0	0.238862	-0.259272	0.261997	0.843918	1.57078	0	0
1.5687	-0.00514036	-0.154359	-1.50013	0.29148	0.929576	1.69517	0.404866	0.119384	0.0609247	0.538813	-0.235057	0	0	-0.0705417	-0.150121	-0.235867	1.0288	-0.383872	0	0	-0.394332	0.0758817	0.0486208	-0.240143	-0.0843989	-0.473914	0.642045	1.57079	0	0	0.234931	-0.255649	0.260491	0.840012	1.57078	0	0
1.57269	-0.00595993	-0.153591	-1.50054	0.291329	0.930241	1.70048	0.404582	0.121206	0.0601437	0.548575	-0.225486	0	0	-0.0630161	-0.158245	-0.244274	1.04282	-0.395005	0	0	-0.393351	0.076916	0.0510142	-0.237111	-0.0860001	-0.474169	0.644483	1.57079	0	0	0.231003	-0.252171	0.259018	0.836012	1.57078	0	0
1.57668	-0.0067294	-0.152658	-1.50084	0.29118	0.930915	1.70574	0.404269	0.122927	0.059496	0.557824	-0.215594	0	0	-0.0547872	-0.166359	-0.252393	1.05706	-0.404717	0	0	-0.39229	0.0778963	0.0531234	-0.233772	-0.0876381	-0.474244	0.647104	1.57079	0	0	0.227078	-0.24884	0.257585	0.83192	1.57078	0	0
1.58067	-0.00744583	-0.151579	-1.50105	0.291034	0.931598	1.71094	0.4039	0.124549	0.0589781	0.566554	-0.205449	0	0	-0.0459008	-0.174419	-0.260189	1.07146	-0.412967	0	0	-0.391165	0.0788168	0.054959	-0.23013	-0.0893162	-0.474127	0.649897	1.57079	0	0	0.223156	-0.245662	0.256202	0.827735	1.57078	0	0
1.58466	-0.00810586	-0.150372	-1.50117	0.290891	0.932288	1.7161	0.403447	0.126074	0.0585889	0.574755	-0.19513	0	0	-0.0364044	-0.18237	-0.267622	1.08593	-0.419727	0	0	-0.389991	0.0796706	0.0565345	-0.226193	-0.0910373	-0.47381	0.652856	1.57079	0	0	0.219239	-0.242637	0.254876	0.823457	1.57078	0	0
1.58866	-0.0087057	-0.149058	-1.50123	0.29075	0.932985	1.7212	0.402881	0.127503	0.0583295	0.582419	-0.184718	0	0	-0.0263467	-0.190158	-0.274652	1.10041	-0.424989	0	0	-0.388786	0.0804508	0.0578657	-0.221969	-0.0928038	-0.473286	0.655971	1.57079	0	0	0.215329	-0.239768	0.253616	0.819085	1.57078	0	0
1.59265	-0.00924116	-0.147655	-1.50124	0.290611	0.933689	1.72625	0.40218	0.12884	0.0582018	0.589546	-0.174272	0	0	-0.0157762	-0.197727	-0.281246	1.1148	-0.428755	0	0	-0.387565	0.0811495	0.058971	-0.217466	-0.0946183	-0.472548	0.659233	1.57079	0	0	0.211428	-0.237055	0.252433	0.814618	1.57078	0	0
1.59664	-0.0097077	-0.146182	-1.50121	0.290474	0.934397	1.73125	0.40132	0.130084	0.0582089	0.596137	-0.163861	0	0	-0.00474005	-0.205021	-0.287372	1.12904	-0.431051	0	0	-0.386343	0.0817588	0.0598703	-0.212693	-0.0964833	-0.47159	0.662635	1.57079	0	0	0.207542	-0.234495	0.251338	0.810055	1.57078	0	0
1.60063	-0.0101005	-0.144653	-1.50116	0.290339	0.93511	1.7362	0.400278	0.131238	0.0583559	0.602185	-0.153559	0	0	0.00671708	-0.21198	-0.292994	1.14304	-0.431918	0	0	-0.385133	0.0822702	0.0605848	-0.207661	-0.0984006	-0.470409	0.666168	1.57079	0	0	0.203674	-0.232088	0.25034	0.805393	1.57078	0	0
1.60462	-0.0104143	-0.143084	-1.50111	0.290205	0.935826	1.74111	0.399039	0.132302	0.0586473	0.6077	-0.143419	0	0	0.0185541	-0.218547	-0.298079	1.15674	-0.431407	0	0	-0.383946	0.082675	0.0611356	-0.20238	-0.100371	-0.469001	0.669823	1.57079	0	0	0.19983	-0.22983	0.249451	0.800633	1.57079	0	0
1.60861	-0.0106443	-0.141487	-1.50106	0.290073	0.936545	1.74598	0.397595	0.133278	0.0590879	0.612697	-0.133479	0	0	0.0307318	-0.22467	-0.302606	1.17007	-0.429577	0	0	-0.382792	0.0829648	0.0615446	-0.196863	-0.102397	-0.467366	0.673594	1.57079	0	0	0.196015	-0.227718	0.248679	0.795775	1.57079	0	0
1.61261	-0.0107851	-0.13987	-1.50104	0.289942	0.937265	1.75081	0.395944	0.134164	0.0596825	0.6172	-0.123762	0	0	0.0432133	-0.230301	-0.306558	1.18296	-0.426497	0	0	-0.381678	0.0831307	0.0618337	-0.19112	-0.104478	-0.465503	0.677473	1.57079	0	0	0.192232	-0.225747	0.248032	0.790822	1.57079	0	0
1.6166	-0.0108316	-0.138242	-1.50105	0.289813	0.937986	1.75559	0.394092	0.134963	0.0604355	0.621242	-0.114277	0	0	0.0559637	-0.235393	-0.309919	1.19536	-0.422249	0	0	-0.380609	0.0831645	0.0620246	-0.185164	-0.106613	-0.463415	0.681454	1.57079	0	0	0.188487	-0.223914	0.247518	0.785777	1.57079	0	0
1.62059	-0.0107792	-0.136609	-1.50112	0.289684	0.938707	1.76034	0.392047	0.135672	0.0613511	0.624859	-0.105024	0	0	0.0689502	-0.239902	-0.312677	1.20719	-0.416924	0	0	-0.379589	0.0830588	0.0621387	-0.17901	-0.108804	-0.46111	0.685535	1.57079	0	0	0.184783	-0.222211	0.247143	0.780644	1.57079	0	0
1.62458	-0.010624	-0.134975	-1.50125	0.289556	0.939426	1.76505	0.389824	0.136294	0.0624321	0.628092	-0.0959927	0	0	0.082142	-0.243788	-0.314825	1.21842	-0.410621	0	0	-0.37862	0.0828076	0.0621965	-0.17267	-0.111047	-0.458592	0.689711	1.57079	0	0	0.181126	-0.220634	0.246912	0.775427	1.57079	0	0
1.62857	-0.0103636	-0.133342	-1.50144	0.28943	0.940143	1.76972	0.387439	0.136829	0.0636802	0.630983	-0.0871659	0	0	0.0955123	-0.24702	-0.31636	1.22899	-0.403428	0	0	-0.377701	0.0824062	0.0622175	-0.166159	-0.113344	-0.45587	0.693982	1.57079	0	0	0.17752	-0.219175	0.246827	0.770131	1.57079	0	0
1.63256	-0.00999629	-0.13171	-1.50172	0.289303	0.940855	1.77437	0.384914	0.137278	0.0650956	0.633578	-0.0785218	0	0	0.109036	-0.249571	-0.317285	1.23885	-0.395439	0	0	-0.37683	0.0818516	0.0622202	-0.15949	-0.115692	-0.452953	0.698346	1.57079	0	0	0.173969	-0.217828	0.246891	0.764763	1.57079	0	0
1.63655	-0.00952181	-0.130079	-1.50209	0.289178	0.941563	1.77898	0.382269	0.137643	0.0666768	0.635919	-0.0700381	0	0	0.122688	-0.251422	-0.317606	1.24797	-0.386749	0	0	-0.376004	0.0811424	0.0622221	-0.152679	-0.11809	-0.449851	0.702802	1.57079	0	0	0.170478	-0.216584	0.247103	0.759327	1.57079	0	0
1.64055	-0.00894091	-0.128447	-1.50254	0.289053	0.942264	1.78357	0.379527	0.137928	0.0684202	0.638045	-0.0616939	0	0	0.136446	-0.252561	-0.317338	1.25632	-0.377454	0	0	-0.37522	0.0802783	0.0622402	-0.145739	-0.120537	-0.446576	0.707351	1.57079	0	0	0.16705	-0.215436	0.247462	0.753829	1.57079	0	0
1.64454	-0.00825563	-0.126811	-1.5031	0.288929	0.942957	1.78812	0.376708	0.138133	0.0703201	0.639992	-0.0534707	0	0	0.150287	-0.252983	-0.316499	1.26384	-0.367655	0	0	-0.374472	0.0792611	0.0622902	-0.138684	-0.12303	-0.44314	0.711992	1.57079	0	0	0.163693	-0.214376	0.247967	0.748275	1.57079	0	0
1.64853	-0.00746918	-0.125167	-1.50374	0.288805	0.943641	1.79265	0.373831	0.138263	0.0723694	0.641794	-0.0453543	0	0	0.164187	-0.252689	-0.315113	1.27053	-0.35745	0	0	-0.373756	0.0780935	0.0623873	-0.131529	-0.125567	-0.439557	0.716725	1.57079	0	0	0.160409	-0.213396	0.248614	0.742669	1.57079	0	0
1.65252	-0.00658577	-0.123514	-1.50448	0.288683	0.944315	1.79716	0.370916	0.13832	0.0745594	0.643478	-0.0373361	0	0	0.178123	-0.251691	-0.313212	1.27634	-0.346937	0	0	-0.373067	0.07678	0.0625456	-0.124287	-0.128146	-0.435842	0.721551	1.57079	0	0	0.157206	-0.212488	0.249402	0.737017	1.57079	0	0
1.65651	-0.00561055	-0.121846	-1.50532	0.288561	0.944976	1.80164	0.367976	0.138308	0.0768802	0.645064	-0.0294143	0	0	0.192072	-0.250005	-0.310832	1.28126	-0.336214	0	0	-0.372399	0.0753259	0.0627787	-0.116974	-0.130765	-0.432009	0.726471	1.57079	0	0	0.15409	-0.211642	0.250327	0.731324	1.57079	0	0
1.6605	-0.00454969	-0.12016	-1.50625	0.28844	0.945624	1.8061	0.365026	0.138232	0.0793199	0.646568	-0.0215947	0	0	0.20601	-0.247658	-0.308017	1.28527	-0.325378	0	0	-0.371747	0.0737381	0.0630985	-0.109601	-0.133422	-0.428071	0.731485	1.57079	0	0	0.151066	-0.21085	0.251384	0.725594	1.57079	0	0
1.6645	-0.00341029	-0.118453	-1.50727	0.28832	0.946258	1.81054	0.362073	0.138094	0.081865	0.647999	-0.0138919	0	0	0.219911	-0.244684	-0.304817	1.28834	-0.314524	0	0	-0.371107	0.0720245	0.0635153	-0.102182	-0.136116	-0.424044	0.736593	1.57079	0	0	0.14814	-0.210105	0.252572	0.71983	1.57079	0	0
1.66849	-0.00219992	-0.116722	-1.50836	0.288201	0.946874	1.81497	0.359128	0.137901	0.0845015	0.64937	-0.00630632	0	0	0.23375	-0.241116	-0.301277	1.29046	-0.303737	0	0	-0.370474	0.070194	0.0640382	-0.0947288	-0.138845	-0.419941	0.741796	1.57079	0	0	0.145317	-0.2094	0.253885	0.714037	1.57079	0	0
1.67248	-0.000926102	-0.114965	-1.50954	0.288084	0.947473	1.81937	0.356204	0.137656	0.0872176	0.650698	0.0011657	0	0	0.247509	-0.236987	-0.297437	1.29162	-0.293082	0	0	-0.369845	0.0682553	0.0646761	-0.0872535	-0.141608	-0.415775	0.747093	1.57079	0	0	0.142603	-0.208726	0.255319	0.708218	1.57079	0	0
1.67647	0.000403861	-0.113179	-1.51079	0.287969	0.948053	1.82376	0.35331	0.137365	0.0900035	0.651996	0.00853115	0	0	0.261167	-0.23233	-0.293334	1.29182	-0.282613	0	0	-0.369217	0.0662168	0.0654382	-0.079768	-0.144405	-0.411557	0.752484	1.57079	0	0	0.140001	-0.208077	0.25687	0.702375	1.57079	0	0
1.68046	0.001783	-0.111364	-1.51212	0.287855	0.948613	1.82814	0.350455	0.137035	0.0928502	0.653283	0.0158001	0	0	0.274705	-0.227179	-0.289007	1.29104	-0.272376	0	0	-0.368587	0.0640866	0.0663337	-0.0722838	-0.147238	-0.407298	0.75797	1.57079	0	0	0.137513	-0.207444	0.258532	0.696508	1.57079	0	0
1.68445	0.00320468	-0.109521	-1.51351	0.287743	0.94915	1.8325	0.34765	0.136669	0.0957491	0.654572	0.022983	0	0	0.2881	-0.221571	-0.284497	1.28929	-0.262418	0	0	-0.367954	0.0618726	0.0673718	-0.0648122	-0.150107	-0.403009	0.763551	1.57079	0	0	0.135144	-0.20682	0.2603	0.69062	1.57079	0	0
1.68845	0.00466262	-0.107649	-1.51498	0.287634	0.949664	1.83685	0.344898	0.136272	0.0986919	0.655879	0.0300884	0	0	0.301325	-0.215548	-0.279851	1.28655	-0.252779	0	0	-0.367319	0.0595822	0.0685606	-0.0573638	-0.153014	-0.398698	0.769226	1.57079	0	0	0.132895	-0.206198	0.262165	0.684711	1.57079	0	0
1.69244	0.00615082	-0.105749	-1.51652	0.287527	0.950153	1.84119	0.342205	0.135848	0.10167	0.657213	0.0371203	0	0	0.314355	-0.209154	-0.275121	1.28283	-0.243501	0	0	-0.366681	0.0572228	0.0699075	-0.0499483	-0.155962	-0.394374	0.774997	1.57079	0	0	0.130766	-0.20557	0.264121	0.678781	1.57079	0	0
1.69643	0.00766353	-0.103825	-1.51812	0.287423	0.950617	1.84552	0.339571	0.1354	0.104675	0.658581	0.0440769	0	0	0.327159	-0.202438	-0.270362	1.27811	-0.234625	0	0	-0.366042	0.0548015	0.0714185	-0.0425746	-0.158953	-0.390043	0.780862	1.57079	0	0	0.128757	-0.204928	0.266157	0.672832	1.57079	0	0
1.70042	0.00919543	-0.101876	-1.51979	0.287323	0.951053	1.84984	0.336999	0.134931	0.1077	0.659991	0.050961	0	0	0.339713	-0.195443	-0.265619	1.2724	-0.226182	0	0	-0.365402	0.0523253	0.0730975	-0.0352505	-0.16199	-0.385712	0.786821	1.57079	0	0	0.126868	-0.204267	0.268262	0.666864	1.57079	0	0
1.70441	0.0107416	-0.0999054	-1.52152	0.287226	0.951462	1.85416	0.334493	0.134445	0.110739	0.661454	0.0577802	0	0	0.351996	-0.188205	-0.260924	1.2657	-0.218192	0	0	-0.364763	0.0498009	0.0749465	-0.0279826	-0.165073	-0.381387	0.792871	1.57079	0	0	0.125097	-0.20358	0.270426	0.660877	1.57079	0	0
1.7084	0.0122973	-0.0979145	-1.52332	0.287134	0.951841	1.85847	0.33205	0.133943	0.113783	0.662972	0.0645314	0	0	0.363984	-0.180765	-0.256314	1.258	-0.210676	0	0	-0.364124	0.0472349	0.0769654	-0.0207765	-0.168206	-0.377071	0.799011	1.57079	0	0	0.123442	-0.202862	0.272635	0.654872	1.57079	0	0
1.71239	0.0138581	-0.0959062	-1.52519	0.287045	0.95219	1.86277	0.329668	0.133426	0.116826	0.664542	0.0711992	0	0	0.375654	-0.173164	-0.251825	1.2493	-0.203659	0	0	-0.363488	0.044634	0.0791522	-0.0136372	-0.171391	-0.372767	0.805237	1.57079	0	0	0.121898	-0.202108	0.274875	0.648852	1.57079	0	0
1.71639	0.0154194	-0.0938843	-1.52711	0.286962	0.952508	1.86707	0.327335	0.132895	0.119856	0.666154	0.0777556	0	0	0.38698	-0.165447	-0.247497	1.23961	-0.197167	0	0	-0.362858	0.0420053	0.0815022	-0.00656866	-0.17463	-0.368477	0.811548	1.57079	0	0	0.12046	-0.201314	0.277132	0.642819	1.57079	0	0
1.72038	0.0169765	-0.0918537	-1.52908	0.286884	0.952795	1.87137	0.325041	0.13235	0.122863	0.667797	0.0841782	0	0	0.397936	-0.157654	-0.243357	1.22892	-0.191217	0	0	-0.362235	0.0393565	0.0840074	0.000424915	-0.177923	-0.364201	0.817938	1.57079	0	0	0.119122	-0.200478	0.27939	0.636779	1.57079	0	0
1.72437	0.0185247	-0.0898198	-1.53111	0.286811	0.953049	1.87567	0.322776	0.131794	0.125838	0.669465	0.0904505	0	0	0.408501	-0.149821	-0.239423	1.21723	-0.185818	0	0	-0.361621	0.0366957	0.0866574	0.00733933	-0.18127	-0.359941	0.824405	1.57079	0	0	0.117875	-0.199599	0.281632	0.630737	1.57079	0	0
1.72836	0.0200598	-0.0877875	-1.53317	0.286744	0.953269	1.87996	0.320531	0.131227	0.128772	0.671156	0.0965618	0	0	0.418657	-0.141977	-0.235703	1.20455	-0.180969	0	0	-0.361017	0.0340306	0.0894411	0.0141708	-0.184671	-0.355696	0.830945	1.57079	0	0	0.116713	-0.198675	0.283843	0.624697	1.57079	0	0
1.73235	0.0215778	-0.0857613	-1.53526	0.286684	0.953456	1.88426	0.3183	0.13065	0.131659	0.672868	0.102508	0	0	0.428389	-0.134149	-0.232198	1.19088	-0.176664	0	0	-0.360425	0.0313684	0.0923469	0.0209165	-0.188126	-0.351467	0.837554	1.57079	0	0	0.115625	-0.197705	0.286009	0.618667	1.57079	0	0
1.73634	0.023075	-0.0837453	-1.53738	0.28663	0.953609	1.88856	0.316078	0.130065	0.134491	0.674603	0.108286	0	0	0.437683	-0.126357	-0.228901	1.17622	-0.172891	0	0	-0.359846	0.0287164	0.0953631	0.0275739	-0.191633	-0.347253	0.844228	1.57079	0	0	0.114605	-0.19669	0.288114	0.61265	1.57079	0	0
1.74034	0.0245478	-0.0817424	-1.53953	0.286584	0.953728	1.89286	0.313859	0.129474	0.137265	0.676362	0.113894	0	0	0.44653	-0.11862	-0.225801	1.1606	-0.169638	0	0	-0.359278	0.0260814	0.098478	0.0341412	-0.195192	-0.343055	0.850963	1.57079	0	0	0.113644	-0.195629	0.290145	0.606652	1.57079	0	0
1.74433	0.0259931	-0.0797552	-1.54169	0.286545	0.953811	1.89716	0.311641	0.128879	0.139978	0.678147	0.119334	0	0	0.454921	-0.110951	-0.22288	1.144	-0.166892	0	0	-0.358723	0.0234697	0.10168	0.0406173	-0.198801	-0.338873	0.857755	1.57079	0	0	0.112734	-0.194522	0.292092	0.600677	1.57079	0	0
1.74832	0.0274078	-0.0777855	-1.54386	0.286513	0.953859	1.90148	0.309421	0.128281	0.142628	0.679959	0.124606	0	0	0.462848	-0.103362	-0.220118	1.12644	-0.164637	0	0	-0.358178	0.0208872	0.10496	0.0470018	-0.20246	-0.334707	0.864601	1.57079	0	0	0.111869	-0.193371	0.293943	0.59473	1.57079	0	0
1.75231	0.028789	-0.0758346	-1.54605	0.286489	0.953872	1.90579	0.307198	0.127683	0.145213	0.681803	0.129717	0	0	0.470307	-0.0958605	-0.217488	1.10793	-0.162859	0	0	-0.357644	0.0183398	0.108306	0.0532948	-0.206168	-0.330556	0.871496	1.57079	0	0	0.111041	-0.192176	0.295688	0.588816	1.57079	0	0
1.7563	0.0301339	-0.073904	-1.54824	0.286474	0.95385	1.91012	0.30497	0.127087	0.147734	0.683679	0.13467	0	0	0.477293	-0.0884537	-0.214961	1.08847	-0.16154	0	0	-0.357119	0.015833	0.111709	0.0594966	-0.209923	-0.326419	0.878434	1.57079	0	0	0.110243	-0.190938	0.29732	0.58294	1.57079	0	0
1.76029	0.031439	-0.0719955	-1.55044	0.286467	0.953793	1.91445	0.302735	0.126497	0.150191	0.685592	0.139473	0	0	0.483802	-0.0811467	-0.212505	1.06808	-0.160662	0	0	-0.356603	0.0133729	0.115159	0.0656071	-0.213723	-0.322296	0.885411	1.57079	0	0	0.109468	-0.189658	0.298831	0.577108	1.57079	0	0
1.76429	0.0327008	-0.070111	-1.55264	0.286469	0.953701	1.91879	0.300491	0.125917	0.152584	0.687544	0.144137	0	0	0.489832	-0.0739442	-0.210084	1.04676	-0.160205	0	0	-0.356094	0.0109655	0.118645	0.071626	-0.217567	-0.318186	0.892423	1.57079	0	0	0.108709	-0.18834	0.300214	0.571326	1.57079	0	0
1.76828	0.0339155	-0.0682523	-1.55483	0.286479	0.953574	1.92313	0.298237	0.125351	0.154913	0.68954	0.148671	0	0	0.495381	-0.0668502	-0.207662	1.02453	-0.160146	0	0	-0.355593	0.00861698	0.122158	0.0775524	-0.221452	-0.314087	0.899464	1.57079	0	0	0.10796	-0.186984	0.301464	0.565601	1.57079	0	0
1.77227	0.0350793	-0.0664211	-1.55701	0.286498	0.953413	1.92749	0.295971	0.124805	0.157182	0.691585	0.153091	0	0	0.500448	-0.0598678	-0.205202	1.00141	-0.160459	0	0	-0.355098	0.00633329	0.12569	0.0833854	-0.225377	-0.310002	0.906533	1.57079	0	0	0.107213	-0.185594	0.302576	0.559942	1.57079	0	0
1.77626	0.0361885	-0.0646184	-1.55919	0.286527	0.953218	1.93186	0.293694	0.124283	0.15939	0.693683	0.15741	0	0	0.505036	-0.0529987	-0.202664	0.97741	-0.161114	0	0	-0.354609	0.00412004	0.129234	0.0891236	-0.229339	-0.305929	0.913626	1.57079	0	0	0.106462	-0.184172	0.303546	0.554354	1.57079	0	0
1.78025	0.0372394	-0.0628452	-1.56135	0.286564	0.952989	1.93624	0.291407	0.12379	0.16154	0.695842	0.161649	0	0	0.509148	-0.046244	-0.200008	0.952564	-0.162074	0	0	-0.354126	0.00198245	0.132784	0.094766	-0.233336	-0.301869	0.920739	1.57079	0	0	0.105702	-0.18272	0.30437	0.548848	1.57079	0	0
1.78424	0.0382286	-0.0611023	-1.5635	0.28661	0.952728	1.94064	0.289111	0.123333	0.163633	0.698069	0.165829	0	0	0.512791	-0.0396035	-0.197191	0.926898	-0.163296	0	0	-0.353648	-7.45681e-05	0.136333	0.100311	-0.237365	-0.297824	0.927872	1.57079	0	0	0.104925	-0.181241	0.305044	0.54343	1.57079	0	0
1.78824	0.0391525	-0.0593907	-1.56564	0.286665	0.952434	1.94504	0.286805	0.122914	0.165669	0.700367	0.169958	0	0	0.515974	-0.0330802	-0.194176	0.900446	-0.164729	0	0	-0.353175	-0.00204624	0.139876	0.105759	-0.241422	-0.293793	0.935021	1.57079	0	0	0.104125	-0.179736	0.305564	0.538112	1.57079	0	0
1.79223	0.0400075	-0.0577119	-1.56776	0.286729	0.95211	1.94946	0.284487	0.122538	0.167643	0.702736	0.174048	0	0	0.518709	-0.0266764	-0.190923	0.873252	-0.166312	0	0	-0.352706	-0.00392807	0.143407	0.111108	-0.245505	-0.289778	0.942184	1.57079	0	0	0.103294	-0.17821	0.305925	0.532904	1.57079	0	0
1.79622	0.0407903	-0.0560673	-1.56985	0.286802	0.951755	1.95389	0.282156	0.122208	0.169556	0.705181	0.17811	0	0	0.521008	-0.0203952	-0.187397	0.845361	-0.16799	0	0	-0.352243	-0.00571612	0.14692	0.116359	-0.249608	-0.285778	0.949358	1.57079	0	0	0.102424	-0.176666	0.306124	0.527819	1.57079	0	0
1.80021	0.0414982	-0.0544582	-1.57193	0.286883	0.951371	1.95833	0.27981	0.12193	0.171406	0.707702	0.182156	0	0	0.522886	-0.0142405	-0.183569	0.816821	-0.169717	0	0	-0.351786	-0.007407	0.15041	0.121511	-0.25373	-0.281796	0.956542	1.5708	0	0	0.10151	-0.175108	0.306161	0.522869	1.57079	0	0
1.8042	0.0421284	-0.0528856	-1.57399	0.286972	0.950958	1.96278	0.277449	0.121706	0.173191	0.710303	0.186197	0	0	0.524355	-0.00821619	-0.179415	0.787677	-0.17146	0	0	-0.351335	-0.00899785	0.153873	0.126565	-0.257864	-0.277832	0.963732	1.5708	0	0	0.100544	-0.17354	0.306034	0.518064	1.57079	0	0
1.80819	0.0426791	-0.0513506	-1.57603	0.287069	0.950518	1.96725	0.275071	0.12154	0.174914	0.712986	0.190246	0	0	0.525428	-0.00232588	-0.174915	0.757975	-0.173195	0	0	-0.350892	-0.0104864	0.157306	0.13152	-0.262008	-0.273889	0.970928	1.5708	0	0	0.0995235	-0.171967	0.305748	0.513414	1.57079	0	0
1.81218	0.0431487	-0.049854	-1.57804	0.287174	0.950052	1.97174	0.272676	0.121435	0.176573	0.715752	0.19431	0	0	0.526121	0.00342482	-0.170057	0.727766	-0.17489	0	0	-0.350455	-0.011871	0.160706	0.136376	-0.266158	-0.269969	0.978128	1.5708	0	0	0.098443	-0.170391	0.305305	0.508924	1.57079	0	0
1.81618	0.0435359	-0.0483964	-1.58002	0.287287	0.949561	1.97623	0.270261	0.121393	0.178169	0.718597	0.198391	0	0	0.526454	0.00902854	-0.164834	0.697112	-0.176503	0	0	-0.350027	-0.0131504	0.164071	0.141134	-0.270309	-0.266075	0.98533	1.5708	0	0	0.0973001	-0.168816	0.304707	0.504603	1.57079	0	0
1.82017	0.0438402	-0.0469782	-1.58199	0.287406	0.949046	1.98074	0.267822	0.121415	0.179698	0.721516	0.202484	0	0	0.526453	0.0144763	-0.159245	0.666077	-0.177983	0	0	-0.349608	-0.0143242	0.1674	0.145797	-0.274459	-0.262209	0.992535	1.5708	0	0	0.0960927	-0.167244	0.303956	0.500451	1.57079	0	0
1.82416	0.0440615	-0.0455991	-1.58393	0.287532	0.948509	1.98526	0.265355	0.1215	0.181161	0.724498	0.206574	0	0	0.526146	0.0197575	-0.153297	0.634734	-0.179268	0	0	-0.349198	-0.0153927	0.170691	0.150364	-0.278605	-0.258374	0.999741	1.5708	0	0	0.0948202	-0.165676	0.303057	0.496472	1.57079	0	0
1.82815	0.0442003	-0.0442586	-1.58585	0.287665	0.947952	1.98979	0.262854	0.121647	0.182553	0.727531	0.210643	0	0	0.525566	0.0248603	-0.147004	0.603163	-0.18029	0	0	-0.348797	-0.016357	0.173946	0.154839	-0.282742	-0.254574	1.00695	1.5708	0	0	0.0934834	-0.164113	0.302013	0.492661	1.57079	0	0
1.83214	0.0442583	-0.0429555	-1.58775	0.287803	0.947375	1.99433	0.260316	0.121853	0.183873	0.730604	0.214673	0	0	0.524745	0.0297761	-0.140383	0.571434	-0.180998	0	0	-0.348406	-0.0172196	0.177167	0.159223	-0.28687	-0.250811	1.01415	1.5708	0	0	0.0920839	-0.162555	0.300829	0.489017	1.5708	0	0
1.83613	0.044238	-0.0416885	-1.58963	0.287947	0.94678	1.99889	0.257738	0.122114	0.185121	0.733706	0.218651	0	0	0.52371	0.0345002	-0.133454	0.539607	-0.181363	0	0	-0.348024	-0.0179844	0.180354	0.163521	-0.290986	-0.247085	1.02136	1.5708	0	0	0.0906242	-0.161004	0.299511	0.485535	1.5708	0	0
1.84013	0.044143	-0.0404562	-1.59149	0.288095	0.946169	2.00345	0.255118	0.122429	0.186297	0.736829	0.222567	0	0	0.522487	0.039032	-0.126238	0.507735	-0.181374	0	0	-0.347651	-0.0186562	0.18351	0.167736	-0.295089	-0.243396	1.02856	1.5708	0	0	0.0891073	-0.159459	0.298067	0.48221	1.5708	0	0
1.84412	0.0439775	-0.0392571	-1.59334	0.288249	0.945543	2.00802	0.252456	0.122792	0.187403	0.739968	0.226414	0	0	0.521097	0.0433749	-0.118755	0.475859	-0.181033	0	0	-0.347289	-0.0192408	0.186637	0.171873	-0.299178	-0.239744	1.03576	1.5708	0	0	0.0875366	-0.157922	0.296504	0.479036	1.5708	0	0
1.84811	0.0437466	-0.0380896	-1.59518	0.288406	0.944904	2.01261	0.249752	0.1232	0.188441	0.743118	0.23019	0	0	0.519561	0.0475362	-0.111026	0.44401	-0.180356	0	0	-0.346937	-0.0197448	0.189736	0.175938	-0.303253	-0.236126	1.04295	1.5708	0	0	0.0859156	-0.156392	0.294831	0.476006	1.5708	0	0
1.8521	0.0434561	-0.036952	-1.59701	0.288567	0.944253	2.0172	0.247008	0.123648	0.189416	0.746276	0.233897	0	0	0.517895	0.0515261	-0.103072	0.412216	-0.179368	0	0	-0.346596	-0.0201757	0.19281	0.179936	-0.307313	-0.23254	1.05014	1.5708	0	0	0.0842483	-0.154871	0.29306	0.47311	1.5708	0	0
1.85609	0.0431121	-0.0358422	-1.59882	0.288731	0.943591	2.02179	0.244226	0.124131	0.190334	0.749441	0.237538	0	0	0.516121	0.0553574	-0.0949135	0.380499	-0.178093	0	0	-0.346266	-0.0205413	0.195862	0.183873	-0.31136	-0.228982	1.05732	1.5708	0	0	0.0825389	-0.153358	0.291199	0.470339	1.5708	0	0
1.86008	0.0427212	-0.034758	-1.60063	0.288898	0.94292	2.0264	0.241409	0.124645	0.1912	0.75261	0.241119	0	0	0.514255	0.059044	-0.0865745	0.348876	-0.176558	0	0	-0.345947	-0.02085	0.198895	0.187757	-0.315395	-0.22545	1.06449	1.5708	0	0	0.0807921	-0.151852	0.289259	0.46768	1.5708	0	0
1.86408	0.04229	-0.033697	-1.60244	0.289067	0.942242	2.031	0.238561	0.125185	0.192023	0.755785	0.244646	0	0	0.512317	0.0626013	-0.0780788	0.317361	-0.17479	0	0	-0.345638	-0.0211101	0.201912	0.191592	-0.319418	-0.221939	1.07166	1.5708	0	0	0.0790123	-0.150353	0.287249	0.465121	1.5708	0	0
1.86807	0.041825	-0.0326565	-1.60424	0.289238	0.941558	2.03562	0.235686	0.125746	0.192809	0.758966	0.248129	0	0	0.510325	0.0660458	-0.0694521	0.285962	-0.172819	0	0	-0.345339	-0.0213297	0.204918	0.195387	-0.323433	-0.218447	1.07882	1.5708	0	0	0.0772043	-0.148859	0.285179	0.462648	1.5708	0	0
1.87206	0.0413327	-0.0316336	-1.60604	0.289411	0.940868	2.04023	0.232786	0.126324	0.193566	0.762151	0.251574	0	0	0.508294	0.0693946	-0.0607197	0.254679	-0.170676	0	0	-0.345049	-0.0215167	0.207913	0.199147	-0.32744	-0.21497	1.08598	1.5708	0	0	0.0753725	-0.147369	0.283059	0.460249	1.5708	0	0
1.87605	0.040819	-0.0306252	-1.60784	0.289585	0.940175	2.04485	0.229868	0.126916	0.194301	0.765341	0.254989	0	0	0.506238	0.0726651	-0.0519067	0.223507	-0.168393	0	0	-0.344766	-0.0216783	0.210902	0.202879	-0.331442	-0.211504	1.09313	1.5708	0	0	0.0735218	-0.145883	0.280898	0.457908	1.5708	0	0
1.88004	0.0402894	-0.0296281	-1.60964	0.28976	0.939478	2.04948	0.226935	0.127517	0.19502	0.768534	0.258381	0	0	0.504167	0.0758748	-0.0430359	0.192434	-0.166	0	0	-0.344489	-0.0218213	0.213886	0.206591	-0.335439	-0.208047	1.10027	1.5708	0	0	0.0716565	-0.1444	0.278706	0.455613	1.5708	0	0
1.88403	0.0397488	-0.0286391	-1.61144	0.289935	0.93878	2.0541	0.223991	0.128125	0.195728	0.77173	0.261758	0	0	0.502091	0.0790404	-0.0341273	0.16144	-0.163529	0	0	-0.344216	-0.0219514	0.216866	0.210287	-0.339432	-0.204595	1.10742	1.5708	0	0	0.0697809	-0.142919	0.276493	0.453351	1.5708	0	0
1.88803	0.0392014	-0.0276552	-1.61324	0.290111	0.938081	2.05872	0.221041	0.128738	0.196429	0.774929	0.265123	0	0	0.500013	0.0821775	-0.0251966	0.130504	-0.161006	0	0	-0.343947	-0.0220735	0.219844	0.213974	-0.343423	-0.201147	1.11456	1.5708	0	0	0.0678988	-0.141439	0.274266	0.451109	1.5708	0	0
1.89202	0.0386504	-0.0266741	-1.61504	0.290287	0.937381	2.06335	0.218087	0.129352	0.197128	0.778128	0.268484	0	0	0.497935	0.0852991	-0.0162556	0.0996007	-0.158456	0	0	-0.343679	-0.0221916	0.222821	0.217657	-0.347413	-0.197701	1.1217	1.5708	0	0	0.0660132	-0.13996	0.272031	0.448878	1.5708	0	0
1.89601	0.0380982	-0.025694	-1.61685	0.290463	0.93668	2.06797	0.215131	0.129967	0.197825	0.781328	0.271842	0	0	0.495858	0.0884153	-0.0073113	0.0687106	-0.155896	0	0	-0.343411	-0.0223082	0.225797	0.221337	-0.351402	-0.194256	1.12883	1.5708	0	0	0.0641264	-0.138481	0.269794	0.446651	1.5708	0	0
