Coordinates
version=1
nRows=485
nColumns=38
inDegrees=no

Units are S.I. units (second, meters, Newtons, ...)
If the header above contains a line with 'inDegrees', this indicates whether rotational values are in degrees (yes) or radians (no).

endheader
time	pelvis_tilt	pelvis_list	pelvis_rotation	pelvis_tx	pelvis_ty	pelvis_tz	hip_flexion_r	hip_adduction_r	hip_rotation_r	knee_angle_r	ankle_angle_r	subtalar_angle_r	mtp_angle_r	hip_flexion_l	hip_adduction_l	hip_rotation_l	knee_angle_l	ankle_angle_l	subtalar_angle_l	mtp_angle_l	lumbar_extension	lumbar_bending	lumbar_rotation	arm_flex_r	arm_add_r	arm_rot_r	elbow_flex_r	pro_sup_r	wrist_flex_r	wrist_dev_r	arm_flex_l	arm_add_l	arm_rot_l	elbow_flex_l	pro_sup_l	wrist_flex_l	wrist_dev_l
0	-0.00689243	-0.10591	-1.55828	0.302583	0.943144	-0.371982	-0.0782913	0.142186	0.0847914	0.8431	-0.592064	0	0	0.305879	0.00210093	-0.179756	0.233204	-0.562137	0	0	-0.40746	0.00610155	0.140904	0.0874375	-0.205043	-0.362545	1.12527	1.57079	0	0	0.0924491	-0.149618	0.223117	0.440665	1.57079	0	0
0.00399175	-0.00650697	-0.104755	-1.55938	0.302872	0.943711	-0.367213	-0.0653921	0.138883	0.0811199	0.85997	-0.598358	0	0	0.312177	-5.67027e-05	-0.182145	0.254594	-0.538561	0	0	-0.406639	0.0054446	0.13945	0.0850874	-0.202592	-0.360695	1.11928	1.57079	0	0	0.0935621	-0.15181	0.223378	0.446012	1.57079	0	0
0.00798351	-0.00612316	-0.103601	-1.56047	0.303161	0.944277	-0.362443	-0.0524919	0.13558	0.0774438	0.876832	-0.604624	0	0	0.318475	-0.00221598	-0.184532	0.275986	-0.514974	0	0	-0.405821	0.00479002	0.137995	0.0827368	-0.200141	-0.358846	1.11329	1.57079	0	0	0.0946786	-0.154003	0.223643	0.451359	1.57079	0	0
0.0119753	-0.00574413	-0.10245	-1.56156	0.30345	0.944844	-0.357675	-0.0395899	0.132277	0.0737552	0.89367	-0.610811	0	0	0.324771	-0.00437951	-0.186909	0.297381	-0.49136	0	0	-0.405007	0.0041424	0.136539	0.0803861	-0.197694	-0.356999	1.10729	1.57079	0	0	0.0958034	-0.1562	0.223916	0.456704	1.57079	0	0
0.015967	-0.00537424	-0.101307	-1.56264	0.303739	0.94541	-0.352906	-0.0266866	0.128976	0.0700438	0.910459	-0.616849	0	0	0.331062	-0.00655006	-0.189268	0.318775	-0.467703	0	0	-0.404204	0.00350823	0.135077	0.0780364	-0.19525	-0.355152	1.10129	1.57079	0	0	0.0969428	-0.158402	0.224203	0.462045	1.57079	0	0
0.0199588	-0.0050188	-0.100177	-1.5637	0.304028	0.945977	-0.34814	-0.0137838	0.125678	0.0662978	0.927167	-0.622651	0	0	0.337335	-0.00872985	-0.191597	0.340154	-0.443994	0	0	-0.403418	0.00289545	0.133604	0.0756896	-0.192813	-0.353306	1.09526	1.57079	0	0	0.0981038	-0.160614	0.224509	0.467382	1.57079	0	0
0.0239505	-0.00468379	-0.0990655	-1.56472	0.304316	0.946544	-0.343374	-0.000885183	0.122386	0.0625045	0.943756	-0.628122	0	0	0.343571	-0.0109198	-0.193879	0.361489	-0.420236	0	0	-0.402655	0.00231299	0.132114	0.073348	-0.190385	-0.351458	1.08922	1.57079	0	0	0.0992938	-0.162837	0.224841	0.472713	1.57079	0	0
0.0279423	-0.00437549	-0.0979784	-1.56571	0.304605	0.94711	-0.338611	0.0120044	0.119104	0.0586517	0.960183	-0.633159	0	0	0.349745	-0.0131187	-0.196098	0.382737	-0.396445	0	0	-0.401923	0.00177034	0.130603	0.0710138	-0.187968	-0.349609	1.08313	1.57079	0	0	0.100521	-0.165077	0.225203	0.478037	1.57079	0	0
0.031934	-0.00410016	-0.0969222	-1.56666	0.304893	0.947676	-0.33385	0.0248788	0.115835	0.0547283	0.976399	-0.637659	0	0	0.355819	-0.0153229	-0.198234	0.403837	-0.372661	0	0	-0.401231	0.001277	0.129064	0.0686891	-0.185564	-0.34776	1.07701	1.57079	0	0	0.101795	-0.167334	0.225601	0.483349	1.57079	0	0
0.0359258	-0.00386369	-0.0959028	-1.56755	0.30518	0.948242	-0.329093	0.0377315	0.112583	0.0507253	0.992355	-0.641519	0	0	0.361748	-0.0175254	-0.200265	0.424706	-0.348944	0	0	-0.400586	0.000842068	0.127496	0.0663756	-0.183176	-0.345914	1.07083	1.57079	0	0	0.103125	-0.169611	0.226041	0.488647	1.57079	0	0
0.0399175	-0.00367144	-0.0949252	-1.56838	0.305468	0.948808	-0.32434	0.0505559	0.109352	0.0466365	1.008	-0.644645	0	0	0.367476	-0.0197157	-0.202168	0.445238	-0.325383	0	0	-0.399994	0.000473792	0.125896	0.0640742	-0.180807	-0.344072	1.0646	1.57079	0	0	0.104522	-0.171908	0.226528	0.493924	1.57079	0	0
0.0439093	-0.00352793	-0.0939936	-1.56915	0.305755	0.949372	-0.319592	0.0633466	0.106149	0.0424588	1.02328	-0.646949	0	0	0.372936	-0.0218794	-0.203923	0.465306	-0.302096	0	0	-0.399462	0.000179323	0.124267	0.0617855	-0.17846	-0.342242	1.05832	1.57079	0	0	0.105995	-0.174227	0.227069	0.499175	1.57079	0	0
0.047901	-0.00343656	-0.09311	-1.56986	0.306041	0.949936	-0.314849	0.0760996	0.102977	0.0381926	1.03814	-0.648359	0	0	0.378053	-0.0239981	-0.205507	0.484762	-0.27923	0	0	-0.398994	-3.56814e-05	0.122611	0.0595094	-0.176138	-0.340429	1.05196	1.57079	0	0	0.107558	-0.176566	0.227668	0.504389	1.57079	0	0
0.0518928	-0.00340012	-0.0922751	-1.5705	0.306327	0.950498	-0.310112	0.0888124	0.0998429	0.0338412	1.05254	-0.648821	0	0	0.382768	-0.0260568	-0.206905	0.503479	-0.256912	0	0	-0.398594	-0.000166576	0.120933	0.0572459	-0.173844	-0.338642	1.04555	1.57079	0	0	0.109222	-0.178924	0.22833	0.50956	1.57079	0	0
0.0558845	-0.00342068	-0.0914875	-1.57108	0.306612	0.951058	-0.305382	0.101484	0.0967518	0.0294116	1.06643	-0.648296	0	0	0.38703	-0.0280431	-0.208108	0.521355	-0.23525	0	0	-0.398264	-0.000209945	0.119244	0.0549943	-0.171581	-0.336893	1.03906	1.57079	0	0	0.111	-0.181297	0.229059	0.514676	1.57079	0	0
0.0598763	-0.00349957	-0.0907447	-1.5716	0.306896	0.951616	-0.300659	0.114113	0.0937102	0.0249146	1.07977	-0.646765	0	0	0.390807	-0.029948	-0.209112	0.538311	-0.214335	0	0	-0.398003	-0.000163587	0.117552	0.0527529	-0.169352	-0.335191	1.03251	1.57079	0	0	0.112904	-0.183681	0.229856	0.519729	1.57079	0	0
0.063868	-0.00363754	-0.0900431	-1.57206	0.30718	0.952171	-0.295944	0.126699	0.0907262	0.0203642	1.09251	-0.644226	0	0	0.394071	-0.0317648	-0.209916	0.554285	-0.194239	0	0	-0.397811	-2.62685e-05	0.115872	0.0505189	-0.16716	-0.33355	1.02589	1.57079	0	0	0.114945	-0.186071	0.230724	0.524709	1.57079	0	0
0.0678598	-0.00383475	-0.0893791	-1.57248	0.307463	0.952722	-0.291238	0.139238	0.0878094	0.015777	1.10462	-0.640691	0	0	0.396809	-0.0334889	-0.210527	0.569238	-0.175017	0	0	-0.397686	0.000202315	0.114214	0.0482881	-0.165008	-0.331983	1.01921	1.57079	0	0	0.117131	-0.188463	0.231663	0.52961	1.57079	0	0
0.0718515	-0.00409082	-0.0887487	-1.57285	0.307744	0.953269	-0.28654	0.151724	0.0849709	0.0111724	1.11604	-0.636188	0	0	0.399013	-0.0351179	-0.21095	0.583144	-0.156709	0	0	-0.397626	0.000521552	0.11259	0.046055	-0.162896	-0.330505	1.01248	1.57079	0	0	0.119472	-0.190851	0.232671	0.534426	1.57079	0	0
0.0758433	-0.00440483	-0.0881481	-1.57318	0.308025	0.95381	-0.281852	0.164152	0.0822232	0.00657206	1.12675	-0.630757	0	0	0.400684	-0.0366512	-0.211196	0.595997	-0.13934	0	0	-0.397626	0.000929905	0.111014	0.0438136	-0.160825	-0.32913	1.0057	1.57079	0	0	0.121975	-0.193229	0.233746	0.539152	1.57079	0	0
0.0798351	-0.0047753	-0.0875733	-1.57348	0.308305	0.954345	-0.277173	0.176511	0.0795801	0.00199972	1.13672	-0.624451	0	0	0.401829	-0.0380895	-0.211277	0.607803	-0.122922	0	0	-0.397685	0.00142499	0.109498	0.0415574	-0.158798	-0.327872	0.998871	1.57079	0	0	0.124642	-0.195594	0.234884	0.543786	1.5708	0	0
0.0838268	-0.0052003	-0.0870202	-1.57375	0.308583	0.954873	-0.272505	0.188792	0.0770568	-0.00251878	1.1459	-0.617328	0	0	0.402461	-0.039435	-0.211207	0.618578	-0.107453	0	0	-0.397797	0.00200366	0.108051	0.0392801	-0.156813	-0.326745	0.99201	1.57079	0	0	0.127479	-0.197938	0.236083	0.548326	1.5708	0	0
0.0878186	-0.0056774	-0.0864848	-1.574	0.30886	0.955393	-0.267846	0.200985	0.0746691	-0.00695586	1.15427	-0.609455	0	0	0.402597	-0.040691	-0.211	0.628352	-0.0929222	0	0	-0.397957	0.00266201	0.106686	0.0369749	-0.154872	-0.325762	0.985121	1.57079	0	0	0.130486	-0.200257	0.237336	0.55277	1.5708	0	0
0.0918103	-0.00620382	-0.085963	-1.57423	0.309136	0.955903	-0.263198	0.213077	0.0724339	-0.0112827	1.16181	-0.600902	0	0	0.402261	-0.0418616	-0.210673	0.637161	-0.0793085	0	0	-0.398161	0.00339549	0.105413	0.0346357	-0.152973	-0.324936	0.978212	1.57079	0	0	0.133662	-0.202546	0.238639	0.557119	1.5708	0	0
0.0958021	-0.00677662	-0.0854513	-1.57445	0.30941	0.956403	-0.25856	0.225058	0.0703686	-0.01547	1.16848	-0.591741	0	0	0.401476	-0.0429518	-0.210241	0.64505	-0.0665824	0	0	-0.398403	0.00419929	0.104239	0.0322558	-0.151116	-0.324277	0.971291	1.57079	0	0	0.137007	-0.2048	0.239985	0.561376	1.5708	0	0
0.0997938	-0.00739277	-0.0849463	-1.57467	0.309682	0.956891	-0.253932	0.236915	0.068491	-0.0194889	1.17427	-0.582047	0	0	0.400271	-0.0439672	-0.209722	0.652068	-0.0547075	0	0	-0.398678	0.00506848	0.103172	0.0298293	-0.1493	-0.323795	0.964367	1.5708	0	0	0.140514	-0.207016	0.241368	0.565543	1.5708	0	0
0.103786	-0.00804926	-0.0844458	-1.57488	0.309953	0.957366	-0.249315	0.248633	0.066819	-0.0233113	1.17916	-0.571893	0	0	0.398673	-0.0449135	-0.20913	0.658273	-0.0436417	0	0	-0.39898	0.00599818	0.102215	0.0273503	-0.147523	-0.323499	0.957448	1.5708	0	0	0.144179	-0.20919	0.242782	0.569626	1.5708	0	0
0.107777	-0.00874312	-0.0839478	-1.57509	0.310222	0.957827	-0.244708	0.2602	0.06537	-0.0269106	1.18314	-0.561351	0	0	0.396714	-0.0457971	-0.208479	0.663722	-0.0333385	0	0	-0.399306	0.00698354	0.101372	0.0248143	-0.145785	-0.323395	0.95054	1.5708	0	0	0.147993	-0.211319	0.24422	0.57363	1.5708	0	0
0.111769	-0.00947151	-0.0834512	-1.5753	0.310488	0.958272	-0.24011	0.271601	0.0641601	-0.0302624	1.18619	-0.55049	0	0	0.394423	-0.0466244	-0.207781	0.668477	-0.0237476	0	0	-0.39965	0.00801995	0.100644	0.0222176	-0.144083	-0.32349	0.943651	1.5708	0	0	0.151947	-0.213404	0.245678	0.577563	1.5708	0	0
0.115761	-0.0102318	-0.0829548	-1.57552	0.310753	0.9587	-0.235523	0.282821	0.0632044	-0.0333446	1.1883	-0.539378	0	0	0.391831	-0.0474018	-0.207049	0.672602	-0.0148169	0	0	-0.40001	0.00910318	0.100029	0.0195576	-0.142415	-0.323787	0.936789	1.5708	0	0	0.156031	-0.21544	0.247148	0.581431	1.5708	0	0
0.119753	-0.0110214	-0.0824578	-1.57573	0.311015	0.95911	-0.230944	0.293847	0.062516	-0.0361381	1.18947	-0.528081	0	0	0.388968	-0.048136	-0.206293	0.676159	-0.00649278	0	0	-0.40038	0.0102293	0.099525	0.0168324	-0.140782	-0.324287	0.929958	1.5708	0	0	0.160233	-0.217429	0.248625	0.58524	1.5708	0	0
0.123744	-0.0118381	-0.0819593	-1.57595	0.311275	0.9595	-0.226374	0.304667	0.0621061	-0.0386266	1.18968	-0.51666	0	0	0.385866	-0.0488335	-0.205521	0.679211	0.00127887	0	0	-0.400757	0.0113947	0.0991295	0.0140414	-0.13918	-0.324991	0.923166	1.5708	0	0	0.164544	-0.219367	0.250099	0.588996	1.5708	0	0
0.127736	-0.0126794	-0.081459	-1.57618	0.311532	0.959868	-0.221813	0.315265	0.0619829	-0.0407977	1.18893	-0.505176	0	0	0.382554	-0.0495004	-0.204742	0.681821	0.00855181	0	0	-0.401137	0.0125956	0.0988381	0.0111846	-0.137609	-0.3259	0.916417	1.5708	0	0	0.16895	-0.221255	0.251563	0.592708	1.5708	0	0
0.131728	-0.013543	-0.0809565	-1.57641	0.311786	0.960214	-0.21726	0.325632	0.0621519	-0.0426422	1.18722	-0.493684	0	0	0.37906	-0.0501428	-0.203961	0.684048	0.0153789	0	0	-0.401518	0.0138283	0.0986452	0.00826318	-0.136068	-0.32701	0.909716	1.5708	0	0	0.173441	-0.223091	0.253007	0.596382	1.5708	0	0
0.13572	-0.0144265	-0.0804513	-1.57664	0.312038	0.960536	-0.212714	0.335753	0.0626158	-0.0441557	1.18454	-0.482239	0	0	0.375413	-0.0507664	-0.203186	0.68595	0.0218115	0	0	-0.401896	0.0150896	0.0985436	0.00527959	-0.134554	-0.328319	0.903068	1.5708	0	0	0.178004	-0.224876	0.254423	0.600024	1.5708	0	0
0.139711	-0.0153281	-0.079943	-1.57688	0.312286	0.960833	-0.208175	0.345619	0.0633741	-0.0453385	1.18089	-0.470892	0	0	0.371639	-0.0513767	-0.202418	0.687583	0.0278985	0	0	-0.40227	0.0163763	0.0985238	0.00223794	-0.133065	-0.329823	0.896477	1.5708	0	0	0.182629	-0.22661	0.255801	0.603643	1.5708	0	0
0.143703	-0.0162458	-0.0794305	-1.57712	0.31253	0.961103	-0.203642	0.355218	0.0644227	-0.0461957	1.17628	-0.459689	0	0	0.367765	-0.0519784	-0.201662	0.688997	0.0336866	0	0	-0.402638	0.017686	0.0985743	-0.000856264	-0.1316	-0.331514	0.889945	1.5708	0	0	0.187305	-0.228296	0.257134	0.607245	1.5708	0	0
0.147695	-0.0171779	-0.0789131	-1.57735	0.312771	0.961345	-0.199115	0.364542	0.0657543	-0.0467374	1.1707	-0.448675	0	0	0.363816	-0.0525761	-0.200917	0.690241	0.0392195	0	0	-0.402998	0.0190161	0.0986822	-0.00399637	-0.130155	-0.333387	0.883474	1.5708	0	0	0.192022	-0.229937	0.258415	0.610835	1.5708	0	0
0.151687	-0.0181226	-0.0783896	-1.57757	0.313008	0.961557	-0.194594	0.373581	0.0673577	-0.0469776	1.16415	-0.437891	0	0	0.359815	-0.0531733	-0.200183	0.691362	0.0445382	0	0	-0.403348	0.0203645	0.0988338	-0.00717485	-0.128728	-0.335433	0.877065	1.5708	0	0	0.19677	-0.231536	0.259638	0.61442	1.5708	0	0
0.155678	-0.019078	-0.0778594	-1.57778	0.313242	0.96174	-0.190076	0.382326	0.0692183	-0.0469341	1.15664	-0.427373	0	0	0.355783	-0.053773	-0.199458	0.6924	0.0496807	0	0	-0.403688	0.0217289	0.0990149	-0.0103837	-0.127317	-0.337643	0.870719	1.5708	0	0	0.20154	-0.233096	0.260797	0.618006	1.5708	0	0
0.15967	-0.0200422	-0.0773221	-1.57797	0.313471	0.961891	-0.185563	0.390768	0.0713183	-0.0466274	1.14815	-0.417153	0	0	0.351741	-0.0543774	-0.198741	0.693393	0.0546826	0	0	-0.404017	0.023107	0.0992113	-0.0136147	-0.125919	-0.340007	0.864438	1.5708	0	0	0.206323	-0.234623	0.261886	0.621596	1.5708	0	0
0.163662	-0.0210129	-0.0767778	-1.57814	0.313695	0.96201	-0.181053	0.398898	0.0736371	-0.0460799	1.13871	-0.40726	0	0	0.347705	-0.054988	-0.198029	0.694376	0.0595765	0	0	-0.404335	0.0244963	0.0994089	-0.0168597	-0.124532	-0.342514	0.858221	1.5708	0	0	0.21111	-0.236119	0.262901	0.625197	1.5708	0	0
0.167654	-0.0219878	-0.0762276	-1.57828	0.313915	0.962096	-0.176545	0.406705	0.0761517	-0.0453158	1.12831	-0.397717	0	0	0.343688	-0.0556058	-0.197319	0.695379	0.0643925	0	0	-0.404643	0.0258947	0.099593	-0.020111	-0.123154	-0.345154	0.852071	1.5708	0	0	0.215892	-0.237591	0.263838	0.628811	1.5708	0	0
0.171645	-0.0229643	-0.0756737	-1.57839	0.314131	0.962147	-0.172038	0.41418	0.0788378	-0.0443599	1.11694	-0.388543	0	0	0.339703	-0.0562311	-0.196608	0.696431	0.0691583	0	0	-0.404941	0.0272999	0.0997482	-0.0233615	-0.121783	-0.347914	0.845989	1.5708	0	0	0.22066	-0.239043	0.264695	0.632443	1.5708	0	0
0.175637	-0.02394	-0.0751188	-1.57846	0.314341	0.962164	-0.167533	0.421309	0.0816693	-0.0432375	1.10463	-0.379752	0	0	0.335757	-0.0568637	-0.195893	0.697556	0.0738987	0	0	-0.405231	0.0287102	0.0998587	-0.0266053	-0.120417	-0.350784	0.839978	1.5708	0	0	0.225404	-0.24048	0.265467	0.636097	1.5708	0	0
0.179629	-0.0249122	-0.0745663	-1.57849	0.314546	0.962145	-0.163027	0.42808	0.0846191	-0.0419735	1.09136	-0.371354	0	0	0.331858	-0.0575029	-0.195168	0.698777	0.0786359	0	0	-0.405516	0.0301238	0.0999097	-0.0298377	-0.119054	-0.353752	0.834043	1.5708	0	0	0.230116	-0.241907	0.266153	0.639777	1.5708	0	0
0.183621	-0.0258783	-0.0740202	-1.57847	0.314746	0.96209	-0.15852	0.434482	0.08766	-0.0405912	1.07714	-0.363356	0	0	0.328009	-0.0581477	-0.19443	0.700111	0.0833898	0	0	-0.405799	0.031539	0.0998873	-0.0330548	-0.117691	-0.356808	0.82819	1.5708	0	0	0.234785	-0.243331	0.266751	0.643487	1.5708	0	0
0.187612	-0.0268352	-0.0734844	-1.57839	0.31494	0.961998	-0.154012	0.440502	0.0907647	-0.0391118	1.06199	-0.35576	0	0	0.324213	-0.0587963	-0.193674	0.701575	0.0881778	0	0	-0.406083	0.0329537	0.0997783	-0.036253	-0.116328	-0.359942	0.822421	1.5708	0	0	0.239402	-0.244755	0.267261	0.64723	1.5708	0	0
0.191604	-0.0277798	-0.0729627	-1.57827	0.315129	0.961869	-0.1495	0.446128	0.0939063	-0.0375534	1.04589	-0.348563	0	0	0.320471	-0.0594468	-0.192897	0.703183	0.0930153	0	0	-0.406369	0.0343652	0.0995703	-0.0394289	-0.114962	-0.363143	0.81674	1.5708	0	0	0.243959	-0.246185	0.267683	0.651008	1.5708	0	0
0.195596	-0.0287085	-0.0724585	-1.57808	0.315312	0.961702	-0.144985	0.451351	0.0970586	-0.0359309	1.02887	-0.341759	0	0	0.316784	-0.0600965	-0.192095	0.704946	0.0979153	0	0	-0.40666	0.0357708	0.0992521	-0.0425793	-0.113592	-0.366401	0.811149	1.5708	0	0	0.248446	-0.247626	0.268017	0.654823	1.5708	0	0
0.199588	-0.0296174	-0.0719754	-1.57784	0.31549	0.961498	-0.140465	0.456161	0.100197	-0.0342555	1.01093	-0.33534	0	0	0.31315	-0.0607422	-0.191265	0.70687	0.102889	0	0	-0.406958	0.0371669	0.0988132	-0.0457012	-0.112218	-0.369708	0.80565	1.5708	0	0	0.252856	-0.249084	0.268265	0.658679	1.5708	0	0
0.203579	-0.0305025	-0.0715166	-1.57753	0.315661	0.961257	-0.13594	0.46055	0.103296	-0.0325341	0.99207	-0.329293	0	0	0.309568	-0.0613804	-0.190405	0.708964	0.107946	0	0	-0.407264	0.0385495	0.0982449	-0.0487924	-0.110838	-0.373053	0.800246	1.5708	0	0	0.257178	-0.250564	0.268429	0.662579	1.5708	0	0
0.207571	-0.0313593	-0.0710852	-1.57716	0.315827	0.960977	-0.131407	0.464511	0.106335	-0.0307699	0.972315	-0.323602	0	0	0.306034	-0.0620071	-0.189514	0.711229	0.113092	0	0	-0.407579	0.0399142	0.0975398	-0.0518509	-0.109451	-0.376427	0.794939	1.5708	0	0	0.261406	-0.25207	0.268512	0.666524	1.5708	0	0
0.211563	-0.0321834	-0.070684	-1.57672	0.315986	0.960661	-0.126867	0.468037	0.109292	-0.0289612	0.951675	-0.318249	0	0	0.302543	-0.0626185	-0.188592	0.713667	0.118333	0	0	-0.407906	0.0412563	0.0966919	-0.0548755	-0.108058	-0.379823	0.789729	1.5708	0	0	0.265529	-0.253607	0.268517	0.670518	1.5708	0	0
0.215555	-0.0329704	-0.0703158	-1.57623	0.31614	0.960307	-0.122318	0.471124	0.112149	-0.0271014	0.930166	-0.313212	0	0	0.299091	-0.0632105	-0.187638	0.716279	0.123671	0	0	-0.408243	0.0425711	0.0956971	-0.0578659	-0.106657	-0.383235	0.784621	1.5708	0	0	0.269542	-0.255179	0.268448	0.674563	1.5708	0	0
0.219546	-0.0337159	-0.0699829	-1.57567	0.316287	0.959916	-0.117758	0.473768	0.11489	-0.0251792	0.907807	-0.308467	0	0	0.295673	-0.0637792	-0.186654	0.719063	0.129106	0	0	-0.408594	0.0438537	0.094553	-0.0608223	-0.105248	-0.386656	0.779615	1.5708	0	0	0.273436	-0.25679	0.268308	0.67866	1.5708	0	0
0.223538	-0.0344157	-0.0696873	-1.57506	0.316429	0.959488	-0.113188	0.475967	0.117502	-0.0231779	0.884622	-0.303986	0	0	0.292281	-0.0643209	-0.185642	0.722015	0.134636	0	0	-0.408956	0.0450995	0.0932584	-0.0637455	-0.103832	-0.390082	0.774716	1.5708	0	0	0.277206	-0.258441	0.268101	0.682808	1.5708	0	0
0.22753	-0.0350655	-0.0694307	-1.57439	0.316564	0.959025	-0.108606	0.477722	0.119972	-0.0210761	0.860638	-0.299739	0	0	0.288909	-0.064832	-0.184605	0.72513	0.140259	0	0	-0.409329	0.0463039	0.0918133	-0.0666367	-0.102409	-0.393509	0.769924	1.5708	0	0	0.280844	-0.260134	0.267829	0.687005	1.5708	0	0
0.231522	-0.0356614	-0.0692143	-1.57367	0.316694	0.958527	-0.10401	0.479036	0.122292	-0.018847	0.835887	-0.295696	0	0	0.28555	-0.0653089	-0.183547	0.728403	0.145968	0	0	-0.409713	0.0474629	0.0902185	-0.0694976	-0.10098	-0.396932	0.765243	1.5708	0	0	0.284346	-0.261869	0.267495	0.691248	1.5708	0	0
0.235513	-0.0361994	-0.0690389	-1.57291	0.316818	0.957994	-0.0994	0.479913	0.124456	-0.0164592	0.810405	-0.291821	0	0	0.282199	-0.0657484	-0.182471	0.731827	0.151758	0	0	-0.410107	0.0485726	0.0884758	-0.0723303	-0.0995462	-0.400348	0.760674	1.5708	0	0	0.287709	-0.263645	0.267102	0.69553	1.5708	0	0
0.239505	-0.0366759	-0.0689051	-1.5721	0.316936	0.957428	-0.0947746	0.480359	0.12646	-0.0138771	0.784233	-0.288078	0	0	0.278847	-0.0661473	-0.18138	0.735395	0.157619	0	0	-0.410507	0.0496294	0.086588	-0.0751375	-0.0981079	-0.403757	0.756221	1.5708	0	0	0.290928	-0.265461	0.266652	0.699847	1.5708	0	0
0.243497	-0.0370875	-0.068813	-1.57125	0.317049	0.956829	-0.0901328	0.480385	0.128299	-0.0110629	0.757418	-0.284431	0	0	0.275489	-0.0665026	-0.180278	0.739098	0.163543	0	0	-0.410914	0.0506304	0.0845585	-0.077922	-0.0966666	-0.407156	0.751887	1.5708	0	0	0.294002	-0.267316	0.266149	0.704191	1.5708	0	0
0.247489	-0.0374313	-0.0687621	-1.57037	0.317156	0.956198	-0.0854735	0.480004	0.129974	-0.0079774	0.730013	-0.280838	0	0	0.272118	-0.0668116	-0.179168	0.742926	0.169517	0	0	-0.411324	0.0515732	0.0823906	-0.0806864	-0.0952234	-0.410547	0.747672	1.5708	0	0	0.29693	-0.269206	0.265596	0.708555	1.5708	0	0
0.25148	-0.037705	-0.0687507	-1.56944	0.317258	0.955537	-0.0807957	0.479233	0.131483	-0.00458204	0.702076	-0.27726	0	0	0.268729	-0.0670717	-0.178051	0.746869	0.175526	0	0	-0.411733	0.0524563	0.080087	-0.0834327	-0.0937793	-0.413931	0.743578	1.5708	0	0	0.299711	-0.271127	0.264998	0.712928	1.5708	0	0
0.255472	-0.0379067	-0.0687764	-1.56848	0.317354	0.954847	-0.0760984	0.478094	0.132825	-0.000839622	0.673673	-0.273656	0	0	0.265319	-0.0672807	-0.176927	0.750916	0.181557	0	0	-0.41214	0.0532791	0.0776501	-0.0861626	-0.0923354	-0.417309	0.739605	1.5708	0	0	0.302347	-0.273078	0.264357	0.717303	1.5708	0	0
0.259464	-0.0380355	-0.0688364	-1.56748	0.317446	0.95413	-0.0713805	0.476612	0.134	0.00328461	0.644873	-0.269985	0	0	0.261885	-0.0674367	-0.175794	0.755057	0.187591	0	0	-0.412538	0.054042	0.0750825	-0.0888782	-0.0908929	-0.420685	0.735753	1.5708	0	0	0.30484	-0.275052	0.263678	0.721667	1.5708	0	0
0.263456	-0.0380909	-0.0689279	-1.56643	0.317532	0.953386	-0.0666411	0.474812	0.135009	0.00782229	0.615756	-0.266204	0	0	0.258423	-0.0675384	-0.17465	0.759279	0.19361	0	0	-0.412925	0.0547462	0.0723869	-0.0915816	-0.0894529	-0.424061	0.732025	1.5708	0	0	0.30719	-0.277047	0.262966	0.726012	1.5708	0	0
0.267447	-0.0380733	-0.0690486	-1.56533	0.317614	0.952618	-0.0618792	0.472725	0.135852	0.012801	0.586406	-0.262273	0	0	0.254929	-0.0675848	-0.173491	0.76357	0.199595	0	0	-0.413297	0.0553936	0.0695661	-0.0942747	-0.0880163	-0.427441	0.728419	1.5708	0	0	0.309399	-0.279057	0.262226	0.730327	1.5708	0	0
0.271439	-0.0379837	-0.0691964	-1.56419	0.317692	0.951827	-0.0570938	0.470383	0.136529	0.0182434	0.556916	-0.25815	0	0	0.251401	-0.0675756	-0.172312	0.767919	0.205526	0	0	-0.413651	0.0559868	0.066623	-0.0969598	-0.0865842	-0.430828	0.724935	1.5708	0	0	0.31147	-0.281078	0.26146	0.734603	1.5708	0	0
0.275431	-0.0378236	-0.0693701	-1.56299	0.317765	0.951014	-0.052284	0.46782	0.137042	0.0241668	0.527383	-0.253795	0	0	0.247834	-0.0675109	-0.171108	0.772314	0.211382	0	0	-0.413984	0.056529	0.0635602	-0.0996388	-0.0851572	-0.434225	0.721574	1.5708	0	0	0.313404	-0.283107	0.260674	0.738831	1.5708	0	0
0.279423	-0.0375956	-0.069569	-1.56174	0.317834	0.950182	-0.0474487	0.465072	0.137392	0.030582	0.497914	-0.249172	0	0	0.244222	-0.067392	-0.169869	0.776744	0.21714	0	0	-0.414294	0.0570242	0.0603801	-0.102314	-0.0837358	-0.437636	0.718336	1.5708	0	0	0.315201	-0.285138	0.259873	0.743006	1.5708	0	0
0.283414	-0.0373026	-0.0697935	-1.56042	0.317898	0.949333	-0.0425871	0.462176	0.137579	0.037493	0.46862	-0.244245	0	0	0.24056	-0.0672204	-0.16859	0.781197	0.22278	0	0	-0.414582	0.0574765	0.0570859	-0.104987	-0.0823205	-0.441062	0.715218	1.5708	0	0	0.31686	-0.287168	0.259058	0.747122	1.5708	0	0
0.287406	-0.0369481	-0.0700442	-1.55904	0.317959	0.948468	-0.0376982	0.45917	0.137607	0.0448961	0.439617	-0.238986	0	0	0.236843	-0.0669982	-0.167261	0.785663	0.228279	0	0	-0.414847	0.0578904	0.0536815	-0.107659	-0.0809119	-0.444507	0.71222	1.5708	0	0	0.318383	-0.289193	0.258235	0.751175	1.5708	0	0
0.291398	-0.0365361	-0.0703224	-1.55758	0.318015	0.947589	-0.032781	0.456093	0.137479	0.0527793	0.411024	-0.23337	0	0	0.233064	-0.0667282	-0.165874	0.790131	0.233616	0	0	-0.415089	0.0582707	0.0501715	-0.110333	-0.0795107	-0.447971	0.709341	1.5708	0	0	0.319766	-0.291209	0.257407	0.755163	1.5708	0	0
0.29539	-0.0360711	-0.070629	-1.55605	0.318068	0.946699	-0.0278347	0.452986	0.137198	0.0611223	0.382962	-0.227381	0	0	0.229219	-0.0664139	-0.16442	0.794592	0.238769	0	0	-0.415309	0.0586225	0.0465619	-0.113008	-0.078118	-0.451456	0.706577	1.5708	0	0	0.321011	-0.293212	0.256577	0.759083	1.5708	0	0
0.299381	-0.0355583	-0.0709643	-1.55445	0.318117	0.9458	-0.0228583	0.449889	0.136769	0.0698962	0.355553	-0.22101	0	0	0.225302	-0.066059	-0.16289	0.799036	0.243716	0	0	-0.415507	0.0589513	0.0428595	-0.115688	-0.0767348	-0.454962	0.703925	1.5708	0	0	0.322116	-0.295197	0.255748	0.762931	1.5708	0	0
0.303373	-0.0350031	-0.0713282	-1.55277	0.318162	0.944893	-0.0178509	0.446841	0.136199	0.0790634	0.328916	-0.214257	0	0	0.22131	-0.0656679	-0.161277	0.803453	0.248436	0	0	-0.415682	0.059263	0.0390728	-0.118371	-0.0753627	-0.45849	0.701383	1.5708	0	0	0.323084	-0.297158	0.254923	0.766702	1.5708	0	0
0.307365	-0.0344113	-0.0717203	-1.55101	0.318203	0.943981	-0.0128115	0.443883	0.135496	0.0885787	0.303168	-0.207134	0	0	0.217239	-0.0652452	-0.159573	0.807834	0.252908	0	0	-0.415833	0.0595636	0.0352117	-0.121061	-0.0740038	-0.462039	0.698946	1.5708	0	0	0.323914	-0.299088	0.254106	0.77039	1.5708	0	0
0.311357	-0.0337888	-0.0721392	-1.54918	0.31824	0.943066	-0.00773929	0.441049	0.134669	0.0983892	0.278418	-0.199661	0	0	0.213086	-0.0647957	-0.15777	0.812169	0.257109	0	0	-0.415959	0.0598589	0.0312883	-0.123757	-0.0726602	-0.46561	0.696612	1.5708	0	0	0.324609	-0.30098	0.2533	0.773989	1.5708	0	0
0.315348	-0.0331417	-0.0725834	-1.54728	0.318274	0.942151	-0.00263326	0.438373	0.13373	0.108436	0.254768	-0.191874	0	0	0.20885	-0.0643245	-0.155865	0.816448	0.26102	0	0	-0.416059	0.0601547	0.0273166	-0.126462	-0.0713347	-0.469203	0.694376	1.5708	0	0	0.325172	-0.302826	0.252508	0.777493	1.5708	0	0
0.31934	-0.032476	-0.0730513	-1.54531	0.318304	0.941237	0.00250749	0.435884	0.132691	0.118654	0.232311	-0.183818	0	0	0.204528	-0.0638366	-0.153852	0.820664	0.264619	0	0	-0.416129	0.0604562	0.0233127	-0.129176	-0.0700303	-0.472818	0.692234	1.5708	0	0	0.325605	-0.304616	0.251733	0.780892	1.5708	0	0
0.323332	-0.0317978	-0.0735407	-1.54328	0.31833	0.940327	0.00768386	0.433604	0.131567	0.128976	0.211126	-0.175553	0	0	0.200119	-0.0633371	-0.151731	0.824807	0.267887	0	0	-0.416167	0.0607686	0.0192951	-0.131902	-0.0687506	-0.476453	0.690182	1.5708	0	0	0.32591	-0.306341	0.250977	0.78418	1.5708	0	0
0.327324	-0.0311129	-0.0740493	-1.54121	0.318352	0.939424	0.0128968	0.431551	0.130375	0.139329	0.191278	-0.167149	0	0	0.19562	-0.0628313	-0.149502	0.828868	0.270802	0	0	-0.416172	0.0610963	0.0152845	-0.134642	-0.0674996	-0.480108	0.688215	1.5708	0	0	0.32609	-0.30799	0.250244	0.787348	1.5708	0	0
0.331315	-0.0304272	-0.0745747	-1.53909	0.31837	0.938528	0.018147	0.429732	0.129133	0.14964	0.172816	-0.158687	0	0	0.191031	-0.0623243	-0.147168	0.832839	0.273344	0	0	-0.416139	0.0614435	0.0113038	-0.137398	-0.0662816	-0.48378	0.68633	1.5708	0	0	0.326148	-0.309553	0.249537	0.790386	1.5708	0	0
0.335307	-0.0297463	-0.0751146	-1.53696	0.318384	0.937644	0.0234356	0.428152	0.127859	0.159834	0.155773	-0.150257	0	0	0.186349	-0.0618215	-0.144732	0.836712	0.275494	0	0	-0.416065	0.0618136	0.00737709	-0.140175	-0.0651013	-0.487468	0.684523	1.5708	0	0	0.326088	-0.311017	0.248859	0.793287	1.5708	0	0
0.339299	-0.0290759	-0.0756672	-1.53481	0.318393	0.936772	0.0287633	0.426805	0.126573	0.169835	0.14017	-0.141957	0	0	0.181573	-0.0613286	-0.142203	0.84048	0.277229	0	0	-0.415949	0.0622102	0.00352955	-0.142975	-0.0639636	-0.491169	0.682788	1.5708	0	0	0.325912	-0.312372	0.248211	0.796042	1.5708	0	0
0.343291	-0.0284213	-0.076231	-1.53266	0.318399	0.935915	0.0341308	0.425679	0.125293	0.179567	0.126006	-0.133893	0	0	0.1767	-0.0608511	-0.139588	0.844135	0.27853	0	0	-0.415787	0.0626359	-0.000212792	-0.145802	-0.0628735	-0.49488	0.681122	1.5708	0	0	0.325623	-0.313605	0.247596	0.798642	1.5708	0	0
0.347282	-0.0277874	-0.0768049	-1.53053	0.318399	0.935076	0.039539	0.424755	0.124039	0.188958	0.11327	-0.126171	0	0	0.171727	-0.0603944	-0.136901	0.84767	0.279375	0	0	-0.415578	0.0630932	-0.00382324	-0.14866	-0.0618361	-0.498596	0.679519	1.5708	0	0	0.325222	-0.314704	0.247014	0.80108	1.5708	0	0
0.351274	-0.027179	-0.0773883	-1.52844	0.318396	0.934255	0.0449885	0.424008	0.122829	0.197935	0.101935	-0.118902	0	0	0.16665	-0.0599638	-0.134153	0.851078	0.279741	0	0	-0.415319	0.0635836	-0.0072748	-0.151552	-0.0608565	-0.502315	0.677975	1.5708	0	0	0.324713	-0.315658	0.246468	0.803349	1.5708	0	0
0.355266	-0.0266003	-0.0779815	-1.5264	0.318388	0.933456	0.0504801	0.423408	0.12168	0.206429	0.0919606	-0.112198	0	0	0.161465	-0.0595647	-0.131361	0.854352	0.279605	0	0	-0.41501	0.0641084	-0.0105409	-0.154482	-0.0599395	-0.506036	0.676487	1.5708	0	0	0.324096	-0.316454	0.245957	0.805442	1.5708	0	0
0.359258	-0.0260552	-0.0785858	-1.52443	0.318375	0.932681	0.0560141	0.42292	0.120609	0.214379	0.0833002	-0.106168	0	0	0.156167	-0.0592024	-0.128543	0.857486	0.278945	0	0	-0.41465	0.064669	-0.013596	-0.157454	-0.0590894	-0.509756	0.675053	1.5708	0	0	0.323372	-0.317083	0.245483	0.807355	1.5708	0	0
0.363249	-0.0255477	-0.0792036	-1.52254	0.318358	0.93193	0.0615911	0.422508	0.11963	0.221728	0.0758988	-0.100914	0	0	0.15075	-0.0588826	-0.125715	0.860476	0.277735	0	0	-0.414242	0.0652663	-0.016416	-0.16047	-0.0583098	-0.513477	0.673668	1.5708	0	0	0.322543	-0.317534	0.245043	0.809083	1.5708	0	0
0.367241	-0.0250814	-0.0798379	-1.52074	0.318336	0.931207	0.0672115	0.422132	0.118758	0.228427	0.0696978	-0.0965346	0	0	0.145208	-0.0586107	-0.122898	0.863316	0.275951	0	0	-0.413786	0.0659015	-0.0189784	-0.163533	-0.0576041	-0.5172	0.672332	1.5708	0	0	0.321608	-0.317798	0.244638	0.810623	1.5708	0	0
0.371233	-0.0246598	-0.0804928	-1.51906	0.318309	0.930513	0.0728755	0.421756	0.118004	0.234436	0.064636	-0.0931168	0	0	0.139535	-0.0583922	-0.120112	0.866003	0.273568	0	0	-0.413286	0.0665754	-0.0212623	-0.166645	-0.056975	-0.520924	0.671043	1.5708	0	0	0.320566	-0.317866	0.244264	0.811974	1.5708	0	0
0.375225	-0.024286	-0.0811737	-1.51751	0.318278	0.929849	0.0785832	0.421342	0.117381	0.239723	0.0606519	-0.09074	0	0	0.133725	-0.0582326	-0.117376	0.868533	0.27056	0	0	-0.412747	0.0672892	-0.0232491	-0.169808	-0.0564248	-0.524653	0.669801	1.5708	0	0	0.319416	-0.317733	0.24392	0.813135	1.5708	0	0
0.379216	-0.0239629	-0.0818865	-1.51609	0.318242	0.929218	0.0843346	0.420853	0.116898	0.244265	0.0576844	-0.0894732	0	0	0.12777	-0.0581373	-0.114712	0.870907	0.266899	0	0	-0.412173	0.0680438	-0.0249228	-0.173023	-0.055955	-0.528388	0.668606	1.5708	0	0	0.318158	-0.317391	0.243602	0.814105	1.5708	0	0
0.383208	-0.0236933	-0.082638	-1.51482	0.318202	0.92862	0.0901295	0.420259	0.116564	0.248048	0.0556745	-0.0893746	0	0	0.121663	-0.0581116	-0.11214	0.873122	0.262558	0	0	-0.411572	0.0688402	-0.0262698	-0.17629	-0.0555667	-0.532132	0.667458	1.5708	0	0	0.31679	-0.316836	0.243308	0.814886	1.5708	0	0
0.3872	-0.0234792	-0.0834355	-1.51371	0.318158	0.928058	0.0959675	0.419528	0.116385	0.251064	0.0545656	-0.0904914	0	0	0.1154	-0.0581608	-0.109681	0.87518	0.257511	0	0	-0.41095	0.0696792	-0.02728	-0.179608	-0.0552605	-0.535886	0.666357	1.5708	0	0	0.31531	-0.316065	0.243033	0.815477	1.5708	0	0
0.391192	-0.0233225	-0.084287	-1.51275	0.318109	0.927533	0.101848	0.418635	0.116366	0.253315	0.0543045	-0.0928599	0	0	0.108975	-0.0582906	-0.107359	0.877084	0.251729	0	0	-0.410315	0.0705618	-0.0279462	-0.182976	-0.0550363	-0.539653	0.665304	1.5708	0	0	0.313718	-0.315076	0.242774	0.815881	1.5708	0	0
0.395184	-0.0232246	-0.0852005	-1.51197	0.318056	0.927046	0.107771	0.417558	0.116512	0.254806	0.0548413	-0.0965046	0	0	0.102386	-0.0585068	-0.105194	0.87884	0.245184	0	0	-0.409675	0.0714888	-0.0282645	-0.186392	-0.0548936	-0.543432	0.664301	1.5708	0	0	0.312011	-0.313869	0.242526	0.816099	1.5708	0	0
0.399175	-0.0231864	-0.0861843	-1.51134	0.318	0.926598	0.113734	0.416281	0.116823	0.255552	0.0561299	-0.101438	0	0	0.0956293	-0.0588159	-0.103212	0.880455	0.237851	0	0	-0.409041	0.0724609	-0.0282343	-0.189851	-0.0548315	-0.547224	0.663348	1.5708	0	0	0.310188	-0.312444	0.242285	0.816135	1.5708	0	0
0.403167	-0.0232089	-0.0872461	-1.51089	0.31794	0.92619	0.119737	0.41479	0.117302	0.255573	0.058128	-0.107661	0	0	0.0887075	-0.0592247	-0.101434	0.881941	0.229703	0	0	-0.40842	0.073479	-0.0278578	-0.193349	-0.0548488	-0.55103	0.662447	1.5708	0	0	0.308249	-0.310804	0.242047	0.815989	1.5708	0	0
0.407159	-0.0232924	-0.0883929	-1.5106	0.317877	0.925824	0.125779	0.413077	0.117946	0.254895	0.0607964	-0.115159	0	0	0.0816241	-0.0597407	-0.0998849	0.883311	0.220718	0	0	-0.407822	0.0745436	-0.0271403	-0.196881	-0.054944	-0.554846	0.661597	1.5708	0	0	0.306193	-0.308953	0.241807	0.815665	1.5708	0	0
0.411151	-0.0234373	-0.0896308	-1.51048	0.317811	0.9255	0.131858	0.411139	0.118753	0.253548	0.0640991	-0.123904	0	0	0.0743862	-0.0603722	-0.0985881	0.88458	0.210875	0	0	-0.407255	0.0756555	-0.0260894	-0.200438	-0.0551156	-0.558671	0.660797	1.5708	0	0	0.304021	-0.306896	0.241563	0.815165	1.5708	0	0
0.415142	-0.0236437	-0.0909648	-1.51051	0.317743	0.925219	0.137972	0.408977	0.11972	0.25157	0.0680028	-0.133855	0	0	0.0670046	-0.0611277	-0.0975668	0.885768	0.200157	0	0	-0.406728	0.0768155	-0.0247153	-0.204013	-0.055362	-0.562501	0.660049	1.5708	0	0	0.301734	-0.304639	0.241311	0.814491	1.5708	0	0
0.419134	-0.0239117	-0.0923984	-1.51069	0.317673	0.924982	0.144119	0.406595	0.120842	0.249004	0.0724766	-0.14495	0	0	0.059494	-0.0620166	-0.0968428	0.886898	0.188552	0	0	-0.406248	0.0780244	-0.0230303	-0.207596	-0.0556814	-0.56633	0.659352	1.5708	0	0	0.299333	-0.30219	0.241048	0.813644	1.5708	0	0
0.423126	-0.0242412	-0.0939338	-1.51102	0.317602	0.92479	0.150297	0.404003	0.122115	0.245899	0.0774912	-0.157115	0	0	0.0518733	-0.0630484	-0.096437	0.887996	0.17605	0	0	-0.40582	0.0792831	-0.0210489	-0.211177	-0.0560724	-0.570154	0.658707	1.5708	0	0	0.296823	-0.299557	0.240771	0.812627	1.5708	0	0
0.427118	-0.024632	-0.095571	-1.51148	0.317529	0.924642	0.156504	0.40121	0.12353	0.24231	0.0830185	-0.170253	0	0	0.0441659	-0.0642326	-0.0963683	0.889091	0.162649	0	0	-0.405451	0.0805922	-0.0187872	-0.214743	-0.0565331	-0.573964	0.658111	1.5708	0	0	0.294206	-0.296748	0.240476	0.811438	1.5708	0	0
0.431109	-0.0250832	-0.0973082	-1.51207	0.317457	0.924539	0.162737	0.398232	0.125081	0.238296	0.0890314	-0.184253	0	0	0.0363998	-0.0655785	-0.096654	0.890216	0.14835	0	0	-0.405144	0.0819517	-0.016262	-0.218281	-0.0570622	-0.577755	0.657565	1.5708	0	0	0.291489	-0.293773	0.240163	0.810079	1.5708	0	0
0.435101	-0.0255938	-0.0991416	-1.51278	0.317384	0.924482	0.168993	0.395084	0.126759	0.233922	0.0955032	-0.198984	0	0	0.0286071	-0.0670948	-0.0973095	0.891405	0.133161	0	0	-0.404903	0.0833611	-0.0134904	-0.221777	-0.0576578	-0.581519	0.657067	1.5708	0	0	0.288679	-0.290641	0.239827	0.808547	1.5708	0	0
0.439093	-0.0261623	-0.101065	-1.5136	0.317313	0.924471	0.17527	0.391783	0.128557	0.229255	0.102408	-0.214298	0	0	0.0208242	-0.0687899	-0.0983484	0.892695	0.117094	0	0	-0.404728	0.0848193	-0.0104898	-0.225216	-0.0583182	-0.585249	0.656618	1.5708	0	0	0.285784	-0.287362	0.239469	0.806841	1.5708	0	0
0.443085	-0.0267868	-0.103071	-1.51452	0.317243	0.924504	0.181564	0.388349	0.130465	0.22437	0.109721	-0.230035	0	0	0.0130915	-0.0706716	-0.0997819	0.894127	0.10017	0	0	-0.404621	0.0863248	-0.007278	-0.228583	-0.0590413	-0.588939	0.656219	1.5708	0	0	0.282816	-0.283946	0.239086	0.804957	1.5708	0	0
0.447076	-0.0274647	-0.105149	-1.51553	0.317175	0.924584	0.187873	0.3848	0.132476	0.219338	0.117418	-0.246022	0	0	0.00545257	-0.0727468	-0.101619	0.89574	0.0824157	0	0	-0.40458	0.0878752	-0.00387312	-0.231863	-0.0598249	-0.592583	0.655872	1.5708	0	0	0.279784	-0.280403	0.238677	0.802892	1.5708	0	0
0.451068	-0.0281927	-0.107289	-1.51662	0.31711	0.924709	0.194193	0.381158	0.134579	0.214232	0.125476	-0.262078	0	0	-0.0020465	-0.0750217	-0.103867	0.897578	0.0638625	0	0	-0.404603	0.089467	-0.000293858	-0.235041	-0.0606664	-0.596178	0.655581	1.5708	0	0	0.2767	-0.276744	0.238242	0.800642	1.5708	0	0
0.45506	-0.0289662	-0.109476	-1.51779	0.317049	0.924878	0.200521	0.377443	0.136766	0.209121	0.133874	-0.278026	0	0	-0.00935759	-0.0775011	-0.10653	0.899681	0.0445473	0	0	-0.404684	0.0910952	0.00344079	-0.238103	-0.0615628	-0.599717	0.655352	1.5708	0	0	0.273574	-0.272981	0.237781	0.798209	1.5708	0	0
0.459052	-0.0297799	-0.111698	-1.51903	0.316991	0.925093	0.206854	0.373679	0.139026	0.204063	0.142594	-0.293688	0	0	-0.0164312	-0.0801888	-0.109611	0.90209	0.0245118	0	0	-0.404821	0.0927535	0.00731163	-0.241032	-0.0625106	-0.603196	0.655189	1.5708	0	0	0.270418	-0.269127	0.237296	0.795591	1.5708	0	0
0.463043	-0.0306272	-0.113939	-1.52032	0.316939	0.925351	0.213188	0.369889	0.141347	0.199111	0.151615	-0.308895	0	0	-0.0232168	-0.0830873	-0.113108	0.904845	0.00380312	0	0	-0.405006	0.0944345	0.0112993	-0.243816	-0.0635062	-0.606613	0.6551	1.5708	0	0	0.267243	-0.265196	0.23679	0.792791	1.5708	0	0
0.467035	-0.031501	-0.116182	-1.52166	0.316892	0.925653	0.219521	0.3661	0.143719	0.194307	0.160921	-0.323487	0	0	-0.0296636	-0.0861983	-0.117018	0.907985	-0.0175252	0	0	-0.405232	0.0961299	0.0153841	-0.246441	-0.0645458	-0.609963	0.655092	1.5708	0	0	0.264061	-0.261201	0.236268	0.789812	1.5708	0	0
0.471027	-0.0323937	-0.11841	-1.52304	0.316852	0.925998	0.225849	0.362338	0.146128	0.189683	0.170495	-0.337314	0	0	-0.0357206	-0.0895227	-0.121333	0.911546	-0.0394131	0	0	-0.405491	0.0978311	0.0195452	-0.248893	-0.0656254	-0.613242	0.655172	1.5708	0	0	0.260883	-0.257159	0.235733	0.786658	1.5708	0	0
0.475019	-0.0332979	-0.120606	-1.52444	0.316818	0.926385	0.232168	0.35863	0.148559	0.185261	0.18032	-0.35024	0	0	-0.0413369	-0.0930611	-0.126041	0.915562	-0.0617928	0	0	-0.405773	0.0995296	0.0237605	-0.251161	-0.0667409	-0.616446	0.655345	1.5708	0	0	0.257719	-0.253084	0.235193	0.783333	1.5708	0	0
0.47901	-0.0342057	-0.12275	-1.52585	0.316792	0.926812	0.238477	0.355004	0.151	0.181057	0.190383	-0.362142	0	0	-0.046462	-0.0968137	-0.131124	0.920066	-0.0845892	0	0	-0.406066	0.101217	0.0280066	-0.253233	-0.0678885	-0.619568	0.655619	1.5708	0	0	0.25458	-0.248992	0.234654	0.779844	1.5708	0	0
0.483002	-0.0351101	-0.124825	-1.52725	0.316774	0.92728	0.244772	0.351489	0.153436	0.177077	0.200667	-0.372915	0	0	-0.0510463	-0.10078	-0.136562	0.925087	-0.107718	0	0	-0.406358	0.102885	0.0322583	-0.255098	-0.0690646	-0.622603	0.655999	1.5708	0	0	0.251474	-0.244901	0.23412	0.776197	1.5708	0	0
0.486994	-0.036004	-0.126812	-1.52863	0.316765	0.927787	0.25105	0.348112	0.155854	0.173326	0.211158	-0.382466	0	0	-0.0550419	-0.10496	-0.142327	0.930651	-0.131085	0	0	-0.406634	0.104527	0.0364895	-0.256745	-0.0702664	-0.625539	0.656488	1.5708	0	0	0.248408	-0.240827	0.233599	0.772403	1.5708	0	0
0.490986	-0.0368811	-0.128692	-1.52997	0.316764	0.928332	0.257309	0.344899	0.15824	0.169803	0.221841	-0.390723	0	0	-0.058403	-0.10935	-0.148389	0.936783	-0.154587	0	0	-0.406882	0.106136	0.0406733	-0.258166	-0.0714917	-0.628365	0.657091	1.5708	0	0	0.245387	-0.236787	0.233095	0.76847	1.5708	0	0
0.494977	-0.0377359	-0.130446	-1.53125	0.316772	0.928913	0.263546	0.341877	0.160582	0.166505	0.232701	-0.397626	0	0	-0.0610848	-0.113949	-0.154713	0.943503	-0.178111	0	0	-0.407085	0.107706	0.0447827	-0.259351	-0.0727386	-0.631069	0.657811	1.5708	0	0	0.242416	-0.232798	0.232614	0.764409	1.5708	0	0
0.498969	-0.0385642	-0.132057	-1.53246	0.31679	0.929529	0.269759	0.339068	0.162871	0.163427	0.243719	-0.403135	0	0	-0.0630443	-0.118755	-0.16126	0.950829	-0.201533	0	0	-0.407228	0.109233	0.0487903	-0.260293	-0.0740064	-0.633636	0.658648	1.5708	0	0	0.239497	-0.228877	0.23216	0.760231	1.5708	0	0
0.502961	-0.0393624	-0.133507	-1.53358	0.316818	0.930179	0.275946	0.336493	0.165095	0.160561	0.254878	-0.407224	0	0	-0.0642406	-0.123763	-0.167989	0.958776	-0.224719	0	0	-0.407294	0.110713	0.0526689	-0.260985	-0.0752944	-0.63605	0.659604	1.5708	0	0	0.236635	-0.22504	0.231738	0.75595	1.5708	0	0
0.506953	-0.0401282	-0.13478	-1.5346	0.316854	0.93086	0.282105	0.334171	0.167246	0.157897	0.266155	-0.409883	0	0	-0.0646362	-0.12897	-0.174854	0.967354	-0.247526	0	0	-0.40727	0.112145	0.0563926	-0.26142	-0.0766029	-0.638294	0.66068	1.5708	0	0	0.23383	-0.221303	0.231354	0.751576	1.5708	0	0
0.510944	-0.04086	-0.135863	-1.53549	0.3169	0.931571	0.288234	0.332114	0.169317	0.155422	0.277526	-0.411118	0	0	-0.0641989	-0.134369	-0.181811	0.97657	-0.269805	0	0	-0.40714	0.113526	0.0599373	-0.261593	-0.0779326	-0.64035	0.661874	1.5708	0	0	0.231082	-0.217682	0.231012	0.747125	1.5708	0	0
0.514936	-0.0415567	-0.136745	-1.53625	0.316953	0.932311	0.294331	0.33033	0.171301	0.153122	0.288966	-0.410949	0	0	-0.062903	-0.139955	-0.188816	0.986423	-0.291402	0	0	-0.406895	0.114855	0.0632818	-0.261501	-0.0792849	-0.6422	0.663184	1.5708	0	0	0.228391	-0.214191	0.230718	0.742608	1.57079	0	0
0.518928	-0.0422185	-0.137417	-1.53686	0.317015	0.933076	0.300394	0.328821	0.173195	0.150984	0.300446	-0.409408	0	0	-0.0607306	-0.145718	-0.19583	0.996905	-0.312164	0	0	-0.406524	0.116131	0.0664082	-0.261142	-0.0806618	-0.643827	0.66461	1.5708	0	0	0.225757	-0.210842	0.230477	0.738041	1.57079	0	0
0.52292	-0.0428456	-0.137877	-1.53733	0.317083	0.933864	0.306422	0.327582	0.174994	0.148992	0.311936	-0.406541	0	0	-0.0576726	-0.151651	-0.202816	1.008	-0.331939	0	0	-0.406024	0.117355	0.069302	-0.260514	-0.0820657	-0.645214	0.666149	1.5708	0	0	0.223178	-0.207648	0.230294	0.733435	1.57079	0	0
0.526911	-0.0434389	-0.138125	-1.53763	0.317157	0.934673	0.312412	0.326602	0.176697	0.147131	0.323403	-0.402404	0	0	-0.0537291	-0.157743	-0.20974	1.01969	-0.35058	0	0	-0.405392	0.118527	0.0719524	-0.259618	-0.0834994	-0.646344	0.6678	1.5708	0	0	0.220652	-0.204618	0.230174	0.728805	1.57079	0	0
0.530903	-0.0439995	-0.138164	-1.53777	0.317234	0.935499	0.318364	0.325864	0.178303	0.145386	0.334812	-0.397065	0	0	-0.0489089	-0.16398	-0.216576	1.03193	-0.367949	0	0	-0.40463	0.119645	0.0743523	-0.258455	-0.0849659	-0.647203	0.66956	1.5708	0	0	0.218177	-0.201761	0.230121	0.724162	1.57079	0	0
0.534895	-0.0445282	-0.138003	-1.53776	0.317313	0.936339	0.324274	0.325345	0.179811	0.143745	0.346129	-0.390598	0	0	-0.0432303	-0.170348	-0.2233	1.04468	-0.383918	0	0	-0.403743	0.120709	0.0764983	-0.257028	-0.0864686	-0.647775	0.671427	1.5708	0	0	0.215751	-0.199084	0.230139	0.719519	1.57079	0	0
0.538887	-0.0450258	-0.137651	-1.53758	0.317391	0.93719	0.330142	0.325018	0.181224	0.142196	0.357316	-0.383086	0	0	-0.0367197	-0.17683	-0.229894	1.0579	-0.398376	0	0	-0.40274	0.121719	0.0783907	-0.255341	-0.0880106	-0.64805	0.6734	1.5708	0	0	0.213372	-0.19659	0.23023	0.714887	1.57079	0	0
0.542878	-0.0454924	-0.137123	-1.53726	0.317465	0.938047	0.335963	0.324849	0.182541	0.14073	0.368339	-0.374616	0	0	-0.0294117	-0.183406	-0.23634	1.07154	-0.411226	0	0	-0.401634	0.122673	0.0800337	-0.253399	-0.0895948	-0.648019	0.675477	1.5708	0	0	0.211039	-0.194284	0.230394	0.710275	1.57079	0	0
0.54687	-0.0459276	-0.136435	-1.53679	0.317533	0.938905	0.341735	0.324803	0.183764	0.139339	0.379162	-0.365281	0	0	-0.0213473	-0.190051	-0.242627	1.08551	-0.422393	0	0	-0.400437	0.123568	0.0814344	-0.251209	-0.0912237	-0.647675	0.677658	1.5708	0	0	0.208749	-0.192166	0.230634	0.705693	1.57079	0	0
0.550862	-0.0463299	-0.135605	-1.53619	0.31759	0.939759	0.347455	0.324844	0.184894	0.138019	0.38975	-0.355176	0	0	-0.0125731	-0.196738	-0.24874	1.09976	-0.431822	0	0	-0.399165	0.124401	0.0826036	-0.248776	-0.0928997	-0.647013	0.67994	1.5708	0	0	0.206502	-0.190235	0.230949	0.70115	1.57079	0	0
0.554854	-0.0466973	-0.134651	-1.53547	0.317632	0.940604	0.353119	0.324932	0.185934	0.136768	0.400071	-0.344396	0	0	-0.0031398	-0.203436	-0.254664	1.11421	-0.439477	0	0	-0.397837	0.125167	0.0835543	-0.246109	-0.0946245	-0.646033	0.682323	1.5708	0	0	0.204296	-0.18849	0.231338	0.696654	1.57079	0	0
0.558845	-0.047027	-0.133595	-1.53464	0.317655	0.941433	0.358722	0.325028	0.186884	0.135585	0.410096	-0.333039	0	0	0.00689959	-0.210109	-0.260387	1.12878	-0.44535	0	0	-0.396471	0.125862	0.0843014	-0.243217	-0.0963996	-0.644735	0.684806	1.5708	0	0	0.202132	-0.186926	0.231796	0.692213	1.57079	0	0
0.562837	-0.0473158	-0.132454	-1.53372	0.317652	0.942239	0.364259	0.325093	0.187746	0.134472	0.419795	-0.3212	0	0	0.0174911	-0.216719	-0.265889	1.1434	-0.449452	0	0	-0.395084	0.126479	0.0848612	-0.240106	-0.098226	-0.643124	0.687387	1.5708	0	0	0.200007	-0.18554	0.23232	0.687833	1.57079	0	0
0.566829	-0.0475596	-0.13125	-1.53271	0.317619	0.943015	0.369723	0.325092	0.18852	0.133431	0.429144	-0.308973	0	0	0.028581	-0.223226	-0.271155	1.15798	-0.451822	0	0	-0.393694	0.127014	0.085251	-0.236785	-0.100104	-0.641205	0.690064	1.5708	0	0	0.197921	-0.184323	0.232903	0.683518	1.57079	0	0
0.570821	-0.0477543	-0.129998	-1.53165	0.317549	0.94375	0.375108	0.324991	0.189208	0.132469	0.43812	-0.296449	0	0	0.0401166	-0.229585	-0.276166	1.17245	-0.452516	0	0	-0.392317	0.127459	0.0854886	-0.233261	-0.102035	-0.638986	0.692835	1.5708	0	0	0.195873	-0.183269	0.233539	0.679274	1.57079	0	0
0.574812	-0.0478952	-0.128715	-1.53053	0.317435	0.944437	0.380404	0.324759	0.18981	0.131589	0.446704	-0.283716	0	0	0.0520463	-0.235753	-0.280901	1.18673	-0.451612	0	0	-0.390967	0.127809	0.0855921	-0.229541	-0.104018	-0.636475	0.695692	1.5708	0	0	0.193863	-0.182369	0.234221	0.675104	1.57079	0	0
0.578804	-0.0479776	-0.127414	-1.52937	0.317268	0.945066	0.385604	0.324369	0.190327	0.1308	0.45488	-0.270856	0	0	0.06432	-0.241684	-0.285344	1.20073	-0.449203	0	0	-0.389658	0.128057	0.0855804	-0.225633	-0.106052	-0.633685	0.698632	1.5708	0	0	0.191888	-0.181615	0.23494	0.671011	1.57079	0	0
0.582796	-0.0479963	-0.126109	-1.5282	0.317042	0.945624	0.390697	0.3238	0.19076	0.130109	0.462638	-0.257946	0	0	0.0768892	-0.247333	-0.289476	1.21439	-0.445395	0	0	-0.388398	0.128195	0.0854723	-0.221541	-0.108139	-0.630626	0.701645	1.5708	0	0	0.189947	-0.180999	0.23569	0.667001	1.57079	0	0
0.586788	-0.0479468	-0.124808	-1.52702	0.316747	0.946101	0.39567	0.323033	0.19111	0.129523	0.469971	-0.245056	0	0	0.0897077	-0.252655	-0.29328	1.22762	-0.440303	0	0	-0.387197	0.128217	0.0852864	-0.217271	-0.110277	-0.627309	0.704724	1.5708	0	0	0.188036	-0.180511	0.236461	0.663077	1.57079	0	0
0.590779	-0.0478245	-0.123519	-1.52586	0.316374	0.946485	0.400513	0.322055	0.191378	0.12905	0.476877	-0.232251	0	0	0.102732	-0.257606	-0.296741	1.24036	-0.434047	0	0	-0.38606	0.128116	0.0850408	-0.21283	-0.112466	-0.623747	0.707861	1.5708	0	0	0.186152	-0.180142	0.237245	0.659246	1.57079	0	0
0.594771	-0.0476242	-0.122248	-1.52471	0.31601	0.946882	0.405316	0.320858	0.191565	0.128697	0.483359	-0.219587	0	0	0.115918	-0.262144	-0.299846	1.25254	-0.426751	0	0	-0.384994	0.127887	0.084753	-0.208223	-0.114705	-0.619951	0.71105	1.5708	0	0	0.184289	-0.179884	0.238034	0.655511	1.57079	0	0
0.598763	-0.0473419	-0.120999	-1.52361	0.315655	0.947293	0.410082	0.319435	0.191675	0.128473	0.489422	-0.207114	0	0	0.129228	-0.266232	-0.302583	1.2641	-0.418542	0	0	-0.384001	0.127527	0.0844393	-0.203457	-0.116994	-0.615934	0.714289	1.5708	0	0	0.182443	-0.179728	0.238818	0.651879	1.57079	0	0
0.602755	-0.0469749	-0.119778	-1.52256	0.315311	0.947716	0.414815	0.317786	0.191709	0.128382	0.495076	-0.194878	0	0	0.142625	-0.269834	-0.304943	1.27497	-0.409542	0	0	-0.383083	0.127033	0.0841149	-0.198538	-0.119331	-0.611708	0.717572	1.5708	0	0	0.180609	-0.179665	0.239587	0.648355	1.57079	0	0
0.606746	-0.0465209	-0.118586	-1.52157	0.314978	0.94815	0.419517	0.315912	0.19167	0.128431	0.500334	-0.182914	0	0	0.156074	-0.272918	-0.306919	1.28511	-0.399876	0	0	-0.38224	0.126401	0.0837937	-0.193471	-0.121716	-0.607284	0.720899	1.5708	0	0	0.17878	-0.179685	0.240331	0.644946	1.57079	0	0
0.610738	-0.0459786	-0.117427	-1.52066	0.314656	0.948593	0.424191	0.313819	0.191562	0.128624	0.505211	-0.171253	0	0	0.169543	-0.275458	-0.308508	1.29448	-0.389659	0	0	-0.381472	0.125631	0.083488	-0.188262	-0.124148	-0.602674	0.724268	1.5708	0	0	0.176951	-0.179779	0.241038	0.641658	1.57079	0	0
0.61473	-0.0453475	-0.116299	-1.51984	0.314345	0.949045	0.428838	0.311513	0.191388	0.128964	0.509727	-0.159921	0	0	0.183003	-0.277431	-0.309708	1.30301	-0.379003	0	0	-0.380777	0.124722	0.0832086	-0.182915	-0.126625	-0.597888	0.727675	1.5708	0	0	0.175113	-0.179941	0.241695	0.638499	1.57079	0	0
0.618722	-0.0446282	-0.115203	-1.51912	0.314047	0.949503	0.433461	0.309006	0.191153	0.129453	0.513903	-0.148933	0	0	0.196426	-0.278822	-0.310522	1.31069	-0.368014	0	0	-0.380153	0.123674	0.0829645	-0.177435	-0.129146	-0.592934	0.731117	1.5708	0	0	0.17326	-0.18016	0.242294	0.635476	1.57079	0	0
0.622713	-0.0438219	-0.114138	-1.51851	0.313761	0.949966	0.438062	0.306308	0.190859	0.13009	0.517761	-0.138303	0	0	0.209788	-0.279619	-0.310956	1.31748	-0.356787	0	0	-0.379597	0.122488	0.0827631	-0.171827	-0.131709	-0.587821	0.734592	1.5708	0	0	0.171385	-0.180431	0.242822	0.632595	1.57079	0	0
0.626705	-0.0429305	-0.113104	-1.51801	0.313489	0.95043	0.442643	0.303433	0.190512	0.130874	0.521326	-0.128036	0	0	0.223064	-0.279817	-0.311018	1.32334	-0.345412	0	0	-0.379107	0.121169	0.0826102	-0.166093	-0.134312	-0.582553	0.738095	1.5708	0	0	0.16948	-0.180747	0.243269	0.629864	1.57079	0	0
0.630697	-0.0419566	-0.112098	-1.51763	0.313229	0.950895	0.447204	0.300394	0.190117	0.131802	0.524624	-0.118132	0	0	0.236232	-0.279415	-0.310719	1.32826	-0.333972	0	0	-0.378679	0.119718	0.0825103	-0.160238	-0.136954	-0.577136	0.741624	1.5708	0	0	0.16754	-0.181101	0.243628	0.627289	1.57079	0	0
0.634689	-0.0409037	-0.11112	-1.51737	0.312983	0.951357	0.451748	0.297206	0.189679	0.13287	0.527682	-0.108589	0	0	0.249271	-0.27842	-0.310076	1.33222	-0.322541	0	0	-0.378312	0.118141	0.0824667	-0.154263	-0.139633	-0.571577	0.745175	1.5708	0	0	0.165557	-0.181487	0.243889	0.624873	1.57079	0	0
0.63868	-0.0397756	-0.110169	-1.51725	0.31275	0.951814	0.456275	0.293885	0.189201	0.134073	0.530526	-0.0993985	0	0	0.26216	-0.276839	-0.309106	1.3352	-0.311187	0	0	-0.378003	0.116443	0.0824814	-0.148172	-0.142346	-0.565879	0.748745	1.5708	0	0	0.163526	-0.181899	0.244044	0.622621	1.57079	0	0
0.642672	-0.0385769	-0.109243	-1.51725	0.31253	0.952265	0.460786	0.290443	0.188691	0.135406	0.533183	-0.0905485	0	0	0.274879	-0.27469	-0.307831	1.33719	-0.29997	0	0	-0.377751	0.114631	0.0825553	-0.141965	-0.145093	-0.560047	0.752333	1.5708	0	0	0.161444	-0.182332	0.244087	0.620536	1.57079	0	0
0.646664	-0.0373126	-0.108343	-1.51738	0.312324	0.952707	0.465283	0.286897	0.188152	0.136862	0.53568	-0.0820247	0	0	0.287409	-0.271991	-0.306273	1.33817	-0.288945	0	0	-0.377556	0.112711	0.0826885	-0.135644	-0.14787	-0.554085	0.755936	1.5708	0	0	0.159305	-0.182779	0.244008	0.61862	1.57079	0	0
0.650656	-0.0359878	-0.107469	-1.51765	0.31213	0.953137	0.469765	0.283259	0.187591	0.138434	0.538043	-0.0738098	0	0	0.299731	-0.268766	-0.30446	1.33816	-0.27816	0	0	-0.377417	0.110691	0.0828802	-0.129207	-0.150678	-0.547996	0.759552	1.5708	0	0	0.157108	-0.183237	0.243803	0.616874	1.57079	0	0
0.654647	-0.0346081	-0.106621	-1.51804	0.31195	0.953555	0.474234	0.279542	0.187013	0.140115	0.540296	-0.0658841	0	0	0.311826	-0.265041	-0.302417	1.33713	-0.267658	0	0	-0.377337	0.108579	0.083129	-0.122656	-0.153513	-0.541785	0.763178	1.5708	0	0	0.154849	-0.183699	0.243465	0.6153	1.57079	0	0
0.658639	-0.0331789	-0.1058	-1.51857	0.311783	0.953956	0.478691	0.27576	0.186422	0.141898	0.542465	-0.0582265	0	0	0.323675	-0.260847	-0.300173	1.33508	-0.257474	0	0	-0.377315	0.106383	0.083433	-0.115988	-0.156375	-0.535456	0.766813	1.5708	0	0	0.152529	-0.184161	0.24299	0.613895	1.57079	0	0
0.662631	-0.0317058	-0.105006	-1.51923	0.311628	0.954341	0.483134	0.271925	0.185823	0.143774	0.544571	-0.0508142	0	0	0.335263	-0.256216	-0.297758	1.33202	-0.24764	0	0	-0.377354	0.104112	0.0837893	-0.109202	-0.15926	-0.529013	0.770453	1.5708	0	0	0.150148	-0.184619	0.242373	0.612658	1.57079	0	0
0.666623	-0.0301944	-0.10424	-1.52002	0.311485	0.954706	0.487565	0.268048	0.18522	0.145734	0.546638	-0.0436237	0	0	0.346574	-0.251181	-0.2952	1.32795	-0.238184	0	0	-0.377456	0.101774	0.0841939	-0.102295	-0.162168	-0.522458	0.774096	1.5708	0	0	0.147708	-0.185068	0.241612	0.611586	1.57079	0	0
0.670614	-0.0286505	-0.103502	-1.52093	0.311354	0.955051	0.491984	0.264142	0.184616	0.14777	0.548686	-0.0366309	0	0	0.357593	-0.245779	-0.292526	1.32287	-0.229125	0	0	-0.37762	0.0993773	0.0846419	-0.0952631	-0.165096	-0.515795	0.777736	1.5708	0	0	0.145209	-0.185506	0.240704	0.610675	1.57079	0	0
0.674606	-0.0270798	-0.102791	-1.52195	0.311234	0.955372	0.496391	0.260219	0.184017	0.149872	0.550732	-0.0298112	0	0	0.368308	-0.240044	-0.289762	1.31678	-0.220483	0	0	-0.377849	0.0969307	0.0851279	-0.088103	-0.168043	-0.509027	0.78137	1.5708	0	0	0.142655	-0.185928	0.239651	0.609919	1.57079	0	0
0.678598	-0.0254877	-0.102107	-1.5231	0.311125	0.95567	0.500787	0.256288	0.183423	0.152034	0.552796	-0.0231402	0	0	0.378708	-0.234013	-0.28693	1.30968	-0.212271	0	0	-0.378141	0.0944424	0.0856464	-0.080811	-0.171007	-0.502152	0.78499	1.5708	0	0	0.140049	-0.186332	0.238451	0.609313	1.57079	0	0
0.68259	-0.0238793	-0.10145	-1.52435	0.311027	0.955942	0.505172	0.252361	0.182839	0.154246	0.554894	-0.0165937	0	0	0.388781	-0.227719	-0.284052	1.30158	-0.204497	0	0	-0.378498	0.0919198	0.0861926	-0.073384	-0.173987	-0.495172	0.78859	1.5708	0	0	0.137395	-0.186716	0.237108	0.60885	1.57079	0	0
0.686581	-0.0222592	-0.100819	-1.52571	0.310938	0.956188	0.509546	0.248446	0.182265	0.156503	0.55704	-0.0101482	0	0	0.398516	-0.221196	-0.281145	1.29249	-0.197167	0	0	-0.378917	0.08937	0.0867623	-0.0658194	-0.176984	-0.488084	0.792162	1.5708	0	0	0.134696	-0.187075	0.235622	0.608521	1.57079	0	0
0.690573	-0.0206318	-0.100214	-1.52716	0.310859	0.956406	0.513909	0.244551	0.181705	0.158797	0.559249	-0.00378089	0	0	0.407903	-0.214477	-0.278227	1.28241	-0.190286	0	0	-0.379399	0.0867995	0.0873522	-0.0581158	-0.179996	-0.480888	0.7957	1.5708	0	0	0.131958	-0.187408	0.234	0.608317	1.57079	0	0
0.694565	-0.0190014	-0.0996345	-1.52872	0.310788	0.956594	0.518262	0.240684	0.181158	0.161124	0.561533	0.00252919	0	0	0.416932	-0.207593	-0.27531	1.27134	-0.183854	0	0	-0.379942	0.0842145	0.0879598	-0.0502722	-0.183024	-0.473584	0.799195	1.5708	0	0	0.129186	-0.187711	0.232245	0.608227	1.57079	0	0
0.698557	-0.0173719	-0.0990788	-1.53037	0.310726	0.956753	0.522606	0.23685	0.180626	0.16348	0.563902	0.00880169	0	0	0.425593	-0.200573	-0.272404	1.25929	-0.177869	0	0	-0.380542	0.0816205	0.0885833	-0.0422886	-0.186066	-0.46617	0.802641	1.5708	0	0	0.126385	-0.18798	0.230364	0.608241	1.57079	0	0
0.702548	-0.0157477	-0.0985462	-1.53211	0.310672	0.956882	0.526941	0.233056	0.180112	0.165863	0.566368	0.0150547	0	0	0.433878	-0.193445	-0.269516	1.24626	-0.17233	0	0	-0.381198	0.0790231	0.0892216	-0.0341658	-0.189124	-0.458648	0.806029	1.5708	0	0	0.12356	-0.188215	0.228364	0.608347	1.5708	0	0
0.70654	-0.014133	-0.0980358	-1.53394	0.310624	0.956979	0.531268	0.229306	0.179617	0.16827	0.56894	0.0213046	0	0	0.441778	-0.186237	-0.266648	1.23226	-0.167231	0	0	-0.381904	0.076428	0.0898733	-0.0259062	-0.192196	-0.451017	0.809352	1.5708	0	0	0.120719	-0.188411	0.226252	0.608533	1.5708	0	0
0.710532	-0.0125326	-0.0975467	-1.53585	0.310584	0.957045	0.535589	0.225604	0.179144	0.1707	0.571625	0.0275662	0	0	0.449287	-0.178973	-0.263798	1.2173	-0.162567	0	0	-0.382656	0.0738409	0.0905378	-0.0175136	-0.195282	-0.443279	0.812602	1.5708	0	0	0.117865	-0.188567	0.224037	0.608785	1.5708	0	0
0.714524	-0.0109516	-0.097078	-1.53784	0.31055	0.957079	0.539904	0.221952	0.178695	0.17315	0.574432	0.0338527	0	0	0.456398	-0.171677	-0.26096	1.20137	-0.158331	0	0	-0.383451	0.071268	0.0912152	-0.00899354	-0.198381	-0.435439	0.815777	1.5708	0	0	0.115004	-0.188681	0.221728	0.609091	1.5708	0	0
0.718515	-0.00939555	-0.0966291	-1.5399	0.310522	0.957081	0.544214	0.218352	0.178274	0.175621	0.577363	0.0401763	0	0	0.463102	-0.164371	-0.258127	1.1845	-0.154513	0	0	-0.384283	0.0687162	0.0919063	-0.000353294	-0.201491	-0.427503	0.818872	1.5708	0	0	0.112143	-0.18875	0.219334	0.609439	1.5708	0	0
0.722507	-0.00787031	-0.0961993	-1.54203	0.3105	0.95705	0.548521	0.214805	0.177885	0.17811	0.580425	0.0465476	0	0	0.469396	-0.157078	-0.255285	1.16668	-0.151106	0	0	-0.385149	0.0661925	0.0926134	0.00839793	-0.204612	-0.419477	0.821889	1.5708	0	0	0.109288	-0.188773	0.216865	0.609813	1.5708	0	0
0.726499	-0.00638216	-0.0957877	-1.54422	0.310483	0.956986	0.552827	0.211309	0.177531	0.180616	0.583618	0.0529764	0	0	0.475273	-0.149816	-0.252419	1.14792	-0.148097	0	0	-0.386043	0.0637046	0.0933396	0.0172491	-0.207741	-0.411371	0.824829	1.5708	0	0	0.106445	-0.188746	0.214334	0.610202	1.5708	0	0
0.730491	-0.00493757	-0.0953938	-1.54648	0.31047	0.95689	0.557131	0.207864	0.177219	0.183136	0.586944	0.0594713	0	0	0.480729	-0.142605	-0.249509	1.12825	-0.145475	0	0	-0.386962	0.0612601	0.0940888	0.0261875	-0.210879	-0.403194	0.827693	1.5708	0	0	0.10362	-0.188669	0.211751	0.610591	1.5708	0	0
0.734482	-0.00354316	-0.0950165	-1.54879	0.310462	0.956761	0.561437	0.204468	0.176952	0.185668	0.590403	0.0660397	0	0	0.485761	-0.135461	-0.246532	1.10767	-0.143226	0	0	-0.3879	0.0588671	0.0948658	0.0351987	-0.214023	-0.394958	0.830486	1.5708	0	0	0.100819	-0.188538	0.209128	0.610966	1.5708	0	0
0.738474	-0.00220566	-0.0946549	-1.55115	0.310458	0.956599	0.565745	0.201118	0.176736	0.188209	0.593992	0.0726881	0	0	0.490367	-0.128402	-0.243464	1.0862	-0.141336	0	0	-0.388851	0.0565337	0.0956758	0.0442668	-0.217172	-0.386675	0.833216	1.5708	0	0	0.0980493	-0.188353	0.206479	0.611315	1.5708	0	0
0.742466	-0.000931749	-0.0943078	-1.55355	0.310458	0.956405	0.570057	0.197813	0.176577	0.190753	0.59771	0.0794216	0	0	0.494544	-0.121442	-0.240275	1.06385	-0.139789	0	0	-0.389812	0.054268	0.096525	0.0533741	-0.220325	-0.378359	0.835888	1.5708	0	0	0.0953174	-0.188111	0.203816	0.611623	1.5708	0	0
0.746458	0.000272144	-0.0939734	-1.556	0.310462	0.956178	0.574375	0.19455	0.176478	0.193297	0.601553	0.086244	0	0	0.498295	-0.114594	-0.236938	1.04065	-0.138566	0	0	-0.390776	0.0520777	0.0974218	0.0625015	-0.223479	-0.370027	0.838514	1.5708	0	0	0.0926308	-0.187811	0.201151	0.611877	1.5708	0	0
0.750449	0.00139998	-0.0936491	-1.55849	0.310469	0.955919	0.5787	0.191327	0.176445	0.195836	0.605516	0.0931571	0	0	0.501621	-0.107872	-0.233423	1.01662	-0.137647	0	0	-0.391737	0.0499702	0.0983764	0.071628	-0.226635	-0.361696	0.841105	1.5708	0	0	0.0899977	-0.187449	0.1985	0.612062	1.5708	0	0
0.754441	0.00244608	-0.0933318	-1.56101	0.310479	0.955627	0.583034	0.188143	0.176481	0.198365	0.609594	0.100161	0	0	0.504528	-0.101286	-0.2297	0.991802	-0.137013	0	0	-0.392689	0.0479521	0.0994004	0.0807313	-0.229792	-0.353388	0.843674	1.5708	0	0	0.0874267	-0.187024	0.195877	0.612166	1.5708	0	0
0.758433	0.0034051	-0.0930183	-1.56356	0.310492	0.955303	0.587378	0.184996	0.176591	0.200878	0.613779	0.107255	0	0	0.507024	-0.0948485	-0.225738	0.966216	-0.13664	0	0	-0.393625	0.0460302	0.100505	0.0897884	-0.232949	-0.345121	0.846237	1.5708	0	0	0.0849263	-0.186533	0.193295	0.612173	1.5708	0	0
0.762425	0.0042721	-0.0927052	-1.56613	0.310509	0.954947	0.591734	0.181883	0.176776	0.203371	0.618065	0.114435	0	0	0.509116	-0.088569	-0.221507	0.939906	-0.136506	0	0	-0.394539	0.0442105	0.1017	0.0987762	-0.236105	-0.336917	0.848808	1.5708	0	0	0.0825045	-0.185975	0.190769	0.612073	1.5708	0	0
0.766416	0.00504257	-0.092389	-1.56873	0.310529	0.954559	0.596104	0.178804	0.17704	0.205836	0.622445	0.121696	0	0	0.510817	-0.0824572	-0.216979	0.912916	-0.136585	0	0	-0.395425	0.042499	0.102997	0.107672	-0.23926	-0.328798	0.851402	1.5708	0	0	0.0801691	-0.185347	0.188309	0.611852	1.5708	0	0
0.770408	0.00571256	-0.0920668	-1.57134	0.310554	0.954139	0.600488	0.175754	0.177386	0.20827	0.62691	0.129033	0	0	0.512138	-0.0765225	-0.212129	0.885297	-0.13685	0	0	-0.396277	0.040901	0.104404	0.116454	-0.242411	-0.320783	0.854035	1.5708	0	0	0.0779264	-0.184649	0.185928	0.611502	1.5708	0	0
0.7744	0.00627872	-0.0917358	-1.57398	0.310582	0.953688	0.604889	0.172733	0.177814	0.210667	0.631452	0.136437	0	0	0.513093	-0.0707746	-0.206936	0.857101	-0.137271	0	0	-0.397089	0.0394212	0.105928	0.125102	-0.245559	-0.312891	0.856722	1.5708	0	0	0.0757818	-0.18388	0.183632	0.611013	1.5708	0	0
0.778392	0.00673843	-0.0913935	-1.57662	0.310614	0.953206	0.609309	0.169735	0.178325	0.213022	0.636062	0.143897	0	0	0.513699	-0.0652231	-0.201386	0.828391	-0.137817	0	0	-0.397857	0.0380638	0.107576	0.133597	-0.2487	-0.305141	0.859475	1.5708	0	0	0.0737393	-0.18304	0.181429	0.610378	1.5708	0	0
0.782384	0.00708989	-0.0910378	-1.57928	0.310652	0.952693	0.613747	0.166758	0.178921	0.215332	0.640731	0.151403	0	0	0.513972	-0.0598777	-0.195468	0.799232	-0.138455	0	0	-0.398577	0.0368321	0.10935	0.141922	-0.251834	-0.297548	0.862309	1.5708	0	0	0.071802	-0.182128	0.179321	0.609593	1.5708	0	0
0.786375	0.00733214	-0.090667	-1.58194	0.310694	0.95215	0.618208	0.163797	0.179599	0.217594	0.645451	0.15894	0	0	0.513931	-0.0547482	-0.189178	0.769699	-0.13915	0	0	-0.399245	0.0357286	0.111254	0.15006	-0.254957	-0.290128	0.865236	1.5708	0	0	0.0699717	-0.181144	0.177312	0.608654	1.5708	0	0
0.790367	0.00746517	-0.0902798	-1.58461	0.310742	0.951579	0.622691	0.160848	0.18036	0.219806	0.650214	0.166494	0	0	0.5136	-0.0498444	-0.18252	0.739869	-0.139866	0	0	-0.399857	0.0347548	0.113288	0.157998	-0.258068	-0.282895	0.868267	1.5708	0	0	0.0682496	-0.180089	0.175403	0.607556	1.5708	0	0
0.794359	0.00748994	-0.0898753	-1.58729	0.310795	0.950979	0.627198	0.157907	0.181201	0.22197	0.655011	0.174048	0	0	0.512999	-0.0451757	-0.175503	0.70983	-0.140565	0	0	-0.400413	0.0339111	0.115452	0.165721	-0.261164	-0.275863	0.871412	1.5708	0	0	0.0666365	-0.178963	0.173594	0.6063	1.5708	0	0
0.798351	0.00740855	-0.0894525	-1.58997	0.310855	0.950352	0.631732	0.154969	0.18212	0.224086	0.659834	0.181586	0	0	0.512156	-0.0407516	-0.168147	0.679671	-0.141209	0	0	-0.400909	0.0331962	0.117747	0.173217	-0.264243	-0.269041	0.874681	1.5708	0	0	0.0651326	-0.177768	0.171883	0.604885	1.5708	0	0
0.802342	0.00722426	-0.0890105	-1.59265	0.310922	0.9497	0.636292	0.152031	0.183111	0.226158	0.664676	0.189087	0	0	0.511099	-0.036581	-0.160478	0.649491	-0.141759	0	0	-0.401345	0.0326075	0.120173	0.180477	-0.267303	-0.262441	0.87808	1.5708	0	0	0.0637379	-0.176505	0.170271	0.60331	1.5708	0	0
0.806334	0.00694129	-0.0885487	-1.59534	0.310995	0.949023	0.640881	0.149087	0.18417	0.228189	0.66953	0.196532	0	0	0.509856	-0.0326724	-0.15253	0.619391	-0.142178	0	0	-0.40172	0.0321409	0.122728	0.18749	-0.270342	-0.256071	0.881613	1.5708	0	0	0.0624518	-0.175176	0.168754	0.601578	1.5708	0	0
0.810326	0.00656467	-0.0880667	-1.59803	0.311076	0.948323	0.645501	0.146134	0.185292	0.230184	0.674389	0.203899	0	0	0.508461	-0.0290332	-0.144346	0.589478	-0.142429	0	0	-0.402032	0.0317912	0.12541	0.194249	-0.273355	-0.249937	0.885282	1.5708	0	0	0.061273	-0.173785	0.167333	0.599691	1.5708	0	0
0.814318	0.00610019	-0.0875649	-1.60073	0.311165	0.947602	0.650152	0.143165	0.18647	0.232151	0.679244	0.211166	0	0	0.506945	-0.0256698	-0.135975	0.559865	-0.142479	0	0	-0.402282	0.0315524	0.128215	0.200746	-0.276341	-0.244047	0.88909	1.5708	0	0	0.0601999	-0.172332	0.166005	0.59765	1.5708	0	0
0.818309	0.00555436	-0.0870439	-1.60343	0.311261	0.946863	0.654835	0.140175	0.187697	0.234095	0.684089	0.218309	0	0	0.505343	-0.022587	-0.127474	0.530667	-0.142296	0	0	-0.402469	0.0314173	0.131139	0.206974	-0.279295	-0.238405	0.893035	1.5708	0	0	0.0592302	-0.170824	0.164769	0.59546	1.5708	0	0
0.822301	0.00493439	-0.0865049	-1.60614	0.311366	0.946108	0.659553	0.137157	0.188965	0.236025	0.688916	0.225304	0	0	0.503691	-0.0197881	-0.118905	0.502	-0.141854	0	0	-0.402595	0.031378	0.134177	0.212928	-0.282213	-0.233016	0.897116	1.5708	0	0	0.0583616	-0.169264	0.163626	0.593124	1.5708	0	0
0.826293	0.00424817	-0.0859492	-1.60885	0.311479	0.945339	0.664305	0.134104	0.190265	0.237948	0.693717	0.232125	0	0	0.502023	-0.0172737	-0.110336	0.473983	-0.141134	0	0	-0.40266	0.0314255	0.137321	0.2186	-0.285091	-0.227884	0.901331	1.5708	0	0	0.0575914	-0.167657	0.162576	0.590646	1.5708	0	0
0.830285	0.00350405	-0.0853783	-1.61156	0.311601	0.944561	0.669094	0.13101	0.191588	0.239872	0.698485	0.238747	0	0	0.500377	-0.0150423	-0.101837	0.446732	-0.140122	0	0	-0.402665	0.0315503	0.140563	0.223986	-0.287924	-0.223012	0.905674	1.5708	0	0	0.0569169	-0.166009	0.16162	0.588029	1.5708	0	0
0.834276	0.00271074	-0.084794	-1.61426	0.311731	0.943775	0.673921	0.127868	0.192924	0.241805	0.703214	0.245142	0	0	0.498785	-0.0130899	-0.0934853	0.42036	-0.138816	0	0	-0.402609	0.0317424	0.143895	0.229081	-0.290707	-0.218403	0.910141	1.5708	0	0	0.0563349	-0.164326	0.160761	0.585279	1.5708	0	0
0.838268	0.00187722	-0.0841984	-1.61696	0.311868	0.942985	0.678787	0.12467	0.194263	0.243754	0.707894	0.251283	0	0	0.49728	-0.0114095	-0.0853567	0.394975	-0.137222	0	0	-0.402495	0.0319912	0.147305	0.23388	-0.293433	-0.214058	0.914725	1.5708	0	0	0.0558418	-0.162616	0.16	0.582401	1.5708	0	0
0.84226	0.00101255	-0.0835945	-1.61964	0.312014	0.942195	0.683695	0.12141	0.195594	0.245723	0.712518	0.257143	0	0	0.495892	-0.00999178	-0.0775297	0.370679	-0.135359	0	0	-0.402323	0.0322864	0.150782	0.23838	-0.296097	-0.209977	0.91942	1.5708	0	0	0.0554342	-0.160886	0.159342	0.579401	1.5708	0	0
0.846252	0.000125795	-0.0829854	-1.62231	0.312167	0.941408	0.688646	0.118079	0.196908	0.247719	0.717079	0.262693	0	0	0.494644	-0.00882444	-0.0700822	0.347563	-0.133257	0	0	-0.402095	0.0326174	0.154312	0.242576	-0.298693	-0.206162	0.924219	1.5708	0	0	0.0551082	-0.159144	0.158791	0.576285	1.5708	0	0
0.850243	-0.000773877	-0.0823752	-1.62495	0.312327	0.940627	0.693641	0.114669	0.198195	0.249744	0.721569	0.267902	0	0	0.493558	-0.00789293	-0.0630917	0.325708	-0.130958	0	0	-0.401814	0.0329738	0.15788	0.246465	-0.301213	-0.202611	0.929116	1.5708	0	0	0.0548597	-0.157399	0.158352	0.57306	1.5708	0	0
0.854235	-0.00167719	-0.0817686	-1.62755	0.312493	0.939857	0.698682	0.111171	0.199442	0.2518	0.72598	0.272743	0	0	0.492647	-0.00718037	-0.0566338	0.305184	-0.128517	0	0	-0.401482	0.0333448	0.161473	0.250041	-0.303653	-0.199325	0.934101	1.5708	0	0	0.0546841	-0.15566	0.15803	0.569735	1.5708	0	0
0.858227	-0.00257487	-0.0811708	-1.63011	0.312666	0.939101	0.70377	0.107577	0.20064	0.253889	0.730304	0.277183	0	0	0.49192	-0.00666792	-0.0507809	0.286046	-0.126	0	0	-0.401103	0.0337195	0.165075	0.253301	-0.306005	-0.196301	0.939169	1.5708	0	0	0.0545762	-0.153936	0.157832	0.566319	1.5708	0	0
0.862219	-0.00345778	-0.0805875	-1.63262	0.312846	0.938362	0.708908	0.103876	0.201778	0.256008	0.734532	0.281191	0	0	0.491377	-0.00633502	-0.0456005	0.268335	-0.123481	0	0	-0.40068	0.0340872	0.168669	0.256242	-0.308263	-0.193536	0.944309	1.5708	0	0	0.0545301	-0.152236	0.157763	0.562821	1.5708	0	0
0.86621	-0.00431708	-0.0800253	-1.63506	0.313032	0.937644	0.714097	0.100058	0.202846	0.258153	0.738657	0.284737	0	0	0.491012	-0.00615976	-0.0411546	0.252075	-0.121046	0	0	-0.400216	0.0344375	0.172241	0.258858	-0.310419	-0.19103	0.949515	1.5708	0	0	0.0545395	-0.150572	0.15783	0.559254	1.5708	0	0
0.870202	-0.0051443	-0.0794911	-1.63744	0.313224	0.936952	0.719339	0.0961151	0.203833	0.260319	0.74267	0.287787	0	0	0.490813	-0.00611944	-0.0374976	0.237278	-0.118786	0	0	-0.399716	0.0347603	0.175771	0.261146	-0.312466	-0.188779	0.954775	1.5708	0	0	0.0545971	-0.148951	0.158038	0.555628	1.5708	0	0
0.874194	-0.00593146	-0.0789925	-1.63973	0.313422	0.936288	0.724637	0.0920354	0.204729	0.262496	0.746565	0.29031	0	0	0.490762	-0.00619106	-0.0346763	0.22394	-0.116799	0	0	-0.399184	0.0350463	0.179243	0.263102	-0.314397	-0.18678	0.96008	1.5708	0	0	0.0546954	-0.147385	0.158393	0.551957	1.5708	0	0
0.878186	-0.00667104	-0.0785377	-1.64193	0.313625	0.935657	0.729993	0.0878094	0.205525	0.264672	0.750335	0.292271	0	0	0.490833	-0.00635166	-0.0327282	0.212046	-0.115187	0	0	-0.398625	0.0352868	0.182638	0.264724	-0.316204	-0.18503	0.96542	1.5708	0	0	0.0548266	-0.145883	0.158901	0.548255	1.5708	0	0
0.882177	-0.00735599	-0.0781343	-1.64402	0.313834	0.93506	0.735409	0.0834276	0.206211	0.266832	0.753971	0.293638	0	0	0.490999	-0.00657862	-0.0316811	0.201568	-0.114053	0	0	-0.398041	0.0354741	0.185938	0.266008	-0.317878	-0.183525	0.970785	1.5708	0	0	0.0549827	-0.144453	0.159564	0.544534	1.5708	0	0
0.886169	-0.00797982	-0.0777903	-1.646	0.314049	0.934501	0.740888	0.0788816	0.206778	0.268961	0.757468	0.294374	0	0	0.49123	-0.00685008	-0.0315524	0.19247	-0.113499	0	0	-0.397438	0.0356014	0.189123	0.266953	-0.319413	-0.182261	0.976162	1.5708	0	0	0.0551559	-0.143104	0.160385	0.540805	1.5708	0	0
0.890161	-0.00853662	-0.077513	-1.64785	0.314268	0.933982	0.746431	0.0741636	0.207218	0.271039	0.76082	0.294446	0	0	0.491493	-0.00714515	-0.0323484	0.18471	-0.113622	0	0	-0.396819	0.0356625	0.192176	0.267556	-0.3208	-0.181233	0.981541	1.5708	0	0	0.0553381	-0.141843	0.161364	0.53708	1.5708	0	0
0.894153	-0.00902108	-0.0773101	-1.64956	0.314493	0.933505	0.752041	0.0692669	0.207522	0.273046	0.764021	0.293818	0	0	0.491756	-0.00744428	-0.0340651	0.178243	-0.114515	0	0	-0.396186	0.0356521	0.195076	0.267816	-0.322033	-0.180436	0.98691	1.5708	0	0	0.0555211	-0.140678	0.1625	0.533371	1.5708	0	0
0.898144	-0.00942861	-0.0771889	-1.65111	0.314725	0.933071	0.757719	0.0641858	0.207684	0.274961	0.767067	0.292457	0	0	0.491988	-0.00772961	-0.0366878	0.17302	-0.116258	0	0	-0.395544	0.035566	0.197806	0.267732	-0.323103	-0.179863	0.992256	1.5708	0	0	0.0556968	-0.139613	0.163793	0.529689	1.5708	0	0
0.902136	-0.00975539	-0.0771561	-1.65251	0.314962	0.932681	0.763469	0.0589166	0.207696	0.27676	0.769956	0.290327	0	0	0.492162	-0.00798534	-0.0401917	0.168993	-0.118925	0	0	-0.394894	0.0354011	0.200349	0.267304	-0.324004	-0.17951	0.997567	1.5708	0	0	0.0558581	-0.138654	0.165237	0.526045	1.5708	0	0
0.906128	-0.00999837	-0.0772175	-1.65374	0.315206	0.932334	0.76929	0.0534573	0.207554	0.278421	0.772686	0.287393	0	0	0.492253	-0.00819797	-0.0445428	0.166115	-0.122573	0	0	-0.394238	0.0351551	0.202688	0.266533	-0.324731	-0.17937	1.00283	1.5708	0	0	0.0559982	-0.137806	0.166828	0.522447	1.5708	0	0
0.91012	-0.0101552	-0.0773778	-1.65478	0.315458	0.93203	0.775184	0.0478087	0.207254	0.279918	0.775256	0.28362	0	0	0.492239	-0.00835639	-0.0496987	0.16434	-0.127246	0	0	-0.393578	0.0348268	0.204808	0.265421	-0.325275	-0.179435	1.00803	1.5708	0	0	0.0561117	-0.13707	0.168558	0.518903	1.5708	0	0
0.914111	-0.0102242	-0.0776408	-1.65564	0.315717	0.931767	0.781152	0.0419738	0.20679	0.281226	0.77767	0.278974	0	0	0.492105	-0.00845194	-0.0556094	0.163625	-0.132972	0	0	-0.392916	0.0344156	0.206696	0.26397	-0.325634	-0.1797	1.01316	1.5708	0	0	0.0561938	-0.136449	0.17042	0.51542	1.5708	0	0
0.918103	-0.0102043	-0.0780094	-1.6563	0.315985	0.931545	0.787194	0.035958	0.206161	0.282321	0.779929	0.27342	0	0	0.491839	-0.00847837	-0.0622179	0.163929	-0.139762	0	0	-0.39225	0.0339216	0.208341	0.262185	-0.3258	-0.180158	1.0182	1.5708	0	0	0.0562402	-0.135944	0.172405	0.512005	1.5708	0	0
0.922095	-0.0100949	-0.0784854	-1.65676	0.316262	0.931361	0.793309	0.0297699	0.205365	0.283177	0.78204	0.266922	0	0	0.491433	-0.00843177	-0.0694607	0.165216	-0.14761	0	0	-0.391584	0.0333453	0.209733	0.26007	-0.325771	-0.180803	1.02314	1.5708	0	0	0.0562481	-0.135556	0.174504	0.508663	1.5708	0	0
0.926087	-0.00989595	-0.0790689	-1.65703	0.316547	0.931216	0.799497	0.0234212	0.204399	0.28377	0.784011	0.259449	0	0	0.490886	-0.00831043	-0.0772685	0.167451	-0.156487	0	0	-0.390915	0.0326882	0.210864	0.257634	-0.325542	-0.181625	1.02796	1.5708	0	0	0.056216	-0.135284	0.176703	0.505398	1.5708	0	0
0.930078	-0.00960796	-0.0797592	-1.65709	0.316842	0.931109	0.805756	0.0169266	0.203264	0.284077	0.785852	0.250967	0	0	0.4902	-0.0081147	-0.0855678	0.170602	-0.166345	0	0	-0.390244	0.0319522	0.211728	0.254885	-0.32511	-0.182617	1.03266	1.5708	0	0	0.0561442	-0.135124	0.17899	0.502211	1.5708	0	0
0.93407	-0.0092317	-0.0805546	-1.65695	0.317148	0.93104	0.812083	0.0103035	0.201958	0.284077	0.787575	0.241446	0	0	0.489379	-0.00784661	-0.0942815	0.174639	-0.177111	0	0	-0.389572	0.0311394	0.212322	0.251834	-0.324474	-0.183771	1.0372	1.5708	0	0	0.0560339	-0.135075	0.181351	0.499104	1.5708	0	0
0.938062	-0.0087683	-0.0814535	-1.65661	0.317464	0.931007	0.818476	0.00357108	0.200484	0.28375	0.789197	0.230858	0	0	0.488432	-0.0075097	-0.10333	0.179533	-0.188692	0	0	-0.388899	0.0302518	0.212645	0.248491	-0.323632	-0.185079	1.04159	1.5708	0	0	0.0558873	-0.135134	0.183773	0.496082	1.5708	0	0
0.942054	-0.00821916	-0.082454	-1.65608	0.31779	0.931009	0.824931	-0.00324904	0.198843	0.283079	0.790736	0.219178	0	0	0.487367	-0.00710867	-0.112632	0.185254	-0.200968	0	0	-0.388228	0.0292912	0.212697	0.24487	-0.322583	-0.186534	1.0458	1.5708	0	0	0.0557073	-0.135297	0.186244	0.49315	1.5708	0	0
0.946045	-0.00758584	-0.0835537	-1.65536	0.318127	0.931047	0.831444	-0.0101332	0.197037	0.28205	0.792213	0.206386	0	0	0.486196	-0.00664916	-0.122103	0.191776	-0.213799	0	0	-0.387563	0.0282592	0.212483	0.240985	-0.32133	-0.188129	1.04983	1.5708	0	0	0.0554972	-0.135562	0.18875	0.490314	1.5708	0	0
0.950037	-0.00687004	-0.08475	-1.65445	0.318474	0.93112	0.83801	-0.0170554	0.195069	0.28065	0.793653	0.192464	0	0	0.484929	-0.0061374	-0.131661	0.19907	-0.227027	0	0	-0.386907	0.027157	0.212006	0.236853	-0.319872	-0.189854	1.05365	1.5708	0	0	0.0552614	-0.135925	0.191279	0.487582	1.5708	0	0
0.954029	-0.00607362	-0.0860396	-1.65337	0.318831	0.931226	0.844624	-0.0239869	0.192942	0.278873	0.795084	0.1774	0	0	0.48358	-0.00557999	-0.141221	0.207107	-0.240477	0	0	-0.386266	0.0259856	0.211275	0.232492	-0.318212	-0.191701	1.05725	1.5708	0	0	0.0550048	-0.136382	0.193817	0.484965	1.57079	0	0
0.958021	-0.00519846	-0.0874185	-1.65213	0.319197	0.931364	0.851279	-0.0308969	0.190662	0.276712	0.796535	0.161188	0	0	0.482162	-0.00498347	-0.150707	0.21586	-0.253966	0	0	-0.385645	0.0247457	0.210298	0.227923	-0.316356	-0.19366	1.06062	1.5708	0	0	0.0547328	-0.136928	0.196348	0.482473	1.57079	0	0
0.962012	-0.00424654	-0.0888819	-1.65074	0.319573	0.931534	0.85797	-0.0377522	0.188231	0.274167	0.79804	0.143826	0	0	0.480692	-0.00435435	-0.160043	0.2253	-0.267303	0	0	-0.38505	0.0234379	0.209085	0.223165	-0.314306	-0.195721	1.06375	1.5708	0	0	0.054451	-0.137559	0.198859	0.480118	1.57079	0	0
0.966004	-0.00322001	-0.0904246	-1.64921	0.319958	0.931733	0.86469	-0.0445175	0.185655	0.27124	0.799633	0.125319	0	0	0.479185	-0.00369904	-0.169161	0.235399	-0.2803	0	0	-0.384486	0.0220627	0.207648	0.218241	-0.312069	-0.19787	1.06661	1.5708	0	0	0.0541653	-0.138269	0.201333	0.477912	1.57079	0	0
0.969996	-0.00212115	-0.09204	-1.64755	0.32035	0.931961	0.871432	-0.0511554	0.182939	0.267937	0.801352	0.105678	0	0	0.477654	-0.00302382	-0.178002	0.246126	-0.29277	0	0	-0.383958	0.0206209	0.206001	0.213173	-0.309651	-0.200098	1.0692	1.5708	0	0	0.0538816	-0.139052	0.203755	0.475869	1.57079	0	0
0.973988	-0.000952521	-0.0937208	-1.64579	0.320749	0.932215	0.878189	-0.0576264	0.18009	0.264266	0.803236	0.0849225	0	0	0.476117	-0.00233504	-0.186513	0.257452	-0.304541	0	0	-0.38347	0.0191131	0.20416	0.207984	-0.307061	-0.202391	1.07151	1.5708	0	0	0.053606	-0.139902	0.206109	0.474002	1.57079	0	0
0.977979	0.000283036	-0.0954581	-1.64393	0.321154	0.932494	0.884954	-0.0638888	0.177112	0.260241	0.805326	0.0630774	0	0	0.474588	-0.00163907	-0.194651	0.269343	-0.315448	0	0	-0.383024	0.0175405	0.202142	0.202696	-0.304309	-0.204737	1.07352	1.5708	0	0	0.0533441	-0.140812	0.208381	0.472324	1.57079	0	0
0.981971	0.00158234	-0.097242	-1.64201	0.321564	0.932795	0.89172	-0.0698993	0.174014	0.25588	0.807664	0.0401785	0	0	0.473081	-0.000942309	-0.202383	0.281762	-0.325346	0	0	-0.382622	0.0159043	0.199968	0.197331	-0.301402	-0.207123	1.07521	1.5708	0	0	0.0531015	-0.141776	0.210555	0.470848	1.57079	0	0
0.985963	0.00294182	-0.099061	-1.64004	0.321977	0.933116	0.89848	-0.0756128	0.170802	0.251205	0.810294	0.0162719	0	0	0.471607	-0.000251124	-0.209684	0.29467	-0.334106	0	0	-0.382263	0.0142059	0.197658	0.19191	-0.298354	-0.209536	1.0766	1.5708	0	0	0.0528833	-0.142786	0.212617	0.469588	1.57079	0	0
0.989955	0.00435755	-0.100903	-1.63804	0.322392	0.933454	0.905226	-0.0809828	0.167485	0.246245	0.813261	-0.00858545	0	0	0.470178	0.000428306	-0.216538	0.308021	-0.34162	0	0	-0.381946	0.0124471	0.195234	0.186455	-0.295175	-0.211964	1.07765	1.57079	0	0	0.0526945	-0.143836	0.214553	0.468556	1.57079	0	0
0.993946	0.00582528	-0.102753	-1.63605	0.322807	0.933808	0.911952	-0.0859618	0.164072	0.241029	0.816611	-0.0343244	0	0	0.468802	0.00109022	-0.222936	0.321766	-0.347803	0	0	-0.381666	0.0106299	0.192721	0.180986	-0.291879	-0.214394	1.07838	1.57079	0	0	0.0525397	-0.144917	0.216351	0.467762	1.57079	0	0
0.997938	0.00734041	-0.104598	-1.63407	0.323221	0.934176	0.918651	-0.0905015	0.160573	0.235595	0.820388	-0.0608631	0	0	0.467486	0.00172954	-0.228875	0.33585	-0.352593	0	0	-0.381418	0.00875621	0.190141	0.175522	-0.288477	-0.216813	1.07876	1.57079	0	0	0.052423	-0.146024	0.217998	0.467216	1.57079	0	0
1.00193	0.00889815	-0.106422	-1.63214	0.323631	0.934553	0.925317	-0.0945533	0.157	0.229984	0.824639	-0.0881068	0	0	0.466232	0.00234226	-0.234357	0.350211	-0.355954	0	0	-0.381196	0.00682825	0.187519	0.170082	-0.284984	-0.21921	1.0788	1.57079	0	0	0.0523484	-0.147149	0.219484	0.466928	1.57079	0	0
1.00592	0.0104936	-0.108208	-1.63028	0.324036	0.93494	0.931942	-0.0980682	0.153363	0.224237	0.829409	-0.115947	0	0	0.465043	0.00292573	-0.239386	0.364786	-0.357873	0	0	-0.380992	0.00484808	0.184881	0.164683	-0.281414	-0.221573	1.07848	1.57079	0	0	0.0523196	-0.148286	0.220802	0.466905	1.57079	0	0
1.00991	0.0121219	-0.10994	-1.62851	0.324435	0.935333	0.938523	-0.100998	0.149675	0.218403	0.83474	-0.144264	0	0	0.463916	0.00347878	-0.243973	0.379502	-0.35836	0	0	-0.380796	0.00281777	0.182249	0.159342	-0.277779	-0.223892	1.07781	1.57079	0	0	0.0523404	-0.14943	0.221945	0.467151	1.57079	0	0
1.01391	0.0137781	-0.111601	-1.62685	0.324825	0.935732	0.945052	-0.103296	0.145948	0.212527	0.840673	-0.172925	0	0	0.462847	0.00400193	-0.248129	0.394284	-0.357451	0	0	-0.380599	0.000739293	0.179647	0.154073	-0.274093	-0.226156	1.07679	1.57079	0	0	0.0524146	-0.150576	0.222912	0.467671	1.57079	0	0
1.0179	0.0154573	-0.113174	-1.62533	0.325205	0.936134	0.951526	-0.104917	0.142195	0.206657	0.847247	-0.201786	0	0	0.461829	0.00449751	-0.251868	0.409055	-0.3552	0	0	-0.380389	-0.00138548	0.177094	0.14889	-0.270369	-0.228355	1.0754	1.57079	0	0	0.0525455	-0.151721	0.223702	0.468465	1.57079	0	0
1.02189	0.0171547	-0.114643	-1.62396	0.325574	0.936537	0.957941	-0.105818	0.138428	0.200841	0.854496	-0.230691	0	0	0.460849	0.00496975	-0.255207	0.423732	-0.351681	0	0	-0.380157	-0.00355468	0.17461	0.143806	-0.26662	-0.230482	1.07365	1.57079	0	0	0.0527367	-0.152863	0.224318	0.469535	1.57079	0	0
1.02588	0.0188652	-0.115995	-1.62276	0.32593	0.936941	0.964292	-0.105963	0.13466	0.195121	0.862447	-0.259487	0	0	0.459897	0.00542323	-0.258166	0.438238	-0.346979	0	0	-0.379893	-0.00576613	0.17221	0.138831	-0.262857	-0.232527	1.07155	1.57079	0	0	0.0529917	-0.154002	0.224766	0.470877	1.57079	0	0
1.02987	0.0205833	-0.117216	-1.62173	0.326272	0.937343	0.970576	-0.10532	0.130899	0.189534	0.871115	-0.288025	0	0	0.458962	0.00586297	-0.260766	0.452504	-0.341185	0	0	-0.379587	-0.0080172	0.169904	0.133976	-0.259092	-0.234485	1.06908	1.57079	0	0	0.0533143	-0.155136	0.225054	0.472486	1.57079	0	0
1.03386	0.0223039	-0.118293	-1.62088	0.3266	0.937744	0.97679	-0.103867	0.127155	0.184112	0.880507	-0.316157	0	0	0.458031	0.00629437	-0.26303	0.466462	-0.334396	0	0	-0.379233	-0.0103048	0.167703	0.129248	-0.255333	-0.236347	1.06625	1.57079	0	0	0.0537081	-0.156266	0.225191	0.474358	1.57079	0	0
1.03786	0.0240229	-0.119219	-1.62021	0.326912	0.938142	0.982932	-0.101585	0.123439	0.178885	0.890623	-0.343733	0	0	0.457091	0.006723	-0.264982	0.480052	-0.326713	0	0	-0.378826	-0.0126251	0.165612	0.124656	-0.25159	-0.23811	1.06307	1.57079	0	0	0.054177	-0.157396	0.22519	0.476485	1.57079	0	0
1.04185	0.0257372	-0.119986	-1.61974	0.327208	0.938538	0.988999	-0.0984662	0.119757	0.173874	0.901449	-0.370611	0	0	0.456128	0.00715435	-0.266647	0.493222	-0.31824	0	0	-0.378363	-0.0149737	0.163633	0.120204	-0.247873	-0.239768	1.05953	1.57079	0	0	0.0547248	-0.158526	0.225065	0.478858	1.57079	0	0
1.04584	0.0274442	-0.120592	-1.61944	0.327489	0.93893	0.994991	-0.094507	0.116118	0.169097	0.912965	-0.396648	0	0	0.455127	0.00759381	-0.268051	0.505921	-0.309082	0	0	-0.377843	-0.0173454	0.161767	0.115899	-0.244188	-0.241317	1.05565	1.57079	0	0	0.055355	-0.159661	0.224831	0.481468	1.57079	0	0
1.04983	0.0291409	-0.121037	-1.61933	0.327754	0.939321	1.00091	-0.0897123	0.112528	0.164567	0.925139	-0.421707	0	0	0.454072	0.00804657	-0.269218	0.518107	-0.299343	0	0	-0.377268	-0.0197348	0.16001	0.111742	-0.240543	-0.242755	1.05143	1.57079	0	0	0.0560714	-0.160804	0.224501	0.484306	1.57079	0	0
1.05382	0.0308241	-0.121325	-1.61938	0.328003	0.939709	1.00675	-0.0840943	0.108996	0.160292	0.937929	-0.445656	0	0	0.452947	0.00851739	-0.270172	0.529745	-0.289123	0	0	-0.37664	-0.0221353	0.158357	0.107739	-0.236945	-0.244078	1.04688	1.57079	0	0	0.0568778	-0.161957	0.22409	0.487358	1.57079	0	0
1.05781	0.0324904	-0.121461	-1.6196	0.328238	0.940096	1.01251	-0.0776716	0.105526	0.156276	0.951284	-0.468373	0	0	0.451736	0.0090103	-0.270937	0.540804	-0.278521	0	0	-0.375965	-0.0245398	0.156801	0.103888	-0.2334	-0.245285	1.042	1.5708	0	0	0.0577785	-0.163125	0.223615	0.49061	1.57079	0	0
1.06181	0.0341356	-0.12145	-1.61997	0.328458	0.940484	1.01819	-0.0704697	0.102127	0.152519	0.965145	-0.489742	0	0	0.450425	0.00952846	-0.271535	0.551259	-0.267633	0	0	-0.375249	-0.0269401	0.155334	0.100192	-0.229914	-0.246376	1.03681	1.5708	0	0	0.0587778	-0.16431	0.22309	0.494049	1.57079	0	0
1.0658	0.0357552	-0.121301	-1.62047	0.328664	0.940873	1.0238	-0.0625198	0.0988035	0.149017	0.979444	-0.50966	0	0	0.448997	0.010074	-0.271988	0.561094	-0.256546	0	0	-0.374498	-0.0293273	0.153946	0.0966472	-0.226491	-0.247352	1.03132	1.5708	0	0	0.0598799	-0.165515	0.222531	0.497658	1.57079	0	0
1.06979	0.0373439	-0.121024	-1.62109	0.328858	0.941265	1.02934	-0.0538591	0.0955635	0.145762	0.994105	-0.528034	0	0	0.447439	0.0106478	-0.272316	0.570296	-0.245345	0	0	-0.37372	-0.031691	0.152628	0.0932522	-0.223138	-0.248213	1.02555	1.5708	0	0	0.0610889	-0.166743	0.221954	0.501423	1.57079	0	0
1.07378	0.0388952	-0.120629	-1.62182	0.32904	0.941662	1.0348	-0.0445295	0.0924141	0.142743	1.00905	-0.544782	0	0	0.445738	0.0112493	-0.272533	0.578859	-0.234107	0	0	-0.372925	-0.03402	0.151368	0.0900028	-0.219859	-0.248962	1.01951	1.5708	0	0	0.0624079	-0.167996	0.221373	0.505329	1.57079	0	0
1.07777	0.0404019	-0.120129	-1.62263	0.329211	0.942065	1.04019	-0.0345772	0.0893628	0.139943	1.02419	-0.55984	0	0	0.443882	0.0118765	-0.272655	0.586786	-0.2229	0	0	-0.372122	-0.0363015	0.150154	0.0868933	-0.216657	-0.249603	1.01321	1.5708	0	0	0.0638401	-0.169278	0.220802	0.50936	1.57079	0	0
1.08176	0.041856	-0.119535	-1.6235	0.329373	0.942477	1.04552	-0.0240514	0.0864172	0.137343	1.03944	-0.573154	0	0	0.441862	0.0125259	-0.272691	0.594082	-0.21179	0	0	-0.37132	-0.0385221	0.148974	0.0839166	-0.213536	-0.250141	1.00668	1.5708	0	0	0.0653877	-0.170589	0.220254	0.513503	1.57079	0	0
1.08576	0.0432489	-0.11886	-1.62442	0.329527	0.942898	1.05078	-0.0130032	0.0835849	0.13492	1.0547	-0.584689	0	0	0.439671	0.013193	-0.272648	0.600759	-0.20083	0	0	-0.370528	-0.0406673	0.147818	0.0810642	-0.210501	-0.250583	0.999928	1.5708	0	0	0.0670529	-0.171932	0.219742	0.517744	1.57079	0	0
1.08975	0.0445714	-0.118116	-1.62537	0.329673	0.943329	1.05598	-0.00148481	0.0808731	0.13265	1.0699	-0.594429	0	0	0.437302	0.0138723	-0.27253	0.606834	-0.190069	0	0	-0.369756	-0.0427222	0.146673	0.0783264	-0.207554	-0.250935	0.992988	1.5708	0	0	0.068837	-0.173306	0.219276	0.522069	1.57079	0	0
1.09374	0.0458142	-0.117314	-1.62633	0.329814	0.943771	1.06113	0.0104516	0.0782888	0.130509	1.08495	-0.602372	0	0	0.434752	0.0145572	-0.27234	0.612328	-0.179548	0	0	-0.369011	-0.0446719	0.145529	0.0756924	-0.204697	-0.251207	0.985877	1.5708	0	0	0.0707415	-0.174713	0.218867	0.526466	1.57079	0	0
1.09773	0.0469678	-0.116466	-1.62728	0.32995	0.944223	1.06621	0.0227554	0.0758386	0.12847	1.09975	-0.608534	0	0	0.432022	0.0152408	-0.272076	0.617265	-0.169299	0	0	-0.368301	-0.0465015	0.144378	0.0731503	-0.201932	-0.251408	0.978617	1.5708	0	0	0.0727675	-0.176151	0.218525	0.530922	1.57079	0	0
1.10172	0.0480231	-0.115579	-1.62821	0.330083	0.944686	1.07125	0.0353785	0.0735279	0.126508	1.11424	-0.612942	0	0	0.429112	0.0159155	-0.271737	0.621672	-0.159349	0	0	-0.36763	-0.0481966	0.143212	0.0706874	-0.199261	-0.251549	0.971232	1.5708	0	0	0.0749164	-0.17762	0.218256	0.535422	1.57079	0	0
1.10572	0.0489714	-0.114664	-1.62908	0.330213	0.945159	1.07624	0.0482759	0.071361	0.124596	1.12834	-0.615635	0	0	0.426026	0.0165737	-0.27132	0.625579	-0.149716	0	0	-0.367003	-0.0497434	0.142023	0.0682901	-0.196685	-0.251644	0.963743	1.5708	0	0	0.0771897	-0.179118	0.218069	0.539951	1.57079	0	0
1.10971	0.0498049	-0.113725	-1.6299	0.330341	0.945642	1.08118	0.0614048	0.0693408	0.122711	1.14197	-0.616662	0	0	0.422772	0.0172079	-0.270819	0.629015	-0.140416	0	0	-0.366422	-0.0511291	0.140807	0.0659445	-0.194204	-0.251705	0.956173	1.5708	0	0	0.0795883	-0.180642	0.217967	0.544497	1.57079	0	0
1.1137	0.0505167	-0.11277	-1.63065	0.330469	0.946133	1.08608	0.0747248	0.0674683	0.120825	1.15509	-0.61608	0	0	0.419356	0.017811	-0.270232	0.632016	-0.131454	0	0	-0.365889	-0.0523425	0.139559	0.0636366	-0.191819	-0.251747	0.948544	1.5708	0	0	0.0821127	-0.18219	0.217956	0.549046	1.57079	0	0
1.11769	0.0511009	-0.111803	-1.63131	0.330597	0.946632	1.09094	0.0881973	0.0657429	0.118915	1.16762	-0.613957	0	0	0.415788	0.018376	-0.269553	0.634613	-0.122833	0	0	-0.365404	-0.0533738	0.138275	0.061352	-0.189527	-0.251785	0.940878	1.5708	0	0	0.0847626	-0.183758	0.218039	0.553586	1.57079	0	0
1.12168	0.0515529	-0.11083	-1.63188	0.330727	0.947137	1.09577	0.101785	0.0641625	0.116959	1.17952	-0.610368	0	0	0.412076	0.0188971	-0.268776	0.636842	-0.114551	0	0	-0.364966	-0.0542151	0.136953	0.059077	-0.187328	-0.251835	0.933195	1.5708	0	0	0.0875376	-0.185343	0.218216	0.558105	1.57079	0	0
1.12567	0.0518695	-0.109853	-1.63234	0.330858	0.947646	1.10056	0.115453	0.0627236	0.114934	1.19074	-0.605396	0	0	0.408231	0.0193689	-0.2679	0.638735	-0.106602	0	0	-0.364575	-0.0548602	0.135592	0.0567977	-0.185219	-0.251912	0.925516	1.5708	0	0	0.0904367	-0.186942	0.218489	0.562595	1.57079	0	0
1.12967	0.0520485	-0.108878	-1.63268	0.330991	0.948159	1.10532	0.129165	0.0614217	0.112821	1.20123	-0.599133	0	0	0.404263	0.0197868	-0.266919	0.640325	-0.0989767	0	0	-0.364231	-0.0553051	0.134191	0.0545007	-0.183198	-0.252033	0.91786	1.5708	0	0	0.0934583	-0.188551	0.218857	0.567046	1.57079	0	0
1.13366	0.0520891	-0.107907	-1.63291	0.331127	0.948672	1.11005	0.142887	0.0602517	0.110604	1.21095	-0.591674	0	0	0.400181	0.020147	-0.265831	0.641645	-0.0916638	0	0	-0.363932	-0.0555475	0.132752	0.0521731	-0.18126	-0.252217	0.910245	1.5708	0	0	0.0966007	-0.190167	0.219318	0.571452	1.57079	0	0
1.13765	0.0519917	-0.106945	-1.63301	0.331265	0.949185	1.11476	0.156587	0.0592085	0.10827	1.21987	-0.583121	0	0	0.395995	0.0204466	-0.264635	0.642726	-0.0846491	0	0	-0.363678	-0.0555872	0.131277	0.0498032	-0.179403	-0.252478	0.902688	1.5708	0	0	0.0998613	-0.191787	0.21987	0.575807	1.57079	0	0
1.14164	0.0517576	-0.105993	-1.63298	0.331407	0.949696	1.11945	0.170231	0.0582868	0.105807	1.22795	-0.573574	0	0	0.391713	0.020683	-0.263328	0.643598	-0.0779164	0	0	-0.363467	-0.0554256	0.129766	0.0473802	-0.177622	-0.252833	0.895205	1.5708	0	0	0.103236	-0.193407	0.22051	0.580109	1.57079	0	0
1.14563	0.0513892	-0.105056	-1.63283	0.33155	0.950202	1.12411	0.183791	0.0574817	0.103209	1.23516	-0.563136	0	0	0.387346	0.0208548	-0.261912	0.644291	-0.071448	0	0	-0.363298	-0.055066	0.128222	0.0448943	-0.175912	-0.253298	0.887809	1.5708	0	0	0.106722	-0.195027	0.221234	0.584356	1.57079	0	0
1.14962	0.0508898	-0.104136	-1.63254	0.331696	0.950703	1.12876	0.197237	0.0567887	0.100473	1.24149	-0.551907	0	0	0.382901	0.020961	-0.260385	0.644832	-0.0652254	0	0	-0.36317	-0.0545133	0.126649	0.0423374	-0.17427	-0.253885	0.880514	1.5708	0	0	0.110313	-0.196642	0.222037	0.588551	1.57079	0	0
1.15362	0.0502637	-0.103237	-1.63212	0.331844	0.951195	1.13339	0.210541	0.0562036	0.0975982	1.24691	-0.539989	0	0	0.378387	0.0210012	-0.258749	0.645247	-0.0592293	0	0	-0.363085	-0.0537739	0.125051	0.0397024	-0.17269	-0.254607	0.873333	1.5708	0	0	0.114003	-0.198254	0.222915	0.592698	1.57079	0	0
1.15761	0.0495159	-0.102362	-1.63158	0.331992	0.951678	1.13801	0.223679	0.0557225	0.0945879	1.25141	-0.527478	0	0	0.373811	0.020976	-0.257007	0.645563	-0.05344	0	0	-0.363043	-0.052856	0.123431	0.0369845	-0.171168	-0.255475	0.866276	1.5708	0	0	0.117788	-0.199859	0.223864	0.596802	1.57079	0	0
1.1616	0.0486524	-0.101514	-1.63091	0.332141	0.952149	1.14262	0.236629	0.0553422	0.0914489	1.25497	-0.514471	0	0	0.369182	0.0208861	-0.255163	0.645802	-0.0478378	0	0	-0.363045	-0.0517695	0.121797	0.0341804	-0.1697	-0.256498	0.859354	1.5708	0	0	0.12166	-0.201459	0.22488	0.600874	1.57079	0	0
1.16559	0.0476799	-0.100694	-1.63013	0.33229	0.952607	1.14721	0.249371	0.0550596	0.0881909	1.25758	-0.501058	0	0	0.364508	0.020733	-0.253223	0.645986	-0.0424035	0	0	-0.363092	-0.0505257	0.120154	0.0312888	-0.168281	-0.257686	0.852576	1.5708	0	0	0.125613	-0.203054	0.225957	0.604924	1.57079	0	0
1.16958	0.0466055	-0.0999063	-1.62924	0.332437	0.953049	1.1518	0.261886	0.0548725	0.0848255	1.25925	-0.487328	0	0	0.359796	0.0205181	-0.251194	0.646135	-0.0371178	0	0	-0.363186	-0.0491361	0.118509	0.0283096	-0.166909	-0.259044	0.84595	1.5708	0	0	0.12964	-0.204644	0.227092	0.608963	1.57079	0	0
1.17358	0.0454366	-0.0991518	-1.62826	0.332582	0.953474	1.15637	0.274159	0.0547795	0.0813657	1.25997	-0.473364	0	0	0.355054	0.0202431	-0.249084	0.646269	-0.0319623	0	0	-0.363328	-0.0476125	0.116866	0.0252435	-0.165578	-0.260576	0.839484	1.5708	0	0	0.133735	-0.206229	0.228279	0.613002	1.57079	0	0
1.17757	0.0441806	-0.0984321	-1.62718	0.332725	0.953881	1.16094	0.286175	0.0547796	0.0778253	1.25973	-0.459244	0	0	0.350289	0.0199095	-0.246902	0.646404	-0.0269192	0	0	-0.363518	-0.0459664	0.11523	0.0220924	-0.164285	-0.262287	0.833183	1.5708	0	0	0.137891	-0.20781	0.229511	0.617047	1.57079	0	0
1.18156	0.0428454	-0.0977477	-1.62602	0.332863	0.954268	1.1655	0.297922	0.0548721	0.0742185	1.25854	-0.445043	0	0	0.345509	0.019519	-0.244656	0.646556	-0.0219714	0	0	-0.363758	-0.0442093	0.113606	0.0188595	-0.163027	-0.264177	0.827052	1.5708	0	0	0.142104	-0.209387	0.230784	0.621105	1.57079	0	0
1.18555	0.0414392	-0.0970984	-1.62479	0.332997	0.954633	1.17005	0.309389	0.0550559	0.0705597	1.2564	-0.43083	0	0	0.34072	0.0190735	-0.242356	0.64674	-0.0171028	0	0	-0.364045	-0.0423529	0.111998	0.0155487	-0.1618	-0.266246	0.821094	1.5708	0	0	0.146368	-0.21096	0.23209	0.625182	1.57079	0	0
1.18954	0.0399703	-0.0964831	-1.62349	0.333124	0.954974	1.17459	0.320567	0.0553298	0.0668631	1.25331	-0.416669	0	0	0.335931	0.0185752	-0.240011	0.646968	-0.0122984	0	0	-0.36438	-0.0404084	0.110409	0.0121647	-0.160601	-0.268494	0.815312	1.5708	0	0	0.15068	-0.212529	0.233424	0.629281	1.57079	0	0
1.19353	0.0384469	-0.0958999	-1.62214	0.333246	0.955291	1.17913	0.33145	0.0556919	0.0631427	1.24928	-0.402619	0	0	0.331149	0.0180264	-0.237632	0.647252	-0.00754386	0	0	-0.364759	-0.0383872	0.108842	0.00871309	-0.159425	-0.270919	0.809704	1.5708	0	0	0.155033	-0.214095	0.234782	0.633405	1.5708	0	0
1.19753	0.0368775	-0.095346	-1.62074	0.33336	0.955582	1.18366	0.342032	0.0561397	0.0594114	1.24431	-0.388736	0	0	0.326382	0.0174294	-0.235227	0.647603	-0.00282621	0	0	-0.365181	-0.0363001	0.107297	0.00520058	-0.158271	-0.273517	0.804272	1.5708	0	0	0.159425	-0.215659	0.236158	0.637554	1.5708	0	0
1.20152	0.0352702	-0.0948172	-1.6193	0.333466	0.955844	1.18819	0.352311	0.0566701	0.0556814	1.23841	-0.375068	0	0	0.32164	0.0167867	-0.232807	0.648029	0.00186632	0	0	-0.365641	-0.0341581	0.105777	0.00163481	-0.157134	-0.276284	0.799013	1.5708	0	0	0.163852	-0.217221	0.237548	0.641728	1.5708	0	0
1.20551	0.0336329	-0.0943089	-1.61784	0.333563	0.956078	1.19271	0.362287	0.0572798	0.0519638	1.23159	-0.361661	0	0	0.31693	0.0161006	-0.230381	0.648539	0.00654436	0	0	-0.366137	-0.0319713	0.104281	-0.00197587	-0.156011	-0.279216	0.793927	1.5708	0	0	0.168313	-0.218785	0.238948	0.645926	1.5708	0	0
1.2095	0.031973	-0.0938163	-1.61635	0.333652	0.956282	1.19723	0.371958	0.0579647	0.0482681	1.22385	-0.348553	0	0	0.312263	0.0153736	-0.227955	0.649139	0.0112177	0	0	-0.366664	-0.0297494	0.102807	-0.00562313	-0.154898	-0.282306	0.789009	1.5708	0	0	0.172803	-0.22035	0.240352	0.650148	1.5708	0	0
1.21349	0.0302971	-0.0933352	-1.61484	0.333731	0.956454	1.20173	0.381324	0.0587208	0.0446017	1.21521	-0.335779	0	0	0.307646	0.014608	-0.225536	0.649838	0.0158955	0	0	-0.367218	-0.0275007	0.101349	-0.00929886	-0.15379	-0.285548	0.784257	1.5708	0	0	0.177317	-0.221923	0.241758	0.654394	1.5708	0	0
1.21748	0.0286114	-0.0928624	-1.61331	0.333799	0.956594	1.20624	0.390381	0.0595433	0.04097	1.20567	-0.323366	0	0	0.303086	0.0138059	-0.223126	0.650643	0.020586	0	0	-0.367794	-0.0252331	0.0998997	-0.0129952	-0.152683	-0.288933	0.779665	1.5708	0	0	0.18185	-0.223506	0.243164	0.658665	1.5708	0	0
1.22148	0.0269217	-0.0923949	-1.61176	0.333858	0.956701	1.21074	0.399127	0.0604264	0.0373776	1.19524	-0.311339	0	0	0.298588	0.0129701	-0.220729	0.651562	0.0252967	0	0	-0.368389	-0.0229535	0.0984495	-0.0167046	-0.151572	-0.292453	0.77523	1.5708	0	0	0.186394	-0.225106	0.244565	0.662963	1.5708	0	0
1.22547	0.0252332	-0.0919304	-1.61019	0.333906	0.956774	1.21523	0.407559	0.0613636	0.0338283	1.18392	-0.299718	0	0	0.294158	0.0121033	-0.218344	0.6526	0.0300342	0	0	-0.368998	-0.0206688	0.0969889	-0.0204193	-0.150453	-0.296098	0.770947	1.5708	0	0	0.190941	-0.226727	0.245958	0.667288	1.5708	0	0
1.22946	0.0235515	-0.0914669	-1.6086	0.333943	0.956812	1.21973	0.415672	0.0623477	0.0303265	1.17174	-0.288519	0	0	0.2898	0.0112089	-0.215971	0.653764	0.034805	0	0	-0.369619	-0.0183853	0.0955079	-0.0241318	-0.149321	-0.299858	0.766808	1.5708	0	0	0.195485	-0.228374	0.24734	0.671642	1.5708	0	0
1.23345	0.0218818	-0.091003	-1.60698	0.33397	0.956816	1.22422	0.423464	0.063371	0.0268776	1.15869	-0.277756	0	0	0.285519	0.0102903	-0.213612	0.65506	0.0396148	0	0	-0.370247	-0.0161096	0.0939972	-0.0278347	-0.148172	-0.303724	0.76281	1.5708	0	0	0.200015	-0.230052	0.24871	0.676026	1.5708	0	0
1.23744	0.0202296	-0.0905374	-1.60535	0.333987	0.956785	1.2287	0.430929	0.0644256	0.0234894	1.14478	-0.267436	0	0	0.281315	0.00935154	-0.211266	0.656491	0.044469	0	0	-0.370879	-0.0138481	0.0924482	-0.0315207	-0.147005	-0.307684	0.758945	1.5708	0	0	0.204524	-0.231768	0.250064	0.680443	1.5708	0	0
1.24144	0.0186007	-0.0900695	-1.6037	0.333992	0.956718	1.23319	0.438066	0.0655036	0.0201724	1.13004	-0.257567	0	0	0.277193	0.00839711	-0.208935	0.658063	0.0493723	0	0	-0.371512	-0.0116078	0.0908536	-0.0351828	-0.145816	-0.311727	0.755209	1.5708	0	0	0.209002	-0.233525	0.2514	0.684893	1.5708	0	0
1.24543	0.0170013	-0.089599	-1.60204	0.333988	0.956615	1.23767	0.444868	0.0665972	0.0169411	1.11445	-0.248153	0	0	0.273151	0.00743191	-0.206621	0.659776	0.0543288	0	0	-0.372144	-0.00939594	0.0892075	-0.0388147	-0.144603	-0.315844	0.751596	1.5708	0	0	0.213441	-0.235328	0.252718	0.689377	1.5708	0	0
1.24942	0.0154375	-0.0891266	-1.60037	0.333972	0.956477	1.24216	0.45133	0.0676996	0.0138133	1.09804	-0.239194	0	0	0.269189	0.00646091	-0.204328	0.661632	0.059342	0	0	-0.372773	-0.00721981	0.0875055	-0.0424108	-0.143367	-0.320023	0.748102	1.5708	0	0	0.217831	-0.23718	0.254014	0.693896	1.5708	0	0
1.25341	0.0139155	-0.0886535	-1.59869	0.333947	0.956303	1.24664	0.457448	0.0688055	0.0108106	1.08082	-0.230689	0	0	0.265303	0.00548889	-0.20206	0.663632	0.0644152	0	0	-0.373395	-0.00508655	0.0857436	-0.0459664	-0.142104	-0.324255	0.744721	1.5708	0	0	0.222163	-0.239085	0.255286	0.698449	1.5708	0	0
1.2574	0.0124414	-0.0881813	-1.59702	0.333911	0.956095	1.25113	0.463213	0.0699104	0.0079581	1.0628	-0.222635	0	0	0.261489	0.00452059	-0.199822	0.665774	0.0695509	0	0	-0.37401	-0.00300307	0.0839183	-0.0494769	-0.140815	-0.32853	0.741448	1.5708	0	0	0.22643	-0.241044	0.256532	0.703034	1.5708	0	0
1.26139	0.011021	-0.0877113	-1.59535	0.333864	0.955851	1.25562	0.468622	0.0710114	0.0052844	1.04398	-0.215024	0	0	0.257745	0.00356054	-0.197618	0.668056	0.0747513	0	0	-0.374617	-0.000975863	0.0820266	-0.0529384	-0.139499	-0.332838	0.73828	1.5708	0	0	0.230621	-0.243061	0.257749	0.707653	1.5708	0	0
1.26539	0.0096599	-0.0872454	-1.59369	0.333807	0.955574	1.26011	0.473667	0.0721067	0.00282111	1.02439	-0.20785	0	0	0.254063	0.00261298	-0.195452	0.670476	0.0800176	0	0	-0.375213	0.000989068	0.0800651	-0.0563472	-0.138157	-0.33717	0.735212	1.5708	0	0	0.234728	-0.245139	0.258938	0.712303	1.5708	0	0
1.26938	0.00836301	-0.0867857	-1.59205	0.33374	0.955262	1.26461	0.478344	0.0731958	0.0006021	1.00404	-0.201101	0	0	0.250439	0.00168176	-0.193328	0.673031	0.0853506	0	0	-0.375798	0.00288631	0.0780303	-0.0597	-0.136787	-0.341519	0.732238	1.5708	0	0	0.238744	-0.247279	0.260096	0.716984	1.5708	0	0
1.27337	0.0071346	-0.0863343	-1.59043	0.333663	0.954918	1.26912	0.482646	0.074279	-0.00133733	0.982948	-0.194766	0	0	0.246865	0.000770237	-0.191251	0.675719	0.0907505	0	0	-0.376371	0.00471113	0.0759182	-0.0629938	-0.13539	-0.345874	0.729356	1.5708	0	0	0.242658	-0.249484	0.261223	0.721695	1.5708	0	0
1.27736	0.0059782	-0.0858939	-1.58882	0.333575	0.954542	1.27363	0.48657	0.0753575	-0.00296096	0.961132	-0.188828	0	0	0.243336	-0.000118715	-0.189221	0.678534	0.0962165	0	0	-0.376931	0.00645954	0.0737245	-0.0662258	-0.133965	-0.350228	0.726559	1.5708	0	0	0.246462	-0.251758	0.262319	0.726437	1.5708	0	0
1.28135	0.00489652	-0.0854668	-1.58723	0.333478	0.954134	1.27816	0.49011	0.0764328	-0.00423185	0.938616	-0.183273	0	0	0.239844	-0.000982729	-0.187241	0.681474	0.101746	0	0	-0.377477	0.00812853	0.0714436	-0.0693927	-0.132513	-0.354573	0.723842	1.5708	0	0	0.250149	-0.254101	0.26338	0.731209	1.5708	0	0
1.28534	0.00389135	-0.0850549	-1.58567	0.33337	0.953695	1.28269	0.493266	0.0775067	-0.00511274	0.915424	-0.178081	0	0	0.236383	-0.00182009	-0.18531	0.684534	0.107336	0	0	-0.37801	0.00971623	0.0690687	-0.0724915	-0.131034	-0.358902	0.721202	1.5708	0	0	0.25371	-0.256517	0.264407	0.73601	1.5708	0	0
1.28934	0.00296349	-0.0846603	-1.58411	0.333251	0.953228	1.28724	0.496034	0.0785811	-0.00556682	0.891586	-0.173234	0	0	0.232947	-0.00262974	-0.183428	0.687708	0.112979	0	0	-0.378528	0.011222	0.0665922	-0.0755193	-0.129526	-0.363209	0.718634	1.5708	0	0	0.257138	-0.259008	0.265396	0.74084	1.5708	0	0
1.29333	0.00211285	-0.0842849	-1.58256	0.333123	0.952732	1.2918	0.498416	0.0796574	-0.0055587	0.867133	-0.168709	0	0	0.22953	-0.00341115	-0.181589	0.690992	0.118669	0	0	-0.379029	0.0126462	0.0640059	-0.0784738	-0.127989	-0.367487	0.716133	1.5708	0	0	0.260427	-0.261574	0.266348	0.745698	1.5708	0	0
1.29732	0.00133855	-0.0839311	-1.58102	0.332985	0.952209	1.29638	0.500412	0.0807367	-0.00505569	0.8421	-0.164485	0	0	0.226126	-0.00416416	-0.179788	0.69438	0.124397	0	0	-0.379514	0.0139901	0.0613018	-0.081354	-0.126422	-0.371731	0.713696	1.5708	0	0	0.263571	-0.264218	0.267262	0.750581	1.5708	0	0
1.30131	0.000639	-0.0836011	-1.57947	0.332838	0.95166	1.30098	0.502024	0.0818189	-0.0040286	0.816528	-0.160535	0	0	0.222729	-0.004889	-0.178019	0.697868	0.130155	0	0	-0.37998	0.0152557	0.0584721	-0.0841591	-0.124826	-0.375938	0.711318	1.5708	0	0	0.266565	-0.266939	0.268138	0.755487	1.5708	0	0
1.3053	1.19735e-05	-0.0832975	-1.57791	0.33268	0.951086	1.30559	0.503257	0.0829029	-0.00245243	0.790461	-0.156833	0	0	0.219333	-0.00558619	-0.176272	0.701449	0.13593	0	0	-0.380428	0.0164458	0.0555102	-0.0868892	-0.123199	-0.380104	0.708994	1.5708	0	0	0.269403	-0.269739	0.26898	0.760411	1.5708	0	0
1.30929	-0.000545335	-0.0830226	-1.57633	0.332513	0.95049	1.31023	0.504116	0.0839862	-0.000306881	0.763946	-0.153353	0	0	0.215932	-0.00625659	-0.174538	0.705118	0.141712	0	0	-0.380855	0.0175637	0.05241	-0.0895447	-0.121541	-0.384226	0.706722	1.5708	0	0	0.272084	-0.272617	0.26979	0.765349	1.5708	0	0
1.31329	-0.00103623	-0.0827785	-1.57472	0.332336	0.949872	1.31489	0.504609	0.0850651	0.00242312	0.737039	-0.150064	0	0	0.212521	-0.00690132	-0.172807	0.70887	0.147485	0	0	-0.381262	0.0186132	0.0491668	-0.0921267	-0.119851	-0.388301	0.704497	1.5708	0	0	0.274605	-0.275572	0.270572	0.770295	1.5708	0	0
1.31728	-0.00146453	-0.0825671	-1.57307	0.33215	0.949235	1.31957	0.504748	0.0861349	0.00574707	0.709797	-0.146935	0	0	0.209094	-0.00752189	-0.171065	0.712698	0.153236	0	0	-0.381647	0.0195987	0.0457773	-0.0946368	-0.118129	-0.392328	0.702315	1.5708	0	0	0.276966	-0.278603	0.271331	0.775241	1.5708	0	0
1.32127	-0.0018345	-0.0823902	-1.57137	0.331954	0.948579	1.32428	0.504543	0.0871896	0.00966869	0.682283	-0.143934	0	0	0.205647	-0.00812017	-0.169304	0.716596	0.158947	0	0	-0.38201	0.0205248	0.0422397	-0.097077	-0.116375	-0.396307	0.700171	1.5708	0	0	0.279165	-0.281707	0.272073	0.780178	1.5708	0	0
1.32526	-0.00215089	-0.0822494	-1.56962	0.331749	0.947908	1.32902	0.504009	0.0882228	0.0141856	0.654567	-0.141028	0	0	0.202175	-0.00869843	-0.167509	0.720557	0.164601	0	0	-0.382349	0.0213969	0.0385536	-0.0994497	-0.11459	-0.400237	0.698062	1.5708	0	0	0.281204	-0.284882	0.272806	0.785099	1.5708	0	0
1.32925	-0.00241876	-0.0821465	-1.56781	0.331534	0.947222	1.33379	0.503164	0.0892273	0.019289	0.626723	-0.138183	0	0	0.198671	-0.0092593	-0.165669	0.724573	0.170179	0	0	-0.382665	0.0222204	0.0347204	-0.101758	-0.112773	-0.404118	0.695982	1.5708	0	0	0.283086	-0.288123	0.273537	0.789993	1.5708	0	0
1.33325	-0.00264344	-0.0820829	-1.56593	0.33131	0.946524	1.3386	0.502025	0.0901954	0.0249636	0.59883	-0.135364	0	0	0.195132	-0.00980563	-0.163772	0.728636	0.17566	0	0	-0.382958	0.023001	0.0307435	-0.104004	-0.110925	-0.407952	0.693929	1.5708	0	0	0.284813	-0.291426	0.274274	0.794848	1.5708	0	0
1.33724	-0.00283047	-0.0820602	-1.56398	0.331077	0.945817	1.34343	0.500615	0.0911192	0.0311879	0.570974	-0.132535	0	0	0.191552	-0.0103406	-0.161806	0.732739	0.181022	0	0	-0.383226	0.0237447	0.026628	-0.106193	-0.109046	-0.411742	0.691898	1.5708	0	0	0.286388	-0.294786	0.275026	0.799653	1.5708	0	0
1.34123	-0.00298567	-0.0820797	-1.56195	0.330834	0.945102	1.3483	0.498956	0.0919913	0.0379338	0.543243	-0.129662	0	0	0.187924	-0.0108676	-0.159762	0.736872	0.186242	0	0	-0.383469	0.0244577	0.022381	-0.108327	-0.107137	-0.415492	0.689885	1.5708	0	0	0.287818	-0.298195	0.2758	0.804395	1.5708	0	0
1.34522	-0.00311507	-0.0821424	-1.55984	0.330581	0.944383	1.35321	0.497074	0.092805	0.0451678	0.515732	-0.126713	0	0	0.184245	-0.0113906	-0.157628	0.741027	0.191297	0	0	-0.383688	0.0251464	0.0180121	-0.110412	-0.1052	-0.419207	0.687888	1.5708	0	0	0.289106	-0.301644	0.276604	0.809059	1.5708	0	0
1.34921	-0.00322484	-0.0822489	-1.55764	0.33032	0.943662	1.35816	0.494996	0.0935547	0.0528502	0.488537	-0.12366	0	0	0.18051	-0.0119138	-0.155397	0.745194	0.196162	0	0	-0.383881	0.0258171	0.013533	-0.112453	-0.103235	-0.422894	0.685905	1.5708	0	0	0.290258	-0.305125	0.277445	0.813632	1.5708	0	0
1.3532	-0.00332118	-0.0823995	-1.55537	0.330048	0.942941	1.36315	0.492752	0.0942362	0.0609352	0.461757	-0.12048	0	0	0.176714	-0.0124416	-0.153061	0.749365	0.200811	0	0	-0.384048	0.0264765	0.00895794	-0.114455	-0.101246	-0.426559	0.683933	1.5708	0	0	0.291281	-0.308625	0.278331	0.818099	1.5708	0	0
1.3572	-0.00341024	-0.0825941	-1.55301	0.329768	0.942224	1.36818	0.49037	0.0948469	0.0693716	0.435491	-0.117154	0	0	0.172853	-0.0129786	-0.150615	0.753531	0.205221	0	0	-0.384186	0.0271306	0.00430311	-0.116424	-0.0992327	-0.43021	0.681972	1.5708	0	0	0.292181	-0.312136	0.279269	0.822446	1.5708	0	0
1.36119	-0.00349795	-0.0828318	-1.55058	0.329479	0.941513	1.37325	0.487883	0.0953858	0.0781022	0.409841	-0.113672	0	0	0.168925	-0.0135294	-0.148056	0.757685	0.209364	0	0	-0.384294	0.0277854	-0.000412769	-0.118367	-0.0971991	-0.433857	0.68002	1.5708	0	0	0.292965	-0.315643	0.280266	0.826658	1.5708	0	0
1.36518	-0.00358996	-0.0831116	-1.54807	0.329181	0.940812	1.37837	0.485322	0.0958534	0.0870649	0.384907	-0.110031	0	0	0.164925	-0.0140987	-0.145383	0.761817	0.213215	0	0	-0.384368	0.0284464	-0.00516886	-0.12029	-0.0951482	-0.437506	0.678077	1.5708	0	0	0.293637	-0.319134	0.281328	0.83072	1.5708	0	0
1.36917	-0.00369154	-0.0834319	-1.54551	0.328874	0.940122	1.38354	0.482719	0.0962523	0.0961934	0.360784	-0.106237	0	0	0.160852	-0.0146907	-0.142596	0.76592	0.216746	0	0	-0.384406	0.0291186	-0.00994247	-0.122202	-0.093084	-0.441166	0.676143	1.5708	0	0	0.294206	-0.322594	0.282459	0.83462	1.5708	0	0
1.37316	-0.00380746	-0.083791	-1.54288	0.328558	0.939448	1.38875	0.480103	0.0965868	0.105418	0.337567	-0.102307	0	0	0.156704	-0.0153094	-0.139698	0.769985	0.219932	0	0	-0.384404	0.0298062	-0.0147093	-0.124109	-0.0910109	-0.444844	0.674217	1.5708	0	0	0.294675	-0.326009	0.283663	0.838342	1.5708	0	0
1.37715	-0.00394192	-0.0841865	-1.54022	0.328235	0.938793	1.39402	0.477503	0.0968631	0.114667	0.315342	-0.0982663	0	0	0.152478	-0.0159585	-0.136694	0.774006	0.222744	0	0	-0.384358	0.0305128	-0.0194438	-0.126019	-0.0889344	-0.448546	0.672299	1.5708	0	0	0.29505	-0.329362	0.284943	0.841876	1.5708	0	0
1.38115	-0.00409849	-0.0846162	-1.53752	0.327903	0.93816	1.39933	0.474944	0.0970891	0.123867	0.294189	-0.0941524	0	0	0.148172	-0.0166409	-0.133591	0.777974	0.225155	0	0	-0.384264	0.0312413	-0.0241191	-0.127939	-0.0868607	-0.452277	0.670388	1.5708	0	0	0.295335	-0.332637	0.2863	0.845207	1.5708	0	0
1.38514	-0.00427954	-0.0850726	-1.53481	0.327595	0.937475	1.40473	0.472448	0.0972747	0.132943	0.274179	-0.0900129	0	0	0.143784	-0.0173593	-0.130398	0.781884	0.227138	0	0	-0.384118	0.0319934	-0.0287077	-0.129878	-0.0847965	-0.45604	0.668484	1.5708	0	0	0.295534	-0.335817	0.287735	0.848325	1.5708	0	0
1.38913	-0.00448731	-0.0855534	-1.53209	0.327307	0.936748	1.41022	0.470032	0.0974307	0.141825	0.255372	-0.0859051	0	0	0.139311	-0.0181155	-0.127126	0.785728	0.228665	0	0	-0.383917	0.0327704	-0.0331814	-0.131842	-0.0827497	-0.459836	0.666586	1.5708	0	0	0.295651	-0.338886	0.289251	0.851217	1.5708	0	0
1.39312	-0.00472344	-0.0860569	-1.52939	0.327036	0.935989	1.41577	0.467708	0.0975686	0.150439	0.237817	-0.0818952	0	0	0.134752	-0.0189104	-0.123787	0.7895	0.229708	0	0	-0.383656	0.0335731	-0.0375125	-0.13384	-0.0807285	-0.463664	0.664692	1.5708	0	0	0.295687	-0.341827	0.290845	0.853874	1.5708	0	0
1.39711	-0.00498905	-0.0865822	-1.52671	0.32678	0.935207	1.42139	0.465484	0.0977012	0.15872	0.221551	-0.0780569	0	0	0.130101	-0.0197451	-0.120394	0.793193	0.23024	0	0	-0.383332	0.0344018	-0.0416737	-0.135877	-0.0787415	-0.467522	0.662801	1.5708	0	0	0.295644	-0.344622	0.292519	0.856286	1.5708	0	0
1.40111	-0.00528468	-0.0871296	-1.52408	0.326536	0.93441	1.42708	0.463361	0.0978411	0.166601	0.2066	-0.0744697	0	0	0.125356	-0.02062	-0.116965	0.7968	0.230232	0	0	-0.382943	0.0352562	-0.0456385	-0.137961	-0.076798	-0.471404	0.66091	1.5708	0	0	0.295522	-0.347258	0.29427	0.858444	1.5708	0	0
1.4051	-0.00561035	-0.0877003	-1.52152	0.326302	0.933605	1.43281	0.461335	0.0980013	0.174024	0.192978	-0.0712167	0	0	0.120511	-0.0215353	-0.113515	0.800317	0.229658	0	0	-0.382489	0.0361354	-0.0493815	-0.140097	-0.0749076	-0.475304	0.659019	1.5708	0	0	0.29532	-0.349717	0.296095	0.860341	1.5708	0	0
1.40909	-0.00596557	-0.0882968	-1.51903	0.326076	0.932801	1.4386	0.459397	0.0981942	0.180933	0.180688	-0.0683836	0	0	0.115559	-0.022491	-0.110063	0.803738	0.228487	0	0	-0.381971	0.0370383	-0.052879	-0.142292	-0.07308	-0.479213	0.657128	1.5708	0	0	0.295036	-0.351984	0.297991	0.861972	1.5708	0	0
1.41308	-0.00634948	-0.0889235	-1.51664	0.325856	0.932004	1.44444	0.457534	0.0984316	0.18728	0.169726	-0.0660564	0	0	0.110493	-0.023487	-0.10663	0.807059	0.226694	0	0	-0.38139	0.037964	-0.0561091	-0.14455	-0.0713243	-0.483122	0.655238	1.5708	0	0	0.29467	-0.354047	0.299953	0.863331	1.5708	0	0
1.41707	-0.00676085	-0.0895857	-1.51435	0.325641	0.93122	1.45032	0.455727	0.0987245	0.193026	0.160076	-0.06432	0	0	0.105305	-0.0245234	-0.103237	0.810276	0.22425	0	0	-0.380752	0.0389114	-0.0590521	-0.146876	-0.0696495	-0.487022	0.653354	1.5708	0	0	0.294217	-0.355892	0.301972	0.864415	1.5708	0	0
1.42106	-0.0071981	-0.0902905	-1.51219	0.325431	0.930454	1.45624	0.453956	0.0990825	0.198137	0.151716	-0.0632571	0	0	0.0999861	-0.0256003	-0.0999061	0.813388	0.221128	0	0	-0.380064	0.0398796	-0.0616907	-0.149276	-0.0680639	-0.490904	0.651481	1.5708	0	0	0.293675	-0.357508	0.304041	0.865223	1.5708	0	0
1.42506	-0.00765934	-0.0910455	-1.51016	0.325223	0.929713	1.46219	0.452198	0.099514	0.20259	0.144615	-0.0629465	0	0	0.0945277	-0.0267182	-0.0966622	0.816393	0.217301	0	0	-0.379332	0.0408674	-0.0640095	-0.151752	-0.0665752	-0.494759	0.649627	1.5708	0	0	0.293041	-0.358882	0.306151	0.865753	1.5708	0	0
1.42905	-0.00814257	-0.0918588	-1.50828	0.325017	0.929	1.46818	0.450427	0.100026	0.206367	0.138738	-0.0634617	0	0	0.0889225	-0.0278784	-0.0935301	0.819292	0.212744	0	0	-0.378566	0.0418731	-0.0659955	-0.154307	-0.0651897	-0.498579	0.647796	1.5708	0	0	0.292314	-0.360005	0.308293	0.866006	1.5708	0	0
1.43304	-0.00864583	-0.0927388	-1.50656	0.324813	0.928319	1.47421	0.448618	0.100625	0.209462	0.134043	-0.0648691	0	0	0.0831643	-0.0290828	-0.0905358	0.822087	0.20743	0	0	-0.377776	0.0428954	-0.0676377	-0.156941	-0.063913	-0.502355	0.645994	1.5708	0	0	0.29149	-0.360871	0.310457	0.865982	1.5708	0	0
1.43703	-0.00916736	-0.0936935	-1.50501	0.32461	0.927675	1.48027	0.446748	0.101315	0.211875	0.130488	-0.0672273	0	0	0.0772485	-0.0303345	-0.0877059	0.824784	0.201335	0	0	-0.37697	0.0439327	-0.0689279	-0.159653	-0.0627494	-0.50608	0.644224	1.5708	0	0	0.290569	-0.361471	0.312633	0.865685	1.5708	0	0
1.44102	-0.00970562	-0.0947308	-1.50362	0.324408	0.92707	1.48635	0.444795	0.102101	0.213611	0.128027	-0.0705854	0	0	0.0711733	-0.0316377	-0.0850677	0.82739	0.194437	0	0	-0.376161	0.0449838	-0.0698602	-0.162442	-0.0617021	-0.509748	0.642493	1.5708	0	0	0.28955	-0.361802	0.31481	0.865118	1.5708	0	0
1.44501	-0.0102594	-0.0958579	-1.50241	0.324206	0.926506	1.49247	0.44274	0.102986	0.214682	0.126614	-0.0749816	0	0	0.0649391	-0.0329977	-0.0826481	0.829914	0.186713	0	0	-0.375357	0.0460477	-0.0704314	-0.165304	-0.0607736	-0.513351	0.640804	1.5708	0	0	0.288431	-0.361861	0.316979	0.864285	1.5708	0	0
1.44901	-0.0108276	-0.097081	-1.50138	0.324006	0.925987	1.49861	0.440567	0.103971	0.215106	0.126204	-0.080442	0	0	0.0585495	-0.0344214	-0.0804744	0.83237	0.178144	0	0	-0.374568	0.0471238	-0.0706408	-0.168234	-0.0599653	-0.516884	0.639161	1.5708	0	0	0.287212	-0.361645	0.319128	0.86319	1.5708	0	0
1.453	-0.0114099	-0.0984055	-1.50053	0.323805	0.925514	1.50477	0.438264	0.105059	0.214904	0.126749	-0.0869786	0	0	0.0520114	-0.0359168	-0.0785736	0.834772	0.168714	0	0	-0.373806	0.0482116	-0.0704898	-0.171226	-0.059278	-0.520341	0.63757	1.5708	0	0	0.285893	-0.361153	0.321246	0.86184	1.5708	0	0
1.45699	-0.0120062	-0.0998351	-1.49985	0.323606	0.925087	1.51096	0.435823	0.10625	0.214101	0.128206	-0.0945892	0	0	0.0453358	-0.0374935	-0.0769726	0.837141	0.158408	0	0	-0.373078	0.0493111	-0.0699818	-0.174273	-0.0587117	-0.523716	0.636034	1.5708	0	0	0.284475	-0.360388	0.323324	0.860242	1.5708	0	0
1.46098	-0.0126169	-0.101372	-1.49936	0.323407	0.924709	1.51716	0.433241	0.107543	0.212724	0.130529	-0.103255	0	0	0.0385373	-0.0391626	-0.0756982	0.839497	0.147216	0	0	-0.372394	0.0504228	-0.0691222	-0.177365	-0.0582656	-0.527007	0.634557	1.5708	0	0	0.28296	-0.359351	0.325349	0.8584	1.5708	0	0
1.46497	-0.013243	-0.103017	-1.49904	0.323209	0.92438	1.52338	0.430517	0.108939	0.210805	0.133674	-0.112941	0	0	0.0316352	-0.0409364	-0.074777	0.841867	0.135131	0	0	-0.37176	0.0515476	-0.0679181	-0.180492	-0.0579386	-0.530207	0.633143	1.5708	0	0	0.28135	-0.358044	0.32731	0.856323	1.5708	0	0
1.46896	-0.0138859	-0.104769	-1.49888	0.323012	0.924101	1.52962	0.427654	0.110434	0.208377	0.137595	-0.123593	0	0	0.0246525	-0.0428283	-0.0742345	0.844278	0.12215	0	0	-0.371185	0.0526867	-0.0663782	-0.183643	-0.0577291	-0.533312	0.631797	1.5708	0	0	0.279647	-0.356472	0.329197	0.854018	1.5708	0	0
1.47296	-0.0145471	-0.106625	-1.4989	0.322817	0.923871	1.53587	0.424659	0.112027	0.205481	0.142249	-0.135138	0	0	0.0176163	-0.0448522	-0.0740955	0.846762	0.108276	0	0	-0.370673	0.0538413	-0.064513	-0.186803	-0.0576352	-0.53632	0.630521	1.5708	0	0	0.277855	-0.35464	0.330998	0.851491	1.5708	0	0
1.47695	-0.015228	-0.10858	-1.49907	0.322623	0.92369	1.54214	0.42154	0.113716	0.202157	0.14759	-0.147481	0	0	0.0105575	-0.0470226	-0.0743834	0.849353	0.093516	0	0	-0.37023	0.0550125	-0.0623345	-0.189959	-0.0576547	-0.539225	0.629321	1.5708	0	0	0.275978	-0.352555	0.3327	0.848752	1.5708	0	0
1.48094	-0.0159303	-0.110628	-1.4994	0.322432	0.923558	1.5484	0.418307	0.115495	0.198453	0.153571	-0.160509	0	0	0.00351086	-0.0493545	-0.0751199	0.852085	0.0778816	0	0	-0.36986	0.0562016	-0.0598555	-0.193093	-0.0577852	-0.542023	0.6282	1.5708	0	0	0.274018	-0.350223	0.334293	0.845808	1.5708	0	0
1.48493	-0.0166559	-0.112758	-1.49989	0.322242	0.923475	1.55468	0.414974	0.117362	0.194423	0.160149	-0.174093	0	0	-0.00348485	-0.051863	-0.0763252	0.854996	0.061391	0	0	-0.369564	0.0574096	-0.0570893	-0.196188	-0.0580243	-0.54471	0.627161	1.5708	0	0	0.271983	-0.347653	0.335764	0.842669	1.5708	0	0
1.48892	-0.0174065	-0.11496	-1.50052	0.322056	0.923439	1.56095	0.411557	0.119311	0.190122	0.167278	-0.188087	0	0	-0.0103875	-0.0545632	-0.0780175	0.858124	0.0440679	0	0	-0.369344	0.0586374	-0.0540488	-0.199229	-0.0583693	-0.547284	0.626209	1.5708	0	0	0.269876	-0.344851	0.337103	0.839342	1.5708	0	0
1.49292	-0.0181837	-0.11722	-1.50129	0.321872	0.923449	1.56723	0.408072	0.121339	0.185611	0.174915	-0.202333	0	0	-0.0171523	-0.0574704	-0.0802131	0.861508	0.0259416	0	0	-0.369198	0.0598854	-0.0507471	-0.202196	-0.0588176	-0.549741	0.625348	1.5708	0	0	0.267707	-0.341828	0.338302	0.835835	1.5708	0	0
1.49691	-0.0189887	-0.119523	-1.5022	0.321691	0.923504	1.57349	0.404538	0.123441	0.180955	0.183018	-0.216664	0	0	-0.0237322	-0.0605993	-0.0829264	0.865187	0.00704786	0	0	-0.369124	0.0611537	-0.0471973	-0.205073	-0.0593661	-0.552081	0.624584	1.5708	0	0	0.265482	-0.338592	0.339356	0.832155	1.5708	0	0
1.5009	-0.0198222	-0.121852	-1.50324	0.321514	0.923603	1.57975	0.400976	0.125614	0.176215	0.191548	-0.230911	0	0	-0.0300792	-0.0639644	-0.0861689	0.869198	-0.0125716	0	0	-0.369117	0.0624416	-0.0434134	-0.207842	-0.0600116	-0.554302	0.623922	1.5708	0	0	0.26321	-0.335154	0.340258	0.828309	1.5708	0	0
1.50489	-0.0206839	-0.12419	-1.50441	0.32134	0.923744	1.586	0.397407	0.127853	0.171451	0.200467	-0.244905	0	0	-0.0361442	-0.0675789	-0.0899503	0.87358	-0.0328691	0	0	-0.369172	0.0637478	-0.03941	-0.210487	-0.0607505	-0.556404	0.623369	1.5708	0	0	0.260898	-0.331525	0.341006	0.824304	1.5708	0	0
1.50888	-0.0215728	-0.126518	-1.5057	0.32117	0.923925	1.59223	0.393855	0.130151	0.166718	0.209742	-0.258483	0	0	-0.0418781	-0.0714553	-0.094277	0.878365	-0.0537902	0	0	-0.369281	0.06507	-0.0352033	-0.212992	-0.0615788	-0.558388	0.622933	1.5708	0	0	0.258556	-0.327716	0.341598	0.820147	1.5708	0	0
1.51287	-0.0224864	-0.128815	-1.5071	0.321004	0.924144	1.59844	0.390346	0.132502	0.162065	0.21934	-0.271488	0	0	-0.0472313	-0.0756048	-0.0991519	0.883589	-0.0752732	0	0	-0.369436	0.0664054	-0.0308105	-0.215343	-0.0624922	-0.560257	0.622622	1.5708	0	0	0.256191	-0.323742	0.342035	0.815845	1.5708	0	0
1.51687	-0.0234216	-0.131062	-1.5086	0.320842	0.924401	1.60463	0.386905	0.134897	0.157532	0.229233	-0.283776	0	0	-0.0521553	-0.0800375	-0.104574	0.889282	-0.0972482	0	0	-0.369625	0.0677503	-0.0262503	-0.217526	-0.063486	-0.562012	0.622445	1.5708	0	0	0.253812	-0.319613	0.342317	0.811405	1.5708	0	0
1.52086	-0.0243745	-0.133239	-1.51019	0.320685	0.924692	1.61079	0.383562	0.137329	0.153153	0.239395	-0.295213	0	0	-0.0566025	-0.0847621	-0.110538	0.895472	-0.119637	0	0	-0.369838	0.0691008	-0.0215435	-0.21953	-0.0645552	-0.563658	0.622411	1.5708	0	0	0.251427	-0.315346	0.342448	0.806834	1.5708	0	0
1.52485	-0.0253402	-0.135325	-1.51186	0.320533	0.925016	1.61693	0.380342	0.139786	0.148951	0.249803	-0.305681	0	0	-0.0605268	-0.0897855	-0.117033	0.902185	-0.142353	0	0	-0.370062	0.0704527	-0.0167126	-0.221343	-0.0656949	-0.565197	0.62253	1.5708	0	0	0.249042	-0.310954	0.342432	0.802138	1.5708	0	0
1.52884	-0.0263132	-0.137301	-1.5136	0.320385	0.92537	1.62303	0.377274	0.142257	0.144947	0.260436	-0.315077	0	0	-0.0638843	-0.0951131	-0.124042	0.909443	-0.165301	0	0	-0.370283	0.0718013	-0.0117823	-0.222956	-0.0669002	-0.56663	0.622811	1.5708	0	0	0.246663	-0.306453	0.342275	0.797327	1.5708	0	0
1.53283	-0.0272877	-0.139149	-1.51538	0.320242	0.925754	1.6291	0.374384	0.144729	0.141152	0.271273	-0.323314	0	0	-0.0666329	-0.100748	-0.131544	0.917265	-0.188377	0	0	-0.370486	0.0731418	-0.00677877	-0.224361	-0.0681669	-0.567958	0.62326	1.5708	0	0	0.244295	-0.301861	0.341981	0.792408	1.5708	0	0
1.53682	-0.0282574	-0.140849	-1.5172	0.320104	0.926164	1.63513	0.371697	0.14719	0.137574	0.282298	-0.330324	0	0	-0.0687333	-0.106691	-0.139513	0.925665	-0.211471	0	0	-0.370658	0.0744695	-0.00172965	-0.225549	-0.0694916	-0.569179	0.623883	1.5708	0	0	0.241942	-0.297193	0.341559	0.787391	1.5708	0	0
1.54082	-0.0292157	-0.142385	-1.51904	0.319971	0.926599	1.64111	0.369236	0.149627	0.134218	0.293492	-0.336053	0	0	-0.0701491	-0.112941	-0.147915	0.934653	-0.234461	0	0	-0.370783	0.0757792	0.00333611	-0.226513	-0.0708713	-0.570287	0.624684	1.5708	0	0	0.239607	-0.292468	0.341015	0.782285	1.5708	0	0
1.54481	-0.0301562	-0.143742	-1.52087	0.319843	0.927057	1.64706	0.367024	0.152028	0.131083	0.30484	-0.340464	0	0	-0.0708469	-0.119494	-0.156714	0.944235	-0.257222	0	0	-0.370848	0.0770659	0.00838917	-0.227247	-0.0723041	-0.571274	0.625663	1.5708	0	0	0.237291	-0.287705	0.340357	0.777099	1.5708	0	0
1.5488	-0.0310728	-0.144906	-1.52269	0.31972	0.927537	1.65295	0.365076	0.154379	0.128167	0.316322	-0.343536	0	0	-0.0707972	-0.126342	-0.165868	0.954411	-0.279623	0	0	-0.370838	0.0783249	0.0134005	-0.227744	-0.0737888	-0.57213	0.626821	1.5708	0	0	0.234995	-0.28292	0.339593	0.771845	1.5708	0	0
1.55279	-0.0319601	-0.145865	-1.52447	0.319602	0.928035	1.6588	0.363408	0.156671	0.125467	0.327921	-0.345262	0	0	-0.0699752	-0.133477	-0.175332	0.965175	-0.301529	0	0	-0.37074	0.0795517	0.0183418	-0.227999	-0.0753252	-0.572842	0.628153	1.5708	0	0	0.232718	-0.278133	0.338731	0.766531	1.5708	0	0
1.55678	-0.0328133	-0.146611	-1.5262	0.319489	0.928552	1.66461	0.362028	0.158894	0.122975	0.339618	-0.345649	0	0	-0.0683613	-0.140885	-0.185057	0.976515	-0.322806	0	0	-0.370545	0.0807427	0.0231857	-0.228008	-0.0769136	-0.573397	0.629655	1.5708	0	0	0.230461	-0.27336	0.33778	0.761169	1.5708	0	0
1.56078	-0.0336286	-0.147138	-1.52787	0.319381	0.929084	1.67036	0.36094	0.161039	0.120683	0.351389	-0.344717	0	0	-0.0659422	-0.148552	-0.194991	0.988411	-0.343318	0	0	-0.370242	0.0818947	0.0279065	-0.227767	-0.0785549	-0.573777	0.631321	1.5708	0	0	0.228222	-0.268621	0.336749	0.755768	1.5708	0	0
1.56477	-0.0344029	-0.147444	-1.52947	0.319277	0.929632	1.67606	0.360141	0.163101	0.118581	0.363212	-0.342498	0	0	-0.0627113	-0.156457	-0.205078	1.00084	-0.362933	0	0	-0.369828	0.0830048	0.032481	-0.227271	-0.0802506	-0.573966	0.633141	1.5708	0	0	0.226	-0.26393	0.335648	0.750337	1.5708	0	0
1.56876	-0.0351338	-0.147529	-1.53098	0.319179	0.930193	1.6817	0.359624	0.165073	0.11666	0.375058	-0.339034	0	0	-0.0586689	-0.164575	-0.215259	1.01376	-0.381527	0	0	-0.3693	0.0840709	0.0368897	-0.226519	-0.0820032	-0.573947	0.635106	1.5708	0	0	0.223794	-0.259306	0.334487	0.744885	1.5708	0	0
1.57275	-0.0358193	-0.147398	-1.5324	0.319085	0.930766	1.6873	0.359373	0.166951	0.11491	0.386898	-0.334378	0	0	-0.0538221	-0.172878	-0.225473	1.02713	-0.398984	0	0	-0.368658	0.0850903	0.0411161	-0.225507	-0.0838155	-0.573704	0.637206	1.5708	0	0	0.221606	-0.254761	0.333279	0.739417	1.5708	0	0
1.57674	-0.0364573	-0.147057	-1.53372	0.318995	0.93135	1.69284	0.359369	0.168732	0.11332	0.398699	-0.328592	0	0	-0.0481838	-0.181329	-0.235658	1.0409	-0.415197	0	0	-0.367906	0.0860605	0.0451476	-0.224234	-0.0856905	-0.57322	0.639429	1.5708	0	0	0.219435	-0.250309	0.332036	0.733941	1.5708	0	0
1.58073	-0.0370459	-0.146517	-1.53493	0.318909	0.931945	1.69832	0.359587	0.170414	0.111883	0.410426	-0.321747	0	0	-0.0417737	-0.18989	-0.245749	1.05502	-0.43007	0	0	-0.36705	0.0869787	0.0489751	-0.222699	-0.0876311	-0.572482	0.641766	1.5708	0	0	0.217286	-0.245962	0.33077	0.728461	1.5708	0	0
1.58473	-0.0375829	-0.14579	-1.53605	0.318827	0.932549	1.70376	0.359996	0.171993	0.110593	0.422041	-0.31392	0	0	-0.034618	-0.198513	-0.255679	1.06941	-0.443524	0	0	-0.366102	0.0878415	0.0525941	-0.220902	-0.0896403	-0.571478	0.644207	1.5708	0	0	0.215162	-0.241731	0.329497	0.722979	1.5708	0	0
1.58872	-0.0380656	-0.144891	-1.53706	0.318749	0.933161	1.70914	0.360563	0.173469	0.109444	0.433507	-0.305196	0	0	-0.0267498	-0.207147	-0.265384	1.08401	-0.455488	0	0	-0.365073	0.0886446	0.0560046	-0.218844	-0.0917208	-0.5702	0.646741	1.5708	0	0	0.213066	-0.237623	0.328231	0.7175	1.5708	0	0
1.59271	-0.0384911	-0.143839	-1.53798	0.318675	0.933782	1.71447	0.361247	0.174841	0.108436	0.444786	-0.295663	0	0	-0.018208	-0.215735	-0.2748	1.09874	-0.465911	0	0	-0.363979	0.089383	0.0592102	-0.216529	-0.0938748	-0.568642	0.64936	1.5708	0	0	0.211002	-0.233646	0.326987	0.712025	1.5708	0	0
1.5967	-0.0388557	-0.142654	-1.5388	0.318604	0.93441	1.71974	0.362007	0.176109	0.10757	0.455841	-0.285412	0	0	-0.00903618	-0.224216	-0.283866	1.11353	-0.474756	0	0	-0.362837	0.0900508	0.0622173	-0.213958	-0.096104	-0.566798	0.652054	1.5708	0	0	0.208974	-0.229808	0.325782	0.706558	1.5708	0	0
1.60069	-0.0391557	-0.14136	-1.53955	0.318536	0.935045	1.72497	0.362799	0.177274	0.106849	0.466637	-0.274535	0	0	0.000718659	-0.23253	-0.292522	1.12828	-0.482001	0	0	-0.361666	0.0906417	0.0650343	-0.211138	-0.0984099	-0.564667	0.654815	1.5708	0	0	0.206983	-0.226112	0.324627	0.701103	1.5708	0	0
1.60468	-0.0393872	-0.139977	-1.54023	0.318471	0.935686	1.73015	0.363579	0.178337	0.106277	0.477138	-0.263127	0	0	0.0110079	-0.240611	-0.300711	1.14292	-0.487644	0	0	-0.360486	0.0911487	0.0676715	-0.208071	-0.100793	-0.562248	0.657632	1.5708	0	0	0.20503	-0.222564	0.323536	0.695666	1.5708	0	0
1.60868	-0.0395457	-0.138529	-1.54084	0.318408	0.936334	1.73528	0.364301	0.179299	0.105861	0.487313	-0.251281	0	0	0.0217823	-0.248395	-0.308382	1.15737	-0.491701	0	0	-0.359315	0.0915648	0.0701403	-0.204764	-0.103252	-0.559547	0.660501	1.5708	0	0	0.203118	-0.219166	0.322517	0.690249	1.5708	0	0
1.61267	-0.0396267	-0.137037	-1.54141	0.318348	0.936987	1.74036	0.364927	0.180161	0.105607	0.497133	-0.239087	0	0	0.0329931	-0.25582	-0.315491	1.17155	-0.494206	0	0	-0.358171	0.0918825	0.0724533	-0.201222	-0.105786	-0.556572	0.663415	1.5708	0	0	0.201245	-0.215919	0.321579	0.684858	1.5708	0	0
1.61666	-0.0396255	-0.13552	-1.54193	0.31829	0.937645	1.7454	0.365417	0.180924	0.105522	0.506573	-0.22663	0	0	0.0445924	-0.262826	-0.322002	1.18538	-0.495211	0	0	-0.35707	0.0920948	0.0746244	-0.197451	-0.108392	-0.553334	0.666369	1.5708	0	0	0.199412	-0.212823	0.32073	0.679496	1.5708	0	0
1.62065	-0.0395377	-0.133997	-1.54244	0.318233	0.938308	1.7504	0.365739	0.18159	0.105614	0.515613	-0.213992	0	0	0.0565335	-0.269359	-0.327888	1.19879	-0.494785	0	0	-0.356025	0.0921946	0.0766682	-0.193459	-0.111067	-0.549848	0.66936	1.5708	0	0	0.197619	-0.209876	0.319974	0.674166	1.5708	0	0
1.62464	-0.0393587	-0.132481	-1.54293	0.318179	0.938976	1.75536	0.365864	0.182159	0.105889	0.524237	-0.201249	0	0	0.0687707	-0.275369	-0.33313	1.2117	-0.493009	0	0	-0.355047	0.0921752	0.0785992	-0.189253	-0.113805	-0.546128	0.672382	1.5708	0	0	0.195866	-0.207078	0.319315	0.668872	1.5708	0	0
1.62864	-0.0390848	-0.130987	-1.54341	0.318125	0.939647	1.76027	0.365769	0.182634	0.106352	0.532432	-0.188469	0	0	0.08126	-0.280812	-0.33772	1.22405	-0.489975	0	0	-0.354145	0.0920305	0.0804315	-0.184841	-0.116603	-0.542192	0.675432	1.5708	0	0	0.194149	-0.204423	0.318755	0.663619	1.5708	0	0
1.63263	-0.0387126	-0.129525	-1.54391	0.318073	0.940322	1.76515	0.365434	0.183014	0.107009	0.54019	-0.175717	0	0	0.0939585	-0.28565	-0.341655	1.23578	-0.485787	0	0	-0.353325	0.091755	0.0821778	-0.18023	-0.119454	-0.538057	0.678508	1.5708	0	0	0.192467	-0.201909	0.31829	0.658413	1.5708	0	0
1.63662	-0.0382396	-0.128103	-1.54442	0.318022	0.940999	1.77	0.364844	0.183303	0.107861	0.547508	-0.16305	0	0	0.106825	-0.289852	-0.344942	1.24683	-0.480551	0	0	-0.352591	0.0913446	0.0838493	-0.175431	-0.122353	-0.533739	0.681608	1.5708	0	0	0.190813	-0.199531	0.317915	0.653263	1.5708	0	0
1.64061	-0.0376643	-0.126728	-1.54496	0.317971	0.941678	1.77481	0.363989	0.183502	0.10891	0.554384	-0.150521	0	0	0.11982	-0.293395	-0.347593	1.25714	-0.474378	0	0	-0.351945	0.090796	0.0854557	-0.17045	-0.125294	-0.529255	0.684732	1.5708	0	0	0.189184	-0.197284	0.317623	0.648176	1.5708	0	0
1.6446	-0.036986	-0.125405	-1.54554	0.317922	0.942359	1.77959	0.362864	0.183612	0.110153	0.560822	-0.138175	0	0	0.132908	-0.296259	-0.349624	1.26666	-0.46738	0	0	-0.351387	0.0901073	0.0870052	-0.165297	-0.12827	-0.524621	0.68788	1.5708	0	0	0.187571	-0.195163	0.317405	0.643163	1.5708	0	0
1.64859	-0.0362047	-0.124135	-1.54615	0.317872	0.94304	1.78434	0.361468	0.183637	0.111588	0.56683	-0.12605	0	0	0.146054	-0.298433	-0.351056	1.27534	-0.459666	0	0	-0.350912	0.0892777	0.0885051	-0.159982	-0.131276	-0.519855	0.691054	1.5708	0	0	0.185971	-0.193164	0.317249	0.638233	1.5708	0	0
1.65259	-0.0353218	-0.122918	-1.5468	0.317823	0.94372	1.78906	0.359806	0.183577	0.113208	0.572417	-0.114179	0	0	0.159229	-0.299909	-0.351913	1.28316	-0.451341	0	0	-0.350518	0.0883081	0.0899612	-0.154514	-0.134303	-0.514973	0.69426	1.5708	0	0	0.184375	-0.191281	0.317145	0.633395	1.5708	0	0
1.65658	-0.0343395	-0.121752	-1.5475	0.317775	0.944399	1.79376	0.357885	0.183436	0.115004	0.577595	-0.102589	0	0	0.172407	-0.300688	-0.352221	1.29007	-0.44251	0	0	-0.350196	0.0872006	0.0913782	-0.148903	-0.137346	-0.509993	0.697501	1.5708	0	0	0.182779	-0.189507	0.31708	0.62866	1.5708	0	0
1.66057	-0.0332613	-0.120632	-1.54825	0.317727	0.945074	1.79843	0.355717	0.183216	0.116967	0.58238	-0.0913015	0	0	0.185566	-0.300775	-0.352008	1.29605	-0.433269	0	0	-0.349939	0.085959	0.0927592	-0.143157	-0.140397	-0.504931	0.700784	1.5708	0	0	0.181175	-0.187838	0.317039	0.624039	1.5708	0	0
1.66456	-0.0320917	-0.119553	-1.54904	0.317678	0.945745	1.80308	0.353317	0.182922	0.119086	0.586787	-0.0803336	0	0	0.198687	-0.300178	-0.351301	1.30108	-0.423711	0	0	-0.349739	0.0845886	0.0941057	-0.137285	-0.143449	-0.499805	0.704117	1.5708	0	0	0.179559	-0.186266	0.317005	0.619543	1.5708	0	0
1.66855	-0.0308362	-0.11851	-1.54987	0.31763	0.946411	1.80771	0.350701	0.182555	0.121346	0.590836	-0.0696976	0	0	0.211752	-0.298914	-0.350131	1.30513	-0.413922	0	0	-0.349588	0.0830959	0.095418	-0.131296	-0.146496	-0.494629	0.707507	1.5708	0	0	0.177923	-0.184787	0.316959	0.615185	1.5708	0	0
1.67254	-0.0295011	-0.117495	-1.55075	0.317582	0.947071	1.81232	0.347889	0.182121	0.123734	0.594545	-0.0594013	0	0	0.224747	-0.297	-0.348527	1.30819	-0.403983	0	0	-0.349475	0.0814884	0.0966954	-0.125195	-0.149531	-0.489419	0.710961	1.5708	0	0	0.176261	-0.183393	0.316881	0.610976	1.5708	0	0
1.67654	-0.0280928	-0.116502	-1.55167	0.317535	0.947721	1.81691	0.344899	0.181624	0.126235	0.597936	-0.0494482	0	0	0.237659	-0.294459	-0.346522	1.31026	-0.393965	0	0	-0.349393	0.0797736	0.0979369	-0.118989	-0.152549	-0.484187	0.714485	1.5708	0	0	0.174568	-0.182079	0.31675	0.606928	1.5708	0	0
1.68053	-0.0266176	-0.115524	-1.55263	0.317487	0.948362	1.82149	0.34175	0.181066	0.128834	0.60103	-0.0398377	0	0	0.250473	-0.291317	-0.344149	1.31132	-0.383933	0	0	-0.349333	0.0779595	0.0991414	-0.112684	-0.155544	-0.478946	0.718085	1.5708	0	0	0.172838	-0.180838	0.316549	0.603049	1.5708	0	0
1.68452	-0.025082	-0.114557	-1.55362	0.31744	0.948992	1.82605	0.338462	0.180453	0.131518	0.603853	-0.0305656	0	0	0.263172	-0.287602	-0.341441	1.31137	-0.373944	0	0	-0.34929	0.0760536	0.100308	-0.106288	-0.158513	-0.473703	0.721765	1.5708	0	0	0.171065	-0.179665	0.316258	0.599349	1.5708	0	0
1.68851	-0.0234921	-0.113597	-1.55465	0.317394	0.949608	1.83059	0.335052	0.179787	0.134271	0.606426	-0.0216243	0	0	0.275739	-0.283343	-0.338436	1.3104	-0.36405	0	0	-0.349257	0.0740635	0.101436	-0.0998037	-0.161452	-0.468468	0.725529	1.5708	0	0	0.169243	-0.178554	0.31586	0.595835	1.5708	0	0
1.6925	-0.0218535	-0.112641	-1.55572	0.317347	0.95021	1.83512	0.331534	0.179074	0.137082	0.608777	-0.0130032	0	0	0.288156	-0.278572	-0.335172	1.30842	-0.354296	0	0	-0.349232	0.0719959	0.102527	-0.0932384	-0.164358	-0.463247	0.729378	1.5708	0	0	0.167369	-0.1775	0.315341	0.592513	1.5708	0	0
1.69649	-0.0201714	-0.111688	-1.55681	0.317302	0.950796	1.83965	0.327926	0.178315	0.139938	0.61093	-0.0046893	0	0	0.300401	-0.273325	-0.331687	1.30542	-0.344722	0	0	-0.349211	0.0698572	0.10358	-0.0865964	-0.16723	-0.458042	0.733313	1.5708	0	0	0.165438	-0.176497	0.314686	0.589388	1.5708	0	0
1.70049	-0.0184505	-0.110737	-1.55795	0.317258	0.951363	1.84416	0.32424	0.177513	0.142829	0.61291	0.00333247	0	0	0.312456	-0.267635	-0.328022	1.30141	-0.33536	0	0	-0.349194	0.0676531	0.104597	-0.0798824	-0.170067	-0.452858	0.737335	1.5708	0	0	0.163449	-0.17554	0.313885	0.586462	1.5708	0	0
1.70448	-0.0166949	-0.109787	-1.55912	0.317215	0.951911	1.84866	0.320491	0.176673	0.145747	0.614744	0.0110791	0	0	0.324297	-0.261539	-0.324218	1.29639	-0.326243	0	0	-0.349181	0.0653887	0.10558	-0.0731006	-0.17287	-0.447697	0.741442	1.5708	0	0	0.161399	-0.174625	0.312928	0.583736	1.5708	0	0
1.70847	-0.0149082	-0.10884	-1.56032	0.317173	0.952438	1.85315	0.316691	0.175795	0.148682	0.616456	0.018569	0	0	0.335904	-0.255074	-0.320314	1.29037	-0.317394	0	0	-0.349171	0.0630689	0.106533	-0.0662549	-0.175637	-0.44256	0.745634	1.5708	0	0	0.159288	-0.173746	0.311811	0.581211	1.5708	0	0
1.71246	-0.0130937	-0.107896	-1.56156	0.317133	0.952942	1.85764	0.312852	0.174882	0.151629	0.618071	0.0258215	0	0	0.347255	-0.248277	-0.316352	1.28334	-0.308835	0	0	-0.349167	0.0606977	0.107458	-0.0593493	-0.178371	-0.437446	0.749907	1.5708	0	0	0.157118	-0.172901	0.31053	0.578883	1.5708	0	0
1.71645	-0.0112541	-0.106956	-1.56285	0.317095	0.953422	1.86212	0.308986	0.173936	0.15458	0.619615	0.0328567	0	0	0.358328	-0.241185	-0.31237	1.27532	-0.300585	0	0	-0.349171	0.0582786	0.108359	-0.0523876	-0.181074	-0.432353	0.75426	1.5708	0	0	0.15489	-0.172084	0.309083	0.576752	1.5708	0	0
1.72045	-0.00939168	-0.106022	-1.56417	0.31706	0.953876	1.8666	0.305102	0.172958	0.157531	0.621109	0.0396949	0	0	0.369103	-0.233836	-0.308404	1.26631	-0.292662	0	0	-0.349185	0.0558146	0.109242	-0.0453738	-0.183749	-0.427279	0.758689	1.5708	0	0	0.152607	-0.171291	0.30747	0.574813	1.5708	0	0
1.72444	-0.0075083	-0.105094	-1.56554	0.317027	0.954303	1.87107	0.301211	0.171949	0.160476	0.622578	0.0463567	0	0	0.379558	-0.226264	-0.304489	1.25631	-0.285079	0	0	-0.349212	0.053308	0.11011	-0.0383125	-0.186398	-0.42222	0.763189	1.5708	0	0	0.150275	-0.170519	0.305695	0.57306	1.5708	0	0
1.72843	-0.0056056	-0.104176	-1.56695	0.316997	0.954701	1.87554	0.297323	0.17091	0.163412	0.624042	0.0528628	0	0	0.389676	-0.218504	-0.300652	1.24534	-0.277848	0	0	-0.349254	0.0507611	0.110971	-0.0312086	-0.189026	-0.417173	0.767759	1.5708	0	0	0.147899	-0.169765	0.303764	0.57149	1.5708	0	0
1.73242	-0.00368524	-0.103268	-1.56841	0.316971	0.955069	1.88001	0.293444	0.169843	0.166337	0.625524	0.0592336	0	0	0.399438	-0.210586	-0.296919	1.23341	-0.270982	0	0	-0.349316	0.0481764	0.11183	-0.0240678	-0.191637	-0.412133	0.772395	1.5708	0	0	0.145485	-0.169027	0.301686	0.570093	1.5708	0	0
1.73641	-0.00174904	-0.102372	-1.56991	0.316948	0.955406	1.88447	0.289585	0.168748	0.169248	0.627043	0.065489	0	0	0.408828	-0.202542	-0.293308	1.22051	-0.264488	0	0	-0.349399	0.0455565	0.112695	-0.0168966	-0.194236	-0.4071	0.777093	1.5708	0	0	0.143041	-0.168301	0.299474	0.568859	1.5708	0	0
1.7404	0.00020078	-0.101489	-1.57146	0.31693	0.955711	1.88894	0.28575	0.167627	0.172145	0.628618	0.071648	0	0	0.417832	-0.1944	-0.289836	1.20667	-0.258375	0	0	-0.349505	0.0429049	0.113572	-0.00970295	-0.196826	-0.402071	0.781853	1.5708	0	0	0.140576	-0.167584	0.297139	0.567777	1.5708	0	0
1.7444	0.00216157	-0.100621	-1.57306	0.316916	0.955983	1.89341	0.281948	0.166483	0.175026	0.630267	0.0777284	0	0	0.426436	-0.186185	-0.286512	1.19188	-0.252651	0	0	-0.349637	0.0402257	0.114469	-0.00249576	-0.199412	-0.397046	0.786671	1.5708	0	0	0.1381	-0.166872	0.294695	0.566831	1.5708	0	0
1.74839	0.00412999	-0.0997688	-1.5747	0.316907	0.95622	1.89788	0.278181	0.16532	0.177893	0.632005	0.0837475	0	0	0.434627	-0.177923	-0.28334	1.17616	-0.247321	0	0	-0.349796	0.0375241	0.115392	0.00471491	-0.201999	-0.392024	0.791547	1.5708	0	0	0.135622	-0.166164	0.292157	0.566006	1.5708	0	0
1.75238	0.00610173	-0.0989349	-1.57637	0.316903	0.956422	1.90235	0.274453	0.16414	0.180742	0.633846	0.0897219	0	0	0.442394	-0.169637	-0.280319	1.15952	-0.24239	0	0	-0.349982	0.0348067	0.116345	0.0119178	-0.204589	-0.387007	0.79648	1.5708	0	0	0.13315	-0.165455	0.28954	0.565286	1.5708	0	0
1.75637	0.00807154	-0.0981228	-1.57808	0.316905	0.956588	1.90682	0.270764	0.16295	0.183571	0.635801	0.0956677	0	0	0.449724	-0.161349	-0.277441	1.14197	-0.237861	0	0	-0.350197	0.0320812	0.11733	0.0191008	-0.207186	-0.381996	0.80147	1.5708	0	0	0.130692	-0.164747	0.28686	0.564657	1.5708	0	0
1.76036	0.0100339	-0.097336	-1.57982	0.316914	0.956717	1.9113	0.267112	0.161754	0.186375	0.637879	0.101599	0	0	0.456608	-0.153078	-0.274693	1.12352	-0.233737	0	0	-0.350442	0.0293558	0.118349	0.0262523	-0.209793	-0.376993	0.806518	1.5708	0	0	0.128254	-0.164036	0.284131	0.564105	1.5708	0	0
1.76435	0.0119834	-0.0965769	-1.58158	0.316928	0.95681	1.91578	0.263497	0.160557	0.189151	0.64009	0.10753	0	0	0.463037	-0.144839	-0.272058	1.10419	-0.230019	0	0	-0.350718	0.0266381	0.119405	0.033361	-0.212412	-0.372001	0.811625	1.5708	0	0	0.125844	-0.163321	0.281369	0.563616	1.5708	0	0
1.76835	0.013915	-0.0958471	-1.58335	0.31695	0.956865	1.92027	0.259921	0.159363	0.191895	0.642441	0.113471	0	0	0.469005	-0.136645	-0.269517	1.08397	-0.226704	0	0	-0.351025	0.0239354	0.120503	0.0404159	-0.215047	-0.367025	0.816792	1.5708	0	0	0.123469	-0.162601	0.278587	0.563177	1.5708	0	0
1.77234	0.0158235	-0.0951473	-1.58515	0.316979	0.956882	1.92477	0.256383	0.158177	0.194604	0.644937	0.119433	0	0	0.47451	-0.128508	-0.267047	1.06291	-0.223792	0	0	-0.351365	0.0212544	0.12165	0.0474063	-0.217703	-0.362068	0.822022	1.5708	0	0	0.121137	-0.161874	0.275799	0.562775	1.5708	0	0
1.77633	0.0177039	-0.0944776	-1.58695	0.317015	0.956862	1.92928	0.252886	0.157003	0.197277	0.647583	0.125424	0	0	0.479549	-0.120438	-0.264625	1.041	-0.221277	0	0	-0.351735	0.0186022	0.122851	0.054322	-0.220383	-0.357132	0.827315	1.5708	0	0	0.118857	-0.161136	0.27302	0.562396	1.5708	0	0
1.78032	0.0195509	-0.0938378	-1.58877	0.317059	0.956803	1.93379	0.249428	0.155847	0.199913	0.650382	0.131453	0	0	0.484122	-0.112443	-0.262224	1.01827	-0.219152	0	0	-0.352136	0.0159856	0.124113	0.061153	-0.223092	-0.352219	0.83267	1.5708	0	0	0.116635	-0.160387	0.270261	0.562029	1.5708	0	0
1.78431	0.0213587	-0.0932274	-1.5906	0.317111	0.956706	1.93831	0.246011	0.154714	0.202507	0.653334	0.137525	0	0	0.48823	-0.104532	-0.259818	0.994735	-0.217407	0	0	-0.352566	0.0134117	0.125441	0.06789	-0.225834	-0.347331	0.838086	1.5708	0	0	0.114478	-0.159626	0.267534	0.561661	1.5708	0	0
1.78831	0.0231217	-0.092646	-1.59244	0.317171	0.956572	1.94284	0.242632	0.15361	0.205059	0.656439	0.143646	0	0	0.491874	-0.0967132	-0.257381	0.970428	-0.216031	0	0	-0.353023	0.0108878	0.126838	0.074524	-0.228614	-0.342468	0.843564	1.5708	0	0	0.112391	-0.15885	0.264852	0.561283	1.5708	0	0
1.7923	0.0248339	-0.0920931	-1.59428	0.317239	0.956399	1.94738	0.239291	0.152539	0.207566	0.659696	0.149818	0	0	0.495059	-0.0889944	-0.254888	0.945373	-0.215009	0	0	-0.353504	0.00842106	0.128308	0.0810465	-0.231435	-0.337633	0.849101	1.5708	0	0	0.11038	-0.158059	0.262224	0.560885	1.5708	0	0
1.79629	0.0264896	-0.0915683	-1.59612	0.317317	0.95619	1.95194	0.235983	0.151507	0.210023	0.6631	0.156043	0	0	0.497788	-0.0813844	-0.252313	0.919602	-0.214322	0	0	-0.354009	0.00601899	0.129853	0.0874488	-0.234299	-0.332828	0.854698	1.5708	0	0	0.10845	-0.157253	0.259661	0.560454	1.5708	0	0
1.80028	0.0280828	-0.0910704	-1.59796	0.317402	0.955944	1.9565	0.232708	0.15052	0.212429	0.666647	0.162321	0	0	0.500067	-0.0738921	-0.249633	0.89315	-0.213951	0	0	-0.354534	0.00368899	0.131478	0.093723	-0.237209	-0.328056	0.860352	1.5708	0	0	0.106606	-0.15643	0.25717	0.55998	1.5708	0	0
1.80427	0.0296079	-0.090598	-1.5998	0.317497	0.955662	1.96108	0.229461	0.149582	0.21478	0.670329	0.168649	0	0	0.501906	-0.0665265	-0.246829	0.866059	-0.213874	0	0	-0.355077	0.00143821	0.133184	0.0998614	-0.240168	-0.323317	0.866064	1.5708	0	0	0.104855	-0.155588	0.254758	0.559447	1.5708	0	0
1.80826	0.0310598	-0.090149	-1.60164	0.3176	0.955344	1.96567	0.226241	0.148697	0.217074	0.67414	0.175024	0	0	0.503316	-0.0592971	-0.243884	0.838371	-0.214065	0	0	-0.355633	-0.000726882	0.134975	0.105857	-0.243178	-0.318617	0.871833	1.5708	0	0	0.103201	-0.154725	0.252432	0.558843	1.5708	0	0
1.81226	0.032434	-0.0897213	-1.60348	0.317713	0.954992	1.97027	0.223045	0.147869	0.21931	0.678071	0.181439	0	0	0.504308	-0.0522142	-0.240786	0.810134	-0.214498	0	0	-0.3562	-0.0028007	0.136854	0.111704	-0.24624	-0.313956	0.877657	1.5708	0	0	0.101649	-0.153839	0.250198	0.558156	1.5708	0	0
1.81625	0.0337266	-0.0893134	-1.60531	0.317834	0.954605	1.97488	0.21987	0.147103	0.221486	0.682116	0.187888	0	0	0.504896	-0.0452883	-0.237526	0.781402	-0.215143	0	0	-0.356776	-0.00477876	0.138825	0.117396	-0.249356	-0.309341	0.883537	1.5708	0	0	0.100204	-0.15293	0.248061	0.557378	1.5708	0	0
1.82024	0.0349344	-0.0889241	-1.60715	0.317964	0.954187	1.97951	0.216712	0.1464	0.223602	0.686265	0.194363	0	0	0.505095	-0.0385305	-0.234102	0.75223	-0.215969	0	0	-0.357357	-0.00665741	0.14089	0.122927	-0.252527	-0.304773	0.889472	1.5708	0	0	0.0988664	-0.151996	0.246023	0.5565	1.5708	0	0
1.82423	0.0360546	-0.0885525	-1.60898	0.318103	0.953736	1.98416	0.213567	0.145763	0.225657	0.69051	0.200852	0	0	0.504921	-0.0319514	-0.23051	0.722677	-0.216941	0	0	-0.357942	-0.00843365	0.14305	0.128293	-0.255752	-0.300257	0.89546	1.5708	0	0	0.0976392	-0.151035	0.244082	0.555516	1.5708	0	0
1.82822	0.0370853	-0.0881978	-1.61082	0.31825	0.953255	1.98881	0.210431	0.145195	0.227652	0.694842	0.207348	0	0	0.504391	-0.025562	-0.226754	0.692805	-0.218024	0	0	-0.358529	-0.0101053	0.145308	0.13349	-0.259031	-0.295796	0.9015	1.5708	0	0	0.0965227	-0.150046	0.242239	0.55442	1.5708	0	0
1.83221	0.038025	-0.0878598	-1.61266	0.318405	0.952744	1.99348	0.207299	0.144695	0.229586	0.699253	0.213838	0	0	0.503524	-0.0193722	-0.222838	0.662679	-0.219181	0	0	-0.359117	-0.0116713	0.147663	0.138515	-0.262363	-0.291393	0.90759	1.5708	0	0	0.0955161	-0.149027	0.240488	0.553209	1.5708	0	0
1.83621	0.0388731	-0.0875391	-1.6145	0.318569	0.952206	1.99817	0.204166	0.144265	0.23146	0.703734	0.220312	0	0	0.502339	-0.0133918	-0.218769	0.632368	-0.220374	0	0	-0.359705	-0.0131317	0.150113	0.143367	-0.265746	-0.28705	0.913728	1.5708	0	0	0.0946168	-0.147978	0.238825	0.551884	1.5708	0	0
1.8402	0.0396296	-0.0872369	-1.61634	0.318741	0.95164	2.00287	0.201025	0.143905	0.233274	0.708278	0.226758	0	0	0.500857	-0.00762899	-0.214556	0.601942	-0.221562	0	0	-0.360294	-0.0144873	0.152658	0.148044	-0.269178	-0.282771	0.919911	1.5708	0	0	0.0938209	-0.146899	0.237243	0.550449	1.5708	0	0
1.84419	0.0402952	-0.0869548	-1.61819	0.31892	0.95105	2.00758	0.197871	0.143613	0.235028	0.712878	0.233166	0	0	0.499102	-0.0020911	-0.210208	0.571473	-0.222706	0	0	-0.360885	-0.0157402	0.155296	0.152546	-0.272656	-0.278556	0.926136	1.5708	0	0	0.0931232	-0.14579	0.235736	0.548909	1.5708	0	0
1.84818	0.0408714	-0.0866945	-1.62005	0.319107	0.950435	2.01231	0.194698	0.143389	0.236724	0.717527	0.239524	0	0	0.497096	0.00321624	-0.205735	0.541032	-0.223767	0	0	-0.361477	-0.0168928	0.158022	0.156874	-0.276176	-0.274409	0.932401	1.5708	0	0	0.0925178	-0.144652	0.234295	0.547271	1.5708	0	0
1.85217	0.04136	-0.0864575	-1.62191	0.319301	0.949798	2.01705	0.191501	0.14323	0.238361	0.722218	0.245825	0	0	0.494866	0.00828894	-0.201148	0.510693	-0.224705	0	0	-0.362073	-0.0179481	0.160832	0.161029	-0.279736	-0.270326	0.9387	1.57079	0	0	0.0919986	-0.143486	0.23291	0.54554	1.5708	0	0
1.85616	0.0417635	-0.086245	-1.62377	0.319501	0.949139	2.0218	0.188275	0.143133	0.239942	0.726944	0.252058	0	0	0.492438	0.0131247	-0.196459	0.480527	-0.225482	0	0	-0.362671	-0.0189097	0.163722	0.165016	-0.283331	-0.266307	0.94503	1.57079	0	0	0.0915588	-0.142292	0.231573	0.543723	1.5708	0	0
1.86016	0.0420847	-0.086058	-1.62563	0.319708	0.948462	2.02657	0.185015	0.143097	0.241468	0.7317	0.258215	0	0	0.489842	0.017723	-0.191678	0.450602	-0.226065	0	0	-0.363272	-0.0197816	0.166686	0.168838	-0.286958	-0.262349	0.951384	1.57079	0	0	0.0911914	-0.141071	0.230275	0.541826	1.57079	0	0
1.86415	0.0423273	-0.085897	-1.6275	0.31992	0.947766	2.03134	0.181719	0.143117	0.24294	0.736481	0.264291	0	0	0.487106	0.0220855	-0.186815	0.420984	-0.22642	0	0	-0.363876	-0.0205683	0.169717	0.172499	-0.290613	-0.258451	0.957758	1.57079	0	0	0.0908896	-0.139826	0.22901	0.539857	1.57079	0	0
1.86814	0.0424949	-0.0857623	-1.62936	0.320139	0.947053	2.03613	0.178383	0.143191	0.244362	0.74128	0.270278	0	0	0.48426	0.0262157	-0.181881	0.391732	-0.226522	0	0	-0.364481	-0.0212745	0.172809	0.176006	-0.294292	-0.254607	0.964148	1.57079	0	0	0.0906472	-0.138558	0.227773	0.537821	1.57079	0	0
1.87213	0.0425919	-0.0856536	-1.63123	0.320362	0.946325	2.04094	0.175005	0.143314	0.245736	0.746094	0.276174	0	0	0.481333	0.0301195	-0.176885	0.362901	-0.226347	0	0	-0.365088	-0.0219055	0.175956	0.179365	-0.297992	-0.250817	0.970547	1.57079	0	0	0.0904582	-0.137271	0.226559	0.535722	1.57079	0	0
1.87612	0.0426228	-0.0855706	-1.6331	0.32059	0.945584	2.04575	0.171586	0.143483	0.247065	0.750918	0.281975	0	0	0.478355	0.0338043	-0.171837	0.334537	-0.225881	0	0	-0.365696	-0.0224664	0.179151	0.182582	-0.301708	-0.247074	0.97695	1.57079	0	0	0.0903167	-0.135965	0.225364	0.533566	1.57079	0	0
1.88012	0.0425927	-0.0855124	-1.63496	0.320822	0.944831	2.05057	0.168123	0.143694	0.248353	0.755749	0.287679	0	0	0.475352	0.0372798	-0.166747	0.306678	-0.225114	0	0	-0.366302	-0.022963	0.182389	0.185665	-0.305437	-0.243376	0.983354	1.57079	0	0	0.0902175	-0.134644	0.224184	0.531357	1.57079	0	0
1.88411	0.0425066	-0.0854781	-1.63682	0.321058	0.944066	2.0554	0.164617	0.143943	0.249604	0.760583	0.293287	0	0	0.472348	0.0405578	-0.161622	0.279347	-0.224046	0	0	-0.366907	-0.0234012	0.185663	0.188621	-0.309178	-0.239718	0.989754	1.57079	0	0	0.0901553	-0.133309	0.223015	0.529098	1.57079	0	0
1.8881	0.0423705	-0.0854658	-1.63868	0.321297	0.943293	2.06024	0.16107	0.144224	0.250823	0.765419	0.298801	0	0	0.469366	0.0436521	-0.156473	0.25256	-0.222684	0	0	-0.36751	-0.0237873	0.188969	0.191461	-0.312926	-0.236096	0.996147	1.57079	0	0	0.0901252	-0.131963	0.221857	0.526796	1.57079	0	0
1.89209	0.0421901	-0.0854733	-1.64054	0.321539	0.942511	2.06508	0.157484	0.144534	0.252014	0.770253	0.304224	0	0	0.466422	0.0465782	-0.151307	0.226314	-0.22104	0	0	-0.368109	-0.0241282	0.192301	0.194192	-0.316681	-0.232506	1.00253	1.57079	0	0	0.0901224	-0.130607	0.220706	0.524455	1.57079	0	0
1.89608	0.0419714	-0.0854978	-1.64239	0.321784	0.941722	2.06993	0.153864	0.144869	0.25318	0.775085	0.309561	0	0	0.46353	0.0493531	-0.146135	0.200595	-0.219137	0	0	-0.368704	-0.0244304	0.195655	0.196827	-0.320439	-0.228943	1.0089	1.57079	0	0	0.0901424	-0.129245	0.219561	0.522081	1.57079	0	0
1.90007	0.0417203	-0.0855366	-1.64423	0.322031	0.940927	2.07479	0.150212	0.145223	0.254328	0.779913	0.314818	0	0	0.460699	0.0519951	-0.140963	0.175373	-0.216999	0	0	-0.369293	-0.0247005	0.199026	0.199376	-0.324199	-0.225404	1.01526	1.57079	0	0	0.0901812	-0.127877	0.21842	0.519677	1.57079	0	0
1.90407	0.0414425	-0.0855866	-1.64608	0.32228	0.940128	2.07965	0.146535	0.145593	0.255459	0.784738	0.320004	0	0	0.457933	0.0545234	-0.135797	0.150606	-0.214659	0	0	-0.369877	-0.0249446	0.202409	0.201851	-0.327959	-0.221884	1.02161	1.57079	0	0	0.0902352	-0.126505	0.217281	0.517249	1.57079	0	0
1.90806	0.0411434	-0.0856452	-1.64792	0.32253	0.939325	2.08451	0.142836	0.145976	0.256577	0.789558	0.325128	0	0	0.455231	0.0569572	-0.130642	0.126241	-0.212151	0	0	-0.370456	-0.0251682	0.205802	0.204264	-0.331718	-0.218382	1.02795	1.57079	0	0	0.0903009	-0.125131	0.216143	0.514803	1.5708	0	0
1.91205	0.0408279	-0.0857101	-1.64976	0.322781	0.938519	2.08938	0.139121	0.146369	0.257686	0.794374	0.3302	0	0	0.452587	0.0593155	-0.1255	0.102214	-0.209507	0	0	-0.371029	-0.0253762	0.209199	0.206627	-0.335475	-0.214896	1.03428	1.57079	0	0	0.0903755	-0.123756	0.215006	0.512342	1.5708	0	0
1.91604	0.0405004	-0.0857794	-1.65159	0.323033	0.937711	2.09425	0.135394	0.146768	0.258788	0.799188	0.33523	0	0	0.449993	0.0616167	-0.120372	0.0784576	-0.206763	0	0	-0.371598	-0.0255729	0.212601	0.208952	-0.339228	-0.211425	1.0406	1.57079	0	0	0.0904563	-0.12238	0.213868	0.509871	1.5708	0	0
1.92003	0.0401648	-0.0858517	-1.65342	0.323285	0.936901	2.09912	0.131658	0.147172	0.259886	0.803999	0.34023	0	0	0.447437	0.0638775	-0.115255	0.0549011	-0.203947	0	0	-0.372164	-0.025762	0.216003	0.211249	-0.34298	-0.207964	1.04691	1.57079	0	0	0.0905411	-0.121005	0.21273	0.507394	1.5708	0	0
1.92402	0.0398242	-0.0859258	-1.65525	0.323538	0.936091	2.104	0.127917	0.147578	0.260981	0.808809	0.34521	0	0	0.444908	0.0661129	-0.110147	0.0314762	-0.201089	0	0	-0.372727	-0.0259466	0.219406	0.213529	-0.346729	-0.20451	1.05323	1.57079	0	0	0.0906283	-0.11963	0.211591	0.504914	1.5708	0	0
1.92802	0.0394811	-0.0860007	-1.65708	0.323791	0.93528	2.10887	0.124172	0.147986	0.262074	0.813617	0.350179	0	0	0.442393	0.0683348	-0.105044	0.00812284	-0.198208	0	0	-0.373289	-0.0261289	0.222809	0.215799	-0.350477	-0.20106	1.05954	1.57079	0	0	0.0907167	-0.118255	0.210452	0.502432	1.5708	0	0
1.93201	0.0391372	-0.0860758	-1.65891	0.324044	0.934469	2.11374	0.120427	0.148394	0.263166	0.818426	0.355144	0	0	0.439884	0.0705522	-0.0999432	-0.0152047	-0.195321	0	0	-0.37385	-0.0263105	0.226211	0.218067	-0.354223	-0.197612	1.06585	1.57079	0	0	0.0908055	-0.116881	0.209314	0.499949	1.5708	0	0
