sample_id,DB,Participant,Trial,Leg_Used,analysis,method,fold,true_label,predicted_label,correct,predicted_probability
1,DB1,P27,DB1_P27_C3_T01_relabeled,L,primary,wf1_timeserieswise,1,DB1,DB1,True,0.9983227849006653
8,DB5,P05,DB5_P05_T22_l_slow_relabeled,L,primary,wf1_timeserieswise,1,DB5,DB5,True,0.9999939203262329
19,DB5,P05,DB5_P05_T36_r_slow_relabeled,L,primary,wf1_timeserieswise,1,DB5,DB5,True,0.9999891519546509
20,DB4,P55,DB4_P55_T04_relabeled,R,primary,wf1_timeserieswise,1,DB4,DB4,True,0.9986574649810791
28,DB5,P08,DB5_P08_T03_r_fast_relabeled,L,primary,wf1_timeserieswise,1,DB5,DB5,True,0.9999985694885254
33,DB5,P08,DB5_P08_T07_r_comf_relabeled,L,primary,wf1_timeserieswise,1,DB5,DB5,True,0.9999986886978149
35,DB4,P55,DB4_P55_T14_relabeled,R,primary,wf1_timeserieswise,1,DB4,DB4,True,0.9988271594047546
39,DB2,P08,DB2_P08_T02_-130_relabeled,L,primary,wf1_timeserieswise,1,DB2,DB2,True,0.9881615042686462
40,DB4,P24,DB4_P24_T21_relabeled,R,primary,wf1_timeserieswise,1,DB4,DB4,True,0.9980748891830444
41,DB4,P22,DB4_P22_T05_relabeled,R,primary,wf1_timeserieswise,1,DB4,DB4,True,0.9985054731369019
46,DB3,P01,DB3_P01_A_T12_relabeled,L,primary,wf1_timeserieswise,1,DB3,DB3,True,0.8898875117301941
50,DB5,P17,DB5_P17_T37_r_slow_relabeled,L,primary,wf1_timeserieswise,1,DB5,DB5,True,0.9999994039535522
60,DB5,P17,DB5_P17_T12_r_comf_relabeled,L,primary,wf1_timeserieswise,1,DB5,DB5,True,0.9999992847442627
62,DB2,P13,DB2_P13_T02_-130_relabeled,L,primary,wf1_timeserieswise,1,DB2,DB2,True,0.9951346516609192
63,DB5,P05,DB5_P05_T27_l_slow_relabeled,L,primary,wf1_timeserieswise,1,DB5,DB5,True,0.999994158744812
65,DB4,P07,DB4_P07_T20_relabeled,R,primary,wf1_timeserieswise,1,DB4,DB4,True,0.9990121126174927
68,DB4,P51,DB4_P51_T11_relabeled,R,primary,wf1_timeserieswise,1,DB4,DB4,True,0.9983320832252502
86,DB4,P17,DB4_P17_T20_relabeled,R,primary,wf1_timeserieswise,1,DB4,DB4,True,0.9993805885314941
91,DB4,P22,DB4_P22_T15_relabeled,L,primary,wf1_timeserieswise,1,DB4,DB4,True,0.9842844009399414
95,DB4,P07,DB4_P07_T19_relabeled,R,primary,wf1_timeserieswise,1,DB4,DB4,True,0.9991639852523804
97,DB4,P24,DB4_P24_T12_relabeled,L,primary,wf1_timeserieswise,1,DB4,DB4,True,0.9852588176727295
102,DB5,P17,DB5_P17_T04_l_comf_relabeled,L,primary,wf1_timeserieswise,1,DB5,DB5,True,0.9999936819076538
103,DB5,P08,DB5_P08_T02_r_comf_relabeled,L,primary,wf1_timeserieswise,1,DB5,DB5,True,0.9999809265136719
106,DB1,P29,DB1_P29_C2_T03_relabeled,L,primary,wf1_timeserieswise,1,DB1,DB1,True,0.9987654685974121
109,DB4,P11,DB4_P11_T17_relabeled,L,primary,wf1_timeserieswise,1,DB4,DB4,True,0.9679408669471741
110,DB1,P27,DB1_P27_C2_T01_relabeled,L,primary,wf1_timeserieswise,1,DB1,DB1,True,0.9985646605491638
113,DB5,P11,DB5_P11_T21_r_comf_relabeled,L,primary,wf1_timeserieswise,1,DB5,DB5,True,0.9999918937683105
116,DB4,P07,DB4_P07_T03_relabeled,R,primary,wf1_timeserieswise,1,DB4,DB4,True,0.9990339279174805
119,DB2,P08,DB2_P08_T05_65_relabeled,L,primary,wf1_timeserieswise,1,DB2,DB2,True,0.9933017492294312
143,DB3,P02,DB3_P02_A_T01_relabeled,R,primary,wf1_timeserieswise,1,DB3,DB3,True,0.9940354824066162
153,DB4,P51,DB4_P51_T19_relabeled,R,primary,wf1_timeserieswise,1,DB4,DB4,True,0.9984456896781921
160,DB4,P29,DB4_P29_T14_relabeled,R,primary,wf1_timeserieswise,1,DB4,DB4,True,0.9985436201095581
162,DB4,P07,DB4_P07_T15_relabeled,R,primary,wf1_timeserieswise,1,DB4,DB4,True,0.9991828799247742
163,DB4,P22,DB4_P22_T06_relabeled,L,primary,wf1_timeserieswise,1,DB4,DB4,True,0.9806905388832092
164,DB5,P11,DB5_P11_T37_r_slow_relabeled,L,primary,wf1_timeserieswise,1,DB5,DB5,True,0.9999922513961792
165,DB3,P09,DB3_P09_A_T13,L,primary,wf1_timeserieswise,1,DB3,DB3,True,0.8754960298538208
166,DB5,P05,DB5_P05_T30_l_slow_relabeled,L,primary,wf1_timeserieswise,1,DB5,DB5,True,0.9999942779541016
174,DB4,P17,DB4_P17_T02_relabeled,R,primary,wf1_timeserieswise,1,DB4,DB4,True,0.9993139505386353
176,DB1,P29,DB1_P29_C1_T02_relabeled,L,primary,wf1_timeserieswise,1,DB1,DB1,True,0.9987735152244568
183,DB4,P24,DB4_P24_T23_relabeled,R,primary,wf1_timeserieswise,1,DB4,DB4,True,0.9986526966094971
190,DB5,P17,DB5_P17_T18_r_comf_relabeled,L,primary,wf1_timeserieswise,1,DB5,DB5,True,0.9999996423721313
191,DB3,P09,DB3_P09_A_T02,R,primary,wf1_timeserieswise,1,DB3,DB3,True,0.98390132188797
192,DB5,P17,DB5_P17_T26_l_slow_relabeled,L,primary,wf1_timeserieswise,1,DB5,DB5,True,0.9999943971633911
198,DB4,P22,DB4_P22_T04_relabeled,R,primary,wf1_timeserieswise,1,DB4,DB4,True,0.9986624717712402
199,DB1,P29,DB1_P29_C3_T03_relabeled,L,primary,wf1_timeserieswise,1,DB1,DB1,True,0.9978456497192383
202,DB3,P02,DB3_P02_A_T05_relabeled,R,primary,wf1_timeserieswise,1,DB3,DB3,True,0.9918966889381409
209,DB4,P51,DB4_P51_T16_relabeled,R,primary,wf1_timeserieswise,1,DB4,DB4,True,0.9986650943756104
214,DB5,P11,DB5_P11_T32_l_slow_relabeled,L,primary,wf1_timeserieswise,1,DB5,DB5,True,0.9999934434890747
219,DB4,P22,DB4_P22_T21_relabeled,R,primary,wf1_timeserieswise,1,DB4,DB4,True,0.9988920092582703
222,DB2,P08,DB2_P08_T01_250_relabeled,L,primary,wf1_timeserieswise,1,DB2,DB2,True,0.9967238306999207
223,DB4,P24,DB4_P24_T10_relabeled,R,primary,wf1_timeserieswise,1,DB4,DB4,True,0.998583197593689
235,DB1,P14,DB1_P14_C2_T03_relabeled,L,primary,wf1_timeserieswise,1,DB1,DB1,True,0.9974619150161743
239,DB4,P29,DB4_P29_T20_relabeled,R,primary,wf1_timeserieswise,1,DB4,DB4,True,0.9984049201011658
245,DB4,P51,DB4_P51_T18_relabeled,R,primary,wf1_timeserieswise,1,DB4,DB4,True,0.9981124401092529
247,DB3,P05,DB3_P05_A_T15_relabeled,R,primary,wf1_timeserieswise,1,DB3,DB3,True,0.9878752827644348
253,DB4,P29,DB4_P29_T16_relabeled,R,primary,wf1_timeserieswise,1,DB4,DB4,True,0.9985040426254272
258,DB3,P02,DB3_P02_A_T03_relabeled,R,primary,wf1_timeserieswise,1,DB3,DB3,True,0.9929412603378296
275,DB1,P50,DB1_P50_C3_T05_relabeled,L,primary,wf1_timeserieswise,1,DB1,DB1,True,0.9850329756736755
289,DB4,P51,DB4_P51_T12_relabeled,R,primary,wf1_timeserieswise,1,DB4,DB4,True,0.9984350800514221
297,DB5,P05,DB5_P05_T16_r_comf_relabeled,L,primary,wf1_timeserieswise,1,DB5,DB5,True,0.9999595880508423
300,DB1,P29,DB1_P29_C3_T02_relabeled,L,primary,wf1_timeserieswise,1,DB1,DB1,True,0.9979963898658752
303,DB5,P17,DB5_P17_T23_l_slow_relabeled,L,primary,wf1_timeserieswise,1,DB5,DB5,True,0.9999945163726807
304,DB4,P22,DB4_P22_T11_relabeled,L,primary,wf1_timeserieswise,1,DB4,DB4,True,0.9839807152748108
310,DB2,P13,DB2_P13_T04_-65_relabeled,L,primary,wf1_timeserieswise,1,DB2,DB2,True,0.993490993976593
313,DB2,P08,DB2_P08_T04_130_relabeled,L,primary,wf1_timeserieswise,1,DB2,DB2,True,0.9936050772666931
318,DB5,P17,DB5_P17_T28_l_slow_relabeled,L,primary,wf1_timeserieswise,1,DB5,DB5,True,0.9999943971633911
319,DB2,P13,DB2_P13_T05_-130_relabeled,L,primary,wf1_timeserieswise,1,DB2,DB2,True,0.9950384497642517
325,DB5,P11,DB5_P11_T27_l_slow_relabeled,L,primary,wf1_timeserieswise,1,DB5,DB5,True,0.9999938011169434
327,DB2,P13,DB2_P13_T02_-65_relabeled,L,primary,wf1_timeserieswise,1,DB2,DB2,True,0.994176983833313
337,DB2,P08,DB2_P08_T03_130_relabeled,L,primary,wf1_timeserieswise,1,DB2,DB2,True,0.9965617060661316
341,DB5,P11,DB5_P11_T24_l_slow_relabeled,L,primary,wf1_timeserieswise,1,DB5,DB5,True,0.9999936819076538
342,DB5,P08,DB5_P08_T01_r_fast_relabeled,L,primary,wf1_timeserieswise,1,DB5,DB5,True,0.9999995231628418
344,DB5,P17,DB5_P17_T22_l_slow_relabeled,L,primary,wf1_timeserieswise,1,DB5,DB5,True,0.9999943971633911
348,DB3,P02,DB3_P02_A_T06_relabeled,L,primary,wf1_timeserieswise,1,DB3,DB3,True,0.9935649037361145
352,DB2,P08,DB2_P08_T03_-130_relabeled,L,primary,wf1_timeserieswise,1,DB2,DB2,True,0.9895477294921875
354,DB5,P17,DB5_P17_T17_r_comf_relabeled,L,primary,wf1_timeserieswise,1,DB5,DB5,True,0.9999995231628418
355,DB4,P07,DB4_P07_T07_relabeled,R,primary,wf1_timeserieswise,1,DB4,DB4,True,0.9988008737564087
359,DB4,P51,DB4_P51_T06_relabeled,R,primary,wf1_timeserieswise,1,DB4,DB4,True,0.998004138469696
364,DB5,P17,DB5_P17_T16_r_comf_relabeled,L,primary,wf1_timeserieswise,1,DB5,DB5,True,0.9999982118606567
376,DB4,P22,DB4_P22_T03_relabeled,R,primary,wf1_timeserieswise,1,DB4,DB4,True,0.9986000657081604
378,DB4,P17,DB4_P17_T16_relabeled,R,primary,wf1_timeserieswise,1,DB4,DB4,True,0.999346911907196
381,DB5,P05,DB5_P05_T35_r_slow_relabeled,L,primary,wf1_timeserieswise,1,DB5,DB5,True,0.9999895095825195
386,DB4,P55,DB4_P55_T19_relabeled,R,primary,wf1_timeserieswise,1,DB4,DB4,True,0.9990967512130737
387,DB4,P11,DB4_P11_T16_relabeled,L,primary,wf1_timeserieswise,1,DB4,DB4,True,0.9706981182098389
389,DB2,P08,DB2_P08_T05_p_relabeled,L,primary,wf1_timeserieswise,1,DB2,DB2,True,0.9918827414512634
391,DB4,P17,DB4_P17_T09_relabeled,R,primary,wf1_timeserieswise,1,DB4,DB4,True,0.9991768002510071
394,DB4,P22,DB4_P22_T12_relabeled,R,primary,wf1_timeserieswise,1,DB4,DB4,True,0.9986152648925781
396,DB3,P02,DB3_P02_A_T11_relabeled,R,primary,wf1_timeserieswise,1,DB3,DB3,True,0.9924057126045227
402,DB5,P11,DB5_P11_T12_l_comf_relabeled,L,primary,wf1_timeserieswise,1,DB5,DB5,True,0.9999932050704956
406,DB4,P55,DB4_P55_T20_relabeled,R,primary,wf1_timeserieswise,1,DB4,DB4,True,0.9990012049674988
408,DB3,P09,DB3_P09_A_T04,R,primary,wf1_timeserieswise,1,DB3,DB3,True,0.9842165112495422
409,DB2,P13,DB2_P13_T01_p_relabeled,L,primary,wf1_timeserieswise,1,DB2,DB2,True,0.9948835968971252
410,DB4,P24,DB4_P24_T18_relabeled,R,primary,wf1_timeserieswise,1,DB4,DB4,True,0.9982801675796509
415,DB3,P01,DB3_P01_A_T08_relabeled,R,primary,wf1_timeserieswise,1,DB3,DB3,True,0.5269187688827515
434,DB4,P29,DB4_P29_T09_relabeled,R,primary,wf1_timeserieswise,1,DB4,DB4,True,0.9987302422523499
437,DB3,P02,DB3_P02_A_T13_relabeled,L,primary,wf1_timeserieswise,1,DB3,DB3,True,0.9945231676101685
446,DB4,P07,DB4_P07_T21_relabeled,R,primary,wf1_timeserieswise,1,DB4,DB4,True,0.9991664886474609
454,DB4,P29,DB4_P29_T10_relabeled,R,primary,wf1_timeserieswise,1,DB4,DB4,True,0.9986390471458435
459,DB2,P08,DB2_P08_T04_-65_relabeled,L,primary,wf1_timeserieswise,1,DB2,DB2,True,0.990565299987793
463,DB4,P17,DB4_P17_T18_relabeled,L,primary,wf1_timeserieswise,1,DB4,DB4,True,0.9820153713226318
464,DB5,P05,DB5_P05_T20_r_comf_relabeled,L,primary,wf1_timeserieswise,1,DB5,DB5,True,0.9999896287918091
473,DB5,P17,DB5_P17_T33_r_slow_relabeled,L,primary,wf1_timeserieswise,1,DB5,DB5,True,0.9982962012290955
480,DB4,P55,DB4_P55_T10_relabeled,R,primary,wf1_timeserieswise,1,DB4,DB4,True,0.9984630346298218
488,DB4,P22,DB4_P22_T19_relabeled,L,primary,wf1_timeserieswise,1,DB4,DB4,True,0.9822577834129333
490,DB5,P11,DB5_P11_T01_l_comf_relabeled,L,primary,wf1_timeserieswise,1,DB5,DB5,True,0.999993085861206
496,DB5,P05,DB5_P05_T37_r_slow_relabeled,L,primary,wf1_timeserieswise,1,DB5,DB5,True,0.9999903440475464
501,DB4,P55,DB4_P55_T02_relabeled,R,primary,wf1_timeserieswise,1,DB4,DB4,True,0.9986287355422974
513,DB4,P55,DB4_P55_T06_relabeled,R,primary,wf1_timeserieswise,1,DB4,DB4,True,0.9989005327224731
525,DB4,P07,DB4_P07_T14_relabeled,R,primary,wf1_timeserieswise,1,DB4,DB4,True,0.9992029070854187
527,DB5,P05,DB5_P05_T42_r_slow_relabeled,L,primary,wf1_timeserieswise,1,DB5,DB5,True,0.9999616146087646
530,DB4,P11,DB4_P11_T10_relabeled,L,primary,wf1_timeserieswise,1,DB4,DB4,True,0.9710569977760315
531,DB3,P01,DB3_P01_A_T05_relabeled,R,primary,wf1_timeserieswise,1,DB3,DB3,True,0.9911405444145203
536,DB5,P17,DB5_P17_T35_r_slow_relabeled,L,primary,wf1_timeserieswise,1,DB5,DB5,True,0.9999995231628418
543,DB5,P17,DB5_P17_T24_l_slow_relabeled,L,primary,wf1_timeserieswise,1,DB5,DB5,True,0.9999948740005493
544,DB4,P11,DB4_P11_T14_relabeled,R,primary,wf1_timeserieswise,1,DB4,DB4,True,0.9990310668945312
546,DB4,P11,DB4_P11_T20_relabeled,L,primary,wf1_timeserieswise,1,DB4,DB4,True,0.9801833629608154
547,DB5,P11,DB5_P11_T09_l_comf_relabeled,L,primary,wf1_timeserieswise,1,DB5,DB5,True,0.999993085861206
548,DB5,P08,DB5_P08_T02_r_fast_relabeled,L,primary,wf1_timeserieswise,1,DB5,DB5,True,0.9999942779541016
555,DB5,P05,DB5_P05_T31_l_slow_relabeled,L,primary,wf1_timeserieswise,1,DB5,DB5,True,0.9999940395355225
559,DB4,P51,DB4_P51_T03_relabeled,R,primary,wf1_timeserieswise,1,DB4,DB4,True,0.9982532858848572
562,DB4,P24,DB4_P24_T17_relabeled,R,primary,wf1_timeserieswise,1,DB4,DB4,True,0.998477041721344
563,DB5,P05,DB5_P05_T26_l_slow_relabeled,L,primary,wf1_timeserieswise,1,DB5,DB5,True,0.9999943971633911
566,DB4,P51,DB4_P51_T14_relabeled,R,primary,wf1_timeserieswise,1,DB4,DB4,True,0.9984386563301086
569,DB3,P09,DB3_P09_A_T12,R,primary,wf1_timeserieswise,1,DB3,DB3,True,0.9875823259353638
578,DB4,P55,DB4_P55_T23_relabeled,R,primary,wf1_timeserieswise,1,DB4,DB4,True,0.9987437129020691
580,DB5,P05,DB5_P05_T23_l_slow_relabeled,L,primary,wf1_timeserieswise,1,DB5,DB5,True,0.9999934434890747
594,DB1,P29,DB1_P29_C2_T01_relabeled,L,primary,wf1_timeserieswise,1,DB1,DB1,True,0.9986013770103455
595,DB4,P55,DB4_P55_T12_relabeled,R,primary,wf1_timeserieswise,1,DB4,DB4,True,0.9989511966705322
602,DB2,P13,DB2_P13_T01_65_relabeled,L,primary,wf1_timeserieswise,1,DB2,DB2,True,0.9961691498756409
603,DB5,P17,DB5_P17_T25_l_slow_relabeled,L,primary,wf1_timeserieswise,1,DB5,DB5,True,0.999994158744812
605,DB5,P17,DB5_P17_T15_r_comf_relabeled,L,primary,wf1_timeserieswise,1,DB5,DB5,True,0.9999994039535522
610,DB4,P22,DB4_P22_T23_relabeled,R,primary,wf1_timeserieswise,1,DB4,DB4,True,0.998836100101471
612,DB3,P05,DB3_P05_A_T16_relabeled,L,primary,wf1_timeserieswise,1,DB3,DB3,True,0.9849029183387756
613,DB3,P09,DB3_P09_A_T08,R,primary,wf1_timeserieswise,1,DB3,DB3,True,0.9851893186569214
619,DB4,P07,DB4_P07_T04_relabeled,R,primary,wf1_timeserieswise,1,DB4,DB4,True,0.9702088236808777
622,DB5,P17,DB5_P17_T38_r_slow_relabeled,L,primary,wf1_timeserieswise,1,DB5,DB5,True,0.9999996423721313
623,DB5,P05,DB5_P05_T25_l_slow_relabeled,L,primary,wf1_timeserieswise,1,DB5,DB5,True,0.9999940395355225
630,DB4,P07,DB4_P07_T18_relabeled,R,primary,wf1_timeserieswise,1,DB4,DB4,True,0.9991680383682251
644,DB1,P27,DB1_P27_C3_T04_relabeled,L,primary,wf1_timeserieswise,1,DB1,DB1,True,0.9985108971595764
662,DB4,P22,DB4_P22_T14_relabeled,R,primary,wf1_timeserieswise,1,DB4,DB4,True,0.9988118410110474
664,DB4,P51,DB4_P51_T02_relabeled,R,primary,wf1_timeserieswise,1,DB4,DB4,True,0.9985879063606262
679,DB4,P24,DB4_P24_T22_relabeled,R,primary,wf1_timeserieswise,1,DB4,DB4,True,0.9981889128684998
693,DB5,P05,DB5_P05_T24_l_slow_relabeled,L,primary,wf1_timeserieswise,1,DB5,DB5,True,0.9999940395355225
699,DB4,P29,DB4_P29_T02_relabeled,R,primary,wf1_timeserieswise,1,DB4,DB4,True,0.9982359409332275
707,DB4,P17,DB4_P17_T04_relabeled,R,primary,wf1_timeserieswise,1,DB4,DB4,True,0.9990032315254211
713,DB5,P11,DB5_P11_T23_l_slow_relabeled,L,primary,wf1_timeserieswise,1,DB5,DB5,True,0.9999927282333374
724,DB4,P55,DB4_P55_T13_relabeled,R,primary,wf1_timeserieswise,1,DB4,DB4,True,0.9987878203392029
726,DB2,P13,DB2_P13_T01_-65_relabeled,L,primary,wf1_timeserieswise,1,DB2,DB2,True,0.9954867959022522
728,DB1,P25,DB1_P25_C2_T03_relabeled,R,primary,wf1_timeserieswise,1,DB1,DB1,True,0.9894073605537415
729,DB1,P29,DB1_P29_C3_T05_relabeled,L,primary,wf1_timeserieswise,1,DB1,DB1,True,0.998099148273468
751,DB5,P17,DB5_P17_T31_r_slow_relabeled,L,primary,wf1_timeserieswise,1,DB5,DB5,True,0.9999998807907104
755,DB4,P11,DB4_P11_T12_relabeled,L,primary,wf1_timeserieswise,1,DB4,DB4,True,0.9669841527938843
768,DB4,P07,DB4_P07_T08_relabeled,R,primary,wf1_timeserieswise,1,DB4,DB4,True,0.9990843534469604
780,DB3,P01,DB3_P01_A_T10_relabeled,L,primary,wf1_timeserieswise,1,DB3,DB3,True,0.9919385313987732
785,DB3,P02,DB3_P02_A_T09_relabeled,R,primary,wf1_timeserieswise,1,DB3,DB3,True,0.9934425354003906
786,DB5,P11,DB5_P11_T35_r_slow_relabeled,L,primary,wf1_timeserieswise,1,DB5,DB5,True,0.9999922513961792
788,DB4,P24,DB4_P24_T24_relabeled,R,primary,wf1_timeserieswise,1,DB4,DB4,True,0.9986099004745483
791,DB4,P29,DB4_P29_T21_relabeled,R,primary,wf1_timeserieswise,1,DB4,DB4,True,0.9984455704689026
792,DB4,P55,DB4_P55_T08_relabeled,R,primary,wf1_timeserieswise,1,DB4,DB4,True,0.9990338087081909
793,DB3,P05,DB3_P05_A_T09_relabeled,L,primary,wf1_timeserieswise,1,DB3,DB3,True,0.9880197644233704
796,DB2,P13,DB2_P13_T03_130_relabeled,L,primary,wf1_timeserieswise,1,DB2,DB2,True,0.996458113193512
800,DB4,P29,DB4_P29_T13_relabeled,R,primary,wf1_timeserieswise,1,DB4,DB4,True,0.9983354210853577
803,DB4,P24,DB4_P24_T15_relabeled,R,primary,wf1_timeserieswise,1,DB4,DB4,True,0.9978055357933044
809,DB5,P08,DB5_P08_T01_r_comf_relabeled,L,primary,wf1_timeserieswise,1,DB5,DB5,True,0.9999996423721313
810,DB3,P02,DB3_P02_A_T12_relabeled,L,primary,wf1_timeserieswise,1,DB3,DB3,True,0.9957674741744995
826,DB5,P17,DB5_P17_T08_l_comf_relabeled,L,primary,wf1_timeserieswise,1,DB5,DB5,True,0.9999945163726807
828,DB5,P11,DB5_P11_T31_l_slow_relabeled,L,primary,wf1_timeserieswise,1,DB5,DB5,True,0.9999934434890747
829,DB1,P50,DB1_P50_C2_T02_relabeled,L,primary,wf1_timeserieswise,1,DB1,DB1,True,0.9944643378257751
835,DB4,P22,DB4_P22_T10_relabeled,R,primary,wf1_timeserieswise,1,DB4,DB4,True,0.9987175464630127
865,DB1,P50,DB1_P50_C2_T05_relabeled,L,primary,wf1_timeserieswise,1,DB1,DB1,True,0.9930134415626526
869,DB2,P08,DB2_P08_T03_-65_relabeled,L,primary,wf1_timeserieswise,1,DB2,DB2,True,0.9925459027290344
870,DB4,P55,DB4_P55_T05_relabeled,R,primary,wf1_timeserieswise,1,DB4,DB4,True,0.9991177916526794
873,DB2,P08,DB2_P08_T02_p_relabeled,L,primary,wf1_timeserieswise,1,DB2,DB2,True,0.9941061735153198
874,DB4,P17,DB4_P17_T03_relabeled,R,primary,wf1_timeserieswise,1,DB4,DB4,True,0.9993000030517578
877,DB1,P44,DB1_P44_C3_T01_relabeled,L,primary,wf1_timeserieswise,1,DB1,DB1,True,0.9813936948776245
882,DB4,P51,DB4_P51_T09_relabeled,R,primary,wf1_timeserieswise,1,DB4,DB4,True,0.9982841610908508
885,DB1,P44,DB1_P44_C3_T02_relabeled,L,primary,wf1_timeserieswise,1,DB1,DB1,True,0.9850348234176636
893,DB3,P01,DB3_P01_A_T09_relabeled,L,primary,wf1_timeserieswise,1,DB3,DB3,True,0.9911288022994995
902,DB5,P08,DB5_P08_T05_r_fast_relabeled,L,primary,wf1_timeserieswise,1,DB5,DB5,True,0.9999986886978149
911,DB4,P17,DB4_P17_T05_relabeled,R,primary,wf1_timeserieswise,1,DB4,DB4,True,0.9992844462394714
919,DB5,P05,DB5_P05_T06_l_comf_relabeled,L,primary,wf1_timeserieswise,1,DB5,DB5,True,0.9999932050704956
926,DB5,P11,DB5_P11_T33_r_slow_relabeled,L,primary,wf1_timeserieswise,1,DB5,DB5,True,0.9999921321868896
927,DB1,P44,DB1_P44_C2_T02_relabeled,L,primary,wf1_timeserieswise,1,DB1,DB1,True,0.9964559674263
933,DB3,P05,DB3_P05_A_T05_relabeled,L,primary,wf1_timeserieswise,1,DB3,DB3,True,0.9843233227729797
936,DB5,P17,DB5_P17_T34_r_slow_relabeled,L,primary,wf1_timeserieswise,1,DB5,DB5,True,0.9999998807907104
949,DB3,P05,DB3_P05_A_T01_relabeled,L,primary,wf1_timeserieswise,1,DB3,DB3,True,0.9865027666091919
950,DB5,P17,DB5_P17_T36_r_slow_relabeled,L,primary,wf1_timeserieswise,1,DB5,DB5,True,1.0
953,DB4,P07,DB4_P07_T02_relabeled,R,primary,wf1_timeserieswise,1,DB4,DB4,True,0.9992152452468872
955,DB5,P11,DB5_P11_T36_r_slow_relabeled,L,primary,wf1_timeserieswise,1,DB5,DB5,True,0.9999916553497314
973,DB2,P13,DB2_P13_T03_p_relabeled,L,primary,wf1_timeserieswise,1,DB2,DB2,True,0.9938840270042419
992,DB4,P29,DB4_P29_T08_relabeled,R,primary,wf1_timeserieswise,1,DB4,DB4,True,0.9985016584396362
993,DB5,P05,DB5_P05_T04_l_comf_relabeled,L,primary,wf1_timeserieswise,1,DB5,DB5,True,0.9999932050704956
1017,DB4,P29,DB4_P29_T06_relabeled,R,primary,wf1_timeserieswise,1,DB4,DB4,True,0.9983957409858704
1019,DB5,P08,DB5_P08_T04_r_fast_relabeled,L,primary,wf1_timeserieswise,1,DB5,DB5,True,0.9999996423721313
1032,DB1,P25,DB1_P25_C2_T05_relabeled,L,primary,wf1_timeserieswise,1,DB1,DB1,True,0.9981544613838196
1039,DB5,P05,DB5_P05_T40_r_slow_relabeled,L,primary,wf1_timeserieswise,1,DB5,DB5,True,0.999962329864502
1040,DB5,P17,DB5_P17_T10_l_comf_relabeled,L,primary,wf1_timeserieswise,1,DB5,DB5,True,0.9999940395355225
1044,DB5,P11,DB5_P11_T40_r_slow_relabeled,L,primary,wf1_timeserieswise,1,DB5,DB5,True,0.9999918937683105
1049,DB4,P55,DB4_P55_T15_relabeled,R,primary,wf1_timeserieswise,1,DB4,DB4,True,0.9988885521888733
1059,DB4,P17,DB4_P17_T06_relabeled,R,primary,wf1_timeserieswise,1,DB4,DB4,True,0.9992890357971191
1060,DB5,P05,DB5_P05_T14_r_comf_relabeled,L,primary,wf1_timeserieswise,1,DB5,DB5,True,0.9999847412109375
1061,DB1,P27,DB1_P27_C2_T05_relabeled,L,primary,wf1_timeserieswise,1,DB1,DB1,True,0.9986414313316345
1063,DB1,P29,DB1_P29_C3_T04_relabeled,L,primary,wf1_timeserieswise,1,DB1,DB1,True,0.9977421760559082
1067,DB1,P14,DB1_P14_C1_T02_relabeled,L,primary,wf1_timeserieswise,1,DB1,DB1,True,0.9957655668258667
1071,DB1,P44,DB1_P44_C2_T04_relabeled,L,primary,wf1_timeserieswise,1,DB1,DB1,True,0.9948171973228455
1079,DB4,P29,DB4_P29_T07_relabeled,R,primary,wf1_timeserieswise,1,DB4,DB4,True,0.9981629252433777
1080,DB1,P50,DB1_P50_C2_T03_relabeled,L,primary,wf1_timeserieswise,1,DB1,DB1,True,0.9925225377082825
1082,DB3,P05,DB3_P05_A_T08_relabeled,R,primary,wf1_timeserieswise,1,DB3,DB3,True,0.9823920130729675
1084,DB4,P17,DB4_P17_T19_relabeled,R,primary,wf1_timeserieswise,1,DB4,DB4,True,0.9992839694023132
1095,DB4,P22,DB4_P22_T07_relabeled,R,primary,wf1_timeserieswise,1,DB4,DB4,True,0.9988889098167419
1097,DB5,P17,DB5_P17_T09_l_comf_relabeled,L,primary,wf1_timeserieswise,1,DB5,DB5,True,0.9999939203262329
1100,DB4,P29,DB4_P29_T15_relabeled,R,primary,wf1_timeserieswise,1,DB4,DB4,True,0.9985392093658447
1101,DB2,P13,DB2_P13_T03_-130_relabeled,L,primary,wf1_timeserieswise,1,DB2,DB2,True,0.9943888783454895
1103,DB5,P11,DB5_P11_T39_r_slow_relabeled,L,primary,wf1_timeserieswise,1,DB5,DB5,True,0.9999924898147583
1104,DB2,P08,DB2_P08_T04_250_relabeled,L,primary,wf1_timeserieswise,1,DB2,DB2,True,0.9965440630912781
1106,DB1,P29,DB1_P29_C1_T04_relabeled,L,primary,wf1_timeserieswise,1,DB1,DB1,True,0.9987768530845642
1115,DB5,P17,DB5_P17_T07_l_comf_relabeled,L,primary,wf1_timeserieswise,1,DB5,DB5,True,0.9999940395355225
1116,DB3,P05,DB3_P05_A_T10_relabeled,R,primary,wf1_timeserieswise,1,DB3,DB3,True,0.9843435287475586
1121,DB5,P05,DB5_P05_T11_l_comf_relabeled,L,primary,wf1_timeserieswise,1,DB5,DB5,True,0.9999932050704956
1133,DB5,P11,DB5_P11_T17_r_comf_relabeled,L,primary,wf1_timeserieswise,1,DB5,DB5,True,0.999991774559021
1134,DB3,P01,DB3_P01_A_T04_relabeled,L,primary,wf1_timeserieswise,1,DB3,DB3,True,0.9928165674209595
1136,DB4,P55,DB4_P55_T07_relabeled,R,primary,wf1_timeserieswise,1,DB4,DB4,True,0.9986489415168762
1138,DB1,P25,DB1_P25_C2_T02_relabeled,L,primary,wf1_timeserieswise,1,DB1,DB1,True,0.9989724159240723
1143,DB4,P17,DB4_P17_T13_relabeled,R,primary,wf1_timeserieswise,1,DB4,DB4,True,0.9993576407432556
1152,DB5,P11,DB5_P11_T26_l_slow_relabeled,L,primary,wf1_timeserieswise,1,DB5,DB5,True,0.9999938011169434
1156,DB3,P05,DB3_P05_A_T11_relabeled,R,primary,wf1_timeserieswise,1,DB3,DB3,True,0.9884359836578369
1157,DB4,P07,DB4_P07_T22_relabeled,R,primary,wf1_timeserieswise,1,DB4,DB4,True,0.9992412328720093
1158,DB2,P08,DB2_P08_T01_p_relabeled,L,primary,wf1_timeserieswise,1,DB2,DB2,True,0.9961025714874268
1160,DB2,P13,DB2_P13_T03_-65_relabeled,L,primary,wf1_timeserieswise,1,DB2,DB2,True,0.9954350590705872
1162,DB4,P22,DB4_P22_T13_relabeled,R,primary,wf1_timeserieswise,1,DB4,DB4,True,0.9987654685974121
1163,DB5,P17,DB5_P17_T40_r_slow_relabeled,L,primary,wf1_timeserieswise,1,DB5,DB5,True,0.9999984502792358
1174,DB4,P07,DB4_P07_T11_relabeled,R,primary,wf1_timeserieswise,1,DB4,DB4,True,0.998954176902771
1175,DB5,P05,DB5_P05_T29_l_slow_relabeled,L,primary,wf1_timeserieswise,1,DB5,DB5,True,0.9999943971633911
1191,DB5,P11,DB5_P11_T20_r_comf_relabeled,L,primary,wf1_timeserieswise,1,DB5,DB5,True,0.9999918937683105
1192,DB5,P17,DB5_P17_T30_l_slow_relabeled,L,primary,wf1_timeserieswise,1,DB5,DB5,True,0.9999945163726807
1196,DB4,P51,DB4_P51_T05_relabeled,R,primary,wf1_timeserieswise,1,DB4,DB4,True,0.9984874725341797
1198,DB5,P05,DB5_P05_T21_r_comf_relabeled,L,primary,wf1_timeserieswise,1,DB5,DB5,True,0.999995231628418
1204,DB4,P24,DB4_P24_T019_relabeled,R,primary,wf1_timeserieswise,1,DB4,DB4,True,0.9983025789260864
1205,DB5,P17,DB5_P17_T21_l_slow_relabeled,L,primary,wf1_timeserieswise,1,DB5,DB5,True,0.999994158744812
1210,DB2,P13,DB2_P13_T02_65_relabeled,L,primary,wf1_timeserieswise,1,DB2,DB2,True,0.993005096912384
1217,DB5,P05,DB5_P05_T33_r_slow_relabeled,L,primary,wf1_timeserieswise,1,DB5,DB5,True,0.9999120235443115
1241,DB5,P05,DB5_P05_T41_r_slow_relabeled,L,primary,wf1_timeserieswise,1,DB5,DB5,True,0.9999638795852661
1244,DB3,P09,DB3_P09_A_T10,R,primary,wf1_timeserieswise,1,DB3,DB3,True,0.984728217124939
1249,DB4,P11,DB4_P11_T07_relabeled,R,primary,wf1_timeserieswise,1,DB4,DB4,True,0.9988459348678589
1259,DB4,P24,DB4_P24_T05_relabeled,R,primary,wf1_timeserieswise,1,DB4,DB4,True,0.9988915324211121
1262,DB1,P27,DB1_P27_C1_T03_relabeled,L,primary,wf1_timeserieswise,1,DB1,DB1,True,0.9747251272201538
1266,DB4,P51,DB4_P51_T08_relabeled,R,primary,wf1_timeserieswise,1,DB4,DB4,True,0.9986191987991333
1274,DB5,P17,DB5_P17_T11_r_comf_relabeled,L,primary,wf1_timeserieswise,1,DB5,DB5,True,0.9999995231628418
1275,DB4,P17,DB4_P17_T10_relabeled,R,primary,wf1_timeserieswise,1,DB4,DB4,True,0.9992775321006775
1279,DB2,P08,DB2_P08_T04_-130_relabeled,L,primary,wf1_timeserieswise,1,DB2,DB2,True,0.9881300926208496
1282,DB3,P05,DB3_P05_A_T04_relabeled,R,primary,wf1_timeserieswise,1,DB3,DB3,True,0.9827669858932495
1283,DB2,P13,DB2_P13_T04_130_relabeled,L,primary,wf1_timeserieswise,1,DB2,DB2,True,0.9976111650466919
1287,DB5,P05,DB5_P05_T38_r_slow_relabeled,L,primary,wf1_timeserieswise,1,DB5,DB5,True,0.9999904632568359
1288,DB5,P05,DB5_P05_T17_r_comf_relabeled,L,primary,wf1_timeserieswise,1,DB5,DB5,True,0.9999847412109375
1292,DB5,P11,DB5_P11_T18_r_comf_relabeled,L,primary,wf1_timeserieswise,1,DB5,DB5,True,0.9999921321868896
1304,DB4,P22,DB4_P22_T08_relabeled,R,primary,wf1_timeserieswise,1,DB4,DB4,True,0.9987573623657227
1307,DB4,P11,DB4_P11_T21_relabeled,L,primary,wf1_timeserieswise,1,DB4,DB4,True,0.9653986096382141
1311,DB3,P01,DB3_P01_A_T15_relabeled,R,primary,wf1_timeserieswise,1,DB3,DB3,True,0.9906265735626221
1314,DB5,P11,DB5_P11_T29_l_slow_relabeled,L,primary,wf1_timeserieswise,1,DB5,DB5,True,0.999991774559021
1316,DB1,P29,DB1_P29_C1_T01_relabeled,L,primary,wf1_timeserieswise,1,DB1,DB1,True,0.9987545013427734
1317,DB3,P02,DB3_P02_A_T07_relabeled,R,primary,wf1_timeserieswise,1,DB3,DB3,True,0.9921785593032837
1323,DB4,P17,DB4_P17_T08_relabeled,L,primary,wf1_timeserieswise,1,DB4,DB4,True,0.9840818643569946
1326,DB4,P11,DB4_P11_T11_relabeled,R,primary,wf1_timeserieswise,1,DB4,DB4,True,0.9990301132202148
1329,DB5,P05,DB5_P05_T32_l_slow_relabeled,L,primary,wf1_timeserieswise,1,DB5,DB5,True,0.9999940395355225
1331,DB2,P13,DB2_P13_T04_65_relabeled,L,primary,wf1_timeserieswise,1,DB2,DB2,True,0.996878981590271
1340,DB4,P17,DB4_P17_T12_relabeled,L,primary,wf1_timeserieswise,1,DB4,DB4,True,0.9835757613182068
1344,DB2,P08,DB2_P08_T02_130_relabeled,L,primary,wf1_timeserieswise,1,DB2,DB2,True,0.9963772892951965
1362,DB5,P05,DB5_P05_T19_r_comf_relabeled,L,primary,wf1_timeserieswise,1,DB5,DB5,True,0.9999852180480957
1363,DB5,P17,DB5_P17_T20_r_comf_relabeled,L,primary,wf1_timeserieswise,1,DB5,DB5,True,0.9999990463256836
1369,DB4,P55,DB4_P55_T03_relabeled,R,primary,wf1_timeserieswise,1,DB4,DB4,True,0.9988812804222107
1378,DB5,P05,DB5_P05_T15_r_comf_relabeled,L,primary,wf1_timeserieswise,1,DB5,DB5,True,0.9999847412109375
1379,DB4,P07,DB4_P07_T10_relabeled,R,primary,wf1_timeserieswise,1,DB4,DB4,True,0.999098539352417
1388,DB4,P07,DB4_P07_T17_relabeled,R,primary,wf1_timeserieswise,1,DB4,DB4,True,0.9992320537567139
1393,DB3,P09,DB3_P09_A_T05,L,primary,wf1_timeserieswise,1,DB3,DB3,True,0.8755347728729248
1400,DB5,P11,DB5_P11_T02_l_comf_relabeled,L,primary,wf1_timeserieswise,1,DB5,DB5,True,0.999992847442627
1404,DB1,P29,DB1_P29_C1_T03_relabeled,L,primary,wf1_timeserieswise,1,DB1,DB1,True,0.9988692402839661
1406,DB5,P17,DB5_P17_T27_l_slow_relabeled,L,primary,wf1_timeserieswise,1,DB5,DB5,True,0.9999945163726807
1409,DB1,P29,DB1_P29_C2_T02_relabeled,L,primary,wf1_timeserieswise,1,DB1,DB1,True,0.9987905621528625
1414,DB2,P08,DB2_P08_T04_65_relabeled,L,primary,wf1_timeserieswise,1,DB2,DB2,True,0.9964755177497864
1416,DB4,P24,DB4_P24_T07_relabeled,R,primary,wf1_timeserieswise,1,DB4,DB4,True,0.9987162351608276
1420,DB5,P08,DB5_P08_T10_r_comf_relabeled,L,primary,wf1_timeserieswise,1,DB5,DB5,True,0.9999566078186035
1422,DB4,P29,DB4_P29_T18_relabeled,R,primary,wf1_timeserieswise,1,DB4,DB4,True,0.9982615113258362
1430,DB2,P08,DB2_P08_T03_p_relabeled,L,primary,wf1_timeserieswise,1,DB2,DB2,True,0.992964506149292
1433,DB3,P05,DB3_P05_A_T03_relabeled,L,primary,wf1_timeserieswise,1,DB3,DB3,True,0.9846255779266357
1439,DB5,P08,DB5_P08_T04_r_comf_relabeled,L,primary,wf1_timeserieswise,1,DB5,DB5,True,0.9999960660934448
1456,DB2,P13,DB2_P13_T05_-65_relabeled,L,primary,wf1_timeserieswise,1,DB2,DB2,True,0.9926079511642456
1465,DB3,P01,DB3_P01_A_T07_relabeled,R,primary,wf1_timeserieswise,1,DB3,DB3,True,0.9910633563995361
1466,DB4,P22,DB4_P22_T09_relabeled,R,primary,wf1_timeserieswise,1,DB4,DB4,True,0.9987354874610901
1468,DB4,P11,DB4_P11_T18_relabeled,L,primary,wf1_timeserieswise,1,DB4,DB4,True,0.9691511392593384
1472,DB5,P11,DB5_P11_T16_r_comf_relabeled,L,primary,wf1_timeserieswise,1,DB5,DB5,True,0.9999915361404419
1476,DB3,P09,DB3_P09_A_T07,L,primary,wf1_timeserieswise,1,DB3,DB3,True,0.8788633346557617
1479,DB4,P17,DB4_P17_T14_relabeled,R,primary,wf1_timeserieswise,1,DB4,DB4,True,0.9992682337760925
1480,DB5,P05,DB5_P05_T18_r_comf_relabeled,L,primary,wf1_timeserieswise,1,DB5,DB5,True,0.9999986886978149
1491,DB4,P22,DB4_P22_T16_relabeled,R,primary,wf1_timeserieswise,1,DB4,DB4,True,0.9985679388046265
1492,DB4,P29,DB4_P29_T04_relabeled,R,primary,wf1_timeserieswise,1,DB4,DB4,True,0.997989296913147
1496,DB4,P29,DB4_P29_T19_relabeled,R,primary,wf1_timeserieswise,1,DB4,DB4,True,0.998305082321167
1503,DB5,P17,DB5_P17_T32_r_slow_relabeled,L,primary,wf1_timeserieswise,1,DB5,DB5,True,1.0
1521,DB5,P17,DB5_P17_T02_l_comf_relabeled,L,primary,wf1_timeserieswise,1,DB5,DB5,True,0.9999940395355225
1536,DB4,P11,DB4_P11_T04_relabeled,R,primary,wf1_timeserieswise,1,DB4,DB4,True,0.9991433620452881
1540,DB5,P17,DB5_P17_T29_l_slow_relabeled,L,primary,wf1_timeserieswise,1,DB5,DB5,True,0.9999943971633911
1548,DB5,P11,DB5_P11_T15_r_comf_relabeled,R,primary,wf1_timeserieswise,1,DB5,DB5,True,0.9999897480010986
1558,DB5,P17,DB5_P17_T19_r_comf_relabeled,L,primary,wf1_timeserieswise,1,DB5,DB5,True,0.9999998807907104
1560,DB4,P22,DB4_P22_T02_relabeled,R,primary,wf1_timeserieswise,1,DB4,DB4,True,0.9985879063606262
1567,DB5,P17,DB5_P17_T03_l_comf_relabeled,L,primary,wf1_timeserieswise,1,DB5,DB5,True,0.9999924898147583
1568,DB1,P25,DB1_P25_C2_T01_relabeled,L,primary,wf1_timeserieswise,1,DB1,DB1,True,0.9983804225921631
1576,DB2,P13,DB2_P13_T05_p_relabeled,L,primary,wf1_timeserieswise,1,DB2,DB2,True,0.9955419898033142
1587,DB2,P08,DB2_P08_T01_130_relabeled,L,primary,wf1_timeserieswise,1,DB2,DB2,True,0.9967441558837891
1588,DB5,P05,DB5_P05_T34_r_slow_relabeled,L,primary,wf1_timeserieswise,1,DB5,DB5,True,0.9999617338180542
1595,DB5,P17,DB5_P17_T39_r_slow_relabeled,L,primary,wf1_timeserieswise,1,DB5,DB5,True,0.9999998807907104
1596,DB2,P08,DB2_P08_T03_65_relabeled,L,primary,wf1_timeserieswise,1,DB2,DB2,True,0.9962149262428284
1597,DB5,P05,DB5_P05_T28_l_slow_relabeled,L,primary,wf1_timeserieswise,1,DB5,DB5,True,0.999994158744812
1598,DB5,P11,DB5_P11_T42_r_slow_relabeled,L,primary,wf1_timeserieswise,1,DB5,DB5,True,0.9999924898147583
1605,DB4,P22,DB4_P22_T17_relabeled,L,primary,wf1_timeserieswise,1,DB4,DB4,True,0.9806880950927734
1606,DB3,P09,DB3_P09_A_T06,R,primary,wf1_timeserieswise,1,DB3,DB3,True,0.9846647381782532
1608,DB4,P51,DB4_P51_T04_relabeled,R,primary,wf1_timeserieswise,1,DB4,DB4,True,0.9986664056777954
1612,DB2,P13,DB2_P13_T05_65_relabeled,L,primary,wf1_timeserieswise,1,DB2,DB2,True,0.9972649812698364
1616,DB5,P08,DB5_P08_T09_r_comf_relabeled,L,primary,wf1_timeserieswise,1,DB5,DB5,True,0.999995231628418
1624,DB4,P11,DB4_P11_T09_relabeled,L,primary,wf1_timeserieswise,1,DB4,DB4,True,0.9662266969680786
1626,DB4,P29,DB4_P29_T05_relabeled,R,primary,wf1_timeserieswise,1,DB4,DB4,True,0.9982289671897888
1632,DB2,P13,DB2_P13_T05_130_relabeled,L,primary,wf1_timeserieswise,1,DB2,DB2,True,0.9948492646217346
1633,DB1,P29,DB1_P29_C3_T01_relabeled,L,primary,wf1_timeserieswise,1,DB1,DB1,True,0.9975007176399231
1639,DB5,P11,DB5_P11_T43_r_slow_relabeled,L,primary,wf1_timeserieswise,1,DB5,DB5,True,0.9999922513961792
1643,DB5,P11,DB5_P11_T30_l_slow_relabeled,L,primary,wf1_timeserieswise,1,DB5,DB5,True,0.9999933242797852
1644,DB2,P13,DB2_P13_T02_130_relabeled,L,primary,wf1_timeserieswise,1,DB2,DB2,True,0.9980012774467468
1646,DB4,P17,DB4_P17_T15_relabeled,L,primary,wf1_timeserieswise,1,DB4,DB4,True,0.9871036410331726
1647,DB5,P17,DB5_P17_T05_l_comf_relabeled,L,primary,wf1_timeserieswise,1,DB5,DB5,True,0.9999943971633911
1651,DB1,P27,DB1_P27_C3_T02_relabeled,L,primary,wf1_timeserieswise,1,DB1,DB1,True,0.998670220375061
1652,DB4,P07,DB4_P07_T12_relabeled,R,primary,wf1_timeserieswise,1,DB4,DB4,True,0.9990523457527161
1658,DB5,P11,DB5_P11_T07_l_comf_relabeled,L,primary,wf1_timeserieswise,1,DB5,DB5,True,0.9999932050704956
1659,DB5,P11,DB5_P11_T05_l_comf_relabeled,L,primary,wf1_timeserieswise,1,DB5,DB5,True,0.9999927282333374
1676,DB5,P11,DB5_P11_T38_r_slow_relabeled,L,primary,wf1_timeserieswise,1,DB5,DB5,True,0.9999924898147583
1684,DB5,P05,DB5_P05_T13_r_comf_relabeled,L,primary,wf1_timeserieswise,1,DB5,DB5,True,0.9999850988388062
1686,DB5,P11,DB5_P11_T03_l_comf_relabeled,L,primary,wf1_timeserieswise,1,DB5,DB5,True,0.9999934434890747
1691,DB5,P08,DB5_P08_T08_r_comf_relabeled,L,primary,wf1_timeserieswise,1,DB5,DB5,True,0.9998995065689087
1708,DB4,P51,DB4_P51_T20_relabeled,R,primary,wf1_timeserieswise,1,DB4,DB4,True,0.9984685778617859
1714,DB4,P11,DB4_P11_T02_relabeled,R,primary,wf1_timeserieswise,1,DB4,DB4,True,0.9991711378097534
1716,DB5,P11,DB5_P11_T34_r_slow_relabeled,L,primary,wf1_timeserieswise,1,DB5,DB5,True,0.9999924898147583
1717,DB3,P09,DB3_P09_A_T01,R,primary,wf1_timeserieswise,1,DB3,DB3,True,0.9855917692184448
1724,DB5,P17,DB5_P17_T14_r_comf_relabeled,L,primary,wf1_timeserieswise,1,DB5,DB5,True,0.9999985694885254
1731,DB2,P13,DB2_P13_T03_65_relabeled,L,primary,wf1_timeserieswise,1,DB2,DB2,True,0.9966784715652466
1734,DB2,P13,DB2_P13_T04_p_relabeled,L,primary,wf1_timeserieswise,1,DB2,DB2,True,0.9937320351600647
1737,DB4,P55,DB4_P55_T21_relabeled,R,primary,wf1_timeserieswise,1,DB4,DB4,True,0.9985557198524475
1748,DB5,P17,DB5_P17_T13_r_comf_relabeled,L,primary,wf1_timeserieswise,1,DB5,DB5,True,0.9999995231628418
1749,DB3,P01,DB3_P01_A_T06_relabeled,R,primary,wf1_timeserieswise,1,DB3,DB3,True,0.9921060800552368
1753,DB4,P22,DB4_P22_T18_relabeled,R,primary,wf1_timeserieswise,1,DB4,DB4,True,0.9988580942153931
1762,DB2,P13,DB2_P13_T01_130_relabeled,L,primary,wf1_timeserieswise,1,DB2,DB2,True,0.9977557063102722
1764,DB3,P02,DB3_P02_A_T08_relabeled,L,primary,wf1_timeserieswise,1,DB3,DB3,True,0.9942114949226379
1766,DB2,P13,DB2_P13_T03_250_relabeled,L,primary,wf1_timeserieswise,1,DB2,DB2,True,0.9982972741127014
1774,DB5,P08,DB5_P08_T05_r_comf_relabeled,L,primary,wf1_timeserieswise,1,DB5,DB5,True,0.999985933303833
1778,DB4,P51,DB4_P51_T17_relabeled,R,primary,wf1_timeserieswise,1,DB4,DB4,True,0.9982393980026245
1780,DB3,P09,DB3_P09_A_T11,L,primary,wf1_timeserieswise,1,DB3,DB3,True,0.885844886302948
1781,DB2,P13,DB2_P13_T01_250_relabeled,L,primary,wf1_timeserieswise,1,DB2,DB2,True,0.9989755153656006
1801,DB2,P08,DB2_P08_T05_130_relabeled,L,primary,wf1_timeserieswise,1,DB2,DB2,True,0.995357096195221
1807,DB2,P13,DB2_P13_T05_250_relabeled,L,primary,wf1_timeserieswise,1,DB2,DB2,True,0.9984863996505737
1808,DB4,P07,DB4_P07_T16_relabeled,R,primary,wf1_timeserieswise,1,DB4,DB4,True,0.9689732789993286
1813,DB5,P11,DB5_P11_T10_l_comf_relabeled,L,primary,wf1_timeserieswise,1,DB5,DB5,True,0.9999932050704956
1816,DB5,P11,DB5_P11_T08_l_comf_relabeled,L,primary,wf1_timeserieswise,1,DB5,DB5,True,0.9999929666519165
1817,DB5,P17,DB5_P17_T01_l_comf_relabeled,L,primary,wf1_timeserieswise,1,DB5,DB5,True,0.9999936819076538
1828,DB5,P08,DB5_P08_T03_r_comf_relabeled,L,primary,wf1_timeserieswise,1,DB5,DB5,True,0.9999786615371704
1831,DB5,P08,DB5_P08_T06_r_comf_relabeled,L,primary,wf1_timeserieswise,1,DB5,DB5,True,0.9999924898147583
1837,DB2,P13,DB2_P13_T02_p_relabeled,L,primary,wf1_timeserieswise,1,DB2,DB2,True,0.9932602047920227
1839,DB1,P50,DB1_P50_C2_T04_relabeled,L,primary,wf1_timeserieswise,1,DB1,DB1,True,0.9911876916885376
1849,DB5,P17,DB5_P17_T06_l_comf_relabeled,L,primary,wf1_timeserieswise,1,DB5,DB5,True,0.9999940395355225
1857,DB4,P07,DB4_P07_T13_relabeled,R,primary,wf1_timeserieswise,1,DB4,DB4,True,0.99925297498703
1864,DB4,P17,DB4_P17_T17_relabeled,L,primary,wf1_timeserieswise,1,DB4,DB4,True,0.9766697883605957
1866,DB2,P08,DB2_P08_T01_-65_relabeled,L,primary,wf1_timeserieswise,1,DB2,DB2,True,0.9941336512565613
1874,DB2,P13,DB2_P13_T02_250_relabeled,L,primary,wf1_timeserieswise,1,DB2,DB2,True,0.9989513158798218
1876,DB5,P11,DB5_P11_T41_r_slow_relabeled,L,primary,wf1_timeserieswise,1,DB5,DB5,True,0.9999923706054688
1880,DB5,P05,DB5_P05_T39_r_slow_relabeled,L,primary,wf1_timeserieswise,1,DB5,DB5,True,0.9999891519546509
1890,DB4,P55,DB4_P55_T16_relabeled,R,primary,wf1_timeserieswise,1,DB4,DB4,True,0.9989326596260071
1892,DB1,P29,DB1_P29_C2_T04_relabeled,L,primary,wf1_timeserieswise,1,DB1,DB1,True,0.9986376166343689
1899,DB4,P17,DB4_P17_T21_relabeled,R,primary,wf1_timeserieswise,1,DB4,DB4,True,0.9993390440940857
0,DB4,P54,DB4_P54_T20_relabeled,R,primary,wf1_timeserieswise,2,DB4,DB4,True,0.9977606534957886
4,DB5,P13,DB5_P13_T02_l_comf_relabeled,L,primary,wf1_timeserieswise,2,DB5,DB5,True,0.9998691082000732
5,DB4,P48,DB4_P48_T21_relabeled,R,primary,wf1_timeserieswise,2,DB4,DB4,True,0.9967909455299377
11,DB5,P16,DB5_P16_T13_r_comf_relabeled,L,primary,wf1_timeserieswise,2,DB5,DB5,True,0.9998515844345093
18,DB3,P04,DB3_P04_A_T12_relabeled,R,primary,wf1_timeserieswise,2,DB3,DB3,True,0.9888491630554199
22,DB4,P56,DB4_P56_T18_relabeled,R,primary,wf1_timeserieswise,2,DB4,DB4,True,0.9948567152023315
23,DB3,P14,DB3_P14_A_T12_relabeled,L,primary,wf1_timeserieswise,2,DB3,DB3,True,0.9987081289291382
37,DB4,P56,DB4_P56_T04_relabeled,R,primary,wf1_timeserieswise,2,DB4,DB4,True,0.9952823519706726
42,DB3,P14,DB3_P14_A_T27_relabeled,L,primary,wf1_timeserieswise,2,DB3,DB3,True,0.9822908639907837
44,DB5,P16,DB5_P16_T34_r_slow_relabeled,L,primary,wf1_timeserieswise,2,DB5,DB5,True,0.9998544454574585
66,DB5,P20,DB5_P20_T22_r_comf_relabeled,L,primary,wf1_timeserieswise,2,DB5,DB5,True,0.9971230626106262
67,DB4,P06,DB4_P06_T05_relabeled,R,primary,wf1_timeserieswise,2,DB4,DB4,True,0.997825562953949
82,DB2,P09,DB2_P09_T01_65_relabeled,L,primary,wf1_timeserieswise,2,DB2,DB2,True,0.9868565201759338
89,DB3,P08,DB3_P08_A_T09_relabeled,R,primary,wf1_timeserieswise,2,DB3,DB3,True,0.9930819869041443
93,DB5,P02,DB5_P02_T14_r_comf_relabeled,R,primary,wf1_timeserieswise,2,DB5,DB5,True,0.9998034834861755
104,DB2,P10,DB2_P10_T05_-65_relabeled,L,primary,wf1_timeserieswise,2,DB2,DB2,True,0.9925991296768188
105,DB5,P13,DB5_P13_T11_r_comf_relabeled,L,primary,wf1_timeserieswise,2,DB5,DB5,True,0.9999674558639526
107,DB4,P15,DB4_P15_T02_relabeled,R,primary,wf1_timeserieswise,2,DB4,DB4,True,0.9979162812232971
112,DB5,P16,DB5_P16_T36_r_slow_relabeled,L,primary,wf1_timeserieswise,2,DB5,DB5,True,0.999305009841919
121,DB5,P20,DB5_P20_T30_l_slow_relabeled,L,primary,wf1_timeserieswise,2,DB5,DB5,True,0.9998761415481567
126,DB3,P20,DB3_P20_A_T08,L,primary,wf1_timeserieswise,2,DB3,DB3,True,0.977164089679718
129,DB2,P10,DB2_P10_T02_65_relabeled,L,primary,wf1_timeserieswise,2,DB2,DB2,True,0.9914395809173584
132,DB5,P16,DB5_P16_T04_l_comf_relabeled,L,primary,wf1_timeserieswise,2,DB5,DB5,True,0.9998661279678345
134,DB3,P08,DB3_P08_A_T06_relabeled,L,primary,wf1_timeserieswise,2,DB3,DB3,True,0.998654842376709
140,DB4,P15,DB4_P15_T05_relabeled,R,primary,wf1_timeserieswise,2,DB4,DB4,True,0.9977728724479675
155,DB2,P10,DB2_P10_T02_130_relabeled,L,primary,wf1_timeserieswise,2,DB2,DB2,True,0.9927641749382019
158,DB5,P16,DB5_P16_T18_r_comf_relabeled,L,primary,wf1_timeserieswise,2,DB5,DB5,True,0.9974141120910645
161,DB3,P14,DB3_P14_A_T21_relabeled,L,primary,wf1_timeserieswise,2,DB3,DB3,True,0.9987300038337708
182,DB5,P13,DB5_P13_T15_r_comf_relabeled,L,primary,wf1_timeserieswise,2,DB5,DB5,True,0.9999254941940308
195,DB1,P07,DB1_P07_C2_T03_relabeled,L,primary,wf1_timeserieswise,2,DB1,DB1,True,0.9752058982849121
196,DB5,P16,DB5_P16_T06_l_comf_relabeled,L,primary,wf1_timeserieswise,2,DB5,DB5,True,0.9998650550842285
203,DB5,P20,DB5_P20_T16_r_comf_relabeled,L,primary,wf1_timeserieswise,2,DB5,DB5,True,0.9988089799880981
204,DB3,P20,DB3_P20_A_T13,L,primary,wf1_timeserieswise,2,DB3,DB3,True,0.999502420425415
205,DB3,P04,DB3_P04_A_T05_relabeled,L,primary,wf1_timeserieswise,2,DB3,DB3,True,0.996498703956604
212,DB4,P54,DB4_P54_T02_relabeled,R,primary,wf1_timeserieswise,2,DB4,DB4,True,0.997606635093689
226,DB1,P12,DB1_P12_C2_T02_relabeled,L,primary,wf1_timeserieswise,2,DB1,DB1,True,0.9956270456314087
227,DB4,P06,DB4_P06_T04_relabeled,R,primary,wf1_timeserieswise,2,DB4,DB4,True,0.9978333115577698
230,DB2,P10,DB2_P10_T01_130_relabeled,L,primary,wf1_timeserieswise,2,DB2,DB2,True,0.9894327521324158
242,DB3,P04,DB3_P04_A_T13_relabeled,L,primary,wf1_timeserieswise,2,DB3,DB3,True,0.9973371624946594
250,DB2,P09,DB2_P09_T04_65_relabeled,L,primary,wf1_timeserieswise,2,DB2,DB2,True,0.988810122013092
252,DB3,P08,DB3_P08_A_T07_relabeled,R,primary,wf1_timeserieswise,2,DB3,DB3,True,0.9916728138923645
270,DB5,P13,DB5_P13_T16_r_comf_relabeled,L,primary,wf1_timeserieswise,2,DB5,DB5,True,0.9999681711196899
271,DB2,P10,DB2_P10_T02_p_relabeled,L,primary,wf1_timeserieswise,2,DB2,DB2,True,0.9814336895942688
282,DB5,P16,DB5_P16_T05_l_comf_relabeled,L,primary,wf1_timeserieswise,2,DB5,DB5,True,0.9998644590377808
294,DB2,P10,DB2_P10_T01_-65_relabeled,L,primary,wf1_timeserieswise,2,DB2,DB2,True,0.9915891289710999
301,DB2,P10,DB2_P10_T03_130_relabeled,L,primary,wf1_timeserieswise,2,DB2,DB2,True,0.9930965304374695
306,DB4,P54,DB4_P54_T09_relabeled,R,primary,wf1_timeserieswise,2,DB4,DB4,True,0.9978761672973633
312,DB4,P48,DB4_P48_T22_relabeled,R,primary,wf1_timeserieswise,2,DB4,DB4,True,0.9969204664230347
321,DB3,P20,DB3_P20_A_T28,R,primary,wf1_timeserieswise,2,DB3,DB3,True,0.7434053421020508
324,DB5,P16,DB5_P16_T17_r_comf_relabeled,L,primary,wf1_timeserieswise,2,DB5,DB5,True,0.9972612857818604
329,DB5,P13,DB5_P13_T29_l_slow_relabeled,L,primary,wf1_timeserieswise,2,DB5,DB5,True,0.9998713731765747
330,DB5,P16,DB5_P16_T40_r_slow_relabeled,L,primary,wf1_timeserieswise,2,DB5,DB5,True,0.99920254945755
333,DB4,P20,DB4_P20_T17_relabeled,L,primary,wf1_timeserieswise,2,DB4,DB4,True,0.9938276410102844
334,DB5,P16,DB5_P16_T30_l_slow_relabeled,L,primary,wf1_timeserieswise,2,DB5,DB5,True,0.9998729228973389
343,DB4,P56,DB4_P56_T06_relabeled,R,primary,wf1_timeserieswise,2,DB4,DB4,True,0.9949080348014832
346,DB3,P14,DB3_P14_A_T16_relabeled,R,primary,wf1_timeserieswise,2,DB3,DB3,True,0.993678629398346
365,DB4,P56,DB4_P56_T19_relabeled,R,primary,wf1_timeserieswise,2,DB4,DB4,True,0.9951468110084534
367,DB5,P13,DB5_P13_T19_r_comf_relabeled,L,primary,wf1_timeserieswise,2,DB5,DB5,True,0.9999886751174927
370,DB4,P56,DB4_P56_T03_relabeled,R,primary,wf1_timeserieswise,2,DB4,DB4,True,0.9956282377243042
384,DB4,P15,DB4_P15_T18_relabeled,R,primary,wf1_timeserieswise,2,DB4,DB4,True,0.9976092576980591
393,DB3,P08,DB3_P08_A_T10_relabeled,L,primary,wf1_timeserieswise,2,DB3,DB3,True,0.9984983205795288
407,DB3,P14,DB3_P14_A_T17_relabeled,L,primary,wf1_timeserieswise,2,DB3,DB3,True,0.9814853668212891
412,DB5,P20,DB5_P20_T10_l_comf_relabeled,L,primary,wf1_timeserieswise,2,DB5,DB5,True,0.9998761415481567
416,DB5,P20,DB5_P20_T24_l_slow_relabeled,L,primary,wf1_timeserieswise,2,DB5,DB5,True,0.9998685121536255
423,DB4,P20,DB4_P20_T06_relabeled,R,primary,wf1_timeserieswise,2,DB4,DB4,True,0.9984386563301086
425,DB2,P09,DB2_P09_T05_-65_relabeled,L,primary,wf1_timeserieswise,2,DB2,DB2,True,0.9867219924926758
426,DB5,P16,DB5_P16_T29_l_slow_relabeled,L,primary,wf1_timeserieswise,2,DB5,DB5,True,0.9998682737350464
428,DB2,P10,DB2_P10_T01_p_relabeled,L,primary,wf1_timeserieswise,2,DB2,DB2,True,0.9814537763595581
431,DB5,P16,DB5_P16_T33_l_slow_relabeled,L,primary,wf1_timeserieswise,2,DB5,DB5,True,0.9998657703399658
436,DB4,P15,DB4_P15_T12_relabeled,R,primary,wf1_timeserieswise,2,DB4,DB4,True,0.9978212118148804
440,DB3,P20,DB3_P20_A_T15,R,primary,wf1_timeserieswise,2,DB3,DB3,True,0.9965155124664307
441,DB4,P34,DB4_P34_T07_relabeled,R,primary,wf1_timeserieswise,2,DB4,DB4,True,0.9975289702415466
445,DB3,P14,DB3_P14_A_T26_relabeled,R,primary,wf1_timeserieswise,2,DB3,DB3,True,0.9928511381149292
453,DB4,P44,DB4_P44_T15_relabeled,R,primary,wf1_timeserieswise,2,DB4,DB4,True,0.9977141618728638
467,DB5,P20,DB5_P20_T36_r_slow_relabeled,L,primary,wf1_timeserieswise,2,DB5,DB5,True,0.9973491430282593
468,DB4,P15,DB4_P15_T13_relabeled,R,primary,wf1_timeserieswise,2,DB4,DB4,True,0.997785210609436
472,DB4,P15,DB4_P15_T06_relabeled,R,primary,wf1_timeserieswise,2,DB4,DB4,True,0.9978169202804565
478,DB3,P08,DB3_P08_A_T05_relabeled,R,primary,wf1_timeserieswise,2,DB3,DB3,True,0.9925480484962463
483,DB4,P06,DB4_P06_T07_relabeled,R,primary,wf1_timeserieswise,2,DB4,DB4,True,0.9977684020996094
485,DB4,P54,DB4_P54_T06_relabeled,R,primary,wf1_timeserieswise,2,DB4,DB4,True,0.9979413151741028
486,DB2,P10,DB2_P10_T04_-130_relabeled,L,primary,wf1_timeserieswise,2,DB2,DB2,True,0.9937076568603516
487,DB1,P11,DB1_P11_C2_T02_relabeled,L,primary,wf1_timeserieswise,2,DB1,DB1,True,0.968010663986206
494,DB1,P23,DB1_P23_C1_T03_relabeled,R,primary,wf1_timeserieswise,2,DB1,DB1,True,0.6888911724090576
495,DB2,P09,DB2_P09_T01_250_relabeled,L,primary,wf1_timeserieswise,2,DB2,DB2,True,0.9905810952186584
498,DB1,P23,DB1_P23_C2_T04_relabeled,L,primary,wf1_timeserieswise,2,DB1,DB1,True,0.9958122372627258
503,DB5,P13,DB5_P13_T03_l_comf_relabeled,L,primary,wf1_timeserieswise,2,DB5,DB5,True,0.9998705387115479
517,DB5,P13,DB5_P13_T28_l_slow_relabeled,L,primary,wf1_timeserieswise,2,DB5,DB5,True,0.9998698234558105
518,DB4,P56,DB4_P56_T14_relabeled,R,primary,wf1_timeserieswise,2,DB4,DB4,True,0.9948405623435974
521,DB3,P08,DB3_P08_A_T08_relabeled,L,primary,wf1_timeserieswise,2,DB3,DB3,True,0.9986391663551331
522,DB4,P34,DB4_P34_T12_relabeled,R,primary,wf1_timeserieswise,2,DB4,DB4,True,0.9970843195915222
529,DB4,P34,DB4_P34_T05_relabeled,R,primary,wf1_timeserieswise,2,DB4,DB4,True,0.9973908066749573
532,DB5,P13,DB5_P13_T14_r_comf_relabeled,L,primary,wf1_timeserieswise,2,DB5,DB5,True,0.9999688863754272
533,DB5,P24,DB5_P24_T17_r_comf_relabeled,R,primary,wf1_timeserieswise,2,DB5,DB5,True,0.5248231291770935
534,DB2,P10,DB2_P10_T03_65_relabeled,L,primary,wf1_timeserieswise,2,DB2,DB2,True,0.9915649890899658
552,DB2,P09,DB2_P09_T04_-65_relabeled,L,primary,wf1_timeserieswise,2,DB2,DB2,True,0.9870802760124207
553,DB5,P20,DB5_P20_T33_l_slow_relabeled,L,primary,wf1_timeserieswise,2,DB5,DB5,True,0.9998770952224731
556,DB5,P16,DB5_P16_T09_l_comf_relabeled,L,primary,wf1_timeserieswise,2,DB5,DB5,True,0.999829888343811
557,DB5,P13,DB5_P13_T37_r_slow_relabeled,L,primary,wf1_timeserieswise,2,DB5,DB5,True,0.9999682903289795
560,DB4,P56,DB4_P56_T11_relabeled,R,primary,wf1_timeserieswise,2,DB4,DB4,True,0.9950292706489563
561,DB4,P15,DB4_P15_T14_relabeled,R,primary,wf1_timeserieswise,2,DB4,DB4,True,0.9975990653038025
570,DB4,P56,DB4_P56_T10_relabeled,R,primary,wf1_timeserieswise,2,DB4,DB4,True,0.9947772026062012
571,DB2,P09,DB2_P09_T02_-130_relabeled,L,primary,wf1_timeserieswise,2,DB2,DB2,True,0.9780274629592896
581,DB5,P13,DB5_P13_T09_l_comf_relabeled,L,primary,wf1_timeserieswise,2,DB5,DB5,True,0.9998679161071777
582,DB1,P12,DB1_P12_C2_T01_relabeled,L,primary,wf1_timeserieswise,2,DB1,DB1,True,0.9933316111564636
583,DB5,P13,DB5_P13_T34_r_slow_relabeled,L,primary,wf1_timeserieswise,2,DB5,DB5,True,0.9996223449707031
588,DB4,P56,DB4_P56_T21_relabeled,R,primary,wf1_timeserieswise,2,DB4,DB4,True,0.9952130317687988
592,DB4,P20,DB4_P20_T15_relabeled,R,primary,wf1_timeserieswise,2,DB4,DB4,True,0.9984492063522339
604,DB1,P19,DB1_P19_C2_T02_relabeled,L,primary,wf1_timeserieswise,2,DB1,DB1,True,0.9972309470176697
607,DB4,P34,DB4_P34_T03_relabeled,R,primary,wf1_timeserieswise,2,DB4,DB4,True,0.996880292892456
608,DB5,P20,DB5_P20_T40_r_slow_relabeled,L,primary,wf1_timeserieswise,2,DB5,DB5,True,0.997231662273407
609,DB5,P20,DB5_P20_T06_l_comf_relabeled,L,primary,wf1_timeserieswise,2,DB5,DB5,True,0.9998732805252075
615,DB2,P09,DB2_P09_T04_130_relabeled,L,primary,wf1_timeserieswise,2,DB2,DB2,True,0.9886118769645691
627,DB5,P16,DB5_P16_T32_l_slow_relabeled,L,primary,wf1_timeserieswise,2,DB5,DB5,True,0.9998691082000732
637,DB1,P19,DB1_P19_C2_T04_relabeled,R,primary,wf1_timeserieswise,2,DB1,DB1,True,0.9901862144470215
645,DB4,P20,DB4_P20_T13_relabeled,R,primary,wf1_timeserieswise,2,DB4,DB4,True,0.9985698461532593
651,DB5,P13,DB5_P13_T08_l_comf_relabeled,L,primary,wf1_timeserieswise,2,DB5,DB5,True,0.9998657703399658
655,DB2,P09,DB2_P09_T03_250_relabeled,L,primary,wf1_timeserieswise,2,DB2,DB2,True,0.9865074157714844
656,DB5,P13,DB5_P13_T33_r_slow_relabeled,L,primary,wf1_timeserieswise,2,DB5,DB5,True,0.9999699592590332
659,DB4,P48,DB4_P48_T06_relabeled,R,primary,wf1_timeserieswise,2,DB4,DB4,True,0.9967725872993469
668,DB4,P06,DB4_P06_T08_relabeled,R,primary,wf1_timeserieswise,2,DB4,DB4,True,0.9975079298019409
669,DB4,P48,DB4_P48_T10_relabeled,R,primary,wf1_timeserieswise,2,DB4,DB4,True,0.9969043135643005
683,DB5,P16,DB5_P16_T01_l_comf_relabeled,L,primary,wf1_timeserieswise,2,DB5,DB5,True,0.9998667240142822
689,DB5,P20,DB5_P20_T43_r_slow_relabeled,L,primary,wf1_timeserieswise,2,DB5,DB5,True,0.9989607334136963
696,DB5,P16,DB5_P16_T41_r_slow_relabeled,L,primary,wf1_timeserieswise,2,DB5,DB5,True,0.9992265701293945
697,DB5,P16,DB5_P16_T07_l_comf_relabeled,L,primary,wf1_timeserieswise,2,DB5,DB5,True,0.9998558759689331
698,DB3,P20,DB3_P20_A_T26,R,primary,wf1_timeserieswise,2,DB3,DB3,True,0.8536112904548645
704,DB2,P10,DB2_P10_T04_130_relabeled,L,primary,wf1_timeserieswise,2,DB2,DB2,True,0.9927718043327332
705,DB3,P04,DB3_P04_A_T08_relabeled,R,primary,wf1_timeserieswise,2,DB3,DB3,True,0.990122377872467
708,DB2,P10,DB2_P10_T03_250_relabeled,L,primary,wf1_timeserieswise,2,DB2,DB2,True,0.9917647242546082
718,DB4,P48,DB4_P48_T13_relabeled,R,primary,wf1_timeserieswise,2,DB4,DB4,True,0.9965840578079224
721,DB2,P10,DB2_P10_T01_-130_relabeled,L,primary,wf1_timeserieswise,2,DB2,DB2,True,0.9926163554191589
722,DB4,P15,DB4_P15_T11_relabeled,L,primary,wf1_timeserieswise,2,DB4,DB4,True,0.990591824054718
734,DB4,P06,DB4_P06_T11_relabeled,R,primary,wf1_timeserieswise,2,DB4,DB4,True,0.9974679946899414
740,DB5,P24,DB5_P24_T31_r_slow_relabeled,R,primary,wf1_timeserieswise,2,DB5,DB5,True,0.503012478351593
742,DB5,P20,DB5_P20_T17_r_comf_relabeled,L,primary,wf1_timeserieswise,2,DB5,DB5,True,0.9970959424972534
743,DB5,P13,DB5_P13_T23_l_slow_relabeled,L,primary,wf1_timeserieswise,2,DB5,DB5,True,0.9998670816421509
748,DB5,P13,DB5_P13_T12_r_comf_relabeled,L,primary,wf1_timeserieswise,2,DB5,DB5,True,0.9999274015426636
752,DB4,P44,DB4_P44_T14_relabeled,R,primary,wf1_timeserieswise,2,DB4,DB4,True,0.9977637529373169
753,DB2,P09,DB2_P09_T03_-130_relabeled,L,primary,wf1_timeserieswise,2,DB2,DB2,True,0.9801629781723022
754,DB2,P09,DB2_P09_T05_-130_relabeled,L,primary,wf1_timeserieswise,2,DB2,DB2,True,0.9775779247283936
767,DB5,P13,DB5_P13_T05_l_comf_relabeled,L,primary,wf1_timeserieswise,2,DB5,DB5,True,0.9998657703399658
769,DB4,P54,DB4_P54_T17_relabeled,R,primary,wf1_timeserieswise,2,DB4,DB4,True,0.9979038238525391
772,DB4,P20,DB4_P20_T21_relabeled,L,primary,wf1_timeserieswise,2,DB4,DB4,True,0.9933881759643555
776,DB3,P20,DB3_P20_A_T11,L,primary,wf1_timeserieswise,2,DB3,DB3,True,0.9993988275527954
778,DB5,P16,DB5_P16_T24_l_slow_relabeled,L,primary,wf1_timeserieswise,2,DB5,DB5,True,0.9998645782470703
787,DB3,P08,DB3_P08_A_T04_relabeled,L,primary,wf1_timeserieswise,2,DB3,DB3,True,0.9728283882141113
794,DB5,P13,DB5_P13_T25_l_slow_relabeled,L,primary,wf1_timeserieswise,2,DB5,DB5,True,0.9998667240142822
801,DB5,P16,DB5_P16_T26_l_slow_relabeled,L,primary,wf1_timeserieswise,2,DB5,DB5,True,0.9998733997344971
804,DB4,P20,DB4_P20_T16_relabeled,L,primary,wf1_timeserieswise,2,DB4,DB4,True,0.992438018321991
808,DB5,P16,DB5_P16_T27_l_slow_relabeled,L,primary,wf1_timeserieswise,2,DB5,DB5,True,0.9998733997344971
814,DB5,P20,DB5_P20_T32_l_slow_relabeled,L,primary,wf1_timeserieswise,2,DB5,DB5,True,0.9998588562011719
816,DB2,P09,DB2_P09_T05_250_relabeled,L,primary,wf1_timeserieswise,2,DB2,DB2,True,0.9899783134460449
819,DB1,P19,DB1_P19_C3_T02_relabeled,L,primary,wf1_timeserieswise,2,DB1,DB1,True,0.9952166080474854
820,DB1,P08,DB1_P08_C3_T03_relabeled,L,primary,wf1_timeserieswise,2,DB1,DB1,True,0.9895500540733337
825,DB4,P20,DB4_P20_T22_relabeled,L,primary,wf1_timeserieswise,2,DB4,DB4,True,0.9916900396347046
831,DB2,P09,DB2_P09_T04_p_relabeled,L,primary,wf1_timeserieswise,2,DB2,DB2,True,0.9811211228370667
843,DB5,P13,DB5_P13_T40_r_slow_relabeled,L,primary,wf1_timeserieswise,2,DB5,DB5,True,0.9999676942825317
845,DB5,P13,DB5_P13_T13_r_comf_relabeled,L,primary,wf1_timeserieswise,2,DB5,DB5,True,0.9999688863754272
850,DB5,P20,DB5_P20_T13_r_comf_relabeled,L,primary,wf1_timeserieswise,2,DB5,DB5,True,0.9988056421279907
852,DB4,P15,DB4_P15_T10_relabeled,R,primary,wf1_timeserieswise,2,DB4,DB4,True,0.9976640939712524
853,DB4,P44,DB4_P44_T04_relabeled,R,primary,wf1_timeserieswise,2,DB4,DB4,True,0.997606635093689
856,DB4,P20,DB4_P20_T04_relabeled,R,primary,wf1_timeserieswise,2,DB4,DB4,True,0.990616500377655
858,DB5,P13,DB5_P13_T32_r_slow_relabeled,L,primary,wf1_timeserieswise,2,DB5,DB5,True,0.9999675750732422
861,DB2,P10,DB2_P10_T06_-130_relabeled,L,primary,wf1_timeserieswise,2,DB2,DB2,True,0.984031081199646
896,DB2,P10,DB2_P10_T01_250_relabeled,L,primary,wf1_timeserieswise,2,DB2,DB2,True,0.9934373497962952
904,DB3,P04,DB3_P04_A_T14_relabeled,L,primary,wf1_timeserieswise,2,DB3,DB3,True,0.99716717004776
912,DB1,P01,DB1_P01_C1_T04_relabeled,L,primary,wf1_timeserieswise,2,DB1,DB1,True,0.9696719646453857
917,DB1,P01,DB1_P01_C2_T02_relabeled,L,primary,wf1_timeserieswise,2,DB1,DB1,True,0.8923461437225342
922,DB1,P08,DB1_P08_C2_T05_relabeled,L,primary,wf1_timeserieswise,2,DB1,DB1,True,0.9853595495223999
928,DB4,P48,DB4_P48_T12_relabeled,R,primary,wf1_timeserieswise,2,DB4,DB4,True,0.9971439242362976
929,DB5,P20,DB5_P20_T09_l_comf_relabeled,L,primary,wf1_timeserieswise,2,DB5,DB5,True,0.9998756647109985
937,DB5,P20,DB5_P20_T11_l_comf_relabeled,L,primary,wf1_timeserieswise,2,DB5,DB5,True,0.9998717308044434
943,DB3,P04,DB3_P04_A_T09_relabeled,L,primary,wf1_timeserieswise,2,DB3,DB3,True,0.9977092742919922
947,DB5,P24,DB5_P24_T20_r_comf_relabeled,R,primary,wf1_timeserieswise,2,DB5,DB5,True,0.6025779247283936
948,DB2,P10,DB2_P10_T04_65_relabeled,L,primary,wf1_timeserieswise,2,DB2,DB2,True,0.9926732182502747
951,DB2,P10,DB2_P10_T06_65_relabeled,L,primary,wf1_timeserieswise,2,DB2,DB2,True,0.9895868301391602
952,DB2,P09,DB2_P09_T02_65_relabeled,L,primary,wf1_timeserieswise,2,DB2,DB2,True,0.9796152710914612
954,DB4,P48,DB4_P48_T11_relabeled,R,primary,wf1_timeserieswise,2,DB4,DB4,True,0.9964697360992432
968,DB4,P44,DB4_P44_T08_relabeled,R,primary,wf1_timeserieswise,2,DB4,DB4,True,0.9974499344825745
979,DB3,P14,DB3_P14_A_T18_relabeled,R,primary,wf1_timeserieswise,2,DB3,DB3,True,0.9934865236282349
980,DB4,P15,DB4_P15_T03_relabeled,L,primary,wf1_timeserieswise,2,DB4,DB4,True,0.9892330169677734
981,DB4,P44,DB4_P44_T10_relabeled,R,primary,wf1_timeserieswise,2,DB4,DB4,True,0.9975960850715637
983,DB1,P19,DB1_P19_C2_T03_relabeled,L,primary,wf1_timeserieswise,2,DB1,DB1,True,0.9965980648994446
985,DB2,P09,DB2_P09_T01_-130_relabeled,L,primary,wf1_timeserieswise,2,DB2,DB2,True,0.9843544960021973
987,DB4,P54,DB4_P54_T18_relabeled,R,primary,wf1_timeserieswise,2,DB4,DB4,True,0.99818354845047
988,DB4,P48,DB4_P48_T02_relabeled,R,primary,wf1_timeserieswise,2,DB4,DB4,True,0.9969630837440491
989,DB4,P34,DB4_P34_T22_relabeled,R,primary,wf1_timeserieswise,2,DB4,DB4,True,0.996781587600708
999,DB2,P09,DB2_P09_T01_130_relabeled,L,primary,wf1_timeserieswise,2,DB2,DB2,True,0.9844750761985779
1001,DB4,P56,DB4_P56_T08_relabeled,R,primary,wf1_timeserieswise,2,DB4,DB4,True,0.99379563331604
1006,DB1,P01,DB1_P01_C1_T03_relabeled,L,primary,wf1_timeserieswise,2,DB1,DB1,True,0.9686223864555359
1007,DB1,P01,DB1_P01_C2_T04_relabeled,L,primary,wf1_timeserieswise,2,DB1,DB1,True,0.9742612838745117
1009,DB2,P10,DB2_P10_T04_-65_relabeled,L,primary,wf1_timeserieswise,2,DB2,DB2,True,0.9901304841041565
1022,DB1,P11,DB1_P11_C2_T01_relabeled,L,primary,wf1_timeserieswise,2,DB1,DB1,True,0.9697228670120239
1024,DB2,P10,DB2_P10_T02_-65_relabeled,L,primary,wf1_timeserieswise,2,DB2,DB2,True,0.9890557527542114
1027,DB1,P01,DB1_P01_C3_T01_relabeled,L,primary,wf1_timeserieswise,2,DB1,DB1,True,0.9082410335540771
1031,DB5,P20,DB5_P20_T27_l_slow_relabeled,L,primary,wf1_timeserieswise,2,DB5,DB5,True,0.9998700618743896
1037,DB4,P54,DB4_P54_T11_relabeled,R,primary,wf1_timeserieswise,2,DB4,DB4,True,0.9977961778640747
1045,DB3,P14,DB3_P14_A_T15_relabeled,L,primary,wf1_timeserieswise,2,DB3,DB3,True,0.9813973903656006
1050,DB1,P12,DB1_P12_C2_T03_relabeled,L,primary,wf1_timeserieswise,2,DB1,DB1,True,0.9960083961486816
1054,DB2,P09,DB2_P09_T02_250_relabeled,L,primary,wf1_timeserieswise,2,DB2,DB2,True,0.9850881695747375
1055,DB4,P44,DB4_P44_T03_relabeled,R,primary,wf1_timeserieswise,2,DB4,DB4,True,0.9974706172943115
1062,DB1,P08,DB1_P08_C3_T04_relabeled,L,primary,wf1_timeserieswise,2,DB1,DB1,True,0.9879742860794067
1077,DB3,P14,DB3_P14_A_T24_relabeled,L,primary,wf1_timeserieswise,2,DB3,DB3,True,0.9988189339637756
1078,DB5,P20,DB5_P20_T03_l_comf_relabeled,L,primary,wf1_timeserieswise,2,DB5,DB5,True,0.9998722076416016
1091,DB3,P04,DB3_P04_A_T07_relabeled,L,primary,wf1_timeserieswise,2,DB3,DB3,True,0.9977814555168152
1094,DB5,P16,DB5_P16_T31_l_slow_relabeled,L,primary,wf1_timeserieswise,2,DB5,DB5,True,0.9998717308044434
1096,DB5,P20,DB5_P20_T07_l_comf_relabeled,L,primary,wf1_timeserieswise,2,DB5,DB5,True,0.999875545501709
1110,DB5,P20,DB5_P20_T20_r_comf_relabeled,L,primary,wf1_timeserieswise,2,DB5,DB5,True,0.9973752498626709
1113,DB1,P07,DB1_P07_C3_T01_relabeled,L,primary,wf1_timeserieswise,2,DB1,DB1,True,0.986884593963623
1120,DB1,P01,DB1_P01_C1_T01_relabeled,L,primary,wf1_timeserieswise,2,DB1,DB1,True,0.9762069582939148
1125,DB4,P54,DB4_P54_T19_relabeled,R,primary,wf1_timeserieswise,2,DB4,DB4,True,0.9980852603912354
1126,DB4,P06,DB4_P06_T03_relabeled,R,primary,wf1_timeserieswise,2,DB4,DB4,True,0.9976300001144409
1131,DB5,P13,DB5_P13_T39_r_slow_relabeled,L,primary,wf1_timeserieswise,2,DB5,DB5,True,0.9999699592590332
1132,DB5,P13,DB5_P13_T30_l_slow_relabeled,L,primary,wf1_timeserieswise,2,DB5,DB5,True,0.9998724460601807
1139,DB4,P06,DB4_P06_T20_relabeled,R,primary,wf1_timeserieswise,2,DB4,DB4,True,0.9976356029510498
1140,DB4,P56,DB4_P56_T12_relabeled,R,primary,wf1_timeserieswise,2,DB4,DB4,True,0.9948474168777466
1141,DB4,P15,DB4_P15_T20_relabeled,R,primary,wf1_timeserieswise,2,DB4,DB4,True,0.9977680444717407
1159,DB4,P20,DB4_P20_T07_relabeled,L,primary,wf1_timeserieswise,2,DB4,DB4,True,0.9930589199066162
1166,DB4,P54,DB4_P54_T22_relabeled,R,primary,wf1_timeserieswise,2,DB4,DB4,True,0.9979972243309021
1173,DB3,P14,DB3_P14_A_T22_relabeled,L,primary,wf1_timeserieswise,2,DB3,DB3,True,0.9989780187606812
1194,DB4,P20,DB4_P20_T11_relabeled,L,primary,wf1_timeserieswise,2,DB4,DB4,True,0.9932600855827332
1197,DB4,P15,DB4_P15_T07_relabeled,R,primary,wf1_timeserieswise,2,DB4,DB4,True,0.9976006150245667
1201,DB1,P11,DB1_P11_C2_T05_relabeled,L,primary,wf1_timeserieswise,2,DB1,DB1,True,0.9470728635787964
1206,DB4,P15,DB4_P15_T17_relabeled,R,primary,wf1_timeserieswise,2,DB4,DB4,True,0.9976270794868469
1208,DB5,P20,DB5_P20_T29_l_slow_relabeled,L,primary,wf1_timeserieswise,2,DB5,DB5,True,0.9998679161071777
1212,DB4,P20,DB4_P20_T23_relabeled,R,primary,wf1_timeserieswise,2,DB4,DB4,True,0.9981769323348999
1213,DB4,P15,DB4_P15_T22_relabeled,R,primary,wf1_timeserieswise,2,DB4,DB4,True,0.997432291507721
1215,DB3,P08,DB3_P08_A_T02_relabeled,L,primary,wf1_timeserieswise,2,DB3,DB3,True,0.9985554814338684
1221,DB1,P08,DB1_P08_C2_T04_relabeled,L,primary,wf1_timeserieswise,2,DB1,DB1,True,0.9925212264060974
1227,DB5,P20,DB5_P20_T21_r_comf_relabeled,L,primary,wf1_timeserieswise,2,DB5,DB5,True,0.9988918900489807
1236,DB4,P54,DB4_P54_T14_relabeled,R,primary,wf1_timeserieswise,2,DB4,DB4,True,0.9979016780853271
1237,DB5,P02,DB5_P02_T17_r_comf_relabeled,R,primary,wf1_timeserieswise,2,DB5,DB5,True,0.9998039603233337
1254,DB5,P16,DB5_P16_T03_l_comf_relabeled,L,primary,wf1_timeserieswise,2,DB5,DB5,True,0.9998729228973389
1257,DB5,P20,DB5_P20_T35_r_slow_relabeled,L,primary,wf1_timeserieswise,2,DB5,DB5,True,0.9974002838134766
1261,DB4,P44,DB4_P44_T12_relabeled,R,primary,wf1_timeserieswise,2,DB4,DB4,True,0.9973657727241516
1267,DB4,P20,DB4_P20_T18_relabeled,R,primary,wf1_timeserieswise,2,DB4,DB4,True,0.9984623193740845
1273,DB4,P20,DB4_P20_T09_relabeled,R,primary,wf1_timeserieswise,2,DB4,DB4,True,0.9986265897750854
1281,DB5,P16,DB5_P16_T39_r_slow_relabeled,L,primary,wf1_timeserieswise,2,DB5,DB5,True,0.9989990592002869
1289,DB3,P20,DB3_P20_A_T02,L,primary,wf1_timeserieswise,2,DB3,DB3,True,0.9995146989822388
1290,DB1,P12,DB1_P12_C2_T04_relabeled,L,primary,wf1_timeserieswise,2,DB1,DB1,True,0.9973275661468506
1294,DB2,P09,DB2_P09_T02_-65_relabeled,L,primary,wf1_timeserieswise,2,DB2,DB2,True,0.9813754558563232
1295,DB1,P08,DB1_P08_C2_T01_relabeled,L,primary,wf1_timeserieswise,2,DB1,DB1,True,0.9945470094680786
1301,DB5,P13,DB5_P13_T20_r_comf_relabeled,L,primary,wf1_timeserieswise,2,DB5,DB5,True,0.999313473701477
1306,DB4,P06,DB4_P06_T02_relabeled,R,primary,wf1_timeserieswise,2,DB4,DB4,True,0.9977307915687561
1313,DB4,P15,DB4_P15_T19_relabeled,R,primary,wf1_timeserieswise,2,DB4,DB4,True,0.9978349804878235
1322,DB1,P19,DB1_P19_C3_T03_relabeled,L,primary,wf1_timeserieswise,2,DB1,DB1,True,0.9961497783660889
1332,DB2,P09,DB2_P09_T03_130_relabeled,L,primary,wf1_timeserieswise,2,DB2,DB2,True,0.9884948134422302
1333,DB4,P44,DB4_P44_T13_relabeled,R,primary,wf1_timeserieswise,2,DB4,DB4,True,0.9976344108581543
1336,DB4,P06,DB4_P06_T22_relabeled,R,primary,wf1_timeserieswise,2,DB4,DB4,True,0.9978380799293518
1337,DB5,P16,DB5_P16_T02_l_comf_relabeled,L,primary,wf1_timeserieswise,2,DB5,DB5,True,0.9998658895492554
1339,DB4,P06,DB4_P06_T21_relabeled,R,primary,wf1_timeserieswise,2,DB4,DB4,True,0.9977917671203613
1342,DB4,P20,DB4_P20_T24_relabeled,R,primary,wf1_timeserieswise,2,DB4,DB4,True,0.9983596205711365
1343,DB5,P13,DB5_P13_T24_l_slow_relabeled,L,primary,wf1_timeserieswise,2,DB5,DB5,True,0.9998711347579956
1350,DB4,P34,DB4_P34_T17_relabeled,R,primary,wf1_timeserieswise,2,DB4,DB4,True,0.997117280960083
1352,DB5,P20,DB5_P20_T34_r_slow_relabeled,L,primary,wf1_timeserieswise,2,DB5,DB5,True,0.9949246644973755
1354,DB4,P56,DB4_P56_T05_relabeled,R,primary,wf1_timeserieswise,2,DB4,DB4,True,0.9942412376403809
1356,DB5,P20,DB5_P20_T08_l_comf_relabeled,L,primary,wf1_timeserieswise,2,DB5,DB5,True,0.9998719692230225
1371,DB4,P34,DB4_P34_T09_relabeled,R,primary,wf1_timeserieswise,2,DB4,DB4,True,0.9976843595504761
1374,DB4,P34,DB4_P34_T04_relabeled,R,primary,wf1_timeserieswise,2,DB4,DB4,True,0.9971109628677368
1375,DB4,P44,DB4_P44_T18_relabeled,R,primary,wf1_timeserieswise,2,DB4,DB4,True,0.997849702835083
1377,DB5,P13,DB5_P13_T35_r_slow_relabeled,L,primary,wf1_timeserieswise,2,DB5,DB5,True,0.9999673366546631
1389,DB4,P54,DB4_P54_T07_relabeled,R,primary,wf1_timeserieswise,2,DB4,DB4,True,0.9977771639823914
1392,DB4,P56,DB4_P56_T20_relabeled,R,primary,wf1_timeserieswise,2,DB4,DB4,True,0.9950457811355591
1417,DB4,P15,DB4_P15_T16_relabeled,R,primary,wf1_timeserieswise,2,DB4,DB4,True,0.9974339604377747
1425,DB4,P54,DB4_P54_T16_relabeled,R,primary,wf1_timeserieswise,2,DB4,DB4,True,0.9981800317764282
1427,DB1,P01,DB1_P01_C1_T05_relabeled,L,primary,wf1_timeserieswise,2,DB1,DB1,True,0.9759892225265503
1431,DB5,P16,DB5_P16_T12_l_comf_relabeled,L,primary,wf1_timeserieswise,2,DB5,DB5,True,0.9998636245727539
1438,DB2,P10,DB2_P10_T02_250_relabeled,L,primary,wf1_timeserieswise,2,DB2,DB2,True,0.993470311164856
1441,DB2,P10,DB2_P10_T04_250_relabeled,L,primary,wf1_timeserieswise,2,DB2,DB2,True,0.9904656410217285
1444,DB4,P54,DB4_P54_T08_relabeled,R,primary,wf1_timeserieswise,2,DB4,DB4,True,0.9979977011680603
1447,DB5,P20,DB5_P20_T18_r_comf_relabeled,L,primary,wf1_timeserieswise,2,DB5,DB5,True,0.9988709092140198
1460,DB4,P06,DB4_P06_T14_relabeled,R,primary,wf1_timeserieswise,2,DB4,DB4,True,0.9974701404571533
1461,DB1,P07,DB1_P07_C3_T04_relabeled,L,primary,wf1_timeserieswise,2,DB1,DB1,True,0.9857845902442932
1463,DB4,P15,DB4_P15_T21_relabeled,R,primary,wf1_timeserieswise,2,DB4,DB4,True,0.9980587363243103
1467,DB3,P14,DB3_P14_A_T20_relabeled,L,primary,wf1_timeserieswise,2,DB3,DB3,True,0.9991012811660767
1469,DB4,P44,DB4_P44_T09_relabeled,R,primary,wf1_timeserieswise,2,DB4,DB4,True,0.9975435137748718
1473,DB4,P48,DB4_P48_T05_relabeled,R,primary,wf1_timeserieswise,2,DB4,DB4,True,0.9965410828590393
1482,DB4,P06,DB4_P06_T16_relabeled,R,primary,wf1_timeserieswise,2,DB4,DB4,True,0.9977537989616394
1483,DB5,P13,DB5_P13_T10_l_comf_relabeled,L,primary,wf1_timeserieswise,2,DB5,DB5,True,0.9998656511306763
1498,DB5,P16,DB5_P16_T38_r_slow_relabeled,L,primary,wf1_timeserieswise,2,DB5,DB5,True,0.9991911053657532
1501,DB2,P10,DB2_P10_T02_-130_relabeled,L,primary,wf1_timeserieswise,2,DB2,DB2,True,0.9912050366401672
1506,DB5,P16,DB5_P16_T11_l_comf_relabeled,L,primary,wf1_timeserieswise,2,DB5,DB5,True,0.9998618364334106
1509,DB4,P44,DB4_P44_T17_relabeled,R,primary,wf1_timeserieswise,2,DB4,DB4,True,0.9975736737251282
1510,DB3,P08,DB3_P08_A_T03_relabeled,R,primary,wf1_timeserieswise,2,DB3,DB3,True,0.9902936220169067
1512,DB4,P56,DB4_P56_T02_relabeled,R,primary,wf1_timeserieswise,2,DB4,DB4,True,0.995877742767334
1515,DB4,P44,DB4_P44_T21_relabeled,R,primary,wf1_timeserieswise,2,DB4,DB4,True,0.997584342956543
1522,DB5,P13,DB5_P13_T27_l_slow_relabeled,L,primary,wf1_timeserieswise,2,DB5,DB5,True,0.9998685121536255
1525,DB2,P09,DB2_P09_T03_-65_relabeled,L,primary,wf1_timeserieswise,2,DB2,DB2,True,0.9849698543548584
1530,DB5,P20,DB5_P20_T25_l_slow_relabeled,L,primary,wf1_timeserieswise,2,DB5,DB5,True,0.9998698234558105
1531,DB3,P04,DB3_P04_A_T10_relabeled,R,primary,wf1_timeserieswise,2,DB3,DB3,True,0.9911659359931946
1535,DB1,P08,DB1_P08_C2_T03_relabeled,L,primary,wf1_timeserieswise,2,DB1,DB1,True,0.9937230944633484
1542,DB4,P06,DB4_P06_T19_relabeled,R,primary,wf1_timeserieswise,2,DB4,DB4,True,0.9972732663154602
1546,DB4,P54,DB4_P54_T15_relabeled,R,primary,wf1_timeserieswise,2,DB4,DB4,True,0.9979960918426514
1550,DB5,P20,DB5_P20_T39_r_slow_relabeled,L,primary,wf1_timeserieswise,2,DB5,DB5,True,0.9988952875137329
1557,DB4,P15,DB4_P15_T15_relabeled,R,primary,wf1_timeserieswise,2,DB4,DB4,True,0.9978346228599548
1563,DB5,P20,DB5_P20_T31_l_slow_relabeled,L,primary,wf1_timeserieswise,2,DB5,DB5,True,0.9998756647109985
1565,DB4,P48,DB4_P48_T16_relabeled,R,primary,wf1_timeserieswise,2,DB4,DB4,True,0.9970579147338867
1566,DB4,P56,DB4_P56_T09_relabeled,R,primary,wf1_timeserieswise,2,DB4,DB4,True,0.9956912398338318
1572,DB5,P20,DB5_P20_T23_l_slow_relabeled,L,primary,wf1_timeserieswise,2,DB5,DB5,True,0.999864935874939
1581,DB5,P20,DB5_P20_T05_l_comf_relabeled,L,primary,wf1_timeserieswise,2,DB5,DB5,True,0.9998724460601807
1583,DB4,P34,DB4_P34_T13_relabeled,R,primary,wf1_timeserieswise,2,DB4,DB4,True,0.9969231486320496
1585,DB4,P44,DB4_P44_T06_relabeled,R,primary,wf1_timeserieswise,2,DB4,DB4,True,0.9978626370429993
1591,DB4,P20,DB4_P20_T05_relabeled,R,primary,wf1_timeserieswise,2,DB4,DB4,True,0.9985517859458923
1621,DB4,P54,DB4_P54_T21_relabeled,R,primary,wf1_timeserieswise,2,DB4,DB4,True,0.9979711174964905
1628,DB4,P20,DB4_P20_T08_relabeled,R,primary,wf1_timeserieswise,2,DB4,DB4,True,0.998403012752533
1629,DB2,P09,DB2_P09_T02_130_relabeled,L,primary,wf1_timeserieswise,2,DB2,DB2,True,0.9908121228218079
1630,DB2,P09,DB2_P09_T05_130_relabeled,L,primary,wf1_timeserieswise,2,DB2,DB2,True,0.9913408160209656
1645,DB5,P20,DB5_P20_T12_r_comf_relabeled,L,primary,wf1_timeserieswise,2,DB5,DB5,True,0.9985139966011047
1650,DB1,P01,DB1_P01_C1_T02_relabeled,L,primary,wf1_timeserieswise,2,DB1,DB1,True,0.9746540784835815
1657,DB5,P20,DB5_P20_T04_l_comf_relabeled,L,primary,wf1_timeserieswise,2,DB5,DB5,True,0.9998699426651001
1663,DB3,P04,DB3_P04_A_T15_relabeled,R,primary,wf1_timeserieswise,2,DB3,DB3,True,0.989219605922699
1665,DB4,P48,DB4_P48_T17_relabeled,R,primary,wf1_timeserieswise,2,DB4,DB4,True,0.9966402053833008
1666,DB4,P56,DB4_P56_T15_relabeled,R,primary,wf1_timeserieswise,2,DB4,DB4,True,0.9949885010719299
1667,DB5,P24,DB5_P24_T18_r_comf_relabeled,R,primary,wf1_timeserieswise,2,DB5,DB5,True,0.5080976486206055
1672,DB4,P56,DB4_P56_T16_relabeled,R,primary,wf1_timeserieswise,2,DB4,DB4,True,0.9949210286140442
1674,DB2,P10,DB2_P10_T05_130_relabeled,L,primary,wf1_timeserieswise,2,DB2,DB2,True,0.9906513690948486
1677,DB5,P13,DB5_P13_T01_l_comf_relabeled,L,primary,wf1_timeserieswise,2,DB5,DB5,True,0.9998646974563599
1680,DB5,P02,DB5_P02_T18_r_comf_relabeled,R,primary,wf1_timeserieswise,2,DB5,DB5,True,0.9997923970222473
1687,DB4,P56,DB4_P56_T07_relabeled,R,primary,wf1_timeserieswise,2,DB4,DB4,True,0.9963564872741699
1689,DB4,P56,DB4_P56_T13_relabeled,R,primary,wf1_timeserieswise,2,DB4,DB4,True,0.9956408739089966
1690,DB5,P13,DB5_P13_T18_r_comf_relabeled,L,primary,wf1_timeserieswise,2,DB5,DB5,True,0.9999680519104004
1693,DB5,P20,DB5_P20_T02_l_comf_relabeled,L,primary,wf1_timeserieswise,2,DB5,DB5,True,0.9998747110366821
1701,DB4,P34,DB4_P34_T10_relabeled,R,primary,wf1_timeserieswise,2,DB4,DB4,True,0.9975994229316711
1704,DB4,P06,DB4_P06_T10_relabeled,R,primary,wf1_timeserieswise,2,DB4,DB4,True,0.9978017210960388
1710,DB4,P44,DB4_P44_T05_relabeled,R,primary,wf1_timeserieswise,2,DB4,DB4,True,0.997665524482727
1713,DB5,P20,DB5_P20_T19_r_comf_relabeled,L,primary,wf1_timeserieswise,2,DB5,DB5,True,0.9972290396690369
1726,DB5,P13,DB5_P13_T06_l_comf_relabeled,L,primary,wf1_timeserieswise,2,DB5,DB5,True,0.9998663663864136
1727,DB4,P20,DB4_P20_T19_relabeled,R,primary,wf1_timeserieswise,2,DB4,DB4,True,0.9982841610908508
1728,DB5,P16,DB5_P16_T35_r_slow_relabeled,L,primary,wf1_timeserieswise,2,DB5,DB5,True,0.9998587369918823
1743,DB5,P16,DB5_P16_T28_l_slow_relabeled,L,primary,wf1_timeserieswise,2,DB5,DB5,True,0.9998729228973389
1745,DB4,P06,DB4_P06_T12_relabeled,R,primary,wf1_timeserieswise,2,DB4,DB4,True,0.9975641965866089
1751,DB4,P44,DB4_P44_T19_relabeled,R,primary,wf1_timeserieswise,2,DB4,DB4,True,0.9975005984306335
1752,DB4,P44,DB4_P44_T02_relabeled,R,primary,wf1_timeserieswise,2,DB4,DB4,True,0.997433602809906
1758,DB1,P08,DB1_P08_C3_T01_relabeled,L,primary,wf1_timeserieswise,2,DB1,DB1,True,0.9863458275794983
1759,DB4,P34,DB4_P34_T19_relabeled,R,primary,wf1_timeserieswise,2,DB4,DB4,True,0.9971033930778503
1761,DB5,P13,DB5_P13_T36_r_slow_relabeled,L,primary,wf1_timeserieswise,2,DB5,DB5,True,0.9999704360961914
1763,DB2,P09,DB2_P09_T04_250_relabeled,L,primary,wf1_timeserieswise,2,DB2,DB2,True,0.9796797633171082
1765,DB5,P20,DB5_P20_T41_r_slow_relabeled,L,primary,wf1_timeserieswise,2,DB5,DB5,True,0.995060384273529
1771,DB5,P13,DB5_P13_T17_r_comf_relabeled,L,primary,wf1_timeserieswise,2,DB5,DB5,True,0.9993116855621338
1779,DB4,P44,DB4_P44_T11_relabeled,R,primary,wf1_timeserieswise,2,DB4,DB4,True,0.9973552227020264
1789,DB5,P24,DB5_P24_T19_r_comf_relabeled,R,primary,wf1_timeserieswise,2,DB5,DB5,True,0.5026890635490417
1792,DB2,P09,DB2_P09_T06_p_relabeled,L,primary,wf1_timeserieswise,2,DB2,DB2,True,0.984889030456543
1794,DB4,P34,DB4_P34_T18_relabeled,R,primary,wf1_timeserieswise,2,DB4,DB4,True,0.9970935583114624
1797,DB5,P13,DB5_P13_T07_l_comf_relabeled,L,primary,wf1_timeserieswise,2,DB5,DB5,True,0.9998674392700195
1800,DB4,P15,DB4_P15_T08_relabeled,R,primary,wf1_timeserieswise,2,DB4,DB4,True,0.9974973797798157
1805,DB5,P16,DB5_P16_T37_r_slow_relabeled,L,primary,wf1_timeserieswise,2,DB5,DB5,True,0.9998557567596436
1809,DB5,P13,DB5_P13_T22_l_slow_relabeled,L,primary,wf1_timeserieswise,2,DB5,DB5,True,0.9998663663864136
1811,DB4,P48,DB4_P48_T08_relabeled,R,primary,wf1_timeserieswise,2,DB4,DB4,True,0.9966933727264404
1820,DB1,P07,DB1_P07_C3_T03_relabeled,L,primary,wf1_timeserieswise,2,DB1,DB1,True,0.9870813488960266
1835,DB2,P10,DB2_P10_T04_p_relabeled,L,primary,wf1_timeserieswise,2,DB2,DB2,True,0.9836446046829224
1836,DB3,P20,DB3_P20_A_T21,R,primary,wf1_timeserieswise,2,DB3,DB3,True,0.8257710933685303
1844,DB5,P13,DB5_P13_T31_r_slow_relabeled,L,primary,wf1_timeserieswise,2,DB5,DB5,True,0.9999685287475586
1852,DB4,P06,DB4_P06_T17_relabeled,R,primary,wf1_timeserieswise,2,DB4,DB4,True,0.9973630309104919
1858,DB5,P13,DB5_P13_T21_l_slow_relabeled,L,primary,wf1_timeserieswise,2,DB5,DB5,True,0.999873161315918
1862,DB3,P08,DB3_P08_A_T01_relabeled,R,primary,wf1_timeserieswise,2,DB3,DB3,True,0.9912813305854797
1863,DB5,P16,DB5_P16_T43_r_slow_relabeled,L,primary,wf1_timeserieswise,2,DB5,DB5,True,0.9998502731323242
1871,DB2,P09,DB2_P09_T01_p_relabeled,L,primary,wf1_timeserieswise,2,DB2,DB2,True,0.9792122840881348
1873,DB4,P54,DB4_P54_T10_relabeled,R,primary,wf1_timeserieswise,2,DB4,DB4,True,0.9976679682731628
1877,DB5,P13,DB5_P13_T38_r_slow_relabeled,L,primary,wf1_timeserieswise,2,DB5,DB5,True,0.9999816417694092
1881,DB5,P20,DB5_P20_T26_l_slow_relabeled,L,primary,wf1_timeserieswise,2,DB5,DB5,True,0.9998723268508911
1883,DB5,P20,DB5_P20_T28_l_slow_relabeled,L,primary,wf1_timeserieswise,2,DB5,DB5,True,0.999873161315918
1887,DB1,P19,DB1_P19_C2_T05_relabeled,L,primary,wf1_timeserieswise,2,DB1,DB1,True,0.9967024922370911
1888,DB5,P13,DB5_P13_T04_l_comf_relabeled,L,primary,wf1_timeserieswise,2,DB5,DB5,True,0.9998674392700195
1897,DB4,P48,DB4_P48_T09_relabeled,R,primary,wf1_timeserieswise,2,DB4,DB4,True,0.996849000453949
1901,DB4,P48,DB4_P48_T03_relabeled,R,primary,wf1_timeserieswise,2,DB4,DB4,True,0.9970659613609314
3,DB3,P13,DB3_P13_A_T18_relabeled,R,primary,wf1_timeserieswise,3,DB3,DB3,True,0.9999955892562866
6,DB1,P15,DB1_P15_C2_T02_relabeled,L,primary,wf1_timeserieswise,3,DB1,DB1,True,0.9999843835830688
13,DB1,P30,DB1_P30_C2_T02_relabeled,L,primary,wf1_timeserieswise,3,DB1,DB1,True,0.9999935626983643
14,DB2,P02,DB2_P02_T03_130_relabeled,L,primary,wf1_timeserieswise,3,DB2,DB2,True,0.9999262094497681
15,DB5,P27,DB5_P27_T33_r_slow_relabeled,L,primary,wf1_timeserieswise,3,DB5,DB5,True,1.0
17,DB5,P03,DB5_P03_T16_r_comf_relabeled,L,primary,wf1_timeserieswise,3,DB5,DB5,True,1.0
24,DB4,P27,DB4_P27_T21_relabeled,R,primary,wf1_timeserieswise,3,DB4,DB4,True,0.9999980926513672
29,DB4,P57,DB4_P57_T03_relabeled,R,primary,wf1_timeserieswise,3,DB4,DB4,True,0.9999983310699463
30,DB5,P15,DB5_P15_T34_r_slow_relabeled,L,primary,wf1_timeserieswise,3,DB5,DB5,True,1.0
38,DB3,P13,DB3_P13_A_T29_relabeled,L,primary,wf1_timeserieswise,3,DB3,DB3,True,0.9999890327453613
43,DB5,P10,DB5_P10_T23_l_slow_relabeled,L,primary,wf1_timeserieswise,3,DB5,DB5,True,1.0
45,DB4,P50,DB4_P50_T19_relabeled,R,primary,wf1_timeserieswise,3,DB4,DB4,True,0.9999991655349731
51,DB4,P03,DB4_P03_T15_relabeled,R,primary,wf1_timeserieswise,3,DB4,DB4,True,0.9999997615814209
58,DB2,P03,DB2_P03_T04_-65_relabeled,L,primary,wf1_timeserieswise,3,DB2,DB2,True,0.9999827146530151
64,DB2,P02,DB2_P02_T04_65_relabeled,L,primary,wf1_timeserieswise,3,DB2,DB2,True,0.9999548196792603
73,DB1,P13,DB1_P13_C2_T04_relabeled,L,primary,wf1_timeserieswise,3,DB1,DB1,True,0.9999963045120239
74,DB5,P27,DB5_P27_T28_l_slow_relabeled,L,primary,wf1_timeserieswise,3,DB5,DB5,True,1.0
75,DB2,P02,DB2_P02_T01_65_relabeled,L,primary,wf1_timeserieswise,3,DB2,DB2,True,0.9999102354049683
79,DB5,P15,DB5_P15_T28_l_slow_relabeled,L,primary,wf1_timeserieswise,3,DB5,DB5,True,1.0
81,DB3,P03,DB3_P03_A_T15_relabeled,L,primary,wf1_timeserieswise,3,DB3,DB3,True,0.9999980926513672
84,DB2,P03,DB2_P03_T09_p_relabeled,L,primary,wf1_timeserieswise,3,DB2,DB2,True,0.9999816417694092
96,DB3,P13,DB3_P13_A_T28_relabeled,L,primary,wf1_timeserieswise,3,DB3,DB3,True,0.9999951124191284
98,DB5,P15,DB5_P15_T19_r_comf_relabeled,L,primary,wf1_timeserieswise,3,DB5,DB5,True,1.0
108,DB5,P10,DB5_P10_T25_l_slow_relabeled,L,primary,wf1_timeserieswise,3,DB5,DB5,True,1.0
122,DB5,P27,DB5_P27_T37_r_slow_relabeled,L,primary,wf1_timeserieswise,3,DB5,DB5,True,1.0
127,DB3,P06,DB3_P06_A_T06_relabeled,R,primary,wf1_timeserieswise,3,DB3,DB3,True,0.9999951124191284
128,DB4,P21,DB4_P21_T15_relabeled,R,primary,wf1_timeserieswise,3,DB4,DB4,True,0.9999995231628418
130,DB4,P01,DB4_P01_T15_relabeled,R,primary,wf1_timeserieswise,3,DB4,DB4,True,0.9999990463256836
131,DB4,P50,DB4_P50_T08_relabeled,R,primary,wf1_timeserieswise,3,DB4,DB4,True,0.9999994039535522
135,DB5,P10,DB5_P10_T02_l_comf_relabeled,L,primary,wf1_timeserieswise,3,DB5,DB5,True,1.0
144,DB4,P03,DB4_P03_T09_relabeled,R,primary,wf1_timeserieswise,3,DB4,DB4,True,0.9999991655349731
147,DB2,P03,DB2_P03_T02_250_relabeled,L,primary,wf1_timeserieswise,3,DB2,DB2,True,0.9999984502792358
148,DB5,P27,DB5_P27_T40_r_slow_relabeled,L,primary,wf1_timeserieswise,3,DB5,DB5,True,1.0
156,DB1,P13,DB1_P13_C2_T02_relabeled,L,primary,wf1_timeserieswise,3,DB1,DB1,True,0.9999967813491821
157,DB4,P01,DB4_P01_T12_relabeled,R,primary,wf1_timeserieswise,3,DB4,DB4,True,0.999998927116394
167,DB5,P27,DB5_P27_T41_r_slow_relabeled,L,primary,wf1_timeserieswise,3,DB5,DB5,True,1.0
172,DB4,P27,DB4_P27_T19_relabeled,L,primary,wf1_timeserieswise,3,DB4,DB4,True,0.9999840259552002
173,DB4,P05,DB4_P05_T22_relabeled,R,primary,wf1_timeserieswise,3,DB4,DB4,True,0.9999973773956299
177,DB5,P27,DB5_P27_T29_l_slow_relabeled,L,primary,wf1_timeserieswise,3,DB5,DB5,True,1.0
180,DB4,P57,DB4_P57_T05_relabeled,R,primary,wf1_timeserieswise,3,DB4,DB4,True,0.9999982118606567
193,DB4,P27,DB4_P27_T07_relabeled,R,primary,wf1_timeserieswise,3,DB4,DB4,True,0.9999984502792358
194,DB5,P15,DB5_P15_T07_l_comf_relabeled,L,primary,wf1_timeserieswise,3,DB5,DB5,True,1.0
206,DB1,P09,DB1_P09_C3_T04_relabeled,L,primary,wf1_timeserieswise,3,DB1,DB1,True,0.9999696016311646
207,DB4,P27,DB4_P27_T18_relabeled,L,primary,wf1_timeserieswise,3,DB4,DB4,True,0.9999810457229614
208,DB5,P15,DB5_P15_T08_l_comf_relabeled,L,primary,wf1_timeserieswise,3,DB5,DB5,True,1.0
217,DB5,P27,DB5_P27_T35_r_slow_relabeled,L,primary,wf1_timeserieswise,3,DB5,DB5,True,0.9999996423721313
228,DB5,P10,DB5_P10_T26_l_slow_relabeled,L,primary,wf1_timeserieswise,3,DB5,DB5,True,1.0
231,DB1,P15,DB1_P15_C3_T02_relabeled,L,primary,wf1_timeserieswise,3,DB1,DB1,True,0.9997242093086243
234,DB2,P03,DB2_P03_T01_65_relabeled,L,primary,wf1_timeserieswise,3,DB2,DB2,True,0.9999960660934448
243,DB4,P57,DB4_P57_T09_relabeled,R,primary,wf1_timeserieswise,3,DB4,DB4,True,0.9999984502792358
248,DB1,P09,DB1_P09_C2_T04_relabeled,L,primary,wf1_timeserieswise,3,DB1,DB1,True,0.9999860525131226
249,DB5,P03,DB5_P03_T20_r_comf_relabeled,L,primary,wf1_timeserieswise,3,DB5,DB5,True,1.0
254,DB2,P03,DB2_P03_T04_65_relabeled,L,primary,wf1_timeserieswise,3,DB2,DB2,True,0.9999864101409912
256,DB5,P27,DB5_P27_T18_r_comf_relabeled,L,primary,wf1_timeserieswise,3,DB5,DB5,True,1.0
268,DB3,P03,DB3_P03_A_T10_relabeled,L,primary,wf1_timeserieswise,3,DB3,DB3,True,0.9999983310699463
272,DB5,P27,DB5_P27_T07_l_comf_relabeled,L,primary,wf1_timeserieswise,3,DB5,DB5,True,1.0
273,DB1,P09,DB1_P09_C2_T03_relabeled,L,primary,wf1_timeserieswise,3,DB1,DB1,True,0.9999898672103882
276,DB4,P16,DB4_P16_T19_relabeled,L,primary,wf1_timeserieswise,3,DB4,DB4,True,0.9999802112579346
278,DB5,P27,DB5_P27_T26_l_slow_relabeled,L,primary,wf1_timeserieswise,3,DB5,DB5,True,1.0
293,DB5,P15,DB5_P15_T09_l_comf_relabeled,L,primary,wf1_timeserieswise,3,DB5,DB5,True,1.0
295,DB5,P27,DB5_P27_T25_l_slow_relabeled,L,primary,wf1_timeserieswise,3,DB5,DB5,True,1.0
298,DB5,P27,DB5_P27_T13_r_comf_relabeled,L,primary,wf1_timeserieswise,3,DB5,DB5,True,1.0
299,DB5,P15,DB5_P15_T23_l_slow_relabeled,L,primary,wf1_timeserieswise,3,DB5,DB5,True,1.0
308,DB2,P02,DB2_P02_T02_p_relabeled,L,primary,wf1_timeserieswise,3,DB2,DB2,True,0.9998960494995117
314,DB3,P03,DB3_P03_A_T06_relabeled,R,primary,wf1_timeserieswise,3,DB3,DB3,True,0.9999997615814209
315,DB1,P13,DB1_P13_C3_T03_relabeled,L,primary,wf1_timeserieswise,3,DB1,DB1,True,0.9999936819076538
323,DB4,P30,DB4_P30_T04_relabeled,R,primary,wf1_timeserieswise,3,DB4,DB4,True,0.9999998807907104
336,DB5,P03,DB5_P03_T36_r_slow_relabeled,L,primary,wf1_timeserieswise,3,DB5,DB5,True,0.9999645948410034
347,DB5,P10,DB5_P10_T20_r_comf_relabeled,L,primary,wf1_timeserieswise,3,DB5,DB5,True,1.0
349,DB3,P13,DB3_P13_A_T19_relabeled,R,primary,wf1_timeserieswise,3,DB3,DB3,True,0.9999955892562866
350,DB1,P15,DB1_P15_C2_T05_relabeled,L,primary,wf1_timeserieswise,3,DB1,DB1,True,0.9999711513519287
351,DB4,P27,DB4_P27_T06_relabeled,R,primary,wf1_timeserieswise,3,DB4,DB4,True,0.999998927116394
353,DB1,P10,DB1_P10_C2_T01_relabeled,L,primary,wf1_timeserieswise,3,DB1,DB1,True,0.9999897480010986
358,DB5,P03,DB5_P03_T18_r_comf_relabeled,L,primary,wf1_timeserieswise,3,DB5,DB5,True,0.9999997615814209
360,DB5,P27,DB5_P27_T11_r_comf_relabeled,L,primary,wf1_timeserieswise,3,DB5,DB5,True,1.0
372,DB2,P02,DB2_P02_T02_130_relabeled,L,primary,wf1_timeserieswise,3,DB2,DB2,True,0.9997968077659607
374,DB3,P03,DB3_P03_A_T04_relabeled,R,primary,wf1_timeserieswise,3,DB3,DB3,True,0.986493706703186
380,DB4,P30,DB4_P30_T19_relabeled,R,primary,wf1_timeserieswise,3,DB4,DB4,True,0.9999997615814209
388,DB4,P21,DB4_P21_T06_relabeled,R,primary,wf1_timeserieswise,3,DB4,DB4,True,0.9999994039535522
400,DB4,P30,DB4_P30_T07_relabeled,R,primary,wf1_timeserieswise,3,DB4,DB4,True,0.9999997615814209
403,DB5,P10,DB5_P10_T18_r_comf_relabeled,L,primary,wf1_timeserieswise,3,DB5,DB5,True,1.0
405,DB4,P57,DB4_P57_T15_relabeled,R,primary,wf1_timeserieswise,3,DB4,DB4,True,0.9999985694885254
414,DB5,P03,DB5_P03_T15_r_comf_relabeled,L,primary,wf1_timeserieswise,3,DB5,DB5,True,0.9999210834503174
420,DB4,P30,DB4_P30_T11_relabeled,R,primary,wf1_timeserieswise,3,DB4,DB4,True,0.9999997615814209
427,DB5,P15,DB5_P15_T25_l_slow_relabeled,L,primary,wf1_timeserieswise,3,DB5,DB5,True,1.0
430,DB4,P57,DB4_P57_T10_relabeled,R,primary,wf1_timeserieswise,3,DB4,DB4,True,0.9999991655349731
433,DB5,P27,DB5_P27_T34_r_slow_relabeled,L,primary,wf1_timeserieswise,3,DB5,DB5,True,1.0
439,DB4,P30,DB4_P30_T16_relabeled,R,primary,wf1_timeserieswise,3,DB4,DB4,True,0.9999997615814209
443,DB4,P03,DB4_P03_T06_relabeled,R,primary,wf1_timeserieswise,3,DB4,DB4,True,0.9999992847442627
447,DB4,P01,DB4_P01_T07_relabeled,R,primary,wf1_timeserieswise,3,DB4,DB4,True,0.9999994039535522
450,DB4,P16,DB4_P16_T12_relabeled,R,primary,wf1_timeserieswise,3,DB4,DB4,True,0.9999992847442627
452,DB5,P10,DB5_P10_T12_r_comf_relabeled,L,primary,wf1_timeserieswise,3,DB5,DB5,True,1.0
457,DB2,P02,DB2_P02_T03_65_relabeled,L,primary,wf1_timeserieswise,3,DB2,DB2,True,0.9999662637710571
458,DB1,P04,DB1_P04_C3_T02_relabeled,L,primary,wf1_timeserieswise,3,DB1,DB1,True,0.9999128580093384
461,DB5,P10,DB5_P10_T17_r_comf_relabeled,L,primary,wf1_timeserieswise,3,DB5,DB5,True,1.0
470,DB5,P27,DB5_P27_T21_l_slow_relabeled,L,primary,wf1_timeserieswise,3,DB5,DB5,True,1.0
471,DB2,P02,DB2_P02_T03_p_relabeled,L,primary,wf1_timeserieswise,3,DB2,DB2,True,0.9998799562454224
475,DB5,P15,DB5_P15_T30_l_slow_relabeled,L,primary,wf1_timeserieswise,3,DB5,DB5,True,1.0
491,DB5,P15,DB5_P15_T01_l_comf_relabeled,L,primary,wf1_timeserieswise,3,DB5,DB5,True,1.0
493,DB1,P09,DB1_P09_C2_T01_relabeled,L,primary,wf1_timeserieswise,3,DB1,DB1,True,0.9999830722808838
500,DB5,P27,DB5_P27_T38_r_slow_relabeled,L,primary,wf1_timeserieswise,3,DB5,DB5,True,1.0
502,DB1,P26,DB1_P26_C2_T02_relabeled,R,primary,wf1_timeserieswise,3,DB1,DB1,True,0.9924476146697998
506,DB4,P16,DB4_P16_T18_relabeled,R,primary,wf1_timeserieswise,3,DB4,DB4,True,0.999998927116394
507,DB5,P15,DB5_P15_T41_r_slow_relabeled,L,primary,wf1_timeserieswise,3,DB5,DB5,True,1.0
511,DB3,P03,DB3_P03_A_T05_relabeled,L,primary,wf1_timeserieswise,3,DB3,DB3,True,0.999997615814209
516,DB1,P15,DB1_P15_C3_T01_relabeled,L,primary,wf1_timeserieswise,3,DB1,DB1,True,0.9995235204696655
523,DB3,P11,DB3_P11_A_T02,L,primary,wf1_timeserieswise,3,DB3,DB3,True,0.9997885823249817
524,DB4,P01,DB4_P01_T22_relabeled,R,primary,wf1_timeserieswise,3,DB4,DB4,True,0.9999991655349731
535,DB2,P03,DB2_P03_T06_p_relabeled,L,primary,wf1_timeserieswise,3,DB2,DB2,True,0.9999905824661255
539,DB4,P30,DB4_P30_T13_relabeled,R,primary,wf1_timeserieswise,3,DB4,DB4,True,0.9999997615814209
549,DB4,P57,DB4_P57_T20_relabeled,R,primary,wf1_timeserieswise,3,DB4,DB4,True,0.999998927116394
554,DB4,P05,DB4_P05_T18_relabeled,R,primary,wf1_timeserieswise,3,DB4,DB4,True,0.9999985694885254
558,DB4,P27,DB4_P27_T04_relabeled,R,primary,wf1_timeserieswise,3,DB4,DB4,True,0.9999990463256836
579,DB2,P03,DB2_P03_T01_-130_relabeled,L,primary,wf1_timeserieswise,3,DB2,DB2,True,0.9999946355819702
586,DB4,P30,DB4_P30_T05_relabeled,R,primary,wf1_timeserieswise,3,DB4,DB4,True,0.9999997615814209
587,DB4,P01,DB4_P01_T18_relabeled,R,primary,wf1_timeserieswise,3,DB4,DB4,True,0.9999986886978149
590,DB5,P15,DB5_P15_T35_r_slow_relabeled,L,primary,wf1_timeserieswise,3,DB5,DB5,True,1.0
596,DB5,P10,DB5_P10_T11_r_comf_relabeled,L,primary,wf1_timeserieswise,3,DB5,DB5,True,1.0
597,DB3,P13,DB3_P13_A_T06_relabeled,L,primary,wf1_timeserieswise,3,DB3,DB3,True,0.9999920129776001
600,DB4,P50,DB4_P50_T16_relabeled,R,primary,wf1_timeserieswise,3,DB4,DB4,True,0.9999990463256836
616,DB5,P10,DB5_P10_T32_l_slow_relabeled,L,primary,wf1_timeserieswise,3,DB5,DB5,True,1.0
618,DB5,P03,DB5_P03_T38_r_slow_relabeled,L,primary,wf1_timeserieswise,3,DB5,DB5,True,0.9473662376403809
624,DB4,P16,DB4_P16_T08_relabeled,L,primary,wf1_timeserieswise,3,DB4,DB4,True,0.9999754428863525
635,DB4,P05,DB4_P05_T17_relabeled,R,primary,wf1_timeserieswise,3,DB4,DB4,True,0.9999988079071045
639,DB5,P27,DB5_P27_T02_l_comf_relabeled,L,primary,wf1_timeserieswise,3,DB5,DB5,True,1.0
640,DB3,P06,DB3_P06_A_T10_relabeled,L,primary,wf1_timeserieswise,3,DB3,DB3,True,0.9999749660491943
641,DB1,P10,DB1_P10_C3_T02_relabeled,L,primary,wf1_timeserieswise,3,DB1,DB1,True,0.9999574422836304
643,DB2,P03,DB2_P03_T05_-130_relabeled,L,primary,wf1_timeserieswise,3,DB2,DB2,True,0.9999915361404419
646,DB4,P50,DB4_P50_T22_relabeled,R,primary,wf1_timeserieswise,3,DB4,DB4,True,0.9999995231628418
647,DB4,P21,DB4_P21_T10_relabeled,R,primary,wf1_timeserieswise,3,DB4,DB4,True,0.9999992847442627
653,DB3,P03,DB3_P03_A_T01_relabeled,L,primary,wf1_timeserieswise,3,DB3,DB3,True,0.9999970197677612
654,DB4,P57,DB4_P57_T16_relabeled,R,primary,wf1_timeserieswise,3,DB4,DB4,True,0.9999988079071045
657,DB3,P03,DB3_P03_A_T07_relabeled,R,primary,wf1_timeserieswise,3,DB3,DB3,True,0.9999997615814209
661,DB5,P27,DB5_P27_T08_l_comf_relabeled,L,primary,wf1_timeserieswise,3,DB5,DB5,True,1.0
663,DB2,P03,DB2_P03_T03_-65_relabeled,L,primary,wf1_timeserieswise,3,DB2,DB2,True,0.9999871253967285
667,DB5,P15,DB5_P15_T31_l_slow_relabeled,L,primary,wf1_timeserieswise,3,DB5,DB5,True,1.0
671,DB4,P03,DB4_P03_T07_relabeled,R,primary,wf1_timeserieswise,3,DB4,DB4,True,0.9999994039535522
675,DB1,P09,DB1_P09_C3_T03_relabeled,L,primary,wf1_timeserieswise,3,DB1,DB1,True,0.9999616146087646
678,DB5,P27,DB5_P27_T06_l_comf_relabeled,L,primary,wf1_timeserieswise,3,DB5,DB5,True,1.0
680,DB5,P10,DB5_P10_T39_r_slow_relabeled,L,primary,wf1_timeserieswise,3,DB5,DB5,True,1.0
688,DB4,P21,DB4_P21_T07_relabeled,R,primary,wf1_timeserieswise,3,DB4,DB4,True,0.9999991655349731
690,DB5,P15,DB5_P15_T32_r_slow_relabeled,L,primary,wf1_timeserieswise,3,DB5,DB5,True,1.0
691,DB3,P13,DB3_P13_A_T26_relabeled,L,primary,wf1_timeserieswise,3,DB3,DB3,True,0.9999890327453613
702,DB5,P10,DB5_P10_T38_r_slow_relabeled,L,primary,wf1_timeserieswise,3,DB5,DB5,True,1.0
703,DB5,P10,DB5_P10_T42_r_slow_relabeled,L,primary,wf1_timeserieswise,3,DB5,DB5,True,1.0
706,DB5,P27,DB5_P27_T01_l_comf_relabeled,L,primary,wf1_timeserieswise,3,DB5,DB5,True,1.0
709,DB3,P03,DB3_P03_A_T11_relabeled,R,primary,wf1_timeserieswise,3,DB3,DB3,True,0.9999997615814209
710,DB4,P05,DB4_P05_T06_relabeled,R,primary,wf1_timeserieswise,3,DB4,DB4,True,0.9999986886978149
719,DB5,P10,DB5_P10_T19_r_comf_relabeled,L,primary,wf1_timeserieswise,3,DB5,DB5,True,1.0
723,DB3,P06,DB3_P06_A_T15_relabeled,L,primary,wf1_timeserieswise,3,DB3,DB3,True,0.9994064569473267
733,DB5,P15,DB5_P15_T29_l_slow_relabeled,L,primary,wf1_timeserieswise,3,DB5,DB5,True,1.0
736,DB5,P10,DB5_P10_T41_r_slow_relabeled,L,primary,wf1_timeserieswise,3,DB5,DB5,True,1.0
737,DB2,P03,DB2_P03_T01_250_relabeled,L,primary,wf1_timeserieswise,3,DB2,DB2,True,0.999988317489624
741,DB4,P57,DB4_P57_T11_relabeled,R,primary,wf1_timeserieswise,3,DB4,DB4,True,0.9999984502792358
749,DB4,P16,DB4_P16_T16_relabeled,L,primary,wf1_timeserieswise,3,DB4,DB4,True,0.9999828338623047
756,DB4,P03,DB4_P03_T04_relabeled,R,primary,wf1_timeserieswise,3,DB4,DB4,True,0.9999992847442627
759,DB1,P30,DB1_P30_C2_T03_relabeled,L,primary,wf1_timeserieswise,3,DB1,DB1,True,0.9999754428863525
773,DB4,P03,DB4_P03_T12_relabeled,R,primary,wf1_timeserieswise,3,DB4,DB4,True,0.9999996423721313
777,DB2,P02,DB2_P02_T03_-130_relabeled,L,primary,wf1_timeserieswise,3,DB2,DB2,True,0.9999110698699951
782,DB4,P21,DB4_P21_T11_relabeled,R,primary,wf1_timeserieswise,3,DB4,DB4,True,0.9999991655349731
789,DB4,P05,DB4_P05_T16_relabeled,R,primary,wf1_timeserieswise,3,DB4,DB4,True,0.9999984502792358
790,DB4,P27,DB4_P27_T02_relabeled,R,primary,wf1_timeserieswise,3,DB4,DB4,True,0.999998927116394
798,DB4,P21,DB4_P21_T21_relabeled,R,primary,wf1_timeserieswise,3,DB4,DB4,True,0.9999995231628418
802,DB5,P15,DB5_P15_T02_l_comf_relabeled,L,primary,wf1_timeserieswise,3,DB5,DB5,True,1.0
805,DB4,P27,DB4_P27_T23_relabeled,R,primary,wf1_timeserieswise,3,DB4,DB4,True,0.9999984502792358
806,DB4,P05,DB4_P05_T11_relabeled,R,primary,wf1_timeserieswise,3,DB4,DB4,True,0.9999982118606567
811,DB4,P03,DB4_P03_T14_relabeled,R,primary,wf1_timeserieswise,3,DB4,DB4,True,0.9999994039535522
817,DB4,P16,DB4_P16_T23_relabeled,R,primary,wf1_timeserieswise,3,DB4,DB4,True,0.9999991655349731
818,DB5,P27,DB5_P27_T05_l_comf_relabeled,L,primary,wf1_timeserieswise,3,DB5,DB5,True,1.0
822,DB5,P27,DB5_P27_T36_r_slow_relabeled,L,primary,wf1_timeserieswise,3,DB5,DB5,True,1.0
824,DB4,P21,DB4_P21_T13_relabeled,R,primary,wf1_timeserieswise,3,DB4,DB4,True,0.9999994039535522
840,DB4,P50,DB4_P50_T09_relabeled,R,primary,wf1_timeserieswise,3,DB4,DB4,True,0.9999996423721313
842,DB5,P15,DB5_P15_T26_l_slow_relabeled,L,primary,wf1_timeserieswise,3,DB5,DB5,True,1.0
846,DB3,P06,DB3_P06_A_T12_relabeled,L,primary,wf1_timeserieswise,3,DB3,DB3,True,0.999991774559021
851,DB5,P10,DB5_P10_T21_l_slow_relabeled,L,primary,wf1_timeserieswise,3,DB5,DB5,True,1.0
854,DB4,P21,DB4_P21_T17_relabeled,R,primary,wf1_timeserieswise,3,DB4,DB4,True,0.9999992847442627
857,DB5,P27,DB5_P27_T32_r_slow_relabeled,L,primary,wf1_timeserieswise,3,DB5,DB5,True,0.9999991655349731
860,DB5,P27,DB5_P27_T24_l_slow_relabeled,L,primary,wf1_timeserieswise,3,DB5,DB5,True,1.0
863,DB5,P03,DB5_P03_T17_r_comf_relabeled,L,primary,wf1_timeserieswise,3,DB5,DB5,True,0.9999997615814209
866,DB1,P04,DB1_P04_C2_T01_relabeled,L,primary,wf1_timeserieswise,3,DB1,DB1,True,0.9999982118606567
872,DB4,P05,DB4_P05_T20_relabeled,R,primary,wf1_timeserieswise,3,DB4,DB4,True,0.9999979734420776
887,DB3,P13,DB3_P13_A_T34_relabeled,L,primary,wf1_timeserieswise,3,DB3,DB3,True,0.9999842643737793
888,DB2,P03,DB2_P03_T05_65_relabeled,L,primary,wf1_timeserieswise,3,DB2,DB2,True,0.9999910593032837
892,DB4,P21,DB4_P21_T19_relabeled,L,primary,wf1_timeserieswise,3,DB4,DB4,True,0.999953031539917
903,DB2,P02,DB2_P02_T02_250_relabeled,L,primary,wf1_timeserieswise,3,DB2,DB2,True,0.999854326248169
907,DB4,P01,DB4_P01_T05_relabeled,R,primary,wf1_timeserieswise,3,DB4,DB4,True,0.9999991655349731
908,DB5,P27,DB5_P27_T22_l_slow_relabeled,L,primary,wf1_timeserieswise,3,DB5,DB5,True,1.0
913,DB4,P57,DB4_P57_T14_relabeled,R,primary,wf1_timeserieswise,3,DB4,DB4,True,0.999998927116394
914,DB4,P50,DB4_P50_T17_relabeled,R,primary,wf1_timeserieswise,3,DB4,DB4,True,0.9999992847442627
918,DB2,P03,DB2_P03_T05_-65_relabeled,L,primary,wf1_timeserieswise,3,DB2,DB2,True,0.9999903440475464
921,DB2,P03,DB2_P03_T07_p_relabeled,L,primary,wf1_timeserieswise,3,DB2,DB2,True,0.9999619722366333
925,DB4,P21,DB4_P21_T04_relabeled,L,primary,wf1_timeserieswise,3,DB4,DB4,True,0.9999721050262451
931,DB5,P27,DB5_P27_T23_l_slow_relabeled,L,primary,wf1_timeserieswise,3,DB5,DB5,True,1.0
932,DB4,P16,DB4_P16_T02_relabeled,R,primary,wf1_timeserieswise,3,DB4,DB4,True,0.9999990463256836
934,DB4,P16,DB4_P16_T24_relabeled,L,primary,wf1_timeserieswise,3,DB4,DB4,True,0.9999737739562988
942,DB4,P05,DB4_P05_T07_relabeled,R,primary,wf1_timeserieswise,3,DB4,DB4,True,0.9999971389770508
946,DB5,P10,DB5_P10_T43_r_slow_relabeled,L,primary,wf1_timeserieswise,3,DB5,DB5,True,1.0
956,DB3,P03,DB3_P03_A_T03_relabeled,L,primary,wf1_timeserieswise,3,DB3,DB3,True,0.9999980926513672
963,DB4,P30,DB4_P30_T17_relabeled,R,primary,wf1_timeserieswise,3,DB4,DB4,True,0.9999997615814209
965,DB5,P15,DB5_P15_T27_l_slow_relabeled,L,primary,wf1_timeserieswise,3,DB5,DB5,True,1.0
966,DB4,P27,DB4_P27_T10_relabeled,L,primary,wf1_timeserieswise,3,DB4,DB4,True,0.9999817609786987
967,DB2,P03,DB2_P03_T07_130_relabeled,L,primary,wf1_timeserieswise,3,DB2,DB2,True,0.9999983310699463
970,DB4,P57,DB4_P57_T02_relabeled,R,primary,wf1_timeserieswise,3,DB4,DB4,True,0.9999983310699463
971,DB5,P03,DB5_P03_T13_r_comf_relabeled,L,primary,wf1_timeserieswise,3,DB5,DB5,True,0.9999997615814209
972,DB1,P13,DB1_P13_C2_T05_relabeled,L,primary,wf1_timeserieswise,3,DB1,DB1,True,0.9999960660934448
976,DB2,P03,DB2_P03_T02_-130_relabeled,L,primary,wf1_timeserieswise,3,DB2,DB2,True,0.9999830722808838
991,DB4,P03,DB4_P03_T08_relabeled,R,primary,wf1_timeserieswise,3,DB4,DB4,True,0.9999992847442627
995,DB5,P03,DB5_P03_T39_r_slow_relabeled,L,primary,wf1_timeserieswise,3,DB5,DB5,True,0.9999997615814209
996,DB5,P03,DB5_P03_T42_r_slow_relabeled,L,primary,wf1_timeserieswise,3,DB5,DB5,True,0.9815603494644165
998,DB3,P11,DB3_P11_A_T01,R,primary,wf1_timeserieswise,3,DB3,DB3,True,0.9999997615814209
1000,DB3,P11,DB3_P11_A_T04,L,primary,wf1_timeserieswise,3,DB3,DB3,True,0.9997624754905701
1003,DB5,P15,DB5_P15_T24_l_slow_relabeled,L,primary,wf1_timeserieswise,3,DB5,DB5,True,1.0
1008,DB4,P50,DB4_P50_T07_relabeled,R,primary,wf1_timeserieswise,3,DB4,DB4,True,0.9999991655349731
1011,DB5,P10,DB5_P10_T06_l_comf_relabeled,L,primary,wf1_timeserieswise,3,DB5,DB5,True,1.0
1012,DB4,P05,DB4_P05_T12_relabeled,R,primary,wf1_timeserieswise,3,DB4,DB4,True,0.9999973773956299
1015,DB2,P03,DB2_P03_T03_250_relabeled,L,primary,wf1_timeserieswise,3,DB2,DB2,True,0.999995231628418
1020,DB3,P13,DB3_P13_A_T13_relabeled,R,primary,wf1_timeserieswise,3,DB3,DB3,True,0.9999979734420776
1023,DB4,P03,DB4_P03_T16_relabeled,R,primary,wf1_timeserieswise,3,DB4,DB4,True,0.9999994039535522
1026,DB4,P03,DB4_P03_T02_relabeled,R,primary,wf1_timeserieswise,3,DB4,DB4,True,0.9999996423721313
1030,DB1,P09,DB1_P09_C3_T01_relabeled,L,primary,wf1_timeserieswise,3,DB1,DB1,True,0.9999164342880249
1035,DB2,P03,DB2_P03_T03_-130_relabeled,L,primary,wf1_timeserieswise,3,DB2,DB2,True,0.9999856948852539
1041,DB3,P13,DB3_P13_A_T07_relabeled,R,primary,wf1_timeserieswise,3,DB3,DB3,True,0.9999971389770508
1047,DB4,P01,DB4_P01_T03_relabeled,R,primary,wf1_timeserieswise,3,DB4,DB4,True,0.9999982118606567
1053,DB4,P05,DB4_P05_T13_relabeled,R,primary,wf1_timeserieswise,3,DB4,DB4,True,0.9999979734420776
1064,DB2,P02,DB2_P02_T04_p_relabeled,L,primary,wf1_timeserieswise,3,DB2,DB2,True,0.9997606873512268
1065,DB1,P10,DB1_P10_C2_T02_relabeled,L,primary,wf1_timeserieswise,3,DB1,DB1,True,0.9999781847000122
1072,DB4,P21,DB4_P21_T05_relabeled,R,primary,wf1_timeserieswise,3,DB4,DB4,True,0.999998927116394
1090,DB1,P24,DB1_P24_C2_T03_relabeled,R,primary,wf1_timeserieswise,3,DB1,DB1,True,0.95393967628479
1098,DB5,P15,DB5_P15_T33_r_slow_relabeled,L,primary,wf1_timeserieswise,3,DB5,DB5,True,1.0
1105,DB5,P27,DB5_P27_T14_r_comf_relabeled,L,primary,wf1_timeserieswise,3,DB5,DB5,True,1.0
1107,DB5,P15,DB5_P15_T17_r_comf_relabeled,L,primary,wf1_timeserieswise,3,DB5,DB5,True,1.0
1108,DB4,P05,DB4_P05_T21_relabeled,R,primary,wf1_timeserieswise,3,DB4,DB4,True,0.9999973773956299
1114,DB5,P10,DB5_P10_T29_l_slow_relabeled,L,primary,wf1_timeserieswise,3,DB5,DB5,True,1.0
1127,DB5,P10,DB5_P10_T13_r_comf_relabeled,L,primary,wf1_timeserieswise,3,DB5,DB5,True,1.0
1130,DB4,P50,DB4_P50_T05_relabeled,R,primary,wf1_timeserieswise,3,DB4,DB4,True,0.9999990463256836
1137,DB4,P57,DB4_P57_T13_relabeled,R,primary,wf1_timeserieswise,3,DB4,DB4,True,0.9999983310699463
1142,DB1,P13,DB1_P13_C2_T01_relabeled,L,primary,wf1_timeserieswise,3,DB1,DB1,True,0.9999960660934448
1144,DB5,P03,DB5_P03_T12_r_comf_relabeled,L,primary,wf1_timeserieswise,3,DB5,DB5,True,1.0
1145,DB2,P03,DB2_P03_T05_250_relabeled,L,primary,wf1_timeserieswise,3,DB2,DB2,True,0.9999902248382568
1153,DB5,P15,DB5_P15_T10_l_comf_relabeled,L,primary,wf1_timeserieswise,3,DB5,DB5,True,1.0
1161,DB4,P21,DB4_P21_T18_relabeled,R,primary,wf1_timeserieswise,3,DB4,DB4,True,0.9999995231628418
1165,DB3,P06,DB3_P06_A_T14_relabeled,L,primary,wf1_timeserieswise,3,DB3,DB3,True,0.999990701675415
1176,DB5,P15,DB5_P15_T16_r_comf_relabeled,L,primary,wf1_timeserieswise,3,DB5,DB5,True,1.0
1180,DB4,P05,DB4_P05_T15_relabeled,R,primary,wf1_timeserieswise,3,DB4,DB4,True,0.999998927116394
1183,DB4,P27,DB4_P27_T08_relabeled,R,primary,wf1_timeserieswise,3,DB4,DB4,True,0.9999983310699463
1187,DB4,P27,DB4_P27_T14_relabeled,L,primary,wf1_timeserieswise,3,DB4,DB4,True,0.9999831914901733
1189,DB5,P15,DB5_P15_T36_r_slow_relabeled,L,primary,wf1_timeserieswise,3,DB5,DB5,True,1.0
1199,DB4,P05,DB4_P05_T19_relabeled,R,primary,wf1_timeserieswise,3,DB4,DB4,True,0.9999971389770508
1224,DB5,P27,DB5_P27_T39_r_slow_relabeled,L,primary,wf1_timeserieswise,3,DB5,DB5,True,1.0
1229,DB4,P50,DB4_P50_T03_relabeled,R,primary,wf1_timeserieswise,3,DB4,DB4,True,0.9999995231628418
1230,DB5,P03,DB5_P03_T33_r_slow_relabeled,L,primary,wf1_timeserieswise,3,DB5,DB5,True,0.9944783449172974
1243,DB4,P21,DB4_P21_T23_relabeled,R,primary,wf1_timeserieswise,3,DB4,DB4,True,0.9999990463256836
1250,DB4,P05,DB4_P05_T02_relabeled,R,primary,wf1_timeserieswise,3,DB4,DB4,True,0.9999980926513672
1255,DB4,P50,DB4_P50_T04_relabeled,R,primary,wf1_timeserieswise,3,DB4,DB4,True,0.9999994039535522
1256,DB5,P10,DB5_P10_T36_r_slow_relabeled,L,primary,wf1_timeserieswise,3,DB5,DB5,True,1.0
1258,DB5,P15,DB5_P15_T40_r_slow_relabeled,L,primary,wf1_timeserieswise,3,DB5,DB5,True,1.0
1265,DB4,P50,DB4_P50_T21_relabeled,R,primary,wf1_timeserieswise,3,DB4,DB4,True,0.9999990463256836
1270,DB5,P03,DB5_P03_T11_r_comf_relabeled,L,primary,wf1_timeserieswise,3,DB5,DB5,True,1.0
1271,DB5,P03,DB5_P03_T41_r_slow_relabeled,L,primary,wf1_timeserieswise,3,DB5,DB5,True,0.9785550236701965
1272,DB5,P10,DB5_P10_T04_l_comf_relabeled,L,primary,wf1_timeserieswise,3,DB5,DB5,True,1.0
1278,DB3,P06,DB3_P06_A_T07_relabeled,R,primary,wf1_timeserieswise,3,DB3,DB3,True,0.9999980926513672
1297,DB4,P05,DB4_P05_T08_relabeled,R,primary,wf1_timeserieswise,3,DB4,DB4,True,0.9999990463256836
1299,DB5,P10,DB5_P10_T01_l_comf_relabeled,L,primary,wf1_timeserieswise,3,DB5,DB5,True,1.0
1300,DB4,P27,DB4_P27_T22_relabeled,L,primary,wf1_timeserieswise,3,DB4,DB4,True,0.9999834299087524
1303,DB2,P02,DB2_P02_T02_-65_relabeled,L,primary,wf1_timeserieswise,3,DB2,DB2,True,0.9999479055404663
1305,DB3,P06,DB3_P06_A_T09_relabeled,R,primary,wf1_timeserieswise,3,DB3,DB3,True,0.9999979734420776
1309,DB5,P15,DB5_P15_T37_r_slow_relabeled,L,primary,wf1_timeserieswise,3,DB5,DB5,True,1.0
1318,DB5,P27,DB5_P27_T12_r_comf_relabeled,L,primary,wf1_timeserieswise,3,DB5,DB5,True,1.0
1319,DB4,P27,DB4_P27_T11_relabeled,R,primary,wf1_timeserieswise,3,DB4,DB4,True,0.9999983310699463
1320,DB4,P01,DB4_P01_T04_relabeled,R,primary,wf1_timeserieswise,3,DB4,DB4,True,0.9999996423721313
1321,DB5,P27,DB5_P27_T20_r_comf_relabeled,L,primary,wf1_timeserieswise,3,DB5,DB5,True,1.0
1325,DB5,P27,DB5_P27_T19_r_comf_relabeled,L,primary,wf1_timeserieswise,3,DB5,DB5,True,1.0
1328,DB4,P57,DB4_P57_T18_relabeled,R,primary,wf1_timeserieswise,3,DB4,DB4,True,0.9999986886978149
1358,DB3,P13,DB3_P13_A_T01_relabeled,R,primary,wf1_timeserieswise,3,DB3,DB3,True,0.9999969005584717
1361,DB4,P57,DB4_P57_T19_relabeled,R,primary,wf1_timeserieswise,3,DB4,DB4,True,0.999998927116394
1365,DB3,P03,DB3_P03_A_T12_relabeled,L,primary,wf1_timeserieswise,3,DB3,DB3,True,0.9999982118606567
1367,DB2,P03,DB2_P03_T04_-130_relabeled,L,primary,wf1_timeserieswise,3,DB2,DB2,True,0.9999867677688599
1368,DB4,P21,DB4_P21_T22_relabeled,R,primary,wf1_timeserieswise,3,DB4,DB4,True,0.9999996423721313
1370,DB5,P15,DB5_P15_T04_l_comf_relabeled,L,primary,wf1_timeserieswise,3,DB5,DB5,True,1.0
1381,DB4,P30,DB4_P30_T03_relabeled,R,primary,wf1_timeserieswise,3,DB4,DB4,True,0.9999998807907104
1390,DB5,P03,DB5_P03_T35_r_slow_relabeled,L,primary,wf1_timeserieswise,3,DB5,DB5,True,0.9999958276748657
1398,DB3,P11,DB3_P11_A_T11,R,primary,wf1_timeserieswise,3,DB3,DB3,True,0.9999992847442627
1399,DB4,P03,DB4_P03_T11_relabeled,R,primary,wf1_timeserieswise,3,DB4,DB4,True,0.9999996423721313
1408,DB4,P16,DB4_P16_T03_relabeled,L,primary,wf1_timeserieswise,3,DB4,DB4,True,0.9999617338180542
1411,DB5,P27,DB5_P27_T09_l_comf_relabeled,L,primary,wf1_timeserieswise,3,DB5,DB5,True,1.0
1412,DB4,P03,DB4_P03_T13_relabeled,R,primary,wf1_timeserieswise,3,DB4,DB4,True,0.9999994039535522
1419,DB1,P09,DB1_P09_C2_T05_relabeled,L,primary,wf1_timeserieswise,3,DB1,DB1,True,0.9998754262924194
1428,DB4,P30,DB4_P30_T15_relabeled,R,primary,wf1_timeserieswise,3,DB4,DB4,True,0.9999997615814209
1434,DB4,P30,DB4_P30_T14_relabeled,R,primary,wf1_timeserieswise,3,DB4,DB4,True,0.9999997615814209
1436,DB4,P16,DB4_P16_T17_relabeled,R,primary,wf1_timeserieswise,3,DB4,DB4,True,0.9999992847442627
1446,DB1,P09,DB1_P09_C3_T05_relabeled,L,primary,wf1_timeserieswise,3,DB1,DB1,True,0.9999511241912842
1449,DB4,P16,DB4_P16_T09_relabeled,R,primary,wf1_timeserieswise,3,DB4,DB4,True,0.9999992847442627
1450,DB5,P10,DB5_P10_T05_l_comf_relabeled,L,primary,wf1_timeserieswise,3,DB5,DB5,True,1.0
1452,DB4,P50,DB4_P50_T20_relabeled,R,primary,wf1_timeserieswise,3,DB4,DB4,True,0.9999994039535522
1454,DB4,P27,DB4_P27_T16_relabeled,R,primary,wf1_timeserieswise,3,DB4,DB4,True,0.9999985694885254
1457,DB3,P11,DB3_P11_A_T10,L,primary,wf1_timeserieswise,3,DB3,DB3,True,0.9998633861541748
1462,DB4,P21,DB4_P21_T09_relabeled,L,primary,wf1_timeserieswise,3,DB4,DB4,True,0.9999682903289795
1481,DB4,P03,DB4_P03_T03_relabeled,R,primary,wf1_timeserieswise,3,DB4,DB4,True,0.9999994039535522
1485,DB5,P27,DB5_P27_T10_l_comf_relabeled,L,primary,wf1_timeserieswise,3,DB5,DB5,True,1.0
1486,DB1,P04,DB1_P04_C3_T04_relabeled,L,primary,wf1_timeserieswise,3,DB1,DB1,True,0.999873161315918
1487,DB1,P30,DB1_P30_C1_T04_relabeled,R,primary,wf1_timeserieswise,3,DB1,DB1,True,0.9944514632225037
1489,DB4,P57,DB4_P57_T21_relabeled,R,primary,wf1_timeserieswise,3,DB4,DB4,True,0.999998927116394
1494,DB2,P02,DB2_P02_T02_-130_relabeled,L,primary,wf1_timeserieswise,3,DB2,DB2,True,0.9999809265136719
1499,DB4,P01,DB4_P01_T06_relabeled,R,primary,wf1_timeserieswise,3,DB4,DB4,True,0.9999991655349731
1505,DB5,P27,DB5_P27_T15_r_comf_relabeled,L,primary,wf1_timeserieswise,3,DB5,DB5,True,1.0
1514,DB1,P04,DB1_P04_C3_T03_relabeled,L,primary,wf1_timeserieswise,3,DB1,DB1,True,0.9998829364776611
1518,DB4,P05,DB4_P05_T03_relabeled,R,primary,wf1_timeserieswise,3,DB4,DB4,True,0.9999982118606567
1519,DB5,P15,DB5_P15_T38_r_slow_relabeled,L,primary,wf1_timeserieswise,3,DB5,DB5,True,1.0
1527,DB5,P15,DB5_P15_T39_r_slow_relabeled,L,primary,wf1_timeserieswise,3,DB5,DB5,True,1.0
1528,DB2,P03,DB2_P03_T06_65_relabeled,L,primary,wf1_timeserieswise,3,DB2,DB2,True,0.9999938011169434
1533,DB5,P10,DB5_P10_T22_l_slow_relabeled,L,primary,wf1_timeserieswise,3,DB5,DB5,True,1.0
1534,DB2,P03,DB2_P03_T08_130_relabeled,L,primary,wf1_timeserieswise,3,DB2,DB2,True,0.9999974966049194
1538,DB5,P10,DB5_P10_T35_r_slow_relabeled,L,primary,wf1_timeserieswise,3,DB5,DB5,True,1.0
1544,DB4,P03,DB4_P03_T17_relabeled,R,primary,wf1_timeserieswise,3,DB4,DB4,True,0.9999996423721313
1547,DB4,P50,DB4_P50_T06_relabeled,R,primary,wf1_timeserieswise,3,DB4,DB4,True,0.9999994039535522
1549,DB5,P15,DB5_P15_T11_l_comf_relabeled,L,primary,wf1_timeserieswise,3,DB5,DB5,True,1.0
1551,DB5,P03,DB5_P03_T40_r_slow_relabeled,L,primary,wf1_timeserieswise,3,DB5,DB5,True,0.9999964237213135
1564,DB3,P11,DB3_P11_A_T08,L,primary,wf1_timeserieswise,3,DB3,DB3,True,0.9998681545257568
1574,DB1,P10,DB1_P10_C2_T04_relabeled,L,primary,wf1_timeserieswise,3,DB1,DB1,True,0.9999786615371704
1578,DB2,P02,DB2_P02_T05_65_relabeled,L,primary,wf1_timeserieswise,3,DB2,DB2,True,0.9999364614486694
1586,DB3,P06,DB3_P06_A_T03_relabeled,R,primary,wf1_timeserieswise,3,DB3,DB3,True,0.9999967813491821
1589,DB4,P21,DB4_P21_T02_relabeled,L,primary,wf1_timeserieswise,3,DB4,DB4,True,0.9999748468399048
1601,DB4,P03,DB4_P03_T20_relabeled,R,primary,wf1_timeserieswise,3,DB4,DB4,True,0.9999995231628418
1611,DB5,P27,DB5_P27_T30_l_slow_relabeled,L,primary,wf1_timeserieswise,3,DB5,DB5,True,1.0
1615,DB4,P05,DB4_P05_T04_relabeled,R,primary,wf1_timeserieswise,3,DB4,DB4,True,0.9999978542327881
1619,DB2,P02,DB2_P02_T01_-65_relabeled,L,primary,wf1_timeserieswise,3,DB2,DB2,True,0.9999445676803589
1622,DB4,P01,DB4_P01_T10_relabeled,R,primary,wf1_timeserieswise,3,DB4,DB4,True,0.9999992847442627
1625,DB5,P15,DB5_P15_T21_r_comf_relabeled,L,primary,wf1_timeserieswise,3,DB5,DB5,True,1.0
1627,DB2,P02,DB2_P02_T03_250_relabeled,L,primary,wf1_timeserieswise,3,DB2,DB2,True,0.9999654293060303
1635,DB2,P02,DB2_P02_T04_250_relabeled,L,primary,wf1_timeserieswise,3,DB2,DB2,True,0.9999265670776367
1637,DB4,P16,DB4_P16_T13_relabeled,L,primary,wf1_timeserieswise,3,DB4,DB4,True,0.9999794960021973
1648,DB2,P03,DB2_P03_T04_250_relabeled,L,primary,wf1_timeserieswise,3,DB2,DB2,True,0.9999972581863403
1649,DB4,P03,DB4_P03_T21_relabeled,R,primary,wf1_timeserieswise,3,DB4,DB4,True,0.9999995231628418
1653,DB5,P27,DB5_P27_T17_r_comf_relabeled,L,primary,wf1_timeserieswise,3,DB5,DB5,True,1.0
1660,DB5,P15,DB5_P15_T20_r_comf_relabeled,L,primary,wf1_timeserieswise,3,DB5,DB5,True,1.0
1661,DB5,P03,DB5_P03_T19_r_comf_relabeled,L,primary,wf1_timeserieswise,3,DB5,DB5,True,1.0
1664,DB5,P15,DB5_P15_T03_l_comf_relabeled,L,primary,wf1_timeserieswise,3,DB5,DB5,True,1.0
1669,DB5,P10,DB5_P10_T34_r_slow_relabeled,L,primary,wf1_timeserieswise,3,DB5,DB5,True,1.0
1670,DB4,P05,DB4_P05_T09_relabeled,R,primary,wf1_timeserieswise,3,DB4,DB4,True,0.9999979734420776
1679,DB5,P10,DB5_P10_T14_r_comf_relabeled,L,primary,wf1_timeserieswise,3,DB5,DB5,True,1.0
1681,DB4,P27,DB4_P27_T17_relabeled,L,primary,wf1_timeserieswise,3,DB4,DB4,True,0.9999834299087524
1682,DB4,P03,DB4_P03_T05_relabeled,R,primary,wf1_timeserieswise,3,DB4,DB4,True,0.999998927116394
1683,DB4,P03,DB4_P03_T10_relabeled,R,primary,wf1_timeserieswise,3,DB4,DB4,True,0.9999996423721313
1685,DB5,P10,DB5_P10_T37_r_slow_relabeled,L,primary,wf1_timeserieswise,3,DB5,DB5,True,1.0
1692,DB5,P15,DB5_P15_T15_r_comf_relabeled,L,primary,wf1_timeserieswise,3,DB5,DB5,True,1.0
1695,DB5,P27,DB5_P27_T27_l_slow_relabeled,L,primary,wf1_timeserieswise,3,DB5,DB5,True,1.0
1696,DB5,P27,DB5_P27_T03_l_comf_relabeled,L,primary,wf1_timeserieswise,3,DB5,DB5,True,1.0
1707,DB4,P57,DB4_P57_T06_relabeled,R,primary,wf1_timeserieswise,3,DB4,DB4,True,0.9999988079071045
1709,DB3,P13,DB3_P13_A_T09_relabeled,R,primary,wf1_timeserieswise,3,DB3,DB3,True,0.9999942779541016
1721,DB4,P57,DB4_P57_T04_relabeled,R,primary,wf1_timeserieswise,3,DB4,DB4,True,0.9999988079071045
1730,DB2,P02,DB2_P02_T05_250_relabeled,L,primary,wf1_timeserieswise,3,DB2,DB2,True,0.9999358654022217
1739,DB4,P03,DB4_P03_T22_relabeled,R,primary,wf1_timeserieswise,3,DB4,DB4,True,0.9999995231628418
1741,DB4,P01,DB4_P01_T19_relabeled,R,primary,wf1_timeserieswise,3,DB4,DB4,True,0.9999992847442627
1755,DB2,P02,DB2_P02_T04_-65_relabeled,L,primary,wf1_timeserieswise,3,DB2,DB2,True,0.9999489784240723
1760,DB2,P03,DB2_P03_T08_p_relabeled,L,primary,wf1_timeserieswise,3,DB2,DB2,True,0.9999827146530151
1768,DB5,P15,DB5_P15_T05_l_comf_relabeled,L,primary,wf1_timeserieswise,3,DB5,DB5,True,1.0
1769,DB4,P50,DB4_P50_T14_relabeled,R,primary,wf1_timeserieswise,3,DB4,DB4,True,0.9999990463256836
1776,DB1,P13,DB1_P13_C2_T03_relabeled,L,primary,wf1_timeserieswise,3,DB1,DB1,True,0.9999967813491821
1777,DB1,P04,DB1_P04_C3_T01_relabeled,L,primary,wf1_timeserieswise,3,DB1,DB1,True,0.9998999834060669
1782,DB2,P02,DB2_P02_T01_130_relabeled,L,primary,wf1_timeserieswise,3,DB2,DB2,True,0.9999016523361206
1784,DB2,P03,DB2_P03_T03_65_relabeled,L,primary,wf1_timeserieswise,3,DB2,DB2,True,0.9999958276748657
1795,DB4,P57,DB4_P57_T17_relabeled,R,primary,wf1_timeserieswise,3,DB4,DB4,True,0.9999985694885254
1798,DB3,P06,DB3_P06_A_T08_relabeled,R,primary,wf1_timeserieswise,3,DB3,DB3,True,0.9999971389770508
1802,DB4,P30,DB4_P30_T02_relabeled,R,primary,wf1_timeserieswise,3,DB4,DB4,True,0.9999997615814209
1803,DB2,P02,DB2_P02_T04_130_relabeled,L,primary,wf1_timeserieswise,3,DB2,DB2,True,0.9999288320541382
1819,DB2,P02,DB2_P02_T05_130_relabeled,L,primary,wf1_timeserieswise,3,DB2,DB2,True,0.9999464750289917
1822,DB3,P11,DB3_P11_A_T05,R,primary,wf1_timeserieswise,3,DB3,DB3,True,0.9999994039535522
1829,DB4,P21,DB4_P21_T03_relabeled,L,primary,wf1_timeserieswise,3,DB4,DB4,True,0.9999707937240601
1834,DB1,P04,DB1_P04_C2_T04_relabeled,L,primary,wf1_timeserieswise,3,DB1,DB1,True,0.999935507774353
1838,DB5,P03,DB5_P03_T37_r_slow_relabeled,L,primary,wf1_timeserieswise,3,DB5,DB5,True,0.9999605417251587
1840,DB4,P16,DB4_P16_T22_relabeled,R,primary,wf1_timeserieswise,3,DB4,DB4,True,0.9999992847442627
1845,DB4,P50,DB4_P50_T02_relabeled,R,primary,wf1_timeserieswise,3,DB4,DB4,True,0.9999991655349731
1846,DB5,P15,DB5_P15_T13_r_comf_relabeled,L,primary,wf1_timeserieswise,3,DB5,DB5,True,1.0
1847,DB4,P16,DB4_P16_T05_relabeled,R,primary,wf1_timeserieswise,3,DB4,DB4,True,0.9999995231628418
1848,DB4,P57,DB4_P57_T07_relabeled,R,primary,wf1_timeserieswise,3,DB4,DB4,True,0.9999988079071045
1854,DB2,P02,DB2_P02_T01_p_relabeled,L,primary,wf1_timeserieswise,3,DB2,DB2,True,0.9999300241470337
1855,DB5,P27,DB5_P27_T04_l_comf_relabeled,L,primary,wf1_timeserieswise,3,DB5,DB5,True,1.0
1856,DB4,P27,DB4_P27_T20_relabeled,R,primary,wf1_timeserieswise,3,DB4,DB4,True,0.9999982118606567
1860,DB3,P11,DB3_P11_A_T09,R,primary,wf1_timeserieswise,3,DB3,DB3,True,0.9999996423721313
1869,DB3,P06,DB3_P06_A_T13_relabeled,L,primary,wf1_timeserieswise,3,DB3,DB3,True,0.9999939203262329
1882,DB1,P30,DB1_P30_C3_T02_relabeled,L,primary,wf1_timeserieswise,3,DB1,DB1,True,0.9999262094497681
1886,DB5,P10,DB5_P10_T33_r_slow_relabeled,L,primary,wf1_timeserieswise,3,DB5,DB5,True,1.0
1898,DB5,P03,DB5_P03_T34_r_slow_relabeled,L,primary,wf1_timeserieswise,3,DB5,DB5,True,0.9851657152175903
9,DB4,P42,DB4_P42_T15_relabeled,R,primary,wf1_timeserieswise,4,DB4,DB4,True,0.9967124462127686
10,DB5,P23,DB5_P23_T07_l_comf_relabeled,L,primary,wf1_timeserieswise,4,DB5,DB5,True,0.9999604225158691
16,DB4,P42,DB4_P42_T14_relabeled,R,primary,wf1_timeserieswise,4,DB4,DB4,True,0.9961429238319397
26,DB1,P42,DB1_P42_C3_T01_relabeled,L,primary,wf1_timeserieswise,4,DB1,DB1,True,0.9983776807785034
32,DB4,P46,DB4_P46_T19_relabeled,R,primary,wf1_timeserieswise,4,DB4,DB4,True,0.9974544644355774
34,DB5,P28,DB5_P28_T07_l_comf_relabeled,L,primary,wf1_timeserieswise,4,DB5,DB5,True,0.9999568462371826
36,DB4,P47,DB4_P47_T10_relabeled,R,primary,wf1_timeserieswise,4,DB4,DB4,True,0.9989873766899109
52,DB4,P46,DB4_P46_T13_relabeled,R,primary,wf1_timeserieswise,4,DB4,DB4,True,0.9976661205291748
53,DB5,P26,DB5_P26_T05_l_comf_relabeled,L,primary,wf1_timeserieswise,4,DB5,DB5,True,0.9999592304229736
55,DB4,P45,DB4_P45_T11_relabeled,R,primary,wf1_timeserieswise,4,DB4,DB4,True,0.9978173971176147
57,DB4,P42,DB4_P42_T06_relabeled,R,primary,wf1_timeserieswise,4,DB4,DB4,True,0.9967610239982605
59,DB4,P47,DB4_P47_T21_relabeled,R,primary,wf1_timeserieswise,4,DB4,DB4,True,0.9987474679946899
61,DB4,P46,DB4_P46_T21_relabeled,R,primary,wf1_timeserieswise,4,DB4,DB4,True,0.9966997504234314
70,DB5,P29,DB5_P29_T18_r_comf_relabeled,L,primary,wf1_timeserieswise,4,DB5,DB5,True,0.999829888343811
71,DB5,P23,DB5_P23_T16_r_comf_relabeled,L,primary,wf1_timeserieswise,4,DB5,DB5,True,0.999631404876709
78,DB1,P06,DB1_P06_C3_T01_relabeled,R,primary,wf1_timeserieswise,4,DB1,DB1,True,0.8771501779556274
85,DB4,P42,DB4_P42_T10_relabeled,R,primary,wf1_timeserieswise,4,DB4,DB4,True,0.9965762495994568
87,DB5,P26,DB5_P26_T16_r_comf_relabeled,L,primary,wf1_timeserieswise,4,DB5,DB5,True,0.9991737008094788
90,DB4,P04,DB4_P04_T18_relabeled,R,primary,wf1_timeserieswise,4,DB4,DB4,True,0.9979606866836548
92,DB5,P23,DB5_P23_T30_l_slow_relabeled,L,primary,wf1_timeserieswise,4,DB5,DB5,True,0.9999593496322632
115,DB3,P19,DB3_P19_A_T01,L,primary,wf1_timeserieswise,4,DB3,DB3,True,0.9965053796768188
117,DB5,P28,DB5_P28_T29_l_slow_relabeled,L,primary,wf1_timeserieswise,4,DB5,DB5,True,0.9999560117721558
118,DB3,P19,DB3_P19_A_T13,L,primary,wf1_timeserieswise,4,DB3,DB3,True,0.9968061447143555
120,DB5,P26,DB5_P26_T04_l_comf_relabeled,L,primary,wf1_timeserieswise,4,DB5,DB5,True,0.9999595880508423
123,DB5,P28,DB5_P28_T08_l_comf_relabeled,L,primary,wf1_timeserieswise,4,DB5,DB5,True,0.9999561309814453
124,DB5,P23,DB5_P23_T02_l_comf_relabeled,L,primary,wf1_timeserieswise,4,DB5,DB5,True,0.9999603033065796
125,DB4,P47,DB4_P47_T13_relabeled,R,primary,wf1_timeserieswise,4,DB4,DB4,True,0.9988113641738892
136,DB5,P29,DB5_P29_T13_r_comf_relabeled,L,primary,wf1_timeserieswise,4,DB5,DB5,True,0.9998072981834412
137,DB4,P19,DB4_P19_T19_relabeled,R,primary,wf1_timeserieswise,4,DB4,DB4,True,0.9976911544799805
141,DB5,P23,DB5_P23_T04_l_comf_relabeled,L,primary,wf1_timeserieswise,4,DB5,DB5,True,0.9999605417251587
145,DB3,P19,DB3_P19_A_T09,L,primary,wf1_timeserieswise,4,DB3,DB3,True,0.9963787198066711
149,DB2,P12,DB2_P12_T01_65_relabeled,L,primary,wf1_timeserieswise,4,DB2,DB2,True,0.9963933825492859
150,DB5,P28,DB5_P28_T02_l_comf_relabeled,L,primary,wf1_timeserieswise,4,DB5,DB5,True,0.9999557733535767
152,DB4,P04,DB4_P04_T13_relabeled,R,primary,wf1_timeserieswise,4,DB4,DB4,True,0.9982298016548157
154,DB1,P05,DB1_P05_C3_T03_relabeled,L,primary,wf1_timeserieswise,4,DB1,DB1,True,0.993980884552002
159,DB4,P53,DB4_P53_T16_relabeled,R,primary,wf1_timeserieswise,4,DB4,DB4,True,0.9975079298019409
168,DB5,P26,DB5_P26_T28_l_slow_relabeled,L,primary,wf1_timeserieswise,4,DB5,DB5,True,0.9999585151672363
170,DB2,P12,DB2_P12_T04_130_relabeled,L,primary,wf1_timeserieswise,4,DB2,DB2,True,0.997969925403595
175,DB4,P08,DB4_P08_T06_relabeled,R,primary,wf1_timeserieswise,4,DB4,DB4,True,0.9975473284721375
178,DB4,P45,DB4_P45_T21_relabeled,R,primary,wf1_timeserieswise,4,DB4,DB4,True,0.9975402355194092
179,DB2,P12,DB2_P12_T04_250_relabeled,L,primary,wf1_timeserieswise,4,DB2,DB2,True,0.998630940914154
181,DB4,P08,DB4_P08_T18_relabeled,R,primary,wf1_timeserieswise,4,DB4,DB4,True,0.9972257018089294
186,DB5,P23,DB5_P23_T35_r_slow_relabeled,L,primary,wf1_timeserieswise,4,DB5,DB5,True,0.9999473094940186
187,DB2,P01,DB2_P01_T01_p_relabeled,L,primary,wf1_timeserieswise,4,DB2,DB2,True,0.9934685230255127
189,DB4,P53,DB4_P53_T08_relabeled,R,primary,wf1_timeserieswise,4,DB4,DB4,True,0.9970614314079285
200,DB5,P29,DB5_P29_T09_l_comf_relabeled,L,primary,wf1_timeserieswise,4,DB5,DB5,True,0.9999581575393677
201,DB1,P49,DB1_P49_C3_T04_relabeled,L,primary,wf1_timeserieswise,4,DB1,DB1,True,0.9916109442710876
211,DB5,P23,DB5_P23_T25_l_slow_relabeled,L,primary,wf1_timeserieswise,4,DB5,DB5,True,0.9999593496322632
215,DB5,P23,DB5_P23_T05_l_comf_relabeled,L,primary,wf1_timeserieswise,4,DB5,DB5,True,0.9999603033065796
221,DB5,P28,DB5_P28_T28_l_slow_relabeled,L,primary,wf1_timeserieswise,4,DB5,DB5,True,0.9999556541442871
224,DB4,P04,DB4_P04_T02_relabeled,R,primary,wf1_timeserieswise,4,DB4,DB4,True,0.9979165196418762
225,DB1,P17,DB1_P17_C2_T05_relabeled,L,primary,wf1_timeserieswise,4,DB1,DB1,True,0.9993274211883545
229,DB2,P12,DB2_P12_T03_250_relabeled,L,primary,wf1_timeserieswise,4,DB2,DB2,True,0.9986920952796936
232,DB2,P12,DB2_P12_T02_130_relabeled,L,primary,wf1_timeserieswise,4,DB2,DB2,True,0.9972611665725708
233,DB2,P12,DB2_P12_T02_-130_relabeled,L,primary,wf1_timeserieswise,4,DB2,DB2,True,0.9959503412246704
236,DB1,P49,DB1_P49_C3_T03_relabeled,L,primary,wf1_timeserieswise,4,DB1,DB1,True,0.9946331977844238
237,DB5,P23,DB5_P23_T14_r_comf_relabeled,L,primary,wf1_timeserieswise,4,DB5,DB5,True,0.9999574422836304
240,DB3,P10,DB3_P10_A_T04,L,primary,wf1_timeserieswise,4,DB3,DB3,True,0.9975034594535828
241,DB5,P26,DB5_P26_T06_l_comf_relabeled,L,primary,wf1_timeserieswise,4,DB5,DB5,True,0.9999608993530273
255,DB1,P17,DB1_P17_C2_T03_relabeled,L,primary,wf1_timeserieswise,4,DB1,DB1,True,0.9993708729743958
259,DB3,P16,DB3_P16_A_T02_relabeled,L,primary,wf1_timeserieswise,4,DB3,DB3,True,0.9953030347824097
260,DB4,P19,DB4_P19_T03_relabeled,R,primary,wf1_timeserieswise,4,DB4,DB4,True,0.9980641007423401
262,DB1,P06,DB1_P06_C3_T02_relabeled,L,primary,wf1_timeserieswise,4,DB1,DB1,True,0.9946045279502869
264,DB4,P47,DB4_P47_T18_relabeled,R,primary,wf1_timeserieswise,4,DB4,DB4,True,0.9987226128578186
267,DB5,P23,DB5_P23_T03_l_comf_relabeled,L,primary,wf1_timeserieswise,4,DB5,DB5,True,0.9999600648880005
277,DB2,P12,DB2_P12_T01_p_relabeled,L,primary,wf1_timeserieswise,4,DB2,DB2,True,0.9952991008758545
279,DB3,P18,DB3_P18_A_T03,L,primary,wf1_timeserieswise,4,DB3,DB3,True,0.9873974919319153
280,DB4,P47,DB4_P47_T14_relabeled,R,primary,wf1_timeserieswise,4,DB4,DB4,True,0.9988771080970764
283,DB3,P18,DB3_P18_A_T01,L,primary,wf1_timeserieswise,4,DB3,DB3,True,0.9919124841690063
286,DB4,P42,DB4_P42_T05_relabeled,R,primary,wf1_timeserieswise,4,DB4,DB4,True,0.9973938465118408
287,DB2,P01,DB2_P01_T11_p_relabeled,L,primary,wf1_timeserieswise,4,DB2,DB2,True,0.996887743473053
290,DB4,P53,DB4_P53_T11_relabeled,R,primary,wf1_timeserieswise,4,DB4,DB4,True,0.9974198341369629
296,DB5,P26,DB5_P26_T36_r_slow_relabeled,L,primary,wf1_timeserieswise,4,DB5,DB5,True,0.9994799494743347
305,DB5,P29,DB5_P29_T10_l_comf_relabeled,L,primary,wf1_timeserieswise,4,DB5,DB5,True,0.9999570846557617
326,DB2,P12,DB2_P12_T04_-65_relabeled,L,primary,wf1_timeserieswise,4,DB2,DB2,True,0.9940594434738159
328,DB5,P29,DB5_P29_T24_l_slow_relabeled,L,primary,wf1_timeserieswise,4,DB5,DB5,True,0.9999556541442871
335,DB3,P19,DB3_P19_A_T15,L,primary,wf1_timeserieswise,4,DB3,DB3,True,0.9970995187759399
338,DB4,P19,DB4_P19_T18_relabeled,R,primary,wf1_timeserieswise,4,DB4,DB4,True,0.99787437915802
356,DB4,P04,DB4_P04_T12_relabeled,R,primary,wf1_timeserieswise,4,DB4,DB4,True,0.9981967806816101
361,DB3,P19,DB3_P19_A_T19,R,primary,wf1_timeserieswise,4,DB3,DB3,True,0.9908757209777832
362,DB4,P19,DB4_P19_T02_relabeled,R,primary,wf1_timeserieswise,4,DB4,DB4,True,0.9974768757820129
363,DB4,P46,DB4_P46_T05_relabeled,R,primary,wf1_timeserieswise,4,DB4,DB4,True,0.9977974891662598
366,DB2,P12,DB2_P12_T05_65_relabeled,L,primary,wf1_timeserieswise,4,DB2,DB2,True,0.9971808195114136
377,DB3,P18,DB3_P18_A_T14,L,primary,wf1_timeserieswise,4,DB3,DB3,True,0.9775151610374451
382,DB5,P26,DB5_P26_T02_l_comf_relabeled,L,primary,wf1_timeserieswise,4,DB5,DB5,True,0.99996018409729
390,DB2,P01,DB2_P01_T09_-130_relabeled,L,primary,wf1_timeserieswise,4,DB2,DB2,True,0.997061550617218
421,DB3,P19,DB3_P19_A_T02,L,primary,wf1_timeserieswise,4,DB3,DB3,True,0.9974510073661804
422,DB2,P01,DB2_P01_T07_-130_relabeled,L,primary,wf1_timeserieswise,4,DB2,DB2,True,0.9967209696769714
424,DB2,P01,DB2_P01_T01_130_relabeled,L,primary,wf1_timeserieswise,4,DB2,DB2,True,0.9988241791725159
429,DB5,P26,DB5_P26_T08_l_comf_relabeled,L,primary,wf1_timeserieswise,4,DB5,DB5,True,0.9999598264694214
435,DB4,P45,DB4_P45_T22_relabeled,R,primary,wf1_timeserieswise,4,DB4,DB4,True,0.9972847700119019
438,DB2,P12,DB2_P12_T05_-65_relabeled,L,primary,wf1_timeserieswise,4,DB2,DB2,True,0.9950636029243469
444,DB2,P01,DB2_P01_T02_250_relabeled,L,primary,wf1_timeserieswise,4,DB2,DB2,True,0.9991157650947571
465,DB3,P18,DB3_P18_A_T13,L,primary,wf1_timeserieswise,4,DB3,DB3,True,0.9873296022415161
474,DB5,P23,DB5_P23_T17_r_comf_relabeled,L,primary,wf1_timeserieswise,4,DB5,DB5,True,0.9999566078186035
476,DB4,P45,DB4_P45_T04_relabeled,R,primary,wf1_timeserieswise,4,DB4,DB4,True,0.9977033734321594
477,DB4,P46,DB4_P46_T17_relabeled,R,primary,wf1_timeserieswise,4,DB4,DB4,True,0.9974536299705505
482,DB5,P23,DB5_P23_T37_r_slow_relabeled,L,primary,wf1_timeserieswise,4,DB5,DB5,True,0.9998866319656372
497,DB2,P12,DB2_P12_T02_-65_relabeled,L,primary,wf1_timeserieswise,4,DB2,DB2,True,0.9938177466392517
504,DB3,P10,DB3_P10_A_T06,L,primary,wf1_timeserieswise,4,DB3,DB3,True,0.9977103471755981
505,DB5,P29,DB5_P29_T03_l_comf_relabeled,L,primary,wf1_timeserieswise,4,DB5,DB5,True,0.9999573230743408
508,DB5,P28,DB5_P28_T11_r_comf_relabeled,L,primary,wf1_timeserieswise,4,DB5,DB5,True,0.9657660126686096
509,DB3,P16,DB3_P16_A_T09_relabeled,R,primary,wf1_timeserieswise,4,DB3,DB3,True,0.993341863155365
514,DB3,P16,DB3_P16_A_T05_relabeled,L,primary,wf1_timeserieswise,4,DB3,DB3,True,0.9947846531867981
519,DB4,P47,DB4_P47_T06_relabeled,R,primary,wf1_timeserieswise,4,DB4,DB4,True,0.9987554550170898
526,DB5,P29,DB5_P29_T12_r_comf_relabeled,L,primary,wf1_timeserieswise,4,DB5,DB5,True,0.9993970394134521
528,DB5,P23,DB5_P23_T28_l_slow_relabeled,L,primary,wf1_timeserieswise,4,DB5,DB5,True,0.9999593496322632
541,DB1,P47,DB1_P47_C2_T02_relabeled,L,primary,wf1_timeserieswise,4,DB1,DB1,True,0.9926901459693909
542,DB4,P08,DB4_P08_T11_relabeled,R,primary,wf1_timeserieswise,4,DB4,DB4,True,0.9974608421325684
551,DB4,P19,DB4_P19_T08_relabeled,R,primary,wf1_timeserieswise,4,DB4,DB4,True,0.9975952506065369
572,DB5,P23,DB5_P23_T29_l_slow_relabeled,L,primary,wf1_timeserieswise,4,DB5,DB5,True,0.9999589920043945
573,DB2,P12,DB2_P12_T03_-130_relabeled,L,primary,wf1_timeserieswise,4,DB2,DB2,True,0.9966726303100586
577,DB5,P26,DB5_P26_T01_l_comf_relabeled,L,primary,wf1_timeserieswise,4,DB5,DB5,True,0.9999608993530273
585,DB2,P12,DB2_P12_T03_p_relabeled,L,primary,wf1_timeserieswise,4,DB2,DB2,True,0.9932757616043091
589,DB5,P28,DB5_P28_T05_l_comf_relabeled,L,primary,wf1_timeserieswise,4,DB5,DB5,True,0.9999563694000244
617,DB5,P29,DB5_P29_T08_l_comf_relabeled,L,primary,wf1_timeserieswise,4,DB5,DB5,True,0.9999580383300781
620,DB5,P23,DB5_P23_T13_r_comf_relabeled,L,primary,wf1_timeserieswise,4,DB5,DB5,True,0.9999274015426636
625,DB5,P23,DB5_P23_T01_l_comf_relabeled,L,primary,wf1_timeserieswise,4,DB5,DB5,True,0.99996018409729
626,DB4,P42,DB4_P42_T19_relabeled,R,primary,wf1_timeserieswise,4,DB4,DB4,True,0.996313750743866
631,DB4,P42,DB4_P42_T12_relabeled,R,primary,wf1_timeserieswise,4,DB4,DB4,True,0.9963410496711731
632,DB5,P29,DB5_P29_T15_r_comf_relabeled,L,primary,wf1_timeserieswise,4,DB5,DB5,True,0.9998264908790588
633,DB4,P45,DB4_P45_T02_relabeled,R,primary,wf1_timeserieswise,4,DB4,DB4,True,0.997302770614624
634,DB2,P01,DB2_P01_T04_250_relabeled,L,primary,wf1_timeserieswise,4,DB2,DB2,True,0.9986009001731873
636,DB4,P19,DB4_P19_T05_relabeled,R,primary,wf1_timeserieswise,4,DB4,DB4,True,0.9982325434684753
648,DB2,P01,DB2_P01_T02_130_relabeled,L,primary,wf1_timeserieswise,4,DB2,DB2,True,0.9991751313209534
650,DB3,P19,DB3_P19_A_T11,L,primary,wf1_timeserieswise,4,DB3,DB3,True,0.9963877201080322
652,DB1,P05,DB1_P05_C2_T01_relabeled,L,primary,wf1_timeserieswise,4,DB1,DB1,True,0.9979471564292908
658,DB5,P29,DB5_P29_T16_r_comf_relabeled,L,primary,wf1_timeserieswise,4,DB5,DB5,True,0.9998279809951782
660,DB1,P06,DB1_P06_C3_T05_relabeled,L,primary,wf1_timeserieswise,4,DB1,DB1,True,0.9934072494506836
666,DB3,P16,DB3_P16_A_T08_relabeled,R,primary,wf1_timeserieswise,4,DB3,DB3,True,0.9838371872901917
672,DB1,P47,DB1_P47_C2_T01_relabeled,L,primary,wf1_timeserieswise,4,DB1,DB1,True,0.9462242126464844
673,DB2,P12,DB2_P12_T03_130_relabeled,L,primary,wf1_timeserieswise,4,DB2,DB2,True,0.9978711605072021
681,DB5,P29,DB5_P29_T01_l_comf_relabeled,L,primary,wf1_timeserieswise,4,DB5,DB5,True,0.9999574422836304
682,DB4,P49,DB4_P49_T10_relabeled,R,primary,wf1_timeserieswise,4,DB4,DB4,True,0.9983896017074585
684,DB3,P10,DB3_P10_A_T09,R,primary,wf1_timeserieswise,4,DB3,DB3,True,0.9960117340087891
685,DB2,P01,DB2_P01_T05_-65_relabeled,L,primary,wf1_timeserieswise,4,DB2,DB2,True,0.997979462146759
687,DB5,P23,DB5_P23_T27_l_slow_relabeled,L,primary,wf1_timeserieswise,4,DB5,DB5,True,0.9999591112136841
694,DB5,P28,DB5_P28_T22_l_slow_relabeled,L,primary,wf1_timeserieswise,4,DB5,DB5,True,0.9999563694000244
711,DB2,P12,DB2_P12_T05_-130_relabeled,L,primary,wf1_timeserieswise,4,DB2,DB2,True,0.9943416118621826
714,DB2,P01,DB2_P01_T06_p_relabeled,L,primary,wf1_timeserieswise,4,DB2,DB2,True,0.9868977069854736
720,DB5,P23,DB5_P23_T23_l_slow_relabeled,L,primary,wf1_timeserieswise,4,DB5,DB5,True,0.9999594688415527
725,DB5,P28,DB5_P28_T03_l_comf_relabeled,L,primary,wf1_timeserieswise,4,DB5,DB5,True,0.9999568462371826
730,DB4,P45,DB4_P45_T03_relabeled,R,primary,wf1_timeserieswise,4,DB4,DB4,True,0.9977604150772095
732,DB2,P12,DB2_P12_T02_250_relabeled,L,primary,wf1_timeserieswise,4,DB2,DB2,True,0.9962548017501831
746,DB4,P08,DB4_P08_T08_relabeled,R,primary,wf1_timeserieswise,4,DB4,DB4,True,0.9968785047531128
747,DB4,P53,DB4_P53_T09_relabeled,R,primary,wf1_timeserieswise,4,DB4,DB4,True,0.99741131067276
750,DB1,P02,DB1_P02_C3_T01_relabeled,L,primary,wf1_timeserieswise,4,DB1,DB1,True,0.994182288646698
760,DB4,P47,DB4_P47_T15_relabeled,R,primary,wf1_timeserieswise,4,DB4,DB4,True,0.9987460374832153
762,DB4,P42,DB4_P42_T21_relabeled,R,primary,wf1_timeserieswise,4,DB4,DB4,True,0.9966731071472168
763,DB4,P46,DB4_P46_T08_relabeled,R,primary,wf1_timeserieswise,4,DB4,DB4,True,0.9974105954170227
764,DB4,P19,DB4_P19_T13_relabeled,L,primary,wf1_timeserieswise,4,DB4,DB4,True,0.9906584024429321
765,DB5,P26,DB5_P26_T15_r_comf_relabeled,L,primary,wf1_timeserieswise,4,DB5,DB5,True,0.998173713684082
766,DB4,P45,DB4_P45_T15_relabeled,R,primary,wf1_timeserieswise,4,DB4,DB4,True,0.9978036284446716
770,DB5,P28,DB5_P28_T24_l_slow_relabeled,L,primary,wf1_timeserieswise,4,DB5,DB5,True,0.9999562501907349
783,DB5,P28,DB5_P28_T25_l_slow_relabeled,L,primary,wf1_timeserieswise,4,DB5,DB5,True,0.9999570846557617
795,DB2,P01,DB2_P01_T04_65_relabeled,L,primary,wf1_timeserieswise,4,DB2,DB2,True,0.9978736639022827
797,DB3,P18,DB3_P18_A_T08,R,primary,wf1_timeserieswise,4,DB3,DB3,True,0.9648268818855286
821,DB5,P26,DB5_P26_T19_r_comf_relabeled,L,primary,wf1_timeserieswise,4,DB5,DB5,True,0.999178946018219
827,DB5,P23,DB5_P23_T38_r_slow_relabeled,L,primary,wf1_timeserieswise,4,DB5,DB5,True,0.9998809099197388
832,DB4,P45,DB4_P45_T17_relabeled,R,primary,wf1_timeserieswise,4,DB4,DB4,True,0.997665286064148
834,DB5,P26,DB5_P26_T35_r_slow_relabeled,L,primary,wf1_timeserieswise,4,DB5,DB5,True,0.9993139505386353
837,DB2,P12,DB2_P12_T01_130_relabeled,L,primary,wf1_timeserieswise,4,DB2,DB2,True,0.99607914686203
838,DB5,P28,DB5_P28_T06_l_comf_relabeled,L,primary,wf1_timeserieswise,4,DB5,DB5,True,0.9999568462371826
841,DB5,P26,DB5_P26_T18_r_comf_relabeled,L,primary,wf1_timeserieswise,4,DB5,DB5,True,0.9981154203414917
847,DB2,P12,DB2_P12_T05_p_relabeled,L,primary,wf1_timeserieswise,4,DB2,DB2,True,0.9930254220962524
849,DB4,P46,DB4_P46_T16_relabeled,R,primary,wf1_timeserieswise,4,DB4,DB4,True,0.9976744055747986
855,DB5,P23,DB5_P23_T40_r_slow_relabeled,L,primary,wf1_timeserieswise,4,DB5,DB5,True,0.9998773336410522
867,DB2,P01,DB2_P01_T01_250_relabeled,L,primary,wf1_timeserieswise,4,DB2,DB2,True,0.999326229095459
868,DB4,P04,DB4_P04_T11_relabeled,R,primary,wf1_timeserieswise,4,DB4,DB4,True,0.9976041913032532
875,DB4,P19,DB4_P19_T11_relabeled,L,primary,wf1_timeserieswise,4,DB4,DB4,True,0.9885787963867188
878,DB5,P23,DB5_P23_T21_l_slow_relabeled,L,primary,wf1_timeserieswise,4,DB5,DB5,True,0.9999592304229736
883,DB4,P47,DB4_P47_T17_relabeled,R,primary,wf1_timeserieswise,4,DB4,DB4,True,0.9988032579421997
884,DB3,P16,DB3_P16_A_T06_relabeled,L,primary,wf1_timeserieswise,4,DB3,DB3,True,0.9957948923110962
897,DB4,P53,DB4_P53_T02_relabeled,R,primary,wf1_timeserieswise,4,DB4,DB4,True,0.9972048401832581
898,DB4,P45,DB4_P45_T14_relabeled,R,primary,wf1_timeserieswise,4,DB4,DB4,True,0.9974620342254639
899,DB1,P06,DB1_P06_C1_T04_relabeled,L,primary,wf1_timeserieswise,4,DB1,DB1,True,0.990267813205719
901,DB4,P08,DB4_P08_T14_relabeled,R,primary,wf1_timeserieswise,4,DB4,DB4,True,0.9970272183418274
906,DB3,P10,DB3_P10_A_T15,R,primary,wf1_timeserieswise,4,DB3,DB3,True,0.9961875081062317
909,DB4,P46,DB4_P46_T20_relabeled,R,primary,wf1_timeserieswise,4,DB4,DB4,True,0.9979897737503052
930,DB5,P28,DB5_P28_T17_r_comf_relabeled,L,primary,wf1_timeserieswise,4,DB5,DB5,True,0.7295801043510437
935,DB4,P42,DB4_P42_T18_relabeled,R,primary,wf1_timeserieswise,4,DB4,DB4,True,0.996390163898468
938,DB5,P23,DB5_P23_T10_l_comf_relabeled,L,primary,wf1_timeserieswise,4,DB5,DB5,True,0.9999603033065796
939,DB3,P18,DB3_P18_A_T11,R,primary,wf1_timeserieswise,4,DB3,DB3,True,0.9704482555389404
944,DB5,P23,DB5_P23_T39_r_slow_relabeled,L,primary,wf1_timeserieswise,4,DB5,DB5,True,0.9998794794082642
945,DB2,P12,DB2_P12_T07_-130_relabeled,L,primary,wf1_timeserieswise,4,DB2,DB2,True,0.9955995082855225
958,DB3,P19,DB3_P19_A_T20,R,primary,wf1_timeserieswise,4,DB3,DB3,True,0.9904583692550659
959,DB5,P28,DB5_P28_T26_l_slow_relabeled,L,primary,wf1_timeserieswise,4,DB5,DB5,True,0.9999568462371826
960,DB2,P12,DB2_P12_T04_65_relabeled,L,primary,wf1_timeserieswise,4,DB2,DB2,True,0.9961650371551514
964,DB4,P47,DB4_P47_T09_relabeled,R,primary,wf1_timeserieswise,4,DB4,DB4,True,0.9990469813346863
969,DB4,P49,DB4_P49_T13_relabeled,R,primary,wf1_timeserieswise,4,DB4,DB4,True,0.9981802701950073
974,DB3,P18,DB3_P18_A_T09,R,primary,wf1_timeserieswise,4,DB3,DB3,True,0.96578449010849
975,DB1,P06,DB1_P06_C1_T01_relabeled,L,primary,wf1_timeserieswise,4,DB1,DB1,True,0.99420565366745
982,DB4,P45,DB4_P45_T09_relabeled,R,primary,wf1_timeserieswise,4,DB4,DB4,True,0.9978875517845154
994,DB5,P26,DB5_P26_T03_l_comf_relabeled,L,primary,wf1_timeserieswise,4,DB5,DB5,True,0.9999598264694214
997,DB4,P45,DB4_P45_T19_relabeled,R,primary,wf1_timeserieswise,4,DB4,DB4,True,0.9974004030227661
1002,DB2,P12,DB2_P12_T03_65_relabeled,L,primary,wf1_timeserieswise,4,DB2,DB2,True,0.9966832995414734
1013,DB2,P12,DB2_P12_T04_-130_relabeled,L,primary,wf1_timeserieswise,4,DB2,DB2,True,0.9923995137214661
1016,DB1,P17,DB1_P17_C2_T04_relabeled,L,primary,wf1_timeserieswise,4,DB1,DB1,True,0.9995470643043518
1018,DB1,P06,DB1_P06_C2_T02_relabeled,L,primary,wf1_timeserieswise,4,DB1,DB1,True,0.9974059462547302
1021,DB5,P23,DB5_P23_T18_r_comf_relabeled,L,primary,wf1_timeserieswise,4,DB5,DB5,True,0.9999567270278931
1025,DB4,P08,DB4_P08_T22_relabeled,R,primary,wf1_timeserieswise,4,DB4,DB4,True,0.9962900876998901
1033,DB2,P12,DB2_P12_T01_250_relabeled,L,primary,wf1_timeserieswise,4,DB2,DB2,True,0.99886155128479
1036,DB5,P23,DB5_P23_T11_r_comf_relabeled,L,primary,wf1_timeserieswise,4,DB5,DB5,True,0.9998763799667358
1043,DB4,P04,DB4_P04_T03_relabeled,R,primary,wf1_timeserieswise,4,DB4,DB4,True,0.9981662631034851
1046,DB5,P28,DB5_P28_T37_r_slow_relabeled,L,primary,wf1_timeserieswise,4,DB5,DB5,True,0.7661828994750977
1048,DB4,P49,DB4_P49_T19_relabeled,R,primary,wf1_timeserieswise,4,DB4,DB4,True,0.9982359409332275
1056,DB2,P12,DB2_P12_T03_-65_relabeled,L,primary,wf1_timeserieswise,4,DB2,DB2,True,0.993668258190155
1057,DB5,P28,DB5_P28_T38_r_slow_relabeled,L,primary,wf1_timeserieswise,4,DB5,DB5,True,0.8236317038536072
1058,DB4,P47,DB4_P47_T08_relabeled,R,primary,wf1_timeserieswise,4,DB4,DB4,True,0.9990211725234985
1068,DB4,P45,DB4_P45_T10_relabeled,R,primary,wf1_timeserieswise,4,DB4,DB4,True,0.9973959922790527
1070,DB2,P01,DB2_P01_T08_-130_relabeled,L,primary,wf1_timeserieswise,4,DB2,DB2,True,0.997067391872406
1083,DB4,P45,DB4_P45_T23_relabeled,R,primary,wf1_timeserieswise,4,DB4,DB4,True,0.9977396726608276
1092,DB1,P17,DB1_P17_C2_T01_relabeled,L,primary,wf1_timeserieswise,4,DB1,DB1,True,0.9994009733200073
1111,DB5,P29,DB5_P29_T17_r_comf_relabeled,L,primary,wf1_timeserieswise,4,DB5,DB5,True,0.9998325109481812
1117,DB4,P08,DB4_P08_T20_relabeled,R,primary,wf1_timeserieswise,4,DB4,DB4,True,0.9970045685768127
1118,DB4,P53,DB4_P53_T06_relabeled,R,primary,wf1_timeserieswise,4,DB4,DB4,True,0.997495174407959
1122,DB4,P46,DB4_P46_T14_relabeled,R,primary,wf1_timeserieswise,4,DB4,DB4,True,0.9978329539299011
1123,DB4,P47,DB4_P47_T03_relabeled,R,primary,wf1_timeserieswise,4,DB4,DB4,True,0.9989445805549622
1147,DB4,P45,DB4_P45_T20_relabeled,R,primary,wf1_timeserieswise,4,DB4,DB4,True,0.9973042011260986
1148,DB2,P12,DB2_P12_T05_250_relabeled,L,primary,wf1_timeserieswise,4,DB2,DB2,True,0.9986140727996826
1150,DB4,P49,DB4_P49_T08_relabeled,R,primary,wf1_timeserieswise,4,DB4,DB4,True,0.9982819557189941
1151,DB5,P23,DB5_P23_T12_r_comf_relabeled,L,primary,wf1_timeserieswise,4,DB5,DB5,True,0.9996318817138672
1154,DB4,P53,DB4_P53_T14_relabeled,R,primary,wf1_timeserieswise,4,DB4,DB4,True,0.9970210194587708
1155,DB1,P02,DB1_P02_C2_T03_relabeled,L,primary,wf1_timeserieswise,4,DB1,DB1,True,0.994141161441803
1168,DB3,P10,DB3_P10_A_T13,R,primary,wf1_timeserieswise,4,DB3,DB3,True,0.9954865574836731
1170,DB5,P23,DB5_P23_T34_r_slow_relabeled,L,primary,wf1_timeserieswise,4,DB5,DB5,True,0.9996304512023926
1171,DB4,P19,DB4_P19_T12_relabeled,R,primary,wf1_timeserieswise,4,DB4,DB4,True,0.9981797933578491
1177,DB4,P49,DB4_P49_T11_relabeled,R,primary,wf1_timeserieswise,4,DB4,DB4,True,0.9984234571456909
1178,DB4,P42,DB4_P42_T16_relabeled,R,primary,wf1_timeserieswise,4,DB4,DB4,True,0.9974302649497986
1179,DB2,P12,DB2_P12_T05_130_relabeled,L,primary,wf1_timeserieswise,4,DB2,DB2,True,0.9987255930900574
1182,DB2,P12,DB2_P12_T02_p_relabeled,L,primary,wf1_timeserieswise,4,DB2,DB2,True,0.9927305579185486
1186,DB4,P42,DB4_P42_T20_relabeled,R,primary,wf1_timeserieswise,4,DB4,DB4,True,0.9962210655212402
1195,DB1,P17,DB1_P17_C3_T04_relabeled,L,primary,wf1_timeserieswise,4,DB1,DB1,True,0.9988812804222107
1203,DB4,P49,DB4_P49_T04_relabeled,R,primary,wf1_timeserieswise,4,DB4,DB4,True,0.998451828956604
1207,DB3,P10,DB3_P10_A_T16,R,primary,wf1_timeserieswise,4,DB3,DB3,True,0.9962803721427917
1211,DB4,P42,DB4_P42_T07_relabeled,R,primary,wf1_timeserieswise,4,DB4,DB4,True,0.9969007968902588
1214,DB5,P26,DB5_P26_T26_l_slow_relabeled,L,primary,wf1_timeserieswise,4,DB5,DB5,True,0.9999567270278931
1216,DB5,P29,DB5_P29_T02_l_comf_relabeled,L,primary,wf1_timeserieswise,4,DB5,DB5,True,0.9999573230743408
1218,DB4,P04,DB4_P04_T14_relabeled,R,primary,wf1_timeserieswise,4,DB4,DB4,True,0.9979895353317261
1219,DB2,P01,DB2_P01_T01_65_relabeled,L,primary,wf1_timeserieswise,4,DB2,DB2,True,0.9987109899520874
1220,DB4,P49,DB4_P49_T16_relabeled,R,primary,wf1_timeserieswise,4,DB4,DB4,True,0.9982055425643921
1222,DB4,P08,DB4_P08_T13_relabeled,R,primary,wf1_timeserieswise,4,DB4,DB4,True,0.997161865234375
1225,DB4,P53,DB4_P53_T12_relabeled,R,primary,wf1_timeserieswise,4,DB4,DB4,True,0.9975416660308838
1226,DB4,P19,DB4_P19_T20_relabeled,R,primary,wf1_timeserieswise,4,DB4,DB4,True,0.9974478483200073
1228,DB4,P46,DB4_P46_T04_relabeled,R,primary,wf1_timeserieswise,4,DB4,DB4,True,0.9974297881126404
1232,DB3,P10,DB3_P10_A_T08,L,primary,wf1_timeserieswise,4,DB3,DB3,True,0.9902932643890381
1235,DB1,P06,DB1_P06_C2_T03_relabeled,L,primary,wf1_timeserieswise,4,DB1,DB1,True,0.9968376159667969
1238,DB5,P23,DB5_P23_T06_l_comf_relabeled,L,primary,wf1_timeserieswise,4,DB5,DB5,True,0.9999597072601318
1240,DB2,P01,DB2_P01_T01_-65_relabeled,L,primary,wf1_timeserieswise,4,DB2,DB2,True,0.9972630739212036
1246,DB4,P46,DB4_P46_T10_relabeled,R,primary,wf1_timeserieswise,4,DB4,DB4,True,0.9975531697273254
1247,DB4,P42,DB4_P42_T17_relabeled,R,primary,wf1_timeserieswise,4,DB4,DB4,True,0.9971319437026978
1248,DB3,P19,DB3_P19_A_T06,R,primary,wf1_timeserieswise,4,DB3,DB3,True,0.9905843734741211
1253,DB5,P29,DB5_P29_T11_r_comf_relabeled,L,primary,wf1_timeserieswise,4,DB5,DB5,True,0.9991661310195923
1260,DB4,P53,DB4_P53_T19_relabeled,R,primary,wf1_timeserieswise,4,DB4,DB4,True,0.9972931742668152
1277,DB4,P08,DB4_P08_T21_relabeled,R,primary,wf1_timeserieswise,4,DB4,DB4,True,0.9962717294692993
1280,DB1,P17,DB1_P17_C2_T02_relabeled,L,primary,wf1_timeserieswise,4,DB1,DB1,True,0.9992483258247375
1284,DB2,P01,DB2_P01_T02_65_relabeled,L,primary,wf1_timeserieswise,4,DB2,DB2,True,0.9979159235954285
1291,DB4,P19,DB4_P19_T16_relabeled,R,primary,wf1_timeserieswise,4,DB4,DB4,True,0.9982172846794128
1293,DB5,P26,DB5_P26_T10_l_comf_relabeled,L,primary,wf1_timeserieswise,4,DB5,DB5,True,0.9999597072601318
1312,DB4,P46,DB4_P46_T11_relabeled,R,primary,wf1_timeserieswise,4,DB4,DB4,True,0.9976971745491028
1327,DB3,P10,DB3_P10_A_T07,L,primary,wf1_timeserieswise,4,DB3,DB3,True,0.9972811937332153
1330,DB1,P03,DB1_P03_C3_T01_relabeled,L,primary,wf1_timeserieswise,4,DB1,DB1,True,0.9912431240081787
1338,DB5,P26,DB5_P26_T07_l_comf_relabeled,L,primary,wf1_timeserieswise,4,DB5,DB5,True,0.9999594688415527
1341,DB1,P49,DB1_P49_C2_T01_relabeled,L,primary,wf1_timeserieswise,4,DB1,DB1,True,0.9994189739227295
1346,DB5,P26,DB5_P26_T11_r_comf_relabeled,L,primary,wf1_timeserieswise,4,DB5,DB5,True,0.998009979724884
1355,DB4,P53,DB4_P53_T10_relabeled,R,primary,wf1_timeserieswise,4,DB4,DB4,True,0.997612714767456
1357,DB5,P29,DB5_P29_T06_l_comf_relabeled,L,primary,wf1_timeserieswise,4,DB5,DB5,True,0.9999580383300781
1359,DB1,P05,DB1_P05_C3_T02_relabeled,L,primary,wf1_timeserieswise,4,DB1,DB1,True,0.9938172698020935
1360,DB2,P12,DB2_P12_T02_65_relabeled,L,primary,wf1_timeserieswise,4,DB2,DB2,True,0.99739670753479
1372,DB5,P28,DB5_P28_T10_l_comf_relabeled,L,primary,wf1_timeserieswise,4,DB5,DB5,True,0.9999576807022095
1376,DB4,P46,DB4_P46_T03_relabeled,R,primary,wf1_timeserieswise,4,DB4,DB4,True,0.9970360994338989
1383,DB4,P46,DB4_P46_T12_relabeled,R,primary,wf1_timeserieswise,4,DB4,DB4,True,0.9973034858703613
1384,DB5,P29,DB5_P29_T14_r_comf_relabeled,L,primary,wf1_timeserieswise,4,DB5,DB5,True,0.9999538660049438
1385,DB5,P29,DB5_P29_T20_r_comf_relabeled,L,primary,wf1_timeserieswise,4,DB5,DB5,True,0.999954104423523
1387,DB3,P18,DB3_P18_A_T10,R,primary,wf1_timeserieswise,4,DB3,DB3,True,0.9639708399772644
1394,DB3,P16,DB3_P16_A_T07_relabeled,L,primary,wf1_timeserieswise,4,DB3,DB3,True,0.9946416616439819
1395,DB4,P49,DB4_P49_T05_relabeled,R,primary,wf1_timeserieswise,4,DB4,DB4,True,0.9983824491500854
1396,DB4,P47,DB4_P47_T16_relabeled,R,primary,wf1_timeserieswise,4,DB4,DB4,True,0.9989532232284546
1402,DB4,P49,DB4_P49_T18_relabeled,R,primary,wf1_timeserieswise,4,DB4,DB4,True,0.9981681108474731
1407,DB4,P45,DB4_P45_T12_relabeled,R,primary,wf1_timeserieswise,4,DB4,DB4,True,0.9981045722961426
1410,DB4,P04,DB4_P04_T20_relabeled,R,primary,wf1_timeserieswise,4,DB4,DB4,True,0.9979084730148315
1413,DB2,P12,DB2_P12_T04_p_relabeled,L,primary,wf1_timeserieswise,4,DB2,DB2,True,0.9916728138923645
1415,DB4,P04,DB4_P04_T19_relabeled,R,primary,wf1_timeserieswise,4,DB4,DB4,True,0.9982653260231018
1418,DB4,P19,DB4_P19_T09_relabeled,R,primary,wf1_timeserieswise,4,DB4,DB4,True,0.9980452060699463
1423,DB4,P19,DB4_P19_T22_relabeled,L,primary,wf1_timeserieswise,4,DB4,DB4,True,0.9894988536834717
1426,DB5,P29,DB5_P29_T25_l_slow_relabeled,L,primary,wf1_timeserieswise,4,DB5,DB5,True,0.999956488609314
1432,DB5,P23,DB5_P23_T15_r_comf_relabeled,L,primary,wf1_timeserieswise,4,DB5,DB5,True,0.9996294975280762
1435,DB4,P45,DB4_P45_T08_relabeled,R,primary,wf1_timeserieswise,4,DB4,DB4,True,0.9975391626358032
1442,DB1,P47,DB1_P47_C3_T03_relabeled,L,primary,wf1_timeserieswise,4,DB1,DB1,True,0.9537875056266785
1443,DB4,P49,DB4_P49_T15_relabeled,R,primary,wf1_timeserieswise,4,DB4,DB4,True,0.9984132051467896
1451,DB4,P47,DB4_P47_T12_relabeled,R,primary,wf1_timeserieswise,4,DB4,DB4,True,0.9987801909446716
1455,DB4,P04,DB4_P04_T17_relabeled,R,primary,wf1_timeserieswise,4,DB4,DB4,True,0.9979751706123352
1459,DB1,P05,DB1_P05_C2_T02_relabeled,L,primary,wf1_timeserieswise,4,DB1,DB1,True,0.9962536096572876
1470,DB4,P53,DB4_P53_T03_relabeled,R,primary,wf1_timeserieswise,4,DB4,DB4,True,0.9976685643196106
1493,DB5,P28,DB5_P28_T27_l_slow_relabeled,L,primary,wf1_timeserieswise,4,DB5,DB5,True,0.9999551773071289
1495,DB4,P49,DB4_P49_T02_relabeled,R,primary,wf1_timeserieswise,4,DB4,DB4,True,0.9981911778450012
1500,DB2,P01,DB2_P01_T05_130_relabeled,L,primary,wf1_timeserieswise,4,DB2,DB2,True,0.9992256164550781
1502,DB3,P10,DB3_P10_A_T05,L,primary,wf1_timeserieswise,4,DB3,DB3,True,0.9974353909492493
1508,DB5,P29,DB5_P29_T07_l_comf_relabeled,L,primary,wf1_timeserieswise,4,DB5,DB5,True,0.9999572038650513
1520,DB4,P42,DB4_P42_T02_relabeled,R,primary,wf1_timeserieswise,4,DB4,DB4,True,0.9962616562843323
1524,DB5,P26,DB5_P26_T13_r_comf_relabeled,L,primary,wf1_timeserieswise,4,DB5,DB5,True,0.999480664730072
1529,DB1,P06,DB1_P06_C2_T01_relabeled,L,primary,wf1_timeserieswise,4,DB1,DB1,True,0.9980090260505676
1532,DB5,P28,DB5_P28_T09_l_comf_relabeled,L,primary,wf1_timeserieswise,4,DB5,DB5,True,0.9999566078186035
1541,DB5,P28,DB5_P28_T30_l_slow_relabeled,L,primary,wf1_timeserieswise,4,DB5,DB5,True,0.9999556541442871
1543,DB5,P23,DB5_P23_T26_l_slow_relabeled,L,primary,wf1_timeserieswise,4,DB5,DB5,True,0.9999603033065796
1552,DB5,P23,DB5_P23_T08_l_comf_relabeled,L,primary,wf1_timeserieswise,4,DB5,DB5,True,0.9999608993530273
1554,DB1,P49,DB1_P49_C2_T04_relabeled,L,primary,wf1_timeserieswise,4,DB1,DB1,True,0.9992651343345642
1559,DB4,P19,DB4_P19_T24_relabeled,L,primary,wf1_timeserieswise,4,DB4,DB4,True,0.9901772141456604
1562,DB5,P23,DB5_P23_T20_r_comf_relabeled,L,primary,wf1_timeserieswise,4,DB5,DB5,True,0.9999551773071289
1571,DB3,P19,DB3_P19_A_T03,L,primary,wf1_timeserieswise,4,DB3,DB3,True,0.9969931840896606
1573,DB4,P49,DB4_P49_T09_relabeled,R,primary,wf1_timeserieswise,4,DB4,DB4,True,0.9984450936317444
1577,DB5,P28,DB5_P28_T04_l_comf_relabeled,L,primary,wf1_timeserieswise,4,DB5,DB5,True,0.9999561309814453
1579,DB5,P26,DB5_P26_T29_l_slow_relabeled,L,primary,wf1_timeserieswise,4,DB5,DB5,True,0.9999592304229736
1580,DB4,P47,DB4_P47_T19_relabeled,R,primary,wf1_timeserieswise,4,DB4,DB4,True,0.998790442943573
1582,DB1,P02,DB1_P02_C2_T02_relabeled,L,primary,wf1_timeserieswise,4,DB1,DB1,True,0.9969270825386047
1592,DB5,P26,DB5_P26_T20_r_comf_relabeled,L,primary,wf1_timeserieswise,4,DB5,DB5,True,0.9994625449180603
1599,DB1,P47,DB1_P47_C3_T05_relabeled,L,primary,wf1_timeserieswise,4,DB1,DB1,True,0.8750344514846802
1602,DB5,P29,DB5_P29_T05_l_comf_relabeled,L,primary,wf1_timeserieswise,4,DB5,DB5,True,0.9999579191207886
1603,DB5,P26,DB5_P26_T14_r_comf_relabeled,L,primary,wf1_timeserieswise,4,DB5,DB5,True,0.9994699358940125
1614,DB5,P26,DB5_P26_T09_l_comf_relabeled,L,primary,wf1_timeserieswise,4,DB5,DB5,True,0.9999614953994751
1620,DB4,P49,DB4_P49_T14_relabeled,R,primary,wf1_timeserieswise,4,DB4,DB4,True,0.9982661604881287
1631,DB5,P23,DB5_P23_T09_l_comf_relabeled,L,primary,wf1_timeserieswise,4,DB5,DB5,True,0.99996018409729
1634,DB4,P53,DB4_P53_T15_relabeled,R,primary,wf1_timeserieswise,4,DB4,DB4,True,0.9979202151298523
1640,DB5,P28,DB5_P28_T14_r_comf_relabeled,L,primary,wf1_timeserieswise,4,DB5,DB5,True,0.9994903802871704
1641,DB5,P26,DB5_P26_T12_r_comf_relabeled,L,primary,wf1_timeserieswise,4,DB5,DB5,True,0.99797123670578
1642,DB4,P49,DB4_P49_T22_relabeled,R,primary,wf1_timeserieswise,4,DB4,DB4,True,0.9980979561805725
1671,DB5,P23,DB5_P23_T19_r_comf_relabeled,L,primary,wf1_timeserieswise,4,DB5,DB5,True,0.9999560117721558
1673,DB5,P29,DB5_P29_T04_l_comf_relabeled,L,primary,wf1_timeserieswise,4,DB5,DB5,True,0.9999581575393677
1675,DB4,P04,DB4_P04_T10_relabeled,R,primary,wf1_timeserieswise,4,DB4,DB4,True,0.9982655644416809
1678,DB4,P08,DB4_P08_T05_relabeled,R,primary,wf1_timeserieswise,4,DB4,DB4,True,0.996385931968689
1688,DB5,P28,DB5_P28_T13_r_comf_relabeled,L,primary,wf1_timeserieswise,4,DB5,DB5,True,0.6883440017700195
1698,DB5,P23,DB5_P23_T33_r_slow_relabeled,L,primary,wf1_timeserieswise,4,DB5,DB5,True,0.9996445178985596
1700,DB4,P04,DB4_P04_T04_relabeled,R,primary,wf1_timeserieswise,4,DB4,DB4,True,0.9981406927108765
1702,DB5,P26,DB5_P26_T17_r_comf_relabeled,L,primary,wf1_timeserieswise,4,DB5,DB5,True,0.9994396567344666
1703,DB3,P16,DB3_P16_A_T03_relabeled,L,primary,wf1_timeserieswise,4,DB3,DB3,True,0.9955623149871826
1705,DB3,P18,DB3_P18_A_T07,R,primary,wf1_timeserieswise,4,DB3,DB3,True,0.9727092981338501
1706,DB4,P47,DB4_P47_T05_relabeled,R,primary,wf1_timeserieswise,4,DB4,DB4,True,0.9988952875137329
1715,DB5,P23,DB5_P23_T36_r_slow_relabeled,L,primary,wf1_timeserieswise,4,DB5,DB5,True,0.9996367692947388
1719,DB4,P42,DB4_P42_T03_relabeled,R,primary,wf1_timeserieswise,4,DB4,DB4,True,0.9965676069259644
1720,DB3,P16,DB3_P16_A_T12_relabeled,R,primary,wf1_timeserieswise,4,DB3,DB3,True,0.9866251945495605
1723,DB4,P19,DB4_P19_T04_relabeled,L,primary,wf1_timeserieswise,4,DB4,DB4,True,0.9883358478546143
1733,DB4,P19,DB4_P19_T14_relabeled,R,primary,wf1_timeserieswise,4,DB4,DB4,True,0.9979098439216614
1736,DB5,P26,DB5_P26_T24_l_slow_relabeled,L,primary,wf1_timeserieswise,4,DB5,DB5,True,0.9999585151672363
1738,DB4,P42,DB4_P42_T13_relabeled,R,primary,wf1_timeserieswise,4,DB4,DB4,True,0.9967036843299866
1740,DB5,P26,DB5_P26_T25_l_slow_relabeled,L,primary,wf1_timeserieswise,4,DB5,DB5,True,0.9999600648880005
1750,DB3,P10,DB3_P10_A_T14,R,primary,wf1_timeserieswise,4,DB3,DB3,True,0.9948233366012573
1767,DB3,P19,DB3_P19_A_T18,R,primary,wf1_timeserieswise,4,DB3,DB3,True,0.9917578101158142
1770,DB4,P45,DB4_P45_T18_relabeled,R,primary,wf1_timeserieswise,4,DB4,DB4,True,0.9979557991027832
1772,DB4,P04,DB4_P04_T06_relabeled,R,primary,wf1_timeserieswise,4,DB4,DB4,True,0.9979875087738037
1773,DB4,P49,DB4_P49_T20_relabeled,R,primary,wf1_timeserieswise,4,DB4,DB4,True,0.9982553124427795
1786,DB4,P45,DB4_P45_T06_relabeled,R,primary,wf1_timeserieswise,4,DB4,DB4,True,0.9973592162132263
1787,DB4,P19,DB4_P19_T25_relabeled,R,primary,wf1_timeserieswise,4,DB4,DB4,True,0.9977924823760986
1791,DB5,P23,DB5_P23_T22_l_slow_relabeled,L,primary,wf1_timeserieswise,4,DB5,DB5,True,0.9999589920043945
1796,DB5,P23,DB5_P23_T24_l_slow_relabeled,L,primary,wf1_timeserieswise,4,DB5,DB5,True,0.9999598264694214
1799,DB5,P29,DB5_P29_T19_r_comf_relabeled,L,primary,wf1_timeserieswise,4,DB5,DB5,True,0.9999550580978394
1804,DB1,P49,DB1_P49_C3_T01_relabeled,L,primary,wf1_timeserieswise,4,DB1,DB1,True,0.9948621392250061
1810,DB5,P26,DB5_P26_T22_l_slow_relabeled,L,primary,wf1_timeserieswise,4,DB5,DB5,True,0.9999598264694214
1814,DB4,P42,DB4_P42_T04_relabeled,R,primary,wf1_timeserieswise,4,DB4,DB4,True,0.9964743256568909
1815,DB4,P42,DB4_P42_T08_relabeled,R,primary,wf1_timeserieswise,4,DB4,DB4,True,0.9966779947280884
1818,DB4,P46,DB4_P46_T18_relabeled,R,primary,wf1_timeserieswise,4,DB4,DB4,True,0.9969621300697327
1830,DB3,P16,DB3_P16_A_T13_relabeled,R,primary,wf1_timeserieswise,4,DB3,DB3,True,0.9884214401245117
1841,DB1,P05,DB1_P05_C2_T03_relabeled,L,primary,wf1_timeserieswise,4,DB1,DB1,True,0.9977532029151917
1842,DB4,P04,DB4_P04_T05_relabeled,R,primary,wf1_timeserieswise,4,DB4,DB4,True,0.9982499480247498
1843,DB5,P28,DB5_P28_T01_l_comf_relabeled,L,primary,wf1_timeserieswise,4,DB5,DB5,True,0.9999567270278931
1850,DB3,P16,DB3_P16_A_T11_relabeled,R,primary,wf1_timeserieswise,4,DB3,DB3,True,0.9874559044837952
1861,DB4,P45,DB4_P45_T13_relabeled,R,primary,wf1_timeserieswise,4,DB4,DB4,True,0.9979636669158936
1867,DB1,P05,DB1_P05_C2_T05_relabeled,L,primary,wf1_timeserieswise,4,DB1,DB1,True,0.9981403350830078
1884,DB4,P19,DB4_P19_T15_relabeled,R,primary,wf1_timeserieswise,4,DB4,DB4,True,0.9978474378585815
1885,DB4,P47,DB4_P47_T20_relabeled,R,primary,wf1_timeserieswise,4,DB4,DB4,True,0.9990562796592712
1896,DB4,P46,DB4_P46_T07_relabeled,R,primary,wf1_timeserieswise,4,DB4,DB4,True,0.9977218508720398
2,DB3,P15,DB3_P15_A_T11_relabeled,R,primary,wf1_timeserieswise,5,DB3,DB3,True,0.9997525811195374
7,DB2,P07,DB2_P07_T07_250_relabeled,L,primary,wf1_timeserieswise,5,DB2,DB2,True,0.9999933242797852
12,DB2,P11,DB2_P11_T02_-130_relabeled,L,primary,wf1_timeserieswise,5,DB2,DB2,True,0.9992491602897644
21,DB2,P11,DB2_P11_T03_-65_relabeled,L,primary,wf1_timeserieswise,5,DB2,DB2,True,0.9994895458221436
25,DB3,P07,DB3_P07_A_T10_relabeled,R,primary,wf1_timeserieswise,5,DB3,DB3,True,0.9998437166213989
27,DB5,P12,DB5_P12_T23_l_slow_relabeled,L,primary,wf1_timeserieswise,5,DB5,DB5,True,1.0
47,DB5,P19,DB5_P19_T10_l_comf_relabeled,L,primary,wf1_timeserieswise,5,DB5,DB5,True,1.0
48,DB1,P21,DB1_P21_C3_T04_relabeled,L,primary,wf1_timeserieswise,5,DB1,DB1,True,0.9999850988388062
49,DB5,P12,DB5_P12_T33_r_slow_relabeled,L,primary,wf1_timeserieswise,5,DB5,DB5,True,1.0
54,DB3,P15,DB3_P15_A_T09_relabeled,R,primary,wf1_timeserieswise,5,DB3,DB3,True,0.9995822310447693
56,DB3,P12,DB3_P12_A_T12,L,primary,wf1_timeserieswise,5,DB3,DB3,True,0.9999387264251709
69,DB5,P12,DB5_P12_T01_l_comf_relabeled,L,primary,wf1_timeserieswise,5,DB5,DB5,True,1.0
72,DB2,P07,DB2_P07_T02_65_relabeled,L,primary,wf1_timeserieswise,5,DB2,DB2,True,0.9999303817749023
76,DB4,P09,DB4_P09_T04_relabeled,R,primary,wf1_timeserieswise,5,DB4,DB4,True,0.9999929666519165
77,DB5,P19,DB5_P19_T18_r_comf_relabeled,L,primary,wf1_timeserieswise,5,DB5,DB5,True,0.9999995231628418
80,DB4,P13,DB4_P13_T07_relabeled,R,primary,wf1_timeserieswise,5,DB4,DB4,True,0.9999978542327881
83,DB4,P52,DB4_P52_T09_relabeled,R,primary,wf1_timeserieswise,5,DB4,DB4,True,0.9999963045120239
88,DB3,P12,DB3_P12_A_T11,R,primary,wf1_timeserieswise,5,DB3,DB3,True,0.9999425411224365
94,DB5,P12,DB5_P12_T02_l_comf_relabeled,L,primary,wf1_timeserieswise,5,DB5,DB5,True,1.0
99,DB5,P06,DB5_P06_T26_l_slow_relabeled,L,primary,wf1_timeserieswise,5,DB5,DB5,True,1.0
100,DB5,P19,DB5_P19_T34_r_slow_relabeled,L,primary,wf1_timeserieswise,5,DB5,DB5,True,1.0
111,DB5,P06,DB5_P06_T11_l_comf_relabeled,L,primary,wf1_timeserieswise,5,DB5,DB5,True,1.0
114,DB4,P43,DB4_P43_T19_relabeled,R,primary,wf1_timeserieswise,5,DB4,DB4,True,0.9999983310699463
133,DB5,P19,DB5_P19_T17_r_comf_relabeled,L,primary,wf1_timeserieswise,5,DB5,DB5,True,0.9999998807907104
138,DB2,P07,DB2_P07_T05_-130_relabeled,L,primary,wf1_timeserieswise,5,DB2,DB2,True,0.9998370409011841
139,DB5,P19,DB5_P19_T06_l_comf_relabeled,L,primary,wf1_timeserieswise,5,DB5,DB5,True,1.0
142,DB5,P19,DB5_P19_T25_l_slow_relabeled,L,primary,wf1_timeserieswise,5,DB5,DB5,True,1.0
146,DB4,P43,DB4_P43_T18_relabeled,R,primary,wf1_timeserieswise,5,DB4,DB4,True,0.9999980926513672
151,DB2,P07,DB2_P07_T01_-65_relabeled,L,primary,wf1_timeserieswise,5,DB2,DB2,True,0.9999431371688843
169,DB5,P19,DB5_P19_T02_l_comf_relabeled,L,primary,wf1_timeserieswise,5,DB5,DB5,True,1.0
171,DB5,P06,DB5_P06_T22_r_comf_relabeled,L,primary,wf1_timeserieswise,5,DB5,DB5,True,1.0
184,DB2,P11,DB2_P11_T05_250_relabeled,L,primary,wf1_timeserieswise,5,DB2,DB2,True,0.9998356103897095
185,DB4,P02,DB4_P02_T13_relabeled,R,primary,wf1_timeserieswise,5,DB4,DB4,True,0.9999942779541016
188,DB3,P07,DB3_P07_A_T01_relabeled,L,primary,wf1_timeserieswise,5,DB3,DB3,True,0.9998866319656372
197,DB4,P52,DB4_P52_T14_relabeled,R,primary,wf1_timeserieswise,5,DB4,DB4,True,0.9999959468841553
210,DB4,P12,DB4_P12_T18_relabeled,R,primary,wf1_timeserieswise,5,DB4,DB4,True,0.9999986886978149
213,DB5,P12,DB5_P12_T03_l_comf_relabeled,L,primary,wf1_timeserieswise,5,DB5,DB5,True,1.0
216,DB2,P07,DB2_P07_T03_-130_relabeled,L,primary,wf1_timeserieswise,5,DB2,DB2,True,0.9998464584350586
218,DB5,P12,DB5_P12_T17_r_comf_relabeled,L,primary,wf1_timeserieswise,5,DB5,DB5,True,1.0
220,DB4,P13,DB4_P13_T02_relabeled,R,primary,wf1_timeserieswise,5,DB4,DB4,True,0.999995231628418
238,DB4,P02,DB4_P02_T11_relabeled,R,primary,wf1_timeserieswise,5,DB4,DB4,True,0.9999853372573853
244,DB5,P12,DB5_P12_T38_r_slow_relabeled,L,primary,wf1_timeserieswise,5,DB5,DB5,True,1.0
246,DB5,P12,DB5_P12_T29_l_slow_relabeled,L,primary,wf1_timeserieswise,5,DB5,DB5,True,1.0
251,DB4,P12,DB4_P12_T07_relabeled,R,primary,wf1_timeserieswise,5,DB4,DB4,True,0.9999995231628418
257,DB4,P13,DB4_P13_T08_relabeled,R,primary,wf1_timeserieswise,5,DB4,DB4,True,0.9999958276748657
261,DB4,P10,DB4_P10_T19_relabeled,R,primary,wf1_timeserieswise,5,DB4,DB4,True,0.9999942779541016
263,DB4,P43,DB4_P43_T02_relabeled,R,primary,wf1_timeserieswise,5,DB4,DB4,True,0.9999986886978149
265,DB3,P17,DB3_P17_A_T09,L,primary,wf1_timeserieswise,5,DB3,DB3,True,0.9999146461486816
266,DB4,P09,DB4_P09_T19_relabeled,R,primary,wf1_timeserieswise,5,DB4,DB4,True,0.9999927282333374
269,DB5,P12,DB5_P12_T39_r_slow_relabeled,L,primary,wf1_timeserieswise,5,DB5,DB5,True,1.0
274,DB5,P06,DB5_P06_T14_r_comf_relabeled,L,primary,wf1_timeserieswise,5,DB5,DB5,True,1.0
281,DB2,P11,DB2_P11_T01_250_relabeled,L,primary,wf1_timeserieswise,5,DB2,DB2,True,0.9998337030410767
284,DB4,P52,DB4_P52_T08_relabeled,R,primary,wf1_timeserieswise,5,DB4,DB4,True,0.9999973773956299
285,DB4,P43,DB4_P43_T06_relabeled,R,primary,wf1_timeserieswise,5,DB4,DB4,True,0.9999984502792358
288,DB5,P06,DB5_P06_T07_l_comf_relabeled,L,primary,wf1_timeserieswise,5,DB5,DB5,True,1.0
291,DB5,P06,DB5_P06_T09_l_comf_relabeled,L,primary,wf1_timeserieswise,5,DB5,DB5,True,1.0
292,DB5,P19,DB5_P19_T38_r_slow_relabeled,L,primary,wf1_timeserieswise,5,DB5,DB5,True,1.0
302,DB5,P06,DB5_P06_T12_l_comf_relabeled,R,primary,wf1_timeserieswise,5,DB5,DB5,True,0.9999997615814209
307,DB2,P11,DB2_P11_T05_-65_relabeled,L,primary,wf1_timeserieswise,5,DB2,DB2,True,0.9995183944702148
311,DB5,P19,DB5_P19_T09_l_comf_relabeled,L,primary,wf1_timeserieswise,5,DB5,DB5,True,1.0
316,DB4,P10,DB4_P10_T08_relabeled,R,primary,wf1_timeserieswise,5,DB4,DB4,True,0.9999967813491821
317,DB4,P02,DB4_P02_T04_relabeled,R,primary,wf1_timeserieswise,5,DB4,DB4,True,0.999984860420227
320,DB5,P06,DB5_P06_T08_l_comf_relabeled,L,primary,wf1_timeserieswise,5,DB5,DB5,True,1.0
322,DB4,P25,DB4_P25_T24_relabeled,R,primary,wf1_timeserieswise,5,DB4,DB4,True,0.9999936819076538
331,DB3,P07,DB3_P07_A_T03_relabeled,L,primary,wf1_timeserieswise,5,DB3,DB3,True,0.999881386756897
332,DB3,P17,DB3_P17_A_T04,R,primary,wf1_timeserieswise,5,DB3,DB3,True,0.9999221563339233
339,DB2,P07,DB2_P07_T03_130_relabeled,L,primary,wf1_timeserieswise,5,DB2,DB2,True,0.9999338388442993
340,DB4,P25,DB4_P25_T03_relabeled,L,primary,wf1_timeserieswise,5,DB4,DB4,True,0.9998724460601807
357,DB2,P11,DB2_P11_T03_130_relabeled,L,primary,wf1_timeserieswise,5,DB2,DB2,True,0.9996447563171387
368,DB5,P21,DB5_P21_T13_r_comf_relabeled,L,primary,wf1_timeserieswise,5,DB5,DB5,True,1.0
371,DB4,P12,DB4_P12_T20_relabeled,R,primary,wf1_timeserieswise,5,DB4,DB4,True,0.9999995231628418
373,DB5,P21,DB5_P21_T04_l_comf_relabeled,L,primary,wf1_timeserieswise,5,DB5,DB5,True,1.0
375,DB5,P19,DB5_P19_T42_r_slow_relabeled,L,primary,wf1_timeserieswise,5,DB5,DB5,True,1.0
379,DB1,P45,DB1_P45_C1_T03_relabeled,L,primary,wf1_timeserieswise,5,DB1,DB1,True,0.9938368201255798
383,DB2,P11,DB2_P11_T04_250_relabeled,L,primary,wf1_timeserieswise,5,DB2,DB2,True,0.9997816681861877
385,DB4,P10,DB4_P10_T05_relabeled,R,primary,wf1_timeserieswise,5,DB4,DB4,True,0.9999966621398926
392,DB2,P07,DB2_P07_T04_130_relabeled,L,primary,wf1_timeserieswise,5,DB2,DB2,True,0.9999480247497559
395,DB4,P10,DB4_P10_T15_relabeled,R,primary,wf1_timeserieswise,5,DB4,DB4,True,0.9999943971633911
397,DB5,P12,DB5_P12_T10_l_comf_relabeled,L,primary,wf1_timeserieswise,5,DB5,DB5,True,1.0
398,DB5,P12,DB5_P12_T27_l_slow_relabeled,L,primary,wf1_timeserieswise,5,DB5,DB5,True,1.0
399,DB4,P02,DB4_P02_T12_relabeled,R,primary,wf1_timeserieswise,5,DB4,DB4,True,0.9999865293502808
401,DB4,P14,DB4_P14_T16_relabeled,L,primary,wf1_timeserieswise,5,DB4,DB4,True,0.9997286200523376
404,DB2,P07,DB2_P07_T06_-65_relabeled,L,primary,wf1_timeserieswise,5,DB2,DB2,True,0.9999618530273438
411,DB5,P19,DB5_P19_T36_r_slow_relabeled,L,primary,wf1_timeserieswise,5,DB5,DB5,True,1.0
413,DB5,P06,DB5_P06_T18_r_comf_relabeled,L,primary,wf1_timeserieswise,5,DB5,DB5,True,1.0
417,DB5,P21,DB5_P21_T32_r_slow_relabeled,L,primary,wf1_timeserieswise,5,DB5,DB5,True,1.0
418,DB5,P21,DB5_P21_T11_r_comf_relabeled,L,primary,wf1_timeserieswise,5,DB5,DB5,True,1.0
419,DB4,P12,DB4_P12_T10_relabeled,L,primary,wf1_timeserieswise,5,DB4,DB4,True,0.9999054670333862
432,DB4,P12,DB4_P12_T17_relabeled,R,primary,wf1_timeserieswise,5,DB4,DB4,True,0.9999992847442627
442,DB4,P25,DB4_P25_T06_relabeled,R,primary,wf1_timeserieswise,5,DB4,DB4,True,0.9999973773956299
448,DB5,P19,DB5_P19_T40_r_slow_relabeled,L,primary,wf1_timeserieswise,5,DB5,DB5,True,1.0
449,DB2,P11,DB2_P11_T03_65_relabeled,L,primary,wf1_timeserieswise,5,DB2,DB2,True,0.999407172203064
451,DB4,P43,DB4_P43_T14_relabeled,R,primary,wf1_timeserieswise,5,DB4,DB4,True,0.9999972581863403
455,DB4,P09,DB4_P09_T03_relabeled,R,primary,wf1_timeserieswise,5,DB4,DB4,True,0.9999964237213135
456,DB3,P15,DB3_P15_A_T05_relabeled,L,primary,wf1_timeserieswise,5,DB3,DB3,True,0.9994263648986816
460,DB4,P52,DB4_P52_T03_relabeled,R,primary,wf1_timeserieswise,5,DB4,DB4,True,0.9999982118606567
462,DB4,P43,DB4_P43_T21_relabeled,R,primary,wf1_timeserieswise,5,DB4,DB4,True,0.9999978542327881
466,DB4,P14,DB4_P14_T19_relabeled,R,primary,wf1_timeserieswise,5,DB4,DB4,True,0.9907799363136292
469,DB3,P07,DB3_P07_A_T04_relabeled,R,primary,wf1_timeserieswise,5,DB3,DB3,True,0.9998608827590942
479,DB4,P02,DB4_P02_T15_relabeled,R,primary,wf1_timeserieswise,5,DB4,DB4,True,0.9999963045120239
484,DB5,P06,DB5_P06_T10_l_comf_relabeled,L,primary,wf1_timeserieswise,5,DB5,DB5,True,1.0
489,DB3,P12,DB3_P12_A_T05,R,primary,wf1_timeserieswise,5,DB3,DB3,True,0.9999171495437622
499,DB4,P13,DB4_P13_T15_relabeled,L,primary,wf1_timeserieswise,5,DB4,DB4,True,0.9997369647026062
510,DB5,P06,DB5_P06_T23_r_comf_relabeled,L,primary,wf1_timeserieswise,5,DB5,DB5,True,1.0
512,DB4,P43,DB4_P43_T16_relabeled,R,primary,wf1_timeserieswise,5,DB4,DB4,True,0.9999983310699463
515,DB5,P21,DB5_P21_T12_r_comf_relabeled,L,primary,wf1_timeserieswise,5,DB5,DB5,True,1.0
520,DB3,P17,DB3_P17_A_T11,L,primary,wf1_timeserieswise,5,DB3,DB3,True,0.999910831451416
537,DB4,P14,DB4_P14_T06_relabeled,R,primary,wf1_timeserieswise,5,DB4,DB4,True,0.9999986886978149
538,DB5,P12,DB5_P12_T18_r_comf_relabeled,L,primary,wf1_timeserieswise,5,DB5,DB5,True,1.0
540,DB4,P09,DB4_P09_T06_relabeled,L,primary,wf1_timeserieswise,5,DB4,DB4,True,0.999908447265625
545,DB5,P21,DB5_P21_T33_r_slow_relabeled,L,primary,wf1_timeserieswise,5,DB5,DB5,True,1.0
550,DB5,P19,DB5_P19_T32_l_slow_relabeled,L,primary,wf1_timeserieswise,5,DB5,DB5,True,1.0
564,DB5,P21,DB5_P21_T08_l_comf_relabeled,L,primary,wf1_timeserieswise,5,DB5,DB5,True,1.0
565,DB4,P52,DB4_P52_T06_relabeled,R,primary,wf1_timeserieswise,5,DB4,DB4,True,0.9999977350234985
567,DB5,P06,DB5_P06_T19_r_comf_relabeled,L,primary,wf1_timeserieswise,5,DB5,DB5,True,1.0
568,DB5,P12,DB5_P12_T11_r_comf_relabeled,L,primary,wf1_timeserieswise,5,DB5,DB5,True,1.0
574,DB4,P43,DB4_P43_T20_relabeled,R,primary,wf1_timeserieswise,5,DB4,DB4,True,0.9999974966049194
575,DB2,P07,DB2_P07_T02_-65_relabeled,L,primary,wf1_timeserieswise,5,DB2,DB2,True,0.9999417066574097
576,DB3,P15,DB3_P15_A_T08_relabeled,R,primary,wf1_timeserieswise,5,DB3,DB3,True,0.999472439289093
591,DB4,P12,DB4_P12_T06_relabeled,R,primary,wf1_timeserieswise,5,DB4,DB4,True,0.9999990463256836
593,DB4,P10,DB4_P10_T13_relabeled,R,primary,wf1_timeserieswise,5,DB4,DB4,True,0.999997615814209
598,DB3,P12,DB3_P12_A_T03,R,primary,wf1_timeserieswise,5,DB3,DB3,True,0.9999270439147949
599,DB1,P18,DB1_P18_C2_T02_relabeled,L,primary,wf1_timeserieswise,5,DB1,DB1,True,0.9999853372573853
601,DB5,P12,DB5_P12_T28_l_slow_relabeled,L,primary,wf1_timeserieswise,5,DB5,DB5,True,1.0
606,DB2,P11,DB2_P11_T02_p_relabeled,L,primary,wf1_timeserieswise,5,DB2,DB2,True,0.9990941286087036
611,DB4,P13,DB4_P13_T20_relabeled,R,primary,wf1_timeserieswise,5,DB4,DB4,True,0.999996542930603
614,DB5,P12,DB5_P12_T37_r_slow_relabeled,L,primary,wf1_timeserieswise,5,DB5,DB5,True,1.0
621,DB4,P09,DB4_P09_T15_relabeled,R,primary,wf1_timeserieswise,5,DB4,DB4,True,0.9999954700469971
628,DB2,P11,DB2_P11_T02_250_relabeled,L,primary,wf1_timeserieswise,5,DB2,DB2,True,0.9995324611663818
629,DB4,P25,DB4_P25_T07_relabeled,L,primary,wf1_timeserieswise,5,DB4,DB4,True,0.9998888969421387
638,DB5,P06,DB5_P06_T04_l_comf_relabeled,L,primary,wf1_timeserieswise,5,DB5,DB5,True,1.0
642,DB5,P21,DB5_P21_T17_r_comf_relabeled,L,primary,wf1_timeserieswise,5,DB5,DB5,True,1.0
649,DB4,P10,DB4_P10_T20_relabeled,R,primary,wf1_timeserieswise,5,DB4,DB4,True,0.9999967813491821
665,DB2,P11,DB2_P11_T02_130_relabeled,L,primary,wf1_timeserieswise,5,DB2,DB2,True,0.9994669556617737
670,DB2,P11,DB2_P11_T05_-130_relabeled,L,primary,wf1_timeserieswise,5,DB2,DB2,True,0.9994029998779297
674,DB1,P18,DB1_P18_C2_T05_relabeled,L,primary,wf1_timeserieswise,5,DB1,DB1,True,0.999988317489624
676,DB3,P07,DB3_P07_A_T07_relabeled,L,primary,wf1_timeserieswise,5,DB3,DB3,True,0.9998606443405151
677,DB1,P48,DB1_P48_C2_T05_relabeled,L,primary,wf1_timeserieswise,5,DB1,DB1,True,0.9999845027923584
692,DB2,P11,DB2_P11_T05_p_relabeled,L,primary,wf1_timeserieswise,5,DB2,DB2,True,0.9988338351249695
695,DB4,P25,DB4_P25_T08_relabeled,L,primary,wf1_timeserieswise,5,DB4,DB4,True,0.9998021721839905
700,DB2,P07,DB2_P07_T03_p_relabeled,L,primary,wf1_timeserieswise,5,DB2,DB2,True,0.9998942613601685
701,DB4,P14,DB4_P14_T21_relabeled,L,primary,wf1_timeserieswise,5,DB4,DB4,True,0.9997871518135071
712,DB3,P17,DB3_P17_A_T03,R,primary,wf1_timeserieswise,5,DB3,DB3,True,0.9999196529388428
715,DB4,P13,DB4_P13_T13_relabeled,R,primary,wf1_timeserieswise,5,DB4,DB4,True,0.9999963045120239
716,DB4,P02,DB4_P02_T16_relabeled,R,primary,wf1_timeserieswise,5,DB4,DB4,True,0.9999959468841553
717,DB4,P10,DB4_P10_T16_relabeled,R,primary,wf1_timeserieswise,5,DB4,DB4,True,0.9999947547912598
727,DB4,P43,DB4_P43_T12_relabeled,R,primary,wf1_timeserieswise,5,DB4,DB4,True,0.999996542930603
731,DB5,P06,DB5_P06_T20_r_comf_relabeled,L,primary,wf1_timeserieswise,5,DB5,DB5,True,1.0
735,DB5,P12,DB5_P12_T35_r_slow_relabeled,L,primary,wf1_timeserieswise,5,DB5,DB5,True,1.0
738,DB4,P14,DB4_P14_T11_relabeled,R,primary,wf1_timeserieswise,5,DB4,DB4,True,0.9999978542327881
739,DB1,P45,DB1_P45_C1_T02_relabeled,L,primary,wf1_timeserieswise,5,DB1,DB1,True,0.9907113909721375
744,DB4,P43,DB4_P43_T05_relabeled,R,primary,wf1_timeserieswise,5,DB4,DB4,True,0.9999984502792358
745,DB4,P14,DB4_P14_T22_relabeled,R,primary,wf1_timeserieswise,5,DB4,DB4,True,0.9999967813491821
757,DB5,P12,DB5_P12_T08_l_comf_relabeled,L,primary,wf1_timeserieswise,5,DB5,DB5,True,1.0
758,DB4,P13,DB4_P13_T05_relabeled,R,primary,wf1_timeserieswise,5,DB4,DB4,True,0.9999954700469971
761,DB2,P11,DB2_P11_T01_65_relabeled,L,primary,wf1_timeserieswise,5,DB2,DB2,True,0.999708354473114
771,DB1,P48,DB1_P48_C3_T03_relabeled,L,primary,wf1_timeserieswise,5,DB1,DB1,True,0.9999825954437256
774,DB3,P12,DB3_P12_A_T09,R,primary,wf1_timeserieswise,5,DB3,DB3,True,0.9999315738677979
775,DB5,P06,DB5_P06_T40_r_slow_relabeled,R,primary,wf1_timeserieswise,5,DB5,DB5,True,0.9999996423721313
779,DB4,P13,DB4_P13_T16_relabeled,R,primary,wf1_timeserieswise,5,DB4,DB4,True,0.999993085861206
781,DB1,P21,DB1_P21_C2_T04_relabeled,L,primary,wf1_timeserieswise,5,DB1,DB1,True,0.9999148845672607
784,DB1,P48,DB1_P48_C3_T01_relabeled,L,primary,wf1_timeserieswise,5,DB1,DB1,True,0.9999605417251587
799,DB5,P19,DB5_P19_T03_l_comf_relabeled,L,primary,wf1_timeserieswise,5,DB5,DB5,True,1.0
807,DB1,P46,DB1_P46_C2_T01_relabeled,L,primary,wf1_timeserieswise,5,DB1,DB1,True,0.9999634027481079
812,DB5,P06,DB5_P06_T01_l_comf_relabeled,L,primary,wf1_timeserieswise,5,DB5,DB5,True,1.0
813,DB4,P14,DB4_P14_T07_relabeled,R,primary,wf1_timeserieswise,5,DB4,DB4,True,0.9999980926513672
815,DB4,P02,DB4_P02_T07_relabeled,R,primary,wf1_timeserieswise,5,DB4,DB4,True,0.9999909400939941
823,DB1,P41,DB1_P41_C2_T03_relabeled,R,primary,wf1_timeserieswise,5,DB1,DB1,True,0.9953822493553162
830,DB4,P09,DB4_P09_T10_relabeled,R,primary,wf1_timeserieswise,5,DB4,DB4,True,0.9999971389770508
833,DB5,P12,DB5_P12_T25_l_slow_relabeled,L,primary,wf1_timeserieswise,5,DB5,DB5,True,1.0
836,DB4,P13,DB4_P13_T03_relabeled,R,primary,wf1_timeserieswise,5,DB4,DB4,True,0.9999943971633911
839,DB3,P17,DB3_P17_A_T10,L,primary,wf1_timeserieswise,5,DB3,DB3,True,0.9999148845672607
844,DB5,P19,DB5_P19_T23_l_slow_relabeled,L,primary,wf1_timeserieswise,5,DB5,DB5,True,1.0
848,DB2,P11,DB2_P11_T03_250_relabeled,L,primary,wf1_timeserieswise,5,DB2,DB2,True,0.999854564666748
859,DB2,P11,DB2_P11_T02_65_relabeled,L,primary,wf1_timeserieswise,5,DB2,DB2,True,0.9943152070045471
862,DB5,P12,DB5_P12_T19_r_comf_relabeled,L,primary,wf1_timeserieswise,5,DB5,DB5,True,1.0
864,DB5,P19,DB5_P19_T28_l_slow_relabeled,L,primary,wf1_timeserieswise,5,DB5,DB5,True,1.0
871,DB5,P06,DB5_P06_T06_l_comf_relabeled,L,primary,wf1_timeserieswise,5,DB5,DB5,True,1.0
876,DB5,P19,DB5_P19_T37_r_slow_relabeled,L,primary,wf1_timeserieswise,5,DB5,DB5,True,1.0
879,DB3,P15,DB3_P15_A_T06_relabeled,L,primary,wf1_timeserieswise,5,DB3,DB3,True,0.99854576587677
880,DB5,P19,DB5_P19_T33_r_slow_relabeled,L,primary,wf1_timeserieswise,5,DB5,DB5,True,0.9999995231628418
881,DB5,P12,DB5_P12_T16_r_comf_relabeled,L,primary,wf1_timeserieswise,5,DB5,DB5,True,1.0
886,DB5,P19,DB5_P19_T30_l_slow_relabeled,L,primary,wf1_timeserieswise,5,DB5,DB5,True,1.0
889,DB4,P09,DB4_P09_T08_relabeled,R,primary,wf1_timeserieswise,5,DB4,DB4,True,0.9999940395355225
890,DB4,P13,DB4_P13_T14_relabeled,R,primary,wf1_timeserieswise,5,DB4,DB4,True,0.9999977350234985
891,DB5,P19,DB5_P19_T13_r_comf_relabeled,L,primary,wf1_timeserieswise,5,DB5,DB5,True,1.0
894,DB2,P11,DB2_P11_T02_-65_relabeled,L,primary,wf1_timeserieswise,5,DB2,DB2,True,0.9991084933280945
895,DB4,P43,DB4_P43_T08_relabeled,R,primary,wf1_timeserieswise,5,DB4,DB4,True,0.9999971389770508
905,DB3,P17,DB3_P17_A_T13,L,primary,wf1_timeserieswise,5,DB3,DB3,True,0.9999178647994995
910,DB5,P21,DB5_P21_T01_l_comf_relabeled,L,primary,wf1_timeserieswise,5,DB5,DB5,True,1.0
915,DB3,P07,DB3_P07_A_T06_relabeled,R,primary,wf1_timeserieswise,5,DB3,DB3,True,0.9998588562011719
916,DB2,P11,DB2_P11_T01_130_relabeled,L,primary,wf1_timeserieswise,5,DB2,DB2,True,0.9981966614723206
920,DB3,P15,DB3_P15_A_T04_relabeled,L,primary,wf1_timeserieswise,5,DB3,DB3,True,0.9983208775520325
924,DB2,P07,DB2_P07_T03_65_relabeled,L,primary,wf1_timeserieswise,5,DB2,DB2,True,0.9999200105667114
940,DB5,P21,DB5_P21_T14_r_comf_relabeled,L,primary,wf1_timeserieswise,5,DB5,DB5,True,1.0
957,DB3,P15,DB3_P15_A_T10_relabeled,R,primary,wf1_timeserieswise,5,DB3,DB3,True,0.9994124174118042
961,DB5,P12,DB5_P12_T34_r_slow_relabeled,L,primary,wf1_timeserieswise,5,DB5,DB5,True,1.0
962,DB5,P21,DB5_P21_T03_l_comf_relabeled,L,primary,wf1_timeserieswise,5,DB5,DB5,True,1.0
977,DB5,P12,DB5_P12_T26_l_slow_relabeled,L,primary,wf1_timeserieswise,5,DB5,DB5,True,1.0
978,DB1,P46,DB1_P46_C2_T03_relabeled,L,primary,wf1_timeserieswise,5,DB1,DB1,True,0.9999825954437256
984,DB5,P21,DB5_P21_T16_r_comf_relabeled,L,primary,wf1_timeserieswise,5,DB5,DB5,True,1.0
986,DB4,P25,DB4_P25_T10_relabeled,L,primary,wf1_timeserieswise,5,DB4,DB4,True,0.9999011754989624
990,DB5,P21,DB5_P21_T18_r_comf_relabeled,L,primary,wf1_timeserieswise,5,DB5,DB5,True,1.0
1005,DB4,P02,DB4_P02_T17_relabeled,R,primary,wf1_timeserieswise,5,DB4,DB4,True,0.9999938011169434
1028,DB4,P14,DB4_P14_T12_relabeled,R,primary,wf1_timeserieswise,5,DB4,DB4,True,0.9999984502792358
1029,DB2,P11,DB2_P11_T04_-130_relabeled,L,primary,wf1_timeserieswise,5,DB2,DB2,True,0.9989967942237854
1034,DB2,P07,DB2_P07_T02_p_relabeled,L,primary,wf1_timeserieswise,5,DB2,DB2,True,0.999847412109375
1038,DB4,P13,DB4_P13_T21_relabeled,R,primary,wf1_timeserieswise,5,DB4,DB4,True,0.9999961853027344
1042,DB2,P07,DB2_P07_T01_-130_relabeled,L,primary,wf1_timeserieswise,5,DB2,DB2,True,0.9997888207435608
1051,DB5,P12,DB5_P12_T32_r_slow_relabeled,L,primary,wf1_timeserieswise,5,DB5,DB5,True,1.0
1052,DB1,P20,DB1_P20_C3_T03_relabeled,L,primary,wf1_timeserieswise,5,DB1,DB1,True,0.9998923540115356
1066,DB3,P15,DB3_P15_A_T02_relabeled,L,primary,wf1_timeserieswise,5,DB3,DB3,True,0.9973178505897522
1069,DB5,P12,DB5_P12_T36_r_slow_relabeled,L,primary,wf1_timeserieswise,5,DB5,DB5,True,1.0
1073,DB4,P14,DB4_P14_T03_relabeled,R,primary,wf1_timeserieswise,5,DB4,DB4,True,0.9999973773956299
1074,DB1,P41,DB1_P41_C3_T02_relabeled,L,primary,wf1_timeserieswise,5,DB1,DB1,True,0.9996570348739624
1075,DB1,P18,DB1_P18_C2_T01_relabeled,L,primary,wf1_timeserieswise,5,DB1,DB1,True,0.9999815225601196
1076,DB5,P12,DB5_P12_T30_l_slow_relabeled,L,primary,wf1_timeserieswise,5,DB5,DB5,True,1.0
1081,DB2,P07,DB2_P07_T05_130_relabeled,L,primary,wf1_timeserieswise,5,DB2,DB2,True,0.9999116659164429
1085,DB5,P19,DB5_P19_T20_r_comf_relabeled,L,primary,wf1_timeserieswise,5,DB5,DB5,True,0.9999998807907104
1086,DB1,P21,DB1_P21_C3_T01_relabeled,L,primary,wf1_timeserieswise,5,DB1,DB1,True,0.999984622001648
1088,DB4,P10,DB4_P10_T09_relabeled,R,primary,wf1_timeserieswise,5,DB4,DB4,True,0.9999923706054688
1089,DB4,P52,DB4_P52_T13_relabeled,R,primary,wf1_timeserieswise,5,DB4,DB4,True,0.9999959468841553
1099,DB4,P12,DB4_P12_T03_relabeled,R,primary,wf1_timeserieswise,5,DB4,DB4,True,0.9999978542327881
1102,DB2,P07,DB2_P07_T01_p_relabeled,L,primary,wf1_timeserieswise,5,DB2,DB2,True,0.9997511506080627
1109,DB2,P07,DB2_P07_T05_65_relabeled,L,primary,wf1_timeserieswise,5,DB2,DB2,True,0.9999394416809082
1112,DB1,P21,DB1_P21_C2_T02_relabeled,L,primary,wf1_timeserieswise,5,DB1,DB1,True,0.9999861717224121
1119,DB5,P12,DB5_P12_T07_l_comf_relabeled,L,primary,wf1_timeserieswise,5,DB5,DB5,True,1.0
1124,DB1,P18,DB1_P18_C2_T03_relabeled,L,primary,wf1_timeserieswise,5,DB1,DB1,True,0.9999887943267822
1128,DB4,P43,DB4_P43_T11_relabeled,R,primary,wf1_timeserieswise,5,DB4,DB4,True,0.9999970197677612
1129,DB4,P12,DB4_P12_T16_relabeled,R,primary,wf1_timeserieswise,5,DB4,DB4,True,0.9999994039535522
1135,DB5,P19,DB5_P19_T22_r_comf_relabeled,L,primary,wf1_timeserieswise,5,DB5,DB5,True,1.0
1146,DB1,P46,DB1_P46_C2_T04_relabeled,L,primary,wf1_timeserieswise,5,DB1,DB1,True,0.9999686479568481
1149,DB5,P06,DB5_P06_T17_r_comf_relabeled,L,primary,wf1_timeserieswise,5,DB5,DB5,True,1.0
1164,DB4,P52,DB4_P52_T20_relabeled,R,primary,wf1_timeserieswise,5,DB4,DB4,True,0.9999971389770508
1167,DB4,P25,DB4_P25_T19_relabeled,R,primary,wf1_timeserieswise,5,DB4,DB4,True,0.9999932050704956
1169,DB4,P10,DB4_P10_T11_relabeled,R,primary,wf1_timeserieswise,5,DB4,DB4,True,0.9999947547912598
1172,DB4,P10,DB4_P10_T02_relabeled,R,primary,wf1_timeserieswise,5,DB4,DB4,True,0.999995231628418
1181,DB5,P12,DB5_P12_T15_r_comf_relabeled,L,primary,wf1_timeserieswise,5,DB5,DB5,True,0.9999998807907104
1184,DB4,P13,DB4_P13_T09_relabeled,R,primary,wf1_timeserieswise,5,DB4,DB4,True,0.9999961853027344
1185,DB4,P10,DB4_P10_T07_relabeled,R,primary,wf1_timeserieswise,5,DB4,DB4,True,0.9999943971633911
1188,DB5,P12,DB5_P12_T14_r_comf_relabeled,L,primary,wf1_timeserieswise,5,DB5,DB5,True,1.0
1190,DB5,P12,DB5_P12_T13_r_comf_relabeled,L,primary,wf1_timeserieswise,5,DB5,DB5,True,1.0
1193,DB5,P19,DB5_P19_T11_r_comf_relabeled,L,primary,wf1_timeserieswise,5,DB5,DB5,True,0.9999998807907104
1200,DB5,P12,DB5_P12_T22_l_slow_relabeled,L,primary,wf1_timeserieswise,5,DB5,DB5,True,0.9999998807907104
1202,DB1,P41,DB1_P41_C3_T03_relabeled,L,primary,wf1_timeserieswise,5,DB1,DB1,True,0.9998966455459595
1209,DB2,P11,DB2_P11_T08_p_relabeled,L,primary,wf1_timeserieswise,5,DB2,DB2,True,0.9990359544754028
1223,DB1,P20,DB1_P20_C2_T02_relabeled,L,primary,wf1_timeserieswise,5,DB1,DB1,True,0.9999517202377319
1233,DB2,P11,DB2_P11_T04_130_relabeled,L,primary,wf1_timeserieswise,5,DB2,DB2,True,0.9990531802177429
1234,DB4,P52,DB4_P52_T07_relabeled,R,primary,wf1_timeserieswise,5,DB4,DB4,True,0.9999977350234985
1239,DB4,P25,DB4_P25_T02_relabeled,R,primary,wf1_timeserieswise,5,DB4,DB4,True,0.9999948740005493
1242,DB4,P52,DB4_P52_T21_relabeled,R,primary,wf1_timeserieswise,5,DB4,DB4,True,0.9999983310699463
1245,DB4,P25,DB4_P25_T11_relabeled,L,primary,wf1_timeserieswise,5,DB4,DB4,True,0.9998557567596436
1251,DB2,P07,DB2_P07_T01_65_relabeled,L,primary,wf1_timeserieswise,5,DB2,DB2,True,0.9991042017936707
1252,DB4,P10,DB4_P10_T03_relabeled,R,primary,wf1_timeserieswise,5,DB4,DB4,True,0.9999969005584717
1263,DB5,P12,DB5_P12_T31_r_slow_relabeled,L,primary,wf1_timeserieswise,5,DB5,DB5,True,1.0
1264,DB3,P17,DB3_P17_A_T06,R,primary,wf1_timeserieswise,5,DB3,DB3,True,0.999931812286377
1268,DB4,P25,DB4_P25_T05_relabeled,L,primary,wf1_timeserieswise,5,DB4,DB4,True,0.9998949766159058
1269,DB4,P43,DB4_P43_T13_relabeled,R,primary,wf1_timeserieswise,5,DB4,DB4,True,0.9999978542327881
1276,DB4,P10,DB4_P10_T06_relabeled,R,primary,wf1_timeserieswise,5,DB4,DB4,True,0.999996542930603
1285,DB4,P43,DB4_P43_T07_relabeled,R,primary,wf1_timeserieswise,5,DB4,DB4,True,0.9999983310699463
1286,DB5,P19,DB5_P19_T31_l_slow_relabeled,L,primary,wf1_timeserieswise,5,DB5,DB5,True,1.0
1296,DB5,P12,DB5_P12_T05_l_comf_relabeled,L,primary,wf1_timeserieswise,5,DB5,DB5,True,1.0
1298,DB5,P21,DB5_P21_T19_r_comf_relabeled,L,primary,wf1_timeserieswise,5,DB5,DB5,True,1.0
1302,DB4,P10,DB4_P10_T10_relabeled,R,primary,wf1_timeserieswise,5,DB4,DB4,True,0.9999982118606567
1308,DB5,P21,DB5_P21_T20_r_comf_relabeled,L,primary,wf1_timeserieswise,5,DB5,DB5,True,1.0
1310,DB4,P09,DB4_P09_T16_relabeled,R,primary,wf1_timeserieswise,5,DB4,DB4,True,0.9999966621398926
1315,DB4,P02,DB4_P02_T10_relabeled,R,primary,wf1_timeserieswise,5,DB4,DB4,True,0.999991774559021
1324,DB5,P12,DB5_P12_T09_l_comf_relabeled,L,primary,wf1_timeserieswise,5,DB5,DB5,True,1.0
1334,DB4,P52,DB4_P52_T11_relabeled,R,primary,wf1_timeserieswise,5,DB4,DB4,True,0.9999959468841553
1335,DB5,P19,DB5_P19_T41_r_slow_relabeled,L,primary,wf1_timeserieswise,5,DB5,DB5,True,1.0
1345,DB2,P11,DB2_P11_T03_p_relabeled,L,primary,wf1_timeserieswise,5,DB2,DB2,True,0.9992139339447021
1347,DB4,P43,DB4_P43_T04_relabeled,R,primary,wf1_timeserieswise,5,DB4,DB4,True,0.9999988079071045
1348,DB3,P12,DB3_P12_A_T07,R,primary,wf1_timeserieswise,5,DB3,DB3,True,0.9999251365661621
1349,DB5,P06,DB5_P06_T15_r_comf_relabeled,L,primary,wf1_timeserieswise,5,DB5,DB5,True,1.0
1351,DB4,P12,DB4_P12_T13_relabeled,R,primary,wf1_timeserieswise,5,DB4,DB4,True,0.999998927116394
1353,DB4,P12,DB4_P12_T02_relabeled,R,primary,wf1_timeserieswise,5,DB4,DB4,True,0.9999985694885254
1364,DB2,P11,DB2_P11_T04_65_relabeled,L,primary,wf1_timeserieswise,5,DB2,DB2,True,0.9993239641189575
1366,DB3,P07,DB3_P07_A_T12_relabeled,R,primary,wf1_timeserieswise,5,DB3,DB3,True,0.9998267292976379
1373,DB1,P21,DB1_P21_C2_T01_relabeled,L,primary,wf1_timeserieswise,5,DB1,DB1,True,0.99998939037323
1380,DB5,P21,DB5_P21_T07_l_comf_relabeled,L,primary,wf1_timeserieswise,5,DB5,DB5,True,1.0
1382,DB1,P48,DB1_P48_C2_T03_relabeled,L,primary,wf1_timeserieswise,5,DB1,DB1,True,0.999976396560669
1386,DB4,P13,DB4_P13_T17_relabeled,R,primary,wf1_timeserieswise,5,DB4,DB4,True,0.9999972581863403
1391,DB5,P19,DB5_P19_T26_l_slow_relabeled,L,primary,wf1_timeserieswise,5,DB5,DB5,True,1.0
1397,DB4,P14,DB4_P14_T09_relabeled,R,primary,wf1_timeserieswise,5,DB4,DB4,True,0.9999958276748657
1401,DB5,P21,DB5_P21_T02_l_comf_relabeled,L,primary,wf1_timeserieswise,5,DB5,DB5,True,1.0
1403,DB4,P13,DB4_P13_T18_relabeled,R,primary,wf1_timeserieswise,5,DB4,DB4,True,0.999995231628418
1405,DB4,P10,DB4_P10_T12_relabeled,R,primary,wf1_timeserieswise,5,DB4,DB4,True,0.999997615814209
1421,DB5,P19,DB5_P19_T04_l_comf_relabeled,L,primary,wf1_timeserieswise,5,DB5,DB5,True,1.0
1424,DB4,P12,DB4_P12_T19_relabeled,R,primary,wf1_timeserieswise,5,DB4,DB4,True,0.9999988079071045
1429,DB5,P19,DB5_P19_T19_r_comf_relabeled,L,primary,wf1_timeserieswise,5,DB5,DB5,True,1.0
1437,DB5,P21,DB5_P21_T05_l_comf_relabeled,L,primary,wf1_timeserieswise,5,DB5,DB5,True,0.9999998807907104
1440,DB5,P21,DB5_P21_T41_r_slow_relabeled,L,primary,wf1_timeserieswise,5,DB5,DB5,True,1.0
1445,DB3,P17,DB3_P17_A_T14,L,primary,wf1_timeserieswise,5,DB3,DB3,True,0.999904990196228
1448,DB4,P09,DB4_P09_T13_relabeled,R,primary,wf1_timeserieswise,5,DB4,DB4,True,0.9999884366989136
1453,DB3,P07,DB3_P07_A_T09_relabeled,L,primary,wf1_timeserieswise,5,DB3,DB3,True,0.9998651742935181
1458,DB2,P11,DB2_P11_T01_-65_relabeled,L,primary,wf1_timeserieswise,5,DB2,DB2,True,0.9991242289543152
1464,DB5,P21,DB5_P21_T10_l_comf_relabeled,L,primary,wf1_timeserieswise,5,DB5,DB5,True,1.0
1471,DB2,P07,DB2_P07_T04_250_relabeled,L,primary,wf1_timeserieswise,5,DB2,DB2,True,0.999993085861206
1474,DB4,P13,DB4_P13_T11_relabeled,R,primary,wf1_timeserieswise,5,DB4,DB4,True,0.9999938011169434
1475,DB5,P19,DB5_P19_T39_r_slow_relabeled,L,primary,wf1_timeserieswise,5,DB5,DB5,True,1.0
1477,DB1,P48,DB1_P48_C2_T04_relabeled,L,primary,wf1_timeserieswise,5,DB1,DB1,True,0.9999936819076538
1478,DB4,P25,DB4_P25_T23_relabeled,L,primary,wf1_timeserieswise,5,DB4,DB4,True,0.9998589754104614
1484,DB3,P17,DB3_P17_A_T08,L,primary,wf1_timeserieswise,5,DB3,DB3,True,0.999923586845398
1488,DB5,P06,DB5_P06_T13_l_comf_relabeled,L,primary,wf1_timeserieswise,5,DB5,DB5,True,1.0
1504,DB5,P19,DB5_P19_T05_l_comf_relabeled,L,primary,wf1_timeserieswise,5,DB5,DB5,True,1.0
1507,DB3,P12,DB3_P12_A_T10,L,primary,wf1_timeserieswise,5,DB3,DB3,True,0.9999589920043945
1511,DB1,P48,DB1_P48_C3_T02_relabeled,L,primary,wf1_timeserieswise,5,DB1,DB1,True,0.999984860420227
1513,DB4,P52,DB4_P52_T19_relabeled,R,primary,wf1_timeserieswise,5,DB4,DB4,True,0.9999988079071045
1517,DB3,P15,DB3_P15_A_T03_relabeled,L,primary,wf1_timeserieswise,5,DB3,DB3,True,0.9989614486694336
1523,DB4,P25,DB4_P25_T21_relabeled,L,primary,wf1_timeserieswise,5,DB4,DB4,True,0.9996883869171143
1526,DB4,P14,DB4_P14_T04_relabeled,R,primary,wf1_timeserieswise,5,DB4,DB4,True,0.9882431626319885
1537,DB4,P43,DB4_P43_T10_relabeled,R,primary,wf1_timeserieswise,5,DB4,DB4,True,0.9999983310699463
1539,DB3,P07,DB3_P07_A_T08_relabeled,R,primary,wf1_timeserieswise,5,DB3,DB3,True,0.9998637437820435
1545,DB5,P19,DB5_P19_T08_l_comf_relabeled,L,primary,wf1_timeserieswise,5,DB5,DB5,True,1.0
1553,DB4,P14,DB4_P14_T08_relabeled,R,primary,wf1_timeserieswise,5,DB4,DB4,True,0.9999972581863403
1555,DB4,P25,DB4_P25_T16_relabeled,R,primary,wf1_timeserieswise,5,DB4,DB4,True,0.9999967813491821
1556,DB4,P52,DB4_P52_T05_relabeled,R,primary,wf1_timeserieswise,5,DB4,DB4,True,0.9999961853027344
1561,DB1,P48,DB1_P48_C1_T03_relabeled,L,primary,wf1_timeserieswise,5,DB1,DB1,True,0.9999936819076538
1569,DB5,P12,DB5_P12_T06_l_comf_relabeled,L,primary,wf1_timeserieswise,5,DB5,DB5,True,1.0
1570,DB5,P12,DB5_P12_T04_l_comf_relabeled,L,primary,wf1_timeserieswise,5,DB5,DB5,True,1.0
1575,DB1,P48,DB1_P48_C1_T02_relabeled,L,primary,wf1_timeserieswise,5,DB1,DB1,True,0.9999933242797852
1584,DB5,P21,DB5_P21_T09_l_comf_relabeled,L,primary,wf1_timeserieswise,5,DB5,DB5,True,1.0
1590,DB5,P19,DB5_P19_T29_l_slow_relabeled,L,primary,wf1_timeserieswise,5,DB5,DB5,True,1.0
1593,DB4,P02,DB4_P02_T19_relabeled,R,primary,wf1_timeserieswise,5,DB4,DB4,True,0.9999864101409912
1594,DB2,P11,DB2_P11_T05_65_relabeled,L,primary,wf1_timeserieswise,5,DB2,DB2,True,0.9995993971824646
1600,DB3,P07,DB3_P07_A_T11_relabeled,L,primary,wf1_timeserieswise,5,DB3,DB3,True,0.9998941421508789
1604,DB3,P15,DB3_P15_A_T07_relabeled,R,primary,wf1_timeserieswise,5,DB3,DB3,True,0.9996956586837769
1607,DB5,P21,DB5_P21_T34_r_slow_relabeled,L,primary,wf1_timeserieswise,5,DB5,DB5,True,1.0
1609,DB1,P46,DB1_P46_C3_T02_relabeled,L,primary,wf1_timeserieswise,5,DB1,DB1,True,0.9999563694000244
1610,DB5,P19,DB5_P19_T01_l_comf_relabeled,L,primary,wf1_timeserieswise,5,DB5,DB5,True,1.0
1613,DB4,P25,DB4_P25_T13_relabeled,R,primary,wf1_timeserieswise,5,DB4,DB4,True,0.9999958276748657
1617,DB3,P07,DB3_P07_A_T02_relabeled,R,primary,wf1_timeserieswise,5,DB3,DB3,True,0.9998369216918945
1618,DB5,P06,DB5_P06_T16_r_comf_relabeled,L,primary,wf1_timeserieswise,5,DB5,DB5,True,1.0
1623,DB1,P46,DB1_P46_C2_T02_relabeled,L,primary,wf1_timeserieswise,5,DB1,DB1,True,0.9999803304672241
1636,DB5,P12,DB5_P12_T24_l_slow_relabeled,L,primary,wf1_timeserieswise,5,DB5,DB5,True,1.0
1638,DB2,P07,DB2_P07_T04_p_relabeled,L,primary,wf1_timeserieswise,5,DB2,DB2,True,0.9998100399971008
1654,DB4,P25,DB4_P25_T09_relabeled,R,primary,wf1_timeserieswise,5,DB4,DB4,True,0.9999980926513672
1655,DB5,P19,DB5_P19_T27_l_slow_relabeled,L,primary,wf1_timeserieswise,5,DB5,DB5,True,1.0
1656,DB5,P19,DB5_P19_T12_r_comf_relabeled,L,primary,wf1_timeserieswise,5,DB5,DB5,True,0.9999995231628418
1662,DB5,P21,DB5_P21_T21_l_slow_relabeled,L,primary,wf1_timeserieswise,5,DB5,DB5,True,1.0
1668,DB5,P19,DB5_P19_T07_l_comf_relabeled,L,primary,wf1_timeserieswise,5,DB5,DB5,True,1.0
1694,DB5,P06,DB5_P06_T21_r_comf_relabeled,L,primary,wf1_timeserieswise,5,DB5,DB5,True,1.0
1697,DB5,P19,DB5_P19_T21_r_comf_relabeled,L,primary,wf1_timeserieswise,5,DB5,DB5,True,1.0
1699,DB4,P14,DB4_P14_T02_relabeled,R,primary,wf1_timeserieswise,5,DB4,DB4,True,0.989234447479248
1712,DB4,P52,DB4_P52_T15_relabeled,R,primary,wf1_timeserieswise,5,DB4,DB4,True,0.9999970197677612
1718,DB1,P21,DB1_P21_C2_T03_relabeled,L,primary,wf1_timeserieswise,5,DB1,DB1,True,0.999972939491272
1722,DB4,P10,DB4_P10_T14_relabeled,R,primary,wf1_timeserieswise,5,DB4,DB4,True,0.9999920129776001
1725,DB5,P21,DB5_P21_T15_r_comf_relabeled,L,primary,wf1_timeserieswise,5,DB5,DB5,True,1.0
1729,DB4,P43,DB4_P43_T03_relabeled,R,primary,wf1_timeserieswise,5,DB4,DB4,True,0.9999988079071045
1732,DB4,P13,DB4_P13_T23_relabeled,R,primary,wf1_timeserieswise,5,DB4,DB4,True,0.999997615814209
1735,DB4,P12,DB4_P12_T08_relabeled,L,primary,wf1_timeserieswise,5,DB4,DB4,True,0.9998736381530762
1742,DB4,P25,DB4_P25_T22_relabeled,R,primary,wf1_timeserieswise,5,DB4,DB4,True,0.9999978542327881
1744,DB4,P09,DB4_P09_T12_relabeled,R,primary,wf1_timeserieswise,5,DB4,DB4,True,0.9999942779541016
1746,DB1,P21,DB1_P21_C3_T02_relabeled,R,primary,wf1_timeserieswise,5,DB1,DB1,True,0.9389138221740723
1747,DB4,P14,DB4_P14_T13_relabeled,R,primary,wf1_timeserieswise,5,DB4,DB4,True,0.9999979734420776
1754,DB4,P13,DB4_P13_T04_relabeled,R,primary,wf1_timeserieswise,5,DB4,DB4,True,0.9999958276748657
1756,DB1,P41,DB1_P41_C3_T04_relabeled,L,primary,wf1_timeserieswise,5,DB1,DB1,True,0.9998168349266052
1757,DB4,P43,DB4_P43_T17_relabeled,R,primary,wf1_timeserieswise,5,DB4,DB4,True,0.9999986886978149
1775,DB3,P12,DB3_P12_A_T13,R,primary,wf1_timeserieswise,5,DB3,DB3,True,0.9999322891235352
1783,DB4,P12,DB4_P12_T05_relabeled,R,primary,wf1_timeserieswise,5,DB4,DB4,True,0.9999984502792358
1785,DB4,P13,DB4_P13_T19_relabeled,L,primary,wf1_timeserieswise,5,DB4,DB4,True,0.9995399713516235
1788,DB2,P11,DB2_P11_T04_-65_relabeled,L,primary,wf1_timeserieswise,5,DB2,DB2,True,0.9991551637649536
1790,DB4,P09,DB4_P09_T017_relabeled,R,primary,wf1_timeserieswise,5,DB4,DB4,True,0.9999948740005493
1793,DB5,P21,DB5_P21_T39_r_slow_relabeled,L,primary,wf1_timeserieswise,5,DB5,DB5,True,1.0
1806,DB4,P09,DB4_P09_T18_relabeled,R,primary,wf1_timeserieswise,5,DB4,DB4,True,0.9999948740005493
1812,DB3,P17,DB3_P17_A_T02,R,primary,wf1_timeserieswise,5,DB3,DB3,True,0.9999358654022217
1821,DB4,P12,DB4_P12_T21_relabeled,R,primary,wf1_timeserieswise,5,DB4,DB4,True,0.9999994039535522
1823,DB5,P12,DB5_P12_T12_r_comf_relabeled,L,primary,wf1_timeserieswise,5,DB5,DB5,True,1.0
1824,DB5,P12,DB5_P12_T40_r_slow_relabeled,L,primary,wf1_timeserieswise,5,DB5,DB5,True,1.0
1827,DB1,P20,DB1_P20_C2_T03_relabeled,L,primary,wf1_timeserieswise,5,DB1,DB1,True,0.9998797178268433
1832,DB4,P12,DB4_P12_T23_relabeled,R,primary,wf1_timeserieswise,5,DB4,DB4,True,0.9999990463256836
1833,DB2,P07,DB2_P07_T03_250_relabeled,L,primary,wf1_timeserieswise,5,DB2,DB2,True,0.9999871253967285
1853,DB4,P25,DB4_P25_T18_relabeled,R,primary,wf1_timeserieswise,5,DB4,DB4,True,0.999992847442627
1859,DB5,P21,DB5_P21_T06_l_comf_relabeled,L,primary,wf1_timeserieswise,5,DB5,DB5,True,1.0
1865,DB4,P10,DB4_P10_T22_relabeled,R,primary,wf1_timeserieswise,5,DB4,DB4,True,0.9999974966049194
1868,DB5,P06,DB5_P06_T03_l_comf_relabeled,L,primary,wf1_timeserieswise,5,DB5,DB5,True,1.0
1870,DB4,P52,DB4_P52_T02_relabeled,R,primary,wf1_timeserieswise,5,DB4,DB4,True,0.9999980926513672
1872,DB4,P25,DB4_P25_T14_relabeled,R,primary,wf1_timeserieswise,5,DB4,DB4,True,0.9999973773956299
1875,DB4,P14,DB4_P14_T15_relabeled,R,primary,wf1_timeserieswise,5,DB4,DB4,True,0.9999979734420776
1878,DB2,P11,DB2_P11_T05_130_relabeled,L,primary,wf1_timeserieswise,5,DB2,DB2,True,0.9995735287666321
1879,DB4,P12,DB4_P12_T14_relabeled,R,primary,wf1_timeserieswise,5,DB4,DB4,True,0.9999990463256836
1889,DB2,P11,DB2_P11_T03_-130_relabeled,L,primary,wf1_timeserieswise,5,DB2,DB2,True,0.998815655708313
1891,DB3,P07,DB3_P07_A_T05_relabeled,L,primary,wf1_timeserieswise,5,DB3,DB3,True,0.9998714923858643
1893,DB5,P19,DB5_P19_T15_r_comf_relabeled,L,primary,wf1_timeserieswise,5,DB5,DB5,True,1.0
1894,DB4,P43,DB4_P43_T09_relabeled,R,primary,wf1_timeserieswise,5,DB4,DB4,True,0.9999971389770508
1895,DB5,P21,DB5_P21_T36_r_slow_relabeled,L,primary,wf1_timeserieswise,5,DB5,DB5,True,1.0
1900,DB5,P12,DB5_P12_T20_r_comf_relabeled,L,primary,wf1_timeserieswise,5,DB5,DB5,True,1.0
