Coordinates
version=1
nRows=323
nColumns=38
inDegrees=no

Units are S.I. units (second, meters, Newtons, ...)
If the header above contains a line with 'inDegrees', this indicates whether rotational values are in degrees (yes) or radians (no).

endheader
time	pelvis_tilt_moment	pelvis_list_moment	pelvis_rotation_moment	pelvis_tx_force	pelvis_ty_force	pelvis_tz_force	hip_flexion_r_moment	hip_adduction_r_moment	hip_rotation_r_moment	knee_angle_r_moment	ankle_angle_r_moment	subtalar_angle_r_moment	mtp_angle_r_moment	hip_flexion_l_moment	hip_adduction_l_moment	hip_rotation_l_moment	knee_angle_l_moment	ankle_angle_l_moment	subtalar_angle_l_moment	mtp_angle_l_moment	lumbar_extension_moment	lumbar_bending_moment	lumbar_rotation_moment	arm_flex_r_moment	arm_add_r_moment	arm_rot_r_moment	elbow_flex_r_moment	pro_sup_r_moment	wrist_flex_r_moment	wrist_dev_r_moment	arm_flex_l_moment	arm_add_l_moment	arm_rot_l_moment	elbow_flex_l_moment	pro_sup_l_moment	wrist_flex_l_moment	wrist_dev_l_moment
0	0	0	0	0	0	0	0	0	0	0	0	0	0	0	0	0	0	0	0	0	0	0	0	0	0	0	0	0	0	0	0	0	0	0	0	0	0
0.00398762	-13.5336	25.8782	0.441224	-5.04093	756.973	-18.5046	14.7412	9.00243	-3.33355	9.46694	-23.6126	5.53452	-0.0354211	-3.45727	9.1891	-1.68003	8.51086	0.861677	-0.0247245	-0.0557378	20.2462	-7.19683	0.785342	-1.96499	-3.74464	-0.243293	-0.679299	-0.0143595	-0.12318	0.0372227	1.44479	-3.83514	-1.22509	2.21976	-0.0747821	-0.05935	-0.240767
0.00797523	-10.5277	24.5602	0.713974	-2.79013	737.808	-17.6718	15.1808	9.69481	-3.29214	4.75614	-15.0388	2.91884	-0.0341708	-3.5964	9.13785	-1.66599	8.59623	0.850885	-0.0220948	-0.0553543	20.4528	-7.13233	1.05901	-1.86589	-3.53131	-0.206154	-0.635688	-0.0138737	-0.115155	0.0329862	1.26846	-3.76554	-1.19337	2.16623	-0.0732553	-0.0569802	-0.232123
0.0119628	-7.53554	24.5192	0.974375	-0.397344	719.178	-17.273	14.2399	10.4304	-3.21947	1.10694	-7.26178	0.652351	-0.032435	-3.63722	9.09413	-1.65119	8.67415	0.837164	-0.0186273	-0.0547564	20.7542	-7.05599	1.45942	-1.7202	-3.26079	-0.162074	-0.568727	-0.0135562	-0.105417	0.0267857	1.02453	-3.67595	-1.14949	2.09102	-0.0710586	-0.0536794	-0.220075
0.0159505	-4.55593	25.544	1.27643	2.11689	701.142	-16.9061	12.1381	11.2158	-3.11132	-1.55641	-0.291763	-1.26278	-0.0303679	-3.57135	9.04913	-1.63586	8.73997	0.82116	-0.0146465	-0.0539719	21.113	-6.97786	1.96906	-1.52847	-2.95481	-0.114546	-0.482545	-0.0135896	-0.0951442	0.0187828	0.72899	-3.57408	-1.09673	1.99906	-0.0683335	-0.0496908	-0.205394
0.0199381	-1.58356	27.4449	1.66673	4.7166	683.689	-16.2184	9.06866	12.052	-2.96487	-3.30231	5.86408	-2.82593	-0.0281036	-3.39077	8.99303	-1.61959	8.78917	0.803547	-0.0105211	-0.0530315	21.4943	-6.9034	2.57349	-1.29277	-2.63048	-0.0662801	-0.380888	-0.0141028	-0.0852293	0.00911166	0.396063	-3.46506	-1.03774	1.8946	-0.0652085	-0.0452204	-0.188742
0.0239257	1.38132	30.0356	2.17768	7.3438	666.788	-14.9156	5.20298	12.9325	-2.77995	-4.19773	11.2065	-4.04111	-0.0257679	-3.08257	8.91885	-1.6028	8.81751	0.785068	-0.0065916	-0.0519705	21.8744	-6.83777	3.25608	-1.01515	-2.30526	-0.0197035	-0.267393	-0.0152119	-0.0765175	-0.00215683	0.0387593	-3.35117	-0.974356	1.7814	-0.0618068	-0.0404272	-0.170687
0.0279133	4.32414	33.1317	2.82233	9.96281	650.428	-12.7954	0.705054	13.847	-2.5596	-4.32174	15.7549	-4.92043	-0.0234758	-2.63852	8.82397	-1.58584	8.82274	0.76639	-0.00308882	-0.0508265	22.2432	-6.79424	3.9945	-0.69875	-1.99671	0.0230261	-0.145801	-0.0170205	-0.0698057	-0.0149933	-0.330912	-3.23321	-0.90865	1.66327	-0.0582981	-0.0355341	-0.151822
0.0319009	7.2256	36.5696	3.61076	12.5611	634.602	-9.68657	-4.27032	14.7816	-2.30771	-3.7596	19.5396	-5.47987	-0.0213379	-2.05083	8.70488	-1.56843	8.80236	0.748187	-0.000257164	-0.0496374	22.5851	-6.79122	4.77231	-0.34653	-1.722	0.0602996	-0.0204001	-0.0195614	-0.0658295	-0.0292692	-0.703408	-3.11404	-0.84258	1.5433	-0.0548004	-0.0307141	-0.132646
0.0358885	10.0702	40.2107	4.53912	15.0924	619.28	-5.43485	-9.58674	15.715	-2.02847	-2.59067	22.5892	-5.73483	-0.0194615	-1.31151	8.56015	-1.55078	8.75343	0.731095	0.00169439	-0.0484393	22.8794	-6.83213	5.56814	0.0385765	-1.49341	0.0908936	0.105452	-0.0228591	-0.0650725	-0.0449323	-1.07092	-2.99667	-0.776976	1.42393	-0.0513369	-0.0259579	-0.113521
0.0398762	12.8396	43.9204	5.58838	17.493	604.414	0.0636251	-15.118	16.6153	-1.72799	-0.898364	24.9395	-5.70509	-0.0179387	-0.413977	8.39032	-1.53339	8.67396	0.71569	0.0026147	-0.0472675	23.1123	-6.9129	6.35939	0.453826	-1.31999	0.113789	0.229314	-0.0269422	-0.0678238	-0.0620458	-1.42691	-2.88398	-0.711833	1.30754	-0.0478728	-0.0211109	-0.094774
0.0438638	15.5069	47.5661	6.73278	19.6849	589.972	6.87397	-20.7448	17.4438	-1.4137	1.22608	26.6368	-5.41543	-0.0168566	0.650813	8.20069	-1.51753	8.56269	0.702443	0.00245943	-0.0461543	23.2752	-7.02793	7.12755	0.897505	-1.20806	0.128049	0.349619	-0.0318529	-0.0742055	-0.0807681	-1.76512	-2.77702	-0.647513	1.19608	-0.0444279	-0.0161473	-0.0766741
0.0478514	18.0239	51.0199	7.94286	21.6009	575.943	15.0248	-26.3555	18.1539	-1.09304	3.68618	27.7342	-4.89389	-0.0163037	1.8946	7.9985	-1.50429	8.41962	0.691664	0.00123865	-0.0451252	23.3612	-7.18013	7.86034	1.36816	-1.16143	0.13286	0.465459	-0.0376264	-0.0841582	-0.101322	-2.08091	-2.67641	-0.585001	1.09055	-0.0410654	-0.0111912	-0.0593968
0.051839	20.3298	54.1644	9.18444	23.2091	562.391	24.4669	-31.8416	18.6943	-0.773221	6.37909	28.2904	-4.17096	-0.0163719	3.32425	7.78623	-1.49298	8.24388	0.683677	-0.00113364	-0.0442056	23.3707	-7.37977	8.55191	1.86224	-1.18036	0.127813	0.576043	-0.0442225	-0.0973498	-0.123865	-2.37152	-2.58384	-0.525844	0.991975	-0.0378775	-0.00643178	-0.043144
0.0558266	22.3743	56.8976	10.4212	24.4698	549.391	35.1395	-37.0971	19.0091	-0.460768	9.19744	28.3684	-3.27897	-0.0171436	4.94596	7.56452	-1.48288	8.03308	0.678916	-0.00477774	-0.0434241	23.2986	-7.62643	9.20066	2.37431	-1.26129	0.112853	0.680699	-0.0515152	-0.113135	-0.148429	-2.63453	-2.50195	-0.471082	0.901745	-0.0349088	-0.00193166	-0.028142
0.0598142	24.1268	59.1525	11.6153	25.2802	536.94	47.0144	-42.0387	19.0405	-0.160956	12.0368	28.039	-2.25163	-0.0187005	6.77138	7.33394	-1.47398	7.78218	0.677907	-0.0098303	-0.0428087	23.1226	-7.90413	9.80138	2.89876	-1.3985	0.0879837	0.779199	-0.0593267	-0.130623	-0.174977	-2.86331	-2.42882	-0.421143	0.821755	-0.0322449	0.0022425	-0.0146457
0.0638019	25.562	60.8881	12.72	25.6326	524.947	59.9502	-46.6174	18.7452	0.121476	14.804	27.3777	-1.1223	-0.0211111	8.80074	7.09245	-1.46529	7.49012	0.681034	-0.0163882	-0.0423886	22.834	-8.20667	10.3463	3.42298	-1.58012	0.0535496	0.871232	-0.0673892	-0.148488	-0.203241	-3.05481	-2.36353	-0.376336	0.75265	-0.0299297	0.00603519	-0.00276144
0.0677895	26.6585	62.0859	13.6826	25.598	513.324	73.7052	-50.8131	18.0949	0.382819	17.419	26.4595	0.0781512	-0.0244206	11.0261	6.83575	-1.45486	7.15928	0.688548	-0.0245208	-0.0421922	22.4392	-8.53562	10.8259	3.92678	-1.7897	0.0102217	0.956125	-0.0752832	-0.165026	-0.232642	-3.21022	-2.30725	-0.336983	0.694105	-0.0279607	0.00941783	0.00752266
0.0717771	27.4016	62.7651	14.4487	25.2669	502.027	88.004	-54.6289	17.0774	0.620997	19.8144	25.3551	1.32274	-0.0286637	13.437	6.55897	-1.44065	6.79198	0.700663	-0.0342973	-0.0422448	21.9436	-8.89394	11.224	4.38624	-2.00964	-0.0414979	1.0332	-0.0825169	-0.178347	-0.262357	-3.33181	-2.26234	-0.303347	0.645584	-0.0263118	0.0123955	0.0162602
0.0757647	27.7841	62.9842	14.97	24.6591	490.976	102.65	-58.0888	15.6829	0.836577	21.936	24.1289	2.58876	-0.0338553	16.0323	6.26093	-1.422	6.38718	0.717653	-0.0457587	-0.042568	21.3273	-9.2732	11.5169	4.77611	-2.22209	-0.101463	1.10203	-0.0885565	-0.186462	-0.291325	-3.41876	-2.22917	-0.275066	0.607399	-0.0249575	0.0150568	0.0234168
0.0797523	27.8067	62.8287	15.214	23.7888	480.064	117.429	-61.2413	13.9165	1.032	23.747	22.8384	3.8583	-0.0399789	18.8078	5.94486	-1.39946	5.94413	0.739739	-0.0588325	-0.0431829	20.5715	-9.66653	11.6866	5.06795	-2.4104	-0.16985	1.1618	-0.0928171	-0.187381	-0.318173	-3.46965	-2.20693	-0.251685	0.580379	-0.0238978	0.0174923	0.0288855
0.0837399	27.4801	62.3862	15.1611	22.7407	469.216	132.006	-64.1414	11.8117	1.20976	25.2255	21.5318	5.11848	-0.0469183	21.7344	5.61363	-1.37305	5.46675	0.766478	-0.0732498	-0.0440823	19.6879	-10.0792	11.7178	5.22921	-2.56098	-0.247032	1.21036	-0.0947384	-0.179356	-0.341165	-3.48382	-2.1969	-0.233912	0.565537	-0.0231791	0.0196509	0.0324998
0.0877276	26.9613	61.8699	14.8039	21.7769	457.866	145.889	-66.8697	9.4019	1.3657	26.3568	20.247	6.36035	-0.0543317	24.6781	5.21073	-1.33673	4.95696	0.790645	-0.0879802	-0.0448234	18.7111	-10.4407	11.6495	5.27336	-2.58342	-0.302982	1.2389	-0.0934535	-0.163619	-0.354363	-3.46283	-2.20415	-0.223407	0.561059	-0.0227285	0.0212965	0.034535
0.0917152	26.302	61.2652	14.1817	20.9296	446.037	159.089	-69.4117	6.76067	1.50923	27.1137	19.0163	7.57949	-0.0620899	27.6377	4.74697	-1.29157	4.42085	0.813986	-0.103078	-0.04554	17.652	-10.7688	11.4804	5.22476	-2.51152	-0.342054	1.2507	-0.0898311	-0.142725	-0.359284	-3.41206	-2.22867	-0.219668	0.565389	-0.0224903	0.0224761	0.0352051
0.0957028	25.5305	60.506	13.3498	20.2504	433.741	171.602	-71.7263	3.95023	1.6498	27.4743	17.8633	8.77401	-0.0699762	30.5956	4.23399	-1.2393	3.86836	0.837924	-0.118449	-0.0463559	16.5457	-11.0954	11.2223	5.10709	-2.37324	-0.367755	1.24907	-0.0846482	-0.118922	-0.357505	-3.33912	-2.26876	-0.221298	0.577117	-0.0223871	0.0233623	0.034694
0.0996904	24.668	59.533	12.3703	19.7242	420.984	183.458	-73.7738	1.01136	1.79785	27.4255	16.8046	9.94316	-0.0777631	33.5316	3.68247	-1.18217	3.30855	0.863668	-0.133944	-0.0473787	15.4241	-11.4422	10.8969	4.94303	-2.19313	-0.382722	1.23662	-0.0785308	-0.0941396	-0.350534	-3.24874	-2.32215	-0.227152	0.596048	-0.0223827	0.0241068	0.0330162
0.103678	23.727	58.2943	11.3073	19.3342	407.806	194.73	-75.509	-2.02132	1.96351	26.9564	15.8522	11.0865	-0.0852652	36.4278	3.10482	-1.12258	2.74916	0.892245	-0.149354	-0.0487014	14.3066	-11.8267	10.5304	4.75257	-1.98806	-0.388736	1.21626	-0.0719174	-0.0697872	-0.339781	-3.14401	-2.38922	-0.237348	0.62189	-0.0224758	0.0246982	0.0301713
0.107666	22.7205	56.7614	10.1981	19.0337	394.3	205.446	-76.9004	-5.12004	2.15555	26.0625	15.0142	12.2032	-0.0923521	39.2663	2.51277	-1.06192	2.19663	0.924574	-0.164473	-0.0504064	13.2139	-12.2513	10.1347	4.55379	-1.77259	-0.387291	1.19049	-0.0651983	-0.047001	-0.326594	-3.02579	-2.46998	-0.251928	0.654027	-0.0226618	0.0250984	0.0262626
0.111653	21.6455	54.9405	9.05828	18.7272	380.604	215.511	-77.9447	-8.26528	2.38134	24.7521	14.2953	13.2916	-0.0989299	42.0159	1.92857	-1.00363	1.65974	0.961292	-0.178823	-0.052568	12.1797	-12.7053	9.70969	4.35909	-1.56035	-0.379723	1.16038	-0.058721	-0.0266701	-0.312073	-2.89422	-2.56151	-0.270079	0.692044	-0.0229357	0.0253433	0.0214298
0.115641	20.4924	52.8533	7.90875	18.4096	366.787	224.806	-78.653	-11.4293	2.64686	23.0451	13.6969	14.3498	-0.104912	44.6457	1.36909	-0.949806	1.14761	1.00288	-0.192007	-0.0552481	11.2275	-13.1956	9.26126	4.17668	-1.36084	-0.367106	1.12642	-0.0527521	-0.00937074	-0.297063	-2.7551	-2.66238	-0.290564	0.734981	-0.0232336	0.0255911	0.0158026
0.119628	19.289	50.5455	6.75861	18.0146	352.907	233.139	-79.0583	-14.5726	2.95707	20.9736	13.2177	15.3754	-0.110225	47.119	0.851854	-0.903306	0.667227	1.04968	-0.203631	-0.0584926	10.3905	-13.6996	8.78297	4.01091	-1.18048	-0.350418	1.08919	-0.047488	0.00464528	-0.28225	-2.60854	-2.7681	-0.312766	0.781784	-0.0235724	0.0257814	0.00958689
0.123616	18.0625	48.0662	5.62655	17.4861	339.014	240.314	-79.2019	-17.6431	3.3155	18.5764	12.854	16.366	-0.114811	49.407	0.399618	-0.868774	0.222528	1.10186	-0.213257	-0.0623269	9.69851	-14.1984	8.26955	3.86359	-1.02336	-0.330482	1.04911	-0.0430387	0.0153385	-0.26813	-2.45519	-2.87465	-0.335952	0.831396	-0.0239532	0.025891	0.00297843
0.127604	16.8238	45.4533	4.53207	16.8137	325.127	246.134	-79.1285	-20.5895	3.72377	15.8951	12.6001	17.3182	-0.118623	51.4932	0.0360964	-0.851341	-0.184473	1.15941	-0.220469	-0.0667576	9.17452	-14.6865	7.71876	3.73212	-0.891908	-0.307958	1.00586	-0.0394115	0.0228311	-0.254932	-2.30123	-2.97881	-0.358792	0.882079	-0.0243162	0.0260237	-0.00378945
0.131591	15.5915	42.7476	3.50765	15.9958	311.173	250.484	-78.8787	-23.3715	4.18187	12.9708	12.4486	18.2286	-0.121629	53.3755	-0.224717	-0.855107	-0.557039	1.22242	-0.225103	-0.0717749	8.81142	-15.1601	7.14408	3.61342	-0.787253	-0.283281	0.958894	-0.0365322	0.0273562	-0.242686	-2.15473	-3.07732	-0.379736	0.931952	-0.0245826	0.0263325	-0.0105207
0.135579	14.3677	39.9801	2.57059	14.9861	297.032	253.261	-78.489	-25.9725	4.68856	9.84183	12.3907	19.0928	-0.12382	55.0553	-0.369704	-0.884653	-0.902381	1.29088	-0.227068	-0.0773514	8.59908	-15.608	6.55212	3.50382	-0.709506	-0.256833	0.907903	-0.0342999	0.0292189	-0.231361	-2.01915	-3.16629	-0.397406	0.979756	-0.0246989	0.0269335	-0.0170763
0.139567	13.1249	37.1512	1.72997	13.7086	282.603	254.318	-77.9891	-28.3977	5.24108	6.54289	12.4164	19.9066	-0.125212	56.5356	-0.379404	-0.947406	-1.22945	1.3646	-0.22615	-0.0834402	8.546	-16.0198	5.95047	3.39857	-0.657845	-0.229005	0.852717	-0.0326094	0.0287651	-0.220875	-1.89743	-3.24302	-0.411506	1.02419	-0.0246632	0.0277758	-0.0233299
0.143554	11.8506	34.2491	0.980414	12.1292	267.802	253.48	-77.407	-30.6552	5.83387	3.10711	12.5147	20.6661	-0.125844	57.8237	-0.248935	-1.04821	-1.54768	1.44318	-0.222394	-0.089969	8.66918	-16.3834	5.34771	3.29271	-0.629763	-0.20016	0.793664	-0.0313426	0.0263984	-0.211134	-1.79362	-3.30587	-0.422079	1.06382	-0.024479	0.0287717	-0.0291441
0.147542	10.5529	31.2719	0.314321	10.2336	252.516	250.578	-76.771	-32.7505	6.45939	-0.43222	12.6732	21.3685	-0.12576	58.9294	0.0144768	-1.19026	-1.86858	1.52614	-0.216063	-0.096848	8.97499	-16.6867	4.75303	3.18109	-0.622571	-0.170656	0.731003	-0.0303764	0.0225256	-0.201981	-1.71323	-3.35195	-0.428375	1.09667	-0.0241106	0.0299272	-0.0342934
0.151529	9.24686	28.2354	-0.272129	8.02669	236.611	245.389	-76.1178	-34.6904	7.10927	-4.03716	12.8776	22.0119	-0.124996	59.8502	0.391532	-1.37414	-2.20132	1.61277	-0.207587	-0.103968	9.47464	-16.9239	4.18221	3.05842	-0.632923	-0.140823	0.665071	-0.0295771	0.0175599	-0.193221	-1.66338	-3.3785	-0.429313	1.12097	-0.0235021	0.0313245	-0.0385911
0.155517	7.97228	25.1903	-0.788697	5.53028	219.93	237.563	-75.4855	-36.4936	7.77512	-7.66556	13.1132	22.5956	-0.123596	60.5433	0.834424	-1.59587	-2.54995	1.70107	-0.197497	-0.111135	10.1928	-17.0836	3.6545	2.91911	-0.657133	-0.11098	0.596339	-0.0288291	0.011915	-0.184648	-1.65079	-3.38298	-0.424148	1.13478	-0.0226094	0.0329816	-0.0418229
0.159505	6.75643	22.1899	-1.25029	2.71228	202.232	226.72	-74.9375	-38.1753	8.44966	-11.2693	13.3638	23.1197	-0.121581	60.9743	1.31329	-1.85082	-2.91728	1.7899	-0.186343	-0.11822	11.1585	-17.1526	3.18073	2.75595	-0.693532	-0.0815072	0.524549	-0.0280077	0.00592002	-0.175997	-1.68302	-3.36175	-0.411723	1.1359	-0.0213693	0.0349576	-0.0437453
0.163492	5.61915	19.2838	-1.67076	-0.491806	183.278	212.466	-74.5373	-39.7483	9.12632	-14.8008	13.6129	23.5856	-0.118978	61.1116	1.80673	-2.1353	-3.30785	1.87814	-0.17459	-0.125092	12.4019	-17.1149	2.76705	2.5606	-0.741425	-0.0526777	0.449046	-0.026981	-0.000142272	-0.166962	-1.76629	-3.31071	-0.390985	1.12261	-0.0197393	0.0372984	-0.0441762
0.16748	4.57314	16.5322	-2.06586	-4.15	162.83	194.39	-74.3471	-41.2198	9.79851	-18.2139	13.844	23.9957	-0.11582	60.9144	2.29853	-2.44505	-3.72355	1.96449	-0.162607	-0.131617	13.9523	-16.9569	2.41257	2.3242	-0.801497	-0.0247034	0.36868	-0.0256193	-0.00608063	-0.157214	-1.90615	-3.22555	-0.360828	1.09306	-0.0176773	0.0400467	-0.0428959
0.171467	3.6425	13.9863	-2.44601	-8.31174	140.618	172.069	-74.4251	-42.5825	10.4583	-21.4642	14.0401	24.3536	-0.112148	60.3399	2.77458	-2.77423	-4.16464	2.04758	-0.150784	-0.137661	15.8425	-16.667	2.11821	2.03822	-0.873492	0.00225613	0.282712	-0.0238059	-0.0116942	-0.146465	-2.10978	-3.10181	-0.319748	1.0456	-0.0151178	0.0433325	-0.0397329
0.175455	2.84546	11.7007	-2.81852	-13.0921	116.383	145.097	-74.8273	-43.8486	11.1019	-24.5094	14.185	24.663	-0.107986	59.3416	3.21494	-3.11306	-4.62925	2.12608	-0.139784	-0.143092	18.1057	-16.2283	1.88909	1.69504	-0.958955	0.0280935	0.190073	-0.0214447	-0.0168655	-0.134437	-2.38262	-2.93726	-0.267472	0.979074	-0.0120427	0.0471328	-0.0346066
0.179443	2.18275	9.71376	-3.17915	-18.654	89.8782	113.107	-75.6066	-45.0249	11.7254	-27.3092	14.2623	24.9283	-0.103364	57.8831	3.61793	-3.45684	-5.11688	2.19872	-0.129918	-0.14779	20.7754	-15.6257	1.7267	1.2867	-1.06029	0.0527381	0.0894344	-0.0184503	-0.021521	-0.12084	-2.72772	-2.73032	-0.20411	0.893154	-0.00845782	0.0514004	-0.027556
0.18343	1.63054	8.06869	-3.52417	-25.1493	60.8545	75.7248	-76.8181	-46.1203	12.3256	-29.8242	14.2567	25.1544	-0.0983105	55.9282	3.98775	-3.80054	-5.62581	2.26431	-0.121448	-0.151648	23.8802	-14.8573	1.62949	0.804027	-1.17823	0.0761714	-0.0202571	-0.0147121	-0.0255366	-0.105351	-3.15083	-2.47499	-0.127194	0.786993	-0.00426974	0.0564359	-0.0184798
0.187418	1.16604	6.80801	-3.84907	-32.6635	29.0575	32.5196	-78.5213	-47.1358	12.8985	-32.0161	14.1535	25.3461	-0.0928594	53.4392	4.3226	-4.13399	-6.1532	2.32166	-0.114872	-0.154566	27.4535	-13.9338	1.60356	0.235787	-1.30995	0.0984911	-0.139276	-0.0100478	-0.028641	-0.0876009	-3.66662	-2.16473	-0.0329529	0.656818	0.000727976	0.062674	-0.00687587
0.191406	0.786933	5.95854	-4.14637	-41.368	-5.76448	-16.8402	-80.7686	-48.0773	13.4422	-33.8517	13.9392	25.5085	-0.0870486	50.3977	4.62252	-4.44647	-6.69954	2.36991	-0.110774	-0.156461	31.5181	-12.8453	1.65551	-0.425552	-1.45491	0.119709	-0.267687	-0.00432284	-0.0306582	-0.0673434	-4.28938	-1.79372	0.0821265	0.497823	0.0067666	0.0704776	0.00793806
0.195393	0.484182	5.52626	-4.41615	-51.4738	-43.845	-72.5558	-83.6029	-48.9564	13.9569	-35.3041	13.6015	25.6462	-0.0809155	46.8007	4.89063	-4.72795	-7.26648	2.40837	-0.109687	-0.157271	36.0927	-11.5817	1.77754	-1.18411	-1.6189	0.139387	-0.406932	0.00239161	-0.0317416	-0.0444039	-5.01711	-1.35982	0.21815	0.310249	0.0138497	0.0798519	0.0259113
0.199381	0.222821	5.49958	-4.67512	-63.1696	-85.3916	-134.808	-87.0598	-49.7853	14.4433	-36.3518	13.1293	25.7632	-0.074503	42.6518	5.13533	-4.96825	-7.85465	2.43631	-0.112056	-0.156945	41.1954	-10.1469	1.94216	-2.04316	-1.81101	0.156657	-0.559209	0.00980696	-0.0322616	-0.0186891	-5.85212	-0.860717	0.376094	0.0929923	0.0220526	0.0909204	0.0471766
0.203368	-0.0362458	5.87099	-4.95221	-76.6556	-130.552	-203.756	-91.1718	-50.579	14.9025	-36.9782	12.5129	25.8633	-0.0678603	37.9581	5.37517	-5.15856	-8.46052	2.45275	-0.118081	-0.155438	46.8356	-8.53138	2.11523	-3.00989	-2.0353	0.171257	-0.725362	0.0177925	-0.0323101	0.00992528	-6.80512	-0.295506	0.558121	-0.158511	0.0316057	0.103932	0.0723885
0.207356	-0.333244	6.65478	-5.24719	-92.1806	-179.401	-279.399	-95.9604	-51.3571	15.337	-37.172	11.7442	25.9496	-0.0610364	32.7325	5.64087	-5.29467	-9.07798	2.45662	-0.127602	-0.152723	52.996	-6.71677	2.2838	-4.08768	-2.29211	0.183597	-0.904662	0.0263911	-0.0318081	0.0414927	-7.8797	0.337698	0.76546	-0.445944	0.0426136	0.119045	0.101819
0.211344	-0.738199	7.89606	-5.53541	-109.991	-231.935	-361.677	-101.442	-52.1392	15.7494	-36.9256	10.8159	26.0244	-0.05408	26.9732	5.98306	-5.38183	-9.69434	2.44631	-0.139678	-0.148774	59.6486	-4.69165	2.44648	-5.27929	-2.57875	0.194361	-1.09553	0.0357541	-0.0305473	0.0760958	-9.07305	1.03991	0.998086	-0.768638	0.0550679	0.1363	0.135419
0.215331	-1.31906	9.67803	-5.78776	-130.306	-288.099	-450.557	-107.628	-52.9425	16.1416	-36.2344	9.72209	26.0897	-0.0470404	20.6442	6.44933	-5.42589	-10.2866	2.41946	-0.153124	-0.143541	66.7662	-2.44565	2.60238	-6.5865	-2.8939	0.204009	-1.29664	0.0459706	-0.0283945	0.113808	-10.3818	1.81144	1.2557	-1.12539	0.0689421	0.155724	0.173068
0.219319	-2.14168	12.0887	-5.97392	-153.3	-347.794	-545.919	-114.518	-53.7818	16.5152	-35.0995	8.45798	26.1469	-0.0399689	13.7063	7.08361	-5.43531	-10.8301	2.37372	-0.166563	-0.136986	74.3146	0.0263728	2.74679	-8.00772	-3.23831	0.212857	-1.50681	0.0570668	-0.0253529	0.154605	-11.7989	2.65108	1.53731	-1.51417	0.0841768	0.177284	0.214545
0.223307	1.38368	-4.62374	-5.93099	0.489732	-1.39083	-0.695492	-63.7956	-46.3837	14.8989	-47.5336	7.70486	26.1676	-0.0553984	48.1366	1.00897	-3.85637	-12.2231	2.98148	-0.376457	-0.17375	30.6286	-15.6901	1.65721	-0.15306	-0.223752	0.183542	-0.0640132	0.00344817	-0.00691203	-0.0594139	-3.39752	-2.65555	-0.30713	0.83758	-0.0148548	0.0292712	-0.060799
0.227294	1.51379	-5.74158	-6.08052	-0.228398	-1.84907	-0.962101	-62.0689	-45.9896	14.8682	-47.9914	6.30401	26.2044	-0.0520985	47.4498	0.912967	-3.61489	-12.8618	3.00476	-0.416426	-0.172132	30.8809	-15.2762	1.64336	-0.155523	-0.0933673	0.182818	-0.0317583	0.00436709	-0.00159829	-0.0585789	-3.35156	-2.66118	-0.324222	0.867499	-0.0164868	0.0269898	-0.0675401
0.231282	1.60274	-6.63994	-6.22134	0.652594	-1.51417	0.463014	-60.192	-45.3636	14.7693	-48.2991	4.8409	26.2343	-0.0490734	46.6979	0.807562	-3.32618	-13.422	3.01205	-0.455404	-0.169708	30.8957	-15.0456	1.59938	-0.133054	0.0807056	0.180851	0.015722	0.00518417	0.00497798	-0.0588187	-3.28021	-2.69938	-0.350663	0.898954	-0.0184485	0.0237185	-0.0747016
0.235269	1.6672	-6.91583	-6.37158	3.20878	0.268742	-0.458508	-58.4655	-44.4552	14.6007	-48.3736	3.3237	26.2592	-0.0463763	45.5397	0.652634	-2.97986	-13.8146	2.99723	-0.49148	-0.166273	31.0167	-15.0276	1.53396	-0.150367	0.289159	0.178083	0.0694468	0.00640874	0.0130544	-0.0582944	-3.24091	-2.76392	-0.381553	0.921053	-0.0203854	0.0198385	-0.0810821
0.239257	1.28483	-6.65226	-6.28417	1.35635	-0.328193	-3.6927	-57.0472	-43.7993	14.4381	-48.2261	1.76035	26.2747	-0.0437625	43.9543	0.886984	-2.71385	-14.0891	2.95935	-0.518222	-0.161792	31.1734	-14.625	1.47515	-0.182993	0.432422	0.173497	0.106889	0.00749041	0.0196995	-0.0568186	-3.22294	-2.75048	-0.389949	0.937477	-0.0215936	0.0182573	-0.0862856
0.243245	0.865377	-6.30218	-6.09442	0.358819	0.311728	-1.75144	-55.1999	-43.0369	14.2211	-48.0607	0.167399	26.2852	-0.0414667	42.523	1.17778	-2.44676	-14.2956	2.90899	-0.541085	-0.156866	30.7553	-14.2991	1.41381	-0.125426	0.599841	0.166984	0.15873	0.00784305	0.0263312	-0.0577419	-3.11727	-2.76896	-0.410671	0.971654	-0.023531	0.015644	-0.0934849
0.247232	0.407517	-5.45658	-5.85071	-0.294783	0.0650638	-1.37478	-53.5116	-42.145	13.9575	-47.7312	-1.45218	26.2932	-0.0393666	40.7593	1.50905	-2.17458	-14.3698	2.83904	-0.557984	-0.151138	30.3182	-14.0111	1.34421	-0.0866703	0.771339	0.159095	0.21033	0.00826474	0.0332535	-0.0580878	-3.02522	-2.78651	-0.429731	0.997042	-0.0252635	0.0130033	-0.0997028
0.25122	-0.0347853	-4.24916	-5.56911	-0.352088	-0.479802	-1.29473	-51.8545	-41.122	13.6457	-47.2873	-3.08849	26.3005	-0.0374978	38.7772	1.85776	-1.8989	-14.3248	2.75277	-0.569223	-0.144813	29.7817	-13.7725	1.25549	-0.0516465	0.948312	0.149729	0.263118	0.00859322	0.0403318	-0.0582499	-2.92819	-2.81186	-0.450554	1.01853	-0.0269913	0.0100317	-0.105468
0.255207	-0.411846	-2.73282	-5.25444	-0.0258286	-1.38752	-1.6757	-50.2337	-39.9884	13.2896	-46.7441	-4.73375	26.3088	-0.0358562	36.5927	2.21525	-1.62259	-14.1692	2.65227	-0.574913	-0.138007	29.1772	-13.5462	1.15117	-0.0243486	1.12412	0.138979	0.31509	0.00882661	0.0474056	-0.0580731	-2.83006	-2.83773	-0.470952	1.0362	-0.0286506	0.00698808	-0.110722
0.259195	-0.717919	-0.998809	-4.90133	0.045522	-1.04024	-2.04285	-48.5575	-38.8033	12.8967	-46.135	-6.37872	26.3193	-0.034538	34.2759	2.61934	-1.36505	-13.8938	2.54043	-0.5745	-0.130941	28.5406	-13.2556	1.03781	0.00353718	1.2836	0.126858	0.362698	0.00885002	0.0539894	-0.0577047	-2.72237	-2.86174	-0.490701	1.05778	-0.0303583	0.00411905	-0.116196
0.263183	-0.878468	0.756804	-4.52527	-0.346161	0.984857	-1.80141	-46.7413	-37.5902	12.4703	-45.4999	-8.01615	26.3342	-0.0335647	31.9328	3.06983	-1.1347	-13.5194	2.42113	-0.568435	-0.123823	27.8872	-12.847	0.922267	0.0429647	1.42053	0.113387	0.405162	0.00853871	0.0597992	-0.057493	-2.59682	-2.88561	-0.510739	1.08736	-0.0321776	0.00141218	-0.122323
0.26717	-0.895393	2.43393	-4.12519	-2.78086	1.94055	-3.66406	-45.0418	-36.4712	12.035	-44.8043	-9.64422	26.3552	-0.0327686	29.4385	3.62662	-0.949189	-13.0788	2.2948	-0.55639	-0.116585	27.4748	-12.1335	0.815828	0.055093	1.50557	0.0987546	0.433122	0.0080958	0.0643757	-0.0563692	-2.49429	-2.86873	-0.519178	1.11336	-0.0335043	-9.81883e-05	-0.127688
0.271158	-0.329794	3.63527	-3.92097	-1.46962	-0.596773	-6.93682	-43.3688	-35.0414	11.5355	-44.106	-11.2611	26.39	-0.0320078	26.9849	3.87051	-0.683393	-12.6772	2.16864	-0.545882	-0.109373	27.223	-11.6284	0.710636	0.0440663	1.63745	0.0837346	0.473889	0.00771002	0.0701028	-0.0555672	-2.41468	-2.88815	-0.535226	1.12018	-0.0346228	-0.00305666	-0.131394
0.275146	0.348606	3.89711	-3.77427	-0.0246109	-1.58564	-6.1402	-41.1709	-33.6946	11.0245	-43.5506	-12.8535	26.435	-0.0315445	25.009	4.12282	-0.460155	-12.316	2.05042	-0.533158	-0.102792	26.875	-11.086	0.596479	0.0962123	1.75238	0.0670177	0.513063	0.0063935	0.0743489	-0.0566576	-2.26977	-2.92538	-0.559489	1.14644	-0.0362996	-0.00661422	-0.137223
0.279133	0.689551	3.2451	-3.65378	1.45702	-1.43611	-0.285655	-38.4438	-32.5684	10.5316	-43.1528	-14.4177	26.4906	-0.0313012	23.5763	4.47446	-0.323778	-12.0156	1.94206	-0.516709	-0.0969408	26.2756	-10.6552	0.443637	0.226769	1.84657	0.048398	0.547062	0.0039689	0.0764861	-0.0597451	-2.04556	-2.97655	-0.590346	1.19302	-0.0385164	-0.0104612	-0.145179
0.283121	0.360745	3.33271	-3.5456	2.48231	-2.53145	-3.45189	-36.5726	-31.613	10.0827	-42.5152	-15.9638	26.5614	-0.0311172	21.5072	4.90222	-0.228724	-11.5597	1.82376	-0.493208	-0.0908628	26.3632	-10.4575	0.247306	0.204893	1.89208	0.0298754	0.555024	0.00241733	0.0778544	-0.05806	-1.95928	-2.98899	-0.599466	1.20216	-0.0392807	-0.0122521	-0.14867
0.287108	-0.842063	3.35834	-3.26223	0.393957	-0.420994	1.49069	-34.2233	-31.1992	9.7132	-42.0064	-17.4756	26.6424	-0.0311554	19.9922	5.69883	-0.319014	-11.0997	1.71455	-0.461395	-0.0856437	25.6476	-10.1833	0.000212704	0.319847	1.85954	0.00874109	0.540862	-0.000743213	0.0749905	-0.0583742	-1.74295	-2.97984	-0.607934	1.2493	-0.0407158	-0.0128918	-0.15543
0.291096	-2.06296	4.37267	-3.041	0.943615	0.115869	0.226827	-32.6242	-30.6261	9.34198	-41.2969	-18.9667	26.7462	-0.0312035	18.0236	6.26621	-0.357466	-10.5303	1.60122	-0.428521	-0.0803759	25.171	-10.2619	-0.261247	0.333712	1.83249	-0.0119699	0.519365	-0.00318641	0.0726067	-0.055488	-1.62535	-2.98363	-0.610084	1.26077	-0.0412081	-0.0133481	-0.158196
0.295084	-3.31484	5.58507	-2.77324	1.13365	-1.44106	0.000113985	-31.1641	-30.1903	9.00334	-40.5918	-20.4311	26.8696	-0.0312064	16.1898	6.81167	-0.433171	-9.98892	1.4945	-0.394171	-0.0755378	24.3789	-10.3109	-0.519079	0.375569	1.7739	-0.0336468	0.487437	-0.00613265	0.0686155	-0.052601	-1.49269	-2.97201	-0.607533	1.2702	-0.0414301	-0.0132194	-0.160401
0.299071	-4.56953	7.00186	-2.46481	0.179971	-0.98194	-0.451866	-29.8175	-29.9048	8.69902	-39.8728	-21.8648	27.0125	-0.0314229	14.4577	7.3504	-0.542708	-9.39994	1.39438	-0.358361	-0.0712525	23.577	-10.2733	-0.759996	0.423005	1.66691	-0.0560341	0.439242	-0.00940256	0.062921	-0.0490505	-1.36854	-2.94884	-0.600472	1.28425	-0.0415051	-0.0122538	-0.162813
0.303059	-5.67521	8.39575	-2.21962	0.0321675	-0.577661	-0.420736	-28.5521	-29.6438	8.4081	-39.1722	-23.27	27.1769	-0.0317149	12.9046	7.76144	-0.639754	-8.82271	1.30306	-0.324202	-0.0674932	22.7055	-10.2955	-0.992976	0.483333	1.54903	-0.0790266	0.385851	-0.0130106	0.0563712	-0.0455527	-1.24356	-2.93705	-0.595606	1.29768	-0.0415908	-0.011504	-0.165166
0.307046	-6.67925	9.68932	-2.03714	0.00674643	-0.659479	-0.180766	-27.3923	-29.4698	8.14103	-38.4932	-24.6475	27.3622	-0.0320464	11.5168	8.09885	-0.735259	-8.26371	1.22041	-0.291487	-0.0642282	21.8311	-10.3037	-1.21319	0.548542	1.41217	-0.102189	0.325273	-0.0167882	0.048917	-0.0418584	-1.11572	-2.92367	-0.591547	1.3125	-0.0417544	-0.0108676	-0.16768
0.311034	-7.57847	10.8361	-1.91865	0.0584362	-0.815383	0.416371	-26.3068	-29.3869	7.90048	-37.8474	-25.9976	27.5677	-0.0324347	10.3165	8.36742	-0.830323	-7.72708	1.14711	-0.260508	-0.0614785	20.9729	-10.2889	-1.41935	0.618864	1.25994	-0.12507	0.2589	-0.020589	0.0407646	-0.0380372	-0.978911	-2.9093	-0.589619	1.3314	-0.0421331	-0.0104986	-0.170669
0.315022	-8.35939	11.8794	-1.86241	0.126626	-0.937425	0.712902	-25.3398	-29.3894	7.68925	-37.226	-27.3213	27.7931	-0.0328817	9.26066	8.56581	-0.922127	-7.20661	1.08266	-0.231388	-0.0592065	20.1926	-10.2363	-1.61146	0.684927	1.09364	-0.147391	0.187428	-0.0242608	0.0321233	-0.0339399	-0.849238	-2.89151	-0.58775	1.34961	-0.0425559	-0.0102309	-0.173478
0.319009	-9.06759	12.8277	-1.8583	-0.528904	-1.10758	0.58601	-24.5001	-29.5288	7.51698	-36.6319	-28.6198	28.037	-0.0333748	8.33571	8.74642	-1.0252	-6.70132	1.0266	-0.20355	-0.0573859	19.498	-10.07	-1.80471	0.747152	0.90012	-0.169225	0.1075	-0.0278313	0.0226488	-0.0295236	-0.729273	-2.859	-0.582831	1.36672	-0.0428854	-0.00967548	-0.175878
0.322997	-9.6958	13.6899	-1.9353	-1.93578	-1.34568	-0.401408	-23.8138	-29.7912	7.38235	-36.0599	-29.8944	28.2987	-0.0339079	7.51042	8.91017	-1.13454	-6.20529	0.978295	-0.177186	-0.0559758	18.9365	-9.78351	-2.02964	0.794716	0.674504	-0.190325	0.0176784	-0.0312197	0.0122847	-0.0245318	-0.62307	-2.8113	-0.574481	1.38155	-0.0430722	-0.00880662	-0.177735
0.326985	-10.0296	14.6394	-2.16813	-1.55103	-0.225066	-4.13058	-23.3889	-29.9212	7.24771	-35.4621	-31.1473	28.58	-0.0345797	6.65815	8.86138	-1.17668	-5.67109	0.936453	-0.155085	-0.0549215	18.7089	-9.62953	-2.29612	0.789185	0.455222	-0.20973	-0.0716477	-0.0339764	0.00245363	-0.0183951	-0.566268	-2.78937	-0.56912	1.38307	-0.0431274	-0.00861355	-0.178202
0.330972	-10.0774	15.1511	-2.5301	0.630627	-0.171623	-4.62	-22.7881	-29.9847	7.11611	-34.9851	-32.3787	28.879	-0.0352019	6.16711	8.64373	-1.1835	-5.23197	0.906693	-0.137965	-0.0543439	18.2574	-9.5708	-2.60299	0.824868	0.259537	-0.228116	-0.154343	-0.0368626	-0.00732668	-0.0137376	-0.466693	-2.79562	-0.573928	1.38906	-0.0436707	-0.0097671	-0.179245
0.33496	-10.1248	15.3921	-2.87489	0.813844	-0.603331	-3.59771	-22.1634	-30.2517	7.03224	-34.5772	-33.5893	29.1915	-0.0358143	5.85543	8.50775	-1.22036	-4.82453	0.884441	-0.121897	-0.054122	17.7928	-9.28945	-2.91924	0.87734	0.0299394	-0.245735	-0.245866	-0.0397998	-0.0180801	-0.00926727	-0.352914	-2.76928	-0.574249	1.40229	-0.0442793	-0.0103018	-0.180721
0.338947	-10.064	15.6461	-3.21777	0.459704	-0.412362	-4.04949	-21.7194	-30.5614	6.97469	-34.1669	-34.7811	29.5181	-0.0365029	5.50443	8.32812	-1.2331	-4.38444	0.866749	-0.108344	-0.0541472	17.5836	-8.95125	-3.23051	0.899009	-0.210186	-0.262074	-0.339529	-0.0423203	-0.028638	-0.00400985	-0.274116	-2.73056	-0.570809	1.40996	-0.0447253	-0.0105089	-0.181437
0.342935	-9.87682	15.8217	-3.59475	0.307532	-0.444871	-4.22486	-21.3189	-30.8898	6.93547	-33.8074	-35.9547	29.8575	-0.0371911	5.23392	8.08459	-1.2172	-3.95779	0.855358	-0.0981111	-0.0544407	17.3998	-8.60499	-3.54534	0.924792	-0.44403	-0.277506	-0.430664	-0.044695	-0.0389925	0.000902291	-0.195166	-2.69253	-0.56878	1.41709	-0.0452793	-0.010987	-0.182026
0.346923	-9.59758	15.9917	-4.01148	0.189856	-0.621637	-4.43442	-20.9846	-31.2461	6.91433	-33.4961	-37.111	30.208	-0.0378713	5.0121	7.80306	-1.17524	-3.5347	0.849427	-0.0908385	-0.0549747	17.2446	-8.23718	-3.86795	0.954205	-0.674345	-0.292089	-0.520094	-0.0469165	-0.0492232	0.00548272	-0.116193	-2.65356	-0.567744	1.42378	-0.0459258	-0.0116823	-0.182462
0.35091	-9.21801	16.1634	-4.47348	0.346762	-0.974033	-4.48171	-20.6938	-31.6055	6.90583	-33.2424	-38.2507	30.5687	-0.0385317	4.84549	7.47673	-1.1044	-3.11794	0.848932	-0.0866282	-0.055744	17.0857	-7.87261	-4.20194	0.992529	-0.896887	-0.305858	-0.606858	-0.0490189	-0.0592994	0.00953591	-0.0308995	-2.61788	-0.568997	1.43111	-0.0467305	-0.0127423	-0.182902
0.354898	-8.75944	16.3388	-4.95894	0.492072	-0.94915	-3.96046	-20.3973	-31.9834	6.91166	-33.0564	-39.3739	30.9379	-0.0391954	4.758	7.12445	-1.01237	-2.70513	0.854181	-0.0851814	-0.0567799	16.8926	-7.4928	-4.54626	1.04943	-1.11492	-0.318868	-0.692198	-0.0510837	-0.0693863	0.0128578	0.0680408	-2.5846	-0.57294	1.44278	-0.0477787	-0.0141198	-0.183762
0.358885	-8.28541	16.5066	-5.41861	-0.123857	-1.05741	-2.50528	-20.0647	-32.4457	6.94221	-32.951	-40.4811	31.3136	-0.039823	4.75615	6.78729	-0.911581	-2.30755	0.864969	-0.0860031	-0.0580582	16.5992	-7.04262	-4.89304	1.13222	-1.33627	-0.331056	-0.778188	-0.0531439	-0.079694	0.0153744	0.188616	-2.54187	-0.578025	1.46219	-0.0490942	-0.0155408	-0.18544
0.362873	-7.67071	16.8354	-5.85991	0.240289	-1.27299	-1.81975	-19.8147	-32.8355	6.97488	-32.8917	-41.5741	31.6967	-0.0404261	4.71448	6.31206	-0.750605	-1.90181	0.8803	-0.0911334	-0.0595176	16.3121	-6.71428	-5.23329	1.2096	-1.52739	-0.341566	-0.854533	-0.0547574	-0.0889022	0.0175484	0.304035	-2.51432	-0.587277	1.47932	-0.0505989	-0.0176036	-0.187159
0.366861	-7.0223	17.3153	-6.24091	0.336734	-1.5442	-1.16421	-19.5952	-33.2623	7.02554	-32.8955	-42.6526	32.0844	-0.0409921	4.6759	5.78791	-0.558617	-1.49291	0.900353	-0.0993298	-0.0611877	15.9468	-6.40019	-5.56776	1.29419	-1.70262	-0.350367	-0.924936	-0.0559889	-0.0973843	0.019248	0.427887	-2.48615	-0.598276	1.50014	-0.0523027	-0.0198408	-0.189448
0.370848	-6.33335	18.0075	-6.59004	0.63138	-1.58765	-0.938637	-19.4502	-33.6904	7.08637	-32.9501	-43.717	32.4759	-0.0415238	4.61797	5.19933	-0.328877	-1.06489	0.924672	-0.110592	-0.0630776	15.5363	-6.14764	-5.89943	1.37881	-1.85289	-0.356972	-0.986613	-0.0566996	-0.104796	0.0205216	0.549925	-2.46587	-0.611226	1.52191	-0.0541198	-0.0222677	-0.192072
0.374836	-5.66403	18.8428	-6.93484	0.814336	-1.40969	-1.09318	-19.3878	-34.1626	7.16074	-33.0494	-44.7679	32.8693	-0.0419914	4.53588	4.59733	-0.0713458	-0.605462	0.952292	-0.124041	-0.0651797	15.1379	-5.92006	-6.23151	1.45432	-1.98198	-0.360883	-1.03999	-0.0567611	-0.111071	0.0216265	0.661805	-2.4478	-0.623889	1.54345	-0.0559297	-0.0245659	-0.194809
0.378824	-5.02182	19.7124	-7.25389	0.702115	-1.17919	-1.40964	-19.3838	-34.6937	7.25151	-33.1939	-45.8062	33.2636	-0.0423652	4.43222	4.00109	0.203652	-0.11246	0.982716	-0.138976	-0.0674884	14.7926	-5.69732	-6.55413	1.51242	-2.08922	-0.361452	-1.08392	-0.0560247	-0.115966	0.0227977	0.759267	-2.42745	-0.634901	1.5639	-0.0576567	-0.026567	-0.19751
0.382811	-4.40541	20.5368	-7.50659	0.307991	-0.934887	-1.72473	-19.4162	-35.2721	7.35973	-33.3831	-46.8329	33.6581	-0.042631	4.30806	3.41471	0.482547	0.416355	1.01566	-0.154518	-0.0700123	14.5327	-5.48837	-6.85773	1.54578	-2.16943	-0.357984	-1.11596	-0.0543515	-0.119116	0.0242005	0.838738	-2.4043	-0.64368	1.58203	-0.0592377	-0.0282134	-0.200021
0.386799	-3.81472	21.2743	-7.68481	-0.0599893	-0.807794	-1.80346	-19.4594	-35.883	7.48431	-33.6241	-47.8488	34.0521	-0.0427565	4.17481	2.82963	0.75939	0.979605	1.05099	-0.170161	-0.0727587	14.3428	-5.32346	-7.13925	1.55163	-2.21146	-0.350093	-1.13225	-0.0516957	-0.120088	0.0258082	0.903824	-2.38338	-0.651538	1.59786	-0.0607203	-0.0296925	-0.202411
0.390786	-3.27201	21.9432	-7.82177	-0.228141	-0.855768	-1.45876	-19.4875	-36.5355	7.62489	-33.9325	-48.8543	34.4445	-0.042716	4.05788	2.26445	1.02842	1.57198	1.0889	-0.185402	-0.075754	14.1587	-5.20777	-7.39905	1.54116	-2.21115	-0.338758	-1.13217	-0.048443	-0.118995	0.0272562	0.96729	-2.37044	-0.661032	1.61405	-0.0622672	-0.0313445	-0.205061
0.394774	-2.79466	22.6178	-7.95947	0.0279771	-0.922493	-1.16641	-19.5249	-37.2159	7.77809	-34.309	-49.8497	34.8347	-0.0425128	3.96765	1.75523	1.27344	2.19122	1.12957	-0.198925	-0.0790386	13.9556	-5.14274	-7.6303	1.51887	-2.16646	-0.324744	-1.11563	-0.0448355	-0.115947	0.0283723	1.02969	-2.36991	-0.672994	1.62974	-0.0638898	-0.0333296	-0.207853
0.398762	-2.4151	23.3513	-8.09059	0.283463	-0.82628	-1.52504	-19.6105	-37.936	7.94813	-34.7399	-50.8356	35.2221	-0.0421744	3.86086	1.35554	1.47442	2.85509	1.17194	-0.209112	-0.0826157	13.785	-5.08497	-7.83566	1.47967	-2.09215	-0.30871	-1.08713	-0.0409787	-0.111398	0.0294822	1.0838	-2.37352	-0.684922	1.64372	-0.0654477	-0.0353306	-0.210512
0.402749	-2.12717	23.9973	-8.22089	0.578616	-0.918173	-1.49565	-19.654	-38.6785	8.13459	-35.2481	-51.8126	35.6065	-0.0416955	3.8148	1.08	1.61311	3.53571	1.21631	-0.215009	-0.0864789	13.5744	-5.03138	-8.03765	1.43751	-1.99675	-0.291524	-1.05038	-0.0371437	-0.105911	0.0303478	1.14701	-2.38109	-0.697946	1.65942	-0.0670372	-0.037454	-0.213372
0.406737	-2.1096	24.6084	-8.31793	-1.23993	-0.820598	-2.16325	-19.7467	-39.5945	8.36382	-35.7988	-52.7811	35.9858	-0.0411179	3.75778	1.11107	1.64771	4.26905	1.26059	-0.213518	-0.0906253	13.463	-4.78641	-8.24832	1.37956	-1.92677	-0.27394	-1.01842	-0.0334491	-0.1007	0.0317918	1.20149	-2.35772	-0.704202	1.67746	-0.0683665	-0.0385786	-0.216201
0.410724	-2.20243	25.034	-8.45967	-2.7347	-0.314369	-2.88684	-19.8344	-40.4867	8.60275	-36.4033	-53.7423	36.3619	-0.0404576	3.80537	1.30671	1.59947	5.00899	1.30657	-0.205781	-0.0950724	13.4248	-4.56547	-8.46984	1.31416	-1.84617	-0.25626	-0.982527	-0.0299891	-0.0950956	0.033182	1.2494	-2.34332	-0.711143	1.69325	-0.0696186	-0.039837	-0.218774
0.414712	-2.41599	25.1343	-8.69878	-2.93226	0.507182	-2.93168	-19.8742	-41.2848	8.83701	-37.0693	-54.6972	36.7352	-0.039709	4.01229	1.66595	1.46341	5.74083	1.35341	-0.190665	-0.0997803	13.4631	-4.45994	-8.69752	1.24307	-1.74222	-0.238679	-0.939923	-0.0267388	-0.0888792	0.0344381	1.29063	-2.35484	-0.721562	1.7043	-0.0708429	-0.0416685	-0.220883
0.4187	-2.4335	24.0196	-8.6118	-2.60835	1.03592	-2.58953	-19.9189	-42.1447	9.09485	-37.81	-55.6494	37.1044	-0.0386918	5.29059	1.91608	0.890394	6.06607	2.24448	-0.324535	-0.104418	13.4883	-4.40369	-8.94083	1.14786	-1.64103	-0.221261	-0.897037	-0.0234817	-0.0827086	0.0364223	1.33592	-2.36089	-0.729956	1.70936	-0.0717977	-0.0434093	-0.222204
0.422687	-2.8815	23.6127	-8.95106	-2.31727	1.13144	-2.17187	-19.9206	-42.9113	9.34825	-38.5798	-56.5942	37.4705	-0.037852	5.67066	2.67572	0.576499	6.81051	2.35735	-0.309156	-0.109218	13.6637	-4.30984	-9.18329	1.04716	-1.54911	-0.204346	-0.85702	-0.0202718	-0.0767444	0.0388098	1.36248	-2.38001	-0.73865	1.71188	-0.0726232	-0.0452241	-0.223098
0.426675	-3.45804	23.1047	-9.32438	-2.01237	0.916486	-1.76693	-19.8897	-43.6519	9.61111	-39.3909	-57.5342	37.8331	-0.0370922	6.02056	3.64337	0.196792	7.58021	2.45367	-0.284562	-0.113917	13.8888	-4.20104	-9.43492	0.935163	-1.47068	-0.187996	-0.820785	-0.0170415	-0.0711623	0.0417892	1.38263	-2.40158	-0.746603	1.71111	-0.0732757	-0.0470479	-0.223519
0.430663	-4.14415	22.5225	-9.72319	-1.66611	0.461933	-1.36957	-19.8158	-44.3636	9.88277	-40.2415	-58.4701	38.1926	-0.0364359	6.33512	4.79463	-0.234089	8.36928	2.52979	-0.250996	-0.11844	14.1459	-4.08124	-9.69111	0.815073	-1.40442	-0.172306	-0.788114	-0.0138047	-0.0659525	0.0452732	1.39756	-2.42867	-0.754634	1.70712	-0.0737886	-0.0490172	-0.22351
0.43465	-4.94389	21.976	-10.1421	-1.58571	-0.031513	-1.42744	-19.733	-45.0719	10.1657	-41.1214	-59.4029	38.5489	-0.0358903	6.56973	6.13349	-0.700515	9.18863	2.58172	-0.208466	-0.122724	14.443	-3.92013	-9.93644	0.687282	-1.35228	-0.157271	-0.759354	-0.0105384	-0.0611178	0.0492647	1.40283	-2.45867	-0.762156	1.69974	-0.0741399	-0.0510636	-0.223052
0.438638	-5.90372	21.5438	-10.592	-1.62792	-0.484	-1.63027	-19.6159	-45.7669	10.456	-42.0427	-60.3338	38.9023	-0.0354182	6.74533	7.69483	-1.19951	10.0301	2.60595	-0.155643	-0.12672	14.6876	-3.74329	-10.1418	0.569441	-1.3027	-0.142832	-0.731778	-0.00730134	-0.0564705	0.0531691	1.40914	-2.49862	-0.771343	1.69145	-0.0744592	-0.053455	-0.22249
0.442625	-6.91237	21.3014	-11.0511	-1.73704	-0.926102	-1.97445	-19.4644	-46.4469	10.7542	-43.0057	-61.2642	39.2531	-0.0349856	6.82901	9.37629	-1.69008	10.8892	2.59912	-0.0953841	-0.130289	14.8582	-3.55521	-10.2887	0.466825	-1.25308	-0.128934	-0.704733	-0.00412351	-0.051948	0.0568505	1.41843	-2.54674	-0.781901	1.68313	-0.0747479	-0.0561237	-0.2219
0.446613	-7.9055	21.2624	-11.4913	-1.63375	-1.20229	-2.37503	-19.2723	-47.083	11.0568	-44.006	-62.1949	39.6019	-0.0345901	6.79961	11.1014	-2.15026	11.7671	2.55817	-0.0291623	-0.133319	14.9703	-3.39768	-10.3637	0.380462	-1.1984	-0.115495	-0.677006	-0.00102807	-0.04742	0.0602948	1.4283	-2.60444	-0.793704	1.67432	-0.0749925	-0.0590357	-0.221223
0.450601	-8.80666	21.3954	-11.8996	-0.790196	-0.569964	-2.11234	-18.971	-47.618	11.3555	-45.0489	-63.125	39.9491	-0.0342955	6.68028	12.7798	-2.55735	12.6519	2.4804	0.0413129	-0.135647	15.0132	-3.33468	-10.3646	0.324105	-1.12818	-0.102498	-0.646557	0.00196557	-0.0427287	0.0630729	1.44347	-2.68172	-0.808608	1.66651	-0.0752831	-0.0623898	-0.22064
0.454588	-9.66067	21.6865	-12.2622	0.15305	-0.278932	-1.00646	-18.5456	-48.1148	11.6607	-46.1403	-64.0547	40.294	-0.0340522	6.39187	14.4195	-2.90316	13.5505	2.36089	0.115809	-0.136983	14.9631	-3.30531	-10.3124	0.292554	-1.05695	-0.0900813	-0.617124	0.00488777	-0.0382566	0.0654417	1.47074	-2.76439	-0.824472	1.66114	-0.0755639	-0.065869	-0.22021
0.458576	-10.5561	22.2763	-12.5664	0.180722	-0.445905	-1.13857	-18.1591	-48.6487	11.9843	-47.2257	-64.9838	40.6356	-0.0338841	5.74528	16.0753	-3.18955	14.5204	2.19635	0.194762	-0.137188	15.0345	-3.22084	-10.2359	0.249567	-1.01147	-0.0782715	-0.595022	0.00790403	-0.0344464	0.0685646	1.47759	-2.83164	-0.835332	1.65267	-0.075499	-0.0686988	-0.219271
0.462563	-11.5537	23.1937	-12.7758	-1.38633	-1.54088	-3.45873	-17.8817	-49.2824	12.3363	-48.281	-65.9121	40.9729	-0.033764	4.6521	17.7633	-3.41838	15.5867	1.98641	0.277567	-0.136172	15.3206	-3.03555	-10.1397	0.177579	-1.00581	-0.0670024	-0.583499	0.0110783	-0.0315368	0.0730075	1.44809	-2.86842	-0.837551	1.63913	-0.0749177	-0.0703428	-0.217663
0.466551	-12.4298	24.3392	-12.8847	-3.12697	-2.49772	-6.82387	-17.6095	-49.9084	12.6966	-49.3207	-66.8369	41.3058	-0.0337387	3.23335	19.2483	-3.56409	16.7118	1.7365	0.358704	-0.133938	15.7611	-2.88331	-10.0214	0.0993371	-1.01488	-0.0563386	-0.577041	0.0142228	-0.0291143	0.0779303	1.39263	-2.89949	-0.836301	1.62289	-0.0740695	-0.0714331	-0.215868
0.470539	-12.7505	25.2318	-12.9644	-1.05508	-1.14422	-5.5861	-16.8742	-50.1992	13.0067	-50.4524	-67.7523	41.6361	-0.0339079	2.02441	20.1173	-3.60376	17.7319	1.45726	0.431026	-0.130498	15.924	-3.12363	-9.87426	0.111259	-0.959807	-0.0468374	-0.558491	0.0165971	-0.0260692	0.0800426	1.38278	-3.0052	-0.850851	1.61799	-0.0739856	-0.0744273	-0.215905
0.474526	-12.8674	26.2128	-12.9056	0.620736	-0.288135	-3.62298	-16.0194	-50.5192	13.3273	-51.5982	-68.659	41.9592	-0.0341018	0.626949	20.6824	-3.57745	18.7627	1.14819	0.496896	-0.125763	16.0535	-3.3541	-9.69988	0.140363	-0.915158	-0.0383229	-0.544	0.018491	-0.0235554	0.0819635	1.37753	-3.10234	-0.863616	1.6176	-0.0738526	-0.0770016	-0.216442
0.478514	-12.7987	27.4371	-12.6722	1.30509	1.56938	-2.16169	-15.1424	-50.8934	13.6617	-52.7114	-69.5523	42.2731	-0.0344152	-1.02237	20.9646	-3.49782	19.8266	0.817224	0.554368	-0.11984	16.2984	-3.52286	-9.49489	0.17741	-0.890804	-0.0306731	-0.536029	0.0200006	-0.0216615	0.0840847	1.3532	-3.18189	-0.871479	1.61898	-0.0735044	-0.0787133	-0.217064
0.482502	-12.5155	28.9192	-12.2586	1.51595	2.46945	-1.04295	-14.2386	-51.2967	14.0051	-53.8061	-70.4299	42.5767	-0.0347182	-2.98752	20.9168	-3.37304	20.9226	0.471468	0.601316	-0.112678	16.5601	-3.66488	-9.26448	0.212662	-0.874922	-0.0236094	-0.530103	0.0213091	-0.0199258	0.0865118	1.32584	-3.24778	-0.876333	1.62163	-0.0730144	-0.0799316	-0.217756
0.486489	-12.0358	30.7144	-11.6755	1.7936	3.00613	-0.483344	-13.3275	-51.6721	14.3471	-54.8657	-71.2868	42.8683	-0.035039	-5.26838	20.5456	-3.22059	22.0488	0.122179	0.636506	-0.104438	16.8585	-3.83861	-9.01575	0.245831	-0.85839	-0.0169701	-0.523939	0.0225416	-0.018101	0.0891895	1.29349	-3.31132	-0.879951	1.62432	-0.0724224	-0.0809315	-0.218437
0.490477	-11.3375	32.8463	-10.8987	1.82303	3.06606	-0.603682	-12.424	-52.0496	14.6903	-55.8808	-72.1181	43.1452	-0.0353575	-7.86766	19.83	-3.05014	23.201	-0.218038	0.656555	-0.095264	17.1842	-4.0048	-8.752	0.27371	-0.848371	-0.0107432	-0.519306	0.0237095	-0.0163356	0.0922996	1.25869	-3.36542	-0.881215	1.62807	-0.0717015	-0.0815287	-0.219149
0.494464	-10.4311	35.3076	-9.91928	1.78766	2.64655	-1.01542	-11.5068	-52.4067	15.0275	-56.8545	-72.9183	43.405	-0.0356632	-10.7417	18.7844	-2.87612	24.3625	-0.535638	0.659846	-0.085341	17.4798	-4.18438	-8.45727	0.303669	-0.835243	-0.00491991	-0.513477	0.0246698	-0.0143983	0.0955424	1.22891	-3.41518	-0.881558	1.63395	-0.0709334	-0.0819225	-0.220027
0.498452	-9.35115	38.1235	-8.72006	1.78883	2.0586	-1.48567	-10.573	-52.7182	15.3515	-57.7826	-73.6814	43.6453	-0.0359622	-13.8472	17.4488	-2.71069	25.5175	-0.816368	0.645332	-0.0748958	17.7042	-4.40271	-8.10031	0.342803	-0.804834	0.000731387	-0.502053	0.0254021	-0.0118264	0.0986093	1.20713	-3.46552	-0.882249	1.64257	-0.0702006	-0.082291	-0.221174
0.50244	-8.14495	41.3191	-7.32879	1.81957	1.49566	-1.90109	-9.6169	-52.9588	15.6581	-58.6585	-74.4013	43.8634	-0.036259	-17.1756	15.8986	-2.56196	26.6553	-1.04672	0.613168	-0.0641493	17.8361	-4.65542	-7.69213	0.39463	-0.755332	0.00620463	-0.48453	0.0259543	-0.008576	0.101348	1.19687	-3.51746	-0.883661	1.65505	-0.0695431	-0.0826531	-0.222706
0.506427	-6.86786	44.8931	-5.77316	1.88598	1.0586	-2.21468	-8.63237	-53.1171	15.9446	-59.4755	-75.0712	44.0561	-0.0365495	-20.7128	14.21	-2.43664	27.765	-1.21367	0.564018	-0.0533438	17.8634	-4.93755	-7.24232	0.460225	-0.689288	0.0115298	-0.461805	0.0264209	-0.00475132	0.103742	1.19853	-3.5713	-0.885494	1.67117	-0.0689264	-0.0829547	-0.224542
0.510415	-5.5906	48.7798	-4.10005	2.00167	0.764863	-2.42867	-7.617	-53.1912	16.2061	-60.23	-75.6841	44.2202	-0.0368268	-24.4072	12.4538	-2.33958	28.8322	-1.30564	0.499007	-0.042716	17.7832	-5.2503	-6.76454	0.537157	-0.61012	0.0164833	-0.435147	0.0266522	-0.000538096	0.105834	1.20862	-3.62909	-0.887386	1.68877	-0.0682658	-0.083185	-0.226387
0.514402	-4.37913	52.9172	-2.34982	2.17391	0.594885	-2.56447	-6.57143	-53.1734	16.4369	-60.9197	-76.2325	44.3523	-0.0370809	-28.2138	10.7051	-2.27127	29.8462	-1.31348	0.420122	-0.0324885	17.5976	-5.59855	-6.2583	0.624199	-0.516627	0.021037	-0.404202	0.0265904	0.00407144	0.107578	1.22605	-3.69269	-0.889572	1.7069	-0.0675518	-0.0834109	-0.228154
0.51839	-3.28842	57.2545	-0.553486	2.38969	0.514411	-2.64866	-5.50523	-53.0543	16.6344	-61.5367	-76.709	44.4492	-0.0372983	-32.0971	9.04052	-2.22881	30.8011	-1.23129	0.330379	-0.0228539	17.3164	-5.98229	-5.71648	0.720103	-0.406802	0.0253443	-0.368168	0.0263259	0.00916699	0.108929	1.25155	-3.76011	-0.892281	1.72623	-0.0668531	-0.0836618	-0.229976
0.522378	-2.36234	61.7142	1.23496	2.60869	0.487451	-2.7258	-4.42681	-52.8261	16.7978	-62.0728	-77.106	44.5074	-0.0374687	-36.0173	7.53235	-2.20712	31.6925	-1.05705	0.23376	-0.013962	16.9619	-6.38655	-5.15491	0.81988	-0.285479	0.0294265	-0.32837	0.0259731	0.0146253	0.110012	1.28596	-3.827	-0.895438	1.74792	-0.0662482	-0.0839	-0.232051
0.526365	-1.65999	66.2112	2.97981	2.76351	0.485946	-2.82868	-3.34802	-52.4926	16.9257	-62.5205	-77.4156	44.5235	-0.037583	-39.9259	6.24474	-2.20072	32.5215	-0.792887	0.134958	-0.00593094	16.5576	-6.80714	-4.57077	0.918139	-0.153186	0.0334289	-0.284668	0.0256355	0.0204961	0.110952	1.32699	-3.89122	-0.898851	1.77173	-0.0657544	-0.0841045	-0.234406
0.530353	-1.2313	70.6284	4.63791	2.75799	0.49293	-2.98366	-2.27831	-52.0654	17.0174	-62.8722	-77.63	44.4939	-0.0376338	-43.7616	5.22254	-2.20348	33.2892	-0.4452	0.0388278	0.00116396	16.1365	-7.23294	-3.96985	1.00722	-0.0139748	0.0373547	-0.238063	0.0253314	0.0267048	0.111966	1.37102	-3.95095	-0.902044	1.79672	-0.0653393	-0.0842279	-0.236964
0.534341	-1.09947	74.8547	6.14818	2.52421	0.506446	-3.23958	-1.22905	-51.5449	17.0704	-63.1187	-77.7413	44.415	-0.0376181	-47.4733	4.49285	-2.20751	33.9998	-0.0246907	-0.049214	0.00728804	15.7369	-7.64686	-3.37732	1.08219	0.126269	0.0410489	-0.190359	0.0250447	0.0330544	0.113131	1.4145	-4.00444	-0.904722	1.82195	-0.0649895	-0.0842557	-0.239652
0.538328	-1.26851	78.8205	7.46676	2.10011	0.530299	-3.65219	-0.213721	-50.9276	17.0806	-63.2519	-77.7419	44.2837	-0.037537	-51.0297	4.05275	-2.20573	34.6619	0.454466	-0.123791	0.0124346	15.3871	-8.04602	-2.81039	1.13799	0.26326	0.0444651	-0.142928	0.0248067	0.0394089	0.114578	1.45312	-4.05261	-0.906776	1.84573	-0.0646647	-0.0842167	-0.242297
0.542316	-1.71078	82.4882	8.56404	1.56447	0.552128	-4.20947	0.75914	-50.2054	17.0441	-63.2659	-77.6246	44.0965	-0.0373864	-54.4116	3.88071	-2.1922	35.2857	0.976053	-0.179679	0.0165945	15.0955	-8.42506	-2.2784	1.17035	0.391083	0.0475595	-0.0977203	0.02462	0.0455702	0.116503	1.48441	-4.09684	-0.908168	1.86669	-0.0643221	-0.0841504	-0.24473
0.546303	-2.39258	85.8199	9.42399	0.983235	0.519916	-4.8616	1.6882	-49.3701	16.9574	-63.1567	-77.3825	43.8507	-0.0371596	-57.6036	3.94471	-2.16256	35.8792	1.52326	-0.212022	0.0197754	14.8666	-8.78104	-1.78628	1.17791	0.504449	0.0503063	-0.0565979	0.0244808	0.0513294	0.119006	1.50718	-4.13822	-0.909183	1.88384	-0.0639637	-0.0841467	-0.246845
0.550291	-3.26745	88.7689	10.0486	0.431702	0.455289	-5.50611	2.57855	-48.4146	16.8173	-62.922	-77.0091	43.5432	-0.0368554	-60.5832	4.2022	-2.11496	36.4435	2.0813	-0.217403	0.0220101	14.7044	-9.11004	-1.32377	1.16025	0.606093	0.0528267	-0.0185644	0.0244369	0.0568117	0.122057	1.52002	-4.17702	-0.910091	1.89667	-0.0636111	-0.0842767	-0.2486
0.554279	-4.29818	91.303	10.4581	-0.127705	0.46009	-6.02135	3.43693	-47.3461	16.624	-62.5586	-76.4984	43.1714	-0.0364742	-63.3268	4.61254	-2.0499	36.9726	2.64107	-0.194543	0.023332	14.6071	-9.3995	-0.873969	1.11986	0.703002	0.0553313	0.0189413	0.0245874	0.0623224	0.125471	1.52207	-4.21152	-0.910822	1.90551	-0.0632874	-0.0845269	-0.250049
0.558266	-5.44803	93.4106	10.6715	-0.777525	0.592124	-6.45663	4.25654	-46.1759	16.3783	-62.0608	-75.8449	42.7328	-0.0360167	-65.8222	5.13008	-1.9695	37.452	3.20377	-0.145424	0.023767	14.5806	-9.63241	-0.433109	1.0561	0.79453	0.0579124	0.0559485	0.0249969	0.0678995	0.129272	1.51176	-4.24047	-0.911245	1.91033	-0.0629916	-0.0848855	-0.251207
0.562254	-6.6585	95.0853	10.6965	-1.41824	0.83015	-6.89938	5.02811	-44.8992	16.0778	-61.4244	-75.0441	42.2255	-0.035481	-68.0643	5.6923	-1.87582	37.8654	3.771	-0.072236	0.0233451	14.6297	-9.80502	-0.0070881	0.966661	0.880211	0.0606193	0.0923989	0.0257226	0.0735599	0.133519	1.48747	-4.26511	-0.911435	1.91039	-0.0627007	-0.0853877	-0.252002
0.566241	-7.87122	96.2754	10.5445	-1.99903	1.26292	-7.11817	5.77594	-43.5178	15.723	-60.6515	-74.0917	41.6475	-0.0348806	-70.0157	6.23796	-1.77074	38.1841	4.34426	0.022909	0.0220949	14.7387	-9.90938	0.397784	0.85364	0.956336	0.0633658	0.126915	0.0267193	0.0791394	0.138231	1.45131	-4.28518	-0.911384	1.90628	-0.0624189	-0.0860198	-0.252462
0.570229	-9.03252	96.8729	10.2445	-2.55504	2.03135	-6.37564	6.56855	-42.0457	15.318	-59.7548	-72.9833	40.9969	-0.0342465	-71.5882	6.70791	-1.65663	38.3531	4.93884	0.133944	0.0200522	14.8525	-9.93093	0.790153	0.729488	1.02275	0.0660274	0.159018	0.0278514	0.0844983	0.143093	1.41218	-4.30032	-0.911502	1.90071	-0.0622177	-0.0867893	-0.252826
0.574217	-10.1233	96.7922	9.83444	-3.42271	2.65048	-3.90362	7.48607	-40.5239	14.8733	-58.7556	-71.7161	40.2717	-0.0335751	-72.7396	7.07357	-1.53413	38.3474	5.54178	0.262753	0.0172861	14.8833	-9.8299	1.17721	0.602969	1.07513	0.0685278	0.187469	0.0290366	0.0894402	0.147925	1.38575	-4.30616	-0.91188	1.89775	-0.0621804	-0.0876481	-0.253479
0.578204	-11.0776	96.2733	9.34631	-4.28868	2.67925	-2.73315	8.29718	-38.9464	14.3843	-57.6036	-70.2914	39.472	-0.0328274	-73.7117	7.2892	-1.40422	38.2088	6.15365	0.40668	0.0137436	15.0786	-9.61041	1.56358	0.428296	1.11233	0.0714298	0.2138	0.0306804	0.0944736	0.153869	1.33008	-4.29709	-0.909437	1.88426	-0.0619296	-0.0884434	-0.253042
0.582192	-11.8543	95.3055	8.80118	-5.01222	2.80844	-2.80845	9.01311	-37.2997	13.8507	-56.2974	-68.7084	38.5975	-0.032059	-74.4606	7.31249	-1.26864	37.8971	6.77483	0.562941	0.00941295	15.4485	-9.28929	1.94693	0.21357	1.13675	0.07469	0.23815	0.0327389	0.0995736	0.160701	1.24234	-4.27622	-0.904591	1.86047	-0.061482	-0.0892039	-0.251554
0.58618	-12.433	93.7991	8.23143	-5.79223	3.01632	-3.14141	9.73527	-35.6036	13.281	-54.8636	-66.9671	37.6476	-0.0313044	-74.9032	7.11437	-1.12853	37.3592	7.40487	0.728847	0.00433206	15.8862	-8.85123	2.32113	-0.0262853	1.14561	0.0781291	0.259176	0.0350834	0.104491	0.168106	1.14089	-4.24396	-0.898226	1.83182	-0.0609621	-0.0899391	-0.249587
0.590167	-12.7532	91.7278	7.66117	-6.45299	3.18415	-3.30139	10.5218	-33.8547	12.6788	-53.3223	-65.0695	36.6229	-0.0305898	-75.026	6.63448	-0.982402	36.5634	8.04398	0.901598	-0.00148024	16.3368	-8.30737	2.68164	-0.283188	1.14097	0.0816592	0.277099	0.0376392	0.109163	0.175843	1.03606	-4.20403	-0.891315	1.80087	-0.0604387	-0.0907414	-0.247425
0.594155	-12.7966	89.1688	7.12852	-6.98563	3.32075	-3.32032	11.3937	-32.0653	12.049	-51.6845	-63.0192	35.5241	-0.0299625	-74.8831	5.83712	-0.827141	35.5031	8.69244	1.07907	-0.00802538	16.7791	-7.66715	3.02883	-0.553521	1.12514	0.0853047	0.292515	0.0403898	0.113637	0.183819	0.93062	-4.15835	-0.88421	1.7685	-0.0599298	-0.0916402	-0.245167
0.598142	-12.5684	86.2336	6.6553	-7.37314	3.41417	-3.24135	12.3729	-30.2466	11.3969	-49.9617	-60.821	34.353	-0.0294719	-74.556	4.71343	-0.659496	34.1851	9.34971	1.26065	-0.0152966	17.1884	-6.93746	3.35335	-0.832588	1.09807	0.0889725	0.305082	0.043281	0.117831	0.191921	0.826987	-4.1081	-0.877075	1.73552	-0.0594495	-0.0926265	-0.242888
0.60213	-12.0768	83.0105	6.23978	-7.53165	3.43429	-3.03825	13.4865	-28.4046	10.7291	-48.1681	-58.4816	33.1116	-0.0291586	-74.1283	3.26708	-0.476269	32.6237	10.0138	1.44718	-0.0232556	17.551	-6.12269	3.63172	-1.11342	1.05489	0.0923783	0.31252	0.0461813	0.121393	0.199974	0.728429	-4.05417	-0.869994	1.70313	-0.0590114	-0.0936634	-0.240692
0.606118	-11.3383	79.5907	5.89312	-7.36096	3.33581	-2.6489	14.7668	-26.5452	10.0511	-46.3204	-56.0088	31.8027	-0.029095	-73.6965	1.49693	-0.272008	30.8411	10.6816	1.64024	-0.031848	17.8591	-5.24212	3.85129	-1.38786	0.990041	0.0953157	0.312129	0.0489671	0.123919	0.207828	0.638409	-4.00046	-0.863742	1.67255	-0.0586632	-0.0948331	-0.238748
0.610105	-10.3722	76.0861	5.61788	-6.83422	3.07847	-2.08344	16.238	-24.6792	9.36994	-44.4328	-53.4122	30.4299	-0.0293728	-73.3737	-0.57694	-0.0404327	28.8697	11.3487	1.84241	-0.0410088	18.1118	-4.29661	3.99966	-1.64972	0.899738	0.0975832	0.30214	0.0515352	0.125135	0.215335	0.55962	-3.9483	-0.858701	1.64496	-0.0584449	-0.0961631	-0.237188
0.614093	-9.22159	72.6055	5.39643	-5.82422	2.59942	-1.46198	17.8981	-22.8062	8.68852	-42.5164	-50.7036	28.9976	-0.0300504	-73.2595	-2.91954	0.224882	26.7454	12.0089	2.05713	-0.0505816	18.3204	-3.30841	4.06095	-1.89662	0.785099	0.0990372	0.282432	0.0538164	0.124971	0.222379	0.491219	-3.90071	-0.855336	1.62026	-0.0583784	-0.0977125	-0.236024
0.61808	-7.97531	69.2345	5.21513	-4.48723	2.07175	-1.30591	19.6875	-20.9534	8.01157	-40.5694	-47.8983	27.5117	-0.0311404	-73.4079	-5.46268	0.527215	24.4966	12.6541	2.28837	-0.0603088	18.5503	-2.28021	4.02728	-2.13091	0.64489	0.099621	0.252529	0.0557929	0.123388	0.228986	0.422796	-3.85683	-0.852945	1.59634	-0.0583893	-0.0993934	-0.235048
0.622068	-6.76088	65.9141	5.07514	-3.37102	1.69183	-1.18285	21.6084	-19.1756	7.35022	-38.6052	-45.0123	25.9783	-0.0326626	-73.7326	-8.11074	0.865674	22.1107	13.2763	2.53997	-0.0698903	18.7895	-1.18799	3.9015	-2.34262	0.475916	0.0991974	0.211216	0.0573582	0.120203	0.234922	0.356852	-3.81383	-0.851172	1.57505	-0.0584964	-0.101092	-0.234433
0.626056	-5.65704	62.533	4.96094	-2.57273	1.31978	-0.456741	23.6667	-17.4948	6.71002	-36.6449	-42.0644	24.405	-0.0345931	-74.1114	-10.8153	1.24008	19.5617	13.8679	2.81452	-0.0790234	19.0049	-0.0464175	3.68848	-2.52154	0.28391	0.0976972	0.159917	0.0584353	0.115471	0.239797	0.300404	-3.77464	-0.850792	1.5583	-0.0587684	-0.102881	-0.234389
0.630043	-4.68632	59.17	4.83435	-1.88067	0.988336	-0.777584	25.687	-15.912	6.08731	-34.6639	-39.077	22.8017	-0.0369001	-74.5965	-13.5509	1.6541	16.8747	14.4217	3.11352	-0.087536	19.3742	1.12101	3.37574	-2.6942	0.0663421	0.0952984	0.0984462	0.0592128	0.109364	0.244317	0.22578	-3.73804	-0.850307	1.53804	-0.0589918	-0.104689	-0.23407
0.634031	-3.88335	55.7144	4.69355	-1.4099	0.666299	-1.2397	27.7141	-14.4436	5.48797	-32.6854	-36.0704	21.1778	-0.0396546	-75.0611	-16.2968	2.11075	14.0217	14.9322	3.4371	-0.0952822	19.822	2.3045	2.96937	-2.84875	-0.169248	0.091944	0.0289748	0.0596112	0.102033	0.248081	0.144548	-3.70491	-0.850317	1.5177	-0.0592625	-0.10651	-0.233818
0.638019	-3.23739	52.1224	4.52958	-0.878493	0.572572	-1.4035	29.7407	-13.0738	4.90888	-30.7203	-33.0665	19.5447	-0.0429004	-75.4161	-19.0686	2.61395	10.9906	15.3946	3.78393	-0.102153	20.3224	3.45845	2.48563	-2.9763	-0.407384	0.0877404	-0.0439299	0.0596271	0.0939079	0.250651	0.0588957	-3.68107	-0.851513	1.49776	-0.0595972	-0.108407	-0.233682
0.642006	-2.74501	48.429	4.35379	-0.53711	0.592367	-1.4371	31.7317	-11.8242	4.35414	-28.7707	-30.0876	17.9138	-0.0466915	-75.6591	-21.8462	3.16618	7.79295	15.805	4.15193	-0.10812	20.876	4.60197	1.93245	-3.081	-0.651766	0.0828064	-0.120936	0.0593458	0.0849927	0.252232	-0.0325455	-3.66015	-0.852432	1.47787	-0.0599106	-0.110135	-0.233531
0.645994	-2.3836	44.6708	4.16284	-0.30146	0.72009	-1.42969	33.6552	-10.6822	3.82052	-26.8397	-27.1561	16.2976	-0.0510731	-75.7858	-24.6192	3.76978	4.44533	16.1602	4.5384	-0.11315	21.481	5.72014	1.32665	-3.16494	-0.895332	0.0773233	-0.19947	0.058836	0.0756124	0.252827	-0.132486	-3.6418	-0.852497	1.45678	-0.0601316	-0.111609	-0.233174
0.649981	-2.1525	40.9038	3.9588	-0.165762	0.942509	-1.37316	35.4883	-9.63395	3.30279	-24.9322	-24.2937	14.709	-0.0560594	-75.7999	-27.352	4.42426	0.969989	16.4571	4.94045	-0.117228	22.1183	6.79836	0.694897	-3.22913	-1.12846	0.0715597	-0.276013	0.0581852	0.0662066	0.252413	-0.241823	-3.62486	-0.851055	1.4339	-0.0601962	-0.112713	-0.232481
0.653969	-2.05453	37.1879	3.74853	-0.1743	1.21021	-1.30681	37.2174	-8.66895	2.79689	-23.0556	-21.5215	13.1611	-0.0616454	-75.7249	-30.0045	5.12727	-2.605	16.6931	5.35457	-0.120361	22.7749	7.82656	0.0608824	-3.27477	-1.34672	0.0657624	-0.348804	0.05748	0.0570236	0.251057	-0.359438	-3.60797	-0.847743	1.40925	-0.0600764	-0.113379	-0.231413
0.657957	-2.064	33.5714	3.53462	-0.287287	1.44638	-1.27978	38.8375	-7.76941	2.2978	-21.2199	-18.8595	11.6666	-0.0678074	-75.5904	-32.5573	5.87559	-6.2503	16.8657	5.77651	-0.122557	23.442	8.79461	-0.558059	-3.30315	-1.54782	0.0601161	-0.416892	0.056785	0.0482113	0.248841	-0.483911	-3.59051	-0.842345	1.38288	-0.0597483	-0.113568	-0.229942
0.661944	-2.12686	30.0911	3.31049	-0.445579	1.59344	-1.3297	40.3516	-6.91176	1.79832	-19.4384	-16.3255	10.2382	-0.0745077	-75.4212	-35.0056	6.66462	-9.93848	16.9725	6.20157	-0.123845	24.1083	9.7001	-1.15299	-3.31539	-1.73122	0.0546916	-0.479911	0.0561042	0.0398432	0.245847	-0.61415	-3.57133	-0.834611	1.35465	-0.0591881	-0.113246	-0.228004
0.665932	-2.20215	26.7527	3.06632	-0.549905	1.63546	-1.47474	41.7681	-6.07384	1.28987	-17.7247	-13.9353	8.88728	-0.0816967	-75.2293	-37.351	7.48842	-13.6455	17.0112	6.62484	-0.124272	24.7726	10.5311	-1.72174	-3.31274	-1.89784	0.0495243	-0.538164	0.0554377	0.0319077	0.242172	-0.749946	-3.55111	-0.824403	1.3241	-0.0583562	-0.112398	-0.225521
0.66992	-2.27714	23.5336	2.8018	-0.697731	1.65306	-1.61125	43.1088	-5.25043	0.765709	-16.0943	-11.7015	7.62376	-0.089318	-75.003	-39.5743	8.33812	-17.3531	16.9795	7.04185	-0.123898	25.4295	11.2944	-2.25768	-3.29468	-2.04771	0.044685	-0.591457	0.05481	0.0244626	0.237854	-0.88897	-3.52945	-0.811676	1.2919	-0.0572436	-0.111015	-0.222543
0.673907	-2.35506	20.3969	2.51485	-1.0987	1.6411	-1.60638	44.4052	-4.45613	0.22319	-14.5666	-9.6336	6.45557	-0.0972983	-74.7249	-41.6433	9.20239	-21.0445	16.8748	7.44864	-0.122797	26.0663	12.0198	-2.75964	-3.26113	-2.18221	0.0401345	-0.639835	0.0541939	0.017536	0.232917	-1.02657	-3.5049	-0.796467	1.25949	-0.0558657	-0.109093	-0.21921
0.677895	-2.44843	17.2959	2.22052	-2.08518	1.19343	-1.03729	45.7105	-3.73131	-0.333259	-13.1701	-7.73776	5.38813	-0.105552	-74.3725	-43.5445	10.0716	-24.7066	16.6942	7.84127	-0.121012	26.6229	12.7446	-3.22917	-3.20923	-2.30758	0.0357133	-0.685029	0.0534772	0.0109237	0.227379	-1.15088	-3.47391	-0.77888	1.2298	-0.0542848	-0.106618	-0.2158
0.681882	-2.39065	14.3691	1.84593	-2.05761	1.3768	-0.810156	46.9251	-2.9609	-0.936717	-11.887	-6.01873	4.42742	-0.114013	-73.9955	-45.4218	10.9527	-28.2994	16.4358	8.21425	-0.118671	27.1976	13.3292	-3.65864	-3.14785	-2.39867	0.0316738	-0.720062	0.0527413	0.00539422	0.221252	-1.28407	-3.46135	-0.762124	1.19589	-0.0525178	-0.104256	-0.211775
0.68587	-2.24482	11.6476	1.44703	-1.96117	1.59174	-0.894188	48.0511	-2.23258	-1.56959	-10.7312	-4.47709	3.57406	-0.122564	-73.6124	-47.2147	11.8332	-31.7968	16.0961	8.56514	-0.115809	27.7458	13.8628	-4.04126	-3.07878	-2.4681	0.0279882	-0.747797	0.0519552	0.0007117	0.214738	-1.41609	-3.45423	-0.744877	1.16082	-0.0505772	-0.101773	-0.207406
0.689858	-2.00524	9.18438	1.06188	-2.05691	2.01905	-1.09294	49.0804	-1.5608	-2.22641	-9.70238	-3.10982	2.82708	-0.131139	-73.2148	-48.9252	12.7048	-35.1797	15.6723	8.89102	-0.112497	28.2348	14.3616	-4.36812	-2.99838	-2.51674	0.024765	-0.768239	0.0511573	-0.00308279	0.207843	-1.54118	-3.45044	-0.727447	1.12674	-0.0485413	-0.0991881	-0.202949
0.693845	-1.64342	7.01529	0.716975	-2.27687	2.53363	-1.28173	49.9963	-0.941845	-2.9002	-8.79814	-1.91188	2.18334	-0.139648	-72.8208	-50.5764	13.5617	-38.4202	15.1614	9.18944	-0.108781	28.651	14.8211	-4.63186	-2.91107	-2.5442	0.0221792	-0.780956	0.0504554	-0.00587702	0.200796	-1.65848	-3.44963	-0.710083	1.09355	-0.0464456	-0.0965534	-0.198401
0.697833	-1.13545	5.2096	0.406766	-2.48117	2.91951	-1.37966	50.7717	-0.371443	-3.58397	-8.01328	-0.87648	1.63772	-0.147979	-72.4566	-52.1765	14.3997	-41.4865	14.5601	9.45886	-0.104704	28.9636	15.2419	-4.83121	-2.82152	-2.55051	0.0203023	-0.785729	0.0499256	-0.00760819	0.193811	-1.76745	-3.45241	-0.693263	1.06087	-0.0443435	-0.0939625	-0.193731
0.70182	-0.508026	3.90034	0.121532	-2.48745	2.94967	-1.47039	51.3625	0.146699	-4.26735	-7.33863	0.004673	1.18327	-0.156003	-72.1677	-53.7172	15.2139	-44.342	13.8654	9.69837	-0.100318	29.1282	15.6007	-4.96746	-2.73371	-2.53432	0.0192198	-0.782181	0.0496482	-0.00821837	0.18708	-1.86773	-3.46012	-0.67749	1.02817	-0.0422902	-0.0914918	-0.188912
0.705808	0.127329	3.23339	-0.147078	-2.03758	2.24546	-2.04746	51.7025	0.591931	-4.93254	-6.76192	0.741066	0.811383	-0.163569	-72.0347	-55.1679	15.9968	-46.9418	13.0738	9.90793	-0.0956627	29.1408	15.8422	-5.05244	-2.65772	-2.49497	0.019013	-0.770376	0.049716	-0.00769876	0.180939	-1.96329	-3.47328	-0.662627	0.993385	-0.0402712	-0.0891232	-0.183733
0.709796	0.509394	2.99223	-0.376591	-1.21705	0.658055	-0.94029	51.9691	0.904672	-5.54523	-6.32062	1.34733	0.510602	-0.170698	-71.8755	-56.4723	16.7318	-49.3219	12.185	10.088	-0.090807	28.8166	15.8932	-5.11994	-2.56046	-2.43331	0.0191088	-0.752966	0.0497876	-0.00668348	0.17456	-2.01775	-3.49692	-0.650798	0.966296	-0.0385708	-0.0869207	-0.179245
0.713783	0.311669	3.16712	-0.509371	-0.57681	0.944762	-1.11219	51.9786	0.978887	-6.06329	-5.94283	1.83401	0.2704	-0.177293	-71.7305	-57.4825	17.3954	-51.4338	11.2	10.2403	-0.0860395	28.608	15.7195	-5.19286	-2.46612	-2.36859	0.019508	-0.736748	0.0499268	-0.00571455	0.168639	-2.08932	-3.51668	-0.636912	0.936708	-0.0367709	-0.0841188	-0.174386
0.717771	-0.464829	3.12622	-0.516514	0.379686	1.97829	-1.97928	51.9378	0.853935	-6.47987	-5.70454	2.21779	0.0800534	-0.183398	-71.4427	-58.2557	17.986	-53.3305	10.1203	10.3644	-0.0814101	28.6009	15.2611	-5.26729	-2.37585	-2.28824	0.0203092	-0.717997	0.0501297	-0.00453619	0.162739	-2.16343	-3.53832	-0.623454	0.907888	-0.0350901	-0.0811309	-0.169776
0.721759	-1.71651	2.34762	-0.342933	0.294435	1.21908	-1.77617	52.0993	0.482777	-6.77097	-5.69829	2.5154	-0.0718113	-0.189034	-70.8664	-58.7671	18.4957	-55.0672	8.9467	10.4617	-0.0768453	28.6533	14.7298	-5.34506	-2.28277	-2.21545	0.0210935	-0.702009	0.0502068	-0.00379072	0.156694	-2.1969	-3.53913	-0.610144	0.891209	-0.0337885	-0.07784	-0.166593
0.725746	-3.15634	0.931445	-0.0749751	-0.021217	1.0365	-1.35348	52.3666	-0.0133786	-6.9614	-5.86266	2.73717	-0.191504	-0.194171	-69.9923	-59.1261	18.9366	-56.6242	7.68374	10.5317	-0.0725338	28.9154	14.1434	-5.43249	-2.19047	-2.14898	0.021664	-0.688864	0.0501119	-0.00341415	0.150579	-2.21788	-3.53237	-0.598363	0.881546	-0.0328428	-0.0745882	-0.164386
0.729734	-4.56215	-0.987413	0.228398	-0.242483	0.930203	-1.2161	52.672	-0.570801	-7.06001	-6.17541	2.89247	-0.285737	-0.198657	-68.9072	-59.4037	19.3193	-57.9745	6.33421	10.5753	-0.0684727	29.375	13.5609	-5.53521	-2.11508	-2.09027	0.0220116	-0.67782	0.0499349	-0.00320881	0.144849	-2.23163	-3.52022	-0.588382	0.875391	-0.032197	-0.071593	-0.162695
0.733721	-5.84199	-3.21963	0.544568	-0.453095	0.980297	-1.33862	52.9724	-1.15583	-7.06109	-6.60199	2.99037	-0.361097	-0.202395	-67.6697	-59.5973	19.6446	-59.0982	4.90199	10.5944	-0.064655	29.9665	13.0358	-5.65735	-2.05726	-2.04244	0.0220035	-0.669309	0.0496509	-0.0031745	0.139614	-2.23932	-3.49883	-0.579224	0.871943	-0.0317773	-0.0687168	-0.161276
0.737709	-6.93863	-5.61449	0.858348	-0.582937	1.06031	-1.40438	53.2502	-1.72078	-6.96526	-7.11563	3.03905	-0.423006	-0.205285	-66.3103	-59.7015	19.9116	-59.9909	3.39239	10.5908	-0.0610684	30.5923	12.5791	-5.79336	-2.01297	-2.00133	0.0216316	-0.661789	0.0492496	-0.00314478	0.134808	-2.23657	-3.46751	-0.570737	0.871631	-0.0315801	-0.0659197	-0.160085
0.741697	-7.80667	-8.02441	1.15069	-0.316472	1.1681	-1.26639	53.465	-2.21345	-6.77324	-7.68251	3.045	-0.475919	-0.207188	-64.8563	-59.7284	20.1218	-60.6517	1.8119	10.5662	-0.0577077	31.1869	12.167	-5.94054	-1.97847	-1.96453	0.0208649	-0.654876	0.0486997	-0.00311454	0.130406	-2.22075	-3.43025	-0.563503	0.874691	-0.0316313	-0.0632768	-0.159153
0.745684	-8.4824	-10.2999	1.4383	-0.539232	0.721279	-1.17272	53.5478	-2.64577	-6.47202	-8.26972	3.0135	-0.523725	-0.207941	-63.37	-59.5732	20.2615	-61.074	0.166178	10.5236	-0.0545118	31.7179	11.8882	-6.0962	-1.95507	-1.95048	0.0195732	-0.653585	0.0479451	-0.00357404	0.126667	-2.18852	-3.36798	-0.554639	0.883344	-0.0318506	-0.0602599	-0.158613
0.749672	-8.85635	-12.2668	1.66351	-0.599799	0.245454	-1.12954	53.4148	-2.90475	-6.08975	-8.82356	2.94806	-0.567208	-0.207414	-61.8645	-59.2656	20.334	-61.2643	-1.53678	10.4648	-0.051481	32.1613	11.6907	-6.25303	-1.93519	-1.94882	0.0177601	-0.655398	0.0469415	-0.00431967	0.123319	-2.14052	-3.28838	-0.545248	0.897612	-0.0322908	-0.0570216	-0.158516
0.753659	-8.87411	-13.7649	1.8085	-0.552216	-0.159141	-1.05707	52.9875	-2.93497	-5.63857	-9.29897	2.85137	-0.607136	-0.205455	-60.3476	-58.7872	20.3351	-61.2352	-3.28903	10.392	-0.0485922	32.4721	11.5848	-6.40254	-1.90992	-1.96106	0.0153387	-0.661018	0.0456006	-0.005477	0.120174	-2.07319	-3.18705	-0.534664	0.91906	-0.0329528	-0.0534025	-0.158977
0.757647	-8.49529	-14.6355	1.8611	-0.50449	-0.412115	-1.06062	52.1746	-2.69325	-5.12561	-9.65257	2.72573	-0.643945	-0.201945	-58.8372	-58.1173	20.2604	-60.9975	-5.08244	10.3076	-0.0458211	32.6317	11.581	-6.54011	-1.87519	-1.99024	0.012249	-0.671459	0.0438693	-0.00716083	0.117207	-1.98704	-3.0589	-0.52188	0.948182	-0.0338013	-0.0492133	-0.159993
0.761635	-7.7234	-14.7857	1.82174	-0.590148	-0.456515	-1.23178	50.9186	-2.16944	-4.55544	-9.85364	2.57383	-0.677812	-0.196826	-57.3423	-57.2457	20.1076	-60.5641	-6.90856	10.2143	-0.0431662	32.6345	11.6798	-6.6633	-1.83064	-2.04038	0.00847946	-0.688056	0.0417385	-0.00949123	0.114539	-1.88376	-2.90169	-0.506204	0.985026	-0.0347927	-0.0443352	-0.161557
0.765622	-6.55022	-14.127	1.68886	-0.769651	-0.157816	-1.60166	49.1552	-1.33744	-3.9374	-9.87118	2.39708	-0.707935	-0.190015	-55.8572	-56.1749	19.8759	-59.9523	-8.75869	10.1147	-0.0406291	32.4744	11.8594	-6.76112	-1.77161	-2.11034	0.00406075	-0.71082	0.0391882	-0.0124958	0.112088	-1.76475	-2.71507	-0.487514	1.0304	-0.0359481	-0.0387021	-0.163834
0.76961	-5.0063	-12.6528	1.49235	-1.34883	-1.06143	-2.028	46.8534	-0.193774	-3.27319	-9.71531	2.19734	-0.733898	-0.181417	-54.3995	-54.8837	19.5621	-59.1877	-10.6259	10.0123	-0.038109	32.0879	12.1167	-6.8198	-1.69688	-2.20306	-0.000918655	-0.740406	0.0362249	-0.0162927	0.109869	-1.62195	-2.48945	-0.464817	1.08606	-0.0372847	-0.032131	-0.167084
0.773598	-3.05298	-10.3496	1.20247	-1.04007	-1.64303	-2.048	44.0112	1.36379	-2.59718	-9.35377	1.97638	-0.753278	-0.171101	-52.89	-53.4699	19.1779	-58.3002	-12.4997	9.90914	-0.0356965	31.4846	12.2881	-6.83326	-1.58882	-2.29629	-0.0064858	-0.772239	0.0327492	-0.0206002	0.107232	-1.46096	-2.2502	-0.441628	1.15148	-0.038936	-0.0251037	-0.171518
0.777585	-0.920465	-7.23066	0.895106	-0.831853	-1.51037	-2.168	40.6033	3.2498	-1.88227	-8.77811	1.73627	-0.766449	-0.159099	-51.3335	-51.8123	18.7042	-57.2975	-14.3724	9.81023	-0.033428	30.7507	12.3914	-6.79971	-1.44767	-2.40839	-0.0127547	-0.812328	0.0286955	-0.0260441	0.104408	-1.29479	-1.98184	-0.414189	1.22688	-0.0407163	-0.0169179	-0.177174
0.781573	1.03811	-3.57672	0.653537	-1.01394	-0.925402	-1.86173	36.7547	5.38413	-1.11549	-8.03332	1.48275	-0.774234	-0.145639	-49.6418	-49.8309	18.1257	-56.2242	-16.2357	9.72067	-0.0313256	29.9075	12.3197	-6.72948	-1.26074	-2.54057	-0.019917	-0.862805	0.0239154	-0.0331014	0.101022	-1.118	-1.6839	-0.382176	1.315	-0.0426474	-0.00738607	-0.184519
0.78556	2.21828	-0.165279	0.598089	-1.67008	-0.771997	-1.00032	32.7193	7.62767	-0.281331	-7.2267	1.22616	-0.779004	-0.131158	-47.6396	-47.4168	17.4178	-55.168	-18.0806	9.64661	-0.0294281	29.1507	11.8754	-6.66103	-1.02398	-2.69038	-0.0281742	-0.925383	0.0182964	-0.0423529	0.0965702	-0.921954	-1.35773	-0.345987	1.41771	-0.0447718	0.00346868	-0.193985
0.789548	2.80832	1.57397	0.757215	-1.06044	-2.03761	0.454968	29.1587	9.56778	0.512002	-6.57568	1.00189	-0.782079	-0.117705	-45.1535	-45.2152	16.6985	-54.2156	-19.8902	9.58177	-0.0280404	28.7579	11.1061	-6.55594	-0.776421	-2.79131	-0.0366684	-0.97583	0.01248	-0.0511323	0.0904057	-0.721972	-1.07225	-0.318758	1.51874	-0.0473024	0.0125238	-0.204213
0.793536	4.11399	2.85273	0.858763	0.782833	-1.93133	-0.639505	25.6311	11.4834	1.16238	-5.91051	0.798467	-0.774016	-0.104946	-42.6392	-43.4581	16.0334	-53.2156	-21.66	9.52543	-0.0271672	28.7582	10.4934	-6.34154	-0.563237	-2.85271	-0.0448304	-1.01016	0.00700932	-0.0579919	0.0840266	-0.580161	-0.826342	-0.298399	1.603	-0.0498815	0.019545	-0.21312
0.797523	6.25259	4.38413	0.932908	0.65528	-0.435304	-1.33267	22.1633	13.2815	1.69525	-5.21325	0.613581	-0.754851	-0.0928274	-40.1526	-41.9463	15.3989	-52.1432	-23.3879	9.48274	-0.0266572	28.5969	10.4378	-5.99875	-0.338466	-2.92537	-0.0533745	-1.04227	0.00159433	-0.0642637	0.0775858	-0.45127	-0.578414	-0.279399	1.68538	-0.0524996	0.025762	-0.22154
0.801511	8.74162	6.18713	1.05077	-2.50141	0.360373	2.03518	18.9709	14.8686	2.13763	-4.56772	0.450111	-0.727261	-0.0814186	-37.5803	-40.4926	14.7605	-51.0538	-25.0724	9.45913	-0.0262979	27.8025	10.8708	-5.56739	-0.0511283	-3.0244	-0.0630519	-1.07973	-0.0041749	-0.0712535	0.0704599	-0.270925	-0.31742	-0.261094	1.77943	-0.0552827	0.031707	-0.230623
0.805498	11.5078	8.73475	1.0289	-3.84326	-0.921374	1.21491	15.5116	16.471	2.45318	-3.88164	0.29875	-0.687832	-0.0703089	-35.6351	-39.308	14.1641	-49.7766	-26.7154	9.45473	-0.0260046	27.1	11.1837	-5.06631	0.152704	-3.08955	-0.0715647	-1.10324	-0.00888904	-0.0760098	0.0655024	-0.170697	-0.0935441	-0.242349	1.83966	-0.0572369	0.0366579	-0.235994
0.809486	13.6473	11.1194	1.07454	-6.05118	-1.15091	2.60136	12.5388	17.6349	2.69495	-3.27842	0.181611	-0.644911	-0.0608328	-33.6655	-38.2023	13.5745	-48.4826	-28.3068	9.47207	-0.0260683	26.1216	11.4331	-4.56669	0.386892	-3.14746	-0.0808527	-1.12652	-0.0135092	-0.0810218	0.0601743	-0.0607223	0.0929426	-0.228418	1.89658	-0.0591534	0.0406244	-0.240921
0.813474	15.3338	13.3107	1.09408	-6.97082	-0.890546	3.41941	9.89631	18.5394	2.81899	-2.73653	0.0934068	-0.596351	-0.0527687	-31.8655	-37.3176	13.0196	-47.142	-29.8468	9.51006	-0.0264131	25.1807	11.4089	-4.0793	0.600393	-3.17638	-0.0903376	-1.14269	-0.0176974	-0.085322	0.0552874	0.0130928	0.221715	-0.219971	1.93478	-0.0607498	0.0431932	-0.244042
0.817461	16.5796	15.1889	1.11319	-7.23788	-0.622048	3.76349	7.6113	19.1823	2.83261	-2.27629	0.0321715	-0.543306	-0.046029	-30.2112	-36.6032	12.4935	-45.782	-31.3364	9.56949	-0.0269641	24.2971	11.1864	-3.60558	0.794844	-3.18866	-0.100208	-1.15502	-0.0215496	-0.0892549	0.0508495	0.0554987	0.306933	-0.215015	1.9565	-0.0619773	0.0447115	-0.245508
0.821449	17.4322	16.7019	1.13434	-7.03808	-0.484698	3.82915	5.69533	19.5863	2.73869	-1.90356	-0.00476749	-0.486631	-0.0405174	-28.677	-36.0442	11.9959	-44.4255	-32.7771	9.65038	-0.0276659	23.4696	10.8067	-3.14667	0.97485	-3.18893	-0.110634	-1.1648	-0.0251671	-0.0930003	0.0467308	0.0725204	0.354061	-0.212965	1.96363	-0.0628308	0.0453091	-0.245445
0.825437	18.1903	17.4883	0.995578	-5.67994	-0.603211	3.29965	4.6492	19.9001	2.40617	-2.87018	0.553178	-0.309894	-0.0362391	-27.1945	-35.6355	11.5269	-43.0773	-34.1686	9.75223	-0.0286292	22.6647	10.1889	-2.70719	1.16228	-3.17096	-0.121894	-1.17223	-0.0287389	-0.0967527	0.0424602	0.0687841	0.347643	-0.21636	1.96041	-0.0634803	0.0448783	-0.244327
0.829424	18.3619	18.3455	0.966733	-3.75849	0.0977743	3.23479	3.35496	19.9371	2.09844	-2.42655	0.477292	-0.257106	-0.0329109	-25.8332	-35.4275	11.1029	-41.7801	-35.5176	9.8741	-0.0295422	21.9468	9.45989	-2.28107	1.32535	-3.14144	-0.133685	-1.17608	-0.0320528	-0.100266	0.0384685	0.0433131	0.311685	-0.222172	1.94184	-0.063722	0.0435306	-0.241714
0.833412	18.0447	18.7706	0.977428	-3.49859	1.93358	4.72197	2.52852	19.6432	1.74613	-2.09734	0.421917	-0.206921	-0.0306543	-24.378	-35.177	10.6835	-40.5646	-36.8237	10.0177	-0.0305909	21.1507	8.81221	-1.88458	1.52249	-3.14326	-0.147084	-1.19162	-0.0356673	-0.105447	0.0341684	0.0316923	0.268125	-0.228459	1.92704	-0.0638458	0.0421658	-0.239322
0.837399	17.5453	18.9676	0.892538	-1.84192	2.33646	4.99694	1.89749	19.2405	1.3191	-1.85092	0.380275	-0.157019	-0.0290823	-23.1134	-35.1292	10.3131	-39.3839	-38.0936	10.1797	-0.0315909	20.4451	7.98591	-1.51739	1.69678	-3.132	-0.161021	-1.20414	-0.039007	-0.11046	0.0302174	-0.00427821	0.187412	-0.238201	1.89698	-0.0636077	0.0398639	-0.235432
0.841387	16.8717	19.2238	0.693004	0.717674	1.77784	1.22287	1.22153	18.7066	0.866214	-1.61918	0.347773	-0.108617	-0.0279846	-22.2531	-35.2198	9.98551	-38.1792	-39.3318	10.3599	-0.0325653	20.0798	7.04368	-1.17729	1.80513	-3.12244	-0.174906	-1.216	-0.041668	-0.114953	0.0278067	-0.10472	0.0869631	-0.246275	1.84443	-0.0626952	0.0372577	-0.229207
0.845375	15.8042	19.0721	0.55723	0.843433	0.857269	0.357844	0.989464	17.8736	0.424692	-1.51522	0.332259	-0.0659168	-0.0276384	-21.1954	-35.2295	9.65699	-37.1246	-40.5383	10.559	-0.0334933	19.4351	6.30401	-0.892268	1.97343	-3.14876	-0.190643	-1.24006	-0.0447873	-0.121422	0.0244077	-0.151247	-0.00266094	-0.254605	1.80618	-0.0618798	0.0348745	-0.224247
0.849362	14.5731	18.8814	0.388979	0.485137	-1.47469	-1.98377	0.809132	16.8913	0.000696172	-1.45128	0.325244	-0.0272649	-0.0276495	-20.3397	-35.3054	9.35688	-36.1182	-41.7198	10.7746	-0.0342917	18.89	5.59691	-0.649654	2.11838	-3.18576	-0.206744	-1.26589	-0.0475505	-0.127946	0.021608	-0.218417	-0.0911445	-0.259748	1.75864	-0.060559	0.0327224	-0.218122
0.85335	13.275	18.3382	0.302168	0.0928949	-2.74584	-1.14052	0.976943	15.8737	-0.43088	-1.44115	0.32884	0.00756145	-0.0281682	-19.2975	-35.5083	9.08432	-35.2468	-42.875	11.004	-0.0350499	18.1902	4.86867	-0.433942	2.30986	-3.21376	-0.223643	-1.29029	-0.0504688	-0.134871	0.0176298	-0.250496	-0.200031	-0.268962	1.71953	-0.059348	0.0302746	-0.212774
0.857337	11.9572	17.7281	0.253312	0.402223	-1.16859	0.0195542	1.25924	14.8822	-0.852969	-1.39206	0.338181	0.0391449	-0.0290464	-18.2835	-35.8342	8.8424	-34.4306	-44.0066	11.2462	-0.0358937	17.6603	4.04756	-0.226607	2.49753	-3.22634	-0.240323	-1.30984	-0.0530576	-0.141195	0.0135815	-0.299891	-0.333542	-0.279816	1.67885	-0.0579786	0.0277995	-0.207193
0.861325	10.6312	17.1688	0.203814	1.08896	-0.59482	-0.398525	1.44539	13.9001	-1.2362	-1.32454	0.349405	0.0668628	-0.0299701	-17.4978	-36.2338	8.62934	-33.6486	-45.1221	11.5016	-0.0366139	17.3301	3.18664	-0.0281418	2.64497	-3.22739	-0.256137	-1.32311	-0.0550301	-0.14645	0.0102066	-0.383673	-0.46639	-0.287147	1.62776	-0.0561408	0.0257096	-0.200418
0.865313	9.25694	16.5307	0.206189	0.905944	-0.760144	-0.640758	1.68707	12.9218	-1.56219	-1.26373	0.366608	0.0889406	-0.0311705	-16.7747	-36.5609	8.42386	-32.9433	-46.2226	11.7708	-0.0372754	17.0202	2.43624	0.140302	2.78527	-3.2373	-0.271503	-1.33653	-0.0566667	-0.151587	0.00699533	-0.468471	-0.579782	-0.290155	1.57814	-0.0540994	0.024351	-0.193607
0.8693	7.91219	15.9844	0.201205	0.482579	-0.878684	-1.72958	1.88392	11.9709	-1.8316	-1.17297	0.3873	0.106177	-0.0325593	-16.1922	-36.8655	8.23444	-32.2863	-47.31	12.0522	-0.0379121	16.8226	1.7651	0.285763	2.90423	-3.24411	-0.285873	-1.34589	-0.0578675	-0.156013	0.00401493	-0.567337	-0.683257	-0.289668	1.52695	-0.0518178	0.0235556	-0.186456
0.873288	6.62419	15.4371	0.190039	0.0488934	-0.954983	-1.95311	2.12855	11.054	-2.05333	-1.0794	0.411931	0.118774	-0.0341222	-15.6164	-37.1852	8.06466	-31.715	-48.3857	12.3442	-0.0384983	16.59	1.16325	0.411176	3.02796	-3.23535	-0.29913	-1.348	-0.0588445	-0.159739	0.000443477	-0.652138	-0.785983	-0.289262	1.48045	-0.0495523	0.0229431	-0.179658
0.877276	5.41183	14.9589	0.153104	-0.382627	-0.988552	-1.98762	2.34293	10.1517	-2.21478	-0.96672	0.438692	0.126664	-0.0357667	-15.1019	-37.5305	7.91568	-31.2133	-49.452	12.6459	-0.0390247	16.3952	0.641158	0.524245	3.14073	-3.20784	-0.310573	-1.34083	-0.0594513	-0.162328	-0.00344422	-0.733263	-0.885362	-0.287661	1.43622	-0.047207	0.0226415	-0.172903
0.881263	4.32391	14.5803	0.101283	-0.644924	-1.10109	-1.89324	2.5093	9.2726	-2.3135	-0.833464	0.466671	0.130011	-0.0374412	-14.655	-37.9368	7.78936	-30.7838	-50.5105	12.9556	-0.0394612	16.2303	0.192343	0.635015	3.24041	-3.15567	-0.319578	-1.32219	-0.0596629	-0.163514	-0.00772306	-0.81005	-0.980839	-0.284713	1.39436	-0.0447837	0.0226801	-0.166199
0.885251	3.38823	14.3621	0.0578695	-0.634924	-1.27492	-1.80983	2.62289	8.43165	-2.35018	-0.676082	0.49542	0.129128	-0.0391341	-14.2918	-38.4256	7.6854	-30.426	-51.5629	13.2724	-0.0397767	16.0713	-0.193762	0.751968	3.32584	-3.07325	-0.325464	-1.29003	-0.0594423	-0.163048	-0.0124751	-0.881281	-1.07102	-0.280313	1.35563	-0.0423171	0.0231	-0.159663
0.889238	2.62575	14.3182	0.0185213	0.14902	-1.53169	-1.43393	2.70453	7.66173	-2.33818	-0.497083	0.524856	0.12479	-0.0408539	-13.995	-39.0395	7.60876	-30.1451	-52.6102	13.5946	-0.0399382	15.8687	-0.569062	0.877634	3.39975	-2.94772	-0.327567	-1.24063	-0.058798	-0.160618	-0.0179783	-0.94105	-1.16441	-0.276779	1.32074	-0.0399288	0.0236077	-0.153477
0.893226	1.84648	14.3471	0.0368403	-0.20539	-2.43106	-0.234407	2.80903	6.85507	-2.24675	-0.316755	0.557337	0.115264	-0.0427092	-13.7131	-39.5767	7.53379	-29.9476	-53.653	13.924	-0.0400498	15.5658	-0.763297	0.997143	3.47039	-2.80933	-0.325917	-1.18237	-0.0578237	-0.157071	-0.0239649	-0.978317	-1.23024	-0.268732	1.29483	-0.0375702	0.0249811	-0.147992
0.897214	1.11385	14.6756	0.042673	-0.358104	-2.29183	-0.580834	2.80088	6.09256	-2.09972	-0.0624045	0.590954	0.102588	-0.044744	-13.6279	-40.1285	7.4753	-29.7652	-54.6908	14.2581	-0.0402608	15.4067	-0.92234	1.11511	3.50142	-2.64696	-0.320503	-1.11252	-0.0562706	-0.151686	-0.0297448	-1.03131	-1.29052	-0.258313	1.26897	-0.0351456	0.0268037	-0.142426
0.901201	0.407167	15.1261	0.074187	-0.412075	-2.3614	-0.629818	2.81266	5.36379	-1.91674	0.205365	0.627187	0.0872856	-0.0469571	-13.58	-40.717	7.43553	-29.6566	-55.7249	14.596	-0.0404523	15.1677	-1.05443	1.2269	3.53198	-2.45885	-0.312497	-1.0318	-0.0546082	-0.145214	-0.0362387	-1.0665	-1.3471	-0.247894	1.24843	-0.0328326	0.0288074	-0.137382
0.905189	-0.290227	15.7064	0.121205	-0.383589	-2.52746	-0.647628	2.83138	4.65976	-1.70567	0.490361	0.666042	0.0698729	-0.049367	-13.5771	-41.337	7.41378	-29.6182	-56.7565	14.937	-0.0405907	14.8735	-1.16565	1.33395	3.56231	-2.25156	-0.302441	-0.942727	-0.0529674	-0.137969	-0.0433139	-1.08702	-1.39912	-0.237116	1.23291	-0.0306239	0.0310397	-0.13285
0.909176	-0.979175	16.3742	0.178566	-0.240311	-2.66485	-0.714082	2.84866	3.99789	-1.47907	0.802996	0.707116	0.0513235	-0.051994	-13.6259	-41.9821	7.40878	-29.6399	-57.7865	15.2804	-0.0406673	14.5738	-1.26849	1.43648	3.58795	-2.03068	-0.290779	-0.847488	-0.0514341	-0.130138	-0.0507215	-1.09985	-1.44621	-0.225441	1.22094	-0.0284862	0.0335481	-0.128673
0.913164	-1.68947	17.0336	0.276287	-0.224664	-2.76938	-0.614278	2.87506	3.39028	-1.24503	1.15168	0.749687	0.0325608	-0.0548407	-13.7203	-42.6256	7.41644	-29.7131	-58.8159	15.6256	-0.0406836	14.3169	-1.36699	1.53615	3.60501	-1.79978	-0.277703	-0.747252	-0.0500067	-0.121763	-0.0582933	-1.11136	-1.48604	-0.212129	1.21115	-0.0263855	0.0363837	-0.124711
0.917152	-2.39506	17.6546	0.413363	0.293796	-1.75991	-0.0304791	2.95627	2.89222	-1.02149	1.54712	0.793727	0.0146959	-0.0579551	-13.8212	-43.3094	7.44247	-29.8343	-59.8437	15.9713	-0.040706	14.1162	-1.535	1.63378	3.61717	-1.55093	-0.263415	-0.640529	-0.0487398	-0.112783	-0.066199	-1.11968	-1.53178	-0.200923	1.2056	-0.0245426	0.0391292	-0.121353
0.921139	-3.17365	18.233	0.599095	0.237102	-0.821598	0.944051	3.06848	2.42091	-0.801709	1.96834	0.839108	-0.00248157	-0.0612871	-13.9346	-43.9493	7.47247	-30.0118	-60.8718	16.3178	-0.0406736	13.9256	-1.67413	1.72843	3.63048	-1.30484	-0.248297	-0.533395	-0.0477368	-0.103895	-0.0742184	-1.11939	-1.56069	-0.187849	1.20612	-0.0229227	0.0422368	-0.118742
0.925127	-3.95512	18.8727	0.789687	0.0559509	-0.906605	0.893364	3.08745	2.01158	-0.598648	2.43605	0.88393	-0.0176912	-0.0647746	-14.1719	-44.58	7.51021	-30.2217	-61.9022	16.6648	-0.0405385	13.8226	-1.81031	1.82971	3.62635	-1.0616	-0.232304	-0.426215	-0.0468545	-0.0949176	-0.0819196	-1.13162	-1.57029	-0.170996	1.20494	-0.0213179	0.0457366	-0.116048
0.929115	-4.7007	19.5196	0.989892	0.011071	-0.893448	0.87308	3.12553	1.69715	-0.431138	2.93224	0.929688	-0.0302121	-0.068502	-14.4321	-45.2066	7.55407	-30.4829	-62.9337	17.0116	-0.0403495	13.7294	-1.94704	1.94012	3.62721	-0.820766	-0.215935	-0.319605	-0.0463419	-0.0862936	-0.0897744	-1.14121	-1.57017	-0.153032	1.20671	-0.0199033	0.0494103	-0.113703
0.933102	-5.3809	20.1775	1.20076	0.0471857	-0.799219	0.951554	3.19216	1.49225	-0.305651	3.45148	0.976062	-0.0393851	-0.0724577	-14.7048	-45.822	7.60188	-30.7982	-63.9667	17.3581	-0.0401014	13.6262	-2.06633	2.05862	3.63821	-0.586673	-0.199535	-0.214983	-0.0463247	-0.0782869	-0.0978206	-1.14768	-1.55852	-0.133452	1.21065	-0.0186566	0.0532671	-0.111532
0.93709	-5.96138	20.8514	1.4261	0.161742	-0.644579	1.07193	3.27387	1.42344	-0.228707	3.9983	1.02243	-0.0443208	-0.0766371	-14.9788	-46.4317	7.65404	-31.1668	-65.0009	17.7038	-0.0398187	13.5105	-2.16879	2.1861	3.66017	-0.363033	-0.183511	-0.113677	-0.0469083	-0.0710706	-0.105971	-1.15279	-1.53579	-0.112237	1.21556	-0.017556	0.0572493	-0.109385
0.941077	-6.36912	21.5057	1.67659	0.21935	-0.486025	1.19462	3.38633	1.54301	-0.226047	4.5668	1.06858	-0.0428515	-0.081066	-15.2497	-47.0205	7.70824	-31.5862	-66.0361	18.0485	-0.0395176	13.3902	-2.23239	2.32633	3.694	-0.155786	-0.168041	-0.0174252	-0.0481442	-0.0648483	-0.114136	-1.15733	-1.50192	-0.0891478	1.22105	-0.0165591	0.0613574	-0.107219
0.945065	-6.58963	22.1541	1.95604	0.507783	-0.00814813	1.18524	3.52171	1.86713	-0.290997	5.16328	1.11411	-0.0350884	-0.085737	-15.5209	-47.6057	7.76677	-32.0485	-67.0717	18.3921	-0.0392216	13.2861	-2.28055	2.485	3.73539	0.0360919	-0.152904	0.0737736	-0.0498323	-0.0595124	-0.122161	-1.16541	-1.46351	-0.0652265	1.22589	-0.0156527	0.0654512	-0.104912
0.949053	-6.61831	22.8148	2.27437	0.845348	0.244233	0.642842	3.63268	2.39859	-0.417515	5.79379	1.15761	-0.0206487	-0.0905856	-15.8268	-48.1727	7.82723	-32.5459	-68.1082	18.7346	-0.0388971	13.2211	-2.29777	2.66328	3.7744	0.206878	-0.137971	0.158047	-0.0516192	-0.0549667	-0.129619	-1.18459	-1.41366	-0.0384762	1.22738	-0.0147324	0.0696797	-0.102144
0.95304	-6.47197	23.4271	2.65105	0.902508	-0.0263688	0.134544	3.74959	3.12717	-0.601884	6.44342	1.1985	0.00072919	-0.09556	-16.1223	-48.6942	7.88539	-33.0899	-69.1453	19.0765	-0.0385235	13.1477	-2.25569	2.85408	3.82211	0.353711	-0.12355	0.234919	-0.0537079	-0.0515079	-0.13676	-1.20776	-1.3479	-0.00823239	1.22706	-0.0138162	0.0741201	-0.0990695
0.957028	-6.14878	23.9814	3.09527	0.704159	-0.540308	-0.0962809	3.89356	4.06149	-0.841488	7.10645	1.23625	0.029337	-0.100625	-16.3857	-49.1633	7.93957	-33.6811	-70.1818	19.4179	-0.0381181	13.0516	-2.15796	3.05556	3.87863	0.474093	-0.109691	0.303398	-0.0558815	-0.0491374	-0.143414	-1.23131	-1.26944	0.0245665	1.22646	-0.0129617	0.0786914	-0.0958893
0.961015	-5.62836	24.5018	3.61007	0.811269	-0.415724	-0.256512	4.06732	5.25506	-1.13858	7.79353	1.27009	0.0659971	-0.105773	-16.63	-49.6166	7.99631	-34.3023	-71.2159	19.7583	-0.0377336	12.9837	-2.0797	3.27209	3.93398	0.575159	-0.0962866	0.364802	-0.0579326	-0.0474618	-0.149384	-1.26116	-1.19353	0.0562657	1.22476	-0.0122559	0.082966	-0.0926326
0.965003	-4.89621	24.9256	4.23246	0.597346	-0.571155	0.207159	4.27585	6.70835	-1.49141	8.4913	1.29833	0.111865	-0.110896	-16.8173	-50.004	8.04907	-34.9673	-72.2468	20.0987	-0.0373143	12.8859	-1.95733	3.50557	3.99691	0.64948	-0.0835821	0.417554	-0.0599361	-0.0467668	-0.154722	-1.29057	-1.11281	0.0880441	1.22187	-0.0116514	0.087002	-0.0892497
0.968991	-3.94624	25.3624	4.93299	0.538651	-0.536697	0.135209	4.42495	8.43309	-1.88553	9.22959	1.31901	0.166703	-0.115913	-17.0419	-50.3645	8.10453	-35.64	-73.2726	20.4386	-0.0368991	12.8851	-1.84543	3.76013	4.04404	0.702346	-0.0711862	0.462142	-0.0616679	-0.0465026	-0.158993	-1.33772	-1.03554	0.118669	1.21419	-0.0110986	0.0906195	-0.0854261
0.972978	-2.83687	25.7811	5.71149	0.505677	-0.576558	0.0562071	4.52827	10.3613	-2.29579	9.99268	1.33093	0.22877	-0.120671	-17.2605	-50.6963	8.16289	-36.3306	-74.2909	20.7782	-0.0364782	12.9303	-1.7324	4.02954	4.0838	0.735215	-0.0592219	0.499268	-0.0631849	-0.0467573	-0.162423	-1.39258	-0.962724	0.147481	1.20399	-0.0106347	0.093798	-0.0814291
0.976966	-1.58846	26.2008	6.56161	0.641373	-0.659622	0.0437711	4.58235	12.4516	-2.70498	10.7752	1.33258	0.29684	-0.125026	-17.4648	-51.0168	8.22656	-37.0379	-75.2986	21.1175	-0.0360583	13.0045	-1.62519	4.31283	4.1184	0.752281	-0.0476717	0.530224	-0.0644892	-0.0474444	-0.165154	-1.45075	-0.899608	0.172759	1.19234	-0.0103119	0.0963695	-0.0774329
0.980954	-0.284988	26.7095	7.47805	0.459502	-0.550035	-0.416384	4.5371	14.6004	-3.08543	11.5826	1.32245	0.368589	-0.128817	-17.6934	-51.2882	8.28792	-37.7489	-76.2929	21.4571	-0.0356605	13.1413	-1.47443	4.609	4.14428	0.744649	-0.0365488	0.552463	-0.0655664	-0.048689	-0.166999	-1.51242	-0.841853	0.195466	1.18107	-0.0101158	0.0984913	-0.0736014
0.984941	1.21926	27.3186	8.40381	2.24078	-0.985288	-1.22264	4.35431	16.9268	-3.44486	12.4197	1.29749	0.444518	-0.131836	-17.922	-51.7093	8.37913	-38.4664	-77.2703	21.7949	-0.035238	13.289	-1.49102	4.92044	4.15997	0.752913	-0.025563	0.576876	-0.066416	-0.0495948	-0.168642	-1.58364	-0.817259	0.208574	1.1627	-0.0101018	0.0992401	-0.069372
0.988929	2.62091	27.9659	9.41912	2.45875	-0.0898794	-1.4146	4.15688	19.1181	-3.74354	13.249	1.25944	0.520275	-0.134021	-18.0825	-51.9744	8.45098	-39.1943	-78.2258	22.1338	-0.0349252	13.4491	-1.34427	5.24744	4.18644	0.716214	-0.015467	0.587896	-0.0672383	-0.0517891	-0.169471	-1.63636	-0.793693	0.21916	1.1551	-0.0103712	0.0998167	-0.0663225
0.992916	4.0434	28.6133	10.43	3.65167	-1.44689	-0.774245	3.81429	21.2332	-3.98012	14.0843	1.20323	0.594643	-0.134994	-18.1408	-52.3392	8.54641	-39.962	-79.1574	22.471	-0.0344954	13.4764	-1.26412	5.58527	4.22748	0.68777	-0.00606762	0.600927	-0.0680528	-0.0542337	-0.17055	-1.67827	-0.793448	0.221398	1.14298	-0.0107827	0.0991728	-0.0631765
0.996904	5.01959	29.3595	11.4599	2.14961	-0.350153	-0.00198449	3.41132	22.8562	-4.10722	14.9206	1.13357	0.659818	-0.134874	-18.1601	-52.4732	8.61038	-40.7138	-80.0572	22.8094	-0.0342602	13.6033	-0.94317	5.93277	4.27106	0.600021	0.00235998	0.596804	-0.0687659	-0.0580566	-0.170453	-1.70135	-0.790892	0.222174	1.14727	-0.0115016	0.0986861	-0.0617778
1.00089	6.03735	30.3121	12.2901	4.00875	-2.45953	-1.65873	2.57447	24.3968	-4.17416	15.8519	1.04204	0.720242	-0.133311	-18.3116	-52.9403	8.73412	-41.4336	-80.9253	23.1429	-0.0338541	13.8562	-0.936964	6.28076	4.26714	0.570696	0.0116309	0.605621	-0.0689386	-0.059845	-0.170388	-1.77202	-0.827893	0.213172	1.12833	-0.0120009	0.0965782	-0.0584697
1.00488	6.45697	31.1279	13.0828	3.24706	-2.3563	-0.845392	1.83837	25.2441	-4.13427	16.7284	0.938005	0.765515	-0.130415	-18.2158	-53.184	8.82798	-42.1825	-81.7492	23.4755	-0.0336339	14.0064	-0.686274	6.62231	4.29996	0.505055	0.0201258	0.606979	-0.0693129	-0.0629297	-0.170485	-1.80411	-0.858432	0.203918	1.12769	-0.0128462	0.0948303	-0.0568827
1.00887	6.47772	32.0839	13.6827	2.64201	-2.32444	-0.993351	0.850242	25.5736	-4.02092	17.6479	0.817175	0.797023	-0.126045	-18.1373	-53.4652	8.93216	-42.8973	-82.5266	23.8039	-0.0334618	14.2592	-0.471878	6.96734	4.31123	0.444853	0.0288085	0.608125	-0.0693758	-0.065471	-0.170201	-1.85883	-0.896962	0.193213	1.12196	-0.0136158	0.0928585	-0.0547697
1.01285	33.5772	40.8263	6.4568	391.257	-6.00934	29.0456	0.847327	56.8984	-6.40583	19.2189	0.561675	1.18981	-0.121298	-15.6257	-83.8649	13.9719	-42.8046	-83.1563	23.7631	-0.0321212	4.90484	-36.4793	7.1529	3.7524	7.08194	0.0929541	2.30114	-0.0609165	0.0911201	-0.265414	-2.43408	-6.41223	-1.34449	0.186641	-0.0392359	-0.089209	0.00129969
1.01684	28.5797	43.2923	7.41445	333.439	-12.461	9.89611	-2.37265	51.5848	-5.63598	20.5214	0.41098	1.13949	-0.113507	-17.1554	-79.8499	13.374	-43.2222	-83.858	24.0847	-0.0318883	7.07446	-31.1305	7.50348	3.61655	6.0163	0.0955741	2.01829	-0.0601225	0.0688964	-0.244687	-2.64522	-5.5655	-1.107	0.242629	-0.0339808	-0.0628487	0.00405311
1.02083	23.3265	45.7324	8.04778	279.204	-18.1701	-6.62968	-5.64881	45.9118	-4.93182	21.8147	0.249229	1.07473	-0.104352	-18.3793	-76.1364	12.8262	-43.6537	-84.4965	24.348	-0.031729	9.01034	-26.1712	7.8324	3.51733	5.02554	0.0974106	1.75862	-0.059763	0.0476211	-0.226055	-2.82204	-4.79934	-0.889596	0.299845	-0.0293215	-0.0387953	0.00615533
1.02482	17.858	48.2587	8.33335	228.713	-23.2679	-21.1374	-9.07565	39.94	-4.30576	23.1071	0.0786973	0.996414	-0.0939647	-19.321	-72.7198	12.3272	-44.0828	-85.0668	24.5583	-0.0316439	10.734	-21.6245	8.14675	3.44417	4.11341	0.0989489	1.52232	-0.0594304	0.0276917	-0.209281	-2.97505	-4.10956	-0.690666	0.35539	-0.0251494	-0.0168538	0.00796105
1.0288	12.2432	50.9495	8.26931	182.06	-27.7693	-34.0981	-12.7011	33.7533	-3.76793	24.3964	-0.0969249	0.906086	-0.082592	-19.9993	-69.5889	11.8739	-44.4959	-85.5636	24.7207	-0.0316372	12.2561	-17.4967	8.4554	3.39198	3.28149	0.100393	1.30939	-0.0589434	0.00930025	-0.194249	-3.10971	-3.49315	-0.509715	0.407693	-0.0214233	0.00302939	0.00964305
1.03279	6.5676	53.8428	7.87056	139.298	-31.5967	-45.9027	-16.5302	27.4598	-3.32479	25.6733	-0.273223	0.806052	-0.0705574	-20.4374	-66.7253	11.4624	-44.8798	-85.9811	24.8401	-0.0316937	13.5901	-13.7838	8.76182	3.35709	2.52968	0.101856	1.11952	-0.0582426	-0.00746956	-0.18089	-3.22872	-2.94764	-0.346742	0.455825	-0.0181308	0.0208404	0.0112994
1.03678	0.926056	56.9398	7.16959	100.45	-34.6011	-56.8585	-20.5232	21.1865	-2.97859	26.9207	-0.44553	0.699239	-0.0582283	-20.6665	-64.1064	11.0884	-45.2228	-86.3136	24.9207	-0.0317741	14.7489	-10.4763	9.06219	3.33541	1.85718	0.103327	0.952136	-0.0573043	-0.0225486	-0.169122	-3.33396	-2.4702	-0.201445	0.49934	-0.0152481	0.0366246	0.0129756
1.04077	-4.58778	60.2008	6.22078	65.5331	-36.6238	-67.1476	-24.6138	15.0663	-2.72573	28.12	-0.609859	0.589037	-0.0459556	-20.7108	-61.7111	10.7477	-45.5138	-86.5547	24.9666	-0.0318586	15.7414	-7.57102	9.3556	3.32372	1.26173	0.104818	0.806129	-0.0561276	-0.0359503	-0.158831	-3.42875	-2.05756	-0.0731771	0.537252	-0.012729	0.0504599	0.014781
1.04476	-9.87195	63.471	5.10674	34.5413	-37.3758	-76.7267	-28.6485	9.23242	-2.55911	29.2426	-0.762749	0.478986	-0.0340748	-20.5865	-59.5169	10.435	-45.7432	-86.6975	24.981	-0.0319455	16.5817	-5.05636	9.64045	3.31827	0.739794	0.106421	0.680048	-0.0546961	-0.0476982	-0.149883	-3.51587	-1.7053	0.039108	0.569199	-0.0105285	0.0624821	0.016761
1.04874	-14.8391	66.6219	3.90878	7.33753	-36.5994	-85.5364	-32.494	3.78648	-2.46646	30.2606	-0.901754	0.372119	-0.02284	-20.3104	-57.4939	10.1437	-45.9032	-86.7349	24.9669	-0.032041	17.283	-2.90426	9.91703	3.31691	0.286472	0.108197	0.572295	-0.0529896	-0.0578565	-0.142154	-3.59691	-1.40795	0.136638	0.595261	-0.00861114	0.072837	0.0189369
1.05273	-19.4202	69.5399	2.70396	-16.2728	-34.1223	-93.513	-36.0379	-1.19233	-2.43144	31.1491	-1.02539	0.271128	-0.0124374	-19.8984	-55.6101	9.86847	-45.9877	-86.6597	24.9269	-0.03215	17.8583	-1.08449	10.1844	3.3187	-0.103707	0.110074	0.481274	-0.0509842	-0.066525	-0.135542	-3.67201	-1.1595	0.220723	0.61578	-0.00694775	0.08167	0.0213034
1.05672	-23.5648	72.1204	1.56095	-36.422	-29.8097	-100.629	-39.192	-5.63524	-2.43652	31.8884	-1.13293	0.178494	-0.00300197	-19.3611	-53.8395	9.60427	-45.9905	-86.4644	24.8629	-0.0322758	18.3274	0.417267	10.4424	3.32056	-0.435557	0.112054	0.405192	-0.0486059	-0.073755	-0.129879	-3.74266	-0.95622	0.292001	0.630624	-0.00551776	0.0890446	0.0238816
1.06071	-27.2288	74.2815	0.538108	-53.2435	-23.5454	-106.882	-41.8897	-9.48695	-2.46579	32.4637	-1.22411	0.0962605	0.00537061	-18.7096	-52.159	9.34619	-45.9042	-86.1421	24.776	-0.0324218	18.7115	1.61587	10.6923	3.31832	-0.713829	0.114242	0.342105	-0.0457859	-0.0795742	-0.124963	-3.81126	-0.794742	0.35124	0.639749	-0.00429182	0.0950566	0.0266829
1.06469	-30.376	75.955	-0.313084	-66.9285	-15.2114	-112.261	-44.0747	-12.7149	-2.50449	32.8619	-1.29878	0.025864	0.012607	-17.9532	-50.5462	9.08962	-45.7227	-85.6857	24.6669	-0.0325945	19.031	2.5369	10.9399	3.31021	-0.942602	0.116639	0.290668	-0.0425624	-0.0840373	-0.120689	-3.87991	-0.671498	0.399291	0.643327	-0.00324364	0.0998108	0.0297165
1.06868	-32.9883	77.0721	-0.955907	-77.7059	-4.75187	-116.724	-45.7019	-15.3159	-2.53919	33.0729	-1.35707	-0.0319133	0.0186727	-17.0932	-48.9834	8.83022	-45.4426	-85.0884	24.5359	-0.0328103	19.3036	3.20764	11.1876	3.29832	-1.12813	0.118934	0.249447	-0.0391913	-0.0874113	-0.117046	-3.94925	-0.582228	0.437164	0.641842	-0.00235211	0.103427	0.0329552
1.07267	-35.0666	77.5784	-1.36468	-85.8278	7.8398	-120.218	-46.7378	-17.3029	-2.55804	33.0902	-1.39943	-0.0766689	0.0235608	-16.1293	-47.4501	8.56379	-45.0631	-84.3439	24.3825	-0.0330857	19.5392	3.65553	11.4334	3.28461	-1.27579	0.120964	0.217344	-0.035894	-0.0899262	-0.114044	-4.01885	-0.522188	0.465842	0.635671	-0.00160531	0.105995	0.0363857
1.07666	-36.6352	77.4627	-1.51091	-91.5571	22.5322	-122.753	-47.1663	-18.6892	-2.5502	32.9122	-1.4263	-0.108051	0.0272618	-15.0766	-45.913	8.2858	-44.5835	-83.4473	24.2064	-0.0333875	19.7399	3.90637	11.6799	3.26592	-1.38906	0.12293	0.192939	-0.0324635	-0.0915239	-0.111487	-4.08896	-0.48724	0.4864	0.624992	-0.000978582	0.107629	0.0400213
1.08064	-37.7095	76.6958	-1.39147	-95.1118	39.2913	-124.29	-46.9813	-19.5111	-2.51129	32.5402	-1.4378	-0.126645	0.0297722	-13.9275	-44.3652	7.99465	-44.0043	-82.393	24.0061	-0.0337445	19.9109	3.9802	11.9298	3.24648	-1.47273	0.124453	0.175532	-0.0292075	-0.09249	-0.109445	-4.16037	-0.473881	0.499842	0.609905	-0.000444256	0.108438	0.0438761
1.08463	-38.3149	75.2588	-1.01475	-96.7181	58.1058	-124.805	-46.184	-19.81	-2.43942	31.976	-1.43378	-0.133374	0.0310847	-12.6739	-42.7951	7.68897	-43.3272	-81.1765	23.78	-0.0341825	20.0579	3.89787	12.1816	3.22974	-1.53195	0.125374	0.164293	-0.0263569	-0.0930958	-0.107966	-4.23231	-0.478551	0.507078	0.591176	3.47144e-06	0.10853	0.0478857
1.08862	-38.4834	73.152	-0.395899	-96.5996	78.9641	-124.286	-44.7835	-19.6328	-2.3353	31.2233	-1.41407	-0.129429	0.0312023	-11.3099	-41.1916	7.36861	-42.5554	-79.7941	23.5257	-0.0347183	20.1818	3.68095	12.4348	3.21712	-1.56936	0.125853	0.158865	-0.0239665	-0.0934381	-0.107071	-4.30375	-0.499415	0.508553	0.569505	0.000367652	0.107969	0.0519891
1.09261	-38.2834	70.4018	0.441313	-95.0287	101.788	-122.77	-42.796	-19.0407	-2.20393	30.2875	-1.37849	-0.116543	0.0301475	-9.84857	-39.5341	7.03206	-41.6938	-78.2442	23.2414	-0.0353037	20.2798	3.34819	12.6819	3.20919	-1.58855	0.125803	0.158457	-0.0220092	-0.0936124	-0.106716	-4.37341	-0.534439	0.504683	0.5454	0.000649475	0.1068	0.0561412
1.09659	-37.7556	67.0339	1.46615	-92.2112	126.473	-120.255	-40.2522	-18.0881	-2.05037	29.1777	-1.32689	-0.0963268	0.0279393	-8.28136	-37.8168	6.67978	-40.7483	-76.5253	22.9242	-0.0359437	20.3417	2.91744	12.9183	3.20628	-1.59119	0.12518	0.162744	-0.0204864	-0.0936405	-0.106874	-4.43988	-0.581068	0.496233	0.519428	0.000859268	0.105116	0.0602931
1.10058	-36.934	63.087	2.64188	-88.343	152.868	-116.745	-37.1987	-16.83	-1.88012	27.9067	-1.25903	-0.0704407	0.0245889	-6.59445	-36.0388	6.31376	-39.727	-74.6369	22.571	-0.0366567	20.3544	2.40974	13.1416	3.20913	-1.57858	0.124112	0.17157	-0.0193685	-0.0935355	-0.107537	-4.50134	-0.63749	0.483778	0.491881	0.00101178	0.102978	0.0644353
1.10457	-35.8444	58.6209	3.92739	-83.6712	180.847	-112.256	-33.6921	-15.3262	-1.69931	26.4896	-1.17454	-0.0406952	0.0201048	-4.77478	-34.201	5.93625	-38.6403	-72.5798	22.1787	-0.0374561	20.3056	1.85932	13.3497	3.21984	-1.55335	0.122639	0.184687	-0.0186576	-0.0933639	-0.108716	-4.55463	-0.702264	0.467656	0.463372	0.00110806	0.100421	0.068545
1.10856	-34.5282	53.721	5.27114	-78.4509	210.261	-106.849	-29.8025	-13.6517	-1.51535	24.9437	-1.07298	-0.00933127	0.0145018	-2.8186	-32.3115	5.54982	-37.4991	-70.3568	21.7439	-0.0383232	20.1826	1.29587	13.5376	3.24095	-1.5194	0.120591	0.201481	-0.0183674	-0.0932508	-0.1104	-4.59609	-0.773054	0.448339	0.434853	0.00113208	0.097483	0.0725539
1.11254	-33.0246	48.4747	6.61	-72.835	240.931	-100.611	-25.6216	-11.8705	-1.33362	23.2918	-0.954041	0.0217205	0.00779053	-0.709478	-30.3866	5.15984	-36.313	-67.9715	21.2632	-0.0392973	19.976	0.733478	13.6967	3.27386	-1.47838	0.117876	0.221809	-0.0185292	-0.0932667	-0.112609	-4.62331	-0.847575	0.426168	0.407065	0.00105633	0.0941837	0.0763897
1.11653	-31.3854	42.9588	7.87815	-66.9344	272.592	-93.6627	-21.2443	-10.044	-1.15977	21.5568	-0.817789	0.0505958	9.16188e-06	1.56479	-28.4463	4.77227	-35.0923	-65.4293	20.7334	-0.0404094	19.683	0.170785	13.8118	3.31871	-1.42986	0.114458	0.246051	-0.0191425	-0.0934187	-0.115405	-4.6353	-0.924337	0.401055	0.380415	0.00084887	0.0904868	0.0799665
1.12052	-29.6775	37.3117	9.00782	-60.944	304.884	-86.1477	-16.7971	-8.24641	-0.998916	19.7693	-0.664716	0.0752253	-0.00877481	4.0047	-26.5014	4.38842	-33.8508	-62.7386	20.1522	-0.0416257	19.2873	-0.37977	13.863	3.37972	-1.37556	0.110098	0.274667	-0.0202196	-0.0938478	-0.118932	-4.62901	-1.00044	0.373673	0.355869	0.000496976	0.0864632	0.0831625
1.12451	-27.9414	31.655	9.96223	-55.0148	337.523	-78.1286	-12.3959	-6.52559	-0.850595	17.9572	-0.495266	0.0942835	-0.018518	6.62862	-24.5574	4.01234	-32.6013	-59.9087	19.5174	-0.0430018	18.7668	-0.904349	13.8529	3.45937	-1.31596	0.104716	0.307824	-0.0218007	-0.094578	-0.123208	-4.60063	-1.07591	0.344119	0.334507	-6.7172e-06	0.0821566	0.0858559
1.1285	-26.2088	26.1207	10.7018	-49.2483	370.241	-69.7422	-8.17088	-4.92151	-0.712668	16.1553	-0.310933	0.106762	-0.0291243	9.44577	-22.6269	3.64937	-31.3532	-56.951	18.8279	-0.0446083	18.1163	-1.39483	13.7826	3.55775	-1.25213	0.0983873	0.345238	-0.0238904	-0.0956194	-0.128198	-4.54885	-1.15147	0.312588	0.31698	-0.000648002	0.0776365	0.0879886
1.13248	-24.5105	20.8506	11.1859	-43.6941	402.743	-61.1997	-4.26205	-3.46786	-0.581864	14.4043	-0.114499	0.111959	-0.0404236	12.4506	-20.7299	3.30523	-30.1131	-53.8793	18.0832	-0.0465025	17.345	-1.853	13.6489	3.67394	-1.184	0.0912592	0.386905	-0.02646	-0.0969492	-0.133901	-4.4741	-1.22781	0.279034	0.303725	-0.00142644	0.07293	0.089506
1.13647	-22.8595	15.9762	11.3783	-38.3505	434.72	-52.7581	-0.797882	-2.1801	-0.45638	12.7437	0.089872	0.109646	-0.0521532	15.6222	-18.8912	2.98451	-28.8871	-50.7106	17.2843	-0.0487079	16.4759	-2.28347	13.4437	3.80583	-1.11107	0.0833002	0.432877	-0.0295018	-0.0985257	-0.140318	-4.37722	-1.30583	0.243124	0.295185	-0.00235463	0.0680231	0.0903423
1.14046	-21.2418	11.5642	11.264	-33.2075	465.896	-44.5899	2.14791	-1.05447	-0.336617	11.2005	0.296718	0.100214	-0.0639504	18.9352	-17.1305	2.69007	-27.6793	-47.4638	16.4335	-0.0512651	15.5389	-2.68556	13.1613	3.94977	-1.03427	0.0745808	0.482535	-0.0329664	-0.100308	-0.147371	-4.25994	-1.38491	0.205335	0.291905	-0.00342093	0.0630051	0.0904425
1.14445	-19.6465	7.61049	10.8464	-28.2767	496.019	-36.7719	4.56243	-0.0868039	-0.225766	9.78439	0.500251	0.0841616	-0.0753982	22.3589	-15.4617	2.42302	-26.4927	-44.1604	15.5348	-0.0541989	14.5677	-3.06199	12.7959	4.10036	-0.955512	0.0652605	0.53465	-0.0367782	-0.10225	-0.154898	-4.12346	-1.46416	0.166246	0.294461	-0.00460821	0.0579772	0.0897441
1.14843	-18.0879	4.07963	10.1384	-23.5888	524.879	-29.3942	6.46059	0.722918	-0.126046	8.49512	0.695333	0.0620471	-0.0861157	25.848	-13.8891	2.18225	-25.3273	-40.8242	14.5941	-0.0575181	13.6094	-3.42369	12.3387	4.25169	-0.875905	0.0552548	0.588226	-0.0409396	-0.104296	-0.162769	-3.96928	-1.54428	0.125654	0.303163	-0.00591508	0.0529412	0.0881959
1.15242	-16.6034	0.935229	9.16347	-19.156	552.275	-22.6042	7.86342	1.37166	-0.0365469	7.33127	0.877419	0.0346043	-0.0957797	29.3413	-12.4134	1.96644	-24.1788	-37.4807	13.6189	-0.0612158	12.7183	-3.79268	11.786	4.39467	-0.792578	0.0448924	0.642855	-0.045242	-0.10616	-0.170827	-3.80238	-1.62621	0.0835789	0.317647	-0.00731565	0.0479323	0.085813
1.15641	-15.2259	-1.81739	7.96661	-15.0452	578.024	-16.4278	8.77484	1.85388	0.0487793	6.28867	1.04349	0.00247182	-0.104175	32.8034	-11.0158	1.77196	-23.0434	-34.1551	12.618	-0.0653624	11.9076	-4.16736	11.1612	4.52128	-0.70024	0.0350987	0.698471	-0.0492764	-0.107364	-0.17883	-3.62631	-1.70983	0.0403508	0.337757	-0.00879401	0.0430068	0.0826159
1.1604	-14.0277	-4.32079	6.65386	-11.4271	602.311	-10.7062	9.50809	2.09472	0.124327	5.3235	1.19452	-0.0354974	-0.111335	36.0295	-9.71375	1.58521	-21.9087	-30.8819	11.6032	-0.0694334	11.1902	-4.53611	10.4861	4.62521	-0.609523	0.0255964	0.750364	-0.0528059	-0.108017	-0.186188	-3.44317	-1.79359	-0.00321262	0.363694	-0.0103267	0.0382716	0.0786052
1.16438	-13.0101	-6.61644	5.27963	-8.33503	625.14	-5.34641	10.1145	2.13666	0.193382	4.42574	1.32927	-0.0773759	-0.117218	38.9981	-8.48113	1.39953	-20.7682	-27.6857	10.5852	-0.0735213	10.5716	-4.89942	9.76591	4.70438	-0.526406	0.0160889	0.796154	-0.0559709	-0.108301	-0.192663	-3.25499	-1.8778	-0.0468118	0.395117	-0.0118881	0.0337778	0.0738379
1.16837	-12.177	-8.73242	3.89441	-5.78129	646.507	-0.277869	10.6322	2.02093	0.259235	3.59047	1.44649	-0.121195	-0.121797	41.6896	-7.29453	1.20882	-19.6145	-24.5903	9.57501	-0.0776907	10.0559	-5.26125	9.00747	4.75949	-0.455835	0.0063112	0.834273	-0.058952	-0.108444	-0.198142	-3.06421	-1.96215	-0.0899684	0.431691	-0.013454	0.0295928	0.0683595
1.17236	-11.5325	-10.6198	2.53995	-3.77671	666.347	4.53046	11.0381	1.79292	0.324277	2.82106	1.5453	-0.165153	-0.125073	44.1026	-6.116	1.00597	-18.4439	-21.6174	8.5837	-0.0820453	9.62399	-5.61506	8.22392	4.78776	-0.393989	-0.00308764	0.865053	-0.0615424	-0.108179	-0.202528	-2.8716	-2.04781	-0.133061	0.473185	-0.0150294	0.0256762	0.0621838
1.17635	-11.0561	-12.2417	1.25941	-2.26584	684.615	9.10103	11.3237	1.50866	0.389517	2.12501	1.62455	-0.20717	-0.127056	46.2294	-4.92382	0.783831	-17.2531	-18.7875	7.622	-0.0866002	9.26056	-5.95612	7.42775	4.7867	-0.337588	-0.0117024	0.888711	-0.0635985	-0.107284	-0.205721	-2.67843	-2.13585	-0.176271	0.519159	-0.0166045	0.0220136	0.0553512
1.18033	-10.706	-13.5833	0.0966471	-1.11808	701.264	13.3993	11.5022	1.23296	0.453279	1.50978	1.6836	-0.244988	-0.127807	48.0465	-3.72073	0.536212	-16.0375	-16.1199	6.70007	-0.0912601	8.96405	-6.29104	6.63169	4.75429	-0.287559	-0.0194147	0.90424	-0.0650725	-0.105747	-0.207554	-2.48654	-2.2261	-0.219507	0.569058	-0.0181749	0.0186	0.0479053
1.18432	-10.5002	-14.6262	-0.925075	-0.282114	716.233	17.3393	11.5871	0.965937	0.519491	0.976515	1.7232	-0.278408	-0.127421	49.5164	-2.5121	0.257028	-14.7912	-13.6313	5.82728	-0.0959035	8.73507	-6.6242	5.84734	4.68889	-0.245794	-0.0261105	0.910444	-0.065922	-0.103612	-0.207856	-2.29842	-2.31641	-0.261955	0.621978	-0.0197222	0.0154872	0.0399591
1.18831	-10.4204	-15.3512	-1.78459	0.297226	729.49	20.8787	11.6117	0.722221	0.586728	0.518549	1.74493	-0.307049	-0.126037	50.598	-1.30867	-0.0594384	-13.5078	-11.3349	5.01181	-0.100395	8.56468	-6.95095	5.0828	4.59186	-0.214209	-0.0318114	0.90675	-0.0661673	-0.100978	-0.206573	-2.11534	-2.40345	-0.302412	0.677386	-0.0212267	0.0127707	0.0315928
1.1923	-10.4382	-15.7402	-2.47174	0.671544	741.045	24.0189	11.6131	0.519834	0.650124	0.124697	1.75076	-0.330629	-0.123802	51.2595	-0.117321	-0.416923	-12.1802	-9.2406	4.26041	-0.104627	8.43731	-7.2599	4.34289	4.46553	-0.193811	-0.0365009	0.893117	-0.0658192	-0.0979281	-0.203714	-1.93697	-2.48617	-0.340813	0.735202	-0.022702	0.0104279	0.0228056
1.19628	-10.5335	-15.7775	-2.98894	0.914184	750.966	26.7308	11.6298	0.364842	0.704472	-0.214359	1.74278	-0.349091	-0.120868	51.4638	1.04305	-0.814298	-10.798	-7.35453	3.57809	-0.108478	8.34516	-7.54542	3.63377	4.31077	-0.182938	-0.0401287	0.870047	-0.0648739	-0.094428	-0.199308	-1.76335	-2.56539	-0.377676	0.795327	-0.0241697	0.00838554	0.0135859
1.20027	-10.6995	-15.4537	-3.33705	1.08775	759.373	28.9686	11.7207	0.237116	0.746435	-0.508272	1.72397	-0.36298	-0.117439	51.1546	2.13478	-1.24899	-9.34784	-5.68039	2.96822	-0.111755	8.28653	-7.80783	2.96683	4.12967	-0.182002	-0.0427738	0.837573	-0.0634027	-0.0905632	-0.193368	-1.59561	-2.64103	-0.413081	0.857467	-0.0256408	0.00661387	0.00396085
1.20426	-10.9341	-14.7692	-3.52374	1.19591	766.35	30.6664	11.9028	0.122629	0.774438	-0.758613	1.69638	-0.372684	-0.113667	50.307	3.1412	-1.71666	-7.82021	-4.21692	2.43216	-0.114362	8.27342	-8.04697	2.34741	3.92346	-0.191065	-0.0445263	0.795929	-0.0614559	-0.0863875	-0.18594	-1.43391	-2.71067	-0.44688	0.921778	-0.027153	0.00507432	-0.00610263
1.20825	-11.2373	-13.719	-3.55847	1.24392	771.938	31.7503	12.161	0.0184815	0.787575	-0.962157	1.66118	-0.37837	-0.109641	48.9201	4.06082	-2.21199	-6.21022	-2.95835	1.96932	-0.116275	8.31779	-8.26626	1.77899	3.69232	-0.210666	-0.0454237	0.745059	-0.0590471	-0.0819483	-0.177031	-1.27935	-2.77283	-0.479031	0.988066	-0.028727	0.00372767	-0.0166014
1.21224	-11.6154	-12.3078	-3.44915	1.23809	776.171	32.16	12.4715	-0.0685233	0.784646	-1.11456	1.6191	-0.380024	-0.105419	47.0095	4.9068	-2.73085	-4.51706	-1.89567	1.57751	-0.117493	8.4313	-8.46868	1.26314	3.4359	-0.240374	-0.0455216	0.685158	-0.0561874	-0.0772507	-0.166662	-1.13344	-2.82827	-0.510059	1.05589	-0.0303757	0.00248941	-0.027511
1.21622	-12.0462	-10.5492	-3.21481	1.22522	779.105	31.8735	12.8185	-0.129573	0.764066	-1.21427	1.57095	-0.377693	-0.10106	44.6006	5.67619	-3.26122	-2.74138	-1.01742	1.25258	-0.118007	8.62013	-8.6526	0.805649	3.15531	-0.277605	-0.044829	0.617324	-0.0528872	-0.0722415	-0.154946	-0.998548	-2.87894	-0.540365	1.12483	-0.032086	0.00133054	-0.0388052
1.22021	-12.4941	-8.46972	-2.86187	1.22844	780.855	30.9426	13.2091	-0.157856	0.723869	-1.26443	1.51816	-0.371573	-0.0966522	41.7233	6.36563	-3.79335	-0.886149	-0.31066	0.989522	-0.117785	8.88219	-8.80636	0.420412	2.85472	-0.319315	-0.0433485	0.54329	-0.0491782	-0.0668799	-0.142081	-0.875557	-2.92592	-0.570122	1.19499	-0.0338533	0.000247994	-0.0504949
1.2242	-12.925	-6.10233	-2.37471	1.24656	781.701	29.4916	13.6878	-0.154079	0.662281	-1.27386	1.46336	-0.362192	-0.0923597	38.3993	6.9624	-4.31819	1.04706	0.237819	0.782776	-0.116739	9.20661	-8.92112	0.133143	2.54042	-0.365047	-0.0411602	0.464114	-0.0451173	-0.0612252	-0.128216	-0.763594	-2.97066	-0.599927	1.26692	-0.0357066	-0.000817318	-0.0626328
1.22819	-13.3446	-3.48667	-1.75825	1.23643	781.751	27.5213	14.24	-0.116637	0.580453	-1.24212	1.4073	-0.349918	-0.0882193	34.6755	7.48153	-4.82765	3.04815	0.643506	0.626009	-0.114889	9.60356	-8.99937	-0.0546002	2.21255	-0.415151	-0.0383286	0.379918	-0.0407051	-0.0552932	-0.113377	-0.662494	-3.013	-0.630165	1.34075	-0.0376761	-0.00193976	-0.0752406
1.23217	-13.7565	-0.695418	-1.0303	1.14253	781.135	25.0897	14.8577	-0.0379462	0.478849	-1.17081	1.35077	-0.334963	-0.0842696	30.6214	7.94097	-5.31445	5.10364	0.922144	0.512637	-0.112261	10.0835	-9.04151	-0.158198	1.87096	-0.467066	-0.0349411	0.291955	-0.0359799	-0.0490099	-0.0977221	-0.570817	-3.05204	-0.660667	1.41672	-0.039768	-0.00311529	-0.0883252
1.23616	-14.1637	2.19823	-0.213151	0.919132	779.958	22.3529	15.5356	0.0833098	0.359356	-1.0633	1.29456	-0.31769	-0.0805423	26.3226	8.35512	-5.77091	7.19823	1.08936	0.435963	-0.108891	10.6347	-9.04751	-0.195347	1.51869	-0.516516	-0.0311056	0.202514	-0.0310126	-0.0423025	-0.0815408	-0.486455	-3.08687	-0.691103	1.49475	-0.0419723	-0.0043213	-0.101849
1.24015	-14.5651	5.12417	0.67265	0.49656	778.324	19.5838	16.2724	0.23838	0.225902	-0.925921	1.23953	-0.298705	-0.0770619	21.8832	8.73873	-6.19089	9.31445	1.16041	0.389469	-0.104842	11.2192	-9.00977	-0.180205	1.16199	-0.561416	-0.0269304	0.113602	-0.0258895	-0.0352104	-0.065133	-0.405698	-3.11571	-0.720925	1.57496	-0.0442802	-0.00551354	-0.115783
1.24414	-14.949	8.0076	1.59742	-0.190279	776.357	17.0454	17.0654	0.415433	0.0830391	-0.765306	1.1865	-0.27867	-0.0738468	17.4129	9.09834	-6.56632	11.4345	1.14979	0.366817	-0.10019	11.8017	-8.91982	-0.128779	0.807024	-0.603348	-0.0225873	0.026107	-0.0207154	-0.0279102	-0.0487217	-0.325432	-3.13608	-0.749181	1.65739	-0.0466701	-0.00659669	-0.130071
1.24812	-15.304	10.7759	2.52447	-1.15361	774.189	14.907	17.9058	0.60542	-0.0655077	-0.586502	1.13618	-0.258162	-0.0709118	13.0098	9.43439	-6.88744	13.5441	1.07055	0.362147	-0.0950058	12.3633	-8.7783	-0.056567	0.457529	-0.641601	-0.0181289	-0.0587919	-0.0155489	-0.0204672	-0.0325191	-0.243731	-3.14728	-0.775542	1.74185	-0.049127	-0.00754224	-0.144645
1.25211	-15.6326	13.3548	3.41851	-2.37866	771.933	13.24	18.7777	0.802712	-0.216863	-0.39245	1.08909	-0.237654	-0.0682661	8.75676	9.754	-7.14883	15.6326	0.934155	0.370456	-0.0893584	12.9055	-8.59335	0.0209104	0.116817	-0.673223	-0.0136027	-0.139225	-0.0104525	-0.0128928	-0.0168092	-0.15868	-3.1499	-0.80035	1.82795	-0.0516529	-0.00840914	-0.15944
1.2561	-15.9714	15.7006	4.27624	-3.90005	769.715	12.0875	19.6638	1.00401	-0.368183	-0.186667	1.0458	-0.217561	-0.0659195	4.71782	10.0904	-7.36144	17.6908	0.750521	0.388319	-0.0833313	13.4247	-8.37466	0.093857	-0.209779	-0.696017	-0.00902043	-0.213348	-0.0054903	-0.00525645	-0.00189796	-0.066988	-3.14536	-0.824458	1.91553	-0.0542712	-0.0093186	-0.174418
1.26009	-16.3289	17.8023	5.08185	-5.70581	767.67	11.4504	20.544	1.20694	-0.516673	0.0264416	1.00684	-0.198284	-0.0638796	0.947953	10.4494	-7.52836	19.709	0.528429	0.412216	-0.0770138	13.9084	-8.13267	0.151084	-0.516738	-0.709016	-0.00453473	-0.279739	-0.000771853	0.00232351	0.011941	0.0318215	-3.13512	-0.847874	2.00322	-0.0569398	-0.01029	-0.189344
1.26407	-16.7222	19.6626	5.82521	-7.75781	765.946	11.2767	21.3919	1.40678	-0.659124	0.242769	0.972688	-0.180255	-0.0621483	-2.49931	10.8359	-7.65925	21.6734	0.275886	0.439481	-0.0705382	14.3422	-7.8834	0.183042	-0.79841	-0.713151	-0.000223356	-0.337602	0.00360678	0.00964799	0.0244738	0.132069	-3.12054	-0.869648	2.08751	-0.0595371	-0.0112542	-0.20367
1.26806	-17.1453	21.2831	6.47892	-9.96153	764.679	11.4826	22.1753	1.59433	-0.791642	0.458734	0.94372	-0.163963	-0.0607197	-5.56353	11.2329	-7.75738	23.5659	0.0004029	0.46745	-0.0640783	14.7146	-7.64111	0.181428	-1.05078	-0.708681	0.00399804	-0.386272	0.00760121	0.0165789	0.0355142	0.22785	-3.1029	-0.888764	2.16507	-0.0619441	-0.0121269	-0.216866
1.27205	-17.5572	22.6636	7.02045	-12.1567	763.942	12.0013	22.8578	1.76247	-0.910383	0.671031	0.920098	-0.14983	-0.0595768	-8.17271	11.601	-7.81865	25.3601	-0.290517	0.49327	-0.0578639	15.01	-7.42227	0.156329	-1.26599	-0.694485	0.00818145	-0.424305	0.0111568	0.0229687	0.0447852	0.313578	-3.08354	-0.904685	2.23281	-0.0640754	-0.012897	-0.228467
1.27604	-17.8237	23.7573	7.43131	-14.0293	763.839	12.7654	23.4136	1.90176	-1.01183	0.877672	0.902775	-0.138412	-0.0587636	-10.2266	11.8303	-7.82849	27.0141	-0.58831	0.513589	-0.0522185	15.2299	-7.24582	0.147843	-1.43165	-0.670775	0.0121092	-0.45019	0.0141384	0.0285463	0.0519537	0.37956	-3.06459	-0.916772	2.28653	-0.0658143	-0.0135579	-0.237869
1.28002	-17.8545	24.4726	7.67092	-15.2843	764.322	13.5805	23.7903	2.01137	-1.09241	1.07975	0.891764	-0.129998	-0.0582686	-11.608	11.8391	-7.77532	28.4705	-0.883478	0.525145	-0.0475525	15.4072	-7.1473	0.164802	-1.5383	-0.641641	0.0152761	-0.463667	0.0163269	0.0328432	0.0567145	0.412838	-3.04667	-0.923215	2.32029	-0.0669658	-0.0139973	-0.244212
1.28401	0	0	0	0	0	0	0	0	0	0	0	0	0	0	0	0	0	0	0	0	0	0	0	0	0	0	0	0	0	0	0	0	0	0	0	0	0
