Coordinates
version=1
nRows=329
nColumns=38
inDegrees=no

Units are S.I. units (second, meters, Newtons, ...)
If the header above contains a line with 'inDegrees', this indicates whether rotational values are in degrees (yes) or radians (no).

endheader
time	pelvis_tilt_moment	pelvis_list_moment	pelvis_rotation_moment	pelvis_tx_force	pelvis_ty_force	pelvis_tz_force	hip_flexion_r_moment	hip_adduction_r_moment	hip_rotation_r_moment	knee_angle_r_moment	ankle_angle_r_moment	subtalar_angle_r_moment	mtp_angle_r_moment	hip_flexion_l_moment	hip_adduction_l_moment	hip_rotation_l_moment	knee_angle_l_moment	ankle_angle_l_moment	subtalar_angle_l_moment	mtp_angle_l_moment	lumbar_extension_moment	lumbar_bending_moment	lumbar_rotation_moment	arm_flex_r_moment	arm_add_r_moment	arm_rot_r_moment	elbow_flex_r_moment	pro_sup_r_moment	wrist_flex_r_moment	wrist_dev_r_moment	arm_flex_l_moment	arm_add_l_moment	arm_rot_l_moment	elbow_flex_l_moment	pro_sup_l_moment	wrist_flex_l_moment	wrist_dev_l_moment
3.22	0	0	0	0	0	0	0	0	0	0	0	0	0	0	0	0	0	0	0	0	0	0	0	0	0	0	0	0	0	0	0	0	0	0	0	0	0
3.22999	-42.4485	10.4989	5.67737	-0.739585	731.183	-4.50195	-8.9051	2.63925	0.274358	-3.41446	-1.68029	0.207737	0.0357768	-36.684	0.800885	-0.06408	8.41242	-2.01749	0.356641	0.0353391	-27.8951	-0.149268	11.7009	10.8258	-2.45691	-1.32324	1.4404	-0.0441004	0.0210996	-0.219113	9.71973	2.07352	-0.159708	1.36333	-0.0109957	0.0898978	-0.100452
3.23998	-49.7151	15.8628	13.5767	2.35059	728.352	-7.23091	-8.89113	2.36551	0.290776	-3.52091	-1.69428	0.198984	0.0362932	-43.5147	-0.344109	-0.126483	11.6832	-2.27821	0.37817	0.0408728	-25.2112	-4.12915	18.8828	11.6641	-3.34199	-1.60944	1.69498	-0.0471347	0.025347	-0.25782	9.42348	2.83563	0.0858179	1.35429	-0.00728612	0.108737	-0.0802891
3.24996	-57.38	19.9985	20.2202	6.46795	721.944	-10.1565	-8.83608	2.12461	0.27185	-3.64787	-1.71384	0.190149	0.0370367	-50.661	-1.82207	-0.179344	15.1845	-2.58692	0.402705	0.0477738	-22.7154	-7.29802	24.1191	12.176	-4.01439	-1.82017	1.86835	-0.0492546	0.0278979	-0.285581	9.0969	3.37581	0.274373	1.32837	-0.00421859	0.122117	-0.0634398
3.25995	-62.5118	23.3726	24.2982	10.1225	708.357	-13.3349	-8.57411	1.90196	0.211578	-3.82852	-1.73762	0.183588	0.0379965	-55.2755	-3.68238	-0.197761	17.7745	-2.76484	0.44591	0.055155	-20.9024	-9.29004	26.9501	12.3208	-4.40764	-1.93402	1.94522	-0.050216	0.0285441	-0.299508	8.77528	3.65185	0.388435	1.28969	-0.00212984	0.128698	-0.0515947
3.26994	-62.9496	24.7809	25.1375	10.2039	688.673	-15.0584	-7.48029	1.02529	0.178298	-4.18671	-1.73515	0.166982	0.0388082	-56.1811	-5.19989	-0.173912	19.0241	-2.87826	0.53803	0.0618354	-20.3269	-9.53316	27.1451	12.1615	-4.42419	-1.92007	1.92967	-0.0491248	0.029376	-0.296489	8.53554	3.59117	0.392028	1.25056	-0.0021937	0.126773	-0.0493272
3.27993	-58.6868	25.4899	23.4772	7.36323	662.682	-16.6288	-5.80538	0.0117607	0.126925	-4.62607	-1.72221	0.15184	0.0395806	-53.1469	-6.42935	-0.102365	18.8541	-2.97836	0.681534	0.0667234	-20.5587	-8.88731	25.698	11.802	-4.22147	-1.8339	1.85421	-0.0470912	0.0294085	-0.283656	8.35202	3.34474	0.335752	1.21111	-0.00330145	0.119985	-0.0519249
3.28991	-50.3048	26.3409	20.0693	2.66265	630.45	-18.3967	-3.82611	-0.762318	0.025794	-5.0554	-1.71229	0.146308	0.0404309	-46.4276	-7.34815	-0.0115081	17.3916	-3.09597	0.86844	0.0686338	-21.271	-7.9447	23.4255	11.3237	-3.93351	-1.721	1.74305	-0.0450312	0.0277186	-0.266651	8.19705	3.0348	0.260509	1.16908	-0.00456765	0.111064	-0.0555039
3.2999	-38.7273	27.6502	15.583	-2.66837	592.526	-20.1343	-1.79335	-1.09445	-0.13519	-5.40396	-1.71359	0.154541	0.0414235	-36.6359	-7.87133	0.0482428	14.917	-3.24112	1.08006	0.0665473	-22.249	-7.0373	20.8739	10.784	-3.64765	-1.6103	1.61187	-0.0434973	0.0237929	-0.24903	8.05134	2.73689	0.191263	1.12208	-0.0054899	0.101617	-0.0577115
3.30989	-25.3037	29.5647	10.6433	-7.52964	550.294	-21.3837	0.149198	-0.905607	-0.355787	-5.63357	-1.72957	0.178343	0.0425758	-24.7846	-8.00941	0.0475077	11.8559	-3.40619	1.28805	0.0598306	-23.4685	-6.30659	18.4356	10.2288	-3.42129	-1.51954	1.47082	-0.0427941	0.0173472	-0.232861	7.9008	2.49869	0.142615	1.06722	-0.00585269	0.0923867	-0.0571791
3.31988	-11.9716	32.057	5.90745	-10.5209	506.048	-21.2978	1.91877	-0.179043	-0.632117	-5.71738	-1.7599	0.217949	0.0438438	-12.4644	-7.77711	-0.0136246	8.83708	-3.59386	1.46522	0.0488868	-24.9906	-5.7375	16.4069	9.69399	-3.29619	-1.46038	1.32616	-0.0431074	0.00817997	-0.219365	7.73343	2.35416	0.123863	1.00122	-0.00556633	0.0836427	-0.0530422
3.32986	3.76551	31.9208	0.523922	1.28632	457.061	-19.0756	2.36347	0.399047	-0.785609	-5.64873	-1.80894	0.246104	0.0453607	-0.855223	-6.11388	-0.195882	6.51611	-3.84554	1.62231	0.0356506	-21.9419	-4.46812	14.1427	9.23317	-3.11167	-1.39971	1.21641	-0.0427492	0.00456712	-0.210459	7.66104	2.12431	0.0797292	0.964771	-0.00512334	0.0792263	-0.054481
3.33985	15.9004	31.2586	-3.41454	12.314	413.063	-12.9504	3.14321	0.858168	-0.897049	-5.59109	-1.85548	0.278158	0.0469408	8.74226	-3.62401	-0.492838	5.19632	-4.17034	1.7088	0.0226996	-20.8684	-3.14047	12.5891	8.85065	-3.02459	-1.3604	1.1016	-0.0430202	-0.00198591	-0.201702	7.56098	1.98955	0.0562823	0.908323	-0.00492883	0.0727201	-0.0529269
3.34984	23.0395	31.5537	-5.60865	19.3606	377.068	-2.57966	4.64523	1.35737	-0.994553	-5.54258	-1.88849	0.319172	0.048288	15.8659	-1.02291	-0.866994	4.9294	-4.53768	1.67215	0.0119959	-23.0472	-1.65571	11.9997	8.53712	-3.10329	-1.35682	0.96899	-0.0445558	-0.0140566	-0.192926	7.3963	2.01695	0.0727626	0.817636	-0.00471496	0.0630289	-0.0454919
3.35983	30.9605	31.3745	-7.91115	37.0989	342.235	9.71585	5.50624	1.78477	-0.983892	-5.41007	-1.92968	0.354581	0.0496549	21.201	1.8452	-1.3683	5.60981	-4.88534	1.49227	0.00438577	-21.7737	0.711628	11.6409	8.31699	-3.23839	-1.38078	0.864456	-0.0463995	-0.0234037	-0.190317	7.29175	2.0662	0.0945372	0.742573	-0.00377629	0.0574113	-0.0398293
3.36981	34.3914	32.7135	-9.04324	44.3366	318.084	26.1653	7.9815	1.93201	-0.993573	-5.51247	-1.9388	0.392309	0.0507179	24.96	4.3511	-1.95426	6.89684	-5.123	1.12435	-0.000126743	-25.5864	3.63283	11.8242	8.10673	-3.47822	-1.41287	0.713509	-0.0492351	-0.0397149	-0.182551	7.12513	2.22968	0.136115	0.625395	-0.00352155	0.0451868	-0.0293034
3.3798	38.7707	33.5314	-10.7277	57.6997	295.566	43.434	10.1694	1.86593	-0.943603	-5.69571	-1.94815	0.419827	0.051755	27.8275	6.96112	-2.67821	8.76515	-5.19999	0.589955	-0.00165437	-27.3119	7.4186	11.7369	7.91604	-3.693	-1.44266	0.568833	-0.0519373	-0.0539624	-0.176326	7.01969	2.35107	0.162178	0.521894	-0.00314707	0.0345562	-0.0218085
3.38979	44.0228	34.2584	-12.4402	76.4031	273.354	58.5024	11.8264	2.08656	-0.933816	-5.89282	-1.97016	0.448691	0.0527781	30.1973	9.51312	-3.51138	11.0488	-5.06296	-0.0973483	-0.000761358	-26.8676	10.9453	11.5632	7.73771	-3.93438	-1.49314	0.438963	-0.0551129	-0.067295	-0.174572	6.95731	2.48067	0.198112	0.431592	-0.00194633	0.0273372	-0.0142371
3.39978	44.887	36.8885	-12.7791	79.8009	259.898	73.0546	15.1023	2.72668	-1.16027	-6.3321	-1.95685	0.493504	0.0530704	32.2461	11.411	-4.30759	13.3552	-4.67211	-0.929822	0.00208371	-32.5709	13.4855	11.665	7.49507	-4.26417	-1.55326	0.254514	-0.0596521	-0.0895581	-0.167347	6.81709	2.7195	0.265292	0.297629	-0.00109115	0.0136506	0.000850629
3.40976	47.1552	40.2349	-12.9639	83.0656	245.466	82.9171	18.2882	4.27706	-1.61738	-6.85614	-1.94124	0.55671	0.0526903	34.9776	12.971	-5.1148	15.4933	-4.01448	-1.84273	0.00631026	-37.229	14.7545	11.7336	7.23801	-4.65475	-1.64728	0.0816584	-0.0652485	-0.11298	-0.165337	6.69968	3.00872	0.362493	0.172449	0.00102284	0.00362104	0.0191543
3.41975	51.6038	42.3128	-13.3076	86.477	229.316	89.5251	21.2458	6.06689	-2.19137	-7.55434	-1.91226	0.619082	0.0516289	38.8264	15.1174	-6.03242	17.3042	-3.10246	-2.74441	0.0111203	-40.5546	15.1716	11.4211	6.99033	-4.98964	-1.73922	-0.0695693	-0.0706763	-0.134031	-0.165702	6.65367	3.2454	0.450849	0.0728148	0.00339507	-0.00340367	0.0355701
3.42974	59.4158	39.8165	-14.3253	90.2736	212.006	96.1483	23.9877	6.75675	-2.61283	-8.56324	-1.83621	0.642366	0.0496567	44.1937	19.2798	-7.22351	18.6816	-1.97111	-3.5254	0.0156906	-42.271	15.781	10.1119	6.80406	-5.0611	-1.76224	-0.189789	-0.0737823	-0.147073	-0.162483	6.77694	3.23871	0.455449	0.0239541	0.00397425	-0.00963694	0.0405795
3.43973	70.6335	33.5575	-15.2233	94.2307	192.769	100.935	26.3374	6.65767	-2.90375	-9.82405	-1.70479	0.631228	0.0463356	51.2387	25.2043	-8.67911	19.5292	-0.654995	-4.13412	0.0196951	-42.0277	15.8272	8.41338	6.74367	-4.94877	-1.74524	-0.255551	-0.0749519	-0.152018	-0.159678	7.04006	3.06338	0.403656	0.0239023	0.00327531	-0.0130675	0.0368091
3.44971	84.741	24.7609	-15.7262	98.7956	171.525	103.693	28.1171	6.037	-3.09298	-11.2524	-1.50998	0.589355	0.0412929	59.6934	32.3804	-10.3232	19.8594	0.796292	-4.54833	0.0230854	-39.7379	15.2863	6.69437	6.82753	-4.71891	-1.70713	-0.26084	-0.0745656	-0.149454	-0.15924	7.40923	2.78317	0.315863	0.0671972	0.00176151	-0.0128559	0.0263358
3.4597	100.444	14.75	-15.8313	105.815	148.374	104.838	28.9746	5.16292	-3.19758	-12.7253	-1.25483	0.521108	0.0344372	68.7527	40.1877	-12.0428	19.8647	2.32057	-4.77317	0.0260441	-35.3343	14.4701	5.14973	7.03914	-4.42104	-1.6589	-0.209174	-0.0729196	-0.140153	-0.161851	7.84429	2.44732	0.207069	0.146976	-0.000143053	-0.00875933	0.0107824
3.46969	114.584	5.63703	-15.2915	104.27	129.208	106.981	30.4562	4.01422	-3.36193	-14.3905	-0.891428	0.43212	0.0250225	77.9322	47.723	-13.6576	19.4553	3.87872	-4.85081	0.0286756	-33.6285	13.9868	3.98179	7.3177	-4.0992	-1.59027	-0.15305	-0.0705385	-0.130275	-0.160556	8.25668	2.11648	0.0861054	0.222862	-0.00317563	-0.0075994	-0.00586492
3.47968	127.18	-1.90144	-14.4958	97.6149	112.744	110.23	32.3627	2.82449	-3.63299	-16.1944	-0.43128	0.330318	0.0132391	86.6089	54.5561	-15.0997	18.8312	5.42326	-4.81353	0.031108	-33.5593	14.1892	3.11057	7.62665	-3.77964	-1.51059	-0.0950319	-0.067738	-0.11995	-0.156807	8.63462	1.80996	-0.0377772	0.296283	-0.00671045	-0.0080503	-0.0229403
3.48966	142.406	-8.46583	-14.3879	106.138	89.4397	112.241	32.3803	2.2142	-3.8989	-17.909	0.0180385	0.228126	0.00115127	94.3012	60.9181	-16.4617	18.4345	6.91248	-4.672	0.0332645	-26.9393	14.9198	2.46349	8.00309	-3.50385	-1.46168	0.0333838	-0.0645522	-0.101518	-0.163252	9.04489	1.53761	-0.146248	0.417933	-0.00844078	0.00146919	-0.043349
3.49965	158.515	-13.1644	-15.1026	121.076	64.0158	115.291	31.8733	1.97875	-4.26307	-19.7051	0.466468	0.13207	-0.0108524	100.898	66.4517	-17.6585	18.1641	8.34303	-4.47106	0.0351806	-17.2896	16.7356	2.00657	8.40382	-3.26296	-1.42291	0.191757	-0.0610352	-0.0787955	-0.17344	9.44824	1.30404	-0.2481	0.562785	-0.00931003	0.0153475	-0.065959
3.50964	165.216	-13.76	-14.2881	110.732	50.4762	118.581	33.5867	2.3209	-5.04608	-21.8801	0.966928	0.0654249	-0.0235335	106.488	70.4955	-18.6185	17.7345	9.74358	-4.26748	0.036729	-18.833	18.2523	2.23053	8.63406	-3.13731	-1.37621	0.250039	-0.0588699	-0.0703797	-0.170432	9.58279	1.24057	-0.301115	0.615912	-0.0111735	0.0159598	-0.0755357
3.51963	177.01	-13.9641	-15.0578	122.904	27.6936	121.298	32.9955	3.5734	-5.72407	-23.839	1.32157	0.0226441	-0.0327787	110.9	74.5821	-19.5941	17.7488	11.0857	-4.01522	0.0379618	-10.4541	20.5315	2.41095	8.93394	-3.04834	-1.3663	0.392455	-0.0562515	-0.0510792	-0.180935	9.80448	1.18493	-0.346147	0.736603	-0.0106483	0.0299083	-0.0911961
3.52961	183.082	-12.165	-15.2424	123.464	11.7253	123.06	33.0148	5.46973	-6.56699	-25.8316	1.58212	0.017005	-0.0390774	114.318	78.077	-20.4607	17.8312	12.408	-3.75667	0.038872	-7.5466	22.5325	2.78705	9.10762	-3.00761	-1.35033	0.477037	-0.0543665	-0.0395425	-0.184392	9.87945	1.20312	-0.366225	0.808414	-0.0105151	0.0370449	-0.0998485
3.5396	184.33	-9.45616	-14.9056	116.665	1.0403	123.793	33.0415	7.71761	-7.42264	-27.65	1.69911	0.0449332	-0.0412145	116.694	81.2211	-21.2366	18.0459	13.7208	-3.49037	0.0395601	-8.49448	24.1603	3.17849	9.16951	-2.99232	-1.32981	0.515276	-0.0531087	-0.0341282	-0.182755	9.85132	1.26007	-0.368822	0.843186	-0.0106131	0.0391977	-0.103113
3.54959	181.914	-6.6948	-14.0815	106.774	-6.37366	123.367	32.4988	10.077	-8.16334	-29.1156	1.64706	0.100625	-0.038752	118.111	84.2064	-21.9438	18.4258	15.0347	-3.20983	0.0400333	-11.5421	25.2582	3.5159	9.14728	-2.9916	-1.30967	0.52385	-0.052356	-0.0328446	-0.17856	9.75802	1.33459	-0.357888	0.853609	-0.0107089	0.0385974	-0.102484
3.55958	177.138	-4.27563	-12.8848	96.3991	-12.2371	121.571	31.1919	12.4684	-8.76914	-30.1036	1.4475	0.178718	-0.0326434	118.765	87.1212	-22.5965	18.9542	16.3582	-2.90959	0.0402841	-15.3713	25.7416	3.78676	9.0732	-2.99839	-1.29349	0.517318	-0.0519708	-0.0339641	-0.173754	9.63143	1.4126	-0.337283	0.849967	-0.0106811	0.0369226	-0.0993273
3.56956	171.068	-2.32914	-11.4374	86.8477	-17.6374	118.498	29.1883	14.8293	-9.26443	-30.5588	1.1438	0.273126	-0.0243289	118.816	89.9775	-23.1954	19.5998	17.6928	-2.58718	0.0403396	-19.1714	25.6446	4.00828	8.9756	-3.00853	-1.28283	0.505882	-0.0518215	-0.036212	-0.169491	9.4941	1.48634	-0.310612	0.839356	-0.0105054	0.0351767	-0.0947546
3.57955	164.444	-0.944987	-9.77025	78.4918	-23.05	114.458	26.6813	17.0085	-9.64957	-30.4973	0.781963	0.374808	-0.015082	118.377	92.7203	-23.7271	20.3241	19.0343	-2.24493	0.0402397	-22.5658	25.0422	4.17818	8.87265	-3.01622	-1.27689	0.494854	-0.0517986	-0.038808	-0.166179	9.36231	1.54874	-0.281756	0.826279	-0.0102292	0.0337849	-0.0896243
3.58954	157.715	-0.192223	-7.86614	71.2076	-28.5989	109.748	23.876	18.8255	-9.90605	-29.9756	0.403597	0.473358	-0.00589663	117.541	95.2479	-24.1708	21.0849	20.373	-1.89006	0.0400089	-25.4645	24.0076	4.26696	8.77147	-3.01381	-1.27337	0.485764	-0.0518189	-0.0413654	-0.163736	9.24689	1.59225	-0.25445	0.813366	-0.00992838	0.0328059	-0.0845431
3.59953	151.032	-0.100209	-5.72314	64.6745	-34.1835	104.758	20.9311	20.1342	-10.0049	-29.0571	0.042596	0.558678	0.00250907	116.349	97.4842	-24.5115	21.8514	21.693	-1.53171	0.0396853	-27.9631	22.6667	4.25036	8.67304	-2.99537	-1.26941	0.477882	-0.0518178	-0.043747	-0.16177	9.15182	1.61225	-0.231616	0.801647	-0.00968538	0.0320573	-0.0798956
3.60951	144.272	-0.699708	-3.34157	58.5784	-39.6352	99.9723	17.9142	20.8104	-9.90512	-27.7964	-0.276397	0.621234	0.00968718	114.8	99.385	-24.7449	22.6061	22.9732	-1.17993	0.0393187	-30.2689	21.1698	4.11983	8.57343	-2.95757	-1.26225	0.469134	-0.0517473	-0.0460034	-0.159737	9.07351	1.6076	-0.21485	0.790621	-0.00957054	0.0312148	-0.0758124
3.6195	137.267	-2.12748	-0.704778	52.6879	-44.9528	96.0274	14.7929	20.7093	-9.54338	-26.241	-0.537716	0.651332	0.0154463	112.929	100.969	-24.8853	23.3367	24.1905	-0.844376	0.0389472	-32.5635	19.679	3.865	8.46751	-2.89563	-1.24863	0.45788	-0.0515377	-0.0481	-0.157076	9.00669	1.57551	-0.20618	0.779929	-0.00966114	0.0299562	-0.0724808
3.62949	129.652	-4.51004	2.16298	47.0849	-49.07	93.3018	11.4067	19.7296	-8.848	-24.4324	-0.737721	0.640846	0.0198813	110.709	102.238	-24.9442	24.0491	25.3181	-0.535089	0.0386745	-35.0599	18.3142	3.47948	8.35626	-2.80721	-1.2267	0.441307	-0.0511834	-0.0502673	-0.153316	8.95342	1.51438	-0.207186	0.768649	-0.0100459	0.0279186	-0.0699802
3.63948	121.106	-8.07457	5.25922	41.9138	-53.0669	92.2656	7.55675	17.7369	-7.73755	-22.3843	-0.874426	0.581586	0.0231067	108.164	103.235	-24.9331	24.7563	26.3368	-0.262144	0.0384803	-37.8512	17.1773	2.95309	8.22023	-2.68438	-1.192	0.416878	-0.0505534	-0.0524717	-0.147738	8.89254	1.41941	-0.218876	0.754536	-0.0107707	0.0247458	-0.0682624
3.64946	111.111	-13.1259	8.52441	37.4735	-56.9389	93.3896	2.96411	14.5792	-6.14735	-20.1214	-0.951646	0.466675	0.0253564	105.251	103.984	-24.8566	25.4859	27.2288	-0.035295	0.0384068	-41.1169	16.3488	2.25456	8.04534	-2.52016	-1.14108	0.380926	-0.0495955	-0.0549201	-0.139683	8.81409	1.28471	-0.242751	0.735618	-0.0119019	0.0200223	-0.0672813
3.65945	99.1119	-20.0204	11.8832	34.2249	-60.6522	97.2258	-2.70775	10.072	-4.02269	-17.6693	-0.976099	0.289418	0.0269188	101.91	104.511	-24.7196	26.27	27.9858	0.136032	0.0384568	-45.0032	15.8861	1.38002	7.82136	-2.31067	-1.07169	0.330827	-0.0482691	-0.0578005	-0.128674	8.70706	1.10728	-0.279296	0.709644	-0.0134892	0.0134032	-0.0668961
3.66944	84.7297	-29.0801	15.2416	32.7748	-64.1216	104.367	-9.78696	4.00445	-1.32171	-15.0642	-0.954988	0.0430874	0.0280925	98.0909	104.818	-24.5268	27.1418	28.6118	0.242033	0.0386106	-49.5075	15.8358	0.380824	7.55188	-2.05674	-0.983495	0.267334	-0.0465222	-0.0610416	-0.114643	8.56388	0.888244	-0.328331	0.675168	-0.0155755	0.0047623	-0.067064
3.67943	75.6849	-33.8858	18.158	28.4616	-64.5192	108.292	-13.2286	-0.458355	0.575884	-13.3636	-0.861431	-0.144141	0.0275319	93.7824	104.57	-24.2383	28.2341	29.118	0.268359	0.0391446	-52.0551	16.0626	0.473365	7.54101	-1.9308	-0.939734	0.258257	-0.0450627	-0.0610032	-0.108189	8.48432	0.786849	-0.355669	0.652033	-0.0173276	-0.000261182	-0.0678013
3.68941	69.7993	-35.4718	20.8572	22.9706	-62.3105	109.746	-14.2509	-3.50381	1.85182	-12.1905	-0.736783	-0.275616	0.0259701	88.7946	104.014	-23.8913	29.5817	29.5421	0.214718	0.0399999	-53.2503	16.2716	1.55942	7.75	-1.91778	-0.935317	0.295808	-0.0438606	-0.0584891	-0.108178	8.4452	0.793637	-0.360173	0.634466	-0.0187817	-0.00241794	-0.0682195
3.6994	65.3631	-34.8868	23.3163	18.4101	-58.0282	109.164	-14.5957	-5.27203	2.77786	-11.0427	-0.629483	-0.36219	0.0242723	83.6248	103.353	-23.5195	30.9769	29.9617	0.0743149	0.0409633	-53.4012	16.1767	3.48601	8.13869	-1.99244	-0.962598	0.372728	-0.0427904	-0.053917	-0.113442	8.4302	0.886182	-0.344914	0.618632	-0.0200268	-0.00234428	-0.0680526
3.70939	62.3329	-32.5845	24.4067	14.9486	-52.534	107.247	-15.5538	-5.60479	3.47745	-9.50726	-0.577472	-0.406957	0.0230161	79.8456	102.436	-23.0926	31.8434	30.4935	-0.177432	0.0416383	-52.6253	16.2816	5.33217	8.57431	-2.11211	-1.00798	0.457998	-0.0423393	-0.0489428	-0.121697	8.49635	1.01246	-0.324285	0.61869	-0.0207163	-4.60048e-05	-0.068608
3.71938	62.6194	-28.2413	23.9633	10.4076	-46.8027	103.322	-16.7422	-4.35571	3.85526	-7.6263	-0.574327	-0.400829	0.0219556	78.8553	101.205	-22.5983	31.6778	31.2288	-0.555597	0.0417669	-50.8322	16.7212	6.7071	9.00833	-2.24856	-1.06307	0.540753	-0.0425771	-0.0438488	-0.13189	8.67342	1.1396	-0.308308	0.642296	-0.0208268	0.00449128	-0.071004
3.72936	68.1825	-21.1728	22.0938	3.04702	-41.3652	96.4847	-17.8151	-1.37565	3.84146	-5.43504	-0.616187	-0.335848	0.0209169	81.9365	99.5792	-22.0236	30.0368	32.2113	-1.06169	0.0411695	-47.7203	17.4829	7.5841	9.44869	-2.39304	-1.12543	0.62328	-0.0433864	-0.0380864	-0.144037	8.97399	1.25745	-0.301731	0.693166	-0.020446	0.0114658	-0.0760794
3.73935	71.7032	-15.9057	19.7358	-1.15848	-37.2024	91.8006	-19.4106	1.39658	3.75352	-3.19327	-0.646652	-0.272487	0.0193539	84.066	98.0521	-21.4436	28.6894	33.2845	-1.62032	0.0407634	-44.8028	18.3298	7.41942	9.71237	-2.47325	-1.16858	0.670137	-0.0445509	-0.0342321	-0.153183	9.30931	1.30321	-0.31066	0.755814	-0.0197247	0.0182492	-0.082116
3.74934	73.9007	-12.2245	17.3305	-2.08683	-34.8522	89.1563	-21.3987	3.80695	3.59558	-0.958878	-0.657327	-0.217627	0.0171838	85.3667	96.7156	-20.8889	27.6053	34.4291	-2.20505	0.0404721	-41.6803	19.0147	6.72464	9.8681	-2.50473	-1.19654	0.700159	-0.0456155	-0.0307706	-0.160397	9.63987	1.29934	-0.329864	0.823651	-0.0188929	0.0249608	-0.0889208
3.75933	75.1808	-9.79745	15.0322	0.602695	-34.5866	88.76	-23.8017	5.79035	3.36585	1.26058	-0.650328	-0.177479	0.0145584	85.9147	95.5587	-20.3666	26.7658	35.6463	-2.79878	0.0402639	-37.9791	19.4346	5.88537	9.96805	-2.51278	-1.21636	0.72787	-0.0463897	-0.0266728	-0.166942	9.94044	1.27638	-0.351825	0.893536	-0.0179526	0.0320675	-0.0961233
3.76931	74.238	-7.93693	13.1231	3.01854	-34.7529	88.8385	-26.6758	7.50723	3.15127	3.48864	-0.644733	-0.151247	0.0119402	86.067	94.4147	-19.8476	26.0515	36.9576	-3.39613	0.0401815	-35.4584	19.3938	5.22858	10.021	-2.54103	-1.24097	0.747632	-0.0473173	-0.0244895	-0.172862	10.1591	1.28553	-0.355284	0.945631	-0.0168108	0.0381947	-0.0998751
3.7793	71.5878	-6.01685	11.2534	4.96581	-35.0929	88.8453	-29.9037	9.23691	2.95139	5.73065	-0.653351	-0.130186	0.00952567	86.0427	93.2311	-19.3146	25.4027	38.3921	-3.99108	0.0401894	-33.8568	19.1763	4.79214	10.0453	-2.5806	-1.26591	0.761935	-0.0481872	-0.0234976	-0.177812	10.3017	1.31722	-0.346631	0.981313	-0.0156702	0.0431237	-0.101189
3.78929	67.1143	-3.89813	9.29853	5.69754	-34.9778	88.1916	-33.5541	11.1026	2.7938	8.02544	-0.689312	-0.110663	0.00759327	86.0283	92.0405	-18.7691	24.7546	39.9816	-4.57694	0.0402601	-33.4494	18.8734	4.55725	10.0412	-2.62345	-1.28836	0.767706	-0.0489694	-0.0239784	-0.181233	10.3689	1.36248	-0.328606	0.997936	-0.0146791	0.0462758	-0.100088
3.79928	61.044	-1.47555	7.11536	5.26385	-34.2286	86.6068	-37.602	13.2271	2.67286	10.4045	-0.763377	-0.0866396	0.00637687	86.0958	90.8846	-18.2124	24.0813	41.7549	-5.14679	0.0403663	-34.1029	18.5804	4.47681	10.0122	-2.6581	-1.30473	0.764815	-0.0495633	-0.0256254	-0.182839	10.3705	1.40784	-0.306475	0.99704	-0.0139604	0.0475196	-0.097249
3.80926	53.6091	1.32558	4.60912	3.74352	-32.7547	83.8672	-41.9909	15.7024	2.5738	12.8916	-0.887438	-0.0519487	0.00619606	86.2804	89.7944	-17.6448	23.3729	43.7367	-5.69458	0.0404718	-35.678	18.3528	4.51186	9.963	-2.67562	-1.31251	0.753771	-0.0498938	-0.0281442	-0.182502	10.3166	1.44255	-0.284457	0.980433	-0.0136034	0.0468307	-0.0932582
3.81925	43.4831	5.17431	1.05791	1.09863	-27.236	79.6464	-47.9005	19.4726	2.60924	16.2178	-1.71136	-0.0137053	0.00736354	86.5653	88.835	-17.0701	22.639	45.945	-6.21378	0.0405335	-38.0028	18.2353	4.62309	9.89965	-2.66732	-1.3094	0.736117	-0.049884	-0.0311325	-0.180191	10.2193	1.45584	-0.266963	0.950791	-0.01369	0.0442745	-0.0887832
3.82924	33.3476	8.64492	-2.46829	-2.01984	-21.6838	74.7718	-53.3486	22.9106	2.56886	19.1685	-2.13639	0.02192	0.0100987	86.8576	88.0588	-16.4958	21.9027	48.3877	-6.69914	0.0405652	-40.8929	18.224	4.76734	9.8373	-2.63043	-1.29596	0.713416	-0.0495624	-0.0343703	-0.176228	10.1039	1.44202	-0.257149	0.912149	-0.0142528	0.0401343	-0.084438
3.83923	22.6157	12.0135	-6.31461	-5.26524	-15.8295	69.2141	-58.9971	26.4927	2.5307	22.184	-2.5755	0.0560048	0.014226	87.1267	87.4791	-15.9265	21.1824	51.0736	-7.15068	0.0404677	-44.0095	18.267	4.89643	9.76501	-2.55931	-1.2706	0.687831	-0.0488466	-0.0373387	-0.170746	9.9681	1.39622	-0.25623	0.8679	-0.0152141	0.034855	-0.0806061
3.84921	11.9791	15.049	-10.4324	-7.71214	-10.5006	63.5546	-64.6927	30.0197	2.48242	25.1746	-2.98926	0.0817474	0.0194734	87.3097	87.1105	-15.3697	20.4966	54.0008	-7.57015	0.0402407	-46.7544	18.3651	4.95321	9.68838	-2.44753	-1.23171	0.663968	-0.04763	-0.039103	-0.164119	9.82964	1.31047	-0.26881	0.825553	-0.0165461	0.0291432	-0.0784146
3.8592	2.4839	17.6661	-14.6838	-8.44724	-6.79776	58.4656	-70.1622	33.2742	2.40491	28.0033	-3.34033	0.0943425	0.0255579	87.4199	86.933	-14.8317	19.8361	57.1645	-7.96372	0.0398914	-48.3717	18.5105	4.92026	9.61967	-2.29303	-1.17869	0.648781	-0.045783	-0.0384664	-0.156951	9.70602	1.18184	-0.298842	0.793742	-0.0181945	0.0239159	-0.0791119
3.86919	-5.55195	19.7489	-18.7883	-8.15626	-5.28441	53.8945	-75.0782	36.0845	2.29276	30.523	-3.602	0.0948195	0.0322051	87.4967	86.9162	-14.3083	19.1776	60.5532	-8.33926	0.0394606	-49.0341	18.6283	4.79608	9.55391	-2.10126	-1.11363	0.641506	-0.0434017	-0.0357428	-0.149374	9.59485	1.01638	-0.343395	0.771955	-0.0200809	0.0192372	-0.0822516
3.87918	-11.6391	21.3402	-22.4597	-7.54273	-6.64973	49.8167	-79.0699	38.2878	2.15116	32.574	-3.76147	0.0893905	0.0391295	87.637	87.0101	-13.8027	18.4879	64.1531	-8.7068	0.0389555	-48.8395	18.7205	4.61844	9.49306	-1.88044	-1.03883	0.642341	-0.0405557	-0.0311106	-0.141551	9.4926	0.823096	-0.399634	0.75946	-0.0221482	0.0151466	-0.0874897
3.88916	-15.2047	22.478	-25.3665	-7.15152	-11.7684	46.1932	-81.7156	39.7185	1.98459	33.9828	-3.82266	0.0890879	0.0460342	87.9077	87.169	-13.318	17.7411	67.9419	-9.07429	0.0384289	-47.8366	18.7786	4.41491	9.43692	-1.63733	-0.956125	0.651214	-0.0372999	-0.024715	-0.13361	9.39542	0.609193	-0.465217	0.755557	-0.0243425	0.0116848	-0.0945439
3.89915	-15.6413	23.166	-27.1799	-7.36269	-21.6219	43.1302	-82.5951	40.1773	1.79949	34.5755	-3.80838	0.109051	0.0526337	88.3476	87.3639	-12.8607	16.9225	71.8894	-9.44591	0.0379314	-46.0183	18.8258	4.2049	9.38426	-1.37687	-0.86646	0.667626	-0.0336649	-0.0166448	-0.125578	9.29979	0.379496	-0.538881	0.75967	-0.0266328	0.00884486	-0.103277
3.90914	-12.3941	23.325	-27.5894	-8.58242	-37.1427	40.8978	-81.3168	39.4162	1.60465	34.1869	-3.75744	0.167513	0.0586244	88.9822	87.5973	-12.4368	16.0215	75.9581	-9.82028	0.0374946	-43.4121	18.929	3.99801	9.33108	-1.10136	-0.769583	0.689668	-0.0296642	-0.00706591	-0.117254	9.20076	0.13558	-0.620423	0.77039	-0.0290304	0.00643609	-0.113596
3.91913	-5.03883	22.8249	-26.3197	-11.1611	-59.126	39.9791	-77.569	37.1908	1.40982	32.6915	-3.71946	0.285663	0.0636653	89.8017	87.9133	-12.0496	15.0346	80.1006	-10.1888	0.0371536	-40.0632	19.18	3.81047	9.27252	-0.813726	-0.665192	0.714916	-0.0253138	0.00379779	-0.108382	9.09109	-0.120368	-0.70943	0.785633	-0.0315514	0.00419576	-0.125345
3.92911	6.66002	21.533	-23.2226	-15.2386	-88.0532	40.8692	-71.2097	33.2976	1.22089	30.0382	-3.74717	0.484872	0.0674327	90.7972	88.367	-11.7051	13.9603	84.2609	-10.5376	0.0369457	-36.0036	19.6887	3.64574	9.20295	-0.515102	-0.552363	0.74014	-0.0206252	0.0156925	-0.0986086	8.96524	-0.389017	-0.806497	0.803174	-0.0342381	0.00178091	-0.138461
3.9391	22.6812	19.2877	-18.2829	-20.828	-123.993	43.9984	-62.296	27.5694	1.03811	26.2687	-3.88388	0.782993	0.0696258	91.9679	89.0135	-11.4113	12.7993	88.3735	-10.8492	0.0369121	-31.3086	20.5513	3.49878	9.11624	-0.206221	-0.430311	0.76121	-0.0156311	0.0282355	-0.0875574	8.81902	-0.672411	-0.912338	0.820114	-0.0371444	-0.00123286	-0.15282
3.94909	42.682	15.9132	-11.6537	-27.7503	-166.515	49.7333	-51.1074	19.9287	0.856378	21.5348	-4.15147	1.19178	0.0699473	93.298	89.9146	-11.1804	11.5607	92.3627	-11.104	0.0370933	-26.0896	21.8492	3.34657	9.00445	0.112523	-0.298493	0.773003	-0.0103964	0.0409087	-0.0748459	8.65047	-0.973991	-1.02774	0.833247	-0.0403215	-0.00530839	-0.168247
3.95908	65.8628	11.3618	-3.62468	-35.6423	-214.458	57.9575	-38.1704	10.5529	0.669223	16.118	-4.54123	1.71728	0.0679952	94.7673	91.1075	-11.0248	10.2606	96.1417	-11.2847	0.037531	-20.5937	23.5561	3.1642	8.85982	0.435011	-0.159464	0.770252	-0.00509789	0.0528854	-0.0604337	8.45962	-1.29154	-1.15036	0.838565	-0.0437355	-0.0107834	-0.184104
3.96906	90.8007	5.83899	5.3309	-43.7827	-265.868	67.8694	-24.3012	-0.0202992	0.470568	10.4593	-5.0129	2.35893	0.0632151	96.3307	92.5453	-10.9475	8.93181	99.6128	-11.3804	0.0382656	-15.2334	25.5064	2.95292	8.6782	0.745247	-0.020448	0.748898	-4.63606e-05	0.0630388	-0.0448371	8.24618	-1.61129	-1.27268	0.831034	-0.0472191	-0.01775	-0.199077
3.97905	115.494	-0.184005	14.5747	-51.0988	-317.994	77.7611	-10.56	-10.84	0.253424	5.14936	-5.5097	3.11266	0.0551413	97.9399	94.0804	-10.9355	7.61759	102.669	-11.3885	0.039314	-10.6014	27.3611	2.71069	8.45665	1.01972	0.106909	0.705855	0.00430514	0.0699287	-0.0291394	8.01304	-1.91042	-1.38245	0.805296	-0.0504642	-0.0260012	-0.211229
3.98904	137.737	-6.12698	23.4932	-56.8162	-367.504	84.9702	2.04462	-20.7233	0.00255974	0.800415	-5.988	3.97441	0.0441148	99.5687	95.4657	-10.954	6.36354	105.195	-11.3153	0.0407162	-7.55277	28.6212	2.39264	8.18836	1.23303	0.208167	0.637356	0.00737208	0.0716972	-0.0147459	7.7682	-2.16354	-1.46431	0.755521	-0.0530661	-0.0351851	-0.218073
3.99903	155.933	-11.6	31.8966	-61.7306	-410.755	85.9957	13.0638	-28.71	-0.311477	-2.252	-6.42808	4.93702	0.0317869	101.336	96.3772	-10.9363	5.18515	107.07	-11.1749	0.0424789	-7.33334	28.6672	1.88686	7.85975	1.3639	0.268056	0.536759	0.00846001	0.0658979	-0.00303285	7.52541	-2.35008	-1.50188	0.674085	-0.0546118	-0.0451289	-0.216641
4.00901	169.358	-16.5442	40.133	-68.806	-444.02	77.0858	22.7307	-34.3718	-0.717987	-4.09645	-6.79316	5.97741	0.0198549	103.584	96.4658	-10.7877	4.04731	108.175	-10.9854	0.0446117	-11.6213	26.9235	1.076	7.45793	1.39156	0.270748	0.394787	0.00679384	0.0495145	0.00482415	7.29811	-2.44978	-1.47754	0.550162	-0.0547335	-0.0560715	-0.203463
4.019	177.42	-20.7557	48.6341	-82.1338	-463.374	54.3183	31.5158	-37.352	-1.24596	-4.99523	-7.03153	7.06292	0.0093759	106.771	95.406	-10.4122	2.8849	108.387	-10.7626	0.0471446	-22.3333	23.0377	-0.0977192	6.97944	1.29765	0.202669	0.20166	0.00167058	0.0194723	0.00814675	7.09264	-2.44391	-1.37524	0.370106	-0.0532212	-0.0688341	-0.175078
4.02899	185.493	-21.5306	56.0242	-86.3618	-474.878	32.7039	39.021	-37.9802	-1.92434	-4.96337	-7.11333	8.12852	0.0015371	109.401	93.2583	-9.92802	2.07504	107.567	-10.4863	0.0496993	-29.4772	18.3993	-0.850894	6.64545	1.09106	0.0960624	0.0556823	-0.00380707	-0.00604689	0.00380094	6.97722	-2.31764	-1.25239	0.226694	-0.0504742	-0.0751535	-0.149011
4.03898	191.53	-18.8334	61.8019	-86.307	-475.394	9.55465	45.3473	-35.9555	-2.76906	-4.0569	-7.0266	9.13854	-0.00330706	111.687	89.8296	-9.289	1.56597	105.616	-10.1558	0.0522568	-35.3539	13.5323	-1.35427	6.41211	0.794069	-0.0423782	-0.0650702	-0.00994595	-0.0301947	-0.00560478	6.93451	-2.0952	-1.10915	0.103869	-0.0468365	-0.0777593	-0.12305
4.04897	195.748	-12.9324	65.5809	-81.9831	-465.653	-12.5594	50.624	-31.9104	-3.77309	-2.43534	-6.76292	10.0388	-0.00511398	113.273	85.1361	-8.53357	1.37467	102.47	-9.75732	0.0545557	-39.2416	9.13655	-1.53634	6.29519	0.43691	-0.195802	-0.152772	-0.0160604	-0.0506527	-0.0184629	6.95738	-1.80147	-0.962176	0.0109597	-0.04277	-0.0769098	-0.0999906
4.05895	197.847	-4.89141	67.1848	-74.6852	-446.544	-32.4157	55.0201	-26.7976	-4.88545	-0.320584	-6.32463	10.7778	-0.00415602	113.815	79.2095	-7.70377	1.49655	98.1063	-9.27475	0.0563655	-41.47	5.73405	-1.45924	6.27743	0.058942	-0.3478	-0.211822	-0.0217308	-0.0670164	-0.032501	7.03067	-1.47443	-0.824905	-0.0527175	-0.0387554	-0.0738886	-0.080984
4.06894	198.193	4.15695	66.4926	-63.7079	-420.519	-47.6573	58.6833	-21.7125	-6.03842	2.04472	-5.72007	11.3097	-0.00098599	112.793	72.1624	-6.87681	1.92831	92.5534	-8.68917	0.0573989	-41.4566	3.79454	-1.17715	6.34731	-0.29382	-0.478457	-0.239765	-0.0262699	-0.0773995	-0.0457193	7.14483	-1.15934	-0.716588	-0.0800738	-0.035288	-0.0692013	-0.068692
4.07893	197.348	13.142	63.7721	-49.0243	-390.037	-57.4131	61.8936	-17.508	-7.16534	4.40685	-4.96276	11.6085	0.00359898	109.964	64.2106	-6.12593	2.56127	85.9043	-7.98725	0.0573688	-39.0868	3.48109	-0.77344	6.48483	-0.582847	-0.573541	-0.237929	-0.0292375	-0.0809673	-0.0565786	7.28969	-0.895804	-0.650149	-0.0693776	-0.0327313	-0.0634552	-0.0645069
4.08892	196.143	21.3749	59.5004	-30.1709	-357.964	-61.1056	64.9639	-14.7351	-8.21477	6.57076	-4.07247	11.6678	0.0087558	105.209	55.6107	-5.51598	3.22803	78.3139	-7.16576	0.0559707	-34.0774	4.76471	-0.256731	6.67895	-0.787946	-0.625739	-0.203377	-0.0303101	-0.0768131	-0.0645594	7.45242	-0.702508	-0.63143	-0.0185982	-0.0312249	-0.0566085	-0.0692457
4.0989	195.396	28.445	54.1881	-6.03478	-327.316	-58.1514	68.0923	-13.6753	-9.14757	8.44314	-3.0774	11.4954	0.0138428	98.4633	46.626	-5.10003	3.74522	69.9926	-6.23501	0.0529303	-25.9651	7.48045	0.402967	6.9223	-0.907946	-0.634767	-0.130117	-0.0293265	-0.0640604	-0.0701271	7.62085	-0.57732	-0.659319	0.0756014	-0.0306519	-0.0479184	-0.0831795
4.10889	195.228	33.9873	48.2496	24.354	-300.333	-48.8629	71.2054	-14.2896	-9.9312	10.0768	-2.01494	11.1113	0.0185332	89.765	37.5092	-4.90827	3.94342	61.1964	-5.2221	0.0480641	-14.7699	11.3027	1.18171	7.19255	-0.954212	-0.606759	-0.0181119	-0.0264564	-0.0431303	-0.0741071	7.78185	-0.507345	-0.725188	0.211475	-0.0307009	-0.0367669	-0.105164
4.11888	189.699	36.62	43.6293	43.4414	-269.426	-50.157	74.8546	-15.4465	-10.5687	11.434	-0.921514	10.5756	0.0223902	81.0287	28.292	-4.7444	3.27771	52.2515	-4.19649	0.0412553	-11.4122	14.405	1.65043	7.30732	-0.993293	-0.592475	0.0318111	-0.0253212	-0.0343093	-0.0744949	7.82189	-0.434585	-0.745275	0.275767	-0.0305702	-0.0321588	-0.113751
4.12887	180.956	36.5332	40.6056	55.3366	-238.13	-58.3099	78.7807	-17.1271	-11.0642	12.6185	0.180285	9.9058	0.0255418	72.3773	19.6285	-4.70683	1.66342	43.4629	-3.19846	0.0321812	-13.3529	16.5686	1.86027	7.29041	-1.02825	-0.589008	0.0364581	-0.0254318	-0.0341368	-0.0725763	7.7612	-0.358415	-0.72981	0.287884	-0.0301414	-0.0318965	-0.112437
4.13885	170.631	33.7931	39.4345	61.9802	-208.623	-70.9877	82.7932	-19.1311	-11.4451	13.7416	1.27494	9.12558	0.0281917	64.2189	12.1564	-4.88183	-0.999398	35.1315	-2.27666	0.0206939	-19.0715	17.6107	1.70336	7.13934	-1.05477	-0.593671	0.00070585	-0.0266035	-0.0409671	-0.0689272	7.62677	-0.291367	-0.688025	0.261018	-0.0293433	-0.0347143	-0.103556
4.14884	160.608	28.486	40.2869	64.7914	-182.538	-85.8976	86.7315	-21.1923	-11.7544	14.9092	2.35704	8.26315	0.0305432	57.1458	6.50186	-5.33507	-4.75952	27.5357	-1.48048	0.00682223	-27.0007	17.4198	1.03501	6.85832	-1.06042	-0.601741	-0.0696328	-0.0285944	-0.0529054	-0.0640375	7.46107	-0.257277	-0.633705	0.211204	-0.028223	-0.0393319	-0.0900825
4.15883	152.956	20.7369	43.2281	64.9506	-161.167	-100.531	90.5379	-23.0129	-12.0478	16.1966	3.43505	7.35284	0.0326183	51.7355	3.20838	-6.07802	-9.54135	20.9064	-0.850708	-0.00913131	-35.4339	15.9618	-0.257771	6.4683	-1.02924	-0.607617	-0.16414	-0.0310554	-0.0674817	-0.0585794	7.31718	-0.283283	-0.583352	0.157663	-0.0269146	-0.0442555	-0.0755844
4.16882	149.341	10.5691	48.2213	63.7332	-145.532	-111.774	94.2731	-24.2723	-12.3858	17.6431	4.52745	6.43669	0.0342444	48.1002	2.75923	-7.04374	-15.0089	15.3922	-0.40562	-0.0263745	-42.6761	13.2642	-2.18681	6.00968	-0.952661	-0.608244	-0.266351	-0.0335997	-0.0818364	-0.0537101	7.24631	-0.383902	-0.550318	0.1205	-0.0255179	-0.0476848	-0.0634684
4.1788	150.835	-2.22651	55.1513	62.976	-136.308	-115.52	98.1819	-24.6904	-12.8276	19.2229	5.65693	5.56365	0.0351125	45.5261	5.63099	-8.0855	-20.4767	11.0226	-0.130006	-0.0432482	-46.9595	9.4593	-4.67988	5.53951	-0.829015	-0.602589	-0.354243	-0.0357976	-0.092663	-0.0510153	7.29932	-0.561949	-0.545579	0.12151	-0.0240903	-0.0474762	-0.0571331
4.18879	158.595	-18.621	64.0138	65.5009	-134.087	-105.865	102.89	-24.2632	-13.447	20.7833	6.84811	4.78232	0.0348106	42.3052	12.5875	-9.02847	-24.8704	7.6829	0.0346314	-0.0570615	-45.9742	4.86379	-7.75869	5.12022	-0.641277	-0.584573	-0.402092	-0.0370341	-0.0955883	-0.0520245	7.55615	-0.840418	-0.589943	0.192028	-0.022825	-0.0409775	-0.061744
4.19878	155.037	-24.9639	67.4067	64.4283	-123.242	-112.12	105.073	-20.4335	-14.235	23.55	7.94241	4.14002	0.0358536	39.75	14.7447	-8.9999	-28.9804	5.26292	-0.0132975	-0.0628939	-50.9538	1.24643	-9.11181	4.89162	-0.710803	-0.641406	-0.463	-0.0405843	-0.108264	-0.0559426	7.63256	-0.808166	-0.530545	0.176756	-0.0205911	-0.039572	-0.0501149
4.20877	156.713	-37.037	75.0812	66.7545	-115.392	-95.9353	109.282	-15.9893	-15.2722	25.8657	9.14081	3.65815	0.0350197	32.3176	23.963	-8.54244	-29.9714	3.34594	0.0477484	-0.0602915	-50.311	-3.52745	-8.67396	5.02517	-0.680677	-0.658363	-0.427475	-0.0398466	-0.106521	-0.0610027	7.6424	-0.823866	-0.517627	0.153999	-0.0209052	-0.0383845	-0.0482175
4.21875	150.014	-42.7551	79.9824	76.9194	-104.286	-81.4646	112.646	-9.98556	-16.4458	28.6284	10.3173	3.3173	0.0347913	19.5347	31.1834	-7.70392	-28.2765	1.50858	0.362982	-0.0474482	-49.472	-6.88123	-5.73264	5.48208	-0.75436	-0.683175	-0.334086	-0.0372547	-0.0998107	-0.0664794	7.40267	-0.64221	-0.467884	0.073759	-0.02218	-0.0409227	-0.0428605
4.22874	140.799	-41.9072	79.4914	90.6316	-89.8457	-76.2461	114.912	-3.62993	-17.6415	31.6278	11.4886	3.06715	0.0352412	7.77066	33.4731	-4.97878	-27.0438	0.566584	0.149021	-0.0279873	-48.2226	-8.92866	-2.71523	6.0181	-0.835023	-0.704146	-0.235556	-0.0345738	-0.091717	-0.0715846	7.23587	-0.457426	-0.433408	0.00703445	-0.0238463	-0.0435757	-0.0405837
4.23873	128.463	-40.0819	77.363	107.243	-75.3975	-73.9084	116.297	2.48192	-18.7781	34.6454	12.6867	2.87332	0.036031	-5.8954	34.9433	-2.83881	-24.3112	-0.418925	0.250025	-0.00624758	-46.7108	-9.66374	-0.48956	6.49661	-0.877744	-0.711239	-0.153362	-0.0322688	-0.0835946	-0.0750641	7.20124	-0.345321	-0.430516	-0.0247234	-0.025646	-0.0453784	-0.0429879
4.24872	116.857	-36.7605	73.4971	121.857	-62.2871	-75.2009	117.1	7.94669	-19.7838	37.4566	13.9445	2.70414	0.03692	-17.9422	34.9179	-0.993486	-21.5352	-1.17175	0.371321	0.014177	-44.9171	-9.09238	0.777125	6.89205	-0.878208	-0.70433	-0.0890972	-0.0304689	-0.075541	-0.0770377	7.31384	-0.316834	-0.461258	-0.0137978	-0.0274525	-0.045696	-0.0504706
4.2587	106.976	-31.771	68.4793	130.164	-50.7114	-80.0758	117.641	12.7301	-20.6164	39.8981	15.2903	2.53653	0.0376429	-27.0588	33.4109	0.329489	-19.1063	-1.71128	0.479733	0.03085	-43.8382	-7.27592	1.2995	7.20551	-0.860673	-0.690226	-0.0460128	-0.0293888	-0.0689753	-0.0774384	7.52386	-0.337793	-0.51076	0.025675	-0.0291259	-0.0453894	-0.0604034
4.26869	101.397	-25.375	63.3551	131.229	-42.4724	-87.2308	118.329	16.5468	-21.2255	41.7597	16.7545	2.34069	0.0379821	-32.3248	30.5337	0.949146	-17.2333	-2.04941	0.550508	0.0422215	-42.6168	-4.72012	1.27455	7.4731	-0.845134	-0.678011	-0.00510068	-0.0288845	-0.0622574	-0.0784675	7.82714	-0.375112	-0.569325	0.0996263	-0.0303501	-0.0426448	-0.0726797
4.27868	100.908	-17.8105	58.7431	123.532	-37.893	-96.1887	119.566	19.3565	-21.605	42.901	18.3503	2.09589	0.0377564	-33.5017	26.3522	0.883065	-15.9781	-2.20403	0.565055	0.0479184	-41.4256	-1.78692	0.839547	7.70998	-0.843915	-0.673458	0.0382861	-0.0289885	-0.0555353	-0.080867	8.20618	-0.408617	-0.628118	0.202631	-0.0310068	-0.0373371	-0.0860952
4.28867	105.661	-9.40512	55.0114	106.298	-36.7974	-106.549	121.683	21.1923	-21.7747	43.2407	20.0696	1.78532	0.0368424	-30.7913	20.9648	0.300819	-15.3405	-2.19122	0.514842	0.0484189	-40.4617	1.20613	0.0899021	7.92611	-0.857848	-0.678228	0.0859662	-0.0296502	-0.0489807	-0.0848169	8.64552	-0.432836	-0.683059	0.328328	-0.031126	-0.0297544	-0.0998437
4.29865	114.98	-0.792647	52.1366	79.5333	-39.5431	-117.907	124.748	21.9781	-21.7562	42.7857	21.8764	1.38776	0.0353114	-24.7451	14.5419	-0.550293	-14.9522	-2.12297	0.359057	0.0448657	-40.0329	4.06353	-0.976535	8.11993	-0.86311	-0.685254	0.133768	-0.0306608	-0.0428388	-0.0893009	9.13645	-0.474757	-0.740604	0.469452	-0.0310545	-0.0210146	-0.114031
4.30864	131.7	7.67139	50.2416	62.0983	-49.189	-127.084	126.756	21.1022	-21.3737	42.061	23.6836	0.846134	0.0340316	-16.7067	6.75268	-1.31077	-15.5655	-1.6896	0.236758	0.0384551	-32.7299	5.55549	-1.89878	8.43264	-0.82978	-0.690614	0.280405	-0.0296547	-0.0233308	-0.101596	9.72913	-0.521586	-0.816075	0.687629	-0.0304408	-0.00193385	-0.137653
4.31863	142.258	8.09481	48.4314	53.9906	-56.1085	-128.768	125.047	18.8143	-20.6895	41.8785	25.3603	0.118861	0.0352843	-12.0003	3.82912	-0.669503	-14.5573	-1.45192	0.156667	0.0345909	-25.1287	4.71981	-2.00033	8.87604	-0.687023	-0.668968	0.462651	-0.0263821	0.000370972	-0.112773	10.2159	-0.631237	-0.90333	0.866527	-0.0314077	0.0141717	-0.161237
4.32862	146.606	4.72764	46.624	39.5035	-57.4672	-130.138	122.772	15.6302	-19.8583	41.5753	26.9753	-0.705486	0.0366249	-8.5991	2.48384	0.095436	-13.1115	-1.28425	0.112003	0.0314534	-22.7899	3.83545	-2.48079	9.20454	-0.508262	-0.63623	0.574672	-0.0241862	0.0147622	-0.117597	10.6477	-0.805585	-0.990156	0.991405	-0.0331322	0.022637	-0.178695
4.3386	149.467	-1.64429	45.9419	14.8395	-56.9987	-130.901	121.516	12.1286	-19.0203	40.8434	28.5427	-1.55121	0.0373137	-4.63893	2.86965	0.50352	-11.5359	-1.12057	0.125978	0.0274756	-24.7842	2.7833	-3.50134	9.39123	-0.320473	-0.602297	0.617004	-0.0234302	0.0199247	-0.117663	11.0466	-1.02493	-1.07059	1.07384	-0.0350518	0.0253406	-0.190231
4.34859	152.021	-9.95825	46.6989	-21.1901	-55.7706	-130.757	121.826	8.77471	-18.2485	39.6577	30.0392	-2.36605	0.0371784	0.502897	5.03572	0.451433	-10.0232	-0.947747	0.208636	0.0222963	-31.0819	1.57591	-4.61618	9.45931	-0.163023	-0.574459	0.59155	-0.0240529	0.0155933	-0.113219	11.3341	-1.23305	-1.12774	1.09555	-0.0370005	0.0215121	-0.19362
4.35858	162.055	-18.4248	49.1285	-45.8466	-67.1523	-124.397	121.747	5.71465	-17.3734	38.6431	31.3868	-3.1422	0.0367434	6.95862	8.67927	-0.139951	-8.40837	-0.751917	0.362629	0.0156437	-30.2994	-0.806288	-5.05516	9.60272	-0.0794044	-0.572884	0.650371	-0.0233563	0.0215313	-0.117888	11.5672	-1.30542	-1.15289	1.15629	-0.0372705	0.02732	-0.199645
4.36857	169.204	-26.8449	52.1354	-80.0663	-76.3214	-119.805	122.835	3.34077	-16.6171	37.485	32.5675	-3.83173	0.0357496	14.0909	13.0366	-0.960648	-7.18618	-0.569688	0.554613	0.0087922	-34.9125	-3.28616	-5.10251	9.62586	-0.0711995	-0.584569	0.627668	-0.0242096	0.0154976	-0.116898	11.5692	-1.30071	-1.13035	1.11958	-0.0374448	0.0239	-0.192955
4.37855	178.842	-33.2319	54.992	-100.195	-93.5862	-112.397	122.996	1.54112	-15.8126	36.7978	33.5039	-4.44685	0.0348746	20.7505	16.9862	-1.85824	-6.14736	-0.410847	0.744628	0.00253759	-34.2873	-6.24924	-4.34115	9.68982	-0.165136	-0.624396	0.660281	-0.0242661	0.0158678	-0.122564	11.4479	-1.13224	-1.06381	1.09241	-0.0360045	0.0267534	-0.185351
4.38854	178.134	-36.3567	56.1926	-127.221	-102.274	-111.055	123.632	0.750442	-15.2044	36.2861	34.1832	-4.95313	0.0339935	25.2776	18.7744	-2.41924	-5.55021	-0.299308	0.85584	-0.00165285	-41.9002	-8.54824	-3.17824	9.58068	-0.376311	-0.681586	0.567804	-0.0269001	-0.00147172	-0.119284	11.0412	-0.860367	-0.938215	0.937347	-0.0344978	0.0161861	-0.160976
4.39853	169.342	-34.039	54.5978	-138.119	-108.459	-110.232	122.697	0.820654	-14.6644	36.5062	34.5491	-5.37689	0.0339254	24.8487	17.0037	-2.47293	-4.8666	-0.270998	0.828757	-0.00230367	-48.5228	-9.68791	-1.39959	9.42732	-0.740369	-0.770257	0.467528	-0.0303395	-0.0204427	-0.117825	10.4776	-0.409186	-0.761765	0.762186	-0.0314853	0.00645206	-0.131424
4.40852	144.581	-25.2221	49.6867	-135.506	-102.323	-111.731	120.051	1.83268	-14.2882	37.4928	34.5992	-5.72513	0.0351577	16.3869	10.4533	-1.86693	-3.71951	-0.382396	0.613158	0.0023426	-58.6416	-8.84778	0.773092	9.14744	-1.30118	-0.896939	0.299575	-0.0362146	-0.0493119	-0.114047	9.72646	0.234046	-0.523065	0.535026	-0.0269886	-0.00755989	-0.0915567
4.4185	99.6088	-8.49932	41.5069	-111.708	-77.6077	-113.373	114.732	4.03117	-14.1148	39.4944	34.3472	-6.01572	0.0384555	-3.53601	-1.52057	-0.607248	-1.57083	-0.722046	0.195206	0.0143516	-71.2721	-5.16072	3.46982	8.75246	-2.12491	-1.07728	0.0800221	-0.0448462	-0.0864026	-0.110437	8.79101	1.14255	-0.208509	0.277799	-0.0202021	-0.0228223	-0.0420232
4.42849	73.4473	-4.42396	34.256	-95.9829	-52.2981	-103.004	110.461	4.27014	-13.695	40.9918	34.0324	-6.27682	0.0410761	-16.2076	-7.04925	0.133224	0.950211	-0.918715	-0.00552306	0.0199045	-77.0583	-1.29229	1.56132	8.27367	-2.78148	-1.26172	-0.131708	-0.0560033	-0.117368	-0.117283	8.95246	1.63191	-0.0543451	0.279272	-0.0130499	-0.0194635	-0.0224851
4.43848	68.369	-9.51003	29.0726	-86.7533	-42.3254	-82.7947	108.063	3.23267	-13.0194	41.8377	33.7512	-6.48565	0.0422002	-20.8308	-6.366	0.328668	3.28889	-0.958439	0.00124576	0.0189676	-74.5299	1.81673	-1.92806	7.89659	-3.20003	-1.40387	-0.248411	-0.0646703	-0.131854	-0.130831	9.60227	1.81872	-0.0178676	0.434051	-0.00707699	-0.00333773	-0.0260449
4.44847	39.3936	-3.25335	24.8569	-50.7271	-0.321634	-63.7293	103.113	4.62268	-12.6689	43.5747	33.3165	-6.60988	0.0460935	-40.6242	-10.2847	0.907049	6.94803	-1.38303	-0.145865	0.0278639	-74.6496	6.33602	-0.735596	7.85103	-3.91976	-1.5879	-0.319302	-0.0715631	-0.146222	-0.143437	9.46154	2.53142	0.17085	0.410277	-0.000623373	0.00287565	-0.00846105
4.45845	22.331	-4.10395	21.0848	-14.9864	38.054	-41.9709	97.8546	4.7679	-12.183	45.3458	32.9779	-6.72173	0.0496531	-55.7563	-11.0318	1.14293	10.5134	-1.7196	-0.168934	0.0332597	-69.1899	10.4332	-2.02249	7.80184	-4.50649	-1.7723	-0.341683	-0.0788613	-0.152381	-0.164881	9.94164	3.00546	0.272302	0.549694	0.0061936	0.0230655	-0.00905541
4.46844	16.7863	-9.16871	18.0358	23.7482	74.0057	-19.2481	92.4407	4.37557	-11.5508	47.0472	32.7906	-6.79687	0.0529615	-66.977	-9.29633	1.10886	13.9072	-1.99238	-0.100152	0.0361435	-57.5167	13.8171	-4.11858	7.91693	-4.98293	-1.95422	-0.274432	-0.0847134	-0.146637	-0.19515	10.7904	3.35754	0.320716	0.793466	0.0128172	0.0542621	-0.0231118
4.47843	13.0602	-16.1158	16.9032	49.0844	120.456	-1.66011	88.2676	3.94004	-10.9536	48.3065	32.824	-6.80817	0.0561386	-75.634	-6.37035	1.03284	16.9974	-2.24978	0.0191725	0.0381897	-49.8364	15.3285	-5.94276	8.15639	-5.4041	-2.1275	-0.240865	-0.090667	-0.146566	-0.221545	11.6648	3.64635	0.35869	0.976606	0.0176944	0.0776265	-0.0335277
4.48842	8.99328	-23.5444	17.2251	63.6205	178.906	11.5755	85.12	3.66506	-10.4233	49.1925	33.1125	-6.74756	0.0592958	-82.9987	-2.91008	0.955659	19.931	-2.52724	0.166709	0.0405054	-46.258	15.4371	-7.24382	8.51561	-5.80327	-2.29439	-0.248775	-0.0968153	-0.152857	-0.243284	12.5086	3.91019	0.394399	1.08778	0.0209314	0.0921424	-0.039187
4.4984	3.06281	-30.4276	18.6326	69.1924	249.1	21.2073	82.831	3.72676	-9.98958	49.7592	33.671	-6.60792	0.0624899	-89.9087	0.598889	0.893499	22.803	-2.84364	0.325909	0.0437521	-46.8147	14.5474	-7.938	8.96151	-6.20461	-2.45598	-0.306877	-0.103308	-0.166183	-0.259672	13.2756	4.17386	0.434108	1.12178	0.0227519	0.0973823	-0.0392651
4.50839	-5.91112	-36.0315	20.9385	66.0132	328.968	27.5349	81.3737	4.24178	-9.67638	50.0353	34.5018	-6.3852	0.0656824	-96.7722	3.74433	0.859499	25.6309	-3.19823	0.481557	0.0481146	-51.8495	12.8793	-8.03145	9.43967	-6.61517	-2.60885	-0.426838	-0.11025	-0.187484	-0.269403	13.9133	4.44235	0.481046	1.07247	0.0232947	0.0925783	-0.0328506
4.51838	-18.7135	-39.7334	24.1579	52.6634	414.141	30.0472	80.9052	5.31515	-9.50229	50.0281	35.5993	-6.07915	0.0686752	-103.572	6.13174	0.862742	28.3413	-3.57133	0.617709	0.0533682	-61.9453	10.4031	-7.54005	9.88512	-7.02155	-2.74385	-0.619667	-0.117563	-0.217592	-0.270537	14.352	4.7028	0.535869	0.93081	0.0225496	0.0765029	-0.0188831
4.52837	-35.7069	-40.8671	28.4034	26.2793	497.424	27.6629	81.7673	7.04656	-9.48247	49.7332	36.9511	-5.69543	0.0710856	-109.888	7.36767	0.900773	30.7636	-3.92878	0.717154	0.0590332	-77.8038	6.97252	-6.42271	10.2288	-7.38809	-2.84423	-0.892094	-0.124841	-0.256685	-0.260434	14.4953	4.92624	0.595946	0.685387	0.0203123	0.0475014	0.00359625
4.53835	-47.4706	-41.18	31.5092	7.39507	555.842	23.351	82.5036	8.90394	-9.48515	49.5799	38.5288	-5.27672	0.0724571	-115.023	8.05395	0.894156	32.9052	-4.24769	0.79575	0.0645727	-87.9799	4.21115	-5.60973	10.4804	-7.58305	-2.89424	-1.08148	-0.129003	-0.282146	-0.25173	14.5891	5.02438	0.616774	0.510005	0.0180056	0.0261797	0.0166419
4.54834	-53.3797	-40.6537	33.8037	-7.71195	574.648	13.7666	83.536	10.9345	-9.54653	49.591	40.3248	-4.83843	0.072124	-117.844	8.0422	0.838639	34.4504	-4.47837	0.843445	0.0691921	-92.7582	1.46929	-5.022	10.554	-7.5112	-2.86242	-1.1707	-0.128719	-0.291423	-0.241542	14.4846	4.93925	0.594694	0.398501	0.0153179	0.0118616	0.0211787
4.55833	-52.4448	-39.0719	35.445	-23.8151	535.415	-5.01624	85.4791	13.2555	-9.70317	49.797	42.3467	-4.39441	0.0691524	-116.948	7.05585	0.753434	35.0056	-4.56234	0.84753	0.0719834	-92.3623	-1.83484	-4.64151	10.3422	-7.05405	-2.70908	-1.13938	-0.122408	-0.281171	-0.226317	14.021	4.58922	0.519681	0.349994	0.0118295	0.0040028	0.01736
4.56832	-43.3416	-36.2142	36.4701	-45.9869	415.969	-37.4987	89.0061	16.0286	-9.98902	50.2528	44.6116	-3.96022	0.0624008	-110.745	4.79614	0.662357	34.1415	-4.43322	0.794794	0.0718903	-86.7295	-6.25775	-4.49949	9.7197	-6.06673	-2.38615	-0.960137	-0.108148	-0.246828	-0.202114	13.0256	3.8686	0.375494	0.370045	0.00702292	0.00247143	0.00443787
4.5783	-24.5658	-31.9485	36.8533	-79.4554	191.127	-88.6107	94.7929	19.4271	-10.4359	51.0441	47.1413	-3.55545	0.0505845	-97.5431	0.992546	0.586942	31.4221	-4.01692	0.672219	0.0676661	-75.5522	-12.3491	-4.64675	8.54945	-4.38213	-1.83864	-0.598931	-0.083708	-0.182772	-0.16469	11.313	2.65253	0.141119	0.468738	0.000287543	0.00743302	-0.0190071
4.58829	5.39851	-26.0844	36.5479	-129.437	-165.742	-163.709	103.475	23.6483	-11.0745	52.2939	49.955	-3.20408	0.032351	-75.6631	-4.69287	0.549564	26.4362	-3.23442	0.464159	0.0579557	-58.3418	-20.6557	-5.11488	6.69358	-1.82306	-1.00853	-0.0167225	-0.046687	-0.082727	-0.109778	8.68997	0.80882	-0.206234	0.658071	-0.00903465	0.0192329	-0.0546826
4.59828	47.8415	-18.4569	35.4846	-200.952	-680.094	-268.025	115.597	28.875	-11.9278	54.1559	53.0626	-2.93604	0.00640674	-43.6241	-12.5937	0.571448	18.859	-2.00996	0.155507	0.0414133	-34.5792	-31.6418	-5.92123	4.02714	1.78034	0.15963	0.826324	0.00522652	0.059539	-0.0334417	4.97684	-1.79053	-0.689382	0.95127	-0.0215972	0.038314	-0.104434
4.60827	103.524	-8.95593	33.6259	-298.396	-1372.42	-405.97	131.541	35.221	-13.0006	56.7988	56.4563	-2.78884	-0.0283121	-0.371201	-23.0333	0.668925	8.50317	-0.274268	-0.269082	0.016688	-3.90311	-45.6295	-7.06439	0.458766	6.56576	1.71054	1.96494	0.0738885	0.249214	0.0673903	0.0356862	-5.25167	-1.32809	1.3608	-0.0379748	0.0650657	-0.169932
4.61825	172.207	2.4205	31.0224	-424.875	-2252.49	-580.245	151.413	42.6805	-14.269	60.3794	60.0985	-2.80828	-0.0723436	54.3617	-36.2811	0.860676	-4.59787	2.02148	-0.821726	-0.0173938	33.6121	-62.7327	-8.52619	-4.03644	12.6045	3.66664	3.42058	0.160184	0.489057	0.19414	-6.18408	-9.63617	-2.13578	1.89611	-0.0585882	0.0995979	-0.252391
4.62824	252.348	15.4853	27.8474	-581.054	-3313.79	-790.513	174.921	51.045	-15.6617	65.0175	63.913	-3.05006	-0.12544	119.755	-52.4426	1.16476	-20.1149	4.89212	-1.5066	-0.0616637	77.2873	-82.7337	-10.2532	-9.39943	19.8594	6.01532	5.18807	0.263456	0.77752	0.345967	-13.6181	-14.9264	-3.11175	2.55709	-0.0835022	0.141411	-0.351641
4.63823	41.6241	-1.52623	10.4508	31.6669	-45.8048	-6.30215	83.9175	21.6118	-9.37771	58.4033	56.011	-2.79348	0.0431219	-59.1606	-3.78318	0.263298	17.4251	-2.97641	0.343604	0.0587542	-27.1294	17.3109	2.53495	5.06208	-4.98257	-1.64921	-0.958329	-0.0686109	-0.17118	-0.12307	6.39274	3.70348	0.541511	-0.159871	0.0135595	-0.00785721	0.0305343
4.64822	35.1392	-0.242585	12.3255	32.6688	-13.9495	-4.26219	79.11	20.7181	-8.59485	60.2601	56.4493	-3.07459	0.0462745	-57.7181	-4.82793	0.368524	16.1043	-2.81065	0.282222	0.0545864	-31.0855	16.4673	3.05888	4.93327	-5.27237	-1.72113	-1.12004	-0.072616	-0.192149	-0.11981	6.18745	3.95414	0.632208	-0.308585	0.0150261	-0.0191319	0.0484456
4.6582	31.036	1.33279	14.5046	33.1727	11.0105	-1.76977	76.0698	19.6326	-7.79756	61.5726	56.803	-3.32861	0.0490868	-56.2944	-6.03126	0.558	14.8232	-2.5391	0.199472	0.0473094	-34.2197	15.5612	3.73149	4.73701	-5.53618	-1.78069	-1.28404	-0.0759592	-0.212459	-0.11509	5.86303	4.1975	0.727552	-0.476867	0.0164853	-0.0314833	0.0677484
4.66819	26.3169	3.26928	16.5524	35.3759	40.6985	-0.740459	72.5861	19.0323	-7.0193	62.6718	56.9959	-3.53757	0.0522835	-56.9263	-7.24541	0.83501	14.359	-2.2826	0.118792	0.0394007	-35.2178	14.7054	4.21393	4.72841	-5.77478	-1.85148	-1.35388	-0.0786175	-0.223443	-0.117884	5.76094	4.45407	0.812748	-0.557064	0.0183758	-0.0346778	0.0801493
4.67818	26.2987	5.81379	18.7168	33.2025	56.5694	2.66362	72.3585	17.903	-6.21752	62.7703	57.1471	-3.73225	0.0546607	-56.3548	-8.5394	1.1553	13.4833	-1.94449	0.0186148	0.0299772	-35.8221	14.3515	5.25837	4.59216	-5.94142	-1.88059	-1.43879	-0.0795625	-0.23341	-0.114454	5.37093	4.66725	0.893462	-0.688366	0.0195033	-0.0428856	0.0946693
4.68817	25.3082	8.5208	20.671	32.461	77.7843	5.70475	71.5474	16.7254	-5.33735	62.5763	57.1118	-3.90475	0.0572745	-57.3877	-9.92942	1.51758	13.1344	-1.68495	-0.0760107	0.0224246	-35.0126	14.4289	6.10173	4.59579	-6.06461	-1.908	-1.4512	-0.0797386	-0.23549	-0.115658	5.16374	4.85407	0.952103	-0.745169	0.0205871	-0.0444438	0.102104
4.69815	27.0637	11.8318	22.4712	27.646	89.2581	11.5441	73.2255	14.648	-4.36006	61.492	56.963	-4.07795	0.0590039	-57.1962	-11.6768	1.8945	12.2414	-1.39885	-0.190213	0.0153747	-35.1595	15.4756	7.30185	4.42442	-6.10282	-1.88355	-1.51134	-0.078583	-0.239326	-0.107583	4.68729	4.93896	0.986727	-0.860679	0.0203432	-0.0537742	0.110706
4.70814	26.9805	14.9094	23.8494	25.2516	107.795	16.4526	73.7934	12.352	-3.29631	60.1277	56.5355	-4.224	0.060885	-58.3052	-13.481	2.25734	11.7925	-1.22088	-0.291632	0.0112265	-34.6109	16.9239	8.04391	4.32883	-6.08578	-1.85183	-1.52989	-0.0770564	-0.238171	-0.101997	4.40042	4.95056	0.98834	-0.912975	0.0197707	-0.0585828	0.112363
4.71813	24.7899	17.3588	24.7686	26.4081	134.598	19.5774	72.6988	10.0431	-2.2005	58.5103	55.7712	-4.32116	0.0630065	-60.5409	-15.0247	2.56202	11.8381	-1.15888	-0.367044	0.00998792	-33.223	18.3385	8.25794	4.31235	-6.01993	-1.81895	-1.50717	-0.0753506	-0.232555	-0.0997312	4.32047	4.89889	0.962614	-0.902473	0.0190561	-0.0584115	0.107797
4.72812	24.7281	20.1895	25.1742	23.1585	152.128	23.8514	73.6268	7.28391	-1.18422	56.0025	54.7793	-4.36534	0.0635927	-60.7646	-16.7692	2.85751	11.2473	-1.06885	-0.447668	0.00917026	-33.8671	20.2229	8.60806	4.0425	-5.86141	-1.73092	-1.57322	-0.0728927	-0.233146	-0.0856119	3.95094	4.7061	0.909348	-0.976094	0.0168022	-0.0691699	0.106409
4.7381	22.5122	22.1438	25.177	23.8258	178.57	26.3287	72.5824	4.94873	-0.283697	53.2187	53.3911	-4.30612	0.0638755	-61.6101	-17.9873	3.08278	11.0573	-1.08498	-0.492259	0.0108609	-33.9243	21.4217	8.43597	3.82571	-5.69777	-1.65823	-1.61473	-0.0709534	-0.232299	-0.0755884	3.75899	4.50007	0.851484	-1.00641	0.0149706	-0.0755228	0.102518
4.74809	18.1614	23.0487	24.8902	28.7908	213.668	26.9271	69.3931	3.22157	0.429705	50.1353	51.5836	-4.1172	0.0638415	-62.8851	-18.4469	3.19499	11.2269	-1.19244	-0.496955	0.0145554	-33.3044	21.564	7.86356	3.67134	-5.54447	-1.60705	-1.62898	-0.0695713	-0.230289	-0.0703197	3.71661	4.3145	0.802037	-1.00168	0.013814	-0.0773854	0.0978419
4.75808	11.6083	22.7244	24.3138	38.5543	257.223	25.2717	63.9731	2.19237	0.922461	46.7187	49.3638	-3.78287	0.0633878	-64.535	-18.0078	3.17395	11.7516	-1.37429	-0.460513	0.0196635	-31.9904	20.4687	6.93508	3.58513	-5.39704	-1.57626	-1.61603	-0.0686431	-0.227122	-0.069651	3.81411	4.15026	0.762007	-0.966805	0.0132698	-0.0751135	0.0927042
4.76807	6.59688	22.2529	23.1576	44.1308	293.623	24.5445	59.8497	1.2971	1.1253	42.464	46.8993	-3.31822	0.0605207	-63.9661	-17.2927	3.09938	11.6514	-1.49061	-0.421267	0.0236553	-32.7448	19.2809	6.17274	3.31183	-5.19138	-1.509	-1.67831	-0.0674067	-0.230225	-0.0599427	3.67797	3.89664	0.710279	-1.00853	0.0116587	-0.0820054	0.0918972
4.77805	0.525585	20.6323	21.4418	51.688	334.205	22.5274	54.2981	0.9959	1.10741	37.79	44.1157	-2.70944	0.0563886	-63.211	-15.7796	2.91814	11.7277	-1.62931	-0.353359	0.0277451	-33.1094	17.3574	5.09137	3.1058	-4.97019	-1.45118	-1.7128	-0.0663257	-0.231378	-0.0535256	3.67643	3.63289	0.654875	-1.01618	0.0102633	-0.0854008	0.0890439
4.78804	-3.54686	18.7635	19.3902	53.8143	366.969	23.5349	50.3958	0.587286	0.86849	32.3502	41.1842	-1.99136	0.0492121	-60.1468	-14.0448	2.7013	11.1212	-1.67415	-0.292956	0.0299329	-35.6127	15.704	4.26905	2.73802	-4.72679	-1.36749	-1.81847	-0.0652449	-0.23888	-0.0392588	3.45369	3.31854	0.596374	-1.09574	0.00810206	-0.0971229	0.0908992
4.79803	-4.43279	16.7278	17.3288	48.7459	389.84	28.7503	48.796	-0.0472841	0.428413	26.1703	38.1899	-1.18829	0.038405	-54.6021	-12.2354	2.46551	9.7309	-1.61552	-0.247711	0.0300942	-39.9472	14.5072	3.74634	2.22549	-4.49053	-1.2687	-1.98339	-0.0643665	-0.25204	-0.0189389	3.01956	2.99417	0.545939	-1.23697	0.00563983	-0.115408	0.0978461
4.80802	-5.18744	14.0365	15.437	45.1484	416.425	33.5468	46.2532	-0.04852	-0.166724	19.7579	35.0482	-0.299863	0.0264146	-49.4077	-9.91431	2.14377	8.59794	-1.5804	-0.186196	0.0303091	-42.6174	12.6584	3.12529	1.89598	-4.30599	-1.20815	-2.0692	-0.0637775	-0.259401	-0.00785703	2.77776	2.77616	0.520097	-1.31071	0.00445845	-0.124678	0.102754
4.818	-6.73077	10.8992	13.8809	45.1791	448.669	38.0044	42.532	0.506784	-0.873603	13.2477	31.8325	0.636548	0.0142813	-45.3223	-7.10243	1.74902	7.90469	-1.58732	-0.106299	0.0308547	-43.4887	10.2184	2.54876	1.77007	-4.18648	-1.18817	-2.07311	-0.0633926	-0.260652	-0.00623148	2.71391	2.68668	0.523198	-1.32145	0.00457581	-0.125086	0.105952
4.82799	-5.25334	7.98999	12.8914	39.7082	472.014	44.9647	41.0951	0.878671	-1.76689	6.3411	28.8101	1.55821	0.000278127	-40.0859	-4.44635	1.37355	6.74694	-1.53241	-0.0396849	0.0301253	-44.8553	8.15832	2.31266	1.61016	-4.09168	-1.16756	-2.08284	-0.0629276	-0.262666	-0.00336684	2.53063	2.64235	0.543238	-1.35202	0.00494844	-0.126794	0.112012
4.83798	-4.96698	5.23139	11.9565	38.4952	501.159	50.7303	38.8125	1.83169	-2.77654	-0.431426	25.9407	2.45858	-0.0123832	-36.6731	-1.57011	0.981852	6.15385	-1.53813	0.0424253	0.0301189	-44.5173	5.99739	2.01545	1.64125	-4.05141	-1.18078	-2.01722	-0.0626323	-0.258496	-0.00893953	2.54916	2.69461	0.57827	-1.31329	0.00631843	-0.120054	0.114556
4.84797	-4.02014	2.76279	11.2894	36.4936	527.496	57.3405	37.6629	2.91385	-3.91546	-7.14795	23.4124	3.29971	-0.0242331	-33.7066	1.33817	0.604723	5.58367	-1.54153	0.125607	0.0298077	-44.2199	4.27782	1.78008	1.67954	-4.0522	-1.2048	-1.94837	-0.0626692	-0.254418	-0.0155973	2.56688	2.79155	0.624196	-1.26898	0.00811003	-0.112317	0.117724
4.85796	-3.19247	0.316496	10.7903	34.8891	553.807	64.4917	37.1574	4.23056	-5.1311	-13.5863	21.263	4.07486	-0.0338102	-31.6573	4.46786	0.227097	5.17516	-1.56722	0.21748	0.02962	-43.8093	2.96236	1.4105	1.745	-4.1054	-1.24776	-1.87222	-0.0633779	-0.250351	-0.0248032	2.65687	2.93451	0.67908	-1.20362	0.0104883	-0.102126	0.120463
4.86794	-2.69836	-2.27018	10.2687	34.0625	582.226	70.9852	36.7494	5.90875	-6.3664	-19.5198	19.4803	4.78979	-0.0394566	-30.5534	7.8122	-0.159053	4.96183	-1.62613	0.318975	0.0298286	-43.0001	1.88454	0.692767	1.86858	-4.20425	-1.31345	-1.77912	-0.0648744	-0.24543	-0.0379717	2.90492	3.10841	0.735442	-1.09773	0.0134485	-0.0878371	0.120894
4.87793	-2.39055	-5.2041	9.68944	34.3019	613.949	75.3836	35.8721	7.92812	-7.51555	-24.7245	18.0157	5.45116	-0.0398866	-30.1643	11.2322	-0.555861	4.92096	-1.71792	0.426109	0.0305413	-41.384	0.71902	-0.518979	2.08148	-4.33186	-1.40212	-1.65808	-0.0670517	-0.238485	-0.0561819	3.37554	3.29526	0.785862	-0.93717	0.0168885	-0.0681946	0.117356
4.88792	-2.80678	-8.63448	9.54628	36.2104	650.055	73.7442	34.0178	10.1727	-8.44862	-28.9966	16.8136	6.05637	-0.0348895	-30.666	14.3758	-0.937107	5.12746	-1.84871	0.532216	0.0319868	-38.8267	-1.4535	-2.16094	2.42743	-4.42283	-1.49795	-1.49923	-0.0690957	-0.22798	-0.0785231	4.07124	3.4448	0.816928	-0.730925	0.0200941	-0.0444497	0.108888
4.89791	-9.12262	-10.6925	8.16849	50.4789	696.668	63.5437	29.0018	13.0518	-9.16028	-31.7281	15.7488	6.62006	-0.024394	-34.2332	16.5182	-1.17735	6.23096	-2.05727	0.624253	0.0348342	-35.7626	-4.03756	-3.91509	2.84079	-4.44771	-1.57575	-1.35137	-0.0705115	-0.21694	-0.0991795	4.86905	3.49992	0.810329	-0.532209	0.0219455	-0.0231545	0.0962042
4.90789	-13.5608	-11.344	6.2024	60.9186	731.21	59.1662	25.0513	15.5502	-9.81461	-33.5293	14.9634	7.11867	-0.0131992	-36.0081	18.237	-1.39231	6.73298	-2.18452	0.690569	0.0364328	-33.9416	-4.88639	-5.0218	3.10542	-4.51152	-1.63624	-1.26471	-0.0718783	-0.210785	-0.112898	5.39314	3.57647	0.812791	-0.400748	0.0234416	-0.00901632	0.0881304
4.91788	-14.6239	-11.9564	5.29469	62.6442	753.201	58.2187	22.775	17.2757	-10.3391	-34.5815	14.4224	7.5357	-0.00272064	-35.5937	19.7495	-1.62631	6.53387	-2.23892	0.740813	0.0369715	-33.0601	-5.38803	-5.54085	3.33666	-4.57298	-1.68266	-1.19148	-0.0726901	-0.205672	-0.123061	5.72866	3.67708	0.826942	-0.311432	0.0246464	0.00112934	0.0836158
4.92787	-13.4453	-12.4188	5.29972	57.8473	765.879	58.735	21.6492	18.3833	-10.7552	-34.8655	14.0359	7.8758	0.00667068	-33.7292	20.9342	-1.8463	5.86375	-2.24481	0.776552	0.0368713	-32.9373	-5.80185	-5.60333	3.55818	-4.62344	-1.71698	-1.1256	-0.0729809	-0.20109	-0.130564	5.92763	3.79116	0.848702	-0.255123	0.0255352	0.00811384	0.0817273
4.93786	-11.0266	-12.1467	5.58564	49.147	772.529	58.1975	21.1808	19.2209	-11.1279	-34.4024	13.7207	8.14921	0.0148214	-31.0376	21.4568	-1.99821	4.90763	-2.21839	0.792454	0.0364655	-33.3889	-6.14081	-5.37688	3.77456	-4.6481	-1.73684	-1.06859	-0.0727665	-0.196863	-0.135468	6.0412	3.88859	0.867007	-0.223887	0.0259072	0.0121832	0.0808886
4.94784	-8.44212	-10.6265	5.51896	39.1749	776.2	54.5054	20.8972	20.086	-11.4876	-33.2403	13.4092	8.36432	0.0217389	-28.075	21.0166	-2.03667	3.82805	-2.17301	0.783041	0.0360315	-34.3441	-6.36871	-4.9983	3.97898	-4.63374	-1.73886	-1.02691	-0.0720789	-0.193278	-0.137363	6.10338	3.93915	0.871517	-0.214986	0.0255379	0.0130536	0.0799277
4.95783	-6.99081	-7.8608	4.70244	30.8485	779.533	47.2598	20.2603	21.0392	-11.7767	-31.4264	13.0516	8.52318	0.0275997	-25.3895	19.5759	-1.94694	2.79005	-2.12316	0.74896	0.0357897	-35.8353	-6.41138	-4.57317	4.1483	-4.58405	-1.7238	-1.01238	-0.0711382	-0.191436	-0.135857	6.12596	3.93179	0.859353	-0.231123	0.0244096	0.0102769	0.0787946
4.96782	-7.68286	-4.95326	3.31976	26.7661	784.253	39.2738	18.7643	21.6743	-11.803	-29.0436	12.6226	8.61531	0.032648	-23.3734	17.6599	-1.78208	1.92662	-2.08377	0.704344	0.0358096	-37.8016	-6.1526	-4.22602	4.2516	-4.5345	-1.70321	-1.03488	-0.0705099	-0.192832	-0.131767	6.11945	3.89364	0.840154	-0.270748	0.0229906	0.00454835	0.0784897
4.97781	-11.1767	-2.92561	1.52657	28.5259	791.208	33.4906	16.0064	21.561	-11.396	-26.1814	12.1156	8.63095	0.037087	-22.2159	15.7329	-1.59555	1.30164	-2.06331	0.661065	0.0360796	-40.1768	-5.39657	-4.05085	4.26662	-4.51526	-1.68669	-1.09934	-0.0706425	-0.19837	-0.125902	6.09439	3.84854	0.821649	-0.328921	0.0216894	-0.00325289	0.07961
4.98779	-12.9677	-2.08952	0.412888	26.4155	794.651	27.3816	13.4617	20.614	-10.6634	-23.2913	11.5902	8.57158	0.0400881	-19.8973	13.7107	-1.41956	0.31642	-2.01974	0.611532	0.0361281	-42.367	-4.83721	-4.14753	4.31198	-4.4526	-1.6641	-1.13982	-0.0704964	-0.201311	-0.121212	6.15994	3.75358	0.786368	-0.354623	0.0201888	-0.00867805	0.0775098
4.99778	-12.7586	-0.307599	-1.1528	17.8496	795.035	13.6755	11.2672	19.6498	-9.86605	-20.4222	11.0437	8.46642	0.0417268	-16.0358	10.3828	-1.11095	-1.17066	-1.93966	0.525731	0.0361222	-44.5836	-4.56131	-4.42459	4.45273	-4.23658	-1.60099	-1.1384	-0.0687364	-0.198146	-0.115088	6.34738	3.48942	0.69275	-0.341608	0.0169814	-0.0135369	0.0675666
5.00777	-11.1379	1.65467	-3.0548	2.51699	792.951	-5.85077	9.13755	18.2468	-8.9101	-17.6242	10.4825	8.31258	0.0423856	-10.6722	6.01399	-0.689468	-3.13716	-1.82963	0.409409	0.0361154	-47.022	-4.42589	-4.95828	4.69298	-3.87636	-1.50155	-1.09241	-0.0655873	-0.188936	-0.108122	6.68364	3.05805	0.540846	-0.280568	0.0121856	-0.01707	0.0494518
5.01776	-6.74684	2.91594	-4.54773	-24.7859	785.987	-30.8694	7.55421	15.9318	-7.77346	-15.1186	9.93692	8.10664	0.0420703	-3.01047	0.853575	-0.186392	-5.79428	-1.67737	0.265152	0.0359335	-49.7929	-4.66351	-5.8497	5.08962	-3.34442	-1.36421	-0.971391	-0.0607852	-0.170951	-0.101933	7.23655	2.43898	0.32279	-0.143259	0.00571201	-0.016962	0.0210378
5.02774	-4.91797	3.08152	-4.99961	-37.4472	785.871	-40.2824	6.45988	13.1217	-6.50498	-13.2396	9.36741	7.89043	0.0416977	0.668651	-2.2504	0.137124	-7.12445	-1.62536	0.179849	0.0365292	-51.4978	-3.70446	-6.01324	5.30824	-3.08349	-1.28698	-0.933114	-0.0581908	-0.163086	-0.0963156	7.48424	2.12396	0.203443	-0.0962346	0.00184266	-0.0199762	0.0062158
5.03773	-6.27386	3.77058	-5.47246	-36.6488	791.207	-42.0497	5.43141	10.6729	-5.35009	-11.677	8.75835	7.69443	0.0412569	0.829374	-4.42385	0.393955	-7.29839	-1.6502	0.127989	0.0377787	-52.6183	-2.10889	-5.39018	5.38105	-2.9695	-1.23179	-0.970429	-0.0564502	-0.163016	-0.0877292	7.42095	1.98444	0.144664	-0.148832	-0.000940268	-0.0291705	0.00190659
5.04772	-9.01248	4.92454	-5.89872	-29.6626	797.65	-38.6105	4.50245	8.60726	-4.34852	-10.2948	8.12169	7.52161	0.0405064	-0.831889	-5.87638	0.581456	-6.82624	-1.71336	0.0993394	0.0392533	-53.1912	-0.15762	-4.08852	5.4094	-2.92517	-1.18342	-1.03259	-0.0546661	-0.165307	-0.0775349	7.15115	1.95214	0.120382	-0.256821	-0.00326398	-0.0417027	0.00321225
5.05771	-11.9548	5.9696	-6.23041	-21.7702	801.91	-29.8816	3.56602	6.79199	-3.49512	-8.97177	7.46419	7.36784	0.0393132	-3.11495	-6.55128	0.681298	-6.07065	-1.78787	0.0907166	0.0405953	-53.1666	2.11963	-2.48176	5.44968	-2.94723	-1.15197	-1.08062	-0.0530842	-0.166894	-0.069346	6.81595	2.01897	0.124549	-0.364919	-0.00475504	-0.0525861	0.00688065
5.06769	-12.7625	6.06241	-6.02275	-19.3564	800.72	-18.9185	3.13376	5.28442	-2.86253	-7.76336	6.80067	7.23324	0.0373739	-4.53049	-6.51975	0.689475	-5.49403	-1.84278	0.0956715	0.0414823	-52.4657	4.13561	-1.49634	5.52996	-3.04002	-1.16073	-1.07792	-0.0526756	-0.165771	-0.0689248	6.6636	2.16429	0.151594	-0.39484	-0.00454344	-0.0542925	0.00902475
5.07768	-10.7744	5.2545	-4.83364	-23.6982	793.659	-7.76063	3.62154	4.12748	-2.51946	-6.76596	6.13863	7.11913	0.0344714	-4.7932	-5.84751	0.609912	-5.19914	-1.87321	0.111575	0.0419057	-51.2826	5.4856	-1.07704	5.65659	-3.16184	-1.19724	-1.02399	-0.0529432	-0.161451	-0.0749848	6.6734	2.35365	0.193308	-0.356584	-0.0030858	-0.0481594	0.00944805
5.08767	-7.42407	3.86015	-3.02657	-31.8701	782.943	2.79981	4.63512	3.45372	-2.45897	-5.86729	5.46229	7.02398	0.0307195	-4.42421	-4.7077	0.467478	-5.06037	-1.89012	0.136433	0.0420447	-50.0027	6.1914	-1.103	5.7929	-3.3035	-1.25343	-0.943407	-0.0538073	-0.155982	-0.0851238	6.7821	2.57256	0.248322	-0.278811	-0.000702119	-0.03718	0.00965068
5.09766	-5.20402	2.00999	-1.28503	-38.5984	772.214	13.6703	5.29185	3.30784	-2.60278	-4.83584	4.74556	6.93973	0.0264566	-4.34899	-3.18119	0.277155	-4.83509	-1.91334	0.172381	0.0421434	-49.0515	6.51632	-1.4337	5.8764	-3.48832	-1.32872	-0.87458	-0.0555879	-0.153061	-0.0968739	6.90588	2.8342	0.324287	-0.198967	0.00256959	-0.0247949	0.0124958
5.10764	-2.92516	-0.101944	0.622057	-45.5593	760.067	26.5086	5.93318	3.41933	-2.90557	-3.79082	3.99253	6.8571	0.0217023	-4.08519	-1.18061	0.0288422	-4.67481	-1.93236	0.217948	0.0420775	-48.1259	6.80081	-1.75192	5.93574	-3.69718	-1.41126	-0.806389	-0.0575989	-0.150741	-0.109164	6.99593	3.13201	0.414669	-0.121726	0.00630166	-0.011875	0.0170993
5.11763	-0.453089	-1.6402	2.45836	-53.6134	746.448	37.98	6.50158	3.9078	-3.27734	-2.69765	3.18992	6.77318	0.0167015	-3.35498	0.756218	-0.209553	-4.65816	-1.93849	0.259558	0.041875	-47.2974	6.97998	-1.89244	5.99688	-3.8632	-1.47737	-0.734799	-0.0589205	-0.147367	-0.119638	7.03246	3.39744	0.496457	-0.0560614	0.00951563	-0.000580081	0.0214771
5.12762	0.731978	-1.96717	3.56	-60.5532	733.016	45.9925	6.37392	4.97092	-3.62691	-1.3507	2.31012	6.68689	0.0119657	-2.55334	2.21671	-0.38252	-4.66669	-1.93753	0.290058	0.0416707	-46.8119	7.11957	-1.73314	6.04843	-3.95257	-1.51212	-0.673392	-0.0591533	-0.143475	-0.125871	6.97764	3.5879	0.55704	-0.0210431	0.0115827	0.00643313	0.0253906
5.13761	-1.0632	-1.20908	3.33753	-63.3245	721.517	51.2638	4.77077	6.48953	-3.84111	0.463185	1.32601	6.59086	0.00824874	-2.21533	3.15444	-0.478802	-4.54678	-1.93857	0.311154	0.0415238	-46.8126	7.45127	-1.25506	6.05724	-3.97572	-1.51516	-0.640132	-0.0584997	-0.14073	-0.126781	6.8054	3.7019	0.597037	-0.0297705	0.0124752	0.00780071	0.0296812
5.14759	-4.43933	0.00218736	2.29664	-64.2079	710.099	55.1058	2.00482	8.11935	-3.8961	2.63172	0.236636	6.48154	0.00610828	-1.80922	3.84202	-0.533632	-4.46017	-1.92918	0.325958	0.0412025	-46.8973	7.9261	-0.604247	6.04338	-3.94483	-1.49494	-0.616056	-0.0571104	-0.137626	-0.124536	6.571	3.75419	0.618922	-0.0571015	0.0125518	0.00625816	0.0331887
5.15758	-8.19798	1.29725	0.891974	-64.7905	697.564	57.9476	-1.65152	9.65782	-3.79889	5.06426	-0.950579	6.35919	0.00591257	-0.895255	4.42413	-0.56847	-4.54902	-1.89957	0.334945	0.0405621	-46.7335	8.37676	0.127914	6.02489	-3.86536	-1.45691	-0.586622	-0.0550241	-0.132958	-0.120705	6.31111	3.75615	0.624936	-0.0867548	0.0120494	0.00369444	0.0351727
5.16757	-11.5337	2.40597	-0.681161	-65.2736	683.65	60.4392	-6.09358	10.9376	-3.5628	7.71187	-2.21408	6.22427	0.00765808	0.83812	4.96949	-0.594443	-4.93145	-1.84374	0.337009	0.0395476	-46.0163	8.75715	0.824439	5.99849	-3.75596	-1.40906	-0.548178	-0.0524999	-0.12663	-0.116535	6.05531	3.72462	0.619435	-0.107834	0.0112877	0.00153769	0.0354191
5.17756	-13.316	3.1231	-2.21425	-65.6252	668.266	63.3655	-11.1542	11.7897	-3.21487	10.4979	-3.51926	6.08019	0.0110034	3.85052	5.52639	-0.618465	-5.78156	-1.75324	0.329121	0.0381006	-44.3553	9.06444	1.35827	5.95213	-3.64025	-1.36009	-0.500898	-0.0498567	-0.118854	-0.113173	5.83129	3.67817	0.607	-0.110798	0.0106111	0.00110948	0.033762
5.18754	-12.0278	3.2044	-3.4134	-65.577	651.488	67.8407	-16.699	11.932	-2.77154	13.3364	-4.82925	5.93186	0.0155109	8.89089	6.13054	-0.639026	-7.38954	-1.61523	0.305617	0.0361554	-41.2885	9.30404	1.61249	5.86268	-3.54971	-1.32005	-0.449943	-0.047485	-0.110312	-0.111633	5.65618	3.6426	0.59465	-0.0901874	0.0104288	0.00349577	0.0304455
5.19753	-6.1246	2.15518	-3.87474	-64.2588	633.966	75.2811	-22.7393	10.9299	-2.23338	16.1709	-6.11895	5.78715	0.02086	16.8011	6.85621	-0.653445	-10.0937	-1.41747	0.260735	0.0336772	-36.3506	9.36884	1.45146	5.69709	-3.52485	-1.30201	-0.405565	-0.0459022	-0.102324	-0.113011	5.54145	3.65442	0.593721	-0.0448806	0.0112743	0.00966213	0.0263701
5.20752	-3.5646	1.66335	-5.02391	-63.6879	615.742	78.7058	-27.6476	10.6739	-1.87843	18.6976	-7.38706	5.72881	0.0261832	22.0643	7.33459	-0.632956	-11.8483	-1.27084	0.22773	0.0316923	-32.7948	9.41999	1.00909	5.50975	-3.4683	-1.27948	-0.367919	-0.0446328	-0.0957782	-0.113549	5.4699	3.6127	0.583704	0.00718796	0.0119462	0.0154638	0.0222724
5.21751	-1.92909	1.20585	-5.89663	-64.1752	596.192	79.6009	-30.9924	10.5897	-1.67101	20.7228	-8.64575	5.78093	0.0313412	25.4215	7.6965	-0.61009	-12.927	-1.16256	0.203761	0.0300937	-29.7829	9.22967	0.47998	5.33886	-3.36566	-1.2463	-0.321286	-0.043039	-0.0882914	-0.113502	5.42762	3.52026	0.56028	0.0665498	0.0121877	0.0211134	0.0169087
5.22749	0.0458575	0.383427	-5.94286	-65.8128	574.923	78.7396	-32.545	10.2422	-1.58354	22.1546	-9.93622	5.97602	0.0362373	27.4473	7.92864	-0.587606	-13.5336	-1.08	0.18368	0.0287681	-27.1662	8.65468	-0.0493937	5.17636	-3.22253	-1.20246	-0.271914	-0.0410607	-0.0803465	-0.112503	5.38355	3.39193	0.528646	0.121434	0.0120413	0.0258984	0.0112367
5.23748	2.99703	-0.870427	-4.97329	-68.2085	552.014	76.4862	-32.2815	9.41783	-1.58628	22.9737	-11.325	6.35353	0.0408415	28.5244	8.03653	-0.565593	-13.8078	-1.01674	0.166037	0.0276717	-24.8746	7.74681	-0.463754	5.02096	-3.03688	-1.1443	-0.225588	-0.0385475	-0.0721587	-0.109757	5.31112	3.22665	0.487454	0.16105	0.0113341	0.028713	0.00548718
5.24747	7.26673	-2.38966	-2.99613	-70.7869	527.869	72.7774	-30.2355	8.08155	-1.66215	23.2059	-12.8833	6.95403	0.0450762	28.9289	7.95659	-0.531522	-13.8531	-0.970715	0.149003	0.0268539	-22.8806	6.60883	-0.701321	4.86756	-2.80953	-1.06963	-0.189376	-0.0354629	-0.0641643	-0.104608	5.19587	3.02213	0.435073	0.177724	0.00994497	0.0286975	-0.000221295
5.25746	12.5807	-3.71884	-0.382888	-72.1226	503.624	66.8104	-26.6245	6.3635	-1.80049	22.9633	-14.6631	7.8082	0.0487876	28.7324	7.45353	-0.453436	-13.6996	-0.943711	0.128056	0.0264404	-21.2335	5.40738	-0.727797	4.7034	-2.53681	-0.974364	-0.17549	-0.0317993	-0.0571919	-0.0959692	5.02745	2.76393	0.36623	0.162061	0.00764961	0.0245767	-0.0059791
5.26744	16.6402	-3.83271	1.37044	-67.9242	482.723	57.592	-22.3404	4.66807	-1.98533	22.5975	-16.6798	8.92493	0.0518034	27.4276	5.94988	-0.251999	-13.1818	-0.947864	0.094842	0.0267072	-20.2607	4.69159	-0.466795	4.4842	-2.22412	-0.852835	-0.217064	-0.0277724	-0.0539999	-0.0813102	4.76969	2.43021	0.274092	0.0900929	0.00410523	0.0133314	-0.0111234
5.27743	19.4745	-2.75992	2.07155	-57.9965	465.376	45.9382	-17.4738	2.89168	-2.20213	22.1313	-18.8684	10.2775	0.053842	25.1553	3.45061	0.0798067	-12.3419	-0.983734	0.0501689	0.027689	-19.8841	4.71799	0.0469293	4.20425	-1.8851	-0.708515	-0.317709	-0.0236026	-0.0549937	-0.0608384	4.43681	2.0234	0.157915	-0.0342036	-0.00061326	-0.00477493	-0.0159602
5.28742	20.0281	0.28465	1.08463	-41.6165	453.67	28.6944	-12.3929	1.57221	-2.45865	21.7505	-21.1199	11.8189	0.0546408	21.855	-0.461978	0.599804	-11.1418	-1.0562	-0.0122092	0.0295538	-20.4771	5.46043	0.80303	3.87166	-1.49048	-0.532526	-0.485091	-0.0191256	-0.060569	-0.0333279	4.04197	1.50178	0.00504862	-0.217982	-0.00699238	-0.0312046	-0.0212529
5.29741	14.6121	3.64025	-3.36669	-14.5708	452.255	15.6861	-8.78593	-0.110093	-2.64614	21.8683	-23.3	13.4397	0.0543433	16.4334	-5.1469	1.20498	-9.29901	-1.19518	-0.0690499	0.0324852	-22.267	8.32002	1.67053	3.41883	-1.19944	-0.370019	-0.754496	-0.0165028	-0.0763733	-0.00119175	3.59099	0.996158	-0.144883	-0.458956	-0.013412	-0.0642481	-0.0229068
5.30739	10.9657	6.17796	-6.92314	8.4668	451.014	3.41657	-4.18773	-2.35696	-2.80703	21.7306	-25.2299	15.0639	0.0522417	11.5237	-9.4286	1.73838	-7.62827	-1.351	-0.112227	0.0358583	-24.4424	11.4905	2.44557	3.03489	-0.930327	-0.219476	-1.0173	-0.0143901	-0.092222	0.0291505	3.23601	0.495275	-0.298835	-0.682656	-0.0198128	-0.0960675	-0.0259552
5.31738	5.13159	7.57709	-10.8538	27.7764	454.995	-8.07195	-0.272369	-4.54434	-2.88429	22.0382	-26.8627	16.6128	0.0483774	6.38681	-13.0978	2.14378	-5.92343	-1.54455	-0.129459	0.0398603	-28.2851	15.0806	3.07332	2.74991	-0.722117	-0.098084	-1.28249	-0.0135814	-0.11065	0.0566444	2.99904	0.0476157	-0.438169	-0.897147	-0.0257288	-0.126858	-0.027608
5.32737	0.809559	5.23497	-12.9506	38.0113	454.683	-11.6226	3.41958	-7.77325	-2.80527	22.6285	-28.1755	18.0098	0.0428801	1.99036	-14.5407	2.19497	-4.54428	-1.74703	-0.0958883	0.0437863	-32.3837	18.574	3.22072	2.59973	-0.654598	-0.0443813	-1.48552	-0.0146912	-0.127305	0.0734861	2.9664	-0.223082	-0.525992	-1.03207	-0.0292772	-0.147167	-0.028129
5.33736	1.5197	2.55384	-12.6073	39.9434	442.911	-14.3966	7.88129	-10.6611	-2.69699	23.4548	-29.2532	19.2712	0.0361473	-0.45744	-14.7521	2.09244	-3.77158	-1.91273	-0.0493689	0.0472889	-34.9897	21.2289	3.03177	2.57794	-0.620827	-0.0208795	-1.59372	-0.0158261	-0.136195	0.0814581	3.10323	-0.413981	-0.596696	-1.07323	-0.031527	-0.156666	-0.0324751
5.34734	2.72491	0.700499	-12.0015	43.1391	428.732	-17.1234	11.6964	-12.3939	-2.58015	25.0391	-30.2722	20.4137	0.0294357	-2.39105	-14.6654	1.96948	-3.16468	-2.07	0.000127793	0.0508071	-36.9306	23.2729	2.64791	2.55502	-0.669745	-0.0309403	-1.68517	-0.0177965	-0.14505	0.0847307	3.26916	-0.48925	-0.630315	-1.09247	-0.0322869	-0.161454	-0.0345651
5.35733	2.48043	-0.570549	-11.907	50.4386	415.991	-16.5281	14.3362	-12.9758	-2.46339	27.5014	-31.387	21.4569	0.0237579	-4.45114	-14.3075	1.83156	-2.54509	-2.22885	0.0550814	0.0543859	-38.7124	25.0568	2.10459	2.45926	-0.876927	-0.0933993	-1.7972	-0.0216155	-0.158621	0.0837159	3.38898	-0.371429	-0.597002	-1.11978	-0.030729	-0.163082	-0.0295313
5.36732	0.479695	-1.66791	-12.2326	61.6584	404.422	-11.4271	15.7381	-12.4597	-2.37219	30.8473	-32.7095	22.4213	0.0197962	-6.69253	-13.5012	1.64768	-1.91021	-2.38568	0.11815	0.0578888	-40.5575	26.5096	1.42909	2.26634	-1.2558	-0.211908	-1.93624	-0.0274431	-0.177948	0.0785527	3.42065	-0.0358387	-0.484859	-1.16583	-0.0265599	-0.161965	-0.0154039
5.37731	-2.11791	-3.13589	-12.2204	74.2681	391.462	-1.72885	16.2809	-11.1693	-2.33373	34.9344	-34.2813	23.3088	0.0177866	-8.75003	-11.987	1.37455	-1.3842	-2.5295	0.190548	0.0611185	-42.3928	27.3617	0.652873	1.99892	-1.7788	-0.379965	-2.08488	-0.0348344	-0.201155	0.0690118	3.36102	0.504622	-0.297237	-1.22393	-0.0199269	-0.157545	0.00714075
5.38729	-2.74748	-4.57747	-10.4367	82.1571	371.509	8.41825	17.2991	-9.32454	-2.42856	39.3243	-36.0568	24.1093	0.0171829	-9.44073	-9.92564	1.07296	-1.2714	-2.62572	0.254247	0.0637206	-44.744	27.1252	-0.0652215	1.69554	-2.36675	-0.574763	-2.22515	-0.0427679	-0.225924	0.0567106	3.17652	1.19338	-0.047845	-1.30225	-0.0115872	-0.151356	0.0374544
5.39728	-2.69797	-5.59744	-8.31228	87.8911	348.957	17.7304	18.19	-7.21011	-2.63567	44.1127	-37.9988	24.7763	0.0182235	-9.35101	-8.00297	0.817774	-1.38249	-2.69263	0.302181	0.0659918	-47.1	26.4056	-0.750291	1.39336	-2.96063	-0.773979	-2.35316	-0.0505998	-0.250001	0.0434392	2.95516	1.9214	0.217777	-1.38107	-0.00281582	-0.144184	0.0694652
5.40727	-2.63293	-5.88966	-6.55936	92.2287	325.325	24.4759	18.9472	-5.08834	-2.94398	49.1617	-40.0147	25.2551	0.0205996	-8.69742	-6.72465	0.672416	-1.64486	-2.73372	0.325844	0.0679812	-49.5851	25.6299	-1.37049	1.0947	-3.51414	-0.959198	-2.47754	-0.0579285	-0.27311	0.0315261	2.71879	2.60813	0.471089	-1.46187	0.00546553	-0.137989	0.100436
5.41726	-2.63882	-5.49105	-5.34078	94.9892	300.845	27.5683	19.8164	-3.24032	-3.33928	54.2289	-41.9818	25.4865	0.0237393	-7.58216	-6.26106	0.651756	-2.0488	-2.74831	0.323014	0.0695845	-52.3858	25.0566	-1.90721	0.802602	-3.99258	-1.11754	-2.60293	-0.0644739	-0.295021	0.0225296	2.48225	3.19522	0.692386	-1.54557	0.0126168	-0.134117	0.128561
5.42724	-2.2929	-4.58399	-4.25245	95.6491	284.402	26.4088	21.0579	-1.77251	-3.80993	59.0208	-43.787	25.4187	0.0273881	-5.99834	-6.55135	0.73302	-2.7523	-2.75389	0.298195	0.0710778	-56.0618	24.6302	-2.3384	0.543059	-4.41708	-1.2553	-2.75367	-0.0706273	-0.318275	0.0169895	2.27154	3.70157	0.884416	-1.65224	0.018523	-0.134458	0.15483
5.43723	-1.58944	-3.23929	-3.20149	93.5673	264.815	21.5753	23.1005	-1.00042	-4.32993	63.3336	-45.2869	24.999	0.0305729	-4.02308	-7.53356	0.908177	-3.64837	-2.71776	0.249459	0.0716093	-60.4301	24.5882	-2.52587	0.286611	-4.74542	-1.35635	-2.90943	-0.0757425	-0.340481	0.0159117	2.02026	4.0845	1.03891	-1.77321	0.0229576	-0.138744	0.178568
5.44722	0.197521	-2.16969	-1.57522	88.4153	239.913	15.4264	26.2668	-1.35461	-4.85903	66.9261	-46.3708	24.1848	0.0329414	-1.68766	-8.82757	1.11165	-4.77616	-2.62734	0.18451	0.0706986	-65.3442	24.8832	-2.47712	0.0242928	-5.00189	-1.42915	-3.06518	-0.0800358	-0.361647	0.0182297	1.71506	4.37899	1.16827	-1.9044	0.0263769	-0.145847	0.200852
5.45721	2.63332	-4.31275	-0.55335	87.4266	222.281	15.6905	28.4562	-3.98298	-5.18442	70.1988	-47.0337	22.9101	0.0363198	-1.43926	-9.65592	0.936996	-5.79569	-2.5714	0.159545	0.0690161	-66.5558	25.9059	-3.09974	-0.0177753	-5.18617	-1.49352	-3.10073	-0.0831747	-0.368172	0.0130701	1.87086	4.50897	1.20505	-1.85956	0.0284777	-0.140401	0.202463
5.46719	6.14122	-6.35537	0.933855	84.2627	202.976	14.0732	31.6105	-7.06802	-5.54683	72.7483	-47.1685	21.2486	0.0392016	-1.13712	-10.5947	0.718053	-7.07233	-2.45818	0.130418	0.0654949	-67.7194	27.204	-3.65621	-0.0095321	-5.30006	-1.53577	-3.11022	-0.0854411	-0.371041	0.00884643	2.07278	4.54483	1.20757	-1.79086	0.0295714	-0.134707	0.199465
5.47718	9.11664	-7.81898	2.14557	81.4059	185.049	10.9124	35.0654	-9.91728	-5.96755	74.8143	-46.757	19.2431	0.04193	-1.06699	-11.5927	0.452989	-8.52277	-2.28393	0.100596	0.0599555	-69.1145	28.8942	-4.07196	0.0153283	-5.37441	-1.56204	-3.11538	-0.0872212	-0.372711	0.00628067	2.27411	4.5205	1.18884	-1.71917	0.0299361	-0.130179	0.194309
5.48717	9.59957	-8.18968	1.98003	82.3509	173.15	6.70861	37.8929	-11.739	-6.46759	76.7526	-45.7994	16.953	0.0448422	-1.64456	-12.6723	0.158028	-10.0403	-2.05613	0.0721241	0.05252	-70.8767	31.2035	-4.35754	0.0135988	-5.44532	-1.57999	-3.14251	-0.0890488	-0.37594	0.00599654	2.45315	4.46218	1.15781	-1.66012	0.0298461	-0.127929	0.188695
5.49716	6.91666	-6.99126	0.15719	88.2532	168.871	1.48434	39.7352	-11.8316	-7.0902	78.7531	-44.2757	14.4519	0.0478356	-2.7223	-13.6822	-0.136971	-11.6378	-1.76504	0.041423	0.0431438	-73.3823	34.0617	-4.43113	-0.0628081	-5.53805	-1.59388	-3.21779	-0.0912631	-0.383604	0.00914551	2.54312	4.4043	1.13003	-1.64174	0.0296041	-0.12986	0.1858
5.50714	2.75175	-6.02178	-2.18354	99.0443	172.785	0.518808	40.4998	-10.7429	-7.77939	80.7488	-42.1391	11.7912	0.0508492	-4.15265	-13.5447	-0.613276	-13.3895	-1.41172	0.026218	0.0318167	-75.812	37.1353	-4.50612	-0.220104	-5.71121	-1.62694	-3.33079	-0.0944268	-0.395482	0.0123919	2.58162	4.42501	1.12822	-1.64448	0.0302198	-0.132402	0.186423
5.51713	1.04913	-5.18927	-4.02634	113.127	178.606	5.20331	41.1512	-8.49527	-8.61675	82.4986	-39.3243	9.05092	0.0532945	-5.10767	-11.7669	-1.22726	-15.3855	-0.975711	0.0197718	0.0184217	-76.1722	40.1581	-4.703	-0.410638	-5.91976	-1.66931	-3.42684	-0.097517	-0.404846	0.0132014	2.64836	4.47983	1.12889	-1.61598	0.0313714	-0.131035	0.184597
5.52712	-1.27448	-5.61321	-1.54068	113.464	167.517	26.88	41.0526	-9.61247	-8.99276	83.5149	-35.7543	6.18148	0.0561558	-3.10971	-9.24535	-3.12358	-18.8167	-0.404794	0.0228079	0.00359691	-80.6015	43.1693	-2.69633	-0.591265	-6.50282	-1.8094	-3.52945	-0.102717	-0.424203	0.0106354	1.9133	5.26101	1.39591	-1.764	0.0382482	-0.134224	0.219938
5.53711	0.349245	-1.83211	-0.278893	110.746	153.789	30.6813	42.7301	-6.02647	-10.0203	84.3859	-31.5126	3.54567	0.0573897	0.321022	-6.80996	-4.26965	-22.2461	0.213204	-0.00745114	-0.0114873	-83.5559	44.7437	-1.5552	-0.669936	-6.82579	-1.88755	-3.57246	-0.105538	-0.433646	0.00864628	1.52834	5.70203	1.54395	-1.82435	0.0421957	-0.134216	0.238405
5.54709	294.368	53.5372	118.522	669.524	-3906.3	-537.673	161.888	-12.9422	-16.9555	80.5933	-15.7263	0.317255	-0.172464	55.3544	-41.811	3.13302	20.4806	8.47616	-1.27896	-0.220208	193.972	-112.117	15.7714	-12.902	24.1893	7.89599	5.62771	0.325192	0.891453	0.496931	-18.2686	-23.3683	-5.3125	1.01199	-0.16396	-0.0799232	-0.44789
5.55708	244.863	25.0327	105.682	493.006	-2588.61	-396.208	137.131	-4.09179	-16.9702	78.8039	-13.6641	-1.65834	-0.101396	44.6347	-20.4897	-0.580032	2.54805	6.27604	-0.748987	-0.166589	115.148	-82.3292	7.66813	-8.56096	15.1899	4.94301	2.83126	0.198663	0.494835	0.337785	-11.2375	-14.6439	-3.29708	0.0720918	-0.104852	-0.0968584	-0.251901
5.56707	199.213	2.90197	94.4301	351.294	-1516.79	-277.872	118.508	3.04876	-17.0992	76.3547	-10.7213	-3.51518	-0.0431949	31.4383	-2.60625	-3.11633	-11.187	4.30245	-0.35952	-0.116813	49.7684	-56.4904	3.01689	-4.92635	7.85614	2.57659	0.575485	0.097822	0.176447	0.214872	-5.92753	-7.44616	-1.64199	-0.757149	-0.0577641	-0.117952	-0.0890054
5.57706	157.352	-14.5548	83.8893	243.074	-686.877	-185.558	105.246	8.33022	-17.3085	73.611	-7.06637	-5.2146	0.00221238	16.2206	11.234	-4.37283	-20.7062	2.47752	-0.0847216	-0.0699713	-2.39464	-35.0741	-0.208289	-2.05588	2.08067	0.722801	-1.1506	0.0190551	-0.0692447	0.11817	-1.86972	-1.76174	-0.33469	-1.37231	-0.0204347	-0.131852	0.0382102
5.58704	120.974	-28.4226	74.1638	164.725	-78.9368	-116.663	96.5104	11.8009	-17.5406	70.7935	-2.88236	-6.73986	0.0357527	0.177403	21.3965	-4.50334	-26.4763	0.80565	0.10441	-0.0270718	-41.3725	-18.0343	-2.9398	0.106032	-2.27052	-0.679145	-2.37483	-0.0402151	-0.247441	0.0411734	1.25201	2.49723	0.641346	-1.73487	0.00840315	-0.133635	0.12871
5.59703	91.0765	-39.2311	65.6914	109.114	337.624	-68.0407	91.5504	13.7746	-17.7587	67.9932	1.65765	-8.08901	0.0588667	-15.1336	28.5234	-3.84064	-29.2403	-0.668332	0.235416	0.0102877	-68.9754	-5.02535	-5.36854	1.65618	-5.37154	-1.68841	-3.17144	-0.0826666	-0.368011	-0.0186297	3.59981	5.49537	1.32443	-1.88345	0.0296818	-0.12552	0.187239
5.60702	68.3715	-47.2556	58.8042	69.1205	597.577	-36.3926	89.6661	14.5524	-17.9332	65.2224	6.40345	-9.27498	0.0732757	-28.2808	33.1353	-2.77174	-29.8251	-1.89488	0.330133	0.0408108	-87.2952	4.50105	-7.50259	2.71044	-7.42232	-2.36799	-3.62412	-0.111099	-0.441722	-0.0633095	5.31056	7.43182	1.75982	-1.86979	0.0443633	-0.110858	0.219539
5.61701	53.0523	-52.6427	53.6195	38.3554	735.557	-18.9657	90.2493	14.4012	-18.0491	62.4467	11.2298	-10.3183	0.0807525	-38.1669	35.5463	-1.65074	-29.0098	-2.83069	0.402018	0.0636288	-98.5626	11.1711	-9.3343	3.38319	-8.63047	-2.78241	-3.81749	-0.12839	-0.479489	-0.0949396	6.51574	8.51314	1.99465	-1.74504	0.0534806	-0.0929464	0.231513
5.627	44.3596	-55.8382	50.0856	11.3243	791.526	-13.2289	92.6079	13.6149	-18.1004	59.5993	16.0118	-11.2391	0.0834131	-44.32	36.141	-0.760662	-27.4951	-3.46815	0.461761	0.0788333	-105.456	15.6137	-10.9411	3.78918	-9.25019	-3.01155	-3.85224	-0.138098	-0.494484	-0.116329	7.3671	8.99693	2.09079	-1.5647	0.0585534	-0.0748577	0.230622
5.63698	47.9821	-56.2684	48.7599	-1.05192	774.368	-13.0827	95.2397	12.1086	-17.9432	56.9473	20.6654	-12.0802	0.0825839	-46.0579	35.0222	-0.373934	-25.3336	-3.76383	0.51688	0.0854989	-101.323	17.1895	-12.2904	4.13042	-9.26989	-3.05735	-3.59915	-0.137778	-0.470255	-0.136292	8.0272	8.94833	2.02815	-1.23384	0.0594576	-0.0459216	0.205122
5.64697	63.5697	-54.4761	49.6919	-0.587004	705.121	-16.2627	97.7374	10.0652	-17.5837	54.4641	25.1284	-12.852	0.07951	-43.4522	32.6563	-0.538961	-22.8262	-3.73758	0.567857	0.0843896	-87.172	16.1126	-13.3516	4.48272	-8.81758	-2.96018	-3.10109	-0.128986	-0.412546	-0.156653	8.55085	8.51892	1.8435	-0.785653	0.0570054	-0.00769399	0.15927
5.65696	82.3182	-51.8491	52.0116	-6.53755	613.973	-26.1559	101.233	8.04607	-17.2404	51.8164	29.3756	-13.5275	0.0748795	-37.4584	29.6112	-0.983537	-20.4707	-3.47043	0.601945	0.0778415	-74.3236	13.7636	-14.035	4.72488	-8.17639	-2.79928	-2.62521	-0.11833	-0.355797	-0.168718	8.83273	7.92033	1.63525	-0.414335	0.0529503	0.0219486	0.117274
5.66695	102.803	-49.1805	55.49	-20.41	514.583	-40.6894	105.629	6.10307	-16.9388	48.9944	33.3717	-14.1087	0.0693832	-28.7666	26.4053	-1.56193	-18.3655	-3.02706	0.62065	0.0674555	-64.1129	10.4642	-14.391	4.86633	-7.45455	-2.60691	-2.2191	-0.107424	-0.306156	-0.173097	8.91002	7.25418	1.43109	-0.143064	0.0480738	0.0416814	0.0828519
5.67693	123.753	-47.1073	59.9545	-42.6232	416.26	-58.0754	110.784	4.29733	-16.6936	46.0346	37.0751	-14.6023	0.0635306	-18.0416	23.5482	-2.16966	-16.5611	-2.47143	0.632428	0.0546328	-57.4321	6.42183	-14.3886	4.9101	-6.7251	-2.40324	-1.91571	-0.0972743	-0.267741	-0.169875	8.78922	6.59277	1.25095	0.00875649	0.0428926	0.0502865	0.0588014
5.68692	143.74	-46.1945	65.2336	-73.3868	325.31	-76.9312	116.547	2.67448	-16.5099	43.0162	40.4372	-15.0208	0.0576761	-5.92956	21.5166	-2.75942	-15.0976	-1.86694	0.652536	0.0406156	-55.1568	1.8187	-13.9731	4.84941	-6.04376	-2.20265	-1.74329	-0.088688	-0.244084	-0.158723	8.46064	5.98992	1.11111	0.0230262	0.03781	0.0464597	0.0477084
5.69691	160.984	-46.7988	70.9855	-112.887	245.87	-96.2164	122.735	1.27967	-16.3863	40.0577	43.4028	-15.3819	0.0520586	6.89681	20.6663	-3.31928	-13.9937	-1.27368	0.698119	0.0265077	-58.2457	-3.05703	-13.0897	4.66974	-5.45905	-2.017	-1.72804	-0.0824481	-0.238529	-0.139089	7.91288	5.48387	1.02405	-0.114576	0.0331573	0.0289546	0.0518032
5.7069	173.247	-48.8989	76.5967	-161.228	180.672	-115.365	129.156	0.207887	-16.3288	37.3004	45.9119	-15.7071	0.0467899	19.6647	21.1104	-3.84809	-13.2464	-0.743675	0.780725	0.0132837	-67.7671	-7.7786	-11.7392	4.35128	-5.02424	-1.86034	-1.89466	-0.0795102	-0.254488	-0.110729	7.15092	5.10577	1.00045	-0.410022	0.0293228	-0.00289387	0.072888
5.71688	186.254	-51.2449	81.2059	-195.369	116.351	-126.949	133.699	-0.75176	-16.1119	35.3455	47.877	-16.0472	0.0423932	31.2756	22.596	-4.3783	-12.4739	-0.31072	0.900182	0.00163442	-72.3285	-12.3917	-10.0562	4.07998	-4.57442	-1.69021	-1.98551	-0.0745111	-0.259565	-0.0855677	6.36082	4.7614	0.964411	-0.66157	0.0253138	-0.0296192	0.0874923
5.72687	196.223	-52.4306	83.4051	-212.991	54.4706	-132.455	135.923	-1.35132	-15.757	34.3879	49.2526	-16.4129	0.0390163	40.068	23.9694	-4.72943	-11.5549	-0.00360841	1.01208	-0.00728326	-72.9216	-16.2513	-8.08873	3.83836	-4.16006	-1.52242	-2.01385	-0.0683679	-0.256412	-0.0641074	5.54162	4.48535	0.930213	-0.869432	0.0216615	-0.0510566	0.097704
5.73686	197.234	-50.6813	81.4908	-212.165	-0.981754	-133.988	135.38	-1.30347	-15.3189	34.6182	50.0221	-16.8024	0.0368663	43.4313	23.576	-4.68026	-10.1841	0.147066	1.04897	-0.012054	-71.6904	-18.4373	-6.04582	3.58248	-3.87675	-1.38832	-2.01665	-0.0630323	-0.251222	-0.0470703	4.72263	4.33191	0.92168	-1.03453	0.0193463	-0.0670799	0.107226
5.74685	183.369	-44.1633	74.3232	-189.374	-45.1113	-133.297	131.665	-0.314496	-14.8825	36.161	50.2082	-17.2057	0.0362591	38.1572	19.7376	-4.1045	-7.91808	0.106165	0.944339	-0.0111762	-70.2596	-18.1509	-4.20743	3.27674	-3.82357	-1.32256	-2.01693	-0.0603571	-0.248758	-0.036454	3.95328	4.3656	0.963976	-1.1435	0.0195196	-0.0758632	0.118875
5.75683	148.483	-31.8652	61.8329	-141.473	-70.4944	-131.54	124.52	1.91333	-14.5697	39.05	49.8827	-17.6102	0.0376256	20.565	11.4171	-3.03081	-4.18861	-0.191158	0.665191	-0.00288754	-70.4666	-14.8255	-2.94018	2.88218	-4.11471	-1.36695	-2.03914	-0.0624629	-0.254409	-0.0349696	3.29324	4.67066	1.09002	-1.18075	0.0236261	-0.0749267	0.136204
5.76682	87.2382	-13.9453	45.3473	-67.0743	-67.9697	-129.023	113.839	5.69047	-14.5223	43.2346	49.1771	-18.0105	0.041461	-12.7121	-1.36525	-1.65083	1.56279	-0.841164	0.235165	0.0146833	-74.2043	-8.31785	-2.57118	2.36093	-4.86297	-1.56346	-2.1069	-0.0713746	-0.273613	-0.0453196	2.77695	5.34764	1.33992	-1.1382	0.0332219	-0.0620386	0.163857
5.77681	48.7176	-7.10378	33.2493	-13.1417	-79.182	-114.785	106.964	7.25886	-14.335	46.1439	48.5614	-18.4281	0.0433289	-36.9098	-8.75204	-0.88656	6.81711	-1.24638	-0.0193372	0.0243484	-71.7259	-2.30348	-6.2362	1.8808	-5.78066	-1.89906	-2.00814	-0.0840101	-0.28117	-0.0856572	3.26412	6.09453	1.59152	-0.738761	0.0473921	-0.010763	0.171465
5.7868	30.9054	-7.2094	25.2051	30.49	-104.399	-93.939	102.635	7.31939	-13.953	48.0841	48.1428	-18.87	0.0439742	-53.2317	-11.8077	-0.561794	11.3423	-1.47447	-0.131216	0.0283121	-61.6944	2.50723	-10.8264	1.58565	-6.46233	-2.19225	-1.72835	-0.0923955	-0.265873	-0.135066	4.08026	6.6617	1.76049	-0.19115	0.0599631	0.0543842	0.159465
5.79678	22.5924	-11.3433	21.3639	54.6248	-130.047	-77.1569	101.022	6.57255	-13.5212	49.095	48.0059	-19.3204	0.0436469	-63.8023	-12.4382	-0.312509	15.0548	-1.60712	-0.158975	0.0293699	-53.7654	4.72707	-14.7433	1.36489	-6.92762	-2.41287	-1.50052	-0.0983879	-0.253134	-0.174032	4.74631	7.07209	1.89113	0.232115	0.0696171	0.105543	0.150386
5.80677	20.4036	-17.3081	20.1839	65.0195	-154.452	-64.7763	101.259	5.46342	-13.0768	49.4771	48.1767	-19.7711	0.0426602	-70.4125	-11.6778	-0.0586816	18.0938	-1.70642	-0.133663	0.0294621	-47.5667	5.11565	-17.6785	1.23059	-7.18061	-2.55372	-1.31817	-0.101669	-0.241549	-0.201676	5.22616	7.31902	1.97501	0.532828	0.0760364	0.142108	0.142989
5.81676	21.732	-23.6984	20.4589	66.9175	-176.546	-56.3897	102.544	4.37372	-12.6491	49.5027	48.6459	-20.2088	0.0412902	-74.5996	-10.1696	0.216633	20.6553	-1.82207	-0.071956	0.029978	-42.4911	4.38778	-19.6396	1.18229	-7.25292	-2.62289	-1.16652	-0.102418	-0.229667	-0.219544	5.53975	7.42199	2.01313	0.735181	0.0795303	0.166396	0.13587
5.82675	23.8171	-29.7872	21.4102	64.2109	-183.187	-51.6064	104.02	3.63029	-12.2476	49.3366	49.3545	-20.6141	0.0403977	-77.9476	-8.31013	0.510651	22.9542	-2.01624	0.0206071	0.0323302	-38.9029	3.00751	-20.8543	1.21492	-7.28488	-2.66507	-1.06917	-0.102383	-0.221418	-0.231008	5.74827	7.5218	2.04258	0.849378	0.0815673	0.181113	0.131575
5.83673	26.5996	-35.1252	22.6479	59.4588	-187.134	-49.9843	105.554	3.2974	-11.8856	49.1448	50.3022	-20.9777	0.0394415	-80.5483	-6.36711	0.798971	24.9868	-2.25764	0.130824	0.0359608	-35.6321	1.26739	-21.4432	1.29558	-7.21581	-2.66449	-0.984471	-0.100763	-0.212198	-0.236864	5.85074	7.54439	2.04533	0.911658	0.081951	0.18918	0.127021
5.84672	29.5579	-39.5986	23.9502	54.1206	-188.82	-51.1051	106.902	3.38673	-11.562	48.9985	51.4549	-21.2894	0.0385012	-82.5932	-4.50416	1.06377	26.7291	-2.52927	0.248959	0.040509	-32.5593	-0.67228	-21.5856	1.40066	-7.07688	-2.63335	-0.910619	-0.0980368	-0.202433	-0.238595	5.87112	7.51414	2.03019	0.936515	0.0812143	0.192524	0.122471
5.85671	32.2778	-43.0737	25.2414	48.5519	-188.692	-54.7136	107.946	3.85461	-11.2743	48.9265	52.7797	-21.5419	0.0376346	-84.048	-2.90257	1.30036	28.1168	-2.80751	0.364059	0.0455148	-29.9112	-2.74911	-21.3747	1.5038	-6.8938	-2.58025	-0.854699	-0.0946603	-0.193368	-0.236691	5.81243	7.44887	2.00508	0.926714	0.0797337	0.191748	0.118826
5.8667	34.3369	-45.3391	26.5491	42.2494	-187.016	-60.5849	108.674	4.6371	-11.0223	48.9253	54.2459	-21.73	0.0368614	-84.776	-1.75633	1.50817	29.0628	-3.06762	0.464531	0.0505384	-28.2019	-4.94578	-20.8197	1.57759	-6.68988	-2.51114	-0.831003	-0.0910843	-0.18691	-0.230834	5.65999	7.36256	1.97727	0.875645	0.0777618	0.186379	0.1175
5.87668	35.1961	-46.1257	27.9875	33.7482	-183.641	-68.5179	109.183	5.66777	-10.8111	48.9627	55.825	-21.8504	0.0361759	-84.5801	-1.24513	1.68127	29.4656	-3.28609	0.538981	0.0551974	-28.2951	-7.27724	-19.8722	1.59284	-6.49178	-2.43158	-0.862073	-0.0878642	-0.185865	-0.220094	5.38836	7.26913	1.9546	0.768937	0.0754957	0.175053	0.120468
5.88667	34.1472	-45.1335	29.7717	20.7047	-177.903	-78.4585	109.644	6.92248	-10.6532	48.9874	57.4872	-21.9008	0.0355729	-83.2363	-1.51139	1.80681	29.2203	-3.44232	0.577006	0.059183	-31.3823	-9.84177	-18.4538	1.5192	-6.33131	-2.34814	-0.978101	-0.0857008	-0.193967	-0.203136	4.96555	7.18613	1.94688	0.58543	0.0731367	0.155717	0.13037
5.89666	30.2802	-42.0025	32.2234	0.0593799	-168.602	-90.5331	110.3	8.43132	-10.5729	48.9337	59.1989	-21.8807	0.0350351	-80.5622	-2.69324	1.87248	28.2392	-3.52063	0.56919	0.0622888	-38.921	-12.8381	-16.4658	1.32635	-6.24613	-2.26904	-1.21568	-0.0854388	-0.215786	-0.178379	4.35365	7.13795	1.96697	0.297746	0.0709266	0.125774	0.150555
5.90665	25.4439	-36.6979	35.1922	-29.4757	-156.719	-103.728	111.631	10.0922	-10.5865	48.6504	60.9253	-21.7967	0.0345312	-75.8273	-4.72519	1.85525	26.285	-3.50205	0.512814	0.064238	-50.4318	-16.0789	-13.979	1.0241	-6.24699	-2.19949	-1.56412	-0.0871158	-0.250298	-0.147133	3.57724	7.13673	2.01596	-0.0818282	0.0690222	0.086641	0.180163
5.91663	24.7694	-31.4694	36.3272	-50.0784	-151.897	-112.66	111.76	11.393	-10.503	48.5552	62.5946	-21.6859	0.0342596	-69.8926	-6.76335	1.75112	23.8419	-3.42385	0.440066	0.0652863	-57.1861	-17.6421	-12.0483	0.782972	-6.20506	-2.13025	-1.79154	-0.0872824	-0.27104	-0.12409	2.98342	7.09321	2.03294	-0.341303	0.0671817	0.059253	0.198306
5.92662	27.2798	-26.624	36.2281	-63.4419	-152.326	-118.538	110.809	12.3824	-10.3392	48.5918	64.1601	-21.551	0.034245	-62.9473	-8.58293	1.56134	20.9949	-3.2833	0.356511	0.0651193	-60.2715	-18.1383	-10.4753	0.589908	-6.11667	-2.05647	-1.92655	-0.0860689	-0.281153	-0.106745	2.50148	7.01581	2.0268	-0.518906	0.065292	0.0400197	0.208383
5.93661	32.0799	-22.4433	35.3577	-71.1432	-156.094	-122.095	108.979	13.0964	-10.1122	48.6819	65.5872	-21.39	0.0344562	-55.2851	-9.99407	1.29683	17.8679	-3.0761	0.267316	0.0633139	-60.6495	-18.0066	-9.14423	0.43067	-5.98898	-1.97774	-1.99463	-0.0837569	-0.283553	-0.0933348	2.08659	6.91603	2.00583	-0.642424	0.063359	0.0263587	0.213102
5.9466	37.9831	-19.1683	34.1319	-74.0293	-161.13	-123.87	106.432	13.5878	-9.83688	48.7525	66.8461	-21.1971	0.0348613	-47.5236	-10.8438	0.982381	14.6941	-2.80239	0.178462	0.0594424	-59.1366	-17.604	-7.97133	0.291353	-5.83049	-1.89449	-2.01827	-0.0806293	-0.280808	-0.0824287	1.70474	6.8044	1.9771	-0.734525	0.0614104	0.0161661	0.214704
5.95658	43.5212	-16.9627	32.9035	-72.1138	-165.282	-124.104	103.315	13.9097	-9.52624	48.735	67.9106	-20.9648	0.0354248	-40.6562	-11.0224	0.664591	11.8419	-2.47399	0.0983656	0.0532589	-56.3656	-17.158	-6.88588	0.159625	-5.64917	-1.80705	-2.01585	-0.0769185	-0.274957	-0.072863	1.33024	6.68827	1.94539	-0.812632	0.0594545	0.00777529	0.214828
5.96657	47.3334	-16.0588	31.9752	-64.9999	-166.539	-122.766	99.7865	14.0549	-9.17791	48.5567	68.7561	-20.6864	0.0361034	-35.7637	-10.4157	0.404635	9.71675	-2.12384	0.0403087	0.0450901	-52.7665	-16.8103	-5.85398	0.0256772	-5.45146	-1.71594	-2.00097	-0.0728108	-0.267468	-0.0638606	0.950383	6.57146	1.91328	-0.887919	0.057494	8.71842e-05	0.214459
5.97656	48.8612	-16.4343	31.5397	-52.9174	-163.399	-119.886	96.0233	13.985	-8.77204	48.1546	69.3573	-20.3558	0.0368432	-33.3162	-9.03725	0.241015	8.49533	-1.79782	0.0144191	0.036052	-48.6423	-16.6072	-4.8057	-0.118293	-5.23988	-1.6196	-1.98481	-0.068377	-0.259373	-0.0545452	0.548585	6.45347	1.88099	-0.970889	0.0554501	-0.00803622	0.21423
5.98655	48.4038	-17.4525	31.5825	-37.1443	-154.937	-115.819	92.191	13.6699	-8.28634	47.4935	69.6845	-19.9662	0.0376061	-32.9414	-7.24978	0.183078	8.00632	-1.52209	0.0145172	0.0273171	-44.3308	-16.4438	-3.63148	-0.281238	-5.02152	-1.51665	-1.97883	-0.0637107	-0.251698	-0.0439707	0.103316	6.33447	1.84827	-1.07161	0.0532357	-0.0177826	0.214691
5.99653	46.4126	-18.322	31.7714	-19.4856	-140.52	-110.059	88.4361	13.0348	-7.72185	46.5417	69.7032	-19.5114	0.0384501	-33.9614	-5.48815	0.222245	7.93533	-1.30141	0.02598	0.0196611	-40.3387	-15.8784	-2.31897	-0.476138	-4.82577	-1.41393	-1.99298	-0.0592896	-0.245719	-0.0321485	-0.373448	6.2181	1.81485	-1.18565	0.0509646	-0.0290652	0.215734
6.00652	43.1967	-18.3664	31.7678	-1.79297	-119.719	-102.225	84.8961	12.0307	-7.08608	45.2871	69.3766	-18.9839	0.0394058	-35.8174	-4.18259	0.32751	8.0562	-1.13445	0.0315793	0.013631	-37.2057	-14.5096	-0.97872	-0.716576	-4.69465	-1.32518	-2.03583	-0.0558475	-0.242981	-0.0199958	-0.844842	6.11933	1.78459	-1.30076	0.0489918	-0.040782	0.217306
6.01651	38.7354	-17.2341	31.4359	14.3663	-92.1311	-92.5427	81.6664	10.6739	-6.3912	43.737	68.6676	-18.3741	0.0404677	-38.2345	-3.625	0.474502	8.28492	-1.02172	0.0199661	0.00956541	-35.4459	-12.2463	0.233264	-1.01107	-4.66332	-1.26409	-2.11546	-0.0540766	-0.245104	-0.00853843	-1.27236	6.05719	1.76411	-1.40769	0.0477138	-0.0518786	0.21981
6.0265	33.0002	-14.866	30.8469	27.7171	-57.1638	-81.6734	78.8069	9.04663	-5.66068	41.904	67.5409	-17.672	0.0416053	-41.0007	-3.94212	0.658489	8.57103	-0.961919	-0.0130507	0.00755182	-35.4718	-9.33014	1.19925	-1.36934	-4.75604	-1.24096	-2.24286	-0.0544906	-0.253912	0.00171727	-1.64389	6.06019	1.76511	-1.50865	0.0475419	-0.0620232	0.224732
6.03648	27.2634	-11.5764	29.899	38.6711	-16.7724	-70.3303	76.2724	7.28013	-4.92158	39.8142	65.9672	-16.8697	0.0427302	-43.6161	-5.02089	0.876918	8.80364	-0.94798	-0.0627504	0.00744718	-36.4444	-6.02274	1.80317	-1.76438	-4.94726	-1.25311	-2.39415	-0.0566172	-0.266857	0.00944214	-1.93667	6.12622	1.78624	-1.5906	0.0484674	-0.069582	0.230951
6.04647	20.4065	-6.78423	29.322	41.2932	31.6693	-59.7181	74.6561	5.62708	-4.26244	37.3954	63.9342	-15.957	0.043674	-45.6926	-7.08417	1.17576	8.78898	-0.962631	-0.136155	0.00895684	-40.758	-3.08322	2.33156	-2.23778	-5.27197	-1.30401	-2.63568	-0.0614146	-0.291534	0.0186534	-2.24861	6.29266	1.84906	-1.7166	0.0506644	-0.0804334	0.244864
6.05646	16.5799	-3.13425	27.9753	50.7082	78.5097	-49.9036	71.9469	4.09064	-3.57515	34.9729	61.3967	-14.9503	0.0446756	-47.2414	-8.86275	1.4291	8.80162	-1.02086	-0.192195	0.0117528	-41.2695	-0.356486	2.19646	-2.61693	-5.54305	-1.3605	-2.77175	-0.06485	-0.305344	0.0201174	-2.41227	6.47301	1.90819	-1.7592	0.0532958	-0.081572	0.252543
6.06645	11.6156	1.21135	27.492	49.2033	133.51	-41.318	70.2257	2.68253	-3.00918	32.2191	58.4021	-13.851	0.0453971	-47.7529	-11.1759	1.73064	8.41658	-1.07674	-0.262256	0.0151089	-45.7705	1.29054	2.14149	-3.06179	-5.9236	-1.44675	-3.01349	-0.0707456	-0.332363	0.0250735	-2.64016	6.75419	2.01297	-1.87542	0.0569546	-0.0888239	0.270066
6.07643	5.30582	5.86546	27.7223	36.5303	196.276	-33.1079	69.4087	1.33324	-2.56987	29.1742	54.9803	-12.6794	0.0455291	-47.2767	-13.8349	2.0728	7.66587	-1.12275	-0.342281	0.0186242	-54.3243	2.01719	2.07891	-3.5607	-6.41953	-1.567	-3.35645	-0.0792601	-0.372358	0.0327248	-2.89755	7.13436	2.16148	-2.05428	0.0616977	-0.10125	0.296637
6.08642	1.43745	8.42614	27.6272	27.7125	257.058	-25.365	67.5207	0.0487764	-2.13579	26.1192	51.1282	-11.4646	0.0452884	-45.9052	-15.5683	2.29491	6.87057	-1.17263	-0.392333	0.0219181	-60.0232	2.05996	1.57587	-3.9415	-6.83507	-1.68138	-3.60986	-0.0862125	-0.402914	0.0350406	-3.04313	7.5104	2.30254	-2.17742	0.0663851	-0.107253	0.318313
6.09641	-0.553082	8.97033	27.2973	23.3515	315.239	-18.1058	64.3748	-1.11887	-1.71166	23.088	46.896	-10.2276	0.0446355	-43.8528	-16.244	2.38216	6.10576	-1.22569	-0.408712	0.0248099	-62.8735	1.4213	0.840279	-4.19076	-7.1396	-1.77614	-3.77038	-0.0910637	-0.423014	0.0335085	-3.1088	7.85242	2.42556	-2.25378	0.0704985	-0.108374	0.334506
6.1064	-1.17631	8.12598	26.5478	24.414	369.849	-11.0354	59.816	-1.99563	-1.32688	20.1162	42.3538	-8.98621	0.0434903	-41.4149	-15.9349	2.34565	5.44824	-1.28375	-0.393168	0.0272941	-62.7817	0.418673	0.0526198	-4.29905	-7.31723	-1.84212	-3.83043	-0.0934285	-0.431357	0.0289257	-3.11565	8.13499	2.52019	-2.2827	0.0736468	-0.105245	0.344126
6.11638	-0.756355	6.57106	25.0077	32.685	419.42	-3.69981	53.6893	-2.3761	-1.02048	17.2344	37.5871	-7.75814	0.0418543	-38.9909	-14.7387	2.20415	5.00204	-1.35228	-0.348062	0.0294686	-59.3229	-0.484758	-0.711018	-4.25612	-7.35982	-1.8749	-3.7729	-0.0929942	-0.425855	0.0209418	-3.06131	8.33692	2.57654	-2.25004	0.0756001	-0.0970374	0.345342
6.12637	1.4327	4.67028	22.1781	51.5535	461.076	4.55634	45.8126	-2.11571	-0.809983	14.452	32.6923	-6.56417	0.0398548	-36.817	-12.5958	1.94999	4.84933	-1.43417	-0.271846	0.0313483	-51.0738	-0.735722	-1.41667	-4.03479	-7.23454	-1.86428	-3.55654	-0.0888918	-0.401453	0.00824561	-2.92764	8.41958	2.57627	-2.12594	0.0759402	-0.0814661	0.334287
6.13636	2.49305	3.89048	18.3268	70.4694	500.575	15.1694	37.8061	-1.34968	-0.825923	11.5582	27.8245	-5.42599	0.0370489	-35.1366	-10.3161	1.71825	4.81861	-1.52039	-0.1909	0.0330645	-43.0227	0.0719594	-1.9797	-3.76497	-7.11133	-1.85203	-3.31273	-0.0846826	-0.374247	-0.00529699	-2.74671	8.45512	2.55388	-1.967	0.0758003	-0.064257	0.319355
6.14635	2.24137	4.1854	13.4219	88.6454	537.625	28.2616	30.0966	-0.112748	-1.09723	8.49217	23.109	-4.36586	0.0333182	-34.1605	-7.98489	1.52573	4.93623	-1.61258	-0.109147	0.0346776	-35.5899	2.0377	-2.56724	-3.47285	-7.0251	-1.85139	-3.05397	-0.0810861	-0.346272	-0.0204667	-2.49188	8.46136	2.51731	-1.76737	0.0756245	-0.0445446	0.301331
6.15633	3.6966	4.15272	7.34354	111.057	567.933	42.7996	22.6382	1.44935	-1.55496	5.21218	18.6505	-3.40816	0.0288895	-33.5796	-5.24125	1.31037	5.18293	-1.70866	-0.0166012	0.0360627	-25.7148	4.96499	-3.5863	-3.10703	-6.90941	-1.85411	-2.70523	-0.0767034	-0.308977	-0.0415743	-2.07244	8.40736	2.45004	-1.47091	0.0752488	-0.0163856	0.274518
6.16632	-0.684995	5.80994	3.04248	111.803	606.085	53.7545	18.0461	3.67769	-2.4784	1.30676	14.6107	-2.54913	0.0227941	-32.7326	-3.3542	1.18181	5.05563	-1.76731	0.0437854	0.0369742	-25.8051	6.31365	-4.34721	-2.96216	-7.02087	-1.91247	-2.61656	-0.0780652	-0.303482	-0.0522426	-1.82475	8.50533	2.46976	-1.34542	0.0768567	-0.00369974	0.269679
6.17631	-8.99278	8.29985	0.709836	93.703	649.902	60.6053	16.3358	6.20709	-3.73373	-3.15788	11.0798	-1.80796	0.0150988	-31.4821	-2.20795	1.11358	4.54886	-1.79257	0.075632	0.0375111	-34.1033	6.03087	-4.89753	-3.00636	-7.29607	-2.00966	-2.75194	-0.0839367	-0.324791	-0.0532841	-1.73302	8.7228	2.56134	-1.37665	0.0799672	-0.00506832	0.283699
6.1863	-12.6598	8.48313	-1.40759	83.7971	683.281	65.3823	14.8881	8.29146	-4.82982	-7.69058	8.04597	-1.21222	0.00754685	-30.2319	-0.474413	0.949178	4.13392	-1.82241	0.122358	0.0378994	-37.3507	5.51829	-5.781	-2.93519	-7.38903	-2.06434	-2.75748	-0.0864562	-0.32989	-0.058618	-1.52125	8.80584	2.59621	-1.32781	0.0816085	0.000458551	0.286004
6.19628	-17.6294	8.92293	-2.13348	66.1576	715.894	67.5187	14.9034	10.1371	-5.9003	-12.339	5.56094	-0.736349	0.000308951	-28.8579	0.920439	0.799061	3.56783	-1.8372	0.155638	0.0381137	-43.8722	4.30749	-6.14711	-2.93489	-7.46825	-2.10058	-2.86053	-0.0896322	-0.344688	-0.0559991	-1.44493	8.85712	2.63413	-1.37314	0.0826313	-0.00407429	0.294915
6.20627	-18.8699	8.36516	-3.02309	60.0186	736.838	69.9621	14.2884	11.3834	-6.57241	-16.6075	3.56144	-0.377364	-0.00482839	-27.9722	2.78607	0.575681	3.26742	-1.86573	0.202271	0.0383434	-44.6843	3.87549	-6.16839	-2.79629	-7.3152	-2.06299	-2.81641	-0.0881471	-0.339418	-0.0546793	-1.33625	8.69746	2.58239	-1.34706	0.0808618	-0.00459954	0.288908
6.21626	-17.0936	7.22643	-4.216	64.5367	747.11	72.8725	12.8012	12.085	-6.7821	-20.2909	1.99778	-0.111746	-0.00695512	-27.5646	4.97233	0.304404	3.22696	-1.90577	0.259645	0.0385757	-40.3505	4.31835	-5.84242	-2.5331	-6.96362	-1.96068	-2.63824	-0.0825475	-0.315905	-0.054694	-1.19353	8.34377	2.44669	-1.25144	0.0765323	-0.00129628	0.268865
6.22625	-17.186	6.74214	-4.82717	66.5664	756.121	74.3322	11.2894	12.5607	-6.6975	-23.365	0.827913	0.0930564	-0.00607769	-27.4682	6.77993	0.0855585	3.25038	-1.94578	0.30848	0.0388534	-37.7374	4.66847	-5.10177	-2.31519	-6.617	-1.84806	-2.51484	-0.0773037	-0.297637	-0.050048	-1.14664	7.97619	2.31182	-1.20926	0.07182	-0.00383851	0.252377
6.23623	-17.0173	6.97215	-5.13811	65.1921	765.005	74.0987	11.1417	13.1129	-6.95665	-26.6961	0.0837218	0.353559	-0.00251316	-27.5638	8.18683	-0.0788688	3.3192	-1.98344	0.348725	0.0391477	-36.3609	4.80738	-4.16596	-2.13684	-6.28854	-1.73472	-2.43305	-0.0725445	-0.283727	-0.0427189	-1.16225	7.62097	2.18583	-1.20507	0.067134	-0.0100124	0.239231
6.24622	-21.3981	6.78292	-4.8379	66.4582	768.399	72.2146	7.57086	12.9887	-5.79666	-27.022	-0.581542	0.368253	0.00273209	-27.7928	9.19192	-0.191342	3.42878	-2.01803	0.380533	0.0394499	-35.8901	4.66833	-3.16898	-1.99513	-5.99	-1.6275	-2.38504	-0.0683621	-0.273659	-0.0339945	-1.22282	7.30109	2.07558	-1.22988	0.0627797	-0.0183923	0.229455
6.25621	-24.9055	7.08905	-4.49424	65.5858	771.724	68.8513	5.28215	13.048	-5.11018	-27.4587	-0.929658	0.449512	0.00853909	-28.128	9.81503	-0.254219	3.57572	-2.04925	0.404343	0.0397488	-36.0659	4.27712	-2.20309	-1.88644	-5.73077	-1.53148	-2.36356	-0.0648219	-0.26689	-0.0248894	-1.31322	7.03153	1.98505	-1.27493	0.0589654	-0.0278013	0.222848
6.2662	-29.2753	7.39391	-4.07151	64.7588	773.478	64.5683	2.66413	12.9931	-4.33034	-26.9754	-1.11408	0.49582	0.0141079	-28.5836	10.0974	-0.270778	3.75986	-2.07773	0.420949	0.0400478	-36.8217	3.67592	-1.3685	-1.81005	-5.52484	-1.45331	-2.36467	-0.062116	-0.263373	-0.0163599	-1.41659	6.82833	1.9193	-1.33202	0.0559447	-0.0371404	0.219458
6.27618	-34.6489	7.51049	-3.68735	64.3301	773.934	60.0277	-0.38955	12.7531	-3.46646	-25.6207	-1.19078	0.507596	0.0190179	-29.1538	10.0807	-0.249201	3.97015	-2.10264	0.43062	0.0403234	-38.1419	2.94573	-0.762007	-1.7651	-5.38583	-1.3995	-2.38469	-0.0604551	-0.263104	-0.00931904	-1.51399	6.70387	1.88231	-1.39211	0.053948	-0.0453193	0.21923
6.28617	-41.2036	7.18421	-3.45303	64.6638	773.261	56.0314	-4.04496	12.1888	-2.49105	-23.4682	-1.20851	0.48382	0.0231264	-29.7972	9.81649	-0.204081	4.18405	-2.12131	0.433355	0.0405121	-40.0012	2.19769	-0.472969	-1.74957	-5.32426	-1.37548	-2.419	-0.0600167	-0.265939	-0.00461939	-1.58443	6.66465	1.87606	-1.44508	0.0531492	-0.0512606	0.221867
6.29616	-49.2989	6.21611	-3.51346	66.1702	771.648	53.5312	-8.5315	11.1285	-1.34865	-20.6057	-1.20624	0.422608	0.0264902	-30.5216	9.3605	-0.143639	4.39366	-2.13304	0.429736	0.0405851	-42.4227	1.6118	-0.531682	-1.76116	-5.3453	-1.38369	-2.46425	-0.0609035	-0.271706	-0.00267673	-1.61367	6.70736	1.89917	-1.48313	0.053587	-0.0543447	0.226896
6.30615	-59.3512	4.37099	-3.99143	69.2487	769.282	53.5449	-14.106	9.36755	0.0326032	-17.1291	-1.21192	0.321447	0.0292989	-31.3494	8.78796	-0.0762568	4.595	-2.13854	0.420926	0.0405408	-45.437	1.36893	-0.940602	-1.79713	-5.44974	-1.42466	-2.51763	-0.0631598	-0.280195	-0.003666	-1.59128	6.82316	1.94853	-1.50015	0.0552234	-0.054219	0.233774
6.31613	-71.6638	1.35029	-4.97621	74.0791	766.324	57.0576	-20.9998	6.66451	1.72322	-13.1539	-1.2423	0.177332	0.0318128	-32.2293	8.17588	-0.0134112	4.76382	-2.13661	0.407882	0.0403465	-49.0789	1.61991	-1.69738	-1.85462	-5.63557	-1.49797	-2.57691	-0.0668026	-0.291208	-0.00764651	-1.50738	7.00027	2.02016	-1.49113	0.0579823	-0.0506701	0.241931
6.32612	-85.8209	-3.2604	-6.55276	81.0997	762.455	64.5378	-29.3968	2.76634	3.76757	-8.81315	-1.30297	-0.0127613	0.0342603	-32.8933	7.54289	0.0267162	4.80954	-2.11959	0.389241	0.0398835	-52.942	2.40614	-2.86477	-1.92119	-5.88802	-1.60114	-2.62896	-0.0716125	-0.303241	-0.0152496	-1.33527	7.2184	2.10605	-1.44293	0.0617051	-0.0427048	0.249779
6.33611	-92.342	-3.34893	-8.25574	83.4743	756.776	68.793	-33.5421	0.914619	4.85658	-5.00324	-1.42131	-0.258448	0.0348083	-33.3404	6.02527	0.16703	4.82516	-2.10201	0.349088	0.0398332	-54.7171	4.08418	-3.05675	-1.94822	-6.04243	-1.64939	-2.65826	-0.0738628	-0.30847	-0.0180201	-1.29097	7.33408	2.14037	-1.41998	0.0632347	-0.0397098	0.252193
6.3461	-94.2108	-1.06127	-10.2122	83.0968	755.387	69.5228	-35.7281	0.725423	5.23735	-2.56333	-1.45237	-0.266689	0.0343984	-33.078	4.11783	0.33575	4.67215	-2.07587	0.298817	0.039913	-55.1391	5.55059	-3.01201	-1.95402	-6.13427	-1.67199	-2.67197	-0.0747599	-0.309954	-0.0192842	-1.27782	7.40519	2.1524	-1.40563	0.0638303	-0.0382053	0.251859
6.35608	-93.4241	1.35448	-11.6302	81.4308	754.136	66.7104	-37.3497	1.18996	5.44985	-0.340077	-1.48862	-0.250663	0.0338806	-31.9111	2.22936	0.476856	4.29626	-2.03801	0.247842	0.0399262	-54.7197	6.13801	-2.92744	-1.94795	-6.1514	-1.67083	-2.67809	-0.0745148	-0.309132	-0.0190193	-1.2812	7.4325	2.14905	-1.40616	0.0636995	-0.0383374	0.250245
6.36607	-91.3741	2.85375	-12.5198	79.4481	752.476	61.4073	-39.0607	1.89651	5.59802	1.79325	-1.54068	-0.221495	0.0335613	-29.9746	0.655124	0.563097	3.74172	-1.99119	0.204147	0.0397785	-53.7967	5.74741	-3.04307	-1.93605	-6.11531	-1.65874	-2.67573	-0.0736735	-0.306964	-0.0186945	-1.2644	7.43515	2.14026	-1.40918	0.0633385	-0.038411	0.248064
6.37606	-88.8071	4.56691	-13.4259	77.5661	750.749	55.1237	-40.7617	3.03186	5.53977	3.80624	-1.61679	-0.170473	0.0336015	-27.7555	-0.737012	0.625606	3.13414	-1.94276	0.165079	0.0395913	-52.6167	5.08976	-3.00469	-1.91944	-6.02639	-1.62718	-2.67029	-0.0720887	-0.303473	-0.0166101	-1.27133	7.3874	2.11535	-1.42328	0.0623005	-0.040263	0.244835
6.38605	-86.4595	7.37901	-14.8979	75.9305	749.255	48.9327	-42.3564	4.80981	5.19867	5.69786	-1.72004	-0.0932444	0.0340443	-25.7289	-2.13006	0.700892	2.59771	-1.89882	0.126895	0.039469	-51.4304	4.79118	-2.79234	-1.90171	-5.92457	-1.58764	-2.66264	-0.0702806	-0.299351	-0.0136167	-1.29257	7.3074	2.07896	-1.43753	0.0608772	-0.0429122	0.240604
6.39603	-84.3477	11.0945	-16.7171	74.2524	747.582	43.0183	-43.595	7.06019	4.61011	7.36017	-1.8369	0.00231347	0.0347557	-24.0377	-3.46356	0.785314	2.17057	-1.86172	0.0918187	0.0394049	-50.3122	4.84079	-2.39215	-1.88014	-5.80677	-1.53935	-2.65228	-0.0682423	-0.294618	-0.00962107	-1.32917	7.19086	2.0304	-1.4525	0.0590342	-0.0464891	0.23543
6.40602	-82.2315	15.1142	-18.5533	71.9648	745.191	37.3697	-44.1988	9.52609	3.83865	8.66965	-1.95235	0.106437	0.0356133	-22.6755	-4.6202	0.864623	1.84852	-1.83231	0.0633416	0.0393739	-49.3015	5.0867	-1.94238	-1.8525	-5.67798	-1.4876	-2.63654	-0.0661497	-0.289417	-0.00544615	-1.35833	7.04588	1.97364	-1.46163	0.0569756	-0.0500783	0.229444
6.41601	-79.872	18.8504	-20.0687	68.4965	741.733	31.7722	-43.951	11.9567	2.96193	9.52639	-2.05408	0.209985	0.0365322	-21.5904	-5.5238	0.92563	1.61332	-1.80932	0.0432599	0.0393253	-48.4629	5.32262	-1.58042	-1.81721	-5.54328	-1.43754	-2.61429	-0.0641704	-0.284017	-0.0018257	-1.36067	6.88383	1.91366	-1.46083	0.0549152	-0.0529315	0.222966
6.426	-77.5515	22.0747	-21.1024	63.1571	742.697	26.0316	-42.8254	14.2751	2.04606	9.84764	-2.14579	0.309241	0.0376742	-20.8648	-6.21444	0.970467	1.44895	-1.80464	0.0318643	0.0395283	-48.372	5.41036	-1.43224	-1.79179	-5.45285	-1.40545	-2.60931	-0.0630317	-0.281391	0.000793672	-1.33463	6.77202	1.87188	-1.4607	0.0535217	-0.0550108	0.218459
6.43599	-74.7608	24.3325	-21.3884	55.5674	742.752	20.2024	-40.5844	16.1955	1.16463	9.58664	-2.20042	0.394981	0.0385059	-20.295	-6.63466	0.989174	1.32654	-1.80378	0.0285563	0.039676	-48.7555	5.2642	-1.52509	-1.76804	-5.37653	-1.38458	-2.60575	-0.0624047	-0.27997	0.00221343	-1.27272	6.6764	1.84005	-1.45226	0.0525765	-0.0557827	0.214925
6.44597	-71.4902	25.3231	-20.8404	45.8729	741.905	14.4407	-37.2852	17.5434	0.38584	8.74443	-2.20547	0.460678	0.0387145	-19.8517	-6.76079	0.979965	1.23831	-1.80648	0.0336858	0.0397585	-49.6129	4.83374	-1.89874	-1.74793	-5.3198	-1.37736	-2.60441	-0.0623612	-0.279942	0.00219128	-1.17347	6.60726	1.82168	-1.43535	0.0522002	-0.0550083	0.212665
6.45596	-67.854	24.8376	-19.4871	34.475	740.282	8.98239	-33.1219	18.2111	-0.247054	7.38642	-2.15442	0.502271	0.0380676	-19.4917	-6.56904	0.940507	1.17385	-1.8122	0.047523	0.0397655	-50.9318	4.10327	-2.58311	-1.73483	-5.28952	-1.38631	-2.60648	-0.0629778	-0.281516	0.000515239	-1.03725	6.57531	1.82027	-1.40992	0.0525134	-0.0524739	0.21197
6.46595	-64.0807	22.8079	-17.5092	22.4279	737.924	4.2888	-28.5095	18.12	-0.698838	5.67049	-2.04794	0.515931	0.0364558	-19.1887	-6.0434	0.871513	1.13425	-1.82084	0.0703564	0.0396905	-52.5279	3.14213	-3.5383	-1.72886	-5.28444	-1.40977	-2.60989	-0.0641418	-0.284267	-0.00273884	-0.871124	6.57968	1.83431	-1.37591	0.0534558	-0.0482229	0.212565
6.47594	-60.5937	19.6094	-15.2786	11.2812	735.064	0.76494	-24.0828	17.3579	-0.960149	3.86922	-1.89812	0.501946	0.0339369	-18.9377	-5.27611	0.783311	1.12143	-1.83156	0.0993351	0.039556	-54.1328	2.10971	-4.61994	-1.72919	-5.29634	-1.44139	-2.61244	-0.065563	-0.287435	-0.00692518	-0.697404	6.60985	1.85822	-1.33716	0.054779	-0.0429322	0.213922
6.48592	-58.084	16.08	-13.366	2.90855	732.41	-1.46289	-20.7053	16.2506	-1.04951	2.38358	-1.73689	0.467994	0.0309425	-18.7516	-4.49244	0.69887	1.13227	-1.84232	0.127647	0.0394088	-55.4727	1.20832	-5.64617	-1.73716	-5.31927	-1.47435	-2.61347	-0.0669418	-0.29034	-0.0112198	-0.546372	6.65758	1.88674	-1.29983	0.0562238	-0.03751	0.215637
6.49591	0	0	0	0	0	0	0	0	0	0	0	0	0	0	0	0	0	0	0	0	0	0	0	0	0	0	0	0	0	0	0	0	0	0	0	0	0
