PathFileType	4	(X/Y/Z)	/tmp/tmpok18jyyb/P44/MarkerData/DB4_P44_T13_relabeled_segment_0.trc
DataRate	CameraRate	NumFrames	NumMarkers	Units	OrigDataRate	OrigDataStartFrame	OrigNumFrames
250.801	250.801	313	54	m	250.801	0	313
Frame#	Time	C7			HEAD ANT			L BACK			L ELBOW LAT			L FOOT MED			L FOREARM			L GTROCH			L HUM ANT			L HUM POST			L HUM PROX			L SHANK 1			L SHANK 2			L SHANK 3			L SHANK 4			L THIGH 1			L THIGH 2			L THIGH 3			L THIGH 4			LASI			LELB			LFHD			LFIN			LHEE			LMT5			LSHO			LWRA			LWRB			R BACK			R ELBOW LAT			R FOOT MED			R FOREARM			R GTROCH			R HUM ANT			R HUM POST			R HUM PROX			R SHANK 1			R SHANK 2			R SHANK 3			R SHANK 4			R THIGH  1			R THIGH 2			R THIGH 3			R THIGH 4			RASI			RELB			RFHD			RFIN			RHEE			RMT5			RSHO			RWRA			RWRB			SACR			STRN		
		X1	Y1	Z1	X2	Y2	Z2	X3	Y3	Z3	X4	Y4	Z4	X5	Y5	Z5	X6	Y6	Z6	X7	Y7	Z7	X8	Y8	Z8	X9	Y9	Z9	X10	Y10	Z10	X11	Y11	Z11	X12	Y12	Z12	X13	Y13	Z13	X14	Y14	Z14	X15	Y15	Z15	X16	Y16	Z16	X17	Y17	Z17	X18	Y18	Z18	X19	Y19	Z19	X20	Y20	Z20	X21	Y21	Z21	X22	Y22	Z22	X23	Y23	Z23	X24	Y24	Z24	X25	Y25	Z25	X26	Y26	Z26	X27	Y27	Z27	X28	Y28	Z28	X29	Y29	Z29	X30	Y30	Z30	X31	Y31	Z31	X32	Y32	Z32	X33	Y33	Z33	X34	Y34	Z34	X35	Y35	Z35	X36	Y36	Z36	X37	Y37	Z37	X38	Y38	Z38	X39	Y39	Z39	X40	Y40	Z40	X41	Y41	Z41	X42	Y42	Z42	X43	Y43	Z43	X44	Y44	Z44	X45	Y45	Z45	X46	Y46	Z46	X47	Y47	Z47	X48	Y48	Z48	X49	Y49	Z49	X50	Y50	Z50	X51	Y51	Z51	X52	Y52	Z52	X53	Y53	Z53	X54	Y54	Z54

1	0	0.325458	1.46486	-0.214381	0.317175	1.6303	-0.0270002	0.394861	1.29301	-0.265191	0.55841	1.11908	-0.0919568	0.310059	0.0321435	-0.244979	0.537312	1.01152	0.0234473	0.499229	0.869284	-0.136902	0.533962	1.20376	-0.0586753	0.571019	1.19752	-0.175151	0.541102	1.28522	-0.121545	0.420125	0.324427	-0.253676	0.455503	0.346707	-0.296926	0.433195	0.248524	-0.332168	0.401302	0.246006	-0.275784	0.45047	0.637522	-0.130088	0.480534	0.664436	-0.173933	0.461099	0.566051	-0.213097	0.434085	0.559186	-0.153648	0.469006	1.0129	-0.109715	0.500438	1.09251	-0.137249	0.388005	1.60299	-0.0753029	0.523314	0.896437	0.137909	0.351311	0.0521281	-0.431699	0.399428	0.0173164	-0.275344	0.474382	1.44263	-0.144005	0.482027	0.954595	0.0973486	0.528828	0.918398	0.0580256	0.262919	1.2952	-0.282907	0.078065	1.1148	-0.245932	0.287318	0.0897088	0.271823	0.0561685	0.959461	-0.202504	0.136262	0.868051	-0.114005	0.0805171	1.19065	-0.16581	0.100249	1.21478	-0.296003	0.102476	1.2813	-0.219267	0.182336	0.359415	0.0406194	0.189355	0.349693	0.0990818	0.202135	0.264929	0.114329	0.199826	0.259028	0.0497518	0.15301	0.668585	-0.0247578	0.16956	0.677621	0.0328512	0.188617	0.600477	0.071676	0.172973	0.57558	0.0136125	0.167367	1.00548	-0.105303	0.143501	1.11643	-0.281057	0.24819	1.60008	-0.0715241	0.0324725	0.801372	-0.192986	0.28658	0.0391342	0.0928395	0.221036	0.0570015	0.241301	0.17617	1.43814	-0.167197	0.0846468	0.864057	-0.186417	0.035661	0.870665	-0.238373	0.315328	0.985657	-0.236407	0.31589	1.29639	-0.067653
2	0.00398722	0.325439	1.46339	-0.207895	0.317132	1.62899	-0.0206445	0.394895	1.29184	-0.259131	0.558352	1.11803	-0.0845959	0.309968	0.0321009	-0.244883	0.536726	1.01135	0.0314301	0.49907	0.868279	-0.132458	0.533831	1.20282	-0.0516536	0.570929	1.1963	-0.168154	0.54095	1.28411	-0.114759	0.420122	0.323909	-0.251481	0.455185	0.346696	-0.294671	0.432908	0.248759	-0.330703	0.40115	0.245752	-0.274192	0.450417	0.636265	-0.125715	0.48125	0.66349	-0.168138	0.460784	0.565448	-0.209548	0.434029	0.558269	-0.149718	0.469204	1.0115	-0.104509	0.500747	1.09128	-0.130111	0.387812	1.60161	-0.0687492	0.522044	0.897227	0.146798	0.350831	0.0529111	-0.431534	0.399184	0.0173817	-0.27547	0.474354	1.44145	-0.137699	0.480877	0.955137	0.105576	0.527929	0.918635	0.0667098	0.262884	1.29402	-0.276528	0.0780209	1.11366	-0.240286	0.2883	0.0933036	0.287432	0.0558363	0.958244	-0.19683	0.136328	0.866522	-0.1071	0.0804618	1.1893	-0.159646	0.100185	1.21357	-0.289864	0.102545	1.28009	-0.213163	0.18182	0.357472	0.0498387	0.188816	0.3493	0.108834	0.201592	0.264938	0.125879	0.199348	0.257621	0.0613833	0.152143	0.666866	-0.0189308	0.168904	0.675823	0.0386786	0.187623	0.598683	0.0774216	0.1721	0.573805	0.0194082	0.166735	1.00432	-0.0983325	0.143606	1.11505	-0.275097	0.248131	1.59878	-0.0652791	0.0321717	0.799981	-0.187759	0.285978	0.0384855	0.109685	0.221716	0.0596721	0.258265	0.176123	1.43687	-0.16081	0.0840975	0.862823	-0.180852	0.0353201	0.869579	-0.232871	0.314817	0.984087	-0.230204	0.316111	1.29501	-0.0604537
3	0.00797444	0.32548	1.46208	-0.201631	0.317059	1.62775	-0.0143166	0.394988	1.29058	-0.252999	0.558325	1.11702	-0.077356	0.309904	0.0320766	-0.244769	0.536163	1.0112	0.0393672	0.499005	0.867278	-0.127832	0.533658	1.20184	-0.0446297	0.570939	1.19494	-0.161063	0.540809	1.28296	-0.108041	0.419868	0.323363	-0.249125	0.454861	0.346738	-0.292094	0.432495	0.24896	-0.328954	0.400648	0.245769	-0.272401	0.450686	0.63521	-0.121422	0.481336	0.662413	-0.163684	0.460713	0.5646	-0.205334	0.434015	0.557231	-0.145701	0.469454	1.01018	-0.0993425	0.50082	1.09007	-0.12312	0.387731	1.60035	-0.0621957	0.520965	0.897983	0.155512	0.350492	0.0538333	-0.431344	0.398988	0.017452	-0.27558	0.474311	1.44025	-0.131308	0.479696	0.955587	0.113805	0.52749	0.918922	0.0750813	0.262826	1.29278	-0.270296	0.0780077	1.11246	-0.234472	0.28906	0.0969233	0.30249	0.0555593	0.957004	-0.191145	0.136336	0.865013	-0.100123	0.0802938	1.18801	-0.153355	0.100254	1.21234	-0.283758	0.102595	1.27876	-0.20699	0.181459	0.355746	0.0591636	0.188539	0.348917	0.118454	0.20132	0.26493	0.137251	0.198712	0.256284	0.0728912	0.151334	0.665166	-0.0130053	0.168274	0.67397	0.0445766	0.186737	0.596724	0.0832063	0.171038	0.571989	0.0252486	0.167412	1.00285	-0.0914906	0.143578	1.11385	-0.269201	0.24794	1.59747	-0.0589356	0.0317889	0.798688	-0.182428	0.285376	0.0380236	0.126032	0.2223	0.0624203	0.274738	0.176097	1.43556	-0.154427	0.0837744	0.861537	-0.175295	0.0349575	0.868434	-0.227296	0.314183	0.982579	-0.223949	0.315996	1.29357	-0.0541442
4	0.0119617	0.325528	1.46086	-0.195362	0.316976	1.62652	-0.00796926	0.395019	1.28924	-0.246774	0.55822	1.11602	-0.0700367	0.309848	0.0320523	-0.244679	0.535578	1.011	0.047218	0.49892	0.866225	-0.123144	0.533536	1.20092	-0.0376708	0.571026	1.19359	-0.153962	0.540742	1.28182	-0.101387	0.419579	0.322863	-0.246694	0.454564	0.346728	-0.289504	0.432062	0.249157	-0.327224	0.400078	0.245873	-0.270264	0.450849	0.634101	-0.117025	0.481308	0.661591	-0.159416	0.46068	0.563921	-0.201082	0.434121	0.556284	-0.141514	0.469828	1.00895	-0.0941589	0.500838	1.08871	-0.115934	0.387604	1.5991	-0.056214	0.519898	0.898687	0.164142	0.350181	0.0548271	-0.431137	0.398799	0.0175478	-0.275684	0.47426	1.43897	-0.124895	0.478619	0.956014	0.122021	0.526925	0.918982	0.0834781	0.262763	1.29147	-0.264111	0.0779495	1.11114	-0.228493	0.289853	0.100429	0.317045	0.0553152	0.955712	-0.185424	0.136211	0.863527	-0.093	0.080262	1.18664	-0.14722	0.100323	1.21101	-0.277642	0.102605	1.27743	-0.200789	0.181161	0.354259	0.0684663	0.188419	0.348577	0.127891	0.200857	0.265145	0.148378	0.198227	0.255016	0.0842299	0.15058	0.663518	-0.00702622	0.167668	0.67217	0.0505774	0.185818	0.594867	0.0890724	0.169882	0.570227	0.0311732	0.167868	1.00143	-0.0846284	0.143583	1.11259	-0.262805	0.247749	1.59619	-0.0525178	0.0313741	0.79742	-0.176963	0.284937	0.0378487	0.141877	0.222886	0.0652112	0.290612	0.176008	1.43422	-0.148095	0.0833757	0.860182	-0.169607	0.0346117	0.867222	-0.221612	0.313521	0.981121	-0.217625	0.316141	1.29198	-0.0485499
5	0.0159489	0.325486	1.45964	-0.188904	0.316793	1.62526	-0.00159721	0.395008	1.28796	-0.240492	0.558112	1.115	-0.0626723	0.309813	0.0320198	-0.244602	0.534976	1.01069	0.054957	0.498827	0.865143	-0.118438	0.533325	1.20002	-0.030763	0.571144	1.19226	-0.14692	0.540601	1.28069	-0.0947694	0.41946	0.322442	-0.244191	0.454274	0.346727	-0.28704	0.431805	0.249433	-0.325349	0.399714	0.245866	-0.267766	0.451055	0.633028	-0.112521	0.481677	0.660783	-0.154993	0.460497	0.563235	-0.196903	0.434257	0.55531	-0.137271	0.470532	1.00777	-0.0890882	0.500873	1.08741	-0.108687	0.387481	1.59782	-0.0501257	0.518813	0.899261	0.172626	0.3499	0.0558745	-0.43092	0.398599	0.0176724	-0.275768	0.4742	1.43767	-0.118511	0.477908	0.95635	0.130007	0.526234	0.919012	0.0918021	0.262721	1.29012	-0.257836	0.0779751	1.10988	-0.222902	0.2905	0.103819	0.331085	0.0550079	0.95442	-0.179605	0.136024	0.862051	-0.0858272	0.0802488	1.18529	-0.141175	0.100351	1.20975	-0.271497	0.10263	1.27611	-0.194584	0.180684	0.353025	0.0776745	0.188299	0.348367	0.137097	0.200502	0.265385	0.159195	0.198045	0.25386	0.0953239	0.149818	0.661931	-0.000947182	0.167078	0.670529	0.0565853	0.184877	0.593153	0.0950798	0.168717	0.568549	0.0371839	0.167983	1.00013	-0.0777488	0.143518	1.11112	-0.255608	0.247638	1.59495	-0.0461211	0.0309399	0.796157	-0.171405	0.28461	0.0378779	0.157178	0.223491	0.0679911	0.305848	0.175934	1.4329	-0.141804	0.0828828	0.858864	-0.163794	0.034289	0.866012	-0.215912	0.312907	0.979681	-0.211246	0.316319	1.29068	-0.041947
6	0.0199361	0.325484	1.45855	-0.182732	0.316651	1.624	0.0047463	0.394945	1.28669	-0.234281	0.558045	1.11398	-0.0554445	0.309773	0.0319887	-0.244523	0.534357	1.01035	0.0626917	0.498649	0.86404	-0.113596	0.53304	1.19912	-0.0238958	0.57128	1.19106	-0.139979	0.54042	1.27957	-0.0881828	0.419327	0.32202	-0.2415	0.453816	0.346708	-0.28451	0.431498	0.249794	-0.323425	0.399565	0.245666	-0.265652	0.451207	0.631944	-0.108043	0.482631	0.660037	-0.150577	0.460297	0.56259	-0.192791	0.434418	0.5543	-0.133092	0.470954	1.00646	-0.0839248	0.500886	1.08621	-0.10168	0.387329	1.59656	-0.0437156	0.517828	0.899824	0.180932	0.349674	0.0570116	-0.430675	0.398424	0.0177817	-0.275844	0.47417	1.43644	-0.112179	0.477363	0.956547	0.137685	0.525273	0.918911	0.100093	0.262585	1.28878	-0.251424	0.0779569	1.10861	-0.217041	0.290945	0.107255	0.344618	0.05465	0.953186	-0.173709	0.136048	0.860475	-0.0787689	0.0800829	1.18396	-0.134926	0.100337	1.20852	-0.26535	0.10264	1.27477	-0.188398	0.180245	0.351836	0.0867796	0.188119	0.348207	0.146144	0.200055	0.265714	0.169797	0.197939	0.252868	0.106148	0.149048	0.660545	0.00523595	0.166542	0.669018	0.0626926	0.183965	0.591636	0.101185	0.16756	0.567065	0.0432909	0.167972	0.998809	-0.0708038	0.143543	1.10962	-0.24871	0.247655	1.59372	-0.0397898	0.0305507	0.794902	-0.165729	0.284307	0.0379874	0.17194	0.22395	0.0707171	0.320492	0.175872	1.43157	-0.135498	0.082485	0.857584	-0.157919	0.0339351	0.864791	-0.210182	0.312335	0.978232	-0.204919	0.316272	1.28933	-0.0350932
7	0.0239233	0.32542	1.45736	-0.176547	0.316535	1.62276	0.0110906	0.394848	1.28546	-0.228103	0.557925	1.11299	-0.0483196	0.309733	0.0319616	-0.244444	0.533711	1.01003	0.0704075	0.49844	0.862989	-0.108658	0.532756	1.1982	-0.0170433	0.571259	1.18984	-0.133023	0.540263	1.27844	-0.0816131	0.419083	0.321639	-0.238705	0.453336	0.34675	-0.281961	0.431089	0.250133	-0.32136	0.399442	0.245351	-0.263726	0.451409	0.630818	-0.103452	0.482962	0.659192	-0.146094	0.460129	0.561937	-0.188398	0.43463	0.553246	-0.12882	0.471164	1.00505	-0.0786259	0.501033	1.08497	-0.0948941	0.387105	1.59529	-0.0373116	0.516868	0.900306	0.189139	0.349491	0.0582631	-0.430407	0.398266	0.0178514	-0.275914	0.474179	1.43529	-0.105816	0.47654	0.956756	0.145309	0.524107	0.918629	0.10824	0.262491	1.28744	-0.244933	0.0779423	1.10726	-0.210776	0.291386	0.110491	0.357567	0.0542883	0.951944	-0.167729	0.136112	0.858868	-0.0717401	0.0799386	1.18268	-0.128763	0.100281	1.20729	-0.259154	0.102677	1.27346	-0.182231	0.17998	0.35056	0.0956431	0.187894	0.34803	0.155037	0.199776	0.266026	0.180145	0.197636	0.251995	0.116705	0.148279	0.659373	0.0115946	0.166091	0.667688	0.0689668	0.183202	0.590221	0.107419	0.166452	0.565779	0.0495514	0.167968	0.997447	-0.0638254	0.143518	1.10824	-0.242425	0.247639	1.59244	-0.0334864	0.0301245	0.793623	-0.159941	0.284094	0.0381672	0.1862	0.224303	0.0732866	0.334576	0.175758	1.43023	-0.129159	0.0821241	0.856267	-0.152029	0.0336514	0.86356	-0.204371	0.311691	0.976817	-0.198532	0.316358	1.28792	-0.0286232
8	0.0279105	0.325296	1.45605	-0.170247	0.316448	1.6216	0.0174557	0.394756	1.28428	-0.221711	0.557747	1.11201	-0.0411538	0.309703	0.0319347	-0.244352	0.53315	1.00963	0.0779674	0.498211	0.861981	-0.103613	0.532571	1.19729	-0.0101864	0.571181	1.18863	-0.126055	0.540073	1.27737	-0.0749742	0.418834	0.321107	-0.23604	0.452893	0.346911	-0.279464	0.430912	0.250503	-0.319261	0.3993	0.245089	-0.261639	0.451662	0.629766	-0.098832	0.482888	0.658347	-0.141455	0.460041	0.561288	-0.183965	0.434931	0.552174	-0.124384	0.471056	1.00348	-0.0731	0.50106	1.0837	-0.0879039	0.386901	1.59405	-0.0308986	0.515987	0.900709	0.197267	0.349326	0.0596116	-0.430091	0.398116	0.0179121	-0.275995	0.474109	1.43413	-0.099399	0.47563	0.956864	0.152992	0.522848	0.918266	0.116327	0.262419	1.28608	-0.238428	0.0779002	1.10591	-0.204505	0.291781	0.113453	0.370011	0.0539436	0.950654	-0.161706	0.135825	0.857415	-0.0645372	0.0798111	1.1814	-0.122673	0.100347	1.20598	-0.252901	0.102679	1.27219	-0.17604	0.179782	0.349359	0.104275	0.187509	0.347894	0.163714	0.199646	0.266235	0.190245	0.197284	0.251113	0.127014	0.147617	0.658319	0.0181344	0.165828	0.666464	0.0755041	0.18263	0.58894	0.113758	0.165477	0.564631	0.0559968	0.167941	0.996085	-0.0568377	0.143556	1.1068	-0.235999	0.247513	1.59125	-0.0270958	0.0296583	0.792378	-0.154056	0.283936	0.0384169	0.199868	0.224626	0.0757366	0.348023	0.175618	1.42888	-0.122816	0.0816824	0.854923	-0.146024	0.0333639	0.862338	-0.19843	0.311035	0.975431	-0.191863	0.31626	1.2865	-0.0224441
9	0.0318978	0.325191	1.45481	-0.163902	0.316349	1.62048	0.0238458	0.394543	1.283	-0.21505	0.5576	1.11102	-0.0339274	0.309673	0.0319068	-0.24426	0.532717	1.0092	0.0854104	0.497991	0.861003	-0.0984383	0.532428	1.19642	-0.00330442	0.571063	1.18739	-0.119084	0.539874	1.27631	-0.0682818	0.418561	0.320603	-0.233166	0.452586	0.347021	-0.276463	0.430843	0.250962	-0.317053	0.399127	0.244984	-0.25941	0.451937	0.628741	-0.0941507	0.48267	0.657545	-0.136763	0.459799	0.560652	-0.179473	0.435132	0.551206	-0.119795	0.470549	1.00182	-0.0673727	0.50101	1.08244	-0.0808306	0.386797	1.59287	-0.024553	0.515183	0.900998	0.205279	0.349172	0.0610308	-0.429715	0.397971	0.0179982	-0.276075	0.473997	1.43296	-0.092985	0.474797	0.956854	0.160656	0.522062	0.918081	0.124339	0.262377	1.28479	-0.231975	0.0777115	1.10473	-0.198557	0.292104	0.116117	0.382022	0.0536753	0.949354	-0.155661	0.135587	0.855984	-0.0573765	0.0795317	1.18014	-0.116347	0.10056	1.20459	-0.246636	0.102676	1.27091	-0.169828	0.179551	0.348178	0.112809	0.187251	0.347718	0.172164	0.199301	0.266498	0.200019	0.196895	0.250355	0.137043	0.147098	0.657363	0.0248658	0.165679	0.665399	0.0821898	0.182383	0.587804	0.120223	0.164705	0.563599	0.0626336	0.167913	0.99479	-0.0498344	0.143564	1.10544	-0.229877	0.247327	1.59007	-0.0206779	0.0292369	0.791166	-0.148078	0.283803	0.0387697	0.212962	0.224915	0.0780112	0.360763	0.17546	1.42762	-0.11648	0.0813201	0.853599	-0.139922	0.033068	0.861126	-0.192382	0.310419	0.974046	-0.18493	0.316433	1.28509	-0.0170303
10	0.035885	0.325083	1.45357	-0.157438	0.316261	1.6193	0.0302081	0.394414	1.28175	-0.208917	0.557432	1.11001	-0.0267623	0.309657	0.0318873	-0.24418	0.532269	1.00875	0.092795	0.49781	0.860012	-0.093161	0.532238	1.19554	0.00358829	0.570953	1.18616	-0.112145	0.539705	1.27529	-0.061603	0.418527	0.320223	-0.230074	0.452454	0.347059	-0.273171	0.430649	0.251433	-0.314675	0.399053	0.244849	-0.25714	0.452194	0.627814	-0.0893011	0.482494	0.656861	-0.13201	0.459687	0.560098	-0.175023	0.435475	0.550323	-0.115137	0.470462	1.00038	-0.0617459	0.500974	1.0813	-0.0738601	0.386747	1.59173	-0.0182748	0.514438	0.901217	0.213081	0.34908	0.0625788	-0.429273	0.397821	0.0180966	-0.276133	0.473963	1.4318	-0.0866347	0.474114	0.956781	0.168124	0.521551	0.917953	0.132097	0.262302	1.28355	-0.225583	0.077322	1.1037	-0.193007	0.29237	0.118541	0.39356	0.0534107	0.948112	-0.14955	0.135449	0.85454	-0.0503268	0.0792525	1.17894	-0.110061	0.100764	1.20326	-0.240338	0.102674	1.26964	-0.163601	0.179242	0.347033	0.121148	0.187139	0.347473	0.180427	0.199143	0.266756	0.209492	0.196544	0.249681	0.146815	0.146586	0.656544	0.0318062	0.16555	0.664491	0.0889886	0.182289	0.586873	0.126883	0.164139	0.562714	0.0694499	0.167898	0.993527	-0.0427999	0.14361	1.10409	-0.223483	0.24712	1.589	-0.0142755	0.0288415	0.78994	-0.141995	0.28386	0.0390979	0.225455	0.225112	0.0800888	0.372869	0.175363	1.42641	-0.110106	0.0809199	0.852376	-0.133709	0.0328021	0.859939	-0.186281	0.309824	0.972743	-0.17843	0.316421	1.28378	-0.010992
11	0.0398722	0.325021	1.45245	-0.151052	0.316091	1.61818	0.0365553	0.394362	1.28057	-0.202789	0.557285	1.10904	-0.0197776	0.309633	0.031865	-0.244103	0.531625	1.00829	0.100129	0.497605	0.859078	-0.0877881	0.532032	1.19469	0.0103961	0.570959	1.1851	-0.105305	0.539548	1.27429	-0.0549278	0.418638	0.319908	-0.22692	0.452276	0.34713	-0.26978	0.430401	0.251959	-0.312295	0.399032	0.244674	-0.254809	0.452459	0.626946	-0.0844319	0.482298	0.656175	-0.127168	0.459574	0.559524	-0.170083	0.435757	0.549494	-0.110474	0.470556	0.999073	-0.0560759	0.500845	1.08013	-0.0669877	0.386657	1.59066	-0.0118695	0.513597	0.901317	0.220788	0.349064	0.0642286	-0.428766	0.397656	0.0181747	-0.276163	0.473897	1.43071	-0.0802485	0.473472	0.956726	0.175427	0.520935	0.917606	0.139656	0.26218	1.28229	-0.219169	0.0771022	1.10238	-0.187035	0.292471	0.120751	0.404588	0.0531194	0.946886	-0.143312	0.135386	0.853148	-0.043316	0.0790107	1.17781	-0.10379	0.100903	1.20193	-0.234013	0.102689	1.26837	-0.157342	0.178917	0.345978	0.129213	0.187069	0.34721	0.188546	0.199033	0.266946	0.218706	0.196275	0.248974	0.156194	0.146115	0.655764	0.0389288	0.165647	0.663688	0.0958509	0.182455	0.586105	0.133724	0.163815	0.561908	0.076453	0.16792	0.992265	-0.0357845	0.143541	1.10268	-0.216804	0.246898	1.58793	-0.00785794	0.0284274	0.788703	-0.135791	0.283805	0.039359	0.237314	0.225264	0.0818699	0.384349	0.175254	1.42517	-0.103687	0.080496	0.851206	-0.12738	0.0324757	0.858744	-0.180087	0.30918	0.971503	-0.171988	0.316384	1.28253	-0.00454458
12	0.0438594	0.324882	1.45139	-0.144486	0.315897	1.61711	0.0429354	0.394249	1.2794	-0.196472	0.557131	1.10809	-0.0129117	0.30962	0.0318276	-0.244029	0.530646	1.00775	0.107448	0.497308	0.858155	-0.0822947	0.531797	1.19381	0.0171263	0.570939	1.18411	-0.0985267	0.539392	1.27329	-0.0482918	0.418526	0.319594	-0.223664	0.452108	0.347254	-0.266368	0.430346	0.252564	-0.309825	0.398856	0.244653	-0.252315	0.452717	0.626142	-0.0794031	0.482167	0.655416	-0.122362	0.459527	0.558902	-0.165008	0.436172	0.548604	-0.105654	0.470532	0.997765	-0.0503115	0.500779	1.07902	-0.0602075	0.386443	1.58951	-0.00546578	0.512829	0.901388	0.228364	0.349119	0.0659704	-0.428225	0.397521	0.0182262	-0.276201	0.473806	1.42967	-0.0737882	0.472813	0.956608	0.182654	0.52023	0.917156	0.147158	0.261978	1.2809	-0.212372	0.0771716	1.10105	-0.180453	0.292422	0.122707	0.415027	0.0527759	0.945668	-0.136974	0.135206	0.85178	-0.0363197	0.078682	1.17666	-0.0974412	0.101059	1.20057	-0.227716	0.10268	1.26714	-0.15102	0.17867	0.344983	0.137136	0.186905	0.34695	0.196492	0.198984	0.266998	0.227585	0.1961	0.248217	0.165283	0.145817	0.655013	0.0461924	0.165888	0.662996	0.102833	0.182913	0.585485	0.140729	0.163772	0.561205	0.0836243	0.167925	0.991012	-0.0287426	0.143558	1.10131	-0.210255	0.246761	1.58684	-0.0014218	0.0279842	0.787553	-0.129473	0.283906	0.0396919	0.248459	0.225293	0.0833638	0.395243	0.175091	1.42399	-0.097239	0.0801729	0.849986	-0.120996	0.0322319	0.857546	-0.173829	0.308488	0.970312	-0.165428	0.316425	1.28124	0.00187727
13	0.0478466	0.324754	1.45043	-0.137978	0.315693	1.61611	0.0493437	0.394132	1.27827	-0.190062	0.556926	1.1072	-0.00602141	0.309629	0.0317889	-0.243954	0.529407	1.00727	0.114765	0.496999	0.857196	-0.0766659	0.531557	1.19292	0.0238213	0.570815	1.18308	-0.091722	0.539228	1.2723	-0.0417019	0.418333	0.319213	-0.220402	0.451952	0.347469	-0.262826	0.430338	0.253206	-0.30718	0.398796	0.244628	-0.249806	0.453023	0.625284	-0.0744101	0.482031	0.654692	-0.117514	0.459418	0.558176	-0.160385	0.436436	0.547774	-0.100856	0.47059	0.99646	-0.0446597	0.500722	1.07796	-0.0533336	0.386182	1.5884	0.000946005	0.51218	0.901294	0.235769	0.349197	0.0678648	-0.42769	0.397412	0.0182773	-0.276244	0.473693	1.42866	-0.0672647	0.472254	0.956345	0.18983	0.519572	0.916794	0.154596	0.261597	1.27948	-0.205112	0.0774521	1.09974	-0.173367	0.292334	0.124284	0.42502	0.0524591	0.944484	-0.130568	0.134999	0.850496	-0.0293118	0.0783189	1.17561	-0.0910568	0.101153	1.19933	-0.221372	0.102683	1.26593	-0.144672	0.178465	0.344057	0.144948	0.186706	0.346692	0.204256	0.199004	0.26696	0.236125	0.195827	0.247574	0.174039	0.145613	0.654309	0.0535125	0.166311	0.662313	0.109945	0.183498	0.584989	0.147881	0.1639	0.560617	0.0909453	0.167888	0.989843	-0.0216363	0.143586	1.1001	-0.204074	0.246688	1.58576	0.00497252	0.0275743	0.78649	-0.123083	0.284049	0.0398668	0.258951	0.22528	0.0846875	0.405557	0.174875	1.42282	-0.0907854	0.0798	0.848773	-0.114532	0.0319682	0.8564	-0.167483	0.307908	0.969218	-0.158824	0.316358	1.28007	0.00831973
14	0.0518339	0.324631	1.4494	-0.131494	0.315532	1.61513	0.0557722	0.394028	1.27724	-0.183618	0.55672	1.10632	0.000865364	0.309636	0.0317653	-0.243862	0.529014	1.00677	0.121781	0.496734	0.856257	-0.0708945	0.531284	1.19204	0.0304936	0.570646	1.18206	-0.0849281	0.539025	1.27131	-0.0350849	0.418207	0.318927	-0.216968	0.451821	0.347635	-0.259039	0.430209	0.253932	-0.304451	0.398771	0.244642	-0.247218	0.453374	0.624455	-0.0692422	0.481892	0.65405	-0.112529	0.459253	0.55758	-0.155722	0.436848	0.547015	-0.0958782	0.470603	0.995218	-0.0388433	0.500522	1.07698	-0.0464203	0.385961	1.58747	0.00744287	0.511668	0.901076	0.243012	0.349118	0.0699508	-0.427128	0.397309	0.0183472	-0.276268	0.473529	1.42771	-0.0607257	0.471703	0.955951	0.196946	0.519021	0.916435	0.161881	0.261499	1.27826	-0.198517	0.0775137	1.09845	-0.166552	0.292193	0.125421	0.434401	0.0522205	0.94332	-0.124128	0.134746	0.849344	-0.0223483	0.0779588	1.17458	-0.0847128	0.101228	1.19809	-0.21495	0.102678	1.2648	-0.138351	0.178281	0.343175	0.152558	0.186673	0.346339	0.211845	0.199175	0.2668	0.24436	0.195577	0.247059	0.182466	0.1455	0.653693	0.0609061	0.166997	0.661544	0.117136	0.184143	0.584572	0.155114	0.164185	0.560089	0.0984038	0.167819	0.988764	-0.0145542	0.143566	1.0988	-0.197374	0.246543	1.58471	0.011313	0.027155	0.785414	-0.116564	0.28414	0.0399633	0.268807	0.22529	0.0856053	0.4152	0.174648	1.42171	-0.0843777	0.0794615	0.847629	-0.107996	0.0317196	0.855288	-0.16108	0.307405	0.968175	-0.15217	0.316413	1.27889	0.014717
15	0.0558211	0.324438	1.44834	-0.125162	0.315368	1.61418	0.0622057	0.393858	1.27625	-0.177177	0.55655	1.10549	0.00770139	0.309652	0.031745	-0.243791	0.529374	1.0062	0.128537	0.496448	0.855351	-0.0649965	0.531007	1.19117	0.0371374	0.570481	1.18105	-0.0781988	0.538792	1.27039	-0.0285396	0.418199	0.31881	-0.213622	0.451766	0.347808	-0.255166	0.430267	0.254772	-0.301757	0.398737	0.244684	-0.244533	0.453796	0.623656	-0.0640443	0.481769	0.653485	-0.107461	0.459214	0.557107	-0.150798	0.437148	0.546263	-0.0907821	0.47054	0.994069	-0.0328051	0.500363	1.07606	-0.0396453	0.385837	1.58647	0.0137953	0.511163	0.900848	0.250147	0.348881	0.0721789	-0.426492	0.397251	0.0184189	-0.276295	0.473322	1.42677	-0.0542349	0.471183	0.955519	0.203914	0.518523	0.915916	0.168969	0.261406	1.27711	-0.192098	0.0772971	1.09734	-0.160222	0.292127	0.126132	0.443121	0.0519812	0.94219	-0.117609	0.134493	0.848285	-0.0154269	0.0776438	1.17355	-0.0783362	0.101487	1.19688	-0.208473	0.102655	1.26367	-0.131969	0.178145	0.342384	0.15997	0.186661	0.345924	0.219298	0.199325	0.266461	0.252322	0.195571	0.246496	0.190563	0.145443	0.653153	0.0684159	0.167454	0.661043	0.124456	0.18488	0.584194	0.162404	0.164551	0.559622	0.105889	0.167712	0.98777	-0.00751991	0.143359	1.09749	-0.190217	0.246323	1.58375	0.0177007	0.0267268	0.784355	-0.109914	0.284264	0.0399037	0.27794	0.225354	0.0860392	0.424146	0.174435	1.42062	-0.0779752	0.0791134	0.846506	-0.101362	0.0314975	0.854226	-0.154694	0.306889	0.967186	-0.145448	0.316249	1.27786	0.0212343
16	0.0598083	0.324216	1.4475	-0.11887	0.315246	1.61323	0.0686007	0.393731	1.27526	-0.170763	0.556407	1.10469	0.0144727	0.309671	0.0317166	-0.243742	0.52923	1.00558	0.13539	0.496131	0.854483	-0.0590233	0.530707	1.19038	0.0437909	0.570366	1.18011	-0.0715186	0.538497	1.26952	-0.0220221	0.418422	0.318686	-0.210698	0.451677	0.348144	-0.251184	0.430397	0.255646	-0.298945	0.398764	0.244808	-0.241758	0.454175	0.622848	-0.0586528	0.481616	0.652852	-0.102207	0.459037	0.556636	-0.14559	0.437616	0.545579	-0.0855531	0.470476	0.992959	-0.0266192	0.500336	1.07513	-0.0329686	0.385761	1.58551	0.0202154	0.510673	0.900611	0.257184	0.349058	0.0744127	-0.425766	0.397206	0.0184869	-0.276306	0.473136	1.42587	-0.0477461	0.470683	0.955109	0.210753	0.518176	0.915346	0.175877	0.261337	1.27597	-0.185619	0.0768975	1.09637	-0.154266	0.292076	0.126466	0.45126	0.0517395	0.941109	-0.110961	0.134201	0.847358	-0.00853157	0.0772654	1.17257	-0.0718872	0.101686	1.19571	-0.20185	0.102586	1.26257	-0.12555	0.178068	0.34167	0.167245	0.186648	0.345496	0.226607	0.199073	0.266242	0.259962	0.195611	0.24587	0.198257	0.145465	0.652753	0.0760214	0.167825	0.660795	0.131851	0.185641	0.583975	0.169826	0.165041	0.559245	0.113403	0.167573	0.986818	-0.000495157	0.143091	1.09609	-0.182575	0.246101	1.58288	0.0241809	0.0262695	0.783361	-0.103149	0.284482	0.0396822	0.286402	0.22538	0.0861014	0.432412	0.174217	1.4196	-0.0715747	0.0787719	0.845423	-0.0946237	0.0313569	0.853179	-0.14836	0.306297	0.966248	-0.138661	0.316176	1.27673	0.0277168
17	0.0637955	0.32397	1.44664	-0.112368	0.315081	1.61234	0.0749977	0.393579	1.27432	-0.164345	0.556219	1.10393	0.0212102	0.309688	0.0316794	-0.243678	0.528488	1.00493	0.142321	0.495837	0.853624	-0.0529584	0.530401	1.18959	0.0504268	0.570337	1.17927	-0.0648468	0.538338	1.2687	-0.0153031	0.418702	0.318337	-0.207125	0.451662	0.34849	-0.247152	0.430297	0.256447	-0.295918	0.398937	0.244935	-0.238946	0.454494	0.622059	-0.0531107	0.481453	0.652294	-0.0968798	0.458907	0.556197	-0.140297	0.437958	0.544834	-0.0801931	0.470372	0.991865	-0.0202187	0.500188	1.07429	-0.0262695	0.385756	1.58458	0.0268149	0.51019	0.900264	0.264093	0.349543	0.0767964	-0.424963	0.397169	0.0185706	-0.276304	0.472961	1.42503	-0.0412021	0.470318	0.954611	0.217496	0.517849	0.914759	0.182704	0.261213	1.27487	-0.179065	0.0766904	1.0953	-0.147907	0.291867	0.126404	0.458894	0.0515171	0.940083	-0.104184	0.133813	0.846551	-0.00165849	0.0768237	1.17162	-0.0653926	0.101613	1.19456	-0.194929	0.102535	1.26153	-0.119114	0.178129	0.341061	0.174433	0.186567	0.345032	0.233815	0.198967	0.265957	0.267276	0.195612	0.245278	0.2056	0.145573	0.652438	0.0836215	0.168267	0.660615	0.139332	0.186395	0.583883	0.177378	0.165509	0.558972	0.121034	0.167405	0.985972	0.00649906	0.143289	1.09497	-0.176274	0.245877	1.58201	0.0307441	0.0257764	0.78245	-0.0962847	0.284711	0.0392644	0.294199	0.22533	0.0858001	0.440013	0.174012	1.41857	-0.0651467	0.0784964	0.844349	-0.087761	0.0311971	0.852119	-0.141746	0.30579	0.965382	-0.131874	0.31617	1.27561	0.0342065
18	0.0677827	0.323732	1.44567	-0.105728	0.314852	1.61155	0.0814208	0.393351	1.27343	-0.157846	0.556027	1.10314	0.0279013	0.30973	0.0316371	-0.243592	0.527564	1.00427	0.149101	0.495572	0.852787	-0.0467862	0.530117	1.18884	0.0570452	0.570236	1.17847	-0.0581836	0.538243	1.26794	-0.00863817	0.419086	0.317752	-0.203086	0.451587	0.34881	-0.242941	0.430117	0.257254	-0.292742	0.39913	0.245108	-0.235933	0.45467	0.62132	-0.0475965	0.481271	0.651813	-0.0912826	0.458625	0.555712	-0.134855	0.438461	0.54412	-0.0746264	0.470208	0.990825	-0.0136829	0.49997	1.07351	-0.0196221	0.385663	1.58371	0.033499	0.509812	0.89976	0.270811	0.349826	0.0793293	-0.42399	0.397158	0.0186751	-0.276278	0.472714	1.42422	-0.0346282	0.469972	0.954019	0.224156	0.517569	0.91417	0.189418	0.260993	1.27386	-0.172504	0.0765766	1.09423	-0.141153	0.291696	0.125795	0.465941	0.0512775	0.93908	-0.0973408	0.13345	0.845904	0.00519889	0.0763855	1.17072	-0.0588664	0.101477	1.19328	-0.187769	0.102417	1.26048	-0.11261	0.178207	0.340505	0.181557	0.186509	0.344476	0.24093	0.199055	0.265407	0.274336	0.195672	0.244725	0.212679	0.14573	0.652152	0.0912361	0.168813	0.660448	0.146862	0.187186	0.583812	0.184957	0.16591	0.558762	0.128772	0.167247	0.985175	0.013426	0.143453	1.0939	-0.169879	0.245657	1.5812	0.0372571	0.0253389	0.781531	-0.0893478	0.28497	0.0386505	0.301287	0.225272	0.0851091	0.446998	0.173794	1.41759	-0.0586602	0.0781485	0.843368	-0.0808058	0.0310417	0.851059	-0.13493	0.305351	0.964567	-0.125046	0.315841	1.27473	0.0408729
19	0.07177	0.323542	1.4448	-0.0992591	0.314566	1.61081	0.0878655	0.39316	1.27257	-0.151264	0.555874	1.10239	0.0345041	0.30979	0.0316027	-0.243496	0.527081	1.00355	0.155696	0.495323	0.852026	-0.0405054	0.529927	1.18811	0.0636423	0.570004	1.1777	-0.051554	0.538098	1.26719	-0.0020084	0.419142	0.317369	-0.199001	0.45156	0.349118	-0.238667	0.430086	0.258192	-0.289433	0.399221	0.245429	-0.232712	0.454873	0.620623	-0.0418739	0.481044	0.651312	-0.0855586	0.458408	0.555244	-0.129262	0.438725	0.543486	-0.0690352	0.470079	0.989939	-0.00731516	0.499918	1.0728	-0.0132049	0.385191	1.58291	0.0396814	0.509489	0.899154	0.277398	0.35025	0.0819952	-0.422997	0.397127	0.0187369	-0.276183	0.472432	1.42339	-0.0280239	0.469643	0.95335	0.230722	0.517225	0.913502	0.196066	0.260738	1.27291	-0.165954	0.0764799	1.09323	-0.134254	0.291581	0.12474	0.472473	0.0510398	0.93807	-0.0904944	0.133087	0.845446	0.0120194	0.0760361	1.16985	-0.0522845	0.102016	1.19195	-0.181362	0.10231	1.25951	-0.106055	0.17827	0.339975	0.188598	0.186471	0.343869	0.247934	0.19913	0.264696	0.281165	0.195805	0.244211	0.219519	0.1459	0.651926	0.0988682	0.169312	0.660381	0.154468	0.18796	0.583747	0.192532	0.166302	0.558612	0.136536	0.167112	0.98453	0.0203158	0.143404	1.09285	-0.163173	0.245528	1.5804	0.0436724	0.0249507	0.780606	-0.0823318	0.285204	0.0379143	0.307696	0.225156	0.0840852	0.453414	0.173524	1.41669	-0.0521351	0.0778702	0.84242	-0.073861	0.030888	0.850033	-0.12801	0.304891	0.963831	-0.118159	0.315568	1.27393	0.047499
20	0.0757572	0.323386	1.44395	-0.0928253	0.314328	1.6101	0.0943439	0.393038	1.27176	-0.144617	0.555716	1.10168	0.0410624	0.309836	0.0315492	-0.243388	0.526879	1.00279	0.162148	0.495031	0.851293	-0.0340674	0.529773	1.18737	0.0701848	0.569775	1.17704	-0.0449711	0.537866	1.26649	0.00461044	0.419173	0.317278	-0.194815	0.451526	0.349522	-0.234265	0.429982	0.259075	-0.286007	0.399412	0.245793	-0.229378	0.455125	0.620043	-0.035883	0.480837	0.650835	-0.0798277	0.458414	0.554814	-0.123619	0.439131	0.542788	-0.0632829	0.46992	0.989178	-0.000849255	0.499809	1.07216	-0.00676351	0.384803	1.58219	0.045998	0.509199	0.898434	0.283889	0.350603	0.0848094	-0.421852	0.397031	0.018731	-0.276039	0.472171	1.42264	-0.0213509	0.469364	0.9526	0.237248	0.516885	0.912744	0.202609	0.260476	1.27202	-0.159419	0.0764337	1.09224	-0.127353	0.291434	0.123289	0.478563	0.0508454	0.937112	-0.0835691	0.132837	0.845073	0.0188025	0.0757488	1.16901	-0.0456699	0.102816	1.19077	-0.175	0.102208	1.25857	-0.0994685	0.178352	0.339492	0.195505	0.186573	0.343109	0.25479	0.199239	0.263813	0.287749	0.196077	0.243613	0.226086	0.146036	0.651776	0.106592	0.169697	0.660405	0.162137	0.188575	0.583733	0.200166	0.166612	0.55857	0.144334	0.167019	0.983952	0.0271586	0.143361	1.09183	-0.156319	0.245503	1.57963	0.0500547	0.0245865	0.779731	-0.0751768	0.285346	0.0370255	0.313496	0.225062	0.0827396	0.459256	0.173265	1.41585	-0.0455795	0.0775774	0.841506	-0.0668464	0.0307357	0.849024	-0.121042	0.304441	0.963155	-0.111212	0.315468	1.27313	0.0540505
21	0.0797444	0.323144	1.44317	-0.0862484	0.314133	1.60944	0.100814	0.392885	1.271	-0.137913	0.555544	1.10103	0.0475861	0.309891	0.0315007	-0.243259	0.526711	1.00202	0.168533	0.494711	0.850532	-0.0275043	0.529638	1.18664	0.0767045	0.569608	1.17642	-0.0384488	0.537663	1.26586	0.0111959	0.419387	0.31722	-0.190564	0.451513	0.349986	-0.22965	0.43005	0.260222	-0.282735	0.399521	0.246155	-0.225976	0.455215	0.619426	-0.0298296	0.48062	0.65043	-0.0738807	0.458334	0.554351	-0.117863	0.439445	0.542148	-0.0573258	0.469752	0.988502	0.0058009	0.499615	1.07144	-0.000197753	0.384531	1.58149	0.0525379	0.508985	0.897626	0.290203	0.350803	0.0880304	-0.420404	0.396981	0.0187972	-0.275905	0.471893	1.42196	-0.0146246	0.469108	0.95179	0.243721	0.516621	0.911953	0.20898	0.260278	1.27116	-0.152857	0.0763593	1.09125	-0.120444	0.291239	0.121522	0.48414	0.0506486	0.936219	-0.0765221	0.132692	0.844841	0.0255288	0.0753707	1.16821	-0.0389672	0.102927	1.18978	-0.168274	0.102087	1.25765	-0.0928411	0.178486	0.339041	0.20221	0.186618	0.342298	0.261522	0.199645	0.262744	0.294101	0.196383	0.242893	0.232326	0.146102	0.651703	0.114378	0.170141	0.660416	0.1698	0.189115	0.583809	0.20786	0.166878	0.558597	0.152163	0.166873	0.983455	0.0340413	0.143294	1.09081	-0.149256	0.24548	1.57892	0.0564598	0.0242096	0.778989	-0.0679476	0.285448	0.0359765	0.318622	0.224991	0.081034	0.46452	0.173036	1.41508	-0.0390027	0.0772785	0.840621	-0.0596261	0.0305384	0.848106	-0.113978	0.304067	0.962497	-0.104209	0.315427	1.27233	0.0605782
22	0.0837316	0.322852	1.44251	-0.07956	0.313906	1.60879	0.107271	0.392691	1.27029	-0.131193	0.5554	1.10042	0.0540165	0.309977	0.0314578	-0.243124	0.526563	1.00123	0.174854	0.494447	0.849837	-0.0209044	0.529504	1.18591	0.0832129	0.569431	1.17583	-0.0319559	0.537452	1.26523	0.0177601	0.419612	0.317258	-0.186114	0.451495	0.35045	-0.224831	0.42996	0.261538	-0.279602	0.399675	0.24652	-0.222538	0.455297	0.618786	-0.023792	0.48043	0.650013	-0.0676715	0.45806	0.553806	-0.111895	0.439446	0.54158	-0.0512196	0.469486	0.987832	0.0128198	0.499583	1.07076	0.0062454	0.384359	1.58084	0.0590567	0.508841	0.896733	0.296351	0.351025	0.0916439	-0.41869	0.396951	0.0189204	-0.275754	0.471586	1.4213	-0.00788486	0.468934	0.950858	0.249918	0.516432	0.911136	0.215151	0.260133	1.27039	-0.14623	0.0762191	1.09031	-0.113526	0.29109	0.119385	0.48919	0.0504837	0.935385	-0.0694176	0.132346	0.844716	0.0324076	0.0749896	1.16746	-0.0322195	0.103364	1.18872	-0.161558	0.101944	1.25678	-0.0861692	0.178713	0.338658	0.208792	0.186669	0.341449	0.26816	0.199582	0.261738	0.300224	0.196686	0.242238	0.238281	0.146263	0.651637	0.122178	0.170651	0.660417	0.177462	0.189649	0.583888	0.215571	0.167079	0.558643	0.159992	0.166718	0.983112	0.0409609	0.143259	1.0898	-0.142038	0.245216	1.57833	0.0628853	0.0238518	0.778263	-0.0606267	0.28557	0.0348132	0.323182	0.224945	0.0790011	0.469218	0.172801	1.41432	-0.0324276	0.0769864	0.839849	-0.0522365	0.0303712	0.847228	-0.106816	0.303753	0.961897	-0.0971586	0.315164	1.27168	0.0672866
23	0.0877188	0.322582	1.44189	-0.0729667	0.313695	1.6082	0.113745	0.392453	1.2696	-0.124487	0.555282	1.09981	0.0603882	0.310064	0.031401	-0.242982	0.526437	1.00036	0.181094	0.494213	0.849194	-0.0142115	0.529342	1.18518	0.0897018	0.569276	1.17528	-0.0255146	0.537188	1.26456	0.0243488	0.420006	0.31729	-0.181479	0.451539	0.350913	-0.21985	0.429778	0.262781	-0.275991	0.399992	0.246798	-0.21901	0.455371	0.618166	-0.0175621	0.480301	0.649519	-0.0612846	0.457893	0.55327	-0.105799	0.439673	0.541063	-0.0449213	0.469269	0.987255	0.0200216	0.499508	1.07013	0.0126778	0.384192	1.58019	0.0654004	0.508754	0.895749	0.302385	0.351531	0.0949223	-0.416974	0.396921	0.0191014	-0.275547	0.471291	1.42069	-0.00112662	0.468723	0.949893	0.256004	0.516286	0.910205	0.221122	0.259934	1.26964	-0.139532	0.0760492	1.08945	-0.106532	0.291286	0.116742	0.493818	0.0503423	0.934549	-0.0622445	0.132243	0.844557	0.0392892	0.0745882	1.1667	-0.0253988	0.103626	1.18764	-0.15478	0.101776	1.25592	-0.0794126	0.178919	0.338407	0.21531	0.186716	0.340554	0.274694	0.199249	0.260739	0.306126	0.19693	0.241693	0.243952	0.146321	0.651604	0.130006	0.17111	0.660408	0.185132	0.190179	0.583966	0.223273	0.167226	0.558626	0.167819	0.166539	0.982874	0.0478743	0.143153	1.08884	-0.134948	0.245107	1.57776	0.0693729	0.0235373	0.777535	-0.0531692	0.28567	0.0335211	0.327243	0.224981	0.0767332	0.473398	0.172478	1.41358	-0.0258366	0.0767546	0.83908	-0.0448413	0.030257	0.846381	-0.0995427	0.303561	0.961361	-0.0900019	0.314805	1.27111	0.0740829
24	0.0917061	0.322259	1.44122	-0.0664808	0.313478	1.60764	0.120235	0.392215	1.269	-0.117767	0.555168	1.09924	0.0667064	0.310166	0.031348	-0.242821	0.526328	0.999441	0.187266	0.493911	0.848585	-0.00740091	0.529209	1.18449	0.0961679	0.569102	1.17481	-0.0190813	0.536953	1.26402	0.0309069	0.420256	0.317148	-0.176805	0.451635	0.351455	-0.214727	0.430108	0.263831	-0.271701	0.400279	0.247138	-0.215309	0.455358	0.617564	-0.0110859	0.480149	0.649017	-0.0548053	0.457957	0.552869	-0.0995741	0.439525	0.540546	-0.038598	0.469168	0.986704	0.0271153	0.499371	1.0695	0.0190919	0.384004	1.57955	0.071774	0.508728	0.89466	0.308264	0.35222	0.0979724	-0.415243	0.396932	0.0193411	-0.27528	0.471042	1.42015	0.00565482	0.468556	0.948901	0.261933	0.516124	0.909261	0.227003	0.259742	1.26889	-0.132786	0.0759456	1.08863	-0.0994163	0.291647	0.113785	0.498064	0.0501668	0.933792	-0.0549741	0.131964	0.844451	0.0463029	0.0742404	1.16601	-0.0184893	0.103682	1.18664	-0.147904	0.101598	1.25514	-0.072635	0.179082	0.338154	0.221702	0.186766	0.339597	0.28113	0.199388	0.259498	0.311755	0.197078	0.241161	0.249401	0.146419	0.651628	0.137812	0.171478	0.660467	0.192828	0.190657	0.584	0.230941	0.167302	0.558599	0.175686	0.166326	0.982644	0.0547786	0.14311	1.08797	-0.128015	0.244806	1.57723	0.0758926	0.0232302	0.776819	-0.0456182	0.285781	0.0321232	0.33074	0.225072	0.0742355	0.477162	0.172157	1.41293	-0.0192256	0.0764948	0.838339	-0.0374388	0.0301289	0.845544	-0.0921892	0.30343	0.960843	-0.0827373	0.314593	1.27052	0.0808234
25	0.0956933	0.321954	1.44061	-0.0600082	0.313226	1.6071	0.126702	0.392056	1.26844	-0.110992	0.555019	1.09866	0.0730004	0.310273	0.0312999	-0.242641	0.526236	0.998568	0.193335	0.493602	0.848007	-0.000513276	0.529109	1.18385	0.102603	0.568914	1.1745	-0.0126491	0.536759	1.26353	0.0374487	0.420369	0.316949	-0.172065	0.451714	0.351988	-0.209467	0.430233	0.265007	-0.267449	0.40044	0.247597	-0.211386	0.455294	0.616978	-0.00445159	0.479939	0.648518	-0.0482071	0.457888	0.552383	-0.0930917	0.439536	0.539885	-0.0320582	0.46892	0.986133	0.0344114	0.499328	1.06892	0.0254165	0.383804	1.57902	0.0783761	0.508708	0.893485	0.314097	0.353055	0.101027	-0.413352	0.39687	0.0195691	-0.274947	0.470714	1.41968	0.0124406	0.468416	0.947846	0.267765	0.515995	0.90832	0.232885	0.259469	1.2682	-0.126022	0.0759105	1.08781	-0.0922674	0.291668	0.110822	0.501862	0.049961	0.933058	-0.0476535	0.13166	0.844445	0.0534879	0.0739728	1.16538	-0.0115155	0.103667	1.18574	-0.14098	0.101388	1.25438	-0.0658497	0.179268	0.337792	0.227993	0.186979	0.338546	0.287453	0.199799	0.258092	0.31709	0.197208	0.240608	0.254651	0.146467	0.651664	0.145579	0.171761	0.660561	0.20055	0.191066	0.583984	0.23863	0.167326	0.558633	0.183561	0.16609	0.982456	0.0616855	0.143022	1.0871	-0.120853	0.244311	1.57668	0.0823891	0.0228806	0.776198	-0.0380102	0.285855	0.0307447	0.333746	0.225246	0.0715624	0.480521	0.171856	1.41235	-0.0126327	0.0762277	0.837611	-0.0298971	0.0299074	0.844737	-0.0847133	0.303264	0.960346	-0.0754079	0.314531	1.26993	0.0875536
26	0.0996805	0.321691	1.44004	-0.0535113	0.313009	1.60665	0.133177	0.391889	1.26789	-0.104111	0.5549	1.09811	0.0792297	0.3104	0.0312373	-0.242448	0.526158	0.997641	0.199259	0.493291	0.84746	0.0064349	0.528933	1.1832	0.109054	0.568668	1.17421	-0.00627731	0.536551	1.26304	0.0440258	0.420387	0.31694	-0.167131	0.451773	0.352569	-0.204064	0.430477	0.266417	-0.263215	0.400731	0.248061	-0.207368	0.455264	0.616401	0.00230948	0.479761	0.648095	-0.0414648	0.457504	0.551815	-0.0863426	0.439866	0.539175	-0.0252066	0.468731	0.985646	0.0416409	0.499264	1.06841	0.0317225	0.38368	1.57853	0.085269	0.508781	0.892241	0.31979	0.353573	0.104527	-0.411044	0.396644	0.0198048	-0.274654	0.470318	1.41923	0.0192311	0.46833	0.946659	0.273617	0.515982	0.907259	0.238634	0.259219	1.2676	-0.11929	0.0757986	1.08694	-0.0851938	0.292037	0.107545	0.505201	0.0497908	0.932353	-0.040286	0.131392	0.844526	0.0607171	0.0737581	1.16478	-0.00448069	0.103594	1.18486	-0.134073	0.101132	1.25364	-0.0590356	0.179493	0.337437	0.234163	0.187223	0.337482	0.293607	0.199984	0.256703	0.322227	0.197526	0.240034	0.25964	0.146467	0.651645	0.153374	0.172066	0.660589	0.208202	0.191374	0.584028	0.246346	0.167405	0.558671	0.191414	0.165878	0.982386	0.068653	0.142986	1.08628	-0.113442	0.244095	1.57619	0.0888746	0.0225587	0.775649	-0.030277	0.285935	0.029243	0.336334	0.225492	0.0687093	0.483464	0.171576	1.41174	-0.00606408	0.0760173	0.836939	-0.0222347	0.0297107	0.844005	-0.0770617	0.303116	0.9599	-0.0680155	0.314229	1.26952	0.0944854
27	0.103668	0.321388	1.43949	-0.0468998	0.312729	1.60627	0.139677	0.391742	1.26732	-0.0971135	0.55479	1.09761	0.0854193	0.310543	0.0311791	-0.242237	0.526039	0.996714	0.205165	0.492955	0.846939	0.0135136	0.528743	1.1826	0.115534	0.568426	1.17393	8.22814e-05	0.536307	1.26252	0.0506491	0.420579	0.316986	-0.161921	0.451873	0.353228	-0.198568	0.430726	0.267808	-0.258779	0.401023	0.248698	-0.203083	0.455212	0.615823	0.00923648	0.479558	0.647583	-0.0345665	0.457108	0.551311	-0.079453	0.439996	0.538597	-0.0182546	0.468525	0.98528	0.0491081	0.499148	1.06795	0.0380759	0.38345	1.57809	0.0919444	0.508897	0.890908	0.32536	0.353788	0.108426	-0.408228	0.396345	0.0200899	-0.274461	0.469973	1.41878	0.0260101	0.468372	0.945343	0.2794	0.516077	0.906196	0.244181	0.258962	1.26705	-0.112482	0.0756397	1.08616	-0.0781011	0.292539	0.104113	0.508143	0.0496161	0.931717	-0.0327986	0.131222	0.844631	0.0680127	0.0736026	1.16414	0.00257463	0.103504	1.18403	-0.127167	0.100928	1.25298	-0.052181	0.179681	0.337159	0.240207	0.187363	0.336474	0.299639	0.20031	0.255161	0.327137	0.197855	0.239426	0.264351	0.146459	0.651613	0.161162	0.172427	0.660538	0.215803	0.191642	0.584119	0.254041	0.167404	0.558675	0.19925	0.165636	0.982393	0.0756904	0.142926	1.08548	-0.1061	0.243873	1.57582	0.0953722	0.0222933	0.775078	-0.0223699	0.286066	0.0278005	0.338485	0.225747	0.0657205	0.48602	0.171261	1.41118	0.000492044	0.0758341	0.836321	-0.0145312	0.0295039	0.843335	-0.0692987	0.302968	0.959495	-0.0604695	0.313686	1.26925	0.101567
28	0.107655	0.321086	1.43895	-0.0402456	0.312393	1.6059	0.146169	0.391623	1.26673	-0.0900684	0.554722	1.09716	0.0915759	0.310697	0.0311214	-0.242004	0.525888	0.995784	0.21105	0.492594	0.846451	0.0207434	0.528623	1.18207	0.122017	0.56828	1.17367	0.00639122	0.53607	1.26209	0.0572729	0.42095	0.317132	-0.156373	0.452051	0.353826	-0.192893	0.430912	0.269278	-0.25411	0.401476	0.249364	-0.198722	0.455176	0.615256	0.0163649	0.479287	0.647085	-0.0274921	0.456946	0.550809	-0.0724233	0.439833	0.538022	-0.0111928	0.468208	0.984915	0.0569521	0.49907	1.06757	0.0444007	0.383137	1.57764	0.0984591	0.509091	0.889477	0.330763	0.354353	0.112174	-0.405628	0.396223	0.0205719	-0.274139	0.469741	1.41837	0.0327404	0.468479	0.944045	0.284998	0.516222	0.905101	0.249659	0.25875	1.26645	-0.105529	0.0754277	1.08553	-0.0709233	0.292914	0.100684	0.510831	0.0494328	0.931167	-0.025188	0.131047	0.844748	0.0754139	0.0735094	1.16356	0.00969558	0.103275	1.18318	-0.120162	0.100671	1.25233	-0.045256	0.179808	0.336936	0.246157	0.187599	0.335479	0.305572	0.200348	0.253728	0.331921	0.197951	0.238915	0.268821	0.146496	0.651574	0.168875	0.172678	0.660438	0.223438	0.191857	0.584124	0.261703	0.167401	0.558638	0.207066	0.165389	0.982387	0.0827343	0.142843	1.08472	-0.0989229	0.24364	1.57547	0.101889	0.0220799	0.774555	-0.0143994	0.286144	0.0266479	0.340112	0.226089	0.0626184	0.488191	0.170935	1.41073	0.00708077	0.0756206	0.835772	-0.0067503	0.029413	0.84271	-0.0615678	0.303003	0.959085	-0.0528753	0.313174	1.26902	0.108582
29	0.111642	0.320838	1.43843	-0.0335286	0.312025	1.60554	0.152667	0.391435	1.26615	-0.0830309	0.554657	1.09668	0.0977355	0.310876	0.03105	-0.241724	0.525912	0.994835	0.216775	0.492232	0.845975	0.0281249	0.528448	1.18151	0.128508	0.56808	1.1735	0.0127444	0.53585	1.26175	0.0638739	0.421552	0.31736	-0.1507	0.452227	0.354389	-0.186911	0.431091	0.270787	-0.249457	0.401936	0.249991	-0.194263	0.45516	0.61473	0.0237477	0.479053	0.646585	-0.0203151	0.456922	0.550337	-0.0651826	0.439845	0.537374	-0.00391236	0.467987	0.98463	0.064704	0.498995	1.06722	0.0506961	0.382694	1.57731	0.104867	0.509305	0.887926	0.335997	0.355015	0.115921	-0.403054	0.396137	0.0211519	-0.273704	0.469436	1.41801	0.0395234	0.468556	0.942752	0.29052	0.516413	0.90397	0.255062	0.258625	1.26584	-0.0985259	0.0753005	1.08498	-0.0635118	0.293361	0.0970578	0.513131	0.0492892	0.930659	-0.0175305	0.130878	0.844857	0.0829446	0.0734231	1.16308	0.0169028	0.103087	1.1824	-0.113065	0.100378	1.25175	-0.0382841	0.179964	0.336753	0.251987	0.188068	0.334357	0.311324	0.200649	0.252272	0.336498	0.19783	0.238458	0.27312	0.146539	0.651504	0.17655	0.172773	0.660399	0.231128	0.191949	0.584074	0.269446	0.16742	0.558555	0.214815	0.165103	0.982353	0.0898297	0.14277	1.08401	-0.0916306	0.243374	1.5752	0.108445	0.0218598	0.774075	-0.00639499	0.286119	0.0256034	0.341334	0.226578	0.0594416	0.489993	0.170579	1.41034	0.0137366	0.0754644	0.835256	0.00116006	0.0293147	0.842089	-0.0538076	0.302984	0.958757	-0.0453415	0.312677	1.26892	0.115561
30	0.115629	0.320539	1.43784	-0.0267183	0.311662	1.60524	0.159179	0.391251	1.26557	-0.0759754	0.554608	1.0962	0.10388	0.311059	0.0310258	-0.241438	0.526001	0.993881	0.222385	0.491886	0.845531	0.0356051	0.528223	1.18097	0.134968	0.567886	1.17333	0.0191006	0.535635	1.26144	0.0704442	0.421792	0.317245	-0.145655	0.452373	0.355074	-0.180771	0.431301	0.27232	-0.244563	0.402286	0.250697	-0.189567	0.455128	0.614257	0.0312953	0.47885	0.645999	-0.0130085	0.456861	0.549851	-0.0577434	0.439927	0.536812	0.00349902	0.467808	0.984248	0.0723358	0.498868	1.06689	0.0569422	0.382204	1.57712	0.111114	0.509497	0.886325	0.341104	0.355543	0.119848	-0.400216	0.396079	0.0217423	-0.273228	0.469059	1.41771	0.0463781	0.468641	0.941341	0.295964	0.516652	0.902812	0.260256	0.258405	1.26523	-0.0915049	0.0751817	1.0844	-0.0561016	0.293843	0.0930736	0.515346	0.0491519	0.930152	-0.00981562	0.130631	0.844993	0.0905516	0.0733576	1.16265	0.0242007	0.102835	1.18173	-0.105871	0.100111	1.25121	-0.0312838	0.180187	0.336456	0.257656	0.188519	0.333177	0.316978	0.201287	0.25071	0.340881	0.197917	0.237872	0.277345	0.146608	0.651401	0.184273	0.172839	0.660375	0.238837	0.192033	0.58395	0.277199	0.167602	0.558395	0.222443	0.164844	0.982308	0.0970153	0.142629	1.08333	-0.0840727	0.243062	1.575	0.11495	0.0216222	0.773692	0.00173417	0.286243	0.0247369	0.342321	0.227154	0.0559563	0.491508	0.170237	1.40995	0.0203733	0.0752011	0.834849	0.00917535	0.0292385	0.84147	-0.0459472	0.302979	0.958473	-0.0377518	0.312285	1.26883	0.122534
31	0.119617	0.320134	1.43724	-0.019889	0.311323	1.605	0.165701	0.391089	1.26507	-0.068865	0.554517	1.09574	0.109991	0.311237	0.0310335	-0.24113	0.526275	0.992802	0.227904	0.491421	0.845038	0.0431666	0.528058	1.18049	0.141415	0.567716	1.1731	0.0252784	0.535413	1.26119	0.0769781	0.421986	0.317204	-0.140365	0.452522	0.355878	-0.174495	0.431531	0.273956	-0.239472	0.402752	0.251424	-0.184751	0.455017	0.613715	0.0388797	0.478665	0.645436	-0.00546321	0.456661	0.549299	-0.0501388	0.439897	0.536259	0.0110652	0.46768	0.983892	0.0801404	0.498759	1.06663	0.0629422	0.381864	1.57682	0.117455	0.509687	0.884652	0.3461	0.356019	0.123954	-0.397162	0.396039	0.0223659	-0.272687	0.468701	1.41746	0.0532378	0.46884	0.939768	0.301299	0.516834	0.90164	0.265438	0.258216	1.26465	-0.0844773	0.0750247	1.08382	-0.0487937	0.29418	0.0883166	0.518124	0.0489386	0.929729	-0.0020189	0.130294	0.845191	0.0982863	0.0732891	1.16221	0.0315288	0.102154	1.18111	-0.0985494	0.0998902	1.25068	-0.0242857	0.180381	0.336068	0.263231	0.188905	0.331979	0.322518	0.202067	0.249255	0.345043	0.198362	0.237239	0.281412	0.146675	0.651285	0.191956	0.172844	0.660267	0.246547	0.192135	0.583772	0.284871	0.167848	0.55824	0.22998	0.164615	0.982319	0.104311	0.142503	1.08278	-0.0766469	0.242747	1.57477	0.121426	0.0213905	0.773335	0.00996511	0.286976	0.0247837	0.343508	0.227691	0.0516615	0.493114	0.169881	1.40962	0.0269735	0.074892	0.834458	0.0172939	0.0291374	0.840892	-0.0380017	0.302963	0.958257	-0.030041	0.312141	1.26869	0.129467
32	0.123604	0.319859	1.43688	-0.0132632	0.310998	1.60481	0.172219	0.39094	1.26461	-0.0617639	0.554416	1.09531	0.116016	0.311388	0.0310549	-0.240781	0.526654	0.991688	0.233385	0.490909	0.844467	0.0508367	0.527913	1.17999	0.147863	0.567689	1.1729	0.0311669	0.535159	1.26096	0.0834592	0.422454	0.317295	-0.134547	0.452788	0.356547	-0.167899	0.431676	0.275723	-0.234117	0.403186	0.252209	-0.179693	0.454882	0.613096	0.0465628	0.478499	0.64501	0.00234388	0.456499	0.548668	-0.0424271	0.439782	0.535672	0.0188398	0.467598	0.983654	0.088204	0.498956	1.06652	0.068215	0.381582	1.57665	0.123888	0.509939	0.88292	0.351034	0.356553	0.128182	-0.393813	0.395947	0.0230223	-0.272067	0.468365	1.41724	0.0600715	0.469128	0.938202	0.306619	0.517094	0.900445	0.270433	0.258017	1.26405	-0.0774089	0.0747721	1.08331	-0.0413875	0.294874	0.0826341	0.52218	0.0486805	0.929337	0.00585681	0.12984	0.84547	0.106145	0.0733085	1.16177	0.038855	0.100981	1.18055	-0.0911241	0.0997487	1.25019	-0.0173954	0.180602	0.335838	0.268765	0.189677	0.330905	0.327912	0.20347	0.24781	0.349066	0.199136	0.236725	0.285313	0.146842	0.651122	0.199535	0.172787	0.660062	0.254258	0.192242	0.583572	0.292482	0.168182	0.558098	0.237491	0.164402	0.982377	0.111761	0.142296	1.08233	-0.0692301	0.242441	1.57453	0.127915	0.0212403	0.772974	0.0182376	0.288375	0.0262571	0.345292	0.228165	0.0465638	0.495115	0.169529	1.40936	0.0336042	0.0743867	0.834168	0.0256669	0.0290019	0.840324	-0.0300035	0.302987	0.95814	-0.0224656	0.311899	1.26866	0.136512
33	0.127591	0.319637	1.4367	-0.00680845	0.31072	1.60473	0.178735	0.390736	1.2641	-0.0546661	0.554349	1.09495	0.121978	0.311568	0.0310949	-0.240405	0.52643	0.990665	0.238885	0.490427	0.843885	0.0586161	0.527777	1.17949	0.154279	0.567669	1.17283	0.0371245	0.534966	1.26073	0.0900537	0.422571	0.317297	-0.128514	0.453252	0.35707	-0.160648	0.431822	0.277621	-0.228434	0.403627	0.252921	-0.174576	0.454774	0.612454	0.0545044	0.478274	0.644463	0.0101655	0.456434	0.548078	-0.0345453	0.43987	0.534961	0.0268843	0.467389	0.983489	0.096537	0.498999	1.06637	0.0737758	0.381292	1.5766	0.130408	0.510372	0.881117	0.355841	0.357002	0.132486	-0.390081	0.395809	0.023699	-0.271442	0.468055	1.41708	0.0668825	0.469325	0.936583	0.311743	0.517501	0.899125	0.275292	0.257829	1.26345	-0.0703219	0.0746212	1.0828	-0.0337425	0.295956	0.0770205	0.527145	0.0485027	0.928963	0.0137761	0.129221	0.845792	0.11414	0.0734044	1.16143	0.0461541	0.100117	1.17996	-0.0837301	0.0994427	1.2498	-0.0103491	0.181044	0.335912	0.274283	0.190644	0.330221	0.333263	0.205017	0.24667	0.353126	0.200189	0.236529	0.289282	0.147012	0.650975	0.20703	0.172663	0.659796	0.261949	0.192273	0.583413	0.300046	0.168566	0.558019	0.244889	0.164241	0.98248	0.119311	0.142109	1.08183	-0.061633	0.242124	1.5744	0.134441	0.0211331	0.77267	0.0265284	0.289709	0.0283508	0.347422	0.228779	0.0416628	0.497234	0.169153	1.40919	0.0402835	0.0742806	0.833867	0.0338549	0.0289543	0.839869	-0.0218759	0.303044	0.958144	-0.0150774	0.311458	1.26878	0.143633
34	0.131578	0.319308	1.43646	-0.000225661	0.310439	1.60478	0.185291	0.390394	1.26359	-0.0474963	0.5543	1.0947	0.127874	0.311795	0.0311446	-0.240007	0.526572	0.989626	0.244244	0.490011	0.843318	0.0665135	0.527752	1.17906	0.160598	0.567456	1.17286	0.0433171	0.534711	1.26054	0.0965652	0.422701	0.317457	-0.122288	0.453552	0.357757	-0.153261	0.432109	0.279326	-0.222791	0.404	0.253675	-0.169251	0.45477	0.611815	0.062657	0.478009	0.643795	0.0181571	0.456224	0.547501	-0.0264337	0.440094	0.534206	0.0350216	0.467724	0.983386	0.104253	0.498949	1.06617	0.0795804	0.380991	1.57656	0.136942	0.510842	0.879171	0.36051	0.357493	0.136892	-0.386021	0.395687	0.0244486	-0.270804	0.467808	1.417	0.0737219	0.469333	0.934873	0.316591	0.51808	0.897824	0.279967	0.257644	1.26296	-0.0632825	0.07445	1.08223	-0.0261493	0.296839	0.0723902	0.531594	0.048386	0.928668	0.021705	0.128577	0.84618	0.122238	0.0735295	1.16117	0.0534168	0.099639	1.17942	-0.0763459	0.099044	1.24947	-0.00314153	0.181919	0.33629	0.279695	0.191513	0.330009	0.338576	0.20602	0.246057	0.357488	0.201047	0.236825	0.293539	0.147166	0.651048	0.214457	0.172413	0.659723	0.26959	0.192285	0.583314	0.307466	0.168929	0.558072	0.252094	0.164132	0.982638	0.126971	0.141949	1.08131	-0.0539103	0.241806	1.57441	0.140993	0.020993	0.772439	0.0348929	0.290272	0.0301031	0.349379	0.229581	0.0379745	0.499262	0.168729	1.40907	0.0469928	0.0736671	0.833722	0.0423657	0.0288648	0.839516	-0.0136176	0.303289	0.958356	-0.00745886	0.310895	1.26906	0.150827
35	0.135565	0.318908	1.43622	0.00649395	0.310157	1.60495	0.191884	0.389997	1.26322	-0.0402214	0.554209	1.09442	0.1338	0.312042	0.0312082	-0.239594	0.527391	0.988593	0.249424	0.489546	0.842729	0.0745815	0.527775	1.17872	0.166822	0.567183	1.17296	0.0495885	0.534531	1.26041	0.103189	0.422859	0.317759	-0.115856	0.453655	0.358611	-0.146248	0.432291	0.281176	-0.21667	0.404542	0.254783	-0.163826	0.455046	0.611155	0.0709206	0.477686	0.643135	0.0264271	0.455815	0.54672	-0.0181487	0.440206	0.533445	0.0433927	0.46836	0.983378	0.111621	0.49899	1.06604	0.0853174	0.380653	1.57657	0.143407	0.511254	0.877204	0.364995	0.357983	0.141386	-0.381611	0.395604	0.0252937	-0.270078	0.467643	1.41696	0.0805551	0.469179	0.933129	0.321177	0.518397	0.896419	0.284675	0.257391	1.2625	-0.056117	0.0743006	1.08185	-0.0186046	0.297352	0.06879	0.53462	0.0482612	0.928428	0.0296705	0.127828	0.846675	0.130425	0.0735208	1.16101	0.0609072	0.0992952	1.17895	-0.0689542	0.0986381	1.24921	0.0040896	0.183021	0.336954	0.2851	0.191815	0.330226	0.344045	0.206103	0.246171	0.362294	0.201921	0.237624	0.298242	0.147121	0.651455	0.221805	0.172085	0.659957	0.277181	0.19221	0.583405	0.314667	0.169267	0.558323	0.259042	0.163998	0.982925	0.134664	0.141792	1.08084	-0.0463681	0.241501	1.57456	0.147564	0.0208308	0.772284	0.0434061	0.289902	0.0311208	0.350901	0.230227	0.035528	0.501327	0.168271	1.40901	0.0536913	0.0733337	0.833573	0.050834	0.0287781	0.839196	-0.0053031	0.30354	0.958771	0.000181346	0.310197	1.26956	0.15807
36	0.139553	0.318497	1.43617	0.0132834	0.309853	1.60522	0.19843	0.389632	1.26299	-0.0329073	0.554113	1.0942	0.139735	0.312247	0.0313065	-0.239173	0.52783	0.987603	0.254627	0.489111	0.84209	0.0827577	0.527713	1.17847	0.172982	0.566827	1.17312	0.0558472	0.534312	1.26039	0.109731	0.423055	0.318015	-0.109217	0.453667	0.359512	-0.139165	0.432313	0.28274	-0.210796	0.405051	0.25605	-0.158376	0.455544	0.6106	0.0794044	0.477315	0.642432	0.0346959	0.455497	0.545971	-0.00960046	0.440189	0.532718	0.0519681	0.468578	0.983371	0.119415	0.498937	1.06607	0.0911478	0.380326	1.57691	0.149927	0.51177	0.87527	0.369271	0.358384	0.146034	-0.376837	0.395576	0.0261699	-0.269285	0.467453	1.417	0.0873637	0.469386	0.93139	0.325857	0.518821	0.895031	0.289218	0.257147	1.26213	-0.0487941	0.074123	1.08166	-0.0108678	0.298016	0.065778	0.536563	0.0480883	0.928261	0.0377209	0.127137	0.847408	0.138597	0.0734967	1.16097	0.0685557	0.098814	1.17854	-0.0615363	0.0983112	1.24904	0.0113189	0.183927	0.337951	0.290669	0.191777	0.330779	0.349718	0.206043	0.246732	0.367474	0.202915	0.238591	0.303297	0.147049	0.652146	0.229066	0.171635	0.660424	0.284711	0.191989	0.583658	0.321704	0.169628	0.55881	0.26572	0.163862	0.983339	0.142327	0.141569	1.08044	-0.0387414	0.241208	1.57494	0.154147	0.0206634	0.772261	0.052031	0.289125	0.0316215	0.352133	0.230649	0.0337927	0.503458	0.167776	1.40907	0.0603753	0.0732945	0.83345	0.0592057	0.0287578	0.838947	0.00304351	0.303781	0.959315	0.00769253	0.309688	1.27002	0.16518
37	0.14354	0.318152	1.4365	0.0200135	0.309551	1.60566	0.204947	0.389173	1.26284	-0.0256123	0.554034	1.09407	0.145589	0.312234	0.031495	-0.23878	0.52778	0.986541	0.259833	0.488771	0.841422	0.0910546	0.527585	1.17833	0.178949	0.566518	1.17341	0.0620968	0.534021	1.26048	0.116193	0.423376	0.318345	-0.102288	0.453705	0.360409	-0.131687	0.432249	0.284453	-0.204492	0.405648	0.257069	-0.152178	0.455307	0.609921	0.0878942	0.477077	0.641787	0.0431544	0.455108	0.54513	-0.000890851	0.44013	0.532059	0.060745	0.46844	0.983247	0.127857	0.498833	1.06616	0.0968353	0.379978	1.57743	0.156438	0.512369	0.873281	0.373434	0.358752	0.150733	-0.371701	0.395735	0.0269734	-0.268626	0.467275	1.41718	0.0941899	0.469845	0.929632	0.330476	0.519355	0.893776	0.293576	0.256829	1.262	-0.0415367	0.0739475	1.08143	-0.0029445	0.299399	0.0626964	0.537932	0.0479362	0.92816	0.0458678	0.126653	0.848426	0.146752	0.0734217	1.16104	0.0762483	0.098226	1.17823	-0.0540587	0.098006	1.24896	0.0185705	0.184394	0.339181	0.296441	0.191801	0.331646	0.355549	0.206283	0.247467	0.372855	0.203676	0.239779	0.308615	0.147032	0.652986	0.236272	0.171068	0.660974	0.292161	0.191579	0.583983	0.328673	0.170033	0.559482	0.272246	0.163754	0.983864	0.149942	0.141371	1.08015	-0.0309061	0.24091	1.57553	0.160731	0.0205428	0.772321	0.0607368	0.288432	0.0319884	0.353173	0.231251	0.0322651	0.505266	0.167291	1.40923	0.0670418	0.0732681	0.833474	0.0676298	0.0287165	0.838776	0.0114898	0.303976	0.959864	0.0150274	0.309269	1.27053	0.172277
38	0.147527	0.317847	1.43689	0.0268681	0.309215	1.6063	0.211501	0.388578	1.26281	-0.0183628	0.553923	1.09403	0.151313	0.311901	0.03187	-0.238406	0.528526	0.985509	0.26475	0.488405	0.840707	0.0994762	0.527315	1.17833	0.184758	0.566339	1.17388	0.0682931	0.533724	1.26071	0.122556	0.423728	0.318585	-0.0951031	0.453747	0.361293	-0.123866	0.432114	0.286411	-0.197685	0.406343	0.257802	-0.145486	0.455638	0.609463	0.0967979	0.476456	0.641121	0.0516871	0.454638	0.544228	0.00810011	0.439836	0.531399	0.0695849	0.468149	0.983175	0.136447	0.49876	1.06636	0.102308	0.379655	1.57801	0.163047	0.513059	0.871283	0.377465	0.358909	0.155441	-0.366106	0.396101	0.0278603	-0.26816	0.467163	1.41744	0.101016	0.470441	0.92788	0.335012	0.519963	0.892591	0.297791	0.256634	1.26206	-0.0343558	0.0737424	1.08124	0.00493745	0.301225	0.0593613	0.539009	0.047826	0.928128	0.0541259	0.126202	0.849806	0.154946	0.0733463	1.16122	0.083967	0.0976694	1.17799	-0.0464869	0.097705	1.24893	0.0258696	0.184663	0.340554	0.302394	0.192098	0.332696	0.361523	0.206582	0.248458	0.378352	0.203891	0.241105	0.314032	0.147056	0.653951	0.243425	0.170345	0.661588	0.299588	0.191002	0.584396	0.335627	0.170386	0.560306	0.278671	0.163636	0.984531	0.157462	0.14115	1.08008	-0.0231358	0.240564	1.57621	0.167345	0.020502	0.772471	0.0694522	0.288032	0.0325486	0.354066	0.232268	0.0304944	0.506658	0.166821	1.40945	0.0737216	0.0732375	0.833625	0.0761677	0.0287247	0.838703	0.0199982	0.304156	0.960366	0.0221188	0.308823	1.27115	0.179493
39	0.151514	0.31747	1.43734	0.0338687	0.308907	1.60698	0.218058	0.387975	1.26291	-0.0111467	0.553724	1.09411	0.157046	0.311869	0.0323123	-0.237887	0.529081	0.984565	0.269599	0.488072	0.840018	0.107988	0.52694	1.17841	0.190783	0.566082	1.17442	0.0744471	0.533327	1.26097	0.128822	0.424248	0.318808	-0.0876918	0.453811	0.362194	-0.115847	0.432421	0.288461	-0.190533	0.406982	0.258541	-0.139121	0.45575	0.608981	0.105754	0.475814	0.640481	0.0604353	0.454299	0.543385	0.0171518	0.439624	0.530693	0.078813	0.468	0.983144	0.144787	0.498673	1.06658	0.107788	0.379408	1.57857	0.169763	0.513777	0.869279	0.381284	0.358984	0.160238	-0.360076	0.396109	0.0289156	-0.267605	0.467004	1.41774	0.107858	0.470886	0.926145	0.339463	0.520537	0.891361	0.301867	0.256484	1.26219	-0.0272043	0.0735635	1.0812	0.0128414	0.302884	0.0560945	0.539949	0.0477733	0.928242	0.0624484	0.125791	0.851526	0.163129	0.0732742	1.16153	0.0917221	0.0972434	1.17781	-0.0387955	0.0974093	1.24898	0.0331991	0.184548	0.342085	0.30857	0.19256	0.333852	0.367624	0.206784	0.249495	0.383799	0.203602	0.242476	0.319455	0.146998	0.655053	0.250462	0.169521	0.662287	0.307059	0.190431	0.584863	0.342539	0.170632	0.561254	0.285048	0.163458	0.985326	0.164864	0.140987	1.08004	-0.0153919	0.24018	1.57689	0.173936	0.0204488	0.772673	0.078226	0.287699	0.0333828	0.354859	0.233419	0.0281835	0.507772	0.166367	1.40973	0.080439	0.0732194	0.833842	0.0848074	0.0287168	0.83871	0.0285538	0.30435	0.960863	0.0294129	0.308385	1.27175	0.186761
40	0.155502	0.317024	1.43791	0.0409468	0.308645	1.60766	0.224609	0.387467	1.26309	-0.00388169	0.553486	1.09428	0.162822	0.311964	0.0327812	-0.23727	0.529488	0.983666	0.274353	0.487805	0.83937	0.116624	0.526902	1.1785	0.196911	0.565648	1.17501	0.0804905	0.532942	1.26128	0.135156	0.42481	0.319212	-0.079868	0.453831	0.363132	-0.107498	0.432872	0.290797	-0.182517	0.407749	0.259612	-0.132308	0.455547	0.608468	0.114757	0.475319	0.639885	0.0692611	0.454122	0.542539	0.0263867	0.439528	0.530074	0.0883062	0.467765	0.983219	0.153246	0.498398	1.06698	0.113469	0.379184	1.57904	0.176556	0.514528	0.867247	0.384958	0.35898	0.165059	-0.353609	0.395895	0.0299946	-0.266968	0.466728	1.41813	0.11474	0.471154	0.924477	0.344012	0.521238	0.890112	0.305771	0.25632	1.26239	-0.0201303	0.073435	1.08135	0.0208597	0.303897	0.0532199	0.54077	0.0477229	0.928453	0.0708749	0.125461	0.853521	0.171186	0.0731913	1.16193	0.0995554	0.096847	1.17768	-0.0310766	0.0971033	1.24912	0.0405981	0.184076	0.343661	0.314882	0.193085	0.334937	0.37368	0.207236	0.250403	0.389124	0.202924	0.243822	0.324833	0.146895	0.656209	0.257482	0.168669	0.663086	0.314471	0.189822	0.585474	0.349372	0.17071	0.562227	0.291482	0.163211	0.986175	0.172118	0.140804	1.07998	-0.00740682	0.239766	1.57755	0.180525	0.0203924	0.772904	0.0871239	0.28722	0.0341604	0.355583	0.234214	0.0257198	0.508607	0.165939	1.41009	0.0872037	0.0731739	0.834125	0.0935529	0.0286808	0.838827	0.0372342	0.304569	0.961386	0.0368995	0.307997	1.27226	0.19392
41	0.159489	0.316713	1.43844	0.0478994	0.308401	1.60832	0.231174	0.387037	1.26327	0.00344001	0.553275	1.09456	0.168501	0.311904	0.0333331	-0.236503	0.52984	0.982832	0.279044	0.487496	0.838733	0.1253	0.526745	1.1786	0.202999	0.565323	1.1758	0.0864547	0.532615	1.26169	0.141555	0.425355	0.319563	-0.071691	0.453928	0.364096	-0.0989087	0.43323	0.292927	-0.174492	0.408503	0.260542	-0.124953	0.454764	0.607978	0.123852	0.475005	0.639329	0.078232	0.454091	0.541714	0.035854	0.439616	0.529499	0.0978732	0.467557	0.983403	0.161621	0.498047	1.06754	0.119199	0.378647	1.57958	0.182871	0.515393	0.865252	0.388508	0.358837	0.169857	-0.34665	0.395655	0.0311692	-0.266252	0.466394	1.41865	0.121661	0.471596	0.922724	0.348468	0.521961	0.8889	0.309532	0.25606	1.26271	-0.013068	0.0732257	1.08152	0.0288318	0.304653	0.0504708	0.541518	0.0476641	0.928794	0.0793735	0.1252	0.855663	0.179117	0.0728239	1.16242	0.107346	0.0965395	1.17755	-0.0234661	0.0968115	1.24933	0.0480497	0.183403	0.345155	0.321128	0.193426	0.335911	0.3796	0.207819	0.251232	0.394302	0.201992	0.245205	0.330105	0.146665	0.657319	0.264528	0.167796	0.663878	0.321748	0.189148	0.586071	0.35615	0.170696	0.563223	0.29798	0.162973	0.987124	0.179323	0.140681	1.08008	0.000549599	0.239362	1.57816	0.187177	0.0204083	0.773245	0.0961088	0.286598	0.0347567	0.356156	0.234203	0.0240348	0.509212	0.165557	1.41054	0.0940105	0.0733845	0.834475	0.102155	0.0286409	0.839028	0.0460102	0.304924	0.961929	0.0444678	0.30765	1.27274	0.200618
42	0.163476	0.316402	1.43892	0.0547338	0.308096	1.60891	0.237746	0.386778	1.26351	0.010763	0.553049	1.095	0.17406	0.311689	0.0340494	-0.235449	0.530077	0.98192	0.28364	0.487204	0.838063	0.133982	0.526601	1.17882	0.209045	0.564909	1.17659	0.0924004	0.532365	1.26219	0.147976	0.426047	0.319914	-0.0632248	0.454036	0.365069	-0.0900593	0.433771	0.294961	-0.166046	0.409245	0.261338	-0.117166	0.453479	0.607529	0.132864	0.474868	0.638826	0.0872062	0.454105	0.540888	0.0454941	0.439873	0.528948	0.107566	0.466953	0.98342	0.170476	0.497744	1.06811	0.124889	0.378202	1.5801	0.189296	0.516273	0.863209	0.391923	0.358605	0.174587	-0.339236	0.395448	0.0324994	-0.265335	0.466026	1.41916	0.128637	0.472377	0.920969	0.352391	0.522686	0.887717	0.313189	0.255806	1.26308	-0.00578459	0.0731585	1.08181	0.0365272	0.305691	0.0476564	0.54224	0.0476736	0.929187	0.0879472	0.124979	0.857781	0.187001	0.0720932	1.16309	0.115054	0.0963926	1.17755	-0.0158743	0.0965329	1.24962	0.0554769	0.182578	0.346615	0.327218	0.193626	0.336796	0.385473	0.208145	0.251984	0.399267	0.200948	0.246446	0.335169	0.146281	0.658449	0.271531	0.166949	0.664677	0.328888	0.188428	0.586731	0.362879	0.170578	0.564248	0.304448	0.162782	0.988223	0.18655	0.140549	1.0804	0.00850319	0.238987	1.57872	0.193838	0.0204365	0.773667	0.105218	0.285838	0.0351842	0.356655	0.233793	0.0233151	0.509689	0.165264	1.41094	0.10084	0.0737509	0.834857	0.110801	0.0286772	0.839241	0.0548905	0.305178	0.962533	0.0518932	0.307412	1.27314	0.206641
43	0.167463	0.316011	1.43939	0.0615571	0.307787	1.60945	0.244365	0.386653	1.26384	0.018004	0.55273	1.09548	0.179625	0.31154	0.0350075	-0.233988	0.530412	0.981098	0.288136	0.486885	0.837398	0.142679	0.526572	1.17915	0.215054	0.564409	1.17736	0.0983008	0.532117	1.2627	0.154402	0.426801	0.320272	-0.0544154	0.454151	0.366023	-0.0809672	0.433879	0.296879	-0.157728	0.410115	0.262162	-0.109205	0.452972	0.607249	0.142115	0.474559	0.638417	0.0961643	0.453972	0.540052	0.055284	0.440031	0.528415	0.117432	0.465727	0.983387	0.180108	0.497565	1.06889	0.130244	0.377938	1.58058	0.195995	0.517219	0.861147	0.395141	0.358383	0.179227	-0.331419	0.395221	0.0339863	-0.263875	0.465619	1.41971	0.135693	0.473211	0.919189	0.356143	0.523507	0.886634	0.316741	0.25574	1.26341	0.00150047	0.0732253	1.08231	0.0436819	0.307218	0.0449236	0.542855	0.0476897	0.929614	0.0965852	0.124749	0.859904	0.194781	0.0718011	1.16369	0.12284	0.096079	1.17765	-0.00813669	0.0962872	1.24991	0.0629207	0.181869	0.347888	0.333107	0.193965	0.33756	0.39113	0.208264	0.252619	0.404006	0.199778	0.247656	0.339977	0.145918	0.65954	0.278465	0.166244	0.665466	0.335862	0.18784	0.587424	0.369529	0.170321	0.565176	0.31091	0.162623	0.989466	0.193786	0.140455	1.0807	0.0166188	0.238596	1.57928	0.200405	0.0203977	0.774147	0.114452	0.285151	0.0355067	0.357234	0.233388	0.0230566	0.51035	0.16509	1.41134	0.107708	0.0736179	0.83543	0.119847	0.0286605	0.839528	0.0638183	0.305444	0.963136	0.059279	0.307189	1.27369	0.213288
44	0.17145	0.315724	1.43978	0.0683529	0.307517	1.60998	0.250963	0.386609	1.26424	0.0251264	0.552452	1.09596	0.185119	0.311673	0.036211	-0.232024	0.530835	0.98039	0.29253	0.486476	0.836742	0.151298	0.526785	1.17943	0.221026	0.563817	1.17815	0.104035	0.53184	1.26328	0.160835	0.427581	0.320641	-0.0453331	0.454312	0.367011	-0.0715711	0.433914	0.298601	-0.148996	0.411129	0.262998	-0.10112	0.453277	0.607097	0.151658	0.474061	0.637963	0.105355	0.453972	0.539165	0.0651603	0.440208	0.527974	0.127449	0.46496	0.983578	0.188922	0.497321	1.06982	0.135406	0.377876	1.58103	0.202727	0.518281	0.85918	0.398196	0.358262	0.183802	-0.32326	0.395115	0.0357348	-0.261448	0.465203	1.42035	0.142785	0.474105	0.917481	0.35981	0.524337	0.885605	0.320144	0.255669	1.26367	0.00874144	0.073161	1.08277	0.0512179	0.308602	0.0427166	0.543347	0.0476565	0.930083	0.105287	0.124558	0.862037	0.202471	0.0717346	1.16426	0.130658	0.0956782	1.17775	-0.00032918	0.09594	1.25027	0.0704186	0.181246	0.349021	0.338906	0.194397	0.338126	0.396556	0.208458	0.252987	0.408436	0.198824	0.248636	0.344476	0.145341	0.660546	0.28526	0.16567	0.666247	0.342727	0.187423	0.588085	0.376084	0.169871	0.566049	0.317398	0.162497	0.990895	0.201022	0.14038	1.08102	0.0246671	0.238269	1.57987	0.206982	0.0203929	0.77468	0.123721	0.2847	0.0358462	0.35788	0.233006	0.0229136	0.511148	0.164926	1.41179	0.114641	0.0737573	0.835977	0.128789	0.0285208	0.839885	0.0728922	0.305739	0.963706	0.066704	0.306927	1.27433	0.220362
45	0.175438	0.31553	1.44005	0.0751199	0.30728	1.61054	0.257532	0.386645	1.26467	0.0322246	0.552179	1.09645	0.190576	0.312182	0.0375777	-0.229491	0.531154	0.979669	0.296788	0.486102	0.836132	0.159902	0.527252	1.1796	0.226998	0.56302	1.17894	0.109699	0.531569	1.26385	0.167263	0.428442	0.320871	-0.036022	0.45448	0.36795	-0.061839	0.433341	0.299853	-0.140593	0.412083	0.263774	-0.0925978	0.45379	0.607015	0.16119	0.473601	0.637434	0.114587	0.454082	0.538268	0.0751136	0.440419	0.527465	0.137535	0.464422	0.983969	0.197161	0.496949	1.07082	0.140559	0.377527	1.58159	0.209052	0.519353	0.85712	0.401122	0.358269	0.18842	-0.314942	0.39522	0.037866	-0.257849	0.464824	1.421	0.149874	0.474911	0.91574	0.363506	0.525194	0.8846	0.323419	0.255498	1.26397	0.0159459	0.0729771	1.08318	0.059285	0.309287	0.0410093	0.543882	0.0475404	0.930661	0.114046	0.124324	0.864113	0.210025	0.0716932	1.16482	0.138501	0.0952588	1.17791	0.00742107	0.095617	1.25068	0.0779307	0.180717	0.34997	0.34452	0.194697	0.338469	0.401802	0.208664	0.253162	0.412486	0.197868	0.249501	0.348649	0.144678	0.661414	0.292011	0.165265	0.666993	0.349436	0.187155	0.588717	0.38254	0.169288	0.56686	0.3239	0.162414	0.992456	0.208276	0.140239	1.08145	0.0328194	0.23804	1.58044	0.213634	0.0205332	0.775223	0.13303	0.284481	0.0362653	0.358566	0.232635	0.0227907	0.511783	0.164758	1.41227	0.121616	0.0736905	0.836618	0.137933	0.0284702	0.84024	0.0819592	0.30599	0.964369	0.0740992	0.30665	1.27495	0.22749
46	0.179425	0.31537	1.44025	0.0819385	0.307058	1.61103	0.264148	0.386764	1.26516	0.0393631	0.551977	1.09696	0.196051	0.312394	0.0394271	-0.226594	0.531277	0.978825	0.300975	0.485667	0.835531	0.168444	0.527491	1.17976	0.232963	0.562268	1.17987	0.115414	0.531356	1.2644	0.173673	0.429318	0.321084	-0.026431	0.45471	0.368797	-0.0518345	0.433099	0.301261	-0.131703	0.412846	0.264533	-0.0837077	0.453142	0.60674	0.17053	0.473502	0.636938	0.123778	0.454312	0.53733	0.0851794	0.440648	0.526951	0.147718	0.463842	0.984355	0.205614	0.496518	1.0719	0.145851	0.377272	1.58215	0.215608	0.520463	0.855115	0.403938	0.358407	0.193095	-0.30639	0.395347	0.040429	-0.253895	0.46443	1.42162	0.156948	0.475683	0.913964	0.367163	0.52622	0.883601	0.32664	0.25521	1.2643	0.023124	0.0726973	1.08357	0.0676362	0.30923	0.0397683	0.544588	0.0474615	0.931249	0.122817	0.124066	0.866093	0.217407	0.0716489	1.16535	0.146332	0.0949192	1.1781	0.0150963	0.0953195	1.25108	0.0854585	0.180331	0.350752	0.349964	0.194927	0.338553	0.406817	0.208971	0.253179	0.416236	0.19719	0.250167	0.352544	0.144118	0.662074	0.29873	0.164979	0.667596	0.356	0.187007	0.589274	0.388876	0.168723	0.567496	0.330335	0.162368	0.994151	0.215577	0.140091	1.08181	0.040998	0.237854	1.58094	0.220341	0.0207365	0.775778	0.142396	0.284512	0.0366591	0.359194	0.232235	0.0226863	0.512136	0.164621	1.41276	0.128562	0.0740753	0.837176	0.146843	0.0284391	0.840648	0.0911124	0.306211	0.965084	0.0814054	0.306392	1.27555	0.234564
47	0.183412	0.314874	1.44032	0.0892443	0.306772	1.61152	0.270776	0.386971	1.2657	0.0465237	0.55185	1.09754	0.201446	0.312489	0.0415865	-0.223465	0.531618	0.978105	0.305093	0.485127	0.8349	0.176889	0.527568	1.18008	0.238829	0.561564	1.18076	0.121111	0.531204	1.26503	0.180049	0.430456	0.321511	-0.0166228	0.454858	0.369608	-0.0415525	0.433324	0.302734	-0.122282	0.413632	0.265323	-0.0745853	0.452715	0.606506	0.180043	0.473479	0.636426	0.133109	0.454671	0.536407	0.0953553	0.44099	0.526545	0.158062	0.463577	0.984495	0.21327	0.496155	1.0728	0.151231	0.377184	1.58268	0.222498	0.521668	0.853137	0.406666	0.358537	0.197872	-0.297437	0.395435	0.0435163	-0.249811	0.464053	1.42228	0.163936	0.476448	0.912232	0.370709	0.527171	0.882548	0.329699	0.25496	1.26458	0.0302467	0.0723396	1.08392	0.076148	0.30898	0.0385945	0.545339	0.0474855	0.931784	0.131579	0.123767	0.867963	0.224681	0.0718478	1.16577	0.154195	0.094445	1.17834	0.0228512	0.0950743	1.25145	0.0930157	0.179878	0.351443	0.355337	0.195155	0.338391	0.411654	0.20949	0.252891	0.419719	0.196589	0.25076	0.35618	0.143541	0.662549	0.305343	0.164761	0.668053	0.362432	0.187014	0.589786	0.395072	0.168335	0.567969	0.336643	0.16234	0.995891	0.222924	0.140165	1.08244	0.0480441	0.237648	1.58136	0.227013	0.0208853	0.776316	0.15184	0.28465	0.0369424	0.359698	0.231732	0.0225371	0.51235	0.164451	1.41326	0.13554	0.0744195	0.837778	0.155834	0.0283568	0.841152	0.100317	0.306465	0.965757	0.088629	0.30616	1.27621	0.241645
48	0.187399	0.313846	1.44018	0.0973202	0.306454	1.61209	0.277384	0.387105	1.26628	0.0536006	0.551658	1.09815	0.206793	0.31267	0.0440032	-0.220061	0.53196	0.977392	0.309209	0.484641	0.834266	0.185225	0.527674	1.18042	0.244608	0.560855	1.18171	0.126687	0.531084	1.26568	0.186352	0.431944	0.321989	-0.00658317	0.454898	0.370322	-0.031063	0.433457	0.304246	-0.112513	0.414589	0.266158	-0.0650998	0.452768	0.606327	0.189775	0.473401	0.63585	0.142517	0.454885	0.535464	0.105704	0.441287	0.526119	0.168547	0.463307	0.984296	0.219948	0.495831	1.0737	0.15677	0.376907	1.58319	0.229069	0.522866	0.851103	0.409243	0.358743	0.20279	-0.28812	0.395448	0.0470205	-0.245642	0.463787	1.42297	0.170757	0.477301	0.910492	0.374119	0.527999	0.881512	0.332651	0.254696	1.26488	0.0372973	0.0718441	1.08411	0.0852092	0.309073	0.0374742	0.545822	0.0475598	0.932372	0.140394	0.123412	0.869795	0.231908	0.0721626	1.16614	0.16209	0.0939707	1.17856	0.0305811	0.094706	1.25192	0.100604	0.179384	0.351864	0.360368	0.195435	0.338072	0.416289	0.210067	0.252457	0.422982	0.196275	0.251237	0.359664	0.143032	0.662974	0.311711	0.164642	0.66843	0.368715	0.187104	0.590164	0.401199	0.168093	0.568365	0.342833	0.16234	0.997655	0.230276	0.140653	1.08352	0.0536606	0.237447	1.58176	0.233632	0.0209893	0.776958	0.161437	0.284755	0.0371356	0.360042	0.231175	0.0223805	0.512523	0.164291	1.4138	0.142566	0.074569	0.838483	0.165037	0.0283056	0.841733	0.109521	0.306866	0.9664	0.0958144	0.306001	1.27689	0.248728
49	0.191387	0.313356	1.44028	0.104649	0.306182	1.61269	0.283987	0.387167	1.26687	0.0605292	0.551473	1.09869	0.21208	0.312929	0.0466838	-0.216156	0.532239	0.976628	0.313352	0.484212	0.833699	0.193574	0.527916	1.18062	0.250366	0.560305	1.18268	0.132212	0.530994	1.26628	0.192632	0.432966	0.322352	0.00370995	0.455051	0.371013	-0.0204419	0.433358	0.305735	-0.10251	0.415669	0.267011	-0.055314	0.452967	0.606114	0.199566	0.473293	0.635193	0.151825	0.454715	0.534386	0.116235	0.441523	0.525723	0.17911	0.462194	0.984464	0.227613	0.495384	1.07466	0.162376	0.376431	1.58383	0.235364	0.523997	0.849032	0.411755	0.359003	0.20777	-0.278522	0.39559	0.0508436	-0.241065	0.463563	1.4237	0.177616	0.478185	0.908755	0.377446	0.528935	0.880518	0.335487	0.254398	1.26522	0.044464	0.0714629	1.08446	0.0936939	0.309685	0.036492	0.545972	0.0476232	0.932994	0.149181	0.123057	0.871528	0.239099	0.0719232	1.1667	0.169853	0.0937609	1.17881	0.0382406	0.0943891	1.2524	0.108221	0.178929	0.352019	0.36506	0.195737	0.337565	0.420631	0.210724	0.251877	0.426013	0.196292	0.251469	0.362877	0.142738	0.663246	0.317903	0.164619	0.668702	0.374887	0.187222	0.590413	0.4073	0.167989	0.56868	0.34896	0.162373	0.999398	0.237598	0.140687	1.08415	0.0606589	0.237237	1.58218	0.24031	0.0211432	0.777626	0.171143	0.284744	0.0372878	0.360231	0.230749	0.0222699	0.512626	0.164121	1.41435	0.149669	0.0746195	0.839233	0.174319	0.028292	0.842302	0.118792	0.307211	0.967069	0.102855	0.305915	1.27757	0.255762
50	0.195374	0.313169	1.44063	0.111415	0.305934	1.61337	0.290568	0.387183	1.26748	0.0673915	0.551344	1.09919	0.217249	0.313406	0.0494332	-0.211552	0.532731	0.975833	0.317379	0.483611	0.833287	0.201799	0.528173	1.18078	0.256117	0.559881	1.18367	0.137752	0.530981	1.26692	0.19888	0.433528	0.32267	0.0142119	0.455226	0.371667	-0.00956127	0.433449	0.307236	-0.0922727	0.415722	0.267755	-0.0451904	0.452989	0.605951	0.209339	0.473111	0.634582	0.161103	0.454817	0.533347	0.126803	0.441834	0.525378	0.189732	0.461111	0.984995	0.236535	0.495062	1.07565	0.167562	0.376178	1.58448	0.241911	0.525219	0.846991	0.414164	0.359315	0.212756	-0.268689	0.395894	0.0547719	-0.236072	0.463385	1.4244	0.184478	0.479054	0.906971	0.380693	0.529921	0.879463	0.338195	0.254138	1.26557	0.0516849	0.0711224	1.08493	0.101766	0.3106	0.035619	0.545997	0.0476098	0.933605	0.158005	0.12262	0.873133	0.246181	0.0719317	1.16719	0.177709	0.0933969	1.17915	0.0459823	0.0941051	1.25282	0.115813	0.178566	0.351965	0.369502	0.195636	0.337017	0.424707	0.211353	0.25121	0.428792	0.196155	0.251619	0.3658	0.142544	0.663387	0.324054	0.164579	0.668876	0.380974	0.187344	0.5906	0.413361	0.167979	0.568858	0.355013	0.162468	1.00104	0.244864	0.140328	1.08449	0.0684904	0.237027	1.58264	0.247045	0.0214313	0.778337	0.180835	0.284622	0.0374034	0.360323	0.230628	0.0221962	0.51264	0.163973	1.41491	0.156786	0.0747117	0.840002	0.183661	0.0283213	0.842752	0.128374	0.307424	0.967781	0.109771	0.305841	1.27828	0.262727
51	0.199361	0.312878	1.44116	0.118114	0.305695	1.6141	0.297131	0.387177	1.26806	0.0742194	0.551217	1.09965	0.222432	0.314046	0.0520296	-0.20625	0.533338	0.97514	0.321231	0.482944	0.83299	0.209868	0.528407	1.18099	0.261749	0.559321	1.18459	0.143232	0.530961	1.26753	0.205071	0.433685	0.322876	0.0249188	0.45532	0.372236	0.00174549	0.433685	0.308668	-0.0817155	0.415814	0.268563	-0.0348992	0.452935	0.605884	0.219029	0.472924	0.634041	0.170564	0.455084	0.532325	0.137445	0.442132	0.524987	0.20051	0.460249	0.985774	0.246113	0.494833	1.07667	0.172551	0.376068	1.58513	0.248616	0.526489	0.845007	0.41644	0.35973	0.217599	-0.258202	0.396309	0.058707	-0.23065	0.46321	1.42509	0.191299	0.47999	0.905212	0.383855	0.531045	0.87854	0.34086	0.253777	1.26597	0.0587182	0.0708453	1.0854	0.109818	0.311568	0.0348645	0.546073	0.0475303	0.934221	0.166919	0.122198	0.874578	0.253133	0.0716647	1.16776	0.185479	0.0931241	1.17951	0.0537399	0.0938603	1.25328	0.123392	0.178088	0.351926	0.37373	0.195172	0.336388	0.428481	0.211835	0.250514	0.431348	0.195897	0.251692	0.368517	0.142223	0.663497	0.330178	0.164529	0.668941	0.387016	0.187572	0.590704	0.419301	0.168019	0.568936	0.360954	0.162597	1.00255	0.25206	0.139879	1.08488	0.0763602	0.236805	1.58316	0.253774	0.021698	0.779114	0.190567	0.284472	0.0375217	0.36039	0.230721	0.0222189	0.512717	0.163804	1.41554	0.163918	0.0749187	0.840771	0.193029	0.0283129	0.843027	0.138324	0.307494	0.968438	0.116614	0.305745	1.27898	0.269656
52	0.203348	0.3126	1.44184	0.124852	0.305476	1.61483	0.30372	0.38713	1.26874	0.0810713	0.551096	1.10012	0.227551	0.314789	0.0545223	-0.200296	0.533897	0.974471	0.325005	0.482442	0.832694	0.217792	0.528561	1.18128	0.267326	0.558748	1.18551	0.148664	0.530991	1.26804	0.211216	0.433969	0.323076	0.0358845	0.45539	0.372726	0.0133704	0.433784	0.309923	-0.0707781	0.415993	0.269385	-0.0244272	0.452864	0.605784	0.228747	0.472747	0.633533	0.180104	0.455082	0.531256	0.148223	0.442329	0.524641	0.211451	0.459917	0.986417	0.254041	0.494786	1.07756	0.177227	0.375734	1.58591	0.255048	0.527809	0.843035	0.418638	0.360246	0.222288	-0.24739	0.396832	0.0628298	-0.224597	0.463074	1.42575	0.198036	0.480893	0.90347	0.386965	0.532325	0.877625	0.343473	0.253393	1.26647	0.0658494	0.0705142	1.08587	0.118	0.312197	0.0343976	0.546177	0.0474494	0.934938	0.175849	0.121779	0.875907	0.260047	0.0717109	1.16835	0.193339	0.0926803	1.17985	0.0615004	0.0935158	1.25379	0.131041	0.177572	0.351825	0.377756	0.19522	0.335692	0.431999	0.212205	0.249805	0.43373	0.195508	0.251642	0.371092	0.141971	0.663569	0.336293	0.164477	0.668996	0.39306	0.187965	0.59072	0.425108	0.16807	0.568993	0.366807	0.162682	1.00391	0.259217	0.139375	1.08516	0.0842877	0.236633	1.58377	0.260414	0.0219033	0.779931	0.200395	0.284367	0.0376396	0.360476	0.23073	0.0225645	0.513045	0.163658	1.4162	0.171054	0.0751412	0.841613	0.202456	0.0283971	0.843441	0.148037	0.307672	0.968968	0.123544	0.305663	1.2797	0.276559
53	0.207335	0.312378	1.44254	0.131635	0.305307	1.61567	0.310295	0.387009	1.2695	0.0878569	0.550962	1.10059	0.232667	0.315668	0.0570572	-0.193519	0.534404	0.973723	0.328792	0.48201	0.832451	0.225684	0.528704	1.18153	0.272945	0.558335	1.18649	0.154047	0.53107	1.2686	0.217326	0.434225	0.323304	0.0471545	0.455462	0.373166	0.0251403	0.43378	0.311166	-0.059612	0.416046	0.270102	-0.013681	0.452753	0.605809	0.23861	0.472441	0.633051	0.189569	0.454887	0.530238	0.159049	0.442405	0.52439	0.222399	0.459883	0.986918	0.260841	0.494918	1.07828	0.18169	0.375562	1.58672	0.261687	0.529079	0.84107	0.420753	0.360744	0.226765	-0.236385	0.397194	0.0672542	-0.217785	0.462962	1.42635	0.204676	0.481912	0.901752	0.390011	0.533487	0.876668	0.346137	0.253026	1.26711	0.0728541	0.0702033	1.08626	0.126189	0.312645	0.0340872	0.546243	0.0474674	0.935628	0.184788	0.121332	0.877048	0.266871	0.0714933	1.16907	0.201177	0.0921897	1.18027	0.0693524	0.0931932	1.25432	0.138746	0.177121	0.351641	0.381522	0.195679	0.335002	0.43537	0.212546	0.24913	0.435989	0.195133	0.251559	0.373555	0.141867	0.663602	0.342382	0.164589	0.668974	0.399068	0.188382	0.590669	0.430772	0.168046	0.569047	0.372587	0.162578	1.0051	0.266409	0.138875	1.08546	0.0922326	0.23649	1.58447	0.267034	0.0221707	0.780795	0.210316	0.284284	0.0377634	0.360555	0.230459	0.0232676	0.51369	0.163485	1.41687	0.178148	0.0753526	0.842496	0.211875	0.0285143	0.843998	0.157513	0.307751	0.969575	0.130288	0.305665	1.28045	0.2834
54	0.211323	0.31213	1.44329	0.138417	0.305183	1.61653	0.31685	0.386842	1.27029	0.0945304	0.550902	1.10112	0.237564	0.316812	0.0597117	-0.185741	0.53503	0.972941	0.332458	0.48129	0.832313	0.233679	0.528895	1.18173	0.278472	0.558093	1.18747	0.159404	0.531099	1.26922	0.223385	0.434066	0.323466	0.0586997	0.455418	0.373509	0.0372291	0.433732	0.312451	-0.0483066	0.416357	0.270874	-0.00279694	0.452533	0.60596	0.248638	0.472031	0.632526	0.199038	0.454779	0.529283	0.169861	0.442303	0.52429	0.233327	0.459781	0.987562	0.267436	0.494937	1.07913	0.18643	0.375527	1.5876	0.268559	0.530429	0.839121	0.42282	0.361063	0.230866	-0.225293	0.397245	0.0715008	-0.210295	0.462885	1.42697	0.211274	0.483005	0.900064	0.392954	0.534626	0.875799	0.348702	0.252722	1.2678	0.0797202	0.0698368	1.08671	0.134419	0.313146	0.0337952	0.546277	0.047536	0.936362	0.193775	0.120984	0.878032	0.273575	0.0716939	1.16971	0.209219	0.0915364	1.18071	0.0772824	0.0928627	1.25491	0.146412	0.17679	0.351473	0.385079	0.195897	0.334432	0.438631	0.212875	0.248418	0.438153	0.194702	0.251591	0.375931	0.141734	0.663729	0.348411	0.164908	0.668918	0.404995	0.188781	0.590567	0.436311	0.168151	0.569112	0.378222	0.16246	1.00615	0.273469	0.138342	1.08589	0.100173	0.236341	1.58521	0.273658	0.0225251	0.781686	0.220337	0.284186	0.0378578	0.360596	0.230341	0.0235493	0.513985	0.16334	1.41757	0.185222	0.0756352	0.843436	0.221317	0.0286339	0.844614	0.167061	0.307818	0.970116	0.137057	0.305785	1.28113	0.290141
55	0.21531	0.311924	1.44415	0.145123	0.305023	1.61736	0.323422	0.386543	1.27107	0.101145	0.550877	1.10162	0.242382	0.317973	0.0625214	-0.176881	0.535713	0.972239	0.336011	0.480198	0.832254	0.241778	0.529102	1.18188	0.283846	0.557803	1.18835	0.164794	0.531121	1.26979	0.229348	0.433714	0.323607	0.070371	0.45538	0.373812	0.0494627	0.433721	0.313652	-0.0367447	0.4171	0.271818	0.00816996	0.452221	0.606094	0.258723	0.471604	0.632017	0.208696	0.454641	0.528378	0.18078	0.44214	0.524284	0.244282	0.459547	0.988314	0.274063	0.494856	1.08003	0.19124	0.375247	1.58855	0.274914	0.531732	0.837114	0.424784	0.36105	0.234738	-0.214404	0.397627	0.0750964	-0.201782	0.462849	1.42763	0.217829	0.484017	0.898403	0.395821	0.535721	0.874911	0.35108	0.252462	1.26854	0.0865624	0.0695028	1.08724	0.142687	0.31376	0.0335186	0.546316	0.0476612	0.937161	0.202811	0.120639	0.878886	0.280133	0.0717208	1.17044	0.217264	0.0909873	1.18115	0.0852054	0.0925155	1.25554	0.154075	0.1766	0.351392	0.388466	0.195916	0.333853	0.441733	0.213058	0.247846	0.440179	0.194213	0.251671	0.378164	0.141653	0.663978	0.354421	0.165303	0.668874	0.410811	0.189191	0.590394	0.441723	0.16821	0.569177	0.38365	0.162349	1.00706	0.28035	0.137801	1.08631	0.108071	0.236176	1.58595	0.28028	0.0229232	0.782691	0.230404	0.284039	0.0379477	0.360602	0.230268	0.023511	0.514019	0.163204	1.41833	0.192341	0.0760397	0.844412	0.230746	0.0287454	0.845262	0.176688	0.307828	0.970618	0.143831	0.305911	1.28178	0.296832
56	0.219297	0.311733	1.44501	0.151823	0.304848	1.61821	0.33002	0.386189	1.27188	0.10769	0.550821	1.10198	0.247304	0.319105	0.0653156	-0.167086	0.536395	0.971513	0.33957	0.479431	0.832417	0.249603	0.529218	1.18208	0.289225	0.557482	1.1892	0.170181	0.531208	1.27036	0.23521	0.433483	0.323815	0.0822167	0.455466	0.374075	0.0619085	0.433832	0.314953	-0.0249464	0.417166	0.272708	0.0194308	0.451882	0.606279	0.268811	0.471178	0.631619	0.218539	0.45442	0.527619	0.191816	0.4419	0.52423	0.255335	0.459479	0.989043	0.280486	0.494664	1.0809	0.196112	0.375143	1.5895	0.28148	0.533046	0.835193	0.426694	0.360731	0.23825	-0.203856	0.398359	0.0785719	-0.192604	0.462828	1.42824	0.224312	0.485165	0.896787	0.398617	0.536782	0.87406	0.353367	0.252132	1.26935	0.0933856	0.0691774	1.08777	0.150943	0.314108	0.0333378	0.546382	0.0478112	0.937985	0.211918	0.120296	0.879604	0.286576	0.0716445	1.17132	0.225277	0.0904249	1.18161	0.0930949	0.0922353	1.25618	0.161778	0.176384	0.351475	0.391688	0.196344	0.333203	0.444682	0.213122	0.247398	0.442093	0.193746	0.251823	0.380302	0.141478	0.664395	0.360262	0.165733	0.668825	0.416536	0.189583	0.590165	0.446925	0.168234	0.569274	0.388849	0.162196	1.00787	0.287049	0.137301	1.08679	0.115969	0.236071	1.58666	0.286909	0.0232663	0.783717	0.240414	0.283898	0.0380197	0.360599	0.230161	0.0234374	0.513984	0.163065	1.41915	0.199451	0.0763992	0.845478	0.240238	0.0288741	0.845966	0.186325	0.307667	0.971234	0.150456	0.306063	1.28252	0.303513
57	0.223284	0.311592	1.446	0.158582	0.304724	1.61907	0.336616	0.38585	1.27274	0.11419	0.550684	1.10225	0.252363	0.320183	0.0680253	-0.156469	0.537048	0.970764	0.343173	0.478887	0.832748	0.257235	0.529319	1.18238	0.294559	0.557277	1.19012	0.175517	0.531281	1.27099	0.24098	0.433115	0.323916	0.0941782	0.455622	0.374325	0.0744279	0.434004	0.316322	-0.0130736	0.416893	0.27362	0.0309215	0.451504	0.606584	0.278946	0.470724	0.631265	0.228476	0.45414	0.527081	0.202938	0.441867	0.524363	0.266461	0.459495	0.989801	0.286691	0.494378	1.08173	0.201103	0.375182	1.59039	0.288229	0.534465	0.83339	0.428483	0.360211	0.24131	-0.193586	0.39935	0.0819817	-0.182637	0.462854	1.42889	0.230752	0.486337	0.89523	0.401337	0.537742	0.873267	0.355711	0.251758	1.27025	0.100159	0.0688595	1.08841	0.159233	0.314228	0.0331997	0.546443	0.0479144	0.938898	0.22112	0.120038	0.880189	0.293015	0.0715735	1.17226	0.233302	0.0897696	1.18209	0.101068	0.0919576	1.25685	0.169515	0.176141	0.35163	0.394809	0.197089	0.332637	0.447465	0.213158	0.24695	0.443928	0.19347	0.251962	0.38236	0.141378	0.664878	0.365973	0.16617	0.668819	0.42219	0.189952	0.589894	0.451903	0.168253	0.569402	0.393839	0.162004	1.0086	0.293627	0.136811	1.08737	0.124015	0.235976	1.58742	0.293574	0.0236684	0.784819	0.250426	0.283777	0.0380673	0.360605	0.230054	0.0234293	0.513971	0.162989	1.41999	0.206535	0.0766032	0.846651	0.249791	0.0290789	0.846703	0.19603	0.30744	0.97187	0.157169	0.306238	1.28338	0.310227
58	0.227272	0.311488	1.44695	0.165323	0.304651	1.61996	0.343215	0.385477	1.27359	0.120665	0.550554	1.10263	0.257405	0.321389	0.0705104	-0.145069	0.537739	0.970142	0.34671	0.478424	0.833215	0.264788	0.529446	1.18281	0.299859	0.557228	1.19105	0.180829	0.531315	1.27153	0.246721	0.432465	0.323974	0.106261	0.455616	0.374501	0.0871425	0.434068	0.317525	-0.00101506	0.416474	0.274554	0.0424265	0.451112	0.606941	0.289098	0.470296	0.630995	0.238346	0.453936	0.526695	0.214071	0.442364	0.524741	0.277546	0.45944	0.990471	0.292569	0.494117	1.08253	0.206227	0.374955	1.59134	0.294499	0.536114	0.831648	0.430157	0.359647	0.24397	-0.183188	0.400433	0.0852241	-0.171744	0.462912	1.42958	0.237165	0.487547	0.893673	0.404046	0.538401	0.872442	0.358123	0.251356	1.27117	0.106902	0.0685678	1.08915	0.167553	0.314341	0.0330449	0.546465	0.0479783	0.939863	0.23036	0.119794	0.88073	0.299468	0.0715506	1.17324	0.241389	0.0891617	1.18257	0.109166	0.0916448	1.25761	0.17726	0.175935	0.351815	0.397764	0.197462	0.332274	0.450102	0.213186	0.24665	0.445752	0.193368	0.252121	0.384334	0.141517	0.6653	0.371657	0.166538	0.668878	0.427743	0.190297	0.589618	0.456656	0.168112	0.569618	0.398577	0.161754	1.00927	0.300193	0.136359	1.08798	0.132061	0.235869	1.58826	0.30029	0.0241305	0.785957	0.260532	0.283649	0.0381088	0.360609	0.230027	0.0234192	0.513978	0.162906	1.42086	0.213546	0.0768175	0.847812	0.259236	0.0292572	0.847495	0.205754	0.307114	0.972488	0.163841	0.30638	1.28422	0.316914
59	0.231259	0.31135	1.44778	0.17185	0.30459	1.6208	0.349825	0.385014	1.27435	0.127117	0.550514	1.10316	0.262019	0.322906	0.0725903	-0.132815	0.538378	0.96955	0.350182	0.478002	0.833784	0.272348	0.529479	1.18329	0.305185	0.557098	1.19195	0.186119	0.531376	1.27204	0.252428	0.431669	0.324102	0.118467	0.455545	0.374727	0.100026	0.434045	0.318703	0.0111056	0.415876	0.275494	0.0539905	0.450651	0.607414	0.2993	0.469851	0.630849	0.248233	0.453666	0.526358	0.225193	0.44225	0.52522	0.288712	0.459432	0.991178	0.298143	0.493631	1.08338	0.21157	0.374861	1.59226	0.30105	0.537612	0.829886	0.431799	0.35904	0.246513	-0.172342	0.40157	0.0883547	-0.160062	0.462964	1.43024	0.243514	0.488717	0.892167	0.406729	0.539379	0.871745	0.360404	0.250842	1.27205	0.113648	0.068279	1.08987	0.175902	0.314567	0.032822	0.546444	0.0481935	0.940863	0.239565	0.119573	0.88122	0.305895	0.0716295	1.17424	0.249511	0.0885975	1.18309	0.117207	0.0912985	1.25842	0.184995	0.175825	0.352014	0.400486	0.197548	0.332081	0.452601	0.213281	0.246458	0.447515	0.193314	0.252431	0.386295	0.141679	0.665896	0.377325	0.16681	0.668907	0.43319	0.190603	0.589327	0.461176	0.167864	0.569894	0.403089	0.161493	1.00993	0.306753	0.135894	1.08866	0.140077	0.235776	1.58912	0.306964	0.0246116	0.787139	0.270693	0.283542	0.0381527	0.3606	0.230111	0.0233587	0.513991	0.162786	1.4218	0.220507	0.0771113	0.849018	0.268635	0.0294158	0.848321	0.215554	0.30674	0.973152	0.170446	0.306484	1.28507	0.323513
60	0.235246	0.31151	1.44874	0.177913	0.304478	1.62164	0.356438	0.384497	1.27511	0.133453	0.55052	1.10366	0.266431	0.324814	0.074261	-0.119692	0.538979	0.968945	0.353437	0.477647	0.834475	0.279798	0.529253	1.18359	0.310437	0.557025	1.19274	0.191372	0.531458	1.27268	0.258016	0.43126	0.324426	0.130751	0.45543	0.375023	0.112913	0.434003	0.320051	0.0233577	0.415355	0.276496	0.0657265	0.450116	0.607989	0.30958	0.469371	0.630848	0.25819	0.453259	0.526161	0.236377	0.441706	0.525785	0.299863	0.459317	0.991987	0.303894	0.492947	1.08424	0.217202	0.374932	1.59319	0.30782	0.539012	0.82817	0.433373	0.358422	0.248954	-0.160915	0.402735	0.0914324	-0.147626	0.462999	1.43089	0.249861	0.489845	0.890738	0.409373	0.540594	0.871178	0.362556	0.25026	1.27298	0.120355	0.0679025	1.09069	0.184321	0.314884	0.0325546	0.546416	0.0485368	0.941934	0.248745	0.119351	0.881575	0.312277	0.0717622	1.17527	0.257655	0.0879845	1.18368	0.125169	0.0909857	1.25924	0.192716	0.175799	0.352202	0.403013	0.197557	0.331962	0.454936	0.213413	0.246266	0.449229	0.193234	0.252774	0.388127	0.141988	0.666656	0.382918	0.167059	0.668915	0.438449	0.190906	0.588976	0.465484	0.167691	0.570211	0.407392	0.161216	1.01055	0.313281	0.135465	1.08934	0.148121	0.235712	1.58993	0.313528	0.0250208	0.788394	0.280896	0.283456	0.0382134	0.360606	0.2302	0.0233463	0.514008	0.162647	1.42281	0.227443	0.0774337	0.850348	0.278136	0.0296343	0.849238	0.225356	0.306333	0.973874	0.176995	0.306562	1.28597	0.330052
61	0.239233	0.311848	1.44976	0.183749	0.304373	1.62254	0.363052	0.383959	1.27593	0.139721	0.550464	1.10411	0.271049	0.326462	0.0757922	-0.106637	0.539767	0.968447	0.356407	0.477214	0.835251	0.287146	0.529461	1.18401	0.315705	0.55704	1.19359	0.196596	0.531437	1.27333	0.263576	0.430365	0.324714	0.143244	0.45529	0.375398	0.125798	0.433831	0.321409	0.0357608	0.414814	0.277475	0.0776977	0.449594	0.608723	0.319927	0.468994	0.631014	0.268232	0.453025	0.526265	0.247524	0.440837	0.526477	0.311018	0.459036	0.992725	0.31011	0.492502	1.08511	0.222403	0.374763	1.59423	0.31414	0.540443	0.826564	0.434839	0.357799	0.25114	-0.148859	0.40371	0.0940452	-0.134486	0.463081	1.43158	0.256153	0.491085	0.889417	0.411915	0.541861	0.870662	0.364686	0.249726	1.27394	0.127016	0.0676094	1.09154	0.192811	0.315155	0.0322912	0.546417	0.0488706	0.94301	0.257975	0.119112	0.881884	0.318563	0.0719229	1.17636	0.265814	0.0872518	1.18432	0.133145	0.0906895	1.26008	0.200431	0.175926	0.352335	0.405372	0.197661	0.331879	0.457112	0.213499	0.246082	0.450906	0.193288	0.25309	0.389869	0.141906	0.667354	0.388204	0.167309	0.668902	0.443574	0.191142	0.588611	0.469644	0.167578	0.57061	0.411494	0.16089	1.01116	0.319738	0.135114	1.09008	0.156228	0.235729	1.59074	0.32004	0.0254828	0.789704	0.291039	0.283421	0.038295	0.360624	0.230256	0.0233718	0.514042	0.16257	1.42377	0.234343	0.0779791	0.851694	0.287857	0.0298326	0.850218	0.235138	0.305885	0.974746	0.183408	0.306654	1.28686	0.33656
62	0.24322	0.311256	1.45047	0.19092	0.304388	1.62343	0.369612	0.383399	1.27672	0.145973	0.550271	1.10462	0.275865	0.327861	0.0771368	-0.0935817	0.540525	0.968051	0.35956	0.476866	0.836062	0.294297	0.529885	1.18456	0.320889	0.556983	1.19449	0.201849	0.531367	1.27396	0.269117	0.429613	0.325054	0.155857	0.455068	0.375856	0.138897	0.433526	0.322624	0.0483751	0.414316	0.278414	0.0898646	0.449154	0.60958	0.330318	0.468603	0.631373	0.278429	0.45277	0.526416	0.258795	0.440317	0.527279	0.322316	0.458927	0.99339	0.315793	0.492191	1.08607	0.227398	0.374734	1.59518	0.320572	0.541968	0.825084	0.436233	0.357268	0.253058	-0.136325	0.404409	0.0962694	-0.122082	0.463274	1.43238	0.262216	0.492302	0.888161	0.414381	0.543166	0.870205	0.366782	0.249152	1.27483	0.133674	0.067377	1.09237	0.201222	0.315299	0.0320771	0.54646	0.049115	0.944211	0.267273	0.11892	0.882204	0.324789	0.0721654	1.17752	0.27399	0.0864228	1.18498	0.141202	0.090299	1.26103	0.208223	0.176119	0.352414	0.40755	0.197805	0.331736	0.459148	0.213643	0.24592	0.452522	0.193693	0.253292	0.391509	0.141622	0.667962	0.393238	0.167553	0.668905	0.44857	0.191293	0.588278	0.473723	0.167443	0.571025	0.415421	0.160548	1.01172	0.326162	0.134667	1.09089	0.164273	0.235727	1.5916	0.326639	0.0260559	0.791099	0.301181	0.283407	0.0383828	0.360653	0.230293	0.0233951	0.514062	0.162504	1.42476	0.241167	0.0786676	0.852964	0.297705	0.0300505	0.851258	0.244955	0.30542	0.97567	0.189846	0.306853	1.28773	0.343102
63	0.247208	0.310848	1.4513	0.197891	0.304402	1.62431	0.376175	0.382799	1.27747	0.152255	0.550094	1.10519	0.280431	0.329219	0.0783146	-0.0802242	0.541209	0.967752	0.362823	0.476686	0.836936	0.301229	0.530301	1.18516	0.326031	0.556941	1.19537	0.207136	0.531355	1.27469	0.274509	0.429	0.325472	0.168659	0.454756	0.376346	0.152109	0.433236	0.32375	0.061107	0.413801	0.279265	0.102359	0.448745	0.610643	0.340736	0.468159	0.631868	0.288727	0.452445	0.526655	0.270154	0.439834	0.52823	0.333727	0.459102	0.99402	0.320549	0.491839	1.08691	0.232241	0.374835	1.59609	0.327315	0.543494	0.823601	0.437593	0.356753	0.254736	-0.123751	0.40501	0.0982427	-0.109633	0.463479	1.43314	0.268151	0.493796	0.887016	0.416779	0.544564	0.869882	0.368663	0.248503	1.27578	0.140362	0.0671262	1.09326	0.209654	0.315352	0.0319591	0.546538	0.04932	0.945424	0.276604	0.118635	0.882529	0.331101	0.0724573	1.17873	0.282191	0.0856456	1.18567	0.149225	0.0897092	1.26204	0.216126	0.176326	0.352466	0.409508	0.197911	0.331498	0.461071	0.213788	0.245833	0.454018	0.194049	0.25346	0.393017	0.14189	0.668609	0.398225	0.167768	0.668936	0.453455	0.191324	0.588017	0.477759	0.167243	0.571401	0.419296	0.160239	1.01228	0.332565	0.134159	1.09167	0.172256	0.235741	1.59252	0.333281	0.0265605	0.792526	0.311475	0.283353	0.0384599	0.360698	0.230309	0.0233903	0.514076	0.162464	1.42584	0.247956	0.0792203	0.854366	0.307455	0.0302627	0.852366	0.254796	0.305012	0.976575	0.196412	0.307178	1.28864	0.349583
64	0.251195	0.310663	1.45211	0.204368	0.30437	1.62527	0.382755	0.382105	1.27819	0.158552	0.549982	1.10574	0.2849	0.330548	0.0794653	-0.0665208	0.541967	0.967509	0.366036	0.476496	0.837878	0.308058	0.529755	1.18557	0.331233	0.556943	1.19624	0.212337	0.531327	1.27548	0.279796	0.428418	0.326063	0.181591	0.454264	0.376873	0.165352	0.432927	0.324773	0.0740961	0.413302	0.280112	0.115027	0.448287	0.612007	0.35101	0.467786	0.632495	0.299014	0.452042	0.527076	0.281588	0.439406	0.529377	0.345102	0.459544	0.994671	0.324495	0.491544	1.08785	0.236757	0.374772	1.59715	0.333847	0.545043	0.822243	0.438916	0.356283	0.25616	-0.111175	0.405715	0.0999183	-0.096868	0.463662	1.43392	0.274017	0.495384	0.886033	0.419181	0.545934	0.869669	0.370599	0.247916	1.27683	0.147027	0.066856	1.09421	0.218165	0.315384	0.0318862	0.546625	0.0496218	0.94671	0.285935	0.118247	0.882899	0.337545	0.0728664	1.18001	0.290429	0.0848616	1.1864	0.157242	0.0893418	1.26303	0.223887	0.176605	0.352543	0.411228	0.197997	0.331261	0.46288	0.213891	0.245761	0.455401	0.194338	0.253608	0.394364	0.1421	0.669218	0.403119	0.16792	0.668952	0.45829	0.191375	0.587783	0.481706	0.167075	0.571745	0.423153	0.159937	1.01281	0.338923	0.133652	1.09252	0.180317	0.235764	1.5935	0.339879	0.0270145	0.7941	0.321861	0.283248	0.0385531	0.360783	0.230315	0.0233938	0.514089	0.162401	1.42696	0.254755	0.0797328	0.855826	0.317078	0.0304922	0.853537	0.264662	0.304614	0.977507	0.202882	0.307464	1.28955	0.355968
65	0.255182	0.310564	1.45302	0.210663	0.304384	1.62624	0.389354	0.381346	1.27893	0.16479	0.549868	1.10637	0.28949	0.331826	0.0804936	-0.0525347	0.542765	0.967329	0.369191	0.476228	0.838846	0.314872	0.529133	1.18614	0.336353	0.556867	1.19714	0.217467	0.531149	1.27622	0.285109	0.427926	0.326672	0.194634	0.453743	0.377464	0.178629	0.432602	0.325574	0.0872807	0.41278	0.280923	0.128017	0.44761	0.613776	0.361073	0.467483	0.633301	0.309213	0.451723	0.527671	0.29303	0.438892	0.530679	0.356422	0.459772	0.99543	0.329224	0.491242	1.08888	0.241367	0.374826	1.59823	0.340451	0.546626	0.820956	0.439975	0.355762	0.257271	-0.0985663	0.406451	0.101466	-0.0837001	0.463829	1.43473	0.279915	0.496603	0.885026	0.421635	0.54718	0.869504	0.37268	0.247357	1.27784	0.153689	0.066624	1.09525	0.226665	0.315448	0.0318071	0.546719	0.0499705	0.948064	0.295227	0.117977	0.883223	0.343784	0.0733582	1.18127	0.298644	0.0839706	1.18714	0.165291	0.0891118	1.26402	0.231525	0.177031	0.35265	0.41279	0.198056	0.331055	0.464505	0.213983	0.245635	0.456654	0.194638	0.253734	0.395538	0.142132	0.6697	0.407968	0.168062	0.668958	0.463011	0.191495	0.587503	0.485585	0.167104	0.571996	0.42696	0.159661	1.01329	0.34528	0.133201	1.09347	0.188359	0.235756	1.5945	0.34643	0.0275002	0.79581	0.332344	0.283265	0.0386481	0.360852	0.230353	0.023424	0.514095	0.16241	1.42811	0.261548	0.0802626	0.857352	0.32661	0.0307694	0.85475	0.274569	0.304264	0.978472	0.209265	0.307525	1.29064	0.362744
66	0.259169	0.310518	1.45413	0.216992	0.304415	1.62725	0.395933	0.380584	1.27976	0.170953	0.54972	1.10711	0.293967	0.332927	0.0813682	-0.0382216	0.543582	0.967248	0.372263	0.476087	0.839886	0.321519	0.52871	1.18681	0.341436	0.556704	1.19806	0.222491	0.530903	1.27697	0.290353	0.427374	0.327298	0.207986	0.453354	0.37805	0.192052	0.43228	0.326289	0.100568	0.412375	0.281662	0.141244	0.447064	0.615453	0.371346	0.467136	0.634165	0.319445	0.451419	0.528361	0.304508	0.438518	0.532156	0.367812	0.460116	0.99646	0.335179	0.490985	1.08981	0.246048	0.374756	1.59925	0.346784	0.548238	0.819741	0.440832	0.355216	0.258067	-0.0858621	0.407115	0.102882	-0.0701211	0.464015	1.4356	0.285809	0.4973	0.883979	0.424099	0.548398	0.869398	0.374713	0.246736	1.27887	0.160465	0.0665381	1.09633	0.235165	0.315539	0.0317233	0.546807	0.0502764	0.94957	0.304569	0.118025	0.883473	0.349454	0.0739574	1.18257	0.306823	0.0829854	1.18793	0.173377	0.0889206	1.26507	0.239159	0.177605	0.352735	0.41424	0.198096	0.330848	0.465979	0.214004	0.245387	0.457765	0.195053	0.253842	0.396547	0.142161	0.67013	0.412719	0.168248	0.668903	0.467626	0.191699	0.587167	0.489387	0.167177	0.572233	0.430711	0.159367	1.01373	0.351663	0.132507	1.09451	0.195956	0.235748	1.5955	0.352979	0.0281567	0.797411	0.342654	0.283387	0.0387552	0.360884	0.230426	0.0234656	0.514099	0.162418	1.42929	0.268302	0.0808883	0.858916	0.336188	0.0310425	0.85597	0.28445	0.30392	0.979508	0.215594	0.30751	1.29198	0.370164
67	0.263157	0.310439	1.45521	0.223435	0.304467	1.62825	0.402469	0.379817	1.28062	0.17705	0.549482	1.10793	0.298378	0.333897	0.082119	-0.0235482	0.544413	0.967246	0.375271	0.476279	0.841105	0.327932	0.528743	1.18743	0.346404	0.556564	1.19904	0.227472	0.530715	1.27776	0.295595	0.426752	0.327858	0.221457	0.453016	0.378693	0.205564	0.431993	0.327038	0.113909	0.411918	0.282378	0.154506	0.446629	0.617044	0.381759	0.466744	0.635113	0.329701	0.451031	0.529104	0.315997	0.438287	0.53374	0.379323	0.460853	0.997775	0.342123	0.490708	1.09085	0.250451	0.374788	1.60026	0.353248	0.54988	0.818707	0.441866	0.354717	0.258701	-0.0730725	0.407745	0.104133	-0.0560527	0.46419	1.43642	0.291615	0.498235	0.883076	0.426369	0.549712	0.869363	0.376595	0.246104	1.27987	0.167297	0.0665153	1.09742	0.243726	0.315646	0.0316393	0.546885	0.050688	0.951016	0.313837	0.118117	0.883817	0.355233	0.0746135	1.18389	0.314989	0.0820726	1.18883	0.181419	0.0887153	1.26615	0.246851	0.17807	0.352837	0.415567	0.198077	0.330583	0.467306	0.213917	0.245102	0.458713	0.195696	0.253935	0.397407	0.142231	0.670561	0.417346	0.168494	0.668776	0.472143	0.19198	0.586796	0.493138	0.16717	0.572463	0.434431	0.159049	1.01414	0.358016	0.131689	1.09556	0.20331	0.235726	1.59648	0.359542	0.028917	0.798985	0.352824	0.283575	0.0388915	0.360889	0.230521	0.0235107	0.51411	0.16247	1.43049	0.27499	0.0815152	0.86051	0.34585	0.031335	0.857251	0.294303	0.303548	0.98049	0.221968	0.307675	1.29317	0.37702
68	0.267144	0.310361	1.45637	0.229922	0.304513	1.62926	0.408983	0.379051	1.28154	0.183163	0.54922	1.10877	0.302872	0.334826	0.0827203	-0.00852879	0.545135	0.967342	0.378275	0.476736	0.842448	0.334066	0.529003	1.18811	0.351357	0.556423	1.20001	0.232406	0.530631	1.27847	0.300782	0.426122	0.328501	0.23492	0.452586	0.379335	0.219137	0.431791	0.327684	0.127381	0.411346	0.283058	0.167871	0.446276	0.618771	0.392196	0.466365	0.63618	0.339973	0.45043	0.529835	0.327677	0.438274	0.535401	0.390868	0.461178	0.998797	0.348235	0.490434	1.09197	0.254819	0.374944	1.60126	0.359905	0.551476	0.817899	0.443098	0.354337	0.259168	-0.0602025	0.408333	0.105056	-0.0414195	0.464334	1.4372	0.2973	0.499591	0.882272	0.428551	0.55112	0.869427	0.378442	0.245538	1.28102	0.173874	0.0662011	1.09861	0.252014	0.315746	0.0315678	0.546963	0.0511386	0.952373	0.323071	0.118184	0.884243	0.361163	0.075266	1.18523	0.323161	0.0812803	1.18973	0.189461	0.0885224	1.26729	0.254585	0.178305	0.353031	0.416755	0.197999	0.330202	0.468519	0.213679	0.244833	0.45952	0.196153	0.254097	0.398118	0.142266	0.670887	0.421864	0.168806	0.668532	0.476592	0.192317	0.586396	0.49685	0.167232	0.572706	0.438127	0.158753	1.01454	0.36434	0.131469	1.0964	0.211826	0.235693	1.5975	0.366071	0.0296369	0.800693	0.362967	0.28372	0.0389846	0.360918	0.23061	0.023547	0.51412	0.162522	1.43169	0.281685	0.0820582	0.862198	0.355467	0.0316849	0.858588	0.304135	0.303135	0.981529	0.228361	0.307986	1.29428	0.383417
69	0.271131	0.310226	1.45749	0.236316	0.304594	1.63024	0.415486	0.378332	1.28251	0.18936	0.549014	1.10964	0.30726	0.335526	0.0833023	0.00674323	0.545894	0.967496	0.381192	0.47695	0.843798	0.340259	0.529049	1.1888	0.356197	0.556193	1.20103	0.237291	0.53044	1.27923	0.306031	0.425576	0.329366	0.248357	0.45213	0.379954	0.232699	0.4316	0.328268	0.141031	0.410796	0.283724	0.18144	0.445872	0.620577	0.402505	0.466078	0.637334	0.350186	0.449974	0.530762	0.339254	0.438033	0.537131	0.402262	0.461176	0.999697	0.353811	0.490141	1.09302	0.259396	0.374943	1.60231	0.36622	0.553185	0.817151	0.444234	0.354089	0.259369	-0.047249	0.408922	0.105769	-0.0264271	0.46448	1.43806	0.302973	0.501463	0.881537	0.430936	0.552491	0.869544	0.380213	0.244951	1.28211	0.180669	0.0659987	1.09974	0.260423	0.315824	0.0315006	0.547031	0.0515661	0.953862	0.332427	0.118243	0.884756	0.367106	0.0759753	1.18658	0.331337	0.0804322	1.19065	0.197588	0.0882912	1.26847	0.262281	0.178331	0.353325	0.417754	0.19784	0.3298	0.469626	0.21352	0.244534	0.460154	0.196471	0.254285	0.398653	0.142335	0.671126	0.426262	0.16908	0.668276	0.48098	0.192671	0.585962	0.500491	0.167363	0.572856	0.441733	0.158492	1.01499	0.370717	0.13081	1.09727	0.220328	0.235695	1.59857	0.372523	0.0303357	0.802474	0.373138	0.283807	0.0390505	0.360961	0.23068	0.023578	0.514129	0.162562	1.43293	0.288394	0.0826505	0.86399	0.365007	0.0320621	0.859975	0.313951	0.302761	0.982557	0.234707	0.308318	1.29538	0.389767
70	0.275118	0.31011	1.45859	0.24267	0.304678	1.63123	0.421976	0.377731	1.28349	0.195522	0.54884	1.11052	0.311489	0.336201	0.0837529	0.0222946	0.546792	0.967691	0.384015	0.477088	0.845134	0.346476	0.529029	1.18943	0.361004	0.555902	1.20201	0.242051	0.530264	1.28001	0.311141	0.425038	0.330303	0.261868	0.451782	0.380626	0.246137	0.431447	0.328787	0.15471	0.410237	0.284519	0.195216	0.44548	0.622561	0.412784	0.465791	0.638709	0.360224	0.449709	0.531844	0.350721	0.437769	0.539032	0.413569	0.461184	1.00067	0.359329	0.489854	1.09421	0.263725	0.375051	1.60334	0.372668	0.554945	0.816349	0.445257	0.353816	0.259219	-0.0341498	0.409455	0.106252	-0.0111171	0.464581	1.43895	0.308684	0.503796	0.880905	0.433593	0.553838	0.869746	0.381973	0.244373	1.28328	0.187317	0.0661038	1.10095	0.269111	0.31587	0.03145	0.547072	0.0520274	0.955461	0.341739	0.118353	0.885379	0.373065	0.0767216	1.18801	0.339494	0.0794658	1.19159	0.205711	0.0880486	1.26965	0.269916	0.178462	0.353355	0.41866	0.19766	0.329401	0.470611	0.213322	0.244215	0.460664	0.196701	0.254486	0.399084	0.142457	0.671292	0.430558	0.169304	0.668038	0.485259	0.192984	0.585516	0.504034	0.167607	0.572819	0.445199	0.158204	1.01554	0.377219	0.129395	1.09818	0.228554	0.235751	1.59963	0.378957	0.0310166	0.804333	0.383341	0.283862	0.0391043	0.360984	0.230754	0.0236123	0.51413	0.162622	1.43421	0.295124	0.0831805	0.865846	0.374687	0.0325571	0.861429	0.323758	0.302443	0.983599	0.241065	0.308636	1.29646	0.396185
71	0.279105	0.310047	1.45969	0.249021	0.304755	1.63224	0.42846	0.377175	1.28453	0.201605	0.548645	1.11139	0.315825	0.336834	0.0840058	0.0381974	0.547626	0.967887	0.386805	0.477124	0.846428	0.352714	0.528985	1.19009	0.365748	0.555507	1.203	0.24671	0.530168	1.28084	0.316148	0.424458	0.33122	0.2755	0.451544	0.38137	0.259479	0.431235	0.329287	0.168339	0.409722	0.285332	0.209049	0.445184	0.624634	0.423074	0.465282	0.640335	0.370049	0.449542	0.533125	0.362152	0.437423	0.541114	0.424841	0.461249	1.00172	0.364868	0.489538	1.0954	0.267982	0.375215	1.60438	0.379391	0.55674	0.815634	0.446209	0.35362	0.258823	-0.0209212	0.410007	0.106481	0.00450617	0.464645	1.43985	0.314369	0.505647	0.880355	0.436219	0.555116	0.870005	0.383748	0.243735	1.28442	0.193803	0.0661011	1.10219	0.277627	0.315905	0.0314034	0.547121	0.0525311	0.957066	0.350894	0.118497	0.886119	0.379218	0.077397	1.18945	0.347584	0.0784416	1.19263	0.21378	0.0878265	1.27085	0.277541	0.178585	0.353283	0.419547	0.197468	0.329032	0.471512	0.213092	0.243899	0.461099	0.196865	0.254678	0.399467	0.142586	0.671401	0.434772	0.169496	0.667743	0.489432	0.193257	0.585077	0.507442	0.167744	0.57275	0.448572	0.157877	1.01622	0.383927	0.128506	1.09926	0.236583	0.235875	1.60061	0.385401	0.0317025	0.8062	0.393586	0.283903	0.0391633	0.361002	0.230842	0.0236333	0.514128	0.162687	1.43549	0.301922	0.0836752	0.867695	0.384473	0.0330223	0.862911	0.333592	0.30212	0.984635	0.247348	0.308859	1.29755	0.402554
72	0.283093	0.309938	1.46077	0.255361	0.304875	1.63322	0.434948	0.376623	1.28556	0.207701	0.54845	1.11231	0.320063	0.337373	0.0841439	0.054328	0.54847	0.968133	0.389572	0.477143	0.847767	0.358936	0.528978	1.19075	0.370374	0.55506	1.20404	0.251282	0.53007	1.28178	0.321279	0.423839	0.332199	0.289164	0.45121	0.382242	0.272912	0.431035	0.329674	0.181921	0.409158	0.285978	0.222808	0.445021	0.626657	0.433524	0.464953	0.641895	0.379906	0.449352	0.534465	0.373557	0.436773	0.543248	0.436177	0.461191	1.00285	0.370527	0.489223	1.09664	0.272312	0.375105	1.60548	0.385654	0.558562	0.815098	0.447091	0.353552	0.258196	-0.00758008	0.410538	0.106447	0.0203705	0.464715	1.44075	0.320007	0.507247	0.879868	0.438458	0.556409	0.870342	0.385427	0.243045	1.28569	0.200231	0.0660246	1.10347	0.28603	0.315974	0.0313501	0.547161	0.052992	0.958656	0.359937	0.118563	0.886988	0.385803	0.078101	1.19091	0.355667	0.0775457	1.19362	0.221758	0.0875803	1.2721	0.285197	0.178709	0.353222	0.420462	0.197212	0.32873	0.472386	0.21285	0.243625	0.461507	0.196898	0.254838	0.399843	0.142687	0.67141	0.438909	0.169686	0.667392	0.493503	0.193558	0.584562	0.510783	0.167799	0.57273	0.451891	0.157569	1.017	0.390752	0.128149	1.10037	0.244605	0.23602	1.60158	0.391888	0.0323894	0.80804	0.403796	0.283935	0.0392129	0.361018	0.230917	0.0236359	0.514116	0.162726	1.43679	0.308748	0.0844828	0.869412	0.393947	0.0332883	0.864388	0.343483	0.301907	0.985666	0.253164	0.309155	1.29864	0.408797
73	0.28708	0.309822	1.46193	0.261692	0.304983	1.6342	0.441435	0.376004	1.28655	0.213837	0.548229	1.11324	0.324183	0.337876	0.0841045	0.0707604	0.549346	0.968441	0.39235	0.477243	0.849074	0.365079	0.528929	1.19129	0.374972	0.554544	1.20508	0.255769	0.530024	1.2827	0.32642	0.423153	0.333304	0.30269	0.450807	0.38317	0.286387	0.430884	0.330007	0.195557	0.408718	0.286612	0.236514	0.444918	0.628636	0.443956	0.464825	0.643331	0.389827	0.449168	0.535909	0.384892	0.435719	0.545369	0.447549	0.461135	1.00408	0.376274	0.488867	1.09785	0.276515	0.375233	1.6065	0.392027	0.560384	0.814713	0.448037	0.35356	0.257204	0.00582962	0.410951	0.106171	0.0364957	0.464789	1.44161	0.325687	0.508886	0.879489	0.440229	0.557697	0.870705	0.387108	0.242365	1.28688	0.206727	0.0658646	1.10473	0.294387	0.316047	0.0313065	0.547189	0.0534221	0.960322	0.369058	0.118659	0.887878	0.392519	0.0787622	1.19238	0.363733	0.0767371	1.19464	0.229785	0.0873412	1.27335	0.292889	0.178778	0.35318	0.421427	0.196983	0.32847	0.473286	0.212647	0.243358	0.461953	0.196763	0.255003	0.400252	0.142748	0.671413	0.443034	0.16998	0.666921	0.497509	0.193927	0.584043	0.514046	0.167896	0.572693	0.455158	0.157524	1.01781	0.397365	0.127833	1.10155	0.252638	0.23615	1.60257	0.398345	0.0331515	0.810005	0.413913	0.283965	0.0392773	0.361043	0.230995	0.0236171	0.514111	0.162775	1.43809	0.315526	0.0853222	0.8712	0.403323	0.0335091	0.865903	0.353356	0.301795	0.986727	0.258526	0.309484	1.29973	0.414983
74	0.291067	0.30972	1.463	0.268001	0.305089	1.63515	0.447898	0.375386	1.2876	0.219926	0.547981	1.11412	0.328357	0.338326	0.0838867	0.0874252	0.550087	0.968777	0.395086	0.477397	0.850438	0.371095	0.528846	1.19181	0.379483	0.553958	1.20616	0.26021	0.53002	1.28348	0.33134	0.422586	0.334538	0.316085	0.450437	0.384078	0.299771	0.43079	0.33038	0.209144	0.4083	0.287384	0.250274	0.444439	0.631141	0.453671	0.464762	0.644799	0.399633	0.449065	0.537487	0.396141	0.435144	0.547625	0.458745	0.461134	1.00538	0.381993	0.488464	1.09899	0.280936	0.375514	1.60747	0.398605	0.562218	0.814364	0.448911	0.353616	0.255859	0.0192947	0.41131	0.105599	0.0528292	0.464845	1.44248	0.331404	0.510479	0.879174	0.442075	0.559006	0.871141	0.388723	0.241648	1.28811	0.213259	0.0657236	1.10599	0.302694	0.316089	0.0312714	0.547213	0.0538264	0.962051	0.378204	0.11886	0.88858	0.398535	0.0793052	1.19389	0.371754	0.0760385	1.19568	0.237876	0.0870834	1.27462	0.300558	0.178784	0.353138	0.42246	0.196786	0.328211	0.474217	0.21253	0.243063	0.462463	0.196654	0.255127	0.400747	0.142832	0.671422	0.447117	0.170291	0.666462	0.501421	0.194282	0.583529	0.517213	0.168158	0.57257	0.458324	0.1578	1.01864	0.403601	0.127494	1.10269	0.2606	0.236257	1.60357	0.404757	0.0339277	0.81201	0.424026	0.283994	0.0393356	0.361063	0.231075	0.0236118	0.514111	0.162843	1.43938	0.322295	0.086163	0.873029	0.412397	0.0339524	0.867433	0.363136	0.301522	0.987788	0.26448	0.309811	1.30085	0.421165
75	0.295054	0.309569	1.464	0.274292	0.305229	1.63609	0.454356	0.374745	1.28867	0.225936	0.547737	1.115	0.332305	0.338692	0.0835652	0.10425	0.550858	0.969149	0.397805	0.477565	0.851888	0.376885	0.528656	1.19247	0.383987	0.553383	1.20731	0.264566	0.529921	1.28426	0.336229	0.422288	0.335742	0.329493	0.450049	0.385065	0.312958	0.430551	0.330722	0.222653	0.407706	0.288117	0.264105	0.444134	0.633738	0.463387	0.464674	0.646561	0.409507	0.449057	0.539173	0.407295	0.434939	0.550045	0.469744	0.461051	1.00671	0.387417	0.487995	1.10022	0.285349	0.375466	1.60857	0.404773	0.564067	0.814089	0.449843	0.353638	0.254363	0.0329136	0.411565	0.104869	0.0694751	0.464897	1.44332	0.337077	0.511901	0.878858	0.4442	0.560209	0.871621	0.39052	0.240889	1.28928	0.219768	0.0656141	1.10727	0.310951	0.316144	0.03124	0.547215	0.0542347	0.963684	0.387349	0.119074	0.88906	0.40356	0.0797887	1.19541	0.379705	0.0754089	1.1967	0.245898	0.0868524	1.27584	0.308207	0.178712	0.353065	0.423536	0.196625	0.327891	0.475171	0.212492	0.242769	0.463025	0.196588	0.255198	0.40136	0.142954	0.671446	0.451129	0.170564	0.666025	0.505204	0.194613	0.582969	0.52031	0.168335	0.572458	0.461301	0.157928	1.01957	0.410022	0.127236	1.10385	0.268522	0.236348	1.60453	0.411194	0.0346548	0.81393	0.434173	0.284003	0.0393875	0.361067	0.231135	0.0236168	0.514112	0.162885	1.44062	0.329075	0.0870632	0.874844	0.421059	0.0345625	0.868953	0.372872	0.301102	0.988843	0.270936	0.310066	1.30201	0.427365
76	0.299042	0.309452	1.46506	0.28053	0.305343	1.63704	0.460822	0.374069	1.28967	0.231941	0.54757	1.11586	0.336097	0.339108	0.0831328	0.1213	0.551681	0.969602	0.40046	0.477794	0.853459	0.382342	0.528703	1.19307	0.388504	0.552733	1.20846	0.268814	0.529874	1.28504	0.341124	0.422006	0.336978	0.343057	0.449646	0.386114	0.326052	0.430172	0.331009	0.236189	0.406854	0.288751	0.278089	0.444068	0.63619	0.47307	0.464568	0.648475	0.419405	0.449089	0.540961	0.418306	0.434881	0.552575	0.480622	0.460875	1.00808	0.393196	0.487563	1.10142	0.289266	0.375581	1.60963	0.411181	0.565936	0.813885	0.450708	0.353651	0.252693	0.0466816	0.41182	0.103993	0.0863425	0.464914	1.44417	0.342782	0.513068	0.87853	0.446688	0.561444	0.872219	0.39258	0.240096	1.29046	0.226279	0.0654878	1.10857	0.319188	0.316234	0.0312056	0.547203	0.0547465	0.96525	0.396437	0.119255	0.889698	0.409161	0.0802795	1.19692	0.387619	0.0746756	1.19769	0.253812	0.0865876	1.27708	0.31587	0.178578	0.352988	0.424652	0.196568	0.327548	0.476174	0.212491	0.242538	0.463674	0.196565	0.25521	0.402086	0.143074	0.671493	0.454958	0.170732	0.665618	0.5089	0.194902	0.58239	0.523328	0.168363	0.572395	0.464091	0.157946	1.02054	0.416618	0.126884	1.10501	0.2764	0.236488	1.6055	0.417666	0.0354745	0.815799	0.444329	0.283818	0.0394378	0.361072	0.231189	0.023633	0.514114	0.162908	1.4419	0.335851	0.0877638	0.876718	0.430611	0.035297	0.870424	0.382579	0.300683	0.989936	0.277395	0.310301	1.30314	0.433612
77	0.303029	0.309389	1.46603	0.286775	0.30545	1.63798	0.4673	0.373416	1.29069	0.237982	0.547419	1.11673	0.339872	0.339488	0.0826029	0.13863	0.552413	0.970131	0.403089	0.477951	0.854895	0.388185	0.528971	1.19355	0.392846	0.55197	1.20957	0.273021	0.529907	1.28577	0.345933	0.421635	0.338226	0.356705	0.449311	0.387187	0.339184	0.429985	0.331374	0.249788	0.406515	0.289315	0.292043	0.44393	0.63869	0.483043	0.464642	0.650303	0.42899	0.449129	0.542786	0.429224	0.434862	0.555177	0.491381	0.460791	1.00959	0.400531	0.4872	1.10265	0.29295	0.375887	1.61057	0.417782	0.567815	0.813774	0.45156	0.35371	0.250695	0.0605292	0.412127	0.102916	0.103408	0.464996	1.44503	0.348517	0.514444	0.878293	0.44892	0.562624	0.872802	0.394304	0.239353	1.29171	0.232675	0.0653709	1.10986	0.327468	0.316291	0.0311788	0.547218	0.0553053	0.96686	0.405439	0.119464	0.890509	0.41548	0.0807163	1.1984	0.395505	0.0739278	1.19873	0.26172	0.0863383	1.27835	0.323563	0.178344	0.352963	0.425836	0.196573	0.327255	0.47731	0.212507	0.242377	0.464435	0.196484	0.255223	0.402916	0.143178	0.671538	0.458731	0.170906	0.665224	0.512658	0.19513	0.58183	0.526262	0.168383	0.572335	0.466978	0.158106	1.02146	0.423225	0.126541	1.10612	0.28434	0.236666	1.60648	0.42411	0.0363381	0.817707	0.454463	0.283454	0.0395265	0.361122	0.231247	0.023637	0.51414	0.162975	1.44319	0.342616	0.088302	0.878679	0.440975	0.0358124	0.871902	0.392264	0.300354	0.991094	0.283683	0.310605	1.30431	0.439855
78	0.307016	0.309249	1.46698	0.293082	0.305573	1.63889	0.473772	0.37281	1.29174	0.243958	0.547261	1.11763	0.343583	0.339827	0.0819353	0.156237	0.553197	0.970561	0.405609	0.478082	0.856326	0.394285	0.529322	1.19403	0.397173	0.551192	1.21073	0.27712	0.529901	1.28651	0.350794	0.421206	0.339477	0.370316	0.449064	0.38835	0.352245	0.430082	0.331737	0.263388	0.406451	0.29001	0.306008	0.443941	0.641067	0.493171	0.46472	0.65213	0.438426	0.449013	0.544629	0.440256	0.434741	0.557825	0.50208	0.460795	1.01121	0.409504	0.486649	1.10382	0.297011	0.375929	1.6116	0.42418	0.569715	0.813763	0.452369	0.353881	0.248338	0.0744347	0.412468	0.101651	0.120677	0.465052	1.44586	0.354222	0.516026	0.878111	0.450857	0.563836	0.873369	0.395818	0.238624	1.29298	0.239035	0.0652443	1.11108	0.335762	0.316326	0.03116	0.547241	0.0557997	0.968494	0.414439	0.119752	0.891367	0.422046	0.0810694	1.19983	0.403385	0.0733704	1.19978	0.269708	0.0861526	1.27958	0.331177	0.178061	0.352969	0.427148	0.196617	0.327014	0.478522	0.212548	0.242276	0.465278	0.196353	0.255271	0.403839	0.143146	0.671636	0.462561	0.171143	0.664783	0.516338	0.195321	0.581311	0.529103	0.168491	0.572269	0.469868	0.158339	1.02239	0.429782	0.126245	1.10714	0.292542	0.236745	1.60743	0.430508	0.0372293	0.819721	0.464577	0.283507	0.0396898	0.361183	0.231289	0.0236396	0.514151	0.163079	1.44441	0.349333	0.0890016	0.8806	0.450827	0.0363415	0.873406	0.401979	0.299937	0.992125	0.289926	0.311051	1.30541	0.446125
79	0.311003	0.309089	1.46798	0.299406	0.305774	1.63977	0.480232	0.372183	1.29275	0.249893	0.547118	1.11851	0.347367	0.340106	0.0811687	0.174065	0.554097	0.970974	0.408081	0.478285	0.857687	0.400329	0.529664	1.19461	0.401521	0.550405	1.21192	0.281089	0.529888	1.28734	0.355494	0.420979	0.340811	0.383745	0.448826	0.389596	0.365166	0.430067	0.332	0.276992	0.406395	0.2907	0.319959	0.444293	0.643376	0.503332	0.464798	0.654024	0.447871	0.448949	0.546537	0.451211	0.43469	0.560529	0.512718	0.460608	1.01265	0.415245	0.485996	1.10494	0.301337	0.376114	1.61251	0.430801	0.571629	0.813769	0.453171	0.354192	0.245725	0.088448	0.412777	0.100183	0.138179	0.465019	1.44667	0.359898	0.517606	0.877898	0.452876	0.564922	0.873914	0.397209	0.237892	1.29421	0.245504	0.0651201	1.11227	0.343974	0.316338	0.0311572	0.547264	0.0562352	0.970179	0.423487	0.119932	0.89206	0.427862	0.0812985	1.20131	0.411202	0.0728377	1.20078	0.277739	0.0859715	1.28077	0.338673	0.17796	0.352809	0.428671	0.196708	0.326848	0.479789	0.21262	0.242185	0.466175	0.19619	0.255351	0.404828	0.143012	0.671812	0.466385	0.171399	0.664324	0.519912	0.195475	0.580792	0.531891	0.168597	0.572322	0.472611	0.158491	1.02334	0.436306	0.126177	1.10804	0.301206	0.236779	1.60833	0.436927	0.0381846	0.821744	0.47463	0.283686	0.0398424	0.36121	0.231321	0.0236607	0.514163	0.163174	1.44562	0.356	0.0898461	0.882484	0.460356	0.0369226	0.874917	0.411701	0.29954	0.993112	0.296134	0.311572	1.30656	0.452498
80	0.31499	0.308952	1.46897	0.305657	0.306016	1.64066	0.486672	0.371483	1.29369	0.255934	0.546954	1.11935	0.350981	0.340421	0.0803322	0.192024	0.554883	0.97139	0.410554	0.478414	0.859126	0.40642	0.529973	1.19521	0.40568	0.549641	1.21304	0.285179	0.529877	1.2882	0.360125	0.421039	0.342085	0.397054	0.448508	0.390842	0.378102	0.429914	0.332177	0.290489	0.406261	0.291289	0.333937	0.444459	0.645949	0.513122	0.464925	0.655993	0.457273	0.448816	0.548532	0.461992	0.434643	0.56327	0.523287	0.460309	1.01404	0.418309	0.485319	1.106	0.305786	0.376241	1.61337	0.437118	0.573487	0.813821	0.454029	0.354492	0.242889	0.102606	0.413063	0.0986049	0.155908	0.465041	1.44741	0.365637	0.519219	0.877717	0.454973	0.565914	0.874499	0.39861	0.237164	1.29535	0.251991	0.065015	1.11345	0.352157	0.316335	0.0311544	0.547283	0.0566682	0.971825	0.432523	0.119812	0.892369	0.432161	0.0814157	1.20276	0.41903	0.0722925	1.20178	0.285709	0.0858212	1.28193	0.346179	0.178003	0.352599	0.4302	0.196812	0.326752	0.481102	0.212787	0.242058	0.467132	0.196025	0.255433	0.405891	0.143225	0.671938	0.469938	0.171459	0.663963	0.523458	0.195542	0.580285	0.534642	0.168567	0.572478	0.475274	0.158553	1.02428	0.442841	0.125771	1.10906	0.309334	0.236914	1.60925	0.443405	0.0391113	0.82363	0.484594	0.283777	0.0399717	0.361213	0.23134	0.0236833	0.514164	0.163298	1.44679	0.362687	0.0907658	0.884382	0.469937	0.0374641	0.876419	0.421363	0.299225	0.994111	0.302289	0.311886	1.30769	0.45871
81	0.318978	0.308869	1.46994	0.311875	0.306204	1.64153	0.493071	0.370878	1.29468	0.262083	0.546764	1.1202	0.354565	0.340778	0.0794675	0.210166	0.55561	0.971806	0.413025	0.478548	0.8605	0.412662	0.530318	1.19569	0.409567	0.548758	1.21414	0.289275	0.529912	1.28892	0.364777	0.420981	0.343263	0.410418	0.448239	0.392117	0.390838	0.429862	0.332336	0.303903	0.406273	0.291847	0.347923	0.444659	0.648741	0.522789	0.465058	0.657964	0.466655	0.448881	0.550642	0.472576	0.434718	0.566112	0.533803	0.460109	1.01551	0.423092	0.484586	1.10708	0.310202	0.376263	1.61436	0.443315	0.575373	0.813877	0.454859	0.354834	0.239831	0.116891	0.413371	0.0969379	0.173869	0.465151	1.44816	0.37144	0.521073	0.877687	0.456771	0.567008	0.875119	0.400216	0.236428	1.29654	0.258415	0.0648932	1.11468	0.360345	0.316347	0.031155	0.547309	0.0571858	0.973356	0.441569	0.119773	0.892661	0.436746	0.0815559	1.20416	0.426868	0.0716275	1.20282	0.293615	0.0856223	1.28313	0.353717	0.177856	0.352584	0.431716	0.196923	0.326652	0.482418	0.212962	0.241983	0.468096	0.195773	0.255513	0.406963	0.143411	0.672064	0.473422	0.171474	0.663682	0.526912	0.195523	0.579797	0.537324	0.168468	0.572632	0.477921	0.158632	1.02519	0.449411	0.125357	1.11015	0.317129	0.23709	1.61015	0.449824	0.0400235	0.825483	0.49455	0.283803	0.0400945	0.361239	0.231366	0.0237065	0.514172	0.163414	1.44795	0.369416	0.0916636	0.886212	0.479416	0.0380623	0.877885	0.431082	0.298862	0.99506	0.308442	0.311992	1.30874	0.464805
82	0.322965	0.308836	1.47082	0.318093	0.306297	1.64232	0.4995	0.370408	1.29566	0.268133	0.546508	1.12102	0.358054	0.340961	0.0785105	0.228499	0.556447	0.972284	0.415535	0.47854	0.861929	0.419213	0.530725	1.19609	0.41365	0.547831	1.21531	0.293328	0.529926	1.28967	0.369489	0.42083	0.344645	0.423775	0.448045	0.393514	0.403341	0.429828	0.332423	0.317327	0.406474	0.292442	0.361895	0.444757	0.651471	0.532217	0.465104	0.659981	0.475962	0.449001	0.552789	0.483114	0.434988	0.569027	0.544323	0.459907	1.017	0.42918	0.483927	1.10827	0.314555	0.376517	1.61524	0.449888	0.57722	0.814	0.455696	0.355278	0.236483	0.131291	0.413702	0.0951536	0.191998	0.465206	1.4489	0.377217	0.523285	0.877717	0.458324	0.568411	0.875849	0.402179	0.235754	1.29765	0.264799	0.0647459	1.11588	0.368503	0.316369	0.0311342	0.547336	0.0577497	0.974895	0.450622	0.119907	0.893231	0.442617	0.0817099	1.2055	0.434723	0.0709982	1.20383	0.301484	0.0854834	1.28435	0.361313	0.177594	0.352743	0.433212	0.197141	0.326517	0.483699	0.213095	0.24192	0.469042	0.195397	0.25561	0.407948	0.1435	0.672217	0.476881	0.171512	0.663355	0.530315	0.195498	0.579357	0.539913	0.168388	0.572787	0.480571	0.1587	1.02598	0.455987	0.125	1.11116	0.324938	0.237219	1.611	0.456153	0.0410381	0.827332	0.504473	0.283776	0.0402274	0.361267	0.23139	0.0237241	0.514189	0.163534	1.44908	0.376111	0.0924155	0.888029	0.488746	0.0386399	0.879291	0.440858	0.298523	0.99601	0.314655	0.312084	1.30977	0.470848
83	0.326952	0.308704	1.47168	0.324308	0.30638	1.64311	0.505927	0.369961	1.29657	0.274094	0.546314	1.12178	0.361589	0.341212	0.0774373	0.247015	0.557351	0.972764	0.417916	0.478668	0.863334	0.425508	0.531236	1.19661	0.417859	0.546879	1.21639	0.29733	0.529831	1.29043	0.374244	0.42086	0.346035	0.437033	0.44777	0.394812	0.415944	0.429683	0.332718	0.330863	0.40669	0.293013	0.375855	0.444835	0.654218	0.541452	0.465178	0.661996	0.485094	0.448918	0.554844	0.493612	0.435163	0.572011	0.554635	0.459641	1.01846	0.435491	0.48327	1.10934	0.318813	0.376681	1.61602	0.456248	0.579054	0.814208	0.4565	0.355607	0.232932	0.145843	0.413996	0.0932349	0.21029	0.465249	1.44961	0.382975	0.525123	0.87769	0.460207	0.569998	0.876671	0.404327	0.235125	1.29878	0.271139	0.064615	1.11702	0.376688	0.316389	0.0311165	0.547386	0.0582687	0.976473	0.45963	0.120189	0.893702	0.449012	0.0818945	1.20683	0.442614	0.0704145	1.20471	0.309337	0.0852663	1.2855	0.36891	0.17744	0.352799	0.434623	0.197393	0.326353	0.484989	0.213254	0.241822	0.469973	0.195153	0.255674	0.408949	0.143546	0.67241	0.48034	0.171567	0.66302	0.533689	0.195496	0.578918	0.542457	0.168349	0.573008	0.483268	0.158709	1.02672	0.462539	0.124765	1.1121	0.332771	0.237323	1.61183	0.462509	0.0420776	0.829176	0.514387	0.283717	0.040393	0.361305	0.231424	0.0237329	0.514208	0.163633	1.45016	0.382799	0.0929118	0.889935	0.497917	0.0392437	0.880725	0.450503	0.298227	0.996971	0.320906	0.3125	1.31077	0.477139
84	0.330939	0.308581	1.4726	0.330535	0.306495	1.64382	0.512316	0.369357	1.29749	0.280305	0.546176	1.1226	0.365034	0.341486	0.0762693	0.265751	0.558524	0.973157	0.420136	0.478929	0.864774	0.431652	0.531713	1.19721	0.422001	0.545774	1.21741	0.301376	0.529731	1.29109	0.378799	0.42099	0.347381	0.45029	0.44754	0.396105	0.428502	0.429788	0.332713	0.344409	0.406683	0.293616	0.389767	0.444938	0.656907	0.550664	0.465337	0.664024	0.494149	0.448963	0.556968	0.503963	0.435167	0.574963	0.564806	0.459411	1.01982	0.441758	0.482604	1.11032	0.323187	0.376706	1.61688	0.462413	0.580883	0.814498	0.457357	0.355856	0.22923	0.16053	0.414233	0.0911954	0.228777	0.465282	1.45026	0.38872	0.526663	0.877688	0.462229	0.570257	0.877008	0.405032	0.234494	1.29988	0.277525	0.0644725	1.11807	0.384868	0.316398	0.0311042	0.547445	0.0587777	0.977998	0.468503	0.120488	0.894043	0.455159	0.0821111	1.20814	0.450453	0.0698194	1.20566	0.317093	0.0850391	1.28656	0.376475	0.177345	0.352863	0.436022	0.197556	0.326172	0.486259	0.213495	0.241705	0.470849	0.194966	0.255783	0.409954	0.143616	0.672619	0.483921	0.171625	0.66264	0.537095	0.195517	0.578504	0.545001	0.168378	0.573191	0.485818	0.158718	1.02745	0.469073	0.124487	1.11301	0.340551	0.237441	1.61261	0.468919	0.0431271	0.831033	0.524316	0.28373	0.0405484	0.361362	0.231442	0.0237286	0.514231	0.163746	1.45118	0.389496	0.0935588	0.891762	0.506934	0.0398306	0.882164	0.460177	0.297918	0.9979	0.327103	0.312807	1.31179	0.483323
85	0.334927	0.308528	1.47344	0.336798	0.306673	1.64446	0.518687	0.368573	1.29846	0.286615	0.546034	1.1234	0.368524	0.341826	0.0750285	0.284707	0.559567	0.973546	0.422499	0.479206	0.866167	0.43783	0.532188	1.19772	0.426055	0.544599	1.21843	0.305461	0.529665	1.29173	0.383454	0.421026	0.348671	0.46364	0.447373	0.397238	0.440855	0.430091	0.332719	0.358044	0.406498	0.29448	0.403419	0.445063	0.659549	0.559723	0.465523	0.666075	0.503127	0.448966	0.559106	0.514208	0.434992	0.577776	0.574852	0.459239	1.02114	0.448013	0.481728	1.11128	0.327728	0.376872	1.61759	0.468767	0.582655	0.814798	0.45825	0.356182	0.225212	0.175365	0.414587	0.0890891	0.247479	0.465322	1.45088	0.394434	0.528099	0.877672	0.464042	0.5708	0.87728	0.405781	0.233873	1.30098	0.284028	0.0643801	1.11912	0.392975	0.316372	0.0311061	0.547512	0.0593768	0.979499	0.477342	0.120575	0.894308	0.460993	0.0823194	1.20942	0.458237	0.0692658	1.20657	0.324917	0.0847743	1.2876	0.383992	0.177236	0.352956	0.437346	0.197676	0.326103	0.487414	0.213721	0.241624	0.471652	0.194841	0.255918	0.410911	0.143674	0.67277	0.48743	0.171654	0.662274	0.540472	0.195539	0.578079	0.547526	0.1685	0.573247	0.488263	0.158816	1.02805	0.47561	0.123976	1.11388	0.348227	0.237545	1.61338	0.475337	0.0442096	0.832833	0.534205	0.283775	0.0407144	0.361436	0.23142	0.0237519	0.514285	0.163804	1.45216	0.396146	0.0949305	0.893414	0.516012	0.0402913	0.883657	0.469732	0.297642	0.99874	0.333286	0.313119	1.31272	0.489413
86	0.338914	0.308433	1.47416	0.343069	0.306818	1.64506	0.525085	0.367878	1.29934	0.29261	0.545816	1.12416	0.372149	0.342232	0.0737346	0.303754	0.560378	0.973936	0.424907	0.479499	0.867572	0.444075	0.532735	1.19813	0.430162	0.543554	1.21946	0.309527	0.529635	1.29244	0.388166	0.421105	0.350042	0.476839	0.447202	0.398319	0.453203	0.429983	0.332479	0.371404	0.406667	0.294946	0.417051	0.445264	0.662225	0.568662	0.465672	0.668053	0.511987	0.449009	0.561253	0.524363	0.43508	0.580675	0.584722	0.459053	1.02243	0.454176	0.480532	1.11224	0.332197	0.377098	1.61818	0.475304	0.584453	0.815073	0.459148	0.356578	0.220959	0.190387	0.415056	0.0868942	0.266346	0.465302	1.45146	0.400137	0.529412	0.877741	0.465373	0.571907	0.877711	0.407342	0.233275	1.30192	0.290518	0.0642742	1.12018	0.401062	0.316364	0.0311118	0.547563	0.0599569	0.980955	0.486223	0.120043	0.894377	0.466089	0.0825517	1.21068	0.46601	0.0686413	1.20743	0.332725	0.0845421	1.2886	0.391532	0.177164	0.353	0.438571	0.197786	0.326052	0.488457	0.213814	0.241621	0.472367	0.194757	0.256051	0.411752	0.143468	0.672929	0.490821	0.171679	0.661936	0.543788	0.195511	0.577597	0.550007	0.168529	0.573312	0.490681	0.158994	1.02852	0.482119	0.123477	1.11468	0.355767	0.237604	1.6141	0.481747	0.0452977	0.834621	0.544166	0.283787	0.0408655	0.361474	0.231349	0.0238141	0.514344	0.163909	1.45308	0.402765	0.097096	0.894812	0.525122	0.0407244	0.885219	0.479153	0.297361	0.999604	0.339498	0.313497	1.31353	0.49538
87	0.342901	0.308296	1.47484	0.349313	0.30692	1.64568	0.531495	0.367356	1.30006	0.29861	0.545606	1.12494	0.375799	0.342508	0.0723861	0.3226	0.561065	0.974315	0.426943	0.479744	0.868891	0.450364	0.533281	1.19853	0.434329	0.542543	1.2205	0.313617	0.529543	1.29309	0.392687	0.421379	0.351498	0.489878	0.447181	0.399362	0.46551	0.429904	0.332094	0.384723	0.406921	0.295163	0.430938	0.445438	0.664876	0.577539	0.465835	0.669972	0.520703	0.449134	0.563393	0.534426	0.435229	0.583576	0.594507	0.458885	1.02365	0.460257	0.479708	1.11326	0.33653	0.377113	1.61879	0.481439	0.5862	0.815382	0.460078	0.356996	0.216534	0.205593	0.415621	0.0846238	0.285281	0.465285	1.45198	0.405863	0.530676	0.877985	0.466406	0.572125	0.878239	0.40854	0.232754	1.30289	0.296913	0.0641439	1.12116	0.409216	0.316384	0.0311091	0.547603	0.0605134	0.98234	0.495102	0.11908	0.894307	0.470482	0.08284	1.21184	0.473751	0.0680209	1.20817	0.340542	0.0843312	1.28958	0.399104	0.177172	0.353056	0.439672	0.197846	0.326004	0.489415	0.213859	0.241619	0.473003	0.194706	0.256179	0.412498	0.142955	0.673137	0.494169	0.171724	0.661522	0.547108	0.19548	0.57712	0.552459	0.16845	0.573439	0.493106	0.159107	1.02898	0.488598	0.122992	1.11546	0.363232	0.237671	1.61475	0.488118	0.0463874	0.836388	0.554097	0.283669	0.0410321	0.361272	0.231326	0.0238287	0.514396	0.163996	1.45394	0.409387	0.0983935	0.896323	0.534315	0.0410383	0.88664	0.488198	0.297164	1.00045	0.345754	0.313901	1.31435	0.50126
88	0.346888	0.308208	1.47549	0.355513	0.307078	1.64622	0.53789	0.366948	1.3008	0.304591	0.545429	1.12567	0.379397	0.342555	0.0710725	0.341048	0.561847	0.974716	0.429217	0.479951	0.870272	0.456866	0.533798	1.19905	0.43842	0.541361	1.22143	0.317778	0.529376	1.29364	0.397155	0.421532	0.352951	0.502976	0.447208	0.400336	0.477784	0.430262	0.331819	0.398319	0.407226	0.295406	0.445367	0.445602	0.667475	0.586253	0.465991	0.671864	0.529318	0.449008	0.565517	0.544444	0.435259	0.586414	0.604265	0.458827	1.02479	0.466201	0.47905	1.11413	0.340932	0.377178	1.61935	0.487624	0.588077	0.815715	0.460958	0.357415	0.211905	0.221033	0.41611	0.0822215	0.304353	0.465314	1.45249	0.411656	0.532072	0.878044	0.468032	0.57253	0.878797	0.409864	0.23225	1.30379	0.303246	0.0639039	1.12207	0.417315	0.316405	0.0310957	0.547659	0.0610269	0.983674	0.503966	0.119378	0.894439	0.476378	0.0831414	1.21297	0.481482	0.0673902	1.20886	0.348423	0.0841213	1.29054	0.406627	0.177191	0.353123	0.440647	0.197844	0.325954	0.4903	0.213883	0.241666	0.473589	0.194686	0.256317	0.41322	0.142963	0.673264	0.497637	0.17177	0.661088	0.550432	0.195478	0.576622	0.554889	0.168358	0.573571	0.495537	0.159159	1.02936	0.49508	0.12253	1.11619	0.370702	0.237828	1.61533	0.494468	0.0475558	0.838038	0.563888	0.283431	0.0412872	0.360823	0.231344	0.0238321	0.514446	0.164157	1.45477	0.416039	0.0990776	0.898089	0.543472	0.0413986	0.887986	0.497401	0.296972	1.00118	0.351969	0.314489	1.31516	0.507434
89	0.350875	0.308145	1.47609	0.361687	0.307283	1.64666	0.544273	0.366712	1.30159	0.309975	0.545165	1.12634	0.383055	0.342961	0.0696095	0.359874	0.562513	0.975158	0.431747	0.480174	0.871582	0.463536	0.534272	1.19962	0.44248	0.540091	1.2223	0.321906	0.529261	1.2942	0.401722	0.421636	0.354361	0.515978	0.447184	0.401313	0.489928	0.430369	0.331207	0.41175	0.407772	0.295379	0.460015	0.44578	0.669972	0.594893	0.466223	0.673674	0.538127	0.448989	0.567645	0.554343	0.435202	0.589182	0.613893	0.458741	1.0259	0.472261	0.478396	1.11493	0.345488	0.377425	1.61985	0.494175	0.590124	0.816106	0.461822	0.358013	0.207104	0.236648	0.416546	0.0799983	0.323473	0.465356	1.453	0.417407	0.534145	0.878053	0.47061	0.573344	0.879369	0.411422	0.231707	1.30462	0.309481	0.0637201	1.12299	0.425325	0.316429	0.0311006	0.547716	0.0615253	0.985004	0.512774	0.120311	0.894742	0.483145	0.083476	1.21403	0.489193	0.0667022	1.20959	0.356396	0.0839358	1.29139	0.414084	0.177183	0.353195	0.441489	0.197775	0.32595	0.491102	0.213824	0.241721	0.47413	0.194692	0.256425	0.413862	0.143327	0.673265	0.501122	0.171742	0.660631	0.553756	0.195491	0.576163	0.557302	0.168347	0.573665	0.497952	0.159165	1.02957	0.501616	0.122105	1.11696	0.378286	0.238081	1.61584	0.500772	0.0487149	0.839652	0.573661	0.283522	0.0416304	0.36087	0.231383	0.0238551	0.514478	0.164251	1.45559	0.422671	0.0995075	0.899902	0.552613	0.0420724	0.889218	0.506902	0.296821	1.00184	0.358125	0.315445	1.31601	0.513888
90	0.354863	0.308037	1.47662	0.367863	0.307439	1.64706	0.550643	0.366714	1.30244	0.314272	0.544924	1.12697	0.386729	0.34355	0.068128	0.379108	0.563153	0.975621	0.434388	0.480346	0.87291	0.470121	0.53486	1.20003	0.446602	0.538888	1.22315	0.325952	0.529154	1.2949	0.406271	0.421901	0.355694	0.52886	0.447042	0.402219	0.501896	0.430099	0.330306	0.424921	0.408325	0.295391	0.474288	0.445977	0.672537	0.603425	0.466638	0.675426	0.547151	0.448886	0.569661	0.564065	0.435241	0.591908	0.623374	0.458557	1.02697	0.478343	0.477783	1.11578	0.349994	0.377822	1.62027	0.50098	0.59191	0.816391	0.462764	0.358779	0.202197	0.252439	0.416891	0.0779076	0.342585	0.465383	1.45342	0.423067	0.537562	0.878237	0.474422	0.57394	0.879872	0.412995	0.231195	1.30532	0.315659	0.0635557	1.12383	0.433324	0.316452	0.0311016	0.547777	0.0621056	0.986274	0.521532	0.120933	0.89495	0.48964	0.0839118	1.21505	0.496905	0.0660684	1.21022	0.364355	0.0837586	1.29214	0.421486	0.177118	0.353282	0.442247	0.197671	0.32596	0.491789	0.213668	0.241748	0.474618	0.19466	0.256585	0.414333	0.143126	0.673313	0.504505	0.171702	0.660176	0.557069	0.195535	0.575629	0.559714	0.16847	0.573673	0.500355	0.159132	1.02973	0.508143	0.121558	1.11787	0.385936	0.238273	1.61631	0.507115	0.0498341	0.841257	0.583406	0.283682	0.0419055	0.360957	0.231417	0.0238708	0.514505	0.164348	1.45632	0.42925	0.10014	0.901555	0.561751	0.043092	0.890198	0.516559	0.296741	1.00253	0.3643	0.315868	1.31675	0.520185
91	0.35885	0.307894	1.4771	0.374107	0.307544	1.64744	0.557016	0.3664	1.303	0.319574	0.544647	1.12761	0.390465	0.344557	0.0667354	0.399939	0.563846	0.975995	0.436922	0.480465	0.874083	0.476386	0.535727	1.20038	0.450716	0.537813	1.22402	0.329978	0.529041	1.29548	0.410729	0.422082	0.356938	0.541764	0.446848	0.403062	0.513738	0.430212	0.329516	0.438376	0.408753	0.295521	0.488414	0.446182	0.675087	0.611868	0.466908	0.677146	0.55578	0.448844	0.571665	0.573729	0.435307	0.594639	0.632755	0.458395	1.02792	0.484374	0.47719	1.11655	0.354338	0.377954	1.62066	0.507332	0.593498	0.816615	0.463801	0.35932	0.19717	0.268397	0.417419	0.0754935	0.36199	0.465353	1.45371	0.428793	0.541838	0.878448	0.478054	0.574272	0.880265	0.414658	0.230735	1.30593	0.322103	0.0633056	1.12456	0.441546	0.316486	0.0310901	0.547835	0.0627068	0.987482	0.530229	0.121158	0.894949	0.495634	0.0843742	1.216	0.504553	0.0654052	1.21079	0.3722	0.0836168	1.29283	0.428874	0.176987	0.353427	0.442934	0.197543	0.325957	0.492325	0.213458	0.241775	0.47506	0.194675	0.256829	0.414686	0.142984	0.673388	0.50785	0.171755	0.659624	0.560373	0.195561	0.574985	0.562144	0.168622	0.573677	0.502823	0.159038	1.02983	0.514752	0.121031	1.1186	0.393613	0.238384	1.61671	0.513448	0.0510518	0.842784	0.593039	0.283823	0.0420745	0.361033	0.23143	0.0238848	0.514548	0.164429	1.45694	0.435785	0.100921	0.903104	0.570823	0.0437901	0.891293	0.526073	0.29665	1.00316	0.370533	0.315771	1.31733	0.526343
92	0.362837	0.307703	1.47753	0.380358	0.307626	1.64775	0.563402	0.366	1.30345	0.3256	0.544436	1.12822	0.394241	0.345708	0.0653696	0.421269	0.564592	0.976242	0.439498	0.480449	0.875199	0.482434	0.536899	1.20074	0.454719	0.536565	1.22504	0.334099	0.528935	1.29586	0.41522	0.422246	0.358187	0.554599	0.446766	0.403821	0.525616	0.430734	0.328702	0.452078	0.409068	0.295645	0.502571	0.44633	0.677528	0.620277	0.467087	0.678901	0.564048	0.448724	0.573657	0.583285	0.435242	0.597272	0.642043	0.458316	1.02871	0.490392	0.476684	1.11726	0.358775	0.377794	1.6212	0.513224	0.594942	0.816846	0.464715	0.359721	0.191982	0.284565	0.418161	0.0728228	0.381709	0.465331	1.45397	0.434595	0.544709	0.878865	0.48105	0.574795	0.880781	0.41644	0.230233	1.30649	0.328713	0.0628344	1.12537	0.449779	0.316514	0.0310905	0.547893	0.0632682	0.988669	0.538939	0.121244	0.894822	0.501433	0.0847707	1.21687	0.512115	0.0646828	1.21137	0.3799	0.0834597	1.29352	0.436285	0.176785	0.353594	0.443529	0.197331	0.325972	0.492762	0.213281	0.241768	0.475466	0.19483	0.257081	0.415013	0.143082	0.673353	0.511219	0.171975	0.658993	0.563643	0.195522	0.574404	0.564559	0.168553	0.573786	0.505383	0.158939	1.02985	0.521468	0.120473	1.11915	0.401321	0.238488	1.61708	0.519768	0.0524164	0.844217	0.602603	0.284039	0.0420158	0.361308	0.231421	0.0239333	0.514623	0.16457	1.45747	0.442311	0.101711	0.90459	0.579842	0.0441997	0.892453	0.535442	0.296568	1.00368	0.376765	0.31541	1.31779	0.532427
93	0.366824	0.30761	1.47785	0.386535	0.307741	1.648	0.569736	0.365517	1.30371	0.332164	0.544274	1.1288	0.397998	0.346507	0.0638376	0.44136	0.5653	0.976488	0.442052	0.480458	0.876198	0.488658	0.53764	1.20101	0.458688	0.535311	1.22587	0.33833	0.528774	1.29624	0.41984	0.422583	0.359355	0.567381	0.44678	0.404452	0.537451	0.430684	0.327671	0.465408	0.409344	0.295691	0.516782	0.446413	0.679833	0.628552	0.46725	0.680584	0.572274	0.448738	0.575624	0.592634	0.435234	0.599947	0.651169	0.458256	1.02944	0.496318	0.476157	1.11794	0.363288	0.37777	1.62155	0.519233	0.59642	0.817095	0.465798	0.360063	0.186684	0.300984	0.418984	0.070337	0.401426	0.465316	1.45423	0.440297	0.54635	0.879026	0.483439	0.575449	0.881348	0.418262	0.229767	1.3069	0.335114	0.0626444	1.12613	0.457654	0.316485	0.03112	0.547966	0.0638683	0.989756	0.547645	0.121255	0.89462	0.507068	0.0852012	1.21765	0.519622	0.0640189	1.21181	0.387294	0.0833238	1.29414	0.443693	0.176641	0.353726	0.444049	0.19705	0.325948	0.493231	0.213149	0.241757	0.475862	0.195159	0.257308	0.415329	0.143352	0.67324	0.514595	0.172184	0.658429	0.566837	0.195499	0.573858	0.566955	0.168439	0.573861	0.507886	0.158804	1.02981	0.528317	0.119973	1.1196	0.408952	0.238652	1.61741	0.526112	0.0535232	0.845663	0.612143	0.284205	0.0419209	0.361719	0.231444	0.0239543	0.514669	0.164693	1.458	0.448864	0.10253	0.905999	0.588825	0.0449179	0.893538	0.54479	0.296432	1.00416	0.382974	0.316102	1.31831	0.538622
94	0.370812	0.307542	1.47807	0.392683	0.307878	1.64819	0.576069	0.364936	1.3038	0.339203	0.544133	1.12924	0.401828	0.347236	0.0622528	0.460628	0.56599	0.97679	0.444663	0.48073	0.877242	0.495571	0.53811	1.2013	0.462841	0.534031	1.22648	0.342392	0.528569	1.29665	0.424455	0.422762	0.360412	0.58013	0.446882	0.404981	0.549063	0.430672	0.326347	0.478636	0.409712	0.295639	0.531068	0.446778	0.682057	0.636824	0.467649	0.682171	0.580483	0.448695	0.577514	0.601952	0.435266	0.602558	0.660188	0.458196	1.03008	0.50207	0.475614	1.11854	0.367766	0.377884	1.6217	0.525467	0.597868	0.817338	0.466921	0.360457	0.181272	0.317702	0.419806	0.0679779	0.421132	0.465338	1.45441	0.445919	0.547518	0.878898	0.485471	0.576075	0.881884	0.420122	0.229356	1.30725	0.341369	0.0627264	1.12664	0.465264	0.316354	0.0311558	0.548036	0.0643896	0.990793	0.556329	0.121133	0.894317	0.51261	0.0857365	1.21838	0.527168	0.0633171	1.21221	0.39437	0.0831972	1.29465	0.451043	0.17658	0.353849	0.444536	0.196724	0.325878	0.49373	0.212932	0.241782	0.476177	0.19514	0.257517	0.415533	0.143464	0.6732	0.517992	0.172337	0.657916	0.570026	0.195727	0.573208	0.569252	0.168374	0.573919	0.510324	0.158623	1.02973	0.535248	0.119567	1.11994	0.416519	0.238825	1.61768	0.532531	0.0549347	0.846983	0.621657	0.284365	0.0422655	0.361974	0.231604	0.0237715	0.514524	0.16476	1.45846	0.455412	0.103447	0.90733	0.597737	0.0455526	0.894609	0.554314	0.296301	1.00458	0.389156	0.316634	1.31876	0.54483
95	0.374799	0.307373	1.47829	0.398939	0.308029	1.64834	0.582452	0.3644	1.30394	0.345635	0.543954	1.12961	0.405826	0.34786	0.0605383	0.479539	0.566614	0.977124	0.447337	0.481331	0.878526	0.503404	0.538591	1.20155	0.467048	0.532732	1.22698	0.34611	0.528431	1.29701	0.429115	0.422846	0.361466	0.592877	0.447013	0.405364	0.560603	0.431163	0.324729	0.492105	0.41016	0.295506	0.545417	0.447713	0.684215	0.645024	0.468272	0.683728	0.588691	0.448591	0.579276	0.611198	0.435383	0.605105	0.6691	0.458129	1.03063	0.507993	0.475224	1.11909	0.372172	0.37815	1.62177	0.532006	0.599299	0.817532	0.468041	0.360906	0.17572	0.334529	0.420518	0.065604	0.440979	0.465372	1.4545	0.451665	0.54881	0.878721	0.487672	0.576619	0.882278	0.421978	0.228889	1.30757	0.347643	0.0626652	1.12707	0.472977	0.316206	0.0311311	0.548098	0.0648325	0.991861	0.564987	0.121328	0.893988	0.518509	0.0863068	1.21902	0.534699	0.0625768	1.21259	0.4019	0.0830557	1.2951	0.458347	0.176551	0.353978	0.444993	0.196409	0.325819	0.494238	0.21266	0.24183	0.476459	0.194723	0.257791	0.415554	0.143539	0.673152	0.521418	0.172547	0.657359	0.573206	0.195908	0.572597	0.571608	0.168382	0.573901	0.512742	0.158509	1.02949	0.541957	0.119142	1.12023	0.424074	0.238873	1.61789	0.538911	0.0562352	0.848267	0.631152	0.284445	0.0425971	0.362137	0.231945	0.0232732	0.5141	0.164756	1.45886	0.461914	0.104357	0.908617	0.606594	0.0462603	0.895541	0.563652	0.296177	1.00494	0.395371	0.316794	1.31911	0.551002
96	0.378786	0.30722	1.47851	0.405214	0.308201	1.64842	0.588812	0.363936	1.30418	0.351433	0.543787	1.13004	0.409773	0.348612	0.0589354	0.499348	0.567217	0.97741	0.450123	0.481762	0.879596	0.5107	0.538952	1.20169	0.47113	0.531571	1.22754	0.350169	0.528297	1.29725	0.433905	0.423128	0.362443	0.605489	0.447066	0.405648	0.572266	0.431393	0.323099	0.505628	0.410589	0.295346	0.559677	0.448476	0.686262	0.652956	0.468703	0.685248	0.596847	0.448585	0.581003	0.620316	0.435245	0.607401	0.677978	0.458082	1.03109	0.514104	0.474803	1.11965	0.376575	0.378633	1.62178	0.538856	0.600688	0.817697	0.46931	0.361251	0.170225	0.35134	0.421171	0.063352	0.46088	0.465333	1.4545	0.457501	0.550137	0.878572	0.48993	0.577185	0.88267	0.423955	0.228399	1.30783	0.354084	0.0623542	1.12757	0.4809	0.316187	0.0313612	0.548247	0.065296	0.992842	0.573608	0.121787	0.893657	0.524626	0.0868574	1.21961	0.54217	0.0618648	1.21287	0.409933	0.0829631	1.29556	0.465578	0.176532	0.354078	0.445438	0.196061	0.325808	0.494734	0.212458	0.241824	0.4767	0.194517	0.258062	0.415762	0.143744	0.673041	0.524859	0.172836	0.656773	0.576406	0.196031	0.572024	0.574024	0.168421	0.573851	0.515181	0.158419	1.02901	0.547825	0.118707	1.12046	0.43167	0.238909	1.61798	0.545183	0.0573514	0.849513	0.64057	0.284349	0.0427352	0.362363	0.232111	0.023082	0.513974	0.164773	1.45916	0.468369	0.10505	0.909921	0.615446	0.046869	0.89641	0.572853	0.296156	1.0052	0.401604	0.31692	1.31939	0.557207
97	0.382773	0.307168	1.47871	0.411421	0.308369	1.64845	0.595126	0.363556	1.30439	0.356931	0.543629	1.13044	0.413652	0.349517	0.0574354	0.519766	0.567775	0.977669	0.452885	0.482009	0.880385	0.517515	0.539382	1.20176	0.475204	0.53055	1.22811	0.354625	0.52816	1.29738	0.438583	0.423353	0.363306	0.618075	0.447249	0.405779	0.583765	0.431455	0.321589	0.519186	0.410934	0.295144	0.573926	0.448827	0.688216	0.660852	0.468979	0.686703	0.604868	0.448665	0.582728	0.629244	0.435234	0.609673	0.686643	0.458006	1.03144	0.52015	0.474337	1.12013	0.381152	0.378905	1.62178	0.545337	0.601979	0.817834	0.470592	0.361551	0.164814	0.36805	0.421791	0.0611884	0.480863	0.465251	1.45444	0.463261	0.551247	0.878516	0.491775	0.577775	0.883033	0.425971	0.227995	1.30797	0.360582	0.0618779	1.12809	0.489155	0.315979	0.0317016	0.548306	0.0658294	0.993678	0.582169	0.122239	0.893296	0.530708	0.0874551	1.22016	0.549641	0.0611152	1.21315	0.418338	0.0828689	1.2959	0.472796	0.176402	0.354218	0.445939	0.195711	0.325815	0.495248	0.212294	0.241882	0.476871	0.194515	0.258343	0.416143	0.143968	0.672947	0.528312	0.173087	0.656274	0.579625	0.196099	0.57148	0.576472	0.168459	0.573816	0.517677	0.158372	1.02818	0.552753	0.118299	1.12064	0.439261	0.239049	1.61806	0.551439	0.0584601	0.850724	0.64991	0.284344	0.0428939	0.362511	0.232152	0.0231137	0.514046	0.164891	1.45935	0.474838	0.105673	0.911122	0.62432	0.0471443	0.897267	0.582137	0.296175	1.00541	0.40781	0.316838	1.31951	0.563315
98	0.38676	0.307049	1.47868	0.417622	0.308503	1.6484	0.601434	0.363203	1.30437	0.362915	0.543406	1.13072	0.417519	0.350533	0.0560652	0.54051	0.56838	0.977903	0.455622	0.482233	0.880976	0.524225	0.539862	1.20177	0.479431	0.529514	1.22864	0.359286	0.52803	1.29749	0.443186	0.423562	0.364095	0.630608	0.447364	0.40571	0.595128	0.431712	0.320175	0.532834	0.411229	0.294831	0.588196	0.448912	0.69013	0.668795	0.469044	0.68802	0.612744	0.448716	0.584338	0.638118	0.435322	0.61183	0.695248	0.457989	1.03172	0.526083	0.473835	1.12045	0.385932	0.378863	1.62176	0.551408	0.60323	0.817966	0.471994	0.361873	0.159343	0.384989	0.422571	0.0588463	0.500979	0.465176	1.45431	0.469005	0.552095	0.878248	0.493016	0.578366	0.883329	0.428008	0.227555	1.30799	0.36696	0.0615765	1.12852	0.49714	0.316046	0.0315781	0.548197	0.0665079	0.99444	0.590601	0.122548	0.892792	0.536645	0.0880521	1.2206	0.557098	0.0603694	1.21334	0.426333	0.0827727	1.29613	0.480048	0.176163	0.354446	0.446559	0.195469	0.32578	0.495777	0.212131	0.241951	0.477203	0.194519	0.258618	0.416556	0.144039	0.672912	0.531781	0.173326	0.655754	0.582846	0.196184	0.570904	0.578911	0.168441	0.573798	0.52018	0.1583	1.02748	0.558306	0.117801	1.1208	0.446701	0.23922	1.61811	0.557794	0.0595539	0.85187	0.659125	0.284436	0.04315	0.362589	0.232155	0.0231314	0.514134	0.164943	1.4595	0.481305	0.106295	0.912199	0.633219	0.0472635	0.898139	0.591601	0.296194	1.00554	0.413977	0.316189	1.31946	0.569198
99	0.390748	0.306917	1.47845	0.423877	0.308656	1.64827	0.60775	0.362779	1.3042	0.369237	0.54321	1.13091	0.42137	0.351486	0.0548228	0.561637	0.56897	0.978021	0.45838	0.482452	0.881576	0.531017	0.5403	1.20167	0.483636	0.528473	1.22915	0.364027	0.527865	1.29759	0.447926	0.423944	0.364801	0.643015	0.447539	0.405444	0.6065	0.432219	0.318655	0.54645	0.411429	0.294401	0.602401	0.448715	0.691903	0.676617	0.468819	0.689152	0.620599	0.44869	0.585751	0.647026	0.435348	0.613931	0.703776	0.458095	1.03191	0.531922	0.473214	1.12062	0.390873	0.378606	1.62179	0.557264	0.604451	0.818071	0.473366	0.362155	0.153664	0.402964	0.423315	0.0567996	0.521077	0.465161	1.45419	0.474762	0.5531	0.878061	0.494925	0.578979	0.883653	0.430152	0.226947	1.30794	0.373152	0.0615247	1.12878	0.504963	0.316316	0.0311273	0.547961	0.0673125	0.995075	0.598959	0.122652	0.892213	0.542537	0.0886351	1.22095	0.564489	0.0597068	1.21343	0.434009	0.082647	1.29637	0.487259	0.176002	0.354636	0.447201	0.195225	0.325757	0.496343	0.211888	0.241983	0.477601	0.194485	0.258871	0.416868	0.144046	0.672852	0.535287	0.173685	0.655121	0.586036	0.196372	0.570381	0.581324	0.168377	0.573721	0.522672	0.15824	1.02682	0.564351	0.117308	1.12083	0.454177	0.239354	1.61806	0.564177	0.0605814	0.852925	0.668342	0.284538	0.0434212	0.362666	0.232175	0.023134	0.514208	0.165013	1.45958	0.487754	0.107036	0.913205	0.642029	0.048286	0.898714	0.60075	0.29616	1.00561	0.420166	0.315954	1.31939	0.575222
100	0.394735	0.306929	1.47825	0.430056	0.308809	1.64812	0.614082	0.362292	1.30397	0.375611	0.543005	1.13108	0.425251	0.352259	0.0536455	0.582538	0.569477	0.978089	0.461318	0.482672	0.882155	0.537842	0.540609	1.20147	0.487781	0.527469	1.22962	0.368764	0.527731	1.29764	0.452765	0.424223	0.365366	0.655401	0.447701	0.405068	0.617993	0.432483	0.31682	0.560019	0.411781	0.294002	0.616576	0.448428	0.693493	0.684216	0.468368	0.690188	0.628494	0.448719	0.587144	0.655744	0.435409	0.615955	0.712158	0.458078	1.03208	0.538005	0.472712	1.12081	0.395612	0.378594	1.62172	0.563383	0.605671	0.818143	0.47479	0.362329	0.147736	0.421088	0.424036	0.0547766	0.541387	0.465135	1.45408	0.480475	0.554262	0.877824	0.497311	0.579592	0.884	0.432352	0.226444	1.30785	0.379417	0.0613939	1.12899	0.512652	0.3165	0.0311675	0.548111	0.0679293	0.995669	0.607337	0.122837	0.891625	0.548437	0.0892013	1.22123	0.571839	0.0591479	1.21336	0.441519	0.0825034	1.29653	0.494342	0.17589	0.354749	0.447856	0.194908	0.325755	0.496967	0.211559	0.242003	0.477934	0.194441	0.259121	0.417321	0.144132	0.672736	0.538774	0.174029	0.654487	0.589187	0.196613	0.569922	0.583734	0.168269	0.573649	0.525158	0.158078	1.02611	0.570547	0.116998	1.12078	0.461894	0.239444	1.61795	0.570492	0.0615907	0.8539	0.677613	0.284602	0.0437139	0.362798	0.232228	0.0231407	0.514258	0.165044	1.45958	0.494146	0.107867	0.914132	0.650757	0.0493084	0.899214	0.609692	0.29615	1.00558	0.426389	0.316037	1.31936	0.581406
101	0.398722	0.306917	1.47808	0.436251	0.30886	1.64792	0.620418	0.361894	1.30374	0.381878	0.542848	1.13126	0.42925	0.353204	0.0524634	0.60322	0.57006	0.978055	0.464229	0.482916	0.882663	0.544652	0.540886	1.20127	0.492024	0.526542	1.23001	0.373435	0.527632	1.29762	0.457506	0.424588	0.365932	0.667732	0.447976	0.404669	0.629375	0.432585	0.314791	0.573541	0.412112	0.293595	0.630756	0.448605	0.695006	0.691901	0.468526	0.691331	0.636279	0.448795	0.588508	0.6643	0.435383	0.617724	0.720569	0.457993	1.03216	0.544223	0.472273	1.12104	0.400316	0.378734	1.62159	0.569685	0.606792	0.818146	0.476287	0.362791	0.142	0.438922	0.42482	0.0526439	0.561839	0.465053	1.45384	0.486268	0.555596	0.877656	0.499867	0.580084	0.884244	0.434556	0.226058	1.30767	0.385794	0.0612479	1.12906	0.520517	0.31648	0.0314232	0.548383	0.0683618	0.996235	0.615707	0.123036	0.890955	0.554313	0.0898668	1.22143	0.579181	0.058598	1.21322	0.448989	0.0824779	1.29656	0.501427	0.175771	0.354872	0.448511	0.19465	0.325748	0.497633	0.211148	0.242004	0.478195	0.194442	0.259339	0.417796	0.144188	0.672596	0.542274	0.174447	0.653907	0.592262	0.196808	0.569423	0.586161	0.16808	0.573638	0.527713	0.15788	1.02537	0.576667	0.116694	1.12066	0.469853	0.239512	1.6178	0.576795	0.0626195	0.854823	0.686805	0.284635	0.0440009	0.362941	0.232293	0.0231365	0.5143	0.165081	1.45949	0.500524	0.108638	0.915011	0.659403	0.050271	0.899644	0.618481	0.296246	1.00543	0.432587	0.316195	1.31926	0.587686
102	0.402709	0.306787	1.47783	0.442537	0.308894	1.64766	0.626744	0.361561	1.30345	0.388166	0.542663	1.13135	0.433352	0.354185	0.0514099	0.623814	0.570668	0.977986	0.467104	0.483125	0.88309	0.551443	0.541267	1.20108	0.496358	0.525572	1.23029	0.378079	0.527465	1.29755	0.46232	0.424955	0.366425	0.679948	0.448153	0.404215	0.640658	0.432868	0.31256	0.587063	0.412465	0.293213	0.644939	0.448982	0.696549	0.699642	0.468912	0.692454	0.643944	0.449038	0.589849	0.672755	0.435411	0.619355	0.728882	0.457942	1.03216	0.550547	0.471836	1.12117	0.404935	0.378871	1.6213	0.576034	0.607838	0.818117	0.477912	0.363105	0.136301	0.45685	0.425615	0.0504247	0.582488	0.46492	1.45347	0.492188	0.556684	0.877336	0.502473	0.580466	0.884432	0.436849	0.225727	1.30742	0.392249	0.0610809	1.12908	0.528173	0.316502	0.0315116	0.548508	0.0687502	0.996727	0.624035	0.123198	0.890249	0.560137	0.0905783	1.22158	0.586521	0.0580736	1.213	0.456459	0.0823898	1.29649	0.508521	0.175637	0.35503	0.449246	0.194411	0.325713	0.498327	0.210878	0.242011	0.478592	0.194488	0.259578	0.418279	0.144082	0.672491	0.545811	0.174812	0.653355	0.595419	0.196936	0.56894	0.588592	0.167938	0.573631	0.530318	0.157688	1.02465	0.582768	0.116321	1.12043	0.477435	0.239551	1.61755	0.583126	0.0636431	0.855683	0.695871	0.284691	0.0443124	0.363078	0.232317	0.0231677	0.514364	0.165117	1.45935	0.506927	0.109397	0.91583	0.667978	0.0511537	0.900028	0.627203	0.296383	1.0052	0.438739	0.316357	1.31905	0.594013
103	0.406696	0.306669	1.47748	0.448861	0.308907	1.64729	0.633106	0.361102	1.30301	0.394662	0.542477	1.13134	0.437389	0.3552	0.0506903	0.64465	0.571204	0.977916	0.470107	0.483372	0.88339	0.558254	0.541644	1.20082	0.500655	0.524611	1.23055	0.382735	0.527297	1.2974	0.467318	0.425246	0.366829	0.692163	0.448548	0.403531	0.651774	0.433471	0.310398	0.600641	0.412864	0.292733	0.659102	0.448893	0.697803	0.707229	0.469061	0.693337	0.651526	0.44918	0.591078	0.681111	0.435467	0.621009	0.736976	0.457966	1.03209	0.556935	0.47142	1.1212	0.409612	0.378979	1.62095	0.582393	0.608859	0.818071	0.479686	0.363261	0.130508	0.475	0.426378	0.0484902	0.603125	0.46488	1.45306	0.498169	0.557118	0.876707	0.505119	0.580867	0.884576	0.439231	0.22544	1.3071	0.398702	0.0609746	1.12896	0.535791	0.316825	0.0311535	0.548464	0.0692027	0.997137	0.632302	0.123335	0.889517	0.565905	0.0910026	1.2217	0.593799	0.0575745	1.2127	0.463913	0.0822757	1.29631	0.51565	0.175516	0.355202	0.450117	0.194147	0.325641	0.499061	0.210724	0.242034	0.47912	0.194644	0.259889	0.418778	0.143926	0.672402	0.549383	0.175058	0.652748	0.598653	0.197046	0.568421	0.591041	0.167894	0.573544	0.53298	0.157495	1.02378	0.588903	0.116005	1.12011	0.484771	0.239576	1.61719	0.589429	0.0646083	0.856456	0.704895	0.284794	0.0447207	0.363203	0.23214	0.023445	0.514532	0.165118	1.45911	0.513337	0.110119	0.916512	0.676562	0.0512107	0.900548	0.636368	0.296549	1.00492	0.444871	0.316417	1.31871	0.600302
104	0.410684	0.306595	1.47712	0.455134	0.308964	1.6469	0.639468	0.360446	1.30235	0.401351	0.542358	1.13131	0.441402	0.356379	0.0502557	0.665747	0.571628	0.977804	0.473141	0.483644	0.883637	0.565034	0.541868	1.20046	0.505051	0.523712	1.23074	0.38747	0.527139	1.29717	0.472398	0.425688	0.367148	0.704238	0.448989	0.402608	0.662852	0.433883	0.30831	0.614465	0.413104	0.29212	0.673193	0.448758	0.69889	0.714751	0.469139	0.69406	0.659149	0.44934	0.59208	0.689327	0.43551	0.622499	0.744972	0.457921	1.03194	0.563259	0.471066	1.12114	0.414396	0.379071	1.62052	0.588709	0.609846	0.818005	0.481412	0.363381	0.124627	0.493555	0.427087	0.046731	0.623816	0.464885	1.45255	0.504153	0.556638	0.875887	0.507493	0.58135	0.884677	0.441688	0.22515	1.3067	0.40511	0.0608098	1.12878	0.543465	0.317477	0.0304135	0.548338	0.0696893	0.997444	0.640529	0.123457	0.888695	0.571624	0.0912494	1.22176	0.601053	0.0570893	1.21237	0.471362	0.0821602	1.29606	0.522699	0.175413	0.355398	0.451105	0.193881	0.325561	0.499931	0.210547	0.242101	0.479733	0.19469	0.260175	0.419383	0.144045	0.672125	0.552991	0.175186	0.652116	0.601942	0.197149	0.567838	0.59356	0.167841	0.573442	0.535694	0.157352	1.02292	0.595137	0.115688	1.11971	0.49208	0.239615	1.61679	0.59577	0.0655065	0.85717	0.714024	0.284986	0.045206	0.363305	0.231673	0.0241103	0.514984	0.16519	1.45873	0.519709	0.110819	0.917132	0.685062	0.0515633	0.900933	0.645358	0.296701	1.00456	0.450969	0.316429	1.31829	0.606511
105	0.414671	0.306503	1.47667	0.461441	0.30909	1.64649	0.645771	0.359957	1.30177	0.407785	0.542213	1.13124	0.445455	0.357347	0.0499404	0.686705	0.572115	0.977638	0.476203	0.483865	0.88375	0.571809	0.542045	1.20003	0.509558	0.522855	1.23085	0.392228	0.526934	1.2969	0.477415	0.42584	0.367304	0.716287	0.449514	0.401598	0.673901	0.434224	0.306148	0.628264	0.413261	0.291492	0.687203	0.448817	0.699922	0.722183	0.46939	0.694746	0.666673	0.449444	0.592948	0.697484	0.435579	0.62376	0.752976	0.457876	1.03174	0.569505	0.470714	1.12103	0.419121	0.379149	1.61998	0.59501	0.610835	0.817914	0.483188	0.36325	0.118813	0.512428	0.427732	0.0451321	0.644565	0.464842	1.45196	0.510063	0.556633	0.875224	0.509984	0.581794	0.884678	0.444162	0.224882	1.30621	0.411464	0.0606502	1.12853	0.551249	0.317484	0.0304323	0.548524	0.0701646	0.997698	0.648764	0.123739	0.887832	0.577322	0.0914471	1.22171	0.608279	0.0567326	1.21197	0.478764	0.0820217	1.29578	0.529684	0.175327	0.35559	0.452193	0.193553	0.325488	0.501	0.210193	0.242219	0.48054	0.194547	0.260474	0.420151	0.143941	0.671952	0.556742	0.175352	0.65149	0.605309	0.197276	0.567249	0.596128	0.16774	0.573328	0.538457	0.157373	1.02216	0.601609	0.11544	1.1193	0.499491	0.23967	1.61632	0.602174	0.066414	0.857849	0.723147	0.28523	0.0456835	0.363362	0.231648	0.0244082	0.515436	0.165186	1.45832	0.526118	0.111457	0.91776	0.693546	0.0522548	0.901135	0.65412	0.296835	1.00411	0.457007	0.316472	1.31788	0.612701
106	0.418658	0.306387	1.47612	0.467797	0.309236	1.64601	0.652072	0.359708	1.30124	0.41402	0.542023	1.13107	0.449586	0.35828	0.0496898	0.707525	0.572607	0.977414	0.479238	0.48406	0.883749	0.578614	0.542295	1.19954	0.514053	0.522032	1.23089	0.397014	0.526725	1.29655	0.482455	0.425982	0.367373	0.728266	0.450063	0.4005	0.684985	0.434799	0.303804	0.641885	0.413496	0.290822	0.70118	0.449016	0.700882	0.729565	0.469731	0.695302	0.674102	0.449521	0.593698	0.705654	0.435733	0.624868	0.760852	0.457916	1.03146	0.575711	0.47037	1.12084	0.423866	0.379297	1.6195	0.601432	0.611751	0.817742	0.485001	0.363301	0.113226	0.531326	0.428272	0.0436593	0.665415	0.464778	1.45139	0.515969	0.558084	0.874848	0.512725	0.582168	0.884607	0.446718	0.224617	1.30569	0.417806	0.0604933	1.12821	0.55899	0.317078	0.0309141	0.548854	0.0705778	0.997879	0.656985	0.123772	0.886986	0.582937	0.0916039	1.22153	0.615459	0.0564187	1.21143	0.486154	0.0819137	1.29537	0.536674	0.175233	0.355696	0.453308	0.193189	0.325535	0.50217	0.209739	0.242367	0.481566	0.194434	0.260812	0.420955	0.143613	0.671899	0.560529	0.17549	0.650951	0.60875	0.197408	0.56658	0.598735	0.167631	0.573208	0.541259	0.15748	1.02144	0.608091	0.115131	1.11883	0.506736	0.239731	1.61592	0.608507	0.0673481	0.858404	0.732095	0.285569	0.0461549	0.363359	0.231839	0.0244227	0.515585	0.165144	1.45791	0.532607	0.112115	0.918263	0.702283	0.0529076	0.901285	0.662882	0.296994	1.0036	0.462948	0.316501	1.31738	0.618994
107	0.422645	0.306337	1.47557	0.474079	0.30938	1.64543	0.658388	0.359544	1.30064	0.420179	0.54176	1.1308	0.453826	0.359073	0.0496179	0.728387	0.573048	0.977094	0.482355	0.484433	0.88365	0.585551	0.542531	1.199	0.518561	0.521225	1.2308	0.401907	0.526598	1.29609	0.487588	0.426291	0.367517	0.740047	0.450599	0.399283	0.696124	0.435322	0.301354	0.655447	0.413904	0.290085	0.715152	0.449367	0.701836	0.736906	0.47003	0.695859	0.681489	0.449614	0.594424	0.713659	0.435878	0.625909	0.768539	0.458091	1.03106	0.582732	0.470156	1.12063	0.428415	0.379452	1.61897	0.607882	0.612642	0.817519	0.486989	0.363458	0.107815	0.550359	0.428717	0.042348	0.686349	0.464723	1.45076	0.522014	0.559849	0.874546	0.5157	0.582574	0.884519	0.44932	0.224372	1.30513	0.424178	0.0603796	1.12784	0.566471	0.316868	0.0311567	0.549097	0.0709287	0.997982	0.665137	0.123902	0.88608	0.588492	0.0917399	1.2213	0.622587	0.0561674	1.21087	0.493472	0.0818029	1.29486	0.543664	0.17511	0.355826	0.454489	0.192975	0.325578	0.50335	0.209842	0.242443	0.482297	0.194318	0.261183	0.421794	0.143461	0.671664	0.564197	0.175482	0.650299	0.612237	0.197441	0.565959	0.601419	0.167427	0.573028	0.544102	0.157451	1.02038	0.613799	0.114701	1.11826	0.513765	0.239839	1.61541	0.614784	0.0683191	0.858893	0.740928	0.285905	0.0465806	0.363439	0.23198	0.0243906	0.515609	0.165131	1.45744	0.539092	0.112802	0.918627	0.711334	0.0534932	0.901382	0.671588	0.297198	1.00307	0.468791	0.316565	1.3168	0.625335
108	0.426633	0.306363	1.4751	0.480282	0.309511	1.6448	0.664699	0.359199	1.29994	0.426493	0.541544	1.1305	0.458062	0.359339	0.0495815	0.749275	0.573434	0.976744	0.485509	0.485098	0.883568	0.592663	0.54271	1.19844	0.523185	0.520441	1.23066	0.406863	0.52655	1.29559	0.49276	0.426403	0.36773	0.751785	0.45122	0.39791	0.707156	0.435616	0.298952	0.669089	0.414589	0.289333	0.729152	0.449679	0.702602	0.744151	0.470297	0.696326	0.688838	0.449705	0.595061	0.721454	0.435982	0.626798	0.776102	0.458403	1.03061	0.591166	0.469979	1.12042	0.432549	0.379565	1.61836	0.614254	0.613447	0.817295	0.488996	0.363759	0.102538	0.569449	0.429099	0.0412865	0.707293	0.464678	1.45005	0.528184	0.561713	0.874192	0.518905	0.583097	0.884409	0.4518	0.224153	1.30452	0.430582	0.0603144	1.12735	0.573813	0.316882	0.0311607	0.549239	0.071322	0.998005	0.67321	0.123888	0.885229	0.593965	0.0917803	1.221	0.629676	0.0559564	1.21029	0.500756	0.0817273	1.29435	0.550645	0.17495	0.356023	0.455828	0.192871	0.325527	0.504566	0.209938	0.242521	0.48303	0.194185	0.26154	0.422728	0.143605	0.671245	0.567721	0.175482	0.649577	0.61567	0.19737	0.56533	0.604208	0.167191	0.572839	0.546985	0.157109	1.01905	0.618251	0.114419	1.11754	0.52104	0.239991	1.61476	0.621025	0.0692602	0.859272	0.74973	0.286302	0.0470867	0.363569	0.232021	0.0244102	0.515629	0.165094	1.45688	0.54555	0.113456	0.918909	0.719916	0.0543631	0.901352	0.680036	0.297373	1.00255	0.474626	0.316687	1.31613	0.631669
109	0.43062	0.306565	1.47456	0.486395	0.30965	1.64414	0.670998	0.358649	1.29911	0.433041	0.541409	1.13016	0.462302	0.35946	0.0498184	0.770065	0.573835	0.976351	0.488715	0.485468	0.88332	0.599472	0.542915	1.19779	0.527829	0.519677	1.23054	0.411842	0.526383	1.29505	0.497924	0.426689	0.367815	0.763482	0.451799	0.396416	0.718102	0.436061	0.296518	0.682884	0.414848	0.288725	0.743058	0.44992	0.703103	0.751351	0.470506	0.696504	0.69608	0.449851	0.595561	0.729127	0.436091	0.627562	0.783639	0.458488	1.03004	0.598467	0.469641	1.12013	0.437121	0.379632	1.61763	0.620513	0.614224	0.817054	0.491093	0.364001	0.0973375	0.588706	0.429386	0.0404142	0.728244	0.464626	1.44927	0.534358	0.562915	0.873668	0.521929	0.583578	0.884308	0.45412	0.223945	1.30385	0.436991	0.0602176	1.12679	0.581097	0.316943	0.0311186	0.549372	0.0717554	0.997941	0.681254	0.123725	0.88439	0.599335	0.0917273	1.22061	0.6368	0.0557202	1.20951	0.507998	0.0816735	1.29381	0.557545	0.174855	0.356211	0.457301	0.192746	0.325438	0.50586	0.209872	0.242628	0.483901	0.194098	0.261903	0.42378	0.143458	0.670875	0.57141	0.175417	0.648856	0.619175	0.197273	0.564707	0.607098	0.166992	0.572674	0.549928	0.156865	1.018	0.62365	0.114107	1.11676	0.528389	0.240119	1.61412	0.627339	0.0701385	0.859614	0.758524	0.286661	0.0476749	0.363704	0.23189	0.0245086	0.515726	0.165094	1.45624	0.552026	0.114048	0.919149	0.728062	0.0555486	0.901216	0.688209	0.297509	1.00196	0.480458	0.316735	1.31536	0.637986
110	0.434607	0.306696	1.47384	0.492658	0.309759	1.64343	0.677295	0.358195	1.29828	0.439722	0.541311	1.12977	0.466621	0.359658	0.0503956	0.790742	0.57424	0.975958	0.492034	0.485608	0.882912	0.606034	0.543171	1.19705	0.532557	0.518961	1.23036	0.41688	0.526141	1.29442	0.502978	0.42706	0.367711	0.775103	0.452345	0.394807	0.728991	0.436885	0.294067	0.696735	0.414595	0.288255	0.756826	0.450157	0.703537	0.758532	0.470762	0.696625	0.703256	0.44991	0.595801	0.73665	0.436208	0.62806	0.791044	0.458336	1.02937	0.604838	0.469316	1.11983	0.442019	0.379714	1.61689	0.626756	0.615001	0.816754	0.493229	0.36416	0.0923267	0.60804	0.429604	0.0396876	0.749231	0.464587	1.44846	0.540513	0.563829	0.873015	0.524853	0.583935	0.884175	0.456757	0.223744	1.30309	0.443383	0.0601333	1.12617	0.588465	0.316952	0.0311077	0.549534	0.0721992	0.997814	0.689273	0.12384	0.88345	0.604606	0.0917476	1.22015	0.643919	0.0554929	1.20866	0.51518	0.0816082	1.29313	0.564376	0.174875	0.356345	0.458851	0.192542	0.325473	0.507244	0.20984	0.242717	0.484877	0.194139	0.262238	0.424891	0.143372	0.670443	0.575101	0.175383	0.648141	0.622699	0.197166	0.564013	0.610046	0.166874	0.572449	0.552959	0.156755	1.01706	0.629729	0.113886	1.11593	0.535726	0.24025	1.61347	0.633709	0.0709197	0.859964	0.767256	0.286949	0.0482733	0.363848	0.231758	0.0245813	0.515815	0.165042	1.45555	0.55854	0.114612	0.919384	0.736024	0.0560354	0.901135	0.696787	0.297749	1.00129	0.486469	0.316696	1.3146	0.64428
111	0.438594	0.306498	1.47297	0.499162	0.309883	1.64272	0.683618	0.357881	1.2974	0.446453	0.541209	1.12937	0.471039	0.35977	0.0512017	0.811353	0.574562	0.975539	0.495411	0.485689	0.882418	0.612524	0.543392	1.19625	0.537234	0.518328	1.23014	0.421986	0.525957	1.29376	0.508184	0.427445	0.367557	0.786517	0.452959	0.393279	0.739785	0.437818	0.291819	0.710595	0.414573	0.287689	0.770517	0.450341	0.703792	0.765619	0.470955	0.696663	0.710393	0.450039	0.595922	0.744067	0.436294	0.628466	0.798363	0.45822	1.02869	0.611042	0.469084	1.1194	0.446947	0.379801	1.61616	0.633082	0.615731	0.816405	0.495448	0.364419	0.0875115	0.627347	0.42975	0.0392312	0.770205	0.464621	1.44763	0.546648	0.564623	0.872362	0.527815	0.584133	0.883933	0.459767	0.223537	1.30227	0.449706	0.0599791	1.12549	0.595829	0.316981	0.0311129	0.549672	0.0725039	0.997635	0.697269	0.123884	0.882504	0.609827	0.0916882	1.21962	0.651006	0.0552901	1.20779	0.522288	0.0815481	1.29237	0.571168	0.17486	0.356482	0.460421	0.192482	0.325497	0.508683	0.209926	0.24277	0.485921	0.194257	0.262536	0.426048	0.143071	0.670121	0.578931	0.175211	0.647393	0.626291	0.197008	0.563329	0.613042	0.166781	0.57217	0.556035	0.156646	1.01607	0.63587	0.113698	1.11507	0.543073	0.240363	1.61278	0.640086	0.0716791	0.860232	0.775942	0.287166	0.048877	0.363996	0.232282	0.0244929	0.51563	0.164975	1.45477	0.565067	0.114946	0.919689	0.743958	0.0559153	0.901114	0.705746	0.298242	1.0005	0.492898	0.316602	1.31385	0.65055
112	0.442581	0.306382	1.47216	0.50559	0.30992	1.64198	0.689973	0.357723	1.29652	0.452395	0.541095	1.12893	0.47553	0.359757	0.0522261	0.831868	0.574921	0.975054	0.498874	0.485744	0.881865	0.619064	0.543569	1.1955	0.54208	0.517745	1.22991	0.427153	0.525907	1.2931	0.513532	0.427683	0.367467	0.797835	0.453471	0.391664	0.750551	0.438263	0.289417	0.724272	0.414724	0.287107	0.784144	0.450502	0.703775	0.772592	0.471105	0.696466	0.717448	0.45012	0.595966	0.751357	0.436354	0.628682	0.805571	0.458117	1.028	0.6173	0.46888	1.11897	0.451786	0.379947	1.6153	0.639509	0.616403	0.816018	0.497814	0.364747	0.0828968	0.646711	0.429742	0.038985	0.791252	0.464658	1.4467	0.552796	0.565345	0.871674	0.530861	0.584286	0.883589	0.462815	0.223395	1.30154	0.455985	0.0599027	1.12474	0.603282	0.317012	0.0311271	0.549785	0.0727741	0.997416	0.705242	0.123806	0.881606	0.615033	0.0916016	1.21905	0.658041	0.0550944	1.2069	0.529358	0.0814901	1.29154	0.577965	0.174824	0.356669	0.462015	0.192538	0.32541	0.510188	0.210043	0.242815	0.487059	0.194391	0.262888	0.427219	0.143001	0.669674	0.582632	0.175061	0.646613	0.629904	0.196809	0.56269	0.616112	0.166666	0.571859	0.559156	0.156588	1.015	0.641848	0.113463	1.11416	0.550423	0.240408	1.61204	0.646444	0.0725026	0.860383	0.784574	0.28743	0.0495006	0.36414	0.232639	0.0244879	0.515508	0.164944	1.454	0.571598	0.115439	0.919727	0.751928	0.056204	0.900941	0.714381	0.298958	0.999626	0.499743	0.316579	1.31298	0.656899
113	0.446569	0.306437	1.47139	0.511877	0.309959	1.64116	0.696298	0.35746	1.29564	0.458589	0.540943	1.12846	0.480021	0.35939	0.0533777	0.852154	0.575272	0.974513	0.502355	0.485856	0.881263	0.625682	0.543688	1.19473	0.547013	0.517119	1.22967	0.432378	0.525855	1.29243	0.518998	0.427917	0.367281	0.809121	0.454015	0.389955	0.761302	0.438463	0.286862	0.737815	0.414922	0.286464	0.79769	0.450753	0.703675	0.77947	0.471294	0.696179	0.724415	0.45012	0.595898	0.758509	0.436364	0.628592	0.812634	0.457899	1.02728	0.623617	0.468729	1.11847	0.456656	0.380184	1.61428	0.646134	0.617037	0.815643	0.500176	0.365102	0.0785028	0.666159	0.42957	0.0389074	0.812289	0.464644	1.44571	0.558979	0.566145	0.871048	0.534013	0.584464	0.883242	0.465845	0.223264	1.30074	0.462293	0.0598009	1.12397	0.610734	0.317041	0.0311508	0.5499	0.0731553	0.997122	0.71315	0.12367	0.880737	0.620187	0.0915123	1.21842	0.665047	0.0549	1.20593	0.536432	0.0814701	1.29066	0.584792	0.174881	0.356923	0.463696	0.192551	0.325359	0.511752	0.210104	0.242894	0.488231	0.194551	0.263279	0.428395	0.14305	0.669049	0.586215	0.17485	0.645874	0.633544	0.196591	0.56204	0.619226	0.16654	0.571492	0.562345	0.156552	1.01398	0.647471	0.113296	1.11313	0.557732	0.240431	1.61125	0.652815	0.0733156	0.860466	0.793148	0.287753	0.0501896	0.364278	0.232754	0.024574	0.515491	0.164852	1.45317	0.578124	0.116023	0.919492	0.759735	0.0567835	0.900674	0.722759	0.299435	0.998814	0.506183	0.316696	1.31198	0.663323
114	0.450556	0.30643	1.47058	0.518304	0.310056	1.64039	0.702621	0.357231	1.29472	0.465084	0.5406	1.12786	0.484661	0.358714	0.0547834	0.872201	0.575605	0.973981	0.505968	0.486033	0.880583	0.632365	0.543926	1.19393	0.551967	0.516516	1.22934	0.437651	0.525703	1.29171	0.524533	0.428272	0.367081	0.820333	0.454645	0.388217	0.771998	0.438794	0.284493	0.75135	0.415126	0.285905	0.81122	0.450974	0.703488	0.786298	0.471499	0.695837	0.731304	0.45025	0.59568	0.765518	0.436448	0.628403	0.819568	0.457714	1.02645	0.630095	0.46857	1.11797	0.461629	0.380297	1.61338	0.65259	0.617647	0.815268	0.502656	0.365485	0.0742952	0.685665	0.429273	0.0389947	0.83321	0.464674	1.44475	0.565241	0.566902	0.87043	0.537197	0.58464	0.882866	0.468928	0.223139	1.29984	0.468696	0.0597136	1.12319	0.618101	0.317041	0.0311591	0.550042	0.0736006	0.996746	0.72101	0.123691	0.879842	0.625301	0.0914351	1.21775	0.672061	0.0547301	1.20486	0.54351	0.0814714	1.28976	0.591608	0.175011	0.357197	0.465473	0.192644	0.325256	0.513322	0.210162	0.24296	0.489411	0.194768	0.263633	0.429602	0.143084	0.668501	0.589916	0.17459	0.645047	0.637224	0.19637	0.561335	0.6224	0.166423	0.57114	0.565548	0.156445	1.01282	0.652915	0.113123	1.11209	0.565012	0.240471	1.61041	0.65915	0.0740152	0.860506	0.801649	0.288061	0.0509154	0.364439	0.2328	0.024676	0.515524	0.164802	1.45225	0.58464	0.116518	0.919315	0.767608	0.0574468	0.900339	0.731025	0.299837	0.997989	0.51237	0.316866	1.3109	0.669745
115	0.454543	0.306359	1.4697	0.52482	0.310308	1.6396	0.708841	0.357126	1.29371	0.471377	0.540115	1.12715	0.489422	0.35819	0.0563843	0.892208	0.575861	0.973444	0.509666	0.486229	0.879851	0.639059	0.544097	1.19309	0.55695	0.516024	1.22893	0.4429	0.525511	1.29095	0.530087	0.428559	0.366826	0.831452	0.45519	0.386467	0.782671	0.439223	0.282333	0.764983	0.415313	0.285498	0.824671	0.451129	0.703157	0.793093	0.471674	0.695388	0.738121	0.450529	0.595217	0.772375	0.436638	0.62816	0.826402	0.457631	1.02555	0.636575	0.468374	1.11736	0.466682	0.380224	1.61255	0.658799	0.618213	0.814808	0.505215	0.365831	0.0702692	0.705213	0.428849	0.0393081	0.854045	0.464699	1.4438	0.571585	0.567595	0.869689	0.540433	0.584831	0.882472	0.472095	0.222979	1.29893	0.475118	0.0595923	1.12228	0.625402	0.317064	0.031165	0.550173	0.0740271	0.99632	0.728901	0.123871	0.878967	0.630321	0.0913765	1.21704	0.679052	0.0546742	1.20376	0.55051	0.0814468	1.28881	0.598339	0.175078	0.357429	0.467258	0.192661	0.325235	0.514936	0.210274	0.243003	0.490604	0.194954	0.263981	0.430913	0.142879	0.668047	0.593772	0.174268	0.644268	0.640922	0.196171	0.560654	0.62564	0.166301	0.570792	0.568779	0.156268	1.01145	0.658348	0.112968	1.11102	0.572319	0.240555	1.60954	0.665477	0.0746671	0.860532	0.810106	0.288424	0.0517104	0.364609	0.232891	0.0247491	0.515541	0.164838	1.4513	0.591143	0.116991	0.919203	0.775735	0.0580112	0.899953	0.739285	0.30025	0.997041	0.518556	0.316886	1.30985	0.676114
116	0.45853	0.306299	1.46878	0.531259	0.310798	1.63873	0.714823	0.357025	1.29268	0.477763	0.539942	1.1265	0.494202	0.357685	0.0583424	0.912045	0.576077	0.972879	0.513418	0.486447	0.879042	0.645765	0.544126	1.19219	0.561983	0.51557	1.22844	0.44819	0.525356	1.29018	0.535718	0.428818	0.366658	0.842472	0.45577	0.384742	0.793272	0.439716	0.280217	0.778651	0.415481	0.285135	0.838087	0.451298	0.70258	0.799838	0.471918	0.694816	0.744824	0.450793	0.594644	0.779079	0.43682	0.627736	0.833141	0.457585	1.02458	0.643141	0.468171	1.11675	0.471648	0.37998	1.61171	0.664747	0.618725	0.814339	0.507989	0.366198	0.0665618	0.724757	0.428356	0.0398601	0.874736	0.464679	1.44284	0.577984	0.568206	0.868803	0.54377	0.585045	0.882105	0.475329	0.222901	1.29804	0.481455	0.059477	1.12135	0.632768	0.317085	0.0311545	0.550287	0.0743748	0.995861	0.736758	0.123878	0.878065	0.635281	0.0912636	1.2163	0.686026	0.0546889	1.2026	0.55744	0.0814085	1.28785	0.605069	0.175172	0.35756	0.469061	0.192645	0.32526	0.516604	0.210369	0.243075	0.491833	0.195018	0.264461	0.43227	0.142671	0.667579	0.597671	0.173902	0.643477	0.644682	0.195947	0.559962	0.628948	0.166247	0.57041	0.572061	0.156108	1.01024	0.66414	0.112859	1.10993	0.57961	0.240654	1.60868	0.671807	0.0753444	0.860502	0.818508	0.28891	0.0525722	0.364759	0.233192	0.0247616	0.515499	0.164875	1.45036	0.59766	0.117267	0.919246	0.78412	0.0584376	0.89954	0.747498	0.30073	0.996029	0.524776	0.31679	1.30879	0.682432
117	0.462518	0.306254	1.46792	0.537755	0.311054	1.63778	0.721018	0.356895	1.29173	0.484035	0.539908	1.12589	0.498939	0.357124	0.0605564	0.931647	0.576341	0.972243	0.517282	0.486643	0.878147	0.65244	0.544171	1.19121	0.56705	0.515143	1.22794	0.453547	0.525274	1.28941	0.541395	0.429032	0.366514	0.853333	0.456399	0.383006	0.803773	0.440251	0.278058	0.792217	0.415723	0.28492	0.85159	0.451599	0.701904	0.806417	0.472341	0.69412	0.751352	0.451151	0.593995	0.785653	0.436993	0.62709	0.839796	0.457481	1.02361	0.649856	0.468033	1.11616	0.476696	0.379872	1.6108	0.670909	0.619195	0.813901	0.510773	0.36653	0.0631937	0.744274	0.427768	0.0404246	0.895348	0.464666	1.44178	0.584358	0.568723	0.868015	0.547181	0.585238	0.881713	0.478661	0.222842	1.29716	0.487708	0.0594082	1.12035	0.640244	0.317126	0.0311346	0.55038	0.074699	0.995363	0.744513	0.12377	0.877175	0.640201	0.0911139	1.21556	0.692965	0.0547409	1.20139	0.564382	0.0814086	1.28684	0.611766	0.175333	0.357685	0.470974	0.192729	0.325161	0.518319	0.210472	0.243175	0.493054	0.195141	0.264977	0.433599	0.142769	0.66694	0.601452	0.173653	0.642634	0.648449	0.195684	0.559184	0.632316	0.166186	0.569973	0.575394	0.155999	1.00919	0.670261	0.112721	1.10877	0.586881	0.240685	1.60776	0.678207	0.0759976	0.860385	0.826823	0.289278	0.053357	0.364917	0.233751	0.0246884	0.515354	0.164895	1.44944	0.604203	0.117515	0.919233	0.792268	0.0589195	0.899081	0.75568	0.301264	0.995036	0.531012	0.316688	1.30775	0.68874
118	0.466505	0.30628	1.46703	0.544233	0.311125	1.63685	0.727408	0.356843	1.29076	0.490439	0.53986	1.1253	0.503753	0.356491	0.063012	0.95111	0.576614	0.971609	0.521156	0.486871	0.877216	0.659072	0.544276	1.19028	0.572287	0.514788	1.22744	0.458995	0.525226	1.28852	0.546927	0.429349	0.366304	0.863989	0.457032	0.381339	0.814214	0.440845	0.275912	0.805659	0.416061	0.284664	0.864802	0.451864	0.701109	0.812904	0.472815	0.693313	0.757835	0.451597	0.593204	0.792074	0.437163	0.62624	0.846364	0.45743	1.02263	0.656709	0.468007	1.11558	0.481788	0.379899	1.60988	0.677298	0.61964	0.813433	0.513749	0.366885	0.0601086	0.763663	0.426996	0.041028	0.915796	0.464708	1.44067	0.590694	0.569251	0.867293	0.550638	0.58539	0.881251	0.482074	0.222778	1.29622	0.493965	0.0593783	1.11935	0.647609	0.31716	0.0311271	0.550468	0.075064	0.994831	0.752209	0.123748	0.876266	0.645086	0.0909992	1.21476	0.699891	0.0547874	1.20019	0.571354	0.0814769	1.28581	0.618477	0.175417	0.357892	0.472933	0.192819	0.32499	0.52007	0.21055	0.243314	0.494286	0.195401	0.265523	0.43492	0.142579	0.666398	0.605325	0.173341	0.641843	0.652301	0.195408	0.558461	0.635741	0.16614	0.569527	0.578758	0.155888	1.00822	0.676382	0.112663	1.1076	0.594147	0.240711	1.60687	0.684672	0.0766266	0.860199	0.835065	0.289558	0.0542194	0.365095	0.234007	0.0244881	0.515131	0.164837	1.44843	0.610732	0.118046	0.919091	0.800266	0.0593482	0.898607	0.763916	0.301796	0.994013	0.537266	0.316666	1.30666	0.695125
119	0.470492	0.306308	1.46611	0.550664	0.311142	1.63595	0.733816	0.356829	1.28972	0.49678	0.539794	1.12466	0.508685	0.355727	0.0658004	0.970262	0.576827	0.970971	0.525101	0.487123	0.876197	0.665692	0.544468	1.18934	0.577495	0.514405	1.22697	0.464527	0.525178	1.28762	0.552629	0.429694	0.36617	0.87452	0.457569	0.379733	0.824609	0.441438	0.273991	0.818979	0.416148	0.284461	0.877752	0.45213	0.700146	0.819306	0.473175	0.692403	0.764339	0.452033	0.592238	0.798448	0.437339	0.625208	0.852795	0.457402	1.02164	0.663638	0.467975	1.11491	0.486996	0.379992	1.60887	0.683668	0.620041	0.812909	0.516748	0.367436	0.0571909	0.782862	0.42617	0.042156	0.93605	0.464805	1.43954	0.59697	0.56976	0.866569	0.554178	0.585499	0.880757	0.485606	0.222787	1.2952	0.500315	0.0594517	1.11836	0.654883	0.317196	0.0311135	0.550565	0.0754077	0.994271	0.759869	0.123806	0.875404	0.649957	0.0909242	1.21395	0.706822	0.0548446	1.19898	0.578311	0.0815008	1.28471	0.625177	0.175481	0.358145	0.474898	0.192841	0.324916	0.521822	0.21061	0.243525	0.495533	0.19575	0.266046	0.436289	0.142594	0.665774	0.609076	0.173038	0.641	0.656142	0.195153	0.557822	0.639191	0.166182	0.569122	0.582153	0.155804	1.0072	0.682214	0.112635	1.1064	0.601358	0.240699	1.60593	0.691125	0.0771882	0.85996	0.843252	0.289879	0.0552169	0.365297	0.2344	0.0239355	0.514604	0.164815	1.44743	0.617265	0.118941	0.918742	0.808189	0.0597745	0.89808	0.772141	0.302299	0.992979	0.543589	0.316758	1.30547	0.701564
120	0.474479	0.306321	1.46518	0.557147	0.311289	1.63501	0.740125	0.356731	1.28869	0.503275	0.539633	1.12398	0.513678	0.354838	0.0686739	0.989066	0.576974	0.970294	0.52924	0.487304	0.875134	0.672384	0.544534	1.1884	0.582756	0.514069	1.22646	0.470144	0.525065	1.28675	0.558428	0.429945	0.366047	0.884999	0.458098	0.378129	0.834868	0.441958	0.272361	0.832227	0.416263	0.284408	0.890483	0.452405	0.699097	0.825678	0.473503	0.691361	0.770836	0.452522	0.591137	0.804822	0.437548	0.624054	0.859094	0.457441	1.02058	0.67046	0.467789	1.11419	0.492148	0.380124	1.60789	0.690053	0.620437	0.812412	0.519913	0.368092	0.0545815	0.801913	0.425326	0.043878	0.956037	0.464912	1.43846	0.603252	0.570222	0.865769	0.557798	0.585554	0.880285	0.489269	0.222809	1.29417	0.506724	0.0594949	1.11732	0.662063	0.317227	0.0310989	0.550662	0.075814	0.993613	0.767523	0.123893	0.874571	0.654809	0.0908164	1.21318	0.713748	0.0549262	1.19775	0.58525	0.0815485	1.28364	0.631899	0.175664	0.35843	0.476908	0.1929	0.324895	0.52355	0.210639	0.243712	0.496821	0.196047	0.266524	0.437657	0.142672	0.665174	0.612898	0.17273	0.640217	0.65996	0.194933	0.557116	0.642655	0.16628	0.568689	0.585597	0.155723	1.00602	0.687746	0.112599	1.10521	0.608521	0.240722	1.60488	0.697511	0.0777598	0.859696	0.851389	0.290173	0.0562477	0.365536	0.234641	0.023721	0.514349	0.16485	1.4464	0.623808	0.120281	0.918173	0.816084	0.0602558	0.897523	0.780207	0.30279	0.991878	0.549987	0.316826	1.30426	0.708002
121	0.478466	0.306393	1.46426	0.563632	0.311482	1.63405	0.746443	0.356682	1.28769	0.509773	0.539419	1.12326	0.518761	0.353967	0.0717387	1.00748	0.577089	0.969596	0.533408	0.487494	0.874041	0.679127	0.54446	1.18744	0.588098	0.513802	1.22589	0.47584	0.52495	1.2859	0.564222	0.43015	0.365966	0.895402	0.458534	0.376488	0.844968	0.442544	0.270882	0.845244	0.416574	0.284458	0.902963	0.452694	0.697961	0.832073	0.473901	0.690203	0.777286	0.453105	0.589911	0.811128	0.437961	0.622787	0.865265	0.457537	1.01947	0.677241	0.467513	1.11346	0.497384	0.380345	1.60687	0.696441	0.620793	0.811886	0.523185	0.368513	0.052253	0.820863	0.424544	0.045651	0.975658	0.464979	1.43739	0.609626	0.570716	0.864982	0.561514	0.585621	0.879803	0.493024	0.22281	1.29321	0.513105	0.0596056	1.11634	0.669313	0.317248	0.0310812	0.550749	0.0762708	0.992903	0.775194	0.123917	0.87373	0.659642	0.0906985	1.21238	0.720633	0.0550247	1.1965	0.592171	0.081616	1.28256	0.638587	0.175905	0.358804	0.478956	0.192923	0.324972	0.525235	0.210685	0.243875	0.498127	0.196217	0.267149	0.439057	0.142626	0.664578	0.616787	0.172402	0.639431	0.663823	0.194746	0.556436	0.646151	0.166263	0.56831	0.589102	0.155647	1.00474	0.693214	0.112545	1.10399	0.615718	0.24082	1.60389	0.703932	0.0784047	0.859375	0.859465	0.290447	0.0573328	0.365782	0.234775	0.0238008	0.514309	0.164853	1.44539	0.630359	0.121049	0.917696	0.8239	0.0604479	0.897002	0.788168	0.303317	0.990752	0.556407	0.316777	1.30306	0.7144
122	0.482454	0.306406	1.46326	0.570107	0.311572	1.63309	0.752833	0.356684	1.28662	0.516173	0.539404	1.12259	0.523784	0.353121	0.0749343	1.02551	0.577225	0.968952	0.537667	0.487679	0.872931	0.685868	0.544503	1.18646	0.593513	0.513464	1.22532	0.48144	0.524923	1.28503	0.570013	0.430384	0.365865	0.905627	0.458935	0.374901	0.85495	0.443217	0.269504	0.858111	0.416843	0.284614	0.915281	0.452998	0.69664	0.838423	0.474436	0.689034	0.78369	0.453985	0.588648	0.817267	0.438583	0.621423	0.871396	0.457628	1.01829	0.684059	0.467388	1.11282	0.502666	0.380632	1.60563	0.703019	0.62115	0.811379	0.526512	0.368607	0.0501	0.83963	0.423774	0.0475374	0.995001	0.465011	1.4363	0.616032	0.571125	0.864181	0.56536	0.585661	0.879343	0.496894	0.222826	1.29224	0.51939	0.0596132	1.11541	0.676576	0.31725	0.0310582	0.550842	0.07668	0.992248	0.782843	0.123852	0.872864	0.664507	0.0905904	1.21154	0.727495	0.0551816	1.1953	0.599057	0.0817179	1.28148	0.645195	0.176105	0.359212	0.481015	0.192898	0.325006	0.52707	0.210737	0.244071	0.499448	0.196388	0.267929	0.440536	0.142535	0.66395	0.620711	0.172126	0.638638	0.667732	0.194563	0.555738	0.649714	0.166193	0.567987	0.592634	0.155531	1.00349	0.698812	0.112547	1.1028	0.622921	0.240982	1.60283	0.710411	0.0790366	0.859037	0.867483	0.290694	0.0584458	0.36604	0.234864	0.0239235	0.514311	0.164901	1.44432	0.636893	0.121455	0.917249	0.831644	0.0603129	0.896536	0.796079	0.303819	0.989656	0.562757	0.316702	1.30188	0.720803
123	0.486441	0.306417	1.46219	0.576563	0.311676	1.63209	0.759258	0.356688	1.28555	0.522504	0.539471	1.12193	0.528901	0.352322	0.0783115	1.04313	0.57745	0.968333	0.542076	0.487828	0.871795	0.692631	0.54475	1.1855	0.598956	0.513164	1.22474	0.4872	0.524908	1.28415	0.575867	0.430748	0.36572	0.915581	0.459412	0.373541	0.864879	0.443797	0.268217	0.87081	0.417124	0.284945	0.927406	0.453225	0.695069	0.844706	0.475176	0.68779	0.790015	0.454833	0.587265	0.823448	0.439085	0.619842	0.877522	0.457612	1.01709	0.690982	0.467354	1.11216	0.508125	0.380777	1.60458	0.709538	0.621457	0.810825	0.530003	0.368796	0.0482618	0.858111	0.423122	0.0497033	1.01396	0.46503	1.43521	0.622477	0.571465	0.863373	0.569318	0.58571	0.878884	0.500842	0.222895	1.29126	0.525619	0.0596468	1.11443	0.683863	0.317245	0.0310332	0.550933	0.07704	0.991636	0.79046	0.123861	0.871966	0.669389	0.0905078	1.21073	0.734362	0.0553132	1.19408	0.605884	0.081781	1.2804	0.651757	0.176234	0.359647	0.483172	0.192845	0.324994	0.529027	0.210741	0.244326	0.50082	0.196623	0.268702	0.442077	0.142536	0.663401	0.624709	0.171781	0.637909	0.671721	0.194332	0.55502	0.653331	0.166175	0.567649	0.596189	0.155356	1.00229	0.704481	0.112581	1.10165	0.630095	0.241104	1.60178	0.716914	0.0795887	0.858639	0.875405	0.29093	0.0596186	0.36633	0.234944	0.024004	0.514298	0.164968	1.44325	0.643389	0.121858	0.916735	0.839361	0.060636	0.895931	0.803885	0.304391	0.988568	0.569165	0.316566	1.30071	0.727207
124	0.490428	0.306425	1.46109	0.583042	0.311792	1.63105	0.765681	0.356757	1.28452	0.529041	0.539388	1.12125	0.534115	0.351555	0.081911	1.06039	0.57757	0.967681	0.54651	0.488017	0.870602	0.699435	0.544911	1.18455	0.604373	0.512886	1.22418	0.492977	0.524819	1.28326	0.581778	0.431076	0.36565	0.925315	0.459892	0.372165	0.874681	0.444242	0.267	0.883328	0.417481	0.285258	0.939249	0.453574	0.693491	0.850844	0.475865	0.68636	0.796392	0.455843	0.58583	0.829583	0.439509	0.618106	0.883563	0.45765	1.01592	0.697879	0.467285	1.11145	0.513607	0.380766	1.60361	0.715896	0.621708	0.810264	0.533595	0.369146	0.0468207	0.876239	0.422601	0.0521382	1.03252	0.465083	1.43413	0.628988	0.571705	0.862592	0.573416	0.585772	0.878393	0.504891	0.222943	1.29026	0.53192	0.0597372	1.11338	0.69099	0.317236	0.0310185	0.551013	0.0773726	0.990993	0.797978	0.124095	0.871055	0.674198	0.0903916	1.20994	0.741198	0.055457	1.1929	0.612653	0.0818582	1.27933	0.658361	0.176353	0.360062	0.485374	0.192809	0.325031	0.531049	0.21072	0.244625	0.502301	0.196893	0.269402	0.443656	0.142517	0.662992	0.628739	0.171421	0.637186	0.675739	0.194036	0.554365	0.657014	0.166323	0.567293	0.599788	0.155138	1.0011	0.710097	0.112634	1.10042	0.637288	0.24121	1.60081	0.723408	0.0801304	0.858205	0.883274	0.291129	0.060885	0.366659	0.235004	0.0240622	0.514272	0.165019	1.44217	0.649837	0.122282	0.916151	0.846873	0.0611658	0.895257	0.81162	0.304954	0.987444	0.57561	0.3165	1.29948	0.733633
125	0.494415	0.306464	1.45989	0.589535	0.311925	1.63002	0.772092	0.356851	1.28339	0.535628	0.539194	1.12057	0.539352	0.350718	0.0856241	1.07724	0.577641	0.967009	0.550934	0.488233	0.869361	0.706316	0.544899	1.18363	0.609947	0.512609	1.22361	0.498712	0.524693	1.28236	0.587661	0.431336	0.365716	0.934986	0.460531	0.370895	0.884235	0.444771	0.265891	0.895469	0.417768	0.285578	0.950875	0.453892	0.691925	0.85708	0.476556	0.684947	0.802884	0.456942	0.584316	0.835694	0.440014	0.616363	0.889592	0.457802	1.01473	0.704728	0.467125	1.11071	0.519085	0.380648	1.60264	0.722004	0.62199	0.809745	0.537334	0.369618	0.0456703	0.894022	0.421772	0.0545986	1.05077	0.465207	1.43306	0.635478	0.571851	0.861843	0.577558	0.585846	0.877912	0.509009	0.222994	1.28917	0.538308	0.0598241	1.11236	0.698027	0.317238	0.0310049	0.551078	0.0776733	0.990293	0.805422	0.124569	0.87012	0.67896	0.0903556	1.20912	0.748006	0.0556161	1.19171	0.619427	0.0819739	1.27824	0.665041	0.176531	0.360538	0.48762	0.192818	0.325129	0.533109	0.210763	0.244916	0.503821	0.197121	0.270207	0.445302	0.142436	0.662614	0.63279	0.171145	0.636437	0.679753	0.19368	0.553773	0.660768	0.166413	0.566979	0.603442	0.154984	0.99992	0.715739	0.11273	1.09923	0.644485	0.241311	1.59973	0.729827	0.0807614	0.857832	0.891271	0.291317	0.062264	0.366999	0.235056	0.0241392	0.51425	0.165114	1.44111	0.656304	0.122639	0.915398	0.853982	0.0616046	0.894575	0.81933	0.305535	0.986211	0.582075	0.316531	1.29822	0.740116
126	0.498403	0.306567	1.45872	0.59598	0.312031	1.62898	0.778518	0.356849	1.2822	0.542217	0.539037	1.1199	0.544579	0.349923	0.0892404	1.09351	0.577736	0.966375	0.555527	0.488406	0.868086	0.713266	0.544912	1.18267	0.61553	0.512274	1.22301	0.504494	0.52461	1.28146	0.593588	0.43164	0.365706	0.944452	0.461073	0.369629	0.893648	0.445287	0.264886	0.907484	0.418034	0.285856	0.962276	0.454417	0.690457	0.863442	0.477512	0.68368	0.80937	0.458143	0.582578	0.841849	0.440648	0.614594	0.895635	0.457867	1.01358	0.711616	0.46693	1.11006	0.52455	0.380616	1.60168	0.728288	0.622208	0.80922	0.541123	0.370186	0.0446746	0.911436	0.421017	0.0572937	1.06851	0.465294	1.43198	0.641973	0.571859	0.861108	0.58175	0.585916	0.877449	0.513224	0.223104	1.28804	0.544704	0.0599468	1.1114	0.70514	0.317234	0.0309833	0.551144	0.0779999	0.989526	0.812869	0.124738	0.869231	0.683824	0.0903371	1.20826	0.754817	0.0557984	1.1905	0.626242	0.0820554	1.2771	0.671704	0.176843	0.361057	0.489963	0.19276	0.325298	0.535239	0.210857	0.245218	0.505365	0.197304	0.271167	0.447094	0.142395	0.662209	0.636899	0.17074	0.635815	0.683879	0.193263	0.55319	0.664578	0.166307	0.566728	0.60719	0.154829	0.998753	0.721372	0.112805	1.09809	0.651595	0.241456	1.59864	0.736235	0.0813787	0.857585	0.899491	0.291497	0.0636497	0.367348	0.235113	0.0241972	0.514246	0.165144	1.44004	0.662798	0.123009	0.914736	0.861316	0.0620258	0.893913	0.827012	0.306043	0.985052	0.588574	0.31655	1.29701	0.746616
127	0.50239	0.306696	1.45765	0.602423	0.31217	1.62794	0.784967	0.356884	1.28108	0.548671	0.538986	1.11925	0.549887	0.349139	0.0928204	1.10931	0.577879	0.965705	0.560252	0.488614	0.866812	0.720218	0.545082	1.18172	0.621048	0.51196	1.22244	0.510391	0.524639	1.28059	0.599597	0.431892	0.365666	0.95372	0.461612	0.368448	0.902989	0.445763	0.264006	0.919325	0.41842	0.286323	0.973386	0.454801	0.688807	0.869709	0.478561	0.682272	0.815741	0.4594	0.580792	0.847979	0.441218	0.612668	0.901632	0.457882	1.01244	0.718651	0.466761	1.10943	0.529976	0.380701	1.60061	0.734728	0.622394	0.808703	0.54504	0.370686	0.0438314	0.928438	0.420495	0.0601561	1.08564	0.465339	1.4309	0.64852	0.5723	0.860387	0.58616	0.585989	0.876968	0.517597	0.223275	1.28701	0.551091	0.0601089	1.11047	0.71223	0.317198	0.0309629	0.55121	0.0783011	0.988772	0.820301	0.125145	0.868343	0.688616	0.0903085	1.20745	0.761652	0.0559764	1.18924	0.633078	0.0822111	1.27606	0.678266	0.177081	0.361596	0.492408	0.192316	0.32557	0.537481	0.210811	0.245659	0.506992	0.197457	0.272126	0.448966	0.142445	0.661814	0.641079	0.170294	0.635182	0.688088	0.192847	0.552656	0.668449	0.166174	0.566498	0.611001	0.154692	0.997451	0.726901	0.11294	1.09696	0.658669	0.241621	1.5976	0.742684	0.0818902	0.857167	0.907366	0.291689	0.065115	0.367746	0.235151	0.024253	0.514257	0.165174	1.43897	0.669289	0.123398	0.914133	0.868855	0.0626098	0.893194	0.834639	0.306655	0.983897	0.595089	0.316509	1.29581	0.753109
128	0.506377	0.30679	1.45659	0.6089	0.312299	1.6269	0.791415	0.357087	1.27993	0.5553	0.538927	1.1186	0.55535	0.348491	0.0964008	1.12475	0.578018	0.96499	0.564929	0.488809	0.86554	0.727183	0.545286	1.18084	0.626662	0.511609	1.22189	0.516315	0.524729	1.27975	0.605632	0.43209	0.365643	0.962898	0.462106	0.367347	0.912083	0.446331	0.263256	0.930775	0.418854	0.286767	0.984215	0.455096	0.687015	0.875826	0.479367	0.680705	0.82218	0.460804	0.579101	0.854111	0.441803	0.610679	0.907534	0.457955	1.01131	0.725691	0.466551	1.10874	0.535692	0.380894	1.59936	0.741285	0.622597	0.808129	0.549175	0.371147	0.0432658	0.945038	0.420068	0.0630544	1.10221	0.465446	1.42984	0.655084	0.572612	0.859674	0.590637	0.586009	0.876434	0.522118	0.223416	1.28597	0.557466	0.0602475	1.10946	0.719277	0.317164	0.0309398	0.551278	0.0785606	0.988021	0.827678	0.125517	0.867511	0.693437	0.0902484	1.20663	0.768487	0.0562234	1.18802	0.63988	0.0823977	1.27502	0.684794	0.177219	0.362137	0.495005	0.191431	0.325921	0.539791	0.21069	0.2461	0.508667	0.197891	0.27293	0.450849	0.14241	0.661531	0.645335	0.169965	0.634499	0.692322	0.192445	0.552139	0.672374	0.166162	0.566286	0.614892	0.154455	0.995991	0.731964	0.113061	1.09579	0.665773	0.241745	1.59655	0.749177	0.082381	0.856594	0.914975	0.291787	0.0666548	0.368207	0.235171	0.0243454	0.514274	0.165276	1.43792	0.675742	0.123837	0.913536	0.876338	0.0633238	0.892386	0.842192	0.307304	0.982778	0.601583	0.31632	1.29461	0.759578
129	0.510364	0.306872	1.45554	0.615405	0.312421	1.62588	0.797845	0.357257	1.27876	0.561907	0.538931	1.11795	0.560786	0.34815	0.0999532	1.13963	0.578051	0.964275	0.569718	0.488896	0.864255	0.734216	0.545416	1.17996	0.632356	0.511211	1.22131	0.522233	0.524771	1.27891	0.611691	0.432377	0.36566	0.971763	0.462522	0.366262	0.921053	0.446792	0.262558	0.941866	0.419233	0.287209	0.994819	0.455312	0.68515	0.881915	0.480104	0.679211	0.828706	0.462376	0.577417	0.860233	0.442524	0.608716	0.913466	0.458026	1.01017	0.732718	0.46617	1.10796	0.541984	0.381207	1.59813	0.747959	0.622747	0.807558	0.553321	0.371642	0.0429405	0.961121	0.419419	0.0657856	1.11841	0.46564	1.42875	0.66161	0.573118	0.85889	0.595235	0.585895	0.87586	0.52672	0.223481	1.28488	0.563812	0.0603699	1.10846	0.72631	0.317126	0.0309217	0.551358	0.078839	0.987259	0.834996	0.125773	0.866768	0.69834	0.0901718	1.20582	0.775294	0.0565027	1.18682	0.646628	0.0826323	1.27398	0.691396	0.177244	0.362776	0.497693	0.191094	0.326221	0.542194	0.210642	0.246605	0.510333	0.198328	0.273788	0.45283	0.14229	0.661357	0.649659	0.169552	0.633944	0.696683	0.192004	0.551551	0.676399	0.166202	0.566102	0.61887	0.15398	0.994403	0.736476	0.113164	1.09472	0.672863	0.241835	1.59551	0.755648	0.0828523	0.855999	0.922514	0.291794	0.0682132	0.368697	0.235209	0.0244551	0.514301	0.16539	1.43688	0.682164	0.124234	0.912931	0.88373	0.0634994	0.891687	0.849751	0.308023	0.981573	0.608084	0.316092	1.29339	0.766073
130	0.514351	0.306992	1.4545	0.621912	0.312542	1.62484	0.804292	0.357529	1.27761	0.56859	0.538935	1.11731	0.56621	0.347641	0.103465	1.15392	0.578114	0.963651	0.574707	0.489043	0.862953	0.741334	0.545563	1.17907	0.638016	0.510817	1.22071	0.528167	0.524805	1.27808	0.617755	0.432757	0.365727	0.98049	0.462843	0.365202	0.92979	0.447308	0.26198	0.952691	0.419591	0.287618	1.00511	0.455533	0.683265	0.888106	0.481089	0.677669	0.835233	0.463935	0.575734	0.866393	0.443201	0.606732	0.919466	0.458154	1.00906	0.739795	0.46543	1.107	0.54875	0.381378	1.59706	0.754517	0.622884	0.807	0.557658	0.372165	0.0427346	0.976682	0.418536	0.068356	1.13408	0.465812	1.42771	0.668145	0.573201	0.858137	0.599921	0.585829	0.875321	0.531422	0.223572	1.28381	0.57016	0.0605442	1.10752	0.733459	0.317085	0.0308995	0.551438	0.079162	0.986506	0.842258	0.126008	0.866102	0.703358	0.090282	1.20497	0.782064	0.0567553	1.18563	0.653368	0.0828184	1.27289	0.698026	0.177332	0.363458	0.500481	0.191003	0.326448	0.54468	0.210589	0.247152	0.512163	0.198424	0.274835	0.45496	0.142205	0.661158	0.654042	0.169063	0.63339	0.701146	0.191513	0.551038	0.68053	0.166128	0.565976	0.622918	0.153728	0.993059	0.741849	0.113337	1.09366	0.679926	0.242006	1.59452	0.762141	0.0832929	0.855386	0.93	0.291675	0.069902	0.369263	0.235241	0.02456	0.514339	0.165517	1.43584	0.68863	0.124611	0.912261	0.891076	0.0638007	0.890951	0.857284	0.308713	0.980403	0.614626	0.316351	1.29224	0.772609
131	0.518339	0.307177	1.45347	0.628407	0.312652	1.62389	0.810765	0.357845	1.27633	0.575369	0.53887	1.11665	0.571722	0.347215	0.106868	1.16765	0.578239	0.96298	0.579864	0.489267	0.861717	0.7485	0.5459	1.17823	0.643738	0.510453	1.22012	0.534202	0.524864	1.27725	0.623857	0.433097	0.365712	0.989012	0.463154	0.364295	0.938351	0.447796	0.261531	0.963238	0.419986	0.288121	1.01507	0.455884	0.681421	0.894295	0.482348	0.676233	0.841691	0.465664	0.574095	0.872617	0.443903	0.604771	0.925414	0.458207	1.008	0.747166	0.465081	1.10619	0.555009	0.38152	1.59606	0.761018	0.623071	0.806445	0.562207	0.372592	0.0427773	0.991673	0.418019	0.0711241	1.14893	0.465952	1.42669	0.674761	0.573622	0.857284	0.604867	0.585778	0.874756	0.536258	0.223799	1.28271	0.576527	0.0607006	1.10657	0.740473	0.317035	0.0308795	0.551517	0.0794689	0.985751	0.849465	0.126398	0.865416	0.708446	0.0903655	1.20412	0.788842	0.0569783	1.18448	0.66015	0.0830426	1.27186	0.704626	0.17751	0.364102	0.503395	0.190856	0.326665	0.547264	0.210494	0.247715	0.514156	0.19845	0.275931	0.457145	0.142222	0.66088	0.658481	0.168628	0.632871	0.705686	0.19095	0.55055	0.684803	0.165981	0.56582	0.627032	0.153493	0.992001	0.747755	0.113551	1.09255	0.686947	0.242205	1.5935	0.76866	0.0836614	0.854763	0.937447	0.291623	0.0716718	0.369839	0.23526	0.0246734	0.514402	0.165624	1.43483	0.695097	0.124968	0.911557	0.898389	0.063841	0.890273	0.864786	0.309371	0.979283	0.621242	0.316544	1.29115	0.779159
132	0.522326	0.307415	1.45244	0.634922	0.312774	1.62292	0.817255	0.358087	1.27502	0.582166	0.538784	1.11602	0.577354	0.347002	0.11013	1.18082	0.578364	0.962287	0.585073	0.489471	0.860529	0.755714	0.54622	1.17744	0.649589	0.510071	1.21958	0.54034	0.524926	1.27646	0.630026	0.433325	0.365593	0.997295	0.46355	0.36352	0.946689	0.448134	0.261112	0.973421	0.420428	0.288618	1.02474	0.456256	0.67966	0.900403	0.483534	0.674938	0.848222	0.467586	0.572465	0.878979	0.444793	0.602797	0.931335	0.458158	1.00698	0.754607	0.46504	1.10548	0.56106	0.381666	1.59514	0.767493	0.623184	0.805841	0.566819	0.372869	0.0428766	1.00611	0.417785	0.0738685	1.16305	0.46612	1.4257	0.681393	0.573911	0.856549	0.609773	0.585653	0.874166	0.541246	0.224042	1.28161	0.582999	0.0609353	1.10559	0.747436	0.316997	0.0308659	0.55159	0.0797367	0.985008	0.856667	0.126727	0.864767	0.71354	0.0904417	1.20332	0.795587	0.0572428	1.1834	0.666993	0.0832184	1.27087	0.711203	0.177584	0.36472	0.506396	0.190688	0.326924	0.549978	0.210412	0.248259	0.516212	0.198716	0.276932	0.459426	0.142167	0.660601	0.663053	0.168277	0.632378	0.710229	0.190341	0.550068	0.689187	0.165901	0.565624	0.631245	0.153036	0.991149	0.753633	0.113693	1.09144	0.693917	0.242366	1.59248	0.775193	0.0839808	0.854154	0.944839	0.291613	0.0735505	0.370463	0.235296	0.0248164	0.514518	0.165759	1.43386	0.701553	0.125306	0.910864	0.905652	0.0641791	0.889535	0.872248	0.310055	0.978225	0.62791	0.31657	1.29012	0.785733
133	0.526313	0.307685	1.45142	0.641471	0.312928	1.62197	0.823739	0.358418	1.27392	0.588897	0.538781	1.11533	0.583122	0.346975	0.113305	1.19351	0.578413	0.961609	0.590272	0.489611	0.859372	0.763043	0.546455	1.17668	0.655425	0.509667	1.21908	0.546487	0.524978	1.27571	0.636212	0.433607	0.365535	1.00543	0.463916	0.362708	0.954801	0.448459	0.260692	0.983242	0.420801	0.289103	1.03418	0.456611	0.677976	0.906526	0.484753	0.673646	0.854776	0.469591	0.570881	0.88528	0.445816	0.600911	0.937334	0.458216	1.00593	0.762039	0.465074	1.1048	0.56709	0.381733	1.5942	0.773859	0.623234	0.805268	0.571554	0.373005	0.0430084	1.01992	0.417628	0.0764479	1.17654	0.466276	1.42474	0.687995	0.57402	0.855993	0.614527	0.585513	0.873569	0.546372	0.224271	1.28056	0.589565	0.0611256	1.10463	0.754405	0.316944	0.0308327	0.551655	0.0799884	0.984254	0.863787	0.127111	0.864226	0.718705	0.0905421	1.2025	0.802344	0.0575679	1.18229	0.673828	0.0834305	1.26987	0.717804	0.177597	0.365442	0.50956	0.190579	0.327215	0.552841	0.210317	0.248825	0.518331	0.198866	0.278071	0.461825	0.142101	0.660401	0.667661	0.167782	0.631875	0.714887	0.189746	0.549642	0.693667	0.165953	0.565468	0.635569	0.152903	0.990183	0.759531	0.113919	1.09043	0.700879	0.242504	1.59157	0.781688	0.0842735	0.853527	0.95212	0.29157	0.0754981	0.371143	0.235314	0.0249438	0.514606	0.165946	1.43289	0.708001	0.125613	0.910175	0.912863	0.0642162	0.888884	0.879603	0.310725	0.977236	0.634598	0.316551	1.28909	0.792368
134	0.5303	0.307861	1.4504	0.648031	0.313098	1.62102	0.830243	0.35873	1.27295	0.595535	0.538869	1.1147	0.588947	0.347001	0.116185	1.20571	0.578465	0.960904	0.595571	0.489712	0.858215	0.770458	0.546786	1.17593	0.661234	0.509277	1.21853	0.55263	0.525075	1.27495	0.642435	0.433969	0.365538	1.01343	0.464092	0.36174	0.96271	0.44864	0.260223	0.992865	0.421139	0.289471	1.04331	0.457003	0.676364	0.912775	0.485866	0.672302	0.861339	0.47147	0.569449	0.891503	0.446788	0.599155	0.943392	0.458343	1.00487	0.769506	0.464991	1.1041	0.573125	0.381697	1.59337	0.780061	0.623344	0.804688	0.576498	0.373145	0.0431745	1.03311	0.417653	0.0789447	1.18928	0.466471	1.42382	0.694634	0.574279	0.855337	0.619668	0.585446	0.872994	0.551621	0.224566	1.27961	0.596127	0.0614056	1.10371	0.761399	0.31687	0.0308016	0.551716	0.0801648	0.98351	0.870795	0.127544	0.863767	0.723984	0.0907357	1.20167	0.809131	0.0579298	1.18121	0.680601	0.0837051	1.26886	0.724421	0.177657	0.366183	0.512863	0.190505	0.327533	0.555843	0.210194	0.249443	0.520567	0.198952	0.279232	0.464358	0.142197	0.660243	0.672297	0.167247	0.631382	0.719619	0.189193	0.549173	0.698242	0.165881	0.565434	0.64003	0.152933	0.989068	0.765467	0.114172	1.0894	0.707889	0.242617	1.59062	0.788158	0.0845808	0.852865	0.959345	0.291471	0.0775108	0.371849	0.23531	0.0250728	0.514689	0.166132	1.4319	0.714437	0.125892	0.90948	0.920046	0.0646059	0.888132	0.886799	0.31142	0.976213	0.641332	0.316636	1.28809	0.798994
135	0.534288	0.308064	1.44943	0.6546	0.313289	1.62015	0.836766	0.359075	1.27192	0.602148	0.538922	1.11406	0.594824	0.347152	0.118751	1.21726	0.578541	0.960193	0.601127	0.489777	0.857124	0.777877	0.547107	1.17519	0.667106	0.508864	1.21793	0.558841	0.525244	1.27421	0.648665	0.434292	0.36547	1.02123	0.464249	0.36077	0.970489	0.448871	0.259815	1.0021	0.421393	0.289856	1.05219	0.457563	0.674871	0.919082	0.487046	0.671226	0.867881	0.473336	0.568241	0.897657	0.447725	0.597612	0.949426	0.45837	1.0039	0.777014	0.464901	1.10343	0.579257	0.381784	1.59254	0.786497	0.623496	0.804075	0.581672	0.373245	0.0433597	1.04571	0.4177	0.0814023	1.20134	0.46671	1.42291	0.701314	0.574077	0.854663	0.62508	0.585435	0.872436	0.55699	0.224932	1.27868	0.602598	0.0616693	1.10283	0.76831	0.316785	0.0307723	0.551787	0.0803878	0.982761	0.877796	0.128081	0.863272	0.729355	0.0910473	1.20086	0.815906	0.0582674	1.18016	0.68733	0.0839714	1.26794	0.731042	0.177751	0.366888	0.516326	0.190317	0.327919	0.558966	0.210075	0.250094	0.522941	0.199103	0.280365	0.466986	0.142374	0.660109	0.676987	0.166787	0.630919	0.724445	0.188601	0.548698	0.702911	0.165699	0.565427	0.644615	0.152933	0.98803	0.771434	0.114384	1.08842	0.714889	0.242752	1.5897	0.794636	0.0848876	0.852209	0.966561	0.291313	0.0796842	0.372617	0.235293	0.0252202	0.514795	0.166339	1.43094	0.720891	0.126132	0.908811	0.927154	0.0647383	0.887452	0.893931	0.312106	0.975232	0.648152	0.316687	1.28711	0.805625
136	0.538275	0.308339	1.44853	0.661186	0.313467	1.61928	0.843255	0.359358	1.27086	0.60881	0.538989	1.11337	0.600791	0.34745	0.121158	1.22824	0.578665	0.95956	0.606889	0.489993	0.856108	0.785263	0.547459	1.17449	0.673087	0.508447	1.21734	0.565175	0.525412	1.27352	0.654909	0.434577	0.365293	1.02882	0.464449	0.35989	0.978114	0.449148	0.259425	1.01101	0.42169	0.290151	1.06083	0.457983	0.673607	0.925466	0.488157	0.670448	0.874252	0.474974	0.567153	0.903855	0.448606	0.596213	0.955553	0.45837	1.003	0.784565	0.464917	1.10281	0.585503	0.381986	1.59167	0.79299	0.623572	0.803454	0.586969	0.373126	0.0435991	1.05764	0.417764	0.0837562	1.21274	0.466904	1.42201	0.708059	0.57415	0.853892	0.63072	0.585429	0.871826	0.562477	0.225259	1.27773	0.60901	0.0619983	1.10196	0.775234	0.316702	0.0307564	0.551864	0.080582	0.982017	0.88479	0.128677	0.862723	0.734786	0.0912486	1.2001	0.822607	0.0585431	1.17921	0.69405	0.0842493	1.26705	0.737656	0.177743	0.367605	0.519949	0.1901	0.328313	0.562231	0.209921	0.250744	0.525461	0.199063	0.281621	0.469765	0.142376	0.659952	0.681846	0.166335	0.630496	0.729447	0.187991	0.54829	0.707674	0.165592	0.565378	0.649321	0.152909	0.987106	0.777446	0.114673	1.08742	0.72178	0.242915	1.58887	0.801113	0.0851462	0.851551	0.973714	0.291027	0.0819632	0.373495	0.235268	0.0253598	0.51492	0.166534	1.43002	0.727382	0.126343	0.908126	0.934187	0.0651336	0.886716	0.901028	0.312905	0.974279	0.655002	0.316602	1.28614	0.812257
137	0.542262	0.308672	1.44767	0.667767	0.313696	1.61846	0.849699	0.359652	1.26985	0.615523	0.539082	1.11268	0.606911	0.347673	0.12329	1.23868	0.578799	0.958942	0.612688	0.490215	0.855162	0.79271	0.547832	1.17379	0.679305	0.508164	1.21679	0.571548	0.525523	1.27283	0.661253	0.434827	0.365051	1.03624	0.46464	0.359064	0.985528	0.449332	0.258987	1.01964	0.421986	0.290253	1.06919	0.458147	0.672591	0.931921	0.488103	0.669583	0.880617	0.47621	0.5662	0.910023	0.449341	0.594932	0.961832	0.458426	1.0021	0.792125	0.464972	1.10222	0.591804	0.382184	1.59082	0.799435	0.623588	0.802845	0.592344	0.372925	0.0436925	1.0688	0.41788	0.0853108	1.22338	0.467161	1.42118	0.714817	0.574591	0.853084	0.636475	0.585392	0.871242	0.568119	0.225636	1.27674	0.615473	0.0622235	1.1011	0.782017	0.316618	0.0307398	0.551944	0.0807752	0.981266	0.891733	0.129254	0.862229	0.740329	0.091315	1.19936	0.829238	0.058786	1.17832	0.700812	0.0845002	1.26615	0.744272	0.177741	0.368377	0.523715	0.190026	0.328602	0.565615	0.209755	0.251391	0.528065	0.199069	0.282959	0.472656	0.142402	0.659822	0.686838	0.16606	0.629964	0.734454	0.187411	0.547872	0.712563	0.165701	0.565244	0.654131	0.15295	0.986175	0.783475	0.115012	1.08649	0.728578	0.24311	1.58804	0.80767	0.0853183	0.850895	0.980752	0.29058	0.084291	0.374541	0.235235	0.0255129	0.515076	0.16677	1.42915	0.733889	0.126556	0.907435	0.941193	0.0649551	0.886079	0.908027	0.313614	0.973419	0.661817	0.316398	1.28526	0.818898
138	0.546249	0.309037	1.44692	0.674331	0.313914	1.61769	0.856201	0.360084	1.26893	0.622218	0.539121	1.11202	0.613181	0.34805	0.125064	1.24856	0.578919	0.958288	0.618531	0.490425	0.854239	0.800299	0.548209	1.17306	0.685649	0.507845	1.21623	0.577979	0.525693	1.27216	0.667666	0.435028	0.364735	1.04351	0.464785	0.358225	0.992763	0.449353	0.258422	1.02809	0.422135	0.290282	1.07723	0.458529	0.671649	0.938563	0.488234	0.668749	0.8872	0.476944	0.565301	0.916242	0.449918	0.593796	0.968282	0.458238	1.00124	0.799658	0.465029	1.10162	0.598145	0.382369	1.59002	0.805907	0.623575	0.802222	0.597848	0.372533	0.0437043	1.0792	0.417971	0.086332	1.23336	0.467433	1.42041	0.721562	0.574715	0.852355	0.642355	0.585333	0.870662	0.573945	0.225967	1.27586	0.62203	0.0624839	1.10027	0.78879	0.316514	0.0307207	0.552035	0.0810228	0.980497	0.898603	0.129741	0.861791	0.746023	0.0916214	1.19855	0.835959	0.0590086	1.17741	0.707566	0.084755	1.26529	0.750912	0.177775	0.369186	0.527618	0.189906	0.32889	0.56912	0.209592	0.252075	0.530745	0.199064	0.284289	0.475704	0.142619	0.659662	0.69193	0.165693	0.629521	0.739594	0.186876	0.547469	0.717564	0.165755	0.565133	0.659027	0.152898	0.985242	0.789503	0.115365	1.08562	0.735362	0.243289	1.58723	0.814263	0.0854973	0.850234	0.987695	0.290257	0.0866756	0.375618	0.235182	0.0256918	0.51526	0.166999	1.4283	0.740388	0.126775	0.906756	0.948174	0.0648831	0.885411	0.914949	0.314344	0.972664	0.668727	0.316785	1.28444	0.825612
139	0.550236	0.309367	1.44616	0.680953	0.314137	1.61698	0.862753	0.360508	1.26799	0.628972	0.539191	1.11141	0.619567	0.348368	0.126376	1.25785	0.579003	0.957609	0.62459	0.49066	0.853448	0.807986	0.548539	1.17245	0.691852	0.507617	1.21568	0.584471	0.525833	1.27153	0.674171	0.435211	0.364305	1.05061	0.464923	0.357373	0.999878	0.449275	0.257881	1.03619	0.42216	0.290262	1.08496	0.459112	0.670785	0.945403	0.48864	0.66801	0.893955	0.477098	0.56449	0.9226	0.45029	0.59283	0.974864	0.45787	1.00035	0.807219	0.465113	1.10098	0.60459	0.382632	1.58919	0.812567	0.623557	0.801553	0.603615	0.372053	0.0436819	1.0889	0.418099	0.0871448	1.24266	0.467717	1.41963	0.728291	0.575109	0.851607	0.648472	0.585254	0.870009	0.579935	0.226363	1.27504	0.628652	0.0627198	1.09946	0.795573	0.316401	0.0306871	0.552135	0.0812172	0.979753	0.9054	0.130135	0.861342	0.751872	0.0922167	1.19776	0.842731	0.0592323	1.17655	0.714284	0.0849928	1.26447	0.757581	0.177741	0.369996	0.531653	0.18968	0.329214	0.572776	0.209411	0.25283	0.533563	0.19904	0.285654	0.478956	0.142686	0.659579	0.697125	0.165254	0.629128	0.744873	0.186472	0.54707	0.722692	0.165765	0.565082	0.664036	0.152977	0.984326	0.795687	0.115713	1.08479	0.742176	0.243485	1.58646	0.82082	0.0857078	0.849547	0.994602	0.289996	0.0892594	0.376744	0.23508	0.0259149	0.515473	0.167233	1.42748	0.746911	0.12695	0.906045	0.955092	0.0650739	0.884725	0.921849	0.314982	0.972007	0.675698	0.317161	1.2837	0.832323
140	0.554224	0.309632	1.44534	0.687619	0.314365	1.61631	0.869294	0.360943	1.26704	0.635883	0.539386	1.1108	0.625994	0.348599	0.127221	1.26639	0.579149	0.956981	0.630817	0.490893	0.852833	0.81566	0.54899	1.17184	0.6979	0.507486	1.21513	0.59102	0.525991	1.27093	0.680706	0.435403	0.363853	1.05754	0.465069	0.356527	1.00687	0.44919	0.257326	1.04386	0.422201	0.290095	1.09239	0.459653	0.670075	0.952462	0.488966	0.667317	0.900854	0.476915	0.563739	0.929081	0.450489	0.592009	0.981529	0.457831	0.999568	0.814763	0.465253	1.10035	0.611187	0.383071	1.58821	0.819323	0.623608	0.800911	0.609591	0.371754	0.0434954	1.09773	0.418244	0.0876968	1.2513	0.468074	1.41893	0.735023	0.575153	0.850919	0.654617	0.585178	0.869343	0.58609	0.226712	1.27426	0.635297	0.0630228	1.09865	0.802387	0.316281	0.0306682	0.55224	0.0813798	0.97904	0.912174	0.130604	0.860832	0.75783	0.09271	1.19704	0.849458	0.0594436	1.17576	0.72098	0.0852854	1.26373	0.764292	0.177762	0.370816	0.535897	0.189484	0.329557	0.576564	0.209205	0.25361	0.53652	0.199033	0.286993	0.482292	0.142777	0.659506	0.702482	0.164854	0.628793	0.750303	0.186021	0.54667	0.728015	0.165895	0.564973	0.669223	0.153073	0.983541	0.801945	0.116075	1.08399	0.748922	0.243656	1.58575	0.827351	0.0858402	0.848831	1.00138	0.289641	0.0919605	0.378001	0.234987	0.0261784	0.515746	0.167501	1.42673	0.753454	0.127076	0.905349	0.961988	0.0654667	0.883956	0.928662	0.315569	0.971388	0.682757	0.317337	1.283	0.839057
141	0.558211	0.310003	1.44461	0.694311	0.314589	1.61566	0.875816	0.361364	1.26621	0.642822	0.539583	1.11019	0.632464	0.348864	0.127605	1.2743	0.579264	0.956366	0.637181	0.491141	0.852324	0.823229	0.549353	1.17124	0.704187	0.507361	1.21455	0.59766	0.526276	1.27035	0.687273	0.435546	0.363324	1.06434	0.465176	0.355678	1.01376	0.449181	0.256726	1.05115	0.422208	0.289773	1.09961	0.460092	0.669553	0.95961	0.489086	0.666687	0.907833	0.4765	0.563118	0.93575	0.450527	0.591352	0.988314	0.458088	0.999015	0.822358	0.465366	1.09971	0.617943	0.383376	1.58746	0.825977	0.623657	0.800349	0.615737	0.371683	0.04317	1.10572	0.418329	0.087756	1.25922	0.468398	1.41829	0.741771	0.574959	0.850335	0.660769	0.585245	0.868769	0.592347	0.227151	1.2735	0.641951	0.0633115	1.09789	0.809173	0.316163	0.0306413	0.552305	0.0815258	0.97837	0.918948	0.13107	0.860365	0.76387	0.0931021	1.19633	0.856149	0.0596568	1.17505	0.727695	0.0855822	1.263	0.770974	0.177798	0.37167	0.540288	0.189311	0.329944	0.580526	0.208942	0.254417	0.539638	0.198654	0.288706	0.485723	0.143094	0.659376	0.707991	0.164476	0.628471	0.755883	0.185597	0.546279	0.733467	0.165989	0.564912	0.674608	0.153155	0.982873	0.808231	0.116364	1.08317	0.755634	0.243876	1.58511	0.833885	0.08586	0.848041	1.00792	0.289151	0.0946671	0.379436	0.2349	0.0264742	0.516064	0.167738	1.426	0.760043	0.127242	0.904697	0.968973	0.065946	0.883162	0.935381	0.316132	0.970806	0.689822	0.317489	1.28236	0.845825
142	0.562198	0.310384	1.44395	0.701022	0.314917	1.61505	0.882359	0.361885	1.26552	0.649687	0.539741	1.10958	0.639017	0.349097	0.12748	1.28161	0.579355	0.955747	0.643693	0.491365	0.851902	0.830744	0.549661	1.17063	0.710721	0.507287	1.21394	0.604366	0.526594	1.26976	0.693896	0.4356	0.362701	1.07107	0.465172	0.354845	1.02053	0.449041	0.256068	1.05812	0.422134	0.289312	1.10664	0.460451	0.669173	0.966884	0.489182	0.666175	0.914878	0.4757	0.56269	0.942614	0.450315	0.590913	0.995331	0.458419	0.998581	0.829967	0.465526	1.0991	0.624767	0.383577	1.58692	0.83254	0.623692	0.799754	0.622104	0.371569	0.0426491	1.11296	0.41834	0.0873345	1.26641	0.46874	1.41767	0.748539	0.575207	0.849672	0.667187	0.585338	0.868245	0.598753	0.227599	1.27275	0.648613	0.0636437	1.09721	0.815856	0.316083	0.0305821	0.552306	0.0816994	0.977674	0.925643	0.131482	0.859897	0.769983	0.0935399	1.19564	0.862817	0.0598643	1.17438	0.734387	0.0859309	1.26228	0.777652	0.177672	0.372587	0.54487	0.189148	0.330365	0.584642	0.208697	0.255243	0.542904	0.198049	0.290527	0.489169	0.143229	0.65928	0.713711	0.164125	0.628084	0.761657	0.185157	0.545944	0.739066	0.165982	0.564809	0.680133	0.153251	0.982246	0.814615	0.116665	1.0824	0.762357	0.244134	1.5845	0.840442	0.0858573	0.847211	1.01435	0.288661	0.0975456	0.380914	0.234789	0.0268225	0.516402	0.168002	1.42531	0.766627	0.127431	0.904061	0.975964	0.0659733	0.882522	0.942054	0.316726	0.970321	0.696918	0.317718	1.28175	0.85262
143	0.566185	0.310739	1.44325	0.707725	0.315281	1.61454	0.888938	0.362388	1.26489	0.656491	0.539969	1.10901	0.645689	0.349323	0.126977	1.28836	0.579565	0.955192	0.650245	0.491529	0.851585	0.838311	0.549993	1.17006	0.717404	0.507308	1.21336	0.611098	0.526857	1.26921	0.700615	0.435572	0.362032	1.07779	0.465095	0.35406	1.02718	0.448796	0.255348	1.06479	0.422096	0.288671	1.11341	0.460831	0.668866	0.974278	0.489449	0.665779	0.922051	0.474544	0.562391	0.949655	0.450001	0.590729	1.00253	0.458403	0.997986	0.837449	0.465749	1.09852	0.631591	0.383748	1.58642	0.839155	0.62373	0.799173	0.628638	0.370671	0.0418795	1.11982	0.418275	0.0865747	1.27294	0.469082	1.41707	0.755321	0.575777	0.848954	0.67387	0.585458	0.867681	0.605328	0.22809	1.27206	0.655322	0.0639221	1.09659	0.822383	0.315971	0.0305612	0.552403	0.0818526	0.976975	0.93224	0.131854	0.859451	0.776199	0.0940008	1.19499	0.869456	0.0601235	1.17373	0.741056	0.0862488	1.26163	0.784317	0.177548	0.373477	0.54966	0.188954	0.330769	0.588898	0.208445	0.256139	0.546337	0.197651	0.292284	0.492872	0.14335	0.659211	0.71956	0.163848	0.627747	0.767576	0.184745	0.545607	0.744853	0.165985	0.564737	0.685833	0.153458	0.981627	0.821277	0.117003	1.08171	0.769091	0.244397	1.58391	0.847039	0.0859125	0.846665	1.0212	0.288206	0.100595	0.382522	0.234657	0.0272222	0.516783	0.168251	1.42466	0.773215	0.127467	0.903246	0.982293	0.0661831	0.881858	0.94862	0.317319	0.969901	0.70408	0.318079	1.2812	0.859416
144	0.570173	0.311134	1.4426	0.714421	0.315578	1.61403	0.895558	0.362861	1.26421	0.663364	0.540168	1.10843	0.652517	0.349316	0.125913	1.29453	0.579802	0.954622	0.656976	0.491738	0.851375	0.846009	0.550275	1.16951	0.724184	0.507385	1.21283	0.617929	0.527178	1.26869	0.707401	0.435563	0.361283	1.08449	0.464931	0.353386	1.03376	0.448486	0.25458	1.07123	0.42199	0.287887	1.11991	0.461197	0.668615	0.981731	0.489781	0.665517	0.929394	0.47331	0.562113	0.95681	0.449617	0.590687	1.00986	0.458567	0.99756	0.845116	0.465949	1.09796	0.638434	0.384015	1.58589	0.845801	0.623801	0.798592	0.635289	0.369942	0.041017	1.12585	0.418166	0.0854764	1.27885	0.469404	1.4165	0.762111	0.575885	0.848355	0.680605	0.585557	0.867101	0.612097	0.228499	1.27143	0.662059	0.0642348	1.09602	0.828924	0.315811	0.030562	0.55257	0.0820159	0.976312	0.938813	0.132221	0.859022	0.782572	0.0944499	1.19435	0.876006	0.0603656	1.17313	0.747723	0.0866064	1.26104	0.790971	0.177544	0.374364	0.554608	0.188759	0.331208	0.593333	0.208212	0.257041	0.549949	0.197592	0.293791	0.496865	0.143651	0.659083	0.725549	0.163668	0.627484	0.773599	0.184353	0.545258	0.750829	0.166126	0.564601	0.691725	0.153643	0.981083	0.828011	0.117349	1.08105	0.775768	0.244658	1.58333	0.853619	0.0858919	0.846003	1.02773	0.287668	0.103692	0.384354	0.234462	0.0276706	0.517256	0.168512	1.42407	0.779829	0.127563	0.902587	0.988858	0.0659143	0.881281	0.955079	0.317844	0.969531	0.711318	0.318281	1.2807	0.866261
145	0.57416	0.311486	1.44201	0.721111	0.315857	1.61357	0.902165	0.363234	1.26348	0.670356	0.540291	1.10783	0.659488	0.349168	0.124362	1.30008	0.579981	0.954068	0.663921	0.492013	0.85128	0.853732	0.550562	1.16896	0.73108	0.507545	1.21232	0.624868	0.527458	1.26816	0.7143	0.435487	0.360442	1.09113	0.464738	0.352768	1.04028	0.448177	0.253818	1.07737	0.42179	0.286951	1.12619	0.461259	0.668567	0.989163	0.489371	0.665237	0.936664	0.472116	0.561843	0.964178	0.449202	0.590683	1.01731	0.459036	0.997321	0.852889	0.466165	1.09744	0.645391	0.384325	1.58543	0.852451	0.62383	0.797941	0.642136	0.369584	0.0399419	1.13107	0.417992	0.0839578	1.28415	0.469799	1.416	0.768918	0.575598	0.847863	0.687391	0.585655	0.866543	0.619019	0.228983	1.27078	0.668838	0.0645051	1.09547	0.835455	0.315611	0.0305594	0.552766	0.0821579	0.975657	0.945306	0.132567	0.858632	0.789074	0.0948681	1.19378	0.8825	0.0605419	1.17256	0.754395	0.0869378	1.26045	0.797634	0.177512	0.375301	0.559744	0.188734	0.331601	0.597991	0.20797	0.257951	0.553752	0.197479	0.295389	0.501085	0.143902	0.658931	0.73171	0.163533	0.627204	0.779819	0.184014	0.544963	0.75698	0.166299	0.564456	0.69779	0.153804	0.980597	0.834829	0.1177	1.08045	0.782327	0.244949	1.58286	0.860139	0.0857612	0.845144	1.03375	0.287125	0.106883	0.386294	0.23424	0.0281536	0.517829	0.168782	1.42356	0.786471	0.127725	0.902042	0.995885	0.0659615	0.880624	0.961487	0.31833	0.969216	0.718633	0.318552	1.28027	0.873167
146	0.578147	0.311855	1.44144	0.727799	0.316086	1.61323	0.908776	0.363628	1.2628	0.677346	0.540499	1.10726	0.66651	0.34882	0.12215	1.305	0.58018	0.953558	0.671024	0.492241	0.85132	0.861388	0.550905	1.16843	0.738037	0.507753	1.21175	0.631888	0.527718	1.26767	0.721243	0.435316	0.359541	1.09762	0.464562	0.352155	1.04676	0.447945	0.25305	1.08322	0.421486	0.285791	1.13227	0.461409	0.668497	0.996738	0.489358	0.664927	0.944145	0.470967	0.56174	0.971707	0.448726	0.590708	1.02488	0.45937	0.997044	0.860464	0.466334	1.09695	0.6525	0.384576	1.58516	0.859037	0.623861	0.797234	0.649163	0.369319	0.0387279	1.13555	0.41773	0.0820205	1.28886	0.470176	1.41549	0.775735	0.575715	0.847269	0.694458	0.58584	0.865985	0.626097	0.229494	1.27018	0.675671	0.0648547	1.09493	0.842028	0.315402	0.0305452	0.552984	0.0822578	0.975045	0.951735	0.13291	0.858235	0.795678	0.0953103	1.19327	0.889113	0.0607321	1.17204	0.761064	0.08731	1.25993	0.804278	0.177485	0.376204	0.565101	0.188657	0.331983	0.602878	0.207693	0.258878	0.557723	0.197665	0.2968	0.505442	0.144195	0.658723	0.738062	0.163396	0.626856	0.786235	0.183727	0.544595	0.763349	0.166448	0.564275	0.704047	0.153945	0.980107	0.841771	0.118087	1.07996	0.788874	0.245289	1.58252	0.866668	0.0856485	0.844365	1.0399	0.286532	0.110189	0.388431	0.234036	0.0286791	0.518393	0.169087	1.42308	0.793132	0.127787	0.901447	1.00257	0.0663556	0.879947	0.96786	0.318736	0.968923	0.725971	0.318877	1.27992	0.88013
147	0.582134	0.312206	1.44098	0.734532	0.316364	1.61295	0.915384	0.364021	1.26226	0.684277	0.540751	1.10671	0.673581	0.348424	0.11957	1.30932	0.58039	0.953018	0.678224	0.49247	0.85145	0.869012	0.551205	1.16795	0.745095	0.508043	1.21121	0.638916	0.528027	1.26722	0.728237	0.435015	0.358594	1.10404	0.464345	0.351605	1.05318	0.447694	0.252216	1.08883	0.42125	0.28455	1.13809	0.461422	0.66851	1.00428	0.489143	0.664829	0.951615	0.470045	0.561763	0.979188	0.448218	0.590867	1.03258	0.459515	0.996746	0.867915	0.466504	1.09638	0.659698	0.384697	1.58512	0.865573	0.623928	0.796511	0.656365	0.369045	0.0373956	1.13936	0.417383	0.0797515	1.29294	0.470531	1.415	0.782597	0.576258	0.846667	0.701784	0.586074	0.8654	0.633318	0.23003	1.26961	0.682565	0.0652215	1.09441	0.848538	0.315211	0.030535	0.55322	0.0823494	0.974462	0.958141	0.133257	0.857836	0.80236	0.0957545	1.19278	0.895802	0.0610136	1.17162	0.767728	0.0876713	1.2595	0.810861	0.177392	0.377154	0.570714	0.188486	0.332364	0.60792	0.207425	0.259823	0.561856	0.19772	0.298452	0.509998	0.144407	0.658505	0.744616	0.163292	0.626556	0.792827	0.183502	0.544186	0.7699	0.166579	0.564038	0.71054	0.154129	0.979625	0.848876	0.118482	1.07955	0.795409	0.245647	1.58224	0.873205	0.0855342	0.843693	1.04615	0.285975	0.113709	0.390745	0.233864	0.0291528	0.518942	0.169433	1.42266	0.799815	0.127838	0.900785	1.00896	0.0663582	0.879399	0.974176	0.319194	0.968616	0.733292	0.319287	1.27962	0.887105
148	0.586121	0.31255	1.44061	0.741318	0.316648	1.61275	0.921983	0.36448	1.26186	0.691261	0.541015	1.10617	0.680774	0.347904	0.116658	1.31304	0.580565	0.952429	0.685501	0.492665	0.851597	0.876633	0.551475	1.16754	0.75232	0.508379	1.21068	0.645984	0.528349	1.26674	0.735292	0.434685	0.357578	1.11043	0.463956	0.351028	1.05948	0.447334	0.251287	1.09412	0.421015	0.283173	1.14375	0.461315	0.668629	1.01177	0.488854	0.664858	0.958994	0.469269	0.561786	0.986697	0.447861	0.591054	1.04027	0.459626	0.996593	0.875371	0.466818	1.09588	0.66688	0.384928	1.58491	0.8722	0.623995	0.795863	0.663846	0.368889	0.0359274	1.14246	0.416996	0.0772386	1.29639	0.470889	1.41458	0.789475	0.576352	0.846255	0.709203	0.586265	0.864795	0.640684	0.230421	1.26906	0.6895	0.0655762	1.09399	0.855097	0.315007	0.0305524	0.553463	0.0825189	0.973898	0.964498	0.133569	0.857482	0.809141	0.0961488	1.19231	0.902316	0.061346	1.17128	0.774364	0.0880743	1.25912	0.817427	0.177415	0.37807	0.576553	0.188254	0.332697	0.613125	0.207125	0.260737	0.566188	0.197528	0.300169	0.514799	0.144757	0.658237	0.751371	0.163234	0.626263	0.799602	0.183319	0.543837	0.77667	0.166751	0.563794	0.717259	0.154351	0.979209	0.856077	0.118916	1.07917	0.801915	0.245967	1.58197	0.879803	0.0853765	0.843089	1.05232	0.285508	0.117411	0.393262	0.233737	0.0295806	0.519514	0.169803	1.42228	0.806529	0.127834	0.900098	1.01525	0.0665114	0.878803	0.980388	0.319613	0.968341	0.740649	0.319589	1.27939	0.894108
149	0.590109	0.312908	1.44025	0.74816	0.316871	1.61258	0.928595	0.364913	1.26149	0.698414	0.541362	1.10568	0.68813	0.347335	0.113387	1.31626	0.580781	0.951863	0.692891	0.492874	0.851805	0.884307	0.551814	1.16715	0.759596	0.508801	1.21012	0.653129	0.52874	1.26625	0.742437	0.434311	0.356447	1.1167	0.463539	0.350498	1.06568	0.446982	0.250363	1.09921	0.420589	0.281716	1.14913	0.461026	0.668737	1.01935	0.488419	0.664887	0.966408	0.468508	0.561817	0.99432	0.447591	0.591209	1.04795	0.459834	0.996614	0.882835	0.467161	1.09539	0.674109	0.385249	1.58464	0.878925	0.624106	0.795299	0.671485	0.368822	0.0343496	1.1449	0.416546	0.0744188	1.29938	0.471236	1.41424	0.796363	0.576043	0.845893	0.716681	0.586484	0.864217	0.648183	0.230888	1.26857	0.696481	0.0658752	1.09369	0.861437	0.314794	0.0305742	0.553714	0.0827245	0.973345	0.970798	0.133821	0.857167	0.816002	0.0966964	1.19185	0.908836	0.0616643	1.17095	0.780942	0.0884698	1.25874	0.82401	0.177477	0.378927	0.582678	0.188045	0.332995	0.618538	0.206828	0.261661	0.570738	0.197354	0.301891	0.519867	0.144979	0.657942	0.758235	0.163232	0.625907	0.806588	0.183144	0.543492	0.783665	0.166937	0.563517	0.724204	0.1546	0.978868	0.863388	0.119288	1.07882	0.808406	0.246268	1.58172	0.886395	0.0852228	0.842454	1.05839	0.284933	0.121169	0.396028	0.23367	0.0299928	0.520137	0.170163	1.42194	0.813266	0.127814	0.899422	1.0215	0.0661296	0.878326	0.986506	0.320003	0.96809	0.748109	0.319879	1.27924	0.901117
150	0.594096	0.313303	1.43984	0.755024	0.317106	1.61241	0.935224	0.365331	1.26107	0.705687	0.541709	1.10521	0.695649	0.346672	0.10977	1.31901	0.581037	0.951361	0.700483	0.493086	0.852036	0.891992	0.552081	1.16673	0.766956	0.509316	1.20954	0.660417	0.529145	1.26582	0.749669	0.433875	0.355259	1.12284	0.463103	0.350037	1.07182	0.446671	0.249417	1.10404	0.420069	0.280081	1.15435	0.460681	0.6688	1.02701	0.487577	0.664839	0.97395	0.467786	0.561936	1.00191	0.4473	0.591393	1.05568	0.460116	0.996611	0.89035	0.467556	1.09494	0.68149	0.385591	1.58435	0.885661	0.624252	0.79474	0.679266	0.368767	0.0327397	1.14682	0.415983	0.071334	1.30187	0.471686	1.41395	0.803291	0.576189	0.845373	0.724379	0.586742	0.863663	0.655854	0.23138	1.26811	0.703522	0.0662141	1.09338	0.867739	0.314589	0.030618	0.553978	0.0828895	0.972849	0.977038	0.134126	0.856804	0.822959	0.0973861	1.19141	0.915431	0.061996	1.17067	0.787514	0.0889292	1.25842	0.830626	0.177494	0.379747	0.589035	0.187877	0.333335	0.62422	0.206577	0.262607	0.575518	0.1973	0.303552	0.525174	0.145273	0.657579	0.765276	0.16333	0.625528	0.813747	0.182981	0.543079	0.79089	0.167088	0.563152	0.731396	0.15491	0.978535	0.870965	0.11966	1.07851	0.814864	0.246565	1.58149	0.892988	0.0850237	0.841838	1.06443	0.284336	0.124997	0.398989	0.233642	0.0304536	0.520825	0.170526	1.42163	0.820029	0.127776	0.898778	1.02765	0.0661147	0.877765	0.992571	0.320346	0.967871	0.755632	0.320236	1.2791	0.908145
151	0.598083	0.31375	1.43947	0.761879	0.317381	1.61229	0.94184	0.365669	1.26062	0.71295	0.542068	1.10479	0.703163	0.345863	0.1058	1.32125	0.581326	0.950886	0.708248	0.493215	0.852252	0.899712	0.552423	1.16634	0.774421	0.509917	1.20899	0.66779	0.52956	1.26543	0.756921	0.433414	0.354051	1.12891	0.462688	0.349533	1.07787	0.446252	0.248421	1.10855	0.419536	0.278287	1.15938	0.460466	0.66892	1.03476	0.48626	0.664828	0.981673	0.466989	0.56197	1.00951	0.446882	0.591518	1.06345	0.460448	0.996672	0.897947	0.467942	1.09449	0.68902	0.385964	1.58419	0.892361	0.624395	0.794192	0.687251	0.368614	0.0311383	1.14818	0.415332	0.0679147	1.3038	0.472119	1.41367	0.810239	0.576842	0.844783	0.73233	0.586975	0.863106	0.663702	0.23186	1.26769	0.71062	0.0666133	1.09311	0.874017	0.314397	0.0306767	0.554262	0.0830248	0.972383	0.983232	0.134451	0.856468	0.830028	0.0978503	1.19103	0.921998	0.0623663	1.17048	0.79407	0.0893251	1.25817	0.837235	0.177283	0.3806	0.595594	0.187647	0.333717	0.630153	0.206248	0.26355	0.580527	0.197286	0.305227	0.53072	0.145693	0.657164	0.772568	0.163485	0.625108	0.821069	0.182871	0.542611	0.798352	0.167233	0.562725	0.73881	0.155198	0.978232	0.878657	0.120088	1.0783	0.821286	0.246884	1.5813	0.899585	0.0847803	0.841234	1.07045	0.283799	0.128944	0.402232	0.233666	0.0309668	0.521573	0.170882	1.42137	0.826793	0.12777	0.898149	1.03374	0.0666279	0.877139	0.998558	0.320664	0.96769	0.763179	0.320542	1.27899	0.91524
152	0.60207	0.314278	1.43913	0.768759	0.317684	1.61219	0.948471	0.36598	1.26022	0.720113	0.542426	1.10435	0.710652	0.344979	0.101734	1.32307	0.581641	0.950423	0.716147	0.493481	0.852556	0.907491	0.552669	1.16601	0.782075	0.510533	1.20851	0.675183	0.530048	1.26505	0.764219	0.432811	0.35279	1.13484	0.46225	0.349084	1.08386	0.445842	0.247476	1.11286	0.41891	0.276405	1.16409	0.460423	0.669109	1.0426	0.485585	0.664971	0.989295	0.46616	0.562059	1.01713	0.446549	0.591618	1.07119	0.4608	0.996757	0.905501	0.468345	1.09405	0.696505	0.386325	1.58412	0.89904	0.624491	0.793665	0.695355	0.368551	0.0294688	1.14909	0.414623	0.0639695	1.30522	0.472588	1.4134	0.817223	0.577197	0.84432	0.740385	0.587147	0.86257	0.671719	0.232247	1.26732	0.717741	0.0669745	1.09287	0.880368	0.314221	0.0307611	0.554571	0.0831107	0.97192	0.989385	0.134802	0.856159	0.837231	0.098168	1.1907	0.928558	0.0628144	1.17037	0.80056	0.0897093	1.25799	0.84386	0.177145	0.381494	0.602398	0.18749	0.333924	0.636346	0.2058	0.264567	0.585746	0.197216	0.306968	0.536473	0.146136	0.65674	0.780105	0.163559	0.624649	0.828635	0.182732	0.542116	0.806061	0.1674	0.562213	0.746416	0.155495	0.978004	0.886288	0.120509	1.07813	0.827706	0.247209	1.5812	0.906216	0.0845244	0.840593	1.07637	0.283497	0.132964	0.405749	0.233752	0.0315317	0.522388	0.171289	1.42114	0.833584	0.127737	0.897543	1.03975	0.0665887	0.876678	1.00446	0.320949	0.967511	0.770773	0.320919	1.27893	0.92238
153	0.606058	0.314765	1.43883	0.775683	0.317982	1.61213	0.955118	0.366376	1.25989	0.727251	0.542816	1.1039	0.718253	0.344103	0.0976428	1.32446	0.581872	0.950035	0.724162	0.493772	0.852852	0.915369	0.552852	1.16567	0.789775	0.511172	1.20802	0.682484	0.530495	1.26468	0.771603	0.432115	0.351374	1.14066	0.461873	0.348628	1.08978	0.445446	0.246519	1.11699	0.418313	0.274566	1.16855	0.460519	0.669283	1.0505	0.485332	0.665085	0.996921	0.465177	0.562227	1.02472	0.446083	0.591794	1.07899	0.461096	0.996931	0.91303	0.46872	1.09362	0.704028	0.386669	1.584	0.90577	0.624582	0.793058	0.70369	0.368464	0.0278649	1.14959	0.413874	0.0600166	1.30628	0.473044	1.41322	0.824246	0.577198	0.843981	0.748502	0.587321	0.862047	0.679889	0.232645	1.26695	0.724914	0.0673542	1.09266	0.886791	0.314047	0.0308688	0.554945	0.0831719	0.971455	0.99545	0.135091	0.855818	0.844558	0.0984187	1.19043	0.935071	0.0633496	1.17031	0.806976	0.0900314	1.25785	0.850496	0.177234	0.382261	0.609414	0.187367	0.333959	0.64277	0.205396	0.265631	0.591148	0.196999	0.308741	0.54246	0.146344	0.656293	0.787817	0.163602	0.624184	0.836416	0.182555	0.541556	0.814027	0.167537	0.561566	0.754256	0.155791	0.977838	0.893892	0.120891	1.07805	0.83409	0.24757	1.58114	0.912902	0.0842912	0.839924	1.08217	0.283077	0.137079	0.409446	0.233812	0.0321356	0.523228	0.171756	1.42095	0.840403	0.127327	0.897007	1.04567	0.0660948	0.876301	1.01022	0.321217	0.967332	0.778437	0.321225	1.27891	0.929595
154	0.610045	0.315249	1.43855	0.782645	0.318312	1.61209	0.961771	0.366744	1.25961	0.734402	0.543316	1.10351	0.726036	0.3431	0.0933032	1.32538	0.582155	0.949671	0.732236	0.494088	0.853152	0.923282	0.553082	1.16534	0.797417	0.511784	1.20758	0.689777	0.530969	1.26434	0.77902	0.431351	0.349877	1.1463	0.461559	0.348152	1.09558	0.445159	0.245533	1.12096	0.417612	0.272702	1.17283	0.460489	0.66942	1.0585	0.484918	0.665034	1.00465	0.464005	0.562274	1.03226	0.445456	0.591901	1.08684	0.461384	0.997169	0.920546	0.469041	1.09322	0.711736	0.387219	1.58389	0.912612	0.624754	0.792468	0.712219	0.368388	0.0262186	1.14975	0.41295	0.0561089	1.30703	0.47347	1.41305	0.831316	0.577117	0.843702	0.756801	0.587638	0.861553	0.688178	0.233099	1.26663	0.732127	0.0677002	1.09248	0.893223	0.313886	0.0309868	0.5554	0.0832316	0.971032	1.00148	0.135412	0.855444	0.85197	0.0986395	1.19012	0.941564	0.0638763	1.17028	0.813328	0.0904182	1.25773	0.857145	0.177228	0.383066	0.616688	0.187041	0.33412	0.649374	0.205018	0.266604	0.596724	0.196957	0.310526	0.54865	0.146592	0.655784	0.795667	0.163653	0.623681	0.844405	0.18241	0.540859	0.822195	0.16763	0.560872	0.762344	0.156158	0.977766	0.901726	0.121246	1.078	0.840493	0.247987	1.58109	0.919615	0.0840632	0.839318	1.08789	0.282533	0.141363	0.413241	0.233827	0.0326883	0.524071	0.172258	1.42079	0.847214	0.126504	0.896476	1.0516	0.0660112	0.875826	1.01594	0.321521	0.967129	0.786116	0.32173	1.27893	0.936843
155	0.614032	0.31568	1.43828	0.789617	0.318696	1.61208	0.968425	0.367178	1.25932	0.741778	0.543743	1.10312	0.733897	0.341942	0.0887862	1.32601	0.582495	0.949256	0.740447	0.494405	0.853395	0.931105	0.553375	1.16507	0.805202	0.512447	1.20709	0.697269	0.531412	1.26405	0.786523	0.430566	0.348353	1.15182	0.461087	0.347572	1.10124	0.444753	0.244492	1.12476	0.416831	0.270733	1.1769	0.460231	0.66941	1.06659	0.484123	0.664967	1.01252	0.462683	0.562331	1.03977	0.444879	0.59188	1.09465	0.461708	0.997271	0.928033	0.469416	1.09289	0.719574	0.387953	1.58373	0.919643	0.624954	0.791923	0.720811	0.368432	0.0246915	1.14985	0.412098	0.0522575	1.30739	0.473905	1.4129	0.838414	0.577493	0.843246	0.765354	0.58803	0.861059	0.696579	0.233613	1.26634	0.739365	0.0680336	1.09234	0.899641	0.313713	0.0311111	0.555921	0.0832362	0.970614	1.00747	0.135732	0.85508	0.859454	0.0988333	1.18987	0.948014	0.0643991	1.17029	0.819644	0.0908372	1.25759	0.86376	0.177115	0.383827	0.624164	0.186709	0.334419	0.656163	0.204631	0.267567	0.602496	0.196909	0.312325	0.555123	0.146969	0.655133	0.80369	0.163796	0.623115	0.852594	0.182237	0.540127	0.830632	0.167608	0.560109	0.770682	0.15644	0.977678	0.909568	0.121657	1.07798	0.846851	0.248428	1.58106	0.926322	0.0837794	0.838691	1.09355	0.282156	0.145648	0.417495	0.233836	0.0332192	0.524926	0.172744	1.42063	0.854045	0.12633	0.895658	1.05766	0.0662606	0.87529	1.02159	0.321777	0.966925	0.79381	0.32223	1.279	0.944119
156	0.618019	0.316149	1.43798	0.796526	0.31908	1.61207	0.975106	0.367697	1.25902	0.749221	0.544216	1.10273	0.741766	0.340543	0.0839966	1.32694	0.582795	0.948823	0.748865	0.494683	0.853646	0.938995	0.553773	1.16483	0.81315	0.513198	1.2066	0.704898	0.531913	1.26382	0.794193	0.429686	0.346777	1.15704	0.460518	0.346856	1.10675	0.444229	0.243426	1.12841	0.415841	0.268631	1.1807	0.460019	0.669357	1.07465	0.483497	0.664958	1.02042	0.461385	0.562419	1.04736	0.444112	0.591854	1.1025	0.462239	0.997388	0.935532	0.469843	1.09258	0.727423	0.388512	1.58354	0.926469	0.625139	0.791423	0.729561	0.368092	0.0242555	1.15032	0.411431	0.0482767	1.3076	0.474288	1.41272	0.845495	0.577823	0.842848	0.774023	0.588392	0.860525	0.705159	0.234099	1.26606	0.746631	0.0683102	1.09227	0.905926	0.313543	0.0312229	0.556421	0.0832022	0.970206	1.01343	0.13613	0.854687	0.867073	0.0989872	1.18959	0.954481	0.0649553	1.1703	0.825949	0.0912843	1.2575	0.870381	0.176908	0.384612	0.631856	0.186454	0.334747	0.663121	0.20418	0.268661	0.608452	0.196638	0.314092	0.561789	0.147332	0.654353	0.811897	0.163924	0.62243	0.860981	0.181979	0.539319	0.839301	0.167565	0.559215	0.779237	0.156647	0.977385	0.91704	0.122134	1.07799	0.853081	0.248822	1.58102	0.933005	0.0835109	0.837999	1.09915	0.281949	0.14999	0.422258	0.233833	0.033791	0.525761	0.173235	1.42049	0.860869	0.126387	0.894954	1.06378	0.0658903	0.874875	1.02724	0.322073	0.966731	0.801559	0.32257	1.27915	0.951388
157	0.622006	0.316691	1.43769	0.803394	0.319463	1.61206	0.981821	0.368216	1.25871	0.756641	0.544658	1.10236	0.749777	0.338801	0.0788214	1.32936	0.583129	0.948371	0.757353	0.495053	0.853881	0.94702	0.554115	1.16466	0.821085	0.51403	1.20613	0.712598	0.532453	1.26367	0.802104	0.428657	0.345301	1.16207	0.459923	0.346052	1.11218	0.443419	0.242367	1.13194	0.414431	0.266662	1.18444	0.459748	0.669305	1.08272	0.482854	0.664837	1.02835	0.460247	0.562396	1.05507	0.443148	0.591856	1.11041	0.462897	0.997531	0.943213	0.470356	1.09226	0.735295	0.388909	1.58337	0.933181	0.625385	0.79103	0.738623	0.366981	0.025504	1.15165	0.410504	0.0436059	1.3086	0.474759	1.41258	0.852627	0.578117	0.842524	0.782785	0.588658	0.85996	0.713927	0.23459	1.26574	0.753967	0.0686281	1.09217	0.912156	0.313472	0.0314011	0.556862	0.0831825	0.969769	1.01934	0.136458	0.854269	0.874827	0.0991042	1.18934	0.960925	0.0655644	1.17032	0.832249	0.0916588	1.25743	0.876983	0.176697	0.385405	0.639761	0.185975	0.334968	0.670284	0.203548	0.269938	0.614601	0.196427	0.315933	0.568703	0.147639	0.653545	0.820352	0.163952	0.621663	0.869563	0.18166	0.538445	0.848127	0.167527	0.558128	0.788015	0.156752	0.977006	0.924054	0.12264	1.07803	0.859275	0.249189	1.58098	0.93968	0.0831851	0.837304	1.10469	0.281806	0.1544	0.427375	0.233849	0.0344248	0.526541	0.173759	1.42034	0.867677	0.126397	0.894354	1.06981	0.0657898	0.874425	1.03287	0.322243	0.966624	0.809231	0.322931	1.27936	0.958686
158	0.625994	0.317286	1.43737	0.810306	0.319864	1.61206	0.988551	0.368648	1.25835	0.763982	0.545162	1.10205	0.757827	0.337121	0.0740452	1.33368	0.583498	0.948008	0.765975	0.495495	0.854117	0.955132	0.554376	1.16449	0.829104	0.514871	1.20572	0.720371	0.532983	1.2635	0.809916	0.427617	0.344145	1.16726	0.459113	0.345296	1.1175	0.441971	0.241423	1.13589	0.412983	0.265275	1.18868	0.459221	0.669221	1.09075	0.482216	0.664554	1.03635	0.459217	0.562295	1.06289	0.44215	0.591761	1.11828	0.463134	0.99764	0.95111	0.470845	1.09192	0.743271	0.389285	1.58318	0.939895	0.625641	0.790622	0.747843	0.365689	0.0275707	1.15377	0.409407	0.0392262	1.31092	0.475249	1.41247	0.859841	0.578441	0.842334	0.791718	0.588955	0.859472	0.722873	0.235078	1.26534	0.761359	0.0688985	1.09204	0.918356	0.313598	0.0316898	0.557313	0.0832003	0.969349	1.02523	0.136911	0.853775	0.882666	0.0991779	1.18912	0.967356	0.0661385	1.17033	0.838521	0.092034	1.2574	0.883584	0.176479	0.386254	0.647839	0.18541	0.335264	0.677605	0.202842	0.271167	0.620978	0.196385	0.317758	0.575826	0.147939	0.652691	0.82897	0.163897	0.620917	0.878364	0.181269	0.537468	0.857214	0.167455	0.557015	0.797012	0.157064	0.976921	0.932015	0.123113	1.07811	0.865525	0.249578	1.58092	0.946383	0.082791	0.836583	1.11015	0.281855	0.158858	0.432864	0.23389	0.0351175	0.527229	0.174296	1.42026	0.874526	0.126138	0.893741	1.07538	0.0660705	0.873898	1.03846	0.322469	0.966599	0.816833	0.323343	1.27954	0.966039
159	0.629981	0.31793	1.4371	0.817288	0.320258	1.61214	0.995298	0.369158	1.25804	0.771285	0.545652	1.10175	0.765986	0.3363	0.070851	1.33885	0.583893	0.947736	0.774621	0.495976	0.85435	0.963182	0.554787	1.16425	0.837116	0.515647	1.20527	0.728235	0.533503	1.26326	0.817662	0.427048	0.343517	1.17293	0.457912	0.344866	1.12263	0.439915	0.240912	1.14052	0.412016	0.264707	1.19393	0.458474	0.669027	1.09863	0.481893	0.66444	1.04432	0.458334	0.562163	1.07071	0.441139	0.591576	1.12613	0.463363	0.997711	0.959034	0.471356	1.09154	0.751375	0.389651	1.58305	0.946597	0.62584	0.790146	0.757119	0.364901	0.0292088	1.15634	0.40807	0.0362474	1.31421	0.475844	1.41238	0.867172	0.578591	0.842146	0.80077	0.58926	0.859008	0.731896	0.235665	1.26493	0.768698	0.0692162	1.09199	0.924434	0.31365	0.0321199	0.55792	0.0832221	0.968904	1.03101	0.137381	0.853233	0.890586	0.0992175	1.18889	0.973762	0.0667559	1.17038	0.844746	0.0923575	1.25738	0.890184	0.176413	0.38712	0.656089	0.184728	0.335786	0.685022	0.202026	0.272273	0.627474	0.196495	0.319616	0.583142	0.148207	0.651792	0.837729	0.163791	0.620049	0.887371	0.180793	0.536403	0.866585	0.167338	0.555863	0.806273	0.157543	0.97704	0.940969	0.123468	1.0782	0.871751	0.25002	1.58088	0.95308	0.0823792	0.835869	1.11553	0.28191	0.163275	0.438892	0.233954	0.0358042	0.527849	0.174787	1.42026	0.881398	0.125756	0.893104	1.08054	0.0657425	0.873428	1.04393	0.322581	0.966739	0.824369	0.323771	1.27967	0.973389
160	0.633968	0.318672	1.43694	0.824349	0.320649	1.61229	1.00207	0.369861	1.25772	0.778663	0.546159	1.10143	0.774138	0.336347	0.0691078	1.34357	0.584208	0.947429	0.783356	0.496313	0.854532	0.971364	0.555186	1.16407	0.845253	0.51652	1.20484	0.736123	0.534067	1.26306	0.825489	0.426972	0.343541	1.17898	0.456348	0.344828	1.12773	0.437818	0.240995	1.1457	0.411702	0.264862	1.19996	0.457595	0.668847	1.10636	0.481535	0.664452	1.05234	0.457724	0.56216	1.07841	0.440382	0.591612	1.13385	0.46361	0.997751	0.966826	0.471943	1.09117	0.759491	0.389982	1.58324	0.953341	0.626074	0.789677	0.766584	0.364822	0.0302732	1.15903	0.406845	0.0344034	1.31778	0.476461	1.41236	0.874612	0.5787	0.841843	0.809965	0.589593	0.858451	0.74102	0.236404	1.26458	0.776003	0.0694865	1.09189	0.930435	0.313525	0.0326936	0.558721	0.0831625	0.968465	1.03674	0.137871	0.852624	0.898601	0.0991496	1.18871	0.98013	0.067372	1.17049	0.850975	0.0927221	1.25739	0.896763	0.176362	0.388035	0.664566	0.184058	0.336311	0.692666	0.201017	0.273456	0.634131	0.196993	0.321593	0.590639	0.148438	0.65077	0.846638	0.16354	0.619126	0.896564	0.180266	0.535305	0.876176	0.167205	0.554558	0.81572	0.157949	0.976954	0.949431	0.123834	1.07824	0.877951	0.250461	1.58097	0.959748	0.0820326	0.835136	1.12083	0.281839	0.167721	0.445233	0.233991	0.0364826	0.528466	0.175231	1.42035	0.888267	0.125563	0.892402	1.08598	0.0650199	0.873033	1.0492	0.322711	0.967037	0.831909	0.324274	1.27982	0.980755
161	0.637955	0.319402	1.4369	0.831459	0.321029	1.61262	1.00887	0.370715	1.25737	0.786177	0.546703	1.10111	0.782409	0.336065	0.067411	1.34726	0.584528	0.947057	0.792278	0.496561	0.854624	0.979635	0.555697	1.16388	0.853509	0.51737	1.2045	0.74409	0.534706	1.26287	0.833397	0.42678	0.344142	1.18505	0.454923	0.345306	1.13323	0.436318	0.241611	1.15142	0.41142	0.265523	1.20616	0.456926	0.668953	1.11409	0.481105	0.664598	1.06036	0.457452	0.562353	1.086	0.439656	0.591701	1.14142	0.463836	0.997858	0.974511	0.472541	1.09086	0.767548	0.390312	1.58378	0.960164	0.626298	0.789248	0.776196	0.364939	0.0313057	1.16157	0.406122	0.0328974	1.32111	0.477048	1.41248	0.882039	0.578975	0.841649	0.819262	0.589893	0.857876	0.750347	0.237128	1.26428	0.783266	0.0697906	1.09179	0.936419	0.313261	0.0334935	0.559718	0.0830361	0.968025	1.04242	0.138262	0.852001	0.906668	0.0988671	1.18856	0.986471	0.0680037	1.17063	0.857195	0.0930812	1.25743	0.903282	0.176303	0.389038	0.673255	0.183374	0.33675	0.700528	0.200037	0.274773	0.641139	0.197332	0.323617	0.598393	0.148655	0.64957	0.855675	0.163274	0.618184	0.905838	0.179629	0.534152	0.88597	0.167074	0.553153	0.825285	0.158271	0.976793	0.95764	0.124137	1.07827	0.884115	0.250909	1.58128	0.966498	0.0816818	0.83443	1.12601	0.281736	0.172218	0.451948	0.234013	0.0373149	0.529192	0.175635	1.42047	0.895124	0.12547	0.891698	1.09151	0.0649799	0.872569	1.0543	0.322842	0.967418	0.83944	0.324797	1.28009	0.988101
162	0.641942	0.320086	1.43704	0.838635	0.321411	1.61317	1.01565	0.371499	1.25713	0.793641	0.547277	1.10075	0.79084	0.334488	0.0646049	1.34985	0.58484	0.946703	0.801378	0.497043	0.854835	0.987808	0.556108	1.16379	0.861789	0.518154	1.20424	0.75213	0.535268	1.26269	0.841273	0.426054	0.345017	1.19113	0.453994	0.346182	1.13925	0.435655	0.242511	1.15745	0.410711	0.266454	1.21226	0.456266	0.669234	1.1216	0.481071	0.66498	1.06814	0.457282	0.562765	1.0935	0.438845	0.591842	1.14885	0.463992	0.998023	0.982181	0.473126	1.09061	0.775677	0.390839	1.58417	0.967145	0.62652	0.788936	0.78608	0.365134	0.0323592	1.16381	0.405579	0.0312361	1.32391	0.477569	1.41266	0.88941	0.579275	0.841585	0.828668	0.590132	0.857373	0.759847	0.238021	1.26412	0.790509	0.070099	1.09171	0.942427	0.312909	0.0346354	0.561024	0.0828227	0.967592	1.04805	0.138597	0.851356	0.914855	0.0986131	1.18851	0.992793	0.0686453	1.17084	0.863219	0.0934868	1.25755	0.909765	0.176334	0.39019	0.682175	0.182333	0.337323	0.708631	0.199116	0.276117	0.6484	0.197533	0.325658	0.606454	0.148851	0.648382	0.864763	0.16309	0.617255	0.915165	0.178981	0.532974	0.89589	0.166906	0.551713	0.835008	0.158631	0.976629	0.965961	0.124495	1.07831	0.890282	0.25134	1.5818	0.973369	0.0812755	0.833779	1.13108	0.281724	0.176727	0.459249	0.233936	0.0383734	0.530062	0.175971	1.42065	0.90196	0.125287	0.89111	1.09697	0.0651429	0.872172	1.0596	0.322974	0.967807	0.846915	0.325199	1.28055	0.995379
163	0.64593	0.320576	1.43744	0.84589	0.321805	1.61387	1.02238	0.372172	1.25714	0.801005	0.547828	1.10047	0.799357	0.332168	0.0605833	1.35162	0.585132	0.946382	0.81057	0.497629	0.855349	0.995932	0.556533	1.16384	0.870235	0.519011	1.20397	0.760277	0.535813	1.26263	0.849298	0.424975	0.345897	1.19731	0.453615	0.34729	1.14581	0.435625	0.243484	1.16364	0.409869	0.267177	1.21816	0.45571	0.66979	1.12905	0.481051	0.665794	1.07573	0.457326	0.563344	1.10072	0.438337	0.592237	1.156	0.464148	0.99823	0.989858	0.47375	1.09041	0.784046	0.39131	1.58457	0.974026	0.626743	0.788609	0.796087	0.365425	0.0332497	1.16553	0.404686	0.0287061	1.32586	0.478131	1.41287	0.896783	0.579487	0.841586	0.838232	0.590468	0.857012	0.769455	0.23899	1.26412	0.797728	0.0703894	1.0917	0.948332	0.31254	0.0359838	0.562733	0.0825973	0.967212	1.05356	0.138877	0.850625	0.923127	0.0984471	1.18852	0.999096	0.0692508	1.17113	0.868977	0.0938702	1.25776	0.916206	0.176624	0.391321	0.691359	0.180737	0.338193	0.716961	0.198174	0.277598	0.655878	0.197835	0.327723	0.614857	0.148996	0.647242	0.873943	0.16285	0.616457	0.924655	0.178485	0.531866	0.905964	0.166678	0.550221	0.844948	0.158974	0.97647	0.974247	0.124876	1.07839	0.896419	0.251741	1.58246	0.980228	0.0807823	0.833164	1.13604	0.281892	0.181193	0.466838	0.233755	0.0397674	0.531199	0.176245	1.4209	0.90885	0.125044	0.890624	1.10231	0.064974	0.871801	1.06468	0.323189	0.968107	0.854357	0.325605	1.28099	1.00267
164	0.649917	0.321062	1.43789	0.853146	0.322192	1.61464	1.02911	0.372845	1.25738	0.808294	0.548465	1.10027	0.807986	0.330097	0.056132	1.35295	0.585513	0.946217	0.819903	0.498058	0.856138	1.00394	0.55693	1.16395	0.878748	0.519961	1.20374	0.768504	0.536299	1.2627	0.857526	0.423913	0.346663	1.20374	0.453614	0.348472	1.15274	0.435845	0.244484	1.16973	0.408892	0.26768	1.22384	0.455198	0.670568	1.13653	0.48093	0.666766	1.08317	0.457613	0.564064	1.10773	0.438085	0.592756	1.16287	0.464492	0.998629	0.997644	0.474319	1.09025	0.792441	0.391689	1.58518	0.980812	0.627034	0.788332	0.806357	0.365754	0.0340903	1.16667	0.403571	0.0251619	1.32684	0.478746	1.41308	0.904211	0.579736	0.841672	0.847875	0.590911	0.85674	0.77914	0.239876	1.26432	0.804944	0.0707152	1.09176	0.954232	0.312175	0.0375272	0.564864	0.0823916	0.966911	1.05903	0.139149	0.849811	0.93153	0.0984123	1.1886	1.00537	0.0698268	1.17152	0.874875	0.0943046	1.25805	0.92266	0.17685	0.392505	0.700816	0.17937	0.33912	0.725515	0.197193	0.279171	0.663713	0.198358	0.329839	0.623522	0.149158	0.64612	0.883237	0.162672	0.615556	0.934209	0.177948	0.530808	0.916262	0.16639	0.548695	0.854999	0.159405	0.976308	0.98247	0.125401	1.07859	0.90252	0.252084	1.58309	0.986998	0.0802458	0.832558	1.14092	0.282078	0.185608	0.474745	0.233471	0.0416011	0.532876	0.176508	1.42123	0.915834	0.124721	0.890099	1.1076	0.0641848	0.871658	1.06992	0.323372	0.968369	0.861673	0.326042	1.28135	1.00999
165	0.653904	0.321539	1.43846	0.860456	0.322576	1.61538	1.03585	0.373457	1.25781	0.815628	0.549107	1.10018	0.816716	0.328874	0.0518175	1.35392	0.585891	0.946128	0.829368	0.498421	0.85717	1.01175	0.557311	1.16404	0.887311	0.520964	1.20352	0.776745	0.536864	1.2628	0.865736	0.422932	0.347229	1.21006	0.453896	0.349614	1.15982	0.436283	0.245423	1.17565	0.407904	0.268009	1.2292	0.455021	0.671251	1.14389	0.481193	0.667744	1.09066	0.458062	0.564817	1.11468	0.438004	0.593231	1.16962	0.46467	0.998972	1.00514	0.475044	1.09011	0.800864	0.392009	1.58603	0.987616	0.627291	0.78817	0.816737	0.366214	0.0348697	1.16741	0.402993	0.0216704	1.32737	0.479263	1.41331	0.91173	0.579995	0.841839	0.857736	0.591409	0.85647	0.788963	0.240684	1.26462	0.812202	0.0710112	1.09202	0.960145	0.311582	0.0392066	0.567244	0.0822078	0.966707	1.06448	0.139389	0.848959	0.940054	0.0984204	1.18877	1.0116	0.0704378	1.17196	0.880984	0.0946844	1.2584	0.929104	0.177007	0.393861	0.710516	0.178909	0.339959	0.734354	0.196261	0.280818	0.671889	0.198823	0.332105	0.632493	0.149198	0.644836	0.892565	0.162506	0.614714	0.943814	0.177401	0.529801	0.926636	0.166037	0.54714	0.865187	0.160103	0.97612	0.990796	0.125942	1.07897	0.908524	0.252416	1.58368	0.993685	0.0796393	0.831986	1.14574	0.282127	0.190144	0.482926	0.233127	0.043809	0.535119	0.176781	1.42159	0.922871	0.124312	0.889626	1.1128	0.0632661	0.87163	1.07498	0.323624	0.968623	0.868923	0.326344	1.28178	1.01733
166	0.657891	0.322021	1.43914	0.867865	0.322998	1.61604	1.0426	0.374073	1.25835	0.822921	0.549726	1.10011	0.825527	0.328184	0.0478229	1.35461	0.586323	0.946033	0.839013	0.498736	0.858395	1.01948	0.557582	1.16416	0.895925	0.522088	1.2033	0.785044	0.53739	1.26288	0.873845	0.42188	0.347644	1.21601	0.454387	0.35068	1.16687	0.437033	0.246234	1.18132	0.407025	0.268136	1.2342	0.454519	0.671851	1.15098	0.481365	0.668771	1.0981	0.458753	0.565548	1.12159	0.437969	0.593773	1.17641	0.46489	0.999433	1.01251	0.475815	1.09004	0.809284	0.392462	1.58668	0.99461	0.62756	0.787996	0.827305	0.36675	0.0354326	1.16807	0.403795	0.0196605	1.32791	0.479659	1.41367	0.919255	0.58007	0.841908	0.86796	0.591863	0.85621	0.798964	0.241314	1.26502	0.819442	0.0713198	1.09241	0.96618	0.31068	0.0410745	0.569806	0.0820301	0.966563	1.06986	0.139549	0.848092	0.948602	0.0983626	1.18904	1.01782	0.0710841	1.17242	0.887133	0.095111	1.25881	0.935479	0.17696	0.395572	0.720393	0.178457	0.340744	0.743481	0.195362	0.282508	0.680326	0.199141	0.334466	0.641816	0.1492	0.643697	0.901867	0.162398	0.61398	0.953427	0.176868	0.528819	0.937089	0.165667	0.545639	0.875491	0.161068	0.975936	0.999171	0.126496	1.0795	0.914552	0.25277	1.58424	1.00034	0.0789771	0.83139	1.15046	0.281817	0.194888	0.491362	0.232673	0.0463498	0.537794	0.177105	1.42195	0.929909	0.123938	0.889177	1.11792	0.0628742	0.871478	1.07977	0.323808	0.968888	0.876135	0.326454	1.28232	1.02459
167	0.661879	0.322369	1.43976	0.875247	0.323426	1.61659	1.04934	0.374581	1.25898	0.830066	0.550317	1.10013	0.83445	0.327273	0.0441587	1.35519	0.586726	0.945975	0.848726	0.499124	0.859688	1.02721	0.557828	1.16441	0.904723	0.523184	1.20311	0.79342	0.537971	1.26296	0.881997	0.420741	0.347796	1.22165	0.454845	0.351579	1.17373	0.437856	0.246889	1.18664	0.405907	0.268083	1.23872	0.454198	0.672385	1.15805	0.481726	0.669709	1.10562	0.459568	0.566242	1.12855	0.437901	0.594267	1.18324	0.465207	1.00004	1.01977	0.476457	1.09	0.817761	0.393068	1.58699	1.0017	0.627834	0.787839	0.83799	0.367218	0.0358807	1.16882	0.405417	0.0189538	1.32864	0.479964	1.41412	0.926763	0.580056	0.841855	0.878487	0.592309	0.856036	0.809159	0.241788	1.26541	0.826616	0.071531	1.09287	0.972129	0.309983	0.043274	0.57253	0.0818583	0.966436	1.0752	0.13967	0.847164	0.957087	0.0981971	1.18931	1.02407	0.0716987	1.17297	0.893229	0.0954923	1.25923	0.941804	0.177253	0.397163	0.730637	0.177801	0.341628	0.752944	0.194439	0.284203	0.689124	0.199597	0.33671	0.651438	0.149143	0.642653	0.911199	0.162207	0.613387	0.963114	0.176257	0.528032	0.947721	0.165285	0.544226	0.885879	0.16175	0.975742	1.0072	0.127013	1.08012	0.920624	0.253122	1.58475	1.00702	0.0782663	0.830843	1.15508	0.281279	0.199725	0.500171	0.232097	0.0492038	0.540679	0.177484	1.42233	0.936956	0.123553	0.888716	1.12296	0.0628813	0.871164	1.08452	0.323925	0.969112	0.883304	0.326681	1.28273	1.03175
168	0.665866	0.322694	1.44032	0.882544	0.323801	1.61706	1.05608	0.374994	1.25973	0.837196	0.550967	1.10021	0.843376	0.32566	0.0409136	1.3556	0.587128	0.946056	0.858626	0.499538	0.860977	1.03489	0.558084	1.16465	0.913543	0.524334	1.203	0.801826	0.538496	1.2631	0.890261	0.419553	0.347696	1.22717	0.455256	0.352268	1.1804	0.438393	0.247367	1.19153	0.404645	0.267798	1.24282	0.45361	0.672991	1.16509	0.48144	0.670581	1.11305	0.46032	0.566855	1.13559	0.437721	0.594601	1.19017	0.465468	1.00079	1.0269	0.47703	1.09004	0.826326	0.393562	1.58717	1.00861	0.62815	0.787805	0.848841	0.367245	0.0363658	1.16962	0.407108	0.0183929	1.32928	0.480278	1.4146	0.934295	0.580122	0.841955	0.888931	0.592862	0.855877	0.819522	0.242138	1.26577	0.833716	0.0717136	1.09336	0.977887	0.309535	0.04578	0.575418	0.0816898	0.96631	1.08051	0.139812	0.846211	0.965594	0.0980559	1.18955	1.03028	0.072358	1.17356	0.899316	0.0958894	1.25968	0.948143	0.177669	0.398453	0.741261	0.177091	0.342555	0.762723	0.193674	0.285886	0.698289	0.200115	0.338852	0.66143	0.149068	0.641635	0.920578	0.162089	0.612936	0.972788	0.175667	0.52729	0.958459	0.164839	0.54287	0.896365	0.162235	0.975604	1.01488	0.127521	1.08083	0.926655	0.2535	1.5852	1.01381	0.0775474	0.830309	1.15963	0.280672	0.204661	0.509374	0.231494	0.0524368	0.543873	0.177875	1.42273	0.944086	0.123118	0.88826	1.12798	0.0631185	0.870832	1.08928	0.324037	0.969325	0.890362	0.326877	1.28303	1.03889
169	0.669853	0.322968	1.4407	0.889704	0.324191	1.61745	1.0629	0.375341	1.26038	0.844323	0.551648	1.10035	0.852302	0.324012	0.0385905	1.3559	0.587497	0.946178	0.868647	0.499821	0.862244	1.04243	0.558211	1.16482	0.922411	0.525518	1.20291	0.810271	0.538968	1.26335	0.898603	0.418444	0.347267	1.23259	0.455427	0.352764	1.18686	0.438796	0.247606	1.1961	0.403529	0.267238	1.24676	0.453042	0.673514	1.17225	0.481311	0.671318	1.12054	0.460901	0.567382	1.14271	0.437547	0.595	1.19709	0.465787	1.00155	1.03396	0.477621	1.09007	0.835024	0.393843	1.58744	1.01531	0.62849	0.787745	0.85992	0.366872	0.0367524	1.17034	0.408292	0.0178673	1.32965	0.480479	1.41501	0.941889	0.580316	0.842152	0.899327	0.593539	0.855747	0.830004	0.242388	1.26621	0.840763	0.0720084	1.09385	0.983563	0.309201	0.048565	0.578612	0.0815248	0.966203	1.08578	0.139944	0.845231	0.974129	0.0979266	1.18979	1.03647	0.0730163	1.17418	0.905384	0.0961801	1.26018	0.954489	0.178063	0.399587	0.752218	0.176513	0.343432	0.772788	0.192934	0.2875	0.707732	0.200581	0.340878	0.671777	0.149053	0.640623	0.92998	0.161851	0.612557	0.982583	0.175307	0.526637	0.969187	0.164389	0.541595	0.906934	0.162743	0.975588	1.02244	0.12803	1.08165	0.932633	0.253933	1.58557	1.02068	0.076841	0.829744	1.16417	0.27997	0.209737	0.518884	0.230933	0.056218	0.547464	0.178275	1.42314	0.951246	0.122607	0.887833	1.13294	0.0625885	0.870727	1.094	0.324031	0.969561	0.897312	0.326994	1.2833	1.04607
170	0.67384	0.323297	1.44095	0.896751	0.324634	1.61781	1.06978	0.375731	1.26083	0.851449	0.552304	1.10049	0.861199	0.323298	0.0371364	1.35624	0.587932	0.946316	0.878742	0.500109	0.863445	1.04979	0.558392	1.16504	0.931296	0.526738	1.20281	0.81869	0.539379	1.26353	0.906945	0.41752	0.346585	1.23793	0.455474	0.35298	1.19313	0.438942	0.247655	1.20035	0.402593	0.266421	1.2506	0.452673	0.67394	1.17941	0.481426	0.671985	1.12802	0.461379	0.567991	1.14978	0.437368	0.595315	1.204	0.465984	1.00231	1.04093	0.478244	1.09017	0.843678	0.393989	1.5879	1.02195	0.62875	0.787673	0.871074	0.366541	0.0370038	1.1709	0.408832	0.0177025	1.33004	0.480635	1.41546	0.949453	0.580514	0.842417	0.909924	0.594125	0.855671	0.840611	0.24256	1.26673	0.847771	0.0722245	1.09426	0.989281	0.308489	0.0514671	0.58231	0.0813423	0.966084	1.09096	0.140179	0.8443	0.982568	0.0977433	1.18997	1.04259	0.0737175	1.17477	0.911426	0.0964761	1.26066	0.960862	0.178417	0.400751	0.763494	0.175965	0.344338	0.783173	0.192218	0.289132	0.717514	0.200756	0.342894	0.682388	0.149097	0.639654	0.939457	0.161762	0.61212	0.992371	0.175008	0.526053	0.97997	0.164087	0.540306	0.917592	0.163355	0.975776	1.03012	0.128524	1.08242	0.938623	0.254346	1.58591	1.02756	0.0761441	0.829159	1.16864	0.279221	0.21482	0.52873	0.230289	0.0605082	0.551697	0.178705	1.42353	0.958365	0.122122	0.887337	1.13782	0.0615179	0.870691	1.09859	0.324092	0.969821	0.904275	0.327077	1.28356	1.05324
171	0.677827	0.323547	1.4411	0.903775	0.325058	1.61819	1.07667	0.376167	1.26119	0.858515	0.552893	1.10064	0.869873	0.323623	0.0364487	1.35686	0.588389	0.946509	0.888865	0.500331	0.864578	1.05704	0.55849	1.16537	0.9402	0.527996	1.20266	0.827122	0.539868	1.2637	0.915345	0.416665	0.34579	1.24321	0.455498	0.352953	1.19903	0.438904	0.247552	1.2042	0.401828	0.265367	1.25423	0.452431	0.67437	1.18653	0.481602	0.672599	1.13544	0.461629	0.568593	1.15686	0.437215	0.595586	1.21086	0.466186	1.00316	1.04783	0.479025	1.09025	0.852366	0.394306	1.58824	1.02888	0.629017	0.787713	0.882427	0.3664	0.0372241	1.17131	0.409227	0.0178243	1.33043	0.480871	1.41597	0.95693	0.580717	0.842734	0.920668	0.594722	0.855609	0.851357	0.242737	1.26731	0.8547	0.0724259	1.09461	0.995094	0.307258	0.054273	0.586635	0.0811143	0.965934	1.09603	0.140403	0.843363	0.990921	0.0975214	1.19011	1.04867	0.0744191	1.17535	0.917439	0.0966387	1.26108	0.967219	0.17877	0.401851	0.774974	0.175508	0.345258	0.793893	0.191532	0.290737	0.727606	0.200876	0.344885	0.693267	0.149069	0.63866	0.949044	0.161721	0.611697	1.00222	0.174713	0.525494	0.990828	0.163836	0.539097	0.928319	0.163944	0.976007	1.03774	0.128927	1.08315	0.944487	0.254701	1.58626	1.03444	0.0754782	0.828577	1.17302	0.278492	0.219898	0.538906	0.229599	0.0650111	0.556395	0.179138	1.42391	0.965412	0.121616	0.886848	1.14266	0.0611118	0.870421	1.10297	0.324136	0.970149	0.911148	0.327141	1.28379	1.06031
172	0.681815	0.323702	1.44123	0.910868	0.325413	1.61857	1.08355	0.376643	1.2616	0.865516	0.553583	1.1007	0.878845	0.324135	0.0360685	1.35759	0.58885	0.946629	0.899178	0.500539	0.865783	1.06419	0.558558	1.16565	0.949137	0.529254	1.20253	0.835587	0.540312	1.26393	0.923639	0.415878	0.344923	1.24834	0.45542	0.352793	1.20446	0.438706	0.247273	1.20766	0.401077	0.264193	1.25764	0.452206	0.674798	1.19363	0.481765	0.673024	1.14273	0.461732	0.569078	1.16391	0.436928	0.596017	1.21776	0.466412	1.00412	1.05471	0.480012	1.09033	0.860952	0.394794	1.58841	1.03606	0.629335	0.787743	0.893933	0.366375	0.0374631	1.17156	0.40964	0.0178049	1.33064	0.481152	1.41646	0.96441	0.580866	0.843112	0.931535	0.595372	0.855468	0.862177	0.24288	1.26789	0.861532	0.0725545	1.09494	1.00077	0.30573	0.0569018	0.591555	0.0808027	0.965744	1.10102	0.14066	0.842479	0.999242	0.0972912	1.19025	1.05476	0.0750862	1.17599	0.923421	0.0967903	1.2615	0.973594	0.178972	0.402841	0.786637	0.175096	0.34615	0.804904	0.191009	0.292261	0.738015	0.201185	0.346779	0.704401	0.149073	0.637737	0.958721	0.161761	0.611364	1.01215	0.174542	0.525028	1.00173	0.163625	0.537958	0.939148	0.164437	0.976152	1.04505	0.129278	1.08388	0.950271	0.255046	1.58664	1.04137	0.0748776	0.827942	1.17732	0.277801	0.224945	0.549601	0.228951	0.0695261	0.561283	0.179539	1.4243	0.972425	0.12109	0.88636	1.1474	0.0612222	0.87008	1.10726	0.323855	0.970642	0.917609	0.327231	1.28408	1.06728
173	0.685802	0.323818	1.4414	0.917973	0.325681	1.61901	1.09042	0.377181	1.26209	0.87256	0.554406	1.10085	0.887993	0.324017	0.0356531	1.35803	0.589273	0.946752	0.909398	0.500778	0.866958	1.07126	0.558661	1.16598	0.95801	0.530564	1.20242	0.844095	0.540707	1.26427	0.931858	0.415288	0.343954	1.253	0.455175	0.35245	1.20944	0.43819	0.24689	1.21078	0.400334	0.263061	1.26077	0.451931	0.675258	1.20064	0.481898	0.673521	1.14995	0.46163	0.569643	1.17088	0.436371	0.596566	1.22467	0.466567	1.0051	1.06153	0.480908	1.0904	0.869499	0.395156	1.58859	1.04316	0.629626	0.787778	0.9055	0.366578	0.0376251	1.17168	0.409973	0.0176706	1.33071	0.481483	1.41697	0.971913	0.581079	0.843561	0.942374	0.595951	0.855319	0.873055	0.243151	1.2685	0.868299	0.0726483	1.09527	1.00628	0.304004	0.0592507	0.596867	0.0804788	0.965553	1.10598	0.140848	0.841711	1.00748	0.0970239	1.19043	1.06083	0.075646	1.17665	0.929357	0.0969537	1.26195	0.979955	0.179145	0.403806	0.798585	0.174835	0.346928	0.816172	0.190733	0.293755	0.748673	0.201375	0.348616	0.715808	0.149115	0.636827	0.968478	0.161861	0.611137	1.02217	0.174527	0.524601	1.01267	0.163478	0.536807	0.949999	0.164867	0.976217	1.05227	0.129557	1.08454	0.956034	0.255436	1.58707	1.04835	0.0742895	0.827311	1.18159	0.277179	0.229796	0.560975	0.228339	0.0740781	0.566314	0.179858	1.42475	0.979402	0.120557	0.885833	1.15209	0.0603961	0.870065	1.11194	0.323394	0.971181	0.923646	0.327243	1.28443	1.07421
174	0.689789	0.323974	1.44163	0.9251	0.325918	1.61959	1.0973	0.377765	1.26258	0.879647	0.555503	1.10113	0.897157	0.323229	0.0352194	1.35796	0.589694	0.946969	0.919679	0.50091	0.868121	1.07825	0.558736	1.16639	0.966953	0.531807	1.20236	0.852613	0.541137	1.26456	0.940163	0.414779	0.342967	1.25724	0.454799	0.351978	1.214	0.437593	0.246525	1.21349	0.3997	0.261919	1.26367	0.451544	0.675807	1.20762	0.481984	0.674016	1.15709	0.461183	0.570195	1.17789	0.435519	0.597125	1.2315	0.466683	1.00608	1.06835	0.481723	1.09038	0.87813	0.39539	1.58893	1.05011	0.629891	0.787933	0.917233	0.367083	0.0377625	1.17173	0.410151	0.0175712	1.33072	0.481768	1.41757	0.979395	0.58107	0.844001	0.953301	0.596488	0.855267	0.884076	0.243461	1.26916	0.874973	0.0727594	1.0956	1.01188	0.302092	0.0614212	0.602587	0.0801106	0.965357	1.11093	0.140976	0.841037	1.01569	0.0966911	1.19057	1.06682	0.0762553	1.17727	0.935212	0.0971066	1.26243	0.98624	0.179308	0.40473	0.81081	0.174631	0.34763	0.827688	0.19072	0.295116	0.759598	0.20145	0.350358	0.727462	0.149183	0.635956	0.978322	0.162068	0.610887	1.03229	0.174627	0.524222	1.02371	0.163403	0.5357	0.96089	0.165222	0.976402	1.05935	0.12969	1.08505	0.96179	0.255845	1.58759	1.0553	0.0736766	0.826723	1.1858	0.276897	0.234403	0.572931	0.227588	0.0788184	0.571604	0.180158	1.42524	0.986305	0.120033	0.885364	1.15673	0.0598708	0.869958	1.11652	0.323361	0.971541	0.930174	0.32737	1.28473	1.08111
175	0.693776	0.324449	1.44211	0.931962	0.32616	1.62032	1.10417	0.378371	1.26312	0.886624	0.55642	1.10131	0.906352	0.322379	0.0348565	1.35764	0.590039	0.947166	0.930023	0.501057	0.86921	1.08509	0.558784	1.16677	0.975898	0.533052	1.20236	0.861126	0.541568	1.26479	0.948596	0.414303	0.342017	1.26119	0.454378	0.351582	1.21812	0.43708	0.246157	1.21605	0.399221	0.260759	1.26634	0.451129	0.67648	1.2144	0.482007	0.674473	1.16408	0.460848	0.570755	1.18481	0.434618	0.597793	1.23808	0.466863	1.00706	1.07514	0.482433	1.09031	0.886774	0.395511	1.5896	1.05698	0.630227	0.78812	0.929122	0.367362	0.0378628	1.17178	0.410274	0.0174908	1.33074	0.482042	1.4182	0.986787	0.581025	0.844462	0.964333	0.597063	0.85527	0.895218	0.243838	1.26985	0.881632	0.072837	1.09594	1.01757	0.29998	0.063589	0.609148	0.0797412	0.965161	1.11587	0.140729	0.840558	1.0238	0.0963786	1.19075	1.07278	0.076856	1.17791	0.941012	0.0972948	1.26295	0.992461	0.179439	0.405609	0.823227	0.174427	0.348311	0.839488	0.190728	0.296484	0.770823	0.201598	0.351891	0.739331	0.14936	0.635171	0.988212	0.162407	0.610683	1.04246	0.174824	0.523853	1.03477	0.163372	0.53468	0.971805	0.165517	0.976681	1.06621	0.129643	1.08544	0.9673	0.256174	1.58826	1.06221	0.0729648	0.82618	1.18996	0.277045	0.2386	0.585278	0.226567	0.0837534	0.577366	0.180403	1.42575	0.993084	0.119558	0.884886	1.16136	0.059945	0.869676	1.12092	0.323557	0.971753	0.937238	0.327486	1.2851	1.08799
176	0.697764	0.325098	1.44284	0.938606	0.326369	1.62116	1.111	0.378974	1.26381	0.893509	0.557125	1.10146	0.915734	0.321895	0.0345962	1.35749	0.590394	0.947371	0.940476	0.501234	0.870282	1.09182	0.558845	1.16717	0.984809	0.534362	1.20237	0.869661	0.54196	1.26514	0.956892	0.413953	0.341128	1.26483	0.454005	0.351377	1.2218	0.436867	0.245946	1.21835	0.398884	0.259843	1.26882	0.45066	0.677178	1.22088	0.482	0.674983	1.17084	0.46073	0.571458	1.19151	0.433773	0.598515	1.2444	0.467052	1.00813	1.08181	0.483279	1.09036	0.895206	0.395567	1.59051	1.06391	0.630435	0.788388	0.941162	0.367439	0.0379612	1.17185	0.410419	0.0173673	1.3308	0.482323	1.41883	0.994115	0.581088	0.845018	0.975414	0.597611	0.855282	0.906391	0.24422	1.27055	0.888259	0.0730446	1.09627	1.0231	0.29774	0.0659275	0.61663	0.0793764	0.964994	1.12075	0.140812	0.840163	1.03165	0.096086	1.19095	1.07867	0.077391	1.17861	0.946784	0.0974087	1.26344	0.998608	0.17951	0.406425	0.835826	0.174432	0.34894	0.851512	0.190624	0.29779	0.782366	0.201551	0.353447	0.751337	0.149565	0.634445	0.998142	0.162889	0.610484	1.05261	0.175124	0.523562	1.04587	0.163477	0.533723	0.982802	0.165798	0.977057	1.07283	0.129436	1.08579	0.972487	0.2564	1.58908	1.06915	0.0721006	0.825718	1.19404	0.277449	0.242317	0.597858	0.225499	0.0886643	0.583853	0.180586	1.42628	0.999799	0.119109	0.884383	1.16591	0.0599688	0.869407	1.12505	0.323825	0.97202	0.944371	0.327484	1.28557	1.09483
177	0.701751	0.325797	1.44373	0.945293	0.326592	1.62199	1.11784	0.379556	1.26457	0.900341	0.557828	1.10175	0.925139	0.321647	0.0343999	1.35764	0.590758	0.947627	0.950973	0.501453	0.871227	1.09839	0.558872	1.16768	0.993838	0.535607	1.20233	0.878195	0.542284	1.26561	0.965213	0.413809	0.340457	1.26804	0.453746	0.351312	1.22519	0.436778	0.245916	1.22048	0.398716	0.259166	1.27113	0.450108	0.677816	1.22708	0.481988	0.675607	1.17742	0.460407	0.572084	1.19802	0.433014	0.599221	1.25053	0.467294	1.00926	1.08849	0.48433	1.09054	0.903422	0.39585	1.59118	1.07102	0.630588	0.788767	0.953214	0.36749	0.0380609	1.17193	0.410535	0.0172496	1.33086	0.482552	1.41948	1.00139	0.581102	0.845608	0.986721	0.598129	0.855302	0.917599	0.244646	1.27137	0.89478	0.0734292	1.09663	1.02839	0.295234	0.0682374	0.625014	0.0790307	0.964888	1.12558	0.141101	0.839856	1.03935	0.0958223	1.19121	1.08449	0.0777955	1.17935	0.952521	0.0975884	1.26392	1.00472	0.179583	0.40707	0.848607	0.174583	0.349499	0.863747	0.190824	0.298871	0.794191	0.201419	0.355004	0.763595	0.149764	0.633726	1.00816	0.163362	0.61035	1.0628	0.175503	0.523391	1.05703	0.163656	0.532824	0.99388	0.165976	0.977556	1.07914	0.129433	1.08619	0.977937	0.256584	1.58993	1.07609	0.0711564	0.825343	1.19801	0.277927	0.24584	0.610373	0.224413	0.0934083	0.591268	0.18072	1.42683	1.00649	0.118644	0.883941	1.17035	0.0600526	0.86921	1.12885	0.32406	0.972313	0.951217	0.327611	1.28603	1.10161
178	0.705738	0.326225	1.44475	0.952145	0.326843	1.62281	1.12467	0.380096	1.26543	0.907108	0.558616	1.10209	0.934335	0.321349	0.0342032	1.35787	0.591143	0.947962	0.961494	0.501695	0.872081	1.10474	0.558955	1.16828	1.00282	0.536889	1.20226	0.886755	0.542692	1.26609	0.97359	0.413905	0.339965	1.27078	0.453724	0.351372	1.22837	0.436847	0.245979	1.2225	0.398764	0.25864	1.27327	0.449551	0.678406	1.2331	0.481991	0.676293	1.18383	0.459896	0.572695	1.20428	0.432344	0.599905	1.25645	0.467628	1.01036	1.0952	0.485218	1.0906	0.911829	0.396167	1.59178	1.07798	0.630762	0.789243	0.965361	0.367544	0.0381489	1.172	0.41061	0.0171816	1.33091	0.48276	1.4202	1.00864	0.581028	0.846227	0.998099	0.598661	0.8554	0.928966	0.245139	1.27226	0.901169	0.0733889	1.09722	1.03417	0.292346	0.0704734	0.634427	0.0787203	0.964848	1.13033	0.141438	0.839644	1.04704	0.0956396	1.1915	1.09028	0.0781755	1.18005	0.958238	0.0977602	1.26442	1.01077	0.179561	0.407608	0.861554	0.17473	0.349962	0.876262	0.191065	0.29987	0.80625	0.201242	0.356402	0.77607	0.15007	0.633022	1.01818	0.163917	0.610329	1.073	0.176042	0.523299	1.0682	0.163943	0.532042	1.005	0.166035	0.978137	1.08525	0.129627	1.0867	0.983589	0.256733	1.59079	1.08294	0.0704013	0.824897	1.20196	0.27852	0.249129	0.622584	0.223195	0.0978617	0.599922	0.180833	1.42742	1.01311	0.118124	0.883557	1.17476	0.0592107	0.869288	1.133	0.324105	0.972611	0.95777	0.327737	1.28653	1.10829
179	0.709725	0.326542	1.44579	0.95902	0.327051	1.62366	1.13149	0.380538	1.26642	0.913821	0.559428	1.10234	0.943532	0.320992	0.0340103	1.35798	0.591489	0.948424	0.972091	0.501941	0.872868	1.11094	0.559123	1.16892	1.01176	0.538216	1.20227	0.895299	0.543116	1.26656	0.981886	0.413975	0.339543	1.27346	0.453921	0.351464	1.23137	0.437039	0.246099	1.22442	0.398855	0.258241	1.27522	0.448989	0.678904	1.23889	0.481856	0.676967	1.18997	0.459641	0.573308	1.21016	0.431669	0.600348	1.26211	0.468048	1.0114	1.10191	0.486052	1.0906	0.920492	0.396397	1.59252	1.08485	0.63105	0.789748	0.977688	0.367612	0.0382328	1.17204	0.410693	0.0171375	1.33092	0.482925	1.421	1.01585	0.580996	0.846965	1.00943	0.599065	0.855621	0.940449	0.245633	1.27318	0.907461	0.0734056	1.09778	1.03982	0.289664	0.0728393	0.645	0.0784125	0.964857	1.13514	0.14165	0.839614	1.05463	0.0955051	1.19181	1.09607	0.078417	1.18079	0.963911	0.0978912	1.26501	1.01678	0.179501	0.408086	0.874713	0.174903	0.350307	0.88894	0.191151	0.300856	0.818531	0.20107	0.357671	0.78876	0.150523	0.632478	1.02816	0.164523	0.610393	1.08321	0.176545	0.52334	1.07951	0.164416	0.531313	1.01617	0.166013	0.978703	1.09114	0.129849	1.0873	0.989227	0.256863	1.59163	1.08975	0.0697361	0.824434	1.20591	0.279406	0.252049	0.634235	0.221612	0.101998	0.610054	0.180957	1.42804	1.01963	0.11758	0.883248	1.17913	0.0578294	0.869507	1.13765	0.324104	0.972972	0.964175	0.327576	1.28717	1.11489
180	0.713712	0.326751	1.44681	0.965843	0.327238	1.62445	1.13837	0.38093	1.26745	0.920522	0.560163	1.10265	0.952722	0.320696	0.0338382	1.35796	0.591721	0.948925	0.982774	0.502203	0.873596	1.11715	0.559155	1.16962	1.02075	0.53955	1.20237	0.903889	0.543506	1.26712	0.990023	0.414024	0.339223	1.27611	0.454228	0.351561	1.23434	0.437202	0.246221	1.22632	0.398863	0.257968	1.2771	0.448554	0.67934	1.24444	0.481714	0.677617	1.19587	0.45972	0.573797	1.21563	0.431229	0.600626	1.26742	0.468321	1.01244	1.10836	0.486839	1.09069	0.92914	0.396623	1.59334	1.09165	0.631248	0.790331	0.990148	0.367695	0.0382921	1.17207	0.410764	0.0170938	1.33094	0.483039	1.42185	1.02307	0.58097	0.847812	1.02086	0.599474	0.855913	0.951944	0.246122	1.27415	0.913721	0.0734939	1.09832	1.04521	0.28711	0.0751973	0.656591	0.0781151	0.96493	1.13993	0.141851	0.839783	1.06212	0.0954245	1.19222	1.10182	0.0785836	1.18155	0.969557	0.0980159	1.26567	1.02277	0.17945	0.408513	0.888026	0.175155	0.350578	0.901807	0.191294	0.301841	0.83092	0.20093	0.358897	0.801617	0.151107	0.632047	1.03819	0.165223	0.610454	1.09344	0.177122	0.523477	1.0909	0.165023	0.530689	1.02748	0.165983	0.979336	1.09691	0.130107	1.08796	0.994798	0.25699	1.59252	1.09657	0.0691013	0.824039	1.20981	0.280423	0.254662	0.645182	0.219583	0.105697	0.621632	0.18104	1.42865	1.02605	0.11702	0.882992	1.18344	0.0571041	0.869641	1.14214	0.324229	0.973411	0.970569	0.327158	1.28779	1.12123
181	0.7177	0.326954	1.44787	0.972514	0.327457	1.62519	1.14522	0.38131	1.26846	0.927138	0.560765	1.10307	0.962079	0.320463	0.0336805	1.35794	0.59198	0.949461	0.993592	0.502566	0.874375	1.12341	0.559141	1.17042	1.02972	0.540761	1.20255	0.912466	0.543803	1.26767	0.998183	0.414104	0.338927	1.27878	0.454426	0.351668	1.23725	0.437355	0.246383	1.22817	0.398869	0.257711	1.27898	0.448098	0.679661	1.24987	0.48165	0.678223	1.20154	0.459855	0.574151	1.22068	0.430978	0.600927	1.27241	0.468275	1.01334	1.11425	0.487556	1.0909	0.937846	0.396822	1.59405	1.09834	0.631354	0.790971	1.00258	0.367817	0.0383122	1.17211	0.410814	0.0170586	1.33098	0.483197	1.42276	1.03021	0.580826	0.848811	1.03239	0.599996	0.856228	0.963534	0.246592	1.27505	0.920012	0.073564	1.09886	1.05058	0.284737	0.0774499	0.669011	0.0778291	0.965028	1.14466	0.142023	0.840161	1.06949	0.0954154	1.19267	1.10751	0.0787017	1.18231	0.975239	0.098092	1.26633	1.02869	0.179339	0.408886	0.901479	0.17545	0.350797	0.914803	0.191641	0.302776	0.843412	0.200859	0.360012	0.814608	0.151744	0.631636	1.04828	0.165932	0.610589	1.10378	0.177925	0.523702	1.10227	0.165759	0.530124	1.03889	0.166033	0.980104	1.10314	0.130354	1.08868	1.00035	0.257147	1.5934	1.10336	0.0684262	0.823744	1.21362	0.281312	0.257009	0.655398	0.21722	0.108933	0.634559	0.181116	1.42927	1.03238	0.116507	0.88275	1.18768	0.0569648	0.869678	1.14624	0.324257	0.973952	0.976935	0.32647	1.28827	1.12716
182	0.721687	0.327179	1.44888	0.979047	0.327698	1.62594	1.15204	0.38164	1.2695	0.933746	0.561416	1.10351	0.971208	0.320265	0.0335414	1.35798	0.592214	0.950114	1.00442	0.502951	0.875216	1.12972	0.559197	1.17132	1.03868	0.542124	1.20269	0.921043	0.54411	1.26833	1.00647	0.414327	0.338735	1.28137	0.454578	0.351757	1.23994	0.437581	0.246551	1.22997	0.398984	0.257481	1.28078	0.447628	0.679869	1.25518	0.48165	0.678897	1.20703	0.459865	0.57459	1.22533	0.430714	0.60096	1.27711	0.46803	1.01391	1.1195	0.488322	1.09121	0.946664	0.396953	1.59483	1.10499	0.631405	0.791685	1.01505	0.367983	0.0383763	1.17217	0.410866	0.0170363	1.33103	0.48332	1.42366	1.03729	0.580651	0.849872	1.04403	0.60049	0.85671	0.975167	0.247158	1.27594	0.926288	0.0736381	1.0994	1.05597	0.282696	0.0797047	0.682179	0.0775285	0.965156	1.14932	0.14221	0.840603	1.07673	0.0955653	1.19317	1.11321	0.0787305	1.18316	0.980911	0.0982208	1.267	1.03458	0.179287	0.409222	0.914991	0.175835	0.351051	0.927855	0.192183	0.30367	0.856065	0.200743	0.361114	0.827628	0.152361	0.631233	1.05842	0.166562	0.610981	1.1142	0.178687	0.52409	1.11372	0.166621	0.529641	1.05031	0.166145	0.980977	1.11001	0.130622	1.08949	1.00592	0.257296	1.5942	1.11018	0.0678118	0.823488	1.21739	0.281883	0.259091	0.66514	0.214773	0.111757	0.648704	0.181174	1.42994	1.03868	0.115988	0.882485	1.19192	0.0571818	0.869636	1.15	0.324309	0.974568	0.983245	0.326139	1.28885	1.13335
183	0.725674	0.32727	1.4498	0.985631	0.327942	1.62669	1.15887	0.382006	1.2705	0.940355	0.562109	1.10398	0.980371	0.320118	0.0334163	1.35804	0.592467	0.950903	1.01527	0.503311	0.876058	1.13604	0.559183	1.17228	1.04756	0.54354	1.20287	0.929571	0.544421	1.2691	1.01476	0.41444	0.338568	1.2838	0.454642	0.351828	1.24252	0.437761	0.246683	1.23168	0.399037	0.257269	1.28255	0.44725	0.679896	1.26024	0.481493	0.679471	1.21228	0.45977	0.574904	1.22968	0.430468	0.600706	1.28151	0.468078	1.01453	1.12525	0.489092	1.09154	0.955352	0.396996	1.59575	1.1116	0.631542	0.792575	1.02765	0.36815	0.0384595	1.17223	0.410928	0.0170163	1.33106	0.483409	1.42458	1.04431	0.5805	0.85102	1.05557	0.60095	0.857236	0.986884	0.247711	1.27687	0.932449	0.07386	1.09996	1.06106	0.281183	0.0819313	0.696134	0.0772346	0.965362	1.15392	0.142522	0.841094	1.08375	0.0958154	1.19371	1.11886	0.0787792	1.18406	0.986598	0.0983589	1.26772	1.04041	0.179302	0.409545	0.928563	0.176374	0.351309	0.941005	0.192812	0.304586	0.868818	0.200547	0.362272	0.840697	0.153008	0.630918	1.0686	0.167201	0.611551	1.12459	0.179514	0.524631	1.12529	0.167356	0.529367	1.06174	0.166118	0.981639	1.11586	0.13094	1.09038	1.01143	0.257464	1.59502	1.11706	0.0671726	0.82329	1.22116	0.282184	0.261012	0.674823	0.212501	0.114297	0.663838	0.181209	1.43069	1.04497	0.11547	0.882268	1.19608	0.0566699	0.86981	1.15403	0.324479	0.975285	0.989538	0.326066	1.28957	1.13974
184	0.729661	0.327483	1.45074	0.992016	0.32814	1.62741	1.16569	0.382401	1.27158	0.946838	0.562752	1.1046	0.989557	0.320029	0.0333125	1.35809	0.592571	0.951794	1.02609	0.503401	0.876837	1.1422	0.559047	1.17326	1.05649	0.544871	1.20314	0.938105	0.544704	1.26986	1.02295	0.414468	0.338356	1.28612	0.454711	0.351896	1.24493	0.437817	0.246808	1.23336	0.399004	0.257076	1.2843	0.447034	0.679777	1.26517	0.481339	0.679823	1.21727	0.459676	0.574966	1.2337	0.430468	0.600285	1.28561	0.468212	1.01527	1.1313	0.489838	1.09187	0.964151	0.397229	1.59648	1.11837	0.631665	0.793595	1.04038	0.368246	0.0385434	1.17227	0.410984	0.016983	1.33106	0.483542	1.42558	1.0513	0.580613	0.852352	1.06713	0.601167	0.857751	0.999055	0.248341	1.27772	0.938584	0.0742357	1.10056	1.06574	0.279582	0.0840018	0.710694	0.0769707	0.965636	1.15846	0.142895	0.841691	1.09057	0.0961153	1.19425	1.12446	0.0787758	1.18498	0.99222	0.0984437	1.2685	1.04623	0.179433	0.409896	0.942164	0.177115	0.351548	0.95428	0.19353	0.305374	0.88161	0.20049	0.363411	0.853887	0.153707	0.630841	1.07879	0.16787	0.612237	1.13504	0.180276	0.52539	1.13696	0.167881	0.529327	1.07314	0.165983	0.982142	1.12104	0.131259	1.09129	1.01687	0.257711	1.59588	1.12394	0.0664951	0.823144	1.2249	0.282416	0.26277	0.684859	0.210555	0.116665	0.679478	0.181252	1.43151	1.05118	0.114953	0.882201	1.20008	0.0554083	0.870281	1.15844	0.324609	0.976125	0.995822	0.325991	1.29036	1.14616
185	0.733649	0.327659	1.45156	0.998351	0.328192	1.62811	1.17249	0.382814	1.27265	0.953368	0.563306	1.10521	0.998893	0.319942	0.0332028	1.35813	0.592646	0.95281	1.03686	0.503174	0.877535	1.14801	0.558927	1.17428	1.06541	0.546116	1.20351	0.946654	0.545003	1.27059	1.03091	0.414572	0.338032	1.28826	0.454771	0.351935	1.24709	0.437794	0.246932	1.2349	0.398994	0.256924	1.28597	0.446971	0.679511	1.26997	0.481318	0.680052	1.22204	0.459656	0.574976	1.23747	0.430614	0.599787	1.2895	0.468405	1.01605	1.13744	0.49059	1.0923	0.972874	0.397352	1.59726	1.12514	0.631754	0.794717	1.05314	0.368277	0.0386262	1.17231	0.411042	0.0169498	1.3311	0.483621	1.42663	1.05819	0.58109	0.853972	1.07863	0.601339	0.858305	1.01114	0.248947	1.27854	0.944706	0.0742815	1.10135	1.07087	0.277616	0.0858627	0.725642	0.0766982	0.965977	1.1629	0.143318	0.842349	1.09725	0.0964349	1.19481	1.13005	0.0787121	1.18595	0.997774	0.0985633	1.26928	1.05208	0.179588	0.410319	0.955772	0.177935	0.351744	0.967596	0.19424	0.306136	0.894551	0.200645	0.364367	0.867062	0.15445	0.630988	1.08906	0.168587	0.613055	1.14554	0.180908	0.526312	1.14866	0.1688	0.529301	1.08475	0.16564	0.98263	1.12611	0.131494	1.09228	1.02222	0.257952	1.59677	1.13077	0.0658273	0.823097	1.2286	0.282496	0.264388	0.695727	0.208755	0.118797	0.695256	0.181299	1.43235	1.05731	0.1144	0.882219	1.20406	0.0544758	0.870764	1.16258	0.324764	0.977011	1.00205	0.325852	1.29114	1.15254
186	0.737636	0.327777	1.45241	1.00469	0.328192	1.62886	1.17932	0.383312	1.27371	0.959851	0.563934	1.10584	1.0081	0.319842	0.0330781	1.35817	0.592786	0.953831	1.04766	0.503101	0.878244	1.15383	0.558874	1.17531	1.07423	0.547398	1.20384	0.95516	0.545254	1.27143	1.03882	0.414625	0.337615	1.29028	0.454766	0.351846	1.24917	0.437742	0.247024	1.23626	0.39902	0.256715	1.28751	0.447053	0.679109	1.27447	0.481263	0.680277	1.22653	0.459879	0.574973	1.24101	0.430812	0.599187	1.29333	0.468668	1.01676	1.14369	0.4913	1.09275	0.981603	0.397293	1.59822	1.13188	0.631664	0.795924	1.06593	0.368316	0.038734	1.17234	0.411077	0.0169303	1.33112	0.483612	1.42771	1.06503	0.58095	0.855535	1.09022	0.601681	0.859002	1.0231	0.24959	1.27943	0.950868	0.0740437	1.1023	1.07641	0.275214	0.0874177	0.740874	0.0763587	0.966365	1.1673	0.143639	0.843057	1.10382	0.0967711	1.19537	1.13555	0.0786165	1.18695	1.00326	0.0986599	1.27008	1.05773	0.179964	0.410675	0.9694	0.178885	0.351916	0.980936	0.195066	0.306845	0.907618	0.200746	0.365186	0.880309	0.155185	0.631264	1.0994	0.169203	0.614026	1.15608	0.181622	0.52739	1.16034	0.169861	0.529452	1.09645	0.16506	0.983322	1.13121	0.131786	1.09323	1.02752	0.258057	1.5976	1.13757	0.065181	0.823094	1.23224	0.282295	0.265837	0.707654	0.207148	0.120689	0.710693	0.181278	1.43317	1.06331	0.11379	0.882262	1.20804	0.0541803	0.871206	1.16635	0.325006	0.97793	1.00829	0.325702	1.29197	1.15884
187	0.741623	0.327986	1.45332	1.01101	0.328228	1.62965	1.18618	0.383882	1.27477	0.966313	0.564574	1.10659	1.0172	0.319749	0.0329628	1.35821	0.592991	0.95485	1.05868	0.503211	0.878935	1.15976	0.55874	1.17644	1.08302	0.548739	1.20416	0.963679	0.545499	1.27235	1.04679	0.414711	0.337225	1.29225	0.4548	0.3517	1.25105	0.437659	0.247039	1.23751	0.399015	0.256323	1.28897	0.447075	0.678676	1.27891	0.481016	0.68044	1.23087	0.460259	0.574882	1.24428	0.431085	0.598463	1.297	0.468784	1.01743	1.14995	0.492108	1.09328	0.990319	0.397378	1.59906	1.1387	0.631586	0.797251	1.07883	0.368471	0.0388944	1.17239	0.411093	0.0169105	1.33113	0.483604	1.42884	1.07188	0.580605	0.857085	1.10201	0.60206	0.859807	1.03497	0.250217	1.28031	0.956978	0.0739817	1.10324	1.08158	0.273145	0.0886785	0.756325	0.076002	0.966773	1.17172	0.14388	0.843923	1.11022	0.0971736	1.19601	1.14092	0.0784877	1.18795	1.00873	0.0987164	1.27094	1.06327	0.180726	0.410805	0.983002	0.179829	0.352178	0.994268	0.195826	0.30743	0.920797	0.201134	0.365871	0.893646	0.155908	0.631638	1.10976	0.169859	0.615189	1.16663	0.182488	0.528619	1.17201	0.170487	0.529873	1.10796	0.164741	0.984099	1.13637	0.131948	1.09424	1.03275	0.258081	1.59841	1.14433	0.0644843	0.823139	1.23585	0.282252	0.267083	0.72038	0.20565	0.122531	0.72566	0.181231	1.43402	1.06924	0.113235	0.882333	1.21201	0.054415	0.871603	1.16978	0.325182	0.978887	1.01451	0.3255	1.29296	1.16509
188	0.74561	0.328086	1.45431	1.01732	0.328266	1.63048	1.19303	0.384485	1.27582	0.972831	0.565162	1.10735	1.02654	0.319681	0.0328616	1.35828	0.593224	0.955865	1.0698	0.503403	0.87961	1.16568	0.558591	1.1776	1.09174	0.549945	1.20459	0.972156	0.545765	1.27328	1.05485	0.414967	0.336848	1.29406	0.454791	0.351554	1.25271	0.437502	0.246958	1.23863	0.399068	0.255856	1.29037	0.447175	0.678139	1.28332	0.480866	0.680439	1.23508	0.460737	0.574808	1.2473	0.43138	0.59774	1.30061	0.46885	1.01821	1.15617	0.492901	1.09377	0.998936	0.397426	1.59982	1.14548	0.631471	0.798668	1.0918	0.368762	0.0391247	1.17247	0.411112	0.0169038	1.33114	0.483666	1.42997	1.07868	0.580208	0.85865	1.11388	0.602169	0.860646	1.04688	0.250814	1.28122	0.962998	0.074033	1.10412	1.08652	0.270699	0.0895429	0.771876	0.0756686	0.967235	1.17611	0.144102	0.844929	1.11642	0.0976829	1.19667	1.1462	0.078311	1.189	1.01414	0.0989045	1.27184	1.06883	0.181865	0.410636	0.996645	0.180681	0.352518	1.00769	0.196625	0.307916	0.93412	0.201731	0.366409	0.907081	0.156694	0.632163	1.12005	0.170476	0.616514	1.17722	0.1831	0.530006	1.18377	0.171243	0.530543	1.11953	0.16471	0.984914	1.14155	0.131916	1.09531	1.03784	0.258129	1.59931	1.15106	0.0637703	0.82322	1.23939	0.282558	0.268015	0.733522	0.204303	0.124282	0.740041	0.181199	1.4349	1.07517	0.112751	0.882465	1.21592	0.054031	0.87211	1.17356	0.32542	0.979929	1.02073	0.325161	1.29404	1.17135
189	0.749597	0.328161	1.45538	1.0236	0.32832	1.63128	1.19984	0.385173	1.27696	0.979233	0.565676	1.10819	1.03579	0.319624	0.0327746	1.35838	0.593331	0.956999	1.08076	0.503477	0.88025	1.1715	0.558506	1.17885	1.10046	0.551207	1.20511	0.98071	0.546036	1.27423	1.06283	0.41529	0.33641	1.29578	0.45468	0.351399	1.25419	0.437222	0.246824	1.23965	0.399275	0.25539	1.29165	0.44742	0.677582	1.2876	0.48096	0.680341	1.23914	0.460932	0.574733	1.2503	0.431672	0.597007	1.30412	0.468997	1.01899	1.16243	0.493702	1.09431	1.00755	0.39734	1.6007	1.15221	0.631349	0.800179	1.10473	0.368859	0.0393004	1.17252	0.411131	0.0168962	1.33116	0.483677	1.43117	1.08538	0.579792	0.86035	1.12567	0.602153	0.861541	1.05895	0.251347	1.28227	0.969019	0.0741433	1.10503	1.09149	0.267999	0.0901143	0.787461	0.0753806	0.967767	1.18043	0.144344	0.846042	1.1226	0.0981851	1.19731	1.15145	0.0781604	1.19008	1.01946	0.0990942	1.27276	1.0743	0.182793	0.410739	1.01027	0.181675	0.352857	1.02121	0.197376	0.308246	0.947622	0.202417	0.366832	0.920588	0.157537	0.632942	1.13033	0.171112	0.618006	1.18782	0.183526	0.531578	1.19544	0.172216	0.531374	1.1312	0.164835	0.98577	1.14685	0.131845	1.09642	1.04248	0.258169	1.60033	1.15776	0.0630903	0.823352	1.24292	0.283285	0.268492	0.746788	0.203131	0.1259	0.754224	0.181155	1.43585	1.08106	0.112199	0.882689	1.21976	0.0528935	0.872772	1.17776	0.325765	0.98096	1.02698	0.324765	1.29506	1.17758
190	0.753585	0.328309	1.45649	1.02987	0.328467	1.63207	1.20659	0.385928	1.27812	0.985618	0.566271	1.10905	1.04497	0.319577	0.0327107	1.35846	0.593401	0.958256	1.0917	0.503416	0.880875	1.17729	0.558402	1.18014	1.10919	0.552418	1.20558	0.989177	0.546283	1.2752	1.07065	0.415541	0.33589	1.29734	0.454492	0.351122	1.25557	0.436946	0.246634	1.24052	0.399512	0.254889	1.29281	0.44759	0.676967	1.29186	0.480923	0.680145	1.24316	0.460861	0.57452	1.25331	0.431881	0.596176	1.30763	0.469069	1.01975	1.16881	0.494542	1.09492	1.0162	0.397222	1.60174	1.15884	0.631155	0.801785	1.11774	0.368821	0.0394153	1.17253	0.411151	0.0168985	1.33119	0.48367	1.43234	1.09205	0.57937	0.862081	1.13746	0.602186	0.862592	1.07096	0.251918	1.28335	0.975042	0.0742291	1.10604	1.09632	0.265906	0.0905934	0.803108	0.0750716	0.968326	1.18467	0.144609	0.847291	1.12875	0.0986259	1.19797	1.15667	0.0779978	1.19122	1.02467	0.0992183	1.27367	1.07966	0.183603	0.411114	1.02392	0.183098	0.353078	1.03483	0.198057	0.308564	0.961282	0.202699	0.367156	0.93413	0.15837	0.633903	1.14071	0.171672	0.619736	1.19845	0.184231	0.533387	1.207	0.173142	0.53233	1.14282	0.164816	0.986738	1.15228	0.131897	1.09749	1.04713	0.258198	1.60134	1.16441	0.0624273	0.823568	1.24638	0.284144	0.268471	0.759963	0.202031	0.127307	0.76869	0.181181	1.43681	1.0869	0.111602	0.882938	1.22361	0.0520046	0.873411	1.1818	0.326061	0.981958	1.03318	0.324398	1.29611	1.18376
191	0.757572	0.328402	1.45764	1.03616	0.328552	1.63295	1.21335	0.386619	1.27925	0.992003	0.566837	1.10992	1.05426	0.319499	0.0327287	1.35857	0.593334	0.959612	1.10254	0.503342	0.881475	1.18309	0.558247	1.18146	1.11786	0.553481	1.20607	0.997592	0.546441	1.27626	1.07859	0.41576	0.335268	1.29881	0.454361	0.35077	1.25676	0.436771	0.246437	1.24118	0.399725	0.254349	1.29386	0.44775	0.676275	1.296	0.480767	0.679969	1.24713	0.460696	0.574181	1.25628	0.432126	0.595294	1.31096	0.469021	1.02054	1.17525	0.495326	1.09555	1.025	0.397283	1.60267	1.16543	0.630924	0.803496	1.13074	0.368733	0.0394817	1.17256	0.41115	0.0169091	1.3312	0.48366	1.43355	1.09873	0.578945	0.863855	1.14931	0.602313	0.863701	1.08295	0.252387	1.28452	0.98101	0.0742991	1.10705	1.10107	0.264469	0.0910319	0.81888	0.0747143	0.968907	1.18885	0.144854	0.848475	1.13485	0.0989906	1.19867	1.16181	0.0778739	1.19234	1.0298	0.0993339	1.27456	1.08501	0.184394	0.411643	1.03751	0.184062	0.353518	1.04855	0.19871	0.308906	0.975038	0.203109	0.36742	0.947736	0.15908	0.635024	1.15111	0.172183	0.621588	1.20898	0.185023	0.535379	1.21854	0.174056	0.533471	1.15432	0.164833	0.987861	1.15779	0.131818	1.09857	1.05179	0.258192	1.60228	1.1711	0.0617067	0.82383	1.2498	0.285067	0.267961	0.77293	0.201134	0.128395	0.783759	0.181197	1.43776	1.09271	0.110959	0.883206	1.22747	0.0515481	0.873998	1.18539	0.326369	0.983014	1.03935	0.324043	1.29721	1.18994
192	0.761559	0.328549	1.45884	1.04243	0.328586	1.63382	1.22011	0.38718	1.28044	0.998378	0.56732	1.11085	1.06364	0.319368	0.0328598	1.35869	0.593294	0.961018	1.11346	0.503277	0.882022	1.18885	0.558104	1.18275	1.12644	0.554522	1.20661	1.00596	0.546614	1.27733	1.08656	0.415932	0.3346	1.30021	0.454304	0.350452	1.25781	0.436645	0.246305	1.24172	0.399827	0.253867	1.29474	0.447993	0.675539	1.29998	0.480632	0.679784	1.25097	0.460563	0.573868	1.25918	0.43235	0.594421	1.31425	0.469056	1.02133	1.18163	0.496023	1.09627	1.03414	0.397375	1.60363	1.17201	0.630649	0.805286	1.14375	0.368559	0.0395343	1.17257	0.411141	0.0169323	1.3312	0.483608	1.43481	1.10544	0.578519	0.865804	1.16109	0.602441	0.864906	1.09492	0.252889	1.28564	0.986919	0.0743919	1.10803	1.10583	0.263355	0.0913481	0.834987	0.0743248	0.969548	1.19296	0.145318	0.849675	1.14088	0.0993123	1.19935	1.16684	0.0778165	1.19346	1.03489	0.0994255	1.27549	1.09029	0.185146	0.41224	1.05106	0.184515	0.354308	1.06225	0.199321	0.309291	0.988854	0.20371	0.367711	0.961345	0.159715	0.636272	1.16144	0.172794	0.623435	1.21939	0.185705	0.53746	1.23007	0.174859	0.534822	1.16583	0.164925	0.989115	1.16336	0.131759	1.09969	1.0567	0.258172	1.60324	1.17776	0.0609455	0.824118	1.25319	0.28587	0.267164	0.785815	0.200359	0.129025	0.799546	0.181179	1.43869	1.09848	0.110259	0.88357	1.2313	0.0513083	0.874606	1.18873	0.326642	0.984124	1.04546	0.323845	1.29835	1.19609
193	0.765546	0.328776	1.46	1.04867	0.328625	1.63464	1.22683	0.387637	1.28164	1.00471	0.567881	1.11181	1.07282	0.319296	0.0328806	1.35877	0.593197	0.96244	1.12431	0.50318	0.882663	1.19468	0.557786	1.18413	1.13502	0.555605	1.2072	1.01436	0.546937	1.27845	1.0943	0.416123	0.334078	1.30144	0.454269	0.350206	1.25884	0.436531	0.246238	1.24219	0.399826	0.253476	1.29549	0.448163	0.674814	1.30389	0.480476	0.679552	1.25477	0.460508	0.573558	1.26201	0.432609	0.593547	1.31736	0.469193	1.02221	1.18801	0.496723	1.09701	1.04297	0.397427	1.60458	1.17856	0.630299	0.807165	1.15683	0.368263	0.039595	1.17259	0.411127	0.0169584	1.33119	0.48353	1.43606	1.1121	0.577937	0.867945	1.17282	0.602411	0.866118	1.10694	0.253416	1.28676	0.992857	0.0743747	1.10901	1.11058	0.262419	0.0914811	0.851473	0.0739546	0.970206	1.19703	0.145851	0.850876	1.14686	0.0995893	1.20005	1.17177	0.0778795	1.19462	1.03984	0.0994532	1.27647	1.0955	0.185832	0.412911	1.06448	0.18525	0.355144	1.07596	0.199948	0.309797	1.00265	0.204045	0.368029	0.97491	0.160268	0.637658	1.17176	0.173383	0.625434	1.22982	0.186415	0.539563	1.24146	0.17562	0.536291	1.17732	0.164899	0.990448	1.16905	0.131873	1.10082	1.0617	0.258133	1.60428	1.1844	0.0601634	0.824441	1.25656	0.286438	0.266174	0.798699	0.199536	0.129239	0.815853	0.181173	1.43962	1.10418	0.109701	0.883995	1.23504	0.0505216	0.875432	1.19258	0.326884	0.985274	1.05153	0.323717	1.29955	1.20221
194	0.769534	0.328876	1.4611	1.05492	0.328628	1.63549	1.2335	0.388032	1.2828	1.01098	0.568405	1.11281	1.08193	0.319241	0.0328371	1.35883	0.593118	0.963887	1.13522	0.50292	0.88333	1.20072	0.557429	1.18554	1.14354	0.556706	1.20775	1.02274	0.547232	1.2796	1.10204	0.416392	0.333611	1.3026	0.454207	0.349972	1.25989	0.436435	0.246093	1.24263	0.399933	0.252981	1.29624	0.448346	0.674086	1.3077	0.480368	0.679312	1.25851	0.46039	0.573252	1.26479	0.432855	0.592637	1.32039	0.469193	1.02315	1.19443	0.497471	1.09776	1.05148	0.397435	1.60555	1.18506	0.629908	0.809128	1.16985	0.367917	0.0396696	1.17262	0.411129	0.0169615	1.33118	0.48349	1.4373	1.11871	0.577316	0.870068	1.18458	0.60231	0.867374	1.119	0.254028	1.28792	0.998797	0.0743378	1.11001	1.11515	0.261581	0.0914695	0.868349	0.0735882	0.970863	1.20105	0.146157	0.852202	1.15296	0.0997342	1.20086	1.17665	0.0779901	1.19577	1.04468	0.0996038	1.27746	1.10065	0.186369	0.413701	1.07776	0.186211	0.356048	1.08963	0.200693	0.310314	1.01644	0.20424	0.36833	0.988405	0.160709	0.639176	1.18206	0.173985	0.627622	1.24023	0.187232	0.541839	1.25271	0.176328	0.53793	1.18866	0.164953	0.991874	1.17489	0.132042	1.10199	1.06649	0.258089	1.60533	1.191	0.0593839	0.82477	1.25988	0.286805	0.265028	0.811603	0.198865	0.129179	0.832448	0.181168	1.44057	1.10986	0.109069	0.884426	1.23883	0.0499447	0.876175	1.19615	0.327193	0.986422	1.05761	0.323513	1.30067	1.20824
195	0.773521	0.328998	1.4622	1.06117	0.328585	1.63637	1.24009	0.388529	1.28398	1.01722	0.568823	1.1138	1.09113	0.319187	0.0327783	1.35886	0.593025	0.965408	1.1461	0.502516	0.883862	1.20696	0.557502	1.18702	1.15205	0.557682	1.20835	1.03107	0.547451	1.28075	1.10986	0.416646	0.333092	1.30368	0.454116	0.34973	1.26095	0.436369	0.245897	1.24312	0.400057	0.252477	1.29701	0.448444	0.673343	1.3115	0.480273	0.679105	1.26222	0.460174	0.572986	1.26748	0.432954	0.591797	1.32343	0.469099	1.02412	1.20094	0.498229	1.0985	1.06002	0.397381	1.60655	1.19161	0.62946	0.81116	1.18277	0.3676	0.0397665	1.17265	0.411119	0.016972	1.33118	0.483502	1.43861	1.12525	0.576731	0.872146	1.19642	0.602182	0.868723	1.13111	0.254621	1.28904	1.00473	0.0743908	1.11104	1.1196	0.26105	0.0913305	0.885556	0.0731344	0.971527	1.20506	0.146149	0.853628	1.15896	0.09966	1.20169	1.1815	0.0781727	1.19697	1.0495	0.0997405	1.27849	1.10573	0.18681	0.414606	1.09085	0.187311	0.357027	1.10323	0.201541	0.310687	1.03037	0.204412	0.368631	1.00175	0.161058	0.640754	1.19229	0.17446	0.629933	1.25054	0.187952	0.54426	1.26392	0.176945	0.539703	1.1999	0.165071	0.993387	1.18077	0.132181	1.10317	1.07101	0.257992	1.60628	1.19756	0.0585832	0.825129	1.26318	0.287077	0.263654	0.824586	0.19855	0.128811	0.849291	0.181116	1.44157	1.11554	0.108151	0.88489	1.24268	0.0499046	0.876758	1.19931	0.327473	0.987614	1.06371	0.323253	1.30182	1.21425
196	0.777508	0.329188	1.46334	1.06734	0.32854	1.63724	1.24667	0.38895	1.28515	1.02349	0.56929	1.11487	1.10022	0.31919	0.0326561	1.35885	0.592899	0.966978	1.157	0.502336	0.884454	1.21278	0.557179	1.18849	1.16053	0.558568	1.209	1.03932	0.547718	1.28193	1.11757	0.416823	0.332541	1.30472	0.454079	0.349504	1.26207	0.436333	0.245741	1.24369	0.400203	0.252076	1.29773	0.448468	0.672571	1.31523	0.480101	0.678873	1.26591	0.460064	0.572755	1.27012	0.432998	0.590949	1.32637	0.469055	1.02512	1.20747	0.498967	1.09926	1.06853	0.397301	1.60758	1.19822	0.628967	0.813269	1.19574	0.367344	0.0398871	1.17267	0.411107	0.0169892	1.33117	0.483481	1.43992	1.13175	0.576407	0.874381	1.20863	0.602066	0.870177	1.1432	0.255109	1.29016	1.01062	0.0745225	1.112	1.12402	0.260861	0.0910901	0.903044	0.072696	0.972189	1.20908	0.145909	0.855187	1.16483	0.0994513	1.20244	1.18628	0.0785243	1.19813	1.05422	0.0997544	1.27951	1.11075	0.187313	0.41557	1.10374	0.188473	0.358066	1.11675	0.202379	0.3111	1.04431	0.204595	0.368913	1.01503	0.161425	0.642432	1.20238	0.174863	0.632267	1.26077	0.188591	0.546803	1.275	0.177535	0.54143	1.21105	0.165108	0.994982	1.18666	0.132215	1.10434	1.07547	0.25784	1.60726	1.20415	0.0577327	0.825542	1.26646	0.287259	0.261944	0.837593	0.1985	0.128189	0.866327	0.181185	1.44252	1.1212	0.107031	0.885518	1.24636	0.0494716	0.87739	1.20273	0.327719	0.988787	1.06974	0.323107	1.30302	1.22028
197	0.781495	0.329126	1.4645	1.07365	0.328544	1.63814	1.25328	0.389434	1.28634	1.02975	0.569778	1.11592	1.1092	0.319253	0.0324275	1.3588	0.592734	0.968616	1.16784	0.502251	0.884926	1.21773	0.556967	1.18999	1.16898	0.559438	1.20959	1.04764	0.5479	1.28308	1.12522	0.416899	0.332093	1.30582	0.454212	0.3493	1.26319	0.436367	0.245636	1.2444	0.40028	0.25174	1.29844	0.448473	0.671856	1.3189	0.480013	0.678639	1.26953	0.459989	0.572539	1.27275	0.433008	0.590178	1.32927	0.469073	1.02612	1.21393	0.499702	1.10002	1.07683	0.397233	1.6086	1.20484	0.628472	0.815396	1.20867	0.367198	0.0400061	1.17268	0.411116	0.0169923	1.33116	0.483417	1.44122	1.13824	0.576389	0.876793	1.2213	0.601911	0.871601	1.15522	0.255768	1.29122	1.0166	0.0746704	1.11282	1.12824	0.261012	0.0906375	0.920772	0.0722721	0.972896	1.21301	0.145878	0.856754	1.1708	0.0991743	1.2032	1.19102	0.0789196	1.19931	1.05879	0.0998269	1.2805	1.11577	0.187989	0.41669	1.11644	0.189168	0.359335	1.1302	0.203091	0.311635	1.05815	0.204979	0.369096	1.02825	0.161735	0.644231	1.21232	0.175341	0.634616	1.27085	0.189272	0.54939	1.28592	0.178044	0.543293	1.22207	0.165202	0.996666	1.19267	0.132271	1.1055	1.0801	0.257754	1.60826	1.2107	0.0569086	0.825961	1.26969	0.287445	0.259786	0.85082	0.198234	0.127387	0.883806	0.181284	1.44346	1.12682	0.106198	0.886127	1.24996	0.0487842	0.878113	1.20639	0.327949	0.990005	1.07566	0.32305	1.30427	1.22635
198	0.785482	0.32904	1.4656	1.07991	0.328531	1.63901	1.25992	0.389941	1.28763	1.03592	0.570247	1.11698	1.11826	0.319281	0.0323164	1.35881	0.592526	0.970321	1.17873	0.502213	0.885428	1.22318	0.556878	1.19146	1.1773	0.560224	1.21017	1.05593	0.548009	1.28423	1.13296	0.416901	0.331763	1.30694	0.454381	0.349125	1.26429	0.43646	0.245563	1.24521	0.400281	0.251459	1.29919	0.448455	0.671215	1.32252	0.479952	0.678458	1.27312	0.4599	0.572377	1.27528	0.433051	0.589451	1.33209	0.469004	1.02722	1.22028	0.500498	1.10073	1.08493	0.39713	1.60962	1.21142	0.62786	0.817612	1.22158	0.36712	0.0400808	1.1727	0.411146	0.0169931	1.33116	0.483384	1.44248	1.14473	0.575591	0.87907	1.23295	0.601779	0.873108	1.16726	0.256364	1.2923	1.02251	0.0748684	1.11362	1.13223	0.261598	0.0901074	0.938736	0.0717618	0.973601	1.21688	0.145847	0.858346	1.17688	0.0988186	1.204	1.19571	0.0793861	1.2005	1.06331	0.0999139	1.28146	1.12074	0.188731	0.417812	1.12913	0.190217	0.360503	1.14353	0.203669	0.312157	1.07191	0.205194	0.369291	1.04139	0.161939	0.646066	1.22213	0.175747	0.637043	1.28079	0.189912	0.552058	1.29672	0.178532	0.545339	1.2329	0.16533	0.998466	1.19879	0.132453	1.10666	1.08481	0.257752	1.60926	1.21724	0.0560935	0.826383	1.2729	0.287844	0.257218	0.864344	0.198194	0.126256	0.901498	0.181285	1.44442	1.13247	0.105421	0.886647	1.25376	0.0485477	0.878835	1.20963	0.328253	0.991265	1.08167	0.322995	1.30549	1.2324
199	0.78947	0.329072	1.46662	1.08607	0.328413	1.63988	1.26655	0.390439	1.28888	1.04202	0.570621	1.11807	1.12735	0.319276	0.0322855	1.35885	0.59223	0.972033	1.18959	0.502117	0.88597	1.22892	0.556823	1.19295	1.18564	0.561033	1.21084	1.06412	0.548174	1.28541	1.14067	0.416841	0.331497	1.30799	0.45448	0.348973	1.26543	0.436541	0.245504	1.24602	0.400217	0.251225	1.29999	0.448429	0.67066	1.32611	0.479881	0.678389	1.27675	0.459813	0.572292	1.27784	0.433003	0.588708	1.33488	0.468881	1.0283	1.22662	0.501377	1.10142	1.09289	0.397042	1.61057	1.21789	0.627161	0.819907	1.23455	0.367054	0.0401411	1.17272	0.411163	0.0169924	1.33118	0.483342	1.44379	1.15119	0.573938	0.88105	1.24338	0.601587	0.87476	1.1792	0.256901	1.29338	1.02841	0.0747565	1.1146	1.13673	0.262203	0.0894363	0.956846	0.0710987	0.974286	1.2207	0.145778	0.859991	1.18299	0.0983342	1.20479	1.20039	0.0800294	1.20166	1.06779	0.0999568	1.28242	1.12569	0.189538	0.41886	1.1417	0.19056	0.361881	1.1567	0.204044	0.312577	1.08562	0.205754	0.369358	1.05442	0.162113	0.647963	1.23182	0.176119	0.63957	1.29062	0.190491	0.554774	1.30739	0.179049	0.547453	1.24359	0.165407	1.00028	1.20496	0.132785	1.10775	1.08956	0.257728	1.61014	1.22379	0.055221	0.826782	1.27613	0.288164	0.25437	0.877822	0.198505	0.124788	0.919252	0.181263	1.44538	1.13817	0.104733	0.887131	1.25755	0.0482753	0.879504	1.21287	0.328623	0.992532	1.0878	0.323052	1.30665	1.2386
200	0.793457	0.32911	1.46765	1.09212	0.328282	1.64072	1.27314	0.39092	1.29011	1.04817	0.571016	1.11915	1.13631	0.319286	0.0322588	1.35889	0.592033	0.973755	1.20039	0.501969	0.886485	1.23458	0.556763	1.19444	1.19397	0.56187	1.21145	1.07221	0.548422	1.2866	1.14827	0.41682	0.331278	1.30905	0.454491	0.348858	1.26664	0.436493	0.245532	1.24687	0.400074	0.251054	1.30081	0.448302	0.670159	1.32971	0.479824	0.678447	1.28031	0.459763	0.572225	1.28044	0.432931	0.5881	1.33762	0.468783	1.02946	1.23316	0.502194	1.10216	1.10077	0.39694	1.61155	1.22426	0.626462	0.822214	1.24744	0.36695	0.0402421	1.17279	0.411168	0.0169886	1.33119	0.483284	1.44503	1.15759	0.572283	0.88298	1.25398	0.601323	0.876453	1.19112	0.257483	1.29449	1.0343	0.074926	1.11547	1.14086	0.26305	0.0885411	0.975049	0.0705651	0.974915	1.22452	0.145698	0.861616	1.18919	0.0977155	1.20548	1.20504	0.0807262	1.20283	1.07222	0.100076	1.28339	1.13063	0.19024	0.419884	1.15412	0.190999	0.363183	1.16979	0.204417	0.312935	1.09925	0.20635	0.36932	1.06736	0.16228	0.649901	1.24149	0.176388	0.642193	1.30033	0.191071	0.557535	1.3179	0.179707	0.549481	1.25444	0.16555	1.00214	1.21126	0.133346	1.1087	1.09421	0.257583	1.61105	1.23037	0.0543137	0.827224	1.2794	0.288321	0.251231	0.891328	0.198995	0.123038	0.937161	0.181286	1.44628	1.14392	0.104063	0.88768	1.26129	0.0479024	0.880133	1.21623	0.328945	0.993732	1.09393	0.323148	1.30788	1.24484
201	0.797444	0.329078	1.46874	1.09826	0.32816	1.6416	1.27966	0.391495	1.29142	1.05434	0.571409	1.12024	1.14525	0.319305	0.0322321	1.35893	0.591849	0.975529	1.21118	0.501775	0.88698	1.24014	0.556684	1.19596	1.20225	0.562727	1.21203	1.08032	0.548619	1.28779	1.15581	0.416907	0.331177	1.31014	0.454456	0.348774	1.26788	0.436477	0.24562	1.24768	0.399901	0.25101	1.30163	0.44823	0.669729	1.33325	0.479729	0.678562	1.28388	0.459698	0.572183	1.28295	0.432842	0.587598	1.34033	0.468729	1.03076	1.24011	0.502971	1.10289	1.10887	0.39684	1.61271	1.23062	0.62579	0.82462	1.26027	0.366854	0.0403655	1.17282	0.411168	0.0169876	1.33119	0.483208	1.44627	1.16393	0.571242	0.885227	1.26532	0.60099	0.878133	1.20308	0.258087	1.29563	1.04017	0.075288	1.11618	1.14468	0.263907	0.0875626	0.993463	0.0701663	0.975509	1.22832	0.145506	0.863284	1.19548	0.0970042	1.20619	1.20965	0.0814506	1.20399	1.07663	0.100154	1.28438	1.13555	0.190849	0.420864	1.16635	0.191729	0.364246	1.18289	0.205012	0.31312	1.1129	0.206729	0.369142	1.08023	0.162425	0.651861	1.25101	0.176646	0.644798	1.30983	0.191482	0.560372	1.32838	0.180134	0.551537	1.26508	0.165647	1.00405	1.21789	0.133815	1.10969	1.09886	0.257425	1.61209	1.23689	0.0534948	0.827661	1.28272	0.288419	0.247873	0.905016	0.199532	0.120979	0.955173	0.181307	1.44717	1.1497	0.103401	0.888209	1.26505	0.0474641	0.880777	1.21959	0.329202	0.994972	1.10007	0.322319	1.30909	1.25054
202	0.801431	0.32921	1.46982	1.10441	0.328023	1.6425	1.28612	0.392052	1.29268	1.0605	0.571734	1.1213	1.15428	0.319301	0.0322302	1.35899	0.591629	0.977417	1.22201	0.501664	0.887424	1.24568	0.556648	1.19748	1.21057	0.563533	1.21269	1.08837	0.548807	1.28899	1.16332	0.416963	0.331112	1.31115	0.454421	0.348707	1.26908	0.43651	0.245701	1.24851	0.399726	0.25097	1.30244	0.44819	0.669295	1.33673	0.479669	0.678682	1.28741	0.459689	0.572247	1.28545	0.43295	0.587156	1.34293	0.468623	1.03215	1.24741	0.503505	1.10369	1.11785	0.39676	1.61378	1.23701	0.624995	0.827082	1.27305	0.366737	0.0404883	1.17283	0.411164	0.0169942	1.33118	0.483172	1.44755	1.17028	0.570222	0.887707	1.27691	0.600623	0.879805	1.21498	0.258663	1.2967	1.046	0.0754411	1.11697	1.14884	0.264137	0.0865555	1.01223	0.0695833	0.976174	1.23203	0.145232	0.86497	1.20183	0.0962662	1.20687	1.21425	0.0822057	1.2051	1.08105	0.1002	1.28534	1.14048	0.191444	0.421799	1.17841	0.192885	0.365124	1.19591	0.205615	0.313301	1.12649	0.206904	0.36892	1.09309	0.16255	0.653766	1.26035	0.176835	0.647369	1.31921	0.191733	0.563282	1.33888	0.180405	0.553645	1.27553	0.165665	1.00598	1.22466	0.134183	1.11072	1.10358	0.257374	1.61311	1.24334	0.0527095	0.828079	1.28596	0.28847	0.24423	0.918894	0.200138	0.118696	0.973242	0.181313	1.44805	1.15544	0.102747	0.888715	1.26879	0.0470861	0.881455	1.22296	0.329488	0.996155	1.10623	0.321809	1.31027	1.25633
203	0.805419	0.329424	1.47092	1.11045	0.327976	1.64335	1.29257	0.392511	1.294	1.06662	0.572082	1.12244	1.1632	0.319294	0.0322254	1.35903	0.591379	0.979333	1.23276	0.501687	0.887707	1.25082	0.556578	1.19902	1.2188	0.564302	1.21332	1.09638	0.549001	1.29015	1.17084	0.416874	0.331008	1.31208	0.454404	0.348753	1.27023	0.436502	0.245785	1.24931	0.399623	0.250886	1.30318	0.448174	0.668898	1.34014	0.479602	0.678779	1.29091	0.459669	0.572329	1.28793	0.433003	0.586676	1.34548	0.468562	1.03346	1.25462	0.503638	1.10451	1.12803	0.39666	1.61478	1.24353	0.624049	0.829516	1.28581	0.366661	0.0406304	1.17286	0.411148	0.0170059	1.33118	0.483186	1.44876	1.1766	0.569307	0.890296	1.28846	0.600361	0.881542	1.22695	0.259226	1.29772	1.0519	0.0755005	1.11784	1.1532	0.264729	0.085393	1.03104	0.0690368	0.976849	1.23568	0.144985	0.866655	1.20825	0.0954668	1.20755	1.21886	0.0830645	1.20623	1.08551	0.100346	1.2863	1.14542	0.191992	0.422844	1.19037	0.193322	0.366315	1.20864	0.205991	0.313548	1.13997	0.207383	0.368585	1.10581	0.162588	0.655727	1.26965	0.176917	0.65	1.32846	0.192104	0.566176	1.34914	0.180698	0.555886	1.28583	0.16599	1.00774	1.2304	0.134523	1.11183	1.10826	0.257329	1.61402	1.24982	0.051867	0.828505	1.28917	0.288553	0.240373	0.932982	0.20088	0.116222	0.991438	0.181355	1.44887	1.16115	0.102083	0.889204	1.27254	0.0467383	0.882105	1.22626	0.329675	0.997279	1.11235	0.32171	1.31142	1.26235
204	0.809406	0.329737	1.472	1.11635	0.327933	1.64419	1.29904	0.392976	1.29521	1.0727	0.572465	1.12354	1.17205	0.319284	0.0322089	1.35907	0.591031	0.981231	1.24343	0.501724	0.887814	1.25543	0.556454	1.20057	1.22701	0.56514	1.21393	1.10443	0.549198	1.2913	1.17839	0.416717	0.330902	1.3131	0.454428	0.348794	1.27131	0.436464	0.245867	1.25004	0.39952	0.250779	1.30385	0.448167	0.668564	1.34351	0.479434	0.678924	1.2942	0.459619	0.572471	1.29031	0.43294	0.586189	1.34805	0.468452	1.03452	1.26083	0.503968	1.10531	1.13726	0.396581	1.61573	1.2501	0.623176	0.831989	1.29851	0.366601	0.0407976	1.17289	0.411137	0.017015	1.33119	0.483131	1.44993	1.18286	0.568474	0.892877	1.29987	0.599996	0.883314	1.23883	0.259772	1.29873	1.05791	0.0755797	1.11871	1.15756	0.265791	0.0840354	1.04996	0.0684787	0.977467	1.23942	0.144818	0.868376	1.21471	0.0946098	1.20827	1.22348	0.083983	1.20733	1.08993	0.100551	1.28723	1.1503	0.19226	0.424007	1.20214	0.193127	0.367634	1.22108	0.206155	0.313635	1.1534	0.208278	0.368119	1.11842	0.162537	0.657735	1.27878	0.177007	0.652625	1.33763	0.192551	0.569148	1.35918	0.181057	0.558139	1.29596	0.166243	1.00944	1.23634	0.134944	1.11287	1.11296	0.257258	1.61485	1.25624	0.0510456	0.828933	1.29236	0.288568	0.236177	0.947273	0.20182	0.113535	1.00983	0.181366	1.44973	1.16688	0.101459	0.889677	1.27624	0.0463507	0.882658	1.22956	0.32979	0.998481	1.11842	0.321747	1.31262	1.26847
205	0.813393	0.329924	1.47299	1.12237	0.327835	1.64502	1.30554	0.39343	1.29639	1.07882	0.572752	1.12463	1.18102	0.319295	0.0321841	1.35909	0.590626	0.983106	1.254	0.501655	0.888227	1.2614	0.556354	1.2021	1.23523	0.565944	1.21458	1.11244	0.549371	1.29242	1.18589	0.41658	0.330793	1.31415	0.45452	0.348789	1.27232	0.436403	0.24591	1.25075	0.399415	0.25067	1.30445	0.448072	0.668211	1.34685	0.479179	0.679117	1.29716	0.459602	0.572722	1.29271	0.432924	0.58575	1.35056	0.468194	1.03528	1.26559	0.50443	1.10602	1.14596	0.396481	1.61665	1.25654	0.62237	0.83454	1.31117	0.366548	0.0409773	1.17288	0.411123	0.0170257	1.33121	0.483045	1.45105	1.18907	0.567628	0.895436	1.31125	0.599573	0.88514	1.25063	0.26034	1.29961	1.06408	0.0756739	1.11959	1.1618	0.267225	0.0825969	1.06901	0.0679021	0.978027	1.24317	0.144563	0.870067	1.22123	0.0937911	1.20901	1.22811	0.0849143	1.2084	1.09434	0.100728	1.28812	1.15519	0.192671	0.424958	1.21369	0.193579	0.368739	1.23364	0.206561	0.313503	1.16675	0.209062	0.367344	1.13103	0.16251	0.659728	1.28771	0.177104	0.655221	1.34664	0.192958	0.572042	1.36904	0.181266	0.560363	1.30595	0.166444	1.01119	1.24273	0.135369	1.1139	1.11761	0.257203	1.61567	1.26256	0.0502707	0.829333	1.2955	0.288612	0.231737	0.961734	0.202791	0.110643	1.02842	0.181301	1.45061	1.17267	0.100813	0.890157	1.27991	0.0459587	0.883239	1.23289	0.329905	0.999619	1.12445	0.321696	1.31378	1.27445
206	0.81738	0.330071	1.474	1.12839	0.327698	1.64579	1.31203	0.393914	1.29752	1.08499	0.573059	1.1257	1.18981	0.31933	0.032137	1.35914	0.59025	0.984964	1.26448	0.501649	0.88884	1.26773	0.556191	1.20359	1.24331	0.566631	1.21519	1.12054	0.549548	1.29354	1.19331	0.416477	0.330648	1.3151	0.454586	0.348772	1.27344	0.436389	0.245933	1.25147	0.399386	0.250612	1.30503	0.448082	0.667874	1.35012	0.479135	0.679223	1.30036	0.459573	0.572995	1.29513	0.432802	0.585398	1.35308	0.468049	1.03611	1.27112	0.504901	1.10677	1.15441	0.396306	1.61756	1.26281	0.621508	0.837216	1.32386	0.366515	0.0411752	1.17283	0.411101	0.0170442	1.33122	0.482976	1.45208	1.19528	0.565931	0.897964	1.32293	0.599042	0.887039	1.26243	0.26077	1.30048	1.07019	0.0758034	1.12043	1.16596	0.268967	0.0810389	1.08815	0.0674656	0.978557	1.24691	0.144252	0.871741	1.22779	0.0930526	1.20976	1.23273	0.0857419	1.20947	1.0988	0.100856	1.28903	1.16012	0.193471	0.425621	1.22515	0.194622	0.369588	1.24617	0.206985	0.313262	1.1801	0.209436	0.366587	1.14346	0.16254	0.661724	1.2965	0.177249	0.657782	1.35545	0.193249	0.574881	1.37876	0.181457	0.562449	1.31582	0.166699	1.01288	1.2492	0.13561	1.11491	1.12222	0.257154	1.61654	1.26889	0.0495026	0.829692	1.29863	0.288682	0.227127	0.976398	0.203727	0.107631	1.04733	0.181353	1.45136	1.17851	0.100165	0.89061	1.28361	0.0456164	0.883838	1.23616	0.329909	1.00072	1.13051	0.321648	1.31485	1.28054
207	0.821367	0.330091	1.47508	1.13445	0.327549	1.64652	1.31839	0.394307	1.29859	1.09112	0.573272	1.12685	1.19854	0.319348	0.0321128	1.35919	0.589919	0.986897	1.27492	0.501796	0.889431	1.27342	0.555981	1.20499	1.25137	0.567217	1.21577	1.12886	0.549678	1.29462	1.20069	0.4164	0.330464	1.31588	0.454581	0.348712	1.27467	0.436427	0.245967	1.2522	0.39937	0.250556	1.30556	0.448134	0.667529	1.3534	0.479317	0.679176	1.30365	0.459522	0.573203	1.29743	0.432796	0.585053	1.35555	0.468045	1.03694	1.27728	0.505341	1.10756	1.16267	0.396207	1.61843	1.26903	0.620478	0.839863	1.33647	0.366407	0.0413634	1.1729	0.411067	0.0170655	1.33122	0.482914	1.45315	1.20146	0.562587	0.900343	1.33495	0.598499	0.888938	1.2742	0.261087	1.30138	1.07638	0.0759535	1.12126	1.17028	0.270302	0.0793612	1.10742	0.0670652	0.979124	1.25069	0.143941	0.87328	1.23413	0.0923878	1.21052	1.23737	0.0866014	1.21049	1.10329	0.100975	1.28995	1.16504	0.194269	0.42611	1.23657	0.195364	0.370355	1.25859	0.207227	0.313085	1.19343	0.209697	0.365884	1.15584	0.162542	0.663672	1.3052	0.177278	0.660346	1.36412	0.193435	0.577729	1.38834	0.181622	0.564573	1.32554	0.166843	1.01452	1.25553	0.135963	1.1159	1.12695	0.257051	1.61742	1.27535	0.0487221	0.830002	1.30178	0.288964	0.222311	0.991228	0.204747	0.104432	1.0662	0.181472	1.45207	1.18434	0.0995125	0.891038	1.28758	0.0453683	0.884378	1.23951	0.329915	1.00171	1.13663	0.321569	1.31589	1.28661
208	0.825355	0.330081	1.47596	1.1405	0.327443	1.64726	1.32475	0.394578	1.29962	1.09718	0.57347	1.12789	1.20728	0.319336	0.0321209	1.35925	0.58952	0.988838	1.28535	0.501846	0.889887	1.27876	0.555837	1.20638	1.25951	0.567973	1.21643	1.13742	0.5498	1.29568	1.20802	0.416245	0.330225	1.31669	0.454545	0.348637	1.27578	0.436462	0.246001	1.25288	0.399275	0.250393	1.30611	0.448333	0.66716	1.35662	0.479475	0.67927	1.30713	0.459405	0.573396	1.29968	0.432849	0.584686	1.35799	0.468129	1.03769	1.28348	0.505737	1.10828	1.17102	0.3962	1.61927	1.27539	0.619391	0.842563	1.34889	0.36623	0.0415569	1.173	0.411035	0.0170857	1.33123	0.482846	1.4542	1.2076	0.560014	0.902864	1.34624	0.598159	0.890875	1.28582	0.261301	1.30218	1.0826	0.0759417	1.12215	1.17468	0.271062	0.0776551	1.1268	0.0666073	0.979718	1.25449	0.143584	0.874791	1.24004	0.0917411	1.21127	1.24203	0.0875719	1.2115	1.10785	0.101182	1.29081	1.16992	0.19484	0.426517	1.24784	0.195529	0.371205	1.27079	0.207504	0.312744	1.20667	0.210487	0.364836	1.16828	0.162437	0.665549	1.31381	0.177245	0.662932	1.37267	0.193614	0.580522	1.3978	0.181732	0.566767	1.33518	0.167024	1.01611	1.26177	0.13643	1.11683	1.13184	0.25693	1.61819	1.28177	0.0479827	0.830316	1.30496	0.289274	0.217232	1.00626	0.205875	0.101092	1.08502	0.181534	1.45279	1.19014	0.0989488	0.891439	1.29182	0.0450991	0.884896	1.24285	0.33004	1.00265	1.14282	0.321504	1.31688	1.29261
209	0.829342	0.330135	1.47672	1.14659	0.327425	1.64795	1.33116	0.394959	1.30065	1.10314	0.573741	1.12892	1.21596	0.319323	0.0321199	1.35931	0.589044	0.99075	1.29571	0.501779	0.890269	1.28407	0.555635	1.20784	1.26751	0.568828	1.21705	1.14565	0.549923	1.29672	1.21535	0.416106	0.329991	1.31755	0.454589	0.348584	1.27679	0.436461	0.246028	1.25351	0.399111	0.25016	1.30669	0.448502	0.666823	1.35983	0.479542	0.679379	1.31039	0.459359	0.573643	1.30186	0.432879	0.584332	1.36036	0.468221	1.03836	1.28952	0.506113	1.10894	1.17962	0.396239	1.62006	1.28181	0.618266	0.845272	1.36128	0.366044	0.0417622	1.17314	0.410994	0.017115	1.33124	0.482775	1.45517	1.21377	0.560025	0.905646	1.35679	0.598193	0.893035	1.29735	0.261727	1.30294	1.08837	0.0757866	1.12301	1.17917	0.272042	0.075914	1.14624	0.0661853	0.980253	1.25828	0.143225	0.876322	1.24595	0.0910773	1.21199	1.24669	0.0884909	1.2125	1.11243	0.101442	1.29158	1.17483	0.195288	0.426885	1.259	0.195827	0.3719	1.28296	0.207823	0.312239	1.21997	0.211394	0.363579	1.1807	0.162332	0.667366	1.32231	0.177053	0.665475	1.3811	0.193712	0.583271	1.40715	0.181792	0.568888	1.34475	0.167395	1.01762	1.26804	0.136985	1.11776	1.13684	0.256814	1.61884	1.28811	0.047287	0.830611	1.30818	0.289203	0.21187	1.02168	0.20711	0.0976333	1.10389	0.18159	1.45351	1.19596	0.098404	0.891817	1.29575	0.0448384	0.885373	1.24621	0.330082	1.0037	1.14897	0.321481	1.31778	1.29859
210	0.833329	0.330181	1.47746	1.15268	0.327432	1.64855	1.33757	0.39529	1.30163	1.10922	0.573931	1.1299	1.22453	0.319284	0.0320797	1.35938	0.588618	0.992674	1.30596	0.501809	0.890618	1.28941	0.555364	1.20921	1.27541	0.569515	1.21749	1.15357	0.550018	1.29772	1.2227	0.416022	0.329783	1.31837	0.454738	0.348578	1.27772	0.436456	0.246113	1.25403	0.39913	0.249992	1.30709	0.448695	0.666426	1.36299	0.479618	0.679389	1.31355	0.459294	0.573763	1.30404	0.432755	0.583889	1.36267	0.46817	1.03879	1.29507	0.506488	1.10954	1.18818	0.396234	1.62077	1.28812	0.617186	0.84804	1.37359	0.365854	0.0419404	1.17329	0.410961	0.0171511	1.33126	0.482727	1.45608	1.21994	0.55982	0.908495	1.36764	0.597889	0.895075	1.30894	0.26206	1.30369	1.09452	0.0759362	1.12376	1.18373	0.273733	0.0742429	1.16586	0.0657935	0.98071	1.26206	0.142983	0.877977	1.25273	0.090409	1.21261	1.25133	0.0893092	1.21344	1.117	0.101693	1.29233	1.17975	0.195966	0.427043	1.27	0.196231	0.372518	1.29513	0.208093	0.311632	1.23341	0.212131	0.362137	1.19309	0.162228	0.669119	1.33062	0.176681	0.667964	1.38943	0.193707	0.586023	1.41641	0.181763	0.570914	1.35423	0.167699	1.01907	1.2743	0.137415	1.11873	1.14167	0.256735	1.61942	1.29441	0.0465413	0.830882	1.31143	0.28931	0.206328	1.03734	0.208425	0.0941149	1.12296	0.181661	1.45417	1.20181	0.097751	0.892115	1.29951	0.0445427	0.885884	1.24962	0.330051	1.00458	1.15507	0.321521	1.31867	1.30463
211	0.837316	0.330278	1.47816	1.15879	0.327323	1.64909	1.34389	0.395558	1.30247	1.11531	0.574001	1.13089	1.23305	0.319223	0.0320412	1.35946	0.588262	0.994616	1.31615	0.501816	0.891084	1.29479	0.555285	1.21053	1.2835	0.570178	1.21798	1.1615	0.550133	1.29862	1.22998	0.416038	0.3296	1.31905	0.454929	0.348606	1.27846	0.436492	0.246196	1.25449	0.399434	0.249963	1.30726	0.4489	0.665998	1.36611	0.479823	0.679355	1.31663	0.459317	0.573842	1.30623	0.43265	0.583456	1.36507	0.467977	1.03889	1.30012	0.506846	1.11019	1.19643	0.39612	1.6214	1.29434	0.616121	0.850736	1.38579	0.365701	0.0421423	1.17352	0.41092	0.0171815	1.33128	0.482653	1.45695	1.22607	0.558904	0.91128	1.3788	0.597311	0.89704	1.32046	0.26255	1.30458	1.09994	0.0762637	1.12447	1.18833	0.275383	0.072491	1.1855	0.0653973	0.981108	1.26593	0.142833	0.879639	1.26059	0.0897831	1.21323	1.25597	0.0900985	1.21431	1.12161	0.101932	1.29307	1.18476	0.196515	0.427169	1.28091	0.19645	0.373101	1.30724	0.208358	0.310879	1.24689	0.212643	0.360469	1.20547	0.16213	0.670883	1.33883	0.176439	0.67036	1.3977	0.193767	0.588678	1.42556	0.18182	0.572927	1.36351	0.167939	1.02045	1.28058	0.137679	1.11964	1.14638	0.256667	1.61997	1.30071	0.0458542	0.831112	1.31468	0.289587	0.200715	1.05316	0.209613	0.090697	1.14225	0.181712	1.45474	1.20765	0.0971003	0.89243	1.30324	0.0441935	0.886377	1.25307	0.32996	1.00535	1.1611	0.321565	1.31948	1.31066
212	0.841304	0.330422	1.47872	1.16491	0.327188	1.64958	1.35017	0.396009	1.30332	1.12114	0.574146	1.1319	1.24147	0.319293	0.0320657	1.35952	0.587802	0.996459	1.32632	0.501776	0.89156	1.30008	0.555699	1.21175	1.29181	0.570852	1.21857	1.1694	0.55021	1.29954	1.23724	0.416165	0.329447	1.31964	0.455117	0.348637	1.27907	0.436557	0.246256	1.25491	0.399616	0.249929	1.30761	0.449158	0.665538	1.36916	0.480014	0.679396	1.31986	0.459423	0.573971	1.30843	0.432816	0.583134	1.36736	0.468106	1.03925	1.30588	0.507175	1.11082	1.20453	0.396021	1.62201	1.30059	0.614995	0.853447	1.39795	0.365708	0.0424323	1.1739	0.410877	0.017201	1.33131	0.482567	1.45773	1.23221	0.557825	0.913996	1.38991	0.596586	0.898988	1.33191	0.262911	1.30532	1.10559	0.0762035	1.1252	1.19269	0.276406	0.0708248	1.20526	0.0650094	0.98149	1.2699	0.142581	0.881211	1.26791	0.0891707	1.21382	1.26064	0.0909132	1.21519	1.12632	0.102061	1.29379	1.18984	0.197027	0.426986	1.29172	0.19669	0.373593	1.31927	0.208765	0.309933	1.26052	0.213118	0.358637	1.21789	0.162033	0.672495	1.34705	0.17646	0.672689	1.4059	0.193805	0.591317	1.43453	0.181933	0.574895	1.37269	0.168071	1.02165	1.28675	0.138181	1.12042	1.15133	0.256608	1.62045	1.30697	0.0452464	0.831267	1.31795	0.289858	0.195012	1.06921	0.210648	0.0872895	1.16165	0.181771	1.45529	1.21355	0.0965022	0.892709	1.307	0.043861	0.886825	1.25664	0.329885	1.00619	1.16715	0.321606	1.32023	1.31668
213	0.845291	0.3305	1.4793	1.17102	0.327122	1.64997	1.35649	0.396414	1.30408	1.12714	0.574344	1.1328	1.24994	0.319343	0.032091	1.35958	0.587303	0.998305	1.33639	0.501725	0.891897	1.30539	0.556072	1.21303	1.29976	0.571426	1.21906	1.17729	0.550262	1.30044	1.24451	0.416423	0.329371	1.32026	0.455366	0.348689	1.27966	0.436674	0.246307	1.25528	0.399776	0.249928	1.30811	0.449376	0.66517	1.37227	0.480312	0.679482	1.32323	0.459462	0.574176	1.31055	0.433052	0.582828	1.36965	0.468431	1.03977	1.31214	0.507523	1.11141	1.21265	0.396018	1.62255	1.30695	0.613802	0.85617	1.41002	0.365671	0.0427247	1.17409	0.410824	0.0172172	1.33134	0.482507	1.45852	1.23836	0.556827	0.916736	1.40085	0.595954	0.901025	1.34326	0.263154	1.30594	1.11154	0.0763655	1.12583	1.19727	0.276844	0.0691898	1.22497	0.0646176	0.981835	1.274	0.142251	0.882659	1.27478	0.0886486	1.21431	1.26531	0.0917556	1.21603	1.13103	0.102244	1.29445	1.19487	0.197641	0.426408	1.30242	0.196982	0.373964	1.33125	0.209066	0.308874	1.27409	0.213509	0.356652	1.23023	0.161912	0.674031	1.35525	0.17653	0.674932	1.41398	0.193831	0.593946	1.44343	0.181957	0.576861	1.38174	0.168161	1.02276	1.29288	0.138532	1.1212	1.15623	0.256613	1.6209	1.3132	0.0446154	0.831343	1.32122	0.290262	0.189118	1.08551	0.21152	0.0838073	1.18107	0.181857	1.45581	1.21949	0.0959096	0.892891	1.31085	0.0434878	0.887174	1.26011	0.329752	1.00693	1.17321	0.32163	1.32096	1.32269
214	0.849278	0.330495	1.47984	1.17711	0.327067	1.65032	1.36286	0.396663	1.30474	1.13335	0.574508	1.13364	1.2584	0.319362	0.0320965	1.35965	0.586853	1.00025	1.34641	0.501743	0.892151	1.31069	0.555882	1.21419	1.30738	0.572006	1.21944	1.1852	0.550353	1.30124	1.25174	0.416809	0.329408	1.32101	0.455674	0.348775	1.28027	0.436829	0.246383	1.25569	0.400001	0.249968	1.30864	0.449527	0.66498	1.3753	0.480698	0.67949	1.32679	0.459445	0.574444	1.31269	0.433074	0.582417	1.37194	0.468786	1.04015	1.3184	0.50783	1.11196	1.22098	0.396048	1.623	1.3133	0.61258	0.858968	1.42202	0.365544	0.0429744	1.17414	0.410746	0.017235	1.33139	0.482448	1.45928	1.24451	0.555829	0.91947	1.41176	0.595278	0.903024	1.35461	0.263348	1.3065	1.11752	0.0766933	1.12641	1.20202	0.277595	0.0674258	1.24539	0.0642709	0.982118	1.27809	0.141954	0.88404	1.2816	0.0882674	1.21471	1.26992	0.092524	1.21676	1.13574	0.102678	1.29501	1.19983	0.198226	0.425605	1.31334	0.197223	0.374204	1.34324	0.209304	0.307686	1.28762	0.213693	0.354502	1.24252	0.161738	0.67563	1.36327	0.176514	0.677027	1.42199	0.193818	0.596488	1.45225	0.182032	0.578688	1.39071	0.16833	1.02386	1.29902	0.138704	1.12195	1.16109	0.2566	1.62132	1.3195	0.043975	0.8314	1.32452	0.290799	0.183026	1.10206	0.212166	0.08045	1.2008	0.181914	1.45626	1.22537	0.0952708	0.893056	1.31474	0.0431894	0.887463	1.2636	0.329675	1.00756	1.17932	0.321634	1.32164	1.32872
215	0.853265	0.330533	1.48029	1.18322	0.326988	1.65069	1.36915	0.396896	1.3053	1.13964	0.574681	1.13444	1.2667	0.319369	0.032086	1.35973	0.586359	1.00207	1.35637	0.501733	0.892378	1.31599	0.555299	1.21521	1.31494	0.572378	1.21976	1.19307	0.550448	1.30195	1.25893	0.417242	0.329507	1.32174	0.455913	0.348836	1.28085	0.437004	0.246511	1.2561	0.400272	0.249986	1.30913	0.449609	0.664516	1.37786	0.480901	0.679487	1.32998	0.459642	0.574593	1.31501	0.433218	0.582002	1.37409	0.469124	1.04043	1.32451	0.508133	1.11242	1.22936	0.395968	1.62341	1.31953	0.611326	0.861773	1.43397	0.36537	0.0431294	1.17407	0.410712	0.0172617	1.33143	0.482396	1.45981	1.25063	0.554682	0.922209	1.42283	0.594488	0.904936	1.36596	0.263561	1.30704	1.12352	0.0766543	1.12699	1.20649	0.278244	0.065713	1.26575	0.0639935	0.982347	1.28221	0.141785	0.885346	1.28845	0.0880289	1.21506	1.27448	0.0932182	1.21742	1.14048	0.103175	1.29552	1.20466	0.198488	0.424936	1.32401	0.197391	0.374378	1.35507	0.209437	0.306527	1.30115	0.213931	0.352076	1.25498	0.161583	0.677158	1.37115	0.176336	0.679141	1.42992	0.193753	0.598965	1.46088	0.182104	0.580449	1.39954	0.168431	1.02487	1.30514	0.139225	1.1225	1.16617	0.256481	1.62174	1.32587	0.0433961	0.831426	1.32786	0.29152	0.176827	1.11883	0.212816	0.0771617	1.22062	0.181951	1.45663	1.23118	0.0946963	0.893191	1.3186	0.0429128	0.887756	1.26715	0.329685	1.00815	1.18543	0.321606	1.32218	1.33463
216	0.857252	0.330598	1.4807	1.18935	0.326908	1.651	1.37539	0.397107	1.30566	1.14595	0.574801	1.13515	1.2749	0.319372	0.0320777	1.3598	0.585785	1.00381	1.36623	0.501578	0.892649	1.32134	0.554479	1.21605	1.32258	0.572699	1.22002	1.20078	0.550533	1.30261	1.26606	0.417672	0.329569	1.32234	0.456115	0.348905	1.28134	0.437167	0.246685	1.25651	0.400563	0.249962	1.30951	0.449805	0.663921	1.38071	0.480788	0.679545	1.3328	0.45991	0.574778	1.31742	0.433233	0.581778	1.376	0.469377	1.04064	1.33047	0.508577	1.11282	1.23719	0.395835	1.62383	1.32572	0.609964	0.86454	1.44588	0.365223	0.0432696	1.1739	0.410695	0.0172911	1.33148	0.482382	1.46029	1.2568	0.553433	0.924875	1.43399	0.593693	0.906835	1.3772	0.263789	1.30747	1.12954	0.0767475	1.12747	1.21103	0.278741	0.0640285	1.28599	0.0636745	0.982596	1.28641	0.141584	0.886589	1.29518	0.0877968	1.21531	1.27924	0.0938769	1.21812	1.14534	0.1032	1.29604	1.20981	0.19865	0.424149	1.33448	0.197419	0.374433	1.36678	0.209629	0.305207	1.31477	0.214193	0.349441	1.2674	0.161468	0.678641	1.37902	0.176345	0.681159	1.43774	0.193786	0.601189	1.4694	0.182262	0.582159	1.40828	0.168487	1.02576	1.31123	0.139728	1.12308	1.17117	0.256355	1.6221	1.3322	0.0428613	0.831389	1.33123	0.292311	0.170644	1.1358	0.21355	0.0738921	1.24045	0.182057	1.45692	1.23705	0.0941467	0.893268	1.32244	0.0426522	0.887993	1.27075	0.329586	1.00865	1.1915	0.321636	1.32263	1.34064
217	0.86124	0.330718	1.48109	1.19551	0.326865	1.65125	1.38162	0.397263	1.30581	1.15229	0.57487	1.13584	1.28309	0.319386	0.0320829	1.3599	0.585199	1.00556	1.37602	0.501384	0.892803	1.32682	0.554163	1.21691	1.33018	0.57301	1.22018	1.20846	0.550638	1.30322	1.27316	0.418098	0.329588	1.32288	0.456313	0.349006	1.28181	0.437338	0.246894	1.2569	0.400973	0.249965	1.30992	0.450027	0.663362	1.38376	0.480765	0.679633	1.33582	0.460088	0.574875	1.31963	0.433541	0.58143	1.37836	0.469555	1.04073	1.33636	0.508919	1.11313	1.24504	0.395788	1.62419	1.33197	0.608525	0.867257	1.45768	0.365202	0.0435457	1.17398	0.410608	0.017287	1.33161	0.482347	1.46077	1.26302	0.552452	0.927584	1.44455	0.592962	0.908759	1.38837	0.264096	1.30776	1.1356	0.0769639	1.12785	1.2157	0.279708	0.0621197	1.3066	0.0633288	0.982797	1.29067	0.141395	0.887743	1.30175	0.0875466	1.21549	1.28412	0.0945383	1.21874	1.15031	0.103322	1.29648	1.21511	0.198784	0.423121	1.34486	0.197241	0.374372	1.37845	0.20996	0.303614	1.3285	0.21494	0.346414	1.27999	0.161406	0.679975	1.38682	0.176318	0.683011	1.44542	0.193878	0.603294	1.47782	0.182364	0.583835	1.41688	0.168614	1.02651	1.31728	0.140084	1.12362	1.17616	0.256265	1.62236	1.33845	0.0422757	0.831279	1.33466	0.293085	0.164388	1.15301	0.214256	0.0706755	1.26035	0.182135	1.45714	1.24301	0.0935763	0.893271	1.3263	0.0423757	0.888205	1.27437	0.329336	1.00911	1.19745	0.321709	1.323	1.34675
218	0.865227	0.330881	1.48135	1.20168	0.326843	1.65142	1.38789	0.397481	1.30604	1.15861	0.574984	1.13647	1.29122	0.319405	0.0321096	1.36006	0.584643	1.00726	1.38582	0.50123	0.892816	1.33235	0.554052	1.21777	1.3377	0.573562	1.22033	1.21615	0.550718	1.30375	1.28025	0.418575	0.329659	1.32355	0.456529	0.349122	1.28228	0.437545	0.247095	1.25723	0.401418	0.250027	1.31039	0.450161	0.662874	1.38701	0.480865	0.67963	1.33902	0.460342	0.575014	1.32183	0.433706	0.581019	1.38061	0.469676	1.04074	1.34239	0.50919	1.11335	1.25308	0.395817	1.6244	1.33824	0.607259	0.870042	1.46945	0.365122	0.0437989	1.17413	0.410422	0.0171723	1.33177	0.482309	1.46129	1.26927	0.551631	0.930292	1.45475	0.592074	0.910611	1.39961	0.264431	1.30794	1.14171	0.0771234	1.12817	1.22047	0.280186	0.0602564	1.32712	0.0630612	0.982886	1.29475	0.141296	0.888635	1.30795	0.0872521	1.2156	1.28901	0.0952254	1.21927	1.1553	0.103571	1.29678	1.22039	0.198898	0.42186	1.35518	0.197174	0.374098	1.39013	0.21015	0.301984	1.3422	0.215832	0.343137	1.29289	0.161354	0.68127	1.39448	0.176251	0.684757	1.45304	0.193821	0.605401	1.48612	0.182406	0.585401	1.42534	0.168667	1.02716	1.32327	0.14044	1.12407	1.18121	0.256231	1.62252	1.34469	0.0417391	0.83109	1.33814	0.293678	0.158063	1.17064	0.214862	0.0674601	1.28032	0.182189	1.45734	1.24901	0.0930392	0.893212	1.3304	0.0420611	0.888368	1.27806	0.329091	1.00949	1.20346	0.32179	1.32332	1.35289
219	0.869214	0.331067	1.48155	1.20789	0.326828	1.6515	1.39412	0.397654	1.3063	1.16489	0.575134	1.13698	1.29937	0.319488	0.0321832	1.36035	0.584132	1.00896	1.39555	0.501037	0.892706	1.33782	0.553928	1.21856	1.34512	0.574121	1.22048	1.22376	0.550762	1.3042	1.28732	0.419082	0.329757	1.32438	0.456745	0.34926	1.28281	0.437712	0.247311	1.25756	0.401805	0.250141	1.311	0.450364	0.662265	1.39019	0.480989	0.679502	1.34228	0.460611	0.575126	1.32411	0.434003	0.580357	1.38274	0.469705	1.04075	1.34868	0.509407	1.11358	1.26118	0.395814	1.62449	1.34435	0.605995	0.872775	1.48112	0.364875	0.0440158	1.17416	0.410241	0.0170106	1.33169	0.482303	1.46162	1.27547	0.550766	0.932982	1.46508	0.591262	0.912513	1.41066	0.264652	1.30813	1.14786	0.0772735	1.12841	1.2253	0.280147	0.058527	1.34776	0.062826	0.982896	1.29889	0.141224	0.889449	1.3143	0.0869955	1.21563	1.29393	0.0958813	1.21972	1.16029	0.103959	1.29696	1.22563	0.198864	0.420414	1.36555	0.19727	0.3737	1.40176	0.210376	0.300292	1.35596	0.216174	0.339883	1.30584	0.161227	0.682503	1.40205	0.176152	0.686415	1.46064	0.193747	0.607382	1.49427	0.182305	0.586912	1.4336	0.1687	1.02768	1.32926	0.1408	1.12444	1.18634	0.256209	1.62266	1.35092	0.0412667	0.830826	1.34165	0.294287	0.151659	1.18842	0.215444	0.0643	1.30037	0.1823	1.45749	1.25508	0.0924831	0.893196	1.33488	0.0417577	0.888477	1.28187	0.328955	1.00981	1.20966	0.321857	1.3236	1.35902
220	0.873201	0.331163	1.48171	1.21415	0.326762	1.65153	1.40035	0.397802	1.30647	1.17113	0.575294	1.13742	1.30749	0.319704	0.0322736	1.36061	0.583556	1.0106	1.40518	0.500872	0.892477	1.34321	0.553833	1.21921	1.35248	0.574584	1.2206	1.23127	0.550818	1.30459	1.29436	0.419501	0.329808	1.32518	0.456971	0.349402	1.28344	0.437823	0.247565	1.25795	0.402148	0.250307	1.31185	0.450587	0.661507	1.39347	0.481007	0.679476	1.34564	0.460795	0.575175	1.32644	0.434358	0.579734	1.38504	0.469685	1.0407	1.35498	0.509634	1.11375	1.2692	0.395733	1.62458	1.35045	0.604633	0.875568	1.49267	0.364488	0.0442982	1.17407	0.410153	0.0169643	1.33167	0.482253	1.46182	1.2817	0.549843	0.935583	1.4755	0.590587	0.914466	1.4215	0.264856	1.30832	1.15403	0.0774699	1.12858	1.23013	0.280162	0.0571331	1.36866	0.0625631	0.982836	1.30312	0.140827	0.890399	1.32224	0.0867995	1.21558	1.29893	0.0964442	1.2201	1.16537	0.104499	1.29706	1.23085	0.19869	0.418835	1.37587	0.197413	0.373172	1.41329	0.210807	0.29837	1.36987	0.216097	0.336603	1.3183	0.161072	0.68373	1.4096	0.17603	0.688022	1.46818	0.193761	0.609215	1.50231	0.182116	0.588315	1.44171	0.168812	1.02815	1.33532	0.141042	1.12465	1.19153	0.25618	1.62276	1.3571	0.0407792	0.830564	1.34521	0.294949	0.145333	1.206	0.215877	0.0613393	1.32068	0.182394	1.45756	1.26114	0.0920375	0.89296	1.33905	0.0414719	0.888492	1.28574	0.328932	1.00998	1.21574	0.321918	1.32377	1.36517
221	0.877188	0.331259	1.48182	1.22044	0.326668	1.65163	1.4066	0.398059	1.30656	1.17739	0.575421	1.13781	1.31555	0.319879	0.0322588	1.3607	0.582812	1.01217	1.41477	0.500762	0.892124	1.34863	0.553707	1.21981	1.3598	0.574906	1.22068	1.23881	0.550961	1.30489	1.30138	0.419886	0.329803	1.3259	0.457248	0.349557	1.28418	0.437911	0.24788	1.25846	0.402381	0.250442	1.31298	0.450785	0.660836	1.39669	0.48099	0.679466	1.34903	0.461076	0.57521	1.32882	0.434579	0.579231	1.38758	0.46974	1.04041	1.36067	0.50995	1.11382	1.27719	0.395652	1.62465	1.35671	0.603214	0.878316	1.50413	0.36432	0.0446797	1.17416	0.410046	0.0169217	1.33179	0.48218	1.46199	1.28795	0.548795	0.938216	1.48592	0.589715	0.916363	1.43236	0.265132	1.3084	1.16018	0.0776822	1.12871	1.23497	0.280455	0.0560665	1.38947	0.0622829	0.982709	1.30743	0.140006	0.891509	1.33192	0.086602	1.21548	1.30402	0.0969584	1.22046	1.1706	0.104819	1.29717	1.23623	0.198496	0.417046	1.38617	0.197412	0.372456	1.42498	0.21131	0.296234	1.38385	0.215569	0.333415	1.3306	0.160904	0.684877	1.41711	0.17597	0.689453	1.47562	0.193759	0.610913	1.51015	0.18205	0.589596	1.44975	0.168836	1.02852	1.34139	0.141361	1.1248	1.19674	0.256129	1.62275	1.36328	0.0401809	0.830343	1.34886	0.295346	0.139195	1.22386	0.216216	0.0586081	1.34125	0.18243	1.45754	1.26719	0.091934	0.892447	1.34154	0.041187	0.888411	1.28963	0.328786	1.00999	1.22159	0.321993	1.32384	1.37136
222	0.881176	0.331406	1.48186	1.2267	0.326591	1.65168	1.41286	0.398235	1.30661	1.18359	0.575588	1.13814	1.32353	0.319769	0.0322331	1.36081	0.581984	1.01376	1.42437	0.500599	0.891748	1.35406	0.55357	1.22037	1.36714	0.575213	1.22063	1.24639	0.551109	1.30512	1.30836	0.420254	0.329763	1.32667	0.457453	0.349691	1.28501	0.437988	0.248266	1.25915	0.402546	0.250425	1.31378	0.450843	0.660269	1.39998	0.48089	0.679393	1.35247	0.461355	0.575278	1.33121	0.434844	0.578642	1.39002	0.470095	1.03991	1.36556	0.510298	1.11377	1.28513	0.395609	1.62467	1.36307	0.601866	0.881012	1.51556	0.364138	0.0450261	1.17429	0.409833	0.0167775	1.33197	0.482191	1.4621	1.29422	0.547643	0.940823	1.49631	0.588663	0.918165	1.44329	0.265423	1.3084	1.16632	0.077875	1.12876	1.23985	0.280536	0.0549454	1.41029	0.0620374	0.982485	1.31178	0.139699	0.892319	1.33989	0.0863976	1.21535	1.30919	0.0975261	1.22075	1.17587	0.105004	1.29722	1.24174	0.198314	0.415143	1.39652	0.197351	0.371495	1.43684	0.211627	0.29418	1.39773	0.21543	0.330048	1.34321	0.160773	0.685958	1.42449	0.176022	0.690804	1.48291	0.193772	0.612416	1.51781	0.181877	0.590782	1.45761	0.168836	1.02876	1.34751	0.141767	1.12495	1.20196	0.256047	1.62269	1.36954	0.039567	0.830031	1.35255	0.296127	0.132932	1.24236	0.216485	0.056067	1.36176	0.182469	1.45744	1.27333	0.0920759	0.891846	1.34224	0.0409211	0.88826	1.2935	0.328411	1.00993	1.22728	0.322067	1.32382	1.37759
223	0.885163	0.331371	1.48182	1.23296	0.326521	1.65166	1.4191	0.398322	1.30657	1.18971	0.575727	1.13836	1.33149	0.319597	0.0322769	1.361	0.581296	1.01526	1.43395	0.500423	0.891362	1.35946	0.553546	1.2208	1.37449	0.575569	1.22042	1.25386	0.551211	1.30527	1.31528	0.420604	0.32972	1.32762	0.457577	0.349792	1.28592	0.438093	0.248514	1.25984	0.402699	0.250393	1.31439	0.45089	0.659638	1.40332	0.48087	0.679309	1.35591	0.461531	0.575327	1.33367	0.435059	0.577935	1.39242	0.470374	1.03945	1.37103	0.510615	1.11366	1.29302	0.395559	1.62469	1.36931	0.600518	0.883652	1.52693	0.363873	0.0453628	1.17439	0.409655	0.0167127	1.33201	0.482223	1.46217	1.30047	0.546431	0.943377	1.50663	0.587587	0.91984	1.45415	0.265669	1.30837	1.17244	0.0780732	1.12869	1.24481	0.280394	0.0539586	1.43127	0.0618357	0.98219	1.31613	0.13969	0.892864	1.34657	0.0862088	1.21513	1.3144	0.0981498	1.22093	1.18118	0.105176	1.2972	1.24729	0.198146	0.413075	1.40678	0.197238	0.37047	1.44856	0.211762	0.292263	1.41153	0.215537	0.326511	1.35604	0.160669	0.686874	1.43177	0.176097	0.692002	1.49015	0.193746	0.613808	1.52539	0.181681	0.59187	1.46535	0.168932	1.02894	1.3537	0.142182	1.12507	1.20721	0.25591	1.62267	1.37588	0.0391184	0.829568	1.35616	0.296986	0.1266	1.26119	0.216615	0.053677	1.38213	0.182541	1.45732	1.27947	0.0918682	0.891344	1.34504	0.0406958	0.888078	1.29741	0.328063	1.00976	1.2331	0.322146	1.32376	1.38377
224	0.88915	0.331318	1.48174	1.23925	0.326474	1.6516	1.42528	0.398557	1.3065	1.19592	0.575825	1.13854	1.33942	0.319507	0.0323556	1.36117	0.580698	1.01666	1.44338	0.500314	0.890886	1.36486	0.553602	1.2211	1.38181	0.575864	1.22017	1.26121	0.551291	1.3053	1.32217	0.420917	0.329703	1.32869	0.457728	0.349879	1.28689	0.43813	0.248659	1.26046	0.402862	0.250426	1.31509	0.45084	0.658942	1.40669	0.480868	0.67928	1.35954	0.46161	0.575343	1.3363	0.435193	0.577368	1.39505	0.470569	1.03897	1.37679	0.510831	1.11354	1.30087	0.395435	1.62468	1.37549	0.599092	0.886301	1.53821	0.363577	0.0457576	1.17445	0.409555	0.0167454	1.33196	0.482186	1.46217	1.30673	0.545226	0.945867	1.51684	0.586484	0.921444	1.46484	0.265857	1.30834	1.17854	0.0783025	1.12858	1.24986	0.280167	0.0531788	1.45232	0.0616266	0.981842	1.3205	0.139404	0.893336	1.35307	0.0860138	1.21484	1.31965	0.0986804	1.22103	1.18654	0.105361	1.29711	1.25287	0.197782	0.41089	1.41708	0.197092	0.369448	1.46012	0.211908	0.290361	1.4253	0.215339	0.323021	1.36888	0.160536	0.687624	1.43899	0.176102	0.693136	1.49735	0.193667	0.615047	1.53289	0.181433	0.592864	1.473	0.168941	1.02897	1.35983	0.142586	1.12508	1.21251	0.255791	1.62259	1.38216	0.0387965	0.828979	1.35971	0.297888	0.120325	1.28018	0.216694	0.051425	1.40273	0.182585	1.45713	1.28561	0.0912143	0.890964	1.35022	0.0404579	0.887839	1.30138	0.327838	1.00953	1.23909	0.322237	1.32366	1.38994
225	0.893137	0.33145	1.48163	1.24562	0.326429	1.65148	1.43148	0.398808	1.3064	1.2022	0.575895	1.13866	1.34733	0.319563	0.0323759	1.36133	0.580037	1.01802	1.45277	0.500274	0.890288	1.37026	0.553586	1.2214	1.38912	0.576099	1.21989	1.26851	0.551375	1.30526	1.32906	0.42123	0.32972	1.32984	0.45788	0.349916	1.28792	0.438099	0.248764	1.26107	0.403034	0.250503	1.31593	0.450777	0.658297	1.40999	0.480828	0.67907	1.36306	0.461709	0.575355	1.33898	0.435422	0.576771	1.39786	0.470668	1.03831	1.38196	0.511017	1.11336	1.3087	0.395303	1.62462	1.38181	0.597631	0.888895	1.54941	0.36328	0.0461948	1.17451	0.40957	0.0169396	1.33189	0.482114	1.46204	1.31304	0.544019	0.948319	1.52696	0.585194	0.923042	1.47543	0.266084	1.30821	1.18469	0.078539	1.12845	1.25498	0.279899	0.0526199	1.47339	0.0613949	0.981465	1.32493	0.138942	0.893749	1.35966	0.0858946	1.2145	1.32499	0.099138	1.22106	1.19194	0.105621	1.29695	1.25848	0.197345	0.408527	1.42741	0.19678	0.368378	1.47159	0.212216	0.288421	1.43907	0.215253	0.319516	1.38177	0.160313	0.68835	1.44614	0.17608	0.694096	1.50445	0.193616	0.616178	1.54031	0.181121	0.593746	1.48059	0.168929	1.02891	1.36593	0.142931	1.12504	1.21787	0.255736	1.62237	1.38837	0.0383923	0.828391	1.36339	0.29883	0.114221	1.29928	0.2168	0.0493491	1.42354	0.182697	1.4569	1.29184	0.0901962	0.890593	1.35718	0.0402261	0.887603	1.3054	0.327625	1.00922	1.24513	0.322314	1.32345	1.39618
226	0.897125	0.331622	1.48145	1.25195	0.326325	1.65133	1.43775	0.398955	1.30628	1.20845	0.575994	1.13866	1.35518	0.31976	0.0323616	1.36152	0.579328	1.01935	1.46209	0.500385	0.889695	1.37549	0.55355	1.22165	1.39642	0.576335	1.21953	1.27577	0.551436	1.30516	1.33598	0.421382	0.329657	1.33099	0.457981	0.349942	1.28902	0.438033	0.248844	1.26174	0.403138	0.2505	1.31675	0.450526	0.657789	1.41323	0.480794	0.678676	1.36657	0.461748	0.575317	1.34164	0.435716	0.576147	1.40101	0.470797	1.03734	1.38645	0.511266	1.11307	1.31658	0.395256	1.62442	1.38816	0.596175	0.891475	1.56053	0.362989	0.0466038	1.17458	0.409711	0.0173173	1.33184	0.482063	1.46185	1.31938	0.542848	0.950739	1.53704	0.584007	0.924689	1.48599	0.266364	1.30798	1.19089	0.0787908	1.12828	1.26013	0.279647	0.0522591	1.49447	0.0611592	0.981052	1.32942	0.138756	0.893885	1.36617	0.0858043	1.21411	1.33041	0.0995424	1.22101	1.19741	0.10583	1.29673	1.26416	0.197002	0.406019	1.43784	0.196486	0.367268	1.48308	0.2124	0.286452	1.45291	0.215431	0.315778	1.39484	0.160048	0.688982	1.45323	0.176065	0.694918	1.51146	0.193569	0.61714	1.54762	0.18084	0.594456	1.48805	0.169037	1.02885	1.37209	0.143271	1.12497	1.2233	0.255722	1.62211	1.39452	0.0379442	0.82778	1.36713	0.299921	0.10821	1.31875	0.216898	0.0474246	1.44447	0.182823	1.45664	1.29812	0.0896802	0.890031	1.36202	0.0399885	0.887335	1.30925	0.327241	1.00885	1.25109	0.322351	1.32309	1.40243
227	0.901112	0.331685	1.48121	1.25824	0.326189	1.65113	1.44404	0.399124	1.30615	1.21466	0.576063	1.13855	1.36307	0.319762	0.0322632	1.36157	0.578579	1.02061	1.4714	0.500667	0.889103	1.38065	0.553619	1.22178	1.40366	0.576554	1.21909	1.283	0.551477	1.30499	1.34286	0.421388	0.329548	1.33218	0.457961	0.350002	1.29021	0.437916	0.248988	1.26255	0.403138	0.250439	1.31758	0.450334	0.657144	1.41657	0.480699	0.67836	1.37022	0.461787	0.575229	1.34438	0.435831	0.575484	1.40393	0.470935	1.03657	1.39205	0.511499	1.11268	1.32444	0.395264	1.62414	1.39437	0.594679	0.894056	1.57158	0.362607	0.0470141	1.17464	0.409653	0.017543	1.33187	0.482064	1.46159	1.32575	0.54161	0.953065	1.54704	0.582758	0.926229	1.49638	0.266605	1.30767	1.1971	0.0790231	1.12808	1.26527	0.27934	0.0521696	1.51558	0.060942	0.980563	1.33398	0.138721	0.893715	1.37229	0.0857037	1.21365	1.33588	0.0999922	1.22091	1.20295	0.106044	1.29645	1.27	0.196565	0.403484	1.44826	0.196032	0.366176	1.49448	0.212449	0.284469	1.46677	0.215128	0.312139	1.40783	0.159838	0.689451	1.46024	0.175993	0.695602	1.51839	0.193505	0.617918	1.55482	0.180621	0.595032	1.49535	0.169178	1.02872	1.37826	0.143614	1.12488	1.22877	0.25572	1.62179	1.40066	0.0375341	0.827115	1.3709	0.300739	0.102396	1.33826	0.216957	0.0456638	1.46542	0.182825	1.4563	1.30441	0.0895954	0.889308	1.36515	0.0396747	0.887088	1.31298	0.326797	1.00849	1.25696	0.322421	1.32265	1.40865
228	0.905099	0.331749	1.48091	1.2646	0.326115	1.65081	1.45028	0.399296	1.30595	1.22084	0.576142	1.13842	1.37092	0.319552	0.0321031	1.36141	0.577825	1.0218	1.48065	0.500766	0.888387	1.38583	0.553803	1.22176	1.41088	0.576697	1.21863	1.29024	0.551517	1.30474	1.34971	0.421295	0.32939	1.3334	0.457852	0.350061	1.29149	0.437763	0.249133	1.26342	0.403033	0.250402	1.31851	0.450251	0.656324	1.42002	0.480657	0.678051	1.37384	0.461797	0.57512	1.3473	0.435724	0.574861	1.40669	0.47111	1.03601	1.39841	0.511701	1.11225	1.33221	0.395243	1.62383	1.40054	0.593085	0.896608	1.58263	0.362126	0.0475141	1.17469	0.409452	0.017649	1.33176	0.482099	1.46128	1.33212	0.540294	0.955366	1.55694	0.581987	0.927859	1.50699	0.266771	1.30737	1.20331	0.0791824	1.12782	1.27047	0.27907	0.0523843	1.5367	0.0607525	0.980044	1.33859	0.138633	0.893612	1.37858	0.0856169	1.21313	1.34143	0.10044	1.22075	1.20855	0.106263	1.29607	1.27591	0.195936	0.401015	1.4585	0.196023	0.364898	1.50599	0.212436	0.282566	1.4806	0.214263	0.30868	1.42066	0.159675	0.689741	1.46714	0.175846	0.696121	1.52522	0.193458	0.618596	1.5619	0.180407	0.595436	1.50252	0.169359	1.02843	1.38432	0.143959	1.12467	1.23429	0.255718	1.62142	1.40682	0.0370973	0.826415	1.37472	0.301319	0.0967371	1.35779	0.217045	0.044114	1.48629	0.18281	1.45587	1.3107	0.0891956	0.888647	1.36939	0.0394528	0.886694	1.31703	0.326483	1.00799	1.26288	0.322507	1.32217	1.41491
229	0.909086	0.331812	1.48053	1.271	0.326069	1.65046	1.45652	0.399432	1.30569	1.227	0.576256	1.13827	1.37869	0.319335	0.0320234	1.36131	0.577122	1.02295	1.4898	0.500704	0.887608	1.39103	0.554036	1.22162	1.41806	0.576764	1.21812	1.2975	0.551604	1.3044	1.35651	0.421216	0.329148	1.33469	0.457747	0.350105	1.29287	0.437549	0.24929	1.26426	0.402862	0.250327	1.31942	0.45017	0.655436	1.42366	0.480602	0.677772	1.37757	0.461825	0.574963	1.35024	0.435546	0.574334	1.40952	0.471188	1.03547	1.40471	0.51191	1.11177	1.33994	0.395189	1.62344	1.40685	0.591498	0.899067	1.59352	0.361648	0.0480759	1.17473	0.409238	0.0177718	1.33151	0.482138	1.46089	1.3385	0.538989	0.957658	1.56681	0.581176	0.929436	1.51755	0.266907	1.30708	1.2095	0.0794044	1.1275	1.27584	0.278881	0.0528571	1.55773	0.0605795	0.979464	1.3432	0.13856	0.893466	1.38494	0.0855884	1.21258	1.34703	0.100885	1.22051	1.21422	0.106394	1.29567	1.28182	0.194987	0.398655	1.46857	0.196406	0.363625	1.51755	0.21246	0.280705	1.4944	0.213482	0.305073	1.43367	0.159394	0.689928	1.47388	0.175681	0.696485	1.53196	0.193434	0.619089	1.5689	0.180161	0.595697	1.50956	0.169608	1.02805	1.39056	0.144319	1.12436	1.23986	0.255726	1.62103	1.41308	0.0366266	0.825688	1.3786	0.301834	0.0912263	1.37745	0.217104	0.0427827	1.5072	0.18283	1.45543	1.317	0.0885312	0.887956	1.37482	0.0392538	0.88618	1.32134	0.326173	1.0074	1.26884	0.322576	1.32167	1.42118
230	0.913073	0.331759	1.48007	1.27741	0.325995	1.65011	1.4628	0.399538	1.30535	1.23317	0.576411	1.13802	1.38642	0.31924	0.032	1.36138	0.576369	1.02401	1.49886	0.500678	0.886819	1.39621	0.55422	1.22144	1.42526	0.576915	1.21749	1.3047	0.551745	1.30401	1.3633	0.421198	0.328927	1.33599	0.457669	0.35014	1.29424	0.43744	0.249497	1.26511	0.402689	0.250173	1.32034	0.450066	0.654726	1.42717	0.480577	0.677401	1.38129	0.461765	0.574688	1.35319	0.435329	0.573762	1.41244	0.471185	1.03486	1.41078	0.512108	1.11125	1.34775	0.395158	1.62302	1.41325	0.589905	0.901514	1.60421	0.361165	0.0486182	1.17478	0.409018	0.0178789	1.33137	0.482121	1.46043	1.34487	0.537649	0.959847	1.57664	0.580098	0.930899	1.52793	0.267035	1.30675	1.21572	0.0796755	1.12707	1.28132	0.278735	0.0536038	1.57869	0.060433	0.978776	1.34785	0.138481	0.893141	1.39128	0.0855815	1.21197	1.3527	0.101254	1.2202	1.21996	0.106518	1.29524	1.28773	0.193954	0.396183	1.47883	0.196572	0.362423	1.52903	0.212405	0.278913	1.50822	0.213089	0.30136	1.4468	0.159127	0.689985	1.48057	0.175553	0.696626	1.53861	0.193438	0.619365	1.5758	0.179976	0.595851	1.51653	0.169495	1.0277	1.39689	0.144573	1.12404	1.2454	0.255653	1.62056	1.4195	0.0361714	0.824942	1.38255	0.302288	0.0859157	1.39722	0.217132	0.041723	1.52825	0.182821	1.45498	1.32333	0.0881927	0.887097	1.37969	0.0391692	0.885524	1.32563	0.325752	1.00673	1.27475	0.322584	1.32105	1.42733
231	0.917061	0.331725	1.47959	1.28372	0.325911	1.64965	1.46905	0.399657	1.30494	1.23937	0.576501	1.13771	1.39417	0.319197	0.0319939	1.36148	0.575525	1.02505	1.50798	0.500707	0.885973	1.40134	0.554318	1.22134	1.43248	0.577077	1.21679	1.31186	0.551843	1.30358	1.37009	0.421116	0.328787	1.33727	0.457543	0.350133	1.29563	0.437263	0.24965	1.26601	0.402546	0.249962	1.32127	0.449848	0.654129	1.43054	0.480638	0.676824	1.38508	0.461733	0.574382	1.35616	0.43509	0.57312	1.41539	0.47119	1.03414	1.41661	0.512313	1.11061	1.35559	0.395091	1.62256	1.41959	0.588284	0.903932	1.61482	0.36066	0.0491519	1.17483	0.40878	0.0180118	1.33125	0.482094	1.45992	1.35127	0.536239	0.961883	1.58619	0.578955	0.932045	1.53799	0.267088	1.30636	1.22193	0.0798742	1.12657	1.28677	0.278688	0.0545345	1.59952	0.0602964	0.978008	1.35256	0.13823	0.892721	1.39777	0.0856026	1.2113	1.35842	0.101526	1.21984	1.22573	0.106701	1.29476	1.29372	0.193348	0.393484	1.48913	0.196407	0.361265	1.54036	0.212232	0.277205	1.52203	0.212837	0.297706	1.45995	0.158894	0.689839	1.48722	0.17543	0.696601	1.54521	0.193341	0.619472	1.58258	0.179806	0.595886	1.52335	0.169456	1.0273	1.40324	0.144775	1.12369	1.25097	0.255567	1.62002	1.42577	0.0358137	0.824094	1.38655	0.302567	0.0809337	1.41708	0.217198	0.0409279	1.54942	0.182766	1.45449	1.32968	0.0879035	0.886184	1.38408	0.0391283	0.884862	1.32989	0.325372	1.00601	1.28068	0.322694	1.32034	1.43354
232	0.921048	0.331745	1.47908	1.28999	0.325835	1.64909	1.47529	0.399768	1.30453	1.24555	0.576572	1.13735	1.40194	0.319149	0.0319708	1.36156	0.574787	1.02608	1.51714	0.500761	0.88511	1.40644	0.554395	1.22119	1.4397	0.577227	1.216	1.31902	0.551883	1.30306	1.3769	0.420991	0.328638	1.33865	0.457337	0.350098	1.29709	0.436932	0.249704	1.26696	0.402499	0.249786	1.3221	0.44956	0.653522	1.43387	0.480814	0.676172	1.3891	0.461623	0.574098	1.35924	0.434821	0.572463	1.41838	0.471207	1.03332	1.42226	0.512615	1.10988	1.36331	0.394998	1.62205	1.42583	0.586684	0.906321	1.62547	0.360185	0.0496554	1.17488	0.408536	0.0181292	1.33112	0.482139	1.45939	1.35771	0.534998	0.963903	1.59567	0.577847	0.932838	1.5478	0.267039	1.30587	1.22811	0.079981	1.12605	1.29224	0.278708	0.0557385	1.62026	0.0601832	0.977226	1.35734	0.137965	0.892223	1.40436	0.0856273	1.21059	1.3642	0.101741	1.21943	1.23152	0.106816	1.2942	1.29972	0.192872	0.39073	1.49938	0.196162	0.360124	1.55154	0.212076	0.275596	1.53578	0.212473	0.294133	1.47311	0.15868	0.689504	1.49377	0.175266	0.696466	1.55171	0.193176	0.619405	1.58925	0.179663	0.595718	1.53003	0.169477	1.02681	1.40962	0.145179	1.12323	1.25662	0.255503	1.61941	1.43194	0.0354872	0.823193	1.3906	0.302363	0.0762125	1.43697	0.217337	0.0404213	1.57057	0.182806	1.45391	1.33605	0.0874896	0.885267	1.38842	0.0390768	0.884153	1.3342	0.325075	1.00525	1.2867	0.322828	1.31961	1.43983
233	0.925035	0.331787	1.47853	1.29636	0.325795	1.64853	1.48157	0.399774	1.30407	1.25169	0.576633	1.13692	1.40971	0.319077	0.0319513	1.36164	0.574026	1.02706	1.52617	0.500806	0.884255	1.41154	0.554543	1.22092	1.44688	0.577374	1.2151	1.32621	0.551941	1.30241	1.38374	0.420844	0.328406	1.34011	0.457149	0.350082	1.29854	0.436536	0.249774	1.26793	0.402551	0.249693	1.32278	0.449322	0.652914	1.43735	0.480984	0.67563	1.39295	0.461564	0.573846	1.36244	0.434578	0.571925	1.42141	0.471147	1.03242	1.42799	0.512954	1.10912	1.37088	0.394936	1.62141	1.43211	0.585094	0.908668	1.63603	0.359703	0.0501811	1.17495	0.408281	0.0182348	1.33099	0.482149	1.45876	1.36414	0.533872	0.965861	1.60509	0.576404	0.933938	1.55773	0.266963	1.30532	1.23433	0.0801725	1.12549	1.29784	0.27884	0.0572778	1.64086	0.0600583	0.976449	1.36219	0.137827	0.891616	1.41091	0.0857247	1.20977	1.37003	0.101968	1.21901	1.23736	0.10688	1.29357	1.30573	0.192363	0.388004	1.50955	0.195971	0.359001	1.56254	0.211901	0.274091	1.54944	0.212113	0.290647	1.48621	0.158487	0.68904	1.50014	0.175014	0.696208	1.55811	0.193004	0.619217	1.59578	0.1795	0.595387	1.53659	0.169536	1.02627	1.41607	0.145595	1.12269	1.26229	0.255461	1.6188	1.43816	0.0351007	0.82226	1.39472	0.302087	0.0717094	1.45689	0.21749	0.0402497	1.59172	0.182841	1.45325	1.34247	0.0870765	0.884357	1.39296	0.0389566	0.883396	1.33857	0.324719	1.00443	1.29271	0.322819	1.31879	1.44596
234	0.929022	0.331812	1.47788	1.30277	0.325774	1.64792	1.48787	0.399806	1.30348	1.25784	0.5767	1.13643	1.41745	0.318959	0.0319229	1.36173	0.573277	1.0279	1.53504	0.500824	0.883347	1.41659	0.55473	1.22057	1.45402	0.577465	1.21417	1.33344	0.55199	1.30175	1.39059	0.420805	0.328156	1.34152	0.457058	0.350104	1.29997	0.436253	0.249891	1.26886	0.402498	0.249614	1.32369	0.449087	0.65225	1.441	0.48119	0.67512	1.39669	0.461492	0.573528	1.36576	0.434221	0.571415	1.42458	0.470959	1.03148	1.4338	0.513261	1.10835	1.37835	0.394918	1.62069	1.43851	0.583412	0.910885	1.64643	0.35915	0.0507583	1.17501	0.408034	0.0183418	1.33087	0.482113	1.4581	1.37052	0.532564	0.96775	1.61452	0.575007	0.93518	1.56771	0.266998	1.30476	1.2406	0.0803826	1.12487	1.30351	0.279081	0.0591145	1.66129	0.059901	0.975635	1.36709	0.137771	0.890971	1.41743	0.0858976	1.20894	1.37593	0.102157	1.21852	1.24325	0.106978	1.29288	1.31182	0.192003	0.385243	1.51975	0.195735	0.357989	1.57344	0.211609	0.272709	1.56304	0.211746	0.287356	1.49927	0.158333	0.6885	1.50641	0.174745	0.695779	1.56441	0.192817	0.618917	1.60218	0.179448	0.594922	1.54305	0.169608	1.02565	1.42257	0.145873	1.12215	1.268	0.255473	1.61813	1.44443	0.0346904	0.821333	1.39888	0.302137	0.0675125	1.47682	0.217678	0.0403308	1.61283	0.182823	1.45253	1.3489	0.0867284	0.88332	1.39746	0.0387639	0.882675	1.34302	0.324216	1.00356	1.29867	0.322776	1.31792	1.45215
235	0.93301	0.331801	1.47714	1.30916	0.325761	1.64719	1.49418	0.399963	1.30279	1.26402	0.576691	1.13591	1.42517	0.318875	0.0318894	1.36182	0.572502	1.02872	1.54391	0.500798	0.88242	1.42157	0.554865	1.22021	1.46114	0.577498	1.21317	1.34066	0.552048	1.30107	1.39735	0.420853	0.327896	1.34294	0.45695	0.350072	1.30142	0.436015	0.250018	1.26978	0.40242	0.24951	1.32472	0.448921	0.651416	1.44458	0.481212	0.674514	1.40049	0.461478	0.573104	1.36904	0.433925	0.57083	1.42782	0.470619	1.03052	1.43973	0.513559	1.10755	1.38587	0.394926	1.62001	1.4449	0.5817	0.913015	1.65676	0.358538	0.0513788	1.17509	0.407817	0.0184365	1.33074	0.482075	1.45736	1.3769	0.531153	0.969582	1.62392	0.573734	0.936343	1.5777	0.267022	1.30412	1.24686	0.0805973	1.12424	1.30925	0.279505	0.0613044	1.68146	0.0597556	0.97477	1.37205	0.13763	0.890256	1.42395	0.0860979	1.20806	1.38187	0.102329	1.21796	1.24919	0.107021	1.29215	1.31794	0.191922	0.382529	1.53002	0.195388	0.357095	1.58424	0.211258	0.271523	1.57645	0.211335	0.284217	1.51231	0.15819	0.687826	1.51257	0.174479	0.695166	1.57061	0.192641	0.618349	1.60848	0.179435	0.594271	1.54937	0.16964	1.02493	1.42916	0.146087	1.12158	1.27373	0.255487	1.61741	1.45074	0.0343571	0.820332	1.40308	0.30215	0.0636229	1.49678	0.217972	0.0405921	1.63382	0.182834	1.45183	1.35531	0.0864634	0.882244	1.40207	0.0385403	0.881949	1.34751	0.323749	1.00268	1.3047	0.32276	1.317	1.45842
236	0.936997	0.331811	1.47639	1.31556	0.325726	1.64645	1.50047	0.400057	1.30211	1.27011	0.576684	1.13533	1.43286	0.318816	0.0318693	1.36191	0.571771	1.02946	1.55277	0.500815	0.881518	1.42651	0.554916	1.2198	1.46828	0.577565	1.21214	1.34785	0.552067	1.3003	1.40402	0.420803	0.327614	1.34443	0.456742	0.350019	1.30295	0.435793	0.250184	1.27079	0.402329	0.249355	1.32579	0.448761	0.65067	1.44828	0.481162	0.673893	1.40432	0.461389	0.57261	1.37238	0.433622	0.570202	1.43111	0.470315	1.02956	1.4455	0.513748	1.10662	1.39357	0.394851	1.61925	1.4512	0.58001	0.915055	1.66699	0.357964	0.0520668	1.17518	0.407612	0.0185382	1.33059	0.482035	1.45655	1.38332	0.529804	0.971384	1.63328	0.572558	0.937509	1.58756	0.266987	1.30348	1.25311	0.0808259	1.12351	1.31497	0.280072	0.0637875	1.70138	0.059696	0.973815	1.3771	0.137364	0.88943	1.43052	0.0862776	1.20714	1.38784	0.102488	1.21733	1.25516	0.10706	1.29143	1.3241	0.191699	0.379983	1.54009	0.194975	0.356274	1.59499	0.210875	0.270477	1.5897	0.210883	0.281253	1.52527	0.158071	0.686961	1.51863	0.174227	0.694339	1.57671	0.192405	0.617557	1.61465	0.17938	0.593388	1.55553	0.16964	1.02415	1.43585	0.146303	1.121	1.27939	0.255422	1.61662	1.45703	0.0340563	0.819297	1.40734	0.301867	0.0600273	1.51682	0.218389	0.0411479	1.65479	0.182849	1.4511	1.3617	0.0862262	0.881138	1.40676	0.0383881	0.8812	1.35208	0.323444	1.00171	1.31093	0.322841	1.31607	1.46474
237	0.940984	0.33187	1.47569	1.32198	0.325618	1.64569	1.50678	0.399966	1.30141	1.27616	0.576716	1.13468	1.44061	0.318749	0.0318532	1.362	0.571148	1.0302	1.56139	0.500944	0.880661	1.43141	0.554885	1.2193	1.47544	0.577694	1.21103	1.35503	0.552032	1.29948	1.41066	0.420767	0.327319	1.34596	0.456541	0.349989	1.3045	0.435562	0.250412	1.27188	0.402239	0.249201	1.32694	0.448567	0.650022	1.45213	0.480985	0.673271	1.40823	0.461326	0.572098	1.37576	0.433302	0.569521	1.43442	0.470509	1.02853	1.45069	0.513732	1.10561	1.40156	0.394741	1.6184	1.45748	0.578374	0.917116	1.67703	0.357463	0.0527937	1.17526	0.407406	0.0186518	1.33045	0.482012	1.45569	1.38976	0.528386	0.973031	1.64235	0.57134	0.938616	1.59735	0.266868	1.30283	1.25934	0.0809421	1.1227	1.32067	0.280607	0.0665105	1.72108	0.0596849	0.972787	1.38221	0.137179	0.888521	1.43709	0.0864814	1.20618	1.39384	0.102568	1.21666	1.26116	0.107186	1.29067	1.33025	0.191396	0.377561	1.54996	0.194596	0.355482	1.60558	0.210394	0.269581	1.60284	0.21052	0.278403	1.53815	0.157982	0.685937	1.52455	0.173954	0.693377	1.58265	0.192108	0.616623	1.62068	0.179322	0.592361	1.5615	0.169483	1.02334	1.4424	0.146639	1.12041	1.28502	0.255268	1.61581	1.46331	0.0337313	0.818211	1.41169	0.301192	0.0568327	1.53656	0.218679	0.0422623	1.67572	0.182814	1.45029	1.36806	0.0860733	0.879946	1.41147	0.0382753	0.880352	1.35673	0.323079	1.00068	1.31706	0.322973	1.31509	1.4711
238	0.944971	0.331819	1.47492	1.32831	0.325507	1.6449	1.51312	0.399906	1.30064	1.28228	0.576746	1.13399	1.44842	0.318705	0.0318351	1.36209	0.570624	1.03088	1.56981	0.501117	0.879873	1.43628	0.554933	1.21874	1.48258	0.577878	1.20992	1.36219	0.552035	1.2986	1.41731	0.420838	0.327061	1.34749	0.456417	0.350016	1.30603	0.435377	0.250669	1.2729	0.402185	0.249081	1.32811	0.448501	0.64919	1.45588	0.481059	0.672587	1.41207	0.461239	0.571562	1.37926	0.433104	0.56885	1.43771	0.471508	1.02748	1.45511	0.51348	1.10454	1.40986	0.394695	1.61762	1.46388	0.576744	0.919066	1.68706	0.356981	0.0535395	1.17535	0.407186	0.0187668	1.33031	0.481999	1.45476	1.39616	0.526957	0.974621	1.65136	0.570118	0.93963	1.60711	0.26672	1.30211	1.26556	0.0810589	1.12188	1.32642	0.281233	0.0693747	1.74049	0.0595887	0.971773	1.38735	0.137113	0.887513	1.44356	0.0867237	1.20517	1.39989	0.102607	1.21591	1.26717	0.107272	1.28977	1.33639	0.191055	0.37528	1.55974	0.194196	0.35478	1.61598	0.209825	0.268882	1.6158	0.210108	0.275715	1.5509	0.157875	0.684715	1.53032	0.173627	0.692224	1.5885	0.191787	0.615497	1.62656	0.179229	0.591209	1.56731	0.169627	1.02245	1.44893	0.146985	1.11969	1.29084	0.255173	1.61497	1.46965	0.0334072	0.817083	1.41614	0.300367	0.0539109	1.55599	0.218999	0.0436574	1.69649	0.18278	1.44945	1.37443	0.0858008	0.878802	1.41622	0.0381071	0.879442	1.36148	0.322606	0.999615	1.32309	0.322986	1.31401	1.47731
239	0.948958	0.331761	1.47405	1.33456	0.325421	1.64406	1.51946	0.399973	1.29984	1.2884	0.576732	1.13325	1.4562	0.318673	0.0318152	1.36218	0.569861	1.03146	1.57843	0.501256	0.879038	1.44116	0.55502	1.21813	1.48967	0.577996	1.20881	1.36933	0.552056	1.29765	1.424	0.420912	0.326827	1.34908	0.456252	0.350045	1.30766	0.435152	0.250929	1.27397	0.402089	0.248977	1.32932	0.448526	0.648211	1.45967	0.48124	0.671871	1.41599	0.461195	0.571021	1.3828	0.432895	0.568102	1.44112	0.472099	1.02644	1.46008	0.51347	1.10347	1.41773	0.394653	1.61678	1.47031	0.57506	0.920919	1.69695	0.356534	0.0542548	1.17546	0.406948	0.0188725	1.33016	0.482042	1.45382	1.40252	0.52552	0.976162	1.66034	0.568854	0.940617	1.61675	0.26667	1.30131	1.27177	0.0812795	1.12101	1.33223	0.28192	0.0725336	1.75956	0.059439	0.97076	1.39255	0.137035	0.886479	1.45004	0.0870145	1.20417	1.40597	0.102655	1.21511	1.27326	0.107293	1.28881	1.34257	0.190681	0.373055	1.56946	0.19371	0.354212	1.62627	0.209223	0.268327	1.62858	0.209748	0.273208	1.5635	0.157739	0.68344	1.53602	0.173262	0.690951	1.59432	0.191376	0.614123	1.63233	0.179102	0.589964	1.57302	0.170026	1.02142	1.45545	0.147216	1.11889	1.29676	0.2551	1.61408	1.47598	0.0331294	0.815909	1.42065	0.299587	0.0513435	1.5754	0.219341	0.0452197	1.71696	0.182765	1.44857	1.38085	0.0854554	0.877685	1.42105	0.0378865	0.878517	1.36627	0.322138	0.998515	1.32919	0.323015	1.3129	1.48355
240	0.952946	0.331761	1.47312	1.34088	0.325319	1.64316	1.52577	0.399994	1.29897	1.29453	0.5767	1.13246	1.46392	0.318624	0.0317987	1.36225	0.569009	1.03195	1.587	0.501328	0.878104	1.44608	0.554993	1.21748	1.49675	0.57799	1.20759	1.37652	0.552049	1.29665	1.43076	0.420871	0.32653	1.35082	0.456044	0.350052	1.30938	0.43489	0.251115	1.27519	0.402066	0.248925	1.33059	0.448595	0.64724	1.46362	0.481366	0.671251	1.4201	0.461256	0.570486	1.38632	0.432787	0.567299	1.44459	0.472104	1.02538	1.46547	0.513573	1.10236	1.42532	0.394561	1.61583	1.47666	0.57337	0.922687	1.70679	0.356084	0.0550032	1.1756	0.406693	0.0189686	1.33	0.482023	1.45287	1.40889	0.524088	0.977564	1.66929	0.567687	0.941533	1.62615	0.266617	1.30047	1.27805	0.0814813	1.12003	1.33808	0.282575	0.0759733	1.77825	0.0593129	0.969701	1.3978	0.137023	0.885366	1.45653	0.0872717	1.20307	1.41205	0.102711	1.21428	1.27937	0.107337	1.28783	1.34879	0.190304	0.370949	1.57917	0.193204	0.353684	1.63646	0.208592	0.267867	1.64122	0.209504	0.270896	1.57598	0.157544	0.682097	1.54173	0.172902	0.689487	1.60008	0.19098	0.612609	1.63792	0.178853	0.588611	1.57867	0.170103	1.02037	1.46193	0.147399	1.1181	1.3027	0.255062	1.61314	1.48227	0.0328695	0.81471	1.4252	0.298769	0.0490992	1.59467	0.2197	0.0469977	1.73711	0.182748	1.44768	1.38729	0.0851631	0.876566	1.42599	0.0376712	0.877588	1.37109	0.321686	0.99731	1.33536	0.323043	1.31177	1.48981
241	0.956933	0.33179	1.47216	1.34727	0.325253	1.64216	1.53211	0.399965	1.29801	1.30064	0.576738	1.13163	1.47154	0.31859	0.0317788	1.36232	0.568168	1.03238	1.5955	0.501304	0.87717	1.45094	0.554818	1.21677	1.50388	0.577902	1.20632	1.38375	0.551977	1.29563	1.43756	0.420871	0.326318	1.35261	0.455929	0.350057	1.31113	0.434727	0.251332	1.27644	0.402127	0.248829	1.33189	0.448615	0.646439	1.46752	0.481358	0.670527	1.42426	0.461247	0.569908	1.38989	0.432734	0.566566	1.44813	0.471963	1.0242	1.47096	0.513592	1.10118	1.43293	0.394477	1.6148	1.48297	0.5717	0.924352	1.71647	0.35567	0.0557716	1.17576	0.406477	0.0190485	1.32987	0.48203	1.45189	1.4153	0.522659	0.978896	1.67821	0.566681	0.942282	1.63526	0.266484	1.29954	1.28433	0.0816077	1.11901	1.34395	0.283268	0.0795085	1.79649	0.0591887	0.968598	1.4031	0.137205	0.884127	1.46291	0.087514	1.20194	1.41816	0.10276	1.21341	1.28549	0.107356	1.28689	1.355	0.189874	0.368851	1.58886	0.19277	0.353135	1.64661	0.207972	0.267494	1.65374	0.209215	0.268736	1.58839	0.157252	0.680734	1.54746	0.172484	0.687913	1.60579	0.190721	0.61092	1.64327	0.1785	0.587089	1.58423	0.169948	1.0194	1.46845	0.147502	1.11725	1.30874	0.255025	1.61214	1.48857	0.032646	0.813517	1.42981	0.297958	0.0472406	1.61387	0.220076	0.0490508	1.75699	0.182776	1.44673	1.39373	0.084927	0.875366	1.43097	0.0375188	0.876657	1.37601	0.321227	0.995988	1.34153	0.323078	1.31063	1.4961
242	0.96092	0.331827	1.47119	1.35368	0.325184	1.64112	1.53852	0.399869	1.29703	1.30674	0.576765	1.13081	1.47911	0.318563	0.0317514	1.3624	0.567274	1.03277	1.60408	0.501296	0.876304	1.45576	0.554745	1.21605	1.51096	0.577911	1.20501	1.39091	0.551892	1.29463	1.44436	0.420982	0.326172	1.35445	0.45584	0.350106	1.31299	0.4347	0.251605	1.2776	0.402191	0.248672	1.33322	0.448606	0.645703	1.47141	0.481632	0.669738	1.42831	0.461303	0.56935	1.39346	0.432729	0.565826	1.45174	0.472009	1.02301	1.4763	0.513661	1.10004	1.44055	0.394455	1.61377	1.48932	0.570101	0.92591	1.72607	0.355258	0.0566082	1.17592	0.406279	0.0190967	1.32975	0.482041	1.45081	1.42169	0.521205	0.980171	1.68698	0.565495	0.943011	1.64451	0.266455	1.29864	1.29063	0.0816654	1.11807	1.34985	0.283998	0.0831989	1.81428	0.0590977	0.967485	1.40847	0.137606	0.882727	1.46912	0.0876682	1.20077	1.42428	0.102748	1.21252	1.29166	0.107346	1.2859	1.36124	0.189464	0.366761	1.59853	0.192407	0.352602	1.6567	0.207345	0.267209	1.6661	0.208763	0.266757	1.6008	0.156907	0.679236	1.55311	0.172	0.686304	1.61146	0.190328	0.609102	1.64868	0.178004	0.585425	1.58966	0.170109	1.01833	1.47508	0.147525	1.11628	1.31482	0.254924	1.61111	1.49491	0.032403	0.812272	1.43454	0.297009	0.0457037	1.63273	0.22053	0.0513383	1.77642	0.182829	1.44569	1.40017	0.0847886	0.874061	1.43598	0.037358	0.875665	1.38104	0.320723	0.994659	1.3477	0.323137	1.30944	1.50237
243	0.964907	0.331835	1.47015	1.36004	0.325084	1.64011	1.54489	0.399771	1.296	1.31286	0.576738	1.12998	1.48669	0.318541	0.0317277	1.36249	0.56643	1.03304	1.61256	0.501315	0.875502	1.46057	0.554743	1.21535	1.51802	0.577991	1.2037	1.39803	0.551851	1.29365	1.45109	0.421059	0.325934	1.35634	0.455725	0.350218	1.31493	0.434671	0.251955	1.27885	0.402181	0.248531	1.33466	0.448764	0.644894	1.47542	0.481822	0.668938	1.43236	0.461316	0.568734	1.39712	0.432829	0.564992	1.45538	0.472278	1.02181	1.48132	0.513749	1.0989	1.44818	0.394394	1.61279	1.49575	0.568441	0.927419	1.73551	0.354889	0.0574497	1.17608	0.406036	0.019044	1.32961	0.482029	1.44973	1.42804	0.519773	0.981356	1.69563	0.564228	0.943697	1.65376	0.26642	1.2977	1.297	0.0817155	1.11707	1.35574	0.284624	0.0870397	1.83172	0.059009	0.966372	1.41388	0.137707	0.881354	1.47555	0.0877361	1.19963	1.43044	0.102695	1.21159	1.29784	0.107388	1.28486	1.36754	0.189068	0.364738	1.60816	0.192088	0.352087	1.66666	0.206731	0.266971	1.67836	0.208242	0.264922	1.61316	0.156527	0.677587	1.5587	0.171525	0.684601	1.61707	0.189753	0.607182	1.65412	0.177394	0.58371	1.59503	0.170082	1.01724	1.48166	0.147744	1.11539	1.3207	0.254782	1.61008	1.50128	0.0321072	0.811017	1.43934	0.296007	0.0444406	1.65106	0.220981	0.0538029	1.79537	0.182836	1.44464	1.40659	0.0846185	0.872757	1.44102	0.0371251	0.874692	1.38612	0.320268	0.993374	1.35386	0.323192	1.30824	1.50864
244	0.968895	0.331833	1.46917	1.3664	0.324944	1.63908	1.55122	0.399727	1.29492	1.31903	0.576559	1.12911	1.49434	0.318525	0.031705	1.36256	0.565647	1.03331	1.62086	0.501365	0.874727	1.46542	0.554648	1.21461	1.52516	0.578072	1.20243	1.40514	0.551796	1.29263	1.45778	0.421128	0.325584	1.35835	0.455615	0.350313	1.31697	0.434517	0.252339	1.28032	0.402197	0.248437	1.3361	0.449049	0.644018	1.47947	0.482021	0.668197	1.43639	0.461342	0.568171	1.40081	0.432904	0.564202	1.45909	0.472612	1.02067	1.48637	0.513748	1.09773	1.45584	0.394275	1.61178	1.50217	0.566789	0.928913	1.74482	0.354585	0.058347	1.17628	0.405767	0.018911	1.32942	0.48202	1.44859	1.43432	0.518334	0.982466	1.70422	0.562895	0.944343	1.6629	0.266282	1.29673	1.30329	0.0818228	1.11601	1.36167	0.285186	0.0909162	1.84869	0.058865	0.965213	1.41928	0.137758	0.879935	1.48208	0.087868	1.19841	1.43661	0.102631	1.21064	1.30401	0.107465	1.28378	1.37383	0.188568	0.36279	1.61781	0.191701	0.351628	1.67664	0.20617	0.26685	1.69046	0.207578	0.262997	1.62526	0.156061	0.675927	1.56433	0.171032	0.682757	1.62264	0.188939	0.605208	1.6596	0.176688	0.581969	1.60041	0.169741	1.01613	1.48821	0.148039	1.11445	1.32665	0.254683	1.60906	1.50764	0.0318473	0.809787	1.44425	0.294927	0.0434287	1.66896	0.221369	0.0564928	1.81383	0.18273	1.44357	1.41299	0.0843379	0.871451	1.44615	0.0368917	0.8737	1.39127	0.319813	0.992071	1.3601	0.323218	1.30702	1.51495
245	0.972882	0.331717	1.46809	1.37274	0.324842	1.63803	1.55759	0.39969	1.29383	1.3252	0.57628	1.12822	1.50195	0.318518	0.0316927	1.36263	0.564838	1.0336	1.62904	0.501393	0.873885	1.47023	0.554446	1.21385	1.53236	0.578099	1.20114	1.41231	0.551659	1.29154	1.46443	0.42124	0.325287	1.36036	0.455484	0.350385	1.31909	0.434334	0.252725	1.2818	0.402286	0.248323	1.3376	0.449343	0.643168	1.48359	0.482284	0.667466	1.44048	0.461403	0.567643	1.40449	0.433069	0.563451	1.46281	0.47309	1.01956	1.49162	0.513675	1.09659	1.46351	0.394137	1.61066	1.50852	0.565208	0.930298	1.75405	0.354342	0.0592866	1.1765	0.405605	0.0189089	1.32929	0.482017	1.4475	1.4406	0.516894	0.983535	1.71276	0.561615	0.944954	1.67186	0.26607	1.2957	1.30954	0.0819712	1.11496	1.36771	0.285727	0.0949104	1.86517	0.0587063	0.964029	1.42477	0.137788	0.87853	1.48862	0.088032	1.19718	1.44281	0.102591	1.20967	1.31016	0.107432	1.2827	1.38011	0.187977	0.361002	1.62752	0.191236	0.351253	1.68661	0.205634	0.266776	1.70249	0.206948	0.261243	1.63734	0.155478	0.674245	1.56998	0.170493	0.680847	1.62824	0.18798	0.603242	1.66515	0.175836	0.580179	1.60584	0.169723	1.01492	1.49492	0.148137	1.11338	1.33278	0.254672	1.60797	1.51406	0.0316078	0.808543	1.44923	0.2939	0.0427909	1.68667	0.221696	0.0594456	1.83186	0.1826	1.44252	1.41939	0.0840741	0.870154	1.45144	0.036714	0.872665	1.39649	0.319272	0.990717	1.36635	0.323222	1.30576	1.52126
246	0.976869	0.331556	1.46695	1.37908	0.324788	1.63692	1.564	0.399588	1.29277	1.33134	0.576037	1.1273	1.50954	0.318521	0.031686	1.3627	0.564001	1.03377	1.63728	0.501315	0.872975	1.475	0.554265	1.21313	1.53946	0.577999	1.19979	1.41951	0.551453	1.29039	1.47111	0.421296	0.32493	1.3625	0.455442	0.350458	1.32137	0.434273	0.253116	1.28332	0.402369	0.248144	1.33921	0.449659	0.642295	1.48772	0.48244	0.666828	1.44459	0.461465	0.567207	1.4082	0.433302	0.562648	1.46654	0.473157	1.0184	1.49719	0.513711	1.09547	1.47107	0.394038	1.60947	1.51491	0.563532	0.931496	1.76318	0.354072	0.0603459	1.17676	0.405514	0.0189681	1.3292	0.482046	1.44641	1.44697	0.515574	0.984519	1.7212	0.560376	0.945547	1.68078	0.265928	1.29462	1.31587	0.0820263	1.11394	1.37376	0.286296	0.0988586	1.88118	0.0585532	0.962818	1.43036	0.137764	0.877073	1.49518	0.0881722	1.19597	1.44902	0.102608	1.20862	1.31635	0.107385	1.28156	1.3864	0.187442	0.35933	1.63725	0.190799	0.350915	1.6965	0.205099	0.266798	1.71441	0.206237	0.259701	1.64944	0.154815	0.672473	1.5756	0.169856	0.678934	1.63387	0.18702	0.601315	1.67075	0.174931	0.578336	1.61132	0.169991	1.01366	1.50176	0.148023	1.1122	1.33906	0.254687	1.60681	1.5205	0.031365	0.807243	1.45426	0.292846	0.0423787	1.70391	0.221963	0.0624211	1.84949	0.182526	1.44144	1.42584	0.0838363	0.86886	1.45672	0.036542	0.871579	1.40174	0.318712	0.989295	1.37257	0.323256	1.30452	1.52757
247	0.980856	0.33144	1.46581	1.38544	0.324697	1.63575	1.57037	0.399361	1.29165	1.33748	0.57599	1.12637	1.51723	0.318489	0.0316689	1.36277	0.563115	1.03383	1.6455	0.501269	0.872071	1.47981	0.553924	1.21253	1.54651	0.57797	1.19843	1.42667	0.551283	1.28924	1.47782	0.421319	0.32465	1.36474	0.455498	0.350556	1.32368	0.43418	0.253482	1.28491	0.40239	0.247949	1.34086	0.450008	0.641315	1.4918	0.482625	0.666234	1.4487	0.461626	0.566803	1.41193	0.433613	0.561853	1.47033	0.472944	1.01728	1.50279	0.513753	1.0943	1.47861	0.393981	1.60834	1.52137	0.561814	0.932603	1.77222	0.353888	0.0614777	1.17704	0.405451	0.0190182	1.32911	0.481986	1.44521	1.45334	0.514267	0.985393	1.72952	0.559174	0.946095	1.68967	0.265912	1.29352	1.32228	0.0819911	1.11288	1.37976	0.286968	0.102714	1.8967	0.0584395	0.96161	1.43599	0.137838	0.875512	1.50178	0.0882443	1.19473	1.4552	0.102605	1.20751	1.3226	0.107428	1.2804	1.3927	0.186925	0.35772	1.64704	0.190445	0.350595	1.70642	0.204598	0.266889	1.72615	0.2055	0.258296	1.66157	0.15413	0.670696	1.58125	0.169139	0.677081	1.63956	0.185924	0.599487	1.6765	0.173997	0.576501	1.61684	0.169946	1.0124	1.50855	0.14809	1.11102	1.34525	0.254634	1.60569	1.52692	0.0311244	0.805954	1.45937	0.291951	0.0421684	1.72093	0.222311	0.0653177	1.86663	0.182466	1.44036	1.4323	0.0836441	0.867592	1.46206	0.0364181	0.870433	1.40706	0.318232	0.987875	1.3789	0.323237	1.30325	1.53391
248	0.984843	0.331467	1.46477	1.39185	0.324584	1.63463	1.57675	0.399069	1.29053	1.34367	0.575842	1.12547	1.52488	0.318431	0.0316411	1.36285	0.56217	1.03392	1.65372	0.501154	0.871183	1.48463	0.55325	1.21193	1.55358	0.577999	1.19718	1.43383	0.551126	1.2881	1.48455	0.421416	0.324399	1.36705	0.455442	0.350617	1.32609	0.433956	0.253792	1.28655	0.402423	0.247859	1.34256	0.450374	0.640402	1.49604	0.482792	0.665612	1.45291	0.461715	0.566392	1.41576	0.434001	0.561123	1.47416	0.472766	1.01615	1.50839	0.51366	1.09309	1.48619	0.393887	1.60723	1.52777	0.560203	0.933658	1.78114	0.353833	0.062638	1.17733	0.405439	0.0190657	1.32904	0.481879	1.44403	1.45964	0.512989	0.986111	1.73777	0.557939	0.946504	1.69846	0.265869	1.29245	1.32864	0.0819904	1.11176	1.38574	0.287413	0.106494	1.91177	0.0582758	0.960363	1.44166	0.137858	0.873942	1.50843	0.0882395	1.19349	1.46138	0.102582	1.20641	1.32886	0.107428	1.27926	1.39899	0.186323	0.356185	1.65683	0.190157	0.350388	1.7163	0.203993	0.2671	1.73772	0.204801	0.257099	1.6737	0.153365	0.669024	1.58697	0.168378	0.675277	1.64533	0.184847	0.597608	1.6822	0.17298	0.57464	1.62241	0.169696	1.01114	1.51532	0.148184	1.10985	1.35134	0.254516	1.60451	1.5333	0.0308932	0.804706	1.46452	0.291087	0.0421743	1.73745	0.222402	0.0684842	1.88317	0.182339	1.43922	1.43875	0.0834046	0.8663	1.46754	0.0362366	0.869265	1.41248	0.317723	0.986495	1.38522	0.323206	1.302	1.54023
249	0.988831	0.331495	1.46362	1.3982	0.324571	1.6335	1.58319	0.398893	1.28947	1.34985	0.575556	1.12461	1.53249	0.318426	0.0316183	1.36292	0.561187	1.03396	1.66186	0.500999	0.870307	1.48942	0.552577	1.21121	1.56058	0.578014	1.19595	1.44104	0.550972	1.28699	1.49131	0.421563	0.324156	1.36942	0.455426	0.350701	1.32863	0.433834	0.254169	1.28826	0.402542	0.247829	1.34428	0.4508	0.63958	1.50037	0.4829	0.665035	1.45727	0.461864	0.566004	1.41963	0.434449	0.560328	1.47807	0.47271	1.01498	1.51389	0.513466	1.09193	1.49374	0.393798	1.60616	1.53411	0.558619	0.934594	1.78993	0.353757	0.0638457	1.17765	0.405548	0.0191563	1.32898	0.481798	1.44291	1.46595	0.511642	0.986787	1.74593	0.556694	0.946868	1.70713	0.265608	1.2913	1.335	0.082034	1.11061	1.39181	0.287622	0.110267	1.92643	0.0581218	0.959139	1.44736	0.137821	0.872334	1.51507	0.0882511	1.19224	1.46762	0.102522	1.20533	1.33512	0.10738	1.27807	1.40526	0.18568	0.354749	1.66655	0.189749	0.350347	1.726	0.203231	0.267519	1.74905	0.203986	0.256113	1.68549	0.152533	0.667415	1.59274	0.167583	0.673535	1.65118	0.183848	0.595755	1.68791	0.171895	0.572885	1.62805	0.169814	1.00979	1.52222	0.148244	1.10868	1.35745	0.254446	1.60334	1.53964	0.030655	0.8034	1.46978	0.290234	0.0423864	1.75339	0.22236	0.0717567	1.89898	0.182189	1.43808	1.44519	0.0831543	0.864995	1.47308	0.0359858	0.868162	1.41795	0.317142	0.985101	1.39154	0.323167	1.3007	1.54657
250	0.992818	0.331384	1.46238	1.40447	0.324582	1.63233	1.58967	0.39878	1.28838	1.35604	0.575231	1.12376	1.54005	0.318431	0.0316078	1.36297	0.560249	1.03385	1.66985	0.500896	0.869455	1.49428	0.552175	1.21024	1.56759	0.577898	1.19465	1.44829	0.55081	1.28593	1.49813	0.421838	0.323897	1.37189	0.455497	0.350826	1.33126	0.433689	0.254617	1.28997	0.402655	0.24779	1.34612	0.451305	0.638737	1.50473	0.482916	0.664504	1.46165	0.462101	0.56567	1.42355	0.434993	0.559551	1.48206	0.472813	1.01374	1.51932	0.513286	1.09083	1.5012	0.393826	1.60502	1.54057	0.557025	0.935467	1.79858	0.353632	0.0651471	1.17799	0.405686	0.0192372	1.32894	0.481736	1.44179	1.47233	0.510374	0.987391	1.75405	0.555479	0.947141	1.71566	0.265373	1.29017	1.34136	0.0820954	1.10942	1.39799	0.287782	0.113971	1.94066	0.0579997	0.957912	1.45314	0.137843	0.870629	1.52173	0.0882891	1.191	1.47389	0.102481	1.20425	1.34132	0.107355	1.27687	1.41156	0.185085	0.353467	1.6762	0.188985	0.350415	1.73551	0.202719	0.267987	1.76025	0.203105	0.255303	1.69705	0.151635	0.665883	1.5986	0.166815	0.671876	1.65706	0.182853	0.59398	1.6937	0.170787	0.571262	1.63382	0.169921	1.00848	1.52918	0.148388	1.10749	1.36368	0.254355	1.60221	1.54602	0.0304116	0.802088	1.47511	0.289362	0.0427989	1.76876	0.222444	0.0749171	1.91419	0.182083	1.43694	1.45159	0.0829472	0.863765	1.47865	0.0358562	0.867059	1.42348	0.316583	0.983678	1.39787	0.323197	1.29937	1.55291
251	0.996805	0.331143	1.46114	1.41073	0.324484	1.6311	1.59607	0.398677	1.28721	1.36226	0.574963	1.12291	1.54753	0.31845	0.0316005	1.36304	0.559335	1.03372	1.67775	0.500772	0.868637	1.49918	0.552095	1.20909	1.57467	0.577925	1.19338	1.45547	0.550639	1.28486	1.50495	0.422343	0.323472	1.37453	0.455589	0.350944	1.33398	0.433608	0.255198	1.2919	0.402721	0.247751	1.34806	0.45186	0.637871	1.50909	0.483007	0.663966	1.46603	0.462467	0.565421	1.42756	0.435523	0.558785	1.48619	0.472913	1.01252	1.52469	0.513148	1.08976	1.50856	0.393986	1.6039	1.54723	0.555465	0.93622	1.80709	0.353569	0.0666627	1.17838	0.405598	0.0192476	1.32889	0.481702	1.44063	1.47874	0.509068	0.98788	1.76211	0.554178	0.947236	1.72415	0.265183	1.28901	1.34771	0.0821394	1.10818	1.40419	0.287817	0.117506	1.95451	0.0578506	0.956658	1.45894	0.137835	0.868945	1.52846	0.0882866	1.18973	1.48016	0.102429	1.20314	1.34751	0.107305	1.27571	1.41792	0.184565	0.352359	1.68573	0.188469	0.350482	1.74499	0.202385	0.268437	1.77137	0.202283	0.254511	1.70836	0.150832	0.664468	1.60459	0.166036	0.670327	1.66304	0.18192	0.592368	1.69961	0.169725	0.569824	1.6397	0.169874	1.0072	1.53617	0.148504	1.10636	1.36992	0.254249	1.60107	1.55243	0.0301485	0.800826	1.48052	0.288679	0.0433128	1.78365	0.222666	0.0779052	1.92885	0.18194	1.43576	1.458	0.0828004	0.862519	1.48428	0.0357335	0.86588	1.42908	0.316045	0.982239	1.40426	0.323255	1.29805	1.55927
252	1.00079	0.330883	1.45993	1.41709	0.324295	1.62997	1.60244	0.398442	1.28601	1.36851	0.574691	1.12203	1.55499	0.318465	0.0315816	1.3631	0.558409	1.03361	1.68562	0.500666	0.867852	1.50409	0.551921	1.20815	1.58168	0.577962	1.19216	1.46261	0.550535	1.28382	1.5116	0.42251	0.323118	1.3772	0.45564	0.351041	1.33671	0.433632	0.255792	1.29387	0.402838	0.247772	1.35002	0.452393	0.636939	1.51346	0.483332	0.663423	1.47041	0.462864	0.565127	1.43157	0.43611	0.558103	1.49038	0.472925	1.01132	1.53018	0.513032	1.08866	1.51588	0.393894	1.6027	1.55373	0.553906	0.936891	1.81546	0.353521	0.0684621	1.17881	0.405268	0.0191834	1.32883	0.481604	1.43945	1.48507	0.507692	0.988194	1.76998	0.552926	0.947293	1.73248	0.265059	1.28784	1.35415	0.0821313	1.10696	1.41036	0.287819	0.120859	1.96787	0.0576418	0.955427	1.46476	0.137696	0.867347	1.53518	0.08825	1.18852	1.4864	0.102439	1.20198	1.35377	0.107233	1.27451	1.42423	0.184096	0.351322	1.69502	0.18819	0.350511	1.7543	0.201989	0.269011	1.78227	0.201609	0.253784	1.71938	0.150131	0.66316	1.61074	0.165342	0.668987	1.66921	0.181052	0.590875	1.70571	0.168751	0.568465	1.64578	0.169808	1.00592	1.54326	0.148444	1.10522	1.37619	0.254101	1.59988	1.55883	0.0298956	0.799571	1.48607	0.28818	0.0440157	1.79814	0.223008	0.0807039	1.9431	0.181749	1.43463	1.46446	0.0826092	0.861211	1.48996	0.0355358	0.864671	1.43474	0.315487	0.98084	1.41072	0.323251	1.29678	1.56566
253	1.00478	0.330717	1.45874	1.42353	0.324111	1.62892	1.60889	0.39816	1.28482	1.37476	0.574371	1.12112	1.56244	0.318482	0.0315667	1.36316	0.557235	1.03349	1.69356	0.500595	0.867113	1.50908	0.551568	1.20732	1.58872	0.577869	1.19097	1.46976	0.550361	1.28276	1.51826	0.42246	0.322827	1.37979	0.455656	0.351169	1.33956	0.433656	0.256289	1.29589	0.403012	0.247816	1.35201	0.452868	0.636058	1.51802	0.483605	0.662949	1.47482	0.462985	0.564834	1.43567	0.436677	0.557446	1.49464	0.472833	1.01009	1.5357	0.512878	1.08753	1.52326	0.393634	1.60149	1.56007	0.552363	0.937447	1.82368	0.35383	0.070158	1.17919	0.405096	0.0191813	1.32878	0.48145	1.43827	1.49136	0.506419	0.988441	1.77774	0.551742	0.947414	1.74068	0.264901	1.28664	1.3606	0.0820949	1.10573	1.41647	0.287767	0.124053	1.98067	0.0574742	0.954186	1.47063	0.137535	0.865674	1.54191	0.0881896	1.18733	1.49265	0.102422	1.20082	1.36013	0.107199	1.27331	1.43054	0.183526	0.350332	1.70418	0.188074	0.35053	1.76344	0.201638	0.269588	1.79277	0.200966	0.253261	1.73014	0.14948	0.662021	1.61711	0.164819	0.667806	1.67559	0.180359	0.589545	1.71201	0.167837	0.56718	1.65211	0.169737	1.00466	1.55043	0.148394	1.1041	1.38248	0.253909	1.59874	1.56524	0.0297007	0.798323	1.49174	0.287569	0.0446955	1.81206	0.223029	0.0834536	1.95682	0.181581	1.43353	1.47095	0.0823955	0.859897	1.49567	0.0352776	0.863508	1.44051	0.314835	0.97958	1.41715	0.32324	1.29557	1.57205
254	1.00877	0.330717	1.4576	1.42996	0.323971	1.62784	1.61537	0.397956	1.28359	1.38106	0.574043	1.12021	1.56987	0.318499	0.0315533	1.36324	0.555981	1.03333	1.70142	0.500425	0.866388	1.51414	0.551069	1.2065	1.59581	0.577642	1.18984	1.47698	0.550042	1.28172	1.52502	0.422663	0.32265	1.38245	0.4557	0.35139	1.34248	0.433529	0.256742	1.29792	0.403172	0.247844	1.3541	0.453431	0.635217	1.52264	0.483733	0.662433	1.47937	0.462824	0.564485	1.43982	0.437417	0.556644	1.49895	0.47276	1.00883	1.54124	0.5126	1.08641	1.53068	0.39336	1.60028	1.56638	0.550794	0.937911	1.83184	0.354099	0.0717146	1.17968	0.40505	0.0192366	1.32875	0.481329	1.43715	1.49774	0.505114	0.988689	1.78546	0.550604	0.947451	1.74876	0.264705	1.28542	1.36706	0.0821561	1.10448	1.4222	0.287494	0.12711	1.99303	0.0573763	0.953008	1.47663	0.137467	0.864	1.54868	0.0880657	1.18616	1.49896	0.102294	1.19973	1.36663	0.107193	1.27215	1.43686	0.182887	0.349369	1.71315	0.188001	0.350673	1.77244	0.201183	0.270223	1.80321	0.200146	0.252865	1.74068	0.1488	0.661045	1.62373	0.164496	0.666733	1.68213	0.17999	0.588452	1.71847	0.166993	0.566124	1.65868	0.169668	1.00339	1.55759	0.148407	1.10299	1.38879	0.253787	1.59767	1.57167	0.0294939	0.79706	1.49744	0.287159	0.0454443	1.82557	0.222826	0.0860229	1.96998	0.181459	1.43239	1.47742	0.0821784	0.858595	1.50157	0.0350906	0.862386	1.44636	0.314083	0.978387	1.42359	0.323165	1.29434	1.57848
255	1.01275	0.330586	1.45645	1.43638	0.323824	1.62671	1.62176	0.397796	1.28245	1.38738	0.573697	1.11932	1.57729	0.318518	0.0315399	1.36333	0.555246	1.03302	1.70895	0.500173	0.865639	1.51929	0.550717	1.20564	1.60284	0.577508	1.18876	1.48419	0.549626	1.28075	1.53191	0.422776	0.322491	1.38532	0.455793	0.351664	1.34547	0.433505	0.257352	1.30013	0.403299	0.247938	1.35626	0.454097	0.63445	1.52728	0.483784	0.661887	1.48396	0.462478	0.563998	1.44389	0.438303	0.555786	1.50338	0.472807	1.00762	1.54678	0.512331	1.08536	1.53801	0.393101	1.59904	1.57272	0.549294	0.938219	1.8399	0.354234	0.0733521	1.18028	0.405016	0.0192964	1.32873	0.481213	1.43613	1.5042	0.503623	0.988856	1.79319	0.549501	0.947381	1.75675	0.264523	1.28425	1.37355	0.0823171	1.10318	1.42764	0.287256	0.129961	2.00486	0.0571991	0.951826	1.48275	0.137331	0.862412	1.55551	0.0879042	1.18505	1.5053	0.102225	1.19866	1.37309	0.107124	1.27101	1.44319	0.182194	0.348394	1.72183	0.18806	0.350758	1.78127	0.200836	0.270885	1.81324	0.199398	0.252396	1.7509	0.148112	0.660116	1.63056	0.164322	0.665774	1.68882	0.179856	0.587573	1.72516	0.166284	0.565207	1.66549	0.169598	1.00214	1.56473	0.148366	1.10185	1.3951	0.253631	1.59661	1.57813	0.0293065	0.795866	1.50317	0.286751	0.046266	1.83847	0.222545	0.0883024	1.98254	0.181314	1.43129	1.48382	0.0819579	0.857379	1.50758	0.0349573	0.861241	1.45228	0.313426	0.977169	1.43012	0.32309	1.29313	1.58494
256	1.01674	0.330343	1.45543	1.44279	0.323644	1.6256	1.62817	0.397643	1.28138	1.39378	0.573349	1.11847	1.58466	0.318551	0.0315237	1.36341	0.554047	1.03274	1.71665	0.499882	0.864915	1.52458	0.550317	1.20486	1.60988	0.577522	1.18767	1.49138	0.54931	1.27979	1.53883	0.422883	0.322345	1.38827	0.455913	0.351938	1.34857	0.433616	0.258124	1.30243	0.403543	0.248101	1.35847	0.454687	0.633739	1.53187	0.483979	0.661452	1.48853	0.462328	0.563493	1.44805	0.439171	0.555037	1.5079	0.472933	1.00649	1.55232	0.512167	1.08437	1.5452	0.392867	1.5979	1.57909	0.547874	0.938428	1.84782	0.354481	0.0751273	1.18094	0.404981	0.019355	1.32872	0.481062	1.43505	1.51061	0.502086	0.988877	1.80081	0.548295	0.947266	1.76479	0.264354	1.28309	1.38001	0.0822327	1.102	1.43418	0.287	0.132475	2.01612	0.0569727	0.950641	1.48887	0.13716	0.860849	1.56229	0.0877352	1.18396	1.5116	0.102212	1.19753	1.37942	0.107004	1.26987	1.44947	0.181481	0.347532	1.73018	0.187811	0.350817	1.78965	0.200527	0.271471	1.82274	0.198705	0.252004	1.76072	0.147586	0.659235	1.63759	0.164293	0.665022	1.69571	0.179966	0.58687	1.73209	0.165834	0.564443	1.67257	0.169594	1.00095	1.57186	0.148344	1.1007	1.40143	0.253429	1.59559	1.58458	0.0291082	0.794697	1.50898	0.286495	0.0469061	1.8507	0.222244	0.0902715	1.99446	0.181077	1.43022	1.49024	0.0816623	0.856149	1.51355	0.0347558	0.860141	1.45824	0.312814	0.97599	1.43669	0.323022	1.29197	1.59144
257	1.02073	0.330059	1.45443	1.44916	0.323445	1.62461	1.63469	0.397337	1.28034	1.4002	0.572925	1.11761	1.59203	0.318599	0.0315091	1.36349	0.552885	1.03232	1.72428	0.499589	0.864208	1.53	0.549689	1.20409	1.61696	0.577428	1.18665	1.49853	0.549105	1.27886	1.54579	0.423108	0.322231	1.39127	0.456022	0.352271	1.35181	0.433676	0.258887	1.30476	0.403779	0.248209	1.36078	0.455338	0.63289	1.53663	0.484158	0.661072	1.49314	0.462308	0.563111	1.45233	0.439993	0.554304	1.51248	0.473073	1.00537	1.55771	0.512008	1.08337	1.55231	0.392669	1.59688	1.58552	0.546463	0.938604	1.85561	0.354674	0.0770394	1.18163	0.404949	0.0194329	1.32874	0.480905	1.43398	1.51707	0.500794	0.988784	1.8082	0.546925	0.947161	1.77291	0.264159	1.28196	1.38645	0.0822294	1.10096	1.44071	0.286453	0.134611	2.02689	0.0568145	0.949486	1.49499	0.136946	0.859356	1.56899	0.0875334	1.18287	1.51793	0.102253	1.19636	1.3857	0.106932	1.26877	1.45576	0.18079	0.346826	1.73833	0.187516	0.350805	1.79768	0.200389	0.271989	1.83185	0.198047	0.251683	1.77016	0.147182	0.658484	1.64484	0.164374	0.664424	1.70285	0.180337	0.586333	1.73926	0.165667	0.563775	1.67992	0.169574	0.999774	1.57904	0.148442	1.09951	1.40782	0.253186	1.59459	1.591	0.0289018	0.793524	1.51494	0.286306	0.0474491	1.86227	0.221934	0.091928	2.00578	0.180783	1.42915	1.49671	0.0814278	0.854948	1.51958	0.034562	0.859076	1.46425	0.312099	0.974889	1.44321	0.323014	1.29086	1.59799
258	1.02472	0.32987	1.45345	1.45562	0.323248	1.62368	1.64117	0.396961	1.27933	1.40658	0.572481	1.11675	1.59933	0.318647	0.0315068	1.36359	0.551767	1.03176	1.73182	0.499335	0.863503	1.53556	0.549097	1.20327	1.62395	0.577132	1.18566	1.5056	0.548863	1.27796	1.5528	0.423384	0.322171	1.39436	0.45614	0.35257	1.35516	0.433793	0.259611	1.30722	0.403943	0.248365	1.36321	0.456043	0.632071	1.54161	0.484357	0.660686	1.4979	0.46248	0.562801	1.45681	0.440557	0.553671	1.51705	0.472904	1.00425	1.56356	0.511805	1.08237	1.55937	0.392485	1.59593	1.59197	0.545057	0.938627	1.86331	0.354907	0.0790138	1.18236	0.404912	0.0195012	1.32877	0.480744	1.43299	1.52353	0.499718	0.988621	1.81548	0.545672	0.946947	1.78066	0.263868	1.28085	1.39297	0.0823191	1.09992	1.44682	0.285655	0.136495	2.03719	0.0567273	0.948324	1.5012	0.136747	0.857944	1.57572	0.0872701	1.18181	1.52427	0.102332	1.1952	1.39204	0.106888	1.2677	1.46213	0.180277	0.34612	1.74618	0.187384	0.350705	1.80553	0.200295	0.272417	1.84062	0.19748	0.251267	1.77917	0.146879	0.657819	1.65232	0.164575	0.663895	1.71014	0.180978	0.585938	1.74663	0.165723	0.563168	1.68747	0.169465	0.998554	1.58618	0.148457	1.09834	1.41428	0.252991	1.59361	1.59739	0.0287243	0.79239	1.52099	0.286063	0.0478571	1.87313	0.221611	0.093252	2.01641	0.180595	1.42813	1.50319	0.0812816	0.853809	1.52575	0.0344252	0.858007	1.47031	0.311386	0.973805	1.44976	0.32294	1.28979	1.60454
259	1.0287	0.329726	1.45249	1.46206	0.323039	1.62277	1.64754	0.39664	1.27839	1.413	0.572056	1.1159	1.60656	0.318709	0.031486	1.36369	0.550751	1.03123	1.73922	0.499113	0.862813	1.54118	0.548427	1.20242	1.63096	0.576895	1.18476	1.51267	0.548595	1.27707	1.55978	0.423645	0.322151	1.39755	0.456245	0.352936	1.35863	0.433919	0.260469	1.30975	0.404257	0.248615	1.36571	0.456713	0.631336	1.54658	0.48449	0.660334	1.50274	0.462693	0.56257	1.46146	0.441187	0.553097	1.52172	0.472489	1.00318	1.56979	0.511549	1.08141	1.56639	0.392281	1.59501	1.59842	0.543693	0.93848	1.87088	0.355249	0.081111	1.18317	0.404876	0.0195808	1.32882	0.480588	1.43206	1.53006	0.498605	0.988373	1.82261	0.544505	0.946606	1.78812	0.263711	1.27978	1.39953	0.0823249	1.09886	1.4529	0.284903	0.137994	2.04687	0.0566314	0.947195	1.5075	0.136409	0.856638	1.58262	0.0869266	1.18083	1.53064	0.102395	1.19411	1.39845	0.10678	1.26663	1.46852	0.180037	0.345406	1.75388	0.187165	0.350604	1.81321	0.199957	0.272611	1.84903	0.197074	0.250816	1.78771	0.146654	0.657215	1.65991	0.164879	0.66354	1.71752	0.181738	0.585718	1.75413	0.165958	0.562746	1.69519	0.169363	0.997382	1.59328	0.148412	1.09723	1.42074	0.252824	1.59267	1.60381	0.0284774	0.791301	1.52711	0.285691	0.0480914	1.88318	0.22113	0.0942528	2.02634	0.180544	1.42715	1.50962	0.0811151	0.852689	1.53201	0.0343245	0.856969	1.47647	0.310792	0.972721	1.45644	0.322832	1.28875	1.61107
260	1.03269	0.329583	1.45156	1.46845	0.322817	1.62186	1.65396	0.396369	1.27744	1.41955	0.5717	1.11507	1.61367	0.318778	0.0314662	1.36378	0.549929	1.03068	1.74643	0.498894	0.862122	1.54689	0.54788	1.2016	1.63796	0.576952	1.18385	1.51992	0.548296	1.27612	1.5666	0.423824	0.322096	1.40079	0.456324	0.353434	1.36216	0.434016	0.261464	1.3123	0.404611	0.248908	1.36827	0.457379	0.630742	1.55153	0.484569	0.660003	1.50753	0.462711	0.562235	1.46616	0.441931	0.552535	1.52659	0.472218	1.00215	1.57602	0.511243	1.08049	1.57338	0.392078	1.59412	1.60488	0.542402	0.938312	1.87825	0.355724	0.0833375	1.18405	0.404863	0.0196845	1.3289	0.480382	1.43114	1.53663	0.497492	0.988066	1.82964	0.543438	0.946142	1.7955	0.263636	1.27869	1.40605	0.082245	1.09777	1.45923	0.284313	0.138935	2.05591	0.0564779	0.94612	1.51385	0.135856	0.855524	1.58964	0.0865462	1.17987	1.53701	0.102451	1.19305	1.40488	0.106699	1.26559	1.4749	0.180006	0.344747	1.76158	0.186907	0.350386	1.82078	0.199708	0.272554	1.85712	0.19681	0.250319	1.79589	0.146554	0.656683	1.66761	0.165226	0.663275	1.72502	0.18258	0.585564	1.7618	0.166316	0.5624	1.70304	0.169245	0.996283	1.6004	0.148488	1.09613	1.42727	0.252651	1.59182	1.61031	0.0282206	0.790286	1.53332	0.285475	0.0481401	1.8926	0.22067	0.0949087	2.03552	0.180362	1.42617	1.51602	0.0809215	0.851606	1.5383	0.0342023	0.855947	1.48272	0.310196	0.971767	1.4631	0.322702	1.28776	1.61761
261	1.03668	0.32945	1.45063	1.47483	0.322614	1.62101	1.66047	0.396188	1.27649	1.42615	0.571357	1.11426	1.62066	0.31887	0.0314559	1.36388	0.549132	1.03008	1.75359	0.498665	0.861476	1.55271	0.547339	1.2008	1.64496	0.576942	1.183	1.52714	0.54788	1.27524	1.57341	0.424006	0.322034	1.40403	0.456483	0.353924	1.36582	0.434197	0.262472	1.31507	0.404878	0.249167	1.37093	0.458015	0.630255	1.55656	0.48485	0.659777	1.51246	0.462676	0.561916	1.47088	0.442494	0.552045	1.5315	0.472272	1.00116	1.58201	0.510885	1.07957	1.58029	0.391855	1.59325	1.61131	0.541129	0.938064	1.88545	0.356172	0.0857042	1.18502	0.404865	0.0198364	1.32901	0.480137	1.43023	1.54319	0.49638	0.987681	1.83662	0.542445	0.945632	1.8028	0.263594	1.2777	1.41255	0.0821871	1.09676	1.46579	0.283827	0.139308	2.06429	0.0563622	0.945138	1.52026	0.135366	0.854599	1.59647	0.0862408	1.17894	1.54339	0.102537	1.19201	1.41132	0.106665	1.26461	1.48125	0.179943	0.34413	1.76912	0.186589	0.349943	1.82821	0.199414	0.272309	1.86484	0.196696	0.24986	1.80371	0.146564	0.656291	1.67543	0.16558	0.663049	1.73268	0.183489	0.585346	1.76964	0.166651	0.562082	1.71103	0.169089	0.995288	1.60748	0.148575	1.09505	1.43388	0.252372	1.59101	1.61683	0.0279435	0.789267	1.53963	0.2854	0.0480639	1.90134	0.22023	0.0951619	2.04406	0.180016	1.42526	1.52239	0.0806586	0.850553	1.54465	0.0339949	0.854975	1.48906	0.309462	0.970941	1.46964	0.322546	1.28686	1.62418
262	1.04066	0.329323	1.44974	1.48135	0.322396	1.62018	1.66696	0.396035	1.27559	1.43275	0.570983	1.1135	1.62755	0.31897	0.0314437	1.364	0.548365	1.0295	1.76063	0.498466	0.860886	1.55865	0.546616	1.20005	1.65196	0.576996	1.1823	1.53432	0.547413	1.27444	1.58022	0.424293	0.322068	1.4075	0.456696	0.354398	1.36962	0.434315	0.263468	1.31801	0.405271	0.249518	1.37373	0.458557	0.629727	1.5618	0.485063	0.659515	1.51756	0.46281	0.561694	1.47575	0.442965	0.551586	1.53646	0.472345	1.0003	1.58804	0.510465	1.07861	1.58704	0.391611	1.5924	1.61777	0.539851	0.937719	1.89261	0.356494	0.0881459	1.1861	0.404848	0.0200648	1.32917	0.479945	1.42943	1.54978	0.49522	0.987175	1.84352	0.541555	0.94517	1.80999	0.263348	1.27676	1.41906	0.0821856	1.09585	1.47246	0.28327	0.139182	2.07216	0.0562285	0.944164	1.52676	0.135161	0.853896	1.60326	0.0859606	1.17806	1.54981	0.102657	1.19095	1.41782	0.106617	1.26368	1.48761	0.179853	0.343596	1.77639	0.186323	0.349391	1.83542	0.198983	0.271924	1.87223	0.196624	0.249408	1.81123	0.146604	0.656017	1.6834	0.165994	0.662926	1.74049	0.184264	0.585314	1.77756	0.166967	0.561896	1.71916	0.168916	0.994243	1.61451	0.148483	1.09397	1.44056	0.252149	1.59022	1.62331	0.0276845	0.788298	1.54604	0.285314	0.0478697	1.90938	0.219827	0.0949241	2.05192	0.179668	1.42441	1.52874	0.0803226	0.849643	1.55108	0.0337953	0.854048	1.49547	0.308616	0.970177	1.47604	0.322336	1.28597	1.63078
263	1.04465	0.329213	1.44894	1.48796	0.322131	1.61946	1.67336	0.395803	1.27478	1.43934	0.570591	1.1128	1.63447	0.319068	0.0314277	1.36413	0.547532	1.02887	1.76756	0.498204	0.860278	1.56471	0.545793	1.19946	1.65886	0.577386	1.18175	1.54148	0.54706	1.27372	1.58709	0.424624	0.322084	1.4112	0.456851	0.3549	1.37355	0.434445	0.264515	1.32102	0.405728	0.249893	1.3767	0.459062	0.629164	1.56714	0.485161	0.659191	1.52274	0.463008	0.561607	1.4808	0.443359	0.551138	1.54155	0.47227	0.999511	1.59435	0.510029	1.07776	1.59381	0.391396	1.59165	1.62428	0.538648	0.937254	1.89965	0.35674	0.0907082	1.18733	0.404845	0.0203177	1.32938	0.479805	1.42865	1.5565	0.494136	0.986612	1.85033	0.54062	0.944586	1.81694	0.263062	1.2759	1.42553	0.08216	1.0949	1.47923	0.2828	0.13853	2.07945	0.0560271	0.943224	1.53332	0.13502	0.853328	1.61017	0.0856719	1.17728	1.55625	0.10282	1.18989	1.42432	0.106495	1.26274	1.49403	0.179821	0.343092	1.78355	0.186104	0.348798	1.84259	0.198609	0.271346	1.87944	0.196698	0.248898	1.81841	0.14663	0.655771	1.69146	0.166459	0.662884	1.74837	0.184941	0.585472	1.78552	0.167296	0.561769	1.72736	0.168739	0.99331	1.6215	0.148385	1.09291	1.44726	0.251922	1.58942	1.62976	0.0274744	0.787405	1.5525	0.285292	0.0473856	1.91671	0.21945	0.0942551	2.05901	0.179505	1.42365	1.53515	0.0800751	0.848757	1.55765	0.0336291	0.853167	1.50197	0.307947	0.969381	1.48268	0.322097	1.28518	1.6374
264	1.04864	0.329073	1.44831	1.49453	0.321852	1.61877	1.67987	0.395504	1.27396	1.44599	0.570178	1.11212	1.64145	0.319174	0.031406	1.36429	0.546756	1.02817	1.77437	0.497876	0.859707	1.57085	0.545008	1.19885	1.66579	0.577563	1.18113	1.54858	0.546771	1.27309	1.59421	0.424903	0.322025	1.41508	0.456916	0.355416	1.37764	0.434597	0.265587	1.32413	0.406261	0.250314	1.37986	0.459561	0.628709	1.57261	0.485213	0.658943	1.52808	0.463065	0.561516	1.48592	0.443897	0.550694	1.54687	0.472071	0.998759	1.60076	0.509877	1.07705	1.60055	0.391191	1.59098	1.63076	0.537544	0.936637	1.90649	0.35709	0.0934429	1.18867	0.404845	0.020554	1.32963	0.479531	1.42783	1.5633	0.493095	0.985931	1.857	0.539704	0.943876	1.82375	0.262958	1.27505	1.43203	0.0821169	1.09386	1.48595	0.28235	0.137455	2.08617	0.0558132	0.942306	1.53993	0.134797	0.852907	1.61712	0.0853801	1.17653	1.56274	0.102951	1.18885	1.43082	0.106335	1.26184	1.50047	0.179839	0.342614	1.79053	0.18586	0.34826	1.84977	0.198379	0.270642	1.88638	0.19682	0.248332	1.82527	0.146671	0.655658	1.69958	0.166925	0.662871	1.75632	0.185625	0.585605	1.79353	0.167544	0.56171	1.73558	0.168566	0.992523	1.62845	0.148478	1.09188	1.45398	0.251663	1.58877	1.63623	0.0272729	0.786581	1.55901	0.285193	0.0466304	1.92321	0.219067	0.0932044	2.0655	0.17939	1.42287	1.54158	0.079973	0.847873	1.56429	0.0334414	0.852288	1.50856	0.307436	0.968674	1.48951	0.321838	1.28446	1.64406
265	1.05263	0.328847	1.44769	1.50105	0.321608	1.61815	1.68642	0.395224	1.27314	1.45269	0.569797	1.11141	1.64841	0.319283	0.03139	1.36445	0.545984	1.02745	1.78112	0.497529	0.859171	1.57706	0.544337	1.19815	1.67265	0.577443	1.18048	1.55567	0.546465	1.27244	1.60132	0.425275	0.322015	1.41906	0.457056	0.355967	1.38196	0.434764	0.266699	1.32744	0.406829	0.250733	1.38313	0.460066	0.628275	1.57816	0.485185	0.658751	1.53354	0.462991	0.56133	1.49129	0.444549	0.550304	1.55247	0.471868	0.998098	1.60721	0.509705	1.0763	1.60723	0.390941	1.59032	1.63724	0.536442	0.935923	1.91317	0.35756	0.0962768	1.19013	0.404759	0.0208026	1.32993	0.479219	1.42705	1.57012	0.49221	0.985188	1.86356	0.538857	0.943145	1.8305	0.262919	1.27425	1.4386	0.0820811	1.09288	1.49252	0.282079	0.135839	2.09226	0.0556917	0.941458	1.5466	0.134511	0.852729	1.62405	0.0850991	1.17581	1.56927	0.102971	1.18791	1.4374	0.106257	1.261	1.5069	0.179869	0.342228	1.79738	0.185603	0.347626	1.85678	0.198151	0.269732	1.89307	0.196973	0.247798	1.8318	0.146703	0.655611	1.7077	0.167419	0.662894	1.7643	0.186298	0.585693	1.80157	0.167753	0.561723	1.74382	0.168446	0.991941	1.63533	0.148538	1.09097	1.46069	0.251396	1.58822	1.64271	0.0270661	0.785779	1.5656	0.285123	0.0456424	1.92899	0.218729	0.0918224	2.07142	0.179112	1.4221	1.54794	0.0797921	0.846966	1.57102	0.0332103	0.851506	1.51524	0.306968	0.968058	1.49643	0.321607	1.28376	1.65075
266	1.05661	0.328624	1.44701	1.5076	0.321305	1.61759	1.69289	0.395114	1.27239	1.45946	0.56938	1.11074	1.65525	0.319413	0.0313698	1.36462	0.545255	1.02668	1.78779	0.497216	0.858651	1.58339	0.543598	1.19742	1.67949	0.577333	1.17987	1.56266	0.546169	1.27179	1.60833	0.425674	0.322075	1.42322	0.457285	0.356492	1.38653	0.43496	0.267836	1.33093	0.407304	0.251133	1.38654	0.460538	0.627862	1.58389	0.485166	0.658518	1.53917	0.462905	0.561091	1.49682	0.444965	0.549892	1.55793	0.471712	0.997501	1.61385	0.509443	1.07555	1.61383	0.390661	1.58969	1.64373	0.535398	0.93513	1.91976	0.357887	0.0991993	1.19172	0.404664	0.0211433	1.33025	0.479019	1.42641	1.57692	0.491267	0.984392	1.87003	0.537994	0.942356	1.83704	0.2628	1.27349	1.4452	0.0820948	1.09202	1.49908	0.281827	0.133828	2.09786	0.0555687	0.9407	1.55332	0.134314	0.852651	1.63103	0.0847764	1.17511	1.57584	0.102944	1.187	1.44404	0.106177	1.26023	1.51335	0.18008	0.341914	1.80427	0.185322	0.346866	1.86365	0.197827	0.26875	1.89945	0.1972	0.247294	1.83801	0.146768	0.655616	1.71584	0.167909	0.662955	1.77227	0.186823	0.585824	1.8096	0.167853	0.561838	1.75202	0.168292	0.991476	1.64225	0.148531	1.09012	1.46747	0.251114	1.58761	1.64921	0.0267573	0.785031	1.57234	0.285014	0.0445605	1.93412	0.218491	0.0900757	2.07674	0.178724	1.42142	1.55423	0.0795144	0.846188	1.57778	0.0330303	0.850745	1.52199	0.306486	0.967486	1.50347	0.321286	1.28308	1.65747
267	1.0606	0.328376	1.44624	1.51421	0.320948	1.61707	1.69934	0.395097	1.27173	1.46623	0.568986	1.11014	1.66187	0.319563	0.0313508	1.36479	0.54454	1.02586	1.79436	0.496958	0.858193	1.58981	0.542921	1.19674	1.68632	0.577331	1.17937	1.56962	0.545841	1.27119	1.61533	0.425959	0.322176	1.42763	0.457511	0.356995	1.39129	0.4352	0.269003	1.3346	0.407797	0.251535	1.39008	0.460929	0.627458	1.58976	0.485132	0.658197	1.54498	0.462852	0.560906	1.50255	0.445376	0.549487	1.56371	0.471578	0.996938	1.62069	0.509154	1.07492	1.62032	0.390389	1.58913	1.65027	0.534388	0.934225	1.92615	0.358167	0.102302	1.19344	0.404714	0.0215734	1.33055	0.478841	1.42586	1.58373	0.490339	0.983519	1.87637	0.537138	0.941499	1.84344	0.262661	1.27277	1.45186	0.0820769	1.09127	1.50579	0.281637	0.131553	2.10298	0.0553618	0.940009	1.56008	0.134115	0.852627	1.6381	0.0845038	1.17445	1.58244	0.102992	1.18611	1.45061	0.10605	1.2595	1.5198	0.180243	0.341619	1.81101	0.185182	0.346007	1.87041	0.197648	0.26767	1.90556	0.197475	0.246772	1.84393	0.146801	0.655706	1.724	0.168357	0.663116	1.78027	0.187171	0.585973	1.81763	0.167867	0.561945	1.76019	0.168044	0.99115	1.64921	0.148525	1.08932	1.47431	0.250812	1.58703	1.65572	0.0264774	0.784337	1.57916	0.284809	0.0434344	1.93864	0.218323	0.0879434	2.08143	0.178425	1.42082	1.56051	0.0793111	0.845526	1.58455	0.0328509	0.850015	1.52879	0.305987	0.96698	1.51052	0.320856	1.28246	1.66419
268	1.06459	0.328192	1.44565	1.52084	0.320717	1.6166	1.70585	0.394996	1.27116	1.47305	0.568526	1.10957	1.66845	0.319696	0.0313345	1.36497	0.543826	1.02495	1.80083	0.496647	0.857759	1.59622	0.542319	1.19607	1.69315	0.577275	1.17894	1.57655	0.5455	1.27065	1.62224	0.426284	0.322262	1.4322	0.457679	0.357605	1.39621	0.435474	0.27032	1.33851	0.408306	0.251988	1.39385	0.461237	0.627047	1.59593	0.485103	0.657979	1.55102	0.462821	0.560787	1.50848	0.445774	0.549044	1.56971	0.471401	0.996434	1.6276	0.508867	1.07439	1.62681	0.390089	1.58861	1.65686	0.533466	0.93321	1.93239	0.35853	0.105586	1.19537	0.404862	0.0220299	1.33086	0.478569	1.42532	1.59064	0.489439	0.982516	1.88263	0.536355	0.940558	1.84972	0.262622	1.27216	1.4585	0.0820004	1.09052	1.51255	0.281548	0.128923	2.10763	0.0551592	0.939357	1.56691	0.133889	0.852704	1.64527	0.0843394	1.17391	1.58911	0.103025	1.18527	1.4572	0.105809	1.25883	1.52621	0.180354	0.34138	1.81761	0.185118	0.345126	1.8771	0.197542	0.266341	1.91133	0.197684	0.24624	1.84961	0.146728	0.655908	1.73215	0.168645	0.663401	1.78836	0.187486	0.586155	1.82564	0.167836	0.562027	1.76838	0.167824	0.990918	1.6561	0.148544	1.08855	1.48121	0.250478	1.58658	1.66225	0.0262627	0.783684	1.58611	0.284744	0.0421662	1.94255	0.218217	0.0855651	2.08559	0.178303	1.42031	1.56681	0.0791346	0.844922	1.59146	0.0326344	0.849357	1.53569	0.305565	0.966548	1.51758	0.320407	1.28198	1.67087
269	1.06858	0.328093	1.44516	1.52744	0.320488	1.61617	1.71238	0.394907	1.27059	1.47992	0.568072	1.10897	1.67515	0.319822	0.0313064	1.36515	0.543179	1.02412	1.80716	0.496215	0.857282	1.60261	0.541724	1.19544	1.69994	0.577107	1.17853	1.58348	0.545146	1.27014	1.62903	0.426616	0.32225	1.43692	0.457848	0.358187	1.40137	0.435701	0.271628	1.34263	0.408897	0.25256	1.39777	0.461459	0.626553	1.6022	0.484989	0.657745	1.55719	0.462845	0.560572	1.51468	0.446139	0.548592	1.57591	0.471066	0.996018	1.63451	0.508673	1.0739	1.63313	0.389784	1.58813	1.66337	0.532538	0.932054	1.93851	0.358867	0.109029	1.19747	0.404939	0.022468	1.33121	0.478276	1.42482	1.59757	0.488546	0.981472	1.88883	0.535579	0.939563	1.85584	0.2626	1.27154	1.46513	0.0819459	1.08982	1.51931	0.28166	0.125921	2.11176	0.0549996	0.938782	1.57385	0.133665	0.852835	1.65261	0.0841473	1.1734	1.59579	0.103047	1.18441	1.46387	0.105388	1.25822	1.53251	0.180483	0.341178	1.82408	0.184867	0.344246	1.88359	0.197648	0.264964	1.91677	0.19786	0.245703	1.85506	0.146739	0.656069	1.74027	0.168849	0.66369	1.79647	0.187826	0.586354	1.83362	0.16775	0.562183	1.77659	0.16759	0.990756	1.66292	0.148524	1.08781	1.48812	0.250221	1.58619	1.66876	0.0260155	0.783074	1.59314	0.284669	0.0407371	1.94588	0.218204	0.0829888	2.0893	0.178162	1.41978	1.57315	0.0789355	0.844293	1.59853	0.0324471	0.848751	1.54265	0.305275	0.966175	1.5247	0.319946	1.28159	1.67758
270	1.07256	0.327917	1.4446	1.53396	0.320132	1.61579	1.71884	0.394922	1.26998	1.48685	0.56767	1.10835	1.68186	0.319929	0.0312797	1.36537	0.542491	1.02321	1.81343	0.495917	0.856864	1.60924	0.541162	1.19487	1.70664	0.576949	1.17822	1.59026	0.544694	1.26971	1.63587	0.426792	0.322152	1.44187	0.458056	0.358719	1.40673	0.43592	0.272949	1.34694	0.409207	0.253179	1.40188	0.461609	0.62608	1.60861	0.484909	0.657488	1.56361	0.462697	0.560163	1.52094	0.446451	0.548204	1.58247	0.470647	0.995669	1.64153	0.508535	1.07334	1.63937	0.389452	1.58769	1.66982	0.531732	0.9308	1.94449	0.359232	0.112551	1.1997	0.404955	0.0229246	1.33159	0.47797	1.42435	1.60454	0.487661	0.980279	1.8949	0.534855	0.938507	1.86189	0.262451	1.27089	1.47181	0.0819282	1.08927	1.52617	0.282009	0.122624	2.11537	0.0548268	0.938231	1.58091	0.133549	0.85303	1.66007	0.0840036	1.17291	1.6025	0.103034	1.18359	1.47061	0.105173	1.25763	1.53891	0.180612	0.341014	1.83044	0.184327	0.343417	1.88986	0.197831	0.263519	1.92215	0.197987	0.245066	1.86026	0.146682	0.656228	1.74839	0.169264	0.663778	1.80431	0.188101	0.586595	1.84162	0.167627	0.562451	1.78472	0.167368	0.990707	1.66974	0.148636	1.08712	1.49509	0.249952	1.58584	1.67524	0.0257679	0.782555	1.60023	0.284612	0.0390584	1.94864	0.218293	0.0802086	2.09256	0.177797	1.41924	1.57945	0.0786727	0.843789	1.60571	0.0323265	0.848192	1.54969	0.305016	0.965786	1.5319	0.319447	1.28121	1.68436
271	1.07655	0.327706	1.44398	1.54055	0.319797	1.61544	1.72532	0.394975	1.26941	1.49382	0.567374	1.10783	1.68838	0.320043	0.0312604	1.36561	0.541891	1.02226	1.81963	0.495783	0.856491	1.6162	0.54059	1.19427	1.71334	0.576778	1.17802	1.59694	0.54428	1.26932	1.64279	0.427122	0.322112	1.447	0.458249	0.359279	1.41228	0.436154	0.274297	1.35131	0.409042	0.253594	1.40609	0.461769	0.625591	1.61529	0.48485	0.657166	1.57029	0.462473	0.559719	1.52749	0.446694	0.547772	1.58922	0.470346	0.995321	1.6488	0.508394	1.07286	1.64565	0.389099	1.58728	1.67634	0.530965	0.929439	1.95031	0.359628	0.11621	1.20217	0.404955	0.0234814	1.332	0.477589	1.4239	1.61156	0.486887	0.979025	1.9008	0.534178	0.937436	1.86775	0.262369	1.27027	1.47852	0.0819041	1.08886	1.53311	0.282416	0.119197	2.11866	0.0546285	0.937753	1.58798	0.13349	0.853242	1.66757	0.0839109	1.17253	1.6092	0.103022	1.18281	1.4773	0.105208	1.25705	1.54545	0.180761	0.340883	1.83669	0.184184	0.342472	1.89612	0.198251	0.261997	1.92748	0.198159	0.244469	1.86518	0.14665	0.656389	1.75645	0.169492	0.664	1.8123	0.188258	0.586851	1.84964	0.167568	0.562657	1.79281	0.167131	0.990757	1.67668	0.14871	1.08646	1.5021	0.249591	1.58553	1.6817	0.0255006	0.782123	1.60741	0.284433	0.0373426	1.95089	0.218516	0.0772171	2.09539	0.17739	1.41875	1.58574	0.0784296	0.843343	1.61291	0.032173	0.847705	1.5568	0.30479	0.965445	1.53915	0.318945	1.28092	1.69121
272	1.08054	0.327403	1.44344	1.5472	0.319543	1.61511	1.73187	0.394957	1.26893	1.5008	0.567055	1.10738	1.69474	0.320147	0.0312591	1.36591	0.541425	1.02122	1.82568	0.495459	0.856103	1.6231	0.540121	1.19363	1.72001	0.576651	1.17786	1.60366	0.54388	1.26895	1.64976	0.427444	0.322305	1.45233	0.458371	0.359968	1.41811	0.436287	0.27565	1.35586	0.409162	0.254057	1.41039	0.461968	0.625119	1.62224	0.484752	0.656808	1.57714	0.462354	0.55934	1.53442	0.446896	0.547235	1.59606	0.470045	0.995039	1.65616	0.508293	1.0725	1.65182	0.38876	1.58693	1.68298	0.53022	0.927994	1.95604	0.359937	0.119985	1.20489	0.404963	0.0241219	1.3325	0.477222	1.42351	1.61858	0.486338	0.977712	1.90651	0.533603	0.936294	1.87351	0.262498	1.2697	1.48531	0.081811	1.08839	1.54007	0.283066	0.115589	2.12151	0.054459	0.937333	1.59504	0.133403	0.85346	1.67521	0.0838443	1.17218	1.61592	0.102955	1.18211	1.48398	0.105402	1.25648	1.55215	0.180917	0.340715	1.84286	0.184342	0.341461	1.90236	0.198546	0.260435	1.93253	0.198365	0.243971	1.86986	0.146704	0.656574	1.76446	0.169443	0.664377	1.8205	0.188402	0.587066	1.85763	0.167455	0.562803	1.80092	0.166845	0.990896	1.68372	0.148739	1.08585	1.50915	0.249246	1.58524	1.68817	0.0251641	0.781728	1.61464	0.284444	0.0356256	1.9528	0.21887	0.0740756	2.09783	0.177144	1.4184	1.59207	0.0782316	0.842928	1.62018	0.0320314	0.847267	1.56396	0.304633	0.965155	1.54649	0.31844	1.2807	1.6981
273	1.08452	0.327144	1.44305	1.55381	0.319207	1.61487	1.73839	0.394931	1.26853	1.50775	0.56674	1.10694	1.70116	0.320276	0.0312511	1.36629	0.540952	1.02017	1.83161	0.495006	0.855675	1.62998	0.539698	1.19304	1.72663	0.57649	1.1777	1.61044	0.543477	1.26865	1.6568	0.427738	0.322443	1.45783	0.458458	0.36062	1.42404	0.436374	0.277146	1.36074	0.409549	0.25473	1.41496	0.462133	0.624698	1.62942	0.484558	0.656416	1.58418	0.46231	0.55884	1.5416	0.447129	0.546688	1.60318	0.469867	0.994856	1.66352	0.508142	1.07219	1.65789	0.388439	1.58663	1.68954	0.529482	0.926531	1.96157	0.360165	0.123854	1.20783	0.404957	0.0246654	1.33309	0.476834	1.42326	1.62566	0.485708	0.976308	1.91214	0.533041	0.935032	1.87907	0.262666	1.2691	1.49213	0.0816967	1.08785	1.54717	0.283746	0.111763	2.12402	0.0542882	0.936969	1.60219	0.133318	0.853683	1.68307	0.0837716	1.17183	1.62268	0.102809	1.18145	1.49074	0.105382	1.25596	1.55882	0.18103	0.340529	1.84892	0.184612	0.340436	1.90847	0.198813	0.258954	1.93733	0.198544	0.243516	1.87439	0.146728	0.656754	1.77244	0.169469	0.664657	1.82848	0.18855	0.587296	1.8656	0.167352	0.562966	1.80898	0.166451	0.991088	1.69077	0.148851	1.08528	1.51623	0.248916	1.58499	1.69463	0.024885	0.781349	1.62196	0.28447	0.0339231	1.95439	0.21932	0.0707742	2.09994	0.17702	1.41806	1.59843	0.0778548	0.842596	1.62754	0.0318883	0.846838	1.57119	0.304519	0.964826	1.55393	0.317886	1.28056	1.70496
274	1.08851	0.327045	1.44286	1.56055	0.318813	1.61466	1.74487	0.395014	1.26815	1.5148	0.566484	1.10652	1.70752	0.320445	0.0312348	1.36671	0.540408	1.01909	1.83751	0.494596	0.855238	1.63696	0.539188	1.1925	1.73326	0.576395	1.17758	1.61709	0.543142	1.26842	1.6638	0.428063	0.32251	1.46351	0.458579	0.361194	1.43013	0.436516	0.278708	1.36582	0.410058	0.255428	1.41973	0.462247	0.624201	1.6368	0.484423	0.655932	1.59141	0.462205	0.558298	1.54895	0.447514	0.546074	1.61064	0.46973	0.994661	1.67093	0.507912	1.07189	1.66398	0.388106	1.58634	1.69601	0.528842	0.924857	1.96696	0.360273	0.127883	1.21099	0.404752	0.0251281	1.33368	0.476496	1.42307	1.63272	0.484799	0.974809	1.91761	0.532492	0.933656	1.88455	0.262697	1.26852	1.49901	0.0816851	1.08734	1.5541	0.284492	0.107749	2.12625	0.0540676	0.936662	1.60939	0.133253	0.853923	1.69101	0.0837112	1.17149	1.62947	0.102644	1.18083	1.49755	0.105081	1.2555	1.56538	0.181083	0.34022	1.85488	0.184864	0.339438	1.91445	0.199156	0.257482	1.942	0.198587	0.243037	1.87881	0.14671	0.656935	1.78037	0.169682	0.664851	1.83624	0.188661	0.587545	1.87357	0.167406	0.563126	1.817	0.165953	0.99131	1.69792	0.148897	1.08479	1.52339	0.248554	1.58474	1.70116	0.024609	0.78106	1.62939	0.284374	0.0322388	1.95566	0.21985	0.0673132	2.10173	0.176749	1.41774	1.60475	0.0775588	0.842269	1.63493	0.0316851	0.846471	1.5785	0.304383	0.964514	1.56145	0.31733	1.28044	1.71186
275	1.0925	0.326912	1.44256	1.56726	0.318503	1.61447	1.75141	0.395153	1.26775	1.52194	0.566259	1.10613	1.71368	0.320647	0.0312331	1.36714	0.539894	1.01799	1.84332	0.49429	0.854848	1.64411	0.53877	1.19197	1.73984	0.576276	1.17753	1.62362	0.542878	1.26821	1.67071	0.428372	0.322509	1.46936	0.458712	0.361858	1.43648	0.43659	0.280331	1.371	0.410401	0.256142	1.42467	0.462305	0.623575	1.6444	0.484302	0.655343	1.59886	0.461944	0.557747	1.55652	0.447622	0.545464	1.61834	0.469423	0.994443	1.67853	0.508102	1.07162	1.66987	0.387736	1.58607	1.70252	0.528291	0.923084	1.97226	0.360294	0.132009	1.21444	0.4043	0.0256047	1.33425	0.476153	1.4229	1.63974	0.484031	0.973212	1.92306	0.532015	0.932263	1.88991	0.262738	1.26799	1.50596	0.0816727	1.08685	1.56081	0.285383	0.103763	2.12817	0.0538034	0.936384	1.61658	0.133109	0.854227	1.699	0.0836065	1.17119	1.63626	0.102531	1.18028	1.50429	0.104574	1.25515	1.57182	0.181041	0.340124	1.8608	0.185083	0.338504	1.92035	0.199532	0.256043	1.94656	0.198546	0.242544	1.88312	0.146806	0.65707	1.78826	0.170042	0.664892	1.84389	0.188692	0.587766	1.88156	0.167545	0.563297	1.82498	0.16575	0.991524	1.70523	0.148839	1.08436	1.53052	0.248221	1.58454	1.70769	0.0243397	0.780831	1.63687	0.284236	0.0305747	1.95654	0.220538	0.0637682	2.10331	0.176377	1.41744	1.61103	0.0773412	0.842005	1.64234	0.0314913	0.846137	1.58592	0.304225	0.96429	1.56901	0.316808	1.28036	1.71886
276	1.09649	0.326753	1.44213	1.5739	0.318189	1.61429	1.75801	0.395197	1.26737	1.52911	0.56591	1.10575	1.71995	0.32086	0.0312553	1.36762	0.539457	1.01682	1.84901	0.493976	0.854438	1.65142	0.538437	1.19143	1.74635	0.576079	1.17756	1.63013	0.542533	1.26801	1.67753	0.428638	0.322564	1.47538	0.458814	0.362636	1.44304	0.436663	0.281962	1.3764	0.410529	0.256793	1.42983	0.462404	0.622941	1.65219	0.484097	0.654697	1.60646	0.461717	0.557031	1.56433	0.447595	0.544826	1.62619	0.468977	0.994246	1.68635	0.509007	1.07135	1.67559	0.387417	1.58586	1.70906	0.527748	0.921282	1.9774	0.360201	0.136244	1.21815	0.403961	0.0263273	1.33481	0.475782	1.42272	1.64678	0.483396	0.971562	1.92844	0.53155	0.93091	1.89508	0.262836	1.26748	1.51298	0.0816074	1.08641	1.56767	0.286488	0.0998462	2.12973	0.0535566	0.93613	1.62385	0.133075	0.854552	1.70709	0.083522	1.17097	1.64307	0.102507	1.17977	1.51095	0.104277	1.25481	1.57835	0.180914	0.340256	1.86671	0.185276	0.337497	1.9261	0.199831	0.254631	1.95097	0.198375	0.242064	1.88729	0.146925	0.657216	1.79614	0.170244	0.664939	1.85175	0.188732	0.587923	1.88953	0.167745	0.563469	1.83287	0.165738	0.991763	1.71264	0.148834	1.08395	1.53762	0.247886	1.58438	1.71419	0.0240958	0.780629	1.64439	0.284023	0.0289283	1.9571	0.221375	0.0603115	2.10465	0.17604	1.41718	1.61732	0.0771015	0.841828	1.6498	0.031415	0.845806	1.59337	0.304117	0.964086	1.57667	0.316316	1.28034	1.72587
277	1.10047	0.326404	1.44167	1.58048	0.317858	1.61414	1.7645	0.395181	1.26704	1.53631	0.565521	1.1054	1.72623	0.321029	0.0313316	1.36808	0.539066	1.01567	1.85455	0.493654	0.853988	1.65886	0.537992	1.19096	1.75287	0.575726	1.17764	1.63667	0.542208	1.26787	1.68425	0.428993	0.322773	1.48159	0.458875	0.363319	1.44971	0.436666	0.283589	1.38196	0.410845	0.257603	1.43517	0.462586	0.62233	1.66013	0.483735	0.65401	1.61412	0.461754	0.556233	1.57232	0.447742	0.544015	1.63432	0.46857	0.994043	1.6942	0.509363	1.07123	1.68133	0.387105	1.58572	1.71562	0.527273	0.919419	1.98233	0.360046	0.140565	1.2222	0.403767	0.0271967	1.33539	0.475421	1.42252	1.65378	0.482836	0.96991	1.93368	0.531139	0.929491	1.90012	0.26285	1.26692	1.52005	0.081515	1.08602	1.57461	0.287762	0.0958476	2.13097	0.0534267	0.93595	1.63115	0.133091	0.854865	1.71525	0.0834006	1.1708	1.64987	0.102612	1.1792	1.5176	0.104172	1.25445	1.58502	0.180774	0.340292	1.87251	0.185517	0.336467	1.93168	0.200147	0.253262	1.95521	0.198177	0.241631	1.8914	0.147145	0.65729	1.80404	0.170265	0.665001	1.85975	0.188894	0.588015	1.89748	0.168172	0.563533	1.84069	0.165453	0.99211	1.72013	0.148802	1.08363	1.5447	0.247518	1.5843	1.72068	0.0238365	0.78049	1.652	0.28377	0.0273989	1.95742	0.222151	0.0570988	2.10571	0.175755	1.41692	1.6237	0.0767414	0.841685	1.65738	0.0313293	0.845489	1.60085	0.304115	0.963921	1.58437	0.315779	1.28044	1.73288
278	1.10446	0.325985	1.4413	1.58712	0.317491	1.61402	1.77095	0.395275	1.26674	1.54352	0.565145	1.1051	1.73231	0.32113	0.0313931	1.36853	0.538664	1.0145	1.86001	0.493212	0.853554	1.66641	0.537577	1.19055	1.75931	0.575471	1.17773	1.64314	0.541861	1.26771	1.69101	0.42939	0.323029	1.48804	0.458904	0.36408	1.45655	0.436618	0.285331	1.38771	0.411453	0.258603	1.44053	0.462627	0.621762	1.66818	0.483461	0.653379	1.62205	0.461689	0.555321	1.58062	0.447985	0.543212	1.64271	0.46847	0.993806	1.70185	0.509323	1.07115	1.68705	0.386758	1.58558	1.72214	0.526854	0.917392	1.98719	0.359817	0.144931	1.22657	0.403583	0.0280463	1.33597	0.47497	1.42228	1.66077	0.482429	0.968147	1.9388	0.530788	0.927944	1.90506	0.262879	1.26633	1.52722	0.0812799	1.08568	1.5817	0.28897	0.091658	2.13222	0.0532553	0.935776	1.63849	0.13301	0.855188	1.72348	0.0831954	1.17064	1.65671	0.102629	1.17869	1.52443	0.104115	1.2541	1.59182	0.180616	0.340128	1.87821	0.185902	0.335411	1.93717	0.200635	0.251895	1.9594	0.197986	0.241176	1.89542	0.1475	0.657284	1.81187	0.170249	0.66499	1.86775	0.189151	0.588034	1.90536	0.168681	0.563551	1.84839	0.165322	0.992415	1.72783	0.148716	1.08328	1.55183	0.247162	1.58425	1.72716	0.0235944	0.780367	1.65971	0.283663	0.0260943	1.95781	0.222591	0.0540671	2.10656	0.17548	1.41665	1.63016	0.0764024	0.841617	1.66512	0.0311923	0.84519	1.60839	0.304092	0.963818	1.59206	0.3152	1.28058	1.73995
279	1.10845	0.325753	1.441	1.5939	0.317089	1.61393	1.77741	0.39527	1.26643	1.55073	0.56478	1.10485	1.73838	0.321249	0.0314008	1.36899	0.538266	1.01327	1.86545	0.492711	0.853136	1.674	0.537275	1.19009	1.76568	0.575355	1.17786	1.64949	0.54153	1.26756	1.69784	0.429917	0.323181	1.49466	0.458978	0.364889	1.46361	0.436538	0.28712	1.39364	0.412344	0.259548	1.44618	0.462583	0.621137	1.67646	0.483499	0.65276	1.63042	0.461543	0.554512	1.58917	0.448213	0.542508	1.65126	0.468416	0.993626	1.70968	0.509208	1.07106	1.69272	0.386426	1.58545	1.72865	0.526472	0.915198	1.99193	0.359424	0.149306	1.23128	0.403393	0.0288583	1.33655	0.474504	1.42207	1.66771	0.482043	0.96626	1.94381	0.530489	0.926347	1.90991	0.26294	1.26575	1.53443	0.0810555	1.0854	1.58879	0.290192	0.0869877	2.13426	0.0530447	0.935617	1.64587	0.132834	0.855578	1.73182	0.0829702	1.17046	1.66364	0.102519	1.17827	1.53127	0.10404	1.25382	1.5986	0.180405	0.339832	1.88381	0.18652	0.334282	1.94264	0.201461	0.250529	1.96348	0.197977	0.240662	1.89937	0.147914	0.657181	1.81963	0.170272	0.664824	1.87571	0.189437	0.587907	1.91317	0.169372	0.563492	1.85599	0.1655	0.992634	1.73576	0.148682	1.08289	1.5591	0.246836	1.58416	1.73368	0.0232855	0.780267	1.66748	0.284155	0.0258539	1.95883	0.223132	0.0501254	2.10787	0.175142	1.41639	1.63667	0.0759934	0.841588	1.67305	0.0311127	0.844956	1.61599	0.303894	0.963778	1.59975	0.314601	1.28071	1.74706
280	1.11243	0.325515	1.4407	1.60066	0.316713	1.61384	1.78377	0.39511	1.2661	1.55797	0.564459	1.10456	1.7444	0.321286	0.0314098	1.36936	0.537908	1.012	1.8708	0.492182	0.852625	1.68167	0.536889	1.18964	1.77208	0.575242	1.17795	1.65576	0.541237	1.26738	1.70461	0.430516	0.323255	1.50144	0.459126	0.365653	1.47084	0.436477	0.28895	1.39983	0.412934	0.260358	1.45206	0.462659	0.620459	1.68502	0.483457	0.652085	1.63884	0.461472	0.553575	1.59798	0.44854	0.541745	1.66012	0.468103	0.993464	1.71786	0.508889	1.07095	1.69841	0.386097	1.58537	1.7352	0.526077	0.912905	1.99652	0.358773	0.153726	1.23631	0.403208	0.029714	1.33713	0.47404	1.42188	1.67467	0.481637	0.96436	1.94868	0.53023	0.924799	1.9146	0.262895	1.26521	1.54164	0.0808977	1.08519	1.5957	0.291577	0.0820327	2.13819	0.0528186	0.935513	1.65329	0.13251	0.856006	1.74024	0.0826237	1.17035	1.67053	0.102331	1.17793	1.53809	0.103659	1.25359	1.60516	0.180284	0.339518	1.88934	0.187499	0.333108	1.94808	0.202808	0.249243	1.96746	0.198266	0.240186	1.90334	0.148361	0.657033	1.82741	0.170306	0.664569	1.88366	0.189699	0.587597	1.9209	0.170086	0.563375	1.8635	0.165563	0.992872	1.74386	0.148645	1.08252	1.56638	0.246579	1.58409	1.74018	0.0230347	0.780203	1.67531	0.285449	0.0273914	1.96083	0.224296	0.0450755	2.11013	0.17475	1.41617	1.64321	0.0754414	0.841574	1.68099	0.0309841	0.844788	1.62366	0.303652	0.963804	1.60748	0.314053	1.28087	1.75419
281	1.11642	0.325306	1.44033	1.60735	0.316374	1.61384	1.79025	0.394989	1.26572	1.56525	0.564178	1.10425	1.75028	0.321058	0.0314167	1.36939	0.537584	1.01072	1.87609	0.491617	0.852059	1.68945	0.536484	1.18922	1.77843	0.575066	1.1781	1.66208	0.540913	1.2672	1.71124	0.431095	0.323538	1.50839	0.459274	0.366514	1.47827	0.436404	0.290756	1.40624	0.413388	0.261147	1.45817	0.462812	0.619752	1.69371	0.483242	0.651339	1.64729	0.461427	0.552506	1.60686	0.448828	0.540866	1.66913	0.467702	0.99334	1.72616	0.508491	1.07082	1.70415	0.385809	1.58531	1.74173	0.525659	0.910626	2.00097	0.358041	0.158221	1.24171	0.402904	0.0306659	1.33769	0.473585	1.42183	1.68165	0.481344	0.962426	1.95347	0.530113	0.923208	1.91908	0.26271	1.26466	1.5489	0.0807184	1.08504	1.60277	0.293026	0.0776335	2.14356	0.0525108	0.935448	1.66073	0.131917	0.856487	1.7488	0.0820843	1.17034	1.67737	0.102214	1.17762	1.54494	0.103283	1.25341	1.61186	0.180488	0.339408	1.89493	0.188896	0.332236	1.9535	0.204241	0.248267	1.97169	0.19881	0.239918	1.90754	0.148596	0.656968	1.83516	0.170297	0.664301	1.8916	0.190002	0.587214	1.92853	0.170734	0.563165	1.87093	0.16549	0.993149	1.7521	0.148512	1.08223	1.57353	0.246288	1.58404	1.74667	0.0228072	0.780187	1.68329	0.286817	0.0296672	1.96349	0.225786	0.040381	2.11306	0.174319	1.41601	1.64985	0.0753019	0.841549	1.68882	0.0308572	0.844605	1.63139	0.303451	0.963898	1.61517	0.313534	1.28109	1.76137
282	1.12041	0.325056	1.43999	1.61404	0.316117	1.6139	1.79693	0.394962	1.26528	1.5726	0.56401	1.10398	1.75609	0.32061	0.0313758	1.36912	0.537385	1.00954	1.88115	0.491025	0.851412	1.69734	0.536264	1.18882	1.78465	0.57475	1.17828	1.66846	0.540579	1.26712	1.7178	0.431709	0.323876	1.51552	0.45946	0.367388	1.48587	0.4363	0.292565	1.41285	0.413956	0.262041	1.46463	0.462944	0.61898	1.70247	0.483033	0.650411	1.65586	0.461316	0.551353	1.61589	0.4492	0.539954	1.67832	0.467512	0.993257	1.73422	0.508171	1.0708	1.70978	0.385484	1.58532	1.74819	0.525325	0.908335	2.00527	0.357343	0.162757	1.24756	0.402476	0.0317563	1.33826	0.473245	1.42191	1.68859	0.48107	0.960415	1.95815	0.530157	0.921501	1.92338	0.262573	1.2641	1.55619	0.0804044	1.08488	1.61004	0.294067	0.074576	2.14866	0.0522344	0.935328	1.66822	0.131239	0.856978	1.75746	0.0814754	1.17039	1.68422	0.102179	1.17733	1.55188	0.103006	1.25327	1.61869	0.181251	0.339565	1.90059	0.189961	0.332024	1.95899	0.205158	0.247738	1.97647	0.199515	0.239962	1.91231	0.148785	0.656984	1.84288	0.170271	0.664113	1.89942	0.190297	0.586926	1.93597	0.171196	0.563098	1.87823	0.165397	0.993489	1.76051	0.148468	1.08202	1.58062	0.245967	1.58403	1.75323	0.0226323	0.780202	1.6913	0.287317	0.0316029	1.96617	0.227322	0.0373169	2.11649	0.173896	1.41593	1.65656	0.0748806	0.841696	1.69686	0.0308668	0.844394	1.63915	0.303315	0.964095	1.62274	0.313014	1.2814	1.76858
283	1.1244	0.324503	1.43973	1.62084	0.31593	1.61403	1.8036	0.394758	1.26484	1.57996	0.563845	1.10369	1.76176	0.320376	0.0315386	1.36935	0.537323	1.00832	1.88594	0.490539	0.850717	1.70529	0.53603	1.18844	1.79079	0.574497	1.1785	1.67464	0.540321	1.26714	1.72434	0.432375	0.324096	1.52293	0.459537	0.368395	1.49366	0.436128	0.294492	1.41976	0.414642	0.262895	1.47137	0.463246	0.61821	1.71132	0.482819	0.649404	1.66452	0.461461	0.550306	1.62503	0.449615	0.539044	1.6876	0.467512	0.993156	1.74218	0.508124	1.07085	1.71527	0.385106	1.58547	1.75465	0.525108	0.90597	2.00946	0.356632	0.167351	1.25391	0.402078	0.0328298	1.33879	0.472951	1.42204	1.69547	0.480857	0.958285	1.96272	0.530432	0.919709	1.92742	0.262423	1.26355	1.56352	0.0801471	1.08472	1.6174	0.295078	0.0723067	2.15232	0.0520121	0.935245	1.67586	0.130654	0.857424	1.76615	0.0811878	1.17033	1.69126	0.102107	1.17713	1.55893	0.102815	1.25316	1.62557	0.182554	0.339872	1.90632	0.190487	0.332278	1.96474	0.205404	0.247774	1.98187	0.200354	0.240326	1.91772	0.148831	0.657202	1.85049	0.170174	0.664107	1.90707	0.190444	0.586792	1.94312	0.171474	0.56329	1.88524	0.165408	0.993958	1.76898	0.148393	1.08184	1.58789	0.245723	1.58418	1.75977	0.0224482	0.780298	1.69935	0.286538	0.0325799	1.96835	0.228559	0.0356032	2.12029	0.173526	1.41593	1.66335	0.0744561	0.841853	1.7049	0.0308435	0.8442	1.64697	0.303094	0.964438	1.63026	0.312494	1.28184	1.77578
284	1.12838	0.323895	1.43966	1.62778	0.315642	1.61435	1.81014	0.394327	1.26447	1.5873	0.563687	1.10334	1.76747	0.320224	0.0319217	1.37	0.537232	1.00702	1.89076	0.490072	0.850011	1.71334	0.535658	1.18813	1.79699	0.574321	1.17869	1.68068	0.5401	1.26715	1.73089	0.433148	0.32437	1.53066	0.459333	0.369276	1.50167	0.435893	0.296373	1.42698	0.415447	0.263739	1.47842	0.46374	0.617445	1.72026	0.482459	0.648442	1.67323	0.461511	0.549203	1.63435	0.450044	0.5381	1.69696	0.46728	0.99302	1.75029	0.50831	1.07082	1.72046	0.384799	1.58576	1.76118	0.525021	0.903503	2.01343	0.355934	0.171933	1.2608	0.401688	0.0338621	1.33926	0.472769	1.4222	1.70223	0.480822	0.956137	1.9672	0.530604	0.917945	1.93146	0.262165	1.26315	1.57079	0.0799126	1.08446	1.62467	0.296882	0.0695675	2.15461	0.0518156	0.935228	1.68348	0.130109	0.857941	1.77486	0.0806704	1.17043	1.69828	0.102157	1.17696	1.56608	0.102603	1.25313	1.63252	0.183908	0.340262	1.91231	0.19073	0.332808	1.97088	0.20537	0.248334	1.98775	0.201187	0.240998	1.92356	0.148595	0.657745	1.85793	0.169961	0.6643	1.91456	0.190505	0.586755	1.94995	0.171745	0.563616	1.89189	0.165444	0.99451	1.77746	0.148081	1.0817	1.59528	0.245462	1.58452	1.76634	0.022294	0.780466	1.70744	0.285281	0.0331312	1.97007	0.229777	0.03419	2.12375	0.173102	1.41603	1.67017	0.0742742	0.841926	1.7129	0.0307786	0.844073	1.65484	0.302872	0.964903	1.63777	0.311998	1.2823	1.78301
285	1.13237	0.323589	1.43977	1.63468	0.315303	1.61491	1.81655	0.393714	1.26425	1.59457	0.563492	1.10301	1.7731	0.320073	0.0325316	1.37097	0.537012	1.00569	1.89562	0.489585	0.849306	1.72149	0.535291	1.1879	1.80316	0.574281	1.17892	1.68672	0.539843	1.26722	1.73738	0.434031	0.324795	1.53864	0.458924	0.370196	1.51004	0.435726	0.298162	1.43458	0.416577	0.264722	1.48585	0.463883	0.61679	1.7293	0.48211	0.647672	1.68197	0.461608	0.548068	1.64379	0.450516	0.537294	1.70655	0.467007	0.992811	1.75844	0.508718	1.07089	1.72539	0.384534	1.58617	1.76777	0.525066	0.901042	2.01724	0.355212	0.176452	1.26821	0.401184	0.0350314	1.33982	0.472615	1.42235	1.70894	0.480819	0.953944	1.97149	0.530671	0.91622	1.93547	0.261809	1.26295	1.57807	0.079647	1.0843	1.63195	0.299752	0.0655478	2.15617	0.0515888	0.935287	1.69109	0.129491	0.85865	1.78359	0.0796212	1.17073	1.70521	0.102284	1.17686	1.57329	0.102334	1.25318	1.63951	0.184265	0.341139	1.91852	0.190852	0.333623	1.97728	0.205484	0.249175	1.99392	0.201607	0.241961	1.92959	0.148261	0.658636	1.8652	0.169659	0.664601	1.92184	0.190458	0.586721	1.95649	0.171693	0.564166	1.89821	0.165443	0.995143	1.78584	0.147686	1.0816	1.60269	0.245137	1.58501	1.77295	0.0221452	0.78066	1.71562	0.284244	0.0337181	1.9714	0.231444	0.0322654	2.12625	0.172647	1.41614	1.67693	0.0742615	0.84206	1.72091	0.0308448	0.844037	1.66276	0.302633	0.965425	1.64525	0.311568	1.28278	1.79024
286	1.13636	0.323166	1.43997	1.64175	0.314979	1.61556	1.82295	0.393025	1.26416	1.60178	0.563208	1.10281	1.77872	0.319996	0.0333499	1.37238	0.536786	1.00439	1.90037	0.489063	0.848517	1.72974	0.535078	1.18777	1.80914	0.574238	1.17932	1.69271	0.539544	1.26735	1.7437	0.434989	0.325144	1.54694	0.458762	0.371169	1.51876	0.435674	0.299934	1.44258	0.418067	0.265709	1.49359	0.463845	0.616257	1.7385	0.481867	0.646965	1.69079	0.461729	0.546899	1.65332	0.451032	0.536561	1.71622	0.466552	0.992569	1.76663	0.508865	1.07116	1.73048	0.384233	1.5867	1.77437	0.525124	0.898532	2.02092	0.354458	0.180826	1.27609	0.400631	0.0363608	1.34075	0.472424	1.42259	1.71568	0.480848	0.951747	1.97564	0.530786	0.91454	1.93938	0.261433	1.26292	1.58563	0.0794175	1.08431	1.63925	0.30271	0.060817	2.15742	0.0514336	0.935385	1.6988	0.128784	0.859713	1.7922	0.0787915	1.17103	1.71225	0.102361	1.17679	1.58051	0.102063	1.2533	1.64657	0.183871	0.342392	1.92498	0.19114	0.334622	1.98369	0.205741	0.250151	2.00013	0.201321	0.243052	1.93575	0.147953	0.659666	1.87232	0.169286	0.665006	1.92894	0.190162	0.58673	1.96282	0.171357	0.564878	1.90428	0.165406	0.99585	1.79407	0.147394	1.08158	1.61015	0.244839	1.5856	1.77954	0.0219868	0.780933	1.72384	0.283587	0.0344127	1.97232	0.233384	0.0293498	2.12771	0.172193	1.41627	1.68378	0.0740619	0.842421	1.72901	0.03083	0.844149	1.67075	0.302311	0.965921	1.65268	0.311215	1.28329	1.79745
287	1.14035	0.322629	1.44028	1.64904	0.314645	1.61612	1.82935	0.39233	1.26417	1.60896	0.562853	1.10276	1.7842	0.319884	0.0344365	1.37435	0.536712	1.00306	1.90494	0.488537	0.847651	1.73804	0.534916	1.18772	1.81504	0.573928	1.17982	1.69869	0.539289	1.26753	1.74994	0.436046	0.325456	1.55561	0.458695	0.372253	1.5277	0.435615	0.301695	1.4509	0.419258	0.266483	1.50154	0.464154	0.615896	1.74779	0.481487	0.646235	1.69964	0.461815	0.545694	1.66302	0.45156	0.535895	1.72597	0.466283	0.992288	1.7746	0.508388	1.07146	1.73593	0.383964	1.5873	1.78086	0.525263	0.895987	2.02443	0.353866	0.185088	1.2843	0.400268	0.0378005	1.34226	0.472267	1.42293	1.72245	0.480844	0.949519	1.97969	0.530886	0.91309	1.94354	0.261015	1.26288	1.59358	0.0792202	1.08446	1.64666	0.304714	0.0564549	2.15839	0.051265	0.935574	1.70666	0.128134	0.861121	1.80073	0.0780641	1.17139	1.71945	0.102446	1.17676	1.58773	0.101815	1.25343	1.6537	0.183093	0.343833	1.93156	0.19156	0.335738	1.99014	0.205961	0.251194	2.00627	0.200411	0.244177	1.9419	0.147538	0.660711	1.87929	0.168782	0.665506	1.93593	0.189573	0.586851	1.96904	0.170826	0.565675	1.9102	0.165361	0.996609	1.80218	0.147145	1.0815	1.61767	0.244493	1.58618	1.78613	0.0218871	0.781318	1.73212	0.283002	0.0352744	1.97296	0.234568	0.0258489	2.12847	0.171778	1.41648	1.69076	0.0739452	0.842822	1.73716	0.0308217	0.844288	1.67883	0.301926	0.966409	1.66011	0.310923	1.28383	1.80464
288	1.14433	0.322326	1.44082	1.65608	0.314438	1.61667	1.83583	0.391639	1.26434	1.61614	0.562446	1.10273	1.78967	0.319646	0.0358233	1.37681	0.536703	1.00172	1.90939	0.488064	0.846769	1.74636	0.534725	1.1877	1.82089	0.573521	1.18027	1.70459	0.538983	1.26775	1.75618	0.4372	0.325902	1.56458	0.458735	0.373251	1.53692	0.435468	0.303377	1.45947	0.420247	0.267189	1.5098	0.464256	0.615437	1.75695	0.481289	0.645529	1.70851	0.462053	0.544556	1.67266	0.452124	0.535157	1.73579	0.466229	0.992122	1.78235	0.507669	1.07183	1.74143	0.383706	1.58781	1.78735	0.525477	0.893375	2.02774	0.353556	0.189356	1.29278	0.400197	0.0395997	1.34459	0.472201	1.42331	1.72925	0.480921	0.947347	1.98361	0.531085	0.91201	1.94786	0.260619	1.26309	1.6011	0.0789428	1.08465	1.65427	0.305727	0.0527129	2.15909	0.0511054	0.935884	1.71458	0.127675	0.862722	1.80917	0.0772871	1.17182	1.72671	0.102585	1.17675	1.59498	0.101595	1.25361	1.66095	0.182385	0.345252	1.9382	0.192047	0.336803	1.99655	0.206062	0.252239	2.01232	0.199086	0.245387	1.94784	0.146973	0.661808	1.88609	0.168231	0.66602	1.94282	0.188852	0.587076	1.97518	0.170295	0.566427	1.91612	0.165274	0.997315	1.81017	0.146773	1.08149	1.62523	0.244179	1.58678	1.79263	0.0218312	0.781739	1.74053	0.28224	0.0362152	1.97355	0.234354	0.0232149	2.12878	0.171435	1.41673	1.6978	0.0738717	0.843206	1.74534	0.0307972	0.844416	1.68698	0.301591	0.966885	1.66746	0.310656	1.28436	1.81178
289	1.14832	0.321918	1.44134	1.66309	0.314295	1.61729	1.84249	0.391074	1.26455	1.62333	0.562005	1.10281	1.79503	0.319338	0.0374135	1.37957	0.536666	1.00049	1.91378	0.487563	0.845915	1.75465	0.534547	1.18769	1.82673	0.573145	1.18077	1.7103	0.538615	1.26806	1.7624	0.438549	0.32624	1.57372	0.458814	0.374273	1.54651	0.435367	0.305027	1.46832	0.421038	0.267831	1.51844	0.464271	0.614993	1.76609	0.481226	0.644845	1.71745	0.462345	0.543459	1.68237	0.452651	0.53442	1.74564	0.466134	0.992172	1.79017	0.506999	1.0722	1.74682	0.38346	1.58822	1.79392	0.525706	0.890739	2.03088	0.353467	0.193603	1.30134	0.400118	0.0418448	1.34777	0.472137	1.42373	1.73619	0.481167	0.945161	1.98742	0.531369	0.910508	1.95147	0.260144	1.26344	1.60842	0.0785791	1.0849	1.66197	0.306721	0.0493008	2.15975	0.050965	0.936287	1.72261	0.127298	0.864468	1.8175	0.0764817	1.17229	1.73406	0.102692	1.17681	1.60239	0.101397	1.25391	1.66825	0.181697	0.346431	1.94487	0.192544	0.337754	2.00274	0.206278	0.253163	2.01802	0.197585	0.246632	1.95356	0.146384	0.662867	1.8928	0.167752	0.666537	1.9496	0.188166	0.587345	1.9813	0.169667	0.567165	1.9221	0.165225	0.998084	1.81791	0.14633	1.08169	1.63294	0.243855	1.58731	1.79918	0.0217797	0.782165	1.74896	0.281315	0.0368914	1.97419	0.233408	0.0222619	2.12896	0.171165	1.41699	1.70487	0.0736698	0.843706	1.75359	0.0307248	0.844628	1.69522	0.301346	0.967337	1.67468	0.310443	1.28489	1.81893
290	1.15231	0.32154	1.44177	1.67011	0.31413	1.61787	1.84917	0.390782	1.26473	1.63048	0.561539	1.10298	1.80037	0.319075	0.0392964	1.38254	0.536615	0.999299	1.91805	0.487128	0.845064	1.76289	0.534475	1.18763	1.83256	0.572721	1.18131	1.71585	0.538293	1.26833	1.76865	0.439676	0.326501	1.58322	0.45898	0.375177	1.55633	0.435405	0.30672	1.47749	0.421773	0.268599	1.52735	0.464566	0.61464	1.77526	0.48103	0.644131	1.72629	0.46264	0.54241	1.69219	0.453137	0.533772	1.75552	0.465564	0.99235	1.79836	0.50641	1.07268	1.75203	0.383272	1.58862	1.80044	0.526057	0.888099	2.03387	0.353632	0.19795	1.31	0.39992	0.0445988	1.35147	0.472024	1.42419	1.74322	0.481366	0.942915	1.9911	0.531642	0.9088	1.9547	0.259774	1.26381	1.6156	0.0782788	1.08516	1.6696	0.30823	0.0462527	2.16041	0.0508906	0.936719	1.73076	0.1269	0.866317	1.82569	0.0756927	1.17276	1.74142	0.10267	1.17696	1.60995	0.101212	1.25421	1.67556	0.180814	0.347589	1.95135	0.193061	0.338587	2.00881	0.206839	0.253826	2.02321	0.1961	0.247678	1.95903	0.145864	0.663812	1.89951	0.167426	0.667098	1.95631	0.187631	0.587635	1.98746	0.168935	0.567846	1.92814	0.165104	0.998898	1.82558	0.146075	1.08213	1.64063	0.243495	1.58776	1.80581	0.0216406	0.782636	1.75749	0.280516	0.0371713	1.97488	0.232399	0.0221097	2.12954	0.170969	1.41727	1.71203	0.0735914	0.844221	1.76192	0.0306456	0.844988	1.70356	0.301104	0.967772	1.6818	0.310374	1.28534	1.82608
291	1.15629	0.321366	1.44212	1.67714	0.313934	1.61827	1.8557	0.390567	1.26496	1.63752	0.561118	1.10318	1.8056	0.318879	0.0414521	1.38574	0.53668	0.997978	1.92219	0.486709	0.844184	1.77111	0.534428	1.18757	1.83847	0.572181	1.18187	1.72131	0.538151	1.26857	1.77483	0.440507	0.326746	1.59309	0.459055	0.376031	1.56639	0.435507	0.30824	1.48693	0.422701	0.269413	1.53654	0.464479	0.614211	1.78442	0.481184	0.643478	1.73522	0.462848	0.541435	1.70204	0.453557	0.533163	1.76545	0.464938	0.992389	1.80639	0.505498	1.07323	1.75697	0.383036	1.589	1.80693	0.526485	0.885511	2.03678	0.353918	0.202494	1.319	0.399629	0.0478814	1.35562	0.471668	1.42463	1.75012	0.481544	0.940598	1.99466	0.531976	0.90708	1.95782	0.259634	1.26411	1.62257	0.0780246	1.08555	1.67715	0.309584	0.044048	2.16108	0.0507865	0.937196	1.73895	0.126512	0.86828	1.83379	0.0750563	1.1732	1.74879	0.102606	1.17716	1.61758	0.101035	1.2545	1.68288	0.179594	0.348801	1.95749	0.193593	0.339273	2.01478	0.207656	0.254134	2.02788	0.194743	0.248534	1.96407	0.145524	0.664685	1.90625	0.167268	0.667668	1.96298	0.187307	0.587959	1.99368	0.168236	0.56845	1.93433	0.164963	0.999726	1.83317	0.145894	1.0825	1.64834	0.243193	1.5881	1.81242	0.0215158	0.783131	1.76605	0.280378	0.0373852	1.97558	0.231538	0.0220553	2.1303	0.17082	1.41757	1.71931	0.0735227	0.844711	1.77036	0.0305218	0.845323	1.71196	0.300804	0.968262	1.68883	0.310358	1.28574	1.83317
292	1.16028	0.321272	1.44241	1.68418	0.313608	1.61861	1.8621	0.390435	1.26533	1.64445	0.560772	1.1033	1.81069	0.318936	0.0438254	1.38933	0.536744	0.996605	1.92623	0.486203	0.843339	1.77932	0.534473	1.1875	1.84437	0.571521	1.18242	1.7268	0.538026	1.26885	1.78095	0.441304	0.326988	1.60305	0.459146	0.376748	1.57687	0.435574	0.309725	1.49676	0.423476	0.270215	1.54601	0.464432	0.613833	1.79362	0.481231	0.642794	1.74413	0.462979	0.540291	1.71196	0.453955	0.532644	1.77554	0.464421	0.992333	1.81421	0.504122	1.07383	1.76169	0.382723	1.58933	1.81348	0.527018	0.88286	2.03951	0.35428	0.207139	1.32843	0.399575	0.0516436	1.36009	0.471181	1.425	1.75701	0.481756	0.938305	1.9981	0.532272	0.905398	1.9609	0.259485	1.26431	1.62954	0.0777359	1.08593	1.68476	0.309909	0.0427252	2.16186	0.0506915	0.937678	1.74717	0.126036	0.870273	1.84173	0.0745134	1.17363	1.75626	0.102569	1.17733	1.62516	0.100886	1.25476	1.69023	0.177994	0.349936	1.96323	0.194166	0.339591	2.02038	0.208441	0.254155	2.0321	0.193617	0.249273	1.96861	0.145198	0.665511	1.91305	0.167231	0.668196	1.96966	0.18727	0.588347	1.99997	0.167712	0.569019	1.94072	0.164826	1.00062	1.84059	0.145551	1.08279	1.65603	0.242917	1.58834	1.81902	0.0214852	0.783568	1.77467	0.280842	0.0377109	1.9763	0.231009	0.0219495	2.13076	0.170726	1.41787	1.72667	0.0734022	0.845204	1.7788	0.0304198	0.845577	1.72038	0.300538	0.968712	1.69575	0.310344	1.28611	1.84025
293	1.16427	0.321165	1.44264	1.69112	0.313322	1.61889	1.86846	0.390436	1.26585	1.65135	0.560461	1.10336	1.81576	0.319408	0.046372	1.39349	0.536775	0.995401	1.93017	0.485631	0.842504	1.78747	0.534594	1.18739	1.85019	0.570704	1.18296	1.73229	0.537807	1.26914	1.78715	0.441936	0.327319	1.61325	0.459279	0.377478	1.58764	0.435558	0.31113	1.50689	0.424149	0.270982	1.55577	0.464497	0.613518	1.80284	0.481057	0.642133	1.75307	0.463053	0.539099	1.72203	0.454227	0.532124	1.7857	0.463823	0.992318	1.822	0.503266	1.07441	1.76649	0.382471	1.58969	1.82004	0.527565	0.880106	2.04206	0.354794	0.211861	1.33827	0.399862	0.0555636	1.36477	0.470791	1.42528	1.76393	0.482225	0.935995	2.0015	0.532583	0.903724	1.96383	0.259082	1.26445	1.63676	0.0774436	1.0862	1.69242	0.309139	0.0419295	2.16283	0.0505861	0.938154	1.75542	0.125667	0.872145	1.84949	0.0740924	1.17405	1.76382	0.102507	1.17755	1.63275	0.100612	1.25505	1.69774	0.17694	0.350634	1.96883	0.194715	0.339513	2.02552	0.209133	0.253921	2.0359	0.192842	0.249859	1.97283	0.144709	0.666158	1.91985	0.167328	0.668778	1.97626	0.187517	0.588855	2.00631	0.167311	0.569633	1.94721	0.164775	1.00167	1.8479	0.145179	1.08316	1.66378	0.242739	1.58855	1.82565	0.0214776	0.784024	1.78341	0.281391	0.0380303	1.97693	0.23063	0.0218014	2.13098	0.170555	1.41821	1.73406	0.0733111	0.845778	1.78729	0.0302585	0.84593	1.72891	0.300452	0.969177	1.70265	0.310362	1.28646	1.84735
294	1.16826	0.321003	1.44279	1.69799	0.31307	1.61928	1.87501	0.390502	1.26641	1.65825	0.560187	1.10336	1.82076	0.320146	0.0490617	1.39826	0.536866	0.99417	1.93399	0.485016	0.841658	1.79551	0.534735	1.1872	1.85593	0.569896	1.18351	1.7376	0.537588	1.26943	1.79341	0.442443	0.327745	1.62367	0.459301	0.37817	1.59852	0.435618	0.312413	1.51721	0.424702	0.271807	1.56574	0.464517	0.613265	1.81211	0.480779	0.64146	1.76201	0.463109	0.538005	1.73207	0.454404	0.531562	1.79587	0.462989	0.992398	1.8298	0.502793	1.07505	1.77125	0.382208	1.59009	1.82659	0.528093	0.877423	2.04461	0.355505	0.216613	1.34846	0.400188	0.0594563	1.36971	0.470532	1.42561	1.77098	0.482994	0.933666	2.00478	0.532843	0.901974	1.96671	0.258653	1.26468	1.64401	0.0771644	1.08643	1.70019	0.308312	0.0411412	2.16374	0.0504257	0.938584	1.76367	0.125476	0.873895	1.85701	0.073839	1.17449	1.77147	0.102323	1.17782	1.64036	0.100325	1.25537	1.70535	0.176194	0.351096	1.97436	0.195233	0.339176	2.03039	0.209668	0.253528	2.03941	0.192478	0.250284	1.97683	0.144216	0.666665	1.92655	0.167524	0.669392	1.98276	0.187945	0.589561	2.0127	0.1671	0.570272	1.95384	0.16477	1.00286	1.85502	0.144988	1.08357	1.6716	0.242574	1.58877	1.83234	0.0214898	0.784506	1.7922	0.28161	0.038288	1.97739	0.230287	0.0216194	2.1311	0.170426	1.41859	1.74149	0.0732645	0.846369	1.7958	0.0299257	0.846361	1.73756	0.300498	0.969671	1.70953	0.310386	1.2868	1.85443
295	1.17224	0.320911	1.44291	1.70485	0.312805	1.61978	1.88165	0.390425	1.26696	1.66502	0.559986	1.10342	1.82563	0.320896	0.0516998	1.40358	0.537064	0.992789	1.9377	0.484423	0.840849	1.80346	0.534862	1.18699	1.86155	0.569374	1.1841	1.74285	0.537441	1.26967	1.79953	0.4426	0.328033	1.63443	0.459404	0.378807	1.60967	0.435773	0.313744	1.52779	0.425121	0.272625	1.57596	0.464455	0.613105	1.82144	0.48055	0.640711	1.77094	0.463108	0.536852	1.74215	0.454519	0.531112	1.80605	0.462309	0.99252	1.83735	0.502463	1.07575	1.7759	0.381953	1.59056	1.83315	0.528706	0.874694	2.04699	0.356338	0.22133	1.35899	0.400524	0.0636337	1.37541	0.470428	1.42604	1.77803	0.483339	0.931356	2.00787	0.533262	0.900234	1.96947	0.258301	1.26502	1.65118	0.0768455	1.08681	1.70813	0.308401	0.0400246	2.16418	0.0503113	0.938992	1.77197	0.125239	0.875545	1.86422	0.073571	1.17485	1.77913	0.101953	1.17817	1.64803	0.10004	1.2557	1.713	0.175652	0.351431	1.97965	0.195581	0.33868	2.03512	0.210306	0.252935	2.04264	0.192212	0.250649	1.98036	0.143866	0.667147	1.93325	0.167787	0.669998	1.98926	0.18856	0.590262	2.01918	0.167219	0.570872	1.96057	0.164897	1.00409	1.86198	0.144687	1.08386	1.67934	0.242392	1.58904	1.83907	0.0215874	0.785074	1.80102	0.281472	0.0384818	1.97761	0.230093	0.0215723	2.13121	0.170284	1.41903	1.74891	0.0733164	0.84697	1.80432	0.0298233	0.846738	1.74619	0.300588	0.970122	1.71636	0.310477	1.28711	1.86147
296	1.17623	0.320854	1.44315	1.71168	0.312537	1.62044	1.88823	0.390222	1.26756	1.67172	0.559807	1.10348	1.83045	0.321557	0.0541867	1.40942	0.537184	0.991395	1.94146	0.483862	0.840113	1.81133	0.53494	1.18676	1.86717	0.568868	1.18479	1.74799	0.537396	1.26989	1.80554	0.442761	0.328131	1.64548	0.459604	0.379263	1.62118	0.43593	0.315014	1.53874	0.425324	0.27342	1.58653	0.4643	0.61287	1.83078	0.480258	0.639961	1.77998	0.463024	0.535734	1.75228	0.454635	0.530732	1.81639	0.461904	0.992591	1.84455	0.502157	1.07632	1.78058	0.381702	1.59108	1.83975	0.529418	0.871919	2.04913	0.357134	0.225898	1.36985	0.400845	0.0679899	1.38186	0.470388	1.4265	1.78496	0.48372	0.929042	2.01085	0.533773	0.898512	1.97206	0.257968	1.26537	1.65837	0.0764726	1.0872	1.71621	0.309663	0.0387809	2.16401	0.0501949	0.939445	1.78032	0.124844	0.877125	1.87115	0.0733452	1.17517	1.78688	0.101496	1.17852	1.65579	0.0996986	1.25611	1.7207	0.175089	0.351638	1.98447	0.195742	0.338051	2.03955	0.210979	0.252297	2.04553	0.192111	0.250916	1.98339	0.143669	0.667594	1.93995	0.168035	0.670591	1.99575	0.189577	0.590858	2.02582	0.167485	0.571378	1.96734	0.165009	1.00535	1.86887	0.144238	1.0841	1.68699	0.242231	1.58941	1.84582	0.0217423	0.785653	1.80994	0.281137	0.0385982	1.97765	0.230091	0.0216931	2.13135	0.170155	1.41951	1.75629	0.0733783	0.847598	1.81286	0.0297828	0.847131	1.75484	0.300734	0.970579	1.72313	0.310559	1.28741	1.86844
297	1.18022	0.320569	1.44353	1.7181	0.312243	1.62121	1.89484	0.390039	1.26822	1.6784	0.559615	1.10351	1.83523	0.322245	0.0566124	1.41604	0.537353	0.990088	1.9451	0.483286	0.839426	1.81909	0.535084	1.18651	1.8727	0.568263	1.18541	1.75305	0.53743	1.27011	1.81149	0.442739	0.328211	1.65675	0.459624	0.379525	1.63303	0.436172	0.316126	1.54994	0.425463	0.274071	1.59735	0.463988	0.612725	1.84023	0.479868	0.639168	1.78907	0.462803	0.534636	1.76263	0.454535	0.53046	1.82684	0.461706	0.992597	1.85144	0.501824	1.07681	1.78543	0.381406	1.59169	1.84641	0.530215	0.86909	2.05117	0.357938	0.230221	1.38086	0.401036	0.0722093	1.38891	0.470266	1.42691	1.79185	0.484144	0.92675	2.01368	0.534249	0.896806	1.97447	0.257558	1.2658	1.66527	0.0761101	1.08752	1.72435	0.311405	0.0376658	2.16349	0.050035	0.939981	1.78868	0.124406	0.878658	1.87789	0.0733246	1.17559	1.79482	0.100961	1.17894	1.66358	0.099331	1.25653	1.72842	0.174636	0.351746	1.98883	0.195932	0.337391	2.04362	0.211817	0.251592	2.04803	0.192173	0.251138	1.98602	0.143486	0.667982	1.94662	0.168324	0.671187	2.00218	0.191049	0.591414	2.03255	0.167689	0.571844	1.97413	0.165068	1.0067	1.87557	0.143789	1.08434	1.6947	0.242071	1.58992	1.85262	0.0217974	0.786237	1.81888	0.28081	0.0386559	1.97762	0.230307	0.0218332	2.13144	0.169966	1.42002	1.76365	0.0733191	0.848272	1.82152	0.0296484	0.847624	1.76352	0.300958	0.971062	1.72984	0.310594	1.28773	1.87534
298	1.1842	0.319977	1.44415	1.72425	0.312029	1.62202	1.90142	0.389956	1.26899	1.68508	0.559416	1.10355	1.83992	0.32325	0.0590998	1.42371	0.537668	0.988664	1.94855	0.482726	0.838821	1.82672	0.53534	1.1863	1.87799	0.56748	1.18591	1.75815	0.537436	1.27035	1.81739	0.442645	0.328276	1.66834	0.459619	0.379736	1.64521	0.436365	0.317234	1.56141	0.425475	0.274712	1.60833	0.463473	0.612724	1.84981	0.479359	0.638425	1.79832	0.462546	0.533551	1.77318	0.454163	0.530107	1.83734	0.461522	0.992681	1.85817	0.501511	1.07734	1.79015	0.381188	1.59243	1.85302	0.530985	0.866442	2.05312	0.358597	0.234198	1.39184	0.401395	0.0762441	1.39659	0.470212	1.42731	1.79863	0.484762	0.924462	2.01669	0.534806	0.895044	1.97676	0.257238	1.2666	1.67106	0.0757657	1.08787	1.73258	0.312819	0.0367484	2.16298	0.0499306	0.940582	1.79708	0.124103	0.880094	1.88442	0.0734112	1.17604	1.80281	0.100327	1.17939	1.67139	0.0989146	1.25695	1.73618	0.174409	0.351733	1.99284	0.19625	0.336801	2.04724	0.212469	0.250927	2.05029	0.192269	0.251363	1.98835	0.143164	0.668291	1.95315	0.168635	0.671736	2.0085	0.191953	0.592086	2.03899	0.167883	0.572262	1.9808	0.16522	1.00807	1.88203	0.143356	1.08459	1.70243	0.2419	1.5905	1.85942	0.0218661	0.786878	1.82784	0.280636	0.0386917	1.97764	0.230565	0.0219606	2.13152	0.169823	1.42058	1.77098	0.0734265	0.848896	1.83014	0.0295518	0.848136	1.77224	0.30102	0.971427	1.73655	0.310724	1.2881	1.88218
299	1.18819	0.319479	1.44485	1.73081	0.311826	1.62284	1.90799	0.389755	1.26986	1.69163	0.559186	1.10363	1.84455	0.324559	0.0618034	1.43241	0.537999	0.987276	1.95192	0.482211	0.838328	1.83426	0.53561	1.18595	1.88288	0.566344	1.18633	1.76304	0.537352	1.27064	1.82327	0.442475	0.32821	1.6802	0.459696	0.379755	1.65771	0.436615	0.31827	1.57308	0.425276	0.275281	1.61947	0.462866	0.612684	1.85948	0.478749	0.637765	1.80774	0.462198	0.532668	1.78379	0.453648	0.529855	1.84795	0.460931	0.992918	1.86521	0.501227	1.07784	1.79471	0.381008	1.59319	1.85967	0.53177	0.863852	2.05498	0.358868	0.237824	1.40263	0.401836	0.0800197	1.4048	0.470243	1.42774	1.80536	0.485581	0.922233	2.02015	0.535339	0.893313	1.97893	0.257181	1.26778	1.67574	0.0753053	1.08844	1.74093	0.313485	0.0361993	2.1628	0.0498777	0.941212	1.80561	0.123909	0.881368	1.89074	0.0736554	1.17655	1.81091	0.0996023	1.17984	1.67925	0.0985355	1.25745	1.74404	0.174575	0.351682	1.99651	0.19655	0.336263	2.05048	0.21271	0.25046	2.05238	0.192282	0.251476	1.99051	0.14284	0.668509	1.95953	0.168962	0.672194	2.01462	0.19266	0.592702	2.04516	0.168073	0.572666	1.98728	0.165357	1.00935	1.88831	0.142775	1.08489	1.7101	0.241715	1.59109	1.86618	0.0220112	0.787613	1.83687	0.28059	0.0387552	1.9777	0.230691	0.0219986	2.13157	0.169726	1.42123	1.77827	0.073498	0.849609	1.83881	0.0294022	0.84865	1.78104	0.300919	0.97176	1.74315	0.310894	1.28856	1.88901
300	1.19218	0.319284	1.44569	1.73778	0.311676	1.62368	1.91455	0.389353	1.27062	1.69805	0.558938	1.1037	1.84918	0.325785	0.0646372	1.44201	0.538177	0.985896	1.95532	0.481708	0.837986	1.84177	0.535754	1.1857	1.88791	0.565515	1.18692	1.76774	0.537224	1.27096	1.82905	0.442071	0.328094	1.69232	0.459835	0.37971	1.67041	0.436853	0.31928	1.58498	0.424875	0.276031	1.63077	0.462199	0.612711	1.86927	0.478124	0.637156	1.81727	0.46162	0.531806	1.79443	0.453106	0.529797	1.85868	0.459596	0.993319	1.87279	0.500983	1.07827	1.79923	0.380898	1.59402	1.86631	0.532613	0.861205	2.05671	0.358872	0.24107	1.41308	0.402638	0.0834516	1.41403	0.470304	1.42826	1.81206	0.486088	0.920128	2.02355	0.535799	0.891598	1.9809	0.256695	1.26867	1.68219	0.074888	1.08905	1.74934	0.313498	0.035992	2.16302	0.0498283	0.941846	1.81421	0.123614	0.882472	1.89682	0.0739971	1.17712	1.81908	0.0988514	1.18028	1.68719	0.0983567	1.25796	1.75206	0.174725	0.35179	1.99978	0.19682	0.335781	2.05343	0.212835	0.250051	2.05424	0.192191	0.25169	1.99254	0.142766	0.668588	1.96575	0.169299	0.672547	2.02057	0.193342	0.593282	2.05103	0.168235	0.573007	1.9935	0.165311	1.01057	1.89451	0.142093	1.08517	1.7178	0.241546	1.59171	1.87285	0.0221177	0.788372	1.8459	0.280593	0.0388323	1.97778	0.230638	0.0219503	2.1316	0.169643	1.42192	1.78553	0.0737597	0.850294	1.84743	0.0292558	0.849245	1.78991	0.301013	0.972114	1.74964	0.311022	1.2891	1.89581
301	1.19617	0.319214	1.44667	1.74476	0.311613	1.6245	1.92118	0.388908	1.27125	1.70446	0.558698	1.10378	1.85375	0.326786	0.0674277	1.45243	0.538517	0.984603	1.95855	0.481244	0.837748	1.84923	0.535796	1.18566	1.89294	0.565038	1.18759	1.77225	0.537097	1.27128	1.83472	0.441775	0.328008	1.70465	0.459991	0.379599	1.68319	0.43715	0.320296	1.59709	0.42434	0.276906	1.64214	0.46144	0.61278	1.87917	0.477517	0.636637	1.827	0.460937	0.531017	1.80528	0.452463	0.529658	1.86954	0.458937	0.993563	1.8792	0.500693	1.07892	1.80372	0.380813	1.59493	1.87293	0.533512	0.858477	2.05828	0.358902	0.243995	1.42321	0.403497	0.0865612	1.4242	0.470394	1.42879	1.81868	0.486946	0.918025	2.02619	0.536229	0.889924	1.9828	0.255923	1.26942	1.68998	0.0745581	1.08952	1.75773	0.313265	0.0359282	2.16342	0.0498065	0.942516	1.82286	0.12325	0.88351	1.90277	0.0744423	1.17775	1.82734	0.0980298	1.1808	1.69519	0.0983716	1.25851	1.76024	0.1748	0.352027	2.00275	0.19703	0.335392	2.05617	0.21284	0.249616	2.05603	0.192025	0.252007	1.9944	0.142738	0.668769	1.97181	0.169659	0.672846	2.02637	0.193982	0.593747	2.05662	0.168385	0.573297	1.99932	0.165148	1.0117	1.90062	0.141445	1.08556	1.72559	0.241456	1.5923	1.87951	0.0221808	0.78914	1.85496	0.28055	0.0389109	1.97783	0.23051	0.021894	2.13161	0.169533	1.42262	1.7928	0.0741355	0.850886	1.85604	0.0291368	0.849921	1.79886	0.301256	0.972474	1.75605	0.3112	1.28963	1.90257
302	1.20015	0.319087	1.4477	1.75147	0.311559	1.62528	1.92789	0.388436	1.272	1.71088	0.558468	1.10391	1.85824	0.327627	0.0699313	1.46361	0.5391	0.983318	1.9616	0.480808	0.837562	1.85662	0.535786	1.18566	1.898	0.564565	1.18835	1.77691	0.537022	1.27158	1.84027	0.441327	0.327901	1.71695	0.460228	0.379469	1.69613	0.437371	0.321271	1.60931	0.423756	0.277679	1.65364	0.460675	0.612889	1.88917	0.476856	0.636167	1.83678	0.460336	0.530276	1.81633	0.451724	0.529594	1.88048	0.459045	0.993767	1.88448	0.500377	1.07965	1.80819	0.380627	1.59578	1.87954	0.534498	0.85585	2.05975	0.358903	0.246603	1.43329	0.404631	0.0894634	1.43538	0.470511	1.42931	1.82525	0.48747	0.915852	2.02838	0.536783	0.888332	1.98458	0.255379	1.27026	1.69726	0.0742175	1.09	1.76592	0.313219	0.0358218	2.1637	0.0497917	0.943268	1.83159	0.122886	0.884499	1.90868	0.0749759	1.17839	1.83564	0.0970915	1.18135	1.70323	0.0981729	1.25912	1.76824	0.174841	0.352384	2.0055	0.197197	0.335102	2.05873	0.21271	0.249239	2.05772	0.191842	0.252342	1.99614	0.142579	0.66916	1.97767	0.170042	0.673146	2.03201	0.194637	0.593959	2.06192	0.168516	0.573592	2.00476	0.164935	1.01276	1.90651	0.140877	1.08616	1.73344	0.241358	1.59293	1.8862	0.0222631	0.789999	1.86405	0.280425	0.038967	1.97785	0.230415	0.021843	2.1316	0.169453	1.42337	1.80003	0.0738939	0.851836	1.86497	0.0290005	0.850647	1.80786	0.30138	0.972862	1.76242	0.311391	1.29013	1.90922
303	1.20414	0.318816	1.44871	1.75799	0.3115	1.62606	1.93451	0.388038	1.27285	1.71726	0.55823	1.10412	1.86263	0.328654	0.0721767	1.47558	0.539665	0.982138	1.96468	0.480381	0.837524	1.86392	0.535794	1.1857	1.90305	0.563946	1.18909	1.78171	0.537018	1.27199	1.84578	0.440494	0.32774	1.72921	0.46033	0.37929	1.70927	0.437525	0.322295	1.62155	0.423069	0.278478	1.66529	0.459864	0.613005	1.8993	0.476158	0.635758	1.84675	0.459613	0.529629	1.82745	0.450787	0.529741	1.89153	0.459373	0.994075	1.88944	0.499994	1.08026	1.81275	0.380499	1.59661	1.88605	0.535637	0.853283	2.06107	0.358838	0.248921	1.44349	0.405925	0.0921551	1.4476	0.470593	1.42985	1.83177	0.488391	0.913649	2.03066	0.537528	0.886885	1.9864	0.25493	1.27113	1.70404	0.0739379	1.09073	1.77403	0.313496	0.0356495	2.16372	0.0498022	0.944074	1.8403	0.122606	0.885385	1.91459	0.0757775	1.17905	1.8441	0.0960407	1.18191	1.7114	0.097844	1.25971	1.77615	0.174637	0.3528	2.00794	0.197223	0.334867	2.06111	0.212649	0.248973	2.05934	0.191714	0.252622	1.99781	0.142342	0.669722	1.98331	0.17039	0.673437	2.03745	0.19531	0.593934	2.0669	0.168512	0.573873	2.00979	0.164651	1.01374	1.91228	0.140564	1.08672	1.74145	0.241242	1.59366	1.89289	0.0224201	0.790891	1.87322	0.28026	0.0390151	1.97784	0.23042	0.0218267	2.13161	0.169432	1.42414	1.8072	0.0740435	0.852807	1.87376	0.0289019	0.851426	1.81687	0.30139	0.973361	1.76869	0.311545	1.2907	1.91581
304	1.20813	0.318629	1.44961	1.76461	0.311368	1.62683	1.94111	0.387741	1.27375	1.72359	0.55798	1.1044	1.86696	0.32994	0.0742802	1.48827	0.539899	0.98102	1.96777	0.479904	0.837738	1.87113	0.535872	1.18576	1.90797	0.563485	1.18981	1.78669	0.537049	1.27247	1.85122	0.439223	0.327602	1.74155	0.460312	0.379133	1.72247	0.437616	0.323322	1.63383	0.422236	0.279179	1.67704	0.458983	0.61329	1.90959	0.475449	0.63543	1.85684	0.458777	0.529079	1.83861	0.449748	0.529936	1.90272	0.459841	0.994423	1.89415	0.499487	1.08089	1.81726	0.380413	1.59747	1.89259	0.536809	0.850778	2.06224	0.358795	0.251029	1.45391	0.40727	0.094652	1.46068	0.470626	1.43043	1.8382	0.48973	0.911502	2.03304	0.538421	0.885494	1.98828	0.25446	1.27197	1.71075	0.0737907	1.09139	1.78224	0.313985	0.0354635	2.16358	0.0498643	0.944948	1.84899	0.122326	0.886175	1.92037	0.076459	1.17986	1.85257	0.0950574	1.18244	1.7196	0.0975251	1.26036	1.78406	0.174085	0.353197	2.01004	0.197201	0.33463	2.06332	0.212594	0.248738	2.06089	0.191723	0.252851	1.9994	0.142103	0.670287	1.98864	0.170632	0.673603	2.04271	0.195828	0.59374	2.07147	0.168463	0.574164	2.0144	0.164271	1.01463	1.91808	0.140205	1.08738	1.74944	0.241112	1.59439	1.89962	0.0225737	0.791841	1.88245	0.280075	0.0390869	1.9778	0.230497	0.0218562	2.13162	0.169391	1.42498	1.81429	0.0745942	0.85365	1.88237	0.0287837	0.85222	1.82594	0.301465	0.973913	1.77491	0.311748	1.29133	1.92241
305	1.21212	0.318616	1.45046	1.77125	0.311312	1.62759	1.94776	0.387369	1.27458	1.72978	0.557734	1.10466	1.87126	0.331286	0.0761565	1.50149	0.540169	0.979881	1.97075	0.479514	0.838079	1.87817	0.536051	1.18592	1.91291	0.563089	1.19057	1.79172	0.537051	1.27293	1.85655	0.437597	0.327496	1.75392	0.460327	0.378961	1.73573	0.437785	0.324321	1.6463	0.42121	0.279962	1.68896	0.458081	0.61376	1.92004	0.47473	0.635259	1.86707	0.457907	0.528697	1.84986	0.448769	0.53035	1.91408	0.460505	0.994767	1.89898	0.498841	1.08165	1.82177	0.38036	1.59833	1.89921	0.537902	0.848324	2.06335	0.358808	0.253011	1.46478	0.408568	0.0969222	1.47426	0.470635	1.43106	1.84455	0.490729	0.909435	2.03529	0.539204	0.884087	1.9898	0.253939	1.27284	1.7175	0.0736519	1.09208	1.79049	0.31453	0.0352819	2.16344	0.0499455	0.945867	1.85776	0.122148	0.886772	1.92589	0.0770481	1.18078	1.86104	0.0940971	1.18294	1.7278	0.0972543	1.26112	1.79201	0.174009	0.353331	2.01215	0.197116	0.334413	2.06546	0.212562	0.248532	2.06238	0.191807	0.253056	2.00092	0.142007	0.670861	1.99365	0.17085	0.673662	2.04781	0.196152	0.593473	2.07569	0.168357	0.574551	2.01854	0.163858	1.0155	1.92397	0.139776	1.08823	1.75746	0.241012	1.59509	1.90634	0.0226973	0.792864	1.89176	0.279928	0.0391933	1.97776	0.230596	0.0219099	2.13163	0.169324	1.42589	1.82134	0.0749612	0.854539	1.89119	0.0287041	0.853149	1.8351	0.301592	0.974525	1.7811	0.312018	1.29202	1.92893
306	1.2161	0.318632	1.45125	1.77774	0.311258	1.62834	1.95444	0.386846	1.27538	1.73598	0.557503	1.10493	1.8755	0.332477	0.0777357	1.51506	0.540573	0.978913	1.97358	0.479216	0.838474	1.88497	0.536063	1.18621	1.91775	0.562652	1.19141	1.79664	0.537018	1.2734	1.86188	0.436195	0.327465	1.76653	0.460122	0.378879	1.74906	0.437914	0.325393	1.65903	0.420169	0.28072	1.701	0.457173	0.614402	1.93054	0.474007	0.635191	1.87733	0.457041	0.52848	1.8614	0.447968	0.530946	1.9255	0.461063	0.995386	1.90443	0.498046	1.0824	1.82647	0.380314	1.59922	1.90578	0.538949	0.845946	2.06431	0.358858	0.254706	1.47617	0.409667	0.098932	1.48805	0.470725	1.43171	1.85083	0.491587	0.907307	2.03722	0.539895	0.88273	1.99091	0.253377	1.27377	1.72422	0.0735529	1.09298	1.79881	0.315017	0.035139	2.1634	0.0500173	0.946856	1.86668	0.122001	0.887288	1.93136	0.0776955	1.18179	1.86954	0.0931048	1.18345	1.73604	0.0970281	1.26196	1.79998	0.174333	0.353276	2.01423	0.197066	0.334231	2.06738	0.21257	0.248368	2.06375	0.191882	0.25327	2.00231	0.142196	0.671511	1.99863	0.171049	0.67364	2.05271	0.195997	0.593255	2.07953	0.168209	0.57501	2.02232	0.163538	1.01634	1.92988	0.139512	1.08894	1.76562	0.240949	1.59581	1.91299	0.0228155	0.793964	1.9011	0.27983	0.0392754	1.97776	0.230664	0.0219517	2.13166	0.169303	1.42683	1.82833	0.0751594	0.85549	1.90014	0.0286538	0.854111	1.84422	0.301603	0.975232	1.78731	0.312275	1.29276	1.93541
307	1.22009	0.318498	1.45204	1.78412	0.311163	1.62912	1.96107	0.386389	1.27633	1.74221	0.557268	1.1053	1.87973	0.333646	0.07906	1.5289	0.541135	0.978025	1.97636	0.478815	0.838986	1.8917	0.535895	1.18665	1.92238	0.562345	1.19231	1.80157	0.536894	1.27393	1.86726	0.435154	0.327547	1.77932	0.45974	0.378775	1.76243	0.437652	0.32629	1.67184	0.419197	0.281475	1.71321	0.456238	0.615224	1.94108	0.473297	0.635205	1.8876	0.45622	0.528526	1.87306	0.447398	0.531757	1.93699	0.461587	0.996298	1.9109	0.497376	1.08324	1.83098	0.380195	1.60016	1.91232	0.54009	0.843556	2.06517	0.35891	0.256134	1.48798	0.410539	0.100736	1.50179	0.470897	1.43248	1.85704	0.492527	0.905228	2.03867	0.540747	0.881599	1.99229	0.252903	1.27476	1.73084	0.0734423	1.09376	1.80712	0.315235	0.0350608	2.16347	0.0501238	0.947937	1.87566	0.121897	0.88771	1.93681	0.0784566	1.18285	1.87803	0.0920573	1.18402	1.74427	0.0967565	1.26277	1.80792	0.174657	0.353332	2.01604	0.196957	0.334128	2.06913	0.212539	0.248285	2.06509	0.191987	0.253476	2.0036	0.142059	0.672179	2.00329	0.171225	0.673572	2.05743	0.195506	0.593017	2.08304	0.168158	0.575325	2.02582	0.163323	1.01709	1.93565	0.13927	1.08965	1.77372	0.240923	1.59661	1.91965	0.0230414	0.795116	1.91044	0.279765	0.0393501	1.97776	0.230662	0.0219465	2.13167	0.169287	1.42779	1.83525	0.0754163	0.856619	1.9091	0.0285163	0.85512	1.85335	0.301622	0.97607	1.79354	0.312496	1.29357	1.9419
308	1.22408	0.318304	1.4528	1.79051	0.311083	1.62998	1.96767	0.385929	1.27732	1.74837	0.556989	1.10572	1.88393	0.334892	0.0801666	1.543	0.541926	0.977126	1.97912	0.478363	0.839644	1.89838	0.535879	1.187	1.92718	0.562102	1.19326	1.80656	0.536697	1.27454	1.87268	0.434073	0.327715	1.7923	0.459127	0.378708	1.7758	0.437324	0.326977	1.68468	0.418317	0.282174	1.7257	0.45528	0.61606	1.95164	0.472596	0.635405	1.89802	0.455318	0.52867	1.88473	0.44658	0.532699	1.94857	0.461888	0.996906	1.91654	0.496944	1.0842	1.83517	0.380099	1.60113	1.91886	0.541329	0.841314	2.06594	0.358991	0.25733	1.50008	0.411371	0.102375	1.51545	0.471097	1.43325	1.86313	0.493638	0.90343	2.0405	0.542001	0.880584	1.99379	0.252533	1.2758	1.73743	0.0732658	1.09457	1.81543	0.31524	0.0350136	2.16357	0.0503763	0.949034	1.88457	0.121732	0.888084	1.94229	0.079183	1.18389	1.88643	0.0910057	1.18465	1.75254	0.0964924	1.2636	1.81579	0.174816	0.353478	2.0176	0.196826	0.334008	2.07075	0.212438	0.248204	2.06635	0.192163	0.253641	2.00482	0.141906	0.672879	2.00782	0.171341	0.673477	2.06203	0.195255	0.592641	2.08647	0.168084	0.575608	2.02915	0.163175	1.01775	1.94121	0.138949	1.09052	1.78181	0.240953	1.59747	1.92636	0.0233063	0.796304	1.91976	0.279732	0.0394264	1.97776	0.23063	0.0219409	2.13166	0.169241	1.42881	1.84211	0.0758005	0.857741	1.91794	0.0283652	0.856259	1.86253	0.301689	0.977022	1.79973	0.312794	1.29446	1.94836
309	1.22806	0.318333	1.45364	1.79694	0.310997	1.63088	1.97433	0.385467	1.27818	1.75443	0.556724	1.10621	1.88806	0.335975	0.0811067	1.55732	0.542598	0.976291	1.98173	0.478008	0.84033	1.90493	0.535969	1.1873	1.93208	0.561748	1.19422	1.81145	0.536646	1.27526	1.87801	0.432955	0.327913	1.80539	0.458648	0.378737	1.78922	0.437148	0.327581	1.69776	0.417271	0.282614	1.73843	0.454338	0.616954	1.96219	0.471971	0.636021	1.90865	0.454447	0.528881	1.89642	0.445378	0.53381	1.96019	0.462115	0.997359	1.92158	0.496692	1.08522	1.83921	0.380119	1.60213	1.92546	0.542575	0.839214	2.06647	0.358962	0.258302	1.51237	0.412278	0.103793	1.52923	0.471234	1.434	1.8691	0.494565	0.901473	2.04214	0.54316	0.879694	1.99516	0.252159	1.27679	1.74399	0.0731394	1.09557	1.82374	0.315121	0.034967	2.16364	0.0505909	0.950169	1.89353	0.121357	0.888508	1.94787	0.0798901	1.18497	1.89464	0.0900128	1.18534	1.76082	0.0962199	1.26451	1.82362	0.174959	0.353556	2.01906	0.196818	0.333808	2.07222	0.212327	0.248095	2.06753	0.192359	0.253756	2.00594	0.141826	0.673521	2.01227	0.171473	0.673317	2.0665	0.19516	0.59213	2.08984	0.167948	0.575942	2.0324	0.162906	1.01838	1.94704	0.138663	1.0913	1.78989	0.240954	1.59833	1.93303	0.0235477	0.79755	1.92917	0.279737	0.0394942	1.97777	0.230608	0.0219388	2.13166	0.169294	1.42987	1.84892	0.0760747	0.858985	1.92676	0.0282436	0.857452	1.8717	0.301665	0.978023	1.8058	0.313183	1.29541	1.95476
310	1.23205	0.318295	1.45461	1.80328	0.311002	1.63176	1.98098	0.384904	1.27901	1.76051	0.556581	1.10679	1.89212	0.337041	0.0819611	1.57186	0.543068	0.975542	1.98427	0.477727	0.841143	1.91133	0.535814	1.18784	1.93667	0.561323	1.1952	1.81617	0.536752	1.27615	1.88333	0.431716	0.328245	1.8185	0.458065	0.378832	1.80266	0.436808	0.327872	1.71093	0.416052	0.283094	1.75142	0.453411	0.618189	1.97274	0.471582	0.636919	1.91961	0.45372	0.529234	1.90813	0.444207	0.53506	1.9718	0.462285	0.997852	1.92672	0.496107	1.08625	1.84362	0.380172	1.60311	1.93211	0.54386	0.837208	2.06695	0.358756	0.25892	1.5248	0.413269	0.104928	1.54326	0.471429	1.43482	1.87498	0.495464	0.899628	2.04391	0.543953	0.878782	1.99624	0.251632	1.27783	1.75054	0.0730833	1.09659	1.83199	0.315161	0.0348816	2.16365	0.0507451	0.951409	1.90253	0.120791	0.888995	1.95362	0.0807018	1.18618	1.90293	0.0890081	1.18611	1.76907	0.0960332	1.26548	1.8315	0.175122	0.353529	2.02038	0.196678	0.333651	2.07354	0.212284	0.247905	2.06857	0.192548	0.253842	2.00693	0.142061	0.674107	2.01677	0.171593	0.673118	2.07081	0.195024	0.591618	2.09315	0.167738	0.576275	2.03555	0.162632	1.01902	1.95309	0.138358	1.09209	1.79798	0.240956	1.59921	1.9396	0.0237571	0.798871	1.93859	0.279713	0.0395613	1.97776	0.230626	0.0219402	2.13167	0.169319	1.43096	1.85569	0.0761448	0.86018	1.93577	0.0281549	0.858752	1.88083	0.301394	0.979023	1.81173	0.313539	1.29638	1.96113
311	1.23604	0.31812	1.45558	1.80953	0.311007	1.6326	1.98765	0.384238	1.27988	1.76661	0.556363	1.10744	1.89619	0.3382	0.082639	1.58669	0.543563	0.974902	1.98676	0.47746	0.842009	1.9177	0.535748	1.18838	1.94134	0.560932	1.1962	1.82082	0.536711	1.277	1.88851	0.430299	0.328553	1.83172	0.45742	0.378957	1.81611	0.436503	0.328102	1.72422	0.414901	0.283583	1.76453	0.452492	0.619678	1.9832	0.470894	0.63753	1.93	0.452875	0.529848	1.91983	0.443219	0.536502	1.98337	0.462413	0.998497	1.93209	0.495404	1.08728	1.84823	0.380247	1.60409	1.93864	0.545238	0.835194	2.06745	0.358487	0.259265	1.5372	0.414166	0.105885	1.55769	0.471712	1.43575	1.88079	0.496336	0.897795	2.0452	0.54456	0.877667	1.99714	0.251026	1.27888	1.75709	0.0729726	1.09766	1.84043	0.315346	0.0347541	2.16364	0.050932	0.952762	1.91152	0.120519	0.889417	1.9593	0.081627	1.18744	1.91131	0.0879114	1.18693	1.77737	0.0958609	1.26651	1.8394	0.175263	0.353519	2.02155	0.196381	0.33349	2.0746	0.212181	0.247617	2.06946	0.192755	0.253906	2.00777	0.14256	0.674649	2.02136	0.171662	0.672916	2.075	0.194833	0.591143	2.09639	0.167532	0.576506	2.03858	0.162474	1.01959	1.95921	0.137906	1.093	1.80625	0.240981	1.6001	1.94618	0.0239314	0.800314	1.94799	0.279678	0.0396306	1.97774	0.230681	0.021976	2.13165	0.16928	1.43213	1.86243	0.076181	0.861551	1.94476	0.0281247	0.860004	1.89014	0.301081	0.980106	1.8178	0.313794	1.29732	1.96748
312	1.24003	0.317929	1.45663	1.81577	0.311017	1.63347	1.99424	0.383576	1.28081	1.77268	0.556048	1.10817	1.90028	0.339219	0.0832239	1.60182	0.544253	0.974404	1.98925	0.477226	0.842935	1.92403	0.535774	1.18887	1.94615	0.560694	1.19724	1.82551	0.536529	1.27769	1.89347	0.428975	0.328871	1.84504	0.456715	0.379087	1.82963	0.436231	0.328274	1.73771	0.414098	0.284016	1.77776	0.451563	0.621355	1.99367	0.469935	0.638066	1.93976	0.452057	0.530663	1.93137	0.442071	0.53818	1.99481	0.46253	0.999271	1.93753	0.495146	1.08851	1.85198	0.380299	1.60512	1.94507	0.546572	0.83329	2.06786	0.358327	0.259357	1.54964	0.414931	0.106759	1.57249	0.471942	1.43675	1.88654	0.497408	0.896149	2.04651	0.545571	0.876951	1.99816	0.250473	1.27999	1.76362	0.0728707	1.09881	1.84901	0.315536	0.0346123	2.16361	0.0512673	0.954167	1.92043	0.120385	0.889907	1.9652	0.0826113	1.18875	1.91973	0.0867938	1.1878	1.78565	0.0956793	1.26763	1.84725	0.175418	0.353536	2.02255	0.196212	0.333211	2.07536	0.211998	0.247357	2.07024	0.192975	0.253965	2.00843	0.14254	0.675176	2.02557	0.171756	0.672699	2.07907	0.19467	0.59062	2.09954	0.167362	0.576754	2.04151	0.162284	1.02011	1.96536	0.137428	1.09392	1.81466	0.240999	1.601	1.95275	0.0241761	0.801792	1.95744	0.279661	0.039694	1.97772	0.230745	0.0220515	2.13164	0.169313	1.43335	1.86918	0.0764111	0.863039	1.95374	0.0282578	0.861255	1.89974	0.300956	0.981245	1.82394	0.314109	1.29837	1.97376
313	1.24401	0.317953	1.45781	1.82212	0.311142	1.6344	2.00072	0.383179	1.28185	1.77884	0.555804	1.10891	1.90424	0.340166	0.0834966	1.61721	0.544994	0.97406	1.99174	0.477058	0.843959	1.93028	0.535467	1.18959	1.95077	0.560389	1.19841	1.83015	0.536209	1.27829	1.89824	0.427976	0.32935	1.85844	0.456067	0.37921	1.84322	0.435816	0.328415	1.75108	0.413012	0.284502	1.79132	0.450644	0.623215	2.00412	0.469342	0.639128	1.94984	0.451398	0.531841	1.94271	0.440204	0.539949	2.00616	0.462597	1.00006	1.9429	0.495082	1.08973	1.85477	0.380315	1.60618	1.95157	0.547948	0.831637	2.06804	0.358325	0.259199	1.56219	0.415454	0.107313	1.58739	0.471987	1.43762	1.89211	0.498656	0.894743	2.04796	0.547262	0.876817	1.99934	0.250077	1.2812	1.77018	0.0727643	1.10007	1.85748	0.315644	0.0345235	2.16362	0.0516178	0.955381	1.92929	0.120172	0.890456	1.97155	0.0836543	1.19008	1.92804	0.0857331	1.18866	1.7939	0.0955537	1.26883	1.85508	0.175525	0.353625	2.02345	0.196137	0.332745	2.07622	0.211763	0.247134	2.07093	0.193245	0.254056	2.00894	0.142386	0.675628	2.02956	0.171913	0.672422	2.08303	0.194596	0.590048	2.10256	0.167203	0.577001	2.04442	0.161972	1.0206	1.97161	0.137161	1.09491	1.82254	0.240964	1.60191	1.95927	0.0245736	0.803305	1.96706	0.279687	0.0397452	1.97772	0.230757	0.0220475	2.13164	0.16936	1.43454	1.87592	0.0768429	0.864658	1.96271	0.0284674	0.862504	1.90921	0.300963	0.982224	1.82998	0.314523	1.29957	1.98004
