Coordinates
version=1
nRows=386
nColumns=38
inDegrees=no

Units are S.I. units (second, meters, Newtons, ...)
If the header above contains a line with 'inDegrees', this indicates whether rotational values are in degrees (yes) or radians (no).

endheader
time	pelvis_tilt	pelvis_list	pelvis_rotation	pelvis_tx	pelvis_ty	pelvis_tz	hip_flexion_r	hip_adduction_r	hip_rotation_r	knee_angle_r	ankle_angle_r	subtalar_angle_r	mtp_angle_r	hip_flexion_l	hip_adduction_l	hip_rotation_l	knee_angle_l	ankle_angle_l	subtalar_angle_l	mtp_angle_l	lumbar_extension	lumbar_bending	lumbar_rotation	arm_flex_r	arm_add_r	arm_rot_r	elbow_flex_r	pro_sup_r	wrist_flex_r	wrist_dev_r	arm_flex_l	arm_add_l	arm_rot_l	elbow_flex_l	pro_sup_l	wrist_flex_l	wrist_dev_l
0	-0.085531	-0.238925	-1.5905	0.382465	1.08403	-0.226358	0.170286	0.118272	-0.0417566	0.633143	-0.067493	0	0	-0.0889561	-0.0236448	-0.0707458	0.449146	0.0677753	0	0	-0.659466	0.0309789	-0.0673599	0.0553684	-0.200386	0.00561556	0.579818	1.54223	0	0	0.133637	-0.286649	-0.0324781	0.857112	1.47254	0	0
0.00398964	-0.083506	-0.237026	-1.58797	0.38253	1.08254	-0.221395	0.171801	0.116285	-0.0342814	0.607814	-0.0597813	0	0	-0.0904585	-0.0220254	-0.0709398	0.452052	0.0725952	0	0	-0.658086	0.0312257	-0.071187	0.0531255	-0.199886	0.00637815	0.574233	1.54228	0	0	0.13807	-0.289768	-0.0353823	0.865641	1.4741	0	0
0.00797927	-0.0814806	-0.235125	-1.58544	0.382596	1.08105	-0.216432	0.173319	0.114296	-0.026803	0.582493	-0.052076	0	0	-0.0919578	-0.0204059	-0.0711353	0.454962	0.0774185	0	0	-0.656704	0.0314717	-0.0750146	0.0508837	-0.199386	0.00714218	0.568648	1.54233	0	0	0.142502	-0.292887	-0.0382884	0.874169	1.47567	0	0
0.0119689	-0.079454	-0.23322	-1.58292	0.382661	1.07956	-0.211469	0.174848	0.112303	-0.0193167	0.557196	-0.0443868	0	0	-0.0934479	-0.0187863	-0.0713352	0.457883	0.0822511	0	0	-0.655318	0.0317158	-0.0788438	0.0486446	-0.198888	0.00790976	0.56307	1.54238	0	0	0.146928	-0.296004	-0.0411992	0.882695	1.47724	0	0
0.0159585	-0.0774256	-0.231307	-1.58039	0.382726	1.07806	-0.206505	0.176398	0.1103	-0.0118171	0.531948	-0.0367247	0	0	-0.0949205	-0.0171667	-0.0715429	0.460827	0.0871004	0	0	-0.653922	0.0319568	-0.0826758	0.0464108	-0.198394	0.00868356	0.557501	1.54243	0	0	0.151346	-0.299118	-0.0441184	0.891217	1.47881	0	0
0.0199482	-0.0753946	-0.229381	-1.57787	0.38279	1.07656	-0.201541	0.177986	0.108284	-0.00429968	0.506784	-0.0291003	0	0	-0.0963653	-0.0155477	-0.0717622	0.463804	0.0919745	0	0	-0.652512	0.0321935	-0.0865122	0.044186	-0.197904	0.00946664	0.551948	1.54248	0	0	0.15575	-0.302228	-0.0470506	0.899731	1.48039	0	0
0.0239378	-0.0733606	-0.227436	-1.57535	0.382852	1.07506	-0.196577	0.17963	0.106248	0.00323901	0.481747	-0.0215232	0	0	-0.0977707	-0.01393	-0.0719968	0.466829	0.096882	0	0	-0.65108	0.0324248	-0.0903548	0.0419747	-0.197422	0.0102622	0.546415	1.54253	0	0	0.160135	-0.305332	-0.0500009	0.908233	1.48199	0	0
0.0279275	-0.0713234	-0.225465	-1.57284	0.382913	1.07355	-0.191612	0.181353	0.104187	0.0108006	0.456888	-0.0140012	0	0	-0.0991239	-0.0123151	-0.0722501	0.469914	0.101831	0	0	-0.649621	0.0326501	-0.0942052	0.039782	-0.196949	0.0110736	0.540909	1.54258	0	0	0.164494	-0.308427	-0.0529748	0.91672	1.48359	0	0
0.0319171	-0.0692836	-0.223462	-1.57033	0.382971	1.07204	-0.186646	0.183181	0.102097	0.0183843	0.432265	-0.00654025	0	0	-0.100411	-0.0107048	-0.0725247	0.473075	0.10683	0	0	-0.648125	0.0328693	-0.0980644	0.0376136	-0.196487	0.0119044	0.535434	1.54263	0	0	0.168822	-0.311509	-0.0559779	0.925185	1.48521	0	0
0.0359067	-0.0672419	-0.221418	-1.56783	0.383027	1.07052	-0.181678	0.185142	0.0999734	0.0259867	0.407943	0.000855242	0	0	-0.101619	-0.0091015	-0.0728222	0.476325	0.111885	0	0	-0.646586	0.0330827	-0.101933	0.0354754	-0.19604	0.0127576	0.529996	1.54268	0	0	0.173113	-0.314575	-0.0590161	0.933622	1.48685	0	0
0.0398964	-0.0652001	-0.219326	-1.56534	0.383079	1.069	-0.176709	0.187267	0.097813	0.033601	0.383989	0.0081825	0	0	-0.102734	-0.00750842	-0.0731428	0.479679	0.117	0	0	-0.644995	0.0332918	-0.105812	0.0333728	-0.19561	0.0136344	0.524603	1.54273	0	0	0.177358	-0.31762	-0.0620948	0.942025	1.4885	0	0
0.043886	-0.0631606	-0.217178	-1.56287	0.383127	1.06746	-0.171737	0.189585	0.0956146	0.0412177	0.360477	0.0154396	0	0	-0.103743	-0.00592934	-0.0734851	0.483149	0.122181	0	0	-0.643345	0.0334992	-0.1097	0.0313106	-0.1952	0.014534	0.519264	1.54278	0	0	0.181552	-0.32064	-0.0652198	0.950383	1.49016	0	0
0.0478756	-0.0611264	-0.214967	-1.56041	0.38317	1.06592	-0.166762	0.192129	0.0933784	0.0488242	0.337481	0.0226251	0	0	-0.104634	-0.00436868	-0.0738465	0.486748	0.127427	0	0	-0.641629	0.033708	-0.113598	0.029293	-0.194811	0.0154535	0.513991	1.54283	0	0	0.185689	-0.323629	-0.0683965	0.958689	1.49183	0	0
0.0518653	-0.0591014	-0.212688	-1.55797	0.383207	1.06436	-0.161783	0.194926	0.0911063	0.0564054	0.315079	0.0297367	0	0	-0.105396	-0.00283135	-0.0742221	0.490488	0.132737	0	0	-0.639842	0.0339219	-0.117502	0.0273243	-0.194447	0.0163893	0.508791	1.54288	0	0	0.18976	-0.326581	-0.0716305	0.966935	1.49351	0	0
0.0558549	-0.0570893	-0.210335	-1.55555	0.383237	1.0628	-0.156801	0.198004	0.0888014	0.0639433	0.293345	0.0367717	0	0	-0.106022	-0.00132255	-0.0746051	0.494376	0.138109	0	0	-0.637978	0.0341447	-0.121413	0.0254093	-0.194107	0.0173375	0.503676	1.54293	0	0	0.193759	-0.329491	-0.0749276	0.975113	1.4952	0	0
0.0598446	-0.0550944	-0.207905	-1.55315	0.38326	1.06123	-0.151813	0.201388	0.0864688	0.0714178	0.272353	0.0437253	0	0	-0.106505	0.000152308	-0.0749868	0.498422	0.143536	0	0	-0.636035	0.0343801	-0.125326	0.0235526	-0.193794	0.0182934	0.498651	1.54298	0	0	0.197676	-0.332353	-0.0782942	0.983219	1.4969	0	0
0.0638342	-0.0531215	-0.205395	-1.55078	0.383275	1.05964	-0.146819	0.205098	0.0841154	0.0788072	0.252173	0.0505908	0	0	-0.106842	0.00158775	-0.0753572	0.502629	0.149009	0	0	-0.634011	0.0346321	-0.129239	0.0217585	-0.193509	0.0192517	0.493726	1.54303	0	0	0.201501	-0.33516	-0.0817368	0.99125	1.49859	0	0
0.0678238	-0.0511751	-0.202806	-1.54844	0.38328	1.05805	-0.141818	0.20915	0.0817494	0.0860885	0.232872	0.0573588	0	0	-0.107033	0.00297832	-0.0757045	0.507003	0.154518	0	0	-0.631905	0.0349045	-0.133149	0.0200312	-0.193252	0.020206	0.488907	1.54308	0	0	0.205225	-0.337908	-0.0852614	0.999203	1.50028	0	0
0.0718135	-0.0492599	-0.200138	-1.54613	0.383275	1.05645	-0.136808	0.213554	0.0793806	0.0932381	0.214508	0.064017	0	0	-0.107079	0.00431878	-0.0760164	0.511543	0.160049	0	0	-0.629721	0.0352006	-0.137049	0.0183747	-0.193021	0.0211489	0.484201	1.54313	0	0	0.208837	-0.340591	-0.0888729	1.00708	1.50196	0	0
0.0758031	-0.0473805	-0.197395	-1.54386	0.383259	1.05485	-0.13179	0.218312	0.0770204	0.100233	0.197132	0.0705503	0	0	-0.106988	0.00560431	-0.0762798	0.516248	0.165585	0	0	-0.627462	0.0355232	-0.140936	0.0167925	-0.192818	0.0220722	0.479613	1.54318	0	0	0.212326	-0.343205	-0.0925749	1.01487	1.50362	0	0
0.0797927	-0.0455412	-0.194583	-1.54164	0.38323	1.05323	-0.12676	0.223422	0.074681	0.10705	0.180787	0.0769408	0	0	-0.106768	0.00683048	-0.0764817	0.521113	0.171107	0	0	-0.625135	0.0358744	-0.144801	0.015288	-0.192639	0.0229672	0.475148	1.54323	0	0	0.215681	-0.345744	-0.09637	1.02259	1.50526	0	0
0.0837824	-0.0437462	-0.191709	-1.53946	0.383189	1.05162	-0.121719	0.228874	0.0723758	0.113667	0.165507	0.0831678	0	0	-0.106432	0.00799325	-0.0766089	0.526133	0.176594	0	0	-0.622747	0.0362562	-0.148637	0.013864	-0.192484	0.0238249	0.470811	1.54328	0	0	0.218892	-0.348206	-0.10026	1.03023	1.50686	0	0
0.087772	-0.0419996	-0.18878	-1.53734	0.383133	1.05	-0.116663	0.23465	0.0701188	0.120063	0.151313	0.0892086	0	0	-0.105994	0.00908893	-0.0766489	0.531297	0.182021	0	0	-0.620308	0.0366705	-0.152437	0.0125232	-0.192351	0.0246361	0.466608	1.54333	0	0	0.221949	-0.350585	-0.104244	1.03779	1.50843	0	0
0.0917617	-0.0403054	-0.185805	-1.53527	0.383062	1.04838	-0.111593	0.240726	0.0679245	0.12622	0.138217	0.0950386	0	0	-0.105471	0.0101143	-0.0765897	0.536596	0.18736	0	0	-0.617828	0.0371189	-0.156191	0.0112678	-0.192238	0.0253918	0.462542	1.54338	0	0	0.224843	-0.352877	-0.108323	1.04527	1.50996	0	0
0.0957513	-0.038667	-0.182796	-1.53328	0.382975	1.04677	-0.106505	0.247072	0.0658077	0.13212	0.12622	0.100631	0	0	-0.104881	0.0110665	-0.0764208	0.542014	0.192582	0	0	-0.615319	0.0376029	-0.15989	0.0100998	-0.192143	0.0260822	0.458617	1.54343	0	0	0.227567	-0.355078	-0.112495	1.05267	1.51143	0	0
0.0997409	-0.0370876	-0.179763	-1.53135	0.382871	1.04516	-0.101399	0.253651	0.0637826	0.137748	0.115313	0.105959	0	0	-0.104245	0.0119437	-0.0761329	0.547538	0.197651	0	0	-0.612794	0.0381235	-0.163524	0.0090199	-0.192064	0.0266968	0.454839	1.54348	0	0	0.230115	-0.357183	-0.116755	1.05998	1.51285	0	0
0.103731	-0.0355699	-0.17672	-1.52951	0.382748	1.04356	-0.0962717	0.260419	0.0618634	0.143093	0.105477	0.110991	0	0	-0.103588	0.0127444	-0.0757189	0.553147	0.202533	0	0	-0.610267	0.0386813	-0.167082	0.00802855	-0.191998	0.0272245	0.451213	1.54353	0	0	0.232482	-0.359188	-0.121099	1.06719	1.51421	0	0
0.10772	-0.0341159	-0.173679	-1.52775	0.382607	1.04197	-0.0911217	0.267329	0.0600636	0.148146	0.0966838	0.115699	0	0	-0.102933	0.0134678	-0.0751741	0.558822	0.207187	0	0	-0.607754	0.0392763	-0.170553	0.00712544	-0.191943	0.0276542	0.447743	1.54358	0	0	0.234661	-0.36109	-0.125521	1.07432	1.5155	0	0
0.11171	-0.0327272	-0.170656	-1.52609	0.382445	1.0404	-0.0859467	0.274329	0.0583956	0.152901	0.0888972	0.120049	0	0	-0.102309	0.0141138	-0.0744963	0.564539	0.211571	0	0	-0.60527	0.0399081	-0.173925	0.00630955	-0.191897	0.0279748	0.444434	1.54363	0	0	0.23665	-0.362884	-0.130012	1.08134	1.51671	0	0
0.115699	-0.0314047	-0.167666	-1.52452	0.382262	1.03885	-0.0807447	0.281361	0.056871	0.157357	0.0820734	0.124009	0	0	-0.101742	0.014683	-0.0736861	0.570276	0.215641	0	0	-0.602831	0.0405753	-0.177187	0.00557887	-0.191855	0.0281754	0.441291	1.54368	0	0	0.238445	-0.364567	-0.134564	1.08825	1.51784	0	0
0.119689	-0.0301483	-0.164723	-1.52307	0.382058	1.03732	-0.0755133	0.288368	0.0554999	0.16152	0.0761638	0.127545	0	0	-0.101262	0.0151764	-0.0727473	0.576008	0.219351	0	0	-0.600455	0.041276	-0.180326	0.00493039	-0.191817	0.0282447	0.43832	1.54373	0	0	0.240043	-0.366135	-0.139167	1.09505	1.51889	0	0
0.123679	-0.0289576	-0.161844	-1.52173	0.381831	1.03581	-0.0702502	0.295289	0.0542915	0.165396	0.0711173	0.130625	0	0	-0.100898	0.0155957	-0.0716863	0.581708	0.222654	0	0	-0.598157	0.0420076	-0.183332	0.00436029	-0.191777	0.028172	0.435526	1.54378	0	0	0.241441	-0.367586	-0.14381	1.10173	1.51985	0	0
0.127668	-0.0278316	-0.159045	-1.5205	0.381581	1.03433	-0.0649531	0.302067	0.0532534	0.168998	0.0668809	0.133215	0	0	-0.100679	0.0159424	-0.0705125	0.587352	0.225501	0	0	-0.595955	0.0427673	-0.186193	0.0038638	-0.191734	0.0279462	0.432915	1.54383	0	0	0.242638	-0.368917	-0.14848	1.10828	1.52073	0	0
0.131658	-0.0267688	-0.156343	-1.51941	0.381306	1.03289	-0.0596196	0.308643	0.0523924	0.172342	0.0634021	0.135287	0	0	-0.100636	0.0162183	-0.0692382	0.592915	0.227845	0	0	-0.593864	0.0435518	-0.188897	0.00343488	-0.191685	0.0275566	0.430494	1.54388	0	0	0.243631	-0.370126	-0.153166	1.1147	1.52151	0	0
0.135648	-0.0257672	-0.153753	-1.51845	0.381007	1.03148	-0.0542473	0.314962	0.051714	0.175446	0.0606294	0.136811	0	0	-0.100796	0.0164255	-0.067878	0.598374	0.22964	0	0	-0.591901	0.0443575	-0.191435	0.00306602	-0.191625	0.0269931	0.42827	1.54393	0	0	0.244419	-0.37121	-0.157854	1.12097	1.52219	0	0
0.139637	-0.0248244	-0.151291	-1.51762	0.380682	1.03011	-0.0488337	0.320973	0.0512222	0.178332	0.0585135	0.137759	0	0	-0.101187	0.0165657	-0.066449	0.603705	0.230837	0	0	-0.590079	0.0451808	-0.193796	0.00274829	-0.191553	0.0262455	0.426253	1.54398	0	0	0.245	-0.372168	-0.16253	1.12709	1.52279	0	0
0.143627	-0.0239379	-0.148973	-1.51693	0.380331	1.02879	-0.0433765	0.326628	0.0509198	0.181022	0.0570082	0.138102	0	0	-0.101835	0.0166407	-0.0649699	0.608889	0.231393	0	0	-0.588413	0.0460178	-0.195972	0.00247183	-0.191464	0.0253046	0.424449	1.54403	0	0	0.245371	-0.373	-0.167178	1.13306	1.52329	0	0
0.147617	-0.0231044	-0.146811	-1.51638	0.379954	1.02751	-0.0378734	0.331885	0.0508084	0.183539	0.056071	0.137816	0	0	-0.102761	0.0166525	-0.0634608	0.613905	0.231263	0	0	-0.586912	0.0468641	-0.197954	0.00222706	-0.191357	0.0241634	0.422867	1.54408	0	0	0.245532	-0.373703	-0.171785	1.13886	1.52369	0	0
0.151606	-0.0223209	-0.144819	-1.51598	0.379551	1.02627	-0.032322	0.336711	0.0508881	0.185903	0.0556634	0.136873	0	0	-0.103987	0.0166028	-0.0619424	0.618737	0.230404	0	0	-0.585587	0.0477151	-0.199735	0.00200455	-0.191229	0.0228175	0.421508	1.54413	0	0	0.245479	-0.374278	-0.176334	1.14449	1.52401	0	0
0.155596	-0.021584	-0.143008	-1.51572	0.37912	1.02509	-0.0267202	0.341074	0.051158	0.188135	0.0557516	0.13525	0	0	-0.105529	0.016493	-0.0604361	0.623371	0.228775	0	0	-0.584443	0.0485665	-0.201308	0.00179439	-0.191077	0.0212651	0.420374	1.54418	0	0	0.245211	-0.374725	-0.180811	1.14994	1.52423	0	0
0.159585	-0.0208906	-0.141387	-1.51561	0.378663	1.02396	-0.0210659	0.344952	0.051616	0.190254	0.0563064	0.132921	0	0	-0.107405	0.0163242	-0.0589633	0.627794	0.226336	0	0	-0.583487	0.0494142	-0.202669	0.0015857	-0.1909	0.0195052	0.41947	1.54423	0	0	0.244725	-0.375043	-0.1852	1.15521	1.52436	0	0
0.163575	-0.0202373	-0.139965	-1.51563	0.378178	1.02289	-0.0153571	0.348327	0.0522589	0.192274	0.0573034	0.129863	0	0	-0.109624	0.0160969	-0.0575457	0.631996	0.223049	0	0	-0.582721	0.0502541	-0.203812	0.00136668	-0.190696	0.0175378	0.418797	1.54428	0	0	0.244018	-0.375234	-0.189485	1.16028	1.52439	0	0
0.167565	-0.019621	-0.138749	-1.5158	0.377666	1.02188	-0.00959208	0.351189	0.0530826	0.194208	0.0587232	0.126054	0	0	-0.112198	0.0158114	-0.0562043	0.635972	0.218876	0	0	-0.582148	0.051083	-0.204734	0.00112457	-0.190464	0.0153635	0.418359	1.54433	0	0	0.243089	-0.375299	-0.193652	1.16515	1.52434	0	0
0.171554	-0.0190391	-0.137747	-1.51611	0.377128	1.02092	-0.00376913	0.353532	0.0540821	0.196064	0.0605507	0.121473	0	0	-0.115133	0.015467	-0.0549594	0.639716	0.213784	0	0	-0.581765	0.0518978	-0.205433	0.000845615	-0.190204	0.0129832	0.418162	1.54438	0	0	0.241935	-0.375237	-0.197684	1.1698	1.52421	0	0
0.175544	-0.018489	-0.136964	-1.51654	0.376562	1.02003	0.00211311	0.355357	0.0552516	0.197849	0.0627755	0.116103	0	0	-0.118432	0.0150624	-0.0538303	0.64323	0.207742	0	0	-0.581573	0.0526963	-0.205906	0.000515239	-0.189915	0.0103984	0.418212	1.54443	0	0	0.240554	-0.375052	-0.201564	1.17424	1.52399	0	0
0.179534	-0.0179688	-0.136404	-1.51711	0.375971	1.0192	0.00805582	0.35667	0.056585	0.199563	0.065391	0.109929	0	0	-0.122096	0.0145955	-0.0528349	0.646516	0.200721	0	0	-0.581568	0.0534768	-0.206152	0.000118519	-0.189598	0.00761111	0.418513	1.54448	0	0	0.238945	-0.374744	-0.205278	1.17846	1.52371	0	0
0.183523	-0.0174772	-0.136069	-1.51779	0.375353	1.01843	0.0140599	0.357482	0.0580752	0.201204	0.0683943	0.102941	0	0	-0.12612	0.0140637	-0.051989	0.649582	0.192696	0	0	-0.581744	0.0542384	-0.20617	-0.00035924	-0.189252	0.00462448	0.419072	1.54453	0	0	0.237106	-0.374316	-0.208809	1.18244	1.52336	0	0
0.187513	-0.0170133	-0.135961	-1.51859	0.374711	1.01772	0.0201261	0.357809	0.0597147	0.202764	0.0717856	0.0951348	0	0	-0.130498	0.0134631	-0.0513067	0.652439	0.183646	0	0	-0.582097	0.0549811	-0.20596	-0.000932009	-0.188879	0.00144288	0.419893	1.54458	0	0	0.235037	-0.373769	-0.212143	1.18619	1.52294	0	0
0.191503	-0.016577	-0.136081	-1.5195	0.374043	1.01708	0.0262546	0.357671	0.0614955	0.204235	0.0755674	0.0865138	0	0	-0.135216	0.0127894	-0.0507994	0.655102	0.173556	0	0	-0.582618	0.0557054	-0.205523	-0.0016126	-0.188481	-0.00192765	0.420979	1.54463	0	0	0.232738	-0.373106	-0.215267	1.1897	1.52247	0	0
0.195492	-0.0161688	-0.136426	-1.5205	0.373352	1.01651	0.0324456	0.357092	0.0634092	0.205605	0.0797439	0.0770895	0	0	-0.140259	0.012037	-0.0504763	0.657593	0.162415	0	0	-0.583298	0.056413	-0.204861	-0.00241227	-0.188058	-0.00547925	0.422332	1.54468	0	0	0.230212	-0.37233	-0.218167	1.19295	1.52195	0	0
0.199482	-0.0157901	-0.136994	-1.52159	0.372639	1.016	0.0386987	0.356099	0.065447	0.206856	0.084321	0.0668835	0	0	-0.145606	0.0111998	-0.0503436	0.659936	0.150218	0	0	-0.58413	0.0571061	-0.203976	-0.00334044	-0.187613	-0.0092022	0.423952	1.54473	0	0	0.22746	-0.371442	-0.220832	1.19595	1.5214	0	0
0.203472	-0.0154423	-0.137779	-1.52276	0.371903	1.01556	0.0450133	0.354722	0.0675997	0.207974	0.0893054	0.0559279	0	0	-0.15123	0.0102712	-0.0504053	0.662161	0.136967	0	0	-0.585102	0.0577874	-0.202871	-0.00440447	-0.187147	-0.013085	0.425835	1.54478	0	0	0.224488	-0.370447	-0.223253	1.19869	1.52082	0	0
0.207461	-0.0151277	-0.138777	-1.524	0.371147	1.01518	0.0513885	0.352993	0.069858	0.208939	0.0947041	0.0442664	0	0	-0.157101	0.00924412	-0.0506631	0.664303	0.122671	0	0	-0.586203	0.05846	-0.20155	-0.00560921	-0.186663	-0.0171145	0.427979	1.54483	0	0	0.2213	-0.369345	-0.22542	1.20117	1.52023	0	0
0.211451	-0.0148483	-0.139979	-1.52529	0.370371	1.01486	0.0578229	0.350945	0.0722121	0.209733	0.100524	0.0319556	0	0	-0.163184	0.00811145	-0.0511169	0.666403	0.107347	0	0	-0.587424	0.0591274	-0.200017	-0.00695673	-0.186164	-0.0212753	0.430375	1.54488	0	0	0.217905	-0.368141	-0.227327	1.20338	1.51965	0	0
0.21544	-0.0146067	-0.141377	-1.52663	0.369578	1.01461	0.0643148	0.348613	0.0746517	0.210337	0.106771	0.0190654	0	0	-0.169439	0.00686579	-0.0517647	0.668504	0.0910194	0	0	-0.588754	0.0597931	-0.198278	-0.00844619	-0.185653	-0.0255509	0.433014	1.54493	0	0	0.214312	-0.366837	-0.228968	1.20531	1.51908	0	0
0.21943	-0.0144053	-0.14296	-1.528	0.368768	1.01442	0.0708623	0.346034	0.0771667	0.210733	0.11345	0.00568047	0	0	-0.175821	0.00549984	-0.0526027	0.670658	0.0737213	0	0	-0.590179	0.0604606	-0.196338	-0.0100736	-0.185132	-0.0299231	0.435885	1.54498	0	0	0.210531	-0.365436	-0.23034	1.20695	1.51855	0	0
0.22342	-0.0142463	-0.144716	-1.52941	0.367942	1.01429	0.0774629	0.343242	0.0797466	0.210903	0.120564	-0.00810075	0	0	-0.18228	0.00400645	-0.0536258	0.672916	0.0554955	0	0	-0.59169	0.0611334	-0.194205	-0.0118318	-0.184606	-0.0343717	0.438974	1.54503	0	0	0.206575	-0.36394	-0.23144	1.20832	1.51807	0	0
0.227409	-0.0141317	-0.146633	-1.53082	0.367104	1.01423	0.084114	0.340273	0.0823809	0.210833	0.128112	-0.0221669	0	0	-0.188762	0.00237863	-0.0548281	0.675338	0.0363939	0	0	-0.593274	0.0618143	-0.191887	-0.01371	-0.184077	-0.0388755	0.442265	1.54508	0	0	0.202459	-0.362354	-0.232267	1.20939	1.51764	0	0
0.231399	-0.014063	-0.148694	-1.53224	0.366253	1.01422	0.0908127	0.337162	0.0850591	0.210509	0.136095	-0.0363951	0	0	-0.19521	0.000609603	-0.0562028	0.677982	0.0164769	0	0	-0.594919	0.0625061	-0.189391	-0.0156946	-0.183549	-0.0434123	0.445739	1.54513	0	0	0.198199	-0.360679	-0.232822	1.21017	1.5173	0	0
0.235389	-0.0140412	-0.150882	-1.53365	0.365393	1.01428	0.0975556	0.333942	0.0877706	0.209921	0.144506	-0.0506526	0	0	-0.201562	-0.0013071	-0.0577428	0.680912	-0.00418642	0	0	-0.596614	0.0632107	-0.186729	-0.0177687	-0.183025	-0.0479601	0.449376	1.54518	0	0	0.193814	-0.358919	-0.233106	1.21065	1.51705	0	0
0.239378	-0.0140668	-0.153181	-1.53505	0.364524	1.01439	0.104339	0.330646	0.090505	0.20906	0.15334	-0.0647981	0	0	-0.207754	-0.00337756	-0.0594404	0.684191	-0.025518	0	0	-0.598346	0.0639297	-0.183911	-0.0199124	-0.18251	-0.0524969	0.453155	1.54523	0	0	0.189324	-0.357078	-0.233122	1.21082	1.5169	0	0
0.243368	-0.0141394	-0.155571	-1.53641	0.363648	1.01456	0.11116	0.327304	0.093252	0.207925	0.162586	-0.0786852	0	0	-0.21372	-0.00560745	-0.0612878	0.687883	-0.0474309	0	0	-0.600103	0.0646641	-0.180949	-0.0221032	-0.182005	-0.0570009	0.457052	1.54528	0	0	0.184748	-0.35516	-0.232874	1.21068	1.51688	0	0
0.247358	-0.014258	-0.158031	-1.53774	0.362769	1.01478	0.118014	0.323945	0.0960015	0.206514	0.172231	-0.0921664	0	0	-0.219392	-0.00800185	-0.0632771	0.692051	-0.0698307	0	0	-0.601872	0.065414	-0.177858	-0.0243161	-0.181513	-0.061451	0.461045	1.54533	0	0	0.180111	-0.353169	-0.232367	1.21021	1.51698	0	0
0.251347	-0.0144208	-0.160541	-1.53902	0.361886	1.01506	0.124897	0.320596	0.0987435	0.204831	0.182261	-0.105097	0	0	-0.224704	-0.0105653	-0.0654003	0.696755	-0.0926157	0	0	-0.603643	0.0661788	-0.174653	-0.0265239	-0.181039	-0.0658255	0.465107	1.54538	0	0	0.175434	-0.351109	-0.231605	1.20943	1.51721	0	0
0.255337	-0.0146248	-0.16308	-1.54024	0.361002	1.01539	0.131804	0.317282	0.101468	0.202882	0.192658	-0.117339	0	0	-0.229588	-0.0133015	-0.0676494	0.702053	-0.115678	0	0	-0.605401	0.0669572	-0.171347	-0.0286973	-0.180584	-0.0701011	0.469211	1.54543	0	0	0.170742	-0.348984	-0.230595	1.2083	1.51759	0	0
0.259326	-0.0148665	-0.165624	-1.54139	0.360119	1.01577	0.138732	0.31403	0.104164	0.200675	0.203403	-0.12876	0	0	-0.233979	-0.0162137	-0.0700161	0.707997	-0.138903	0	0	-0.607135	0.067747	-0.16796	-0.0308058	-0.180152	-0.0742545	0.473329	1.54548	0	0	0.166062	-0.3468	-0.229342	1.20684	1.51812	0	0
0.263316	-0.0151416	-0.168151	-1.54246	0.359239	1.0162	0.145675	0.310863	0.106823	0.198224	0.214473	-0.13924	0	0	-0.237814	-0.0193043	-0.0724923	0.714635	-0.162171	0	0	-0.608832	0.0685458	-0.164506	-0.0328192	-0.179746	-0.0782634	0.477435	1.54553	0	0	0.161418	-0.344561	-0.227854	1.20502	1.5188	0	0
0.267306	-0.0154453	-0.170642	-1.54344	0.358363	1.01668	0.152631	0.307801	0.109434	0.195546	0.225844	-0.148668	0	0	-0.241033	-0.0225755	-0.0750704	0.722011	-0.185356	0	0	-0.610481	0.0693518	-0.161005	-0.0347084	-0.179368	-0.0821083	0.481506	1.54558	0	0	0.156837	-0.342271	-0.226138	1.20285	1.51963	0	0
0.271295	-0.0157728	-0.173074	-1.54431	0.357494	1.01721	0.159593	0.304865	0.11199	0.19266	0.237488	-0.156949	0	0	-0.24358	-0.02603	-0.0777425	0.730162	-0.20833	0	0	-0.612071	0.0701634	-0.157477	-0.036446	-0.179022	-0.0857723	0.485525	1.54563	0	0	0.152345	-0.339934	-0.224201	1.2003	1.52062	0	0
0.275285	-0.0161189	-0.175429	-1.54507	0.356631	1.01779	0.166558	0.30207	0.114481	0.18959	0.249376	-0.163998	0	0	-0.245403	-0.0296705	-0.0805022	0.739118	-0.230963	0	0	-0.613592	0.0709798	-0.15394	-0.0380065	-0.178708	-0.0892415	0.489478	1.54568	0	0	0.147967	-0.337556	-0.222051	1.19737	1.52175	0	0
0.279275	-0.0164783	-0.17769	-1.5457	0.355777	1.01841	0.173521	0.299431	0.116901	0.186361	0.261475	-0.169748	0	0	-0.246456	-0.0334995	-0.083344	0.748903	-0.253121	0	0	-0.615037	0.0718001	-0.150415	-0.0393669	-0.178429	-0.0925045	0.493356	1.54573	0	0	0.143727	-0.335141	-0.219694	1.19405	1.52303	0	0
0.283264	-0.0168456	-0.17984	-1.54619	0.354934	1.01908	0.180478	0.296956	0.119244	0.183	0.273752	-0.17415	0	0	-0.2467	-0.0375191	-0.0862642	0.75953	-0.274676	0	0	-0.616397	0.0726234	-0.146922	-0.0405065	-0.178186	-0.0955518	0.497152	1.54578	0	0	0.139644	-0.332698	-0.217136	1.19034	1.52445	0	0
0.287254	-0.0172152	-0.181866	-1.54653	0.354101	1.01979	0.187424	0.294652	0.121504	0.179536	0.286171	-0.17717	0	0	-0.246102	-0.0417314	-0.0892608	0.771005	-0.295497	0	0	-0.617667	0.0734484	-0.143482	-0.0414058	-0.177979	-0.0983743	0.500861	1.54583	0	0	0.135739	-0.330233	-0.214381	1.18623	1.52598	0	0
0.291244	-0.0175815	-0.183755	-1.54671	0.353281	1.02054	0.194355	0.292521	0.123676	0.175995	0.29869	-0.178793	0	0	-0.244634	-0.0461378	-0.0923333	0.783321	-0.315462	0	0	-0.61884	0.0742736	-0.140114	-0.0420465	-0.177811	-0.100962	0.504474	1.54588	0	0	0.132027	-0.327754	-0.211435	1.18172	1.52762	0	0
0.295233	-0.0179389	-0.185496	-1.54672	0.352473	1.02132	0.201267	0.290562	0.125753	0.1724	0.311268	-0.17902	0	0	-0.242277	-0.0507388	-0.0954827	0.796464	-0.334454	0	0	-0.61991	0.0750968	-0.136837	-0.0424116	-0.177682	-0.103306	0.507983	1.54593	0	0	0.12852	-0.325273	-0.208299	1.17681	1.52934	0	0
0.299223	-0.0182815	-0.187078	-1.54655	0.351678	1.02215	0.208156	0.288771	0.12773	0.168769	0.323858	-0.177871	0	0	-0.239017	-0.055534	-0.0987109	0.810406	-0.352364	0	0	-0.620872	0.0759154	-0.133671	-0.0424856	-0.177593	-0.105395	0.511379	1.54599	0	0	0.125228	-0.322797	-0.204977	1.17149	1.53112	0	0
0.303212	-0.0186039	-0.188493	-1.54619	0.350896	1.02301	0.215016	0.287137	0.129602	0.165119	0.336411	-0.175382	0	0	-0.234851	-0.0605214	-0.10202	0.82511	-0.369095	0	0	-0.621719	0.0767262	-0.130631	-0.0422558	-0.177544	-0.107223	0.514656	1.54604	0	0	0.122159	-0.320338	-0.201472	1.16578	1.53295	0	0
0.307202	-0.0189007	-0.189735	-1.54565	0.350128	1.02391	0.221844	0.285649	0.131364	0.161463	0.348876	-0.171602	0	0	-0.229782	-0.0656968	-0.105414	0.840526	-0.384562	0	0	-0.62245	0.0775258	-0.127732	-0.0417136	-0.177535	-0.108785	0.517811	1.54609	0	0	0.119315	-0.317903	-0.197789	1.15967	1.5348	0	0
0.311192	-0.0191668	-0.190801	-1.5449	0.349372	1.02484	0.228634	0.284289	0.13301	0.157812	0.361202	-0.166595	0	0	-0.223826	-0.0710534	-0.108892	0.856593	-0.398693	0	0	-0.623061	0.0783096	-0.124987	-0.0408546	-0.177566	-0.11008	0.520845	1.54614	0	0	0.116697	-0.315499	-0.193935	1.15317	1.53666	0	0
0.315181	-0.019397	-0.191694	-1.54397	0.348627	1.02579	0.235383	0.283033	0.134539	0.154179	0.373339	-0.160436	0	0	-0.217009	-0.0765804	-0.112456	0.873243	-0.411426	0	0	-0.623555	0.079072	-0.122402	-0.0396799	-0.177638	-0.111111	0.523765	1.54619	0	0	0.114303	-0.313132	-0.189919	1.1463	1.53849	0	0
0.319171	-0.0195859	-0.192418	-1.54285	0.347894	1.02677	0.242084	0.281855	0.135947	0.150575	0.385238	-0.153207	0	0	-0.209367	-0.0822629	-0.116105	0.890396	-0.422718	0	0	-0.623933	0.0798051	-0.119981	-0.0381949	-0.17775	-0.111885	0.526581	1.54624	0	0	0.112126	-0.310805	-0.18575	1.13905	1.54029	0	0
0.323161	-0.0197277	-0.192982	-1.54155	0.347171	1.02777	0.248733	0.280723	0.137233	0.147013	0.396853	-0.145001	0	0	-0.200948	-0.0880816	-0.119836	0.907965	-0.432537	0	0	-0.624203	0.0804994	-0.117723	-0.0364096	-0.177902	-0.112409	0.529307	1.54629	0	0	0.11016	-0.308521	-0.181436	1.13145	1.54203	0	0
0.32715	-0.0198164	-0.1934	-1.54009	0.346455	1.02879	0.255322	0.279602	0.138395	0.143506	0.408142	-0.135913	0	0	-0.191808	-0.0940129	-0.123644	0.925858	-0.440867	0	0	-0.624374	0.0811435	-0.115621	-0.034338	-0.178094	-0.112695	0.531961	1.54634	0	0	0.108392	-0.306282	-0.176989	1.12351	1.54371	0	0
0.33114	-0.0198459	-0.193689	-1.53849	0.345745	1.02982	0.261846	0.278454	0.139434	0.140071	0.419066	-0.126041	0	0	-0.182012	-0.100029	-0.127521	0.943978	-0.447704	0	0	-0.624456	0.0817248	-0.113667	-0.0319988	-0.178324	-0.112759	0.534564	1.54639	0	0	0.10681	-0.304087	-0.17242	1.11524	1.5453	0	0
0.33513	-0.01981	-0.19387	-1.53675	0.345039	1.03086	0.268297	0.277239	0.140351	0.136723	0.429591	-0.115486	0	0	-0.171632	-0.106097	-0.131458	0.962227	-0.453063	0	0	-0.624465	0.0822294	-0.111849	-0.0294142	-0.178593	-0.112619	0.537142	1.54644	0	0	0.105399	-0.301935	-0.167741	1.10667	1.54681	0	0
0.339119	-0.0197025	-0.193964	-1.53492	0.344334	1.0319	0.274667	0.275913	0.141147	0.133478	0.439686	-0.104348	0	0	-0.160744	-0.112181	-0.135439	0.980504	-0.456973	0	0	-0.624416	0.0826423	-0.110149	-0.026609	-0.178899	-0.112298	0.539722	1.54649	0	0	0.104143	-0.299824	-0.162964	1.0978	1.54822	0	0
0.343109	-0.019517	-0.193998	-1.53301	0.343626	1.03294	0.280946	0.274435	0.141825	0.130355	0.449326	-0.0927254	0	0	-0.149431	-0.118242	-0.139449	0.998708	-0.459476	0	0	-0.624327	0.0829479	-0.108551	-0.0236099	-0.17924	-0.111818	0.542333	1.54654	0	0	0.103024	-0.297751	-0.158101	1.08867	1.54953	0	0
0.347098	-0.0192474	-0.193997	-1.53105	0.342913	1.03396	0.287126	0.272761	0.142387	0.127374	0.458488	-0.0807135	0	0	-0.137775	-0.124235	-0.143468	1.01674	-0.460632	0	0	-0.624217	0.08313	-0.107032	-0.0204444	-0.179617	-0.111204	0.545003	1.54659	0	0	0.102024	-0.295713	-0.153167	1.07929	1.55073	0	0
0.351088	-0.0188878	-0.193988	-1.52906	0.342191	1.03496	0.293194	0.27085	0.142837	0.124552	0.467156	-0.0684041	0	0	-0.125862	-0.130115	-0.147473	1.0345	-0.46051	0	0	-0.624106	0.0831725	-0.105571	-0.0171401	-0.180029	-0.110478	0.547757	1.54664	0	0	0.101126	-0.293705	-0.148173	1.06969	1.55183	0	0
0.355078	-0.0184331	-0.193997	-1.52708	0.341456	1.03594	0.299138	0.268662	0.14318	0.12191	0.475315	-0.0558844	0	0	-0.113776	-0.135834	-0.151439	1.05189	-0.459195	0	0	-0.624013	0.0830601	-0.104144	-0.0137243	-0.180474	-0.109665	0.550623	1.54669	0	0	0.10031	-0.291723	-0.143132	1.05988	1.55283	0	0
0.359067	-0.0178787	-0.19405	-1.52512	0.340704	1.03688	0.304946	0.266161	0.143419	0.119467	0.482954	-0.0432366	0	0	-0.1016	-0.141343	-0.155341	1.06883	-0.456779	0	0	-0.623957	0.0827782	-0.102729	-0.0102233	-0.180953	-0.108787	0.553623	1.54674	0	0	0.0995596	-0.289764	-0.138056	1.04989	1.55373	0	0
0.363057	-0.0172213	-0.19417	-1.52322	0.339931	1.03777	0.310601	0.263315	0.143561	0.11724	0.490068	-0.0305369	0	0	-0.0894148	-0.146595	-0.159153	1.08521	-0.453359	0	0	-0.623957	0.0823142	-0.101302	-0.00666246	-0.181466	-0.107866	0.556779	1.54679	0	0	0.0988561	-0.287822	-0.132958	1.03974	1.55453	0	0
0.367047	-0.0164649	-0.194373	-1.52141	0.339166	1.03869	0.316227	0.260092	0.14361	0.115245	0.496654	-0.0178554	0	0	-0.0772962	-0.151541	-0.162853	1.10097	-0.44904	0	0	-0.62403	0.0816558	-0.0998415	-0.00306541	-0.182012	-0.106922	0.560112	1.54684	0	0	0.0981823	-0.285894	-0.127851	1.02946	1.55525	0	0
0.371036	-0.0156083	-0.194677	-1.51969	0.33841	1.03964	0.321827	0.256471	0.143573	0.113497	0.502712	-0.00525575	0	0	-0.0653139	-0.15614	-0.166417	1.11601	-0.443924	0	0	-0.624191	0.0807945	-0.0983252	0.000545727	-0.182594	-0.105974	0.563638	1.54689	0	0	0.0975211	-0.283974	-0.122747	1.01906	1.55587	0	0
0.375026	-0.0146516	-0.195101	-1.51811	0.337662	1.04061	0.327405	0.252433	0.143459	0.112006	0.508246	0.00720479	0	0	-0.0535311	-0.160355	-0.169828	1.13028	-0.438114	0	0	-0.62445	0.0797246	-0.0967321	0.0041507	-0.183211	-0.105038	0.567373	1.54694	0	0	0.0968561	-0.282059	-0.117661	1.00856	1.55642	0	0
0.379016	-0.0135953	-0.195658	-1.51667	0.336922	1.04161	0.332965	0.247967	0.143276	0.110782	0.513263	0.0194752	0	0	-0.0420035	-0.164153	-0.173072	1.1437	-0.43171	0	0	-0.624817	0.0784431	-0.0950428	0.00773152	-0.183866	-0.104128	0.571328	1.54699	0	0	0.0961715	-0.280143	-0.112603	0.998	1.55689	0	0
0.383005	-0.012441	-0.196359	-1.5154	0.336189	1.04264	0.33851	0.243068	0.143035	0.109831	0.517773	0.0315105	0	0	-0.0307782	-0.167509	-0.176136	1.15623	-0.424806	0	0	-0.625295	0.0769502	-0.0932398	0.0112728	-0.18456	-0.103256	0.575511	1.54704	0	0	0.0954529	-0.278224	-0.107588	0.987384	1.55729	0	0
0.386995	-0.0111921	-0.197212	-1.5143	0.335463	1.0437	0.344043	0.237738	0.142746	0.109154	0.521786	0.043272	0	0	-0.0198942	-0.170403	-0.179013	1.16781	-0.417488	0	0	-0.625886	0.0752493	-0.0913087	0.0147619	-0.185295	-0.102431	0.579929	1.5471	0	0	0.0946868	-0.276297	-0.102625	0.976738	1.55763	0	0
0.390984	-0.00985376	-0.198219	-1.51339	0.334744	1.04477	0.349566	0.231981	0.142419	0.108749	0.525319	0.0547263	0	0	-0.00938196	-0.172823	-0.181696	1.1784	-0.409834	0	0	-0.626591	0.0733472	-0.089238	0.018188	-0.186075	-0.10166	0.584586	1.54715	0	0	0.0938605	-0.274361	-0.0977292	0.966082	1.55791	0	0
0.394974	-0.0084343	-0.199382	-1.51268	0.334031	1.04587	0.355081	0.22581	0.142064	0.108611	0.528387	0.0658449	0	0	0.000735159	-0.174763	-0.184183	1.18798	-0.401914	0	0	-0.627406	0.0712531	-0.0870194	0.0215419	-0.186901	-0.100948	0.589486	1.5472	0	0	0.0929624	-0.272411	-0.092911	0.955436	1.55814	0	0
0.398964	-0.00694436	-0.200697	-1.51217	0.333325	1.04699	0.36059	0.21924	0.141693	0.10873	0.531012	0.076604	0	0	0.0104409	-0.176222	-0.186472	1.19652	-0.393789	0	0	-0.628327	0.0689789	-0.0846473	0.0248163	-0.187778	-0.100298	0.594631	1.54725	0	0	0.0919815	-0.270447	-0.0881827	0.944817	1.55832	0	0
0.402953	-0.00539574	-0.202158	-1.51185	0.332627	1.04812	0.366094	0.212289	0.141314	0.109094	0.533214	0.0869837	0	0	0.019726	-0.177205	-0.188567	1.20399	-0.385512	0	0	-0.629348	0.0665388	-0.0821188	0.0280056	-0.188707	-0.0997129	0.600024	1.5473	0	0	0.0909084	-0.268466	-0.0835557	0.934244	1.55847	0	0
0.406943	-0.00380104	-0.203756	-1.51173	0.331938	1.04926	0.371594	0.204984	0.140939	0.109689	0.535016	0.096968	0	0	0.0285877	-0.177724	-0.190472	1.2104	-0.377127	0	0	-0.630459	0.0639488	-0.0794339	0.031106	-0.189692	-0.0991921	0.605666	1.54735	0	0	0.0897344	-0.266466	-0.0790406	0.923732	1.55858	0	0
0.410933	-0.00217319	-0.205481	-1.51181	0.331256	1.05041	0.37709	0.197349	0.140575	0.110496	0.536442	0.106544	0	0	0.0370298	-0.177793	-0.192194	1.21573	-0.368671	0	0	-0.63165	0.0612267	-0.0765956	0.0341164	-0.190738	-0.0987344	0.611555	1.5474	0	0	0.0884528	-0.264448	-0.0746474	0.913297	1.55865	0	0
0.414922	-0.000525152	-0.20732	-1.51206	0.330585	1.05157	0.382583	0.189418	0.140231	0.111496	0.537518	0.115703	0	0	0.0450623	-0.177432	-0.193744	1.21999	-0.360172	0	0	-0.632911	0.0583915	-0.0736101	0.0370379	-0.191846	-0.0983367	0.61769	1.54745	0	0	0.0870581	-0.26241	-0.0703854	0.902954	1.55871	0	0
0.418912	0.00113044	-0.209258	-1.51249	0.329923	1.05273	0.388073	0.181223	0.139914	0.112667	0.53827	0.124436	0	0	0.0527005	-0.176664	-0.195132	1.22318	-0.351655	0	0	-0.634227	0.0554629	-0.0704863	0.0398741	-0.19302	-0.097994	0.624065	1.5475	0	0	0.0855461	-0.260353	-0.0662626	0.892714	1.55874	0	0
0.422902	0.0027815	-0.211278	-1.51308	0.329272	1.05388	0.393558	0.172801	0.139629	0.113987	0.538724	0.132741	0	0	0.0599645	-0.175517	-0.196373	1.2253	-0.343138	0	0	-0.635586	0.0524611	-0.0672365	0.0426314	-0.194262	-0.0977002	0.630674	1.54755	0	0	0.0839146	-0.258279	-0.0622852	0.882588	1.55875	0	0
0.426891	0.00441674	-0.213362	-1.51382	0.328632	1.05502	0.399039	0.16419	0.139382	0.115429	0.538906	0.140615	0	0	0.0668791	-0.174019	-0.197481	1.22637	-0.334634	0	0	-0.636975	0.0494064	-0.063876	0.0453187	-0.195575	-0.0974479	0.637508	1.5476	0	0	0.0821627	-0.256192	-0.0584585	0.87259	1.55876	0	0
0.430881	0.00602598	-0.215492	-1.51468	0.328004	1.05615	0.404514	0.155427	0.139175	0.116971	0.538842	0.148059	0	0	0.0734709	-0.172202	-0.198473	1.22641	-0.326153	0	0	-0.63838	0.0463186	-0.0604218	0.0479466	-0.196958	-0.0972288	0.644558	1.54765	0	0	0.0802909	-0.254094	-0.0547872	0.862727	1.55875	0	0
0.43487	0.0076004	-0.21765	-1.51565	0.327388	1.05727	0.409982	0.146553	0.13901	0.118586	0.538561	0.155075	0	0	0.0797675	-0.170097	-0.199367	1.22544	-0.317702	0	0	-0.639787	0.0432159	-0.0568914	0.0505271	-0.198415	-0.0970342	0.651811	1.5477	0	0	0.0782999	-0.251989	-0.0512767	0.853012	1.55873	0	0
0.43886	0.00913258	-0.219818	-1.51671	0.326786	1.05836	0.415442	0.137603	0.138887	0.120252	0.538089	0.161668	0	0	0.0857959	-0.167736	-0.200183	1.22346	-0.309284	0	0	-0.641187	0.0401152	-0.0533033	0.0530734	-0.199945	-0.0968545	0.659255	1.54775	0	0	0.0761912	-0.24988	-0.0479327	0.843456	1.5587	0	0
0.44285	0.0106164	-0.221979	-1.51784	0.326198	1.05943	0.420891	0.128613	0.138807	0.121946	0.537453	0.167846	0	0	0.0915826	-0.16515	-0.200942	1.2205	-0.3009	0	0	-0.64257	0.0370318	-0.049676	0.0555996	-0.20155	-0.0966803	0.666875	1.5478	0	0	0.0739662	-0.24777	-0.044761	0.834069	1.55868	0	0
0.446839	0.0120467	-0.224117	-1.51904	0.325624	1.06047	0.42633	0.11962	0.138768	0.123649	0.53668	0.173616	0	0	0.0971529	-0.16237	-0.201665	1.21658	-0.292551	0	0	-0.643924	0.0339796	-0.0460275	0.0581202	-0.203231	-0.096502	0.674656	1.54785	0	0	0.071628	-0.245662	-0.0417672	0.824862	1.55865	0	0
0.450829	0.0134191	-0.226216	-1.52028	0.325066	1.06148	0.431756	0.110654	0.138768	0.125344	0.535795	0.178991	0	0	0.102531	-0.159427	-0.202376	1.21173	-0.284236	0	0	-0.645242	0.0309713	-0.0423751	0.0606503	-0.204987	-0.0963103	0.682581	1.54791	0	0	0.0691809	-0.243558	-0.0389559	0.815837	1.55862	0	0
0.454819	0.0147303	-0.228262	-1.52155	0.324522	1.06245	0.437168	0.101746	0.138805	0.127015	0.534822	0.183983	0	0	0.107739	-0.156348	-0.203094	1.20595	-0.275955	0	0	-0.646515	0.0280175	-0.0387352	0.0632052	-0.206819	-0.0960958	0.690634	1.54796	0	0	0.0666297	-0.241461	-0.0363319	0.806998	1.5586	0	0
0.458808	0.0159783	-0.230242	-1.52284	0.323994	1.06338	0.442565	0.0929236	0.138878	0.128651	0.533786	0.188607	0	0	0.112797	-0.153159	-0.20384	1.19927	-0.267708	0	0	-0.647738	0.0251271	-0.0351228	0.0657996	-0.208727	-0.0958496	0.698798	1.54801	0	0	0.063979	-0.23937	-0.0339001	0.798351	1.55858	0	0
0.462798	0.0171616	-0.232146	-1.52414	0.323481	1.06426	0.447945	0.0842107	0.138984	0.130243	0.532708	0.19288	0	0	0.117719	-0.149885	-0.204633	1.1917	-0.259493	0	0	-0.648905	0.0223068	-0.0315516	0.0684474	-0.210711	-0.0955631	0.707055	1.54806	0	0	0.0612334	-0.237289	-0.0316658	0.789898	1.55856	0	0
0.466788	0.0182799	-0.233965	-1.52544	0.322984	1.0651	0.453309	0.0756274	0.13912	0.131784	0.531608	0.196821	0	0	0.122519	-0.146548	-0.205492	1.18327	-0.251314	0	0	-0.650014	0.0195623	-0.0280336	0.0711615	-0.21277	-0.095228	0.715391	1.54811	0	0	0.0583976	-0.235218	-0.0296333	0.781643	1.55854	0	0
0.470777	0.019333	-0.235694	-1.52673	0.322502	1.06589	0.458656	0.0671901	0.139283	0.13327	0.530508	0.200451	0	0	0.127204	-0.143167	-0.20643	1.17399	-0.243173	0	0	-0.651064	0.0168975	-0.024579	0.0739535	-0.214905	-0.0948363	0.723792	1.54816	0	0	0.0554754	-0.233158	-0.0278061	0.77359	1.55853	0	0
0.474767	0.0203217	-0.23733	-1.52802	0.322035	1.06663	0.463984	0.0589104	0.139472	0.134701	0.529423	0.203791	0	0	0.131779	-0.139758	-0.207461	1.16387	-0.235073	0	0	-0.652056	0.0143142	-0.0211946	0.0768326	-0.217115	-0.0943806	0.732245	1.54821	0	0	0.0524701	-0.231109	-0.0261864	0.765741	1.55853	0	0
0.478756	0.0212474	-0.238873	-1.52931	0.321583	1.06731	0.469294	0.0507953	0.139682	0.136078	0.528373	0.206868	0	0	0.13624	-0.136334	-0.208596	1.15292	-0.227022	0	0	-0.652993	0.0118123	-0.0178842	0.0798057	-0.219401	-0.0938548	0.740738	1.54826	0	0	0.0493841	-0.229071	-0.0247753	0.758098	1.55853	0	0
0.482746	0.0221118	-0.240324	-1.53059	0.321145	1.06794	0.474587	0.0428485	0.139913	0.137406	0.527371	0.209707	0	0	0.140583	-0.132904	-0.209843	1.14117	-0.219025	0	0	-0.653877	0.00938975	-0.0146493	0.0828783	-0.221765	-0.0932538	0.74926	1.54831	0	0	0.0462201	-0.227043	-0.0235721	0.750663	1.55853	0	0
0.486736	0.0229169	-0.241687	-1.53187	0.32072	1.06851	0.479862	0.0350709	0.140159	0.138692	0.526434	0.212336	0	0	0.144798	-0.129476	-0.211207	1.12861	-0.211092	0	0	-0.654713	0.00704358	-0.0114895	0.0860544	-0.224204	-0.0925741	0.7578	1.54836	0	0	0.0429811	-0.225026	-0.0225746	0.743437	1.55854	0	0
0.490725	0.0236648	-0.242967	-1.53315	0.320307	1.06902	0.485119	0.0274621	0.14042	0.139945	0.525573	0.214783	0	0	0.148876	-0.126055	-0.212687	1.11525	-0.203236	0	0	-0.655506	0.00477	-0.00840352	0.0893369	-0.22672	-0.0918137	0.766349	1.54841	0	0	0.03967	-0.223018	-0.0217783	0.736418	1.55856	0	0
0.494715	0.0243573	-0.244169	-1.53444	0.319908	1.06948	0.49036	0.0200205	0.140693	0.14117	0.524803	0.217078	0	0	0.152807	-0.122642	-0.21428	1.10112	-0.19547	0	0	-0.65626	0.00256489	-0.00538965	0.0927278	-0.229312	-0.0909712	0.774897	1.54846	0	0	0.0362898	-0.221021	-0.021177	0.729607	1.55858	0	0
0.498705	0.0249957	-0.245298	-1.53575	0.319519	1.06987	0.495586	0.0127434	0.140977	0.142375	0.524134	0.21925	0	0	0.156579	-0.119239	-0.215975	1.08621	-0.18781	0	0	-0.65698	0.000424283	-0.00244644	0.0962289	-0.231978	-0.0900464	0.783434	1.54851	0	0	0.0328429	-0.219034	-0.0207632	0.723006	1.5586	0	0
0.502694	0.0255805	-0.246359	-1.53706	0.319143	1.07019	0.500797	0.00562708	0.14127	0.143566	0.523579	0.221331	0	0	0.160183	-0.115844	-0.217758	1.07054	-0.180272	0	0	-0.657671	-0.00165493	0.000427257	0.0998406	-0.234715	-0.0890398	0.79195	1.54856	0	0	0.0293315	-0.21706	-0.0205281	0.716612	1.55862	0	0
0.506684	0.0261119	-0.247358	-1.53839	0.318777	1.07046	0.505993	-0.00133279	0.141572	0.144748	0.523146	0.223351	0	0	0.163606	-0.112455	-0.219606	1.05412	-0.172875	0	0	-0.658336	-0.00367522	0.00323288	0.103562	-0.237521	-0.0879535	0.800437	1.54861	0	0	0.0257583	-0.215099	-0.0204621	0.710426	1.55864	0	0
0.510674	0.0265896	-0.2483	-1.53973	0.318422	1.07065	0.511178	-0.00813987	0.141884	0.145924	0.522846	0.22534	0	0	0.166841	-0.109068	-0.221494	1.03695	-0.165636	0	0	-0.65898	-0.0056385	0.00597237	0.107392	-0.240392	-0.0867905	0.808886	1.54866	0	0	0.0221264	-0.213154	-0.0205546	0.704445	1.55866	0	0
0.514663	0.027013	-0.249186	-1.54109	0.318077	1.07079	0.51635	-0.0147973	0.142208	0.147096	0.522688	0.227329	0	0	0.16988	-0.105679	-0.223388	1.01906	-0.158576	0	0	-0.659603	-0.00754605	0.00864785	0.111329	-0.243325	-0.0855544	0.817288	1.54871	0	0	0.0184396	-0.211226	-0.0207932	0.698666	1.55868	0	0
0.518653	0.0273814	-0.250022	-1.54246	0.317742	1.07085	0.521513	-0.0213078	0.142544	0.148263	0.52268	0.229346	0	0	0.172718	-0.102281	-0.225252	1.00045	-0.151712	0	0	-0.660207	-0.00939846	0.0112612	0.115369	-0.246317	-0.0842487	0.825636	1.54876	0	0	0.014701	-0.209316	-0.0211641	0.693085	1.5587	0	0
0.522642	0.027694	-0.250808	-1.54385	0.317418	1.07085	0.526666	-0.0276736	0.142896	0.149426	0.52283	0.231419	0	0	0.175351	-0.0988691	-0.227045	0.981142	-0.145063	0	0	-0.660792	-0.0111957	0.0138144	0.11951	-0.249364	-0.0828772	0.83392	1.54882	0	0	0.0109139	-0.207428	-0.0216524	0.687701	1.55871	0	0
0.526632	0.0279496	-0.251547	-1.54525	0.317103	1.07078	0.531812	-0.0338963	0.143265	0.150583	0.523145	0.233577	0	0	0.177775	-0.095436	-0.228722	0.961146	-0.138646	0	0	-0.661357	-0.0129372	0.0163091	0.123748	-0.25246	-0.0814437	0.842134	1.54887	0	0	0.00708114	-0.205565	-0.0222425	0.68251	1.55872	0	0
0.530622	0.0281469	-0.252239	-1.54666	0.316798	1.07064	0.536951	-0.0399765	0.143656	0.151729	0.523633	0.235843	0	0	0.17999	-0.0919755	-0.230237	0.940484	-0.132475	0	0	-0.661901	-0.0146217	0.0187475	0.128078	-0.255604	-0.0799528	0.850271	1.54892	0	0	0.00320574	-0.20373	-0.0229193	0.677509	1.55871	0	0
0.534611	0.0282844	-0.252886	-1.54807	0.316503	1.07043	0.542086	-0.0459138	0.14407	0.152861	0.524301	0.238241	0	0	0.181996	-0.0884815	-0.231539	0.919174	-0.126563	0	0	-0.662422	-0.0162481	0.0211319	0.132495	-0.258789	-0.0784103	0.858324	1.54897	0	0	-0.000709439	-0.201924	-0.0236676	0.672695	1.5587	0	0
0.538601	0.0283608	-0.253488	-1.5495	0.316217	1.07016	0.547217	-0.0517073	0.144512	0.153974	0.525156	0.240794	0	0	0.183797	-0.0849483	-0.232577	0.89724	-0.12092	0	0	-0.662917	-0.0178147	0.0234645	0.136991	-0.262011	-0.0768229	0.86629	1.54902	0	0	-0.00466166	-0.200152	-0.0244723	0.668066	1.55867	0	0
0.542591	0.0283746	-0.254044	-1.55093	0.315942	1.06981	0.552346	-0.0573554	0.144984	0.155062	0.526207	0.243521	0	0	0.185396	-0.081371	-0.2333	0.874705	-0.115552	0	0	-0.663382	-0.0193202	0.0257481	0.141561	-0.265265	-0.0751983	0.874165	1.54907	0	0	-0.008648	-0.198415	-0.0253185	0.663621	1.55862	0	0
0.54658	0.0283244	-0.254553	-1.55236	0.315676	1.06939	0.557475	-0.0628551	0.14549	0.156119	0.52746	0.24644	0	0	0.186801	-0.0777457	-0.233655	0.851598	-0.110463	0	0	-0.663815	-0.0207627	0.0279854	0.146197	-0.268546	-0.0735446	0.881944	1.54912	0	0	-0.0126653	-0.196716	-0.0261917	0.659355	1.55856	0	0
0.55057	0.0282087	-0.255013	-1.55379	0.315421	1.0689	0.562604	-0.0682024	0.146032	0.157138	0.528922	0.249567	0	0	0.188019	-0.0740697	-0.233593	0.827949	-0.105651	0	0	-0.664209	-0.0221406	0.0301797	0.15089	-0.271849	-0.0718704	0.889625	1.54917	0	0	-0.0167098	-0.195057	-0.0270785	0.655266	1.55848	0	0
0.55456	0.0280261	-0.25542	-1.55522	0.315176	1.06835	0.567734	-0.0733917	0.146614	0.158114	0.530601	0.252913	0	0	0.189063	-0.070342	-0.233063	0.803792	-0.101111	0	0	-0.66456	-0.0234523	0.0323342	0.155635	-0.275169	-0.070184	0.897203	1.54922	0	0	-0.0207771	-0.193441	-0.027966	0.65135	1.55837	0	0
0.558549	0.0277756	-0.255771	-1.55665	0.314942	1.06772	0.572866	-0.0784158	0.147237	0.159042	0.532502	0.25649	0	0	0.189947	-0.0665627	-0.232019	0.779163	-0.0968355	0	0	-0.66486	-0.0246962	0.0344528	0.160423	-0.2785	-0.0684942	0.904676	1.54927	0	0	-0.0248619	-0.191867	-0.0288423	0.647598	1.55823	0	0
0.562539	0.0274564	-0.256058	-1.55807	0.31472	1.06702	0.578002	-0.0832668	0.147904	0.159915	0.534631	0.260305	0	0	0.190688	-0.0627337	-0.230419	0.754103	-0.0928104	0	0	-0.665101	-0.0258712	0.03654	0.165248	-0.281838	-0.0668099	0.912039	1.54932	0	0	-0.0289577	-0.190336	-0.0296973	0.644003	1.55807	0	0
0.566528	0.0270676	-0.256276	-1.55949	0.314509	1.06626	0.583143	-0.0879364	0.148616	0.160731	0.536993	0.264362	0	0	0.191305	-0.0588591	-0.228224	0.728655	-0.0890192	0	0	-0.665275	-0.0269764	0.0386008	0.1701	-0.285177	-0.0651408	0.91929	1.54937	0	0	-0.0330569	-0.188846	-0.0305219	0.640554	1.55788	0	0
0.570518	0.0266087	-0.256419	-1.56091	0.314311	1.06543	0.588289	-0.0924172	0.149374	0.161488	0.53959	0.268666	0	0	0.191817	-0.0549452	-0.225401	0.702868	-0.0854413	0	0	-0.665374	-0.0280103	0.0406404	0.174973	-0.288512	-0.0634967	0.926425	1.54942	0	0	-0.0371509	-0.187396	-0.0313078	0.637237	1.55765	0	0
0.574508	0.0260789	-0.25648	-1.56232	0.314125	1.06453	0.593442	-0.0967024	0.150181	0.162183	0.542424	0.273216	0	0	0.192246	-0.0510002	-0.221924	0.676793	-0.0820529	0	0	-0.665391	-0.0289718	0.0426645	0.179857	-0.291839	-0.0618875	0.933443	1.54947	0	0	-0.0412301	-0.185982	-0.032046	0.634036	1.55739	0	0
0.578497	0.0254779	-0.256451	-1.56373	0.313952	1.06357	0.598602	-0.100785	0.151037	0.162819	0.545495	0.27801	0	0	0.192614	-0.047034	-0.217773	0.650484	-0.078827	0	0	-0.665318	-0.0298609	0.04468	0.184744	-0.295154	-0.0603232	0.940342	1.54952	0	0	-0.045284	-0.184601	-0.0327276	0.630936	1.55708	0	0
0.582487	0.0248063	-0.256326	-1.56515	0.313793	1.06254	0.60377	-0.104659	0.151942	0.163398	0.548803	0.283042	0	0	0.192946	-0.0430584	-0.212938	0.624	-0.0757344	0	0	-0.665148	-0.0306781	0.0466948	0.189627	-0.298451	-0.0588133	0.947121	1.54957	0	0	-0.0493014	-0.183251	-0.0333439	0.627918	1.55674	0	0
0.586477	0.0240651	-0.256099	-1.56658	0.313648	1.06145	0.608947	-0.108318	0.152895	0.163925	0.552346	0.288302	0	0	0.193266	-0.0390868	-0.207415	0.597403	-0.0727439	0	0	-0.664874	-0.0314247	0.0487171	0.194496	-0.301728	-0.0573666	0.953779	1.54962	0	0	-0.0532703	-0.181927	-0.0338874	0.624965	1.55636	0	0
0.590466	0.0232556	-0.255761	-1.56801	0.313517	1.0603	0.614135	-0.111758	0.153896	0.164407	0.556119	0.293781	0	0	0.1936	-0.0351341	-0.20121	0.570761	-0.0698228	0	0	-0.664492	-0.0321025	0.0507555	0.199343	-0.30498	-0.0559921	0.960313	1.54967	0	0	-0.0571788	-0.180624	-0.0343514	0.622056	1.55594	0	0
0.594456	0.0223797	-0.255309	-1.56947	0.313401	1.0591	0.619333	-0.114978	0.154944	0.164853	0.560118	0.299463	0	0	0.193972	-0.0312163	-0.194338	0.544142	-0.0669376	0	0	-0.663996	-0.0327139	0.0528186	0.204159	-0.308204	-0.0546986	0.966724	1.54972	0	0	-0.0610151	-0.17934	-0.0347295	0.619173	1.55547	0	0
0.598446	0.0214394	-0.254736	-1.57095	0.3133	1.05783	0.624545	-0.117976	0.156038	0.165273	0.564336	0.305332	0	0	0.194409	-0.02735	-0.186823	0.51762	-0.0640546	0	0	-0.663383	-0.0332625	0.0549153	0.208934	-0.311395	-0.0534951	0.973012	1.54977	0	0	-0.0647679	-0.17807	-0.0350156	0.616299	1.55496	0	0
0.602435	0.0204372	-0.254039	-1.57246	0.313213	1.05652	0.629769	-0.120755	0.157174	0.165678	0.568763	0.311368	0	0	0.194935	-0.023552	-0.178695	0.491273	-0.0611409	0	0	-0.66265	-0.0337524	0.0570538	0.213661	-0.314549	-0.0523903	0.979176	1.54982	0	0	-0.0684262	-0.17681	-0.0352053	0.613417	1.55441	0	0
0.606425	0.019376	-0.253215	-1.574	0.313141	1.05516	0.635009	-0.123318	0.15835	0.166083	0.57339	0.317549	0	0	0.195575	-0.0198392	-0.169997	0.465178	-0.0581646	0	0	-0.661799	-0.0341886	0.0592419	0.218328	-0.317662	-0.0513923	0.985216	1.54987	0	0	-0.0719795	-0.175558	-0.0352953	0.610512	1.55382	0	0
0.610415	0.0182589	-0.252262	-1.57558	0.313084	1.05376	0.640264	-0.125671	0.159563	0.166501	0.578203	0.323851	0	0	0.196352	-0.0162278	-0.160778	0.439418	-0.0550966	0	0	-0.660827	-0.0345769	0.0614866	0.222927	-0.320728	-0.0505087	0.991131	1.54992	0	0	-0.075418	-0.174309	-0.0352852	0.607569	1.5532	0	0
0.614404	0.0170893	-0.25118	-1.57722	0.313042	1.05231	0.645536	-0.127823	0.16081	0.166947	0.58319	0.330245	0	0	0.197289	-0.0127332	-0.151095	0.414077	-0.051911	0	0	-0.659738	-0.0349236	0.0637937	0.227449	-0.323742	-0.0497467	0.996921	1.54997	0	0	-0.0787323	-0.17306	-0.0351765	0.604574	1.55254	0	0
0.618394	0.0158711	-0.24997	-1.5789	0.313014	1.05083	0.650828	-0.129782	0.162085	0.167437	0.588333	0.336702	0	0	0.198408	-0.00936971	-0.141013	0.389237	-0.0485863	0	0	-0.658533	-0.0352352	0.0661679	0.231885	-0.326698	-0.0491131	1.00258	1.55002	0	0	-0.081914	-0.171808	-0.0349722	0.601515	1.55186	0	0
0.622383	0.0146081	-0.248633	-1.58064	0.313001	1.04932	0.656141	-0.131562	0.163386	0.167985	0.593615	0.34319	0	0	0.199729	-0.00614993	-0.130603	0.364985	-0.0451063	0	0	-0.657216	-0.0355188	0.0686124	0.236225	-0.329589	-0.0486145	1.00812	1.55007	0	0	-0.0849554	-0.17055	-0.0346773	0.59838	1.55116	0	0
0.626373	0.0133048	-0.247175	-1.58244	0.313002	1.04778	0.661478	-0.133176	0.164706	0.168607	0.599018	0.349675	0	0	0.20127	-0.00308456	-0.119944	0.341402	-0.0414611	0	0	-0.655793	-0.0357813	0.0711288	0.24046	-0.332409	-0.0482568	1.01353	1.55012	0	0	-0.0878502	-0.169283	-0.0342981	0.595162	1.55045	0	0
0.630363	0.0119658	-0.245599	-1.5843	0.313017	1.04622	0.66684	-0.134641	0.16604	0.169316	0.60452	0.356121	0	0	0.203044	-0.00018186	-0.109116	0.318571	-0.037648	0	0	-0.65427	-0.0360299	0.0737166	0.244582	-0.335151	-0.0480452	1.01881	1.55017	0	0	-0.0905929	-0.168007	-0.0338429	0.591853	1.54973	0	0
0.634352	0.0105963	-0.243913	-1.58623	0.313045	1.04464	0.67223	-0.135976	0.167384	0.170126	0.6101	0.362488	0	0	0.205063	0.00255263	-0.0982067	0.29657	-0.0336722	0	0	-0.652653	-0.0362721	0.0763737	0.24858	-0.337805	-0.0479845	1.02396	1.55022	0	0	-0.0931792	-0.166719	-0.0333216	0.588447	1.54902	0	0
0.638342	0.00920224	-0.242126	-1.58821	0.313086	1.04306	0.67765	-0.137203	0.168731	0.17105	0.615735	0.368738	0	0	0.207335	0.00511637	-0.0873059	0.275474	-0.0295478	0	0	-0.650953	-0.0365155	0.0790964	0.252444	-0.340364	-0.0480785	1.02898	1.55027	0	0	-0.0956065	-0.165418	-0.0327453	0.584941	1.54832	0	0
0.642332	0.00778994	-0.240249	-1.59026	0.31314	1.04147	0.683103	-0.138346	0.170073	0.1721	0.621401	0.374829	0	0	0.20986	0.00750992	-0.076506	0.255353	-0.0252971	0	0	-0.649179	-0.0367683	0.08188	0.256165	-0.342821	-0.0483302	1.03387	1.55032	0	0	-0.0978734	-0.164104	-0.0321268	0.581333	1.54765	0	0
0.646321	0.00636633	-0.238294	-1.59238	0.313206	1.03989	0.688593	-0.139432	0.171403	0.173285	0.627072	0.380718	0	0	0.212634	0.00973683	-0.0659006	0.236271	-0.0209521	0	0	-0.647343	-0.0370386	0.0847186	0.259731	-0.345167	-0.0487421	1.03862	1.55037	0	0	-0.0999792	-0.162776	-0.0314796	0.577625	1.54703	0	0
0.650311	0.00493882	-0.236275	-1.59454	0.313284	1.03832	0.694121	-0.140488	0.172711	0.174617	0.632725	0.38636	0	0	0.21565	0.0118036	-0.0555821	0.218281	-0.0165533	0	0	-0.645458	-0.0373347	0.0876044	0.263131	-0.347396	-0.0493163	1.04324	1.55042	0	0	-0.101924	-0.161434	-0.0308182	0.573817	1.54646	0	0
0.654301	0.00351524	-0.234207	-1.59677	0.313373	1.03676	0.699691	-0.141544	0.17399	0.176101	0.638335	0.391709	0	0	0.218892	0.0137193	-0.0456403	0.201429	-0.0121503	0	0	-0.643537	-0.0376642	0.0905279	0.266354	-0.349501	-0.0500541	1.04773	1.55047	0	0	-0.103708	-0.160077	-0.0301576	0.569914	1.54597	0	0
0.65829	0.00210373	-0.232104	-1.59903	0.313472	1.03522	0.705306	-0.142626	0.175231	0.177742	0.643877	0.396717	0	0	0.22234	0.0154954	-0.0361607	0.18575	-0.00780077	0	0	-0.641594	-0.0380345	0.0934777	0.269389	-0.351474	-0.0509566	1.05208	1.55052	0	0	-0.105333	-0.158706	-0.0295128	0.565921	1.54557	0	0
0.66228	0.000712676	-0.229984	-1.60134	0.313581	1.03372	0.710969	-0.143765	0.176424	0.179544	0.649327	0.401337	0	0	0.22597	0.0171454	-0.0272227	0.171267	-0.00356927	0	0	-0.639643	-0.0384522	0.0964407	0.272224	-0.353308	-0.0520239	1.05631	1.55057	0	0	-0.106801	-0.157323	-0.0288986	0.561845	1.54528	0	0
0.666269	-0.000649272	-0.22786	-1.60368	0.313701	1.03225	0.716684	-0.144988	0.17756	0.181504	0.654661	0.405518	0	0	0.22975	0.0186842	-0.0188978	0.157992	0.000474598	0	0	-0.6377	-0.0389233	0.0994021	0.274849	-0.354998	-0.0532554	1.0604	1.55062	0	0	-0.108115	-0.155928	-0.0283291	0.557695	1.5451	0	0
0.670259	-0.0019729	-0.225749	-1.60603	0.313829	1.03081	0.722455	-0.146321	0.17863	0.18362	0.659859	0.409212	0	0	0.233645	0.020128	-0.011248	0.145924	0.00425844	0	0	-0.635776	-0.0394543	0.102346	0.277251	-0.356537	-0.0546492	1.06437	1.55067	0	0	-0.109278	-0.154524	-0.0278162	0.553479	1.54506	0	0
0.674249	-0.00324856	-0.223664	-1.60839	0.313968	1.02943	0.728284	-0.147785	0.179623	0.185886	0.664903	0.412364	0	0	0.237617	0.0214935	-0.00432459	0.135049	0.00770867	0	0	-0.633885	-0.0400517	0.105258	0.279421	-0.35792	-0.0562023	1.06821	1.55072	0	0	-0.110295	-0.153113	-0.0273697	0.549207	1.54514	0	0
0.678238	-0.00446671	-0.221618	-1.61075	0.314115	1.0281	0.734174	-0.1494	0.180528	0.188294	0.669775	0.414924	0	0	0.241624	0.0227974	0.00183265	0.125345	0.0107517	0	0	-0.632038	-0.0407211	0.108119	0.281348	-0.359142	-0.0579107	1.07192	1.55077	0	0	-0.11117	-0.151697	-0.0269969	0.544887	1.54535	0	0
0.682228	-0.00561831	-0.219624	-1.61309	0.314271	1.02683	0.74013	-0.151186	0.181336	0.190833	0.674461	0.416839	0	0	0.245623	0.0240561	0.00719726	0.11678	0.0133159	0	0	-0.630244	-0.041467	0.110913	0.28302	-0.360199	-0.0597701	1.07552	1.55082	0	0	-0.111907	-0.15028	-0.0267021	0.540531	1.54569	0	0
0.686218	-0.00669489	-0.217693	-1.6154	0.314436	1.02561	0.746154	-0.153158	0.182037	0.193487	0.678949	0.418056	0	0	0.249569	0.0252853	0.0117566	0.109316	0.015334	0	0	-0.628512	-0.0422927	0.113622	0.284427	-0.361089	-0.0617755	1.07899	1.55087	0	0	-0.112512	-0.148865	-0.0264869	0.536147	1.54613	0	0
0.690207	-0.00768869	-0.215836	-1.61767	0.31461	1.02447	0.752248	-0.15533	0.182623	0.19624	0.683228	0.418524	0	0	0.253421	0.0265001	0.0155118	0.102913	0.0167447	0	0	-0.626851	-0.0432003	0.116228	0.285556	-0.361807	-0.0639211	1.08235	1.55092	0	0	-0.112991	-0.147457	-0.0263492	0.531747	1.54668	0	0
0.694197	-0.00859275	-0.214066	-1.61988	0.314794	1.02339	0.758415	-0.157713	0.183088	0.199073	0.687291	0.41819	0	0	0.257138	0.0277145	0.0184767	0.0975291	0.0174943	0	0	-0.625266	-0.0441907	0.118713	0.286398	-0.362354	-0.0662004	1.0856	1.55097	0	0	-0.11335	-0.14606	-0.0262842	0.527342	1.54732	0	0
0.698187	-0.00940101	-0.212389	-1.62202	0.314987	1.02238	0.764658	-0.160315	0.183423	0.201964	0.691133	0.417006	0	0	0.260685	0.0289417	0.0206763	0.0931227	0.0175368	0	0	-0.623763	-0.0452639	0.121062	0.28694	-0.362728	-0.0686058	1.08873	1.55102	0	0	-0.113597	-0.14468	-0.0262837	0.522943	1.54802	0	0
0.702176	-0.0101084	-0.210816	-1.62408	0.31519	1.02145	0.770979	-0.163141	0.183623	0.20489	0.694751	0.414922	0	0	0.264029	0.0301938	0.0221455	0.0896529	0.0168348	0	0	-0.622346	-0.0464192	0.123257	0.287172	-0.362929	-0.0711293	1.09176	1.55107	0	0	-0.113738	-0.143322	-0.0263379	0.51856	1.54878	0	0
0.706166	-0.010711	-0.209354	-1.62604	0.315403	1.0206	0.777378	-0.166195	0.183685	0.207828	0.698147	0.411889	0	0	0.267142	0.0314814	0.0229259	0.0870814	0.0153597	0	0	-0.621016	-0.0476549	0.125287	0.287083	-0.362958	-0.0737623	1.09469	1.55112	0	0	-0.113783	-0.141992	-0.0264343	0.514207	1.54957	0	0
0.710155	-0.0112056	-0.20801	-1.62789	0.315627	1.01982	0.783858	-0.169476	0.183603	0.210754	0.701325	0.407861	0	0	0.270002	0.0328143	0.023065	0.0853731	0.0130915	0	0	-0.619775	-0.0489688	0.127137	0.286663	-0.362816	-0.0764959	1.09751	1.55117	0	0	-0.113738	-0.140697	-0.0265591	0.509896	1.55038	0	0
0.714145	-0.0115903	-0.206791	-1.62963	0.315862	1.01912	0.790418	-0.172981	0.183375	0.213641	0.704291	0.402794	0	0	0.272591	0.0342007	0.0226138	0.0844965	0.0100187	0	0	-0.618624	-0.0503583	0.128798	0.285904	-0.362505	-0.0793202	1.10024	1.55122	0	0	-0.113614	-0.139442	-0.0266967	0.505638	1.5512	0	0
0.718135	-0.0118641	-0.205702	-1.63124	0.316109	1.01849	0.797059	-0.176707	0.182999	0.216467	0.707054	0.396647	0	0	0.274896	0.0356474	0.0216257	0.0844243	0.00613765	0	0	-0.617564	-0.0518206	0.130261	0.284797	-0.362029	-0.0822249	1.10286	1.55127	0	0	-0.113419	-0.138233	-0.0268306	0.50145	1.55202	0	0
0.722124	-0.0120267	-0.204748	-1.63273	0.316367	1.01795	0.803781	-0.180645	0.182473	0.219207	0.709627	0.389379	0	0	0.276911	0.0371594	0.0201543	0.0851335	0.00145316	0	0	-0.616594	-0.0533527	0.131521	0.283336	-0.361391	-0.0851988	1.1054	1.55132	0	0	-0.113163	-0.137078	-0.0269439	0.497343	1.55282	0	0
0.726114	-0.0120791	-0.203936	-1.63409	0.316637	1.01748	0.810582	-0.184787	0.181795	0.221841	0.712026	0.380955	0	0	0.278631	0.03874	0.0182527	0.0866051	-0.00402152	0	0	-0.615714	-0.0549518	0.132574	0.281515	-0.360596	-0.0882299	1.10783	1.55137	0	0	-0.112856	-0.13598	-0.0270201	0.493332	1.55359	0	0
0.730104	-0.0120227	-0.203268	-1.63532	0.316918	1.01709	0.81746	-0.189121	0.180964	0.224347	0.714269	0.371343	0	0	0.280058	0.0403908	0.0159718	0.0888243	-0.010264	0	0	-0.614921	-0.0566148	0.133419	0.279331	-0.359649	-0.0913055	1.11018	1.55142	0	0	-0.112505	-0.134946	-0.0270435	0.489431	1.55433	0	0
0.734093	-0.01186	-0.202748	-1.63642	0.317213	1.01678	0.824414	-0.19363	0.179982	0.226707	0.716379	0.360515	0	0	0.281199	0.0421117	0.0133595	0.0917798	-0.0172421	0	0	-0.614215	-0.0583388	0.134058	0.27678	-0.358557	-0.0944129	1.11242	1.55147	0	0	-0.11212	-0.133979	-0.0270013	0.485652	1.55503	0	0
0.738083	-0.011594	-0.202379	-1.63741	0.317518	1.01654	0.83144	-0.198299	0.178847	0.228907	0.71838	0.34845	0	0	0.282062	0.0439006	0.0104599	0.095463	-0.0249134	0	0	-0.613592	-0.0601211	0.134495	0.273863	-0.357325	-0.0975392	1.11457	1.55152	0	0	-0.111711	-0.133082	-0.0268837	0.482009	1.55569	0	0
0.742073	-0.0112284	-0.202164	-1.63828	0.317836	1.01637	0.838536	-0.203107	0.177561	0.230932	0.7203	0.335132	0	0	0.28266	0.0457537	0.00731305	0.0998674	-0.0332242	0	0	-0.613052	-0.0619589	0.134735	0.270581	-0.35596	-0.100671	1.11662	1.55157	0	0	-0.111285	-0.132257	-0.0266826	0.478517	1.55631	0	0
0.746062	-0.0107678	-0.202103	-1.63905	0.318164	1.01627	0.845697	-0.208032	0.176126	0.232774	0.722173	0.320552	0	0	0.283009	0.0476655	0.00395405	0.104988	-0.0421084	0	0	-0.612591	-0.0638492	0.134786	0.266939	-0.354469	-0.103793	1.11856	1.55162	0	0	-0.110849	-0.131507	-0.0263914	0.475189	1.55689	0	0
0.750052	-0.0102172	-0.202197	-1.63972	0.318503	1.01623	0.852919	-0.213046	0.174544	0.234424	0.724031	0.304709	0	0	0.283125	0.0496287	0.000413181	0.110818	-0.0514867	0	0	-0.612208	-0.0657891	0.134657	0.262942	-0.35286	-0.106893	1.12038	1.55167	0	0	-0.11041	-0.130832	-0.026004	0.472037	1.55742	0	0
0.754041	-0.00958258	-0.202445	-1.64031	0.318851	1.01626	0.860198	-0.218121	0.172818	0.235879	0.725914	0.287613	0	0	0.283027	0.0516348	-0.00328419	0.117353	-0.0612651	0	0	-0.611898	-0.0677753	0.134358	0.2586	-0.351141	-0.109955	1.12209	1.55172	0	0	-0.109973	-0.130234	-0.0255154	0.469072	1.5579	0	0
0.758031	-0.0088701	-0.202846	-1.64084	0.319209	1.01636	0.867528	-0.223225	0.170951	0.237136	0.727864	0.269282	0	0	0.282734	0.053674	-0.00711755	0.124581	-0.0713348	0	0	-0.61166	-0.0698043	0.133901	0.253926	-0.34932	-0.112964	1.12368	1.55177	0	0	-0.10954	-0.129713	-0.0249217	0.466303	1.55834	0	0
0.762021	-0.00808645	-0.203395	-1.64131	0.319575	1.01651	0.874903	-0.22832	0.168948	0.238197	0.729925	0.249744	0	0	0.282266	0.0557357	-0.0110706	0.132492	-0.0815736	0	0	-0.61149	-0.0718724	0.133297	0.248932	-0.347405	-0.115906	1.12513	1.55182	0	0	-0.109113	-0.129268	-0.0242196	0.463741	1.55874	0	0
0.76601	-0.00723851	-0.20409	-1.64175	0.319949	1.01671	0.882316	-0.233368	0.166814	0.239063	0.732144	0.229043	0	0	0.281642	0.0578086	-0.0151303	0.14107	-0.0918483	0	0	-0.611387	-0.0739756	0.132558	0.243637	-0.345404	-0.118767	1.12644	1.55187	0	0	-0.108691	-0.128899	-0.0234063	0.461392	1.55909	0	0
0.77	-0.00633344	-0.204924	-1.64215	0.320329	1.01697	0.889762	-0.238324	0.164554	0.239739	0.734573	0.207231	0	0	0.280882	0.0598809	-0.0192854	0.150297	-0.102018	0	0	-0.611347	-0.0761096	0.131699	0.23806	-0.343327	-0.121533	1.1276	1.55192	0	0	-0.10827	-0.128606	-0.0224792	0.459263	1.55941	0	0
0.77399	-0.00537864	-0.20589	-1.64255	0.320716	1.01728	0.897232	-0.243144	0.162173	0.240228	0.737262	0.184373	0	0	0.280007	0.0619403	-0.0235255	0.160153	-0.111938	0	0	-0.611368	-0.0782693	0.130729	0.232222	-0.341182	-0.124191	1.12859	1.55197	0	0	-0.107844	-0.128387	-0.0214365	0.457359	1.55969	0	0
0.777979	-0.00438177	-0.206979	-1.64294	0.321108	1.01763	0.90472	-0.247779	0.159678	0.240535	0.740264	0.160549	0	0	0.279036	0.0639745	-0.0278412	0.170612	-0.12146	0	0	-0.611446	-0.0804492	0.129663	0.226148	-0.338978	-0.126729	1.12941	1.55202	0	0	-0.107407	-0.128241	-0.0202769	0.455683	1.55993	0	0
0.781969	-0.00335044	-0.208182	-1.64335	0.321504	1.01802	0.912218	-0.252176	0.157072	0.240661	0.743632	0.13585	0	0	0.277988	0.0659716	-0.032224	0.181646	-0.130442	0	0	-0.611581	-0.0826429	0.128511	0.219866	-0.336724	-0.129136	1.13005	1.55207	0	0	-0.10695	-0.128167	-0.0190002	0.45424	1.56014	0	0
0.785959	-0.00229206	-0.209488	-1.64378	0.321904	1.01845	0.919717	-0.256284	0.154361	0.240609	0.747422	0.110381	0	0	0.276881	0.0679198	-0.0366669	0.193222	-0.138744	0	0	-0.611769	-0.0848434	0.127284	0.213404	-0.334427	-0.131398	1.13049	1.55212	0	0	-0.106461	-0.128162	-0.0176077	0.45303	1.56032	0	0
0.789948	-0.00121277	-0.210884	-1.64425	0.322306	1.01892	0.92721	-0.260049	0.15155	0.240379	0.751684	0.0842612	0	0	0.275729	0.0698073	-0.0411639	0.205303	-0.146239	0	0	-0.612008	-0.0870424	0.125991	0.206793	-0.332098	-0.133506	1.13072	1.55217	0	0	-0.105929	-0.128225	-0.0161016	0.452055	1.56048	0	0
0.793938	-0.00011762	-0.212347	-1.64476	0.322711	1.01941	0.934688	-0.263419	0.148642	0.239971	0.756474	0.0576218	0	0	0.274543	0.0716232	-0.0457102	0.217849	-0.152814	0	0	-0.612299	-0.0892312	0.124643	0.200066	-0.329745	-0.135447	1.13073	1.55222	0	0	-0.105342	-0.128352	-0.0144851	0.451315	1.56061	0	0
0.797927	0.000984204	-0.213855	-1.64533	0.323119	1.01994	0.942142	-0.266338	0.14564	0.239379	0.761841	0.0306068	0	0	0.273334	0.0733596	-0.0503017	0.230812	-0.158367	0	0	-0.61264	-0.0914022	0.123247	0.193257	-0.327377	-0.13721	1.13051	1.55228	0	0	-0.104687	-0.128541	-0.0127628	0.45081	1.56072	0	0
0.801917	0.00208492	-0.215394	-1.64596	0.323529	1.02049	0.949564	-0.268749	0.142543	0.2386	0.767839	0.0033713	0	0	0.272112	0.0750093	-0.0549348	0.24414	-0.162817	0	0	-0.613024	-0.0935487	0.121812	0.186398	-0.325003	-0.138784	1.13003	1.55233	0	0	-0.103951	-0.128789	-0.0109401	0.450539	1.56081	0	0
0.805907	0.00317821	-0.216944	-1.64667	0.323941	1.02106	0.956945	-0.27059	0.139348	0.237625	0.774514	-0.0239191	0	0	0.270885	0.0765662	-0.0596058	0.257773	-0.1661	0	0	-0.613443	-0.0956652	0.120346	0.179527	-0.322633	-0.140157	1.1293	1.55238	0	0	-0.10312	-0.129094	-0.00902392	0.450503	1.56089	0	0
0.809896	0.0042587	-0.218488	-1.64747	0.324356	1.02166	0.964279	-0.271801	0.136051	0.236445	0.781915	-0.05109	0	0	0.26966	0.0780258	-0.0643106	0.271645	-0.168173	0	0	-0.61389	-0.0977467	0.118856	0.172676	-0.320276	-0.141319	1.12828	1.55243	0	0	-0.102183	-0.129452	-0.00702211	0.450699	1.56095	0	0
0.813886	0.00532132	-0.220007	-1.64836	0.324773	1.02227	0.971557	-0.272322	0.132647	0.235046	0.790084	-0.0779624	0	0	0.26844	0.0793843	-0.0690439	0.285687	-0.169012	0	0	-0.614354	-0.0997885	0.117349	0.165881	-0.31794	-0.142259	1.12698	1.55248	0	0	-0.101125	-0.129862	-0.00494327	0.451128	1.56099	0	0
0.817876	0.00636114	-0.221484	-1.64936	0.325192	1.0229	0.978775	-0.272098	0.129127	0.23341	0.799054	-0.104356	0	0	0.267226	0.0806394	-0.0737985	0.299826	-0.168615	0	0	-0.614825	-0.101786	0.115833	0.159173	-0.315634	-0.142967	1.12537	1.55253	0	0	-0.099936	-0.130321	-0.00279675	0.451788	1.56103	0	0
0.821865	0.00737356	-0.222899	-1.65048	0.325613	1.02354	0.985926	-0.271078	0.125484	0.231513	0.808854	-0.130095	0	0	0.266016	0.0817897	-0.0785664	0.313987	-0.167001	0	0	-0.615292	-0.103734	0.114312	0.152585	-0.313366	-0.143436	1.12344	1.55258	0	0	-0.0986059	-0.130829	-0.000592445	0.452678	1.56105	0	0
0.825855	0.00835438	-0.224236	-1.65171	0.326036	1.0242	0.993004	-0.269217	0.121707	0.229332	0.8195	-0.155009	0	0	0.264804	0.0828352	-0.0833391	0.328096	-0.164203	0	0	-0.615744	-0.105628	0.112791	0.146143	-0.311142	-0.143659	1.12118	1.55263	0	0	-0.0971255	-0.131384	0.00165978	0.453797	1.56107	0	0
0.829845	0.00929983	-0.225478	-1.65306	0.326461	1.02488	1	-0.266474	0.117787	0.226835	0.831	-0.178943	0	0	0.263586	0.0837766	-0.0881083	0.342079	-0.160273	0	0	-0.616171	-0.107464	0.111272	0.139874	-0.308967	-0.143631	1.11858	1.55268	0	0	-0.0954871	-0.131986	0.00394972	0.455142	1.56108	0	0
0.833834	0.0102066	-0.226611	-1.65454	0.326888	1.02556	1.00692	-0.26282	0.11371	0.223993	0.843348	-0.201752	0	0	0.262353	0.0846162	-0.0928652	0.355865	-0.155273	0	0	-0.616562	-0.109237	0.109757	0.1338	-0.306847	-0.143349	1.11562	1.55273	0	0	-0.0936846	-0.132636	0.0062664	0.456713	1.56109	0	0
0.837824	0.011072	-0.227622	-1.65614	0.327317	1.02626	1.01376	-0.258229	0.109467	0.220772	0.856529	-0.223304	0	0	0.261096	0.0853574	-0.0975999	0.369384	-0.14928	0	0	-0.616907	-0.110943	0.108247	0.12794	-0.304784	-0.142813	1.11231	1.55278	0	0	-0.0917136	-0.133334	0.00859764	0.458506	1.56109	0	0
0.841813	0.0118933	-0.228498	-1.65785	0.327748	1.02697	1.02051	-0.252687	0.105045	0.217143	0.870515	-0.243481	0	0	0.259801	0.0860048	-0.102302	0.382571	-0.142376	0	0	-0.617197	-0.112577	0.10674	0.122308	-0.302781	-0.142027	1.10864	1.55283	0	0	-0.0895714	-0.134081	0.0109299	0.460521	1.56109	0	0
0.845803	0.0126683	-0.229233	-1.65969	0.328182	1.02769	1.02717	-0.246191	0.100437	0.213077	0.885267	-0.26218	0	0	0.258456	0.0865643	-0.106957	0.395364	-0.134651	0	0	-0.617427	-0.114135	0.105236	0.116917	-0.300839	-0.140995	1.10459	1.55288	0	0	-0.0872574	-0.134878	0.0132489	0.462757	1.56109	0	0
0.849793	0.0133951	-0.229821	-1.66163	0.328617	1.02843	1.03375	-0.238748	0.0956344	0.208553	0.900729	-0.279311	0	0	0.257044	0.0870429	-0.111554	0.407708	-0.126202	0	0	-0.617591	-0.115612	0.103732	0.111774	-0.298957	-0.139724	1.10017	1.55293	0	0	-0.0847731	-0.135728	0.0155394	0.465214	1.56109	0	0
0.853782	0.0140719	-0.230263	-1.66366	0.329055	1.02918	1.04023	-0.23038	0.0906349	0.203556	0.916838	-0.294803	0	0	0.255543	0.0874486	-0.116075	0.419551	-0.117123	0	0	-0.617688	-0.117003	0.102223	0.10688	-0.297134	-0.138226	1.09538	1.55298	0	0	-0.0821221	-0.136631	0.0177858	0.467895	1.56109	0	0
0.857772	0.0146969	-0.230562	-1.66579	0.329495	1.02994	1.04663	-0.221118	0.0854385	0.198081	0.933516	-0.3086	0	0	0.253933	0.0877897	-0.120506	0.430849	-0.107512	0	0	-0.617721	-0.118303	0.100708	0.102236	-0.295367	-0.136514	1.09022	1.55303	0	0	-0.0793098	-0.13759	0.0199742	0.470799	1.56109	0	0
0.861762	0.0152685	-0.230728	-1.66799	0.329937	1.03072	1.05294	-0.211009	0.0800501	0.192132	0.950677	-0.320662	0	0	0.252185	0.088075	-0.12483	0.441564	-0.0974637	0	0	-0.617693	-0.119506	0.0991802	0.0978376	-0.293655	-0.134603	1.08469	1.55308	0	0	-0.076343	-0.138607	0.0220924	0.473927	1.56108	0	0
0.865751	0.0157846	-0.230774	-1.67025	0.33038	1.03151	1.05917	-0.200111	0.0744795	0.185723	0.968227	-0.330969	0	0	0.250272	0.0883132	-0.129033	0.451663	-0.087069	0	0	-0.617615	-0.120608	0.0976372	0.0936763	-0.291992	-0.132511	1.07881	1.55313	0	0	-0.0732297	-0.139684	0.0241301	0.477277	1.56108	0	0
0.869741	0.0162431	-0.230718	-1.67256	0.330824	1.03231	1.06532	-0.188489	0.0687425	0.17888	0.986065	-0.339521	0	0	0.248162	0.0885123	-0.1331	0.46112	-0.0764159	0	0	-0.617496	-0.121602	0.0960747	0.0897423	-0.290373	-0.130258	1.07257	1.55318	0	0	-0.0699787	-0.140823	0.0260777	0.480848	1.56109	0	0
0.873731	0.0166416	-0.23058	-1.67491	0.331269	1.03314	1.0714	-0.176219	0.0628617	0.171641	1.00408	-0.346333	0	0	0.245824	0.0886795	-0.137016	0.469914	-0.065588	0	0	-0.617351	-0.122484	0.0944885	0.0860236	-0.288794	-0.127863	1.06599	1.55323	0	0	-0.0665996	-0.142025	0.0279262	0.484638	1.56109	0	0
0.87772	0.0169773	-0.230383	-1.67728	0.331714	1.03398	1.07741	-0.163383	0.056866	0.164051	1.02218	-0.351441	0	0	0.243224	0.0888218	-0.14077	0.478028	-0.0546636	0	0	-0.617194	-0.123248	0.0928745	0.0825066	-0.287248	-0.125351	1.05907	1.55328	0	0	-0.0631026	-0.143294	0.0296661	0.488644	1.56109	0	0
0.88171	0.017247	-0.230153	-1.67966	0.332157	1.03484	1.08335	-0.150066	0.0507909	0.156168	1.04023	-0.354895	0	0	0.240333	0.0889454	-0.144347	0.485452	-0.0437161	0	0	-0.617042	-0.123889	0.0912287	0.0791765	-0.285727	-0.122741	1.05183	1.55333	0	0	-0.0594984	-0.144629	0.0312877	0.492865	1.5611	0	0
0.885699	0.0174478	-0.229914	-1.68202	0.332598	1.03572	1.08922	-0.136359	0.0446779	0.14806	1.05814	-0.356761	0	0	0.23712	0.0890565	-0.147737	0.492178	-0.0328135	0	0	-0.616911	-0.124403	0.0895465	0.0760184	-0.284224	-0.120058	1.04428	1.55338	0	0	-0.0557984	-0.146033	0.0327799	0.497299	1.56111	0	0
0.889689	0.0175765	-0.229693	-1.68437	0.333036	1.03662	1.09504	-0.122352	0.0385735	0.1398	1.07579	-0.357118	0	0	0.233558	0.0891607	-0.15093	0.498205	-0.0220185	0	0	-0.616819	-0.124787	0.0878239	0.0730173	-0.282733	-0.117324	1.03642	1.55343	0	0	-0.0520141	-0.147507	0.0341302	0.501944	1.56112	0	0
0.893679	0.0176304	-0.229513	-1.68667	0.333468	1.03755	1.10081	-0.108133	0.0325279	0.131469	1.09308	-0.356056	0	0	0.229622	0.0892637	-0.153919	0.503532	-0.0113891	0	0	-0.616781	-0.12504	0.0860574	0.0701592	-0.281246	-0.11456	1.02826	1.55348	0	0	-0.0481574	-0.14905	0.0353235	0.506799	1.56113	0	0
0.897668	0.0176075	-0.229396	-1.68893	0.333894	1.03849	1.10653	-0.0937858	0.026593	0.123149	1.1099	-0.353672	0	0	0.225292	0.0893706	-0.156699	0.508166	-0.000977538	0	0	-0.616813	-0.125162	0.0842441	0.0674306	-0.279757	-0.111788	1.01983	1.55353	0	0	-0.0442399	-0.15066	0.0363427	0.511865	1.56115	0	0
0.901658	0.0175067	-0.229359	-1.69113	0.334312	1.03946	1.11221	-0.0793909	0.0208211	0.114925	1.12617	-0.350071	0	0	0.220555	0.0894866	-0.159268	0.512113	0.00916861	0	0	-0.616927	-0.125156	0.0823824	0.0648188	-0.278261	-0.109027	1.01112	1.55358	0	0	-0.0402725	-0.152337	0.0371701	0.517141	1.56116	0	0
0.905648	0.0173281	-0.229417	-1.69327	0.334721	1.04046	1.11784	-0.0650205	0.0152642	0.106879	1.14179	-0.345362	0	0	0.2154	0.0896161	-0.161627	0.515386	0.0190067	0	0	-0.617134	-0.125025	0.0804718	0.0623118	-0.276751	-0.106297	1.00216	1.55363	0	0	-0.036265	-0.154076	0.0377881	0.522628	1.56118	0	0
0.909637	0.0170732	-0.22958	-1.69534	0.335118	1.04147	1.12344	-0.0507396	0.00997231	0.0990897	1.15668	-0.339655	0	0	0.209823	0.0897635	-0.16378	0.517998	0.0284984	0	0	-0.617445	-0.124774	0.0785124	0.0598983	-0.275224	-0.103618	0.99296	1.55368	0	0	-0.0322265	-0.155876	0.0381792	0.528328	1.5612	0	0
0.913627	0.0167445	-0.229857	-1.69733	0.335504	1.04251	1.129	-0.0366053	0.00499299	0.0916313	1.17078	-0.333062	0	0	0.203828	0.0899323	-0.165731	0.519968	0.0376096	0	0	-0.617865	-0.124409	0.0765044	0.0575675	-0.273676	-0.101007	0.983534	1.55373	0	0	-0.0281655	-0.157732	0.038327	0.534244	1.56122	0	0
0.917617	0.0163457	-0.23025	-1.69924	0.335875	1.04356	1.13454	-0.0226681	0.000370552	0.0845702	1.18401	-0.325691	0	0	0.19742	0.0901255	-0.167486	0.521316	0.0463101	0	0	-0.618399	-0.123936	0.0744474	0.0553091	-0.272104	-0.0984781	0.973903	1.55378	0	0	-0.0240903	-0.159643	0.0382166	0.540378	1.56124	0	0
0.921606	0.0158807	-0.230761	-1.70107	0.336231	1.04464	1.14005	-0.00897151	-0.00385489	0.0779636	1.19632	-0.317646	0	0	0.190614	0.0903457	-0.169052	0.522067	0.0545739	0	0	-0.619048	-0.123358	0.0723394	0.0531128	-0.270505	-0.0960457	0.964085	1.55383	0	0	-0.0200094	-0.161606	0.037834	0.546734	1.56127	0	0
0.925596	0.0153546	-0.231386	-1.7028	0.336571	1.04573	1.14554	0.00444779	-0.00764852	0.0718587	1.20766	-0.309027	0	0	0.183425	0.0905947	-0.170436	0.522251	0.0623787	0	0	-0.61981	-0.122683	0.0701779	0.0509694	-0.268876	-0.093721	0.954099	1.55388	0	0	-0.0159314	-0.16362	0.0371675	0.553317	1.56129	0	0
0.929585	0.0147728	-0.232122	-1.70444	0.336895	1.04683	1.151	0.0175609	-0.010982	0.0662924	1.21797	-0.299926	0	0	0.175878	0.0908742	-0.171642	0.521897	0.0697066	0	0	-0.620682	-0.121913	0.0679593	0.0488704	-0.267217	-0.0915136	0.943965	1.55393	0	0	-0.0118635	-0.165683	0.0362072	0.560129	1.56132	0	0
0.933575	0.0141417	-0.23296	-1.70597	0.337201	1.04795	1.15645	0.0303468	-0.0138336	0.0612918	1.22724	-0.29043	0	0	0.168	0.0911854	-0.172678	0.52104	0.076543	0	0	-0.621654	-0.121056	0.0656803	0.0468082	-0.265524	-0.0894314	0.933702	1.55398	0	0	-0.00781157	-0.167795	0.0349468	0.56717	1.56135	0	0
0.937565	0.0134682	-0.233887	-1.70739	0.337489	1.04907	1.16188	0.0427917	-0.0161891	0.0568741	1.23542	-0.280617	0	0	0.159824	0.0915298	-0.17355	0.519714	0.082877	0	0	-0.622717	-0.120117	0.0633372	0.0447764	-0.263797	-0.0874804	0.923329	1.55403	0	0	-0.0037797	-0.169955	0.0333828	0.574438	1.56138	0	0
0.941554	0.0127601	-0.234889	-1.7087	0.337759	1.05019	1.16729	0.0548886	-0.0180411	0.0530477	1.2425	-0.270559	0	0	0.151385	0.0919083	-0.174265	0.517957	0.088701	0	0	-0.623858	-0.119101	0.0609269	0.0427695	-0.262035	-0.0856656	0.912863	1.55408	0	0	0.000229746	-0.172162	0.0315147	0.581928	1.5614	0	0
0.945544	0.0120255	-0.23595	-1.70989	0.338012	1.05132	1.17269	0.0666366	-0.0193894	0.0498119	1.24845	-0.26032	0	0	0.142724	0.0923221	-0.174827	0.515807	0.0940103	0	0	-0.625061	-0.118016	0.0584473	0.0407824	-0.260238	-0.083991	0.902323	1.55413	0	0	0.0042165	-0.174414	0.0293449	0.589636	1.56143	0	0
0.949534	0.0112732	-0.237052	-1.71096	0.338246	1.05244	1.17808	0.0780392	-0.020241	0.0471579	1.25327	-0.249957	0	0	0.133881	0.0927723	-0.175244	0.5133	0.0988035	0	0	-0.626312	-0.116868	0.055897	0.0388106	-0.258407	-0.0824601	0.891726	1.55418	0	0	0.00818238	-0.176712	0.0268781	0.597552	1.56146	0	0
0.953523	0.010512	-0.238176	-1.71191	0.338463	1.05355	1.18345	0.0891039	-0.0206092	0.0450695	1.25694	-0.23952	0	0	0.124898	0.0932602	-0.175521	0.510477	0.103082	0	0	-0.627594	-0.115664	0.0532758	0.03685	-0.256542	-0.0810753	0.881087	1.55423	0	0	0.0121313	-0.179055	0.0241225	0.605667	1.56149	0	0
0.957513	0.00975078	-0.239304	-1.71273	0.338663	1.05465	1.18881	0.0998408	-0.0205135	0.0435237	1.25946	-0.229051	0	0	0.115818	0.0937869	-0.175661	0.507374	0.106851	0	0	-0.62889	-0.114411	0.0505832	0.0348973	-0.254647	-0.0798379	0.870423	1.55428	0	0	0.0160689	-0.181442	0.0210886	0.613969	1.56152	0	0
0.961503	0.00899851	-0.240415	-1.71342	0.338847	1.05574	1.19416	0.110262	-0.0199786	0.0424915	1.26084	-0.218588	0	0	0.106681	0.0943537	-0.175667	0.504029	0.110117	0	0	-0.630185	-0.113115	0.0478189	0.0329504	-0.252722	-0.0787474	0.859749	1.55433	0	0	0.0200021	-0.183871	0.0177898	0.622444	1.56154	0	0
0.965492	0.00826387	-0.241493	-1.71399	0.339015	1.0568	1.1995	0.12038	-0.0190341	0.0419387	1.26106	-0.20816	0	0	0.0975281	0.0949619	-0.175542	0.500478	0.112891	0	0	-0.631462	-0.111783	0.0449823	0.0310076	-0.250771	-0.077802	0.849081	1.55438	0	0	0.0239386	-0.186342	0.0142409	0.631076	1.56157	0	0
0.969482	0.00755519	-0.24252	-1.71441	0.339169	1.05784	1.20482	0.130207	-0.0177138	0.0418272	1.26014	-0.197793	0	0	0.0883966	0.0956128	-0.175288	0.496755	0.115185	0	0	-0.632709	-0.110421	0.0420728	0.0290684	-0.248798	-0.0769984	0.838432	1.55443	0	0	0.0278863	-0.188856	0.010458	0.639852	1.5616	0	0
0.973472	0.00688027	-0.243479	-1.71471	0.339309	1.05885	1.21013	0.139756	-0.0160543	0.0421156	1.25808	-0.187509	0	0	0.0793218	0.0963072	-0.174904	0.492894	0.117014	0	0	-0.633914	-0.109035	0.0390897	0.0271326	-0.246804	-0.0763316	0.827816	1.55448	0	0	0.031853	-0.191412	0.00645758	0.648757	1.56162	0	0
0.977461	0.00624611	-0.244358	-1.71487	0.339437	1.05983	1.21543	0.149038	-0.0140944	0.0427603	1.25488	-0.177323	0	0	0.0703359	0.0970456	-0.174391	0.488925	0.118397	0	0	-0.635064	-0.107629	0.0360322	0.0252007	-0.244794	-0.0757954	0.817246	1.55453	0	0	0.0358462	-0.194012	0.00225685	0.657779	1.56165	0	0
0.981451	0.00565882	-0.245144	-1.71488	0.339554	1.06078	1.22072	0.158061	-0.0118743	0.0437164	1.25055	-0.16725	0	0	0.0614678	0.0978278	-0.173747	0.484879	0.119352	0	0	-0.636154	-0.106208	0.0328996	0.0232735	-0.242771	-0.0753824	0.806736	1.55458	0	0	0.0398728	-0.196656	-0.00212626	0.666907	1.56167	0	0
0.98544	0.00512353	-0.245827	-1.71476	0.339661	1.06168	1.22599	0.166832	-0.00943452	0.0449388	1.2451	-0.157299	0	0	0.0527433	0.0986532	-0.172972	0.480783	0.119903	0	0	-0.637174	-0.104775	0.0296909	0.0213522	-0.240738	-0.0750835	0.796295	1.55463	0	0	0.0439393	-0.199345	-0.00667357	0.676129	1.56169	0	0
0.98943	0.00464448	-0.246399	-1.7145	0.339759	1.06255	1.23125	0.175357	-0.00681574	0.0463835	1.23853	-0.147479	0	0	0.0441846	0.0995205	-0.172065	0.476663	0.120073	0	0	-0.63812	-0.103334	0.0264052	0.0194387	-0.2387	-0.0748881	0.785936	1.55469	0	0	0.0480516	-0.202083	-0.0113669	0.685435	1.56171	0	0
0.99342	0.00422511	-0.246854	-1.7141	0.33985	1.06337	1.23649	0.183638	-0.0040578	0.0480088	1.23085	-0.137796	0	0	0.0358104	0.100428	-0.171026	0.472542	0.119888	0	0	-0.638988	-0.101887	0.0230419	0.0175351	-0.236661	-0.0747846	0.775667	1.55474	0	0	0.0522153	-0.204869	-0.016188	0.694813	1.56173	0	0
0.997409	0.00386802	-0.247187	-1.71355	0.339934	1.06414	1.24173	0.191674	-0.00119936	0.0497766	1.22206	-0.128254	0	0	0.0276349	0.101374	-0.169855	0.468442	0.119376	0	0	-0.639775	-0.100435	0.0196009	0.0156429	-0.234626	-0.0747603	0.765498	1.55479	0	0	0.056435	-0.207706	-0.0211185	0.704252	1.56174	0	0
1.0014	0.00357493	-0.247399	-1.71287	0.340012	1.06487	1.24695	0.19946	0.00172302	0.0516527	1.21217	-0.118856	0	0	0.019667	0.102357	-0.168553	0.464384	0.118567	0	0	-0.640482	-0.098981	0.0160823	0.0137623	-0.232598	-0.0748021	0.755436	1.55484	0	0	0.0607137	-0.210595	-0.0261407	0.71374	1.56176	0	0
1.00539	0.00334662	-0.247493	-1.71204	0.340087	1.06554	1.25216	0.206987	0.00467539	0.0536074	1.20119	-0.109604	0	0	0.0119105	0.103374	-0.167122	0.460385	0.117494	0	0	-0.64111	-0.0975244	0.0124864	0.0118924	-0.230582	-0.0748964	0.745491	1.55489	0	0	0.0650524	-0.213537	-0.0312376	0.72327	1.56177	0	0
1.00938	0.00318308	-0.247474	-1.71107	0.340158	1.06616	1.25735	0.214241	0.00762687	0.0556154	1.18912	-0.100499	0	0	0.00436513	0.104421	-0.165563	0.456463	0.116189	0	0	-0.641661	-0.0960657	0.00881327	0.0100313	-0.228584	-0.0750294	0.735669	1.55494	0	0	0.0694508	-0.216535	-0.0363941	0.732831	1.56178	0	0
1.01337	0.00308377	-0.247348	-1.70997	0.340227	1.06673	1.26254	0.221206	0.0105497	0.0576568	1.17596	-0.0915399	0	0	-0.00297161	0.105496	-0.163879	0.452635	0.114686	0	0	-0.642139	-0.0946044	0.00506248	0.00817647	-0.226606	-0.0751872	0.725978	1.55499	0	0	0.0739075	-0.219588	-0.041596	0.742416	1.56179	0	0
1.01736	0.0030479	-0.247124	-1.70872	0.340294	1.06725	1.26771	0.227867	0.0134191	0.0597168	1.16173	-0.082729	0	0	-0.010104	0.106594	-0.162072	0.448915	0.113021	0	0	-0.642549	-0.0931396	0.00123334	0.0063254	-0.224653	-0.0753557	0.716424	1.55504	0	0	0.0784198	-0.2227	-0.04683	0.752018	1.56179	0	0
1.02135	0.00307462	-0.246809	-1.70733	0.34036	1.0677	1.27288	0.234208	0.0162133	0.0617863	1.14643	-0.0740668	0	0	-0.0170373	0.107713	-0.160146	0.44532	0.111226	0	0	-0.642896	-0.0916705	-0.00267496	0.00447516	-0.222729	-0.0755216	0.707013	1.55509	0	0	0.0829845	-0.225871	-0.0520838	0.761633	1.5618	0	0
1.02534	0.00316309	-0.246413	-1.7058	0.340427	1.0681	1.27804	0.240213	0.0189134	0.0638617	1.13008	-0.0655546	0	0	-0.0237775	0.108849	-0.158106	0.441862	0.109337	0	0	-0.643183	-0.0901963	-0.0066632	0.0026228	-0.220838	-0.0756717	0.697753	1.55514	0	0	0.0875978	-0.229103	-0.057346	0.771253	1.5618	0	0
1.02933	0.00331263	-0.245942	-1.70413	0.340495	1.06844	1.2832	0.245867	0.0215035	0.0659451	1.11268	-0.0571943	0	0	-0.0303302	0.109999	-0.155955	0.438556	0.107384	0	0	-0.643415	-0.088716	-0.0107322	0.000765232	-0.218982	-0.0757931	0.688648	1.55519	0	0	0.0922549	-0.232398	-0.0626059	0.780876	1.5618	0	0
1.03332	0.00352274	-0.245406	-1.70232	0.340564	1.06872	1.28835	0.251157	0.0239703	0.0680435	1.09425	-0.0489881	0	0	-0.0367012	0.111159	-0.1537	0.435416	0.1054	0	0	-0.643594	-0.0872288	-0.0148829	-0.00110057	-0.217165	-0.0758735	0.679703	1.55524	0	0	0.0969506	-0.235756	-0.0678536	0.790496	1.5618	0	0
1.03731	0.00379319	-0.244811	-1.70037	0.340635	1.06894	1.29349	0.256072	0.0263029	0.0701687	1.0748	-0.040938	0	0	-0.0428954	0.112328	-0.151348	0.432455	0.103415	0	0	-0.643724	-0.0857341	-0.0191166	-0.00297745	-0.215391	-0.0759009	0.670922	1.55529	0	0	0.101679	-0.239177	-0.0730801	0.800111	1.56179	0	0
1.0413	0.0041241	-0.244163	-1.69828	0.340708	1.0691	1.29864	0.260604	0.0284924	0.0723364	1.05436	-0.0330459	0	0	-0.0489172	0.113502	-0.148905	0.429685	0.10146	0	0	-0.643806	-0.0842314	-0.0234346	-0.00486793	-0.213661	-0.075864	0.662308	1.55534	0	0	0.106435	-0.242664	-0.0782766	0.809719	1.56179	0	0
1.04528	0.0045158	-0.243469	-1.69606	0.340783	1.06919	1.30378	0.264747	0.0305319	0.0745657	1.03296	-0.0253132	0	0	-0.0547702	0.11468	-0.146381	0.427119	0.099562	0	0	-0.643841	-0.0827206	-0.0278384	-0.00677422	-0.21198	-0.075752	0.653864	1.55539	0	0	0.11121	-0.246216	-0.083435	0.819316	1.56178	0	0
1.04927	0.00496896	-0.242731	-1.69369	0.340862	1.06922	1.30892	0.268498	0.032416	0.0768782	1.01062	-0.0177404	0	0	-0.0604572	0.11586	-0.143783	0.424768	0.0977501	0	0	-0.643829	-0.0812017	-0.0323294	-0.00869817	-0.210349	-0.0755553	0.645591	1.55544	0	0	0.115999	-0.249834	-0.0885478	0.828902	1.56178	0	0
1.05326	0.00548457	-0.241954	-1.69119	0.340944	1.06918	1.31406	0.27186	0.0341401	0.079298	0.987367	-0.010327	0	0	-0.0659797	0.117041	-0.141122	0.422643	0.0960508	0	0	-0.643769	-0.0796754	-0.0369088	-0.0106411	-0.20877	-0.0752646	0.637491	1.55549	0	0	0.120793	-0.253517	-0.0936079	0.838475	1.56177	0	0
1.05725	0.006064	-0.24114	-1.68856	0.341029	1.06908	1.3192	0.274838	0.0357008	0.0818505	0.963254	-0.00307101	0	0	-0.0713375	0.118222	-0.138409	0.420755	0.0944896	0	0	-0.643658	-0.0781427	-0.0415784	-0.0126038	-0.207244	-0.0748716	0.629563	1.55554	0	0	0.125587	-0.257267	-0.0986094	0.848035	1.56177	0	0
1.06124	0.00670888	-0.240288	-1.68579	0.341118	1.06891	1.32434	0.277442	0.037095	0.0845616	0.938321	0.00403051	0	0	-0.0765289	0.119404	-0.135654	0.419114	0.0930904	0	0	-0.643492	-0.0766047	-0.0463394	-0.0145865	-0.205774	-0.0743689	0.621807	1.55559	0	0	0.130373	-0.261083	-0.103547	0.857581	1.56177	0	0
1.06523	0.007421	-0.2394	-1.68288	0.341211	1.06867	1.32949	0.279687	0.03832	0.0874572	0.912621	0.0109823	0	0	-0.0815507	0.120585	-0.132871	0.417732	0.0918754	0	0	-0.64327	-0.0750633	-0.0511935	-0.0165886	-0.20436	-0.0737498	0.614221	1.55564	0	0	0.135145	-0.264962	-0.108415	0.867111	1.56178	0	0
1.06922	0.00820221	-0.238473	-1.67984	0.341308	1.06836	1.33464	0.281591	0.0393736	0.0905623	0.88621	0.0177907	0	0	-0.0863982	0.121766	-0.130071	0.41662	0.0908647	0	0	-0.642984	-0.0735201	-0.0561419	-0.018609	-0.203003	-0.0730083	0.606805	1.55569	0	0	0.139895	-0.268905	-0.113211	0.876625	1.56178	0	0
1.07321	0.00905427	-0.237506	-1.67668	0.341409	1.06797	1.33979	0.283178	0.0402535	0.0939002	0.859154	0.0244632	0	0	-0.0910658	0.122948	-0.127269	0.415788	0.0900765	0	0	-0.642631	-0.071977	-0.0611859	-0.0206458	-0.201704	-0.0721394	0.599554	1.55574	0	0	0.144618	-0.272908	-0.117931	0.886123	1.5618	0	0
1.0772	0.00997888	-0.236496	-1.67338	0.341513	1.06752	1.34495	0.284475	0.0409576	0.0974918	0.831523	0.0310086	0	0	-0.0955465	0.12413	-0.124476	0.415246	0.089527	0	0	-0.642204	-0.0704361	-0.0663264	-0.0226966	-0.200463	-0.0711389	0.592468	1.55579	0	0	0.149307	-0.27697	-0.122572	0.895604	1.56182	0	0
1.08119	0.0109775	-0.235439	-1.66995	0.341621	1.06699	1.35011	0.285513	0.0414836	0.101355	0.803394	0.0374368	0	0	-0.0998333	0.125313	-0.121705	0.415003	0.0892305	0	0	-0.641699	-0.0688996	-0.071564	-0.0247582	-0.19928	-0.0700032	0.585543	1.55584	0	0	0.153956	-0.281088	-0.127133	0.905067	1.56185	0	0
1.08518	0.0120512	-0.234331	-1.6664	0.341733	1.06639	1.35528	0.286327	0.0418294	0.105503	0.774853	0.0437587	0	0	-0.103918	0.126498	-0.118968	0.415069	0.089199	0	0	-0.641109	-0.0673697	-0.0768986	-0.0268268	-0.198156	-0.068729	0.578774	1.55589	0	0	0.15856	-0.285259	-0.13161	0.914511	1.56189	0	0
1.08917	0.0132007	-0.233168	-1.66273	0.341847	1.06572	1.36046	0.286956	0.041993	0.109949	0.745989	0.0499855	0	0	-0.107794	0.127686	-0.116277	0.41545	0.0894422	0	0	-0.640428	-0.0658487	-0.0823303	-0.0288977	-0.197091	-0.0673136	0.572158	1.55594	0	0	0.163114	-0.289479	-0.136003	0.923937	1.56194	0	0
1.09316	0.0144262	-0.231946	-1.65894	0.341965	1.06497	1.36563	0.287442	0.0419726	0.114697	0.7169	0.0561292	0	0	-0.111452	0.128876	-0.113641	0.416152	0.0899676	0	0	-0.639652	-0.064339	-0.0878581	-0.0309657	-0.196083	-0.0657542	0.565691	1.55599	0	0	0.167611	-0.293744	-0.140311	0.933345	1.56201	0	0
1.09715	0.015727	-0.230661	-1.65503	0.342085	1.06415	1.37082	0.287826	0.0417668	0.11975	0.687687	0.0622017	0	0	-0.114887	0.130072	-0.11107	0.417181	0.0907803	0	0	-0.638777	-0.0628433	-0.0934803	-0.0330247	-0.195135	-0.0640484	0.559367	1.55604	0	0	0.172047	-0.29805	-0.144534	0.942734	1.5621	0	0
1.10114	0.0171022	-0.22931	-1.65101	0.342207	1.06326	1.37601	0.288154	0.0413746	0.125106	0.658459	0.0682146	0	0	-0.118095	0.131273	-0.10857	0.418538	0.0918839	0	0	-0.637799	-0.061365	-0.0991933	-0.0350692	-0.194245	-0.0621941	0.55318	1.55609	0	0	0.176414	-0.302392	-0.148671	0.952109	1.5622	0	0
1.10513	0.0185501	-0.227892	-1.64689	0.342331	1.06229	1.38121	0.288469	0.0407958	0.13076	0.629328	0.074179	0	0	-0.121074	0.132482	-0.106149	0.420223	0.0932799	0	0	-0.636717	-0.0599084	-0.104992	-0.0370932	-0.193414	-0.0601904	0.547123	1.55614	0	0	0.180707	-0.306764	-0.152725	0.96147	1.56233	0	0
1.10912	0.0200685	-0.226405	-1.64267	0.342455	1.06126	1.38641	0.288816	0.0400317	0.136701	0.60041	0.0801046	0	0	-0.123827	0.1337	-0.103812	0.422235	0.0949671	0	0	-0.635532	-0.058477	-0.110869	-0.0390908	-0.192642	-0.0580369	0.54119	1.55619	0	0	0.184915	-0.311161	-0.156696	0.970824	1.56247	0	0
1.11311	0.0216544	-0.22485	-1.63837	0.342579	1.06015	1.39162	0.28924	0.0390854	0.142914	0.571823	0.0859993	0	0	-0.126354	0.134928	-0.101559	0.424571	0.0969412	0	0	-0.634244	-0.057074	-0.116817	-0.0410552	-0.191929	-0.0557337	0.535373	1.55624	0	0	0.189033	-0.315576	-0.160585	0.980174	1.56262	0	0
1.1171	0.023304	-0.223224	-1.63399	0.342701	1.05898	1.39684	0.289786	0.0379619	0.14938	0.543685	0.0918691	0	0	-0.128658	0.136164	-0.0993909	0.427225	0.0991948	0	0	-0.632854	-0.055701	-0.122828	-0.0429793	-0.191275	-0.0532815	0.529664	1.55629	0	0	0.193053	-0.320002	-0.164394	0.989524	1.56279	0	0
1.12109	0.0250124	-0.221528	-1.62954	0.34282	1.05775	1.40206	0.290495	0.0366683	0.156073	0.516113	0.0977171	0	0	-0.130745	0.137406	-0.0973041	0.430192	0.101717	0	0	-0.631364	-0.0543585	-0.128893	-0.0448557	-0.190679	-0.0506813	0.524054	1.55634	0	0	0.196967	-0.324432	-0.168124	0.998877	1.56296	0	0
1.12508	0.0267738	-0.219762	-1.62503	0.342935	1.05646	1.40729	0.291408	0.0352141	0.162962	0.489224	0.103544	0	0	-0.132619	0.138652	-0.0952922	0.433463	0.104495	0	0	-0.629778	-0.0530458	-0.135002	-0.0466766	-0.190141	-0.047935	0.518534	1.55639	0	0	0.20077	-0.328859	-0.171778	1.00824	1.56312	0	0
1.12907	0.0285814	-0.217928	-1.62046	0.343045	1.05512	1.41253	0.292562	0.0336107	0.170012	0.463128	0.109346	0	0	-0.134287	0.139896	-0.0933459	0.437031	0.107511	0	0	-0.628099	-0.0517609	-0.141144	-0.0484341	-0.18966	-0.0450455	0.513095	1.55644	0	0	0.204456	-0.333276	-0.175358	1.0176	1.56327	0	0
1.13306	0.0304273	-0.216027	-1.61586	0.343149	1.05373	1.41779	0.29399	0.0318718	0.177185	0.437932	0.115117	0	0	-0.135758	0.141132	-0.0914534	0.440883	0.110747	0	0	-0.626332	-0.0505011	-0.147308	-0.0501201	-0.189234	-0.0420158	0.507728	1.55649	0	0	0.208018	-0.337674	-0.178866	1.02697	1.5634	0	0
1.13705	0.0323026	-0.214061	-1.61122	0.343244	1.05228	1.42305	0.295719	0.0300133	0.184438	0.413732	0.120846	0	0	-0.137042	0.142355	-0.0896009	0.445009	0.11418	0	0	-0.624483	-0.0492622	-0.153479	-0.0517262	-0.188863	-0.0388498	0.502421	1.55654	0	0	0.211452	-0.342045	-0.182305	1.03635	1.56349	0	0
1.14104	0.0341975	-0.212033	-1.60656	0.343331	1.0508	1.42832	0.297772	0.0280528	0.191726	0.390618	0.12652	0	0	-0.13815	0.143556	-0.0877725	0.449395	0.117787	0	0	-0.622556	-0.0480395	-0.159644	-0.0532438	-0.188545	-0.0355512	0.497163	1.55659	0	0	0.214754	-0.346379	-0.185678	1.04574	1.56355	0	0
1.14503	0.0361015	-0.209947	-1.60189	0.343407	1.04929	1.43361	0.300164	0.02601	0.199002	0.368668	0.13212	0	0	-0.139095	0.144727	-0.0859513	0.454025	0.121539	0	0	-0.62056	-0.0468276	-0.165786	-0.0546646	-0.18828	-0.0321249	0.491943	1.55664	0	0	0.217918	-0.350666	-0.188987	1.05513	1.56355	0	0
1.14902	0.0380037	-0.207807	-1.59722	0.343471	1.04774	1.43892	0.302904	0.0239055	0.206219	0.347948	0.137624	0	0	-0.13989	0.145861	-0.0841197	0.458886	0.125407	0	0	-0.618499	-0.0456205	-0.171891	-0.0559805	-0.188066	-0.0285763	0.486748	1.55669	0	0	0.22094	-0.354897	-0.192237	1.06452	1.56349	0	0
1.15301	0.0398928	-0.205619	-1.59256	0.343523	1.04617	1.44424	0.305993	0.0217612	0.213327	0.328512	0.143006	0	0	-0.14055	0.146948	-0.0822601	0.463958	0.129361	0	0	-0.616383	-0.044412	-0.177939	-0.0571839	-0.187901	-0.0249119	0.481568	1.55674	0	0	0.223817	-0.35906	-0.195432	1.07391	1.56335	0	0
1.15699	0.0417574	-0.203387	-1.58792	0.343561	1.04458	1.44958	0.309425	0.0195997	0.220281	0.310398	0.148238	0	0	-0.141093	0.147979	-0.0803562	0.469225	0.133366	0	0	-0.61422	-0.0431957	-0.183914	-0.0582674	-0.187785	-0.0211391	0.476392	1.55679	0	0	0.226546	-0.363142	-0.198576	1.08329	1.56314	0	0
1.16098	0.0435862	-0.201119	-1.58332	0.343584	1.04298	1.45494	0.313184	0.0174438	0.227033	0.293632	0.153289	0	0	-0.141536	0.148947	-0.0783927	0.474669	0.137388	0	0	-0.612018	-0.0419655	-0.189795	-0.0592248	-0.187717	-0.0172663	0.471211	1.55684	0	0	0.229121	-0.367132	-0.201674	1.09267	1.56283	0	0
1.16497	0.0453684	-0.198822	-1.57877	0.34359	1.04137	1.46033	0.317248	0.0153163	0.233539	0.278224	0.158123	0	0	-0.141896	0.149844	-0.0763567	0.480269	0.14139	0	0	-0.609787	-0.0407155	-0.195563	-0.0600504	-0.187695	-0.0133031	0.466016	1.55689	0	0	0.23154	-0.371016	-0.20473	1.10203	1.56242	0	0
1.16896	0.0470934	-0.196505	-1.57427	0.343579	1.03977	1.46574	0.32159	0.0132399	0.239757	0.264174	0.162703	0	0	-0.142195	0.150663	-0.0742374	0.486007	0.145331	0	0	-0.607537	-0.0394405	-0.201197	-0.0607399	-0.18772	-0.00926054	0.460802	1.55694	0	0	0.233799	-0.374781	-0.207748	1.11138	1.5619	0	0
1.17295	0.0487517	-0.194177	-1.56985	0.34355	1.03817	1.47119	0.326173	0.011236	0.245645	0.251468	0.166991	0	0	-0.142453	0.151397	-0.0720267	0.491862	0.149173	0	0	-0.605279	-0.038136	-0.206678	-0.0612898	-0.187788	-0.00515132	0.455564	1.55699	0	0	0.235895	-0.378415	-0.210733	1.1207	1.56125	0	0
1.17694	0.0503346	-0.191848	-1.56552	0.343502	1.03658	1.47667	0.330957	0.00932517	0.251166	0.240081	0.170945	0	0	-0.142692	0.152041	-0.0697197	0.497812	0.15287	0	0	-0.603024	-0.0367983	-0.211985	-0.0616978	-0.1879	-0.000990228	0.450299	1.55704	0	0	0.237824	-0.381903	-0.213687	1.13	1.56048	0	0
1.18093	0.0518346	-0.189528	-1.56128	0.343434	1.03501	1.4822	0.335898	0.0075262	0.256284	0.229978	0.174519	0	0	-0.142935	0.152592	-0.0673147	0.503836	0.15638	0	0	-0.600784	-0.0354248	-0.217098	-0.0619632	-0.188054	0.00320544	0.445008	1.55709	0	0	0.239582	-0.385234	-0.216614	1.13926	1.55956	0	0
1.18492	0.0532467	-0.187219	-1.55716	0.343349	1.0335	1.48778	0.340942	0.00585668	0.260966	0.221117	0.177667	0	0	-0.143209	0.153044	-0.0648136	0.509911	0.159655	0	0	-0.598573	-0.0340139	-0.221998	-0.0620869	-0.188246	0.00741564	0.439692	1.55714	0	0	0.241167	-0.388395	-0.219516	1.14848	1.55849	0	0
1.18891	0.0545658	-0.184932	-1.55316	0.343248	1.03203	1.49343	0.346039	0.00433156	0.265183	0.213449	0.180338	0	0	-0.143541	0.153398	-0.0622218	0.516015	0.162646	0	0	-0.596405	-0.0325652	-0.226665	-0.0620714	-0.188475	0.0116175	0.434359	1.55719	0	0	0.242575	-0.391374	-0.222393	1.15767	1.55727	0	0
1.1929	0.0557882	-0.182681	-1.5493	0.34313	1.03061	1.49913	0.351137	0.00296367	0.268912	0.206919	0.182476	0	0	-0.143953	0.15365	-0.0595481	0.522124	0.165305	0	0	-0.594292	-0.0310798	-0.231082	-0.0619211	-0.188737	0.0157859	0.429017	1.55724	0	0	0.243804	-0.39416	-0.225247	1.1668	1.55588	0	0
1.19689	0.0569119	-0.180478	-1.54559	0.342995	1.02922	1.50489	0.356181	0.00176375	0.272134	0.201471	0.184025	0	0	-0.144473	0.153803	-0.0568047	0.528215	0.167579	0	0	-0.592247	-0.0295598	-0.235229	-0.0616421	-0.189029	0.019893	0.423678	1.55729	0	0	0.244851	-0.396743	-0.228075	1.17588	1.55432	0	0
1.20088	0.057936	-0.178338	-1.54204	0.342843	1.02788	1.51069	0.361123	0.000740525	0.274838	0.197046	0.18493	0	0	-0.145125	0.153855	-0.0540068	0.534265	0.169419	0	0	-0.590284	-0.0280088	-0.239093	-0.0612422	-0.189346	0.0239086	0.418356	1.55734	0	0	0.245713	-0.399113	-0.230877	1.18489	1.55259	0	0
1.20487	0.0588609	-0.176274	-1.53865	0.342672	1.02658	1.51653	0.365913	-9.92043e-05	0.27702	0.193589	0.185131	0	0	-0.145934	0.15381	-0.0511726	0.540254	0.170773	0	0	-0.588413	-0.0264316	-0.242655	-0.0607311	-0.189685	0.0277993	0.41307	1.55739	0	0	0.246387	-0.401263	-0.233648	1.19384	1.55069	0	0
1.20886	0.0596884	-0.174301	-1.53545	0.342483	1.02531	1.52242	0.370506	-0.000750433	0.278683	0.191045	0.184571	0	0	-0.146923	0.153669	-0.0483228	0.54616	0.17159	0	0	-0.586648	-0.0248341	-0.245903	-0.0601203	-0.190039	0.0315298	0.407838	1.55744	0	0	0.246869	-0.403186	-0.236385	1.2027	1.54862	0	0
1.21285	0.0604213	-0.172433	-1.53244	0.342275	1.02408	1.52834	0.374861	-0.00120996	0.279837	0.189364	0.183197	0	0	-0.148115	0.153436	-0.0454807	0.551967	0.17182	0	0	-0.585	-0.0232236	-0.248821	-0.0594226	-0.190403	0.035063	0.402684	1.55749	0	0	0.247158	-0.404876	-0.239084	1.21148	1.54639	0	0
1.21684	0.0610634	-0.170682	-1.52962	0.342047	1.02289	1.53431	0.378942	-0.00147628	0.280499	0.188499	0.180958	0	0	-0.149532	0.153113	-0.042671	0.557658	0.171413	0	0	-0.583479	-0.0216079	-0.251399	-0.0586518	-0.190773	0.0383635	0.397631	1.55753	0	0	0.24725	-0.406329	-0.241738	1.22015	1.544	0	0
1.22083	0.0616194	-0.169062	-1.52702	0.341799	1.02175	1.54031	0.382719	-0.00154932	0.280693	0.188407	0.177806	0	0	-0.151191	0.152705	-0.0399199	0.563221	0.170321	0	0	-0.582096	-0.0199959	-0.253624	-0.0578221	-0.191141	0.0413997	0.392702	1.55758	0	0	0.247141	-0.407541	-0.244341	1.22872	1.54146	0	0
1.22482	0.0620946	-0.167586	-1.52463	0.34153	1.02064	1.54635	0.386166	-0.00143015	0.280446	0.189053	0.173701	0	0	-0.153108	0.152214	-0.0372545	0.568645	0.168499	0	0	-0.580859	-0.018397	-0.255487	-0.0569478	-0.191504	0.0441436	0.38792	1.55763	0	0	0.24683	-0.40851	-0.246886	1.23717	1.5388	0	0
1.22881	0.0624947	-0.166265	-1.52246	0.34124	1.01957	1.55243	0.389265	-0.0011209	0.279788	0.190402	0.168609	0	0	-0.155297	0.151644	-0.034702	0.573924	0.165901	0	0	-0.579776	-0.0168209	-0.256982	-0.0560436	-0.191856	0.0465704	0.383307	1.55768	0	0	0.246314	-0.409235	-0.249368	1.24549	1.53604	0	0
1.2328	0.0628253	-0.165109	-1.52052	0.340928	1.01854	1.55854	0.392002	-0.000624796	0.278754	0.19243	0.162504	0	0	-0.157768	0.150998	-0.032289	0.579056	0.162487	0	0	-0.578855	-0.0152765	-0.258103	-0.0551244	-0.192192	0.0486583	0.378886	1.55773	0	0	0.245589	-0.409718	-0.251779	1.25366	1.53319	0	0
1.23679	0.063092	-0.164129	-1.51881	0.340594	1.01756	1.56468	0.394372	5.39647e-05	0.277374	0.195115	0.155369	0	0	-0.160526	0.150277	-0.0300405	0.584042	0.158216	0	0	-0.5781	-0.0137718	-0.258847	-0.0542045	-0.192508	0.0503875	0.374681	1.55778	0	0	0.244654	-0.409959	-0.254112	1.26168	1.53029	0	0
1.24078	0.0632999	-0.163331	-1.51733	0.340237	1.01663	1.57086	0.396373	0.000910447	0.275683	0.198438	0.147197	0	0	-0.163571	0.149482	-0.0279799	0.588887	0.153051	0	0	-0.577515	-0.0123137	-0.259214	-0.0532979	-0.1928	0.0517406	0.370713	1.55783	0	0	0.24351	-0.409961	-0.25636	1.26952	1.52737	0	0
1.24477	0.0634537	-0.162722	-1.51608	0.339858	1.01574	1.57707	0.398012	0.00193914	0.273711	0.202387	0.137995	0	0	-0.1669	0.148612	-0.0261284	0.593603	0.146958	0	0	-0.577103	-0.0109076	-0.259205	-0.0524179	-0.193063	0.0527024	0.367006	1.55788	0	0	0.242156	-0.409726	-0.258516	1.27717	1.52444	0	0
1.24876	0.0635571	-0.162305	-1.51505	0.339457	1.0149	1.58332	0.399299	0.00313416	0.271487	0.206954	0.12778	0	0	-0.170503	0.147667	-0.0245045	0.598204	0.139905	0	0	-0.576864	-0.00955734	-0.258824	-0.0515771	-0.193294	0.0532599	0.363581	1.55793	0	0	0.240594	-0.409258	-0.26057	1.28462	1.52154	0	0
1.25275	0.063613	-0.162085	-1.51425	0.339032	1.01411	1.5896	0.40025	0.00448944	0.269037	0.212129	0.116586	0	0	-0.174367	0.146642	-0.0231234	0.602711	0.131866	0	0	-0.576799	-0.00826521	-0.258075	-0.0507867	-0.19349	0.0534029	0.360458	1.55798	0	0	0.238827	-0.408561	-0.262513	1.29185	1.5187	0	0
1.25674	0.0636231	-0.16206	-1.51365	0.338586	1.01338	1.59591	0.400885	0.0059989	0.266385	0.217909	0.104464	0	0	-0.178472	0.145534	-0.021997	0.607147	0.122819	0	0	-0.576905	-0.00703167	-0.256965	-0.0500567	-0.193648	0.053124	0.357657	1.55803	0	0	0.236858	-0.407642	-0.264337	1.29885	1.51595	0	0
1.26073	0.063588	-0.16223	-1.51326	0.338117	1.01269	1.60225	0.401227	0.00765646	0.263553	0.224289	0.0914826	0	0	-0.182792	0.144336	-0.0211332	0.611542	0.11275	0	0	-0.577178	-0.00585541	-0.255504	-0.0493954	-0.193767	0.0524187	0.355196	1.55808	0	0	0.234693	-0.406506	-0.266031	1.30559	1.51331	0	0
1.26472	0.0635072	-0.162592	-1.51307	0.337627	1.01206	1.60862	0.4013	0.00945614	0.260559	0.231263	0.0777292	0	0	-0.187299	0.143042	-0.0205364	0.61593	0.101647	0	0	-0.577614	-0.00473344	-0.253699	-0.048809	-0.193842	0.0512853	0.353089	1.55813	0	0	0.232338	-0.40516	-0.267588	1.31205	1.51082	0	0
1.2687	0.063379	-0.16314	-1.51306	0.337115	1.01149	1.61501	0.401133	0.0113921	0.257421	0.238825	0.0633124	0	0	-0.191957	0.141645	-0.0202065	0.62035	0.0895108	0	0	-0.578205	-0.00366113	-0.251564	-0.0483018	-0.193874	0.0497249	0.351351	1.55817	0	0	0.229799	-0.403611	-0.268998	1.31823	1.50851	0	0
1.27269	0.063201	-0.163867	-1.51321	0.336584	1.01097	1.62143	0.40075	0.0134586	0.254157	0.246967	0.0483616	0	0	-0.196724	0.140134	-0.0201401	0.624843	0.0763465	0	0	-0.578944	-0.00263234	-0.249113	-0.0478754	-0.19386	0.0477416	0.349994	1.55822	0	0	0.227086	-0.401868	-0.270255	1.3241	1.50639	0	0
1.27668	0.0629698	-0.164765	-1.51352	0.336032	1.01051	1.62788	0.400181	0.01565	0.250782	0.255678	0.0330245	0	0	-0.201557	0.1385	-0.0203299	0.629456	0.0621699	0	0	-0.579823	-0.0016397	-0.246359	-0.0475292	-0.193799	0.0453425	0.349028	1.55827	0	0	0.224208	-0.399938	-0.271351	1.32964	1.50449	0	0
1.28067	0.0626817	-0.165824	-1.51398	0.335462	1.01011	1.63435	0.399453	0.017961	0.247311	0.264947	0.0174654	0	0	-0.206406	0.136733	-0.0207659	0.634237	0.0470059	0	0	-0.580832	-0.000674803	-0.24332	-0.0472595	-0.19369	0.0425378	0.348459	1.55832	0	0	0.221177	-0.397832	-0.272279	1.33484	1.50283	0	0
1.28466	0.0623323	-0.167031	-1.51455	0.334875	1.00977	1.64083	0.398591	0.0203862	0.243761	0.27476	0.00186169	0	0	-0.211217	0.134822	-0.0214354	0.639239	0.0308895	0	0	-0.581961	0.000271471	-0.240015	-0.0470598	-0.193531	0.039341	0.348292	1.55837	0	0	0.218004	-0.395558	-0.273035	1.33967	1.50143	0	0
1.28865	0.0619178	-0.168374	-1.51522	0.334271	1.00948	1.64733	0.397621	0.0229199	0.240146	0.285101	-0.0135993	0	0	-0.215934	0.132755	-0.0223235	0.644513	0.0138661	0	0	-0.5832	0.00120859	-0.236465	-0.0469212	-0.193323	0.0357688	0.348529	1.55842	0	0	0.214703	-0.393127	-0.273613	1.34413	1.50029	0	0
1.29264	0.0614347	-0.169838	-1.51598	0.333653	1.00925	1.65384	0.396566	0.025556	0.236481	0.295951	-0.0287261	0	0	-0.220499	0.130522	-0.0234138	0.650114	-0.00400832	0	0	-0.584537	0.00214593	-0.232691	-0.0468315	-0.193064	0.031841	0.34917	1.55847	0	0	0.21129	-0.39055	-0.274009	1.34819	1.49944	0	0
1.29663	0.0608806	-0.171407	-1.51681	0.33302	1.00909	1.66036	0.395449	0.0282873	0.232778	0.30729	-0.0433289	0	0	-0.224852	0.128113	-0.0246891	0.656092	-0.0226681	0	0	-0.585961	0.00309238	-0.228719	-0.0467766	-0.192754	0.0275798	0.35021	1.55852	0	0	0.20778	-0.387837	-0.27422	1.35184	1.49887	0	0
1.30062	0.0602543	-0.173067	-1.51768	0.332376	1.00898	1.66689	0.394291	0.0311056	0.229047	0.319098	-0.0572246	0	0	-0.228932	0.125519	-0.0261319	0.662498	-0.0420369	0	0	-0.58746	0.00405591	-0.224572	-0.0467403	-0.192393	0.0230098	0.351644	1.55857	0	0	0.204192	-0.384999	-0.274241	1.35506	1.49859	0	0
1.30461	0.0595562	-0.1748	-1.51857	0.33172	1.00892	1.67342	0.393113	0.0340015	0.225293	0.331349	-0.0702402	0	0	-0.232681	0.122731	-0.0277253	0.66938	-0.0620269	0	0	-0.589022	0.00504287	-0.220278	-0.0467051	-0.19198	0.0181574	0.353464	1.55861	0	0	0.200543	-0.382048	-0.274071	1.35784	1.4986	0	0
1.3086	0.0587884	-0.176592	-1.51946	0.331056	1.00893	1.67995	0.391932	0.0369647	0.221523	0.34402	-0.0822158	0	0	-0.23604	0.119742	-0.0294535	0.676781	-0.0825391	0	0	-0.590636	0.00605776	-0.215864	-0.0466527	-0.191516	0.0130511	0.355662	1.55866	0	0	0.196852	-0.378995	-0.273706	1.36016	1.4989	0	0
1.31259	0.0579547	-0.178427	-1.52033	0.330385	1.00899	1.68647	0.390766	0.0399834	0.21774	0.357083	-0.0930074	0	0	-0.238957	0.116546	-0.0313023	0.684739	-0.103464	0	0	-0.592291	0.00710313	-0.211357	-0.0465643	-0.191	0.00772162	0.358226	1.55871	0	0	0.193138	-0.375853	-0.273143	1.36201	1.49949	0	0
1.31658	0.0570607	-0.18029	-1.52115	0.329707	1.00911	1.69298	0.389628	0.0430449	0.21395	0.370509	-0.102489	0	0	-0.241378	0.113139	-0.0332588	0.693289	-0.124681	0	0	-0.593975	0.00817974	-0.206786	-0.0464212	-0.190433	0.00220143	0.361145	1.55876	0	0	0.18942	-0.372633	-0.27238	1.36337	1.50036	0	0
1.32057	0.056114	-0.182167	-1.52192	0.329026	1.00928	1.69947	0.388534	0.046135	0.210158	0.384266	-0.110556	0	0	-0.243257	0.109516	-0.0353117	0.702458	-0.14606	0	0	-0.595678	0.00928672	-0.20218	-0.0462046	-0.189815	-0.00347504	0.364407	1.55881	0	0	0.185716	-0.369348	-0.271416	1.36423	1.50148	0	0
1.32456	0.0551234	-0.184045	-1.5226	0.328342	1.00951	1.70595	0.387492	0.0492385	0.206369	0.39832	-0.117122	0	0	-0.24455	0.105676	-0.0374513	0.712268	-0.167465	0	0	-0.597389	0.0104217	-0.197569	-0.0458962	-0.189148	-0.00927185	0.367998	1.55886	0	0	0.182045	-0.366012	-0.270249	1.36459	1.50286	0	0
1.32855	0.0540995	-0.185909	-1.52318	0.327657	1.00979	1.71241	0.386512	0.0523384	0.202587	0.412632	-0.122127	0	0	-0.245215	0.101616	-0.0396694	0.722735	-0.188753	0	0	-0.599097	0.0115812	-0.192985	-0.0454782	-0.188432	-0.0151517	0.371907	1.55891	0	0	0.178422	-0.362637	-0.268879	1.36443	1.50448	0	0
1.33254	0.053054	-0.187746	-1.52363	0.326973	1.01013	1.71885	0.3856	0.0554165	0.198817	0.42716	-0.12553	0	0	-0.245217	0.0973363	-0.0419601	0.733866	-0.209775	0	0	-0.600793	0.0127603	-0.188458	-0.0449331	-0.187668	-0.0210759	0.376117	1.55896	0	0	0.174864	-0.359238	-0.267306	1.36374	1.5063	0	0
1.33653	0.0519993	-0.189544	-1.52393	0.326291	1.01051	1.72525	0.384757	0.0584537	0.19506	0.441858	-0.127314	0	0	-0.244524	0.0928368	-0.0443208	0.745663	-0.230383	0	0	-0.602464	0.0139533	-0.184019	-0.0442439	-0.186859	-0.0270035	0.380613	1.559	0	0	0.171385	-0.355826	-0.26553	1.36253	1.50832	0	0
1.34052	0.0509487	-0.191289	-1.52407	0.325613	1.01095	1.73163	0.383984	0.0614299	0.191315	0.456676	-0.127485	0	0	-0.243109	0.0881189	-0.0467526	0.758116	-0.250427	0	0	-0.6041	0.0151532	-0.179697	-0.0433946	-0.186008	-0.0328923	0.385379	1.55905	0	0	0.167996	-0.352415	-0.263555	1.36079	1.51051	0	0
1.34451	0.0499159	-0.192969	-1.52402	0.32494	1.01143	1.73797	0.383278	0.064325	0.187582	0.47156	-0.126066	0	0	-0.240949	0.0831846	-0.0492605	0.771208	-0.269761	0	0	-0.60569	0.0163524	-0.175521	-0.0423702	-0.185117	-0.0387003	0.390396	1.5591	0	0	0.16471	-0.349017	-0.261383	1.3585	1.51285	0	0
1.3485	0.0489142	-0.194573	-1.52379	0.324273	1.01196	1.74428	0.382631	0.0671191	0.183859	0.486453	-0.123102	0	0	-0.238031	0.0780367	-0.0518533	0.784915	-0.288248	0	0	-0.607223	0.0175426	-0.171516	-0.0411581	-0.184191	-0.0443868	0.39565	1.55915	0	0	0.161535	-0.345642	-0.259017	1.35569	1.51531	0	0
1.35249	0.047957	-0.19609	-1.52334	0.323615	1.01254	1.75055	0.382033	0.0697935	0.180145	0.501295	-0.118654	0	0	-0.234342	0.0726787	-0.0545433	0.799202	-0.305758	0	0	-0.60869	0.0187156	-0.167706	-0.0397476	-0.183235	-0.0499129	0.401127	1.5592	0	0	0.15848	-0.342301	-0.256462	1.35233	1.51786	0	0
1.35648	0.0470572	-0.19751	-1.52268	0.322964	1.01316	1.75678	0.381472	0.0723305	0.176439	0.516027	-0.112799	0	0	-0.229881	0.0671157	-0.0573453	0.814026	-0.322176	0	0	-0.610082	0.0198623	-0.164111	-0.0381303	-0.182254	-0.0552421	0.406814	1.55925	0	0	0.155552	-0.339003	-0.253723	1.34843	1.52049	0	0
1.36047	0.046227	-0.198826	-1.5218	0.322324	1.01383	1.76297	0.38093	0.0747142	0.172743	0.530585	-0.105628	0	0	-0.224652	0.0613543	-0.0602756	0.829336	-0.337403	0	0	-0.611392	0.0209732	-0.160747	-0.0362998	-0.181253	-0.0603397	0.4127	1.55929	0	0	0.152756	-0.335756	-0.250805	1.344	1.52316	0	0
1.36446	0.0454783	-0.200032	-1.52069	0.321694	1.01454	1.76911	0.38039	0.0769307	0.16906	0.544909	-0.0972423	0	0	-0.218667	0.055404	-0.0633507	0.845071	-0.351356	0	0	-0.612613	0.0220381	-0.157626	-0.0342525	-0.18024	-0.0651739	0.418773	1.55934	0	0	0.150096	-0.332567	-0.247714	1.33902	1.52584	0	0
1.36845	0.0448221	-0.201126	-1.51937	0.321075	1.01529	1.77521	0.379829	0.0789683	0.165394	0.55894	-0.0877506	0	0	-0.211947	0.0492769	-0.0665861	0.861162	-0.36397	0	0	-0.613742	0.0230456	-0.154754	-0.0319874	-0.179221	-0.0697165	0.425025	1.55939	0	0	0.147574	-0.32944	-0.244454	1.33352	1.52852	0	0
1.37244	0.0442686	-0.202106	-1.51784	0.320468	1.01608	1.78127	0.379221	0.0808176	0.161754	0.572619	-0.0772693	0	0	-0.204524	0.0429889	-0.0699955	0.877532	-0.375196	0	0	-0.614776	0.0239833	-0.152134	-0.0295066	-0.178204	-0.0739433	0.431448	1.55944	0	0	0.145194	-0.326379	-0.241034	1.32748	1.53118	0	0
1.37642	0.0438272	-0.202976	-1.51611	0.319873	1.01691	1.78729	0.378538	0.0824718	0.158149	0.585894	-0.065918	0	0	-0.196438	0.0365598	-0.0735904	0.894099	-0.385005	0	0	-0.615717	0.0248376	-0.149762	-0.0268152	-0.177196	-0.0778342	0.438037	1.55949	0	0	0.142954	-0.323386	-0.237459	1.32091	1.53379	0	0
1.38041	0.0435067	-0.203742	-1.51419	0.31929	1.01778	1.79326	0.377749	0.0839268	0.154593	0.598715	-0.0538181	0	0	-0.187738	0.0300134	-0.0773799	0.910772	-0.393379	0	0	-0.616568	0.0255939	-0.147626	-0.0239213	-0.176206	-0.0813735	0.444786	1.55954	0	0	0.140852	-0.320461	-0.233737	1.31381	1.53634	0	0
1.3844	0.0433141	-0.204416	-1.51212	0.31872	1.01868	1.79919	0.376819	0.0851817	0.151102	0.611038	-0.04109	0	0	-0.178482	0.0233766	-0.0813699	0.927458	-0.400318	0	0	-0.617335	0.026237	-0.145714	-0.0208354	-0.175242	-0.0845503	0.451694	1.55958	0	0	0.138886	-0.317603	-0.229876	1.30621	1.53882	0	0
1.38839	0.0432552	-0.205009	-1.50992	0.318162	1.01962	1.80508	0.375712	0.0862387	0.147692	0.622823	-0.0278514	0	0	-0.168733	0.0166791	-0.0855619	0.944064	-0.405836	0	0	-0.618027	0.0267524	-0.144005	-0.0175713	-0.174313	-0.0873586	0.458758	1.55963	0	0	0.13705	-0.31481	-0.225882	1.29809	1.54122	0	0
1.39238	0.0433334	-0.205539	-1.50761	0.317617	1.0206	1.81093	0.374392	0.0871032	0.144383	0.634035	-0.0142163	0	0	-0.158562	0.00995257	-0.0899517	0.960494	-0.409959	0	0	-0.618655	0.0271266	-0.142478	-0.0141447	-0.173426	-0.0897983	0.465982	1.55968	0	0	0.135338	-0.312077	-0.221766	1.28947	1.54353	0	0
1.39637	0.0435507	-0.206022	-1.50522	0.317083	1.0216	1.81675	0.372821	0.0877834	0.141196	0.644643	-0.000293028	0	0	-0.148039	0.00323151	-0.0945289	0.976655	-0.41273	0	0	-0.619232	0.0273474	-0.141107	-0.0105733	-0.17259	-0.0918746	0.473368	1.55973	0	0	0.13374	-0.309401	-0.217537	1.28036	1.54574	0	0
1.40036	0.0439075	-0.206478	-1.50278	0.316562	1.02265	1.82252	0.370963	0.0882896	0.138151	0.654624	0.013816	0	0	-0.137241	-0.00344669	-0.0992758	0.992456	-0.414203	0	0	-0.619771	0.0274039	-0.139866	-0.00687527	-0.17181	-0.0935968	0.480923	1.55978	0	0	0.132249	-0.306776	-0.213207	1.27078	1.54784	0	0
1.40435	0.0444026	-0.206926	-1.50032	0.316052	1.02372	1.82827	0.368785	0.0886339	0.13527	0.663956	0.0280153	0	0	-0.126239	-0.0100416	-0.104168	1.00781	-0.414442	0	0	-0.620288	0.0272863	-0.138726	-0.00306855	-0.171095	-0.0949768	0.488648	1.55983	0	0	0.130853	-0.304195	-0.208787	1.26074	1.54984	0	0
1.40834	0.0450337	-0.207385	-1.49787	0.315552	1.02482	1.83398	0.366254	0.0888297	0.132571	0.672624	0.0422168	0	0	-0.115109	-0.0165103	-0.109174	1.02263	-0.413523	0	0	-0.620797	0.0269863	-0.137659	0.000829574	-0.17045	-0.0960283	0.496545	1.55987	0	0	0.129543	-0.301651	-0.20429	1.25026	1.55172	0	0
1.41233	0.0457974	-0.207873	-1.49546	0.315063	1.02596	1.83966	0.363341	0.0888912	0.130076	0.680617	0.0563403	0	0	-0.10392	-0.0228078	-0.114256	1.03684	-0.411531	0	0	-0.621311	0.0264972	-0.136636	0.00480252	-0.169881	-0.0967671	0.504617	1.55992	0	0	0.128307	-0.299138	-0.199731	1.23935	1.55349	0	0
1.41632	0.0466889	-0.208408	-1.49311	0.314584	1.02712	1.84531	0.360022	0.0888337	0.127801	0.68793	0.0703135	0	0	-0.0927431	-0.0288888	-0.119375	1.05037	-0.408557	0	0	-0.621846	0.0258139	-0.135629	0.00883407	-0.169394	-0.0972102	0.512863	1.55997	0	0	0.127132	-0.296648	-0.195124	1.22805	1.55513	0	0
1.42031	0.0477027	-0.209006	-1.49085	0.314113	1.02831	1.85094	0.356275	0.0886725	0.125762	0.69456	0.0840724	0	0	-0.0816421	-0.0347082	-0.124488	1.06314	-0.404697	0	0	-0.622414	0.0249334	-0.134613	0.0129083	-0.168993	-0.0973757	0.521285	1.56002	0	0	0.126006	-0.294174	-0.190485	1.21637	1.55666	0	0
1.4243	0.0488325	-0.209682	-1.4887	0.313651	1.02953	1.85655	0.352084	0.0884227	0.123974	0.700512	0.0975605	0	0	-0.0706771	-0.0402227	-0.129552	1.0751	-0.400052	0	0	-0.623029	0.0238542	-0.133564	0.01701	-0.168682	-0.0972829	0.529886	1.56007	0	0	0.124918	-0.291709	-0.185831	1.20433	1.55806	0	0
1.42829	0.0500714	-0.210449	-1.48668	0.313196	1.03077	1.86213	0.347439	0.0880989	0.122446	0.705794	0.11073	0	0	-0.0599014	-0.045392	-0.134526	1.0862	-0.39472	0	0	-0.623699	0.0225769	-0.132458	0.0211247	-0.168466	-0.0969513	0.538669	1.56011	0	0	0.123855	-0.289245	-0.181179	1.19197	1.55934	0	0
1.43228	0.0514119	-0.211315	-1.48482	0.312747	1.03203	1.8677	0.342333	0.0877152	0.121187	0.710417	0.123539	0	0	-0.0493612	-0.0501799	-0.139371	1.09639	-0.3888	0	0	-0.624434	0.0211039	-0.131278	0.0252396	-0.168346	-0.0964004	0.547638	1.56016	0	0	0.122805	-0.286778	-0.176547	1.1793	1.5605	0	0
1.43627	0.052846	-0.21229	-1.48311	0.312305	1.03332	1.87326	0.336767	0.0872846	0.120199	0.714398	0.135955	0	0	-0.0390955	-0.0545556	-0.144049	1.10564	-0.382384	0	0	-0.625241	0.0194399	-0.130008	0.0293432	-0.168325	-0.0956493	0.556795	1.56021	0	0	0.121759	-0.284302	-0.171953	1.16636	1.56155	0	0
1.44026	0.0543654	-0.213379	-1.48157	0.311868	1.03463	1.8788	0.330743	0.0868193	0.119485	0.717757	0.147953	0	0	-0.029137	-0.0584926	-0.148527	1.11391	-0.375559	0	0	-0.626125	0.0175909	-0.128635	0.0334254	-0.168402	-0.0947178	0.566142	1.56026	0	0	0.120706	-0.281812	-0.167415	1.15318	1.56248	0	0
1.44425	0.0559616	-0.214585	-1.48022	0.311435	1.03595	1.88432	0.324271	0.0863303	0.11904	0.720516	0.159513	0	0	-0.0195126	-0.0619698	-0.152772	1.1212	-0.368405	0	0	-0.62709	0.0155643	-0.127149	0.0374768	-0.168578	-0.093626	0.575679	1.56031	0	0	0.119636	-0.279304	-0.162951	1.13978	1.5633	0	0
1.44824	0.0576262	-0.215912	-1.47904	0.311006	1.0373	1.88984	0.31736	0.0858276	0.118861	0.722703	0.170624	0	0	-0.0102431	-0.0649712	-0.15676	1.12749	-0.360994	0	0	-0.628137	0.013368	-0.125543	0.0414895	-0.168853	-0.0923931	0.585406	1.56035	0	0	0.11854	-0.276773	-0.158577	1.12619	1.56402	0	0
1.45223	0.0593506	-0.21736	-1.47805	0.310581	1.03866	1.89536	0.310027	0.08532	0.11894	0.724345	0.181279	0	0	-0.00134178	-0.0674865	-0.160468	1.13278	-0.353389	0	0	-0.629267	0.0110111	-0.12381	0.0454573	-0.169223	-0.0910361	0.59532	1.5604	0	0	0.117409	-0.274218	-0.154309	1.11243	1.56465	0	0
1.45622	0.0611265	-0.218925	-1.47724	0.310158	1.04004	1.90086	0.302292	0.0848149	0.119267	0.725474	0.191479	0	0	0.0071852	-0.0695111	-0.163879	1.13708	-0.345647	0	0	-0.630476	0.00850329	-0.121949	0.0493759	-0.169689	-0.0895704	0.605417	1.56045	0	0	0.116235	-0.271633	-0.150161	1.09853	1.56519	0	0
1.46021	0.0629461	-0.220603	-1.47662	0.309737	1.04143	1.90637	0.294179	0.0843187	0.119832	0.726124	0.201227	0	0	0.0153386	-0.0710457	-0.166982	1.1404	-0.337815	0	0	-0.631761	0.00585489	-0.119959	0.0532427	-0.170248	-0.0880103	0.615692	1.5605	0	0	0.115013	-0.269018	-0.146145	1.08452	1.56565	0	0
1.4642	0.0648014	-0.222388	-1.47617	0.309318	1.04284	1.91186	0.285714	0.0838364	0.12062	0.726327	0.210533	0	0	0.0231252	-0.0720967	-0.169768	1.14278	-0.329935	0	0	-0.633116	0.00307688	-0.117842	0.0570566	-0.170898	-0.086369	0.626137	1.56055	0	0	0.113736	-0.26637	-0.142273	1.07042	1.56604	0	0
1.46819	0.0666854	-0.224269	-1.4759	0.3089	1.04426	1.91736	0.276926	0.0833719	0.121619	0.726119	0.21941	0	0	0.0305574	-0.0726756	-0.172238	1.14423	-0.322041	0	0	-0.634534	0.000180562	-0.115601	0.0608179	-0.171635	-0.0846588	0.636747	1.56059	0	0	0.112403	-0.263689	-0.138552	1.05623	1.56636	0	0
1.47218	0.0685914	-0.226239	-1.47579	0.308483	1.04568	1.92286	0.267847	0.0829281	0.122813	0.725536	0.227873	0	0	0.0376528	-0.0727989	-0.174392	1.1448	-0.314162	0	0	-0.636007	-0.00282238	-0.113241	0.0645283	-0.172456	-0.0828905	0.647512	1.56064	0	0	0.11101	-0.260973	-0.134987	1.042	1.56662	0	0
1.47617	0.070513	-0.228285	-1.47583	0.308067	1.04712	1.92835	0.258508	0.0825069	0.124186	0.724612	0.235943	0	0	0.0444328	-0.0724885	-0.176239	1.14453	-0.306318	0	0	-0.637527	-0.00591981	-0.110771	0.0681906	-0.173358	-0.0810738	0.658423	1.56069	0	0	0.109557	-0.258224	-0.131582	1.02772	1.56683	0	0
1.48016	0.0724444	-0.230397	-1.47601	0.30765	1.04856	1.93385	0.248943	0.0821098	0.125719	0.723383	0.243641	0	0	0.0509223	-0.0717706	-0.17779	1.14347	-0.298527	0	0	-0.639085	-0.00909913	-0.1082	0.0718087	-0.174336	-0.0792167	0.66947	1.56074	0	0	0.108043	-0.255442	-0.128337	1.01342	1.567	0	0
1.48415	0.0743802	-0.232563	-1.47631	0.307234	1.05001	1.93934	0.239182	0.0817375	0.127394	0.721882	0.250995	0	0	0.0571479	-0.0706758	-0.17906	1.14168	-0.290799	0	0	-0.640673	-0.0123477	-0.105539	0.0753869	-0.175384	-0.0773256	0.68064	1.56079	0	0	0.106472	-0.252629	-0.12525	0.999107	1.56712	0	0
1.48813	0.076316	-0.234774	-1.47673	0.306818	1.05147	1.94484	0.229255	0.08139	0.129193	0.720142	0.25803	0	0	0.0631367	-0.0692368	-0.180067	1.13921	-0.283141	0	0	-0.642283	-0.0156539	-0.102798	0.0789297	-0.176498	-0.0754061	0.691922	1.56083	0	0	0.104844	-0.249787	-0.122316	0.984788	1.56722	0	0
1.49212	0.0782484	-0.23702	-1.47724	0.306402	1.05293	1.95034	0.219188	0.0810665	0.131097	0.718197	0.264777	0	0	0.0689153	-0.0674882	-0.180833	1.13613	-0.275553	0	0	-0.643909	-0.0190072	-0.0999882	0.0824414	-0.177672	-0.0734633	0.703304	1.56088	0	0	0.103162	-0.246919	-0.119528	0.970473	1.56728	0	0
1.49611	0.0801749	-0.239294	-1.47784	0.305985	1.05439	1.95584	0.209008	0.0807652	0.13309	0.716075	0.271266	0	0	0.07451	-0.0654659	-0.181385	1.1325	-0.268035	0	0	-0.645544	-0.0223982	-0.097119	0.0859263	-0.1789	-0.0715011	0.714774	1.56093	0	0	0.101431	-0.244027	-0.116877	0.956167	1.56732	0	0
1.5001	0.0820937	-0.241587	-1.47852	0.305568	1.05586	1.96134	0.198738	0.0804842	0.135155	0.713806	0.277528	0	0	0.0799469	-0.0632066	-0.181749	1.12838	-0.260583	0	0	-0.647184	-0.0258184	-0.0942004	0.0893886	-0.180177	-0.069523	0.72632	1.56098	0	0	0.0996548	-0.241113	-0.114352	0.941873	1.56733	0	0
1.50409	0.084004	-0.243894	-1.47925	0.30515	1.05733	1.96684	0.188397	0.0802214	0.13728	0.711417	0.283594	0	0	0.0852512	-0.0607468	-0.181954	1.12384	-0.25319	0	0	-0.648824	-0.0292605	-0.0912415	0.0928324	-0.181496	-0.0675326	0.737931	1.56103	0	0	0.0978394	-0.23818	-0.111941	0.927592	1.56733	0	0
1.50808	0.0859052	-0.246208	-1.48003	0.304733	1.0588	1.97234	0.178005	0.0799742	0.139449	0.708932	0.289496	0	0	0.0904468	-0.0581221	-0.182026	1.11894	-0.24585	0	0	-0.650462	-0.032718	-0.088251	0.0962613	-0.182852	-0.0655339	0.749596	1.56107	0	0	0.0959902	-0.23523	-0.10963	0.913325	1.56732	0	0
1.51207	0.0877979	-0.248527	-1.48085	0.304315	1.06027	1.97785	0.167575	0.0797403	0.141653	0.706371	0.295264	0	0	0.0955557	-0.055366	-0.181994	1.11375	-0.238554	0	0	-0.652097	-0.0361856	-0.0852364	0.0996786	-0.184238	-0.0635303	0.761305	1.56112	0	0	0.0941129	-0.232266	-0.107405	0.899072	1.5673	0	0
1.51606	0.0896826	-0.250848	-1.4817	0.303896	1.06174	1.98335	0.15712	0.0795171	0.143881	0.703755	0.300927	0	0	0.100598	-0.0525094	-0.181881	1.10832	-0.231293	0	0	-0.653727	-0.0396595	-0.0822043	0.103087	-0.185647	-0.0615242	0.773051	1.56117	0	0	0.0922131	-0.229292	-0.10525	0.884832	1.56727	0	0
1.52005	0.0915606	-0.253169	-1.48256	0.303478	1.06321	1.98886	0.146649	0.0793023	0.146126	0.7011	0.30651	0	0	0.105592	-0.0495799	-0.18171	1.10273	-0.224058	0	0	-0.655353	-0.0431366	-0.0791602	0.10649	-0.187074	-0.0595169	0.784822	1.56122	0	0	0.0902962	-0.226309	-0.103149	0.870604	1.56724	0	0
1.52404	0.0934333	-0.255489	-1.48345	0.303059	1.06469	1.99437	0.136169	0.0790936	0.148381	0.69842	0.312038	0	0	0.110552	-0.0466013	-0.181499	1.09701	-0.216841	0	0	-0.656975	-0.0466149	-0.0761084	0.109888	-0.188514	-0.0575094	0.796613	1.56127	0	0	0.088367	-0.223321	-0.101089	0.856385	1.56721	0	0
1.52803	0.0953023	-0.257808	-1.48434	0.302641	1.06616	1.99987	0.125685	0.0788888	0.150642	0.695725	0.31753	0	0	0.115493	-0.0435931	-0.181265	1.09121	-0.209636	0	0	-0.658595	-0.0500933	-0.0730521	0.113284	-0.189962	-0.0555021	0.808415	1.56131	0	0	0.0864299	-0.220329	-0.0990536	0.842173	1.56717	0	0
1.53202	0.0971693	-0.260126	-1.48523	0.302222	1.06763	2.00538	0.115199	0.0786862	0.152905	0.693024	0.323005	0	0	0.120422	-0.0405701	-0.181019	1.08537	-0.202436	0	0	-0.660214	-0.0535714	-0.0699938	0.116678	-0.191415	-0.0534948	0.820224	1.56136	0	0	0.0844885	-0.217336	-0.0970329	0.827966	1.56713	0	0
1.53601	0.0990354	-0.262444	-1.48612	0.301803	1.0691	2.01089	0.104713	0.0784844	0.155169	0.690321	0.328472	0	0	0.125348	-0.037542	-0.18077	1.07952	-0.195239	0	0	-0.661832	-0.0570493	-0.0669348	0.120073	-0.192869	-0.0514874	0.832035	1.56141	0	0	0.0825456	-0.214341	-0.0950174	0.81376	1.56709	0	0
