PathFileType	4	(X/Y/Z)	/tmp/tmpbcprxlnk/P20/MarkerData/DB4_P20_T02_l_comf_relabeled_segment_2.trc
DataRate	CameraRate	NumFrames	NumMarkers	Units	OrigDataRate	OrigDataStartFrame	OrigNumFrames
100.136	100.136	290	22	m	100.136	0	290
Frame#	Time	C7			CLAV			LANK			LASI			LHEE			LKNE			LMT5			LPSI			LSHO			LTHI			LTIB			LTOE			RANK			RASI			RHEE			RKNE			RMT5			RPSI			RSHO			RTHI			RTIB			RTOE		
		X1	Y1	Z1	X2	Y2	Z2	X3	Y3	Z3	X4	Y4	Z4	X5	Y5	Z5	X6	Y6	Z6	X7	Y7	Z7	X8	Y8	Z8	X9	Y9	Z9	X10	Y10	Z10	X11	Y11	Z11	X12	Y12	Z12	X13	Y13	Z13	X14	Y14	Z14	X15	Y15	Z15	X16	Y16	Z16	X17	Y17	Z17	X18	Y18	Z18	X19	Y19	Z19	X20	Y20	Z20	X21	Y21	Z21	X22	Y22	Z22

1	3.12	1.86839	-1.43616	0.180219	1.71703	-1.34678	0.173356	1.53701	-0.0774217	0.0841508	1.96909	-1.04733	0.131039	1.57835	-0.0198644	0.141424	1.60918	-0.485104	0.0415419	1.38089	-0.0817469	0.0762923	2.01861	-0.914122	0.134607	1.79338	-1.38122	-0.0258959	1.69944	-0.658739	-0.0193427	1.61185	-0.353959	0.0251467	1.3328	-0.0938082	0.126096	2.02938	-0.0617619	0.260458	1.97267	-1.05126	0.232258	2.09405	-0.0226939	0.20526	1.87249	-0.448477	0.330928	1.88463	-0.0146958	0.27704	2.02191	-0.917809	0.236789	1.78098	-1.38114	0.376101	1.84275	-0.618158	0.391783	1.94994	-0.307975	0.332107	1.83638	-0.0207802	0.222904
2	3.12999	1.85406	-1.43401	0.180133	1.70274	-1.34435	0.17344	1.50411	-0.0778946	0.0852067	1.95471	-1.04494	0.130157	1.54337	-0.0190484	0.140799	1.59519	-0.482419	0.0412351	1.34817	-0.0901502	0.0784359	2.00396	-0.911599	0.13359	1.77879	-1.37868	-0.0259507	1.6865	-0.655573	-0.0202672	1.59132	-0.351286	0.0258449	1.30117	-0.104228	0.129088	2.02888	-0.0630165	0.259589	1.95904	-1.04894	0.231462	2.09359	-0.0245944	0.204045	1.86673	-0.447828	0.330638	1.8849	-0.0146066	0.277055	2.0079	-0.915317	0.235765	1.76666	-1.37906	0.376139	1.83412	-0.61719	0.392084	1.94654	-0.308414	0.331454	1.83545	-0.0196299	0.223342
3	3.13997	1.83954	-1.43183	0.179903	1.68828	-1.34181	0.17335	1.47351	-0.0793187	0.0851122	1.93995	-1.04236	0.129018	1.51098	-0.0187198	0.139809	1.58081	-0.479995	0.0408016	1.31799	-0.0979915	0.0804565	1.98897	-0.9089	0.132325	1.764	-1.37619	-0.02625	1.67287	-0.652771	-0.0212171	1.57072	-0.349851	0.0254295	1.27228	-0.11387	0.131906	2.02823	-0.0647271	0.258934	1.94509	-1.04642	0.230372	2.09313	-0.027017	0.203215	1.86056	-0.447338	0.330407	1.88515	-0.0145319	0.277065	1.99369	-0.91266	0.234501	1.75225	-1.37693	0.376127	1.82522	-0.616249	0.392223	1.94263	-0.309111	0.330771	1.83463	-0.0187063	0.223693
4	3.14996	1.82485	-1.42969	0.179493	1.67368	-1.33932	0.173151	1.44546	-0.081029	0.0845872	1.92501	-1.03976	0.127851	1.48157	-0.0187278	0.138603	1.56614	-0.477669	0.0408057	1.29038	-0.10486	0.0821651	1.97378	-0.90619	0.13083	1.74903	-1.37375	-0.0267842	1.65847	-0.650445	-0.0221799	1.55113	-0.34882	0.0250458	1.24624	-0.122194	0.134653	2.02737	-0.066739	0.258595	1.93074	-1.04378	0.229048	2.0927	-0.0299726	0.202956	1.85386	-0.446932	0.330288	1.88544	-0.0145152	0.277149	1.97939	-0.90998	0.233059	1.73772	-1.37483	0.376075	1.81591	-0.615313	0.39219	1.93823	-0.309931	0.330235	1.83403	-0.0180117	0.223818
5	3.15995	1.81018	-1.42765	0.179011	1.65903	-1.33692	0.172938	1.42044	-0.0823093	0.0840456	1.90987	-1.03727	0.126701	1.45568	-0.0188841	0.137497	1.55124	-0.475628	0.0408922	1.26562	-0.110141	0.0835157	1.9584	-0.903665	0.129061	1.73411	-1.37135	-0.0271245	1.64324	-0.648592	-0.0229556	1.53274	-0.347818	0.0247465	1.22312	-0.128657	0.137033	2.02634	-0.0691192	0.258809	1.91621	-1.04123	0.227746	2.09225	-0.0334674	0.203198	1.84643	-0.446566	0.330326	1.88582	-0.0145628	0.27742	1.96501	-0.907441	0.23146	1.72325	-1.37297	0.376127	1.80621	-0.614416	0.392209	1.93312	-0.310941	0.330088	1.8337	-0.0175928	0.223813
6	3.16993	1.79552	-1.42571	0.178507	1.64428	-1.33467	0.172608	1.39885	-0.0827875	0.0835105	1.89442	-1.03501	0.125496	1.43328	-0.0187658	0.136605	1.53605	-0.474016	0.0408632	1.24402	-0.113024	0.0847168	1.94303	-0.901473	0.127206	1.71918	-1.36909	-0.027443	1.62716	-0.64721	-0.0235132	1.5155	-0.346674	0.0242384	1.20297	-0.132864	0.138682	2.02509	-0.0719508	0.259589	1.90145	-1.03887	0.226453	2.09177	-0.0376044	0.203911	1.83808	-0.446179	0.330557	1.88597	-0.0145383	0.277666	1.95043	-0.905137	0.229637	1.70866	-1.3711	0.375855	1.7961	-0.613607	0.392404	1.9272	-0.312092	0.330423	1.83352	-0.0173114	0.223778
7	3.17992	1.78075	-1.42389	0.177834	1.62945	-1.3327	0.172176	1.38052	-0.0823783	0.0830214	1.8787	-1.03305	0.124207	1.41461	-0.0180505	0.135891	1.52047	-0.472876	0.0407502	1.22557	-0.113358	0.085473	1.9276	-0.899626	0.125295	1.70412	-1.36701	-0.0280115	1.61041	-0.646184	-0.023655	1.49924	-0.345716	0.0232887	1.1857	-0.134221	0.139571	2.0235	-0.0753152	0.260848	1.88637	-1.03673	0.225121	2.09108	-0.0425211	0.205364	1.82882	-0.445753	0.330952	1.88597	-0.0144161	0.277875	1.93544	-0.903056	0.227527	1.694	-1.36934	0.375341	1.78529	-0.612876	0.392488	1.9204	-0.313359	0.331168	1.83335	-0.0171004	0.223607
8	3.1899	1.76599	-1.42228	0.1771	1.61453	-1.331	0.171727	1.36546	-0.0809674	0.0825618	1.86278	-1.03141	0.122888	1.39967	-0.0165197	0.135204	1.5045	-0.472156	0.0406417	1.21027	-0.111244	0.0857527	1.91192	-0.898078	0.123354	1.68902	-1.36515	-0.0287278	1.59323	-0.645593	-0.0235171	1.48386	-0.34487	0.0223323	1.1712	-0.132579	0.139832	2.02152	-0.0789906	0.262555	1.87107	-1.03481	0.223796	2.08991	-0.0483014	0.207478	1.81872	-0.445342	0.331494	1.88587	-0.0141936	0.277906	1.9203	-0.901231	0.225457	1.67936	-1.36778	0.374746	1.77376	-0.612209	0.392523	1.91269	-0.314733	0.332131	1.83321	-0.0169594	0.223342
9	3.19989	1.75112	-1.42084	0.176248	1.59951	-1.32957	0.171193	1.35358	-0.0784728	0.0820337	1.84667	-1.0301	0.121649	1.38851	-0.0142486	0.134562	1.48832	-0.471722	0.0406475	1.19806	-0.107033	0.0855896	1.89592	-0.896815	0.121403	1.67386	-1.36351	-0.0294823	1.57584	-0.645505	-0.0232606	1.469	-0.34407	0.0215169	1.15934	-0.128222	0.139617	2.01911	-0.0832671	0.264525	1.85552	-1.03315	0.222536	2.08816	-0.0550049	0.209893	1.80784	-0.445003	0.33215	1.88574	-0.014091	0.278013	1.90487	-0.89962	0.22348	1.66477	-1.36646	0.374067	1.76155	-0.611618	0.392572	1.90413	-0.31627	0.333155	1.83319	-0.0168593	0.223092
10	3.20988	1.73626	-1.41955	0.175373	1.58439	-1.32851	0.170567	1.34481	-0.0749157	0.0815989	1.83035	-1.02911	0.12057	1.38149	-0.0120315	0.133996	1.47198	-0.471281	0.0407283	1.18875	-0.100712	0.0851637	1.8796	-0.895842	0.119575	1.65863	-1.36207	-0.0302713	1.5583	-0.64577	-0.0230003	1.45486	-0.342984	0.0212064	1.1501	-0.12143	0.139144	2.01631	-0.0881507	0.266613	1.83959	-1.03177	0.221404	2.08603	-0.0622201	0.212195	1.79611	-0.444713	0.332869	1.88548	-0.0140423	0.277968	1.889	-0.898212	0.221654	1.65029	-1.36545	0.373367	1.74857	-0.611121	0.392538	1.89492	-0.318067	0.334267	1.83319	-0.016774	0.222816
11	3.21986	1.72138	-1.41841	0.174265	1.56915	-1.3278	0.169813	1.33882	-0.0707082	0.0817385	1.81377	-1.02845	0.119696	1.37847	-0.0112406	0.134041	1.45578	-0.470558	0.0407161	1.18205	-0.0913201	0.0847913	1.86292	-0.895139	0.117912	1.64325	-1.36092	-0.0312082	1.54071	-0.646207	-0.0228082	1.4416	-0.341448	0.0211776	1.14306	-0.111748	0.138479	2.01288	-0.0936068	0.268646	1.82328	-1.03065	0.220463	2.08325	-0.0701871	0.214268	1.78349	-0.44445	0.33361	1.88525	-0.0140253	0.277917	1.8727	-0.897055	0.220035	1.6358	-1.36474	0.372594	1.73478	-0.610625	0.392409	1.88519	-0.320153	0.335446	1.83322	-0.0166847	0.222529
12	3.22985	1.70649	-1.4175	0.172945	1.55385	-1.32741	0.168908	1.33471	-0.0671421	0.0826304	1.79709	-1.02821	0.119059	1.37738	-0.0119488	0.135126	1.44013	-0.469812	0.0403505	1.17697	-0.0786057	0.0839937	1.84602	-0.894814	0.11642	1.62767	-1.36006	-0.0323675	1.52343	-0.64685	-0.0226318	1.42939	-0.339657	0.0214649	1.13712	-0.0983416	0.137307	2.00857	-0.0996079	0.270536	1.8068	-1.02986	0.219799	2.07951	-0.079144	0.216118	1.76988	-0.4442	0.334355	1.88502	-0.0140478	0.277853	1.8562	-0.896207	0.218707	1.62133	-1.36434	0.371693	1.72019	-0.610073	0.392289	1.8747	-0.322553	0.336471	1.83326	-0.0165894	0.222227
13	3.23984	1.6916	-1.41706	0.171468	1.5385	-1.32748	0.168029	1.3305	-0.0659481	0.0830413	1.78063	-1.02854	0.11871	1.37573	-0.0139878	0.136084	1.42525	-0.469871	0.0396926	1.1724	-0.0659956	0.082618	1.82928	-0.895039	0.115182	1.61193	-1.35943	-0.0336078	1.50691	-0.648182	-0.0227058	1.41821	-0.338579	0.0225156	1.13121	-0.0833109	0.135181	2.00319	-0.106276	0.272409	1.7904	-1.02946	0.219477	2.07441	-0.0893897	0.217949	1.75502	-0.443982	0.335039	1.88479	-0.0141377	0.277756	1.83952	-0.895709	0.217519	1.6069	-1.36436	0.370728	1.70465	-0.609488	0.392092	1.86314	-0.325292	0.337322	1.83329	-0.0165114	0.221874
14	3.24982	1.67655	-1.41732	0.169954	1.52307	-1.32801	0.167272	1.32548	-0.0659821	0.0825035	1.76476	-1.02939	0.118792	1.37329	-0.0162951	0.13597	1.41015	-0.471691	0.0389414	1.16773	-0.0572878	0.0820085	1.81272	-0.895679	0.114256	1.59619	-1.35913	-0.034727	1.49111	-0.650169	-0.0230183	1.40716	-0.339301	0.0244701	1.12571	-0.0724043	0.133098	1.99631	-0.113857	0.274311	1.77431	-1.02941	0.219587	2.06755	-0.101028	0.219685	1.73853	-0.443887	0.335775	1.88441	-0.0142709	0.277486	1.82267	-0.895429	0.216592	1.59244	-1.36489	0.369869	1.68795	-0.60903	0.391797	1.85001	-0.328458	0.338032	1.83336	-0.0164277	0.22154
15	3.25981	1.66125	-1.41827	0.168523	1.50764	-1.32913	0.166633	1.32064	-0.0658266	0.0815465	1.74942	-1.03057	0.119353	1.37087	-0.0182099	0.135076	1.39415	-0.47477	0.0380133	1.16338	-0.0506391	0.0818941	1.79614	-0.896485	0.113762	1.58029	-1.35933	-0.0357694	1.47551	-0.65235	-0.0234042	1.39491	-0.341691	0.0256048	1.12196	-0.0653094	0.133378	1.98755	-0.122384	0.276005	1.75869	-1.02961	0.220184	2.0583	-0.113939	0.22095	1.71999	-0.44393	0.336747	1.88387	-0.0144655	0.276933	1.80582	-0.895241	0.216146	1.57778	-1.36596	0.369134	1.66993	-0.608816	0.391381	1.835	-0.332144	0.338956	1.83361	-0.0162527	0.221338
16	3.2698	1.6457	-1.41965	0.167183	1.49227	-1.33073	0.166043	1.31701	-0.0653853	0.080709	1.73441	-1.03195	0.120486	1.36921	-0.0196791	0.134002	1.37763	-0.477596	0.0377689	1.15997	-0.0442136	0.0830356	1.77967	-0.897446	0.113935	1.56429	-1.36004	-0.0367408	1.45978	-0.654501	-0.0240255	1.38152	-0.344532	0.0247052	1.11967	-0.0585091	0.135472	1.97649	-0.131482	0.277628	1.74328	-1.03007	0.221338	2.04625	-0.127824	0.221681	1.69943	-0.444065	0.338142	1.88303	-0.0147971	0.275855	1.78895	-0.895233	0.21633	1.56284	-1.36753	0.368414	1.65062	-0.608721	0.39098	1.81767	-0.336098	0.340038	1.83402	-0.0159544	0.221319
17	3.27978	1.63011	-1.42128	0.165959	1.47689	-1.33259	0.165389	1.31385	-0.0647987	0.0802415	1.71945	-1.03348	0.122014	1.36788	-0.0209265	0.133038	1.36166	-0.47938	0.0378209	1.15747	-0.0377233	0.0854102	1.76339	-0.898599	0.114691	1.54829	-1.36117	-0.0376176	1.44404	-0.656514	-0.025111	1.36808	-0.346684	0.0221878	1.11797	-0.0515688	0.138352	1.96284	-0.140609	0.279267	1.72774	-1.0308	0.222876	2.03145	-0.142523	0.222424	1.67697	-0.444067	0.339819	1.88147	-0.0154258	0.274296	1.77215	-0.89556	0.217098	1.54767	-1.36951	0.367586	1.63005	-0.608513	0.390731	1.7981	-0.34003	0.341348	1.83363	-0.0158311	0.221282
18	3.28977	1.61468	-1.42297	0.164843	1.46149	-1.33457	0.164637	1.31057	-0.0641613	0.0801884	1.70441	-1.03505	0.123497	1.36649	-0.0221137	0.132409	1.34727	-0.479957	0.0377502	1.15499	-0.0319403	0.0874595	1.74736	-0.899874	0.115716	1.5323	-1.36269	-0.038471	1.42872	-0.658078	-0.0263502	1.35536	-0.347684	0.0191965	1.11638	-0.0455243	0.141193	1.94702	-0.149881	0.281216	1.71212	-1.03176	0.224377	2.01448	-0.157876	0.223842	1.65268	-0.4436	0.341368	1.87869	-0.016465	0.273194	1.75555	-0.896223	0.218105	1.5324	-1.37174	0.36661	1.6085	-0.607923	0.390723	1.77615	-0.343542	0.342773	1.83161	-0.015529	0.221435
19	3.29975	1.59954	-1.42461	0.163825	1.44614	-1.33663	0.163894	1.30761	-0.0635318	0.0803891	1.68939	-1.0366	0.124629	1.36534	-0.0230931	0.132163	1.33465	-0.479615	0.03745	1.15241	-0.0273674	0.08798	1.73162	-0.901202	0.116651	1.51643	-1.36443	-0.039161	1.41425	-0.65898	-0.027348	1.34379	-0.347612	0.0172625	1.11491	-0.040618	0.142998	1.92967	-0.159869	0.283364	1.69662	-1.0329	0.225561	1.99562	-0.174033	0.2262	1.6267	-0.442463	0.342411	1.87445	-0.0178359	0.273198	1.73931	-0.897138	0.21899	1.51727	-1.37403	0.365546	1.58632	-0.606781	0.390896	1.75193	-0.346476	0.344315	1.82823	-0.0147941	0.221818
20	3.30974	1.58461	-1.42617	0.162804	1.43084	-1.33873	0.163177	1.30577	-0.0629958	0.0807679	1.67449	-1.03814	0.125429	1.36471	-0.0236356	0.132217	1.3234	-0.47886	0.0371278	1.15041	-0.024013	0.0869972	1.71624	-0.902601	0.117283	1.50075	-1.36632	-0.0397906	1.40079	-0.659443	-0.0280115	1.33332	-0.347298	0.0164433	1.11349	-0.0372816	0.143373	1.91065	-0.170379	0.285678	1.68133	-1.03414	0.226406	1.97473	-0.190715	0.22927	1.59924	-0.440784	0.342861	1.86909	-0.0195391	0.27425	1.72346	-0.898222	0.219591	1.50239	-1.3763	0.364451	1.56338	-0.605125	0.390878	1.72601	-0.34907	0.346071	1.82436	-0.013553	0.222736
21	3.31973	1.56986	-1.42768	0.16181	1.41568	-1.34083	0.162568	1.30493	-0.0627507	0.0812022	1.65973	-1.03966	0.125982	1.36455	-0.0237177	0.132367	1.31285	-0.478294	0.0369263	1.14905	-0.0217392	0.0859371	1.70128	-0.9041	0.117577	1.48517	-1.36818	-0.0403388	1.38807	-0.659966	-0.0284537	1.32373	-0.347243	0.0169938	1.11228	-0.0351099	0.143789	1.88919	-0.180301	0.288252	1.66626	-1.03539	0.226956	1.95105	-0.207016	0.232419	1.57045	-0.439008	0.343064	1.86199	-0.0227509	0.275301	1.70808	-0.899402	0.219943	1.48787	-1.37852	0.36346	1.53982	-0.603214	0.390587	1.69855	-0.351573	0.347767	1.82	-0.0120686	0.224805
22	3.32971	1.55519	-1.42926	0.160938	1.40074	-1.34293	0.162109	1.30425	-0.0629167	0.081436	1.64512	-1.04116	0.126341	1.3647	-0.0236137	0.132215	1.30276	-0.478199	0.0368826	1.14805	-0.0201344	0.0857003	1.68672	-0.905661	0.117611	1.46957	-1.37	-0.0409102	1.37573	-0.660774	-0.0286328	1.31507	-0.347495	0.018352	1.11116	-0.0333399	0.144681	1.86504	-0.18884	0.290955	1.65141	-1.0366	0.227308	1.92462	-0.222003	0.235527	1.54067	-0.437563	0.343316	1.85071	-0.028993	0.27527	1.69326	-0.900624	0.220041	1.47367	-1.38056	0.362646	1.51578	-0.60141	0.390036	1.66981	-0.354134	0.349375	1.81318	-0.0117838	0.22823
23	3.3397	1.54054	-1.43098	0.160024	1.38601	-1.34495	0.161806	1.30361	-0.0634076	0.0813224	1.63067	-1.04267	0.126608	1.36473	-0.0236471	0.132066	1.29317	-0.478412	0.0369878	1.14736	-0.0190411	0.0856782	1.67253	-0.907263	0.117459	1.45398	-1.37172	-0.0413812	1.36354	-0.661929	-0.0286405	1.30775	-0.347634	0.0198179	1.11017	-0.0316783	0.145286	1.83904	-0.196305	0.293262	1.63677	-1.03772	0.227585	1.89684	-0.234442	0.238596	1.51027	-0.436719	0.343527	1.83397	-0.0365195	0.275688	1.67884	-0.901845	0.219879	1.45975	-1.3825	0.362024	1.49144	-0.600026	0.389361	1.63988	-0.356443	0.351073	1.80011	-0.0154108	0.231654
24	3.34969	1.52598	-1.43287	0.159148	1.37139	-1.34693	0.16162	1.30323	-0.0636224	0.0813575	1.6164	-1.04423	0.126907	1.36466	-0.023768	0.132037	1.28423	-0.478566	0.0371674	1.14695	-0.0182983	0.0853195	1.65862	-0.908942	0.117182	1.43838	-1.37338	-0.0417295	1.35169	-0.663303	-0.0286841	1.30186	-0.347594	0.0206609	1.10923	-0.0301316	0.145173	1.81207	-0.203493	0.294989	1.62235	-1.03878	0.227888	1.86974	-0.243227	0.241038	1.47962	-0.436704	0.343576	1.8109	-0.0440395	0.277563	1.66474	-0.903061	0.219588	1.44604	-1.38442	0.361569	1.46701	-0.599351	0.388674	1.60853	-0.357933	0.352897	1.77826	-0.0218008	0.233151
25	3.35967	1.51144	-1.43489	0.158308	1.35697	-1.3489	0.161794	1.30303	-0.0636108	0.0815491	1.60231	-1.04591	0.127317	1.36462	-0.02388	0.132084	1.27622	-0.478411	0.0371585	1.14672	-0.0178749	0.0849049	1.64491	-0.910797	0.116854	1.42276	-1.37505	-0.0419918	1.34064	-0.664632	-0.0288929	1.29721	-0.347405	0.0205572	1.10837	-0.0286985	0.144869	1.78433	-0.210314	0.296208	1.60805	-1.03988	0.228256	1.84343	-0.248698	0.243182	1.44904	-0.437757	0.343511	1.78158	-0.0502483	0.27989	1.65087	-0.904352	0.219263	1.43267	-1.38634	0.361365	1.44268	-0.599574	0.388043	1.57641	-0.3587	0.354911	1.74901	-0.0277524	0.234363
26	3.36966	1.49692	-1.43705	0.157545	1.34269	-1.35086	0.162246	1.30285	-0.0635903	0.0818138	1.58827	-1.0478	0.127777	1.36458	-0.023995	0.13221	1.2693	-0.477918	0.0369766	1.14654	-0.0176747	0.0846106	1.63134	-0.912884	0.11658	1.40711	-1.37676	-0.0421013	1.32997	-0.665871	-0.0292592	1.29354	-0.347161	0.0198829	1.10756	-0.0273027	0.144678	1.75521	-0.215823	0.297395	1.59388	-1.04117	0.228687	1.81619	-0.251457	0.245118	1.41877	-0.439854	0.343274	1.74821	-0.0546428	0.282148	1.63703	-0.905815	0.218893	1.41954	-1.38824	0.361328	1.41859	-0.60064	0.387392	1.54423	-0.359492	0.356726	1.71507	-0.0320487	0.23611
27	3.37965	1.48272	-1.43933	0.157044	1.32848	-1.35282	0.162774	1.30256	-0.0635927	0.0821398	1.57431	-1.04993	0.128232	1.36447	-0.0241516	0.132407	1.26348	-0.477186	0.0367147	1.14635	-0.0175358	0.0843036	1.61781	-0.915194	0.116404	1.39152	-1.37857	-0.0420641	1.31962	-0.666861	-0.0295345	1.29048	-0.346913	0.0193858	1.10676	-0.025842	0.144474	1.72429	-0.218836	0.2987	1.57982	-1.04277	0.229139	1.78713	-0.252021	0.246628	1.38895	-0.442823	0.342798	1.71272	-0.0571887	0.284285	1.62313	-0.907529	0.21857	1.4067	-1.39019	0.361418	1.39488	-0.60243	0.386797	1.51242	-0.360925	0.357749	1.67867	-0.0348988	0.238314
28	3.38963	1.46885	-1.44164	0.156744	1.31435	-1.35481	0.163315	1.30221	-0.063605	0.0824344	1.56046	-1.05226	0.128639	1.3643	-0.024352	0.132619	1.25832	-0.476377	0.0365179	1.14617	-0.0173995	0.0839984	1.60416	-0.917628	0.116407	1.37605	-1.38051	-0.0419742	1.30981	-0.667685	-0.0296689	1.28776	-0.346656	0.0194039	1.10609	-0.0243515	0.144267	1.69171	-0.219293	0.299876	1.56581	-1.04475	0.229507	1.7565	-0.250262	0.247849	1.35955	-0.446537	0.342164	1.67537	-0.0580394	0.286158	1.60938	-0.909591	0.218583	1.39406	-1.39224	0.361543	1.3715	-0.604837	0.38632	1.481	-0.363051	0.357915	1.6406	-0.0365692	0.240606
29	3.39962	1.45471	-1.44388	0.156125	1.30034	-1.35689	0.163958	1.30193	-0.0636111	0.082742	1.54669	-1.05468	0.128919	1.36411	-0.0245703	0.132827	1.25335	-0.47572	0.036307	1.14605	-0.0172667	0.0837864	1.5905	-0.920099	0.116581	1.36077	-1.3825	-0.0417477	1.30067	-0.668331	-0.0294787	1.2853	-0.346501	0.0195556	1.10563	-0.0230773	0.144249	1.65821	-0.217796	0.300884	1.55184	-1.04704	0.229772	1.72501	-0.246175	0.248977	1.33055	-0.45085	0.341454	1.63579	-0.0575889	0.288052	1.59551	-0.911916	0.218784	1.3813	-1.39445	0.361515	1.34835	-0.607745	0.385985	1.44982	-0.365559	0.357543	1.60044	-0.0372741	0.242799
30	3.4096	1.44031	-1.44601	0.155241	1.28644	-1.35905	0.164539	1.30168	-0.0636523	0.0830465	1.53301	-1.05705	0.129064	1.36399	-0.0248036	0.133061	1.24833	-0.475199	0.0362499	1.14599	-0.0171639	0.0836511	1.57682	-0.922477	0.116934	1.34562	-1.38458	-0.0415736	1.29162	-0.668898	-0.0293134	1.28261	-0.346271	0.0196899	1.10519	-0.0223485	0.144342	1.62405	-0.214692	0.301774	1.53787	-1.04951	0.229924	1.69293	-0.239799	0.250013	1.30208	-0.45547	0.340754	1.59395	-0.0562474	0.290299	1.58153	-0.914368	0.219165	1.36867	-1.39675	0.361554	1.32544	-0.611114	0.385752	1.41882	-0.368244	0.35683	1.55782	-0.0373078	0.245124
31	3.41959	1.42623	-1.44809	0.154634	1.27261	-1.36122	0.165063	1.30141	-0.0637508	0.0832931	1.51941	-1.05933	0.129124	1.36394	-0.025046	0.133359	1.24331	-0.474715	0.0363572	1.14595	-0.0170616	0.0835444	1.56314	-0.92467	0.117493	1.3306	-1.38671	-0.0413448	1.28246	-0.669466	-0.0292842	1.27936	-0.345992	0.0197952	1.10484	-0.0219339	0.14446	1.58922	-0.210162	0.302547	1.52393	-1.05202	0.230021	1.66013	-0.231268	0.250896	1.27425	-0.460248	0.339967	1.55011	-0.0542778	0.292911	1.56752	-0.916849	0.219751	1.35608	-1.39905	0.361568	1.30283	-0.614825	0.385725	1.38821	-0.370924	0.35577	1.51288	-0.037016	0.247791
32	3.42958	1.41241	-1.45009	0.154243	1.25886	-1.36334	0.165541	1.30113	-0.0638547	0.0835135	1.50585	-1.06145	0.12917	1.36395	-0.025258	0.133741	1.2383	-0.474281	0.0365252	1.14589	-0.0169707	0.0834456	1.54951	-0.92668	0.118283	1.31571	-1.38889	-0.0411374	1.27342	-0.669983	-0.029128	1.27551	-0.345814	0.0197979	1.10435	-0.0217602	0.144516	1.55374	-0.204387	0.303238	1.51003	-1.0545	0.230144	1.62645	-0.220783	0.251699	1.24711	-0.465087	0.33908	1.50452	-0.0521154	0.295563	1.55352	-0.919259	0.220545	1.34334	-1.40128	0.361492	1.28051	-0.61882	0.385968	1.3583	-0.37351	0.354584	1.46607	-0.036686	0.250569
33	3.43956	1.39865	-1.45194	0.153946	1.24519	-1.36542	0.166062	1.30097	-0.0638075	0.0838625	1.49242	-1.06336	0.129318	1.36389	-0.0255567	0.134021	1.23334	-0.473851	0.0368003	1.14582	-0.0168966	0.0833395	1.53598	-0.928488	0.119291	1.30098	-1.391	-0.0408841	1.26452	-0.670464	-0.0288004	1.2713	-0.345781	0.0197066	1.10387	-0.0215954	0.144722	1.51743	-0.197496	0.30379	1.49611	-1.05687	0.230341	1.59171	-0.208629	0.252508	1.22086	-0.470001	0.338173	1.45741	-0.0498926	0.298047	1.53959	-0.921524	0.221563	1.33054	-1.40333	0.361444	1.2584	-0.62302	0.386297	1.32932	-0.375819	0.353457	1.418	-0.0365338	0.253172
34	3.44955	1.38494	-1.45363	0.153712	1.23156	-1.36738	0.166502	1.30076	-0.0638507	0.0843224	1.47913	-1.06504	0.12963	1.36359	-0.0262949	0.133802	1.22852	-0.47345	0.0370172	1.14574	-0.0168361	0.083252	1.52252	-0.930064	0.120487	1.28643	-1.39301	-0.0405564	1.2555	-0.670915	-0.0283795	1.26719	-0.345576	0.0201942	1.10354	-0.0214105	0.144959	1.48026	-0.189654	0.304273	1.48222	-1.05905	0.230691	1.55568	-0.195111	0.253141	1.19551	-0.475001	0.337285	1.40924	-0.0478119	0.300419	1.52573	-0.923603	0.22282	1.31771	-1.4052	0.361463	1.23662	-0.62736	0.386734	1.30114	-0.377704	0.352408	1.36909	-0.036712	0.255569
35	3.45954	1.37122	-1.45512	0.153522	1.21795	-1.36918	0.166847	1.30056	-0.0640731	0.0846798	1.46587	-1.06646	0.130155	1.36301	-0.0275462	0.133053	1.22386	-0.473005	0.0372571	1.14564	-0.0167757	0.0832281	1.50903	-0.931398	0.121885	1.27205	-1.3948	-0.0401717	1.24614	-0.671353	-0.0279501	1.26359	-0.345458	0.0207674	1.1035	-0.0211866	0.14467	1.44228	-0.181052	0.304627	1.46831	-1.06098	0.231215	1.51823	-0.180598	0.253482	1.17104	-0.480031	0.336492	1.36068	-0.0458686	0.302641	1.51178	-0.925475	0.224297	1.30479	-1.40688	0.361527	1.21514	-0.631819	0.387391	1.27357	-0.379016	0.351451	1.32003	-0.0371587	0.257975
36	3.46952	1.35748	-1.45641	0.153369	1.20436	-1.37068	0.167304	1.30038	-0.0643533	0.0849613	1.45253	-1.06762	0.130857	1.3627	-0.0281967	0.133094	1.2194	-0.472568	0.0373725	1.14551	-0.0167243	0.0832614	1.49563	-0.932497	0.123502	1.25774	-1.39638	-0.0397467	1.23664	-0.671769	-0.0275236	1.26069	-0.345417	0.0212523	1.10339	-0.0209842	0.144523	1.40347	-0.17176	0.304781	1.45438	-1.06264	0.23195	1.47939	-0.16546	0.253606	1.14738	-0.484915	0.335884	1.31199	-0.0441809	0.304773	1.49779	-0.927102	0.225965	1.29176	-1.40829	0.361601	1.19387	-0.636233	0.388094	1.24639	-0.379564	0.350552	1.27115	-0.0377339	0.260292
37	3.47951	1.34381	-1.45741	0.153321	1.19075	-1.37186	0.167722	1.30021	-0.0646008	0.0852238	1.43912	-1.06855	0.131749	1.36271	-0.0292923	0.1323	1.21507	-0.472087	0.0375048	1.14538	-0.0167334	0.0832756	1.48228	-0.933369	0.125254	1.24352	-1.39779	-0.0393342	1.22743	-0.671998	-0.0269701	1.25846	-0.3454	0.0215721	1.10319	-0.0208129	0.144565	1.36382	-0.162038	0.304816	1.44036	-1.06401	0.232871	1.43927	-0.15009	0.253591	1.12451	-0.489453	0.335507	1.26311	-0.0426831	0.306531	1.48382	-0.928448	0.227785	1.27859	-1.4094	0.361675	1.17343	-0.640118	0.388775	1.21929	-0.379119	0.349772	1.22207	-0.0385892	0.262264
38	3.4895	1.33019	-1.4581	0.153388	1.17714	-1.37278	0.168102	1.3	-0.064835	0.0854566	1.42566	-1.06921	0.132804	1.36261	-0.0296638	0.13272	1.21075	-0.471628	0.0375127	1.14528	-0.01679	0.0832	1.46892	-0.934026	0.127134	1.22941	-1.39898	-0.0389878	1.21835	-0.672082	-0.0263812	1.25643	-0.345401	0.0216763	1.10303	-0.0206595	0.144647	1.32339	-0.15212	0.304802	1.42625	-1.06508	0.23397	1.39782	-0.134763	0.253288	1.10235	-0.493536	0.335346	1.21437	-0.0414399	0.308146	1.46982	-0.929489	0.229702	1.2653	-1.41023	0.361781	1.15333	-0.64384	0.38942	1.19224	-0.377695	0.349392	1.1729	-0.0397826	0.26415
39	3.49948	1.31656	-1.45851	0.153507	1.1635	-1.37344	0.168435	1.29976	-0.0650893	0.085641	1.41217	-1.06961	0.134037	1.36239	-0.0290944	0.134639	1.20628	-0.471107	0.0376551	1.14511	-0.0169448	0.0829997	1.4556	-0.934455	0.129145	1.21542	-1.39987	-0.0386288	1.20917	-0.67207	-0.0258842	1.25422	-0.345405	0.0216769	1.10292	-0.0205403	0.144702	1.28229	-0.142308	0.304733	1.41208	-1.06582	0.235229	1.35485	-0.119665	0.252554	1.08084	-0.497115	0.335352	1.16572	-0.0403597	0.309683	1.45585	-0.930241	0.231719	1.25199	-1.41066	0.36196	1.13342	-0.647376	0.389997	1.16519	-0.375505	0.349507	1.12363	-0.0417062	0.266212
40	3.50947	1.30286	-1.45865	0.153648	1.14982	-1.37376	0.168793	1.2995	-0.0653573	0.0858105	1.39872	-1.06974	0.135452	1.36229	-0.0290613	0.13569	1.20159	-0.470557	0.0377884	1.14511	-0.0169987	0.0828207	1.44229	-0.934627	0.131235	1.20151	-1.40042	-0.0382195	1.20011	-0.671939	-0.0253928	1.2516	-0.345433	0.0215987	1.10266	-0.0205132	0.144721	1.24057	-0.132822	0.304585	1.39789	-1.0662	0.236645	1.31105	-0.105173	0.251738	1.06009	-0.500157	0.335554	1.11727	-0.03962	0.311123	1.44184	-0.930675	0.233791	1.23857	-1.41075	0.362172	1.1139	-0.650578	0.390506	1.13814	-0.372904	0.349962	1.07484	-0.0442044	0.268262
41	3.51946	1.28913	-1.45851	0.153814	1.13612	-1.37369	0.169243	1.2992	-0.0656672	0.0859471	1.38526	-1.06962	0.136998	1.36224	-0.029512	0.135952	1.19673	-0.469979	0.0379485	1.14519	-0.0169535	0.0827712	1.42898	-0.934528	0.133364	1.18763	-1.40062	-0.037762	1.19144	-0.671648	-0.0250169	1.24855	-0.345403	0.0216525	1.10212	-0.0206764	0.144656	1.19823	-0.123882	0.304343	1.38361	-1.06627	0.238166	1.2669	-0.0917437	0.251128	1.04004	-0.502639	0.335995	1.06919	-0.0394572	0.312589	1.42775	-0.930776	0.235887	1.22505	-1.4105	0.362413	1.09552	-0.653212	0.390974	1.11101	-0.370054	0.350533	1.02657	-0.0472358	0.270248
42	3.52944	1.27534	-1.45805	0.154075	1.12239	-1.37331	0.169806	1.29888	-0.0660139	0.0860733	1.37173	-1.0692	0.138621	1.36212	-0.0301614	0.136012	1.19178	-0.469356	0.0380783	1.14532	-0.0168535	0.0827931	1.41566	-0.934138	0.135507	1.17379	-1.40052	-0.037286	1.18308	-0.671219	-0.0246924	1.24509	-0.345251	0.0218919	1.1018	-0.0207245	0.144589	1.15545	-0.115691	0.304177	1.36928	-1.06601	0.239752	1.22186	-0.0794375	0.25048	1.02059	-0.504517	0.336644	1.02153	-0.040254	0.313979	1.4136	-0.930549	0.238025	1.21148	-1.40992	0.362723	1.07828	-0.655213	0.391594	1.08398	-0.36713	0.351215	0.979116	-0.0506802	0.272106
43	3.53943	1.26156	-1.45727	0.15448	1.1087	-1.37265	0.170438	1.29857	-0.0664427	0.0862055	1.35822	-1.06848	0.140311	1.36204	-0.0308622	0.136198	1.18673	-0.468711	0.0381655	1.14535	-0.0168466	0.0827275	1.40231	-0.933452	0.137693	1.15998	-1.40013	-0.0368744	1.17383	-0.670876	-0.0242958	1.24134	-0.345105	0.0221271	1.10161	-0.0206679	0.144494	1.11249	-0.108519	0.304226	1.35499	-1.06538	0.24144	1.17611	-0.0684065	0.249837	1.00172	-0.505835	0.337476	0.974455	-0.0420299	0.315103	1.39945	-0.929952	0.240194	1.19779	-1.40899	0.363078	1.06173	-0.65654	0.392171	1.05699	-0.364201	0.351999	0.932501	-0.0546719	0.273605
44	3.54941	1.24779	-1.45624	0.154962	1.0948	-1.37169	0.170716	1.29828	-0.0669239	0.0863717	1.34475	-1.06746	0.142085	1.36199	-0.0315589	0.13652	1.18149	-0.467999	0.0382703	1.14544	-0.0168625	0.0826498	1.38881	-0.93244	0.139876	1.14622	-1.39948	-0.0364143	1.16469	-0.670415	-0.0238788	1.23745	-0.344997	0.0222904	1.10161	-0.02054	0.144396	1.0696	-0.102462	0.304486	1.34068	-1.06438	0.243231	1.13005	-0.0587647	0.249339	0.983535	-0.506703	0.338513	0.928144	-0.0448321	0.31596	1.38513	-0.928958	0.24234	1.18403	-1.40778	0.36351	1.04598	-0.657065	0.39269	1.03025	-0.361364	0.352951	0.886693	-0.0594927	0.274664
45	3.5594	1.23397	-1.45498	0.155514	1.08087	-1.37032	0.171173	1.29804	-0.067445	0.0866114	1.33131	-1.06615	0.143966	1.36192	-0.0323339	0.136853	1.17615	-0.46724	0.0383839	1.14562	-0.0169332	0.0825067	1.37518	-0.931069	0.142097	1.13245	-1.39853	-0.0358591	1.15617	-0.6698	-0.0234927	1.23358	-0.344879	0.0225	1.1015	-0.0205365	0.144134	1.02719	-0.0976229	0.304942	1.32641	-1.06305	0.245153	1.08455	-0.0506571	0.24925	0.965839	-0.5071	0.339607	0.882825	-0.048501	0.316644	1.37071	-0.927578	0.244538	1.17025	-1.40631	0.36406	1.03108	-0.656768	0.393248	1.00418	-0.358728	0.354109	0.841903	-0.0653423	0.275612
46	3.56939	1.2201	-1.45349	0.156211	1.06693	-1.36874	0.171808	1.29783	-0.0680795	0.0869644	1.31787	-1.06453	0.145929	1.36182	-0.0333481	0.137175	1.17076	-0.466523	0.038446	1.14575	-0.0171447	0.082194	1.36148	-0.929355	0.144375	1.11865	-1.39734	-0.0352302	1.14812	-0.669093	-0.0231683	1.22984	-0.344809	0.0226992	1.10152	-0.0204861	0.144046	0.985607	-0.0939541	0.305537	1.31211	-1.06137	0.24713	1.03994	-0.0439855	0.249419	0.948652	-0.506941	0.340787	0.838667	-0.0531191	0.31728	1.3561	-0.925795	0.246746	1.15645	-1.40463	0.364754	1.0169	-0.655547	0.393885	0.978733	-0.356256	0.3552	0.798612	-0.0721863	0.276632
47	3.57937	1.20614	-1.45185	0.157014	1.05291	-1.36698	0.172474	1.29748	-0.0688914	0.0872778	1.30446	-1.0626	0.148023	1.36169	-0.0346	0.137613	1.16516	-0.465814	0.0385298	1.14599	-0.0172306	0.0821086	1.34761	-0.92728	0.146659	1.10484	-1.39597	-0.0345129	1.13959	-0.668499	-0.0229317	1.22617	-0.344887	0.0227609	1.1016	-0.0203628	0.144081	0.945233	-0.0914274	0.306281	1.29775	-1.0593	0.249142	0.996571	-0.0387548	0.249688	0.931785	-0.506247	0.342055	0.796222	-0.0586972	0.318226	1.34128	-0.923601	0.248959	1.1424	-1.4027	0.365519	1.0032	-0.653457	0.394639	0.953906	-0.353901	0.355994	0.757129	-0.0798213	0.277888
48	3.58936	1.19208	-1.45009	0.157961	1.03883	-1.36508	0.173164	1.29709	-0.0699094	0.0876821	1.29111	-1.06038	0.150265	1.3615	-0.0360391	0.138291	1.1593	-0.465173	0.038563	1.14635	-0.0172013	0.0822295	1.33362	-0.924871	0.149006	1.09103	-1.39442	-0.033698	1.13064	-0.667974	-0.0227325	1.22243	-0.345133	0.0228447	1.10154	-0.0202695	0.143996	0.906281	-0.0899396	0.307095	1.28337	-1.05689	0.251253	0.954447	-0.0347695	0.250017	0.91526	-0.505018	0.343431	0.755831	-0.0650224	0.319587	1.32631	-0.921044	0.251239	1.12816	-1.40059	0.366401	0.989728	-0.65073	0.395589	0.929981	-0.351625	0.356701	0.717596	-0.0880755	0.279452
49	3.59935	1.178	-1.4482	0.159053	1.0247	-1.36302	0.173863	1.29668	-0.0711205	0.0882336	1.27761	-1.05793	0.152575	1.36132	-0.0379235	0.139265	1.15311	-0.464687	0.0384784	1.14669	-0.017144	0.0822946	1.31958	-0.922253	0.15143	1.07723	-1.39273	-0.0327791	1.12143	-0.667465	-0.0226532	1.21847	-0.345555	0.0230535	1.10148	-0.0201859	0.143896	0.868976	-0.0892993	0.307965	1.2689	-1.05424	0.25352	0.913996	-0.0318957	0.250537	0.898957	-0.503439	0.344756	0.717606	-0.0717355	0.321159	1.31131	-0.918222	0.253621	1.11377	-1.39841	0.367364	0.976219	-0.647604	0.396682	0.907055	-0.349433	0.35761	0.680113	-0.0965187	0.281251
50	3.60933	1.16388	-1.44621	0.160241	1.01049	-1.36085	0.174626	1.29608	-0.0726319	0.0887267	1.26389	-1.05538	0.154966	1.36107	-0.0403311	0.140165	1.14657	-0.464273	0.0384894	1.14715	-0.0169738	0.0825344	1.30539	-0.919549	0.153892	1.06342	-1.39094	-0.0318035	1.11197	-0.666918	-0.0226665	1.21414	-0.346136	0.0234189	1.10149	-0.020068	0.143881	0.833557	-0.0893198	0.308985	1.25426	-1.05146	0.255867	0.875735	-0.0299381	0.25131	0.882592	-0.501782	0.346002	0.68149	-0.0785078	0.322662	1.29629	-0.915274	0.256067	1.09927	-1.3962	0.368457	0.962726	-0.644431	0.397876	0.884535	-0.347337	0.358682	0.644764	-0.104825	0.282967
51	3.61932	1.14969	-1.44419	0.161483	0.996208	-1.35865	0.175483	1.29531	-0.074407	0.0890935	1.24995	-1.05283	0.157464	1.3606	-0.0430041	0.140687	1.13948	-0.463856	0.0386095	1.1475	-0.0168567	0.0826481	1.29113	-0.916881	0.156408	1.04958	-1.38911	-0.0307894	1.10218	-0.666269	-0.0226523	1.20929	-0.346895	0.0238274	1.10138	-0.0199148	0.143812	0.800026	-0.0897635	0.310203	1.23939	-1.04865	0.258292	0.839769	-0.0286467	0.252483	0.866552	-0.499896	0.347315	0.647661	-0.0851145	0.324026	1.28101	-0.91234	0.258426	1.08462	-1.39397	0.369626	0.949028	-0.641575	0.399132	0.862196	-0.345391	0.359921	0.61161	-0.112678	0.28433
52	3.62931	1.13537	-1.44219	0.16282	0.981838	-1.35644	0.176427	1.29431	-0.0764846	0.0892364	1.23576	-1.05035	0.160076	1.36011	-0.0461955	0.140908	1.13172	-0.463438	0.0385729	1.14771	-0.0168204	0.0826676	1.27674	-0.914346	0.15897	1.03567	-1.38728	-0.0296377	1.09206	-0.66561	-0.0226237	1.20373	-0.347742	0.0240935	1.1012	-0.0197132	0.143717	0.768549	-0.0904745	0.311644	1.22433	-1.04588	0.260782	0.806261	-0.0278297	0.2541	0.850771	-0.497874	0.348655	0.616286	-0.091361	0.325032	1.26532	-0.909493	0.260664	1.06978	-1.3918	0.370828	0.934583	-0.639277	0.400287	0.84028	-0.3437	0.361281	0.5807	-0.119726	0.285136
53	3.63929	1.12099	-1.44025	0.164254	0.967384	-1.35426	0.177432	1.29304	-0.0788797	0.0890257	1.22138	-1.04799	0.162769	1.35935	-0.0499223	0.14072	1.12319	-0.462942	0.0384841	1.14774	-0.0168466	0.0825872	1.26216	-0.911965	0.161581	1.02162	-1.38551	-0.0284534	1.08154	-0.664989	-0.0227103	1.19746	-0.348615	0.024099	1.10115	-0.0195623	0.143713	0.739439	-0.0913058	0.313222	1.20897	-1.04323	0.263298	0.775483	-0.0272251	0.256133	0.835127	-0.495885	0.349842	0.5873	-0.0968993	0.325561	1.24979	-0.906804	0.26311	1.05479	-1.3897	0.372102	0.919243	-0.637567	0.401214	0.819238	-0.342258	0.36265	0.552361	-0.125732	0.285407
54	3.64928	1.10648	-1.43844	0.165766	0.952849	-1.35224	0.178476	1.29153	-0.0816166	0.0884931	1.2067	-1.04577	0.16545	1.35837	-0.0541154	0.14017	1.11386	-0.46236	0.03829	1.14759	-0.0169424	0.0823869	1.24741	-0.909722	0.164259	1.00743	-1.38384	-0.0272047	1.07072	-0.664304	-0.0226571	1.19038	-0.349449	0.0238795	1.10113	-0.019452	0.143765	0.712893	-0.0919519	0.314814	1.19337	-1.04075	0.265834	0.747911	-0.026624	0.258463	0.819425	-0.494102	0.350803	0.560897	-0.10157	0.325591	1.23408	-0.904295	0.265608	1.03966	-1.3877	0.373464	0.903046	-0.636295	0.401806	0.799248	-0.340892	0.363939	0.52671	-0.130699	0.284988
55	3.65926	1.09185	-1.43677	0.167424	0.938137	-1.35044	0.1795	1.28969	-0.0846746	0.0876836	1.19178	-1.04373	0.168058	1.35711	-0.0587651	0.139221	1.10375	-0.461707	0.0379972	1.14749	-0.0169201	0.0822562	1.23242	-0.90763	0.166972	0.993151	-1.38233	-0.0258335	1.05947	-0.663624	-0.0224895	1.18245	-0.350299	0.0234239	1.1011	-0.0193876	0.143849	0.689138	-0.0922135	0.316405	1.17758	-1.03854	0.268338	0.723636	-0.0257674	0.260986	0.803598	-0.492501	0.351687	0.537386	-0.105153	0.325184	1.21817	-0.902035	0.26817	1.02442	-1.38583	0.374936	0.886398	-0.635344	0.402258	0.780218	-0.339697	0.365269	0.503855	-0.134421	0.283885
56	3.66925	1.07715	-1.43526	0.169239	0.923183	-1.34888	0.180643	1.28739	-0.0881217	0.0866094	1.17664	-1.04185	0.170546	1.3555	-0.0638925	0.137974	1.09289	-0.461086	0.0376223	1.14742	-0.0168275	0.082173	1.21722	-0.905741	0.169727	0.978795	-1.38093	-0.024317	1.04766	-0.662973	-0.0222918	1.17374	-0.351256	0.0228212	1.10106	-0.0193208	0.143935	0.668362	-0.0919802	0.31801	1.16164	-1.03662	0.270769	0.70272	-0.0245088	0.263642	0.787667	-0.491112	0.352444	0.51683	-0.107169	0.324319	1.20213	-0.900081	0.270825	1.00903	-1.38411	0.376533	0.869581	-0.634568	0.402692	0.762057	-0.338662	0.366645	0.483865	-0.136463	0.282188
57	3.67924	1.06229	-1.43393	0.17114	0.908355	-1.3474	0.181958	1.28464	-0.0920426	0.0853457	1.16118	-1.04017	0.172853	1.35341	-0.0696912	0.13653	1.08134	-0.46056	0.0371002	1.14732	-0.0167437	0.0821206	1.20175	-0.904062	0.17247	0.964453	-1.37971	-0.0226869	1.03516	-0.662334	-0.0220884	1.16438	-0.352344	0.0221515	1.10108	-0.0192278	0.144088	0.650606	-0.0910542	0.319488	1.14544	-1.03502	0.272988	0.685318	-0.0228225	0.266338	0.771573	-0.490007	0.352984	0.49922	-0.107359	0.323056	1.18607	-0.898494	0.273625	0.993523	-1.38253	0.378208	0.85269	-0.633831	0.403108	0.744737	-0.337723	0.367987	0.466836	-0.136605	0.280294
58	3.68922	1.04737	-1.43275	0.173164	0.893683	-1.34613	0.183287	1.28152	-0.0964564	0.0840371	1.14534	-1.03871	0.174921	1.35079	-0.0763508	0.134996	1.06927	-0.460016	0.0366828	1.14721	-0.0166725	0.082035	1.18583	-0.902588	0.175091	0.950111	-1.37872	-0.0210063	1.022	-0.661662	-0.0216953	1.15444	-0.353657	0.0215138	1.10123	-0.0191429	0.144316	0.635835	-0.0893059	0.320795	1.12895	-1.03375	0.274967	0.671295	-0.0205376	0.268855	0.755335	-0.489053	0.353298	0.484472	-0.105704	0.321593	1.16962	-0.897281	0.276201	0.977897	-1.38111	0.37997	0.835833	-0.63306	0.403532	0.728308	-0.336775	0.369086	0.452699	-0.134676	0.278118
59	3.69921	1.03239	-1.43171	0.175309	0.87868	-1.34523	0.184724	1.27793	-0.101376	0.0826967	1.12907	-1.0375	0.176777	1.34762	-0.0837128	0.133683	1.05651	-0.459499	0.0364203	1.14711	-0.0166144	0.0819317	1.1696	-0.901405	0.177627	0.935759	-1.37794	-0.019286	1.0081	-0.661045	-0.0211705	1.14394	-0.35525	0.0209112	1.10146	-0.0190899	0.14458	0.623861	-0.086778	0.321876	1.1122	-1.03286	0.276784	0.660494	-0.0175814	0.271087	0.739129	-0.488075	0.3533	0.472625	-0.102412	0.320043	1.15277	-0.896427	0.278587	0.962084	-1.37987	0.38177	0.818977	-0.632162	0.403776	0.712982	-0.335653	0.369925	0.441223	-0.13069	0.275515
60	3.7092	1.01731	-1.4308	0.177527	0.863433	-1.34464	0.1863	1.27372	-0.106844	0.0814708	1.11226	-1.03655	0.178466	1.3436	-0.0919106	0.132659	1.04288	-0.459175	0.0354944	1.14702	-0.016604	0.081805	1.15298	-0.900495	0.180112	0.921406	-1.37739	-0.0174996	0.993424	-0.660481	-0.02055	1.13278	-0.357101	0.0203869	1.10164	-0.019084	0.144776	0.614509	-0.0833607	0.322637	1.09499	-1.03228	0.278438	0.652994	-0.014381	0.27303	0.723327	-0.486836	0.35291	0.463496	-0.0977347	0.318324	1.13568	-0.895904	0.280974	0.946106	-1.37882	0.38365	0.802032	-0.631077	0.403817	0.698762	-0.334148	0.37048	0.432158	-0.125281	0.272938
61	3.71918	1.00211	-1.42999	0.179838	0.848036	-1.34434	0.187856	1.26866	-0.112968	0.0803887	1.09506	-1.03586	0.180109	1.33833	-0.101086	0.131869	1.02832	-0.458974	0.034125	1.14695	-0.0165974	0.0817263	1.13588	-0.89982	0.182492	0.907014	-1.3771	-0.0157144	0.978057	-0.659825	-0.0196986	1.12076	-0.359192	0.0198914	1.10172	-0.0191062	0.14485	0.607474	-0.0790962	0.322836	1.07757	-1.03201	0.280135	0.649068	-0.0119366	0.274446	0.708027	-0.485095	0.352344	0.456841	-0.0911629	0.316298	1.11829	-0.895687	0.283308	0.930046	-1.37792	0.385609	0.78501	-0.629742	0.403605	0.685669	-0.332001	0.370659	0.425223	-0.117817	0.270162
62	3.72917	0.986928	-1.42929	0.182234	0.832453	-1.34422	0.189362	1.26246	-0.119722	0.079414	1.07766	-1.03548	0.181733	1.3317	-0.111305	0.131438	1.01233	-0.458501	0.0337445	1.1469	-0.0165253	0.0818413	1.11861	-0.899491	0.184755	0.892597	-1.37702	-0.0138921	0.961892	-0.65919	-0.0188665	1.10769	-0.361512	0.019506	1.10196	-0.0191748	0.145035	0.602005	-0.0748571	0.322095	1.05996	-1.03207	0.281697	0.648019	-0.0111612	0.274824	0.693633	-0.482771	0.352082	0.451719	-0.081251	0.313679	1.10103	-0.895813	0.285677	0.913927	-1.37718	0.38765	0.76832	-0.628308	0.403277	0.673977	-0.329126	0.370158	0.419085	-0.10645	0.266954
63	3.73916	0.971882	-1.42876	0.184715	0.816811	-1.34418	0.190987	1.25486	-0.127125	0.0785269	1.06026	-1.0356	0.183224	1.32311	-0.122381	0.131321	0.994696	-0.457751	0.0338034	1.14678	-0.0164754	0.082151	1.10161	-0.899748	0.186841	0.878175	-1.3771	-0.0121506	0.944824	-0.658591	-0.0181114	1.0933	-0.364028	0.0192377	1.10234	-0.0192982	0.145256	0.59687	-0.0725892	0.320891	1.04249	-1.03264	0.283059	0.647316	-0.0126227	0.274272	0.679893	-0.480869	0.352661	0.44702	-0.069515	0.310671	1.08447	-0.896491	0.28805	0.897674	-1.3766	0.389704	0.752725	-0.627463	0.403293	0.66376	-0.326414	0.368626	0.411964	-0.0917025	0.263904
64	3.74914	0.956772	-1.42861	0.187242	0.801135	-1.3446	0.192585	1.24535	-0.135121	0.0776346	1.04323	-1.03618	0.184553	1.31215	-0.134284	0.131335	0.975521	-0.4569	0.0337937	1.14624	-0.0167889	0.0825616	1.08504	-0.900502	0.188797	0.86392	-1.37729	-0.0103657	0.926818	-0.657894	-0.0171919	1.07743	-0.366838	0.0191752	1.10265	-0.0194108	0.14534	0.591589	-0.0723777	0.320604	1.02562	-1.03375	0.284339	0.645542	-0.0148352	0.274535	0.665625	-0.481201	0.353153	0.442366	-0.0616745	0.307975	1.0683	-0.897734	0.290137	0.881273	-1.37628	0.391748	0.738386	-0.627806	0.404075	0.653976	-0.325737	0.366802	0.404766	-0.0806423	0.261485
65	3.75913	0.941352	-1.42891	0.189746	0.785347	-1.34559	0.194128	1.23354	-0.143464	0.0766705	1.02715	-1.03694	0.185657	1.29877	-0.146947	0.131296	0.95466	-0.455985	0.0335288	1.14511	-0.0174227	0.0836348	1.0689	-0.90125	0.190568	0.849878	-1.37783	-0.00868405	0.907783	-0.657016	-0.0159754	1.0597	-0.369811	0.0193365	1.10261	-0.0194529	0.14533	0.586647	-0.0723095	0.321077	1.00987	-1.0351	0.285609	0.643383	-0.0167516	0.275569	0.649806	-0.484079	0.353029	0.437799	-0.0562728	0.306239	1.0523	-0.899078	0.291915	0.864779	-1.37629	0.393761	0.723855	-0.629036	0.405394	0.642573	-0.327898	0.366536	0.399589	-0.0737887	0.258767
66	3.76911	0.925568	-1.42956	0.192125	0.769484	-1.34686	0.195531	1.2197	-0.152129	0.0755437	1.01192	-1.0376	0.186195	1.28355	-0.160588	0.130803	0.932076	-0.454883	0.033069	1.1432	-0.0183516	0.0850166	1.05286	-0.901716	0.191807	0.835656	-1.37866	-0.00711521	0.887992	-0.655804	-0.0144469	1.03964	-0.372636	0.0192326	1.10194	-0.0192588	0.145479	0.583155	-0.0718576	0.32199	0.994941	-1.03647	0.286281	0.642088	-0.0181539	0.276696	0.633253	-0.487245	0.352824	0.434953	-0.0504887	0.305104	1.03639	-0.900312	0.293189	0.848099	-1.37659	0.395681	0.707765	-0.631	0.40675	0.62946	-0.331085	0.367911	0.39633	-0.0667825	0.257084
67	3.7791	0.90958	-1.43036	0.19426	0.753645	-1.34797	0.196969	1.20451	-0.161758	0.0742672	0.997055	-1.0381	0.186026	1.26687	-0.175659	0.12949	0.907745	-0.453416	0.0327183	1.14057	-0.0193604	0.085325	1.03688	-0.901938	0.192386	0.821041	-1.37973	-0.00567297	0.867597	-0.654318	-0.0132886	1.01729	-0.375199	0.0186353	1.10042	-0.0187812	0.145857	0.580557	-0.071065	0.322983	0.980252	-1.03778	0.286018	0.64114	-0.0193393	0.277438	0.617432	-0.488851	0.352919	0.433051	-0.0442605	0.305021	1.02064	-0.901373	0.293789	0.8314	-1.37717	0.397394	0.690393	-0.633449	0.407907	0.616138	-0.333258	0.370091	0.39377	-0.0592036	0.256991
68	3.78909	0.893616	-1.43114	0.19615	0.737848	-1.34897	0.198144	1.18772	-0.172506	0.0730204	0.982368	-1.03844	0.185367	1.24799	-0.191581	0.127828	0.881634	-0.451573	0.0323568	1.13746	-0.0201669	0.0843548	1.02137	-0.90205	0.192621	0.806056	-1.38088	-0.00423624	0.846567	-0.652459	-0.0123415	0.992786	-0.377575	0.0174979	1.09781	-0.0181223	0.145894	0.577747	-0.0702133	0.323634	0.965943	-1.03895	0.285433	0.639818	-0.0205479	0.277805	0.603252	-0.488516	0.353679	0.43072	-0.0385698	0.306592	1.00545	-0.902266	0.294006	0.814758	-1.37794	0.398882	0.673246	-0.635467	0.409015	0.603932	-0.333611	0.371745	0.390922	-0.0521386	0.258246
69	3.79907	0.877866	-1.43184	0.197885	0.72219	-1.34978	0.199042	1.16842	-0.183213	0.0717607	0.967741	-1.03863	0.184586	1.2266	-0.206988	0.126501	0.854016	-0.449481	0.0318692	1.13324	-0.0219606	0.0829249	1.00649	-0.902151	0.192869	0.790902	-1.38198	-0.00274	0.82495	-0.650231	-0.0112206	0.96651	-0.379834	0.0161804	1.09383	-0.0166312	0.14486	0.574881	-0.0694675	0.323755	0.951731	-1.03994	0.284741	0.638572	-0.0215587	0.278036	0.590733	-0.48705	0.354928	0.427716	-0.0344378	0.309208	0.990767	-0.903134	0.294202	0.798189	-1.3788	0.400194	0.657892	-0.636319	0.410438	0.593427	-0.332442	0.372654	0.388068	-0.0466793	0.25926
70	3.80906	0.862421	-1.43253	0.199518	0.706703	-1.35036	0.200095	1.14668	-0.192776	0.0706152	0.953187	-1.03871	0.183957	1.20317	-0.221035	0.125417	0.82539	-0.447459	0.0314248	1.12553	-0.0267387	0.0824134	0.991752	-0.902216	0.193121	0.7757	-1.38305	-0.00128507	0.802854	-0.647829	-0.00998192	0.9387	-0.381829	0.0151733	1.08792	-0.0140588	0.142364	0.573155	-0.0689433	0.323529	0.937548	-1.04075	0.284158	0.637994	-0.022071	0.278305	0.579283	-0.485561	0.356114	0.425207	-0.0320208	0.310608	0.976521	-0.90396	0.294627	0.781784	-1.37965	0.401396	0.644776	-0.636038	0.412034	0.584348	-0.330689	0.373288	0.386243	-0.0432561	0.258248
71	3.81905	0.847276	-1.43328	0.201067	0.691469	-1.35077	0.20111	1.12341	-0.201414	0.069982	0.938819	-1.03862	0.183617	1.17855	-0.233303	0.124552	0.796096	-0.445817	0.0313167	1.11187	-0.0340512	0.0827713	0.977349	-0.902207	0.193625	0.760709	-1.38399	0.000145229	0.780542	-0.645528	-0.00861103	0.909322	-0.383356	0.0143777	1.07768	-0.0124631	0.13743	0.572534	-0.0687575	0.323308	0.923451	-1.04139	0.283851	0.637833	-0.0222452	0.278534	0.568354	-0.484529	0.356823	0.423599	-0.0305395	0.310619	0.962512	-0.904677	0.295239	0.765436	-1.38047	0.402485	0.633103	-0.635273	0.413334	0.576372	-0.329307	0.373804	0.385446	-0.0408897	0.255854
72	3.82903	0.832303	-1.43423	0.202582	0.67655	-1.35114	0.202067	1.09905	-0.209955	0.070115	0.924584	-1.03838	0.183561	1.15358	-0.243332	0.124351	0.766265	-0.44458	0.0320794	1.0921	-0.0422928	0.0819257	0.963431	-0.902161	0.194458	0.745987	-1.38486	0.00141777	0.758226	-0.643647	-0.00712526	0.878589	-0.383975	0.0139021	1.05964	-0.0162946	0.132365	0.572157	-0.0687031	0.323172	0.909698	-1.0419	0.283933	0.637788	-0.0223229	0.278692	0.557716	-0.484003	0.357046	0.422614	-0.0294173	0.310743	0.948842	-0.905328	0.296057	0.749093	-1.38127	0.403475	0.621888	-0.634733	0.414032	0.569229	-0.328793	0.374075	0.384733	-0.0389832	0.254516
73	3.83902	0.817415	-1.43541	0.204042	0.661766	-1.3517	0.202765	1.07327	-0.218292	0.0709789	0.910581	-1.03814	0.183794	1.12807	-0.251044	0.125008	0.736238	-0.443877	0.0336122	1.06681	-0.050017	0.0798455	0.949894	-0.902102	0.195528	0.731638	-1.38575	0.00246014	0.73605	-0.642548	-0.00550894	0.847206	-0.38391	0.0135126	1.03439	-0.0225867	0.13058	0.571904	-0.0686847	0.323156	0.895987	-1.04231	0.284203	0.637777	-0.0223885	0.278856	0.54752	-0.483837	0.357054	0.421932	-0.0285758	0.311255	0.935358	-0.905962	0.296963	0.732972	-1.38211	0.404452	0.610434	-0.634783	0.414537	0.562616	-0.328931	0.374121	0.383973	-0.0373651	0.254446
74	3.84901	0.80253	-1.43682	0.205362	0.647107	-1.35251	0.203249	1.04552	-0.225089	0.0721949	0.896901	-1.03805	0.184286	1.10113	-0.256685	0.126316	0.706393	-0.444846	0.0345108	1.03741	-0.0565975	0.0776394	0.936591	-0.902165	0.19676	0.717592	-1.38666	0.00328716	0.714168	-0.642551	-0.00388321	0.815741	-0.383814	0.0134828	1.00561	-0.0281422	0.129237	0.571761	-0.0686834	0.323165	0.882354	-1.04278	0.28457	0.637812	-0.0224668	0.27903	0.538	-0.483617	0.357024	0.421461	-0.0279866	0.311631	0.922115	-0.906629	0.298109	0.716988	-1.38303	0.40532	0.598815	-0.635159	0.415241	0.556586	-0.329196	0.374199	0.383393	-0.0360398	0.254422
75	3.85899	0.78769	-1.43845	0.20652	0.632547	-1.3535	0.203507	1.01594	-0.229573	0.0734738	0.883565	-1.03833	0.184975	1.07264	-0.260295	0.128061	0.677029	-0.447175	0.0355853	1.00594	-0.0617316	0.0758113	0.923335	-0.902562	0.198026	0.703767	-1.38763	0.00387567	0.692624	-0.6436	-0.00231735	0.784499	-0.384262	0.0143056	0.974843	-0.0320171	0.127571	0.571576	-0.0687286	0.323061	0.869112	-1.04353	0.285238	0.637798	-0.0225906	0.279075	0.529204	-0.482986	0.357055	0.421098	-0.027529	0.311856	0.908986	-0.907501	0.299321	0.701118	-1.3841	0.406016	0.587251	-0.635653	0.416089	0.551196	-0.329136	0.374257	0.382851	-0.0348297	0.254199
76	3.86898	0.77297	-1.44025	0.207584	0.618105	-1.35462	0.20354	0.985378	-0.232174	0.0748632	0.870327	-1.03923	0.185805	1.04326	-0.261747	0.130068	0.648249	-0.450528	0.0369511	0.972614	-0.0653751	0.0740901	0.910006	-0.903524	0.199192	0.690279	-1.38871	0.00426048	0.671349	-0.645416	-0.000941569	0.75378	-0.385498	0.0162576	0.941322	-0.0348584	0.125714	0.571252	-0.0687524	0.322811	0.85589	-1.04478	0.28597	0.637717	-0.0227608	0.278974	0.521193	-0.481979	0.357259	0.420773	-0.0271725	0.312085	0.895808	-0.908785	0.300436	0.685301	-1.38538	0.406499	0.576052	-0.636148	0.416923	0.546344	-0.32859	0.37423	0.382192	-0.0336644	0.254096
77	3.87896	0.758332	-1.44217	0.208513	0.603797	-1.35589	0.203465	0.954308	-0.233234	0.0763814	0.856893	-1.04089	0.186696	1.01345	-0.260939	0.132129	0.619932	-0.454625	0.0383545	0.93688	-0.0673176	0.0733107	0.89654	-0.905173	0.200209	0.677081	-1.38993	0.00458082	0.65031	-0.647721	0.000259839	0.723474	-0.387469	0.0188882	0.904735	-0.0368993	0.124433	0.570859	-0.0687074	0.322469	0.842571	-1.04656	0.286827	0.637684	-0.0229363	0.278787	0.514052	-0.480775	0.357591	0.420524	-0.0269355	0.312318	0.882642	-0.910605	0.301549	0.669669	-1.38686	0.406859	0.565365	-0.636589	0.417692	0.542019	-0.327715	0.374065	0.381474	-0.0326171	0.254033
78	3.88895	0.743797	-1.44418	0.209321	0.589571	-1.35734	0.203331	0.922519	-0.232588	0.0780127	0.843394	-1.04309	0.187703	0.983312	-0.257767	0.133919	0.591989	-0.459097	0.0400423	0.898392	-0.0682301	0.0728548	0.883112	-0.907356	0.201135	0.66418	-1.39137	0.00486643	0.629518	-0.650384	0.00138249	0.693118	-0.390267	0.0212163	0.865304	-0.0382515	0.124008	0.570559	-0.068648	0.322124	0.82916	-1.04871	0.287815	0.637705	-0.0231005	0.278522	0.507751	-0.479508	0.358028	0.420438	-0.0267736	0.312601	0.86928	-0.912759	0.302499	0.654362	-1.38856	0.4072	0.55515	-0.636906	0.41831	0.538337	-0.326748	0.373889	0.380895	-0.0318188	0.254065
79	3.89894	0.729477	-1.44621	0.210114	0.575459	-1.35899	0.20321	0.889985	-0.230162	0.079609	0.829906	-1.04552	0.188703	0.952825	-0.252319	0.135421	0.56457	-0.463762	0.041841	0.857062	-0.0683218	0.0727416	0.869733	-0.909766	0.201909	0.651416	-1.39296	0.00510676	0.609026	-0.653389	0.0024063	0.663572	-0.393508	0.0235984	0.823311	-0.0391675	0.124082	0.570339	-0.0686011	0.321798	0.815711	-1.05098	0.288791	0.637763	-0.0232685	0.278208	0.502032	-0.478328	0.358555	0.420461	-0.0266209	0.312936	0.855806	-0.915007	0.303225	0.639406	-1.39042	0.40752	0.545525	-0.637097	0.418723	0.535227	-0.325914	0.373748	0.380494	-0.0311787	0.254235
80	3.90892	0.715248	-1.44823	0.210803	0.561505	-1.36085	0.20308	0.856813	-0.226035	0.0810951	0.816397	-1.04795	0.189505	0.921719	-0.244734	0.136702	0.537914	-0.468704	0.0436303	0.814162	-0.0671888	0.073719	0.856194	-0.91219	0.202355	0.638627	-1.39467	0.0052786	0.588842	-0.656649	0.00325785	0.635153	-0.396994	0.0261344	0.779287	-0.0398047	0.124536	0.570135	-0.0685313	0.321467	0.802292	-1.05322	0.289617	0.637859	-0.023454	0.277918	0.496652	-0.477312	0.359079	0.420506	-0.0264767	0.313199	0.842363	-0.917189	0.303716	0.624408	-1.39239	0.407721	0.536202	-0.637306	0.419101	0.532454	-0.325268	0.373708	0.380183	-0.0306575	0.254396
81	3.91891	0.701061	-1.45026	0.211349	0.547634	-1.36273	0.202937	0.822988	-0.220384	0.0825138	0.802844	-1.05027	0.190048	0.889687	-0.235207	0.137854	0.512226	-0.473903	0.0455115	0.770087	-0.0650953	0.0752083	0.84257	-0.914489	0.202502	0.625769	-1.39648	0.0054728	0.568765	-0.660096	0.00402475	0.607989	-0.400698	0.0288079	0.733839	-0.0401169	0.125652	0.569927	-0.0684636	0.321161	0.78894	-1.05534	0.290222	0.638055	-0.0236335	0.277767	0.491504	-0.47646	0.359438	0.420532	-0.0263891	0.313379	0.828997	-0.919254	0.303931	0.609422	-1.39441	0.40782	0.527275	-0.637555	0.419497	0.529759	-0.324696	0.373798	0.379924	-0.030303	0.254467
82	3.9289	0.687034	-1.45224	0.211889	0.533841	-1.36457	0.202875	0.78843	-0.21341	0.0838961	0.789287	-1.05248	0.190304	0.856552	-0.223979	0.13903	0.487603	-0.479269	0.0474927	0.725009	-0.0624744	0.077069	0.828965	-0.916655	0.202402	0.612848	-1.39829	0.00573294	0.54841	-0.663885	0.00490785	0.581974	-0.404362	0.0315084	0.687518	-0.0401448	0.127277	0.569712	-0.0684245	0.320919	0.775706	-1.05734	0.290577	0.63837	-0.0238143	0.277824	0.486431	-0.475717	0.359724	0.420526	-0.0263544	0.313513	0.815751	-0.921233	0.303899	0.594753	-1.39648	0.407941	0.518746	-0.637847	0.419896	0.526862	-0.324152	0.374029	0.379736	-0.0300812	0.254537
83	3.93888	0.673074	-1.45416	0.212345	0.520161	-1.36642	0.202838	0.753083	-0.20529	0.0853853	0.77574	-1.05455	0.190328	0.822202	-0.211424	0.14026	0.464017	-0.48466	0.0495221	0.679076	-0.0597165	0.0788669	0.815498	-0.918708	0.202135	0.599749	-1.40009	0.00587667	0.528803	-0.667682	0.00554257	0.556785	-0.407679	0.0340503	0.640504	-0.0399397	0.129089	0.569502	-0.0684074	0.320743	0.762473	-1.05922	0.290625	0.638416	-0.0239555	0.277804	0.481366	-0.474938	0.360006	0.420523	-0.0263263	0.313645	0.802594	-0.923131	0.303662	0.580241	-1.39855	0.40803	0.509994	-0.638198	0.420093	0.523572	-0.323546	0.374327	0.379601	-0.0299394	0.254631
84	3.94887	0.659111	-1.45594	0.212658	0.506465	-1.36814	0.202756	0.716843	-0.196194	0.0869521	0.762149	-1.05645	0.190143	0.786528	-0.197835	0.141599	0.441437	-0.489878	0.0516724	0.632453	-0.0569815	0.0803475	0.80202	-0.920601	0.201622	0.586413	-1.40181	0.00593819	0.510045	-0.671365	0.00593449	0.531966	-0.410522	0.0360456	0.592492	-0.0397872	0.130341	0.569287	-0.0684116	0.320605	0.749177	-1.061	0.29042	0.638301	-0.024143	0.277632	0.476493	-0.474134	0.360257	0.420508	-0.0262986	0.313716	0.789365	-0.924887	0.303159	0.565692	-1.40056	0.408011	0.501128	-0.6386	0.420139	0.52006	-0.322979	0.374621	0.379494	-0.0298402	0.25472
85	3.95886	0.645128	-1.45757	0.212865	0.492704	-1.36968	0.202706	0.679814	-0.186319	0.0886397	0.748418	-1.05816	0.189714	0.749612	-0.183314	0.143327	0.419806	-0.494814	0.0537817	0.58548	-0.054286	0.081584	0.788303	-0.922313	0.200786	0.572952	-1.4033	0.00604496	0.491741	-0.674904	0.00638466	0.508	-0.41226	0.0382291	0.544172	-0.0396795	0.131023	0.569059	-0.0684466	0.320478	0.735867	-1.06261	0.290048	0.637934	-0.02435	0.277276	0.47191	-0.4734	0.360534	0.420552	-0.0262995	0.313786	0.776073	-0.926484	0.30241	0.551352	-1.40248	0.407967	0.492586	-0.638859	0.420227	0.516756	-0.32253	0.374855	0.379375	-0.0297617	0.254772
86	3.96884	0.631107	-1.459	0.213017	0.478869	-1.37112	0.202606	0.642078	-0.175956	0.0905378	0.734584	-1.0597	0.189075	0.711328	-0.168057	0.145434	0.399013	-0.499496	0.0555495	0.538269	-0.0519444	0.0825392	0.774501	-0.923881	0.199824	0.559353	-1.40454	0.0062257	0.473884	-0.678288	0.00669749	0.484548	-0.41274	0.0404204	0.495545	-0.0399726	0.131075	0.56884	-0.0684985	0.320345	0.722501	-1.06405	0.289516	0.63741	-0.0244739	0.276804	0.467672	-0.472687	0.360894	0.420572	-0.0263006	0.31386	0.762746	-0.927945	0.301483	0.537061	-1.40419	0.407894	0.484508	-0.63896	0.420563	0.513947	-0.322161	0.375063	0.379224	-0.0297253	0.254774
87	3.97883	0.617075	-1.46024	0.21314	0.464984	-1.37232	0.202426	0.603534	-0.16537	0.0926171	0.720614	-1.06111	0.188291	0.671697	-0.152313	0.147994	0.379077	-0.503614	0.0572527	0.490867	-0.0503015	0.0829331	0.760741	-0.925302	0.198772	0.545786	-1.40575	0.00616067	0.456194	-0.681552	0.00690199	0.46091	-0.412091	0.0419284	0.446819	-0.040396	0.130799	0.568619	-0.0685437	0.320186	0.709018	-1.06534	0.288831	0.637208	-0.0246923	0.276446	0.463686	-0.471945	0.361355	0.420543	-0.0262656	0.313897	0.74943	-0.929278	0.300476	0.522778	-1.40575	0.407761	0.476531	-0.638963	0.420846	0.511689	-0.321839	0.375224	0.379098	-0.0296895	0.254765
88	3.98881	0.603021	-1.46118	0.213166	0.451079	-1.37324	0.202212	0.56429	-0.154728	0.0948519	0.706495	-1.06236	0.187432	0.630569	-0.136329	0.15096	0.359873	-0.50708	0.0587448	0.443394	-0.0493386	0.0827386	0.746966	-0.926618	0.19759	0.532121	-1.40672	0.00598303	0.438624	-0.684588	0.00698267	0.437423	-0.410343	0.0431031	0.398136	-0.0412743	0.129911	0.568404	-0.0685912	0.32001	0.695411	-1.06651	0.288052	0.637254	-0.024985	0.276214	0.459808	-0.471243	0.36179	0.420503	-0.0262341	0.313918	0.736147	-0.930478	0.299424	0.508489	-1.40702	0.407598	0.468598	-0.638891	0.421004	0.509911	-0.321577	0.375416	0.379144	-0.0296156	0.25489
89	3.9988	0.588953	-1.46181	0.213149	0.437099	-1.37393	0.201908	0.524332	-0.144203	0.0971716	0.692252	-1.06343	0.186539	0.588103	-0.120775	0.154232	0.341301	-0.509855	0.0600825	0.396214	-0.0488737	0.0820522	0.733179	-0.927839	0.196354	0.518476	-1.40725	0.00583449	0.421335	-0.687269	0.00700923	0.414208	-0.40754	0.0444611	0.34974	-0.0428055	0.128276	0.568208	-0.0686359	0.319842	0.681619	-1.06749	0.287161	0.637439	-0.0253076	0.276043	0.455922	-0.470519	0.362195	0.420532	-0.0262305	0.313977	0.722826	-0.931533	0.298276	0.49425	-1.40797	0.4074	0.460617	-0.638752	0.42102	0.508234	-0.321314	0.375629	0.379398	-0.0294969	0.255182
90	4.00879	0.574833	-1.46212	0.213122	0.423066	-1.37425	0.201671	0.483476	-0.134036	0.0994683	0.677825	-1.06432	0.185575	0.544603	-0.106245	0.157563	0.323416	-0.51198	0.061217	0.349557	-0.0486674	0.0810058	0.719408	-0.928879	0.19512	0.504837	-1.40738	0.00570675	0.404555	-0.689466	0.00705274	0.390879	-0.404033	0.0458595	0.301838	-0.0446956	0.126054	0.567964	-0.0686753	0.319659	0.667671	-1.06824	0.286182	0.637446	-0.025614	0.275832	0.451835	-0.46972	0.362568	0.420473	-0.0262177	0.314048	0.709523	-0.932491	0.297072	0.480027	-1.4086	0.407165	0.452698	-0.638512	0.421046	0.50626	-0.320995	0.375788	0.379355	-0.0294145	0.255267
91	4.01877	0.560652	-1.46209	0.21303	0.40897	-1.37429	0.201405	0.441829	-0.124517	0.101609	0.663254	-1.06499	0.184562	0.50036	-0.0929706	0.160835	0.306387	-0.513363	0.0621641	0.30349	-0.0487688	0.0798078	0.705471	-0.929712	0.193749	0.49114	-1.40723	0.00548235	0.388187	-0.690964	0.00709328	0.367375	-0.400102	0.0471723	0.254477	-0.0468851	0.123558	0.567655	-0.0687336	0.319453	0.653629	-1.06877	0.285187	0.637352	-0.0259429	0.275613	0.447561	-0.468889	0.362852	0.420264	-0.0261838	0.314091	0.696112	-0.933216	0.295713	0.465794	-1.40893	0.406919	0.444901	-0.638182	0.421186	0.503882	-0.320613	0.375946	0.379014	-0.029386	0.255167
92	4.02876	0.54642	-1.46176	0.212836	0.394802	-1.37406	0.201111	0.399969	-0.115988	0.103421	0.648595	-1.06539	0.183493	0.455872	-0.0810585	0.163775	0.290117	-0.513897	0.0628315	0.258039	-0.0494279	0.0787906	0.691512	-0.930323	0.192342	0.477343	-1.40677	0.00514082	0.372235	-0.691706	0.00715678	0.34383	-0.395887	0.048391	0.207659	-0.0496312	0.121254	0.567343	-0.0688387	0.319251	0.639509	-1.06908	0.2842	0.637244	-0.0263004	0.275405	0.443152	-0.468042	0.363031	0.420238	-0.0261444	0.314165	0.682609	-0.933674	0.294237	0.451503	-1.40891	0.406615	0.437125	-0.637689	0.421347	0.501134	-0.320195	0.376057	0.378565	-0.0294054	0.254963
93	4.03875	0.53218	-1.46111	0.212547	0.380499	-1.37352	0.200704	0.358289	-0.108568	0.104854	0.633846	-1.06546	0.182325	0.411547	-0.0705233	0.166043	0.274457	-0.513513	0.0631568	0.213064	-0.0509754	0.0781963	0.677438	-0.930611	0.190825	0.463416	-1.40596	0.00473709	0.356776	-0.691646	0.00720607	0.320566	-0.391429	0.0495889	0.161596	-0.0533076	0.119859	0.567039	-0.0689537	0.319049	0.625315	-1.06908	0.283097	0.637166	-0.0266764	0.275205	0.438663	-0.467139	0.363182	0.420354	-0.0261049	0.314307	0.669106	-0.933814	0.29276	0.437188	-1.40855	0.406274	0.429201	-0.637071	0.421318	0.498111	-0.319733	0.376063	0.378068	-0.029283	0.254847
94	4.04873	0.517897	-1.46014	0.212177	0.366144	-1.37264	0.200249	0.316807	-0.102376	0.105805	0.61906	-1.06518	0.181053	0.367787	-0.0614607	0.167259	0.25933	-0.512248	0.0633079	0.168508	-0.0537607	0.0783062	0.663168	-0.930491	0.189206	0.449412	-1.40484	0.00432787	0.342029	-0.690666	0.00732187	0.297898	-0.386954	0.0505327	0.116522	-0.0583042	0.119935	0.56673	-0.0690912	0.318818	0.611197	-1.06869	0.281883	0.637092	-0.0271003	0.274936	0.434147	-0.466104	0.363373	0.420262	-0.0260849	0.314454	0.655561	-0.933589	0.291188	0.422817	-1.40784	0.405885	0.421214	-0.636353	0.421263	0.495041	-0.31924	0.376012	0.37789	-0.0291685	0.254838
95	4.05872	0.503536	-1.45888	0.211729	0.351749	-1.37137	0.199858	0.275759	-0.0975181	0.106273	0.604258	-1.06457	0.179664	0.324539	-0.0537365	0.16747	0.244381	-0.510341	0.0632669	0.124623	-0.0580709	0.0792327	0.648849	-0.929972	0.187434	0.435342	-1.40345	0.00386096	0.327993	-0.688817	0.00744142	0.275986	-0.382868	0.0508346	0.0726307	-0.065002	0.121464	0.566427	-0.069325	0.318541	0.597191	-1.06796	0.280545	0.637	-0.0276519	0.274555	0.429566	-0.465028	0.36357	0.420265	-0.0260272	0.314502	0.641966	-0.933002	0.289435	0.408387	-1.40677	0.405427	0.413237	-0.635482	0.421304	0.492155	-0.318783	0.375898	0.377722	-0.0290653	0.254877
96	4.06871	0.489061	-1.45737	0.211197	0.337282	-1.36981	0.199363	0.235475	-0.0939324	0.106481	0.589449	-1.06361	0.178058	0.282273	-0.0475447	0.166985	0.229453	-0.5081	0.0630167	0.0818328	-0.0640354	0.0808468	0.634369	-0.92909	0.185384	0.421057	-1.40175	0.00333343	0.314666	-0.686205	0.00754175	0.254872	-0.379207	0.0504881	0.0303176	-0.073605	0.12395	0.56615	-0.0696738	0.318248	0.583181	-1.06693	0.278996	0.636882	-0.0283457	0.27411	0.424949	-0.463963	0.363745	0.420314	-0.0259949	0.314572	0.628225	-0.932052	0.287457	0.393904	-1.40539	0.404896	0.405245	-0.634467	0.421398	0.4894	-0.318404	0.375768	0.377501	-0.0289468	0.254922
97	4.07869	0.47449	-1.45569	0.210557	0.322704	-1.36795	0.198808	0.196608	-0.091469	0.106647	0.574542	-1.06226	0.17624	0.241001	-0.0423841	0.166844	0.214784	-0.50566	0.0628698	0.0406307	-0.0715165	0.0828709	0.619702	-0.927816	0.183111	0.406611	-1.3998	0.00272553	0.301822	-0.682958	0.00745953	0.234237	-0.375649	0.0499738	-0.00973393	-0.0838017	0.127173	0.565937	-0.0700651	0.317973	0.569152	-1.06561	0.277218	0.636775	-0.029113	0.273684	0.420202	-0.462913	0.363874	0.420422	-0.0259914	0.314662	0.61447	-0.930762	0.285239	0.379336	-1.40379	0.404274	0.397215	-0.633322	0.421526	0.486742	-0.318051	0.375661	0.377291	-0.0288024	0.254961
98	4.08868	0.459908	-1.45382	0.209867	0.308046	-1.36579	0.198169	0.159027	-0.0903154	0.106371	0.559249	-1.06055	0.174121	0.201177	-0.0384123	0.166152	0.200178	-0.503136	0.0627288	0.00160348	-0.0800135	0.0850922	0.604791	-0.92614	0.180663	0.392007	-1.39773	0.00195723	0.289279	-0.679251	0.00711536	0.213662	-0.372098	0.0493332	-0.0473364	-0.0948543	0.130689	0.565784	-0.0705258	0.317701	0.555207	-1.06399	0.275221	0.636725	-0.0300567	0.2732	0.415295	-0.461891	0.363927	0.420589	-0.0259579	0.314721	0.600722	-0.929151	0.282855	0.364714	-1.40195	0.40357	0.389198	-0.632078	0.421653	0.484033	-0.317761	0.375535	0.377096	-0.0285597	0.255126
99	4.09866	0.445239	-1.45178	0.209103	0.293298	-1.36351	0.197408	0.123085	-0.0901978	0.105677	0.544018	-1.05855	0.171824	0.163309	-0.0355819	0.16475	0.18553	-0.500482	0.0625937	-0.035015	-0.08897	0.0873468	0.589775	-0.924161	0.178058	0.377233	-1.39551	0.00109338	0.27672	-0.675397	0.00641797	0.192728	-0.368949	0.0482413	-0.0823835	-0.106004	0.134185	0.565635	-0.0711731	0.317387	0.5413	-1.0621	0.273012	0.636653	-0.0312042	0.272645	0.410238	-0.460904	0.36395	0.420756	-0.0259134	0.314782	0.586684	-0.927206	0.280263	0.350081	-1.39995	0.402803	0.381078	-0.630826	0.421765	0.481058	-0.317585	0.375379	0.376917	-0.0282544	0.25535
100	4.10865	0.430501	-1.44968	0.208268	0.278526	-1.36108	0.196678	0.0891139	-0.090782	0.104585	0.529012	-1.05635	0.169448	0.127737	-0.0336723	0.162795	0.170816	-0.497765	0.0624031	-0.0690665	-0.0978471	0.0895802	0.574731	-0.921934	0.175321	0.362281	-1.39307	0.000297376	0.263896	-0.671719	0.00536426	0.171148	-0.366568	0.0469595	-0.114716	-0.116634	0.137692	0.565382	-0.0720816	0.316991	0.527358	-1.06	0.270679	0.636455	-0.0326082	0.271892	0.405067	-0.459975	0.364014	0.420937	-0.0258729	0.314867	0.572206	-0.924975	0.277471	0.335451	-1.39787	0.401994	0.372687	-0.629666	0.421883	0.477819	-0.317601	0.375184	0.376734	-0.0279423	0.255562
101	4.11864	0.415655	-1.44755	0.207287	0.263727	-1.35864	0.195989	0.0574845	-0.0918276	0.103098	0.514025	-1.05401	0.167022	0.0950277	-0.0324517	0.160654	0.156034	-0.495177	0.0620837	-0.100289	-0.106111	0.0918468	0.559565	-0.919509	0.172524	0.347162	-1.39061	-0.000544657	0.250523	-0.668448	0.00404001	0.149702	-0.364994	0.0459277	-0.144144	-0.126209	0.141171	0.565103	-0.0733013	0.316416	0.513328	-1.0577	0.268244	0.636247	-0.0344367	0.270933	0.399643	-0.459102	0.364091	0.421168	-0.02582	0.314974	0.557827	-0.922583	0.274654	0.320773	-1.39575	0.401173	0.364122	-0.628579	0.421958	0.474338	-0.317867	0.374948	0.376504	-0.027655	0.255703
102	4.12862	0.400806	-1.44543	0.206239	0.248866	-1.35622	0.19529	0.0285016	-0.0931528	0.10144	0.498931	-1.05161	0.164596	0.0652581	-0.0316258	0.158391	0.141233	-0.492795	0.0617658	-0.128459	-0.113306	0.0939251	0.544333	-0.91701	0.169596	0.331921	-1.38813	-0.0015304	0.236309	-0.665709	0.00268365	0.128999	-0.363956	0.0451777	-0.17078	-0.134443	0.144432	0.564774	-0.0749041	0.315712	0.499292	-1.05529	0.265781	0.636048	-0.0369527	0.26982	0.393591	-0.458577	0.364149	0.421464	-0.0257415	0.315094	0.543526	-0.920112	0.271782	0.306053	-1.39365	0.400265	0.355326	-0.627642	0.421991	0.470576	-0.318413	0.374595	0.376221	-0.027405	0.255813
103	4.13861	0.385937	-1.44334	0.20511	0.233893	-1.35386	0.194524	0.00259927	-0.0943132	0.100275	0.48361	-1.04921	0.162087	0.0385714	-0.0309069	0.156227	0.126207	-0.490765	0.0615591	-0.153586	-0.118683	0.0956906	0.529098	-0.914564	0.166724	0.316566	-1.38572	-0.00265526	0.221034	-0.663584	0.00158155	0.109551	-0.362863	0.0451811	-0.194579	-0.140657	0.147088	0.564151	-0.0770574	0.315145	0.485034	-1.05288	0.263287	0.635809	-0.0401747	0.268875	0.387029	-0.458204	0.364149	0.42173	-0.0256747	0.315191	0.529252	-0.917663	0.268876	0.29138	-1.39161	0.399292	0.346216	-0.626821	0.422016	0.466484	-0.319278	0.374148	0.375961	-0.0271917	0.255881
104	4.1486	0.370905	-1.44137	0.20381	0.218825	-1.35166	0.19365	-0.0196352	-0.0946727	0.0997756	0.468156	-1.04687	0.159609	0.015614	-0.0302043	0.154861	0.110948	-0.489104	0.0617181	-0.175501	-0.121617	0.0970593	0.513921	-0.912305	0.163924	0.301066	-1.38345	-0.0038409	0.204706	-0.662075	0.000915341	0.0914496	-0.361737	0.0449966	-0.215433	-0.144318	0.148927	0.563203	-0.0797762	0.315032	0.470499	-1.05059	0.26081	0.635262	-0.0440101	0.268378	0.379702	-0.457924	0.364066	0.421895	-0.025584	0.315283	0.514833	-0.915352	0.265953	0.276782	-1.38963	0.398288	0.336793	-0.626082	0.421947	0.461933	-0.320489	0.373773	0.375743	-0.0270264	0.255905
105	4.15858	0.355871	-1.43958	0.202457	0.203679	-1.34966	0.192691	-0.0381287	-0.0940543	0.0996578	0.452594	-1.04479	0.1572	-0.00305229	-0.0292775	0.154429	0.0957327	-0.487633	0.0618189	-0.194051	-0.121925	0.0979825	0.498673	-0.910343	0.161097	0.28551	-1.38132	-0.00505689	0.187562	-0.661143	0.000672511	0.0752051	-0.360117	0.0450644	-0.233245	-0.144952	0.150167	0.561923	-0.0829581	0.315434	0.455692	-1.04843	0.258422	0.634214	-0.0484723	0.268404	0.371362	-0.457662	0.363952	0.42195	-0.0254962	0.315382	0.500232	-0.913249	0.263059	0.262151	-1.38786	0.397185	0.326932	-0.625423	0.421738	0.456581	-0.321897	0.373601	0.375546	-0.0268918	0.255861
106	4.16857	0.340783	-1.43796	0.200954	0.188507	-1.3479	0.191678	-0.0531122	-0.0924262	0.0995651	0.436847	-1.04305	0.154868	-0.0176741	-0.0276636	0.154414	0.080335	-0.486438	0.0617416	-0.209183	-0.119727	0.0986358	0.482606	-0.908589	0.158103	0.269867	-1.37937	-0.00636782	0.169911	-0.660733	0.00065164	0.0603655	-0.358496	0.04468	-0.248137	-0.142722	0.150965	0.560201	-0.0863726	0.315985	0.440626	-1.04651	0.256138	0.632891	-0.0536446	0.269032	0.361946	-0.457316	0.363871	0.421921	-0.0254037	0.315494	0.485447	-0.911442	0.26024	0.247579	-1.38635	0.395985	0.316466	-0.624844	0.421394	0.449994	-0.323341	0.373611	0.375387	-0.0267632	0.255741
107	4.17856	0.325612	-1.43654	0.19928	0.1733	-1.34641	0.190663	-0.0646749	-0.0897804	0.0994506	0.420791	-1.04165	0.152677	-0.0284083	-0.0251994	0.154358	0.0645211	-0.485568	0.0615867	-0.22107	-0.115281	0.099261	0.466183	-0.907135	0.155217	0.25414	-1.37764	-0.00778553	0.152045	-0.660704	0.000718301	0.0465545	-0.356998	0.0439561	-0.260042	-0.137856	0.151684	0.557949	-0.0902797	0.316809	0.425157	-1.04489	0.253926	0.631352	-0.0596503	0.270157	0.35139	-0.456879	0.363751	0.421801	-0.0253006	0.315581	0.470306	-0.909883	0.257511	0.233031	-1.38508	0.394707	0.305185	-0.624259	0.420913	0.442003	-0.324807	0.373757	0.375311	-0.0266554	0.255559
108	4.18854	0.3103	-1.43532	0.197465	0.157944	-1.34527	0.189478	-0.0730266	-0.0861144	0.0994561	0.404468	-1.04062	0.150722	-0.0353152	-0.0225132	0.153848	0.0485157	-0.484737	0.0616296	-0.229904	-0.108845	0.0999662	0.449712	-0.906059	0.152614	0.238294	-1.37618	-0.00934758	0.134053	-0.660897	0.000755157	0.0334546	-0.355353	0.0433164	-0.268986	-0.130738	0.152486	0.555201	-0.0946723	0.317944	0.409376	-1.04355	0.251942	0.629506	-0.0664973	0.271597	0.33972	-0.456417	0.363603	0.421633	-0.0252054	0.315638	0.454686	-0.908582	0.254895	0.218469	-1.3841	0.393324	0.29292	-0.623601	0.420291	0.43306	-0.326423	0.374036	0.375332	-0.026575	0.255356
109	4.19853	0.294951	-1.43425	0.195566	0.142484	-1.34448	0.188102	-0.0787839	-0.0818476	0.0995539	0.387945	-1.03995	0.149015	-0.038466	-0.0208672	0.15346	0.0326451	-0.483635	0.0617302	-0.236071	-0.100226	0.100814	0.433199	-0.905357	0.15017	0.222296	-1.375	-0.0109968	0.116114	-0.661154	0.000731016	0.0209249	-0.35348	0.0427543	-0.275448	-0.121259	0.153462	0.551878	-0.0997147	0.319262	0.393346	-1.04251	0.250184	0.626986	-0.0741722	0.273105	0.327068	-0.455954	0.363577	0.421454	-0.025137	0.315674	0.438654	-0.907526	0.252435	0.203947	-1.38338	0.391843	0.279706	-0.62286	0.419522	0.423369	-0.328312	0.374415	0.375402	-0.0265037	0.255102
110	4.20851	0.279767	-1.43339	0.193617	0.12701	-1.34391	0.18675	-0.082823	-0.0780355	0.100285	0.371358	-1.03961	0.147512	-0.039584	-0.0206475	0.154069	0.0174194	-0.482329	0.0615323	-0.240744	-0.0889829	0.101566	0.416757	-0.905038	0.147898	0.206181	-1.37404	-0.0126931	0.098598	-0.661534	0.000589571	0.00909527	-0.351423	0.0423013	-0.280829	-0.10867	0.154518	0.547881	-0.105373	0.320651	0.37706	-1.04174	0.248609	0.623501	-0.0827791	0.274399	0.313469	-0.455468	0.363638	0.42128	-0.0250933	0.315697	0.422456	-0.906728	0.250168	0.189475	-1.3829	0.390314	0.265624	-0.622064	0.418645	0.413041	-0.330454	0.374822	0.375493	-0.0264493	0.254772
111	4.2185	0.264728	-1.43291	0.19153	0.111467	-1.3437	0.185458	-0.0871741	-0.0765843	0.101135	0.354958	-1.03978	0.146245	-0.0413337	-0.0225088	0.155038	0.00321025	-0.481635	0.0608234	-0.245524	-0.0769634	0.101581	0.400491	-0.905204	0.145884	0.189899	-1.37335	-0.0143947	0.0821115	-0.662434	0.000275174	-0.00156797	-0.349863	0.042903	-0.286704	-0.0938477	0.155001	0.542967	-0.11182	0.322141	0.360812	-1.04129	0.247394	0.618905	-0.0925497	0.275597	0.298759	-0.455043	0.363586	0.421042	-0.0251077	0.315671	0.406153	-0.906252	0.248106	0.175069	-1.38275	0.388759	0.250598	-0.621263	0.417652	0.401902	-0.332947	0.375125	0.375544	-0.0264172	0.254446
112	4.22849	0.249482	-1.43307	0.189279	0.0958394	-1.34404	0.184151	-0.0928435	-0.0768261	0.100874	0.339043	-1.04058	0.145467	-0.0441952	-0.0250277	0.154831	-0.0106408	-0.48258	0.0600308	-0.250755	-0.0681231	0.101294	0.384263	-0.905848	0.144126	0.173484	-1.37303	-0.0161502	0.0668539	-0.66391	-0.000217704	-0.0118415	-0.350035	0.0448188	-0.292704	-0.0821503	0.15383	0.536623	-0.119295	0.323564	0.344962	-1.04123	0.246698	0.612728	-0.10382	0.276629	0.282555	-0.454713	0.363482	0.420616	-0.0251573	0.315414	0.389797	-0.906019	0.24627	0.160699	-1.38306	0.38727	0.234499	-0.620591	0.416529	0.389384	-0.335957	0.375179	0.37564	-0.0263958	0.254
113	4.23847	0.233873	-1.43386	0.186999	0.080246	-1.3449	0.182967	-0.0983021	-0.0766236	0.0999693	0.323763	-1.04182	0.145229	-0.0471238	-0.0272107	0.153603	-0.0254304	-0.485049	0.0591405	-0.255448	-0.0610356	0.100815	0.367862	-0.906788	0.142624	0.15693	-1.37321	-0.0179702	0.0522388	-0.665435	-0.000907418	-0.0236643	-0.352054	0.0462013	-0.29713	-0.0744739	0.153166	0.528593	-0.127674	0.324581	0.329692	-1.0415	0.246558	0.604395	-0.116645	0.276931	0.264237	-0.454505	0.363476	0.420086	-0.0252592	0.314831	0.373402	-0.905985	0.244847	0.146238	-1.38382	0.385868	0.217155	-0.620159	0.41529	0.374799	-0.339463	0.375102	0.375806	-0.0263852	0.253596
114	4.24846	0.218116	-1.43508	0.184875	0.0647084	-1.34619	0.181865	-0.101988	-0.0759691	0.0988342	0.308726	-1.04335	0.145574	-0.0488288	-0.0287969	0.152601	-0.0409648	-0.487674	0.0583806	-0.258548	-0.0539678	0.100723	0.351569	-0.908011	0.141737	0.140199	-1.37394	-0.0197728	0.0376773	-0.666865	-0.00202785	-0.0370003	-0.354711	0.0455679	-0.299692	-0.0674783	0.153551	0.518396	-0.1366	0.3248	0.314477	-1.04204	0.246935	0.593321	-0.130731	0.276232	0.243652	-0.454372	0.363776	0.419201	-0.0255616	0.313781	0.357036	-0.906212	0.244038	0.131615	-1.38505	0.384501	0.198527	-0.61984	0.414079	0.357888	-0.343358	0.375031	0.375893	-0.0263405	0.253435
115	4.25845	0.202374	-1.43654	0.182899	0.0491364	-1.34777	0.180765	-0.104594	-0.0753003	0.0978001	0.293844	-1.04506	0.146396	-0.0498262	-0.0302531	0.151634	-0.0563369	-0.489405	0.0577627	-0.260721	-0.0470191	0.101495	0.335606	-0.909453	0.14157	0.123473	-1.37506	-0.0213228	0.023127	-0.668261	-0.00371436	-0.0504576	-0.356638	0.043076	-0.301236	-0.0600123	0.154755	0.50534	-0.146195	0.32511	0.29921	-1.04285	0.247666	0.579198	-0.145608	0.275118	0.221013	-0.454161	0.364281	0.417592	-0.0260749	0.312296	0.340844	-0.906775	0.243847	0.116858	-1.38667	0.383104	0.178753	-0.619377	0.413145	0.338698	-0.347368	0.375035	0.375378	-0.0262351	0.253543
116	4.26843	0.186805	-1.43801	0.180997	0.0335499	-1.34953	0.1796	-0.107381	-0.0745372	0.0971909	0.279162	-1.04678	0.147233	-0.0511249	-0.0314769	0.15092	-0.0704802	-0.489927	0.0569467	-0.262964	-0.0407895	0.102297	0.320171	-0.910984	0.141662	0.106828	-1.37654	-0.0227756	0.00873613	-0.669526	-0.00566196	-0.0629483	-0.357385	0.0399196	-0.302394	-0.0531575	0.15672	0.489571	-0.155594	0.32556	0.284143	-1.04387	0.248489	0.562403	-0.16095	0.274413	0.196829	-0.453577	0.364709	0.415024	-0.0268673	0.310594	0.324903	-0.907576	0.2439	0.102122	-1.38857	0.381631	0.157998	-0.618544	0.412477	0.317256	-0.351071	0.375068	0.373423	-0.0260286	0.253519
117	4.27842	0.17143	-1.43942	0.179155	0.0180799	-1.35134	0.178504	-0.110271	-0.0737584	0.0969598	0.264584	-1.04837	0.147772	-0.0524351	-0.0323596	0.150446	-0.0827766	-0.48952	0.0558023	-0.265591	-0.0360126	0.102181	0.305063	-0.912444	0.14171	0.0902941	-1.37822	-0.0241242	-0.00524227	-0.670512	-0.00743557	-0.0738707	-0.357213	0.0372756	-0.304002	-0.0482698	0.1579	0.471878	-0.164837	0.32619	0.269336	-1.04503	0.249038	0.543839	-0.176695	0.274823	0.171359	-0.452445	0.364677	0.411112	-0.0279276	0.309168	0.309379	-0.90853	0.243871	0.0875483	-1.39059	0.3801	0.136407	-0.617266	0.411809	0.293586	-0.354208	0.375159	0.369802	-0.0252601	0.253331
118	4.28841	0.156335	-1.44076	0.17739	0.00272674	-1.3531	0.177563	-0.112237	-0.0732232	0.0970291	0.250033	-1.04987	0.147955	-0.0531279	-0.0329841	0.150096	-0.093574	-0.488768	0.0545055	-0.26775	-0.0329536	0.101306	0.290194	-0.913847	0.141502	0.0738137	-1.37994	-0.0253326	-0.0185403	-0.671324	-0.00890179	-0.0832613	-0.356782	0.035842	-0.305191	-0.045398	0.15829	0.452885	-0.174524	0.326768	0.254779	-1.0462	0.249215	0.523578	-0.193092	0.276019	0.144581	-0.450943	0.364072	0.405235	-0.0295494	0.308826	0.294392	-0.909597	0.243641	0.0731558	-1.39261	0.378529	0.114318	-0.61559	0.410973	0.268059	-0.356797	0.375366	0.365009	-0.0240548	0.253354
119	4.29839	0.141323	-1.44207	0.175646	-0.0125405	-1.35479	0.1767	-0.112926	-0.0730366	0.0970411	0.235575	-1.05128	0.147839	-0.0533282	-0.0332664	0.149792	-0.103453	-0.488254	0.0534243	-0.268932	-0.0310422	0.100652	0.275678	-0.915184	0.140976	0.05736	-1.38156	-0.026396	-0.0310663	-0.672185	-0.00998044	-0.0914001	-0.356638	0.0355132	-0.305858	-0.0438473	0.158827	0.432121	-0.18444	0.327338	0.240386	-1.04728	0.249013	0.500805	-0.209929	0.277048	0.116547	-0.44942	0.363236	0.397227	-0.0327009	0.308812	0.279873	-0.91065	0.243082	0.0590551	-1.3945	0.37704	0.0920187	-0.613666	0.409871	0.241194	-0.359187	0.375674	0.359793	-0.0224595	0.254175
120	4.30838	0.126392	-1.44343	0.173975	-0.0276232	-1.35639	0.175969	-0.113204	-0.0730435	0.0969891	0.221422	-1.05259	0.147525	-0.0533435	-0.033378	0.149507	-0.112874	-0.488243	0.0525855	-0.269674	-0.0297457	0.100426	0.261604	-0.916546	0.140012	0.0409012	-1.38306	-0.0273397	-0.0432192	-0.673233	-0.0109184	-0.0984872	-0.356824	0.0357908	-0.306372	-0.0427095	0.159622	0.409225	-0.194181	0.327977	0.226242	-1.04817	0.248599	0.475096	-0.226079	0.277816	0.0875502	-0.448343	0.362461	0.386366	-0.0389154	0.307614	0.265735	-0.91156	0.242156	0.045235	-1.39621	0.375734	0.0694155	-0.612018	0.408524	0.213194	-0.361717	0.375951	0.353901	-0.0208083	0.25644
121	4.31837	0.111564	-1.44499	0.172311	-0.0424826	-1.35788	0.175456	-0.113423	-0.0730932	0.0970465	0.207489	-1.05385	0.147038	-0.0533047	-0.0334573	0.149292	-0.121966	-0.488468	0.0519353	-0.270229	-0.0288655	0.10027	0.247707	-0.917914	0.138789	0.0243884	-1.38451	-0.028241	-0.0552145	-0.674598	-0.0119398	-0.104824	-0.357183	0.035939	-0.306779	-0.0417451	0.160145	0.384377	-0.203219	0.32845	0.212216	-1.04892	0.24808	0.447615	-0.24003	0.278698	0.0580345	-0.448075	0.361743	0.371208	-0.0467157	0.306364	0.251954	-0.912381	0.240967	0.0316557	-1.39782	0.374615	0.0466242	-0.61102	0.407048	0.184137	-0.364341	0.376236	0.344046	-0.0221984	0.259245
122	4.32835	0.0968475	-1.4468	0.170764	-0.0571107	-1.35939	0.175085	-0.113482	-0.0731085	0.0972304	0.193622	-1.05516	0.146539	-0.0532319	-0.0335094	0.149101	-0.130441	-0.488589	0.0513733	-0.27062	-0.0282758	0.100116	0.234009	-0.919332	0.137441	0.00787423	-1.38586	-0.0289627	-0.0668403	-0.676052	-0.0129208	-0.11026	-0.357367	0.0356519	-0.307174	-0.0409213	0.160121	0.3581	-0.211164	0.328546	0.198346	-1.04964	0.24757	0.42043	-0.250232	0.279158	0.0284755	-0.448863	0.360994	0.350659	-0.0545133	0.306255	0.238385	-0.913209	0.239566	0.018254	-1.39937	0.373667	0.0237263	-0.610887	0.405516	0.154135	-0.366737	0.376679	0.325824	-0.0282047	0.26059
123	4.33834	0.0821388	-1.44881	0.169296	-0.0715108	-1.36092	0.174998	-0.113569	-0.0729214	0.0973355	0.17981	-1.0566	0.146056	-0.0531872	-0.0334954	0.148982	-0.137998	-0.48843	0.05086	-0.2709	-0.0279095	0.100075	0.22055	-0.920953	0.135955	-0.00864851	-1.38709	-0.0294757	-0.077908	-0.677373	-0.0138351	-0.114844	-0.357361	0.0349624	-0.307585	-0.040244	0.160016	0.331072	-0.218016	0.328237	0.184659	-1.05037	0.247072	0.394043	-0.256627	0.279021	-0.000857076	-0.450843	0.360181	0.324019	-0.0611359	0.306818	0.224927	-0.914105	0.238034	0.00505591	-1.40089	0.372933	0.00106867	-0.611644	0.404119	0.12345	-0.368824	0.377352	0.299016	-0.0351484	0.260709
124	4.34832	0.0675434	-1.45091	0.167973	-0.0857942	-1.36242	0.175123	-0.113651	-0.0728053	0.0973788	0.165978	-1.05829	0.14553	-0.0531957	-0.03345	0.148971	-0.144556	-0.488043	0.0502591	-0.271062	-0.0277196	0.100023	0.207062	-0.922799	0.134483	-0.0251119	-1.38828	-0.0297791	-0.0883426	-0.678481	-0.0145775	-0.118697	-0.357234	0.0341598	-0.308049	-0.0396527	0.159936	0.303171	-0.223576	0.327781	0.17096	-1.05133	0.246485	0.367572	-0.259759	0.27879	-0.0297519	-0.453869	0.35926	0.292324	-0.0656542	0.307027	0.211564	-0.915251	0.236436	-0.00791518	-1.40247	0.372382	-0.0213047	-0.613117	0.402806	0.0925369	-0.370879	0.378022	0.266201	-0.0405923	0.260626
125	4.35831	0.0530849	-1.45309	0.166722	-0.0999458	-1.36396	0.175375	-0.113751	-0.0727473	0.0974197	0.152248	-1.06022	0.144969	-0.053109	-0.0336108	0.14898	-0.150278	-0.487505	0.0494562	-0.271137	-0.0275996	0.0998086	0.193596	-0.924897	0.133083	-0.041343	-1.3895	-0.0299492	-0.0983969	-0.679423	-0.0152846	-0.122113	-0.357095	0.0333464	-0.308606	-0.0390853	0.159544	0.273804	-0.227029	0.327292	0.157332	-1.05265	0.245881	0.340112	-0.260017	0.278539	-0.0581086	-0.457697	0.358218	0.25738	-0.0683409	0.306859	0.198176	-0.916759	0.234936	-0.0206866	-1.40411	0.371963	-0.0433983	-0.615208	0.401643	0.0619862	-0.373301	0.378106	0.229684	-0.0444489	0.260608
126	4.3683	0.0386315	-1.45525	0.165449	-0.113982	-1.36558	0.175708	-0.113872	-0.0727153	0.0974536	0.138585	-1.06241	0.144313	-0.0530801	-0.0337283	0.149085	-0.155329	-0.486897	0.0484984	-0.271215	-0.0274902	0.0994976	0.180111	-0.927206	0.131868	-0.057369	-1.39097	-0.0300935	-0.108094	-0.680243	-0.0159572	-0.125046	-0.356899	0.0328448	-0.309109	-0.038433	0.159124	0.242827	-0.227757	0.326816	0.143619	-1.05445	0.245149	0.311242	-0.257697	0.278216	-0.0858761	-0.462018	0.35717	0.220151	-0.0694333	0.306455	0.184658	-0.918676	0.233657	-0.0333265	-1.40589	0.371572	-0.0653283	-0.617948	0.400593	0.0321319	-0.376236	0.377339	0.190907	-0.0470141	0.260415
127	4.37828	0.0243417	-1.45738	0.164278	-0.127951	-1.36727	0.176038	-0.113975	-0.0726667	0.0974984	0.124911	-1.06475	0.14347	-0.0531037	-0.0337923	0.149426	-0.159982	-0.48626	0.0475254	-0.271309	-0.0273938	0.0991532	0.166522	-0.929602	0.130874	-0.0732068	-1.39262	-0.0301959	-0.117612	-0.681024	-0.0167488	-0.127401	-0.356628	0.0327523	-0.309457	-0.037554	0.159008	0.210535	-0.226076	0.326273	0.129801	-1.05668	0.244266	0.281069	-0.252874	0.277878	-0.113009	-0.466568	0.356263	0.181054	-0.0690757	0.306044	0.171031	-0.920943	0.232667	-0.0458349	-1.40775	0.371138	-0.0871871	-0.621125	0.399626	0.00288974	-0.37939	0.375918	0.150304	-0.0484365	0.26015
128	4.38827	0.0102516	-1.45943	0.163246	-0.141845	-1.36907	0.176314	-0.114086	-0.0726105	0.0975494	0.111223	-1.06712	0.142517	-0.0531225	-0.0338834	0.149678	-0.164405	-0.485683	0.0466748	-0.271384	-0.0273069	0.0988786	0.15291	-0.931973	0.130083	-0.0887069	-1.39436	-0.0302374	-0.126976	-0.681719	-0.0174935	-0.12945	-0.356355	0.0327322	-0.309712	-0.0367424	0.159	0.177367	-0.222396	0.325707	0.116008	-1.05912	0.243325	0.249814	-0.245715	0.277428	-0.139538	-0.471255	0.355349	0.140157	-0.0673875	0.305807	0.157254	-0.923424	0.231904	-0.05834	-1.40974	0.370656	-0.108873	-0.624591	0.398806	-0.0259062	-0.382283	0.374135	0.107989	-0.0487859	0.260333
129	4.39826	-0.0037103	-1.46138	0.162297	-0.155699	-1.37096	0.176488	-0.114214	-0.0725814	0.0975817	0.0975904	-1.06942	0.141551	-0.0531399	-0.0340082	0.149838	-0.16884	-0.485223	0.0461428	-0.271423	-0.0272137	0.09868	0.139337	-0.934239	0.129539	-0.103915	-1.39619	-0.0302851	-0.13604	-0.682302	-0.0181267	-0.131521	-0.35614	0.0325257	-0.31016	-0.0359682	0.158779	0.143443	-0.217055	0.325108	0.102285	-1.06164	0.242424	0.217517	-0.236468	0.276689	-0.165464	-0.476081	0.354324	0.0972112	-0.0651398	0.306017	0.143485	-0.92593	0.231352	-0.0708917	-1.4118	0.370122	-0.130276	-0.628249	0.398152	-0.0543183	-0.384755	0.372234	0.0637078	-0.0485494	0.26109
130	4.40824	-0.0176295	-1.46317	0.161436	-0.169479	-1.37289	0.1766	-0.114357	-0.0726138	0.0975829	0.0840342	-1.07155	0.140614	-0.0532093	-0.0342687	0.149884	-0.173255	-0.484813	0.0455801	-0.271451	-0.0271353	0.0985433	0.125792	-0.936345	0.129207	-0.118925	-1.39802	-0.0303536	-0.144835	-0.682826	-0.0184443	-0.134025	-0.356003	0.0320875	-0.310648	-0.0351115	0.158593	0.108691	-0.210497	0.324497	0.0885077	-1.06414	0.241535	0.18429	-0.225166	0.275877	-0.19058	-0.480868	0.353198	0.0522883	-0.0630082	0.307041	0.129677	-0.928357	0.231025	-0.083445	-1.41375	0.369661	-0.151351	-0.632035	0.397644	-0.0823095	-0.386715	0.370408	0.0175978	-0.0480963	0.262768
131	4.41823	-0.0316064	-1.46472	0.160625	-0.183196	-1.37475	0.176722	-0.114479	-0.0727082	0.0976143	0.0705866	-1.07349	0.139807	-0.0533613	-0.0347947	0.149751	-0.177712	-0.484535	0.0451817	-0.271551	-0.0270692	0.0984063	0.112315	-0.938231	0.12908	-0.133715	-1.39981	-0.0303833	-0.153761	-0.683397	-0.0189133	-0.137025	-0.355946	0.0314122	-0.311081	-0.0342751	0.158535	0.0731595	-0.2027	0.323786	0.0747088	-1.06652	0.240747	0.149992	-0.211977	0.275083	-0.214814	-0.485414	0.351964	0.00616773	-0.0607472	0.308667	0.115925	-0.930652	0.230978	-0.0961032	-1.41552	0.369217	-0.171927	-0.635924	0.397366	-0.109696	-0.388121	0.368801	-0.0301801	-0.04802	0.264519
132	4.42822	-0.0454657	-1.46603	0.159977	-0.19694	-1.3765	0.176768	-0.114673	-0.0728515	0.0976809	0.0571906	-1.07524	0.139228	-0.0536105	-0.0352082	0.149854	-0.182059	-0.484227	0.0448063	-0.271724	-0.0269572	0.0982701	0.0988642	-0.939915	0.129183	-0.14831	-1.40154	-0.0304193	-0.16276	-0.683977	-0.0195022	-0.140335	-0.355898	0.0307708	-0.311469	-0.0335555	0.158574	0.0367901	-0.193936	0.323162	0.060894	-1.06868	0.240184	0.114199	-0.197242	0.274243	-0.238329	-0.489815	0.3506	-0.0411153	-0.0584576	0.310155	0.102143	-0.932755	0.231151	-0.108928	-1.41714	0.368769	-0.192143	-0.63981	0.39722	-0.136589	-0.38896	0.367297	-0.0791672	-0.0482249	0.266178
133	4.4382	-0.0593288	-1.46727	0.159313	-0.210679	-1.37799	0.176737	-0.114979	-0.0730481	0.0977666	0.0437399	-1.07674	0.138846	-0.0539771	-0.0355543	0.15014	-0.186249	-0.483915	0.0443575	-0.271885	-0.0268578	0.0981602	0.0854663	-0.941357	0.129506	-0.162817	-1.40317	-0.030564	-0.17177	-0.6844	-0.0198628	-0.143714	-0.355863	0.030497	-0.311828	-0.0329057	0.158738	-0.000605907	-0.184261	0.322475	0.0470478	-1.07056	0.239845	0.0768375	-0.181498	0.273397	-0.261113	-0.494101	0.349285	-0.0892591	-0.0565168	0.311795	0.0883573	-0.934613	0.231489	-0.121802	-1.41842	0.368368	-0.212181	-0.6437	0.397283	-0.163	-0.389095	0.365918	-0.128344	-0.048684	0.268035
134	4.44819	-0.0731376	-1.46828	0.158836	-0.224404	-1.37922	0.176728	-0.115281	-0.0732922	0.097902	0.0302481	-1.07801	0.138681	-0.0542021	-0.035976	0.150444	-0.190322	-0.483619	0.0439667	-0.272021	-0.0267926	0.0980915	0.0721083	-0.942594	0.129924	-0.17723	-1.4046	-0.0306256	-0.180892	-0.684642	-0.0200786	-0.146741	-0.355951	0.0304778	-0.312162	-0.0323878	0.158912	-0.0391461	-0.17423	0.321637	0.0332169	-1.07217	0.239737	0.0380369	-0.165352	0.272365	-0.283169	-0.498166	0.348123	-0.13762	-0.0548742	0.313609	0.074598	-0.936191	0.231947	-0.134805	-1.41943	0.368044	-0.231729	-0.647554	0.397581	-0.189046	-0.388404	0.364615	-0.177072	-0.0492448	0.270239
135	4.45817	-0.087039	-1.46902	0.158375	-0.238152	-1.38015	0.176691	-0.115534	-0.0735667	0.0980932	0.016723	-1.07902	0.138714	-0.0544042	-0.0365151	0.150708	-0.194369	-0.483312	0.0436025	-0.272031	-0.0267152	0.0979504	0.0588267	-0.943633	0.130484	-0.191547	-1.40578	-0.0306207	-0.189576	-0.684719	-0.0203131	-0.148951	-0.356057	0.0307447	-0.312516	-0.032048	0.159014	-0.0785846	-0.163788	0.320536	0.0192675	-1.07343	0.239834	-0.00223156	-0.149081	0.271149	-0.304579	-0.50188	0.347191	-0.185649	-0.0529837	0.315161	0.0609375	-0.937505	0.232605	-0.147971	-1.4201	0.367772	-0.250759	-0.651266	0.397921	-0.21502	-0.386861	0.363379	-0.225433	-0.0498678	0.272669
136	4.46816	-0.100952	-1.4695	0.157992	-0.251967	-1.38077	0.176629	-0.115825	-0.0738875	0.0982879	0.00314144	-1.07973	0.138975	-0.0547153	-0.0372351	0.150765	-0.19841	-0.482978	0.0432493	-0.27206	-0.0266274	0.0977963	0.0456685	-0.944463	0.131147	-0.205852	-1.40674	-0.0306171	-0.198625	-0.684749	-0.0203954	-0.150867	-0.356151	0.0308952	-0.312914	-0.0318894	0.159018	-0.118836	-0.153146	0.319317	0.00521368	-1.07434	0.240123	-0.0439455	-0.13289	0.26964	-0.325408	-0.505107	0.346558	-0.233613	-0.0513347	0.316573	0.0471889	-0.938482	0.233298	-0.161348	-1.42045	0.367521	-0.269514	-0.654578	0.398212	-0.241116	-0.384472	0.362391	-0.273955	-0.0509184	0.274742
137	4.47815	-0.114947	-1.46973	0.157643	-0.26584	-1.38106	0.176588	-0.116018	-0.0742416	0.0985666	-0.0104552	-1.08012	0.139444	-0.0550092	-0.0378752	0.15086	-0.202523	-0.482622	0.0429732	-0.272135	-0.0265823	0.097576	0.0325948	-0.945007	0.131932	-0.220196	-1.40747	-0.0306031	-0.207578	-0.684682	-0.0203436	-0.152801	-0.356216	0.0307962	-0.313213	-0.0317688	0.15898	-0.159838	-0.14272	0.31814	-0.00892894	-1.07488	0.240594	-0.0872042	-0.116937	0.267621	-0.345684	-0.507822	0.346026	-0.281737	-0.0505747	0.317816	0.0334754	-0.939166	0.234199	-0.174908	-1.42051	0.36724	-0.288054	-0.657385	0.39834	-0.267392	-0.381375	0.36173	-0.322648	-0.0528032	0.27646
138	4.48813	-0.128915	-1.46966	0.157396	-0.279753	-1.38099	0.176555	-0.116018	-0.0746284	0.098977	-0.024052	-1.08021	0.140123	-0.0551401	-0.0383111	0.151389	-0.206842	-0.482291	0.0426307	-0.272213	-0.0266306	0.0972238	0.0194372	-0.945261	0.132963	-0.234573	-1.40795	-0.0306029	-0.216451	-0.684515	-0.0203391	-0.155081	-0.356408	0.0303965	-0.313452	-0.0316008	0.159021	-0.201392	-0.132696	0.31694	-0.0231484	-1.07507	0.24124	-0.131978	-0.101685	0.265235	-0.365197	-0.509961	0.345561	-0.329739	-0.0508288	0.318913	0.0197407	-0.939504	0.235228	-0.188569	-1.42025	0.367029	-0.306263	-0.659656	0.398287	-0.293794	-0.377857	0.361263	-0.371215	-0.0556267	0.277984
139	4.49812	-0.142931	-1.46931	0.15723	-0.293763	-1.38058	0.176516	-0.116255	-0.0750612	0.0991395	-0.0376855	-1.08007	0.140906	-0.0553634	-0.0388481	0.151919	-0.211355	-0.481946	0.0422426	-0.272204	-0.0266087	0.0969142	0.00619146	-0.945267	0.134144	-0.248933	-1.40814	-0.0306533	-0.225116	-0.684283	-0.0204792	-0.157733	-0.356653	0.0299531	-0.313617	-0.0314172	0.159127	-0.2437	-0.123918	0.315653	-0.0374574	-1.07496	0.242045	-0.177237	-0.0877335	0.262897	-0.383826	-0.511479	0.345119	-0.377233	-0.0516493	0.319829	0.00595241	-0.939558	0.236352	-0.202206	-1.4196	0.366917	-0.323638	-0.661285	0.398025	-0.320054	-0.374187	0.360798	-0.41907	-0.0591012	0.279495
140	4.50811	-0.157063	-1.4687	0.157102	-0.307867	-1.37983	0.17651	-0.116729	-0.0755781	0.0991406	-0.051417	-1.07976	0.141825	-0.0557275	-0.0395816	0.152341	-0.216043	-0.481559	0.041941	-0.272201	-0.0265436	0.0967249	-0.00696887	-0.945139	0.135303	-0.263182	-1.40799	-0.0306351	-0.233734	-0.683908	-0.020541	-0.160671	-0.356859	0.0296851	-0.313904	-0.031355	0.159153	-0.286482	-0.116017	0.314166	-0.0518189	-1.07459	0.242962	-0.22227	-0.0755003	0.260814	-0.401573	-0.512236	0.344941	-0.424089	-0.0529295	0.320371	-0.00792119	-0.939341	0.237558	-0.215943	-1.41857	0.366829	-0.340124	-0.662169	0.397636	-0.346073	-0.370586	0.360214	-0.465945	-0.0630541	0.280682
141	4.51809	-0.171266	-1.46782	0.15704	-0.322018	-1.37873	0.176576	-0.117035	-0.0762038	0.0993488	-0.0651767	-1.07926	0.142897	-0.0559443	-0.0405122	0.152712	-0.220855	-0.481135	0.0417424	-0.272243	-0.0265349	0.0964603	-0.0202286	-0.944763	0.136553	-0.277418	-1.4075	-0.0305667	-0.242321	-0.683442	-0.0205547	-0.163931	-0.357046	0.029552	-0.314373	-0.0314215	0.159056	-0.329362	-0.109193	0.312606	-0.0662862	-1.07398	0.244015	-0.267854	-0.0650972	0.258544	-0.418738	-0.512384	0.344928	-0.47029	-0.0547756	0.320472	-0.0219461	-0.938856	0.238806	-0.229922	-1.41736	0.366729	-0.35554	-0.662274	0.397228	-0.371701	-0.367128	0.359648	-0.511833	-0.067589	0.281171
142	4.52808	-0.185465	-1.46672	0.157098	-0.336189	-1.37736	0.176751	-0.117262	-0.0769051	0.0996602	-0.0789188	-1.07857	0.144115	-0.0561246	-0.0415884	0.153102	-0.225774	-0.480688	0.0416681	-0.2723	-0.026689	0.096022	-0.033529	-0.944129	0.138004	-0.291669	-1.40672	-0.0304943	-0.250977	-0.682989	-0.0207183	-0.167542	-0.357242	0.0296176	-0.314689	-0.0313745	0.159057	-0.371998	-0.10351	0.311048	-0.0808047	-1.07313	0.245206	-0.313744	-0.0565204	0.255942	-0.435498	-0.512144	0.344975	-0.515679	-0.0571191	0.320074	-0.0361393	-0.938065	0.240137	-0.244028	-1.41586	0.366735	-0.369946	-0.661631	0.396855	-0.396901	-0.363846	0.359184	-0.556494	-0.072644	0.280988
143	4.53807	-0.199742	-1.46536	0.157257	-0.350481	-1.37576	0.17683	-0.11758	-0.0776639	0.0998736	-0.0926956	-1.07763	0.145461	-0.0564935	-0.0426225	0.153521	-0.230846	-0.480256	0.0416245	-0.272185	-0.0267164	0.0958479	-0.0470123	-0.94328	0.139463	-0.305994	-1.40568	-0.0303688	-0.25963	-0.682489	-0.0209005	-0.171293	-0.357504	0.0297412	-0.314922	-0.0312177	0.159066	-0.414082	-0.0993186	0.30946	-0.0953126	-1.072	0.246537	-0.359463	-0.0497046	0.253054	-0.451748	-0.511503	0.345037	-0.560062	-0.0606032	0.319252	-0.0502915	-0.936975	0.241689	-0.2582	-1.4141	0.366814	-0.383435	-0.660205	0.396591	-0.421773	-0.360743	0.358707	-0.599963	-0.0786612	0.28021
144	4.54805	-0.21417	-1.46379	0.157467	-0.364838	-1.37397	0.176975	-0.117857	-0.0784851	0.100111	-0.106466	-1.07643	0.146939	-0.0567073	-0.0438733	0.154024	-0.236364	-0.479871	0.0412725	-0.271878	-0.0265446	0.0960568	-0.0607092	-0.942164	0.140966	-0.320448	-1.40448	-0.0302016	-0.268315	-0.681933	-0.021046	-0.175132	-0.357843	0.0297652	-0.315128	-0.0309644	0.159096	-0.455258	-0.0966057	0.307756	-0.109813	-1.07059	0.248018	-0.404023	-0.0443901	0.250515	-0.467572	-0.510436	0.345113	-0.603044	-0.0658029	0.318067	-0.064482	-0.935634	0.243418	-0.272469	-1.41214	0.366993	-0.396187	-0.657978	0.396403	-0.44623	-0.357861	0.358063	-0.642264	-0.0861351	0.278963
145	4.55804	-0.228699	-1.46209	0.157773	-0.379225	-1.37204	0.177245	-0.118034	-0.079417	0.100431	-0.120192	-1.07499	0.148559	-0.056824	-0.0453629	0.15462	-0.242243	-0.479462	0.0408426	-0.271621	-0.0262548	0.0962914	-0.07451	-0.940741	0.142563	-0.334904	-1.40303	-0.0299392	-0.277222	-0.681406	-0.0214042	-0.17915	-0.358322	0.0296428	-0.315368	-0.0305617	0.159145	-0.494964	-0.0950188	0.305993	-0.124398	-1.06892	0.249578	-0.447153	-0.0402605	0.248105	-0.482983	-0.509014	0.345122	-0.644285	-0.0721449	0.316861	-0.078981	-0.933972	0.245138	-0.28683	-1.41007	0.367269	-0.408379	-0.655033	0.396428	-0.469852	-0.3553	0.357264	-0.682772	-0.0949248	0.277946
146	4.56802	-0.243112	-1.46037	0.158254	-0.393623	-1.36999	0.177577	-0.118461	-0.0805497	0.10073	-0.133989	-1.07335	0.150286	-0.0571565	-0.0471191	0.155193	-0.248537	-0.479049	0.0403463	-0.271499	-0.0261392	0.0962581	-0.0883896	-0.939036	0.144285	-0.34934	-1.4014	-0.0295685	-0.28647	-0.680827	-0.0218578	-0.183327	-0.35889	0.0294997	-0.3158	-0.030123	0.159029	-0.532909	-0.0942711	0.304242	-0.139112	-1.06697	0.25122	-0.488754	-0.0372097	0.245575	-0.49808	-0.507278	0.344962	-0.683363	-0.079467	0.315903	-0.0938725	-0.931934	0.246707	-0.301296	-1.40793	0.367654	-0.420216	-0.651392	0.39656	-0.492369	-0.352978	0.356366	-0.72092	-0.104553	0.277521
147	4.57801	-0.257584	-1.45857	0.158855	-0.408091	-1.36781	0.177971	-0.119182	-0.0818717	0.100874	-0.147939	-1.07157	0.152127	-0.057542	-0.0492053	0.155507	-0.255292	-0.478535	0.040207	-0.271419	-0.0261454	0.0961145	-0.102423	-0.937177	0.146146	-0.363829	-1.39966	-0.0290847	-0.296016	-0.680111	-0.0221083	-0.187711	-0.359377	0.0297263	-0.316119	-0.02979	0.158938	-0.568977	-0.0943	0.302468	-0.154039	-1.06481	0.252963	-0.528526	-0.0352216	0.243029	-0.513065	-0.505342	0.34462	-0.720008	-0.0872836	0.315299	-0.108937	-0.929798	0.248378	-0.315873	-1.40571	0.368166	-0.432146	-0.647408	0.396697	-0.514027	-0.35072	0.355363	-0.756582	-0.114371	0.277668
148	4.588	-0.272127	-1.45671	0.159594	-0.422646	-1.36562	0.178436	-0.120094	-0.0834433	0.100839	-0.162127	-1.06967	0.154012	-0.0581407	-0.0516251	0.15542	-0.262709	-0.478029	0.0401674	-0.27134	-0.0262168	0.0959795	-0.116619	-0.935215	0.148247	-0.37842	-1.3979	-0.0284533	-0.305908	-0.67929	-0.0222015	-0.192674	-0.359906	0.0300013	-0.316374	-0.0294528	0.158903	-0.603058	-0.0949765	0.300784	-0.169107	-1.06253	0.254886	-0.565948	-0.0340142	0.240767	-0.527889	-0.503191	0.34425	-0.754265	-0.0949691	0.314798	-0.124035	-0.927642	0.250223	-0.330572	-1.40348	0.36878	-0.444476	-0.643513	0.396741	-0.535119	-0.348409	0.354312	-0.789863	-0.123817	0.277713
149	4.59798	-0.286771	-1.45488	0.160432	-0.437296	-1.36349	0.178953	-0.121172	-0.0852485	0.10062	-0.176539	-1.06765	0.155933	-0.0587554	-0.0543946	0.155085	-0.270952	-0.477578	0.039835	-0.271329	-0.0263204	0.0957632	-0.130779	-0.933272	0.150486	-0.393058	-1.39613	-0.0277017	-0.316274	-0.67841	-0.0224013	-0.198517	-0.360437	0.0300795	-0.316594	-0.029131	0.158919	-0.6349	-0.0960985	0.299265	-0.184248	-1.06025	0.256924	-0.600628	-0.0334447	0.238847	-0.542569	-0.50074	0.343905	-0.785823	-0.10212	0.314086	-0.139276	-0.925454	0.252144	-0.345346	-1.40133	0.369525	-0.457444	-0.640028	0.396573	-0.555909	-0.346151	0.353148	-0.820681	-0.132369	0.277318
150	4.60797	-0.301344	-1.4531	0.16151	-0.452007	-1.36143	0.179633	-0.122478	-0.0873613	0.100194	-0.191065	-1.06558	0.157894	-0.0592785	-0.0577596	0.154509	-0.279926	-0.476992	0.039522	-0.271471	-0.0263036	0.0955054	-0.145134	-0.931253	0.152667	-0.40773	-1.39443	-0.0268195	-0.327131	-0.677485	-0.0225413	-0.205364	-0.361083	0.0297742	-0.31675	-0.0288658	0.158972	-0.664142	-0.0970452	0.297873	-0.199595	-1.0581	0.258818	-0.632208	-0.0332003	0.237216	-0.557112	-0.498107	0.343547	-0.814657	-0.1085	0.312944	-0.154658	-0.923183	0.254121	-0.360236	-1.39924	0.37038	-0.471327	-0.637144	0.396221	-0.576054	-0.344134	0.351978	-0.848875	-0.139843	0.276121
151	4.61796	-0.316054	-1.45136	0.162592	-0.466814	-1.35948	0.180359	-0.124063	-0.0897764	0.0995364	-0.205686	-1.0635	0.159889	-0.0599334	-0.0615503	0.153682	-0.289557	-0.476214	0.0393794	-0.271527	-0.02626	0.095381	-0.159922	-0.929086	0.154846	-0.422392	-1.39279	-0.0258057	-0.338466	-0.676561	-0.0226196	-0.212875	-0.361654	0.0294643	-0.316818	-0.0286476	0.159074	-0.690669	-0.0974766	0.296386	-0.215035	-1.05594	0.260707	-0.660369	-0.0329588	0.235743	-0.571689	-0.495584	0.343105	-0.840643	-0.113674	0.311162	-0.170245	-0.920862	0.256172	-0.37528	-1.39728	0.371286	-0.486342	-0.63495	0.395897	-0.595302	-0.342299	0.350783	-0.874325	-0.145868	0.273877
152	4.62794	-0.330921	-1.44969	0.16371	-0.481739	-1.35768	0.181189	-0.125827	-0.092523	0.0987309	-0.220477	-1.06136	0.161835	-0.0609727	-0.0657679	0.152689	-0.299851	-0.475293	0.039312	-0.271522	-0.026226	0.0953308	-0.174858	-0.926856	0.157039	-0.437129	-1.3913	-0.0247518	-0.350131	-0.67556	-0.0225031	-0.221062	-0.362299	0.0290645	-0.316826	-0.0284698	0.159196	-0.714031	-0.0975404	0.294881	-0.230658	-1.05376	0.262506	-0.684657	-0.0324587	0.234355	-0.586621	-0.493447	0.342482	-0.8637	-0.117113	0.308567	-0.186038	-0.918586	0.258375	-0.390458	-1.39545	0.372284	-0.50237	-0.633378	0.395539	-0.613535	-0.340537	0.34972	-0.896859	-0.149744	0.270846
153	4.63793	-0.345831	-1.44813	0.16498	-0.496736	-1.35608	0.182099	-0.127747	-0.0956702	0.0978205	-0.235549	-1.05926	0.163704	-0.062487	-0.0706759	0.151454	-0.310829	-0.474258	0.0393014	-0.271555	-0.0261991	0.0952498	-0.189962	-0.924711	0.159329	-0.451886	-1.38997	-0.023649	-0.362168	-0.674484	-0.0221966	-0.229875	-0.363071	0.0285511	-0.316818	-0.0283177	0.159333	-0.734197	-0.0969112	0.293144	-0.246458	-1.0518	0.264304	-0.704866	-0.0314146	0.233193	-0.60215	-0.491712	0.341654	-0.883686	-0.118431	0.305202	-0.201975	-0.916533	0.260682	-0.405749	-1.39375	0.373404	-0.51911	-0.632205	0.395152	-0.63096	-0.338919	0.348903	-0.916394	-0.15117	0.267059
154	4.64792	-0.36088	-1.44671	0.166304	-0.511825	-1.35467	0.183066	-0.130085	-0.0992462	0.0967285	-0.251042	-1.05734	0.165396	-0.0643302	-0.0763217	0.14999	-0.322539	-0.473322	0.039027	-0.271643	-0.026179	0.0951009	-0.205414	-0.922766	0.161631	-0.466711	-1.3888	-0.0225092	-0.374836	-0.673452	-0.0220438	-0.239287	-0.364003	0.0279152	-0.316795	-0.0282078	0.159483	-0.750681	-0.0958436	0.291771	-0.262604	-1.05008	0.265995	-0.721082	-0.0296213	0.23229	-0.618222	-0.490256	0.340701	-0.900486	-0.1174	0.301265	-0.21802	-0.914848	0.263043	-0.421165	-1.39218	0.374576	-0.536327	-0.631224	0.394711	-0.647641	-0.33749	0.348238	-0.932855	-0.150148	0.262668
155	4.6579	-0.376025	-1.44542	0.167698	-0.527064	-1.35343	0.184055	-0.132895	-0.103311	0.095435	-0.26696	-1.05567	0.166971	-0.0664605	-0.0826101	0.148471	-0.334958	-0.472578	0.0384162	-0.271729	-0.0261664	0.0949457	-0.221283	-0.921127	0.163859	-0.481535	-1.38781	-0.0213008	-0.388085	-0.672495	-0.0219767	-0.249252	-0.365135	0.0271414	-0.316753	-0.0281442	0.159624	-0.764052	-0.0936008	0.290215	-0.279103	-1.04868	0.267566	-0.733465	-0.0269606	0.231649	-0.634703	-0.489017	0.339612	-0.914235	-0.11434	0.296962	-0.234465	-0.913432	0.265243	-0.436685	-1.39072	0.375812	-0.554	-0.630408	0.394209	-0.663563	-0.336117	0.347457	-0.946271	-0.146775	0.257936
156	4.66789	-0.391226	-1.44423	0.169227	-0.542446	-1.35242	0.185065	-0.136143	-0.107862	0.0940852	-0.283154	-1.05427	0.168564	-0.069191	-0.0895141	0.146986	-0.348068	-0.47199	0.0376258	-0.271788	-0.0261662	0.0948176	-0.237507	-0.919707	0.166151	-0.496323	-1.38704	-0.0200826	-0.401887	-0.671591	-0.0218405	-0.259834	-0.36645	0.0262153	-0.316656	-0.0281217	0.159767	-0.7744	-0.090197	0.288655	-0.296022	-1.04754	0.269058	-0.741803	-0.0234766	0.231244	-0.65148	-0.48789	0.338279	-0.924858	-0.109463	0.292489	-0.251352	-0.912267	0.26737	-0.452355	-1.38939	0.377136	-0.572087	-0.629716	0.393558	-0.678612	-0.334575	0.34658	-0.956702	-0.141267	0.252998
157	4.67787	-0.406419	-1.44314	0.170926	-0.557874	-1.35158	0.186185	-0.139873	-0.112882	0.0927224	-0.299707	-1.05305	0.170191	-0.0727328	-0.09713	0.145593	-0.361778	-0.471258	0.0369979	-0.271821	-0.0261819	0.0947096	-0.254091	-0.918428	0.16851	-0.511041	-1.38644	-0.0187482	-0.416203	-0.670677	-0.0215521	-0.270925	-0.367945	0.0254161	-0.316501	-0.0281194	0.159901	-0.781895	-0.0857924	0.287252	-0.313316	-1.04655	0.270573	-0.746461	-0.0196976	0.231254	-0.668249	-0.486603	0.336709	-0.932639	-0.102661	0.287622	-0.268566	-0.911385	0.269578	-0.468169	-1.38818	0.378569	-0.590544	-0.628992	0.392688	-0.69273	-0.332654	0.345674	-0.964339	-0.133603	0.247324
158	4.68786	-0.421632	-1.4421	0.172687	-0.573378	-1.35091	0.187389	-0.14436	-0.118438	0.0913145	-0.316688	-1.05201	0.171841	-0.0772404	-0.105547	0.144378	-0.376263	-0.470414	0.0364785	-0.271847	-0.0262124	0.0946115	-0.270972	-0.917391	0.170784	-0.525723	-1.38598	-0.0173787	-0.431151	-0.669773	-0.0213615	-0.282584	-0.369608	0.0248317	-0.316328	-0.0281362	0.160017	-0.787205	-0.0808557	0.285702	-0.330892	-1.0457	0.272196	-0.747732	-0.0172692	0.231406	-0.684634	-0.484853	0.335148	-0.938303	-0.0935795	0.282318	-0.286194	-0.910612	0.271738	-0.484174	-1.38709	0.380036	-0.609145	-0.628087	0.391433	-0.705686	-0.33011	0.344679	-0.970395	-0.123296	0.240913
159	4.69785	-0.436826	-1.44113	0.174486	-0.588933	-1.35043	0.188657	-0.149944	-0.12465	0.0897675	-0.333953	-1.05126	0.173407	-0.0829111	-0.114839	0.143365	-0.391751	-0.469474	0.0359692	-0.27188	-0.0262768	0.0945041	-0.287994	-0.916748	0.17303	-0.540296	-1.38568	-0.0160231	-0.44667	-0.668911	-0.0213597	-0.295096	-0.371467	0.0243103	-0.31616	-0.028196	0.160113	-0.792254	-0.077122	0.283858	-0.34861	-1.04535	0.273745	-0.747997	-0.0175438	0.230859	-0.700132	-0.482832	0.334279	-0.943423	-0.0824949	0.277292	-0.303788	-0.910196	0.27387	-0.500251	-1.38607	0.381589	-0.627315	-0.627435	0.389999	-0.717343	-0.327222	0.342989	-0.977473	-0.109956	0.235123
160	4.70783	-0.451936	-1.44051	0.176462	-0.60461	-1.35031	0.189854	-0.156674	-0.131649	0.088148	-0.351215	-1.05104	0.174785	-0.0901788	-0.125098	0.142372	-0.40836	-0.468456	0.0355639	-0.271844	-0.0263864	0.094426	-0.304706	-0.916686	0.175234	-0.554609	-1.38558	-0.0146326	-0.462812	-0.667985	-0.0211838	-0.308615	-0.373635	0.023852	-0.315952	-0.0282751	0.16019	-0.799185	-0.0765481	0.282859	-0.366066	-1.04565	0.275104	-0.749782	-0.0200415	0.230938	-0.714937	-0.482091	0.334236	-0.949067	-0.0729721	0.27397	-0.320591	-0.910672	0.276192	-0.516444	-1.3852	0.383244	-0.644241	-0.62814	0.389209	-0.728276	-0.325713	0.340605	-0.986628	-0.0962898	0.231741
161	4.71782	-0.467191	-1.44037	0.1786	-0.62041	-1.35072	0.19099	-0.164739	-0.139248	0.0865531	-0.367956	-1.0513	0.175956	-0.0994754	-0.13637	0.141371	-0.426392	-0.46749	0.0351008	-0.271741	-0.0265347	0.0946449	-0.321003	-0.917016	0.177477	-0.568759	-1.38581	-0.0133937	-0.479864	-0.66707	-0.020651	-0.323496	-0.376229	0.0235115	-0.315721	-0.0283694	0.160277	-0.805848	-0.0768343	0.283057	-0.382929	-1.04656	0.276186	-0.752366	-0.0225933	0.231957	-0.730783	-0.484467	0.333892	-0.954743	-0.0667441	0.272509	-0.336858	-0.911843	0.278527	-0.532757	-1.38467	0.384937	-0.660274	-0.630163	0.389324	-0.740492	-0.327486	0.339496	-0.994002	-0.0868755	0.229568
162	4.72781	-0.482674	-1.44084	0.180707	-0.636136	-1.35161	0.192127	-0.174903	-0.14716	0.0848651	-0.383879	-1.05173	0.176657	-0.11115	-0.148419	0.140389	-0.445984	-0.466521	0.0343366	-0.271717	-0.0266806	0.0956995	-0.337349	-0.917328	0.179299	-0.582886	-1.38648	-0.012358	-0.49799	-0.666165	-0.0198422	-0.340178	-0.379163	0.0231576	-0.315532	-0.0284543	0.160525	-0.81043	-0.0768613	0.28381	-0.399095	-1.0479	0.276673	-0.754114	-0.0242782	0.233002	-0.748183	-0.488773	0.333077	-0.958385	-0.0608512	0.272228	-0.353113	-0.913126	0.280408	-0.549169	-1.38454	0.386661	-0.676909	-0.63281	0.389946	-0.755122	-0.331483	0.340701	-0.998509	-0.078972	0.228505
163	4.73779	-0.498413	-1.44158	0.182668	-0.651801	-1.3528	0.193089	-0.187174	-0.155089	0.0831538	-0.399394	-1.05227	0.176445	-0.125011	-0.161157	0.139201	-0.4673	-0.465488	0.0331645	-0.272271	-0.0270807	0.0974924	-0.353809	-0.917622	0.180401	-0.597243	-1.3875	-0.0112917	-0.517085	-0.665096	-0.0190158	-0.358854	-0.382176	0.0225494	-0.316001	-0.0283756	0.160697	-0.812733	-0.0762555	0.28464	-0.41455	-1.04974	0.276379	-0.75503	-0.0254308	0.233718	-0.765902	-0.492248	0.332213	-0.960368	-0.0543191	0.271815	-0.369546	-0.914508	0.281393	-0.565625	-1.38474	0.388261	-0.694965	-0.635859	0.390622	-0.770587	-0.334812	0.343066	-1.00127	-0.0704432	0.228374
164	4.74778	-0.514116	-1.44238	0.184472	-0.667435	-1.35403	0.193993	-0.201345	-0.163384	0.0810051	-0.414749	-1.05289	0.175433	-0.140306	-0.174808	0.13732	-0.490228	-0.464217	0.0318574	-0.274146	-0.0279352	0.0987379	-0.370039	-0.918008	0.180784	-0.611917	-1.38878	-0.0102484	-0.536935	-0.663734	-0.0184574	-0.379571	-0.38498	0.0214112	-0.317386	-0.0279653	0.160637	-0.815196	-0.0756247	0.28529	-0.429659	-1.05164	0.275484	-0.756054	-0.02671	0.23438	-0.782363	-0.493328	0.331962	-0.962587	-0.0478746	0.271865	-0.385895	-0.916152	0.281588	-0.582025	-1.38517	0.389673	-0.713604	-0.638888	0.391367	-0.784613	-0.336023	0.34489	-1.00417	-0.0621897	0.227915
165	4.75777	-0.529696	-1.44308	0.186027	-0.683042	-1.35519	0.194834	-0.216859	-0.172743	0.0785804	-0.430023	-1.05349	0.174083	-0.156864	-0.18945	0.134674	-0.514752	-0.462596	0.0306836	-0.277557	-0.0289924	0.0981036	-0.386044	-0.918406	0.180754	-0.626672	-1.39019	-0.00923281	-0.557369	-0.662073	-0.0181696	-0.402325	-0.38743	0.0196347	-0.319842	-0.0272694	0.160295	-0.818541	-0.0749912	0.285319	-0.44467	-1.05335	0.274277	-0.757441	-0.0279641	0.234837	-0.796694	-0.492368	0.332606	-0.965835	-0.0424937	0.273199	-0.401756	-0.917741	0.281495	-0.598504	-1.38584	0.390819	-0.731084	-0.640979	0.392399	-0.796068	-0.335369	0.345523	-1.00755	-0.055315	0.22743
166	4.76775	-0.544995	-1.44374	0.187445	-0.698571	-1.3562	0.195479	-0.233879	-0.183092	0.0761408	-0.445211	-1.05397	0.172715	-0.175284	-0.204559	0.131642	-0.540698	-0.460571	0.0298294	-0.281651	-0.029583	0.0962851	-0.401709	-0.918811	0.18063	-0.641303	-1.39154	-0.00814261	-0.57836	-0.660192	-0.0179589	-0.426883	-0.389513	0.0174333	-0.323531	-0.0259526	0.159559	-0.821181	-0.0744803	0.284887	-0.459568	-1.05484	0.273054	-0.758466	-0.028832	0.234967	-0.80898	-0.490607	0.333652	-0.969004	-0.0390408	0.27512	-0.417123	-0.91908	0.281365	-0.614921	-1.38657	0.391796	-0.745942	-0.641607	0.393777	-0.805254	-0.333772	0.345595	-1.01049	-0.0508091	0.226823
167	4.77774	-0.559981	-1.44438	0.188842	-0.713893	-1.35705	0.196023	-0.25285	-0.193513	0.0736887	-0.460021	-1.05433	0.171724	-0.195786	-0.21925	0.128654	-0.567941	-0.458379	0.0291725	-0.286592	-0.0306306	0.0942419	-0.416734	-0.919126	0.180696	-0.655636	-1.39278	-0.00700217	-0.599891	-0.658159	-0.0175774	-0.453094	-0.391323	0.0150769	-0.328552	-0.0234309	0.157999	-0.822092	-0.0742824	0.284513	-0.474313	-1.05595	0.272084	-0.758808	-0.0292172	0.235117	-0.819956	-0.489103	0.33452	-0.971123	-0.0369646	0.276069	-0.432048	-0.920277	0.281441	-0.631338	-1.38737	0.392672	-0.758217	-0.640959	0.395159	-0.813005	-0.332299	0.345556	-1.0121	-0.0481686	0.225414
168	4.78772	-0.574782	-1.44514	0.190254	-0.728945	-1.35787	0.196525	-0.273701	-0.203288	0.0715207	-0.474579	-1.05454	0.171143	-0.217994	-0.232814	0.125989	-0.596201	-0.456462	0.0286081	-0.294735	-0.0352699	0.0920557	-0.431256	-0.919367	0.180896	-0.669656	-1.39402	-0.006058	-0.6217	-0.65611	-0.0168629	-0.480938	-0.392815	0.012866	-0.335518	-0.0204707	0.154064	-0.8223	-0.074339	0.28429	-0.488942	-1.05675	0.271383	-0.758845	-0.0293787	0.23531	-0.830354	-0.488153	0.335042	-0.972479	-0.0354175	0.276427	-0.446583	-0.921236	0.281642	-0.647612	-1.38812	0.393521	-0.769032	-0.639662	0.396101	-0.819841	-0.331499	0.345443	-1.0133	-0.0461389	0.22373
169	4.79771	-0.589502	-1.44612	0.191653	-0.743744	-1.35872	0.196969	-0.296096	-0.212475	0.0699826	-0.489134	-1.05464	0.170833	-0.241301	-0.244624	0.12393	-0.625047	-0.455143	0.0281883	-0.308995	-0.0430563	0.0896532	-0.44552	-0.919588	0.181227	-0.683392	-1.39521	-0.00525684	-0.643606	-0.654367	-0.015952	-0.510224	-0.393806	0.0108978	-0.346372	-0.020114	0.146032	-0.822547	-0.0745296	0.284107	-0.503268	-1.05739	0.271167	-0.758933	-0.02954	0.235394	-0.840281	-0.487616	0.335317	-0.973491	-0.0341737	0.276933	-0.460545	-0.922073	0.282149	-0.663797	-1.38881	0.394415	-0.779399	-0.638605	0.396532	-0.82604	-0.331371	0.345256	-1.01449	-0.0438984	0.223075
170	4.8077	-0.604191	-1.44729	0.193054	-0.758355	-1.35972	0.197158	-0.319869	-0.221388	0.0691257	-0.503476	-1.05472	0.170807	-0.265146	-0.254205	0.122906	-0.65421	-0.454626	0.0279396	-0.329193	-0.0516906	0.0858654	-0.459554	-0.919881	0.181826	-0.696869	-1.39635	-0.00455177	-0.665419	-0.653298	-0.0150042	-0.540456	-0.39403	0.0095079	-0.36369	-0.0245887	0.137372	-0.82293	-0.0746496	0.283851	-0.517371	-1.05796	0.271186	-0.759074	-0.0297339	0.23536	-0.849611	-0.487347	0.335392	-0.974291	-0.0332571	0.277512	-0.474243	-0.922838	0.282721	-0.679934	-1.38953	0.395249	-0.789856	-0.638246	0.396935	-0.831707	-0.331614	0.345088	-1.0157	-0.0416682	0.222817
171	4.81768	-0.618854	-1.44867	0.194324	-0.772802	-1.36084	0.19719	-0.345124	-0.229822	0.0685592	-0.517647	-1.05494	0.170938	-0.289904	-0.261589	0.122841	-0.683418	-0.454923	0.0280296	-0.354525	-0.0598488	0.0806544	-0.473194	-0.920375	0.182508	-0.710123	-1.39748	-0.00404999	-0.687081	-0.653182	-0.0140903	-0.571119	-0.39389	0.00880009	-0.387302	-0.0301121	0.132182	-0.82335	-0.0747053	0.28357	-0.531285	-1.05865	0.271295	-0.75918	-0.0299211	0.235318	-0.858243	-0.487064	0.335434	-0.974874	-0.0326391	0.277878	-0.487641	-0.923752	0.283356	-0.696005	-1.39035	0.395993	-0.800516	-0.638621	0.397534	-0.836804	-0.331788	0.345077	-1.01647	-0.039827	0.222553
172	4.82767	-0.633383	-1.45025	0.195452	-0.787163	-1.36208	0.197084	-0.372037	-0.236569	0.0683423	-0.531712	-1.05555	0.171102	-0.316029	-0.266914	0.123094	-0.71235	-0.456177	0.0284377	-0.383737	-0.0668034	0.075401	-0.486584	-0.921212	0.18309	-0.723183	-1.39869	-0.00381613	-0.708432	-0.653934	-0.0132273	-0.601738	-0.394059	0.00856648	-0.414416	-0.0344476	0.12801	-0.823662	-0.0747557	0.283393	-0.544959	-1.05966	0.271585	-0.759243	-0.0300994	0.235272	-0.866124	-0.48652	0.335574	-0.975244	-0.0321835	0.278127	-0.500947	-0.92492	0.284004	-0.711993	-1.39136	0.396542	-0.811203	-0.639367	0.398193	-0.841427	-0.331601	0.345192	-1.01707	-0.0383884	0.222096
173	4.83766	-0.647852	-1.45203	0.196445	-0.801445	-1.36347	0.19683	-0.400453	-0.241142	0.0682467	-0.545647	-1.0568	0.171293	-0.343308	-0.270078	0.123369	-0.740827	-0.458562	0.0291016	-0.41529	-0.0721505	0.0710594	-0.500207	-0.922629	0.183458	-0.736073	-1.40006	-0.00373304	-0.729422	-0.655398	-0.0124859	-0.63198	-0.394954	0.00889969	-0.443914	-0.0374663	0.123104	-0.823906	-0.0747889	0.283238	-0.558599	-1.06118	0.271852	-0.759321	-0.0303237	0.235146	-0.873118	-0.485626	0.335921	-0.975482	-0.031891	0.278331	-0.514137	-0.926677	0.284681	-0.72796	-1.39268	0.396892	-0.821664	-0.640125	0.398791	-0.845652	-0.331156	0.345309	-1.01759	-0.0372689	0.221789
174	4.84764	-0.662209	-1.45384	0.1975	-0.815635	-1.36504	0.196422	-0.429997	-0.243735	0.0681001	-0.559545	-1.05872	0.171502	-0.371469	-0.271002	0.123581	-0.768728	-0.461856	0.0299217	-0.448344	-0.0757184	0.0676633	-0.514103	-0.924727	0.183454	-0.748796	-1.40164	-0.00375009	-0.750164	-0.657439	-0.0118748	-0.661729	-0.396612	0.00998474	-0.476075	-0.0396101	0.118037	-0.82414	-0.0748189	0.283056	-0.572413	-1.06322	0.27196	-0.7594	-0.0305962	0.234933	-0.879438	-0.484675	0.336381	-0.975625	-0.0317032	0.27857	-0.527509	-0.928865	0.285109	-0.743735	-1.39415	0.397137	-0.831801	-0.640831	0.39936	-0.849497	-0.330631	0.345304	-1.01806	-0.0365105	0.221475
175	4.85763	-0.676418	-1.45596	0.198379	-0.829722	-1.36675	0.195977	-0.460341	-0.244452	0.067879	-0.573493	-1.06116	0.17176	-0.400348	-0.269682	0.12363	-0.796311	-0.465846	0.0306559	-0.483512	-0.0778154	0.0645573	-0.527964	-0.927213	0.183413	-0.761367	-1.40342	-0.00379498	-0.770789	-0.659883	-0.0113802	-0.691232	-0.398859	0.0114176	-0.511147	-0.0410497	0.113787	-0.824364	-0.0748572	0.282831	-0.586306	-1.06558	0.271961	-0.759483	-0.0308681	0.234631	-0.885279	-0.483764	0.336843	-0.975731	-0.0315784	0.278815	-0.541134	-0.931224	0.285144	-0.759263	-1.39584	0.397293	-0.841547	-0.641383	0.399867	-0.853026	-0.330089	0.345278	-1.01843	-0.036013	0.221291
176	4.86762	-0.690612	-1.4581	0.199144	-0.843739	-1.36858	0.19554	-0.491332	-0.243329	0.0676696	-0.587471	-1.06379	0.171984	-0.429726	-0.266092	0.123292	-0.823439	-0.470039	0.0315336	-0.521292	-0.0787379	0.061955	-0.54181	-0.929807	0.183246	-0.773837	-1.4054	-0.00380265	-0.791234	-0.662629	-0.0109285	-0.720369	-0.401655	0.0128228	-0.549048	-0.0417847	0.11073	-0.824602	-0.0748881	0.282579	-0.599868	-1.06802	0.272259	-0.759506	-0.0311146	0.234366	-0.890727	-0.482879	0.337244	-0.975777	-0.0314451	0.279066	-0.554833	-0.933571	0.284899	-0.774586	-1.39777	0.397412	-0.850955	-0.641903	0.400295	-0.856284	-0.329569	0.345365	-1.01877	-0.0356199	0.221191
177	4.8776	-0.704774	-1.46014	0.199849	-0.857692	-1.37054	0.195178	-0.523036	-0.240406	0.067359	-0.601406	-1.06641	0.172098	-0.459554	-0.260212	0.12254	-0.849916	-0.474311	0.0325481	-0.561436	-0.0785061	0.0603359	-0.555732	-0.932334	0.182963	-0.786245	-1.40742	-0.00381605	-0.811616	-0.665665	-0.0105728	-0.748838	-0.404936	0.0140988	-0.58981	-0.0420374	0.10896	-0.82487	-0.0749672	0.282321	-0.613128	-1.07041	0.272732	-0.75946	-0.0314162	0.234239	-0.895838	-0.482045	0.337611	-0.975826	-0.0313107	0.279315	-0.568312	-0.935941	0.284586	-0.789663	-1.39979	0.397488	-0.860021	-0.642385	0.400686	-0.859427	-0.329076	0.345518	-1.01917	-0.0351755	0.22114
178	4.88759	-0.718809	-1.46211	0.200427	-0.871564	-1.37259	0.194903	-0.555486	-0.235785	0.0668872	-0.615243	-1.0689	0.172111	-0.489881	-0.252146	0.121613	-0.87571	-0.478896	0.0334667	-0.603577	-0.0774546	0.059418	-0.569689	-0.934807	0.182622	-0.798666	-1.4094	-0.00377898	-0.83179	-0.668916	-0.0102959	-0.776256	-0.4084	0.0154326	-0.633099	-0.0420893	0.108273	-0.825113	-0.0751301	0.282083	-0.626464	-1.07276	0.272928	-0.759325	-0.0318101	0.23426	-0.90079	-0.481398	0.33789	-0.975907	-0.0312318	0.27951	-0.581582	-0.93828	0.28421	-0.804502	-1.40189	0.397527	-0.868761	-0.642877	0.400977	-0.862584	-0.328596	0.345625	-1.01964	-0.0346863	0.221163
179	4.89757	-0.732608	-1.46408	0.200888	-0.885367	-1.3747	0.194623	-0.588667	-0.229629	0.0662764	-0.62902	-1.07128	0.172045	-0.52094	-0.242215	0.120761	-0.900688	-0.483744	0.0343936	-0.647302	-0.0759583	0.0586718	-0.583481	-0.937222	0.182142	-0.811194	-1.41135	-0.00371686	-0.851713	-0.672355	-0.0101318	-0.802689	-0.411956	0.016618	-0.678105	-0.0421214	0.10814	-0.825407	-0.0753233	0.281765	-0.639798	-1.07495	0.273031	-0.759416	-0.0322618	0.234078	-0.905666	-0.480845	0.338073	-0.97597	-0.0311769	0.27965	-0.594596	-0.940524	0.283889	-0.819112	-1.40402	0.397542	-0.877258	-0.643371	0.401211	-0.865886	-0.328206	0.345501	-1.02014	-0.0342618	0.221222
180	4.90756	-0.746371	-1.46583	0.201293	-0.89913	-1.37677	0.194342	-0.622671	-0.222192	0.0655022	-0.642763	-1.07354	0.171872	-0.55329	-0.230738	0.119767	-0.924679	-0.488621	0.0355064	-0.691785	-0.0739464	0.0582087	-0.597109	-0.939532	0.181519	-0.823953	-1.41323	-0.00366345	-0.871396	-0.675887	-0.00987543	-0.828296	-0.415316	0.0176636	-0.724131	-0.042091	0.10824	-0.825714	-0.075558	0.281366	-0.653192	-1.07697	0.272845	-0.759825	-0.0327903	0.233563	-0.910393	-0.480369	0.338145	-0.976022	-0.0311308	0.279767	-0.607462	-0.942619	0.283646	-0.833527	-1.40618	0.397534	-0.885621	-0.64383	0.40141	-0.86903	-0.327958	0.345254	-1.02067	-0.0339303	0.221245
181	4.91755	-0.760184	-1.46743	0.201673	-0.912863	-1.37872	0.19417	-0.657335	-0.213707	0.0650322	-0.6564	-1.07568	0.171677	-0.586972	-0.217836	0.11882	-0.94775	-0.493481	0.0367926	-0.736749	-0.0712714	0.0581989	-0.610616	-0.94166	0.180783	-0.836832	-1.41494	-0.00358795	-0.890629	-0.679409	-0.00956723	-0.853281	-0.418185	0.018589	-0.770705	-0.0417096	0.108502	-0.826	-0.0758391	0.280954	-0.666445	-1.07887	0.272541	-0.760537	-0.0334418	0.232758	-0.914849	-0.479907	0.338174	-0.976099	-0.0311216	0.279808	-0.620601	-0.944486	0.283051	-0.847803	-1.40826	0.397529	-0.893822	-0.644124	0.401551	-0.871718	-0.327845	0.344972	-1.02122	-0.0336788	0.221213
182	4.92753	-0.773894	-1.46898	0.201909	-0.926593	-1.38049	0.194036	-0.692836	-0.204334	0.0648062	-0.670077	-1.0776	0.171396	-0.621844	-0.203806	0.118156	-0.970004	-0.498232	0.038134	-0.782008	-0.0682737	0.0584534	-0.624129	-0.943567	0.179906	-0.84983	-1.41644	-0.00349746	-0.909473	-0.682892	-0.00931725	-0.877802	-0.420216	0.019335	-0.817597	-0.0410337	0.108658	-0.826332	-0.0761522	0.280564	-0.679455	-1.08058	0.27244	-0.761045	-0.0341203	0.232128	-0.919065	-0.479437	0.338254	-0.976183	-0.0310733	0.279817	-0.633733	-0.946164	0.282191	-0.861989	-1.4102	0.3975	-0.901825	-0.644356	0.401624	-0.87397	-0.327874	0.344678	-1.0217	-0.0334817	0.221178
183	4.93752	-0.787546	-1.4703	0.202143	-0.94036	-1.38203	0.193856	-0.729079	-0.194202	0.0648587	-0.683839	-1.07928	0.170882	-0.657996	-0.189026	0.117801	-0.99156	-0.502762	0.0393806	-0.827644	-0.0654159	0.0583646	-0.637689	-0.945269	0.178975	-0.863017	-1.41767	-0.0034322	-0.928199	-0.686423	-0.00919626	-0.901943	-0.421064	0.0200381	-0.864983	-0.0405001	0.108179	-0.826775	-0.076512	0.280175	-0.692604	-1.0821	0.272062	-0.761553	-0.0346722	0.231672	-0.923207	-0.47907	0.338354	-0.976278	-0.0310316	0.279807	-0.646738	-0.947708	0.281282	-0.876107	-1.41195	0.397459	-0.909659	-0.644752	0.401613	-0.876052	-0.327915	0.344499	-1.02197	-0.0332741	0.221373
184	4.94751	-0.801321	-1.47139	0.202279	-0.954158	-1.3833	0.193675	-0.766141	-0.18366	0.0651268	-0.697527	-1.08077	0.170271	-0.695581	-0.173848	0.117659	-1.0123	-0.506751	0.0407179	-0.87347	-0.0629921	0.0575264	-0.651218	-0.946759	0.178006	-0.876372	-1.41864	-0.00339383	-0.946505	-0.689833	-0.00930189	-0.925801	-0.420552	0.0207987	-0.912598	-0.0401934	0.106907	-0.827294	-0.0769321	0.279803	-0.706005	-1.08346	0.27127	-0.762196	-0.0351246	0.231323	-0.927388	-0.478731	0.338558	-0.976328	-0.0310171	0.279828	-0.659745	-0.949089	0.28037	-0.890209	-1.41352	0.397395	-0.917442	-0.645128	0.401541	-0.878346	-0.327952	0.344435	-1.02196	-0.0330392	0.221921
185	4.95749	-0.815219	-1.47234	0.202331	-0.967969	-1.38426	0.193544	-0.804071	-0.172912	0.065477	-0.711211	-1.08196	0.169653	-0.734565	-0.158261	0.117845	-1.03223	-0.510061	0.042152	-0.919513	-0.0609419	0.0562612	-0.66465	-0.94807	0.177069	-0.889845	-1.41938	-0.00335166	-0.96464	-0.692943	-0.00949859	-0.949658	-0.418809	0.0216039	-0.960479	-0.0400692	0.105162	-0.827675	-0.077443	0.279596	-0.719387	-1.08458	0.270458	-0.762124	-0.0359056	0.231232	-0.931573	-0.478443	0.338878	-0.976393	-0.0309825	0.279875	-0.672743	-0.950252	0.279432	-0.904243	-1.41484	0.397324	-0.925311	-0.645389	0.401492	-0.880904	-0.327976	0.344511	-1.02208	-0.0329086	0.222169
186	4.96748	-0.829037	-1.47303	0.202461	-0.981774	-1.38491	0.193422	-0.842715	-0.162077	0.0660388	-0.725024	-1.08287	0.168965	-0.774602	-0.142556	0.118738	-1.0519	-0.513116	0.0429509	-0.965688	-0.0592676	0.0545582	-0.678067	-0.949157	0.17609	-0.90344	-1.41985	-0.00334888	-0.982712	-0.695571	-0.00966452	-0.973706	-0.416193	0.0221945	-1.00835	-0.0403506	0.102905	-0.827953	-0.0780309	0.27957	-0.732698	-1.08547	0.26973	-0.762213	-0.0368627	0.231102	-0.935895	-0.478224	0.339238	-0.976564	-0.0309378	0.279873	-0.685832	-0.951141	0.27835	-0.918232	-1.41587	0.397248	-0.933199	-0.645579	0.401473	-0.883632	-0.328145	0.344659	-1.02236	-0.0328333	0.222132
187	4.97747	-0.842845	-1.47349	0.202529	-0.99561	-1.38527	0.193256	-0.882143	-0.151402	0.0667527	-0.738908	-1.08351	0.168187	-0.815877	-0.127214	0.120033	-1.07101	-0.515685	0.0435328	-1.01169	-0.0579441	0.0524067	-0.691397	-0.949993	0.175118	-0.917061	-1.42003	-0.00345914	-0.999989	-0.697744	-0.00962547	-0.997908	-0.412989	0.0225979	-1.05613	-0.0410972	0.100254	-0.828332	-0.0786031	0.279559	-0.746003	-1.08612	0.269016	-0.762384	-0.0378264	0.230864	-0.94039	-0.478002	0.339586	-0.976996	-0.0308762	0.279749	-0.698787	-0.951843	0.277306	-0.932214	-1.41664	0.397167	-0.940967	-0.645718	0.401526	-0.886364	-0.328391	0.344877	-1.02276	-0.0327668	0.221923
188	4.98745	-0.856698	-1.4737	0.202457	-1.0095	-1.38534	0.193051	-0.922259	-0.141092	0.0675594	-0.75279	-1.08391	0.167291	-0.858146	-0.112381	0.12175	-1.08899	-0.517471	0.0444065	-1.05733	-0.0570201	0.0503733	-0.704746	-0.950559	0.17405	-0.930677	-1.41986	-0.00359027	-1.0165	-0.699614	-0.00958012	-1.02214	-0.409381	0.0229862	-1.10369	-0.0423761	0.0975318	-0.828867	-0.0791575	0.279425	-0.759391	-1.08654	0.268286	-0.762453	-0.0387052	0.230439	-0.944984	-0.477745	0.339903	-0.977214	-0.0308269	0.279701	-0.71167	-0.952436	0.276313	-0.946197	-1.41712	0.397061	-0.948887	-0.645833	0.401582	-0.889207	-0.328671	0.34508	-1.02309	-0.0326663	0.221825
189	4.99744	-0.870638	-1.47366	0.202321	-1.02338	-1.38509	0.192834	-0.962878	-0.131417	0.0684462	-0.766775	-1.08408	0.166302	-0.901263	-0.0987079	0.12334	-1.10604	-0.518635	0.0451625	-1.10263	-0.0565572	0.048562	-0.718251	-0.950871	0.172889	-0.944339	-1.41943	-0.0037849	-1.03248	-0.700868	-0.00932859	-1.0461	-0.40551	0.0237239	-1.15089	-0.0444102	0.0948963	-0.829347	-0.0798376	0.279181	-0.772921	-1.08672	0.267362	-0.762725	-0.0395833	0.229787	-0.949659	-0.477496	0.3402	-0.977137	-0.0308358	0.279815	-0.724599	-0.9528	0.275252	-0.960141	-1.41728	0.396925	-0.956891	-0.645922	0.401697	-0.892108	-0.328983	0.345297	-1.02378	-0.0324575	0.221591
190	5.00743	-0.884611	-1.47335	0.202139	-1.03732	-1.38455	0.192636	-1.00408	-0.122812	0.069068	-0.780801	-1.08401	0.165284	-0.945151	-0.0864589	0.12472	-1.12241	-0.519361	0.0453696	-1.14764	-0.0566411	0.0471394	-0.73184	-0.950896	0.17173	-0.958058	-1.41876	-0.00400684	-1.04824	-0.701395	-0.00912847	-1.06953	-0.401569	0.024646	-1.19757	-0.0473467	0.0925944	-0.829749	-0.0807434	0.278906	-0.786523	-1.08664	0.266286	-0.763035	-0.0407154	0.229238	-0.954419	-0.477248	0.340449	-0.976823	-0.0309744	0.280101	-0.737596	-0.952916	0.274115	-0.97408	-1.41714	0.396782	-0.964962	-0.645903	0.40181	-0.894992	-0.329296	0.345435	-1.02466	-0.0322407	0.221334
191	5.01741	-0.898578	-1.47282	0.201854	-1.05133	-1.3838	0.192408	-1.04558	-0.115196	0.0695679	-0.794943	-1.08361	0.164164	-0.989496	-0.0754885	0.126152	-1.13785	-0.519248	0.0455917	-1.19237	-0.057651	0.0463306	-0.745527	-0.950637	0.170555	-0.97184	-1.41785	-0.00424626	-1.06378	-0.701127	-0.00909856	-1.09223	-0.397805	0.025413	-1.24356	-0.0513349	0.0910089	-0.830083	-0.0817753	0.278711	-0.800058	-1.08636	0.265163	-0.763211	-0.0420203	0.228919	-0.959283	-0.477001	0.340709	-0.976628	-0.0311174	0.280308	-0.750588	-0.952776	0.272901	-0.987985	-1.4167	0.396557	-0.973161	-0.645782	0.401892	-0.897923	-0.329649	0.345493	-1.02427	-0.0325592	0.222022
192	5.0274	-0.912573	-1.47205	0.201512	-1.06534	-1.38281	0.192113	-1.08698	-0.108664	0.0699922	-0.809147	-1.08293	0.162991	-1.0335	-0.065927	0.127278	-1.15267	-0.518454	0.0455585	-1.2367	-0.0600216	0.0464662	-0.759333	-0.950125	0.169278	-0.985546	-1.41669	-0.00439996	-1.07673	-0.700118	-0.00849036	-1.11394	-0.394286	0.0257995	-1.2887	-0.0567521	0.0909672	-0.830428	-0.0828652	0.27867	-0.813591	-1.0859	0.264018	-0.763333	-0.0435032	0.228751	-0.964308	-0.476682	0.341018	-0.976556	-0.0310643	0.280318	-0.763657	-0.952375	0.271629	-1.00186	-1.416	0.396266	-0.981597	-0.645672	0.40198	-0.900825	-0.330054	0.345634	-1.02388	-0.0326891	0.222346
193	5.03738	-0.926565	-1.47109	0.201139	-1.07934	-1.38159	0.19172	-1.12782	-0.103429	0.0706452	-0.823431	-1.08204	0.161674	-1.07692	-0.0579153	0.127678	-1.16709	-0.517135	0.0452241	-1.28041	-0.0642482	0.0474	-0.773472	-0.949313	0.167783	-0.999159	-1.41529	-0.00444545	-1.08917	-0.698316	-0.00794669	-1.1345	-0.390924	0.0257051	-1.33261	-0.0641875	0.092503	-0.83074	-0.0840096	0.278833	-0.827177	-1.0852	0.262702	-0.763503	-0.0451576	0.228665	-0.969491	-0.476324	0.341437	-0.976475	-0.0309158	0.28024	-0.776986	-0.951734	0.270221	-1.01575	-1.41504	0.395907	-0.990152	-0.645403	0.402138	-0.903779	-0.330535	0.3459	-1.02365	-0.0326254	0.222296
194	5.04737	-0.94059	-1.4699	0.20065	-1.09325	-1.38014	0.191318	-1.16791	-0.0996757	0.0713145	-0.837779	-1.08091	0.160231	-1.11962	-0.0513079	0.127672	-1.18106	-0.515239	0.0450528	-1.32303	-0.0702413	0.0488927	-0.787812	-0.948173	0.166158	-1.01321	-1.41384	-0.00502492	-1.10149	-0.69575	-0.00767523	-1.15421	-0.387586	0.0252052	-1.3749	-0.0737233	0.09498	-0.831165	-0.0852083	0.279095	-0.8408	-1.08421	0.261217	-0.763676	-0.046976	0.228834	-0.975005	-0.475938	0.341878	-0.976377	-0.0308557	0.280302	-0.790559	-0.950802	0.268639	-1.02965	-1.41387	0.395496	-0.998848	-0.645026	0.402401	-0.90704	-0.330992	0.346212	-1.02368	-0.032485	0.222333
195	5.05736	-0.954645	-1.46848	0.200085	-1.10707	-1.37844	0.190932	-1.20692	-0.0973025	0.0720454	-0.852221	-1.07947	0.158652	-1.16133	-0.0458388	0.128542	-1.19485	-0.512906	0.0450226	-1.36393	-0.0774364	0.051029	-0.802264	-0.946735	0.164487	-1.0275	-1.4123	-0.00584777	-1.11352	-0.692619	-0.00777878	-1.17339	-0.38395	0.0249015	-1.41504	-0.0846439	0.0980172	-0.831725	-0.0864416	0.279476	-0.854488	-1.08298	0.25963	-0.763909	-0.0489683	0.229179	-0.980941	-0.475531	0.342316	-0.976346	-0.0308971	0.280426	-0.804252	-0.949585	0.266931	-1.04352	-1.41255	0.395032	-1.00768	-0.644547	0.402786	-0.9108	-0.331437	0.346524	-1.02373	-0.0323649	0.222452
196	5.06734	-0.968664	-1.46697	0.199463	-1.12132	-1.37679	0.190403	-1.24445	-0.0960053	0.0731167	-0.866793	-1.07784	0.156977	-1.20173	-0.041794	0.129719	-1.20877	-0.51037	0.044847	-1.40271	-0.0853311	0.053521	-0.816917	-0.945067	0.162712	-1.04171	-1.41059	-0.00655616	-1.12525	-0.689064	-0.00816083	-1.19295	-0.380398	0.0243022	-1.45269	-0.0961254	0.101354	-0.832486	-0.0877115	0.279873	-0.868215	-1.08156	0.258021	-0.764228	-0.0512424	0.22955	-0.987293	-0.475112	0.342763	-0.976498	-0.0309012	0.280418	-0.81808	-0.948126	0.265153	-1.05741	-1.41112	0.394489	-1.01682	-0.643957	0.403126	-0.915009	-0.331966	0.346953	-1.02374	-0.0322581	0.22258
197	5.07733	-0.98273	-1.46528	0.198707	-1.1356	-1.37506	0.189813	-1.28024	-0.0955542	0.0742398	-0.881498	-1.07602	0.155185	-1.24011	-0.0391674	0.130757	-1.22275	-0.507654	0.0445961	-1.43908	-0.0934688	0.0562323	-0.831866	-0.943135	0.160772	-1.05588	-1.40882	-0.00723559	-1.13693	-0.685369	-0.00888448	-1.21329	-0.377145	0.0232022	-1.48774	-0.107656	0.104802	-0.83344	-0.0890304	0.280243	-0.881985	-1.07989	0.256326	-0.764628	-0.0538168	0.229962	-0.994081	-0.474702	0.343161	-0.97687	-0.0307346	0.28023	-0.832157	-0.946403	0.26311	-1.07131	-1.40956	0.393901	-1.02632	-0.643359	0.403464	-0.919593	-0.332576	0.347408	-1.02373	-0.0321746	0.222696
198	5.08732	-0.996721	-1.46349	0.198073	-1.14975	-1.37318	0.189236	-1.31393	-0.0956661	0.0753261	-0.896243	-1.07398	0.153261	-1.27616	-0.0376378	0.131211	-1.23681	-0.504812	0.0443561	-1.47289	-0.101493	0.0591572	-0.847005	-0.9409	0.158653	-1.07009	-1.40697	-0.00793582	-1.14899	-0.681796	-0.00996177	-1.23413	-0.37425	0.0228555	-1.51997	-0.118771	0.108483	-0.834366	-0.0907614	0.280705	-0.895852	-1.07796	0.254465	-0.765104	-0.0567034	0.230439	-1.00131	-0.474296	0.343486	-0.977	-0.0306063	0.280194	-0.846431	-0.944372	0.260846	-1.08518	-1.4079	0.393288	-1.03609	-0.642692	0.403773	-0.924416	-0.333273	0.347856	-1.02372	-0.0320912	0.222786
199	5.0973	-1.01081	-1.46162	0.19733	-1.16361	-1.37117	0.188704	-1.34524	-0.0960215	0.0764196	-0.910935	-1.07172	0.151388	-1.30948	-0.0368215	0.13148	-1.25111	-0.502145	0.043933	-1.50408	-0.109017	0.0620069	-0.862314	-0.938412	0.156363	-1.08441	-1.40505	-0.0086561	-1.16182	-0.67862	-0.0112009	-1.25489	-0.372015	0.0236119	-1.54939	-0.128886	0.112046	-0.835377	-0.0928644	0.28129	-0.909783	-1.07577	0.25246	-0.765733	-0.0599222	0.230983	-1.00899	-0.473882	0.343754	-0.976949	-0.0305367	0.280273	-0.860752	-0.94196	0.258713	-1.09904	-1.4062	0.392619	-1.04652	-0.641977	0.404043	-0.929515	-0.334121	0.34822	-1.02369	-0.0319938	0.222863
200	5.10729	-1.02489	-1.45968	0.196478	-1.17712	-1.369	0.188169	-1.37418	-0.0969547	0.0771016	-0.925719	-1.06931	0.149338	-1.33964	-0.0362398	0.132408	-1.26575	-0.499737	0.0435128	-1.53267	-0.115392	0.0645383	-0.877638	-0.935801	0.153945	-1.09879	-1.40306	-0.00942894	-1.17585	-0.676011	-0.0124654	-1.27484	-0.370266	0.0251993	-1.57611	-0.137284	0.115231	-0.836587	-0.0952679	0.281944	-0.923726	-1.07339	0.250392	-0.76656	-0.0635539	0.231556	-1.01722	-0.473328	0.34403	-0.976849	-0.0304433	0.280369	-0.875217	-0.939365	0.2564	-1.1129	-1.40446	0.39192	-1.05735	-0.641068	0.404264	-0.935015	-0.33509	0.348549	-1.02365	-0.0319079	0.222871
201	5.11728	-1.03897	-1.4577	0.195583	-1.19129	-1.36702	0.187538	-1.39987	-0.0976332	0.0782581	-0.940692	-1.06686	0.14726	-1.36647	-0.0354651	0.13357	-1.28033	-0.497164	0.0439548	-1.55851	-0.12013	0.066508	-0.892981	-0.933184	0.151434	-1.11319	-1.401	-0.0102875	-1.19117	-0.673905	-0.0133452	-1.29344	-0.368425	0.0268068	-1.60011	-0.143545	0.117957	-0.838231	-0.0978998	0.282562	-0.937774	-1.07094	0.248273	-0.767612	-0.0676655	0.232166	-1.0262	-0.472691	0.344223	-0.976799	-0.0303687	0.280427	-0.889732	-0.936778	0.253926	-1.12674	-1.40267	0.391189	-1.06837	-0.640007	0.404379	-0.941123	-0.336068	0.348876	-1.02366	-0.0318179	0.222802
202	5.12726	-1.05313	-1.45568	0.194598	-1.20516	-1.36495	0.186915	-1.42212	-0.0976512	0.0798459	-0.955983	-1.06442	0.145157	-1.3895	-0.0349963	0.134492	-1.29503	-0.494846	0.0447131	-1.58081	-0.122128	0.0690987	-0.908303	-0.930653	0.148989	-1.12764	-1.39898	-0.0111836	-1.20762	-0.672187	-0.0135383	-1.31072	-0.366353	0.0281507	-1.62088	-0.147259	0.120799	-0.840185	-0.100889	0.283307	-0.952128	-1.06849	0.246154	-0.768899	-0.0722581	0.232917	-1.03595	-0.471874	0.344335	-0.97681	-0.030345	0.28045	-0.904324	-0.93424	0.251352	-1.14053	-1.40086	0.390409	-1.07943	-0.638857	0.40439	-0.948065	-0.337055	0.349181	-1.02369	-0.0317171	0.222735
203	5.13725	-1.06719	-1.45366	0.193634	-1.21934	-1.36303	0.18629	-1.44103	-0.0969041	0.0814103	-0.971406	-1.06205	0.143084	-1.40882	-0.0341792	0.1364	-1.30999	-0.492973	0.0455053	-1.59995	-0.121688	0.0717813	-0.923798	-0.928277	0.146457	-1.14212	-1.39696	-0.0121306	-1.22478	-0.670821	-0.0132043	-1.32691	-0.364416	0.0290349	-1.63861	-0.148183	0.123637	-0.842519	-0.104191	0.284187	-0.966841	-1.06611	0.244053	-0.770507	-0.0773925	0.233786	-1.04646	-0.470821	0.344432	-0.976862	-0.0303332	0.280444	-0.919138	-0.931739	0.248791	-1.15435	-1.39908	0.389539	-1.09081	-0.637626	0.404432	-0.955851	-0.338007	0.349511	-1.02369	-0.0316062	0.222682
204	5.14723	-1.08127	-1.45169	0.192487	-1.23352	-1.36116	0.185699	-1.45662	-0.095225	0.0829596	-0.986992	-1.05976	0.141158	-1.4238	-0.0329991	0.137179	-1.32572	-0.491784	0.0459916	-1.61592	-0.11919	0.0744878	-0.939489	-0.925986	0.144019	-1.15671	-1.39496	-0.0131816	-1.24232	-0.669767	-0.0127206	-1.34216	-0.362874	0.0293646	-1.65343	-0.146293	0.126609	-0.845294	-0.107655	0.285165	-0.98175	-1.06369	0.242194	-0.772567	-0.0830819	0.23475	-1.05775	-0.469661	0.344556	-0.976917	-0.0303203	0.280447	-0.934203	-0.929196	0.246352	-1.16811	-1.3973	0.388625	-1.10258	-0.636283	0.404465	-0.964402	-0.338916	0.349875	-1.02366	-0.0315002	0.222597
205	5.15722	-1.09535	-1.44971	0.191347	-1.24756	-1.35926	0.18517	-1.46899	-0.0924255	0.0846854	-1.00275	-1.05762	0.139382	-1.43453	-0.0313155	0.136642	-1.34221	-0.490953	0.0463057	-1.62865	-0.11479	0.0775156	-0.955439	-0.923785	0.141589	-1.17131	-1.39303	-0.0143061	-1.26006	-0.668993	-0.0123132	-1.35671	-0.361356	0.0296699	-1.66545	-0.141859	0.129876	-0.848235	-0.111285	0.286271	-0.996961	-1.06121	0.240474	-0.775048	-0.089254	0.235746	-1.06973	-0.468436	0.344741	-0.976968	-0.0303006	0.280426	-0.949577	-0.926689	0.24393	-1.18182	-1.39554	0.387651	-1.11475	-0.634846	0.404318	-0.973533	-0.339901	0.350291	-1.0236	-0.0314657	0.222372
206	5.16721	-1.10952	-1.44771	0.18999	-1.26187	-1.35755	0.184297	-1.4784	-0.0884661	0.086619	-1.01876	-1.0556	0.137843	-1.44227	-0.0283585	0.138664	-1.35899	-0.48991	0.0468495	-1.63844	-0.108216	0.0808535	-0.971749	-0.921697	0.139259	-1.1859	-1.39112	-0.0154934	-1.27799	-0.668355	-0.0119888	-1.37074	-0.359413	0.0301635	-1.67482	-0.134949	0.133447	-0.851826	-0.115512	0.287219	-1.01253	-1.05875	0.2389	-0.778056	-0.0959277	0.236631	-1.08217	-0.467137	0.34512	-0.977015	-0.0302822	0.280374	-0.965263	-0.924216	0.241686	-1.19553	-1.39385	0.386577	-1.1274	-0.633383	0.404011	-0.982998	-0.341075	0.350809	-1.02356	-0.0316773	0.221733
207	5.17719	-1.12367	-1.44566	0.188525	-1.27658	-1.3561	0.183056	-1.48545	-0.0839498	0.0885475	-1.03505	-1.05373	0.136499	-1.44545	-0.0280197	0.138427	-1.37573	-0.488325	0.0474355	-1.64592	-0.0986298	0.0845572	-0.988259	-0.919712	0.137141	-1.2006	-1.38924	-0.0167794	-1.29599	-0.667611	-0.0115294	-1.38438	-0.35692	0.0309223	-1.68203	-0.124733	0.137593	-0.855844	-0.120388	0.288007	-1.02837	-1.05641	0.237386	-0.781783	-0.103289	0.237252	-1.09513	-0.46579	0.345705	-0.977052	-0.0302884	0.280277	-0.981296	-0.921795	0.239541	-1.20918	-1.39224	0.385409	-1.14074	-0.631945	0.403602	-0.992709	-0.342504	0.351425	-1.02352	-0.0320805	0.220693
208	5.18718	-1.13752	-1.44363	0.187089	-1.29123	-1.35478	0.181908	-1.49126	-0.0804659	0.0901371	-1.05142	-1.05209	0.135307	-1.44714	-0.0288956	0.139717	-1.39202	-0.486512	0.0481514	-1.65214	-0.0859411	0.0882391	-1.0047	-0.918077	0.135179	-1.2154	-1.38743	-0.0180628	-1.31372	-0.667191	-0.0110705	-1.39735	-0.354477	0.0317915	-1.68844	-0.110362	0.142121	-0.860418	-0.125862	0.288807	-1.04424	-1.05434	0.23619	-0.786397	-0.111543	0.237639	-1.10877	-0.464383	0.346448	-0.977079	-0.0303546	0.280156	-0.997397	-0.919621	0.237541	-1.22271	-1.39068	0.384235	-1.1546	-0.630334	0.403097	-1.00297	-0.344123	0.351971	-1.0234	-0.0322697	0.220127
209	5.19717	-1.15113	-1.44198	0.185503	-1.30567	-1.35365	0.180968	-1.49729	-0.0796689	0.0903887	-1.0673	-1.05104	0.134509	-1.44941	-0.0308683	0.140237	-1.40777	-0.48631	0.0481384	-1.65786	-0.0743855	0.0907932	-1.02069	-0.917023	0.1333	-1.23021	-1.38574	-0.0192633	-1.33058	-0.66805	-0.0109518	-1.41036	-0.35389	0.0333869	-1.69504	-0.0956332	0.14484	-0.865981	-0.13204	0.289716	-1.06004	-1.05263	0.235262	-0.792299	-0.120806	0.238026	-1.12349	-0.462871	0.34717	-0.977129	-0.0304502	0.280021	-1.01322	-0.917836	0.235741	-1.23603	-1.38924	0.383139	-1.16904	-0.628454	0.402591	-1.01414	-0.345902	0.352395	-1.02322	-0.0322995	0.219938
210	5.20715	-1.16476	-1.441	0.183936	-1.32	-1.35302	0.180161	-1.50325	-0.0799579	0.0894782	-1.08236	-1.05058	0.134165	-1.45215	-0.0329924	0.13946	-1.42446	-0.488803	0.0480258	-1.66322	-0.0663448	0.0922022	-1.03633	-0.916341	0.131662	-1.24514	-1.38431	-0.0204712	-1.34682	-0.67011	-0.0112236	-1.4247	-0.356194	0.0352142	-1.70043	-0.0853731	0.146253	-0.873072	-0.138885	0.290854	-1.07522	-1.05107	0.23493	-0.800006	-0.131313	0.238566	-1.13984	-0.461322	0.347876	-0.977322	-0.0306061	0.279724	-1.0289	-0.916118	0.234158	-1.24928	-1.38819	0.382217	-1.18447	-0.626529	0.402192	-1.02683	-0.348003	0.352738	-1.02308	-0.0322269	0.219953
211	5.21714	-1.17876	-1.44071	0.182363	-1.33404	-1.35292	0.179416	-1.50781	-0.0804113	0.0876123	-1.09669	-1.05055	0.134546	-1.45431	-0.034763	0.138181	-1.44303	-0.493037	0.0481497	-1.66704	-0.0590751	0.09192	-1.05183	-0.91587	0.130561	-1.26014	-1.38335	-0.0216883	-1.36332	-0.672475	-0.0114481	-1.44078	-0.360115	0.0351933	-1.70487	-0.0765479	0.145816	-0.882162	-0.146363	0.29248	-1.08967	-1.04974	0.235396	-0.810069	-0.143004	0.239196	-1.15817	-0.459874	0.348715	-0.977911	-0.0308577	0.278849	-1.04456	-0.914375	0.233012	-1.26256	-1.38763	0.381515	-1.20151	-0.62497	0.401877	-1.0417	-0.350505	0.35325	-1.02314	-0.0320469	0.220202
212	5.22713	-1.19295	-1.44084	0.181074	-1.34784	-1.35323	0.178741	-1.51109	-0.0808257	0.0853699	-1.11071	-1.05081	0.135824	-1.45589	-0.0362512	0.137255	-1.46238	-0.496586	0.0486672	-1.66963	-0.0514537	0.0906075	-1.06729	-0.915735	0.130181	-1.27512	-1.38283	-0.0227974	-1.38062	-0.67461	-0.0119433	-1.45718	-0.363537	0.0329461	-1.70791	-0.0665784	0.144515	-0.893951	-0.153989	0.294287	-1.10385	-1.04871	0.236659	-0.822555	-0.155675	0.240176	-1.17852	-0.458626	0.349721	-0.979351	-0.0310063	0.276872	-1.06022	-0.912906	0.232727	-1.27592	-1.38755	0.380919	-1.22006	-0.623589	0.401544	-1.05911	-0.353299	0.354126	-1.0239	-0.0318226	0.220379
213	5.23711	-1.20704	-1.44104	0.179935	-1.36196	-1.35395	0.17816	-1.51443	-0.0802994	0.0848899	-1.12465	-1.05116	0.137638	-1.45754	-0.037459	0.137406	-1.48007	-0.497935	0.0490601	-1.67262	-0.0441598	0.0888721	-1.08256	-0.915815	0.130569	-1.28996	-1.38276	-0.0236571	-1.39763	-0.675892	-0.0121032	-1.47255	-0.365143	0.0296025	-1.71075	-0.0569665	0.144124	-0.908031	-0.161807	0.29634	-1.11806	-1.04795	0.238387	-0.837061	-0.169177	0.241875	-1.20058	-0.457385	0.350805	-0.981644	-0.0312466	0.274965	-1.07579	-0.911863	0.233078	-1.28941	-1.38803	0.380221	-1.23965	-0.622024	0.401271	-1.07894	-0.355947	0.355318	-1.02598	-0.0314582	0.220321
214	5.2471	-1.2207	-1.4412	0.178948	-1.37596	-1.3548	0.177677	-1.51797	-0.079848	0.0849575	-1.13863	-1.05154	0.139258	-1.45931	-0.038675	0.137116	-1.49533	-0.497431	0.0487694	-1.67651	-0.0389393	0.0870446	-1.0976	-0.91588	0.13131	-1.3048	-1.38315	-0.024394	-1.41387	-0.676737	-0.0130289	-1.48664	-0.365011	0.0273848	-1.71371	-0.0498043	0.145511	-0.923418	-0.170258	0.298851	-1.13218	-1.04747	0.240115	-0.853186	-0.183344	0.244451	-1.22417	-0.45588	0.351595	-0.985411	-0.0322475	0.27507	-1.09103	-0.911129	0.23362	-1.30276	-1.38888	0.379437	-1.26003	-0.620185	0.401106	-1.10083	-0.358127	0.356885	-1.0293	-0.0307278	0.220713
215	5.25708	-1.23398	-1.44146	0.177986	-1.38974	-1.35569	0.177299	-1.51979	-0.0793521	0.0858001	-1.15244	-1.05181	0.14041	-1.46031	-0.0393822	0.136633	-1.50849	-0.496099	0.0481631	-1.67899	-0.036294	0.0866247	-1.11231	-0.915844	0.131918	-1.31966	-1.38384	-0.0250717	-1.4288	-0.677305	-0.0143598	-1.49923	-0.364136	0.0265343	-1.71641	-0.0460511	0.147222	-0.940369	-0.179414	0.301444	-1.14615	-1.04711	0.241342	-0.87093	-0.198131	0.247875	-1.2492	-0.454021	0.35187	-0.991217	-0.0338836	0.276453	-1.10571	-0.91054	0.234135	-1.31581	-1.38991	0.378611	-1.28111	-0.618097	0.400882	-1.12453	-0.359954	0.358621	-1.03309	-0.0293436	0.222339
216	5.26707	-1.24701	-1.44193	0.177049	-1.40332	-1.35674	0.176971	-1.52007	-0.0790718	0.0869965	-1.16601	-1.0519	0.141057	-1.46054	-0.0396188	0.13648	-1.5201	-0.494884	0.0477103	-1.67992	-0.0354245	0.0872276	-1.12645	-0.915788	0.13199	-1.33412	-1.38467	-0.0255699	-1.44226	-0.677506	-0.0151339	-1.50964	-0.363355	0.026813	-1.71859	-0.0438217	0.147204	-0.959247	-0.189002	0.304259	-1.15981	-1.04679	0.241955	-0.890749	-0.213003	0.25183	-1.27562	-0.452077	0.351834	-0.99929	-0.0366856	0.277841	-1.11989	-0.910037	0.234327	-1.32855	-1.39106	0.37784	-1.30282	-0.615901	0.400428	-1.14972	-0.361725	0.360298	-1.0375	-0.0275151	0.225351
217	5.27706	-1.2599	-1.44259	0.176234	-1.41669	-1.35792	0.176749	-1.52005	-0.0789048	0.0884488	-1.17945	-1.05192	0.141169	-1.46067	-0.0398296	0.136605	-1.53055	-0.494127	0.0474792	-1.68028	-0.0351509	0.0873062	-1.1403	-0.915788	0.131592	-1.34832	-1.38553	-0.0259497	-1.45506	-0.677501	-0.0155236	-1.51822	-0.363232	0.0279918	-1.72039	-0.0412269	0.146574	-0.979832	-0.197922	0.307209	-1.17327	-1.0465	0.242024	-0.912548	-0.22684	0.256017	-1.30306	-0.450446	0.351785	-1.01014	-0.0420889	0.278762	-1.13374	-0.909672	0.233883	-1.34098	-1.39232	0.37717	-1.32498	-0.613842	0.399743	-1.17611	-0.36361	0.361843	-1.04397	-0.0266911	0.230213
218	5.28704	-1.27278	-1.44348	0.175439	-1.42979	-1.3592	0.176731	-1.52034	-0.078947	0.089448	-1.19279	-1.0521	0.140917	-1.4609	-0.0400963	0.136907	-1.54012	-0.49369	0.0476782	-1.68059	-0.0350408	0.0872032	-1.15385	-0.916014	0.130841	-1.36237	-1.38646	-0.026212	-1.46748	-0.677787	-0.0158268	-1.52468	-0.363317	0.0298965	-1.72159	-0.0390858	0.146854	-1.00203	-0.206035	0.309883	-1.18656	-1.04628	0.241768	-0.935718	-0.238483	0.25983	-1.33099	-0.449408	0.351792	-1.02505	-0.0488476	0.280142	-1.14726	-0.909478	0.23296	-1.35314	-1.39365	0.376642	-1.34744	-0.612267	0.398885	-1.20354	-0.365438	0.363282	-1.05596	-0.0299613	0.235139
219	5.29703	-1.28563	-1.44467	0.17453	-1.44266	-1.36061	0.176909	-1.52092	-0.0790382	0.0900443	-1.20596	-1.05254	0.140637	-1.46114	-0.0403215	0.137356	-1.54901	-0.493412	0.0482157	-1.68086	-0.0350122	0.0872384	-1.16713	-0.916485	0.129813	-1.37641	-1.38751	-0.02634	-1.47923	-0.678486	-0.0162459	-1.52941	-0.363211	0.031247	-1.72201	-0.0372515	0.148671	-1.02556	-0.21362	0.312021	-1.1996	-1.04623	0.241381	-0.959325	-0.246989	0.262453	-1.35897	-0.449298	0.351954	-1.04513	-0.0556665	0.282732	-1.16049	-0.909523	0.231719	-1.36493	-1.39496	0.376309	-1.36994	-0.611507	0.398079	-1.23173	-0.367148	0.364789	-1.07549	-0.036002	0.23837
220	5.30702	-1.29822	-1.44612	0.17381	-1.45527	-1.36213	0.177295	-1.52156	-0.0791313	0.0903169	-1.21894	-1.05328	0.140357	-1.46132	-0.040418	0.137888	-1.55746	-0.493181	0.048269	-1.68107	-0.0349778	0.0872724	-1.18021	-0.917213	0.128656	-1.3904	-1.38869	-0.026373	-1.4903	-0.679371	-0.0168217	-1.53303	-0.362881	0.0315482	-1.72194	-0.0354615	0.15134	-1.05046	-0.220366	0.313688	-1.21239	-1.04648	0.240935	-0.983718	-0.252705	0.264387	-1.38671	-0.450293	0.352307	-1.07013	-0.061419	0.285592	-1.17336	-0.909709	0.230759	-1.3764	-1.39633	0.376155	-1.39213	-0.611672	0.397497	-1.26026	-0.369054	0.366425	-1.10077	-0.0419974	0.240489
221	5.317	-1.31052	-1.44777	0.173313	-1.46762	-1.36375	0.177928	-1.52217	-0.0792446	0.0903595	-1.23176	-1.05433	0.139945	-1.46137	-0.0404513	0.138417	-1.56503	-0.492785	0.0480147	-1.68119	-0.0349627	0.0872545	-1.19317	-0.918302	0.127549	-1.40426	-1.39002	-0.0262718	-1.50063	-0.680164	-0.0168616	-1.53582	-0.362683	0.0310358	-1.72276	-0.0354504	0.150791	-1.07706	-0.225236	0.31532	-1.22498	-1.04711	0.240516	-1.00953	-0.256123	0.266054	-1.41431	-0.45241	0.352443	-1.09852	-0.0657059	0.288014	-1.18619	-0.910279	0.229847	-1.38755	-1.3978	0.376203	-1.41384	-0.612692	0.397137	-1.28875	-0.371482	0.367939	-1.12981	-0.0467093	0.242819
222	5.32699	-1.32272	-1.44939	0.172882	-1.47978	-1.36551	0.178714	-1.52266	-0.0793765	0.0904128	-1.24444	-1.05576	0.139549	-1.46139	-0.040566	0.138939	-1.57158	-0.492203	0.0476441	-1.68126	-0.0349774	0.0871923	-1.20593	-0.919746	0.126708	-1.41804	-1.39147	-0.0260447	-1.51034	-0.680875	-0.0165605	-1.53932	-0.362599	0.0303597	-1.7233	-0.0355479	0.150281	-1.10517	-0.227923	0.317095	-1.23749	-1.04815	0.240197	-1.03655	-0.257252	0.267763	-1.44133	-0.455573	0.352556	-1.12941	-0.0684473	0.289988	-1.19889	-0.911352	0.228969	-1.39842	-1.39943	0.376381	-1.43519	-0.614473	0.396864	-1.31693	-0.374402	0.36915	-1.16149	-0.0501118	0.245424
223	5.33698	-1.33479	-1.45109	0.172448	-1.49181	-1.36742	0.179582	-1.52314	-0.0795103	0.0904105	-1.25697	-1.05753	0.139298	-1.46149	-0.0407919	0.139171	-1.57723	-0.491516	0.0470029	-1.68132	-0.0349711	0.0870772	-1.21857	-0.921469	0.126174	-1.43167	-1.39309	-0.0257211	-1.51972	-0.681646	-0.0163306	-1.54329	-0.362404	0.0296598	-1.72323	-0.0351121	0.150921	-1.13448	-0.228617	0.318961	-1.24992	-1.04958	0.240002	-1.06454	-0.256053	0.269728	-1.46769	-0.459329	0.352774	-1.16256	-0.0697295	0.291977	-1.21153	-0.912853	0.228315	-1.40906	-1.4012	0.376627	-1.4563	-0.616861	0.396805	-1.34486	-0.377575	0.370004	-1.1954	-0.0521537	0.248023
224	5.34696	-1.3467	-1.4529	0.17205	-1.50369	-1.36942	0.180534	-1.52359	-0.079679	0.0903609	-1.2693	-1.05947	0.139221	-1.46167	-0.0411564	0.139183	-1.58218	-0.49081	0.0462819	-1.68137	-0.0349376	0.086973	-1.23103	-0.923381	0.125898	-1.445	-1.39483	-0.0253173	-1.52902	-0.682606	-0.0164416	-1.54763	-0.362015	0.0291206	-1.72295	-0.0344554	0.151968	-1.16485	-0.227509	0.320934	-1.26222	-1.05131	0.239924	-1.09327	-0.252653	0.272129	-1.4936	-0.463335	0.353062	-1.19781	-0.0696474	0.29428	-1.22406	-0.914587	0.22801	-1.41949	-1.40309	0.376888	-1.47704	-0.619563	0.397032	-1.37276	-0.380712	0.37045	-1.23137	-0.0529892	0.250632
225	5.35695	-1.35847	-1.45472	0.171694	-1.51537	-1.37147	0.181494	-1.52399	-0.0798332	0.0903465	-1.28139	-1.06146	0.139254	-1.46194	-0.0417258	0.138973	-1.58663	-0.490211	0.0463818	-1.68144	-0.0349264	0.0868238	-1.24325	-0.925321	0.125819	-1.4581	-1.39662	-0.0248502	-1.53795	-0.683474	-0.0164001	-1.55212	-0.361583	0.0290785	-1.72352	-0.0346062	0.151316	-1.1959	-0.224576	0.323075	-1.27436	-1.05322	0.239931	-1.1228	-0.247037	0.274538	-1.51914	-0.46746	0.353334	-1.23493	-0.0683631	0.296896	-1.23647	-0.916393	0.228009	-1.42976	-1.40505	0.377171	-1.49735	-0.622464	0.397405	-1.40034	-0.38359	0.370965	-1.26889	-0.0534522	0.252807
226	5.36693	-1.37016	-1.45646	0.171397	-1.52697	-1.37352	0.18244	-1.52431	-0.0799457	0.0904968	-1.2932	-1.0634	0.139449	-1.46216	-0.0423293	0.138717	-1.5917	-0.490009	0.0450252	-1.68151	-0.0348745	0.0867398	-1.25519	-0.927172	0.12599	-1.47092	-1.39845	-0.0243007	-1.54668	-0.684267	-0.0163705	-1.5565	-0.36125	0.029204	-1.72398	-0.0347261	0.150825	-1.22775	-0.220179	0.325033	-1.28641	-1.05517	0.240026	-1.15312	-0.239365	0.276778	-1.54413	-0.471688	0.353571	-1.27406	-0.0663897	0.299944	-1.24875	-0.918227	0.228351	-1.44001	-1.40704	0.377435	-1.51688	-0.625481	0.39774	-1.42788	-0.385956	0.371158	-1.30712	-0.0538038	0.254987
227	5.37692	-1.38195	-1.45817	0.171013	-1.53852	-1.37562	0.183285	-1.52454	-0.0800715	0.0907842	-1.30475	-1.06522	0.139737	-1.46231	-0.0429996	0.138284	-1.59642	-0.489613	0.0448471	-1.68157	-0.0348434	0.086695	-1.26714	-0.928885	0.126524	-1.4836	-1.40033	-0.0237309	-1.55515	-0.685017	-0.0161706	-1.56032	-0.361267	0.0296754	-1.72414	-0.0346034	0.150897	-1.26044	-0.214588	0.326667	-1.29832	-1.05708	0.240307	-1.18433	-0.229777	0.278773	-1.56847	-0.476054	0.353757	-1.31492	-0.0639627	0.303731	-1.26089	-0.920049	0.229014	-1.45021	-1.40898	0.377775	-1.53523	-0.628355	0.398232	-1.455	-0.387901	0.371371	-1.34917	-0.0528341	0.258766
228	5.38691	-1.39383	-1.4598	0.170568	-1.55	-1.37763	0.1841	-1.52474	-0.080257	0.0911082	-1.31614	-1.06685	0.140151	-1.46237	-0.0434329	0.138343	-1.60077	-0.489244	0.0454909	-1.68163	-0.0348264	0.0866605	-1.27895	-0.930458	0.127258	-1.49616	-1.40224	-0.0231815	-1.56373	-0.685889	-0.0160449	-1.56336	-0.361341	0.0301389	-1.72421	-0.0343305	0.151201	-1.29408	-0.20781	0.328221	-1.31012	-1.05892	0.240762	-1.21642	-0.218404	0.280615	-1.59207	-0.480447	0.353889	-1.35756	-0.0618402	0.308012	-1.27306	-0.921679	0.229696	-1.46052	-1.41082	0.378123	-1.55523	-0.632613	0.399297	-1.48155	-0.389295	0.371687	-1.40467	-0.046585	0.268878
229	5.39689	-1.40535	-1.46132	0.170516	-1.56138	-1.37949	0.184922	-1.52497	-0.0805078	0.0913482	-1.32743	-1.06833	0.140729	-1.46244	-0.0437961	0.138632	-1.60552	-0.489343	0.0446577	-1.68168	-0.0347926	0.0866735	-1.29052	-0.931863	0.128229	-1.50853	-1.4041	-0.0226033	-1.57249	-0.686734	-0.0158244	-1.56632	-0.361521	0.0302512	-1.72439	-0.0341652	0.151293	-1.32859	-0.20001	0.329873	-1.32182	-1.06058	0.241433	-1.2495	-0.205484	0.282363	-1.61488	-0.484864	0.35404	nan	nan	nan	-1.28506	-0.923207	0.23071	-1.47092	-1.41248	0.378445	-1.58332	-0.641699	0.401628	-1.50762	-0.39003	0.372068	-1.47248	-0.0350145	0.288407
230	5.40688	-1.41669	-1.46269	0.170659	-1.57274	-1.38123	0.185754	-1.52521	-0.0808037	0.0914855	-1.33859	-1.06961	0.141517	-1.46253	-0.044157	0.138941	-1.60961	-0.489083	0.0451743	-1.68174	-0.0347913	0.0866675	-1.30186	-0.933058	0.129465	-1.52061	-1.40582	-0.0218617	-1.58118	-0.687452	-0.0154314	-1.5689	-0.361658	0.0300259	-1.72473	-0.0342176	0.151171	nan	nan	nan	-1.33341	-1.06207	0.242269	-1.28406	-0.191366	0.283588	-1.63694	-0.489295	0.354187	nan	nan	nan	-1.29691	-0.924544	0.232096	-1.4813	-1.41392	0.378944	-1.61525	-0.653105	0.404579	-1.53326	-0.390069	0.372469	-1.50754	-0.0360918	0.304854
231	5.41687	-1.42781	-1.4639	0.171177	-1.58402	-1.38273	0.186545	-1.52553	-0.0811805	0.0914716	-1.34958	-1.07066	0.1425	-1.46266	-0.0445179	0.139289	-1.61276	-0.487965	0.0478097	-1.6818	-0.0348044	0.0866401	-1.31304	-0.933989	0.130935	-1.53256	-1.40742	-0.0211192	-1.58969	-0.688141	-0.0149878	-1.57143	-0.361836	0.0297667	-1.72516	-0.0343959	0.150942	-1.4	-0.181963	0.333064	-1.34493	-1.06333	0.243238	-1.32005	-0.176417	0.284382	-1.65826	-0.493643	0.354456	nan	nan	nan	-1.30871	-0.925758	0.233557	-1.49159	-1.41511	0.379717	-1.62043	-0.649557	0.403888	-1.55855	-0.389468	0.372986	-1.50662	-0.0508361	0.322532
232	5.42685	-1.43885	-1.465	0.171904	-1.59523	-1.38399	0.18733	-1.52589	-0.0816061	0.0913762	-1.36044	-1.07147	0.143557	-1.46291	-0.0450631	0.139484	-1.61706	-0.487655	0.0480424	-1.68186	-0.03482	0.0866202	-1.32406	-0.934712	0.132635	-1.54435	-1.40886	-0.0203242	-1.59833	-0.688779	-0.014358	-1.57411	-0.36204	0.0296281	-1.72547	-0.0344615	0.150768	-1.43624	-0.172245	0.334512	-1.35643	-1.06435	0.244425	-1.35739	-0.160859	0.285137	-1.67881	-0.49779	0.354866	nan	nan	nan	-1.32028	-0.926794	0.235184	-1.50207	-1.41604	0.380542	-1.62872	-0.648089	0.403686	-1.5835	-0.388273	0.373748	-1.53312	-0.0554694	0.331012
233	5.43684	-1.45022	-1.4659	0.17227	-1.6064	-1.38499	0.188115	-1.52618	-0.0820081	0.0913307	-1.37112	-1.07209	0.144808	-1.46313	-0.0457119	0.139482	-1.62242	-0.488106	0.0462359	-1.68189	-0.0348157	0.0866016	-1.335	-0.935304	0.134397	-1.55598	-1.41012	-0.0196001	-1.60729	-0.689485	-0.0138133	-1.57692	-0.36225	0.0296959	-1.72566	-0.0347455	0.150199	-1.47369	-0.162075	0.335906	-1.36799	-1.06518	0.24577	-1.3962	-0.144954	0.286159	-1.69859	-0.501711	0.355455	nan	nan	nan	-1.33152	-0.927618	0.237135	-1.51311	-1.41669	0.380946	-1.64457	-0.651032	0.404401	-1.60828	-0.386604	0.374673	-1.57937	-0.053422	0.335562
234	5.44683	-1.46155	-1.46658	0.172741	-1.6176	-1.38572	0.188892	-1.52651	-0.0824212	0.0912843	-1.38193	-1.07256	0.14632	-1.4633	-0.0462588	0.13944	-1.62686	-0.487842	0.0467246	-1.68194	-0.0347991	0.0866003	-1.34581	-0.935733	0.13629	-1.56746	-1.41116	-0.0188791	-1.61476	-0.689629	-0.0133402	-1.57971	-0.362389	0.0299746	-1.72576	-0.0354787	0.148855	-1.51218	-0.151955	0.337337	-1.37957	-1.06579	0.247272	-1.43648	-0.129418	0.287018	-1.71751	-0.505309	0.356221	nan	nan	nan	-1.34282	-0.928187	0.239207	-1.5242	-1.41712	0.38144	-1.66212	-0.655037	0.405375	-1.63291	-0.38458	0.375745	-1.6278	-0.0511316	0.339923
235	5.45681	-1.47275	-1.46702	0.17343	-1.62873	-1.38612	0.189691	-1.52689	-0.0828008	0.0912002	-1.39287	-1.07281	0.147951	-1.46349	-0.0466629	0.139382	-1.63123	-0.487433	0.0473122	-1.68202	-0.0348053	0.0865807	-1.35646	-0.935962	0.138362	-1.57873	-1.41198	-0.0180226	-1.62203	-0.689608	-0.0129584	-1.58312	-0.362316	0.0302102	-1.72588	-0.0357511	0.148289	-1.55127	-0.141838	0.338748	-1.3912	-1.06614	0.248871	-1.47786	-0.11437	0.287737	-1.73546	-0.508457	0.357211	nan	nan	nan	-1.35424	-0.928554	0.241154	-1.53537	-1.41739	0.381954	-1.6786	-0.658598	0.406336	-1.65722	-0.382158	0.376949	-1.67352	-0.0501984	0.344412
236	5.4668	-1.48393	-1.46721	0.174141	-1.63992	-1.38631	0.190474	-1.52737	-0.0831927	0.0909528	-1.40407	-1.0729	0.149396	-1.46365	-0.0470936	0.139242	-1.63558	-0.486615	0.0481358	-1.68208	-0.0348062	0.0865597	-1.36717	-0.936001	0.140408	-1.58993	-1.41263	-0.0172392	-1.62969	-0.689547	-0.0125814	-1.58639	-0.362184	0.0304073	-1.72603	-0.0355849	0.148427	-1.59104	-0.131985	0.340043	-1.40276	-1.06624	0.250667	-1.52015	-0.0999897	0.288439	-1.75242	-0.511089	0.358457	nan	nan	nan	-1.36594	-0.928879	0.242776	-1.54654	-1.41741	0.382578	-1.69397	-0.661487	0.407237	-1.68124	-0.379496	0.378328	-1.71718	-0.0499595	0.348865
237	5.47678	-1.49506	-1.46719	0.174862	-1.65107	-1.38627	0.191223	-1.52778	-0.0835802	0.0907385	-1.41556	-1.07281	0.150634	-1.46373	-0.0475585	0.139196	-1.64017	-0.485926	0.048506	-1.68208	-0.0348308	0.0865046	-1.37795	-0.935858	0.142456	-1.601	-1.41309	-0.0164732	-1.63711	-0.689343	-0.0122948	-1.58996	-0.361892	0.030615	-1.72615	-0.0352101	0.148994	-1.63184	-0.123118	0.34132	-1.41416	-1.06614	0.252696	-1.5637	-0.0868541	0.288987	-1.76843	-0.513166	0.359948	nan	nan	nan	-1.37746	-0.928898	0.2448	-1.55772	-1.41719	0.383253	-1.70813	-0.663673	0.408053	-1.7049	-0.376671	0.380002	-1.76138	-0.0495849	0.353134
238	5.48677	-1.50626	-1.46704	0.175513	-1.66222	-1.38601	0.191936	-1.52802	-0.0839163	0.0907597	-1.42662	-1.07241	0.152182	-1.46383	-0.0480959	0.139256	-1.64496	-0.485564	0.0480485	-1.68204	-0.034821	0.0865107	-1.38879	-0.935464	0.144646	-1.612	-1.41329	-0.0156977	-1.6449	-0.689034	-0.0117467	-1.59333	-0.361689	0.0307482	-1.7262	-0.0350332	0.149214	-1.67344	-0.116	0.34274	-1.42563	-1.06592	0.254515	-1.60914	-0.0751668	0.288764	-1.78353	-0.514664	0.361705	nan	nan	nan	-1.38902	-0.928515	0.247035	-1.56893	-1.41676	0.384056	-1.72135	-0.665271	0.408829	-1.72813	-0.373734	0.381818	-1.81397	-0.0482745	0.353521
239	5.49676	-1.51749	-1.46674	0.176108	-1.67321	-1.38551	0.192678	-1.52819	-0.0842749	0.0909552	-1.43736	-1.07178	0.154082	-1.46393	-0.0487001	0.139448	-1.6498	-0.485325	0.0472842	-1.68197	-0.0348157	0.0865134	-1.39974	-0.934798	0.14688	-1.62286	-1.41324	-0.014853	-1.65302	-0.688733	-0.0115368	-1.59664	-0.361565	0.0307791	-1.72619	-0.0349941	0.149212	-1.71554	-0.109976	0.343795	-1.43729	-1.06554	0.256233	-1.65205	-0.0655855	0.28906	-1.79788	-0.515677	0.363608	nan	nan	nan	-1.40072	-0.927856	0.249231	-1.58021	-1.41614	0.384886	-1.73374	-0.666072	0.409408	-1.75085	-0.370778	0.383568	-1.87992	-0.0494555	0.343228
240	5.50674	-1.52835	-1.46601	0.177268	-1.68396	-1.38474	0.193421	-1.52835	-0.0847047	0.0912429	-1.44806	-1.07093	0.156137	-1.46397	-0.0493289	0.139856	-1.65425	-0.484296	0.0482963	-1.6819	-0.0348475	0.086496	-1.41084	-0.933866	0.149172	-1.63349	-1.41296	-0.0138754	-1.66035	-0.688338	-0.0113438	-1.59948	-0.361428	0.0309991	-1.72621	-0.0350101	0.14915	-1.75878	-0.105158	0.344071	-1.44925	-1.06494	0.258014	-1.69386	-0.0575717	0.289801	-1.81155	-0.516181	0.365535	-1.88946	-0.0587012	0.358387	-1.41251	-0.92702	0.251556	-1.59156	-1.41537	0.385739	-1.74522	-0.666092	0.410287	-1.77299	-0.367997	0.385014	-1.93755	-0.0638586	0.323473
241	5.51673	-1.53902	-1.46505	0.178672	-1.69497	-1.38393	0.194244	-1.52854	-0.0851593	0.0916099	-1.45885	-1.06996	0.158229	-1.46402	-0.0500546	0.140345	-1.65899	-0.483636	0.0483344	-1.68179	-0.0348822	0.0865187	-1.42211	-0.932762	0.151424	-1.64406	-1.41251	-0.012928	-1.66765	-0.687909	-0.0110411	-1.59921	-0.3615	0.031733	-1.72625	-0.0349735	0.149177	nan	nan	nan	-1.46135	-1.06381	0.25987	-1.73591	-0.0510174	0.289818	-1.82482	-0.516116	0.367341	-1.92448	-0.0652642	0.360949	-1.42444	-0.925955	0.253928	-1.60289	-1.41444	0.386672	-1.75595	-0.665241	0.411489	-1.79445	-0.365345	0.386259	-1.98188	-0.0756253	0.31698
242	5.52672	-1.54968	-1.46393	0.180132	-1.70593	-1.38295	0.195172	-1.52878	-0.0856903	0.0919195	-1.46966	-1.06883	0.160462	-1.46416	-0.0509583	0.140783	-1.66407	-0.483357	0.0475336	-1.68166	-0.0348978	0.0865331	-1.43341	-0.931534	0.153733	-1.65456	-1.41182	-0.0119398	-1.67524	-0.687525	-0.0105833	-1.59762	-0.36188	0.0324962	-1.72629	-0.0349256	0.149222	nan	nan	nan	-1.47366	-1.06214	0.261727	-1.77739	-0.0460646	0.288993	-1.83789	-0.515423	0.369102	-1.9739	-0.0730186	0.352332	-1.43651	-0.924522	0.256281	-1.61412	-1.41329	0.387746	-1.76639	-0.663643	0.412567	-1.81536	-0.362787	0.387348	-2.02082	-0.0837768	0.319577
243	5.5367	-1.56058	-1.46266	0.181206	-1.71678	-1.38179	0.196112	-1.52909	-0.0863466	0.0921437	-1.48051	-1.06749	0.16292	-1.46431	-0.0519734	0.141214	-1.66926	-0.482667	0.0477847	-1.68154	-0.0349044	0.0865437	-1.44448	-0.930105	0.156433	-1.66493	-1.41096	-0.0108234	-1.68329	-0.687069	-0.00997335	-1.60615	-0.361737	0.0317393	-1.72634	-0.0349541	0.14914	-1.87863	-0.0950436	0.344208	-1.48566	-1.0606	0.263856	-1.81758	-0.0421716	0.288154	-1.8509	-0.514177	0.370878	-2.02115	-0.0849299	0.339255	-1.44875	-0.922831	0.258458	-1.62542	-1.41195	0.388898	-1.7767	-0.661467	0.413948	-1.83595	-0.360306	0.388272	-2.05811	-0.0917807	0.32307
244	5.54669	-1.57138	-1.46123	0.18246	-1.72763	-1.38057	0.197027	-1.52946	-0.0871081	0.0922501	-1.49137	-1.06601	0.165566	-1.46444	-0.0531298	0.141506	-1.67485	-0.481993	0.0475555	-1.68144	-0.0349146	0.0865159	-1.45617	-0.928501	0.158581	-1.67526	-1.40997	-0.00963901	-1.69118	-0.68646	-0.00922709	-1.61283	-0.361734	0.0315016	-1.72625	-0.0349561	0.149104	-1.91475	-0.0939463	0.344361	-1.49693	-1.05917	0.266631	-1.85782	-0.0391206	0.287795	-1.86384	-0.512559	0.372623	-2.05576	-0.0880534	0.347595	-1.4613	-0.920999	0.260573	-1.63678	-1.4105	0.390101	-1.7869	-0.659007	0.415685	-1.85632	-0.357831	0.389154	-2.09383	-0.100506	0.325067
245	5.55668	-1.58212	-1.45962	0.183906	-1.73841	-1.37923	0.198052	-1.52989	-0.0879668	0.0922871	-1.50215	-1.06444	0.168485	-1.46473	-0.0546527	0.141361	-1.68087	-0.48108	0.0477693	-1.68136	-0.0348878	0.0865183	-1.46745	-0.926791	0.16129	-1.68554	-1.40885	-0.00837356	-1.69838	-0.685725	-0.00909309	-1.6148	-0.361931	0.0320871	-1.72622	-0.0348552	0.149169	-1.94892	-0.0937661	0.344566	-1.50859	-1.05737	0.26938	-1.89855	-0.0366052	0.287361	-1.87647	-0.510565	0.374243	-2.08484	-0.100226	0.344889	-1.47395	-0.919057	0.262853	-1.64817	-1.40898	0.391383	-1.79714	-0.656553	0.417636	-1.87632	-0.355428	0.389955	-2.12861	-0.109951	0.326423
246	5.56666	-1.59279	-1.45786	0.185567	-1.74914	-1.37773	0.199182	-1.53043	-0.0889428	0.0923123	-1.51309	-1.06269	0.171517	-1.4651	-0.0564939	0.140974	-1.68734	-0.480092	0.0479348	-1.68129	-0.0348585	0.086509	-1.47859	-0.92495	0.16433	-1.69576	-1.40764	-0.00701502	-1.70694	-0.684856	-0.00912796	-1.61437	-0.36224	0.0332178	-1.72709	-0.0345621	0.149382	-1.98075	-0.0943901	0.345013	-1.52075	-1.05524	0.27203	-1.93494	-0.0353408	0.287302	-1.8887	-0.508343	0.375705	-2.10417	-0.11355	0.344125	-1.4863	-0.916961	0.265481	-1.65953	-1.40733	0.392767	-1.8077	-0.654258	0.419474	-1.89561	-0.353122	0.390595	-2.16156	-0.119499	0.327184
247	5.57665	-1.60336	-1.45601	0.187456	-1.75995	-1.37617	0.200423	-1.5312	-0.0901318	0.0921013	-1.52451	-1.06079	0.174222	-1.4654	-0.0583885	0.140875	-1.69427	-0.478909	0.0484213	-1.68124	-0.0348507	0.0864702	-1.4899	-0.923024	0.167393	-1.706	-1.40634	-0.00560437	-1.7155	-0.683999	-0.00881894	-1.62085	-0.361921	0.0330996	-1.72888	-0.0339797	0.149871	-2.01025	-0.0955157	0.345875	-1.53289	-1.05306	0.274984	-1.96751	-0.0347954	0.288105	-1.90054	-0.506013	0.376962	-2.12783	-0.121743	0.344904	-1.49834	-0.91476	0.268554	-1.67088	-1.40557	0.394239	-1.81895	-0.652189	0.420885	-1.91377	-0.351024	0.391194	-2.18322	-0.128095	0.331482
248	5.58663	-1.61388	-1.45406	0.189564	-1.77084	-1.37452	0.201741	-1.53219	-0.0915819	0.091677	-1.53592	-1.05872	0.177198	-1.46579	-0.0605469	0.140694	-1.70162	-0.47773	0.0485927	-1.68122	-0.034882	0.0863969	-1.50153	-0.920939	0.170342	-1.71625	-1.40495	-0.00412612	-1.72396	-0.683056	-0.00815651	-1.62496	-0.362231	0.0331357	-1.72854	-0.0337992	0.150438	-2.03779	-0.0968382	0.347049	-1.54507	-1.05079	0.278063	-1.9974	-0.034663	0.289444	-1.91214	-0.503657	0.378017	-2.15452	-0.127277	0.345935	-1.51068	-0.912377	0.271575	-1.68229	-1.40375	0.395769	-1.83106	-0.650146	0.421726	-1.93054	-0.349075	0.392223	nan	nan	nan
249	5.59662	-1.62468	-1.45199	0.191323	-1.7818	-1.37284	0.203088	-1.53319	-0.0932292	0.0914056	-1.54718	-1.05653	0.180383	-1.46632	-0.0630699	0.140452	-1.70923	-0.476178	0.0495233	-1.68117	-0.0349148	0.0863197	-1.51306	-0.918647	0.17358	-1.72643	-1.4034	-0.00255975	-1.733	-0.681735	-0.00751441	-1.63523	-0.36148	0.0320022	-1.72602	-0.0339661	0.151328	-2.06113	-0.0985599	0.348568	-1.55743	-1.0484	0.28107	-2.02439	-0.0348984	0.290906	-1.92382	-0.501183	0.378985	-2.17963	-0.131877	0.3468	-1.52336	-0.909908	0.274535	-1.69372	-1.40189	0.397419	-1.84361	-0.648055	0.422174	-1.9467	-0.347359	0.393512	nan	nan	nan
250	5.60661	-1.63548	-1.44995	0.193109	-1.7928	-1.37114	0.204514	-1.53429	-0.0950659	0.0912108	-1.55869	-1.05422	0.183515	-1.46706	-0.0659644	0.140164	-1.71715	-0.474613	0.0503927	-1.6811	-0.0349184	0.0862608	-1.52467	-0.916303	0.176874	-1.73658	-1.4018	-0.000907711	-1.74205	-0.680556	-0.00691814	-1.64417	-0.361032	0.0316758	-1.72486	-0.03405	0.151701	-2.08012	-0.100447	0.350162	-1.57001	-1.04595	0.283961	-2.04823	-0.034902	0.292337	-1.93583	-0.498651	0.379881	-2.20179	-0.136105	0.346138	-1.53636	-0.907383	0.277315	-1.70524	-1.39995	0.399165	-1.85625	-0.646013	0.422549	-1.96277	-0.345817	0.394614	-2.16854	-0.145871	0.377282
251	5.61659	-1.64623	-1.4479	0.195158	-1.80383	-1.36943	0.206041	-1.53557	-0.0972023	0.0909728	-1.57048	-1.05188	0.186573	-1.46789	-0.0692943	0.139973	-1.72561	-0.47347	0.0505637	-1.68103	-0.0349107	0.0861923	-1.53646	-0.913955	0.180157	-1.74676	-1.4002	0.00079709	-1.75114	-0.679379	-0.00630868	-1.65314	-0.363519	0.027136	-1.72481	-0.0340316	0.151687	-2.10122	-0.100842	0.350573	-1.58265	-1.04351	0.286864	-2.06732	-0.0349025	0.29358	-1.94827	-0.49659	0.380581	-2.22132	-0.139238	0.3444	-1.54951	-0.904903	0.279953	-1.71678	-1.39798	0.401006	-1.86899	-0.644105	0.423042	-1.97839	-0.34456	0.395832	nan	nan	nan
252	5.62658	-1.65695	-1.44581	0.197505	-1.81493	-1.36777	0.207611	-1.537	-0.0996232	0.0908041	-1.58235	-1.04957	0.189651	-1.4688	-0.0730182	0.13999	-1.73452	-0.472424	0.0502166	-1.68094	-0.0348849	0.0861726	-1.54837	-0.911601	0.183395	-1.75697	-1.39852	0.0025757	-1.76012	-0.678188	-0.00565925	-1.65957	-0.368235	0.0211937	-1.72491	-0.0340131	0.151611	-2.1139	-0.101593	0.351858	-1.59521	-1.04124	0.289917	-2.08229	-0.0343864	0.294484	-1.96137	-0.495165	0.381165	-2.23831	-0.140359	0.343007	-1.56187	-0.902647	0.283453	-1.72842	-1.39601	0.402898	-1.88192	-0.642197	0.42373	-1.99343	-0.343559	0.396938	nan	nan	nan
253	5.63657	-1.66776	-1.44376	0.199832	-1.82607	-1.36613	0.209272	-1.53866	-0.102371	0.0906809	-1.5941	-1.04734	0.192896	-1.47002	-0.0771595	0.139929	-1.74394	-0.471332	0.0493525	-1.68084	-0.034872	0.0861825	-1.56042	-0.909371	0.186597	-1.76724	-1.3968	0.0044245	-1.76938	-0.676952	-0.00477696	-1.65651	-0.366519	0.0292207	-1.72485	-0.0339983	0.15164	-2.12542	-0.100408	0.352949	-1.60796	-1.03904	0.29283	-2.09831	-0.0320778	0.295512	-1.97516	-0.49419	0.381719	-2.25203	-0.139555	0.341655	-1.57436	-0.90045	0.286925	-1.74013	-1.394	0.404882	-1.89504	-0.640354	0.424538	-2.00768	-0.342507	0.397767	-2.3119	-0.149377	0.32793
254	5.64655	-1.67862	-1.44176	0.202165	-1.83726	-1.36455	0.211021	-1.54059	-0.10549	0.0905329	-1.6057	-1.04521	0.196447	-1.4716	-0.0817544	0.139861	-1.75358	-0.469733	0.0497474	-1.68073	-0.0348597	0.0862217	-1.57261	-0.907232	0.189855	-1.77756	-1.39511	0.00642822	-1.78013	-0.675555	-0.00370469	-1.66216	-0.364062	0.0340253	-1.72458	-0.0339688	0.151893	-2.13611	-0.0979873	0.353582	-1.62091	-1.03693	0.29566	-2.11027	-0.0292129	0.296685	-1.98932	-0.493386	0.382199	-2.26109	-0.13653	0.340917	-1.5874	-0.898331	0.29002	-1.75179	-1.39198	0.407047	-1.90874	-0.638711	0.425277	-2.0211	-0.341098	0.398304	nan	nan	nan
255	5.65654	-1.68959	-1.43974	0.204515	-1.84846	-1.36297	0.212862	-1.54276	-0.108972	0.090537	-1.61789	-1.04316	0.199629	-1.47356	-0.0869083	0.139848	-1.76356	-0.467846	0.051424	-1.68057	-0.0348431	0.0862823	-1.58498	-0.905135	0.193129	-1.78794	-1.39349	0.00859563	-1.79054	-0.674079	-0.002732	-1.67661	-0.362573	0.033516	-1.72423	-0.0339225	0.152239	-2.14541	-0.0945813	0.353953	-1.63402	-1.03494	0.298468	-2.11716	-0.026537	0.298005	-2.00359	-0.492395	0.382494	-2.26952	-0.132074	0.33922	-1.6006	-0.896278	0.293063	-1.76354	-1.39001	0.409269	-1.92307	-0.637242	0.425899	-2.03366	-0.339374	0.398723	nan	nan	nan
256	5.66653	-1.70064	-1.43779	0.206914	-1.85967	-1.36139	0.214803	-1.54528	-0.112842	0.0905769	-1.63063	-1.04117	0.202415	-1.47579	-0.0925399	0.140307	-1.77407	-0.466214	0.0521148	-1.68036	-0.0348167	0.0863753	-1.59765	-0.903065	0.196407	-1.79826	-1.39183	0.0108193	-1.80135	-0.672577	-0.00139025	-1.68537	-0.363731	0.0332906	-1.72436	-0.033936	0.151894	-2.15507	-0.0899603	0.353507	-1.64726	-1.03306	0.301261	-2.12001	-0.0251398	0.298914	-2.01768	-0.491048	0.382712	-2.29294	-0.12731	0.33168	-1.61383	-0.894319	0.296295	-1.7754	-1.38811	0.41149	-1.93793	-0.635942	0.426579	-2.04523	-0.337375	0.399515	nan	nan	nan
257	5.67651	-1.71154	-1.43592	0.209466	-1.87092	-1.35985	0.216808	-1.54833	-0.117106	0.0906722	-1.64355	-1.03934	0.205096	-1.47858	-0.0987866	0.141133	-1.78527	-0.464834	0.0519548	-1.68016	-0.0348322	0.0864718	-1.61036	-0.901202	0.199677	-1.80859	-1.39023	0.0129982	-1.81197	-0.67098	-9.96187e-05	-1.68952	-0.366188	0.0347025	-1.72437	-0.0339649	0.15165	-2.16478	-0.0855135	0.352294	-1.66068	-1.03144	0.30397	-2.11989	-0.0257805	0.298364	-2.03106	-0.489334	0.38345	-2.33997	-0.120929	0.317847	-1.62719	-0.892685	0.299426	-1.78729	-1.38622	0.413781	-1.95275	-0.634966	0.427357	-2.05624	-0.334836	0.399619	nan	nan	nan
258	5.6865	-1.72189	-1.43407	0.212575	-1.88215	-1.35848	0.218833	-1.55238	-0.122011	0.0904204	-1.65644	-1.03793	0.207751	-1.48211	-0.10583	0.142113	-1.79681	-0.463023	0.0531659	-1.68002	-0.0348581	0.0866666	-1.62277	-0.899996	0.202806	-1.81889	-1.38875	0.0152421	-1.82311	-0.669239	0.00108506	-1.70261	-0.36559	0.0355379	-1.72422	-0.0339939	0.151666	-2.16691	-0.0846757	0.352665	-1.67394	-1.03041	0.306517	-2.11903	-0.028701	0.297295	-2.04356	-0.488063	0.384992	-2.36357	-0.109239	0.313452	-1.64002	-0.891794	0.302436	-1.79924	-1.38441	0.416135	-1.96672	-0.634678	0.428352	-2.06656	-0.332757	0.399052	nan	nan	nan
259	5.69649	-1.73248	-1.43274	0.215477	-1.89339	-1.35748	0.220821	-1.55688	-0.127506	0.0906803	-1.66955	-1.0371	0.20985	-1.48664	-0.113742	0.143006	-1.8094	-0.461528	0.0537536	-1.68009	-0.0349087	0.0869587	-1.63486	-0.89943	0.205779	-1.82913	-1.38753	0.0175524	-1.83478	-0.667543	0.00242899	-1.71622	-0.365172	0.0357172	-1.72413	-0.033986	0.151772	-2.17031	-0.0849336	0.353965	-1.68695	-1.03004	0.308683	-2.12294	-0.0305324	0.29891	-2.05637	-0.488855	0.386482	nan	nan	nan	-1.6519	-0.89171	0.305521	-1.81122	-1.38284	0.418559	-1.97949	-0.63545	0.429877	-2.07682	-0.332783	0.398648	nan	nan	nan
260	5.70647	-1.74345	-1.43206	0.218269	-1.90466	-1.35704	0.222755	-1.56237	-0.133554	0.0911141	-1.68209	-1.03641	0.211472	-1.49239	-0.122399	0.144051	-1.82286	-0.460636	0.0535029	-1.68045	-0.0350435	0.0873167	-1.64674	-0.898843	0.208545	-1.83927	-1.38664	0.0197239	-1.84701	-0.666178	0.00391409	-1.72735	-0.366465	0.0363073	-1.72411	-0.0339817	0.151896	-2.17525	-0.0845176	0.355404	-1.69922	-1.03001	0.310547	-2.12535	-0.0324141	0.300443	-2.07039	-0.491688	0.387603	nan	nan	nan	-1.66368	-0.891803	0.308373	-1.82314	-1.38162	0.42104	-1.99215	-0.636919	0.431857	-2.08819	-0.335268	0.399765	nan	nan	nan
261	5.71646	-1.75472	-1.43193	0.221068	-1.91595	-1.35707	0.224636	-1.56873	-0.139972	0.0917876	-1.69347	-1.03555	0.212858	-1.49933	-0.13156	0.145142	-1.83735	-0.460051	0.0532522	-1.68102	-0.0352143	0.0878655	-1.65876	-0.897785	0.210796	-1.84941	-1.38619	0.0217965	-1.85982	-0.665213	0.0055127	-1.73877	-0.368483	0.0373041	-1.72408	-0.0340159	0.152012	-2.17871	-0.0841199	0.356471	-1.71068	-1.03003	0.311857	-2.12512	-0.0343837	0.301022	-2.08518	-0.494788	0.388503	nan	nan	nan	-1.67554	-0.891656	0.310826	-1.83512	-1.38086	0.423436	-2.00569	-0.638815	0.434034	-2.10055	-0.33844	0.402375	nan	nan	nan
262	5.72644	-1.76608	-1.43202	0.223588	-1.92721	-1.35739	0.2265	-1.57617	-0.146717	0.0923711	-1.70433	-1.03464	0.213543	-1.50742	-0.141166	0.146331	-1.85355	-0.459245	0.0541535	-1.68191	-0.0354389	0.088589	-1.6709	-0.896554	0.212464	-1.85958	-1.38607	0.0239795	-1.87327	-0.664383	0.00701737	-1.75148	-0.370919	0.0382157	-1.7242	-0.0340229	0.152072	-2.18105	-0.083969	0.356999	-1.72152	-1.0302	0.312513	-2.12814	-0.0353155	0.302196	-2.09932	-0.496574	0.389568	nan	nan	nan	-1.6873	-0.891421	0.312662	-1.84712	-1.38052	0.425702	-2.01988	-0.641141	0.436451	-2.11261	-0.340598	0.405439	nan	nan	nan
263	5.73643	-1.77722	-1.43218	0.226023	-1.93838	-1.35785	0.228326	-1.58462	-0.153709	0.0927673	-1.71524	-1.03399	0.213611	-1.51657	-0.151231	0.147445	-1.87117	-0.458378	0.0557289	-1.68325	-0.0358156	0.0893076	-1.68284	-0.895683	0.213658	-1.87004	-1.38648	0.0260112	-1.88732	-0.663442	0.00845227	-1.76513	-0.373802	0.0389278	-1.72473	-0.0338609	0.152094	-2.1843	-0.0830632	0.357256	-1.7321	-1.03065	0.312664	-2.12976	-0.0364161	0.302696	-2.11175	-0.496793	0.391132	nan	nan	nan	-1.69877	-0.89157	0.31392	-1.85902	-1.38051	0.42787	-2.03351	-0.643372	0.438975	-2.12337	-0.341175	0.407687	-2.39503	-0.053506	0.320236
264	5.74642	-1.78782	-1.43231	0.228825	-1.94939	-1.35839	0.230182	-1.59401	-0.161212	0.0930806	-1.7262	-1.03386	0.213391	-1.52645	-0.162034	0.148417	-1.88664	-0.458486	0.0559335	-1.68503	-0.0363932	0.0896054	-1.69435	-0.895433	0.214579	-1.88047	-1.38722	0.0281244	-1.90133	-0.662451	0.010079	-1.77972	-0.377148	0.0389986	-1.72586	-0.033397	0.152164	-2.18704	-0.0825735	0.35687	-1.74256	-1.03143	0.312611	-2.12888	-0.0377022	0.302265	-2.12231	-0.496223	0.392884	nan	nan	nan	-1.70978	-0.89223	0.314951	-1.8707	-1.38079	0.430002	-2.04543	-0.644749	0.441342	-2.13244	-0.340559	0.408956	-2.39813	-0.0480719	0.319169
265	5.7564	-1.79831	-1.43261	0.231273	-1.96022	-1.35913	0.232066	-1.60402	-0.169422	0.0936513	-1.73704	-1.03419	0.213264	-1.53719	-0.17382	0.149161	-1.90562	-0.45768	0.057501	-1.68698	-0.037041	0.0894366	-1.70536	-0.895675	0.215407	-1.89071	-1.38816	0.0302778	-1.91539	-0.661451	0.0118491	-1.79474	-0.379851	0.040172	-1.72747	-0.0326557	0.152321	-2.18815	-0.0825436	0.356286	-1.75297	-1.03252	0.312573	-2.13085	-0.037517	0.302764	-2.13179	-0.495951	0.394227	nan	nan	nan	-1.72017	-0.893214	0.316158	-1.8822	-1.3813	0.432048	-2.05553	-0.64527	0.443419	-2.14016	-0.339894	0.409508	-2.39994	-0.045518	0.317454
266	5.76639	-1.80867	-1.43319	0.233675	-1.97088	-1.3601	0.233892	-1.61509	-0.178349	0.0943478	-1.74761	-1.03478	0.21331	-1.54926	-0.186243	0.149975	-1.92335	-0.457464	0.0583645	-1.68895	-0.0376282	0.0889495	-1.71596	-0.89627	0.21627	-1.90065	-1.38935	0.0323463	-1.92906	-0.660535	0.0139313	-1.80931	-0.380357	0.0450172	-1.72931	-0.0315555	0.152561	-2.18851	-0.0826528	0.355778	-1.76315	-1.03381	0.312642	-2.13235	-0.0372879	0.303167	-2.14103	-0.496402	0.395125	nan	nan	nan	-1.73067	-0.894496	0.317051	-1.89351	-1.38197	0.434054	-2.06463	-0.645353	0.444974	-2.14655	-0.339984	0.4096	-2.40152	-0.0439729	0.315821
267	5.77638	-1.81892	-1.43402	0.236079	-1.98132	-1.36129	0.235668	-1.62767	-0.187393	0.0951468	-1.75777	-1.03549	0.21349	-1.56295	-0.198579	0.150952	-1.93845	-0.458481	0.0576151	-1.691	-0.0380968	0.088545	-1.72618	-0.89707	0.217262	-1.9104	-1.39066	0.0343685	-1.9425	-0.659901	0.0162154	-1.82442	-0.379883	0.0510175	-1.73182	-0.0304747	0.152591	-2.18877	-0.0827913	0.355418	-1.77295	-1.03513	0.312956	-2.13287	-0.0374423	0.303302	-2.15001	-0.497223	0.395817	nan	nan	nan	-1.74071	-0.895877	0.318084	-1.90462	-1.38283	0.436033	-2.07332	-0.645384	0.446306	-2.15184	-0.340758	0.409443	-2.40281	-0.0424781	0.315001
268	5.78636	-1.82899	-1.43511	0.238562	-1.99157	-1.36268	0.237324	-1.64165	-0.196095	0.0959206	-1.76749	-1.0363	0.213854	-1.5777	-0.210362	0.152208	-1.9557	-0.459222	0.0578607	-1.69396	-0.0396981	0.0889512	-1.73589	-0.897921	0.218407	-1.92	-1.39204	0.0363002	-1.95694	-0.659561	0.0179951	-1.84407	-0.386244	0.0462917	-1.73529	-0.0285715	0.152538	-2.189	-0.0828722	0.35516	-1.78244	-1.03658	0.313386	-2.13304	-0.0376839	0.303283	-2.15809	-0.497924	0.39645	nan	nan	nan	-1.75022	-0.897327	0.319321	-1.91546	-1.3838	0.438075	-2.08159	-0.645608	0.447482	-2.1564	-0.341676	0.409393	-2.40386	-0.0410335	0.314558
269	5.79635	-1.83899	-1.43641	0.240773	-2.00161	-1.36423	0.238798	-1.65659	-0.203915	0.0973874	-1.7768	-1.03718	0.214369	-1.59321	-0.221306	0.15372	-1.97474	-0.459991	0.0588969	-1.69927	-0.0433392	0.0900162	-1.74505	-0.898765	0.21989	-1.92949	-1.39352	0.0381186	-1.97135	-0.659494	0.0197601	-1.8619	-0.393864	0.0437076	-1.74024	-0.025866	0.152351	-2.1891	-0.0830092	0.354835	-1.79177	-1.03808	0.313923	-2.13317	-0.0378282	0.303176	-2.16503	-0.49835	0.397176	-2.3125	-0.0518949	0.361976	-1.75945	-0.898869	0.320752	-1.92614	-1.38493	0.440026	-2.08963	-0.646181	0.448735	-2.16049	-0.342363	0.409536	-2.40478	-0.0399838	0.3141
270	5.80634	-1.84876	-1.43785	0.242858	-2.0114	-1.36584	0.24014	-1.67204	-0.211206	0.0991837	-1.7857	-1.03819	0.215371	-1.60958	-0.231134	0.155348	-1.99413	-0.461287	0.0598909	-1.70811	-0.0488573	0.0909046	-1.75372	-0.899742	0.221892	-1.93876	-1.39515	0.0397615	-1.98554	-0.659801	0.0216	-1.87803	-0.400197	0.04524	-1.74907	-0.0275849	0.151038	-2.18938	-0.0830203	0.354565	-1.80084	-1.03964	0.3148	-2.13331	-0.0379039	0.303057	-2.17108	-0.498382	0.397897	-2.31177	-0.0505558	0.362984	-1.76845	-0.900492	0.322426	-1.93685	-1.38623	0.441618	-2.09756	-0.647197	0.450111	-2.16411	-0.342489	0.409756	-2.40569	-0.0391624	0.313674
271	5.81632	-1.85844	-1.43942	0.244555	-2.02091	-1.36745	0.241354	-1.68801	-0.218165	0.100861	-1.79437	-1.03943	0.216684	-1.62638	-0.239414	0.157634	-2.01309	-0.463061	0.0606639	-1.72042	-0.0545014	0.0923145	-1.76239	-0.900989	0.223914	-1.94777	-1.39689	0.0412434	-1.9997	-0.660703	0.0233843	-1.90139	-0.399628	0.0454931	nan	nan	nan	-2.18985	-0.0829211	0.354385	-1.80964	-1.04138	0.316029	-2.13352	-0.0380875	0.302957	-2.17656	-0.498235	0.398576	-2.31218	-0.050452	0.363011	-1.7772	-0.902276	0.32434	-1.94747	-1.38768	0.443017	-2.10537	-0.648429	0.451325	-2.16718	-0.342073	0.410091	-2.40625	-0.038457	0.313414
272	5.82631	-1.86787	-1.44119	0.246259	-2.03021	-1.3691	0.242421	-1.7047	-0.224614	0.102614	-1.80285	-1.04097	0.218173	-1.64332	-0.245882	0.160472	-2.03149	-0.465328	0.0616792	-1.73576	-0.0602999	0.0931293	-1.77107	-0.902524	0.225774	-1.95645	-1.39869	0.0426246	-2.01374	-0.662259	0.0249026	-1.92255	-0.399648	0.0461176	nan	nan	nan	-2.19063	-0.0827303	0.354175	-1.81805	-1.04328	0.317678	-2.1337	-0.038215	0.302932	-2.18164	-0.498144	0.399243	nan	nan	nan	-1.78581	-0.904185	0.326422	-1.95789	-1.38923	0.444375	-2.11302	-0.649702	0.452333	-2.17002	-0.341656	0.410486	-2.40671	-0.0379063	0.313252
273	5.83629	-1.87703	-1.44302	0.247958	-2.0393	-1.37079	0.243333	-1.72165	-0.230077	0.105093	-1.81117	-1.04271	0.219831	-1.66048	-0.250489	0.163667	-2.04929	-0.468196	0.0624618	-1.75394	-0.0668075	0.0921253	-1.77947	-0.904239	0.22782	-1.96482	-1.40052	0.0439312	-2.02667	-0.664087	0.0263526	-1.93888	-0.403372	0.0472074	nan	nan	nan	-2.19093	-0.0827184	0.353988	-1.82631	-1.04519	0.319527	-2.13212	-0.0386149	0.302932	-2.18635	-0.498075	0.399886	nan	nan	nan	-1.79424	-0.906101	0.328645	-1.96806	-1.39085	0.445618	-2.12051	-0.650917	0.453341	-2.17301	-0.341565	0.41083	-2.40724	-0.0374792	0.313067
274	5.84628	-1.88597	-1.44493	0.249635	-2.04815	-1.37248	0.244134	-1.73897	-0.234539	0.107956	-1.81933	-1.0445	0.221636	-1.67795	-0.253445	0.167172	-2.06641	-0.471621	0.0630269	-1.77409	-0.07309	0.0903121	-1.78761	-0.906087	0.229907	-1.97287	-1.40247	0.0451195	-2.03924	-0.666449	0.0275483	-1.95421	-0.411102	0.0477671	-1.82057	-0.0975214	0.133058	-2.19115	-0.0826383	0.353674	-1.83475	-1.04711	0.321198	-2.12805	-0.039551	0.302693	-2.19076	-0.498	0.40043	nan	nan	nan	-1.80258	-0.908092	0.330675	-1.97801	-1.39258	0.44669	-2.1279	-0.652188	0.454299	-2.17606	-0.341673	0.411246	-2.40753	-0.0372955	0.312928
275	5.85627	-1.8948	-1.44699	0.251121	-2.05673	-1.37418	0.244851	-1.75674	-0.237711	0.110529	-1.82736	-1.04643	0.223432	-1.69568	-0.254975	0.170427	-2.08278	-0.475363	0.0636779	-1.79488	-0.0773113	0.0904316	-1.7956	-0.908017	0.231792	-1.98065	-1.40455	0.0461732	-2.05123	-0.669051	0.0285499	-1.9737	-0.413842	0.0488511	nan	nan	nan	-2.19304	-0.0821765	0.353043	-1.84334	-1.04902	0.322512	-2.12663	-0.0404207	0.301854	-2.19499	-0.497924	0.400733	-2.31315	-0.0500188	0.363653	-1.81071	-0.910137	0.332532	-1.98777	-1.39439	0.447682	-2.13498	-0.653454	0.455056	-2.17892	-0.341755	0.411642	-2.40759	-0.0371771	0.312743
276	5.86625	-1.90333	-1.44909	0.252692	-2.06509	-1.37593	0.245473	-1.77502	-0.239509	0.112736	-1.83521	-1.04841	0.225121	-1.71368	-0.255246	0.173163	-2.09846	-0.479235	0.0643828	-1.81601	-0.0799167	0.0918193	-1.80346	-0.910059	0.233461	-1.98824	-1.40664	0.0471505	-2.06246	-0.671663	0.0293006	-1.98799	-0.415695	0.0539839	nan	nan	nan	-2.197	-0.08192	0.352073	-1.85164	-1.05093	0.323908	-2.12685	-0.0403648	0.301632	-2.19906	-0.497769	0.400847	nan	nan	nan	-1.81862	-0.912116	0.334284	-1.9973	-1.39626	0.44868	-2.14165	-0.654664	0.455724	-2.18173	-0.341594	0.411625	-2.40772	-0.0370487	0.312508
277	5.87624	-1.91168	-1.45117	0.25407	-2.07324	-1.37774	0.246023	-1.79367	-0.240011	0.11463	-1.8428	-1.05042	0.226798	-1.73189	-0.254366	0.175327	-2.11363	-0.4832	0.0649636	-1.83764	-0.0813655	0.0938215	-1.81109	-0.912105	0.234946	-1.99572	-1.40867	0.0481226	-2.07355	-0.674419	0.0297079	-2.00606	-0.412728	0.0605974	-1.87839	-0.0597393	0.114558	-2.19651	-0.0823899	0.351764	-1.85889	-1.05276	0.326015	-2.12741	-0.0404323	0.301218	-2.20297	-0.497614	0.400994	-2.3135	-0.0497887	0.363382	-1.82631	-0.914078	0.335757	-2.00653	-1.39817	0.44957	-2.14778	-0.655774	0.456457	-2.18454	-0.341312	0.411261	-2.40776	-0.0370409	0.312269
278	5.88623	-1.91979	-1.45319	0.255346	-2.08122	-1.37958	0.246531	-1.81235	-0.23948	0.116007	-1.85009	-1.05237	0.228433	-1.75021	-0.252298	0.176858	-2.1283	-0.487079	0.0653737	-1.86129	-0.0840093	0.0923427	-1.81857	-0.914128	0.236142	-2.00288	-1.41067	0.049096	-2.08426	-0.677229	0.0301353	-2.02267	-0.418869	0.0581879	nan	nan	nan	-2.20027	-0.0818996	0.350767	-1.86615	-1.05465	0.327704	-2.12724	-0.0403848	0.301487	-2.20669	-0.497533	0.401203	-2.31347	-0.0493238	0.363309	-1.83388	-0.916057	0.336875	-2.01543	-1.4001	0.45036	-2.15388	-0.65682	0.456984	-2.18711	-0.34116	0.411085	-2.40762	-0.037111	0.312068
279	5.89621	-1.9276	-1.4552	0.256712	-2.089	-1.38138	0.24706	-1.83087	-0.237884	0.11724	-1.85768	-1.05437	0.22948	-1.76855	-0.249053	0.177929	-2.14237	-0.490866	0.0657939	-1.88543	-0.0852261	0.0920037	-1.82595	-0.916168	0.237052	-2.00987	-1.41261	0.0499873	-2.0944	-0.679967	0.0306217	-2.03227	-0.428572	0.0583777	nan	nan	nan	-2.20293	-0.0814822	0.350069	-1.87363	-1.05656	0.328753	-2.12716	-0.0405395	0.301463	-2.21017	-0.497489	0.40148	-2.31334	-0.0485647	0.364264	-1.84126	-0.918002	0.337767	-2.02407	-1.40204	0.451115	-2.16003	-0.657912	0.457421	-2.18945	-0.341104	0.411065	-2.40742	-0.03713	0.311895
280	5.9062	-1.93524	-1.45711	0.257938	-2.09656	-1.38311	0.247654	-1.84956	-0.235155	0.118259	-1.86528	-1.05633	0.230168	-1.78674	-0.244473	0.178856	-2.15576	-0.49463	0.0658884	-1.90971	-0.0849632	0.0930811	-1.83317	-0.918154	0.237799	-2.01673	-1.41447	0.050837	-2.10429	-0.682752	0.0307772	-2.04664	-0.431873	0.0597119	nan	nan	nan	-2.20367	-0.0813	0.349768	-1.88094	-1.05838	0.329624	-2.1273	-0.040718	0.301269	-2.21334	-0.497469	0.401737	-2.31348	-0.0483083	0.364477	-1.84847	-0.919806	0.338458	-2.03243	-1.40398	0.451879	-2.16611	-0.659035	0.457788	-2.19157	-0.3411	0.411086	nan	nan	nan
281	5.91619	-1.9427	-1.45886	0.259139	-2.10398	-1.38481	0.248279	-1.86842	-0.231685	0.118633	-1.87261	-1.05821	0.230737	-1.80498	-0.238735	0.179534	-2.16831	-0.498199	0.0663633	-1.93426	-0.0837508	0.0943803	-1.84027	-0.920026	0.238357	-2.02361	-1.41625	0.0515993	-2.11396	-0.685642	0.0307338	-2.067	-0.42959	0.0593782	nan	nan	nan	nan	nan	nan	-1.88803	-1.06011	0.330316	-2.12751	-0.0408707	0.301044	-2.21619	-0.497399	0.401961	-2.31512	-0.0521891	0.357053	-1.85544	-0.921538	0.339057	-2.04046	-1.40584	0.452647	-2.17206	-0.660148	0.458061	-2.19342	-0.34109	0.411165	-2.40732	-0.0376122	0.311609
282	5.92617	-1.95008	-1.46056	0.260058	-2.11121	-1.38647	0.2489	-1.887	-0.227344	0.119251	-1.8797	-1.05999	0.231199	-1.82336	-0.232086	0.180167	-2.18008	-0.501539	0.0672984	nan	nan	nan	-1.84727	-0.921786	0.238781	-2.03039	-1.41788	0.0523531	-2.12336	-0.688592	0.030603	-2.08398	-0.429404	0.0591055	nan	nan	nan	nan	nan	nan	-1.89489	-1.06179	0.330891	-2.12762	-0.0411157	0.301049	-2.2188	-0.497347	0.402287	-2.31875	-0.0625596	0.338869	-1.86225	-0.923224	0.33942	-2.04826	-1.40767	0.453407	-2.17738	-0.661061	0.458293	-2.19503	-0.341133	0.411295	-2.40746	-0.0383398	0.31156
283	5.93616	-1.95741	-1.46213	0.260639	-2.11829	-1.38804	0.249487	-1.90547	-0.222176	0.119932	-1.88667	-1.06166	0.231525	-1.84195	-0.224618	0.18075	-2.19159	-0.505207	0.0664154	nan	nan	nan	-1.85415	-0.923494	0.239056	-2.0369	-1.41943	0.0530542	-2.13222	-0.691437	0.0303435	-2.09595	-0.431281	0.0592371	nan	nan	nan	nan	nan	nan	-1.90169	-1.06341	0.331261	-2.12731	-0.0414979	0.301303	-2.22128	-0.497322	0.402646	-2.31991	-0.0677021	0.332821	-1.86893	-0.924885	0.33972	-2.05588	-1.40948	0.454097	-2.1823	-0.661778	0.458553	-2.19635	-0.341143	0.411413	-2.40745	-0.038631	0.311513
284	5.94614	-1.96457	-1.46358	0.261298	-2.12521	-1.38953	0.250038	-1.92393	-0.216682	0.120044	-1.89354	-1.06323	0.231875	-1.86059	-0.216442	0.181335	-2.20237	-0.508619	0.0654841	-2.00809	-0.077145	0.0973282	-1.86089	-0.925136	0.239254	-2.04334	-1.42083	0.0537645	-2.14123	-0.694272	0.0300981	-2.10308	-0.434389	0.0606039	nan	nan	nan	nan	nan	nan	-1.90817	-1.06502	0.331789	-2.12703	-0.0414053	0.300971	-2.22374	-0.497215	0.403071	-2.31821	-0.0645991	0.341309	-1.87544	-0.926506	0.339943	-2.06322	-1.41116	0.454764	-2.18728	-0.66252	0.458807	-2.19762	-0.341066	0.411504	-2.40734	-0.0385435	0.311429
285	5.95613	-1.9714	-1.46496	0.262258	-2.13201	-1.39094	0.250534	-1.94223	-0.210773	0.120051	-1.90029	-1.0648	0.232183	-1.87928	-0.207631	0.181843	-2.21228	-0.511604	0.0649773	-2.03162	-0.074696	0.0974489	-1.8675	-0.926765	0.239297	-2.04978	-1.42215	0.0543966	-2.14942	-0.696798	0.0296528	-2.10788	-0.438259	0.0624729	nan	nan	nan	nan	nan	nan	-1.91465	-1.06651	0.33217	-2.12977	-0.039264	0.298581	-2.22621	-0.497064	0.403372	-2.31726	-0.0477218	0.35149	-1.88177	-0.928063	0.340127	-2.07033	-1.41273	0.455415	-2.19197	-0.663154	0.459079	-2.19911	-0.340955	0.41157	-2.40715	-0.0384526	0.311318
286	5.96612	-1.97802	-1.46627	0.26319	-2.13871	-1.39225	0.251005	-1.9605	-0.204568	0.11972	-1.90699	-1.06635	0.232357	-1.89807	-0.198343	0.18211	-2.22145	-0.514195	0.0646776	-2.05538	-0.072785	0.0962943	-1.87399	-0.928308	0.239254	-2.05619	-1.42339	0.0549214	-2.15733	-0.699304	0.0291627	-2.11913	-0.437867	0.060606	nan	nan	nan	nan	nan	nan	-1.92108	-1.06783	0.332409	-2.1402	-0.0372182	0.296557	-2.2286	-0.496893	0.403561	nan	nan	nan	-1.88803	-0.929477	0.340235	-2.07722	-1.41422	0.45601	-2.19516	-0.66314	0.459569	-2.20087	-0.340854	0.411593	-2.40709	-0.0384104	0.31121
287	5.9761	-1.98472	-1.46755	0.263694	-2.1453	-1.39349	0.251436	-1.9789	-0.197882	0.119203	-1.91356	-1.0678	0.232509	-1.91677	-0.188703	0.182232	-2.22986	-0.516343	0.0642318	-2.0773	-0.0719265	0.0929695	-1.88039	-0.92984	0.23915	-2.06233	-1.42455	0.0553503	-2.16494	-0.701625	0.0288224	-2.13375	-0.434556	0.0561251	nan	nan	nan	nan	nan	nan	-1.92732	-1.06916	0.332721	-2.1565	-0.0474096	0.308196	-2.23088	-0.496796	0.403761	nan	nan	nan	-1.89421	-0.930841	0.340126	-2.08393	-1.41563	0.456546	-2.19812	-0.663069	0.460048	-2.20269	-0.340808	0.411588	-2.40699	-0.0384083	0.311141
288	5.98609	-1.99136	-1.46879	0.264119	-2.15179	-1.39466	0.251823	-1.9985	-0.190612	0.11804	-1.91998	-1.0692	0.232662	-1.93519	-0.178687	0.182448	-2.23724	-0.517804	0.0642171	nan	nan	nan	-1.8867	-0.931266	0.238987	-2.06842	-1.42561	0.0557626	-2.17222	-0.703554	0.0283118	-2.14214	-0.431871	0.0570096	nan	nan	nan	nan	nan	nan	-1.9335	-1.07041	0.332887	-2.18512	-0.0751049	0.339546	-2.23307	-0.496694	0.403875	-2.35202	0.0428768	0.245413	-1.90029	-0.93208	0.339897	-2.09051	-1.41693	0.457022	-2.2024	-0.663751	0.460189	-2.20422	-0.340737	0.411643	-2.40683	-0.0383192	0.311079
289	5.99608	-1.9979	-1.46998	0.264421	-2.15816	-1.39572	0.252163	-2.01807	-0.183046	0.116763	-1.92624	-1.0705	0.23273	-1.95352	-0.168674	0.181922	-2.24371	-0.518508	0.0654742	-2.13115	-0.066694	0.0910454	-1.89286	-0.932504	0.238732	-2.07453	-1.42663	0.0561337	-2.17923	-0.705015	0.0278231	-2.15577	-0.42723	0.0557618	nan	nan	nan	nan	nan	nan	-1.93947	-1.07149	0.333018	-2.19735	-0.0873184	0.353449	-2.23522	-0.496541	0.40401	nan	nan	nan	-1.90618	-0.933129	0.339676	-2.09693	-1.41816	0.457466	-2.20606	-0.664216	0.460413	-2.20551	-0.340721	0.411681	nan	nan	nan
290	6.00606	-2.00404	-1.4711	0.265293	-2.16443	-1.39669	0.252468	-2.03266	-0.17671	0.11488	-1.93237	-1.07168	0.232725	-1.97163	-0.158837	0.180452	-2.25074	-0.520883	0.0626914	-2.20397	-0.0432904	0.117766	-1.89894	-0.933653	0.238328	-2.08065	-1.42762	0.0564109	-2.18606	-0.706799	0.0275015	-2.16858	-0.423849	0.0536258	nan	nan	nan	nan	nan	nan	-1.94514	-1.07249	0.333343	-2.19499	-0.0837814	0.350176	-2.2375	-0.496332	0.40448	nan	nan	nan	-1.91206	-0.934132	0.339333	-2.10322	-1.41928	0.457888	-2.20839	-0.663744	0.460752	-2.20672	-0.340734	0.411668	-2.40665	-0.0381262	0.310857
