PathFileType	4	(X/Y/Z)	/tmp/tmp1bkg817b/P49/MarkerData/DB4_P49_T07_l_comf_relabeled_segment_1.trc
DataRate	CameraRate	NumFrames	NumMarkers	Units	OrigDataRate	OrigDataStartFrame	OrigNumFrames
100.117	100.117	629	14	m	100.117	0	629
Frame#	Time	CLAV			LANK			LHEE			LKNE			LMT5			LSHO			LTHI			LTIB			LTOE			RKNE			RSHO			RTHI			RTIB			RTOE		
		X1	Y1	Z1	X2	Y2	Z2	X3	Y3	Z3	X4	Y4	Z4	X5	Y5	Z5	X6	Y6	Z6	X7	Y7	Z7	X8	Y8	Z8	X9	Y9	Z9	X10	Y10	Z10	X11	Y11	Z11	X12	Y12	Z12	X13	Y13	Z13	X14	Y14	Z14

1	2.26	2.57847	-1.32884	0.226227	2.55979	-0.0413084	0.206663	2.61272	-0.0137895	0.268097	2.56368	-0.451228	0.149335	2.38305	-0.0104437	0.182239	2.6867	-1.36651	0.0404625	2.57635	-0.615292	0.0825475	2.56576	-0.290889	0.144547	2.34403	-0.0211949	0.237249	2.70042	-0.433536	0.435256	2.66655	-1.35956	0.448918	2.68396	-0.574531	0.482472	2.79439	-0.347882	0.45028	2.92844	-0.00867622	0.349039
2	2.26999	2.56751	-1.33102	0.225966	2.55993	-0.0414325	0.206498	2.61286	-0.0137722	0.268002	2.55816	-0.451624	0.148129	2.38227	-0.00919986	0.18209	2.67345	-1.36883	0.0390272	2.57202	-0.608642	0.0815505	2.56805	-0.27325	0.14775	2.34379	-0.0203846	0.237047	2.6767	-0.435709	0.435997	nan	nan	nan	nan	nan	nan	2.79972	-0.356811	0.447815	2.90816	-0.0153746	0.348321
3	2.27998	2.55658	-1.33321	0.225745	2.56021	-0.0415714	0.206322	2.61304	-0.0138078	0.267876	2.55363	-0.451799	0.146892	2.38161	-0.00792042	0.18175	2.66075	-1.37116	0.0377514	2.56812	-0.601487	0.080177	2.56725	-0.269762	0.147965	2.34363	-0.0197074	0.236765	2.65342	-0.438451	0.436714	nan	nan	nan	2.65826	-0.621538	0.472755	2.78083	-0.359179	0.448926	2.88517	-0.0203582	0.349985
4	2.28996	2.54579	-1.3354	0.22548	2.56054	-0.0416834	0.206099	2.61322	-0.0138561	0.267749	2.55029	-0.451921	0.145513	2.38136	-0.00687516	0.181093	2.64786	-1.37338	0.0365401	2.55709	-0.610871	0.0785074	2.56594	-0.27079	0.147173	2.34347	-0.019091	0.236339	2.62956	-0.442122	0.437519	2.63864	-1.36552	0.446048	2.64719	-0.603367	0.472436	nan	nan	nan	2.86051	-0.0241973	0.352794
5	2.29995	2.53518	-1.33761	0.225059	2.56087	-0.041766	0.205808	2.61338	-0.0138931	0.267622	2.54787	-0.452116	0.144162	2.38147	-0.00628488	0.180425	2.63484	-1.37554	0.0353131	2.54773	-0.618132	0.0768336	2.5652	-0.27144	0.146345	2.34329	-0.0184801	0.235858	2.60598	-0.446367	0.437952	2.62966	-1.36798	0.445133	2.6374	-0.593995	0.467445	nan	nan	nan	2.83396	-0.0269758	0.356335
6	2.30994	2.52468	-1.33986	0.224674	2.56113	-0.0418156	0.205535	2.61355	-0.0139507	0.267487	2.54595	-0.452382	0.142976	2.3817	-0.00607285	0.179951	2.62187	-1.37765	0.0340926	2.54184	-0.619187	0.0753741	2.56468	-0.271485	0.14557	2.34317	-0.0179877	0.235443	2.5824	-0.451165	0.438541	nan	nan	nan	2.62308	-0.596402	0.464146	2.71043	-0.357308	0.455207	2.80499	-0.0285303	0.360874
7	2.31993	2.51419	-1.3421	0.224474	2.56135	-0.0418957	0.205277	2.61367	-0.0140095	0.267387	2.54427	-0.452684	0.141933	2.38192	-0.00599797	0.179642	2.60896	-1.37975	0.0330496	2.54019	-0.612961	0.0743864	2.56402	-0.271578	0.144857	2.34316	-0.0177078	0.235093	2.56008	-0.455812	0.439009	2.61364	-1.37281	0.442846	2.60449	-0.611805	0.463662	2.70193	-0.37346	0.451381	2.77386	-0.0290855	0.365964
8	2.32992	2.50372	-1.34429	0.224389	2.56157	-0.0419982	0.205008	2.6138	-0.0140803	0.267279	2.54267	-0.453018	0.140933	2.38214	-0.00594965	0.179414	2.59618	-1.38182	0.0321325	2.54242	-0.600607	0.0736808	2.5634	-0.271873	0.144247	2.34321	-0.0175854	0.234803	2.53815	-0.460344	0.439249	2.60609	-1.3747	0.441533	2.58363	-0.642501	0.464335	2.67612	-0.380574	0.449575	2.74171	-0.0292186	0.370281
9	2.33991	2.49332	-1.34648	0.224212	2.56178	-0.0420829	0.204752	2.61394	-0.0141297	0.267176	2.54098	-0.453378	0.139946	2.38232	-0.00590117	0.179305	2.58348	-1.38376	0.0312959	2.53745	-0.600921	0.0730007	2.56309	-0.272026	0.143795	2.34337	-0.0176569	0.234526	2.51607	-0.465334	0.439255	2.59808	-1.37644	0.440505	2.56721	-0.656528	0.463721	2.66649	-0.384138	0.447194	2.70833	-0.0288474	0.373593
10	2.34989	2.48299	-1.34862	0.223891	2.56198	-0.0421394	0.204565	2.61413	-0.0141735	0.267072	2.53912	-0.453763	0.138966	2.38269	-0.00596825	0.179154	2.57094	-1.3856	0.0304741	2.52837	-0.608429	0.0723784	2.56302	-0.271787	0.143487	2.34363	-0.0178963	0.234347	2.4953	-0.470216	0.438808	2.58916	-1.37847	0.439853	2.55197	-0.649308	0.462725	2.64166	-0.384203	0.446548	2.67347	-0.0279652	0.376021
11	2.35988	2.47269	-1.35055	0.223662	2.5622	-0.0421894	0.204409	2.6143	-0.0141943	0.267	2.53732	-0.454154	0.137989	2.38315	-0.00608772	0.179011	2.55854	-1.38735	0.029637	2.52861	-0.602155	0.0717948	2.56242	-0.272582	0.142849	2.3438	-0.0181738	0.23435	2.47555	-0.474701	0.437939	2.57995	-1.38057	0.439167	2.53515	-0.623305	0.46218	2.5934	-0.37979	0.449036	2.63711	-0.0268315	0.377649
12	2.36987	2.46234	-1.35225	0.223559	2.56243	-0.0422381	0.204208	2.61444	-0.0142016	0.266921	2.53589	-0.454527	0.13689	2.38306	-0.00599639	0.17915	2.54625	-1.38896	0.028853	2.52373	-0.602945	0.07103	2.56021	-0.277742	0.140834	2.34396	-0.018505	0.234407	2.45585	-0.47891	0.436895	2.57179	-1.38236	0.438082	2.51491	-0.611497	0.46312	2.55574	-0.374908	0.450574	2.59951	-0.0257883	0.378374
13	2.37986	2.45201	-1.35375	0.223298	2.56267	-0.0422968	0.203901	2.61459	-0.0142372	0.266781	2.53467	-0.454887	0.135647	2.38295	-0.0058901	0.179345	2.5341	-1.39041	0.0280856	2.51113	-0.614561	0.0700041	2.55732	-0.285017	0.137955	2.34431	-0.018936	0.234254	2.43654	-0.482755	0.435854	2.56416	-1.38391	0.436896	2.49936	-0.617122	0.462874	2.53471	-0.37951	0.4487	2.56087	-0.0250735	0.378112
14	2.38985	2.44174	-1.35507	0.222891	2.56292	-0.0423644	0.20347	2.6147	-0.0142819	0.266598	2.53355	-0.455252	0.134259	2.38298	-0.00583286	0.17943	2.52216	-1.39172	0.027282	2.50585	-0.616213	0.0691988	2.55927	-0.278171	0.138611	2.34451	-0.0193348	0.234165	2.41745	-0.486395	0.434444	2.55629	-1.38503	0.435768	2.47651	-0.618092	0.464879	nan	nan	nan	2.52093	-0.0245986	0.377257
15	2.39984	2.43145	-1.3561	0.222531	2.56319	-0.0424468	0.203002	2.61481	-0.0143649	0.266367	2.53238	-0.455613	0.132805	2.38311	-0.00582811	0.179378	2.5103	-1.39286	0.0264659	2.50684	-0.609489	0.0684716	2.56024	-0.272862	0.139218	2.34454	-0.0196759	0.234154	2.39947	-0.489787	0.432515	2.54883	-1.38541	0.434326	2.45519	-0.619391	0.465984	nan	nan	nan	2.48008	-0.0244357	0.375494
16	2.40982	2.42116	-1.35693	0.222144	2.56344	-0.0425493	0.202582	2.61498	-0.0144892	0.26612	2.53112	-0.455953	0.131364	2.38321	-0.00581349	0.179313	2.49854	-1.39375	0.0255692	2.50187	-0.61051	0.0673968	2.56037	-0.271531	0.139145	2.34469	-0.0200242	0.234016	2.38265	-0.492739	0.430423	nan	nan	nan	2.43828	-0.622222	0.4661	2.46323	-0.364083	0.445408	2.43836	-0.0245104	0.372938
17	2.41981	2.41085	-1.35749	0.221698	2.56365	-0.0426539	0.202228	2.61515	-0.0146309	0.265901	2.52959	-0.456237	0.130025	2.38326	-0.00577525	0.17929	2.48692	-1.39436	0.0246973	2.50365	-0.603664	0.0663272	2.56339	-0.272787	0.137619	2.34532	-0.0204794	0.23362	2.36822	-0.495222	0.428414	2.53175	-1.38479	0.43225	2.42338	-0.625278	0.46574	2.45104	-0.347391	0.441861	2.39639	-0.0252108	0.36998
18	2.4298	2.40056	-1.35775	0.221153	2.56386	-0.0427616	0.201926	2.61528	-0.0147528	0.265754	2.52788	-0.456466	0.128735	2.38333	-0.00575112	0.17924	2.47532	-1.39471	0.0239908	2.49779	-0.604224	0.0655964	2.56777	-0.273125	0.136533	2.34531	-0.020536	0.233576	2.35673	-0.497225	0.426603	2.52341	-1.3847	0.431035	2.40851	-0.627775	0.464989	2.4339	-0.338862	0.439077	2.35446	-0.0262685	0.3668
19	2.43979	2.39021	-1.35768	0.22061	2.564	-0.0428658	0.201695	2.61535	-0.0148605	0.265671	2.52583	-0.456618	0.127595	2.38339	-0.00573297	0.179195	2.46372	-1.39488	0.0232913	2.48237	-0.615233	0.0648368	2.56211	-0.274117	0.135575	2.34523	-0.0204461	0.233627	2.34162	-0.498471	0.424204	2.51472	-1.38475	0.429891	2.39319	-0.629518	0.464335	2.40694	-0.341716	0.436135	2.31326	-0.0277256	0.363771
20	2.44978	2.37984	-1.35737	0.220077	2.56405	-0.0429542	0.201567	2.61541	-0.0149708	0.265619	2.52328	-0.456675	0.126597	2.38347	-0.00572285	0.179144	2.45216	-1.39488	0.0225044	2.47239	-0.620623	0.0640634	2.55741	-0.274754	0.134821	2.34502	-0.0201935	0.233825	2.32285	-0.499036	0.421277	2.50603	-1.38413	0.428858	2.37797	-0.630684	0.463735	2.38925	-0.346921	0.434147	2.27246	-0.029984	0.361337
21	2.45977	2.36938	-1.35678	0.219592	2.56404	-0.0430373	0.201501	2.6155	-0.0151066	0.26555	2.52017	-0.456611	0.125643	2.38351	-0.0057064	0.179124	2.44072	-1.39466	0.0216743	2.46622	-0.619241	0.0636395	2.5554	-0.275089	0.134023	2.34486	-0.0198351	0.234093	2.30761	-0.49892	0.418615	2.49747	-1.3826	0.427739	2.36425	-0.631355	0.462231	2.37132	-0.338314	0.431265	2.232	-0.0331117	0.359514
22	2.46975	2.35885	-1.35604	0.21915	2.56396	-0.0431358	0.201459	2.61557	-0.0152954	0.265496	2.51638	-0.456406	0.124891	2.3835	-0.00567474	0.179134	2.42933	-1.39423	0.0208614	2.45791	-0.61122	0.064232	2.55435	-0.275156	0.133462	2.34519	-0.0195194	0.234115	2.29477	-0.498212	0.416289	2.48738	-1.38154	0.426907	2.35074	-0.631208	0.460863	2.35029	-0.333514	0.428972	2.19215	-0.0367174	0.357406
23	2.47974	2.3482	-1.35505	0.218793	2.56378	-0.0432786	0.20147	2.61558	-0.0155682	0.265514	2.51202	-0.456105	0.124334	2.38346	-0.00563751	0.179126	2.41786	-1.3937	0.0201797	2.44739	-0.601097	0.0653805	2.55562	-0.274877	0.133236	2.34582	-0.019178	0.233907	2.28317	-0.496771	0.413877	2.47708	-1.38078	0.426	2.33817	-0.630173	0.459158	2.32888	-0.333817	0.427066	2.15294	-0.0408592	0.355097
24	2.48973	2.33746	-1.35393	0.2184	2.56346	-0.0434631	0.201611	2.61551	-0.0159282	0.265629	2.50726	-0.455733	0.12393	2.38345	-0.00560811	0.179036	2.40622	-1.39306	0.0196652	2.44488	-0.609438	0.0631497	2.5578	-0.274443	0.133262	2.34587	-0.0184579	0.233941	2.27219	-0.494756	0.411349	2.46721	-1.37937	0.425031	2.32768	-0.628031	0.457202	2.30739	-0.3234	0.423929	2.1143	-0.0458195	0.352969
25	2.49972	2.32664	-1.35285	0.217871	2.56301	-0.0436656	0.20189	2.61531	-0.0163184	0.265857	2.5021	-0.455287	0.123744	2.38348	-0.00560829	0.17887	2.39438	-1.39237	0.019312	2.445	-0.611323	0.0615088	2.54981	-0.275046	0.132986	2.34551	-0.0174773	0.234117	2.26194	-0.492221	0.408762	2.4576	-1.37776	0.424216	2.31776	-0.625791	0.4552	2.28637	-0.31331	0.421713	2.07645	-0.0517604	0.351096
26	2.50971	2.3156	-1.35172	0.217497	2.56253	-0.0439032	0.202263	2.61506	-0.0167854	0.266146	2.49658	-0.454815	0.123769	2.38357	-0.00564429	0.178611	2.38256	-1.39157	0.0190273	2.44558	-0.604605	0.0609344	2.54305	-0.275502	0.132956	2.34517	-0.0164869	0.234167	2.25183	-0.48902	0.406402	2.44773	-1.376	0.423391	2.30857	-0.623401	0.453312	2.26321	-0.306051	0.420752	2.03962	-0.0586037	0.349386
27	2.5197	2.30447	-1.35054	0.21719	2.56205	-0.0442695	0.202614	2.61477	-0.0173881	0.266491	2.49092	-0.45439	0.123785	2.38358	-0.00562427	0.178429	2.37087	-1.39075	0.018654	2.43559	-0.605003	0.0607433	2.53914	-0.27567	0.133217	2.34465	-0.0155518	0.234225	2.24168	-0.485164	0.404339	2.43782	-1.37444	0.422969	2.29978	-0.618891	0.451606	2.23678	-0.303458	0.417436	2.00433	-0.0663401	0.347427
28	2.52968	2.29346	-1.34882	0.21669	2.56155	-0.0447594	0.202939	2.61447	-0.0181574	0.266834	2.48501	-0.453995	0.123872	2.38347	-0.00554395	0.178364	2.35927	-1.38985	0.0182821	2.43042	-0.601613	0.060471	2.5359	-0.275849	0.133547	2.34374	-0.0145948	0.234476	2.23335	-0.480791	0.402073	2.42764	-1.37287	0.422662	2.29256	-0.607941	0.449332	2.21505	-0.30063	0.413667	1.971	-0.074865	0.345116
29	2.53967	2.28266	-1.34642	0.215904	2.56107	-0.045362	0.203203	nan	nan	nan	2.47874	-0.453644	0.124036	2.38339	-0.00547652	0.178293	2.34768	-1.38891	0.0179554	2.41958	-0.60336	0.0601213	2.53237	-0.276177	0.133776	2.34286	-0.0138866	0.234645	2.2235	-0.476507	0.400271	2.41691	-1.37102	0.422049	2.28737	-0.593649	0.446541	2.19748	-0.299193	0.409999	1.93975	-0.0838746	0.342506
30	2.54966	2.27144	-1.34458	0.215278	2.5606	-0.0460844	0.203349	2.61378	-0.0200562	0.267438	2.47212	-0.453304	0.124188	2.38318	-0.00535635	0.17831	2.33609	-1.38791	0.0176851	2.41513	-0.599763	0.0598587	2.52832	-0.276615	0.133883	2.34201	-0.0133792	0.234886	2.21473	-0.472273	0.398302	2.40599	-1.36917	0.421475	2.27882	-0.598252	0.445851	2.18287	-0.302742	0.407101	1.91085	-0.0930215	0.339549
31	2.55965	2.2598	-1.34342	0.214981	2.56005	-0.0469019	0.203374	2.61356	-0.0213533	0.267493	2.465	-0.452868	0.124377	2.38288	-0.00519421	0.178375	2.32453	-1.38674	0.0175889	2.40485	-0.600785	0.0594865	2.52355	-0.27714	0.133855	2.34112	-0.0129326	0.235291	2.20764	-0.468116	0.395999	2.39471	-1.36717	0.420827	2.27126	-0.599919	0.445551	2.17212	-0.306414	0.405396	1.88445	-0.101875	0.336137
32	2.56964	2.24832	-1.34242	0.214761	2.55941	-0.0478409	0.203257	2.61324	-0.0229087	0.267468	2.45741	-0.452357	0.124549	2.38263	-0.00506831	0.178414	2.31309	-1.38553	0.0175105	2.39875	-0.597532	0.059238	2.5183	-0.277593	0.133657	2.34048	-0.0125994	0.235598	2.20065	-0.464197	0.393706	2.38345	-1.36537	0.420548	2.26347	-0.596155	0.444722	2.15692	-0.295346	0.400528	1.86075	-0.109971	0.332291
33	2.57963	2.23763	-1.34015	0.214048	2.55874	-0.0490173	0.20296	2.61278	-0.024745	0.267362	2.44936	-0.451817	0.124708	2.38263	-0.00509728	0.178244	2.3018	-1.38434	0.0173693	2.38233	-0.602412	0.0586859	2.51427	-0.2775	0.13384	2.34006	-0.0123651	0.235775	2.19305	-0.460725	0.391458	2.37224	-1.36373	0.420659	2.25469	-0.591332	0.443541	2.14145	-0.287711	0.395968	1.84033	-0.117072	0.327835
34	2.58961	2.22594	-1.33875	0.213781	2.55798	-0.0504392	0.202491	2.61239	-0.027053	0.266925	2.44081	-0.451275	0.124906	2.38244	-0.00500133	0.178242	2.29062	-1.38322	0.0172018	2.36885	-0.604967	0.0584459	2.51408	-0.277628	0.134809	2.33978	-0.0121831	0.235817	2.18419	-0.457876	0.389206	2.36112	-1.36235	0.421061	2.24508	-0.587232	0.442064	2.1287	-0.285028	0.391913	1.82335	-0.122738	0.323208
35	2.5996	2.21334	-1.33799	0.213864	2.55709	-0.052101	0.201892	2.61218	-0.0298488	0.266124	2.43188	-0.450752	0.125044	2.38228	-0.00491161	0.1782	2.27945	-1.38216	0.0170339	2.35842	-0.604318	0.058481	2.51272	-0.282229	0.134684	2.33955	-0.0119344	0.235744	2.17425	-0.455456	0.386994	2.34966	-1.36092	0.421393	2.23512	-0.585122	0.440266	2.11771	-0.283576	0.387484	1.80993	-0.126348	0.318609
36	2.60959	2.20204	-1.33602	0.213343	2.55619	-0.0540924	0.200983	2.61199	-0.033094	0.265037	2.42248	-0.450258	0.125117	2.38216	-0.00485073	0.178116	2.26821	-1.38111	0.0169562	2.34848	-0.602789	0.0583157	2.49243	-0.294234	0.129514	2.33943	-0.0116569	0.235493	2.16325	-0.453802	0.384561	nan	nan	nan	2.22753	-0.587145	0.437541	2.10757	-0.281546	0.383294	1.79937	-0.127064	0.314285
37	2.61958	nan	nan	nan	2.55517	-0.0563973	0.199873	2.61153	-0.0366165	0.263851	2.41259	-0.44976	0.125168	2.38208	-0.00481374	0.178004	2.25691	-1.38023	0.0169015	2.33789	-0.601612	0.0581121	2.47996	-0.296499	0.127664	2.33953	-0.0116422	0.235403	2.15108	-0.452911	0.381678	2.32548	-1.35762	0.421314	2.22029	-0.591184	0.434401	2.09695	-0.279579	0.379513	1.7913	-0.124317	0.309903
38	2.62957	2.17884	-1.3333	0.212934	2.55393	-0.0589952	0.198648	2.61099	-0.0405777	0.262389	2.4022	-0.449219	0.125196	2.38205	-0.00480279	0.177859	2.24547	-1.37946	0.0169941	2.32664	-0.600679	0.0580308	2.47698	-0.29174	0.128916	2.33972	-0.0117255	0.235374	2.13799	-0.452608	0.378826	2.31304	-1.35598	0.421265	2.20075	-0.585464	0.433347	2.08628	-0.277897	0.375881	1.7855	-0.118086	0.305079
39	2.63956	2.16682	-1.3324	0.212897	2.55248	-0.061906	0.197315	2.61041	-0.0451265	0.260674	2.39135	-0.448648	0.125207	2.38204	-0.00481542	0.177685	2.23396	-1.37885	0.0171679	2.31503	-0.599761	0.0579742	2.4727	-0.294869	0.128266	2.33946	-0.0115231	0.235496	2.12439	-0.452404	0.376423	2.30103	-1.35496	0.421864	2.18344	-0.582261	0.431877	2.07624	-0.276307	0.372738	1.78202	-0.109043	0.299511
40	2.64954	nan	nan	nan	2.5508	-0.0651565	0.195979	2.60942	-0.0501362	0.259067	2.38009	-0.448104	0.125182	2.38219	-0.00488401	0.177413	2.22236	-1.37835	0.0174404	2.30304	-0.598809	0.0579424	2.47506	-0.291696	0.129745	2.3394	-0.0114363	0.235452	2.11059	-0.452043	0.374386	2.28843	-1.35369	0.422097	2.17196	-0.585463	0.429895	2.06724	-0.274625	0.370042	1.78038	-0.0979605	0.293076
41	2.65953	2.1424	-1.33096	0.213088	2.54897	-0.0688076	0.194625	2.60788	-0.0555955	0.257718	2.36832	-0.447593	0.125136	2.38222	-0.00483325	0.177229	2.21078	-1.37806	0.0175663	2.29066	-0.597953	0.0578969	2.46518	-0.289247	0.129654	2.33956	-0.0114683	0.235115	2.09677	-0.4515	0.372626	2.27565	-1.35255	0.422494	2.16328	-0.591029	0.427247	2.05914	-0.272662	0.367659	1.77853	-0.0859029	0.285108
42	2.66952	2.12981	-1.33061	0.213494	2.54687	-0.0729458	0.193156	2.60602	-0.0618419	0.256242	2.35598	-0.447071	0.125187	2.38213	-0.00469749	0.177122	2.19921	-1.37791	0.0177495	2.27789	-0.597025	0.0579841	2.45329	-0.290093	0.129001	2.33929	-0.0113048	0.234799	2.08332	-0.450992	0.371332	2.26341	-1.35204	0.423704	2.14291	-0.586315	0.426286	2.05102	-0.270761	0.365416	1.77272	-0.0748939	0.276386
43	2.67951	2.11709	-1.33037	0.213844	2.54423	-0.0776469	0.191447	2.60352	-0.0688894	0.25457	2.34275	-0.446522	0.125547	2.38213	-0.0045987	0.176968	2.18767	-1.37785	0.0181953	2.26484	-0.596117	0.0580866	2.44351	-0.292509	0.128952	2.33897	-0.0111933	0.23453	2.07077	-0.451163	0.370556	2.25034	-1.35111	0.42427	2.12537	-0.582646	0.425179	2.04202	-0.270288	0.363029	1.7635	-0.0678483	0.271132
44	2.6895	2.10465	-1.33031	0.21387	2.54091	-0.0830641	0.189447	2.6004	-0.077046	0.252476	2.32836	-0.445961	0.125993	2.38217	-0.00451894	0.17678	2.17616	-1.37793	0.0188838	2.25145	-0.595346	0.058016	2.43787	-0.297659	0.127625	2.33859	-0.0111067	0.234265	2.05948	-0.451943	0.370356	2.23684	-1.35026	0.424632	2.11204	-0.582168	0.424353	2.03308	-0.27065	0.360928	1.75522	-0.0649944	0.270516
45	2.69949	2.09217	-1.33066	0.213742	2.53677	-0.0891771	0.187168	2.59635	-0.0862897	0.250084	2.31303	-0.445528	0.125915	2.38217	-0.00443009	0.176554	2.16467	-1.37831	0.0196418	2.23736	-0.594814	0.0577843	2.43695	-0.308445	0.120307	2.33809	-0.0109814	0.23403	2.04845	-0.453103	0.370738	2.22392	-1.35024	0.425714	2.09707	-0.584172	0.424939	2.02315	-0.270951	0.360924	1.75024	-0.0606782	0.271543
46	2.70947	2.07962	-1.33148	0.213706	2.53154	-0.0959015	0.184534	2.59108	-0.0967045	0.247225	2.29652	-0.445032	0.125231	2.38214	-0.00432871	0.176271	2.15326	-1.37912	0.0201302	2.22206	-0.594293	0.0574706	2.42749	-0.318193	0.109026	2.33755	-0.010803	0.233865	2.03622	-0.454877	0.371331	2.21026	-1.35009	0.426193	2.07612	-0.590591	0.426583	2.00624	-0.273938	0.364834	1.74814	-0.0531475	0.272407
47	2.71946	2.06668	-1.33261	0.213837	2.52493	-0.103451	0.181216	2.58408	-0.108399	0.243642	2.27828	-0.444243	0.123996	2.38207	-0.00425809	0.175929	2.14201	-1.38039	0.0201755	2.20575	-0.593701	0.0569229	2.40279	-0.311824	0.116023	2.33697	-0.0106827	0.233769	2.02249	-0.456973	0.371565	2.19588	-1.34974	0.426036	2.049	-0.599084	0.429326	1.99711	-0.281157	0.368305	1.74729	-0.0473531	0.270531
48	2.72945	2.05342	-1.33396	0.214007	2.51666	-0.112046	0.176673	2.57492	-0.121229	0.239231	2.2583	-0.44323	0.121911	2.38188	-0.00428556	0.175535	2.13077	-1.38189	0.0203269	2.18844	-0.592974	0.0561585	2.38169	-0.308733	0.119889	2.33634	-0.0106702	0.233696	2.00797	-0.458996	0.371425	2.18257	-1.35048	0.427085	2.04528	-0.596392	0.428094	1.9975	-0.28931	0.370326	1.74629	-0.0442578	0.266311
49	2.73944	2.04023	-1.33551	0.214039	2.5065	-0.121549	0.170705	2.56321	-0.134835	0.234029	2.23677	-0.442065	0.118965	2.38147	-0.00435938	0.175496	2.11962	-1.38361	0.0205421	2.17011	-0.592607	0.0549044	2.36342	-0.312974	0.115885	2.33614	-0.0107317	0.233248	1.99474	-0.460342	0.370975	2.16904	-1.35144	0.427899	2.03879	-0.595699	0.427168	1.98861	-0.281069	0.368812	1.74521	-0.0409479	0.262704
50	2.74943	2.02752	-1.33707	0.213796	2.49361	-0.130032	0.165843	2.549	-0.148949	0.227999	2.21428	-0.440792	0.115248	2.38136	-0.00462272	0.176319	2.10854	-1.38549	0.0206872	2.15081	-0.592705	0.0530578	2.34435	-0.317952	0.109846	2.33672	-0.0106231	0.232114	1.98408	-0.461137	0.37028	2.15512	-1.35241	0.428385	2.02557	-0.598251	0.427336	1.97933	-0.275757	0.367399	1.74439	-0.0369906	0.261226
51	2.75942	2.01504	-1.33859	0.213396	2.47655	-0.133515	0.167521	2.53268	-0.163368	0.220839	2.19117	-0.43933	0.111128	2.38088	-0.00511164	0.178212	2.09754	-1.38742	0.0207578	2.13207	-0.591916	0.0510611	2.32327	-0.321452	0.104277	2.33701	-0.0101159	0.229663	1.97568	-0.461461	0.369705	2.14118	-1.35357	0.428908	2.01254	-0.600385	0.427393	1.97327	-0.275783	0.36589	1.74389	-0.0335352	0.260838
52	2.7694	2.00297	-1.33995	0.212773	2.45659	-0.134201	0.172586	2.51513	-0.177612	0.212166	2.1675	-0.437796	0.10688	2.37727	-0.00591111	0.179927	2.08676	-1.38923	0.0207591	2.11702	-0.587045	0.0488928	2.30084	-0.324175	0.0988654	2.3346	-0.00993487	0.225118	1.96812	-0.461636	0.369321	2.12695	-1.35472	0.429234	2.0014	-0.600598	0.427154	1.97024	-0.276218	0.362367	1.74346	-0.0307312	0.260104
53	2.77939	1.99132	-1.34096	0.211981	2.44274	-0.150524	0.15521	2.49714	-0.19064	0.203143	2.14347	-0.436476	0.102661	2.36881	-0.00810943	0.178658	2.07621	-1.39076	0.0208096	2.10383	-0.580177	0.0467533	2.27763	-0.326707	0.093371	2.32735	-0.0119305	0.218563	nan	nan	nan	2.11211	-1.35547	0.428987	1.99282	-0.600832	0.426811	1.96798	-0.27442	0.358343	1.74311	-0.0285801	0.259043
54	2.78938	1.98048	-1.34148	0.210882	2.42723	-0.164618	0.141583	2.47848	-0.201485	0.19614	2.11938	-0.43576	0.0986993	2.35555	-0.0129768	0.173747	2.06585	-1.39214	0.0209067	2.07871	-0.586843	0.0448311	2.25386	-0.329339	0.08795	2.31392	-0.0171668	0.212458	1.95357	-0.461281	0.368628	2.09793	-1.35667	0.429373	1.98325	-0.606424	0.427044	1.9623	-0.275325	0.36024	1.74283	-0.0269396	0.258533
55	2.79937	1.96918	-1.34224	0.209753	2.40831	-0.173533	0.135552	2.45866	-0.209938	0.191815	2.09551	-0.43607	0.0950942	2.33826	-0.019439	0.166458	2.05544	-1.39352	0.0210786	2.05598	-0.592068	0.0427005	2.22993	-0.332431	0.0828813	2.29585	-0.0228893	0.206445	1.94738	-0.461267	0.368364	2.08443	-1.35837	0.430407	1.97301	-0.614977	0.427361	1.95842	-0.276282	0.361589	1.74269	-0.02573	0.258426
56	2.80936	1.95761	-1.34313	0.208558	2.3868	-0.179908	0.131935	2.43711	-0.216538	0.188848	2.07174	-0.437681	0.0917948	2.31829	-0.0254097	0.158097	2.04494	-1.39503	0.0213392	2.03774	-0.593843	0.0403264	2.20604	-0.336023	0.0784632	2.27601	-0.027274	0.198396	1.94222	-0.461382	0.368359	2.07033	-1.35968	0.430805	1.96934	-0.607239	0.426265	1.95605	-0.276647	0.361077	1.74261	-0.0249883	0.258324
57	2.81935	1.94602	-1.34411	0.207321	nan	nan	nan	2.41395	-0.221531	0.186166	2.04806	-0.440349	0.0885142	2.29694	-0.0302253	0.148539	2.03517	-1.39628	0.0213903	2.02103	-0.595457	0.037778	2.18224	-0.33985	0.0746797	2.25452	-0.0301321	0.188712	1.9379	-0.461377	0.368398	2.05596	-1.3609	0.430749	1.96591	-0.601723	0.425456	1.9521	-0.27666	0.360049	1.74257	-0.0245658	0.258317
58	2.82933	1.93466	-1.34521	0.206128	nan	nan	nan	2.38959	-0.224687	0.183778	2.02445	-0.443606	0.0852008	2.27346	-0.0336561	0.138188	2.02579	-1.39744	0.0212849	2.0037	-0.598419	0.0356359	2.15855	-0.34359	0.0713559	2.23082	-0.0320452	0.178294	1.93395	-0.46133	0.368444	2.04175	-1.36233	0.43067	1.95996	-0.601354	0.425827	1.94642	-0.276566	0.35942	1.74264	-0.0243792	0.258377
59	2.83932	1.92345	-1.34651	0.205068	2.31537	-0.193478	0.120509	2.36428	-0.225621	0.182077	2.0011	-0.447098	0.081895	2.24803	-0.0364393	0.127061	2.01659	-1.39856	0.0211704	1.98573	-0.602226	0.0338468	2.13472	-0.346939	0.0685018	2.20466	-0.033297	0.167593	1.93027	-0.46129	0.368635	2.02768	-1.36392	0.430651	1.95368	-0.602269	0.426053	1.94601	-0.276796	0.359425	1.74271	-0.0242428	0.258409
60	2.84931	1.91185	-1.34824	0.204122	2.28982	-0.195386	0.117052	2.33799	-0.224194	0.180988	1.97802	-0.450708	0.0788844	2.22023	-0.0387799	0.115881	2.00768	-1.39961	0.0210902	nan	nan	nan	2.11067	-0.349812	0.0660654	2.17624	-0.0340692	0.156365	1.92676	-0.461361	0.369081	2.01354	-1.3655	0.43047	1.94711	-0.603302	0.42589	1.943	-0.27703	0.359503	1.74275	-0.0240942	0.258402
61	2.8593	1.89968	-1.35038	0.203358	2.26291	-0.195193	0.113919	2.31068	-0.220579	0.180093	1.95521	-0.454482	0.0763645	2.19001	-0.0404723	0.104986	1.99858	-1.40075	0.0209592	1.95007	-0.610049	0.0301592	2.08649	-0.352203	0.0639193	2.14549	-0.0344552	0.145382	1.92337	-0.461325	0.368706	1.9994	-1.36719	0.430169	1.94106	-0.603895	0.425484	1.94519	-0.277541	0.359559	1.74277	-0.0239124	0.258366
62	2.86929	1.88786	-1.3521	0.202564	2.23494	-0.193337	0.110996	2.28289	-0.21504	0.178901	1.93275	-0.458509	0.0743577	2.15779	-0.0416186	0.0943496	1.98934	-1.40195	0.020809	1.93247	-0.614477	0.0283338	2.06233	-0.354173	0.0620015	2.11251	-0.0344001	0.134958	1.91932	-0.461627	0.36877	1.98531	-1.36902	0.429852	1.93522	-0.604241	0.425003	1.94525	-0.277948	0.359476	1.74277	-0.0237631	0.258216
63	2.87927	1.87674	-1.35336	0.201466	2.20607	-0.190019	0.108173	2.25476	-0.207716	0.177297	1.91074	-0.462793	0.0727905	2.12348	-0.0423967	0.0842996	1.9801	-1.40316	0.0206522	1.91496	-0.619571	0.02678	2.03836	-0.355729	0.060305	2.07738	-0.0342159	0.125157	1.91531	-0.461627	0.367992	1.9712	-1.37093	0.429563	1.92857	-0.604811	0.424519	1.94255	-0.278171	0.359444	1.74273	-0.0236382	0.257923
64	2.88926	1.8655	-1.35458	0.200296	2.17646	-0.185363	0.105294	2.22598	-0.198803	0.175333	1.88938	-0.467237	0.0715685	2.08687	-0.0428483	0.0754214	1.97077	-1.40426	0.0204779	1.89619	-0.623708	0.025209	2.01457	-0.356858	0.0589392	2.04023	-0.0340733	0.116414	1.91126	-0.461622	0.367458	1.95705	-1.37266	0.429176	1.92242	-0.605001	0.423917	1.93953	-0.277896	0.359633	1.74274	-0.0235344	0.257536
65	2.89925	1.85406	-1.35583	0.199232	2.14611	-0.179451	0.102353	2.19635	-0.18865	0.172838	1.86867	-0.471695	0.0706513	2.0486	-0.0431232	0.0677234	1.96134	-1.40517	0.0202777	1.87299	-0.62338	0.0232961	1.99101	-0.357517	0.0578803	2.00178	-0.0341275	0.108588	1.90743	-0.461546	0.367182	1.94351	-1.37454	0.429197	1.91617	-0.605365	0.423234	1.93684	-0.277811	0.359775	1.74277	-0.0234186	0.257154
66	2.90924	1.84242	-1.35697	0.19858	2.11495	-0.172439	0.099339	2.16581	-0.177563	0.169755	1.8485	-0.476022	0.0700092	2.00894	-0.0429677	0.061262	1.95183	-1.40582	0.0200879	1.84784	-0.6209	0.0213646	1.96764	-0.357662	0.0570991	1.96241	-0.0344309	0.101619	1.90425	-0.461317	0.366675	1.92974	-1.37604	0.42889	1.90971	-0.605869	0.422615	1.93466	-0.277917	0.35964	1.7427	-0.0231884	0.25688
67	2.91923	1.83102	-1.35769	0.197669	2.0829	-0.164482	0.0963314	2.13387	-0.164989	0.167365	1.82887	-0.480141	0.0695426	1.96869	-0.042464	0.0557303	1.94225	-1.40623	0.0199495	1.83728	-0.633118	0.0207952	1.94454	-0.357277	0.056474	1.92228	-0.0348038	0.0956819	1.90101	-0.461324	0.366407	1.91572	-1.3772	0.428312	1.90311	-0.606193	0.422123	1.93301	-0.278078	0.359422	1.74251	-0.022968	0.256725
68	2.92922	1.81961	-1.35823	0.196775	2.04988	-0.155807	0.0934206	2.09904	-0.149069	0.168831	1.80983	-0.483955	0.0691718	1.92824	-0.0416519	0.0510287	1.93249	-1.40647	0.0198379	1.82489	-0.643081	0.0200936	1.92151	-0.356248	0.0559947	1.88171	-0.0351642	0.0906734	1.89772	-0.461261	0.366315	1.90178	-1.37824	0.427719	1.89692	-0.606158	0.421577	1.93179	-0.278273	0.359103	1.74227	-0.0227558	0.256634
69	2.9392	1.80815	-1.35862	0.195972	2.01599	-0.146615	0.0905987	2.06203	-0.131433	0.172462	1.79145	-0.48738	0.0688331	1.88783	-0.0405335	0.047051	1.92254	-1.40648	0.0196969	1.80852	-0.648142	0.0188967	1.89841	-0.35449	0.0555741	1.84096	-0.0355983	0.0864203	1.8949	-0.461054	0.365921	1.88841	-1.37936	0.427567	1.89113	-0.606211	0.420868	1.9311	-0.278592	0.358702	1.74194	-0.0225431	0.256554
70	2.94919	1.79665	-1.35877	0.195155	1.98138	-0.137124	0.0878848	2.02985	-0.122895	0.163109	1.77384	-0.490304	0.0684308	1.84724	-0.0392472	0.0437915	1.91252	-1.40612	0.0195151	1.79131	-0.651673	0.0177705	1.87522	-0.351949	0.0550405	1.80016	-0.0363322	0.0828703	1.89207	-0.461	0.365645	1.87472	-1.37997	0.427111	1.88526	-0.606671	0.420053	1.93069	-0.278795	0.358322	1.74151	-0.0222862	0.256509
71	2.95918	1.78512	-1.3586	0.194327	1.94607	-0.127539	0.0853516	1.99588	-0.113045	0.155785	1.75695	-0.49265	0.067951	1.80645	-0.0381264	0.04115	1.90253	-1.40551	0.0193705	1.77489	-0.655197	0.0169008	1.85199	-0.348665	0.0543057	1.75922	-0.037492	0.0801566	1.88899	-0.461036	0.365904	1.86124	-1.38045	0.426812	1.87946	-0.607308	0.418939	1.92934	-0.27882	0.358035	1.74105	-0.0219826	0.256602
72	2.96917	1.77353	-1.35811	0.193547	1.91008	-0.118037	0.0831087	1.95936	-0.100574	0.152851	1.74069	-0.494321	0.067408	1.76534	-0.0374538	0.0391517	1.89243	-1.40476	0.0192254	1.75929	-0.658561	0.0163141	1.82874	-0.344728	0.0533004	1.7181	-0.0391493	0.0782842	1.88552	-0.461275	0.366879	1.84753	-1.38054	0.426211	1.87349	-0.606483	0.418691	1.92514	-0.278354	0.357672	1.74065	-0.0217071	0.256818
73	2.97916	1.76192	-1.35741	0.192738	1.87348	-0.108803	0.0811624	1.92153	-0.0877767	0.151253	1.72514	-0.495314	0.0667336	1.72395	-0.0373538	0.0377144	1.8822	-1.40384	0.0189969	1.74424	-0.661292	0.0158663	1.80549	-0.340254	0.0520008	1.67698	-0.0414258	0.0770546	1.88166	-0.461304	0.367505	1.83415	-1.38061	0.425803	1.8656	-0.601202	0.421306	1.91933	-0.277785	0.357152	1.74028	-0.0216133	0.256494
74	2.98915	1.75026	-1.35646	0.191858	1.8363	-0.100018	0.0795309	1.88322	-0.075834	0.149602	1.71029	-0.495665	0.0659542	1.68258	-0.0378575	0.0367433	1.87171	-1.40283	0.0186423	1.72947	-0.663119	0.0154368	1.78203	-0.335407	0.050581	1.63615	-0.0443637	0.0761599	1.8778	-0.461111	0.36743	1.82054	-1.38029	0.425088	1.85762	-0.593389	0.425318	1.92082	-0.278468	0.357225	1.73987	-0.0214414	0.256257
75	2.99913	1.73852	-1.35527	0.190995	1.79858	-0.0918975	0.0782368	1.84437	-0.0649067	0.148043	1.69613	-0.495438	0.0650657	1.64147	-0.0389596	0.0361914	1.86107	-1.4017	0.0182142	1.71527	-0.664214	0.0150993	1.75843	-0.330426	0.049027	1.59564	-0.0479698	0.0758191	1.87406	-0.460821	0.366932	1.80753	-1.38005	0.424727	1.85413	-0.600768	0.419969	1.92017	-0.279039	0.357522	1.73944	-0.0212123	0.256139
76	3.00912	1.72671	-1.35394	0.190131	1.76059	-0.0846781	0.0772545	1.80511	-0.0551118	0.146812	1.68251	-0.494688	0.0641269	1.60041	-0.0405786	0.0363692	1.85029	-1.40026	0.0177231	1.70204	-0.664433	0.0145853	1.73469	-0.325459	0.0474945	1.55547	-0.0520744	0.0762521	1.87046	-0.460524	0.36612	1.79428	-1.37947	0.424073	1.84972	-0.605709	0.415817	1.91767	-0.279199	0.357462	1.73897	-0.020983	0.255954
77	3.01911	1.71482	-1.35241	0.189267	1.72244	-0.078482	0.0765998	1.76582	-0.046656	0.145838	1.66918	-0.493354	0.0632887	1.55987	-0.0427137	0.0370098	1.83932	-1.39862	0.0171478	1.68962	-0.663759	0.0138832	1.71105	-0.320513	0.0460328	1.51593	-0.0565993	0.0774811	1.86644	-0.460243	0.365525	1.78127	-1.37887	0.423473	1.84391	-0.605567	0.414493	1.915	-0.279452	0.357311	1.73859	-0.0207284	0.255621
78	3.0291	1.70285	-1.35077	0.188346	1.68445	-0.0734889	0.0760888	1.72683	-0.0397388	0.144889	1.65656	-0.491411	0.0622384	1.52005	-0.045276	0.0382672	1.82813	-1.39685	0.0165272	1.67771	-0.662302	0.0132724	1.68761	-0.315741	0.0446253	1.47762	-0.0613852	0.0789386	1.862	-0.459904	0.365113	1.76806	-1.37788	0.422582	1.83778	-0.604094	0.414039	1.91288	-0.279701	0.356704	1.73824	-0.0204793	0.255237
79	3.03909	1.69073	-1.349	0.187357	1.64734	-0.0697953	0.0753947	1.68861	-0.0343734	0.143832	1.64448	-0.488779	0.0610533	1.4812	-0.0482872	0.0402765	1.81679	-1.39504	0.015764	1.66671	-0.660001	0.0124588	1.66433	-0.311336	0.043345	1.44004	-0.065964	0.0808461	1.8575	-0.459514	0.364259	1.75492	-1.37678	0.421707	1.83027	-0.603434	0.413028	1.91054	-0.280047	0.356345	1.73768	-0.0202365	0.255142
80	3.04908	1.67849	-1.34717	0.18633	1.61111	-0.0673525	0.074738	1.65167	-0.0304964	0.142579	1.6327	-0.485558	0.059944	1.44369	-0.0519014	0.0427677	1.80536	-1.39307	0.0149215	1.65646	-0.656831	0.0113355	1.64124	-0.307305	0.0423163	1.40305	-0.070211	0.0835715	1.85288	-0.45908	0.363054	1.74195	-1.3757	0.420956	1.82351	-0.60233	0.411918	1.90792	-0.280213	0.355824	1.73691	-0.0200063	0.255381
81	3.05906	1.66603	-1.34529	0.185433	1.57615	-0.0661198	0.0741421	1.61646	-0.027974	0.141038	1.62118	-0.481969	0.0589853	1.40772	-0.0563429	0.0454956	1.79375	-1.39101	0.013988	1.64657	-0.652953	0.00995399	1.61882	-0.303778	0.0413841	1.36743	-0.0744039	0.0870325	1.84749	-0.458565	0.362053	1.72889	-1.37442	0.42006	1.81671	-0.600955	0.410812	1.90466	-0.280304	0.355041	1.7361	-0.0197722	0.255699
82	3.06905	1.6534	-1.34337	0.184567	1.54296	-0.0659368	0.0735004	1.58316	-0.0264324	0.139305	1.6101	-0.478212	0.0581883	1.37352	-0.0614894	0.0483537	1.78197	-1.38886	0.0128737	1.63669	-0.648703	0.00852181	1.59726	-0.300731	0.0405653	1.33389	-0.0789204	0.0908037	1.84142	-0.457937	0.36121	1.71563	-1.37288	0.418854	1.80897	-0.600117	0.409961	1.90063	-0.28057	0.354387	1.73543	-0.0195018	0.255939
83	3.07904	1.64098	-1.34126	0.183342	1.5117	-0.0665452	0.0729626	1.55198	-0.0256691	0.13747	1.59935	-0.474498	0.0576084	1.34133	-0.0668759	0.0513441	1.77016	-1.38661	0.0116117	1.62651	-0.644279	0.00692538	1.57661	-0.298125	0.039888	1.30252	-0.0841749	0.0948975	1.83484	-0.457323	0.360342	1.70208	-1.37097	0.417356	1.80068	-0.59962	0.409196	1.89659	-0.2808	0.353929	1.73492	-0.019211	0.256284
84	3.08903	1.62847	-1.33902	0.182155	1.48262	-0.0676746	0.0725838	1.52312	-0.025487	0.135777	1.58869	-0.47087	0.0570094	1.31148	-0.0721641	0.0544392	1.75834	-1.38416	0.0101798	1.61578	-0.639951	0.00518749	1.55674	-0.295833	0.0393691	1.27364	-0.0897339	0.098984	1.82783	-0.456737	0.35935	1.68906	-1.36916	0.41608	1.79268	-0.598569	0.408172	1.89231	-0.281028	0.35335	1.73461	-0.0189025	0.256728
85	3.09902	1.61582	-1.33677	0.180956	1.45608	-0.0689082	0.0724288	1.49677	-0.0254963	0.134496	1.57747	-0.467513	0.0562389	1.28426	-0.0770942	0.0575481	1.74618	-1.38174	0.00869159	1.60428	-0.635978	0.0035265	1.53793	-0.293881	0.0387806	1.2476	-0.0954335	0.102884	1.82036	-0.456023	0.358257	1.67644	-1.3673	0.414902	1.78439	-0.597604	0.407043	1.88764	-0.281383	0.352662	1.73432	-0.0185956	0.257168
86	3.10901	1.60334	-1.33441	0.179428	1.43222	-0.069794	0.0726365	1.47284	-0.0252857	0.133907	1.56529	-0.464645	0.0552106	1.25978	-0.0813476	0.0607241	1.73376	-1.37935	0.00709359	1.59213	-0.632342	0.00188655	1.52023	-0.292183	0.0380901	1.22443	-0.100911	0.106609	1.81235	-0.455384	0.357326	1.66386	-1.36526	0.413596	1.77557	-0.596838	0.405869	1.88293	-0.281991	0.352133	1.73409	-0.0183171	0.257565
87	3.11899	1.59087	-1.33209	0.177856	1.41117	-0.0699893	0.0732419	1.45161	-0.0245526	0.134016	1.55241	-0.462254	0.0539484	1.2382	-0.0845094	0.0638577	1.72117	-1.37686	0.00541693	1.5791	-0.629155	0.000419084	1.50345	-0.290519	0.0375054	1.20411	-0.105637	0.110107	1.80386	-0.454945	0.356423	1.65116	-1.36309	0.412058	1.76618	-0.59615	0.404613	1.87883	-0.282634	0.351842	1.73395	-0.0180502	0.257874
88	3.12898	1.57825	-1.32994	0.176298	1.39298	-0.0692528	0.074123	1.43326	-0.0230948	0.134646	1.53887	-0.460244	0.0528132	1.21976	-0.0862634	0.0668162	1.70854	-1.3744	0.00359031	1.56522	-0.626588	-0.000592156	1.48787	-0.288731	0.0370559	1.18673	-0.108968	0.113184	1.79482	-0.454569	0.355493	1.63879	-1.36104	0.410427	1.75633	-0.595411	0.403265	1.87338	-0.283635	0.351583	1.73376	-0.0178056	0.258153
89	3.13897	1.56522	-1.32794	0.174955	1.3777	-0.0674932	0.0749412	1.41789	-0.0207276	0.135464	1.52497	-0.458523	0.051963	1.20439	-0.0863616	0.0694952	1.69578	-1.37213	0.00173656	1.5505	-0.624747	-0.00109018	1.47366	-0.28678	0.036705	1.17219	-0.110383	0.115764	1.78528	-0.454009	0.354632	1.62672	-1.35917	0.408678	1.74584	-0.594797	0.402087	1.86632	-0.28468	0.351086	1.7336	-0.017597	0.258374
90	3.14896	1.55161	-1.32608	0.17388	1.36519	-0.0647851	0.0755624	1.40564	-0.0177349	0.136014	1.51069	-0.457095	0.0516317	1.19187	-0.0847776	0.0717396	1.68292	-1.37007	-0.000217382	1.5353	-0.623434	-0.00134507	1.46064	-0.284758	0.0365427	1.16034	-0.109739	0.117909	1.77528	-0.453391	0.353753	1.61474	-1.3575	0.406898	1.7349	-0.594124	0.400933	1.85928	-0.285818	0.350793	1.7335	-0.0174344	0.258503
91	3.15895	1.53818	-1.32446	0.172522	1.35541	-0.0612913	0.0759019	1.39708	-0.015584	0.135904	1.49598	-0.455871	0.0516187	1.18201	-0.0815669	0.0735122	1.66995	-1.36818	-0.00234418	1.51982	-0.622489	-0.00136924	1.44826	-0.282652	0.0365895	1.15093	-0.107105	0.119721	1.76447	-0.452748	0.353017	1.60257	-1.35592	0.405093	1.72341	-0.593398	0.399884	1.85201	-0.287251	0.350874	1.73337	-0.0172855	0.258588
92	3.16894	1.52528	-1.32296	0.170466	1.34821	-0.0574098	0.0763313	1.39274	-0.015783	0.13518	1.48106	-0.454689	0.0517173	1.17467	-0.0756782	0.0745227	1.65694	-1.36641	-0.00469897	1.50439	-0.621665	-0.00116106	1.43674	-0.280473	0.0367389	1.14319	-0.101647	0.121106	1.753	-0.452008	0.35219	1.59017	-1.35438	0.403152	1.71117	-0.592563	0.398903	1.84405	-0.288838	0.351172	1.7332	-0.0171511	0.25865
93	3.17892	1.51234	-1.32165	0.168104	1.34316	-0.0541596	0.077405	1.39045	-0.0166472	0.135467	1.4662	-0.453554	0.0518431	1.16949	-0.0652995	0.0743571	1.64391	-1.36478	-0.00725002	1.4892	-0.620651	-0.000913745	1.426	-0.278433	0.0372873	1.1359	-0.090571	0.121473	1.74076	-0.451131	0.351234	1.57771	-1.35312	0.401057	1.69848	-0.591554	0.397734	1.8355	-0.290393	0.35144	1.73304	-0.0170408	0.258644
94	3.18891	1.49924	-1.32058	0.165718	1.33943	-0.052974	0.078889	1.38835	-0.018496	0.136811	1.45176	-0.4529	0.052094	1.16572	-0.051853	0.0728203	1.63057	-1.36338	-0.00972493	1.47441	-0.61964	-0.000882977	1.41536	-0.277299	0.0386325	1.12889	-0.0739046	0.119431	1.7276	-0.450094	0.350105	1.56538	-1.35206	0.398826	1.68518	-0.590414	0.396329	1.82641	-0.291825	0.351394	1.73287	-0.0169487	0.258572
95	3.1989	1.48594	-1.31976	0.163542	1.3358	-0.0529599	0.0797056	1.38581	-0.0207466	0.13792	1.43785	-0.4533	0.052396	1.1618	-0.0411852	0.0701714	1.61704	-1.36224	-0.0121444	1.46019	-0.619288	-0.00132308	1.40429	-0.277708	0.0404344	1.12363	-0.0600745	0.116325	1.71348	-0.448902	0.348679	1.55327	-1.35125	0.396399	1.67113	-0.589188	0.394637	1.81639	-0.293532	0.351284	1.73267	-0.016861	0.258421
96	3.20889	1.47244	-1.31928	0.161556	1.33223	-0.0527631	0.0799371	1.38333	-0.0225538	0.138147	1.42377	-0.454892	0.0522888	1.15636	-0.0354146	0.0678173	1.60335	-1.36143	-0.0144773	1.44652	-0.619936	-0.00221335	1.39296	-0.279215	0.0416496	1.11918	-0.0528416	0.116044	1.69837	-0.44769	0.346929	1.54087	-1.35092	0.393969	1.65633	-0.587916	0.392577	1.80523	-0.29567	0.351361	1.73239	-0.0167646	0.258231
97	3.21888	1.4588	-1.3193	0.159642	1.32921	-0.052701	0.0801785	1.38189	-0.0235887	0.137937	1.40844	-0.457681	0.0516177	1.15209	-0.0319922	0.0682236	1.58957	-1.3611	-0.0167064	1.43315	-0.621654	-0.00346866	1.38203	-0.28116	0.04195	1.11629	-0.0484152	0.118397	1.68193	-0.446617	0.344864	1.52825	-1.35106	0.391603	1.64081	-0.586637	0.390157	1.79282	-0.298438	0.351374	1.73201	-0.0166607	0.25802
98	3.22887	1.44546	-1.31989	0.157421	1.32755	-0.0530238	0.0804449	1.38153	-0.0239798	0.137572	1.39173	-0.461229	0.0507164	1.14951	-0.0291144	0.0692001	1.57579	-1.36144	-0.0188092	1.41948	-0.624346	-0.00454958	1.37183	-0.283281	0.0411972	1.11492	-0.0442016	0.121552	1.66391	-0.445742	0.342489	1.51546	-1.35161	0.389316	1.62421	-0.585469	0.387547	1.77913	-0.30168	0.351142	1.73186	-0.0166291	0.257742
99	3.23885	1.43208	-1.32113	0.155215	1.32671	-0.0535391	0.0806425	1.38127	-0.0242277	0.137487	1.37512	-0.464453	0.0498902	1.14798	-0.0264869	0.0686022	1.56213	-1.36241	-0.020922	1.40536	-0.627608	-0.00522264	1.36254	-0.285052	0.0395898	1.11377	-0.0409301	0.12277	1.64391	-0.44492	0.340169	1.5024	-1.35278	0.387119	1.60643	-0.584449	0.384985	1.76379	-0.305425	0.350951	1.73261	-0.0168112	0.257515
100	3.24884	1.41865	-1.32286	0.153156	1.32586	-0.0538782	0.0807256	1.38083	-0.0245299	0.137616	1.36039	-0.466497	0.0493166	1.14672	-0.0240756	0.0671113	1.54853	-1.36385	-0.02303	1.39138	-0.630773	-0.00609568	1.3544	-0.285997	0.0379145	1.11257	-0.0382519	0.121625	1.62207	-0.444223	0.338519	1.48922	-1.35451	0.385059	1.58743	-0.583519	0.382723	1.74648	-0.309753	0.35101	1.73449	-0.0172619	0.257655
101	3.25883	1.40521	-1.32497	0.151326	1.32514	-0.0540323	0.0807195	1.38053	-0.0247797	0.137649	1.34877	-0.467438	0.0486977	1.1456	-0.0219743	0.0660925	1.53482	-1.36578	-0.0250694	1.37851	-0.632957	-0.00745573	1.34752	-0.285921	0.0370634	1.1115	-0.035896	0.121051	1.59847	-0.443418	0.337913	1.47609	-1.35649	0.3829	1.56749	-0.582272	0.380896	1.72718	-0.31452	0.351453	1.73658	-0.0177031	0.258163
102	3.26882	1.39182	-1.32731	0.149772	1.32471	-0.0541682	0.0807178	1.38046	-0.0249341	0.13758	1.34007	-0.467676	0.0478871	1.1448	-0.0204188	0.0657819	1.52098	-1.36799	-0.0270732	1.36736	-0.633619	-0.00914453	1.34197	-0.285343	0.0372291	1.11063	-0.0342094	0.121866	1.57369	-0.442416	0.338058	1.46313	-1.35864	0.380752	1.54692	-0.580806	0.379696	1.70601	-0.319584	0.352297	1.7373	-0.0177001	0.258415
103	3.27881	1.37853	-1.32974	0.148377	1.3245	-0.0542927	0.0807422	1.3805	-0.0250112	0.137554	1.33316	-0.467408	0.0470044	1.1443	-0.0191526	0.0655272	1.50695	-1.37046	-0.0290791	1.35782	-0.632941	-0.0106792	1.33818	-0.286792	0.0362542	1.11004	-0.0327622	0.12238	1.54859	-0.441516	0.338533	1.45054	-1.36084	0.378699	1.52544	-0.579766	0.379099	1.68395	-0.323687	0.352791	1.73545	-0.0170033	0.258269
104	3.2888	1.36551	-1.33216	0.146879	1.32448	-0.0543896	0.0807607	1.38064	-0.0250482	0.137558	1.32717	-0.466749	0.0461198	1.14404	-0.018207	0.0651639	1.49269	-1.37302	-0.0311061	1.34944	-0.631662	-0.0119887	1.33502	-0.287761	0.0356787	1.10973	-0.0314447	0.122147	1.52374	-0.440759	0.339017	1.43845	-1.36313	0.376801	1.50365	-0.579013	0.378846	1.66126	-0.326893	0.353107	1.73036	-0.0160747	0.258825
105	3.29878	1.35255	-1.33456	0.145619	1.32455	-0.0544793	0.0807234	1.3808	-0.0250803	0.137541	1.32183	-0.466013	0.0452441	1.14393	-0.0175903	0.064898	1.47814	-1.37551	-0.0330972	1.34169	-0.630679	-0.0132565	1.33198	-0.28799	0.0353754	1.10955	-0.0304675	0.122032	1.49922	-0.440247	0.339449	1.4269	-1.36539	0.374929	1.48226	-0.578549	0.378912	1.63746	-0.330358	0.353669	1.72098	-0.0167154	0.261275
106	3.30877	1.3396	-1.33693	0.144666	1.3246	-0.0545525	0.0806335	1.38093	-0.0251315	0.137509	1.31701	-0.465655	0.0444054	1.14392	-0.017272	0.0645867	1.46388	-1.37769	-0.0351004	1.33427	-0.63036	-0.0144325	1.32914	-0.288038	0.0349567	1.10935	-0.029719	0.122018	1.47497	-0.440478	0.339684	1.41579	-1.36766	0.373199	1.46171	-0.578425	0.379118	1.61101	-0.336656	0.354972	1.70584	-0.0206699	0.264408
107	3.31876	1.32677	-1.33911	0.143874	1.32462	-0.0546003	0.0804932	1.38102	-0.0251923	0.137479	1.31219	-0.465815	0.0435469	1.144	-0.0171197	0.064197	1.44965	-1.37976	-0.0369431	1.32692	-0.630619	-0.0155655	1.32649	-0.288144	0.034622	1.10913	-0.0290952	0.121748	1.45124	-0.441812	0.339817	1.40505	-1.36994	0.37171	1.44215	-0.578864	0.379419	1.58295	-0.345193	0.356628	1.68585	-0.0258793	0.267547
108	3.32875	1.31431	-1.34092	0.143205	1.32467	-0.0546581	0.0803376	1.38114	-0.025258	0.137441	1.30716	-0.466221	0.042588	1.14411	-0.0169914	0.0638283	1.43514	-1.38182	-0.0385558	1.31941	-0.631204	-0.01657	1.32403	-0.288285	0.0342163	1.10899	-0.0285854	0.121466	1.4281	-0.444333	0.339975	1.39459	-1.37219	0.370409	1.42367	-0.579866	0.379482	1.55992	-0.348077	0.35675	1.66287	-0.0302663	0.270943
109	3.33874	1.30221	-1.34265	0.142791	1.32469	-0.0547171	0.0801849	1.38124	-0.0253269	0.137413	1.30224	-0.46661	0.0415499	1.14421	-0.0168889	0.0635549	1.42074	-1.38378	-0.040031	1.31175	-0.631891	-0.0174605	1.32157	-0.288438	0.0335118	1.10893	-0.0280262	0.1213	1.40538	-0.447739	0.340394	1.38426	-1.3744	0.369276	1.40601	-0.581834	0.379463	1.53512	-0.353439	0.357225	1.63764	-0.0334633	0.274563
110	3.34873	1.29013	-1.34466	0.142269	1.32466	-0.0547701	0.0800824	1.38129	-0.0254192	0.137427	1.29782	-0.466893	0.0405798	1.14426	-0.0168201	0.063392	1.40646	-1.38579	-0.0413491	1.30406	-0.632597	-0.0183104	1.31898	-0.288602	0.0327719	1.10896	-0.027297	0.121106	1.38282	-0.451555	0.341025	1.37408	-1.37666	0.368284	1.3888	-0.584822	0.379409	1.51543	-0.352759	0.356167	1.61029	-0.0355654	0.278144
111	3.35871	1.27815	-1.34671	0.14181	1.32465	-0.054847	0.0800475	1.38136	-0.0255254	0.137495	1.29375	-0.467035	0.0401051	1.14434	-0.0167596	0.0632534	1.39231	-1.38785	-0.0424792	1.29656	-0.633195	-0.0190085	1.31647	-0.288868	0.0321951	1.10882	-0.0267408	0.120934	1.36024	-0.455385	0.341848	1.36395	-1.37897	0.367388	1.37185	-0.588187	0.379302	1.49426	-0.353344	0.354856	1.58087	-0.0367159	0.281122
112	3.3687	1.26635	-1.34875	0.141463	1.32463	-0.0549191	0.0800395	1.38145	-0.0256368	0.137608	1.28996	-0.46708	0.0398611	1.14442	-0.016696	0.0631466	1.3781	-1.38997	-0.0433328	1.28929	-0.633617	-0.0195016	1.31434	-0.289066	0.0320094	1.10859	-0.0264055	0.120885	1.33778	-0.459222	0.342696	1.35391	-1.38108	0.366517	1.35494	-0.591639	0.379254	1.47065	-0.35577	0.354238	1.54929	-0.0371113	0.283268
113	3.37869	1.2546	-1.35079	0.141193	1.32456	-0.0550298	0.0800144	1.3815	-0.0257148	0.137689	1.28659	-0.467191	0.0395276	1.1445	-0.0166538	0.0630881	1.36495	-1.39186	-0.0445963	1.28226	-0.633908	-0.0197713	1.31252	-0.289206	0.0316043	1.10842	-0.0261745	0.120915	1.31553	-0.463125	0.343453	1.34391	-1.38305	0.365833	1.33785	-0.595259	0.379407	1.44637	-0.357781	0.353824	1.51543	-0.0372101	0.284102
114	3.38868	1.24292	-1.35283	0.141048	1.3244	-0.0551917	0.0799806	1.38154	-0.0257824	0.137723	1.28334	-0.467325	0.039285	1.14459	-0.0166151	0.0630953	1.35184	-1.39374	-0.0457067	1.27552	-0.634031	-0.0198725	1.31094	-0.289264	0.0315302	1.10834	-0.0259672	0.120979	1.29368	-0.467117	0.344092	1.33396	-1.38498	0.365115	1.32036	-0.599091	0.37975	1.42215	-0.358991	0.353585	1.47947	-0.0369296	0.28383
115	3.39867	1.23137	-1.35472	0.141196	1.32425	-0.0552808	0.0799751	1.38162	-0.0258382	0.137773	1.28016	-0.467436	0.0390888	1.1447	-0.0165722	0.0630996	1.33864	-1.39563	-0.0467072	1.26906	-0.634026	-0.0199441	1.30951	-0.289337	0.031786	1.10835	-0.0258009	0.121019	1.27235	-0.471104	0.34457	1.32411	-1.38672	0.364324	1.30258	-0.602978	0.380209	1.39805	-0.359353	0.353187	1.44157	-0.0361484	0.282485
116	3.40865	1.21994	-1.35641	0.14128	1.32424	-0.0553424	0.0799457	1.3817	-0.0258972	0.137867	1.27704	-0.467546	0.038873	1.14485	-0.016563	0.063088	1.32537	-1.39738	-0.0475673	1.26278	-0.633963	-0.0199939	1.30826	-0.2896	0.0318331	1.10843	-0.0257327	0.121014	1.25153	-0.474922	0.344782	1.31429	-1.38817	0.363589	1.28475	-0.606876	0.380916	1.37383	-0.3593	0.352795	1.40178	-0.0357493	0.281283
117	3.41864	1.20828	-1.35805	0.141067	1.32432	-0.0554378	0.0798955	1.38169	-0.0260048	0.138001	1.27388	-0.467627	0.0384763	1.14496	-0.0165604	0.0630704	1.3118	-1.39878	-0.0479802	1.25662	-0.633876	-0.0201167	1.30722	-0.289828	0.0317603	1.1085	-0.025713	0.120959	1.2312	-0.478482	0.344775	1.30451	-1.3894	0.362948	1.26689	-0.610766	0.381747	1.34954	-0.358699	0.35224	1.3607	-0.0358345	0.28049
118	3.42863	1.19662	-1.35944	0.141129	1.32429	-0.0555622	0.0798418	1.38151	-0.0261719	0.138153	1.27074	-0.46771	0.0380466	1.145	-0.0165611	0.0630373	1.2978	-1.39977	-0.0477536	1.2506	-0.633773	-0.0203481	1.30601	-0.289971	0.0316884	1.10852	-0.0256865	0.120911	1.21111	-0.482057	0.344552	1.29474	-1.39038	0.362385	1.24898	-0.614718	0.382708	1.32515	-0.357535	0.351511	1.31881	-0.0361953	0.279788
119	3.43862	1.18484	-1.36086	0.141367	1.32413	-0.0557152	0.079832	1.38137	-0.026335	0.138273	1.26757	-0.467755	0.0376624	1.14498	-0.0165483	0.0630301	1.28444	-1.40079	-0.0480477	1.24465	-0.633704	-0.0206377	1.30452	-0.290037	0.0314639	1.10845	-0.0256267	0.120964	1.19122	-0.485447	0.344255	1.28492	-1.39113	0.361734	1.23117	-0.618597	0.38362	1.3006	-0.355897	0.350838	1.27655	-0.0364699	0.278935
120	3.44861	1.17331	-1.36201	0.141171	1.3239	-0.055845	0.079879	1.38142	-0.0265623	0.138292	1.26441	-0.467738	0.037247	1.14506	-0.0164272	0.0630547	1.27147	-1.40179	-0.0487286	1.23836	-0.633619	-0.0208284	1.30275	-0.290034	0.0311103	1.10827	-0.0255178	0.12109	1.17171	-0.488435	0.343938	1.27512	-1.39157	0.360983	1.21352	-0.622285	0.384445	1.27582	-0.353703	0.35029	1.23413	-0.0369234	0.278208
121	3.4586	1.16189	-1.36269	0.141088	1.32361	-0.0559539	0.0799843	1.38174	-0.026914	0.138241	1.26118	-0.467644	0.0368905	1.14505	-0.0163779	0.0631167	1.25855	-1.40247	-0.049409	1.2316	-0.633501	-0.0208695	1.30063	-0.290012	0.0309191	1.10799	-0.0253518	0.121261	1.15276	-0.491061	0.343396	1.26532	-1.39176	0.360351	1.19597	-0.625678	0.385169	1.25078	-0.35077	0.349735	1.19149	-0.0380808	0.277808
122	3.46858	1.15053	-1.3629	0.141208	1.32328	-0.0560511	0.080191	1.38183	-0.0271282	0.138404	1.2578	-0.467472	0.0366331	1.14493	-0.0164048	0.0631784	1.24552	-1.40294	-0.0499361	1.22458	-0.633135	-0.0206656	1.29835	-0.289894	0.0309181	1.10762	-0.0251896	0.121494	1.13438	-0.493447	0.342667	1.25554	-1.39168	0.359912	1.17894	-0.628671	0.385727	1.22553	-0.347343	0.349304	1.14877	-0.0395214	0.277466
123	3.47857	1.13918	-1.36272	0.141383	1.32297	-0.0561434	0.08053	1.38166	-0.0272729	0.138729	1.25431	-0.46719	0.0364766	1.14476	-0.0164932	0.0631945	1.23248	-1.40326	-0.0503308	1.2178	-0.632455	-0.0204558	1.29624	-0.289643	0.0309222	1.10711	-0.0251284	0.121824	1.11649	-0.495572	0.34189	1.24571	-1.39147	0.359566	1.16227	-0.6312	0.38607	1.20002	-0.34372	0.349057	1.10627	-0.0410492	0.277067
124	3.48856	1.12777	-1.36227	0.14158	1.3227	-0.0562469	0.0809857	1.38139	-0.0273533	0.139151	1.25072	-0.466855	0.0364073	1.14467	-0.0165105	0.0632785	1.21935	-1.40334	-0.0505604	1.21132	-0.631621	-0.0202364	1.2943	-0.289405	0.0309868	1.10642	-0.025297	0.122198	1.0991	-0.497373	0.341159	1.23588	-1.39085	0.35925	1.14595	-0.633148	0.386197	1.17448	-0.340097	0.348878	1.06387	-0.0430554	0.27702
125	3.49855	1.11625	-1.36159	0.141818	1.32249	-0.0563621	0.0814731	1.38128	-0.0274984	0.139534	1.24694	-0.466533	0.0364011	1.1447	-0.0164525	0.0634201	1.20623	-1.40317	-0.0508052	1.20432	-0.630787	-0.0199016	1.29232	-0.289267	0.0311722	1.10575	-0.0254665	0.122433	1.08226	-0.498518	0.340417	1.22608	-1.38989	0.359087	1.13041	-0.634457	0.38609	1.14913	-0.336598	0.348737	1.02169	-0.0456252	0.277633
126	3.50854	1.10485	-1.36074	0.142354	1.32231	-0.0564656	0.0818929	1.38123	-0.0276805	0.139844	1.24294	-0.466227	0.0364111	1.14485	-0.0163588	0.0635018	1.19308	-1.40275	-0.0508723	1.1972	-0.629793	-0.0195767	1.29025	-0.289159	0.0313506	1.10533	-0.025412	0.122608	1.06599	-0.49909	0.33959	1.21626	-1.38853	0.358909	1.11575	-0.635206	0.385869	1.12412	-0.332941	0.348383	0.979826	-0.048796	0.278664
127	3.51853	1.09321	-1.35974	0.142808	1.32212	-0.0566084	0.0822135	1.38117	-0.0279268	0.140115	1.23894	-0.465877	0.0361769	1.14499	-0.0163231	0.0634667	1.17986	-1.40203	-0.0507997	1.18991	-0.628873	-0.0192962	1.28814	-0.28914	0.0313117	1.10506	-0.025243	0.122653	1.05048	-0.499138	0.338792	1.20639	-1.38688	0.358805	1.10172	-0.635266	0.385534	1.09954	-0.329095	0.347847	0.93823	-0.0526143	0.279633
128	3.52851	1.08156	-1.35828	0.143291	1.3219	-0.0567838	0.0824086	1.38109	-0.0282613	0.140328	1.23484	-0.465559	0.035762	1.14504	-0.0163514	0.0633822	1.1666	-1.40106	-0.0506458	1.18247	-0.627924	-0.0190692	1.28589	-0.289171	0.0311868	1.10487	-0.0250826	0.122487	1.03581	-0.498501	0.338082	1.19644	-1.38514	0.358809	1.08835	-0.634603	0.385099	1.07538	-0.325122	0.347206	0.896909	-0.0570942	0.280618
129	3.5385	1.07011	-1.3566	0.144034	1.3217	-0.0569907	0.0825056	1.38101	-0.0286905	0.140454	1.23055	-0.465261	0.0353401	1.14504	-0.0163413	0.063321	1.15328	-1.39986	-0.0504108	1.17508	-0.626866	-0.0190276	1.28362	-0.289218	0.0309427	1.10468	-0.0249606	0.122224	1.02207	-0.497229	0.337344	1.1864	-1.38334	0.358927	1.07573	-0.633135	0.38452	1.05174	-0.321138	0.346545	0.856008	-0.0621866	0.281611
130	3.54849	1.05842	-1.35489	0.144725	1.32153	-0.0572312	0.0825769	1.38092	-0.029241	0.14053	1.22618	-0.464926	0.0349189	1.14501	-0.0162816	0.0632586	1.13973	-1.39856	-0.0499	1.1677	-0.625728	-0.0191822	1.2813	-0.289259	0.0304468	1.10439	-0.0248857	0.122027	1.00921	-0.495536	0.3365	1.17626	-1.38132	0.359068	1.06387	-0.630961	0.38376	1.02874	-0.317451	0.346135	0.815652	-0.0678981	0.28253
131	3.55848	1.04654	-1.35309	0.145417	1.32141	-0.0575344	0.0826964	1.38079	-0.0298448	0.140606	1.22179	-0.464515	0.034475	1.14495	-0.0161874	0.0631992	1.12605	-1.39735	-0.0492305	1.16016	-0.624582	-0.0194501	1.27875	-0.289375	0.0300289	1.10416	-0.024712	0.122075	0.997092	-0.493312	0.335727	1.16597	-1.37921	0.359388	1.0526	-0.628166	0.382976	1.00637	-0.3137	0.345624	0.775993	-0.0743433	0.283494
132	3.56847	1.0347	-1.35121	0.146311	1.3212	-0.0579595	0.0828012	1.38058	-0.0305668	0.140752	1.21729	-0.464191	0.0341587	1.14495	-0.0161147	0.0630971	1.1125	-1.39606	-0.048475	1.15268	-0.623421	-0.0196504	1.27599	-0.289559	0.0300267	1.1039	-0.0245475	0.122102	0.985512	-0.490474	0.335161	1.15548	-1.37711	0.359907	1.04181	-0.624833	0.382324	0.984709	-0.310035	0.34494	0.737313	-0.0815861	0.284483
133	3.57846	1.02283	-1.34922	0.147331	1.3209	-0.0585647	0.0829125	1.38031	-0.0314337	0.141005	1.2126	-0.46395	0.0341023	1.14501	-0.0160592	0.0629675	1.09903	-1.39447	-0.0475295	1.14522	-0.622282	-0.0197943	1.27321	-0.289912	0.0299072	1.10357	-0.0243616	0.121985	0.974406	-0.486999	0.334728	1.14485	-1.37489	0.360424	1.03143	-0.620997	0.381782	0.963696	-0.306772	0.344184	0.700093	-0.0897896	0.285472
134	3.58844	1.01067	-1.34716	0.148287	1.32052	-0.0593813	0.0830661	1.38001	-0.032464	0.141325	1.20751	-0.463726	0.034146	1.14506	-0.0159949	0.0628391	1.0856	-1.39278	-0.0465209	1.13768	-0.621161	-0.0200741	1.27028	-0.290327	0.0298156	1.10323	-0.0241294	0.12179	0.963748	-0.483036	0.334561	1.13395	-1.37254	0.361096	1.0214	-0.616633	0.381372	0.9434	-0.303679	0.343477	0.664832	-0.0988811	0.286427
135	3.59843	0.998529	-1.34506	0.149445	1.32015	-0.0603298	0.0832064	1.37971	-0.0338191	0.141615	1.20195	-0.463519	0.0341965	1.14509	-0.0159097	0.0627157	1.07203	-1.39128	-0.0452923	1.13026	-0.61997	-0.0208075	1.26702	-0.29089	0.0299316	1.1029	-0.0238192	0.121574	0.95346	-0.478978	0.334504	1.12279	-1.37016	0.361945	1.01159	-0.611865	0.381149	0.923734	-0.300796	0.342793	0.632161	-0.108668	0.286989
136	3.60842	0.986439	-1.34298	0.150727	1.31967	-0.0614573	0.0832299	1.37934	-0.0355901	0.141832	1.19585	-0.46326	0.0343001	1.14513	-0.0158195	0.0626006	1.05849	-1.38988	-0.0439643	1.12242	-0.618824	-0.0213856	1.26335	-0.291613	0.0300677	1.10256	-0.0235104	0.121417	0.943185	-0.475115	0.334455	1.11138	-1.36768	0.36283	1.00186	-0.606968	0.381177	0.904698	-0.298324	0.342065	0.602695	-0.118806	0.286792
137	3.61841	0.974116	-1.3409	0.151919	1.31899	-0.0628359	0.0831293	1.37886	-0.037765	0.141944	1.18905	-0.463004	0.0344837	1.14521	-0.0157053	0.0624924	1.04504	-1.3885	-0.0425886	1.114	-0.617691	-0.0215287	1.25907	-0.29243	0.0302744	1.10225	-0.0232446	0.121315	0.932424	-0.471439	0.334627	1.09987	-1.36509	0.363822	0.991941	-0.602256	0.381497	0.88655	-0.296108	0.341268	0.576719	-0.128821	0.285628
138	3.6284	0.961504	-1.33892	0.153048	1.31815	-0.0644714	0.0828978	1.37835	-0.0405016	0.141817	1.18152	-0.462735	0.0347179	1.14532	-0.0155926	0.0624095	1.03168	-1.38717	-0.0411382	1.10488	-0.616583	-0.0215789	1.25411	-0.293256	0.0304553	1.10201	-0.0229845	0.12126	0.920849	-0.467993	0.334825	1.08807	-1.36258	0.364939	0.981446	-0.597982	0.382053	0.869493	-0.29412	0.340485	0.55436	-0.137984	0.283309
139	3.63839	0.948884	-1.33706	0.154378	1.31716	-0.0664212	0.0825048	1.37782	-0.0436037	0.141409	1.17328	-0.462447	0.0349703	1.14535	-0.0155195	0.0623303	1.01843	-1.38587	-0.0395414	1.0952	-0.615492	-0.0215882	1.24858	-0.294132	0.030485	1.10181	-0.022747	0.121217	0.908314	-0.465144	0.334643	1.07602	-1.36028	0.366247	0.969836	-0.594318	0.382574	0.853439	-0.292431	0.339517	0.535569	-0.144854	0.280073
140	3.64837	0.936306	-1.33525	0.155849	1.31601	-0.0687392	0.0818455	1.37724	-0.0472363	0.140696	1.1643	-0.462099	0.0353239	1.14532	-0.0154608	0.0622438	1.00535	-1.38461	-0.0378845	1.08481	-0.614446	-0.0213712	1.24254	-0.295233	0.0303667	1.10167	-0.0225283	0.121202	0.894656	-0.463185	0.334063	1.06381	-1.35793	0.367599	0.956692	-0.59139	0.38268	0.838317	-0.290957	0.338148	0.519975	-0.14799	0.27642
141	3.65836	0.923602	-1.33361	0.157339	1.31466	-0.0714054	0.0809571	1.37654	-0.0513129	0.139624	1.15455	-0.461626	0.0358275	1.14526	-0.0154013	0.062137	0.992366	-1.38344	-0.0361832	1.07364	-0.613441	-0.0209217	1.23598	-0.296481	0.0303366	1.10156	-0.0223381	0.121209	0.879706	-0.462162	0.333208	1.05143	-1.35559	0.369159	0.941933	-0.589428	0.382418	0.823933	-0.289727	0.336492	0.507068	-0.146143	0.272819
142	3.66835	0.910711	-1.33213	0.158854	1.31297	-0.0744619	0.0799041	1.37566	-0.0558913	0.138257	1.14403	-0.461071	0.0364092	1.14517	-0.0153381	0.0620283	0.979328	-1.38246	-0.0344909	1.06193	-0.612281	-0.020165	1.22882	-0.297736	0.0304538	1.10144	-0.0221991	0.121222	0.863506	-0.461939	0.332235	1.03899	-1.35337	0.370904	0.926027	-0.588382	0.381856	0.81015	-0.288714	0.334895	0.496703	-0.139455	0.269367
143	3.67834	0.897497	-1.33094	0.160377	1.31102	-0.0779118	0.0787159	1.37454	-0.0609504	0.136746	1.13274	-0.460384	0.0371417	1.14509	-0.0152639	0.0618945	0.966308	-1.38165	-0.032717	1.04971	-0.611036	-0.0191944	1.22096	-0.299141	0.0305424	1.1013	-0.0221023	0.121245	0.846453	-0.462219	0.331311	1.02633	-1.35122	0.372523	0.909404	-0.5881	0.381141	0.797134	-0.287728	0.333735	0.489073	-0.128983	0.26603
144	3.68833	0.884049	-1.32982	0.162218	1.30886	-0.0817132	0.0775127	1.37303	-0.0665558	0.135247	1.12073	-0.459532	0.0380545	1.14504	-0.0151824	0.0617309	0.95331	-1.38094	-0.0308422	1.03696	-0.609714	-0.0180876	1.21277	-0.300653	0.0305229	1.10112	-0.022052	0.121293	0.829068	-0.462585	0.330404	1.01343	-1.34929	0.374374	0.892291	-0.588353	0.380417	0.785197	-0.286502	0.333086	0.483919	-0.115997	0.262141
145	3.69832	0.870667	-1.32881	0.164249	1.30644	-0.0859142	0.07639	1.37107	-0.0727867	0.13389	1.10801	-0.458543	0.0391305	1.14504	-0.0151133	0.0615827	0.940253	-1.38038	-0.0288954	1.02386	-0.608281	-0.0169905	1.20423	-0.302261	0.0305363	1.10087	-0.0219853	0.121347	0.811902	-0.46277	0.329708	1.00036	-1.34761	0.376589	0.875053	-0.588895	0.379728	0.774393	-0.284962	0.332403	0.478873	-0.101181	0.257572
146	3.7083	0.857261	-1.32804	0.166335	1.30355	-0.0907323	0.0753375	1.36858	-0.0798321	0.132539	1.09458	-0.457405	0.0405126	1.14501	-0.0150578	0.06151	0.927328	-1.37997	-0.0267724	1.01028	-0.606833	-0.0157509	1.19496	-0.304108	0.030823	1.1006	-0.021885	0.121409	0.795659	-0.462804	0.329392	0.986932	-1.34595	0.378823	0.858078	-0.589558	0.379117	0.764199	-0.283477	0.33095	0.470805	-0.0849731	0.254104
147	3.71829	0.843717	-1.32758	0.168349	1.29994	-0.096296	0.0742854	1.36539	-0.087841	0.131173	1.08037	-0.456223	0.0422581	1.14495	-0.0150072	0.0615269	0.91465	-1.37964	-0.0245361	0.99616	-0.605412	-0.0142703	1.18478	-0.306414	0.0313266	1.1003	-0.0218606	0.121419	0.781112	-0.463155	0.329568	0.973202	-1.34448	0.381045	0.841876	-0.590423	0.378757	0.753362	-0.282941	0.328988	0.461136	-0.0708244	0.254544
148	3.72828	0.830029	-1.32746	0.170103	1.29543	-0.102607	0.0731828	1.36127	-0.0969751	0.129862	1.06518	-0.455145	0.0440516	1.14495	-0.0150199	0.0616083	0.902003	-1.3796	-0.022295	0.981406	-0.604134	-0.012628	1.17345	-0.309228	0.0319124	1.09993	-0.0218958	0.121539	0.767984	-0.463838	0.33074	0.959278	-1.34331	0.383358	0.826693	-0.591608	0.378909	0.741273	-0.283624	0.328458	0.453119	-0.0617518	0.256533
149	3.73827	0.816214	-1.32777	0.171803	1.28972	-0.109663	0.0720999	1.35591	-0.107217	0.128685	1.04874	-0.45421	0.0457797	1.14486	-0.0151399	0.0617486	0.889288	-1.38	-0.0201319	0.965854	-0.603027	-0.0109656	1.16087	-0.312337	0.0322471	1.09951	-0.0219794	0.121877	0.755019	-0.464753	0.332565	0.945132	-1.34248	0.38564	0.812171	-0.593201	0.379834	0.728538	-0.284933	0.33059	0.448291	-0.0553556	0.256951
150	3.74826	0.802476	-1.32845	0.173525	1.28265	-0.117502	0.0708056	1.34894	-0.118512	0.127345	1.03078	-0.453194	0.0474836	1.14449	-0.0153492	0.0620723	0.876627	-1.38068	-0.0179196	0.949317	-0.601949	-0.00922265	1.14681	-0.315529	0.0323022	1.09922	-0.0221751	0.122294	0.740897	-0.466632	0.334277	0.930763	-1.34209	0.38772	0.797512	-0.595402	0.381562	0.71632	-0.286392	0.334185	0.446295	-0.0487513	0.256767
151	3.75825	0.788915	-1.32958	0.17528	1.27396	-0.126387	0.0691037	1.34018	-0.131125	0.12554	1.01107	-0.451987	0.0490746	1.14398	-0.0155914	0.0627561	0.863957	-1.38185	-0.0157334	0.931654	-0.600882	-0.00741239	1.13093	-0.31888	0.0321744	1.09965	-0.0223245	0.122339	0.725358	-0.469426	0.335609	0.916324	-1.34225	0.389693	0.781967	-0.598551	0.3837	0.705232	-0.288015	0.337554	0.445175	-0.0434436	0.255633
152	3.76823	0.775585	-1.33115	0.176866	1.26326	-0.13655	0.0670944	1.32906	-0.145336	0.12361	0.989586	-0.450746	0.0502263	1.1438	-0.0159978	0.0639784	0.851331	-1.38362	-0.0136402	0.912854	-0.599963	-0.00564905	1.11311	-0.322466	0.0316464	1.10145	-0.022548	0.121884	0.709745	-0.472239	0.336674	0.902003	-1.34291	0.391712	0.765631	-0.602674	0.385803	0.695366	-0.289797	0.340079	0.444008	-0.0407571	0.253284
153	3.77822	0.762172	-1.33332	0.178337	1.25079	-0.147106	0.0653519	1.31507	-0.160997	0.121945	0.966468	-0.449581	0.0505987	1.14379	-0.0169356	0.0662049	0.83881	-1.3859	-0.0117486	0.893109	-0.599396	-0.00411454	1.09335	-0.326169	0.0306987	1.10429	-0.0229533	0.121246	0.695808	-0.474418	0.337485	0.887725	-1.34417	0.393676	0.749671	-0.606936	0.387634	0.686892	-0.291221	0.341559	0.443018	-0.0390712	0.252191
154	3.78821	0.74871	-1.33582	0.179629	1.23645	-0.157509	0.0640522	1.29831	-0.177082	0.120637	0.942034	-0.448314	0.0501812	1.14232	-0.0190406	0.0699759	0.826501	-1.38843	-0.0100987	0.872651	-0.599236	-0.00303145	1.07196	-0.329827	0.0295457	1.10589	-0.0230836	0.120681	0.684517	-0.475741	0.338119	0.873416	-1.34599	0.395584	0.735268	-0.610178	0.389254	0.680247	-0.291916	0.342238	0.442164	-0.0371032	0.253062
155	3.7982	0.735312	-1.33849	0.180739	1.22022	-0.167868	0.0632257	1.27964	-0.192139	0.119775	0.916915	-0.446903	0.0492192	1.13735	-0.0229426	0.0723098	0.814513	-1.39108	-0.00868915	0.851912	-0.599258	-0.00219412	1.04938	-0.333281	0.0284265	1.10317	-0.0235036	0.11953	0.675495	-0.476249	0.338709	0.858988	-1.34817	0.397398	0.723089	-0.611855	0.390737	0.67494	-0.292232	0.342498	0.441337	-0.0353596	0.253443
156	3.80819	0.722111	-1.34113	0.18177	1.20238	-0.177994	0.0630807	1.25986	-0.205369	0.119702	0.891734	-0.445761	0.048135	1.12787	-0.0285948	0.0716651	0.802891	-1.3937	-0.00739534	0.831299	-0.599425	-0.00170411	1.02616	-0.33675	0.0275119	1.09458	-0.0261665	0.116629	0.667896	-0.476104	0.339338	0.844376	-1.35051	0.399068	0.713036	-0.612244	0.392007	0.670317	-0.292295	0.342567	0.440696	-0.0344964	0.252673
157	3.81818	0.709235	-1.34365	0.182607	1.18322	-0.187902	0.0635591	1.23883	-0.216601	0.12127	0.866659	-0.44538	0.0472881	1.11406	-0.0359159	0.0673606	0.791741	-1.39624	-0.00620705	0.811077	-0.599925	-0.00158156	1.00245	-0.340442	0.0269763	1.0798	-0.031345	0.112473	0.661334	-0.475621	0.340057	0.82965	-1.35288	0.400676	0.704593	-0.611903	0.392911	0.66618	-0.29223	0.342255	0.440305	-0.034047	0.252154
158	3.82816	0.696709	-1.34604	0.183091	1.16253	-0.197085	0.064508	1.2163	-0.225502	0.1242	0.841709	-0.446205	0.0467082	1.09654	-0.0434841	0.0612123	0.781053	-1.39873	-0.00511591	0.791412	-0.601104	-0.0017498	0.978443	-0.344603	0.0268209	1.06092	-0.037021	0.106605	0.655559	-0.475088	0.340821	0.814854	-1.3553	0.402154	0.697202	-0.611495	0.393549	0.662889	-0.29208	0.341695	0.440092	-0.0336753	0.252156
159	3.83815	0.684481	-1.34827	0.183211	1.14034	-0.205074	0.0658521	1.19221	-0.231944	0.12808	0.816919	-0.448479	0.0462922	1.07593	-0.0509701	0.0552259	0.770766	-1.4012	-0.00407196	0.77238	-0.603183	-0.00208753	0.954414	-0.349493	0.0269933	1.03928	-0.0420044	0.0998955	0.650456	-0.47474	0.341591	0.800059	-1.35777	0.403497	0.69047	-0.611465	0.394211	0.660839	-0.292012	0.341116	0.439937	-0.0334024	0.252114
160	3.84814	0.672447	-1.35054	0.183114	1.11652	-0.211441	0.0676159	1.16682	-0.236108	0.132317	0.792215	-0.452022	0.0458458	1.05272	-0.0577253	0.0491509	0.760703	-1.4037	-0.00307103	0.753792	-0.606178	-0.00252326	0.930482	-0.354956	0.0274789	1.01505	-0.0460441	0.0928659	0.646071	-0.47468	0.342314	0.785325	-1.36028	0.404642	0.684209	-0.611857	0.394999	0.660051	-0.292148	0.340757	0.439863	-0.0332148	0.252062
161	3.85813	0.660542	-1.35287	0.182977	1.0912	-0.216027	0.0694789	1.14031	-0.238275	0.136416	0.767508	-0.45634	0.0453023	1.02677	-0.063331	0.0432183	0.750729	-1.40618	-0.00208822	0.735396	-0.609898	-0.00301045	0.906479	-0.360502	0.0283918	0.988131	-0.0495584	0.0860346	0.642263	-0.474849	0.343004	0.770814	-1.36289	0.405727	0.678181	-0.612539	0.395843	0.660092	-0.292394	0.340687	0.439904	-0.0331089	0.252151
162	3.86812	0.648656	-1.35539	0.182936	1.06465	-0.218784	0.0713194	1.11281	-0.238426	0.140144	0.742879	-0.460805	0.044656	0.998546	-0.0676243	0.0379393	0.740858	-1.40859	-0.00113681	0.717087	-0.614032	-0.0035245	0.882094	-0.365661	0.0296808	0.958802	-0.052304	0.0798852	0.638887	-0.475072	0.343683	0.75647	-1.36568	0.406902	0.672199	-0.613421	0.396726	0.660259	-0.29257	0.340815	0.439989	-0.0330237	0.252172
163	3.87811	0.636677	-1.35805	0.183093	1.0369	-0.219763	0.0730706	1.08436	-0.236698	0.143333	0.718341	-0.465161	0.0439516	0.968255	-0.0705	0.0338549	0.73094	-1.41091	-0.000267893	0.698624	-0.618295	-0.00408102	0.85723	-0.370124	0.0311642	0.927513	-0.0542118	0.0747454	0.636063	-0.47518	0.344433	0.742254	-1.36859	0.407963	0.66624	-0.614415	0.397592	0.659922	-0.292635	0.341081	0.440072	-0.0329551	0.252127
164	3.88809	0.62461	-1.36077	0.183294	1.00795	-0.219009	0.0746248	1.05497	-0.233366	0.145893	0.69403	-0.469462	0.0433663	0.93594	-0.0720603	0.0309784	0.72099	-1.4132	0.000538173	0.67993	-0.622633	-0.00459758	0.831978	-0.373804	0.0327928	0.894507	-0.0551894	0.071032	0.633798	-0.475307	0.345174	0.728143	-1.37161	0.408995	0.660472	-0.615484	0.398349	0.65885	-0.292697	0.341535	0.440161	-0.0328891	0.252155
165	3.89808	0.612507	-1.36333	0.183462	0.977907	-0.216686	0.0759077	1.02467	-0.228573	0.147939	0.669978	-0.473776	0.0430212	0.901704	-0.0724708	0.0290318	0.711049	-1.41544	0.00125933	0.660994	-0.627155	-0.00506755	0.806361	-0.376623	0.0344187	0.859804	-0.0554602	0.0686911	0.631688	-0.475545	0.345895	0.714185	-1.37463	0.409991	0.654902	-0.616582	0.399072	0.65719	-0.292938	0.342071	0.440265	-0.0328567	0.252178
166	3.90807	0.600471	-1.36582	0.183703	0.946891	-0.212836	0.0769443	0.993542	-0.222415	0.149494	0.646195	-0.478185	0.0429071	0.86565	-0.0717817	0.0276923	0.701108	-1.41758	0.00190796	0.641829	-0.631901	-0.00551838	0.780479	-0.378589	0.035958	0.823377	-0.0552523	0.0674886	0.629337	-0.475898	0.346606	0.700268	-1.37754	0.410963	0.649437	-0.617604	0.399769	0.655435	-0.293171	0.342539	0.440378	-0.0328386	0.252124
167	3.91806	0.588384	-1.36804	0.183875	0.914941	-0.207555	0.0778206	0.96175	-0.215023	0.150641	0.622699	-0.482715	0.0430729	0.828275	-0.0698255	0.0276916	0.691155	-1.41949	0.00260777	0.622472	-0.636808	-0.00592883	0.754344	-0.379683	0.0373311	0.78529	-0.0546746	0.0671091	0.626785	-0.476205	0.347336	0.68634	-1.38029	0.411863	0.644088	-0.618425	0.400282	0.653782	-0.293337	0.342999	0.44051	-0.0328042	0.252055
168	3.92805	0.576418	-1.37001	0.184103	0.882039	-0.20111	0.0785897	0.929167	-0.206519	0.151525	0.599607	-0.48723	0.0434246	0.789617	-0.067234	0.0286185	0.681149	-1.42107	0.00323171	0.602868	-0.641977	-0.00658836	0.728125	-0.379861	0.0384455	0.745747	-0.0539842	0.0673414	0.624139	-0.476335	0.348045	0.672406	-1.38286	0.412664	0.638652	-0.619142	0.400668	0.652245	-0.293542	0.343596	0.440645	-0.0327558	0.251942
169	3.93804	0.564576	-1.37161	0.184286	0.848229	-0.193702	0.0793049	0.895693	-0.196936	0.152228	0.576989	-0.49148	0.0438263	0.749454	-0.0642682	0.0300965	0.671165	-1.42231	0.00379931	0.583062	-0.647384	-0.00716902	0.701921	-0.379116	0.0393312	0.704986	-0.0531316	0.0683294	0.621527	-0.476366	0.348722	0.658583	-1.38519	0.413472	0.633134	-0.619809	0.401007	0.65084	-0.293664	0.344013	0.440775	-0.0327034	0.251798
170	3.94802	0.552654	-1.37294	0.184291	0.813497	-0.185506	0.0800394	0.861297	-0.186338	0.152819	0.554775	-0.495326	0.0442691	0.707867	-0.0612148	0.0318608	0.661199	-1.42311	0.00437328	0.563383	-0.652251	-0.00668236	0.67564	-0.377676	0.0400853	0.663095	-0.0523403	0.0698305	0.619157	-0.476381	0.349364	0.64488	-1.38724	0.414251	0.627685	-0.620348	0.401359	0.64967	-0.293741	0.344288	0.440894	-0.0326917	0.251739
171	3.95801	0.540807	-1.37404	0.184399	0.777957	-0.17667	0.0808096	0.826029	-0.174971	0.153449	0.532941	-0.498832	0.0448779	0.665314	-0.0584339	0.0336027	0.651225	-1.42342	0.00494437	0.543692	-0.657149	-0.00645148	0.649271	-0.375651	0.0408082	0.620364	-0.0519342	0.0715033	0.617011	-0.476465	0.349952	0.631172	-1.38897	0.41493	0.622277	-0.620824	0.401811	0.648852	-0.293835	0.344508	0.440981	-0.0326863	0.251764
172	3.968	0.529187	-1.37482	0.184712	0.741616	-0.167418	0.0816736	0.789789	-0.163156	0.154193	0.511537	-0.502237	0.0458045	0.622059	-0.0559883	0.0354031	0.641192	-1.42336	0.00554415	0.524546	-0.66189	-0.00637812	0.622828	-0.373008	0.0414761	0.576983	-0.0519978	0.0730505	0.614948	-0.47654	0.3505	0.617488	-1.3904	0.415523	0.616918	-0.621281	0.402226	0.648445	-0.293944	0.344714	0.441019	-0.0326631	0.251801
173	3.97799	0.51744	-1.37516	0.184943	0.704504	-0.158054	0.082709	0.752478	-0.151065	0.155032	0.490753	-0.505357	0.0469316	0.578391	-0.0539487	0.0371433	0.630942	-1.42307	0.00614275	0.506436	-0.666064	-0.00608656	0.596256	-0.369795	0.0420789	0.533181	-0.0525632	0.0745585	0.612963	-0.476552	0.351049	0.603908	-1.3915	0.416088	0.611751	-0.621668	0.402594	0.648243	-0.294069	0.34492	0.441021	-0.0326321	0.251838
174	3.98798	0.505528	-1.37515	0.185103	0.666638	-0.148717	0.0838597	0.714138	-0.138835	0.156156	0.470592	-0.508049	0.0482078	0.534516	-0.0524493	0.0387177	0.620555	-1.42249	0.00673661	0.488073	-0.670018	-0.00546225	0.569603	-0.366116	0.0426753	0.489349	-0.0536465	0.075907	0.611099	-0.476562	0.351655	0.590408	-1.39224	0.41653	0.60682	-0.621946	0.402986	0.648108	-0.294216	0.345215	0.441024	-0.0326048	0.251859
175	3.99796	0.493479	-1.37478	0.185245	0.627953	-0.139553	0.0850847	0.674744	-0.126674	0.157538	0.45112	-0.510325	0.0495195	0.490593	-0.0515171	0.0400647	0.610054	-1.42153	0.00733459	0.469458	-0.673906	-0.00451276	0.542838	-0.362131	0.0433621	0.445644	-0.0552641	0.0771011	0.609217	-0.476641	0.352269	0.577015	-1.39259	0.41684	0.601921	-0.622059	0.403394	0.647798	-0.294452	0.34561	0.441041	-0.0325759	0.251873
176	4.00795	0.481663	-1.37406	0.185464	0.588536	-0.130758	0.0864298	0.634545	-0.114942	0.158976	0.432343	-0.512144	0.0508944	0.446828	-0.0511456	0.0411448	0.599455	-1.42022	0.00791756	0.451399	-0.677344	-0.00354642	0.516089	-0.357934	0.044107	0.402107	-0.0575728	0.0779549	0.607132	-0.476749	0.352818	0.563769	-1.39268	0.417176	0.597012	-0.622223	0.403653	0.647084	-0.294684	0.346037	0.441042	-0.0325407	0.251882
177	4.01794	0.469995	-1.37305	0.185636	0.548801	-0.122449	0.0877872	0.594247	-0.103779	0.160255	0.414311	-0.513416	0.0522877	0.403134	-0.0514795	0.0421084	0.58878	-1.41862	0.00838414	0.433875	-0.680148	-0.00241735	0.489408	-0.353551	0.0449693	0.358796	-0.0604571	0.0785525	0.604785	-0.47686	0.353334	0.550687	-1.39253	0.417536	0.591987	-0.622421	0.403765	0.645952	-0.294894	0.346505	0.441042	-0.032503	0.251902
178	4.02793	0.458175	-1.37171	0.185707	0.509026	-0.114651	0.088803	0.553651	-0.0931309	0.161342	0.397011	-0.514046	0.0536163	0.359508	-0.0525671	0.0430442	0.577824	-1.41692	0.00868977	0.416987	-0.682291	-0.0010169	0.462812	-0.349037	0.0459392	0.3158	-0.064118	0.0795153	0.602234	-0.476965	0.353808	0.537665	-1.39218	0.417861	0.586722	-0.622559	0.403856	0.644611	-0.295098	0.347067	0.441029	-0.0324146	0.251867
179	4.03792	0.446282	-1.37019	0.185726	0.469084	-0.107518	0.0896301	0.51269	-0.0830605	0.162323	0.3803	-0.514	0.054856	0.315993	-0.054311	0.0442283	0.566718	-1.41505	0.00887767	0.400927	-0.683632	0.000517642	0.43645	-0.344499	0.0469362	0.273183	-0.0682981	0.0809422	0.599447	-0.47716	0.354149	0.524581	-1.39159	0.418077	0.580975	-0.622746	0.404211	0.642981	-0.295438	0.347517	0.441007	-0.0322529	0.251757
180	4.04791	0.434263	-1.36849	0.185703	0.429158	-0.101051	0.0903164	0.471486	-0.0741077	0.162789	0.364132	-0.513268	0.0560345	0.272607	-0.0566713	0.0458696	0.555571	-1.4129	0.00905896	0.385607	-0.684078	0.00205256	0.410421	-0.34005	0.047961	0.231065	-0.0730718	0.0829982	0.596157	-0.477356	0.354302	0.51151	-1.39071	0.41819	0.574859	-0.622854	0.40471	0.641214	-0.295722	0.347713	0.440975	-0.0321914	0.251758
181	4.05789	0.42242	-1.36662	0.185755	0.389257	-0.0953266	0.0907023	0.430388	-0.0662892	0.162718	0.348533	-0.511821	0.0571568	0.229412	-0.0598414	0.0480913	0.544346	-1.4105	0.00920386	0.370996	-0.683601	0.00358225	0.384782	-0.335641	0.0488977	0.189538	-0.0785893	0.0857734	0.592245	-0.477331	0.354262	0.498472	-1.38956	0.418217	0.568662	-0.622259	0.404187	0.639209	-0.296285	0.347724	0.440765	-0.0321816	0.251829
182	4.06788	0.410461	-1.36461	0.185751	0.349275	-0.0906841	0.0907958	0.389668	-0.059539	0.16227	0.333546	-0.509636	0.0583026	0.186703	-0.0640588	0.0508106	0.533001	-1.40795	0.00925579	0.357118	-0.682105	0.00504794	0.359644	-0.331253	0.0498942	0.148656	-0.0848803	0.0891979	0.587435	-0.477115	0.35407	0.485403	-1.38817	0.418106	0.561982	-0.621471	0.403736	0.636745	-0.29676	0.34749	0.440299	-0.0320065	0.251797
183	4.07787	0.398309	-1.36245	0.185653	0.309514	-0.0871773	0.0907592	0.349286	-0.0537852	0.161506	0.319152	-0.506742	0.0595216	0.144764	-0.0693169	0.0540364	0.52153	-1.40538	0.00915749	0.343926	-0.679615	0.00652841	0.334963	-0.327005	0.0508395	0.108492	-0.0917847	0.0931005	0.581728	-0.47667	0.353684	0.472306	-1.38653	0.417827	0.554753	-0.620674	0.403567	0.633627	-0.296943	0.34711	0.439769	-0.0316987	0.251655
184	4.08786	0.386066	-1.36014	0.185481	0.270243	-0.084847	0.0906779	0.309417	-0.04912	0.160521	0.305287	-0.503233	0.060822	0.104041	-0.0755691	0.0576172	0.509953	-1.40282	0.00898559	0.331316	-0.67622	0.00793652	0.31078	-0.322986	0.051736	0.0693835	-0.0993611	0.0972206	0.575189	-0.475953	0.353195	0.459204	-1.38476	0.417495	0.547046	-0.619764	0.403515	0.629674	-0.296946	0.346644	0.439196	-0.031362	0.251473
185	4.09785	0.373747	-1.35772	0.185222	0.231849	-0.0837091	0.0906854	0.270441	-0.0456889	0.159485	0.291796	-0.499251	0.0621851	0.0646231	-0.0829363	0.0612033	0.498221	-1.40021	0.00875866	0.319159	-0.672004	0.00934701	0.287055	-0.319202	0.0526536	0.031666	-0.107808	0.101459	0.567945	-0.475056	0.352833	0.446174	-1.38279	0.417092	0.538895	-0.618771	0.40346	0.625107	-0.296927	0.346256	0.438547	-0.0310609	0.251384
186	4.10784	0.361252	-1.35525	0.184923	0.194736	-0.083712	0.0909211	0.232637	-0.0433929	0.15858	0.278716	-0.49493	0.0636619	0.0269075	-0.0913888	0.0650071	0.486245	-1.39752	0.00837952	0.307253	-0.667074	0.0106909	0.263697	-0.31569	0.0535517	-0.00436003	-0.117085	0.105846	0.560333	-0.474	0.352547	0.433203	-1.38076	0.416697	0.530113	-0.61771	0.403255	0.620187	-0.296977	0.345991	0.437888	-0.0307686	0.251417
187	4.11782	0.348526	-1.35274	0.18451	0.159175	-0.0848042	0.0914818	0.196447	-0.0422617	0.158093	0.26635	-0.490314	0.0649451	-0.00892942	-0.10077	0.0690123	0.474023	-1.39474	0.00787759	0.29545	-0.661728	0.0119044	0.240585	-0.312625	0.0543358	-0.038742	-0.126924	0.110549	0.552475	-0.473049	0.35201	0.42024	-1.37875	0.41629	0.520834	-0.616561	0.402906	0.615082	-0.297159	0.345774	0.437253	-0.0304679	0.251464
188	4.12781	0.335924	-1.35027	0.184211	0.125443	-0.0868671	0.0924687	0.162119	-0.042093	0.158023	0.254655	-0.48549	0.0656901	-0.0423458	-0.110718	0.0732968	0.461593	-1.39201	0.00727045	0.283648	-0.656114	0.0129136	0.217742	-0.310148	0.0550078	-0.0711193	-0.137102	0.115715	0.54443	-0.472216	0.351539	0.407285	-1.37678	0.415796	0.511241	-0.615349	0.402393	0.609968	-0.297502	0.345512	0.436698	-0.0301192	0.251486
189	4.1378	0.323237	-1.34783	0.183865	0.093873	-0.0896068	0.0940141	0.130083	-0.0427082	0.158391	0.242965	-0.480838	0.0660066	-0.0734627	-0.120466	0.0782097	0.448895	-1.38932	0.00652056	0.271705	-0.650516	0.0136884	0.195464	-0.308267	0.0554733	-0.101245	-0.147287	0.121567	0.536161	-0.471367	0.351165	0.394415	-1.37468	0.415126	0.501426	-0.614188	0.401948	0.604837	-0.297945	0.345185	0.436212	-0.0297252	0.251503
190	4.14779	0.310288	-1.34543	0.183365	0.0647587	-0.0924294	0.096294	0.100514	-0.0438894	0.159659	0.230686	-0.476852	0.0659015	-0.102047	-0.129557	0.0839259	0.436038	-1.38661	0.00562649	0.25941	-0.645277	0.0139381	0.174226	-0.306852	0.0555415	-0.128749	-0.156882	0.12819	0.527541	-0.470681	0.350896	0.381653	-1.37256	0.41444	0.491387	-0.613193	0.401707	0.599515	-0.298433	0.344815	0.435779	-0.0293558	0.251533
191	4.15778	0.297077	-1.34314	0.182586	0.0386759	-0.0948934	0.0993166	0.0737466	-0.0449815	0.162136	0.217495	-0.473709	0.065484	-0.127606	-0.13706	0.0900551	0.422988	-1.38397	0.0046052	0.246499	-0.640743	0.0137292	0.154504	-0.30558	0.0554976	-0.153133	-0.165196	0.134903	0.518508	-0.470048	0.350634	0.368945	-1.37037	0.413653	0.481182	-0.612105	0.401461	0.593825	-0.299074	0.344537	0.435413	-0.0290676	0.251635
192	4.16777	0.283776	-1.34098	0.181746	0.0160009	-0.0962751	0.102682	0.0501716	-0.0452613	0.165356	0.203352	-0.471222	0.0650982	-0.149801	-0.142352	0.0961304	0.409799	-1.38136	0.00357041	0.232751	-0.637053	0.0130933	0.13664	-0.304036	0.0558693	-0.173868	-0.171567	0.141127	0.509009	-0.469358	0.350437	0.356295	-1.36823	0.412774	0.470809	-0.611046	0.40121	0.58769	-0.299875	0.344401	0.435133	-0.0288474	0.251818
193	4.17775	0.270795	-1.33888	0.181293	-0.00319933	-0.0961031	0.105991	0.0304081	-0.0446157	0.168673	0.188312	-0.46916	0.0650043	-0.168604	-0.145038	0.101792	0.396501	-1.37887	0.00250422	0.217784	-0.634359	0.0123919	0.120424	-0.302146	0.0570314	-0.191291	-0.175484	0.14663	0.499067	-0.468622	0.350348	0.34358	-1.3662	0.411807	0.460266	-0.610093	0.400999	0.581053	-0.300804	0.344503	0.434849	-0.0286188	0.251789
194	4.18774	0.257629	-1.33695	0.180695	-0.0190907	-0.0943648	0.108987	0.0145942	-0.0429501	0.171409	0.172554	-0.467488	0.0654721	-0.184345	-0.144644	0.107001	0.383073	-1.37661	0.00136945	0.201523	-0.632666	0.012033	0.105187	-0.300174	0.0586608	-0.206074	-0.17605	0.151581	0.488589	-0.467916	0.350337	0.330862	-1.36436	0.410837	0.44947	-0.609082	0.400573	0.573876	-0.301938	0.344787	0.434581	-0.0283872	0.251586
195	4.19773	0.244071	-1.33527	0.179712	-0.0318522	-0.091437	0.111291	0.0025988	-0.0403342	0.173468	0.156478	-0.466253	0.0666145	-0.197432	-0.141104	0.111806	0.36952	-1.37458	0.000171417	0.184262	-0.632021	0.0122754	0.0908037	-0.298245	0.0605758	-0.218614	-0.172914	0.156247	0.477582	-0.467298	0.350316	0.318139	-1.36262	0.409818	0.438063	-0.608253	0.400097	0.566189	-0.303336	0.345213	0.434384	-0.0282296	0.251471
196	4.20772	0.230256	-1.33385	0.178473	-0.0419221	-0.0876782	0.113095	-0.00613474	-0.0369513	0.174924	0.140256	-0.465369	0.0683181	-0.207896	-0.134875	0.115962	0.355906	-1.3728	-0.00108717	0.166442	-0.632172	0.0130805	0.0771865	-0.296446	0.0625168	-0.229172	-0.166395	0.160532	0.466058	-0.466724	0.350321	0.305336	-1.36118	0.408762	0.426096	-0.607701	0.399588	0.558069	-0.304937	0.345648	0.434188	-0.0281032	0.251452
197	4.21771	0.216543	-1.33257	0.177451	-0.0495367	-0.0831679	0.114689	-0.0120828	-0.0328491	0.17607	0.123876	-0.4647	0.070371	-0.215563	-0.126753	0.11923	0.342206	-1.37128	-0.00245673	0.148425	-0.632757	0.0143042	0.0643437	-0.294676	0.0644289	-0.23764	-0.157092	0.164158	0.453993	-0.466238	0.3503	0.292425	-1.35996	0.407715	0.413583	-0.607228	0.398884	0.549477	-0.306708	0.346116	0.43397	-0.02797	0.251452
198	4.2277	0.202831	-1.33155	0.176359	-0.0545585	-0.0776919	0.116168	-0.0153731	-0.027936	0.177248	0.107389	-0.464138	0.0725134	-0.220309	-0.117657	0.121261	0.328461	-1.36999	-0.00398287	0.130513	-0.633348	0.0156735	0.0523172	-0.292698	0.0663238	-0.243752	-0.146484	0.166464	0.441236	-0.465844	0.350267	0.279328	-1.35888	0.406525	0.400316	-0.60686	0.398153	0.540359	-0.30871	0.34666	0.433714	-0.0278298	0.251429
199	4.23768	0.188826	-1.33079	0.175031	-0.0571455	-0.0715739	0.11799	-0.0160951	-0.0230477	0.178472	0.0907912	-0.463636	0.0743844	-0.222449	-0.108143	0.121631	0.314653	-1.36889	-0.00566823	0.112877	-0.633518	0.0171544	0.0413374	-0.290118	0.0682832	-0.248129	-0.135712	0.167162	0.427729	-0.465461	0.350332	0.266157	-1.3579	0.405126	0.386483	-0.606491	0.397316	0.530632	-0.310906	0.347278	0.4334	-0.0277036	0.251357
200	4.24767	0.174442	-1.33022	0.173318	-0.0583865	-0.066672	0.120591	-0.0157637	-0.0209251	0.179713	0.0740917	-0.463161	0.0758021	-0.224638	-0.0977755	0.11981	0.300661	-1.368	-0.00752245	0.0956645	-0.632835	0.0187034	0.0314527	-0.286973	0.0704708	-0.253703	-0.124403	0.16639	0.413402	-0.464904	0.350564	0.253052	-1.35697	0.403601	0.37212	-0.605981	0.396457	0.520213	-0.313236	0.348026	0.433059	-0.0275866	0.251264
201	4.25766	0.159995	-1.32978	0.171409	-0.0617945	-0.0654329	0.12355	-0.0184154	-0.0234029	0.181554	0.0581446	-0.462418	0.0767752	-0.230461	-0.0864901	0.116085	0.286462	-1.36718	-0.00944701	0.0791087	-0.631214	0.0200071	0.0218848	-0.284462	0.0732806	-0.263782	-0.111744	0.163575	0.398177	-0.464132	0.350745	0.240028	-1.35606	0.401848	0.35705	-0.60524	0.395642	0.509046	-0.315777	0.34888	0.432852	-0.0274044	0.251155
202	4.26765	0.14605	-1.32951	0.170027	-0.0693891	-0.0661841	0.124188	-0.0239557	-0.0278566	0.182802	0.044413	-0.461557	0.0773302	-0.238533	-0.0766467	0.112252	0.272036	-1.36643	-0.0113073	0.0635613	-0.629363	0.0206362	0.0109437	-0.284186	0.0765269	-0.274636	-0.100736	0.158124	0.381922	-0.463143	0.350584	0.2271	-1.35531	0.39986	0.341055	-0.604304	0.394889	0.496976	-0.3186	0.349766	0.432846	-0.0271309	0.250988
203	4.27764	0.132082	-1.32961	0.168672	-0.0771644	-0.0654153	0.122864	-0.0286275	-0.0312344	0.182199	0.0320106	-0.461624	0.0770436	-0.245323	-0.0679475	0.110936	0.257404	-1.36591	-0.0130545	0.0493375	-0.62812	0.0199529	-0.0014646	-0.286079	0.0779164	-0.283304	-0.0910488	0.15625	0.364286	-0.462039	0.35004	0.21421	-1.3549	0.397859	0.324052	-0.60315	0.394109	0.48356	-0.321782	0.350796	0.432701	-0.0269894	0.250805
204	4.28763	0.117689	-1.33021	0.16738	-0.0818013	-0.0642269	0.121543	-0.0306312	-0.0332363	0.180787	0.0177336	-0.463806	0.0761439	-0.249634	-0.0596743	0.113567	0.242622	-1.36581	-0.0146812	0.0360144	-0.628062	0.0180122	-0.0145432	-0.288599	0.0764874	-0.288464	-0.0806284	0.15897	0.344856	-0.460964	0.349611	0.201201	-1.35497	0.396068	0.305946	-0.601921	0.393338	0.468355	-0.325305	0.35221	0.432603	-0.0269821	0.250605
205	4.29761	0.103056	-1.33132	0.166274	-0.084348	-0.0639232	0.121334	-0.031562	-0.0345599	0.179858	-7.88947e-05	-0.467671	0.0750112	-0.253569	-0.0533848	0.116619	0.227818	-1.36627	-0.0162006	0.0225338	-0.629423	0.0157794	-0.028157	-0.290924	0.0732052	-0.291964	-0.0716313	0.163266	0.323537	-0.459833	0.349818	0.188038	-1.35563	0.394473	0.286819	-0.600558	0.392606	0.451061	-0.328925	0.354055	0.43329	-0.0271972	0.250472
206	4.3076	0.0885024	-1.33284	0.165225	-0.0867893	-0.0642016	0.121906	-0.0328241	-0.0356405	0.17993	-0.0193453	-0.471118	0.0746492	-0.258225	-0.049296	0.117012	0.213065	-1.3672	-0.0176115	0.00796742	-0.631986	0.0144155	-0.0413751	-0.292197	0.0701368	-0.295465	-0.0652894	0.16591	0.30011	-0.458386	0.350897	0.174675	-1.35683	0.39301	0.266494	-0.598936	0.392225	0.431631	-0.332362	0.356308	0.43528	-0.0275502	0.250765
207	4.31759	0.0741294	-1.33468	0.164083	-0.0890351	-0.0644685	0.122475	-0.0340434	-0.0364493	0.180349	-0.0367232	-0.473032	0.0750657	-0.262473	-0.0456667	0.115303	0.198356	-1.3685	-0.0190008	-0.00756472	-0.635274	0.0138713	-0.0530534	-0.292629	0.0684397	-0.298521	-0.0600383	0.166149	0.274726	-0.456369	0.352872	0.161135	-1.35842	0.391605	0.24487	-0.597115	0.392435	0.410345	-0.335668	0.358917	0.437516	-0.0277602	0.251381
208	4.32758	0.0599431	-1.33666	0.162851	-0.0906532	-0.064596	0.122859	-0.0349119	-0.0370584	0.1806	-0.0502185	-0.473645	0.0754858	-0.265382	-0.0423947	0.113522	0.183678	-1.37006	-0.0204022	-0.0228729	-0.638347	0.0133994	-0.0623849	-0.293036	0.0676079	-0.300933	-0.0553707	0.166501	0.248274	-0.453865	0.355598	0.147482	-1.36024	0.390219	0.221976	-0.594959	0.393107	0.387394	-0.33887	0.361695	0.437812	-0.027511	0.251902
209	4.33757	0.045967	-1.33866	0.161668	-0.0918897	-0.064767	0.12332	-0.0354057	-0.0373795	0.180762	-0.0601446	-0.473807	0.0755967	-0.267298	-0.0398412	0.112941	0.169003	-1.37179	-0.0216311	-0.036703	-0.640237	0.0126418	-0.0695717	-0.293621	0.0671812	-0.302896	-0.0517714	0.167646	0.221324	-0.451182	0.35862	0.133872	-1.36222	0.388891	0.198271	-0.592484	0.394076	0.362923	-0.341849	0.364527	0.435209	-0.0266723	0.252182
210	4.34756	0.0322436	-1.34065	0.160623	-0.0927723	-0.0650316	0.123852	-0.0356535	-0.0375546	0.180982	-0.0681908	-0.474053	0.0755654	-0.268698	-0.0379466	0.112845	0.15439	-1.3736	-0.0227095	-0.0486831	-0.640671	0.0118495	-0.0753912	-0.294262	0.0672191	-0.304409	-0.0488226	0.168871	0.193901	-0.448735	0.361449	0.120589	-1.36407	0.387621	0.174218	-0.590006	0.395214	0.336978	-0.344717	0.367562	0.430909	-0.0251323	0.252418
211	4.35754	0.0187023	-1.34262	0.159784	-0.0933074	-0.065219	0.124231	-0.0357431	-0.0376465	0.181217	-0.0755125	-0.474301	0.0753816	-0.26953	-0.0364744	0.112555	0.139866	-1.3755	-0.0237045	-0.0591609	-0.640257	0.011289	-0.0804452	-0.294764	0.067506	-0.305385	-0.0465688	0.16941	0.166025	-0.446937	0.363622	0.107655	-1.36591	0.386374	0.150256	-0.587791	0.396338	0.309922	-0.347302	0.370659	0.425537	-0.0232475	0.253849
212	4.36753	0.00539736	-1.34467	0.15914	-0.0936365	-0.0652254	0.124317	-0.0357906	-0.037648	0.181348	-0.0827126	-0.474377	0.0750428	-0.269977	-0.0353381	0.111967	0.12545	-1.37753	-0.024669	-0.0684772	-0.639708	0.0107133	-0.0846827	-0.295075	0.0680096	-0.305931	-0.0446382	0.169385	0.137999	-0.446175	0.365058	0.0949227	-1.36787	0.385249	0.126694	-0.586106	0.397405	0.281972	-0.349588	0.373683	0.416602	-0.0223215	0.258472
213	4.37752	-0.00761011	-1.34697	0.158825	-0.0938215	-0.0651292	0.124272	-0.0358335	-0.0375565	0.181394	-0.0897661	-0.474494	0.0745098	-0.270332	-0.0344866	0.111461	0.111149	-1.37973	-0.0255989	-0.0767945	-0.639475	0.00989207	-0.0880505	-0.295173	0.0685058	-0.306394	-0.043231	0.169326	0.110262	-0.446778	0.366186	0.082486	-1.37002	0.384191	0.103741	-0.585208	0.398233	0.253312	-0.351981	0.376496	0.400182	-0.0251116	0.26588
214	4.38751	-0.0206198	-1.34939	0.158439	-0.0938387	-0.0650852	0.124243	-0.0357652	-0.0374948	0.181436	-0.0961955	-0.474841	0.0737799	-0.270577	-0.033763	0.111133	0.0969673	-1.38211	-0.0264807	-0.0844581	-0.639636	0.00876985	-0.0904872	-0.29517	0.0689124	-0.306714	-0.0421678	0.169252	0.0828058	-0.448701	0.367378	0.0703258	-1.37232	0.383153	0.0816265	-0.585342	0.398553	0.224437	-0.355073	0.379087	0.375725	-0.0310672	0.27196
215	4.3975	-0.0335462	-1.35191	0.158035	-0.0936854	-0.0650983	0.124242	-0.0356185	-0.0374689	0.18151	-0.101548	-0.475234	0.0728271	-0.270654	-0.0331276	0.110793	0.0829042	-1.38464	-0.027338	-0.0916641	-0.640068	0.00747087	-0.092008	-0.295143	0.0689867	-0.306917	-0.0413221	0.168996	0.0554885	-0.451684	0.368616	0.0584445	-1.37486	0.382196	0.0602865	-0.586672	0.398337	0.195949	-0.359158	0.381149	0.346346	-0.0367865	0.275719
216	4.40749	-0.0461302	-1.35448	0.157667	-0.0934156	-0.0651412	0.124203	-0.0354423	-0.0374884	0.18167	-0.105673	-0.47548	0.0717129	-0.270641	-0.0326048	0.110396	0.0688565	-1.38737	-0.0281194	-0.0986081	-0.640674	0.00607943	-0.0928051	-0.295197	0.0687748	-0.30706	-0.040699	0.168591	0.0284257	-0.455569	0.369725	0.0467877	-1.37764	0.381458	0.0394648	-0.589111	0.397783	0.168105	-0.363998	0.382401	0.314882	-0.0410002	0.279584
217	4.41747	-0.058565	-1.35712	0.157309	-0.0930673	-0.0651785	0.124131	-0.0352175	-0.0375598	0.181851	-0.108818	-0.47557	0.0704504	-0.270651	-0.032245	0.110037	0.0548656	-1.39023	-0.0288159	-0.105386	-0.641369	0.00470461	-0.0931322	-0.295281	0.0685086	-0.307167	-0.0402584	0.168273	0.00184484	-0.460252	0.370639	0.0352734	-1.38054	0.380883	0.0190812	-0.592417	0.397287	0.140827	-0.369012	0.3828	0.282011	-0.0438373	0.284649
218	4.42746	-0.0709306	-1.35981	0.156969	-0.0926986	-0.0651687	0.124016	-0.0349257	-0.0375431	0.181781	-0.111447	-0.475603	0.0691586	-0.270616	-0.0319359	0.109728	0.0408724	-1.39321	-0.0294384	-0.111873	-0.642042	0.00342105	-0.0932535	-0.295342	0.0679888	-0.307212	-0.0398859	0.167997	-0.0240385	-0.465558	0.371341	0.0238395	-1.38348	0.380366	-0.000992239	-0.596352	0.396986	0.113815	-0.373647	0.38258	0.247424	-0.0458451	0.290209
219	4.43745	-0.0832665	-1.36253	0.156724	-0.0923828	-0.0651697	0.123831	-0.0346834	-0.0375067	0.181678	-0.11381	-0.475726	0.0678954	-0.270562	-0.0316285	0.109455	0.0267977	-1.39636	-0.0299858	-0.118035	-0.642659	0.00222319	-0.0934703	-0.29532	0.0672007	-0.307145	-0.0394991	0.167574	-0.0493505	-0.471197	0.371775	0.0124432	-1.3864	0.37982	-0.0210856	-0.600622	0.396696	0.0869114	-0.377573	0.382232	0.21119	-0.0472978	0.295805
220	4.44744	-0.0956007	-1.36528	0.156589	-0.0921245	-0.0651933	0.123607	-0.0344863	-0.0374938	0.181591	-0.115972	-0.475945	0.0666708	-0.270551	-0.031343	0.109234	0.0127873	-1.39951	-0.0305175	-0.123936	-0.643152	0.00107171	-0.0940118	-0.295335	0.0662449	-0.30706	-0.0391397	0.167259	-0.0741052	-0.476843	0.371977	0.00116919	-1.3892	0.379264	-0.0416489	-0.605175	0.396245	0.0601873	-0.380815	0.381979	0.173668	-0.0480841	0.301332
221	4.45743	-0.107845	-1.36804	0.15652	-0.0918748	-0.0650623	0.123431	-0.0343135	-0.0374901	0.181508	-0.118043	-0.476179	0.0654492	-0.270578	-0.0310744	0.109035	-0.0010927	-1.40252	-0.0310461	-0.129405	-0.643446	0.000116835	-0.0948971	-0.295412	0.0652343	-0.307003	-0.0388162	0.167046	-0.0982928	-0.482412	0.372038	-0.0100488	-1.39188	0.378767	-0.0625411	-0.610023	0.395869	0.033648	-0.383481	0.381812	0.134908	-0.0482978	0.306459
222	4.46742	-0.120065	-1.37066	0.156402	-0.0917804	-0.0649988	0.123233	-0.0341462	-0.0374998	0.181417	-0.120217	-0.476401	0.0642549	-0.27065	-0.0307581	0.108864	-0.014883	-1.40537	-0.0315453	-0.134568	-0.643608	-0.000855319	-0.09589	-0.295468	0.0642962	-0.30706	-0.0385527	0.166819	-0.121977	-0.487839	0.371985	-0.0213517	-1.39446	0.378274	-0.0823363	-0.614573	0.396092	0.00723569	-0.3856	0.381661	0.0947312	-0.048164	0.310818
223	4.4774	-0.13233	-1.37309	0.156246	-0.0917692	-0.0650878	0.123006	-0.033972	-0.0375947	0.181312	-0.122428	-0.476608	0.0632331	-0.270737	-0.0304255	0.108776	-0.0285152	-1.40796	-0.0320088	-0.139577	-0.643607	-0.00168443	-0.0968529	-0.295592	0.0635909	-0.307107	-0.038278	0.1667	-0.145071	-0.493138	0.371791	-0.0326161	-1.39674	0.377807	-0.102358	-0.619428	0.396358	-0.0189022	-0.387089	0.381339	0.0530547	-0.047889	0.314054
224	4.48739	-0.144581	-1.37527	0.156114	-0.0916256	-0.0651421	0.122867	-0.0338244	-0.0377841	0.1812	-0.124699	-0.4768	0.0623045	-0.270785	-0.0301304	0.108723	-0.0419686	-1.41024	-0.0324498	-0.144502	-0.643502	-0.00225576	-0.0979309	-0.295746	0.0630187	-0.307127	-0.0380001	0.166687	-0.167492	-0.498181	0.371363	-0.0438645	-1.39871	0.377273	-0.122378	-0.624626	0.396778	-0.0446637	-0.387895	0.380982	0.0100038	-0.0475646	0.316215
225	4.49738	-0.156751	-1.37717	0.155862	-0.0913958	-0.0651622	0.122823	-0.0337179	-0.0378798	0.181218	-0.126883	-0.476937	0.0614655	-0.270774	-0.0298718	0.108688	-0.0554113	-1.4124	-0.0329869	-0.149127	-0.643308	-0.00275826	-0.0991225	-0.295871	0.062518	-0.307152	-0.0377449	0.166719	-0.189321	-0.502813	0.370628	-0.0551586	-1.40024	0.376667	-0.142039	-0.629798	0.397489	-0.0700832	-0.387972	0.380573	-0.0339621	-0.0471004	0.317509
226	4.50737	-0.168951	-1.3787	0.155464	-0.0912164	-0.0652065	0.122837	-0.0336429	-0.037951	0.181248	-0.129007	-0.477026	0.0607119	-0.270778	-0.0296668	0.10866	-0.0688101	-1.41422	-0.0334375	-0.153549	-0.64312	-0.00337986	-0.100314	-0.295907	0.0619708	-0.307211	-0.0375163	0.166752	-0.210587	-0.50702	0.369691	-0.0664047	-1.40131	0.376123	-0.161363	-0.634801	0.398365	-0.0952353	-0.387278	0.38003	-0.0785894	-0.0466519	0.31822
227	4.51736	-0.181063	-1.37986	0.154983	-0.0911238	-0.0652766	0.122856	-0.0336219	-0.038096	0.181228	-0.131085	-0.477098	0.059933	-0.270851	-0.0294962	0.108649	-0.0821525	-1.41591	-0.0340463	-0.158257	-0.643021	-0.00389038	-0.101443	-0.295937	0.0614534	-0.307294	-0.0373257	0.16672	-0.231274	-0.510836	0.368628	-0.0776698	-1.40199	0.375564	-0.180542	-0.63958	0.399321	-0.120227	-0.385751	0.37935	-0.123675	-0.0465254	0.318403
228	4.52735	-0.193258	-1.38069	0.15442	-0.091053	-0.0653194	0.122871	-0.0336047	-0.038182	0.181281	-0.133114	-0.477148	0.0591784	-0.270837	-0.0293149	0.108549	-0.0954605	-1.41724	-0.0345985	-0.163247	-0.642867	-0.00419072	-0.10242	-0.295991	0.0610183	-0.307406	-0.0371481	0.166598	-0.251421	-0.514294	0.367419	-0.0890651	-1.40229	0.374936	-0.199446	-0.644005	0.40029	-0.14517	-0.383472	0.378565	-0.168937	-0.0466498	0.318189
229	4.53733	-0.205384	-1.38117	0.15387	-0.0909433	-0.065371	0.122897	-0.0335808	-0.0383159	0.181367	-0.135239	-0.477222	0.0585949	-0.270739	-0.029167	0.108366	-0.108692	-1.41825	-0.0350757	-0.168226	-0.642582	-0.0044887	-0.103118	-0.296087	0.0606235	-0.307586	-0.0370149	0.166484	-0.270892	-0.517301	0.366159	-0.100418	-1.40227	0.374336	-0.218081	-0.648025	0.401146	-0.170146	-0.380503	0.377764	-0.214142	-0.0469597	0.317626
230	4.54732	-0.217384	-1.38142	0.153433	-0.0907547	-0.0654749	0.122955	-0.0335296	-0.0384959	0.181516	-0.137625	-0.477349	0.0581444	-0.270662	-0.0290489	0.10821	-0.121857	-1.41905	-0.0355678	-0.17327	-0.642181	-0.00482772	-0.10373	-0.296246	0.0604166	-0.307851	-0.0369511	0.166416	-0.289539	-0.519729	0.36487	-0.111709	-1.40187	0.373758	-0.236386	-0.65142	0.401649	-0.195176	-0.376833	0.377005	-0.259311	-0.047602	0.316818
231	4.55731	-0.229437	-1.38132	0.152876	-0.0906651	-0.0656132	0.12308	-0.0335809	-0.0385436	0.181696	-0.140462	-0.477366	0.0577839	-0.270667	-0.0289636	0.10806	-0.134958	-1.41959	-0.0360249	-0.178484	-0.641691	-0.00519561	-0.104698	-0.296481	0.0604048	-0.308085	-0.036851	0.166383	-0.307333	-0.521621	0.363421	-0.123067	-1.40116	0.373045	-0.254299	-0.654069	0.401861	-0.22037	-0.372475	0.376208	-0.304441	-0.0489158	0.315974
232	4.5673	-0.241622	-1.38086	0.152259	-0.0907249	-0.0657626	0.123238	-0.0338193	-0.0384748	0.181817	-0.143774	-0.477251	0.0575133	-0.270669	-0.0289192	0.107913	-0.148031	-1.41988	-0.036442	-0.183991	-0.641094	-0.00555825	-0.106347	-0.296673	0.0603168	-0.308277	-0.0367418	0.166297	-0.324329	-0.52289	0.361933	-0.134341	-1.40017	0.372394	-0.27195	-0.65603	0.401948	-0.245673	-0.367626	0.375414	-0.349216	-0.0506592	0.314921
233	4.57729	-0.253854	-1.38003	0.15169	-0.0908951	-0.0659112	0.123401	-0.0339636	-0.0385843	0.18194	-0.147678	-0.47708	0.0572701	-0.270647	-0.028935	0.107698	-0.161135	-1.41993	-0.0368705	-0.189977	-0.640412	-0.00583977	-0.108738	-0.296692	0.0600368	-0.308685	-0.0367021	0.166177	-0.340715	-0.523398	0.360563	-0.145595	-1.39894	0.371721	-0.288519	-0.657237	0.401558	-0.270839	-0.362561	0.374781	-0.393766	-0.0532699	0.313965
234	4.58727	-0.265948	-1.37901	0.151291	-0.0911505	-0.0660464	0.123545	-0.0340403	-0.0388341	0.182057	-0.152163	-0.476802	0.0570869	-0.270554	-0.0288653	0.107509	-0.174271	-1.41975	-0.0373314	-0.19644	-0.639652	-0.00602438	-0.111681	-0.296661	0.0598751	-0.309345	-0.036723	0.166	-0.356618	-0.523161	0.359309	-0.156868	-1.39752	0.37108	-0.304004	-0.657641	0.400802	-0.295844	-0.357418	0.374082	-0.43799	-0.0567526	0.313115
235	4.59726	-0.277997	-1.37784	0.151051	-0.0915071	-0.0662109	0.123689	-0.0341182	-0.039171	0.182167	-0.157213	-0.476405	0.0570974	-0.270577	-0.0287412	0.107403	-0.187467	-1.41943	-0.0377774	-0.203319	-0.638798	-0.00612164	-0.11493	-0.296649	0.0599151	-0.309694	-0.0364206	0.166002	-0.371867	-0.522226	0.358081	-0.168127	-1.39592	0.370494	-0.318532	-0.657192	0.399827	-0.32078	-0.352289	0.373097	-0.481756	-0.0610365	0.312255
236	4.60725	-0.290227	-1.37646	0.1508	-0.0918982	-0.0664205	0.12382	-0.0341893	-0.0395986	0.182308	-0.162771	-0.475836	0.0572342	-0.27064	-0.028609	0.10736	-0.200747	-1.41902	-0.0382037	-0.210608	-0.637816	-0.00615793	-0.118413	-0.296716	0.0600761	-0.310034	-0.0360249	0.166021	-0.386312	-0.520692	0.356762	-0.179337	-1.39421	0.369995	-0.332329	-0.655928	0.398885	-0.345453	-0.347157	0.371984	-0.524976	-0.0661467	0.311306
237	4.61724	-0.302631	-1.37495	0.150426	-0.0921187	-0.0666562	0.123928	-0.0342529	-0.0401052	0.182503	-0.168842	-0.475173	0.0574239	-0.270714	-0.0285323	0.107267	-0.214063	-1.41846	-0.0385883	-0.218342	-0.636681	-0.00613406	-0.122053	-0.296741	0.060291	-0.310498	-0.0356659	0.166029	-0.39975	-0.518586	0.355216	-0.190615	-1.39239	0.369524	-0.345422	-0.653784	0.398062	-0.369626	-0.342114	0.370884	-0.567297	-0.0720682	0.310229
238	4.62723	-0.315198	-1.37327	0.150059	-0.0923573	-0.0669379	0.124086	-0.0344695	-0.040558	0.182714	-0.175211	-0.474389	0.0577438	-0.270797	-0.028449	0.107165	-0.227461	-1.41774	-0.0389227	-0.226448	-0.635415	-0.00602616	-0.12587	-0.296697	0.0605401	-0.311068	-0.0353713	0.166053	-0.412219	-0.515856	0.353457	-0.201952	-1.39051	0.369059	-0.357527	-0.650656	0.396976	-0.39319	-0.337287	0.369832	-0.608623	-0.0790303	0.309159
239	4.63722	-0.327808	-1.37154	0.149803	-0.0927638	-0.0673289	0.124303	-0.034829	-0.0409824	0.182942	-0.181701	-0.473541	0.0581771	-0.270865	-0.0283507	0.107074	-0.240974	-1.41692	-0.0391917	-0.234839	-0.63404	-0.00588432	-0.129891	-0.296649	0.0608507	-0.31167	-0.0350981	0.166104	-0.423869	-0.512474	0.351699	-0.213346	-1.38858	0.368681	-0.368721	-0.646683	0.395665	-0.415965	-0.332669	0.368625	-0.6491	-0.0870243	0.308198
240	4.6472	-0.340441	-1.3697	0.149647	-0.0933449	-0.0677882	0.124562	-0.0351119	-0.0416135	0.183231	-0.188369	-0.472682	0.058681	-0.270912	-0.0282384	0.107014	-0.254548	-1.416	-0.0394409	-0.243402	-0.632549	-0.00570475	-0.134096	-0.296683	0.0612599	-0.312232	-0.0348175	0.166161	-0.434845	-0.508441	0.350056	-0.224878	-1.38666	0.368356	-0.379028	-0.642068	0.394199	-0.437811	-0.328391	0.367161	-0.688292	-0.0961143	0.307368
241	4.65719	-0.353094	-1.36772	0.149602	-0.093959	-0.0682981	0.124835	-0.0352808	-0.0425496	0.183602	-0.195311	-0.471854	0.0591695	-0.270973	-0.0280799	0.107022	-0.268153	-1.41501	-0.0396052	-0.252152	-0.631011	-0.00546854	-0.138491	-0.296803	0.0616647	-0.312753	-0.0345247	0.16622	-0.445219	-0.503879	0.348559	-0.236486	-1.38472	0.368194	-0.388679	-0.636947	0.392751	-0.458625	-0.324483	0.365471	-0.725668	-0.105808	0.306228
242	4.66718	-0.365853	-1.36567	0.149553	-0.0943088	-0.0688642	0.125035	-0.0355213	-0.0435946	0.183984	-0.20253	-0.471013	0.0596517	-0.271093	-0.0278754	0.107117	-0.281787	-1.41383	-0.0397024	-0.261089	-0.629491	-0.00528019	-0.143023	-0.29692	0.0620148	-0.313274	-0.0343063	0.166223	-0.454984	-0.499044	0.347286	-0.248251	-1.38277	0.368098	-0.397836	-0.631416	0.39146	-0.478477	-0.320926	0.363474	-0.760786	-0.116066	0.304462
243	4.67717	-0.378612	-1.36364	0.149559	-0.0947515	-0.0695932	0.125217	-0.0359282	-0.0447336	0.184318	-0.210009	-0.4701	0.060174	-0.27128	-0.0276959	0.107197	-0.295409	-1.4125	-0.0397425	-0.270205	-0.627933	-0.00516965	-0.147702	-0.29702	0.0623071	-0.313798	-0.0340725	0.166192	-0.46422	-0.494156	0.346283	-0.260257	-1.38082	0.368114	-0.406636	-0.625705	0.390515	-0.497615	-0.317523	0.360991	-0.793004	-0.127285	0.301642
244	4.68716	-0.391335	-1.36157	0.149632	-0.095395	-0.0705636	0.125356	-0.0363967	-0.0461696	0.184633	-0.217786	-0.469178	0.0606423	-0.271412	-0.0275641	0.107185	-0.308891	-1.41109	-0.039794	-0.279525	-0.626329	-0.00516413	-0.152608	-0.297148	0.0626128	-0.314312	-0.0337905	0.166145	-0.473513	-0.489452	0.345516	-0.272372	-1.37879	0.368223	-0.415314	-0.620088	0.390021	-0.516182	-0.314414	0.358218	-0.821825	-0.139476	0.297765
245	4.69715	-0.404202	-1.35945	0.14976	-0.0961574	-0.0717451	0.125356	-0.0368999	-0.0480515	0.184858	-0.22592	-0.468245	0.0610014	-0.271417	-0.0275297	0.107094	-0.322214	-1.40963	-0.03977	-0.289021	-0.62469	-0.00525181	-0.15774	-0.297435	0.0628614	-0.314796	-0.0335242	0.166049	-0.483547	-0.485169	0.344883	-0.28469	-1.37672	0.368387	-0.424256	-0.614882	0.389969	-0.533904	-0.311632	0.355471	-0.847072	-0.152023	0.293257
246	4.70713	-0.41709	-1.3574	0.149898	-0.096997	-0.0731597	0.125229	-0.0373637	-0.0503635	0.184915	-0.234396	-0.467332	0.0612728	-0.271393	-0.0274738	0.106995	-0.335431	-1.40809	-0.039683	-0.298687	-0.623146	-0.00539275	-0.163067	-0.297921	0.0631121	-0.3152	-0.0332608	0.165996	-0.49454	-0.481426	0.344034	-0.297161	-1.37463	0.368603	-0.434159	-0.610323	0.390119	-0.550391	-0.309146	0.352787	-0.868708	-0.163924	0.288736
247	4.71712	-0.430074	-1.35538	0.150059	-0.0978771	-0.0749055	0.125032	-0.0378869	-0.0530748	0.184731	-0.243257	-0.46649	0.0613368	-0.271395	-0.0273742	0.106878	-0.348631	-1.40641	-0.0395073	-0.308604	-0.621692	-0.0055392	-0.168671	-0.298552	0.0632534	-0.315549	-0.0330514	0.165974	-0.50643	-0.478253	0.342665	-0.309786	-1.37254	0.36889	-0.445887	-0.606577	0.390071	-0.565474	-0.306764	0.349747	-0.886815	-0.173484	0.284893
248	4.72711	-0.443129	-1.35344	0.150347	-0.0988422	-0.0769884	0.124568	-0.0384576	-0.0563951	0.184136	-0.252495	-0.465725	0.0613562	-0.271421	-0.0273064	0.106695	-0.361862	-1.40459	-0.0392564	-0.318951	-0.620339	-0.00552318	-0.174573	-0.299418	0.063209	-0.315805	-0.0328642	0.165981	-0.519474	-0.475829	0.340812	-0.322584	-1.3705	0.369244	-0.459527	-0.603707	0.389356	-0.579391	-0.304428	0.346039	-0.901642	-0.178814	0.282143
249	4.7371	-0.456305	-1.3516	0.150659	-0.100063	-0.0794903	0.12363	-0.0390716	-0.0602789	0.183206	-0.26217	-0.464987	0.0616459	-0.271451	-0.0272889	0.106446	-0.375114	-1.40272	-0.0389679	-0.329898	-0.619015	-0.00529374	-0.180837	-0.300531	0.0629303	-0.315969	-0.0327049	0.166007	-0.533885	-0.474308	0.33858	-0.335546	-1.36853	0.369626	-0.474599	-0.601943	0.388035	-0.592682	-0.302277	0.341911	-0.914245	-0.178629	0.279565
250	4.74709	-0.469591	-1.34989	0.151093	-0.101466	-0.0825592	0.122496	-0.0398231	-0.0646279	0.182008	-0.272425	-0.464231	0.062162	-0.27149	-0.0271927	0.106272	-0.388464	-1.40097	-0.0386463	-0.341482	-0.617623	-0.00489364	-0.187548	-0.301784	0.0625202	-0.316101	-0.0325617	0.166024	-0.549531	-0.4736	0.336196	-0.348585	-1.36674	0.37003	-0.490702	-0.60119	0.386363	-0.605701	-0.300439	0.337916	-0.925212	-0.17348	0.276229
251	4.75708	-0.483113	-1.34832	0.151571	-0.10305	-0.0858873	0.12125	-0.0408278	-0.0694785	0.180628	-0.283277	-0.463452	0.0624626	-0.271538	-0.0270229	0.106145	-0.40198	-1.39944	-0.0382829	-0.353702	-0.616219	-0.00446507	-0.194773	-0.303128	0.0620821	-0.316236	-0.032436	0.166051	-0.565931	-0.473451	0.333805	-0.361632	-1.36511	0.370433	-0.507328	-0.601168	0.384765	-0.618477	-0.298862	0.33448	-0.934564	-0.164379	0.271786
252	4.76706	-0.497028	-1.34693	0.152121	-0.104902	-0.089551	0.119928	-0.0421287	-0.0749087	0.17909	-0.294852	-0.462589	0.0625084	-0.27159	-0.0269024	0.105865	-0.415697	-1.39811	-0.0379064	-0.366484	-0.614743	-0.00400958	-0.202491	-0.304597	0.0616492	-0.316401	-0.0323065	0.166075	-0.582688	-0.473579	0.331626	-0.374778	-1.36361	0.370897	-0.5242	-0.601434	0.383319	-0.630954	-0.297425	0.331605	-0.94179	-0.152868	0.266708
253	4.77705	-0.511079	-1.34577	0.152857	-0.107098	-0.0936524	0.118581	-0.043755	-0.0810829	0.177562	-0.307133	-0.461607	0.0627325	-0.271567	-0.0268425	0.105493	-0.429666	-1.39688	-0.0374123	-0.379816	-0.613227	-0.00354645	-0.210738	-0.306302	0.0611843	-0.316639	-0.0321875	0.16606	-0.59973	-0.473671	0.3297	-0.388079	-1.36233	0.371544	-0.541115	-0.60168	0.381896	-0.642992	-0.295933	0.329097	-0.946565	-0.140566	0.261378
254	4.78704	-0.525131	-1.34476	0.153875	-0.109681	-0.0982041	0.117202	-0.0459804	-0.0879984	0.176207	-0.320109	-0.460497	0.0631011	-0.271459	-0.0267356	0.105203	-0.443829	-1.39576	-0.0367891	-0.39358	-0.611721	-0.003107	-0.21957	-0.308248	0.0607364	-0.316943	-0.0320713	0.166013	-0.616857	-0.473392	0.327987	-0.401547	-1.36117	0.372336	-0.558062	-0.601764	0.380432	-0.654165	-0.29407	0.326969	-0.950249	-0.128391	0.254877
255	4.79703	-0.539301	-1.34388	0.154957	-0.112781	-0.103336	0.115777	-0.0488864	-0.0956527	0.174865	-0.333855	-0.459308	0.0633392	-0.271383	-0.0266088	0.10491	-0.458065	-1.39465	-0.0360392	-0.407796	-0.61025	-0.00272991	-0.229087	-0.310463	0.0603294	-0.317288	-0.0319314	0.165932	-0.633319	-0.472793	0.326556	-0.414986	-1.36002	0.373136	-0.574885	-0.601627	0.378962	-0.66445	-0.291986	0.324887	-0.956455	-0.116406	0.246231
256	4.80702	-0.553681	-1.34318	0.155878	-0.116512	-0.109079	0.114155	-0.0524703	-0.104163	0.173201	-0.348459	-0.458075	0.0637513	-0.27138	-0.0264717	0.104572	-0.472206	-1.39354	-0.0351491	-0.4225	-0.608717	-0.00233881	-0.23939	-0.31297	0.0598388	-0.317653	-0.0318058	0.16581	-0.648339	-0.472317	0.325683	-0.428499	-1.35891	0.373888	-0.591278	-0.601397	0.377539	-0.675037	-0.290631	0.322164	-0.967181	-0.105734	0.238109
257	4.81701	-0.567961	-1.34278	0.156714	-0.121074	-0.115448	0.112166	-0.0570895	-0.113724	0.171238	-0.363862	-0.456869	0.0640418	-0.271317	-0.0263724	0.10434	-0.486147	-1.39257	-0.0341896	-0.437783	-0.607156	-0.00191369	-0.250673	-0.315905	0.0592084	-0.318004	-0.0317176	0.165736	-0.661772	-0.472744	0.325512	-0.442333	-1.35801	0.3747	-0.606582	-0.601484	0.376641	-0.687693	-0.291283	0.319934	-0.977875	-0.0978561	0.234202
258	4.82699	-0.582102	-1.34277	0.157414	-0.126761	-0.122529	0.109827	-0.0630311	-0.124284	0.169167	-0.380116	-0.455879	0.0639442	-0.271235	-0.0263055	0.104224	-0.499949	-1.3919	-0.0332554	-0.453685	-0.605765	-0.00151192	-0.263008	-0.319299	0.0582117	-0.318344	-0.031647	0.165723	-0.674897	-0.474054	0.326123	-0.456511	-1.35731	0.37548	-0.620929	-0.602421	0.376511	-0.702796	-0.293387	0.320637	-0.98528	-0.0897056	0.232178
259	4.83698	-0.596308	-1.34329	0.158051	-0.13376	-0.130206	0.107212	-0.0705849	-0.135713	0.166915	-0.397569	-0.455069	0.0635642	-0.271298	-0.0263082	0.104152	-0.513672	-1.39154	-0.0323693	-0.47038	-0.604683	-0.00126247	-0.276455	-0.323047	0.0567576	-0.318649	-0.0315654	0.165757	-0.689308	-0.476291	0.327174	-0.470882	-1.35686	0.376144	-0.635295	-0.604509	0.377188	-0.718386	-0.295753	0.324378	-0.989118	-0.0800195	0.231181
260	4.84697	-0.610434	-1.3442	0.158693	-0.142273	-0.138543	0.104359	-0.080173	-0.148093	0.16444	-0.416481	-0.454452	0.0627358	-0.271484	-0.0264475	0.104199	-0.527365	-1.39164	-0.0316182	-0.487911	-0.603884	-0.00122723	-0.291244	-0.327081	0.0547567	-0.31881	-0.0315307	0.165776	-0.705888	-0.479254	0.327999	-0.485326	-1.35677	0.376739	-0.651047	-0.607567	0.3784	-0.732799	-0.297615	0.328481	-0.991196	-0.0720785	0.2291
261	4.85696	-0.624772	-1.34536	0.159203	-0.152448	-0.147532	0.101341	-0.0923615	-0.161491	0.161934	-0.437	-0.453969	0.0612524	-0.271336	-0.0266727	0.10475	-0.541009	-1.39219	-0.0310187	-0.506314	-0.603355	-0.00157535	-0.307666	-0.331363	0.0523641	-0.31845	-0.0316531	0.16574	-0.723449	-0.481901	0.328159	-0.499796	-1.35709	0.377301	-0.668537	-0.611444	0.379648	-0.745363	-0.298833	0.330746	-0.992947	-0.0664929	0.225924
262	4.86695	-0.639065	-1.34677	0.159546	-0.164655	-0.156975	0.097908	-0.107578	-0.175791	0.159416	-0.459124	-0.45353	0.059132	-0.270915	-0.0272388	0.105878	-0.554531	-1.39326	-0.0305658	-0.52558	-0.603046	-0.00242976	-0.325811	-0.335906	0.0495641	-0.317238	-0.0319112	0.165608	-0.739698	-0.483664	0.327722	-0.514307	-1.35782	0.377756	-0.686503	-0.615789	0.380737	-0.756086	-0.299614	0.331162	-0.994418	-0.0610312	0.221995
263	4.87694	-0.653276	-1.34835	0.159838	-0.179365	-0.166562	0.0941559	-0.125694	-0.190527	0.156066	-0.482584	-0.453013	0.0563321	-0.271217	-0.028032	0.107616	-0.567931	-1.39458	-0.030254	-0.545513	-0.602992	-0.0036525	-0.34564	-0.340626	0.0464896	-0.316045	-0.0321106	0.165078	-0.753021	-0.484616	0.326991	-0.528857	-1.35894	0.378177	-0.703495	-0.619849	0.381605	-0.764839	-0.300018	0.331088	-0.995296	-0.0556261	0.218974
264	4.88692	-0.66731	-1.34999	0.160007	-0.196609	-0.175797	0.0902521	-0.145582	-0.205037	0.151264	-0.506891	-0.452233	0.0530815	-0.274422	-0.0286619	0.109464	-0.581115	-1.39606	-0.0300838	-0.565855	-0.603072	-0.00498774	-0.366992	-0.345248	0.0432988	-0.31656	-0.0315856	0.163838	-0.763538	-0.484978	0.326347	-0.543414	-1.36041	0.378565	-0.718654	-0.622648	0.382287	-0.771886	-0.300266	0.330927	-0.996042	-0.051159	0.217766
265	4.89691	-0.681131	-1.35158	0.160035	-0.215693	-0.1847	0.0863852	-0.166003	-0.218693	0.145195	-0.531573	-0.451288	0.0497395	-0.282513	-0.0300533	0.110046	-0.594067	-1.39763	-0.0299143	-0.586319	-0.603231	-0.0062796	-0.389722	-0.349321	0.0401245	-0.320619	-0.0305022	0.160764	-0.772748	-0.485271	0.326005	-0.558012	-1.36218	0.378974	-0.731717	-0.623899	0.382812	-0.77802	-0.300544	0.330051	-0.996789	-0.047582	0.21729
266	4.9069	-0.694621	-1.35313	0.159918	-0.235965	-0.19377	0.0828148	-0.186849	-0.231217	0.139419	-0.556324	-0.450549	0.0465411	-0.294883	-0.034022	0.108967	-0.606703	-1.39921	-0.029707	-0.606589	-0.603502	-0.00745019	-0.413698	-0.35262	0.036767	-0.329538	-0.0308441	0.155144	-0.781675	-0.485396	0.325704	-0.572619	-1.36407	0.379404	-0.742676	-0.623845	0.38295	-0.783482	-0.300774	0.328334	-0.997358	-0.0450533	0.216737
267	4.91689	-0.707926	-1.35469	0.159603	-0.256793	-0.203066	0.079713	-0.208709	-0.242223	0.135661	-0.581208	-0.45035	0.0437637	-0.310691	-0.040399	0.104266	-0.618975	-1.40082	-0.0295274	-0.626518	-0.604058	-0.00848101	-0.438776	-0.35541	0.0331418	-0.345202	-0.0345575	0.147958	-0.790292	-0.48509	0.325354	-0.587311	-1.3661	0.379796	-0.751952	-0.623166	0.382652	-0.788002	-0.300785	0.326281	-0.997767	-0.043761	0.216355
268	4.92688	-0.721011	-1.35632	0.159195	-0.278277	-0.212046	0.0771974	-0.231494	-0.250927	0.13448	-0.606283	-0.451136	0.0414131	-0.329573	-0.0472787	0.0958719	-0.63083	-1.40236	-0.029348	-0.646032	-0.605191	-0.00935601	-0.464473	-0.358301	0.0295982	-0.366072	-0.0396845	0.139639	-0.797989	-0.484648	0.324977	-0.602046	-1.36827	0.380165	-0.760008	-0.622459	0.382157	-0.791236	-0.300617	0.324447	-0.998038	-0.0431912	0.216273
269	4.93687	-0.73369	-1.35797	0.158799	-0.301152	-0.219951	0.0750385	-0.255459	-0.2573	0.134788	-0.631597	-0.453188	0.0394612	-0.351183	-0.0536937	0.0860616	-0.642303	-1.40387	-0.0291455	-0.665224	-0.607113	-0.0101715	-0.490219	-0.36169	0.026406	-0.389158	-0.0441028	0.12982	-0.804416	-0.484256	0.324794	-0.616827	-1.37063	0.380517	-0.767072	-0.622019	0.381742	-0.793367	-0.300515	0.323068	-0.998227	-0.0428566	0.216362
270	4.94685	-0.745987	-1.35974	0.15837	-0.325601	-0.22638	0.0732145	-0.280901	-0.261723	0.135451	-0.657105	-0.456325	0.0376585	-0.375176	-0.0593566	0.0761046	-0.653458	-1.40546	-0.0289284	-0.684338	-0.609847	-0.0111208	-0.515802	-0.365552	0.0237419	-0.413782	-0.0475765	0.119142	-0.809787	-0.483967	0.324799	-0.631473	-1.37311	0.380813	-0.773446	-0.621919	0.381435	-0.794776	-0.300541	0.321873	-0.99842	-0.042591	0.216426
271	4.95684	-0.758281	-1.36165	0.15777	-0.35134	-0.231185	0.0716101	-0.307452	-0.264033	0.136097	-0.682576	-0.460183	0.0357542	-0.400931	-0.0639335	0.0659838	-0.664334	-1.40725	-0.0288243	-0.703584	-0.613168	-0.0122328	-0.541372	-0.369516	0.0218248	-0.440164	-0.0504116	0.108532	-0.814389	-0.483734	0.324738	-0.646105	-1.37573	0.381093	-0.779535	-0.622158	0.381245	-0.795662	-0.300609	0.320873	-0.998615	-0.0423531	0.216437
272	4.96683	-0.770618	-1.36369	0.157115	-0.378159	-0.23418	0.0700671	-0.334668	-0.264264	0.136535	-0.707747	-0.464351	0.0337462	-0.428376	-0.0676408	0.0558214	-0.674996	-1.40905	-0.0287168	-0.72302	-0.616834	-0.0134387	-0.566967	-0.373276	0.0205412	-0.468476	-0.0527118	0.0982047	-0.81844	-0.483545	0.324589	-0.660708	-1.37843	0.381409	-0.785564	-0.622551	0.381057	-0.796379	-0.300839	0.320355	-0.99876	-0.0421734	0.216395
273	4.97682	-0.782913	-1.36587	0.156558	-0.405834	-0.235341	0.0686026	-0.362404	-0.262479	0.136818	-0.732398	-0.468584	0.0317276	-0.457813	-0.0705181	0.0460785	-0.685542	-1.41083	-0.0286426	-0.742659	-0.620788	-0.0147553	-0.592575	-0.376638	0.0195424	-0.498743	-0.0543389	0.0882002	-0.822115	-0.483383	0.324513	-0.675108	-1.38121	0.381629	-0.791796	-0.623042	0.380831	-0.797541	-0.301105	0.320311	-0.998879	-0.0419936	0.216373
274	4.98681	-0.795123	-1.36806	0.156025	-0.434148	-0.234745	0.0670909	-0.390751	-0.25876	0.13687	-0.756461	-0.4729	0.0298743	-0.489313	-0.0724219	0.0370997	-0.695973	-1.41258	-0.028627	-0.762494	-0.625039	-0.0162835	-0.618096	-0.379547	0.0186553	-0.530894	-0.0552445	0.0787631	-0.825737	-0.483271	0.32458	-0.689388	-1.38407	0.381798	-0.798344	-0.623654	0.380634	-0.799681	-0.301223	0.320665	-0.999156	-0.0416985	0.216417
275	4.9968	-0.807257	-1.37021	0.155451	-0.463131	-0.232606	0.0653554	-0.419527	-0.253297	0.136407	-0.780019	-0.477385	0.0282435	-0.522787	-0.0734557	0.0288718	-0.706291	-1.4143	-0.0286354	-0.782365	-0.629552	-0.0178866	-0.643466	-0.381991	0.0178512	-0.564962	-0.0555307	0.0700933	-0.829664	-0.483254	0.324747	-0.703635	-1.38692	0.381936	-0.805029	-0.624385	0.380484	-0.802848	-0.301143	0.321107	-0.999736	-0.0412101	0.216539
276	5.00678	-0.819348	-1.37224	0.154826	-0.492803	-0.229017	0.0634109	-0.448658	-0.246158	0.135401	-0.80309	-0.481995	0.0267046	-0.558271	-0.0738382	0.0214159	-0.716573	-1.4159	-0.0286809	-0.802148	-0.634389	-0.0196049	-0.668573	-0.384048	0.017042	-0.600989	-0.0554233	0.062296	-0.833977	-0.483256	0.324987	-0.71787	-1.38966	0.382052	-0.811874	-0.625109	0.380377	-0.806546	-0.30098	0.321429	-1.00043	-0.0406331	0.216609
277	5.01677	-0.831427	-1.37409	0.154131	-0.523114	-0.223978	0.0612424	-0.478171	-0.237496	0.133907	-0.825577	-0.486609	0.0252476	-0.595565	-0.0734651	0.015137	-0.7268	-1.41729	-0.0287632	-0.821873	-0.63942	-0.0213492	-0.693302	-0.385607	0.0163906	-0.639106	-0.0550973	0.0553095	-0.838441	-0.483131	0.325136	-0.732121	-1.39223	0.382074	-0.81875	-0.625769	0.38024	-0.810053	-0.300767	0.321541	-1.00101	-0.0401229	0.216605
278	5.02676	-0.843471	-1.3758	0.153441	-0.554035	-0.21757	0.058896	-0.508321	-0.227537	0.131906	-0.847492	-0.491069	0.0239844	-0.634595	-0.0727047	0.00979989	-0.736991	-1.41836	-0.0289133	-0.841539	-0.64455	-0.0229696	-0.717689	-0.386638	0.0159032	-0.678954	-0.0546213	0.0493268	-0.842794	-0.482917	0.325161	-0.746288	-1.39462	0.382067	-0.825562	-0.626367	0.380032	-0.813123	-0.300639	0.321542	-1.00146	-0.0397394	0.216551
279	5.03675	-0.855518	-1.37734	0.152828	-0.585695	-0.209998	0.056384	-0.539216	-0.216375	0.129493	-0.869048	-0.495357	0.022936	-0.674952	-0.0714006	0.00531997	-0.747188	-1.4191	-0.0290942	-0.861167	-0.649661	-0.0244202	-0.741832	-0.387066	0.0155265	-0.719956	-0.0539551	0.0444246	-0.846748	-0.482707	0.325076	-0.760346	-1.3968	0.381959	-0.832185	-0.626852	0.379767	-0.815651	-0.300665	0.32146	-1.00183	-0.0394636	0.216464
280	5.04674	-0.867592	-1.37866	0.152274	-0.61825	-0.201495	0.0537079	-0.571083	-0.204313	0.126781	-0.890343	-0.499408	0.0220387	-0.716303	-0.069426	0.0017752	-0.757497	-1.41955	-0.0292205	-0.880432	-0.654648	-0.0258306	-0.765869	-0.386776	0.0151368	-0.761975	-0.0534136	0.0403138	-0.85014	-0.48256	0.324888	-0.774294	-1.3987	0.381758	-0.838597	-0.627251	0.379486	-0.817486	-0.300821	0.321301	-1.00213	-0.0392676	0.216356
281	5.05673	-0.879695	-1.37969	0.151684	-0.651766	-0.192171	0.0509889	-0.60399	-0.1916	0.123874	-0.91105	-0.503068	0.0211348	-0.758209	-0.0670851	-0.00126181	-0.767956	-1.41985	-0.0293796	-0.899125	-0.659467	-0.0273296	-0.789881	-0.385578	0.0146203	-0.804559	-0.0528528	0.0368316	-0.853022	-0.482511	0.324647	-0.78811	-1.40029	0.381457	-0.844763	-0.627667	0.379127	-0.818555	-0.300978	0.32109	-1.00239	-0.0391155	0.216286
282	5.06671	-0.891795	-1.38044	0.151097	-0.686185	-0.182253	0.0482771	-0.637998	-0.1784	0.120886	-0.931104	-0.506364	0.0202998	-0.800387	-0.0644073	-0.00374617	-0.778522	-1.41984	-0.0295848	-0.91741	-0.664006	-0.02873	-0.813921	-0.383422	0.013841	-0.847328	-0.0522536	0.0340342	-0.855358	-0.48252	0.324505	-0.801787	-1.4016	0.381073	-0.850658	-0.627998	0.378701	-0.819034	-0.301144	0.320836	-1.00262	-0.0389219	0.216339
283	5.0767	-0.903855	-1.3809	0.150509	-0.721432	-0.171941	0.0455917	-0.673303	-0.164852	0.117993	-0.950517	-0.509367	0.0195818	-0.842828	-0.0618008	-0.00594814	-0.789214	-1.41956	-0.0298497	-0.93515	-0.6682	-0.0301318	-0.838246	-0.380411	0.0127492	-0.890227	-0.0519912	0.0314669	-0.85742	-0.482511	0.324474	-0.815302	-1.40266	0.380705	-0.856262	-0.628245	0.37819	-0.819258	-0.301304	0.320542	-1.0028	-0.0386692	0.216549
284	5.08669	-0.915906	-1.38108	0.149953	-0.757491	-0.161476	0.0430467	-0.709868	-0.151159	0.115396	-0.969333	-0.512012	0.0189873	-0.885581	-0.0598292	-0.00828101	-0.800021	-1.419	-0.0301534	-0.952674	-0.672095	-0.0312218	-0.86292	-0.376605	0.0112558	-0.933169	-0.0522126	0.0288709	-0.85966	-0.482483	0.324461	-0.828629	-1.4035	0.380302	-0.861669	-0.628305	0.37765	-0.819592	-0.301403	0.320356	-1.00302	-0.0384715	0.216664
285	5.09668	-0.927998	-1.38101	0.149438	-0.794249	-0.151122	0.0409187	-0.747615	-0.137424	0.113322	-0.987512	-0.514136	0.018456	-0.928376	-0.0583446	-0.0107402	-0.810946	-1.41819	-0.0304316	-0.970326	-0.675601	-0.0319758	-0.887782	-0.372094	0.00950631	-0.976151	-0.0531996	0.0260489	-0.862147	-0.482422	0.324453	-0.841841	-1.40416	0.37989	-0.866934	-0.628301	0.377077	-0.820518	-0.301461	0.320343	-1.00325	-0.0383397	0.216697
286	5.10667	-0.94012	-1.38071	0.148968	-0.83165	-0.14093	0.0390815	-0.786426	-0.123846	0.11163	-1.00503	-0.515742	0.0179394	-0.971043	-0.0573769	-0.0133628	-0.822028	-1.4172	-0.0307375	-0.987104	-0.67849	-0.032597	-0.912739	-0.367141	0.0076164	-1.01916	-0.0550422	0.0229439	-0.864907	-0.482371	0.324454	-0.854943	-1.40461	0.379462	-0.872199	-0.628352	0.376483	-0.822229	-0.301492	0.320479	-1.00343	-0.038224	0.216712
287	5.11665	-0.952218	-1.38018	0.148472	-0.869666	-0.131211	0.0373889	-0.825901	-0.110695	0.110085	-1.0218	-0.516706	0.0173856	-1.01355	-0.0572365	-0.0162123	-0.833235	-1.41604	-0.0311154	-1.00326	-0.680899	-0.0331884	-0.937684	-0.36194	0.00575092	-1.06193	-0.0577316	0.0197625	-0.867862	-0.482353	0.324468	-0.867945	-1.40477	0.378979	-0.877826	-0.6285	0.375971	-0.824533	-0.301645	0.32069	-1.00356	-0.0380297	0.216696
288	5.12664	-0.964342	-1.3794	0.147959	-0.907993	-0.122055	0.0356785	-0.865942	-0.0982804	0.108615	-1.03783	-0.517021	0.016753	-1.05587	-0.0578995	-0.0190549	-0.844604	-1.41476	-0.0315658	-1.01888	-0.682793	-0.033705	-0.962608	-0.356603	0.00396636	-1.10421	-0.0611313	0.0166807	-0.870917	-0.482377	0.324508	-0.880854	-1.40467	0.378442	-0.883199	-0.628502	0.375484	-0.826859	-0.301886	0.320805	-1.00363	-0.0377521	0.216637
289	5.13663	-0.976509	-1.37837	0.147347	-0.946669	-0.113704	0.0338808	-0.906423	-0.0866718	0.107231	-1.05313	-0.516644	0.0158877	-1.0982	-0.0594247	-0.0216486	-0.856148	-1.41348	-0.0321696	-1.03363	-0.683999	-0.034119	-0.987509	-0.351209	0.00223688	-1.14605	-0.0651194	0.0140089	-0.874048	-0.482474	0.32443	-0.893757	-1.40435	0.377835	-0.888433	-0.628426	0.375001	-0.828801	-0.302197	0.32076	-1.00382	-0.037554	0.216663
290	5.14662	-0.988678	-1.37716	0.146641	-0.985845	-0.106123	0.0321073	-0.947176	-0.0762303	0.105553	-1.06773	-0.515538	0.014775	-1.14034	-0.0613211	-0.0236127	-0.86778	-1.41206	-0.0328931	-1.04771	-0.684404	-0.0345496	-1.01224	-0.345761	0.000524103	-1.18745	-0.0695171	0.0123286	-0.877325	-0.482558	0.324125	-0.906557	-1.40377	0.377132	-0.894044	-0.628328	0.374436	-0.830397	-0.302543	0.320545	-1.00424	-0.0374857	0.216907
291	5.15661	-1.00086	-1.37576	0.145879	-1.0254	-0.0994208	0.0302244	-0.988034	-0.067092	0.103386	-1.08172	-0.513772	0.01344	-1.18228	-0.0635801	-0.0246929	-0.879446	-1.4105	-0.0337152	-1.06111	-0.683942	-0.034944	-1.03671	-0.340358	-0.00118558	-1.2284	-0.074456	0.0117633	-0.88079	-0.482493	0.32365	-0.919319	-1.40299	0.376345	-0.900004	-0.628029	0.373773	-0.831984	-0.302915	0.320201	-1.00489	-0.0376086	0.217359
292	5.1666	-1.01315	-1.37416	0.145037	-1.06499	-0.0937096	0.0281128	-1.02867	-0.0592824	0.100809	-1.09508	-0.511472	0.0119422	-1.22416	-0.0663937	-0.0248199	-0.891199	-1.40884	-0.0346432	-1.07369	-0.682612	-0.0353828	-1.06094	-0.335178	-0.00296318	-1.26878	-0.0800408	0.0122907	-0.884643	-0.482318	0.32312	-0.932142	-1.40202	0.375451	-0.906167	-0.62756	0.373117	-0.833913	-0.303198	0.319743	-1.00544	-0.0375885	0.217518
293	5.17658	-1.02548	-1.3724	0.144076	-1.10436	-0.0891505	0.0257635	-1.06883	-0.0528807	0.0977886	-1.10787	-0.508472	0.0103991	-1.26568	-0.0700558	-0.0240415	-0.902992	-1.40705	-0.0357013	-1.08544	-0.680352	-0.0358776	-1.08481	-0.330233	-0.00466424	-1.30839	-0.0863781	0.0138641	-0.889109	-0.482021	0.322584	-0.944962	-1.40088	0.374459	-0.912486	-0.626858	0.372548	-0.836385	-0.303388	0.319212	-1.00582	-0.0373791	0.217406
294	5.18657	-1.03787	-1.37051	0.14295	-1.14323	-0.0858469	0.0233296	-1.10811	-0.0477737	0.0944012	-1.11999	-0.504765	0.00899615	-1.30644	-0.0750303	-0.0225258	-0.914865	-1.40518	-0.0368483	-1.0964	-0.677189	-0.0363606	-1.10822	-0.325579	-0.00616602	-1.34717	-0.0936594	0.0161828	-0.894356	-0.481499	0.321974	-0.957782	-1.39955	0.373373	-0.919319	-0.626106	0.371935	-0.83939	-0.303548	0.318739	-1.00612	-0.037049	0.217165
295	5.19656	-1.05038	-1.36847	0.141748	-1.1813	-0.0839344	0.0209161	-1.14666	-0.0438348	0.0909197	-1.13148	-0.500569	0.00785826	-1.34606	-0.0815729	-0.0205393	-0.926844	-1.40323	-0.0381218	-1.10678	-0.673271	-0.0368242	-1.13107	-0.321282	-0.0075526	-1.38504	-0.101848	0.0190855	-0.900162	-0.480844	0.321349	-0.97063	-1.39798	0.372171	-0.926453	-0.625284	0.371312	-0.842926	-0.303694	0.318256	-1.00652	-0.03685	0.217291
296	5.20655	-1.06293	-1.36634	0.140498	-1.21829	-0.0835308	0.0185307	-1.18408	-0.0413516	0.0873244	-1.14236	-0.496034	0.0071094	-1.38425	-0.0897229	-0.0181699	-0.938853	-1.40123	-0.0395292	-1.11682	-0.668717	-0.0373486	-1.1535	-0.317473	-0.00885686	-1.42174	-0.110845	0.0224916	-0.906371	-0.480206	0.32074	-0.983466	-1.39617	0.37089	-0.933811	-0.624449	0.370621	-0.846813	-0.303797	0.317738	-1.00687	-0.0367189	0.217605
297	5.21654	-1.07553	-1.36416	0.139163	-1.25376	-0.084598	0.0163255	-1.21996	-0.0403128	0.0836503	-1.15278	-0.491435	0.00669192	-1.42047	-0.0990227	-0.0154239	-0.950963	-1.39918	-0.0410242	-1.12656	-0.663589	-0.0381241	-1.1756	-0.314362	-0.010058	-1.45681	-0.120585	0.0263722	-0.91289	-0.479645	0.320139	-0.996273	-1.39423	0.369505	-0.941465	-0.623676	0.369829	-0.850877	-0.304045	0.317286	-1.00707	-0.0365887	0.217862
298	5.22653	-1.08815	-1.36189	0.137692	-1.28738	-0.0869734	0.0144748	-1.25383	-0.0403644	0.0802011	-1.16277	-0.48688	0.0063523	-1.45442	-0.10913	-0.0124517	-0.963188	-1.39708	-0.0426276	-1.13634	-0.658241	-0.0391433	-1.19726	-0.312155	-0.0113508	-1.48991	-0.130769	0.030621	-0.919654	-0.479186	0.319513	-1.00902	-1.39216	0.368041	-0.949443	-0.622955	0.368994	-0.854991	-0.304459	0.316802	-1.00734	-0.0364868	0.218045
299	5.23651	-1.10076	-1.35951	0.136071	-1.31875	-0.0902039	0.013298	-1.28529	-0.0412695	0.0774865	-1.17284	-0.482804	0.0057456	-1.48586	-0.119265	-0.00912049	-0.975531	-1.39488	-0.0443816	-1.14644	-0.652936	-0.0405556	-1.21843	-0.310754	-0.012823	-1.52059	-0.140816	0.0352959	-0.926626	-0.478757	0.318822	-1.02166	-1.38996	0.366413	-0.957836	-0.622267	0.368039	-0.859206	-0.305014	0.316202	-1.00762	-0.0363641	0.218207
300	5.2465	-1.11334	-1.35722	0.134408	-1.34736	-0.0936332	0.0130282	-1.31414	-0.0425317	0.0760896	-1.18379	-0.479582	0.00458914	-1.51425	-0.128642	-0.00566418	-0.987997	-1.39261	-0.0462653	-1.15708	-0.648038	-0.0424517	-1.23879	-0.309797	-0.0145964	-1.54813	-0.150244	0.0400442	-0.934035	-0.478394	0.318007	-1.03416	-1.38761	0.364638	-0.966711	-0.621675	0.366962	-0.863618	-0.305727	0.315543	-1.00785	-0.0362563	0.21833
301	5.25649	-1.12592	-1.35506	0.132698	-1.37242	-0.0961947	0.0137679	-1.34008	-0.0434469	0.0763845	-1.19623	-0.477239	0.00272368	-1.53905	-0.136405	-0.00235428	-1.00052	-1.39039	-0.0481986	-1.16854	-0.643903	-0.0447863	-1.25784	-0.308912	-0.0164919	-1.57172	-0.15863	0.0443805	-0.942081	-0.478002	0.317142	-1.04659	-1.38528	0.36278	-0.97604	-0.621094	0.365914	-0.868394	-0.306575	0.315024	-1.00802	-0.0361741	0.218407
302	5.26648	-1.13856	-1.35298	0.130905	-1.39364	-0.0970991	0.0152472	-1.36256	-0.0435355	0.0780348	-1.21025	-0.475524	0.000581726	-1.55983	-0.141513	0.000576312	-1.01308	-1.38825	-0.0501868	-1.18126	-0.640672	-0.0473302	-1.27525	-0.307682	-0.0180115	-1.59124	-0.164958	0.0476519	-0.950701	-0.477411	0.316313	-1.05897	-1.38302	0.360842	-0.985808	-0.620376	0.364948	-0.873794	-0.30744	0.314698	-1.00814	-0.0361002	0.218419
303	5.27647	-1.15129	-1.35103	0.128997	-1.41111	-0.0964388	0.0167234	-1.3806	-0.0428694	0.0799817	-1.22565	-0.4743	-0.00111899	-1.57668	-0.143087	0.00305171	-1.0257	-1.38619	-0.0522416	-1.19574	-0.638459	-0.0493598	-1.2912	-0.306236	-0.0186887	-1.60715	-0.168273	0.0495792	-0.959967	-0.476581	0.31549	-1.0713	-1.38086	0.358817	-0.995985	-0.619447	0.36396	-0.879912	-0.308238	0.31452	-1.00823	-0.0360763	0.218353
304	5.28646	-1.16401	-1.34922	0.12706	-1.425	-0.0944247	0.0176712	-1.39433	-0.0411286	0.0810435	-1.24194	-0.473511	-0.0019654	-1.59034	-0.141279	0.00491213	-1.03837	-1.38418	-0.0543639	-1.21197	-0.637438	-0.0503704	-1.30596	-0.304769	-0.0186739	-1.62016	-0.167682	0.0509033	-0.970091	-0.475588	0.31456	-1.08359	-1.37879	0.356736	-1.00674	-0.61832	0.362847	-0.886725	-0.309024	0.314448	-1.0083	-0.0361683	0.21836
305	5.29644	-1.17675	-1.34753	0.125007	-1.43564	-0.0912922	0.0180732	-1.4042	-0.0380413	0.0811087	-1.25876	-0.473198	-0.00192446	-1.60134	-0.136765	0.00636965	-1.05103	-1.38227	-0.056543	-1.22946	-0.637678	-0.0505244	-1.31969	-0.303352	-0.0181966	-1.63067	-0.162987	0.0523247	-0.980972	-0.474456	0.313649	-1.09583	-1.37683	0.354634	-1.01819	-0.617033	0.361619	-0.894176	-0.309896	0.314454	-1.00827	-0.0361913	0.218432
306	5.30643	-1.18952	-1.34591	0.122772	-1.44335	-0.0870763	0.0179619	-1.4106	-0.0338041	0.0807036	-1.27568	-0.473133	-0.00130457	-1.6095	-0.130081	0.00755303	-1.06374	-1.38055	-0.0587895	-1.24752	-0.638734	-0.0500633	-1.33254	-0.30182	-0.017553	-1.63858	-0.155458	0.0536697	-0.992569	-0.47327	0.31266	-1.10813	-1.37501	0.352496	-1.0303	-0.615637	0.360164	-0.902245	-0.310878	0.314524	-1.00821	-0.0361001	0.218434
307	5.31642	-1.20239	-1.34441	0.120427	-1.44824	-0.0818726	0.0177076	-1.41337	-0.0298223	0.0800294	-1.29254	-0.472907	-0.000481467	-1.61482	-0.12174	0.0081508	-1.07651	-1.379	-0.0611255	-1.26565	-0.640026	-0.0492246	-1.34445	-0.300035	-0.0169229	-1.64402	-0.146531	0.0543281	-1.00485	-0.471993	0.311615	-1.12057	-1.37331	0.350302	-1.04305	-0.614228	0.358482	-0.910872	-0.312082	0.314564	-1.00819	-0.0359141	0.21836
308	5.32641	-1.21528	-1.34306	0.118043	-1.45096	-0.0766295	0.0183244	-1.4135	-0.0280866	0.079843	-1.30934	-0.472424	0.000130098	-1.61868	-0.111548	0.00730189	-1.08927	-1.37758	-0.0636056	-1.28355	-0.640936	-0.0481751	-1.35529	-0.297795	-0.0161654	-1.64894	-0.136466	0.0538116	-1.01787	-0.470745	0.310619	-1.1331	-1.37169	0.348013	-1.05632	-0.612843	0.356615	-0.920049	-0.313468	0.314514	-1.00831	-0.035789	0.218244
309	5.3364	-1.22818	-1.34187	0.115547	-1.45398	-0.0736507	0.0203915	-1.4151	-0.0295169	0.0810458	-1.32571	-0.471918	0.000186099	-1.6237	-0.0993988	0.00446075	-1.10207	-1.37621	-0.0661418	-1.30078	-0.641231	-0.0472521	-1.36556	-0.295617	-0.014887	-1.65653	-0.124662	0.0513185	-1.03156	-0.469403	0.309521	-1.14561	-1.37007	0.345549	-1.07014	-0.611537	0.354599	-0.929752	-0.315058	0.314428	-1.00854	-0.0357524	0.218047
310	5.34639	-1.24091	-1.34091	0.112976	-1.4603	-0.0741148	0.0218861	-1.41969	-0.0333867	0.0823114	-1.34046	-0.471711	-0.000183365	-1.63061	-0.0878034	0.00104282	-1.11491	-1.37494	-0.0686687	-1.31675	-0.641089	-0.0471152	-1.37641	-0.294494	-0.0127258	-1.66603	-0.112517	0.0467597	-1.04607	-0.467984	0.308025	-1.15799	-1.36856	0.342889	-1.08465	-0.610169	0.352362	-0.940186	-0.316927	0.314216	-1.00876	-0.0357555	0.217759
311	5.35637	-1.25359	-1.34036	0.110475	-1.46819	-0.0741865	0.0213884	-1.42419	-0.0369902	0.0817157	-1.35327	-0.472075	-0.00102817	-1.63714	-0.0788324	-0.00061744	-1.12777	-1.37386	-0.0711205	-1.33111	-0.640831	-0.0483444	-1.38844	-0.295183	-0.0107221	-1.6746	-0.102946	0.0443526	-1.06152	-0.466525	0.306193	-1.17026	-1.36738	0.34016	-1.09986	-0.608571	0.349895	-0.951563	-0.31908	0.313883	-1.00895	-0.0357014	0.217588
312	5.36636	-1.26642	-1.34025	0.108146	-1.47384	-0.0731169	0.0200847	-1.42677	-0.0393649	0.0801885	-1.36613	-0.473378	-0.0023467	-1.64225	-0.070708	0.000374582	-1.14064	-1.37314	-0.0734656	-1.3441	-0.640681	-0.0511044	-1.40073	-0.297114	-0.0108373	-1.6807	-0.0935323	0.0455026	-1.07806	-0.465077	0.30412	-1.18254	-1.36664	0.337481	-1.1158	-0.606958	0.347394	-0.964071	-0.32164	0.313661	-1.00903	-0.0355871	0.217534
313	5.37635	-1.27935	-1.34061	0.105983	-1.47711	-0.0725008	0.0192016	-1.42795	-0.0409272	0.0789132	-1.38152	-0.475973	-0.00406984	-1.64643	-0.0630024	0.00340414	-1.15347	-1.37288	-0.0757132	-1.35646	-0.641027	-0.0547412	-1.41317	-0.299611	-0.0135077	-1.68452	-0.0840627	0.0489489	-1.09608	-0.463733	0.30203	-1.19488	-1.36634	0.334918	-1.13256	-0.605413	0.344996	-0.977974	-0.3246	0.313329	-1.0087	-0.0356354	0.217369
314	5.38634	-1.29219	-1.34141	0.103825	-1.47984	-0.0725596	0.0191185	-1.42916	-0.0422421	0.0784742	-1.39944	-0.479061	-0.00595782	-1.65167	-0.0573255	0.00403017	-1.16625	-1.37311	-0.0779158	-1.36917	-0.641963	-0.0579681	-1.42578	-0.301737	-0.0171017	-1.68809	-0.0760666	0.0519868	-1.11588	-0.462341	0.300249	-1.20722	-1.36654	0.332578	-1.15029	-0.603776	0.34273	-0.993375	-0.327904	0.312776	-1.0074	-0.0359863	0.21721
315	5.39633	-1.30493	-1.3425	0.101588	-1.48245	-0.0727564	0.0196792	-1.43068	-0.0434145	0.0788559	-1.41717	-0.481367	-0.00747316	-1.65632	-0.0526633	0.00184754	-1.17896	-1.3737	-0.0800407	-1.38272	-0.643529	-0.0601265	-1.43768	-0.302768	-0.0201267	-1.69196	-0.0698918	0.0523766	-1.13732	-0.460783	0.299076	-1.21961	-1.36731	0.330447	-1.16913	-0.60199	0.340718	-1.01035	-0.331617	0.312266	-1.0053	-0.0365314	0.21736
316	5.40632	-1.31754	-1.34382	0.0993571	-1.48442	-0.0728425	0.020238	-1.43187	-0.0441655	0.0792816	-1.43219	-0.482666	-0.00848686	-1.65964	-0.0483124	-0.00114918	-1.19167	-1.37462	-0.0820811	-1.39662	-0.64556	-0.0617956	-1.4478	-0.302888	-0.0222775	-1.69549	-0.0645926	0.0521045	-1.16013	-0.459154	0.2985	-1.23207	-1.36851	0.328395	-1.18898	-0.600042	0.339134	-1.02887	-0.335682	0.311954	-1.00362	-0.0367927	0.217777
317	5.4163	-1.32999	-1.34534	0.0973044	-1.48578	-0.0728657	0.0205807	-1.43253	-0.0445464	0.0794644	-1.4435	-0.483292	-0.00918334	-1.66178	-0.0450257	-0.00271695	-1.20436	-1.3758	-0.0840515	-1.40979	-0.647456	-0.0635179	-1.45562	-0.303023	-0.0237872	-1.69824	-0.0603864	0.0526277	-1.18386	-0.457639	0.298592	-1.24448	-1.36994	0.326416	-1.20954	-0.598092	0.338008	-1.04889	-0.339863	0.311848	-1.00366	-0.0366797	0.217718
318	5.42629	-1.34224	-1.34708	0.0955257	-1.48679	-0.072973	0.0208243	-1.43287	-0.0447596	0.079553	-1.45214	-0.483753	-0.00981772	-1.66325	-0.0428928	-0.00303303	-1.21708	-1.3771	-0.0858793	-1.42171	-0.648692	-0.0653531	-1.46155	-0.303479	-0.0247297	-1.70022	-0.0569987	0.053581	-1.208	-0.456215	0.299141	-1.2567	-1.37151	0.32453	-1.2305	-0.596282	0.337252	-1.07022	-0.343791	0.311853	-1.00582	-0.0361271	0.216944
319	5.43628	-1.3543	-1.34896	0.0939432	-1.48755	-0.0731165	0.0209886	-1.43306	-0.0449042	0.0797195	-1.45984	-0.484147	-0.0105119	-1.66431	-0.0414223	-0.0034694	-1.22975	-1.37857	-0.0875415	-1.43247	-0.649307	-0.0670736	-1.46645	-0.304082	-0.0252661	-1.70158	-0.0542373	0.0538863	-1.2323	-0.454955	0.299799	-1.26865	-1.37318	0.322765	-1.2515	-0.59477	0.336749	-1.0927	-0.347374	0.312004	-1.00969	-0.034975	0.216364
320	5.44627	-1.36617	-1.35087	0.0925263	-1.48811	-0.0732752	0.0209584	-1.43315	-0.0449987	0.0798633	-1.46734	-0.484392	-0.0113683	-1.66491	-0.0401988	-0.00393132	-1.2423	-1.38031	-0.0891287	-1.44234	-0.649595	-0.068621	-1.47087	-0.304574	-0.0254054	-1.70251	-0.0519599	0.0536966	-1.25666	-0.454138	0.300266	-1.28032	-1.37491	0.321021	-1.27222	-0.593621	0.336213	-1.11605	-0.350633	0.312346	-1.01563	-0.0334849	0.217287
321	5.45626	-1.37783	-1.35286	0.0912294	-1.48847	-0.0733008	0.0208918	-1.43314	-0.0450567	0.0799394	-1.47452	-0.484468	-0.0123513	-1.66527	-0.0392334	-0.00425001	-1.25477	-1.38219	-0.0906769	-1.45139	-0.649802	-0.0701512	-1.47493	-0.304956	-0.0250666	-1.70326	-0.0502997	0.0536839	-1.28085	-0.45408	0.300341	-1.29169	-1.37667	0.319271	-1.29241	-0.592872	0.335398	-1.13989	-0.353753	0.312832	-1.02588	-0.0330856	0.220624
322	5.46625	-1.3893	-1.35489	0.0900436	-1.48864	-0.0732603	0.0208942	-1.4331	-0.0450842	0.0800018	-1.48123	-0.484616	-0.013436	-1.66547	-0.0385365	-0.00446418	-1.2671	-1.38409	-0.0922137	-1.45972	-0.650123	-0.0717024	-1.47852	-0.305073	-0.0244468	-1.70382	-0.0492455	0.0535673	-1.30465	-0.454953	0.300029	-1.30264	-1.37841	0.317533	-1.3119	-0.592681	0.334432	-1.16394	-0.356994	0.313015	-1.04313	-0.0362828	0.224372
323	5.47623	-1.40055	-1.35701	0.0889632	-1.48866	-0.0732411	0.0209788	-1.43305	-0.0450774	0.0801157	-1.48739	-0.484861	-0.0143855	-1.66556	-0.0380805	-0.00460938	-1.27936	-1.38609	-0.0936339	-1.46756	-0.650556	-0.073129	-1.48134	-0.305027	-0.0236921	-1.70414	-0.0486161	0.0532935	-1.32812	-0.456872	0.299476	-1.31334	-1.38026	0.3159	-1.33061	-0.593107	0.333233	-1.18796	-0.360909	0.312818	-1.06588	-0.0415758	0.226492
324	5.48622	-1.41166	-1.35917	0.0879506	-1.48859	-0.0732379	0.021083	-1.43298	-0.0450744	0.0802531	-1.49275	-0.485047	-0.0151541	-1.66559	-0.0378068	-0.00468457	-1.2915	-1.38826	-0.0949181	-1.47505	-0.651009	-0.0744177	-1.48326	-0.305025	-0.0230008	-1.70434	-0.0481937	0.0530619	-1.35144	-0.459796	0.298858	-1.32391	-1.38233	0.314457	-1.34863	-0.594312	0.331749	-1.2117	-0.365494	0.312077	-1.09087	-0.046188	0.228302
325	5.49621	-1.42256	-1.36139	0.0870592	-1.4885	-0.0732585	0.0211395	-1.4329	-0.0450703	0.0803485	-1.49718	-0.485154	-0.01588	-1.66558	-0.0376461	-0.00474386	-1.30356	-1.3906	-0.0961746	-1.48223	-0.651473	-0.0754786	-1.4845	-0.305228	-0.0225365	-1.70445	-0.0478704	0.0529085	-1.37457	-0.463355	0.298303	-1.33419	-1.38454	0.313136	-1.36613	-0.596398	0.330223	-1.23531	-0.370298	0.310919	-1.11706	-0.0493999	0.231086
326	5.5062	-1.43326	-1.36371	0.0862891	-1.48845	-0.0732878	0.0211104	-1.43278	-0.0450472	0.0803945	-1.50087	-0.485241	-0.0165344	-1.66552	-0.0375199	-0.0047782	-1.3156	-1.39297	-0.0973392	-1.48921	-0.652022	-0.0763943	-1.48551	-0.305526	-0.0224059	-1.70451	-0.047587	0.0527967	-1.39754	-0.467285	0.297732	-1.34419	-1.38686	0.311953	-1.38341	-0.599193	0.328785	-1.25899	-0.374683	0.309613	-1.14478	-0.051789	0.234344
327	5.51619	-1.44388	-1.36618	0.085604	-1.48842	-0.0733169	0.0210203	-1.43266	-0.045036	0.0804149	-1.50419	-0.485422	-0.0171289	-1.66545	-0.0374248	-0.00478467	-1.32759	-1.39546	-0.0984273	-1.49601	-0.652678	-0.0772196	-1.48675	-0.305782	-0.0225879	-1.70453	-0.0473534	0.0527228	-1.42022	-0.471551	0.297187	-1.354	-1.38924	0.310859	-1.40065	-0.602335	0.327321	-1.28278	-0.378151	0.308333	-1.17442	-0.0537996	0.237102
328	5.52618	-1.45441	-1.36878	0.0849901	-1.48836	-0.0733163	0.0209413	-1.43257	-0.0450688	0.0804101	-1.50733	-0.485666	-0.0177305	-1.66537	-0.0373635	-0.00476304	-1.33951	-1.3981	-0.0994281	-1.50261	-0.653367	-0.0778851	-1.48849	-0.305895	-0.0230011	-1.70455	-0.0471546	0.0526538	-1.44246	-0.475919	0.296604	-1.36367	-1.39162	0.309827	-1.41796	-0.605632	0.325835	-1.3066	-0.380558	0.30717	-1.20588	-0.0553498	0.238927
329	5.53616	-1.46487	-1.37138	0.0844543	-1.48833	-0.0733422	0.0208644	-1.43251	-0.0451512	0.0804191	-1.51032	-0.485882	-0.0183117	-1.66532	-0.0373065	-0.00474461	-1.35124	-1.40074	-0.10034	-1.50907	-0.653947	-0.0784454	-1.4905	-0.305861	-0.0235225	-1.70463	-0.0469435	0.0525389	-1.46418	-0.480285	0.295974	-1.37315	-1.394	0.308891	-1.43545	-0.609135	0.324495	-1.33034	-0.382217	0.306178	-1.23876	-0.056109	0.239737
330	5.54615	-1.47532	-1.37394	0.0839987	-1.48833	-0.073457	0.020733	-1.43254	-0.0452583	0.0805318	-1.51343	-0.48604	-0.0189152	-1.66532	-0.0372442	-0.00472203	-1.36286	-1.40332	-0.10129	-1.51539	-0.654435	-0.0790157	-1.49247	-0.305807	-0.0240309	-1.70478	-0.0466698	0.0523952	-1.48545	-0.484616	0.29515	-1.38253	-1.39628	0.308031	-1.4527	-0.613024	0.323893	-1.35393	-0.383373	0.305265	-1.27304	-0.0561352	0.239373
331	5.55614	-1.4857	-1.3764	0.0835849	-1.48834	-0.0735252	0.0206526	-1.43251	-0.0453513	0.080544	-1.51669	-0.486126	-0.0195158	-1.66532	-0.0371912	-0.00471226	-1.37444	-1.40575	-0.102209	-1.52148	-0.654769	-0.0795532	-1.49422	-0.305862	-0.0244331	-1.705	-0.0463695	0.0522545	-1.50608	-0.488834	0.294149	-1.39171	-1.39833	0.307239	-1.46981	-0.6173	0.323805	-1.37731	-0.384121	0.304316	-1.30871	-0.0557273	0.23808
332	5.56613	-1.49597	-1.37866	0.0831164	-1.48831	-0.0735434	0.0206171	-1.43237	-0.0454513	0.0804132	-1.52003	-0.486199	-0.0201526	-1.66529	-0.0371291	-0.00468925	-1.38594	-1.40793	-0.103113	-1.52733	-0.654923	-0.0799322	-1.49581	-0.305967	-0.0247789	-1.70522	-0.0460937	0.0520973	-1.5261	-0.492804	0.293088	-1.40075	-1.40004	0.306486	-1.48737	-0.621071	0.322739	-1.4005	-0.384476	0.30338	-1.34576	-0.0552447	0.236204
333	5.57612	-1.50613	-1.38066	0.0826186	-1.48826	-0.0735402	0.0205983	-1.43228	-0.045515	0.0803592	-1.52322	-0.486268	-0.0207753	-1.66528	-0.0371025	-0.00468169	-1.39731	-1.40993	-0.104017	-1.53309	-0.655094	-0.080268	-1.49745	-0.306075	-0.0251945	-1.70542	-0.0458249	0.0519668	-1.54571	-0.496536	0.292017	-1.40974	-1.40148	0.305736	-1.50487	-0.625008	0.322209	-1.42349	-0.384426	0.302617	-1.38383	-0.0546828	0.23423
334	5.58611	-1.51624	-1.38241	0.0821426	-1.48825	-0.0735526	0.0205974	-1.43227	-0.0456218	0.0803571	-1.52614	-0.486366	-0.0213022	-1.66525	-0.0370357	-0.00465341	-1.40854	-1.41173	-0.104899	-1.53862	-0.655196	-0.0806648	-1.49914	-0.306127	-0.0256164	-1.70558	-0.045524	0.0518973	-1.56485	-0.499956	0.290914	-1.41874	-1.4027	0.304988	-1.52219	-0.629172	0.322228	-1.44622	-0.383833	0.301961	-1.42282	-0.0540267	0.23232
335	5.59609	-1.52634	-1.38392	0.0817326	-1.48826	-0.0735797	0.0205972	-1.43228	-0.0458008	0.0803136	-1.52886	-0.486463	-0.0218368	-1.66523	-0.0369759	-0.00463339	-1.4197	-1.41334	-0.105725	-1.54377	-0.655158	-0.0811629	-1.50085	-0.306132	-0.0260718	-1.70574	-0.0453746	0.0518004	-1.5836	-0.503195	0.289789	-1.4277	-1.4036	0.304244	-1.53907	-0.633149	0.322519	-1.4689	-0.382336	0.301046	-1.4625	-0.0533354	0.230494
336	5.60608	-1.53638	-1.38521	0.0814154	-1.48829	-0.0735925	0.0206238	-1.43222	-0.0459051	0.0803127	-1.53151	-0.48652	-0.0224328	-1.66524	-0.0369482	-0.00466642	-1.43087	-1.41468	-0.106472	-1.54874	-0.65505	-0.0817147	-1.50252	-0.306147	-0.0265769	-1.70597	-0.0453163	0.0517457	-1.60183	-0.506287	0.288587	-1.43664	-1.40414	0.303565	-1.55537	-0.636723	0.322789	-1.49155	-0.380089	0.299928	-1.50261	-0.0528108	0.228897
337	5.61607	-1.54638	-1.38619	0.0810886	-1.48832	-0.073552	0.0207358	-1.43233	-0.0460446	0.0804516	-1.53423	-0.486548	-0.023121	-1.66524	-0.036882	-0.00474085	-1.44196	-1.41575	-0.107136	-1.55355	-0.654924	-0.0822895	-1.50408	-0.306196	-0.0270526	-1.70619	-0.045217	0.0516959	-1.61937	-0.509159	0.287305	-1.4456	-1.40443	0.302909	-1.57179	-0.640126	0.323083	-1.51413	-0.377286	0.299072	-1.54288	-0.0527858	0.227631
338	5.62606	-1.55632	-1.38687	0.0807424	-1.48838	-0.0735731	0.0208215	-1.43247	-0.0462319	0.0805868	-1.53704	-0.486504	-0.0238386	-1.66524	-0.0368136	-0.00484201	-1.45302	-1.41668	-0.107773	-1.55841	-0.654779	-0.0828661	-1.50544	-0.306225	-0.0274027	-1.70641	-0.0451046	0.0516196	-1.63621	-0.511717	0.286025	-1.45452	-1.40446	0.30225	-1.58827	-0.643344	0.323287	-1.53665	-0.374003	0.29865	-1.58344	-0.0533916	0.22678
339	5.63605	-1.56623	-1.38726	0.0804743	-1.48846	-0.0736356	0.0208896	-1.43253	-0.0464345	0.0807039	-1.5399	-0.486422	-0.0244582	-1.66524	-0.0367975	-0.00498893	-1.4641	-1.41734	-0.108306	-1.5634	-0.654533	-0.0834959	-1.50671	-0.306248	-0.0276488	-1.7066	-0.0450362	0.0514804	-1.65231	-0.513926	0.284861	-1.4634	-1.40423	0.301667	-1.60426	-0.646141	0.323409	-1.55919	-0.370274	0.298323	-1.62406	-0.0544873	0.226429
340	5.64604	-1.57614	-1.38735	0.0802363	-1.48853	-0.0736656	0.0209784	-1.43256	-0.0465186	0.080866	-1.54288	-0.486259	-0.0249589	-1.66527	-0.0368905	-0.00516667	-1.47523	-1.41777	-0.108722	-1.56844	-0.654193	-0.0841163	-1.50818	-0.306258	-0.0278837	-1.70678	-0.0449671	0.0514027	-1.66773	-0.515688	0.28382	-1.47225	-1.40372	0.301189	-1.61953	-0.648609	0.323447	-1.5817	-0.366283	0.297817	-1.66435	-0.0558753	0.226795
341	5.65602	-1.58602	-1.38718	0.0799432	-1.48861	-0.0736809	0.0210748	-1.43264	-0.0465434	0.0810613	-1.54604	-0.486056	-0.0254616	-1.66526	-0.0369306	-0.00526263	-1.48636	-1.41801	-0.109099	-1.57343	-0.653706	-0.084739	-1.50998	-0.30626	-0.0281618	-1.70697	-0.0448862	0.0513918	-1.68249	-0.516991	0.282872	-1.48116	-1.40304	0.300745	-1.63426	-0.650812	0.323452	-1.60404	-0.362237	0.297226	-1.70425	-0.0577219	0.227632
342	5.66601	-1.59594	-1.38681	0.0796682	-1.48875	-0.0737203	0.0211616	-1.43279	-0.0465082	0.0813523	-1.54941	-0.485826	-0.0259812	-1.66524	-0.0368978	-0.00531815	-1.49744	-1.41817	-0.10942	-1.57856	-0.65307	-0.0852758	-1.51208	-0.306195	-0.0285069	-1.70719	-0.0448457	0.051396	-1.69657	-0.517801	0.282067	-1.49012	-1.40222	0.300343	-1.64818	-0.652335	0.323217	-1.62604	-0.358199	0.296588	-1.74372	-0.0601595	0.228852
343	5.676	-1.60586	-1.38628	0.0795286	-1.48892	-0.073765	0.0212342	-1.43288	-0.0465815	0.0815652	-1.553	-0.485531	-0.0264295	-1.66522	-0.0368046	-0.00537343	-1.5085	-1.41812	-0.10959	-1.58401	-0.652454	-0.0857077	-1.51432	-0.306113	-0.0288239	-1.70743	-0.0448703	0.0513415	-1.70993	-0.518086	0.281495	-1.49913	-1.4013	0.300056	-1.66113	-0.653142	0.322718	-1.64764	-0.354056	0.295892	-1.7828	-0.0630929	0.230424
344	5.68599	-1.61568	-1.38562	0.0794902	-1.48911	-0.0738255	0.0212952	-1.43292	-0.0467175	0.081695	-1.55686	-0.48525	-0.0268052	-1.6652	-0.0366613	-0.0053941	-1.51949	-1.41785	-0.109611	-1.58975	-0.651844	-0.0860651	-1.51655	-0.306072	-0.0290899	-1.70762	-0.0448662	0.0512958	-1.72254	-0.517833	0.280982	-1.50814	-1.40031	0.299777	-1.67332	-0.653345	0.322139	-1.66877	-0.349843	0.29526	-1.82142	-0.0665687	0.232068
345	5.69598	-1.62548	-1.38483	0.0794929	-1.48931	-0.0739148	0.0213702	-1.43295	-0.0468853	0.0818051	-1.56089	-0.484937	-0.0271334	-1.66526	-0.0365696	-0.00544431	-1.53043	-1.41758	-0.10964	-1.59581	-0.651136	-0.0864517	-1.51878	-0.306052	-0.0292866	-1.70779	-0.0448104	0.0512508	-1.73427	-0.517037	0.280455	-1.51716	-1.39927	0.299532	-1.685	-0.65307	0.321935	-1.68936	-0.345627	0.294817	-1.85947	-0.0706017	0.233649
346	5.70596	-1.63547	-1.38398	0.0795029	-1.48949	-0.074018	0.0214842	-1.43298	-0.0471067	0.0819263	-1.56504	-0.484604	-0.0274322	-1.66538	-0.0365262	-0.00553741	-1.54148	-1.41733	-0.109723	-1.60215	-0.650378	-0.0867374	-1.52105	-0.305995	-0.029429	-1.70797	-0.0447	0.0511674	-1.74502	-0.515685	0.279911	-1.52624	-1.39822	0.299353	-1.69528	-0.651837	0.321313	-1.70934	-0.341461	0.294431	-1.8971	-0.075335	0.235137
347	5.71595	-1.64562	-1.38305	0.0794843	-1.48968	-0.0741582	0.0216442	-1.43301	-0.0474297	0.082034	-1.56921	-0.484164	-0.0276666	-1.66532	-0.0365041	-0.00565433	-1.55269	-1.41705	-0.109746	-1.60871	-0.64959	-0.0869108	-1.52339	-0.305953	-0.0294937	-1.70823	-0.0446843	0.0510105	-1.75486	-0.513806	0.279264	-1.53525	-1.39711	0.299312	-1.70419	-0.649689	0.320304	-1.72868	-0.337405	0.29394	-1.93412	-0.0806993	0.236338
348	5.72594	-1.65572	-1.38205	0.0796726	-1.48986	-0.0743231	0.0218057	-1.43309	-0.0477263	0.0821862	-1.57354	-0.483699	-0.0278157	-1.66524	-0.0364672	-0.00572341	-1.56379	-1.41679	-0.109548	-1.61549	-0.648767	-0.0870359	-1.52585	-0.305948	-0.0295029	-1.70842	-0.044608	0.0508533	-1.76385	-0.511417	0.278524	-1.54436	-1.39594	0.299364	-1.7124	-0.646948	0.319373	-1.74729	-0.333554	0.293319	-1.9702	-0.0864956	0.23735
349	5.73593	-1.66583	-1.38098	0.0799725	-1.49006	-0.0744549	0.0219944	-1.43318	-0.047988	0.0823655	-1.578	-0.483191	-0.0278737	-1.66521	-0.0363957	-0.00575384	-1.5748	-1.4165	-0.109266	-1.62257	-0.647957	-0.0870477	-1.52844	-0.305915	-0.0294963	-1.70857	-0.0444705	0.0506758	-1.77223	-0.508639	0.277741	-1.55351	-1.39474	0.299482	-1.72	-0.643676	0.318567	-1.76522	-0.329927	0.292408	-2.00514	-0.0926545	0.238245
350	5.74592	-1.67584	-1.37983	0.0803694	-1.49027	-0.0745175	0.0222352	-1.43327	-0.0482557	0.082539	-1.58268	-0.48262	-0.0279036	-1.66517	-0.0362955	-0.00579356	-1.58593	-1.41622	-0.108984	-1.62986	-0.647079	-0.0869155	-1.53119	-0.305795	-0.0295116	-1.70875	-0.0443431	0.0504958	-1.77995	-0.505532	0.276938	-1.56277	-1.39344	0.299688	-1.72702	-0.640003	0.317854	-1.78258	-0.326605	0.291234	-2.0386	-0.0993563	0.238983
351	5.75591	-1.68595	-1.37865	0.0808221	-1.49062	-0.0747682	0.0224557	-1.43341	-0.0485962	0.0827058	-1.58772	-0.48206	-0.027797	-1.66516	-0.0361909	-0.0058682	-1.59716	-1.41584	-0.108636	-1.6367	-0.645765	-0.0871721	-1.53418	-0.305708	-0.029523	-1.70891	-0.0441835	0.0503607	-1.78702	-0.50226	0.276278	-1.57208	-1.39197	0.299949	-1.73354	-0.636074	0.317277	-1.79936	-0.323578	0.289887	-2.07025	-0.106737	0.239244
352	5.76589	-1.69613	-1.3774	0.0813653	-1.49105	-0.075164	0.022634	-1.43362	-0.0490673	0.0829168	-1.59313	-0.48143	-0.027646	-1.66513	-0.0360348	-0.00589146	-1.60822	-1.4152	-0.108197	-1.64373	-0.644381	-0.0874453	-1.53741	-0.305612	-0.0294156	-1.709	-0.0440315	0.0503384	-1.79382	-0.49901	0.275881	-1.58153	-1.39034	0.300315	-1.73976	-0.632029	0.316903	-1.81558	-0.320915	0.28849	-2.09946	-0.114877	0.238822
353	5.77588	-1.70639	-1.3761	0.0819701	-1.49151	-0.0755968	0.0227791	-1.43391	-0.0496951	0.0831964	-1.59881	-0.48067	-0.0273671	-1.66508	-0.0358006	-0.00583302	-1.61921	-1.41434	-0.107667	-1.65106	-0.643003	-0.0875119	-1.54085	-0.305501	-0.0291241	-1.70921	-0.0439273	0.0502099	-1.80088	-0.495836	0.275665	-1.59103	-1.38863	0.300755	-1.74596	-0.62816	0.316862	-1.83143	-0.318723	0.287209	-2.12581	-0.123934	0.237423
354	5.78587	-1.71663	-1.37472	0.0826788	-1.49198	-0.0760892	0.0229042	-1.43423	-0.0504698	0.0835038	-1.60481	-0.479827	-0.0269732	-1.66508	-0.0356052	-0.00584531	-1.63017	-1.41338	-0.107045	-1.65862	-0.641598	-0.0873683	-1.54447	-0.305345	-0.0287699	-1.70952	-0.0438641	0.0500252	-1.80864	-0.49293	0.275466	-1.60061	-1.38682	0.301233	-1.75248	-0.624668	0.317155	-1.84668	-0.316962	0.286177	-2.14904	-0.133565	0.234959
355	5.79586	-1.72692	-1.37323	0.0834331	-1.49249	-0.076686	0.0230506	-1.43456	-0.0513156	0.0837671	-1.61118	-0.478881	-0.0264123	-1.66512	-0.0354985	-0.00590509	-1.64108	-1.41231	-0.106386	-1.66639	-0.640173	-0.0870599	-1.54845	-0.3052	-0.0283923	-1.70983	-0.043752	0.0498491	-1.81727	-0.490474	0.275096	-1.61028	-1.38489	0.301778	-1.7599	-0.621581	0.317504	-1.86102	-0.315433	0.285221	-2.16909	-0.142905	0.231821
356	5.80585	-1.73729	-1.37171	0.0841327	-1.49299	-0.0774306	0.0232708	-1.43489	-0.052327	0.0839783	-1.61797	-0.477818	-0.0256906	-1.66517	-0.0354151	-0.00598787	-1.65193	-1.41119	-0.105627	-1.67439	-0.638696	-0.0865888	-1.55278	-0.305163	-0.0279633	-1.71011	-0.0436101	0.0497001	-1.8268	-0.48847	0.274486	-1.62006	-1.38287	0.302405	-1.76875	-0.619036	0.317705	-1.87429	-0.31406	0.284111	-2.18588	-0.150598	0.228886
357	5.81584	-1.74766	-1.37011	0.0849052	-1.49354	-0.0783983	0.0235507	-1.43527	-0.053644	0.0841987	-1.62517	-0.476639	-0.0248311	-1.66517	-0.0353154	-0.00606726	-1.66275	-1.41005	-0.104836	-1.68267	-0.637116	-0.0859272	-1.55734	-0.305288	-0.0275112	-1.71038	-0.0434789	0.0496122	-1.83738	-0.48694	0.273706	-1.62993	-1.38085	0.303075	-1.77901	-0.617005	0.317623	-1.88678	-0.312789	0.282561	-2.19991	-0.15564	0.226257
358	5.82582	-1.75809	-1.36854	0.085723	-1.49417	-0.0797104	0.0237645	-1.43568	-0.055281	0.084467	-1.63287	-0.475423	-0.0238635	-1.66512	-0.035233	-0.00614164	-1.6736	-1.4089	-0.103976	-1.69128	-0.635431	-0.0850348	-1.56212	-0.305487	-0.0269237	-1.71061	-0.0433456	0.0495818	-1.84908	-0.485971	0.272842	-1.63984	-1.37885	0.303785	-1.79056	-0.615483	0.317208	-1.89857	-0.311551	0.280551	-2.21171	-0.15724	0.223671
359	5.83581	-1.76863	-1.36702	0.086611	-1.49488	-0.0813407	0.0239385	-1.43616	-0.0573029	0.0848179	-1.64113	-0.474189	-0.0228746	-1.66505	-0.0351619	-0.00622463	-1.68451	-1.40782	-0.103059	-1.70027	-0.633722	-0.0840443	-1.56714	-0.30574	-0.0262048	-1.71081	-0.0431443	0.0495331	-1.86161	-0.485527	0.271913	-1.64983	-1.37692	0.304563	-1.80296	-0.614425	0.316542	-1.90982	-0.310317	0.278468	-2.2215	-0.155203	0.220779
360	5.8458	-1.77929	-1.36556	0.0876429	-1.49569	-0.0832054	0.024256	-1.43675	-0.0597134	0.085289	-1.64984	-0.472927	-0.0217946	-1.66499	-0.0351781	-0.00637772	-1.69553	-1.40682	-0.102078	-1.70965	-0.632021	-0.0829972	-1.57243	-0.306234	-0.0255474	-1.71109	-0.0429966	0.049321	-1.87481	-0.485385	0.270958	-1.65981	-1.37503	0.305428	-1.81584	-0.613797	0.315938	-1.92045	-0.309044	0.276822	-2.22938	-0.150053	0.217455
361	5.85579	-1.79009	-1.36418	0.0887807	-1.49666	-0.0853514	0.0245794	-1.43744	-0.0626955	0.0856383	-1.65893	-0.471642	-0.0205961	-1.66488	-0.0352982	-0.00663035	-1.70667	-1.40587	-0.101053	-1.71933	-0.630325	-0.0818768	-1.57807	-0.306908	-0.0248022	-1.7114	-0.0429242	0.0490346	-1.88832	-0.485266	0.27006	-1.66989	-1.37324	0.306373	-1.82908	-0.613496	0.315423	-1.93058	-0.307672	0.275552	-2.23548	-0.142876	0.21376
362	5.86578	-1.80094	-1.36282	0.0900853	-1.49781	-0.0877955	0.0246782	-1.43824	-0.0662141	0.0857971	-1.66847	-0.470292	-0.0194154	-1.66473	-0.0352912	-0.00682356	-1.71792	-1.40493	-0.0999495	-1.72928	-0.62866	-0.0807735	-1.58413	-0.307662	-0.0240432	-1.71161	-0.0427478	0.0487385	-1.90197	-0.484958	0.269245	-1.68006	-1.37152	0.307432	-1.84246	-0.613211	0.314997	-1.94006	-0.306121	0.274479	-2.24047	-0.134022	0.209114
363	5.87577	-1.81185	-1.36152	0.091534	-1.49902	-0.0905008	0.0244953	-1.4392	-0.0702358	0.0858758	-1.67849	-0.468995	-0.0183375	-1.66456	-0.0352094	-0.00694863	-1.72922	-1.40396	-0.09871	-1.73956	-0.627057	-0.0796856	-1.59057	-0.308607	-0.023453	-1.71186	-0.0425515	0.048507	-1.91497	-0.484289	0.26882	-1.69028	-1.3699	0.308581	-1.85572	-0.612765	0.314566	-1.9489	-0.30443	0.273391	-2.24605	-0.123073	0.20281
364	5.88575	-1.82278	-1.36037	0.0930155	-1.50053	-0.0937256	0.0240512	-1.44029	-0.0749509	0.0856798	-1.68906	-0.467816	-0.0173384	-1.66442	-0.035107	-0.00703971	-1.74049	-1.40297	-0.0973561	-1.75015	-0.625532	-0.07849	-1.59746	-0.309865	-0.0230074	-1.71215	-0.0424143	0.0483488	-1.92682	-0.483783	0.269048	-1.70058	-1.36841	0.309783	-1.86835	-0.612334	0.314163	-1.95758	-0.303191	0.272127	-2.25357	-0.110867	0.196322
365	5.89574	-1.83366	-1.35944	0.094458	-1.50248	-0.09748	0.0233454	-1.44167	-0.0805444	0.0850157	-1.70017	-0.466731	-0.0163012	-1.66434	-0.0350475	-0.00713153	-1.75163	-1.40204	-0.0959	-1.76115	-0.624088	-0.0771937	-1.60494	-0.311537	-0.0226435	-1.71242	-0.042328	0.0482935	-1.93771	-0.484065	0.269921	-1.71099	-1.36714	0.311043	-1.88011	-0.612409	0.3141	-1.96703	-0.303148	0.271204	-2.26117	-0.100591	0.192716
366	5.90573	-1.8445	-1.35886	0.0957731	-1.50486	-0.101871	0.0224004	-1.44351	-0.0870261	0.0841509	-1.71195	-0.465826	-0.015233	-1.66426	-0.0350364	-0.00721819	-1.76254	-1.40127	-0.0943666	-1.77263	-0.622878	-0.0758458	-1.61319	-0.3136	-0.0224364	-1.71273	-0.0422564	0.0482949	-1.94864	-0.48513	0.271318	-1.7215	-1.36616	0.312294	-1.89111	-0.613133	0.314737	-1.97768	-0.304263	0.271884	-2.26682	-0.093066	0.190822
367	5.91572	-1.85533	-1.35866	0.0971103	-1.50772	-0.106991	0.0213089	-1.44596	-0.0944237	0.0832643	-1.72449	-0.465081	-0.0142183	-1.66416	-0.034997	-0.00719055	-1.77329	-1.40068	-0.0927796	-1.78471	-0.621929	-0.0745138	-1.62219	-0.315963	-0.0223143	-1.71308	-0.0421905	0.0483568	-1.96028	-0.486637	0.273006	-1.73205	-1.36551	0.313592	-1.90208	-0.614415	0.316016	-1.9889	-0.305825	0.274518	-2.27015	-0.0853184	0.189828
368	5.92571	-1.86606	-1.35879	0.0985777	-1.51112	-0.112899	0.020437	-1.4491	-0.102778	0.0823049	-1.7379	-0.464459	-0.0132792	-1.66413	-0.0350254	-0.00714909	-1.78395	-1.40041	-0.0912408	-1.79748	-0.621092	-0.0732233	-1.6319	-0.318668	-0.0223556	-1.71351	-0.042194	0.0484844	-1.97288	-0.488574	0.274468	-1.74259	-1.36528	0.314907	-1.91393	-0.616356	0.317808	-1.99977	-0.307344	0.277842	-2.2721	-0.0780143	0.190168
369	5.9357	-1.87674	-1.35925	0.10008	-1.51531	-0.119628	0.0199357	-1.45316	-0.112172	0.0811791	-1.75224	-0.463977	-0.01235	-1.66426	-0.0351179	-0.00706504	-1.7946	-1.40058	-0.0898277	-1.81101	-0.620312	-0.0720076	-1.64244	-0.321759	-0.0225139	-1.71402	-0.0422456	0.0486563	-1.98586	-0.490591	0.275466	-1.75312	-1.36548	0.316246	-1.92707	-0.61906	0.319813	-2.00963	-0.308645	0.280576	-2.27352	-0.0722243	0.189292
370	5.94568	-1.88744	-1.36002	0.101485	-1.52058	-0.127091	0.0189379	-1.45837	-0.122643	0.0797994	-1.76748	-0.463686	-0.011461	-1.66454	-0.0351435	-0.00674462	-1.80516	-1.40115	-0.0884855	-1.82532	-0.61977	-0.0708518	-1.65399	-0.325303	-0.0228449	-1.71448	-0.0421769	0.0489574	-1.99837	-0.492344	0.276031	-1.76368	-1.36605	0.317559	-1.94083	-0.622302	0.321727	-2.01836	-0.309671	0.282382	-2.27488	-0.0678073	0.186193
371	5.95567	-1.89807	-1.36103	0.102873	-1.52708	-0.135174	0.0175356	-1.46493	-0.134138	0.0783999	-1.7837	-0.46363	-0.0106691	-1.6648	-0.0351585	-0.00612615	-1.81563	-1.40214	-0.0871972	-1.8401	-0.619485	-0.0697343	-1.66658	-0.329356	-0.0232795	-1.71478	-0.0422055	0.0494024	-2.00941	-0.493657	0.276303	-1.77423	-1.36696	0.318882	-1.95404	-0.625481	0.323362	-2.02601	-0.310421	0.283342	-2.27575	-0.0633787	0.183192
372	5.96566	-1.90859	-1.36218	0.104314	-1.53481	-0.143955	0.0161546	-1.473	-0.146669	0.0772823	-1.80091	-0.463756	-0.0098614	-1.66473	-0.0352617	-0.00527862	-1.82598	-1.40334	-0.0859372	-1.85519	-0.619537	-0.0687785	-1.68019	-0.333866	-0.0239665	-1.71422	-0.0422597	0.0496366	-2.01857	-0.494412	0.276461	-1.78476	-1.36814	0.320202	-1.96596	-0.627983	0.324742	-2.03244	-0.310878	0.283627	-2.27658	-0.0592048	0.18183
373	5.97565	-1.91908	-1.36344	0.105702	-1.54371	-0.15345	0.0149384	-1.48296	-0.16032	0.0766848	-1.81911	-0.464212	-0.0096785	-1.66413	-0.0353938	-0.00427291	-1.83619	-1.40466	-0.084745	-1.87054	-0.61992	-0.0679889	-1.69478	-0.338775	-0.0249315	-1.71238	-0.0423894	0.0493868	-2.02613	-0.494715	0.276688	-1.79533	-1.36951	0.321507	-1.97624	-0.62949	0.325921	-2.03764	-0.31109	0.283553	-2.27738	-0.0557678	0.18162
374	5.98564	-1.92952	-1.36481	0.106982	-1.55405	-0.163297	0.0139259	-1.49537	-0.174482	0.0765441	-1.83819	-0.46498	-0.0103419	-1.6636	-0.0356315	-0.00304457	-1.84625	-1.40599	-0.0836022	-1.88618	-0.620609	-0.0674511	-1.71026	-0.344017	-0.0258592	-1.71009	-0.0427145	0.048901	-2.03288	-0.494814	0.277019	-1.80598	-1.37103	0.322836	-1.98478	-0.63002	0.326859	-2.04229	-0.311235	0.283172	-2.27835	-0.0536702	0.181061
375	5.99563	-1.9399	-1.36623	0.108082	-1.56608	-0.172936	0.0130421	-1.5101	-0.187989	0.0766898	-1.85784	-0.465882	-0.0117691	-1.66464	-0.0368556	-0.00138216	-1.85618	-1.40739	-0.082524	-1.90208	-0.621561	-0.0672927	-1.72662	-0.349445	-0.0266751	-1.70876	-0.0429606	0.0486801	-2.03934	-0.494889	0.277487	-1.81671	-1.37262	0.324181	-1.992	-0.630014	0.327607	-2.04658	-0.311337	0.282304	-2.27915	-0.0525006	0.180249
376	6.00561	-1.95014	-1.36752	0.109017	-1.57984	-0.181948	0.0123507	-1.52612	-0.20015	0.0765648	-1.87763	-0.466889	-0.0137697	-1.66891	-0.0397675	0.00100376	-1.86593	-1.40873	-0.0814413	-1.9181	-0.622697	-0.0674612	-1.74382	-0.354691	-0.0274774	-1.70968	-0.0429189	0.0489862	-2.0455	-0.494895	0.277974	-1.82753	-1.3742	0.325455	-1.99837	-0.629862	0.328165	-2.05021	-0.311263	0.281069	-2.27975	-0.0514617	0.180003
377	6.0156	-1.96027	-1.36865	0.109839	-1.59505	-0.190275	0.011879	-1.54245	-0.211043	0.0759148	-1.89706	-0.467763	-0.015854	-1.67694	-0.0439652	0.00328382	-1.87546	-1.40999	-0.0803712	-1.93398	-0.623886	-0.0679021	-1.7618	-0.359347	-0.0282622	-1.71408	-0.0429096	0.0492612	-2.0512	-0.494928	0.27846	-1.83852	-1.37579	0.326644	-2.00414	-0.629752	0.328629	-2.0528	-0.311074	0.279868	-2.28017	-0.0503942	0.180252
378	6.02559	-1.9703	-1.36966	0.110544	-1.61124	-0.198019	0.0118576	-1.55902	-0.220806	0.0753513	-1.91611	-0.468672	-0.017713	-1.6881	-0.048954	0.00337697	-1.8848	-1.41117	-0.0793549	-1.94945	-0.625085	-0.068493	-1.78034	-0.363254	-0.029109	-1.72331	-0.0442875	0.0475192	-2.05626	-0.494924	0.27898	-1.8496	-1.37738	0.327785	-2.00944	-0.629766	0.329144	-2.05443	-0.310995	0.279158	-2.28076	-0.0496797	0.180447
379	6.03558	-1.98009	-1.37056	0.111133	-1.62769	-0.205087	0.0123362	-1.57628	-0.228655	0.0762119	-1.93471	-0.469777	-0.0191786	-1.70198	-0.0548536	-0.000196424	-1.89395	-1.41223	-0.0783321	-1.96429	-0.626411	-0.0691076	-1.79916	-0.366633	-0.0300917	-1.73806	-0.0482066	0.0433623	-2.06058	-0.49479	0.279493	-1.86071	-1.37893	0.328889	-2.01438	-0.629899	0.329732	-2.05556	-0.310966	0.278665	-2.28144	-0.0491597	0.180601
380	6.04557	-1.98972	-1.37142	0.111662	-1.64433	-0.211176	0.0131964	-1.59413	-0.233453	0.0788501	-1.95295	-0.471437	-0.0203097	-1.71834	-0.0613855	-0.00612862	-1.90294	-1.41331	-0.0774134	-1.97835	-0.628108	-0.0696407	-1.81787	-0.369773	-0.0309962	-1.75643	-0.0530606	0.0375331	-2.06439	-0.494615	0.279965	-1.87183	-1.38051	0.329893	-2.01916	-0.630176	0.3303	-2.05665	-0.310964	0.2783	-2.28199	-0.0488347	0.180709
381	6.05556	-1.99922	-1.37228	0.112098	-1.6619	-0.215977	0.0143436	-1.6129	-0.235949	0.0822037	-1.97104	-0.474009	-0.021143	-1.73664	-0.0673861	-0.01236	-1.91168	-1.41437	-0.0765441	-1.99177	-0.630305	-0.0702106	-1.83622	-0.373048	-0.0316394	-1.77629	-0.0572939	0.0309308	-2.06794	-0.494495	0.280374	-1.8829	-1.38215	0.330754	-2.02401	-0.630643	0.330864	-2.058	-0.311091	0.278308	-2.28225	-0.0484878	0.180839
382	6.06554	-2.00862	-1.37314	0.112443	-1.68088	-0.219483	0.0154128	-1.63295	-0.237168	0.0850995	-1.98903	-0.477447	-0.0217204	-1.75622	-0.0723493	-0.017916	-1.92019	-1.41547	-0.075743	-2.00478	-0.633013	-0.0708202	-1.85427	-0.376561	-0.0318784	-1.79697	-0.0607616	0.0242037	-2.07143	-0.49442	0.280707	-1.89389	-1.38384	0.331537	-2.02891	-0.631163	0.331371	-2.06	-0.311216	0.278575	-2.28261	-0.0484235	0.180894
383	6.07553	-2.01781	-1.37403	0.112721	-1.70096	-0.2216	0.0162713	-1.65405	-0.237124	0.0873207	-2.00686	-0.481414	-0.0222896	-1.77689	-0.0759984	-0.0229325	-1.92855	-1.4165	-0.0749703	-2.0175	-0.63605	-0.0715095	-1.87231	-0.380039	-0.0316132	-1.81838	-0.0633952	0.0182416	-2.07515	-0.494368	0.28102	-1.90474	-1.38553	0.332314	-2.03409	-0.631644	0.331794	-2.06272	-0.311245	0.278916	-2.28284	-0.0482548	0.180982
384	6.08552	-2.02687	-1.37498	0.11294	-1.72178	-0.222303	0.0167953	-1.67568	-0.235643	0.0888781	-2.02433	-0.485432	-0.022947	-1.79887	-0.0785338	-0.0273254	-1.93673	-1.41751	-0.0742604	-2.03015	-0.639268	-0.0722801	-1.89049	-0.383137	-0.0309131	-1.84097	-0.0653574	0.0131529	-2.07913	-0.494305	0.281227	-1.91551	-1.38729	0.332998	-2.03952	-0.632098	0.332159	-2.06586	-0.311195	0.279168	-2.28291	-0.0478923	0.181082
385	6.09551	-2.0358	-1.37599	0.113165	-1.74309	-0.221568	0.0169394	-1.6976	-0.232735	0.0897992	-2.04136	-0.489274	-0.0236412	-1.82222	-0.0800536	-0.0308501	-1.94471	-1.41852	-0.0736325	-2.04285	-0.642648	-0.0730593	-1.90876	-0.385643	-0.0301413	-1.86504	-0.0667517	0.00884645	-2.08328	-0.494194	0.281288	-1.92604	-1.38912	0.333664	-2.04506	-0.632527	0.332417	-2.06911	-0.311159	0.279275	-2.2831	-0.0476197	0.18105
386	6.1055	-2.04453	-1.37699	0.113372	-1.76501	-0.219454	0.0166563	-1.71978	-0.228458	0.0900408	-2.05799	-0.492976	-0.0243836	-1.84739	-0.0807258	-0.0336978	-1.95251	-1.41946	-0.073083	-2.05563	-0.646114	-0.073786	-1.92702	-0.387544	-0.0294647	-1.89077	-0.0677056	0.00540082	-2.08745	-0.494094	0.281275	-1.93645	-1.39098	0.334298	-2.05052	-0.632917	0.332547	-2.07224	-0.311173	0.279283	-2.28335	-0.0474721	0.180933
387	6.11549	-2.05313	-1.37793	0.113552	-1.78763	-0.216144	0.0159355	-1.74227	-0.222895	0.0895278	-2.07425	-0.496569	-0.0250724	-1.87434	-0.0806762	-0.0359646	-1.96022	-1.4204	-0.0726376	-2.06842	-0.649725	-0.0744786	-1.9452	-0.388959	-0.0289603	-1.9181	-0.0682615	0.00285466	-2.09148	-0.493989	0.281146	-1.94675	-1.39284	0.334874	-2.05592	-0.633267	0.332567	-2.07515	-0.31113	0.27914	-2.2836	-0.0473704	0.180795
388	6.12547	-2.06166	-1.37893	0.113719	-1.81092	-0.211508	0.0148701	-1.76518	-0.216169	0.0883571	-2.08989	-0.500108	-0.0255753	-1.90278	-0.079728	-0.0374701	-1.96784	-1.42138	-0.072271	-2.08126	-0.653737	-0.0751131	-1.96314	-0.389952	-0.0286611	-1.94682	-0.0683371	0.00108343	-2.09528	-0.493866	0.28092	-1.95689	-1.39461	0.33535	-2.06109	-0.633576	0.332479	-2.07776	-0.311101	0.278925	-2.28381	-0.0472658	0.180664
389	6.13546	-2.07008	-1.37996	0.113853	-1.83489	-0.205741	0.0134867	-1.78855	-0.208433	0.0868483	-2.10486	-0.503637	-0.0258009	-1.93245	-0.0780785	-0.038483	-1.97528	-1.4222	-0.0719302	-2.09423	-0.658216	-0.0757562	-1.98082	-0.390418	-0.0285587	-1.97679	-0.0680816	-0.000172716	-2.09871	-0.493768	0.280691	-1.96691	-1.39632	0.335742	-2.06601	-0.63386	0.332287	-2.07994	-0.311088	0.278688	-2.28397	-0.0471535	0.180574
390	6.14545	-2.07837	-1.3809	0.113962	-1.85955	-0.199122	0.0119146	-1.81249	-0.199663	0.0851364	-2.11923	-0.507084	-0.0261199	-1.96315	-0.0760681	-0.039409	-1.98266	-1.42293	-0.0716492	-2.10662	-0.661297	-0.0765749	-1.99836	-0.390269	-0.0286471	-2.00783	-0.067572	-0.00108349	-2.10182	-0.493714	0.280487	-1.97672	-1.39793	0.336098	-2.07089	-0.634277	0.332168	-2.08159	-0.311149	0.278433	-2.28409	-0.0470701	0.18051
391	6.15544	-2.08655	-1.38184	0.1141	-1.88493	-0.191789	0.0101624	-1.83727	-0.189881	0.0830887	-2.13309	-0.510197	-0.0264092	-1.99474	-0.0740054	-0.0402345	-1.99001	-1.42361	-0.0713788	-2.11703	-0.659074	-0.0775906	-2.01584	-0.389391	-0.0289357	-2.03974	-0.0671372	-0.00187204	-2.10459	-0.493673	0.280326	-1.9863	-1.39937	0.336415	-2.07557	-0.634744	0.3321	-2.08275	-0.311215	0.278199	-2.28421	-0.047045	0.18046
392	6.16543	-2.09471	-1.38272	0.114182	-1.91089	-0.183903	0.00832472	-1.86287	-0.179314	0.0809894	-2.14665	-0.513038	-0.0266769	-2.027	-0.0720143	-0.0409628	-1.99735	-1.42423	-0.0711461	-2.1266	-0.654339	-0.0783388	-2.03329	-0.387594	-0.029477	-2.07223	-0.06684	-0.00273507	-2.10712	-0.493598	0.280209	-1.99566	-1.40072	0.336684	-2.07998	-0.635148	0.332056	-2.0837	-0.311269	0.27801	-2.28434	-0.0470394	0.180413
393	6.17542	-2.10287	-1.38351	0.114204	-1.93738	-0.175592	0.00652316	-1.88923	-0.168328	0.0789675	-2.15986	-0.515672	-0.0266935	-2.05959	-0.0701711	-0.0418317	-2.00474	-1.42481	-0.0709859	-2.14159	-0.666501	-0.0781874	-2.05078	-0.385006	-0.0304381	-2.10501	-0.0667642	-0.00399351	-2.10953	-0.493503	0.280095	-2.00485	-1.40198	0.336896	-2.08425	-0.635428	0.332036	-2.08463	-0.31129	0.277845	-2.28434	-0.0468961	0.180402
394	6.1854	-2.11101	-1.38423	0.114177	-1.96444	-0.167098	0.0046599	-1.91636	-0.157083	0.0769648	-2.17257	-0.518076	-0.0265461	-2.09237	-0.0686968	-0.0430985	-2.01225	-1.42531	-0.0709299	-2.15507	-0.67592	-0.0782215	-2.06825	-0.381705	-0.0317121	-2.13787	-0.0668992	-0.00575522	-2.11191	-0.493392	0.279994	-2.01388	-1.40313	0.337052	-2.0885	-0.635598	0.331994	-2.08568	-0.311292	0.277728	-2.28435	-0.0468111	0.180401
395	6.19539	-2.1191	-1.38483	0.11408	-1.99205	-0.158692	0.00263638	-1.94418	-0.145805	0.0750158	-2.18477	-0.520252	-0.0263046	-2.12516	-0.0676751	-0.0447855	-2.01985	-1.42575	-0.0710345	-2.16632	-0.679764	-0.0784029	-2.08592	-0.378042	-0.0331634	-2.17083	-0.0674511	-0.00784407	-2.11433	-0.493235	0.279911	-2.02276	-1.40416	0.337136	-2.09263	-0.635787	0.331899	-2.08695	-0.311288	0.277639	-2.28437	-0.0467838	0.180406
396	6.20538	-2.12701	-1.38528	0.11397	-2.01996	-0.150527	0.000388742	-1.97266	-0.134764	0.0729907	-2.19671	-0.522152	-0.0261449	-2.15776	-0.0670297	-0.0467233	-2.0272	-1.42615	-0.0711841	-2.1764	-0.681738	-0.0785384	-2.10381	-0.374268	-0.0346946	-2.20355	-0.0682449	-0.010113	-2.11686	-0.493057	0.279855	-2.03154	-1.40509	0.337192	-2.0967	-0.636089	0.331773	-2.08848	-0.311261	0.277547	-2.28437	-0.0467574	0.180401
397	6.21537	-2.13491	-1.38555	0.113733	-2.04805	-0.142774	-0.0015746	-2.00166	-0.124222	0.0706724	-2.2076	-0.523311	-0.0261556	-2.18992	-0.066581	-0.048893	-2.03452	-1.42645	-0.0713755	-2.18633	-0.683783	-0.0785535	-2.12185	-0.37052	-0.0363543	-2.23587	-0.0693226	-0.0124255	-2.11957	-0.492939	0.279863	-2.04024	-1.4059	0.337216	-2.10043	-0.636219	0.331804	-2.0902	-0.311195	0.277468	-2.28434	-0.0467595	0.18038
398	6.22536	-2.14278	-1.38566	0.113433	-2.07625	-0.135387	-0.00353292	-2.0308	-0.114231	0.0682734	-2.21777	-0.524151	-0.0260517	-2.22175	-0.0664471	-0.0511041	-2.0419	-1.42664	-0.0715931	-2.19586	-0.68574	-0.0784353	-2.13974	-0.366758	-0.0379964	-2.2679	-0.0707651	-0.0147946	-2.12245	-0.492823	0.279833	-2.04883	-1.40654	0.337139	-2.10435	-0.636309	0.331682	-2.0921	-0.311152	0.277377	-2.28432	-0.0468201	0.180359
399	6.23535	-2.15065	-1.38565	0.113056	-2.10459	-0.12861	-0.00583965	-2.05973	-0.10491	0.0655206	-2.22745	-0.524609	-0.0261085	-2.25344	-0.0668364	-0.0531353	-2.04922	-1.42671	-0.0718796	-2.20499	-0.687245	-0.0783498	-2.15724	-0.362981	-0.0395781	-2.29957	-0.0722237	-0.0167741	-2.12541	-0.492701	0.279714	-2.05729	-1.40704	0.336998	-2.10879	-0.636524	0.331363	-2.09393	-0.311023	0.277311	-2.28437	-0.0469758	0.180331
400	6.24533	-2.15856	-1.38554	0.11258	-2.13289	-0.122409	-0.00860196	-2.08826	-0.0964393	0.0622647	-2.23663	-0.524529	-0.026298	-2.28501	-0.067736	-0.0548077	-2.05658	-1.42673	-0.0723216	-2.21375	-0.688194	-0.0782825	-2.1743	-0.359311	-0.0411836	-2.33102	-0.0739289	-0.0181654	-2.12836	-0.492523	0.279506	-2.06572	-1.4074	0.336739	-2.11338	-0.636698	0.331001	-2.09573	-0.310893	0.277281	-2.28436	-0.0470345	0.1803
401	6.25532	-2.16647	-1.38531	0.112002	-2.1611	-0.116957	-0.0116605	-2.11643	-0.0889822	0.0585517	-2.24534	-0.52402	-0.0267283	-2.31635	-0.0688859	-0.0559089	-2.064	-1.4266	-0.0728732	-2.22173	-0.688487	-0.0782443	-2.19105	-0.355955	-0.0429063	-2.36203	-0.0757126	-0.0186847	-2.13134	-0.49227	0.279255	-2.07417	-1.40764	0.336392	-2.11712	-0.636375	0.33086	-2.09759	-0.310832	0.277234	-2.28435	-0.0470128	0.180266
402	6.26531	-2.17435	-1.38499	0.111394	-2.18901	-0.112339	-0.0147368	-2.14422	-0.0822015	0.0544359	-2.2535	-0.523057	-0.027274	-2.34734	-0.0704776	-0.0562462	-2.07139	-1.42634	-0.0734291	-2.22869	-0.688103	-0.0781461	-2.20742	-0.352841	-0.0447091	-2.39239	-0.077631	-0.0182871	-2.13442	-0.49201	0.279024	-2.0826	-1.40774	0.33594	-2.12124	-0.636193	0.330623	-2.09941	-0.310712	0.277035	-2.28437	-0.0469394	0.180207
403	6.2753	-2.18215	-1.38455	0.110746	-2.21651	-0.108288	-0.0178328	-2.17152	-0.0763021	0.0500032	-2.26114	-0.521661	-0.027808	-2.37759	-0.0722352	-0.0559317	-2.07876	-1.42597	-0.0740257	-2.23519	-0.687181	-0.0781005	-2.22333	-0.349853	-0.0463859	-2.42208	-0.0796399	-0.0171187	-2.13769	-0.49166	0.27879	-2.09095	-1.4077	0.335428	-2.12546	-0.635872	0.330357	-2.10126	-0.310578	0.276785	-2.28445	-0.0468689	0.180121
404	6.28529	-2.18993	-1.38403	0.110013	-2.24352	-0.10496	-0.0209215	-2.19821	-0.0714724	0.0454551	-2.2683	-0.520035	-0.0283192	-2.40689	-0.0742076	-0.0551856	-2.08618	-1.42548	-0.0747754	-2.24136	-0.685748	-0.0780774	-2.23873	-0.346989	-0.0478448	-2.45096	-0.081863	-0.0153621	-2.14112	-0.491247	0.278519	-2.09919	-1.40753	0.334842	-2.1298	-0.635408	0.330138	-2.10314	-0.310386	0.276522	-2.28466	-0.0469998	0.180101
405	6.29527	-2.19774	-1.38348	0.109196	-2.26982	-0.102387	-0.023826	-2.22426	-0.0674082	0.0412515	-2.27515	-0.518225	-0.028722	-2.43511	-0.076443	-0.0541097	-2.09366	-1.42488	-0.0756345	-2.24743	-0.683934	-0.0780695	-2.25364	-0.344271	-0.049145	-2.47878	-0.0844076	-0.013231	-2.14468	-0.490797	0.27822	-2.10735	-1.40726	0.334162	-2.13459	-0.635003	0.329825	-2.10513	-0.310215	0.276317	-2.28506	-0.0474835	0.180138
406	6.30526	-2.20562	-1.38288	0.108303	-2.29517	-0.100528	-0.0263875	-2.24957	-0.0638563	0.0377792	-2.28154	-0.516105	-0.0291034	-2.46222	-0.0793433	-0.0528243	-2.10115	-1.42423	-0.076551	-2.25341	-0.681819	-0.078167	-2.26816	-0.341711	-0.0504357	-2.50545	-0.0873344	-0.0108875	-2.14845	-0.490281	0.277915	-2.11551	-1.40692	0.333406	-2.13957	-0.634704	0.329517	-2.1073	-0.310058	0.276138	-2.28534	-0.0476864	0.180135
407	6.31525	-2.2135	-1.38219	0.107382	-2.31939	-0.0994307	-0.0285355	-2.27389	-0.0608366	0.0349378	-2.28756	-0.513709	-0.0296547	-2.48787	-0.0827894	-0.0511112	-2.10866	-1.42344	-0.0775629	-2.25879	-0.679291	-0.0785086	-2.28239	-0.339294	-0.0516879	-2.5308	-0.0907353	-0.00830992	-2.15242	-0.489707	0.277655	-2.12362	-1.40652	0.33257	-2.14461	-0.634366	0.329212	-2.10971	-0.309862	0.275969	-2.28551	-0.0476388	0.18012
408	6.32524	-2.22134	-1.38139	0.106426	-2.34238	-0.0988282	-0.0301251	-2.29698	-0.0586081	0.0323394	-2.29345	-0.5113	-0.0304016	-2.51189	-0.0866129	-0.0490546	-2.11615	-1.42256	-0.0786715	-2.26441	-0.676793	-0.0790492	-2.29646	-0.337064	-0.0529406	-2.55458	-0.0945765	-0.00563045	-2.15653	-0.489047	0.277507	-2.13162	-1.406	0.331682	-2.14978	-0.633905	0.329011	-2.11225	-0.309542	0.275847	-2.28562	-0.0475102	0.180104
409	6.33523	-2.2291	-1.38057	0.105461	-2.36394	-0.098551	-0.0310765	-2.31862	-0.0568453	0.0301639	-2.29932	-0.508956	-0.0313154	-2.53428	-0.0908904	-0.0467585	-2.12363	-1.42159	-0.0798121	-2.27036	-0.674444	-0.0797947	-2.31028	-0.335051	-0.0541409	-2.57664	-0.0987532	-0.00270907	-2.16077	-0.488309	0.277338	-2.13964	-1.40538	0.330735	-2.15512	-0.633284	0.329032	-2.11496	-0.309278	0.275831	-2.28575	-0.0472919	0.180031
410	6.34522	-2.23683	-1.37974	0.104448	-2.38399	-0.0986472	-0.0315303	-2.33877	-0.0555779	0.0285683	-2.30545	-0.506561	-0.032432	-2.55503	-0.0955149	-0.0441757	-2.13107	-1.42047	-0.0809998	-2.27657	-0.672181	-0.0806798	-2.32372	-0.333256	-0.0553926	-2.59689	-0.103288	0.000587453	-2.1651	-0.487521	0.277111	-2.14763	-1.40465	0.329691	-2.16063	-0.63257	0.329116	-2.11765	-0.308986	0.275782	-2.28583	-0.0468968	0.179902
411	6.3552	-2.24457	-1.37879	0.103314	-2.40245	-0.0988429	-0.0317151	-2.35719	-0.0547576	0.0275045	-2.31177	-0.504296	-0.033577	-2.57398	-0.0999485	-0.0412754	-2.13849	-1.41918	-0.0822572	-2.28314	-0.670063	-0.0817086	-2.33652	-0.331622	-0.0566162	-2.61525	-0.107954	0.00420292	-2.1694	-0.486704	0.27687	-2.15552	-1.40385	0.328539	-2.1658	-0.631938	0.328553	-2.12018	-0.308609	0.275649	-2.28594	-0.0466171	0.179855
412	6.36519	-2.25233	-1.37777	0.102066	-2.41937	-0.0989786	-0.0317351	-2.37398	-0.0538892	0.0266679	-2.3185	-0.50242	-0.0347339	-2.59117	-0.103977	-0.0381229	-2.1459	-1.4178	-0.0836053	-2.28997	-0.668091	-0.0826962	-2.34854	-0.330232	-0.057801	-2.63173	-0.112341	0.00818494	-2.17363	-0.485911	0.276564	-2.16341	-1.40302	0.32727	-2.17106	-0.631327	0.327937	-2.12257	-0.308295	0.275508	-2.28603	-0.0463584	0.179887
413	6.37518	-2.26005	-1.37679	0.100764	-2.43478	-0.0992093	-0.0316002	-2.38922	-0.0531188	0.0258407	-2.32551	-0.500849	-0.0358743	-2.6067	-0.107235	-0.0348126	-2.15332	-1.41642	-0.0850806	-2.29661	-0.666076	-0.0836798	-2.35968	-0.329046	-0.0588446	-2.64641	-0.116196	0.0124548	-2.17782	-0.485119	0.276107	-2.17128	-1.40213	0.325924	-2.17647	-0.630704	0.327393	-2.1249	-0.30811	0.275346	-2.28631	-0.0462388	0.179892
414	6.38517	-2.26775	-1.37578	0.0994187	-2.44852	-0.0993137	-0.0313954	-2.40263	-0.0522049	0.0251244	-2.33239	-0.499263	-0.0369111	-2.62053	-0.109569	-0.0315309	-2.16078	-1.41511	-0.0866989	-2.30385	-0.664413	-0.0847057	-2.36983	-0.327881	-0.0597009	-2.65938	-0.119146	0.0168043	-2.18203	-0.484335	0.275496	-2.17903	-1.4012	0.324529	-2.18189	-0.630014	0.326775	-2.12733	-0.307938	0.275077	-2.28669	-0.0462047	0.179815
415	6.39516	-2.27548	-1.37474	0.0979355	-2.46056	-0.0991575	-0.0310965	-2.41437	-0.0512343	0.0246623	-2.33902	-0.497549	-0.0376299	-2.63255	-0.11093	-0.0284647	-2.16823	-1.41378	-0.0883551	-2.31178	-0.663032	-0.0856103	-2.37907	-0.326645	-0.0603017	-2.67063	-0.12099	0.0208579	-2.18633	-0.483547	0.274791	-2.18678	-1.40031	0.323062	-2.18729	-0.629275	0.325967	-2.12987	-0.307769	0.27474	-2.28696	-0.0460939	0.179744
416	6.40515	-2.28315	-1.37368	0.0963126	-2.47075	-0.0983196	-0.0307286	-2.42449	-0.0501394	0.0247351	-2.34592	-0.496102	-0.0383267	-2.64246	-0.111075	-0.0257608	-2.17567	-1.41244	-0.0899949	-2.3196	-0.66154	-0.0862813	-2.38732	-0.325099	-0.0606187	-2.68011	-0.121733	0.0241922	-2.19072	-0.482743	0.274031	-2.19451	-1.39945	0.321505	-2.19267	-0.62847	0.324959	-2.13248	-0.307536	0.274435	-2.2872	-0.0459991	0.179724
417	6.41513	-2.29087	-1.37259	0.0945865	-2.47916	-0.0969536	-0.0302447	-2.43288	-0.048913	0.0251834	-2.35323	-0.494848	-0.0391233	-2.65054	-0.109892	-0.0237179	-2.18313	-1.41117	-0.0917747	-2.32746	-0.66009	-0.0868333	-2.39481	-0.323267	-0.0606779	-2.68774	-0.121299	0.026577	-2.19524	-0.481932	0.273172	-2.20223	-1.39858	0.319875	-2.19807	-0.627644	0.323832	-2.13516	-0.307329	0.274084	-2.28743	-0.0459083	0.179768
418	6.42512	-2.29864	-1.37154	0.0927828	-2.48593	-0.0951815	-0.0296855	-2.43952	-0.0473044	0.025873	-2.36068	-0.493559	-0.0397929	-2.65761	-0.107628	-0.0226933	-2.19063	-1.4099	-0.0936256	-2.33627	-0.659046	-0.0873663	-2.40171	-0.321424	-0.0605975	-2.69369	-0.119714	0.0279864	-2.19983	-0.481123	0.272324	-2.20994	-1.39773	0.318173	-2.20358	-0.626851	0.322607	-2.13793	-0.307213	0.273635	-2.28762	-0.0458097	0.179845
419	6.43511	-2.30642	-1.37052	0.0909223	-2.49117	-0.0928916	-0.0291284	-2.44471	-0.0451665	0.0268085	-2.36841	-0.492188	-0.0402671	-2.66299	-0.104681	-0.0223862	-2.19819	-1.40857	-0.0955115	-2.34506	-0.657953	-0.0877604	-2.40814	-0.319508	-0.060427	-2.69833	-0.1171	0.0284372	-2.20446	-0.480337	0.271365	-2.21771	-1.39693	0.316405	-2.20912	-0.626066	0.321268	-2.14081	-0.307179	0.273058	-2.28768	-0.0456324	0.179993
420	6.4451	-2.3142	-1.36947	0.0890343	-2.49483	-0.0901808	-0.0285367	-2.4485	-0.0428203	0.0279839	-2.37655	-0.49088	-0.0406489	-2.66658	-0.101105	-0.0226041	-2.20581	-1.40727	-0.0975273	-2.35396	-0.656879	-0.0880175	-2.41406	-0.317312	-0.0601688	-2.70191	-0.11378	0.0279492	-2.20903	-0.479512	0.270308	-2.22545	-1.39609	0.314551	-2.21466	-0.625246	0.319849	-2.14375	-0.30713	0.272353	-2.2878	-0.0455341	0.180126
421	6.45509	-2.322	-1.36844	0.0870977	-2.49692	-0.087013	-0.0279162	-2.45027	-0.0409445	0.0289983	-2.38494	-0.489659	-0.0410446	-2.66862	-0.0970292	-0.0231645	-2.21343	-1.406	-0.0996641	-2.36302	-0.6558	-0.088189	-2.41959	-0.314999	-0.0599179	-2.70404	-0.110186	0.0270467	-2.2136	-0.478671	0.269175	-2.23314	-1.39515	0.312587	-2.22013	-0.624396	0.318364	-2.14665	-0.307067	0.271579	-2.28792	-0.0455537	0.18029
422	6.46508	-2.32988	-1.36733	0.0849976	-2.49791	-0.0837492	-0.0274303	-2.45031	-0.0396368	0.0292557	-2.39337	-0.488319	-0.0413866	-2.66959	-0.0925802	-0.024013	-2.22104	-1.40476	-0.101898	-2.37187	-0.654512	-0.0883358	-2.42478	-0.312649	-0.059716	-2.70534	-0.106095	0.0265587	-2.21816	-0.477827	0.267972	-2.24085	-1.39412	0.310503	-2.22554	-0.623539	0.316751	-2.14949	-0.307018	0.270812	-2.28796	-0.0455933	0.18055
423	6.47506	-2.33771	-1.36621	0.0827554	-2.49863	-0.0811229	-0.0268893	-2.45033	-0.0389192	0.0291949	-2.40133	-0.486663	-0.0415306	-2.67094	-0.0870537	-0.0254956	-2.22869	-1.40348	-0.104219	-2.38024	-0.652953	-0.0884436	-2.42969	-0.310468	-0.0595129	-2.70735	-0.10024	0.0269861	-2.22286	-0.477047	0.266707	-2.24858	-1.39306	0.308301	-2.23106	-0.622731	0.314953	-2.15238	-0.307025	0.27002	-2.28795	-0.0455985	0.180793
424	6.48505	-2.34553	-1.36508	0.0803967	-2.50061	-0.0798913	-0.0261213	-2.45169	-0.0399337	0.0292384	-2.40855	-0.485015	-0.0417058	-2.67394	-0.0799348	-0.0278872	-2.23645	-1.40216	-0.106578	-2.38865	-0.651617	-0.0886991	-2.43469	-0.308749	-0.0590315	-2.71137	-0.0919069	0.0273069	-2.22773	-0.476271	0.26531	-2.25626	-1.39195	0.305941	-2.23684	-0.621934	0.313028	-2.15543	-0.307098	0.269169	-2.28792	-0.0456773	0.181034
425	6.49504	-2.3533	-1.36399	0.0779471	-2.50457	-0.0796673	-0.0255584	-2.45468	-0.0421558	0.0296183	-2.41512	-0.483942	-0.0421417	-2.67771	-0.0726505	-0.0300026	-2.24426	-1.40088	-0.10898	-2.39695	-0.650686	-0.0892479	-2.44065	-0.307845	-0.0580879	-2.71642	-0.083599	0.0252634	-2.23296	-0.475547	0.263724	-2.26387	-1.39087	0.30337	-2.2429	-0.621111	0.311011	-2.15876	-0.307367	0.268238	-2.28785	-0.0458281	0.181208
426	6.50503	-2.36094	-1.36305	0.0755343	-2.50908	-0.0791988	-0.0254702	-2.45795	-0.0444697	0.029855	-2.42158	-0.483585	-0.0428974	-2.68163	-0.0664852	-0.0310916	-2.2521	-1.3997	-0.111372	-2.40418	-0.64984	-0.0902584	-2.44789	-0.307725	-0.057093	-2.72116	-0.0773692	0.0227481	-2.23875	-0.474926	0.262051	-2.27145	-1.39001	0.300713	-2.24934	-0.620333	0.308844	-2.1626	-0.307939	0.267319	-2.28777	-0.0459211	0.181342
427	6.51502	-2.36867	-1.36225	0.0731762	-2.5128	-0.0784616	-0.0257278	-2.46029	-0.0460785	0.0294891	-2.42864	-0.483851	-0.044044	-2.68626	-0.0612787	-0.0308138	-2.25989	-1.39876	-0.113758	-2.41069	-0.649134	-0.0918358	-2.45553	-0.307855	-0.0570679	-2.7249	-0.0721112	0.0232857	-2.24543	-0.474426	0.260339	-2.27907	-1.38942	0.298105	-2.25635	-0.619711	0.306558	-2.16703	-0.308765	0.266454	-2.28777	-0.0459641	0.181446
428	6.52501	-2.37651	-1.3617	0.070772	-2.51533	-0.0779215	-0.025871	-2.46141	-0.0470492	0.0288204	-2.43679	-0.484497	-0.0454249	-2.6912	-0.0570706	-0.0299649	-2.26772	-1.39827	-0.116124	-2.41717	-0.648785	-0.0939413	-2.46278	-0.307972	-0.0583561	-2.72737	-0.0665582	0.0259312	-2.25322	-0.474049	0.258604	-2.28673	-1.38904	0.295556	-2.26405	-0.619106	0.304299	-2.17212	-0.30983	0.26564	-2.28785	-0.0459527	0.181567
429	6.53499	-2.3843	-1.36144	0.0683633	-2.51676	-0.0777553	-0.0257729	-2.46199	-0.0477478	0.0283685	-2.44569	-0.485352	-0.0467494	-2.69491	-0.0534602	-0.0306776	-2.27549	-1.39814	-0.118497	-2.42382	-0.648865	-0.096157	-2.46954	-0.308186	-0.0604991	-2.72913	-0.0617403	0.027784	-2.26207	-0.473597	0.256821	-2.29437	-1.38895	0.293018	-2.27255	-0.618494	0.302098	-2.17794	-0.311271	0.264982	-2.28801	-0.0459479	0.181673
430	6.54498	-2.39207	-1.36137	0.0658919	-2.51779	-0.0778665	-0.0258037	-2.46266	-0.0484142	0.0283177	-2.45441	-0.48624	-0.047986	-2.69715	-0.050018	-0.0324946	-2.28328	-1.39836	-0.120878	-2.43076	-0.649498	-0.0981403	-2.4758	-0.308498	-0.0627745	-2.73088	-0.0584415	0.0272876	-2.27214	-0.473053	0.254947	-2.30193	-1.38916	0.290486	-2.28194	-0.617826	0.299955	-2.18464	-0.313145	0.264496	-2.28817	-0.045868	0.181721
431	6.55497	-2.39974	-1.36155	0.0633772	-2.51859	-0.0778852	-0.025995	-2.46327	-0.0488888	0.0283858	-2.46213	-0.487253	-0.0492864	-2.69875	-0.0469849	-0.0347498	-2.29113	-1.39884	-0.123261	-2.4384	-0.650872	-0.0999517	-2.4812	-0.308893	-0.0649023	-2.73239	-0.055926	0.0254547	-2.28352	-0.472564	0.253151	-2.3095	-1.38962	0.288002	-2.29227	-0.617096	0.298032	-2.19235	-0.315524	0.264148	-2.28833	-0.0457267	0.181671
432	6.56496	-2.40745	-1.36199	0.060886	-2.51901	-0.077711	-0.0262233	-2.4636	-0.0491184	0.0282763	-2.46847	-0.48819	-0.0506618	-2.70003	-0.0443778	-0.0360967	-2.29902	-1.39958	-0.125567	-2.44565	-0.652256	-0.101722	-2.48533	-0.309328	-0.0668603	-2.73347	-0.0538008	0.0242211	-2.29622	-0.472342	0.251586	-2.31734	-1.39038	0.285508	-2.30331	-0.616412	0.296289	-2.20126	-0.318545	0.264038	-2.28862	-0.0457831	0.181587
433	6.57495	-2.415	-1.36264	0.0585451	-2.51927	-0.0775567	-0.0264305	-2.46373	-0.0492591	0.0280904	-2.47353	-0.488738	-0.0521399	-2.70099	-0.0423945	-0.0368263	-2.30696	-1.40053	-0.127901	-2.45256	-0.653523	-0.103513	-2.48822	-0.309667	-0.0685562	-2.73423	-0.0521162	0.0238658	-2.31017	-0.47246	0.250272	-2.32509	-1.39129	0.283054	-2.31509	-0.61595	0.294655	-2.21138	-0.322222	0.26415	-2.28904	-0.0460735	0.181457
434	6.58494	-2.42243	-1.36336	0.0563416	-2.51953	-0.0775007	-0.0265465	-2.46381	-0.0493868	0.0279819	-2.47778	-0.489013	-0.0535685	-2.70175	-0.0409507	-0.0374224	-2.31493	-1.4016	-0.130271	-2.45831	-0.654317	-0.105422	-2.49034	-0.309802	-0.0697834	-2.73483	-0.050684	0.0235714	-2.32515	-0.472888	0.249186	-2.33267	-1.39232	0.280672	-2.32742	-0.615734	0.293201	-2.22252	-0.326396	0.264465	-2.28927	-0.0462693	0.181296
435	6.59492	-2.42979	-1.36406	0.0541558	-2.51974	-0.0775267	-0.0265341	-2.46388	-0.0495088	0.0280003	-2.4816	-0.489165	-0.0547901	-2.70218	-0.0400741	-0.0381669	-2.3229	-1.40269	-0.132584	-2.46278	-0.654439	-0.107391	-2.4922	-0.309807	-0.0705135	-2.73535	-0.0495626	0.0232316	-2.34062	-0.473508	0.248553	-2.34012	-1.39336	0.278356	-2.34025	-0.615777	0.291906	-2.23445	-0.330772	0.264862	-2.28917	-0.0463687	0.181087
436	6.60491	-2.43704	-1.36467	0.0520077	-2.51988	-0.0775463	-0.0264507	-2.46393	-0.049606	0.0280544	-2.48514	-0.489203	-0.0558909	-2.70237	-0.0395927	-0.038565	-2.33086	-1.40378	-0.134845	-2.46649	-0.654064	-0.109184	-2.49396	-0.309753	-0.0707196	-2.73586	-0.0487858	0.0231968	-2.35633	-0.474374	0.248317	-2.34728	-1.39428	0.276035	-2.35304	-0.615932	0.290679	-2.24713	-0.335312	0.265516	-2.28883	-0.0465846	0.181027
437	6.6149	-2.44408	-1.36517	0.0500299	-2.51999	-0.0776006	-0.0263377	-2.46395	-0.0496682	0.0281035	-2.48836	-0.489134	-0.0568555	-2.70242	-0.0393375	-0.0387389	-2.33884	-1.40474	-0.136987	-2.47014	-0.65367	-0.110865	-2.49561	-0.309674	-0.070574	-2.73636	-0.0482088	0.0231705	-2.37182	-0.475352	0.248349	-2.35419	-1.39516	0.273733	-2.36564	-0.616207	0.289524	-2.26024	-0.339825	0.266206	-2.2884	-0.0468833	0.18121
438	6.62489	-2.451	-1.36556	0.0481622	-2.52008	-0.0777382	-0.0261877	-2.46394	-0.0497096	0.0281237	-2.49133	-0.489108	-0.0578376	-2.70242	-0.0391901	-0.038915	-2.34677	-1.40559	-0.13906	-2.47318	-0.653131	-0.112452	-2.49705	-0.309597	-0.0703964	-2.73685	-0.0477171	0.0230062	-2.38703	-0.476512	0.248368	-2.36088	-1.3959	0.271518	-2.37775	-0.616871	0.288613	-2.27355	-0.34421	0.266936	-2.2886	-0.0473142	0.18178
439	6.63488	-2.45758	-1.36595	0.0464913	-2.52011	-0.0778467	-0.0260154	-2.46388	-0.0496783	0.0281245	-2.49393	-0.489001	-0.0587718	-2.70241	-0.0389979	-0.0389717	-2.35453	-1.4063	-0.140963	-2.47623	-0.65287	-0.113935	-2.49816	-0.309461	-0.0703815	-2.7373	-0.0473046	0.0229088	-2.40173	-0.477952	0.248335	-2.36729	-1.39658	0.269406	-2.38917	-0.617928	0.287815	-2.28674	-0.348366	0.267528	-2.2909	-0.0481809	0.1833
440	6.64487	-2.46377	-1.36635	0.0450873	-2.52005	-0.0778801	-0.0258879	-2.46385	-0.0495263	0.0282377	-2.49633	-0.48903	-0.059779	-2.70233	-0.0385146	-0.0385607	-2.36214	-1.40698	-0.142784	-2.47951	-0.652933	-0.115382	-2.49891	-0.309295	-0.0705755	-2.73767	-0.0469654	0.0228139	-2.41553	-0.479551	0.248074	-2.37338	-1.39723	0.267449	-2.39996	-0.619312	0.287003	-2.2996	-0.352327	0.267821	-2.29734	-0.0507193	0.185785
441	6.65485	-2.46993	-1.36665	0.0436447	-2.52	-0.0779031	-0.0258289	-2.46393	-0.0495	0.0284523	-2.49862	-0.489153	-0.0608501	-2.70222	-0.0378902	-0.0379107	-2.36954	-1.40758	-0.14452	-2.48308	-0.653235	-0.116839	-2.49956	-0.309209	-0.0709505	-2.73797	-0.0466861	0.022593	-2.42828	-0.481484	0.247498	-2.37925	-1.3979	0.265558	-2.40995	-0.620884	0.286019	-2.31188	-0.356063	0.267655	-2.307	-0.0544953	0.188641
442	6.66484	-2.47599	-1.36696	0.0420695	-2.52003	-0.0779737	-0.0258363	-2.46396	-0.0495907	0.0285021	-2.5007	-0.489149	-0.0617608	-2.70228	-0.0382065	-0.0386339	-2.37662	-1.40812	-0.146054	-2.48704	-0.65382	-0.118221	-2.50036	-0.309166	-0.0714701	-2.73824	-0.0464435	0.0223341	-2.43991	-0.483889	0.246624	-2.38491	-1.39865	0.263805	-2.41903	-0.622494	0.284778	-2.32351	-0.35943	0.267092	-2.31798	-0.05794	0.192095
443	6.67483	-2.48186	-1.36739	0.0404154	-2.52007	-0.0780114	-0.0258604	-2.46393	-0.0496803	0.0284111	-2.50282	-0.489111	-0.0625276	-2.70229	-0.0380445	-0.038555	-2.38338	-1.40863	-0.147534	-2.49031	-0.654081	-0.119423	-2.50139	-0.309136	-0.0720383	-2.73845	-0.0462828	0.0221258	-2.45066	-0.486859	0.24558	-2.39043	-1.39944	0.262128	-2.42743	-0.624317	0.283336	-2.33472	-0.362429	0.266386	-2.32953	-0.0605997	0.195967
444	6.68482	-2.48754	-1.36796	0.0388843	-2.52009	-0.0779823	-0.0258755	-2.46395	-0.0497674	0.0284044	-2.50496	-0.489089	-0.0632143	-2.70226	-0.0375611	-0.0379521	-2.38976	-1.4092	-0.14902	-2.49307	-0.654101	-0.120477	-2.50256	-0.309127	-0.0725659	-2.73862	-0.0461425	0.02197	-2.46068	-0.490164	0.244328	-2.39581	-1.4003	0.260482	-2.43483	-0.626308	0.281812	-2.34562	-0.364928	0.265327	-2.34216	-0.0630294	0.199197
445	6.69481	-2.49307	-1.36863	0.0374623	-2.5201	-0.0779696	-0.0258825	-2.46399	-0.0498696	0.0284637	-2.50691	-0.489078	-0.0638151	-2.70235	-0.0378101	-0.0384418	-2.39579	-1.40983	-0.150401	-2.49624	-0.654375	-0.121437	-2.50376	-0.309151	-0.0729843	-2.73875	-0.0460155	0.0217424	-2.47011	-0.493486	0.242997	-2.40106	-1.40129	0.258894	-2.44157	-0.62832	0.280109	-2.35626	-0.367047	0.264285	-2.35589	-0.0652675	0.201438
446	6.7048	-2.49846	-1.36937	0.0360142	-2.5201	-0.0779772	-0.0258647	-2.46397	-0.0498818	0.0285088	-2.50877	-0.489112	-0.0643799	-2.70236	-0.0377122	-0.0383708	-2.40171	-1.41072	-0.151974	-2.49902	-0.654508	-0.122211	-2.50487	-0.309173	-0.0733085	-2.73881	-0.0459418	0.0214638	-2.47902	-0.496538	0.241737	-2.4062	-1.40247	0.257396	-2.4481	-0.63046	0.278681	-2.36668	-0.368971	0.263343	-2.37061	-0.0670493	0.202349
447	6.71478	-2.50371	-1.3702	0.0345138	-2.52012	-0.078024	-0.0258293	-2.46396	-0.0499214	0.0285532	-2.51055	-0.489178	-0.0649136	-2.7023	-0.0373188	-0.0378271	-2.40746	-1.41176	-0.153614	-2.50174	-0.654607	-0.122851	-2.50581	-0.30919	-0.0735498	-2.73885	-0.045874	0.0215131	-2.48769	-0.499189	0.240489	-2.41124	-1.40374	0.255939	-2.45486	-0.632775	0.277618	-2.37687	-0.370652	0.262402	-2.38635	-0.0684571	0.201516
448	6.72477	-2.50884	-1.37102	0.0330319	-2.52012	-0.078056	-0.0257981	-2.46393	-0.0499036	0.0285989	-2.51208	-0.489238	-0.0653467	-2.70234	-0.0376511	-0.0383879	-2.41303	-1.41274	-0.155097	-2.50423	-0.654865	-0.123348	-2.50661	-0.309232	-0.0737069	-2.73887	-0.045834	0.0215882	-2.49608	-0.501618	0.239289	-2.41621	-1.40506	0.254526	-2.46187	-0.635221	0.276942	-2.38685	-0.371927	0.261378	-2.40279	-0.0694563	0.199377
449	6.73476	-2.51389	-1.37185	0.0316518	-2.52012	-0.0780879	-0.0257689	-2.46392	-0.0499511	0.028674	-2.51333	-0.489322	-0.0656262	-2.70236	-0.0378661	-0.0387336	-2.41854	-1.41372	-0.156494	-2.50675	-0.655736	-0.123741	-2.50725	-0.309274	-0.0738161	-2.73887	-0.045822	0.0215821	-2.50398	-0.503896	0.23817	-2.42108	-1.40639	0.25314	-2.46905	-0.637812	0.276675	-2.39672	-0.372772	0.260571	-2.41972	-0.0702729	0.196288
450	6.74475	-2.51891	-1.3727	0.0303029	-2.52012	-0.0780892	-0.025717	-2.46389	-0.0499986	0.0287184	-2.51432	-0.489425	-0.0658776	-2.70236	-0.0378545	-0.0387241	-2.42402	-1.41473	-0.157846	-2.5089	-0.656012	-0.124111	-2.50771	-0.309327	-0.0739343	-2.73885	-0.0458203	0.0215292	-2.51134	-0.506006	0.237066	-2.42586	-1.40769	0.251783	-2.47628	-0.640429	0.27673	-2.40652	-0.373033	0.259974	-2.43673	-0.0709458	0.192695
451	6.75474	-2.52385	-1.37355	0.0289692	-2.52015	-0.0780634	-0.0256386	-2.46385	-0.0500529	0.0286677	-2.51515	-0.489538	-0.0661686	-2.70233	-0.0378282	-0.0386843	-2.42941	-1.41582	-0.15921	-2.50816	-0.650663	-0.124494	-2.50799	-0.309395	-0.074063	-2.73881	-0.0458105	0.0214674	-2.51814	-0.507881	0.236036	-2.4306	-1.40895	0.250469	-2.48341	-0.643042	0.276959	-2.41628	-0.37281	0.259601	-2.45366	-0.0717271	0.188967
452	6.76473	-2.52863	-1.37434	0.0276945	-2.52013	-0.0780432	-0.0256302	-2.4638	-0.0502001	0.0285178	-2.51582	-0.489683	-0.0664526	-2.70225	-0.0379323	-0.0388558	-2.43461	-1.41687	-0.160516	-2.50268	-0.636984	-0.124888	-2.50808	-0.309457	-0.0741895	-2.73876	-0.0458112	0.0214357	-2.52442	-0.509511	0.2351	-2.43524	-1.41013	0.249175	-2.49029	-0.645592	0.277122	-2.42578	-0.371811	0.259102	-2.47073	-0.0723898	0.185342
453	6.77471	-2.5333	-1.37507	0.026561	-2.52004	-0.0780079	-0.0256379	-2.46373	-0.0502991	0.0284493	-2.51636	-0.489804	-0.0667096	-2.70218	-0.0380138	-0.0390411	-2.43971	-1.41783	-0.161825	-2.50072	-0.631364	-0.125171	-2.50806	-0.309511	-0.0743264	-2.73869	-0.0458097	0.0214145	-2.53031	-0.510939	0.234245	-2.43976	-1.41126	0.247931	-2.49682	-0.64808	0.277075	-2.43496	-0.370133	0.258445	-2.48761	-0.0727928	0.182144
454	6.7847	-2.53798	-1.37576	0.0254884	-2.51995	-0.0779928	-0.025625	-2.46367	-0.0503202	0.0284808	-2.51684	-0.489857	-0.066949	-2.70215	-0.038027	-0.0391372	-2.44472	-1.41868	-0.163022	-2.50163	-0.631392	-0.125371	-2.50803	-0.309541	-0.0744405	-2.73862	-0.0458143	0.0213927	-2.53573	-0.512218	0.233535	-2.44421	-1.41234	0.246761	-2.50294	-0.650416	0.276649	-2.44387	-0.368084	0.257756	-2.50542	-0.0739096	0.179532
455	6.79469	-2.54259	-1.37641	0.0244457	-2.51994	-0.0780344	-0.0255938	-2.46368	-0.0503407	0.0285676	-2.51728	-0.489816	-0.0671616	-2.70212	-0.0379798	-0.0391499	-2.44965	-1.41945	-0.164157	-2.50312	-0.631745	-0.125559	-2.50811	-0.30955	-0.0745614	-2.73858	-0.0458203	0.021356	-2.54067	-0.51339	0.232813	-2.44859	-1.41336	0.245661	-2.50836	-0.652497	0.276088	-2.45244	-0.365929	0.256979	-2.52333	-0.0751555	0.177536
456	6.80468	-2.54703	-1.37699	0.0234584	-2.51992	-0.0780604	-0.0255809	-2.46377	-0.0503826	0.0287182	-2.51783	-0.489836	-0.0674038	-2.70208	-0.0379162	-0.0391599	-2.45447	-1.4202	-0.165318	-2.50423	-0.631781	-0.125699	-2.50839	-0.309572	-0.074696	-2.73853	-0.0458217	0.021312	-2.54503	-0.514501	0.232047	-2.45283	-1.4143	0.244618	-2.51298	-0.654261	0.275523	-2.46049	-0.363806	0.256163	-2.54068	-0.0760331	0.176185
457	6.81467	-2.55137	-1.37752	0.0225596	-2.51994	-0.0780837	-0.0255644	-2.46378	-0.0503739	0.0287842	-2.51848	-0.489922	-0.0676215	-2.70206	-0.0379584	-0.0392382	-2.4591	-1.42076	-0.166287	-2.50868	-0.637289	-0.125841	-2.50887	-0.309605	-0.0748306	-2.73849	-0.0458315	0.021304	-2.54879	-0.5154	0.231205	-2.45697	-1.41517	0.243625	-2.51677	-0.655582	0.274889	-2.46796	-0.361767	0.255278	-2.55627	-0.0759917	0.175479
458	6.82465	-2.55564	-1.378	0.0217404	-2.51995	-0.0780432	-0.0255504	-2.46375	-0.0503709	0.028841	-2.51924	-0.490009	-0.067797	-2.70213	-0.037878	-0.0390599	-2.46362	-1.42117	-0.167108	-2.51713	-0.650624	-0.125867	-2.50944	-0.309614	-0.0749398	-2.73848	-0.0458363	0.0213685	-2.55199	-0.516094	0.230287	-2.46102	-1.41602	0.242677	-2.51981	-0.656465	0.274223	-2.47486	-0.359985	0.25441	-2.57126	-0.0759861	0.175118
459	6.83464	nan	nan	nan	-2.51999	-0.0780898	-0.0255142	-2.4637	-0.0503808	0.0288774	-2.51998	-0.490072	-0.0679558	-2.70211	-0.037794	-0.0390212	-2.46808	-1.42158	-0.16792	-2.52152	-0.656197	-0.125901	-2.51001	-0.309616	-0.0750193	-2.73849	-0.0458378	0.021408	-2.55476	-0.516622	0.229261	-2.46497	-1.41683	0.241774	-2.52218	-0.656961	0.273589	-2.48112	-0.358255	0.253184	-2.5859	-0.0762412	0.174729
460	6.84463	-2.56376	-1.37877	0.0201851	-2.52004	-0.0781862	-0.0254621	-2.46371	-0.0503895	0.0288962	-2.52067	-0.490144	-0.0681033	-2.70208	-0.037768	-0.0390735	-2.47244	-1.42199	-0.168781	-2.52302	-0.65623	-0.125974	-2.51053	-0.309658	-0.075059	-2.73848	-0.0458126	0.0213192	-2.55717	-0.516907	0.228037	-2.46879	-1.4176	0.240931	-2.52397	-0.657127	0.273003	-2.48664	-0.356655	0.251911	-2.59997	-0.0766997	0.174088
461	6.85462	-2.56763	-1.37902	0.0195027	-2.52004	-0.078211	-0.0254025	-2.46382	-0.0504009	0.0289843	-2.52144	-0.490266	-0.0682044	-2.70208	-0.0377542	-0.0390993	-2.47666	-1.42232	-0.169555	-2.52418	-0.655589	-0.126056	-2.51096	-0.309768	-0.0750623	-2.73841	-0.0457994	0.0209632	-2.55912	-0.517023	0.226902	-2.4726	-1.41834	0.240149	-2.52532	-0.657056	0.27247	-2.49156	-0.355133	0.25066	-2.6132	-0.0772122	0.173079
462	6.86461	-2.57141	-1.37925	0.0189241	-2.52005	-0.0782412	-0.0253381	-2.46399	-0.0505111	0.0290423	-2.52223	-0.490369	-0.0682635	-2.70208	-0.0377054	-0.0391035	-2.48076	-1.4226	-0.170188	-2.52549	-0.655525	-0.126101	-2.51129	-0.309929	-0.075042	-2.7384	-0.0457903	0.0207945	-2.56057	-0.51694	0.225852	-2.47628	-1.41903	0.239454	-2.5266	-0.656943	0.271914	-2.49605	-0.353691	0.249516	-2.62556	-0.0778747	0.171573
463	6.8746	-2.57505	-1.37948	0.0184406	-2.52006	-0.0783058	-0.0252828	-2.46386	-0.0505828	0.028988	-2.52289	-0.49041	-0.0683036	-2.70206	-0.0376311	-0.0391006	-2.48468	-1.42284	-0.170694	-2.52656	-0.655474	-0.126082	-2.51147	-0.30994	-0.0750526	-2.73843	-0.0457862	0.0208119	-2.56164	-0.516698	0.224787	-2.47986	-1.41962	0.23885	-2.5285	-0.657071	0.271171	-2.50012	-0.352316	0.248484	-2.63707	-0.0788632	0.169561
464	6.88458	-2.57861	-1.37972	0.0180801	-2.52006	-0.0783354	-0.0252756	-2.46375	-0.050613	0.0289518	-2.52347	-0.490432	-0.0683269	-2.70205	-0.0375821	-0.039086	-2.48851	-1.42302	-0.171163	-2.52786	-0.655488	-0.126053	-2.51169	-0.30993	-0.0751083	-2.73845	-0.0458085	0.0208189	-2.56251	-0.516417	0.223772	-2.48341	-1.42017	0.238329	-2.53148	-0.657741	0.270194	-2.50398	-0.350841	0.247166	-2.6477	-0.0800274	0.167215
465	6.89457	-2.58214	-1.37993	0.0177621	-2.52005	-0.0783603	-0.0252701	-2.46373	-0.0506358	0.0289651	-2.52407	-0.490511	-0.0683818	-2.70206	-0.0375467	-0.0390927	-2.49224	-1.42321	-0.171551	-2.52931	-0.655535	-0.126015	-2.51201	-0.309949	-0.075204	-2.73848	-0.0458244	0.0208428	-2.5633	-0.516203	0.222914	-2.48695	-1.42075	0.237921	-2.53343	-0.657931	0.26948	-2.50761	-0.349355	0.245896	-2.65718	-0.08099	0.164753
466	6.90456	-2.58555	-1.38014	0.017492	-2.52006	-0.0784349	-0.0252599	-2.46376	-0.0506678	0.0289744	-2.52474	-0.490634	-0.0684798	-2.70207	-0.0375515	-0.0391484	-2.49586	-1.42343	-0.171901	-2.53093	-0.655725	-0.126	-2.51241	-0.310013	-0.075319	-2.73847	-0.0458261	0.0208944	-2.56405	-0.51597	0.222223	-2.4904	-1.4213	0.237592	-2.53463	-0.657774	0.26905	-2.51108	-0.347722	0.244695	-2.66569	-0.0818407	0.162302
467	6.91455	-2.58893	-1.3803	0.0172814	-2.52006	-0.0785069	-0.0252645	-2.46376	-0.050698	0.0289739	-2.5254	-0.490765	-0.0686203	-2.70208	-0.0375322	-0.0391874	-2.49936	-1.42363	-0.172189	-2.53266	-0.656025	-0.126025	-2.51283	-0.310079	-0.075446	-2.73847	-0.0458276	0.0209354	-2.5647	-0.515602	0.221703	-2.49379	-1.42177	0.23733	-2.53573	-0.65754	0.268729	-2.51435	-0.345935	0.243635	-2.67323	-0.0823296	0.159887
468	6.92454	-2.59227	-1.38044	0.0171338	-2.52003	-0.0785525	-0.0252921	-2.46375	-0.0507316	0.0289696	-2.52607	-0.490935	-0.068825	-2.70209	-0.037511	-0.0391966	-2.50274	-1.42379	-0.172352	-2.53419	-0.65624	-0.126091	-2.51321	-0.310143	-0.0756007	-2.73847	-0.0458299	0.0209947	-2.56516	-0.515031	0.221282	-2.49717	-1.42219	0.237136	-2.53695	-0.657313	0.268423	-2.51738	-0.344062	0.242711	-2.67995	-0.0824863	0.157518
469	6.93453	-2.59549	-1.38057	0.0170281	-2.52	-0.0785957	-0.0252957	-2.46375	-0.0507611	0.0289617	-2.52666	-0.491168	-0.0689888	-2.70212	-0.0374576	-0.0391381	-2.50599	-1.42396	-0.172417	-2.53619	-0.656766	-0.126203	-2.51351	-0.310197	-0.0757735	-2.73848	-0.0458334	0.021043	-2.56536	-0.51434	0.220971	-2.5005	-1.42255	0.237016	-2.53814	-0.657019	0.268156	-2.51985	-0.342197	0.24188	-2.6859	-0.082207	0.155182
470	6.94451	-2.59863	-1.38064	0.0170065	-2.51999	-0.0786947	-0.0252848	-2.46374	-0.0507825	0.0290182	-2.5272	-0.491372	-0.0691707	-2.70217	-0.037412	-0.0390923	-2.50921	-1.42413	-0.172421	-2.53775	-0.657113	-0.126291	-2.51374	-0.31025	-0.0759301	-2.7385	-0.0458163	0.0210737	-2.56522	-0.513567	0.220786	-2.50377	-1.42285	0.237007	-2.5392	-0.656573	0.267907	-2.52163	-0.340451	0.24137	-2.69113	-0.0814603	0.152966
471	6.9545	-2.60173	-1.38068	0.0170682	-2.51995	-0.0787712	-0.0252673	-2.46376	-0.0508076	0.0290981	-2.5277	-0.491519	-0.0693547	-2.70215	-0.0373816	-0.0391888	-2.51237	-1.42424	-0.172359	-2.53872	-0.657121	-0.126318	-2.51388	-0.310287	-0.0760411	-2.73853	-0.0457934	0.0210531	-2.56467	-0.512674	0.220679	-2.50699	-1.42311	0.237086	-2.53999	-0.655965	0.267709	-2.52284	-0.338649	0.240494	-2.69566	-0.0802623	0.150872
472	6.96449	-2.60482	-1.38067	0.0172385	-2.51988	-0.0787864	-0.0252368	-2.46376	-0.0508434	0.0291491	-2.52809	-0.491537	-0.0695146	-2.70205	-0.0374042	-0.0395053	-2.51539	-1.42428	-0.1722	-2.53914	-0.65682	-0.126292	-2.51394	-0.310319	-0.0761363	-2.73857	-0.0457724	0.0209931	-2.56365	-0.511572	0.220614	-2.51017	-1.4233	0.237232	-2.54021	-0.655072	0.267578	-2.52334	-0.336882	0.239584	-2.69937	-0.0782474	0.148923
473	6.97448	-2.60784	-1.38061	0.0174401	-2.5198	-0.0787811	-0.025211	-2.46376	-0.0508855	0.0291895	-2.52836	-0.491475	-0.0696246	-2.7019	-0.0374195	-0.0398688	-2.51835	-1.42434	-0.17202	-2.54002	-0.656734	-0.126341	-2.51397	-0.310342	-0.0762241	-2.73863	-0.0457545	0.0210079	-2.56225	-0.510322	0.220638	-2.51328	-1.42342	0.237484	-2.53969	-0.653769	0.267449	-2.52316	-0.335077	0.238795	-2.70213	-0.0745299	0.147019
474	6.98447	-2.6107	-1.38046	0.0176735	-2.51976	-0.0788308	-0.025175	-2.46377	-0.050919	0.0292384	-2.5287	-0.49148	-0.0697499	-2.70186	-0.0374051	-0.0400377	-2.52123	-1.42434	-0.171756	-2.5414	-0.656928	-0.126521	-2.51407	-0.310398	-0.0763174	-2.73869	-0.045758	0.0209908	-2.56051	-0.508972	0.220821	-2.51634	-1.42341	0.237854	-2.53915	-0.652412	0.267303	-2.52247	-0.333428	0.238389	-2.70392	-0.068155	0.145121
475	6.99446	-2.61343	-1.38023	0.0180207	-2.51974	-0.0789132	-0.0251362	-2.46379	-0.0508241	0.0294247	-2.52901	-0.491488	-0.0699046	-2.70188	-0.0373643	-0.0401043	-2.52398	-1.42418	-0.171328	-2.54284	-0.657223	-0.126742	-2.51421	-0.310459	-0.0764215	-2.73873	-0.0457432	0.0209732	-2.55849	-0.507591	0.221183	-2.51933	-1.42334	0.238275	-2.53788	-0.650717	0.267406	-2.52143	-0.331669	0.238137	-2.70523	-0.0596567	0.144064
476	7.00444	-2.61611	-1.37998	0.0184304	-2.51974	-0.07902	-0.0250695	-2.46394	-0.0504259	0.029794	-2.52926	-0.491491	-0.070033	-2.70188	-0.0373266	-0.0401759	-2.5266	-1.42392	-0.170768	-2.54382	-0.65736	-0.126948	-2.51436	-0.310537	-0.0765035	-2.73877	-0.0457504	0.0209453	-2.55616	-0.506125	0.221712	-2.52227	-1.4232	0.238744	-2.53616	-0.64883	0.267744	-2.52001	-0.329686	0.238048	-2.70681	-0.0519889	0.14346
477	7.01443	-2.61873	-1.37969	0.0188639	-2.51973	-0.0791077	-0.0249984	-2.46402	-0.0502681	0.0300036	-2.52964	-0.491671	-0.0701072	-2.70186	-0.0373114	-0.0402475	-2.52906	-1.42362	-0.170106	-2.54513	-0.657728	-0.127177	-2.51442	-0.310617	-0.0765321	-2.73881	-0.0457584	0.0208856	-2.55338	-0.504453	0.222477	-2.52515	-1.42296	0.239312	-2.53631	-0.647943	0.267771	-2.51823	-0.327723	0.238011	-2.70902	-0.0488318	0.143193
478	7.02442	-2.62123	-1.37936	0.0193809	-2.51971	-0.0791727	-0.0249366	-2.46402	-0.050284	0.0301076	-2.53047	-0.49225	-0.0701395	-2.70183	-0.0372924	-0.0403248	-2.53144	-1.42339	-0.169506	-2.54624	-0.657977	-0.127375	-2.51435	-0.310696	-0.076495	-2.73886	-0.0457466	0.0208339	-2.55023	-0.502523	0.223512	-2.52799	-1.42267	0.239943	-2.53529	-0.646475	0.268128	-2.51643	-0.32576	0.237774	-2.71057	-0.047974	0.142937
479	7.03441	-2.6236	-1.37899	0.0199215	-2.51967	-0.0792095	-0.0248836	-2.46402	-0.050316	0.0302072	-2.53135	-0.492871	-0.0701319	-2.70181	-0.0372645	-0.0403613	-2.53357	-1.42309	-0.168783	-2.54695	-0.658029	-0.127515	-2.51423	-0.310833	-0.0764232	-2.73887	-0.0457164	0.0207762	-2.54743	-0.500821	0.22444	-2.5308	-1.42237	0.240621	-2.53196	-0.643889	0.268957	-2.51481	-0.32404	0.237749	-2.71149	-0.0474813	0.142705
480	7.0444	-2.62584	-1.37867	0.0204494	-2.51969	-0.0793674	-0.0248404	-2.46403	-0.0503495	0.03028	-2.53121	-0.492951	-0.070043	-2.7018	-0.037239	-0.0403551	-2.5355	-1.42281	-0.167955	-2.54748	-0.658017	-0.127555	-2.51424	-0.311151	-0.0763183	-2.73887	-0.0456993	0.0207174	-2.54487	-0.499597	0.22529	-2.53356	-1.42203	0.241304	-2.52957	-0.642091	0.269671	-2.51366	-0.322633	0.237715	-2.71213	-0.0470178	0.142337
481	7.05439	-2.62794	-1.37845	0.0210588	-2.51974	-0.0796094	-0.0248145	-2.46406	-0.0504074	0.030355	-2.53022	-0.492574	-0.0698898	-2.70181	-0.0372331	-0.0403344	-2.53729	-1.42264	-0.167039	-2.5486	-0.65833	-0.127496	-2.51433	-0.311587	-0.0761973	-2.73886	-0.0457003	0.0207195	-2.5427	-0.499127	0.226144	-2.53628	-1.42174	0.241976	-2.52834	-0.641479	0.270264	-2.51306	-0.321807	0.23777	-2.7127	-0.0466756	0.142002
482	7.06437	-2.62994	-1.37842	0.0217136	-2.5197	-0.0797643	-0.0247852	-2.46412	-0.050519	0.0304673	-2.52968	-0.492539	-0.0697196	-2.70182	-0.0372256	-0.0403365	-2.53901	-1.42265	-0.166082	-2.54969	-0.658673	-0.127326	-2.51381	-0.311593	-0.0760639	-2.73885	-0.0456898	0.0207165	-2.54139	-0.499419	0.226954	-2.53899	-1.42159	0.242642	-2.52778	-0.641866	0.270961	-2.51294	-0.321709	0.238059	-2.71321	-0.0464124	0.141847
483	7.07436	-2.63189	-1.37864	0.0223691	-2.5195	-0.0797461	-0.0247423	-2.46421	-0.0506729	0.0305462	-2.52959	-0.492887	-0.0695749	-2.70183	-0.0372019	-0.0403028	-2.54077	-1.42291	-0.165219	-2.55045	-0.658916	-0.12707	-2.51344	-0.311775	-0.0759305	-2.73886	-0.0457018	0.0206795	-2.54116	-0.500109	0.227678	-2.54165	-1.42169	0.243304	-2.52777	-0.642772	0.271721	-2.51295	-0.322093	0.23862	-2.71369	-0.0461902	0.141826
484	7.08435	-2.63386	-1.37904	0.0230678	-2.51939	-0.079807	-0.0247283	-2.46431	-0.0508125	0.0306702	-2.5295	-0.493332	-0.0695032	-2.70185	-0.0372047	-0.0402801	-2.54255	-1.42335	-0.164442	-2.55087	-0.659029	-0.126741	-2.51322	-0.312097	-0.0758415	-2.73886	-0.0457082	0.0206439	-2.54158	-0.500777	0.228343	-2.54427	-1.42204	0.243962	-2.52832	-0.643619	0.272246	-2.51277	-0.322339	0.238973	-2.71406	-0.0460113	0.141831
485	7.09434	-2.63586	-1.37956	0.0237717	-2.51938	-0.0799499	-0.0247649	-2.46441	-0.0509532	0.0307336	-2.52937	-0.493763	-0.0694626	-2.70187	-0.0372903	-0.0403882	-2.54431	-1.42387	-0.163754	-2.55143	-0.659262	-0.126403	-2.51296	-0.312427	-0.0758405	-2.73886	-0.0457208	0.0205923	-2.54202	-0.501232	0.229014	-2.54679	-1.42253	0.244648	-2.5292	-0.6441	0.272481	-2.51249	-0.322413	0.239502	-2.71428	-0.0458775	0.141815
486	7.10433	-2.63783	-1.3801	0.0244695	-2.51936	-0.0801008	-0.0248472	-2.46455	-0.0511064	0.0306491	-2.52924	-0.49419	-0.0694696	-2.70184	-0.0374722	-0.040634	-2.5461	-1.42443	-0.163167	-2.55218	-0.659655	-0.126134	-2.51257	-0.312695	-0.0759312	-2.73885	-0.0457555	0.0205187	-2.5422	-0.501508	0.229643	-2.54916	-1.42311	0.245333	-2.53028	-0.644442	0.272606	-2.51234	-0.322413	0.240072	-2.71441	-0.0457776	0.141788
487	7.11432	-2.63965	-1.38054	0.0251854	-2.51933	-0.080238	-0.0249667	-2.4646	-0.0511974	0.0306193	-2.52906	-0.494583	-0.0695592	-2.70184	-0.0374839	-0.0406613	-2.54795	-1.42496	-0.162572	-2.55306	-0.660171	-0.125945	-2.51217	-0.312942	-0.0760951	-2.73878	-0.0457724	0.0204709	-2.54222	-0.501694	0.230193	-2.55131	-1.42365	0.246013	-2.53148	-0.644743	0.272708	-2.51251	-0.322407	0.240525	-2.71453	-0.0457101	0.141753
488	7.1243	-2.64142	-1.38087	0.0259079	-2.51929	-0.0803322	-0.0250853	-2.46459	-0.0512123	0.0306362	-2.52888	-0.494948	-0.0696957	-2.70188	-0.0373334	-0.0404492	-2.54983	-1.42541	-0.161974	-2.55391	-0.66067	-0.125812	-2.51179	-0.313147	-0.0762573	-2.73869	-0.0457457	0.02046	-2.54233	-0.501799	0.230618	-2.55327	-1.4241	0.24665	-2.53256	-0.644963	0.272824	-2.51293	-0.322373	0.24081	-2.71465	-0.0456724	0.141705
489	7.13429	-2.64313	-1.38109	0.0266089	-2.51922	-0.080352	-0.0251955	-2.46456	-0.0511771	0.0306119	-2.52871	-0.495236	-0.0698565	-2.70187	-0.037259	-0.0403226	-2.55171	-1.42575	-0.1614	-2.55417	-0.660723	-0.125681	-2.51148	-0.313315	-0.076394	-2.73857	-0.0457346	0.0203904	-2.54258	-0.50176	0.23085	-2.55501	-1.42438	0.24726	-2.53327	-0.645071	0.272977	-2.51334	-0.322221	0.240891	-2.71477	-0.0456341	0.141655
490	7.14428	-2.64472	-1.38119	0.0272579	-2.51911	-0.0803134	-0.0252955	-2.46447	-0.0510954	0.0305293	-2.52849	-0.495439	-0.0699893	-2.70179	-0.0372528	-0.0402691	-2.55351	-1.426	-0.160797	-2.55457	-0.6609	-0.125527	-2.51116	-0.313405	-0.0765123	-2.73838	-0.0457834	0.0202814	-2.54283	-0.501582	0.230949	-2.55654	-1.42448	0.247892	-2.5336	-0.645078	0.273193	-2.5135	-0.321962	0.240813	-2.7149	-0.0456074	0.141615
491	7.15427	-2.64624	-1.38125	0.0278539	-2.51897	-0.0802435	-0.0253691	-2.46429	-0.0509477	0.0305204	-2.52825	-0.495613	-0.0701126	-2.70169	-0.0372857	-0.0401975	-2.55521	-1.42617	-0.160141	-2.55547	-0.661649	-0.125355	-2.51078	-0.31342	-0.0766025	-2.73812	-0.0458371	0.0202225	-2.54292	-0.501343	0.230988	-2.55793	-1.42444	0.248493	-2.53411	-0.644835	0.273285	-2.51336	-0.321684	0.240661	-2.71507	-0.0455879	0.141587
492	7.16426	-2.64772	-1.3813	0.0284717	-2.51882	-0.0801806	-0.0254248	-2.46406	-0.0507367	0.0304976	-2.528	-0.495705	-0.0701697	-2.70156	-0.0373027	-0.040119	-2.55674	-1.42624	-0.159474	-2.55584	-0.66176	-0.125204	-2.51032	-0.313388	-0.0766518	-2.7378	-0.0459075	0.0201627	-2.54279	-0.501172	0.231137	-2.55919	-1.4243	0.249098	-2.53431	-0.644803	0.273604	-2.51315	-0.321495	0.240609	-2.71526	-0.0455692	0.14156
493	7.17425	-2.6491	-1.38134	0.0290836	-2.51871	-0.0801818	-0.025494	-2.46384	-0.0504857	0.030453	-2.52777	-0.495729	-0.0701762	-2.7014	-0.037317	-0.0400519	-2.55818	-1.42624	-0.158901	-2.55226	-0.656824	-0.125142	-2.50984	-0.313357	-0.076676	-2.73746	-0.0459682	0.0200977	-2.54254	-0.501118	0.231341	-2.56044	-1.42413	0.249674	-2.53457	-0.644814	0.273868	-2.51288	-0.321293	0.240644	-2.71544	-0.0455391	0.141542
494	7.18423	-2.65044	-1.38138	0.0295911	-2.51862	-0.080217	-0.0255868	-2.46366	-0.0502585	0.030441	-2.52768	-0.495811	-0.0701984	-2.70122	-0.0373415	-0.0399665	-2.5595	-1.42618	-0.15834	-2.54317	-0.644836	-0.125181	-2.50941	-0.313389	-0.0766687	-2.73714	-0.0459976	0.0200682	-2.54226	-0.501213	0.231618	-2.56165	-1.42393	0.250166	-2.53493	-0.644909	0.27415	-2.51252	-0.321062	0.240738	-2.71556	-0.0455147	0.141546
495	7.19422	-2.65171	-1.38146	0.0300443	-2.51841	-0.0800949	-0.0256734	-2.4635	-0.050043	0.0305115	-2.52773	-0.49593	-0.0702011	-2.70105	-0.0373694	-0.0399253	-2.56068	-1.42609	-0.157775	-2.53947	-0.639899	-0.125122	-2.50909	-0.313483	-0.0766344	-2.73687	-0.0459632	0.0200863	-2.54189	-0.501279	0.231987	-2.56282	-1.42371	0.250593	-2.53533	-0.645092	0.274426	-2.51212	-0.320896	0.241019	-2.71563	-0.045496	0.141587
496	7.20421	-2.65297	-1.38157	0.0304854	-2.51818	-0.0799213	-0.025759	-2.46335	-0.0498418	0.030564	-2.52794	-0.496061	-0.0701354	-2.70089	-0.03741	-0.0399417	-2.56173	-1.42597	-0.157184	-2.53964	-0.639984	-0.125027	-2.50892	-0.313641	-0.0765776	-2.73663	-0.0459231	0.0200857	-2.54139	-0.501244	0.232438	-2.56399	-1.42353	0.25099	-2.53573	-0.645344	0.274754	-2.51168	-0.320818	0.241533	-2.71562	-0.0455398	0.141674
497	7.2142	-2.65421	-1.3817	0.0308966	-2.51802	-0.0798364	-0.0258478	-2.46322	-0.0496902	0.0305665	-2.5283	-0.496206	-0.0700259	-2.70074	-0.0374534	-0.0399853	-2.56274	-1.42595	-0.156769	-2.54029	-0.64066	-0.124975	-2.50891	-0.313828	-0.0765224	-2.73644	-0.0459135	0.0199893	-2.54085	-0.501282	0.232955	-2.56518	-1.42343	0.251357	-2.53611	-0.645642	0.275148	-2.51116	-0.320838	0.24227	-2.71552	-0.045688	0.141841
498	7.22419	-2.65544	-1.38187	0.0312025	-2.51794	-0.079781	-0.0259317	-2.46312	-0.0496103	0.0305671	-2.52879	-0.496288	-0.0698852	-2.70062	-0.0374673	-0.0399971	-2.56374	-1.42607	-0.156567	-2.5406	-0.640782	-0.124962	-2.50905	-0.314014	-0.0764458	-2.73631	-0.0459461	0.0197753	-2.54022	-0.501384	0.233476	-2.56638	-1.42343	0.251656	-2.53646	-0.645987	0.275564	-2.5106	-0.320818	0.242774	-2.71532	-0.0459734	0.142125
499	7.23418	-2.65666	-1.38207	0.0313846	-2.5179	-0.0797169	-0.0260388	-2.46306	-0.0495733	0.0305633	-2.52942	-0.49638	-0.0697451	-2.70053	-0.0374605	-0.0399895	-2.56464	-1.4262	-0.156359	-2.54095	-0.640763	-0.124973	-2.50937	-0.314227	-0.0763185	-2.73621	-0.0460409	0.0194362	-2.53951	-0.501504	0.23397	-2.56758	-1.4235	0.251903	-2.53669	-0.64634	0.275943	-2.51012	-0.320695	0.243049	-2.715	-0.0464257	0.142496
500	7.24416	-2.65785	-1.38228	0.0314406	-2.5179	-0.0796929	-0.0261448	-2.46302	-0.0495397	0.0305687	-2.53023	-0.496478	-0.0696121	-2.70044	-0.037437	-0.0399646	-2.56544	-1.42632	-0.156187	-2.54154	-0.640808	-0.124969	-2.50986	-0.314465	-0.0761549	-2.73611	-0.046068	0.0192429	-2.53876	-0.501626	0.234418	-2.5688	-1.4236	0.252111	-2.53672	-0.646665	0.276261	-2.50964	-0.320495	0.243089	-2.71451	-0.0470664	0.142911
501	7.25415	-2.65902	-1.38248	0.0314082	-2.51793	-0.0796933	-0.0262438	-2.46296	-0.0495048	0.0305987	-2.53119	-0.496434	-0.069431	-2.70037	-0.0374671	-0.0400064	-2.56623	-1.42648	-0.156111	-2.5422	-0.640655	-0.12491	-2.5105	-0.314684	-0.076003	-2.73601	-0.0460496	0.0191528	-2.53801	-0.501781	0.234807	-2.57006	-1.42372	0.252263	-2.53656	-0.646959	0.27654	-2.50908	-0.320416	0.243267	-2.71383	-0.0478826	0.143298
502	7.26414	-2.66019	-1.38265	0.0313148	-2.51795	-0.079637	-0.0263541	-2.46291	-0.0494802	0.0305917	-2.53228	-0.496388	-0.0692407	-2.70032	-0.0375114	-0.040026	-2.56706	-1.42669	-0.15615	-2.54258	-0.639907	-0.124793	-2.51122	-0.314838	-0.0758942	-2.73591	-0.0460281	0.0190985	-2.53729	-0.501941	0.235152	-2.57136	-1.4238	0.25234	-2.53624	-0.647222	0.276746	-2.50851	-0.320396	0.243544	-2.71302	-0.0488315	0.143602
503	7.27413	-2.66137	-1.38277	0.0311962	-2.51801	-0.079556	-0.0264436	-2.46287	-0.0494394	0.0305441	-2.53351	-0.496358	-0.0690698	-2.70028	-0.0375401	-0.0399906	-2.56793	-1.42688	-0.156272	-2.54333	-0.639632	-0.124607	-2.51204	-0.314905	-0.0758369	-2.73579	-0.0460216	0.0190424	-2.53664	-0.502107	0.235457	-2.57273	-1.42382	0.252371	-2.53586	-0.647466	0.276893	-2.50799	-0.320454	0.243915	-2.71218	-0.0497937	0.143795
504	7.28412	-2.6626	-1.38284	0.0310656	-2.51808	-0.0794647	-0.0265012	-2.46281	-0.0493548	0.0305135	-2.53474	-0.496284	-0.0689019	-2.70025	-0.0375501	-0.0399148	-2.56881	-1.42703	-0.15643	-2.54806	-0.644294	-0.124447	-2.513	-0.314934	-0.0758029	-2.73568	-0.0460572	0.0189674	-2.53616	-0.502279	0.235656	-2.5741	-1.42378	0.252313	-2.53546	-0.64771	0.27702	-2.50753	-0.320634	0.244384	-2.71135	-0.0507312	0.143945
505	7.29411	-2.66383	-1.38284	0.0308841	-2.5181	-0.0793072	-0.0265221	-2.46272	-0.0492505	0.0305018	-2.53602	-0.496193	-0.0687497	-2.70021	-0.0375391	-0.0398082	-2.56969	-1.42714	-0.156593	-2.55931	-0.656256	-0.124455	-2.51401	-0.314861	-0.0758198	-2.73559	-0.0460848	0.0189692	-2.53585	-0.502437	0.235766	-2.57545	-1.42368	0.252194	-2.53515	-0.647928	0.277142	-2.50717	-0.32072	0.244566	-2.71063	-0.0517141	0.14414
506	7.30409	-2.66505	-1.3828	0.0306798	-2.51815	-0.0791989	-0.0265151	-2.46263	-0.0491388	0.0304592	-2.53726	-0.496031	-0.0686936	-2.70018	-0.0375089	-0.0397153	-2.57057	-1.42719	-0.15676	-2.565	-0.661079	-0.12435	-2.5151	-0.314738	-0.0758898	-2.73554	-0.0460579	0.0191198	-2.5358	-0.502609	0.235763	-2.57678	-1.4235	0.251994	-2.53501	-0.648098	0.277221	-2.50693	-0.320772	0.244551	-2.71003	-0.0527345	0.144324
507	7.31408	-2.66627	-1.38272	0.0304723	-2.51819	-0.0790367	-0.0264811	-2.46255	-0.0490516	0.0304034	-2.53844	-0.495779	-0.068745	-2.70016	-0.0374828	-0.0396453	-2.57147	-1.42719	-0.156986	-2.56634	-0.660722	-0.124127	-2.51636	-0.314655	-0.0760223	-2.7355	-0.0459861	0.0193635	-2.53608	-0.502806	0.235666	-2.57808	-1.42325	0.251744	-2.53514	-0.648217	0.27727	-2.50684	-0.321036	0.244752	-2.70955	-0.0536923	0.144507
508	7.32407	-2.66749	-1.38256	0.0302626	-2.51825	-0.0788438	-0.0264298	-2.46246	-0.0489604	0.030333	-2.53941	-0.495422	-0.0688235	-2.70016	-0.037462	-0.0395684	-2.5724	-1.42717	-0.157235	-2.56685	-0.659635	-0.123928	-2.51771	-0.314593	-0.0762168	-2.73549	-0.0460384	0.0193148	-2.53674	-0.50301	0.235454	-2.57928	-1.42297	0.25148	-2.53561	-0.648297	0.277439	-2.5071	-0.321335	0.244793	-2.70921	-0.0545686	0.144851
509	7.33406	-2.66868	-1.38231	0.0300433	-2.51832	-0.0786851	-0.0263914	-2.46233	-0.0488507	0.0302609	-2.54006	-0.494963	-0.0689032	-2.70015	-0.0374481	-0.0395048	-2.57334	-1.42717	-0.157484	-2.56749	-0.658997	-0.12383	-2.51849	-0.31424	-0.0764337	-2.7355	-0.0460842	0.0193041	-2.5379	-0.503207	0.235068	-2.58042	-1.42269	0.251197	-2.53637	-0.648309	0.277596	-2.5079	-0.321583	0.244484	-2.70907	-0.0552305	0.145422
510	7.34405	-2.66983	-1.38204	0.0297873	-2.51833	-0.0784952	-0.0263997	-2.46221	-0.0487501	0.0301686	-2.54062	-0.494655	-0.0690462	-2.70016	-0.0374395	-0.0394575	-2.57426	-1.42718	-0.157745	-2.56825	-0.65862	-0.123814	-2.51953	-0.314268	-0.0766869	-2.73548	-0.0460829	0.0193602	-2.53966	-0.503419	0.234563	-2.58153	-1.42241	0.250896	-2.53742	-0.648282	0.277695	-2.50927	-0.321771	0.24375	-2.70914	-0.0556082	0.146208
511	7.35404	-2.67094	-1.38178	0.0295299	-2.51832	-0.0783402	-0.0264193	-2.46214	-0.0487463	0.0299854	-2.54118	-0.494511	-0.0692572	-2.70017	-0.0374269	-0.0394106	-2.5752	-1.42719	-0.158023	-2.56882	-0.658293	-0.123864	-2.52003	-0.314067	-0.0769231	-2.73546	-0.0460723	0.0194424	-2.54209	-0.503586	0.234007	-2.58259	-1.42216	0.250603	-2.53882	-0.648263	0.277679	-2.51107	-0.32216	0.243051	-2.70938	-0.0557811	0.147315
512	7.36402	-2.67203	-1.3815	0.0293408	-2.51829	-0.0782021	-0.0264352	-2.46199	-0.0487274	0.0298558	-2.54165	-0.494462	-0.0694886	-2.70015	-0.0374072	-0.0393801	-2.57619	-1.42719	-0.158297	-2.56915	-0.658006	-0.123923	-2.51992	-0.313563	-0.0771714	-2.73542	-0.0460267	0.0196556	-2.54504	-0.50367	0.233338	-2.58359	-1.42196	0.250363	-2.54056	-0.648191	0.27754	-2.51331	-0.322773	0.24234	-2.70985	-0.0557969	0.148562
513	7.37401	-2.6732	-1.3812	0.0292329	-2.51827	-0.078122	-0.0264557	-2.46177	-0.0488249	0.0297278	-2.54187	-0.494361	-0.0696935	-2.70011	-0.0374021	-0.0393543	-2.57728	-1.42724	-0.158521	-2.56928	-0.657763	-0.123926	-2.52014	-0.313367	-0.0774453	-2.73536	-0.0459385	0.0200655	-2.54841	-0.503698	0.232507	-2.58451	-1.42182	0.250205	-2.54258	-0.64805	0.277249	-2.51587	-0.323339	0.241402	-2.71057	-0.055672	0.149584
514	7.384	-2.67443	-1.38089	0.0291958	-2.51824	-0.0780677	-0.0264872	-2.46146	-0.0489989	0.0296018	-2.54186	-0.494283	-0.0698489	-2.70009	-0.0374113	-0.0392872	-2.5785	-1.4273	-0.15868	-2.56928	-0.657584	-0.123879	-2.52082	-0.313558	-0.0777449	-2.73529	-0.045953	0.0203157	-2.55226	-0.503812	0.231607	-2.58536	-1.42171	0.250132	-2.54483	-0.647895	0.276857	-2.51854	-0.323865	0.240578	-2.71168	-0.0554975	0.150506
515	7.39399	-2.67573	-1.38053	0.0292499	-2.51822	-0.0780207	-0.0265288	-2.46145	-0.0489776	0.0292713	-2.5417	-0.494261	-0.0700172	-2.70011	-0.037416	-0.0391801	-2.57987	-1.42733	-0.158803	-2.56924	-0.657472	-0.123815	-2.52121	-0.313579	-0.0780545	-2.73523	-0.0460321	0.0204612	-2.55646	-0.503974	0.230693	-2.58621	-1.42159	0.2501	-2.54726	-0.647725	0.276381	-2.52152	-0.32422	0.239359	-2.71342	-0.0554995	0.151583
516	7.40398	-2.67706	-1.38009	0.0294802	-2.51822	-0.0779763	-0.026577	-2.46168	-0.0488926	0.0288346	-2.54156	-0.49439	-0.0702364	-2.70015	-0.0374125	-0.0390272	-2.58145	-1.42728	-0.158784	-2.56921	-0.657415	-0.12374	-2.52135	-0.313452	-0.0783612	-2.73519	-0.0461047	0.020579	-2.5605	-0.50412	0.229705	-2.58705	-1.42146	0.250143	-2.54973	-0.647504	0.275813	-2.52469	-0.324516	0.238192	-2.71595	-0.0558142	0.152921
517	7.41396	-2.67845	-1.37965	0.02987	-2.51816	-0.0778765	-0.0266454	-2.46191	-0.0488154	0.0284362	-2.54147	-0.494638	-0.0704864	-2.70019	-0.0374043	-0.0389096	-2.58318	-1.42706	-0.158493	-2.56917	-0.657365	-0.123685	-2.52139	-0.313352	-0.0786657	-2.73514	-0.0461297	0.0206896	-2.5635	-0.504157	0.228812	-2.58788	-1.42133	0.250281	-2.55192	-0.647371	0.275233	-2.52778	-0.324606	0.237054	-2.71925	-0.0565497	0.15461
518	7.42395	-2.67984	-1.37923	0.0304145	-2.51811	-0.0778286	-0.0266998	-2.46178	-0.0487318	0.028423	-2.54092	-0.494604	-0.0708249	-2.70022	-0.0373709	-0.0388206	-2.58507	-1.42681	-0.158156	-2.56913	-0.657326	-0.123676	-2.52133	-0.313297	-0.0790194	-2.73508	-0.0461428	0.0207665	-2.56541	-0.504169	0.227948	-2.58871	-1.42124	0.250525	-2.55354	-0.647274	0.274656	-2.53049	-0.324443	0.235951	-2.72347	-0.0578122	0.156461
519	7.43394	-2.68126	-1.37887	0.0311096	-2.5181	-0.0778815	-0.0267393	-2.46153	-0.0486928	0.0284765	-2.53992	-0.494354	-0.0712513	-2.70022	-0.0373713	-0.0387671	-2.58702	-1.42653	-0.157736	-2.56923	-0.657385	-0.123723	-2.52109	-0.313294	-0.0794114	-2.73501	-0.0461576	0.0208207	-2.56641	-0.504216	0.227219	-2.58955	-1.42117	0.250892	-2.5544	-0.647123	0.274067	-2.53276	-0.324131	0.235023	-2.72862	-0.0596576	0.157776
520	7.44393	-2.68259	-1.37853	0.0319307	-2.51801	-0.0778669	-0.0268005	-2.46133	-0.0486605	0.0284064	-2.53892	-0.494236	-0.0716665	-2.70022	-0.0373723	-0.0387198	-2.58893	-1.42622	-0.157183	-2.5695	-0.657561	-0.123853	-2.52057	-0.313249	-0.0798167	-2.73494	-0.046172	0.0208455	-2.56675	-0.50424	0.226711	-2.59033	-1.42109	0.251377	-2.55449	-0.646884	0.273457	-2.53477	-0.323596	0.234111	-2.73403	-0.0615595	0.157737
521	7.45392	-2.68385	-1.37822	0.032839	-2.51785	-0.077795	-0.0269084	-2.46143	-0.048629	0.0281783	-2.53806	-0.494361	-0.0720931	-2.70023	-0.0373867	-0.0386761	-2.59078	-1.42594	-0.156567	-2.56987	-0.657823	-0.124072	-2.51975	-0.313108	-0.0801985	-2.73485	-0.0462062	0.0208509	-2.56688	-0.504186	0.226441	-2.59106	-1.42096	0.251974	-2.55407	-0.646544	0.272855	-2.53669	-0.32308	0.23382	-2.73832	-0.0624553	0.156034
522	7.46391	-2.685	-1.37792	0.0337791	-2.5177	-0.0777588	-0.0270377	-2.4615	-0.0486451	0.0280139	-2.53716	-0.494602	-0.072608	-2.70024	-0.0373906	-0.0386196	-2.59252	-1.42569	-0.155831	-2.56994	-0.658003	-0.124332	-2.51861	-0.312833	-0.0805815	-2.73476	-0.0462748	0.0208439	-2.56757	-0.504111	0.226299	-2.59176	-1.42077	0.252654	-2.55363	-0.646166	0.272333	-2.53864	-0.322664	0.233857	-2.74027	-0.0615476	0.153502
523	7.47389	-2.68602	-1.37758	0.0347068	-2.51757	-0.0777589	-0.0271826	-2.46146	-0.0486648	0.0278828	-2.53607	-0.49479	-0.0731333	-2.70024	-0.0374081	-0.0385546	-2.59407	-1.42544	-0.15496	-2.5699	-0.658176	-0.124628	-2.51746	-0.312626	-0.0809803	-2.73465	-0.0463171	0.0208679	-2.56919	-0.503923	0.226175	-2.59244	-1.4205	0.253413	-2.55369	-0.645832	0.271983	-2.54034	-0.322556	0.234281	-2.74003	-0.0593652	0.151537
524	7.48388	-2.68694	-1.37718	0.0356836	-2.51747	-0.0778053	-0.0273214	-2.46139	-0.0486241	0.0277762	-2.53498	-0.494911	-0.0736084	-2.70023	-0.037403	-0.0384932	-2.59545	-1.42519	-0.15401	-2.56979	-0.658372	-0.124955	-2.5171	-0.312916	-0.081458	-2.73453	-0.0464051	0.0208821	-2.57113	-0.503454	0.226055	-2.59304	-1.42015	0.254271	-2.55448	-0.645463	0.271869	-2.54131	-0.322493	0.234771	-2.7391	-0.0568912	0.150543
525	7.49387	-2.6878	-1.37677	0.0367226	-2.51742	-0.0779124	-0.0274378	-2.46133	-0.0486023	0.0277041	-2.53401	-0.49501	-0.074032	-2.70019	-0.0373914	-0.0384745	-2.59673	-1.42502	-0.153082	-2.56961	-0.658578	-0.125328	-2.51675	-0.313145	-0.0818999	-2.7344	-0.0464241	0.0208497	-2.57205	-0.502658	0.226032	-2.59355	-1.41977	0.25524	-2.55564	-0.644988	0.271953	-2.54144	-0.322117	0.235111	-2.73857	-0.0542489	0.149763
526	7.50386	-2.68854	-1.37633	0.0377725	-2.51734	-0.0779581	-0.027543	-2.46129	-0.048603	0.0276465	-2.53331	-0.495134	-0.0743821	-2.70017	-0.0373991	-0.0384782	-2.59786	-1.42487	-0.152099	-2.56941	-0.658755	-0.125734	-2.51627	-0.313218	-0.0822123	-2.73428	-0.0463593	0.020806	-2.57113	-0.501753	0.226275	-2.59399	-1.41932	0.256283	-2.55646	-0.644349	0.272124	-2.54107	-0.321214	0.235377	-2.73859	-0.0520118	0.149133
527	7.51385	-2.68907	-1.37592	0.0387855	-2.51726	-0.0779844	-0.0276512	-2.46126	-0.0486347	0.0275914	-2.53294	-0.495307	-0.0746091	-2.70018	-0.037402	-0.0384808	-2.5988	-1.42473	-0.150969	-2.56935	-0.658915	-0.126116	-2.51592	-0.313263	-0.0823939	-2.73419	-0.0463258	0.0207539	-2.56899	-0.500997	0.226794	-2.59442	-1.41884	0.257339	-2.55648	-0.64366	0.27238	-2.54031	-0.32001	0.235534	-2.739	-0.0509979	0.148744
528	7.52384	-2.68943	-1.37566	0.039752	-2.51723	-0.078055	-0.027754	-2.46126	-0.0486615	0.0275179	-2.53289	-0.495485	-0.0746337	-2.70019	-0.0373923	-0.0385068	-2.59952	-1.42464	-0.149691	-2.5695	-0.659083	-0.126382	-2.51581	-0.313411	-0.0824323	-2.73414	-0.0463381	0.0206791	-2.56678	-0.500541	0.227423	-2.59482	-1.41837	0.258364	-2.5557	-0.64332	0.27279	-2.53915	-0.319087	0.23543	-2.73957	-0.0505729	0.148539
529	7.53382	-2.68972	-1.3756	0.0406713	-2.51722	-0.0780726	-0.0277969	-2.4613	-0.0487727	0.0275123	-2.53322	-0.495694	-0.0744095	-2.70021	-0.0373826	-0.038521	-2.60002	-1.42478	-0.148495	-2.56994	-0.659261	-0.126457	-2.51571	-0.3135	-0.0822847	-2.73411	-0.0463513	0.0206333	-2.56509	-0.500477	0.228046	-2.5952	-1.41792	0.259367	-2.55448	-0.643343	0.273314	-2.5375	-0.318786	0.235427	-2.74016	-0.0502656	0.148314
530	7.54381	-2.68997	-1.3758	0.0415166	-2.51728	-0.0781319	-0.0277742	-2.46135	-0.0489117	0.0276102	-2.53401	-0.495974	-0.0739883	-2.70024	-0.037364	-0.0384989	-2.60029	-1.42516	-0.147392	-2.57072	-0.659468	-0.126291	-2.51544	-0.313336	-0.0818948	-2.73413	-0.0463502	0.0206136	-2.56376	-0.500765	0.228567	-2.59559	-1.41754	0.260312	-2.55319	-0.643586	0.273831	-2.5355	-0.318922	0.235603	-2.74066	-0.049983	0.148125
531	7.5538	-2.69016	-1.37625	0.0423011	-2.51743	-0.0782858	-0.0277146	-2.46139	-0.049076	0.0278031	-2.5352	-0.496246	-0.0734152	-2.70028	-0.0373293	-0.0384723	-2.60034	-1.42582	-0.146471	-2.57179	-0.659655	-0.125894	-2.5158	-0.313422	-0.0813105	-2.7342	-0.0463392	0.0206203	-2.56239	-0.501162	0.228953	-2.59596	-1.41723	0.261133	-2.55223	-0.644196	0.274251	-2.53341	-0.319085	0.235877	-2.74104	-0.0497477	0.148092
532	7.56379	-2.69031	-1.37685	0.0429675	-2.51763	-0.0785135	-0.0276142	-2.46149	-0.0492892	0.0280103	-2.53666	-0.496423	-0.0726677	-2.70034	-0.037303	-0.0384877	-2.60026	-1.4267	-0.1457	-2.57302	-0.659792	-0.125359	-2.51685	-0.313845	-0.0806274	-2.73436	-0.0462992	0.0206457	-2.56098	-0.501509	0.229331	-2.59634	-1.41705	0.261895	-2.55177	-0.645174	0.274561	-2.53166	-0.319202	0.236329	-2.74136	-0.0495068	0.148149
533	7.57378	-2.69039	-1.37752	0.0435348	-2.51785	-0.0787365	-0.0274384	-2.46162	-0.0494954	0.0283038	-2.53829	-0.496457	-0.0718542	-2.70042	-0.0372856	-0.0385311	-2.60007	-1.42771	-0.145075	-2.57444	-0.659927	-0.124731	-2.51821	-0.314369	-0.079893	-2.7346	-0.0462342	0.0206461	-2.55969	-0.501675	0.229876	-2.59663	-1.41695	0.262619	-2.55063	-0.644745	0.274722	-2.53068	-0.319218	0.236852	-2.74166	-0.04924	0.148217
534	7.58377	-2.69042	-1.37818	0.0439947	-2.51815	-0.0789871	-0.0271925	-2.4618	-0.0496848	0.0286762	-2.54011	-0.496479	-0.071055	-2.70052	-0.0372523	-0.0386041	-2.59986	-1.42872	-0.144513	-2.576	-0.660005	-0.124016	-2.51899	-0.314427	-0.0790837	-2.7349	-0.046163	0.0206178	-2.55866	-0.501655	0.230637	-2.59679	-1.41688	0.263251	-2.54633	-0.639334	0.274625	-2.53048	-0.319229	0.237378	-2.74194	-0.048958	0.148285
535	7.59375	-2.6904	-1.37878	0.0444221	-2.51851	-0.0792659	-0.0269261	-2.46201	-0.0498484	0.0290552	-2.54194	-0.496466	-0.0702148	-2.70064	-0.0372284	-0.0386977	-2.59964	-1.42965	-0.144008	-2.57762	-0.660042	-0.123298	-2.51985	-0.314488	-0.0782834	-2.73526	-0.0460775	0.0205451	-2.55803	-0.501605	0.231389	-2.59683	-1.41679	0.263808	-2.54106	-0.632112	0.274425	-2.53076	-0.319271	0.237818	-2.74222	-0.0487146	0.148351
536	7.60374	-2.69038	-1.37933	0.0448227	-2.51891	-0.0795856	-0.0266774	-2.46221	-0.0500033	0.0293911	-2.5436	-0.4964	-0.0694526	-2.70076	-0.0371828	-0.0387779	-2.5995	-1.43049	-0.14361	-2.57925	-0.660073	-0.122619	-2.5208	-0.314597	-0.0775968	-2.73564	-0.046001	0.0205399	-2.55792	-0.501626	0.231862	-2.59678	-1.41666	0.264292	-2.54652	-0.64077	0.275434	-2.53117	-0.31931	0.238086	-2.74249	-0.0485195	0.148412
537	7.61373	-2.69035	-1.37986	0.0452109	-2.51924	-0.0798232	-0.0264158	-2.4624	-0.0501426	0.0296301	-2.54509	-0.496311	-0.0688059	-2.70088	-0.0371324	-0.0388487	-2.59944	-1.43124	-0.143248	-2.58071	-0.660053	-0.121959	-2.52171	-0.314689	-0.0770116	-2.73599	-0.0459591	0.0205517	-2.55823	-0.501686	0.232103	-2.59665	-1.41648	0.264734	-2.54686	-0.640939	0.275631	-2.53143	-0.319326	0.238171	-2.74273	-0.0483669	0.148458
538	7.62372	-2.6903	-1.38033	0.0456439	-2.51943	-0.0799011	-0.026171	-2.46252	-0.0502154	0.0298281	-2.54646	-0.496259	-0.0681596	-2.70098	-0.0370994	-0.0389051	-2.59945	-1.43191	-0.142904	-2.58193	-0.659974	-0.121366	-2.52241	-0.314715	-0.0764756	-2.73625	-0.0459254	0.0205394	-2.55862	-0.501674	0.232298	-2.59644	-1.4163	0.265142	-2.53827	-0.626896	0.274672	-2.53148	-0.319289	0.238118	-2.74292	-0.0482436	0.148499
539	7.63371	-2.69026	-1.38076	0.0460817	-2.51955	-0.0799442	-0.0259356	-2.46261	-0.0502536	0.0300175	-2.54757	-0.496183	-0.0676079	-2.70103	-0.0370813	-0.0389649	-2.59945	-1.4324	-0.142539	-2.58326	-0.65999	-0.120858	-2.52294	-0.314766	-0.076013	-2.73645	-0.0458989	0.0205381	-2.55896	-0.501568	0.232484	-2.59613	-1.41614	0.265522	-2.53489	-0.620368	0.274418	-2.53141	-0.319213	0.238013	-2.74305	-0.0481416	0.148537
540	7.6437	-2.69023	-1.38119	0.0465118	-2.51962	-0.0799236	-0.0257495	-2.46268	-0.050295	0.0301809	-2.54845	-0.496126	-0.0672517	-2.70106	-0.0370708	-0.039015	-2.59941	-1.43273	-0.142153	-2.58405	-0.659827	-0.12038	-2.52334	-0.314816	-0.0756672	-2.73661	-0.0458666	0.0206016	-2.5593	-0.50145	0.232632	-2.59574	-1.41595	0.265858	-2.53953	-0.625792	0.275208	-2.53138	-0.319128	0.237903	-2.74316	-0.0480706	0.148574
541	7.65368	-2.69014	-1.38158	0.0469534	-2.51968	-0.0799381	-0.0256001	-2.46276	-0.0503185	0.0302787	-2.54907	-0.496079	-0.0670218	-2.70108	-0.0370668	-0.0390481	-2.59936	-1.43294	-0.141771	-2.58494	-0.659776	-0.11999	-2.52358	-0.314823	-0.075414	-2.73675	-0.0458527	0.0206431	-2.55997	-0.501401	0.23267	-2.59525	-1.41572	0.266143	-2.55021	-0.640286	0.27674	-2.53151	-0.319099	0.237828	-2.74323	-0.0479986	0.148597
542	7.66367	nan	nan	nan	-2.51963	-0.0798521	-0.0254747	-2.46281	-0.0503062	0.0303636	-2.54941	-0.496043	-0.0668647	-2.70108	-0.0370567	-0.0390926	-2.59931	-1.43306	-0.141462	-2.586	-0.659873	-0.119734	-2.52364	-0.314792	-0.075217	-2.73684	-0.0458311	0.0206518	-2.56117	-0.50147	0.232529	-2.59469	-1.41551	0.266399	-2.5548	-0.6459	0.277429	-2.53186	-0.319075	0.237796	-2.7433	-0.0479205	0.148598
543	7.67366	nan	nan	nan	-2.51959	-0.0798259	-0.0253821	-2.46284	-0.0502917	0.0304493	-2.54954	-0.496047	-0.0667908	-2.70108	-0.0370511	-0.0391498	-2.59923	-1.4331	-0.1412	-2.58694	-0.660005	-0.119631	-2.52352	-0.314769	-0.0751115	-2.73691	-0.0458294	0.0206169	-2.56214	-0.50135	0.232518	-2.59412	-1.41537	0.266646	-2.55536	-0.645515	0.277675	-2.53243	-0.319051	0.237775	-2.74336	-0.0478505	0.148594
544	7.68365	nan	nan	nan	-2.51956	-0.0798595	-0.0253137	-2.46288	-0.0502854	0.0305035	-2.54948	-0.496078	-0.0668021	-2.70108	-0.0370711	-0.0392022	-2.59912	-1.43311	-0.140942	-2.58754	-0.660211	-0.119578	-2.52329	-0.314796	-0.0750853	-2.73696	-0.0458139	0.0206375	-2.56312	-0.501238	0.232562	-2.59355	-1.41532	0.266907	-2.55571	-0.644522	0.277734	-2.5332	-0.319023	0.237744	-2.7434	-0.0477904	0.148588
545	7.69364	-2.68935	-1.38262	0.0484761	-2.51951	-0.0798705	-0.0252767	-2.46289	-0.0502688	0.0305323	-2.54927	-0.496116	-0.0668734	-2.70107	-0.0370815	-0.0392434	-2.59896	-1.43313	-0.140659	-2.5884	-0.660963	-0.119558	-2.52292	-0.314818	-0.075081	-2.73698	-0.0458129	0.020635	-2.56414	-0.501162	0.232599	-2.59296	-1.4153	0.267169	-2.5568	-0.644215	0.27768	-2.53404	-0.31898	0.237749	-2.74342	-0.0477605	0.148586
546	7.70363	-2.68908	-1.38292	0.0487738	-2.51945	-0.0798598	-0.0252494	-2.46289	-0.0502378	0.0305824	-2.54897	-0.496157	-0.0669817	-2.70104	-0.0370653	-0.039264	-2.59876	-1.43314	-0.140335	-2.58899	-0.661346	-0.119661	-2.52246	-0.314829	-0.0751223	-2.73698	-0.0458174	0.0206298	-2.5651	-0.501063	0.232596	-2.59232	-1.41538	0.26743	-2.55809	-0.644171	0.277704	-2.53482	-0.318927	0.237757	-2.74339	-0.0477726	0.148601
547	7.71361	-2.68879	-1.38315	0.0490253	-2.51938	-0.0798521	-0.0252427	-2.46288	-0.0502058	0.030616	-2.54859	-0.496204	-0.0671198	-2.70101	-0.0370554	-0.039287	-2.59854	-1.43316	-0.140045	-2.58534	-0.656936	-0.120068	-2.52195	-0.314828	-0.0752324	-2.73695	-0.0458307	0.0206321	-2.56597	-0.500919	0.232552	-2.59168	-1.41554	0.26771	-2.55928	-0.644103	0.277801	-2.53543	-0.3189	0.237735	-2.74332	-0.047802	0.14862
548	7.7236	-2.68845	-1.38342	0.0493016	-2.51931	-0.0798462	-0.025271	-2.46288	-0.0501727	0.0305993	-2.54821	-0.496239	-0.067284	-2.70097	-0.0370573	-0.0393255	-2.5983	-1.4332	-0.139792	-2.57457	-0.64506	-0.120757	-2.52146	-0.314807	-0.0753848	-2.73691	-0.045843	0.0206434	-2.5668	-0.500799	0.232465	-2.59112	-1.41574	0.267986	-2.56038	-0.643992	0.277889	-2.53589	-0.31886	0.237647	-2.74323	-0.0478344	0.148632
549	7.73359	-2.6881	-1.38372	0.0495761	-2.51924	-0.0798637	-0.025306	-2.46285	-0.0501408	0.0305924	-2.54788	-0.496308	-0.0674731	-2.70095	-0.0370543	-0.0393535	-2.59806	-1.43326	-0.139526	-2.57005	-0.640192	-0.121106	-2.52103	-0.314768	-0.0755714	-2.73687	-0.0458691	0.0206402	-2.56766	-0.50071	0.232319	-2.59064	-1.41594	0.268258	-2.56142	-0.643853	0.277875	-2.53627	-0.318794	0.237494	-2.74315	-0.0478648	0.14863
550	7.74358	-2.68778	-1.38397	0.0497875	-2.51921	-0.0798988	-0.0253389	-2.46283	-0.0501003	0.0305927	-2.54761	-0.496399	-0.0676892	-2.70092	-0.0370499	-0.0393496	-2.59779	-1.43329	-0.139283	-2.57009	-0.640365	-0.121219	-2.52066	-0.314746	-0.0757502	-2.73683	-0.0458978	0.0205866	-2.56845	-0.500636	0.232149	-2.59018	-1.41612	0.268536	-2.56237	-0.643702	0.277785	-2.53669	-0.318792	0.237353	-2.74308	-0.0478869	0.148612
551	7.75357	-2.68747	-1.38416	0.0499205	-2.51923	-0.0799684	-0.0253887	-2.4628	-0.0500496	0.0305922	-2.54738	-0.496487	-0.0678946	-2.70088	-0.0370146	-0.0393372	-2.59753	-1.43328	-0.139088	-2.57068	-0.641134	-0.121304	-2.52035	-0.31473	-0.0759012	-2.73678	-0.0458905	0.0205454	-2.56914	-0.500574	0.23198	-2.58976	-1.41627	0.268781	-2.56328	-0.643577	0.277637	-2.53712	-0.31878	0.237189	-2.74298	-0.0478974	0.148591
552	7.76356	-2.68718	-1.38434	0.0500218	-2.51929	-0.0800953	-0.0254344	-2.46278	-0.0500084	0.0305852	-2.54719	-0.496549	-0.0680846	-2.70086	-0.0370063	-0.0393471	-2.59726	-1.43324	-0.138919	-2.57076	-0.641334	-0.121395	-2.52011	-0.314726	-0.0760059	-2.73671	-0.0458765	0.0205237	-2.56983	-0.500521	0.231794	-2.58938	-1.41639	0.268976	-2.56412	-0.643468	0.277469	-2.53755	-0.318836	0.237029	-2.74287	-0.0479131	0.148587
553	7.77354	-2.68693	-1.3845	0.0501007	-2.51924	-0.080087	-0.0254474	-2.46276	-0.0499714	0.0305854	-2.54704	-0.496588	-0.0682165	-2.70085	-0.0370329	-0.0393932	-2.59698	-1.4332	-0.138759	-2.57067	-0.641302	-0.121468	-2.51993	-0.314726	-0.0760769	-2.73664	-0.0458668	0.0205039	-2.57054	-0.500469	0.231614	-2.58908	-1.41647	0.269136	-2.56493	-0.643358	0.277358	-2.53793	-0.318866	0.236859	-2.74275	-0.0479351	0.148584
554	7.78353	-2.68674	-1.38467	0.0501597	-2.51912	-0.0799507	-0.0254195	-2.46275	-0.0499415	0.030602	-2.54696	-0.496611	-0.0682834	-2.70083	-0.037054	-0.0394201	-2.5967	-1.43314	-0.138611	-2.57071	-0.641347	-0.121501	-2.5198	-0.314732	-0.0760941	-2.73661	-0.0458757	0.0204521	-2.57123	-0.50042	0.231477	-2.58885	-1.41651	0.269266	-2.56574	-0.643264	0.277369	-2.53826	-0.318867	0.236739	-2.74264	-0.0479556	0.148567
555	7.79352	-2.68658	-1.38483	0.0501875	-2.51911	-0.0799081	-0.0253841	-2.46276	-0.0499169	0.0306267	-2.54694	-0.496612	-0.06828	-2.70082	-0.0370654	-0.0394323	-2.59646	-1.43309	-0.138523	-2.57091	-0.641461	-0.121495	-2.51972	-0.314747	-0.0760527	-2.73661	-0.0458855	0.0204233	-2.57186	-0.500348	0.23139	-2.58867	-1.41649	0.269348	-2.56656	-0.643202	0.277398	-2.53856	-0.318852	0.236701	-2.74259	-0.0479731	0.148556
556	7.80351	-2.68644	-1.385	0.0501896	-2.51916	-0.0799545	-0.0253663	-2.46276	-0.0498978	0.0306801	-2.54697	-0.496597	-0.0682164	-2.70081	-0.037058	-0.0394043	-2.59618	-1.43303	-0.138423	-2.57096	-0.64135	-0.121466	-2.51966	-0.314756	-0.0759703	-2.73661	-0.0458975	0.0204359	-2.57244	-0.500257	0.231372	-2.58852	-1.41645	0.269391	-2.5674	-0.643179	0.277432	-2.53888	-0.318829	0.236733	-2.7426	-0.0479801	0.148551
557	7.8135	-2.68629	-1.38515	0.0501551	-2.5191	-0.0798954	-0.0253344	-2.46274	-0.0498607	0.030758	-2.54704	-0.496576	-0.0681094	-2.70079	-0.0370718	-0.0393988	-2.59591	-1.43297	-0.138366	-2.57056	-0.640674	-0.121442	-2.51964	-0.314761	-0.0758473	-2.73659	-0.0458939	0.0204441	-2.573	-0.500207	0.231369	-2.58841	-1.41639	0.269392	-2.56827	-0.643118	0.277336	-2.53921	-0.318803	0.236774	-2.74264	-0.0479671	0.148537
558	7.82349	-2.68614	-1.38528	0.0500743	-2.51911	-0.0799022	-0.0252904	-2.46272	-0.0498188	0.0308298	-2.54716	-0.496538	-0.0679648	-2.70077	-0.037088	-0.0394155	-2.59565	-1.43289	-0.138356	-2.57063	-0.640541	-0.121381	-2.51965	-0.314774	-0.0757042	-2.73658	-0.0459141	0.0203999	-2.5735	-0.500201	0.231356	-2.58836	-1.41634	0.269347	-2.56897	-0.643069	0.277304	-2.53954	-0.318798	0.236808	-2.74267	-0.0479444	0.148528
559	7.83347	-2.68596	-1.38542	0.0499514	-2.5192	-0.0799721	-0.0252498	-2.46271	-0.0497713	0.0308542	-2.5473	-0.496485	-0.0677899	-2.70075	-0.0370795	-0.0394075	-2.5954	-1.43282	-0.138371	-2.57476	-0.645119	-0.121025	-2.51969	-0.31479	-0.0755584	-2.73657	-0.0459233	0.0203597	-2.57387	-0.50019	0.231357	-2.5883	-1.41631	0.269276	-2.5695	-0.643045	0.277338	-2.53978	-0.318782	0.236801	-2.7427	-0.0479137	0.148523
560	7.84346	-2.68578	-1.38558	0.0497955	-2.51918	-0.0799328	-0.0252089	-2.46272	-0.0497226	0.0308682	-2.54746	-0.496421	-0.0676228	-2.70073	-0.037057	-0.0393963	-2.59518	-1.43277	-0.138426	-2.5847	-0.656417	-0.120255	-2.51977	-0.31479	-0.0754101	-2.73657	-0.0459079	0.0203384	-2.57412	-0.500191	0.23137	-2.58824	-1.41632	0.269189	-2.56988	-0.643047	0.277378	-2.53992	-0.318765	0.236766	-2.74273	-0.0478921	0.148509
561	7.85345	-2.68559	-1.38575	0.0496267	-2.51922	-0.079937	-0.0251732	-2.46272	-0.0496694	0.030917	-2.54761	-0.496362	-0.0674786	-2.7007	-0.0370577	-0.0394192	-2.595	-1.43276	-0.13855	-2.58893	-0.661094	-0.1199	-2.51987	-0.314795	-0.0752621	-2.73658	-0.0458842	0.0203307	-2.57422	-0.50019	0.231381	-2.58818	-1.41638	0.269068	-2.57012	-0.643079	0.277408	-2.53995	-0.318766	0.236743	-2.74275	-0.0478672	0.148496
562	7.86344	-2.68543	-1.38595	0.0494345	-2.51917	-0.0798466	-0.0251384	-2.4627	-0.0496213	0.0309772	-2.54778	-0.496339	-0.0673547	-2.70069	-0.0370768	-0.0394494	-2.59481	-1.43278	-0.138727	-2.58897	-0.661025	-0.119817	-2.51999	-0.314836	-0.0751137	-2.73658	-0.0458815	0.0203192	-2.57424	-0.500198	0.231407	-2.58812	-1.41646	0.268918	-2.57025	-0.643121	0.277428	-2.53994	-0.318785	0.236745	-2.74278	-0.0478371	0.148497
563	7.87343	-2.68531	-1.38618	0.0492243	-2.51918	-0.0798494	-0.0251053	-2.46271	-0.0496011	0.0310126	-2.54792	-0.496327	-0.0672239	-2.70069	-0.0370758	-0.0394433	-2.59464	-1.43286	-0.138925	-2.58847	-0.660384	-0.119744	-2.52009	-0.314875	-0.0749865	-2.73658	-0.0458809	0.0203046	-2.5742	-0.500224	0.231443	-2.58804	-1.41659	0.268748	-2.5703	-0.643171	0.277438	-2.53994	-0.318798	0.236754	-2.74283	-0.0478175	0.148498
564	7.88342	-2.68522	-1.38644	0.0490264	-2.51917	-0.0798379	-0.0250658	-2.46271	-0.0496075	0.0310203	-2.54805	-0.496323	-0.0670943	-2.70068	-0.0370718	-0.0394228	-2.59448	-1.43297	-0.139119	-2.58844	-0.660282	-0.119633	-2.52016	-0.314913	-0.0748509	-2.73656	-0.0458832	0.0202855	-2.57412	-0.500264	0.231462	-2.58796	-1.41675	0.268556	-2.57028	-0.643224	0.277381	-2.53992	-0.318828	0.236738	-2.74289	-0.0477914	0.148504
565	7.8934	-2.68513	-1.38671	0.0488238	-2.51925	-0.0799463	-0.0250562	-2.46271	-0.049604	0.0310393	-2.54821	-0.496333	-0.0669731	-2.70066	-0.0370644	-0.0393922	-2.59431	-1.43308	-0.139325	-2.58862	-0.660385	-0.119509	-2.52022	-0.314943	-0.0747057	-2.73653	-0.045902	0.0202732	-2.57398	-0.500298	0.231482	-2.58788	-1.41692	0.268356	-2.57023	-0.643276	0.277282	-2.53984	-0.318866	0.236698	-2.74296	-0.0477571	0.148518
566	7.90339	-2.685	-1.38699	0.0485964	-2.51925	-0.079933	-0.0250355	-2.46269	-0.0495795	0.0310671	-2.5484	-0.496351	-0.0668641	-2.70065	-0.0370846	-0.0393948	-2.5941	-1.43317	-0.139534	-2.58879	-0.66043	-0.119388	-2.52028	-0.314979	-0.074567	-2.73652	-0.0459132	0.0202913	-2.57377	-0.500339	0.231515	-2.58783	-1.4171	0.268149	-2.57017	-0.643354	0.277279	-2.53967	-0.318889	0.236646	-2.74304	-0.0477166	0.148535
567	7.91338	-2.68486	-1.38725	0.0483191	-2.5191	-0.0797666	-0.0249918	-2.46268	-0.0495438	0.0310991	-2.5486	-0.496367	-0.0667722	-2.70064	-0.0370731	-0.0393875	-2.59384	-1.43322	-0.139743	-2.58893	-0.660414	-0.119281	-2.52035	-0.31502	-0.0744459	-2.73652	-0.0459236	0.0202821	-2.57348	-0.500373	0.231558	-2.58775	-1.41727	0.267922	-2.57012	-0.643453	0.277354	-2.53942	-0.318922	0.236592	-2.74313	-0.0476575	0.148536
568	7.92337	-2.6847	-1.38749	0.0480337	-2.51905	-0.0797195	-0.0249541	-2.46268	-0.049538	0.0311175	-2.54879	-0.496366	-0.0666934	-2.70063	-0.0370559	-0.039381	-2.59354	-1.43319	-0.139924	-2.58911	-0.660397	-0.119177	-2.52044	-0.315053	-0.0743493	-2.73654	-0.0459685	0.02013	-2.57312	-0.500414	0.231601	-2.58764	-1.41742	0.267681	-2.57009	-0.643578	0.27745	-2.53915	-0.318963	0.236547	-2.74321	-0.0476091	0.148521
569	7.93336	-2.68454	-1.38771	0.0477519	-2.5191	-0.0797795	-0.0249275	-2.46268	-0.0495267	0.0311397	-2.54899	-0.496377	-0.0666059	-2.70062	-0.0370738	-0.0394092	-2.59325	-1.43316	-0.140141	-2.58933	-0.660379	-0.119079	-2.52054	-0.31506	-0.0742659	-2.73655	-0.0460696	0.0198094	-2.57277	-0.500479	0.23163	-2.5875	-1.41758	0.267422	-2.57008	-0.643721	0.277549	-2.5389	-0.319016	0.23653	-2.74327	-0.0475718	0.148508
570	7.94335	-2.68437	-1.38792	0.0474697	-2.51925	-0.0799204	-0.0249298	-2.46266	-0.0494939	0.0311778	-2.54921	-0.496379	-0.0665305	-2.7006	-0.037077	-0.0394152	-2.59301	-1.43317	-0.140419	-2.58958	-0.660337	-0.118998	-2.52065	-0.315069	-0.0742073	-2.73656	-0.0461	0.0196947	-2.57245	-0.500568	0.231647	-2.58731	-1.41773	0.267132	-2.57007	-0.643894	0.277704	-2.53867	-0.319057	0.236531	-2.7433	-0.0475394	0.148504
571	7.95333	-2.68421	-1.38813	0.0471657	-2.51928	-0.0799347	-0.0249133	-2.46265	-0.0494804	0.0311867	-2.54945	-0.496375	-0.0664874	-2.7006	-0.0370841	-0.0394328	-2.5928	-1.43314	-0.140726	-2.58988	-0.66028	-0.118937	-2.5208	-0.315093	-0.0741668	-2.73656	-0.0460933	0.0197008	-2.57212	-0.500659	0.231661	-2.58708	-1.41786	0.266834	-2.57004	-0.644024	0.277782	-2.53847	-0.319085	0.236533	-2.74334	-0.0475043	0.148504
572	7.96332	-2.68405	-1.38831	0.0468883	-2.51921	-0.079851	-0.0248846	-2.46265	-0.0494798	0.031178	-2.54965	-0.496361	-0.0664618	-2.7006	-0.0370763	-0.0394216	-2.59263	-1.43304	-0.141019	-2.59022	-0.66024	-0.118901	-2.52094	-0.315097	-0.0741301	-2.73656	-0.0460889	0.0197202	-2.5718	-0.500747	0.231703	-2.58682	-1.41801	0.266555	-2.57003	-0.644106	0.277778	-2.53828	-0.319101	0.236539	-2.74338	-0.0474822	0.148524
573	7.97331	-2.68391	-1.38845	0.0466628	-2.51925	-0.0798629	-0.0248832	-2.46263	-0.0494914	0.0311965	-2.54982	-0.496348	-0.0664701	-2.7006	-0.0370786	-0.0394197	-2.59249	-1.4329	-0.14126	-2.59062	-0.660225	-0.118879	-2.52108	-0.315091	-0.0741327	-2.73657	-0.0460974	0.0197266	-2.5715	-0.500818	0.231756	-2.58654	-1.41819	0.266302	-2.57	-0.64417	0.277782	-2.53805	-0.319114	0.236554	-2.7434	-0.0474766	0.148548
574	7.9833	-2.68378	-1.38859	0.0464801	-2.51917	-0.0797613	-0.0248492	-2.46261	-0.0495115	0.0312543	-2.54996	-0.49632	-0.0665011	-2.70061	-0.0370947	-0.0394273	-2.59243	-1.43278	-0.141484	-2.59105	-0.660223	-0.118846	-2.5212	-0.315103	-0.0741468	-2.73657	-0.0461129	0.0197234	-2.57123	-0.50087	0.23181	-2.58625	-1.41834	0.266074	-2.56992	-0.64424	0.27782	-2.53781	-0.319134	0.236573	-2.74342	-0.047488	0.14858
575	7.99329	-2.68368	-1.38874	0.0463085	-2.51913	-0.0797104	-0.0248403	-2.4626	-0.0495208	0.0312474	-2.55013	-0.496286	-0.0665359	-2.7006	-0.0370958	-0.0394448	-2.59239	-1.43267	-0.141687	-2.59147	-0.660223	-0.118789	-2.52131	-0.315135	-0.0741704	-2.73659	-0.0461173	0.0197052	-2.571	-0.500929	0.231854	-2.58596	-1.41847	0.265862	-2.56984	-0.644336	0.277837	-2.53758	-0.319164	0.236578	-2.74343	-0.0474824	0.148594
576	8.00327	-2.68362	-1.38892	0.0461518	-2.51914	-0.0797232	-0.0248555	-2.4626	-0.0495213	0.0312352	-2.55027	-0.496246	-0.0665856	-2.70059	-0.0370884	-0.0394416	-2.59236	-1.43255	-0.141895	-2.59187	-0.660217	-0.118689	-2.5214	-0.315158	-0.0741919	-2.73659	-0.0461277	0.0196809	-2.5708	-0.500987	0.23185	-2.58569	-1.41858	0.265659	-2.56983	-0.64443	0.277839	-2.53739	-0.319197	0.236549	-2.74345	-0.0474719	0.148607
577	8.01326	-2.6836	-1.38912	0.046004	-2.5192	-0.079784	-0.0248755	-2.46259	-0.0495161	0.031219	-2.55042	-0.496214	-0.0666334	-2.70059	-0.0370824	-0.0394116	-2.59231	-1.43241	-0.142116	-2.59225	-0.660215	-0.118572	-2.52146	-0.315146	-0.0742271	-2.73659	-0.0461262	0.0196642	-2.57065	-0.501039	0.231815	-2.58544	-1.41868	0.265443	-2.56992	-0.644543	0.277843	-2.53724	-0.319225	0.236491	-2.74347	-0.0474712	0.148621
578	8.02325	-2.68361	-1.3893	0.0458597	-2.51927	-0.0798684	-0.0248749	-2.46259	-0.0495051	0.0311984	-2.5506	-0.496172	-0.0666783	-2.70059	-0.0370887	-0.0394202	-2.59229	-1.4323	-0.142391	-2.5926	-0.660211	-0.118468	-2.5215	-0.315126	-0.0742529	-2.73658	-0.0461114	0.0196779	-2.57057	-0.501077	0.231771	-2.58518	-1.41876	0.265164	-2.56998	-0.644672	0.277808	-2.53717	-0.319258	0.236431	-2.7435	-0.0474763	0.148636
579	8.03324	-2.68363	-1.38946	0.0457029	-2.5192	-0.0797718	-0.0248395	-2.46259	-0.0494971	0.0311928	-2.55077	-0.496112	-0.0667258	-2.70057	-0.0370697	-0.0394104	-2.59229	-1.43219	-0.142684	-2.59292	-0.660173	-0.118368	-2.52156	-0.315104	-0.0742771	-2.7366	-0.0461071	0.019659	-2.57056	-0.501104	0.231712	-2.58494	-1.41882	0.264864	-2.56992	-0.644727	0.277692	-2.53715	-0.319288	0.236366	-2.74352	-0.0474681	0.14865
580	8.04323	-2.68366	-1.3896	0.0455236	-2.51917	-0.0797206	-0.0248246	-2.46259	-0.0495041	0.0312165	-2.55095	-0.496069	-0.0667703	-2.70059	-0.0370542	-0.0393981	-2.59229	-1.43209	-0.142969	-2.59321	-0.660092	-0.118318	-2.52162	-0.315088	-0.0743166	-2.73662	-0.0461258	0.0196021	-2.5706	-0.50112	0.231643	-2.58477	-1.41888	0.264582	-2.56989	-0.644716	0.277542	-2.53718	-0.319334	0.236292	-2.74352	-0.047449	0.148656
581	8.05322	-2.68368	-1.38974	0.0453275	-2.51917	-0.0797169	-0.0248062	-2.46259	-0.0495275	0.0312283	-2.55107	-0.496048	-0.0668397	-2.7006	-0.0370591	-0.0393727	-2.59228	-1.432	-0.143233	-2.59353	-0.659978	-0.118458	-2.52165	-0.315066	-0.0743735	-2.73664	-0.0461544	0.0195761	-2.57067	-0.501116	0.23157	-2.58463	-1.41895	0.264299	-2.56986	-0.644752	0.277479	-2.53721	-0.319377	0.236228	-2.74354	-0.0474442	0.148671
582	8.0632	-2.6837	-1.38988	0.0451243	-2.51916	-0.0797017	-0.024779	-2.46259	-0.0495411	0.0312302	-2.55112	-0.496007	-0.066912	-2.70061	-0.0370635	-0.0393636	-2.59225	-1.43191	-0.143453	-2.59383	-0.659873	-0.118804	-2.52171	-0.315057	-0.0744149	-2.73665	-0.0461738	0.0195721	-2.57074	-0.50109	0.231497	-2.58451	-1.41902	0.264005	-2.56978	-0.644756	0.277454	-2.53723	-0.319402	0.236162	-2.74356	-0.0474348	0.148693
583	8.07319	-2.6837	-1.39	0.0449064	-2.51921	-0.0797554	-0.0247959	-2.46259	-0.0495377	0.0312105	-2.55111	-0.495933	-0.0669399	-2.7006	-0.0370476	-0.0393669	-2.59223	-1.43182	-0.143664	-2.59402	-0.659828	-0.119015	-2.52179	-0.315073	-0.0744632	-2.73665	-0.0461748	0.0195967	-2.57079	-0.501048	0.231423	-2.58441	-1.41911	0.263713	-2.56972	-0.644742	0.277406	-2.53728	-0.319431	0.236102	-2.74359	-0.0474249	0.148702
584	8.08318	-2.68371	-1.3901	0.0446783	-2.5193	-0.0798675	-0.0248499	-2.46259	-0.0495362	0.0311912	-2.55118	-0.495924	-0.067027	-2.7006	-0.0370635	-0.0394022	-2.59224	-1.43172	-0.143908	-2.59416	-0.659831	-0.119109	-2.52182	-0.31507	-0.0745388	-2.73665	-0.046098	0.0197605	-2.5709	-0.501055	0.231326	-2.58432	-1.41918	0.263422	-2.56978	-0.644739	0.277333	-2.53737	-0.319457	0.236039	-2.74364	-0.0474219	0.148707
585	8.09317	-2.68372	-1.39019	0.0444449	-2.51924	-0.079785	-0.024849	-2.4626	-0.0495462	0.0312005	-2.55126	-0.49593	-0.0671839	-2.7006	-0.0370625	-0.0394232	-2.59226	-1.43161	-0.144203	-2.5943	-0.659832	-0.119141	-2.52183	-0.315053	-0.0746307	-2.73665	-0.0459737	0.0200211	-2.57102	-0.501083	0.231244	-2.58423	-1.41925	0.263125	-2.56987	-0.644763	0.277271	-2.53744	-0.319483	0.235958	-2.74368	-0.0474036	0.148724
586	8.10316	-2.68375	-1.39028	0.0442335	-2.51918	-0.0797175	-0.024813	-2.4626	-0.0495572	0.0312364	-2.55132	-0.495932	-0.0673413	-2.70061	-0.0370367	-0.0394093	-2.59232	-1.4315	-0.144495	-2.59443	-0.659811	-0.119126	-2.52183	-0.31503	-0.0747272	-2.73666	-0.0460205	0.0198764	-2.57109	-0.501107	0.231159	-2.58412	-1.41934	0.262819	-2.56994	-0.644775	0.277191	-2.53749	-0.319524	0.235873	-2.74372	-0.0473946	0.148754
587	8.11315	-2.68377	-1.39039	0.0440176	-2.51915	-0.079693	-0.0247772	-2.46259	-0.049559	0.0312435	-2.55136	-0.495928	-0.0674871	-2.7006	-0.0370228	-0.0394099	-2.5924	-1.43134	-0.144768	-2.59455	-0.659766	-0.119102	-2.52182	-0.315004	-0.0748219	-2.73666	-0.0460088	0.019879	-2.57112	-0.501137	0.231057	-2.58401	-1.41946	0.262512	-2.57001	-0.644784	0.277084	-2.53749	-0.319559	0.235797	-2.74373	-0.0473935	0.148759
588	8.12313	-2.68379	-1.39051	0.0437948	-2.51914	-0.0797074	-0.0247748	-2.46258	-0.0495549	0.0312531	-2.55137	-0.495892	-0.067604	-2.70059	-0.0370195	-0.0394086	-2.59251	-1.43119	-0.145027	-2.59463	-0.659664	-0.119095	-2.52181	-0.31498	-0.0749068	-2.73667	-0.0459428	0.0200253	-2.57111	-0.501159	0.23094	-2.5839	-1.41958	0.26221	-2.57007	-0.644796	0.276965	-2.53747	-0.319608	0.235754	-2.74373	-0.0473962	0.148769
589	8.13312	-2.68384	-1.39065	0.0435921	-2.51914	-0.0797304	-0.0247676	-2.46259	-0.0495398	0.0312152	-2.55143	-0.495887	-0.0677298	-2.70058	-0.0370459	-0.0394164	-2.59262	-1.43106	-0.145257	-2.59468	-0.659516	-0.119103	-2.5218	-0.314957	-0.0749834	-2.73669	-0.0460129	0.0198805	-2.57109	-0.501184	0.230815	-2.58379	-1.41968	0.261916	-2.57013	-0.644824	0.276856	-2.53743	-0.31971	0.235817	-2.74373	-0.047408	0.148795
590	8.14311	-2.68391	-1.39078	0.0433844	-2.51913	-0.0797381	-0.0247796	-2.46259	-0.0495434	0.0312103	-2.55154	-0.495886	-0.0678794	-2.70059	-0.037052	-0.0393976	-2.59273	-1.43096	-0.145476	-2.59496	-0.65958	-0.119091	-2.52179	-0.314926	-0.0750701	-2.73667	-0.0460766	0.019779	-2.57106	-0.501226	0.230689	-2.58368	-1.41975	0.261637	-2.57018	-0.644853	0.276739	-2.53739	-0.319855	0.235951	-2.74372	-0.0474296	0.148819
591	8.1531	-2.68401	-1.39091	0.0431804	-2.51912	-0.0797209	-0.0248017	-2.46258	-0.0495646	0.0312153	-2.55166	-0.495871	-0.0680356	-2.70063	-0.0370537	-0.0394053	-2.59283	-1.43086	-0.145686	-2.5957	-0.660159	-0.119047	-2.52182	-0.314887	-0.0751787	-2.73667	-0.046038	0.0198878	-2.57103	-0.501284	0.230581	-2.5836	-1.41984	0.261361	-2.57021	-0.644884	0.276632	-2.53734	-0.319811	0.235668	-2.74372	-0.0474432	0.148848
592	8.16309	-2.68413	-1.39106	0.0429837	-2.51911	-0.079702	-0.0248133	-2.46257	-0.0495789	0.0312264	-2.55175	-0.495843	-0.0681627	-2.70063	-0.0370519	-0.0394304	-2.59294	-1.43078	-0.145902	-2.59574	-0.659979	-0.119095	-2.52185	-0.314842	-0.0752829	-2.73667	-0.045956	0.0200552	-2.57101	-0.50135	0.230481	-2.5835	-1.41994	0.261083	-2.57023	-0.644903	0.276496	-2.53732	-0.319767	0.235475	-2.74371	-0.0474466	0.148865
593	8.17308	-2.68425	-1.39121	0.0427759	-2.51911	-0.0796855	-0.0248213	-2.46257	-0.0495767	0.0311916	-2.55179	-0.495779	-0.0682096	-2.70062	-0.0370253	-0.0394133	-2.59309	-1.43071	-0.146126	-2.59128	-0.654839	-0.119649	-2.52189	-0.314804	-0.075368	-2.73668	-0.0460341	0.0198528	-2.57098	-0.5014	0.23039	-2.5834	-1.42004	0.260804	-2.57026	-0.644902	0.276315	-2.53727	-0.319792	0.235447	-2.74367	-0.0474488	0.14888
594	8.18306	-2.68438	-1.39137	0.0425416	-2.51914	-0.0796873	-0.0248341	-2.46257	-0.0495687	0.0311655	-2.55185	-0.495742	-0.0682871	-2.70061	-0.0370304	-0.0394483	-2.59325	-1.43066	-0.146346	-2.58185	-0.644229	-0.12077	-2.52194	-0.314789	-0.0754515	-2.73667	-0.0460869	0.0197165	-2.57095	-0.50144	0.230308	-2.58333	-1.42014	0.260526	-2.57031	-0.644914	0.276181	-2.53718	-0.319877	0.235527	-2.74363	-0.0474662	0.148907
595	8.19305	-2.68452	-1.39152	0.0423103	-2.51915	-0.0797031	-0.0248513	-2.46257	-0.0495607	0.0311828	-2.55193	-0.495713	-0.0683878	-2.70061	-0.0370295	-0.0394541	-2.59339	-1.43065	-0.146563	-2.58202	-0.644256	-0.12081	-2.52199	-0.314784	-0.0755325	-2.73667	-0.0460819	0.0197281	-2.57093	-0.501464	0.230223	-2.58331	-1.42023	0.260249	-2.57043	-0.644942	0.276061	-2.53713	-0.32	0.235668	-2.74361	-0.0474931	0.148948
596	8.20304	-2.68468	-1.39168	0.0420909	-2.51914	-0.0797055	-0.0248257	-2.46256	-0.0495705	0.0312128	-2.552	-0.495693	-0.0684915	-2.70062	-0.0370323	-0.0394471	-2.59352	-1.43067	-0.146788	-2.58808	-0.650818	-0.120168	-2.522	-0.314762	-0.0755925	-2.73667	-0.0460283	0.0198918	-2.57094	-0.50149	0.230137	-2.58327	-1.42029	0.259969	-2.57063	-0.644981	0.275942	-2.53716	-0.319946	0.235464	-2.74362	-0.0475214	0.148988
597	8.21303	-2.68485	-1.39187	0.0418519	-2.51912	-0.0796913	-0.0247825	-2.46256	-0.049568	0.0311689	-2.55204	-0.495682	-0.0685894	-2.70062	-0.0370166	-0.0394368	-2.59371	-1.43076	-0.147022	-2.58274	-0.644904	-0.120936	-2.52201	-0.314743	-0.0756345	-2.73669	-0.0459231	0.0201939	-2.57093	-0.501525	0.230036	-2.58325	-1.42034	0.259689	-2.5708	-0.645025	0.275811	-2.53717	-0.31997	0.235408	-2.74362	-0.0475293	0.149012
598	8.22302	-2.68504	-1.39209	0.0416159	-2.51911	-0.0796732	-0.0247735	-2.46257	-0.0495512	0.0311446	-2.55204	-0.495655	-0.0686837	-2.70061	-0.0370164	-0.0394579	-2.59391	-1.43086	-0.147221	-2.57862	-0.640354	-0.121529	-2.52201	-0.314719	-0.0756716	-2.73671	-0.0459225	0.020199	-2.5709	-0.501567	0.229924	-2.58323	-1.42039	0.259402	-2.57087	-0.645085	0.275684	-2.53713	-0.320139	0.235603	-2.74361	-0.0475224	0.149004
599	8.23301	-2.68522	-1.39233	0.0413971	-2.5191	-0.07964	-0.0247749	-2.46258	-0.0495351	0.0311748	-2.55199	-0.495621	-0.068799	-2.70061	-0.0370232	-0.0394802	-2.59395	-1.43093	-0.147406	-2.57795	-0.639675	-0.121674	-2.52195	-0.314675	-0.0757313	-2.73673	-0.0459792	0.0200398	-2.57086	-0.501616	0.2298	-2.58321	-1.42047	0.259121	-2.57088	-0.645143	0.27555	-2.53706	-0.320252	0.235661	-2.74362	-0.0475204	0.149005
600	8.24299	-2.68541	-1.39262	0.0411781	-2.51907	-0.0796127	-0.0247639	-2.46257	-0.0495283	0.0312064	-2.5519	-0.495599	-0.0689339	-2.7006	-0.0370186	-0.0394999	-2.59321	-1.43092	-0.147621	-2.57823	-0.640103	-0.121701	-2.52186	-0.314638	-0.0757986	-2.73671	-0.0459573	0.020082	-2.57079	-0.501679	0.229694	-2.58317	-1.42058	0.258858	-2.57088	-0.645212	0.275397	-2.53695	-0.320298	0.235599	-2.74362	-0.0475159	0.149026
601	8.25298	-2.68561	-1.39296	0.0409306	-2.51906	-0.0796095	-0.0247595	-2.46255	-0.0495347	0.0312082	-2.55179	-0.495603	-0.0690785	-2.70059	-0.0370038	-0.0395035	-2.5915	-1.43076	-0.147821	-2.57823	-0.640271	-0.121796	-2.52175	-0.314614	-0.0758747	-2.73671	-0.0460207	0.0198832	-2.57067	-0.501751	0.22962	-2.58311	-1.4207	0.258616	-2.57086	-0.645234	0.275285	-2.53677	-0.320333	0.235526	-2.74362	-0.0475164	0.149049
602	8.26297	-2.68582	-1.39332	0.0406765	-2.51904	-0.0796033	-0.024771	-2.46255	-0.0495397	0.0311787	-2.55165	-0.495591	-0.0692369	-2.70058	-0.037006	-0.0394944	-2.59113	-1.43091	-0.148093	-2.578	-0.640222	-0.12194	-2.52163	-0.314592	-0.0759747	-2.7367	-0.0460719	0.0197366	-2.5705	-0.501806	0.229581	-2.58305	-1.42083	0.258381	-2.57092	-0.645089	0.275294	-2.53657	-0.320374	0.235474	-2.74359	-0.0475298	0.149072
603	8.27296	-2.68603	-1.39365	0.040436	-2.51906	-0.0796367	-0.0248063	-2.46253	-0.0495268	0.031181	-2.55151	-0.495609	-0.0694339	-2.70057	-0.0369966	-0.0394952	-2.59192	-1.43133	-0.148443	-2.57774	-0.640181	-0.122085	-2.52151	-0.314569	-0.0760941	-2.73668	-0.0460821	0.0197393	-2.57026	-0.501847	0.229547	-2.58299	-1.42095	0.258141	-2.57102	-0.644849	0.275364	-2.53634	-0.320434	0.235448	-2.74354	-0.0475593	0.149105
604	8.28295	-2.68624	-1.39398	0.0401951	-2.51909	-0.0796888	-0.024857	-2.46252	-0.0495198	0.0311796	-2.55137	-0.49562	-0.0696398	-2.70056	-0.0369875	-0.039489	-2.59186	-1.43158	-0.148825	-2.57753	-0.640196	-0.12222	-2.52138	-0.314547	-0.0762126	-2.73666	-0.0460905	0.0197676	-2.56999	-0.501892	0.229517	-2.58292	-1.42105	0.257908	-2.57074	-0.645254	0.275143	-2.53608	-0.320507	0.235437	-2.74348	-0.0476084	0.149175
605	8.29294	-2.68645	-1.39431	0.0399412	-2.51899	-0.0795618	-0.0248621	-2.46251	-0.0495171	0.0311913	-2.55119	-0.495617	-0.0698377	-2.70054	-0.0369796	-0.0394929	-2.59289	-1.43199	-0.149174	-2.57736	-0.640236	-0.122367	-2.52124	-0.314513	-0.0763251	-2.73664	-0.0460938	0.0197374	-2.56969	-0.501943	0.229493	-2.58288	-1.42115	0.257689	-2.57056	-0.645537	0.275008	-2.53577	-0.320559	0.235393	-2.74342	-0.0476519	0.149234
606	8.30292	-2.68665	-1.39464	0.0396881	-2.519	-0.0795655	-0.0248832	-2.46249	-0.0495079	0.0312029	-2.55101	-0.495643	-0.0700215	-2.70053	-0.0369872	-0.0395129	-2.59338	-1.43231	-0.149481	-2.57718	-0.640249	-0.122519	-2.52109	-0.314472	-0.0764366	-2.73663	-0.0460936	0.0196749	-2.5694	-0.502011	0.229468	-2.58288	-1.42124	0.25748	-2.57052	-0.645643	0.274968	-2.53555	-0.320545	0.235248	-2.74336	-0.0476864	0.14927
607	8.31291	-2.68683	-1.39494	0.039436	-2.51908	-0.0796544	-0.0249215	-2.46247	-0.0495055	0.0312096	-2.55085	-0.495695	-0.0701975	-2.70054	-0.0370153	-0.0395602	-2.5934	-1.43252	-0.149766	-2.577	-0.640283	-0.1227	-2.52091	-0.314437	-0.0765374	-2.7366	-0.046102	0.0196504	-2.56913	-0.502082	0.229436	-2.58291	-1.42131	0.257267	-2.57054	-0.64571	0.274947	-2.5354	-0.32051	0.235074	-2.74331	-0.0477091	0.149308
608	8.3229	-2.68699	-1.3952	0.0391836	-2.51901	-0.0796158	-0.02492	-2.46246	-0.0494897	0.0311562	-2.55068	-0.495745	-0.0703457	-2.70054	-0.0370093	-0.0395773	-2.59328	-1.43271	-0.15004	-2.57683	-0.640315	-0.122886	-2.52071	-0.314387	-0.0766357	-2.73657	-0.0460657	0.0197701	-2.5689	-0.502146	0.229409	-2.58297	-1.42135	0.257056	-2.57057	-0.645801	0.27491	-2.53521	-0.320621	0.235245	-2.74326	-0.0477279	0.149333
609	8.33289	-2.68712	-1.39544	0.0389583	-2.51905	-0.0796917	-0.0249478	-2.46246	-0.0494777	0.0311367	-2.55047	-0.495743	-0.0704711	-2.70052	-0.0370114	-0.0396038	-2.59316	-1.43291	-0.150303	-2.57667	-0.640329	-0.123047	-2.5205	-0.314333	-0.0767378	-2.73654	-0.0459362	0.0200847	-2.56872	-0.502206	0.229385	-2.58304	-1.42139	0.256841	-2.57063	-0.645893	0.274872	-2.53505	-0.320719	0.23536	-2.74322	-0.0477462	0.149346
610	8.34288	-2.68723	-1.39562	0.0387436	-2.51904	-0.0797019	-0.0249731	-2.46246	-0.0494653	0.031143	-2.55023	-0.495707	-0.0705948	-2.70051	-0.0370017	-0.039619	-2.59297	-1.43303	-0.150537	-2.5765	-0.640307	-0.123187	-2.52033	-0.31429	-0.0768369	-2.73653	-0.0458756	0.0201792	-2.56859	-0.502262	0.229351	-2.58311	-1.42141	0.256628	-2.57072	-0.645952	0.274816	-2.53492	-0.320774	0.235375	-2.7432	-0.0477558	0.149368
611	8.35287	-2.68736	-1.39578	0.0385081	-2.51902	-0.0796844	-0.0249953	-2.46244	-0.0494581	0.0311581	-2.55003	-0.495672	-0.0707221	-2.70051	-0.0369942	-0.0396207	-2.59276	-1.43315	-0.150714	-2.57636	-0.640292	-0.123325	-2.52019	-0.314264	-0.0769373	-2.73654	-0.0458761	0.0201652	-2.56853	-0.502305	0.229297	-2.58321	-1.42142	0.256424	-2.57082	-0.645994	0.274739	-2.53483	-0.320812	0.235321	-2.74318	-0.0477655	0.149401
612	8.36285	-2.68749	-1.39595	0.0382506	-2.51904	-0.0797353	-0.0250001	-2.46242	-0.0494555	0.0311692	-2.54985	-0.495619	-0.0708573	-2.7005	-0.037	-0.0396349	-2.59256	-1.43332	-0.150892	-2.57623	-0.640291	-0.123459	-2.52009	-0.314261	-0.0770217	-2.73653	-0.0458976	0.0201289	-2.56851	-0.502341	0.22923	-2.58332	-1.42142	0.25623	-2.57092	-0.646043	0.274653	-2.53476	-0.320807	0.235148	-2.74317	-0.0477766	0.149419
613	8.37284	-2.68756	-1.3961	0.0379739	-2.51906	-0.0797913	-0.025008	-2.46241	-0.0494612	0.0312068	-2.54969	-0.495604	-0.0709908	-2.70049	-0.0370042	-0.0396446	-2.59235	-1.43354	-0.151116	-2.57615	-0.640287	-0.123586	-2.51999	-0.314263	-0.0770953	-2.73652	-0.045902	0.0201184	-2.5685	-0.502365	0.229152	-2.58344	-1.42142	0.256041	-2.57102	-0.646084	0.274561	-2.53473	-0.320775	0.23491	-2.74316	-0.0477955	0.149439
614	8.38283	-2.6876	-1.39624	0.0376792	-2.51902	-0.0797518	-0.0250092	-2.46242	-0.0494674	0.0312046	-2.54956	-0.495593	-0.0711199	-2.70048	-0.0370007	-0.0396479	-2.59204	-1.43372	-0.151355	-2.57608	-0.640284	-0.123654	-2.51992	-0.314266	-0.0771572	-2.73652	-0.0459088	0.0201309	-2.56852	-0.50238	0.229058	-2.58354	-1.42143	0.255874	-2.57111	-0.646115	0.274477	-2.53465	-0.320871	0.235001	-2.74316	-0.0478122	0.149468
615	8.39282	-2.68765	-1.39636	0.0373821	-2.519	-0.0797425	-0.0250182	-2.46242	-0.0494707	0.0312248	-2.54945	-0.495571	-0.0712307	-2.70048	-0.03699	-0.0396663	-2.59167	-1.43386	-0.151601	-2.57597	-0.640314	-0.123601	-2.51985	-0.314257	-0.0772182	-2.73652	-0.045916	0.0201369	-2.56853	-0.502394	0.228969	-2.58364	-1.42144	0.255727	-2.5712	-0.646142	0.274393	-2.53461	-0.320945	0.235061	-2.74315	-0.0478214	0.149497
616	8.40281	-2.6877	-1.39651	0.0371079	-2.51905	-0.0797849	-0.0250206	-2.4624	-0.0494782	0.0312482	-2.54937	-0.49556	-0.0713428	-2.70048	-0.0369588	-0.0396706	-2.59129	-1.43401	-0.151851	-2.57587	-0.640435	-0.123547	-2.51981	-0.314251	-0.0772816	-2.73653	-0.0459228	0.0201426	-2.56855	-0.502407	0.228883	-2.58373	-1.42147	0.255601	-2.57126	-0.646185	0.274295	-2.53456	-0.321	0.235039	-2.74314	-0.047841	0.149531
617	8.4128	-2.68775	-1.39669	0.0368341	-2.51905	-0.0797762	-0.0250239	-2.46239	-0.0494883	0.0312784	-2.5493	-0.495542	-0.0714434	-2.70049	-0.0369581	-0.0396845	-2.59089	-1.43417	-0.152121	-2.57586	-0.640514	-0.123691	-2.51979	-0.314244	-0.0773541	-2.73655	-0.0459206	0.0201721	-2.56857	-0.502444	0.228807	-2.58383	-1.42149	0.255483	-2.57132	-0.646251	0.274221	-2.53453	-0.321047	0.235012	-2.74312	-0.0478655	0.149569
618	8.42278	-2.68782	-1.39689	0.0365544	-2.51905	-0.079793	-0.025031	-2.46241	-0.0494796	0.031228	-2.54928	-0.495547	-0.0715526	-2.70049	-0.0369672	-0.0397293	-2.59046	-1.43432	-0.152377	-2.57582	-0.640512	-0.123873	-2.51976	-0.314224	-0.0774159	-2.73658	-0.0458919	0.0201827	-2.5686	-0.502486	0.228729	-2.58394	-1.42152	0.25537	-2.57138	-0.646321	0.274191	-2.53454	-0.321095	0.234964	-2.7431	-0.04787	0.149582
619	8.43277	-2.6879	-1.39711	0.0363001	-2.519	-0.0797598	-0.025003	-2.46244	-0.04948	0.0312018	-2.54922	-0.495511	-0.0716383	-2.70049	-0.0369661	-0.039774	-2.59005	-1.43448	-0.152633	-2.57576	-0.640505	-0.124018	-2.51974	-0.314215	-0.0774716	-2.7366	-0.0458971	0.0201275	-2.56863	-0.502508	0.228655	-2.58411	-1.42159	0.255262	-2.57145	-0.646394	0.274184	-2.53459	-0.32109	0.234815	-2.74308	-0.0478773	0.149599
620	8.44276	-2.68801	-1.39735	0.0360423	-2.51881	-0.0795545	-0.0249745	-2.46244	-0.0494943	0.031218	-2.5491	-0.495459	-0.0717243	-2.70049	-0.0369452	-0.0397797	-2.58966	-1.43466	-0.152886	-2.57568	-0.640518	-0.124122	-2.5197	-0.314216	-0.0775047	-2.73661	-0.0459063	0.0201243	-2.56868	-0.502532	0.228576	-2.58432	-1.42168	0.255156	-2.57154	-0.646449	0.274109	-2.53466	-0.321063	0.234622	-2.74308	-0.0479014	0.14964
621	8.45275	-2.68816	-1.3976	0.0357648	-2.51881	-0.0795743	-0.0250005	-2.46243	-0.0495046	0.0312256	-2.54898	-0.49542	-0.0717941	-2.70048	-0.0369371	-0.0397854	-2.58927	-1.43486	-0.153089	-2.57553	-0.640515	-0.124198	-2.51965	-0.314223	-0.0775312	-2.73664	-0.0458867	0.0201812	-2.56874	-0.502574	0.228521	-2.58454	-1.42177	0.255045	-2.57161	-0.646537	0.274122	-2.53466	-0.321173	0.234743	-2.74308	-0.0479308	0.149692
622	8.46274	-2.68834	-1.39784	0.0354855	-2.51889	-0.0796851	-0.024998	-2.46242	-0.0495211	0.0312486	-2.54892	-0.495413	-0.0718432	-2.70048	-0.0369388	-0.0397843	-2.58891	-1.43506	-0.15326	-2.57538	-0.640505	-0.124256	-2.51959	-0.314229	-0.077556	-2.73666	-0.0458791	0.0202305	-2.56877	-0.502606	0.228481	-2.58476	-1.42185	0.254933	-2.57168	-0.646588	0.274116	-2.53466	-0.32126	0.234813	-2.74307	-0.0479654	0.149731
623	8.47273	-2.68855	-1.39806	0.0352209	-2.5189	-0.0797024	-0.0249865	-2.46241	-0.0495373	0.0313011	-2.54889	-0.495425	-0.0719091	-2.70049	-0.0369357	-0.0397964	-2.58855	-1.43528	-0.153407	-2.57531	-0.64054	-0.124331	-2.51954	-0.314228	-0.0775939	-2.73668	-0.0458833	0.02023	-2.56878	-0.502627	0.228433	-2.58499	-1.42196	0.254833	-2.57174	-0.646627	0.274074	-2.53464	-0.321292	0.234805	-2.74305	-0.0479899	0.149769
624	8.48271	-2.68876	-1.39831	0.0349773	-2.51889	-0.0797105	-0.0249917	-2.46242	-0.0495402	0.031318	-2.54883	-0.495429	-0.0719877	-2.70048	-0.0369338	-0.0398446	-2.58822	-1.43551	-0.153522	-2.57538	-0.640672	-0.12441	-2.5195	-0.314214	-0.0776369	-2.7367	-0.0458941	0.0201971	-2.56876	-0.502663	0.228386	-2.58521	-1.42207	0.254734	-2.5718	-0.646649	0.273975	-2.53459	-0.321312	0.234791	-2.74301	-0.0480044	0.149801
625	8.4927	-2.68894	-1.39859	0.0347534	-2.51891	-0.0797412	-0.0250002	-2.46243	-0.04952	0.0312681	-2.54881	-0.495457	-0.0720641	-2.70048	-0.0369096	-0.0398481	-2.58795	-1.43573	-0.153659	-2.57557	-0.640927	-0.124484	-2.51945	-0.314213	-0.0776679	-2.73672	-0.0458995	0.0201814	-2.56871	-0.5027	0.228349	-2.58544	-1.42217	0.254627	-2.57186	-0.646632	0.273792	-2.53452	-0.321338	0.234797	-2.74296	-0.0480195	0.149835
626	8.50269	-2.68912	-1.39889	0.0345564	-2.51893	-0.0797757	-0.0250118	-2.46245	-0.0495174	0.0312148	-2.54872	-0.49548	-0.0721442	-2.70048	-0.036886	-0.0398309	-2.58771	-1.43597	-0.153807	-2.57544	-0.640933	-0.124536	-2.51938	-0.314204	-0.0777048	-2.73671	-0.0458797	0.0201882	-2.56862	-0.502718	0.228323	-2.58568	-1.42227	0.25452	-2.57192	-0.646646	0.273665	-2.53442	-0.321372	0.2348	-2.74292	-0.0480372	0.149868
627	8.51268	-2.68935	-1.39922	0.0343902	-2.51891	-0.0797728	-0.0250282	-2.46245	-0.0495257	0.0312182	-2.54862	-0.4955	-0.0722251	-2.70048	-0.0368909	-0.0398498	-2.58748	-1.4362	-0.153959	-2.57514	-0.640787	-0.124582	-2.51931	-0.314188	-0.0777471	-2.7367	-0.0458814	0.0202042	-2.56852	-0.502727	0.228306	-2.5859	-1.42236	0.254428	-2.57196	-0.646734	0.273671	-2.53432	-0.321385	0.234799	-2.7429	-0.0480518	0.149892
628	8.52267	-2.68958	-1.39958	0.0342724	-2.51887	-0.0797522	-0.025036	-2.46244	-0.0495292	0.0312286	-2.54855	-0.495506	-0.0723088	-2.70049	-0.0369054	-0.0398908	-2.58724	-1.4364	-0.154094	-2.57511	-0.640815	-0.124627	-2.51923	-0.314171	-0.0778015	-2.73668	-0.0459115	0.0202036	-2.56839	-0.502743	0.228307	-2.58612	-1.42247	0.254358	-2.572	-0.646828	0.27372	-2.53422	-0.32139	0.234803	-2.74289	-0.0480645	0.149912
629	8.53265	-2.68978	-1.39993	0.0341693	-2.51892	-0.0798573	-0.0250338	-2.46244	-0.0495162	0.0312303	-2.54846	-0.495539	-0.0723564	-2.70047	-0.036905	-0.0399024	-2.58701	-1.43658	-0.15421	-2.57471	-0.640588	-0.124702	-2.51915	-0.314144	-0.0778683	-2.73668	-0.0459204	0.0201916	-2.56821	-0.502763	0.228298	-2.58634	-1.42257	0.254302	-2.57207	-0.646803	0.273604	-2.5341	-0.321386	0.234817	-2.74287	-0.0480836	0.149933
